site_id,bit_index,result,taxonomy,exit_code,failure_kind,failure_signal,stdout,stderr,dump,metric_abs_max,metric_mean_abs,metric_rmse,metric_max_rel,metric_mean_rel,metric_p95_abs,metric_p99_abs,metric_num_bad,metric_frac_bad,metric_max_ulp,metric_mean_ulp,metric_ham_bits,metric_ham_bytes,metric_size_bytes
1,0,MASKED,MASKED_UNFLAGGED,,,,HeCBench/results/llvm17_inject/entropy/float/site1_bit0.out,,,,,,,,,,,,,,,,
1,1,MASKED,MASKED_UNFLAGGED,,,,HeCBench/results/llvm17_inject/entropy/float/site1_bit1.out,,,,,,,,,,,,,,,,
1,2,MASKED,MASKED_UNFLAGGED,,,,HeCBench/results/llvm17_inject/entropy/float/site1_bit2.out,,,,,,,,,,,,,,,,
1,3,MASKED,MASKED_UNFLAGGED,,,,HeCBench/results/llvm17_inject/entropy/float/site1_bit3.out,,,,,,,,,,,,,,,,
1,4,MASKED,MASKED_UNFLAGGED,,,,HeCBench/results/llvm17_inject/entropy/float/site1_bit4.out,,,,,,,,,,,,,,,,
1,5,MASKED,MASKED_UNFLAGGED,,,,HeCBench/results/llvm17_inject/entropy/float/site1_bit5.out,,,,,,,,,,,,,,,,
1,6,MASKED,MASKED_UNFLAGGED,,,,HeCBench/results/llvm17_inject/entropy/float/site1_bit6.out,,,,,,,,,,,,,,,,
1,7,MASKED,MASKED_UNFLAGGED,,,,HeCBench/results/llvm17_inject/entropy/float/site1_bit7.out,,,,,,,,,,,,,,,,
1,8,MASKED,MASKED_UNFLAGGED,,,,HeCBench/results/llvm17_inject/entropy/float/site1_bit8.out,,,,,,,,,,,,,,,,
1,9,MASKED,MASKED_UNFLAGGED,,,,HeCBench/results/llvm17_inject/entropy/float/site1_bit9.out,,,,,,,,,,,,,,,,
1,10,MASKED,MASKED_UNFLAGGED,,,,HeCBench/results/llvm17_inject/entropy/float/site1_bit10.out,,,,,,,,,,,,,,,,
1,11,MASKED,MASKED_UNFLAGGED,,,,HeCBench/results/llvm17_inject/entropy/float/site1_bit11.out,,,,,,,,,,,,,,,,
1,12,MASKED,MASKED_UNFLAGGED,,,,HeCBench/results/llvm17_inject/entropy/float/site1_bit12.out,,,,,,,,,,,,,,,,
1,13,MASKED,MASKED_UNFLAGGED,,,,HeCBench/results/llvm17_inject/entropy/float/site1_bit13.out,,,,,,,,,,,,,,,,
1,14,MASKED,MASKED_UNFLAGGED,,,,HeCBench/results/llvm17_inject/entropy/float/site1_bit14.out,,,,,,,,,,,,,,,,
1,15,MASKED,MASKED_UNFLAGGED,,,,HeCBench/results/llvm17_inject/entropy/float/site1_bit15.out,,,,,,,,,,,,,,,,
1,16,MASKED,MASKED_UNFLAGGED,,,,HeCBench/results/llvm17_inject/entropy/float/site1_bit16.out,,,,,,,,,,,,,,,,
1,17,MASKED,MASKED_UNFLAGGED,,,,HeCBench/results/llvm17_inject/entropy/float/site1_bit17.out,,,,,,,,,,,,,,,,
1,18,MASKED,MASKED_UNFLAGGED,,,,HeCBench/results/llvm17_inject/entropy/float/site1_bit18.out,,,,,,,,,,,,,,,,
1,19,MASKED,MASKED_UNFLAGGED,,,,HeCBench/results/llvm17_inject/entropy/float/site1_bit19.out,,,,,,,,,,,,,,,,
1,20,MASKED,MASKED_UNFLAGGED,,,,HeCBench/results/llvm17_inject/entropy/float/site1_bit20.out,,,,,,,,,,,,,,,,
1,21,MASKED,MASKED_UNFLAGGED,,,,HeCBench/results/llvm17_inject/entropy/float/site1_bit21.out,,,,,,,,,,,,,,,,
1,22,MASKED,MASKED_UNFLAGGED,,,,HeCBench/results/llvm17_inject/entropy/float/site1_bit22.out,,,,,,,,,,,,,,,,
1,23,MASKED,MASKED_UNFLAGGED,,,,HeCBench/results/llvm17_inject/entropy/float/site1_bit23.out,,,,,,,,,,,,,,,,
1,24,MASKED,MASKED_UNFLAGGED,,,,HeCBench/results/llvm17_inject/entropy/float/site1_bit24.out,,,,,,,,,,,,,,,,
1,25,MASKED,MASKED_UNFLAGGED,,,,HeCBench/results/llvm17_inject/entropy/float/site1_bit25.out,,,,,,,,,,,,,,,,
1,26,MASKED,MASKED_UNFLAGGED,,,,HeCBench/results/llvm17_inject/entropy/float/site1_bit26.out,,,,,,,,,,,,,,,,
1,27,MASKED,MASKED_UNFLAGGED,,,,HeCBench/results/llvm17_inject/entropy/float/site1_bit27.out,,,,,,,,,,,,,,,,
1,28,MASKED,MASKED_UNFLAGGED,,,,HeCBench/results/llvm17_inject/entropy/float/site1_bit28.out,,,,,,,,,,,,,,,,
1,29,MASKED,MASKED_UNFLAGGED,,,,HeCBench/results/llvm17_inject/entropy/float/site1_bit29.out,,,,,,,,,,,,,,,,
1,30,MASKED,MASKED_UNFLAGGED,,,,HeCBench/results/llvm17_inject/entropy/float/site1_bit30.out,,,,,,,,,,,,,,,,
1,31,SDC,SDC_FLAGGED,0,kernel_reported_fail,,HeCBench/results/llvm17_inject/entropy/float/site1_bit31.out,,,,,,,,,,,,,,,,
2,0,MASKED,MASKED_UNFLAGGED,,,,HeCBench/results/llvm17_inject/entropy/float/site2_bit0.out,,,,,,,,,,,,,,,,
2,1,MASKED,MASKED_UNFLAGGED,,,,HeCBench/results/llvm17_inject/entropy/float/site2_bit1.out,,,,,,,,,,,,,,,,
2,2,MASKED,MASKED_UNFLAGGED,,,,HeCBench/results/llvm17_inject/entropy/float/site2_bit2.out,,,,,,,,,,,,,,,,
2,3,MASKED,MASKED_UNFLAGGED,,,,HeCBench/results/llvm17_inject/entropy/float/site2_bit3.out,,,,,,,,,,,,,,,,
2,4,MASKED,MASKED_UNFLAGGED,,,,HeCBench/results/llvm17_inject/entropy/float/site2_bit4.out,,,,,,,,,,,,,,,,
2,5,MASKED,MASKED_UNFLAGGED,,,,HeCBench/results/llvm17_inject/entropy/float/site2_bit5.out,,,,,,,,,,,,,,,,
2,6,MASKED,MASKED_UNFLAGGED,,,,HeCBench/results/llvm17_inject/entropy/float/site2_bit6.out,,,,,,,,,,,,,,,,
2,7,MASKED,MASKED_UNFLAGGED,,,,HeCBench/results/llvm17_inject/entropy/float/site2_bit7.out,,,,,,,,,,,,,,,,
2,8,MASKED,MASKED_UNFLAGGED,,,,HeCBench/results/llvm17_inject/entropy/float/site2_bit8.out,,,,,,,,,,,,,,,,
2,9,MASKED,MASKED_UNFLAGGED,,,,HeCBench/results/llvm17_inject/entropy/float/site2_bit9.out,,,,,,,,,,,,,,,,
2,10,MASKED,MASKED_UNFLAGGED,,,,HeCBench/results/llvm17_inject/entropy/float/site2_bit10.out,,,,,,,,,,,,,,,,
2,11,MASKED,MASKED_UNFLAGGED,,,,HeCBench/results/llvm17_inject/entropy/float/site2_bit11.out,,,,,,,,,,,,,,,,
2,12,MASKED,MASKED_UNFLAGGED,,,,HeCBench/results/llvm17_inject/entropy/float/site2_bit12.out,,,,,,,,,,,,,,,,
2,13,MASKED,MASKED_UNFLAGGED,,,,HeCBench/results/llvm17_inject/entropy/float/site2_bit13.out,,,,,,,,,,,,,,,,
2,14,MASKED,MASKED_UNFLAGGED,,,,HeCBench/results/llvm17_inject/entropy/float/site2_bit14.out,,,,,,,,,,,,,,,,
2,15,MASKED,MASKED_UNFLAGGED,,,,HeCBench/results/llvm17_inject/entropy/float/site2_bit15.out,,,,,,,,,,,,,,,,
2,16,MASKED,MASKED_UNFLAGGED,,,,HeCBench/results/llvm17_inject/entropy/float/site2_bit16.out,,,,,,,,,,,,,,,,
2,17,MASKED,MASKED_UNFLAGGED,,,,HeCBench/results/llvm17_inject/entropy/float/site2_bit17.out,,,,,,,,,,,,,,,,
2,18,MASKED,MASKED_UNFLAGGED,,,,HeCBench/results/llvm17_inject/entropy/float/site2_bit18.out,,,,,,,,,,,,,,,,
2,19,MASKED,MASKED_UNFLAGGED,,,,HeCBench/results/llvm17_inject/entropy/float/site2_bit19.out,,,,,,,,,,,,,,,,
2,20,MASKED,MASKED_UNFLAGGED,,,,HeCBench/results/llvm17_inject/entropy/float/site2_bit20.out,,,,,,,,,,,,,,,,
2,21,MASKED,MASKED_UNFLAGGED,,,,HeCBench/results/llvm17_inject/entropy/float/site2_bit21.out,,,,,,,,,,,,,,,,
2,22,MASKED,MASKED_UNFLAGGED,,,,HeCBench/results/llvm17_inject/entropy/float/site2_bit22.out,,,,,,,,,,,,,,,,
2,23,MASKED,MASKED_UNFLAGGED,,,,HeCBench/results/llvm17_inject/entropy/float/site2_bit23.out,,,,,,,,,,,,,,,,
2,24,MASKED,MASKED_UNFLAGGED,,,,HeCBench/results/llvm17_inject/entropy/float/site2_bit24.out,,,,,,,,,,,,,,,,
2,25,MASKED,MASKED_UNFLAGGED,,,,HeCBench/results/llvm17_inject/entropy/float/site2_bit25.out,,,,,,,,,,,,,,,,
2,26,MASKED,MASKED_UNFLAGGED,,,,HeCBench/results/llvm17_inject/entropy/float/site2_bit26.out,,,,,,,,,,,,,,,,
2,27,SDC,SDC_FLAGGED,0,kernel_reported_fail,,HeCBench/results/llvm17_inject/entropy/float/site2_bit27.out,,,,,,,,,,,,,,,,
2,28,MASKED,MASKED_UNFLAGGED,,,,HeCBench/results/llvm17_inject/entropy/float/site2_bit28.out,,,,,,,,,,,,,,,,
2,29,MASKED,MASKED_UNFLAGGED,,,,HeCBench/results/llvm17_inject/entropy/float/site2_bit29.out,,,,,,,,,,,,,,,,
2,30,MASKED,MASKED_UNFLAGGED,,,,HeCBench/results/llvm17_inject/entropy/float/site2_bit30.out,,,,,,,,,,,,,,,,
2,31,MASKED,MASKED_UNFLAGGED,,,,HeCBench/results/llvm17_inject/entropy/float/site2_bit31.out,,,,,,,,,,,,,,,,
3,0,MASKED,MASKED_UNFLAGGED,,,,HeCBench/results/llvm17_inject/entropy/float/site3_bit0.out,,,,,,,,,,,,,,,,
3,1,MASKED,MASKED_UNFLAGGED,,,,HeCBench/results/llvm17_inject/entropy/float/site3_bit1.out,,,,,,,,,,,,,,,,
3,2,MASKED,MASKED_UNFLAGGED,,,,HeCBench/results/llvm17_inject/entropy/float/site3_bit2.out,,,,,,,,,,,,,,,,
3,3,MASKED,MASKED_UNFLAGGED,,,,HeCBench/results/llvm17_inject/entropy/float/site3_bit3.out,,,,,,,,,,,,,,,,
3,4,MASKED,MASKED_UNFLAGGED,,,,HeCBench/results/llvm17_inject/entropy/float/site3_bit4.out,,,,,,,,,,,,,,,,
3,5,MASKED,MASKED_UNFLAGGED,,,,HeCBench/results/llvm17_inject/entropy/float/site3_bit5.out,,,,,,,,,,,,,,,,
3,6,MASKED,MASKED_UNFLAGGED,,,,HeCBench/results/llvm17_inject/entropy/float/site3_bit6.out,,,,,,,,,,,,,,,,
3,7,MASKED,MASKED_UNFLAGGED,,,,HeCBench/results/llvm17_inject/entropy/float/site3_bit7.out,,,,,,,,,,,,,,,,
3,8,MASKED,MASKED_UNFLAGGED,,,,HeCBench/results/llvm17_inject/entropy/float/site3_bit8.out,,,,,,,,,,,,,,,,
3,9,MASKED,MASKED_UNFLAGGED,,,,HeCBench/results/llvm17_inject/entropy/float/site3_bit9.out,,,,,,,,,,,,,,,,
3,10,MASKED,MASKED_UNFLAGGED,,,,HeCBench/results/llvm17_inject/entropy/float/site3_bit10.out,,,,,,,,,,,,,,,,
3,11,MASKED,MASKED_UNFLAGGED,,,,HeCBench/results/llvm17_inject/entropy/float/site3_bit11.out,,,,,,,,,,,,,,,,
3,12,MASKED,MASKED_UNFLAGGED,,,,HeCBench/results/llvm17_inject/entropy/float/site3_bit12.out,,,,,,,,,,,,,,,,
3,13,MASKED,MASKED_UNFLAGGED,,,,HeCBench/results/llvm17_inject/entropy/float/site3_bit13.out,,,,,,,,,,,,,,,,
3,14,MASKED,MASKED_UNFLAGGED,,,,HeCBench/results/llvm17_inject/entropy/float/site3_bit14.out,,,,,,,,,,,,,,,,
3,15,MASKED,MASKED_UNFLAGGED,,,,HeCBench/results/llvm17_inject/entropy/float/site3_bit15.out,,,,,,,,,,,,,,,,
3,16,MASKED,MASKED_UNFLAGGED,,,,HeCBench/results/llvm17_inject/entropy/float/site3_bit16.out,,,,,,,,,,,,,,,,
3,17,MASKED,MASKED_UNFLAGGED,,,,HeCBench/results/llvm17_inject/entropy/float/site3_bit17.out,,,,,,,,,,,,,,,,
3,18,MASKED,MASKED_UNFLAGGED,,,,HeCBench/results/llvm17_inject/entropy/float/site3_bit18.out,,,,,,,,,,,,,,,,
3,19,MASKED,MASKED_UNFLAGGED,,,,HeCBench/results/llvm17_inject/entropy/float/site3_bit19.out,,,,,,,,,,,,,,,,
3,20,MASKED,MASKED_UNFLAGGED,,,,HeCBench/results/llvm17_inject/entropy/float/site3_bit20.out,,,,,,,,,,,,,,,,
3,21,MASKED,MASKED_UNFLAGGED,,,,HeCBench/results/llvm17_inject/entropy/float/site3_bit21.out,,,,,,,,,,,,,,,,
3,22,MASKED,MASKED_UNFLAGGED,,,,HeCBench/results/llvm17_inject/entropy/float/site3_bit22.out,,,,,,,,,,,,,,,,
3,23,MASKED,MASKED_UNFLAGGED,,,,HeCBench/results/llvm17_inject/entropy/float/site3_bit23.out,,,,,,,,,,,,,,,,
3,24,SDC,SDC_FLAGGED,0,kernel_reported_fail,,HeCBench/results/llvm17_inject/entropy/float/site3_bit24.out,,,,,,,,,,,,,,,,
3,25,SDC,SDC_FLAGGED,0,kernel_reported_fail,,HeCBench/results/llvm17_inject/entropy/float/site3_bit25.out,,,,,,,,,,,,,,,,
3,26,SDC,SDC_FLAGGED,0,kernel_reported_fail,,HeCBench/results/llvm17_inject/entropy/float/site3_bit26.out,,,,,,,,,,,,,,,,
3,27,SDC,SDC_FLAGGED,0,kernel_reported_fail,,HeCBench/results/llvm17_inject/entropy/float/site3_bit27.out,,,,,,,,,,,,,,,,
3,28,SDC,SDC_FLAGGED,0,kernel_reported_fail,,HeCBench/results/llvm17_inject/entropy/float/site3_bit28.out,,,,,,,,,,,,,,,,
3,29,SDC,SDC_FLAGGED,0,kernel_reported_fail,,HeCBench/results/llvm17_inject/entropy/float/site3_bit29.out,,,,,,,,,,,,,,,,
3,30,SDC,SDC_FLAGGED,0,kernel_reported_fail,,HeCBench/results/llvm17_inject/entropy/float/site3_bit30.out,,,,,,,,,,,,,,,,
3,31,SDC,SDC_FLAGGED,0,kernel_reported_fail,,HeCBench/results/llvm17_inject/entropy/float/site3_bit31.out,,,,,,,,,,,,,,,,
6,0,MASKED,MASKED_UNFLAGGED,,,,HeCBench/results/llvm17_inject/entropy/float/site6_bit0.out,,,,,,,,,,,,,,,,
9,0,MASKED,MASKED_UNFLAGGED,,,,HeCBench/results/llvm17_inject/entropy/float/site9_bit0.out,,,,,,,,,,,,,,,,
9,1,MASKED,MASKED_UNFLAGGED,,,,HeCBench/results/llvm17_inject/entropy/float/site9_bit1.out,,,,,,,,,,,,,,,,
9,2,MASKED,MASKED_UNFLAGGED,,,,HeCBench/results/llvm17_inject/entropy/float/site9_bit2.out,,,,,,,,,,,,,,,,
9,3,MASKED,MASKED_UNFLAGGED,,,,HeCBench/results/llvm17_inject/entropy/float/site9_bit3.out,,,,,,,,,,,,,,,,
9,4,MASKED,MASKED_UNFLAGGED,,,,HeCBench/results/llvm17_inject/entropy/float/site9_bit4.out,,,,,,,,,,,,,,,,
9,5,MASKED,MASKED_UNFLAGGED,,,,HeCBench/results/llvm17_inject/entropy/float/site9_bit5.out,,,,,,,,,,,,,,,,
9,6,MASKED,MASKED_UNFLAGGED,,,,HeCBench/results/llvm17_inject/entropy/float/site9_bit6.out,,,,,,,,,,,,,,,,
9,7,MASKED,MASKED_UNFLAGGED,,,,HeCBench/results/llvm17_inject/entropy/float/site9_bit7.out,,,,,,,,,,,,,,,,
9,8,MASKED,MASKED_UNFLAGGED,,,,HeCBench/results/llvm17_inject/entropy/float/site9_bit8.out,,,,,,,,,,,,,,,,
9,9,MASKED,MASKED_UNFLAGGED,,,,HeCBench/results/llvm17_inject/entropy/float/site9_bit9.out,,,,,,,,,,,,,,,,
9,10,MASKED,MASKED_UNFLAGGED,,,,HeCBench/results/llvm17_inject/entropy/float/site9_bit10.out,,,,,,,,,,,,,,,,
9,11,MASKED,MASKED_UNFLAGGED,,,,HeCBench/results/llvm17_inject/entropy/float/site9_bit11.out,,,,,,,,,,,,,,,,
9,12,MASKED,MASKED_UNFLAGGED,,,,HeCBench/results/llvm17_inject/entropy/float/site9_bit12.out,,,,,,,,,,,,,,,,
9,13,MASKED,MASKED_UNFLAGGED,,,,HeCBench/results/llvm17_inject/entropy/float/site9_bit13.out,,,,,,,,,,,,,,,,
9,14,MASKED,MASKED_UNFLAGGED,,,,HeCBench/results/llvm17_inject/entropy/float/site9_bit14.out,,,,,,,,,,,,,,,,
9,15,MASKED,MASKED_UNFLAGGED,,,,HeCBench/results/llvm17_inject/entropy/float/site9_bit15.out,,,,,,,,,,,,,,,,
9,16,MASKED,MASKED_UNFLAGGED,,,,HeCBench/results/llvm17_inject/entropy/float/site9_bit16.out,,,,,,,,,,,,,,,,
9,17,MASKED,MASKED_UNFLAGGED,,,,HeCBench/results/llvm17_inject/entropy/float/site9_bit17.out,,,,,,,,,,,,,,,,
9,18,MASKED,MASKED_UNFLAGGED,,,,HeCBench/results/llvm17_inject/entropy/float/site9_bit18.out,,,,,,,,,,,,,,,,
9,19,MASKED,MASKED_UNFLAGGED,,,,HeCBench/results/llvm17_inject/entropy/float/site9_bit19.out,,,,,,,,,,,,,,,,
9,20,MASKED,MASKED_UNFLAGGED,,,,HeCBench/results/llvm17_inject/entropy/float/site9_bit20.out,,,,,,,,,,,,,,,,
9,21,MASKED,MASKED_UNFLAGGED,,,,HeCBench/results/llvm17_inject/entropy/float/site9_bit21.out,,,,,,,,,,,,,,,,
9,22,MASKED,MASKED_UNFLAGGED,,,,HeCBench/results/llvm17_inject/entropy/float/site9_bit22.out,,,,,,,,,,,,,,,,
9,23,MASKED,MASKED_UNFLAGGED,,,,HeCBench/results/llvm17_inject/entropy/float/site9_bit23.out,,,,,,,,,,,,,,,,
9,24,MASKED,MASKED_UNFLAGGED,,,,HeCBench/results/llvm17_inject/entropy/float/site9_bit24.out,,,,,,,,,,,,,,,,
9,25,MASKED,MASKED_UNFLAGGED,,,,HeCBench/results/llvm17_inject/entropy/float/site9_bit25.out,,,,,,,,,,,,,,,,
9,26,MASKED,MASKED_UNFLAGGED,,,,HeCBench/results/llvm17_inject/entropy/float/site9_bit26.out,,,,,,,,,,,,,,,,
9,27,MASKED,MASKED_UNFLAGGED,,,,HeCBench/results/llvm17_inject/entropy/float/site9_bit27.out,,,,,,,,,,,,,,,,
9,28,MASKED,MASKED_UNFLAGGED,,,,HeCBench/results/llvm17_inject/entropy/float/site9_bit28.out,,,,,,,,,,,,,,,,
9,29,MASKED,MASKED_UNFLAGGED,,,,HeCBench/results/llvm17_inject/entropy/float/site9_bit29.out,,,,,,,,,,,,,,,,
9,30,MASKED,MASKED_UNFLAGGED,,,,HeCBench/results/llvm17_inject/entropy/float/site9_bit30.out,,,,,,,,,,,,,,,,
9,31,MASKED,MASKED_UNFLAGGED,,,,HeCBench/results/llvm17_inject/entropy/float/site9_bit31.out,,,,,,,,,,,,,,,,
12,0,MASKED,MASKED_UNFLAGGED,,,,HeCBench/results/llvm17_inject/entropy/float/site12_bit0.out,,,,,,,,,,,,,,,,
15,0,MASKED,MASKED_UNFLAGGED,,,,HeCBench/results/llvm17_inject/entropy/float/site15_bit0.out,,,,,,,,,,,,,,,,
15,1,MASKED,MASKED_UNFLAGGED,,,,HeCBench/results/llvm17_inject/entropy/float/site15_bit1.out,,,,,,,,,,,,,,,,
15,2,MASKED,MASKED_UNFLAGGED,,,,HeCBench/results/llvm17_inject/entropy/float/site15_bit2.out,,,,,,,,,,,,,,,,
15,3,MASKED,MASKED_UNFLAGGED,,,,HeCBench/results/llvm17_inject/entropy/float/site15_bit3.out,,,,,,,,,,,,,,,,
15,4,MASKED,MASKED_UNFLAGGED,,,,HeCBench/results/llvm17_inject/entropy/float/site15_bit4.out,,,,,,,,,,,,,,,,
15,5,MASKED,MASKED_UNFLAGGED,,,,HeCBench/results/llvm17_inject/entropy/float/site15_bit5.out,,,,,,,,,,,,,,,,
15,6,MASKED,MASKED_UNFLAGGED,,,,HeCBench/results/llvm17_inject/entropy/float/site15_bit6.out,,,,,,,,,,,,,,,,
15,7,MASKED,MASKED_UNFLAGGED,,,,HeCBench/results/llvm17_inject/entropy/float/site15_bit7.out,,,,,,,,,,,,,,,,
15,8,MASKED,MASKED_UNFLAGGED,,,,HeCBench/results/llvm17_inject/entropy/float/site15_bit8.out,,,,,,,,,,,,,,,,
15,9,MASKED,MASKED_UNFLAGGED,,,,HeCBench/results/llvm17_inject/entropy/float/site15_bit9.out,,,,,,,,,,,,,,,,
15,10,MASKED,MASKED_UNFLAGGED,,,,HeCBench/results/llvm17_inject/entropy/float/site15_bit10.out,,,,,,,,,,,,,,,,
15,11,MASKED,MASKED_UNFLAGGED,,,,HeCBench/results/llvm17_inject/entropy/float/site15_bit11.out,,,,,,,,,,,,,,,,
15,12,MASKED,MASKED_UNFLAGGED,,,,HeCBench/results/llvm17_inject/entropy/float/site15_bit12.out,,,,,,,,,,,,,,,,
15,13,MASKED,MASKED_UNFLAGGED,,,,HeCBench/results/llvm17_inject/entropy/float/site15_bit13.out,,,,,,,,,,,,,,,,
15,14,MASKED,MASKED_UNFLAGGED,,,,HeCBench/results/llvm17_inject/entropy/float/site15_bit14.out,,,,,,,,,,,,,,,,
15,15,MASKED,MASKED_UNFLAGGED,,,,HeCBench/results/llvm17_inject/entropy/float/site15_bit15.out,,,,,,,,,,,,,,,,
15,16,MASKED,MASKED_UNFLAGGED,,,,HeCBench/results/llvm17_inject/entropy/float/site15_bit16.out,,,,,,,,,,,,,,,,
15,17,MASKED,MASKED_UNFLAGGED,,,,HeCBench/results/llvm17_inject/entropy/float/site15_bit17.out,,,,,,,,,,,,,,,,
15,18,MASKED,MASKED_UNFLAGGED,,,,HeCBench/results/llvm17_inject/entropy/float/site15_bit18.out,,,,,,,,,,,,,,,,
15,19,MASKED,MASKED_UNFLAGGED,,,,HeCBench/results/llvm17_inject/entropy/float/site15_bit19.out,,,,,,,,,,,,,,,,
15,20,MASKED,MASKED_UNFLAGGED,,,,HeCBench/results/llvm17_inject/entropy/float/site15_bit20.out,,,,,,,,,,,,,,,,
15,21,MASKED,MASKED_UNFLAGGED,,,,HeCBench/results/llvm17_inject/entropy/float/site15_bit21.out,,,,,,,,,,,,,,,,
15,22,MASKED,MASKED_UNFLAGGED,,,,HeCBench/results/llvm17_inject/entropy/float/site15_bit22.out,,,,,,,,,,,,,,,,
15,23,MASKED,MASKED_UNFLAGGED,,,,HeCBench/results/llvm17_inject/entropy/float/site15_bit23.out,,,,,,,,,,,,,,,,
15,24,MASKED,MASKED_UNFLAGGED,,,,HeCBench/results/llvm17_inject/entropy/float/site15_bit24.out,,,,,,,,,,,,,,,,
15,25,MASKED,MASKED_UNFLAGGED,,,,HeCBench/results/llvm17_inject/entropy/float/site15_bit25.out,,,,,,,,,,,,,,,,
15,26,MASKED,MASKED_UNFLAGGED,,,,HeCBench/results/llvm17_inject/entropy/float/site15_bit26.out,,,,,,,,,,,,,,,,
15,27,MASKED,MASKED_UNFLAGGED,,,,HeCBench/results/llvm17_inject/entropy/float/site15_bit27.out,,,,,,,,,,,,,,,,
15,28,MASKED,MASKED_UNFLAGGED,,,,HeCBench/results/llvm17_inject/entropy/float/site15_bit28.out,,,,,,,,,,,,,,,,
15,29,MASKED,MASKED_UNFLAGGED,,,,HeCBench/results/llvm17_inject/entropy/float/site15_bit29.out,,,,,,,,,,,,,,,,
15,30,MASKED,MASKED_UNFLAGGED,,,,HeCBench/results/llvm17_inject/entropy/float/site15_bit30.out,,,,,,,,,,,,,,,,
15,31,MASKED,MASKED_UNFLAGGED,,,,HeCBench/results/llvm17_inject/entropy/float/site15_bit31.out,,,,,,,,,,,,,,,,
16,0,MASKED,MASKED_UNFLAGGED,,,,HeCBench/results/llvm17_inject/entropy/float/site16_bit0.out,,,,,,,,,,,,,,,,
16,1,MASKED,MASKED_UNFLAGGED,,,,HeCBench/results/llvm17_inject/entropy/float/site16_bit1.out,,,,,,,,,,,,,,,,
16,2,MASKED,MASKED_UNFLAGGED,,,,HeCBench/results/llvm17_inject/entropy/float/site16_bit2.out,,,,,,,,,,,,,,,,
16,3,MASKED,MASKED_UNFLAGGED,,,,HeCBench/results/llvm17_inject/entropy/float/site16_bit3.out,,,,,,,,,,,,,,,,
16,4,MASKED,MASKED_UNFLAGGED,,,,HeCBench/results/llvm17_inject/entropy/float/site16_bit4.out,,,,,,,,,,,,,,,,
16,5,MASKED,MASKED_UNFLAGGED,,,,HeCBench/results/llvm17_inject/entropy/float/site16_bit5.out,,,,,,,,,,,,,,,,
16,6,MASKED,MASKED_UNFLAGGED,,,,HeCBench/results/llvm17_inject/entropy/float/site16_bit6.out,,,,,,,,,,,,,,,,
16,7,MASKED,MASKED_UNFLAGGED,,,,HeCBench/results/llvm17_inject/entropy/float/site16_bit7.out,,,,,,,,,,,,,,,,
16,8,MASKED,MASKED_UNFLAGGED,,,,HeCBench/results/llvm17_inject/entropy/float/site16_bit8.out,,,,,,,,,,,,,,,,
16,9,MASKED,MASKED_UNFLAGGED,,,,HeCBench/results/llvm17_inject/entropy/float/site16_bit9.out,,,,,,,,,,,,,,,,
16,10,MASKED,MASKED_UNFLAGGED,,,,HeCBench/results/llvm17_inject/entropy/float/site16_bit10.out,,,,,,,,,,,,,,,,
16,11,MASKED,MASKED_UNFLAGGED,,,,HeCBench/results/llvm17_inject/entropy/float/site16_bit11.out,,,,,,,,,,,,,,,,
16,12,MASKED,MASKED_UNFLAGGED,,,,HeCBench/results/llvm17_inject/entropy/float/site16_bit12.out,,,,,,,,,,,,,,,,
16,13,MASKED,MASKED_UNFLAGGED,,,,HeCBench/results/llvm17_inject/entropy/float/site16_bit13.out,,,,,,,,,,,,,,,,
16,14,MASKED,MASKED_UNFLAGGED,,,,HeCBench/results/llvm17_inject/entropy/float/site16_bit14.out,,,,,,,,,,,,,,,,
16,15,MASKED,MASKED_UNFLAGGED,,,,HeCBench/results/llvm17_inject/entropy/float/site16_bit15.out,,,,,,,,,,,,,,,,
16,16,MASKED,MASKED_UNFLAGGED,,,,HeCBench/results/llvm17_inject/entropy/float/site16_bit16.out,,,,,,,,,,,,,,,,
16,17,MASKED,MASKED_UNFLAGGED,,,,HeCBench/results/llvm17_inject/entropy/float/site16_bit17.out,,,,,,,,,,,,,,,,
16,18,MASKED,MASKED_UNFLAGGED,,,,HeCBench/results/llvm17_inject/entropy/float/site16_bit18.out,,,,,,,,,,,,,,,,
16,19,MASKED,MASKED_UNFLAGGED,,,,HeCBench/results/llvm17_inject/entropy/float/site16_bit19.out,,,,,,,,,,,,,,,,
16,20,MASKED,MASKED_UNFLAGGED,,,,HeCBench/results/llvm17_inject/entropy/float/site16_bit20.out,,,,,,,,,,,,,,,,
16,21,MASKED,MASKED_UNFLAGGED,,,,HeCBench/results/llvm17_inject/entropy/float/site16_bit21.out,,,,,,,,,,,,,,,,
16,22,MASKED,MASKED_UNFLAGGED,,,,HeCBench/results/llvm17_inject/entropy/float/site16_bit22.out,,,,,,,,,,,,,,,,
16,23,MASKED,MASKED_UNFLAGGED,,,,HeCBench/results/llvm17_inject/entropy/float/site16_bit23.out,,,,,,,,,,,,,,,,
16,24,MASKED,MASKED_UNFLAGGED,,,,HeCBench/results/llvm17_inject/entropy/float/site16_bit24.out,,,,,,,,,,,,,,,,
16,25,MASKED,MASKED_UNFLAGGED,,,,HeCBench/results/llvm17_inject/entropy/float/site16_bit25.out,,,,,,,,,,,,,,,,
16,26,MASKED,MASKED_UNFLAGGED,,,,HeCBench/results/llvm17_inject/entropy/float/site16_bit26.out,,,,,,,,,,,,,,,,
16,27,MASKED,MASKED_UNFLAGGED,,,,HeCBench/results/llvm17_inject/entropy/float/site16_bit27.out,,,,,,,,,,,,,,,,
16,28,MASKED,MASKED_UNFLAGGED,,,,HeCBench/results/llvm17_inject/entropy/float/site16_bit28.out,,,,,,,,,,,,,,,,
16,29,MASKED,MASKED_UNFLAGGED,,,,HeCBench/results/llvm17_inject/entropy/float/site16_bit29.out,,,,,,,,,,,,,,,,
16,30,MASKED,MASKED_UNFLAGGED,,,,HeCBench/results/llvm17_inject/entropy/float/site16_bit30.out,,,,,,,,,,,,,,,,
16,31,MASKED,MASKED_UNFLAGGED,,,,HeCBench/results/llvm17_inject/entropy/float/site16_bit31.out,,,,,,,,,,,,,,,,
17,0,MASKED,MASKED_UNFLAGGED,,,,HeCBench/results/llvm17_inject/entropy/float/site17_bit0.out,,,,,,,,,,,,,,,,
18,0,MASKED,MASKED_UNFLAGGED,,,,HeCBench/results/llvm17_inject/entropy/float/site18_bit0.out,,,,,,,,,,,,,,,,
18,1,MASKED,MASKED_UNFLAGGED,,,,HeCBench/results/llvm17_inject/entropy/float/site18_bit1.out,,,,,,,,,,,,,,,,
18,2,MASKED,MASKED_UNFLAGGED,,,,HeCBench/results/llvm17_inject/entropy/float/site18_bit2.out,,,,,,,,,,,,,,,,
18,3,MASKED,MASKED_UNFLAGGED,,,,HeCBench/results/llvm17_inject/entropy/float/site18_bit3.out,,,,,,,,,,,,,,,,
18,4,MASKED,MASKED_UNFLAGGED,,,,HeCBench/results/llvm17_inject/entropy/float/site18_bit4.out,,,,,,,,,,,,,,,,
18,5,MASKED,MASKED_UNFLAGGED,,,,HeCBench/results/llvm17_inject/entropy/float/site18_bit5.out,,,,,,,,,,,,,,,,
18,6,MASKED,MASKED_UNFLAGGED,,,,HeCBench/results/llvm17_inject/entropy/float/site18_bit6.out,,,,,,,,,,,,,,,,
18,7,MASKED,MASKED_UNFLAGGED,,,,HeCBench/results/llvm17_inject/entropy/float/site18_bit7.out,,,,,,,,,,,,,,,,
18,8,MASKED,MASKED_UNFLAGGED,,,,HeCBench/results/llvm17_inject/entropy/float/site18_bit8.out,,,,,,,,,,,,,,,,
18,9,MASKED,MASKED_UNFLAGGED,,,,HeCBench/results/llvm17_inject/entropy/float/site18_bit9.out,,,,,,,,,,,,,,,,
18,10,MASKED,MASKED_UNFLAGGED,,,,HeCBench/results/llvm17_inject/entropy/float/site18_bit10.out,,,,,,,,,,,,,,,,
18,11,MASKED,MASKED_UNFLAGGED,,,,HeCBench/results/llvm17_inject/entropy/float/site18_bit11.out,,,,,,,,,,,,,,,,
18,12,MASKED,MASKED_UNFLAGGED,,,,HeCBench/results/llvm17_inject/entropy/float/site18_bit12.out,,,,,,,,,,,,,,,,
18,13,MASKED,MASKED_UNFLAGGED,,,,HeCBench/results/llvm17_inject/entropy/float/site18_bit13.out,,,,,,,,,,,,,,,,
18,14,MASKED,MASKED_UNFLAGGED,,,,HeCBench/results/llvm17_inject/entropy/float/site18_bit14.out,,,,,,,,,,,,,,,,
18,15,MASKED,MASKED_UNFLAGGED,,,,HeCBench/results/llvm17_inject/entropy/float/site18_bit15.out,,,,,,,,,,,,,,,,
18,16,MASKED,MASKED_UNFLAGGED,,,,HeCBench/results/llvm17_inject/entropy/float/site18_bit16.out,,,,,,,,,,,,,,,,
18,17,MASKED,MASKED_UNFLAGGED,,,,HeCBench/results/llvm17_inject/entropy/float/site18_bit17.out,,,,,,,,,,,,,,,,
18,18,MASKED,MASKED_UNFLAGGED,,,,HeCBench/results/llvm17_inject/entropy/float/site18_bit18.out,,,,,,,,,,,,,,,,
18,19,MASKED,MASKED_UNFLAGGED,,,,HeCBench/results/llvm17_inject/entropy/float/site18_bit19.out,,,,,,,,,,,,,,,,
18,20,MASKED,MASKED_UNFLAGGED,,,,HeCBench/results/llvm17_inject/entropy/float/site18_bit20.out,,,,,,,,,,,,,,,,
18,21,MASKED,MASKED_UNFLAGGED,,,,HeCBench/results/llvm17_inject/entropy/float/site18_bit21.out,,,,,,,,,,,,,,,,
18,22,MASKED,MASKED_UNFLAGGED,,,,HeCBench/results/llvm17_inject/entropy/float/site18_bit22.out,,,,,,,,,,,,,,,,
18,23,MASKED,MASKED_UNFLAGGED,,,,HeCBench/results/llvm17_inject/entropy/float/site18_bit23.out,,,,,,,,,,,,,,,,
18,24,MASKED,MASKED_UNFLAGGED,,,,HeCBench/results/llvm17_inject/entropy/float/site18_bit24.out,,,,,,,,,,,,,,,,
18,25,MASKED,MASKED_UNFLAGGED,,,,HeCBench/results/llvm17_inject/entropy/float/site18_bit25.out,,,,,,,,,,,,,,,,
18,26,MASKED,MASKED_UNFLAGGED,,,,HeCBench/results/llvm17_inject/entropy/float/site18_bit26.out,,,,,,,,,,,,,,,,
18,27,MASKED,MASKED_UNFLAGGED,,,,HeCBench/results/llvm17_inject/entropy/float/site18_bit27.out,,,,,,,,,,,,,,,,
18,28,MASKED,MASKED_UNFLAGGED,,,,HeCBench/results/llvm17_inject/entropy/float/site18_bit28.out,,,,,,,,,,,,,,,,
18,29,MASKED,MASKED_UNFLAGGED,,,,HeCBench/results/llvm17_inject/entropy/float/site18_bit29.out,,,,,,,,,,,,,,,,
18,30,MASKED,MASKED_UNFLAGGED,,,,HeCBench/results/llvm17_inject/entropy/float/site18_bit30.out,,,,,,,,,,,,,,,,
18,31,MASKED,MASKED_UNFLAGGED,,,,HeCBench/results/llvm17_inject/entropy/float/site18_bit31.out,,,,,,,,,,,,,,,,
19,0,MASKED,MASKED_UNFLAGGED,,,,HeCBench/results/llvm17_inject/entropy/float/site19_bit0.out,,,,,,,,,,,,,,,,
19,1,MASKED,MASKED_UNFLAGGED,,,,HeCBench/results/llvm17_inject/entropy/float/site19_bit1.out,,,,,,,,,,,,,,,,
19,2,MASKED,MASKED_UNFLAGGED,,,,HeCBench/results/llvm17_inject/entropy/float/site19_bit2.out,,,,,,,,,,,,,,,,
19,3,MASKED,MASKED_UNFLAGGED,,,,HeCBench/results/llvm17_inject/entropy/float/site19_bit3.out,,,,,,,,,,,,,,,,
19,4,MASKED,MASKED_UNFLAGGED,,,,HeCBench/results/llvm17_inject/entropy/float/site19_bit4.out,,,,,,,,,,,,,,,,
19,5,MASKED,MASKED_UNFLAGGED,,,,HeCBench/results/llvm17_inject/entropy/float/site19_bit5.out,,,,,,,,,,,,,,,,
19,6,MASKED,MASKED_UNFLAGGED,,,,HeCBench/results/llvm17_inject/entropy/float/site19_bit6.out,,,,,,,,,,,,,,,,
19,7,MASKED,MASKED_UNFLAGGED,,,,HeCBench/results/llvm17_inject/entropy/float/site19_bit7.out,,,,,,,,,,,,,,,,
19,8,MASKED,MASKED_UNFLAGGED,,,,HeCBench/results/llvm17_inject/entropy/float/site19_bit8.out,,,,,,,,,,,,,,,,
19,9,MASKED,MASKED_UNFLAGGED,,,,HeCBench/results/llvm17_inject/entropy/float/site19_bit9.out,,,,,,,,,,,,,,,,
19,10,SDC,SDC_FLAGGED,0,kernel_reported_fail,,HeCBench/results/llvm17_inject/entropy/float/site19_bit10.out,,,,,,,,,,,,,,,,
19,11,SDC,SDC_FLAGGED,0,kernel_reported_fail,,HeCBench/results/llvm17_inject/entropy/float/site19_bit11.out,,,,,,,,,,,,,,,,
19,12,SDC,SDC_FLAGGED,0,kernel_reported_fail,,HeCBench/results/llvm17_inject/entropy/float/site19_bit12.out,,,,,,,,,,,,,,,,
19,13,SDC,SDC_FLAGGED,0,kernel_reported_fail,,HeCBench/results/llvm17_inject/entropy/float/site19_bit13.out,,,,,,,,,,,,,,,,
19,14,SDC,SDC_FLAGGED,0,kernel_reported_fail,,HeCBench/results/llvm17_inject/entropy/float/site19_bit14.out,,,,,,,,,,,,,,,,
19,15,SDC,SDC_FLAGGED,0,kernel_reported_fail,,HeCBench/results/llvm17_inject/entropy/float/site19_bit15.out,,,,,,,,,,,,,,,,
19,16,SDC,SDC_FLAGGED,0,kernel_reported_fail,,HeCBench/results/llvm17_inject/entropy/float/site19_bit16.out,,,,,,,,,,,,,,,,
19,17,SDC,SDC_FLAGGED,0,kernel_reported_fail,,HeCBench/results/llvm17_inject/entropy/float/site19_bit17.out,,,,,,,,,,,,,,,,
19,18,SDC,SDC_FLAGGED,0,kernel_reported_fail,,HeCBench/results/llvm17_inject/entropy/float/site19_bit18.out,,,,,,,,,,,,,,,,
19,19,SDC,SDC_FLAGGED,0,kernel_reported_fail,,HeCBench/results/llvm17_inject/entropy/float/site19_bit19.out,,,,,,,,,,,,,,,,
19,20,SDC,SDC_FLAGGED,0,kernel_reported_fail,,HeCBench/results/llvm17_inject/entropy/float/site19_bit20.out,,,,,,,,,,,,,,,,
19,21,SDC,SDC_FLAGGED,0,kernel_reported_fail,,HeCBench/results/llvm17_inject/entropy/float/site19_bit21.out,,,,,,,,,,,,,,,,
19,22,SDC,SDC_FLAGGED,0,kernel_reported_fail,,HeCBench/results/llvm17_inject/entropy/float/site19_bit22.out,,,,,,,,,,,,,,,,
19,23,SDC,SDC_FLAGGED,0,kernel_reported_fail,,HeCBench/results/llvm17_inject/entropy/float/site19_bit23.out,,,,,,,,,,,,,,,,
19,24,SDC,SDC_FLAGGED,0,kernel_reported_fail,,HeCBench/results/llvm17_inject/entropy/float/site19_bit24.out,,,,,,,,,,,,,,,,
19,25,SDC,SDC_FLAGGED,0,kernel_reported_fail,,HeCBench/results/llvm17_inject/entropy/float/site19_bit25.out,,,,,,,,,,,,,,,,
19,26,SDC,SDC_FLAGGED,0,kernel_reported_fail,,HeCBench/results/llvm17_inject/entropy/float/site19_bit26.out,,,,,,,,,,,,,,,,
19,27,SDC,SDC_FLAGGED,0,kernel_reported_fail,,HeCBench/results/llvm17_inject/entropy/float/site19_bit27.out,,,,,,,,,,,,,,,,
19,28,SDC,SDC_FLAGGED,0,kernel_reported_fail,,HeCBench/results/llvm17_inject/entropy/float/site19_bit28.out,,,,,,,,,,,,,,,,
19,29,SDC,SDC_FLAGGED,0,kernel_reported_fail,,HeCBench/results/llvm17_inject/entropy/float/site19_bit29.out,,,,,,,,,,,,,,,,
19,30,SDC,SDC_FLAGGED,0,kernel_reported_fail,,HeCBench/results/llvm17_inject/entropy/float/site19_bit30.out,,,,,,,,,,,,,,,,
19,31,SDC,SDC_FLAGGED,0,kernel_reported_fail,,HeCBench/results/llvm17_inject/entropy/float/site19_bit31.out,,,,,,,,,,,,,,,,
20,0,MASKED,MASKED_UNFLAGGED,,,,HeCBench/results/llvm17_inject/entropy/float/site20_bit0.out,,,,,,,,,,,,,,,,
21,0,MASKED,MASKED_UNFLAGGED,,,,HeCBench/results/llvm17_inject/entropy/float/site21_bit0.out,,,,,,,,,,,,,,,,
21,1,MASKED,MASKED_UNFLAGGED,,,,HeCBench/results/llvm17_inject/entropy/float/site21_bit1.out,,,,,,,,,,,,,,,,
21,2,MASKED,MASKED_UNFLAGGED,,,,HeCBench/results/llvm17_inject/entropy/float/site21_bit2.out,,,,,,,,,,,,,,,,
21,3,MASKED,MASKED_UNFLAGGED,,,,HeCBench/results/llvm17_inject/entropy/float/site21_bit3.out,,,,,,,,,,,,,,,,
21,4,MASKED,MASKED_UNFLAGGED,,,,HeCBench/results/llvm17_inject/entropy/float/site21_bit4.out,,,,,,,,,,,,,,,,
21,5,MASKED,MASKED_UNFLAGGED,,,,HeCBench/results/llvm17_inject/entropy/float/site21_bit5.out,,,,,,,,,,,,,,,,
21,6,MASKED,MASKED_UNFLAGGED,,,,HeCBench/results/llvm17_inject/entropy/float/site21_bit6.out,,,,,,,,,,,,,,,,
21,7,MASKED,MASKED_UNFLAGGED,,,,HeCBench/results/llvm17_inject/entropy/float/site21_bit7.out,,,,,,,,,,,,,,,,
21,8,MASKED,MASKED_UNFLAGGED,,,,HeCBench/results/llvm17_inject/entropy/float/site21_bit8.out,,,,,,,,,,,,,,,,
21,9,MASKED,MASKED_UNFLAGGED,,,,HeCBench/results/llvm17_inject/entropy/float/site21_bit9.out,,,,,,,,,,,,,,,,
21,10,MASKED,MASKED_UNFLAGGED,,,,HeCBench/results/llvm17_inject/entropy/float/site21_bit10.out,,,,,,,,,,,,,,,,
21,11,MASKED,MASKED_UNFLAGGED,,,,HeCBench/results/llvm17_inject/entropy/float/site21_bit11.out,,,,,,,,,,,,,,,,
21,12,MASKED,MASKED_UNFLAGGED,,,,HeCBench/results/llvm17_inject/entropy/float/site21_bit12.out,,,,,,,,,,,,,,,,
21,13,MASKED,MASKED_UNFLAGGED,,,,HeCBench/results/llvm17_inject/entropy/float/site21_bit13.out,,,,,,,,,,,,,,,,
21,14,MASKED,MASKED_UNFLAGGED,,,,HeCBench/results/llvm17_inject/entropy/float/site21_bit14.out,,,,,,,,,,,,,,,,
21,15,MASKED,MASKED_UNFLAGGED,,,,HeCBench/results/llvm17_inject/entropy/float/site21_bit15.out,,,,,,,,,,,,,,,,
21,16,MASKED,MASKED_UNFLAGGED,,,,HeCBench/results/llvm17_inject/entropy/float/site21_bit16.out,,,,,,,,,,,,,,,,
21,17,MASKED,MASKED_UNFLAGGED,,,,HeCBench/results/llvm17_inject/entropy/float/site21_bit17.out,,,,,,,,,,,,,,,,
21,18,MASKED,MASKED_UNFLAGGED,,,,HeCBench/results/llvm17_inject/entropy/float/site21_bit18.out,,,,,,,,,,,,,,,,
21,19,MASKED,MASKED_UNFLAGGED,,,,HeCBench/results/llvm17_inject/entropy/float/site21_bit19.out,,,,,,,,,,,,,,,,
21,20,MASKED,MASKED_UNFLAGGED,,,,HeCBench/results/llvm17_inject/entropy/float/site21_bit20.out,,,,,,,,,,,,,,,,
21,21,MASKED,MASKED_UNFLAGGED,,,,HeCBench/results/llvm17_inject/entropy/float/site21_bit21.out,,,,,,,,,,,,,,,,
21,22,MASKED,MASKED_UNFLAGGED,,,,HeCBench/results/llvm17_inject/entropy/float/site21_bit22.out,,,,,,,,,,,,,,,,
21,23,MASKED,MASKED_UNFLAGGED,,,,HeCBench/results/llvm17_inject/entropy/float/site21_bit23.out,,,,,,,,,,,,,,,,
21,24,MASKED,MASKED_UNFLAGGED,,,,HeCBench/results/llvm17_inject/entropy/float/site21_bit24.out,,,,,,,,,,,,,,,,
21,25,MASKED,MASKED_UNFLAGGED,,,,HeCBench/results/llvm17_inject/entropy/float/site21_bit25.out,,,,,,,,,,,,,,,,
21,26,MASKED,MASKED_UNFLAGGED,,,,HeCBench/results/llvm17_inject/entropy/float/site21_bit26.out,,,,,,,,,,,,,,,,
21,27,MASKED,MASKED_UNFLAGGED,,,,HeCBench/results/llvm17_inject/entropy/float/site21_bit27.out,,,,,,,,,,,,,,,,
21,28,MASKED,MASKED_UNFLAGGED,,,,HeCBench/results/llvm17_inject/entropy/float/site21_bit28.out,,,,,,,,,,,,,,,,
21,29,MASKED,MASKED_UNFLAGGED,,,,HeCBench/results/llvm17_inject/entropy/float/site21_bit29.out,,,,,,,,,,,,,,,,
21,30,MASKED,MASKED_UNFLAGGED,,,,HeCBench/results/llvm17_inject/entropy/float/site21_bit30.out,,,,,,,,,,,,,,,,
21,31,SDC,SDC_FLAGGED,0,kernel_reported_fail,,HeCBench/results/llvm17_inject/entropy/float/site21_bit31.out,,,,,,,,,,,,,,,,
22,0,DUE,FAILURE_NONHANG,empty_out,,,HeCBench/results/llvm17_inject/entropy/float/site22_bit0.out,,,,,,,,,,,,,,,,
23,0,MASKED,MASKED_UNFLAGGED,,,,HeCBench/results/llvm17_inject/entropy/float/site23_bit0.out,,,,,,,,,,,,,,,,
23,1,MASKED,MASKED_UNFLAGGED,,,,HeCBench/results/llvm17_inject/entropy/float/site23_bit1.out,,,,,,,,,,,,,,,,
23,2,MASKED,MASKED_UNFLAGGED,,,,HeCBench/results/llvm17_inject/entropy/float/site23_bit2.out,,,,,,,,,,,,,,,,
23,3,MASKED,MASKED_UNFLAGGED,,,,HeCBench/results/llvm17_inject/entropy/float/site23_bit3.out,,,,,,,,,,,,,,,,
23,4,MASKED,MASKED_UNFLAGGED,,,,HeCBench/results/llvm17_inject/entropy/float/site23_bit4.out,,,,,,,,,,,,,,,,
23,5,MASKED,MASKED_UNFLAGGED,,,,HeCBench/results/llvm17_inject/entropy/float/site23_bit5.out,,,,,,,,,,,,,,,,
23,6,MASKED,MASKED_UNFLAGGED,,,,HeCBench/results/llvm17_inject/entropy/float/site23_bit6.out,,,,,,,,,,,,,,,,
23,7,MASKED,MASKED_UNFLAGGED,,,,HeCBench/results/llvm17_inject/entropy/float/site23_bit7.out,,,,,,,,,,,,,,,,
23,8,MASKED,MASKED_UNFLAGGED,,,,HeCBench/results/llvm17_inject/entropy/float/site23_bit8.out,,,,,,,,,,,,,,,,
23,9,MASKED,MASKED_UNFLAGGED,,,,HeCBench/results/llvm17_inject/entropy/float/site23_bit9.out,,,,,,,,,,,,,,,,
23,10,MASKED,MASKED_UNFLAGGED,,,,HeCBench/results/llvm17_inject/entropy/float/site23_bit10.out,,,,,,,,,,,,,,,,
23,11,MASKED,MASKED_UNFLAGGED,,,,HeCBench/results/llvm17_inject/entropy/float/site23_bit11.out,,,,,,,,,,,,,,,,
23,12,MASKED,MASKED_UNFLAGGED,,,,HeCBench/results/llvm17_inject/entropy/float/site23_bit12.out,,,,,,,,,,,,,,,,
23,13,MASKED,MASKED_UNFLAGGED,,,,HeCBench/results/llvm17_inject/entropy/float/site23_bit13.out,,,,,,,,,,,,,,,,
23,14,MASKED,MASKED_UNFLAGGED,,,,HeCBench/results/llvm17_inject/entropy/float/site23_bit14.out,,,,,,,,,,,,,,,,
23,15,MASKED,MASKED_UNFLAGGED,,,,HeCBench/results/llvm17_inject/entropy/float/site23_bit15.out,,,,,,,,,,,,,,,,
23,16,MASKED,MASKED_UNFLAGGED,,,,HeCBench/results/llvm17_inject/entropy/float/site23_bit16.out,,,,,,,,,,,,,,,,
23,17,MASKED,MASKED_UNFLAGGED,,,,HeCBench/results/llvm17_inject/entropy/float/site23_bit17.out,,,,,,,,,,,,,,,,
23,18,MASKED,MASKED_UNFLAGGED,,,,HeCBench/results/llvm17_inject/entropy/float/site23_bit18.out,,,,,,,,,,,,,,,,
23,19,MASKED,MASKED_UNFLAGGED,,,,HeCBench/results/llvm17_inject/entropy/float/site23_bit19.out,,,,,,,,,,,,,,,,
23,20,MASKED,MASKED_UNFLAGGED,,,,HeCBench/results/llvm17_inject/entropy/float/site23_bit20.out,,,,,,,,,,,,,,,,
23,21,MASKED,MASKED_UNFLAGGED,,,,HeCBench/results/llvm17_inject/entropy/float/site23_bit21.out,,,,,,,,,,,,,,,,
23,22,MASKED,MASKED_UNFLAGGED,,,,HeCBench/results/llvm17_inject/entropy/float/site23_bit22.out,,,,,,,,,,,,,,,,
23,23,MASKED,MASKED_UNFLAGGED,,,,HeCBench/results/llvm17_inject/entropy/float/site23_bit23.out,,,,,,,,,,,,,,,,
23,24,MASKED,MASKED_UNFLAGGED,,,,HeCBench/results/llvm17_inject/entropy/float/site23_bit24.out,,,,,,,,,,,,,,,,
23,25,MASKED,MASKED_UNFLAGGED,,,,HeCBench/results/llvm17_inject/entropy/float/site23_bit25.out,,,,,,,,,,,,,,,,
23,26,MASKED,MASKED_UNFLAGGED,,,,HeCBench/results/llvm17_inject/entropy/float/site23_bit26.out,,,,,,,,,,,,,,,,
23,27,MASKED,MASKED_UNFLAGGED,,,,HeCBench/results/llvm17_inject/entropy/float/site23_bit27.out,,,,,,,,,,,,,,,,
23,28,MASKED,MASKED_UNFLAGGED,,,,HeCBench/results/llvm17_inject/entropy/float/site23_bit28.out,,,,,,,,,,,,,,,,
23,29,MASKED,MASKED_UNFLAGGED,,,,HeCBench/results/llvm17_inject/entropy/float/site23_bit29.out,,,,,,,,,,,,,,,,
23,30,MASKED,MASKED_UNFLAGGED,,,,HeCBench/results/llvm17_inject/entropy/float/site23_bit30.out,,,,,,,,,,,,,,,,
23,31,MASKED,MASKED_UNFLAGGED,,,,HeCBench/results/llvm17_inject/entropy/float/site23_bit31.out,,,,,,,,,,,,,,,,
24,0,MASKED,MASKED_UNFLAGGED,,,,HeCBench/results/llvm17_inject/entropy/float/site24_bit0.out,,,,,,,,,,,,,,,,
24,1,MASKED,MASKED_UNFLAGGED,,,,HeCBench/results/llvm17_inject/entropy/float/site24_bit1.out,,,,,,,,,,,,,,,,
24,2,MASKED,MASKED_UNFLAGGED,,,,HeCBench/results/llvm17_inject/entropy/float/site24_bit2.out,,,,,,,,,,,,,,,,
24,3,MASKED,MASKED_UNFLAGGED,,,,HeCBench/results/llvm17_inject/entropy/float/site24_bit3.out,,,,,,,,,,,,,,,,
24,4,MASKED,MASKED_UNFLAGGED,,,,HeCBench/results/llvm17_inject/entropy/float/site24_bit4.out,,,,,,,,,,,,,,,,
24,5,MASKED,MASKED_UNFLAGGED,,,,HeCBench/results/llvm17_inject/entropy/float/site24_bit5.out,,,,,,,,,,,,,,,,
24,6,MASKED,MASKED_UNFLAGGED,,,,HeCBench/results/llvm17_inject/entropy/float/site24_bit6.out,,,,,,,,,,,,,,,,
24,7,MASKED,MASKED_UNFLAGGED,,,,HeCBench/results/llvm17_inject/entropy/float/site24_bit7.out,,,,,,,,,,,,,,,,
24,8,MASKED,MASKED_UNFLAGGED,,,,HeCBench/results/llvm17_inject/entropy/float/site24_bit8.out,,,,,,,,,,,,,,,,
24,9,MASKED,MASKED_UNFLAGGED,,,,HeCBench/results/llvm17_inject/entropy/float/site24_bit9.out,,,,,,,,,,,,,,,,
24,10,MASKED,MASKED_UNFLAGGED,,,,HeCBench/results/llvm17_inject/entropy/float/site24_bit10.out,,,,,,,,,,,,,,,,
24,11,MASKED,MASKED_UNFLAGGED,,,,HeCBench/results/llvm17_inject/entropy/float/site24_bit11.out,,,,,,,,,,,,,,,,
24,12,MASKED,MASKED_UNFLAGGED,,,,HeCBench/results/llvm17_inject/entropy/float/site24_bit12.out,,,,,,,,,,,,,,,,
24,13,MASKED,MASKED_UNFLAGGED,,,,HeCBench/results/llvm17_inject/entropy/float/site24_bit13.out,,,,,,,,,,,,,,,,
24,14,MASKED,MASKED_UNFLAGGED,,,,HeCBench/results/llvm17_inject/entropy/float/site24_bit14.out,,,,,,,,,,,,,,,,
24,15,MASKED,MASKED_UNFLAGGED,,,,HeCBench/results/llvm17_inject/entropy/float/site24_bit15.out,,,,,,,,,,,,,,,,
24,16,MASKED,MASKED_UNFLAGGED,,,,HeCBench/results/llvm17_inject/entropy/float/site24_bit16.out,,,,,,,,,,,,,,,,
24,17,MASKED,MASKED_UNFLAGGED,,,,HeCBench/results/llvm17_inject/entropy/float/site24_bit17.out,,,,,,,,,,,,,,,,
24,18,MASKED,MASKED_UNFLAGGED,,,,HeCBench/results/llvm17_inject/entropy/float/site24_bit18.out,,,,,,,,,,,,,,,,
24,19,MASKED,MASKED_UNFLAGGED,,,,HeCBench/results/llvm17_inject/entropy/float/site24_bit19.out,,,,,,,,,,,,,,,,
24,20,MASKED,MASKED_UNFLAGGED,,,,HeCBench/results/llvm17_inject/entropy/float/site24_bit20.out,,,,,,,,,,,,,,,,
24,21,MASKED,MASKED_UNFLAGGED,,,,HeCBench/results/llvm17_inject/entropy/float/site24_bit21.out,,,,,,,,,,,,,,,,
24,22,MASKED,MASKED_UNFLAGGED,,,,HeCBench/results/llvm17_inject/entropy/float/site24_bit22.out,,,,,,,,,,,,,,,,
24,23,MASKED,MASKED_UNFLAGGED,,,,HeCBench/results/llvm17_inject/entropy/float/site24_bit23.out,,,,,,,,,,,,,,,,
24,24,MASKED,MASKED_UNFLAGGED,,,,HeCBench/results/llvm17_inject/entropy/float/site24_bit24.out,,,,,,,,,,,,,,,,
24,25,MASKED,MASKED_UNFLAGGED,,,,HeCBench/results/llvm17_inject/entropy/float/site24_bit25.out,,,,,,,,,,,,,,,,
24,26,MASKED,MASKED_UNFLAGGED,,,,HeCBench/results/llvm17_inject/entropy/float/site24_bit26.out,,,,,,,,,,,,,,,,
24,27,MASKED,MASKED_UNFLAGGED,,,,HeCBench/results/llvm17_inject/entropy/float/site24_bit27.out,,,,,,,,,,,,,,,,
24,28,MASKED,MASKED_UNFLAGGED,,,,HeCBench/results/llvm17_inject/entropy/float/site24_bit28.out,,,,,,,,,,,,,,,,
24,29,MASKED,MASKED_UNFLAGGED,,,,HeCBench/results/llvm17_inject/entropy/float/site24_bit29.out,,,,,,,,,,,,,,,,
24,30,MASKED,MASKED_UNFLAGGED,,,,HeCBench/results/llvm17_inject/entropy/float/site24_bit30.out,,,,,,,,,,,,,,,,
24,31,MASKED,MASKED_UNFLAGGED,,,,HeCBench/results/llvm17_inject/entropy/float/site24_bit31.out,,,,,,,,,,,,,,,,
24,32,MASKED,MASKED_UNFLAGGED,,,,HeCBench/results/llvm17_inject/entropy/float/site24_bit32.out,,,,,,,,,,,,,,,,
24,33,MASKED,MASKED_UNFLAGGED,,,,HeCBench/results/llvm17_inject/entropy/float/site24_bit33.out,,,,,,,,,,,,,,,,
24,34,MASKED,MASKED_UNFLAGGED,,,,HeCBench/results/llvm17_inject/entropy/float/site24_bit34.out,,,,,,,,,,,,,,,,
24,35,MASKED,MASKED_UNFLAGGED,,,,HeCBench/results/llvm17_inject/entropy/float/site24_bit35.out,,,,,,,,,,,,,,,,
24,36,MASKED,MASKED_UNFLAGGED,,,,HeCBench/results/llvm17_inject/entropy/float/site24_bit36.out,,,,,,,,,,,,,,,,
24,37,MASKED,MASKED_UNFLAGGED,,,,HeCBench/results/llvm17_inject/entropy/float/site24_bit37.out,,,,,,,,,,,,,,,,
24,38,MASKED,MASKED_UNFLAGGED,,,,HeCBench/results/llvm17_inject/entropy/float/site24_bit38.out,,,,,,,,,,,,,,,,
24,39,MASKED,MASKED_UNFLAGGED,,,,HeCBench/results/llvm17_inject/entropy/float/site24_bit39.out,,,,,,,,,,,,,,,,
24,40,MASKED,MASKED_UNFLAGGED,,,,HeCBench/results/llvm17_inject/entropy/float/site24_bit40.out,,,,,,,,,,,,,,,,
24,41,MASKED,MASKED_UNFLAGGED,,,,HeCBench/results/llvm17_inject/entropy/float/site24_bit41.out,,,,,,,,,,,,,,,,
24,42,MASKED,MASKED_UNFLAGGED,,,,HeCBench/results/llvm17_inject/entropy/float/site24_bit42.out,,,,,,,,,,,,,,,,
24,43,MASKED,MASKED_UNFLAGGED,,,,HeCBench/results/llvm17_inject/entropy/float/site24_bit43.out,,,,,,,,,,,,,,,,
24,44,MASKED,MASKED_UNFLAGGED,,,,HeCBench/results/llvm17_inject/entropy/float/site24_bit44.out,,,,,,,,,,,,,,,,
24,45,MASKED,MASKED_UNFLAGGED,,,,HeCBench/results/llvm17_inject/entropy/float/site24_bit45.out,,,,,,,,,,,,,,,,
24,46,MASKED,MASKED_UNFLAGGED,,,,HeCBench/results/llvm17_inject/entropy/float/site24_bit46.out,,,,,,,,,,,,,,,,
24,47,MASKED,MASKED_UNFLAGGED,,,,HeCBench/results/llvm17_inject/entropy/float/site24_bit47.out,,,,,,,,,,,,,,,,
24,48,MASKED,MASKED_UNFLAGGED,,,,HeCBench/results/llvm17_inject/entropy/float/site24_bit48.out,,,,,,,,,,,,,,,,
24,49,MASKED,MASKED_UNFLAGGED,,,,HeCBench/results/llvm17_inject/entropy/float/site24_bit49.out,,,,,,,,,,,,,,,,
24,50,MASKED,MASKED_UNFLAGGED,,,,HeCBench/results/llvm17_inject/entropy/float/site24_bit50.out,,,,,,,,,,,,,,,,
24,51,MASKED,MASKED_UNFLAGGED,,,,HeCBench/results/llvm17_inject/entropy/float/site24_bit51.out,,,,,,,,,,,,,,,,
24,52,MASKED,MASKED_UNFLAGGED,,,,HeCBench/results/llvm17_inject/entropy/float/site24_bit52.out,,,,,,,,,,,,,,,,
24,53,MASKED,MASKED_UNFLAGGED,,,,HeCBench/results/llvm17_inject/entropy/float/site24_bit53.out,,,,,,,,,,,,,,,,
24,54,MASKED,MASKED_UNFLAGGED,,,,HeCBench/results/llvm17_inject/entropy/float/site24_bit54.out,,,,,,,,,,,,,,,,
24,55,MASKED,MASKED_UNFLAGGED,,,,HeCBench/results/llvm17_inject/entropy/float/site24_bit55.out,,,,,,,,,,,,,,,,
24,56,MASKED,MASKED_UNFLAGGED,,,,HeCBench/results/llvm17_inject/entropy/float/site24_bit56.out,,,,,,,,,,,,,,,,
24,57,MASKED,MASKED_UNFLAGGED,,,,HeCBench/results/llvm17_inject/entropy/float/site24_bit57.out,,,,,,,,,,,,,,,,
24,58,MASKED,MASKED_UNFLAGGED,,,,HeCBench/results/llvm17_inject/entropy/float/site24_bit58.out,,,,,,,,,,,,,,,,
24,59,MASKED,MASKED_UNFLAGGED,,,,HeCBench/results/llvm17_inject/entropy/float/site24_bit59.out,,,,,,,,,,,,,,,,
24,60,MASKED,MASKED_UNFLAGGED,,,,HeCBench/results/llvm17_inject/entropy/float/site24_bit60.out,,,,,,,,,,,,,,,,
24,61,MASKED,MASKED_UNFLAGGED,,,,HeCBench/results/llvm17_inject/entropy/float/site24_bit61.out,,,,,,,,,,,,,,,,
24,62,MASKED,MASKED_UNFLAGGED,,,,HeCBench/results/llvm17_inject/entropy/float/site24_bit62.out,,,,,,,,,,,,,,,,
24,63,MASKED,MASKED_UNFLAGGED,,,,HeCBench/results/llvm17_inject/entropy/float/site24_bit63.out,,,,,,,,,,,,,,,,
25,0,MASKED,MASKED_UNFLAGGED,,,,HeCBench/results/llvm17_inject/entropy/float/site25_bit0.out,,,,,,,,,,,,,,,,
25,1,MASKED,MASKED_UNFLAGGED,,,,HeCBench/results/llvm17_inject/entropy/float/site25_bit1.out,,,,,,,,,,,,,,,,
25,2,MASKED,MASKED_UNFLAGGED,,,,HeCBench/results/llvm17_inject/entropy/float/site25_bit2.out,,,,,,,,,,,,,,,,
25,3,MASKED,MASKED_UNFLAGGED,,,,HeCBench/results/llvm17_inject/entropy/float/site25_bit3.out,,,,,,,,,,,,,,,,
25,4,MASKED,MASKED_UNFLAGGED,,,,HeCBench/results/llvm17_inject/entropy/float/site25_bit4.out,,,,,,,,,,,,,,,,
25,5,MASKED,MASKED_UNFLAGGED,,,,HeCBench/results/llvm17_inject/entropy/float/site25_bit5.out,,,,,,,,,,,,,,,,
25,6,MASKED,MASKED_UNFLAGGED,,,,HeCBench/results/llvm17_inject/entropy/float/site25_bit6.out,,,,,,,,,,,,,,,,
25,7,MASKED,MASKED_UNFLAGGED,,,,HeCBench/results/llvm17_inject/entropy/float/site25_bit7.out,,,,,,,,,,,,,,,,
25,8,MASKED,MASKED_UNFLAGGED,,,,HeCBench/results/llvm17_inject/entropy/float/site25_bit8.out,,,,,,,,,,,,,,,,
25,9,MASKED,MASKED_UNFLAGGED,,,,HeCBench/results/llvm17_inject/entropy/float/site25_bit9.out,,,,,,,,,,,,,,,,
25,10,MASKED,MASKED_UNFLAGGED,,,,HeCBench/results/llvm17_inject/entropy/float/site25_bit10.out,,,,,,,,,,,,,,,,
25,11,MASKED,MASKED_UNFLAGGED,,,,HeCBench/results/llvm17_inject/entropy/float/site25_bit11.out,,,,,,,,,,,,,,,,
25,12,MASKED,MASKED_UNFLAGGED,,,,HeCBench/results/llvm17_inject/entropy/float/site25_bit12.out,,,,,,,,,,,,,,,,
25,13,MASKED,MASKED_UNFLAGGED,,,,HeCBench/results/llvm17_inject/entropy/float/site25_bit13.out,,,,,,,,,,,,,,,,
25,14,MASKED,MASKED_UNFLAGGED,,,,HeCBench/results/llvm17_inject/entropy/float/site25_bit14.out,,,,,,,,,,,,,,,,
25,15,MASKED,MASKED_UNFLAGGED,,,,HeCBench/results/llvm17_inject/entropy/float/site25_bit15.out,,,,,,,,,,,,,,,,
25,16,MASKED,MASKED_UNFLAGGED,,,,HeCBench/results/llvm17_inject/entropy/float/site25_bit16.out,,,,,,,,,,,,,,,,
25,17,MASKED,MASKED_UNFLAGGED,,,,HeCBench/results/llvm17_inject/entropy/float/site25_bit17.out,,,,,,,,,,,,,,,,
25,18,MASKED,MASKED_UNFLAGGED,,,,HeCBench/results/llvm17_inject/entropy/float/site25_bit18.out,,,,,,,,,,,,,,,,
25,19,MASKED,MASKED_UNFLAGGED,,,,HeCBench/results/llvm17_inject/entropy/float/site25_bit19.out,,,,,,,,,,,,,,,,
25,20,MASKED,MASKED_UNFLAGGED,,,,HeCBench/results/llvm17_inject/entropy/float/site25_bit20.out,,,,,,,,,,,,,,,,
25,21,MASKED,MASKED_UNFLAGGED,,,,HeCBench/results/llvm17_inject/entropy/float/site25_bit21.out,,,,,,,,,,,,,,,,
25,22,MASKED,MASKED_UNFLAGGED,,,,HeCBench/results/llvm17_inject/entropy/float/site25_bit22.out,,,,,,,,,,,,,,,,
25,23,MASKED,MASKED_UNFLAGGED,,,,HeCBench/results/llvm17_inject/entropy/float/site25_bit23.out,,,,,,,,,,,,,,,,
25,24,MASKED,MASKED_UNFLAGGED,,,,HeCBench/results/llvm17_inject/entropy/float/site25_bit24.out,,,,,,,,,,,,,,,,
25,25,MASKED,MASKED_UNFLAGGED,,,,HeCBench/results/llvm17_inject/entropy/float/site25_bit25.out,,,,,,,,,,,,,,,,
25,26,MASKED,MASKED_UNFLAGGED,,,,HeCBench/results/llvm17_inject/entropy/float/site25_bit26.out,,,,,,,,,,,,,,,,
25,27,MASKED,MASKED_UNFLAGGED,,,,HeCBench/results/llvm17_inject/entropy/float/site25_bit27.out,,,,,,,,,,,,,,,,
25,28,MASKED,MASKED_UNFLAGGED,,,,HeCBench/results/llvm17_inject/entropy/float/site25_bit28.out,,,,,,,,,,,,,,,,
25,29,MASKED,MASKED_UNFLAGGED,,,,HeCBench/results/llvm17_inject/entropy/float/site25_bit29.out,,,,,,,,,,,,,,,,
25,30,MASKED,MASKED_UNFLAGGED,,,,HeCBench/results/llvm17_inject/entropy/float/site25_bit30.out,,,,,,,,,,,,,,,,
25,31,MASKED,MASKED_UNFLAGGED,,,,HeCBench/results/llvm17_inject/entropy/float/site25_bit31.out,,,,,,,,,,,,,,,,
26,0,MASKED,MASKED_UNFLAGGED,,,,HeCBench/results/llvm17_inject/entropy/float/site26_bit0.out,,,,,,,,,,,,,,,,
26,1,MASKED,MASKED_UNFLAGGED,,,,HeCBench/results/llvm17_inject/entropy/float/site26_bit1.out,,,,,,,,,,,,,,,,
26,2,MASKED,MASKED_UNFLAGGED,,,,HeCBench/results/llvm17_inject/entropy/float/site26_bit2.out,,,,,,,,,,,,,,,,
26,3,MASKED,MASKED_UNFLAGGED,,,,HeCBench/results/llvm17_inject/entropy/float/site26_bit3.out,,,,,,,,,,,,,,,,
26,4,MASKED,MASKED_UNFLAGGED,,,,HeCBench/results/llvm17_inject/entropy/float/site26_bit4.out,,,,,,,,,,,,,,,,
26,5,MASKED,MASKED_UNFLAGGED,,,,HeCBench/results/llvm17_inject/entropy/float/site26_bit5.out,,,,,,,,,,,,,,,,
26,6,MASKED,MASKED_UNFLAGGED,,,,HeCBench/results/llvm17_inject/entropy/float/site26_bit6.out,,,,,,,,,,,,,,,,
26,7,MASKED,MASKED_UNFLAGGED,,,,HeCBench/results/llvm17_inject/entropy/float/site26_bit7.out,,,,,,,,,,,,,,,,
26,8,MASKED,MASKED_UNFLAGGED,,,,HeCBench/results/llvm17_inject/entropy/float/site26_bit8.out,,,,,,,,,,,,,,,,
26,9,MASKED,MASKED_UNFLAGGED,,,,HeCBench/results/llvm17_inject/entropy/float/site26_bit9.out,,,,,,,,,,,,,,,,
26,10,MASKED,MASKED_UNFLAGGED,,,,HeCBench/results/llvm17_inject/entropy/float/site26_bit10.out,,,,,,,,,,,,,,,,
26,11,MASKED,MASKED_UNFLAGGED,,,,HeCBench/results/llvm17_inject/entropy/float/site26_bit11.out,,,,,,,,,,,,,,,,
26,12,MASKED,MASKED_UNFLAGGED,,,,HeCBench/results/llvm17_inject/entropy/float/site26_bit12.out,,,,,,,,,,,,,,,,
26,13,MASKED,MASKED_UNFLAGGED,,,,HeCBench/results/llvm17_inject/entropy/float/site26_bit13.out,,,,,,,,,,,,,,,,
26,14,MASKED,MASKED_UNFLAGGED,,,,HeCBench/results/llvm17_inject/entropy/float/site26_bit14.out,,,,,,,,,,,,,,,,
26,15,MASKED,MASKED_UNFLAGGED,,,,HeCBench/results/llvm17_inject/entropy/float/site26_bit15.out,,,,,,,,,,,,,,,,
26,16,MASKED,MASKED_UNFLAGGED,,,,HeCBench/results/llvm17_inject/entropy/float/site26_bit16.out,,,,,,,,,,,,,,,,
26,17,MASKED,MASKED_UNFLAGGED,,,,HeCBench/results/llvm17_inject/entropy/float/site26_bit17.out,,,,,,,,,,,,,,,,
26,18,MASKED,MASKED_UNFLAGGED,,,,HeCBench/results/llvm17_inject/entropy/float/site26_bit18.out,,,,,,,,,,,,,,,,
26,19,MASKED,MASKED_UNFLAGGED,,,,HeCBench/results/llvm17_inject/entropy/float/site26_bit19.out,,,,,,,,,,,,,,,,
26,20,MASKED,MASKED_UNFLAGGED,,,,HeCBench/results/llvm17_inject/entropy/float/site26_bit20.out,,,,,,,,,,,,,,,,
26,21,MASKED,MASKED_UNFLAGGED,,,,HeCBench/results/llvm17_inject/entropy/float/site26_bit21.out,,,,,,,,,,,,,,,,
26,22,MASKED,MASKED_UNFLAGGED,,,,HeCBench/results/llvm17_inject/entropy/float/site26_bit22.out,,,,,,,,,,,,,,,,
26,23,MASKED,MASKED_UNFLAGGED,,,,HeCBench/results/llvm17_inject/entropy/float/site26_bit23.out,,,,,,,,,,,,,,,,
26,24,MASKED,MASKED_UNFLAGGED,,,,HeCBench/results/llvm17_inject/entropy/float/site26_bit24.out,,,,,,,,,,,,,,,,
26,25,MASKED,MASKED_UNFLAGGED,,,,HeCBench/results/llvm17_inject/entropy/float/site26_bit25.out,,,,,,,,,,,,,,,,
26,26,MASKED,MASKED_UNFLAGGED,,,,HeCBench/results/llvm17_inject/entropy/float/site26_bit26.out,,,,,,,,,,,,,,,,
26,27,MASKED,MASKED_UNFLAGGED,,,,HeCBench/results/llvm17_inject/entropy/float/site26_bit27.out,,,,,,,,,,,,,,,,
26,28,MASKED,MASKED_UNFLAGGED,,,,HeCBench/results/llvm17_inject/entropy/float/site26_bit28.out,,,,,,,,,,,,,,,,
26,29,MASKED,MASKED_UNFLAGGED,,,,HeCBench/results/llvm17_inject/entropy/float/site26_bit29.out,,,,,,,,,,,,,,,,
26,30,MASKED,MASKED_UNFLAGGED,,,,HeCBench/results/llvm17_inject/entropy/float/site26_bit30.out,,,,,,,,,,,,,,,,
26,31,MASKED,MASKED_UNFLAGGED,,,,HeCBench/results/llvm17_inject/entropy/float/site26_bit31.out,,,,,,,,,,,,,,,,
27,0,MASKED,MASKED_UNFLAGGED,,,,HeCBench/results/llvm17_inject/entropy/float/site27_bit0.out,,,,,,,,,,,,,,,,
27,1,MASKED,MASKED_UNFLAGGED,,,,HeCBench/results/llvm17_inject/entropy/float/site27_bit1.out,,,,,,,,,,,,,,,,
27,2,MASKED,MASKED_UNFLAGGED,,,,HeCBench/results/llvm17_inject/entropy/float/site27_bit2.out,,,,,,,,,,,,,,,,
27,3,MASKED,MASKED_UNFLAGGED,,,,HeCBench/results/llvm17_inject/entropy/float/site27_bit3.out,,,,,,,,,,,,,,,,
27,4,MASKED,MASKED_UNFLAGGED,,,,HeCBench/results/llvm17_inject/entropy/float/site27_bit4.out,,,,,,,,,,,,,,,,
27,5,MASKED,MASKED_UNFLAGGED,,,,HeCBench/results/llvm17_inject/entropy/float/site27_bit5.out,,,,,,,,,,,,,,,,
27,6,MASKED,MASKED_UNFLAGGED,,,,HeCBench/results/llvm17_inject/entropy/float/site27_bit6.out,,,,,,,,,,,,,,,,
27,7,MASKED,MASKED_UNFLAGGED,,,,HeCBench/results/llvm17_inject/entropy/float/site27_bit7.out,,,,,,,,,,,,,,,,
27,8,MASKED,MASKED_UNFLAGGED,,,,HeCBench/results/llvm17_inject/entropy/float/site27_bit8.out,,,,,,,,,,,,,,,,
27,9,MASKED,MASKED_UNFLAGGED,,,,HeCBench/results/llvm17_inject/entropy/float/site27_bit9.out,,,,,,,,,,,,,,,,
27,10,MASKED,MASKED_UNFLAGGED,,,,HeCBench/results/llvm17_inject/entropy/float/site27_bit10.out,,,,,,,,,,,,,,,,
27,11,MASKED,MASKED_UNFLAGGED,,,,HeCBench/results/llvm17_inject/entropy/float/site27_bit11.out,,,,,,,,,,,,,,,,
27,12,MASKED,MASKED_UNFLAGGED,,,,HeCBench/results/llvm17_inject/entropy/float/site27_bit12.out,,,,,,,,,,,,,,,,
27,13,MASKED,MASKED_UNFLAGGED,,,,HeCBench/results/llvm17_inject/entropy/float/site27_bit13.out,,,,,,,,,,,,,,,,
27,14,MASKED,MASKED_UNFLAGGED,,,,HeCBench/results/llvm17_inject/entropy/float/site27_bit14.out,,,,,,,,,,,,,,,,
27,15,MASKED,MASKED_UNFLAGGED,,,,HeCBench/results/llvm17_inject/entropy/float/site27_bit15.out,,,,,,,,,,,,,,,,
27,16,MASKED,MASKED_UNFLAGGED,,,,HeCBench/results/llvm17_inject/entropy/float/site27_bit16.out,,,,,,,,,,,,,,,,
27,17,MASKED,MASKED_UNFLAGGED,,,,HeCBench/results/llvm17_inject/entropy/float/site27_bit17.out,,,,,,,,,,,,,,,,
27,18,MASKED,MASKED_UNFLAGGED,,,,HeCBench/results/llvm17_inject/entropy/float/site27_bit18.out,,,,,,,,,,,,,,,,
27,19,MASKED,MASKED_UNFLAGGED,,,,HeCBench/results/llvm17_inject/entropy/float/site27_bit19.out,,,,,,,,,,,,,,,,
27,20,MASKED,MASKED_UNFLAGGED,,,,HeCBench/results/llvm17_inject/entropy/float/site27_bit20.out,,,,,,,,,,,,,,,,
27,21,MASKED,MASKED_UNFLAGGED,,,,HeCBench/results/llvm17_inject/entropy/float/site27_bit21.out,,,,,,,,,,,,,,,,
27,22,MASKED,MASKED_UNFLAGGED,,,,HeCBench/results/llvm17_inject/entropy/float/site27_bit22.out,,,,,,,,,,,,,,,,
27,23,MASKED,MASKED_UNFLAGGED,,,,HeCBench/results/llvm17_inject/entropy/float/site27_bit23.out,,,,,,,,,,,,,,,,
27,24,MASKED,MASKED_UNFLAGGED,,,,HeCBench/results/llvm17_inject/entropy/float/site27_bit24.out,,,,,,,,,,,,,,,,
27,25,MASKED,MASKED_UNFLAGGED,,,,HeCBench/results/llvm17_inject/entropy/float/site27_bit25.out,,,,,,,,,,,,,,,,
27,26,MASKED,MASKED_UNFLAGGED,,,,HeCBench/results/llvm17_inject/entropy/float/site27_bit26.out,,,,,,,,,,,,,,,,
27,27,MASKED,MASKED_UNFLAGGED,,,,HeCBench/results/llvm17_inject/entropy/float/site27_bit27.out,,,,,,,,,,,,,,,,
27,28,MASKED,MASKED_UNFLAGGED,,,,HeCBench/results/llvm17_inject/entropy/float/site27_bit28.out,,,,,,,,,,,,,,,,
27,29,MASKED,MASKED_UNFLAGGED,,,,HeCBench/results/llvm17_inject/entropy/float/site27_bit29.out,,,,,,,,,,,,,,,,
27,30,MASKED,MASKED_UNFLAGGED,,,,HeCBench/results/llvm17_inject/entropy/float/site27_bit30.out,,,,,,,,,,,,,,,,
27,31,MASKED,MASKED_UNFLAGGED,,,,HeCBench/results/llvm17_inject/entropy/float/site27_bit31.out,,,,,,,,,,,,,,,,
28,0,MASKED,MASKED_UNFLAGGED,,,,HeCBench/results/llvm17_inject/entropy/float/site28_bit0.out,,,,,,,,,,,,,,,,
29,0,MASKED,MASKED_UNFLAGGED,,,,HeCBench/results/llvm17_inject/entropy/float/site29_bit0.out,,,,,,,,,,,,,,,,
29,1,MASKED,MASKED_UNFLAGGED,,,,HeCBench/results/llvm17_inject/entropy/float/site29_bit1.out,,,,,,,,,,,,,,,,
29,2,MASKED,MASKED_UNFLAGGED,,,,HeCBench/results/llvm17_inject/entropy/float/site29_bit2.out,,,,,,,,,,,,,,,,
29,3,MASKED,MASKED_UNFLAGGED,,,,HeCBench/results/llvm17_inject/entropy/float/site29_bit3.out,,,,,,,,,,,,,,,,
29,4,MASKED,MASKED_UNFLAGGED,,,,HeCBench/results/llvm17_inject/entropy/float/site29_bit4.out,,,,,,,,,,,,,,,,
29,5,MASKED,MASKED_UNFLAGGED,,,,HeCBench/results/llvm17_inject/entropy/float/site29_bit5.out,,,,,,,,,,,,,,,,
29,6,MASKED,MASKED_UNFLAGGED,,,,HeCBench/results/llvm17_inject/entropy/float/site29_bit6.out,,,,,,,,,,,,,,,,
29,7,MASKED,MASKED_UNFLAGGED,,,,HeCBench/results/llvm17_inject/entropy/float/site29_bit7.out,,,,,,,,,,,,,,,,
29,8,MASKED,MASKED_UNFLAGGED,,,,HeCBench/results/llvm17_inject/entropy/float/site29_bit8.out,,,,,,,,,,,,,,,,
29,9,MASKED,MASKED_UNFLAGGED,,,,HeCBench/results/llvm17_inject/entropy/float/site29_bit9.out,,,,,,,,,,,,,,,,
29,10,MASKED,MASKED_UNFLAGGED,,,,HeCBench/results/llvm17_inject/entropy/float/site29_bit10.out,,,,,,,,,,,,,,,,
29,11,MASKED,MASKED_UNFLAGGED,,,,HeCBench/results/llvm17_inject/entropy/float/site29_bit11.out,,,,,,,,,,,,,,,,
29,12,MASKED,MASKED_UNFLAGGED,,,,HeCBench/results/llvm17_inject/entropy/float/site29_bit12.out,,,,,,,,,,,,,,,,
29,13,MASKED,MASKED_UNFLAGGED,,,,HeCBench/results/llvm17_inject/entropy/float/site29_bit13.out,,,,,,,,,,,,,,,,
29,14,MASKED,MASKED_UNFLAGGED,,,,HeCBench/results/llvm17_inject/entropy/float/site29_bit14.out,,,,,,,,,,,,,,,,
29,15,MASKED,MASKED_UNFLAGGED,,,,HeCBench/results/llvm17_inject/entropy/float/site29_bit15.out,,,,,,,,,,,,,,,,
29,16,MASKED,MASKED_UNFLAGGED,,,,HeCBench/results/llvm17_inject/entropy/float/site29_bit16.out,,,,,,,,,,,,,,,,
29,17,MASKED,MASKED_UNFLAGGED,,,,HeCBench/results/llvm17_inject/entropy/float/site29_bit17.out,,,,,,,,,,,,,,,,
29,18,MASKED,MASKED_UNFLAGGED,,,,HeCBench/results/llvm17_inject/entropy/float/site29_bit18.out,,,,,,,,,,,,,,,,
29,19,MASKED,MASKED_UNFLAGGED,,,,HeCBench/results/llvm17_inject/entropy/float/site29_bit19.out,,,,,,,,,,,,,,,,
29,20,MASKED,MASKED_UNFLAGGED,,,,HeCBench/results/llvm17_inject/entropy/float/site29_bit20.out,,,,,,,,,,,,,,,,
29,21,MASKED,MASKED_UNFLAGGED,,,,HeCBench/results/llvm17_inject/entropy/float/site29_bit21.out,,,,,,,,,,,,,,,,
29,22,MASKED,MASKED_UNFLAGGED,,,,HeCBench/results/llvm17_inject/entropy/float/site29_bit22.out,,,,,,,,,,,,,,,,
29,23,MASKED,MASKED_UNFLAGGED,,,,HeCBench/results/llvm17_inject/entropy/float/site29_bit23.out,,,,,,,,,,,,,,,,
29,24,MASKED,MASKED_UNFLAGGED,,,,HeCBench/results/llvm17_inject/entropy/float/site29_bit24.out,,,,,,,,,,,,,,,,
29,25,MASKED,MASKED_UNFLAGGED,,,,HeCBench/results/llvm17_inject/entropy/float/site29_bit25.out,,,,,,,,,,,,,,,,
29,26,MASKED,MASKED_UNFLAGGED,,,,HeCBench/results/llvm17_inject/entropy/float/site29_bit26.out,,,,,,,,,,,,,,,,
29,27,MASKED,MASKED_UNFLAGGED,,,,HeCBench/results/llvm17_inject/entropy/float/site29_bit27.out,,,,,,,,,,,,,,,,
29,28,MASKED,MASKED_UNFLAGGED,,,,HeCBench/results/llvm17_inject/entropy/float/site29_bit28.out,,,,,,,,,,,,,,,,
29,29,MASKED,MASKED_UNFLAGGED,,,,HeCBench/results/llvm17_inject/entropy/float/site29_bit29.out,,,,,,,,,,,,,,,,
29,30,MASKED,MASKED_UNFLAGGED,,,,HeCBench/results/llvm17_inject/entropy/float/site29_bit30.out,,,,,,,,,,,,,,,,
29,31,MASKED,MASKED_UNFLAGGED,,,,HeCBench/results/llvm17_inject/entropy/float/site29_bit31.out,,,,,,,,,,,,,,,,
30,0,MASKED,MASKED_UNFLAGGED,,,,HeCBench/results/llvm17_inject/entropy/float/site30_bit0.out,,,,,,,,,,,,,,,,
31,0,MASKED,MASKED_UNFLAGGED,,,,HeCBench/results/llvm17_inject/entropy/float/site31_bit0.out,,,,,,,,,,,,,,,,
31,1,MASKED,MASKED_UNFLAGGED,,,,HeCBench/results/llvm17_inject/entropy/float/site31_bit1.out,,,,,,,,,,,,,,,,
31,2,MASKED,MASKED_UNFLAGGED,,,,HeCBench/results/llvm17_inject/entropy/float/site31_bit2.out,,,,,,,,,,,,,,,,
31,3,MASKED,MASKED_UNFLAGGED,,,,HeCBench/results/llvm17_inject/entropy/float/site31_bit3.out,,,,,,,,,,,,,,,,
31,4,MASKED,MASKED_UNFLAGGED,,,,HeCBench/results/llvm17_inject/entropy/float/site31_bit4.out,,,,,,,,,,,,,,,,
31,5,MASKED,MASKED_UNFLAGGED,,,,HeCBench/results/llvm17_inject/entropy/float/site31_bit5.out,,,,,,,,,,,,,,,,
31,6,MASKED,MASKED_UNFLAGGED,,,,HeCBench/results/llvm17_inject/entropy/float/site31_bit6.out,,,,,,,,,,,,,,,,
31,7,MASKED,MASKED_UNFLAGGED,,,,HeCBench/results/llvm17_inject/entropy/float/site31_bit7.out,,,,,,,,,,,,,,,,
31,8,MASKED,MASKED_UNFLAGGED,,,,HeCBench/results/llvm17_inject/entropy/float/site31_bit8.out,,,,,,,,,,,,,,,,
31,9,MASKED,MASKED_UNFLAGGED,,,,HeCBench/results/llvm17_inject/entropy/float/site31_bit9.out,,,,,,,,,,,,,,,,
31,10,MASKED,MASKED_UNFLAGGED,,,,HeCBench/results/llvm17_inject/entropy/float/site31_bit10.out,,,,,,,,,,,,,,,,
31,11,MASKED,MASKED_UNFLAGGED,,,,HeCBench/results/llvm17_inject/entropy/float/site31_bit11.out,,,,,,,,,,,,,,,,
31,12,MASKED,MASKED_UNFLAGGED,,,,HeCBench/results/llvm17_inject/entropy/float/site31_bit12.out,,,,,,,,,,,,,,,,
31,13,MASKED,MASKED_UNFLAGGED,,,,HeCBench/results/llvm17_inject/entropy/float/site31_bit13.out,,,,,,,,,,,,,,,,
31,14,MASKED,MASKED_UNFLAGGED,,,,HeCBench/results/llvm17_inject/entropy/float/site31_bit14.out,,,,,,,,,,,,,,,,
31,15,MASKED,MASKED_UNFLAGGED,,,,HeCBench/results/llvm17_inject/entropy/float/site31_bit15.out,,,,,,,,,,,,,,,,
31,16,MASKED,MASKED_UNFLAGGED,,,,HeCBench/results/llvm17_inject/entropy/float/site31_bit16.out,,,,,,,,,,,,,,,,
31,17,MASKED,MASKED_UNFLAGGED,,,,HeCBench/results/llvm17_inject/entropy/float/site31_bit17.out,,,,,,,,,,,,,,,,
31,18,MASKED,MASKED_UNFLAGGED,,,,HeCBench/results/llvm17_inject/entropy/float/site31_bit18.out,,,,,,,,,,,,,,,,
31,19,MASKED,MASKED_UNFLAGGED,,,,HeCBench/results/llvm17_inject/entropy/float/site31_bit19.out,,,,,,,,,,,,,,,,
31,20,MASKED,MASKED_UNFLAGGED,,,,HeCBench/results/llvm17_inject/entropy/float/site31_bit20.out,,,,,,,,,,,,,,,,
31,21,MASKED,MASKED_UNFLAGGED,,,,HeCBench/results/llvm17_inject/entropy/float/site31_bit21.out,,,,,,,,,,,,,,,,
31,22,MASKED,MASKED_UNFLAGGED,,,,HeCBench/results/llvm17_inject/entropy/float/site31_bit22.out,,,,,,,,,,,,,,,,
31,23,MASKED,MASKED_UNFLAGGED,,,,HeCBench/results/llvm17_inject/entropy/float/site31_bit23.out,,,,,,,,,,,,,,,,
31,24,MASKED,MASKED_UNFLAGGED,,,,HeCBench/results/llvm17_inject/entropy/float/site31_bit24.out,,,,,,,,,,,,,,,,
31,25,MASKED,MASKED_UNFLAGGED,,,,HeCBench/results/llvm17_inject/entropy/float/site31_bit25.out,,,,,,,,,,,,,,,,
31,26,MASKED,MASKED_UNFLAGGED,,,,HeCBench/results/llvm17_inject/entropy/float/site31_bit26.out,,,,,,,,,,,,,,,,
31,27,MASKED,MASKED_UNFLAGGED,,,,HeCBench/results/llvm17_inject/entropy/float/site31_bit27.out,,,,,,,,,,,,,,,,
31,28,MASKED,MASKED_UNFLAGGED,,,,HeCBench/results/llvm17_inject/entropy/float/site31_bit28.out,,,,,,,,,,,,,,,,
31,29,MASKED,MASKED_UNFLAGGED,,,,HeCBench/results/llvm17_inject/entropy/float/site31_bit29.out,,,,,,,,,,,,,,,,
31,30,MASKED,MASKED_UNFLAGGED,,,,HeCBench/results/llvm17_inject/entropy/float/site31_bit30.out,,,,,,,,,,,,,,,,
31,31,MASKED,MASKED_UNFLAGGED,,,,HeCBench/results/llvm17_inject/entropy/float/site31_bit31.out,,,,,,,,,,,,,,,,
32,0,MASKED,MASKED_UNFLAGGED,,,,HeCBench/results/llvm17_inject/entropy/float/site32_bit0.out,,,,,,,,,,,,,,,,
32,1,MASKED,MASKED_UNFLAGGED,,,,HeCBench/results/llvm17_inject/entropy/float/site32_bit1.out,,,,,,,,,,,,,,,,
32,2,MASKED,MASKED_UNFLAGGED,,,,HeCBench/results/llvm17_inject/entropy/float/site32_bit2.out,,,,,,,,,,,,,,,,
32,3,MASKED,MASKED_UNFLAGGED,,,,HeCBench/results/llvm17_inject/entropy/float/site32_bit3.out,,,,,,,,,,,,,,,,
32,4,MASKED,MASKED_UNFLAGGED,,,,HeCBench/results/llvm17_inject/entropy/float/site32_bit4.out,,,,,,,,,,,,,,,,
32,5,MASKED,MASKED_UNFLAGGED,,,,HeCBench/results/llvm17_inject/entropy/float/site32_bit5.out,,,,,,,,,,,,,,,,
32,6,MASKED,MASKED_UNFLAGGED,,,,HeCBench/results/llvm17_inject/entropy/float/site32_bit6.out,,,,,,,,,,,,,,,,
32,7,MASKED,MASKED_UNFLAGGED,,,,HeCBench/results/llvm17_inject/entropy/float/site32_bit7.out,,,,,,,,,,,,,,,,
32,8,MASKED,MASKED_UNFLAGGED,,,,HeCBench/results/llvm17_inject/entropy/float/site32_bit8.out,,,,,,,,,,,,,,,,
32,9,MASKED,MASKED_UNFLAGGED,,,,HeCBench/results/llvm17_inject/entropy/float/site32_bit9.out,,,,,,,,,,,,,,,,
32,10,MASKED,MASKED_UNFLAGGED,,,,HeCBench/results/llvm17_inject/entropy/float/site32_bit10.out,,,,,,,,,,,,,,,,
32,11,MASKED,MASKED_UNFLAGGED,,,,HeCBench/results/llvm17_inject/entropy/float/site32_bit11.out,,,,,,,,,,,,,,,,
32,12,MASKED,MASKED_UNFLAGGED,,,,HeCBench/results/llvm17_inject/entropy/float/site32_bit12.out,,,,,,,,,,,,,,,,
32,13,MASKED,MASKED_UNFLAGGED,,,,HeCBench/results/llvm17_inject/entropy/float/site32_bit13.out,,,,,,,,,,,,,,,,
32,14,MASKED,MASKED_UNFLAGGED,,,,HeCBench/results/llvm17_inject/entropy/float/site32_bit14.out,,,,,,,,,,,,,,,,
32,15,MASKED,MASKED_UNFLAGGED,,,,HeCBench/results/llvm17_inject/entropy/float/site32_bit15.out,,,,,,,,,,,,,,,,
32,16,MASKED,MASKED_UNFLAGGED,,,,HeCBench/results/llvm17_inject/entropy/float/site32_bit16.out,,,,,,,,,,,,,,,,
32,17,MASKED,MASKED_UNFLAGGED,,,,HeCBench/results/llvm17_inject/entropy/float/site32_bit17.out,,,,,,,,,,,,,,,,
32,18,MASKED,MASKED_UNFLAGGED,,,,HeCBench/results/llvm17_inject/entropy/float/site32_bit18.out,,,,,,,,,,,,,,,,
32,19,MASKED,MASKED_UNFLAGGED,,,,HeCBench/results/llvm17_inject/entropy/float/site32_bit19.out,,,,,,,,,,,,,,,,
32,20,MASKED,MASKED_UNFLAGGED,,,,HeCBench/results/llvm17_inject/entropy/float/site32_bit20.out,,,,,,,,,,,,,,,,
32,21,MASKED,MASKED_UNFLAGGED,,,,HeCBench/results/llvm17_inject/entropy/float/site32_bit21.out,,,,,,,,,,,,,,,,
32,22,MASKED,MASKED_UNFLAGGED,,,,HeCBench/results/llvm17_inject/entropy/float/site32_bit22.out,,,,,,,,,,,,,,,,
32,23,MASKED,MASKED_UNFLAGGED,,,,HeCBench/results/llvm17_inject/entropy/float/site32_bit23.out,,,,,,,,,,,,,,,,
32,24,MASKED,MASKED_UNFLAGGED,,,,HeCBench/results/llvm17_inject/entropy/float/site32_bit24.out,,,,,,,,,,,,,,,,
32,25,MASKED,MASKED_UNFLAGGED,,,,HeCBench/results/llvm17_inject/entropy/float/site32_bit25.out,,,,,,,,,,,,,,,,
32,26,MASKED,MASKED_UNFLAGGED,,,,HeCBench/results/llvm17_inject/entropy/float/site32_bit26.out,,,,,,,,,,,,,,,,
32,27,MASKED,MASKED_UNFLAGGED,,,,HeCBench/results/llvm17_inject/entropy/float/site32_bit27.out,,,,,,,,,,,,,,,,
32,28,MASKED,MASKED_UNFLAGGED,,,,HeCBench/results/llvm17_inject/entropy/float/site32_bit28.out,,,,,,,,,,,,,,,,
32,29,MASKED,MASKED_UNFLAGGED,,,,HeCBench/results/llvm17_inject/entropy/float/site32_bit29.out,,,,,,,,,,,,,,,,
32,30,MASKED,MASKED_UNFLAGGED,,,,HeCBench/results/llvm17_inject/entropy/float/site32_bit30.out,,,,,,,,,,,,,,,,
32,31,MASKED,MASKED_UNFLAGGED,,,,HeCBench/results/llvm17_inject/entropy/float/site32_bit31.out,,,,,,,,,,,,,,,,
33,0,MASKED,MASKED_UNFLAGGED,,,,HeCBench/results/llvm17_inject/entropy/float/site33_bit0.out,,,,,,,,,,,,,,,,
33,1,MASKED,MASKED_UNFLAGGED,,,,HeCBench/results/llvm17_inject/entropy/float/site33_bit1.out,,,,,,,,,,,,,,,,
33,2,MASKED,MASKED_UNFLAGGED,,,,HeCBench/results/llvm17_inject/entropy/float/site33_bit2.out,,,,,,,,,,,,,,,,
33,3,MASKED,MASKED_UNFLAGGED,,,,HeCBench/results/llvm17_inject/entropy/float/site33_bit3.out,,,,,,,,,,,,,,,,
33,4,MASKED,MASKED_UNFLAGGED,,,,HeCBench/results/llvm17_inject/entropy/float/site33_bit4.out,,,,,,,,,,,,,,,,
33,5,MASKED,MASKED_UNFLAGGED,,,,HeCBench/results/llvm17_inject/entropy/float/site33_bit5.out,,,,,,,,,,,,,,,,
33,6,MASKED,MASKED_UNFLAGGED,,,,HeCBench/results/llvm17_inject/entropy/float/site33_bit6.out,,,,,,,,,,,,,,,,
33,7,MASKED,MASKED_UNFLAGGED,,,,HeCBench/results/llvm17_inject/entropy/float/site33_bit7.out,,,,,,,,,,,,,,,,
33,8,MASKED,MASKED_UNFLAGGED,,,,HeCBench/results/llvm17_inject/entropy/float/site33_bit8.out,,,,,,,,,,,,,,,,
33,9,MASKED,MASKED_UNFLAGGED,,,,HeCBench/results/llvm17_inject/entropy/float/site33_bit9.out,,,,,,,,,,,,,,,,
33,10,MASKED,MASKED_UNFLAGGED,,,,HeCBench/results/llvm17_inject/entropy/float/site33_bit10.out,,,,,,,,,,,,,,,,
33,11,MASKED,MASKED_UNFLAGGED,,,,HeCBench/results/llvm17_inject/entropy/float/site33_bit11.out,,,,,,,,,,,,,,,,
33,12,MASKED,MASKED_UNFLAGGED,,,,HeCBench/results/llvm17_inject/entropy/float/site33_bit12.out,,,,,,,,,,,,,,,,
33,13,MASKED,MASKED_UNFLAGGED,,,,HeCBench/results/llvm17_inject/entropy/float/site33_bit13.out,,,,,,,,,,,,,,,,
33,14,MASKED,MASKED_UNFLAGGED,,,,HeCBench/results/llvm17_inject/entropy/float/site33_bit14.out,,,,,,,,,,,,,,,,
33,15,MASKED,MASKED_UNFLAGGED,,,,HeCBench/results/llvm17_inject/entropy/float/site33_bit15.out,,,,,,,,,,,,,,,,
33,16,MASKED,MASKED_UNFLAGGED,,,,HeCBench/results/llvm17_inject/entropy/float/site33_bit16.out,,,,,,,,,,,,,,,,
33,17,MASKED,MASKED_UNFLAGGED,,,,HeCBench/results/llvm17_inject/entropy/float/site33_bit17.out,,,,,,,,,,,,,,,,
33,18,MASKED,MASKED_UNFLAGGED,,,,HeCBench/results/llvm17_inject/entropy/float/site33_bit18.out,,,,,,,,,,,,,,,,
33,19,MASKED,MASKED_UNFLAGGED,,,,HeCBench/results/llvm17_inject/entropy/float/site33_bit19.out,,,,,,,,,,,,,,,,
33,20,MASKED,MASKED_UNFLAGGED,,,,HeCBench/results/llvm17_inject/entropy/float/site33_bit20.out,,,,,,,,,,,,,,,,
33,21,MASKED,MASKED_UNFLAGGED,,,,HeCBench/results/llvm17_inject/entropy/float/site33_bit21.out,,,,,,,,,,,,,,,,
33,22,MASKED,MASKED_UNFLAGGED,,,,HeCBench/results/llvm17_inject/entropy/float/site33_bit22.out,,,,,,,,,,,,,,,,
33,23,MASKED,MASKED_UNFLAGGED,,,,HeCBench/results/llvm17_inject/entropy/float/site33_bit23.out,,,,,,,,,,,,,,,,
33,24,MASKED,MASKED_UNFLAGGED,,,,HeCBench/results/llvm17_inject/entropy/float/site33_bit24.out,,,,,,,,,,,,,,,,
33,25,MASKED,MASKED_UNFLAGGED,,,,HeCBench/results/llvm17_inject/entropy/float/site33_bit25.out,,,,,,,,,,,,,,,,
33,26,MASKED,MASKED_UNFLAGGED,,,,HeCBench/results/llvm17_inject/entropy/float/site33_bit26.out,,,,,,,,,,,,,,,,
33,27,MASKED,MASKED_UNFLAGGED,,,,HeCBench/results/llvm17_inject/entropy/float/site33_bit27.out,,,,,,,,,,,,,,,,
33,28,MASKED,MASKED_UNFLAGGED,,,,HeCBench/results/llvm17_inject/entropy/float/site33_bit28.out,,,,,,,,,,,,,,,,
33,29,MASKED,MASKED_UNFLAGGED,,,,HeCBench/results/llvm17_inject/entropy/float/site33_bit29.out,,,,,,,,,,,,,,,,
33,30,MASKED,MASKED_UNFLAGGED,,,,HeCBench/results/llvm17_inject/entropy/float/site33_bit30.out,,,,,,,,,,,,,,,,
33,31,MASKED,MASKED_UNFLAGGED,,,,HeCBench/results/llvm17_inject/entropy/float/site33_bit31.out,,,,,,,,,,,,,,,,
34,0,MASKED,MASKED_UNFLAGGED,,,,HeCBench/results/llvm17_inject/entropy/float/site34_bit0.out,,,,,,,,,,,,,,,,
34,1,MASKED,MASKED_UNFLAGGED,,,,HeCBench/results/llvm17_inject/entropy/float/site34_bit1.out,,,,,,,,,,,,,,,,
34,2,MASKED,MASKED_UNFLAGGED,,,,HeCBench/results/llvm17_inject/entropy/float/site34_bit2.out,,,,,,,,,,,,,,,,
34,3,MASKED,MASKED_UNFLAGGED,,,,HeCBench/results/llvm17_inject/entropy/float/site34_bit3.out,,,,,,,,,,,,,,,,
34,4,MASKED,MASKED_UNFLAGGED,,,,HeCBench/results/llvm17_inject/entropy/float/site34_bit4.out,,,,,,,,,,,,,,,,
34,5,MASKED,MASKED_UNFLAGGED,,,,HeCBench/results/llvm17_inject/entropy/float/site34_bit5.out,,,,,,,,,,,,,,,,
34,6,MASKED,MASKED_UNFLAGGED,,,,HeCBench/results/llvm17_inject/entropy/float/site34_bit6.out,,,,,,,,,,,,,,,,
34,7,MASKED,MASKED_UNFLAGGED,,,,HeCBench/results/llvm17_inject/entropy/float/site34_bit7.out,,,,,,,,,,,,,,,,
34,8,MASKED,MASKED_UNFLAGGED,,,,HeCBench/results/llvm17_inject/entropy/float/site34_bit8.out,,,,,,,,,,,,,,,,
34,9,MASKED,MASKED_UNFLAGGED,,,,HeCBench/results/llvm17_inject/entropy/float/site34_bit9.out,,,,,,,,,,,,,,,,
34,10,MASKED,MASKED_UNFLAGGED,,,,HeCBench/results/llvm17_inject/entropy/float/site34_bit10.out,,,,,,,,,,,,,,,,
34,11,MASKED,MASKED_UNFLAGGED,,,,HeCBench/results/llvm17_inject/entropy/float/site34_bit11.out,,,,,,,,,,,,,,,,
34,12,MASKED,MASKED_UNFLAGGED,,,,HeCBench/results/llvm17_inject/entropy/float/site34_bit12.out,,,,,,,,,,,,,,,,
34,13,MASKED,MASKED_UNFLAGGED,,,,HeCBench/results/llvm17_inject/entropy/float/site34_bit13.out,,,,,,,,,,,,,,,,
34,14,MASKED,MASKED_UNFLAGGED,,,,HeCBench/results/llvm17_inject/entropy/float/site34_bit14.out,,,,,,,,,,,,,,,,
34,15,MASKED,MASKED_UNFLAGGED,,,,HeCBench/results/llvm17_inject/entropy/float/site34_bit15.out,,,,,,,,,,,,,,,,
34,16,MASKED,MASKED_UNFLAGGED,,,,HeCBench/results/llvm17_inject/entropy/float/site34_bit16.out,,,,,,,,,,,,,,,,
34,17,MASKED,MASKED_UNFLAGGED,,,,HeCBench/results/llvm17_inject/entropy/float/site34_bit17.out,,,,,,,,,,,,,,,,
34,18,MASKED,MASKED_UNFLAGGED,,,,HeCBench/results/llvm17_inject/entropy/float/site34_bit18.out,,,,,,,,,,,,,,,,
34,19,MASKED,MASKED_UNFLAGGED,,,,HeCBench/results/llvm17_inject/entropy/float/site34_bit19.out,,,,,,,,,,,,,,,,
34,20,MASKED,MASKED_UNFLAGGED,,,,HeCBench/results/llvm17_inject/entropy/float/site34_bit20.out,,,,,,,,,,,,,,,,
34,21,MASKED,MASKED_UNFLAGGED,,,,HeCBench/results/llvm17_inject/entropy/float/site34_bit21.out,,,,,,,,,,,,,,,,
34,22,MASKED,MASKED_UNFLAGGED,,,,HeCBench/results/llvm17_inject/entropy/float/site34_bit22.out,,,,,,,,,,,,,,,,
34,23,MASKED,MASKED_UNFLAGGED,,,,HeCBench/results/llvm17_inject/entropy/float/site34_bit23.out,,,,,,,,,,,,,,,,
34,24,MASKED,MASKED_UNFLAGGED,,,,HeCBench/results/llvm17_inject/entropy/float/site34_bit24.out,,,,,,,,,,,,,,,,
34,25,MASKED,MASKED_UNFLAGGED,,,,HeCBench/results/llvm17_inject/entropy/float/site34_bit25.out,,,,,,,,,,,,,,,,
34,26,MASKED,MASKED_UNFLAGGED,,,,HeCBench/results/llvm17_inject/entropy/float/site34_bit26.out,,,,,,,,,,,,,,,,
34,27,MASKED,MASKED_UNFLAGGED,,,,HeCBench/results/llvm17_inject/entropy/float/site34_bit27.out,,,,,,,,,,,,,,,,
34,28,MASKED,MASKED_UNFLAGGED,,,,HeCBench/results/llvm17_inject/entropy/float/site34_bit28.out,,,,,,,,,,,,,,,,
34,29,MASKED,MASKED_UNFLAGGED,,,,HeCBench/results/llvm17_inject/entropy/float/site34_bit29.out,,,,,,,,,,,,,,,,
34,30,MASKED,MASKED_UNFLAGGED,,,,HeCBench/results/llvm17_inject/entropy/float/site34_bit30.out,,,,,,,,,,,,,,,,
34,31,MASKED,MASKED_UNFLAGGED,,,,HeCBench/results/llvm17_inject/entropy/float/site34_bit31.out,,,,,,,,,,,,,,,,
35,0,MASKED,MASKED_UNFLAGGED,,,,HeCBench/results/llvm17_inject/entropy/float/site35_bit0.out,,,,,,,,,,,,,,,,
35,1,MASKED,MASKED_UNFLAGGED,,,,HeCBench/results/llvm17_inject/entropy/float/site35_bit1.out,,,,,,,,,,,,,,,,
35,2,MASKED,MASKED_UNFLAGGED,,,,HeCBench/results/llvm17_inject/entropy/float/site35_bit2.out,,,,,,,,,,,,,,,,
35,3,MASKED,MASKED_UNFLAGGED,,,,HeCBench/results/llvm17_inject/entropy/float/site35_bit3.out,,,,,,,,,,,,,,,,
35,4,MASKED,MASKED_UNFLAGGED,,,,HeCBench/results/llvm17_inject/entropy/float/site35_bit4.out,,,,,,,,,,,,,,,,
35,5,MASKED,MASKED_UNFLAGGED,,,,HeCBench/results/llvm17_inject/entropy/float/site35_bit5.out,,,,,,,,,,,,,,,,
35,6,MASKED,MASKED_UNFLAGGED,,,,HeCBench/results/llvm17_inject/entropy/float/site35_bit6.out,,,,,,,,,,,,,,,,
35,7,MASKED,MASKED_UNFLAGGED,,,,HeCBench/results/llvm17_inject/entropy/float/site35_bit7.out,,,,,,,,,,,,,,,,
35,8,MASKED,MASKED_UNFLAGGED,,,,HeCBench/results/llvm17_inject/entropy/float/site35_bit8.out,,,,,,,,,,,,,,,,
35,9,MASKED,MASKED_UNFLAGGED,,,,HeCBench/results/llvm17_inject/entropy/float/site35_bit9.out,,,,,,,,,,,,,,,,
35,10,MASKED,MASKED_UNFLAGGED,,,,HeCBench/results/llvm17_inject/entropy/float/site35_bit10.out,,,,,,,,,,,,,,,,
35,11,MASKED,MASKED_UNFLAGGED,,,,HeCBench/results/llvm17_inject/entropy/float/site35_bit11.out,,,,,,,,,,,,,,,,
35,12,MASKED,MASKED_UNFLAGGED,,,,HeCBench/results/llvm17_inject/entropy/float/site35_bit12.out,,,,,,,,,,,,,,,,
35,13,MASKED,MASKED_UNFLAGGED,,,,HeCBench/results/llvm17_inject/entropy/float/site35_bit13.out,,,,,,,,,,,,,,,,
35,14,MASKED,MASKED_UNFLAGGED,,,,HeCBench/results/llvm17_inject/entropy/float/site35_bit14.out,,,,,,,,,,,,,,,,
35,15,MASKED,MASKED_UNFLAGGED,,,,HeCBench/results/llvm17_inject/entropy/float/site35_bit15.out,,,,,,,,,,,,,,,,
35,16,MASKED,MASKED_UNFLAGGED,,,,HeCBench/results/llvm17_inject/entropy/float/site35_bit16.out,,,,,,,,,,,,,,,,
35,17,MASKED,MASKED_UNFLAGGED,,,,HeCBench/results/llvm17_inject/entropy/float/site35_bit17.out,,,,,,,,,,,,,,,,
35,18,MASKED,MASKED_UNFLAGGED,,,,HeCBench/results/llvm17_inject/entropy/float/site35_bit18.out,,,,,,,,,,,,,,,,
35,19,MASKED,MASKED_UNFLAGGED,,,,HeCBench/results/llvm17_inject/entropy/float/site35_bit19.out,,,,,,,,,,,,,,,,
35,20,MASKED,MASKED_UNFLAGGED,,,,HeCBench/results/llvm17_inject/entropy/float/site35_bit20.out,,,,,,,,,,,,,,,,
35,21,MASKED,MASKED_UNFLAGGED,,,,HeCBench/results/llvm17_inject/entropy/float/site35_bit21.out,,,,,,,,,,,,,,,,
35,22,MASKED,MASKED_UNFLAGGED,,,,HeCBench/results/llvm17_inject/entropy/float/site35_bit22.out,,,,,,,,,,,,,,,,
35,23,MASKED,MASKED_UNFLAGGED,,,,HeCBench/results/llvm17_inject/entropy/float/site35_bit23.out,,,,,,,,,,,,,,,,
35,24,MASKED,MASKED_UNFLAGGED,,,,HeCBench/results/llvm17_inject/entropy/float/site35_bit24.out,,,,,,,,,,,,,,,,
35,25,MASKED,MASKED_UNFLAGGED,,,,HeCBench/results/llvm17_inject/entropy/float/site35_bit25.out,,,,,,,,,,,,,,,,
35,26,MASKED,MASKED_UNFLAGGED,,,,HeCBench/results/llvm17_inject/entropy/float/site35_bit26.out,,,,,,,,,,,,,,,,
35,27,MASKED,MASKED_UNFLAGGED,,,,HeCBench/results/llvm17_inject/entropy/float/site35_bit27.out,,,,,,,,,,,,,,,,
35,28,MASKED,MASKED_UNFLAGGED,,,,HeCBench/results/llvm17_inject/entropy/float/site35_bit28.out,,,,,,,,,,,,,,,,
35,29,MASKED,MASKED_UNFLAGGED,,,,HeCBench/results/llvm17_inject/entropy/float/site35_bit29.out,,,,,,,,,,,,,,,,
35,30,MASKED,MASKED_UNFLAGGED,,,,HeCBench/results/llvm17_inject/entropy/float/site35_bit30.out,,,,,,,,,,,,,,,,
35,31,MASKED,MASKED_UNFLAGGED,,,,HeCBench/results/llvm17_inject/entropy/float/site35_bit31.out,,,,,,,,,,,,,,,,
36,0,MASKED,MASKED_UNFLAGGED,,,,HeCBench/results/llvm17_inject/entropy/float/site36_bit0.out,,,,,,,,,,,,,,,,
36,1,MASKED,MASKED_UNFLAGGED,,,,HeCBench/results/llvm17_inject/entropy/float/site36_bit1.out,,,,,,,,,,,,,,,,
36,2,MASKED,MASKED_UNFLAGGED,,,,HeCBench/results/llvm17_inject/entropy/float/site36_bit2.out,,,,,,,,,,,,,,,,
36,3,MASKED,MASKED_UNFLAGGED,,,,HeCBench/results/llvm17_inject/entropy/float/site36_bit3.out,,,,,,,,,,,,,,,,
36,4,MASKED,MASKED_UNFLAGGED,,,,HeCBench/results/llvm17_inject/entropy/float/site36_bit4.out,,,,,,,,,,,,,,,,
36,5,MASKED,MASKED_UNFLAGGED,,,,HeCBench/results/llvm17_inject/entropy/float/site36_bit5.out,,,,,,,,,,,,,,,,
36,6,MASKED,MASKED_UNFLAGGED,,,,HeCBench/results/llvm17_inject/entropy/float/site36_bit6.out,,,,,,,,,,,,,,,,
36,7,MASKED,MASKED_UNFLAGGED,,,,HeCBench/results/llvm17_inject/entropy/float/site36_bit7.out,,,,,,,,,,,,,,,,
36,8,MASKED,MASKED_UNFLAGGED,,,,HeCBench/results/llvm17_inject/entropy/float/site36_bit8.out,,,,,,,,,,,,,,,,
36,9,MASKED,MASKED_UNFLAGGED,,,,HeCBench/results/llvm17_inject/entropy/float/site36_bit9.out,,,,,,,,,,,,,,,,
36,10,MASKED,MASKED_UNFLAGGED,,,,HeCBench/results/llvm17_inject/entropy/float/site36_bit10.out,,,,,,,,,,,,,,,,
36,11,MASKED,MASKED_UNFLAGGED,,,,HeCBench/results/llvm17_inject/entropy/float/site36_bit11.out,,,,,,,,,,,,,,,,
36,12,MASKED,MASKED_UNFLAGGED,,,,HeCBench/results/llvm17_inject/entropy/float/site36_bit12.out,,,,,,,,,,,,,,,,
36,13,MASKED,MASKED_UNFLAGGED,,,,HeCBench/results/llvm17_inject/entropy/float/site36_bit13.out,,,,,,,,,,,,,,,,
36,14,MASKED,MASKED_UNFLAGGED,,,,HeCBench/results/llvm17_inject/entropy/float/site36_bit14.out,,,,,,,,,,,,,,,,
36,15,MASKED,MASKED_UNFLAGGED,,,,HeCBench/results/llvm17_inject/entropy/float/site36_bit15.out,,,,,,,,,,,,,,,,
36,16,MASKED,MASKED_UNFLAGGED,,,,HeCBench/results/llvm17_inject/entropy/float/site36_bit16.out,,,,,,,,,,,,,,,,
36,17,MASKED,MASKED_UNFLAGGED,,,,HeCBench/results/llvm17_inject/entropy/float/site36_bit17.out,,,,,,,,,,,,,,,,
36,18,MASKED,MASKED_UNFLAGGED,,,,HeCBench/results/llvm17_inject/entropy/float/site36_bit18.out,,,,,,,,,,,,,,,,
36,19,MASKED,MASKED_UNFLAGGED,,,,HeCBench/results/llvm17_inject/entropy/float/site36_bit19.out,,,,,,,,,,,,,,,,
36,20,MASKED,MASKED_UNFLAGGED,,,,HeCBench/results/llvm17_inject/entropy/float/site36_bit20.out,,,,,,,,,,,,,,,,
36,21,MASKED,MASKED_UNFLAGGED,,,,HeCBench/results/llvm17_inject/entropy/float/site36_bit21.out,,,,,,,,,,,,,,,,
36,22,MASKED,MASKED_UNFLAGGED,,,,HeCBench/results/llvm17_inject/entropy/float/site36_bit22.out,,,,,,,,,,,,,,,,
36,23,MASKED,MASKED_UNFLAGGED,,,,HeCBench/results/llvm17_inject/entropy/float/site36_bit23.out,,,,,,,,,,,,,,,,
36,24,MASKED,MASKED_UNFLAGGED,,,,HeCBench/results/llvm17_inject/entropy/float/site36_bit24.out,,,,,,,,,,,,,,,,
36,25,MASKED,MASKED_UNFLAGGED,,,,HeCBench/results/llvm17_inject/entropy/float/site36_bit25.out,,,,,,,,,,,,,,,,
36,26,MASKED,MASKED_UNFLAGGED,,,,HeCBench/results/llvm17_inject/entropy/float/site36_bit26.out,,,,,,,,,,,,,,,,
36,27,MASKED,MASKED_UNFLAGGED,,,,HeCBench/results/llvm17_inject/entropy/float/site36_bit27.out,,,,,,,,,,,,,,,,
36,28,MASKED,MASKED_UNFLAGGED,,,,HeCBench/results/llvm17_inject/entropy/float/site36_bit28.out,,,,,,,,,,,,,,,,
36,29,MASKED,MASKED_UNFLAGGED,,,,HeCBench/results/llvm17_inject/entropy/float/site36_bit29.out,,,,,,,,,,,,,,,,
36,30,MASKED,MASKED_UNFLAGGED,,,,HeCBench/results/llvm17_inject/entropy/float/site36_bit30.out,,,,,,,,,,,,,,,,
36,31,MASKED,MASKED_UNFLAGGED,,,,HeCBench/results/llvm17_inject/entropy/float/site36_bit31.out,,,,,,,,,,,,,,,,
37,0,MASKED,MASKED_UNFLAGGED,,,,HeCBench/results/llvm17_inject/entropy/float/site37_bit0.out,,,,,,,,,,,,,,,,
37,1,MASKED,MASKED_UNFLAGGED,,,,HeCBench/results/llvm17_inject/entropy/float/site37_bit1.out,,,,,,,,,,,,,,,,
37,2,MASKED,MASKED_UNFLAGGED,,,,HeCBench/results/llvm17_inject/entropy/float/site37_bit2.out,,,,,,,,,,,,,,,,
37,3,MASKED,MASKED_UNFLAGGED,,,,HeCBench/results/llvm17_inject/entropy/float/site37_bit3.out,,,,,,,,,,,,,,,,
37,4,MASKED,MASKED_UNFLAGGED,,,,HeCBench/results/llvm17_inject/entropy/float/site37_bit4.out,,,,,,,,,,,,,,,,
37,5,MASKED,MASKED_UNFLAGGED,,,,HeCBench/results/llvm17_inject/entropy/float/site37_bit5.out,,,,,,,,,,,,,,,,
37,6,MASKED,MASKED_UNFLAGGED,,,,HeCBench/results/llvm17_inject/entropy/float/site37_bit6.out,,,,,,,,,,,,,,,,
37,7,MASKED,MASKED_UNFLAGGED,,,,HeCBench/results/llvm17_inject/entropy/float/site37_bit7.out,,,,,,,,,,,,,,,,
37,8,MASKED,MASKED_UNFLAGGED,,,,HeCBench/results/llvm17_inject/entropy/float/site37_bit8.out,,,,,,,,,,,,,,,,
37,9,MASKED,MASKED_UNFLAGGED,,,,HeCBench/results/llvm17_inject/entropy/float/site37_bit9.out,,,,,,,,,,,,,,,,
37,10,MASKED,MASKED_UNFLAGGED,,,,HeCBench/results/llvm17_inject/entropy/float/site37_bit10.out,,,,,,,,,,,,,,,,
37,11,MASKED,MASKED_UNFLAGGED,,,,HeCBench/results/llvm17_inject/entropy/float/site37_bit11.out,,,,,,,,,,,,,,,,
37,12,MASKED,MASKED_UNFLAGGED,,,,HeCBench/results/llvm17_inject/entropy/float/site37_bit12.out,,,,,,,,,,,,,,,,
37,13,MASKED,MASKED_UNFLAGGED,,,,HeCBench/results/llvm17_inject/entropy/float/site37_bit13.out,,,,,,,,,,,,,,,,
37,14,MASKED,MASKED_UNFLAGGED,,,,HeCBench/results/llvm17_inject/entropy/float/site37_bit14.out,,,,,,,,,,,,,,,,
37,15,MASKED,MASKED_UNFLAGGED,,,,HeCBench/results/llvm17_inject/entropy/float/site37_bit15.out,,,,,,,,,,,,,,,,
37,16,MASKED,MASKED_UNFLAGGED,,,,HeCBench/results/llvm17_inject/entropy/float/site37_bit16.out,,,,,,,,,,,,,,,,
37,17,MASKED,MASKED_UNFLAGGED,,,,HeCBench/results/llvm17_inject/entropy/float/site37_bit17.out,,,,,,,,,,,,,,,,
37,18,MASKED,MASKED_UNFLAGGED,,,,HeCBench/results/llvm17_inject/entropy/float/site37_bit18.out,,,,,,,,,,,,,,,,
37,19,MASKED,MASKED_UNFLAGGED,,,,HeCBench/results/llvm17_inject/entropy/float/site37_bit19.out,,,,,,,,,,,,,,,,
37,20,MASKED,MASKED_UNFLAGGED,,,,HeCBench/results/llvm17_inject/entropy/float/site37_bit20.out,,,,,,,,,,,,,,,,
37,21,MASKED,MASKED_UNFLAGGED,,,,HeCBench/results/llvm17_inject/entropy/float/site37_bit21.out,,,,,,,,,,,,,,,,
37,22,MASKED,MASKED_UNFLAGGED,,,,HeCBench/results/llvm17_inject/entropy/float/site37_bit22.out,,,,,,,,,,,,,,,,
37,23,MASKED,MASKED_UNFLAGGED,,,,HeCBench/results/llvm17_inject/entropy/float/site37_bit23.out,,,,,,,,,,,,,,,,
37,24,MASKED,MASKED_UNFLAGGED,,,,HeCBench/results/llvm17_inject/entropy/float/site37_bit24.out,,,,,,,,,,,,,,,,
37,25,MASKED,MASKED_UNFLAGGED,,,,HeCBench/results/llvm17_inject/entropy/float/site37_bit25.out,,,,,,,,,,,,,,,,
37,26,MASKED,MASKED_UNFLAGGED,,,,HeCBench/results/llvm17_inject/entropy/float/site37_bit26.out,,,,,,,,,,,,,,,,
37,27,MASKED,MASKED_UNFLAGGED,,,,HeCBench/results/llvm17_inject/entropy/float/site37_bit27.out,,,,,,,,,,,,,,,,
37,28,MASKED,MASKED_UNFLAGGED,,,,HeCBench/results/llvm17_inject/entropy/float/site37_bit28.out,,,,,,,,,,,,,,,,
37,29,MASKED,MASKED_UNFLAGGED,,,,HeCBench/results/llvm17_inject/entropy/float/site37_bit29.out,,,,,,,,,,,,,,,,
37,30,MASKED,MASKED_UNFLAGGED,,,,HeCBench/results/llvm17_inject/entropy/float/site37_bit30.out,,,,,,,,,,,,,,,,
37,31,MASKED,MASKED_UNFLAGGED,,,,HeCBench/results/llvm17_inject/entropy/float/site37_bit31.out,,,,,,,,,,,,,,,,
38,0,MASKED,MASKED_UNFLAGGED,,,,HeCBench/results/llvm17_inject/entropy/float/site38_bit0.out,,,,,,,,,,,,,,,,
39,0,MASKED,MASKED_UNFLAGGED,,,,HeCBench/results/llvm17_inject/entropy/float/site39_bit0.out,,,,,,,,,,,,,,,,
39,1,MASKED,MASKED_UNFLAGGED,,,,HeCBench/results/llvm17_inject/entropy/float/site39_bit1.out,,,,,,,,,,,,,,,,
39,2,MASKED,MASKED_UNFLAGGED,,,,HeCBench/results/llvm17_inject/entropy/float/site39_bit2.out,,,,,,,,,,,,,,,,
39,3,MASKED,MASKED_UNFLAGGED,,,,HeCBench/results/llvm17_inject/entropy/float/site39_bit3.out,,,,,,,,,,,,,,,,
39,4,MASKED,MASKED_UNFLAGGED,,,,HeCBench/results/llvm17_inject/entropy/float/site39_bit4.out,,,,,,,,,,,,,,,,
39,5,MASKED,MASKED_UNFLAGGED,,,,HeCBench/results/llvm17_inject/entropy/float/site39_bit5.out,,,,,,,,,,,,,,,,
39,6,MASKED,MASKED_UNFLAGGED,,,,HeCBench/results/llvm17_inject/entropy/float/site39_bit6.out,,,,,,,,,,,,,,,,
39,7,MASKED,MASKED_UNFLAGGED,,,,HeCBench/results/llvm17_inject/entropy/float/site39_bit7.out,,,,,,,,,,,,,,,,
39,8,MASKED,MASKED_UNFLAGGED,,,,HeCBench/results/llvm17_inject/entropy/float/site39_bit8.out,,,,,,,,,,,,,,,,
39,9,MASKED,MASKED_UNFLAGGED,,,,HeCBench/results/llvm17_inject/entropy/float/site39_bit9.out,,,,,,,,,,,,,,,,
39,10,MASKED,MASKED_UNFLAGGED,,,,HeCBench/results/llvm17_inject/entropy/float/site39_bit10.out,,,,,,,,,,,,,,,,
39,11,MASKED,MASKED_UNFLAGGED,,,,HeCBench/results/llvm17_inject/entropy/float/site39_bit11.out,,,,,,,,,,,,,,,,
39,12,MASKED,MASKED_UNFLAGGED,,,,HeCBench/results/llvm17_inject/entropy/float/site39_bit12.out,,,,,,,,,,,,,,,,
39,13,MASKED,MASKED_UNFLAGGED,,,,HeCBench/results/llvm17_inject/entropy/float/site39_bit13.out,,,,,,,,,,,,,,,,
39,14,MASKED,MASKED_UNFLAGGED,,,,HeCBench/results/llvm17_inject/entropy/float/site39_bit14.out,,,,,,,,,,,,,,,,
39,15,MASKED,MASKED_UNFLAGGED,,,,HeCBench/results/llvm17_inject/entropy/float/site39_bit15.out,,,,,,,,,,,,,,,,
39,16,MASKED,MASKED_UNFLAGGED,,,,HeCBench/results/llvm17_inject/entropy/float/site39_bit16.out,,,,,,,,,,,,,,,,
39,17,MASKED,MASKED_UNFLAGGED,,,,HeCBench/results/llvm17_inject/entropy/float/site39_bit17.out,,,,,,,,,,,,,,,,
39,18,MASKED,MASKED_UNFLAGGED,,,,HeCBench/results/llvm17_inject/entropy/float/site39_bit18.out,,,,,,,,,,,,,,,,
39,19,MASKED,MASKED_UNFLAGGED,,,,HeCBench/results/llvm17_inject/entropy/float/site39_bit19.out,,,,,,,,,,,,,,,,
39,20,MASKED,MASKED_UNFLAGGED,,,,HeCBench/results/llvm17_inject/entropy/float/site39_bit20.out,,,,,,,,,,,,,,,,
39,21,MASKED,MASKED_UNFLAGGED,,,,HeCBench/results/llvm17_inject/entropy/float/site39_bit21.out,,,,,,,,,,,,,,,,
39,22,MASKED,MASKED_UNFLAGGED,,,,HeCBench/results/llvm17_inject/entropy/float/site39_bit22.out,,,,,,,,,,,,,,,,
39,23,MASKED,MASKED_UNFLAGGED,,,,HeCBench/results/llvm17_inject/entropy/float/site39_bit23.out,,,,,,,,,,,,,,,,
39,24,MASKED,MASKED_UNFLAGGED,,,,HeCBench/results/llvm17_inject/entropy/float/site39_bit24.out,,,,,,,,,,,,,,,,
39,25,MASKED,MASKED_UNFLAGGED,,,,HeCBench/results/llvm17_inject/entropy/float/site39_bit25.out,,,,,,,,,,,,,,,,
39,26,MASKED,MASKED_UNFLAGGED,,,,HeCBench/results/llvm17_inject/entropy/float/site39_bit26.out,,,,,,,,,,,,,,,,
39,27,MASKED,MASKED_UNFLAGGED,,,,HeCBench/results/llvm17_inject/entropy/float/site39_bit27.out,,,,,,,,,,,,,,,,
39,28,MASKED,MASKED_UNFLAGGED,,,,HeCBench/results/llvm17_inject/entropy/float/site39_bit28.out,,,,,,,,,,,,,,,,
39,29,MASKED,MASKED_UNFLAGGED,,,,HeCBench/results/llvm17_inject/entropy/float/site39_bit29.out,,,,,,,,,,,,,,,,
39,30,MASKED,MASKED_UNFLAGGED,,,,HeCBench/results/llvm17_inject/entropy/float/site39_bit30.out,,,,,,,,,,,,,,,,
39,31,MASKED,MASKED_UNFLAGGED,,,,HeCBench/results/llvm17_inject/entropy/float/site39_bit31.out,,,,,,,,,,,,,,,,
40,0,MASKED,MASKED_UNFLAGGED,,,,HeCBench/results/llvm17_inject/entropy/float/site40_bit0.out,,,,,,,,,,,,,,,,
41,0,MASKED,MASKED_UNFLAGGED,,,,HeCBench/results/llvm17_inject/entropy/float/site41_bit0.out,,,,,,,,,,,,,,,,
41,1,MASKED,MASKED_UNFLAGGED,,,,HeCBench/results/llvm17_inject/entropy/float/site41_bit1.out,,,,,,,,,,,,,,,,
41,2,MASKED,MASKED_UNFLAGGED,,,,HeCBench/results/llvm17_inject/entropy/float/site41_bit2.out,,,,,,,,,,,,,,,,
41,3,MASKED,MASKED_UNFLAGGED,,,,HeCBench/results/llvm17_inject/entropy/float/site41_bit3.out,,,,,,,,,,,,,,,,
41,4,MASKED,MASKED_UNFLAGGED,,,,HeCBench/results/llvm17_inject/entropy/float/site41_bit4.out,,,,,,,,,,,,,,,,
41,5,MASKED,MASKED_UNFLAGGED,,,,HeCBench/results/llvm17_inject/entropy/float/site41_bit5.out,,,,,,,,,,,,,,,,
41,6,MASKED,MASKED_UNFLAGGED,,,,HeCBench/results/llvm17_inject/entropy/float/site41_bit6.out,,,,,,,,,,,,,,,,
41,7,MASKED,MASKED_UNFLAGGED,,,,HeCBench/results/llvm17_inject/entropy/float/site41_bit7.out,,,,,,,,,,,,,,,,
41,8,MASKED,MASKED_UNFLAGGED,,,,HeCBench/results/llvm17_inject/entropy/float/site41_bit8.out,,,,,,,,,,,,,,,,
41,9,MASKED,MASKED_UNFLAGGED,,,,HeCBench/results/llvm17_inject/entropy/float/site41_bit9.out,,,,,,,,,,,,,,,,
41,10,MASKED,MASKED_UNFLAGGED,,,,HeCBench/results/llvm17_inject/entropy/float/site41_bit10.out,,,,,,,,,,,,,,,,
41,11,MASKED,MASKED_UNFLAGGED,,,,HeCBench/results/llvm17_inject/entropy/float/site41_bit11.out,,,,,,,,,,,,,,,,
41,12,MASKED,MASKED_UNFLAGGED,,,,HeCBench/results/llvm17_inject/entropy/float/site41_bit12.out,,,,,,,,,,,,,,,,
41,13,MASKED,MASKED_UNFLAGGED,,,,HeCBench/results/llvm17_inject/entropy/float/site41_bit13.out,,,,,,,,,,,,,,,,
41,14,MASKED,MASKED_UNFLAGGED,,,,HeCBench/results/llvm17_inject/entropy/float/site41_bit14.out,,,,,,,,,,,,,,,,
41,15,MASKED,MASKED_UNFLAGGED,,,,HeCBench/results/llvm17_inject/entropy/float/site41_bit15.out,,,,,,,,,,,,,,,,
41,16,MASKED,MASKED_UNFLAGGED,,,,HeCBench/results/llvm17_inject/entropy/float/site41_bit16.out,,,,,,,,,,,,,,,,
41,17,MASKED,MASKED_UNFLAGGED,,,,HeCBench/results/llvm17_inject/entropy/float/site41_bit17.out,,,,,,,,,,,,,,,,
41,18,MASKED,MASKED_UNFLAGGED,,,,HeCBench/results/llvm17_inject/entropy/float/site41_bit18.out,,,,,,,,,,,,,,,,
41,19,MASKED,MASKED_UNFLAGGED,,,,HeCBench/results/llvm17_inject/entropy/float/site41_bit19.out,,,,,,,,,,,,,,,,
41,20,MASKED,MASKED_UNFLAGGED,,,,HeCBench/results/llvm17_inject/entropy/float/site41_bit20.out,,,,,,,,,,,,,,,,
41,21,MASKED,MASKED_UNFLAGGED,,,,HeCBench/results/llvm17_inject/entropy/float/site41_bit21.out,,,,,,,,,,,,,,,,
41,22,MASKED,MASKED_UNFLAGGED,,,,HeCBench/results/llvm17_inject/entropy/float/site41_bit22.out,,,,,,,,,,,,,,,,
41,23,MASKED,MASKED_UNFLAGGED,,,,HeCBench/results/llvm17_inject/entropy/float/site41_bit23.out,,,,,,,,,,,,,,,,
41,24,MASKED,MASKED_UNFLAGGED,,,,HeCBench/results/llvm17_inject/entropy/float/site41_bit24.out,,,,,,,,,,,,,,,,
41,25,MASKED,MASKED_UNFLAGGED,,,,HeCBench/results/llvm17_inject/entropy/float/site41_bit25.out,,,,,,,,,,,,,,,,
41,26,MASKED,MASKED_UNFLAGGED,,,,HeCBench/results/llvm17_inject/entropy/float/site41_bit26.out,,,,,,,,,,,,,,,,
41,27,MASKED,MASKED_UNFLAGGED,,,,HeCBench/results/llvm17_inject/entropy/float/site41_bit27.out,,,,,,,,,,,,,,,,
41,28,MASKED,MASKED_UNFLAGGED,,,,HeCBench/results/llvm17_inject/entropy/float/site41_bit28.out,,,,,,,,,,,,,,,,
41,29,MASKED,MASKED_UNFLAGGED,,,,HeCBench/results/llvm17_inject/entropy/float/site41_bit29.out,,,,,,,,,,,,,,,,
41,30,MASKED,MASKED_UNFLAGGED,,,,HeCBench/results/llvm17_inject/entropy/float/site41_bit30.out,,,,,,,,,,,,,,,,
41,31,MASKED,MASKED_UNFLAGGED,,,,HeCBench/results/llvm17_inject/entropy/float/site41_bit31.out,,,,,,,,,,,,,,,,
42,0,MASKED,MASKED_UNFLAGGED,,,,HeCBench/results/llvm17_inject/entropy/float/site42_bit0.out,,,,,,,,,,,,,,,,
42,1,MASKED,MASKED_UNFLAGGED,,,,HeCBench/results/llvm17_inject/entropy/float/site42_bit1.out,,,,,,,,,,,,,,,,
42,2,MASKED,MASKED_UNFLAGGED,,,,HeCBench/results/llvm17_inject/entropy/float/site42_bit2.out,,,,,,,,,,,,,,,,
42,3,MASKED,MASKED_UNFLAGGED,,,,HeCBench/results/llvm17_inject/entropy/float/site42_bit3.out,,,,,,,,,,,,,,,,
42,4,MASKED,MASKED_UNFLAGGED,,,,HeCBench/results/llvm17_inject/entropy/float/site42_bit4.out,,,,,,,,,,,,,,,,
42,5,MASKED,MASKED_UNFLAGGED,,,,HeCBench/results/llvm17_inject/entropy/float/site42_bit5.out,,,,,,,,,,,,,,,,
42,6,MASKED,MASKED_UNFLAGGED,,,,HeCBench/results/llvm17_inject/entropy/float/site42_bit6.out,,,,,,,,,,,,,,,,
42,7,MASKED,MASKED_UNFLAGGED,,,,HeCBench/results/llvm17_inject/entropy/float/site42_bit7.out,,,,,,,,,,,,,,,,
42,8,MASKED,MASKED_UNFLAGGED,,,,HeCBench/results/llvm17_inject/entropy/float/site42_bit8.out,,,,,,,,,,,,,,,,
42,9,MASKED,MASKED_UNFLAGGED,,,,HeCBench/results/llvm17_inject/entropy/float/site42_bit9.out,,,,,,,,,,,,,,,,
42,10,MASKED,MASKED_UNFLAGGED,,,,HeCBench/results/llvm17_inject/entropy/float/site42_bit10.out,,,,,,,,,,,,,,,,
42,11,MASKED,MASKED_UNFLAGGED,,,,HeCBench/results/llvm17_inject/entropy/float/site42_bit11.out,,,,,,,,,,,,,,,,
42,12,MASKED,MASKED_UNFLAGGED,,,,HeCBench/results/llvm17_inject/entropy/float/site42_bit12.out,,,,,,,,,,,,,,,,
42,13,MASKED,MASKED_UNFLAGGED,,,,HeCBench/results/llvm17_inject/entropy/float/site42_bit13.out,,,,,,,,,,,,,,,,
42,14,MASKED,MASKED_UNFLAGGED,,,,HeCBench/results/llvm17_inject/entropy/float/site42_bit14.out,,,,,,,,,,,,,,,,
42,15,MASKED,MASKED_UNFLAGGED,,,,HeCBench/results/llvm17_inject/entropy/float/site42_bit15.out,,,,,,,,,,,,,,,,
42,16,MASKED,MASKED_UNFLAGGED,,,,HeCBench/results/llvm17_inject/entropy/float/site42_bit16.out,,,,,,,,,,,,,,,,
42,17,MASKED,MASKED_UNFLAGGED,,,,HeCBench/results/llvm17_inject/entropy/float/site42_bit17.out,,,,,,,,,,,,,,,,
42,18,MASKED,MASKED_UNFLAGGED,,,,HeCBench/results/llvm17_inject/entropy/float/site42_bit18.out,,,,,,,,,,,,,,,,
42,19,MASKED,MASKED_UNFLAGGED,,,,HeCBench/results/llvm17_inject/entropy/float/site42_bit19.out,,,,,,,,,,,,,,,,
42,20,MASKED,MASKED_UNFLAGGED,,,,HeCBench/results/llvm17_inject/entropy/float/site42_bit20.out,,,,,,,,,,,,,,,,
42,21,MASKED,MASKED_UNFLAGGED,,,,HeCBench/results/llvm17_inject/entropy/float/site42_bit21.out,,,,,,,,,,,,,,,,
42,22,MASKED,MASKED_UNFLAGGED,,,,HeCBench/results/llvm17_inject/entropy/float/site42_bit22.out,,,,,,,,,,,,,,,,
42,23,MASKED,MASKED_UNFLAGGED,,,,HeCBench/results/llvm17_inject/entropy/float/site42_bit23.out,,,,,,,,,,,,,,,,
42,24,MASKED,MASKED_UNFLAGGED,,,,HeCBench/results/llvm17_inject/entropy/float/site42_bit24.out,,,,,,,,,,,,,,,,
42,25,MASKED,MASKED_UNFLAGGED,,,,HeCBench/results/llvm17_inject/entropy/float/site42_bit25.out,,,,,,,,,,,,,,,,
42,26,MASKED,MASKED_UNFLAGGED,,,,HeCBench/results/llvm17_inject/entropy/float/site42_bit26.out,,,,,,,,,,,,,,,,
42,27,MASKED,MASKED_UNFLAGGED,,,,HeCBench/results/llvm17_inject/entropy/float/site42_bit27.out,,,,,,,,,,,,,,,,
42,28,MASKED,MASKED_UNFLAGGED,,,,HeCBench/results/llvm17_inject/entropy/float/site42_bit28.out,,,,,,,,,,,,,,,,
42,29,MASKED,MASKED_UNFLAGGED,,,,HeCBench/results/llvm17_inject/entropy/float/site42_bit29.out,,,,,,,,,,,,,,,,
42,30,MASKED,MASKED_UNFLAGGED,,,,HeCBench/results/llvm17_inject/entropy/float/site42_bit30.out,,,,,,,,,,,,,,,,
42,31,MASKED,MASKED_UNFLAGGED,,,,HeCBench/results/llvm17_inject/entropy/float/site42_bit31.out,,,,,,,,,,,,,,,,
43,0,MASKED,MASKED_UNFLAGGED,,,,HeCBench/results/llvm17_inject/entropy/float/site43_bit0.out,,,,,,,,,,,,,,,,
44,0,MASKED,MASKED_UNFLAGGED,,,,HeCBench/results/llvm17_inject/entropy/float/site44_bit0.out,,,,,,,,,,,,,,,,
44,1,MASKED,MASKED_UNFLAGGED,,,,HeCBench/results/llvm17_inject/entropy/float/site44_bit1.out,,,,,,,,,,,,,,,,
44,2,MASKED,MASKED_UNFLAGGED,,,,HeCBench/results/llvm17_inject/entropy/float/site44_bit2.out,,,,,,,,,,,,,,,,
44,3,MASKED,MASKED_UNFLAGGED,,,,HeCBench/results/llvm17_inject/entropy/float/site44_bit3.out,,,,,,,,,,,,,,,,
44,4,MASKED,MASKED_UNFLAGGED,,,,HeCBench/results/llvm17_inject/entropy/float/site44_bit4.out,,,,,,,,,,,,,,,,
44,5,MASKED,MASKED_UNFLAGGED,,,,HeCBench/results/llvm17_inject/entropy/float/site44_bit5.out,,,,,,,,,,,,,,,,
44,6,MASKED,MASKED_UNFLAGGED,,,,HeCBench/results/llvm17_inject/entropy/float/site44_bit6.out,,,,,,,,,,,,,,,,
44,7,MASKED,MASKED_UNFLAGGED,,,,HeCBench/results/llvm17_inject/entropy/float/site44_bit7.out,,,,,,,,,,,,,,,,
44,8,MASKED,MASKED_UNFLAGGED,,,,HeCBench/results/llvm17_inject/entropy/float/site44_bit8.out,,,,,,,,,,,,,,,,
44,9,MASKED,MASKED_UNFLAGGED,,,,HeCBench/results/llvm17_inject/entropy/float/site44_bit9.out,,,,,,,,,,,,,,,,
44,10,SDC,SDC_FLAGGED,0,kernel_reported_fail,,HeCBench/results/llvm17_inject/entropy/float/site44_bit10.out,,,,,,,,,,,,,,,,
44,11,SDC,SDC_FLAGGED,0,kernel_reported_fail,,HeCBench/results/llvm17_inject/entropy/float/site44_bit11.out,,,,,,,,,,,,,,,,
44,12,MASKED,MASKED_UNFLAGGED,,,,HeCBench/results/llvm17_inject/entropy/float/site44_bit12.out,,,,,,,,,,,,,,,,
44,13,SDC,SDC_FLAGGED,0,kernel_reported_fail,,HeCBench/results/llvm17_inject/entropy/float/site44_bit13.out,,,,,,,,,,,,,,,,
44,14,SDC,SDC_FLAGGED,0,kernel_reported_fail,,HeCBench/results/llvm17_inject/entropy/float/site44_bit14.out,,,,,,,,,,,,,,,,
44,15,SDC,SDC_FLAGGED,0,kernel_reported_fail,,HeCBench/results/llvm17_inject/entropy/float/site44_bit15.out,,,,,,,,,,,,,,,,
44,16,SDC,SDC_FLAGGED,0,kernel_reported_fail,,HeCBench/results/llvm17_inject/entropy/float/site44_bit16.out,,,,,,,,,,,,,,,,
44,17,SDC,SDC_FLAGGED,0,kernel_reported_fail,,HeCBench/results/llvm17_inject/entropy/float/site44_bit17.out,,,,,,,,,,,,,,,,
44,18,SDC,SDC_FLAGGED,0,kernel_reported_fail,,HeCBench/results/llvm17_inject/entropy/float/site44_bit18.out,,,,,,,,,,,,,,,,
44,19,SDC,SDC_FLAGGED,0,kernel_reported_fail,,HeCBench/results/llvm17_inject/entropy/float/site44_bit19.out,,,,,,,,,,,,,,,,
44,20,SDC,SDC_FLAGGED,0,kernel_reported_fail,,HeCBench/results/llvm17_inject/entropy/float/site44_bit20.out,,,,,,,,,,,,,,,,
44,21,SDC,SDC_FLAGGED,0,kernel_reported_fail,,HeCBench/results/llvm17_inject/entropy/float/site44_bit21.out,,,,,,,,,,,,,,,,
44,22,SDC,SDC_FLAGGED,0,kernel_reported_fail,,HeCBench/results/llvm17_inject/entropy/float/site44_bit22.out,,,,,,,,,,,,,,,,
44,23,SDC,SDC_FLAGGED,0,kernel_reported_fail,,HeCBench/results/llvm17_inject/entropy/float/site44_bit23.out,,,,,,,,,,,,,,,,
44,24,SDC,SDC_FLAGGED,0,kernel_reported_fail,,HeCBench/results/llvm17_inject/entropy/float/site44_bit24.out,,,,,,,,,,,,,,,,
44,25,SDC,SDC_FLAGGED,0,kernel_reported_fail,,HeCBench/results/llvm17_inject/entropy/float/site44_bit25.out,,,,,,,,,,,,,,,,
44,26,SDC,SDC_FLAGGED,0,kernel_reported_fail,,HeCBench/results/llvm17_inject/entropy/float/site44_bit26.out,,,,,,,,,,,,,,,,
44,27,SDC,SDC_FLAGGED,0,kernel_reported_fail,,HeCBench/results/llvm17_inject/entropy/float/site44_bit27.out,,,,,,,,,,,,,,,,
44,28,SDC,SDC_FLAGGED,0,kernel_reported_fail,,HeCBench/results/llvm17_inject/entropy/float/site44_bit28.out,,,,,,,,,,,,,,,,
44,29,SDC,SDC_FLAGGED,0,kernel_reported_fail,,HeCBench/results/llvm17_inject/entropy/float/site44_bit29.out,,,,,,,,,,,,,,,,
44,30,SDC,SDC_FLAGGED,0,kernel_reported_fail,,HeCBench/results/llvm17_inject/entropy/float/site44_bit30.out,,,,,,,,,,,,,,,,
44,31,SDC,SDC_FLAGGED,0,kernel_reported_fail,,HeCBench/results/llvm17_inject/entropy/float/site44_bit31.out,,,,,,,,,,,,,,,,
45,0,MASKED,MASKED_UNFLAGGED,,,,HeCBench/results/llvm17_inject/entropy/float/site45_bit0.out,,,,,,,,,,,,,,,,
45,1,MASKED,MASKED_UNFLAGGED,,,,HeCBench/results/llvm17_inject/entropy/float/site45_bit1.out,,,,,,,,,,,,,,,,
45,2,MASKED,MASKED_UNFLAGGED,,,,HeCBench/results/llvm17_inject/entropy/float/site45_bit2.out,,,,,,,,,,,,,,,,
45,3,MASKED,MASKED_UNFLAGGED,,,,HeCBench/results/llvm17_inject/entropy/float/site45_bit3.out,,,,,,,,,,,,,,,,
45,4,MASKED,MASKED_UNFLAGGED,,,,HeCBench/results/llvm17_inject/entropy/float/site45_bit4.out,,,,,,,,,,,,,,,,
45,5,MASKED,MASKED_UNFLAGGED,,,,HeCBench/results/llvm17_inject/entropy/float/site45_bit5.out,,,,,,,,,,,,,,,,
45,6,MASKED,MASKED_UNFLAGGED,,,,HeCBench/results/llvm17_inject/entropy/float/site45_bit6.out,,,,,,,,,,,,,,,,
45,7,MASKED,MASKED_UNFLAGGED,,,,HeCBench/results/llvm17_inject/entropy/float/site45_bit7.out,,,,,,,,,,,,,,,,
45,8,MASKED,MASKED_UNFLAGGED,,,,HeCBench/results/llvm17_inject/entropy/float/site45_bit8.out,,,,,,,,,,,,,,,,
45,9,MASKED,MASKED_UNFLAGGED,,,,HeCBench/results/llvm17_inject/entropy/float/site45_bit9.out,,,,,,,,,,,,,,,,
45,10,MASKED,MASKED_UNFLAGGED,,,,HeCBench/results/llvm17_inject/entropy/float/site45_bit10.out,,,,,,,,,,,,,,,,
45,11,MASKED,MASKED_UNFLAGGED,,,,HeCBench/results/llvm17_inject/entropy/float/site45_bit11.out,,,,,,,,,,,,,,,,
45,12,MASKED,MASKED_UNFLAGGED,,,,HeCBench/results/llvm17_inject/entropy/float/site45_bit12.out,,,,,,,,,,,,,,,,
45,13,MASKED,MASKED_UNFLAGGED,,,,HeCBench/results/llvm17_inject/entropy/float/site45_bit13.out,,,,,,,,,,,,,,,,
45,14,MASKED,MASKED_UNFLAGGED,,,,HeCBench/results/llvm17_inject/entropy/float/site45_bit14.out,,,,,,,,,,,,,,,,
45,15,MASKED,MASKED_UNFLAGGED,,,,HeCBench/results/llvm17_inject/entropy/float/site45_bit15.out,,,,,,,,,,,,,,,,
45,16,MASKED,MASKED_UNFLAGGED,,,,HeCBench/results/llvm17_inject/entropy/float/site45_bit16.out,,,,,,,,,,,,,,,,
45,17,MASKED,MASKED_UNFLAGGED,,,,HeCBench/results/llvm17_inject/entropy/float/site45_bit17.out,,,,,,,,,,,,,,,,
45,18,MASKED,MASKED_UNFLAGGED,,,,HeCBench/results/llvm17_inject/entropy/float/site45_bit18.out,,,,,,,,,,,,,,,,
45,19,MASKED,MASKED_UNFLAGGED,,,,HeCBench/results/llvm17_inject/entropy/float/site45_bit19.out,,,,,,,,,,,,,,,,
45,20,MASKED,MASKED_UNFLAGGED,,,,HeCBench/results/llvm17_inject/entropy/float/site45_bit20.out,,,,,,,,,,,,,,,,
45,21,MASKED,MASKED_UNFLAGGED,,,,HeCBench/results/llvm17_inject/entropy/float/site45_bit21.out,,,,,,,,,,,,,,,,
45,22,MASKED,MASKED_UNFLAGGED,,,,HeCBench/results/llvm17_inject/entropy/float/site45_bit22.out,,,,,,,,,,,,,,,,
45,23,MASKED,MASKED_UNFLAGGED,,,,HeCBench/results/llvm17_inject/entropy/float/site45_bit23.out,,,,,,,,,,,,,,,,
45,24,SDC,SDC_FLAGGED,0,kernel_reported_fail,,HeCBench/results/llvm17_inject/entropy/float/site45_bit24.out,,,,,,,,,,,,,,,,
45,25,SDC,SDC_FLAGGED,0,kernel_reported_fail,,HeCBench/results/llvm17_inject/entropy/float/site45_bit25.out,,,,,,,,,,,,,,,,
45,26,SDC,SDC_FLAGGED,0,kernel_reported_fail,,HeCBench/results/llvm17_inject/entropy/float/site45_bit26.out,,,,,,,,,,,,,,,,
45,27,SDC,SDC_FLAGGED,0,kernel_reported_fail,,HeCBench/results/llvm17_inject/entropy/float/site45_bit27.out,,,,,,,,,,,,,,,,
45,28,SDC,SDC_FLAGGED,0,kernel_reported_fail,,HeCBench/results/llvm17_inject/entropy/float/site45_bit28.out,,,,,,,,,,,,,,,,
45,29,SDC,SDC_FLAGGED,0,kernel_reported_fail,,HeCBench/results/llvm17_inject/entropy/float/site45_bit29.out,,,,,,,,,,,,,,,,
45,30,SDC,SDC_FLAGGED,0,kernel_reported_fail,,HeCBench/results/llvm17_inject/entropy/float/site45_bit30.out,,,,,,,,,,,,,,,,
45,31,SDC,SDC_FLAGGED,0,kernel_reported_fail,,HeCBench/results/llvm17_inject/entropy/float/site45_bit31.out,,,,,,,,,,,,,,,,
46,0,MASKED,MASKED_UNFLAGGED,,,,HeCBench/results/llvm17_inject/entropy/float/site46_bit0.out,,,,,,,,,,,,,,,,
47,0,MASKED,MASKED_UNFLAGGED,,,,HeCBench/results/llvm17_inject/entropy/float/site47_bit0.out,,,,,,,,,,,,,,,,
47,1,MASKED,MASKED_UNFLAGGED,,,,HeCBench/results/llvm17_inject/entropy/float/site47_bit1.out,,,,,,,,,,,,,,,,
47,2,MASKED,MASKED_UNFLAGGED,,,,HeCBench/results/llvm17_inject/entropy/float/site47_bit2.out,,,,,,,,,,,,,,,,
47,3,MASKED,MASKED_UNFLAGGED,,,,HeCBench/results/llvm17_inject/entropy/float/site47_bit3.out,,,,,,,,,,,,,,,,
47,4,MASKED,MASKED_UNFLAGGED,,,,HeCBench/results/llvm17_inject/entropy/float/site47_bit4.out,,,,,,,,,,,,,,,,
47,5,MASKED,MASKED_UNFLAGGED,,,,HeCBench/results/llvm17_inject/entropy/float/site47_bit5.out,,,,,,,,,,,,,,,,
47,6,MASKED,MASKED_UNFLAGGED,,,,HeCBench/results/llvm17_inject/entropy/float/site47_bit6.out,,,,,,,,,,,,,,,,
47,7,MASKED,MASKED_UNFLAGGED,,,,HeCBench/results/llvm17_inject/entropy/float/site47_bit7.out,,,,,,,,,,,,,,,,
47,8,MASKED,MASKED_UNFLAGGED,,,,HeCBench/results/llvm17_inject/entropy/float/site47_bit8.out,,,,,,,,,,,,,,,,
47,9,MASKED,MASKED_UNFLAGGED,,,,HeCBench/results/llvm17_inject/entropy/float/site47_bit9.out,,,,,,,,,,,,,,,,
47,10,MASKED,MASKED_UNFLAGGED,,,,HeCBench/results/llvm17_inject/entropy/float/site47_bit10.out,,,,,,,,,,,,,,,,
47,11,MASKED,MASKED_UNFLAGGED,,,,HeCBench/results/llvm17_inject/entropy/float/site47_bit11.out,,,,,,,,,,,,,,,,
47,12,MASKED,MASKED_UNFLAGGED,,,,HeCBench/results/llvm17_inject/entropy/float/site47_bit12.out,,,,,,,,,,,,,,,,
47,13,MASKED,MASKED_UNFLAGGED,,,,HeCBench/results/llvm17_inject/entropy/float/site47_bit13.out,,,,,,,,,,,,,,,,
47,14,MASKED,MASKED_UNFLAGGED,,,,HeCBench/results/llvm17_inject/entropy/float/site47_bit14.out,,,,,,,,,,,,,,,,
47,15,MASKED,MASKED_UNFLAGGED,,,,HeCBench/results/llvm17_inject/entropy/float/site47_bit15.out,,,,,,,,,,,,,,,,
47,16,MASKED,MASKED_UNFLAGGED,,,,HeCBench/results/llvm17_inject/entropy/float/site47_bit16.out,,,,,,,,,,,,,,,,
47,17,MASKED,MASKED_UNFLAGGED,,,,HeCBench/results/llvm17_inject/entropy/float/site47_bit17.out,,,,,,,,,,,,,,,,
47,18,MASKED,MASKED_UNFLAGGED,,,,HeCBench/results/llvm17_inject/entropy/float/site47_bit18.out,,,,,,,,,,,,,,,,
47,19,MASKED,MASKED_UNFLAGGED,,,,HeCBench/results/llvm17_inject/entropy/float/site47_bit19.out,,,,,,,,,,,,,,,,
47,20,MASKED,MASKED_UNFLAGGED,,,,HeCBench/results/llvm17_inject/entropy/float/site47_bit20.out,,,,,,,,,,,,,,,,
47,21,MASKED,MASKED_UNFLAGGED,,,,HeCBench/results/llvm17_inject/entropy/float/site47_bit21.out,,,,,,,,,,,,,,,,
47,22,MASKED,MASKED_UNFLAGGED,,,,HeCBench/results/llvm17_inject/entropy/float/site47_bit22.out,,,,,,,,,,,,,,,,
47,23,MASKED,MASKED_UNFLAGGED,,,,HeCBench/results/llvm17_inject/entropy/float/site47_bit23.out,,,,,,,,,,,,,,,,
47,24,SDC,SDC_FLAGGED,0,kernel_reported_fail,,HeCBench/results/llvm17_inject/entropy/float/site47_bit24.out,,,,,,,,,,,,,,,,
47,25,SDC,SDC_FLAGGED,0,kernel_reported_fail,,HeCBench/results/llvm17_inject/entropy/float/site47_bit25.out,,,,,,,,,,,,,,,,
47,26,SDC,SDC_FLAGGED,0,kernel_reported_fail,,HeCBench/results/llvm17_inject/entropy/float/site47_bit26.out,,,,,,,,,,,,,,,,
47,27,SDC,SDC_FLAGGED,0,kernel_reported_fail,,HeCBench/results/llvm17_inject/entropy/float/site47_bit27.out,,,,,,,,,,,,,,,,
47,28,SDC,SDC_FLAGGED,0,kernel_reported_fail,,HeCBench/results/llvm17_inject/entropy/float/site47_bit28.out,,,,,,,,,,,,,,,,
47,29,SDC,SDC_FLAGGED,0,kernel_reported_fail,,HeCBench/results/llvm17_inject/entropy/float/site47_bit29.out,,,,,,,,,,,,,,,,
47,30,SDC,SDC_FLAGGED,0,kernel_reported_fail,,HeCBench/results/llvm17_inject/entropy/float/site47_bit30.out,,,,,,,,,,,,,,,,
47,31,SDC,SDC_FLAGGED,0,kernel_reported_fail,,HeCBench/results/llvm17_inject/entropy/float/site47_bit31.out,,,,,,,,,,,,,,,,
48,0,MASKED,MASKED_UNFLAGGED,,,,HeCBench/results/llvm17_inject/entropy/float/site48_bit0.out,,,,,,,,,,,,,,,,
48,1,MASKED,MASKED_UNFLAGGED,,,,HeCBench/results/llvm17_inject/entropy/float/site48_bit1.out,,,,,,,,,,,,,,,,
48,2,MASKED,MASKED_UNFLAGGED,,,,HeCBench/results/llvm17_inject/entropy/float/site48_bit2.out,,,,,,,,,,,,,,,,
48,3,MASKED,MASKED_UNFLAGGED,,,,HeCBench/results/llvm17_inject/entropy/float/site48_bit3.out,,,,,,,,,,,,,,,,
48,4,MASKED,MASKED_UNFLAGGED,,,,HeCBench/results/llvm17_inject/entropy/float/site48_bit4.out,,,,,,,,,,,,,,,,
48,5,MASKED,MASKED_UNFLAGGED,,,,HeCBench/results/llvm17_inject/entropy/float/site48_bit5.out,,,,,,,,,,,,,,,,
48,6,MASKED,MASKED_UNFLAGGED,,,,HeCBench/results/llvm17_inject/entropy/float/site48_bit6.out,,,,,,,,,,,,,,,,
48,7,MASKED,MASKED_UNFLAGGED,,,,HeCBench/results/llvm17_inject/entropy/float/site48_bit7.out,,,,,,,,,,,,,,,,
48,8,MASKED,MASKED_UNFLAGGED,,,,HeCBench/results/llvm17_inject/entropy/float/site48_bit8.out,,,,,,,,,,,,,,,,
48,9,MASKED,MASKED_UNFLAGGED,,,,HeCBench/results/llvm17_inject/entropy/float/site48_bit9.out,,,,,,,,,,,,,,,,
48,10,MASKED,MASKED_UNFLAGGED,,,,HeCBench/results/llvm17_inject/entropy/float/site48_bit10.out,,,,,,,,,,,,,,,,
48,11,MASKED,MASKED_UNFLAGGED,,,,HeCBench/results/llvm17_inject/entropy/float/site48_bit11.out,,,,,,,,,,,,,,,,
48,12,MASKED,MASKED_UNFLAGGED,,,,HeCBench/results/llvm17_inject/entropy/float/site48_bit12.out,,,,,,,,,,,,,,,,
48,13,MASKED,MASKED_UNFLAGGED,,,,HeCBench/results/llvm17_inject/entropy/float/site48_bit13.out,,,,,,,,,,,,,,,,
48,14,MASKED,MASKED_UNFLAGGED,,,,HeCBench/results/llvm17_inject/entropy/float/site48_bit14.out,,,,,,,,,,,,,,,,
48,15,MASKED,MASKED_UNFLAGGED,,,,HeCBench/results/llvm17_inject/entropy/float/site48_bit15.out,,,,,,,,,,,,,,,,
48,16,MASKED,MASKED_UNFLAGGED,,,,HeCBench/results/llvm17_inject/entropy/float/site48_bit16.out,,,,,,,,,,,,,,,,
48,17,MASKED,MASKED_UNFLAGGED,,,,HeCBench/results/llvm17_inject/entropy/float/site48_bit17.out,,,,,,,,,,,,,,,,
48,18,MASKED,MASKED_UNFLAGGED,,,,HeCBench/results/llvm17_inject/entropy/float/site48_bit18.out,,,,,,,,,,,,,,,,
48,19,MASKED,MASKED_UNFLAGGED,,,,HeCBench/results/llvm17_inject/entropy/float/site48_bit19.out,,,,,,,,,,,,,,,,
48,20,MASKED,MASKED_UNFLAGGED,,,,HeCBench/results/llvm17_inject/entropy/float/site48_bit20.out,,,,,,,,,,,,,,,,
48,21,MASKED,MASKED_UNFLAGGED,,,,HeCBench/results/llvm17_inject/entropy/float/site48_bit21.out,,,,,,,,,,,,,,,,
48,22,MASKED,MASKED_UNFLAGGED,,,,HeCBench/results/llvm17_inject/entropy/float/site48_bit22.out,,,,,,,,,,,,,,,,
48,23,MASKED,MASKED_UNFLAGGED,,,,HeCBench/results/llvm17_inject/entropy/float/site48_bit23.out,,,,,,,,,,,,,,,,
48,24,SDC,SDC_FLAGGED,0,kernel_reported_fail,,HeCBench/results/llvm17_inject/entropy/float/site48_bit24.out,,,,,,,,,,,,,,,,
48,25,SDC,SDC_FLAGGED,0,kernel_reported_fail,,HeCBench/results/llvm17_inject/entropy/float/site48_bit25.out,,,,,,,,,,,,,,,,
48,26,SDC,SDC_FLAGGED,0,kernel_reported_fail,,HeCBench/results/llvm17_inject/entropy/float/site48_bit26.out,,,,,,,,,,,,,,,,
48,27,SDC,SDC_FLAGGED,0,kernel_reported_fail,,HeCBench/results/llvm17_inject/entropy/float/site48_bit27.out,,,,,,,,,,,,,,,,
48,28,SDC,SDC_FLAGGED,0,kernel_reported_fail,,HeCBench/results/llvm17_inject/entropy/float/site48_bit28.out,,,,,,,,,,,,,,,,
48,29,SDC,SDC_FLAGGED,0,kernel_reported_fail,,HeCBench/results/llvm17_inject/entropy/float/site48_bit29.out,,,,,,,,,,,,,,,,
48,30,SDC,SDC_FLAGGED,0,kernel_reported_fail,,HeCBench/results/llvm17_inject/entropy/float/site48_bit30.out,,,,,,,,,,,,,,,,
48,31,SDC,SDC_FLAGGED,0,kernel_reported_fail,,HeCBench/results/llvm17_inject/entropy/float/site48_bit31.out,,,,,,,,,,,,,,,,
49,0,MASKED,MASKED_UNFLAGGED,,,,HeCBench/results/llvm17_inject/entropy/float/site49_bit0.out,,,,,,,,,,,,,,,,
49,1,MASKED,MASKED_UNFLAGGED,,,,HeCBench/results/llvm17_inject/entropy/float/site49_bit1.out,,,,,,,,,,,,,,,,
49,2,MASKED,MASKED_UNFLAGGED,,,,HeCBench/results/llvm17_inject/entropy/float/site49_bit2.out,,,,,,,,,,,,,,,,
49,3,MASKED,MASKED_UNFLAGGED,,,,HeCBench/results/llvm17_inject/entropy/float/site49_bit3.out,,,,,,,,,,,,,,,,
49,4,DUE,FAILURE_NONHANG,empty_out,,,HeCBench/results/llvm17_inject/entropy/float/site49_bit4.out,,,,,,,,,,,,,,,,
49,5,MASKED,MASKED_UNFLAGGED,,,,HeCBench/results/llvm17_inject/entropy/float/site49_bit5.out,,,,,,,,,,,,,,,,
49,6,MASKED,MASKED_UNFLAGGED,,,,HeCBench/results/llvm17_inject/entropy/float/site49_bit6.out,,,,,,,,,,,,,,,,
49,7,MASKED,MASKED_UNFLAGGED,,,,HeCBench/results/llvm17_inject/entropy/float/site49_bit7.out,,,,,,,,,,,,,,,,
49,8,MASKED,MASKED_UNFLAGGED,,,,HeCBench/results/llvm17_inject/entropy/float/site49_bit8.out,,,,,,,,,,,,,,,,
49,9,MASKED,MASKED_UNFLAGGED,,,,HeCBench/results/llvm17_inject/entropy/float/site49_bit9.out,,,,,,,,,,,,,,,,
49,10,MASKED,MASKED_UNFLAGGED,,,,HeCBench/results/llvm17_inject/entropy/float/site49_bit10.out,,,,,,,,,,,,,,,,
49,11,MASKED,MASKED_UNFLAGGED,,,,HeCBench/results/llvm17_inject/entropy/float/site49_bit11.out,,,,,,,,,,,,,,,,
49,12,MASKED,MASKED_UNFLAGGED,,,,HeCBench/results/llvm17_inject/entropy/float/site49_bit12.out,,,,,,,,,,,,,,,,
49,13,MASKED,MASKED_UNFLAGGED,,,,HeCBench/results/llvm17_inject/entropy/float/site49_bit13.out,,,,,,,,,,,,,,,,
49,14,MASKED,MASKED_UNFLAGGED,,,,HeCBench/results/llvm17_inject/entropy/float/site49_bit14.out,,,,,,,,,,,,,,,,
49,15,MASKED,MASKED_UNFLAGGED,,,,HeCBench/results/llvm17_inject/entropy/float/site49_bit15.out,,,,,,,,,,,,,,,,
49,16,MASKED,MASKED_UNFLAGGED,,,,HeCBench/results/llvm17_inject/entropy/float/site49_bit16.out,,,,,,,,,,,,,,,,
49,17,MASKED,MASKED_UNFLAGGED,,,,HeCBench/results/llvm17_inject/entropy/float/site49_bit17.out,,,,,,,,,,,,,,,,
49,18,MASKED,MASKED_UNFLAGGED,,,,HeCBench/results/llvm17_inject/entropy/float/site49_bit18.out,,,,,,,,,,,,,,,,
49,19,MASKED,MASKED_UNFLAGGED,,,,HeCBench/results/llvm17_inject/entropy/float/site49_bit19.out,,,,,,,,,,,,,,,,
49,20,MASKED,MASKED_UNFLAGGED,,,,HeCBench/results/llvm17_inject/entropy/float/site49_bit20.out,,,,,,,,,,,,,,,,
49,21,MASKED,MASKED_UNFLAGGED,,,,HeCBench/results/llvm17_inject/entropy/float/site49_bit21.out,,,,,,,,,,,,,,,,
49,22,MASKED,MASKED_UNFLAGGED,,,,HeCBench/results/llvm17_inject/entropy/float/site49_bit22.out,,,,,,,,,,,,,,,,
49,23,MASKED,MASKED_UNFLAGGED,,,,HeCBench/results/llvm17_inject/entropy/float/site49_bit23.out,,,,,,,,,,,,,,,,
49,24,MASKED,MASKED_UNFLAGGED,,,,HeCBench/results/llvm17_inject/entropy/float/site49_bit24.out,,,,,,,,,,,,,,,,
49,25,MASKED,MASKED_UNFLAGGED,,,,HeCBench/results/llvm17_inject/entropy/float/site49_bit25.out,,,,,,,,,,,,,,,,
49,26,MASKED,MASKED_UNFLAGGED,,,,HeCBench/results/llvm17_inject/entropy/float/site49_bit26.out,,,,,,,,,,,,,,,,
49,27,MASKED,MASKED_UNFLAGGED,,,,HeCBench/results/llvm17_inject/entropy/float/site49_bit27.out,,,,,,,,,,,,,,,,
49,28,MASKED,MASKED_UNFLAGGED,,,,HeCBench/results/llvm17_inject/entropy/float/site49_bit28.out,,,,,,,,,,,,,,,,
49,29,MASKED,MASKED_UNFLAGGED,,,,HeCBench/results/llvm17_inject/entropy/float/site49_bit29.out,,,,,,,,,,,,,,,,
49,30,MASKED,MASKED_UNFLAGGED,,,,HeCBench/results/llvm17_inject/entropy/float/site49_bit30.out,,,,,,,,,,,,,,,,
49,31,MASKED,MASKED_UNFLAGGED,,,,HeCBench/results/llvm17_inject/entropy/float/site49_bit31.out,,,,,,,,,,,,,,,,
50,0,MASKED,MASKED_UNFLAGGED,,,,HeCBench/results/llvm17_inject/entropy/float/site50_bit0.out,,,,,,,,,,,,,,,,
50,1,MASKED,MASKED_UNFLAGGED,,,,HeCBench/results/llvm17_inject/entropy/float/site50_bit1.out,,,,,,,,,,,,,,,,
50,2,MASKED,MASKED_UNFLAGGED,,,,HeCBench/results/llvm17_inject/entropy/float/site50_bit2.out,,,,,,,,,,,,,,,,
50,3,MASKED,MASKED_UNFLAGGED,,,,HeCBench/results/llvm17_inject/entropy/float/site50_bit3.out,,,,,,,,,,,,,,,,
50,4,DUE,FAILURE_NONHANG,empty_out,,,HeCBench/results/llvm17_inject/entropy/float/site50_bit4.out,,,,,,,,,,,,,,,,
50,5,MASKED,MASKED_UNFLAGGED,,,,HeCBench/results/llvm17_inject/entropy/float/site50_bit5.out,,,,,,,,,,,,,,,,
50,6,MASKED,MASKED_UNFLAGGED,,,,HeCBench/results/llvm17_inject/entropy/float/site50_bit6.out,,,,,,,,,,,,,,,,
50,7,MASKED,MASKED_UNFLAGGED,,,,HeCBench/results/llvm17_inject/entropy/float/site50_bit7.out,,,,,,,,,,,,,,,,
50,8,MASKED,MASKED_UNFLAGGED,,,,HeCBench/results/llvm17_inject/entropy/float/site50_bit8.out,,,,,,,,,,,,,,,,
50,9,MASKED,MASKED_UNFLAGGED,,,,HeCBench/results/llvm17_inject/entropy/float/site50_bit9.out,,,,,,,,,,,,,,,,
50,10,SDC,SDC_FLAGGED,0,kernel_reported_fail,,HeCBench/results/llvm17_inject/entropy/float/site50_bit10.out,,,,,,,,,,,,,,,,
50,11,SDC,SDC_FLAGGED,0,kernel_reported_fail,,HeCBench/results/llvm17_inject/entropy/float/site50_bit11.out,,,,,,,,,,,,,,,,
50,12,SDC,SDC_FLAGGED,0,kernel_reported_fail,,HeCBench/results/llvm17_inject/entropy/float/site50_bit12.out,,,,,,,,,,,,,,,,
50,13,SDC,SDC_FLAGGED,0,kernel_reported_fail,,HeCBench/results/llvm17_inject/entropy/float/site50_bit13.out,,,,,,,,,,,,,,,,
50,14,SDC,SDC_FLAGGED,0,kernel_reported_fail,,HeCBench/results/llvm17_inject/entropy/float/site50_bit14.out,,,,,,,,,,,,,,,,
50,15,SDC,SDC_FLAGGED,0,kernel_reported_fail,,HeCBench/results/llvm17_inject/entropy/float/site50_bit15.out,,,,,,,,,,,,,,,,
50,16,SDC,SDC_FLAGGED,0,kernel_reported_fail,,HeCBench/results/llvm17_inject/entropy/float/site50_bit16.out,,,,,,,,,,,,,,,,
50,17,SDC,SDC_FLAGGED,0,kernel_reported_fail,,HeCBench/results/llvm17_inject/entropy/float/site50_bit17.out,,,,,,,,,,,,,,,,
50,18,SDC,SDC_FLAGGED,0,kernel_reported_fail,,HeCBench/results/llvm17_inject/entropy/float/site50_bit18.out,,,,,,,,,,,,,,,,
50,19,SDC,SDC_FLAGGED,0,kernel_reported_fail,,HeCBench/results/llvm17_inject/entropy/float/site50_bit19.out,,,,,,,,,,,,,,,,
50,20,SDC,SDC_FLAGGED,0,kernel_reported_fail,,HeCBench/results/llvm17_inject/entropy/float/site50_bit20.out,,,,,,,,,,,,,,,,
50,21,SDC,SDC_FLAGGED,0,kernel_reported_fail,,HeCBench/results/llvm17_inject/entropy/float/site50_bit21.out,,,,,,,,,,,,,,,,
50,22,SDC,SDC_FLAGGED,0,kernel_reported_fail,,HeCBench/results/llvm17_inject/entropy/float/site50_bit22.out,,,,,,,,,,,,,,,,
50,23,SDC,SDC_FLAGGED,0,kernel_reported_fail,,HeCBench/results/llvm17_inject/entropy/float/site50_bit23.out,,,,,,,,,,,,,,,,
50,24,SDC,SDC_FLAGGED,0,kernel_reported_fail,,HeCBench/results/llvm17_inject/entropy/float/site50_bit24.out,,,,,,,,,,,,,,,,
50,25,SDC,SDC_FLAGGED,0,kernel_reported_fail,,HeCBench/results/llvm17_inject/entropy/float/site50_bit25.out,,,,,,,,,,,,,,,,
50,26,SDC,SDC_FLAGGED,0,kernel_reported_fail,,HeCBench/results/llvm17_inject/entropy/float/site50_bit26.out,,,,,,,,,,,,,,,,
50,27,SDC,SDC_FLAGGED,0,kernel_reported_fail,,HeCBench/results/llvm17_inject/entropy/float/site50_bit27.out,,,,,,,,,,,,,,,,
50,28,SDC,SDC_FLAGGED,0,kernel_reported_fail,,HeCBench/results/llvm17_inject/entropy/float/site50_bit28.out,,,,,,,,,,,,,,,,
50,29,SDC,SDC_FLAGGED,0,kernel_reported_fail,,HeCBench/results/llvm17_inject/entropy/float/site50_bit29.out,,,,,,,,,,,,,,,,
50,30,SDC,SDC_FLAGGED,0,kernel_reported_fail,,HeCBench/results/llvm17_inject/entropy/float/site50_bit30.out,,,,,,,,,,,,,,,,
50,31,SDC,SDC_FLAGGED,0,kernel_reported_fail,,HeCBench/results/llvm17_inject/entropy/float/site50_bit31.out,,,,,,,,,,,,,,,,
51,0,MASKED,MASKED_UNFLAGGED,,,,HeCBench/results/llvm17_inject/entropy/float/site51_bit0.out,,,,,,,,,,,,,,,,
51,1,MASKED,MASKED_UNFLAGGED,,,,HeCBench/results/llvm17_inject/entropy/float/site51_bit1.out,,,,,,,,,,,,,,,,
51,2,MASKED,MASKED_UNFLAGGED,,,,HeCBench/results/llvm17_inject/entropy/float/site51_bit2.out,,,,,,,,,,,,,,,,
51,3,MASKED,MASKED_UNFLAGGED,,,,HeCBench/results/llvm17_inject/entropy/float/site51_bit3.out,,,,,,,,,,,,,,,,
51,4,MASKED,MASKED_UNFLAGGED,,,,HeCBench/results/llvm17_inject/entropy/float/site51_bit4.out,,,,,,,,,,,,,,,,
51,5,MASKED,MASKED_UNFLAGGED,,,,HeCBench/results/llvm17_inject/entropy/float/site51_bit5.out,,,,,,,,,,,,,,,,
51,6,MASKED,MASKED_UNFLAGGED,,,,HeCBench/results/llvm17_inject/entropy/float/site51_bit6.out,,,,,,,,,,,,,,,,
51,7,MASKED,MASKED_UNFLAGGED,,,,HeCBench/results/llvm17_inject/entropy/float/site51_bit7.out,,,,,,,,,,,,,,,,
51,8,MASKED,MASKED_UNFLAGGED,,,,HeCBench/results/llvm17_inject/entropy/float/site51_bit8.out,,,,,,,,,,,,,,,,
51,9,MASKED,MASKED_UNFLAGGED,,,,HeCBench/results/llvm17_inject/entropy/float/site51_bit9.out,,,,,,,,,,,,,,,,
51,10,MASKED,MASKED_UNFLAGGED,,,,HeCBench/results/llvm17_inject/entropy/float/site51_bit10.out,,,,,,,,,,,,,,,,
51,11,MASKED,MASKED_UNFLAGGED,,,,HeCBench/results/llvm17_inject/entropy/float/site51_bit11.out,,,,,,,,,,,,,,,,
51,12,MASKED,MASKED_UNFLAGGED,,,,HeCBench/results/llvm17_inject/entropy/float/site51_bit12.out,,,,,,,,,,,,,,,,
51,13,MASKED,MASKED_UNFLAGGED,,,,HeCBench/results/llvm17_inject/entropy/float/site51_bit13.out,,,,,,,,,,,,,,,,
51,14,MASKED,MASKED_UNFLAGGED,,,,HeCBench/results/llvm17_inject/entropy/float/site51_bit14.out,,,,,,,,,,,,,,,,
51,15,MASKED,MASKED_UNFLAGGED,,,,HeCBench/results/llvm17_inject/entropy/float/site51_bit15.out,,,,,,,,,,,,,,,,
51,16,MASKED,MASKED_UNFLAGGED,,,,HeCBench/results/llvm17_inject/entropy/float/site51_bit16.out,,,,,,,,,,,,,,,,
51,17,MASKED,MASKED_UNFLAGGED,,,,HeCBench/results/llvm17_inject/entropy/float/site51_bit17.out,,,,,,,,,,,,,,,,
51,18,MASKED,MASKED_UNFLAGGED,,,,HeCBench/results/llvm17_inject/entropy/float/site51_bit18.out,,,,,,,,,,,,,,,,
51,19,MASKED,MASKED_UNFLAGGED,,,,HeCBench/results/llvm17_inject/entropy/float/site51_bit19.out,,,,,,,,,,,,,,,,
51,20,MASKED,MASKED_UNFLAGGED,,,,HeCBench/results/llvm17_inject/entropy/float/site51_bit20.out,,,,,,,,,,,,,,,,
51,21,MASKED,MASKED_UNFLAGGED,,,,HeCBench/results/llvm17_inject/entropy/float/site51_bit21.out,,,,,,,,,,,,,,,,
51,22,MASKED,MASKED_UNFLAGGED,,,,HeCBench/results/llvm17_inject/entropy/float/site51_bit22.out,,,,,,,,,,,,,,,,
51,23,MASKED,MASKED_UNFLAGGED,,,,HeCBench/results/llvm17_inject/entropy/float/site51_bit23.out,,,,,,,,,,,,,,,,
51,24,MASKED,MASKED_UNFLAGGED,,,,HeCBench/results/llvm17_inject/entropy/float/site51_bit24.out,,,,,,,,,,,,,,,,
51,25,MASKED,MASKED_UNFLAGGED,,,,HeCBench/results/llvm17_inject/entropy/float/site51_bit25.out,,,,,,,,,,,,,,,,
51,26,MASKED,MASKED_UNFLAGGED,,,,HeCBench/results/llvm17_inject/entropy/float/site51_bit26.out,,,,,,,,,,,,,,,,
51,27,MASKED,MASKED_UNFLAGGED,,,,HeCBench/results/llvm17_inject/entropy/float/site51_bit27.out,,,,,,,,,,,,,,,,
51,28,MASKED,MASKED_UNFLAGGED,,,,HeCBench/results/llvm17_inject/entropy/float/site51_bit28.out,,,,,,,,,,,,,,,,
51,29,MASKED,MASKED_UNFLAGGED,,,,HeCBench/results/llvm17_inject/entropy/float/site51_bit29.out,,,,,,,,,,,,,,,,
51,30,MASKED,MASKED_UNFLAGGED,,,,HeCBench/results/llvm17_inject/entropy/float/site51_bit30.out,,,,,,,,,,,,,,,,
51,31,MASKED,MASKED_UNFLAGGED,,,,HeCBench/results/llvm17_inject/entropy/float/site51_bit31.out,,,,,,,,,,,,,,,,
52,0,MASKED,MASKED_UNFLAGGED,,,,HeCBench/results/llvm17_inject/entropy/float/site52_bit0.out,,,,,,,,,,,,,,,,
52,1,MASKED,MASKED_UNFLAGGED,,,,HeCBench/results/llvm17_inject/entropy/float/site52_bit1.out,,,,,,,,,,,,,,,,
52,2,MASKED,MASKED_UNFLAGGED,,,,HeCBench/results/llvm17_inject/entropy/float/site52_bit2.out,,,,,,,,,,,,,,,,
52,3,MASKED,MASKED_UNFLAGGED,,,,HeCBench/results/llvm17_inject/entropy/float/site52_bit3.out,,,,,,,,,,,,,,,,
52,4,MASKED,MASKED_UNFLAGGED,,,,HeCBench/results/llvm17_inject/entropy/float/site52_bit4.out,,,,,,,,,,,,,,,,
52,5,MASKED,MASKED_UNFLAGGED,,,,HeCBench/results/llvm17_inject/entropy/float/site52_bit5.out,,,,,,,,,,,,,,,,
52,6,MASKED,MASKED_UNFLAGGED,,,,HeCBench/results/llvm17_inject/entropy/float/site52_bit6.out,,,,,,,,,,,,,,,,
52,7,MASKED,MASKED_UNFLAGGED,,,,HeCBench/results/llvm17_inject/entropy/float/site52_bit7.out,,,,,,,,,,,,,,,,
52,8,MASKED,MASKED_UNFLAGGED,,,,HeCBench/results/llvm17_inject/entropy/float/site52_bit8.out,,,,,,,,,,,,,,,,
52,9,MASKED,MASKED_UNFLAGGED,,,,HeCBench/results/llvm17_inject/entropy/float/site52_bit9.out,,,,,,,,,,,,,,,,
52,10,MASKED,MASKED_UNFLAGGED,,,,HeCBench/results/llvm17_inject/entropy/float/site52_bit10.out,,,,,,,,,,,,,,,,
52,11,MASKED,MASKED_UNFLAGGED,,,,HeCBench/results/llvm17_inject/entropy/float/site52_bit11.out,,,,,,,,,,,,,,,,
52,12,MASKED,MASKED_UNFLAGGED,,,,HeCBench/results/llvm17_inject/entropy/float/site52_bit12.out,,,,,,,,,,,,,,,,
52,13,MASKED,MASKED_UNFLAGGED,,,,HeCBench/results/llvm17_inject/entropy/float/site52_bit13.out,,,,,,,,,,,,,,,,
52,14,MASKED,MASKED_UNFLAGGED,,,,HeCBench/results/llvm17_inject/entropy/float/site52_bit14.out,,,,,,,,,,,,,,,,
52,15,MASKED,MASKED_UNFLAGGED,,,,HeCBench/results/llvm17_inject/entropy/float/site52_bit15.out,,,,,,,,,,,,,,,,
52,16,MASKED,MASKED_UNFLAGGED,,,,HeCBench/results/llvm17_inject/entropy/float/site52_bit16.out,,,,,,,,,,,,,,,,
52,17,MASKED,MASKED_UNFLAGGED,,,,HeCBench/results/llvm17_inject/entropy/float/site52_bit17.out,,,,,,,,,,,,,,,,
52,18,MASKED,MASKED_UNFLAGGED,,,,HeCBench/results/llvm17_inject/entropy/float/site52_bit18.out,,,,,,,,,,,,,,,,
52,19,MASKED,MASKED_UNFLAGGED,,,,HeCBench/results/llvm17_inject/entropy/float/site52_bit19.out,,,,,,,,,,,,,,,,
52,20,MASKED,MASKED_UNFLAGGED,,,,HeCBench/results/llvm17_inject/entropy/float/site52_bit20.out,,,,,,,,,,,,,,,,
52,21,MASKED,MASKED_UNFLAGGED,,,,HeCBench/results/llvm17_inject/entropy/float/site52_bit21.out,,,,,,,,,,,,,,,,
52,22,MASKED,MASKED_UNFLAGGED,,,,HeCBench/results/llvm17_inject/entropy/float/site52_bit22.out,,,,,,,,,,,,,,,,
52,23,MASKED,MASKED_UNFLAGGED,,,,HeCBench/results/llvm17_inject/entropy/float/site52_bit23.out,,,,,,,,,,,,,,,,
52,24,MASKED,MASKED_UNFLAGGED,,,,HeCBench/results/llvm17_inject/entropy/float/site52_bit24.out,,,,,,,,,,,,,,,,
52,25,MASKED,MASKED_UNFLAGGED,,,,HeCBench/results/llvm17_inject/entropy/float/site52_bit25.out,,,,,,,,,,,,,,,,
52,26,MASKED,MASKED_UNFLAGGED,,,,HeCBench/results/llvm17_inject/entropy/float/site52_bit26.out,,,,,,,,,,,,,,,,
52,27,MASKED,MASKED_UNFLAGGED,,,,HeCBench/results/llvm17_inject/entropy/float/site52_bit27.out,,,,,,,,,,,,,,,,
52,28,MASKED,MASKED_UNFLAGGED,,,,HeCBench/results/llvm17_inject/entropy/float/site52_bit28.out,,,,,,,,,,,,,,,,
52,29,MASKED,MASKED_UNFLAGGED,,,,HeCBench/results/llvm17_inject/entropy/float/site52_bit29.out,,,,,,,,,,,,,,,,
52,30,MASKED,MASKED_UNFLAGGED,,,,HeCBench/results/llvm17_inject/entropy/float/site52_bit30.out,,,,,,,,,,,,,,,,
52,31,MASKED,MASKED_UNFLAGGED,,,,HeCBench/results/llvm17_inject/entropy/float/site52_bit31.out,,,,,,,,,,,,,,,,
52,32,MASKED,MASKED_UNFLAGGED,,,,HeCBench/results/llvm17_inject/entropy/float/site52_bit32.out,,,,,,,,,,,,,,,,
52,33,MASKED,MASKED_UNFLAGGED,,,,HeCBench/results/llvm17_inject/entropy/float/site52_bit33.out,,,,,,,,,,,,,,,,
52,34,MASKED,MASKED_UNFLAGGED,,,,HeCBench/results/llvm17_inject/entropy/float/site52_bit34.out,,,,,,,,,,,,,,,,
52,35,MASKED,MASKED_UNFLAGGED,,,,HeCBench/results/llvm17_inject/entropy/float/site52_bit35.out,,,,,,,,,,,,,,,,
52,36,MASKED,MASKED_UNFLAGGED,,,,HeCBench/results/llvm17_inject/entropy/float/site52_bit36.out,,,,,,,,,,,,,,,,
52,37,MASKED,MASKED_UNFLAGGED,,,,HeCBench/results/llvm17_inject/entropy/float/site52_bit37.out,,,,,,,,,,,,,,,,
52,38,MASKED,MASKED_UNFLAGGED,,,,HeCBench/results/llvm17_inject/entropy/float/site52_bit38.out,,,,,,,,,,,,,,,,
52,39,MASKED,MASKED_UNFLAGGED,,,,HeCBench/results/llvm17_inject/entropy/float/site52_bit39.out,,,,,,,,,,,,,,,,
52,40,MASKED,MASKED_UNFLAGGED,,,,HeCBench/results/llvm17_inject/entropy/float/site52_bit40.out,,,,,,,,,,,,,,,,
52,41,MASKED,MASKED_UNFLAGGED,,,,HeCBench/results/llvm17_inject/entropy/float/site52_bit41.out,,,,,,,,,,,,,,,,
52,42,MASKED,MASKED_UNFLAGGED,,,,HeCBench/results/llvm17_inject/entropy/float/site52_bit42.out,,,,,,,,,,,,,,,,
52,43,MASKED,MASKED_UNFLAGGED,,,,HeCBench/results/llvm17_inject/entropy/float/site52_bit43.out,,,,,,,,,,,,,,,,
52,44,MASKED,MASKED_UNFLAGGED,,,,HeCBench/results/llvm17_inject/entropy/float/site52_bit44.out,,,,,,,,,,,,,,,,
52,45,MASKED,MASKED_UNFLAGGED,,,,HeCBench/results/llvm17_inject/entropy/float/site52_bit45.out,,,,,,,,,,,,,,,,
52,46,MASKED,MASKED_UNFLAGGED,,,,HeCBench/results/llvm17_inject/entropy/float/site52_bit46.out,,,,,,,,,,,,,,,,
52,47,MASKED,MASKED_UNFLAGGED,,,,HeCBench/results/llvm17_inject/entropy/float/site52_bit47.out,,,,,,,,,,,,,,,,
52,48,MASKED,MASKED_UNFLAGGED,,,,HeCBench/results/llvm17_inject/entropy/float/site52_bit48.out,,,,,,,,,,,,,,,,
52,49,MASKED,MASKED_UNFLAGGED,,,,HeCBench/results/llvm17_inject/entropy/float/site52_bit49.out,,,,,,,,,,,,,,,,
52,50,MASKED,MASKED_UNFLAGGED,,,,HeCBench/results/llvm17_inject/entropy/float/site52_bit50.out,,,,,,,,,,,,,,,,
52,51,MASKED,MASKED_UNFLAGGED,,,,HeCBench/results/llvm17_inject/entropy/float/site52_bit51.out,,,,,,,,,,,,,,,,
52,52,MASKED,MASKED_UNFLAGGED,,,,HeCBench/results/llvm17_inject/entropy/float/site52_bit52.out,,,,,,,,,,,,,,,,
52,53,MASKED,MASKED_UNFLAGGED,,,,HeCBench/results/llvm17_inject/entropy/float/site52_bit53.out,,,,,,,,,,,,,,,,
52,54,MASKED,MASKED_UNFLAGGED,,,,HeCBench/results/llvm17_inject/entropy/float/site52_bit54.out,,,,,,,,,,,,,,,,
52,55,MASKED,MASKED_UNFLAGGED,,,,HeCBench/results/llvm17_inject/entropy/float/site52_bit55.out,,,,,,,,,,,,,,,,
52,56,MASKED,MASKED_UNFLAGGED,,,,HeCBench/results/llvm17_inject/entropy/float/site52_bit56.out,,,,,,,,,,,,,,,,
52,57,MASKED,MASKED_UNFLAGGED,,,,HeCBench/results/llvm17_inject/entropy/float/site52_bit57.out,,,,,,,,,,,,,,,,
52,58,MASKED,MASKED_UNFLAGGED,,,,HeCBench/results/llvm17_inject/entropy/float/site52_bit58.out,,,,,,,,,,,,,,,,
52,59,MASKED,MASKED_UNFLAGGED,,,,HeCBench/results/llvm17_inject/entropy/float/site52_bit59.out,,,,,,,,,,,,,,,,
52,60,MASKED,MASKED_UNFLAGGED,,,,HeCBench/results/llvm17_inject/entropy/float/site52_bit60.out,,,,,,,,,,,,,,,,
52,61,MASKED,MASKED_UNFLAGGED,,,,HeCBench/results/llvm17_inject/entropy/float/site52_bit61.out,,,,,,,,,,,,,,,,
52,62,MASKED,MASKED_UNFLAGGED,,,,HeCBench/results/llvm17_inject/entropy/float/site52_bit62.out,,,,,,,,,,,,,,,,
52,63,MASKED,MASKED_UNFLAGGED,,,,HeCBench/results/llvm17_inject/entropy/float/site52_bit63.out,,,,,,,,,,,,,,,,
53,0,MASKED,MASKED_UNFLAGGED,,,,HeCBench/results/llvm17_inject/entropy/float/site53_bit0.out,,,,,,,,,,,,,,,,
53,1,MASKED,MASKED_UNFLAGGED,,,,HeCBench/results/llvm17_inject/entropy/float/site53_bit1.out,,,,,,,,,,,,,,,,
53,2,MASKED,MASKED_UNFLAGGED,,,,HeCBench/results/llvm17_inject/entropy/float/site53_bit2.out,,,,,,,,,,,,,,,,
53,3,MASKED,MASKED_UNFLAGGED,,,,HeCBench/results/llvm17_inject/entropy/float/site53_bit3.out,,,,,,,,,,,,,,,,
53,4,MASKED,MASKED_UNFLAGGED,,,,HeCBench/results/llvm17_inject/entropy/float/site53_bit4.out,,,,,,,,,,,,,,,,
53,5,MASKED,MASKED_UNFLAGGED,,,,HeCBench/results/llvm17_inject/entropy/float/site53_bit5.out,,,,,,,,,,,,,,,,
53,6,MASKED,MASKED_UNFLAGGED,,,,HeCBench/results/llvm17_inject/entropy/float/site53_bit6.out,,,,,,,,,,,,,,,,
53,7,MASKED,MASKED_UNFLAGGED,,,,HeCBench/results/llvm17_inject/entropy/float/site53_bit7.out,,,,,,,,,,,,,,,,
54,0,MASKED,MASKED_UNFLAGGED,,,,HeCBench/results/llvm17_inject/entropy/float/site54_bit0.out,,,,,,,,,,,,,,,,
54,1,MASKED,MASKED_UNFLAGGED,,,,HeCBench/results/llvm17_inject/entropy/float/site54_bit1.out,,,,,,,,,,,,,,,,
54,2,MASKED,MASKED_UNFLAGGED,,,,HeCBench/results/llvm17_inject/entropy/float/site54_bit2.out,,,,,,,,,,,,,,,,
54,3,MASKED,MASKED_UNFLAGGED,,,,HeCBench/results/llvm17_inject/entropy/float/site54_bit3.out,,,,,,,,,,,,,,,,
54,4,MASKED,MASKED_UNFLAGGED,,,,HeCBench/results/llvm17_inject/entropy/float/site54_bit4.out,,,,,,,,,,,,,,,,
54,5,MASKED,MASKED_UNFLAGGED,,,,HeCBench/results/llvm17_inject/entropy/float/site54_bit5.out,,,,,,,,,,,,,,,,
54,6,MASKED,MASKED_UNFLAGGED,,,,HeCBench/results/llvm17_inject/entropy/float/site54_bit6.out,,,,,,,,,,,,,,,,
54,7,MASKED,MASKED_UNFLAGGED,,,,HeCBench/results/llvm17_inject/entropy/float/site54_bit7.out,,,,,,,,,,,,,,,,
54,8,MASKED,MASKED_UNFLAGGED,,,,HeCBench/results/llvm17_inject/entropy/float/site54_bit8.out,,,,,,,,,,,,,,,,
54,9,MASKED,MASKED_UNFLAGGED,,,,HeCBench/results/llvm17_inject/entropy/float/site54_bit9.out,,,,,,,,,,,,,,,,
54,10,MASKED,MASKED_UNFLAGGED,,,,HeCBench/results/llvm17_inject/entropy/float/site54_bit10.out,,,,,,,,,,,,,,,,
54,11,MASKED,MASKED_UNFLAGGED,,,,HeCBench/results/llvm17_inject/entropy/float/site54_bit11.out,,,,,,,,,,,,,,,,
54,12,MASKED,MASKED_UNFLAGGED,,,,HeCBench/results/llvm17_inject/entropy/float/site54_bit12.out,,,,,,,,,,,,,,,,
54,13,MASKED,MASKED_UNFLAGGED,,,,HeCBench/results/llvm17_inject/entropy/float/site54_bit13.out,,,,,,,,,,,,,,,,
54,14,MASKED,MASKED_UNFLAGGED,,,,HeCBench/results/llvm17_inject/entropy/float/site54_bit14.out,,,,,,,,,,,,,,,,
54,15,MASKED,MASKED_UNFLAGGED,,,,HeCBench/results/llvm17_inject/entropy/float/site54_bit15.out,,,,,,,,,,,,,,,,
54,16,MASKED,MASKED_UNFLAGGED,,,,HeCBench/results/llvm17_inject/entropy/float/site54_bit16.out,,,,,,,,,,,,,,,,
54,17,MASKED,MASKED_UNFLAGGED,,,,HeCBench/results/llvm17_inject/entropy/float/site54_bit17.out,,,,,,,,,,,,,,,,
54,18,MASKED,MASKED_UNFLAGGED,,,,HeCBench/results/llvm17_inject/entropy/float/site54_bit18.out,,,,,,,,,,,,,,,,
54,19,MASKED,MASKED_UNFLAGGED,,,,HeCBench/results/llvm17_inject/entropy/float/site54_bit19.out,,,,,,,,,,,,,,,,
54,20,MASKED,MASKED_UNFLAGGED,,,,HeCBench/results/llvm17_inject/entropy/float/site54_bit20.out,,,,,,,,,,,,,,,,
54,21,MASKED,MASKED_UNFLAGGED,,,,HeCBench/results/llvm17_inject/entropy/float/site54_bit21.out,,,,,,,,,,,,,,,,
54,22,MASKED,MASKED_UNFLAGGED,,,,HeCBench/results/llvm17_inject/entropy/float/site54_bit22.out,,,,,,,,,,,,,,,,
54,23,MASKED,MASKED_UNFLAGGED,,,,HeCBench/results/llvm17_inject/entropy/float/site54_bit23.out,,,,,,,,,,,,,,,,
54,24,MASKED,MASKED_UNFLAGGED,,,,HeCBench/results/llvm17_inject/entropy/float/site54_bit24.out,,,,,,,,,,,,,,,,
54,25,MASKED,MASKED_UNFLAGGED,,,,HeCBench/results/llvm17_inject/entropy/float/site54_bit25.out,,,,,,,,,,,,,,,,
54,26,MASKED,MASKED_UNFLAGGED,,,,HeCBench/results/llvm17_inject/entropy/float/site54_bit26.out,,,,,,,,,,,,,,,,
54,27,MASKED,MASKED_UNFLAGGED,,,,HeCBench/results/llvm17_inject/entropy/float/site54_bit27.out,,,,,,,,,,,,,,,,
54,28,MASKED,MASKED_UNFLAGGED,,,,HeCBench/results/llvm17_inject/entropy/float/site54_bit28.out,,,,,,,,,,,,,,,,
54,29,MASKED,MASKED_UNFLAGGED,,,,HeCBench/results/llvm17_inject/entropy/float/site54_bit29.out,,,,,,,,,,,,,,,,
54,30,MASKED,MASKED_UNFLAGGED,,,,HeCBench/results/llvm17_inject/entropy/float/site54_bit30.out,,,,,,,,,,,,,,,,
54,31,MASKED,MASKED_UNFLAGGED,,,,HeCBench/results/llvm17_inject/entropy/float/site54_bit31.out,,,,,,,,,,,,,,,,
54,32,MASKED,MASKED_UNFLAGGED,,,,HeCBench/results/llvm17_inject/entropy/float/site54_bit32.out,,,,,,,,,,,,,,,,
54,33,MASKED,MASKED_UNFLAGGED,,,,HeCBench/results/llvm17_inject/entropy/float/site54_bit33.out,,,,,,,,,,,,,,,,
54,34,MASKED,MASKED_UNFLAGGED,,,,HeCBench/results/llvm17_inject/entropy/float/site54_bit34.out,,,,,,,,,,,,,,,,
54,35,MASKED,MASKED_UNFLAGGED,,,,HeCBench/results/llvm17_inject/entropy/float/site54_bit35.out,,,,,,,,,,,,,,,,
54,36,MASKED,MASKED_UNFLAGGED,,,,HeCBench/results/llvm17_inject/entropy/float/site54_bit36.out,,,,,,,,,,,,,,,,
54,37,MASKED,MASKED_UNFLAGGED,,,,HeCBench/results/llvm17_inject/entropy/float/site54_bit37.out,,,,,,,,,,,,,,,,
54,38,MASKED,MASKED_UNFLAGGED,,,,HeCBench/results/llvm17_inject/entropy/float/site54_bit38.out,,,,,,,,,,,,,,,,
54,39,MASKED,MASKED_UNFLAGGED,,,,HeCBench/results/llvm17_inject/entropy/float/site54_bit39.out,,,,,,,,,,,,,,,,
54,40,MASKED,MASKED_UNFLAGGED,,,,HeCBench/results/llvm17_inject/entropy/float/site54_bit40.out,,,,,,,,,,,,,,,,
54,41,MASKED,MASKED_UNFLAGGED,,,,HeCBench/results/llvm17_inject/entropy/float/site54_bit41.out,,,,,,,,,,,,,,,,
54,42,MASKED,MASKED_UNFLAGGED,,,,HeCBench/results/llvm17_inject/entropy/float/site54_bit42.out,,,,,,,,,,,,,,,,
54,43,MASKED,MASKED_UNFLAGGED,,,,HeCBench/results/llvm17_inject/entropy/float/site54_bit43.out,,,,,,,,,,,,,,,,
54,44,MASKED,MASKED_UNFLAGGED,,,,HeCBench/results/llvm17_inject/entropy/float/site54_bit44.out,,,,,,,,,,,,,,,,
54,45,MASKED,MASKED_UNFLAGGED,,,,HeCBench/results/llvm17_inject/entropy/float/site54_bit45.out,,,,,,,,,,,,,,,,
54,46,MASKED,MASKED_UNFLAGGED,,,,HeCBench/results/llvm17_inject/entropy/float/site54_bit46.out,,,,,,,,,,,,,,,,
54,47,MASKED,MASKED_UNFLAGGED,,,,HeCBench/results/llvm17_inject/entropy/float/site54_bit47.out,,,,,,,,,,,,,,,,
54,48,MASKED,MASKED_UNFLAGGED,,,,HeCBench/results/llvm17_inject/entropy/float/site54_bit48.out,,,,,,,,,,,,,,,,
54,49,MASKED,MASKED_UNFLAGGED,,,,HeCBench/results/llvm17_inject/entropy/float/site54_bit49.out,,,,,,,,,,,,,,,,
54,50,MASKED,MASKED_UNFLAGGED,,,,HeCBench/results/llvm17_inject/entropy/float/site54_bit50.out,,,,,,,,,,,,,,,,
54,51,MASKED,MASKED_UNFLAGGED,,,,HeCBench/results/llvm17_inject/entropy/float/site54_bit51.out,,,,,,,,,,,,,,,,
54,52,MASKED,MASKED_UNFLAGGED,,,,HeCBench/results/llvm17_inject/entropy/float/site54_bit52.out,,,,,,,,,,,,,,,,
54,53,MASKED,MASKED_UNFLAGGED,,,,HeCBench/results/llvm17_inject/entropy/float/site54_bit53.out,,,,,,,,,,,,,,,,
54,54,MASKED,MASKED_UNFLAGGED,,,,HeCBench/results/llvm17_inject/entropy/float/site54_bit54.out,,,,,,,,,,,,,,,,
54,55,MASKED,MASKED_UNFLAGGED,,,,HeCBench/results/llvm17_inject/entropy/float/site54_bit55.out,,,,,,,,,,,,,,,,
54,56,MASKED,MASKED_UNFLAGGED,,,,HeCBench/results/llvm17_inject/entropy/float/site54_bit56.out,,,,,,,,,,,,,,,,
54,57,MASKED,MASKED_UNFLAGGED,,,,HeCBench/results/llvm17_inject/entropy/float/site54_bit57.out,,,,,,,,,,,,,,,,
54,58,MASKED,MASKED_UNFLAGGED,,,,HeCBench/results/llvm17_inject/entropy/float/site54_bit58.out,,,,,,,,,,,,,,,,
54,59,MASKED,MASKED_UNFLAGGED,,,,HeCBench/results/llvm17_inject/entropy/float/site54_bit59.out,,,,,,,,,,,,,,,,
54,60,MASKED,MASKED_UNFLAGGED,,,,HeCBench/results/llvm17_inject/entropy/float/site54_bit60.out,,,,,,,,,,,,,,,,
54,61,MASKED,MASKED_UNFLAGGED,,,,HeCBench/results/llvm17_inject/entropy/float/site54_bit61.out,,,,,,,,,,,,,,,,
54,62,MASKED,MASKED_UNFLAGGED,,,,HeCBench/results/llvm17_inject/entropy/float/site54_bit62.out,,,,,,,,,,,,,,,,
54,63,MASKED,MASKED_UNFLAGGED,,,,HeCBench/results/llvm17_inject/entropy/float/site54_bit63.out,,,,,,,,,,,,,,,,
55,0,MASKED,MASKED_UNFLAGGED,,,,HeCBench/results/llvm17_inject/entropy/float/site55_bit0.out,,,,,,,,,,,,,,,,
55,1,MASKED,MASKED_UNFLAGGED,,,,HeCBench/results/llvm17_inject/entropy/float/site55_bit1.out,,,,,,,,,,,,,,,,
55,2,MASKED,MASKED_UNFLAGGED,,,,HeCBench/results/llvm17_inject/entropy/float/site55_bit2.out,,,,,,,,,,,,,,,,
55,3,MASKED,MASKED_UNFLAGGED,,,,HeCBench/results/llvm17_inject/entropy/float/site55_bit3.out,,,,,,,,,,,,,,,,
55,4,MASKED,MASKED_UNFLAGGED,,,,HeCBench/results/llvm17_inject/entropy/float/site55_bit4.out,,,,,,,,,,,,,,,,
55,5,MASKED,MASKED_UNFLAGGED,,,,HeCBench/results/llvm17_inject/entropy/float/site55_bit5.out,,,,,,,,,,,,,,,,
55,6,MASKED,MASKED_UNFLAGGED,,,,HeCBench/results/llvm17_inject/entropy/float/site55_bit6.out,,,,,,,,,,,,,,,,
55,7,MASKED,MASKED_UNFLAGGED,,,,HeCBench/results/llvm17_inject/entropy/float/site55_bit7.out,,,,,,,,,,,,,,,,
56,0,DUE,FAILURE_NONHANG,empty_out,,,HeCBench/results/llvm17_inject/entropy/float/site56_bit0.out,,,,,,,,,,,,,,,,
56,1,MASKED,MASKED_UNFLAGGED,,,,HeCBench/results/llvm17_inject/entropy/float/site56_bit1.out,,,,,,,,,,,,,,,,
56,2,MASKED,MASKED_UNFLAGGED,,,,HeCBench/results/llvm17_inject/entropy/float/site56_bit2.out,,,,,,,,,,,,,,,,
56,3,MASKED,MASKED_UNFLAGGED,,,,HeCBench/results/llvm17_inject/entropy/float/site56_bit3.out,,,,,,,,,,,,,,,,
56,4,MASKED,MASKED_UNFLAGGED,,,,HeCBench/results/llvm17_inject/entropy/float/site56_bit4.out,,,,,,,,,,,,,,,,
56,5,MASKED,MASKED_UNFLAGGED,,,,HeCBench/results/llvm17_inject/entropy/float/site56_bit5.out,,,,,,,,,,,,,,,,
56,6,MASKED,MASKED_UNFLAGGED,,,,HeCBench/results/llvm17_inject/entropy/float/site56_bit6.out,,,,,,,,,,,,,,,,
56,7,MASKED,MASKED_UNFLAGGED,,,,HeCBench/results/llvm17_inject/entropy/float/site56_bit7.out,,,,,,,,,,,,,,,,
57,0,MASKED,MASKED_UNFLAGGED,,,,HeCBench/results/llvm17_inject/entropy/float/site57_bit0.out,,,,,,,,,,,,,,,,
57,1,MASKED,MASKED_UNFLAGGED,,,,HeCBench/results/llvm17_inject/entropy/float/site57_bit1.out,,,,,,,,,,,,,,,,
57,2,MASKED,MASKED_UNFLAGGED,,,,HeCBench/results/llvm17_inject/entropy/float/site57_bit2.out,,,,,,,,,,,,,,,,
57,3,MASKED,MASKED_UNFLAGGED,,,,HeCBench/results/llvm17_inject/entropy/float/site57_bit3.out,,,,,,,,,,,,,,,,
57,4,MASKED,MASKED_UNFLAGGED,,,,HeCBench/results/llvm17_inject/entropy/float/site57_bit4.out,,,,,,,,,,,,,,,,
57,5,MASKED,MASKED_UNFLAGGED,,,,HeCBench/results/llvm17_inject/entropy/float/site57_bit5.out,,,,,,,,,,,,,,,,
57,6,MASKED,MASKED_UNFLAGGED,,,,HeCBench/results/llvm17_inject/entropy/float/site57_bit6.out,,,,,,,,,,,,,,,,
57,7,MASKED,MASKED_UNFLAGGED,,,,HeCBench/results/llvm17_inject/entropy/float/site57_bit7.out,,,,,,,,,,,,,,,,
58,0,DUE,FAILURE_NONHANG,empty_out,,,HeCBench/results/llvm17_inject/entropy/float/site58_bit0.out,,,,,,,,,,,,,,,,
58,1,MASKED,MASKED_UNFLAGGED,,,,HeCBench/results/llvm17_inject/entropy/float/site58_bit1.out,,,,,,,,,,,,,,,,
58,2,MASKED,MASKED_UNFLAGGED,,,,HeCBench/results/llvm17_inject/entropy/float/site58_bit2.out,,,,,,,,,,,,,,,,
58,3,MASKED,MASKED_UNFLAGGED,,,,HeCBench/results/llvm17_inject/entropy/float/site58_bit3.out,,,,,,,,,,,,,,,,
58,4,MASKED,MASKED_UNFLAGGED,,,,HeCBench/results/llvm17_inject/entropy/float/site58_bit4.out,,,,,,,,,,,,,,,,
58,5,MASKED,MASKED_UNFLAGGED,,,,HeCBench/results/llvm17_inject/entropy/float/site58_bit5.out,,,,,,,,,,,,,,,,
58,6,MASKED,MASKED_UNFLAGGED,,,,HeCBench/results/llvm17_inject/entropy/float/site58_bit6.out,,,,,,,,,,,,,,,,
58,7,MASKED,MASKED_UNFLAGGED,,,,HeCBench/results/llvm17_inject/entropy/float/site58_bit7.out,,,,,,,,,,,,,,,,
59,0,MASKED,MASKED_UNFLAGGED,,,,HeCBench/results/llvm17_inject/entropy/float/site59_bit0.out,,,,,,,,,,,,,,,,
59,1,MASKED,MASKED_UNFLAGGED,,,,HeCBench/results/llvm17_inject/entropy/float/site59_bit1.out,,,,,,,,,,,,,,,,
59,2,MASKED,MASKED_UNFLAGGED,,,,HeCBench/results/llvm17_inject/entropy/float/site59_bit2.out,,,,,,,,,,,,,,,,
59,3,MASKED,MASKED_UNFLAGGED,,,,HeCBench/results/llvm17_inject/entropy/float/site59_bit3.out,,,,,,,,,,,,,,,,
59,4,MASKED,MASKED_UNFLAGGED,,,,HeCBench/results/llvm17_inject/entropy/float/site59_bit4.out,,,,,,,,,,,,,,,,
59,5,MASKED,MASKED_UNFLAGGED,,,,HeCBench/results/llvm17_inject/entropy/float/site59_bit5.out,,,,,,,,,,,,,,,,
59,6,MASKED,MASKED_UNFLAGGED,,,,HeCBench/results/llvm17_inject/entropy/float/site59_bit6.out,,,,,,,,,,,,,,,,
59,7,MASKED,MASKED_UNFLAGGED,,,,HeCBench/results/llvm17_inject/entropy/float/site59_bit7.out,,,,,,,,,,,,,,,,
59,8,MASKED,MASKED_UNFLAGGED,,,,HeCBench/results/llvm17_inject/entropy/float/site59_bit8.out,,,,,,,,,,,,,,,,
59,9,MASKED,MASKED_UNFLAGGED,,,,HeCBench/results/llvm17_inject/entropy/float/site59_bit9.out,,,,,,,,,,,,,,,,
59,10,MASKED,MASKED_UNFLAGGED,,,,HeCBench/results/llvm17_inject/entropy/float/site59_bit10.out,,,,,,,,,,,,,,,,
59,11,MASKED,MASKED_UNFLAGGED,,,,HeCBench/results/llvm17_inject/entropy/float/site59_bit11.out,,,,,,,,,,,,,,,,
59,12,MASKED,MASKED_UNFLAGGED,,,,HeCBench/results/llvm17_inject/entropy/float/site59_bit12.out,,,,,,,,,,,,,,,,
59,13,MASKED,MASKED_UNFLAGGED,,,,HeCBench/results/llvm17_inject/entropy/float/site59_bit13.out,,,,,,,,,,,,,,,,
59,14,MASKED,MASKED_UNFLAGGED,,,,HeCBench/results/llvm17_inject/entropy/float/site59_bit14.out,,,,,,,,,,,,,,,,
59,15,MASKED,MASKED_UNFLAGGED,,,,HeCBench/results/llvm17_inject/entropy/float/site59_bit15.out,,,,,,,,,,,,,,,,
59,16,MASKED,MASKED_UNFLAGGED,,,,HeCBench/results/llvm17_inject/entropy/float/site59_bit16.out,,,,,,,,,,,,,,,,
59,17,MASKED,MASKED_UNFLAGGED,,,,HeCBench/results/llvm17_inject/entropy/float/site59_bit17.out,,,,,,,,,,,,,,,,
59,18,MASKED,MASKED_UNFLAGGED,,,,HeCBench/results/llvm17_inject/entropy/float/site59_bit18.out,,,,,,,,,,,,,,,,
59,19,MASKED,MASKED_UNFLAGGED,,,,HeCBench/results/llvm17_inject/entropy/float/site59_bit19.out,,,,,,,,,,,,,,,,
59,20,MASKED,MASKED_UNFLAGGED,,,,HeCBench/results/llvm17_inject/entropy/float/site59_bit20.out,,,,,,,,,,,,,,,,
59,21,MASKED,MASKED_UNFLAGGED,,,,HeCBench/results/llvm17_inject/entropy/float/site59_bit21.out,,,,,,,,,,,,,,,,
59,22,MASKED,MASKED_UNFLAGGED,,,,HeCBench/results/llvm17_inject/entropy/float/site59_bit22.out,,,,,,,,,,,,,,,,
59,23,MASKED,MASKED_UNFLAGGED,,,,HeCBench/results/llvm17_inject/entropy/float/site59_bit23.out,,,,,,,,,,,,,,,,
59,24,MASKED,MASKED_UNFLAGGED,,,,HeCBench/results/llvm17_inject/entropy/float/site59_bit24.out,,,,,,,,,,,,,,,,
59,25,MASKED,MASKED_UNFLAGGED,,,,HeCBench/results/llvm17_inject/entropy/float/site59_bit25.out,,,,,,,,,,,,,,,,
59,26,MASKED,MASKED_UNFLAGGED,,,,HeCBench/results/llvm17_inject/entropy/float/site59_bit26.out,,,,,,,,,,,,,,,,
59,27,MASKED,MASKED_UNFLAGGED,,,,HeCBench/results/llvm17_inject/entropy/float/site59_bit27.out,,,,,,,,,,,,,,,,
59,28,MASKED,MASKED_UNFLAGGED,,,,HeCBench/results/llvm17_inject/entropy/float/site59_bit28.out,,,,,,,,,,,,,,,,
59,29,MASKED,MASKED_UNFLAGGED,,,,HeCBench/results/llvm17_inject/entropy/float/site59_bit29.out,,,,,,,,,,,,,,,,
59,30,MASKED,MASKED_UNFLAGGED,,,,HeCBench/results/llvm17_inject/entropy/float/site59_bit30.out,,,,,,,,,,,,,,,,
59,31,MASKED,MASKED_UNFLAGGED,,,,HeCBench/results/llvm17_inject/entropy/float/site59_bit31.out,,,,,,,,,,,,,,,,
60,0,MASKED,MASKED_UNFLAGGED,,,,HeCBench/results/llvm17_inject/entropy/float/site60_bit0.out,,,,,,,,,,,,,,,,
60,1,MASKED,MASKED_UNFLAGGED,,,,HeCBench/results/llvm17_inject/entropy/float/site60_bit1.out,,,,,,,,,,,,,,,,
60,2,MASKED,MASKED_UNFLAGGED,,,,HeCBench/results/llvm17_inject/entropy/float/site60_bit2.out,,,,,,,,,,,,,,,,
60,3,MASKED,MASKED_UNFLAGGED,,,,HeCBench/results/llvm17_inject/entropy/float/site60_bit3.out,,,,,,,,,,,,,,,,
60,4,MASKED,MASKED_UNFLAGGED,,,,HeCBench/results/llvm17_inject/entropy/float/site60_bit4.out,,,,,,,,,,,,,,,,
60,5,MASKED,MASKED_UNFLAGGED,,,,HeCBench/results/llvm17_inject/entropy/float/site60_bit5.out,,,,,,,,,,,,,,,,
60,6,MASKED,MASKED_UNFLAGGED,,,,HeCBench/results/llvm17_inject/entropy/float/site60_bit6.out,,,,,,,,,,,,,,,,
60,7,MASKED,MASKED_UNFLAGGED,,,,HeCBench/results/llvm17_inject/entropy/float/site60_bit7.out,,,,,,,,,,,,,,,,
60,8,MASKED,MASKED_UNFLAGGED,,,,HeCBench/results/llvm17_inject/entropy/float/site60_bit8.out,,,,,,,,,,,,,,,,
60,9,MASKED,MASKED_UNFLAGGED,,,,HeCBench/results/llvm17_inject/entropy/float/site60_bit9.out,,,,,,,,,,,,,,,,
60,10,MASKED,MASKED_UNFLAGGED,,,,HeCBench/results/llvm17_inject/entropy/float/site60_bit10.out,,,,,,,,,,,,,,,,
60,11,MASKED,MASKED_UNFLAGGED,,,,HeCBench/results/llvm17_inject/entropy/float/site60_bit11.out,,,,,,,,,,,,,,,,
60,12,MASKED,MASKED_UNFLAGGED,,,,HeCBench/results/llvm17_inject/entropy/float/site60_bit12.out,,,,,,,,,,,,,,,,
60,13,MASKED,MASKED_UNFLAGGED,,,,HeCBench/results/llvm17_inject/entropy/float/site60_bit13.out,,,,,,,,,,,,,,,,
60,14,MASKED,MASKED_UNFLAGGED,,,,HeCBench/results/llvm17_inject/entropy/float/site60_bit14.out,,,,,,,,,,,,,,,,
60,15,MASKED,MASKED_UNFLAGGED,,,,HeCBench/results/llvm17_inject/entropy/float/site60_bit15.out,,,,,,,,,,,,,,,,
60,16,MASKED,MASKED_UNFLAGGED,,,,HeCBench/results/llvm17_inject/entropy/float/site60_bit16.out,,,,,,,,,,,,,,,,
60,17,MASKED,MASKED_UNFLAGGED,,,,HeCBench/results/llvm17_inject/entropy/float/site60_bit17.out,,,,,,,,,,,,,,,,
60,18,MASKED,MASKED_UNFLAGGED,,,,HeCBench/results/llvm17_inject/entropy/float/site60_bit18.out,,,,,,,,,,,,,,,,
60,19,MASKED,MASKED_UNFLAGGED,,,,HeCBench/results/llvm17_inject/entropy/float/site60_bit19.out,,,,,,,,,,,,,,,,
60,20,MASKED,MASKED_UNFLAGGED,,,,HeCBench/results/llvm17_inject/entropy/float/site60_bit20.out,,,,,,,,,,,,,,,,
60,21,MASKED,MASKED_UNFLAGGED,,,,HeCBench/results/llvm17_inject/entropy/float/site60_bit21.out,,,,,,,,,,,,,,,,
60,22,MASKED,MASKED_UNFLAGGED,,,,HeCBench/results/llvm17_inject/entropy/float/site60_bit22.out,,,,,,,,,,,,,,,,
60,23,MASKED,MASKED_UNFLAGGED,,,,HeCBench/results/llvm17_inject/entropy/float/site60_bit23.out,,,,,,,,,,,,,,,,
60,24,MASKED,MASKED_UNFLAGGED,,,,HeCBench/results/llvm17_inject/entropy/float/site60_bit24.out,,,,,,,,,,,,,,,,
60,25,MASKED,MASKED_UNFLAGGED,,,,HeCBench/results/llvm17_inject/entropy/float/site60_bit25.out,,,,,,,,,,,,,,,,
60,26,MASKED,MASKED_UNFLAGGED,,,,HeCBench/results/llvm17_inject/entropy/float/site60_bit26.out,,,,,,,,,,,,,,,,
60,27,MASKED,MASKED_UNFLAGGED,,,,HeCBench/results/llvm17_inject/entropy/float/site60_bit27.out,,,,,,,,,,,,,,,,
60,28,MASKED,MASKED_UNFLAGGED,,,,HeCBench/results/llvm17_inject/entropy/float/site60_bit28.out,,,,,,,,,,,,,,,,
60,29,MASKED,MASKED_UNFLAGGED,,,,HeCBench/results/llvm17_inject/entropy/float/site60_bit29.out,,,,,,,,,,,,,,,,
60,30,MASKED,MASKED_UNFLAGGED,,,,HeCBench/results/llvm17_inject/entropy/float/site60_bit30.out,,,,,,,,,,,,,,,,
60,31,MASKED,MASKED_UNFLAGGED,,,,HeCBench/results/llvm17_inject/entropy/float/site60_bit31.out,,,,,,,,,,,,,,,,
61,0,MASKED,MASKED_UNFLAGGED,,,,HeCBench/results/llvm17_inject/entropy/float/site61_bit0.out,,,,,,,,,,,,,,,,
61,1,MASKED,MASKED_UNFLAGGED,,,,HeCBench/results/llvm17_inject/entropy/float/site61_bit1.out,,,,,,,,,,,,,,,,
61,2,MASKED,MASKED_UNFLAGGED,,,,HeCBench/results/llvm17_inject/entropy/float/site61_bit2.out,,,,,,,,,,,,,,,,
61,3,MASKED,MASKED_UNFLAGGED,,,,HeCBench/results/llvm17_inject/entropy/float/site61_bit3.out,,,,,,,,,,,,,,,,
61,4,MASKED,MASKED_UNFLAGGED,,,,HeCBench/results/llvm17_inject/entropy/float/site61_bit4.out,,,,,,,,,,,,,,,,
61,5,MASKED,MASKED_UNFLAGGED,,,,HeCBench/results/llvm17_inject/entropy/float/site61_bit5.out,,,,,,,,,,,,,,,,
61,6,MASKED,MASKED_UNFLAGGED,,,,HeCBench/results/llvm17_inject/entropy/float/site61_bit6.out,,,,,,,,,,,,,,,,
61,7,MASKED,MASKED_UNFLAGGED,,,,HeCBench/results/llvm17_inject/entropy/float/site61_bit7.out,,,,,,,,,,,,,,,,
61,8,MASKED,MASKED_UNFLAGGED,,,,HeCBench/results/llvm17_inject/entropy/float/site61_bit8.out,,,,,,,,,,,,,,,,
61,9,MASKED,MASKED_UNFLAGGED,,,,HeCBench/results/llvm17_inject/entropy/float/site61_bit9.out,,,,,,,,,,,,,,,,
61,10,MASKED,MASKED_UNFLAGGED,,,,HeCBench/results/llvm17_inject/entropy/float/site61_bit10.out,,,,,,,,,,,,,,,,
61,11,MASKED,MASKED_UNFLAGGED,,,,HeCBench/results/llvm17_inject/entropy/float/site61_bit11.out,,,,,,,,,,,,,,,,
61,12,MASKED,MASKED_UNFLAGGED,,,,HeCBench/results/llvm17_inject/entropy/float/site61_bit12.out,,,,,,,,,,,,,,,,
61,13,MASKED,MASKED_UNFLAGGED,,,,HeCBench/results/llvm17_inject/entropy/float/site61_bit13.out,,,,,,,,,,,,,,,,
61,14,MASKED,MASKED_UNFLAGGED,,,,HeCBench/results/llvm17_inject/entropy/float/site61_bit14.out,,,,,,,,,,,,,,,,
61,15,MASKED,MASKED_UNFLAGGED,,,,HeCBench/results/llvm17_inject/entropy/float/site61_bit15.out,,,,,,,,,,,,,,,,
61,16,MASKED,MASKED_UNFLAGGED,,,,HeCBench/results/llvm17_inject/entropy/float/site61_bit16.out,,,,,,,,,,,,,,,,
61,17,MASKED,MASKED_UNFLAGGED,,,,HeCBench/results/llvm17_inject/entropy/float/site61_bit17.out,,,,,,,,,,,,,,,,
61,18,MASKED,MASKED_UNFLAGGED,,,,HeCBench/results/llvm17_inject/entropy/float/site61_bit18.out,,,,,,,,,,,,,,,,
61,19,MASKED,MASKED_UNFLAGGED,,,,HeCBench/results/llvm17_inject/entropy/float/site61_bit19.out,,,,,,,,,,,,,,,,
61,20,MASKED,MASKED_UNFLAGGED,,,,HeCBench/results/llvm17_inject/entropy/float/site61_bit20.out,,,,,,,,,,,,,,,,
61,21,MASKED,MASKED_UNFLAGGED,,,,HeCBench/results/llvm17_inject/entropy/float/site61_bit21.out,,,,,,,,,,,,,,,,
61,22,MASKED,MASKED_UNFLAGGED,,,,HeCBench/results/llvm17_inject/entropy/float/site61_bit22.out,,,,,,,,,,,,,,,,
61,23,MASKED,MASKED_UNFLAGGED,,,,HeCBench/results/llvm17_inject/entropy/float/site61_bit23.out,,,,,,,,,,,,,,,,
61,24,MASKED,MASKED_UNFLAGGED,,,,HeCBench/results/llvm17_inject/entropy/float/site61_bit24.out,,,,,,,,,,,,,,,,
61,25,MASKED,MASKED_UNFLAGGED,,,,HeCBench/results/llvm17_inject/entropy/float/site61_bit25.out,,,,,,,,,,,,,,,,
61,26,MASKED,MASKED_UNFLAGGED,,,,HeCBench/results/llvm17_inject/entropy/float/site61_bit26.out,,,,,,,,,,,,,,,,
61,27,MASKED,MASKED_UNFLAGGED,,,,HeCBench/results/llvm17_inject/entropy/float/site61_bit27.out,,,,,,,,,,,,,,,,
61,28,MASKED,MASKED_UNFLAGGED,,,,HeCBench/results/llvm17_inject/entropy/float/site61_bit28.out,,,,,,,,,,,,,,,,
61,29,MASKED,MASKED_UNFLAGGED,,,,HeCBench/results/llvm17_inject/entropy/float/site61_bit29.out,,,,,,,,,,,,,,,,
61,30,MASKED,MASKED_UNFLAGGED,,,,HeCBench/results/llvm17_inject/entropy/float/site61_bit30.out,,,,,,,,,,,,,,,,
61,31,MASKED,MASKED_UNFLAGGED,,,,HeCBench/results/llvm17_inject/entropy/float/site61_bit31.out,,,,,,,,,,,,,,,,
62,0,MASKED,MASKED_UNFLAGGED,,,,HeCBench/results/llvm17_inject/entropy/float/site62_bit0.out,,,,,,,,,,,,,,,,
62,1,MASKED,MASKED_UNFLAGGED,,,,HeCBench/results/llvm17_inject/entropy/float/site62_bit1.out,,,,,,,,,,,,,,,,
62,2,MASKED,MASKED_UNFLAGGED,,,,HeCBench/results/llvm17_inject/entropy/float/site62_bit2.out,,,,,,,,,,,,,,,,
62,3,MASKED,MASKED_UNFLAGGED,,,,HeCBench/results/llvm17_inject/entropy/float/site62_bit3.out,,,,,,,,,,,,,,,,
62,4,MASKED,MASKED_UNFLAGGED,,,,HeCBench/results/llvm17_inject/entropy/float/site62_bit4.out,,,,,,,,,,,,,,,,
62,5,MASKED,MASKED_UNFLAGGED,,,,HeCBench/results/llvm17_inject/entropy/float/site62_bit5.out,,,,,,,,,,,,,,,,
62,6,MASKED,MASKED_UNFLAGGED,,,,HeCBench/results/llvm17_inject/entropy/float/site62_bit6.out,,,,,,,,,,,,,,,,
62,7,MASKED,MASKED_UNFLAGGED,,,,HeCBench/results/llvm17_inject/entropy/float/site62_bit7.out,,,,,,,,,,,,,,,,
62,8,MASKED,MASKED_UNFLAGGED,,,,HeCBench/results/llvm17_inject/entropy/float/site62_bit8.out,,,,,,,,,,,,,,,,
62,9,MASKED,MASKED_UNFLAGGED,,,,HeCBench/results/llvm17_inject/entropy/float/site62_bit9.out,,,,,,,,,,,,,,,,
62,10,MASKED,MASKED_UNFLAGGED,,,,HeCBench/results/llvm17_inject/entropy/float/site62_bit10.out,,,,,,,,,,,,,,,,
62,11,MASKED,MASKED_UNFLAGGED,,,,HeCBench/results/llvm17_inject/entropy/float/site62_bit11.out,,,,,,,,,,,,,,,,
62,12,MASKED,MASKED_UNFLAGGED,,,,HeCBench/results/llvm17_inject/entropy/float/site62_bit12.out,,,,,,,,,,,,,,,,
62,13,MASKED,MASKED_UNFLAGGED,,,,HeCBench/results/llvm17_inject/entropy/float/site62_bit13.out,,,,,,,,,,,,,,,,
62,14,MASKED,MASKED_UNFLAGGED,,,,HeCBench/results/llvm17_inject/entropy/float/site62_bit14.out,,,,,,,,,,,,,,,,
62,15,MASKED,MASKED_UNFLAGGED,,,,HeCBench/results/llvm17_inject/entropy/float/site62_bit15.out,,,,,,,,,,,,,,,,
62,16,MASKED,MASKED_UNFLAGGED,,,,HeCBench/results/llvm17_inject/entropy/float/site62_bit16.out,,,,,,,,,,,,,,,,
62,17,MASKED,MASKED_UNFLAGGED,,,,HeCBench/results/llvm17_inject/entropy/float/site62_bit17.out,,,,,,,,,,,,,,,,
62,18,MASKED,MASKED_UNFLAGGED,,,,HeCBench/results/llvm17_inject/entropy/float/site62_bit18.out,,,,,,,,,,,,,,,,
62,19,MASKED,MASKED_UNFLAGGED,,,,HeCBench/results/llvm17_inject/entropy/float/site62_bit19.out,,,,,,,,,,,,,,,,
62,20,MASKED,MASKED_UNFLAGGED,,,,HeCBench/results/llvm17_inject/entropy/float/site62_bit20.out,,,,,,,,,,,,,,,,
62,21,MASKED,MASKED_UNFLAGGED,,,,HeCBench/results/llvm17_inject/entropy/float/site62_bit21.out,,,,,,,,,,,,,,,,
62,22,MASKED,MASKED_UNFLAGGED,,,,HeCBench/results/llvm17_inject/entropy/float/site62_bit22.out,,,,,,,,,,,,,,,,
62,23,MASKED,MASKED_UNFLAGGED,,,,HeCBench/results/llvm17_inject/entropy/float/site62_bit23.out,,,,,,,,,,,,,,,,
62,24,MASKED,MASKED_UNFLAGGED,,,,HeCBench/results/llvm17_inject/entropy/float/site62_bit24.out,,,,,,,,,,,,,,,,
62,25,MASKED,MASKED_UNFLAGGED,,,,HeCBench/results/llvm17_inject/entropy/float/site62_bit25.out,,,,,,,,,,,,,,,,
62,26,MASKED,MASKED_UNFLAGGED,,,,HeCBench/results/llvm17_inject/entropy/float/site62_bit26.out,,,,,,,,,,,,,,,,
62,27,MASKED,MASKED_UNFLAGGED,,,,HeCBench/results/llvm17_inject/entropy/float/site62_bit27.out,,,,,,,,,,,,,,,,
62,28,MASKED,MASKED_UNFLAGGED,,,,HeCBench/results/llvm17_inject/entropy/float/site62_bit28.out,,,,,,,,,,,,,,,,
62,29,MASKED,MASKED_UNFLAGGED,,,,HeCBench/results/llvm17_inject/entropy/float/site62_bit29.out,,,,,,,,,,,,,,,,
62,30,MASKED,MASKED_UNFLAGGED,,,,HeCBench/results/llvm17_inject/entropy/float/site62_bit30.out,,,,,,,,,,,,,,,,
62,31,SDC,SDC_FLAGGED,0,kernel_reported_fail,,HeCBench/results/llvm17_inject/entropy/float/site62_bit31.out,,,,,,,,,,,,,,,,
63,0,MASKED,MASKED_UNFLAGGED,,,,HeCBench/results/llvm17_inject/entropy/float/site63_bit0.out,,,,,,,,,,,,,,,,
63,1,MASKED,MASKED_UNFLAGGED,,,,HeCBench/results/llvm17_inject/entropy/float/site63_bit1.out,,,,,,,,,,,,,,,,
63,2,MASKED,MASKED_UNFLAGGED,,,,HeCBench/results/llvm17_inject/entropy/float/site63_bit2.out,,,,,,,,,,,,,,,,
63,3,MASKED,MASKED_UNFLAGGED,,,,HeCBench/results/llvm17_inject/entropy/float/site63_bit3.out,,,,,,,,,,,,,,,,
63,4,MASKED,MASKED_UNFLAGGED,,,,HeCBench/results/llvm17_inject/entropy/float/site63_bit4.out,,,,,,,,,,,,,,,,
63,5,MASKED,MASKED_UNFLAGGED,,,,HeCBench/results/llvm17_inject/entropy/float/site63_bit5.out,,,,,,,,,,,,,,,,
63,6,MASKED,MASKED_UNFLAGGED,,,,HeCBench/results/llvm17_inject/entropy/float/site63_bit6.out,,,,,,,,,,,,,,,,
63,7,MASKED,MASKED_UNFLAGGED,,,,HeCBench/results/llvm17_inject/entropy/float/site63_bit7.out,,,,,,,,,,,,,,,,
64,0,MASKED,MASKED_UNFLAGGED,,,,HeCBench/results/llvm17_inject/entropy/float/site64_bit0.out,,,,,,,,,,,,,,,,
64,1,MASKED,MASKED_UNFLAGGED,,,,HeCBench/results/llvm17_inject/entropy/float/site64_bit1.out,,,,,,,,,,,,,,,,
64,2,MASKED,MASKED_UNFLAGGED,,,,HeCBench/results/llvm17_inject/entropy/float/site64_bit2.out,,,,,,,,,,,,,,,,
64,3,MASKED,MASKED_UNFLAGGED,,,,HeCBench/results/llvm17_inject/entropy/float/site64_bit3.out,,,,,,,,,,,,,,,,
64,4,MASKED,MASKED_UNFLAGGED,,,,HeCBench/results/llvm17_inject/entropy/float/site64_bit4.out,,,,,,,,,,,,,,,,
64,5,MASKED,MASKED_UNFLAGGED,,,,HeCBench/results/llvm17_inject/entropy/float/site64_bit5.out,,,,,,,,,,,,,,,,
64,6,MASKED,MASKED_UNFLAGGED,,,,HeCBench/results/llvm17_inject/entropy/float/site64_bit6.out,,,,,,,,,,,,,,,,
64,7,MASKED,MASKED_UNFLAGGED,,,,HeCBench/results/llvm17_inject/entropy/float/site64_bit7.out,,,,,,,,,,,,,,,,
64,8,MASKED,MASKED_UNFLAGGED,,,,HeCBench/results/llvm17_inject/entropy/float/site64_bit8.out,,,,,,,,,,,,,,,,
64,9,MASKED,MASKED_UNFLAGGED,,,,HeCBench/results/llvm17_inject/entropy/float/site64_bit9.out,,,,,,,,,,,,,,,,
64,10,SDC,SDC_FLAGGED,0,kernel_reported_fail,,HeCBench/results/llvm17_inject/entropy/float/site64_bit10.out,,,,,,,,,,,,,,,,
64,11,SDC,SDC_FLAGGED,0,kernel_reported_fail,,HeCBench/results/llvm17_inject/entropy/float/site64_bit11.out,,,,,,,,,,,,,,,,
64,12,SDC,SDC_FLAGGED,0,kernel_reported_fail,,HeCBench/results/llvm17_inject/entropy/float/site64_bit12.out,,,,,,,,,,,,,,,,
64,13,SDC,SDC_FLAGGED,0,kernel_reported_fail,,HeCBench/results/llvm17_inject/entropy/float/site64_bit13.out,,,,,,,,,,,,,,,,
64,14,SDC,SDC_FLAGGED,0,kernel_reported_fail,,HeCBench/results/llvm17_inject/entropy/float/site64_bit14.out,,,,,,,,,,,,,,,,
64,15,SDC,SDC_FLAGGED,0,kernel_reported_fail,,HeCBench/results/llvm17_inject/entropy/float/site64_bit15.out,,,,,,,,,,,,,,,,
64,16,SDC,SDC_FLAGGED,0,kernel_reported_fail,,HeCBench/results/llvm17_inject/entropy/float/site64_bit16.out,,,,,,,,,,,,,,,,
64,17,SDC,SDC_FLAGGED,0,kernel_reported_fail,,HeCBench/results/llvm17_inject/entropy/float/site64_bit17.out,,,,,,,,,,,,,,,,
64,18,SDC,SDC_FLAGGED,0,kernel_reported_fail,,HeCBench/results/llvm17_inject/entropy/float/site64_bit18.out,,,,,,,,,,,,,,,,
64,19,SDC,SDC_FLAGGED,0,kernel_reported_fail,,HeCBench/results/llvm17_inject/entropy/float/site64_bit19.out,,,,,,,,,,,,,,,,
64,20,SDC,SDC_FLAGGED,0,kernel_reported_fail,,HeCBench/results/llvm17_inject/entropy/float/site64_bit20.out,,,,,,,,,,,,,,,,
64,21,SDC,SDC_FLAGGED,0,kernel_reported_fail,,HeCBench/results/llvm17_inject/entropy/float/site64_bit21.out,,,,,,,,,,,,,,,,
64,22,SDC,SDC_FLAGGED,0,kernel_reported_fail,,HeCBench/results/llvm17_inject/entropy/float/site64_bit22.out,,,,,,,,,,,,,,,,
64,23,SDC,SDC_FLAGGED,0,kernel_reported_fail,,HeCBench/results/llvm17_inject/entropy/float/site64_bit23.out,,,,,,,,,,,,,,,,
64,24,SDC,SDC_FLAGGED,0,kernel_reported_fail,,HeCBench/results/llvm17_inject/entropy/float/site64_bit24.out,,,,,,,,,,,,,,,,
64,25,SDC,SDC_FLAGGED,0,kernel_reported_fail,,HeCBench/results/llvm17_inject/entropy/float/site64_bit25.out,,,,,,,,,,,,,,,,
64,26,SDC,SDC_FLAGGED,0,kernel_reported_fail,,HeCBench/results/llvm17_inject/entropy/float/site64_bit26.out,,,,,,,,,,,,,,,,
64,27,SDC,SDC_FLAGGED,0,kernel_reported_fail,,HeCBench/results/llvm17_inject/entropy/float/site64_bit27.out,,,,,,,,,,,,,,,,
64,28,SDC,SDC_FLAGGED,0,kernel_reported_fail,,HeCBench/results/llvm17_inject/entropy/float/site64_bit28.out,,,,,,,,,,,,,,,,
64,29,SDC,SDC_FLAGGED,0,kernel_reported_fail,,HeCBench/results/llvm17_inject/entropy/float/site64_bit29.out,,,,,,,,,,,,,,,,
64,30,SDC,SDC_FLAGGED,0,kernel_reported_fail,,HeCBench/results/llvm17_inject/entropy/float/site64_bit30.out,,,,,,,,,,,,,,,,
64,31,SDC,SDC_FLAGGED,0,kernel_reported_fail,,HeCBench/results/llvm17_inject/entropy/float/site64_bit31.out,,,,,,,,,,,,,,,,
65,0,MASKED,MASKED_UNFLAGGED,,,,HeCBench/results/llvm17_inject/entropy/float/site65_bit0.out,,,,,,,,,,,,,,,,
66,0,MASKED,MASKED_UNFLAGGED,,,,HeCBench/results/llvm17_inject/entropy/float/site66_bit0.out,,,,,,,,,,,,,,,,
66,1,MASKED,MASKED_UNFLAGGED,,,,HeCBench/results/llvm17_inject/entropy/float/site66_bit1.out,,,,,,,,,,,,,,,,
66,2,MASKED,MASKED_UNFLAGGED,,,,HeCBench/results/llvm17_inject/entropy/float/site66_bit2.out,,,,,,,,,,,,,,,,
66,3,MASKED,MASKED_UNFLAGGED,,,,HeCBench/results/llvm17_inject/entropy/float/site66_bit3.out,,,,,,,,,,,,,,,,
66,4,MASKED,MASKED_UNFLAGGED,,,,HeCBench/results/llvm17_inject/entropy/float/site66_bit4.out,,,,,,,,,,,,,,,,
66,5,MASKED,MASKED_UNFLAGGED,,,,HeCBench/results/llvm17_inject/entropy/float/site66_bit5.out,,,,,,,,,,,,,,,,
66,6,MASKED,MASKED_UNFLAGGED,,,,HeCBench/results/llvm17_inject/entropy/float/site66_bit6.out,,,,,,,,,,,,,,,,
66,7,MASKED,MASKED_UNFLAGGED,,,,HeCBench/results/llvm17_inject/entropy/float/site66_bit7.out,,,,,,,,,,,,,,,,
66,8,MASKED,MASKED_UNFLAGGED,,,,HeCBench/results/llvm17_inject/entropy/float/site66_bit8.out,,,,,,,,,,,,,,,,
66,9,MASKED,MASKED_UNFLAGGED,,,,HeCBench/results/llvm17_inject/entropy/float/site66_bit9.out,,,,,,,,,,,,,,,,
66,10,MASKED,MASKED_UNFLAGGED,,,,HeCBench/results/llvm17_inject/entropy/float/site66_bit10.out,,,,,,,,,,,,,,,,
66,11,MASKED,MASKED_UNFLAGGED,,,,HeCBench/results/llvm17_inject/entropy/float/site66_bit11.out,,,,,,,,,,,,,,,,
66,12,MASKED,MASKED_UNFLAGGED,,,,HeCBench/results/llvm17_inject/entropy/float/site66_bit12.out,,,,,,,,,,,,,,,,
66,13,MASKED,MASKED_UNFLAGGED,,,,HeCBench/results/llvm17_inject/entropy/float/site66_bit13.out,,,,,,,,,,,,,,,,
66,14,MASKED,MASKED_UNFLAGGED,,,,HeCBench/results/llvm17_inject/entropy/float/site66_bit14.out,,,,,,,,,,,,,,,,
66,15,MASKED,MASKED_UNFLAGGED,,,,HeCBench/results/llvm17_inject/entropy/float/site66_bit15.out,,,,,,,,,,,,,,,,
66,16,MASKED,MASKED_UNFLAGGED,,,,HeCBench/results/llvm17_inject/entropy/float/site66_bit16.out,,,,,,,,,,,,,,,,
66,17,MASKED,MASKED_UNFLAGGED,,,,HeCBench/results/llvm17_inject/entropy/float/site66_bit17.out,,,,,,,,,,,,,,,,
66,18,MASKED,MASKED_UNFLAGGED,,,,HeCBench/results/llvm17_inject/entropy/float/site66_bit18.out,,,,,,,,,,,,,,,,
66,19,MASKED,MASKED_UNFLAGGED,,,,HeCBench/results/llvm17_inject/entropy/float/site66_bit19.out,,,,,,,,,,,,,,,,
66,20,MASKED,MASKED_UNFLAGGED,,,,HeCBench/results/llvm17_inject/entropy/float/site66_bit20.out,,,,,,,,,,,,,,,,
66,21,MASKED,MASKED_UNFLAGGED,,,,HeCBench/results/llvm17_inject/entropy/float/site66_bit21.out,,,,,,,,,,,,,,,,
66,22,MASKED,MASKED_UNFLAGGED,,,,HeCBench/results/llvm17_inject/entropy/float/site66_bit22.out,,,,,,,,,,,,,,,,
66,23,MASKED,MASKED_UNFLAGGED,,,,HeCBench/results/llvm17_inject/entropy/float/site66_bit23.out,,,,,,,,,,,,,,,,
66,24,MASKED,MASKED_UNFLAGGED,,,,HeCBench/results/llvm17_inject/entropy/float/site66_bit24.out,,,,,,,,,,,,,,,,
66,25,MASKED,MASKED_UNFLAGGED,,,,HeCBench/results/llvm17_inject/entropy/float/site66_bit25.out,,,,,,,,,,,,,,,,
66,26,MASKED,MASKED_UNFLAGGED,,,,HeCBench/results/llvm17_inject/entropy/float/site66_bit26.out,,,,,,,,,,,,,,,,
66,27,MASKED,MASKED_UNFLAGGED,,,,HeCBench/results/llvm17_inject/entropy/float/site66_bit27.out,,,,,,,,,,,,,,,,
66,28,MASKED,MASKED_UNFLAGGED,,,,HeCBench/results/llvm17_inject/entropy/float/site66_bit28.out,,,,,,,,,,,,,,,,
66,29,MASKED,MASKED_UNFLAGGED,,,,HeCBench/results/llvm17_inject/entropy/float/site66_bit29.out,,,,,,,,,,,,,,,,
66,30,MASKED,MASKED_UNFLAGGED,,,,HeCBench/results/llvm17_inject/entropy/float/site66_bit30.out,,,,,,,,,,,,,,,,
66,31,MASKED,MASKED_UNFLAGGED,,,,HeCBench/results/llvm17_inject/entropy/float/site66_bit31.out,,,,,,,,,,,,,,,,
67,0,MASKED,MASKED_UNFLAGGED,,,,HeCBench/results/llvm17_inject/entropy/float/site67_bit0.out,,,,,,,,,,,,,,,,
68,0,MASKED,MASKED_UNFLAGGED,,,,HeCBench/results/llvm17_inject/entropy/float/site68_bit0.out,,,,,,,,,,,,,,,,
68,1,MASKED,MASKED_UNFLAGGED,,,,HeCBench/results/llvm17_inject/entropy/float/site68_bit1.out,,,,,,,,,,,,,,,,
68,2,MASKED,MASKED_UNFLAGGED,,,,HeCBench/results/llvm17_inject/entropy/float/site68_bit2.out,,,,,,,,,,,,,,,,
68,3,MASKED,MASKED_UNFLAGGED,,,,HeCBench/results/llvm17_inject/entropy/float/site68_bit3.out,,,,,,,,,,,,,,,,
68,4,MASKED,MASKED_UNFLAGGED,,,,HeCBench/results/llvm17_inject/entropy/float/site68_bit4.out,,,,,,,,,,,,,,,,
68,5,MASKED,MASKED_UNFLAGGED,,,,HeCBench/results/llvm17_inject/entropy/float/site68_bit5.out,,,,,,,,,,,,,,,,
68,6,MASKED,MASKED_UNFLAGGED,,,,HeCBench/results/llvm17_inject/entropy/float/site68_bit6.out,,,,,,,,,,,,,,,,
68,7,MASKED,MASKED_UNFLAGGED,,,,HeCBench/results/llvm17_inject/entropy/float/site68_bit7.out,,,,,,,,,,,,,,,,
68,8,MASKED,MASKED_UNFLAGGED,,,,HeCBench/results/llvm17_inject/entropy/float/site68_bit8.out,,,,,,,,,,,,,,,,
68,9,MASKED,MASKED_UNFLAGGED,,,,HeCBench/results/llvm17_inject/entropy/float/site68_bit9.out,,,,,,,,,,,,,,,,
68,10,MASKED,MASKED_UNFLAGGED,,,,HeCBench/results/llvm17_inject/entropy/float/site68_bit10.out,,,,,,,,,,,,,,,,
68,11,MASKED,MASKED_UNFLAGGED,,,,HeCBench/results/llvm17_inject/entropy/float/site68_bit11.out,,,,,,,,,,,,,,,,
68,12,MASKED,MASKED_UNFLAGGED,,,,HeCBench/results/llvm17_inject/entropy/float/site68_bit12.out,,,,,,,,,,,,,,,,
68,13,MASKED,MASKED_UNFLAGGED,,,,HeCBench/results/llvm17_inject/entropy/float/site68_bit13.out,,,,,,,,,,,,,,,,
68,14,MASKED,MASKED_UNFLAGGED,,,,HeCBench/results/llvm17_inject/entropy/float/site68_bit14.out,,,,,,,,,,,,,,,,
68,15,MASKED,MASKED_UNFLAGGED,,,,HeCBench/results/llvm17_inject/entropy/float/site68_bit15.out,,,,,,,,,,,,,,,,
68,16,MASKED,MASKED_UNFLAGGED,,,,HeCBench/results/llvm17_inject/entropy/float/site68_bit16.out,,,,,,,,,,,,,,,,
68,17,MASKED,MASKED_UNFLAGGED,,,,HeCBench/results/llvm17_inject/entropy/float/site68_bit17.out,,,,,,,,,,,,,,,,
68,18,MASKED,MASKED_UNFLAGGED,,,,HeCBench/results/llvm17_inject/entropy/float/site68_bit18.out,,,,,,,,,,,,,,,,
68,19,MASKED,MASKED_UNFLAGGED,,,,HeCBench/results/llvm17_inject/entropy/float/site68_bit19.out,,,,,,,,,,,,,,,,
68,20,MASKED,MASKED_UNFLAGGED,,,,HeCBench/results/llvm17_inject/entropy/float/site68_bit20.out,,,,,,,,,,,,,,,,
68,21,MASKED,MASKED_UNFLAGGED,,,,HeCBench/results/llvm17_inject/entropy/float/site68_bit21.out,,,,,,,,,,,,,,,,
68,22,MASKED,MASKED_UNFLAGGED,,,,HeCBench/results/llvm17_inject/entropy/float/site68_bit22.out,,,,,,,,,,,,,,,,
68,23,MASKED,MASKED_UNFLAGGED,,,,HeCBench/results/llvm17_inject/entropy/float/site68_bit23.out,,,,,,,,,,,,,,,,
68,24,MASKED,MASKED_UNFLAGGED,,,,HeCBench/results/llvm17_inject/entropy/float/site68_bit24.out,,,,,,,,,,,,,,,,
68,25,MASKED,MASKED_UNFLAGGED,,,,HeCBench/results/llvm17_inject/entropy/float/site68_bit25.out,,,,,,,,,,,,,,,,
68,26,MASKED,MASKED_UNFLAGGED,,,,HeCBench/results/llvm17_inject/entropy/float/site68_bit26.out,,,,,,,,,,,,,,,,
68,27,MASKED,MASKED_UNFLAGGED,,,,HeCBench/results/llvm17_inject/entropy/float/site68_bit27.out,,,,,,,,,,,,,,,,
68,28,MASKED,MASKED_UNFLAGGED,,,,HeCBench/results/llvm17_inject/entropy/float/site68_bit28.out,,,,,,,,,,,,,,,,
68,29,MASKED,MASKED_UNFLAGGED,,,,HeCBench/results/llvm17_inject/entropy/float/site68_bit29.out,,,,,,,,,,,,,,,,
68,30,MASKED,MASKED_UNFLAGGED,,,,HeCBench/results/llvm17_inject/entropy/float/site68_bit30.out,,,,,,,,,,,,,,,,
68,31,MASKED,MASKED_UNFLAGGED,,,,HeCBench/results/llvm17_inject/entropy/float/site68_bit31.out,,,,,,,,,,,,,,,,
69,0,MASKED,MASKED_UNFLAGGED,,,,HeCBench/results/llvm17_inject/entropy/float/site69_bit0.out,,,,,,,,,,,,,,,,
69,1,MASKED,MASKED_UNFLAGGED,,,,HeCBench/results/llvm17_inject/entropy/float/site69_bit1.out,,,,,,,,,,,,,,,,
69,2,MASKED,MASKED_UNFLAGGED,,,,HeCBench/results/llvm17_inject/entropy/float/site69_bit2.out,,,,,,,,,,,,,,,,
69,3,MASKED,MASKED_UNFLAGGED,,,,HeCBench/results/llvm17_inject/entropy/float/site69_bit3.out,,,,,,,,,,,,,,,,
69,4,MASKED,MASKED_UNFLAGGED,,,,HeCBench/results/llvm17_inject/entropy/float/site69_bit4.out,,,,,,,,,,,,,,,,
69,5,MASKED,MASKED_UNFLAGGED,,,,HeCBench/results/llvm17_inject/entropy/float/site69_bit5.out,,,,,,,,,,,,,,,,
69,6,MASKED,MASKED_UNFLAGGED,,,,HeCBench/results/llvm17_inject/entropy/float/site69_bit6.out,,,,,,,,,,,,,,,,
69,7,MASKED,MASKED_UNFLAGGED,,,,HeCBench/results/llvm17_inject/entropy/float/site69_bit7.out,,,,,,,,,,,,,,,,
69,8,MASKED,MASKED_UNFLAGGED,,,,HeCBench/results/llvm17_inject/entropy/float/site69_bit8.out,,,,,,,,,,,,,,,,
69,9,MASKED,MASKED_UNFLAGGED,,,,HeCBench/results/llvm17_inject/entropy/float/site69_bit9.out,,,,,,,,,,,,,,,,
69,10,MASKED,MASKED_UNFLAGGED,,,,HeCBench/results/llvm17_inject/entropy/float/site69_bit10.out,,,,,,,,,,,,,,,,
69,11,MASKED,MASKED_UNFLAGGED,,,,HeCBench/results/llvm17_inject/entropy/float/site69_bit11.out,,,,,,,,,,,,,,,,
69,12,MASKED,MASKED_UNFLAGGED,,,,HeCBench/results/llvm17_inject/entropy/float/site69_bit12.out,,,,,,,,,,,,,,,,
69,13,MASKED,MASKED_UNFLAGGED,,,,HeCBench/results/llvm17_inject/entropy/float/site69_bit13.out,,,,,,,,,,,,,,,,
69,14,MASKED,MASKED_UNFLAGGED,,,,HeCBench/results/llvm17_inject/entropy/float/site69_bit14.out,,,,,,,,,,,,,,,,
69,15,MASKED,MASKED_UNFLAGGED,,,,HeCBench/results/llvm17_inject/entropy/float/site69_bit15.out,,,,,,,,,,,,,,,,
69,16,MASKED,MASKED_UNFLAGGED,,,,HeCBench/results/llvm17_inject/entropy/float/site69_bit16.out,,,,,,,,,,,,,,,,
69,17,MASKED,MASKED_UNFLAGGED,,,,HeCBench/results/llvm17_inject/entropy/float/site69_bit17.out,,,,,,,,,,,,,,,,
69,18,MASKED,MASKED_UNFLAGGED,,,,HeCBench/results/llvm17_inject/entropy/float/site69_bit18.out,,,,,,,,,,,,,,,,
69,19,MASKED,MASKED_UNFLAGGED,,,,HeCBench/results/llvm17_inject/entropy/float/site69_bit19.out,,,,,,,,,,,,,,,,
69,20,MASKED,MASKED_UNFLAGGED,,,,HeCBench/results/llvm17_inject/entropy/float/site69_bit20.out,,,,,,,,,,,,,,,,
69,21,MASKED,MASKED_UNFLAGGED,,,,HeCBench/results/llvm17_inject/entropy/float/site69_bit21.out,,,,,,,,,,,,,,,,
69,22,MASKED,MASKED_UNFLAGGED,,,,HeCBench/results/llvm17_inject/entropy/float/site69_bit22.out,,,,,,,,,,,,,,,,
69,23,MASKED,MASKED_UNFLAGGED,,,,HeCBench/results/llvm17_inject/entropy/float/site69_bit23.out,,,,,,,,,,,,,,,,
69,24,MASKED,MASKED_UNFLAGGED,,,,HeCBench/results/llvm17_inject/entropy/float/site69_bit24.out,,,,,,,,,,,,,,,,
69,25,MASKED,MASKED_UNFLAGGED,,,,HeCBench/results/llvm17_inject/entropy/float/site69_bit25.out,,,,,,,,,,,,,,,,
69,26,MASKED,MASKED_UNFLAGGED,,,,HeCBench/results/llvm17_inject/entropy/float/site69_bit26.out,,,,,,,,,,,,,,,,
69,27,MASKED,MASKED_UNFLAGGED,,,,HeCBench/results/llvm17_inject/entropy/float/site69_bit27.out,,,,,,,,,,,,,,,,
69,28,MASKED,MASKED_UNFLAGGED,,,,HeCBench/results/llvm17_inject/entropy/float/site69_bit28.out,,,,,,,,,,,,,,,,
69,29,MASKED,MASKED_UNFLAGGED,,,,HeCBench/results/llvm17_inject/entropy/float/site69_bit29.out,,,,,,,,,,,,,,,,
69,30,MASKED,MASKED_UNFLAGGED,,,,HeCBench/results/llvm17_inject/entropy/float/site69_bit30.out,,,,,,,,,,,,,,,,
69,31,MASKED,MASKED_UNFLAGGED,,,,HeCBench/results/llvm17_inject/entropy/float/site69_bit31.out,,,,,,,,,,,,,,,,
69,32,MASKED,MASKED_UNFLAGGED,,,,HeCBench/results/llvm17_inject/entropy/float/site69_bit32.out,,,,,,,,,,,,,,,,
69,33,MASKED,MASKED_UNFLAGGED,,,,HeCBench/results/llvm17_inject/entropy/float/site69_bit33.out,,,,,,,,,,,,,,,,
69,34,MASKED,MASKED_UNFLAGGED,,,,HeCBench/results/llvm17_inject/entropy/float/site69_bit34.out,,,,,,,,,,,,,,,,
69,35,MASKED,MASKED_UNFLAGGED,,,,HeCBench/results/llvm17_inject/entropy/float/site69_bit35.out,,,,,,,,,,,,,,,,
69,36,MASKED,MASKED_UNFLAGGED,,,,HeCBench/results/llvm17_inject/entropy/float/site69_bit36.out,,,,,,,,,,,,,,,,
69,37,MASKED,MASKED_UNFLAGGED,,,,HeCBench/results/llvm17_inject/entropy/float/site69_bit37.out,,,,,,,,,,,,,,,,
69,38,MASKED,MASKED_UNFLAGGED,,,,HeCBench/results/llvm17_inject/entropy/float/site69_bit38.out,,,,,,,,,,,,,,,,
69,39,MASKED,MASKED_UNFLAGGED,,,,HeCBench/results/llvm17_inject/entropy/float/site69_bit39.out,,,,,,,,,,,,,,,,
69,40,MASKED,MASKED_UNFLAGGED,,,,HeCBench/results/llvm17_inject/entropy/float/site69_bit40.out,,,,,,,,,,,,,,,,
69,41,MASKED,MASKED_UNFLAGGED,,,,HeCBench/results/llvm17_inject/entropy/float/site69_bit41.out,,,,,,,,,,,,,,,,
69,42,MASKED,MASKED_UNFLAGGED,,,,HeCBench/results/llvm17_inject/entropy/float/site69_bit42.out,,,,,,,,,,,,,,,,
69,43,MASKED,MASKED_UNFLAGGED,,,,HeCBench/results/llvm17_inject/entropy/float/site69_bit43.out,,,,,,,,,,,,,,,,
69,44,MASKED,MASKED_UNFLAGGED,,,,HeCBench/results/llvm17_inject/entropy/float/site69_bit44.out,,,,,,,,,,,,,,,,
69,45,MASKED,MASKED_UNFLAGGED,,,,HeCBench/results/llvm17_inject/entropy/float/site69_bit45.out,,,,,,,,,,,,,,,,
69,46,MASKED,MASKED_UNFLAGGED,,,,HeCBench/results/llvm17_inject/entropy/float/site69_bit46.out,,,,,,,,,,,,,,,,
69,47,MASKED,MASKED_UNFLAGGED,,,,HeCBench/results/llvm17_inject/entropy/float/site69_bit47.out,,,,,,,,,,,,,,,,
69,48,MASKED,MASKED_UNFLAGGED,,,,HeCBench/results/llvm17_inject/entropy/float/site69_bit48.out,,,,,,,,,,,,,,,,
69,49,MASKED,MASKED_UNFLAGGED,,,,HeCBench/results/llvm17_inject/entropy/float/site69_bit49.out,,,,,,,,,,,,,,,,
69,50,MASKED,MASKED_UNFLAGGED,,,,HeCBench/results/llvm17_inject/entropy/float/site69_bit50.out,,,,,,,,,,,,,,,,
69,51,MASKED,MASKED_UNFLAGGED,,,,HeCBench/results/llvm17_inject/entropy/float/site69_bit51.out,,,,,,,,,,,,,,,,
69,52,MASKED,MASKED_UNFLAGGED,,,,HeCBench/results/llvm17_inject/entropy/float/site69_bit52.out,,,,,,,,,,,,,,,,
69,53,MASKED,MASKED_UNFLAGGED,,,,HeCBench/results/llvm17_inject/entropy/float/site69_bit53.out,,,,,,,,,,,,,,,,
69,54,MASKED,MASKED_UNFLAGGED,,,,HeCBench/results/llvm17_inject/entropy/float/site69_bit54.out,,,,,,,,,,,,,,,,
69,55,MASKED,MASKED_UNFLAGGED,,,,HeCBench/results/llvm17_inject/entropy/float/site69_bit55.out,,,,,,,,,,,,,,,,
69,56,MASKED,MASKED_UNFLAGGED,,,,HeCBench/results/llvm17_inject/entropy/float/site69_bit56.out,,,,,,,,,,,,,,,,
69,57,MASKED,MASKED_UNFLAGGED,,,,HeCBench/results/llvm17_inject/entropy/float/site69_bit57.out,,,,,,,,,,,,,,,,
69,58,MASKED,MASKED_UNFLAGGED,,,,HeCBench/results/llvm17_inject/entropy/float/site69_bit58.out,,,,,,,,,,,,,,,,
69,59,MASKED,MASKED_UNFLAGGED,,,,HeCBench/results/llvm17_inject/entropy/float/site69_bit59.out,,,,,,,,,,,,,,,,
69,60,MASKED,MASKED_UNFLAGGED,,,,HeCBench/results/llvm17_inject/entropy/float/site69_bit60.out,,,,,,,,,,,,,,,,
69,61,MASKED,MASKED_UNFLAGGED,,,,HeCBench/results/llvm17_inject/entropy/float/site69_bit61.out,,,,,,,,,,,,,,,,
69,62,MASKED,MASKED_UNFLAGGED,,,,HeCBench/results/llvm17_inject/entropy/float/site69_bit62.out,,,,,,,,,,,,,,,,
69,63,MASKED,MASKED_UNFLAGGED,,,,HeCBench/results/llvm17_inject/entropy/float/site69_bit63.out,,,,,,,,,,,,,,,,
70,0,MASKED,MASKED_UNFLAGGED,,,,HeCBench/results/llvm17_inject/entropy/float/site70_bit0.out,,,,,,,,,,,,,,,,
70,1,MASKED,MASKED_UNFLAGGED,,,,HeCBench/results/llvm17_inject/entropy/float/site70_bit1.out,,,,,,,,,,,,,,,,
70,2,MASKED,MASKED_UNFLAGGED,,,,HeCBench/results/llvm17_inject/entropy/float/site70_bit2.out,,,,,,,,,,,,,,,,
70,3,MASKED,MASKED_UNFLAGGED,,,,HeCBench/results/llvm17_inject/entropy/float/site70_bit3.out,,,,,,,,,,,,,,,,
70,4,MASKED,MASKED_UNFLAGGED,,,,HeCBench/results/llvm17_inject/entropy/float/site70_bit4.out,,,,,,,,,,,,,,,,
70,5,MASKED,MASKED_UNFLAGGED,,,,HeCBench/results/llvm17_inject/entropy/float/site70_bit5.out,,,,,,,,,,,,,,,,
70,6,MASKED,MASKED_UNFLAGGED,,,,HeCBench/results/llvm17_inject/entropy/float/site70_bit6.out,,,,,,,,,,,,,,,,
70,7,MASKED,MASKED_UNFLAGGED,,,,HeCBench/results/llvm17_inject/entropy/float/site70_bit7.out,,,,,,,,,,,,,,,,
71,0,MASKED,MASKED_UNFLAGGED,,,,HeCBench/results/llvm17_inject/entropy/float/site71_bit0.out,,,,,,,,,,,,,,,,
71,1,MASKED,MASKED_UNFLAGGED,,,,HeCBench/results/llvm17_inject/entropy/float/site71_bit1.out,,,,,,,,,,,,,,,,
71,2,MASKED,MASKED_UNFLAGGED,,,,HeCBench/results/llvm17_inject/entropy/float/site71_bit2.out,,,,,,,,,,,,,,,,
71,3,MASKED,MASKED_UNFLAGGED,,,,HeCBench/results/llvm17_inject/entropy/float/site71_bit3.out,,,,,,,,,,,,,,,,
71,4,MASKED,MASKED_UNFLAGGED,,,,HeCBench/results/llvm17_inject/entropy/float/site71_bit4.out,,,,,,,,,,,,,,,,
71,5,MASKED,MASKED_UNFLAGGED,,,,HeCBench/results/llvm17_inject/entropy/float/site71_bit5.out,,,,,,,,,,,,,,,,
71,6,MASKED,MASKED_UNFLAGGED,,,,HeCBench/results/llvm17_inject/entropy/float/site71_bit6.out,,,,,,,,,,,,,,,,
71,7,MASKED,MASKED_UNFLAGGED,,,,HeCBench/results/llvm17_inject/entropy/float/site71_bit7.out,,,,,,,,,,,,,,,,
71,8,MASKED,MASKED_UNFLAGGED,,,,HeCBench/results/llvm17_inject/entropy/float/site71_bit8.out,,,,,,,,,,,,,,,,
71,9,MASKED,MASKED_UNFLAGGED,,,,HeCBench/results/llvm17_inject/entropy/float/site71_bit9.out,,,,,,,,,,,,,,,,
71,10,MASKED,MASKED_UNFLAGGED,,,,HeCBench/results/llvm17_inject/entropy/float/site71_bit10.out,,,,,,,,,,,,,,,,
71,11,MASKED,MASKED_UNFLAGGED,,,,HeCBench/results/llvm17_inject/entropy/float/site71_bit11.out,,,,,,,,,,,,,,,,
71,12,MASKED,MASKED_UNFLAGGED,,,,HeCBench/results/llvm17_inject/entropy/float/site71_bit12.out,,,,,,,,,,,,,,,,
71,13,MASKED,MASKED_UNFLAGGED,,,,HeCBench/results/llvm17_inject/entropy/float/site71_bit13.out,,,,,,,,,,,,,,,,
71,14,MASKED,MASKED_UNFLAGGED,,,,HeCBench/results/llvm17_inject/entropy/float/site71_bit14.out,,,,,,,,,,,,,,,,
71,15,MASKED,MASKED_UNFLAGGED,,,,HeCBench/results/llvm17_inject/entropy/float/site71_bit15.out,,,,,,,,,,,,,,,,
71,16,MASKED,MASKED_UNFLAGGED,,,,HeCBench/results/llvm17_inject/entropy/float/site71_bit16.out,,,,,,,,,,,,,,,,
71,17,MASKED,MASKED_UNFLAGGED,,,,HeCBench/results/llvm17_inject/entropy/float/site71_bit17.out,,,,,,,,,,,,,,,,
71,18,MASKED,MASKED_UNFLAGGED,,,,HeCBench/results/llvm17_inject/entropy/float/site71_bit18.out,,,,,,,,,,,,,,,,
71,19,MASKED,MASKED_UNFLAGGED,,,,HeCBench/results/llvm17_inject/entropy/float/site71_bit19.out,,,,,,,,,,,,,,,,
71,20,MASKED,MASKED_UNFLAGGED,,,,HeCBench/results/llvm17_inject/entropy/float/site71_bit20.out,,,,,,,,,,,,,,,,
71,21,MASKED,MASKED_UNFLAGGED,,,,HeCBench/results/llvm17_inject/entropy/float/site71_bit21.out,,,,,,,,,,,,,,,,
71,22,MASKED,MASKED_UNFLAGGED,,,,HeCBench/results/llvm17_inject/entropy/float/site71_bit22.out,,,,,,,,,,,,,,,,
71,23,MASKED,MASKED_UNFLAGGED,,,,HeCBench/results/llvm17_inject/entropy/float/site71_bit23.out,,,,,,,,,,,,,,,,
71,24,MASKED,MASKED_UNFLAGGED,,,,HeCBench/results/llvm17_inject/entropy/float/site71_bit24.out,,,,,,,,,,,,,,,,
71,25,MASKED,MASKED_UNFLAGGED,,,,HeCBench/results/llvm17_inject/entropy/float/site71_bit25.out,,,,,,,,,,,,,,,,
71,26,MASKED,MASKED_UNFLAGGED,,,,HeCBench/results/llvm17_inject/entropy/float/site71_bit26.out,,,,,,,,,,,,,,,,
71,27,MASKED,MASKED_UNFLAGGED,,,,HeCBench/results/llvm17_inject/entropy/float/site71_bit27.out,,,,,,,,,,,,,,,,
71,28,MASKED,MASKED_UNFLAGGED,,,,HeCBench/results/llvm17_inject/entropy/float/site71_bit28.out,,,,,,,,,,,,,,,,
71,29,MASKED,MASKED_UNFLAGGED,,,,HeCBench/results/llvm17_inject/entropy/float/site71_bit29.out,,,,,,,,,,,,,,,,
71,30,MASKED,MASKED_UNFLAGGED,,,,HeCBench/results/llvm17_inject/entropy/float/site71_bit30.out,,,,,,,,,,,,,,,,
71,31,MASKED,MASKED_UNFLAGGED,,,,HeCBench/results/llvm17_inject/entropy/float/site71_bit31.out,,,,,,,,,,,,,,,,
72,0,MASKED,MASKED_UNFLAGGED,,,,HeCBench/results/llvm17_inject/entropy/float/site72_bit0.out,,,,,,,,,,,,,,,,
72,1,MASKED,MASKED_UNFLAGGED,,,,HeCBench/results/llvm17_inject/entropy/float/site72_bit1.out,,,,,,,,,,,,,,,,
72,2,MASKED,MASKED_UNFLAGGED,,,,HeCBench/results/llvm17_inject/entropy/float/site72_bit2.out,,,,,,,,,,,,,,,,
72,3,MASKED,MASKED_UNFLAGGED,,,,HeCBench/results/llvm17_inject/entropy/float/site72_bit3.out,,,,,,,,,,,,,,,,
72,4,MASKED,MASKED_UNFLAGGED,,,,HeCBench/results/llvm17_inject/entropy/float/site72_bit4.out,,,,,,,,,,,,,,,,
72,5,MASKED,MASKED_UNFLAGGED,,,,HeCBench/results/llvm17_inject/entropy/float/site72_bit5.out,,,,,,,,,,,,,,,,
72,6,MASKED,MASKED_UNFLAGGED,,,,HeCBench/results/llvm17_inject/entropy/float/site72_bit6.out,,,,,,,,,,,,,,,,
72,7,MASKED,MASKED_UNFLAGGED,,,,HeCBench/results/llvm17_inject/entropy/float/site72_bit7.out,,,,,,,,,,,,,,,,
73,0,MASKED,MASKED_UNFLAGGED,,,,HeCBench/results/llvm17_inject/entropy/float/site73_bit0.out,,,,,,,,,,,,,,,,
73,1,MASKED,MASKED_UNFLAGGED,,,,HeCBench/results/llvm17_inject/entropy/float/site73_bit1.out,,,,,,,,,,,,,,,,
73,2,MASKED,MASKED_UNFLAGGED,,,,HeCBench/results/llvm17_inject/entropy/float/site73_bit2.out,,,,,,,,,,,,,,,,
73,3,MASKED,MASKED_UNFLAGGED,,,,HeCBench/results/llvm17_inject/entropy/float/site73_bit3.out,,,,,,,,,,,,,,,,
73,4,MASKED,MASKED_UNFLAGGED,,,,HeCBench/results/llvm17_inject/entropy/float/site73_bit4.out,,,,,,,,,,,,,,,,
73,5,MASKED,MASKED_UNFLAGGED,,,,HeCBench/results/llvm17_inject/entropy/float/site73_bit5.out,,,,,,,,,,,,,,,,
73,6,MASKED,MASKED_UNFLAGGED,,,,HeCBench/results/llvm17_inject/entropy/float/site73_bit6.out,,,,,,,,,,,,,,,,
73,7,MASKED,MASKED_UNFLAGGED,,,,HeCBench/results/llvm17_inject/entropy/float/site73_bit7.out,,,,,,,,,,,,,,,,
73,8,MASKED,MASKED_UNFLAGGED,,,,HeCBench/results/llvm17_inject/entropy/float/site73_bit8.out,,,,,,,,,,,,,,,,
73,9,MASKED,MASKED_UNFLAGGED,,,,HeCBench/results/llvm17_inject/entropy/float/site73_bit9.out,,,,,,,,,,,,,,,,
73,10,MASKED,MASKED_UNFLAGGED,,,,HeCBench/results/llvm17_inject/entropy/float/site73_bit10.out,,,,,,,,,,,,,,,,
73,11,MASKED,MASKED_UNFLAGGED,,,,HeCBench/results/llvm17_inject/entropy/float/site73_bit11.out,,,,,,,,,,,,,,,,
73,12,MASKED,MASKED_UNFLAGGED,,,,HeCBench/results/llvm17_inject/entropy/float/site73_bit12.out,,,,,,,,,,,,,,,,
73,13,MASKED,MASKED_UNFLAGGED,,,,HeCBench/results/llvm17_inject/entropy/float/site73_bit13.out,,,,,,,,,,,,,,,,
73,14,MASKED,MASKED_UNFLAGGED,,,,HeCBench/results/llvm17_inject/entropy/float/site73_bit14.out,,,,,,,,,,,,,,,,
73,15,MASKED,MASKED_UNFLAGGED,,,,HeCBench/results/llvm17_inject/entropy/float/site73_bit15.out,,,,,,,,,,,,,,,,
73,16,MASKED,MASKED_UNFLAGGED,,,,HeCBench/results/llvm17_inject/entropy/float/site73_bit16.out,,,,,,,,,,,,,,,,
73,17,MASKED,MASKED_UNFLAGGED,,,,HeCBench/results/llvm17_inject/entropy/float/site73_bit17.out,,,,,,,,,,,,,,,,
73,18,MASKED,MASKED_UNFLAGGED,,,,HeCBench/results/llvm17_inject/entropy/float/site73_bit18.out,,,,,,,,,,,,,,,,
73,19,MASKED,MASKED_UNFLAGGED,,,,HeCBench/results/llvm17_inject/entropy/float/site73_bit19.out,,,,,,,,,,,,,,,,
73,20,MASKED,MASKED_UNFLAGGED,,,,HeCBench/results/llvm17_inject/entropy/float/site73_bit20.out,,,,,,,,,,,,,,,,
73,21,MASKED,MASKED_UNFLAGGED,,,,HeCBench/results/llvm17_inject/entropy/float/site73_bit21.out,,,,,,,,,,,,,,,,
73,22,MASKED,MASKED_UNFLAGGED,,,,HeCBench/results/llvm17_inject/entropy/float/site73_bit22.out,,,,,,,,,,,,,,,,
73,23,MASKED,MASKED_UNFLAGGED,,,,HeCBench/results/llvm17_inject/entropy/float/site73_bit23.out,,,,,,,,,,,,,,,,
73,24,MASKED,MASKED_UNFLAGGED,,,,HeCBench/results/llvm17_inject/entropy/float/site73_bit24.out,,,,,,,,,,,,,,,,
73,25,MASKED,MASKED_UNFLAGGED,,,,HeCBench/results/llvm17_inject/entropy/float/site73_bit25.out,,,,,,,,,,,,,,,,
73,26,MASKED,MASKED_UNFLAGGED,,,,HeCBench/results/llvm17_inject/entropy/float/site73_bit26.out,,,,,,,,,,,,,,,,
73,27,MASKED,MASKED_UNFLAGGED,,,,HeCBench/results/llvm17_inject/entropy/float/site73_bit27.out,,,,,,,,,,,,,,,,
73,28,MASKED,MASKED_UNFLAGGED,,,,HeCBench/results/llvm17_inject/entropy/float/site73_bit28.out,,,,,,,,,,,,,,,,
73,29,MASKED,MASKED_UNFLAGGED,,,,HeCBench/results/llvm17_inject/entropy/float/site73_bit29.out,,,,,,,,,,,,,,,,
73,30,MASKED,MASKED_UNFLAGGED,,,,HeCBench/results/llvm17_inject/entropy/float/site73_bit30.out,,,,,,,,,,,,,,,,
73,31,MASKED,MASKED_UNFLAGGED,,,,HeCBench/results/llvm17_inject/entropy/float/site73_bit31.out,,,,,,,,,,,,,,,,
74,0,MASKED,MASKED_UNFLAGGED,,,,HeCBench/results/llvm17_inject/entropy/float/site74_bit0.out,,,,,,,,,,,,,,,,
74,1,MASKED,MASKED_UNFLAGGED,,,,HeCBench/results/llvm17_inject/entropy/float/site74_bit1.out,,,,,,,,,,,,,,,,
74,2,MASKED,MASKED_UNFLAGGED,,,,HeCBench/results/llvm17_inject/entropy/float/site74_bit2.out,,,,,,,,,,,,,,,,
74,3,MASKED,MASKED_UNFLAGGED,,,,HeCBench/results/llvm17_inject/entropy/float/site74_bit3.out,,,,,,,,,,,,,,,,
74,4,MASKED,MASKED_UNFLAGGED,,,,HeCBench/results/llvm17_inject/entropy/float/site74_bit4.out,,,,,,,,,,,,,,,,
74,5,MASKED,MASKED_UNFLAGGED,,,,HeCBench/results/llvm17_inject/entropy/float/site74_bit5.out,,,,,,,,,,,,,,,,
74,6,MASKED,MASKED_UNFLAGGED,,,,HeCBench/results/llvm17_inject/entropy/float/site74_bit6.out,,,,,,,,,,,,,,,,
74,7,MASKED,MASKED_UNFLAGGED,,,,HeCBench/results/llvm17_inject/entropy/float/site74_bit7.out,,,,,,,,,,,,,,,,
74,8,MASKED,MASKED_UNFLAGGED,,,,HeCBench/results/llvm17_inject/entropy/float/site74_bit8.out,,,,,,,,,,,,,,,,
74,9,MASKED,MASKED_UNFLAGGED,,,,HeCBench/results/llvm17_inject/entropy/float/site74_bit9.out,,,,,,,,,,,,,,,,
74,10,MASKED,MASKED_UNFLAGGED,,,,HeCBench/results/llvm17_inject/entropy/float/site74_bit10.out,,,,,,,,,,,,,,,,
74,11,MASKED,MASKED_UNFLAGGED,,,,HeCBench/results/llvm17_inject/entropy/float/site74_bit11.out,,,,,,,,,,,,,,,,
74,12,MASKED,MASKED_UNFLAGGED,,,,HeCBench/results/llvm17_inject/entropy/float/site74_bit12.out,,,,,,,,,,,,,,,,
74,13,MASKED,MASKED_UNFLAGGED,,,,HeCBench/results/llvm17_inject/entropy/float/site74_bit13.out,,,,,,,,,,,,,,,,
74,14,MASKED,MASKED_UNFLAGGED,,,,HeCBench/results/llvm17_inject/entropy/float/site74_bit14.out,,,,,,,,,,,,,,,,
74,15,MASKED,MASKED_UNFLAGGED,,,,HeCBench/results/llvm17_inject/entropy/float/site74_bit15.out,,,,,,,,,,,,,,,,
74,16,MASKED,MASKED_UNFLAGGED,,,,HeCBench/results/llvm17_inject/entropy/float/site74_bit16.out,,,,,,,,,,,,,,,,
74,17,MASKED,MASKED_UNFLAGGED,,,,HeCBench/results/llvm17_inject/entropy/float/site74_bit17.out,,,,,,,,,,,,,,,,
74,18,MASKED,MASKED_UNFLAGGED,,,,HeCBench/results/llvm17_inject/entropy/float/site74_bit18.out,,,,,,,,,,,,,,,,
74,19,MASKED,MASKED_UNFLAGGED,,,,HeCBench/results/llvm17_inject/entropy/float/site74_bit19.out,,,,,,,,,,,,,,,,
74,20,MASKED,MASKED_UNFLAGGED,,,,HeCBench/results/llvm17_inject/entropy/float/site74_bit20.out,,,,,,,,,,,,,,,,
74,21,MASKED,MASKED_UNFLAGGED,,,,HeCBench/results/llvm17_inject/entropy/float/site74_bit21.out,,,,,,,,,,,,,,,,
74,22,MASKED,MASKED_UNFLAGGED,,,,HeCBench/results/llvm17_inject/entropy/float/site74_bit22.out,,,,,,,,,,,,,,,,
74,23,MASKED,MASKED_UNFLAGGED,,,,HeCBench/results/llvm17_inject/entropy/float/site74_bit23.out,,,,,,,,,,,,,,,,
74,24,MASKED,MASKED_UNFLAGGED,,,,HeCBench/results/llvm17_inject/entropy/float/site74_bit24.out,,,,,,,,,,,,,,,,
74,25,MASKED,MASKED_UNFLAGGED,,,,HeCBench/results/llvm17_inject/entropy/float/site74_bit25.out,,,,,,,,,,,,,,,,
74,26,MASKED,MASKED_UNFLAGGED,,,,HeCBench/results/llvm17_inject/entropy/float/site74_bit26.out,,,,,,,,,,,,,,,,
74,27,MASKED,MASKED_UNFLAGGED,,,,HeCBench/results/llvm17_inject/entropy/float/site74_bit27.out,,,,,,,,,,,,,,,,
74,28,MASKED,MASKED_UNFLAGGED,,,,HeCBench/results/llvm17_inject/entropy/float/site74_bit28.out,,,,,,,,,,,,,,,,
74,29,MASKED,MASKED_UNFLAGGED,,,,HeCBench/results/llvm17_inject/entropy/float/site74_bit29.out,,,,,,,,,,,,,,,,
74,30,MASKED,MASKED_UNFLAGGED,,,,HeCBench/results/llvm17_inject/entropy/float/site74_bit30.out,,,,,,,,,,,,,,,,
74,31,MASKED,MASKED_UNFLAGGED,,,,HeCBench/results/llvm17_inject/entropy/float/site74_bit31.out,,,,,,,,,,,,,,,,
75,0,MASKED,MASKED_UNFLAGGED,,,,HeCBench/results/llvm17_inject/entropy/float/site75_bit0.out,,,,,,,,,,,,,,,,
75,1,MASKED,MASKED_UNFLAGGED,,,,HeCBench/results/llvm17_inject/entropy/float/site75_bit1.out,,,,,,,,,,,,,,,,
75,2,MASKED,MASKED_UNFLAGGED,,,,HeCBench/results/llvm17_inject/entropy/float/site75_bit2.out,,,,,,,,,,,,,,,,
75,3,MASKED,MASKED_UNFLAGGED,,,,HeCBench/results/llvm17_inject/entropy/float/site75_bit3.out,,,,,,,,,,,,,,,,
75,4,MASKED,MASKED_UNFLAGGED,,,,HeCBench/results/llvm17_inject/entropy/float/site75_bit4.out,,,,,,,,,,,,,,,,
75,5,MASKED,MASKED_UNFLAGGED,,,,HeCBench/results/llvm17_inject/entropy/float/site75_bit5.out,,,,,,,,,,,,,,,,
75,6,MASKED,MASKED_UNFLAGGED,,,,HeCBench/results/llvm17_inject/entropy/float/site75_bit6.out,,,,,,,,,,,,,,,,
75,7,MASKED,MASKED_UNFLAGGED,,,,HeCBench/results/llvm17_inject/entropy/float/site75_bit7.out,,,,,,,,,,,,,,,,
75,8,MASKED,MASKED_UNFLAGGED,,,,HeCBench/results/llvm17_inject/entropy/float/site75_bit8.out,,,,,,,,,,,,,,,,
75,9,MASKED,MASKED_UNFLAGGED,,,,HeCBench/results/llvm17_inject/entropy/float/site75_bit9.out,,,,,,,,,,,,,,,,
75,10,MASKED,MASKED_UNFLAGGED,,,,HeCBench/results/llvm17_inject/entropy/float/site75_bit10.out,,,,,,,,,,,,,,,,
75,11,MASKED,MASKED_UNFLAGGED,,,,HeCBench/results/llvm17_inject/entropy/float/site75_bit11.out,,,,,,,,,,,,,,,,
75,12,MASKED,MASKED_UNFLAGGED,,,,HeCBench/results/llvm17_inject/entropy/float/site75_bit12.out,,,,,,,,,,,,,,,,
75,13,MASKED,MASKED_UNFLAGGED,,,,HeCBench/results/llvm17_inject/entropy/float/site75_bit13.out,,,,,,,,,,,,,,,,
75,14,MASKED,MASKED_UNFLAGGED,,,,HeCBench/results/llvm17_inject/entropy/float/site75_bit14.out,,,,,,,,,,,,,,,,
75,15,MASKED,MASKED_UNFLAGGED,,,,HeCBench/results/llvm17_inject/entropy/float/site75_bit15.out,,,,,,,,,,,,,,,,
75,16,MASKED,MASKED_UNFLAGGED,,,,HeCBench/results/llvm17_inject/entropy/float/site75_bit16.out,,,,,,,,,,,,,,,,
75,17,MASKED,MASKED_UNFLAGGED,,,,HeCBench/results/llvm17_inject/entropy/float/site75_bit17.out,,,,,,,,,,,,,,,,
75,18,MASKED,MASKED_UNFLAGGED,,,,HeCBench/results/llvm17_inject/entropy/float/site75_bit18.out,,,,,,,,,,,,,,,,
75,19,MASKED,MASKED_UNFLAGGED,,,,HeCBench/results/llvm17_inject/entropy/float/site75_bit19.out,,,,,,,,,,,,,,,,
75,20,MASKED,MASKED_UNFLAGGED,,,,HeCBench/results/llvm17_inject/entropy/float/site75_bit20.out,,,,,,,,,,,,,,,,
75,21,MASKED,MASKED_UNFLAGGED,,,,HeCBench/results/llvm17_inject/entropy/float/site75_bit21.out,,,,,,,,,,,,,,,,
75,22,MASKED,MASKED_UNFLAGGED,,,,HeCBench/results/llvm17_inject/entropy/float/site75_bit22.out,,,,,,,,,,,,,,,,
75,23,MASKED,MASKED_UNFLAGGED,,,,HeCBench/results/llvm17_inject/entropy/float/site75_bit23.out,,,,,,,,,,,,,,,,
75,24,MASKED,MASKED_UNFLAGGED,,,,HeCBench/results/llvm17_inject/entropy/float/site75_bit24.out,,,,,,,,,,,,,,,,
75,25,MASKED,MASKED_UNFLAGGED,,,,HeCBench/results/llvm17_inject/entropy/float/site75_bit25.out,,,,,,,,,,,,,,,,
75,26,MASKED,MASKED_UNFLAGGED,,,,HeCBench/results/llvm17_inject/entropy/float/site75_bit26.out,,,,,,,,,,,,,,,,
75,27,MASKED,MASKED_UNFLAGGED,,,,HeCBench/results/llvm17_inject/entropy/float/site75_bit27.out,,,,,,,,,,,,,,,,
75,28,MASKED,MASKED_UNFLAGGED,,,,HeCBench/results/llvm17_inject/entropy/float/site75_bit28.out,,,,,,,,,,,,,,,,
75,29,MASKED,MASKED_UNFLAGGED,,,,HeCBench/results/llvm17_inject/entropy/float/site75_bit29.out,,,,,,,,,,,,,,,,
75,30,MASKED,MASKED_UNFLAGGED,,,,HeCBench/results/llvm17_inject/entropy/float/site75_bit30.out,,,,,,,,,,,,,,,,
75,31,MASKED,MASKED_UNFLAGGED,,,,HeCBench/results/llvm17_inject/entropy/float/site75_bit31.out,,,,,,,,,,,,,,,,
76,0,MASKED,MASKED_UNFLAGGED,,,,HeCBench/results/llvm17_inject/entropy/float/site76_bit0.out,,,,,,,,,,,,,,,,
76,1,MASKED,MASKED_UNFLAGGED,,,,HeCBench/results/llvm17_inject/entropy/float/site76_bit1.out,,,,,,,,,,,,,,,,
76,2,MASKED,MASKED_UNFLAGGED,,,,HeCBench/results/llvm17_inject/entropy/float/site76_bit2.out,,,,,,,,,,,,,,,,
76,3,MASKED,MASKED_UNFLAGGED,,,,HeCBench/results/llvm17_inject/entropy/float/site76_bit3.out,,,,,,,,,,,,,,,,
76,4,MASKED,MASKED_UNFLAGGED,,,,HeCBench/results/llvm17_inject/entropy/float/site76_bit4.out,,,,,,,,,,,,,,,,
76,5,MASKED,MASKED_UNFLAGGED,,,,HeCBench/results/llvm17_inject/entropy/float/site76_bit5.out,,,,,,,,,,,,,,,,
76,6,MASKED,MASKED_UNFLAGGED,,,,HeCBench/results/llvm17_inject/entropy/float/site76_bit6.out,,,,,,,,,,,,,,,,
76,7,MASKED,MASKED_UNFLAGGED,,,,HeCBench/results/llvm17_inject/entropy/float/site76_bit7.out,,,,,,,,,,,,,,,,
76,8,MASKED,MASKED_UNFLAGGED,,,,HeCBench/results/llvm17_inject/entropy/float/site76_bit8.out,,,,,,,,,,,,,,,,
76,9,MASKED,MASKED_UNFLAGGED,,,,HeCBench/results/llvm17_inject/entropy/float/site76_bit9.out,,,,,,,,,,,,,,,,
76,10,MASKED,MASKED_UNFLAGGED,,,,HeCBench/results/llvm17_inject/entropy/float/site76_bit10.out,,,,,,,,,,,,,,,,
76,11,MASKED,MASKED_UNFLAGGED,,,,HeCBench/results/llvm17_inject/entropy/float/site76_bit11.out,,,,,,,,,,,,,,,,
76,12,MASKED,MASKED_UNFLAGGED,,,,HeCBench/results/llvm17_inject/entropy/float/site76_bit12.out,,,,,,,,,,,,,,,,
76,13,MASKED,MASKED_UNFLAGGED,,,,HeCBench/results/llvm17_inject/entropy/float/site76_bit13.out,,,,,,,,,,,,,,,,
76,14,MASKED,MASKED_UNFLAGGED,,,,HeCBench/results/llvm17_inject/entropy/float/site76_bit14.out,,,,,,,,,,,,,,,,
76,15,MASKED,MASKED_UNFLAGGED,,,,HeCBench/results/llvm17_inject/entropy/float/site76_bit15.out,,,,,,,,,,,,,,,,
76,16,MASKED,MASKED_UNFLAGGED,,,,HeCBench/results/llvm17_inject/entropy/float/site76_bit16.out,,,,,,,,,,,,,,,,
76,17,MASKED,MASKED_UNFLAGGED,,,,HeCBench/results/llvm17_inject/entropy/float/site76_bit17.out,,,,,,,,,,,,,,,,
76,18,MASKED,MASKED_UNFLAGGED,,,,HeCBench/results/llvm17_inject/entropy/float/site76_bit18.out,,,,,,,,,,,,,,,,
76,19,MASKED,MASKED_UNFLAGGED,,,,HeCBench/results/llvm17_inject/entropy/float/site76_bit19.out,,,,,,,,,,,,,,,,
76,20,MASKED,MASKED_UNFLAGGED,,,,HeCBench/results/llvm17_inject/entropy/float/site76_bit20.out,,,,,,,,,,,,,,,,
76,21,MASKED,MASKED_UNFLAGGED,,,,HeCBench/results/llvm17_inject/entropy/float/site76_bit21.out,,,,,,,,,,,,,,,,
76,22,MASKED,MASKED_UNFLAGGED,,,,HeCBench/results/llvm17_inject/entropy/float/site76_bit22.out,,,,,,,,,,,,,,,,
76,23,MASKED,MASKED_UNFLAGGED,,,,HeCBench/results/llvm17_inject/entropy/float/site76_bit23.out,,,,,,,,,,,,,,,,
76,24,MASKED,MASKED_UNFLAGGED,,,,HeCBench/results/llvm17_inject/entropy/float/site76_bit24.out,,,,,,,,,,,,,,,,
76,25,MASKED,MASKED_UNFLAGGED,,,,HeCBench/results/llvm17_inject/entropy/float/site76_bit25.out,,,,,,,,,,,,,,,,
76,26,MASKED,MASKED_UNFLAGGED,,,,HeCBench/results/llvm17_inject/entropy/float/site76_bit26.out,,,,,,,,,,,,,,,,
76,27,MASKED,MASKED_UNFLAGGED,,,,HeCBench/results/llvm17_inject/entropy/float/site76_bit27.out,,,,,,,,,,,,,,,,
76,28,MASKED,MASKED_UNFLAGGED,,,,HeCBench/results/llvm17_inject/entropy/float/site76_bit28.out,,,,,,,,,,,,,,,,
76,29,MASKED,MASKED_UNFLAGGED,,,,HeCBench/results/llvm17_inject/entropy/float/site76_bit29.out,,,,,,,,,,,,,,,,
76,30,MASKED,MASKED_UNFLAGGED,,,,HeCBench/results/llvm17_inject/entropy/float/site76_bit30.out,,,,,,,,,,,,,,,,
76,31,MASKED,MASKED_UNFLAGGED,,,,HeCBench/results/llvm17_inject/entropy/float/site76_bit31.out,,,,,,,,,,,,,,,,
77,0,MASKED,MASKED_UNFLAGGED,,,,HeCBench/results/llvm17_inject/entropy/float/site77_bit0.out,,,,,,,,,,,,,,,,
77,1,MASKED,MASKED_UNFLAGGED,,,,HeCBench/results/llvm17_inject/entropy/float/site77_bit1.out,,,,,,,,,,,,,,,,
77,2,MASKED,MASKED_UNFLAGGED,,,,HeCBench/results/llvm17_inject/entropy/float/site77_bit2.out,,,,,,,,,,,,,,,,
77,3,MASKED,MASKED_UNFLAGGED,,,,HeCBench/results/llvm17_inject/entropy/float/site77_bit3.out,,,,,,,,,,,,,,,,
77,4,MASKED,MASKED_UNFLAGGED,,,,HeCBench/results/llvm17_inject/entropy/float/site77_bit4.out,,,,,,,,,,,,,,,,
77,5,MASKED,MASKED_UNFLAGGED,,,,HeCBench/results/llvm17_inject/entropy/float/site77_bit5.out,,,,,,,,,,,,,,,,
77,6,MASKED,MASKED_UNFLAGGED,,,,HeCBench/results/llvm17_inject/entropy/float/site77_bit6.out,,,,,,,,,,,,,,,,
77,7,MASKED,MASKED_UNFLAGGED,,,,HeCBench/results/llvm17_inject/entropy/float/site77_bit7.out,,,,,,,,,,,,,,,,
77,8,MASKED,MASKED_UNFLAGGED,,,,HeCBench/results/llvm17_inject/entropy/float/site77_bit8.out,,,,,,,,,,,,,,,,
77,9,MASKED,MASKED_UNFLAGGED,,,,HeCBench/results/llvm17_inject/entropy/float/site77_bit9.out,,,,,,,,,,,,,,,,
77,10,MASKED,MASKED_UNFLAGGED,,,,HeCBench/results/llvm17_inject/entropy/float/site77_bit10.out,,,,,,,,,,,,,,,,
77,11,MASKED,MASKED_UNFLAGGED,,,,HeCBench/results/llvm17_inject/entropy/float/site77_bit11.out,,,,,,,,,,,,,,,,
77,12,MASKED,MASKED_UNFLAGGED,,,,HeCBench/results/llvm17_inject/entropy/float/site77_bit12.out,,,,,,,,,,,,,,,,
77,13,MASKED,MASKED_UNFLAGGED,,,,HeCBench/results/llvm17_inject/entropy/float/site77_bit13.out,,,,,,,,,,,,,,,,
77,14,MASKED,MASKED_UNFLAGGED,,,,HeCBench/results/llvm17_inject/entropy/float/site77_bit14.out,,,,,,,,,,,,,,,,
77,15,MASKED,MASKED_UNFLAGGED,,,,HeCBench/results/llvm17_inject/entropy/float/site77_bit15.out,,,,,,,,,,,,,,,,
77,16,MASKED,MASKED_UNFLAGGED,,,,HeCBench/results/llvm17_inject/entropy/float/site77_bit16.out,,,,,,,,,,,,,,,,
77,17,MASKED,MASKED_UNFLAGGED,,,,HeCBench/results/llvm17_inject/entropy/float/site77_bit17.out,,,,,,,,,,,,,,,,
77,18,MASKED,MASKED_UNFLAGGED,,,,HeCBench/results/llvm17_inject/entropy/float/site77_bit18.out,,,,,,,,,,,,,,,,
77,19,MASKED,MASKED_UNFLAGGED,,,,HeCBench/results/llvm17_inject/entropy/float/site77_bit19.out,,,,,,,,,,,,,,,,
77,20,MASKED,MASKED_UNFLAGGED,,,,HeCBench/results/llvm17_inject/entropy/float/site77_bit20.out,,,,,,,,,,,,,,,,
77,21,MASKED,MASKED_UNFLAGGED,,,,HeCBench/results/llvm17_inject/entropy/float/site77_bit21.out,,,,,,,,,,,,,,,,
77,22,MASKED,MASKED_UNFLAGGED,,,,HeCBench/results/llvm17_inject/entropy/float/site77_bit22.out,,,,,,,,,,,,,,,,
77,23,MASKED,MASKED_UNFLAGGED,,,,HeCBench/results/llvm17_inject/entropy/float/site77_bit23.out,,,,,,,,,,,,,,,,
77,24,MASKED,MASKED_UNFLAGGED,,,,HeCBench/results/llvm17_inject/entropy/float/site77_bit24.out,,,,,,,,,,,,,,,,
77,25,MASKED,MASKED_UNFLAGGED,,,,HeCBench/results/llvm17_inject/entropy/float/site77_bit25.out,,,,,,,,,,,,,,,,
77,26,MASKED,MASKED_UNFLAGGED,,,,HeCBench/results/llvm17_inject/entropy/float/site77_bit26.out,,,,,,,,,,,,,,,,
77,27,MASKED,MASKED_UNFLAGGED,,,,HeCBench/results/llvm17_inject/entropy/float/site77_bit27.out,,,,,,,,,,,,,,,,
77,28,MASKED,MASKED_UNFLAGGED,,,,HeCBench/results/llvm17_inject/entropy/float/site77_bit28.out,,,,,,,,,,,,,,,,
77,29,MASKED,MASKED_UNFLAGGED,,,,HeCBench/results/llvm17_inject/entropy/float/site77_bit29.out,,,,,,,,,,,,,,,,
77,30,MASKED,MASKED_UNFLAGGED,,,,HeCBench/results/llvm17_inject/entropy/float/site77_bit30.out,,,,,,,,,,,,,,,,
77,31,MASKED,MASKED_UNFLAGGED,,,,HeCBench/results/llvm17_inject/entropy/float/site77_bit31.out,,,,,,,,,,,,,,,,
78,0,MASKED,MASKED_UNFLAGGED,,,,HeCBench/results/llvm17_inject/entropy/float/site78_bit0.out,,,,,,,,,,,,,,,,
78,1,MASKED,MASKED_UNFLAGGED,,,,HeCBench/results/llvm17_inject/entropy/float/site78_bit1.out,,,,,,,,,,,,,,,,
78,2,MASKED,MASKED_UNFLAGGED,,,,HeCBench/results/llvm17_inject/entropy/float/site78_bit2.out,,,,,,,,,,,,,,,,
78,3,MASKED,MASKED_UNFLAGGED,,,,HeCBench/results/llvm17_inject/entropy/float/site78_bit3.out,,,,,,,,,,,,,,,,
78,4,MASKED,MASKED_UNFLAGGED,,,,HeCBench/results/llvm17_inject/entropy/float/site78_bit4.out,,,,,,,,,,,,,,,,
78,5,MASKED,MASKED_UNFLAGGED,,,,HeCBench/results/llvm17_inject/entropy/float/site78_bit5.out,,,,,,,,,,,,,,,,
78,6,MASKED,MASKED_UNFLAGGED,,,,HeCBench/results/llvm17_inject/entropy/float/site78_bit6.out,,,,,,,,,,,,,,,,
78,7,MASKED,MASKED_UNFLAGGED,,,,HeCBench/results/llvm17_inject/entropy/float/site78_bit7.out,,,,,,,,,,,,,,,,
78,8,MASKED,MASKED_UNFLAGGED,,,,HeCBench/results/llvm17_inject/entropy/float/site78_bit8.out,,,,,,,,,,,,,,,,
78,9,MASKED,MASKED_UNFLAGGED,,,,HeCBench/results/llvm17_inject/entropy/float/site78_bit9.out,,,,,,,,,,,,,,,,
78,10,MASKED,MASKED_UNFLAGGED,,,,HeCBench/results/llvm17_inject/entropy/float/site78_bit10.out,,,,,,,,,,,,,,,,
78,11,MASKED,MASKED_UNFLAGGED,,,,HeCBench/results/llvm17_inject/entropy/float/site78_bit11.out,,,,,,,,,,,,,,,,
78,12,MASKED,MASKED_UNFLAGGED,,,,HeCBench/results/llvm17_inject/entropy/float/site78_bit12.out,,,,,,,,,,,,,,,,
78,13,MASKED,MASKED_UNFLAGGED,,,,HeCBench/results/llvm17_inject/entropy/float/site78_bit13.out,,,,,,,,,,,,,,,,
78,14,MASKED,MASKED_UNFLAGGED,,,,HeCBench/results/llvm17_inject/entropy/float/site78_bit14.out,,,,,,,,,,,,,,,,
78,15,MASKED,MASKED_UNFLAGGED,,,,HeCBench/results/llvm17_inject/entropy/float/site78_bit15.out,,,,,,,,,,,,,,,,
78,16,MASKED,MASKED_UNFLAGGED,,,,HeCBench/results/llvm17_inject/entropy/float/site78_bit16.out,,,,,,,,,,,,,,,,
78,17,MASKED,MASKED_UNFLAGGED,,,,HeCBench/results/llvm17_inject/entropy/float/site78_bit17.out,,,,,,,,,,,,,,,,
78,18,MASKED,MASKED_UNFLAGGED,,,,HeCBench/results/llvm17_inject/entropy/float/site78_bit18.out,,,,,,,,,,,,,,,,
78,19,MASKED,MASKED_UNFLAGGED,,,,HeCBench/results/llvm17_inject/entropy/float/site78_bit19.out,,,,,,,,,,,,,,,,
78,20,MASKED,MASKED_UNFLAGGED,,,,HeCBench/results/llvm17_inject/entropy/float/site78_bit20.out,,,,,,,,,,,,,,,,
78,21,MASKED,MASKED_UNFLAGGED,,,,HeCBench/results/llvm17_inject/entropy/float/site78_bit21.out,,,,,,,,,,,,,,,,
78,22,MASKED,MASKED_UNFLAGGED,,,,HeCBench/results/llvm17_inject/entropy/float/site78_bit22.out,,,,,,,,,,,,,,,,
78,23,MASKED,MASKED_UNFLAGGED,,,,HeCBench/results/llvm17_inject/entropy/float/site78_bit23.out,,,,,,,,,,,,,,,,
78,24,MASKED,MASKED_UNFLAGGED,,,,HeCBench/results/llvm17_inject/entropy/float/site78_bit24.out,,,,,,,,,,,,,,,,
78,25,MASKED,MASKED_UNFLAGGED,,,,HeCBench/results/llvm17_inject/entropy/float/site78_bit25.out,,,,,,,,,,,,,,,,
78,26,MASKED,MASKED_UNFLAGGED,,,,HeCBench/results/llvm17_inject/entropy/float/site78_bit26.out,,,,,,,,,,,,,,,,
78,27,MASKED,MASKED_UNFLAGGED,,,,HeCBench/results/llvm17_inject/entropy/float/site78_bit27.out,,,,,,,,,,,,,,,,
78,28,MASKED,MASKED_UNFLAGGED,,,,HeCBench/results/llvm17_inject/entropy/float/site78_bit28.out,,,,,,,,,,,,,,,,
78,29,MASKED,MASKED_UNFLAGGED,,,,HeCBench/results/llvm17_inject/entropy/float/site78_bit29.out,,,,,,,,,,,,,,,,
78,30,MASKED,MASKED_UNFLAGGED,,,,HeCBench/results/llvm17_inject/entropy/float/site78_bit30.out,,,,,,,,,,,,,,,,
78,31,MASKED,MASKED_UNFLAGGED,,,,HeCBench/results/llvm17_inject/entropy/float/site78_bit31.out,,,,,,,,,,,,,,,,
79,0,MASKED,MASKED_UNFLAGGED,,,,HeCBench/results/llvm17_inject/entropy/float/site79_bit0.out,,,,,,,,,,,,,,,,
79,1,MASKED,MASKED_UNFLAGGED,,,,HeCBench/results/llvm17_inject/entropy/float/site79_bit1.out,,,,,,,,,,,,,,,,
79,2,MASKED,MASKED_UNFLAGGED,,,,HeCBench/results/llvm17_inject/entropy/float/site79_bit2.out,,,,,,,,,,,,,,,,
79,3,MASKED,MASKED_UNFLAGGED,,,,HeCBench/results/llvm17_inject/entropy/float/site79_bit3.out,,,,,,,,,,,,,,,,
79,4,MASKED,MASKED_UNFLAGGED,,,,HeCBench/results/llvm17_inject/entropy/float/site79_bit4.out,,,,,,,,,,,,,,,,
79,5,MASKED,MASKED_UNFLAGGED,,,,HeCBench/results/llvm17_inject/entropy/float/site79_bit5.out,,,,,,,,,,,,,,,,
79,6,MASKED,MASKED_UNFLAGGED,,,,HeCBench/results/llvm17_inject/entropy/float/site79_bit6.out,,,,,,,,,,,,,,,,
79,7,MASKED,MASKED_UNFLAGGED,,,,HeCBench/results/llvm17_inject/entropy/float/site79_bit7.out,,,,,,,,,,,,,,,,
79,8,MASKED,MASKED_UNFLAGGED,,,,HeCBench/results/llvm17_inject/entropy/float/site79_bit8.out,,,,,,,,,,,,,,,,
79,9,MASKED,MASKED_UNFLAGGED,,,,HeCBench/results/llvm17_inject/entropy/float/site79_bit9.out,,,,,,,,,,,,,,,,
79,10,MASKED,MASKED_UNFLAGGED,,,,HeCBench/results/llvm17_inject/entropy/float/site79_bit10.out,,,,,,,,,,,,,,,,
79,11,MASKED,MASKED_UNFLAGGED,,,,HeCBench/results/llvm17_inject/entropy/float/site79_bit11.out,,,,,,,,,,,,,,,,
79,12,MASKED,MASKED_UNFLAGGED,,,,HeCBench/results/llvm17_inject/entropy/float/site79_bit12.out,,,,,,,,,,,,,,,,
79,13,MASKED,MASKED_UNFLAGGED,,,,HeCBench/results/llvm17_inject/entropy/float/site79_bit13.out,,,,,,,,,,,,,,,,
79,14,MASKED,MASKED_UNFLAGGED,,,,HeCBench/results/llvm17_inject/entropy/float/site79_bit14.out,,,,,,,,,,,,,,,,
79,15,MASKED,MASKED_UNFLAGGED,,,,HeCBench/results/llvm17_inject/entropy/float/site79_bit15.out,,,,,,,,,,,,,,,,
79,16,MASKED,MASKED_UNFLAGGED,,,,HeCBench/results/llvm17_inject/entropy/float/site79_bit16.out,,,,,,,,,,,,,,,,
79,17,MASKED,MASKED_UNFLAGGED,,,,HeCBench/results/llvm17_inject/entropy/float/site79_bit17.out,,,,,,,,,,,,,,,,
79,18,MASKED,MASKED_UNFLAGGED,,,,HeCBench/results/llvm17_inject/entropy/float/site79_bit18.out,,,,,,,,,,,,,,,,
79,19,MASKED,MASKED_UNFLAGGED,,,,HeCBench/results/llvm17_inject/entropy/float/site79_bit19.out,,,,,,,,,,,,,,,,
79,20,MASKED,MASKED_UNFLAGGED,,,,HeCBench/results/llvm17_inject/entropy/float/site79_bit20.out,,,,,,,,,,,,,,,,
79,21,MASKED,MASKED_UNFLAGGED,,,,HeCBench/results/llvm17_inject/entropy/float/site79_bit21.out,,,,,,,,,,,,,,,,
79,22,MASKED,MASKED_UNFLAGGED,,,,HeCBench/results/llvm17_inject/entropy/float/site79_bit22.out,,,,,,,,,,,,,,,,
79,23,MASKED,MASKED_UNFLAGGED,,,,HeCBench/results/llvm17_inject/entropy/float/site79_bit23.out,,,,,,,,,,,,,,,,
79,24,MASKED,MASKED_UNFLAGGED,,,,HeCBench/results/llvm17_inject/entropy/float/site79_bit24.out,,,,,,,,,,,,,,,,
79,25,MASKED,MASKED_UNFLAGGED,,,,HeCBench/results/llvm17_inject/entropy/float/site79_bit25.out,,,,,,,,,,,,,,,,
79,26,MASKED,MASKED_UNFLAGGED,,,,HeCBench/results/llvm17_inject/entropy/float/site79_bit26.out,,,,,,,,,,,,,,,,
79,27,MASKED,MASKED_UNFLAGGED,,,,HeCBench/results/llvm17_inject/entropy/float/site79_bit27.out,,,,,,,,,,,,,,,,
79,28,MASKED,MASKED_UNFLAGGED,,,,HeCBench/results/llvm17_inject/entropy/float/site79_bit28.out,,,,,,,,,,,,,,,,
79,29,MASKED,MASKED_UNFLAGGED,,,,HeCBench/results/llvm17_inject/entropy/float/site79_bit29.out,,,,,,,,,,,,,,,,
79,30,MASKED,MASKED_UNFLAGGED,,,,HeCBench/results/llvm17_inject/entropy/float/site79_bit30.out,,,,,,,,,,,,,,,,
79,31,MASKED,MASKED_UNFLAGGED,,,,HeCBench/results/llvm17_inject/entropy/float/site79_bit31.out,,,,,,,,,,,,,,,,
80,0,MASKED,MASKED_UNFLAGGED,,,,HeCBench/results/llvm17_inject/entropy/float/site80_bit0.out,,,,,,,,,,,,,,,,
80,1,MASKED,MASKED_UNFLAGGED,,,,HeCBench/results/llvm17_inject/entropy/float/site80_bit1.out,,,,,,,,,,,,,,,,
80,2,MASKED,MASKED_UNFLAGGED,,,,HeCBench/results/llvm17_inject/entropy/float/site80_bit2.out,,,,,,,,,,,,,,,,
80,3,MASKED,MASKED_UNFLAGGED,,,,HeCBench/results/llvm17_inject/entropy/float/site80_bit3.out,,,,,,,,,,,,,,,,
80,4,MASKED,MASKED_UNFLAGGED,,,,HeCBench/results/llvm17_inject/entropy/float/site80_bit4.out,,,,,,,,,,,,,,,,
80,5,MASKED,MASKED_UNFLAGGED,,,,HeCBench/results/llvm17_inject/entropy/float/site80_bit5.out,,,,,,,,,,,,,,,,
80,6,MASKED,MASKED_UNFLAGGED,,,,HeCBench/results/llvm17_inject/entropy/float/site80_bit6.out,,,,,,,,,,,,,,,,
80,7,MASKED,MASKED_UNFLAGGED,,,,HeCBench/results/llvm17_inject/entropy/float/site80_bit7.out,,,,,,,,,,,,,,,,
80,8,MASKED,MASKED_UNFLAGGED,,,,HeCBench/results/llvm17_inject/entropy/float/site80_bit8.out,,,,,,,,,,,,,,,,
80,9,MASKED,MASKED_UNFLAGGED,,,,HeCBench/results/llvm17_inject/entropy/float/site80_bit9.out,,,,,,,,,,,,,,,,
80,10,MASKED,MASKED_UNFLAGGED,,,,HeCBench/results/llvm17_inject/entropy/float/site80_bit10.out,,,,,,,,,,,,,,,,
80,11,MASKED,MASKED_UNFLAGGED,,,,HeCBench/results/llvm17_inject/entropy/float/site80_bit11.out,,,,,,,,,,,,,,,,
80,12,MASKED,MASKED_UNFLAGGED,,,,HeCBench/results/llvm17_inject/entropy/float/site80_bit12.out,,,,,,,,,,,,,,,,
80,13,MASKED,MASKED_UNFLAGGED,,,,HeCBench/results/llvm17_inject/entropy/float/site80_bit13.out,,,,,,,,,,,,,,,,
80,14,MASKED,MASKED_UNFLAGGED,,,,HeCBench/results/llvm17_inject/entropy/float/site80_bit14.out,,,,,,,,,,,,,,,,
80,15,MASKED,MASKED_UNFLAGGED,,,,HeCBench/results/llvm17_inject/entropy/float/site80_bit15.out,,,,,,,,,,,,,,,,
80,16,MASKED,MASKED_UNFLAGGED,,,,HeCBench/results/llvm17_inject/entropy/float/site80_bit16.out,,,,,,,,,,,,,,,,
80,17,MASKED,MASKED_UNFLAGGED,,,,HeCBench/results/llvm17_inject/entropy/float/site80_bit17.out,,,,,,,,,,,,,,,,
80,18,MASKED,MASKED_UNFLAGGED,,,,HeCBench/results/llvm17_inject/entropy/float/site80_bit18.out,,,,,,,,,,,,,,,,
80,19,MASKED,MASKED_UNFLAGGED,,,,HeCBench/results/llvm17_inject/entropy/float/site80_bit19.out,,,,,,,,,,,,,,,,
80,20,MASKED,MASKED_UNFLAGGED,,,,HeCBench/results/llvm17_inject/entropy/float/site80_bit20.out,,,,,,,,,,,,,,,,
80,21,MASKED,MASKED_UNFLAGGED,,,,HeCBench/results/llvm17_inject/entropy/float/site80_bit21.out,,,,,,,,,,,,,,,,
80,22,MASKED,MASKED_UNFLAGGED,,,,HeCBench/results/llvm17_inject/entropy/float/site80_bit22.out,,,,,,,,,,,,,,,,
80,23,MASKED,MASKED_UNFLAGGED,,,,HeCBench/results/llvm17_inject/entropy/float/site80_bit23.out,,,,,,,,,,,,,,,,
80,24,MASKED,MASKED_UNFLAGGED,,,,HeCBench/results/llvm17_inject/entropy/float/site80_bit24.out,,,,,,,,,,,,,,,,
80,25,MASKED,MASKED_UNFLAGGED,,,,HeCBench/results/llvm17_inject/entropy/float/site80_bit25.out,,,,,,,,,,,,,,,,
80,26,MASKED,MASKED_UNFLAGGED,,,,HeCBench/results/llvm17_inject/entropy/float/site80_bit26.out,,,,,,,,,,,,,,,,
80,27,MASKED,MASKED_UNFLAGGED,,,,HeCBench/results/llvm17_inject/entropy/float/site80_bit27.out,,,,,,,,,,,,,,,,
80,28,MASKED,MASKED_UNFLAGGED,,,,HeCBench/results/llvm17_inject/entropy/float/site80_bit28.out,,,,,,,,,,,,,,,,
80,29,MASKED,MASKED_UNFLAGGED,,,,HeCBench/results/llvm17_inject/entropy/float/site80_bit29.out,,,,,,,,,,,,,,,,
80,30,MASKED,MASKED_UNFLAGGED,,,,HeCBench/results/llvm17_inject/entropy/float/site80_bit30.out,,,,,,,,,,,,,,,,
80,31,SDC,SDC_FLAGGED,0,kernel_reported_fail,,HeCBench/results/llvm17_inject/entropy/float/site80_bit31.out,,,,,,,,,,,,,,,,
81,0,DUE,FAILURE_NONHANG,empty_out,,,HeCBench/results/llvm17_inject/entropy/float/site81_bit0.out,,,,,,,,,,,,,,,,
81,1,MASKED,MASKED_UNFLAGGED,,,,HeCBench/results/llvm17_inject/entropy/float/site81_bit1.out,,,,,,,,,,,,,,,,
81,2,MASKED,MASKED_UNFLAGGED,,,,HeCBench/results/llvm17_inject/entropy/float/site81_bit2.out,,,,,,,,,,,,,,,,
81,3,MASKED,MASKED_UNFLAGGED,,,,HeCBench/results/llvm17_inject/entropy/float/site81_bit3.out,,,,,,,,,,,,,,,,
81,4,MASKED,MASKED_UNFLAGGED,,,,HeCBench/results/llvm17_inject/entropy/float/site81_bit4.out,,,,,,,,,,,,,,,,
81,5,MASKED,MASKED_UNFLAGGED,,,,HeCBench/results/llvm17_inject/entropy/float/site81_bit5.out,,,,,,,,,,,,,,,,
81,6,MASKED,MASKED_UNFLAGGED,,,,HeCBench/results/llvm17_inject/entropy/float/site81_bit6.out,,,,,,,,,,,,,,,,
81,7,MASKED,MASKED_UNFLAGGED,,,,HeCBench/results/llvm17_inject/entropy/float/site81_bit7.out,,,,,,,,,,,,,,,,
81,8,MASKED,MASKED_UNFLAGGED,,,,HeCBench/results/llvm17_inject/entropy/float/site81_bit8.out,,,,,,,,,,,,,,,,
81,9,MASKED,MASKED_UNFLAGGED,,,,HeCBench/results/llvm17_inject/entropy/float/site81_bit9.out,,,,,,,,,,,,,,,,
81,10,MASKED,MASKED_UNFLAGGED,,,,HeCBench/results/llvm17_inject/entropy/float/site81_bit10.out,,,,,,,,,,,,,,,,
81,11,MASKED,MASKED_UNFLAGGED,,,,HeCBench/results/llvm17_inject/entropy/float/site81_bit11.out,,,,,,,,,,,,,,,,
81,12,MASKED,MASKED_UNFLAGGED,,,,HeCBench/results/llvm17_inject/entropy/float/site81_bit12.out,,,,,,,,,,,,,,,,
81,13,MASKED,MASKED_UNFLAGGED,,,,HeCBench/results/llvm17_inject/entropy/float/site81_bit13.out,,,,,,,,,,,,,,,,
81,14,MASKED,MASKED_UNFLAGGED,,,,HeCBench/results/llvm17_inject/entropy/float/site81_bit14.out,,,,,,,,,,,,,,,,
81,15,MASKED,MASKED_UNFLAGGED,,,,HeCBench/results/llvm17_inject/entropy/float/site81_bit15.out,,,,,,,,,,,,,,,,
81,16,MASKED,MASKED_UNFLAGGED,,,,HeCBench/results/llvm17_inject/entropy/float/site81_bit16.out,,,,,,,,,,,,,,,,
81,17,MASKED,MASKED_UNFLAGGED,,,,HeCBench/results/llvm17_inject/entropy/float/site81_bit17.out,,,,,,,,,,,,,,,,
81,18,MASKED,MASKED_UNFLAGGED,,,,HeCBench/results/llvm17_inject/entropy/float/site81_bit18.out,,,,,,,,,,,,,,,,
81,19,MASKED,MASKED_UNFLAGGED,,,,HeCBench/results/llvm17_inject/entropy/float/site81_bit19.out,,,,,,,,,,,,,,,,
81,20,MASKED,MASKED_UNFLAGGED,,,,HeCBench/results/llvm17_inject/entropy/float/site81_bit20.out,,,,,,,,,,,,,,,,
81,21,MASKED,MASKED_UNFLAGGED,,,,HeCBench/results/llvm17_inject/entropy/float/site81_bit21.out,,,,,,,,,,,,,,,,
81,22,MASKED,MASKED_UNFLAGGED,,,,HeCBench/results/llvm17_inject/entropy/float/site81_bit22.out,,,,,,,,,,,,,,,,
81,23,MASKED,MASKED_UNFLAGGED,,,,HeCBench/results/llvm17_inject/entropy/float/site81_bit23.out,,,,,,,,,,,,,,,,
81,24,MASKED,MASKED_UNFLAGGED,,,,HeCBench/results/llvm17_inject/entropy/float/site81_bit24.out,,,,,,,,,,,,,,,,
81,25,MASKED,MASKED_UNFLAGGED,,,,HeCBench/results/llvm17_inject/entropy/float/site81_bit25.out,,,,,,,,,,,,,,,,
81,26,MASKED,MASKED_UNFLAGGED,,,,HeCBench/results/llvm17_inject/entropy/float/site81_bit26.out,,,,,,,,,,,,,,,,
81,27,MASKED,MASKED_UNFLAGGED,,,,HeCBench/results/llvm17_inject/entropy/float/site81_bit27.out,,,,,,,,,,,,,,,,
81,28,MASKED,MASKED_UNFLAGGED,,,,HeCBench/results/llvm17_inject/entropy/float/site81_bit28.out,,,,,,,,,,,,,,,,
81,29,MASKED,MASKED_UNFLAGGED,,,,HeCBench/results/llvm17_inject/entropy/float/site81_bit29.out,,,,,,,,,,,,,,,,
81,30,MASKED,MASKED_UNFLAGGED,,,,HeCBench/results/llvm17_inject/entropy/float/site81_bit30.out,,,,,,,,,,,,,,,,
81,31,SDC,SDC_FLAGGED,0,kernel_reported_fail,,HeCBench/results/llvm17_inject/entropy/float/site81_bit31.out,,,,,,,,,,,,,,,,
82,0,MASKED,MASKED_UNFLAGGED,,,,HeCBench/results/llvm17_inject/entropy/float/site82_bit0.out,,,,,,,,,,,,,,,,
82,1,MASKED,MASKED_UNFLAGGED,,,,HeCBench/results/llvm17_inject/entropy/float/site82_bit1.out,,,,,,,,,,,,,,,,
82,2,MASKED,MASKED_UNFLAGGED,,,,HeCBench/results/llvm17_inject/entropy/float/site82_bit2.out,,,,,,,,,,,,,,,,
82,3,MASKED,MASKED_UNFLAGGED,,,,HeCBench/results/llvm17_inject/entropy/float/site82_bit3.out,,,,,,,,,,,,,,,,
82,4,MASKED,MASKED_UNFLAGGED,,,,HeCBench/results/llvm17_inject/entropy/float/site82_bit4.out,,,,,,,,,,,,,,,,
82,5,MASKED,MASKED_UNFLAGGED,,,,HeCBench/results/llvm17_inject/entropy/float/site82_bit5.out,,,,,,,,,,,,,,,,
82,6,MASKED,MASKED_UNFLAGGED,,,,HeCBench/results/llvm17_inject/entropy/float/site82_bit6.out,,,,,,,,,,,,,,,,
82,7,MASKED,MASKED_UNFLAGGED,,,,HeCBench/results/llvm17_inject/entropy/float/site82_bit7.out,,,,,,,,,,,,,,,,
82,8,MASKED,MASKED_UNFLAGGED,,,,HeCBench/results/llvm17_inject/entropy/float/site82_bit8.out,,,,,,,,,,,,,,,,
82,9,MASKED,MASKED_UNFLAGGED,,,,HeCBench/results/llvm17_inject/entropy/float/site82_bit9.out,,,,,,,,,,,,,,,,
82,10,MASKED,MASKED_UNFLAGGED,,,,HeCBench/results/llvm17_inject/entropy/float/site82_bit10.out,,,,,,,,,,,,,,,,
82,11,MASKED,MASKED_UNFLAGGED,,,,HeCBench/results/llvm17_inject/entropy/float/site82_bit11.out,,,,,,,,,,,,,,,,
82,12,MASKED,MASKED_UNFLAGGED,,,,HeCBench/results/llvm17_inject/entropy/float/site82_bit12.out,,,,,,,,,,,,,,,,
82,13,MASKED,MASKED_UNFLAGGED,,,,HeCBench/results/llvm17_inject/entropy/float/site82_bit13.out,,,,,,,,,,,,,,,,
82,14,MASKED,MASKED_UNFLAGGED,,,,HeCBench/results/llvm17_inject/entropy/float/site82_bit14.out,,,,,,,,,,,,,,,,
82,15,MASKED,MASKED_UNFLAGGED,,,,HeCBench/results/llvm17_inject/entropy/float/site82_bit15.out,,,,,,,,,,,,,,,,
82,16,MASKED,MASKED_UNFLAGGED,,,,HeCBench/results/llvm17_inject/entropy/float/site82_bit16.out,,,,,,,,,,,,,,,,
82,17,MASKED,MASKED_UNFLAGGED,,,,HeCBench/results/llvm17_inject/entropy/float/site82_bit17.out,,,,,,,,,,,,,,,,
82,18,MASKED,MASKED_UNFLAGGED,,,,HeCBench/results/llvm17_inject/entropy/float/site82_bit18.out,,,,,,,,,,,,,,,,
82,19,MASKED,MASKED_UNFLAGGED,,,,HeCBench/results/llvm17_inject/entropy/float/site82_bit19.out,,,,,,,,,,,,,,,,
82,20,MASKED,MASKED_UNFLAGGED,,,,HeCBench/results/llvm17_inject/entropy/float/site82_bit20.out,,,,,,,,,,,,,,,,
82,21,MASKED,MASKED_UNFLAGGED,,,,HeCBench/results/llvm17_inject/entropy/float/site82_bit21.out,,,,,,,,,,,,,,,,
82,22,MASKED,MASKED_UNFLAGGED,,,,HeCBench/results/llvm17_inject/entropy/float/site82_bit22.out,,,,,,,,,,,,,,,,
82,23,MASKED,MASKED_UNFLAGGED,,,,HeCBench/results/llvm17_inject/entropy/float/site82_bit23.out,,,,,,,,,,,,,,,,
82,24,MASKED,MASKED_UNFLAGGED,,,,HeCBench/results/llvm17_inject/entropy/float/site82_bit24.out,,,,,,,,,,,,,,,,
82,25,MASKED,MASKED_UNFLAGGED,,,,HeCBench/results/llvm17_inject/entropy/float/site82_bit25.out,,,,,,,,,,,,,,,,
82,26,MASKED,MASKED_UNFLAGGED,,,,HeCBench/results/llvm17_inject/entropy/float/site82_bit26.out,,,,,,,,,,,,,,,,
82,27,MASKED,MASKED_UNFLAGGED,,,,HeCBench/results/llvm17_inject/entropy/float/site82_bit27.out,,,,,,,,,,,,,,,,
82,28,MASKED,MASKED_UNFLAGGED,,,,HeCBench/results/llvm17_inject/entropy/float/site82_bit28.out,,,,,,,,,,,,,,,,
82,29,MASKED,MASKED_UNFLAGGED,,,,HeCBench/results/llvm17_inject/entropy/float/site82_bit29.out,,,,,,,,,,,,,,,,
82,30,MASKED,MASKED_UNFLAGGED,,,,HeCBench/results/llvm17_inject/entropy/float/site82_bit30.out,,,,,,,,,,,,,,,,
82,31,MASKED,MASKED_UNFLAGGED,,,,HeCBench/results/llvm17_inject/entropy/float/site82_bit31.out,,,,,,,,,,,,,,,,
83,0,MASKED,MASKED_UNFLAGGED,,,,HeCBench/results/llvm17_inject/entropy/float/site83_bit0.out,,,,,,,,,,,,,,,,
83,1,MASKED,MASKED_UNFLAGGED,,,,HeCBench/results/llvm17_inject/entropy/float/site83_bit1.out,,,,,,,,,,,,,,,,
83,2,MASKED,MASKED_UNFLAGGED,,,,HeCBench/results/llvm17_inject/entropy/float/site83_bit2.out,,,,,,,,,,,,,,,,
83,3,MASKED,MASKED_UNFLAGGED,,,,HeCBench/results/llvm17_inject/entropy/float/site83_bit3.out,,,,,,,,,,,,,,,,
83,4,MASKED,MASKED_UNFLAGGED,,,,HeCBench/results/llvm17_inject/entropy/float/site83_bit4.out,,,,,,,,,,,,,,,,
83,5,MASKED,MASKED_UNFLAGGED,,,,HeCBench/results/llvm17_inject/entropy/float/site83_bit5.out,,,,,,,,,,,,,,,,
83,6,MASKED,MASKED_UNFLAGGED,,,,HeCBench/results/llvm17_inject/entropy/float/site83_bit6.out,,,,,,,,,,,,,,,,
83,7,MASKED,MASKED_UNFLAGGED,,,,HeCBench/results/llvm17_inject/entropy/float/site83_bit7.out,,,,,,,,,,,,,,,,
83,8,MASKED,MASKED_UNFLAGGED,,,,HeCBench/results/llvm17_inject/entropy/float/site83_bit8.out,,,,,,,,,,,,,,,,
83,9,MASKED,MASKED_UNFLAGGED,,,,HeCBench/results/llvm17_inject/entropy/float/site83_bit9.out,,,,,,,,,,,,,,,,
83,10,MASKED,MASKED_UNFLAGGED,,,,HeCBench/results/llvm17_inject/entropy/float/site83_bit10.out,,,,,,,,,,,,,,,,
83,11,MASKED,MASKED_UNFLAGGED,,,,HeCBench/results/llvm17_inject/entropy/float/site83_bit11.out,,,,,,,,,,,,,,,,
83,12,SDC,SDC_FLAGGED,0,kernel_reported_fail,,HeCBench/results/llvm17_inject/entropy/float/site83_bit12.out,,,,,,,,,,,,,,,,
83,13,SDC,SDC_FLAGGED,0,kernel_reported_fail,,HeCBench/results/llvm17_inject/entropy/float/site83_bit13.out,,,,,,,,,,,,,,,,
83,14,SDC,SDC_FLAGGED,0,kernel_reported_fail,,HeCBench/results/llvm17_inject/entropy/float/site83_bit14.out,,,,,,,,,,,,,,,,
83,15,SDC,SDC_FLAGGED,0,kernel_reported_fail,,HeCBench/results/llvm17_inject/entropy/float/site83_bit15.out,,,,,,,,,,,,,,,,
83,16,SDC,SDC_FLAGGED,0,kernel_reported_fail,,HeCBench/results/llvm17_inject/entropy/float/site83_bit16.out,,,,,,,,,,,,,,,,
83,17,SDC,SDC_FLAGGED,0,kernel_reported_fail,,HeCBench/results/llvm17_inject/entropy/float/site83_bit17.out,,,,,,,,,,,,,,,,
83,18,SDC,SDC_FLAGGED,0,kernel_reported_fail,,HeCBench/results/llvm17_inject/entropy/float/site83_bit18.out,,,,,,,,,,,,,,,,
83,19,SDC,SDC_FLAGGED,0,kernel_reported_fail,,HeCBench/results/llvm17_inject/entropy/float/site83_bit19.out,,,,,,,,,,,,,,,,
83,20,MASKED,MASKED_UNFLAGGED,,,,HeCBench/results/llvm17_inject/entropy/float/site83_bit20.out,,,,,,,,,,,,,,,,
83,21,MASKED,MASKED_UNFLAGGED,,,,HeCBench/results/llvm17_inject/entropy/float/site83_bit21.out,,,,,,,,,,,,,,,,
83,22,MASKED,MASKED_UNFLAGGED,,,,HeCBench/results/llvm17_inject/entropy/float/site83_bit22.out,,,,,,,,,,,,,,,,
83,23,MASKED,MASKED_UNFLAGGED,,,,HeCBench/results/llvm17_inject/entropy/float/site83_bit23.out,,,,,,,,,,,,,,,,
83,24,MASKED,MASKED_UNFLAGGED,,,,HeCBench/results/llvm17_inject/entropy/float/site83_bit24.out,,,,,,,,,,,,,,,,
83,25,MASKED,MASKED_UNFLAGGED,,,,HeCBench/results/llvm17_inject/entropy/float/site83_bit25.out,,,,,,,,,,,,,,,,
83,26,MASKED,MASKED_UNFLAGGED,,,,HeCBench/results/llvm17_inject/entropy/float/site83_bit26.out,,,,,,,,,,,,,,,,
83,27,MASKED,MASKED_UNFLAGGED,,,,HeCBench/results/llvm17_inject/entropy/float/site83_bit27.out,,,,,,,,,,,,,,,,
83,28,MASKED,MASKED_UNFLAGGED,,,,HeCBench/results/llvm17_inject/entropy/float/site83_bit28.out,,,,,,,,,,,,,,,,
83,29,MASKED,MASKED_UNFLAGGED,,,,HeCBench/results/llvm17_inject/entropy/float/site83_bit29.out,,,,,,,,,,,,,,,,
83,30,MASKED,MASKED_UNFLAGGED,,,,HeCBench/results/llvm17_inject/entropy/float/site83_bit30.out,,,,,,,,,,,,,,,,
83,31,MASKED,MASKED_UNFLAGGED,,,,HeCBench/results/llvm17_inject/entropy/float/site83_bit31.out,,,,,,,,,,,,,,,,
84,0,SDC,SDC_FLAGGED,0,kernel_reported_fail,,HeCBench/results/llvm17_inject/entropy/float/site84_bit0.out,,,,,,,,,,,,,,,,
84,1,SDC,SDC_FLAGGED,0,kernel_reported_fail,,HeCBench/results/llvm17_inject/entropy/float/site84_bit1.out,,,,,,,,,,,,,,,,
84,2,SDC,SDC_FLAGGED,0,kernel_reported_fail,,HeCBench/results/llvm17_inject/entropy/float/site84_bit2.out,,,,,,,,,,,,,,,,
84,3,SDC,SDC_FLAGGED,0,kernel_reported_fail,,HeCBench/results/llvm17_inject/entropy/float/site84_bit3.out,,,,,,,,,,,,,,,,
84,4,SDC,SDC_FLAGGED,0,kernel_reported_fail,,HeCBench/results/llvm17_inject/entropy/float/site84_bit4.out,,,,,,,,,,,,,,,,
84,5,SDC,SDC_FLAGGED,0,kernel_reported_fail,,HeCBench/results/llvm17_inject/entropy/float/site84_bit5.out,,,,,,,,,,,,,,,,
84,6,SDC,SDC_FLAGGED,0,kernel_reported_fail,,HeCBench/results/llvm17_inject/entropy/float/site84_bit6.out,,,,,,,,,,,,,,,,
84,7,SDC,SDC_FLAGGED,0,kernel_reported_fail,,HeCBench/results/llvm17_inject/entropy/float/site84_bit7.out,,,,,,,,,,,,,,,,
84,8,SDC,SDC_FLAGGED,0,kernel_reported_fail,,HeCBench/results/llvm17_inject/entropy/float/site84_bit8.out,,,,,,,,,,,,,,,,
84,9,SDC,SDC_FLAGGED,0,kernel_reported_fail,,HeCBench/results/llvm17_inject/entropy/float/site84_bit9.out,,,,,,,,,,,,,,,,
84,10,SDC,SDC_FLAGGED,0,kernel_reported_fail,,HeCBench/results/llvm17_inject/entropy/float/site84_bit10.out,,,,,,,,,,,,,,,,
84,11,SDC,SDC_FLAGGED,0,kernel_reported_fail,,HeCBench/results/llvm17_inject/entropy/float/site84_bit11.out,,,,,,,,,,,,,,,,
84,12,MASKED,MASKED_UNFLAGGED,,,,HeCBench/results/llvm17_inject/entropy/float/site84_bit12.out,,,,,,,,,,,,,,,,
84,13,SDC,SDC_FLAGGED,0,kernel_reported_fail,,HeCBench/results/llvm17_inject/entropy/float/site84_bit13.out,,,,,,,,,,,,,,,,
84,14,SDC,SDC_FLAGGED,0,kernel_reported_fail,,HeCBench/results/llvm17_inject/entropy/float/site84_bit14.out,,,,,,,,,,,,,,,,
84,15,SDC,SDC_FLAGGED,0,kernel_reported_fail,,HeCBench/results/llvm17_inject/entropy/float/site84_bit15.out,,,,,,,,,,,,,,,,
84,16,SDC,SDC_FLAGGED,0,kernel_reported_fail,,HeCBench/results/llvm17_inject/entropy/float/site84_bit16.out,,,,,,,,,,,,,,,,
84,17,SDC,SDC_FLAGGED,0,kernel_reported_fail,,HeCBench/results/llvm17_inject/entropy/float/site84_bit17.out,,,,,,,,,,,,,,,,
84,18,SDC,SDC_FLAGGED,0,kernel_reported_fail,,HeCBench/results/llvm17_inject/entropy/float/site84_bit18.out,,,,,,,,,,,,,,,,
84,19,SDC,SDC_FLAGGED,0,kernel_reported_fail,,HeCBench/results/llvm17_inject/entropy/float/site84_bit19.out,,,,,,,,,,,,,,,,
84,20,SDC,SDC_FLAGGED,0,kernel_reported_fail,,HeCBench/results/llvm17_inject/entropy/float/site84_bit20.out,,,,,,,,,,,,,,,,
84,21,SDC,SDC_FLAGGED,0,kernel_reported_fail,,HeCBench/results/llvm17_inject/entropy/float/site84_bit21.out,,,,,,,,,,,,,,,,
84,22,SDC,SDC_FLAGGED,0,kernel_reported_fail,,HeCBench/results/llvm17_inject/entropy/float/site84_bit22.out,,,,,,,,,,,,,,,,
84,23,SDC,SDC_FLAGGED,0,kernel_reported_fail,,HeCBench/results/llvm17_inject/entropy/float/site84_bit23.out,,,,,,,,,,,,,,,,
84,24,SDC,SDC_FLAGGED,0,kernel_reported_fail,,HeCBench/results/llvm17_inject/entropy/float/site84_bit24.out,,,,,,,,,,,,,,,,
84,25,SDC,SDC_FLAGGED,0,kernel_reported_fail,,HeCBench/results/llvm17_inject/entropy/float/site84_bit25.out,,,,,,,,,,,,,,,,
84,26,SDC,SDC_FLAGGED,0,kernel_reported_fail,,HeCBench/results/llvm17_inject/entropy/float/site84_bit26.out,,,,,,,,,,,,,,,,
84,27,SDC,SDC_FLAGGED,0,kernel_reported_fail,,HeCBench/results/llvm17_inject/entropy/float/site84_bit27.out,,,,,,,,,,,,,,,,
84,28,SDC,SDC_FLAGGED,0,kernel_reported_fail,,HeCBench/results/llvm17_inject/entropy/float/site84_bit28.out,,,,,,,,,,,,,,,,
84,29,SDC,SDC_FLAGGED,0,kernel_reported_fail,,HeCBench/results/llvm17_inject/entropy/float/site84_bit29.out,,,,,,,,,,,,,,,,
84,30,SDC,SDC_FLAGGED,0,kernel_reported_fail,,HeCBench/results/llvm17_inject/entropy/float/site84_bit30.out,,,,,,,,,,,,,,,,
84,31,SDC,SDC_FLAGGED,0,kernel_reported_fail,,HeCBench/results/llvm17_inject/entropy/float/site84_bit31.out,,,,,,,,,,,,,,,,
85,0,SDC,SDC_FLAGGED,0,kernel_reported_fail,,HeCBench/results/llvm17_inject/entropy/float/site85_bit0.out,,,,,,,,,,,,,,,,
85,1,SDC,SDC_FLAGGED,0,kernel_reported_fail,,HeCBench/results/llvm17_inject/entropy/float/site85_bit1.out,,,,,,,,,,,,,,,,
85,2,SDC,SDC_FLAGGED,0,kernel_reported_fail,,HeCBench/results/llvm17_inject/entropy/float/site85_bit2.out,,,,,,,,,,,,,,,,
85,3,SDC,SDC_FLAGGED,0,kernel_reported_fail,,HeCBench/results/llvm17_inject/entropy/float/site85_bit3.out,,,,,,,,,,,,,,,,
85,4,SDC,SDC_FLAGGED,0,kernel_reported_fail,,HeCBench/results/llvm17_inject/entropy/float/site85_bit4.out,,,,,,,,,,,,,,,,
85,5,SDC,SDC_FLAGGED,0,kernel_reported_fail,,HeCBench/results/llvm17_inject/entropy/float/site85_bit5.out,,,,,,,,,,,,,,,,
85,6,SDC,SDC_FLAGGED,0,kernel_reported_fail,,HeCBench/results/llvm17_inject/entropy/float/site85_bit6.out,,,,,,,,,,,,,,,,
85,7,SDC,SDC_FLAGGED,0,kernel_reported_fail,,HeCBench/results/llvm17_inject/entropy/float/site85_bit7.out,,,,,,,,,,,,,,,,
85,8,SDC,SDC_FLAGGED,0,kernel_reported_fail,,HeCBench/results/llvm17_inject/entropy/float/site85_bit8.out,,,,,,,,,,,,,,,,
85,9,SDC,SDC_FLAGGED,0,kernel_reported_fail,,HeCBench/results/llvm17_inject/entropy/float/site85_bit9.out,,,,,,,,,,,,,,,,
85,10,SDC,SDC_FLAGGED,0,kernel_reported_fail,,HeCBench/results/llvm17_inject/entropy/float/site85_bit10.out,,,,,,,,,,,,,,,,
85,11,SDC,SDC_FLAGGED,0,kernel_reported_fail,,HeCBench/results/llvm17_inject/entropy/float/site85_bit11.out,,,,,,,,,,,,,,,,
85,12,MASKED,MASKED_UNFLAGGED,,,,HeCBench/results/llvm17_inject/entropy/float/site85_bit12.out,,,,,,,,,,,,,,,,
85,13,MASKED,MASKED_UNFLAGGED,,,,HeCBench/results/llvm17_inject/entropy/float/site85_bit13.out,,,,,,,,,,,,,,,,
85,14,MASKED,MASKED_UNFLAGGED,,,,HeCBench/results/llvm17_inject/entropy/float/site85_bit14.out,,,,,,,,,,,,,,,,
85,15,MASKED,MASKED_UNFLAGGED,,,,HeCBench/results/llvm17_inject/entropy/float/site85_bit15.out,,,,,,,,,,,,,,,,
85,16,MASKED,MASKED_UNFLAGGED,,,,HeCBench/results/llvm17_inject/entropy/float/site85_bit16.out,,,,,,,,,,,,,,,,
85,17,MASKED,MASKED_UNFLAGGED,,,,HeCBench/results/llvm17_inject/entropy/float/site85_bit17.out,,,,,,,,,,,,,,,,
85,18,MASKED,MASKED_UNFLAGGED,,,,HeCBench/results/llvm17_inject/entropy/float/site85_bit18.out,,,,,,,,,,,,,,,,
85,19,MASKED,MASKED_UNFLAGGED,,,,HeCBench/results/llvm17_inject/entropy/float/site85_bit19.out,,,,,,,,,,,,,,,,
85,20,MASKED,MASKED_UNFLAGGED,,,,HeCBench/results/llvm17_inject/entropy/float/site85_bit20.out,,,,,,,,,,,,,,,,
85,21,MASKED,MASKED_UNFLAGGED,,,,HeCBench/results/llvm17_inject/entropy/float/site85_bit21.out,,,,,,,,,,,,,,,,
85,22,MASKED,MASKED_UNFLAGGED,,,,HeCBench/results/llvm17_inject/entropy/float/site85_bit22.out,,,,,,,,,,,,,,,,
85,23,MASKED,MASKED_UNFLAGGED,,,,HeCBench/results/llvm17_inject/entropy/float/site85_bit23.out,,,,,,,,,,,,,,,,
85,24,SDC,SDC_FLAGGED,0,kernel_reported_fail,,HeCBench/results/llvm17_inject/entropy/float/site85_bit24.out,,,,,,,,,,,,,,,,
85,25,SDC,SDC_FLAGGED,0,kernel_reported_fail,,HeCBench/results/llvm17_inject/entropy/float/site85_bit25.out,,,,,,,,,,,,,,,,
85,26,SDC,SDC_FLAGGED,0,kernel_reported_fail,,HeCBench/results/llvm17_inject/entropy/float/site85_bit26.out,,,,,,,,,,,,,,,,
85,27,SDC,SDC_FLAGGED,0,kernel_reported_fail,,HeCBench/results/llvm17_inject/entropy/float/site85_bit27.out,,,,,,,,,,,,,,,,
85,28,SDC,SDC_FLAGGED,0,kernel_reported_fail,,HeCBench/results/llvm17_inject/entropy/float/site85_bit28.out,,,,,,,,,,,,,,,,
85,29,SDC,SDC_FLAGGED,0,kernel_reported_fail,,HeCBench/results/llvm17_inject/entropy/float/site85_bit29.out,,,,,,,,,,,,,,,,
85,30,SDC,SDC_FLAGGED,0,kernel_reported_fail,,HeCBench/results/llvm17_inject/entropy/float/site85_bit30.out,,,,,,,,,,,,,,,,
85,31,SDC,SDC_FLAGGED,0,kernel_reported_fail,,HeCBench/results/llvm17_inject/entropy/float/site85_bit31.out,,,,,,,,,,,,,,,,
86,0,MASKED,MASKED_UNFLAGGED,,,,HeCBench/results/llvm17_inject/entropy/float/site86_bit0.out,,,,,,,,,,,,,,,,
86,1,MASKED,MASKED_UNFLAGGED,,,,HeCBench/results/llvm17_inject/entropy/float/site86_bit1.out,,,,,,,,,,,,,,,,
86,2,MASKED,MASKED_UNFLAGGED,,,,HeCBench/results/llvm17_inject/entropy/float/site86_bit2.out,,,,,,,,,,,,,,,,
86,3,MASKED,MASKED_UNFLAGGED,,,,HeCBench/results/llvm17_inject/entropy/float/site86_bit3.out,,,,,,,,,,,,,,,,
86,4,MASKED,MASKED_UNFLAGGED,,,,HeCBench/results/llvm17_inject/entropy/float/site86_bit4.out,,,,,,,,,,,,,,,,
86,5,MASKED,MASKED_UNFLAGGED,,,,HeCBench/results/llvm17_inject/entropy/float/site86_bit5.out,,,,,,,,,,,,,,,,
86,6,MASKED,MASKED_UNFLAGGED,,,,HeCBench/results/llvm17_inject/entropy/float/site86_bit6.out,,,,,,,,,,,,,,,,
86,7,MASKED,MASKED_UNFLAGGED,,,,HeCBench/results/llvm17_inject/entropy/float/site86_bit7.out,,,,,,,,,,,,,,,,
86,8,MASKED,MASKED_UNFLAGGED,,,,HeCBench/results/llvm17_inject/entropy/float/site86_bit8.out,,,,,,,,,,,,,,,,
86,9,MASKED,MASKED_UNFLAGGED,,,,HeCBench/results/llvm17_inject/entropy/float/site86_bit9.out,,,,,,,,,,,,,,,,
86,10,MASKED,MASKED_UNFLAGGED,,,,HeCBench/results/llvm17_inject/entropy/float/site86_bit10.out,,,,,,,,,,,,,,,,
86,11,MASKED,MASKED_UNFLAGGED,,,,HeCBench/results/llvm17_inject/entropy/float/site86_bit11.out,,,,,,,,,,,,,,,,
86,12,SDC,SDC_FLAGGED,0,kernel_reported_fail,,HeCBench/results/llvm17_inject/entropy/float/site86_bit12.out,,,,,,,,,,,,,,,,
86,13,SDC,SDC_FLAGGED,0,kernel_reported_fail,,HeCBench/results/llvm17_inject/entropy/float/site86_bit13.out,,,,,,,,,,,,,,,,
86,14,SDC,SDC_FLAGGED,0,kernel_reported_fail,,HeCBench/results/llvm17_inject/entropy/float/site86_bit14.out,,,,,,,,,,,,,,,,
86,15,SDC,SDC_FLAGGED,0,kernel_reported_fail,,HeCBench/results/llvm17_inject/entropy/float/site86_bit15.out,,,,,,,,,,,,,,,,
86,16,SDC,SDC_FLAGGED,0,kernel_reported_fail,,HeCBench/results/llvm17_inject/entropy/float/site86_bit16.out,,,,,,,,,,,,,,,,
86,17,SDC,SDC_FLAGGED,0,kernel_reported_fail,,HeCBench/results/llvm17_inject/entropy/float/site86_bit17.out,,,,,,,,,,,,,,,,
86,18,SDC,SDC_FLAGGED,0,kernel_reported_fail,,HeCBench/results/llvm17_inject/entropy/float/site86_bit18.out,,,,,,,,,,,,,,,,
86,19,SDC,SDC_FLAGGED,0,kernel_reported_fail,,HeCBench/results/llvm17_inject/entropy/float/site86_bit19.out,,,,,,,,,,,,,,,,
86,20,SDC,SDC_FLAGGED,0,kernel_reported_fail,,HeCBench/results/llvm17_inject/entropy/float/site86_bit20.out,,,,,,,,,,,,,,,,
86,21,SDC,SDC_FLAGGED,0,kernel_reported_fail,,HeCBench/results/llvm17_inject/entropy/float/site86_bit21.out,,,,,,,,,,,,,,,,
86,22,SDC,SDC_FLAGGED,0,kernel_reported_fail,,HeCBench/results/llvm17_inject/entropy/float/site86_bit22.out,,,,,,,,,,,,,,,,
86,23,SDC,SDC_FLAGGED,0,kernel_reported_fail,,HeCBench/results/llvm17_inject/entropy/float/site86_bit23.out,,,,,,,,,,,,,,,,
86,24,SDC,SDC_FLAGGED,0,kernel_reported_fail,,HeCBench/results/llvm17_inject/entropy/float/site86_bit24.out,,,,,,,,,,,,,,,,
86,25,SDC,SDC_FLAGGED,0,kernel_reported_fail,,HeCBench/results/llvm17_inject/entropy/float/site86_bit25.out,,,,,,,,,,,,,,,,
86,26,SDC,SDC_FLAGGED,0,kernel_reported_fail,,HeCBench/results/llvm17_inject/entropy/float/site86_bit26.out,,,,,,,,,,,,,,,,
86,27,SDC,SDC_FLAGGED,0,kernel_reported_fail,,HeCBench/results/llvm17_inject/entropy/float/site86_bit27.out,,,,,,,,,,,,,,,,
86,28,SDC,SDC_FLAGGED,0,kernel_reported_fail,,HeCBench/results/llvm17_inject/entropy/float/site86_bit28.out,,,,,,,,,,,,,,,,
86,29,SDC,SDC_FLAGGED,0,kernel_reported_fail,,HeCBench/results/llvm17_inject/entropy/float/site86_bit29.out,,,,,,,,,,,,,,,,
86,30,SDC,SDC_FLAGGED,0,kernel_reported_fail,,HeCBench/results/llvm17_inject/entropy/float/site86_bit30.out,,,,,,,,,,,,,,,,
86,31,SDC,SDC_FLAGGED,0,kernel_reported_fail,,HeCBench/results/llvm17_inject/entropy/float/site86_bit31.out,,,,,,,,,,,,,,,,
87,0,MASKED,MASKED_UNFLAGGED,,,,HeCBench/results/llvm17_inject/entropy/float/site87_bit0.out,,,,,,,,,,,,,,,,
87,1,MASKED,MASKED_UNFLAGGED,,,,HeCBench/results/llvm17_inject/entropy/float/site87_bit1.out,,,,,,,,,,,,,,,,
87,2,MASKED,MASKED_UNFLAGGED,,,,HeCBench/results/llvm17_inject/entropy/float/site87_bit2.out,,,,,,,,,,,,,,,,
87,3,MASKED,MASKED_UNFLAGGED,,,,HeCBench/results/llvm17_inject/entropy/float/site87_bit3.out,,,,,,,,,,,,,,,,
87,4,MASKED,MASKED_UNFLAGGED,,,,HeCBench/results/llvm17_inject/entropy/float/site87_bit4.out,,,,,,,,,,,,,,,,
87,5,MASKED,MASKED_UNFLAGGED,,,,HeCBench/results/llvm17_inject/entropy/float/site87_bit5.out,,,,,,,,,,,,,,,,
87,6,MASKED,MASKED_UNFLAGGED,,,,HeCBench/results/llvm17_inject/entropy/float/site87_bit6.out,,,,,,,,,,,,,,,,
87,7,MASKED,MASKED_UNFLAGGED,,,,HeCBench/results/llvm17_inject/entropy/float/site87_bit7.out,,,,,,,,,,,,,,,,
87,8,MASKED,MASKED_UNFLAGGED,,,,HeCBench/results/llvm17_inject/entropy/float/site87_bit8.out,,,,,,,,,,,,,,,,
87,9,MASKED,MASKED_UNFLAGGED,,,,HeCBench/results/llvm17_inject/entropy/float/site87_bit9.out,,,,,,,,,,,,,,,,
87,10,MASKED,MASKED_UNFLAGGED,,,,HeCBench/results/llvm17_inject/entropy/float/site87_bit10.out,,,,,,,,,,,,,,,,
87,11,MASKED,MASKED_UNFLAGGED,,,,HeCBench/results/llvm17_inject/entropy/float/site87_bit11.out,,,,,,,,,,,,,,,,
87,12,MASKED,MASKED_UNFLAGGED,,,,HeCBench/results/llvm17_inject/entropy/float/site87_bit12.out,,,,,,,,,,,,,,,,
87,13,MASKED,MASKED_UNFLAGGED,,,,HeCBench/results/llvm17_inject/entropy/float/site87_bit13.out,,,,,,,,,,,,,,,,
87,14,MASKED,MASKED_UNFLAGGED,,,,HeCBench/results/llvm17_inject/entropy/float/site87_bit14.out,,,,,,,,,,,,,,,,
87,15,MASKED,MASKED_UNFLAGGED,,,,HeCBench/results/llvm17_inject/entropy/float/site87_bit15.out,,,,,,,,,,,,,,,,
87,16,MASKED,MASKED_UNFLAGGED,,,,HeCBench/results/llvm17_inject/entropy/float/site87_bit16.out,,,,,,,,,,,,,,,,
87,17,MASKED,MASKED_UNFLAGGED,,,,HeCBench/results/llvm17_inject/entropy/float/site87_bit17.out,,,,,,,,,,,,,,,,
87,18,MASKED,MASKED_UNFLAGGED,,,,HeCBench/results/llvm17_inject/entropy/float/site87_bit18.out,,,,,,,,,,,,,,,,
87,19,MASKED,MASKED_UNFLAGGED,,,,HeCBench/results/llvm17_inject/entropy/float/site87_bit19.out,,,,,,,,,,,,,,,,
87,20,MASKED,MASKED_UNFLAGGED,,,,HeCBench/results/llvm17_inject/entropy/float/site87_bit20.out,,,,,,,,,,,,,,,,
87,21,MASKED,MASKED_UNFLAGGED,,,,HeCBench/results/llvm17_inject/entropy/float/site87_bit21.out,,,,,,,,,,,,,,,,
87,22,MASKED,MASKED_UNFLAGGED,,,,HeCBench/results/llvm17_inject/entropy/float/site87_bit22.out,,,,,,,,,,,,,,,,
87,23,MASKED,MASKED_UNFLAGGED,,,,HeCBench/results/llvm17_inject/entropy/float/site87_bit23.out,,,,,,,,,,,,,,,,
87,24,SDC,SDC_FLAGGED,0,kernel_reported_fail,,HeCBench/results/llvm17_inject/entropy/float/site87_bit24.out,,,,,,,,,,,,,,,,
87,25,SDC,SDC_FLAGGED,0,kernel_reported_fail,,HeCBench/results/llvm17_inject/entropy/float/site87_bit25.out,,,,,,,,,,,,,,,,
87,26,SDC,SDC_FLAGGED,0,kernel_reported_fail,,HeCBench/results/llvm17_inject/entropy/float/site87_bit26.out,,,,,,,,,,,,,,,,
87,27,SDC,SDC_FLAGGED,0,kernel_reported_fail,,HeCBench/results/llvm17_inject/entropy/float/site87_bit27.out,,,,,,,,,,,,,,,,
87,28,SDC,SDC_FLAGGED,0,kernel_reported_fail,,HeCBench/results/llvm17_inject/entropy/float/site87_bit28.out,,,,,,,,,,,,,,,,
87,29,SDC,SDC_FLAGGED,0,kernel_reported_fail,,HeCBench/results/llvm17_inject/entropy/float/site87_bit29.out,,,,,,,,,,,,,,,,
87,30,SDC,SDC_FLAGGED,0,kernel_reported_fail,,HeCBench/results/llvm17_inject/entropy/float/site87_bit30.out,,,,,,,,,,,,,,,,
87,31,SDC,SDC_FLAGGED,0,kernel_reported_fail,,HeCBench/results/llvm17_inject/entropy/float/site87_bit31.out,,,,,,,,,,,,,,,,
88,0,MASKED,MASKED_UNFLAGGED,,,,HeCBench/results/llvm17_inject/entropy/float/site88_bit0.out,,,,,,,,,,,,,,,,
88,1,MASKED,MASKED_UNFLAGGED,,,,HeCBench/results/llvm17_inject/entropy/float/site88_bit1.out,,,,,,,,,,,,,,,,
88,2,MASKED,MASKED_UNFLAGGED,,,,HeCBench/results/llvm17_inject/entropy/float/site88_bit2.out,,,,,,,,,,,,,,,,
88,3,MASKED,MASKED_UNFLAGGED,,,,HeCBench/results/llvm17_inject/entropy/float/site88_bit3.out,,,,,,,,,,,,,,,,
88,4,MASKED,MASKED_UNFLAGGED,,,,HeCBench/results/llvm17_inject/entropy/float/site88_bit4.out,,,,,,,,,,,,,,,,
88,5,MASKED,MASKED_UNFLAGGED,,,,HeCBench/results/llvm17_inject/entropy/float/site88_bit5.out,,,,,,,,,,,,,,,,
88,6,MASKED,MASKED_UNFLAGGED,,,,HeCBench/results/llvm17_inject/entropy/float/site88_bit6.out,,,,,,,,,,,,,,,,
88,7,MASKED,MASKED_UNFLAGGED,,,,HeCBench/results/llvm17_inject/entropy/float/site88_bit7.out,,,,,,,,,,,,,,,,
88,8,MASKED,MASKED_UNFLAGGED,,,,HeCBench/results/llvm17_inject/entropy/float/site88_bit8.out,,,,,,,,,,,,,,,,
88,9,MASKED,MASKED_UNFLAGGED,,,,HeCBench/results/llvm17_inject/entropy/float/site88_bit9.out,,,,,,,,,,,,,,,,
88,10,MASKED,MASKED_UNFLAGGED,,,,HeCBench/results/llvm17_inject/entropy/float/site88_bit10.out,,,,,,,,,,,,,,,,
88,11,MASKED,MASKED_UNFLAGGED,,,,HeCBench/results/llvm17_inject/entropy/float/site88_bit11.out,,,,,,,,,,,,,,,,
88,12,MASKED,MASKED_UNFLAGGED,,,,HeCBench/results/llvm17_inject/entropy/float/site88_bit12.out,,,,,,,,,,,,,,,,
88,13,MASKED,MASKED_UNFLAGGED,,,,HeCBench/results/llvm17_inject/entropy/float/site88_bit13.out,,,,,,,,,,,,,,,,
88,14,MASKED,MASKED_UNFLAGGED,,,,HeCBench/results/llvm17_inject/entropy/float/site88_bit14.out,,,,,,,,,,,,,,,,
88,15,MASKED,MASKED_UNFLAGGED,,,,HeCBench/results/llvm17_inject/entropy/float/site88_bit15.out,,,,,,,,,,,,,,,,
88,16,MASKED,MASKED_UNFLAGGED,,,,HeCBench/results/llvm17_inject/entropy/float/site88_bit16.out,,,,,,,,,,,,,,,,
88,17,MASKED,MASKED_UNFLAGGED,,,,HeCBench/results/llvm17_inject/entropy/float/site88_bit17.out,,,,,,,,,,,,,,,,
88,18,MASKED,MASKED_UNFLAGGED,,,,HeCBench/results/llvm17_inject/entropy/float/site88_bit18.out,,,,,,,,,,,,,,,,
88,19,MASKED,MASKED_UNFLAGGED,,,,HeCBench/results/llvm17_inject/entropy/float/site88_bit19.out,,,,,,,,,,,,,,,,
88,20,MASKED,MASKED_UNFLAGGED,,,,HeCBench/results/llvm17_inject/entropy/float/site88_bit20.out,,,,,,,,,,,,,,,,
88,21,MASKED,MASKED_UNFLAGGED,,,,HeCBench/results/llvm17_inject/entropy/float/site88_bit21.out,,,,,,,,,,,,,,,,
88,22,MASKED,MASKED_UNFLAGGED,,,,HeCBench/results/llvm17_inject/entropy/float/site88_bit22.out,,,,,,,,,,,,,,,,
88,23,MASKED,MASKED_UNFLAGGED,,,,HeCBench/results/llvm17_inject/entropy/float/site88_bit23.out,,,,,,,,,,,,,,,,
88,24,SDC,SDC_FLAGGED,0,kernel_reported_fail,,HeCBench/results/llvm17_inject/entropy/float/site88_bit24.out,,,,,,,,,,,,,,,,
88,25,SDC,SDC_FLAGGED,0,kernel_reported_fail,,HeCBench/results/llvm17_inject/entropy/float/site88_bit25.out,,,,,,,,,,,,,,,,
88,26,SDC,SDC_FLAGGED,0,kernel_reported_fail,,HeCBench/results/llvm17_inject/entropy/float/site88_bit26.out,,,,,,,,,,,,,,,,
88,27,SDC,SDC_FLAGGED,0,kernel_reported_fail,,HeCBench/results/llvm17_inject/entropy/float/site88_bit27.out,,,,,,,,,,,,,,,,
88,28,SDC,SDC_FLAGGED,0,kernel_reported_fail,,HeCBench/results/llvm17_inject/entropy/float/site88_bit28.out,,,,,,,,,,,,,,,,
88,29,SDC,SDC_FLAGGED,0,kernel_reported_fail,,HeCBench/results/llvm17_inject/entropy/float/site88_bit29.out,,,,,,,,,,,,,,,,
88,30,SDC,SDC_FLAGGED,0,kernel_reported_fail,,HeCBench/results/llvm17_inject/entropy/float/site88_bit30.out,,,,,,,,,,,,,,,,
88,31,SDC,SDC_FLAGGED,0,kernel_reported_fail,,HeCBench/results/llvm17_inject/entropy/float/site88_bit31.out,,,,,,,,,,,,,,,,
89,0,MASKED,MASKED_UNFLAGGED,,,,HeCBench/results/llvm17_inject/entropy/float/site89_bit0.out,,,,,,,,,,,,,,,,
89,1,MASKED,MASKED_UNFLAGGED,,,,HeCBench/results/llvm17_inject/entropy/float/site89_bit1.out,,,,,,,,,,,,,,,,
89,2,MASKED,MASKED_UNFLAGGED,,,,HeCBench/results/llvm17_inject/entropy/float/site89_bit2.out,,,,,,,,,,,,,,,,
89,3,MASKED,MASKED_UNFLAGGED,,,,HeCBench/results/llvm17_inject/entropy/float/site89_bit3.out,,,,,,,,,,,,,,,,
89,4,SDC,SDC_NOTFLAGGED,,,,HeCBench/results/llvm17_inject/entropy/float/site89_bit4.out,,,,,,,,,,,,,,1187357,260410,67108872
89,5,SDC,SDC_NOTFLAGGED,,,,HeCBench/results/llvm17_inject/entropy/float/site89_bit5.out,,,,,,,,,,,,,,2372500,520804,67108872
89,6,SDC,SDC_NOTFLAGGED,,,,HeCBench/results/llvm17_inject/entropy/float/site89_bit6.out,,,,,,,,,,,,,,4744058,1041759,67108872
89,7,SDC,SDC_NOTFLAGGED,,,,HeCBench/results/llvm17_inject/entropy/float/site89_bit7.out,,,,,,,,,,,,,,9483636,2082620,67108872
89,8,SDC,SDC_NOTFLAGGED,,,,HeCBench/results/llvm17_inject/entropy/float/site89_bit8.out,,,,,,,,,,,,,,18960650,4164420,67108872
89,9,SDC,SDC_NOTFLAGGED,,,,HeCBench/results/llvm17_inject/entropy/float/site89_bit9.out,,,,,,,,,,,,,,37918772,8328457,67108872
89,10,SDC,SDC_NOTFLAGGED,,,,HeCBench/results/llvm17_inject/entropy/float/site89_bit10.out,,,,,,,,,,,,,,75833452,16655831,67108872
89,11,SDC,SDC_NOTFLAGGED,,,,HeCBench/results/llvm17_inject/entropy/float/site89_bit11.out,,,,,,,,,,,,,,151672066,33312299,67108872
89,12,SDC,SDC_NOTFLAGGED,,,,HeCBench/results/llvm17_inject/entropy/float/site89_bit12.out,,,,,,,,,,,,,,303352744,66627532,67108872
89,13,SDC,SDC_NOTFLAGGED,,,,HeCBench/results/llvm17_inject/entropy/float/site89_bit13.out,,,,,,,,,,,,,,303352744,66627532,67108872
89,14,SDC,SDC_NOTFLAGGED,,,,HeCBench/results/llvm17_inject/entropy/float/site89_bit14.out,,,,,,,,,,,,,,303352744,66627532,67108872
89,15,SDC,SDC_NOTFLAGGED,,,,HeCBench/results/llvm17_inject/entropy/float/site89_bit15.out,,,,,,,,,,,,,,303352744,66627532,67108872
89,16,SDC,SDC_NOTFLAGGED,,,,HeCBench/results/llvm17_inject/entropy/float/site89_bit16.out,,,,,,,,,,,,,,303352744,66627532,67108872
89,17,SDC,SDC_NOTFLAGGED,,,,HeCBench/results/llvm17_inject/entropy/float/site89_bit17.out,,,,,,,,,,,,,,303352744,66627532,67108872
89,18,SDC,SDC_NOTFLAGGED,,,,HeCBench/results/llvm17_inject/entropy/float/site89_bit18.out,,,,,,,,,,,,,,303352744,66627532,67108872
89,19,SDC,SDC_NOTFLAGGED,,,,HeCBench/results/llvm17_inject/entropy/float/site89_bit19.out,,,,,,,,,,,,,,303352744,66627532,67108872
89,20,SDC,SDC_NOTFLAGGED,,,,HeCBench/results/llvm17_inject/entropy/float/site89_bit20.out,,,,,,,,,,,,,,303352744,66627532,67108872
89,21,SDC,SDC_NOTFLAGGED,,,,HeCBench/results/llvm17_inject/entropy/float/site89_bit21.out,,,,,,,,,,,,,,303352744,66627532,67108872
89,22,SDC,SDC_NOTFLAGGED,,,,HeCBench/results/llvm17_inject/entropy/float/site89_bit22.out,,,,,,,,,,,,,,303352744,66627532,67108872
89,23,SDC,SDC_NOTFLAGGED,,,,HeCBench/results/llvm17_inject/entropy/float/site89_bit23.out,,,,,,,,,,,,,,303352744,66627532,67108872
89,24,SDC,SDC_NOTFLAGGED,,,,HeCBench/results/llvm17_inject/entropy/float/site89_bit24.out,,,,,,,,,,,,,,303352744,66627532,67108872
89,25,SDC,SDC_NOTFLAGGED,,,,HeCBench/results/llvm17_inject/entropy/float/site89_bit25.out,,,,,,,,,,,,,,303352744,66627532,67108872
89,26,SDC,SDC_NOTFLAGGED,,,,HeCBench/results/llvm17_inject/entropy/float/site89_bit26.out,,,,,,,,,,,,,,303352744,66627532,67108872
89,27,SDC,SDC_NOTFLAGGED,,,,HeCBench/results/llvm17_inject/entropy/float/site89_bit27.out,,,,,,,,,,,,,,303352744,66627532,67108872
89,28,SDC,SDC_NOTFLAGGED,,,,HeCBench/results/llvm17_inject/entropy/float/site89_bit28.out,,,,,,,,,,,,,,303352744,66627532,67108872
89,29,SDC,SDC_NOTFLAGGED,,,,HeCBench/results/llvm17_inject/entropy/float/site89_bit29.out,,,,,,,,,,,,,,303352744,66627532,67108872
89,30,SDC,SDC_NOTFLAGGED,,,,HeCBench/results/llvm17_inject/entropy/float/site89_bit30.out,,,,,,,,,,,,,,303352744,66627532,67108872
89,31,SDC,SDC_FLAGGED,0,kernel_reported_fail,,HeCBench/results/llvm17_inject/entropy/float/site89_bit31.out,,,,,,,,,,,,,,,,
89,32,DUE,FAILURE_NONHANG,parse_unknown,kernel_reported_fail,,HeCBench/results/llvm17_inject/entropy/float/site89_bit32.out,,,,,,,,,,,,,,,,
89,33,DUE,FAILURE_NONHANG,parse_unknown,kernel_reported_fail,,HeCBench/results/llvm17_inject/entropy/float/site89_bit33.out,,,,,,,,,,,,,,,,
89,34,DUE,FAILURE_NONHANG,parse_unknown,kernel_reported_fail,,HeCBench/results/llvm17_inject/entropy/float/site89_bit34.out,,,,,,,,,,,,,,,,
89,35,DUE,FAILURE_NONHANG,parse_unknown,kernel_reported_fail,,HeCBench/results/llvm17_inject/entropy/float/site89_bit35.out,,,,,,,,,,,,,,,,
89,36,DUE,FAILURE_NONHANG,parse_unknown,kernel_reported_fail,,HeCBench/results/llvm17_inject/entropy/float/site89_bit36.out,,,,,,,,,,,,,,,,
89,37,DUE,FAILURE_NONHANG,parse_unknown,kernel_reported_fail,,HeCBench/results/llvm17_inject/entropy/float/site89_bit37.out,,,,,,,,,,,,,,,,
89,38,DUE,FAILURE_NONHANG,parse_unknown,kernel_reported_fail,,HeCBench/results/llvm17_inject/entropy/float/site89_bit38.out,,,,,,,,,,,,,,,,
89,39,DUE,FAILURE_NONHANG,parse_unknown,kernel_reported_fail,,HeCBench/results/llvm17_inject/entropy/float/site89_bit39.out,,,,,,,,,,,,,,,,
89,40,DUE,FAILURE_NONHANG,parse_unknown,kernel_reported_fail,,HeCBench/results/llvm17_inject/entropy/float/site89_bit40.out,,,,,,,,,,,,,,,,
89,41,DUE,FAILURE_NONHANG,parse_unknown,kernel_reported_fail,,HeCBench/results/llvm17_inject/entropy/float/site89_bit41.out,,,,,,,,,,,,,,,,
89,42,DUE,FAILURE_NONHANG,parse_unknown,kernel_reported_fail,,HeCBench/results/llvm17_inject/entropy/float/site89_bit42.out,,,,,,,,,,,,,,,,
89,43,DUE,FAILURE_NONHANG,parse_unknown,kernel_reported_fail,,HeCBench/results/llvm17_inject/entropy/float/site89_bit43.out,,,,,,,,,,,,,,,,
89,44,DUE,FAILURE_NONHANG,parse_unknown,kernel_reported_fail,,HeCBench/results/llvm17_inject/entropy/float/site89_bit44.out,,,,,,,,,,,,,,,,
89,45,DUE,FAILURE_NONHANG,parse_unknown,kernel_reported_fail,,HeCBench/results/llvm17_inject/entropy/float/site89_bit45.out,,,,,,,,,,,,,,,,
89,46,DUE,FAILURE_NONHANG,parse_unknown,kernel_reported_fail,,HeCBench/results/llvm17_inject/entropy/float/site89_bit46.out,,,,,,,,,,,,,,,,
89,47,DUE,FAILURE_NONHANG,parse_unknown,kernel_reported_fail,,HeCBench/results/llvm17_inject/entropy/float/site89_bit47.out,,,,,,,,,,,,,,,,
89,48,DUE,FAILURE_NONHANG,parse_unknown,kernel_reported_fail,,HeCBench/results/llvm17_inject/entropy/float/site89_bit48.out,,,,,,,,,,,,,,,,
89,49,DUE,FAILURE_NONHANG,parse_unknown,kernel_reported_fail,,HeCBench/results/llvm17_inject/entropy/float/site89_bit49.out,,,,,,,,,,,,,,,,
89,50,DUE,FAILURE_NONHANG,parse_unknown,kernel_reported_fail,,HeCBench/results/llvm17_inject/entropy/float/site89_bit50.out,,,,,,,,,,,,,,,,
89,51,DUE,FAILURE_NONHANG,parse_unknown,kernel_reported_fail,,HeCBench/results/llvm17_inject/entropy/float/site89_bit51.out,,,,,,,,,,,,,,,,
89,52,DUE,FAILURE_NONHANG,parse_unknown,kernel_reported_fail,,HeCBench/results/llvm17_inject/entropy/float/site89_bit52.out,,,,,,,,,,,,,,,,
89,53,DUE,FAILURE_NONHANG,parse_unknown,kernel_reported_fail,,HeCBench/results/llvm17_inject/entropy/float/site89_bit53.out,,,,,,,,,,,,,,,,
89,54,DUE,FAILURE_NONHANG,parse_unknown,kernel_reported_fail,,HeCBench/results/llvm17_inject/entropy/float/site89_bit54.out,,,,,,,,,,,,,,,,
89,55,DUE,FAILURE_NONHANG,parse_unknown,kernel_reported_fail,,HeCBench/results/llvm17_inject/entropy/float/site89_bit55.out,,,,,,,,,,,,,,,,
89,56,DUE,FAILURE_NONHANG,parse_unknown,kernel_reported_fail,,HeCBench/results/llvm17_inject/entropy/float/site89_bit56.out,,,,,,,,,,,,,,,,
89,57,DUE,FAILURE_NONHANG,parse_unknown,kernel_reported_fail,,HeCBench/results/llvm17_inject/entropy/float/site89_bit57.out,,,,,,,,,,,,,,,,
89,58,DUE,FAILURE_NONHANG,parse_unknown,kernel_reported_fail,,HeCBench/results/llvm17_inject/entropy/float/site89_bit58.out,,,,,,,,,,,,,,,,
89,59,DUE,FAILURE_NONHANG,parse_unknown,kernel_reported_fail,,HeCBench/results/llvm17_inject/entropy/float/site89_bit59.out,,,,,,,,,,,,,,,,
89,60,DUE,FAILURE_NONHANG,parse_unknown,kernel_reported_fail,,HeCBench/results/llvm17_inject/entropy/float/site89_bit60.out,,,,,,,,,,,,,,,,
89,61,DUE,FAILURE_NONHANG,parse_unknown,kernel_reported_fail,,HeCBench/results/llvm17_inject/entropy/float/site89_bit61.out,,,,,,,,,,,,,,,,
89,62,DUE,FAILURE_NONHANG,parse_unknown,kernel_reported_fail,,HeCBench/results/llvm17_inject/entropy/float/site89_bit62.out,,,,,,,,,,,,,,,,
89,63,DUE,FAILURE_NONHANG,parse_unknown,kernel_reported_fail,,HeCBench/results/llvm17_inject/entropy/float/site89_bit63.out,,,,,,,,,,,,,,,,
90,0,MASKED,MASKED_UNFLAGGED,,,,HeCBench/results/llvm17_inject/entropy/float/site90_bit0.out,,,,,,,,,,,,,,,,
90,1,MASKED,MASKED_UNFLAGGED,,,,HeCBench/results/llvm17_inject/entropy/float/site90_bit1.out,,,,,,,,,,,,,,,,
90,2,MASKED,MASKED_UNFLAGGED,,,,HeCBench/results/llvm17_inject/entropy/float/site90_bit2.out,,,,,,,,,,,,,,,,
90,3,MASKED,MASKED_UNFLAGGED,,,,HeCBench/results/llvm17_inject/entropy/float/site90_bit3.out,,,,,,,,,,,,,,,,
90,4,MASKED,MASKED_UNFLAGGED,,,,HeCBench/results/llvm17_inject/entropy/float/site90_bit4.out,,,,,,,,,,,,,,,,
90,5,MASKED,MASKED_UNFLAGGED,,,,HeCBench/results/llvm17_inject/entropy/float/site90_bit5.out,,,,,,,,,,,,,,,,
90,6,MASKED,MASKED_UNFLAGGED,,,,HeCBench/results/llvm17_inject/entropy/float/site90_bit6.out,,,,,,,,,,,,,,,,
90,7,MASKED,MASKED_UNFLAGGED,,,,HeCBench/results/llvm17_inject/entropy/float/site90_bit7.out,,,,,,,,,,,,,,,,
90,8,SDC,SDC_NOTFLAGGED,,,,HeCBench/results/llvm17_inject/entropy/float/site90_bit8.out,,,,,,,,,,,,,,303352744,66627532,67108872
90,9,SDC,SDC_NOTFLAGGED,,,,HeCBench/results/llvm17_inject/entropy/float/site90_bit9.out,,,,,,,,,,,,,,303352744,66627532,67108872
90,10,SDC,SDC_NOTFLAGGED,,,,HeCBench/results/llvm17_inject/entropy/float/site90_bit10.out,,,,,,,,,,,,,,303352744,66627532,67108872
90,11,SDC,SDC_NOTFLAGGED,,,,HeCBench/results/llvm17_inject/entropy/float/site90_bit11.out,,,,,,,,,,,,,,303352744,66627532,67108872
90,12,SDC,SDC_NOTFLAGGED,,,,HeCBench/results/llvm17_inject/entropy/float/site90_bit12.out,,,,,,,,,,,,,,303352744,66627532,67108872
90,13,SDC,SDC_NOTFLAGGED,,,,HeCBench/results/llvm17_inject/entropy/float/site90_bit13.out,,,,,,,,,,,,,,303352744,66627532,67108872
90,14,SDC,SDC_NOTFLAGGED,,,,HeCBench/results/llvm17_inject/entropy/float/site90_bit14.out,,,,,,,,,,,,,,303352744,66627532,67108872
90,15,SDC,SDC_NOTFLAGGED,,,,HeCBench/results/llvm17_inject/entropy/float/site90_bit15.out,,,,,,,,,,,,,,303352744,66627532,67108872
90,16,SDC,SDC_NOTFLAGGED,,,,HeCBench/results/llvm17_inject/entropy/float/site90_bit16.out,,,,,,,,,,,,,,303352744,66627532,67108872
90,17,SDC,SDC_NOTFLAGGED,,,,HeCBench/results/llvm17_inject/entropy/float/site90_bit17.out,,,,,,,,,,,,,,303352744,66627532,67108872
90,18,SDC,SDC_NOTFLAGGED,,,,HeCBench/results/llvm17_inject/entropy/float/site90_bit18.out,,,,,,,,,,,,,,303352744,66627532,67108872
90,19,SDC,SDC_NOTFLAGGED,,,,HeCBench/results/llvm17_inject/entropy/float/site90_bit19.out,,,,,,,,,,,,,,303352744,66627532,67108872
90,20,SDC,SDC_NOTFLAGGED,,,,HeCBench/results/llvm17_inject/entropy/float/site90_bit20.out,,,,,,,,,,,,,,303352744,66627532,67108872
90,21,SDC,SDC_NOTFLAGGED,,,,HeCBench/results/llvm17_inject/entropy/float/site90_bit21.out,,,,,,,,,,,,,,303352744,66627532,67108872
90,22,SDC,SDC_NOTFLAGGED,,,,HeCBench/results/llvm17_inject/entropy/float/site90_bit22.out,,,,,,,,,,,,,,303352744,66627532,67108872
90,23,SDC,SDC_NOTFLAGGED,,,,HeCBench/results/llvm17_inject/entropy/float/site90_bit23.out,,,,,,,,,,,,,,303352744,66627532,67108872
90,24,SDC,SDC_NOTFLAGGED,,,,HeCBench/results/llvm17_inject/entropy/float/site90_bit24.out,,,,,,,,,,,,,,303352744,66627532,67108872
90,25,SDC,SDC_NOTFLAGGED,,,,HeCBench/results/llvm17_inject/entropy/float/site90_bit25.out,,,,,,,,,,,,,,303352744,66627532,67108872
90,26,SDC,SDC_NOTFLAGGED,,,,HeCBench/results/llvm17_inject/entropy/float/site90_bit26.out,,,,,,,,,,,,,,303352744,66627532,67108872
90,27,SDC,SDC_FLAGGED,0,kernel_reported_fail,,HeCBench/results/llvm17_inject/entropy/float/site90_bit27.out,,,,,,,,,,,,,,,,
90,28,MASKED,MASKED_UNFLAGGED,,,,HeCBench/results/llvm17_inject/entropy/float/site90_bit28.out,,,,,,,,,,,,,,,,
90,29,MASKED,MASKED_UNFLAGGED,,,,HeCBench/results/llvm17_inject/entropy/float/site90_bit29.out,,,,,,,,,,,,,,,,
90,30,MASKED,MASKED_UNFLAGGED,,,,HeCBench/results/llvm17_inject/entropy/float/site90_bit30.out,,,,,,,,,,,,,,,,
90,31,MASKED,MASKED_UNFLAGGED,,,,HeCBench/results/llvm17_inject/entropy/float/site90_bit31.out,,,,,,,,,,,,,,,,
91,0,SDC,SDC_NOTFLAGGED,,,,HeCBench/results/llvm17_inject/entropy/float/site91_bit0.out,,,,,,,,,,,,,,17771856,3903884,67108872
91,1,SDC,SDC_NOTFLAGGED,,,,HeCBench/results/llvm17_inject/entropy/float/site91_bit1.out,,,,,,,,,,,,,,33613998,7385324,67108872
91,2,SDC,SDC_NOTFLAGGED,,,,HeCBench/results/llvm17_inject/entropy/float/site91_bit2.out,,,,,,,,,,,,,,60431629,13274083,67108872
91,3,SDC,SDC_NOTFLAGGED,,,,HeCBench/results/llvm17_inject/entropy/float/site91_bit3.out,,,,,,,,,,,,,,100720497,22122649,67108872
91,4,SDC,SDC_NOTFLAGGED,,,,HeCBench/results/llvm17_inject/entropy/float/site91_bit4.out,,,,,,,,,,,,,,302165387,66367122,67108872
91,5,SDC,SDC_NOTFLAGGED,,,,HeCBench/results/llvm17_inject/entropy/float/site91_bit5.out,,,,,,,,,,,,,,201446691,44245878,67108872
91,6,SDC,SDC_NOTFLAGGED,,,,HeCBench/results/llvm17_inject/entropy/float/site91_bit6.out,,,,,,,,,,,,,,241731190,53094693,67108872
91,7,SDC,SDC_NOTFLAGGED,,,,HeCBench/results/llvm17_inject/entropy/float/site91_bit7.out,,,,,,,,,,,,,,268982489,59080138,67108872
91,8,SDC,SDC_NOTFLAGGED,,,,HeCBench/results/llvm17_inject/entropy/float/site91_bit8.out,,,,,,,,,,,,,,284393019,62463081,67108872
91,9,SDC,SDC_NOTFLAGGED,,,,HeCBench/results/llvm17_inject/entropy/float/site91_bit9.out,,,,,,,,,,,,,,293874326,64545818,67108872
91,10,SDC,SDC_NOTFLAGGED,,,,HeCBench/results/llvm17_inject/entropy/float/site91_bit10.out,,,,,,,,,,,,,,298609336,65586479,67108872
91,11,SDC,SDC_NOTFLAGGED,,,,HeCBench/results/llvm17_inject/entropy/float/site91_bit11.out,,,,,,,,,,,,,,300981003,66106962,67108872
91,12,SDC,SDC_NOTFLAGGED,,,,HeCBench/results/llvm17_inject/entropy/float/site91_bit12.out,,,,,,,,,,,,,,302165387,66367122,67108872
91,13,SDC,SDC_NOTFLAGGED,,,,HeCBench/results/llvm17_inject/entropy/float/site91_bit13.out,,,,,,,,,,,,,,302165387,66367122,67108872
91,14,SDC,SDC_NOTFLAGGED,,,,HeCBench/results/llvm17_inject/entropy/float/site91_bit14.out,,,,,,,,,,,,,,302165387,66367122,67108872
91,15,SDC,SDC_NOTFLAGGED,,,,HeCBench/results/llvm17_inject/entropy/float/site91_bit15.out,,,,,,,,,,,,,,302165387,66367122,67108872
91,16,SDC,SDC_NOTFLAGGED,,,,HeCBench/results/llvm17_inject/entropy/float/site91_bit16.out,,,,,,,,,,,,,,302165387,66367122,67108872
91,17,SDC,SDC_NOTFLAGGED,,,,HeCBench/results/llvm17_inject/entropy/float/site91_bit17.out,,,,,,,,,,,,,,302165387,66367122,67108872
91,18,SDC,SDC_NOTFLAGGED,,,,HeCBench/results/llvm17_inject/entropy/float/site91_bit18.out,,,,,,,,,,,,,,302165387,66367122,67108872
91,19,SDC,SDC_NOTFLAGGED,,,,HeCBench/results/llvm17_inject/entropy/float/site91_bit19.out,,,,,,,,,,,,,,302165387,66367122,67108872
91,20,SDC,SDC_NOTFLAGGED,,,,HeCBench/results/llvm17_inject/entropy/float/site91_bit20.out,,,,,,,,,,,,,,302165387,66367122,67108872
91,21,SDC,SDC_NOTFLAGGED,,,,HeCBench/results/llvm17_inject/entropy/float/site91_bit21.out,,,,,,,,,,,,,,302165387,66367122,67108872
91,22,SDC,SDC_NOTFLAGGED,,,,HeCBench/results/llvm17_inject/entropy/float/site91_bit22.out,,,,,,,,,,,,,,302165387,66367122,67108872
91,23,SDC,SDC_NOTFLAGGED,,,,HeCBench/results/llvm17_inject/entropy/float/site91_bit23.out,,,,,,,,,,,,,,302165387,66367122,67108872
91,24,SDC,SDC_FLAGGED,0,kernel_reported_fail,,HeCBench/results/llvm17_inject/entropy/float/site91_bit24.out,,,,,,,,,,,,,,,,
91,25,SDC,SDC_FLAGGED,0,kernel_reported_fail,,HeCBench/results/llvm17_inject/entropy/float/site91_bit25.out,,,,,,,,,,,,,,,,
91,26,SDC,SDC_FLAGGED,0,kernel_reported_fail,,HeCBench/results/llvm17_inject/entropy/float/site91_bit26.out,,,,,,,,,,,,,,,,
91,27,SDC,SDC_FLAGGED,0,kernel_reported_fail,,HeCBench/results/llvm17_inject/entropy/float/site91_bit27.out,,,,,,,,,,,,,,,,
91,28,SDC,SDC_FLAGGED,0,kernel_reported_fail,,HeCBench/results/llvm17_inject/entropy/float/site91_bit28.out,,,,,,,,,,,,,,,,
91,29,SDC,SDC_FLAGGED,0,kernel_reported_fail,,HeCBench/results/llvm17_inject/entropy/float/site91_bit29.out,,,,,,,,,,,,,,,,
91,30,SDC,SDC_FLAGGED,0,kernel_reported_fail,,HeCBench/results/llvm17_inject/entropy/float/site91_bit30.out,,,,,,,,,,,,,,,,
91,31,SDC,SDC_FLAGGED,0,kernel_reported_fail,,HeCBench/results/llvm17_inject/entropy/float/site91_bit31.out,,,,,,,,,,,,,,,,
92,0,SDC,SDC_NOTFLAGGED,,,,HeCBench/results/llvm17_inject/entropy/float/site92_bit0.out,,,,,,,,,,,,,,74701,16382,67108872
92,1,SDC,SDC_NOTFLAGGED,,,,HeCBench/results/llvm17_inject/entropy/float/site92_bit1.out,,,,,,,,,,,,,,150550,32764,67108872
92,2,SDC,SDC_NOTFLAGGED,,,,HeCBench/results/llvm17_inject/entropy/float/site92_bit2.out,,,,,,,,,,,,,,298885,65296,67108872
92,3,SDC,SDC_NOTFLAGGED,,,,HeCBench/results/llvm17_inject/entropy/float/site92_bit3.out,,,,,,,,,,,,,,595755,130374,67108872
92,4,MASKED,MASKED_UNFLAGGED,,,,HeCBench/results/llvm17_inject/entropy/float/site92_bit4.out,,,,,,,,,,,,,,,,
92,5,MASKED,MASKED_UNFLAGGED,,,,HeCBench/results/llvm17_inject/entropy/float/site92_bit5.out,,,,,,,,,,,,,,,,
92,6,MASKED,MASKED_UNFLAGGED,,,,HeCBench/results/llvm17_inject/entropy/float/site92_bit6.out,,,,,,,,,,,,,,,,
92,7,MASKED,MASKED_UNFLAGGED,,,,HeCBench/results/llvm17_inject/entropy/float/site92_bit7.out,,,,,,,,,,,,,,,,
92,8,MASKED,MASKED_UNFLAGGED,,,,HeCBench/results/llvm17_inject/entropy/float/site92_bit8.out,,,,,,,,,,,,,,,,
92,9,MASKED,MASKED_UNFLAGGED,,,,HeCBench/results/llvm17_inject/entropy/float/site92_bit9.out,,,,,,,,,,,,,,,,
92,10,MASKED,MASKED_UNFLAGGED,,,,HeCBench/results/llvm17_inject/entropy/float/site92_bit10.out,,,,,,,,,,,,,,,,
92,11,MASKED,MASKED_UNFLAGGED,,,,HeCBench/results/llvm17_inject/entropy/float/site92_bit11.out,,,,,,,,,,,,,,,,
92,12,SDC,SDC_NOTFLAGGED,,,,HeCBench/results/llvm17_inject/entropy/float/site92_bit12.out,,,,,,,,,,,,,,303352744,66627532,67108872
92,13,SDC,SDC_NOTFLAGGED,,,,HeCBench/results/llvm17_inject/entropy/float/site92_bit13.out,,,,,,,,,,,,,,303352744,66627532,67108872
92,14,SDC,SDC_NOTFLAGGED,,,,HeCBench/results/llvm17_inject/entropy/float/site92_bit14.out,,,,,,,,,,,,,,303352744,66627532,67108872
92,15,SDC,SDC_NOTFLAGGED,,,,HeCBench/results/llvm17_inject/entropy/float/site92_bit15.out,,,,,,,,,,,,,,303352744,66627532,67108872
92,16,SDC,SDC_NOTFLAGGED,,,,HeCBench/results/llvm17_inject/entropy/float/site92_bit16.out,,,,,,,,,,,,,,303352744,66627532,67108872
92,17,SDC,SDC_NOTFLAGGED,,,,HeCBench/results/llvm17_inject/entropy/float/site92_bit17.out,,,,,,,,,,,,,,303352744,66627532,67108872
92,18,SDC,SDC_NOTFLAGGED,,,,HeCBench/results/llvm17_inject/entropy/float/site92_bit18.out,,,,,,,,,,,,,,303352744,66627532,67108872
92,19,SDC,SDC_NOTFLAGGED,,,,HeCBench/results/llvm17_inject/entropy/float/site92_bit19.out,,,,,,,,,,,,,,303352744,66627532,67108872
92,20,SDC,SDC_NOTFLAGGED,,,,HeCBench/results/llvm17_inject/entropy/float/site92_bit20.out,,,,,,,,,,,,,,303352744,66627532,67108872
92,21,SDC,SDC_NOTFLAGGED,,,,HeCBench/results/llvm17_inject/entropy/float/site92_bit21.out,,,,,,,,,,,,,,303352744,66627532,67108872
92,22,SDC,SDC_NOTFLAGGED,,,,HeCBench/results/llvm17_inject/entropy/float/site92_bit22.out,,,,,,,,,,,,,,303352744,66627532,67108872
92,23,SDC,SDC_NOTFLAGGED,,,,HeCBench/results/llvm17_inject/entropy/float/site92_bit23.out,,,,,,,,,,,,,,303352744,66627532,67108872
92,24,SDC,SDC_NOTFLAGGED,,,,HeCBench/results/llvm17_inject/entropy/float/site92_bit24.out,,,,,,,,,,,,,,303352744,66627532,67108872
92,25,SDC,SDC_NOTFLAGGED,,,,HeCBench/results/llvm17_inject/entropy/float/site92_bit25.out,,,,,,,,,,,,,,303352744,66627532,67108872
92,26,SDC,SDC_NOTFLAGGED,,,,HeCBench/results/llvm17_inject/entropy/float/site92_bit26.out,,,,,,,,,,,,,,303352744,66627532,67108872
92,27,SDC,SDC_NOTFLAGGED,,,,HeCBench/results/llvm17_inject/entropy/float/site92_bit27.out,,,,,,,,,,,,,,303352744,66627532,67108872
92,28,SDC,SDC_NOTFLAGGED,,,,HeCBench/results/llvm17_inject/entropy/float/site92_bit28.out,,,,,,,,,,,,,,303352744,66627532,67108872
92,29,SDC,SDC_NOTFLAGGED,,,,HeCBench/results/llvm17_inject/entropy/float/site92_bit29.out,,,,,,,,,,,,,,303352744,66627532,67108872
92,30,SDC,SDC_NOTFLAGGED,,,,HeCBench/results/llvm17_inject/entropy/float/site92_bit30.out,,,,,,,,,,,,,,303352744,66627532,67108872
92,31,SDC,SDC_FLAGGED,0,kernel_reported_fail,,HeCBench/results/llvm17_inject/entropy/float/site92_bit31.out,,,,,,,,,,,,,,,,
93,0,MASKED,MASKED_UNFLAGGED,,,,HeCBench/results/llvm17_inject/entropy/float/site93_bit0.out,,,,,,,,,,,,,,,,
93,1,MASKED,MASKED_UNFLAGGED,,,,HeCBench/results/llvm17_inject/entropy/float/site93_bit1.out,,,,,,,,,,,,,,,,
93,2,MASKED,MASKED_UNFLAGGED,,,,HeCBench/results/llvm17_inject/entropy/float/site93_bit2.out,,,,,,,,,,,,,,,,
93,3,MASKED,MASKED_UNFLAGGED,,,,HeCBench/results/llvm17_inject/entropy/float/site93_bit3.out,,,,,,,,,,,,,,,,
93,4,MASKED,MASKED_UNFLAGGED,,,,HeCBench/results/llvm17_inject/entropy/float/site93_bit4.out,,,,,,,,,,,,,,,,
93,5,MASKED,MASKED_UNFLAGGED,,,,HeCBench/results/llvm17_inject/entropy/float/site93_bit5.out,,,,,,,,,,,,,,,,
93,6,MASKED,MASKED_UNFLAGGED,,,,HeCBench/results/llvm17_inject/entropy/float/site93_bit6.out,,,,,,,,,,,,,,,,
93,7,MASKED,MASKED_UNFLAGGED,,,,HeCBench/results/llvm17_inject/entropy/float/site93_bit7.out,,,,,,,,,,,,,,,,
93,8,MASKED,MASKED_UNFLAGGED,,,,HeCBench/results/llvm17_inject/entropy/float/site93_bit8.out,,,,,,,,,,,,,,,,
93,9,MASKED,MASKED_UNFLAGGED,,,,HeCBench/results/llvm17_inject/entropy/float/site93_bit9.out,,,,,,,,,,,,,,,,
93,10,MASKED,MASKED_UNFLAGGED,,,,HeCBench/results/llvm17_inject/entropy/float/site93_bit10.out,,,,,,,,,,,,,,,,
93,11,MASKED,MASKED_UNFLAGGED,,,,HeCBench/results/llvm17_inject/entropy/float/site93_bit11.out,,,,,,,,,,,,,,,,
93,12,SDC,SDC_NOTFLAGGED,,,,HeCBench/results/llvm17_inject/entropy/float/site93_bit12.out,,,,,,,,,,,,,,303352744,66627532,67108872
93,13,SDC,SDC_NOTFLAGGED,,,,HeCBench/results/llvm17_inject/entropy/float/site93_bit13.out,,,,,,,,,,,,,,303352744,66627532,67108872
93,14,SDC,SDC_NOTFLAGGED,,,,HeCBench/results/llvm17_inject/entropy/float/site93_bit14.out,,,,,,,,,,,,,,303352744,66627532,67108872
93,15,SDC,SDC_NOTFLAGGED,,,,HeCBench/results/llvm17_inject/entropy/float/site93_bit15.out,,,,,,,,,,,,,,303352744,66627532,67108872
93,16,SDC,SDC_NOTFLAGGED,,,,HeCBench/results/llvm17_inject/entropy/float/site93_bit16.out,,,,,,,,,,,,,,303352744,66627532,67108872
93,17,SDC,SDC_NOTFLAGGED,,,,HeCBench/results/llvm17_inject/entropy/float/site93_bit17.out,,,,,,,,,,,,,,303352744,66627532,67108872
93,18,SDC,SDC_NOTFLAGGED,,,,HeCBench/results/llvm17_inject/entropy/float/site93_bit18.out,,,,,,,,,,,,,,303352744,66627532,67108872
93,19,SDC,SDC_NOTFLAGGED,,,,HeCBench/results/llvm17_inject/entropy/float/site93_bit19.out,,,,,,,,,,,,,,303352744,66627532,67108872
93,20,SDC,SDC_NOTFLAGGED,,,,HeCBench/results/llvm17_inject/entropy/float/site93_bit20.out,,,,,,,,,,,,,,303352744,66627532,67108872
93,21,SDC,SDC_NOTFLAGGED,,,,HeCBench/results/llvm17_inject/entropy/float/site93_bit21.out,,,,,,,,,,,,,,303352744,66627532,67108872
93,22,SDC,SDC_NOTFLAGGED,,,,HeCBench/results/llvm17_inject/entropy/float/site93_bit22.out,,,,,,,,,,,,,,303352744,66627532,67108872
93,23,SDC,SDC_NOTFLAGGED,,,,HeCBench/results/llvm17_inject/entropy/float/site93_bit23.out,,,,,,,,,,,,,,303352744,66627532,67108872
93,24,SDC,SDC_NOTFLAGGED,,,,HeCBench/results/llvm17_inject/entropy/float/site93_bit24.out,,,,,,,,,,,,,,303352744,66627532,67108872
93,25,SDC,SDC_NOTFLAGGED,,,,HeCBench/results/llvm17_inject/entropy/float/site93_bit25.out,,,,,,,,,,,,,,303352744,66627532,67108872
93,26,SDC,SDC_NOTFLAGGED,,,,HeCBench/results/llvm17_inject/entropy/float/site93_bit26.out,,,,,,,,,,,,,,303352744,66627532,67108872
93,27,SDC,SDC_NOTFLAGGED,,,,HeCBench/results/llvm17_inject/entropy/float/site93_bit27.out,,,,,,,,,,,,,,303352744,66627532,67108872
93,28,SDC,SDC_NOTFLAGGED,,,,HeCBench/results/llvm17_inject/entropy/float/site93_bit28.out,,,,,,,,,,,,,,303352744,66627532,67108872
93,29,SDC,SDC_NOTFLAGGED,,,,HeCBench/results/llvm17_inject/entropy/float/site93_bit29.out,,,,,,,,,,,,,,303352744,66627532,67108872
93,30,SDC,SDC_NOTFLAGGED,,,,HeCBench/results/llvm17_inject/entropy/float/site93_bit30.out,,,,,,,,,,,,,,303352744,66627532,67108872
93,31,SDC,SDC_FLAGGED,0,kernel_reported_fail,,HeCBench/results/llvm17_inject/entropy/float/site93_bit31.out,,,,,,,,,,,,,,,,
95,0,MASKED,MASKED_UNFLAGGED,,,,HeCBench/results/llvm17_inject/entropy/float/site95_bit0.out,,,,,,,,,,,,,,,,
95,1,MASKED,MASKED_UNFLAGGED,,,,HeCBench/results/llvm17_inject/entropy/float/site95_bit1.out,,,,,,,,,,,,,,,,
95,2,MASKED,MASKED_UNFLAGGED,,,,HeCBench/results/llvm17_inject/entropy/float/site95_bit2.out,,,,,,,,,,,,,,,,
95,3,MASKED,MASKED_UNFLAGGED,,,,HeCBench/results/llvm17_inject/entropy/float/site95_bit3.out,,,,,,,,,,,,,,,,
95,4,MASKED,MASKED_UNFLAGGED,,,,HeCBench/results/llvm17_inject/entropy/float/site95_bit4.out,,,,,,,,,,,,,,,,
95,5,MASKED,MASKED_UNFLAGGED,,,,HeCBench/results/llvm17_inject/entropy/float/site95_bit5.out,,,,,,,,,,,,,,,,
95,6,MASKED,MASKED_UNFLAGGED,,,,HeCBench/results/llvm17_inject/entropy/float/site95_bit6.out,,,,,,,,,,,,,,,,
95,7,MASKED,MASKED_UNFLAGGED,,,,HeCBench/results/llvm17_inject/entropy/float/site95_bit7.out,,,,,,,,,,,,,,,,
95,8,SDC,SDC_NOTFLAGGED,,,,HeCBench/results/llvm17_inject/entropy/float/site95_bit8.out,,,,,,,,,,,,,,303352744,66627532,67108872
95,9,SDC,SDC_NOTFLAGGED,,,,HeCBench/results/llvm17_inject/entropy/float/site95_bit9.out,,,,,,,,,,,,,,303352744,66627532,67108872
95,10,SDC,SDC_NOTFLAGGED,,,,HeCBench/results/llvm17_inject/entropy/float/site95_bit10.out,,,,,,,,,,,,,,303352744,66627532,67108872
95,11,SDC,SDC_NOTFLAGGED,,,,HeCBench/results/llvm17_inject/entropy/float/site95_bit11.out,,,,,,,,,,,,,,303352744,66627532,67108872
95,12,SDC,SDC_NOTFLAGGED,,,,HeCBench/results/llvm17_inject/entropy/float/site95_bit12.out,,,,,,,,,,,,,,303352744,66627532,67108872
95,13,SDC,SDC_NOTFLAGGED,,,,HeCBench/results/llvm17_inject/entropy/float/site95_bit13.out,,,,,,,,,,,,,,303352744,66627532,67108872
95,14,SDC,SDC_NOTFLAGGED,,,,HeCBench/results/llvm17_inject/entropy/float/site95_bit14.out,,,,,,,,,,,,,,303352744,66627532,67108872
95,15,SDC,SDC_NOTFLAGGED,,,,HeCBench/results/llvm17_inject/entropy/float/site95_bit15.out,,,,,,,,,,,,,,303352744,66627532,67108872
95,16,SDC,SDC_NOTFLAGGED,,,,HeCBench/results/llvm17_inject/entropy/float/site95_bit16.out,,,,,,,,,,,,,,303352744,66627532,67108872
95,17,SDC,SDC_NOTFLAGGED,,,,HeCBench/results/llvm17_inject/entropy/float/site95_bit17.out,,,,,,,,,,,,,,303352744,66627532,67108872
95,18,SDC,SDC_NOTFLAGGED,,,,HeCBench/results/llvm17_inject/entropy/float/site95_bit18.out,,,,,,,,,,,,,,303352744,66627532,67108872
95,19,SDC,SDC_NOTFLAGGED,,,,HeCBench/results/llvm17_inject/entropy/float/site95_bit19.out,,,,,,,,,,,,,,303352744,66627532,67108872
95,20,SDC,SDC_NOTFLAGGED,,,,HeCBench/results/llvm17_inject/entropy/float/site95_bit20.out,,,,,,,,,,,,,,303352744,66627532,67108872
95,21,SDC,SDC_NOTFLAGGED,,,,HeCBench/results/llvm17_inject/entropy/float/site95_bit21.out,,,,,,,,,,,,,,303352744,66627532,67108872
95,22,SDC,SDC_NOTFLAGGED,,,,HeCBench/results/llvm17_inject/entropy/float/site95_bit22.out,,,,,,,,,,,,,,303352744,66627532,67108872
95,23,SDC,SDC_NOTFLAGGED,,,,HeCBench/results/llvm17_inject/entropy/float/site95_bit23.out,,,,,,,,,,,,,,303352744,66627532,67108872
95,24,SDC,SDC_NOTFLAGGED,,,,HeCBench/results/llvm17_inject/entropy/float/site95_bit24.out,,,,,,,,,,,,,,303352744,66627532,67108872
95,25,SDC,SDC_NOTFLAGGED,,,,HeCBench/results/llvm17_inject/entropy/float/site95_bit25.out,,,,,,,,,,,,,,303352744,66627532,67108872
95,26,SDC,SDC_NOTFLAGGED,,,,HeCBench/results/llvm17_inject/entropy/float/site95_bit26.out,,,,,,,,,,,,,,303352744,66627532,67108872
95,27,SDC,SDC_NOTFLAGGED,,,,HeCBench/results/llvm17_inject/entropy/float/site95_bit27.out,,,,,,,,,,,,,,305920738,67107767,67108872
95,28,MASKED,MASKED_UNFLAGGED,,,,HeCBench/results/llvm17_inject/entropy/float/site95_bit28.out,,,,,,,,,,,,,,,,
95,29,MASKED,MASKED_UNFLAGGED,,,,HeCBench/results/llvm17_inject/entropy/float/site95_bit29.out,,,,,,,,,,,,,,,,
95,30,MASKED,MASKED_UNFLAGGED,,,,HeCBench/results/llvm17_inject/entropy/float/site95_bit30.out,,,,,,,,,,,,,,,,
95,31,MASKED,MASKED_UNFLAGGED,,,,HeCBench/results/llvm17_inject/entropy/float/site95_bit31.out,,,,,,,,,,,,,,,,
96,0,SDC,SDC_NOTFLAGGED,,,,HeCBench/results/llvm17_inject/entropy/float/site96_bit0.out,,,,,,,,,,,,,,17776548,3903872,67108872
96,1,SDC,SDC_NOTFLAGGED,,,,HeCBench/results/llvm17_inject/entropy/float/site96_bit1.out,,,,,,,,,,,,,,33613183,7384116,67108872
96,2,SDC,SDC_NOTFLAGGED,,,,HeCBench/results/llvm17_inject/entropy/float/site96_bit2.out,,,,,,,,,,,,,,60424667,13273442,67108872
96,3,SDC,SDC_NOTFLAGGED,,,,HeCBench/results/llvm17_inject/entropy/float/site96_bit3.out,,,,,,,,,,,,,,100717640,22121488,67108872
96,4,SDC,SDC_NOTFLAGGED,,,,HeCBench/results/llvm17_inject/entropy/float/site96_bit4.out,,,,,,,,,,,,,,302165065,66367013,67108872
96,5,SDC,SDC_NOTFLAGGED,,,,HeCBench/results/llvm17_inject/entropy/float/site96_bit5.out,,,,,,,,,,,,,,201445258,44244427,67108872
96,6,SDC,SDC_NOTFLAGGED,,,,HeCBench/results/llvm17_inject/entropy/float/site96_bit6.out,,,,,,,,,,,,,,241733863,53094276,67108872
96,7,SDC,SDC_NOTFLAGGED,,,,HeCBench/results/llvm17_inject/entropy/float/site96_bit7.out,,,,,,,,,,,,,,268983237,59079519,67108872
96,8,SDC,SDC_NOTFLAGGED,,,,HeCBench/results/llvm17_inject/entropy/float/site96_bit8.out,,,,,,,,,,,,,,284385917,62462673,67108872
96,9,SDC,SDC_NOTFLAGGED,,,,HeCBench/results/llvm17_inject/entropy/float/site96_bit9.out,,,,,,,,,,,,,,293871502,64545124,67108872
96,10,SDC,SDC_NOTFLAGGED,,,,HeCBench/results/llvm17_inject/entropy/float/site96_bit10.out,,,,,,,,,,,,,,298608595,65585779,67108872
96,11,SDC,SDC_NOTFLAGGED,,,,HeCBench/results/llvm17_inject/entropy/float/site96_bit11.out,,,,,,,,,,,,,,300981065,66106824,67108872
96,12,SDC,SDC_NOTFLAGGED,,,,HeCBench/results/llvm17_inject/entropy/float/site96_bit12.out,,,,,,,,,,,,,,302165065,66367013,67108872
96,13,SDC,SDC_NOTFLAGGED,,,,HeCBench/results/llvm17_inject/entropy/float/site96_bit13.out,,,,,,,,,,,,,,302165065,66367013,67108872
96,14,SDC,SDC_NOTFLAGGED,,,,HeCBench/results/llvm17_inject/entropy/float/site96_bit14.out,,,,,,,,,,,,,,302165065,66367013,67108872
96,15,SDC,SDC_NOTFLAGGED,,,,HeCBench/results/llvm17_inject/entropy/float/site96_bit15.out,,,,,,,,,,,,,,302165065,66367013,67108872
96,16,SDC,SDC_NOTFLAGGED,,,,HeCBench/results/llvm17_inject/entropy/float/site96_bit16.out,,,,,,,,,,,,,,302165065,66367013,67108872
96,17,SDC,SDC_NOTFLAGGED,,,,HeCBench/results/llvm17_inject/entropy/float/site96_bit17.out,,,,,,,,,,,,,,302165065,66367013,67108872
96,18,SDC,SDC_NOTFLAGGED,,,,HeCBench/results/llvm17_inject/entropy/float/site96_bit18.out,,,,,,,,,,,,,,302165065,66367013,67108872
96,19,SDC,SDC_NOTFLAGGED,,,,HeCBench/results/llvm17_inject/entropy/float/site96_bit19.out,,,,,,,,,,,,,,302165065,66367013,67108872
96,20,SDC,SDC_NOTFLAGGED,,,,HeCBench/results/llvm17_inject/entropy/float/site96_bit20.out,,,,,,,,,,,,,,302165065,66367013,67108872
96,21,SDC,SDC_NOTFLAGGED,,,,HeCBench/results/llvm17_inject/entropy/float/site96_bit21.out,,,,,,,,,,,,,,302165065,66367013,67108872
96,22,SDC,SDC_NOTFLAGGED,,,,HeCBench/results/llvm17_inject/entropy/float/site96_bit22.out,,,,,,,,,,,,,,302165065,66367013,67108872
96,23,SDC,SDC_NOTFLAGGED,,,,HeCBench/results/llvm17_inject/entropy/float/site96_bit23.out,,,,,,,,,,,,,,302165065,66367013,67108872
96,24,SDC,SDC_NOTFLAGGED,,,,HeCBench/results/llvm17_inject/entropy/float/site96_bit24.out,,,,,,,,,,,,,,303447618,66606781,67108872
96,25,SDC,SDC_NOTFLAGGED,,,,HeCBench/results/llvm17_inject/entropy/float/site96_bit25.out,,,,,,,,,,,,,,302255435,66345192,67108872
96,26,SDC,SDC_NOTFLAGGED,,,,HeCBench/results/llvm17_inject/entropy/float/site96_bit26.out,,,,,,,,,,,,,,299894937,65825778,67108872
96,27,SDC,SDC_NOTFLAGGED,,,,HeCBench/results/llvm17_inject/entropy/float/site96_bit27.out,,,,,,,,,,,,,,295160119,64785929,67108872
96,28,SDC,SDC_NOTFLAGGED,,,,HeCBench/results/llvm17_inject/entropy/float/site96_bit28.out,,,,,,,,,,,,,,285672106,62703115,67108872
96,29,SDC,SDC_NOTFLAGGED,,,,HeCBench/results/llvm17_inject/entropy/float/site96_bit29.out,,,,,,,,,,,,,,266721843,58540669,67108872
96,30,SDC,SDC_NOTFLAGGED,,,,HeCBench/results/llvm17_inject/entropy/float/site96_bit30.out,,,,,,,,,,,,,,228792137,50210859,67108872
96,31,SDC,SDC_NOTFLAGGED,,,,HeCBench/results/llvm17_inject/entropy/float/site96_bit31.out,,,,,,,,,,,,,,152958914,33553891,67108872
97,0,SDC,SDC_NOTFLAGGED,,,,HeCBench/results/llvm17_inject/entropy/float/site97_bit0.out,,,,,,,,,,,,,,74583,16376,67108872
97,1,SDC,SDC_NOTFLAGGED,,,,HeCBench/results/llvm17_inject/entropy/float/site97_bit1.out,,,,,,,,,,,,,,150431,32756,67108872
97,2,SDC,SDC_NOTFLAGGED,,,,HeCBench/results/llvm17_inject/entropy/float/site97_bit2.out,,,,,,,,,,,,,,298256,65279,67108872
97,3,SDC,SDC_NOTFLAGGED,,,,HeCBench/results/llvm17_inject/entropy/float/site97_bit3.out,,,,,,,,,,,,,,594855,130319,67108872
97,4,MASKED,MASKED_UNFLAGGED,,,,HeCBench/results/llvm17_inject/entropy/float/site97_bit4.out,,,,,,,,,,,,,,,,
97,5,MASKED,MASKED_UNFLAGGED,,,,HeCBench/results/llvm17_inject/entropy/float/site97_bit5.out,,,,,,,,,,,,,,,,
97,6,MASKED,MASKED_UNFLAGGED,,,,HeCBench/results/llvm17_inject/entropy/float/site97_bit6.out,,,,,,,,,,,,,,,,
97,7,MASKED,MASKED_UNFLAGGED,,,,HeCBench/results/llvm17_inject/entropy/float/site97_bit7.out,,,,,,,,,,,,,,,,
97,8,MASKED,MASKED_UNFLAGGED,,,,HeCBench/results/llvm17_inject/entropy/float/site97_bit8.out,,,,,,,,,,,,,,,,
97,9,MASKED,MASKED_UNFLAGGED,,,,HeCBench/results/llvm17_inject/entropy/float/site97_bit9.out,,,,,,,,,,,,,,,,
97,10,MASKED,MASKED_UNFLAGGED,,,,HeCBench/results/llvm17_inject/entropy/float/site97_bit10.out,,,,,,,,,,,,,,,,
97,11,MASKED,MASKED_UNFLAGGED,,,,HeCBench/results/llvm17_inject/entropy/float/site97_bit11.out,,,,,,,,,,,,,,,,
97,12,SDC,SDC_NOTFLAGGED,,,,HeCBench/results/llvm17_inject/entropy/float/site97_bit12.out,,,,,,,,,,,,,,303352744,66627532,67108872
97,13,SDC,SDC_NOTFLAGGED,,,,HeCBench/results/llvm17_inject/entropy/float/site97_bit13.out,,,,,,,,,,,,,,303352744,66627532,67108872
97,14,SDC,SDC_NOTFLAGGED,,,,HeCBench/results/llvm17_inject/entropy/float/site97_bit14.out,,,,,,,,,,,,,,303352744,66627532,67108872
97,15,SDC,SDC_NOTFLAGGED,,,,HeCBench/results/llvm17_inject/entropy/float/site97_bit15.out,,,,,,,,,,,,,,303352744,66627532,67108872
97,16,SDC,SDC_NOTFLAGGED,,,,HeCBench/results/llvm17_inject/entropy/float/site97_bit16.out,,,,,,,,,,,,,,303352744,66627532,67108872
97,17,SDC,SDC_NOTFLAGGED,,,,HeCBench/results/llvm17_inject/entropy/float/site97_bit17.out,,,,,,,,,,,,,,303352744,66627532,67108872
97,18,SDC,SDC_NOTFLAGGED,,,,HeCBench/results/llvm17_inject/entropy/float/site97_bit18.out,,,,,,,,,,,,,,303352744,66627532,67108872
97,19,SDC,SDC_NOTFLAGGED,,,,HeCBench/results/llvm17_inject/entropy/float/site97_bit19.out,,,,,,,,,,,,,,303352744,66627532,67108872
97,20,SDC,SDC_NOTFLAGGED,,,,HeCBench/results/llvm17_inject/entropy/float/site97_bit20.out,,,,,,,,,,,,,,303352744,66627532,67108872
97,21,SDC,SDC_NOTFLAGGED,,,,HeCBench/results/llvm17_inject/entropy/float/site97_bit21.out,,,,,,,,,,,,,,303352744,66627532,67108872
97,22,SDC,SDC_NOTFLAGGED,,,,HeCBench/results/llvm17_inject/entropy/float/site97_bit22.out,,,,,,,,,,,,,,303352744,66627532,67108872
97,23,SDC,SDC_NOTFLAGGED,,,,HeCBench/results/llvm17_inject/entropy/float/site97_bit23.out,,,,,,,,,,,,,,303352744,66627532,67108872
97,24,SDC,SDC_NOTFLAGGED,,,,HeCBench/results/llvm17_inject/entropy/float/site97_bit24.out,,,,,,,,,,,,,,303352744,66627532,67108872
97,25,SDC,SDC_NOTFLAGGED,,,,HeCBench/results/llvm17_inject/entropy/float/site97_bit25.out,,,,,,,,,,,,,,303352744,66627532,67108872
97,26,SDC,SDC_NOTFLAGGED,,,,HeCBench/results/llvm17_inject/entropy/float/site97_bit26.out,,,,,,,,,,,,,,303352744,66627532,67108872
97,27,SDC,SDC_NOTFLAGGED,,,,HeCBench/results/llvm17_inject/entropy/float/site97_bit27.out,,,,,,,,,,,,,,303352744,66627532,67108872
97,28,SDC,SDC_NOTFLAGGED,,,,HeCBench/results/llvm17_inject/entropy/float/site97_bit28.out,,,,,,,,,,,,,,303352744,66627532,67108872
97,29,SDC,SDC_NOTFLAGGED,,,,HeCBench/results/llvm17_inject/entropy/float/site97_bit29.out,,,,,,,,,,,,,,303352744,66627532,67108872
97,30,SDC,SDC_NOTFLAGGED,,,,HeCBench/results/llvm17_inject/entropy/float/site97_bit30.out,,,,,,,,,,,,,,303352744,66627532,67108872
97,31,SDC,SDC_NOTFLAGGED,,,,HeCBench/results/llvm17_inject/entropy/float/site97_bit31.out,,,,,,,,,,,,,,305920738,67107767,67108872
97,32,SDC,SDC_NOTFLAGGED,,,,HeCBench/results/llvm17_inject/entropy/float/site97_bit32.out,,,,,,,,,,,,,,305920738,67107767,67108872
97,33,SDC,SDC_NOTFLAGGED,,,,HeCBench/results/llvm17_inject/entropy/float/site97_bit33.out,,,,,,,,,,,,,,305920738,67107767,67108872
97,34,SDC,SDC_NOTFLAGGED,,,,HeCBench/results/llvm17_inject/entropy/float/site97_bit34.out,,,,,,,,,,,,,,305920738,67107767,67108872
97,35,SDC,SDC_NOTFLAGGED,,,,HeCBench/results/llvm17_inject/entropy/float/site97_bit35.out,,,,,,,,,,,,,,305920738,67107767,67108872
97,36,SDC,SDC_NOTFLAGGED,,,,HeCBench/results/llvm17_inject/entropy/float/site97_bit36.out,,,,,,,,,,,,,,305920738,67107767,67108872
97,37,SDC,SDC_NOTFLAGGED,,,,HeCBench/results/llvm17_inject/entropy/float/site97_bit37.out,,,,,,,,,,,,,,305920738,67107767,67108872
97,38,SDC,SDC_NOTFLAGGED,,,,HeCBench/results/llvm17_inject/entropy/float/site97_bit38.out,,,,,,,,,,,,,,305920738,67107767,67108872
97,39,SDC,SDC_NOTFLAGGED,,,,HeCBench/results/llvm17_inject/entropy/float/site97_bit39.out,,,,,,,,,,,,,,305920738,67107767,67108872
97,40,SDC,SDC_NOTFLAGGED,,,,HeCBench/results/llvm17_inject/entropy/float/site97_bit40.out,,,,,,,,,,,,,,305920738,67107767,67108872
97,41,SDC,SDC_NOTFLAGGED,,,,HeCBench/results/llvm17_inject/entropy/float/site97_bit41.out,,,,,,,,,,,,,,305920738,67107767,67108872
97,42,SDC,SDC_NOTFLAGGED,,,,HeCBench/results/llvm17_inject/entropy/float/site97_bit42.out,,,,,,,,,,,,,,305920738,67107767,67108872
97,43,SDC,SDC_NOTFLAGGED,,,,HeCBench/results/llvm17_inject/entropy/float/site97_bit43.out,,,,,,,,,,,,,,305920738,67107767,67108872
97,44,SDC,SDC_NOTFLAGGED,,,,HeCBench/results/llvm17_inject/entropy/float/site97_bit44.out,,,,,,,,,,,,,,305920738,67107767,67108872
97,45,SDC,SDC_NOTFLAGGED,,,,HeCBench/results/llvm17_inject/entropy/float/site97_bit45.out,,,,,,,,,,,,,,305920738,67107767,67108872
97,46,SDC,SDC_NOTFLAGGED,,,,HeCBench/results/llvm17_inject/entropy/float/site97_bit46.out,,,,,,,,,,,,,,305920738,67107767,67108872
97,47,SDC,SDC_NOTFLAGGED,,,,HeCBench/results/llvm17_inject/entropy/float/site97_bit47.out,,,,,,,,,,,,,,305920738,67107767,67108872
97,48,SDC,SDC_NOTFLAGGED,,,,HeCBench/results/llvm17_inject/entropy/float/site97_bit48.out,,,,,,,,,,,,,,305920738,67107767,67108872
97,49,SDC,SDC_NOTFLAGGED,,,,HeCBench/results/llvm17_inject/entropy/float/site97_bit49.out,,,,,,,,,,,,,,305920738,67107767,67108872
97,50,SDC,SDC_NOTFLAGGED,,,,HeCBench/results/llvm17_inject/entropy/float/site97_bit50.out,,,,,,,,,,,,,,305920738,67107767,67108872
97,51,SDC,SDC_NOTFLAGGED,,,,HeCBench/results/llvm17_inject/entropy/float/site97_bit51.out,,,,,,,,,,,,,,305920738,67107767,67108872
97,52,SDC,SDC_NOTFLAGGED,,,,HeCBench/results/llvm17_inject/entropy/float/site97_bit52.out,,,,,,,,,,,,,,305920738,67107767,67108872
97,53,SDC,SDC_NOTFLAGGED,,,,HeCBench/results/llvm17_inject/entropy/float/site97_bit53.out,,,,,,,,,,,,,,305920738,67107767,67108872
97,54,SDC,SDC_NOTFLAGGED,,,,HeCBench/results/llvm17_inject/entropy/float/site97_bit54.out,,,,,,,,,,,,,,305920738,67107767,67108872
97,55,SDC,SDC_NOTFLAGGED,,,,HeCBench/results/llvm17_inject/entropy/float/site97_bit55.out,,,,,,,,,,,,,,305920738,67107767,67108872
97,56,SDC,SDC_NOTFLAGGED,,,,HeCBench/results/llvm17_inject/entropy/float/site97_bit56.out,,,,,,,,,,,,,,305920738,67107767,67108872
97,57,SDC,SDC_NOTFLAGGED,,,,HeCBench/results/llvm17_inject/entropy/float/site97_bit57.out,,,,,,,,,,,,,,305920738,67107767,67108872
97,58,SDC,SDC_NOTFLAGGED,,,,HeCBench/results/llvm17_inject/entropy/float/site97_bit58.out,,,,,,,,,,,,,,305920738,67107767,67108872
97,59,SDC,SDC_NOTFLAGGED,,,,HeCBench/results/llvm17_inject/entropy/float/site97_bit59.out,,,,,,,,,,,,,,305920738,67107767,67108872
97,60,SDC,SDC_NOTFLAGGED,,,,HeCBench/results/llvm17_inject/entropy/float/site97_bit60.out,,,,,,,,,,,,,,305920738,67107767,67108872
97,61,SDC,SDC_NOTFLAGGED,,,,HeCBench/results/llvm17_inject/entropy/float/site97_bit61.out,,,,,,,,,,,,,,305920738,67107767,67108872
97,62,SDC,SDC_NOTFLAGGED,,,,HeCBench/results/llvm17_inject/entropy/float/site97_bit62.out,,,,,,,,,,,,,,305920738,67107767,67108872
97,63,SDC,SDC_NOTFLAGGED,,,,HeCBench/results/llvm17_inject/entropy/float/site97_bit63.out,,,,,,,,,,,,,,305920738,67107767,67108872
98,0,MASKED,MASKED_UNFLAGGED,,,,HeCBench/results/llvm17_inject/entropy/float/site98_bit0.out,,,,,,,,,,,,,,,,
98,1,MASKED,MASKED_UNFLAGGED,,,,HeCBench/results/llvm17_inject/entropy/float/site98_bit1.out,,,,,,,,,,,,,,,,
98,2,MASKED,MASKED_UNFLAGGED,,,,HeCBench/results/llvm17_inject/entropy/float/site98_bit2.out,,,,,,,,,,,,,,,,
98,3,MASKED,MASKED_UNFLAGGED,,,,HeCBench/results/llvm17_inject/entropy/float/site98_bit3.out,,,,,,,,,,,,,,,,
98,4,MASKED,MASKED_UNFLAGGED,,,,HeCBench/results/llvm17_inject/entropy/float/site98_bit4.out,,,,,,,,,,,,,,,,
98,5,MASKED,MASKED_UNFLAGGED,,,,HeCBench/results/llvm17_inject/entropy/float/site98_bit5.out,,,,,,,,,,,,,,,,
98,6,MASKED,MASKED_UNFLAGGED,,,,HeCBench/results/llvm17_inject/entropy/float/site98_bit6.out,,,,,,,,,,,,,,,,
98,7,MASKED,MASKED_UNFLAGGED,,,,HeCBench/results/llvm17_inject/entropy/float/site98_bit7.out,,,,,,,,,,,,,,,,
98,8,MASKED,MASKED_UNFLAGGED,,,,HeCBench/results/llvm17_inject/entropy/float/site98_bit8.out,,,,,,,,,,,,,,,,
98,9,MASKED,MASKED_UNFLAGGED,,,,HeCBench/results/llvm17_inject/entropy/float/site98_bit9.out,,,,,,,,,,,,,,,,
98,10,MASKED,MASKED_UNFLAGGED,,,,HeCBench/results/llvm17_inject/entropy/float/site98_bit10.out,,,,,,,,,,,,,,,,
98,11,MASKED,MASKED_UNFLAGGED,,,,HeCBench/results/llvm17_inject/entropy/float/site98_bit11.out,,,,,,,,,,,,,,,,
98,12,SDC,SDC_NOTFLAGGED,,,,HeCBench/results/llvm17_inject/entropy/float/site98_bit12.out,,,,,,,,,,,,,,303352744,66627532,67108872
98,13,SDC,SDC_NOTFLAGGED,,,,HeCBench/results/llvm17_inject/entropy/float/site98_bit13.out,,,,,,,,,,,,,,303352744,66627532,67108872
98,14,SDC,SDC_NOTFLAGGED,,,,HeCBench/results/llvm17_inject/entropy/float/site98_bit14.out,,,,,,,,,,,,,,303352744,66627532,67108872
98,15,SDC,SDC_NOTFLAGGED,,,,HeCBench/results/llvm17_inject/entropy/float/site98_bit15.out,,,,,,,,,,,,,,303352744,66627532,67108872
98,16,SDC,SDC_NOTFLAGGED,,,,HeCBench/results/llvm17_inject/entropy/float/site98_bit16.out,,,,,,,,,,,,,,303352744,66627532,67108872
98,17,SDC,SDC_NOTFLAGGED,,,,HeCBench/results/llvm17_inject/entropy/float/site98_bit17.out,,,,,,,,,,,,,,303352744,66627532,67108872
98,18,SDC,SDC_NOTFLAGGED,,,,HeCBench/results/llvm17_inject/entropy/float/site98_bit18.out,,,,,,,,,,,,,,303352744,66627532,67108872
98,19,SDC,SDC_NOTFLAGGED,,,,HeCBench/results/llvm17_inject/entropy/float/site98_bit19.out,,,,,,,,,,,,,,303352744,66627532,67108872
98,20,SDC,SDC_NOTFLAGGED,,,,HeCBench/results/llvm17_inject/entropy/float/site98_bit20.out,,,,,,,,,,,,,,303352744,66627532,67108872
98,21,SDC,SDC_NOTFLAGGED,,,,HeCBench/results/llvm17_inject/entropy/float/site98_bit21.out,,,,,,,,,,,,,,303352744,66627532,67108872
98,22,SDC,SDC_NOTFLAGGED,,,,HeCBench/results/llvm17_inject/entropy/float/site98_bit22.out,,,,,,,,,,,,,,303352744,66627532,67108872
98,23,SDC,SDC_NOTFLAGGED,,,,HeCBench/results/llvm17_inject/entropy/float/site98_bit23.out,,,,,,,,,,,,,,303352744,66627532,67108872
98,24,SDC,SDC_NOTFLAGGED,,,,HeCBench/results/llvm17_inject/entropy/float/site98_bit24.out,,,,,,,,,,,,,,303352744,66627532,67108872
98,25,SDC,SDC_NOTFLAGGED,,,,HeCBench/results/llvm17_inject/entropy/float/site98_bit25.out,,,,,,,,,,,,,,303352744,66627532,67108872
98,26,SDC,SDC_NOTFLAGGED,,,,HeCBench/results/llvm17_inject/entropy/float/site98_bit26.out,,,,,,,,,,,,,,303352744,66627532,67108872
98,27,SDC,SDC_NOTFLAGGED,,,,HeCBench/results/llvm17_inject/entropy/float/site98_bit27.out,,,,,,,,,,,,,,303352744,66627532,67108872
98,28,SDC,SDC_NOTFLAGGED,,,,HeCBench/results/llvm17_inject/entropy/float/site98_bit28.out,,,,,,,,,,,,,,303352744,66627532,67108872
98,29,SDC,SDC_NOTFLAGGED,,,,HeCBench/results/llvm17_inject/entropy/float/site98_bit29.out,,,,,,,,,,,,,,303352744,66627532,67108872
98,30,SDC,SDC_NOTFLAGGED,,,,HeCBench/results/llvm17_inject/entropy/float/site98_bit30.out,,,,,,,,,,,,,,303352744,66627532,67108872
98,31,SDC,SDC_NOTFLAGGED,,,,HeCBench/results/llvm17_inject/entropy/float/site98_bit31.out,,,,,,,,,,,,,,305920738,67107767,67108872
98,32,SDC,SDC_NOTFLAGGED,,,,HeCBench/results/llvm17_inject/entropy/float/site98_bit32.out,,,,,,,,,,,,,,305920738,67107767,67108872
98,33,SDC,SDC_NOTFLAGGED,,,,HeCBench/results/llvm17_inject/entropy/float/site98_bit33.out,,,,,,,,,,,,,,305920738,67107767,67108872
98,34,SDC,SDC_NOTFLAGGED,,,,HeCBench/results/llvm17_inject/entropy/float/site98_bit34.out,,,,,,,,,,,,,,305920738,67107767,67108872
98,35,SDC,SDC_NOTFLAGGED,,,,HeCBench/results/llvm17_inject/entropy/float/site98_bit35.out,,,,,,,,,,,,,,305920738,67107767,67108872
98,36,SDC,SDC_NOTFLAGGED,,,,HeCBench/results/llvm17_inject/entropy/float/site98_bit36.out,,,,,,,,,,,,,,305920738,67107767,67108872
98,37,SDC,SDC_NOTFLAGGED,,,,HeCBench/results/llvm17_inject/entropy/float/site98_bit37.out,,,,,,,,,,,,,,305920738,67107767,67108872
98,38,SDC,SDC_NOTFLAGGED,,,,HeCBench/results/llvm17_inject/entropy/float/site98_bit38.out,,,,,,,,,,,,,,305920738,67107767,67108872
98,39,SDC,SDC_NOTFLAGGED,,,,HeCBench/results/llvm17_inject/entropy/float/site98_bit39.out,,,,,,,,,,,,,,305920738,67107767,67108872
98,40,SDC,SDC_NOTFLAGGED,,,,HeCBench/results/llvm17_inject/entropy/float/site98_bit40.out,,,,,,,,,,,,,,305920738,67107767,67108872
98,41,SDC,SDC_NOTFLAGGED,,,,HeCBench/results/llvm17_inject/entropy/float/site98_bit41.out,,,,,,,,,,,,,,305920738,67107767,67108872
98,42,SDC,SDC_NOTFLAGGED,,,,HeCBench/results/llvm17_inject/entropy/float/site98_bit42.out,,,,,,,,,,,,,,305920738,67107767,67108872
98,43,SDC,SDC_NOTFLAGGED,,,,HeCBench/results/llvm17_inject/entropy/float/site98_bit43.out,,,,,,,,,,,,,,305920738,67107767,67108872
98,44,SDC,SDC_NOTFLAGGED,,,,HeCBench/results/llvm17_inject/entropy/float/site98_bit44.out,,,,,,,,,,,,,,305920738,67107767,67108872
98,45,SDC,SDC_NOTFLAGGED,,,,HeCBench/results/llvm17_inject/entropy/float/site98_bit45.out,,,,,,,,,,,,,,305920738,67107767,67108872
98,46,SDC,SDC_NOTFLAGGED,,,,HeCBench/results/llvm17_inject/entropy/float/site98_bit46.out,,,,,,,,,,,,,,305920738,67107767,67108872
98,47,SDC,SDC_NOTFLAGGED,,,,HeCBench/results/llvm17_inject/entropy/float/site98_bit47.out,,,,,,,,,,,,,,305920738,67107767,67108872
98,48,SDC,SDC_NOTFLAGGED,,,,HeCBench/results/llvm17_inject/entropy/float/site98_bit48.out,,,,,,,,,,,,,,305920738,67107767,67108872
98,49,SDC,SDC_NOTFLAGGED,,,,HeCBench/results/llvm17_inject/entropy/float/site98_bit49.out,,,,,,,,,,,,,,305920738,67107767,67108872
98,50,SDC,SDC_NOTFLAGGED,,,,HeCBench/results/llvm17_inject/entropy/float/site98_bit50.out,,,,,,,,,,,,,,305920738,67107767,67108872
98,51,SDC,SDC_NOTFLAGGED,,,,HeCBench/results/llvm17_inject/entropy/float/site98_bit51.out,,,,,,,,,,,,,,305920738,67107767,67108872
98,52,SDC,SDC_NOTFLAGGED,,,,HeCBench/results/llvm17_inject/entropy/float/site98_bit52.out,,,,,,,,,,,,,,305920738,67107767,67108872
98,53,SDC,SDC_NOTFLAGGED,,,,HeCBench/results/llvm17_inject/entropy/float/site98_bit53.out,,,,,,,,,,,,,,305920738,67107767,67108872
98,54,SDC,SDC_NOTFLAGGED,,,,HeCBench/results/llvm17_inject/entropy/float/site98_bit54.out,,,,,,,,,,,,,,305920738,67107767,67108872
98,55,SDC,SDC_NOTFLAGGED,,,,HeCBench/results/llvm17_inject/entropy/float/site98_bit55.out,,,,,,,,,,,,,,305920738,67107767,67108872
98,56,SDC,SDC_NOTFLAGGED,,,,HeCBench/results/llvm17_inject/entropy/float/site98_bit56.out,,,,,,,,,,,,,,305920738,67107767,67108872
98,57,SDC,SDC_NOTFLAGGED,,,,HeCBench/results/llvm17_inject/entropy/float/site98_bit57.out,,,,,,,,,,,,,,305920738,67107767,67108872
98,58,SDC,SDC_NOTFLAGGED,,,,HeCBench/results/llvm17_inject/entropy/float/site98_bit58.out,,,,,,,,,,,,,,305920738,67107767,67108872
98,59,SDC,SDC_NOTFLAGGED,,,,HeCBench/results/llvm17_inject/entropy/float/site98_bit59.out,,,,,,,,,,,,,,305920738,67107767,67108872
98,60,SDC,SDC_NOTFLAGGED,,,,HeCBench/results/llvm17_inject/entropy/float/site98_bit60.out,,,,,,,,,,,,,,305920738,67107767,67108872
98,61,SDC,SDC_NOTFLAGGED,,,,HeCBench/results/llvm17_inject/entropy/float/site98_bit61.out,,,,,,,,,,,,,,305920738,67107767,67108872
98,62,SDC,SDC_NOTFLAGGED,,,,HeCBench/results/llvm17_inject/entropy/float/site98_bit62.out,,,,,,,,,,,,,,305920738,67107767,67108872
98,63,SDC,SDC_NOTFLAGGED,,,,HeCBench/results/llvm17_inject/entropy/float/site98_bit63.out,,,,,,,,,,,,,,305920738,67107767,67108872
99,0,MASKED,MASKED_UNFLAGGED,,,,HeCBench/results/llvm17_inject/entropy/float/site99_bit0.out,,,,,,,,,,,,,,,,
99,1,MASKED,MASKED_UNFLAGGED,,,,HeCBench/results/llvm17_inject/entropy/float/site99_bit1.out,,,,,,,,,,,,,,,,
99,2,MASKED,MASKED_UNFLAGGED,,,,HeCBench/results/llvm17_inject/entropy/float/site99_bit2.out,,,,,,,,,,,,,,,,
99,3,MASKED,MASKED_UNFLAGGED,,,,HeCBench/results/llvm17_inject/entropy/float/site99_bit3.out,,,,,,,,,,,,,,,,
99,4,MASKED,MASKED_UNFLAGGED,,,,HeCBench/results/llvm17_inject/entropy/float/site99_bit4.out,,,,,,,,,,,,,,,,
99,5,MASKED,MASKED_UNFLAGGED,,,,HeCBench/results/llvm17_inject/entropy/float/site99_bit5.out,,,,,,,,,,,,,,,,
99,6,MASKED,MASKED_UNFLAGGED,,,,HeCBench/results/llvm17_inject/entropy/float/site99_bit6.out,,,,,,,,,,,,,,,,
99,7,MASKED,MASKED_UNFLAGGED,,,,HeCBench/results/llvm17_inject/entropy/float/site99_bit7.out,,,,,,,,,,,,,,,,
99,8,MASKED,MASKED_UNFLAGGED,,,,HeCBench/results/llvm17_inject/entropy/float/site99_bit8.out,,,,,,,,,,,,,,,,
99,9,MASKED,MASKED_UNFLAGGED,,,,HeCBench/results/llvm17_inject/entropy/float/site99_bit9.out,,,,,,,,,,,,,,,,
99,10,MASKED,MASKED_UNFLAGGED,,,,HeCBench/results/llvm17_inject/entropy/float/site99_bit10.out,,,,,,,,,,,,,,,,
99,11,MASKED,MASKED_UNFLAGGED,,,,HeCBench/results/llvm17_inject/entropy/float/site99_bit11.out,,,,,,,,,,,,,,,,
99,12,SDC,SDC_NOTFLAGGED,,,,HeCBench/results/llvm17_inject/entropy/float/site99_bit12.out,,,,,,,,,,,,,,303352744,66627532,67108872
99,13,SDC,SDC_NOTFLAGGED,,,,HeCBench/results/llvm17_inject/entropy/float/site99_bit13.out,,,,,,,,,,,,,,303352744,66627532,67108872
99,14,SDC,SDC_NOTFLAGGED,,,,HeCBench/results/llvm17_inject/entropy/float/site99_bit14.out,,,,,,,,,,,,,,303352744,66627532,67108872
99,15,SDC,SDC_NOTFLAGGED,,,,HeCBench/results/llvm17_inject/entropy/float/site99_bit15.out,,,,,,,,,,,,,,303352744,66627532,67108872
99,16,SDC,SDC_NOTFLAGGED,,,,HeCBench/results/llvm17_inject/entropy/float/site99_bit16.out,,,,,,,,,,,,,,303352744,66627532,67108872
99,17,SDC,SDC_NOTFLAGGED,,,,HeCBench/results/llvm17_inject/entropy/float/site99_bit17.out,,,,,,,,,,,,,,303352744,66627532,67108872
99,18,SDC,SDC_NOTFLAGGED,,,,HeCBench/results/llvm17_inject/entropy/float/site99_bit18.out,,,,,,,,,,,,,,303352744,66627532,67108872
99,19,SDC,SDC_NOTFLAGGED,,,,HeCBench/results/llvm17_inject/entropy/float/site99_bit19.out,,,,,,,,,,,,,,303352744,66627532,67108872
99,20,SDC,SDC_NOTFLAGGED,,,,HeCBench/results/llvm17_inject/entropy/float/site99_bit20.out,,,,,,,,,,,,,,303352744,66627532,67108872
99,21,SDC,SDC_NOTFLAGGED,,,,HeCBench/results/llvm17_inject/entropy/float/site99_bit21.out,,,,,,,,,,,,,,303352744,66627532,67108872
99,22,SDC,SDC_NOTFLAGGED,,,,HeCBench/results/llvm17_inject/entropy/float/site99_bit22.out,,,,,,,,,,,,,,303352744,66627532,67108872
99,23,SDC,SDC_NOTFLAGGED,,,,HeCBench/results/llvm17_inject/entropy/float/site99_bit23.out,,,,,,,,,,,,,,303352744,66627532,67108872
99,24,SDC,SDC_NOTFLAGGED,,,,HeCBench/results/llvm17_inject/entropy/float/site99_bit24.out,,,,,,,,,,,,,,303352744,66627532,67108872
99,25,SDC,SDC_NOTFLAGGED,,,,HeCBench/results/llvm17_inject/entropy/float/site99_bit25.out,,,,,,,,,,,,,,303352744,66627532,67108872
99,26,SDC,SDC_NOTFLAGGED,,,,HeCBench/results/llvm17_inject/entropy/float/site99_bit26.out,,,,,,,,,,,,,,303352744,66627532,67108872
99,27,SDC,SDC_NOTFLAGGED,,,,HeCBench/results/llvm17_inject/entropy/float/site99_bit27.out,,,,,,,,,,,,,,303352744,66627532,67108872
99,28,SDC,SDC_NOTFLAGGED,,,,HeCBench/results/llvm17_inject/entropy/float/site99_bit28.out,,,,,,,,,,,,,,303352744,66627532,67108872
99,29,SDC,SDC_NOTFLAGGED,,,,HeCBench/results/llvm17_inject/entropy/float/site99_bit29.out,,,,,,,,,,,,,,303352744,66627532,67108872
99,30,SDC,SDC_NOTFLAGGED,,,,HeCBench/results/llvm17_inject/entropy/float/site99_bit30.out,,,,,,,,,,,,,,303352744,66627532,67108872
99,31,MASKED,MASKED_UNFLAGGED,,,,HeCBench/results/llvm17_inject/entropy/float/site99_bit31.out,,,,,,,,,,,,,,,,
99,32,MASKED,MASKED_UNFLAGGED,,,,HeCBench/results/llvm17_inject/entropy/float/site99_bit32.out,,,,,,,,,,,,,,,,
99,33,MASKED,MASKED_UNFLAGGED,,,,HeCBench/results/llvm17_inject/entropy/float/site99_bit33.out,,,,,,,,,,,,,,,,
99,34,MASKED,MASKED_UNFLAGGED,,,,HeCBench/results/llvm17_inject/entropy/float/site99_bit34.out,,,,,,,,,,,,,,,,
99,35,MASKED,MASKED_UNFLAGGED,,,,HeCBench/results/llvm17_inject/entropy/float/site99_bit35.out,,,,,,,,,,,,,,,,
99,36,MASKED,MASKED_UNFLAGGED,,,,HeCBench/results/llvm17_inject/entropy/float/site99_bit36.out,,,,,,,,,,,,,,,,
99,37,MASKED,MASKED_UNFLAGGED,,,,HeCBench/results/llvm17_inject/entropy/float/site99_bit37.out,,,,,,,,,,,,,,,,
99,38,MASKED,MASKED_UNFLAGGED,,,,HeCBench/results/llvm17_inject/entropy/float/site99_bit38.out,,,,,,,,,,,,,,,,
99,39,MASKED,MASKED_UNFLAGGED,,,,HeCBench/results/llvm17_inject/entropy/float/site99_bit39.out,,,,,,,,,,,,,,,,
99,40,MASKED,MASKED_UNFLAGGED,,,,HeCBench/results/llvm17_inject/entropy/float/site99_bit40.out,,,,,,,,,,,,,,,,
99,41,MASKED,MASKED_UNFLAGGED,,,,HeCBench/results/llvm17_inject/entropy/float/site99_bit41.out,,,,,,,,,,,,,,,,
99,42,MASKED,MASKED_UNFLAGGED,,,,HeCBench/results/llvm17_inject/entropy/float/site99_bit42.out,,,,,,,,,,,,,,,,
99,43,MASKED,MASKED_UNFLAGGED,,,,HeCBench/results/llvm17_inject/entropy/float/site99_bit43.out,,,,,,,,,,,,,,,,
99,44,MASKED,MASKED_UNFLAGGED,,,,HeCBench/results/llvm17_inject/entropy/float/site99_bit44.out,,,,,,,,,,,,,,,,
99,45,MASKED,MASKED_UNFLAGGED,,,,HeCBench/results/llvm17_inject/entropy/float/site99_bit45.out,,,,,,,,,,,,,,,,
99,46,MASKED,MASKED_UNFLAGGED,,,,HeCBench/results/llvm17_inject/entropy/float/site99_bit46.out,,,,,,,,,,,,,,,,
99,47,MASKED,MASKED_UNFLAGGED,,,,HeCBench/results/llvm17_inject/entropy/float/site99_bit47.out,,,,,,,,,,,,,,,,
99,48,MASKED,MASKED_UNFLAGGED,,,,HeCBench/results/llvm17_inject/entropy/float/site99_bit48.out,,,,,,,,,,,,,,,,
99,49,MASKED,MASKED_UNFLAGGED,,,,HeCBench/results/llvm17_inject/entropy/float/site99_bit49.out,,,,,,,,,,,,,,,,
99,50,MASKED,MASKED_UNFLAGGED,,,,HeCBench/results/llvm17_inject/entropy/float/site99_bit50.out,,,,,,,,,,,,,,,,
99,51,MASKED,MASKED_UNFLAGGED,,,,HeCBench/results/llvm17_inject/entropy/float/site99_bit51.out,,,,,,,,,,,,,,,,
99,52,MASKED,MASKED_UNFLAGGED,,,,HeCBench/results/llvm17_inject/entropy/float/site99_bit52.out,,,,,,,,,,,,,,,,
99,53,MASKED,MASKED_UNFLAGGED,,,,HeCBench/results/llvm17_inject/entropy/float/site99_bit53.out,,,,,,,,,,,,,,,,
99,54,MASKED,MASKED_UNFLAGGED,,,,HeCBench/results/llvm17_inject/entropy/float/site99_bit54.out,,,,,,,,,,,,,,,,
99,55,MASKED,MASKED_UNFLAGGED,,,,HeCBench/results/llvm17_inject/entropy/float/site99_bit55.out,,,,,,,,,,,,,,,,
99,56,MASKED,MASKED_UNFLAGGED,,,,HeCBench/results/llvm17_inject/entropy/float/site99_bit56.out,,,,,,,,,,,,,,,,
99,57,MASKED,MASKED_UNFLAGGED,,,,HeCBench/results/llvm17_inject/entropy/float/site99_bit57.out,,,,,,,,,,,,,,,,
99,58,MASKED,MASKED_UNFLAGGED,,,,HeCBench/results/llvm17_inject/entropy/float/site99_bit58.out,,,,,,,,,,,,,,,,
99,59,MASKED,MASKED_UNFLAGGED,,,,HeCBench/results/llvm17_inject/entropy/float/site99_bit59.out,,,,,,,,,,,,,,,,
99,60,MASKED,MASKED_UNFLAGGED,,,,HeCBench/results/llvm17_inject/entropy/float/site99_bit60.out,,,,,,,,,,,,,,,,
99,61,MASKED,MASKED_UNFLAGGED,,,,HeCBench/results/llvm17_inject/entropy/float/site99_bit61.out,,,,,,,,,,,,,,,,
99,62,MASKED,MASKED_UNFLAGGED,,,,HeCBench/results/llvm17_inject/entropy/float/site99_bit62.out,,,,,,,,,,,,,,,,
99,63,MASKED,MASKED_UNFLAGGED,,,,HeCBench/results/llvm17_inject/entropy/float/site99_bit63.out,,,,,,,,,,,,,,,,
100,0,MASKED,MASKED_UNFLAGGED,,,,HeCBench/results/llvm17_inject/entropy/float/site100_bit0.out,,,,,,,,,,,,,,,,
100,1,MASKED,MASKED_UNFLAGGED,,,,HeCBench/results/llvm17_inject/entropy/float/site100_bit1.out,,,,,,,,,,,,,,,,
100,2,MASKED,MASKED_UNFLAGGED,,,,HeCBench/results/llvm17_inject/entropy/float/site100_bit2.out,,,,,,,,,,,,,,,,
100,3,MASKED,MASKED_UNFLAGGED,,,,HeCBench/results/llvm17_inject/entropy/float/site100_bit3.out,,,,,,,,,,,,,,,,
100,4,MASKED,MASKED_UNFLAGGED,,,,HeCBench/results/llvm17_inject/entropy/float/site100_bit4.out,,,,,,,,,,,,,,,,
100,5,MASKED,MASKED_UNFLAGGED,,,,HeCBench/results/llvm17_inject/entropy/float/site100_bit5.out,,,,,,,,,,,,,,,,
100,6,MASKED,MASKED_UNFLAGGED,,,,HeCBench/results/llvm17_inject/entropy/float/site100_bit6.out,,,,,,,,,,,,,,,,
100,7,MASKED,MASKED_UNFLAGGED,,,,HeCBench/results/llvm17_inject/entropy/float/site100_bit7.out,,,,,,,,,,,,,,,,
100,8,MASKED,MASKED_UNFLAGGED,,,,HeCBench/results/llvm17_inject/entropy/float/site100_bit8.out,,,,,,,,,,,,,,,,
100,9,MASKED,MASKED_UNFLAGGED,,,,HeCBench/results/llvm17_inject/entropy/float/site100_bit9.out,,,,,,,,,,,,,,,,
100,10,MASKED,MASKED_UNFLAGGED,,,,HeCBench/results/llvm17_inject/entropy/float/site100_bit10.out,,,,,,,,,,,,,,,,
100,11,MASKED,MASKED_UNFLAGGED,,,,HeCBench/results/llvm17_inject/entropy/float/site100_bit11.out,,,,,,,,,,,,,,,,
100,12,SDC,SDC_NOTFLAGGED,,,,HeCBench/results/llvm17_inject/entropy/float/site100_bit12.out,,,,,,,,,,,,,,303352744,66627532,67108872
100,13,MASKED,MASKED_UNFLAGGED,,,,HeCBench/results/llvm17_inject/entropy/float/site100_bit13.out,,,,,,,,,,,,,,,,
100,14,MASKED,MASKED_UNFLAGGED,,,,HeCBench/results/llvm17_inject/entropy/float/site100_bit14.out,,,,,,,,,,,,,,,,
100,15,MASKED,MASKED_UNFLAGGED,,,,HeCBench/results/llvm17_inject/entropy/float/site100_bit15.out,,,,,,,,,,,,,,,,
100,16,MASKED,MASKED_UNFLAGGED,,,,HeCBench/results/llvm17_inject/entropy/float/site100_bit16.out,,,,,,,,,,,,,,,,
100,17,MASKED,MASKED_UNFLAGGED,,,,HeCBench/results/llvm17_inject/entropy/float/site100_bit17.out,,,,,,,,,,,,,,,,
100,18,MASKED,MASKED_UNFLAGGED,,,,HeCBench/results/llvm17_inject/entropy/float/site100_bit18.out,,,,,,,,,,,,,,,,
100,19,MASKED,MASKED_UNFLAGGED,,,,HeCBench/results/llvm17_inject/entropy/float/site100_bit19.out,,,,,,,,,,,,,,,,
100,20,MASKED,MASKED_UNFLAGGED,,,,HeCBench/results/llvm17_inject/entropy/float/site100_bit20.out,,,,,,,,,,,,,,,,
100,21,MASKED,MASKED_UNFLAGGED,,,,HeCBench/results/llvm17_inject/entropy/float/site100_bit21.out,,,,,,,,,,,,,,,,
100,22,MASKED,MASKED_UNFLAGGED,,,,HeCBench/results/llvm17_inject/entropy/float/site100_bit22.out,,,,,,,,,,,,,,,,
100,23,MASKED,MASKED_UNFLAGGED,,,,HeCBench/results/llvm17_inject/entropy/float/site100_bit23.out,,,,,,,,,,,,,,,,
100,24,MASKED,MASKED_UNFLAGGED,,,,HeCBench/results/llvm17_inject/entropy/float/site100_bit24.out,,,,,,,,,,,,,,,,
100,25,MASKED,MASKED_UNFLAGGED,,,,HeCBench/results/llvm17_inject/entropy/float/site100_bit25.out,,,,,,,,,,,,,,,,
100,26,MASKED,MASKED_UNFLAGGED,,,,HeCBench/results/llvm17_inject/entropy/float/site100_bit26.out,,,,,,,,,,,,,,,,
100,27,MASKED,MASKED_UNFLAGGED,,,,HeCBench/results/llvm17_inject/entropy/float/site100_bit27.out,,,,,,,,,,,,,,,,
100,28,MASKED,MASKED_UNFLAGGED,,,,HeCBench/results/llvm17_inject/entropy/float/site100_bit28.out,,,,,,,,,,,,,,,,
100,29,MASKED,MASKED_UNFLAGGED,,,,HeCBench/results/llvm17_inject/entropy/float/site100_bit29.out,,,,,,,,,,,,,,,,
100,30,MASKED,MASKED_UNFLAGGED,,,,HeCBench/results/llvm17_inject/entropy/float/site100_bit30.out,,,,,,,,,,,,,,,,
100,31,SDC,SDC_NOTFLAGGED,,,,HeCBench/results/llvm17_inject/entropy/float/site100_bit31.out,,,,,,,,,,,,,,303352744,66627532,67108872
100,32,SDC,SDC_NOTFLAGGED,,,,HeCBench/results/llvm17_inject/entropy/float/site100_bit32.out,,,,,,,,,,,,,,303352744,66627532,67108872
100,33,SDC,SDC_NOTFLAGGED,,,,HeCBench/results/llvm17_inject/entropy/float/site100_bit33.out,,,,,,,,,,,,,,303352744,66627532,67108872
100,34,SDC,SDC_NOTFLAGGED,,,,HeCBench/results/llvm17_inject/entropy/float/site100_bit34.out,,,,,,,,,,,,,,303352744,66627532,67108872
100,35,SDC,SDC_NOTFLAGGED,,,,HeCBench/results/llvm17_inject/entropy/float/site100_bit35.out,,,,,,,,,,,,,,303352744,66627532,67108872
100,36,SDC,SDC_NOTFLAGGED,,,,HeCBench/results/llvm17_inject/entropy/float/site100_bit36.out,,,,,,,,,,,,,,303352744,66627532,67108872
100,37,SDC,SDC_NOTFLAGGED,,,,HeCBench/results/llvm17_inject/entropy/float/site100_bit37.out,,,,,,,,,,,,,,303352744,66627532,67108872
100,38,SDC,SDC_NOTFLAGGED,,,,HeCBench/results/llvm17_inject/entropy/float/site100_bit38.out,,,,,,,,,,,,,,303352744,66627532,67108872
100,39,SDC,SDC_NOTFLAGGED,,,,HeCBench/results/llvm17_inject/entropy/float/site100_bit39.out,,,,,,,,,,,,,,303352744,66627532,67108872
100,40,SDC,SDC_NOTFLAGGED,,,,HeCBench/results/llvm17_inject/entropy/float/site100_bit40.out,,,,,,,,,,,,,,303352744,66627532,67108872
100,41,SDC,SDC_NOTFLAGGED,,,,HeCBench/results/llvm17_inject/entropy/float/site100_bit41.out,,,,,,,,,,,,,,303352744,66627532,67108872
100,42,SDC,SDC_NOTFLAGGED,,,,HeCBench/results/llvm17_inject/entropy/float/site100_bit42.out,,,,,,,,,,,,,,303352744,66627532,67108872
100,43,SDC,SDC_NOTFLAGGED,,,,HeCBench/results/llvm17_inject/entropy/float/site100_bit43.out,,,,,,,,,,,,,,303352744,66627532,67108872
100,44,SDC,SDC_NOTFLAGGED,,,,HeCBench/results/llvm17_inject/entropy/float/site100_bit44.out,,,,,,,,,,,,,,303352744,66627532,67108872
100,45,SDC,SDC_NOTFLAGGED,,,,HeCBench/results/llvm17_inject/entropy/float/site100_bit45.out,,,,,,,,,,,,,,303352744,66627532,67108872
100,46,SDC,SDC_NOTFLAGGED,,,,HeCBench/results/llvm17_inject/entropy/float/site100_bit46.out,,,,,,,,,,,,,,303352744,66627532,67108872
100,47,SDC,SDC_NOTFLAGGED,,,,HeCBench/results/llvm17_inject/entropy/float/site100_bit47.out,,,,,,,,,,,,,,303352744,66627532,67108872
100,48,SDC,SDC_NOTFLAGGED,,,,HeCBench/results/llvm17_inject/entropy/float/site100_bit48.out,,,,,,,,,,,,,,303352744,66627532,67108872
100,49,SDC,SDC_NOTFLAGGED,,,,HeCBench/results/llvm17_inject/entropy/float/site100_bit49.out,,,,,,,,,,,,,,303352744,66627532,67108872
100,50,SDC,SDC_NOTFLAGGED,,,,HeCBench/results/llvm17_inject/entropy/float/site100_bit50.out,,,,,,,,,,,,,,303352744,66627532,67108872
100,51,SDC,SDC_NOTFLAGGED,,,,HeCBench/results/llvm17_inject/entropy/float/site100_bit51.out,,,,,,,,,,,,,,303352744,66627532,67108872
100,52,SDC,SDC_NOTFLAGGED,,,,HeCBench/results/llvm17_inject/entropy/float/site100_bit52.out,,,,,,,,,,,,,,303352744,66627532,67108872
100,53,SDC,SDC_NOTFLAGGED,,,,HeCBench/results/llvm17_inject/entropy/float/site100_bit53.out,,,,,,,,,,,,,,303352744,66627532,67108872
100,54,SDC,SDC_NOTFLAGGED,,,,HeCBench/results/llvm17_inject/entropy/float/site100_bit54.out,,,,,,,,,,,,,,303352744,66627532,67108872
100,55,SDC,SDC_NOTFLAGGED,,,,HeCBench/results/llvm17_inject/entropy/float/site100_bit55.out,,,,,,,,,,,,,,303352744,66627532,67108872
100,56,SDC,SDC_NOTFLAGGED,,,,HeCBench/results/llvm17_inject/entropy/float/site100_bit56.out,,,,,,,,,,,,,,303352744,66627532,67108872
100,57,SDC,SDC_NOTFLAGGED,,,,HeCBench/results/llvm17_inject/entropy/float/site100_bit57.out,,,,,,,,,,,,,,303352744,66627532,67108872
100,58,SDC,SDC_NOTFLAGGED,,,,HeCBench/results/llvm17_inject/entropy/float/site100_bit58.out,,,,,,,,,,,,,,303352744,66627532,67108872
100,59,SDC,SDC_NOTFLAGGED,,,,HeCBench/results/llvm17_inject/entropy/float/site100_bit59.out,,,,,,,,,,,,,,303352744,66627532,67108872
100,60,SDC,SDC_NOTFLAGGED,,,,HeCBench/results/llvm17_inject/entropy/float/site100_bit60.out,,,,,,,,,,,,,,303352744,66627532,67108872
100,61,SDC,SDC_NOTFLAGGED,,,,HeCBench/results/llvm17_inject/entropy/float/site100_bit61.out,,,,,,,,,,,,,,303352744,66627532,67108872
100,62,SDC,SDC_NOTFLAGGED,,,,HeCBench/results/llvm17_inject/entropy/float/site100_bit62.out,,,,,,,,,,,,,,303352744,66627532,67108872
100,63,SDC,SDC_NOTFLAGGED,,,,HeCBench/results/llvm17_inject/entropy/float/site100_bit63.out,,,,,,,,,,,,,,303352744,66627532,67108872
101,0,SDC,SDC_NOTFLAGGED,,,,HeCBench/results/llvm17_inject/entropy/float/site101_bit0.out,,,,,,,,,,,,,,303352744,66627532,67108872
101,1,SDC,SDC_NOTFLAGGED,,,,HeCBench/results/llvm17_inject/entropy/float/site101_bit1.out,,,,,,,,,,,,,,303352744,66627532,67108872
101,2,SDC,SDC_NOTFLAGGED,,,,HeCBench/results/llvm17_inject/entropy/float/site101_bit2.out,,,,,,,,,,,,,,303352744,66627532,67108872
101,3,SDC,SDC_NOTFLAGGED,,,,HeCBench/results/llvm17_inject/entropy/float/site101_bit3.out,,,,,,,,,,,,,,303352744,66627532,67108872
101,4,SDC,SDC_NOTFLAGGED,,,,HeCBench/results/llvm17_inject/entropy/float/site101_bit4.out,,,,,,,,,,,,,,303352744,66627532,67108872
101,5,SDC,SDC_NOTFLAGGED,,,,HeCBench/results/llvm17_inject/entropy/float/site101_bit5.out,,,,,,,,,,,,,,303352744,66627532,67108872
101,6,SDC,SDC_NOTFLAGGED,,,,HeCBench/results/llvm17_inject/entropy/float/site101_bit6.out,,,,,,,,,,,,,,303352744,66627532,67108872
101,7,SDC,SDC_NOTFLAGGED,,,,HeCBench/results/llvm17_inject/entropy/float/site101_bit7.out,,,,,,,,,,,,,,303352744,66627532,67108872
101,8,SDC,SDC_NOTFLAGGED,,,,HeCBench/results/llvm17_inject/entropy/float/site101_bit8.out,,,,,,,,,,,,,,303352744,66627532,67108872
101,9,SDC,SDC_NOTFLAGGED,,,,HeCBench/results/llvm17_inject/entropy/float/site101_bit9.out,,,,,,,,,,,,,,303352744,66627532,67108872
101,10,SDC,SDC_NOTFLAGGED,,,,HeCBench/results/llvm17_inject/entropy/float/site101_bit10.out,,,,,,,,,,,,,,303352744,66627532,67108872
101,11,SDC,SDC_NOTFLAGGED,,,,HeCBench/results/llvm17_inject/entropy/float/site101_bit11.out,,,,,,,,,,,,,,303352744,66627532,67108872
101,12,SDC,SDC_NOTFLAGGED,,,,HeCBench/results/llvm17_inject/entropy/float/site101_bit12.out,,,,,,,,,,,,,,303352744,66627532,67108872
101,13,SDC,SDC_NOTFLAGGED,,,,HeCBench/results/llvm17_inject/entropy/float/site101_bit13.out,,,,,,,,,,,,,,303352744,66627532,67108872
101,14,SDC,SDC_NOTFLAGGED,,,,HeCBench/results/llvm17_inject/entropy/float/site101_bit14.out,,,,,,,,,,,,,,303352744,66627532,67108872
101,15,SDC,SDC_NOTFLAGGED,,,,HeCBench/results/llvm17_inject/entropy/float/site101_bit15.out,,,,,,,,,,,,,,303352744,66627532,67108872
101,16,SDC,SDC_NOTFLAGGED,,,,HeCBench/results/llvm17_inject/entropy/float/site101_bit16.out,,,,,,,,,,,,,,303352744,66627532,67108872
101,17,SDC,SDC_NOTFLAGGED,,,,HeCBench/results/llvm17_inject/entropy/float/site101_bit17.out,,,,,,,,,,,,,,303352744,66627532,67108872
101,18,SDC,SDC_NOTFLAGGED,,,,HeCBench/results/llvm17_inject/entropy/float/site101_bit18.out,,,,,,,,,,,,,,303352744,66627532,67108872
101,19,SDC,SDC_NOTFLAGGED,,,,HeCBench/results/llvm17_inject/entropy/float/site101_bit19.out,,,,,,,,,,,,,,303352744,66627532,67108872
101,20,SDC,SDC_NOTFLAGGED,,,,HeCBench/results/llvm17_inject/entropy/float/site101_bit20.out,,,,,,,,,,,,,,303352744,66627532,67108872
101,21,SDC,SDC_NOTFLAGGED,,,,HeCBench/results/llvm17_inject/entropy/float/site101_bit21.out,,,,,,,,,,,,,,303352744,66627532,67108872
101,22,SDC,SDC_NOTFLAGGED,,,,HeCBench/results/llvm17_inject/entropy/float/site101_bit22.out,,,,,,,,,,,,,,303352744,66627532,67108872
101,23,SDC,SDC_NOTFLAGGED,,,,HeCBench/results/llvm17_inject/entropy/float/site101_bit23.out,,,,,,,,,,,,,,303352744,66627532,67108872
101,24,SDC,SDC_NOTFLAGGED,,,,HeCBench/results/llvm17_inject/entropy/float/site101_bit24.out,,,,,,,,,,,,,,303352744,66627532,67108872
101,25,SDC,SDC_NOTFLAGGED,,,,HeCBench/results/llvm17_inject/entropy/float/site101_bit25.out,,,,,,,,,,,,,,303352744,66627532,67108872
101,26,SDC,SDC_NOTFLAGGED,,,,HeCBench/results/llvm17_inject/entropy/float/site101_bit26.out,,,,,,,,,,,,,,303352744,66627532,67108872
101,27,SDC,SDC_NOTFLAGGED,,,,HeCBench/results/llvm17_inject/entropy/float/site101_bit27.out,,,,,,,,,,,,,,303352744,66627532,67108872
101,28,SDC,SDC_NOTFLAGGED,,,,HeCBench/results/llvm17_inject/entropy/float/site101_bit28.out,,,,,,,,,,,,,,303352744,66627532,67108872
101,29,SDC,SDC_NOTFLAGGED,,,,HeCBench/results/llvm17_inject/entropy/float/site101_bit29.out,,,,,,,,,,,,,,303352744,66627532,67108872
101,30,SDC,SDC_NOTFLAGGED,,,,HeCBench/results/llvm17_inject/entropy/float/site101_bit30.out,,,,,,,,,,,,,,303352744,66627532,67108872
101,31,SDC,SDC_NOTFLAGGED,,,,HeCBench/results/llvm17_inject/entropy/float/site101_bit31.out,,,,,,,,,,,,,,303352744,66627532,67108872
101,32,SDC,SDC_NOTFLAGGED,,,,HeCBench/results/llvm17_inject/entropy/float/site101_bit32.out,,,,,,,,,,,,,,303352744,66627532,67108872
101,33,SDC,SDC_NOTFLAGGED,,,,HeCBench/results/llvm17_inject/entropy/float/site101_bit33.out,,,,,,,,,,,,,,303352744,66627532,67108872
101,34,SDC,SDC_NOTFLAGGED,,,,HeCBench/results/llvm17_inject/entropy/float/site101_bit34.out,,,,,,,,,,,,,,303352744,66627532,67108872
101,35,SDC,SDC_NOTFLAGGED,,,,HeCBench/results/llvm17_inject/entropy/float/site101_bit35.out,,,,,,,,,,,,,,303352744,66627532,67108872
101,36,SDC,SDC_NOTFLAGGED,,,,HeCBench/results/llvm17_inject/entropy/float/site101_bit36.out,,,,,,,,,,,,,,303352744,66627532,67108872
101,37,SDC,SDC_NOTFLAGGED,,,,HeCBench/results/llvm17_inject/entropy/float/site101_bit37.out,,,,,,,,,,,,,,303352744,66627532,67108872
101,38,SDC,SDC_NOTFLAGGED,,,,HeCBench/results/llvm17_inject/entropy/float/site101_bit38.out,,,,,,,,,,,,,,303352744,66627532,67108872
101,39,SDC,SDC_NOTFLAGGED,,,,HeCBench/results/llvm17_inject/entropy/float/site101_bit39.out,,,,,,,,,,,,,,303352744,66627532,67108872
101,40,SDC,SDC_NOTFLAGGED,,,,HeCBench/results/llvm17_inject/entropy/float/site101_bit40.out,,,,,,,,,,,,,,303352744,66627532,67108872
101,41,SDC,SDC_NOTFLAGGED,,,,HeCBench/results/llvm17_inject/entropy/float/site101_bit41.out,,,,,,,,,,,,,,303352744,66627532,67108872
101,42,SDC,SDC_NOTFLAGGED,,,,HeCBench/results/llvm17_inject/entropy/float/site101_bit42.out,,,,,,,,,,,,,,303352744,66627532,67108872
101,43,SDC,SDC_NOTFLAGGED,,,,HeCBench/results/llvm17_inject/entropy/float/site101_bit43.out,,,,,,,,,,,,,,303352744,66627532,67108872
101,44,SDC,SDC_NOTFLAGGED,,,,HeCBench/results/llvm17_inject/entropy/float/site101_bit44.out,,,,,,,,,,,,,,303352744,66627532,67108872
101,45,SDC,SDC_NOTFLAGGED,,,,HeCBench/results/llvm17_inject/entropy/float/site101_bit45.out,,,,,,,,,,,,,,303352744,66627532,67108872
101,46,SDC,SDC_NOTFLAGGED,,,,HeCBench/results/llvm17_inject/entropy/float/site101_bit46.out,,,,,,,,,,,,,,303352744,66627532,67108872
101,47,SDC,SDC_NOTFLAGGED,,,,HeCBench/results/llvm17_inject/entropy/float/site101_bit47.out,,,,,,,,,,,,,,303352744,66627532,67108872
101,48,SDC,SDC_NOTFLAGGED,,,,HeCBench/results/llvm17_inject/entropy/float/site101_bit48.out,,,,,,,,,,,,,,303352744,66627532,67108872
101,49,SDC,SDC_NOTFLAGGED,,,,HeCBench/results/llvm17_inject/entropy/float/site101_bit49.out,,,,,,,,,,,,,,303352744,66627532,67108872
101,50,SDC,SDC_NOTFLAGGED,,,,HeCBench/results/llvm17_inject/entropy/float/site101_bit50.out,,,,,,,,,,,,,,303352744,66627532,67108872
101,51,SDC,SDC_NOTFLAGGED,,,,HeCBench/results/llvm17_inject/entropy/float/site101_bit51.out,,,,,,,,,,,,,,303352744,66627532,67108872
101,52,SDC,SDC_NOTFLAGGED,,,,HeCBench/results/llvm17_inject/entropy/float/site101_bit52.out,,,,,,,,,,,,,,303352744,66627532,67108872
101,53,SDC,SDC_NOTFLAGGED,,,,HeCBench/results/llvm17_inject/entropy/float/site101_bit53.out,,,,,,,,,,,,,,303352744,66627532,67108872
101,54,SDC,SDC_NOTFLAGGED,,,,HeCBench/results/llvm17_inject/entropy/float/site101_bit54.out,,,,,,,,,,,,,,303352744,66627532,67108872
101,55,SDC,SDC_NOTFLAGGED,,,,HeCBench/results/llvm17_inject/entropy/float/site101_bit55.out,,,,,,,,,,,,,,303352744,66627532,67108872
101,56,SDC,SDC_NOTFLAGGED,,,,HeCBench/results/llvm17_inject/entropy/float/site101_bit56.out,,,,,,,,,,,,,,303352744,66627532,67108872
101,57,SDC,SDC_NOTFLAGGED,,,,HeCBench/results/llvm17_inject/entropy/float/site101_bit57.out,,,,,,,,,,,,,,303352744,66627532,67108872
101,58,SDC,SDC_NOTFLAGGED,,,,HeCBench/results/llvm17_inject/entropy/float/site101_bit58.out,,,,,,,,,,,,,,303352744,66627532,67108872
101,59,SDC,SDC_NOTFLAGGED,,,,HeCBench/results/llvm17_inject/entropy/float/site101_bit59.out,,,,,,,,,,,,,,303352744,66627532,67108872
101,60,SDC,SDC_NOTFLAGGED,,,,HeCBench/results/llvm17_inject/entropy/float/site101_bit60.out,,,,,,,,,,,,,,303352744,66627532,67108872
101,61,SDC,SDC_NOTFLAGGED,,,,HeCBench/results/llvm17_inject/entropy/float/site101_bit61.out,,,,,,,,,,,,,,303352744,66627532,67108872
101,62,SDC,SDC_NOTFLAGGED,,,,HeCBench/results/llvm17_inject/entropy/float/site101_bit62.out,,,,,,,,,,,,,,303352744,66627532,67108872
101,63,SDC,SDC_NOTFLAGGED,,,,HeCBench/results/llvm17_inject/entropy/float/site101_bit63.out,,,,,,,,,,,,,,303352744,66627532,67108872
108,0,MASKED,MASKED_UNFLAGGED,,,,HeCBench/results/llvm17_inject/entropy/float/site108_bit0.out,,,,,,,,,,,,,,,,
108,1,MASKED,MASKED_UNFLAGGED,,,,HeCBench/results/llvm17_inject/entropy/float/site108_bit1.out,,,,,,,,,,,,,,,,
108,2,MASKED,MASKED_UNFLAGGED,,,,HeCBench/results/llvm17_inject/entropy/float/site108_bit2.out,,,,,,,,,,,,,,,,
108,3,MASKED,MASKED_UNFLAGGED,,,,HeCBench/results/llvm17_inject/entropy/float/site108_bit3.out,,,,,,,,,,,,,,,,
108,4,MASKED,MASKED_UNFLAGGED,,,,HeCBench/results/llvm17_inject/entropy/float/site108_bit4.out,,,,,,,,,,,,,,,,
108,5,MASKED,MASKED_UNFLAGGED,,,,HeCBench/results/llvm17_inject/entropy/float/site108_bit5.out,,,,,,,,,,,,,,,,
108,6,MASKED,MASKED_UNFLAGGED,,,,HeCBench/results/llvm17_inject/entropy/float/site108_bit6.out,,,,,,,,,,,,,,,,
108,7,MASKED,MASKED_UNFLAGGED,,,,HeCBench/results/llvm17_inject/entropy/float/site108_bit7.out,,,,,,,,,,,,,,,,
108,8,MASKED,MASKED_UNFLAGGED,,,,HeCBench/results/llvm17_inject/entropy/float/site108_bit8.out,,,,,,,,,,,,,,,,
108,9,SDC,SDC_FLAGGED,0,kernel_reported_fail,,HeCBench/results/llvm17_inject/entropy/float/site108_bit9.out,,,,,,,,,,,,,,,,
108,10,SDC,SDC_FLAGGED,0,kernel_reported_fail,,HeCBench/results/llvm17_inject/entropy/float/site108_bit10.out,,,,,,,,,,,,,,,,
108,11,SDC,SDC_FLAGGED,0,kernel_reported_fail,,HeCBench/results/llvm17_inject/entropy/float/site108_bit11.out,,,,,,,,,,,,,,,,
108,12,SDC,SDC_FLAGGED,0,kernel_reported_fail,,HeCBench/results/llvm17_inject/entropy/float/site108_bit12.out,,,,,,,,,,,,,,,,
108,13,SDC,SDC_FLAGGED,0,kernel_reported_fail,,HeCBench/results/llvm17_inject/entropy/float/site108_bit13.out,,,,,,,,,,,,,,,,
108,14,SDC,SDC_FLAGGED,0,kernel_reported_fail,,HeCBench/results/llvm17_inject/entropy/float/site108_bit14.out,,,,,,,,,,,,,,,,
108,15,SDC,SDC_FLAGGED,0,kernel_reported_fail,,HeCBench/results/llvm17_inject/entropy/float/site108_bit15.out,,,,,,,,,,,,,,,,
108,16,SDC,SDC_FLAGGED,0,kernel_reported_fail,,HeCBench/results/llvm17_inject/entropy/float/site108_bit16.out,,,,,,,,,,,,,,,,
108,17,SDC,SDC_FLAGGED,0,kernel_reported_fail,,HeCBench/results/llvm17_inject/entropy/float/site108_bit17.out,,,,,,,,,,,,,,,,
108,18,SDC,SDC_FLAGGED,0,kernel_reported_fail,,HeCBench/results/llvm17_inject/entropy/float/site108_bit18.out,,,,,,,,,,,,,,,,
108,19,SDC,SDC_FLAGGED,0,kernel_reported_fail,,HeCBench/results/llvm17_inject/entropy/float/site108_bit19.out,,,,,,,,,,,,,,,,
108,20,SDC,SDC_FLAGGED,0,kernel_reported_fail,,HeCBench/results/llvm17_inject/entropy/float/site108_bit20.out,,,,,,,,,,,,,,,,
108,21,SDC,SDC_FLAGGED,0,kernel_reported_fail,,HeCBench/results/llvm17_inject/entropy/float/site108_bit21.out,,,,,,,,,,,,,,,,
108,22,SDC,SDC_FLAGGED,0,kernel_reported_fail,,HeCBench/results/llvm17_inject/entropy/float/site108_bit22.out,,,,,,,,,,,,,,,,
108,23,SDC,SDC_FLAGGED,0,kernel_reported_fail,,HeCBench/results/llvm17_inject/entropy/float/site108_bit23.out,,,,,,,,,,,,,,,,
108,24,SDC,SDC_FLAGGED,0,kernel_reported_fail,,HeCBench/results/llvm17_inject/entropy/float/site108_bit24.out,,,,,,,,,,,,,,,,
108,25,SDC,SDC_FLAGGED,0,kernel_reported_fail,,HeCBench/results/llvm17_inject/entropy/float/site108_bit25.out,,,,,,,,,,,,,,,,
108,26,SDC,SDC_FLAGGED,0,kernel_reported_fail,,HeCBench/results/llvm17_inject/entropy/float/site108_bit26.out,,,,,,,,,,,,,,,,
108,27,SDC,SDC_FLAGGED,0,kernel_reported_fail,,HeCBench/results/llvm17_inject/entropy/float/site108_bit27.out,,,,,,,,,,,,,,,,
108,28,SDC,SDC_FLAGGED,0,kernel_reported_fail,,HeCBench/results/llvm17_inject/entropy/float/site108_bit28.out,,,,,,,,,,,,,,,,
108,29,SDC,SDC_FLAGGED,0,kernel_reported_fail,,HeCBench/results/llvm17_inject/entropy/float/site108_bit29.out,,,,,,,,,,,,,,,,
108,30,SDC,SDC_FLAGGED,0,kernel_reported_fail,,HeCBench/results/llvm17_inject/entropy/float/site108_bit30.out,,,,,,,,,,,,,,,,
108,31,SDC,SDC_FLAGGED,0,kernel_reported_fail,,HeCBench/results/llvm17_inject/entropy/float/site108_bit31.out,,,,,,,,,,,,,,,,
108,32,DUE,FAILURE_NONHANG,parse_unknown,kernel_reported_fail,,HeCBench/results/llvm17_inject/entropy/float/site108_bit32.out,,,,,,,,,,,,,,,,
108,33,DUE,FAILURE_NONHANG,parse_unknown,kernel_reported_fail,,HeCBench/results/llvm17_inject/entropy/float/site108_bit33.out,,,,,,,,,,,,,,,,
108,34,DUE,FAILURE_NONHANG,parse_unknown,kernel_reported_fail,,HeCBench/results/llvm17_inject/entropy/float/site108_bit34.out,,,,,,,,,,,,,,,,
108,35,DUE,FAILURE_NONHANG,parse_unknown,kernel_reported_fail,,HeCBench/results/llvm17_inject/entropy/float/site108_bit35.out,,,,,,,,,,,,,,,,
108,36,DUE,FAILURE_NONHANG,parse_unknown,kernel_reported_fail,,HeCBench/results/llvm17_inject/entropy/float/site108_bit36.out,,,,,,,,,,,,,,,,
108,37,DUE,FAILURE_NONHANG,parse_unknown,kernel_reported_fail,,HeCBench/results/llvm17_inject/entropy/float/site108_bit37.out,,,,,,,,,,,,,,,,
108,38,DUE,FAILURE_NONHANG,parse_unknown,kernel_reported_fail,,HeCBench/results/llvm17_inject/entropy/float/site108_bit38.out,,,,,,,,,,,,,,,,
108,39,DUE,FAILURE_NONHANG,parse_unknown,kernel_reported_fail,,HeCBench/results/llvm17_inject/entropy/float/site108_bit39.out,,,,,,,,,,,,,,,,
108,40,DUE,FAILURE_NONHANG,parse_unknown,kernel_reported_fail,,HeCBench/results/llvm17_inject/entropy/float/site108_bit40.out,,,,,,,,,,,,,,,,
108,41,DUE,FAILURE_NONHANG,parse_unknown,kernel_reported_fail,,HeCBench/results/llvm17_inject/entropy/float/site108_bit41.out,,,,,,,,,,,,,,,,
108,42,DUE,FAILURE_NONHANG,parse_unknown,kernel_reported_fail,,HeCBench/results/llvm17_inject/entropy/float/site108_bit42.out,,,,,,,,,,,,,,,,
108,43,DUE,FAILURE_NONHANG,parse_unknown,kernel_reported_fail,,HeCBench/results/llvm17_inject/entropy/float/site108_bit43.out,,,,,,,,,,,,,,,,
108,44,DUE,FAILURE_NONHANG,parse_unknown,kernel_reported_fail,,HeCBench/results/llvm17_inject/entropy/float/site108_bit44.out,,,,,,,,,,,,,,,,
108,45,DUE,FAILURE_NONHANG,parse_unknown,kernel_reported_fail,,HeCBench/results/llvm17_inject/entropy/float/site108_bit45.out,,,,,,,,,,,,,,,,
108,46,DUE,FAILURE_NONHANG,parse_unknown,kernel_reported_fail,,HeCBench/results/llvm17_inject/entropy/float/site108_bit46.out,,,,,,,,,,,,,,,,
108,47,DUE,FAILURE_NONHANG,parse_unknown,kernel_reported_fail,,HeCBench/results/llvm17_inject/entropy/float/site108_bit47.out,,,,,,,,,,,,,,,,
108,48,DUE,FAILURE_NONHANG,parse_unknown,kernel_reported_fail,,HeCBench/results/llvm17_inject/entropy/float/site108_bit48.out,,,,,,,,,,,,,,,,
108,49,DUE,FAILURE_NONHANG,parse_unknown,kernel_reported_fail,,HeCBench/results/llvm17_inject/entropy/float/site108_bit49.out,,,,,,,,,,,,,,,,
108,50,DUE,FAILURE_NONHANG,parse_unknown,kernel_reported_fail,,HeCBench/results/llvm17_inject/entropy/float/site108_bit50.out,,,,,,,,,,,,,,,,
108,51,DUE,FAILURE_NONHANG,parse_unknown,kernel_reported_fail,,HeCBench/results/llvm17_inject/entropy/float/site108_bit51.out,,,,,,,,,,,,,,,,
108,52,DUE,FAILURE_NONHANG,parse_unknown,kernel_reported_fail,,HeCBench/results/llvm17_inject/entropy/float/site108_bit52.out,,,,,,,,,,,,,,,,
108,53,DUE,FAILURE_NONHANG,parse_unknown,kernel_reported_fail,,HeCBench/results/llvm17_inject/entropy/float/site108_bit53.out,,,,,,,,,,,,,,,,
108,54,DUE,FAILURE_NONHANG,parse_unknown,kernel_reported_fail,,HeCBench/results/llvm17_inject/entropy/float/site108_bit54.out,,,,,,,,,,,,,,,,
108,55,DUE,FAILURE_NONHANG,parse_unknown,kernel_reported_fail,,HeCBench/results/llvm17_inject/entropy/float/site108_bit55.out,,,,,,,,,,,,,,,,
108,56,DUE,FAILURE_NONHANG,parse_unknown,kernel_reported_fail,,HeCBench/results/llvm17_inject/entropy/float/site108_bit56.out,,,,,,,,,,,,,,,,
108,57,DUE,FAILURE_NONHANG,parse_unknown,kernel_reported_fail,,HeCBench/results/llvm17_inject/entropy/float/site108_bit57.out,,,,,,,,,,,,,,,,
108,58,DUE,FAILURE_NONHANG,parse_unknown,kernel_reported_fail,,HeCBench/results/llvm17_inject/entropy/float/site108_bit58.out,,,,,,,,,,,,,,,,
108,59,DUE,FAILURE_NONHANG,parse_unknown,kernel_reported_fail,,HeCBench/results/llvm17_inject/entropy/float/site108_bit59.out,,,,,,,,,,,,,,,,
108,60,DUE,FAILURE_NONHANG,parse_unknown,kernel_reported_fail,,HeCBench/results/llvm17_inject/entropy/float/site108_bit60.out,,,,,,,,,,,,,,,,
108,61,DUE,FAILURE_NONHANG,parse_unknown,kernel_reported_fail,,HeCBench/results/llvm17_inject/entropy/float/site108_bit61.out,,,,,,,,,,,,,,,,
108,62,DUE,FAILURE_NONHANG,parse_unknown,kernel_reported_fail,,HeCBench/results/llvm17_inject/entropy/float/site108_bit62.out,,,,,,,,,,,,,,,,
108,63,DUE,FAILURE_NONHANG,parse_unknown,kernel_reported_fail,,HeCBench/results/llvm17_inject/entropy/float/site108_bit63.out,,,,,,,,,,,,,,,,
109,0,MASKED,MASKED_UNFLAGGED,,,,HeCBench/results/llvm17_inject/entropy/float/site109_bit0.out,,,,,,,,,,,,,,,,
109,1,MASKED,MASKED_UNFLAGGED,,,,HeCBench/results/llvm17_inject/entropy/float/site109_bit1.out,,,,,,,,,,,,,,,,
109,2,MASKED,MASKED_UNFLAGGED,,,,HeCBench/results/llvm17_inject/entropy/float/site109_bit2.out,,,,,,,,,,,,,,,,
109,3,MASKED,MASKED_UNFLAGGED,,,,HeCBench/results/llvm17_inject/entropy/float/site109_bit3.out,,,,,,,,,,,,,,,,
109,4,SDC,SDC_FLAGGED,0,kernel_reported_fail,,HeCBench/results/llvm17_inject/entropy/float/site109_bit4.out,,,,,,,,,,,,,,,,
109,5,SDC,SDC_FLAGGED,0,kernel_reported_fail,,HeCBench/results/llvm17_inject/entropy/float/site109_bit5.out,,,,,,,,,,,,,,,,
109,6,SDC,SDC_FLAGGED,0,kernel_reported_fail,,HeCBench/results/llvm17_inject/entropy/float/site109_bit6.out,,,,,,,,,,,,,,,,
109,7,SDC,SDC_FLAGGED,0,kernel_reported_fail,,HeCBench/results/llvm17_inject/entropy/float/site109_bit7.out,,,,,,,,,,,,,,,,
109,8,SDC,SDC_FLAGGED,0,kernel_reported_fail,,HeCBench/results/llvm17_inject/entropy/float/site109_bit8.out,,,,,,,,,,,,,,,,
109,9,SDC,SDC_FLAGGED,0,kernel_reported_fail,,HeCBench/results/llvm17_inject/entropy/float/site109_bit9.out,,,,,,,,,,,,,,,,
109,10,SDC,SDC_FLAGGED,0,kernel_reported_fail,,HeCBench/results/llvm17_inject/entropy/float/site109_bit10.out,,,,,,,,,,,,,,,,
109,11,SDC,SDC_FLAGGED,0,kernel_reported_fail,,HeCBench/results/llvm17_inject/entropy/float/site109_bit11.out,,,,,,,,,,,,,,,,
109,12,SDC,SDC_FLAGGED,0,kernel_reported_fail,,HeCBench/results/llvm17_inject/entropy/float/site109_bit12.out,,,,,,,,,,,,,,,,
109,13,SDC,SDC_FLAGGED,0,kernel_reported_fail,,HeCBench/results/llvm17_inject/entropy/float/site109_bit13.out,,,,,,,,,,,,,,,,
109,14,SDC,SDC_FLAGGED,0,kernel_reported_fail,,HeCBench/results/llvm17_inject/entropy/float/site109_bit14.out,,,,,,,,,,,,,,,,
109,15,SDC,SDC_FLAGGED,0,kernel_reported_fail,,HeCBench/results/llvm17_inject/entropy/float/site109_bit15.out,,,,,,,,,,,,,,,,
109,16,SDC,SDC_FLAGGED,0,kernel_reported_fail,,HeCBench/results/llvm17_inject/entropy/float/site109_bit16.out,,,,,,,,,,,,,,,,
109,17,SDC,SDC_FLAGGED,0,kernel_reported_fail,,HeCBench/results/llvm17_inject/entropy/float/site109_bit17.out,,,,,,,,,,,,,,,,
109,18,SDC,SDC_FLAGGED,0,kernel_reported_fail,,HeCBench/results/llvm17_inject/entropy/float/site109_bit18.out,,,,,,,,,,,,,,,,
109,19,SDC,SDC_FLAGGED,0,kernel_reported_fail,,HeCBench/results/llvm17_inject/entropy/float/site109_bit19.out,,,,,,,,,,,,,,,,
109,20,SDC,SDC_FLAGGED,0,kernel_reported_fail,,HeCBench/results/llvm17_inject/entropy/float/site109_bit20.out,,,,,,,,,,,,,,,,
109,21,SDC,SDC_FLAGGED,0,kernel_reported_fail,,HeCBench/results/llvm17_inject/entropy/float/site109_bit21.out,,,,,,,,,,,,,,,,
109,22,SDC,SDC_FLAGGED,0,kernel_reported_fail,,HeCBench/results/llvm17_inject/entropy/float/site109_bit22.out,,,,,,,,,,,,,,,,
109,23,SDC,SDC_FLAGGED,0,kernel_reported_fail,,HeCBench/results/llvm17_inject/entropy/float/site109_bit23.out,,,,,,,,,,,,,,,,
109,24,SDC,SDC_FLAGGED,0,kernel_reported_fail,,HeCBench/results/llvm17_inject/entropy/float/site109_bit24.out,,,,,,,,,,,,,,,,
109,25,SDC,SDC_FLAGGED,0,kernel_reported_fail,,HeCBench/results/llvm17_inject/entropy/float/site109_bit25.out,,,,,,,,,,,,,,,,
109,26,SDC,SDC_FLAGGED,0,kernel_reported_fail,,HeCBench/results/llvm17_inject/entropy/float/site109_bit26.out,,,,,,,,,,,,,,,,
109,27,SDC,SDC_FLAGGED,0,kernel_reported_fail,,HeCBench/results/llvm17_inject/entropy/float/site109_bit27.out,,,,,,,,,,,,,,,,
109,28,SDC,SDC_FLAGGED,0,kernel_reported_fail,,HeCBench/results/llvm17_inject/entropy/float/site109_bit28.out,,,,,,,,,,,,,,,,
109,29,SDC,SDC_FLAGGED,0,kernel_reported_fail,,HeCBench/results/llvm17_inject/entropy/float/site109_bit29.out,,,,,,,,,,,,,,,,
109,30,SDC,SDC_FLAGGED,0,kernel_reported_fail,,HeCBench/results/llvm17_inject/entropy/float/site109_bit30.out,,,,,,,,,,,,,,,,
109,31,SDC,SDC_FLAGGED,0,kernel_reported_fail,,HeCBench/results/llvm17_inject/entropy/float/site109_bit31.out,,,,,,,,,,,,,,,,
109,32,DUE,FAILURE_NONHANG,parse_unknown,kernel_reported_fail,,HeCBench/results/llvm17_inject/entropy/float/site109_bit32.out,,,,,,,,,,,,,,,,
109,33,DUE,FAILURE_NONHANG,parse_unknown,kernel_reported_fail,,HeCBench/results/llvm17_inject/entropy/float/site109_bit33.out,,,,,,,,,,,,,,,,
109,34,DUE,FAILURE_NONHANG,parse_unknown,kernel_reported_fail,,HeCBench/results/llvm17_inject/entropy/float/site109_bit34.out,,,,,,,,,,,,,,,,
109,35,DUE,FAILURE_NONHANG,parse_unknown,kernel_reported_fail,,HeCBench/results/llvm17_inject/entropy/float/site109_bit35.out,,,,,,,,,,,,,,,,
109,36,DUE,FAILURE_NONHANG,parse_unknown,kernel_reported_fail,,HeCBench/results/llvm17_inject/entropy/float/site109_bit36.out,,,,,,,,,,,,,,,,
109,37,DUE,FAILURE_NONHANG,parse_unknown,kernel_reported_fail,,HeCBench/results/llvm17_inject/entropy/float/site109_bit37.out,,,,,,,,,,,,,,,,
109,38,DUE,FAILURE_NONHANG,parse_unknown,kernel_reported_fail,,HeCBench/results/llvm17_inject/entropy/float/site109_bit38.out,,,,,,,,,,,,,,,,
109,39,DUE,FAILURE_NONHANG,parse_unknown,kernel_reported_fail,,HeCBench/results/llvm17_inject/entropy/float/site109_bit39.out,,,,,,,,,,,,,,,,
109,40,DUE,FAILURE_NONHANG,parse_unknown,kernel_reported_fail,,HeCBench/results/llvm17_inject/entropy/float/site109_bit40.out,,,,,,,,,,,,,,,,
109,41,DUE,FAILURE_NONHANG,parse_unknown,kernel_reported_fail,,HeCBench/results/llvm17_inject/entropy/float/site109_bit41.out,,,,,,,,,,,,,,,,
109,42,DUE,FAILURE_NONHANG,parse_unknown,kernel_reported_fail,,HeCBench/results/llvm17_inject/entropy/float/site109_bit42.out,,,,,,,,,,,,,,,,
109,43,DUE,FAILURE_NONHANG,parse_unknown,kernel_reported_fail,,HeCBench/results/llvm17_inject/entropy/float/site109_bit43.out,,,,,,,,,,,,,,,,
109,44,DUE,FAILURE_NONHANG,parse_unknown,kernel_reported_fail,,HeCBench/results/llvm17_inject/entropy/float/site109_bit44.out,,,,,,,,,,,,,,,,
109,45,DUE,FAILURE_NONHANG,parse_unknown,kernel_reported_fail,,HeCBench/results/llvm17_inject/entropy/float/site109_bit45.out,,,,,,,,,,,,,,,,
109,46,DUE,FAILURE_NONHANG,parse_unknown,kernel_reported_fail,,HeCBench/results/llvm17_inject/entropy/float/site109_bit46.out,,,,,,,,,,,,,,,,
109,47,DUE,FAILURE_NONHANG,parse_unknown,kernel_reported_fail,,HeCBench/results/llvm17_inject/entropy/float/site109_bit47.out,,,,,,,,,,,,,,,,
109,48,DUE,FAILURE_NONHANG,parse_unknown,kernel_reported_fail,,HeCBench/results/llvm17_inject/entropy/float/site109_bit48.out,,,,,,,,,,,,,,,,
109,49,DUE,FAILURE_NONHANG,parse_unknown,kernel_reported_fail,,HeCBench/results/llvm17_inject/entropy/float/site109_bit49.out,,,,,,,,,,,,,,,,
109,50,DUE,FAILURE_NONHANG,parse_unknown,kernel_reported_fail,,HeCBench/results/llvm17_inject/entropy/float/site109_bit50.out,,,,,,,,,,,,,,,,
109,51,DUE,FAILURE_NONHANG,parse_unknown,kernel_reported_fail,,HeCBench/results/llvm17_inject/entropy/float/site109_bit51.out,,,,,,,,,,,,,,,,
109,52,DUE,FAILURE_NONHANG,parse_unknown,kernel_reported_fail,,HeCBench/results/llvm17_inject/entropy/float/site109_bit52.out,,,,,,,,,,,,,,,,
109,53,DUE,FAILURE_NONHANG,parse_unknown,kernel_reported_fail,,HeCBench/results/llvm17_inject/entropy/float/site109_bit53.out,,,,,,,,,,,,,,,,
109,54,DUE,FAILURE_NONHANG,parse_unknown,kernel_reported_fail,,HeCBench/results/llvm17_inject/entropy/float/site109_bit54.out,,,,,,,,,,,,,,,,
109,55,DUE,FAILURE_NONHANG,parse_unknown,kernel_reported_fail,,HeCBench/results/llvm17_inject/entropy/float/site109_bit55.out,,,,,,,,,,,,,,,,
109,56,DUE,FAILURE_NONHANG,parse_unknown,kernel_reported_fail,,HeCBench/results/llvm17_inject/entropy/float/site109_bit56.out,,,,,,,,,,,,,,,,
109,57,DUE,FAILURE_NONHANG,parse_unknown,kernel_reported_fail,,HeCBench/results/llvm17_inject/entropy/float/site109_bit57.out,,,,,,,,,,,,,,,,
109,58,DUE,FAILURE_NONHANG,parse_unknown,kernel_reported_fail,,HeCBench/results/llvm17_inject/entropy/float/site109_bit58.out,,,,,,,,,,,,,,,,
109,59,DUE,FAILURE_NONHANG,parse_unknown,kernel_reported_fail,,HeCBench/results/llvm17_inject/entropy/float/site109_bit59.out,,,,,,,,,,,,,,,,
109,60,DUE,FAILURE_NONHANG,parse_unknown,kernel_reported_fail,,HeCBench/results/llvm17_inject/entropy/float/site109_bit60.out,,,,,,,,,,,,,,,,
109,61,DUE,FAILURE_NONHANG,parse_unknown,kernel_reported_fail,,HeCBench/results/llvm17_inject/entropy/float/site109_bit61.out,,,,,,,,,,,,,,,,
109,62,DUE,FAILURE_NONHANG,parse_unknown,kernel_reported_fail,,HeCBench/results/llvm17_inject/entropy/float/site109_bit62.out,,,,,,,,,,,,,,,,
109,63,DUE,FAILURE_NONHANG,parse_unknown,kernel_reported_fail,,HeCBench/results/llvm17_inject/entropy/float/site109_bit63.out,,,,,,,,,,,,,,,,
110,0,SDC,SDC_FLAGGED,0,kernel_reported_fail,,HeCBench/results/llvm17_inject/entropy/float/site110_bit0.out,,,,,,,,,,,,,,,,
110,1,DUE,FAILURE_NONHANG,parse_unknown,kernel_reported_fail,,HeCBench/results/llvm17_inject/entropy/float/site110_bit1.out,,,,,,,,,,,,,,,,
110,2,DUE,FAILURE_NONHANG,parse_unknown,kernel_reported_fail,,HeCBench/results/llvm17_inject/entropy/float/site110_bit2.out,,,,,,,,,,,,,,,,
110,3,DUE,FAILURE_NONHANG,parse_unknown,kernel_reported_fail,,HeCBench/results/llvm17_inject/entropy/float/site110_bit3.out,,,,,,,,,,,,,,,,
110,4,DUE,FAILURE_NONHANG,parse_unknown,kernel_reported_fail,,HeCBench/results/llvm17_inject/entropy/float/site110_bit4.out,,,,,,,,,,,,,,,,
110,5,DUE,FAILURE_NONHANG,parse_unknown,kernel_reported_fail,,HeCBench/results/llvm17_inject/entropy/float/site110_bit5.out,,,,,,,,,,,,,,,,
110,6,DUE,FAILURE_NONHANG,parse_unknown,kernel_reported_fail,,HeCBench/results/llvm17_inject/entropy/float/site110_bit6.out,,,,,,,,,,,,,,,,
110,7,DUE,FAILURE_NONHANG,parse_unknown,kernel_reported_fail,,HeCBench/results/llvm17_inject/entropy/float/site110_bit7.out,,,,,,,,,,,,,,,,
110,8,DUE,FAILURE_NONHANG,parse_unknown,kernel_reported_fail,,HeCBench/results/llvm17_inject/entropy/float/site110_bit8.out,,,,,,,,,,,,,,,,
110,9,DUE,FAILURE_NONHANG,parse_unknown,kernel_reported_fail,,HeCBench/results/llvm17_inject/entropy/float/site110_bit9.out,,,,,,,,,,,,,,,,
110,10,DUE,FAILURE_NONHANG,parse_unknown,kernel_reported_fail,,HeCBench/results/llvm17_inject/entropy/float/site110_bit10.out,,,,,,,,,,,,,,,,
110,11,DUE,FAILURE_NONHANG,parse_unknown,kernel_reported_fail,,HeCBench/results/llvm17_inject/entropy/float/site110_bit11.out,,,,,,,,,,,,,,,,
110,12,DUE,FAILURE_NONHANG,parse_unknown,kernel_reported_fail,,HeCBench/results/llvm17_inject/entropy/float/site110_bit12.out,,,,,,,,,,,,,,,,
110,13,DUE,FAILURE_NONHANG,parse_unknown,kernel_reported_fail,,HeCBench/results/llvm17_inject/entropy/float/site110_bit13.out,,,,,,,,,,,,,,,,
110,14,DUE,FAILURE_NONHANG,parse_unknown,kernel_reported_fail,,HeCBench/results/llvm17_inject/entropy/float/site110_bit14.out,,,,,,,,,,,,,,,,
110,15,DUE,FAILURE_NONHANG,parse_unknown,kernel_reported_fail,,HeCBench/results/llvm17_inject/entropy/float/site110_bit15.out,,,,,,,,,,,,,,,,
110,16,DUE,FAILURE_NONHANG,parse_unknown,kernel_reported_fail,,HeCBench/results/llvm17_inject/entropy/float/site110_bit16.out,,,,,,,,,,,,,,,,
110,17,DUE,FAILURE_NONHANG,parse_unknown,kernel_reported_fail,,HeCBench/results/llvm17_inject/entropy/float/site110_bit17.out,,,,,,,,,,,,,,,,
110,18,DUE,FAILURE_NONHANG,parse_unknown,kernel_reported_fail,,HeCBench/results/llvm17_inject/entropy/float/site110_bit18.out,,,,,,,,,,,,,,,,
110,19,DUE,FAILURE_NONHANG,parse_unknown,kernel_reported_fail,,HeCBench/results/llvm17_inject/entropy/float/site110_bit19.out,,,,,,,,,,,,,,,,
110,20,DUE,FAILURE_NONHANG,parse_unknown,kernel_reported_fail,,HeCBench/results/llvm17_inject/entropy/float/site110_bit20.out,,,,,,,,,,,,,,,,
110,21,DUE,FAILURE_NONHANG,parse_unknown,kernel_reported_fail,,HeCBench/results/llvm17_inject/entropy/float/site110_bit21.out,,,,,,,,,,,,,,,,
110,22,DUE,FAILURE_NONHANG,parse_unknown,kernel_reported_fail,,HeCBench/results/llvm17_inject/entropy/float/site110_bit22.out,,,,,,,,,,,,,,,,
110,23,DUE,FAILURE_NONHANG,parse_unknown,kernel_reported_fail,,HeCBench/results/llvm17_inject/entropy/float/site110_bit23.out,,,,,,,,,,,,,,,,
110,24,DUE,FAILURE_NONHANG,parse_unknown,kernel_reported_fail,,HeCBench/results/llvm17_inject/entropy/float/site110_bit24.out,,,,,,,,,,,,,,,,
110,25,DUE,FAILURE_NONHANG,parse_unknown,kernel_reported_fail,,HeCBench/results/llvm17_inject/entropy/float/site110_bit25.out,,,,,,,,,,,,,,,,
110,26,DUE,FAILURE_NONHANG,parse_unknown,kernel_reported_fail,,HeCBench/results/llvm17_inject/entropy/float/site110_bit26.out,,,,,,,,,,,,,,,,
110,27,DUE,FAILURE_NONHANG,parse_unknown,kernel_reported_fail,,HeCBench/results/llvm17_inject/entropy/float/site110_bit27.out,,,,,,,,,,,,,,,,
110,28,DUE,FAILURE_NONHANG,parse_unknown,kernel_reported_fail,,HeCBench/results/llvm17_inject/entropy/float/site110_bit28.out,,,,,,,,,,,,,,,,
110,29,DUE,FAILURE_NONHANG,parse_unknown,kernel_reported_fail,,HeCBench/results/llvm17_inject/entropy/float/site110_bit29.out,,,,,,,,,,,,,,,,
110,30,DUE,FAILURE_NONHANG,parse_unknown,kernel_reported_fail,,HeCBench/results/llvm17_inject/entropy/float/site110_bit30.out,,,,,,,,,,,,,,,,
110,31,DUE,FAILURE_NONHANG,parse_unknown,kernel_reported_fail,,HeCBench/results/llvm17_inject/entropy/float/site110_bit31.out,,,,,,,,,,,,,,,,
110,32,DUE,FAILURE_NONHANG,parse_unknown,kernel_reported_fail,,HeCBench/results/llvm17_inject/entropy/float/site110_bit32.out,,,,,,,,,,,,,,,,
110,33,DUE,FAILURE_NONHANG,parse_unknown,kernel_reported_fail,,HeCBench/results/llvm17_inject/entropy/float/site110_bit33.out,,,,,,,,,,,,,,,,
110,34,DUE,FAILURE_NONHANG,parse_unknown,kernel_reported_fail,,HeCBench/results/llvm17_inject/entropy/float/site110_bit34.out,,,,,,,,,,,,,,,,
110,35,DUE,FAILURE_NONHANG,parse_unknown,kernel_reported_fail,,HeCBench/results/llvm17_inject/entropy/float/site110_bit35.out,,,,,,,,,,,,,,,,
110,36,DUE,FAILURE_NONHANG,parse_unknown,kernel_reported_fail,,HeCBench/results/llvm17_inject/entropy/float/site110_bit36.out,,,,,,,,,,,,,,,,
110,37,DUE,FAILURE_NONHANG,parse_unknown,kernel_reported_fail,,HeCBench/results/llvm17_inject/entropy/float/site110_bit37.out,,,,,,,,,,,,,,,,
110,38,DUE,FAILURE_NONHANG,parse_unknown,kernel_reported_fail,,HeCBench/results/llvm17_inject/entropy/float/site110_bit38.out,,,,,,,,,,,,,,,,
110,39,DUE,FAILURE_NONHANG,parse_unknown,kernel_reported_fail,,HeCBench/results/llvm17_inject/entropy/float/site110_bit39.out,,,,,,,,,,,,,,,,
110,40,DUE,FAILURE_NONHANG,parse_unknown,kernel_reported_fail,,HeCBench/results/llvm17_inject/entropy/float/site110_bit40.out,,,,,,,,,,,,,,,,
110,41,DUE,FAILURE_NONHANG,parse_unknown,kernel_reported_fail,,HeCBench/results/llvm17_inject/entropy/float/site110_bit41.out,,,,,,,,,,,,,,,,
110,42,DUE,FAILURE_NONHANG,parse_unknown,kernel_reported_fail,,HeCBench/results/llvm17_inject/entropy/float/site110_bit42.out,,,,,,,,,,,,,,,,
110,43,DUE,FAILURE_NONHANG,parse_unknown,kernel_reported_fail,,HeCBench/results/llvm17_inject/entropy/float/site110_bit43.out,,,,,,,,,,,,,,,,
110,44,DUE,FAILURE_NONHANG,parse_unknown,kernel_reported_fail,,HeCBench/results/llvm17_inject/entropy/float/site110_bit44.out,,,,,,,,,,,,,,,,
110,45,DUE,FAILURE_NONHANG,parse_unknown,kernel_reported_fail,,HeCBench/results/llvm17_inject/entropy/float/site110_bit45.out,,,,,,,,,,,,,,,,
110,46,DUE,FAILURE_NONHANG,parse_unknown,kernel_reported_fail,,HeCBench/results/llvm17_inject/entropy/float/site110_bit46.out,,,,,,,,,,,,,,,,
110,47,DUE,FAILURE_NONHANG,parse_unknown,kernel_reported_fail,,HeCBench/results/llvm17_inject/entropy/float/site110_bit47.out,,,,,,,,,,,,,,,,
110,48,DUE,FAILURE_NONHANG,parse_unknown,kernel_reported_fail,,HeCBench/results/llvm17_inject/entropy/float/site110_bit48.out,,,,,,,,,,,,,,,,
110,49,DUE,FAILURE_NONHANG,parse_unknown,kernel_reported_fail,,HeCBench/results/llvm17_inject/entropy/float/site110_bit49.out,,,,,,,,,,,,,,,,
110,50,DUE,FAILURE_NONHANG,parse_unknown,kernel_reported_fail,,HeCBench/results/llvm17_inject/entropy/float/site110_bit50.out,,,,,,,,,,,,,,,,
110,51,DUE,FAILURE_NONHANG,parse_unknown,kernel_reported_fail,,HeCBench/results/llvm17_inject/entropy/float/site110_bit51.out,,,,,,,,,,,,,,,,
110,52,DUE,FAILURE_NONHANG,parse_unknown,kernel_reported_fail,,HeCBench/results/llvm17_inject/entropy/float/site110_bit52.out,,,,,,,,,,,,,,,,
110,53,DUE,FAILURE_NONHANG,parse_unknown,kernel_reported_fail,,HeCBench/results/llvm17_inject/entropy/float/site110_bit53.out,,,,,,,,,,,,,,,,
110,54,DUE,FAILURE_NONHANG,parse_unknown,kernel_reported_fail,,HeCBench/results/llvm17_inject/entropy/float/site110_bit54.out,,,,,,,,,,,,,,,,
110,55,DUE,FAILURE_NONHANG,parse_unknown,kernel_reported_fail,,HeCBench/results/llvm17_inject/entropy/float/site110_bit55.out,,,,,,,,,,,,,,,,
110,56,DUE,FAILURE_NONHANG,parse_unknown,kernel_reported_fail,,HeCBench/results/llvm17_inject/entropy/float/site110_bit56.out,,,,,,,,,,,,,,,,
110,57,DUE,FAILURE_NONHANG,parse_unknown,kernel_reported_fail,,HeCBench/results/llvm17_inject/entropy/float/site110_bit57.out,,,,,,,,,,,,,,,,
110,58,DUE,FAILURE_NONHANG,parse_unknown,kernel_reported_fail,,HeCBench/results/llvm17_inject/entropy/float/site110_bit58.out,,,,,,,,,,,,,,,,
110,59,DUE,FAILURE_NONHANG,parse_unknown,kernel_reported_fail,,HeCBench/results/llvm17_inject/entropy/float/site110_bit59.out,,,,,,,,,,,,,,,,
110,60,DUE,FAILURE_NONHANG,parse_unknown,kernel_reported_fail,,HeCBench/results/llvm17_inject/entropy/float/site110_bit60.out,,,,,,,,,,,,,,,,
110,61,DUE,FAILURE_NONHANG,parse_unknown,kernel_reported_fail,,HeCBench/results/llvm17_inject/entropy/float/site110_bit61.out,,,,,,,,,,,,,,,,
110,62,DUE,FAILURE_NONHANG,parse_unknown,kernel_reported_fail,,HeCBench/results/llvm17_inject/entropy/float/site110_bit62.out,,,,,,,,,,,,,,,,
110,63,DUE,FAILURE_NONHANG,parse_unknown,kernel_reported_fail,,HeCBench/results/llvm17_inject/entropy/float/site110_bit63.out,,,,,,,,,,,,,,,,
111,0,MASKED,MASKED_UNFLAGGED,,,,HeCBench/results/llvm17_inject/entropy/float/site111_bit0.out,,,,,,,,,,,,,,,,
111,1,MASKED,MASKED_UNFLAGGED,,,,HeCBench/results/llvm17_inject/entropy/float/site111_bit1.out,,,,,,,,,,,,,,,,
111,2,MASKED,MASKED_UNFLAGGED,,,,HeCBench/results/llvm17_inject/entropy/float/site111_bit2.out,,,,,,,,,,,,,,,,
111,3,MASKED,MASKED_UNFLAGGED,,,,HeCBench/results/llvm17_inject/entropy/float/site111_bit3.out,,,,,,,,,,,,,,,,
111,4,SDC,SDC_FLAGGED,0,kernel_reported_fail,,HeCBench/results/llvm17_inject/entropy/float/site111_bit4.out,,,,,,,,,,,,,,,,
111,5,SDC,SDC_FLAGGED,0,kernel_reported_fail,,HeCBench/results/llvm17_inject/entropy/float/site111_bit5.out,,,,,,,,,,,,,,,,
111,6,SDC,SDC_FLAGGED,0,kernel_reported_fail,,HeCBench/results/llvm17_inject/entropy/float/site111_bit6.out,,,,,,,,,,,,,,,,
111,7,SDC,SDC_FLAGGED,0,kernel_reported_fail,,HeCBench/results/llvm17_inject/entropy/float/site111_bit7.out,,,,,,,,,,,,,,,,
111,8,SDC,SDC_FLAGGED,0,kernel_reported_fail,,HeCBench/results/llvm17_inject/entropy/float/site111_bit8.out,,,,,,,,,,,,,,,,
111,9,SDC,SDC_FLAGGED,0,kernel_reported_fail,,HeCBench/results/llvm17_inject/entropy/float/site111_bit9.out,,,,,,,,,,,,,,,,
111,10,SDC,SDC_FLAGGED,0,kernel_reported_fail,,HeCBench/results/llvm17_inject/entropy/float/site111_bit10.out,,,,,,,,,,,,,,,,
111,11,SDC,SDC_FLAGGED,0,kernel_reported_fail,,HeCBench/results/llvm17_inject/entropy/float/site111_bit11.out,,,,,,,,,,,,,,,,
111,12,SDC,SDC_FLAGGED,0,kernel_reported_fail,,HeCBench/results/llvm17_inject/entropy/float/site111_bit12.out,,,,,,,,,,,,,,,,
111,13,SDC,SDC_FLAGGED,0,kernel_reported_fail,,HeCBench/results/llvm17_inject/entropy/float/site111_bit13.out,,,,,,,,,,,,,,,,
111,14,SDC,SDC_FLAGGED,0,kernel_reported_fail,,HeCBench/results/llvm17_inject/entropy/float/site111_bit14.out,,,,,,,,,,,,,,,,
111,15,SDC,SDC_FLAGGED,0,kernel_reported_fail,,HeCBench/results/llvm17_inject/entropy/float/site111_bit15.out,,,,,,,,,,,,,,,,
111,16,SDC,SDC_FLAGGED,0,kernel_reported_fail,,HeCBench/results/llvm17_inject/entropy/float/site111_bit16.out,,,,,,,,,,,,,,,,
111,17,SDC,SDC_FLAGGED,0,kernel_reported_fail,,HeCBench/results/llvm17_inject/entropy/float/site111_bit17.out,,,,,,,,,,,,,,,,
111,18,SDC,SDC_FLAGGED,0,kernel_reported_fail,,HeCBench/results/llvm17_inject/entropy/float/site111_bit18.out,,,,,,,,,,,,,,,,
111,19,SDC,SDC_FLAGGED,0,kernel_reported_fail,,HeCBench/results/llvm17_inject/entropy/float/site111_bit19.out,,,,,,,,,,,,,,,,
111,20,SDC,SDC_FLAGGED,0,kernel_reported_fail,,HeCBench/results/llvm17_inject/entropy/float/site111_bit20.out,,,,,,,,,,,,,,,,
111,21,SDC,SDC_FLAGGED,0,kernel_reported_fail,,HeCBench/results/llvm17_inject/entropy/float/site111_bit21.out,,,,,,,,,,,,,,,,
111,22,SDC,SDC_FLAGGED,0,kernel_reported_fail,,HeCBench/results/llvm17_inject/entropy/float/site111_bit22.out,,,,,,,,,,,,,,,,
111,23,SDC,SDC_FLAGGED,0,kernel_reported_fail,,HeCBench/results/llvm17_inject/entropy/float/site111_bit23.out,,,,,,,,,,,,,,,,
111,24,SDC,SDC_FLAGGED,0,kernel_reported_fail,,HeCBench/results/llvm17_inject/entropy/float/site111_bit24.out,,,,,,,,,,,,,,,,
111,25,SDC,SDC_FLAGGED,0,kernel_reported_fail,,HeCBench/results/llvm17_inject/entropy/float/site111_bit25.out,,,,,,,,,,,,,,,,
111,26,SDC,SDC_FLAGGED,0,kernel_reported_fail,,HeCBench/results/llvm17_inject/entropy/float/site111_bit26.out,,,,,,,,,,,,,,,,
111,27,SDC,SDC_FLAGGED,0,kernel_reported_fail,,HeCBench/results/llvm17_inject/entropy/float/site111_bit27.out,,,,,,,,,,,,,,,,
111,28,SDC,SDC_FLAGGED,0,kernel_reported_fail,,HeCBench/results/llvm17_inject/entropy/float/site111_bit28.out,,,,,,,,,,,,,,,,
111,29,SDC,SDC_FLAGGED,0,kernel_reported_fail,,HeCBench/results/llvm17_inject/entropy/float/site111_bit29.out,,,,,,,,,,,,,,,,
111,30,SDC,SDC_FLAGGED,0,kernel_reported_fail,,HeCBench/results/llvm17_inject/entropy/float/site111_bit30.out,,,,,,,,,,,,,,,,
111,31,SDC,SDC_FLAGGED,0,kernel_reported_fail,,HeCBench/results/llvm17_inject/entropy/float/site111_bit31.out,,,,,,,,,,,,,,,,
111,32,DUE,FAILURE_NONHANG,parse_unknown,kernel_reported_fail,,HeCBench/results/llvm17_inject/entropy/float/site111_bit32.out,,,,,,,,,,,,,,,,
111,33,DUE,FAILURE_NONHANG,parse_unknown,kernel_reported_fail,,HeCBench/results/llvm17_inject/entropy/float/site111_bit33.out,,,,,,,,,,,,,,,,
111,34,DUE,FAILURE_NONHANG,parse_unknown,kernel_reported_fail,,HeCBench/results/llvm17_inject/entropy/float/site111_bit34.out,,,,,,,,,,,,,,,,
111,35,DUE,FAILURE_NONHANG,parse_unknown,kernel_reported_fail,,HeCBench/results/llvm17_inject/entropy/float/site111_bit35.out,,,,,,,,,,,,,,,,
111,36,DUE,FAILURE_NONHANG,parse_unknown,kernel_reported_fail,,HeCBench/results/llvm17_inject/entropy/float/site111_bit36.out,,,,,,,,,,,,,,,,
111,37,DUE,FAILURE_NONHANG,parse_unknown,kernel_reported_fail,,HeCBench/results/llvm17_inject/entropy/float/site111_bit37.out,,,,,,,,,,,,,,,,
111,38,DUE,FAILURE_NONHANG,parse_unknown,kernel_reported_fail,,HeCBench/results/llvm17_inject/entropy/float/site111_bit38.out,,,,,,,,,,,,,,,,
111,39,DUE,FAILURE_NONHANG,parse_unknown,kernel_reported_fail,,HeCBench/results/llvm17_inject/entropy/float/site111_bit39.out,,,,,,,,,,,,,,,,
111,40,DUE,FAILURE_NONHANG,parse_unknown,kernel_reported_fail,,HeCBench/results/llvm17_inject/entropy/float/site111_bit40.out,,,,,,,,,,,,,,,,
111,41,DUE,FAILURE_NONHANG,parse_unknown,kernel_reported_fail,,HeCBench/results/llvm17_inject/entropy/float/site111_bit41.out,,,,,,,,,,,,,,,,
111,42,DUE,FAILURE_NONHANG,parse_unknown,kernel_reported_fail,,HeCBench/results/llvm17_inject/entropy/float/site111_bit42.out,,,,,,,,,,,,,,,,
111,43,DUE,FAILURE_NONHANG,parse_unknown,kernel_reported_fail,,HeCBench/results/llvm17_inject/entropy/float/site111_bit43.out,,,,,,,,,,,,,,,,
111,44,DUE,FAILURE_NONHANG,parse_unknown,kernel_reported_fail,,HeCBench/results/llvm17_inject/entropy/float/site111_bit44.out,,,,,,,,,,,,,,,,
111,45,DUE,FAILURE_NONHANG,parse_unknown,kernel_reported_fail,,HeCBench/results/llvm17_inject/entropy/float/site111_bit45.out,,,,,,,,,,,,,,,,
111,46,DUE,FAILURE_NONHANG,parse_unknown,kernel_reported_fail,,HeCBench/results/llvm17_inject/entropy/float/site111_bit46.out,,,,,,,,,,,,,,,,
111,47,DUE,FAILURE_NONHANG,parse_unknown,kernel_reported_fail,,HeCBench/results/llvm17_inject/entropy/float/site111_bit47.out,,,,,,,,,,,,,,,,
111,48,DUE,FAILURE_NONHANG,parse_unknown,kernel_reported_fail,,HeCBench/results/llvm17_inject/entropy/float/site111_bit48.out,,,,,,,,,,,,,,,,
111,49,DUE,FAILURE_NONHANG,parse_unknown,kernel_reported_fail,,HeCBench/results/llvm17_inject/entropy/float/site111_bit49.out,,,,,,,,,,,,,,,,
111,50,DUE,FAILURE_NONHANG,parse_unknown,kernel_reported_fail,,HeCBench/results/llvm17_inject/entropy/float/site111_bit50.out,,,,,,,,,,,,,,,,
111,51,DUE,FAILURE_NONHANG,parse_unknown,kernel_reported_fail,,HeCBench/results/llvm17_inject/entropy/float/site111_bit51.out,,,,,,,,,,,,,,,,
111,52,DUE,FAILURE_NONHANG,parse_unknown,kernel_reported_fail,,HeCBench/results/llvm17_inject/entropy/float/site111_bit52.out,,,,,,,,,,,,,,,,
111,53,DUE,FAILURE_NONHANG,parse_unknown,kernel_reported_fail,,HeCBench/results/llvm17_inject/entropy/float/site111_bit53.out,,,,,,,,,,,,,,,,
111,54,DUE,FAILURE_NONHANG,parse_unknown,kernel_reported_fail,,HeCBench/results/llvm17_inject/entropy/float/site111_bit54.out,,,,,,,,,,,,,,,,
111,55,DUE,FAILURE_NONHANG,parse_unknown,kernel_reported_fail,,HeCBench/results/llvm17_inject/entropy/float/site111_bit55.out,,,,,,,,,,,,,,,,
111,56,DUE,FAILURE_NONHANG,parse_unknown,kernel_reported_fail,,HeCBench/results/llvm17_inject/entropy/float/site111_bit56.out,,,,,,,,,,,,,,,,
111,57,DUE,FAILURE_NONHANG,parse_unknown,kernel_reported_fail,,HeCBench/results/llvm17_inject/entropy/float/site111_bit57.out,,,,,,,,,,,,,,,,
111,58,DUE,FAILURE_NONHANG,parse_unknown,kernel_reported_fail,,HeCBench/results/llvm17_inject/entropy/float/site111_bit58.out,,,,,,,,,,,,,,,,
111,59,DUE,FAILURE_NONHANG,parse_unknown,kernel_reported_fail,,HeCBench/results/llvm17_inject/entropy/float/site111_bit59.out,,,,,,,,,,,,,,,,
111,60,DUE,FAILURE_NONHANG,parse_unknown,kernel_reported_fail,,HeCBench/results/llvm17_inject/entropy/float/site111_bit60.out,,,,,,,,,,,,,,,,
111,61,DUE,FAILURE_NONHANG,parse_unknown,kernel_reported_fail,,HeCBench/results/llvm17_inject/entropy/float/site111_bit61.out,,,,,,,,,,,,,,,,
111,62,DUE,FAILURE_NONHANG,parse_unknown,kernel_reported_fail,,HeCBench/results/llvm17_inject/entropy/float/site111_bit62.out,,,,,,,,,,,,,,,,
111,63,DUE,FAILURE_NONHANG,parse_unknown,kernel_reported_fail,,HeCBench/results/llvm17_inject/entropy/float/site111_bit63.out,,,,,,,,,,,,,,,,
116,0,DUE,FAILURE_NONHANG,empty_out,,,HeCBench/results/llvm17_inject/entropy/float/site116_bit0.out,,,,,,,,,,,,,,,,
116,1,SDC,SDC_FLAGGED,0,kernel_reported_fail,,HeCBench/results/llvm17_inject/entropy/float/site116_bit1.out,,,,,,,,,,,,,,,,
116,2,SDC,SDC_FLAGGED,0,kernel_reported_fail,,HeCBench/results/llvm17_inject/entropy/float/site116_bit2.out,,,,,,,,,,,,,,,,
116,3,SDC,SDC_FLAGGED,0,kernel_reported_fail,,HeCBench/results/llvm17_inject/entropy/float/site116_bit3.out,,,,,,,,,,,,,,,,
116,4,SDC,SDC_FLAGGED,0,kernel_reported_fail,,HeCBench/results/llvm17_inject/entropy/float/site116_bit4.out,,,,,,,,,,,,,,,,
116,5,SDC,SDC_FLAGGED,0,kernel_reported_fail,,HeCBench/results/llvm17_inject/entropy/float/site116_bit5.out,,,,,,,,,,,,,,,,
116,6,SDC,SDC_FLAGGED,0,kernel_reported_fail,,HeCBench/results/llvm17_inject/entropy/float/site116_bit6.out,,,,,,,,,,,,,,,,
116,7,SDC,SDC_FLAGGED,0,kernel_reported_fail,,HeCBench/results/llvm17_inject/entropy/float/site116_bit7.out,,,,,,,,,,,,,,,,
116,8,SDC,SDC_FLAGGED,0,kernel_reported_fail,,HeCBench/results/llvm17_inject/entropy/float/site116_bit8.out,,,,,,,,,,,,,,,,
116,9,SDC,SDC_FLAGGED,0,kernel_reported_fail,,HeCBench/results/llvm17_inject/entropy/float/site116_bit9.out,,,,,,,,,,,,,,,,
116,10,SDC,SDC_FLAGGED,0,kernel_reported_fail,,HeCBench/results/llvm17_inject/entropy/float/site116_bit10.out,,,,,,,,,,,,,,,,
116,11,SDC,SDC_FLAGGED,0,kernel_reported_fail,,HeCBench/results/llvm17_inject/entropy/float/site116_bit11.out,,,,,,,,,,,,,,,,
116,12,SDC,SDC_FLAGGED,0,kernel_reported_fail,,HeCBench/results/llvm17_inject/entropy/float/site116_bit12.out,,,,,,,,,,,,,,,,
116,13,SDC,SDC_FLAGGED,0,kernel_reported_fail,,HeCBench/results/llvm17_inject/entropy/float/site116_bit13.out,,,,,,,,,,,,,,,,
116,14,SDC,SDC_FLAGGED,0,kernel_reported_fail,,HeCBench/results/llvm17_inject/entropy/float/site116_bit14.out,,,,,,,,,,,,,,,,
116,15,SDC,SDC_FLAGGED,0,kernel_reported_fail,,HeCBench/results/llvm17_inject/entropy/float/site116_bit15.out,,,,,,,,,,,,,,,,
116,16,SDC,SDC_FLAGGED,0,kernel_reported_fail,,HeCBench/results/llvm17_inject/entropy/float/site116_bit16.out,,,,,,,,,,,,,,,,
116,17,SDC,SDC_FLAGGED,0,kernel_reported_fail,,HeCBench/results/llvm17_inject/entropy/float/site116_bit17.out,,,,,,,,,,,,,,,,
116,18,SDC,SDC_FLAGGED,0,kernel_reported_fail,,HeCBench/results/llvm17_inject/entropy/float/site116_bit18.out,,,,,,,,,,,,,,,,
116,19,SDC,SDC_FLAGGED,0,kernel_reported_fail,,HeCBench/results/llvm17_inject/entropy/float/site116_bit19.out,,,,,,,,,,,,,,,,
116,20,SDC,SDC_FLAGGED,0,kernel_reported_fail,,HeCBench/results/llvm17_inject/entropy/float/site116_bit20.out,,,,,,,,,,,,,,,,
116,21,SDC,SDC_FLAGGED,0,kernel_reported_fail,,HeCBench/results/llvm17_inject/entropy/float/site116_bit21.out,,,,,,,,,,,,,,,,
116,22,SDC,SDC_FLAGGED,0,kernel_reported_fail,,HeCBench/results/llvm17_inject/entropy/float/site116_bit22.out,,,,,,,,,,,,,,,,
116,23,SDC,SDC_FLAGGED,0,kernel_reported_fail,,HeCBench/results/llvm17_inject/entropy/float/site116_bit23.out,,,,,,,,,,,,,,,,
116,24,SDC,SDC_FLAGGED,0,kernel_reported_fail,,HeCBench/results/llvm17_inject/entropy/float/site116_bit24.out,,,,,,,,,,,,,,,,
116,25,SDC,SDC_FLAGGED,0,kernel_reported_fail,,HeCBench/results/llvm17_inject/entropy/float/site116_bit25.out,,,,,,,,,,,,,,,,
116,26,SDC,SDC_FLAGGED,0,kernel_reported_fail,,HeCBench/results/llvm17_inject/entropy/float/site116_bit26.out,,,,,,,,,,,,,,,,
116,27,SDC,SDC_FLAGGED,0,kernel_reported_fail,,HeCBench/results/llvm17_inject/entropy/float/site116_bit27.out,,,,,,,,,,,,,,,,
116,28,SDC,SDC_FLAGGED,0,kernel_reported_fail,,HeCBench/results/llvm17_inject/entropy/float/site116_bit28.out,,,,,,,,,,,,,,,,
116,29,SDC,SDC_FLAGGED,0,kernel_reported_fail,,HeCBench/results/llvm17_inject/entropy/float/site116_bit29.out,,,,,,,,,,,,,,,,
116,30,SDC,SDC_FLAGGED,0,kernel_reported_fail,,HeCBench/results/llvm17_inject/entropy/float/site116_bit30.out,,,,,,,,,,,,,,,,
116,31,SDC,SDC_FLAGGED,0,kernel_reported_fail,,HeCBench/results/llvm17_inject/entropy/float/site116_bit31.out,,,,,,,,,,,,,,,,
116,32,DUE,FAILURE_NONHANG,parse_unknown,kernel_reported_fail,,HeCBench/results/llvm17_inject/entropy/float/site116_bit32.out,,,,,,,,,,,,,,,,
116,33,DUE,FAILURE_NONHANG,parse_unknown,kernel_reported_fail,,HeCBench/results/llvm17_inject/entropy/float/site116_bit33.out,,,,,,,,,,,,,,,,
116,34,DUE,FAILURE_NONHANG,parse_unknown,kernel_reported_fail,,HeCBench/results/llvm17_inject/entropy/float/site116_bit34.out,,,,,,,,,,,,,,,,
116,35,DUE,FAILURE_NONHANG,parse_unknown,kernel_reported_fail,,HeCBench/results/llvm17_inject/entropy/float/site116_bit35.out,,,,,,,,,,,,,,,,
116,36,DUE,FAILURE_NONHANG,parse_unknown,kernel_reported_fail,,HeCBench/results/llvm17_inject/entropy/float/site116_bit36.out,,,,,,,,,,,,,,,,
116,37,DUE,FAILURE_NONHANG,parse_unknown,kernel_reported_fail,,HeCBench/results/llvm17_inject/entropy/float/site116_bit37.out,,,,,,,,,,,,,,,,
116,38,DUE,FAILURE_NONHANG,parse_unknown,kernel_reported_fail,,HeCBench/results/llvm17_inject/entropy/float/site116_bit38.out,,,,,,,,,,,,,,,,
116,39,DUE,FAILURE_NONHANG,parse_unknown,kernel_reported_fail,,HeCBench/results/llvm17_inject/entropy/float/site116_bit39.out,,,,,,,,,,,,,,,,
116,40,DUE,FAILURE_NONHANG,parse_unknown,kernel_reported_fail,,HeCBench/results/llvm17_inject/entropy/float/site116_bit40.out,,,,,,,,,,,,,,,,
116,41,DUE,FAILURE_NONHANG,parse_unknown,kernel_reported_fail,,HeCBench/results/llvm17_inject/entropy/float/site116_bit41.out,,,,,,,,,,,,,,,,
116,42,DUE,FAILURE_NONHANG,parse_unknown,kernel_reported_fail,,HeCBench/results/llvm17_inject/entropy/float/site116_bit42.out,,,,,,,,,,,,,,,,
116,43,DUE,FAILURE_NONHANG,parse_unknown,kernel_reported_fail,,HeCBench/results/llvm17_inject/entropy/float/site116_bit43.out,,,,,,,,,,,,,,,,
116,44,DUE,FAILURE_NONHANG,parse_unknown,kernel_reported_fail,,HeCBench/results/llvm17_inject/entropy/float/site116_bit44.out,,,,,,,,,,,,,,,,
116,45,DUE,FAILURE_NONHANG,parse_unknown,kernel_reported_fail,,HeCBench/results/llvm17_inject/entropy/float/site116_bit45.out,,,,,,,,,,,,,,,,
116,46,DUE,FAILURE_NONHANG,parse_unknown,kernel_reported_fail,,HeCBench/results/llvm17_inject/entropy/float/site116_bit46.out,,,,,,,,,,,,,,,,
116,47,DUE,FAILURE_NONHANG,parse_unknown,kernel_reported_fail,,HeCBench/results/llvm17_inject/entropy/float/site116_bit47.out,,,,,,,,,,,,,,,,
116,48,DUE,FAILURE_NONHANG,parse_unknown,kernel_reported_fail,,HeCBench/results/llvm17_inject/entropy/float/site116_bit48.out,,,,,,,,,,,,,,,,
116,49,DUE,FAILURE_NONHANG,parse_unknown,kernel_reported_fail,,HeCBench/results/llvm17_inject/entropy/float/site116_bit49.out,,,,,,,,,,,,,,,,
116,50,DUE,FAILURE_NONHANG,parse_unknown,kernel_reported_fail,,HeCBench/results/llvm17_inject/entropy/float/site116_bit50.out,,,,,,,,,,,,,,,,
116,51,DUE,FAILURE_NONHANG,parse_unknown,kernel_reported_fail,,HeCBench/results/llvm17_inject/entropy/float/site116_bit51.out,,,,,,,,,,,,,,,,
116,52,DUE,FAILURE_NONHANG,parse_unknown,kernel_reported_fail,,HeCBench/results/llvm17_inject/entropy/float/site116_bit52.out,,,,,,,,,,,,,,,,
116,53,DUE,FAILURE_NONHANG,parse_unknown,kernel_reported_fail,,HeCBench/results/llvm17_inject/entropy/float/site116_bit53.out,,,,,,,,,,,,,,,,
116,54,DUE,FAILURE_NONHANG,parse_unknown,kernel_reported_fail,,HeCBench/results/llvm17_inject/entropy/float/site116_bit54.out,,,,,,,,,,,,,,,,
116,55,DUE,FAILURE_NONHANG,parse_unknown,kernel_reported_fail,,HeCBench/results/llvm17_inject/entropy/float/site116_bit55.out,,,,,,,,,,,,,,,,
116,56,DUE,FAILURE_NONHANG,parse_unknown,kernel_reported_fail,,HeCBench/results/llvm17_inject/entropy/float/site116_bit56.out,,,,,,,,,,,,,,,,
116,57,DUE,FAILURE_NONHANG,parse_unknown,kernel_reported_fail,,HeCBench/results/llvm17_inject/entropy/float/site116_bit57.out,,,,,,,,,,,,,,,,
116,58,DUE,FAILURE_NONHANG,parse_unknown,kernel_reported_fail,,HeCBench/results/llvm17_inject/entropy/float/site116_bit58.out,,,,,,,,,,,,,,,,
116,59,DUE,FAILURE_NONHANG,parse_unknown,kernel_reported_fail,,HeCBench/results/llvm17_inject/entropy/float/site116_bit59.out,,,,,,,,,,,,,,,,
116,60,DUE,FAILURE_NONHANG,parse_unknown,kernel_reported_fail,,HeCBench/results/llvm17_inject/entropy/float/site116_bit60.out,,,,,,,,,,,,,,,,
116,61,DUE,FAILURE_NONHANG,parse_unknown,kernel_reported_fail,,HeCBench/results/llvm17_inject/entropy/float/site116_bit61.out,,,,,,,,,,,,,,,,
116,62,DUE,FAILURE_NONHANG,parse_unknown,kernel_reported_fail,,HeCBench/results/llvm17_inject/entropy/float/site116_bit62.out,,,,,,,,,,,,,,,,
116,63,DUE,FAILURE_NONHANG,parse_unknown,kernel_reported_fail,,HeCBench/results/llvm17_inject/entropy/float/site116_bit63.out,,,,,,,,,,,,,,,,
117,0,SDC,SDC_FLAGGED,0,kernel_reported_fail,,HeCBench/results/llvm17_inject/entropy/float/site117_bit0.out,,,,,,,,,,,,,,,,
117,1,SDC,SDC_FLAGGED,0,kernel_reported_fail,,HeCBench/results/llvm17_inject/entropy/float/site117_bit1.out,,,,,,,,,,,,,,,,
117,2,SDC,SDC_FLAGGED,0,kernel_reported_fail,,HeCBench/results/llvm17_inject/entropy/float/site117_bit2.out,,,,,,,,,,,,,,,,
117,3,SDC,SDC_FLAGGED,0,kernel_reported_fail,,HeCBench/results/llvm17_inject/entropy/float/site117_bit3.out,,,,,,,,,,,,,,,,
117,4,SDC,SDC_FLAGGED,0,kernel_reported_fail,,HeCBench/results/llvm17_inject/entropy/float/site117_bit4.out,,,,,,,,,,,,,,,,
117,5,SDC,SDC_FLAGGED,0,kernel_reported_fail,,HeCBench/results/llvm17_inject/entropy/float/site117_bit5.out,,,,,,,,,,,,,,,,
117,6,SDC,SDC_FLAGGED,0,kernel_reported_fail,,HeCBench/results/llvm17_inject/entropy/float/site117_bit6.out,,,,,,,,,,,,,,,,
117,7,SDC,SDC_FLAGGED,0,kernel_reported_fail,,HeCBench/results/llvm17_inject/entropy/float/site117_bit7.out,,,,,,,,,,,,,,,,
117,8,SDC,SDC_FLAGGED,0,kernel_reported_fail,,HeCBench/results/llvm17_inject/entropy/float/site117_bit8.out,,,,,,,,,,,,,,,,
117,9,SDC,SDC_FLAGGED,0,kernel_reported_fail,,HeCBench/results/llvm17_inject/entropy/float/site117_bit9.out,,,,,,,,,,,,,,,,
117,10,SDC,SDC_FLAGGED,0,kernel_reported_fail,,HeCBench/results/llvm17_inject/entropy/float/site117_bit10.out,,,,,,,,,,,,,,,,
117,11,SDC,SDC_FLAGGED,0,kernel_reported_fail,,HeCBench/results/llvm17_inject/entropy/float/site117_bit11.out,,,,,,,,,,,,,,,,
117,12,SDC,SDC_FLAGGED,0,kernel_reported_fail,,HeCBench/results/llvm17_inject/entropy/float/site117_bit12.out,,,,,,,,,,,,,,,,
117,13,SDC,SDC_FLAGGED,0,kernel_reported_fail,,HeCBench/results/llvm17_inject/entropy/float/site117_bit13.out,,,,,,,,,,,,,,,,
117,14,SDC,SDC_FLAGGED,0,kernel_reported_fail,,HeCBench/results/llvm17_inject/entropy/float/site117_bit14.out,,,,,,,,,,,,,,,,
117,15,SDC,SDC_FLAGGED,0,kernel_reported_fail,,HeCBench/results/llvm17_inject/entropy/float/site117_bit15.out,,,,,,,,,,,,,,,,
117,16,SDC,SDC_FLAGGED,0,kernel_reported_fail,,HeCBench/results/llvm17_inject/entropy/float/site117_bit16.out,,,,,,,,,,,,,,,,
117,17,SDC,SDC_FLAGGED,0,kernel_reported_fail,,HeCBench/results/llvm17_inject/entropy/float/site117_bit17.out,,,,,,,,,,,,,,,,
117,18,SDC,SDC_FLAGGED,0,kernel_reported_fail,,HeCBench/results/llvm17_inject/entropy/float/site117_bit18.out,,,,,,,,,,,,,,,,
117,19,SDC,SDC_FLAGGED,0,kernel_reported_fail,,HeCBench/results/llvm17_inject/entropy/float/site117_bit19.out,,,,,,,,,,,,,,,,
117,20,SDC,SDC_FLAGGED,0,kernel_reported_fail,,HeCBench/results/llvm17_inject/entropy/float/site117_bit20.out,,,,,,,,,,,,,,,,
117,21,SDC,SDC_FLAGGED,0,kernel_reported_fail,,HeCBench/results/llvm17_inject/entropy/float/site117_bit21.out,,,,,,,,,,,,,,,,
117,22,SDC,SDC_FLAGGED,0,kernel_reported_fail,,HeCBench/results/llvm17_inject/entropy/float/site117_bit22.out,,,,,,,,,,,,,,,,
117,23,SDC,SDC_FLAGGED,0,kernel_reported_fail,,HeCBench/results/llvm17_inject/entropy/float/site117_bit23.out,,,,,,,,,,,,,,,,
117,24,SDC,SDC_FLAGGED,0,kernel_reported_fail,,HeCBench/results/llvm17_inject/entropy/float/site117_bit24.out,,,,,,,,,,,,,,,,
117,25,SDC,SDC_FLAGGED,0,kernel_reported_fail,,HeCBench/results/llvm17_inject/entropy/float/site117_bit25.out,,,,,,,,,,,,,,,,
117,26,SDC,SDC_FLAGGED,0,kernel_reported_fail,,HeCBench/results/llvm17_inject/entropy/float/site117_bit26.out,,,,,,,,,,,,,,,,
117,27,SDC,SDC_FLAGGED,0,kernel_reported_fail,,HeCBench/results/llvm17_inject/entropy/float/site117_bit27.out,,,,,,,,,,,,,,,,
117,28,SDC,SDC_FLAGGED,0,kernel_reported_fail,,HeCBench/results/llvm17_inject/entropy/float/site117_bit28.out,,,,,,,,,,,,,,,,
117,29,SDC,SDC_FLAGGED,0,kernel_reported_fail,,HeCBench/results/llvm17_inject/entropy/float/site117_bit29.out,,,,,,,,,,,,,,,,
117,30,SDC,SDC_FLAGGED,0,kernel_reported_fail,,HeCBench/results/llvm17_inject/entropy/float/site117_bit30.out,,,,,,,,,,,,,,,,
117,31,SDC,SDC_NOTFLAGGED,,,,HeCBench/results/llvm17_inject/entropy/float/site117_bit31.out,,,,,,,,,,,,,,305920738,67107767,67108872
117,32,SDC,SDC_NOTFLAGGED,,,,HeCBench/results/llvm17_inject/entropy/float/site117_bit32.out,,,,,,,,,,,,,,305920738,67107767,67108872
117,33,SDC,SDC_NOTFLAGGED,,,,HeCBench/results/llvm17_inject/entropy/float/site117_bit33.out,,,,,,,,,,,,,,305920738,67107767,67108872
117,34,SDC,SDC_NOTFLAGGED,,,,HeCBench/results/llvm17_inject/entropy/float/site117_bit34.out,,,,,,,,,,,,,,305920738,67107767,67108872
117,35,SDC,SDC_NOTFLAGGED,,,,HeCBench/results/llvm17_inject/entropy/float/site117_bit35.out,,,,,,,,,,,,,,305920738,67107767,67108872
117,36,SDC,SDC_NOTFLAGGED,,,,HeCBench/results/llvm17_inject/entropy/float/site117_bit36.out,,,,,,,,,,,,,,305920738,67107767,67108872
117,37,SDC,SDC_NOTFLAGGED,,,,HeCBench/results/llvm17_inject/entropy/float/site117_bit37.out,,,,,,,,,,,,,,305920738,67107767,67108872
117,38,SDC,SDC_NOTFLAGGED,,,,HeCBench/results/llvm17_inject/entropy/float/site117_bit38.out,,,,,,,,,,,,,,305920738,67107767,67108872
117,39,SDC,SDC_NOTFLAGGED,,,,HeCBench/results/llvm17_inject/entropy/float/site117_bit39.out,,,,,,,,,,,,,,305920738,67107767,67108872
117,40,SDC,SDC_NOTFLAGGED,,,,HeCBench/results/llvm17_inject/entropy/float/site117_bit40.out,,,,,,,,,,,,,,305920738,67107767,67108872
117,41,SDC,SDC_NOTFLAGGED,,,,HeCBench/results/llvm17_inject/entropy/float/site117_bit41.out,,,,,,,,,,,,,,305920738,67107767,67108872
117,42,SDC,SDC_NOTFLAGGED,,,,HeCBench/results/llvm17_inject/entropy/float/site117_bit42.out,,,,,,,,,,,,,,305920738,67107767,67108872
117,43,SDC,SDC_NOTFLAGGED,,,,HeCBench/results/llvm17_inject/entropy/float/site117_bit43.out,,,,,,,,,,,,,,305920738,67107767,67108872
117,44,SDC,SDC_NOTFLAGGED,,,,HeCBench/results/llvm17_inject/entropy/float/site117_bit44.out,,,,,,,,,,,,,,305920738,67107767,67108872
117,45,SDC,SDC_NOTFLAGGED,,,,HeCBench/results/llvm17_inject/entropy/float/site117_bit45.out,,,,,,,,,,,,,,305920738,67107767,67108872
117,46,SDC,SDC_NOTFLAGGED,,,,HeCBench/results/llvm17_inject/entropy/float/site117_bit46.out,,,,,,,,,,,,,,305920738,67107767,67108872
117,47,SDC,SDC_NOTFLAGGED,,,,HeCBench/results/llvm17_inject/entropy/float/site117_bit47.out,,,,,,,,,,,,,,305920738,67107767,67108872
117,48,SDC,SDC_NOTFLAGGED,,,,HeCBench/results/llvm17_inject/entropy/float/site117_bit48.out,,,,,,,,,,,,,,305920738,67107767,67108872
117,49,SDC,SDC_NOTFLAGGED,,,,HeCBench/results/llvm17_inject/entropy/float/site117_bit49.out,,,,,,,,,,,,,,305920738,67107767,67108872
117,50,SDC,SDC_NOTFLAGGED,,,,HeCBench/results/llvm17_inject/entropy/float/site117_bit50.out,,,,,,,,,,,,,,305920738,67107767,67108872
117,51,SDC,SDC_NOTFLAGGED,,,,HeCBench/results/llvm17_inject/entropy/float/site117_bit51.out,,,,,,,,,,,,,,305920738,67107767,67108872
117,52,SDC,SDC_NOTFLAGGED,,,,HeCBench/results/llvm17_inject/entropy/float/site117_bit52.out,,,,,,,,,,,,,,305920738,67107767,67108872
117,53,SDC,SDC_NOTFLAGGED,,,,HeCBench/results/llvm17_inject/entropy/float/site117_bit53.out,,,,,,,,,,,,,,305920738,67107767,67108872
117,54,SDC,SDC_NOTFLAGGED,,,,HeCBench/results/llvm17_inject/entropy/float/site117_bit54.out,,,,,,,,,,,,,,305920738,67107767,67108872
117,55,SDC,SDC_NOTFLAGGED,,,,HeCBench/results/llvm17_inject/entropy/float/site117_bit55.out,,,,,,,,,,,,,,305920738,67107767,67108872
117,56,SDC,SDC_NOTFLAGGED,,,,HeCBench/results/llvm17_inject/entropy/float/site117_bit56.out,,,,,,,,,,,,,,305920738,67107767,67108872
117,57,SDC,SDC_NOTFLAGGED,,,,HeCBench/results/llvm17_inject/entropy/float/site117_bit57.out,,,,,,,,,,,,,,305920738,67107767,67108872
117,58,SDC,SDC_NOTFLAGGED,,,,HeCBench/results/llvm17_inject/entropy/float/site117_bit58.out,,,,,,,,,,,,,,305920738,67107767,67108872
117,59,SDC,SDC_NOTFLAGGED,,,,HeCBench/results/llvm17_inject/entropy/float/site117_bit59.out,,,,,,,,,,,,,,305920738,67107767,67108872
117,60,SDC,SDC_NOTFLAGGED,,,,HeCBench/results/llvm17_inject/entropy/float/site117_bit60.out,,,,,,,,,,,,,,305920738,67107767,67108872
117,61,SDC,SDC_NOTFLAGGED,,,,HeCBench/results/llvm17_inject/entropy/float/site117_bit61.out,,,,,,,,,,,,,,305920738,67107767,67108872
117,62,SDC,SDC_NOTFLAGGED,,,,HeCBench/results/llvm17_inject/entropy/float/site117_bit62.out,,,,,,,,,,,,,,305920738,67107767,67108872
117,63,SDC,SDC_NOTFLAGGED,,,,HeCBench/results/llvm17_inject/entropy/float/site117_bit63.out,,,,,,,,,,,,,,305920738,67107767,67108872
118,0,SDC,SDC_NOTFLAGGED,,,,HeCBench/results/llvm17_inject/entropy/float/site118_bit0.out,,,,,,,,,,,,,,305920738,67107767,67108872
118,1,SDC,SDC_NOTFLAGGED,,,,HeCBench/results/llvm17_inject/entropy/float/site118_bit1.out,,,,,,,,,,,,,,305920738,67107767,67108872
118,2,SDC,SDC_NOTFLAGGED,,,,HeCBench/results/llvm17_inject/entropy/float/site118_bit2.out,,,,,,,,,,,,,,305920738,67107767,67108872
118,3,SDC,SDC_NOTFLAGGED,,,,HeCBench/results/llvm17_inject/entropy/float/site118_bit3.out,,,,,,,,,,,,,,305920738,67107767,67108872
118,4,SDC,SDC_NOTFLAGGED,,,,HeCBench/results/llvm17_inject/entropy/float/site118_bit4.out,,,,,,,,,,,,,,305920738,67107767,67108872
118,5,SDC,SDC_NOTFLAGGED,,,,HeCBench/results/llvm17_inject/entropy/float/site118_bit5.out,,,,,,,,,,,,,,305920738,67107767,67108872
118,6,SDC,SDC_NOTFLAGGED,,,,HeCBench/results/llvm17_inject/entropy/float/site118_bit6.out,,,,,,,,,,,,,,305920738,67107767,67108872
118,7,SDC,SDC_NOTFLAGGED,,,,HeCBench/results/llvm17_inject/entropy/float/site118_bit7.out,,,,,,,,,,,,,,305920738,67107767,67108872
118,8,SDC,SDC_NOTFLAGGED,,,,HeCBench/results/llvm17_inject/entropy/float/site118_bit8.out,,,,,,,,,,,,,,305920738,67107767,67108872
118,9,SDC,SDC_NOTFLAGGED,,,,HeCBench/results/llvm17_inject/entropy/float/site118_bit9.out,,,,,,,,,,,,,,305920738,67107767,67108872
118,10,SDC,SDC_NOTFLAGGED,,,,HeCBench/results/llvm17_inject/entropy/float/site118_bit10.out,,,,,,,,,,,,,,305920738,67107767,67108872
118,11,SDC,SDC_NOTFLAGGED,,,,HeCBench/results/llvm17_inject/entropy/float/site118_bit11.out,,,,,,,,,,,,,,305920738,67107767,67108872
118,12,SDC,SDC_NOTFLAGGED,,,,HeCBench/results/llvm17_inject/entropy/float/site118_bit12.out,,,,,,,,,,,,,,305920738,67107767,67108872
118,13,SDC,SDC_NOTFLAGGED,,,,HeCBench/results/llvm17_inject/entropy/float/site118_bit13.out,,,,,,,,,,,,,,305920738,67107767,67108872
118,14,SDC,SDC_NOTFLAGGED,,,,HeCBench/results/llvm17_inject/entropy/float/site118_bit14.out,,,,,,,,,,,,,,305920738,67107767,67108872
118,15,SDC,SDC_NOTFLAGGED,,,,HeCBench/results/llvm17_inject/entropy/float/site118_bit15.out,,,,,,,,,,,,,,305920738,67107767,67108872
118,16,SDC,SDC_NOTFLAGGED,,,,HeCBench/results/llvm17_inject/entropy/float/site118_bit16.out,,,,,,,,,,,,,,305920738,67107767,67108872
118,17,SDC,SDC_NOTFLAGGED,,,,HeCBench/results/llvm17_inject/entropy/float/site118_bit17.out,,,,,,,,,,,,,,305920738,67107767,67108872
118,18,SDC,SDC_NOTFLAGGED,,,,HeCBench/results/llvm17_inject/entropy/float/site118_bit18.out,,,,,,,,,,,,,,305920738,67107767,67108872
118,19,SDC,SDC_NOTFLAGGED,,,,HeCBench/results/llvm17_inject/entropy/float/site118_bit19.out,,,,,,,,,,,,,,305920738,67107767,67108872
118,20,SDC,SDC_NOTFLAGGED,,,,HeCBench/results/llvm17_inject/entropy/float/site118_bit20.out,,,,,,,,,,,,,,305920738,67107767,67108872
118,21,SDC,SDC_NOTFLAGGED,,,,HeCBench/results/llvm17_inject/entropy/float/site118_bit21.out,,,,,,,,,,,,,,305920738,67107767,67108872
118,22,SDC,SDC_NOTFLAGGED,,,,HeCBench/results/llvm17_inject/entropy/float/site118_bit22.out,,,,,,,,,,,,,,305920738,67107767,67108872
118,23,SDC,SDC_NOTFLAGGED,,,,HeCBench/results/llvm17_inject/entropy/float/site118_bit23.out,,,,,,,,,,,,,,305920738,67107767,67108872
118,24,SDC,SDC_NOTFLAGGED,,,,HeCBench/results/llvm17_inject/entropy/float/site118_bit24.out,,,,,,,,,,,,,,305920738,67107767,67108872
118,25,SDC,SDC_NOTFLAGGED,,,,HeCBench/results/llvm17_inject/entropy/float/site118_bit25.out,,,,,,,,,,,,,,305920738,67107767,67108872
118,26,SDC,SDC_NOTFLAGGED,,,,HeCBench/results/llvm17_inject/entropy/float/site118_bit26.out,,,,,,,,,,,,,,305920738,67107767,67108872
118,27,SDC,SDC_NOTFLAGGED,,,,HeCBench/results/llvm17_inject/entropy/float/site118_bit27.out,,,,,,,,,,,,,,305920738,67107767,67108872
118,28,SDC,SDC_NOTFLAGGED,,,,HeCBench/results/llvm17_inject/entropy/float/site118_bit28.out,,,,,,,,,,,,,,305920738,67107767,67108872
118,29,SDC,SDC_NOTFLAGGED,,,,HeCBench/results/llvm17_inject/entropy/float/site118_bit29.out,,,,,,,,,,,,,,305920738,67107767,67108872
118,30,SDC,SDC_NOTFLAGGED,,,,HeCBench/results/llvm17_inject/entropy/float/site118_bit30.out,,,,,,,,,,,,,,305920738,67107767,67108872
118,31,SDC,SDC_NOTFLAGGED,,,,HeCBench/results/llvm17_inject/entropy/float/site118_bit31.out,,,,,,,,,,,,,,305920738,67107767,67108872
118,32,SDC,SDC_NOTFLAGGED,,,,HeCBench/results/llvm17_inject/entropy/float/site118_bit32.out,,,,,,,,,,,,,,305920738,67107767,67108872
118,33,SDC,SDC_NOTFLAGGED,,,,HeCBench/results/llvm17_inject/entropy/float/site118_bit33.out,,,,,,,,,,,,,,305920738,67107767,67108872
118,34,SDC,SDC_NOTFLAGGED,,,,HeCBench/results/llvm17_inject/entropy/float/site118_bit34.out,,,,,,,,,,,,,,305920738,67107767,67108872
118,35,SDC,SDC_NOTFLAGGED,,,,HeCBench/results/llvm17_inject/entropy/float/site118_bit35.out,,,,,,,,,,,,,,305920738,67107767,67108872
118,36,SDC,SDC_NOTFLAGGED,,,,HeCBench/results/llvm17_inject/entropy/float/site118_bit36.out,,,,,,,,,,,,,,305920738,67107767,67108872
118,37,SDC,SDC_NOTFLAGGED,,,,HeCBench/results/llvm17_inject/entropy/float/site118_bit37.out,,,,,,,,,,,,,,305920738,67107767,67108872
118,38,SDC,SDC_NOTFLAGGED,,,,HeCBench/results/llvm17_inject/entropy/float/site118_bit38.out,,,,,,,,,,,,,,305920738,67107767,67108872
118,39,SDC,SDC_NOTFLAGGED,,,,HeCBench/results/llvm17_inject/entropy/float/site118_bit39.out,,,,,,,,,,,,,,305920738,67107767,67108872
118,40,SDC,SDC_NOTFLAGGED,,,,HeCBench/results/llvm17_inject/entropy/float/site118_bit40.out,,,,,,,,,,,,,,305920738,67107767,67108872
118,41,SDC,SDC_NOTFLAGGED,,,,HeCBench/results/llvm17_inject/entropy/float/site118_bit41.out,,,,,,,,,,,,,,305920738,67107767,67108872
118,42,SDC,SDC_NOTFLAGGED,,,,HeCBench/results/llvm17_inject/entropy/float/site118_bit42.out,,,,,,,,,,,,,,305920738,67107767,67108872
118,43,SDC,SDC_NOTFLAGGED,,,,HeCBench/results/llvm17_inject/entropy/float/site118_bit43.out,,,,,,,,,,,,,,305920738,67107767,67108872
118,44,SDC,SDC_NOTFLAGGED,,,,HeCBench/results/llvm17_inject/entropy/float/site118_bit44.out,,,,,,,,,,,,,,305920738,67107767,67108872
118,45,SDC,SDC_NOTFLAGGED,,,,HeCBench/results/llvm17_inject/entropy/float/site118_bit45.out,,,,,,,,,,,,,,305920738,67107767,67108872
118,46,SDC,SDC_NOTFLAGGED,,,,HeCBench/results/llvm17_inject/entropy/float/site118_bit46.out,,,,,,,,,,,,,,305920738,67107767,67108872
118,47,SDC,SDC_NOTFLAGGED,,,,HeCBench/results/llvm17_inject/entropy/float/site118_bit47.out,,,,,,,,,,,,,,305920738,67107767,67108872
118,48,SDC,SDC_NOTFLAGGED,,,,HeCBench/results/llvm17_inject/entropy/float/site118_bit48.out,,,,,,,,,,,,,,305920738,67107767,67108872
118,49,SDC,SDC_NOTFLAGGED,,,,HeCBench/results/llvm17_inject/entropy/float/site118_bit49.out,,,,,,,,,,,,,,305920738,67107767,67108872
118,50,SDC,SDC_NOTFLAGGED,,,,HeCBench/results/llvm17_inject/entropy/float/site118_bit50.out,,,,,,,,,,,,,,305920738,67107767,67108872
118,51,SDC,SDC_NOTFLAGGED,,,,HeCBench/results/llvm17_inject/entropy/float/site118_bit51.out,,,,,,,,,,,,,,305920738,67107767,67108872
118,52,SDC,SDC_NOTFLAGGED,,,,HeCBench/results/llvm17_inject/entropy/float/site118_bit52.out,,,,,,,,,,,,,,305920738,67107767,67108872
118,53,SDC,SDC_NOTFLAGGED,,,,HeCBench/results/llvm17_inject/entropy/float/site118_bit53.out,,,,,,,,,,,,,,305920738,67107767,67108872
118,54,SDC,SDC_NOTFLAGGED,,,,HeCBench/results/llvm17_inject/entropy/float/site118_bit54.out,,,,,,,,,,,,,,305920738,67107767,67108872
118,55,SDC,SDC_NOTFLAGGED,,,,HeCBench/results/llvm17_inject/entropy/float/site118_bit55.out,,,,,,,,,,,,,,305920738,67107767,67108872
118,56,SDC,SDC_NOTFLAGGED,,,,HeCBench/results/llvm17_inject/entropy/float/site118_bit56.out,,,,,,,,,,,,,,305920738,67107767,67108872
118,57,SDC,SDC_NOTFLAGGED,,,,HeCBench/results/llvm17_inject/entropy/float/site118_bit57.out,,,,,,,,,,,,,,305920738,67107767,67108872
118,58,SDC,SDC_NOTFLAGGED,,,,HeCBench/results/llvm17_inject/entropy/float/site118_bit58.out,,,,,,,,,,,,,,305920738,67107767,67108872
118,59,SDC,SDC_NOTFLAGGED,,,,HeCBench/results/llvm17_inject/entropy/float/site118_bit59.out,,,,,,,,,,,,,,305920738,67107767,67108872
118,60,SDC,SDC_NOTFLAGGED,,,,HeCBench/results/llvm17_inject/entropy/float/site118_bit60.out,,,,,,,,,,,,,,305920738,67107767,67108872
118,61,SDC,SDC_NOTFLAGGED,,,,HeCBench/results/llvm17_inject/entropy/float/site118_bit61.out,,,,,,,,,,,,,,305920738,67107767,67108872
118,62,SDC,SDC_NOTFLAGGED,,,,HeCBench/results/llvm17_inject/entropy/float/site118_bit62.out,,,,,,,,,,,,,,305920738,67107767,67108872
118,63,SDC,SDC_NOTFLAGGED,,,,HeCBench/results/llvm17_inject/entropy/float/site118_bit63.out,,,,,,,,,,,,,,305920738,67107767,67108872
119,0,SDC,SDC_FLAGGED,0,kernel_reported_fail,,HeCBench/results/llvm17_inject/entropy/float/site119_bit0.out,,,,,,,,,,,,,,,,
119,1,SDC,SDC_FLAGGED,0,kernel_reported_fail,,HeCBench/results/llvm17_inject/entropy/float/site119_bit1.out,,,,,,,,,,,,,,,,
119,2,SDC,SDC_FLAGGED,0,kernel_reported_fail,,HeCBench/results/llvm17_inject/entropy/float/site119_bit2.out,,,,,,,,,,,,,,,,
119,3,SDC,SDC_FLAGGED,0,kernel_reported_fail,,HeCBench/results/llvm17_inject/entropy/float/site119_bit3.out,,,,,,,,,,,,,,,,
119,4,SDC,SDC_FLAGGED,0,kernel_reported_fail,,HeCBench/results/llvm17_inject/entropy/float/site119_bit4.out,,,,,,,,,,,,,,,,
119,5,SDC,SDC_FLAGGED,0,kernel_reported_fail,,HeCBench/results/llvm17_inject/entropy/float/site119_bit5.out,,,,,,,,,,,,,,,,
119,6,SDC,SDC_FLAGGED,0,kernel_reported_fail,,HeCBench/results/llvm17_inject/entropy/float/site119_bit6.out,,,,,,,,,,,,,,,,
119,7,SDC,SDC_FLAGGED,0,kernel_reported_fail,,HeCBench/results/llvm17_inject/entropy/float/site119_bit7.out,,,,,,,,,,,,,,,,
119,8,SDC,SDC_FLAGGED,0,kernel_reported_fail,,HeCBench/results/llvm17_inject/entropy/float/site119_bit8.out,,,,,,,,,,,,,,,,
119,9,SDC,SDC_FLAGGED,0,kernel_reported_fail,,HeCBench/results/llvm17_inject/entropy/float/site119_bit9.out,,,,,,,,,,,,,,,,
119,10,SDC,SDC_FLAGGED,0,kernel_reported_fail,,HeCBench/results/llvm17_inject/entropy/float/site119_bit10.out,,,,,,,,,,,,,,,,
119,11,SDC,SDC_FLAGGED,0,kernel_reported_fail,,HeCBench/results/llvm17_inject/entropy/float/site119_bit11.out,,,,,,,,,,,,,,,,
119,12,SDC,SDC_FLAGGED,0,kernel_reported_fail,,HeCBench/results/llvm17_inject/entropy/float/site119_bit12.out,,,,,,,,,,,,,,,,
119,13,SDC,SDC_FLAGGED,0,kernel_reported_fail,,HeCBench/results/llvm17_inject/entropy/float/site119_bit13.out,,,,,,,,,,,,,,,,
119,14,SDC,SDC_FLAGGED,0,kernel_reported_fail,,HeCBench/results/llvm17_inject/entropy/float/site119_bit14.out,,,,,,,,,,,,,,,,
119,15,SDC,SDC_FLAGGED,0,kernel_reported_fail,,HeCBench/results/llvm17_inject/entropy/float/site119_bit15.out,,,,,,,,,,,,,,,,
119,16,SDC,SDC_FLAGGED,0,kernel_reported_fail,,HeCBench/results/llvm17_inject/entropy/float/site119_bit16.out,,,,,,,,,,,,,,,,
119,17,SDC,SDC_FLAGGED,0,kernel_reported_fail,,HeCBench/results/llvm17_inject/entropy/float/site119_bit17.out,,,,,,,,,,,,,,,,
119,18,SDC,SDC_FLAGGED,0,kernel_reported_fail,,HeCBench/results/llvm17_inject/entropy/float/site119_bit18.out,,,,,,,,,,,,,,,,
119,19,SDC,SDC_FLAGGED,0,kernel_reported_fail,,HeCBench/results/llvm17_inject/entropy/float/site119_bit19.out,,,,,,,,,,,,,,,,
119,20,SDC,SDC_FLAGGED,0,kernel_reported_fail,,HeCBench/results/llvm17_inject/entropy/float/site119_bit20.out,,,,,,,,,,,,,,,,
119,21,SDC,SDC_FLAGGED,0,kernel_reported_fail,,HeCBench/results/llvm17_inject/entropy/float/site119_bit21.out,,,,,,,,,,,,,,,,
119,22,SDC,SDC_FLAGGED,0,kernel_reported_fail,,HeCBench/results/llvm17_inject/entropy/float/site119_bit22.out,,,,,,,,,,,,,,,,
119,23,SDC,SDC_FLAGGED,0,kernel_reported_fail,,HeCBench/results/llvm17_inject/entropy/float/site119_bit23.out,,,,,,,,,,,,,,,,
119,24,SDC,SDC_FLAGGED,0,kernel_reported_fail,,HeCBench/results/llvm17_inject/entropy/float/site119_bit24.out,,,,,,,,,,,,,,,,
119,25,SDC,SDC_FLAGGED,0,kernel_reported_fail,,HeCBench/results/llvm17_inject/entropy/float/site119_bit25.out,,,,,,,,,,,,,,,,
119,26,SDC,SDC_FLAGGED,0,kernel_reported_fail,,HeCBench/results/llvm17_inject/entropy/float/site119_bit26.out,,,,,,,,,,,,,,,,
119,27,SDC,SDC_FLAGGED,0,kernel_reported_fail,,HeCBench/results/llvm17_inject/entropy/float/site119_bit27.out,,,,,,,,,,,,,,,,
119,28,SDC,SDC_FLAGGED,0,kernel_reported_fail,,HeCBench/results/llvm17_inject/entropy/float/site119_bit28.out,,,,,,,,,,,,,,,,
119,29,SDC,SDC_FLAGGED,0,kernel_reported_fail,,HeCBench/results/llvm17_inject/entropy/float/site119_bit29.out,,,,,,,,,,,,,,,,
119,30,SDC,SDC_FLAGGED,0,kernel_reported_fail,,HeCBench/results/llvm17_inject/entropy/float/site119_bit30.out,,,,,,,,,,,,,,,,
119,31,SDC,SDC_NOTFLAGGED,,,,HeCBench/results/llvm17_inject/entropy/float/site119_bit31.out,,,,,,,,,,,,,,305920738,67107767,67108872
119,32,SDC,SDC_NOTFLAGGED,,,,HeCBench/results/llvm17_inject/entropy/float/site119_bit32.out,,,,,,,,,,,,,,305920738,67107767,67108872
119,33,SDC,SDC_NOTFLAGGED,,,,HeCBench/results/llvm17_inject/entropy/float/site119_bit33.out,,,,,,,,,,,,,,305920738,67107767,67108872
119,34,SDC,SDC_NOTFLAGGED,,,,HeCBench/results/llvm17_inject/entropy/float/site119_bit34.out,,,,,,,,,,,,,,305920738,67107767,67108872
119,35,SDC,SDC_NOTFLAGGED,,,,HeCBench/results/llvm17_inject/entropy/float/site119_bit35.out,,,,,,,,,,,,,,305920738,67107767,67108872
119,36,SDC,SDC_NOTFLAGGED,,,,HeCBench/results/llvm17_inject/entropy/float/site119_bit36.out,,,,,,,,,,,,,,305920738,67107767,67108872
119,37,SDC,SDC_NOTFLAGGED,,,,HeCBench/results/llvm17_inject/entropy/float/site119_bit37.out,,,,,,,,,,,,,,305920738,67107767,67108872
119,38,SDC,SDC_NOTFLAGGED,,,,HeCBench/results/llvm17_inject/entropy/float/site119_bit38.out,,,,,,,,,,,,,,305920738,67107767,67108872
119,39,SDC,SDC_NOTFLAGGED,,,,HeCBench/results/llvm17_inject/entropy/float/site119_bit39.out,,,,,,,,,,,,,,305920738,67107767,67108872
119,40,SDC,SDC_NOTFLAGGED,,,,HeCBench/results/llvm17_inject/entropy/float/site119_bit40.out,,,,,,,,,,,,,,305920738,67107767,67108872
119,41,SDC,SDC_NOTFLAGGED,,,,HeCBench/results/llvm17_inject/entropy/float/site119_bit41.out,,,,,,,,,,,,,,305920738,67107767,67108872
119,42,SDC,SDC_NOTFLAGGED,,,,HeCBench/results/llvm17_inject/entropy/float/site119_bit42.out,,,,,,,,,,,,,,305920738,67107767,67108872
119,43,SDC,SDC_NOTFLAGGED,,,,HeCBench/results/llvm17_inject/entropy/float/site119_bit43.out,,,,,,,,,,,,,,305920738,67107767,67108872
119,44,SDC,SDC_NOTFLAGGED,,,,HeCBench/results/llvm17_inject/entropy/float/site119_bit44.out,,,,,,,,,,,,,,305920738,67107767,67108872
119,45,SDC,SDC_NOTFLAGGED,,,,HeCBench/results/llvm17_inject/entropy/float/site119_bit45.out,,,,,,,,,,,,,,305920738,67107767,67108872
119,46,SDC,SDC_NOTFLAGGED,,,,HeCBench/results/llvm17_inject/entropy/float/site119_bit46.out,,,,,,,,,,,,,,305920738,67107767,67108872
119,47,SDC,SDC_NOTFLAGGED,,,,HeCBench/results/llvm17_inject/entropy/float/site119_bit47.out,,,,,,,,,,,,,,305920738,67107767,67108872
119,48,SDC,SDC_NOTFLAGGED,,,,HeCBench/results/llvm17_inject/entropy/float/site119_bit48.out,,,,,,,,,,,,,,305920738,67107767,67108872
119,49,SDC,SDC_NOTFLAGGED,,,,HeCBench/results/llvm17_inject/entropy/float/site119_bit49.out,,,,,,,,,,,,,,305920738,67107767,67108872
119,50,SDC,SDC_NOTFLAGGED,,,,HeCBench/results/llvm17_inject/entropy/float/site119_bit50.out,,,,,,,,,,,,,,305920738,67107767,67108872
119,51,SDC,SDC_NOTFLAGGED,,,,HeCBench/results/llvm17_inject/entropy/float/site119_bit51.out,,,,,,,,,,,,,,305920738,67107767,67108872
119,52,SDC,SDC_NOTFLAGGED,,,,HeCBench/results/llvm17_inject/entropy/float/site119_bit52.out,,,,,,,,,,,,,,305920738,67107767,67108872
119,53,SDC,SDC_NOTFLAGGED,,,,HeCBench/results/llvm17_inject/entropy/float/site119_bit53.out,,,,,,,,,,,,,,305920738,67107767,67108872
119,54,SDC,SDC_NOTFLAGGED,,,,HeCBench/results/llvm17_inject/entropy/float/site119_bit54.out,,,,,,,,,,,,,,305920738,67107767,67108872
119,55,SDC,SDC_NOTFLAGGED,,,,HeCBench/results/llvm17_inject/entropy/float/site119_bit55.out,,,,,,,,,,,,,,305920738,67107767,67108872
119,56,SDC,SDC_NOTFLAGGED,,,,HeCBench/results/llvm17_inject/entropy/float/site119_bit56.out,,,,,,,,,,,,,,305920738,67107767,67108872
119,57,SDC,SDC_NOTFLAGGED,,,,HeCBench/results/llvm17_inject/entropy/float/site119_bit57.out,,,,,,,,,,,,,,305920738,67107767,67108872
119,58,SDC,SDC_NOTFLAGGED,,,,HeCBench/results/llvm17_inject/entropy/float/site119_bit58.out,,,,,,,,,,,,,,305920738,67107767,67108872
119,59,SDC,SDC_NOTFLAGGED,,,,HeCBench/results/llvm17_inject/entropy/float/site119_bit59.out,,,,,,,,,,,,,,305920738,67107767,67108872
119,60,SDC,SDC_NOTFLAGGED,,,,HeCBench/results/llvm17_inject/entropy/float/site119_bit60.out,,,,,,,,,,,,,,305920738,67107767,67108872
119,61,SDC,SDC_NOTFLAGGED,,,,HeCBench/results/llvm17_inject/entropy/float/site119_bit61.out,,,,,,,,,,,,,,305920738,67107767,67108872
119,62,SDC,SDC_NOTFLAGGED,,,,HeCBench/results/llvm17_inject/entropy/float/site119_bit62.out,,,,,,,,,,,,,,305920738,67107767,67108872
119,63,SDC,SDC_NOTFLAGGED,,,,HeCBench/results/llvm17_inject/entropy/float/site119_bit63.out,,,,,,,,,,,,,,305920738,67107767,67108872
122,0,SDC,SDC_FLAGGED,0,kernel_reported_fail,,HeCBench/results/llvm17_inject/entropy/float/site122_bit0.out,,,,,,,,,,,,,,,,
122,1,SDC,SDC_FLAGGED,0,kernel_reported_fail,,HeCBench/results/llvm17_inject/entropy/float/site122_bit1.out,,,,,,,,,,,,,,,,
122,2,SDC,SDC_FLAGGED,0,kernel_reported_fail,,HeCBench/results/llvm17_inject/entropy/float/site122_bit2.out,,,,,,,,,,,,,,,,
122,3,SDC,SDC_FLAGGED,0,kernel_reported_fail,,HeCBench/results/llvm17_inject/entropy/float/site122_bit3.out,,,,,,,,,,,,,,,,
122,4,SDC,SDC_FLAGGED,0,kernel_reported_fail,,HeCBench/results/llvm17_inject/entropy/float/site122_bit4.out,,,,,,,,,,,,,,,,
122,5,SDC,SDC_FLAGGED,0,kernel_reported_fail,,HeCBench/results/llvm17_inject/entropy/float/site122_bit5.out,,,,,,,,,,,,,,,,
122,6,SDC,SDC_FLAGGED,0,kernel_reported_fail,,HeCBench/results/llvm17_inject/entropy/float/site122_bit6.out,,,,,,,,,,,,,,,,
122,7,SDC,SDC_FLAGGED,0,kernel_reported_fail,,HeCBench/results/llvm17_inject/entropy/float/site122_bit7.out,,,,,,,,,,,,,,,,
122,8,SDC,SDC_FLAGGED,0,kernel_reported_fail,,HeCBench/results/llvm17_inject/entropy/float/site122_bit8.out,,,,,,,,,,,,,,,,
122,9,SDC,SDC_FLAGGED,0,kernel_reported_fail,,HeCBench/results/llvm17_inject/entropy/float/site122_bit9.out,,,,,,,,,,,,,,,,
122,10,SDC,SDC_FLAGGED,0,kernel_reported_fail,,HeCBench/results/llvm17_inject/entropy/float/site122_bit10.out,,,,,,,,,,,,,,,,
122,11,SDC,SDC_FLAGGED,0,kernel_reported_fail,,HeCBench/results/llvm17_inject/entropy/float/site122_bit11.out,,,,,,,,,,,,,,,,
122,12,SDC,SDC_NOTFLAGGED,,,,HeCBench/results/llvm17_inject/entropy/float/site122_bit12.out,,,,,,,,,,,,,,305920738,67107767,67108872
122,13,SDC,SDC_NOTFLAGGED,,,,HeCBench/results/llvm17_inject/entropy/float/site122_bit13.out,,,,,,,,,,,,,,305920738,67107767,67108872
122,14,SDC,SDC_NOTFLAGGED,,,,HeCBench/results/llvm17_inject/entropy/float/site122_bit14.out,,,,,,,,,,,,,,305920738,67107767,67108872
122,15,SDC,SDC_NOTFLAGGED,,,,HeCBench/results/llvm17_inject/entropy/float/site122_bit15.out,,,,,,,,,,,,,,305920738,67107767,67108872
122,16,SDC,SDC_NOTFLAGGED,,,,HeCBench/results/llvm17_inject/entropy/float/site122_bit16.out,,,,,,,,,,,,,,305920738,67107767,67108872
122,17,SDC,SDC_NOTFLAGGED,,,,HeCBench/results/llvm17_inject/entropy/float/site122_bit17.out,,,,,,,,,,,,,,305920738,67107767,67108872
122,18,SDC,SDC_NOTFLAGGED,,,,HeCBench/results/llvm17_inject/entropy/float/site122_bit18.out,,,,,,,,,,,,,,305920738,67107767,67108872
122,19,SDC,SDC_NOTFLAGGED,,,,HeCBench/results/llvm17_inject/entropy/float/site122_bit19.out,,,,,,,,,,,,,,305920738,67107767,67108872
122,20,SDC,SDC_NOTFLAGGED,,,,HeCBench/results/llvm17_inject/entropy/float/site122_bit20.out,,,,,,,,,,,,,,305920738,67107767,67108872
122,21,SDC,SDC_NOTFLAGGED,,,,HeCBench/results/llvm17_inject/entropy/float/site122_bit21.out,,,,,,,,,,,,,,305920738,67107767,67108872
122,22,SDC,SDC_NOTFLAGGED,,,,HeCBench/results/llvm17_inject/entropy/float/site122_bit22.out,,,,,,,,,,,,,,305920738,67107767,67108872
122,23,SDC,SDC_NOTFLAGGED,,,,HeCBench/results/llvm17_inject/entropy/float/site122_bit23.out,,,,,,,,,,,,,,305920738,67107767,67108872
122,24,SDC,SDC_NOTFLAGGED,,,,HeCBench/results/llvm17_inject/entropy/float/site122_bit24.out,,,,,,,,,,,,,,305920738,67107767,67108872
122,25,SDC,SDC_NOTFLAGGED,,,,HeCBench/results/llvm17_inject/entropy/float/site122_bit25.out,,,,,,,,,,,,,,305920738,67107767,67108872
122,26,SDC,SDC_NOTFLAGGED,,,,HeCBench/results/llvm17_inject/entropy/float/site122_bit26.out,,,,,,,,,,,,,,305920738,67107767,67108872
122,27,SDC,SDC_NOTFLAGGED,,,,HeCBench/results/llvm17_inject/entropy/float/site122_bit27.out,,,,,,,,,,,,,,305920738,67107767,67108872
122,28,SDC,SDC_NOTFLAGGED,,,,HeCBench/results/llvm17_inject/entropy/float/site122_bit28.out,,,,,,,,,,,,,,305920738,67107767,67108872
122,29,SDC,SDC_NOTFLAGGED,,,,HeCBench/results/llvm17_inject/entropy/float/site122_bit29.out,,,,,,,,,,,,,,305920738,67107767,67108872
122,30,SDC,SDC_NOTFLAGGED,,,,HeCBench/results/llvm17_inject/entropy/float/site122_bit30.out,,,,,,,,,,,,,,305920738,67107767,67108872
122,31,SDC,SDC_NOTFLAGGED,,,,HeCBench/results/llvm17_inject/entropy/float/site122_bit31.out,,,,,,,,,,,,,,305920738,67107767,67108872
122,32,SDC,SDC_NOTFLAGGED,,,,HeCBench/results/llvm17_inject/entropy/float/site122_bit32.out,,,,,,,,,,,,,,305920738,67107767,67108872
122,33,SDC,SDC_NOTFLAGGED,,,,HeCBench/results/llvm17_inject/entropy/float/site122_bit33.out,,,,,,,,,,,,,,305920738,67107767,67108872
122,34,SDC,SDC_NOTFLAGGED,,,,HeCBench/results/llvm17_inject/entropy/float/site122_bit34.out,,,,,,,,,,,,,,305920738,67107767,67108872
122,35,SDC,SDC_NOTFLAGGED,,,,HeCBench/results/llvm17_inject/entropy/float/site122_bit35.out,,,,,,,,,,,,,,305920738,67107767,67108872
122,36,SDC,SDC_NOTFLAGGED,,,,HeCBench/results/llvm17_inject/entropy/float/site122_bit36.out,,,,,,,,,,,,,,305920738,67107767,67108872
122,37,SDC,SDC_NOTFLAGGED,,,,HeCBench/results/llvm17_inject/entropy/float/site122_bit37.out,,,,,,,,,,,,,,305920738,67107767,67108872
122,38,SDC,SDC_NOTFLAGGED,,,,HeCBench/results/llvm17_inject/entropy/float/site122_bit38.out,,,,,,,,,,,,,,305920738,67107767,67108872
122,39,SDC,SDC_NOTFLAGGED,,,,HeCBench/results/llvm17_inject/entropy/float/site122_bit39.out,,,,,,,,,,,,,,305920738,67107767,67108872
122,40,SDC,SDC_NOTFLAGGED,,,,HeCBench/results/llvm17_inject/entropy/float/site122_bit40.out,,,,,,,,,,,,,,305920738,67107767,67108872
122,41,SDC,SDC_NOTFLAGGED,,,,HeCBench/results/llvm17_inject/entropy/float/site122_bit41.out,,,,,,,,,,,,,,305920738,67107767,67108872
122,42,SDC,SDC_NOTFLAGGED,,,,HeCBench/results/llvm17_inject/entropy/float/site122_bit42.out,,,,,,,,,,,,,,305920738,67107767,67108872
122,43,SDC,SDC_NOTFLAGGED,,,,HeCBench/results/llvm17_inject/entropy/float/site122_bit43.out,,,,,,,,,,,,,,305920738,67107767,67108872
122,44,SDC,SDC_NOTFLAGGED,,,,HeCBench/results/llvm17_inject/entropy/float/site122_bit44.out,,,,,,,,,,,,,,305920738,67107767,67108872
122,45,SDC,SDC_NOTFLAGGED,,,,HeCBench/results/llvm17_inject/entropy/float/site122_bit45.out,,,,,,,,,,,,,,305920738,67107767,67108872
122,46,SDC,SDC_NOTFLAGGED,,,,HeCBench/results/llvm17_inject/entropy/float/site122_bit46.out,,,,,,,,,,,,,,305920738,67107767,67108872
122,47,SDC,SDC_NOTFLAGGED,,,,HeCBench/results/llvm17_inject/entropy/float/site122_bit47.out,,,,,,,,,,,,,,305920738,67107767,67108872
122,48,SDC,SDC_NOTFLAGGED,,,,HeCBench/results/llvm17_inject/entropy/float/site122_bit48.out,,,,,,,,,,,,,,305920738,67107767,67108872
122,49,SDC,SDC_NOTFLAGGED,,,,HeCBench/results/llvm17_inject/entropy/float/site122_bit49.out,,,,,,,,,,,,,,305920738,67107767,67108872
122,50,SDC,SDC_NOTFLAGGED,,,,HeCBench/results/llvm17_inject/entropy/float/site122_bit50.out,,,,,,,,,,,,,,305920738,67107767,67108872
122,51,SDC,SDC_NOTFLAGGED,,,,HeCBench/results/llvm17_inject/entropy/float/site122_bit51.out,,,,,,,,,,,,,,305920738,67107767,67108872
122,52,SDC,SDC_NOTFLAGGED,,,,HeCBench/results/llvm17_inject/entropy/float/site122_bit52.out,,,,,,,,,,,,,,305920738,67107767,67108872
122,53,SDC,SDC_NOTFLAGGED,,,,HeCBench/results/llvm17_inject/entropy/float/site122_bit53.out,,,,,,,,,,,,,,305920738,67107767,67108872
122,54,SDC,SDC_NOTFLAGGED,,,,HeCBench/results/llvm17_inject/entropy/float/site122_bit54.out,,,,,,,,,,,,,,305920738,67107767,67108872
122,55,SDC,SDC_NOTFLAGGED,,,,HeCBench/results/llvm17_inject/entropy/float/site122_bit55.out,,,,,,,,,,,,,,305920738,67107767,67108872
122,56,SDC,SDC_NOTFLAGGED,,,,HeCBench/results/llvm17_inject/entropy/float/site122_bit56.out,,,,,,,,,,,,,,305920738,67107767,67108872
122,57,SDC,SDC_NOTFLAGGED,,,,HeCBench/results/llvm17_inject/entropy/float/site122_bit57.out,,,,,,,,,,,,,,305920738,67107767,67108872
122,58,SDC,SDC_NOTFLAGGED,,,,HeCBench/results/llvm17_inject/entropy/float/site122_bit58.out,,,,,,,,,,,,,,305920738,67107767,67108872
122,59,SDC,SDC_NOTFLAGGED,,,,HeCBench/results/llvm17_inject/entropy/float/site122_bit59.out,,,,,,,,,,,,,,305920738,67107767,67108872
122,60,SDC,SDC_NOTFLAGGED,,,,HeCBench/results/llvm17_inject/entropy/float/site122_bit60.out,,,,,,,,,,,,,,305920738,67107767,67108872
122,61,SDC,SDC_NOTFLAGGED,,,,HeCBench/results/llvm17_inject/entropy/float/site122_bit61.out,,,,,,,,,,,,,,305920738,67107767,67108872
122,62,SDC,SDC_NOTFLAGGED,,,,HeCBench/results/llvm17_inject/entropy/float/site122_bit62.out,,,,,,,,,,,,,,305920738,67107767,67108872
122,63,SDC,SDC_NOTFLAGGED,,,,HeCBench/results/llvm17_inject/entropy/float/site122_bit63.out,,,,,,,,,,,,,,305920738,67107767,67108872
123,0,SDC,SDC_FLAGGED,0,kernel_reported_fail,,HeCBench/results/llvm17_inject/entropy/float/site123_bit0.out,,,,,,,,,,,,,,,,
123,1,SDC,SDC_FLAGGED,0,kernel_reported_fail,,HeCBench/results/llvm17_inject/entropy/float/site123_bit1.out,,,,,,,,,,,,,,,,
123,2,SDC,SDC_FLAGGED,0,kernel_reported_fail,,HeCBench/results/llvm17_inject/entropy/float/site123_bit2.out,,,,,,,,,,,,,,,,
123,3,SDC,SDC_FLAGGED,0,kernel_reported_fail,,HeCBench/results/llvm17_inject/entropy/float/site123_bit3.out,,,,,,,,,,,,,,,,
123,4,SDC,SDC_FLAGGED,0,kernel_reported_fail,,HeCBench/results/llvm17_inject/entropy/float/site123_bit4.out,,,,,,,,,,,,,,,,
123,5,SDC,SDC_FLAGGED,0,kernel_reported_fail,,HeCBench/results/llvm17_inject/entropy/float/site123_bit5.out,,,,,,,,,,,,,,,,
123,6,SDC,SDC_FLAGGED,0,kernel_reported_fail,,HeCBench/results/llvm17_inject/entropy/float/site123_bit6.out,,,,,,,,,,,,,,,,
123,7,SDC,SDC_FLAGGED,0,kernel_reported_fail,,HeCBench/results/llvm17_inject/entropy/float/site123_bit7.out,,,,,,,,,,,,,,,,
123,8,SDC,SDC_FLAGGED,0,kernel_reported_fail,,HeCBench/results/llvm17_inject/entropy/float/site123_bit8.out,,,,,,,,,,,,,,,,
123,9,SDC,SDC_FLAGGED,0,kernel_reported_fail,,HeCBench/results/llvm17_inject/entropy/float/site123_bit9.out,,,,,,,,,,,,,,,,
123,10,SDC,SDC_FLAGGED,0,kernel_reported_fail,,HeCBench/results/llvm17_inject/entropy/float/site123_bit10.out,,,,,,,,,,,,,,,,
123,11,SDC,SDC_FLAGGED,0,kernel_reported_fail,,HeCBench/results/llvm17_inject/entropy/float/site123_bit11.out,,,,,,,,,,,,,,,,
123,12,SDC,SDC_FLAGGED,0,kernel_reported_fail,,HeCBench/results/llvm17_inject/entropy/float/site123_bit12.out,,,,,,,,,,,,,,,,
123,13,SDC,SDC_NOTFLAGGED,,,,HeCBench/results/llvm17_inject/entropy/float/site123_bit13.out,,,,,,,,,,,,,,305920738,67107767,67108872
123,14,SDC,SDC_NOTFLAGGED,,,,HeCBench/results/llvm17_inject/entropy/float/site123_bit14.out,,,,,,,,,,,,,,305920738,67107767,67108872
123,15,SDC,SDC_NOTFLAGGED,,,,HeCBench/results/llvm17_inject/entropy/float/site123_bit15.out,,,,,,,,,,,,,,305920738,67107767,67108872
123,16,SDC,SDC_NOTFLAGGED,,,,HeCBench/results/llvm17_inject/entropy/float/site123_bit16.out,,,,,,,,,,,,,,305920738,67107767,67108872
123,17,SDC,SDC_NOTFLAGGED,,,,HeCBench/results/llvm17_inject/entropy/float/site123_bit17.out,,,,,,,,,,,,,,305920738,67107767,67108872
123,18,SDC,SDC_NOTFLAGGED,,,,HeCBench/results/llvm17_inject/entropy/float/site123_bit18.out,,,,,,,,,,,,,,305920738,67107767,67108872
123,19,SDC,SDC_NOTFLAGGED,,,,HeCBench/results/llvm17_inject/entropy/float/site123_bit19.out,,,,,,,,,,,,,,305920738,67107767,67108872
123,20,SDC,SDC_NOTFLAGGED,,,,HeCBench/results/llvm17_inject/entropy/float/site123_bit20.out,,,,,,,,,,,,,,305920738,67107767,67108872
123,21,SDC,SDC_NOTFLAGGED,,,,HeCBench/results/llvm17_inject/entropy/float/site123_bit21.out,,,,,,,,,,,,,,305920738,67107767,67108872
123,22,SDC,SDC_NOTFLAGGED,,,,HeCBench/results/llvm17_inject/entropy/float/site123_bit22.out,,,,,,,,,,,,,,305920738,67107767,67108872
123,23,SDC,SDC_NOTFLAGGED,,,,HeCBench/results/llvm17_inject/entropy/float/site123_bit23.out,,,,,,,,,,,,,,305920738,67107767,67108872
123,24,SDC,SDC_NOTFLAGGED,,,,HeCBench/results/llvm17_inject/entropy/float/site123_bit24.out,,,,,,,,,,,,,,305920738,67107767,67108872
123,25,SDC,SDC_NOTFLAGGED,,,,HeCBench/results/llvm17_inject/entropy/float/site123_bit25.out,,,,,,,,,,,,,,305920738,67107767,67108872
123,26,SDC,SDC_NOTFLAGGED,,,,HeCBench/results/llvm17_inject/entropy/float/site123_bit26.out,,,,,,,,,,,,,,305920738,67107767,67108872
123,27,SDC,SDC_NOTFLAGGED,,,,HeCBench/results/llvm17_inject/entropy/float/site123_bit27.out,,,,,,,,,,,,,,305920738,67107767,67108872
123,28,SDC,SDC_NOTFLAGGED,,,,HeCBench/results/llvm17_inject/entropy/float/site123_bit28.out,,,,,,,,,,,,,,305920738,67107767,67108872
123,29,SDC,SDC_NOTFLAGGED,,,,HeCBench/results/llvm17_inject/entropy/float/site123_bit29.out,,,,,,,,,,,,,,305920738,67107767,67108872
123,30,SDC,SDC_NOTFLAGGED,,,,HeCBench/results/llvm17_inject/entropy/float/site123_bit30.out,,,,,,,,,,,,,,305920738,67107767,67108872
123,31,SDC,SDC_NOTFLAGGED,,,,HeCBench/results/llvm17_inject/entropy/float/site123_bit31.out,,,,,,,,,,,,,,305920738,67107767,67108872
123,32,SDC,SDC_NOTFLAGGED,,,,HeCBench/results/llvm17_inject/entropy/float/site123_bit32.out,,,,,,,,,,,,,,305920738,67107767,67108872
123,33,SDC,SDC_NOTFLAGGED,,,,HeCBench/results/llvm17_inject/entropy/float/site123_bit33.out,,,,,,,,,,,,,,305920738,67107767,67108872
123,34,SDC,SDC_NOTFLAGGED,,,,HeCBench/results/llvm17_inject/entropy/float/site123_bit34.out,,,,,,,,,,,,,,305920738,67107767,67108872
123,35,SDC,SDC_NOTFLAGGED,,,,HeCBench/results/llvm17_inject/entropy/float/site123_bit35.out,,,,,,,,,,,,,,305920738,67107767,67108872
123,36,SDC,SDC_NOTFLAGGED,,,,HeCBench/results/llvm17_inject/entropy/float/site123_bit36.out,,,,,,,,,,,,,,305920738,67107767,67108872
123,37,SDC,SDC_NOTFLAGGED,,,,HeCBench/results/llvm17_inject/entropy/float/site123_bit37.out,,,,,,,,,,,,,,305920738,67107767,67108872
123,38,SDC,SDC_NOTFLAGGED,,,,HeCBench/results/llvm17_inject/entropy/float/site123_bit38.out,,,,,,,,,,,,,,305920738,67107767,67108872
123,39,SDC,SDC_NOTFLAGGED,,,,HeCBench/results/llvm17_inject/entropy/float/site123_bit39.out,,,,,,,,,,,,,,305920738,67107767,67108872
123,40,SDC,SDC_NOTFLAGGED,,,,HeCBench/results/llvm17_inject/entropy/float/site123_bit40.out,,,,,,,,,,,,,,305920738,67107767,67108872
123,41,SDC,SDC_NOTFLAGGED,,,,HeCBench/results/llvm17_inject/entropy/float/site123_bit41.out,,,,,,,,,,,,,,305920738,67107767,67108872
123,42,SDC,SDC_NOTFLAGGED,,,,HeCBench/results/llvm17_inject/entropy/float/site123_bit42.out,,,,,,,,,,,,,,305920738,67107767,67108872
123,43,SDC,SDC_NOTFLAGGED,,,,HeCBench/results/llvm17_inject/entropy/float/site123_bit43.out,,,,,,,,,,,,,,305920738,67107767,67108872
123,44,SDC,SDC_NOTFLAGGED,,,,HeCBench/results/llvm17_inject/entropy/float/site123_bit44.out,,,,,,,,,,,,,,305920738,67107767,67108872
123,45,SDC,SDC_NOTFLAGGED,,,,HeCBench/results/llvm17_inject/entropy/float/site123_bit45.out,,,,,,,,,,,,,,305920738,67107767,67108872
123,46,SDC,SDC_NOTFLAGGED,,,,HeCBench/results/llvm17_inject/entropy/float/site123_bit46.out,,,,,,,,,,,,,,305920738,67107767,67108872
123,47,SDC,SDC_NOTFLAGGED,,,,HeCBench/results/llvm17_inject/entropy/float/site123_bit47.out,,,,,,,,,,,,,,305920738,67107767,67108872
123,48,SDC,SDC_NOTFLAGGED,,,,HeCBench/results/llvm17_inject/entropy/float/site123_bit48.out,,,,,,,,,,,,,,305920738,67107767,67108872
123,49,SDC,SDC_NOTFLAGGED,,,,HeCBench/results/llvm17_inject/entropy/float/site123_bit49.out,,,,,,,,,,,,,,305920738,67107767,67108872
123,50,SDC,SDC_NOTFLAGGED,,,,HeCBench/results/llvm17_inject/entropy/float/site123_bit50.out,,,,,,,,,,,,,,305920738,67107767,67108872
123,51,SDC,SDC_NOTFLAGGED,,,,HeCBench/results/llvm17_inject/entropy/float/site123_bit51.out,,,,,,,,,,,,,,305920738,67107767,67108872
123,52,SDC,SDC_NOTFLAGGED,,,,HeCBench/results/llvm17_inject/entropy/float/site123_bit52.out,,,,,,,,,,,,,,305920738,67107767,67108872
123,53,SDC,SDC_NOTFLAGGED,,,,HeCBench/results/llvm17_inject/entropy/float/site123_bit53.out,,,,,,,,,,,,,,305920738,67107767,67108872
123,54,SDC,SDC_NOTFLAGGED,,,,HeCBench/results/llvm17_inject/entropy/float/site123_bit54.out,,,,,,,,,,,,,,305920738,67107767,67108872
123,55,SDC,SDC_NOTFLAGGED,,,,HeCBench/results/llvm17_inject/entropy/float/site123_bit55.out,,,,,,,,,,,,,,305920738,67107767,67108872
123,56,SDC,SDC_NOTFLAGGED,,,,HeCBench/results/llvm17_inject/entropy/float/site123_bit56.out,,,,,,,,,,,,,,305920738,67107767,67108872
123,57,SDC,SDC_NOTFLAGGED,,,,HeCBench/results/llvm17_inject/entropy/float/site123_bit57.out,,,,,,,,,,,,,,305920738,67107767,67108872
123,58,SDC,SDC_NOTFLAGGED,,,,HeCBench/results/llvm17_inject/entropy/float/site123_bit58.out,,,,,,,,,,,,,,305920738,67107767,67108872
123,59,SDC,SDC_NOTFLAGGED,,,,HeCBench/results/llvm17_inject/entropy/float/site123_bit59.out,,,,,,,,,,,,,,305920738,67107767,67108872
123,60,SDC,SDC_NOTFLAGGED,,,,HeCBench/results/llvm17_inject/entropy/float/site123_bit60.out,,,,,,,,,,,,,,305920738,67107767,67108872
123,61,SDC,SDC_NOTFLAGGED,,,,HeCBench/results/llvm17_inject/entropy/float/site123_bit61.out,,,,,,,,,,,,,,305920738,67107767,67108872
123,62,SDC,SDC_NOTFLAGGED,,,,HeCBench/results/llvm17_inject/entropy/float/site123_bit62.out,,,,,,,,,,,,,,305920738,67107767,67108872
123,63,SDC,SDC_NOTFLAGGED,,,,HeCBench/results/llvm17_inject/entropy/float/site123_bit63.out,,,,,,,,,,,,,,305920738,67107767,67108872
146,0,SDC,SDC_FLAGGED,0,kernel_reported_fail,,HeCBench/results/llvm17_inject/entropy/float/site146_bit0.out,,,,,,,,,,,,,,,,
146,1,SDC,SDC_FLAGGED,0,kernel_reported_fail,,HeCBench/results/llvm17_inject/entropy/float/site146_bit1.out,,,,,,,,,,,,,,,,
146,2,SDC,SDC_FLAGGED,0,kernel_reported_fail,,HeCBench/results/llvm17_inject/entropy/float/site146_bit2.out,,,,,,,,,,,,,,,,
146,3,SDC,SDC_FLAGGED,0,kernel_reported_fail,,HeCBench/results/llvm17_inject/entropy/float/site146_bit3.out,,,,,,,,,,,,,,,,
146,4,SDC,SDC_FLAGGED,0,kernel_reported_fail,,HeCBench/results/llvm17_inject/entropy/float/site146_bit4.out,,,,,,,,,,,,,,,,
146,5,SDC,SDC_FLAGGED,0,kernel_reported_fail,,HeCBench/results/llvm17_inject/entropy/float/site146_bit5.out,,,,,,,,,,,,,,,,
146,6,SDC,SDC_FLAGGED,0,kernel_reported_fail,,HeCBench/results/llvm17_inject/entropy/float/site146_bit6.out,,,,,,,,,,,,,,,,
146,7,SDC,SDC_FLAGGED,0,kernel_reported_fail,,HeCBench/results/llvm17_inject/entropy/float/site146_bit7.out,,,,,,,,,,,,,,,,
146,8,SDC,SDC_FLAGGED,0,kernel_reported_fail,,HeCBench/results/llvm17_inject/entropy/float/site146_bit8.out,,,,,,,,,,,,,,,,
146,9,SDC,SDC_FLAGGED,0,kernel_reported_fail,,HeCBench/results/llvm17_inject/entropy/float/site146_bit9.out,,,,,,,,,,,,,,,,
146,10,SDC,SDC_FLAGGED,0,kernel_reported_fail,,HeCBench/results/llvm17_inject/entropy/float/site146_bit10.out,,,,,,,,,,,,,,,,
146,11,SDC,SDC_FLAGGED,0,kernel_reported_fail,,HeCBench/results/llvm17_inject/entropy/float/site146_bit11.out,,,,,,,,,,,,,,,,
146,12,SDC,SDC_FLAGGED,0,kernel_reported_fail,,HeCBench/results/llvm17_inject/entropy/float/site146_bit12.out,,,,,,,,,,,,,,,,
146,13,SDC,SDC_FLAGGED,0,kernel_reported_fail,,HeCBench/results/llvm17_inject/entropy/float/site146_bit13.out,,,,,,,,,,,,,,,,
146,14,SDC,SDC_FLAGGED,0,kernel_reported_fail,,HeCBench/results/llvm17_inject/entropy/float/site146_bit14.out,,,,,,,,,,,,,,,,
146,15,SDC,SDC_FLAGGED,0,kernel_reported_fail,,HeCBench/results/llvm17_inject/entropy/float/site146_bit15.out,,,,,,,,,,,,,,,,
146,16,SDC,SDC_FLAGGED,0,kernel_reported_fail,,HeCBench/results/llvm17_inject/entropy/float/site146_bit16.out,,,,,,,,,,,,,,,,
146,17,SDC,SDC_FLAGGED,0,kernel_reported_fail,,HeCBench/results/llvm17_inject/entropy/float/site146_bit17.out,,,,,,,,,,,,,,,,
146,18,SDC,SDC_FLAGGED,0,kernel_reported_fail,,HeCBench/results/llvm17_inject/entropy/float/site146_bit18.out,,,,,,,,,,,,,,,,
146,19,SDC,SDC_FLAGGED,0,kernel_reported_fail,,HeCBench/results/llvm17_inject/entropy/float/site146_bit19.out,,,,,,,,,,,,,,,,
146,20,SDC,SDC_FLAGGED,0,kernel_reported_fail,,HeCBench/results/llvm17_inject/entropy/float/site146_bit20.out,,,,,,,,,,,,,,,,
146,21,SDC,SDC_FLAGGED,0,kernel_reported_fail,,HeCBench/results/llvm17_inject/entropy/float/site146_bit21.out,,,,,,,,,,,,,,,,
146,22,SDC,SDC_FLAGGED,0,kernel_reported_fail,,HeCBench/results/llvm17_inject/entropy/float/site146_bit22.out,,,,,,,,,,,,,,,,
146,23,SDC,SDC_FLAGGED,0,kernel_reported_fail,,HeCBench/results/llvm17_inject/entropy/float/site146_bit23.out,,,,,,,,,,,,,,,,
146,24,SDC,SDC_FLAGGED,0,kernel_reported_fail,,HeCBench/results/llvm17_inject/entropy/float/site146_bit24.out,,,,,,,,,,,,,,,,
146,25,SDC,SDC_FLAGGED,0,kernel_reported_fail,,HeCBench/results/llvm17_inject/entropy/float/site146_bit25.out,,,,,,,,,,,,,,,,
146,26,SDC,SDC_FLAGGED,0,kernel_reported_fail,,HeCBench/results/llvm17_inject/entropy/float/site146_bit26.out,,,,,,,,,,,,,,,,
146,27,SDC,SDC_FLAGGED,0,kernel_reported_fail,,HeCBench/results/llvm17_inject/entropy/float/site146_bit27.out,,,,,,,,,,,,,,,,
146,28,SDC,SDC_FLAGGED,0,kernel_reported_fail,,HeCBench/results/llvm17_inject/entropy/float/site146_bit28.out,,,,,,,,,,,,,,,,
146,29,SDC,SDC_FLAGGED,0,kernel_reported_fail,,HeCBench/results/llvm17_inject/entropy/float/site146_bit29.out,,,,,,,,,,,,,,,,
146,30,SDC,SDC_FLAGGED,0,kernel_reported_fail,,HeCBench/results/llvm17_inject/entropy/float/site146_bit30.out,,,,,,,,,,,,,,,,
146,31,SDC,SDC_FLAGGED,0,kernel_reported_fail,,HeCBench/results/llvm17_inject/entropy/float/site146_bit31.out,,,,,,,,,,,,,,,,
147,0,SDC,SDC_FLAGGED,0,kernel_reported_fail,,HeCBench/results/llvm17_inject/entropy/float/site147_bit0.out,,,,,,,,,,,,,,,,
147,1,SDC,SDC_FLAGGED,0,kernel_reported_fail,,HeCBench/results/llvm17_inject/entropy/float/site147_bit1.out,,,,,,,,,,,,,,,,
147,2,SDC,SDC_FLAGGED,0,kernel_reported_fail,,HeCBench/results/llvm17_inject/entropy/float/site147_bit2.out,,,,,,,,,,,,,,,,
147,3,SDC,SDC_FLAGGED,0,kernel_reported_fail,,HeCBench/results/llvm17_inject/entropy/float/site147_bit3.out,,,,,,,,,,,,,,,,
147,4,SDC,SDC_FLAGGED,0,kernel_reported_fail,,HeCBench/results/llvm17_inject/entropy/float/site147_bit4.out,,,,,,,,,,,,,,,,
147,5,SDC,SDC_FLAGGED,0,kernel_reported_fail,,HeCBench/results/llvm17_inject/entropy/float/site147_bit5.out,,,,,,,,,,,,,,,,
147,6,SDC,SDC_FLAGGED,0,kernel_reported_fail,,HeCBench/results/llvm17_inject/entropy/float/site147_bit6.out,,,,,,,,,,,,,,,,
147,7,SDC,SDC_FLAGGED,0,kernel_reported_fail,,HeCBench/results/llvm17_inject/entropy/float/site147_bit7.out,,,,,,,,,,,,,,,,
147,8,SDC,SDC_FLAGGED,0,kernel_reported_fail,,HeCBench/results/llvm17_inject/entropy/float/site147_bit8.out,,,,,,,,,,,,,,,,
147,9,SDC,SDC_FLAGGED,0,kernel_reported_fail,,HeCBench/results/llvm17_inject/entropy/float/site147_bit9.out,,,,,,,,,,,,,,,,
147,10,SDC,SDC_FLAGGED,0,kernel_reported_fail,,HeCBench/results/llvm17_inject/entropy/float/site147_bit10.out,,,,,,,,,,,,,,,,
147,11,SDC,SDC_FLAGGED,0,kernel_reported_fail,,HeCBench/results/llvm17_inject/entropy/float/site147_bit11.out,,,,,,,,,,,,,,,,
147,12,SDC,SDC_FLAGGED,0,kernel_reported_fail,,HeCBench/results/llvm17_inject/entropy/float/site147_bit12.out,,,,,,,,,,,,,,,,
147,13,SDC,SDC_FLAGGED,0,kernel_reported_fail,,HeCBench/results/llvm17_inject/entropy/float/site147_bit13.out,,,,,,,,,,,,,,,,
147,14,SDC,SDC_FLAGGED,0,kernel_reported_fail,,HeCBench/results/llvm17_inject/entropy/float/site147_bit14.out,,,,,,,,,,,,,,,,
147,15,SDC,SDC_FLAGGED,0,kernel_reported_fail,,HeCBench/results/llvm17_inject/entropy/float/site147_bit15.out,,,,,,,,,,,,,,,,
147,16,SDC,SDC_FLAGGED,0,kernel_reported_fail,,HeCBench/results/llvm17_inject/entropy/float/site147_bit16.out,,,,,,,,,,,,,,,,
147,17,SDC,SDC_FLAGGED,0,kernel_reported_fail,,HeCBench/results/llvm17_inject/entropy/float/site147_bit17.out,,,,,,,,,,,,,,,,
147,18,SDC,SDC_FLAGGED,0,kernel_reported_fail,,HeCBench/results/llvm17_inject/entropy/float/site147_bit18.out,,,,,,,,,,,,,,,,
147,19,SDC,SDC_FLAGGED,0,kernel_reported_fail,,HeCBench/results/llvm17_inject/entropy/float/site147_bit19.out,,,,,,,,,,,,,,,,
147,20,SDC,SDC_FLAGGED,0,kernel_reported_fail,,HeCBench/results/llvm17_inject/entropy/float/site147_bit20.out,,,,,,,,,,,,,,,,
147,21,SDC,SDC_FLAGGED,0,kernel_reported_fail,,HeCBench/results/llvm17_inject/entropy/float/site147_bit21.out,,,,,,,,,,,,,,,,
147,22,SDC,SDC_FLAGGED,0,kernel_reported_fail,,HeCBench/results/llvm17_inject/entropy/float/site147_bit22.out,,,,,,,,,,,,,,,,
147,23,SDC,SDC_FLAGGED,0,kernel_reported_fail,,HeCBench/results/llvm17_inject/entropy/float/site147_bit23.out,,,,,,,,,,,,,,,,
147,24,SDC,SDC_FLAGGED,0,kernel_reported_fail,,HeCBench/results/llvm17_inject/entropy/float/site147_bit24.out,,,,,,,,,,,,,,,,
147,25,SDC,SDC_FLAGGED,0,kernel_reported_fail,,HeCBench/results/llvm17_inject/entropy/float/site147_bit25.out,,,,,,,,,,,,,,,,
147,26,SDC,SDC_FLAGGED,0,kernel_reported_fail,,HeCBench/results/llvm17_inject/entropy/float/site147_bit26.out,,,,,,,,,,,,,,,,
147,27,SDC,SDC_FLAGGED,0,kernel_reported_fail,,HeCBench/results/llvm17_inject/entropy/float/site147_bit27.out,,,,,,,,,,,,,,,,
147,28,SDC,SDC_FLAGGED,0,kernel_reported_fail,,HeCBench/results/llvm17_inject/entropy/float/site147_bit28.out,,,,,,,,,,,,,,,,
147,29,SDC,SDC_FLAGGED,0,kernel_reported_fail,,HeCBench/results/llvm17_inject/entropy/float/site147_bit29.out,,,,,,,,,,,,,,,,
147,30,SDC,SDC_FLAGGED,0,kernel_reported_fail,,HeCBench/results/llvm17_inject/entropy/float/site147_bit30.out,,,,,,,,,,,,,,,,
147,31,SDC,SDC_FLAGGED,0,kernel_reported_fail,,HeCBench/results/llvm17_inject/entropy/float/site147_bit31.out,,,,,,,,,,,,,,,,
148,0,SDC,SDC_FLAGGED,0,kernel_reported_fail,,HeCBench/results/llvm17_inject/entropy/float/site148_bit0.out,,,,,,,,,,,,,,,,
148,1,SDC,SDC_FLAGGED,0,kernel_reported_fail,,HeCBench/results/llvm17_inject/entropy/float/site148_bit1.out,,,,,,,,,,,,,,,,
148,2,SDC,SDC_FLAGGED,0,kernel_reported_fail,,HeCBench/results/llvm17_inject/entropy/float/site148_bit2.out,,,,,,,,,,,,,,,,
148,3,SDC,SDC_FLAGGED,0,kernel_reported_fail,,HeCBench/results/llvm17_inject/entropy/float/site148_bit3.out,,,,,,,,,,,,,,,,
148,4,SDC,SDC_FLAGGED,0,kernel_reported_fail,,HeCBench/results/llvm17_inject/entropy/float/site148_bit4.out,,,,,,,,,,,,,,,,
148,5,SDC,SDC_FLAGGED,0,kernel_reported_fail,,HeCBench/results/llvm17_inject/entropy/float/site148_bit5.out,,,,,,,,,,,,,,,,
148,6,SDC,SDC_FLAGGED,0,kernel_reported_fail,,HeCBench/results/llvm17_inject/entropy/float/site148_bit6.out,,,,,,,,,,,,,,,,
148,7,SDC,SDC_FLAGGED,0,kernel_reported_fail,,HeCBench/results/llvm17_inject/entropy/float/site148_bit7.out,,,,,,,,,,,,,,,,
148,8,SDC,SDC_FLAGGED,0,kernel_reported_fail,,HeCBench/results/llvm17_inject/entropy/float/site148_bit8.out,,,,,,,,,,,,,,,,
148,9,SDC,SDC_FLAGGED,0,kernel_reported_fail,,HeCBench/results/llvm17_inject/entropy/float/site148_bit9.out,,,,,,,,,,,,,,,,
148,10,SDC,SDC_FLAGGED,0,kernel_reported_fail,,HeCBench/results/llvm17_inject/entropy/float/site148_bit10.out,,,,,,,,,,,,,,,,
148,11,SDC,SDC_FLAGGED,0,kernel_reported_fail,,HeCBench/results/llvm17_inject/entropy/float/site148_bit11.out,,,,,,,,,,,,,,,,
148,12,SDC,SDC_FLAGGED,0,kernel_reported_fail,,HeCBench/results/llvm17_inject/entropy/float/site148_bit12.out,,,,,,,,,,,,,,,,
148,13,SDC,SDC_FLAGGED,0,kernel_reported_fail,,HeCBench/results/llvm17_inject/entropy/float/site148_bit13.out,,,,,,,,,,,,,,,,
148,14,SDC,SDC_FLAGGED,0,kernel_reported_fail,,HeCBench/results/llvm17_inject/entropy/float/site148_bit14.out,,,,,,,,,,,,,,,,
148,15,SDC,SDC_FLAGGED,0,kernel_reported_fail,,HeCBench/results/llvm17_inject/entropy/float/site148_bit15.out,,,,,,,,,,,,,,,,
148,16,SDC,SDC_FLAGGED,0,kernel_reported_fail,,HeCBench/results/llvm17_inject/entropy/float/site148_bit16.out,,,,,,,,,,,,,,,,
148,17,SDC,SDC_FLAGGED,0,kernel_reported_fail,,HeCBench/results/llvm17_inject/entropy/float/site148_bit17.out,,,,,,,,,,,,,,,,
148,18,SDC,SDC_FLAGGED,0,kernel_reported_fail,,HeCBench/results/llvm17_inject/entropy/float/site148_bit18.out,,,,,,,,,,,,,,,,
148,19,SDC,SDC_FLAGGED,0,kernel_reported_fail,,HeCBench/results/llvm17_inject/entropy/float/site148_bit19.out,,,,,,,,,,,,,,,,
148,20,SDC,SDC_FLAGGED,0,kernel_reported_fail,,HeCBench/results/llvm17_inject/entropy/float/site148_bit20.out,,,,,,,,,,,,,,,,
148,21,SDC,SDC_FLAGGED,0,kernel_reported_fail,,HeCBench/results/llvm17_inject/entropy/float/site148_bit21.out,,,,,,,,,,,,,,,,
148,22,SDC,SDC_FLAGGED,0,kernel_reported_fail,,HeCBench/results/llvm17_inject/entropy/float/site148_bit22.out,,,,,,,,,,,,,,,,
148,23,SDC,SDC_FLAGGED,0,kernel_reported_fail,,HeCBench/results/llvm17_inject/entropy/float/site148_bit23.out,,,,,,,,,,,,,,,,
148,24,SDC,SDC_FLAGGED,0,kernel_reported_fail,,HeCBench/results/llvm17_inject/entropy/float/site148_bit24.out,,,,,,,,,,,,,,,,
148,25,SDC,SDC_FLAGGED,0,kernel_reported_fail,,HeCBench/results/llvm17_inject/entropy/float/site148_bit25.out,,,,,,,,,,,,,,,,
148,26,SDC,SDC_FLAGGED,0,kernel_reported_fail,,HeCBench/results/llvm17_inject/entropy/float/site148_bit26.out,,,,,,,,,,,,,,,,
148,27,SDC,SDC_FLAGGED,0,kernel_reported_fail,,HeCBench/results/llvm17_inject/entropy/float/site148_bit27.out,,,,,,,,,,,,,,,,
148,28,SDC,SDC_FLAGGED,0,kernel_reported_fail,,HeCBench/results/llvm17_inject/entropy/float/site148_bit28.out,,,,,,,,,,,,,,,,
148,29,SDC,SDC_FLAGGED,0,kernel_reported_fail,,HeCBench/results/llvm17_inject/entropy/float/site148_bit29.out,,,,,,,,,,,,,,,,
148,30,SDC,SDC_FLAGGED,0,kernel_reported_fail,,HeCBench/results/llvm17_inject/entropy/float/site148_bit30.out,,,,,,,,,,,,,,,,
148,31,SDC,SDC_FLAGGED,0,kernel_reported_fail,,HeCBench/results/llvm17_inject/entropy/float/site148_bit31.out,,,,,,,,,,,,,,,,
151,0,SDC,SDC_FLAGGED,0,kernel_reported_fail,,HeCBench/results/llvm17_inject/entropy/float/site151_bit0.out,,,,,,,,,,,,,,,,
154,0,DUE,FAILURE_NONHANG,empty_out,,,HeCBench/results/llvm17_inject/entropy/float/site154_bit0.out,,,,,,,,,,,,,,,,
154,1,SDC,SDC_FLAGGED,0,kernel_reported_fail,,HeCBench/results/llvm17_inject/entropy/float/site154_bit1.out,,,,,,,,,,,,,,,,
154,2,SDC,SDC_FLAGGED,0,kernel_reported_fail,,HeCBench/results/llvm17_inject/entropy/float/site154_bit2.out,,,,,,,,,,,,,,,,
154,3,SDC,SDC_FLAGGED,0,kernel_reported_fail,,HeCBench/results/llvm17_inject/entropy/float/site154_bit3.out,,,,,,,,,,,,,,,,
154,4,SDC,SDC_FLAGGED,0,kernel_reported_fail,,HeCBench/results/llvm17_inject/entropy/float/site154_bit4.out,,,,,,,,,,,,,,,,
154,5,SDC,SDC_FLAGGED,0,kernel_reported_fail,,HeCBench/results/llvm17_inject/entropy/float/site154_bit5.out,,,,,,,,,,,,,,,,
154,6,SDC,SDC_FLAGGED,0,kernel_reported_fail,,HeCBench/results/llvm17_inject/entropy/float/site154_bit6.out,,,,,,,,,,,,,,,,
154,7,SDC,SDC_FLAGGED,0,kernel_reported_fail,,HeCBench/results/llvm17_inject/entropy/float/site154_bit7.out,,,,,,,,,,,,,,,,
154,8,SDC,SDC_FLAGGED,0,kernel_reported_fail,,HeCBench/results/llvm17_inject/entropy/float/site154_bit8.out,,,,,,,,,,,,,,,,
154,9,SDC,SDC_FLAGGED,0,kernel_reported_fail,,HeCBench/results/llvm17_inject/entropy/float/site154_bit9.out,,,,,,,,,,,,,,,,
154,10,SDC,SDC_FLAGGED,0,kernel_reported_fail,,HeCBench/results/llvm17_inject/entropy/float/site154_bit10.out,,,,,,,,,,,,,,,,
154,11,SDC,SDC_FLAGGED,0,kernel_reported_fail,,HeCBench/results/llvm17_inject/entropy/float/site154_bit11.out,,,,,,,,,,,,,,,,
154,12,SDC,SDC_FLAGGED,0,kernel_reported_fail,,HeCBench/results/llvm17_inject/entropy/float/site154_bit12.out,,,,,,,,,,,,,,,,
154,13,SDC,SDC_FLAGGED,0,kernel_reported_fail,,HeCBench/results/llvm17_inject/entropy/float/site154_bit13.out,,,,,,,,,,,,,,,,
154,14,SDC,SDC_FLAGGED,0,kernel_reported_fail,,HeCBench/results/llvm17_inject/entropy/float/site154_bit14.out,,,,,,,,,,,,,,,,
154,15,SDC,SDC_FLAGGED,0,kernel_reported_fail,,HeCBench/results/llvm17_inject/entropy/float/site154_bit15.out,,,,,,,,,,,,,,,,
154,16,SDC,SDC_FLAGGED,0,kernel_reported_fail,,HeCBench/results/llvm17_inject/entropy/float/site154_bit16.out,,,,,,,,,,,,,,,,
154,17,SDC,SDC_FLAGGED,0,kernel_reported_fail,,HeCBench/results/llvm17_inject/entropy/float/site154_bit17.out,,,,,,,,,,,,,,,,
154,18,SDC,SDC_FLAGGED,0,kernel_reported_fail,,HeCBench/results/llvm17_inject/entropy/float/site154_bit18.out,,,,,,,,,,,,,,,,
154,19,SDC,SDC_FLAGGED,0,kernel_reported_fail,,HeCBench/results/llvm17_inject/entropy/float/site154_bit19.out,,,,,,,,,,,,,,,,
154,20,SDC,SDC_FLAGGED,0,kernel_reported_fail,,HeCBench/results/llvm17_inject/entropy/float/site154_bit20.out,,,,,,,,,,,,,,,,
154,21,DUE,FAILURE_NONHANG,empty_out,,,HeCBench/results/llvm17_inject/entropy/float/site154_bit21.out,,,,,,,,,,,,,,,,
154,22,DUE,FAILURE_NONHANG,empty_out,,,HeCBench/results/llvm17_inject/entropy/float/site154_bit22.out,,,,,,,,,,,,,,,,
154,23,DUE,FAILURE_NONHANG,empty_out,,,HeCBench/results/llvm17_inject/entropy/float/site154_bit23.out,,,,,,,,,,,,,,,,
154,24,DUE,FAILURE_NONHANG,empty_out,,,HeCBench/results/llvm17_inject/entropy/float/site154_bit24.out,,,,,,,,,,,,,,,,
154,25,DUE,FAILURE_NONHANG,empty_out,,,HeCBench/results/llvm17_inject/entropy/float/site154_bit25.out,,,,,,,,,,,,,,,,
154,26,DUE,FAILURE_NONHANG,empty_out,,,HeCBench/results/llvm17_inject/entropy/float/site154_bit26.out,,,,,,,,,,,,,,,,
154,27,DUE,FAILURE_NONHANG,empty_out,,,HeCBench/results/llvm17_inject/entropy/float/site154_bit27.out,,,,,,,,,,,,,,,,
154,28,DUE,FAILURE_NONHANG,empty_out,,,HeCBench/results/llvm17_inject/entropy/float/site154_bit28.out,,,,,,,,,,,,,,,,
154,29,DUE,FAILURE_NONHANG,empty_out,,,HeCBench/results/llvm17_inject/entropy/float/site154_bit29.out,,,,,,,,,,,,,,,,
154,30,DUE,FAILURE_NONHANG,empty_out,,,HeCBench/results/llvm17_inject/entropy/float/site154_bit30.out,,,,,,,,,,,,,,,,
154,31,SDC,SDC_FLAGGED,0,kernel_reported_fail,,HeCBench/results/llvm17_inject/entropy/float/site154_bit31.out,,,,,,,,,,,,,,,,
157,0,SDC,SDC_NOTFLAGGED,,,,HeCBench/results/llvm17_inject/entropy/float/site157_bit0.out,,,,,,,,,,,,,,414356,235587,67108872
160,0,SDC,SDC_FLAGGED,0,kernel_reported_fail,,HeCBench/results/llvm17_inject/entropy/float/site160_bit0.out,,,,,,,,,,,,,,,,
160,1,SDC,SDC_FLAGGED,0,kernel_reported_fail,,HeCBench/results/llvm17_inject/entropy/float/site160_bit1.out,,,,,,,,,,,,,,,,
160,2,SDC,SDC_FLAGGED,0,kernel_reported_fail,,HeCBench/results/llvm17_inject/entropy/float/site160_bit2.out,,,,,,,,,,,,,,,,
160,3,SDC,SDC_FLAGGED,0,kernel_reported_fail,,HeCBench/results/llvm17_inject/entropy/float/site160_bit3.out,,,,,,,,,,,,,,,,
160,4,SDC,SDC_FLAGGED,0,kernel_reported_fail,,HeCBench/results/llvm17_inject/entropy/float/site160_bit4.out,,,,,,,,,,,,,,,,
160,5,SDC,SDC_FLAGGED,0,kernel_reported_fail,,HeCBench/results/llvm17_inject/entropy/float/site160_bit5.out,,,,,,,,,,,,,,,,
160,6,SDC,SDC_FLAGGED,0,kernel_reported_fail,,HeCBench/results/llvm17_inject/entropy/float/site160_bit6.out,,,,,,,,,,,,,,,,
160,7,SDC,SDC_FLAGGED,0,kernel_reported_fail,,HeCBench/results/llvm17_inject/entropy/float/site160_bit7.out,,,,,,,,,,,,,,,,
160,8,SDC,SDC_FLAGGED,0,kernel_reported_fail,,HeCBench/results/llvm17_inject/entropy/float/site160_bit8.out,,,,,,,,,,,,,,,,
160,9,SDC,SDC_FLAGGED,0,kernel_reported_fail,,HeCBench/results/llvm17_inject/entropy/float/site160_bit9.out,,,,,,,,,,,,,,,,
160,10,SDC,SDC_FLAGGED,0,kernel_reported_fail,,HeCBench/results/llvm17_inject/entropy/float/site160_bit10.out,,,,,,,,,,,,,,,,
160,11,SDC,SDC_FLAGGED,0,kernel_reported_fail,,HeCBench/results/llvm17_inject/entropy/float/site160_bit11.out,,,,,,,,,,,,,,,,
160,12,SDC,SDC_FLAGGED,0,kernel_reported_fail,,HeCBench/results/llvm17_inject/entropy/float/site160_bit12.out,,,,,,,,,,,,,,,,
160,13,SDC,SDC_FLAGGED,0,kernel_reported_fail,,HeCBench/results/llvm17_inject/entropy/float/site160_bit13.out,,,,,,,,,,,,,,,,
160,14,SDC,SDC_FLAGGED,0,kernel_reported_fail,,HeCBench/results/llvm17_inject/entropy/float/site160_bit14.out,,,,,,,,,,,,,,,,
160,15,SDC,SDC_FLAGGED,0,kernel_reported_fail,,HeCBench/results/llvm17_inject/entropy/float/site160_bit15.out,,,,,,,,,,,,,,,,
160,16,SDC,SDC_FLAGGED,0,kernel_reported_fail,,HeCBench/results/llvm17_inject/entropy/float/site160_bit16.out,,,,,,,,,,,,,,,,
160,17,SDC,SDC_FLAGGED,0,kernel_reported_fail,,HeCBench/results/llvm17_inject/entropy/float/site160_bit17.out,,,,,,,,,,,,,,,,
160,18,SDC,SDC_FLAGGED,0,kernel_reported_fail,,HeCBench/results/llvm17_inject/entropy/float/site160_bit18.out,,,,,,,,,,,,,,,,
160,19,SDC,SDC_FLAGGED,0,kernel_reported_fail,,HeCBench/results/llvm17_inject/entropy/float/site160_bit19.out,,,,,,,,,,,,,,,,
160,20,SDC,SDC_FLAGGED,0,kernel_reported_fail,,HeCBench/results/llvm17_inject/entropy/float/site160_bit20.out,,,,,,,,,,,,,,,,
160,21,SDC,SDC_FLAGGED,0,kernel_reported_fail,,HeCBench/results/llvm17_inject/entropy/float/site160_bit21.out,,,,,,,,,,,,,,,,
160,22,SDC,SDC_FLAGGED,0,kernel_reported_fail,,HeCBench/results/llvm17_inject/entropy/float/site160_bit22.out,,,,,,,,,,,,,,,,
160,23,SDC,SDC_FLAGGED,0,kernel_reported_fail,,HeCBench/results/llvm17_inject/entropy/float/site160_bit23.out,,,,,,,,,,,,,,,,
160,24,SDC,SDC_FLAGGED,0,kernel_reported_fail,,HeCBench/results/llvm17_inject/entropy/float/site160_bit24.out,,,,,,,,,,,,,,,,
160,25,SDC,SDC_FLAGGED,0,kernel_reported_fail,,HeCBench/results/llvm17_inject/entropy/float/site160_bit25.out,,,,,,,,,,,,,,,,
160,26,SDC,SDC_FLAGGED,0,kernel_reported_fail,,HeCBench/results/llvm17_inject/entropy/float/site160_bit26.out,,,,,,,,,,,,,,,,
160,27,SDC,SDC_FLAGGED,0,kernel_reported_fail,,HeCBench/results/llvm17_inject/entropy/float/site160_bit27.out,,,,,,,,,,,,,,,,
160,28,SDC,SDC_FLAGGED,0,kernel_reported_fail,,HeCBench/results/llvm17_inject/entropy/float/site160_bit28.out,,,,,,,,,,,,,,,,
160,29,SDC,SDC_FLAGGED,0,kernel_reported_fail,,HeCBench/results/llvm17_inject/entropy/float/site160_bit29.out,,,,,,,,,,,,,,,,
160,30,SDC,SDC_FLAGGED,0,kernel_reported_fail,,HeCBench/results/llvm17_inject/entropy/float/site160_bit30.out,,,,,,,,,,,,,,,,
160,31,SDC,SDC_FLAGGED,0,kernel_reported_fail,,HeCBench/results/llvm17_inject/entropy/float/site160_bit31.out,,,,,,,,,,,,,,,,
161,0,SDC,SDC_FLAGGED,0,kernel_reported_fail,,HeCBench/results/llvm17_inject/entropy/float/site161_bit0.out,,,,,,,,,,,,,,,,
161,1,SDC,SDC_FLAGGED,0,kernel_reported_fail,,HeCBench/results/llvm17_inject/entropy/float/site161_bit1.out,,,,,,,,,,,,,,,,
161,2,SDC,SDC_FLAGGED,0,kernel_reported_fail,,HeCBench/results/llvm17_inject/entropy/float/site161_bit2.out,,,,,,,,,,,,,,,,
161,3,SDC,SDC_FLAGGED,0,kernel_reported_fail,,HeCBench/results/llvm17_inject/entropy/float/site161_bit3.out,,,,,,,,,,,,,,,,
161,4,SDC,SDC_FLAGGED,0,kernel_reported_fail,,HeCBench/results/llvm17_inject/entropy/float/site161_bit4.out,,,,,,,,,,,,,,,,
161,5,SDC,SDC_FLAGGED,0,kernel_reported_fail,,HeCBench/results/llvm17_inject/entropy/float/site161_bit5.out,,,,,,,,,,,,,,,,
161,6,SDC,SDC_FLAGGED,0,kernel_reported_fail,,HeCBench/results/llvm17_inject/entropy/float/site161_bit6.out,,,,,,,,,,,,,,,,
161,7,SDC,SDC_FLAGGED,0,kernel_reported_fail,,HeCBench/results/llvm17_inject/entropy/float/site161_bit7.out,,,,,,,,,,,,,,,,
161,8,SDC,SDC_FLAGGED,0,kernel_reported_fail,,HeCBench/results/llvm17_inject/entropy/float/site161_bit8.out,,,,,,,,,,,,,,,,
161,9,SDC,SDC_FLAGGED,0,kernel_reported_fail,,HeCBench/results/llvm17_inject/entropy/float/site161_bit9.out,,,,,,,,,,,,,,,,
161,10,SDC,SDC_FLAGGED,0,kernel_reported_fail,,HeCBench/results/llvm17_inject/entropy/float/site161_bit10.out,,,,,,,,,,,,,,,,
161,11,SDC,SDC_FLAGGED,0,kernel_reported_fail,,HeCBench/results/llvm17_inject/entropy/float/site161_bit11.out,,,,,,,,,,,,,,,,
161,12,SDC,SDC_FLAGGED,0,kernel_reported_fail,,HeCBench/results/llvm17_inject/entropy/float/site161_bit12.out,,,,,,,,,,,,,,,,
161,13,SDC,SDC_FLAGGED,0,kernel_reported_fail,,HeCBench/results/llvm17_inject/entropy/float/site161_bit13.out,,,,,,,,,,,,,,,,
161,14,SDC,SDC_FLAGGED,0,kernel_reported_fail,,HeCBench/results/llvm17_inject/entropy/float/site161_bit14.out,,,,,,,,,,,,,,,,
161,15,SDC,SDC_FLAGGED,0,kernel_reported_fail,,HeCBench/results/llvm17_inject/entropy/float/site161_bit15.out,,,,,,,,,,,,,,,,
161,16,SDC,SDC_FLAGGED,0,kernel_reported_fail,,HeCBench/results/llvm17_inject/entropy/float/site161_bit16.out,,,,,,,,,,,,,,,,
161,17,SDC,SDC_FLAGGED,0,kernel_reported_fail,,HeCBench/results/llvm17_inject/entropy/float/site161_bit17.out,,,,,,,,,,,,,,,,
161,18,SDC,SDC_FLAGGED,0,kernel_reported_fail,,HeCBench/results/llvm17_inject/entropy/float/site161_bit18.out,,,,,,,,,,,,,,,,
161,19,SDC,SDC_FLAGGED,0,kernel_reported_fail,,HeCBench/results/llvm17_inject/entropy/float/site161_bit19.out,,,,,,,,,,,,,,,,
161,20,SDC,SDC_FLAGGED,0,kernel_reported_fail,,HeCBench/results/llvm17_inject/entropy/float/site161_bit20.out,,,,,,,,,,,,,,,,
161,21,SDC,SDC_FLAGGED,0,kernel_reported_fail,,HeCBench/results/llvm17_inject/entropy/float/site161_bit21.out,,,,,,,,,,,,,,,,
161,22,SDC,SDC_FLAGGED,0,kernel_reported_fail,,HeCBench/results/llvm17_inject/entropy/float/site161_bit22.out,,,,,,,,,,,,,,,,
161,23,SDC,SDC_FLAGGED,0,kernel_reported_fail,,HeCBench/results/llvm17_inject/entropy/float/site161_bit23.out,,,,,,,,,,,,,,,,
161,24,SDC,SDC_FLAGGED,0,kernel_reported_fail,,HeCBench/results/llvm17_inject/entropy/float/site161_bit24.out,,,,,,,,,,,,,,,,
161,25,SDC,SDC_FLAGGED,0,kernel_reported_fail,,HeCBench/results/llvm17_inject/entropy/float/site161_bit25.out,,,,,,,,,,,,,,,,
161,26,SDC,SDC_FLAGGED,0,kernel_reported_fail,,HeCBench/results/llvm17_inject/entropy/float/site161_bit26.out,,,,,,,,,,,,,,,,
161,27,SDC,SDC_FLAGGED,0,kernel_reported_fail,,HeCBench/results/llvm17_inject/entropy/float/site161_bit27.out,,,,,,,,,,,,,,,,
161,28,SDC,SDC_FLAGGED,0,kernel_reported_fail,,HeCBench/results/llvm17_inject/entropy/float/site161_bit28.out,,,,,,,,,,,,,,,,
161,29,SDC,SDC_FLAGGED,0,kernel_reported_fail,,HeCBench/results/llvm17_inject/entropy/float/site161_bit29.out,,,,,,,,,,,,,,,,
161,30,SDC,SDC_FLAGGED,0,kernel_reported_fail,,HeCBench/results/llvm17_inject/entropy/float/site161_bit30.out,,,,,,,,,,,,,,,,
161,31,SDC,SDC_FLAGGED,0,kernel_reported_fail,,HeCBench/results/llvm17_inject/entropy/float/site161_bit31.out,,,,,,,,,,,,,,,,
162,0,SDC,SDC_FLAGGED,0,kernel_reported_fail,,HeCBench/results/llvm17_inject/entropy/float/site162_bit0.out,,,,,,,,,,,,,,,,
163,0,SDC,SDC_NOTFLAGGED,,,,HeCBench/results/llvm17_inject/entropy/float/site163_bit0.out,,,,,,,,,,,,,,14372458,7161215,67108872
163,1,SDC,SDC_NOTFLAGGED,,,,HeCBench/results/llvm17_inject/entropy/float/site163_bit1.out,,,,,,,,,,,,,,12018285,6601197,67108872
163,2,SDC,SDC_NOTFLAGGED,,,,HeCBench/results/llvm17_inject/entropy/float/site163_bit2.out,,,,,,,,,,,,,,33661462,15035509,67108872
163,3,SDC,SDC_NOTFLAGGED,,,,HeCBench/results/llvm17_inject/entropy/float/site163_bit3.out,,,,,,,,,,,,,,27789425,13423362,67108872
163,4,SDC,SDC_NOTFLAGGED,,,,HeCBench/results/llvm17_inject/entropy/float/site163_bit4.out,,,,,,,,,,,,,,44429135,16882378,67108872
163,5,SDC,SDC_NOTFLAGGED,,,,HeCBench/results/llvm17_inject/entropy/float/site163_bit5.out,,,,,,,,,,,,,,52839595,16969409,67108872
163,6,SDC,SDC_NOTFLAGGED,,,,HeCBench/results/llvm17_inject/entropy/float/site163_bit6.out,,,,,,,,,,,,,,64337834,17970989,67108872
163,7,SDC,SDC_NOTFLAGGED,,,,HeCBench/results/llvm17_inject/entropy/float/site163_bit7.out,,,,,,,,,,,,,,79375253,20846623,67108872
163,8,SDC,SDC_NOTFLAGGED,,,,HeCBench/results/llvm17_inject/entropy/float/site163_bit8.out,,,,,,,,,,,,,,82850814,23741957,67108872
163,9,SDC,SDC_NOTFLAGGED,,,,HeCBench/results/llvm17_inject/entropy/float/site163_bit9.out,,,,,,,,,,,,,,92898285,32813801,67108872
163,10,SDC,SDC_NOTFLAGGED,,,,HeCBench/results/llvm17_inject/entropy/float/site163_bit10.out,,,,,,,,,,,,,,101371424,33391269,67108872
163,11,SDC,SDC_NOTFLAGGED,,,,HeCBench/results/llvm17_inject/entropy/float/site163_bit11.out,,,,,,,,,,,,,,91286832,29412146,67108872
163,12,SDC,SDC_NOTFLAGGED,,,,HeCBench/results/llvm17_inject/entropy/float/site163_bit12.out,,,,,,,,,,,,,,117772755,34013027,67108872
163,13,SDC,SDC_NOTFLAGGED,,,,HeCBench/results/llvm17_inject/entropy/float/site163_bit13.out,,,,,,,,,,,,,,103679900,31913146,67108872
163,14,SDC,SDC_FLAGGED,0,kernel_reported_fail,,HeCBench/results/llvm17_inject/entropy/float/site163_bit14.out,,,,,,,,,,,,,,,,
163,15,SDC,SDC_FLAGGED,0,kernel_reported_fail,,HeCBench/results/llvm17_inject/entropy/float/site163_bit15.out,,,,,,,,,,,,,,,,
163,16,SDC,SDC_FLAGGED,0,kernel_reported_fail,,HeCBench/results/llvm17_inject/entropy/float/site163_bit16.out,,,,,,,,,,,,,,,,
163,17,SDC,SDC_FLAGGED,0,kernel_reported_fail,,HeCBench/results/llvm17_inject/entropy/float/site163_bit17.out,,,,,,,,,,,,,,,,
163,18,SDC,SDC_FLAGGED,0,kernel_reported_fail,,HeCBench/results/llvm17_inject/entropy/float/site163_bit18.out,,,,,,,,,,,,,,,,
163,19,SDC,SDC_FLAGGED,0,kernel_reported_fail,,HeCBench/results/llvm17_inject/entropy/float/site163_bit19.out,,,,,,,,,,,,,,,,
163,20,SDC,SDC_FLAGGED,0,kernel_reported_fail,,HeCBench/results/llvm17_inject/entropy/float/site163_bit20.out,,,,,,,,,,,,,,,,
163,21,SDC,SDC_FLAGGED,0,kernel_reported_fail,,HeCBench/results/llvm17_inject/entropy/float/site163_bit21.out,,,,,,,,,,,,,,,,
163,22,SDC,SDC_FLAGGED,0,kernel_reported_fail,,HeCBench/results/llvm17_inject/entropy/float/site163_bit22.out,,,,,,,,,,,,,,,,
163,23,SDC,SDC_FLAGGED,0,kernel_reported_fail,,HeCBench/results/llvm17_inject/entropy/float/site163_bit23.out,,,,,,,,,,,,,,,,
163,24,SDC,SDC_FLAGGED,0,kernel_reported_fail,,HeCBench/results/llvm17_inject/entropy/float/site163_bit24.out,,,,,,,,,,,,,,,,
163,25,SDC,SDC_FLAGGED,0,kernel_reported_fail,,HeCBench/results/llvm17_inject/entropy/float/site163_bit25.out,,,,,,,,,,,,,,,,
163,26,SDC,SDC_FLAGGED,0,kernel_reported_fail,,HeCBench/results/llvm17_inject/entropy/float/site163_bit26.out,,,,,,,,,,,,,,,,
163,27,SDC,SDC_FLAGGED,0,kernel_reported_fail,,HeCBench/results/llvm17_inject/entropy/float/site163_bit27.out,,,,,,,,,,,,,,,,
163,28,SDC,SDC_FLAGGED,0,kernel_reported_fail,,HeCBench/results/llvm17_inject/entropy/float/site163_bit28.out,,,,,,,,,,,,,,,,
163,29,SDC,SDC_FLAGGED,0,kernel_reported_fail,,HeCBench/results/llvm17_inject/entropy/float/site163_bit29.out,,,,,,,,,,,,,,,,
163,30,SDC,SDC_FLAGGED,0,kernel_reported_fail,,HeCBench/results/llvm17_inject/entropy/float/site163_bit30.out,,,,,,,,,,,,,,,,
163,31,SDC,SDC_FLAGGED,0,kernel_reported_fail,,HeCBench/results/llvm17_inject/entropy/float/site163_bit31.out,,,,,,,,,,,,,,,,
164,0,SDC,SDC_NOTFLAGGED,,,,HeCBench/results/llvm17_inject/entropy/float/site164_bit0.out,,,,,,,,,,,,,,12618753,6272663,67108872
164,1,SDC,SDC_NOTFLAGGED,,,,HeCBench/results/llvm17_inject/entropy/float/site164_bit1.out,,,,,,,,,,,,,,14995869,7882837,67108872
164,2,SDC,SDC_NOTFLAGGED,,,,HeCBench/results/llvm17_inject/entropy/float/site164_bit2.out,,,,,,,,,,,,,,23095128,11434899,67108872
164,3,SDC,SDC_NOTFLAGGED,,,,HeCBench/results/llvm17_inject/entropy/float/site164_bit3.out,,,,,,,,,,,,,,30772548,13537935,67108872
164,4,SDC,SDC_NOTFLAGGED,,,,HeCBench/results/llvm17_inject/entropy/float/site164_bit4.out,,,,,,,,,,,,,,40367213,15035670,67108872
164,5,SDC,SDC_NOTFLAGGED,,,,HeCBench/results/llvm17_inject/entropy/float/site164_bit5.out,,,,,,,,,,,,,,47578466,15915384,67108872
164,6,SDC,SDC_NOTFLAGGED,,,,HeCBench/results/llvm17_inject/entropy/float/site164_bit6.out,,,,,,,,,,,,,,55694341,16507367,67108872
164,7,SDC,SDC_NOTFLAGGED,,,,HeCBench/results/llvm17_inject/entropy/float/site164_bit7.out,,,,,,,,,,,,,,68419668,18312189,67108872
164,8,SDC,SDC_NOTFLAGGED,,,,HeCBench/results/llvm17_inject/entropy/float/site164_bit8.out,,,,,,,,,,,,,,76074589,20731414,67108872
164,9,SDC,SDC_NOTFLAGGED,,,,HeCBench/results/llvm17_inject/entropy/float/site164_bit9.out,,,,,,,,,,,,,,84707018,25768556,67108872
164,10,SDC,SDC_NOTFLAGGED,,,,HeCBench/results/llvm17_inject/entropy/float/site164_bit10.out,,,,,,,,,,,,,,89165015,28249781,67108872
164,11,SDC,SDC_NOTFLAGGED,,,,HeCBench/results/llvm17_inject/entropy/float/site164_bit11.out,,,,,,,,,,,,,,96642166,30842408,67108872
164,12,SDC,SDC_NOTFLAGGED,,,,HeCBench/results/llvm17_inject/entropy/float/site164_bit12.out,,,,,,,,,,,,,,104299568,31622172,67108872
164,13,SDC,SDC_FLAGGED,0,kernel_reported_fail,,HeCBench/results/llvm17_inject/entropy/float/site164_bit13.out,,,,,,,,,,,,,,,,
164,14,SDC,SDC_FLAGGED,0,kernel_reported_fail,,HeCBench/results/llvm17_inject/entropy/float/site164_bit14.out,,,,,,,,,,,,,,,,
164,15,SDC,SDC_FLAGGED,0,kernel_reported_fail,,HeCBench/results/llvm17_inject/entropy/float/site164_bit15.out,,,,,,,,,,,,,,,,
164,16,SDC,SDC_FLAGGED,0,kernel_reported_fail,,HeCBench/results/llvm17_inject/entropy/float/site164_bit16.out,,,,,,,,,,,,,,,,
164,17,SDC,SDC_FLAGGED,0,kernel_reported_fail,,HeCBench/results/llvm17_inject/entropy/float/site164_bit17.out,,,,,,,,,,,,,,,,
164,18,SDC,SDC_FLAGGED,0,kernel_reported_fail,,HeCBench/results/llvm17_inject/entropy/float/site164_bit18.out,,,,,,,,,,,,,,,,
164,19,SDC,SDC_FLAGGED,0,kernel_reported_fail,,HeCBench/results/llvm17_inject/entropy/float/site164_bit19.out,,,,,,,,,,,,,,,,
164,20,SDC,SDC_FLAGGED,0,kernel_reported_fail,,HeCBench/results/llvm17_inject/entropy/float/site164_bit20.out,,,,,,,,,,,,,,,,
164,21,SDC,SDC_FLAGGED,0,kernel_reported_fail,,HeCBench/results/llvm17_inject/entropy/float/site164_bit21.out,,,,,,,,,,,,,,,,
164,22,SDC,SDC_FLAGGED,0,kernel_reported_fail,,HeCBench/results/llvm17_inject/entropy/float/site164_bit22.out,,,,,,,,,,,,,,,,
164,23,SDC,SDC_FLAGGED,0,kernel_reported_fail,,HeCBench/results/llvm17_inject/entropy/float/site164_bit23.out,,,,,,,,,,,,,,,,
164,24,SDC,SDC_FLAGGED,0,kernel_reported_fail,,HeCBench/results/llvm17_inject/entropy/float/site164_bit24.out,,,,,,,,,,,,,,,,
164,25,SDC,SDC_FLAGGED,0,kernel_reported_fail,,HeCBench/results/llvm17_inject/entropy/float/site164_bit25.out,,,,,,,,,,,,,,,,
164,26,SDC,SDC_FLAGGED,0,kernel_reported_fail,,HeCBench/results/llvm17_inject/entropy/float/site164_bit26.out,,,,,,,,,,,,,,,,
164,27,SDC,SDC_FLAGGED,0,kernel_reported_fail,,HeCBench/results/llvm17_inject/entropy/float/site164_bit27.out,,,,,,,,,,,,,,,,
164,28,SDC,SDC_FLAGGED,0,kernel_reported_fail,,HeCBench/results/llvm17_inject/entropy/float/site164_bit28.out,,,,,,,,,,,,,,,,
164,29,SDC,SDC_FLAGGED,0,kernel_reported_fail,,HeCBench/results/llvm17_inject/entropy/float/site164_bit29.out,,,,,,,,,,,,,,,,
164,30,SDC,SDC_FLAGGED,0,kernel_reported_fail,,HeCBench/results/llvm17_inject/entropy/float/site164_bit30.out,,,,,,,,,,,,,,,,
164,31,SDC,SDC_FLAGGED,0,kernel_reported_fail,,HeCBench/results/llvm17_inject/entropy/float/site164_bit31.out,,,,,,,,,,,,,,,,
165,0,SDC,SDC_NOTFLAGGED,,,,HeCBench/results/llvm17_inject/entropy/float/site165_bit0.out,,,,,,,,,,,,,,13486359,6601780,67108872
166,0,SDC,SDC_FLAGGED,0,kernel_reported_fail,,HeCBench/results/llvm17_inject/entropy/float/site166_bit0.out,,,,,,,,,,,,,,,,
166,1,SDC,SDC_NOTFLAGGED,,,,HeCBench/results/llvm17_inject/entropy/float/site166_bit1.out,,,,,,,,,,,,,,580472,330328,67108872
166,2,SDC,SDC_NOTFLAGGED,,,,HeCBench/results/llvm17_inject/entropy/float/site166_bit2.out,,,,,,,,,,,,,,1040289,614634,67108872
166,3,SDC,SDC_NOTFLAGGED,,,,HeCBench/results/llvm17_inject/entropy/float/site166_bit3.out,,,,,,,,,,,,,,2196115,1200404,67108872
166,4,SDC,SDC_FLAGGED,0,kernel_reported_fail,,HeCBench/results/llvm17_inject/entropy/float/site166_bit4.out,,,,,,,,,,,,,,,,
166,5,SDC,SDC_FLAGGED,0,kernel_reported_fail,,HeCBench/results/llvm17_inject/entropy/float/site166_bit5.out,,,,,,,,,,,,,,,,
166,6,SDC,SDC_FLAGGED,0,kernel_reported_fail,,HeCBench/results/llvm17_inject/entropy/float/site166_bit6.out,,,,,,,,,,,,,,,,
166,7,SDC,SDC_FLAGGED,0,kernel_reported_fail,,HeCBench/results/llvm17_inject/entropy/float/site166_bit7.out,,,,,,,,,,,,,,,,
166,8,SDC,SDC_FLAGGED,0,kernel_reported_fail,,HeCBench/results/llvm17_inject/entropy/float/site166_bit8.out,,,,,,,,,,,,,,,,
166,9,SDC,SDC_FLAGGED,0,kernel_reported_fail,,HeCBench/results/llvm17_inject/entropy/float/site166_bit9.out,,,,,,,,,,,,,,,,
166,10,SDC,SDC_FLAGGED,0,kernel_reported_fail,,HeCBench/results/llvm17_inject/entropy/float/site166_bit10.out,,,,,,,,,,,,,,,,
166,11,SDC,SDC_FLAGGED,0,kernel_reported_fail,,HeCBench/results/llvm17_inject/entropy/float/site166_bit11.out,,,,,,,,,,,,,,,,
166,12,SDC,SDC_FLAGGED,0,kernel_reported_fail,,HeCBench/results/llvm17_inject/entropy/float/site166_bit12.out,,,,,,,,,,,,,,,,
166,13,SDC,SDC_FLAGGED,0,kernel_reported_fail,,HeCBench/results/llvm17_inject/entropy/float/site166_bit13.out,,,,,,,,,,,,,,,,
166,14,SDC,SDC_FLAGGED,0,kernel_reported_fail,,HeCBench/results/llvm17_inject/entropy/float/site166_bit14.out,,,,,,,,,,,,,,,,
166,15,SDC,SDC_FLAGGED,0,kernel_reported_fail,,HeCBench/results/llvm17_inject/entropy/float/site166_bit15.out,,,,,,,,,,,,,,,,
166,16,SDC,SDC_FLAGGED,0,kernel_reported_fail,,HeCBench/results/llvm17_inject/entropy/float/site166_bit16.out,,,,,,,,,,,,,,,,
166,17,SDC,SDC_FLAGGED,0,kernel_reported_fail,,HeCBench/results/llvm17_inject/entropy/float/site166_bit17.out,,,,,,,,,,,,,,,,
166,18,SDC,SDC_FLAGGED,0,kernel_reported_fail,,HeCBench/results/llvm17_inject/entropy/float/site166_bit18.out,,,,,,,,,,,,,,,,
166,19,SDC,SDC_FLAGGED,0,kernel_reported_fail,,HeCBench/results/llvm17_inject/entropy/float/site166_bit19.out,,,,,,,,,,,,,,,,
166,20,SDC,SDC_FLAGGED,0,kernel_reported_fail,,HeCBench/results/llvm17_inject/entropy/float/site166_bit20.out,,,,,,,,,,,,,,,,
166,21,SDC,SDC_FLAGGED,0,kernel_reported_fail,,HeCBench/results/llvm17_inject/entropy/float/site166_bit21.out,,,,,,,,,,,,,,,,
166,22,SDC,SDC_FLAGGED,0,kernel_reported_fail,,HeCBench/results/llvm17_inject/entropy/float/site166_bit22.out,,,,,,,,,,,,,,,,
166,23,SDC,SDC_FLAGGED,0,kernel_reported_fail,,HeCBench/results/llvm17_inject/entropy/float/site166_bit23.out,,,,,,,,,,,,,,,,
166,24,SDC,SDC_FLAGGED,0,kernel_reported_fail,,HeCBench/results/llvm17_inject/entropy/float/site166_bit24.out,,,,,,,,,,,,,,,,
166,25,SDC,SDC_FLAGGED,0,kernel_reported_fail,,HeCBench/results/llvm17_inject/entropy/float/site166_bit25.out,,,,,,,,,,,,,,,,
166,26,SDC,SDC_FLAGGED,0,kernel_reported_fail,,HeCBench/results/llvm17_inject/entropy/float/site166_bit26.out,,,,,,,,,,,,,,,,
166,27,SDC,SDC_FLAGGED,0,kernel_reported_fail,,HeCBench/results/llvm17_inject/entropy/float/site166_bit27.out,,,,,,,,,,,,,,,,
166,28,SDC,SDC_FLAGGED,0,kernel_reported_fail,,HeCBench/results/llvm17_inject/entropy/float/site166_bit28.out,,,,,,,,,,,,,,,,
166,29,SDC,SDC_FLAGGED,0,kernel_reported_fail,,HeCBench/results/llvm17_inject/entropy/float/site166_bit29.out,,,,,,,,,,,,,,,,
166,30,SDC,SDC_FLAGGED,0,kernel_reported_fail,,HeCBench/results/llvm17_inject/entropy/float/site166_bit30.out,,,,,,,,,,,,,,,,
166,31,SDC,SDC_FLAGGED,0,kernel_reported_fail,,HeCBench/results/llvm17_inject/entropy/float/site166_bit31.out,,,,,,,,,,,,,,,,
169,0,SDC,SDC_FLAGGED,0,kernel_reported_fail,,HeCBench/results/llvm17_inject/entropy/float/site169_bit0.out,,,,,,,,,,,,,,,,
171,0,SDC,SDC_NOTFLAGGED,,,,HeCBench/results/llvm17_inject/entropy/float/site171_bit0.out,,,,,,,,,,,,,,10245271,5822612,67108872
171,1,SDC,SDC_NOTFLAGGED,,,,HeCBench/results/llvm17_inject/entropy/float/site171_bit1.out,,,,,,,,,,,,,,19802352,10685055,67108872
171,2,SDC,SDC_NOTFLAGGED,,,,HeCBench/results/llvm17_inject/entropy/float/site171_bit2.out,,,,,,,,,,,,,,30526784,16621814,67108872
171,3,SDC,SDC_NOTFLAGGED,,,,HeCBench/results/llvm17_inject/entropy/float/site171_bit3.out,,,,,,,,,,,,,,36984275,16777262,67108872
171,4,SDC,SDC_NOTFLAGGED,,,,HeCBench/results/llvm17_inject/entropy/float/site171_bit4.out,,,,,,,,,,,,,,47998701,17065894,67108872
171,5,SDC,SDC_NOTFLAGGED,,,,HeCBench/results/llvm17_inject/entropy/float/site171_bit5.out,,,,,,,,,,,,,,63966570,18317667,67108872
171,6,SDC,SDC_NOTFLAGGED,,,,HeCBench/results/llvm17_inject/entropy/float/site171_bit6.out,,,,,,,,,,,,,,68296495,18408416,67108872
171,7,SDC,SDC_NOTFLAGGED,,,,HeCBench/results/llvm17_inject/entropy/float/site171_bit7.out,,,,,,,,,,,,,,83727189,21133355,67108872
171,8,SDC,SDC_NOTFLAGGED,,,,HeCBench/results/llvm17_inject/entropy/float/site171_bit8.out,,,,,,,,,,,,,,85549600,23425879,67108872
171,9,SDC,SDC_NOTFLAGGED,,,,HeCBench/results/llvm17_inject/entropy/float/site171_bit9.out,,,,,,,,,,,,,,91236750,29482030,67108872
171,10,SDC,SDC_NOTFLAGGED,,,,HeCBench/results/llvm17_inject/entropy/float/site171_bit10.out,,,,,,,,,,,,,,102094250,33588763,67108872
171,11,SDC,SDC_NOTFLAGGED,,,,HeCBench/results/llvm17_inject/entropy/float/site171_bit11.out,,,,,,,,,,,,,,103520440,33594013,67108872
171,12,SDC,SDC_NOTFLAGGED,,,,HeCBench/results/llvm17_inject/entropy/float/site171_bit12.out,,,,,,,,,,,,,,112171577,33762627,67108872
171,13,SDC,SDC_NOTFLAGGED,,,,HeCBench/results/llvm17_inject/entropy/float/site171_bit13.out,,,,,,,,,,,,,,124574897,34501926,67108872
171,14,SDC,SDC_FLAGGED,0,kernel_reported_fail,,HeCBench/results/llvm17_inject/entropy/float/site171_bit14.out,,,,,,,,,,,,,,,,
171,15,SDC,SDC_FLAGGED,0,kernel_reported_fail,,HeCBench/results/llvm17_inject/entropy/float/site171_bit15.out,,,,,,,,,,,,,,,,
171,16,SDC,SDC_FLAGGED,0,kernel_reported_fail,,HeCBench/results/llvm17_inject/entropy/float/site171_bit16.out,,,,,,,,,,,,,,,,
171,17,SDC,SDC_FLAGGED,0,kernel_reported_fail,,HeCBench/results/llvm17_inject/entropy/float/site171_bit17.out,,,,,,,,,,,,,,,,
171,18,SDC,SDC_FLAGGED,0,kernel_reported_fail,,HeCBench/results/llvm17_inject/entropy/float/site171_bit18.out,,,,,,,,,,,,,,,,
171,19,SDC,SDC_FLAGGED,0,kernel_reported_fail,,HeCBench/results/llvm17_inject/entropy/float/site171_bit19.out,,,,,,,,,,,,,,,,
171,20,SDC,SDC_FLAGGED,0,kernel_reported_fail,,HeCBench/results/llvm17_inject/entropy/float/site171_bit20.out,,,,,,,,,,,,,,,,
171,21,SDC,SDC_FLAGGED,0,kernel_reported_fail,,HeCBench/results/llvm17_inject/entropy/float/site171_bit21.out,,,,,,,,,,,,,,,,
171,22,SDC,SDC_FLAGGED,0,kernel_reported_fail,,HeCBench/results/llvm17_inject/entropy/float/site171_bit22.out,,,,,,,,,,,,,,,,
171,23,SDC,SDC_FLAGGED,0,kernel_reported_fail,,HeCBench/results/llvm17_inject/entropy/float/site171_bit23.out,,,,,,,,,,,,,,,,
171,24,SDC,SDC_FLAGGED,0,kernel_reported_fail,,HeCBench/results/llvm17_inject/entropy/float/site171_bit24.out,,,,,,,,,,,,,,,,
171,25,SDC,SDC_FLAGGED,0,kernel_reported_fail,,HeCBench/results/llvm17_inject/entropy/float/site171_bit25.out,,,,,,,,,,,,,,,,
171,26,SDC,SDC_FLAGGED,0,kernel_reported_fail,,HeCBench/results/llvm17_inject/entropy/float/site171_bit26.out,,,,,,,,,,,,,,,,
171,27,SDC,SDC_FLAGGED,0,kernel_reported_fail,,HeCBench/results/llvm17_inject/entropy/float/site171_bit27.out,,,,,,,,,,,,,,,,
171,28,SDC,SDC_FLAGGED,0,kernel_reported_fail,,HeCBench/results/llvm17_inject/entropy/float/site171_bit28.out,,,,,,,,,,,,,,,,
171,29,SDC,SDC_FLAGGED,0,kernel_reported_fail,,HeCBench/results/llvm17_inject/entropy/float/site171_bit29.out,,,,,,,,,,,,,,,,
171,30,SDC,SDC_FLAGGED,0,kernel_reported_fail,,HeCBench/results/llvm17_inject/entropy/float/site171_bit30.out,,,,,,,,,,,,,,,,
171,31,SDC,SDC_FLAGGED,0,kernel_reported_fail,,HeCBench/results/llvm17_inject/entropy/float/site171_bit31.out,,,,,,,,,,,,,,,,
171,32,DUE,FAILURE_NONHANG,parse_unknown,kernel_reported_fail,,HeCBench/results/llvm17_inject/entropy/float/site171_bit32.out,,,,,,,,,,,,,,,,
171,33,DUE,FAILURE_NONHANG,parse_unknown,kernel_reported_fail,,HeCBench/results/llvm17_inject/entropy/float/site171_bit33.out,,,,,,,,,,,,,,,,
171,34,DUE,FAILURE_NONHANG,parse_unknown,kernel_reported_fail,,HeCBench/results/llvm17_inject/entropy/float/site171_bit34.out,,,,,,,,,,,,,,,,
171,35,DUE,FAILURE_NONHANG,parse_unknown,kernel_reported_fail,,HeCBench/results/llvm17_inject/entropy/float/site171_bit35.out,,,,,,,,,,,,,,,,
171,36,DUE,FAILURE_NONHANG,parse_unknown,kernel_reported_fail,,HeCBench/results/llvm17_inject/entropy/float/site171_bit36.out,,,,,,,,,,,,,,,,
171,37,DUE,FAILURE_NONHANG,parse_unknown,kernel_reported_fail,,HeCBench/results/llvm17_inject/entropy/float/site171_bit37.out,,,,,,,,,,,,,,,,
171,38,DUE,FAILURE_NONHANG,parse_unknown,kernel_reported_fail,,HeCBench/results/llvm17_inject/entropy/float/site171_bit38.out,,,,,,,,,,,,,,,,
171,39,DUE,FAILURE_NONHANG,parse_unknown,kernel_reported_fail,,HeCBench/results/llvm17_inject/entropy/float/site171_bit39.out,,,,,,,,,,,,,,,,
171,40,DUE,FAILURE_NONHANG,parse_unknown,kernel_reported_fail,,HeCBench/results/llvm17_inject/entropy/float/site171_bit40.out,,,,,,,,,,,,,,,,
171,41,DUE,FAILURE_NONHANG,parse_unknown,kernel_reported_fail,,HeCBench/results/llvm17_inject/entropy/float/site171_bit41.out,,,,,,,,,,,,,,,,
171,42,DUE,FAILURE_NONHANG,parse_unknown,kernel_reported_fail,,HeCBench/results/llvm17_inject/entropy/float/site171_bit42.out,,,,,,,,,,,,,,,,
171,43,DUE,FAILURE_NONHANG,parse_unknown,kernel_reported_fail,,HeCBench/results/llvm17_inject/entropy/float/site171_bit43.out,,,,,,,,,,,,,,,,
171,44,DUE,FAILURE_NONHANG,parse_unknown,kernel_reported_fail,,HeCBench/results/llvm17_inject/entropy/float/site171_bit44.out,,,,,,,,,,,,,,,,
171,45,DUE,FAILURE_NONHANG,parse_unknown,kernel_reported_fail,,HeCBench/results/llvm17_inject/entropy/float/site171_bit45.out,,,,,,,,,,,,,,,,
171,46,DUE,FAILURE_NONHANG,parse_unknown,kernel_reported_fail,,HeCBench/results/llvm17_inject/entropy/float/site171_bit46.out,,,,,,,,,,,,,,,,
171,47,DUE,FAILURE_NONHANG,parse_unknown,kernel_reported_fail,,HeCBench/results/llvm17_inject/entropy/float/site171_bit47.out,,,,,,,,,,,,,,,,
171,48,DUE,FAILURE_NONHANG,parse_unknown,kernel_reported_fail,,HeCBench/results/llvm17_inject/entropy/float/site171_bit48.out,,,,,,,,,,,,,,,,
171,49,DUE,FAILURE_NONHANG,parse_unknown,kernel_reported_fail,,HeCBench/results/llvm17_inject/entropy/float/site171_bit49.out,,,,,,,,,,,,,,,,
171,50,DUE,FAILURE_NONHANG,parse_unknown,kernel_reported_fail,,HeCBench/results/llvm17_inject/entropy/float/site171_bit50.out,,,,,,,,,,,,,,,,
171,51,DUE,FAILURE_NONHANG,parse_unknown,kernel_reported_fail,,HeCBench/results/llvm17_inject/entropy/float/site171_bit51.out,,,,,,,,,,,,,,,,
171,52,DUE,FAILURE_NONHANG,parse_unknown,kernel_reported_fail,,HeCBench/results/llvm17_inject/entropy/float/site171_bit52.out,,,,,,,,,,,,,,,,
171,53,DUE,FAILURE_NONHANG,parse_unknown,kernel_reported_fail,,HeCBench/results/llvm17_inject/entropy/float/site171_bit53.out,,,,,,,,,,,,,,,,
171,54,DUE,FAILURE_NONHANG,parse_unknown,kernel_reported_fail,,HeCBench/results/llvm17_inject/entropy/float/site171_bit54.out,,,,,,,,,,,,,,,,
171,55,DUE,FAILURE_NONHANG,parse_unknown,kernel_reported_fail,,HeCBench/results/llvm17_inject/entropy/float/site171_bit55.out,,,,,,,,,,,,,,,,
171,56,DUE,FAILURE_NONHANG,parse_unknown,kernel_reported_fail,,HeCBench/results/llvm17_inject/entropy/float/site171_bit56.out,,,,,,,,,,,,,,,,
171,57,DUE,FAILURE_NONHANG,parse_unknown,kernel_reported_fail,,HeCBench/results/llvm17_inject/entropy/float/site171_bit57.out,,,,,,,,,,,,,,,,
171,58,DUE,FAILURE_NONHANG,parse_unknown,kernel_reported_fail,,HeCBench/results/llvm17_inject/entropy/float/site171_bit58.out,,,,,,,,,,,,,,,,
171,59,DUE,FAILURE_NONHANG,parse_unknown,kernel_reported_fail,,HeCBench/results/llvm17_inject/entropy/float/site171_bit59.out,,,,,,,,,,,,,,,,
171,60,DUE,FAILURE_NONHANG,parse_unknown,kernel_reported_fail,,HeCBench/results/llvm17_inject/entropy/float/site171_bit60.out,,,,,,,,,,,,,,,,
171,61,DUE,FAILURE_NONHANG,parse_unknown,kernel_reported_fail,,HeCBench/results/llvm17_inject/entropy/float/site171_bit61.out,,,,,,,,,,,,,,,,
171,62,DUE,FAILURE_NONHANG,parse_unknown,kernel_reported_fail,,HeCBench/results/llvm17_inject/entropy/float/site171_bit62.out,,,,,,,,,,,,,,,,
171,63,DUE,FAILURE_NONHANG,parse_unknown,kernel_reported_fail,,HeCBench/results/llvm17_inject/entropy/float/site171_bit63.out,,,,,,,,,,,,,,,,
172,0,SDC,SDC_NOTFLAGGED,,,,HeCBench/results/llvm17_inject/entropy/float/site172_bit0.out,,,,,,,,,,,,,,8880531,7105265,67108872
172,1,SDC,SDC_NOTFLAGGED,,,,HeCBench/results/llvm17_inject/entropy/float/site172_bit1.out,,,,,,,,,,,,,,37467285,16471844,67108872
172,2,SDC,SDC_NOTFLAGGED,,,,HeCBench/results/llvm17_inject/entropy/float/site172_bit2.out,,,,,,,,,,,,,,33371905,16777256,67108872
172,3,SDC,SDC_NOTFLAGGED,,,,HeCBench/results/llvm17_inject/entropy/float/site172_bit3.out,,,,,,,,,,,,,,23407098,16777240,67108872
172,4,SDC,SDC_NOTFLAGGED,,,,HeCBench/results/llvm17_inject/entropy/float/site172_bit4.out,,,,,,,,,,,,,,21912557,17010831,67108872
172,5,SDC,SDC_NOTFLAGGED,,,,HeCBench/results/llvm17_inject/entropy/float/site172_bit5.out,,,,,,,,,,,,,,41949190,18318004,67108872
172,6,SDC,SDC_NOTFLAGGED,,,,HeCBench/results/llvm17_inject/entropy/float/site172_bit6.out,,,,,,,,,,,,,,34239690,18980476,67108872
172,7,SDC,SDC_NOTFLAGGED,,,,HeCBench/results/llvm17_inject/entropy/float/site172_bit7.out,,,,,,,,,,,,,,29386337,19278673,67108872
172,8,SDC,SDC_NOTFLAGGED,,,,HeCBench/results/llvm17_inject/entropy/float/site172_bit8.out,,,,,,,,,,,,,,21921017,18351456,67108872
172,9,SDC,SDC_NOTFLAGGED,,,,HeCBench/results/llvm17_inject/entropy/float/site172_bit9.out,,,,,,,,,,,,,,36061035,16805323,67108872
172,10,SDC,SDC_NOTFLAGGED,,,,HeCBench/results/llvm17_inject/entropy/float/site172_bit10.out,,,,,,,,,,,,,,33697168,16818659,67108872
172,11,SDC,SDC_NOTFLAGGED,,,,HeCBench/results/llvm17_inject/entropy/float/site172_bit11.out,,,,,,,,,,,,,,33899062,16836326,67108872
172,12,SDC,SDC_NOTFLAGGED,,,,HeCBench/results/llvm17_inject/entropy/float/site172_bit12.out,,,,,,,,,,,,,,39864110,17702838,67108872
172,13,SDC,SDC_NOTFLAGGED,,,,HeCBench/results/llvm17_inject/entropy/float/site172_bit13.out,,,,,,,,,,,,,,45947340,18348197,67108872
172,14,SDC,SDC_FLAGGED,0,kernel_reported_fail,,HeCBench/results/llvm17_inject/entropy/float/site172_bit14.out,,,,,,,,,,,,,,,,
172,15,SDC,SDC_FLAGGED,0,kernel_reported_fail,,HeCBench/results/llvm17_inject/entropy/float/site172_bit15.out,,,,,,,,,,,,,,,,
172,16,SDC,SDC_FLAGGED,0,kernel_reported_fail,,HeCBench/results/llvm17_inject/entropy/float/site172_bit16.out,,,,,,,,,,,,,,,,
172,17,SDC,SDC_FLAGGED,0,kernel_reported_fail,,HeCBench/results/llvm17_inject/entropy/float/site172_bit17.out,,,,,,,,,,,,,,,,
172,18,SDC,SDC_FLAGGED,0,kernel_reported_fail,,HeCBench/results/llvm17_inject/entropy/float/site172_bit18.out,,,,,,,,,,,,,,,,
172,19,SDC,SDC_FLAGGED,0,kernel_reported_fail,,HeCBench/results/llvm17_inject/entropy/float/site172_bit19.out,,,,,,,,,,,,,,,,
172,20,SDC,SDC_FLAGGED,0,kernel_reported_fail,,HeCBench/results/llvm17_inject/entropy/float/site172_bit20.out,,,,,,,,,,,,,,,,
172,21,SDC,SDC_FLAGGED,0,kernel_reported_fail,,HeCBench/results/llvm17_inject/entropy/float/site172_bit21.out,,,,,,,,,,,,,,,,
172,22,SDC,SDC_FLAGGED,0,kernel_reported_fail,,HeCBench/results/llvm17_inject/entropy/float/site172_bit22.out,,,,,,,,,,,,,,,,
172,23,SDC,SDC_FLAGGED,0,kernel_reported_fail,,HeCBench/results/llvm17_inject/entropy/float/site172_bit23.out,,,,,,,,,,,,,,,,
172,24,SDC,SDC_FLAGGED,0,kernel_reported_fail,,HeCBench/results/llvm17_inject/entropy/float/site172_bit24.out,,,,,,,,,,,,,,,,
172,25,SDC,SDC_FLAGGED,0,kernel_reported_fail,,HeCBench/results/llvm17_inject/entropy/float/site172_bit25.out,,,,,,,,,,,,,,,,
172,26,SDC,SDC_FLAGGED,0,kernel_reported_fail,,HeCBench/results/llvm17_inject/entropy/float/site172_bit26.out,,,,,,,,,,,,,,,,
172,27,SDC,SDC_FLAGGED,0,kernel_reported_fail,,HeCBench/results/llvm17_inject/entropy/float/site172_bit27.out,,,,,,,,,,,,,,,,
172,28,SDC,SDC_FLAGGED,0,kernel_reported_fail,,HeCBench/results/llvm17_inject/entropy/float/site172_bit28.out,,,,,,,,,,,,,,,,
172,29,SDC,SDC_FLAGGED,0,kernel_reported_fail,,HeCBench/results/llvm17_inject/entropy/float/site172_bit29.out,,,,,,,,,,,,,,,,
172,30,SDC,SDC_FLAGGED,0,kernel_reported_fail,,HeCBench/results/llvm17_inject/entropy/float/site172_bit30.out,,,,,,,,,,,,,,,,
172,31,SDC,SDC_FLAGGED,0,kernel_reported_fail,,HeCBench/results/llvm17_inject/entropy/float/site172_bit31.out,,,,,,,,,,,,,,,,
175,0,SDC,SDC_NOTFLAGGED,,,,HeCBench/results/llvm17_inject/entropy/float/site175_bit0.out,,,,,,,,,,,,,,24528,12649,67108872
177,0,SDC,SDC_NOTFLAGGED,,,,HeCBench/results/llvm17_inject/entropy/float/site177_bit0.out,,,,,,,,,,,,,,16777216,16777216,67108872
177,1,SDC,SDC_NOTFLAGGED,,,,HeCBench/results/llvm17_inject/entropy/float/site177_bit1.out,,,,,,,,,,,,,,16777216,16777216,67108872
177,2,SDC,SDC_NOTFLAGGED,,,,HeCBench/results/llvm17_inject/entropy/float/site177_bit2.out,,,,,,,,,,,,,,16777216,16777216,67108872
177,3,SDC,SDC_NOTFLAGGED,,,,HeCBench/results/llvm17_inject/entropy/float/site177_bit3.out,,,,,,,,,,,,,,16777216,16777216,67108872
177,4,SDC,SDC_NOTFLAGGED,,,,HeCBench/results/llvm17_inject/entropy/float/site177_bit4.out,,,,,,,,,,,,,,16777216,16777216,67108872
177,5,SDC,SDC_NOTFLAGGED,,,,HeCBench/results/llvm17_inject/entropy/float/site177_bit5.out,,,,,,,,,,,,,,16777216,16777216,67108872
177,6,SDC,SDC_NOTFLAGGED,,,,HeCBench/results/llvm17_inject/entropy/float/site177_bit6.out,,,,,,,,,,,,,,16777216,16777216,67108872
177,7,SDC,SDC_NOTFLAGGED,,,,HeCBench/results/llvm17_inject/entropy/float/site177_bit7.out,,,,,,,,,,,,,,16777216,16777216,67108872
177,8,SDC,SDC_NOTFLAGGED,,,,HeCBench/results/llvm17_inject/entropy/float/site177_bit8.out,,,,,,,,,,,,,,16777216,16777216,67108872
177,9,SDC,SDC_NOTFLAGGED,,,,HeCBench/results/llvm17_inject/entropy/float/site177_bit9.out,,,,,,,,,,,,,,16777216,16777216,67108872
177,10,SDC,SDC_NOTFLAGGED,,,,HeCBench/results/llvm17_inject/entropy/float/site177_bit10.out,,,,,,,,,,,,,,16777216,16777216,67108872
177,11,SDC,SDC_NOTFLAGGED,,,,HeCBench/results/llvm17_inject/entropy/float/site177_bit11.out,,,,,,,,,,,,,,16777216,16777216,67108872
177,12,SDC,SDC_NOTFLAGGED,,,,HeCBench/results/llvm17_inject/entropy/float/site177_bit12.out,,,,,,,,,,,,,,16777216,16777216,67108872
177,13,SDC,SDC_FLAGGED,0,kernel_reported_fail,,HeCBench/results/llvm17_inject/entropy/float/site177_bit13.out,,,,,,,,,,,,,,,,
177,14,SDC,SDC_FLAGGED,0,kernel_reported_fail,,HeCBench/results/llvm17_inject/entropy/float/site177_bit14.out,,,,,,,,,,,,,,,,
177,15,SDC,SDC_FLAGGED,0,kernel_reported_fail,,HeCBench/results/llvm17_inject/entropy/float/site177_bit15.out,,,,,,,,,,,,,,,,
177,16,SDC,SDC_FLAGGED,0,kernel_reported_fail,,HeCBench/results/llvm17_inject/entropy/float/site177_bit16.out,,,,,,,,,,,,,,,,
177,17,SDC,SDC_FLAGGED,0,kernel_reported_fail,,HeCBench/results/llvm17_inject/entropy/float/site177_bit17.out,,,,,,,,,,,,,,,,
177,18,SDC,SDC_FLAGGED,0,kernel_reported_fail,,HeCBench/results/llvm17_inject/entropy/float/site177_bit18.out,,,,,,,,,,,,,,,,
177,19,SDC,SDC_FLAGGED,0,kernel_reported_fail,,HeCBench/results/llvm17_inject/entropy/float/site177_bit19.out,,,,,,,,,,,,,,,,
177,20,SDC,SDC_FLAGGED,0,kernel_reported_fail,,HeCBench/results/llvm17_inject/entropy/float/site177_bit20.out,,,,,,,,,,,,,,,,
177,21,SDC,SDC_FLAGGED,0,kernel_reported_fail,,HeCBench/results/llvm17_inject/entropy/float/site177_bit21.out,,,,,,,,,,,,,,,,
177,22,SDC,SDC_FLAGGED,0,kernel_reported_fail,,HeCBench/results/llvm17_inject/entropy/float/site177_bit22.out,,,,,,,,,,,,,,,,
177,23,SDC,SDC_FLAGGED,0,kernel_reported_fail,,HeCBench/results/llvm17_inject/entropy/float/site177_bit23.out,,,,,,,,,,,,,,,,
177,24,SDC,SDC_FLAGGED,0,kernel_reported_fail,,HeCBench/results/llvm17_inject/entropy/float/site177_bit24.out,,,,,,,,,,,,,,,,
177,25,SDC,SDC_FLAGGED,0,kernel_reported_fail,,HeCBench/results/llvm17_inject/entropy/float/site177_bit25.out,,,,,,,,,,,,,,,,
177,26,SDC,SDC_FLAGGED,0,kernel_reported_fail,,HeCBench/results/llvm17_inject/entropy/float/site177_bit26.out,,,,,,,,,,,,,,,,
177,27,SDC,SDC_FLAGGED,0,kernel_reported_fail,,HeCBench/results/llvm17_inject/entropy/float/site177_bit27.out,,,,,,,,,,,,,,,,
177,28,SDC,SDC_FLAGGED,0,kernel_reported_fail,,HeCBench/results/llvm17_inject/entropy/float/site177_bit28.out,,,,,,,,,,,,,,,,
177,29,SDC,SDC_FLAGGED,0,kernel_reported_fail,,HeCBench/results/llvm17_inject/entropy/float/site177_bit29.out,,,,,,,,,,,,,,,,
177,30,SDC,SDC_FLAGGED,0,kernel_reported_fail,,HeCBench/results/llvm17_inject/entropy/float/site177_bit30.out,,,,,,,,,,,,,,,,
177,31,SDC,SDC_FLAGGED,0,kernel_reported_fail,,HeCBench/results/llvm17_inject/entropy/float/site177_bit31.out,,,,,,,,,,,,,,,,
177,32,DUE,FAILURE_NONHANG,parse_unknown,kernel_reported_fail,,HeCBench/results/llvm17_inject/entropy/float/site177_bit32.out,,,,,,,,,,,,,,,,
177,33,DUE,FAILURE_NONHANG,parse_unknown,kernel_reported_fail,,HeCBench/results/llvm17_inject/entropy/float/site177_bit33.out,,,,,,,,,,,,,,,,
177,34,DUE,FAILURE_NONHANG,parse_unknown,kernel_reported_fail,,HeCBench/results/llvm17_inject/entropy/float/site177_bit34.out,,,,,,,,,,,,,,,,
177,35,DUE,FAILURE_NONHANG,parse_unknown,kernel_reported_fail,,HeCBench/results/llvm17_inject/entropy/float/site177_bit35.out,,,,,,,,,,,,,,,,
177,36,DUE,FAILURE_NONHANG,parse_unknown,kernel_reported_fail,,HeCBench/results/llvm17_inject/entropy/float/site177_bit36.out,,,,,,,,,,,,,,,,
177,37,DUE,FAILURE_NONHANG,parse_unknown,kernel_reported_fail,,HeCBench/results/llvm17_inject/entropy/float/site177_bit37.out,,,,,,,,,,,,,,,,
177,38,DUE,FAILURE_NONHANG,parse_unknown,kernel_reported_fail,,HeCBench/results/llvm17_inject/entropy/float/site177_bit38.out,,,,,,,,,,,,,,,,
177,39,DUE,FAILURE_NONHANG,parse_unknown,kernel_reported_fail,,HeCBench/results/llvm17_inject/entropy/float/site177_bit39.out,,,,,,,,,,,,,,,,
177,40,DUE,FAILURE_NONHANG,parse_unknown,kernel_reported_fail,,HeCBench/results/llvm17_inject/entropy/float/site177_bit40.out,,,,,,,,,,,,,,,,
177,41,DUE,FAILURE_NONHANG,parse_unknown,kernel_reported_fail,,HeCBench/results/llvm17_inject/entropy/float/site177_bit41.out,,,,,,,,,,,,,,,,
177,42,DUE,FAILURE_NONHANG,parse_unknown,kernel_reported_fail,,HeCBench/results/llvm17_inject/entropy/float/site177_bit42.out,,,,,,,,,,,,,,,,
177,43,DUE,FAILURE_NONHANG,parse_unknown,kernel_reported_fail,,HeCBench/results/llvm17_inject/entropy/float/site177_bit43.out,,,,,,,,,,,,,,,,
177,44,DUE,FAILURE_NONHANG,parse_unknown,kernel_reported_fail,,HeCBench/results/llvm17_inject/entropy/float/site177_bit44.out,,,,,,,,,,,,,,,,
177,45,DUE,FAILURE_NONHANG,parse_unknown,kernel_reported_fail,,HeCBench/results/llvm17_inject/entropy/float/site177_bit45.out,,,,,,,,,,,,,,,,
177,46,DUE,FAILURE_NONHANG,parse_unknown,kernel_reported_fail,,HeCBench/results/llvm17_inject/entropy/float/site177_bit46.out,,,,,,,,,,,,,,,,
177,47,DUE,FAILURE_NONHANG,parse_unknown,kernel_reported_fail,,HeCBench/results/llvm17_inject/entropy/float/site177_bit47.out,,,,,,,,,,,,,,,,
177,48,DUE,FAILURE_NONHANG,parse_unknown,kernel_reported_fail,,HeCBench/results/llvm17_inject/entropy/float/site177_bit48.out,,,,,,,,,,,,,,,,
177,49,DUE,FAILURE_NONHANG,parse_unknown,kernel_reported_fail,,HeCBench/results/llvm17_inject/entropy/float/site177_bit49.out,,,,,,,,,,,,,,,,
177,50,DUE,FAILURE_NONHANG,parse_unknown,kernel_reported_fail,,HeCBench/results/llvm17_inject/entropy/float/site177_bit50.out,,,,,,,,,,,,,,,,
177,51,DUE,FAILURE_NONHANG,parse_unknown,kernel_reported_fail,,HeCBench/results/llvm17_inject/entropy/float/site177_bit51.out,,,,,,,,,,,,,,,,
177,52,DUE,FAILURE_NONHANG,parse_unknown,kernel_reported_fail,,HeCBench/results/llvm17_inject/entropy/float/site177_bit52.out,,,,,,,,,,,,,,,,
177,53,DUE,FAILURE_NONHANG,parse_unknown,kernel_reported_fail,,HeCBench/results/llvm17_inject/entropy/float/site177_bit53.out,,,,,,,,,,,,,,,,
177,54,DUE,FAILURE_NONHANG,parse_unknown,kernel_reported_fail,,HeCBench/results/llvm17_inject/entropy/float/site177_bit54.out,,,,,,,,,,,,,,,,
177,55,DUE,FAILURE_NONHANG,parse_unknown,kernel_reported_fail,,HeCBench/results/llvm17_inject/entropy/float/site177_bit55.out,,,,,,,,,,,,,,,,
177,56,DUE,FAILURE_NONHANG,parse_unknown,kernel_reported_fail,,HeCBench/results/llvm17_inject/entropy/float/site177_bit56.out,,,,,,,,,,,,,,,,
177,57,DUE,FAILURE_NONHANG,parse_unknown,kernel_reported_fail,,HeCBench/results/llvm17_inject/entropy/float/site177_bit57.out,,,,,,,,,,,,,,,,
177,58,DUE,FAILURE_NONHANG,parse_unknown,kernel_reported_fail,,HeCBench/results/llvm17_inject/entropy/float/site177_bit58.out,,,,,,,,,,,,,,,,
177,59,DUE,FAILURE_NONHANG,parse_unknown,kernel_reported_fail,,HeCBench/results/llvm17_inject/entropy/float/site177_bit59.out,,,,,,,,,,,,,,,,
177,60,DUE,FAILURE_NONHANG,parse_unknown,kernel_reported_fail,,HeCBench/results/llvm17_inject/entropy/float/site177_bit60.out,,,,,,,,,,,,,,,,
177,61,DUE,FAILURE_NONHANG,parse_unknown,kernel_reported_fail,,HeCBench/results/llvm17_inject/entropy/float/site177_bit61.out,,,,,,,,,,,,,,,,
177,62,DUE,FAILURE_NONHANG,parse_unknown,kernel_reported_fail,,HeCBench/results/llvm17_inject/entropy/float/site177_bit62.out,,,,,,,,,,,,,,,,
177,63,DUE,FAILURE_NONHANG,parse_unknown,kernel_reported_fail,,HeCBench/results/llvm17_inject/entropy/float/site177_bit63.out,,,,,,,,,,,,,,,,
179,0,SDC,SDC_FLAGGED,0,kernel_reported_fail,,HeCBench/results/llvm17_inject/entropy/float/site179_bit0.out,,,,,,,,,,,,,,,,
179,1,SDC,SDC_FLAGGED,0,kernel_reported_fail,,HeCBench/results/llvm17_inject/entropy/float/site179_bit1.out,,,,,,,,,,,,,,,,
179,2,SDC,SDC_FLAGGED,0,kernel_reported_fail,,HeCBench/results/llvm17_inject/entropy/float/site179_bit2.out,,,,,,,,,,,,,,,,
179,3,SDC,SDC_FLAGGED,0,kernel_reported_fail,,HeCBench/results/llvm17_inject/entropy/float/site179_bit3.out,,,,,,,,,,,,,,,,
179,4,SDC,SDC_FLAGGED,0,kernel_reported_fail,,HeCBench/results/llvm17_inject/entropy/float/site179_bit4.out,,,,,,,,,,,,,,,,
179,5,SDC,SDC_FLAGGED,0,kernel_reported_fail,,HeCBench/results/llvm17_inject/entropy/float/site179_bit5.out,,,,,,,,,,,,,,,,
179,6,SDC,SDC_FLAGGED,0,kernel_reported_fail,,HeCBench/results/llvm17_inject/entropy/float/site179_bit6.out,,,,,,,,,,,,,,,,
179,7,SDC,SDC_FLAGGED,0,kernel_reported_fail,,HeCBench/results/llvm17_inject/entropy/float/site179_bit7.out,,,,,,,,,,,,,,,,
179,8,SDC,SDC_FLAGGED,0,kernel_reported_fail,,HeCBench/results/llvm17_inject/entropy/float/site179_bit8.out,,,,,,,,,,,,,,,,
179,9,SDC,SDC_FLAGGED,0,kernel_reported_fail,,HeCBench/results/llvm17_inject/entropy/float/site179_bit9.out,,,,,,,,,,,,,,,,
179,10,SDC,SDC_FLAGGED,0,kernel_reported_fail,,HeCBench/results/llvm17_inject/entropy/float/site179_bit10.out,,,,,,,,,,,,,,,,
179,11,SDC,SDC_FLAGGED,0,kernel_reported_fail,,HeCBench/results/llvm17_inject/entropy/float/site179_bit11.out,,,,,,,,,,,,,,,,
179,12,SDC,SDC_FLAGGED,0,kernel_reported_fail,,HeCBench/results/llvm17_inject/entropy/float/site179_bit12.out,,,,,,,,,,,,,,,,
179,13,SDC,SDC_FLAGGED,0,kernel_reported_fail,,HeCBench/results/llvm17_inject/entropy/float/site179_bit13.out,,,,,,,,,,,,,,,,
179,14,SDC,SDC_FLAGGED,0,kernel_reported_fail,,HeCBench/results/llvm17_inject/entropy/float/site179_bit14.out,,,,,,,,,,,,,,,,
179,15,SDC,SDC_FLAGGED,0,kernel_reported_fail,,HeCBench/results/llvm17_inject/entropy/float/site179_bit15.out,,,,,,,,,,,,,,,,
179,16,SDC,SDC_FLAGGED,0,kernel_reported_fail,,HeCBench/results/llvm17_inject/entropy/float/site179_bit16.out,,,,,,,,,,,,,,,,
179,17,SDC,SDC_FLAGGED,0,kernel_reported_fail,,HeCBench/results/llvm17_inject/entropy/float/site179_bit17.out,,,,,,,,,,,,,,,,
179,18,SDC,SDC_FLAGGED,0,kernel_reported_fail,,HeCBench/results/llvm17_inject/entropy/float/site179_bit18.out,,,,,,,,,,,,,,,,
179,19,SDC,SDC_FLAGGED,0,kernel_reported_fail,,HeCBench/results/llvm17_inject/entropy/float/site179_bit19.out,,,,,,,,,,,,,,,,
179,20,MASKED,MASKED_UNFLAGGED,,,,HeCBench/results/llvm17_inject/entropy/float/site179_bit20.out,,,,,,,,,,,,,,,,
179,21,MASKED,MASKED_UNFLAGGED,,,,HeCBench/results/llvm17_inject/entropy/float/site179_bit21.out,,,,,,,,,,,,,,,,
179,22,MASKED,MASKED_UNFLAGGED,,,,HeCBench/results/llvm17_inject/entropy/float/site179_bit22.out,,,,,,,,,,,,,,,,
179,23,MASKED,MASKED_UNFLAGGED,,,,HeCBench/results/llvm17_inject/entropy/float/site179_bit23.out,,,,,,,,,,,,,,,,
179,24,MASKED,MASKED_UNFLAGGED,,,,HeCBench/results/llvm17_inject/entropy/float/site179_bit24.out,,,,,,,,,,,,,,,,
179,25,MASKED,MASKED_UNFLAGGED,,,,HeCBench/results/llvm17_inject/entropy/float/site179_bit25.out,,,,,,,,,,,,,,,,
179,26,MASKED,MASKED_UNFLAGGED,,,,HeCBench/results/llvm17_inject/entropy/float/site179_bit26.out,,,,,,,,,,,,,,,,
179,27,MASKED,MASKED_UNFLAGGED,,,,HeCBench/results/llvm17_inject/entropy/float/site179_bit27.out,,,,,,,,,,,,,,,,
179,28,MASKED,MASKED_UNFLAGGED,,,,HeCBench/results/llvm17_inject/entropy/float/site179_bit28.out,,,,,,,,,,,,,,,,
179,29,MASKED,MASKED_UNFLAGGED,,,,HeCBench/results/llvm17_inject/entropy/float/site179_bit29.out,,,,,,,,,,,,,,,,
179,30,MASKED,MASKED_UNFLAGGED,,,,HeCBench/results/llvm17_inject/entropy/float/site179_bit30.out,,,,,,,,,,,,,,,,
179,31,MASKED,MASKED_UNFLAGGED,,,,HeCBench/results/llvm17_inject/entropy/float/site179_bit31.out,,,,,,,,,,,,,,,,
180,0,SDC,SDC_FLAGGED,0,kernel_reported_fail,,HeCBench/results/llvm17_inject/entropy/float/site180_bit0.out,,,,,,,,,,,,,,,,
181,0,SDC,SDC_FLAGGED,0,kernel_reported_fail,,HeCBench/results/llvm17_inject/entropy/float/site181_bit0.out,,,,,,,,,,,,,,,,
181,1,SDC,SDC_FLAGGED,0,kernel_reported_fail,,HeCBench/results/llvm17_inject/entropy/float/site181_bit1.out,,,,,,,,,,,,,,,,
181,2,SDC,SDC_FLAGGED,0,kernel_reported_fail,,HeCBench/results/llvm17_inject/entropy/float/site181_bit2.out,,,,,,,,,,,,,,,,
181,3,SDC,SDC_FLAGGED,0,kernel_reported_fail,,HeCBench/results/llvm17_inject/entropy/float/site181_bit3.out,,,,,,,,,,,,,,,,
181,4,SDC,SDC_FLAGGED,0,kernel_reported_fail,,HeCBench/results/llvm17_inject/entropy/float/site181_bit4.out,,,,,,,,,,,,,,,,
181,5,SDC,SDC_FLAGGED,0,kernel_reported_fail,,HeCBench/results/llvm17_inject/entropy/float/site181_bit5.out,,,,,,,,,,,,,,,,
181,6,SDC,SDC_FLAGGED,0,kernel_reported_fail,,HeCBench/results/llvm17_inject/entropy/float/site181_bit6.out,,,,,,,,,,,,,,,,
181,7,SDC,SDC_FLAGGED,0,kernel_reported_fail,,HeCBench/results/llvm17_inject/entropy/float/site181_bit7.out,,,,,,,,,,,,,,,,
181,8,SDC,SDC_FLAGGED,0,kernel_reported_fail,,HeCBench/results/llvm17_inject/entropy/float/site181_bit8.out,,,,,,,,,,,,,,,,
181,9,SDC,SDC_FLAGGED,0,kernel_reported_fail,,HeCBench/results/llvm17_inject/entropy/float/site181_bit9.out,,,,,,,,,,,,,,,,
181,10,SDC,SDC_FLAGGED,0,kernel_reported_fail,,HeCBench/results/llvm17_inject/entropy/float/site181_bit10.out,,,,,,,,,,,,,,,,
181,11,SDC,SDC_FLAGGED,0,kernel_reported_fail,,HeCBench/results/llvm17_inject/entropy/float/site181_bit11.out,,,,,,,,,,,,,,,,
181,12,SDC,SDC_FLAGGED,0,kernel_reported_fail,,HeCBench/results/llvm17_inject/entropy/float/site181_bit12.out,,,,,,,,,,,,,,,,
181,13,SDC,SDC_FLAGGED,0,kernel_reported_fail,,HeCBench/results/llvm17_inject/entropy/float/site181_bit13.out,,,,,,,,,,,,,,,,
181,14,SDC,SDC_FLAGGED,0,kernel_reported_fail,,HeCBench/results/llvm17_inject/entropy/float/site181_bit14.out,,,,,,,,,,,,,,,,
181,15,SDC,SDC_FLAGGED,0,kernel_reported_fail,,HeCBench/results/llvm17_inject/entropy/float/site181_bit15.out,,,,,,,,,,,,,,,,
181,16,SDC,SDC_FLAGGED,0,kernel_reported_fail,,HeCBench/results/llvm17_inject/entropy/float/site181_bit16.out,,,,,,,,,,,,,,,,
181,17,SDC,SDC_FLAGGED,0,kernel_reported_fail,,HeCBench/results/llvm17_inject/entropy/float/site181_bit17.out,,,,,,,,,,,,,,,,
181,18,SDC,SDC_FLAGGED,0,kernel_reported_fail,,HeCBench/results/llvm17_inject/entropy/float/site181_bit18.out,,,,,,,,,,,,,,,,
181,19,SDC,SDC_FLAGGED,0,kernel_reported_fail,,HeCBench/results/llvm17_inject/entropy/float/site181_bit19.out,,,,,,,,,,,,,,,,
181,20,SDC,SDC_FLAGGED,0,kernel_reported_fail,,HeCBench/results/llvm17_inject/entropy/float/site181_bit20.out,,,,,,,,,,,,,,,,
181,21,SDC,SDC_FLAGGED,0,kernel_reported_fail,,HeCBench/results/llvm17_inject/entropy/float/site181_bit21.out,,,,,,,,,,,,,,,,
181,22,SDC,SDC_FLAGGED,0,kernel_reported_fail,,HeCBench/results/llvm17_inject/entropy/float/site181_bit22.out,,,,,,,,,,,,,,,,
181,23,SDC,SDC_FLAGGED,0,kernel_reported_fail,,HeCBench/results/llvm17_inject/entropy/float/site181_bit23.out,,,,,,,,,,,,,,,,
181,24,SDC,SDC_FLAGGED,0,kernel_reported_fail,,HeCBench/results/llvm17_inject/entropy/float/site181_bit24.out,,,,,,,,,,,,,,,,
181,25,SDC,SDC_FLAGGED,0,kernel_reported_fail,,HeCBench/results/llvm17_inject/entropy/float/site181_bit25.out,,,,,,,,,,,,,,,,
181,26,SDC,SDC_FLAGGED,0,kernel_reported_fail,,HeCBench/results/llvm17_inject/entropy/float/site181_bit26.out,,,,,,,,,,,,,,,,
181,27,SDC,SDC_FLAGGED,0,kernel_reported_fail,,HeCBench/results/llvm17_inject/entropy/float/site181_bit27.out,,,,,,,,,,,,,,,,
181,28,SDC,SDC_FLAGGED,0,kernel_reported_fail,,HeCBench/results/llvm17_inject/entropy/float/site181_bit28.out,,,,,,,,,,,,,,,,
181,29,SDC,SDC_FLAGGED,0,kernel_reported_fail,,HeCBench/results/llvm17_inject/entropy/float/site181_bit29.out,,,,,,,,,,,,,,,,
181,30,SDC,SDC_FLAGGED,0,kernel_reported_fail,,HeCBench/results/llvm17_inject/entropy/float/site181_bit30.out,,,,,,,,,,,,,,,,
181,31,SDC,SDC_FLAGGED,0,kernel_reported_fail,,HeCBench/results/llvm17_inject/entropy/float/site181_bit31.out,,,,,,,,,,,,,,,,
182,0,SDC,SDC_FLAGGED,0,kernel_reported_fail,,HeCBench/results/llvm17_inject/entropy/float/site182_bit0.out,,,,,,,,,,,,,,,,
182,1,SDC,SDC_FLAGGED,0,kernel_reported_fail,,HeCBench/results/llvm17_inject/entropy/float/site182_bit1.out,,,,,,,,,,,,,,,,
182,2,SDC,SDC_FLAGGED,0,kernel_reported_fail,,HeCBench/results/llvm17_inject/entropy/float/site182_bit2.out,,,,,,,,,,,,,,,,
182,3,SDC,SDC_FLAGGED,0,kernel_reported_fail,,HeCBench/results/llvm17_inject/entropy/float/site182_bit3.out,,,,,,,,,,,,,,,,
182,4,SDC,SDC_FLAGGED,0,kernel_reported_fail,,HeCBench/results/llvm17_inject/entropy/float/site182_bit4.out,,,,,,,,,,,,,,,,
182,5,SDC,SDC_FLAGGED,0,kernel_reported_fail,,HeCBench/results/llvm17_inject/entropy/float/site182_bit5.out,,,,,,,,,,,,,,,,
182,6,SDC,SDC_FLAGGED,0,kernel_reported_fail,,HeCBench/results/llvm17_inject/entropy/float/site182_bit6.out,,,,,,,,,,,,,,,,
182,7,SDC,SDC_FLAGGED,0,kernel_reported_fail,,HeCBench/results/llvm17_inject/entropy/float/site182_bit7.out,,,,,,,,,,,,,,,,
182,8,SDC,SDC_FLAGGED,0,kernel_reported_fail,,HeCBench/results/llvm17_inject/entropy/float/site182_bit8.out,,,,,,,,,,,,,,,,
182,9,SDC,SDC_FLAGGED,0,kernel_reported_fail,,HeCBench/results/llvm17_inject/entropy/float/site182_bit9.out,,,,,,,,,,,,,,,,
182,10,SDC,SDC_FLAGGED,0,kernel_reported_fail,,HeCBench/results/llvm17_inject/entropy/float/site182_bit10.out,,,,,,,,,,,,,,,,
182,11,SDC,SDC_FLAGGED,0,kernel_reported_fail,,HeCBench/results/llvm17_inject/entropy/float/site182_bit11.out,,,,,,,,,,,,,,,,
182,12,SDC,SDC_FLAGGED,0,kernel_reported_fail,,HeCBench/results/llvm17_inject/entropy/float/site182_bit12.out,,,,,,,,,,,,,,,,
182,13,SDC,SDC_FLAGGED,0,kernel_reported_fail,,HeCBench/results/llvm17_inject/entropy/float/site182_bit13.out,,,,,,,,,,,,,,,,
182,14,SDC,SDC_FLAGGED,0,kernel_reported_fail,,HeCBench/results/llvm17_inject/entropy/float/site182_bit14.out,,,,,,,,,,,,,,,,
182,15,SDC,SDC_FLAGGED,0,kernel_reported_fail,,HeCBench/results/llvm17_inject/entropy/float/site182_bit15.out,,,,,,,,,,,,,,,,
182,16,SDC,SDC_FLAGGED,0,kernel_reported_fail,,HeCBench/results/llvm17_inject/entropy/float/site182_bit16.out,,,,,,,,,,,,,,,,
182,17,SDC,SDC_FLAGGED,0,kernel_reported_fail,,HeCBench/results/llvm17_inject/entropy/float/site182_bit17.out,,,,,,,,,,,,,,,,
182,18,SDC,SDC_FLAGGED,0,kernel_reported_fail,,HeCBench/results/llvm17_inject/entropy/float/site182_bit18.out,,,,,,,,,,,,,,,,
182,19,SDC,SDC_FLAGGED,0,kernel_reported_fail,,HeCBench/results/llvm17_inject/entropy/float/site182_bit19.out,,,,,,,,,,,,,,,,
182,20,SDC,SDC_FLAGGED,0,kernel_reported_fail,,HeCBench/results/llvm17_inject/entropy/float/site182_bit20.out,,,,,,,,,,,,,,,,
182,21,SDC,SDC_FLAGGED,0,kernel_reported_fail,,HeCBench/results/llvm17_inject/entropy/float/site182_bit21.out,,,,,,,,,,,,,,,,
182,22,SDC,SDC_FLAGGED,0,kernel_reported_fail,,HeCBench/results/llvm17_inject/entropy/float/site182_bit22.out,,,,,,,,,,,,,,,,
182,23,SDC,SDC_FLAGGED,0,kernel_reported_fail,,HeCBench/results/llvm17_inject/entropy/float/site182_bit23.out,,,,,,,,,,,,,,,,
182,24,SDC,SDC_FLAGGED,0,kernel_reported_fail,,HeCBench/results/llvm17_inject/entropy/float/site182_bit24.out,,,,,,,,,,,,,,,,
182,25,SDC,SDC_FLAGGED,0,kernel_reported_fail,,HeCBench/results/llvm17_inject/entropy/float/site182_bit25.out,,,,,,,,,,,,,,,,
182,26,SDC,SDC_FLAGGED,0,kernel_reported_fail,,HeCBench/results/llvm17_inject/entropy/float/site182_bit26.out,,,,,,,,,,,,,,,,
182,27,SDC,SDC_FLAGGED,0,kernel_reported_fail,,HeCBench/results/llvm17_inject/entropy/float/site182_bit27.out,,,,,,,,,,,,,,,,
182,28,SDC,SDC_FLAGGED,0,kernel_reported_fail,,HeCBench/results/llvm17_inject/entropy/float/site182_bit28.out,,,,,,,,,,,,,,,,
182,29,SDC,SDC_FLAGGED,0,kernel_reported_fail,,HeCBench/results/llvm17_inject/entropy/float/site182_bit29.out,,,,,,,,,,,,,,,,
182,30,SDC,SDC_FLAGGED,0,kernel_reported_fail,,HeCBench/results/llvm17_inject/entropy/float/site182_bit30.out,,,,,,,,,,,,,,,,
182,31,SDC,SDC_FLAGGED,0,kernel_reported_fail,,HeCBench/results/llvm17_inject/entropy/float/site182_bit31.out,,,,,,,,,,,,,,,,
182,32,DUE,FAILURE_NONHANG,parse_unknown,kernel_reported_fail,,HeCBench/results/llvm17_inject/entropy/float/site182_bit32.out,,,,,,,,,,,,,,,,
182,33,DUE,FAILURE_NONHANG,parse_unknown,kernel_reported_fail,,HeCBench/results/llvm17_inject/entropy/float/site182_bit33.out,,,,,,,,,,,,,,,,
182,34,DUE,FAILURE_NONHANG,parse_unknown,kernel_reported_fail,,HeCBench/results/llvm17_inject/entropy/float/site182_bit34.out,,,,,,,,,,,,,,,,
182,35,DUE,FAILURE_NONHANG,parse_unknown,kernel_reported_fail,,HeCBench/results/llvm17_inject/entropy/float/site182_bit35.out,,,,,,,,,,,,,,,,
182,36,DUE,FAILURE_NONHANG,parse_unknown,kernel_reported_fail,,HeCBench/results/llvm17_inject/entropy/float/site182_bit36.out,,,,,,,,,,,,,,,,
182,37,DUE,FAILURE_NONHANG,parse_unknown,kernel_reported_fail,,HeCBench/results/llvm17_inject/entropy/float/site182_bit37.out,,,,,,,,,,,,,,,,
182,38,DUE,FAILURE_NONHANG,parse_unknown,kernel_reported_fail,,HeCBench/results/llvm17_inject/entropy/float/site182_bit38.out,,,,,,,,,,,,,,,,
182,39,DUE,FAILURE_NONHANG,parse_unknown,kernel_reported_fail,,HeCBench/results/llvm17_inject/entropy/float/site182_bit39.out,,,,,,,,,,,,,,,,
182,40,DUE,FAILURE_NONHANG,parse_unknown,kernel_reported_fail,,HeCBench/results/llvm17_inject/entropy/float/site182_bit40.out,,,,,,,,,,,,,,,,
182,41,DUE,FAILURE_NONHANG,parse_unknown,kernel_reported_fail,,HeCBench/results/llvm17_inject/entropy/float/site182_bit41.out,,,,,,,,,,,,,,,,
182,42,DUE,FAILURE_NONHANG,parse_unknown,kernel_reported_fail,,HeCBench/results/llvm17_inject/entropy/float/site182_bit42.out,,,,,,,,,,,,,,,,
182,43,DUE,FAILURE_NONHANG,parse_unknown,kernel_reported_fail,,HeCBench/results/llvm17_inject/entropy/float/site182_bit43.out,,,,,,,,,,,,,,,,
182,44,DUE,FAILURE_NONHANG,parse_unknown,kernel_reported_fail,,HeCBench/results/llvm17_inject/entropy/float/site182_bit44.out,,,,,,,,,,,,,,,,
182,45,DUE,FAILURE_NONHANG,parse_unknown,kernel_reported_fail,,HeCBench/results/llvm17_inject/entropy/float/site182_bit45.out,,,,,,,,,,,,,,,,
182,46,DUE,FAILURE_NONHANG,parse_unknown,kernel_reported_fail,,HeCBench/results/llvm17_inject/entropy/float/site182_bit46.out,,,,,,,,,,,,,,,,
182,47,DUE,FAILURE_NONHANG,parse_unknown,kernel_reported_fail,,HeCBench/results/llvm17_inject/entropy/float/site182_bit47.out,,,,,,,,,,,,,,,,
182,48,DUE,FAILURE_NONHANG,parse_unknown,kernel_reported_fail,,HeCBench/results/llvm17_inject/entropy/float/site182_bit48.out,,,,,,,,,,,,,,,,
182,49,DUE,FAILURE_NONHANG,parse_unknown,kernel_reported_fail,,HeCBench/results/llvm17_inject/entropy/float/site182_bit49.out,,,,,,,,,,,,,,,,
182,50,DUE,FAILURE_NONHANG,parse_unknown,kernel_reported_fail,,HeCBench/results/llvm17_inject/entropy/float/site182_bit50.out,,,,,,,,,,,,,,,,
182,51,DUE,FAILURE_NONHANG,parse_unknown,kernel_reported_fail,,HeCBench/results/llvm17_inject/entropy/float/site182_bit51.out,,,,,,,,,,,,,,,,
182,52,DUE,FAILURE_NONHANG,parse_unknown,kernel_reported_fail,,HeCBench/results/llvm17_inject/entropy/float/site182_bit52.out,,,,,,,,,,,,,,,,
182,53,DUE,FAILURE_NONHANG,parse_unknown,kernel_reported_fail,,HeCBench/results/llvm17_inject/entropy/float/site182_bit53.out,,,,,,,,,,,,,,,,
182,54,DUE,FAILURE_NONHANG,parse_unknown,kernel_reported_fail,,HeCBench/results/llvm17_inject/entropy/float/site182_bit54.out,,,,,,,,,,,,,,,,
182,55,DUE,FAILURE_NONHANG,parse_unknown,kernel_reported_fail,,HeCBench/results/llvm17_inject/entropy/float/site182_bit55.out,,,,,,,,,,,,,,,,
182,56,DUE,FAILURE_NONHANG,parse_unknown,kernel_reported_fail,,HeCBench/results/llvm17_inject/entropy/float/site182_bit56.out,,,,,,,,,,,,,,,,
182,57,DUE,FAILURE_NONHANG,parse_unknown,kernel_reported_fail,,HeCBench/results/llvm17_inject/entropy/float/site182_bit57.out,,,,,,,,,,,,,,,,
182,58,DUE,FAILURE_NONHANG,parse_unknown,kernel_reported_fail,,HeCBench/results/llvm17_inject/entropy/float/site182_bit58.out,,,,,,,,,,,,,,,,
182,59,DUE,FAILURE_NONHANG,parse_unknown,kernel_reported_fail,,HeCBench/results/llvm17_inject/entropy/float/site182_bit59.out,,,,,,,,,,,,,,,,
182,60,DUE,FAILURE_NONHANG,parse_unknown,kernel_reported_fail,,HeCBench/results/llvm17_inject/entropy/float/site182_bit60.out,,,,,,,,,,,,,,,,
182,61,DUE,FAILURE_NONHANG,parse_unknown,kernel_reported_fail,,HeCBench/results/llvm17_inject/entropy/float/site182_bit61.out,,,,,,,,,,,,,,,,
182,62,DUE,FAILURE_NONHANG,parse_unknown,kernel_reported_fail,,HeCBench/results/llvm17_inject/entropy/float/site182_bit62.out,,,,,,,,,,,,,,,,
182,63,DUE,FAILURE_NONHANG,parse_unknown,kernel_reported_fail,,HeCBench/results/llvm17_inject/entropy/float/site182_bit63.out,,,,,,,,,,,,,,,,
183,0,SDC,SDC_FLAGGED,0,kernel_reported_fail,,HeCBench/results/llvm17_inject/entropy/float/site183_bit0.out,,,,,,,,,,,,,,,,
183,1,SDC,SDC_FLAGGED,0,kernel_reported_fail,,HeCBench/results/llvm17_inject/entropy/float/site183_bit1.out,,,,,,,,,,,,,,,,
183,2,SDC,SDC_FLAGGED,0,kernel_reported_fail,,HeCBench/results/llvm17_inject/entropy/float/site183_bit2.out,,,,,,,,,,,,,,,,
183,3,SDC,SDC_FLAGGED,0,kernel_reported_fail,,HeCBench/results/llvm17_inject/entropy/float/site183_bit3.out,,,,,,,,,,,,,,,,
183,4,SDC,SDC_FLAGGED,0,kernel_reported_fail,,HeCBench/results/llvm17_inject/entropy/float/site183_bit4.out,,,,,,,,,,,,,,,,
183,5,SDC,SDC_FLAGGED,0,kernel_reported_fail,,HeCBench/results/llvm17_inject/entropy/float/site183_bit5.out,,,,,,,,,,,,,,,,
183,6,SDC,SDC_FLAGGED,0,kernel_reported_fail,,HeCBench/results/llvm17_inject/entropy/float/site183_bit6.out,,,,,,,,,,,,,,,,
183,7,SDC,SDC_FLAGGED,0,kernel_reported_fail,,HeCBench/results/llvm17_inject/entropy/float/site183_bit7.out,,,,,,,,,,,,,,,,
183,8,SDC,SDC_FLAGGED,0,kernel_reported_fail,,HeCBench/results/llvm17_inject/entropy/float/site183_bit8.out,,,,,,,,,,,,,,,,
183,9,SDC,SDC_FLAGGED,0,kernel_reported_fail,,HeCBench/results/llvm17_inject/entropy/float/site183_bit9.out,,,,,,,,,,,,,,,,
183,10,SDC,SDC_FLAGGED,0,kernel_reported_fail,,HeCBench/results/llvm17_inject/entropy/float/site183_bit10.out,,,,,,,,,,,,,,,,
183,11,SDC,SDC_FLAGGED,0,kernel_reported_fail,,HeCBench/results/llvm17_inject/entropy/float/site183_bit11.out,,,,,,,,,,,,,,,,
183,12,SDC,SDC_FLAGGED,0,kernel_reported_fail,,HeCBench/results/llvm17_inject/entropy/float/site183_bit12.out,,,,,,,,,,,,,,,,
183,13,SDC,SDC_FLAGGED,0,kernel_reported_fail,,HeCBench/results/llvm17_inject/entropy/float/site183_bit13.out,,,,,,,,,,,,,,,,
183,14,SDC,SDC_FLAGGED,0,kernel_reported_fail,,HeCBench/results/llvm17_inject/entropy/float/site183_bit14.out,,,,,,,,,,,,,,,,
183,15,SDC,SDC_FLAGGED,0,kernel_reported_fail,,HeCBench/results/llvm17_inject/entropy/float/site183_bit15.out,,,,,,,,,,,,,,,,
183,16,SDC,SDC_FLAGGED,0,kernel_reported_fail,,HeCBench/results/llvm17_inject/entropy/float/site183_bit16.out,,,,,,,,,,,,,,,,
183,17,SDC,SDC_FLAGGED,0,kernel_reported_fail,,HeCBench/results/llvm17_inject/entropy/float/site183_bit17.out,,,,,,,,,,,,,,,,
183,18,SDC,SDC_FLAGGED,0,kernel_reported_fail,,HeCBench/results/llvm17_inject/entropy/float/site183_bit18.out,,,,,,,,,,,,,,,,
183,19,SDC,SDC_FLAGGED,0,kernel_reported_fail,,HeCBench/results/llvm17_inject/entropy/float/site183_bit19.out,,,,,,,,,,,,,,,,
183,20,SDC,SDC_FLAGGED,0,kernel_reported_fail,,HeCBench/results/llvm17_inject/entropy/float/site183_bit20.out,,,,,,,,,,,,,,,,
183,21,SDC,SDC_FLAGGED,0,kernel_reported_fail,,HeCBench/results/llvm17_inject/entropy/float/site183_bit21.out,,,,,,,,,,,,,,,,
183,22,SDC,SDC_FLAGGED,0,kernel_reported_fail,,HeCBench/results/llvm17_inject/entropy/float/site183_bit22.out,,,,,,,,,,,,,,,,
183,23,SDC,SDC_FLAGGED,0,kernel_reported_fail,,HeCBench/results/llvm17_inject/entropy/float/site183_bit23.out,,,,,,,,,,,,,,,,
183,24,SDC,SDC_FLAGGED,0,kernel_reported_fail,,HeCBench/results/llvm17_inject/entropy/float/site183_bit24.out,,,,,,,,,,,,,,,,
183,25,SDC,SDC_FLAGGED,0,kernel_reported_fail,,HeCBench/results/llvm17_inject/entropy/float/site183_bit25.out,,,,,,,,,,,,,,,,
183,26,SDC,SDC_FLAGGED,0,kernel_reported_fail,,HeCBench/results/llvm17_inject/entropy/float/site183_bit26.out,,,,,,,,,,,,,,,,
183,27,SDC,SDC_FLAGGED,0,kernel_reported_fail,,HeCBench/results/llvm17_inject/entropy/float/site183_bit27.out,,,,,,,,,,,,,,,,
183,28,SDC,SDC_FLAGGED,0,kernel_reported_fail,,HeCBench/results/llvm17_inject/entropy/float/site183_bit28.out,,,,,,,,,,,,,,,,
183,29,SDC,SDC_FLAGGED,0,kernel_reported_fail,,HeCBench/results/llvm17_inject/entropy/float/site183_bit29.out,,,,,,,,,,,,,,,,
183,30,SDC,SDC_FLAGGED,0,kernel_reported_fail,,HeCBench/results/llvm17_inject/entropy/float/site183_bit30.out,,,,,,,,,,,,,,,,
183,31,SDC,SDC_FLAGGED,0,kernel_reported_fail,,HeCBench/results/llvm17_inject/entropy/float/site183_bit31.out,,,,,,,,,,,,,,,,
184,0,SDC,SDC_FLAGGED,0,kernel_reported_fail,,HeCBench/results/llvm17_inject/entropy/float/site184_bit0.out,,,,,,,,,,,,,,,,
184,1,SDC,SDC_FLAGGED,0,kernel_reported_fail,,HeCBench/results/llvm17_inject/entropy/float/site184_bit1.out,,,,,,,,,,,,,,,,
184,2,SDC,SDC_FLAGGED,0,kernel_reported_fail,,HeCBench/results/llvm17_inject/entropy/float/site184_bit2.out,,,,,,,,,,,,,,,,
184,3,SDC,SDC_FLAGGED,0,kernel_reported_fail,,HeCBench/results/llvm17_inject/entropy/float/site184_bit3.out,,,,,,,,,,,,,,,,
184,4,SDC,SDC_FLAGGED,0,kernel_reported_fail,,HeCBench/results/llvm17_inject/entropy/float/site184_bit4.out,,,,,,,,,,,,,,,,
184,5,SDC,SDC_FLAGGED,0,kernel_reported_fail,,HeCBench/results/llvm17_inject/entropy/float/site184_bit5.out,,,,,,,,,,,,,,,,
184,6,SDC,SDC_FLAGGED,0,kernel_reported_fail,,HeCBench/results/llvm17_inject/entropy/float/site184_bit6.out,,,,,,,,,,,,,,,,
184,7,SDC,SDC_FLAGGED,0,kernel_reported_fail,,HeCBench/results/llvm17_inject/entropy/float/site184_bit7.out,,,,,,,,,,,,,,,,
184,8,SDC,SDC_FLAGGED,0,kernel_reported_fail,,HeCBench/results/llvm17_inject/entropy/float/site184_bit8.out,,,,,,,,,,,,,,,,
184,9,SDC,SDC_FLAGGED,0,kernel_reported_fail,,HeCBench/results/llvm17_inject/entropy/float/site184_bit9.out,,,,,,,,,,,,,,,,
184,10,SDC,SDC_FLAGGED,0,kernel_reported_fail,,HeCBench/results/llvm17_inject/entropy/float/site184_bit10.out,,,,,,,,,,,,,,,,
184,11,SDC,SDC_FLAGGED,0,kernel_reported_fail,,HeCBench/results/llvm17_inject/entropy/float/site184_bit11.out,,,,,,,,,,,,,,,,
184,12,SDC,SDC_FLAGGED,0,kernel_reported_fail,,HeCBench/results/llvm17_inject/entropy/float/site184_bit12.out,,,,,,,,,,,,,,,,
184,13,SDC,SDC_FLAGGED,0,kernel_reported_fail,,HeCBench/results/llvm17_inject/entropy/float/site184_bit13.out,,,,,,,,,,,,,,,,
184,14,SDC,SDC_FLAGGED,0,kernel_reported_fail,,HeCBench/results/llvm17_inject/entropy/float/site184_bit14.out,,,,,,,,,,,,,,,,
184,15,SDC,SDC_FLAGGED,0,kernel_reported_fail,,HeCBench/results/llvm17_inject/entropy/float/site184_bit15.out,,,,,,,,,,,,,,,,
184,16,SDC,SDC_FLAGGED,0,kernel_reported_fail,,HeCBench/results/llvm17_inject/entropy/float/site184_bit16.out,,,,,,,,,,,,,,,,
184,17,SDC,SDC_FLAGGED,0,kernel_reported_fail,,HeCBench/results/llvm17_inject/entropy/float/site184_bit17.out,,,,,,,,,,,,,,,,
184,18,SDC,SDC_FLAGGED,0,kernel_reported_fail,,HeCBench/results/llvm17_inject/entropy/float/site184_bit18.out,,,,,,,,,,,,,,,,
184,19,SDC,SDC_FLAGGED,0,kernel_reported_fail,,HeCBench/results/llvm17_inject/entropy/float/site184_bit19.out,,,,,,,,,,,,,,,,
184,20,SDC,SDC_FLAGGED,0,kernel_reported_fail,,HeCBench/results/llvm17_inject/entropy/float/site184_bit20.out,,,,,,,,,,,,,,,,
184,21,SDC,SDC_FLAGGED,0,kernel_reported_fail,,HeCBench/results/llvm17_inject/entropy/float/site184_bit21.out,,,,,,,,,,,,,,,,
184,22,SDC,SDC_FLAGGED,0,kernel_reported_fail,,HeCBench/results/llvm17_inject/entropy/float/site184_bit22.out,,,,,,,,,,,,,,,,
184,23,SDC,SDC_FLAGGED,0,kernel_reported_fail,,HeCBench/results/llvm17_inject/entropy/float/site184_bit23.out,,,,,,,,,,,,,,,,
184,24,SDC,SDC_FLAGGED,0,kernel_reported_fail,,HeCBench/results/llvm17_inject/entropy/float/site184_bit24.out,,,,,,,,,,,,,,,,
184,25,SDC,SDC_FLAGGED,0,kernel_reported_fail,,HeCBench/results/llvm17_inject/entropy/float/site184_bit25.out,,,,,,,,,,,,,,,,
184,26,SDC,SDC_FLAGGED,0,kernel_reported_fail,,HeCBench/results/llvm17_inject/entropy/float/site184_bit26.out,,,,,,,,,,,,,,,,
184,27,SDC,SDC_FLAGGED,0,kernel_reported_fail,,HeCBench/results/llvm17_inject/entropy/float/site184_bit27.out,,,,,,,,,,,,,,,,
184,28,SDC,SDC_FLAGGED,0,kernel_reported_fail,,HeCBench/results/llvm17_inject/entropy/float/site184_bit28.out,,,,,,,,,,,,,,,,
184,29,SDC,SDC_FLAGGED,0,kernel_reported_fail,,HeCBench/results/llvm17_inject/entropy/float/site184_bit29.out,,,,,,,,,,,,,,,,
184,30,SDC,SDC_FLAGGED,0,kernel_reported_fail,,HeCBench/results/llvm17_inject/entropy/float/site184_bit30.out,,,,,,,,,,,,,,,,
184,31,SDC,SDC_FLAGGED,0,kernel_reported_fail,,HeCBench/results/llvm17_inject/entropy/float/site184_bit31.out,,,,,,,,,,,,,,,,
184,32,SDC,SDC_FLAGGED,0,kernel_reported_fail,,HeCBench/results/llvm17_inject/entropy/float/site184_bit32.out,,,,,,,,,,,,,,,,
184,33,SDC,SDC_FLAGGED,0,kernel_reported_fail,,HeCBench/results/llvm17_inject/entropy/float/site184_bit33.out,,,,,,,,,,,,,,,,
184,34,SDC,SDC_FLAGGED,0,kernel_reported_fail,,HeCBench/results/llvm17_inject/entropy/float/site184_bit34.out,,,,,,,,,,,,,,,,
184,35,SDC,SDC_FLAGGED,0,kernel_reported_fail,,HeCBench/results/llvm17_inject/entropy/float/site184_bit35.out,,,,,,,,,,,,,,,,
184,36,SDC,SDC_FLAGGED,0,kernel_reported_fail,,HeCBench/results/llvm17_inject/entropy/float/site184_bit36.out,,,,,,,,,,,,,,,,
184,37,SDC,SDC_FLAGGED,0,kernel_reported_fail,,HeCBench/results/llvm17_inject/entropy/float/site184_bit37.out,,,,,,,,,,,,,,,,
184,38,SDC,SDC_FLAGGED,0,kernel_reported_fail,,HeCBench/results/llvm17_inject/entropy/float/site184_bit38.out,,,,,,,,,,,,,,,,
184,39,SDC,SDC_FLAGGED,0,kernel_reported_fail,,HeCBench/results/llvm17_inject/entropy/float/site184_bit39.out,,,,,,,,,,,,,,,,
184,40,SDC,SDC_FLAGGED,0,kernel_reported_fail,,HeCBench/results/llvm17_inject/entropy/float/site184_bit40.out,,,,,,,,,,,,,,,,
184,41,SDC,SDC_FLAGGED,0,kernel_reported_fail,,HeCBench/results/llvm17_inject/entropy/float/site184_bit41.out,,,,,,,,,,,,,,,,
184,42,SDC,SDC_FLAGGED,0,kernel_reported_fail,,HeCBench/results/llvm17_inject/entropy/float/site184_bit42.out,,,,,,,,,,,,,,,,
184,43,SDC,SDC_FLAGGED,0,kernel_reported_fail,,HeCBench/results/llvm17_inject/entropy/float/site184_bit43.out,,,,,,,,,,,,,,,,
184,44,SDC,SDC_FLAGGED,0,kernel_reported_fail,,HeCBench/results/llvm17_inject/entropy/float/site184_bit44.out,,,,,,,,,,,,,,,,
184,45,SDC,SDC_FLAGGED,0,kernel_reported_fail,,HeCBench/results/llvm17_inject/entropy/float/site184_bit45.out,,,,,,,,,,,,,,,,
184,46,SDC,SDC_FLAGGED,0,kernel_reported_fail,,HeCBench/results/llvm17_inject/entropy/float/site184_bit46.out,,,,,,,,,,,,,,,,
184,47,SDC,SDC_FLAGGED,0,kernel_reported_fail,,HeCBench/results/llvm17_inject/entropy/float/site184_bit47.out,,,,,,,,,,,,,,,,
184,48,SDC,SDC_FLAGGED,0,kernel_reported_fail,,HeCBench/results/llvm17_inject/entropy/float/site184_bit48.out,,,,,,,,,,,,,,,,
184,49,SDC,SDC_FLAGGED,0,kernel_reported_fail,,HeCBench/results/llvm17_inject/entropy/float/site184_bit49.out,,,,,,,,,,,,,,,,
184,50,SDC,SDC_FLAGGED,0,kernel_reported_fail,,HeCBench/results/llvm17_inject/entropy/float/site184_bit50.out,,,,,,,,,,,,,,,,
184,51,SDC,SDC_FLAGGED,0,kernel_reported_fail,,HeCBench/results/llvm17_inject/entropy/float/site184_bit51.out,,,,,,,,,,,,,,,,
184,52,SDC,SDC_FLAGGED,0,kernel_reported_fail,,HeCBench/results/llvm17_inject/entropy/float/site184_bit52.out,,,,,,,,,,,,,,,,
184,53,SDC,SDC_FLAGGED,0,kernel_reported_fail,,HeCBench/results/llvm17_inject/entropy/float/site184_bit53.out,,,,,,,,,,,,,,,,
184,54,SDC,SDC_FLAGGED,0,kernel_reported_fail,,HeCBench/results/llvm17_inject/entropy/float/site184_bit54.out,,,,,,,,,,,,,,,,
184,55,SDC,SDC_FLAGGED,0,kernel_reported_fail,,HeCBench/results/llvm17_inject/entropy/float/site184_bit55.out,,,,,,,,,,,,,,,,
184,56,SDC,SDC_FLAGGED,0,kernel_reported_fail,,HeCBench/results/llvm17_inject/entropy/float/site184_bit56.out,,,,,,,,,,,,,,,,
184,57,SDC,SDC_FLAGGED,0,kernel_reported_fail,,HeCBench/results/llvm17_inject/entropy/float/site184_bit57.out,,,,,,,,,,,,,,,,
184,58,SDC,SDC_FLAGGED,0,kernel_reported_fail,,HeCBench/results/llvm17_inject/entropy/float/site184_bit58.out,,,,,,,,,,,,,,,,
184,59,SDC,SDC_FLAGGED,0,kernel_reported_fail,,HeCBench/results/llvm17_inject/entropy/float/site184_bit59.out,,,,,,,,,,,,,,,,
184,60,SDC,SDC_FLAGGED,0,kernel_reported_fail,,HeCBench/results/llvm17_inject/entropy/float/site184_bit60.out,,,,,,,,,,,,,,,,
184,61,SDC,SDC_FLAGGED,0,kernel_reported_fail,,HeCBench/results/llvm17_inject/entropy/float/site184_bit61.out,,,,,,,,,,,,,,,,
184,62,MASKED,MASKED_UNFLAGGED,,,,HeCBench/results/llvm17_inject/entropy/float/site184_bit62.out,,,,,,,,,,,,,,,,
184,63,MASKED,MASKED_UNFLAGGED,,,,HeCBench/results/llvm17_inject/entropy/float/site184_bit63.out,,,,,,,,,,,,,,,,
185,0,MASKED,MASKED_UNFLAGGED,,,,HeCBench/results/llvm17_inject/entropy/float/site185_bit0.out,,,,,,,,,,,,,,,,
185,1,MASKED,MASKED_UNFLAGGED,,,,HeCBench/results/llvm17_inject/entropy/float/site185_bit1.out,,,,,,,,,,,,,,,,
185,2,MASKED,MASKED_UNFLAGGED,,,,HeCBench/results/llvm17_inject/entropy/float/site185_bit2.out,,,,,,,,,,,,,,,,
185,3,MASKED,MASKED_UNFLAGGED,,,,HeCBench/results/llvm17_inject/entropy/float/site185_bit3.out,,,,,,,,,,,,,,,,
185,4,MASKED,MASKED_UNFLAGGED,,,,HeCBench/results/llvm17_inject/entropy/float/site185_bit4.out,,,,,,,,,,,,,,,,
185,5,MASKED,MASKED_UNFLAGGED,,,,HeCBench/results/llvm17_inject/entropy/float/site185_bit5.out,,,,,,,,,,,,,,,,
185,6,MASKED,MASKED_UNFLAGGED,,,,HeCBench/results/llvm17_inject/entropy/float/site185_bit6.out,,,,,,,,,,,,,,,,
185,7,MASKED,MASKED_UNFLAGGED,,,,HeCBench/results/llvm17_inject/entropy/float/site185_bit7.out,,,,,,,,,,,,,,,,
185,8,MASKED,MASKED_UNFLAGGED,,,,HeCBench/results/llvm17_inject/entropy/float/site185_bit8.out,,,,,,,,,,,,,,,,
185,9,MASKED,MASKED_UNFLAGGED,,,,HeCBench/results/llvm17_inject/entropy/float/site185_bit9.out,,,,,,,,,,,,,,,,
185,10,MASKED,MASKED_UNFLAGGED,,,,HeCBench/results/llvm17_inject/entropy/float/site185_bit10.out,,,,,,,,,,,,,,,,
185,11,MASKED,MASKED_UNFLAGGED,,,,HeCBench/results/llvm17_inject/entropy/float/site185_bit11.out,,,,,,,,,,,,,,,,
185,12,MASKED,MASKED_UNFLAGGED,,,,HeCBench/results/llvm17_inject/entropy/float/site185_bit12.out,,,,,,,,,,,,,,,,
185,13,MASKED,MASKED_UNFLAGGED,,,,HeCBench/results/llvm17_inject/entropy/float/site185_bit13.out,,,,,,,,,,,,,,,,
185,14,MASKED,MASKED_UNFLAGGED,,,,HeCBench/results/llvm17_inject/entropy/float/site185_bit14.out,,,,,,,,,,,,,,,,
185,15,MASKED,MASKED_UNFLAGGED,,,,HeCBench/results/llvm17_inject/entropy/float/site185_bit15.out,,,,,,,,,,,,,,,,
185,16,MASKED,MASKED_UNFLAGGED,,,,HeCBench/results/llvm17_inject/entropy/float/site185_bit16.out,,,,,,,,,,,,,,,,
185,17,MASKED,MASKED_UNFLAGGED,,,,HeCBench/results/llvm17_inject/entropy/float/site185_bit17.out,,,,,,,,,,,,,,,,
185,18,MASKED,MASKED_UNFLAGGED,,,,HeCBench/results/llvm17_inject/entropy/float/site185_bit18.out,,,,,,,,,,,,,,,,
185,19,MASKED,MASKED_UNFLAGGED,,,,HeCBench/results/llvm17_inject/entropy/float/site185_bit19.out,,,,,,,,,,,,,,,,
185,20,MASKED,MASKED_UNFLAGGED,,,,HeCBench/results/llvm17_inject/entropy/float/site185_bit20.out,,,,,,,,,,,,,,,,
185,21,MASKED,MASKED_UNFLAGGED,,,,HeCBench/results/llvm17_inject/entropy/float/site185_bit21.out,,,,,,,,,,,,,,,,
185,22,MASKED,MASKED_UNFLAGGED,,,,HeCBench/results/llvm17_inject/entropy/float/site185_bit22.out,,,,,,,,,,,,,,,,
185,23,MASKED,MASKED_UNFLAGGED,,,,HeCBench/results/llvm17_inject/entropy/float/site185_bit23.out,,,,,,,,,,,,,,,,
185,24,MASKED,MASKED_UNFLAGGED,,,,HeCBench/results/llvm17_inject/entropy/float/site185_bit24.out,,,,,,,,,,,,,,,,
185,25,MASKED,MASKED_UNFLAGGED,,,,HeCBench/results/llvm17_inject/entropy/float/site185_bit25.out,,,,,,,,,,,,,,,,
185,26,MASKED,MASKED_UNFLAGGED,,,,HeCBench/results/llvm17_inject/entropy/float/site185_bit26.out,,,,,,,,,,,,,,,,
185,27,MASKED,MASKED_UNFLAGGED,,,,HeCBench/results/llvm17_inject/entropy/float/site185_bit27.out,,,,,,,,,,,,,,,,
185,28,MASKED,MASKED_UNFLAGGED,,,,HeCBench/results/llvm17_inject/entropy/float/site185_bit28.out,,,,,,,,,,,,,,,,
185,29,MASKED,MASKED_UNFLAGGED,,,,HeCBench/results/llvm17_inject/entropy/float/site185_bit29.out,,,,,,,,,,,,,,,,
185,30,MASKED,MASKED_UNFLAGGED,,,,HeCBench/results/llvm17_inject/entropy/float/site185_bit30.out,,,,,,,,,,,,,,,,
185,31,MASKED,MASKED_UNFLAGGED,,,,HeCBench/results/llvm17_inject/entropy/float/site185_bit31.out,,,,,,,,,,,,,,,,
186,0,MASKED,MASKED_UNFLAGGED,,,,HeCBench/results/llvm17_inject/entropy/float/site186_bit0.out,,,,,,,,,,,,,,,,
186,1,MASKED,MASKED_UNFLAGGED,,,,HeCBench/results/llvm17_inject/entropy/float/site186_bit1.out,,,,,,,,,,,,,,,,
186,2,MASKED,MASKED_UNFLAGGED,,,,HeCBench/results/llvm17_inject/entropy/float/site186_bit2.out,,,,,,,,,,,,,,,,
186,3,MASKED,MASKED_UNFLAGGED,,,,HeCBench/results/llvm17_inject/entropy/float/site186_bit3.out,,,,,,,,,,,,,,,,
186,4,MASKED,MASKED_UNFLAGGED,,,,HeCBench/results/llvm17_inject/entropy/float/site186_bit4.out,,,,,,,,,,,,,,,,
186,5,MASKED,MASKED_UNFLAGGED,,,,HeCBench/results/llvm17_inject/entropy/float/site186_bit5.out,,,,,,,,,,,,,,,,
186,6,MASKED,MASKED_UNFLAGGED,,,,HeCBench/results/llvm17_inject/entropy/float/site186_bit6.out,,,,,,,,,,,,,,,,
186,7,MASKED,MASKED_UNFLAGGED,,,,HeCBench/results/llvm17_inject/entropy/float/site186_bit7.out,,,,,,,,,,,,,,,,
186,8,MASKED,MASKED_UNFLAGGED,,,,HeCBench/results/llvm17_inject/entropy/float/site186_bit8.out,,,,,,,,,,,,,,,,
186,9,MASKED,MASKED_UNFLAGGED,,,,HeCBench/results/llvm17_inject/entropy/float/site186_bit9.out,,,,,,,,,,,,,,,,
186,10,MASKED,MASKED_UNFLAGGED,,,,HeCBench/results/llvm17_inject/entropy/float/site186_bit10.out,,,,,,,,,,,,,,,,
186,11,MASKED,MASKED_UNFLAGGED,,,,HeCBench/results/llvm17_inject/entropy/float/site186_bit11.out,,,,,,,,,,,,,,,,
186,12,MASKED,MASKED_UNFLAGGED,,,,HeCBench/results/llvm17_inject/entropy/float/site186_bit12.out,,,,,,,,,,,,,,,,
186,13,MASKED,MASKED_UNFLAGGED,,,,HeCBench/results/llvm17_inject/entropy/float/site186_bit13.out,,,,,,,,,,,,,,,,
186,14,MASKED,MASKED_UNFLAGGED,,,,HeCBench/results/llvm17_inject/entropy/float/site186_bit14.out,,,,,,,,,,,,,,,,
186,15,MASKED,MASKED_UNFLAGGED,,,,HeCBench/results/llvm17_inject/entropy/float/site186_bit15.out,,,,,,,,,,,,,,,,
186,16,MASKED,MASKED_UNFLAGGED,,,,HeCBench/results/llvm17_inject/entropy/float/site186_bit16.out,,,,,,,,,,,,,,,,
186,17,MASKED,MASKED_UNFLAGGED,,,,HeCBench/results/llvm17_inject/entropy/float/site186_bit17.out,,,,,,,,,,,,,,,,
186,18,MASKED,MASKED_UNFLAGGED,,,,HeCBench/results/llvm17_inject/entropy/float/site186_bit18.out,,,,,,,,,,,,,,,,
186,19,MASKED,MASKED_UNFLAGGED,,,,HeCBench/results/llvm17_inject/entropy/float/site186_bit19.out,,,,,,,,,,,,,,,,
186,20,MASKED,MASKED_UNFLAGGED,,,,HeCBench/results/llvm17_inject/entropy/float/site186_bit20.out,,,,,,,,,,,,,,,,
186,21,MASKED,MASKED_UNFLAGGED,,,,HeCBench/results/llvm17_inject/entropy/float/site186_bit21.out,,,,,,,,,,,,,,,,
186,22,MASKED,MASKED_UNFLAGGED,,,,HeCBench/results/llvm17_inject/entropy/float/site186_bit22.out,,,,,,,,,,,,,,,,
186,23,MASKED,MASKED_UNFLAGGED,,,,HeCBench/results/llvm17_inject/entropy/float/site186_bit23.out,,,,,,,,,,,,,,,,
186,24,MASKED,MASKED_UNFLAGGED,,,,HeCBench/results/llvm17_inject/entropy/float/site186_bit24.out,,,,,,,,,,,,,,,,
186,25,MASKED,MASKED_UNFLAGGED,,,,HeCBench/results/llvm17_inject/entropy/float/site186_bit25.out,,,,,,,,,,,,,,,,
186,26,MASKED,MASKED_UNFLAGGED,,,,HeCBench/results/llvm17_inject/entropy/float/site186_bit26.out,,,,,,,,,,,,,,,,
186,27,MASKED,MASKED_UNFLAGGED,,,,HeCBench/results/llvm17_inject/entropy/float/site186_bit27.out,,,,,,,,,,,,,,,,
186,28,MASKED,MASKED_UNFLAGGED,,,,HeCBench/results/llvm17_inject/entropy/float/site186_bit28.out,,,,,,,,,,,,,,,,
186,29,MASKED,MASKED_UNFLAGGED,,,,HeCBench/results/llvm17_inject/entropy/float/site186_bit29.out,,,,,,,,,,,,,,,,
186,30,MASKED,MASKED_UNFLAGGED,,,,HeCBench/results/llvm17_inject/entropy/float/site186_bit30.out,,,,,,,,,,,,,,,,
186,31,MASKED,MASKED_UNFLAGGED,,,,HeCBench/results/llvm17_inject/entropy/float/site186_bit31.out,,,,,,,,,,,,,,,,
187,0,MASKED,MASKED_UNFLAGGED,,,,HeCBench/results/llvm17_inject/entropy/float/site187_bit0.out,,,,,,,,,,,,,,,,
187,1,MASKED,MASKED_UNFLAGGED,,,,HeCBench/results/llvm17_inject/entropy/float/site187_bit1.out,,,,,,,,,,,,,,,,
187,2,MASKED,MASKED_UNFLAGGED,,,,HeCBench/results/llvm17_inject/entropy/float/site187_bit2.out,,,,,,,,,,,,,,,,
187,3,MASKED,MASKED_UNFLAGGED,,,,HeCBench/results/llvm17_inject/entropy/float/site187_bit3.out,,,,,,,,,,,,,,,,
187,4,MASKED,MASKED_UNFLAGGED,,,,HeCBench/results/llvm17_inject/entropy/float/site187_bit4.out,,,,,,,,,,,,,,,,
187,5,MASKED,MASKED_UNFLAGGED,,,,HeCBench/results/llvm17_inject/entropy/float/site187_bit5.out,,,,,,,,,,,,,,,,
187,6,MASKED,MASKED_UNFLAGGED,,,,HeCBench/results/llvm17_inject/entropy/float/site187_bit6.out,,,,,,,,,,,,,,,,
187,7,MASKED,MASKED_UNFLAGGED,,,,HeCBench/results/llvm17_inject/entropy/float/site187_bit7.out,,,,,,,,,,,,,,,,
187,8,MASKED,MASKED_UNFLAGGED,,,,HeCBench/results/llvm17_inject/entropy/float/site187_bit8.out,,,,,,,,,,,,,,,,
187,9,MASKED,MASKED_UNFLAGGED,,,,HeCBench/results/llvm17_inject/entropy/float/site187_bit9.out,,,,,,,,,,,,,,,,
187,10,MASKED,MASKED_UNFLAGGED,,,,HeCBench/results/llvm17_inject/entropy/float/site187_bit10.out,,,,,,,,,,,,,,,,
187,11,MASKED,MASKED_UNFLAGGED,,,,HeCBench/results/llvm17_inject/entropy/float/site187_bit11.out,,,,,,,,,,,,,,,,
187,12,MASKED,MASKED_UNFLAGGED,,,,HeCBench/results/llvm17_inject/entropy/float/site187_bit12.out,,,,,,,,,,,,,,,,
187,13,MASKED,MASKED_UNFLAGGED,,,,HeCBench/results/llvm17_inject/entropy/float/site187_bit13.out,,,,,,,,,,,,,,,,
187,14,MASKED,MASKED_UNFLAGGED,,,,HeCBench/results/llvm17_inject/entropy/float/site187_bit14.out,,,,,,,,,,,,,,,,
187,15,MASKED,MASKED_UNFLAGGED,,,,HeCBench/results/llvm17_inject/entropy/float/site187_bit15.out,,,,,,,,,,,,,,,,
187,16,MASKED,MASKED_UNFLAGGED,,,,HeCBench/results/llvm17_inject/entropy/float/site187_bit16.out,,,,,,,,,,,,,,,,
187,17,MASKED,MASKED_UNFLAGGED,,,,HeCBench/results/llvm17_inject/entropy/float/site187_bit17.out,,,,,,,,,,,,,,,,
187,18,MASKED,MASKED_UNFLAGGED,,,,HeCBench/results/llvm17_inject/entropy/float/site187_bit18.out,,,,,,,,,,,,,,,,
187,19,MASKED,MASKED_UNFLAGGED,,,,HeCBench/results/llvm17_inject/entropy/float/site187_bit19.out,,,,,,,,,,,,,,,,
187,20,MASKED,MASKED_UNFLAGGED,,,,HeCBench/results/llvm17_inject/entropy/float/site187_bit20.out,,,,,,,,,,,,,,,,
187,21,MASKED,MASKED_UNFLAGGED,,,,HeCBench/results/llvm17_inject/entropy/float/site187_bit21.out,,,,,,,,,,,,,,,,
187,22,MASKED,MASKED_UNFLAGGED,,,,HeCBench/results/llvm17_inject/entropy/float/site187_bit22.out,,,,,,,,,,,,,,,,
187,23,MASKED,MASKED_UNFLAGGED,,,,HeCBench/results/llvm17_inject/entropy/float/site187_bit23.out,,,,,,,,,,,,,,,,
187,24,MASKED,MASKED_UNFLAGGED,,,,HeCBench/results/llvm17_inject/entropy/float/site187_bit24.out,,,,,,,,,,,,,,,,
187,25,MASKED,MASKED_UNFLAGGED,,,,HeCBench/results/llvm17_inject/entropy/float/site187_bit25.out,,,,,,,,,,,,,,,,
187,26,MASKED,MASKED_UNFLAGGED,,,,HeCBench/results/llvm17_inject/entropy/float/site187_bit26.out,,,,,,,,,,,,,,,,
187,27,MASKED,MASKED_UNFLAGGED,,,,HeCBench/results/llvm17_inject/entropy/float/site187_bit27.out,,,,,,,,,,,,,,,,
187,28,MASKED,MASKED_UNFLAGGED,,,,HeCBench/results/llvm17_inject/entropy/float/site187_bit28.out,,,,,,,,,,,,,,,,
187,29,MASKED,MASKED_UNFLAGGED,,,,HeCBench/results/llvm17_inject/entropy/float/site187_bit29.out,,,,,,,,,,,,,,,,
187,30,MASKED,MASKED_UNFLAGGED,,,,HeCBench/results/llvm17_inject/entropy/float/site187_bit30.out,,,,,,,,,,,,,,,,
187,31,MASKED,MASKED_UNFLAGGED,,,,HeCBench/results/llvm17_inject/entropy/float/site187_bit31.out,,,,,,,,,,,,,,,,
188,0,MASKED,MASKED_UNFLAGGED,,,,HeCBench/results/llvm17_inject/entropy/float/site188_bit0.out,,,,,,,,,,,,,,,,
189,0,MASKED,MASKED_UNFLAGGED,,,,HeCBench/results/llvm17_inject/entropy/float/site189_bit0.out,,,,,,,,,,,,,,,,
189,1,MASKED,MASKED_UNFLAGGED,,,,HeCBench/results/llvm17_inject/entropy/float/site189_bit1.out,,,,,,,,,,,,,,,,
189,2,MASKED,MASKED_UNFLAGGED,,,,HeCBench/results/llvm17_inject/entropy/float/site189_bit2.out,,,,,,,,,,,,,,,,
189,3,MASKED,MASKED_UNFLAGGED,,,,HeCBench/results/llvm17_inject/entropy/float/site189_bit3.out,,,,,,,,,,,,,,,,
189,4,MASKED,MASKED_UNFLAGGED,,,,HeCBench/results/llvm17_inject/entropy/float/site189_bit4.out,,,,,,,,,,,,,,,,
189,5,MASKED,MASKED_UNFLAGGED,,,,HeCBench/results/llvm17_inject/entropy/float/site189_bit5.out,,,,,,,,,,,,,,,,
189,6,MASKED,MASKED_UNFLAGGED,,,,HeCBench/results/llvm17_inject/entropy/float/site189_bit6.out,,,,,,,,,,,,,,,,
189,7,MASKED,MASKED_UNFLAGGED,,,,HeCBench/results/llvm17_inject/entropy/float/site189_bit7.out,,,,,,,,,,,,,,,,
189,8,MASKED,MASKED_UNFLAGGED,,,,HeCBench/results/llvm17_inject/entropy/float/site189_bit8.out,,,,,,,,,,,,,,,,
189,9,MASKED,MASKED_UNFLAGGED,,,,HeCBench/results/llvm17_inject/entropy/float/site189_bit9.out,,,,,,,,,,,,,,,,
189,10,MASKED,MASKED_UNFLAGGED,,,,HeCBench/results/llvm17_inject/entropy/float/site189_bit10.out,,,,,,,,,,,,,,,,
189,11,MASKED,MASKED_UNFLAGGED,,,,HeCBench/results/llvm17_inject/entropy/float/site189_bit11.out,,,,,,,,,,,,,,,,
189,12,MASKED,MASKED_UNFLAGGED,,,,HeCBench/results/llvm17_inject/entropy/float/site189_bit12.out,,,,,,,,,,,,,,,,
189,13,MASKED,MASKED_UNFLAGGED,,,,HeCBench/results/llvm17_inject/entropy/float/site189_bit13.out,,,,,,,,,,,,,,,,
189,14,MASKED,MASKED_UNFLAGGED,,,,HeCBench/results/llvm17_inject/entropy/float/site189_bit14.out,,,,,,,,,,,,,,,,
189,15,MASKED,MASKED_UNFLAGGED,,,,HeCBench/results/llvm17_inject/entropy/float/site189_bit15.out,,,,,,,,,,,,,,,,
189,16,MASKED,MASKED_UNFLAGGED,,,,HeCBench/results/llvm17_inject/entropy/float/site189_bit16.out,,,,,,,,,,,,,,,,
189,17,MASKED,MASKED_UNFLAGGED,,,,HeCBench/results/llvm17_inject/entropy/float/site189_bit17.out,,,,,,,,,,,,,,,,
189,18,MASKED,MASKED_UNFLAGGED,,,,HeCBench/results/llvm17_inject/entropy/float/site189_bit18.out,,,,,,,,,,,,,,,,
189,19,MASKED,MASKED_UNFLAGGED,,,,HeCBench/results/llvm17_inject/entropy/float/site189_bit19.out,,,,,,,,,,,,,,,,
189,20,MASKED,MASKED_UNFLAGGED,,,,HeCBench/results/llvm17_inject/entropy/float/site189_bit20.out,,,,,,,,,,,,,,,,
189,21,MASKED,MASKED_UNFLAGGED,,,,HeCBench/results/llvm17_inject/entropy/float/site189_bit21.out,,,,,,,,,,,,,,,,
189,22,MASKED,MASKED_UNFLAGGED,,,,HeCBench/results/llvm17_inject/entropy/float/site189_bit22.out,,,,,,,,,,,,,,,,
189,23,MASKED,MASKED_UNFLAGGED,,,,HeCBench/results/llvm17_inject/entropy/float/site189_bit23.out,,,,,,,,,,,,,,,,
189,24,MASKED,MASKED_UNFLAGGED,,,,HeCBench/results/llvm17_inject/entropy/float/site189_bit24.out,,,,,,,,,,,,,,,,
189,25,MASKED,MASKED_UNFLAGGED,,,,HeCBench/results/llvm17_inject/entropy/float/site189_bit25.out,,,,,,,,,,,,,,,,
189,26,MASKED,MASKED_UNFLAGGED,,,,HeCBench/results/llvm17_inject/entropy/float/site189_bit26.out,,,,,,,,,,,,,,,,
189,27,MASKED,MASKED_UNFLAGGED,,,,HeCBench/results/llvm17_inject/entropy/float/site189_bit27.out,,,,,,,,,,,,,,,,
189,28,MASKED,MASKED_UNFLAGGED,,,,HeCBench/results/llvm17_inject/entropy/float/site189_bit28.out,,,,,,,,,,,,,,,,
189,29,MASKED,MASKED_UNFLAGGED,,,,HeCBench/results/llvm17_inject/entropy/float/site189_bit29.out,,,,,,,,,,,,,,,,
189,30,MASKED,MASKED_UNFLAGGED,,,,HeCBench/results/llvm17_inject/entropy/float/site189_bit30.out,,,,,,,,,,,,,,,,
189,31,MASKED,MASKED_UNFLAGGED,,,,HeCBench/results/llvm17_inject/entropy/float/site189_bit31.out,,,,,,,,,,,,,,,,
191,0,MASKED,MASKED_UNFLAGGED,,,,HeCBench/results/llvm17_inject/entropy/float/site191_bit0.out,,,,,,,,,,,,,,,,
191,1,MASKED,MASKED_UNFLAGGED,,,,HeCBench/results/llvm17_inject/entropy/float/site191_bit1.out,,,,,,,,,,,,,,,,
191,2,MASKED,MASKED_UNFLAGGED,,,,HeCBench/results/llvm17_inject/entropy/float/site191_bit2.out,,,,,,,,,,,,,,,,
191,3,MASKED,MASKED_UNFLAGGED,,,,HeCBench/results/llvm17_inject/entropy/float/site191_bit3.out,,,,,,,,,,,,,,,,
191,4,MASKED,MASKED_UNFLAGGED,,,,HeCBench/results/llvm17_inject/entropy/float/site191_bit4.out,,,,,,,,,,,,,,,,
191,5,MASKED,MASKED_UNFLAGGED,,,,HeCBench/results/llvm17_inject/entropy/float/site191_bit5.out,,,,,,,,,,,,,,,,
191,6,MASKED,MASKED_UNFLAGGED,,,,HeCBench/results/llvm17_inject/entropy/float/site191_bit6.out,,,,,,,,,,,,,,,,
191,7,MASKED,MASKED_UNFLAGGED,,,,HeCBench/results/llvm17_inject/entropy/float/site191_bit7.out,,,,,,,,,,,,,,,,
191,8,MASKED,MASKED_UNFLAGGED,,,,HeCBench/results/llvm17_inject/entropy/float/site191_bit8.out,,,,,,,,,,,,,,,,
191,9,MASKED,MASKED_UNFLAGGED,,,,HeCBench/results/llvm17_inject/entropy/float/site191_bit9.out,,,,,,,,,,,,,,,,
191,10,MASKED,MASKED_UNFLAGGED,,,,HeCBench/results/llvm17_inject/entropy/float/site191_bit10.out,,,,,,,,,,,,,,,,
191,11,MASKED,MASKED_UNFLAGGED,,,,HeCBench/results/llvm17_inject/entropy/float/site191_bit11.out,,,,,,,,,,,,,,,,
191,12,MASKED,MASKED_UNFLAGGED,,,,HeCBench/results/llvm17_inject/entropy/float/site191_bit12.out,,,,,,,,,,,,,,,,
191,13,MASKED,MASKED_UNFLAGGED,,,,HeCBench/results/llvm17_inject/entropy/float/site191_bit13.out,,,,,,,,,,,,,,,,
191,14,MASKED,MASKED_UNFLAGGED,,,,HeCBench/results/llvm17_inject/entropy/float/site191_bit14.out,,,,,,,,,,,,,,,,
191,15,MASKED,MASKED_UNFLAGGED,,,,HeCBench/results/llvm17_inject/entropy/float/site191_bit15.out,,,,,,,,,,,,,,,,
191,16,MASKED,MASKED_UNFLAGGED,,,,HeCBench/results/llvm17_inject/entropy/float/site191_bit16.out,,,,,,,,,,,,,,,,
191,17,MASKED,MASKED_UNFLAGGED,,,,HeCBench/results/llvm17_inject/entropy/float/site191_bit17.out,,,,,,,,,,,,,,,,
191,18,MASKED,MASKED_UNFLAGGED,,,,HeCBench/results/llvm17_inject/entropy/float/site191_bit18.out,,,,,,,,,,,,,,,,
191,19,MASKED,MASKED_UNFLAGGED,,,,HeCBench/results/llvm17_inject/entropy/float/site191_bit19.out,,,,,,,,,,,,,,,,
191,20,MASKED,MASKED_UNFLAGGED,,,,HeCBench/results/llvm17_inject/entropy/float/site191_bit20.out,,,,,,,,,,,,,,,,
191,21,MASKED,MASKED_UNFLAGGED,,,,HeCBench/results/llvm17_inject/entropy/float/site191_bit21.out,,,,,,,,,,,,,,,,
191,22,MASKED,MASKED_UNFLAGGED,,,,HeCBench/results/llvm17_inject/entropy/float/site191_bit22.out,,,,,,,,,,,,,,,,
191,23,MASKED,MASKED_UNFLAGGED,,,,HeCBench/results/llvm17_inject/entropy/float/site191_bit23.out,,,,,,,,,,,,,,,,
191,24,MASKED,MASKED_UNFLAGGED,,,,HeCBench/results/llvm17_inject/entropy/float/site191_bit24.out,,,,,,,,,,,,,,,,
191,25,MASKED,MASKED_UNFLAGGED,,,,HeCBench/results/llvm17_inject/entropy/float/site191_bit25.out,,,,,,,,,,,,,,,,
191,26,MASKED,MASKED_UNFLAGGED,,,,HeCBench/results/llvm17_inject/entropy/float/site191_bit26.out,,,,,,,,,,,,,,,,
191,27,MASKED,MASKED_UNFLAGGED,,,,HeCBench/results/llvm17_inject/entropy/float/site191_bit27.out,,,,,,,,,,,,,,,,
191,28,MASKED,MASKED_UNFLAGGED,,,,HeCBench/results/llvm17_inject/entropy/float/site191_bit28.out,,,,,,,,,,,,,,,,
191,29,MASKED,MASKED_UNFLAGGED,,,,HeCBench/results/llvm17_inject/entropy/float/site191_bit29.out,,,,,,,,,,,,,,,,
191,30,MASKED,MASKED_UNFLAGGED,,,,HeCBench/results/llvm17_inject/entropy/float/site191_bit30.out,,,,,,,,,,,,,,,,
191,31,MASKED,MASKED_UNFLAGGED,,,,HeCBench/results/llvm17_inject/entropy/float/site191_bit31.out,,,,,,,,,,,,,,,,
192,0,MASKED,MASKED_UNFLAGGED,,,,HeCBench/results/llvm17_inject/entropy/float/site192_bit0.out,,,,,,,,,,,,,,,,
192,1,MASKED,MASKED_UNFLAGGED,,,,HeCBench/results/llvm17_inject/entropy/float/site192_bit1.out,,,,,,,,,,,,,,,,
192,2,MASKED,MASKED_UNFLAGGED,,,,HeCBench/results/llvm17_inject/entropy/float/site192_bit2.out,,,,,,,,,,,,,,,,
192,3,MASKED,MASKED_UNFLAGGED,,,,HeCBench/results/llvm17_inject/entropy/float/site192_bit3.out,,,,,,,,,,,,,,,,
192,4,MASKED,MASKED_UNFLAGGED,,,,HeCBench/results/llvm17_inject/entropy/float/site192_bit4.out,,,,,,,,,,,,,,,,
192,5,MASKED,MASKED_UNFLAGGED,,,,HeCBench/results/llvm17_inject/entropy/float/site192_bit5.out,,,,,,,,,,,,,,,,
192,6,MASKED,MASKED_UNFLAGGED,,,,HeCBench/results/llvm17_inject/entropy/float/site192_bit6.out,,,,,,,,,,,,,,,,
192,7,MASKED,MASKED_UNFLAGGED,,,,HeCBench/results/llvm17_inject/entropy/float/site192_bit7.out,,,,,,,,,,,,,,,,
192,8,MASKED,MASKED_UNFLAGGED,,,,HeCBench/results/llvm17_inject/entropy/float/site192_bit8.out,,,,,,,,,,,,,,,,
192,9,MASKED,MASKED_UNFLAGGED,,,,HeCBench/results/llvm17_inject/entropy/float/site192_bit9.out,,,,,,,,,,,,,,,,
192,10,MASKED,MASKED_UNFLAGGED,,,,HeCBench/results/llvm17_inject/entropy/float/site192_bit10.out,,,,,,,,,,,,,,,,
192,11,MASKED,MASKED_UNFLAGGED,,,,HeCBench/results/llvm17_inject/entropy/float/site192_bit11.out,,,,,,,,,,,,,,,,
192,12,MASKED,MASKED_UNFLAGGED,,,,HeCBench/results/llvm17_inject/entropy/float/site192_bit12.out,,,,,,,,,,,,,,,,
192,13,MASKED,MASKED_UNFLAGGED,,,,HeCBench/results/llvm17_inject/entropy/float/site192_bit13.out,,,,,,,,,,,,,,,,
192,14,MASKED,MASKED_UNFLAGGED,,,,HeCBench/results/llvm17_inject/entropy/float/site192_bit14.out,,,,,,,,,,,,,,,,
192,15,MASKED,MASKED_UNFLAGGED,,,,HeCBench/results/llvm17_inject/entropy/float/site192_bit15.out,,,,,,,,,,,,,,,,
192,16,MASKED,MASKED_UNFLAGGED,,,,HeCBench/results/llvm17_inject/entropy/float/site192_bit16.out,,,,,,,,,,,,,,,,
192,17,MASKED,MASKED_UNFLAGGED,,,,HeCBench/results/llvm17_inject/entropy/float/site192_bit17.out,,,,,,,,,,,,,,,,
192,18,MASKED,MASKED_UNFLAGGED,,,,HeCBench/results/llvm17_inject/entropy/float/site192_bit18.out,,,,,,,,,,,,,,,,
192,19,MASKED,MASKED_UNFLAGGED,,,,HeCBench/results/llvm17_inject/entropy/float/site192_bit19.out,,,,,,,,,,,,,,,,
192,20,MASKED,MASKED_UNFLAGGED,,,,HeCBench/results/llvm17_inject/entropy/float/site192_bit20.out,,,,,,,,,,,,,,,,
192,21,MASKED,MASKED_UNFLAGGED,,,,HeCBench/results/llvm17_inject/entropy/float/site192_bit21.out,,,,,,,,,,,,,,,,
192,22,MASKED,MASKED_UNFLAGGED,,,,HeCBench/results/llvm17_inject/entropy/float/site192_bit22.out,,,,,,,,,,,,,,,,
192,23,MASKED,MASKED_UNFLAGGED,,,,HeCBench/results/llvm17_inject/entropy/float/site192_bit23.out,,,,,,,,,,,,,,,,
192,24,MASKED,MASKED_UNFLAGGED,,,,HeCBench/results/llvm17_inject/entropy/float/site192_bit24.out,,,,,,,,,,,,,,,,
192,25,MASKED,MASKED_UNFLAGGED,,,,HeCBench/results/llvm17_inject/entropy/float/site192_bit25.out,,,,,,,,,,,,,,,,
192,26,MASKED,MASKED_UNFLAGGED,,,,HeCBench/results/llvm17_inject/entropy/float/site192_bit26.out,,,,,,,,,,,,,,,,
192,27,MASKED,MASKED_UNFLAGGED,,,,HeCBench/results/llvm17_inject/entropy/float/site192_bit27.out,,,,,,,,,,,,,,,,
192,28,MASKED,MASKED_UNFLAGGED,,,,HeCBench/results/llvm17_inject/entropy/float/site192_bit28.out,,,,,,,,,,,,,,,,
192,29,MASKED,MASKED_UNFLAGGED,,,,HeCBench/results/llvm17_inject/entropy/float/site192_bit29.out,,,,,,,,,,,,,,,,
192,30,MASKED,MASKED_UNFLAGGED,,,,HeCBench/results/llvm17_inject/entropy/float/site192_bit30.out,,,,,,,,,,,,,,,,
192,31,MASKED,MASKED_UNFLAGGED,,,,HeCBench/results/llvm17_inject/entropy/float/site192_bit31.out,,,,,,,,,,,,,,,,
193,0,MASKED,MASKED_UNFLAGGED,,,,HeCBench/results/llvm17_inject/entropy/float/site193_bit0.out,,,,,,,,,,,,,,,,
193,1,MASKED,MASKED_UNFLAGGED,,,,HeCBench/results/llvm17_inject/entropy/float/site193_bit1.out,,,,,,,,,,,,,,,,
193,2,MASKED,MASKED_UNFLAGGED,,,,HeCBench/results/llvm17_inject/entropy/float/site193_bit2.out,,,,,,,,,,,,,,,,
193,3,MASKED,MASKED_UNFLAGGED,,,,HeCBench/results/llvm17_inject/entropy/float/site193_bit3.out,,,,,,,,,,,,,,,,
193,4,MASKED,MASKED_UNFLAGGED,,,,HeCBench/results/llvm17_inject/entropy/float/site193_bit4.out,,,,,,,,,,,,,,,,
193,5,MASKED,MASKED_UNFLAGGED,,,,HeCBench/results/llvm17_inject/entropy/float/site193_bit5.out,,,,,,,,,,,,,,,,
193,6,MASKED,MASKED_UNFLAGGED,,,,HeCBench/results/llvm17_inject/entropy/float/site193_bit6.out,,,,,,,,,,,,,,,,
193,7,MASKED,MASKED_UNFLAGGED,,,,HeCBench/results/llvm17_inject/entropy/float/site193_bit7.out,,,,,,,,,,,,,,,,
193,8,MASKED,MASKED_UNFLAGGED,,,,HeCBench/results/llvm17_inject/entropy/float/site193_bit8.out,,,,,,,,,,,,,,,,
193,9,MASKED,MASKED_UNFLAGGED,,,,HeCBench/results/llvm17_inject/entropy/float/site193_bit9.out,,,,,,,,,,,,,,,,
193,10,MASKED,MASKED_UNFLAGGED,,,,HeCBench/results/llvm17_inject/entropy/float/site193_bit10.out,,,,,,,,,,,,,,,,
193,11,MASKED,MASKED_UNFLAGGED,,,,HeCBench/results/llvm17_inject/entropy/float/site193_bit11.out,,,,,,,,,,,,,,,,
193,12,MASKED,MASKED_UNFLAGGED,,,,HeCBench/results/llvm17_inject/entropy/float/site193_bit12.out,,,,,,,,,,,,,,,,
193,13,MASKED,MASKED_UNFLAGGED,,,,HeCBench/results/llvm17_inject/entropy/float/site193_bit13.out,,,,,,,,,,,,,,,,
193,14,MASKED,MASKED_UNFLAGGED,,,,HeCBench/results/llvm17_inject/entropy/float/site193_bit14.out,,,,,,,,,,,,,,,,
193,15,MASKED,MASKED_UNFLAGGED,,,,HeCBench/results/llvm17_inject/entropy/float/site193_bit15.out,,,,,,,,,,,,,,,,
193,16,MASKED,MASKED_UNFLAGGED,,,,HeCBench/results/llvm17_inject/entropy/float/site193_bit16.out,,,,,,,,,,,,,,,,
193,17,MASKED,MASKED_UNFLAGGED,,,,HeCBench/results/llvm17_inject/entropy/float/site193_bit17.out,,,,,,,,,,,,,,,,
193,18,MASKED,MASKED_UNFLAGGED,,,,HeCBench/results/llvm17_inject/entropy/float/site193_bit18.out,,,,,,,,,,,,,,,,
193,19,MASKED,MASKED_UNFLAGGED,,,,HeCBench/results/llvm17_inject/entropy/float/site193_bit19.out,,,,,,,,,,,,,,,,
193,20,MASKED,MASKED_UNFLAGGED,,,,HeCBench/results/llvm17_inject/entropy/float/site193_bit20.out,,,,,,,,,,,,,,,,
193,21,MASKED,MASKED_UNFLAGGED,,,,HeCBench/results/llvm17_inject/entropy/float/site193_bit21.out,,,,,,,,,,,,,,,,
193,22,MASKED,MASKED_UNFLAGGED,,,,HeCBench/results/llvm17_inject/entropy/float/site193_bit22.out,,,,,,,,,,,,,,,,
193,23,MASKED,MASKED_UNFLAGGED,,,,HeCBench/results/llvm17_inject/entropy/float/site193_bit23.out,,,,,,,,,,,,,,,,
193,24,MASKED,MASKED_UNFLAGGED,,,,HeCBench/results/llvm17_inject/entropy/float/site193_bit24.out,,,,,,,,,,,,,,,,
193,25,MASKED,MASKED_UNFLAGGED,,,,HeCBench/results/llvm17_inject/entropy/float/site193_bit25.out,,,,,,,,,,,,,,,,
193,26,MASKED,MASKED_UNFLAGGED,,,,HeCBench/results/llvm17_inject/entropy/float/site193_bit26.out,,,,,,,,,,,,,,,,
193,27,MASKED,MASKED_UNFLAGGED,,,,HeCBench/results/llvm17_inject/entropy/float/site193_bit27.out,,,,,,,,,,,,,,,,
193,28,MASKED,MASKED_UNFLAGGED,,,,HeCBench/results/llvm17_inject/entropy/float/site193_bit28.out,,,,,,,,,,,,,,,,
193,29,MASKED,MASKED_UNFLAGGED,,,,HeCBench/results/llvm17_inject/entropy/float/site193_bit29.out,,,,,,,,,,,,,,,,
193,30,MASKED,MASKED_UNFLAGGED,,,,HeCBench/results/llvm17_inject/entropy/float/site193_bit30.out,,,,,,,,,,,,,,,,
193,31,MASKED,MASKED_UNFLAGGED,,,,HeCBench/results/llvm17_inject/entropy/float/site193_bit31.out,,,,,,,,,,,,,,,,
194,0,MASKED,MASKED_UNFLAGGED,,,,HeCBench/results/llvm17_inject/entropy/float/site194_bit0.out,,,,,,,,,,,,,,,,
194,1,MASKED,MASKED_UNFLAGGED,,,,HeCBench/results/llvm17_inject/entropy/float/site194_bit1.out,,,,,,,,,,,,,,,,
194,2,MASKED,MASKED_UNFLAGGED,,,,HeCBench/results/llvm17_inject/entropy/float/site194_bit2.out,,,,,,,,,,,,,,,,
194,3,MASKED,MASKED_UNFLAGGED,,,,HeCBench/results/llvm17_inject/entropy/float/site194_bit3.out,,,,,,,,,,,,,,,,
194,4,MASKED,MASKED_UNFLAGGED,,,,HeCBench/results/llvm17_inject/entropy/float/site194_bit4.out,,,,,,,,,,,,,,,,
194,5,MASKED,MASKED_UNFLAGGED,,,,HeCBench/results/llvm17_inject/entropy/float/site194_bit5.out,,,,,,,,,,,,,,,,
194,6,MASKED,MASKED_UNFLAGGED,,,,HeCBench/results/llvm17_inject/entropy/float/site194_bit6.out,,,,,,,,,,,,,,,,
194,7,MASKED,MASKED_UNFLAGGED,,,,HeCBench/results/llvm17_inject/entropy/float/site194_bit7.out,,,,,,,,,,,,,,,,
194,8,MASKED,MASKED_UNFLAGGED,,,,HeCBench/results/llvm17_inject/entropy/float/site194_bit8.out,,,,,,,,,,,,,,,,
194,9,MASKED,MASKED_UNFLAGGED,,,,HeCBench/results/llvm17_inject/entropy/float/site194_bit9.out,,,,,,,,,,,,,,,,
194,10,MASKED,MASKED_UNFLAGGED,,,,HeCBench/results/llvm17_inject/entropy/float/site194_bit10.out,,,,,,,,,,,,,,,,
194,11,MASKED,MASKED_UNFLAGGED,,,,HeCBench/results/llvm17_inject/entropy/float/site194_bit11.out,,,,,,,,,,,,,,,,
194,12,MASKED,MASKED_UNFLAGGED,,,,HeCBench/results/llvm17_inject/entropy/float/site194_bit12.out,,,,,,,,,,,,,,,,
194,13,MASKED,MASKED_UNFLAGGED,,,,HeCBench/results/llvm17_inject/entropy/float/site194_bit13.out,,,,,,,,,,,,,,,,
194,14,MASKED,MASKED_UNFLAGGED,,,,HeCBench/results/llvm17_inject/entropy/float/site194_bit14.out,,,,,,,,,,,,,,,,
194,15,MASKED,MASKED_UNFLAGGED,,,,HeCBench/results/llvm17_inject/entropy/float/site194_bit15.out,,,,,,,,,,,,,,,,
194,16,MASKED,MASKED_UNFLAGGED,,,,HeCBench/results/llvm17_inject/entropy/float/site194_bit16.out,,,,,,,,,,,,,,,,
194,17,MASKED,MASKED_UNFLAGGED,,,,HeCBench/results/llvm17_inject/entropy/float/site194_bit17.out,,,,,,,,,,,,,,,,
194,18,MASKED,MASKED_UNFLAGGED,,,,HeCBench/results/llvm17_inject/entropy/float/site194_bit18.out,,,,,,,,,,,,,,,,
194,19,MASKED,MASKED_UNFLAGGED,,,,HeCBench/results/llvm17_inject/entropy/float/site194_bit19.out,,,,,,,,,,,,,,,,
194,20,MASKED,MASKED_UNFLAGGED,,,,HeCBench/results/llvm17_inject/entropy/float/site194_bit20.out,,,,,,,,,,,,,,,,
194,21,MASKED,MASKED_UNFLAGGED,,,,HeCBench/results/llvm17_inject/entropy/float/site194_bit21.out,,,,,,,,,,,,,,,,
194,22,MASKED,MASKED_UNFLAGGED,,,,HeCBench/results/llvm17_inject/entropy/float/site194_bit22.out,,,,,,,,,,,,,,,,
194,23,MASKED,MASKED_UNFLAGGED,,,,HeCBench/results/llvm17_inject/entropy/float/site194_bit23.out,,,,,,,,,,,,,,,,
194,24,MASKED,MASKED_UNFLAGGED,,,,HeCBench/results/llvm17_inject/entropy/float/site194_bit24.out,,,,,,,,,,,,,,,,
194,25,MASKED,MASKED_UNFLAGGED,,,,HeCBench/results/llvm17_inject/entropy/float/site194_bit25.out,,,,,,,,,,,,,,,,
194,26,MASKED,MASKED_UNFLAGGED,,,,HeCBench/results/llvm17_inject/entropy/float/site194_bit26.out,,,,,,,,,,,,,,,,
194,27,MASKED,MASKED_UNFLAGGED,,,,HeCBench/results/llvm17_inject/entropy/float/site194_bit27.out,,,,,,,,,,,,,,,,
194,28,MASKED,MASKED_UNFLAGGED,,,,HeCBench/results/llvm17_inject/entropy/float/site194_bit28.out,,,,,,,,,,,,,,,,
194,29,MASKED,MASKED_UNFLAGGED,,,,HeCBench/results/llvm17_inject/entropy/float/site194_bit29.out,,,,,,,,,,,,,,,,
194,30,MASKED,MASKED_UNFLAGGED,,,,HeCBench/results/llvm17_inject/entropy/float/site194_bit30.out,,,,,,,,,,,,,,,,
194,31,MASKED,MASKED_UNFLAGGED,,,,HeCBench/results/llvm17_inject/entropy/float/site194_bit31.out,,,,,,,,,,,,,,,,
195,0,MASKED,MASKED_UNFLAGGED,,,,HeCBench/results/llvm17_inject/entropy/float/site195_bit0.out,,,,,,,,,,,,,,,,
195,1,MASKED,MASKED_UNFLAGGED,,,,HeCBench/results/llvm17_inject/entropy/float/site195_bit1.out,,,,,,,,,,,,,,,,
195,2,MASKED,MASKED_UNFLAGGED,,,,HeCBench/results/llvm17_inject/entropy/float/site195_bit2.out,,,,,,,,,,,,,,,,
195,3,MASKED,MASKED_UNFLAGGED,,,,HeCBench/results/llvm17_inject/entropy/float/site195_bit3.out,,,,,,,,,,,,,,,,
195,4,MASKED,MASKED_UNFLAGGED,,,,HeCBench/results/llvm17_inject/entropy/float/site195_bit4.out,,,,,,,,,,,,,,,,
195,5,MASKED,MASKED_UNFLAGGED,,,,HeCBench/results/llvm17_inject/entropy/float/site195_bit5.out,,,,,,,,,,,,,,,,
195,6,MASKED,MASKED_UNFLAGGED,,,,HeCBench/results/llvm17_inject/entropy/float/site195_bit6.out,,,,,,,,,,,,,,,,
195,7,MASKED,MASKED_UNFLAGGED,,,,HeCBench/results/llvm17_inject/entropy/float/site195_bit7.out,,,,,,,,,,,,,,,,
195,8,MASKED,MASKED_UNFLAGGED,,,,HeCBench/results/llvm17_inject/entropy/float/site195_bit8.out,,,,,,,,,,,,,,,,
195,9,MASKED,MASKED_UNFLAGGED,,,,HeCBench/results/llvm17_inject/entropy/float/site195_bit9.out,,,,,,,,,,,,,,,,
195,10,MASKED,MASKED_UNFLAGGED,,,,HeCBench/results/llvm17_inject/entropy/float/site195_bit10.out,,,,,,,,,,,,,,,,
195,11,MASKED,MASKED_UNFLAGGED,,,,HeCBench/results/llvm17_inject/entropy/float/site195_bit11.out,,,,,,,,,,,,,,,,
195,12,MASKED,MASKED_UNFLAGGED,,,,HeCBench/results/llvm17_inject/entropy/float/site195_bit12.out,,,,,,,,,,,,,,,,
195,13,MASKED,MASKED_UNFLAGGED,,,,HeCBench/results/llvm17_inject/entropy/float/site195_bit13.out,,,,,,,,,,,,,,,,
195,14,MASKED,MASKED_UNFLAGGED,,,,HeCBench/results/llvm17_inject/entropy/float/site195_bit14.out,,,,,,,,,,,,,,,,
195,15,MASKED,MASKED_UNFLAGGED,,,,HeCBench/results/llvm17_inject/entropy/float/site195_bit15.out,,,,,,,,,,,,,,,,
195,16,MASKED,MASKED_UNFLAGGED,,,,HeCBench/results/llvm17_inject/entropy/float/site195_bit16.out,,,,,,,,,,,,,,,,
195,17,MASKED,MASKED_UNFLAGGED,,,,HeCBench/results/llvm17_inject/entropy/float/site195_bit17.out,,,,,,,,,,,,,,,,
195,18,MASKED,MASKED_UNFLAGGED,,,,HeCBench/results/llvm17_inject/entropy/float/site195_bit18.out,,,,,,,,,,,,,,,,
195,19,MASKED,MASKED_UNFLAGGED,,,,HeCBench/results/llvm17_inject/entropy/float/site195_bit19.out,,,,,,,,,,,,,,,,
195,20,MASKED,MASKED_UNFLAGGED,,,,HeCBench/results/llvm17_inject/entropy/float/site195_bit20.out,,,,,,,,,,,,,,,,
195,21,MASKED,MASKED_UNFLAGGED,,,,HeCBench/results/llvm17_inject/entropy/float/site195_bit21.out,,,,,,,,,,,,,,,,
195,22,MASKED,MASKED_UNFLAGGED,,,,HeCBench/results/llvm17_inject/entropy/float/site195_bit22.out,,,,,,,,,,,,,,,,
195,23,MASKED,MASKED_UNFLAGGED,,,,HeCBench/results/llvm17_inject/entropy/float/site195_bit23.out,,,,,,,,,,,,,,,,
195,24,MASKED,MASKED_UNFLAGGED,,,,HeCBench/results/llvm17_inject/entropy/float/site195_bit24.out,,,,,,,,,,,,,,,,
195,25,MASKED,MASKED_UNFLAGGED,,,,HeCBench/results/llvm17_inject/entropy/float/site195_bit25.out,,,,,,,,,,,,,,,,
195,26,MASKED,MASKED_UNFLAGGED,,,,HeCBench/results/llvm17_inject/entropy/float/site195_bit26.out,,,,,,,,,,,,,,,,
195,27,MASKED,MASKED_UNFLAGGED,,,,HeCBench/results/llvm17_inject/entropy/float/site195_bit27.out,,,,,,,,,,,,,,,,
195,28,MASKED,MASKED_UNFLAGGED,,,,HeCBench/results/llvm17_inject/entropy/float/site195_bit28.out,,,,,,,,,,,,,,,,
195,29,MASKED,MASKED_UNFLAGGED,,,,HeCBench/results/llvm17_inject/entropy/float/site195_bit29.out,,,,,,,,,,,,,,,,
195,30,MASKED,MASKED_UNFLAGGED,,,,HeCBench/results/llvm17_inject/entropy/float/site195_bit30.out,,,,,,,,,,,,,,,,
195,31,MASKED,MASKED_UNFLAGGED,,,,HeCBench/results/llvm17_inject/entropy/float/site195_bit31.out,,,,,,,,,,,,,,,,
196,0,MASKED,MASKED_UNFLAGGED,,,,HeCBench/results/llvm17_inject/entropy/float/site196_bit0.out,,,,,,,,,,,,,,,,
196,1,MASKED,MASKED_UNFLAGGED,,,,HeCBench/results/llvm17_inject/entropy/float/site196_bit1.out,,,,,,,,,,,,,,,,
196,2,MASKED,MASKED_UNFLAGGED,,,,HeCBench/results/llvm17_inject/entropy/float/site196_bit2.out,,,,,,,,,,,,,,,,
196,3,MASKED,MASKED_UNFLAGGED,,,,HeCBench/results/llvm17_inject/entropy/float/site196_bit3.out,,,,,,,,,,,,,,,,
196,4,MASKED,MASKED_UNFLAGGED,,,,HeCBench/results/llvm17_inject/entropy/float/site196_bit4.out,,,,,,,,,,,,,,,,
196,5,MASKED,MASKED_UNFLAGGED,,,,HeCBench/results/llvm17_inject/entropy/float/site196_bit5.out,,,,,,,,,,,,,,,,
196,6,MASKED,MASKED_UNFLAGGED,,,,HeCBench/results/llvm17_inject/entropy/float/site196_bit6.out,,,,,,,,,,,,,,,,
196,7,MASKED,MASKED_UNFLAGGED,,,,HeCBench/results/llvm17_inject/entropy/float/site196_bit7.out,,,,,,,,,,,,,,,,
196,8,MASKED,MASKED_UNFLAGGED,,,,HeCBench/results/llvm17_inject/entropy/float/site196_bit8.out,,,,,,,,,,,,,,,,
196,9,MASKED,MASKED_UNFLAGGED,,,,HeCBench/results/llvm17_inject/entropy/float/site196_bit9.out,,,,,,,,,,,,,,,,
196,10,MASKED,MASKED_UNFLAGGED,,,,HeCBench/results/llvm17_inject/entropy/float/site196_bit10.out,,,,,,,,,,,,,,,,
196,11,MASKED,MASKED_UNFLAGGED,,,,HeCBench/results/llvm17_inject/entropy/float/site196_bit11.out,,,,,,,,,,,,,,,,
196,12,MASKED,MASKED_UNFLAGGED,,,,HeCBench/results/llvm17_inject/entropy/float/site196_bit12.out,,,,,,,,,,,,,,,,
196,13,MASKED,MASKED_UNFLAGGED,,,,HeCBench/results/llvm17_inject/entropy/float/site196_bit13.out,,,,,,,,,,,,,,,,
196,14,MASKED,MASKED_UNFLAGGED,,,,HeCBench/results/llvm17_inject/entropy/float/site196_bit14.out,,,,,,,,,,,,,,,,
196,15,MASKED,MASKED_UNFLAGGED,,,,HeCBench/results/llvm17_inject/entropy/float/site196_bit15.out,,,,,,,,,,,,,,,,
196,16,MASKED,MASKED_UNFLAGGED,,,,HeCBench/results/llvm17_inject/entropy/float/site196_bit16.out,,,,,,,,,,,,,,,,
196,17,MASKED,MASKED_UNFLAGGED,,,,HeCBench/results/llvm17_inject/entropy/float/site196_bit17.out,,,,,,,,,,,,,,,,
196,18,MASKED,MASKED_UNFLAGGED,,,,HeCBench/results/llvm17_inject/entropy/float/site196_bit18.out,,,,,,,,,,,,,,,,
196,19,MASKED,MASKED_UNFLAGGED,,,,HeCBench/results/llvm17_inject/entropy/float/site196_bit19.out,,,,,,,,,,,,,,,,
196,20,MASKED,MASKED_UNFLAGGED,,,,HeCBench/results/llvm17_inject/entropy/float/site196_bit20.out,,,,,,,,,,,,,,,,
196,21,MASKED,MASKED_UNFLAGGED,,,,HeCBench/results/llvm17_inject/entropy/float/site196_bit21.out,,,,,,,,,,,,,,,,
196,22,MASKED,MASKED_UNFLAGGED,,,,HeCBench/results/llvm17_inject/entropy/float/site196_bit22.out,,,,,,,,,,,,,,,,
196,23,MASKED,MASKED_UNFLAGGED,,,,HeCBench/results/llvm17_inject/entropy/float/site196_bit23.out,,,,,,,,,,,,,,,,
196,24,MASKED,MASKED_UNFLAGGED,,,,HeCBench/results/llvm17_inject/entropy/float/site196_bit24.out,,,,,,,,,,,,,,,,
196,25,MASKED,MASKED_UNFLAGGED,,,,HeCBench/results/llvm17_inject/entropy/float/site196_bit25.out,,,,,,,,,,,,,,,,
196,26,MASKED,MASKED_UNFLAGGED,,,,HeCBench/results/llvm17_inject/entropy/float/site196_bit26.out,,,,,,,,,,,,,,,,
196,27,MASKED,MASKED_UNFLAGGED,,,,HeCBench/results/llvm17_inject/entropy/float/site196_bit27.out,,,,,,,,,,,,,,,,
196,28,MASKED,MASKED_UNFLAGGED,,,,HeCBench/results/llvm17_inject/entropy/float/site196_bit28.out,,,,,,,,,,,,,,,,
196,29,MASKED,MASKED_UNFLAGGED,,,,HeCBench/results/llvm17_inject/entropy/float/site196_bit29.out,,,,,,,,,,,,,,,,
196,30,MASKED,MASKED_UNFLAGGED,,,,HeCBench/results/llvm17_inject/entropy/float/site196_bit30.out,,,,,,,,,,,,,,,,
196,31,MASKED,MASKED_UNFLAGGED,,,,HeCBench/results/llvm17_inject/entropy/float/site196_bit31.out,,,,,,,,,,,,,,,,
197,0,MASKED,MASKED_UNFLAGGED,,,,HeCBench/results/llvm17_inject/entropy/float/site197_bit0.out,,,,,,,,,,,,,,,,
197,1,MASKED,MASKED_UNFLAGGED,,,,HeCBench/results/llvm17_inject/entropy/float/site197_bit1.out,,,,,,,,,,,,,,,,
197,2,MASKED,MASKED_UNFLAGGED,,,,HeCBench/results/llvm17_inject/entropy/float/site197_bit2.out,,,,,,,,,,,,,,,,
197,3,MASKED,MASKED_UNFLAGGED,,,,HeCBench/results/llvm17_inject/entropy/float/site197_bit3.out,,,,,,,,,,,,,,,,
197,4,MASKED,MASKED_UNFLAGGED,,,,HeCBench/results/llvm17_inject/entropy/float/site197_bit4.out,,,,,,,,,,,,,,,,
197,5,MASKED,MASKED_UNFLAGGED,,,,HeCBench/results/llvm17_inject/entropy/float/site197_bit5.out,,,,,,,,,,,,,,,,
197,6,MASKED,MASKED_UNFLAGGED,,,,HeCBench/results/llvm17_inject/entropy/float/site197_bit6.out,,,,,,,,,,,,,,,,
197,7,MASKED,MASKED_UNFLAGGED,,,,HeCBench/results/llvm17_inject/entropy/float/site197_bit7.out,,,,,,,,,,,,,,,,
197,8,MASKED,MASKED_UNFLAGGED,,,,HeCBench/results/llvm17_inject/entropy/float/site197_bit8.out,,,,,,,,,,,,,,,,
197,9,MASKED,MASKED_UNFLAGGED,,,,HeCBench/results/llvm17_inject/entropy/float/site197_bit9.out,,,,,,,,,,,,,,,,
197,10,MASKED,MASKED_UNFLAGGED,,,,HeCBench/results/llvm17_inject/entropy/float/site197_bit10.out,,,,,,,,,,,,,,,,
197,11,MASKED,MASKED_UNFLAGGED,,,,HeCBench/results/llvm17_inject/entropy/float/site197_bit11.out,,,,,,,,,,,,,,,,
197,12,MASKED,MASKED_UNFLAGGED,,,,HeCBench/results/llvm17_inject/entropy/float/site197_bit12.out,,,,,,,,,,,,,,,,
197,13,MASKED,MASKED_UNFLAGGED,,,,HeCBench/results/llvm17_inject/entropy/float/site197_bit13.out,,,,,,,,,,,,,,,,
197,14,MASKED,MASKED_UNFLAGGED,,,,HeCBench/results/llvm17_inject/entropy/float/site197_bit14.out,,,,,,,,,,,,,,,,
197,15,MASKED,MASKED_UNFLAGGED,,,,HeCBench/results/llvm17_inject/entropy/float/site197_bit15.out,,,,,,,,,,,,,,,,
197,16,MASKED,MASKED_UNFLAGGED,,,,HeCBench/results/llvm17_inject/entropy/float/site197_bit16.out,,,,,,,,,,,,,,,,
197,17,MASKED,MASKED_UNFLAGGED,,,,HeCBench/results/llvm17_inject/entropy/float/site197_bit17.out,,,,,,,,,,,,,,,,
197,18,MASKED,MASKED_UNFLAGGED,,,,HeCBench/results/llvm17_inject/entropy/float/site197_bit18.out,,,,,,,,,,,,,,,,
197,19,MASKED,MASKED_UNFLAGGED,,,,HeCBench/results/llvm17_inject/entropy/float/site197_bit19.out,,,,,,,,,,,,,,,,
197,20,MASKED,MASKED_UNFLAGGED,,,,HeCBench/results/llvm17_inject/entropy/float/site197_bit20.out,,,,,,,,,,,,,,,,
197,21,MASKED,MASKED_UNFLAGGED,,,,HeCBench/results/llvm17_inject/entropy/float/site197_bit21.out,,,,,,,,,,,,,,,,
197,22,MASKED,MASKED_UNFLAGGED,,,,HeCBench/results/llvm17_inject/entropy/float/site197_bit22.out,,,,,,,,,,,,,,,,
197,23,MASKED,MASKED_UNFLAGGED,,,,HeCBench/results/llvm17_inject/entropy/float/site197_bit23.out,,,,,,,,,,,,,,,,
197,24,MASKED,MASKED_UNFLAGGED,,,,HeCBench/results/llvm17_inject/entropy/float/site197_bit24.out,,,,,,,,,,,,,,,,
197,25,MASKED,MASKED_UNFLAGGED,,,,HeCBench/results/llvm17_inject/entropy/float/site197_bit25.out,,,,,,,,,,,,,,,,
197,26,MASKED,MASKED_UNFLAGGED,,,,HeCBench/results/llvm17_inject/entropy/float/site197_bit26.out,,,,,,,,,,,,,,,,
197,27,MASKED,MASKED_UNFLAGGED,,,,HeCBench/results/llvm17_inject/entropy/float/site197_bit27.out,,,,,,,,,,,,,,,,
197,28,MASKED,MASKED_UNFLAGGED,,,,HeCBench/results/llvm17_inject/entropy/float/site197_bit28.out,,,,,,,,,,,,,,,,
197,29,MASKED,MASKED_UNFLAGGED,,,,HeCBench/results/llvm17_inject/entropy/float/site197_bit29.out,,,,,,,,,,,,,,,,
197,30,MASKED,MASKED_UNFLAGGED,,,,HeCBench/results/llvm17_inject/entropy/float/site197_bit30.out,,,,,,,,,,,,,,,,
197,31,MASKED,MASKED_UNFLAGGED,,,,HeCBench/results/llvm17_inject/entropy/float/site197_bit31.out,,,,,,,,,,,,,,,,
199,0,MASKED,MASKED_UNFLAGGED,,,,HeCBench/results/llvm17_inject/entropy/float/site199_bit0.out,,,,,,,,,,,,,,,,
199,1,MASKED,MASKED_UNFLAGGED,,,,HeCBench/results/llvm17_inject/entropy/float/site199_bit1.out,,,,,,,,,,,,,,,,
199,2,MASKED,MASKED_UNFLAGGED,,,,HeCBench/results/llvm17_inject/entropy/float/site199_bit2.out,,,,,,,,,,,,,,,,
199,3,MASKED,MASKED_UNFLAGGED,,,,HeCBench/results/llvm17_inject/entropy/float/site199_bit3.out,,,,,,,,,,,,,,,,
199,4,MASKED,MASKED_UNFLAGGED,,,,HeCBench/results/llvm17_inject/entropy/float/site199_bit4.out,,,,,,,,,,,,,,,,
199,5,MASKED,MASKED_UNFLAGGED,,,,HeCBench/results/llvm17_inject/entropy/float/site199_bit5.out,,,,,,,,,,,,,,,,
199,6,MASKED,MASKED_UNFLAGGED,,,,HeCBench/results/llvm17_inject/entropy/float/site199_bit6.out,,,,,,,,,,,,,,,,
199,7,MASKED,MASKED_UNFLAGGED,,,,HeCBench/results/llvm17_inject/entropy/float/site199_bit7.out,,,,,,,,,,,,,,,,
199,8,MASKED,MASKED_UNFLAGGED,,,,HeCBench/results/llvm17_inject/entropy/float/site199_bit8.out,,,,,,,,,,,,,,,,
199,9,MASKED,MASKED_UNFLAGGED,,,,HeCBench/results/llvm17_inject/entropy/float/site199_bit9.out,,,,,,,,,,,,,,,,
199,10,MASKED,MASKED_UNFLAGGED,,,,HeCBench/results/llvm17_inject/entropy/float/site199_bit10.out,,,,,,,,,,,,,,,,
199,11,MASKED,MASKED_UNFLAGGED,,,,HeCBench/results/llvm17_inject/entropy/float/site199_bit11.out,,,,,,,,,,,,,,,,
199,12,MASKED,MASKED_UNFLAGGED,,,,HeCBench/results/llvm17_inject/entropy/float/site199_bit12.out,,,,,,,,,,,,,,,,
199,13,MASKED,MASKED_UNFLAGGED,,,,HeCBench/results/llvm17_inject/entropy/float/site199_bit13.out,,,,,,,,,,,,,,,,
199,14,MASKED,MASKED_UNFLAGGED,,,,HeCBench/results/llvm17_inject/entropy/float/site199_bit14.out,,,,,,,,,,,,,,,,
199,15,MASKED,MASKED_UNFLAGGED,,,,HeCBench/results/llvm17_inject/entropy/float/site199_bit15.out,,,,,,,,,,,,,,,,
199,16,MASKED,MASKED_UNFLAGGED,,,,HeCBench/results/llvm17_inject/entropy/float/site199_bit16.out,,,,,,,,,,,,,,,,
199,17,MASKED,MASKED_UNFLAGGED,,,,HeCBench/results/llvm17_inject/entropy/float/site199_bit17.out,,,,,,,,,,,,,,,,
199,18,MASKED,MASKED_UNFLAGGED,,,,HeCBench/results/llvm17_inject/entropy/float/site199_bit18.out,,,,,,,,,,,,,,,,
199,19,MASKED,MASKED_UNFLAGGED,,,,HeCBench/results/llvm17_inject/entropy/float/site199_bit19.out,,,,,,,,,,,,,,,,
199,20,MASKED,MASKED_UNFLAGGED,,,,HeCBench/results/llvm17_inject/entropy/float/site199_bit20.out,,,,,,,,,,,,,,,,
199,21,MASKED,MASKED_UNFLAGGED,,,,HeCBench/results/llvm17_inject/entropy/float/site199_bit21.out,,,,,,,,,,,,,,,,
199,22,MASKED,MASKED_UNFLAGGED,,,,HeCBench/results/llvm17_inject/entropy/float/site199_bit22.out,,,,,,,,,,,,,,,,
199,23,MASKED,MASKED_UNFLAGGED,,,,HeCBench/results/llvm17_inject/entropy/float/site199_bit23.out,,,,,,,,,,,,,,,,
199,24,MASKED,MASKED_UNFLAGGED,,,,HeCBench/results/llvm17_inject/entropy/float/site199_bit24.out,,,,,,,,,,,,,,,,
199,25,MASKED,MASKED_UNFLAGGED,,,,HeCBench/results/llvm17_inject/entropy/float/site199_bit25.out,,,,,,,,,,,,,,,,
199,26,MASKED,MASKED_UNFLAGGED,,,,HeCBench/results/llvm17_inject/entropy/float/site199_bit26.out,,,,,,,,,,,,,,,,
199,27,MASKED,MASKED_UNFLAGGED,,,,HeCBench/results/llvm17_inject/entropy/float/site199_bit27.out,,,,,,,,,,,,,,,,
199,28,MASKED,MASKED_UNFLAGGED,,,,HeCBench/results/llvm17_inject/entropy/float/site199_bit28.out,,,,,,,,,,,,,,,,
199,29,MASKED,MASKED_UNFLAGGED,,,,HeCBench/results/llvm17_inject/entropy/float/site199_bit29.out,,,,,,,,,,,,,,,,
199,30,MASKED,MASKED_UNFLAGGED,,,,HeCBench/results/llvm17_inject/entropy/float/site199_bit30.out,,,,,,,,,,,,,,,,
199,31,MASKED,MASKED_UNFLAGGED,,,,HeCBench/results/llvm17_inject/entropy/float/site199_bit31.out,,,,,,,,,,,,,,,,
201,0,MASKED,MASKED_UNFLAGGED,,,,HeCBench/results/llvm17_inject/entropy/float/site201_bit0.out,,,,,,,,,,,,,,,,
201,1,MASKED,MASKED_UNFLAGGED,,,,HeCBench/results/llvm17_inject/entropy/float/site201_bit1.out,,,,,,,,,,,,,,,,
201,2,MASKED,MASKED_UNFLAGGED,,,,HeCBench/results/llvm17_inject/entropy/float/site201_bit2.out,,,,,,,,,,,,,,,,
201,3,MASKED,MASKED_UNFLAGGED,,,,HeCBench/results/llvm17_inject/entropy/float/site201_bit3.out,,,,,,,,,,,,,,,,
201,4,MASKED,MASKED_UNFLAGGED,,,,HeCBench/results/llvm17_inject/entropy/float/site201_bit4.out,,,,,,,,,,,,,,,,
201,5,MASKED,MASKED_UNFLAGGED,,,,HeCBench/results/llvm17_inject/entropy/float/site201_bit5.out,,,,,,,,,,,,,,,,
201,6,MASKED,MASKED_UNFLAGGED,,,,HeCBench/results/llvm17_inject/entropy/float/site201_bit6.out,,,,,,,,,,,,,,,,
201,7,MASKED,MASKED_UNFLAGGED,,,,HeCBench/results/llvm17_inject/entropy/float/site201_bit7.out,,,,,,,,,,,,,,,,
201,8,MASKED,MASKED_UNFLAGGED,,,,HeCBench/results/llvm17_inject/entropy/float/site201_bit8.out,,,,,,,,,,,,,,,,
201,9,MASKED,MASKED_UNFLAGGED,,,,HeCBench/results/llvm17_inject/entropy/float/site201_bit9.out,,,,,,,,,,,,,,,,
201,10,MASKED,MASKED_UNFLAGGED,,,,HeCBench/results/llvm17_inject/entropy/float/site201_bit10.out,,,,,,,,,,,,,,,,
201,11,MASKED,MASKED_UNFLAGGED,,,,HeCBench/results/llvm17_inject/entropy/float/site201_bit11.out,,,,,,,,,,,,,,,,
201,12,MASKED,MASKED_UNFLAGGED,,,,HeCBench/results/llvm17_inject/entropy/float/site201_bit12.out,,,,,,,,,,,,,,,,
201,13,MASKED,MASKED_UNFLAGGED,,,,HeCBench/results/llvm17_inject/entropy/float/site201_bit13.out,,,,,,,,,,,,,,,,
201,14,MASKED,MASKED_UNFLAGGED,,,,HeCBench/results/llvm17_inject/entropy/float/site201_bit14.out,,,,,,,,,,,,,,,,
201,15,MASKED,MASKED_UNFLAGGED,,,,HeCBench/results/llvm17_inject/entropy/float/site201_bit15.out,,,,,,,,,,,,,,,,
201,16,MASKED,MASKED_UNFLAGGED,,,,HeCBench/results/llvm17_inject/entropy/float/site201_bit16.out,,,,,,,,,,,,,,,,
201,17,MASKED,MASKED_UNFLAGGED,,,,HeCBench/results/llvm17_inject/entropy/float/site201_bit17.out,,,,,,,,,,,,,,,,
201,18,MASKED,MASKED_UNFLAGGED,,,,HeCBench/results/llvm17_inject/entropy/float/site201_bit18.out,,,,,,,,,,,,,,,,
201,19,MASKED,MASKED_UNFLAGGED,,,,HeCBench/results/llvm17_inject/entropy/float/site201_bit19.out,,,,,,,,,,,,,,,,
201,20,MASKED,MASKED_UNFLAGGED,,,,HeCBench/results/llvm17_inject/entropy/float/site201_bit20.out,,,,,,,,,,,,,,,,
201,21,MASKED,MASKED_UNFLAGGED,,,,HeCBench/results/llvm17_inject/entropy/float/site201_bit21.out,,,,,,,,,,,,,,,,
201,22,MASKED,MASKED_UNFLAGGED,,,,HeCBench/results/llvm17_inject/entropy/float/site201_bit22.out,,,,,,,,,,,,,,,,
201,23,MASKED,MASKED_UNFLAGGED,,,,HeCBench/results/llvm17_inject/entropy/float/site201_bit23.out,,,,,,,,,,,,,,,,
201,24,MASKED,MASKED_UNFLAGGED,,,,HeCBench/results/llvm17_inject/entropy/float/site201_bit24.out,,,,,,,,,,,,,,,,
201,25,MASKED,MASKED_UNFLAGGED,,,,HeCBench/results/llvm17_inject/entropy/float/site201_bit25.out,,,,,,,,,,,,,,,,
201,26,MASKED,MASKED_UNFLAGGED,,,,HeCBench/results/llvm17_inject/entropy/float/site201_bit26.out,,,,,,,,,,,,,,,,
201,27,MASKED,MASKED_UNFLAGGED,,,,HeCBench/results/llvm17_inject/entropy/float/site201_bit27.out,,,,,,,,,,,,,,,,
201,28,MASKED,MASKED_UNFLAGGED,,,,HeCBench/results/llvm17_inject/entropy/float/site201_bit28.out,,,,,,,,,,,,,,,,
201,29,MASKED,MASKED_UNFLAGGED,,,,HeCBench/results/llvm17_inject/entropy/float/site201_bit29.out,,,,,,,,,,,,,,,,
201,30,MASKED,MASKED_UNFLAGGED,,,,HeCBench/results/llvm17_inject/entropy/float/site201_bit30.out,,,,,,,,,,,,,,,,
201,31,MASKED,MASKED_UNFLAGGED,,,,HeCBench/results/llvm17_inject/entropy/float/site201_bit31.out,,,,,,,,,,,,,,,,
202,0,MASKED,MASKED_UNFLAGGED,,,,HeCBench/results/llvm17_inject/entropy/float/site202_bit0.out,,,,,,,,,,,,,,,,
202,1,MASKED,MASKED_UNFLAGGED,,,,HeCBench/results/llvm17_inject/entropy/float/site202_bit1.out,,,,,,,,,,,,,,,,
202,2,MASKED,MASKED_UNFLAGGED,,,,HeCBench/results/llvm17_inject/entropy/float/site202_bit2.out,,,,,,,,,,,,,,,,
202,3,MASKED,MASKED_UNFLAGGED,,,,HeCBench/results/llvm17_inject/entropy/float/site202_bit3.out,,,,,,,,,,,,,,,,
202,4,MASKED,MASKED_UNFLAGGED,,,,HeCBench/results/llvm17_inject/entropy/float/site202_bit4.out,,,,,,,,,,,,,,,,
202,5,MASKED,MASKED_UNFLAGGED,,,,HeCBench/results/llvm17_inject/entropy/float/site202_bit5.out,,,,,,,,,,,,,,,,
202,6,MASKED,MASKED_UNFLAGGED,,,,HeCBench/results/llvm17_inject/entropy/float/site202_bit6.out,,,,,,,,,,,,,,,,
202,7,MASKED,MASKED_UNFLAGGED,,,,HeCBench/results/llvm17_inject/entropy/float/site202_bit7.out,,,,,,,,,,,,,,,,
202,8,MASKED,MASKED_UNFLAGGED,,,,HeCBench/results/llvm17_inject/entropy/float/site202_bit8.out,,,,,,,,,,,,,,,,
202,9,MASKED,MASKED_UNFLAGGED,,,,HeCBench/results/llvm17_inject/entropy/float/site202_bit9.out,,,,,,,,,,,,,,,,
202,10,MASKED,MASKED_UNFLAGGED,,,,HeCBench/results/llvm17_inject/entropy/float/site202_bit10.out,,,,,,,,,,,,,,,,
202,11,MASKED,MASKED_UNFLAGGED,,,,HeCBench/results/llvm17_inject/entropy/float/site202_bit11.out,,,,,,,,,,,,,,,,
202,12,MASKED,MASKED_UNFLAGGED,,,,HeCBench/results/llvm17_inject/entropy/float/site202_bit12.out,,,,,,,,,,,,,,,,
202,13,MASKED,MASKED_UNFLAGGED,,,,HeCBench/results/llvm17_inject/entropy/float/site202_bit13.out,,,,,,,,,,,,,,,,
202,14,MASKED,MASKED_UNFLAGGED,,,,HeCBench/results/llvm17_inject/entropy/float/site202_bit14.out,,,,,,,,,,,,,,,,
202,15,MASKED,MASKED_UNFLAGGED,,,,HeCBench/results/llvm17_inject/entropy/float/site202_bit15.out,,,,,,,,,,,,,,,,
202,16,MASKED,MASKED_UNFLAGGED,,,,HeCBench/results/llvm17_inject/entropy/float/site202_bit16.out,,,,,,,,,,,,,,,,
202,17,MASKED,MASKED_UNFLAGGED,,,,HeCBench/results/llvm17_inject/entropy/float/site202_bit17.out,,,,,,,,,,,,,,,,
202,18,MASKED,MASKED_UNFLAGGED,,,,HeCBench/results/llvm17_inject/entropy/float/site202_bit18.out,,,,,,,,,,,,,,,,
202,19,MASKED,MASKED_UNFLAGGED,,,,HeCBench/results/llvm17_inject/entropy/float/site202_bit19.out,,,,,,,,,,,,,,,,
202,20,MASKED,MASKED_UNFLAGGED,,,,HeCBench/results/llvm17_inject/entropy/float/site202_bit20.out,,,,,,,,,,,,,,,,
202,21,MASKED,MASKED_UNFLAGGED,,,,HeCBench/results/llvm17_inject/entropy/float/site202_bit21.out,,,,,,,,,,,,,,,,
202,22,MASKED,MASKED_UNFLAGGED,,,,HeCBench/results/llvm17_inject/entropy/float/site202_bit22.out,,,,,,,,,,,,,,,,
202,23,MASKED,MASKED_UNFLAGGED,,,,HeCBench/results/llvm17_inject/entropy/float/site202_bit23.out,,,,,,,,,,,,,,,,
202,24,MASKED,MASKED_UNFLAGGED,,,,HeCBench/results/llvm17_inject/entropy/float/site202_bit24.out,,,,,,,,,,,,,,,,
202,25,MASKED,MASKED_UNFLAGGED,,,,HeCBench/results/llvm17_inject/entropy/float/site202_bit25.out,,,,,,,,,,,,,,,,
202,26,MASKED,MASKED_UNFLAGGED,,,,HeCBench/results/llvm17_inject/entropy/float/site202_bit26.out,,,,,,,,,,,,,,,,
202,27,MASKED,MASKED_UNFLAGGED,,,,HeCBench/results/llvm17_inject/entropy/float/site202_bit27.out,,,,,,,,,,,,,,,,
202,28,MASKED,MASKED_UNFLAGGED,,,,HeCBench/results/llvm17_inject/entropy/float/site202_bit28.out,,,,,,,,,,,,,,,,
202,29,MASKED,MASKED_UNFLAGGED,,,,HeCBench/results/llvm17_inject/entropy/float/site202_bit29.out,,,,,,,,,,,,,,,,
202,30,MASKED,MASKED_UNFLAGGED,,,,HeCBench/results/llvm17_inject/entropy/float/site202_bit30.out,,,,,,,,,,,,,,,,
202,31,MASKED,MASKED_UNFLAGGED,,,,HeCBench/results/llvm17_inject/entropy/float/site202_bit31.out,,,,,,,,,,,,,,,,
204,0,MASKED,MASKED_UNFLAGGED,,,,HeCBench/results/llvm17_inject/entropy/float/site204_bit0.out,,,,,,,,,,,,,,,,
204,1,MASKED,MASKED_UNFLAGGED,,,,HeCBench/results/llvm17_inject/entropy/float/site204_bit1.out,,,,,,,,,,,,,,,,
204,2,MASKED,MASKED_UNFLAGGED,,,,HeCBench/results/llvm17_inject/entropy/float/site204_bit2.out,,,,,,,,,,,,,,,,
204,3,MASKED,MASKED_UNFLAGGED,,,,HeCBench/results/llvm17_inject/entropy/float/site204_bit3.out,,,,,,,,,,,,,,,,
204,4,MASKED,MASKED_UNFLAGGED,,,,HeCBench/results/llvm17_inject/entropy/float/site204_bit4.out,,,,,,,,,,,,,,,,
204,5,MASKED,MASKED_UNFLAGGED,,,,HeCBench/results/llvm17_inject/entropy/float/site204_bit5.out,,,,,,,,,,,,,,,,
204,6,MASKED,MASKED_UNFLAGGED,,,,HeCBench/results/llvm17_inject/entropy/float/site204_bit6.out,,,,,,,,,,,,,,,,
204,7,MASKED,MASKED_UNFLAGGED,,,,HeCBench/results/llvm17_inject/entropy/float/site204_bit7.out,,,,,,,,,,,,,,,,
204,8,MASKED,MASKED_UNFLAGGED,,,,HeCBench/results/llvm17_inject/entropy/float/site204_bit8.out,,,,,,,,,,,,,,,,
204,9,MASKED,MASKED_UNFLAGGED,,,,HeCBench/results/llvm17_inject/entropy/float/site204_bit9.out,,,,,,,,,,,,,,,,
204,10,MASKED,MASKED_UNFLAGGED,,,,HeCBench/results/llvm17_inject/entropy/float/site204_bit10.out,,,,,,,,,,,,,,,,
204,11,MASKED,MASKED_UNFLAGGED,,,,HeCBench/results/llvm17_inject/entropy/float/site204_bit11.out,,,,,,,,,,,,,,,,
204,12,MASKED,MASKED_UNFLAGGED,,,,HeCBench/results/llvm17_inject/entropy/float/site204_bit12.out,,,,,,,,,,,,,,,,
204,13,MASKED,MASKED_UNFLAGGED,,,,HeCBench/results/llvm17_inject/entropy/float/site204_bit13.out,,,,,,,,,,,,,,,,
204,14,MASKED,MASKED_UNFLAGGED,,,,HeCBench/results/llvm17_inject/entropy/float/site204_bit14.out,,,,,,,,,,,,,,,,
204,15,MASKED,MASKED_UNFLAGGED,,,,HeCBench/results/llvm17_inject/entropy/float/site204_bit15.out,,,,,,,,,,,,,,,,
204,16,MASKED,MASKED_UNFLAGGED,,,,HeCBench/results/llvm17_inject/entropy/float/site204_bit16.out,,,,,,,,,,,,,,,,
204,17,MASKED,MASKED_UNFLAGGED,,,,HeCBench/results/llvm17_inject/entropy/float/site204_bit17.out,,,,,,,,,,,,,,,,
204,18,MASKED,MASKED_UNFLAGGED,,,,HeCBench/results/llvm17_inject/entropy/float/site204_bit18.out,,,,,,,,,,,,,,,,
204,19,MASKED,MASKED_UNFLAGGED,,,,HeCBench/results/llvm17_inject/entropy/float/site204_bit19.out,,,,,,,,,,,,,,,,
204,20,MASKED,MASKED_UNFLAGGED,,,,HeCBench/results/llvm17_inject/entropy/float/site204_bit20.out,,,,,,,,,,,,,,,,
204,21,MASKED,MASKED_UNFLAGGED,,,,HeCBench/results/llvm17_inject/entropy/float/site204_bit21.out,,,,,,,,,,,,,,,,
204,22,MASKED,MASKED_UNFLAGGED,,,,HeCBench/results/llvm17_inject/entropy/float/site204_bit22.out,,,,,,,,,,,,,,,,
204,23,MASKED,MASKED_UNFLAGGED,,,,HeCBench/results/llvm17_inject/entropy/float/site204_bit23.out,,,,,,,,,,,,,,,,
204,24,MASKED,MASKED_UNFLAGGED,,,,HeCBench/results/llvm17_inject/entropy/float/site204_bit24.out,,,,,,,,,,,,,,,,
204,25,MASKED,MASKED_UNFLAGGED,,,,HeCBench/results/llvm17_inject/entropy/float/site204_bit25.out,,,,,,,,,,,,,,,,
204,26,MASKED,MASKED_UNFLAGGED,,,,HeCBench/results/llvm17_inject/entropy/float/site204_bit26.out,,,,,,,,,,,,,,,,
204,27,MASKED,MASKED_UNFLAGGED,,,,HeCBench/results/llvm17_inject/entropy/float/site204_bit27.out,,,,,,,,,,,,,,,,
204,28,MASKED,MASKED_UNFLAGGED,,,,HeCBench/results/llvm17_inject/entropy/float/site204_bit28.out,,,,,,,,,,,,,,,,
204,29,MASKED,MASKED_UNFLAGGED,,,,HeCBench/results/llvm17_inject/entropy/float/site204_bit29.out,,,,,,,,,,,,,,,,
204,30,MASKED,MASKED_UNFLAGGED,,,,HeCBench/results/llvm17_inject/entropy/float/site204_bit30.out,,,,,,,,,,,,,,,,
204,31,MASKED,MASKED_UNFLAGGED,,,,HeCBench/results/llvm17_inject/entropy/float/site204_bit31.out,,,,,,,,,,,,,,,,
205,0,MASKED,MASKED_UNFLAGGED,,,,HeCBench/results/llvm17_inject/entropy/float/site205_bit0.out,,,,,,,,,,,,,,,,
205,1,MASKED,MASKED_UNFLAGGED,,,,HeCBench/results/llvm17_inject/entropy/float/site205_bit1.out,,,,,,,,,,,,,,,,
205,2,MASKED,MASKED_UNFLAGGED,,,,HeCBench/results/llvm17_inject/entropy/float/site205_bit2.out,,,,,,,,,,,,,,,,
205,3,MASKED,MASKED_UNFLAGGED,,,,HeCBench/results/llvm17_inject/entropy/float/site205_bit3.out,,,,,,,,,,,,,,,,
205,4,MASKED,MASKED_UNFLAGGED,,,,HeCBench/results/llvm17_inject/entropy/float/site205_bit4.out,,,,,,,,,,,,,,,,
205,5,MASKED,MASKED_UNFLAGGED,,,,HeCBench/results/llvm17_inject/entropy/float/site205_bit5.out,,,,,,,,,,,,,,,,
205,6,MASKED,MASKED_UNFLAGGED,,,,HeCBench/results/llvm17_inject/entropy/float/site205_bit6.out,,,,,,,,,,,,,,,,
205,7,MASKED,MASKED_UNFLAGGED,,,,HeCBench/results/llvm17_inject/entropy/float/site205_bit7.out,,,,,,,,,,,,,,,,
205,8,MASKED,MASKED_UNFLAGGED,,,,HeCBench/results/llvm17_inject/entropy/float/site205_bit8.out,,,,,,,,,,,,,,,,
205,9,MASKED,MASKED_UNFLAGGED,,,,HeCBench/results/llvm17_inject/entropy/float/site205_bit9.out,,,,,,,,,,,,,,,,
205,10,MASKED,MASKED_UNFLAGGED,,,,HeCBench/results/llvm17_inject/entropy/float/site205_bit10.out,,,,,,,,,,,,,,,,
205,11,MASKED,MASKED_UNFLAGGED,,,,HeCBench/results/llvm17_inject/entropy/float/site205_bit11.out,,,,,,,,,,,,,,,,
205,12,MASKED,MASKED_UNFLAGGED,,,,HeCBench/results/llvm17_inject/entropy/float/site205_bit12.out,,,,,,,,,,,,,,,,
205,13,MASKED,MASKED_UNFLAGGED,,,,HeCBench/results/llvm17_inject/entropy/float/site205_bit13.out,,,,,,,,,,,,,,,,
205,14,MASKED,MASKED_UNFLAGGED,,,,HeCBench/results/llvm17_inject/entropy/float/site205_bit14.out,,,,,,,,,,,,,,,,
205,15,MASKED,MASKED_UNFLAGGED,,,,HeCBench/results/llvm17_inject/entropy/float/site205_bit15.out,,,,,,,,,,,,,,,,
205,16,MASKED,MASKED_UNFLAGGED,,,,HeCBench/results/llvm17_inject/entropy/float/site205_bit16.out,,,,,,,,,,,,,,,,
205,17,MASKED,MASKED_UNFLAGGED,,,,HeCBench/results/llvm17_inject/entropy/float/site205_bit17.out,,,,,,,,,,,,,,,,
205,18,MASKED,MASKED_UNFLAGGED,,,,HeCBench/results/llvm17_inject/entropy/float/site205_bit18.out,,,,,,,,,,,,,,,,
205,19,MASKED,MASKED_UNFLAGGED,,,,HeCBench/results/llvm17_inject/entropy/float/site205_bit19.out,,,,,,,,,,,,,,,,
205,20,MASKED,MASKED_UNFLAGGED,,,,HeCBench/results/llvm17_inject/entropy/float/site205_bit20.out,,,,,,,,,,,,,,,,
205,21,MASKED,MASKED_UNFLAGGED,,,,HeCBench/results/llvm17_inject/entropy/float/site205_bit21.out,,,,,,,,,,,,,,,,
205,22,MASKED,MASKED_UNFLAGGED,,,,HeCBench/results/llvm17_inject/entropy/float/site205_bit22.out,,,,,,,,,,,,,,,,
205,23,MASKED,MASKED_UNFLAGGED,,,,HeCBench/results/llvm17_inject/entropy/float/site205_bit23.out,,,,,,,,,,,,,,,,
205,24,MASKED,MASKED_UNFLAGGED,,,,HeCBench/results/llvm17_inject/entropy/float/site205_bit24.out,,,,,,,,,,,,,,,,
205,25,MASKED,MASKED_UNFLAGGED,,,,HeCBench/results/llvm17_inject/entropy/float/site205_bit25.out,,,,,,,,,,,,,,,,
205,26,MASKED,MASKED_UNFLAGGED,,,,HeCBench/results/llvm17_inject/entropy/float/site205_bit26.out,,,,,,,,,,,,,,,,
205,27,MASKED,MASKED_UNFLAGGED,,,,HeCBench/results/llvm17_inject/entropy/float/site205_bit27.out,,,,,,,,,,,,,,,,
205,28,MASKED,MASKED_UNFLAGGED,,,,HeCBench/results/llvm17_inject/entropy/float/site205_bit28.out,,,,,,,,,,,,,,,,
205,29,MASKED,MASKED_UNFLAGGED,,,,HeCBench/results/llvm17_inject/entropy/float/site205_bit29.out,,,,,,,,,,,,,,,,
205,30,MASKED,MASKED_UNFLAGGED,,,,HeCBench/results/llvm17_inject/entropy/float/site205_bit30.out,,,,,,,,,,,,,,,,
205,31,MASKED,MASKED_UNFLAGGED,,,,HeCBench/results/llvm17_inject/entropy/float/site205_bit31.out,,,,,,,,,,,,,,,,
207,0,MASKED,MASKED_UNFLAGGED,,,,HeCBench/results/llvm17_inject/entropy/float/site207_bit0.out,,,,,,,,,,,,,,,,
207,1,MASKED,MASKED_UNFLAGGED,,,,HeCBench/results/llvm17_inject/entropy/float/site207_bit1.out,,,,,,,,,,,,,,,,
207,2,MASKED,MASKED_UNFLAGGED,,,,HeCBench/results/llvm17_inject/entropy/float/site207_bit2.out,,,,,,,,,,,,,,,,
207,3,MASKED,MASKED_UNFLAGGED,,,,HeCBench/results/llvm17_inject/entropy/float/site207_bit3.out,,,,,,,,,,,,,,,,
207,4,MASKED,MASKED_UNFLAGGED,,,,HeCBench/results/llvm17_inject/entropy/float/site207_bit4.out,,,,,,,,,,,,,,,,
207,5,MASKED,MASKED_UNFLAGGED,,,,HeCBench/results/llvm17_inject/entropy/float/site207_bit5.out,,,,,,,,,,,,,,,,
207,6,MASKED,MASKED_UNFLAGGED,,,,HeCBench/results/llvm17_inject/entropy/float/site207_bit6.out,,,,,,,,,,,,,,,,
207,7,MASKED,MASKED_UNFLAGGED,,,,HeCBench/results/llvm17_inject/entropy/float/site207_bit7.out,,,,,,,,,,,,,,,,
207,8,MASKED,MASKED_UNFLAGGED,,,,HeCBench/results/llvm17_inject/entropy/float/site207_bit8.out,,,,,,,,,,,,,,,,
207,9,MASKED,MASKED_UNFLAGGED,,,,HeCBench/results/llvm17_inject/entropy/float/site207_bit9.out,,,,,,,,,,,,,,,,
207,10,MASKED,MASKED_UNFLAGGED,,,,HeCBench/results/llvm17_inject/entropy/float/site207_bit10.out,,,,,,,,,,,,,,,,
207,11,MASKED,MASKED_UNFLAGGED,,,,HeCBench/results/llvm17_inject/entropy/float/site207_bit11.out,,,,,,,,,,,,,,,,
207,12,MASKED,MASKED_UNFLAGGED,,,,HeCBench/results/llvm17_inject/entropy/float/site207_bit12.out,,,,,,,,,,,,,,,,
207,13,MASKED,MASKED_UNFLAGGED,,,,HeCBench/results/llvm17_inject/entropy/float/site207_bit13.out,,,,,,,,,,,,,,,,
207,14,MASKED,MASKED_UNFLAGGED,,,,HeCBench/results/llvm17_inject/entropy/float/site207_bit14.out,,,,,,,,,,,,,,,,
207,15,MASKED,MASKED_UNFLAGGED,,,,HeCBench/results/llvm17_inject/entropy/float/site207_bit15.out,,,,,,,,,,,,,,,,
207,16,MASKED,MASKED_UNFLAGGED,,,,HeCBench/results/llvm17_inject/entropy/float/site207_bit16.out,,,,,,,,,,,,,,,,
207,17,MASKED,MASKED_UNFLAGGED,,,,HeCBench/results/llvm17_inject/entropy/float/site207_bit17.out,,,,,,,,,,,,,,,,
207,18,MASKED,MASKED_UNFLAGGED,,,,HeCBench/results/llvm17_inject/entropy/float/site207_bit18.out,,,,,,,,,,,,,,,,
207,19,MASKED,MASKED_UNFLAGGED,,,,HeCBench/results/llvm17_inject/entropy/float/site207_bit19.out,,,,,,,,,,,,,,,,
207,20,MASKED,MASKED_UNFLAGGED,,,,HeCBench/results/llvm17_inject/entropy/float/site207_bit20.out,,,,,,,,,,,,,,,,
207,21,MASKED,MASKED_UNFLAGGED,,,,HeCBench/results/llvm17_inject/entropy/float/site207_bit21.out,,,,,,,,,,,,,,,,
207,22,MASKED,MASKED_UNFLAGGED,,,,HeCBench/results/llvm17_inject/entropy/float/site207_bit22.out,,,,,,,,,,,,,,,,
207,23,MASKED,MASKED_UNFLAGGED,,,,HeCBench/results/llvm17_inject/entropy/float/site207_bit23.out,,,,,,,,,,,,,,,,
207,24,MASKED,MASKED_UNFLAGGED,,,,HeCBench/results/llvm17_inject/entropy/float/site207_bit24.out,,,,,,,,,,,,,,,,
207,25,MASKED,MASKED_UNFLAGGED,,,,HeCBench/results/llvm17_inject/entropy/float/site207_bit25.out,,,,,,,,,,,,,,,,
207,26,MASKED,MASKED_UNFLAGGED,,,,HeCBench/results/llvm17_inject/entropy/float/site207_bit26.out,,,,,,,,,,,,,,,,
207,27,MASKED,MASKED_UNFLAGGED,,,,HeCBench/results/llvm17_inject/entropy/float/site207_bit27.out,,,,,,,,,,,,,,,,
207,28,MASKED,MASKED_UNFLAGGED,,,,HeCBench/results/llvm17_inject/entropy/float/site207_bit28.out,,,,,,,,,,,,,,,,
207,29,MASKED,MASKED_UNFLAGGED,,,,HeCBench/results/llvm17_inject/entropy/float/site207_bit29.out,,,,,,,,,,,,,,,,
207,30,MASKED,MASKED_UNFLAGGED,,,,HeCBench/results/llvm17_inject/entropy/float/site207_bit30.out,,,,,,,,,,,,,,,,
207,31,MASKED,MASKED_UNFLAGGED,,,,HeCBench/results/llvm17_inject/entropy/float/site207_bit31.out,,,,,,,,,,,,,,,,
208,0,MASKED,MASKED_UNFLAGGED,,,,HeCBench/results/llvm17_inject/entropy/float/site208_bit0.out,,,,,,,,,,,,,,,,
208,1,MASKED,MASKED_UNFLAGGED,,,,HeCBench/results/llvm17_inject/entropy/float/site208_bit1.out,,,,,,,,,,,,,,,,
208,2,MASKED,MASKED_UNFLAGGED,,,,HeCBench/results/llvm17_inject/entropy/float/site208_bit2.out,,,,,,,,,,,,,,,,
208,3,MASKED,MASKED_UNFLAGGED,,,,HeCBench/results/llvm17_inject/entropy/float/site208_bit3.out,,,,,,,,,,,,,,,,
208,4,MASKED,MASKED_UNFLAGGED,,,,HeCBench/results/llvm17_inject/entropy/float/site208_bit4.out,,,,,,,,,,,,,,,,
208,5,MASKED,MASKED_UNFLAGGED,,,,HeCBench/results/llvm17_inject/entropy/float/site208_bit5.out,,,,,,,,,,,,,,,,
208,6,MASKED,MASKED_UNFLAGGED,,,,HeCBench/results/llvm17_inject/entropy/float/site208_bit6.out,,,,,,,,,,,,,,,,
208,7,MASKED,MASKED_UNFLAGGED,,,,HeCBench/results/llvm17_inject/entropy/float/site208_bit7.out,,,,,,,,,,,,,,,,
208,8,MASKED,MASKED_UNFLAGGED,,,,HeCBench/results/llvm17_inject/entropy/float/site208_bit8.out,,,,,,,,,,,,,,,,
208,9,MASKED,MASKED_UNFLAGGED,,,,HeCBench/results/llvm17_inject/entropy/float/site208_bit9.out,,,,,,,,,,,,,,,,
208,10,MASKED,MASKED_UNFLAGGED,,,,HeCBench/results/llvm17_inject/entropy/float/site208_bit10.out,,,,,,,,,,,,,,,,
208,11,MASKED,MASKED_UNFLAGGED,,,,HeCBench/results/llvm17_inject/entropy/float/site208_bit11.out,,,,,,,,,,,,,,,,
208,12,MASKED,MASKED_UNFLAGGED,,,,HeCBench/results/llvm17_inject/entropy/float/site208_bit12.out,,,,,,,,,,,,,,,,
208,13,MASKED,MASKED_UNFLAGGED,,,,HeCBench/results/llvm17_inject/entropy/float/site208_bit13.out,,,,,,,,,,,,,,,,
208,14,MASKED,MASKED_UNFLAGGED,,,,HeCBench/results/llvm17_inject/entropy/float/site208_bit14.out,,,,,,,,,,,,,,,,
208,15,MASKED,MASKED_UNFLAGGED,,,,HeCBench/results/llvm17_inject/entropy/float/site208_bit15.out,,,,,,,,,,,,,,,,
208,16,MASKED,MASKED_UNFLAGGED,,,,HeCBench/results/llvm17_inject/entropy/float/site208_bit16.out,,,,,,,,,,,,,,,,
208,17,MASKED,MASKED_UNFLAGGED,,,,HeCBench/results/llvm17_inject/entropy/float/site208_bit17.out,,,,,,,,,,,,,,,,
208,18,MASKED,MASKED_UNFLAGGED,,,,HeCBench/results/llvm17_inject/entropy/float/site208_bit18.out,,,,,,,,,,,,,,,,
208,19,MASKED,MASKED_UNFLAGGED,,,,HeCBench/results/llvm17_inject/entropy/float/site208_bit19.out,,,,,,,,,,,,,,,,
208,20,MASKED,MASKED_UNFLAGGED,,,,HeCBench/results/llvm17_inject/entropy/float/site208_bit20.out,,,,,,,,,,,,,,,,
208,21,MASKED,MASKED_UNFLAGGED,,,,HeCBench/results/llvm17_inject/entropy/float/site208_bit21.out,,,,,,,,,,,,,,,,
208,22,MASKED,MASKED_UNFLAGGED,,,,HeCBench/results/llvm17_inject/entropy/float/site208_bit22.out,,,,,,,,,,,,,,,,
208,23,MASKED,MASKED_UNFLAGGED,,,,HeCBench/results/llvm17_inject/entropy/float/site208_bit23.out,,,,,,,,,,,,,,,,
208,24,MASKED,MASKED_UNFLAGGED,,,,HeCBench/results/llvm17_inject/entropy/float/site208_bit24.out,,,,,,,,,,,,,,,,
208,25,MASKED,MASKED_UNFLAGGED,,,,HeCBench/results/llvm17_inject/entropy/float/site208_bit25.out,,,,,,,,,,,,,,,,
208,26,MASKED,MASKED_UNFLAGGED,,,,HeCBench/results/llvm17_inject/entropy/float/site208_bit26.out,,,,,,,,,,,,,,,,
208,27,MASKED,MASKED_UNFLAGGED,,,,HeCBench/results/llvm17_inject/entropy/float/site208_bit27.out,,,,,,,,,,,,,,,,
208,28,MASKED,MASKED_UNFLAGGED,,,,HeCBench/results/llvm17_inject/entropy/float/site208_bit28.out,,,,,,,,,,,,,,,,
208,29,MASKED,MASKED_UNFLAGGED,,,,HeCBench/results/llvm17_inject/entropy/float/site208_bit29.out,,,,,,,,,,,,,,,,
208,30,MASKED,MASKED_UNFLAGGED,,,,HeCBench/results/llvm17_inject/entropy/float/site208_bit30.out,,,,,,,,,,,,,,,,
208,31,MASKED,MASKED_UNFLAGGED,,,,HeCBench/results/llvm17_inject/entropy/float/site208_bit31.out,,,,,,,,,,,,,,,,
209,0,MASKED,MASKED_UNFLAGGED,,,,HeCBench/results/llvm17_inject/entropy/float/site209_bit0.out,,,,,,,,,,,,,,,,
209,1,MASKED,MASKED_UNFLAGGED,,,,HeCBench/results/llvm17_inject/entropy/float/site209_bit1.out,,,,,,,,,,,,,,,,
209,2,MASKED,MASKED_UNFLAGGED,,,,HeCBench/results/llvm17_inject/entropy/float/site209_bit2.out,,,,,,,,,,,,,,,,
209,3,MASKED,MASKED_UNFLAGGED,,,,HeCBench/results/llvm17_inject/entropy/float/site209_bit3.out,,,,,,,,,,,,,,,,
209,4,MASKED,MASKED_UNFLAGGED,,,,HeCBench/results/llvm17_inject/entropy/float/site209_bit4.out,,,,,,,,,,,,,,,,
209,5,MASKED,MASKED_UNFLAGGED,,,,HeCBench/results/llvm17_inject/entropy/float/site209_bit5.out,,,,,,,,,,,,,,,,
209,6,MASKED,MASKED_UNFLAGGED,,,,HeCBench/results/llvm17_inject/entropy/float/site209_bit6.out,,,,,,,,,,,,,,,,
209,7,MASKED,MASKED_UNFLAGGED,,,,HeCBench/results/llvm17_inject/entropy/float/site209_bit7.out,,,,,,,,,,,,,,,,
209,8,MASKED,MASKED_UNFLAGGED,,,,HeCBench/results/llvm17_inject/entropy/float/site209_bit8.out,,,,,,,,,,,,,,,,
209,9,MASKED,MASKED_UNFLAGGED,,,,HeCBench/results/llvm17_inject/entropy/float/site209_bit9.out,,,,,,,,,,,,,,,,
209,10,MASKED,MASKED_UNFLAGGED,,,,HeCBench/results/llvm17_inject/entropy/float/site209_bit10.out,,,,,,,,,,,,,,,,
209,11,MASKED,MASKED_UNFLAGGED,,,,HeCBench/results/llvm17_inject/entropy/float/site209_bit11.out,,,,,,,,,,,,,,,,
209,12,MASKED,MASKED_UNFLAGGED,,,,HeCBench/results/llvm17_inject/entropy/float/site209_bit12.out,,,,,,,,,,,,,,,,
209,13,MASKED,MASKED_UNFLAGGED,,,,HeCBench/results/llvm17_inject/entropy/float/site209_bit13.out,,,,,,,,,,,,,,,,
209,14,MASKED,MASKED_UNFLAGGED,,,,HeCBench/results/llvm17_inject/entropy/float/site209_bit14.out,,,,,,,,,,,,,,,,
209,15,MASKED,MASKED_UNFLAGGED,,,,HeCBench/results/llvm17_inject/entropy/float/site209_bit15.out,,,,,,,,,,,,,,,,
209,16,MASKED,MASKED_UNFLAGGED,,,,HeCBench/results/llvm17_inject/entropy/float/site209_bit16.out,,,,,,,,,,,,,,,,
209,17,MASKED,MASKED_UNFLAGGED,,,,HeCBench/results/llvm17_inject/entropy/float/site209_bit17.out,,,,,,,,,,,,,,,,
209,18,MASKED,MASKED_UNFLAGGED,,,,HeCBench/results/llvm17_inject/entropy/float/site209_bit18.out,,,,,,,,,,,,,,,,
209,19,MASKED,MASKED_UNFLAGGED,,,,HeCBench/results/llvm17_inject/entropy/float/site209_bit19.out,,,,,,,,,,,,,,,,
209,20,MASKED,MASKED_UNFLAGGED,,,,HeCBench/results/llvm17_inject/entropy/float/site209_bit20.out,,,,,,,,,,,,,,,,
209,21,MASKED,MASKED_UNFLAGGED,,,,HeCBench/results/llvm17_inject/entropy/float/site209_bit21.out,,,,,,,,,,,,,,,,
209,22,MASKED,MASKED_UNFLAGGED,,,,HeCBench/results/llvm17_inject/entropy/float/site209_bit22.out,,,,,,,,,,,,,,,,
209,23,MASKED,MASKED_UNFLAGGED,,,,HeCBench/results/llvm17_inject/entropy/float/site209_bit23.out,,,,,,,,,,,,,,,,
209,24,MASKED,MASKED_UNFLAGGED,,,,HeCBench/results/llvm17_inject/entropy/float/site209_bit24.out,,,,,,,,,,,,,,,,
209,25,MASKED,MASKED_UNFLAGGED,,,,HeCBench/results/llvm17_inject/entropy/float/site209_bit25.out,,,,,,,,,,,,,,,,
209,26,MASKED,MASKED_UNFLAGGED,,,,HeCBench/results/llvm17_inject/entropy/float/site209_bit26.out,,,,,,,,,,,,,,,,
209,27,MASKED,MASKED_UNFLAGGED,,,,HeCBench/results/llvm17_inject/entropy/float/site209_bit27.out,,,,,,,,,,,,,,,,
209,28,MASKED,MASKED_UNFLAGGED,,,,HeCBench/results/llvm17_inject/entropy/float/site209_bit28.out,,,,,,,,,,,,,,,,
209,29,MASKED,MASKED_UNFLAGGED,,,,HeCBench/results/llvm17_inject/entropy/float/site209_bit29.out,,,,,,,,,,,,,,,,
209,30,MASKED,MASKED_UNFLAGGED,,,,HeCBench/results/llvm17_inject/entropy/float/site209_bit30.out,,,,,,,,,,,,,,,,
209,31,MASKED,MASKED_UNFLAGGED,,,,HeCBench/results/llvm17_inject/entropy/float/site209_bit31.out,,,,,,,,,,,,,,,,
210,0,MASKED,MASKED_UNFLAGGED,,,,HeCBench/results/llvm17_inject/entropy/float/site210_bit0.out,,,,,,,,,,,,,,,,
210,1,MASKED,MASKED_UNFLAGGED,,,,HeCBench/results/llvm17_inject/entropy/float/site210_bit1.out,,,,,,,,,,,,,,,,
210,2,MASKED,MASKED_UNFLAGGED,,,,HeCBench/results/llvm17_inject/entropy/float/site210_bit2.out,,,,,,,,,,,,,,,,
210,3,MASKED,MASKED_UNFLAGGED,,,,HeCBench/results/llvm17_inject/entropy/float/site210_bit3.out,,,,,,,,,,,,,,,,
210,4,MASKED,MASKED_UNFLAGGED,,,,HeCBench/results/llvm17_inject/entropy/float/site210_bit4.out,,,,,,,,,,,,,,,,
210,5,MASKED,MASKED_UNFLAGGED,,,,HeCBench/results/llvm17_inject/entropy/float/site210_bit5.out,,,,,,,,,,,,,,,,
210,6,MASKED,MASKED_UNFLAGGED,,,,HeCBench/results/llvm17_inject/entropy/float/site210_bit6.out,,,,,,,,,,,,,,,,
210,7,MASKED,MASKED_UNFLAGGED,,,,HeCBench/results/llvm17_inject/entropy/float/site210_bit7.out,,,,,,,,,,,,,,,,
210,8,MASKED,MASKED_UNFLAGGED,,,,HeCBench/results/llvm17_inject/entropy/float/site210_bit8.out,,,,,,,,,,,,,,,,
210,9,MASKED,MASKED_UNFLAGGED,,,,HeCBench/results/llvm17_inject/entropy/float/site210_bit9.out,,,,,,,,,,,,,,,,
210,10,MASKED,MASKED_UNFLAGGED,,,,HeCBench/results/llvm17_inject/entropy/float/site210_bit10.out,,,,,,,,,,,,,,,,
210,11,MASKED,MASKED_UNFLAGGED,,,,HeCBench/results/llvm17_inject/entropy/float/site210_bit11.out,,,,,,,,,,,,,,,,
210,12,MASKED,MASKED_UNFLAGGED,,,,HeCBench/results/llvm17_inject/entropy/float/site210_bit12.out,,,,,,,,,,,,,,,,
210,13,MASKED,MASKED_UNFLAGGED,,,,HeCBench/results/llvm17_inject/entropy/float/site210_bit13.out,,,,,,,,,,,,,,,,
210,14,MASKED,MASKED_UNFLAGGED,,,,HeCBench/results/llvm17_inject/entropy/float/site210_bit14.out,,,,,,,,,,,,,,,,
210,15,MASKED,MASKED_UNFLAGGED,,,,HeCBench/results/llvm17_inject/entropy/float/site210_bit15.out,,,,,,,,,,,,,,,,
210,16,MASKED,MASKED_UNFLAGGED,,,,HeCBench/results/llvm17_inject/entropy/float/site210_bit16.out,,,,,,,,,,,,,,,,
210,17,MASKED,MASKED_UNFLAGGED,,,,HeCBench/results/llvm17_inject/entropy/float/site210_bit17.out,,,,,,,,,,,,,,,,
210,18,MASKED,MASKED_UNFLAGGED,,,,HeCBench/results/llvm17_inject/entropy/float/site210_bit18.out,,,,,,,,,,,,,,,,
210,19,MASKED,MASKED_UNFLAGGED,,,,HeCBench/results/llvm17_inject/entropy/float/site210_bit19.out,,,,,,,,,,,,,,,,
210,20,MASKED,MASKED_UNFLAGGED,,,,HeCBench/results/llvm17_inject/entropy/float/site210_bit20.out,,,,,,,,,,,,,,,,
210,21,MASKED,MASKED_UNFLAGGED,,,,HeCBench/results/llvm17_inject/entropy/float/site210_bit21.out,,,,,,,,,,,,,,,,
210,22,MASKED,MASKED_UNFLAGGED,,,,HeCBench/results/llvm17_inject/entropy/float/site210_bit22.out,,,,,,,,,,,,,,,,
210,23,MASKED,MASKED_UNFLAGGED,,,,HeCBench/results/llvm17_inject/entropy/float/site210_bit23.out,,,,,,,,,,,,,,,,
210,24,MASKED,MASKED_UNFLAGGED,,,,HeCBench/results/llvm17_inject/entropy/float/site210_bit24.out,,,,,,,,,,,,,,,,
210,25,MASKED,MASKED_UNFLAGGED,,,,HeCBench/results/llvm17_inject/entropy/float/site210_bit25.out,,,,,,,,,,,,,,,,
210,26,MASKED,MASKED_UNFLAGGED,,,,HeCBench/results/llvm17_inject/entropy/float/site210_bit26.out,,,,,,,,,,,,,,,,
210,27,MASKED,MASKED_UNFLAGGED,,,,HeCBench/results/llvm17_inject/entropy/float/site210_bit27.out,,,,,,,,,,,,,,,,
210,28,MASKED,MASKED_UNFLAGGED,,,,HeCBench/results/llvm17_inject/entropy/float/site210_bit28.out,,,,,,,,,,,,,,,,
210,29,MASKED,MASKED_UNFLAGGED,,,,HeCBench/results/llvm17_inject/entropy/float/site210_bit29.out,,,,,,,,,,,,,,,,
210,30,MASKED,MASKED_UNFLAGGED,,,,HeCBench/results/llvm17_inject/entropy/float/site210_bit30.out,,,,,,,,,,,,,,,,
210,31,MASKED,MASKED_UNFLAGGED,,,,HeCBench/results/llvm17_inject/entropy/float/site210_bit31.out,,,,,,,,,,,,,,,,
211,0,MASKED,MASKED_UNFLAGGED,,,,HeCBench/results/llvm17_inject/entropy/float/site211_bit0.out,,,,,,,,,,,,,,,,
211,1,MASKED,MASKED_UNFLAGGED,,,,HeCBench/results/llvm17_inject/entropy/float/site211_bit1.out,,,,,,,,,,,,,,,,
211,2,MASKED,MASKED_UNFLAGGED,,,,HeCBench/results/llvm17_inject/entropy/float/site211_bit2.out,,,,,,,,,,,,,,,,
211,3,MASKED,MASKED_UNFLAGGED,,,,HeCBench/results/llvm17_inject/entropy/float/site211_bit3.out,,,,,,,,,,,,,,,,
211,4,MASKED,MASKED_UNFLAGGED,,,,HeCBench/results/llvm17_inject/entropy/float/site211_bit4.out,,,,,,,,,,,,,,,,
211,5,MASKED,MASKED_UNFLAGGED,,,,HeCBench/results/llvm17_inject/entropy/float/site211_bit5.out,,,,,,,,,,,,,,,,
211,6,MASKED,MASKED_UNFLAGGED,,,,HeCBench/results/llvm17_inject/entropy/float/site211_bit6.out,,,,,,,,,,,,,,,,
211,7,MASKED,MASKED_UNFLAGGED,,,,HeCBench/results/llvm17_inject/entropy/float/site211_bit7.out,,,,,,,,,,,,,,,,
211,8,MASKED,MASKED_UNFLAGGED,,,,HeCBench/results/llvm17_inject/entropy/float/site211_bit8.out,,,,,,,,,,,,,,,,
211,9,MASKED,MASKED_UNFLAGGED,,,,HeCBench/results/llvm17_inject/entropy/float/site211_bit9.out,,,,,,,,,,,,,,,,
211,10,MASKED,MASKED_UNFLAGGED,,,,HeCBench/results/llvm17_inject/entropy/float/site211_bit10.out,,,,,,,,,,,,,,,,
211,11,MASKED,MASKED_UNFLAGGED,,,,HeCBench/results/llvm17_inject/entropy/float/site211_bit11.out,,,,,,,,,,,,,,,,
211,12,MASKED,MASKED_UNFLAGGED,,,,HeCBench/results/llvm17_inject/entropy/float/site211_bit12.out,,,,,,,,,,,,,,,,
211,13,MASKED,MASKED_UNFLAGGED,,,,HeCBench/results/llvm17_inject/entropy/float/site211_bit13.out,,,,,,,,,,,,,,,,
211,14,MASKED,MASKED_UNFLAGGED,,,,HeCBench/results/llvm17_inject/entropy/float/site211_bit14.out,,,,,,,,,,,,,,,,
211,15,MASKED,MASKED_UNFLAGGED,,,,HeCBench/results/llvm17_inject/entropy/float/site211_bit15.out,,,,,,,,,,,,,,,,
211,16,MASKED,MASKED_UNFLAGGED,,,,HeCBench/results/llvm17_inject/entropy/float/site211_bit16.out,,,,,,,,,,,,,,,,
211,17,MASKED,MASKED_UNFLAGGED,,,,HeCBench/results/llvm17_inject/entropy/float/site211_bit17.out,,,,,,,,,,,,,,,,
211,18,MASKED,MASKED_UNFLAGGED,,,,HeCBench/results/llvm17_inject/entropy/float/site211_bit18.out,,,,,,,,,,,,,,,,
211,19,MASKED,MASKED_UNFLAGGED,,,,HeCBench/results/llvm17_inject/entropy/float/site211_bit19.out,,,,,,,,,,,,,,,,
211,20,MASKED,MASKED_UNFLAGGED,,,,HeCBench/results/llvm17_inject/entropy/float/site211_bit20.out,,,,,,,,,,,,,,,,
211,21,MASKED,MASKED_UNFLAGGED,,,,HeCBench/results/llvm17_inject/entropy/float/site211_bit21.out,,,,,,,,,,,,,,,,
211,22,MASKED,MASKED_UNFLAGGED,,,,HeCBench/results/llvm17_inject/entropy/float/site211_bit22.out,,,,,,,,,,,,,,,,
211,23,MASKED,MASKED_UNFLAGGED,,,,HeCBench/results/llvm17_inject/entropy/float/site211_bit23.out,,,,,,,,,,,,,,,,
211,24,MASKED,MASKED_UNFLAGGED,,,,HeCBench/results/llvm17_inject/entropy/float/site211_bit24.out,,,,,,,,,,,,,,,,
211,25,MASKED,MASKED_UNFLAGGED,,,,HeCBench/results/llvm17_inject/entropy/float/site211_bit25.out,,,,,,,,,,,,,,,,
211,26,MASKED,MASKED_UNFLAGGED,,,,HeCBench/results/llvm17_inject/entropy/float/site211_bit26.out,,,,,,,,,,,,,,,,
211,27,MASKED,MASKED_UNFLAGGED,,,,HeCBench/results/llvm17_inject/entropy/float/site211_bit27.out,,,,,,,,,,,,,,,,
211,28,MASKED,MASKED_UNFLAGGED,,,,HeCBench/results/llvm17_inject/entropy/float/site211_bit28.out,,,,,,,,,,,,,,,,
211,29,MASKED,MASKED_UNFLAGGED,,,,HeCBench/results/llvm17_inject/entropy/float/site211_bit29.out,,,,,,,,,,,,,,,,
211,30,MASKED,MASKED_UNFLAGGED,,,,HeCBench/results/llvm17_inject/entropy/float/site211_bit30.out,,,,,,,,,,,,,,,,
211,31,MASKED,MASKED_UNFLAGGED,,,,HeCBench/results/llvm17_inject/entropy/float/site211_bit31.out,,,,,,,,,,,,,,,,
212,0,MASKED,MASKED_UNFLAGGED,,,,HeCBench/results/llvm17_inject/entropy/float/site212_bit0.out,,,,,,,,,,,,,,,,
212,1,MASKED,MASKED_UNFLAGGED,,,,HeCBench/results/llvm17_inject/entropy/float/site212_bit1.out,,,,,,,,,,,,,,,,
212,2,MASKED,MASKED_UNFLAGGED,,,,HeCBench/results/llvm17_inject/entropy/float/site212_bit2.out,,,,,,,,,,,,,,,,
212,3,MASKED,MASKED_UNFLAGGED,,,,HeCBench/results/llvm17_inject/entropy/float/site212_bit3.out,,,,,,,,,,,,,,,,
212,4,MASKED,MASKED_UNFLAGGED,,,,HeCBench/results/llvm17_inject/entropy/float/site212_bit4.out,,,,,,,,,,,,,,,,
212,5,MASKED,MASKED_UNFLAGGED,,,,HeCBench/results/llvm17_inject/entropy/float/site212_bit5.out,,,,,,,,,,,,,,,,
212,6,MASKED,MASKED_UNFLAGGED,,,,HeCBench/results/llvm17_inject/entropy/float/site212_bit6.out,,,,,,,,,,,,,,,,
212,7,MASKED,MASKED_UNFLAGGED,,,,HeCBench/results/llvm17_inject/entropy/float/site212_bit7.out,,,,,,,,,,,,,,,,
212,8,MASKED,MASKED_UNFLAGGED,,,,HeCBench/results/llvm17_inject/entropy/float/site212_bit8.out,,,,,,,,,,,,,,,,
212,9,MASKED,MASKED_UNFLAGGED,,,,HeCBench/results/llvm17_inject/entropy/float/site212_bit9.out,,,,,,,,,,,,,,,,
212,10,MASKED,MASKED_UNFLAGGED,,,,HeCBench/results/llvm17_inject/entropy/float/site212_bit10.out,,,,,,,,,,,,,,,,
212,11,MASKED,MASKED_UNFLAGGED,,,,HeCBench/results/llvm17_inject/entropy/float/site212_bit11.out,,,,,,,,,,,,,,,,
212,12,MASKED,MASKED_UNFLAGGED,,,,HeCBench/results/llvm17_inject/entropy/float/site212_bit12.out,,,,,,,,,,,,,,,,
212,13,MASKED,MASKED_UNFLAGGED,,,,HeCBench/results/llvm17_inject/entropy/float/site212_bit13.out,,,,,,,,,,,,,,,,
212,14,MASKED,MASKED_UNFLAGGED,,,,HeCBench/results/llvm17_inject/entropy/float/site212_bit14.out,,,,,,,,,,,,,,,,
212,15,MASKED,MASKED_UNFLAGGED,,,,HeCBench/results/llvm17_inject/entropy/float/site212_bit15.out,,,,,,,,,,,,,,,,
212,16,MASKED,MASKED_UNFLAGGED,,,,HeCBench/results/llvm17_inject/entropy/float/site212_bit16.out,,,,,,,,,,,,,,,,
212,17,MASKED,MASKED_UNFLAGGED,,,,HeCBench/results/llvm17_inject/entropy/float/site212_bit17.out,,,,,,,,,,,,,,,,
212,18,MASKED,MASKED_UNFLAGGED,,,,HeCBench/results/llvm17_inject/entropy/float/site212_bit18.out,,,,,,,,,,,,,,,,
212,19,MASKED,MASKED_UNFLAGGED,,,,HeCBench/results/llvm17_inject/entropy/float/site212_bit19.out,,,,,,,,,,,,,,,,
212,20,MASKED,MASKED_UNFLAGGED,,,,HeCBench/results/llvm17_inject/entropy/float/site212_bit20.out,,,,,,,,,,,,,,,,
212,21,MASKED,MASKED_UNFLAGGED,,,,HeCBench/results/llvm17_inject/entropy/float/site212_bit21.out,,,,,,,,,,,,,,,,
212,22,MASKED,MASKED_UNFLAGGED,,,,HeCBench/results/llvm17_inject/entropy/float/site212_bit22.out,,,,,,,,,,,,,,,,
212,23,MASKED,MASKED_UNFLAGGED,,,,HeCBench/results/llvm17_inject/entropy/float/site212_bit23.out,,,,,,,,,,,,,,,,
212,24,MASKED,MASKED_UNFLAGGED,,,,HeCBench/results/llvm17_inject/entropy/float/site212_bit24.out,,,,,,,,,,,,,,,,
212,25,MASKED,MASKED_UNFLAGGED,,,,HeCBench/results/llvm17_inject/entropy/float/site212_bit25.out,,,,,,,,,,,,,,,,
212,26,MASKED,MASKED_UNFLAGGED,,,,HeCBench/results/llvm17_inject/entropy/float/site212_bit26.out,,,,,,,,,,,,,,,,
212,27,MASKED,MASKED_UNFLAGGED,,,,HeCBench/results/llvm17_inject/entropy/float/site212_bit27.out,,,,,,,,,,,,,,,,
212,28,MASKED,MASKED_UNFLAGGED,,,,HeCBench/results/llvm17_inject/entropy/float/site212_bit28.out,,,,,,,,,,,,,,,,
212,29,MASKED,MASKED_UNFLAGGED,,,,HeCBench/results/llvm17_inject/entropy/float/site212_bit29.out,,,,,,,,,,,,,,,,
212,30,MASKED,MASKED_UNFLAGGED,,,,HeCBench/results/llvm17_inject/entropy/float/site212_bit30.out,,,,,,,,,,,,,,,,
212,31,MASKED,MASKED_UNFLAGGED,,,,HeCBench/results/llvm17_inject/entropy/float/site212_bit31.out,,,,,,,,,,,,,,,,
212,32,MASKED,MASKED_UNFLAGGED,,,,HeCBench/results/llvm17_inject/entropy/float/site212_bit32.out,,,,,,,,,,,,,,,,
212,33,MASKED,MASKED_UNFLAGGED,,,,HeCBench/results/llvm17_inject/entropy/float/site212_bit33.out,,,,,,,,,,,,,,,,
212,34,MASKED,MASKED_UNFLAGGED,,,,HeCBench/results/llvm17_inject/entropy/float/site212_bit34.out,,,,,,,,,,,,,,,,
212,35,MASKED,MASKED_UNFLAGGED,,,,HeCBench/results/llvm17_inject/entropy/float/site212_bit35.out,,,,,,,,,,,,,,,,
212,36,MASKED,MASKED_UNFLAGGED,,,,HeCBench/results/llvm17_inject/entropy/float/site212_bit36.out,,,,,,,,,,,,,,,,
212,37,MASKED,MASKED_UNFLAGGED,,,,HeCBench/results/llvm17_inject/entropy/float/site212_bit37.out,,,,,,,,,,,,,,,,
212,38,MASKED,MASKED_UNFLAGGED,,,,HeCBench/results/llvm17_inject/entropy/float/site212_bit38.out,,,,,,,,,,,,,,,,
212,39,MASKED,MASKED_UNFLAGGED,,,,HeCBench/results/llvm17_inject/entropy/float/site212_bit39.out,,,,,,,,,,,,,,,,
212,40,MASKED,MASKED_UNFLAGGED,,,,HeCBench/results/llvm17_inject/entropy/float/site212_bit40.out,,,,,,,,,,,,,,,,
212,41,MASKED,MASKED_UNFLAGGED,,,,HeCBench/results/llvm17_inject/entropy/float/site212_bit41.out,,,,,,,,,,,,,,,,
212,42,MASKED,MASKED_UNFLAGGED,,,,HeCBench/results/llvm17_inject/entropy/float/site212_bit42.out,,,,,,,,,,,,,,,,
212,43,MASKED,MASKED_UNFLAGGED,,,,HeCBench/results/llvm17_inject/entropy/float/site212_bit43.out,,,,,,,,,,,,,,,,
212,44,MASKED,MASKED_UNFLAGGED,,,,HeCBench/results/llvm17_inject/entropy/float/site212_bit44.out,,,,,,,,,,,,,,,,
212,45,MASKED,MASKED_UNFLAGGED,,,,HeCBench/results/llvm17_inject/entropy/float/site212_bit45.out,,,,,,,,,,,,,,,,
212,46,MASKED,MASKED_UNFLAGGED,,,,HeCBench/results/llvm17_inject/entropy/float/site212_bit46.out,,,,,,,,,,,,,,,,
212,47,MASKED,MASKED_UNFLAGGED,,,,HeCBench/results/llvm17_inject/entropy/float/site212_bit47.out,,,,,,,,,,,,,,,,
212,48,MASKED,MASKED_UNFLAGGED,,,,HeCBench/results/llvm17_inject/entropy/float/site212_bit48.out,,,,,,,,,,,,,,,,
212,49,MASKED,MASKED_UNFLAGGED,,,,HeCBench/results/llvm17_inject/entropy/float/site212_bit49.out,,,,,,,,,,,,,,,,
212,50,MASKED,MASKED_UNFLAGGED,,,,HeCBench/results/llvm17_inject/entropy/float/site212_bit50.out,,,,,,,,,,,,,,,,
212,51,MASKED,MASKED_UNFLAGGED,,,,HeCBench/results/llvm17_inject/entropy/float/site212_bit51.out,,,,,,,,,,,,,,,,
212,52,MASKED,MASKED_UNFLAGGED,,,,HeCBench/results/llvm17_inject/entropy/float/site212_bit52.out,,,,,,,,,,,,,,,,
212,53,MASKED,MASKED_UNFLAGGED,,,,HeCBench/results/llvm17_inject/entropy/float/site212_bit53.out,,,,,,,,,,,,,,,,
212,54,MASKED,MASKED_UNFLAGGED,,,,HeCBench/results/llvm17_inject/entropy/float/site212_bit54.out,,,,,,,,,,,,,,,,
212,55,MASKED,MASKED_UNFLAGGED,,,,HeCBench/results/llvm17_inject/entropy/float/site212_bit55.out,,,,,,,,,,,,,,,,
212,56,MASKED,MASKED_UNFLAGGED,,,,HeCBench/results/llvm17_inject/entropy/float/site212_bit56.out,,,,,,,,,,,,,,,,
212,57,MASKED,MASKED_UNFLAGGED,,,,HeCBench/results/llvm17_inject/entropy/float/site212_bit57.out,,,,,,,,,,,,,,,,
212,58,MASKED,MASKED_UNFLAGGED,,,,HeCBench/results/llvm17_inject/entropy/float/site212_bit58.out,,,,,,,,,,,,,,,,
212,59,MASKED,MASKED_UNFLAGGED,,,,HeCBench/results/llvm17_inject/entropy/float/site212_bit59.out,,,,,,,,,,,,,,,,
212,60,MASKED,MASKED_UNFLAGGED,,,,HeCBench/results/llvm17_inject/entropy/float/site212_bit60.out,,,,,,,,,,,,,,,,
212,61,MASKED,MASKED_UNFLAGGED,,,,HeCBench/results/llvm17_inject/entropy/float/site212_bit61.out,,,,,,,,,,,,,,,,
212,62,MASKED,MASKED_UNFLAGGED,,,,HeCBench/results/llvm17_inject/entropy/float/site212_bit62.out,,,,,,,,,,,,,,,,
212,63,MASKED,MASKED_UNFLAGGED,,,,HeCBench/results/llvm17_inject/entropy/float/site212_bit63.out,,,,,,,,,,,,,,,,
213,0,MASKED,MASKED_UNFLAGGED,,,,HeCBench/results/llvm17_inject/entropy/float/site213_bit0.out,,,,,,,,,,,,,,,,
213,1,MASKED,MASKED_UNFLAGGED,,,,HeCBench/results/llvm17_inject/entropy/float/site213_bit1.out,,,,,,,,,,,,,,,,
213,2,MASKED,MASKED_UNFLAGGED,,,,HeCBench/results/llvm17_inject/entropy/float/site213_bit2.out,,,,,,,,,,,,,,,,
213,3,MASKED,MASKED_UNFLAGGED,,,,HeCBench/results/llvm17_inject/entropy/float/site213_bit3.out,,,,,,,,,,,,,,,,
213,4,MASKED,MASKED_UNFLAGGED,,,,HeCBench/results/llvm17_inject/entropy/float/site213_bit4.out,,,,,,,,,,,,,,,,
213,5,MASKED,MASKED_UNFLAGGED,,,,HeCBench/results/llvm17_inject/entropy/float/site213_bit5.out,,,,,,,,,,,,,,,,
213,6,MASKED,MASKED_UNFLAGGED,,,,HeCBench/results/llvm17_inject/entropy/float/site213_bit6.out,,,,,,,,,,,,,,,,
213,7,MASKED,MASKED_UNFLAGGED,,,,HeCBench/results/llvm17_inject/entropy/float/site213_bit7.out,,,,,,,,,,,,,,,,
214,0,MASKED,MASKED_UNFLAGGED,,,,HeCBench/results/llvm17_inject/entropy/float/site214_bit0.out,,,,,,,,,,,,,,,,
214,1,MASKED,MASKED_UNFLAGGED,,,,HeCBench/results/llvm17_inject/entropy/float/site214_bit1.out,,,,,,,,,,,,,,,,
214,2,MASKED,MASKED_UNFLAGGED,,,,HeCBench/results/llvm17_inject/entropy/float/site214_bit2.out,,,,,,,,,,,,,,,,
214,3,MASKED,MASKED_UNFLAGGED,,,,HeCBench/results/llvm17_inject/entropy/float/site214_bit3.out,,,,,,,,,,,,,,,,
214,4,MASKED,MASKED_UNFLAGGED,,,,HeCBench/results/llvm17_inject/entropy/float/site214_bit4.out,,,,,,,,,,,,,,,,
214,5,MASKED,MASKED_UNFLAGGED,,,,HeCBench/results/llvm17_inject/entropy/float/site214_bit5.out,,,,,,,,,,,,,,,,
214,6,MASKED,MASKED_UNFLAGGED,,,,HeCBench/results/llvm17_inject/entropy/float/site214_bit6.out,,,,,,,,,,,,,,,,
214,7,MASKED,MASKED_UNFLAGGED,,,,HeCBench/results/llvm17_inject/entropy/float/site214_bit7.out,,,,,,,,,,,,,,,,
214,8,MASKED,MASKED_UNFLAGGED,,,,HeCBench/results/llvm17_inject/entropy/float/site214_bit8.out,,,,,,,,,,,,,,,,
214,9,MASKED,MASKED_UNFLAGGED,,,,HeCBench/results/llvm17_inject/entropy/float/site214_bit9.out,,,,,,,,,,,,,,,,
214,10,MASKED,MASKED_UNFLAGGED,,,,HeCBench/results/llvm17_inject/entropy/float/site214_bit10.out,,,,,,,,,,,,,,,,
214,11,MASKED,MASKED_UNFLAGGED,,,,HeCBench/results/llvm17_inject/entropy/float/site214_bit11.out,,,,,,,,,,,,,,,,
214,12,MASKED,MASKED_UNFLAGGED,,,,HeCBench/results/llvm17_inject/entropy/float/site214_bit12.out,,,,,,,,,,,,,,,,
214,13,MASKED,MASKED_UNFLAGGED,,,,HeCBench/results/llvm17_inject/entropy/float/site214_bit13.out,,,,,,,,,,,,,,,,
214,14,MASKED,MASKED_UNFLAGGED,,,,HeCBench/results/llvm17_inject/entropy/float/site214_bit14.out,,,,,,,,,,,,,,,,
214,15,MASKED,MASKED_UNFLAGGED,,,,HeCBench/results/llvm17_inject/entropy/float/site214_bit15.out,,,,,,,,,,,,,,,,
214,16,MASKED,MASKED_UNFLAGGED,,,,HeCBench/results/llvm17_inject/entropy/float/site214_bit16.out,,,,,,,,,,,,,,,,
214,17,MASKED,MASKED_UNFLAGGED,,,,HeCBench/results/llvm17_inject/entropy/float/site214_bit17.out,,,,,,,,,,,,,,,,
214,18,MASKED,MASKED_UNFLAGGED,,,,HeCBench/results/llvm17_inject/entropy/float/site214_bit18.out,,,,,,,,,,,,,,,,
214,19,MASKED,MASKED_UNFLAGGED,,,,HeCBench/results/llvm17_inject/entropy/float/site214_bit19.out,,,,,,,,,,,,,,,,
214,20,MASKED,MASKED_UNFLAGGED,,,,HeCBench/results/llvm17_inject/entropy/float/site214_bit20.out,,,,,,,,,,,,,,,,
214,21,MASKED,MASKED_UNFLAGGED,,,,HeCBench/results/llvm17_inject/entropy/float/site214_bit21.out,,,,,,,,,,,,,,,,
214,22,MASKED,MASKED_UNFLAGGED,,,,HeCBench/results/llvm17_inject/entropy/float/site214_bit22.out,,,,,,,,,,,,,,,,
214,23,MASKED,MASKED_UNFLAGGED,,,,HeCBench/results/llvm17_inject/entropy/float/site214_bit23.out,,,,,,,,,,,,,,,,
214,24,MASKED,MASKED_UNFLAGGED,,,,HeCBench/results/llvm17_inject/entropy/float/site214_bit24.out,,,,,,,,,,,,,,,,
214,25,MASKED,MASKED_UNFLAGGED,,,,HeCBench/results/llvm17_inject/entropy/float/site214_bit25.out,,,,,,,,,,,,,,,,
214,26,MASKED,MASKED_UNFLAGGED,,,,HeCBench/results/llvm17_inject/entropy/float/site214_bit26.out,,,,,,,,,,,,,,,,
214,27,MASKED,MASKED_UNFLAGGED,,,,HeCBench/results/llvm17_inject/entropy/float/site214_bit27.out,,,,,,,,,,,,,,,,
214,28,MASKED,MASKED_UNFLAGGED,,,,HeCBench/results/llvm17_inject/entropy/float/site214_bit28.out,,,,,,,,,,,,,,,,
214,29,MASKED,MASKED_UNFLAGGED,,,,HeCBench/results/llvm17_inject/entropy/float/site214_bit29.out,,,,,,,,,,,,,,,,
214,30,MASKED,MASKED_UNFLAGGED,,,,HeCBench/results/llvm17_inject/entropy/float/site214_bit30.out,,,,,,,,,,,,,,,,
214,31,MASKED,MASKED_UNFLAGGED,,,,HeCBench/results/llvm17_inject/entropy/float/site214_bit31.out,,,,,,,,,,,,,,,,
214,32,MASKED,MASKED_UNFLAGGED,,,,HeCBench/results/llvm17_inject/entropy/float/site214_bit32.out,,,,,,,,,,,,,,,,
214,33,MASKED,MASKED_UNFLAGGED,,,,HeCBench/results/llvm17_inject/entropy/float/site214_bit33.out,,,,,,,,,,,,,,,,
214,34,MASKED,MASKED_UNFLAGGED,,,,HeCBench/results/llvm17_inject/entropy/float/site214_bit34.out,,,,,,,,,,,,,,,,
214,35,MASKED,MASKED_UNFLAGGED,,,,HeCBench/results/llvm17_inject/entropy/float/site214_bit35.out,,,,,,,,,,,,,,,,
214,36,MASKED,MASKED_UNFLAGGED,,,,HeCBench/results/llvm17_inject/entropy/float/site214_bit36.out,,,,,,,,,,,,,,,,
214,37,MASKED,MASKED_UNFLAGGED,,,,HeCBench/results/llvm17_inject/entropy/float/site214_bit37.out,,,,,,,,,,,,,,,,
214,38,MASKED,MASKED_UNFLAGGED,,,,HeCBench/results/llvm17_inject/entropy/float/site214_bit38.out,,,,,,,,,,,,,,,,
214,39,MASKED,MASKED_UNFLAGGED,,,,HeCBench/results/llvm17_inject/entropy/float/site214_bit39.out,,,,,,,,,,,,,,,,
214,40,MASKED,MASKED_UNFLAGGED,,,,HeCBench/results/llvm17_inject/entropy/float/site214_bit40.out,,,,,,,,,,,,,,,,
214,41,MASKED,MASKED_UNFLAGGED,,,,HeCBench/results/llvm17_inject/entropy/float/site214_bit41.out,,,,,,,,,,,,,,,,
214,42,MASKED,MASKED_UNFLAGGED,,,,HeCBench/results/llvm17_inject/entropy/float/site214_bit42.out,,,,,,,,,,,,,,,,
214,43,MASKED,MASKED_UNFLAGGED,,,,HeCBench/results/llvm17_inject/entropy/float/site214_bit43.out,,,,,,,,,,,,,,,,
214,44,MASKED,MASKED_UNFLAGGED,,,,HeCBench/results/llvm17_inject/entropy/float/site214_bit44.out,,,,,,,,,,,,,,,,
214,45,MASKED,MASKED_UNFLAGGED,,,,HeCBench/results/llvm17_inject/entropy/float/site214_bit45.out,,,,,,,,,,,,,,,,
214,46,MASKED,MASKED_UNFLAGGED,,,,HeCBench/results/llvm17_inject/entropy/float/site214_bit46.out,,,,,,,,,,,,,,,,
214,47,MASKED,MASKED_UNFLAGGED,,,,HeCBench/results/llvm17_inject/entropy/float/site214_bit47.out,,,,,,,,,,,,,,,,
214,48,MASKED,MASKED_UNFLAGGED,,,,HeCBench/results/llvm17_inject/entropy/float/site214_bit48.out,,,,,,,,,,,,,,,,
214,49,MASKED,MASKED_UNFLAGGED,,,,HeCBench/results/llvm17_inject/entropy/float/site214_bit49.out,,,,,,,,,,,,,,,,
214,50,MASKED,MASKED_UNFLAGGED,,,,HeCBench/results/llvm17_inject/entropy/float/site214_bit50.out,,,,,,,,,,,,,,,,
214,51,MASKED,MASKED_UNFLAGGED,,,,HeCBench/results/llvm17_inject/entropy/float/site214_bit51.out,,,,,,,,,,,,,,,,
214,52,MASKED,MASKED_UNFLAGGED,,,,HeCBench/results/llvm17_inject/entropy/float/site214_bit52.out,,,,,,,,,,,,,,,,
214,53,MASKED,MASKED_UNFLAGGED,,,,HeCBench/results/llvm17_inject/entropy/float/site214_bit53.out,,,,,,,,,,,,,,,,
214,54,MASKED,MASKED_UNFLAGGED,,,,HeCBench/results/llvm17_inject/entropy/float/site214_bit54.out,,,,,,,,,,,,,,,,
214,55,MASKED,MASKED_UNFLAGGED,,,,HeCBench/results/llvm17_inject/entropy/float/site214_bit55.out,,,,,,,,,,,,,,,,
214,56,MASKED,MASKED_UNFLAGGED,,,,HeCBench/results/llvm17_inject/entropy/float/site214_bit56.out,,,,,,,,,,,,,,,,
214,57,MASKED,MASKED_UNFLAGGED,,,,HeCBench/results/llvm17_inject/entropy/float/site214_bit57.out,,,,,,,,,,,,,,,,
214,58,MASKED,MASKED_UNFLAGGED,,,,HeCBench/results/llvm17_inject/entropy/float/site214_bit58.out,,,,,,,,,,,,,,,,
214,59,MASKED,MASKED_UNFLAGGED,,,,HeCBench/results/llvm17_inject/entropy/float/site214_bit59.out,,,,,,,,,,,,,,,,
214,60,MASKED,MASKED_UNFLAGGED,,,,HeCBench/results/llvm17_inject/entropy/float/site214_bit60.out,,,,,,,,,,,,,,,,
214,61,MASKED,MASKED_UNFLAGGED,,,,HeCBench/results/llvm17_inject/entropy/float/site214_bit61.out,,,,,,,,,,,,,,,,
214,62,MASKED,MASKED_UNFLAGGED,,,,HeCBench/results/llvm17_inject/entropy/float/site214_bit62.out,,,,,,,,,,,,,,,,
214,63,MASKED,MASKED_UNFLAGGED,,,,HeCBench/results/llvm17_inject/entropy/float/site214_bit63.out,,,,,,,,,,,,,,,,
216,0,MASKED,MASKED_UNFLAGGED,,,,HeCBench/results/llvm17_inject/entropy/float/site216_bit0.out,,,,,,,,,,,,,,,,
216,1,MASKED,MASKED_UNFLAGGED,,,,HeCBench/results/llvm17_inject/entropy/float/site216_bit1.out,,,,,,,,,,,,,,,,
216,2,MASKED,MASKED_UNFLAGGED,,,,HeCBench/results/llvm17_inject/entropy/float/site216_bit2.out,,,,,,,,,,,,,,,,
216,3,MASKED,MASKED_UNFLAGGED,,,,HeCBench/results/llvm17_inject/entropy/float/site216_bit3.out,,,,,,,,,,,,,,,,
216,4,MASKED,MASKED_UNFLAGGED,,,,HeCBench/results/llvm17_inject/entropy/float/site216_bit4.out,,,,,,,,,,,,,,,,
216,5,MASKED,MASKED_UNFLAGGED,,,,HeCBench/results/llvm17_inject/entropy/float/site216_bit5.out,,,,,,,,,,,,,,,,
216,6,MASKED,MASKED_UNFLAGGED,,,,HeCBench/results/llvm17_inject/entropy/float/site216_bit6.out,,,,,,,,,,,,,,,,
216,7,MASKED,MASKED_UNFLAGGED,,,,HeCBench/results/llvm17_inject/entropy/float/site216_bit7.out,,,,,,,,,,,,,,,,
216,8,MASKED,MASKED_UNFLAGGED,,,,HeCBench/results/llvm17_inject/entropy/float/site216_bit8.out,,,,,,,,,,,,,,,,
216,9,MASKED,MASKED_UNFLAGGED,,,,HeCBench/results/llvm17_inject/entropy/float/site216_bit9.out,,,,,,,,,,,,,,,,
216,10,MASKED,MASKED_UNFLAGGED,,,,HeCBench/results/llvm17_inject/entropy/float/site216_bit10.out,,,,,,,,,,,,,,,,
216,11,MASKED,MASKED_UNFLAGGED,,,,HeCBench/results/llvm17_inject/entropy/float/site216_bit11.out,,,,,,,,,,,,,,,,
216,12,MASKED,MASKED_UNFLAGGED,,,,HeCBench/results/llvm17_inject/entropy/float/site216_bit12.out,,,,,,,,,,,,,,,,
216,13,MASKED,MASKED_UNFLAGGED,,,,HeCBench/results/llvm17_inject/entropy/float/site216_bit13.out,,,,,,,,,,,,,,,,
216,14,MASKED,MASKED_UNFLAGGED,,,,HeCBench/results/llvm17_inject/entropy/float/site216_bit14.out,,,,,,,,,,,,,,,,
216,15,MASKED,MASKED_UNFLAGGED,,,,HeCBench/results/llvm17_inject/entropy/float/site216_bit15.out,,,,,,,,,,,,,,,,
216,16,MASKED,MASKED_UNFLAGGED,,,,HeCBench/results/llvm17_inject/entropy/float/site216_bit16.out,,,,,,,,,,,,,,,,
216,17,MASKED,MASKED_UNFLAGGED,,,,HeCBench/results/llvm17_inject/entropy/float/site216_bit17.out,,,,,,,,,,,,,,,,
216,18,MASKED,MASKED_UNFLAGGED,,,,HeCBench/results/llvm17_inject/entropy/float/site216_bit18.out,,,,,,,,,,,,,,,,
216,19,MASKED,MASKED_UNFLAGGED,,,,HeCBench/results/llvm17_inject/entropy/float/site216_bit19.out,,,,,,,,,,,,,,,,
216,20,MASKED,MASKED_UNFLAGGED,,,,HeCBench/results/llvm17_inject/entropy/float/site216_bit20.out,,,,,,,,,,,,,,,,
216,21,MASKED,MASKED_UNFLAGGED,,,,HeCBench/results/llvm17_inject/entropy/float/site216_bit21.out,,,,,,,,,,,,,,,,
216,22,MASKED,MASKED_UNFLAGGED,,,,HeCBench/results/llvm17_inject/entropy/float/site216_bit22.out,,,,,,,,,,,,,,,,
216,23,MASKED,MASKED_UNFLAGGED,,,,HeCBench/results/llvm17_inject/entropy/float/site216_bit23.out,,,,,,,,,,,,,,,,
216,24,MASKED,MASKED_UNFLAGGED,,,,HeCBench/results/llvm17_inject/entropy/float/site216_bit24.out,,,,,,,,,,,,,,,,
216,25,MASKED,MASKED_UNFLAGGED,,,,HeCBench/results/llvm17_inject/entropy/float/site216_bit25.out,,,,,,,,,,,,,,,,
216,26,MASKED,MASKED_UNFLAGGED,,,,HeCBench/results/llvm17_inject/entropy/float/site216_bit26.out,,,,,,,,,,,,,,,,
216,27,MASKED,MASKED_UNFLAGGED,,,,HeCBench/results/llvm17_inject/entropy/float/site216_bit27.out,,,,,,,,,,,,,,,,
216,28,MASKED,MASKED_UNFLAGGED,,,,HeCBench/results/llvm17_inject/entropy/float/site216_bit28.out,,,,,,,,,,,,,,,,
216,29,MASKED,MASKED_UNFLAGGED,,,,HeCBench/results/llvm17_inject/entropy/float/site216_bit29.out,,,,,,,,,,,,,,,,
216,30,MASKED,MASKED_UNFLAGGED,,,,HeCBench/results/llvm17_inject/entropy/float/site216_bit30.out,,,,,,,,,,,,,,,,
216,31,MASKED,MASKED_UNFLAGGED,,,,HeCBench/results/llvm17_inject/entropy/float/site216_bit31.out,,,,,,,,,,,,,,,,
216,32,MASKED,MASKED_UNFLAGGED,,,,HeCBench/results/llvm17_inject/entropy/float/site216_bit32.out,,,,,,,,,,,,,,,,
216,33,MASKED,MASKED_UNFLAGGED,,,,HeCBench/results/llvm17_inject/entropy/float/site216_bit33.out,,,,,,,,,,,,,,,,
216,34,MASKED,MASKED_UNFLAGGED,,,,HeCBench/results/llvm17_inject/entropy/float/site216_bit34.out,,,,,,,,,,,,,,,,
216,35,MASKED,MASKED_UNFLAGGED,,,,HeCBench/results/llvm17_inject/entropy/float/site216_bit35.out,,,,,,,,,,,,,,,,
216,36,MASKED,MASKED_UNFLAGGED,,,,HeCBench/results/llvm17_inject/entropy/float/site216_bit36.out,,,,,,,,,,,,,,,,
216,37,MASKED,MASKED_UNFLAGGED,,,,HeCBench/results/llvm17_inject/entropy/float/site216_bit37.out,,,,,,,,,,,,,,,,
216,38,MASKED,MASKED_UNFLAGGED,,,,HeCBench/results/llvm17_inject/entropy/float/site216_bit38.out,,,,,,,,,,,,,,,,
216,39,MASKED,MASKED_UNFLAGGED,,,,HeCBench/results/llvm17_inject/entropy/float/site216_bit39.out,,,,,,,,,,,,,,,,
216,40,MASKED,MASKED_UNFLAGGED,,,,HeCBench/results/llvm17_inject/entropy/float/site216_bit40.out,,,,,,,,,,,,,,,,
216,41,MASKED,MASKED_UNFLAGGED,,,,HeCBench/results/llvm17_inject/entropy/float/site216_bit41.out,,,,,,,,,,,,,,,,
216,42,MASKED,MASKED_UNFLAGGED,,,,HeCBench/results/llvm17_inject/entropy/float/site216_bit42.out,,,,,,,,,,,,,,,,
216,43,MASKED,MASKED_UNFLAGGED,,,,HeCBench/results/llvm17_inject/entropy/float/site216_bit43.out,,,,,,,,,,,,,,,,
216,44,MASKED,MASKED_UNFLAGGED,,,,HeCBench/results/llvm17_inject/entropy/float/site216_bit44.out,,,,,,,,,,,,,,,,
216,45,MASKED,MASKED_UNFLAGGED,,,,HeCBench/results/llvm17_inject/entropy/float/site216_bit45.out,,,,,,,,,,,,,,,,
216,46,MASKED,MASKED_UNFLAGGED,,,,HeCBench/results/llvm17_inject/entropy/float/site216_bit46.out,,,,,,,,,,,,,,,,
216,47,MASKED,MASKED_UNFLAGGED,,,,HeCBench/results/llvm17_inject/entropy/float/site216_bit47.out,,,,,,,,,,,,,,,,
216,48,MASKED,MASKED_UNFLAGGED,,,,HeCBench/results/llvm17_inject/entropy/float/site216_bit48.out,,,,,,,,,,,,,,,,
216,49,MASKED,MASKED_UNFLAGGED,,,,HeCBench/results/llvm17_inject/entropy/float/site216_bit49.out,,,,,,,,,,,,,,,,
216,50,MASKED,MASKED_UNFLAGGED,,,,HeCBench/results/llvm17_inject/entropy/float/site216_bit50.out,,,,,,,,,,,,,,,,
216,51,MASKED,MASKED_UNFLAGGED,,,,HeCBench/results/llvm17_inject/entropy/float/site216_bit51.out,,,,,,,,,,,,,,,,
216,52,MASKED,MASKED_UNFLAGGED,,,,HeCBench/results/llvm17_inject/entropy/float/site216_bit52.out,,,,,,,,,,,,,,,,
216,53,MASKED,MASKED_UNFLAGGED,,,,HeCBench/results/llvm17_inject/entropy/float/site216_bit53.out,,,,,,,,,,,,,,,,
216,54,MASKED,MASKED_UNFLAGGED,,,,HeCBench/results/llvm17_inject/entropy/float/site216_bit54.out,,,,,,,,,,,,,,,,
216,55,MASKED,MASKED_UNFLAGGED,,,,HeCBench/results/llvm17_inject/entropy/float/site216_bit55.out,,,,,,,,,,,,,,,,
216,56,MASKED,MASKED_UNFLAGGED,,,,HeCBench/results/llvm17_inject/entropy/float/site216_bit56.out,,,,,,,,,,,,,,,,
216,57,MASKED,MASKED_UNFLAGGED,,,,HeCBench/results/llvm17_inject/entropy/float/site216_bit57.out,,,,,,,,,,,,,,,,
216,58,MASKED,MASKED_UNFLAGGED,,,,HeCBench/results/llvm17_inject/entropy/float/site216_bit58.out,,,,,,,,,,,,,,,,
216,59,MASKED,MASKED_UNFLAGGED,,,,HeCBench/results/llvm17_inject/entropy/float/site216_bit59.out,,,,,,,,,,,,,,,,
216,60,MASKED,MASKED_UNFLAGGED,,,,HeCBench/results/llvm17_inject/entropy/float/site216_bit60.out,,,,,,,,,,,,,,,,
216,61,MASKED,MASKED_UNFLAGGED,,,,HeCBench/results/llvm17_inject/entropy/float/site216_bit61.out,,,,,,,,,,,,,,,,
216,62,MASKED,MASKED_UNFLAGGED,,,,HeCBench/results/llvm17_inject/entropy/float/site216_bit62.out,,,,,,,,,,,,,,,,
216,63,MASKED,MASKED_UNFLAGGED,,,,HeCBench/results/llvm17_inject/entropy/float/site216_bit63.out,,,,,,,,,,,,,,,,
218,0,MASKED,MASKED_UNFLAGGED,,,,HeCBench/results/llvm17_inject/entropy/float/site218_bit0.out,,,,,,,,,,,,,,,,
218,1,MASKED,MASKED_UNFLAGGED,,,,HeCBench/results/llvm17_inject/entropy/float/site218_bit1.out,,,,,,,,,,,,,,,,
218,2,MASKED,MASKED_UNFLAGGED,,,,HeCBench/results/llvm17_inject/entropy/float/site218_bit2.out,,,,,,,,,,,,,,,,
218,3,MASKED,MASKED_UNFLAGGED,,,,HeCBench/results/llvm17_inject/entropy/float/site218_bit3.out,,,,,,,,,,,,,,,,
218,4,MASKED,MASKED_UNFLAGGED,,,,HeCBench/results/llvm17_inject/entropy/float/site218_bit4.out,,,,,,,,,,,,,,,,
218,5,MASKED,MASKED_UNFLAGGED,,,,HeCBench/results/llvm17_inject/entropy/float/site218_bit5.out,,,,,,,,,,,,,,,,
218,6,MASKED,MASKED_UNFLAGGED,,,,HeCBench/results/llvm17_inject/entropy/float/site218_bit6.out,,,,,,,,,,,,,,,,
218,7,MASKED,MASKED_UNFLAGGED,,,,HeCBench/results/llvm17_inject/entropy/float/site218_bit7.out,,,,,,,,,,,,,,,,
218,8,MASKED,MASKED_UNFLAGGED,,,,HeCBench/results/llvm17_inject/entropy/float/site218_bit8.out,,,,,,,,,,,,,,,,
218,9,MASKED,MASKED_UNFLAGGED,,,,HeCBench/results/llvm17_inject/entropy/float/site218_bit9.out,,,,,,,,,,,,,,,,
218,10,MASKED,MASKED_UNFLAGGED,,,,HeCBench/results/llvm17_inject/entropy/float/site218_bit10.out,,,,,,,,,,,,,,,,
218,11,MASKED,MASKED_UNFLAGGED,,,,HeCBench/results/llvm17_inject/entropy/float/site218_bit11.out,,,,,,,,,,,,,,,,
218,12,MASKED,MASKED_UNFLAGGED,,,,HeCBench/results/llvm17_inject/entropy/float/site218_bit12.out,,,,,,,,,,,,,,,,
218,13,MASKED,MASKED_UNFLAGGED,,,,HeCBench/results/llvm17_inject/entropy/float/site218_bit13.out,,,,,,,,,,,,,,,,
218,14,MASKED,MASKED_UNFLAGGED,,,,HeCBench/results/llvm17_inject/entropy/float/site218_bit14.out,,,,,,,,,,,,,,,,
218,15,MASKED,MASKED_UNFLAGGED,,,,HeCBench/results/llvm17_inject/entropy/float/site218_bit15.out,,,,,,,,,,,,,,,,
218,16,MASKED,MASKED_UNFLAGGED,,,,HeCBench/results/llvm17_inject/entropy/float/site218_bit16.out,,,,,,,,,,,,,,,,
218,17,MASKED,MASKED_UNFLAGGED,,,,HeCBench/results/llvm17_inject/entropy/float/site218_bit17.out,,,,,,,,,,,,,,,,
218,18,MASKED,MASKED_UNFLAGGED,,,,HeCBench/results/llvm17_inject/entropy/float/site218_bit18.out,,,,,,,,,,,,,,,,
218,19,MASKED,MASKED_UNFLAGGED,,,,HeCBench/results/llvm17_inject/entropy/float/site218_bit19.out,,,,,,,,,,,,,,,,
218,20,MASKED,MASKED_UNFLAGGED,,,,HeCBench/results/llvm17_inject/entropy/float/site218_bit20.out,,,,,,,,,,,,,,,,
218,21,MASKED,MASKED_UNFLAGGED,,,,HeCBench/results/llvm17_inject/entropy/float/site218_bit21.out,,,,,,,,,,,,,,,,
218,22,MASKED,MASKED_UNFLAGGED,,,,HeCBench/results/llvm17_inject/entropy/float/site218_bit22.out,,,,,,,,,,,,,,,,
218,23,MASKED,MASKED_UNFLAGGED,,,,HeCBench/results/llvm17_inject/entropy/float/site218_bit23.out,,,,,,,,,,,,,,,,
218,24,MASKED,MASKED_UNFLAGGED,,,,HeCBench/results/llvm17_inject/entropy/float/site218_bit24.out,,,,,,,,,,,,,,,,
218,25,MASKED,MASKED_UNFLAGGED,,,,HeCBench/results/llvm17_inject/entropy/float/site218_bit25.out,,,,,,,,,,,,,,,,
218,26,MASKED,MASKED_UNFLAGGED,,,,HeCBench/results/llvm17_inject/entropy/float/site218_bit26.out,,,,,,,,,,,,,,,,
218,27,MASKED,MASKED_UNFLAGGED,,,,HeCBench/results/llvm17_inject/entropy/float/site218_bit27.out,,,,,,,,,,,,,,,,
218,28,MASKED,MASKED_UNFLAGGED,,,,HeCBench/results/llvm17_inject/entropy/float/site218_bit28.out,,,,,,,,,,,,,,,,
218,29,MASKED,MASKED_UNFLAGGED,,,,HeCBench/results/llvm17_inject/entropy/float/site218_bit29.out,,,,,,,,,,,,,,,,
218,30,MASKED,MASKED_UNFLAGGED,,,,HeCBench/results/llvm17_inject/entropy/float/site218_bit30.out,,,,,,,,,,,,,,,,
218,31,MASKED,MASKED_UNFLAGGED,,,,HeCBench/results/llvm17_inject/entropy/float/site218_bit31.out,,,,,,,,,,,,,,,,
219,0,MASKED,MASKED_UNFLAGGED,,,,HeCBench/results/llvm17_inject/entropy/float/site219_bit0.out,,,,,,,,,,,,,,,,
219,1,MASKED,MASKED_UNFLAGGED,,,,HeCBench/results/llvm17_inject/entropy/float/site219_bit1.out,,,,,,,,,,,,,,,,
219,2,MASKED,MASKED_UNFLAGGED,,,,HeCBench/results/llvm17_inject/entropy/float/site219_bit2.out,,,,,,,,,,,,,,,,
219,3,MASKED,MASKED_UNFLAGGED,,,,HeCBench/results/llvm17_inject/entropy/float/site219_bit3.out,,,,,,,,,,,,,,,,
219,4,MASKED,MASKED_UNFLAGGED,,,,HeCBench/results/llvm17_inject/entropy/float/site219_bit4.out,,,,,,,,,,,,,,,,
219,5,MASKED,MASKED_UNFLAGGED,,,,HeCBench/results/llvm17_inject/entropy/float/site219_bit5.out,,,,,,,,,,,,,,,,
219,6,MASKED,MASKED_UNFLAGGED,,,,HeCBench/results/llvm17_inject/entropy/float/site219_bit6.out,,,,,,,,,,,,,,,,
219,7,MASKED,MASKED_UNFLAGGED,,,,HeCBench/results/llvm17_inject/entropy/float/site219_bit7.out,,,,,,,,,,,,,,,,
220,0,MASKED,MASKED_UNFLAGGED,,,,HeCBench/results/llvm17_inject/entropy/float/site220_bit0.out,,,,,,,,,,,,,,,,
220,1,MASKED,MASKED_UNFLAGGED,,,,HeCBench/results/llvm17_inject/entropy/float/site220_bit1.out,,,,,,,,,,,,,,,,
220,2,MASKED,MASKED_UNFLAGGED,,,,HeCBench/results/llvm17_inject/entropy/float/site220_bit2.out,,,,,,,,,,,,,,,,
220,3,MASKED,MASKED_UNFLAGGED,,,,HeCBench/results/llvm17_inject/entropy/float/site220_bit3.out,,,,,,,,,,,,,,,,
220,4,MASKED,MASKED_UNFLAGGED,,,,HeCBench/results/llvm17_inject/entropy/float/site220_bit4.out,,,,,,,,,,,,,,,,
220,5,MASKED,MASKED_UNFLAGGED,,,,HeCBench/results/llvm17_inject/entropy/float/site220_bit5.out,,,,,,,,,,,,,,,,
220,6,MASKED,MASKED_UNFLAGGED,,,,HeCBench/results/llvm17_inject/entropy/float/site220_bit6.out,,,,,,,,,,,,,,,,
220,7,MASKED,MASKED_UNFLAGGED,,,,HeCBench/results/llvm17_inject/entropy/float/site220_bit7.out,,,,,,,,,,,,,,,,
222,0,MASKED,MASKED_UNFLAGGED,,,,HeCBench/results/llvm17_inject/entropy/float/site222_bit0.out,,,,,,,,,,,,,,,,
222,1,MASKED,MASKED_UNFLAGGED,,,,HeCBench/results/llvm17_inject/entropy/float/site222_bit1.out,,,,,,,,,,,,,,,,
222,2,MASKED,MASKED_UNFLAGGED,,,,HeCBench/results/llvm17_inject/entropy/float/site222_bit2.out,,,,,,,,,,,,,,,,
222,3,MASKED,MASKED_UNFLAGGED,,,,HeCBench/results/llvm17_inject/entropy/float/site222_bit3.out,,,,,,,,,,,,,,,,
222,4,MASKED,MASKED_UNFLAGGED,,,,HeCBench/results/llvm17_inject/entropy/float/site222_bit4.out,,,,,,,,,,,,,,,,
222,5,MASKED,MASKED_UNFLAGGED,,,,HeCBench/results/llvm17_inject/entropy/float/site222_bit5.out,,,,,,,,,,,,,,,,
222,6,MASKED,MASKED_UNFLAGGED,,,,HeCBench/results/llvm17_inject/entropy/float/site222_bit6.out,,,,,,,,,,,,,,,,
222,7,MASKED,MASKED_UNFLAGGED,,,,HeCBench/results/llvm17_inject/entropy/float/site222_bit7.out,,,,,,,,,,,,,,,,
222,8,MASKED,MASKED_UNFLAGGED,,,,HeCBench/results/llvm17_inject/entropy/float/site222_bit8.out,,,,,,,,,,,,,,,,
222,9,MASKED,MASKED_UNFLAGGED,,,,HeCBench/results/llvm17_inject/entropy/float/site222_bit9.out,,,,,,,,,,,,,,,,
222,10,MASKED,MASKED_UNFLAGGED,,,,HeCBench/results/llvm17_inject/entropy/float/site222_bit10.out,,,,,,,,,,,,,,,,
222,11,MASKED,MASKED_UNFLAGGED,,,,HeCBench/results/llvm17_inject/entropy/float/site222_bit11.out,,,,,,,,,,,,,,,,
222,12,MASKED,MASKED_UNFLAGGED,,,,HeCBench/results/llvm17_inject/entropy/float/site222_bit12.out,,,,,,,,,,,,,,,,
222,13,MASKED,MASKED_UNFLAGGED,,,,HeCBench/results/llvm17_inject/entropy/float/site222_bit13.out,,,,,,,,,,,,,,,,
222,14,MASKED,MASKED_UNFLAGGED,,,,HeCBench/results/llvm17_inject/entropy/float/site222_bit14.out,,,,,,,,,,,,,,,,
222,15,MASKED,MASKED_UNFLAGGED,,,,HeCBench/results/llvm17_inject/entropy/float/site222_bit15.out,,,,,,,,,,,,,,,,
222,16,MASKED,MASKED_UNFLAGGED,,,,HeCBench/results/llvm17_inject/entropy/float/site222_bit16.out,,,,,,,,,,,,,,,,
222,17,MASKED,MASKED_UNFLAGGED,,,,HeCBench/results/llvm17_inject/entropy/float/site222_bit17.out,,,,,,,,,,,,,,,,
222,18,MASKED,MASKED_UNFLAGGED,,,,HeCBench/results/llvm17_inject/entropy/float/site222_bit18.out,,,,,,,,,,,,,,,,
222,19,MASKED,MASKED_UNFLAGGED,,,,HeCBench/results/llvm17_inject/entropy/float/site222_bit19.out,,,,,,,,,,,,,,,,
222,20,MASKED,MASKED_UNFLAGGED,,,,HeCBench/results/llvm17_inject/entropy/float/site222_bit20.out,,,,,,,,,,,,,,,,
222,21,MASKED,MASKED_UNFLAGGED,,,,HeCBench/results/llvm17_inject/entropy/float/site222_bit21.out,,,,,,,,,,,,,,,,
222,22,MASKED,MASKED_UNFLAGGED,,,,HeCBench/results/llvm17_inject/entropy/float/site222_bit22.out,,,,,,,,,,,,,,,,
222,23,MASKED,MASKED_UNFLAGGED,,,,HeCBench/results/llvm17_inject/entropy/float/site222_bit23.out,,,,,,,,,,,,,,,,
222,24,MASKED,MASKED_UNFLAGGED,,,,HeCBench/results/llvm17_inject/entropy/float/site222_bit24.out,,,,,,,,,,,,,,,,
222,25,MASKED,MASKED_UNFLAGGED,,,,HeCBench/results/llvm17_inject/entropy/float/site222_bit25.out,,,,,,,,,,,,,,,,
222,26,MASKED,MASKED_UNFLAGGED,,,,HeCBench/results/llvm17_inject/entropy/float/site222_bit26.out,,,,,,,,,,,,,,,,
222,27,MASKED,MASKED_UNFLAGGED,,,,HeCBench/results/llvm17_inject/entropy/float/site222_bit27.out,,,,,,,,,,,,,,,,
222,28,MASKED,MASKED_UNFLAGGED,,,,HeCBench/results/llvm17_inject/entropy/float/site222_bit28.out,,,,,,,,,,,,,,,,
222,29,MASKED,MASKED_UNFLAGGED,,,,HeCBench/results/llvm17_inject/entropy/float/site222_bit29.out,,,,,,,,,,,,,,,,
222,30,MASKED,MASKED_UNFLAGGED,,,,HeCBench/results/llvm17_inject/entropy/float/site222_bit30.out,,,,,,,,,,,,,,,,
222,31,MASKED,MASKED_UNFLAGGED,,,,HeCBench/results/llvm17_inject/entropy/float/site222_bit31.out,,,,,,,,,,,,,,,,
224,0,MASKED,MASKED_UNFLAGGED,,,,HeCBench/results/llvm17_inject/entropy/float/site224_bit0.out,,,,,,,,,,,,,,,,
224,1,MASKED,MASKED_UNFLAGGED,,,,HeCBench/results/llvm17_inject/entropy/float/site224_bit1.out,,,,,,,,,,,,,,,,
224,2,MASKED,MASKED_UNFLAGGED,,,,HeCBench/results/llvm17_inject/entropy/float/site224_bit2.out,,,,,,,,,,,,,,,,
224,3,MASKED,MASKED_UNFLAGGED,,,,HeCBench/results/llvm17_inject/entropy/float/site224_bit3.out,,,,,,,,,,,,,,,,
224,4,MASKED,MASKED_UNFLAGGED,,,,HeCBench/results/llvm17_inject/entropy/float/site224_bit4.out,,,,,,,,,,,,,,,,
224,5,MASKED,MASKED_UNFLAGGED,,,,HeCBench/results/llvm17_inject/entropy/float/site224_bit5.out,,,,,,,,,,,,,,,,
224,6,MASKED,MASKED_UNFLAGGED,,,,HeCBench/results/llvm17_inject/entropy/float/site224_bit6.out,,,,,,,,,,,,,,,,
224,7,MASKED,MASKED_UNFLAGGED,,,,HeCBench/results/llvm17_inject/entropy/float/site224_bit7.out,,,,,,,,,,,,,,,,
224,8,MASKED,MASKED_UNFLAGGED,,,,HeCBench/results/llvm17_inject/entropy/float/site224_bit8.out,,,,,,,,,,,,,,,,
224,9,MASKED,MASKED_UNFLAGGED,,,,HeCBench/results/llvm17_inject/entropy/float/site224_bit9.out,,,,,,,,,,,,,,,,
224,10,MASKED,MASKED_UNFLAGGED,,,,HeCBench/results/llvm17_inject/entropy/float/site224_bit10.out,,,,,,,,,,,,,,,,
224,11,MASKED,MASKED_UNFLAGGED,,,,HeCBench/results/llvm17_inject/entropy/float/site224_bit11.out,,,,,,,,,,,,,,,,
224,12,MASKED,MASKED_UNFLAGGED,,,,HeCBench/results/llvm17_inject/entropy/float/site224_bit12.out,,,,,,,,,,,,,,,,
224,13,MASKED,MASKED_UNFLAGGED,,,,HeCBench/results/llvm17_inject/entropy/float/site224_bit13.out,,,,,,,,,,,,,,,,
224,14,MASKED,MASKED_UNFLAGGED,,,,HeCBench/results/llvm17_inject/entropy/float/site224_bit14.out,,,,,,,,,,,,,,,,
224,15,MASKED,MASKED_UNFLAGGED,,,,HeCBench/results/llvm17_inject/entropy/float/site224_bit15.out,,,,,,,,,,,,,,,,
224,16,MASKED,MASKED_UNFLAGGED,,,,HeCBench/results/llvm17_inject/entropy/float/site224_bit16.out,,,,,,,,,,,,,,,,
224,17,MASKED,MASKED_UNFLAGGED,,,,HeCBench/results/llvm17_inject/entropy/float/site224_bit17.out,,,,,,,,,,,,,,,,
224,18,MASKED,MASKED_UNFLAGGED,,,,HeCBench/results/llvm17_inject/entropy/float/site224_bit18.out,,,,,,,,,,,,,,,,
224,19,MASKED,MASKED_UNFLAGGED,,,,HeCBench/results/llvm17_inject/entropy/float/site224_bit19.out,,,,,,,,,,,,,,,,
224,20,MASKED,MASKED_UNFLAGGED,,,,HeCBench/results/llvm17_inject/entropy/float/site224_bit20.out,,,,,,,,,,,,,,,,
224,21,MASKED,MASKED_UNFLAGGED,,,,HeCBench/results/llvm17_inject/entropy/float/site224_bit21.out,,,,,,,,,,,,,,,,
224,22,MASKED,MASKED_UNFLAGGED,,,,HeCBench/results/llvm17_inject/entropy/float/site224_bit22.out,,,,,,,,,,,,,,,,
224,23,MASKED,MASKED_UNFLAGGED,,,,HeCBench/results/llvm17_inject/entropy/float/site224_bit23.out,,,,,,,,,,,,,,,,
224,24,MASKED,MASKED_UNFLAGGED,,,,HeCBench/results/llvm17_inject/entropy/float/site224_bit24.out,,,,,,,,,,,,,,,,
224,25,MASKED,MASKED_UNFLAGGED,,,,HeCBench/results/llvm17_inject/entropy/float/site224_bit25.out,,,,,,,,,,,,,,,,
224,26,MASKED,MASKED_UNFLAGGED,,,,HeCBench/results/llvm17_inject/entropy/float/site224_bit26.out,,,,,,,,,,,,,,,,
224,27,MASKED,MASKED_UNFLAGGED,,,,HeCBench/results/llvm17_inject/entropy/float/site224_bit27.out,,,,,,,,,,,,,,,,
224,28,MASKED,MASKED_UNFLAGGED,,,,HeCBench/results/llvm17_inject/entropy/float/site224_bit28.out,,,,,,,,,,,,,,,,
224,29,MASKED,MASKED_UNFLAGGED,,,,HeCBench/results/llvm17_inject/entropy/float/site224_bit29.out,,,,,,,,,,,,,,,,
224,30,MASKED,MASKED_UNFLAGGED,,,,HeCBench/results/llvm17_inject/entropy/float/site224_bit30.out,,,,,,,,,,,,,,,,
224,31,MASKED,MASKED_UNFLAGGED,,,,HeCBench/results/llvm17_inject/entropy/float/site224_bit31.out,,,,,,,,,,,,,,,,
228,0,MASKED,MASKED_UNFLAGGED,,,,HeCBench/results/llvm17_inject/entropy/float/site228_bit0.out,,,,,,,,,,,,,,,,
228,1,MASKED,MASKED_UNFLAGGED,,,,HeCBench/results/llvm17_inject/entropy/float/site228_bit1.out,,,,,,,,,,,,,,,,
228,2,MASKED,MASKED_UNFLAGGED,,,,HeCBench/results/llvm17_inject/entropy/float/site228_bit2.out,,,,,,,,,,,,,,,,
228,3,MASKED,MASKED_UNFLAGGED,,,,HeCBench/results/llvm17_inject/entropy/float/site228_bit3.out,,,,,,,,,,,,,,,,
228,4,MASKED,MASKED_UNFLAGGED,,,,HeCBench/results/llvm17_inject/entropy/float/site228_bit4.out,,,,,,,,,,,,,,,,
228,5,MASKED,MASKED_UNFLAGGED,,,,HeCBench/results/llvm17_inject/entropy/float/site228_bit5.out,,,,,,,,,,,,,,,,
228,6,MASKED,MASKED_UNFLAGGED,,,,HeCBench/results/llvm17_inject/entropy/float/site228_bit6.out,,,,,,,,,,,,,,,,
228,7,MASKED,MASKED_UNFLAGGED,,,,HeCBench/results/llvm17_inject/entropy/float/site228_bit7.out,,,,,,,,,,,,,,,,
228,8,MASKED,MASKED_UNFLAGGED,,,,HeCBench/results/llvm17_inject/entropy/float/site228_bit8.out,,,,,,,,,,,,,,,,
228,9,MASKED,MASKED_UNFLAGGED,,,,HeCBench/results/llvm17_inject/entropy/float/site228_bit9.out,,,,,,,,,,,,,,,,
228,10,MASKED,MASKED_UNFLAGGED,,,,HeCBench/results/llvm17_inject/entropy/float/site228_bit10.out,,,,,,,,,,,,,,,,
228,11,MASKED,MASKED_UNFLAGGED,,,,HeCBench/results/llvm17_inject/entropy/float/site228_bit11.out,,,,,,,,,,,,,,,,
228,12,MASKED,MASKED_UNFLAGGED,,,,HeCBench/results/llvm17_inject/entropy/float/site228_bit12.out,,,,,,,,,,,,,,,,
228,13,MASKED,MASKED_UNFLAGGED,,,,HeCBench/results/llvm17_inject/entropy/float/site228_bit13.out,,,,,,,,,,,,,,,,
228,14,MASKED,MASKED_UNFLAGGED,,,,HeCBench/results/llvm17_inject/entropy/float/site228_bit14.out,,,,,,,,,,,,,,,,
228,15,MASKED,MASKED_UNFLAGGED,,,,HeCBench/results/llvm17_inject/entropy/float/site228_bit15.out,,,,,,,,,,,,,,,,
228,16,MASKED,MASKED_UNFLAGGED,,,,HeCBench/results/llvm17_inject/entropy/float/site228_bit16.out,,,,,,,,,,,,,,,,
228,17,MASKED,MASKED_UNFLAGGED,,,,HeCBench/results/llvm17_inject/entropy/float/site228_bit17.out,,,,,,,,,,,,,,,,
228,18,MASKED,MASKED_UNFLAGGED,,,,HeCBench/results/llvm17_inject/entropy/float/site228_bit18.out,,,,,,,,,,,,,,,,
228,19,MASKED,MASKED_UNFLAGGED,,,,HeCBench/results/llvm17_inject/entropy/float/site228_bit19.out,,,,,,,,,,,,,,,,
228,20,MASKED,MASKED_UNFLAGGED,,,,HeCBench/results/llvm17_inject/entropy/float/site228_bit20.out,,,,,,,,,,,,,,,,
228,21,MASKED,MASKED_UNFLAGGED,,,,HeCBench/results/llvm17_inject/entropy/float/site228_bit21.out,,,,,,,,,,,,,,,,
228,22,MASKED,MASKED_UNFLAGGED,,,,HeCBench/results/llvm17_inject/entropy/float/site228_bit22.out,,,,,,,,,,,,,,,,
228,23,MASKED,MASKED_UNFLAGGED,,,,HeCBench/results/llvm17_inject/entropy/float/site228_bit23.out,,,,,,,,,,,,,,,,
228,24,MASKED,MASKED_UNFLAGGED,,,,HeCBench/results/llvm17_inject/entropy/float/site228_bit24.out,,,,,,,,,,,,,,,,
228,25,MASKED,MASKED_UNFLAGGED,,,,HeCBench/results/llvm17_inject/entropy/float/site228_bit25.out,,,,,,,,,,,,,,,,
228,26,MASKED,MASKED_UNFLAGGED,,,,HeCBench/results/llvm17_inject/entropy/float/site228_bit26.out,,,,,,,,,,,,,,,,
228,27,MASKED,MASKED_UNFLAGGED,,,,HeCBench/results/llvm17_inject/entropy/float/site228_bit27.out,,,,,,,,,,,,,,,,
228,28,MASKED,MASKED_UNFLAGGED,,,,HeCBench/results/llvm17_inject/entropy/float/site228_bit28.out,,,,,,,,,,,,,,,,
228,29,MASKED,MASKED_UNFLAGGED,,,,HeCBench/results/llvm17_inject/entropy/float/site228_bit29.out,,,,,,,,,,,,,,,,
228,30,MASKED,MASKED_UNFLAGGED,,,,HeCBench/results/llvm17_inject/entropy/float/site228_bit30.out,,,,,,,,,,,,,,,,
228,31,MASKED,MASKED_UNFLAGGED,,,,HeCBench/results/llvm17_inject/entropy/float/site228_bit31.out,,,,,,,,,,,,,,,,
228,32,MASKED,MASKED_UNFLAGGED,,,,HeCBench/results/llvm17_inject/entropy/float/site228_bit32.out,,,,,,,,,,,,,,,,
228,33,MASKED,MASKED_UNFLAGGED,,,,HeCBench/results/llvm17_inject/entropy/float/site228_bit33.out,,,,,,,,,,,,,,,,
228,34,MASKED,MASKED_UNFLAGGED,,,,HeCBench/results/llvm17_inject/entropy/float/site228_bit34.out,,,,,,,,,,,,,,,,
228,35,MASKED,MASKED_UNFLAGGED,,,,HeCBench/results/llvm17_inject/entropy/float/site228_bit35.out,,,,,,,,,,,,,,,,
228,36,MASKED,MASKED_UNFLAGGED,,,,HeCBench/results/llvm17_inject/entropy/float/site228_bit36.out,,,,,,,,,,,,,,,,
228,37,MASKED,MASKED_UNFLAGGED,,,,HeCBench/results/llvm17_inject/entropy/float/site228_bit37.out,,,,,,,,,,,,,,,,
228,38,MASKED,MASKED_UNFLAGGED,,,,HeCBench/results/llvm17_inject/entropy/float/site228_bit38.out,,,,,,,,,,,,,,,,
228,39,MASKED,MASKED_UNFLAGGED,,,,HeCBench/results/llvm17_inject/entropy/float/site228_bit39.out,,,,,,,,,,,,,,,,
228,40,MASKED,MASKED_UNFLAGGED,,,,HeCBench/results/llvm17_inject/entropy/float/site228_bit40.out,,,,,,,,,,,,,,,,
228,41,MASKED,MASKED_UNFLAGGED,,,,HeCBench/results/llvm17_inject/entropy/float/site228_bit41.out,,,,,,,,,,,,,,,,
228,42,MASKED,MASKED_UNFLAGGED,,,,HeCBench/results/llvm17_inject/entropy/float/site228_bit42.out,,,,,,,,,,,,,,,,
228,43,MASKED,MASKED_UNFLAGGED,,,,HeCBench/results/llvm17_inject/entropy/float/site228_bit43.out,,,,,,,,,,,,,,,,
228,44,MASKED,MASKED_UNFLAGGED,,,,HeCBench/results/llvm17_inject/entropy/float/site228_bit44.out,,,,,,,,,,,,,,,,
228,45,MASKED,MASKED_UNFLAGGED,,,,HeCBench/results/llvm17_inject/entropy/float/site228_bit45.out,,,,,,,,,,,,,,,,
228,46,MASKED,MASKED_UNFLAGGED,,,,HeCBench/results/llvm17_inject/entropy/float/site228_bit46.out,,,,,,,,,,,,,,,,
228,47,MASKED,MASKED_UNFLAGGED,,,,HeCBench/results/llvm17_inject/entropy/float/site228_bit47.out,,,,,,,,,,,,,,,,
228,48,MASKED,MASKED_UNFLAGGED,,,,HeCBench/results/llvm17_inject/entropy/float/site228_bit48.out,,,,,,,,,,,,,,,,
228,49,MASKED,MASKED_UNFLAGGED,,,,HeCBench/results/llvm17_inject/entropy/float/site228_bit49.out,,,,,,,,,,,,,,,,
228,50,MASKED,MASKED_UNFLAGGED,,,,HeCBench/results/llvm17_inject/entropy/float/site228_bit50.out,,,,,,,,,,,,,,,,
228,51,MASKED,MASKED_UNFLAGGED,,,,HeCBench/results/llvm17_inject/entropy/float/site228_bit51.out,,,,,,,,,,,,,,,,
228,52,MASKED,MASKED_UNFLAGGED,,,,HeCBench/results/llvm17_inject/entropy/float/site228_bit52.out,,,,,,,,,,,,,,,,
228,53,MASKED,MASKED_UNFLAGGED,,,,HeCBench/results/llvm17_inject/entropy/float/site228_bit53.out,,,,,,,,,,,,,,,,
228,54,MASKED,MASKED_UNFLAGGED,,,,HeCBench/results/llvm17_inject/entropy/float/site228_bit54.out,,,,,,,,,,,,,,,,
228,55,MASKED,MASKED_UNFLAGGED,,,,HeCBench/results/llvm17_inject/entropy/float/site228_bit55.out,,,,,,,,,,,,,,,,
228,56,MASKED,MASKED_UNFLAGGED,,,,HeCBench/results/llvm17_inject/entropy/float/site228_bit56.out,,,,,,,,,,,,,,,,
228,57,MASKED,MASKED_UNFLAGGED,,,,HeCBench/results/llvm17_inject/entropy/float/site228_bit57.out,,,,,,,,,,,,,,,,
228,58,MASKED,MASKED_UNFLAGGED,,,,HeCBench/results/llvm17_inject/entropy/float/site228_bit58.out,,,,,,,,,,,,,,,,
228,59,MASKED,MASKED_UNFLAGGED,,,,HeCBench/results/llvm17_inject/entropy/float/site228_bit59.out,,,,,,,,,,,,,,,,
228,60,MASKED,MASKED_UNFLAGGED,,,,HeCBench/results/llvm17_inject/entropy/float/site228_bit60.out,,,,,,,,,,,,,,,,
228,61,MASKED,MASKED_UNFLAGGED,,,,HeCBench/results/llvm17_inject/entropy/float/site228_bit61.out,,,,,,,,,,,,,,,,
228,62,MASKED,MASKED_UNFLAGGED,,,,HeCBench/results/llvm17_inject/entropy/float/site228_bit62.out,,,,,,,,,,,,,,,,
228,63,MASKED,MASKED_UNFLAGGED,,,,HeCBench/results/llvm17_inject/entropy/float/site228_bit63.out,,,,,,,,,,,,,,,,
230,0,MASKED,MASKED_UNFLAGGED,,,,HeCBench/results/llvm17_inject/entropy/float/site230_bit0.out,,,,,,,,,,,,,,,,
230,1,MASKED,MASKED_UNFLAGGED,,,,HeCBench/results/llvm17_inject/entropy/float/site230_bit1.out,,,,,,,,,,,,,,,,
230,2,MASKED,MASKED_UNFLAGGED,,,,HeCBench/results/llvm17_inject/entropy/float/site230_bit2.out,,,,,,,,,,,,,,,,
230,3,MASKED,MASKED_UNFLAGGED,,,,HeCBench/results/llvm17_inject/entropy/float/site230_bit3.out,,,,,,,,,,,,,,,,
230,4,MASKED,MASKED_UNFLAGGED,,,,HeCBench/results/llvm17_inject/entropy/float/site230_bit4.out,,,,,,,,,,,,,,,,
230,5,MASKED,MASKED_UNFLAGGED,,,,HeCBench/results/llvm17_inject/entropy/float/site230_bit5.out,,,,,,,,,,,,,,,,
230,6,MASKED,MASKED_UNFLAGGED,,,,HeCBench/results/llvm17_inject/entropy/float/site230_bit6.out,,,,,,,,,,,,,,,,
230,7,MASKED,MASKED_UNFLAGGED,,,,HeCBench/results/llvm17_inject/entropy/float/site230_bit7.out,,,,,,,,,,,,,,,,
230,8,MASKED,MASKED_UNFLAGGED,,,,HeCBench/results/llvm17_inject/entropy/float/site230_bit8.out,,,,,,,,,,,,,,,,
230,9,MASKED,MASKED_UNFLAGGED,,,,HeCBench/results/llvm17_inject/entropy/float/site230_bit9.out,,,,,,,,,,,,,,,,
230,10,MASKED,MASKED_UNFLAGGED,,,,HeCBench/results/llvm17_inject/entropy/float/site230_bit10.out,,,,,,,,,,,,,,,,
230,11,MASKED,MASKED_UNFLAGGED,,,,HeCBench/results/llvm17_inject/entropy/float/site230_bit11.out,,,,,,,,,,,,,,,,
230,12,MASKED,MASKED_UNFLAGGED,,,,HeCBench/results/llvm17_inject/entropy/float/site230_bit12.out,,,,,,,,,,,,,,,,
230,13,MASKED,MASKED_UNFLAGGED,,,,HeCBench/results/llvm17_inject/entropy/float/site230_bit13.out,,,,,,,,,,,,,,,,
230,14,MASKED,MASKED_UNFLAGGED,,,,HeCBench/results/llvm17_inject/entropy/float/site230_bit14.out,,,,,,,,,,,,,,,,
230,15,MASKED,MASKED_UNFLAGGED,,,,HeCBench/results/llvm17_inject/entropy/float/site230_bit15.out,,,,,,,,,,,,,,,,
230,16,MASKED,MASKED_UNFLAGGED,,,,HeCBench/results/llvm17_inject/entropy/float/site230_bit16.out,,,,,,,,,,,,,,,,
230,17,MASKED,MASKED_UNFLAGGED,,,,HeCBench/results/llvm17_inject/entropy/float/site230_bit17.out,,,,,,,,,,,,,,,,
230,18,MASKED,MASKED_UNFLAGGED,,,,HeCBench/results/llvm17_inject/entropy/float/site230_bit18.out,,,,,,,,,,,,,,,,
230,19,MASKED,MASKED_UNFLAGGED,,,,HeCBench/results/llvm17_inject/entropy/float/site230_bit19.out,,,,,,,,,,,,,,,,
230,20,MASKED,MASKED_UNFLAGGED,,,,HeCBench/results/llvm17_inject/entropy/float/site230_bit20.out,,,,,,,,,,,,,,,,
230,21,MASKED,MASKED_UNFLAGGED,,,,HeCBench/results/llvm17_inject/entropy/float/site230_bit21.out,,,,,,,,,,,,,,,,
230,22,MASKED,MASKED_UNFLAGGED,,,,HeCBench/results/llvm17_inject/entropy/float/site230_bit22.out,,,,,,,,,,,,,,,,
230,23,MASKED,MASKED_UNFLAGGED,,,,HeCBench/results/llvm17_inject/entropy/float/site230_bit23.out,,,,,,,,,,,,,,,,
230,24,MASKED,MASKED_UNFLAGGED,,,,HeCBench/results/llvm17_inject/entropy/float/site230_bit24.out,,,,,,,,,,,,,,,,
230,25,MASKED,MASKED_UNFLAGGED,,,,HeCBench/results/llvm17_inject/entropy/float/site230_bit25.out,,,,,,,,,,,,,,,,
230,26,MASKED,MASKED_UNFLAGGED,,,,HeCBench/results/llvm17_inject/entropy/float/site230_bit26.out,,,,,,,,,,,,,,,,
230,27,MASKED,MASKED_UNFLAGGED,,,,HeCBench/results/llvm17_inject/entropy/float/site230_bit27.out,,,,,,,,,,,,,,,,
230,28,MASKED,MASKED_UNFLAGGED,,,,HeCBench/results/llvm17_inject/entropy/float/site230_bit28.out,,,,,,,,,,,,,,,,
230,29,MASKED,MASKED_UNFLAGGED,,,,HeCBench/results/llvm17_inject/entropy/float/site230_bit29.out,,,,,,,,,,,,,,,,
230,30,MASKED,MASKED_UNFLAGGED,,,,HeCBench/results/llvm17_inject/entropy/float/site230_bit30.out,,,,,,,,,,,,,,,,
230,31,MASKED,MASKED_UNFLAGGED,,,,HeCBench/results/llvm17_inject/entropy/float/site230_bit31.out,,,,,,,,,,,,,,,,
230,32,MASKED,MASKED_UNFLAGGED,,,,HeCBench/results/llvm17_inject/entropy/float/site230_bit32.out,,,,,,,,,,,,,,,,
230,33,MASKED,MASKED_UNFLAGGED,,,,HeCBench/results/llvm17_inject/entropy/float/site230_bit33.out,,,,,,,,,,,,,,,,
230,34,MASKED,MASKED_UNFLAGGED,,,,HeCBench/results/llvm17_inject/entropy/float/site230_bit34.out,,,,,,,,,,,,,,,,
230,35,MASKED,MASKED_UNFLAGGED,,,,HeCBench/results/llvm17_inject/entropy/float/site230_bit35.out,,,,,,,,,,,,,,,,
230,36,MASKED,MASKED_UNFLAGGED,,,,HeCBench/results/llvm17_inject/entropy/float/site230_bit36.out,,,,,,,,,,,,,,,,
230,37,MASKED,MASKED_UNFLAGGED,,,,HeCBench/results/llvm17_inject/entropy/float/site230_bit37.out,,,,,,,,,,,,,,,,
230,38,MASKED,MASKED_UNFLAGGED,,,,HeCBench/results/llvm17_inject/entropy/float/site230_bit38.out,,,,,,,,,,,,,,,,
230,39,MASKED,MASKED_UNFLAGGED,,,,HeCBench/results/llvm17_inject/entropy/float/site230_bit39.out,,,,,,,,,,,,,,,,
230,40,MASKED,MASKED_UNFLAGGED,,,,HeCBench/results/llvm17_inject/entropy/float/site230_bit40.out,,,,,,,,,,,,,,,,
230,41,MASKED,MASKED_UNFLAGGED,,,,HeCBench/results/llvm17_inject/entropy/float/site230_bit41.out,,,,,,,,,,,,,,,,
230,42,MASKED,MASKED_UNFLAGGED,,,,HeCBench/results/llvm17_inject/entropy/float/site230_bit42.out,,,,,,,,,,,,,,,,
230,43,MASKED,MASKED_UNFLAGGED,,,,HeCBench/results/llvm17_inject/entropy/float/site230_bit43.out,,,,,,,,,,,,,,,,
230,44,MASKED,MASKED_UNFLAGGED,,,,HeCBench/results/llvm17_inject/entropy/float/site230_bit44.out,,,,,,,,,,,,,,,,
230,45,MASKED,MASKED_UNFLAGGED,,,,HeCBench/results/llvm17_inject/entropy/float/site230_bit45.out,,,,,,,,,,,,,,,,
230,46,MASKED,MASKED_UNFLAGGED,,,,HeCBench/results/llvm17_inject/entropy/float/site230_bit46.out,,,,,,,,,,,,,,,,
230,47,MASKED,MASKED_UNFLAGGED,,,,HeCBench/results/llvm17_inject/entropy/float/site230_bit47.out,,,,,,,,,,,,,,,,
230,48,MASKED,MASKED_UNFLAGGED,,,,HeCBench/results/llvm17_inject/entropy/float/site230_bit48.out,,,,,,,,,,,,,,,,
230,49,MASKED,MASKED_UNFLAGGED,,,,HeCBench/results/llvm17_inject/entropy/float/site230_bit49.out,,,,,,,,,,,,,,,,
230,50,MASKED,MASKED_UNFLAGGED,,,,HeCBench/results/llvm17_inject/entropy/float/site230_bit50.out,,,,,,,,,,,,,,,,
230,51,MASKED,MASKED_UNFLAGGED,,,,HeCBench/results/llvm17_inject/entropy/float/site230_bit51.out,,,,,,,,,,,,,,,,
230,52,MASKED,MASKED_UNFLAGGED,,,,HeCBench/results/llvm17_inject/entropy/float/site230_bit52.out,,,,,,,,,,,,,,,,
230,53,MASKED,MASKED_UNFLAGGED,,,,HeCBench/results/llvm17_inject/entropy/float/site230_bit53.out,,,,,,,,,,,,,,,,
230,54,MASKED,MASKED_UNFLAGGED,,,,HeCBench/results/llvm17_inject/entropy/float/site230_bit54.out,,,,,,,,,,,,,,,,
230,55,MASKED,MASKED_UNFLAGGED,,,,HeCBench/results/llvm17_inject/entropy/float/site230_bit55.out,,,,,,,,,,,,,,,,
230,56,MASKED,MASKED_UNFLAGGED,,,,HeCBench/results/llvm17_inject/entropy/float/site230_bit56.out,,,,,,,,,,,,,,,,
230,57,MASKED,MASKED_UNFLAGGED,,,,HeCBench/results/llvm17_inject/entropy/float/site230_bit57.out,,,,,,,,,,,,,,,,
230,58,MASKED,MASKED_UNFLAGGED,,,,HeCBench/results/llvm17_inject/entropy/float/site230_bit58.out,,,,,,,,,,,,,,,,
230,59,MASKED,MASKED_UNFLAGGED,,,,HeCBench/results/llvm17_inject/entropy/float/site230_bit59.out,,,,,,,,,,,,,,,,
230,60,MASKED,MASKED_UNFLAGGED,,,,HeCBench/results/llvm17_inject/entropy/float/site230_bit60.out,,,,,,,,,,,,,,,,
230,61,MASKED,MASKED_UNFLAGGED,,,,HeCBench/results/llvm17_inject/entropy/float/site230_bit61.out,,,,,,,,,,,,,,,,
230,62,MASKED,MASKED_UNFLAGGED,,,,HeCBench/results/llvm17_inject/entropy/float/site230_bit62.out,,,,,,,,,,,,,,,,
230,63,MASKED,MASKED_UNFLAGGED,,,,HeCBench/results/llvm17_inject/entropy/float/site230_bit63.out,,,,,,,,,,,,,,,,
232,0,MASKED,MASKED_UNFLAGGED,,,,HeCBench/results/llvm17_inject/entropy/float/site232_bit0.out,,,,,,,,,,,,,,,,
232,1,MASKED,MASKED_UNFLAGGED,,,,HeCBench/results/llvm17_inject/entropy/float/site232_bit1.out,,,,,,,,,,,,,,,,
232,2,MASKED,MASKED_UNFLAGGED,,,,HeCBench/results/llvm17_inject/entropy/float/site232_bit2.out,,,,,,,,,,,,,,,,
232,3,MASKED,MASKED_UNFLAGGED,,,,HeCBench/results/llvm17_inject/entropy/float/site232_bit3.out,,,,,,,,,,,,,,,,
232,4,MASKED,MASKED_UNFLAGGED,,,,HeCBench/results/llvm17_inject/entropy/float/site232_bit4.out,,,,,,,,,,,,,,,,
232,5,MASKED,MASKED_UNFLAGGED,,,,HeCBench/results/llvm17_inject/entropy/float/site232_bit5.out,,,,,,,,,,,,,,,,
232,6,MASKED,MASKED_UNFLAGGED,,,,HeCBench/results/llvm17_inject/entropy/float/site232_bit6.out,,,,,,,,,,,,,,,,
232,7,MASKED,MASKED_UNFLAGGED,,,,HeCBench/results/llvm17_inject/entropy/float/site232_bit7.out,,,,,,,,,,,,,,,,
232,8,MASKED,MASKED_UNFLAGGED,,,,HeCBench/results/llvm17_inject/entropy/float/site232_bit8.out,,,,,,,,,,,,,,,,
232,9,MASKED,MASKED_UNFLAGGED,,,,HeCBench/results/llvm17_inject/entropy/float/site232_bit9.out,,,,,,,,,,,,,,,,
232,10,MASKED,MASKED_UNFLAGGED,,,,HeCBench/results/llvm17_inject/entropy/float/site232_bit10.out,,,,,,,,,,,,,,,,
232,11,MASKED,MASKED_UNFLAGGED,,,,HeCBench/results/llvm17_inject/entropy/float/site232_bit11.out,,,,,,,,,,,,,,,,
232,12,MASKED,MASKED_UNFLAGGED,,,,HeCBench/results/llvm17_inject/entropy/float/site232_bit12.out,,,,,,,,,,,,,,,,
232,13,MASKED,MASKED_UNFLAGGED,,,,HeCBench/results/llvm17_inject/entropy/float/site232_bit13.out,,,,,,,,,,,,,,,,
232,14,MASKED,MASKED_UNFLAGGED,,,,HeCBench/results/llvm17_inject/entropy/float/site232_bit14.out,,,,,,,,,,,,,,,,
232,15,MASKED,MASKED_UNFLAGGED,,,,HeCBench/results/llvm17_inject/entropy/float/site232_bit15.out,,,,,,,,,,,,,,,,
232,16,MASKED,MASKED_UNFLAGGED,,,,HeCBench/results/llvm17_inject/entropy/float/site232_bit16.out,,,,,,,,,,,,,,,,
232,17,MASKED,MASKED_UNFLAGGED,,,,HeCBench/results/llvm17_inject/entropy/float/site232_bit17.out,,,,,,,,,,,,,,,,
232,18,MASKED,MASKED_UNFLAGGED,,,,HeCBench/results/llvm17_inject/entropy/float/site232_bit18.out,,,,,,,,,,,,,,,,
232,19,MASKED,MASKED_UNFLAGGED,,,,HeCBench/results/llvm17_inject/entropy/float/site232_bit19.out,,,,,,,,,,,,,,,,
232,20,MASKED,MASKED_UNFLAGGED,,,,HeCBench/results/llvm17_inject/entropy/float/site232_bit20.out,,,,,,,,,,,,,,,,
232,21,MASKED,MASKED_UNFLAGGED,,,,HeCBench/results/llvm17_inject/entropy/float/site232_bit21.out,,,,,,,,,,,,,,,,
232,22,MASKED,MASKED_UNFLAGGED,,,,HeCBench/results/llvm17_inject/entropy/float/site232_bit22.out,,,,,,,,,,,,,,,,
232,23,MASKED,MASKED_UNFLAGGED,,,,HeCBench/results/llvm17_inject/entropy/float/site232_bit23.out,,,,,,,,,,,,,,,,
232,24,MASKED,MASKED_UNFLAGGED,,,,HeCBench/results/llvm17_inject/entropy/float/site232_bit24.out,,,,,,,,,,,,,,,,
232,25,MASKED,MASKED_UNFLAGGED,,,,HeCBench/results/llvm17_inject/entropy/float/site232_bit25.out,,,,,,,,,,,,,,,,
232,26,MASKED,MASKED_UNFLAGGED,,,,HeCBench/results/llvm17_inject/entropy/float/site232_bit26.out,,,,,,,,,,,,,,,,
232,27,MASKED,MASKED_UNFLAGGED,,,,HeCBench/results/llvm17_inject/entropy/float/site232_bit27.out,,,,,,,,,,,,,,,,
232,28,MASKED,MASKED_UNFLAGGED,,,,HeCBench/results/llvm17_inject/entropy/float/site232_bit28.out,,,,,,,,,,,,,,,,
232,29,MASKED,MASKED_UNFLAGGED,,,,HeCBench/results/llvm17_inject/entropy/float/site232_bit29.out,,,,,,,,,,,,,,,,
232,30,MASKED,MASKED_UNFLAGGED,,,,HeCBench/results/llvm17_inject/entropy/float/site232_bit30.out,,,,,,,,,,,,,,,,
232,31,MASKED,MASKED_UNFLAGGED,,,,HeCBench/results/llvm17_inject/entropy/float/site232_bit31.out,,,,,,,,,,,,,,,,
232,32,MASKED,MASKED_UNFLAGGED,,,,HeCBench/results/llvm17_inject/entropy/float/site232_bit32.out,,,,,,,,,,,,,,,,
232,33,MASKED,MASKED_UNFLAGGED,,,,HeCBench/results/llvm17_inject/entropy/float/site232_bit33.out,,,,,,,,,,,,,,,,
232,34,MASKED,MASKED_UNFLAGGED,,,,HeCBench/results/llvm17_inject/entropy/float/site232_bit34.out,,,,,,,,,,,,,,,,
232,35,MASKED,MASKED_UNFLAGGED,,,,HeCBench/results/llvm17_inject/entropy/float/site232_bit35.out,,,,,,,,,,,,,,,,
232,36,MASKED,MASKED_UNFLAGGED,,,,HeCBench/results/llvm17_inject/entropy/float/site232_bit36.out,,,,,,,,,,,,,,,,
232,37,MASKED,MASKED_UNFLAGGED,,,,HeCBench/results/llvm17_inject/entropy/float/site232_bit37.out,,,,,,,,,,,,,,,,
232,38,MASKED,MASKED_UNFLAGGED,,,,HeCBench/results/llvm17_inject/entropy/float/site232_bit38.out,,,,,,,,,,,,,,,,
232,39,MASKED,MASKED_UNFLAGGED,,,,HeCBench/results/llvm17_inject/entropy/float/site232_bit39.out,,,,,,,,,,,,,,,,
232,40,MASKED,MASKED_UNFLAGGED,,,,HeCBench/results/llvm17_inject/entropy/float/site232_bit40.out,,,,,,,,,,,,,,,,
232,41,MASKED,MASKED_UNFLAGGED,,,,HeCBench/results/llvm17_inject/entropy/float/site232_bit41.out,,,,,,,,,,,,,,,,
232,42,MASKED,MASKED_UNFLAGGED,,,,HeCBench/results/llvm17_inject/entropy/float/site232_bit42.out,,,,,,,,,,,,,,,,
232,43,MASKED,MASKED_UNFLAGGED,,,,HeCBench/results/llvm17_inject/entropy/float/site232_bit43.out,,,,,,,,,,,,,,,,
232,44,MASKED,MASKED_UNFLAGGED,,,,HeCBench/results/llvm17_inject/entropy/float/site232_bit44.out,,,,,,,,,,,,,,,,
232,45,MASKED,MASKED_UNFLAGGED,,,,HeCBench/results/llvm17_inject/entropy/float/site232_bit45.out,,,,,,,,,,,,,,,,
232,46,MASKED,MASKED_UNFLAGGED,,,,HeCBench/results/llvm17_inject/entropy/float/site232_bit46.out,,,,,,,,,,,,,,,,
232,47,MASKED,MASKED_UNFLAGGED,,,,HeCBench/results/llvm17_inject/entropy/float/site232_bit47.out,,,,,,,,,,,,,,,,
232,48,MASKED,MASKED_UNFLAGGED,,,,HeCBench/results/llvm17_inject/entropy/float/site232_bit48.out,,,,,,,,,,,,,,,,
232,49,MASKED,MASKED_UNFLAGGED,,,,HeCBench/results/llvm17_inject/entropy/float/site232_bit49.out,,,,,,,,,,,,,,,,
232,50,MASKED,MASKED_UNFLAGGED,,,,HeCBench/results/llvm17_inject/entropy/float/site232_bit50.out,,,,,,,,,,,,,,,,
232,51,MASKED,MASKED_UNFLAGGED,,,,HeCBench/results/llvm17_inject/entropy/float/site232_bit51.out,,,,,,,,,,,,,,,,
232,52,MASKED,MASKED_UNFLAGGED,,,,HeCBench/results/llvm17_inject/entropy/float/site232_bit52.out,,,,,,,,,,,,,,,,
232,53,MASKED,MASKED_UNFLAGGED,,,,HeCBench/results/llvm17_inject/entropy/float/site232_bit53.out,,,,,,,,,,,,,,,,
232,54,MASKED,MASKED_UNFLAGGED,,,,HeCBench/results/llvm17_inject/entropy/float/site232_bit54.out,,,,,,,,,,,,,,,,
232,55,MASKED,MASKED_UNFLAGGED,,,,HeCBench/results/llvm17_inject/entropy/float/site232_bit55.out,,,,,,,,,,,,,,,,
232,56,MASKED,MASKED_UNFLAGGED,,,,HeCBench/results/llvm17_inject/entropy/float/site232_bit56.out,,,,,,,,,,,,,,,,
232,57,MASKED,MASKED_UNFLAGGED,,,,HeCBench/results/llvm17_inject/entropy/float/site232_bit57.out,,,,,,,,,,,,,,,,
232,58,MASKED,MASKED_UNFLAGGED,,,,HeCBench/results/llvm17_inject/entropy/float/site232_bit58.out,,,,,,,,,,,,,,,,
232,59,MASKED,MASKED_UNFLAGGED,,,,HeCBench/results/llvm17_inject/entropy/float/site232_bit59.out,,,,,,,,,,,,,,,,
232,60,MASKED,MASKED_UNFLAGGED,,,,HeCBench/results/llvm17_inject/entropy/float/site232_bit60.out,,,,,,,,,,,,,,,,
232,61,MASKED,MASKED_UNFLAGGED,,,,HeCBench/results/llvm17_inject/entropy/float/site232_bit61.out,,,,,,,,,,,,,,,,
232,62,MASKED,MASKED_UNFLAGGED,,,,HeCBench/results/llvm17_inject/entropy/float/site232_bit62.out,,,,,,,,,,,,,,,,
232,63,MASKED,MASKED_UNFLAGGED,,,,HeCBench/results/llvm17_inject/entropy/float/site232_bit63.out,,,,,,,,,,,,,,,,
233,0,MASKED,MASKED_UNFLAGGED,,,,HeCBench/results/llvm17_inject/entropy/float/site233_bit0.out,,,,,,,,,,,,,,,,
233,1,MASKED,MASKED_UNFLAGGED,,,,HeCBench/results/llvm17_inject/entropy/float/site233_bit1.out,,,,,,,,,,,,,,,,
233,2,MASKED,MASKED_UNFLAGGED,,,,HeCBench/results/llvm17_inject/entropy/float/site233_bit2.out,,,,,,,,,,,,,,,,
233,3,MASKED,MASKED_UNFLAGGED,,,,HeCBench/results/llvm17_inject/entropy/float/site233_bit3.out,,,,,,,,,,,,,,,,
233,4,MASKED,MASKED_UNFLAGGED,,,,HeCBench/results/llvm17_inject/entropy/float/site233_bit4.out,,,,,,,,,,,,,,,,
233,5,MASKED,MASKED_UNFLAGGED,,,,HeCBench/results/llvm17_inject/entropy/float/site233_bit5.out,,,,,,,,,,,,,,,,
233,6,MASKED,MASKED_UNFLAGGED,,,,HeCBench/results/llvm17_inject/entropy/float/site233_bit6.out,,,,,,,,,,,,,,,,
233,7,MASKED,MASKED_UNFLAGGED,,,,HeCBench/results/llvm17_inject/entropy/float/site233_bit7.out,,,,,,,,,,,,,,,,
233,8,MASKED,MASKED_UNFLAGGED,,,,HeCBench/results/llvm17_inject/entropy/float/site233_bit8.out,,,,,,,,,,,,,,,,
233,9,MASKED,MASKED_UNFLAGGED,,,,HeCBench/results/llvm17_inject/entropy/float/site233_bit9.out,,,,,,,,,,,,,,,,
233,10,MASKED,MASKED_UNFLAGGED,,,,HeCBench/results/llvm17_inject/entropy/float/site233_bit10.out,,,,,,,,,,,,,,,,
233,11,MASKED,MASKED_UNFLAGGED,,,,HeCBench/results/llvm17_inject/entropy/float/site233_bit11.out,,,,,,,,,,,,,,,,
233,12,MASKED,MASKED_UNFLAGGED,,,,HeCBench/results/llvm17_inject/entropy/float/site233_bit12.out,,,,,,,,,,,,,,,,
233,13,MASKED,MASKED_UNFLAGGED,,,,HeCBench/results/llvm17_inject/entropy/float/site233_bit13.out,,,,,,,,,,,,,,,,
233,14,MASKED,MASKED_UNFLAGGED,,,,HeCBench/results/llvm17_inject/entropy/float/site233_bit14.out,,,,,,,,,,,,,,,,
233,15,MASKED,MASKED_UNFLAGGED,,,,HeCBench/results/llvm17_inject/entropy/float/site233_bit15.out,,,,,,,,,,,,,,,,
233,16,MASKED,MASKED_UNFLAGGED,,,,HeCBench/results/llvm17_inject/entropy/float/site233_bit16.out,,,,,,,,,,,,,,,,
233,17,MASKED,MASKED_UNFLAGGED,,,,HeCBench/results/llvm17_inject/entropy/float/site233_bit17.out,,,,,,,,,,,,,,,,
233,18,MASKED,MASKED_UNFLAGGED,,,,HeCBench/results/llvm17_inject/entropy/float/site233_bit18.out,,,,,,,,,,,,,,,,
233,19,MASKED,MASKED_UNFLAGGED,,,,HeCBench/results/llvm17_inject/entropy/float/site233_bit19.out,,,,,,,,,,,,,,,,
233,20,MASKED,MASKED_UNFLAGGED,,,,HeCBench/results/llvm17_inject/entropy/float/site233_bit20.out,,,,,,,,,,,,,,,,
233,21,MASKED,MASKED_UNFLAGGED,,,,HeCBench/results/llvm17_inject/entropy/float/site233_bit21.out,,,,,,,,,,,,,,,,
233,22,MASKED,MASKED_UNFLAGGED,,,,HeCBench/results/llvm17_inject/entropy/float/site233_bit22.out,,,,,,,,,,,,,,,,
233,23,MASKED,MASKED_UNFLAGGED,,,,HeCBench/results/llvm17_inject/entropy/float/site233_bit23.out,,,,,,,,,,,,,,,,
233,24,MASKED,MASKED_UNFLAGGED,,,,HeCBench/results/llvm17_inject/entropy/float/site233_bit24.out,,,,,,,,,,,,,,,,
233,25,MASKED,MASKED_UNFLAGGED,,,,HeCBench/results/llvm17_inject/entropy/float/site233_bit25.out,,,,,,,,,,,,,,,,
233,26,MASKED,MASKED_UNFLAGGED,,,,HeCBench/results/llvm17_inject/entropy/float/site233_bit26.out,,,,,,,,,,,,,,,,
233,27,MASKED,MASKED_UNFLAGGED,,,,HeCBench/results/llvm17_inject/entropy/float/site233_bit27.out,,,,,,,,,,,,,,,,
233,28,MASKED,MASKED_UNFLAGGED,,,,HeCBench/results/llvm17_inject/entropy/float/site233_bit28.out,,,,,,,,,,,,,,,,
233,29,MASKED,MASKED_UNFLAGGED,,,,HeCBench/results/llvm17_inject/entropy/float/site233_bit29.out,,,,,,,,,,,,,,,,
233,30,MASKED,MASKED_UNFLAGGED,,,,HeCBench/results/llvm17_inject/entropy/float/site233_bit30.out,,,,,,,,,,,,,,,,
233,31,MASKED,MASKED_UNFLAGGED,,,,HeCBench/results/llvm17_inject/entropy/float/site233_bit31.out,,,,,,,,,,,,,,,,
234,0,MASKED,MASKED_UNFLAGGED,,,,HeCBench/results/llvm17_inject/entropy/float/site234_bit0.out,,,,,,,,,,,,,,,,
234,1,MASKED,MASKED_UNFLAGGED,,,,HeCBench/results/llvm17_inject/entropy/float/site234_bit1.out,,,,,,,,,,,,,,,,
234,2,MASKED,MASKED_UNFLAGGED,,,,HeCBench/results/llvm17_inject/entropy/float/site234_bit2.out,,,,,,,,,,,,,,,,
234,3,MASKED,MASKED_UNFLAGGED,,,,HeCBench/results/llvm17_inject/entropy/float/site234_bit3.out,,,,,,,,,,,,,,,,
234,4,MASKED,MASKED_UNFLAGGED,,,,HeCBench/results/llvm17_inject/entropy/float/site234_bit4.out,,,,,,,,,,,,,,,,
234,5,MASKED,MASKED_UNFLAGGED,,,,HeCBench/results/llvm17_inject/entropy/float/site234_bit5.out,,,,,,,,,,,,,,,,
234,6,MASKED,MASKED_UNFLAGGED,,,,HeCBench/results/llvm17_inject/entropy/float/site234_bit6.out,,,,,,,,,,,,,,,,
234,7,MASKED,MASKED_UNFLAGGED,,,,HeCBench/results/llvm17_inject/entropy/float/site234_bit7.out,,,,,,,,,,,,,,,,
234,8,MASKED,MASKED_UNFLAGGED,,,,HeCBench/results/llvm17_inject/entropy/float/site234_bit8.out,,,,,,,,,,,,,,,,
234,9,MASKED,MASKED_UNFLAGGED,,,,HeCBench/results/llvm17_inject/entropy/float/site234_bit9.out,,,,,,,,,,,,,,,,
234,10,MASKED,MASKED_UNFLAGGED,,,,HeCBench/results/llvm17_inject/entropy/float/site234_bit10.out,,,,,,,,,,,,,,,,
234,11,MASKED,MASKED_UNFLAGGED,,,,HeCBench/results/llvm17_inject/entropy/float/site234_bit11.out,,,,,,,,,,,,,,,,
234,12,MASKED,MASKED_UNFLAGGED,,,,HeCBench/results/llvm17_inject/entropy/float/site234_bit12.out,,,,,,,,,,,,,,,,
234,13,MASKED,MASKED_UNFLAGGED,,,,HeCBench/results/llvm17_inject/entropy/float/site234_bit13.out,,,,,,,,,,,,,,,,
234,14,MASKED,MASKED_UNFLAGGED,,,,HeCBench/results/llvm17_inject/entropy/float/site234_bit14.out,,,,,,,,,,,,,,,,
234,15,MASKED,MASKED_UNFLAGGED,,,,HeCBench/results/llvm17_inject/entropy/float/site234_bit15.out,,,,,,,,,,,,,,,,
234,16,MASKED,MASKED_UNFLAGGED,,,,HeCBench/results/llvm17_inject/entropy/float/site234_bit16.out,,,,,,,,,,,,,,,,
234,17,MASKED,MASKED_UNFLAGGED,,,,HeCBench/results/llvm17_inject/entropy/float/site234_bit17.out,,,,,,,,,,,,,,,,
234,18,MASKED,MASKED_UNFLAGGED,,,,HeCBench/results/llvm17_inject/entropy/float/site234_bit18.out,,,,,,,,,,,,,,,,
234,19,MASKED,MASKED_UNFLAGGED,,,,HeCBench/results/llvm17_inject/entropy/float/site234_bit19.out,,,,,,,,,,,,,,,,
234,20,MASKED,MASKED_UNFLAGGED,,,,HeCBench/results/llvm17_inject/entropy/float/site234_bit20.out,,,,,,,,,,,,,,,,
234,21,MASKED,MASKED_UNFLAGGED,,,,HeCBench/results/llvm17_inject/entropy/float/site234_bit21.out,,,,,,,,,,,,,,,,
234,22,MASKED,MASKED_UNFLAGGED,,,,HeCBench/results/llvm17_inject/entropy/float/site234_bit22.out,,,,,,,,,,,,,,,,
234,23,MASKED,MASKED_UNFLAGGED,,,,HeCBench/results/llvm17_inject/entropy/float/site234_bit23.out,,,,,,,,,,,,,,,,
234,24,MASKED,MASKED_UNFLAGGED,,,,HeCBench/results/llvm17_inject/entropy/float/site234_bit24.out,,,,,,,,,,,,,,,,
234,25,MASKED,MASKED_UNFLAGGED,,,,HeCBench/results/llvm17_inject/entropy/float/site234_bit25.out,,,,,,,,,,,,,,,,
234,26,MASKED,MASKED_UNFLAGGED,,,,HeCBench/results/llvm17_inject/entropy/float/site234_bit26.out,,,,,,,,,,,,,,,,
234,27,MASKED,MASKED_UNFLAGGED,,,,HeCBench/results/llvm17_inject/entropy/float/site234_bit27.out,,,,,,,,,,,,,,,,
234,28,MASKED,MASKED_UNFLAGGED,,,,HeCBench/results/llvm17_inject/entropy/float/site234_bit28.out,,,,,,,,,,,,,,,,
234,29,MASKED,MASKED_UNFLAGGED,,,,HeCBench/results/llvm17_inject/entropy/float/site234_bit29.out,,,,,,,,,,,,,,,,
234,30,MASKED,MASKED_UNFLAGGED,,,,HeCBench/results/llvm17_inject/entropy/float/site234_bit30.out,,,,,,,,,,,,,,,,
234,31,MASKED,MASKED_UNFLAGGED,,,,HeCBench/results/llvm17_inject/entropy/float/site234_bit31.out,,,,,,,,,,,,,,,,
235,0,MASKED,MASKED_UNFLAGGED,,,,HeCBench/results/llvm17_inject/entropy/float/site235_bit0.out,,,,,,,,,,,,,,,,
235,1,MASKED,MASKED_UNFLAGGED,,,,HeCBench/results/llvm17_inject/entropy/float/site235_bit1.out,,,,,,,,,,,,,,,,
235,2,MASKED,MASKED_UNFLAGGED,,,,HeCBench/results/llvm17_inject/entropy/float/site235_bit2.out,,,,,,,,,,,,,,,,
235,3,MASKED,MASKED_UNFLAGGED,,,,HeCBench/results/llvm17_inject/entropy/float/site235_bit3.out,,,,,,,,,,,,,,,,
235,4,MASKED,MASKED_UNFLAGGED,,,,HeCBench/results/llvm17_inject/entropy/float/site235_bit4.out,,,,,,,,,,,,,,,,
235,5,MASKED,MASKED_UNFLAGGED,,,,HeCBench/results/llvm17_inject/entropy/float/site235_bit5.out,,,,,,,,,,,,,,,,
235,6,MASKED,MASKED_UNFLAGGED,,,,HeCBench/results/llvm17_inject/entropy/float/site235_bit6.out,,,,,,,,,,,,,,,,
235,7,MASKED,MASKED_UNFLAGGED,,,,HeCBench/results/llvm17_inject/entropy/float/site235_bit7.out,,,,,,,,,,,,,,,,
235,8,MASKED,MASKED_UNFLAGGED,,,,HeCBench/results/llvm17_inject/entropy/float/site235_bit8.out,,,,,,,,,,,,,,,,
235,9,MASKED,MASKED_UNFLAGGED,,,,HeCBench/results/llvm17_inject/entropy/float/site235_bit9.out,,,,,,,,,,,,,,,,
235,10,MASKED,MASKED_UNFLAGGED,,,,HeCBench/results/llvm17_inject/entropy/float/site235_bit10.out,,,,,,,,,,,,,,,,
235,11,MASKED,MASKED_UNFLAGGED,,,,HeCBench/results/llvm17_inject/entropy/float/site235_bit11.out,,,,,,,,,,,,,,,,
235,12,MASKED,MASKED_UNFLAGGED,,,,HeCBench/results/llvm17_inject/entropy/float/site235_bit12.out,,,,,,,,,,,,,,,,
235,13,MASKED,MASKED_UNFLAGGED,,,,HeCBench/results/llvm17_inject/entropy/float/site235_bit13.out,,,,,,,,,,,,,,,,
235,14,MASKED,MASKED_UNFLAGGED,,,,HeCBench/results/llvm17_inject/entropy/float/site235_bit14.out,,,,,,,,,,,,,,,,
235,15,MASKED,MASKED_UNFLAGGED,,,,HeCBench/results/llvm17_inject/entropy/float/site235_bit15.out,,,,,,,,,,,,,,,,
235,16,MASKED,MASKED_UNFLAGGED,,,,HeCBench/results/llvm17_inject/entropy/float/site235_bit16.out,,,,,,,,,,,,,,,,
235,17,MASKED,MASKED_UNFLAGGED,,,,HeCBench/results/llvm17_inject/entropy/float/site235_bit17.out,,,,,,,,,,,,,,,,
235,18,MASKED,MASKED_UNFLAGGED,,,,HeCBench/results/llvm17_inject/entropy/float/site235_bit18.out,,,,,,,,,,,,,,,,
235,19,MASKED,MASKED_UNFLAGGED,,,,HeCBench/results/llvm17_inject/entropy/float/site235_bit19.out,,,,,,,,,,,,,,,,
235,20,MASKED,MASKED_UNFLAGGED,,,,HeCBench/results/llvm17_inject/entropy/float/site235_bit20.out,,,,,,,,,,,,,,,,
235,21,MASKED,MASKED_UNFLAGGED,,,,HeCBench/results/llvm17_inject/entropy/float/site235_bit21.out,,,,,,,,,,,,,,,,
235,22,MASKED,MASKED_UNFLAGGED,,,,HeCBench/results/llvm17_inject/entropy/float/site235_bit22.out,,,,,,,,,,,,,,,,
235,23,MASKED,MASKED_UNFLAGGED,,,,HeCBench/results/llvm17_inject/entropy/float/site235_bit23.out,,,,,,,,,,,,,,,,
235,24,MASKED,MASKED_UNFLAGGED,,,,HeCBench/results/llvm17_inject/entropy/float/site235_bit24.out,,,,,,,,,,,,,,,,
235,25,MASKED,MASKED_UNFLAGGED,,,,HeCBench/results/llvm17_inject/entropy/float/site235_bit25.out,,,,,,,,,,,,,,,,
235,26,MASKED,MASKED_UNFLAGGED,,,,HeCBench/results/llvm17_inject/entropy/float/site235_bit26.out,,,,,,,,,,,,,,,,
235,27,MASKED,MASKED_UNFLAGGED,,,,HeCBench/results/llvm17_inject/entropy/float/site235_bit27.out,,,,,,,,,,,,,,,,
235,28,MASKED,MASKED_UNFLAGGED,,,,HeCBench/results/llvm17_inject/entropy/float/site235_bit28.out,,,,,,,,,,,,,,,,
235,29,MASKED,MASKED_UNFLAGGED,,,,HeCBench/results/llvm17_inject/entropy/float/site235_bit29.out,,,,,,,,,,,,,,,,
235,30,MASKED,MASKED_UNFLAGGED,,,,HeCBench/results/llvm17_inject/entropy/float/site235_bit30.out,,,,,,,,,,,,,,,,
235,31,MASKED,MASKED_UNFLAGGED,,,,HeCBench/results/llvm17_inject/entropy/float/site235_bit31.out,,,,,,,,,,,,,,,,
237,0,MASKED,MASKED_UNFLAGGED,,,,HeCBench/results/llvm17_inject/entropy/float/site237_bit0.out,,,,,,,,,,,,,,,,
237,1,MASKED,MASKED_UNFLAGGED,,,,HeCBench/results/llvm17_inject/entropy/float/site237_bit1.out,,,,,,,,,,,,,,,,
237,2,MASKED,MASKED_UNFLAGGED,,,,HeCBench/results/llvm17_inject/entropy/float/site237_bit2.out,,,,,,,,,,,,,,,,
237,3,MASKED,MASKED_UNFLAGGED,,,,HeCBench/results/llvm17_inject/entropy/float/site237_bit3.out,,,,,,,,,,,,,,,,
237,4,MASKED,MASKED_UNFLAGGED,,,,HeCBench/results/llvm17_inject/entropy/float/site237_bit4.out,,,,,,,,,,,,,,,,
237,5,MASKED,MASKED_UNFLAGGED,,,,HeCBench/results/llvm17_inject/entropy/float/site237_bit5.out,,,,,,,,,,,,,,,,
237,6,MASKED,MASKED_UNFLAGGED,,,,HeCBench/results/llvm17_inject/entropy/float/site237_bit6.out,,,,,,,,,,,,,,,,
237,7,MASKED,MASKED_UNFLAGGED,,,,HeCBench/results/llvm17_inject/entropy/float/site237_bit7.out,,,,,,,,,,,,,,,,
237,8,MASKED,MASKED_UNFLAGGED,,,,HeCBench/results/llvm17_inject/entropy/float/site237_bit8.out,,,,,,,,,,,,,,,,
237,9,MASKED,MASKED_UNFLAGGED,,,,HeCBench/results/llvm17_inject/entropy/float/site237_bit9.out,,,,,,,,,,,,,,,,
237,10,MASKED,MASKED_UNFLAGGED,,,,HeCBench/results/llvm17_inject/entropy/float/site237_bit10.out,,,,,,,,,,,,,,,,
237,11,MASKED,MASKED_UNFLAGGED,,,,HeCBench/results/llvm17_inject/entropy/float/site237_bit11.out,,,,,,,,,,,,,,,,
237,12,MASKED,MASKED_UNFLAGGED,,,,HeCBench/results/llvm17_inject/entropy/float/site237_bit12.out,,,,,,,,,,,,,,,,
237,13,MASKED,MASKED_UNFLAGGED,,,,HeCBench/results/llvm17_inject/entropy/float/site237_bit13.out,,,,,,,,,,,,,,,,
237,14,MASKED,MASKED_UNFLAGGED,,,,HeCBench/results/llvm17_inject/entropy/float/site237_bit14.out,,,,,,,,,,,,,,,,
237,15,MASKED,MASKED_UNFLAGGED,,,,HeCBench/results/llvm17_inject/entropy/float/site237_bit15.out,,,,,,,,,,,,,,,,
237,16,MASKED,MASKED_UNFLAGGED,,,,HeCBench/results/llvm17_inject/entropy/float/site237_bit16.out,,,,,,,,,,,,,,,,
237,17,MASKED,MASKED_UNFLAGGED,,,,HeCBench/results/llvm17_inject/entropy/float/site237_bit17.out,,,,,,,,,,,,,,,,
237,18,MASKED,MASKED_UNFLAGGED,,,,HeCBench/results/llvm17_inject/entropy/float/site237_bit18.out,,,,,,,,,,,,,,,,
237,19,MASKED,MASKED_UNFLAGGED,,,,HeCBench/results/llvm17_inject/entropy/float/site237_bit19.out,,,,,,,,,,,,,,,,
237,20,MASKED,MASKED_UNFLAGGED,,,,HeCBench/results/llvm17_inject/entropy/float/site237_bit20.out,,,,,,,,,,,,,,,,
237,21,MASKED,MASKED_UNFLAGGED,,,,HeCBench/results/llvm17_inject/entropy/float/site237_bit21.out,,,,,,,,,,,,,,,,
237,22,MASKED,MASKED_UNFLAGGED,,,,HeCBench/results/llvm17_inject/entropy/float/site237_bit22.out,,,,,,,,,,,,,,,,
237,23,MASKED,MASKED_UNFLAGGED,,,,HeCBench/results/llvm17_inject/entropy/float/site237_bit23.out,,,,,,,,,,,,,,,,
237,24,MASKED,MASKED_UNFLAGGED,,,,HeCBench/results/llvm17_inject/entropy/float/site237_bit24.out,,,,,,,,,,,,,,,,
237,25,MASKED,MASKED_UNFLAGGED,,,,HeCBench/results/llvm17_inject/entropy/float/site237_bit25.out,,,,,,,,,,,,,,,,
237,26,MASKED,MASKED_UNFLAGGED,,,,HeCBench/results/llvm17_inject/entropy/float/site237_bit26.out,,,,,,,,,,,,,,,,
237,27,MASKED,MASKED_UNFLAGGED,,,,HeCBench/results/llvm17_inject/entropy/float/site237_bit27.out,,,,,,,,,,,,,,,,
237,28,MASKED,MASKED_UNFLAGGED,,,,HeCBench/results/llvm17_inject/entropy/float/site237_bit28.out,,,,,,,,,,,,,,,,
237,29,MASKED,MASKED_UNFLAGGED,,,,HeCBench/results/llvm17_inject/entropy/float/site237_bit29.out,,,,,,,,,,,,,,,,
237,30,MASKED,MASKED_UNFLAGGED,,,,HeCBench/results/llvm17_inject/entropy/float/site237_bit30.out,,,,,,,,,,,,,,,,
237,31,MASKED,MASKED_UNFLAGGED,,,,HeCBench/results/llvm17_inject/entropy/float/site237_bit31.out,,,,,,,,,,,,,,,,
238,0,MASKED,MASKED_UNFLAGGED,,,,HeCBench/results/llvm17_inject/entropy/float/site238_bit0.out,,,,,,,,,,,,,,,,
238,1,MASKED,MASKED_UNFLAGGED,,,,HeCBench/results/llvm17_inject/entropy/float/site238_bit1.out,,,,,,,,,,,,,,,,
238,2,MASKED,MASKED_UNFLAGGED,,,,HeCBench/results/llvm17_inject/entropy/float/site238_bit2.out,,,,,,,,,,,,,,,,
238,3,MASKED,MASKED_UNFLAGGED,,,,HeCBench/results/llvm17_inject/entropy/float/site238_bit3.out,,,,,,,,,,,,,,,,
238,4,MASKED,MASKED_UNFLAGGED,,,,HeCBench/results/llvm17_inject/entropy/float/site238_bit4.out,,,,,,,,,,,,,,,,
238,5,MASKED,MASKED_UNFLAGGED,,,,HeCBench/results/llvm17_inject/entropy/float/site238_bit5.out,,,,,,,,,,,,,,,,
238,6,MASKED,MASKED_UNFLAGGED,,,,HeCBench/results/llvm17_inject/entropy/float/site238_bit6.out,,,,,,,,,,,,,,,,
238,7,MASKED,MASKED_UNFLAGGED,,,,HeCBench/results/llvm17_inject/entropy/float/site238_bit7.out,,,,,,,,,,,,,,,,
238,8,MASKED,MASKED_UNFLAGGED,,,,HeCBench/results/llvm17_inject/entropy/float/site238_bit8.out,,,,,,,,,,,,,,,,
238,9,MASKED,MASKED_UNFLAGGED,,,,HeCBench/results/llvm17_inject/entropy/float/site238_bit9.out,,,,,,,,,,,,,,,,
238,10,MASKED,MASKED_UNFLAGGED,,,,HeCBench/results/llvm17_inject/entropy/float/site238_bit10.out,,,,,,,,,,,,,,,,
238,11,MASKED,MASKED_UNFLAGGED,,,,HeCBench/results/llvm17_inject/entropy/float/site238_bit11.out,,,,,,,,,,,,,,,,
238,12,MASKED,MASKED_UNFLAGGED,,,,HeCBench/results/llvm17_inject/entropy/float/site238_bit12.out,,,,,,,,,,,,,,,,
238,13,MASKED,MASKED_UNFLAGGED,,,,HeCBench/results/llvm17_inject/entropy/float/site238_bit13.out,,,,,,,,,,,,,,,,
238,14,MASKED,MASKED_UNFLAGGED,,,,HeCBench/results/llvm17_inject/entropy/float/site238_bit14.out,,,,,,,,,,,,,,,,
238,15,MASKED,MASKED_UNFLAGGED,,,,HeCBench/results/llvm17_inject/entropy/float/site238_bit15.out,,,,,,,,,,,,,,,,
238,16,MASKED,MASKED_UNFLAGGED,,,,HeCBench/results/llvm17_inject/entropy/float/site238_bit16.out,,,,,,,,,,,,,,,,
238,17,MASKED,MASKED_UNFLAGGED,,,,HeCBench/results/llvm17_inject/entropy/float/site238_bit17.out,,,,,,,,,,,,,,,,
238,18,MASKED,MASKED_UNFLAGGED,,,,HeCBench/results/llvm17_inject/entropy/float/site238_bit18.out,,,,,,,,,,,,,,,,
238,19,MASKED,MASKED_UNFLAGGED,,,,HeCBench/results/llvm17_inject/entropy/float/site238_bit19.out,,,,,,,,,,,,,,,,
238,20,MASKED,MASKED_UNFLAGGED,,,,HeCBench/results/llvm17_inject/entropy/float/site238_bit20.out,,,,,,,,,,,,,,,,
238,21,MASKED,MASKED_UNFLAGGED,,,,HeCBench/results/llvm17_inject/entropy/float/site238_bit21.out,,,,,,,,,,,,,,,,
238,22,MASKED,MASKED_UNFLAGGED,,,,HeCBench/results/llvm17_inject/entropy/float/site238_bit22.out,,,,,,,,,,,,,,,,
238,23,MASKED,MASKED_UNFLAGGED,,,,HeCBench/results/llvm17_inject/entropy/float/site238_bit23.out,,,,,,,,,,,,,,,,
238,24,MASKED,MASKED_UNFLAGGED,,,,HeCBench/results/llvm17_inject/entropy/float/site238_bit24.out,,,,,,,,,,,,,,,,
238,25,MASKED,MASKED_UNFLAGGED,,,,HeCBench/results/llvm17_inject/entropy/float/site238_bit25.out,,,,,,,,,,,,,,,,
238,26,MASKED,MASKED_UNFLAGGED,,,,HeCBench/results/llvm17_inject/entropy/float/site238_bit26.out,,,,,,,,,,,,,,,,
238,27,MASKED,MASKED_UNFLAGGED,,,,HeCBench/results/llvm17_inject/entropy/float/site238_bit27.out,,,,,,,,,,,,,,,,
238,28,MASKED,MASKED_UNFLAGGED,,,,HeCBench/results/llvm17_inject/entropy/float/site238_bit28.out,,,,,,,,,,,,,,,,
238,29,MASKED,MASKED_UNFLAGGED,,,,HeCBench/results/llvm17_inject/entropy/float/site238_bit29.out,,,,,,,,,,,,,,,,
238,30,MASKED,MASKED_UNFLAGGED,,,,HeCBench/results/llvm17_inject/entropy/float/site238_bit30.out,,,,,,,,,,,,,,,,
238,31,MASKED,MASKED_UNFLAGGED,,,,HeCBench/results/llvm17_inject/entropy/float/site238_bit31.out,,,,,,,,,,,,,,,,
239,0,MASKED,MASKED_UNFLAGGED,,,,HeCBench/results/llvm17_inject/entropy/float/site239_bit0.out,,,,,,,,,,,,,,,,
239,1,MASKED,MASKED_UNFLAGGED,,,,HeCBench/results/llvm17_inject/entropy/float/site239_bit1.out,,,,,,,,,,,,,,,,
239,2,MASKED,MASKED_UNFLAGGED,,,,HeCBench/results/llvm17_inject/entropy/float/site239_bit2.out,,,,,,,,,,,,,,,,
239,3,MASKED,MASKED_UNFLAGGED,,,,HeCBench/results/llvm17_inject/entropy/float/site239_bit3.out,,,,,,,,,,,,,,,,
239,4,MASKED,MASKED_UNFLAGGED,,,,HeCBench/results/llvm17_inject/entropy/float/site239_bit4.out,,,,,,,,,,,,,,,,
239,5,MASKED,MASKED_UNFLAGGED,,,,HeCBench/results/llvm17_inject/entropy/float/site239_bit5.out,,,,,,,,,,,,,,,,
239,6,MASKED,MASKED_UNFLAGGED,,,,HeCBench/results/llvm17_inject/entropy/float/site239_bit6.out,,,,,,,,,,,,,,,,
239,7,MASKED,MASKED_UNFLAGGED,,,,HeCBench/results/llvm17_inject/entropy/float/site239_bit7.out,,,,,,,,,,,,,,,,
240,0,MASKED,MASKED_UNFLAGGED,,,,HeCBench/results/llvm17_inject/entropy/float/site240_bit0.out,,,,,,,,,,,,,,,,
240,1,MASKED,MASKED_UNFLAGGED,,,,HeCBench/results/llvm17_inject/entropy/float/site240_bit1.out,,,,,,,,,,,,,,,,
240,2,MASKED,MASKED_UNFLAGGED,,,,HeCBench/results/llvm17_inject/entropy/float/site240_bit2.out,,,,,,,,,,,,,,,,
240,3,MASKED,MASKED_UNFLAGGED,,,,HeCBench/results/llvm17_inject/entropy/float/site240_bit3.out,,,,,,,,,,,,,,,,
240,4,MASKED,MASKED_UNFLAGGED,,,,HeCBench/results/llvm17_inject/entropy/float/site240_bit4.out,,,,,,,,,,,,,,,,
240,5,MASKED,MASKED_UNFLAGGED,,,,HeCBench/results/llvm17_inject/entropy/float/site240_bit5.out,,,,,,,,,,,,,,,,
240,6,MASKED,MASKED_UNFLAGGED,,,,HeCBench/results/llvm17_inject/entropy/float/site240_bit6.out,,,,,,,,,,,,,,,,
240,7,MASKED,MASKED_UNFLAGGED,,,,HeCBench/results/llvm17_inject/entropy/float/site240_bit7.out,,,,,,,,,,,,,,,,
240,8,MASKED,MASKED_UNFLAGGED,,,,HeCBench/results/llvm17_inject/entropy/float/site240_bit8.out,,,,,,,,,,,,,,,,
240,9,MASKED,MASKED_UNFLAGGED,,,,HeCBench/results/llvm17_inject/entropy/float/site240_bit9.out,,,,,,,,,,,,,,,,
240,10,MASKED,MASKED_UNFLAGGED,,,,HeCBench/results/llvm17_inject/entropy/float/site240_bit10.out,,,,,,,,,,,,,,,,
240,11,MASKED,MASKED_UNFLAGGED,,,,HeCBench/results/llvm17_inject/entropy/float/site240_bit11.out,,,,,,,,,,,,,,,,
240,12,MASKED,MASKED_UNFLAGGED,,,,HeCBench/results/llvm17_inject/entropy/float/site240_bit12.out,,,,,,,,,,,,,,,,
240,13,MASKED,MASKED_UNFLAGGED,,,,HeCBench/results/llvm17_inject/entropy/float/site240_bit13.out,,,,,,,,,,,,,,,,
240,14,MASKED,MASKED_UNFLAGGED,,,,HeCBench/results/llvm17_inject/entropy/float/site240_bit14.out,,,,,,,,,,,,,,,,
240,15,MASKED,MASKED_UNFLAGGED,,,,HeCBench/results/llvm17_inject/entropy/float/site240_bit15.out,,,,,,,,,,,,,,,,
240,16,MASKED,MASKED_UNFLAGGED,,,,HeCBench/results/llvm17_inject/entropy/float/site240_bit16.out,,,,,,,,,,,,,,,,
240,17,MASKED,MASKED_UNFLAGGED,,,,HeCBench/results/llvm17_inject/entropy/float/site240_bit17.out,,,,,,,,,,,,,,,,
240,18,MASKED,MASKED_UNFLAGGED,,,,HeCBench/results/llvm17_inject/entropy/float/site240_bit18.out,,,,,,,,,,,,,,,,
240,19,MASKED,MASKED_UNFLAGGED,,,,HeCBench/results/llvm17_inject/entropy/float/site240_bit19.out,,,,,,,,,,,,,,,,
240,20,MASKED,MASKED_UNFLAGGED,,,,HeCBench/results/llvm17_inject/entropy/float/site240_bit20.out,,,,,,,,,,,,,,,,
240,21,MASKED,MASKED_UNFLAGGED,,,,HeCBench/results/llvm17_inject/entropy/float/site240_bit21.out,,,,,,,,,,,,,,,,
240,22,MASKED,MASKED_UNFLAGGED,,,,HeCBench/results/llvm17_inject/entropy/float/site240_bit22.out,,,,,,,,,,,,,,,,
240,23,MASKED,MASKED_UNFLAGGED,,,,HeCBench/results/llvm17_inject/entropy/float/site240_bit23.out,,,,,,,,,,,,,,,,
240,24,MASKED,MASKED_UNFLAGGED,,,,HeCBench/results/llvm17_inject/entropy/float/site240_bit24.out,,,,,,,,,,,,,,,,
240,25,MASKED,MASKED_UNFLAGGED,,,,HeCBench/results/llvm17_inject/entropy/float/site240_bit25.out,,,,,,,,,,,,,,,,
240,26,MASKED,MASKED_UNFLAGGED,,,,HeCBench/results/llvm17_inject/entropy/float/site240_bit26.out,,,,,,,,,,,,,,,,
240,27,MASKED,MASKED_UNFLAGGED,,,,HeCBench/results/llvm17_inject/entropy/float/site240_bit27.out,,,,,,,,,,,,,,,,
240,28,MASKED,MASKED_UNFLAGGED,,,,HeCBench/results/llvm17_inject/entropy/float/site240_bit28.out,,,,,,,,,,,,,,,,
240,29,MASKED,MASKED_UNFLAGGED,,,,HeCBench/results/llvm17_inject/entropy/float/site240_bit29.out,,,,,,,,,,,,,,,,
240,30,MASKED,MASKED_UNFLAGGED,,,,HeCBench/results/llvm17_inject/entropy/float/site240_bit30.out,,,,,,,,,,,,,,,,
240,31,MASKED,MASKED_UNFLAGGED,,,,HeCBench/results/llvm17_inject/entropy/float/site240_bit31.out,,,,,,,,,,,,,,,,
241,0,MASKED,MASKED_UNFLAGGED,,,,HeCBench/results/llvm17_inject/entropy/float/site241_bit0.out,,,,,,,,,,,,,,,,
241,1,MASKED,MASKED_UNFLAGGED,,,,HeCBench/results/llvm17_inject/entropy/float/site241_bit1.out,,,,,,,,,,,,,,,,
241,2,MASKED,MASKED_UNFLAGGED,,,,HeCBench/results/llvm17_inject/entropy/float/site241_bit2.out,,,,,,,,,,,,,,,,
241,3,MASKED,MASKED_UNFLAGGED,,,,HeCBench/results/llvm17_inject/entropy/float/site241_bit3.out,,,,,,,,,,,,,,,,
241,4,MASKED,MASKED_UNFLAGGED,,,,HeCBench/results/llvm17_inject/entropy/float/site241_bit4.out,,,,,,,,,,,,,,,,
241,5,MASKED,MASKED_UNFLAGGED,,,,HeCBench/results/llvm17_inject/entropy/float/site241_bit5.out,,,,,,,,,,,,,,,,
241,6,MASKED,MASKED_UNFLAGGED,,,,HeCBench/results/llvm17_inject/entropy/float/site241_bit6.out,,,,,,,,,,,,,,,,
241,7,MASKED,MASKED_UNFLAGGED,,,,HeCBench/results/llvm17_inject/entropy/float/site241_bit7.out,,,,,,,,,,,,,,,,
241,8,MASKED,MASKED_UNFLAGGED,,,,HeCBench/results/llvm17_inject/entropy/float/site241_bit8.out,,,,,,,,,,,,,,,,
241,9,MASKED,MASKED_UNFLAGGED,,,,HeCBench/results/llvm17_inject/entropy/float/site241_bit9.out,,,,,,,,,,,,,,,,
241,10,MASKED,MASKED_UNFLAGGED,,,,HeCBench/results/llvm17_inject/entropy/float/site241_bit10.out,,,,,,,,,,,,,,,,
241,11,MASKED,MASKED_UNFLAGGED,,,,HeCBench/results/llvm17_inject/entropy/float/site241_bit11.out,,,,,,,,,,,,,,,,
241,12,MASKED,MASKED_UNFLAGGED,,,,HeCBench/results/llvm17_inject/entropy/float/site241_bit12.out,,,,,,,,,,,,,,,,
241,13,MASKED,MASKED_UNFLAGGED,,,,HeCBench/results/llvm17_inject/entropy/float/site241_bit13.out,,,,,,,,,,,,,,,,
241,14,MASKED,MASKED_UNFLAGGED,,,,HeCBench/results/llvm17_inject/entropy/float/site241_bit14.out,,,,,,,,,,,,,,,,
241,15,MASKED,MASKED_UNFLAGGED,,,,HeCBench/results/llvm17_inject/entropy/float/site241_bit15.out,,,,,,,,,,,,,,,,
241,16,MASKED,MASKED_UNFLAGGED,,,,HeCBench/results/llvm17_inject/entropy/float/site241_bit16.out,,,,,,,,,,,,,,,,
241,17,MASKED,MASKED_UNFLAGGED,,,,HeCBench/results/llvm17_inject/entropy/float/site241_bit17.out,,,,,,,,,,,,,,,,
241,18,MASKED,MASKED_UNFLAGGED,,,,HeCBench/results/llvm17_inject/entropy/float/site241_bit18.out,,,,,,,,,,,,,,,,
241,19,MASKED,MASKED_UNFLAGGED,,,,HeCBench/results/llvm17_inject/entropy/float/site241_bit19.out,,,,,,,,,,,,,,,,
241,20,MASKED,MASKED_UNFLAGGED,,,,HeCBench/results/llvm17_inject/entropy/float/site241_bit20.out,,,,,,,,,,,,,,,,
241,21,MASKED,MASKED_UNFLAGGED,,,,HeCBench/results/llvm17_inject/entropy/float/site241_bit21.out,,,,,,,,,,,,,,,,
241,22,MASKED,MASKED_UNFLAGGED,,,,HeCBench/results/llvm17_inject/entropy/float/site241_bit22.out,,,,,,,,,,,,,,,,
241,23,MASKED,MASKED_UNFLAGGED,,,,HeCBench/results/llvm17_inject/entropy/float/site241_bit23.out,,,,,,,,,,,,,,,,
241,24,MASKED,MASKED_UNFLAGGED,,,,HeCBench/results/llvm17_inject/entropy/float/site241_bit24.out,,,,,,,,,,,,,,,,
241,25,MASKED,MASKED_UNFLAGGED,,,,HeCBench/results/llvm17_inject/entropy/float/site241_bit25.out,,,,,,,,,,,,,,,,
241,26,MASKED,MASKED_UNFLAGGED,,,,HeCBench/results/llvm17_inject/entropy/float/site241_bit26.out,,,,,,,,,,,,,,,,
241,27,MASKED,MASKED_UNFLAGGED,,,,HeCBench/results/llvm17_inject/entropy/float/site241_bit27.out,,,,,,,,,,,,,,,,
241,28,MASKED,MASKED_UNFLAGGED,,,,HeCBench/results/llvm17_inject/entropy/float/site241_bit28.out,,,,,,,,,,,,,,,,
241,29,MASKED,MASKED_UNFLAGGED,,,,HeCBench/results/llvm17_inject/entropy/float/site241_bit29.out,,,,,,,,,,,,,,,,
241,30,MASKED,MASKED_UNFLAGGED,,,,HeCBench/results/llvm17_inject/entropy/float/site241_bit30.out,,,,,,,,,,,,,,,,
241,31,MASKED,MASKED_UNFLAGGED,,,,HeCBench/results/llvm17_inject/entropy/float/site241_bit31.out,,,,,,,,,,,,,,,,
243,0,MASKED,MASKED_UNFLAGGED,,,,HeCBench/results/llvm17_inject/entropy/float/site243_bit0.out,,,,,,,,,,,,,,,,
243,1,MASKED,MASKED_UNFLAGGED,,,,HeCBench/results/llvm17_inject/entropy/float/site243_bit1.out,,,,,,,,,,,,,,,,
243,2,MASKED,MASKED_UNFLAGGED,,,,HeCBench/results/llvm17_inject/entropy/float/site243_bit2.out,,,,,,,,,,,,,,,,
243,3,MASKED,MASKED_UNFLAGGED,,,,HeCBench/results/llvm17_inject/entropy/float/site243_bit3.out,,,,,,,,,,,,,,,,
243,4,MASKED,MASKED_UNFLAGGED,,,,HeCBench/results/llvm17_inject/entropy/float/site243_bit4.out,,,,,,,,,,,,,,,,
243,5,MASKED,MASKED_UNFLAGGED,,,,HeCBench/results/llvm17_inject/entropy/float/site243_bit5.out,,,,,,,,,,,,,,,,
243,6,MASKED,MASKED_UNFLAGGED,,,,HeCBench/results/llvm17_inject/entropy/float/site243_bit6.out,,,,,,,,,,,,,,,,
243,7,MASKED,MASKED_UNFLAGGED,,,,HeCBench/results/llvm17_inject/entropy/float/site243_bit7.out,,,,,,,,,,,,,,,,
244,0,MASKED,MASKED_UNFLAGGED,,,,HeCBench/results/llvm17_inject/entropy/float/site244_bit0.out,,,,,,,,,,,,,,,,
244,1,MASKED,MASKED_UNFLAGGED,,,,HeCBench/results/llvm17_inject/entropy/float/site244_bit1.out,,,,,,,,,,,,,,,,
244,2,MASKED,MASKED_UNFLAGGED,,,,HeCBench/results/llvm17_inject/entropy/float/site244_bit2.out,,,,,,,,,,,,,,,,
244,3,MASKED,MASKED_UNFLAGGED,,,,HeCBench/results/llvm17_inject/entropy/float/site244_bit3.out,,,,,,,,,,,,,,,,
244,4,MASKED,MASKED_UNFLAGGED,,,,HeCBench/results/llvm17_inject/entropy/float/site244_bit4.out,,,,,,,,,,,,,,,,
244,5,MASKED,MASKED_UNFLAGGED,,,,HeCBench/results/llvm17_inject/entropy/float/site244_bit5.out,,,,,,,,,,,,,,,,
244,6,MASKED,MASKED_UNFLAGGED,,,,HeCBench/results/llvm17_inject/entropy/float/site244_bit6.out,,,,,,,,,,,,,,,,
244,7,MASKED,MASKED_UNFLAGGED,,,,HeCBench/results/llvm17_inject/entropy/float/site244_bit7.out,,,,,,,,,,,,,,,,
244,8,MASKED,MASKED_UNFLAGGED,,,,HeCBench/results/llvm17_inject/entropy/float/site244_bit8.out,,,,,,,,,,,,,,,,
244,9,MASKED,MASKED_UNFLAGGED,,,,HeCBench/results/llvm17_inject/entropy/float/site244_bit9.out,,,,,,,,,,,,,,,,
244,10,MASKED,MASKED_UNFLAGGED,,,,HeCBench/results/llvm17_inject/entropy/float/site244_bit10.out,,,,,,,,,,,,,,,,
244,11,MASKED,MASKED_UNFLAGGED,,,,HeCBench/results/llvm17_inject/entropy/float/site244_bit11.out,,,,,,,,,,,,,,,,
244,12,MASKED,MASKED_UNFLAGGED,,,,HeCBench/results/llvm17_inject/entropy/float/site244_bit12.out,,,,,,,,,,,,,,,,
244,13,MASKED,MASKED_UNFLAGGED,,,,HeCBench/results/llvm17_inject/entropy/float/site244_bit13.out,,,,,,,,,,,,,,,,
244,14,MASKED,MASKED_UNFLAGGED,,,,HeCBench/results/llvm17_inject/entropy/float/site244_bit14.out,,,,,,,,,,,,,,,,
244,15,MASKED,MASKED_UNFLAGGED,,,,HeCBench/results/llvm17_inject/entropy/float/site244_bit15.out,,,,,,,,,,,,,,,,
244,16,MASKED,MASKED_UNFLAGGED,,,,HeCBench/results/llvm17_inject/entropy/float/site244_bit16.out,,,,,,,,,,,,,,,,
244,17,MASKED,MASKED_UNFLAGGED,,,,HeCBench/results/llvm17_inject/entropy/float/site244_bit17.out,,,,,,,,,,,,,,,,
244,18,MASKED,MASKED_UNFLAGGED,,,,HeCBench/results/llvm17_inject/entropy/float/site244_bit18.out,,,,,,,,,,,,,,,,
244,19,MASKED,MASKED_UNFLAGGED,,,,HeCBench/results/llvm17_inject/entropy/float/site244_bit19.out,,,,,,,,,,,,,,,,
244,20,MASKED,MASKED_UNFLAGGED,,,,HeCBench/results/llvm17_inject/entropy/float/site244_bit20.out,,,,,,,,,,,,,,,,
244,21,MASKED,MASKED_UNFLAGGED,,,,HeCBench/results/llvm17_inject/entropy/float/site244_bit21.out,,,,,,,,,,,,,,,,
244,22,MASKED,MASKED_UNFLAGGED,,,,HeCBench/results/llvm17_inject/entropy/float/site244_bit22.out,,,,,,,,,,,,,,,,
244,23,MASKED,MASKED_UNFLAGGED,,,,HeCBench/results/llvm17_inject/entropy/float/site244_bit23.out,,,,,,,,,,,,,,,,
244,24,MASKED,MASKED_UNFLAGGED,,,,HeCBench/results/llvm17_inject/entropy/float/site244_bit24.out,,,,,,,,,,,,,,,,
244,25,MASKED,MASKED_UNFLAGGED,,,,HeCBench/results/llvm17_inject/entropy/float/site244_bit25.out,,,,,,,,,,,,,,,,
244,26,MASKED,MASKED_UNFLAGGED,,,,HeCBench/results/llvm17_inject/entropy/float/site244_bit26.out,,,,,,,,,,,,,,,,
244,27,MASKED,MASKED_UNFLAGGED,,,,HeCBench/results/llvm17_inject/entropy/float/site244_bit27.out,,,,,,,,,,,,,,,,
244,28,MASKED,MASKED_UNFLAGGED,,,,HeCBench/results/llvm17_inject/entropy/float/site244_bit28.out,,,,,,,,,,,,,,,,
244,29,MASKED,MASKED_UNFLAGGED,,,,HeCBench/results/llvm17_inject/entropy/float/site244_bit29.out,,,,,,,,,,,,,,,,
244,30,MASKED,MASKED_UNFLAGGED,,,,HeCBench/results/llvm17_inject/entropy/float/site244_bit30.out,,,,,,,,,,,,,,,,
244,31,MASKED,MASKED_UNFLAGGED,,,,HeCBench/results/llvm17_inject/entropy/float/site244_bit31.out,,,,,,,,,,,,,,,,
246,0,MASKED,MASKED_UNFLAGGED,,,,HeCBench/results/llvm17_inject/entropy/float/site246_bit0.out,,,,,,,,,,,,,,,,
246,1,MASKED,MASKED_UNFLAGGED,,,,HeCBench/results/llvm17_inject/entropy/float/site246_bit1.out,,,,,,,,,,,,,,,,
246,2,MASKED,MASKED_UNFLAGGED,,,,HeCBench/results/llvm17_inject/entropy/float/site246_bit2.out,,,,,,,,,,,,,,,,
246,3,MASKED,MASKED_UNFLAGGED,,,,HeCBench/results/llvm17_inject/entropy/float/site246_bit3.out,,,,,,,,,,,,,,,,
246,4,MASKED,MASKED_UNFLAGGED,,,,HeCBench/results/llvm17_inject/entropy/float/site246_bit4.out,,,,,,,,,,,,,,,,
246,5,MASKED,MASKED_UNFLAGGED,,,,HeCBench/results/llvm17_inject/entropy/float/site246_bit5.out,,,,,,,,,,,,,,,,
246,6,MASKED,MASKED_UNFLAGGED,,,,HeCBench/results/llvm17_inject/entropy/float/site246_bit6.out,,,,,,,,,,,,,,,,
246,7,MASKED,MASKED_UNFLAGGED,,,,HeCBench/results/llvm17_inject/entropy/float/site246_bit7.out,,,,,,,,,,,,,,,,
246,8,MASKED,MASKED_UNFLAGGED,,,,HeCBench/results/llvm17_inject/entropy/float/site246_bit8.out,,,,,,,,,,,,,,,,
246,9,MASKED,MASKED_UNFLAGGED,,,,HeCBench/results/llvm17_inject/entropy/float/site246_bit9.out,,,,,,,,,,,,,,,,
246,10,MASKED,MASKED_UNFLAGGED,,,,HeCBench/results/llvm17_inject/entropy/float/site246_bit10.out,,,,,,,,,,,,,,,,
246,11,MASKED,MASKED_UNFLAGGED,,,,HeCBench/results/llvm17_inject/entropy/float/site246_bit11.out,,,,,,,,,,,,,,,,
246,12,MASKED,MASKED_UNFLAGGED,,,,HeCBench/results/llvm17_inject/entropy/float/site246_bit12.out,,,,,,,,,,,,,,,,
246,13,MASKED,MASKED_UNFLAGGED,,,,HeCBench/results/llvm17_inject/entropy/float/site246_bit13.out,,,,,,,,,,,,,,,,
246,14,MASKED,MASKED_UNFLAGGED,,,,HeCBench/results/llvm17_inject/entropy/float/site246_bit14.out,,,,,,,,,,,,,,,,
246,15,MASKED,MASKED_UNFLAGGED,,,,HeCBench/results/llvm17_inject/entropy/float/site246_bit15.out,,,,,,,,,,,,,,,,
246,16,MASKED,MASKED_UNFLAGGED,,,,HeCBench/results/llvm17_inject/entropy/float/site246_bit16.out,,,,,,,,,,,,,,,,
246,17,MASKED,MASKED_UNFLAGGED,,,,HeCBench/results/llvm17_inject/entropy/float/site246_bit17.out,,,,,,,,,,,,,,,,
246,18,MASKED,MASKED_UNFLAGGED,,,,HeCBench/results/llvm17_inject/entropy/float/site246_bit18.out,,,,,,,,,,,,,,,,
246,19,MASKED,MASKED_UNFLAGGED,,,,HeCBench/results/llvm17_inject/entropy/float/site246_bit19.out,,,,,,,,,,,,,,,,
246,20,MASKED,MASKED_UNFLAGGED,,,,HeCBench/results/llvm17_inject/entropy/float/site246_bit20.out,,,,,,,,,,,,,,,,
246,21,MASKED,MASKED_UNFLAGGED,,,,HeCBench/results/llvm17_inject/entropy/float/site246_bit21.out,,,,,,,,,,,,,,,,
246,22,MASKED,MASKED_UNFLAGGED,,,,HeCBench/results/llvm17_inject/entropy/float/site246_bit22.out,,,,,,,,,,,,,,,,
246,23,MASKED,MASKED_UNFLAGGED,,,,HeCBench/results/llvm17_inject/entropy/float/site246_bit23.out,,,,,,,,,,,,,,,,
246,24,MASKED,MASKED_UNFLAGGED,,,,HeCBench/results/llvm17_inject/entropy/float/site246_bit24.out,,,,,,,,,,,,,,,,
246,25,MASKED,MASKED_UNFLAGGED,,,,HeCBench/results/llvm17_inject/entropy/float/site246_bit25.out,,,,,,,,,,,,,,,,
246,26,MASKED,MASKED_UNFLAGGED,,,,HeCBench/results/llvm17_inject/entropy/float/site246_bit26.out,,,,,,,,,,,,,,,,
246,27,MASKED,MASKED_UNFLAGGED,,,,HeCBench/results/llvm17_inject/entropy/float/site246_bit27.out,,,,,,,,,,,,,,,,
246,28,MASKED,MASKED_UNFLAGGED,,,,HeCBench/results/llvm17_inject/entropy/float/site246_bit28.out,,,,,,,,,,,,,,,,
246,29,MASKED,MASKED_UNFLAGGED,,,,HeCBench/results/llvm17_inject/entropy/float/site246_bit29.out,,,,,,,,,,,,,,,,
246,30,MASKED,MASKED_UNFLAGGED,,,,HeCBench/results/llvm17_inject/entropy/float/site246_bit30.out,,,,,,,,,,,,,,,,
246,31,MASKED,MASKED_UNFLAGGED,,,,HeCBench/results/llvm17_inject/entropy/float/site246_bit31.out,,,,,,,,,,,,,,,,
247,0,MASKED,MASKED_UNFLAGGED,,,,HeCBench/results/llvm17_inject/entropy/float/site247_bit0.out,,,,,,,,,,,,,,,,
247,1,MASKED,MASKED_UNFLAGGED,,,,HeCBench/results/llvm17_inject/entropy/float/site247_bit1.out,,,,,,,,,,,,,,,,
247,2,MASKED,MASKED_UNFLAGGED,,,,HeCBench/results/llvm17_inject/entropy/float/site247_bit2.out,,,,,,,,,,,,,,,,
247,3,MASKED,MASKED_UNFLAGGED,,,,HeCBench/results/llvm17_inject/entropy/float/site247_bit3.out,,,,,,,,,,,,,,,,
247,4,MASKED,MASKED_UNFLAGGED,,,,HeCBench/results/llvm17_inject/entropy/float/site247_bit4.out,,,,,,,,,,,,,,,,
247,5,MASKED,MASKED_UNFLAGGED,,,,HeCBench/results/llvm17_inject/entropy/float/site247_bit5.out,,,,,,,,,,,,,,,,
247,6,MASKED,MASKED_UNFLAGGED,,,,HeCBench/results/llvm17_inject/entropy/float/site247_bit6.out,,,,,,,,,,,,,,,,
247,7,MASKED,MASKED_UNFLAGGED,,,,HeCBench/results/llvm17_inject/entropy/float/site247_bit7.out,,,,,,,,,,,,,,,,
247,8,MASKED,MASKED_UNFLAGGED,,,,HeCBench/results/llvm17_inject/entropy/float/site247_bit8.out,,,,,,,,,,,,,,,,
247,9,MASKED,MASKED_UNFLAGGED,,,,HeCBench/results/llvm17_inject/entropy/float/site247_bit9.out,,,,,,,,,,,,,,,,
247,10,MASKED,MASKED_UNFLAGGED,,,,HeCBench/results/llvm17_inject/entropy/float/site247_bit10.out,,,,,,,,,,,,,,,,
247,11,MASKED,MASKED_UNFLAGGED,,,,HeCBench/results/llvm17_inject/entropy/float/site247_bit11.out,,,,,,,,,,,,,,,,
247,12,MASKED,MASKED_UNFLAGGED,,,,HeCBench/results/llvm17_inject/entropy/float/site247_bit12.out,,,,,,,,,,,,,,,,
247,13,MASKED,MASKED_UNFLAGGED,,,,HeCBench/results/llvm17_inject/entropy/float/site247_bit13.out,,,,,,,,,,,,,,,,
247,14,MASKED,MASKED_UNFLAGGED,,,,HeCBench/results/llvm17_inject/entropy/float/site247_bit14.out,,,,,,,,,,,,,,,,
247,15,MASKED,MASKED_UNFLAGGED,,,,HeCBench/results/llvm17_inject/entropy/float/site247_bit15.out,,,,,,,,,,,,,,,,
247,16,MASKED,MASKED_UNFLAGGED,,,,HeCBench/results/llvm17_inject/entropy/float/site247_bit16.out,,,,,,,,,,,,,,,,
247,17,MASKED,MASKED_UNFLAGGED,,,,HeCBench/results/llvm17_inject/entropy/float/site247_bit17.out,,,,,,,,,,,,,,,,
247,18,MASKED,MASKED_UNFLAGGED,,,,HeCBench/results/llvm17_inject/entropy/float/site247_bit18.out,,,,,,,,,,,,,,,,
247,19,MASKED,MASKED_UNFLAGGED,,,,HeCBench/results/llvm17_inject/entropy/float/site247_bit19.out,,,,,,,,,,,,,,,,
247,20,MASKED,MASKED_UNFLAGGED,,,,HeCBench/results/llvm17_inject/entropy/float/site247_bit20.out,,,,,,,,,,,,,,,,
247,21,MASKED,MASKED_UNFLAGGED,,,,HeCBench/results/llvm17_inject/entropy/float/site247_bit21.out,,,,,,,,,,,,,,,,
247,22,MASKED,MASKED_UNFLAGGED,,,,HeCBench/results/llvm17_inject/entropy/float/site247_bit22.out,,,,,,,,,,,,,,,,
247,23,MASKED,MASKED_UNFLAGGED,,,,HeCBench/results/llvm17_inject/entropy/float/site247_bit23.out,,,,,,,,,,,,,,,,
247,24,MASKED,MASKED_UNFLAGGED,,,,HeCBench/results/llvm17_inject/entropy/float/site247_bit24.out,,,,,,,,,,,,,,,,
247,25,MASKED,MASKED_UNFLAGGED,,,,HeCBench/results/llvm17_inject/entropy/float/site247_bit25.out,,,,,,,,,,,,,,,,
247,26,MASKED,MASKED_UNFLAGGED,,,,HeCBench/results/llvm17_inject/entropy/float/site247_bit26.out,,,,,,,,,,,,,,,,
247,27,MASKED,MASKED_UNFLAGGED,,,,HeCBench/results/llvm17_inject/entropy/float/site247_bit27.out,,,,,,,,,,,,,,,,
247,28,MASKED,MASKED_UNFLAGGED,,,,HeCBench/results/llvm17_inject/entropy/float/site247_bit28.out,,,,,,,,,,,,,,,,
247,29,MASKED,MASKED_UNFLAGGED,,,,HeCBench/results/llvm17_inject/entropy/float/site247_bit29.out,,,,,,,,,,,,,,,,
247,30,MASKED,MASKED_UNFLAGGED,,,,HeCBench/results/llvm17_inject/entropy/float/site247_bit30.out,,,,,,,,,,,,,,,,
247,31,MASKED,MASKED_UNFLAGGED,,,,HeCBench/results/llvm17_inject/entropy/float/site247_bit31.out,,,,,,,,,,,,,,,,
250,0,MASKED,MASKED_UNFLAGGED,,,,HeCBench/results/llvm17_inject/entropy/float/site250_bit0.out,,,,,,,,,,,,,,,,
250,1,MASKED,MASKED_UNFLAGGED,,,,HeCBench/results/llvm17_inject/entropy/float/site250_bit1.out,,,,,,,,,,,,,,,,
250,2,MASKED,MASKED_UNFLAGGED,,,,HeCBench/results/llvm17_inject/entropy/float/site250_bit2.out,,,,,,,,,,,,,,,,
250,3,MASKED,MASKED_UNFLAGGED,,,,HeCBench/results/llvm17_inject/entropy/float/site250_bit3.out,,,,,,,,,,,,,,,,
250,4,MASKED,MASKED_UNFLAGGED,,,,HeCBench/results/llvm17_inject/entropy/float/site250_bit4.out,,,,,,,,,,,,,,,,
250,5,MASKED,MASKED_UNFLAGGED,,,,HeCBench/results/llvm17_inject/entropy/float/site250_bit5.out,,,,,,,,,,,,,,,,
250,6,MASKED,MASKED_UNFLAGGED,,,,HeCBench/results/llvm17_inject/entropy/float/site250_bit6.out,,,,,,,,,,,,,,,,
250,7,MASKED,MASKED_UNFLAGGED,,,,HeCBench/results/llvm17_inject/entropy/float/site250_bit7.out,,,,,,,,,,,,,,,,
250,8,MASKED,MASKED_UNFLAGGED,,,,HeCBench/results/llvm17_inject/entropy/float/site250_bit8.out,,,,,,,,,,,,,,,,
250,9,MASKED,MASKED_UNFLAGGED,,,,HeCBench/results/llvm17_inject/entropy/float/site250_bit9.out,,,,,,,,,,,,,,,,
250,10,MASKED,MASKED_UNFLAGGED,,,,HeCBench/results/llvm17_inject/entropy/float/site250_bit10.out,,,,,,,,,,,,,,,,
250,11,MASKED,MASKED_UNFLAGGED,,,,HeCBench/results/llvm17_inject/entropy/float/site250_bit11.out,,,,,,,,,,,,,,,,
250,12,MASKED,MASKED_UNFLAGGED,,,,HeCBench/results/llvm17_inject/entropy/float/site250_bit12.out,,,,,,,,,,,,,,,,
250,13,MASKED,MASKED_UNFLAGGED,,,,HeCBench/results/llvm17_inject/entropy/float/site250_bit13.out,,,,,,,,,,,,,,,,
250,14,MASKED,MASKED_UNFLAGGED,,,,HeCBench/results/llvm17_inject/entropy/float/site250_bit14.out,,,,,,,,,,,,,,,,
250,15,MASKED,MASKED_UNFLAGGED,,,,HeCBench/results/llvm17_inject/entropy/float/site250_bit15.out,,,,,,,,,,,,,,,,
250,16,MASKED,MASKED_UNFLAGGED,,,,HeCBench/results/llvm17_inject/entropy/float/site250_bit16.out,,,,,,,,,,,,,,,,
250,17,MASKED,MASKED_UNFLAGGED,,,,HeCBench/results/llvm17_inject/entropy/float/site250_bit17.out,,,,,,,,,,,,,,,,
250,18,MASKED,MASKED_UNFLAGGED,,,,HeCBench/results/llvm17_inject/entropy/float/site250_bit18.out,,,,,,,,,,,,,,,,
250,19,MASKED,MASKED_UNFLAGGED,,,,HeCBench/results/llvm17_inject/entropy/float/site250_bit19.out,,,,,,,,,,,,,,,,
250,20,MASKED,MASKED_UNFLAGGED,,,,HeCBench/results/llvm17_inject/entropy/float/site250_bit20.out,,,,,,,,,,,,,,,,
250,21,MASKED,MASKED_UNFLAGGED,,,,HeCBench/results/llvm17_inject/entropy/float/site250_bit21.out,,,,,,,,,,,,,,,,
250,22,MASKED,MASKED_UNFLAGGED,,,,HeCBench/results/llvm17_inject/entropy/float/site250_bit22.out,,,,,,,,,,,,,,,,
250,23,MASKED,MASKED_UNFLAGGED,,,,HeCBench/results/llvm17_inject/entropy/float/site250_bit23.out,,,,,,,,,,,,,,,,
250,24,MASKED,MASKED_UNFLAGGED,,,,HeCBench/results/llvm17_inject/entropy/float/site250_bit24.out,,,,,,,,,,,,,,,,
250,25,MASKED,MASKED_UNFLAGGED,,,,HeCBench/results/llvm17_inject/entropy/float/site250_bit25.out,,,,,,,,,,,,,,,,
250,26,MASKED,MASKED_UNFLAGGED,,,,HeCBench/results/llvm17_inject/entropy/float/site250_bit26.out,,,,,,,,,,,,,,,,
250,27,MASKED,MASKED_UNFLAGGED,,,,HeCBench/results/llvm17_inject/entropy/float/site250_bit27.out,,,,,,,,,,,,,,,,
250,28,MASKED,MASKED_UNFLAGGED,,,,HeCBench/results/llvm17_inject/entropy/float/site250_bit28.out,,,,,,,,,,,,,,,,
250,29,MASKED,MASKED_UNFLAGGED,,,,HeCBench/results/llvm17_inject/entropy/float/site250_bit29.out,,,,,,,,,,,,,,,,
250,30,MASKED,MASKED_UNFLAGGED,,,,HeCBench/results/llvm17_inject/entropy/float/site250_bit30.out,,,,,,,,,,,,,,,,
250,31,MASKED,MASKED_UNFLAGGED,,,,HeCBench/results/llvm17_inject/entropy/float/site250_bit31.out,,,,,,,,,,,,,,,,
252,0,MASKED,MASKED_UNFLAGGED,,,,HeCBench/results/llvm17_inject/entropy/float/site252_bit0.out,,,,,,,,,,,,,,,,
252,1,MASKED,MASKED_UNFLAGGED,,,,HeCBench/results/llvm17_inject/entropy/float/site252_bit1.out,,,,,,,,,,,,,,,,
252,2,MASKED,MASKED_UNFLAGGED,,,,HeCBench/results/llvm17_inject/entropy/float/site252_bit2.out,,,,,,,,,,,,,,,,
252,3,MASKED,MASKED_UNFLAGGED,,,,HeCBench/results/llvm17_inject/entropy/float/site252_bit3.out,,,,,,,,,,,,,,,,
252,4,MASKED,MASKED_UNFLAGGED,,,,HeCBench/results/llvm17_inject/entropy/float/site252_bit4.out,,,,,,,,,,,,,,,,
252,5,MASKED,MASKED_UNFLAGGED,,,,HeCBench/results/llvm17_inject/entropy/float/site252_bit5.out,,,,,,,,,,,,,,,,
252,6,MASKED,MASKED_UNFLAGGED,,,,HeCBench/results/llvm17_inject/entropy/float/site252_bit6.out,,,,,,,,,,,,,,,,
252,7,MASKED,MASKED_UNFLAGGED,,,,HeCBench/results/llvm17_inject/entropy/float/site252_bit7.out,,,,,,,,,,,,,,,,
252,8,MASKED,MASKED_UNFLAGGED,,,,HeCBench/results/llvm17_inject/entropy/float/site252_bit8.out,,,,,,,,,,,,,,,,
252,9,MASKED,MASKED_UNFLAGGED,,,,HeCBench/results/llvm17_inject/entropy/float/site252_bit9.out,,,,,,,,,,,,,,,,
252,10,MASKED,MASKED_UNFLAGGED,,,,HeCBench/results/llvm17_inject/entropy/float/site252_bit10.out,,,,,,,,,,,,,,,,
252,11,MASKED,MASKED_UNFLAGGED,,,,HeCBench/results/llvm17_inject/entropy/float/site252_bit11.out,,,,,,,,,,,,,,,,
252,12,MASKED,MASKED_UNFLAGGED,,,,HeCBench/results/llvm17_inject/entropy/float/site252_bit12.out,,,,,,,,,,,,,,,,
252,13,MASKED,MASKED_UNFLAGGED,,,,HeCBench/results/llvm17_inject/entropy/float/site252_bit13.out,,,,,,,,,,,,,,,,
252,14,MASKED,MASKED_UNFLAGGED,,,,HeCBench/results/llvm17_inject/entropy/float/site252_bit14.out,,,,,,,,,,,,,,,,
252,15,MASKED,MASKED_UNFLAGGED,,,,HeCBench/results/llvm17_inject/entropy/float/site252_bit15.out,,,,,,,,,,,,,,,,
252,16,MASKED,MASKED_UNFLAGGED,,,,HeCBench/results/llvm17_inject/entropy/float/site252_bit16.out,,,,,,,,,,,,,,,,
252,17,MASKED,MASKED_UNFLAGGED,,,,HeCBench/results/llvm17_inject/entropy/float/site252_bit17.out,,,,,,,,,,,,,,,,
252,18,MASKED,MASKED_UNFLAGGED,,,,HeCBench/results/llvm17_inject/entropy/float/site252_bit18.out,,,,,,,,,,,,,,,,
252,19,MASKED,MASKED_UNFLAGGED,,,,HeCBench/results/llvm17_inject/entropy/float/site252_bit19.out,,,,,,,,,,,,,,,,
252,20,MASKED,MASKED_UNFLAGGED,,,,HeCBench/results/llvm17_inject/entropy/float/site252_bit20.out,,,,,,,,,,,,,,,,
252,21,MASKED,MASKED_UNFLAGGED,,,,HeCBench/results/llvm17_inject/entropy/float/site252_bit21.out,,,,,,,,,,,,,,,,
252,22,MASKED,MASKED_UNFLAGGED,,,,HeCBench/results/llvm17_inject/entropy/float/site252_bit22.out,,,,,,,,,,,,,,,,
252,23,MASKED,MASKED_UNFLAGGED,,,,HeCBench/results/llvm17_inject/entropy/float/site252_bit23.out,,,,,,,,,,,,,,,,
252,24,MASKED,MASKED_UNFLAGGED,,,,HeCBench/results/llvm17_inject/entropy/float/site252_bit24.out,,,,,,,,,,,,,,,,
252,25,MASKED,MASKED_UNFLAGGED,,,,HeCBench/results/llvm17_inject/entropy/float/site252_bit25.out,,,,,,,,,,,,,,,,
252,26,MASKED,MASKED_UNFLAGGED,,,,HeCBench/results/llvm17_inject/entropy/float/site252_bit26.out,,,,,,,,,,,,,,,,
252,27,MASKED,MASKED_UNFLAGGED,,,,HeCBench/results/llvm17_inject/entropy/float/site252_bit27.out,,,,,,,,,,,,,,,,
252,28,MASKED,MASKED_UNFLAGGED,,,,HeCBench/results/llvm17_inject/entropy/float/site252_bit28.out,,,,,,,,,,,,,,,,
252,29,MASKED,MASKED_UNFLAGGED,,,,HeCBench/results/llvm17_inject/entropy/float/site252_bit29.out,,,,,,,,,,,,,,,,
252,30,MASKED,MASKED_UNFLAGGED,,,,HeCBench/results/llvm17_inject/entropy/float/site252_bit30.out,,,,,,,,,,,,,,,,
252,31,MASKED,MASKED_UNFLAGGED,,,,HeCBench/results/llvm17_inject/entropy/float/site252_bit31.out,,,,,,,,,,,,,,,,
273,0,MASKED,MASKED_UNFLAGGED,,,,HeCBench/results/llvm17_inject/entropy/float/site273_bit0.out,,,,,,,,,,,,,,,,
273,1,MASKED,MASKED_UNFLAGGED,,,,HeCBench/results/llvm17_inject/entropy/float/site273_bit1.out,,,,,,,,,,,,,,,,
273,2,MASKED,MASKED_UNFLAGGED,,,,HeCBench/results/llvm17_inject/entropy/float/site273_bit2.out,,,,,,,,,,,,,,,,
273,3,MASKED,MASKED_UNFLAGGED,,,,HeCBench/results/llvm17_inject/entropy/float/site273_bit3.out,,,,,,,,,,,,,,,,
273,4,MASKED,MASKED_UNFLAGGED,,,,HeCBench/results/llvm17_inject/entropy/float/site273_bit4.out,,,,,,,,,,,,,,,,
273,5,MASKED,MASKED_UNFLAGGED,,,,HeCBench/results/llvm17_inject/entropy/float/site273_bit5.out,,,,,,,,,,,,,,,,
273,6,MASKED,MASKED_UNFLAGGED,,,,HeCBench/results/llvm17_inject/entropy/float/site273_bit6.out,,,,,,,,,,,,,,,,
273,7,MASKED,MASKED_UNFLAGGED,,,,HeCBench/results/llvm17_inject/entropy/float/site273_bit7.out,,,,,,,,,,,,,,,,
273,8,MASKED,MASKED_UNFLAGGED,,,,HeCBench/results/llvm17_inject/entropy/float/site273_bit8.out,,,,,,,,,,,,,,,,
273,9,MASKED,MASKED_UNFLAGGED,,,,HeCBench/results/llvm17_inject/entropy/float/site273_bit9.out,,,,,,,,,,,,,,,,
273,10,MASKED,MASKED_UNFLAGGED,,,,HeCBench/results/llvm17_inject/entropy/float/site273_bit10.out,,,,,,,,,,,,,,,,
273,11,MASKED,MASKED_UNFLAGGED,,,,HeCBench/results/llvm17_inject/entropy/float/site273_bit11.out,,,,,,,,,,,,,,,,
273,12,MASKED,MASKED_UNFLAGGED,,,,HeCBench/results/llvm17_inject/entropy/float/site273_bit12.out,,,,,,,,,,,,,,,,
273,13,MASKED,MASKED_UNFLAGGED,,,,HeCBench/results/llvm17_inject/entropy/float/site273_bit13.out,,,,,,,,,,,,,,,,
273,14,MASKED,MASKED_UNFLAGGED,,,,HeCBench/results/llvm17_inject/entropy/float/site273_bit14.out,,,,,,,,,,,,,,,,
273,15,MASKED,MASKED_UNFLAGGED,,,,HeCBench/results/llvm17_inject/entropy/float/site273_bit15.out,,,,,,,,,,,,,,,,
273,16,MASKED,MASKED_UNFLAGGED,,,,HeCBench/results/llvm17_inject/entropy/float/site273_bit16.out,,,,,,,,,,,,,,,,
273,17,MASKED,MASKED_UNFLAGGED,,,,HeCBench/results/llvm17_inject/entropy/float/site273_bit17.out,,,,,,,,,,,,,,,,
273,18,MASKED,MASKED_UNFLAGGED,,,,HeCBench/results/llvm17_inject/entropy/float/site273_bit18.out,,,,,,,,,,,,,,,,
273,19,MASKED,MASKED_UNFLAGGED,,,,HeCBench/results/llvm17_inject/entropy/float/site273_bit19.out,,,,,,,,,,,,,,,,
273,20,MASKED,MASKED_UNFLAGGED,,,,HeCBench/results/llvm17_inject/entropy/float/site273_bit20.out,,,,,,,,,,,,,,,,
273,21,MASKED,MASKED_UNFLAGGED,,,,HeCBench/results/llvm17_inject/entropy/float/site273_bit21.out,,,,,,,,,,,,,,,,
273,22,MASKED,MASKED_UNFLAGGED,,,,HeCBench/results/llvm17_inject/entropy/float/site273_bit22.out,,,,,,,,,,,,,,,,
273,23,MASKED,MASKED_UNFLAGGED,,,,HeCBench/results/llvm17_inject/entropy/float/site273_bit23.out,,,,,,,,,,,,,,,,
273,24,MASKED,MASKED_UNFLAGGED,,,,HeCBench/results/llvm17_inject/entropy/float/site273_bit24.out,,,,,,,,,,,,,,,,
273,25,MASKED,MASKED_UNFLAGGED,,,,HeCBench/results/llvm17_inject/entropy/float/site273_bit25.out,,,,,,,,,,,,,,,,
273,26,MASKED,MASKED_UNFLAGGED,,,,HeCBench/results/llvm17_inject/entropy/float/site273_bit26.out,,,,,,,,,,,,,,,,
273,27,MASKED,MASKED_UNFLAGGED,,,,HeCBench/results/llvm17_inject/entropy/float/site273_bit27.out,,,,,,,,,,,,,,,,
273,28,MASKED,MASKED_UNFLAGGED,,,,HeCBench/results/llvm17_inject/entropy/float/site273_bit28.out,,,,,,,,,,,,,,,,
273,29,MASKED,MASKED_UNFLAGGED,,,,HeCBench/results/llvm17_inject/entropy/float/site273_bit29.out,,,,,,,,,,,,,,,,
273,30,MASKED,MASKED_UNFLAGGED,,,,HeCBench/results/llvm17_inject/entropy/float/site273_bit30.out,,,,,,,,,,,,,,,,
273,31,MASKED,MASKED_UNFLAGGED,,,,HeCBench/results/llvm17_inject/entropy/float/site273_bit31.out,,,,,,,,,,,,,,,,
273,32,MASKED,MASKED_UNFLAGGED,,,,HeCBench/results/llvm17_inject/entropy/float/site273_bit32.out,,,,,,,,,,,,,,,,
273,33,MASKED,MASKED_UNFLAGGED,,,,HeCBench/results/llvm17_inject/entropy/float/site273_bit33.out,,,,,,,,,,,,,,,,
273,34,MASKED,MASKED_UNFLAGGED,,,,HeCBench/results/llvm17_inject/entropy/float/site273_bit34.out,,,,,,,,,,,,,,,,
273,35,MASKED,MASKED_UNFLAGGED,,,,HeCBench/results/llvm17_inject/entropy/float/site273_bit35.out,,,,,,,,,,,,,,,,
273,36,MASKED,MASKED_UNFLAGGED,,,,HeCBench/results/llvm17_inject/entropy/float/site273_bit36.out,,,,,,,,,,,,,,,,
273,37,MASKED,MASKED_UNFLAGGED,,,,HeCBench/results/llvm17_inject/entropy/float/site273_bit37.out,,,,,,,,,,,,,,,,
273,38,MASKED,MASKED_UNFLAGGED,,,,HeCBench/results/llvm17_inject/entropy/float/site273_bit38.out,,,,,,,,,,,,,,,,
273,39,MASKED,MASKED_UNFLAGGED,,,,HeCBench/results/llvm17_inject/entropy/float/site273_bit39.out,,,,,,,,,,,,,,,,
273,40,MASKED,MASKED_UNFLAGGED,,,,HeCBench/results/llvm17_inject/entropy/float/site273_bit40.out,,,,,,,,,,,,,,,,
273,41,MASKED,MASKED_UNFLAGGED,,,,HeCBench/results/llvm17_inject/entropy/float/site273_bit41.out,,,,,,,,,,,,,,,,
273,42,MASKED,MASKED_UNFLAGGED,,,,HeCBench/results/llvm17_inject/entropy/float/site273_bit42.out,,,,,,,,,,,,,,,,
273,43,MASKED,MASKED_UNFLAGGED,,,,HeCBench/results/llvm17_inject/entropy/float/site273_bit43.out,,,,,,,,,,,,,,,,
273,44,MASKED,MASKED_UNFLAGGED,,,,HeCBench/results/llvm17_inject/entropy/float/site273_bit44.out,,,,,,,,,,,,,,,,
273,45,MASKED,MASKED_UNFLAGGED,,,,HeCBench/results/llvm17_inject/entropy/float/site273_bit45.out,,,,,,,,,,,,,,,,
273,46,MASKED,MASKED_UNFLAGGED,,,,HeCBench/results/llvm17_inject/entropy/float/site273_bit46.out,,,,,,,,,,,,,,,,
273,47,MASKED,MASKED_UNFLAGGED,,,,HeCBench/results/llvm17_inject/entropy/float/site273_bit47.out,,,,,,,,,,,,,,,,
273,48,MASKED,MASKED_UNFLAGGED,,,,HeCBench/results/llvm17_inject/entropy/float/site273_bit48.out,,,,,,,,,,,,,,,,
273,49,MASKED,MASKED_UNFLAGGED,,,,HeCBench/results/llvm17_inject/entropy/float/site273_bit49.out,,,,,,,,,,,,,,,,
273,50,MASKED,MASKED_UNFLAGGED,,,,HeCBench/results/llvm17_inject/entropy/float/site273_bit50.out,,,,,,,,,,,,,,,,
273,51,MASKED,MASKED_UNFLAGGED,,,,HeCBench/results/llvm17_inject/entropy/float/site273_bit51.out,,,,,,,,,,,,,,,,
273,52,MASKED,MASKED_UNFLAGGED,,,,HeCBench/results/llvm17_inject/entropy/float/site273_bit52.out,,,,,,,,,,,,,,,,
273,53,MASKED,MASKED_UNFLAGGED,,,,HeCBench/results/llvm17_inject/entropy/float/site273_bit53.out,,,,,,,,,,,,,,,,
273,54,MASKED,MASKED_UNFLAGGED,,,,HeCBench/results/llvm17_inject/entropy/float/site273_bit54.out,,,,,,,,,,,,,,,,
273,55,MASKED,MASKED_UNFLAGGED,,,,HeCBench/results/llvm17_inject/entropy/float/site273_bit55.out,,,,,,,,,,,,,,,,
273,56,MASKED,MASKED_UNFLAGGED,,,,HeCBench/results/llvm17_inject/entropy/float/site273_bit56.out,,,,,,,,,,,,,,,,
273,57,MASKED,MASKED_UNFLAGGED,,,,HeCBench/results/llvm17_inject/entropy/float/site273_bit57.out,,,,,,,,,,,,,,,,
273,58,MASKED,MASKED_UNFLAGGED,,,,HeCBench/results/llvm17_inject/entropy/float/site273_bit58.out,,,,,,,,,,,,,,,,
273,59,MASKED,MASKED_UNFLAGGED,,,,HeCBench/results/llvm17_inject/entropy/float/site273_bit59.out,,,,,,,,,,,,,,,,
273,60,MASKED,MASKED_UNFLAGGED,,,,HeCBench/results/llvm17_inject/entropy/float/site273_bit60.out,,,,,,,,,,,,,,,,
273,61,MASKED,MASKED_UNFLAGGED,,,,HeCBench/results/llvm17_inject/entropy/float/site273_bit61.out,,,,,,,,,,,,,,,,
273,62,MASKED,MASKED_UNFLAGGED,,,,HeCBench/results/llvm17_inject/entropy/float/site273_bit62.out,,,,,,,,,,,,,,,,
273,63,MASKED,MASKED_UNFLAGGED,,,,HeCBench/results/llvm17_inject/entropy/float/site273_bit63.out,,,,,,,,,,,,,,,,
277,0,MASKED,MASKED_UNFLAGGED,,,,HeCBench/results/llvm17_inject/entropy/float/site277_bit0.out,,,,,,,,,,,,,,,,
277,1,MASKED,MASKED_UNFLAGGED,,,,HeCBench/results/llvm17_inject/entropy/float/site277_bit1.out,,,,,,,,,,,,,,,,
277,2,MASKED,MASKED_UNFLAGGED,,,,HeCBench/results/llvm17_inject/entropy/float/site277_bit2.out,,,,,,,,,,,,,,,,
277,3,MASKED,MASKED_UNFLAGGED,,,,HeCBench/results/llvm17_inject/entropy/float/site277_bit3.out,,,,,,,,,,,,,,,,
277,4,MASKED,MASKED_UNFLAGGED,,,,HeCBench/results/llvm17_inject/entropy/float/site277_bit4.out,,,,,,,,,,,,,,,,
277,5,MASKED,MASKED_UNFLAGGED,,,,HeCBench/results/llvm17_inject/entropy/float/site277_bit5.out,,,,,,,,,,,,,,,,
277,6,MASKED,MASKED_UNFLAGGED,,,,HeCBench/results/llvm17_inject/entropy/float/site277_bit6.out,,,,,,,,,,,,,,,,
277,7,MASKED,MASKED_UNFLAGGED,,,,HeCBench/results/llvm17_inject/entropy/float/site277_bit7.out,,,,,,,,,,,,,,,,
277,8,MASKED,MASKED_UNFLAGGED,,,,HeCBench/results/llvm17_inject/entropy/float/site277_bit8.out,,,,,,,,,,,,,,,,
277,9,MASKED,MASKED_UNFLAGGED,,,,HeCBench/results/llvm17_inject/entropy/float/site277_bit9.out,,,,,,,,,,,,,,,,
277,10,MASKED,MASKED_UNFLAGGED,,,,HeCBench/results/llvm17_inject/entropy/float/site277_bit10.out,,,,,,,,,,,,,,,,
277,11,MASKED,MASKED_UNFLAGGED,,,,HeCBench/results/llvm17_inject/entropy/float/site277_bit11.out,,,,,,,,,,,,,,,,
277,12,MASKED,MASKED_UNFLAGGED,,,,HeCBench/results/llvm17_inject/entropy/float/site277_bit12.out,,,,,,,,,,,,,,,,
277,13,MASKED,MASKED_UNFLAGGED,,,,HeCBench/results/llvm17_inject/entropy/float/site277_bit13.out,,,,,,,,,,,,,,,,
277,14,MASKED,MASKED_UNFLAGGED,,,,HeCBench/results/llvm17_inject/entropy/float/site277_bit14.out,,,,,,,,,,,,,,,,
277,15,MASKED,MASKED_UNFLAGGED,,,,HeCBench/results/llvm17_inject/entropy/float/site277_bit15.out,,,,,,,,,,,,,,,,
277,16,MASKED,MASKED_UNFLAGGED,,,,HeCBench/results/llvm17_inject/entropy/float/site277_bit16.out,,,,,,,,,,,,,,,,
277,17,MASKED,MASKED_UNFLAGGED,,,,HeCBench/results/llvm17_inject/entropy/float/site277_bit17.out,,,,,,,,,,,,,,,,
277,18,MASKED,MASKED_UNFLAGGED,,,,HeCBench/results/llvm17_inject/entropy/float/site277_bit18.out,,,,,,,,,,,,,,,,
277,19,MASKED,MASKED_UNFLAGGED,,,,HeCBench/results/llvm17_inject/entropy/float/site277_bit19.out,,,,,,,,,,,,,,,,
277,20,MASKED,MASKED_UNFLAGGED,,,,HeCBench/results/llvm17_inject/entropy/float/site277_bit20.out,,,,,,,,,,,,,,,,
277,21,MASKED,MASKED_UNFLAGGED,,,,HeCBench/results/llvm17_inject/entropy/float/site277_bit21.out,,,,,,,,,,,,,,,,
277,22,MASKED,MASKED_UNFLAGGED,,,,HeCBench/results/llvm17_inject/entropy/float/site277_bit22.out,,,,,,,,,,,,,,,,
277,23,MASKED,MASKED_UNFLAGGED,,,,HeCBench/results/llvm17_inject/entropy/float/site277_bit23.out,,,,,,,,,,,,,,,,
277,24,MASKED,MASKED_UNFLAGGED,,,,HeCBench/results/llvm17_inject/entropy/float/site277_bit24.out,,,,,,,,,,,,,,,,
277,25,MASKED,MASKED_UNFLAGGED,,,,HeCBench/results/llvm17_inject/entropy/float/site277_bit25.out,,,,,,,,,,,,,,,,
277,26,MASKED,MASKED_UNFLAGGED,,,,HeCBench/results/llvm17_inject/entropy/float/site277_bit26.out,,,,,,,,,,,,,,,,
277,27,MASKED,MASKED_UNFLAGGED,,,,HeCBench/results/llvm17_inject/entropy/float/site277_bit27.out,,,,,,,,,,,,,,,,
277,28,MASKED,MASKED_UNFLAGGED,,,,HeCBench/results/llvm17_inject/entropy/float/site277_bit28.out,,,,,,,,,,,,,,,,
277,29,MASKED,MASKED_UNFLAGGED,,,,HeCBench/results/llvm17_inject/entropy/float/site277_bit29.out,,,,,,,,,,,,,,,,
277,30,MASKED,MASKED_UNFLAGGED,,,,HeCBench/results/llvm17_inject/entropy/float/site277_bit30.out,,,,,,,,,,,,,,,,
277,31,MASKED,MASKED_UNFLAGGED,,,,HeCBench/results/llvm17_inject/entropy/float/site277_bit31.out,,,,,,,,,,,,,,,,
277,32,MASKED,MASKED_UNFLAGGED,,,,HeCBench/results/llvm17_inject/entropy/float/site277_bit32.out,,,,,,,,,,,,,,,,
277,33,MASKED,MASKED_UNFLAGGED,,,,HeCBench/results/llvm17_inject/entropy/float/site277_bit33.out,,,,,,,,,,,,,,,,
277,34,MASKED,MASKED_UNFLAGGED,,,,HeCBench/results/llvm17_inject/entropy/float/site277_bit34.out,,,,,,,,,,,,,,,,
277,35,MASKED,MASKED_UNFLAGGED,,,,HeCBench/results/llvm17_inject/entropy/float/site277_bit35.out,,,,,,,,,,,,,,,,
277,36,MASKED,MASKED_UNFLAGGED,,,,HeCBench/results/llvm17_inject/entropy/float/site277_bit36.out,,,,,,,,,,,,,,,,
277,37,MASKED,MASKED_UNFLAGGED,,,,HeCBench/results/llvm17_inject/entropy/float/site277_bit37.out,,,,,,,,,,,,,,,,
277,38,MASKED,MASKED_UNFLAGGED,,,,HeCBench/results/llvm17_inject/entropy/float/site277_bit38.out,,,,,,,,,,,,,,,,
277,39,MASKED,MASKED_UNFLAGGED,,,,HeCBench/results/llvm17_inject/entropy/float/site277_bit39.out,,,,,,,,,,,,,,,,
277,40,MASKED,MASKED_UNFLAGGED,,,,HeCBench/results/llvm17_inject/entropy/float/site277_bit40.out,,,,,,,,,,,,,,,,
277,41,MASKED,MASKED_UNFLAGGED,,,,HeCBench/results/llvm17_inject/entropy/float/site277_bit41.out,,,,,,,,,,,,,,,,
277,42,MASKED,MASKED_UNFLAGGED,,,,HeCBench/results/llvm17_inject/entropy/float/site277_bit42.out,,,,,,,,,,,,,,,,
277,43,MASKED,MASKED_UNFLAGGED,,,,HeCBench/results/llvm17_inject/entropy/float/site277_bit43.out,,,,,,,,,,,,,,,,
277,44,MASKED,MASKED_UNFLAGGED,,,,HeCBench/results/llvm17_inject/entropy/float/site277_bit44.out,,,,,,,,,,,,,,,,
277,45,MASKED,MASKED_UNFLAGGED,,,,HeCBench/results/llvm17_inject/entropy/float/site277_bit45.out,,,,,,,,,,,,,,,,
277,46,MASKED,MASKED_UNFLAGGED,,,,HeCBench/results/llvm17_inject/entropy/float/site277_bit46.out,,,,,,,,,,,,,,,,
277,47,MASKED,MASKED_UNFLAGGED,,,,HeCBench/results/llvm17_inject/entropy/float/site277_bit47.out,,,,,,,,,,,,,,,,
277,48,MASKED,MASKED_UNFLAGGED,,,,HeCBench/results/llvm17_inject/entropy/float/site277_bit48.out,,,,,,,,,,,,,,,,
277,49,MASKED,MASKED_UNFLAGGED,,,,HeCBench/results/llvm17_inject/entropy/float/site277_bit49.out,,,,,,,,,,,,,,,,
277,50,MASKED,MASKED_UNFLAGGED,,,,HeCBench/results/llvm17_inject/entropy/float/site277_bit50.out,,,,,,,,,,,,,,,,
277,51,MASKED,MASKED_UNFLAGGED,,,,HeCBench/results/llvm17_inject/entropy/float/site277_bit51.out,,,,,,,,,,,,,,,,
277,52,MASKED,MASKED_UNFLAGGED,,,,HeCBench/results/llvm17_inject/entropy/float/site277_bit52.out,,,,,,,,,,,,,,,,
277,53,MASKED,MASKED_UNFLAGGED,,,,HeCBench/results/llvm17_inject/entropy/float/site277_bit53.out,,,,,,,,,,,,,,,,
277,54,MASKED,MASKED_UNFLAGGED,,,,HeCBench/results/llvm17_inject/entropy/float/site277_bit54.out,,,,,,,,,,,,,,,,
277,55,MASKED,MASKED_UNFLAGGED,,,,HeCBench/results/llvm17_inject/entropy/float/site277_bit55.out,,,,,,,,,,,,,,,,
277,56,MASKED,MASKED_UNFLAGGED,,,,HeCBench/results/llvm17_inject/entropy/float/site277_bit56.out,,,,,,,,,,,,,,,,
277,57,MASKED,MASKED_UNFLAGGED,,,,HeCBench/results/llvm17_inject/entropy/float/site277_bit57.out,,,,,,,,,,,,,,,,
277,58,MASKED,MASKED_UNFLAGGED,,,,HeCBench/results/llvm17_inject/entropy/float/site277_bit58.out,,,,,,,,,,,,,,,,
277,59,MASKED,MASKED_UNFLAGGED,,,,HeCBench/results/llvm17_inject/entropy/float/site277_bit59.out,,,,,,,,,,,,,,,,
277,60,MASKED,MASKED_UNFLAGGED,,,,HeCBench/results/llvm17_inject/entropy/float/site277_bit60.out,,,,,,,,,,,,,,,,
277,61,MASKED,MASKED_UNFLAGGED,,,,HeCBench/results/llvm17_inject/entropy/float/site277_bit61.out,,,,,,,,,,,,,,,,
277,62,MASKED,MASKED_UNFLAGGED,,,,HeCBench/results/llvm17_inject/entropy/float/site277_bit62.out,,,,,,,,,,,,,,,,
277,63,MASKED,MASKED_UNFLAGGED,,,,HeCBench/results/llvm17_inject/entropy/float/site277_bit63.out,,,,,,,,,,,,,,,,
