:3:rocdevice.cpp            :465 : 1568606107338 us:  Initializing HSA stack.
:3:rocdevice.cpp            :551 : 1568606196680 us:  Enumerated GPU agents = 1
:3:rocdevice.cpp            :230 : 1568606197054 us:  Numa selects cpu agent[3]=0x2c9110(fine=0x2c9320,coarse=0x2c9e60) for gpu agent=0x2cac30 CPU<->GPU XGMI=1
:3:rocsettings.cpp          :284 : 1568606197393 us:  Using dev kernel arg wa = 0
:3:comgrctx.cpp             :33  : 1568606197564 us:  Loading COMGR library.
:3:comgrctx.cpp             :128 : 1568606197743 us:  Loaded COMGR library version 3.0.
:3:rocdevice.cpp            :1785: 1568606198230 us:  Gfx Major/Minor/Stepping: 9/0/10
:3:rocdevice.cpp            :1787: 1568606198376 us:  HMM support: 1, XNACK: 0, Direct host access: 1
:3:rocdevice.cpp            :1789: 1568606198502 us:  Max SDMA Read Mask: 0x1e, Max SDMA Write Mask: 0x1f
:3:hip_context.cpp          :54  : 1568606199584 us:  Direct Dispatch: 1
:3:hip_fatbin.cpp           :427 : 1568606199826 us:  Searching for code objects, HIP_FORCE_SPIRV_CODEOBJECT: 0
:3:hip_fatbin.cpp           :435 : 1568606199977 us:  Using Native code object: gfx90a:sramecc+:xnack-
:3:hip_memory.cpp           :756 : 1568606200099 us:  [32m hipMalloc ( 0x7fffffff5c00, 30720000 ) [0m
:3:rocdevice.cpp            :2411: 1568606200262 us:  Device=0x6e3170, freeMem_ = 0xffd2b4000
:3:hip_memory.cpp           :758 : 1568606200441 us:  hipMalloc: Returned hipSuccess : 0x7ffeabc00000: duration: 342 us
:3:hip_memory.cpp           :795 : 1568606200587 us:  [32m hipMemcpy ( 0x7ffeabc00000, 0x7fffdffec010, 30720000, hipMemcpyHostToDevice ) [0m
:3:rocdevice.cpp            :3048: 1568606200868 us:  Number of allocated hardware queues with low priority: 0, with normal priority: 0, with high priority: 0, maximum per priority is: 4
:3:rocdevice.cpp            :3129: 1568606205424 us:  Created SWq=0x7fffe204a000 to map on HWq=0x7ffec5800000 with size 16384 with priority 1, cooperative: 0
:3:rocdevice.cpp            :3222: 1568606205768 us:  acquireQueue refCount: 0x7ffec5800000 (1)
:3:devprogram.cpp           :2658: 1568606443907 us:  Using Code Object V5.
:3:rocvirtual.hpp           :56  : 1568606448420 us:  Host active wait for Signal = (0x7fffd89ff780) for -1 ns
:3:rocvirtual.cpp           :533 : 1568606449668 us:  Set Handler: handle(0x7fffd89fd600), timestamp(0xe182d0)
:3:rocvirtual.hpp           :56  : 1568606449959 us:  Host active wait for Signal = (0x7fffd89fd600) for -1 ns
:3:hip_memory.cpp           :796 : 1568606450118 us:  hipMemcpy: Returned hipSuccess : : duration: 249531 us
:3:hip_memory.cpp           :756 : 1568606450268 us:  [32m hipMalloc ( 0x7fffffff5bf8, 24576 ) [0m
:3:rocvirtual.cpp           :226 : 1568606450019 us:  Handler: value(0), timestamp(0x9eedc0), handle(0x7fffd89fd600)
:3:rocdevice.cpp            :2411: 1568606450414 us:  Device=0x6e3170, freeMem_ = 0xffd2ae000
:3:hip_memory.cpp           :758 : 1568606450728 us:  hipMalloc: Returned hipSuccess : 0x7ffec4a00000: duration: 460 us
:3:hip_memory.cpp           :795 : 1568606450850 us:  [32m hipMemcpy ( 0x7ffec4a00000, 0x290e70, 24576, hipMemcpyHostToDevice ) [0m
:3:rocvirtual.cpp           :533 : 1568606451103 us:  Set Handler: handle(0x7fffd89fd680), timestamp(0xe181c0)
:3:rocvirtual.hpp           :56  : 1568606451237 us:  Host active wait for Signal = (0x7fffd89fd680) for -1 ns
:3:hip_memory.cpp           :796 : 1568606451315 us:  hipMemcpy: Returned hipSuccess : : duration: 465 us
:3:hip_memory.cpp           :756 : 1568606451433 us:  [32m hipMalloc ( 0x7fffffff5bf0, 30720000 ) [0m
:3:rocvirtual.cpp           :226 : 1568606451274 us:  Handler: value(0), timestamp(0x9770d0), handle(0x7fffd89fd680)
:3:rocdevice.cpp            :2411: 1568606451564 us:  Device=0x6e3170, freeMem_ = 0xffb562000
:3:hip_memory.cpp           :758 : 1568606451727 us:  hipMalloc: Returned hipSuccess : 0x7ffe85c00000: duration: 294 us
:3:hip_memory.cpp           :756 : 1568606451903 us:  [32m hipMalloc ( 0x7fffffff5be8, 36 ) [0m
:3:rocdevice.cpp            :2411: 1568606451981 us:  Device=0x6e3170, freeMem_ = 0xffb561fdc
:3:hip_memory.cpp           :758 : 1568606452074 us:  hipMalloc: Returned hipSuccess : 0x7ffec4a06000: duration: 171 us
:3:hip_memory.cpp           :795 : 1568606452187 us:  [32m hipMemcpy ( 0x7ffec4a06000, 0x28ddc0, 36, hipMemcpyHostToDevice ) [0m
:3:rocvirtual.cpp           :762 : 1568606452406 us:  Arg0: uchar* src = ptr:0x7ffec5006000
:3:rocvirtual.cpp           :762 : 1568606452486 us:  Arg1: uchar* dst = ptr:0x7ffec4a06000
:3:rocvirtual.cpp           :853 : 1568606452605 us:  Arg2: ulong size = val:36
:3:rocvirtual.cpp           :853 : 1568606452679 us:  Arg3: uint remainder = val:4
:3:rocvirtual.cpp           :853 : 1568606452752 us:  Arg4: uint aligned_size = val:16
:3:rocvirtual.cpp           :853 : 1568606452827 us:  Arg5: ulong end_ptr = val:140732197265440
:3:rocvirtual.cpp           :853 : 1568606452899 us:  Arg6: uint next_chunk = val:512
:3:rocvirtual.cpp           :3236: 1568606452992 us:  ShaderName : __amd_rocclr_copyBuffer
:3:rocvirtual.cpp           :3449: 1568606453074 us:  KernargSegmentByteSize = 304 KernargSegmentAlignment = 128
:3:rocvirtual.cpp           :533 : 1568606453182 us:  Set Handler: handle(0x7fffd89fd700), timestamp(0xe22dd0)
:3:rocvirtual.hpp           :56  : 1568606453272 us:  Host active wait for Signal = (0x7fffd89fd700) for -1 ns
:3:hip_memory.cpp           :796 : 1568606453368 us:  hipMemcpy: Returned hipSuccess : : duration: 1181 us
:3:hip_memory.cpp           :3476: 1568606453438 us:  [32m hipMemset ( 0x7ffe85c00000, 0, 30720000 ) [0m
:3:rocvirtual.cpp           :226 : 1568606453297 us:  Handler: value(0), timestamp(0x73be30), handle(0x7fffd89fd700)
:3:rocvirtual.cpp           :762 : 1568606453526 us:  Arg0: void* buf = ptr:0x7ffe85c00000
:3:rocvirtual.cpp           :778 : 1568606453695 us:  Arg0: void* buf = ptr:0x7ffe85c00000 obj:[0x7ffe85c00000-0x7ffe8794c000]
:3:rocvirtual.cpp           :762 : 1568606453812 us:  Arg1: uchar* pattern = ptr:0x7ffec5600200
:3:rocvirtual.cpp           :853 : 1568606453910 us:  Arg2: uint pattern_size = val:1
:3:rocvirtual.cpp           :853 : 1568606453995 us:  Arg3: uint alignment = val:16
:3:rocvirtual.cpp           :853 : 1568606454072 us:  Arg4: ulong end_ptr = val:140731173093376
:3:rocvirtual.cpp           :853 : 1568606454142 us:  Arg5: uint next_chunk = val:28160
:3:rocvirtual.cpp           :3236: 1568606454215 us:  ShaderName : __amd_rocclr_fillBufferAligned
:3:rocvirtual.cpp           :3449: 1568606454319 us:  KernargSegmentByteSize = 296 KernargSegmentAlignment = 128
:3:hip_memory.cpp           :3477: 1568606454407 us:  hipMemset: Returned hipSuccess : 
:3:hip_device_runtime.cpp   :641 : 1568606454480 us:  [32m hipDeviceSynchronize (  ) [0m
:3:rocvirtual.cpp           :533 : 1568606454551 us:  Set Handler: handle(0x7fffd89fd780), timestamp(0xe22cc0)
:3:rocvirtual.hpp           :56  : 1568606454622 us:  Host active wait for Signal = (0x7fffd89fd780) for -1 ns
:3:rocvirtual.cpp           :226 : 1568606454645 us:  Handler: value(0), timestamp(0x73bfa0), handle(0x7fffd89fd780)
:3:hip_device_runtime.cpp   :645 : 1568606454711 us:  hipDeviceSynchronize: Returned hipSuccess : 
:3:hip_platform.cpp         :237 : 1568606454914 us:  [32m __hipPushCallConfiguration ( {8,1,1}, {128,1,1}, 0, stream:<null> ) [0m
:3:hip_platform.cpp         :241 : 1568606455103 us:  __hipPushCallConfiguration: Returned hipSuccess : 
:3:hip_platform.cpp         :246 : 1568606455173 us:  [32m __hipPopCallConfiguration ( {3964667986,32767,128}, {2118224,0,4294925520}, 0x7fffffff5a20, 0x7fffffff5a18 ) [0m
:3:hip_platform.cpp         :255 : 1568606455313 us:  __hipPopCallConfiguration: Returned hipSuccess : 
:3:hip_module.cpp           :744 : 1568606455402 us:  [32m hipLaunchKernel ( 0x200fe0, {8,1,1}, {128,1,1}, 0x7fffffff59d0, 0, stream:<null> ) [0m
:3:devprogram.cpp           :2658: 1568606455711 us:  Using Code Object V5.
:3:rocvirtual.cpp           :762 : 1568606456186 us:  Arg0:   = ptr:0x7ffeabc00000
:3:rocvirtual.cpp           :778 : 1568606456274 us:  Arg0:   = ptr:0x7ffeabc00000 obj:[0x7ffeabc00000-0x7ffead94c000]
:3:rocvirtual.cpp           :762 : 1568606456342 us:  Arg1:   = ptr:0x7ffec4a00000
:3:rocvirtual.cpp           :778 : 1568606456456 us:  Arg1:   = ptr:0x7ffec4a00000 obj:[0x7ffec4a00000-0x7ffec4a06000]
:3:rocvirtual.cpp           :762 : 1568606456529 us:  Arg2:   = ptr:0x7ffe85c00000
:3:rocvirtual.cpp           :778 : 1568606456600 us:  Arg2:   = ptr:0x7ffe85c00000 obj:[0x7ffe85c00000-0x7ffe8794c000]
:3:rocvirtual.cpp           :853 : 1568606456669 us:  Arg3:   = val:768
:3:rocvirtual.cpp           :762 : 1568606456782 us:  Arg4:   = ptr:0x7ffec4a06000
:3:rocvirtual.cpp           :778 : 1568606456867 us:  Arg4:   = ptr:0x7ffec4a06000 obj:[0x7ffec4a06000-0x7ffec4a06024]
:3:rocvirtual.cpp           :3236: 1568606456962 us:  ShaderName : void dense_esuhm<float>(float const*, float const*, float*, int, int const*)
:3:rocdevice.cpp            :3322: 1568606459676 us:  Created hostcall buffer 0x7ffe94600000 for hardware queue 0x7ffec5800000
:3:devhostcall.cpp          :428 : 1568606460396 us:  Launched hostcall listener at 0xd7e330
:3:devhostcall.cpp          :441 : 1568606460494 us:  Registered hostcall buffer 0x7ffe94600000 with listener 0xd7e330
:3:rocvirtual.cpp           :853 : 1568606460605 us:  Arg0: ulong heap_to_initialize = val:140732197269504
:3:rocvirtual.cpp           :853 : 1568606460717 us:  Arg1: ulong initial_blocks = val:140731131887616
:3:rocvirtual.cpp           :853 : 1568606460791 us:  Arg2: uint heap_size = val:131072
:3:rocvirtual.cpp           :853 : 1568606460886 us:  Arg3: uint number_of_initial_blocks = val:4
:3:rocvirtual.cpp           :3236: 1568606460994 us:  ShaderName : __amd_rocclr_initHeap
:3:rocvirtual.cpp           :3449: 1568606461099 us:  KernargSegmentByteSize = 24 KernargSegmentAlignment = 128
:3:rocvirtual.hpp           :56  : 1568606461185 us:  Host active wait for Signal = (0x7fffd89ff480) for -1 ns
:3:rocvirtual.cpp           :3449: 1568606461282 us:  KernargSegmentByteSize = 296 KernargSegmentAlignment = 128
:3:hip_module.cpp           :745 : 1568606461357 us:  hipLaunchKernel: Returned hipSuccess : : duration: 5955 us
:3:hip_device_runtime.cpp   :641 : 1568606461437 us:  [32m hipDeviceSynchronize (  ) [0m
:3:rocvirtual.cpp           :533 : 1568606461526 us:  Set Handler: handle(0x7fffd89fd800), timestamp(0xe22bf0)
:3:rocvirtual.hpp           :56  : 1568606461600 us:  Host active wait for Signal = (0x7fffd89fd800) for -1 ns
:3:hip_device_runtime.cpp   :645 : 1568606461757 us:  hipDeviceSynchronize: Returned hipSuccess : 
:3:hip_memory.cpp           :795 : 1568606461834 us:  [32m hipMemcpy ( 0x7fffde29f010, 0x7ffe85c00000, 30720000, hipMemcpyDeviceToHost ) [0m
:3:rocvirtual.cpp           :226 : 1568606461759 us:  Handler: value(0), timestamp(0xd1a290), handle(0x7fffd89fd800)
:3:rocvirtual.hpp           :56  : 1568606468168 us:  Host active wait for Signal = (0x7fffd89ff380) for -1 ns
:3:rocvirtual.cpp           :533 : 1568606469354 us:  Set Handler: handle(0x7fffd89fd100), timestamp(0xf3ab80)
:3:rocvirtual.hpp           :56  : 1568606469443 us:  Host active wait for Signal = (0x7fffd89fd100) for -1 ns
:3:hip_memory.cpp           :796 : 1568606469543 us:  hipMemcpy: Returned hipSuccess : : duration: 7709 us
:3:hip_memory.cpp           :3476: 1568606469663 us:  [32m hipMemset ( 0x7ffe85c00000, 0, 30720000 ) [0m
:3:rocvirtual.cpp           :762 : 1568606469760 us:  Arg0: void* buf = ptr:0x7ffe85c00000
:3:rocvirtual.cpp           :778 : 1568606469830 us:  Arg0: void* buf = ptr:0x7ffe85c00000 obj:[0x7ffe85c00000-0x7ffe8794c000]
:3:rocvirtual.cpp           :762 : 1568606469905 us:  Arg1: uchar* pattern = ptr:0x7ffec5600000
:3:rocvirtual.cpp           :853 : 1568606469971 us:  Arg2: uint pattern_size = val:1
:3:rocvirtual.cpp           :853 : 1568606470041 us:  Arg3: uint alignment = val:16
:3:rocvirtual.cpp           :853 : 1568606470145 us:  Arg4: ulong end_ptr = val:140731173093376
:3:rocvirtual.cpp           :853 : 1568606470218 us:  Arg5: uint next_chunk = val:28160
:3:rocvirtual.cpp           :3236: 1568606470323 us:  ShaderName : __amd_rocclr_fillBufferAligned
:3:rocvirtual.cpp           :3449: 1568606470406 us:  KernargSegmentByteSize = 296 KernargSegmentAlignment = 128
:3:hip_memory.cpp           :3477: 1568606470502 us:  hipMemset: Returned hipSuccess : 
:3:hip_device_runtime.cpp   :641 : 1568606470577 us:  [32m hipDeviceSynchronize (  ) [0m
:3:rocvirtual.cpp           :533 : 1568606470653 us:  Set Handler: handle(0x7fffd89fd080), timestamp(0xdc5f30)
:3:rocvirtual.hpp           :56  : 1568606470725 us:  Host active wait for Signal = (0x7fffd89fd080) for -1 ns
:3:hip_device_runtime.cpp   :645 : 1568606470830 us:  hipDeviceSynchronize: Returned hipSuccess : 
:3:rocvirtual.cpp           :226 : 1568606469470 us:  Handler: value(0), timestamp(0xef43a0), handle(0x7fffd89fd100)
:3:hip_platform.cpp         :237 : 1568606470920 us:  [32m __hipPushCallConfiguration ( {8,1,1}, {128,1,1}, 0, stream:<null> ) [0m
:3:hip_platform.cpp         :241 : 1568606471144 us:  __hipPushCallConfiguration: Returned hipSuccess : 
:3:hip_platform.cpp         :246 : 1568606471234 us:  [32m __hipPopCallConfiguration ( {3964667986,32767,128}, {2118224,0,4294925520}, 0x7fffffff5a20, 0x7fffffff5a18 ) [0m
:3:hip_platform.cpp         :255 : 1568606471413 us:  __hipPopCallConfiguration: Returned hipSuccess : 
:3:hip_module.cpp           :744 : 1568606471522 us:  [32m hipLaunchKernel ( 0x200fe8, {8,1,1}, {128,1,1}, 0x7fffffff59d0, 0, stream:<null> ) [0m
:3:rocvirtual.cpp           :762 : 1568606471699 us:  Arg0:   = ptr:0x7ffeabc00000
:3:rocvirtual.cpp           :778 : 1568606471779 us:  Arg0:   = ptr:0x7ffeabc00000 obj:[0x7ffeabc00000-0x7ffead94c000]
:3:rocvirtual.cpp           :762 : 1568606471848 us:  Arg1:   = ptr:0x7ffec4a00000
:3:rocvirtual.cpp           :778 : 1568606471924 us:  Arg1:   = ptr:0x7ffec4a00000 obj:[0x7ffec4a00000-0x7ffec4a06000]
:3:rocvirtual.cpp           :762 : 1568606472007 us:  Arg2:   = ptr:0x7ffe85c00000
:3:rocvirtual.cpp           :778 : 1568606472122 us:  Arg2:   = ptr:0x7ffe85c00000 obj:[0x7ffe85c00000-0x7ffe8794c000]
:3:rocvirtual.cpp           :853 : 1568606472195 us:  Arg3:   = val:768
:3:rocvirtual.cpp           :762 : 1568606472282 us:  Arg4:   = ptr:0x7ffec4a06000
:3:rocvirtual.cpp           :778 : 1568606472347 us:  Arg4:   = ptr:0x7ffec4a06000 obj:[0x7ffec4a06000-0x7ffec4a06024]
:3:rocvirtual.cpp           :3236: 1568606472460 us:  ShaderName : void dense_esuhm2<float>(float const*, float const*, float*, int, int const*)
:3:rocvirtual.cpp           :3449: 1568606472603 us:  KernargSegmentByteSize = 296 KernargSegmentAlignment = 128
:3:hip_module.cpp           :745 : 1568606472675 us:  hipLaunchKernel: Returned hipSuccess : : duration: 1153 us
:3:hip_device_runtime.cpp   :641 : 1568606472789 us:  [32m hipDeviceSynchronize (  ) [0m
:3:rocvirtual.cpp           :226 : 1568606471011 us:  Handler: value(0), timestamp(0xef4410), handle(0x7fffd89fd080)
:3:rocvirtual.cpp           :533 : 1568606472898 us:  Set Handler: handle(0x7fffd89fd000), timestamp(0xef3890)
:3:rocvirtual.hpp           :56  : 1568606473087 us:  Host active wait for Signal = (0x7fffd89fd000) for -1 ns
:3:hip_device_runtime.cpp   :645 : 1568606473168 us:  hipDeviceSynchronize: Returned hipSuccess : 
:3:rocvirtual.cpp           :226 : 1568606473107 us:  Handler: value(0), timestamp(0xef4480), handle(0x7fffd89fd000)
:3:hip_memory.cpp           :795 : 1568606473238 us:  [32m hipMemcpy ( 0x7fffdc552010, 0x7ffe85c00000, 30720000, hipMemcpyDeviceToHost ) [0m
:3:rocvirtual.hpp           :56  : 1568606477304 us:  Host active wait for Signal = (0x7fffd89ff180) for -1 ns
:3:rocvirtual.cpp           :533 : 1568606478478 us:  Set Handler: handle(0x7fffd89fcf80), timestamp(0xe1afa0)
:3:rocvirtual.hpp           :56  : 1568606478624 us:  Host active wait for Signal = (0x7fffd89fcf80) for -1 ns
:3:hip_memory.cpp           :796 : 1568606478748 us:  hipMemcpy: Returned hipSuccess : : duration: 5510 us
:3:hip_memory.cpp           :3476: 1568606478846 us:  [32m hipMemset ( 0x7ffe85c00000, 0, 30720000 ) [0m
:3:rocvirtual.cpp           :762 : 1568606478921 us:  Arg0: void* buf = ptr:0x7ffe85c00000
:3:rocvirtual.cpp           :778 : 1568606479034 us:  Arg0: void* buf = ptr:0x7ffe85c00000 obj:[0x7ffe85c00000-0x7ffe8794c000]
:3:rocvirtual.cpp           :762 : 1568606479116 us:  Arg1: uchar* pattern = ptr:0x7ffec5600000
:3:rocvirtual.cpp           :853 : 1568606479194 us:  Arg2: uint pattern_size = val:1
:3:rocvirtual.cpp           :853 : 1568606479291 us:  Arg3: uint alignment = val:16
:3:rocvirtual.cpp           :853 : 1568606479367 us:  Arg4: ulong end_ptr = val:140731173093376
:3:rocvirtual.cpp           :853 : 1568606479445 us:  Arg5: uint next_chunk = val:28160
:3:rocvirtual.cpp           :3236: 1568606479514 us:  ShaderName : __amd_rocclr_fillBufferAligned
:3:rocvirtual.cpp           :3449: 1568606479600 us:  KernargSegmentByteSize = 296 KernargSegmentAlignment = 128
:3:hip_memory.cpp           :3477: 1568606479724 us:  hipMemset: Returned hipSuccess : 
:3:hip_device_runtime.cpp   :641 : 1568606479829 us:  [32m hipDeviceSynchronize (  ) [0m
:3:rocvirtual.cpp           :226 : 1568606478674 us:  Handler: value(0), timestamp(0xef4480), handle(0x7fffd89fcf80)
:3:rocvirtual.cpp           :533 : 1568606479909 us:  Set Handler: handle(0x7fffd89fcf00), timestamp(0xf3a8a0)
:3:rocvirtual.hpp           :56  : 1568606480076 us:  Host active wait for Signal = (0x7fffd89fcf00) for -1 ns
:3:hip_device_runtime.cpp   :645 : 1568606480180 us:  hipDeviceSynchronize: Returned hipSuccess : 
:3:hip_platform.cpp         :237 : 1568606480263 us:  [32m __hipPushCallConfiguration ( {8,1,1}, {128,1,1}, 0, stream:<null> ) [0m
:3:hip_platform.cpp         :241 : 1568606480401 us:  __hipPushCallConfiguration: Returned hipSuccess : 
:3:hip_platform.cpp         :246 : 1568606480468 us:  [32m __hipPopCallConfiguration ( {3964667986,32767,128}, {2118224,0,4294925520}, 0x7fffffff5a20, 0x7fffffff5a18 ) [0m
:3:hip_platform.cpp         :255 : 1568606480601 us:  __hipPopCallConfiguration: Returned hipSuccess : 
:3:hip_module.cpp           :744 : 1568606480677 us:  [32m hipLaunchKernel ( 0x200ff0, {8,1,1}, {128,1,1}, 0x7fffffff59d0, 0, stream:<null> ) [0m
:3:rocvirtual.cpp           :762 : 1568606480863 us:  Arg0:   = ptr:0x7ffeabc00000
:3:rocvirtual.cpp           :778 : 1568606480942 us:  Arg0:   = ptr:0x7ffeabc00000 obj:[0x7ffeabc00000-0x7ffead94c000]
:3:rocvirtual.cpp           :762 : 1568606481028 us:  Arg1:   = ptr:0x7ffec4a00000
:3:rocvirtual.cpp           :778 : 1568606481101 us:  Arg1:   = ptr:0x7ffec4a00000 obj:[0x7ffec4a00000-0x7ffec4a06000]
:3:rocvirtual.cpp           :762 : 1568606481174 us:  Arg2:   = ptr:0x7ffe85c00000
:3:rocvirtual.cpp           :778 : 1568606481278 us:  Arg2:   = ptr:0x7ffe85c00000 obj:[0x7ffe85c00000-0x7ffe8794c000]
:3:rocvirtual.cpp           :853 : 1568606481349 us:  Arg3:   = val:768
:3:rocvirtual.cpp           :762 : 1568606481412 us:  Arg4:   = ptr:0x7ffec4a06000
:3:rocvirtual.cpp           :778 : 1568606481482 us:  Arg4:   = ptr:0x7ffec4a06000 obj:[0x7ffec4a06000-0x7ffec4a06024]
:3:rocvirtual.cpp           :226 : 1568606480115 us:  Handler: value(0), timestamp(0xef44f0), handle(0x7fffd89fcf00)
:3:rocvirtual.cpp           :3236: 1568606481547 us:  ShaderName : void dense_esuhm3<float>(float const*, float const*, float*, int, int const*)
:3:rocvirtual.cpp           :3449: 1568606481820 us:  KernargSegmentByteSize = 296 KernargSegmentAlignment = 128
:3:hip_module.cpp           :745 : 1568606481931 us:  hipLaunchKernel: Returned hipSuccess : : duration: 1254 us
:3:hip_device_runtime.cpp   :641 : 1568606482028 us:  [32m hipDeviceSynchronize (  ) [0m
:3:rocvirtual.cpp           :533 : 1568606482102 us:  Set Handler: handle(0x7fffd89fce80), timestamp(0xef4090)
:3:rocvirtual.hpp           :56  : 1568606482178 us:  Host active wait for Signal = (0x7fffd89fce80) for -1 ns
:3:hip_device_runtime.cpp   :645 : 1568606482247 us:  hipDeviceSynchronize: Returned hipSuccess : 
:3:hip_memory.cpp           :795 : 1568606482328 us:  [32m hipMemcpy ( 0x7fffda805010, 0x7ffe85c00000, 30720000, hipMemcpyDeviceToHost ) [0m
:3:rocvirtual.cpp           :226 : 1568606482201 us:  Handler: value(0), timestamp(0xf0fb00), handle(0x7fffd89fce80)
:3:rocvirtual.hpp           :56  : 1568606486241 us:  Host active wait for Signal = (0x7fffd89fef80) for -1 ns
:3:rocvirtual.cpp           :533 : 1568606487416 us:  Set Handler: handle(0x7fffd89fce00), timestamp(0xdc6090)
:3:rocvirtual.hpp           :56  : 1568606487494 us:  Host active wait for Signal = (0x7fffd89fce00) for -1 ns
:3:hip_memory.cpp           :796 : 1568606487635 us:  hipMemcpy: Returned hipSuccess : : duration: 5307 us
:3:rocvirtual.cpp           :226 : 1568606487522 us:  Handler: value(0), timestamp(0xf0fb70), handle(0x7fffd89fce00)
:3:hip_memory.cpp           :3476: 1568606506978 us:  [32m hipMemset ( 0x7ffe85c00000, 0, 30720000 ) [0m
:3:rocvirtual.cpp           :762 : 1568606507300 us:  Arg0: void* buf = ptr:0x7ffe85c00000
:3:rocvirtual.cpp           :778 : 1568606507468 us:  Arg0: void* buf = ptr:0x7ffe85c00000 obj:[0x7ffe85c00000-0x7ffe8794c000]
:3:rocvirtual.cpp           :762 : 1568606507579 us:  Arg1: uchar* pattern = ptr:0x7ffec5600000
:3:rocvirtual.cpp           :853 : 1568606507779 us:  Arg2: uint pattern_size = val:1
:3:rocvirtual.cpp           :853 : 1568606507911 us:  Arg3: uint alignment = val:16
:3:rocvirtual.cpp           :853 : 1568606508102 us:  Arg4: ulong end_ptr = val:140731173093376
:3:rocvirtual.cpp           :853 : 1568606508196 us:  Arg5: uint next_chunk = val:28160
:3:rocvirtual.cpp           :3236: 1568606508358 us:  ShaderName : __amd_rocclr_fillBufferAligned
:3:rocvirtual.cpp           :3449: 1568606508470 us:  KernargSegmentByteSize = 296 KernargSegmentAlignment = 128
:3:hip_memory.cpp           :3477: 1568606508622 us:  hipMemset: Returned hipSuccess : 
:3:hip_device_runtime.cpp   :641 : 1568606508689 us:  [32m hipDeviceSynchronize (  ) [0m
:3:rocvirtual.cpp           :533 : 1568606508787 us:  Set Handler: handle(0x7fffd89fcd80), timestamp(0xef4350)
:3:rocvirtual.hpp           :56  : 1568606508888 us:  Host active wait for Signal = (0x7fffd89fcd80) for -1 ns
:3:hip_device_runtime.cpp   :645 : 1568606509015 us:  hipDeviceSynchronize: Returned hipSuccess : 
:3:hip_platform.cpp         :237 : 1568606509139 us:  [32m __hipPushCallConfiguration ( {8,1,1}, {256,1,1}, 0, stream:<null> ) [0m
:3:hip_platform.cpp         :241 : 1568606509329 us:  __hipPushCallConfiguration: Returned hipSuccess : 
:3:hip_platform.cpp         :246 : 1568606509423 us:  [32m __hipPopCallConfiguration ( {3964667986,32767,256}, {2118224,0,4294925520}, 0x7fffffff5a20, 0x7fffffff5a18 ) [0m
:3:hip_platform.cpp         :255 : 1568606509626 us:  __hipPopCallConfiguration: Returned hipSuccess : 
:3:hip_module.cpp           :744 : 1568606509702 us:  [32m hipLaunchKernel ( 0x200fe0, {8,1,1}, {256,1,1}, 0x7fffffff59d0, 0, stream:<null> ) [0m
:3:rocvirtual.cpp           :762 : 1568606509879 us:  Arg0:   = ptr:0x7ffeabc00000
:3:rocvirtual.cpp           :778 : 1568606509950 us:  Arg0:   = ptr:0x7ffeabc00000 obj:[0x7ffeabc00000-0x7ffead94c000]
:3:rocvirtual.cpp           :762 : 1568606510023 us:  Arg1:   = ptr:0x7ffec4a00000
:3:rocvirtual.cpp           :778 : 1568606510101 us:  Arg1:   = ptr:0x7ffec4a00000 obj:[0x7ffec4a00000-0x7ffec4a06000]
:3:rocvirtual.cpp           :762 : 1568606510166 us:  Arg2:   = ptr:0x7ffe85c00000
:3:rocvirtual.cpp           :778 : 1568606510254 us:  Arg2:   = ptr:0x7ffe85c00000 obj:[0x7ffe85c00000-0x7ffe8794c000]
:3:rocvirtual.cpp           :853 : 1568606510328 us:  Arg3:   = val:768
:3:rocvirtual.cpp           :762 : 1568606510423 us:  Arg4:   = ptr:0x7ffec4a06000
:3:rocvirtual.cpp           :778 : 1568606510493 us:  Arg4:   = ptr:0x7ffec4a06000 obj:[0x7ffec4a06000-0x7ffec4a06024]
:3:rocvirtual.cpp           :3236: 1568606510570 us:  ShaderName : void dense_esuhm<float>(float const*, float const*, float*, int, int const*)
:3:rocvirtual.cpp           :3449: 1568606510716 us:  KernargSegmentByteSize = 296 KernargSegmentAlignment = 128
:3:hip_module.cpp           :745 : 1568606510786 us:  hipLaunchKernel: Returned hipSuccess : : duration: 1084 us
:3:hip_device_runtime.cpp   :641 : 1568606510863 us:  [32m hipDeviceSynchronize (  ) [0m
:3:rocvirtual.cpp           :533 : 1568606510953 us:  Set Handler: handle(0x7fffd89fcd00), timestamp(0xe280e0)
:3:rocvirtual.hpp           :56  : 1568606511036 us:  Host active wait for Signal = (0x7fffd89fcd00) for -1 ns
:3:hip_device_runtime.cpp   :645 : 1568606511125 us:  hipDeviceSynchronize: Returned hipSuccess : 
:3:hip_memory.cpp           :795 : 1568606511204 us:  [32m hipMemcpy ( 0x7fffde29f010, 0x7ffe85c00000, 30720000, hipMemcpyDeviceToHost ) [0m
:3:rocvirtual.hpp           :56  : 1568606511359 us:  Host active wait for Signal = (0x7fffd89fed80) for -1 ns
:3:rocvirtual.cpp           :226 : 1568606508929 us:  Handler: value(0), timestamp(0xf0fbe0), handle(0x7fffd89fcd80)
:3:rocvirtual.cpp           :226 : 1568606511555 us:  Handler: value(0), timestamp(0xe28030), handle(0x7fffd89fcd00)
:3:rocvirtual.cpp           :533 : 1568606512533 us:  Set Handler: handle(0x7fffd89fcc80), timestamp(0xf3a7e0)
:3:rocvirtual.hpp           :56  : 1568606512605 us:  Host active wait for Signal = (0x7fffd89fcc80) for -1 ns
:3:hip_memory.cpp           :796 : 1568606512672 us:  hipMemcpy: Returned hipSuccess : : duration: 1468 us
:3:hip_memory.cpp           :3476: 1568606512754 us:  [32m hipMemset ( 0x7ffe85c00000, 0, 30720000 ) [0m
:3:rocvirtual.cpp           :762 : 1568606512824 us:  Arg0: void* buf = ptr:0x7ffe85c00000
:3:rocvirtual.cpp           :778 : 1568606512934 us:  Arg0: void* buf = ptr:0x7ffe85c00000 obj:[0x7ffe85c00000-0x7ffe8794c000]
:3:rocvirtual.cpp           :762 : 1568606513020 us:  Arg1: uchar* pattern = ptr:0x7ffec5600000
:3:rocvirtual.cpp           :853 : 1568606513099 us:  Arg2: uint pattern_size = val:1
:3:rocvirtual.cpp           :853 : 1568606513170 us:  Arg3: uint alignment = val:16
:3:rocvirtual.cpp           :853 : 1568606513242 us:  Arg4: ulong end_ptr = val:140731173093376
:3:rocvirtual.cpp           :853 : 1568606513309 us:  Arg5: uint next_chunk = val:28160
:3:rocvirtual.cpp           :3236: 1568606513383 us:  ShaderName : __amd_rocclr_fillBufferAligned
:3:rocvirtual.cpp           :3449: 1568606513473 us:  KernargSegmentByteSize = 296 KernargSegmentAlignment = 128
:3:hip_memory.cpp           :3477: 1568606513587 us:  hipMemset: Returned hipSuccess : 
:3:hip_device_runtime.cpp   :641 : 1568606513653 us:  [32m hipDeviceSynchronize (  ) [0m
:3:rocvirtual.cpp           :533 : 1568606513728 us:  Set Handler: handle(0x7fffd89fcc00), timestamp(0xe27c10)
:3:rocvirtual.hpp           :56  : 1568606513794 us:  Host active wait for Signal = (0x7fffd89fcc00) for -1 ns
:3:hip_device_runtime.cpp   :645 : 1568606513871 us:  hipDeviceSynchronize: Returned hipSuccess : 
:3:hip_platform.cpp         :237 : 1568606513937 us:  [32m __hipPushCallConfiguration ( {8,1,1}, {256,1,1}, 0, stream:<null> ) [0m
:3:hip_platform.cpp         :241 : 1568606514083 us:  __hipPushCallConfiguration: Returned hipSuccess : 
:3:hip_platform.cpp         :246 : 1568606514176 us:  [32m __hipPopCallConfiguration ( {3964667986,32767,256}, {2118224,0,4294925520}, 0x7fffffff5a20, 0x7fffffff5a18 ) [0m
:3:hip_platform.cpp         :255 : 1568606514332 us:  __hipPopCallConfiguration: Returned hipSuccess : 
:3:hip_module.cpp           :744 : 1568606514401 us:  [32m hipLaunchKernel ( 0x200fe8, {8,1,1}, {256,1,1}, 0x7fffffff59d0, 0, stream:<null> ) [0m
:3:rocvirtual.cpp           :226 : 1568606512627 us:  Handler: value(0), timestamp(0xef3ec0), handle(0x7fffd89fcc80)
:3:rocvirtual.cpp           :762 : 1568606514547 us:  Arg0:   = ptr:0x7ffeabc00000
:3:rocvirtual.cpp           :778 : 1568606514707 us:  Arg0:   = ptr:0x7ffeabc00000 obj:[0x7ffeabc00000-0x7ffead94c000]
:3:rocvirtual.cpp           :762 : 1568606514783 us:  Arg1:   = ptr:0x7ffec4a00000
:3:rocvirtual.cpp           :778 : 1568606514848 us:  Arg1:   = ptr:0x7ffec4a00000 obj:[0x7ffec4a00000-0x7ffec4a06000]
:3:rocvirtual.cpp           :762 : 1568606514923 us:  Arg2:   = ptr:0x7ffe85c00000
:3:rocvirtual.cpp           :778 : 1568606514988 us:  Arg2:   = ptr:0x7ffe85c00000 obj:[0x7ffe85c00000-0x7ffe8794c000]
:3:rocvirtual.cpp           :853 : 1568606515057 us:  Arg3:   = val:768
:3:rocvirtual.cpp           :762 : 1568606515122 us:  Arg4:   = ptr:0x7ffec4a06000
:3:rocvirtual.cpp           :778 : 1568606515201 us:  Arg4:   = ptr:0x7ffec4a06000 obj:[0x7ffec4a06000-0x7ffec4a06024]
:3:rocvirtual.cpp           :3236: 1568606515273 us:  ShaderName : void dense_esuhm2<float>(float const*, float const*, float*, int, int const*)
:3:rocvirtual.cpp           :3449: 1568606515417 us:  KernargSegmentByteSize = 296 KernargSegmentAlignment = 128
:3:hip_module.cpp           :745 : 1568606515490 us:  hipLaunchKernel: Returned hipSuccess : : duration: 1089 us
:3:hip_device_runtime.cpp   :641 : 1568606515571 us:  [32m hipDeviceSynchronize (  ) [0m
:3:rocvirtual.cpp           :226 : 1568606514640 us:  Handler: value(0), timestamp(0xe28030), handle(0x7fffd89fcc00)
:3:rocvirtual.cpp           :533 : 1568606515645 us:  Set Handler: handle(0x7fffd89fcb80), timestamp(0xe27fb0)
:3:rocvirtual.hpp           :56  : 1568606515795 us:  Host active wait for Signal = (0x7fffd89fcb80) for -1 ns
:3:hip_device_runtime.cpp   :645 : 1568606515865 us:  hipDeviceSynchronize: Returned hipSuccess : 
:3:rocvirtual.cpp           :226 : 1568606515814 us:  Handler: value(0), timestamp(0xe281f0), handle(0x7fffd89fcb80)
:3:hip_memory.cpp           :795 : 1568606515944 us:  [32m hipMemcpy ( 0x7fffdc552010, 0x7ffe85c00000, 30720000, hipMemcpyDeviceToHost ) [0m
:3:rocvirtual.hpp           :56  : 1568606516180 us:  Host active wait for Signal = (0x7fffd89feb80) for -1 ns
:3:rocvirtual.cpp           :533 : 1568606517353 us:  Set Handler: handle(0x7fffd89fcb00), timestamp(0xef3e40)
:3:rocvirtual.hpp           :56  : 1568606517417 us:  Host active wait for Signal = (0x7fffd89fcb00) for -1 ns
:3:hip_memory.cpp           :796 : 1568606517492 us:  hipMemcpy: Returned hipSuccess : : duration: 1548 us
:3:hip_memory.cpp           :3476: 1568606517558 us:  [32m hipMemset ( 0x7ffe85c00000, 0, 30720000 ) [0m
:3:rocvirtual.cpp           :762 : 1568606517628 us:  Arg0: void* buf = ptr:0x7ffe85c00000
:3:rocvirtual.cpp           :778 : 1568606517695 us:  Arg0: void* buf = ptr:0x7ffe85c00000 obj:[0x7ffe85c00000-0x7ffe8794c000]
:3:rocvirtual.cpp           :762 : 1568606517765 us:  Arg1: uchar* pattern = ptr:0x7ffec5600000
:3:rocvirtual.cpp           :853 : 1568606517869 us:  Arg2: uint pattern_size = val:1
:3:rocvirtual.cpp           :853 : 1568606517959 us:  Arg3: uint alignment = val:16
:3:rocvirtual.cpp           :853 : 1568606518033 us:  Arg4: ulong end_ptr = val:140731173093376
:3:rocvirtual.cpp           :853 : 1568606518119 us:  Arg5: uint next_chunk = val:28160
:3:rocvirtual.cpp           :3236: 1568606518186 us:  ShaderName : __amd_rocclr_fillBufferAligned
:3:rocvirtual.cpp           :3449: 1568606518255 us:  KernargSegmentByteSize = 296 KernargSegmentAlignment = 128
:3:hip_memory.cpp           :3477: 1568606518360 us:  hipMemset: Returned hipSuccess : 
:3:hip_device_runtime.cpp   :641 : 1568606518433 us:  [32m hipDeviceSynchronize (  ) [0m
:3:rocvirtual.cpp           :226 : 1568606517436 us:  Handler: value(0), timestamp(0xe281f0), handle(0x7fffd89fcb00)
:3:rocvirtual.cpp           :533 : 1568606518502 us:  Set Handler: handle(0x7fffd89fca80), timestamp(0xe0a8a0)
:3:rocvirtual.hpp           :56  : 1568606518642 us:  Host active wait for Signal = (0x7fffd89fca80) for -1 ns
:3:hip_device_runtime.cpp   :645 : 1568606518713 us:  hipDeviceSynchronize: Returned hipSuccess : 
:3:rocvirtual.cpp           :226 : 1568606518661 us:  Handler: value(0), timestamp(0xe0a7f0), handle(0x7fffd89fca80)
:3:hip_platform.cpp         :237 : 1568606518780 us:  [32m __hipPushCallConfiguration ( {8,1,1}, {256,1,1}, 0, stream:<null> ) [0m
:3:hip_platform.cpp         :241 : 1568606519053 us:  __hipPushCallConfiguration: Returned hipSuccess : 
:3:hip_platform.cpp         :246 : 1568606519124 us:  [32m __hipPopCallConfiguration ( {3964667986,32767,256}, {2118224,0,4294925520}, 0x7fffffff5a20, 0x7fffffff5a18 ) [0m
:3:hip_platform.cpp         :255 : 1568606519261 us:  __hipPopCallConfiguration: Returned hipSuccess : 
:3:hip_module.cpp           :744 : 1568606519339 us:  [32m hipLaunchKernel ( 0x200ff0, {8,1,1}, {256,1,1}, 0x7fffffff59d0, 0, stream:<null> ) [0m
:3:rocvirtual.cpp           :762 : 1568606519511 us:  Arg0:   = ptr:0x7ffeabc00000
:3:rocvirtual.cpp           :778 : 1568606519593 us:  Arg0:   = ptr:0x7ffeabc00000 obj:[0x7ffeabc00000-0x7ffead94c000]
:3:rocvirtual.cpp           :762 : 1568606519663 us:  Arg1:   = ptr:0x7ffec4a00000
:3:rocvirtual.cpp           :778 : 1568606519732 us:  Arg1:   = ptr:0x7ffec4a00000 obj:[0x7ffec4a00000-0x7ffec4a06000]
:3:rocvirtual.cpp           :762 : 1568606519839 us:  Arg2:   = ptr:0x7ffe85c00000
:3:rocvirtual.cpp           :778 : 1568606519905 us:  Arg2:   = ptr:0x7ffe85c00000 obj:[0x7ffe85c00000-0x7ffe8794c000]
:3:rocvirtual.cpp           :853 : 1568606519974 us:  Arg3:   = val:768
:3:rocvirtual.cpp           :762 : 1568606520047 us:  Arg4:   = ptr:0x7ffec4a06000
:3:rocvirtual.cpp           :778 : 1568606520156 us:  Arg4:   = ptr:0x7ffec4a06000 obj:[0x7ffec4a06000-0x7ffec4a06024]
:3:rocvirtual.cpp           :3236: 1568606520225 us:  ShaderName : void dense_esuhm3<float>(float const*, float const*, float*, int, int const*)
:3:rocvirtual.cpp           :3449: 1568606520366 us:  KernargSegmentByteSize = 296 KernargSegmentAlignment = 128
:3:hip_module.cpp           :745 : 1568606520441 us:  hipLaunchKernel: Returned hipSuccess : : duration: 1102 us
:3:hip_device_runtime.cpp   :641 : 1568606520506 us:  [32m hipDeviceSynchronize (  ) [0m
:3:rocvirtual.cpp           :533 : 1568606520578 us:  Set Handler: handle(0x7fffd89fca00), timestamp(0xe283b0)
:3:rocvirtual.hpp           :56  : 1568606520650 us:  Host active wait for Signal = (0x7fffd89fca00) for -1 ns
:3:hip_device_runtime.cpp   :645 : 1568606520757 us:  hipDeviceSynchronize: Returned hipSuccess : 
:3:rocvirtual.cpp           :226 : 1568606520670 us:  Handler: value(0), timestamp(0xe27f30), handle(0x7fffd89fca00)
:3:hip_memory.cpp           :795 : 1568606520827 us:  [32m hipMemcpy ( 0x7fffda805010, 0x7ffe85c00000, 30720000, hipMemcpyDeviceToHost ) [0m
:3:rocvirtual.hpp           :56  : 1568606521075 us:  Host active wait for Signal = (0x7fffd89fe980) for -1 ns
:3:rocvirtual.cpp           :533 : 1568606522247 us:  Set Handler: handle(0x7fffd89fc980), timestamp(0xe0aa60)
:3:rocvirtual.hpp           :56  : 1568606522321 us:  Host active wait for Signal = (0x7fffd89fc980) for -1 ns
:3:hip_memory.cpp           :796 : 1568606522383 us:  hipMemcpy: Returned hipSuccess : : duration: 1556 us
:3:rocvirtual.cpp           :226 : 1568606522340 us:  Handler: value(0), timestamp(0xe0a9f0), handle(0x7fffd89fc980)
:3:hip_memory.cpp           :3476: 1568606564490 us:  [32m hipMemset ( 0x7ffe85c00000, 0, 30720000 ) [0m
:3:rocvirtual.cpp           :762 : 1568606564686 us:  Arg0: void* buf = ptr:0x7ffe85c00000
:3:rocvirtual.cpp           :778 : 1568606564818 us:  Arg0: void* buf = ptr:0x7ffe85c00000 obj:[0x7ffe85c00000-0x7ffe8794c000]
:3:rocvirtual.cpp           :762 : 1568606565010 us:  Arg1: uchar* pattern = ptr:0x7ffec5600000
:3:rocvirtual.cpp           :853 : 1568606565130 us:  Arg2: uint pattern_size = val:1
:3:rocvirtual.cpp           :853 : 1568606565318 us:  Arg3: uint alignment = val:16
:3:rocvirtual.cpp           :853 : 1568606565433 us:  Arg4: ulong end_ptr = val:140731173093376
:3:rocvirtual.cpp           :853 : 1568606565565 us:  Arg5: uint next_chunk = val:28160
:3:rocvirtual.cpp           :3236: 1568606565632 us:  ShaderName : __amd_rocclr_fillBufferAligned
:3:rocvirtual.cpp           :3449: 1568606565770 us:  KernargSegmentByteSize = 296 KernargSegmentAlignment = 128
:3:hip_memory.cpp           :3477: 1568606565887 us:  hipMemset: Returned hipSuccess : 
:3:hip_device_runtime.cpp   :641 : 1568606566019 us:  [32m hipDeviceSynchronize (  ) [0m
:3:rocvirtual.cpp           :533 : 1568606566093 us:  Set Handler: handle(0x7fffd89fc900), timestamp(0xe0a660)
:3:rocvirtual.hpp           :56  : 1568606566184 us:  Host active wait for Signal = (0x7fffd89fc900) for -1 ns
:3:hip_device_runtime.cpp   :645 : 1568606566252 us:  hipDeviceSynchronize: Returned hipSuccess : 
:3:hip_platform.cpp         :237 : 1568606566333 us:  [32m __hipPushCallConfiguration ( {8,1,1}, {512,1,1}, 0, stream:<null> ) [0m
:3:hip_platform.cpp         :241 : 1568606566510 us:  __hipPushCallConfiguration: Returned hipSuccess : 
:3:hip_platform.cpp         :246 : 1568606566627 us:  [32m __hipPopCallConfiguration ( {3964667986,32767,512}, {2118224,0,4294925520}, 0x7fffffff5a20, 0x7fffffff5a18 ) [0m
:3:hip_platform.cpp         :255 : 1568606566801 us:  __hipPopCallConfiguration: Returned hipSuccess : 
:3:hip_module.cpp           :744 : 1568606566887 us:  [32m hipLaunchKernel ( 0x200fe0, {8,1,1}, {512,1,1}, 0x7fffffff59d0, 0, stream:<null> ) [0m
:3:rocvirtual.cpp           :762 : 1568606567034 us:  Arg0:   = ptr:0x7ffeabc00000
:3:rocvirtual.cpp           :778 : 1568606567123 us:  Arg0:   = ptr:0x7ffeabc00000 obj:[0x7ffeabc00000-0x7ffead94c000]
:3:rocvirtual.cpp           :762 : 1568606567211 us:  Arg1:   = ptr:0x7ffec4a00000
:3:rocvirtual.cpp           :778 : 1568606567277 us:  Arg1:   = ptr:0x7ffec4a00000 obj:[0x7ffec4a00000-0x7ffec4a06000]
:3:rocvirtual.cpp           :762 : 1568606567346 us:  Arg2:   = ptr:0x7ffe85c00000
:3:rocvirtual.cpp           :778 : 1568606567428 us:  Arg2:   = ptr:0x7ffe85c00000 obj:[0x7ffe85c00000-0x7ffe8794c000]
:3:rocvirtual.cpp           :853 : 1568606567513 us:  Arg3:   = val:768
:3:rocvirtual.cpp           :762 : 1568606567594 us:  Arg4:   = ptr:0x7ffec4a06000
:3:rocvirtual.cpp           :778 : 1568606567707 us:  Arg4:   = ptr:0x7ffec4a06000 obj:[0x7ffec4a06000-0x7ffec4a06024]
:3:rocvirtual.cpp           :3236: 1568606567831 us:  ShaderName : void dense_esuhm<float>(float const*, float const*, float*, int, int const*)
:3:rocvirtual.cpp           :3449: 1568606567991 us:  KernargSegmentByteSize = 296 KernargSegmentAlignment = 128
:3:hip_module.cpp           :745 : 1568606568066 us:  hipLaunchKernel: Returned hipSuccess : : duration: 1179 us
:3:hip_device_runtime.cpp   :641 : 1568606568136 us:  [32m hipDeviceSynchronize (  ) [0m
:3:rocvirtual.cpp           :533 : 1568606568219 us:  Set Handler: handle(0x7fffd89fc880), timestamp(0xd0ad80)
:3:rocvirtual.hpp           :56  : 1568606568301 us:  Host active wait for Signal = (0x7fffd89fc880) for -1 ns
:3:hip_device_runtime.cpp   :645 : 1568606568412 us:  hipDeviceSynchronize: Returned hipSuccess : 
:3:hip_memory.cpp           :795 : 1568606568484 us:  [32m hipMemcpy ( 0x7fffde29f010, 0x7ffe85c00000, 30720000, hipMemcpyDeviceToHost ) [0m
:3:rocvirtual.hpp           :56  : 1568606568632 us:  Host active wait for Signal = (0x7fffd89fe780) for -1 ns
:3:rocvirtual.cpp           :226 : 1568606566200 us:  Handler: value(0), timestamp(0xe0a5b0), handle(0x7fffd89fc900)
:3:rocvirtual.cpp           :226 : 1568606568848 us:  Handler: value(0), timestamp(0xe0adb0), handle(0x7fffd89fc880)
:3:rocvirtual.cpp           :533 : 1568606569806 us:  Set Handler: handle(0x7fffd89fc800), timestamp(0xe28320)
:3:rocvirtual.hpp           :56  : 1568606569880 us:  Host active wait for Signal = (0x7fffd89fc800) for -1 ns
:3:hip_memory.cpp           :796 : 1568606570012 us:  hipMemcpy: Returned hipSuccess : : duration: 1528 us
:3:hip_memory.cpp           :3476: 1568606570120 us:  [32m hipMemset ( 0x7ffe85c00000, 0, 30720000 ) [0m
:3:rocvirtual.cpp           :762 : 1568606570223 us:  Arg0: void* buf = ptr:0x7ffe85c00000
:3:rocvirtual.cpp           :778 : 1568606570290 us:  Arg0: void* buf = ptr:0x7ffe85c00000 obj:[0x7ffe85c00000-0x7ffe8794c000]
:3:rocvirtual.cpp           :762 : 1568606570371 us:  Arg1: uchar* pattern = ptr:0x7ffec5600000
:3:rocvirtual.cpp           :853 : 1568606570438 us:  Arg2: uint pattern_size = val:1
:3:rocvirtual.cpp           :853 : 1568606570509 us:  Arg3: uint alignment = val:16
:3:rocvirtual.cpp           :853 : 1568606570578 us:  Arg4: ulong end_ptr = val:140731173093376
:3:rocvirtual.cpp           :853 : 1568606570665 us:  Arg5: uint next_chunk = val:28160
:3:rocvirtual.cpp           :3236: 1568606570729 us:  ShaderName : __amd_rocclr_fillBufferAligned
:3:rocvirtual.cpp           :3449: 1568606570820 us:  KernargSegmentByteSize = 296 KernargSegmentAlignment = 128
:3:hip_memory.cpp           :3477: 1568606570889 us:  hipMemset: Returned hipSuccess : 
:3:hip_device_runtime.cpp   :641 : 1568606570959 us:  [32m hipDeviceSynchronize (  ) [0m
:3:rocvirtual.cpp           :533 : 1568606571040 us:  Set Handler: handle(0x7fffd89fc780), timestamp(0xd83440)
:3:rocvirtual.hpp           :56  : 1568606571123 us:  Host active wait for Signal = (0x7fffd89fc780) for -1 ns
:3:hip_device_runtime.cpp   :645 : 1568606571187 us:  hipDeviceSynchronize: Returned hipSuccess : 
:3:hip_platform.cpp         :237 : 1568606571264 us:  [32m __hipPushCallConfiguration ( {8,1,1}, {512,1,1}, 0, stream:<null> ) [0m
:3:hip_platform.cpp         :241 : 1568606571404 us:  __hipPushCallConfiguration: Returned hipSuccess : 
:3:hip_platform.cpp         :246 : 1568606571475 us:  [32m __hipPopCallConfiguration ( {3964667986,32767,512}, {2118224,0,4294925520}, 0x7fffffff5a20, 0x7fffffff5a18 ) [0m
:3:hip_platform.cpp         :255 : 1568606571614 us:  __hipPopCallConfiguration: Returned hipSuccess : 
:3:hip_module.cpp           :744 : 1568606571690 us:  [32m hipLaunchKernel ( 0x200fe8, {8,1,1}, {512,1,1}, 0x7fffffff59d0, 0, stream:<null> ) [0m
:3:rocvirtual.cpp           :226 : 1568606569903 us:  Handler: value(0), timestamp(0xd0b130), handle(0x7fffd89fc800)
:3:rocvirtual.cpp           :762 : 1568606571833 us:  Arg0:   = ptr:0x7ffeabc00000
:3:rocvirtual.cpp           :778 : 1568606571990 us:  Arg0:   = ptr:0x7ffeabc00000 obj:[0x7ffeabc00000-0x7ffead94c000]
:3:rocvirtual.cpp           :762 : 1568606572094 us:  Arg1:   = ptr:0x7ffec4a00000
:3:rocvirtual.cpp           :778 : 1568606572174 us:  Arg1:   = ptr:0x7ffec4a00000 obj:[0x7ffec4a00000-0x7ffec4a06000]
:3:rocvirtual.cpp           :762 : 1568606572239 us:  Arg2:   = ptr:0x7ffe85c00000
:3:rocvirtual.cpp           :778 : 1568606572311 us:  Arg2:   = ptr:0x7ffe85c00000 obj:[0x7ffe85c00000-0x7ffe8794c000]
:3:rocvirtual.cpp           :853 : 1568606572374 us:  Arg3:   = val:768
:3:rocvirtual.cpp           :762 : 1568606572444 us:  Arg4:   = ptr:0x7ffec4a06000
:3:rocvirtual.cpp           :778 : 1568606572509 us:  Arg4:   = ptr:0x7ffec4a06000 obj:[0x7ffec4a06000-0x7ffec4a06024]
:3:rocvirtual.cpp           :3236: 1568606572582 us:  ShaderName : void dense_esuhm2<float>(float const*, float const*, float*, int, int const*)
:3:rocvirtual.cpp           :3449: 1568606572773 us:  KernargSegmentByteSize = 296 KernargSegmentAlignment = 128
:3:hip_module.cpp           :745 : 1568606572842 us:  hipLaunchKernel: Returned hipSuccess : : duration: 1152 us
:3:hip_device_runtime.cpp   :641 : 1568606572910 us:  [32m hipDeviceSynchronize (  ) [0m
:3:rocvirtual.cpp           :226 : 1568606571918 us:  Handler: value(0), timestamp(0xe0adb0), handle(0x7fffd89fc780)
:3:rocvirtual.cpp           :533 : 1568606572979 us:  Set Handler: handle(0x7fffd89fc700), timestamp(0xd0aca0)
:3:rocvirtual.hpp           :56  : 1568606573168 us:  Host active wait for Signal = (0x7fffd89fc700) for -1 ns
:3:hip_device_runtime.cpp   :645 : 1568606573258 us:  hipDeviceSynchronize: Returned hipSuccess : 
:3:rocvirtual.cpp           :226 : 1568606573187 us:  Handler: value(0), timestamp(0xd0b1e0), handle(0x7fffd89fc700)
:3:hip_memory.cpp           :795 : 1568606573328 us:  [32m hipMemcpy ( 0x7fffdc552010, 0x7ffe85c00000, 30720000, hipMemcpyDeviceToHost ) [0m
:3:rocvirtual.hpp           :56  : 1568606573546 us:  Host active wait for Signal = (0x7fffd89fe580) for -1 ns
:3:rocvirtual.cpp           :533 : 1568606574718 us:  Set Handler: handle(0x7fffd89fc680), timestamp(0xe0ad70)
:3:rocvirtual.hpp           :56  : 1568606574829 us:  Host active wait for Signal = (0x7fffd89fc680) for -1 ns
:3:hip_memory.cpp           :796 : 1568606574922 us:  hipMemcpy: Returned hipSuccess : : duration: 1594 us
:3:hip_memory.cpp           :3476: 1568606575008 us:  [32m hipMemset ( 0x7ffe85c00000, 0, 30720000 ) [0m
:3:rocvirtual.cpp           :762 : 1568606575079 us:  Arg0: void* buf = ptr:0x7ffe85c00000
:3:rocvirtual.cpp           :778 : 1568606575152 us:  Arg0: void* buf = ptr:0x7ffe85c00000 obj:[0x7ffe85c00000-0x7ffe8794c000]
:3:rocvirtual.cpp           :762 : 1568606575222 us:  Arg1: uchar* pattern = ptr:0x7ffec5600000
:3:rocvirtual.cpp           :853 : 1568606575298 us:  Arg2: uint pattern_size = val:1
:3:rocvirtual.cpp           :853 : 1568606575397 us:  Arg3: uint alignment = val:16
:3:rocvirtual.cpp           :853 : 1568606575490 us:  Arg4: ulong end_ptr = val:140731173093376
:3:rocvirtual.cpp           :853 : 1568606575569 us:  Arg5: uint next_chunk = val:28160
:3:rocvirtual.cpp           :3236: 1568606575642 us:  ShaderName : __amd_rocclr_fillBufferAligned
:3:rocvirtual.cpp           :3449: 1568606575711 us:  KernargSegmentByteSize = 296 KernargSegmentAlignment = 128
:3:hip_memory.cpp           :3477: 1568606575823 us:  hipMemset: Returned hipSuccess : 
:3:hip_device_runtime.cpp   :641 : 1568606575888 us:  [32m hipDeviceSynchronize (  ) [0m
:3:rocvirtual.cpp           :226 : 1568606574848 us:  Handler: value(0), timestamp(0xd0b1e0), handle(0x7fffd89fc680)
:3:rocvirtual.cpp           :533 : 1568606575965 us:  Set Handler: handle(0x7fffd89fc600), timestamp(0xe0aca0)
:3:rocvirtual.hpp           :56  : 1568606576158 us:  Host active wait for Signal = (0x7fffd89fc600) for -1 ns
:3:hip_device_runtime.cpp   :645 : 1568606576227 us:  hipDeviceSynchronize: Returned hipSuccess : 
:3:hip_platform.cpp         :237 : 1568606576320 us:  [32m __hipPushCallConfiguration ( {8,1,1}, {512,1,1}, 0, stream:<null> ) [0m
:3:hip_platform.cpp         :241 : 1568606576462 us:  __hipPushCallConfiguration: Returned hipSuccess : 
:3:hip_platform.cpp         :246 : 1568606576532 us:  [32m __hipPopCallConfiguration ( {3964667986,32767,512}, {2118224,0,4294925520}, 0x7fffffff5a20, 0x7fffffff5a18 ) [0m
:3:hip_platform.cpp         :255 : 1568606576679 us:  __hipPopCallConfiguration: Returned hipSuccess : 
:3:hip_module.cpp           :744 : 1568606576790 us:  [32m hipLaunchKernel ( 0x200ff0, {8,1,1}, {512,1,1}, 0x7fffffff59d0, 0, stream:<null> ) [0m
:3:rocvirtual.cpp           :226 : 1568606576177 us:  Handler: value(0), timestamp(0xe0abf0), handle(0x7fffd89fc600)
:3:rocvirtual.cpp           :762 : 1568606576944 us:  Arg0:   = ptr:0x7ffeabc00000
:3:rocvirtual.cpp           :778 : 1568606577088 us:  Arg0:   = ptr:0x7ffeabc00000 obj:[0x7ffeabc00000-0x7ffead94c000]
:3:rocvirtual.cpp           :762 : 1568606577156 us:  Arg1:   = ptr:0x7ffec4a00000
:3:rocvirtual.cpp           :778 : 1568606577229 us:  Arg1:   = ptr:0x7ffec4a00000 obj:[0x7ffec4a00000-0x7ffec4a06000]
:3:rocvirtual.cpp           :762 : 1568606577291 us:  Arg2:   = ptr:0x7ffe85c00000
:3:rocvirtual.cpp           :778 : 1568606577365 us:  Arg2:   = ptr:0x7ffe85c00000 obj:[0x7ffe85c00000-0x7ffe8794c000]
:3:rocvirtual.cpp           :853 : 1568606577439 us:  Arg3:   = val:768
:3:rocvirtual.cpp           :762 : 1568606577508 us:  Arg4:   = ptr:0x7ffec4a06000
:3:rocvirtual.cpp           :778 : 1568606577579 us:  Arg4:   = ptr:0x7ffec4a06000 obj:[0x7ffec4a06000-0x7ffec4a06024]
:3:rocvirtual.cpp           :3236: 1568606577648 us:  ShaderName : void dense_esuhm3<float>(float const*, float const*, float*, int, int const*)
:3:rocvirtual.cpp           :3449: 1568606577782 us:  KernargSegmentByteSize = 296 KernargSegmentAlignment = 128
:3:hip_module.cpp           :745 : 1568606577848 us:  hipLaunchKernel: Returned hipSuccess : : duration: 1058 us
:3:hip_device_runtime.cpp   :641 : 1568606577920 us:  [32m hipDeviceSynchronize (  ) [0m
:3:rocvirtual.cpp           :533 : 1568606577989 us:  Set Handler: handle(0x7fffd89fc580), timestamp(0xd835e0)
:3:rocvirtual.hpp           :56  : 1568606578061 us:  Host active wait for Signal = (0x7fffd89fc580) for -1 ns
:3:hip_device_runtime.cpp   :645 : 1568606578129 us:  hipDeviceSynchronize: Returned hipSuccess : 
:3:rocvirtual.cpp           :226 : 1568606578080 us:  Handler: value(0), timestamp(0xd0ac20), handle(0x7fffd89fc580)
:3:hip_memory.cpp           :795 : 1568606578212 us:  [32m hipMemcpy ( 0x7fffda805010, 0x7ffe85c00000, 30720000, hipMemcpyDeviceToHost ) [0m
:3:rocvirtual.hpp           :56  : 1568606578430 us:  Host active wait for Signal = (0x7fffd89fe380) for -1 ns
:3:rocvirtual.cpp           :533 : 1568606579601 us:  Set Handler: handle(0x7fffd89fc500), timestamp(0xe0ad30)
:3:rocvirtual.hpp           :56  : 1568606579670 us:  Host active wait for Signal = (0x7fffd89fc500) for -1 ns
:3:hip_memory.cpp           :796 : 1568606579749 us:  hipMemcpy: Returned hipSuccess : : duration: 1537 us
:3:rocvirtual.cpp           :226 : 1568606579688 us:  Handler: value(0), timestamp(0xd83290), handle(0x7fffd89fc500)
:3:hip_memory.cpp           :3476: 1568606599142 us:  [32m hipMemset ( 0x7ffe85c00000, 0, 30720000 ) [0m
:3:rocvirtual.cpp           :762 : 1568606599244 us:  Arg0: void* buf = ptr:0x7ffe85c00000
:3:rocvirtual.cpp           :778 : 1568606599330 us:  Arg0: void* buf = ptr:0x7ffe85c00000 obj:[0x7ffe85c00000-0x7ffe8794c000]
:3:rocvirtual.cpp           :762 : 1568606599473 us:  Arg1: uchar* pattern = ptr:0x7ffec5600000
:3:rocvirtual.cpp           :853 : 1568606599557 us:  Arg2: uint pattern_size = val:1
:3:rocvirtual.cpp           :853 : 1568606599798 us:  Arg3: uint alignment = val:16
:3:rocvirtual.cpp           :853 : 1568606599897 us:  Arg4: ulong end_ptr = val:140731173093376
:3:rocvirtual.cpp           :853 : 1568606599982 us:  Arg5: uint next_chunk = val:28160
:3:rocvirtual.cpp           :3236: 1568606600062 us:  ShaderName : __amd_rocclr_fillBufferAligned
:3:rocvirtual.cpp           :3449: 1568606600172 us:  KernargSegmentByteSize = 296 KernargSegmentAlignment = 128
:3:hip_memory.cpp           :3477: 1568606600268 us:  hipMemset: Returned hipSuccess : 
:3:hip_device_runtime.cpp   :641 : 1568606600348 us:  [32m hipDeviceSynchronize (  ) [0m
:3:rocvirtual.cpp           :533 : 1568606600473 us:  Set Handler: handle(0x7fffd89fc480), timestamp(0xd83930)
:3:rocvirtual.hpp           :56  : 1568606600589 us:  Host active wait for Signal = (0x7fffd89fc480) for -1 ns
:3:hip_device_runtime.cpp   :645 : 1568606600679 us:  hipDeviceSynchronize: Returned hipSuccess : 
:3:hip_platform.cpp         :237 : 1568606600760 us:  [32m __hipPushCallConfiguration ( {8,1,1}, {1024,1,1}, 0, stream:<null> ) [0m
:3:hip_platform.cpp         :241 : 1568606600911 us:  __hipPushCallConfiguration: Returned hipSuccess : 
:3:hip_platform.cpp         :246 : 1568606600994 us:  [32m __hipPopCallConfiguration ( {3964667986,32767,1024}, {2118224,0,4294925520}, 0x7fffffff5a20, 0x7fffffff5a18 ) [0m
:3:hip_platform.cpp         :255 : 1568606601189 us:  __hipPopCallConfiguration: Returned hipSuccess : 
:3:hip_module.cpp           :744 : 1568606601293 us:  [32m hipLaunchKernel ( 0x200fe0, {8,1,1}, {1024,1,1}, 0x7fffffff59d0, 0, stream:<null> ) [0m
:3:rocvirtual.cpp           :762 : 1568606601432 us:  Arg0:   = ptr:0x7ffeabc00000
:3:rocvirtual.cpp           :778 : 1568606601539 us:  Arg0:   = ptr:0x7ffeabc00000 obj:[0x7ffeabc00000-0x7ffead94c000]
:3:rocvirtual.cpp           :762 : 1568606601605 us:  Arg1:   = ptr:0x7ffec4a00000
:3:rocvirtual.cpp           :778 : 1568606601677 us:  Arg1:   = ptr:0x7ffec4a00000 obj:[0x7ffec4a00000-0x7ffec4a06000]
:3:rocvirtual.cpp           :762 : 1568606601761 us:  Arg2:   = ptr:0x7ffe85c00000
:3:rocvirtual.cpp           :778 : 1568606601875 us:  Arg2:   = ptr:0x7ffe85c00000 obj:[0x7ffe85c00000-0x7ffe8794c000]
:3:rocvirtual.cpp           :853 : 1568606601968 us:  Arg3:   = val:768
:3:rocvirtual.cpp           :762 : 1568606602040 us:  Arg4:   = ptr:0x7ffec4a06000
:3:rocvirtual.cpp           :778 : 1568606602111 us:  Arg4:   = ptr:0x7ffec4a06000 obj:[0x7ffec4a06000-0x7ffec4a06024]
:3:rocvirtual.cpp           :3236: 1568606602189 us:  ShaderName : void dense_esuhm<float>(float const*, float const*, float*, int, int const*)
:3:rocvirtual.cpp           :3449: 1568606602323 us:  KernargSegmentByteSize = 296 KernargSegmentAlignment = 128
:3:hip_module.cpp           :745 : 1568606602410 us:  hipLaunchKernel: Returned hipSuccess : : duration: 1117 us
:3:hip_device_runtime.cpp   :641 : 1568606602500 us:  [32m hipDeviceSynchronize (  ) [0m
:3:rocvirtual.cpp           :226 : 1568606600616 us:  Handler: value(0), timestamp(0xd83880), handle(0x7fffd89fc480)
:3:rocvirtual.cpp           :533 : 1568606602571 us:  Set Handler: handle(0x7fffd89fc400), timestamp(0xeff200)
:3:rocvirtual.hpp           :56  : 1568606602751 us:  Host active wait for Signal = (0x7fffd89fc400) for -1 ns
:3:hip_device_runtime.cpp   :645 : 1568606602831 us:  hipDeviceSynchronize: Returned hipSuccess : 
:3:rocvirtual.cpp           :226 : 1568606602773 us:  Handler: value(0), timestamp(0xeff150), handle(0x7fffd89fc400)
:3:hip_memory.cpp           :795 : 1568606602904 us:  [32m hipMemcpy ( 0x7fffde29f010, 0x7ffe85c00000, 30720000, hipMemcpyDeviceToHost ) [0m
:3:rocvirtual.hpp           :56  : 1568606603169 us:  Host active wait for Signal = (0x7fffd89fe180) for -1 ns
:3:rocvirtual.cpp           :533 : 1568606604342 us:  Set Handler: handle(0x7fffd89fc380), timestamp(0xe0abb0)
:3:rocvirtual.hpp           :56  : 1568606604420 us:  Host active wait for Signal = (0x7fffd89fc380) for -1 ns
:3:hip_memory.cpp           :796 : 1568606604502 us:  hipMemcpy: Returned hipSuccess : : duration: 1598 us
:3:hip_memory.cpp           :3476: 1568606604577 us:  [32m hipMemset ( 0x7ffe85c00000, 0, 30720000 ) [0m
:3:rocvirtual.cpp           :762 : 1568606604680 us:  Arg0: void* buf = ptr:0x7ffe85c00000
:3:rocvirtual.cpp           :778 : 1568606604750 us:  Arg0: void* buf = ptr:0x7ffe85c00000 obj:[0x7ffe85c00000-0x7ffe8794c000]
:3:rocvirtual.cpp           :762 : 1568606604838 us:  Arg1: uchar* pattern = ptr:0x7ffec5600000
:3:rocvirtual.cpp           :853 : 1568606604912 us:  Arg2: uint pattern_size = val:1
:3:rocvirtual.cpp           :853 : 1568606604978 us:  Arg3: uint alignment = val:16
:3:rocvirtual.cpp           :853 : 1568606605050 us:  Arg4: ulong end_ptr = val:140731173093376
:3:rocvirtual.cpp           :853 : 1568606605152 us:  Arg5: uint next_chunk = val:28160
:3:rocvirtual.cpp           :3236: 1568606605230 us:  ShaderName : __amd_rocclr_fillBufferAligned
:3:rocvirtual.cpp           :3449: 1568606605291 us:  KernargSegmentByteSize = 296 KernargSegmentAlignment = 128
:3:hip_memory.cpp           :3477: 1568606605364 us:  hipMemset: Returned hipSuccess : 
:3:hip_device_runtime.cpp   :641 : 1568606605428 us:  [32m hipDeviceSynchronize (  ) [0m
:3:rocvirtual.cpp           :533 : 1568606605503 us:  Set Handler: handle(0x7fffd89fc300), timestamp(0xeff390)
:3:rocvirtual.hpp           :56  : 1568606605572 us:  Host active wait for Signal = (0x7fffd89fc300) for -1 ns
:3:hip_device_runtime.cpp   :645 : 1568606605645 us:  hipDeviceSynchronize: Returned hipSuccess : 
:3:hip_platform.cpp         :237 : 1568606605716 us:  [32m __hipPushCallConfiguration ( {8,1,1}, {1024,1,1}, 0, stream:<null> ) [0m
:3:hip_platform.cpp         :241 : 1568606605883 us:  __hipPushCallConfiguration: Returned hipSuccess : 
:3:hip_platform.cpp         :246 : 1568606605958 us:  [32m __hipPopCallConfiguration ( {3964667986,32767,1024}, {2118224,0,4294925520}, 0x7fffffff5a20, 0x7fffffff5a18 ) [0m
:3:hip_platform.cpp         :255 : 1568606606092 us:  __hipPopCallConfiguration: Returned hipSuccess : 
:3:hip_module.cpp           :744 : 1568606606178 us:  [32m hipLaunchKernel ( 0x200fe8, {8,1,1}, {1024,1,1}, 0x7fffffff59d0, 0, stream:<null> ) [0m
:3:rocvirtual.cpp           :762 : 1568606606346 us:  Arg0:   = ptr:0x7ffeabc00000
:3:rocvirtual.cpp           :778 : 1568606606413 us:  Arg0:   = ptr:0x7ffeabc00000 obj:[0x7ffeabc00000-0x7ffead94c000]
:3:rocvirtual.cpp           :762 : 1568606606477 us:  Arg1:   = ptr:0x7ffec4a00000
:3:rocvirtual.cpp           :778 : 1568606606550 us:  Arg1:   = ptr:0x7ffec4a00000 obj:[0x7ffec4a00000-0x7ffec4a06000]
:3:rocvirtual.cpp           :762 : 1568606606618 us:  Arg2:   = ptr:0x7ffe85c00000
:3:rocvirtual.cpp           :778 : 1568606606726 us:  Arg2:   = ptr:0x7ffe85c00000 obj:[0x7ffe85c00000-0x7ffe8794c000]
:3:rocvirtual.cpp           :853 : 1568606606800 us:  Arg3:   = val:768
:3:rocvirtual.cpp           :762 : 1568606606871 us:  Arg4:   = ptr:0x7ffec4a06000
:3:rocvirtual.cpp           :778 : 1568606606935 us:  Arg4:   = ptr:0x7ffec4a06000 obj:[0x7ffec4a06000-0x7ffec4a06024]
:3:rocvirtual.cpp           :3236: 1568606607008 us:  ShaderName : void dense_esuhm2<float>(float const*, float const*, float*, int, int const*)
:3:rocvirtual.cpp           :3449: 1568606607152 us:  KernargSegmentByteSize = 296 KernargSegmentAlignment = 128
:3:hip_module.cpp           :745 : 1568606607243 us:  hipLaunchKernel: Returned hipSuccess : : duration: 1065 us
:3:hip_device_runtime.cpp   :641 : 1568606607335 us:  [32m hipDeviceSynchronize (  ) [0m
:3:rocvirtual.cpp           :226 : 1568606604446 us:  Handler: value(0), timestamp(0xeff150), handle(0x7fffd89fc380)
:3:rocvirtual.cpp           :533 : 1568606607405 us:  Set Handler: handle(0x7fffd89fc280), timestamp(0xdce910)
:3:rocvirtual.hpp           :56  : 1568606607576 us:  Host active wait for Signal = (0x7fffd89fc280) for -1 ns
:3:hip_device_runtime.cpp   :645 : 1568606607686 us:  hipDeviceSynchronize: Returned hipSuccess : 
:3:rocvirtual.cpp           :226 : 1568606607496 us:  Handler: value(0), timestamp(0xeff2e0), handle(0x7fffd89fc300)
:3:hip_memory.cpp           :795 : 1568606607756 us:  [32m hipMemcpy ( 0x7fffdc552010, 0x7ffe85c00000, 30720000, hipMemcpyDeviceToHost ) [0m
:3:rocvirtual.cpp           :226 : 1568606607832 us:  Handler: value(0), timestamp(0xdce840), handle(0x7fffd89fc280)
:3:rocvirtual.hpp           :56  : 1568606608036 us:  Host active wait for Signal = (0x7fffd89fdf80) for -1 ns
:3:rocvirtual.cpp           :533 : 1568606609208 us:  Set Handler: handle(0x7fffd89fc200), timestamp(0xd83af0)
:3:rocvirtual.hpp           :56  : 1568606609280 us:  Host active wait for Signal = (0x7fffd89fc200) for -1 ns
:3:hip_memory.cpp           :796 : 1568606609358 us:  hipMemcpy: Returned hipSuccess : : duration: 1602 us
:3:hip_memory.cpp           :3476: 1568606609429 us:  [32m hipMemset ( 0x7ffe85c00000, 0, 30720000 ) [0m
:3:rocvirtual.cpp           :762 : 1568606609502 us:  Arg0: void* buf = ptr:0x7ffe85c00000
:3:rocvirtual.cpp           :778 : 1568606609572 us:  Arg0: void* buf = ptr:0x7ffe85c00000 obj:[0x7ffe85c00000-0x7ffe8794c000]
:3:rocvirtual.cpp           :762 : 1568606609680 us:  Arg1: uchar* pattern = ptr:0x7ffec5600000
:3:rocvirtual.cpp           :853 : 1568606609750 us:  Arg2: uint pattern_size = val:1
:3:rocvirtual.cpp           :853 : 1568606609827 us:  Arg3: uint alignment = val:16
:3:rocvirtual.cpp           :853 : 1568606609896 us:  Arg4: ulong end_ptr = val:140731173093376
:3:rocvirtual.cpp           :853 : 1568606609966 us:  Arg5: uint next_chunk = val:28160
:3:rocvirtual.cpp           :3236: 1568606610031 us:  ShaderName : __amd_rocclr_fillBufferAligned
:3:rocvirtual.cpp           :3449: 1568606610106 us:  KernargSegmentByteSize = 296 KernargSegmentAlignment = 128
:3:hip_memory.cpp           :3477: 1568606610169 us:  hipMemset: Returned hipSuccess : 
:3:hip_device_runtime.cpp   :641 : 1568606610243 us:  [32m hipDeviceSynchronize (  ) [0m
:3:rocvirtual.cpp           :226 : 1568606609298 us:  Handler: value(0), timestamp(0xdce840), handle(0x7fffd89fc200)
:3:rocvirtual.cpp           :533 : 1568606610317 us:  Set Handler: handle(0x7fffd89fc180), timestamp(0xeff010)
:3:rocvirtual.hpp           :56  : 1568606610461 us:  Host active wait for Signal = (0x7fffd89fc180) for -1 ns
:3:hip_device_runtime.cpp   :645 : 1568606610531 us:  hipDeviceSynchronize: Returned hipSuccess : 
:3:hip_platform.cpp         :237 : 1568606610599 us:  [32m __hipPushCallConfiguration ( {8,1,1}, {1024,1,1}, 0, stream:<null> ) [0m
:3:hip_platform.cpp         :241 : 1568606610739 us:  __hipPushCallConfiguration: Returned hipSuccess : 
:3:hip_platform.cpp         :246 : 1568606610815 us:  [32m __hipPopCallConfiguration ( {3964667986,32767,1024}, {2118224,0,4294925520}, 0x7fffffff5a20, 0x7fffffff5a18 ) [0m
:3:hip_platform.cpp         :255 : 1568606610946 us:  __hipPopCallConfiguration: Returned hipSuccess : 
:3:rocvirtual.cpp           :226 : 1568606610479 us:  Handler: value(0), timestamp(0xefefa0), handle(0x7fffd89fc180)
:3:hip_module.cpp           :744 : 1568606611013 us:  [32m hipLaunchKernel ( 0x200ff0, {8,1,1}, {1024,1,1}, 0x7fffffff59d0, 0, stream:<null> ) [0m
:3:rocvirtual.cpp           :762 : 1568606611236 us:  Arg0:   = ptr:0x7ffeabc00000
:3:rocvirtual.cpp           :778 : 1568606611299 us:  Arg0:   = ptr:0x7ffeabc00000 obj:[0x7ffeabc00000-0x7ffead94c000]
:3:rocvirtual.cpp           :762 : 1568606611370 us:  Arg1:   = ptr:0x7ffec4a00000
:3:rocvirtual.cpp           :778 : 1568606611441 us:  Arg1:   = ptr:0x7ffec4a00000 obj:[0x7ffec4a00000-0x7ffec4a06000]
:3:rocvirtual.cpp           :762 : 1568606611514 us:  Arg2:   = ptr:0x7ffe85c00000
:3:rocvirtual.cpp           :778 : 1568606611590 us:  Arg2:   = ptr:0x7ffe85c00000 obj:[0x7ffe85c00000-0x7ffe8794c000]
:3:rocvirtual.cpp           :853 : 1568606611681 us:  Arg3:   = val:768
:3:rocvirtual.cpp           :762 : 1568606611754 us:  Arg4:   = ptr:0x7ffec4a06000
:3:rocvirtual.cpp           :778 : 1568606611828 us:  Arg4:   = ptr:0x7ffec4a06000 obj:[0x7ffec4a06000-0x7ffec4a06024]
:3:rocvirtual.cpp           :3236: 1568606611897 us:  ShaderName : void dense_esuhm3<float>(float const*, float const*, float*, int, int const*)
:3:rocvirtual.cpp           :3449: 1568606612040 us:  KernargSegmentByteSize = 296 KernargSegmentAlignment = 128
:3:hip_module.cpp           :745 : 1568606612114 us:  hipLaunchKernel: Returned hipSuccess : : duration: 1101 us
:3:hip_device_runtime.cpp   :641 : 1568606612195 us:  [32m hipDeviceSynchronize (  ) [0m
:3:rocvirtual.cpp           :533 : 1568606612267 us:  Set Handler: handle(0x7fffd89fc100), timestamp(0xeff0d0)
:3:rocvirtual.hpp           :56  : 1568606612333 us:  Host active wait for Signal = (0x7fffd89fc100) for -1 ns
:3:hip_device_runtime.cpp   :645 : 1568606612406 us:  hipDeviceSynchronize: Returned hipSuccess : 
:3:rocvirtual.cpp           :226 : 1568606612352 us:  Handler: value(0), timestamp(0xd837b0), handle(0x7fffd89fc100)
:3:hip_memory.cpp           :795 : 1568606612475 us:  [32m hipMemcpy ( 0x7fffda805010, 0x7ffe85c00000, 30720000, hipMemcpyDeviceToHost ) [0m
:3:rocvirtual.hpp           :56  : 1568606612776 us:  Host active wait for Signal = (0x7fffd89fdd80) for -1 ns
:3:rocvirtual.cpp           :533 : 1568606613947 us:  Set Handler: handle(0x7fffd89fc080), timestamp(0xd0b070)
:3:rocvirtual.hpp           :56  : 1568606614022 us:  Host active wait for Signal = (0x7fffd89fc080) for -1 ns
:3:hip_memory.cpp           :796 : 1568606614106 us:  hipMemcpy: Returned hipSuccess : : duration: 1631 us
:3:rocvirtual.cpp           :226 : 1568606614040 us:  Handler: value(0), timestamp(0xd837b0), handle(0x7fffd89fc080)
:3:hip_memory.cpp           :772 : 1568606633323 us:  [32m hipFree ( 0x7ffeabc00000 ) [0m
:3:rocdevice.cpp            :2411: 1568606633540 us:  Device=0x6e3170, freeMem_ = 0xffd2adfdc
:3:hip_memory.cpp           :774 : 1568606633685 us:  hipFree: Returned hipSuccess : 
:3:hip_memory.cpp           :772 : 1568606633835 us:  [32m hipFree ( 0x7ffec4a00000 ) [0m
:3:rocdevice.cpp            :2411: 1568606633932 us:  Device=0x6e3170, freeMem_ = 0xffd2b3fdc
:3:hip_memory.cpp           :774 : 1568606634055 us:  hipFree: Returned hipSuccess : 
:3:hip_memory.cpp           :772 : 1568606634186 us:  [32m hipFree ( 0x7ffe85c00000 ) [0m
:3:rocdevice.cpp            :2411: 1568606634317 us:  Device=0x6e3170, freeMem_ = 0xffeffffdc
:3:hip_memory.cpp           :774 : 1568606634414 us:  hipFree: Returned hipSuccess : 
:3:hip_memory.cpp           :772 : 1568606634541 us:  [32m hipFree ( 0x7ffec4a06000 ) [0m
:3:rocdevice.cpp            :2411: 1568606634626 us:  Device=0x6e3170, freeMem_ = 0xfff000000
:3:hip_memory.cpp           :774 : 1568606634697 us:  hipFree: Returned hipSuccess : 
:3:hip_memory.cpp           :756 : 1568609575881 us:  [32m hipMalloc ( 0x7fffffff5c00, 81920000 ) [0m
:3:rocdevice.cpp            :2411: 1568609576307 us:  Device=0x6e3170, freeMem_ = 0xffa1e0000
:3:hip_memory.cpp           :758 : 1568609576629 us:  hipMalloc: Returned hipSuccess : 0x7ffe62000000: duration: 748 us
:3:hip_memory.cpp           :795 : 1568609576805 us:  [32m hipMemcpy ( 0x7ffe62000000, 0x7fffdcf18010, 81920000, hipMemcpyHostToDevice ) [0m
:3:rocvirtual.hpp           :56  : 1568609577371 us:  Host active wait for Signal = (0x7fffd89fdc80) for -1 ns
:3:rocvirtual.hpp           :56  : 1568609578904 us:  Host active wait for Signal = (0x7fffd89fdc00) for -1 ns
:3:rocvirtual.hpp           :56  : 1568609580329 us:  Host active wait for Signal = (0x7fffd89fdb80) for -1 ns
:3:rocvirtual.cpp           :533 : 1568609580930 us:  Set Handler: handle(0x7fffd89fc000), timestamp(0x977180)
:3:rocvirtual.hpp           :56  : 1568609581136 us:  Host active wait for Signal = (0x7fffd89fc000) for -1 ns
:3:hip_memory.cpp           :796 : 1568609581262 us:  hipMemcpy: Returned hipSuccess : : duration: 4457 us
:3:hip_memory.cpp           :756 : 1568609581365 us:  [32m hipMalloc ( 0x7fffffff5bf8, 65536 ) [0m
:3:rocdevice.cpp            :2411: 1568609581460 us:  Device=0x6e3170, freeMem_ = 0xffa1d0000
:3:hip_memory.cpp           :758 : 1568609581598 us:  hipMalloc: Returned hipSuccess : 0x7ffec4a27000: duration: 233 us
:3:hip_memory.cpp           :795 : 1568609581692 us:  [32m hipMemcpy ( 0x7ffec4a27000, 0x106a320, 65536, hipMemcpyHostToDevice ) [0m
:3:rocvirtual.cpp           :533 : 1568609581871 us:  Set Handler: handle(0x7fffd89fbf80), timestamp(0xeff710)
:3:rocvirtual.hpp           :56  : 1568609581946 us:  Host active wait for Signal = (0x7fffd89fbf80) for -1 ns
:3:hip_memory.cpp           :796 : 1568609582017 us:  hipMemcpy: Returned hipSuccess : : duration: 325 us
:3:hip_memory.cpp           :756 : 1568609582123 us:  [32m hipMalloc ( 0x7fffffff5bf0, 81920000 ) [0m
:3:rocvirtual.cpp           :226 : 1568609581188 us:  Handler: value(0), timestamp(0x732010), handle(0x7fffd89fc000)
:3:rocdevice.cpp            :2411: 1568609582241 us:  Device=0x6e3170, freeMem_ = 0xff53b0000
:3:hip_memory.cpp           :758 : 1568609582394 us:  hipMalloc: Returned hipSuccess : 0x7ffe5ce00000: duration: 271 us
:3:hip_memory.cpp           :756 : 1568609582467 us:  [32m hipMalloc ( 0x7fffffff5be8, 36 ) [0m
:3:rocdevice.cpp            :2411: 1568609582538 us:  Device=0x6e3170, freeMem_ = 0xff53affdc
:3:hip_memory.cpp           :758 : 1568609582619 us:  hipMalloc: Returned hipSuccess : 0x7ffec4a00000: duration: 152 us
:3:hip_memory.cpp           :795 : 1568609582688 us:  [32m hipMemcpy ( 0x7ffec4a00000, 0x28ddc0, 36, hipMemcpyHostToDevice ) [0m
:3:rocvirtual.cpp           :762 : 1568609582893 us:  Arg0: uchar* src = ptr:0x7ffec5016100
:3:rocvirtual.cpp           :762 : 1568609582984 us:  Arg1: uchar* dst = ptr:0x7ffec4a00000
:3:rocvirtual.cpp           :853 : 1568609583054 us:  Arg2: ulong size = val:36
:3:rocvirtual.cpp           :853 : 1568609583120 us:  Arg3: uint remainder = val:4
:3:rocvirtual.cpp           :853 : 1568609583195 us:  Arg4: uint aligned_size = val:16
:3:rocvirtual.cpp           :853 : 1568609583264 us:  Arg5: ulong end_ptr = val:140732197240864
:3:rocvirtual.cpp           :853 : 1568609583375 us:  Arg6: uint next_chunk = val:512
:3:rocvirtual.cpp           :3236: 1568609583483 us:  ShaderName : __amd_rocclr_copyBuffer
:3:rocvirtual.cpp           :3449: 1568609583562 us:  KernargSegmentByteSize = 304 KernargSegmentAlignment = 128
:3:rocvirtual.cpp           :533 : 1568609583659 us:  Set Handler: handle(0x7fffd89fbf00), timestamp(0xd0af40)
:3:rocvirtual.hpp           :56  : 1568609583733 us:  Host active wait for Signal = (0x7fffd89fbf00) for -1 ns
:3:hip_memory.cpp           :796 : 1568609583802 us:  hipMemcpy: Returned hipSuccess : : duration: 1114 us
:3:hip_memory.cpp           :3476: 1568609583877 us:  [32m hipMemset ( 0x7ffe5ce00000, 0, 81920000 ) [0m
:3:rocvirtual.cpp           :762 : 1568609583962 us:  Arg0: void* buf = ptr:0x7ffe5ce00000
:3:rocvirtual.cpp           :778 : 1568609584095 us:  Arg0: void* buf = ptr:0x7ffe5ce00000 obj:[0x7ffe5ce00000-0x7ffe61c20000]
:3:rocvirtual.cpp           :762 : 1568609584170 us:  Arg1: uchar* pattern = ptr:0x7ffec5600200
:3:rocvirtual.cpp           :853 : 1568609584235 us:  Arg2: uint pattern_size = val:1
:3:rocvirtual.cpp           :853 : 1568609584298 us:  Arg3: uint alignment = val:16
:3:rocvirtual.cpp           :853 : 1568609584400 us:  Arg4: ulong end_ptr = val:140730538524672
:3:rocvirtual.cpp           :853 : 1568609584468 us:  Arg5: uint next_chunk = val:28160
:3:rocvirtual.cpp           :3236: 1568609584535 us:  ShaderName : __amd_rocclr_fillBufferAligned
:3:rocvirtual.cpp           :3449: 1568609584603 us:  KernargSegmentByteSize = 296 KernargSegmentAlignment = 128
:3:hip_memory.cpp           :3477: 1568609584723 us:  hipMemset: Returned hipSuccess : 
:3:hip_device_runtime.cpp   :641 : 1568609584828 us:  [32m hipDeviceSynchronize (  ) [0m
:3:rocvirtual.cpp           :226 : 1568609582312 us:  Handler: value(0), timestamp(0x6e97a0), handle(0x7fffd89fbf80)
:3:rocvirtual.cpp           :533 : 1568609584923 us:  Set Handler: handle(0x7fffd89fbe80), timestamp(0xc93900)
:3:rocvirtual.hpp           :56  : 1568609585082 us:  Host active wait for Signal = (0x7fffd89fbe80) for -1 ns
:3:hip_device_runtime.cpp   :645 : 1568609585148 us:  hipDeviceSynchronize: Returned hipSuccess : 
:3:rocvirtual.cpp           :226 : 1568609585011 us:  Handler: value(0), timestamp(0xdcee40), handle(0x7fffd89fbf00)
:3:rocvirtual.cpp           :226 : 1568609585305 us:  Handler: value(0), timestamp(0xc93830), handle(0x7fffd89fbe80)
:3:hip_platform.cpp         :237 : 1568609585222 us:  [32m __hipPushCallConfiguration ( {8,1,1}, {128,1,1}, 0, stream:<null> ) [0m
:3:hip_platform.cpp         :241 : 1568609585575 us:  __hipPushCallConfiguration: Returned hipSuccess : 
:3:hip_platform.cpp         :246 : 1568609585643 us:  [32m __hipPopCallConfiguration ( {3964667986,32767,128}, {2118224,0,4294925520}, 0x7fffffff5a20, 0x7fffffff5a18 ) [0m
:3:hip_platform.cpp         :255 : 1568609585776 us:  __hipPopCallConfiguration: Returned hipSuccess : 
:3:hip_module.cpp           :744 : 1568609585883 us:  [32m hipLaunchKernel ( 0x200fe0, {8,1,1}, {128,1,1}, 0x7fffffff59d0, 0, stream:<null> ) [0m
:3:rocvirtual.cpp           :762 : 1568609586040 us:  Arg0:   = ptr:0x7ffe62000000
:3:rocvirtual.cpp           :778 : 1568609586108 us:  Arg0:   = ptr:0x7ffe62000000 obj:[0x7ffe62000000-0x7ffe66e20000]
:3:rocvirtual.cpp           :762 : 1568609586174 us:  Arg1:   = ptr:0x7ffec4a27000
:3:rocvirtual.cpp           :778 : 1568609586243 us:  Arg1:   = ptr:0x7ffec4a27000 obj:[0x7ffec4a27000-0x7ffec4a37000]
:3:rocvirtual.cpp           :762 : 1568609586329 us:  Arg2:   = ptr:0x7ffe5ce00000
:3:rocvirtual.cpp           :778 : 1568609586394 us:  Arg2:   = ptr:0x7ffe5ce00000 obj:[0x7ffe5ce00000-0x7ffe61c20000]
:3:rocvirtual.cpp           :853 : 1568609586462 us:  Arg3:   = val:2048
:3:rocvirtual.cpp           :762 : 1568609586526 us:  Arg4:   = ptr:0x7ffec4a00000
:3:rocvirtual.cpp           :778 : 1568609586595 us:  Arg4:   = ptr:0x7ffec4a00000 obj:[0x7ffec4a00000-0x7ffec4a00024]
:3:rocvirtual.cpp           :3236: 1568609586663 us:  ShaderName : void dense_esuhm<float>(float const*, float const*, float*, int, int const*)
:3:rocvirtual.cpp           :3449: 1568609586809 us:  KernargSegmentByteSize = 296 KernargSegmentAlignment = 128
:3:hip_module.cpp           :745 : 1568609586885 us:  hipLaunchKernel: Returned hipSuccess : : duration: 1002 us
:3:hip_device_runtime.cpp   :641 : 1568609586955 us:  [32m hipDeviceSynchronize (  ) [0m
:3:rocvirtual.cpp           :533 : 1568609587031 us:  Set Handler: handle(0x7fffd89fbe00), timestamp(0xdcec20)
:3:rocvirtual.hpp           :56  : 1568609587091 us:  Host active wait for Signal = (0x7fffd89fbe00) for -1 ns
:3:hip_device_runtime.cpp   :645 : 1568609587153 us:  hipDeviceSynchronize: Returned hipSuccess : 
:3:rocvirtual.cpp           :226 : 1568609587113 us:  Handler: value(0), timestamp(0xdced40), handle(0x7fffd89fbe00)
:3:hip_memory.cpp           :795 : 1568609587219 us:  [32m hipMemcpy ( 0x7ffe7c1df010, 0x7ffe5ce00000, 81920000, hipMemcpyDeviceToHost ) [0m
:3:rocvirtual.hpp           :56  : 1568609591550 us:  Host active wait for Signal = (0x7fffd89ff800) for -1 ns
:3:rocvirtual.hpp           :56  : 1568609596681 us:  Host active wait for Signal = (0x7fffd89ff780) for -1 ns
:3:rocvirtual.hpp           :56  : 1568609599658 us:  Host active wait for Signal = (0x7fffd89fd880) for -1 ns
:3:rocvirtual.cpp           :533 : 1568609600231 us:  Set Handler: handle(0x7fffd89fd600), timestamp(0xe182d0)
:3:rocvirtual.hpp           :56  : 1568609600516 us:  Host active wait for Signal = (0x7fffd89fd600) for -1 ns
:3:hip_memory.cpp           :796 : 1568609600645 us:  hipMemcpy: Returned hipSuccess : : duration: 13426 us
:3:hip_memory.cpp           :3476: 1568609600818 us:  [32m hipMemset ( 0x7ffe5ce00000, 0, 81920000 ) [0m
:3:rocvirtual.cpp           :762 : 1568609600915 us:  Arg0: void* buf = ptr:0x7ffe5ce00000
:3:rocvirtual.cpp           :778 : 1568609601003 us:  Arg0: void* buf = ptr:0x7ffe5ce00000 obj:[0x7ffe5ce00000-0x7ffe61c20000]
:3:rocvirtual.cpp           :762 : 1568609601079 us:  Arg1: uchar* pattern = ptr:0x7ffec5600000
:3:rocvirtual.cpp           :853 : 1568609601156 us:  Arg2: uint pattern_size = val:1
:3:rocvirtual.cpp           :853 : 1568609601232 us:  Arg3: uint alignment = val:16
:3:rocvirtual.cpp           :853 : 1568609601341 us:  Arg4: ulong end_ptr = val:140730538524672
:3:rocvirtual.cpp           :853 : 1568609601447 us:  Arg5: uint next_chunk = val:28160
:3:rocvirtual.cpp           :3236: 1568609601515 us:  ShaderName : __amd_rocclr_fillBufferAligned
:3:rocvirtual.cpp           :3449: 1568609601582 us:  KernargSegmentByteSize = 296 KernargSegmentAlignment = 128
:3:hip_memory.cpp           :3477: 1568609601650 us:  hipMemset: Returned hipSuccess : 
:3:hip_device_runtime.cpp   :641 : 1568609601715 us:  [32m hipDeviceSynchronize (  ) [0m
:3:rocvirtual.cpp           :533 : 1568609601806 us:  Set Handler: handle(0x7fffd89fd680), timestamp(0xe181c0)
:3:rocvirtual.hpp           :56  : 1568609601889 us:  Host active wait for Signal = (0x7fffd89fd680) for -1 ns
:3:hip_device_runtime.cpp   :645 : 1568609601999 us:  hipDeviceSynchronize: Returned hipSuccess : 
:3:hip_platform.cpp         :237 : 1568609602072 us:  [32m __hipPushCallConfiguration ( {8,1,1}, {128,1,1}, 0, stream:<null> ) [0m
:3:hip_platform.cpp         :241 : 1568609602202 us:  __hipPushCallConfiguration: Returned hipSuccess : 
:3:hip_platform.cpp         :246 : 1568609602309 us:  [32m __hipPopCallConfiguration ( {3964667986,32767,128}, {2118224,0,4294925520}, 0x7fffffff5a20, 0x7fffffff5a18 ) [0m
:3:hip_platform.cpp         :255 : 1568609602445 us:  __hipPopCallConfiguration: Returned hipSuccess : 
:3:hip_module.cpp           :744 : 1568609602529 us:  [32m hipLaunchKernel ( 0x200fe8, {8,1,1}, {128,1,1}, 0x7fffffff59d0, 0, stream:<null> ) [0m
:3:rocvirtual.cpp           :762 : 1568609602722 us:  Arg0:   = ptr:0x7ffe62000000
:3:rocvirtual.cpp           :778 : 1568609602792 us:  Arg0:   = ptr:0x7ffe62000000 obj:[0x7ffe62000000-0x7ffe66e20000]
:3:rocvirtual.cpp           :762 : 1568609602858 us:  Arg1:   = ptr:0x7ffec4a27000
:3:rocvirtual.cpp           :778 : 1568609602929 us:  Arg1:   = ptr:0x7ffec4a27000 obj:[0x7ffec4a27000-0x7ffec4a37000]
:3:rocvirtual.cpp           :762 : 1568609602993 us:  Arg2:   = ptr:0x7ffe5ce00000
:3:rocvirtual.cpp           :778 : 1568609603061 us:  Arg2:   = ptr:0x7ffe5ce00000 obj:[0x7ffe5ce00000-0x7ffe61c20000]
:3:rocvirtual.cpp           :853 : 1568609603145 us:  Arg3:   = val:2048
:3:rocvirtual.cpp           :762 : 1568609603233 us:  Arg4:   = ptr:0x7ffec4a00000
:3:rocvirtual.cpp           :778 : 1568609603300 us:  Arg4:   = ptr:0x7ffec4a00000 obj:[0x7ffec4a00000-0x7ffec4a00024]
:3:rocvirtual.cpp           :3236: 1568609603373 us:  ShaderName : void dense_esuhm2<float>(float const*, float const*, float*, int, int const*)
:3:rocvirtual.cpp           :3449: 1568609603506 us:  KernargSegmentByteSize = 296 KernargSegmentAlignment = 128
:3:hip_module.cpp           :745 : 1568609603591 us:  hipLaunchKernel: Returned hipSuccess : : duration: 1062 us
:3:hip_device_runtime.cpp   :641 : 1568609603698 us:  [32m hipDeviceSynchronize (  ) [0m
:3:rocvirtual.cpp           :533 : 1568609603773 us:  Set Handler: handle(0x7fffd89fd700), timestamp(0xe22dd0)
:3:rocvirtual.hpp           :56  : 1568609603880 us:  Host active wait for Signal = (0x7fffd89fd700) for -1 ns
:3:hip_device_runtime.cpp   :645 : 1568609603947 us:  hipDeviceSynchronize: Returned hipSuccess : 
:3:hip_memory.cpp           :795 : 1568609604034 us:  [32m hipMemcpy ( 0x7ffe773be010, 0x7ffe5ce00000, 81920000, hipMemcpyDeviceToHost ) [0m
:3:rocvirtual.cpp           :226 : 1568609600529 us:  Handler: value(0), timestamp(0xd83680), handle(0x7fffd89fd600)
:3:rocvirtual.cpp           :226 : 1568609604317 us:  Handler: value(0), timestamp(0x9770d0), handle(0x7fffd89fd680)
:3:rocvirtual.cpp           :226 : 1568609604391 us:  Handler: value(0), timestamp(0x73be30), handle(0x7fffd89fd700)
:3:rocvirtual.hpp           :56  : 1568609608284 us:  Host active wait for Signal = (0x7fffd89ff680) for -1 ns
:3:rocvirtual.hpp           :56  : 1568609613489 us:  Host active wait for Signal = (0x7fffd89ff480) for -1 ns
:3:rocvirtual.hpp           :56  : 1568609616464 us:  Host active wait for Signal = (0x7fffd89fd900) for -1 ns
:3:rocvirtual.cpp           :533 : 1568609617036 us:  Set Handler: handle(0x7fffd89fd800), timestamp(0xe22bf0)
:3:rocvirtual.hpp           :56  : 1568609617169 us:  Host active wait for Signal = (0x7fffd89fd800) for -1 ns
:3:hip_memory.cpp           :796 : 1568609617297 us:  hipMemcpy: Returned hipSuccess : : duration: 13263 us
:3:hip_memory.cpp           :3476: 1568609617388 us:  [32m hipMemset ( 0x7ffe5ce00000, 0, 81920000 ) [0m
:3:rocvirtual.cpp           :762 : 1568609617466 us:  Arg0: void* buf = ptr:0x7ffe5ce00000
:3:rocvirtual.cpp           :778 : 1568609617529 us:  Arg0: void* buf = ptr:0x7ffe5ce00000 obj:[0x7ffe5ce00000-0x7ffe61c20000]
:3:rocvirtual.cpp           :762 : 1568609617598 us:  Arg1: uchar* pattern = ptr:0x7ffec5600000
:3:rocvirtual.cpp           :853 : 1568609617719 us:  Arg2: uint pattern_size = val:1
:3:rocvirtual.cpp           :853 : 1568609617809 us:  Arg3: uint alignment = val:16
:3:rocvirtual.cpp           :853 : 1568609617912 us:  Arg4: ulong end_ptr = val:140730538524672
:3:rocvirtual.cpp           :853 : 1568609617993 us:  Arg5: uint next_chunk = val:28160
:3:rocvirtual.cpp           :3236: 1568609618079 us:  ShaderName : __amd_rocclr_fillBufferAligned
:3:rocvirtual.cpp           :3449: 1568609618172 us:  KernargSegmentByteSize = 296 KernargSegmentAlignment = 128
:3:hip_memory.cpp           :3477: 1568609618240 us:  hipMemset: Returned hipSuccess : 
:3:hip_device_runtime.cpp   :641 : 1568609618312 us:  [32m hipDeviceSynchronize (  ) [0m
:3:rocvirtual.cpp           :533 : 1568609618419 us:  Set Handler: handle(0x7fffd89fd100), timestamp(0xf3ab80)
:3:rocvirtual.hpp           :56  : 1568609618508 us:  Host active wait for Signal = (0x7fffd89fd100) for -1 ns
:3:hip_device_runtime.cpp   :645 : 1568609618589 us:  hipDeviceSynchronize: Returned hipSuccess : 
:3:hip_platform.cpp         :237 : 1568609618664 us:  [32m __hipPushCallConfiguration ( {8,1,1}, {128,1,1}, 0, stream:<null> ) [0m
:3:hip_platform.cpp         :241 : 1568609618800 us:  __hipPushCallConfiguration: Returned hipSuccess : 
:3:hip_platform.cpp         :246 : 1568609618869 us:  [32m __hipPopCallConfiguration ( {3964667986,32767,128}, {2118224,0,4294925520}, 0x7fffffff5a20, 0x7fffffff5a18 ) [0m
:3:hip_platform.cpp         :255 : 1568609619098 us:  __hipPopCallConfiguration: Returned hipSuccess : 
:3:hip_module.cpp           :744 : 1568609619171 us:  [32m hipLaunchKernel ( 0x200ff0, {8,1,1}, {128,1,1}, 0x7fffffff59d0, 0, stream:<null> ) [0m
:3:rocvirtual.cpp           :762 : 1568609619309 us:  Arg0:   = ptr:0x7ffe62000000
:3:rocvirtual.cpp           :778 : 1568609619388 us:  Arg0:   = ptr:0x7ffe62000000 obj:[0x7ffe62000000-0x7ffe66e20000]
:3:rocvirtual.cpp           :762 : 1568609619462 us:  Arg1:   = ptr:0x7ffec4a27000
:3:rocvirtual.cpp           :778 : 1568609619540 us:  Arg1:   = ptr:0x7ffec4a27000 obj:[0x7ffec4a27000-0x7ffec4a37000]
:3:rocvirtual.cpp           :762 : 1568609619635 us:  Arg2:   = ptr:0x7ffe5ce00000
:3:rocvirtual.cpp           :778 : 1568609619710 us:  Arg2:   = ptr:0x7ffe5ce00000 obj:[0x7ffe5ce00000-0x7ffe61c20000]
:3:rocvirtual.cpp           :853 : 1568609619788 us:  Arg3:   = val:2048
:3:rocvirtual.cpp           :762 : 1568609619855 us:  Arg4:   = ptr:0x7ffec4a00000
:3:rocvirtual.cpp           :778 : 1568609619962 us:  Arg4:   = ptr:0x7ffec4a00000 obj:[0x7ffec4a00000-0x7ffec4a00024]
:3:rocvirtual.cpp           :3236: 1568609620036 us:  ShaderName : void dense_esuhm3<float>(float const*, float const*, float*, int, int const*)
:3:rocvirtual.cpp           :3449: 1568609620200 us:  KernargSegmentByteSize = 296 KernargSegmentAlignment = 128
:3:hip_module.cpp           :745 : 1568609620312 us:  hipLaunchKernel: Returned hipSuccess : : duration: 1141 us
:3:hip_device_runtime.cpp   :641 : 1568609620418 us:  [32m hipDeviceSynchronize (  ) [0m
:3:rocvirtual.cpp           :533 : 1568609620503 us:  Set Handler: handle(0x7fffd89fd080), timestamp(0xdc5f30)
:3:rocvirtual.hpp           :56  : 1568609620574 us:  Host active wait for Signal = (0x7fffd89fd080) for -1 ns
:3:hip_device_runtime.cpp   :645 : 1568609620657 us:  hipDeviceSynchronize: Returned hipSuccess : 
:3:rocvirtual.cpp           :226 : 1568609617184 us:  Handler: value(0), timestamp(0x73bfa0), handle(0x7fffd89fd800)
:3:hip_memory.cpp           :795 : 1568609620729 us:  [32m hipMemcpy ( 0x7ffe7259d010, 0x7ffe5ce00000, 81920000, hipMemcpyDeviceToHost ) [0m
:3:rocvirtual.cpp           :226 : 1568609620823 us:  Handler: value(0), timestamp(0xef43a0), handle(0x7fffd89fd100)
:3:rocvirtual.cpp           :226 : 1568609621074 us:  Handler: value(0), timestamp(0xef4410), handle(0x7fffd89fd080)
:3:rocvirtual.hpp           :56  : 1568609625000 us:  Host active wait for Signal = (0x7fffd89ff380) for -1 ns
:3:rocvirtual.hpp           :56  : 1568609630100 us:  Host active wait for Signal = (0x7fffd89ff180) for -1 ns
:3:rocvirtual.hpp           :56  : 1568609633122 us:  Host active wait for Signal = (0x7fffd89fd980) for -1 ns
:3:rocvirtual.cpp           :533 : 1568609633695 us:  Set Handler: handle(0x7fffd89fcf00), timestamp(0xf3a8a0)
:3:rocvirtual.hpp           :56  : 1568609633868 us:  Host active wait for Signal = (0x7fffd89fcf00) for -1 ns
:3:hip_memory.cpp           :796 : 1568609633972 us:  hipMemcpy: Returned hipSuccess : : duration: 13243 us
:3:rocvirtual.cpp           :226 : 1568609633881 us:  Handler: value(0), timestamp(0x9eedc0), handle(0x7fffd89fcf00)
:3:hip_memory.cpp           :3476: 1568609682827 us:  [32m hipMemset ( 0x7ffe5ce00000, 0, 81920000 ) [0m
:3:rocvirtual.cpp           :762 : 1568609683177 us:  Arg0: void* buf = ptr:0x7ffe5ce00000
:3:rocvirtual.cpp           :778 : 1568609683317 us:  Arg0: void* buf = ptr:0x7ffe5ce00000 obj:[0x7ffe5ce00000-0x7ffe61c20000]
:3:rocvirtual.cpp           :762 : 1568609683502 us:  Arg1: uchar* pattern = ptr:0x7ffec5600000
:3:rocvirtual.cpp           :853 : 1568609683617 us:  Arg2: uint pattern_size = val:1
:3:rocvirtual.cpp           :853 : 1568609683799 us:  Arg3: uint alignment = val:16
:3:rocvirtual.cpp           :853 : 1568609683939 us:  Arg4: ulong end_ptr = val:140730538524672
:3:rocvirtual.cpp           :853 : 1568609684073 us:  Arg5: uint next_chunk = val:28160
:3:rocvirtual.cpp           :3236: 1568609684228 us:  ShaderName : __amd_rocclr_fillBufferAligned
:3:rocvirtual.cpp           :3449: 1568609684407 us:  KernargSegmentByteSize = 296 KernargSegmentAlignment = 128
:3:hip_memory.cpp           :3477: 1568609684533 us:  hipMemset: Returned hipSuccess : 
:3:hip_device_runtime.cpp   :641 : 1568609684693 us:  [32m hipDeviceSynchronize (  ) [0m
:3:rocvirtual.cpp           :533 : 1568609684790 us:  Set Handler: handle(0x7fffd89fce80), timestamp(0xef4090)
:3:rocvirtual.hpp           :56  : 1568609684916 us:  Host active wait for Signal = (0x7fffd89fce80) for -1 ns
:3:hip_device_runtime.cpp   :645 : 1568609684983 us:  hipDeviceSynchronize: Returned hipSuccess : 
:3:hip_platform.cpp         :237 : 1568609685062 us:  [32m __hipPushCallConfiguration ( {8,1,1}, {256,1,1}, 0, stream:<null> ) [0m
:3:hip_platform.cpp         :241 : 1568609685258 us:  __hipPushCallConfiguration: Returned hipSuccess : 
:3:hip_platform.cpp         :246 : 1568609685339 us:  [32m __hipPopCallConfiguration ( {3964667986,32767,256}, {2118224,0,4294925520}, 0x7fffffff5a20, 0x7fffffff5a18 ) [0m
:3:hip_platform.cpp         :255 : 1568609685530 us:  __hipPopCallConfiguration: Returned hipSuccess : 
:3:hip_module.cpp           :744 : 1568609685624 us:  [32m hipLaunchKernel ( 0x200fe0, {8,1,1}, {256,1,1}, 0x7fffffff59d0, 0, stream:<null> ) [0m
:3:rocvirtual.cpp           :762 : 1568609685818 us:  Arg0:   = ptr:0x7ffe62000000
:3:rocvirtual.cpp           :778 : 1568609685930 us:  Arg0:   = ptr:0x7ffe62000000 obj:[0x7ffe62000000-0x7ffe66e20000]
:3:rocvirtual.cpp           :762 : 1568609686016 us:  Arg1:   = ptr:0x7ffec4a27000
:3:rocvirtual.cpp           :778 : 1568609686092 us:  Arg1:   = ptr:0x7ffec4a27000 obj:[0x7ffec4a27000-0x7ffec4a37000]
:3:rocvirtual.cpp           :762 : 1568609686166 us:  Arg2:   = ptr:0x7ffe5ce00000
:3:rocvirtual.cpp           :778 : 1568609686234 us:  Arg2:   = ptr:0x7ffe5ce00000 obj:[0x7ffe5ce00000-0x7ffe61c20000]
:3:rocvirtual.cpp           :853 : 1568609686309 us:  Arg3:   = val:2048
:3:rocvirtual.cpp           :762 : 1568609686378 us:  Arg4:   = ptr:0x7ffec4a00000
:3:rocvirtual.cpp           :778 : 1568609686491 us:  Arg4:   = ptr:0x7ffec4a00000 obj:[0x7ffec4a00000-0x7ffec4a00024]
:3:rocvirtual.cpp           :3236: 1568609686611 us:  ShaderName : void dense_esuhm<float>(float const*, float const*, float*, int, int const*)
:3:rocvirtual.cpp           :3449: 1568609686746 us:  KernargSegmentByteSize = 296 KernargSegmentAlignment = 128
:3:hip_module.cpp           :745 : 1568609686818 us:  hipLaunchKernel: Returned hipSuccess : : duration: 1194 us
:3:hip_device_runtime.cpp   :641 : 1568609686887 us:  [32m hipDeviceSynchronize (  ) [0m
:3:rocvirtual.cpp           :533 : 1568609686965 us:  Set Handler: handle(0x7fffd89fcf80), timestamp(0xe1afa0)
:3:rocvirtual.hpp           :56  : 1568609687043 us:  Host active wait for Signal = (0x7fffd89fcf80) for -1 ns
:3:hip_device_runtime.cpp   :645 : 1568609687156 us:  hipDeviceSynchronize: Returned hipSuccess : 
:3:rocvirtual.cpp           :226 : 1568609684926 us:  Handler: value(0), timestamp(0xef44f0), handle(0x7fffd89fce80)
:3:hip_memory.cpp           :795 : 1568609687225 us:  [32m hipMemcpy ( 0x7ffe7c1df010, 0x7ffe5ce00000, 81920000, hipMemcpyDeviceToHost ) [0m
:3:rocvirtual.cpp           :226 : 1568609687317 us:  Handler: value(0), timestamp(0xef4480), handle(0x7fffd89fcf80)
:3:rocvirtual.hpp           :56  : 1568609687469 us:  Host active wait for Signal = (0x7fffd89fef80) for -1 ns
:3:rocvirtual.hpp           :56  : 1568609688751 us:  Host active wait for Signal = (0x7fffd89fda00) for -1 ns
:3:rocvirtual.hpp           :56  : 1568609690027 us:  Host active wait for Signal = (0x7fffd89fdb00) for -1 ns
:3:rocvirtual.cpp           :533 : 1568609690598 us:  Set Handler: handle(0x7fffd89fcd00), timestamp(0xe280e0)
:3:rocvirtual.hpp           :56  : 1568609690717 us:  Host active wait for Signal = (0x7fffd89fcd00) for -1 ns
:3:hip_memory.cpp           :796 : 1568609690802 us:  hipMemcpy: Returned hipSuccess : : duration: 3577 us
:3:hip_memory.cpp           :3476: 1568609690882 us:  [32m hipMemset ( 0x7ffe5ce00000, 0, 81920000 ) [0m
:3:rocvirtual.cpp           :762 : 1568609690972 us:  Arg0: void* buf = ptr:0x7ffe5ce00000
:3:rocvirtual.cpp           :778 : 1568609691046 us:  Arg0: void* buf = ptr:0x7ffe5ce00000 obj:[0x7ffe5ce00000-0x7ffe61c20000]
:3:rocvirtual.cpp           :762 : 1568609691122 us:  Arg1: uchar* pattern = ptr:0x7ffec5600000
:3:rocvirtual.cpp           :853 : 1568609691204 us:  Arg2: uint pattern_size = val:1
:3:rocvirtual.cpp           :853 : 1568609691297 us:  Arg3: uint alignment = val:16
:3:rocvirtual.cpp           :853 : 1568609691368 us:  Arg4: ulong end_ptr = val:140730538524672
:3:rocvirtual.cpp           :853 : 1568609691472 us:  Arg5: uint next_chunk = val:28160
:3:rocvirtual.cpp           :3236: 1568609691541 us:  ShaderName : __amd_rocclr_fillBufferAligned
:3:rocvirtual.cpp           :3449: 1568609691620 us:  KernargSegmentByteSize = 296 KernargSegmentAlignment = 128
:3:hip_memory.cpp           :3477: 1568609691695 us:  hipMemset: Returned hipSuccess : 
:3:hip_device_runtime.cpp   :641 : 1568609691774 us:  [32m hipDeviceSynchronize (  ) [0m
:3:rocvirtual.cpp           :533 : 1568609691882 us:  Set Handler: handle(0x7fffd89fcc80), timestamp(0xf3a7e0)
:3:rocvirtual.hpp           :56  : 1568609691981 us:  Host active wait for Signal = (0x7fffd89fcc80) for -1 ns
:3:hip_device_runtime.cpp   :645 : 1568609692052 us:  hipDeviceSynchronize: Returned hipSuccess : 
:3:hip_platform.cpp         :237 : 1568609692135 us:  [32m __hipPushCallConfiguration ( {8,1,1}, {256,1,1}, 0, stream:<null> ) [0m
:3:hip_platform.cpp         :241 : 1568609692283 us:  __hipPushCallConfiguration: Returned hipSuccess : 
:3:hip_platform.cpp         :246 : 1568609692350 us:  [32m __hipPopCallConfiguration ( {3964667986,32767,256}, {2118224,0,4294925520}, 0x7fffffff5a20, 0x7fffffff5a18 ) [0m
:3:hip_platform.cpp         :255 : 1568609692489 us:  __hipPopCallConfiguration: Returned hipSuccess : 
:3:hip_module.cpp           :744 : 1568609692564 us:  [32m hipLaunchKernel ( 0x200fe8, {8,1,1}, {256,1,1}, 0x7fffffff59d0, 0, stream:<null> ) [0m
:3:rocvirtual.cpp           :762 : 1568609692709 us:  Arg0:   = ptr:0x7ffe62000000
:3:rocvirtual.cpp           :778 : 1568609692776 us:  Arg0:   = ptr:0x7ffe62000000 obj:[0x7ffe62000000-0x7ffe66e20000]
:3:rocvirtual.cpp           :762 : 1568609692857 us:  Arg1:   = ptr:0x7ffec4a27000
:3:rocvirtual.cpp           :778 : 1568609692926 us:  Arg1:   = ptr:0x7ffec4a27000 obj:[0x7ffec4a27000-0x7ffec4a37000]
:3:rocvirtual.cpp           :762 : 1568609693002 us:  Arg2:   = ptr:0x7ffe5ce00000
:3:rocvirtual.cpp           :778 : 1568609693063 us:  Arg2:   = ptr:0x7ffe5ce00000 obj:[0x7ffe5ce00000-0x7ffe61c20000]
:3:rocvirtual.cpp           :853 : 1568609693134 us:  Arg3:   = val:2048
:3:rocvirtual.cpp           :762 : 1568609693206 us:  Arg4:   = ptr:0x7ffec4a00000
:3:rocvirtual.cpp           :778 : 1568609693285 us:  Arg4:   = ptr:0x7ffec4a00000 obj:[0x7ffec4a00000-0x7ffec4a00024]
:3:rocvirtual.cpp           :3236: 1568609693356 us:  ShaderName : void dense_esuhm2<float>(float const*, float const*, float*, int, int const*)
:3:rocvirtual.cpp           :3449: 1568609693502 us:  KernargSegmentByteSize = 296 KernargSegmentAlignment = 128
:3:hip_module.cpp           :745 : 1568609693572 us:  hipLaunchKernel: Returned hipSuccess : : duration: 1008 us
:3:hip_device_runtime.cpp   :641 : 1568609693638 us:  [32m hipDeviceSynchronize (  ) [0m
:3:rocvirtual.cpp           :533 : 1568609693709 us:  Set Handler: handle(0x7fffd89fcc00), timestamp(0xe27c10)
:3:rocvirtual.hpp           :56  : 1568609693783 us:  Host active wait for Signal = (0x7fffd89fcc00) for -1 ns
:3:hip_device_runtime.cpp   :645 : 1568609693854 us:  hipDeviceSynchronize: Returned hipSuccess : 
:3:hip_memory.cpp           :795 : 1568609693933 us:  [32m hipMemcpy ( 0x7ffe773be010, 0x7ffe5ce00000, 81920000, hipMemcpyDeviceToHost ) [0m
:3:rocvirtual.hpp           :56  : 1568609694092 us:  Host active wait for Signal = (0x7fffd89fed80) for -1 ns
:3:rocvirtual.cpp           :226 : 1568609690732 us:  Handler: value(0), timestamp(0xf0fb70), handle(0x7fffd89fcd00)
:3:rocvirtual.cpp           :226 : 1568609694260 us:  Handler: value(0), timestamp(0xef3ec0), handle(0x7fffd89fcc80)
:3:rocvirtual.cpp           :226 : 1568609694374 us:  Handler: value(0), timestamp(0xe28030), handle(0x7fffd89fcc00)
:3:rocvirtual.hpp           :56  : 1568609695371 us:  Host active wait for Signal = (0x7fffd89feb80) for -1 ns
:3:rocvirtual.hpp           :56  : 1568609696648 us:  Host active wait for Signal = (0x7fffd89fdd00) for -1 ns
:3:rocvirtual.cpp           :533 : 1568609697218 us:  Set Handler: handle(0x7fffd89fca80), timestamp(0xe0a8a0)
:3:rocvirtual.hpp           :56  : 1568609697291 us:  Host active wait for Signal = (0x7fffd89fca80) for -1 ns
:3:hip_memory.cpp           :796 : 1568609697359 us:  hipMemcpy: Returned hipSuccess : : duration: 3426 us
:3:hip_memory.cpp           :3476: 1568609697436 us:  [32m hipMemset ( 0x7ffe5ce00000, 0, 81920000 ) [0m
:3:rocvirtual.cpp           :762 : 1568609697509 us:  Arg0: void* buf = ptr:0x7ffe5ce00000
:3:rocvirtual.cpp           :778 : 1568609697620 us:  Arg0: void* buf = ptr:0x7ffe5ce00000 obj:[0x7ffe5ce00000-0x7ffe61c20000]
:3:rocvirtual.cpp           :762 : 1568609697684 us:  Arg1: uchar* pattern = ptr:0x7ffec5600000
:3:rocvirtual.cpp           :853 : 1568609697753 us:  Arg2: uint pattern_size = val:1
:3:rocvirtual.cpp           :853 : 1568609697814 us:  Arg3: uint alignment = val:16
:3:rocvirtual.cpp           :853 : 1568609697927 us:  Arg4: ulong end_ptr = val:140730538524672
:3:rocvirtual.cpp           :853 : 1568609697990 us:  Arg5: uint next_chunk = val:28160
:3:rocvirtual.cpp           :3236: 1568609698061 us:  ShaderName : __amd_rocclr_fillBufferAligned
:3:rocvirtual.cpp           :3449: 1568609698132 us:  KernargSegmentByteSize = 296 KernargSegmentAlignment = 128
:3:hip_memory.cpp           :3477: 1568609698248 us:  hipMemset: Returned hipSuccess : 
:3:hip_device_runtime.cpp   :641 : 1568609698320 us:  [32m hipDeviceSynchronize (  ) [0m
:3:rocvirtual.cpp           :533 : 1568609698411 us:  Set Handler: handle(0x7fffd89fca00), timestamp(0xe283b0)
:3:rocvirtual.hpp           :56  : 1568609698478 us:  Host active wait for Signal = (0x7fffd89fca00) for -1 ns
:3:hip_device_runtime.cpp   :645 : 1568609698554 us:  hipDeviceSynchronize: Returned hipSuccess : 
:3:hip_platform.cpp         :237 : 1568609698621 us:  [32m __hipPushCallConfiguration ( {8,1,1}, {256,1,1}, 0, stream:<null> ) [0m
:3:hip_platform.cpp         :241 : 1568609698759 us:  __hipPushCallConfiguration: Returned hipSuccess : 
:3:hip_platform.cpp         :246 : 1568609698846 us:  [32m __hipPopCallConfiguration ( {3964667986,32767,256}, {2118224,0,4294925520}, 0x7fffffff5a20, 0x7fffffff5a18 ) [0m
:3:hip_platform.cpp         :255 : 1568609698983 us:  __hipPopCallConfiguration: Returned hipSuccess : 
:3:hip_module.cpp           :744 : 1568609699051 us:  [32m hipLaunchKernel ( 0x200ff0, {8,1,1}, {256,1,1}, 0x7fffffff59d0, 0, stream:<null> ) [0m
:3:rocvirtual.cpp           :762 : 1568609699185 us:  Arg0:   = ptr:0x7ffe62000000
:3:rocvirtual.cpp           :778 : 1568609699256 us:  Arg0:   = ptr:0x7ffe62000000 obj:[0x7ffe62000000-0x7ffe66e20000]
:3:rocvirtual.cpp           :762 : 1568609699323 us:  Arg1:   = ptr:0x7ffec4a27000
:3:rocvirtual.cpp           :778 : 1568609699395 us:  Arg1:   = ptr:0x7ffec4a27000 obj:[0x7ffec4a27000-0x7ffec4a37000]
:3:rocvirtual.cpp           :762 : 1568609699462 us:  Arg2:   = ptr:0x7ffe5ce00000
:3:rocvirtual.cpp           :778 : 1568609699533 us:  Arg2:   = ptr:0x7ffe5ce00000 obj:[0x7ffe5ce00000-0x7ffe61c20000]
:3:rocvirtual.cpp           :853 : 1568609699609 us:  Arg3:   = val:2048
:3:rocvirtual.cpp           :762 : 1568609699684 us:  Arg4:   = ptr:0x7ffec4a00000
:3:rocvirtual.cpp           :778 : 1568609699746 us:  Arg4:   = ptr:0x7ffec4a00000 obj:[0x7ffec4a00000-0x7ffec4a00024]
:3:rocvirtual.cpp           :3236: 1568609699818 us:  ShaderName : void dense_esuhm3<float>(float const*, float const*, float*, int, int const*)
:3:rocvirtual.cpp           :3449: 1568609699951 us:  KernargSegmentByteSize = 296 KernargSegmentAlignment = 128
:3:hip_module.cpp           :745 : 1568609700022 us:  hipLaunchKernel: Returned hipSuccess : : duration: 971 us
:3:hip_device_runtime.cpp   :641 : 1568609700097 us:  [32m hipDeviceSynchronize (  ) [0m
:3:rocvirtual.cpp           :226 : 1568609697624 us:  Handler: value(0), timestamp(0xf0fbe0), handle(0x7fffd89fca80)
:3:rocvirtual.cpp           :533 : 1568609700199 us:  Set Handler: handle(0x7fffd89fcb00), timestamp(0xef3e40)
:3:rocvirtual.hpp           :56  : 1568609700360 us:  Host active wait for Signal = (0x7fffd89fcb00) for -1 ns
:3:hip_device_runtime.cpp   :645 : 1568609700435 us:  hipDeviceSynchronize: Returned hipSuccess : 
:3:rocvirtual.cpp           :226 : 1568609700300 us:  Handler: value(0), timestamp(0xe0a7f0), handle(0x7fffd89fca00)
:3:rocvirtual.cpp           :226 : 1568609700580 us:  Handler: value(0), timestamp(0xe281f0), handle(0x7fffd89fcb00)
:3:hip_memory.cpp           :795 : 1568609700507 us:  [32m hipMemcpy ( 0x7ffe7259d010, 0x7ffe5ce00000, 81920000, hipMemcpyDeviceToHost ) [0m
:3:rocvirtual.hpp           :56  : 1568609700795 us:  Host active wait for Signal = (0x7fffd89fe980) for -1 ns
:3:rocvirtual.hpp           :56  : 1568609702073 us:  Host active wait for Signal = (0x7fffd89fde00) for -1 ns
:3:rocvirtual.hpp           :56  : 1568609703351 us:  Host active wait for Signal = (0x7fffd89fde80) for -1 ns
:3:rocvirtual.cpp           :533 : 1568609703920 us:  Set Handler: handle(0x7fffd89fc880), timestamp(0xd0ad80)
:3:rocvirtual.hpp           :56  : 1568609703990 us:  Host active wait for Signal = (0x7fffd89fc880) for -1 ns
:3:hip_memory.cpp           :796 : 1568609704065 us:  hipMemcpy: Returned hipSuccess : : duration: 3558 us
:3:rocvirtual.cpp           :226 : 1568609704389 us:  Handler: value(0), timestamp(0xe281f0), handle(0x7fffd89fc880)
:3:hip_memory.cpp           :3476: 1568609752621 us:  [32m hipMemset ( 0x7ffe5ce00000, 0, 81920000 ) [0m
:3:rocvirtual.cpp           :762 : 1568609752944 us:  Arg0: void* buf = ptr:0x7ffe5ce00000
:3:rocvirtual.cpp           :778 : 1568609753143 us:  Arg0: void* buf = ptr:0x7ffe5ce00000 obj:[0x7ffe5ce00000-0x7ffe61c20000]
:3:rocvirtual.cpp           :762 : 1568609753296 us:  Arg1: uchar* pattern = ptr:0x7ffec5600000
:3:rocvirtual.cpp           :853 : 1568609753437 us:  Arg2: uint pattern_size = val:1
:3:rocvirtual.cpp           :853 : 1568609753585 us:  Arg3: uint alignment = val:16
:3:rocvirtual.cpp           :853 : 1568609753742 us:  Arg4: ulong end_ptr = val:140730538524672
:3:rocvirtual.cpp           :853 : 1568609753864 us:  Arg5: uint next_chunk = val:28160
:3:rocvirtual.cpp           :3236: 1568609753974 us:  ShaderName : __amd_rocclr_fillBufferAligned
:3:rocvirtual.cpp           :3449: 1568609754045 us:  KernargSegmentByteSize = 296 KernargSegmentAlignment = 128
:3:hip_memory.cpp           :3477: 1568609754150 us:  hipMemset: Returned hipSuccess : 
:3:hip_device_runtime.cpp   :641 : 1568609754219 us:  [32m hipDeviceSynchronize (  ) [0m
:3:rocvirtual.cpp           :533 : 1568609754341 us:  Set Handler: handle(0x7fffd89fc800), timestamp(0xe28320)
:3:rocvirtual.hpp           :56  : 1568609754426 us:  Host active wait for Signal = (0x7fffd89fc800) for -1 ns
:3:hip_device_runtime.cpp   :645 : 1568609754560 us:  hipDeviceSynchronize: Returned hipSuccess : 
:3:hip_platform.cpp         :237 : 1568609754651 us:  [32m __hipPushCallConfiguration ( {8,1,1}, {512,1,1}, 0, stream:<null> ) [0m
:3:hip_platform.cpp         :241 : 1568609754792 us:  __hipPushCallConfiguration: Returned hipSuccess : 
:3:hip_platform.cpp         :246 : 1568609754902 us:  [32m __hipPopCallConfiguration ( {3964667986,32767,512}, {2118224,0,4294925520}, 0x7fffffff5a20, 0x7fffffff5a18 ) [0m
:3:hip_platform.cpp         :255 : 1568609755040 us:  __hipPopCallConfiguration: Returned hipSuccess : 
:3:rocvirtual.cpp           :226 : 1568609754436 us:  Handler: value(0), timestamp(0xd0b130), handle(0x7fffd89fc800)
:3:hip_module.cpp           :744 : 1568609755118 us:  [32m hipLaunchKernel ( 0x200fe0, {8,1,1}, {512,1,1}, 0x7fffffff59d0, 0, stream:<null> ) [0m
:3:rocvirtual.cpp           :762 : 1568609755431 us:  Arg0:   = ptr:0x7ffe62000000
:3:rocvirtual.cpp           :778 : 1568609755495 us:  Arg0:   = ptr:0x7ffe62000000 obj:[0x7ffe62000000-0x7ffe66e20000]
:3:rocvirtual.cpp           :762 : 1568609755595 us:  Arg1:   = ptr:0x7ffec4a27000
:3:rocvirtual.cpp           :778 : 1568609755667 us:  Arg1:   = ptr:0x7ffec4a27000 obj:[0x7ffec4a27000-0x7ffec4a37000]
:3:rocvirtual.cpp           :762 : 1568609755740 us:  Arg2:   = ptr:0x7ffe5ce00000
:3:rocvirtual.cpp           :778 : 1568609755846 us:  Arg2:   = ptr:0x7ffe5ce00000 obj:[0x7ffe5ce00000-0x7ffe61c20000]
:3:rocvirtual.cpp           :853 : 1568609755957 us:  Arg3:   = val:2048
:3:rocvirtual.cpp           :762 : 1568609756056 us:  Arg4:   = ptr:0x7ffec4a00000
:3:rocvirtual.cpp           :778 : 1568609756173 us:  Arg4:   = ptr:0x7ffec4a00000 obj:[0x7ffec4a00000-0x7ffec4a00024]
:3:rocvirtual.cpp           :3236: 1568609756244 us:  ShaderName : void dense_esuhm<float>(float const*, float const*, float*, int, int const*)
:3:rocvirtual.cpp           :3449: 1568609756417 us:  KernargSegmentByteSize = 296 KernargSegmentAlignment = 128
:3:hip_module.cpp           :745 : 1568609756492 us:  hipLaunchKernel: Returned hipSuccess : : duration: 1374 us
:3:hip_device_runtime.cpp   :641 : 1568609756594 us:  [32m hipDeviceSynchronize (  ) [0m
:3:rocvirtual.cpp           :533 : 1568609756681 us:  Set Handler: handle(0x7fffd89fc780), timestamp(0xd83440)
:3:rocvirtual.hpp           :56  : 1568609756794 us:  Host active wait for Signal = (0x7fffd89fc780) for -1 ns
:3:hip_device_runtime.cpp   :645 : 1568609756867 us:  hipDeviceSynchronize: Returned hipSuccess : 
:3:hip_memory.cpp           :795 : 1568609756952 us:  [32m hipMemcpy ( 0x7ffe7c1df010, 0x7ffe5ce00000, 81920000, hipMemcpyDeviceToHost ) [0m
:3:rocvirtual.hpp           :56  : 1568609757158 us:  Host active wait for Signal = (0x7fffd89fe780) for -1 ns
:3:rocvirtual.cpp           :226 : 1568609756804 us:  Handler: value(0), timestamp(0xe0adb0), handle(0x7fffd89fc780)
:3:rocvirtual.hpp           :56  : 1568609758437 us:  Host active wait for Signal = (0x7fffd89fe580) for -1 ns
:3:rocvirtual.hpp           :56  : 1568609759714 us:  Host active wait for Signal = (0x7fffd89fdf00) for -1 ns
:3:rocvirtual.cpp           :533 : 1568609760284 us:  Set Handler: handle(0x7fffd89fc600), timestamp(0xe0aca0)
:3:rocvirtual.hpp           :56  : 1568609760401 us:  Host active wait for Signal = (0x7fffd89fc600) for -1 ns
:3:hip_memory.cpp           :796 : 1568609760535 us:  hipMemcpy: Returned hipSuccess : : duration: 3583 us
:3:hip_memory.cpp           :3476: 1568609760636 us:  [32m hipMemset ( 0x7ffe5ce00000, 0, 81920000 ) [0m
:3:rocvirtual.cpp           :762 : 1568609760719 us:  Arg0: void* buf = ptr:0x7ffe5ce00000
:3:rocvirtual.cpp           :778 : 1568609760797 us:  Arg0: void* buf = ptr:0x7ffe5ce00000 obj:[0x7ffe5ce00000-0x7ffe61c20000]
:3:rocvirtual.cpp           :762 : 1568609760859 us:  Arg1: uchar* pattern = ptr:0x7ffec5600000
:3:rocvirtual.cpp           :853 : 1568609760936 us:  Arg2: uint pattern_size = val:1
:3:rocvirtual.cpp           :853 : 1568609761039 us:  Arg3: uint alignment = val:16
:3:rocvirtual.cpp           :853 : 1568609761115 us:  Arg4: ulong end_ptr = val:140730538524672
:3:rocvirtual.cpp           :853 : 1568609761183 us:  Arg5: uint next_chunk = val:28160
:3:rocvirtual.cpp           :3236: 1568609761287 us:  ShaderName : __amd_rocclr_fillBufferAligned
:3:rocvirtual.cpp           :3449: 1568609761373 us:  KernargSegmentByteSize = 296 KernargSegmentAlignment = 128
:3:hip_memory.cpp           :3477: 1568609761457 us:  hipMemset: Returned hipSuccess : 
:3:hip_device_runtime.cpp   :641 : 1568609761527 us:  [32m hipDeviceSynchronize (  ) [0m
:3:rocvirtual.cpp           :226 : 1568609760414 us:  Handler: value(0), timestamp(0xe0a5b0), handle(0x7fffd89fc600)
:3:rocvirtual.cpp           :533 : 1568609761601 us:  Set Handler: handle(0x7fffd89fc580), timestamp(0xd835e0)
:3:rocvirtual.hpp           :56  : 1568609761823 us:  Host active wait for Signal = (0x7fffd89fc580) for -1 ns
:3:hip_device_runtime.cpp   :645 : 1568609761901 us:  hipDeviceSynchronize: Returned hipSuccess : 
:3:hip_platform.cpp         :237 : 1568609761975 us:  [32m __hipPushCallConfiguration ( {8,1,1}, {512,1,1}, 0, stream:<null> ) [0m
:3:hip_platform.cpp         :241 : 1568609762112 us:  __hipPushCallConfiguration: Returned hipSuccess : 
:3:hip_platform.cpp         :246 : 1568609762181 us:  [32m __hipPopCallConfiguration ( {3964667986,32767,512}, {2118224,0,4294925520}, 0x7fffffff5a20, 0x7fffffff5a18 ) [0m
:3:hip_platform.cpp         :255 : 1568609762396 us:  __hipPopCallConfiguration: Returned hipSuccess : 
:3:hip_module.cpp           :744 : 1568609762468 us:  [32m hipLaunchKernel ( 0x200fe8, {8,1,1}, {512,1,1}, 0x7fffffff59d0, 0, stream:<null> ) [0m
:3:rocvirtual.cpp           :762 : 1568609762603 us:  Arg0:   = ptr:0x7ffe62000000
:3:rocvirtual.cpp           :778 : 1568609762669 us:  Arg0:   = ptr:0x7ffe62000000 obj:[0x7ffe62000000-0x7ffe66e20000]
:3:rocvirtual.cpp           :762 : 1568609762748 us:  Arg1:   = ptr:0x7ffec4a27000
:3:rocvirtual.cpp           :778 : 1568609762826 us:  Arg1:   = ptr:0x7ffec4a27000 obj:[0x7ffec4a27000-0x7ffec4a37000]
:3:rocvirtual.cpp           :762 : 1568609762916 us:  Arg2:   = ptr:0x7ffe5ce00000
:3:rocvirtual.cpp           :778 : 1568609762984 us:  Arg2:   = ptr:0x7ffe5ce00000 obj:[0x7ffe5ce00000-0x7ffe61c20000]
:3:rocvirtual.cpp           :853 : 1568609763053 us:  Arg3:   = val:2048
:3:rocvirtual.cpp           :762 : 1568609763128 us:  Arg4:   = ptr:0x7ffec4a00000
:3:rocvirtual.cpp           :778 : 1568609763203 us:  Arg4:   = ptr:0x7ffec4a00000 obj:[0x7ffec4a00000-0x7ffec4a00024]
:3:rocvirtual.cpp           :3236: 1568609763268 us:  ShaderName : void dense_esuhm2<float>(float const*, float const*, float*, int, int const*)
:3:rocvirtual.cpp           :3449: 1568609763413 us:  KernargSegmentByteSize = 296 KernargSegmentAlignment = 128
:3:hip_module.cpp           :745 : 1568609763505 us:  hipLaunchKernel: Returned hipSuccess : : duration: 1037 us
:3:hip_device_runtime.cpp   :641 : 1568609763587 us:  [32m hipDeviceSynchronize (  ) [0m
:3:rocvirtual.cpp           :533 : 1568609763690 us:  Set Handler: handle(0x7fffd89fc680), timestamp(0xe0ad70)
:3:rocvirtual.hpp           :56  : 1568609763761 us:  Host active wait for Signal = (0x7fffd89fc680) for -1 ns
:3:hip_device_runtime.cpp   :645 : 1568609763843 us:  hipDeviceSynchronize: Returned hipSuccess : 
:3:rocvirtual.cpp           :226 : 1568609761832 us:  Handler: value(0), timestamp(0xe0abf0), handle(0x7fffd89fc580)
:3:hip_memory.cpp           :795 : 1568609763913 us:  [32m hipMemcpy ( 0x7ffe773be010, 0x7ffe5ce00000, 81920000, hipMemcpyDeviceToHost ) [0m
:3:rocvirtual.cpp           :226 : 1568609764009 us:  Handler: value(0), timestamp(0xd0b1e0), handle(0x7fffd89fc680)
:3:rocvirtual.hpp           :56  : 1568609764210 us:  Host active wait for Signal = (0x7fffd89fe380) for -1 ns
:3:rocvirtual.hpp           :56  : 1568609765488 us:  Host active wait for Signal = (0x7fffd89fe000) for -1 ns
:3:rocvirtual.hpp           :56  : 1568609766764 us:  Host active wait for Signal = (0x7fffd89fe080) for -1 ns
:3:rocvirtual.cpp           :533 : 1568609767335 us:  Set Handler: handle(0x7fffd89fc400), timestamp(0xeff200)
:3:rocvirtual.hpp           :56  : 1568609767407 us:  Host active wait for Signal = (0x7fffd89fc400) for -1 ns
:3:hip_memory.cpp           :796 : 1568609767478 us:  hipMemcpy: Returned hipSuccess : : duration: 3565 us
:3:hip_memory.cpp           :3476: 1568609767595 us:  [32m hipMemset ( 0x7ffe5ce00000, 0, 81920000 ) [0m
:3:rocvirtual.cpp           :762 : 1568609767697 us:  Arg0: void* buf = ptr:0x7ffe5ce00000
:3:rocvirtual.cpp           :778 : 1568609767798 us:  Arg0: void* buf = ptr:0x7ffe5ce00000 obj:[0x7ffe5ce00000-0x7ffe61c20000]
:3:rocvirtual.cpp           :762 : 1568609767909 us:  Arg1: uchar* pattern = ptr:0x7ffec5600000
:3:rocvirtual.cpp           :853 : 1568609767993 us:  Arg2: uint pattern_size = val:1
:3:rocvirtual.cpp           :853 : 1568609768085 us:  Arg3: uint alignment = val:16
:3:rocvirtual.cpp           :853 : 1568609768152 us:  Arg4: ulong end_ptr = val:140730538524672
:3:rocvirtual.cpp           :853 : 1568609768227 us:  Arg5: uint next_chunk = val:28160
:3:rocvirtual.cpp           :3236: 1568609768332 us:  ShaderName : __amd_rocclr_fillBufferAligned
:3:rocvirtual.cpp           :3449: 1568609768405 us:  KernargSegmentByteSize = 296 KernargSegmentAlignment = 128
:3:hip_memory.cpp           :3477: 1568609768473 us:  hipMemset: Returned hipSuccess : 
:3:hip_device_runtime.cpp   :641 : 1568609768556 us:  [32m hipDeviceSynchronize (  ) [0m
:3:rocvirtual.cpp           :533 : 1568609768627 us:  Set Handler: handle(0x7fffd89fc380), timestamp(0xe0abb0)
:3:rocvirtual.hpp           :56  : 1568609768711 us:  Host active wait for Signal = (0x7fffd89fc380) for -1 ns
:3:hip_device_runtime.cpp   :645 : 1568609768785 us:  hipDeviceSynchronize: Returned hipSuccess : 
:3:hip_platform.cpp         :237 : 1568609768865 us:  [32m __hipPushCallConfiguration ( {8,1,1}, {512,1,1}, 0, stream:<null> ) [0m
:3:hip_platform.cpp         :241 : 1568609769001 us:  __hipPushCallConfiguration: Returned hipSuccess : 
:3:hip_platform.cpp         :246 : 1568609769068 us:  [32m __hipPopCallConfiguration ( {3964667986,32767,512}, {2118224,0,4294925520}, 0x7fffffff5a20, 0x7fffffff5a18 ) [0m
:3:hip_platform.cpp         :255 : 1568609769214 us:  __hipPopCallConfiguration: Returned hipSuccess : 
:3:hip_module.cpp           :744 : 1568609769295 us:  [32m hipLaunchKernel ( 0x200ff0, {8,1,1}, {512,1,1}, 0x7fffffff59d0, 0, stream:<null> ) [0m
:3:rocvirtual.cpp           :762 : 1568609769452 us:  Arg0:   = ptr:0x7ffe62000000
:3:rocvirtual.cpp           :778 : 1568609769519 us:  Arg0:   = ptr:0x7ffe62000000 obj:[0x7ffe62000000-0x7ffe66e20000]
:3:rocvirtual.cpp           :762 : 1568609769591 us:  Arg1:   = ptr:0x7ffec4a27000
:3:rocvirtual.cpp           :778 : 1568609769662 us:  Arg1:   = ptr:0x7ffec4a27000 obj:[0x7ffec4a27000-0x7ffec4a37000]
:3:rocvirtual.cpp           :762 : 1568609769731 us:  Arg2:   = ptr:0x7ffe5ce00000
:3:rocvirtual.cpp           :778 : 1568609769812 us:  Arg2:   = ptr:0x7ffe5ce00000 obj:[0x7ffe5ce00000-0x7ffe61c20000]
:3:rocvirtual.cpp           :853 : 1568609769881 us:  Arg3:   = val:2048
:3:rocvirtual.cpp           :762 : 1568609769944 us:  Arg4:   = ptr:0x7ffec4a00000
:3:rocvirtual.cpp           :778 : 1568609770014 us:  Arg4:   = ptr:0x7ffec4a00000 obj:[0x7ffec4a00000-0x7ffec4a00024]
:3:rocvirtual.cpp           :3236: 1568609770079 us:  ShaderName : void dense_esuhm3<float>(float const*, float const*, float*, int, int const*)
:3:rocvirtual.cpp           :3449: 1568609770242 us:  KernargSegmentByteSize = 296 KernargSegmentAlignment = 128
:3:hip_module.cpp           :745 : 1568609770312 us:  hipLaunchKernel: Returned hipSuccess : : duration: 1017 us
:3:hip_device_runtime.cpp   :641 : 1568609770377 us:  [32m hipDeviceSynchronize (  ) [0m
:3:rocvirtual.cpp           :226 : 1568609767752 us:  Handler: value(0), timestamp(0xd83290), handle(0x7fffd89fc400)
:3:rocvirtual.cpp           :533 : 1568609770448 us:  Set Handler: handle(0x7fffd89fc300), timestamp(0xeff390)
:3:rocvirtual.hpp           :56  : 1568609770611 us:  Host active wait for Signal = (0x7fffd89fc300) for -1 ns
:3:hip_device_runtime.cpp   :645 : 1568609770690 us:  hipDeviceSynchronize: Returned hipSuccess : 
:3:rocvirtual.cpp           :226 : 1568609770540 us:  Handler: value(0), timestamp(0xeff150), handle(0x7fffd89fc380)
:3:hip_memory.cpp           :795 : 1568609770783 us:  [32m hipMemcpy ( 0x7ffe7259d010, 0x7ffe5ce00000, 81920000, hipMemcpyDeviceToHost ) [0m
:3:rocvirtual.cpp           :226 : 1568609770854 us:  Handler: value(0), timestamp(0xeff2e0), handle(0x7fffd89fc300)
:3:rocvirtual.hpp           :56  : 1568609771003 us:  Host active wait for Signal = (0x7fffd89fe180) for -1 ns
:3:rocvirtual.hpp           :56  : 1568609772282 us:  Host active wait for Signal = (0x7fffd89fdf80) for -1 ns
:3:rocvirtual.hpp           :56  : 1568609773558 us:  Host active wait for Signal = (0x7fffd89fe100) for -1 ns
:3:rocvirtual.cpp           :533 : 1568609774127 us:  Set Handler: handle(0x7fffd89fc180), timestamp(0xeff010)
:3:rocvirtual.hpp           :56  : 1568609774244 us:  Host active wait for Signal = (0x7fffd89fc180) for -1 ns
:3:hip_memory.cpp           :796 : 1568609774354 us:  hipMemcpy: Returned hipSuccess : : duration: 3571 us
:3:rocvirtual.cpp           :226 : 1568609774254 us:  Handler: value(0), timestamp(0xd83880), handle(0x7fffd89fc180)
:3:hip_memory.cpp           :3476: 1568609822929 us:  [32m hipMemset ( 0x7ffe5ce00000, 0, 81920000 ) [0m
:3:rocvirtual.cpp           :762 : 1568609823267 us:  Arg0: void* buf = ptr:0x7ffe5ce00000
:3:rocvirtual.cpp           :778 : 1568609823430 us:  Arg0: void* buf = ptr:0x7ffe5ce00000 obj:[0x7ffe5ce00000-0x7ffe61c20000]
:3:rocvirtual.cpp           :762 : 1568609823610 us:  Arg1: uchar* pattern = ptr:0x7ffec5600000
:3:rocvirtual.cpp           :853 : 1568609823745 us:  Arg2: uint pattern_size = val:1
:3:rocvirtual.cpp           :853 : 1568609823921 us:  Arg3: uint alignment = val:16
:3:rocvirtual.cpp           :853 : 1568609824056 us:  Arg4: ulong end_ptr = val:140730538524672
:3:rocvirtual.cpp           :853 : 1568609824246 us:  Arg5: uint next_chunk = val:28160
:3:rocvirtual.cpp           :3236: 1568609824389 us:  ShaderName : __amd_rocclr_fillBufferAligned
:3:rocvirtual.cpp           :3449: 1568609824567 us:  KernargSegmentByteSize = 296 KernargSegmentAlignment = 128
:3:hip_memory.cpp           :3477: 1568609824692 us:  hipMemset: Returned hipSuccess : 
:3:hip_device_runtime.cpp   :641 : 1568609824843 us:  [32m hipDeviceSynchronize (  ) [0m
:3:rocvirtual.cpp           :533 : 1568609824943 us:  Set Handler: handle(0x7fffd89fc100), timestamp(0xeff0d0)
:3:rocvirtual.hpp           :56  : 1568609825086 us:  Host active wait for Signal = (0x7fffd89fc100) for -1 ns
:3:hip_device_runtime.cpp   :645 : 1568609825205 us:  hipDeviceSynchronize: Returned hipSuccess : 
:3:hip_platform.cpp         :237 : 1568609825345 us:  [32m __hipPushCallConfiguration ( {8,1,1}, {1024,1,1}, 0, stream:<null> ) [0m
:3:hip_platform.cpp         :241 : 1568609825527 us:  __hipPushCallConfiguration: Returned hipSuccess : 
:3:hip_platform.cpp         :246 : 1568609825596 us:  [32m __hipPopCallConfiguration ( {3964667986,32767,1024}, {2118224,0,4294925520}, 0x7fffffff5a20, 0x7fffffff5a18 ) [0m
:3:hip_platform.cpp         :255 : 1568609825775 us:  __hipPopCallConfiguration: Returned hipSuccess : 
:3:hip_module.cpp           :744 : 1568609825858 us:  [32m hipLaunchKernel ( 0x200fe0, {8,1,1}, {1024,1,1}, 0x7fffffff59d0, 0, stream:<null> ) [0m
:3:rocvirtual.cpp           :762 : 1568609826004 us:  Arg0:   = ptr:0x7ffe62000000
:3:rocvirtual.cpp           :778 : 1568609826075 us:  Arg0:   = ptr:0x7ffe62000000 obj:[0x7ffe62000000-0x7ffe66e20000]
:3:rocvirtual.cpp           :762 : 1568609826168 us:  Arg1:   = ptr:0x7ffec4a27000
:3:rocvirtual.cpp           :778 : 1568609826242 us:  Arg1:   = ptr:0x7ffec4a27000 obj:[0x7ffec4a27000-0x7ffec4a37000]
:3:rocvirtual.cpp           :762 : 1568609826314 us:  Arg2:   = ptr:0x7ffe5ce00000
:3:rocvirtual.cpp           :778 : 1568609826418 us:  Arg2:   = ptr:0x7ffe5ce00000 obj:[0x7ffe5ce00000-0x7ffe61c20000]
:3:rocvirtual.cpp           :853 : 1568609826503 us:  Arg3:   = val:2048
:3:rocvirtual.cpp           :762 : 1568609826581 us:  Arg4:   = ptr:0x7ffec4a00000
:3:rocvirtual.cpp           :778 : 1568609826654 us:  Arg4:   = ptr:0x7ffec4a00000 obj:[0x7ffec4a00000-0x7ffec4a00024]
:3:rocvirtual.cpp           :3236: 1568609826719 us:  ShaderName : void dense_esuhm<float>(float const*, float const*, float*, int, int const*)
:3:rocvirtual.cpp           :3449: 1568609826859 us:  KernargSegmentByteSize = 296 KernargSegmentAlignment = 128
:3:hip_module.cpp           :745 : 1568609826971 us:  hipLaunchKernel: Returned hipSuccess : : duration: 1113 us
:3:hip_device_runtime.cpp   :641 : 1568609827090 us:  [32m hipDeviceSynchronize (  ) [0m
:3:rocvirtual.cpp           :533 : 1568609827164 us:  Set Handler: handle(0x7fffd89fc200), timestamp(0xd83af0)
:3:rocvirtual.hpp           :56  : 1568609827229 us:  Host active wait for Signal = (0x7fffd89fc200) for -1 ns
:3:hip_device_runtime.cpp   :645 : 1568609827300 us:  hipDeviceSynchronize: Returned hipSuccess : 
:3:hip_memory.cpp           :795 : 1568609827370 us:  [32m hipMemcpy ( 0x7ffe7c1df010, 0x7ffe5ce00000, 81920000, hipMemcpyDeviceToHost ) [0m
:3:rocvirtual.hpp           :56  : 1568609827544 us:  Host active wait for Signal = (0x7fffd89fdd80) for -1 ns
:3:rocvirtual.cpp           :226 : 1568609825097 us:  Handler: value(0), timestamp(0xefefa0), handle(0x7fffd89fc100)
:3:rocvirtual.cpp           :226 : 1568609827809 us:  Handler: value(0), timestamp(0xdce840), handle(0x7fffd89fc200)
:3:rocvirtual.hpp           :56  : 1568609828822 us:  Host active wait for Signal = (0x7fffd89fdc80) for -1 ns
:3:rocvirtual.hpp           :56  : 1568609830097 us:  Host active wait for Signal = (0x7fffd89fdc00) for -1 ns
:3:rocvirtual.cpp           :533 : 1568609830668 us:  Set Handler: handle(0x7fffd89fc080), timestamp(0xd0b070)
:3:rocvirtual.hpp           :56  : 1568609830744 us:  Host active wait for Signal = (0x7fffd89fc080) for -1 ns
:3:hip_memory.cpp           :796 : 1568609830826 us:  hipMemcpy: Returned hipSuccess : : duration: 3456 us
:3:hip_memory.cpp           :3476: 1568609830916 us:  [32m hipMemset ( 0x7ffe5ce00000, 0, 81920000 ) [0m
:3:rocvirtual.cpp           :762 : 1568609831000 us:  Arg0: void* buf = ptr:0x7ffe5ce00000
:3:rocvirtual.cpp           :778 : 1568609831084 us:  Arg0: void* buf = ptr:0x7ffe5ce00000 obj:[0x7ffe5ce00000-0x7ffe61c20000]
:3:rocvirtual.cpp           :762 : 1568609831169 us:  Arg1: uchar* pattern = ptr:0x7ffec5600000
:3:rocvirtual.cpp           :853 : 1568609831242 us:  Arg2: uint pattern_size = val:1
:3:rocvirtual.cpp           :853 : 1568609831317 us:  Arg3: uint alignment = val:16
:3:rocvirtual.cpp           :853 : 1568609831394 us:  Arg4: ulong end_ptr = val:140730538524672
:3:rocvirtual.cpp           :853 : 1568609831467 us:  Arg5: uint next_chunk = val:28160
:3:rocvirtual.cpp           :3236: 1568609831532 us:  ShaderName : __amd_rocclr_fillBufferAligned
:3:rocvirtual.cpp           :3449: 1568609831610 us:  KernargSegmentByteSize = 296 KernargSegmentAlignment = 128
:3:hip_memory.cpp           :3477: 1568609831683 us:  hipMemset: Returned hipSuccess : 
:3:hip_device_runtime.cpp   :641 : 1568609831765 us:  [32m hipDeviceSynchronize (  ) [0m
:3:rocvirtual.cpp           :533 : 1568609831840 us:  Set Handler: handle(0x7fffd89fc000), timestamp(0x977180)
:3:rocvirtual.hpp           :56  : 1568609831921 us:  Host active wait for Signal = (0x7fffd89fc000) for -1 ns
:3:hip_device_runtime.cpp   :645 : 1568609831988 us:  hipDeviceSynchronize: Returned hipSuccess : 
:3:hip_platform.cpp         :237 : 1568609832075 us:  [32m __hipPushCallConfiguration ( {8,1,1}, {1024,1,1}, 0, stream:<null> ) [0m
:3:hip_platform.cpp         :241 : 1568609832225 us:  __hipPushCallConfiguration: Returned hipSuccess : 
:3:hip_platform.cpp         :246 : 1568609832290 us:  [32m __hipPopCallConfiguration ( {3964667986,32767,1024}, {2118224,0,4294925520}, 0x7fffffff5a20, 0x7fffffff5a18 ) [0m
:3:hip_platform.cpp         :255 : 1568609832422 us:  __hipPopCallConfiguration: Returned hipSuccess : 
:3:hip_module.cpp           :744 : 1568609832500 us:  [32m hipLaunchKernel ( 0x200fe8, {8,1,1}, {1024,1,1}, 0x7fffffff59d0, 0, stream:<null> ) [0m
:3:rocvirtual.cpp           :762 : 1568609832644 us:  Arg0:   = ptr:0x7ffe62000000
:3:rocvirtual.cpp           :778 : 1568609832709 us:  Arg0:   = ptr:0x7ffe62000000 obj:[0x7ffe62000000-0x7ffe66e20000]
:3:rocvirtual.cpp           :762 : 1568609832789 us:  Arg1:   = ptr:0x7ffec4a27000
:3:rocvirtual.cpp           :778 : 1568609832859 us:  Arg1:   = ptr:0x7ffec4a27000 obj:[0x7ffec4a27000-0x7ffec4a37000]
:3:rocvirtual.cpp           :762 : 1568609832929 us:  Arg2:   = ptr:0x7ffe5ce00000
:3:rocvirtual.cpp           :778 : 1568609833002 us:  Arg2:   = ptr:0x7ffe5ce00000 obj:[0x7ffe5ce00000-0x7ffe61c20000]
:3:rocvirtual.cpp           :853 : 1568609833072 us:  Arg3:   = val:2048
:3:rocvirtual.cpp           :762 : 1568609833148 us:  Arg4:   = ptr:0x7ffec4a00000
:3:rocvirtual.cpp           :778 : 1568609833219 us:  Arg4:   = ptr:0x7ffec4a00000 obj:[0x7ffec4a00000-0x7ffec4a00024]
:3:rocvirtual.cpp           :3236: 1568609833283 us:  ShaderName : void dense_esuhm2<float>(float const*, float const*, float*, int, int const*)
:3:rocvirtual.cpp           :3449: 1568609833419 us:  KernargSegmentByteSize = 296 KernargSegmentAlignment = 128
:3:hip_module.cpp           :745 : 1568609833497 us:  hipLaunchKernel: Returned hipSuccess : : duration: 997 us
:3:hip_device_runtime.cpp   :641 : 1568609833603 us:  [32m hipDeviceSynchronize (  ) [0m
:3:rocvirtual.cpp           :533 : 1568609833696 us:  Set Handler: handle(0x7fffd89fc280), timestamp(0xdce910)
:3:rocvirtual.hpp           :56  : 1568609833765 us:  Host active wait for Signal = (0x7fffd89fc280) for -1 ns
:3:hip_device_runtime.cpp   :645 : 1568609833834 us:  hipDeviceSynchronize: Returned hipSuccess : 
:3:rocvirtual.cpp           :226 : 1568609830757 us:  Handler: value(0), timestamp(0xd837b0), handle(0x7fffd89fc080)
:3:hip_memory.cpp           :795 : 1568609833907 us:  [32m hipMemcpy ( 0x7ffe773be010, 0x7ffe5ce00000, 81920000, hipMemcpyDeviceToHost ) [0m
:3:rocvirtual.cpp           :226 : 1568609834007 us:  Handler: value(0), timestamp(0x732010), handle(0x7fffd89fc000)
:3:rocvirtual.cpp           :226 : 1568609834238 us:  Handler: value(0), timestamp(0xe0a9f0), handle(0x7fffd89fc280)
:3:rocvirtual.hpp           :56  : 1568609834169 us:  Host active wait for Signal = (0x7fffd89fda80) for -1 ns
:3:rocvirtual.hpp           :56  : 1568609835447 us:  Host active wait for Signal = (0x7fffd89fdb80) for -1 ns
:3:rocvirtual.hpp           :56  : 1568609836724 us:  Host active wait for Signal = (0x7fffd89fe200) for -1 ns
:3:rocvirtual.cpp           :533 : 1568609837293 us:  Set Handler: handle(0x7fffd89fbe00), timestamp(0xdcec20)
:3:rocvirtual.hpp           :56  : 1568609837388 us:  Host active wait for Signal = (0x7fffd89fbe00) for -1 ns
:3:hip_memory.cpp           :796 : 1568609837480 us:  hipMemcpy: Returned hipSuccess : : duration: 3573 us
:3:hip_memory.cpp           :3476: 1568609837567 us:  [32m hipMemset ( 0x7ffe5ce00000, 0, 81920000 ) [0m
:3:rocvirtual.cpp           :762 : 1568609837684 us:  Arg0: void* buf = ptr:0x7ffe5ce00000
:3:rocvirtual.cpp           :778 : 1568609837757 us:  Arg0: void* buf = ptr:0x7ffe5ce00000 obj:[0x7ffe5ce00000-0x7ffe61c20000]
:3:rocvirtual.cpp           :762 : 1568609837833 us:  Arg1: uchar* pattern = ptr:0x7ffec5600000
:3:rocvirtual.cpp           :853 : 1568609837908 us:  Arg2: uint pattern_size = val:1
:3:rocvirtual.cpp           :853 : 1568609837982 us:  Arg3: uint alignment = val:16
:3:rocvirtual.cpp           :853 : 1568609838056 us:  Arg4: ulong end_ptr = val:140730538524672
:3:rocvirtual.cpp           :853 : 1568609838149 us:  Arg5: uint next_chunk = val:28160
:3:rocvirtual.cpp           :3236: 1568609838233 us:  ShaderName : __amd_rocclr_fillBufferAligned
:3:rocvirtual.cpp           :3449: 1568609838309 us:  KernargSegmentByteSize = 296 KernargSegmentAlignment = 128
:3:hip_memory.cpp           :3477: 1568609838386 us:  hipMemset: Returned hipSuccess : 
:3:hip_device_runtime.cpp   :641 : 1568609838450 us:  [32m hipDeviceSynchronize (  ) [0m
:3:rocvirtual.cpp           :533 : 1568609838525 us:  Set Handler: handle(0x7fffd89fbe80), timestamp(0xc93900)
:3:rocvirtual.hpp           :56  : 1568609838591 us:  Host active wait for Signal = (0x7fffd89fbe80) for -1 ns
:3:hip_device_runtime.cpp   :645 : 1568609838668 us:  hipDeviceSynchronize: Returned hipSuccess : 
:3:hip_platform.cpp         :237 : 1568609838753 us:  [32m __hipPushCallConfiguration ( {8,1,1}, {1024,1,1}, 0, stream:<null> ) [0m
:3:hip_platform.cpp         :241 : 1568609838906 us:  __hipPushCallConfiguration: Returned hipSuccess : 
:3:hip_platform.cpp         :246 : 1568609838978 us:  [32m __hipPopCallConfiguration ( {3964667986,32767,1024}, {2118224,0,4294925520}, 0x7fffffff5a20, 0x7fffffff5a18 ) [0m
:3:hip_platform.cpp         :255 : 1568609839127 us:  __hipPopCallConfiguration: Returned hipSuccess : 
:3:hip_module.cpp           :744 : 1568609839199 us:  [32m hipLaunchKernel ( 0x200ff0, {8,1,1}, {1024,1,1}, 0x7fffffff59d0, 0, stream:<null> ) [0m
:3:rocvirtual.cpp           :762 : 1568609839360 us:  Arg0:   = ptr:0x7ffe62000000
:3:rocvirtual.cpp           :778 : 1568609839451 us:  Arg0:   = ptr:0x7ffe62000000 obj:[0x7ffe62000000-0x7ffe66e20000]
:3:rocvirtual.cpp           :762 : 1568609839523 us:  Arg1:   = ptr:0x7ffec4a27000
:3:rocvirtual.cpp           :778 : 1568609839606 us:  Arg1:   = ptr:0x7ffec4a27000 obj:[0x7ffec4a27000-0x7ffec4a37000]
:3:rocvirtual.cpp           :762 : 1568609839683 us:  Arg2:   = ptr:0x7ffe5ce00000
:3:rocvirtual.cpp           :778 : 1568609839764 us:  Arg2:   = ptr:0x7ffe5ce00000 obj:[0x7ffe5ce00000-0x7ffe61c20000]
:3:rocvirtual.cpp           :853 : 1568609839834 us:  Arg3:   = val:2048
:3:rocvirtual.cpp           :762 : 1568609839912 us:  Arg4:   = ptr:0x7ffec4a00000
:3:rocvirtual.cpp           :778 : 1568609839976 us:  Arg4:   = ptr:0x7ffec4a00000 obj:[0x7ffec4a00000-0x7ffec4a00024]
:3:rocvirtual.cpp           :3236: 1568609840049 us:  ShaderName : void dense_esuhm3<float>(float const*, float const*, float*, int, int const*)
:3:rocvirtual.cpp           :3449: 1568609840204 us:  KernargSegmentByteSize = 296 KernargSegmentAlignment = 128
:3:hip_module.cpp           :745 : 1568609840274 us:  hipLaunchKernel: Returned hipSuccess : : duration: 1075 us
:3:hip_device_runtime.cpp   :641 : 1568609840347 us:  [32m hipDeviceSynchronize (  ) [0m
:3:rocvirtual.cpp           :226 : 1568609837763 us:  Handler: value(0), timestamp(0x6e97a0), handle(0x7fffd89fbe00)
:3:rocvirtual.cpp           :533 : 1568609840436 us:  Set Handler: handle(0x7fffd89fbf00), timestamp(0xd0af40)
:3:rocvirtual.hpp           :56  : 1568609840598 us:  Host active wait for Signal = (0x7fffd89fbf00) for -1 ns
:3:hip_device_runtime.cpp   :645 : 1568609840678 us:  hipDeviceSynchronize: Returned hipSuccess : 
:3:rocvirtual.cpp           :226 : 1568609840532 us:  Handler: value(0), timestamp(0xc93830), handle(0x7fffd89fbe80)
:3:rocvirtual.cpp           :226 : 1568609840844 us:  Handler: value(0), timestamp(0xe0a9f0), handle(0x7fffd89fbf00)
:3:hip_memory.cpp           :795 : 1568609840760 us:  [32m hipMemcpy ( 0x7ffe7259d010, 0x7ffe5ce00000, 81920000, hipMemcpyDeviceToHost ) [0m
:3:rocvirtual.hpp           :56  : 1568609841077 us:  Host active wait for Signal = (0x7fffd89fd880) for -1 ns
:3:rocvirtual.hpp           :56  : 1568609842354 us:  Host active wait for Signal = (0x7fffd89ff780) for -1 ns
:3:rocvirtual.hpp           :56  : 1568609843630 us:  Host active wait for Signal = (0x7fffd89ff800) for -1 ns
:3:rocvirtual.cpp           :533 : 1568609844199 us:  Set Handler: handle(0x7fffd89fd700), timestamp(0xe22dd0)
:3:rocvirtual.hpp           :56  : 1568609844274 us:  Host active wait for Signal = (0x7fffd89fd700) for -1 ns
:3:hip_memory.cpp           :796 : 1568609844362 us:  hipMemcpy: Returned hipSuccess : : duration: 3602 us
:3:rocvirtual.cpp           :226 : 1568609844666 us:  Handler: value(0), timestamp(0x9770d0), handle(0x7fffd89fd700)
:3:hip_memory.cpp           :772 : 1568609892689 us:  [32m hipFree ( 0x7ffe62000000 ) [0m
:3:rocdevice.cpp            :2411: 1568609892921 us:  Device=0x6e3170, freeMem_ = 0xffa1cffdc
:3:hip_memory.cpp           :774 : 1568609893063 us:  hipFree: Returned hipSuccess : 
:3:hip_memory.cpp           :772 : 1568609893161 us:  [32m hipFree ( 0x7ffec4a27000 ) [0m
:3:rocdevice.cpp            :2411: 1568609893255 us:  Device=0x6e3170, freeMem_ = 0xffa1dffdc
:3:hip_memory.cpp           :774 : 1568609893393 us:  hipFree: Returned hipSuccess : 
:3:hip_memory.cpp           :772 : 1568609893494 us:  [32m hipFree ( 0x7ffe5ce00000 ) [0m
:3:rocdevice.cpp            :2411: 1568609893634 us:  Device=0x6e3170, freeMem_ = 0xffeffffdc
:3:hip_memory.cpp           :774 : 1568609893760 us:  hipFree: Returned hipSuccess : 
:3:hip_memory.cpp           :772 : 1568609893881 us:  [32m hipFree ( 0x7ffec4a00000 ) [0m
:3:rocdevice.cpp            :2411: 1568609893968 us:  Device=0x6e3170, freeMem_ = 0xfff000000
:3:hip_memory.cpp           :774 : 1568609894036 us:  hipFree: Returned hipSuccess : 
:3:hip_memory.cpp           :756 : 1568627524445 us:  [32m hipMalloc ( 0x7fffffff5c00, 491520000 ) [0m
:3:rocdevice.cpp            :2411: 1568627525642 us:  Device=0x6e3170, freeMem_ = 0xfe1b40000
:3:hip_memory.cpp           :758 : 1568627526436 us:  hipMalloc: Returned hipSuccess : 0x7ffdbc200000: duration: 1991 us
:3:hip_memory.cpp           :795 : 1568627526604 us:  [32m hipMemcpy ( 0x7ffdbc200000, 0x7ffe4eb3f010, 491520000, hipMemcpyHostToDevice ) [0m
:3:rocvirtual.hpp           :56  : 1568627527162 us:  Host active wait for Signal = (0x7fffd89ff680) for -1 ns
:3:rocvirtual.hpp           :56  : 1568627528792 us:  Host active wait for Signal = (0x7fffd89ff480) for -1 ns
:3:rocvirtual.hpp           :56  : 1568627530386 us:  Host active wait for Signal = (0x7fffd89fd900) for -1 ns
:3:rocvirtual.hpp           :56  : 1568627531969 us:  Host active wait for Signal = (0x7fffd89fe280) for -1 ns
:3:rocvirtual.hpp           :56  : 1568627533548 us:  Host active wait for Signal = (0x7fffd89fe300) for -1 ns
:3:rocvirtual.hpp           :56  : 1568627535131 us:  Host active wait for Signal = (0x7fffd89fe400) for -1 ns
:3:rocvirtual.hpp           :56  : 1568627536713 us:  Host active wait for Signal = (0x7fffd89ff380) for -1 ns
:3:rocvirtual.hpp           :56  : 1568627538298 us:  Host active wait for Signal = (0x7fffd89ff180) for -1 ns
:3:rocvirtual.hpp           :56  : 1568627539872 us:  Host active wait for Signal = (0x7fffd89fd980) for -1 ns
:3:rocvirtual.hpp           :56  : 1568627541455 us:  Host active wait for Signal = (0x7fffd89fe480) for -1 ns
:3:rocvirtual.hpp           :56  : 1568627543033 us:  Host active wait for Signal = (0x7fffd89fe500) for -1 ns
:3:rocvirtual.hpp           :56  : 1568627544617 us:  Host active wait for Signal = (0x7fffd89fe600) for -1 ns
:3:rocvirtual.hpp           :56  : 1568627546199 us:  Host active wait for Signal = (0x7fffd89fef80) for -1 ns
:3:rocvirtual.hpp           :56  : 1568627547781 us:  Host active wait for Signal = (0x7fffd89fda00) for -1 ns
:3:rocvirtual.hpp           :56  : 1568627549268 us:  Host active wait for Signal = (0x7fffd89fdb00) for -1 ns
:3:rocvirtual.cpp           :533 : 1568627550145 us:  Set Handler: handle(0x7fffd89fcd00), timestamp(0xe280e0)
:3:rocvirtual.hpp           :56  : 1568627550306 us:  Host active wait for Signal = (0x7fffd89fcd00) for -1 ns
:3:hip_memory.cpp           :796 : 1568627550502 us:  hipMemcpy: Returned hipSuccess : : duration: 23898 us
:3:hip_memory.cpp           :756 : 1568627550619 us:  [32m hipMalloc ( 0x7fffffff5bf8, 393216 ) [0m
:3:rocdevice.cpp            :2411: 1568627550755 us:  Device=0x6e3170, freeMem_ = 0xfe1ae0000
:3:hip_memory.cpp           :758 : 1568627550930 us:  hipMalloc: Returned hipSuccess : 0x7ffec4a27000: duration: 311 us
:3:hip_memory.cpp           :795 : 1568627551135 us:  [32m hipMemcpy ( 0x7ffec4a27000, 0xe840b0, 393216, hipMemcpyHostToDevice ) [0m
:3:rocvirtual.cpp           :226 : 1568627550322 us:  Handler: value(0), timestamp(0xf0fb70), handle(0x7fffd89fcd00)
:3:rocvirtual.cpp           :533 : 1568627551395 us:  Set Handler: handle(0x7fffd89fcc00), timestamp(0xe27c10)
:3:rocvirtual.hpp           :56  : 1568627551627 us:  Host active wait for Signal = (0x7fffd89fcc00) for -1 ns
:3:hip_memory.cpp           :796 : 1568627551716 us:  hipMemcpy: Returned hipSuccess : : duration: 581 us
:3:hip_memory.cpp           :756 : 1568627551844 us:  [32m hipMalloc ( 0x7fffffff5bf0, 491520000 ) [0m
:3:rocvirtual.cpp           :226 : 1568627551635 us:  Handler: value(0), timestamp(0x73bfa0), handle(0x7fffd89fcc00)
:3:rocdevice.cpp            :2411: 1568627552005 us:  Device=0x6e3170, freeMem_ = 0xfc4620000
:3:hip_memory.cpp           :758 : 1568627552297 us:  hipMalloc: Returned hipSuccess : 0x7ffd9ea00000: duration: 453 us
:3:hip_memory.cpp           :756 : 1568627552403 us:  [32m hipMalloc ( 0x7fffffff5be8, 36 ) [0m
:3:rocdevice.cpp            :2411: 1568627552489 us:  Device=0x6e3170, freeMem_ = 0xfc461ffdc
:3:hip_memory.cpp           :758 : 1568627552613 us:  hipMalloc: Returned hipSuccess : 0x7ffec4a00000: duration: 210 us
:3:hip_memory.cpp           :795 : 1568627552705 us:  [32m hipMemcpy ( 0x7ffec4a00000, 0x28ddc0, 36, hipMemcpyHostToDevice ) [0m
:3:rocvirtual.cpp           :762 : 1568627552895 us:  Arg0: uchar* src = ptr:0x7ffec5076200
:3:rocvirtual.cpp           :762 : 1568627552989 us:  Arg1: uchar* dst = ptr:0x7ffec4a00000
:3:rocvirtual.cpp           :853 : 1568627553067 us:  Arg2: ulong size = val:36
:3:rocvirtual.cpp           :853 : 1568627553138 us:  Arg3: uint remainder = val:4
:3:rocvirtual.cpp           :853 : 1568627553221 us:  Arg4: uint aligned_size = val:16
:3:rocvirtual.cpp           :853 : 1568627553295 us:  Arg5: ulong end_ptr = val:140732197240864
:3:rocvirtual.cpp           :853 : 1568627553387 us:  Arg6: uint next_chunk = val:512
:3:rocvirtual.cpp           :3236: 1568627553501 us:  ShaderName : __amd_rocclr_copyBuffer
:3:rocvirtual.cpp           :3449: 1568627553603 us:  KernargSegmentByteSize = 304 KernargSegmentAlignment = 128
:3:rocvirtual.cpp           :533 : 1568627553688 us:  Set Handler: handle(0x7fffd89fcc80), timestamp(0xf3a7e0)
:3:rocvirtual.hpp           :56  : 1568627553763 us:  Host active wait for Signal = (0x7fffd89fcc80) for -1 ns
:3:hip_memory.cpp           :796 : 1568627553842 us:  hipMemcpy: Returned hipSuccess : : duration: 1137 us
:3:hip_memory.cpp           :3476: 1568627553928 us:  [32m hipMemset ( 0x7ffd9ea00000, 0, 491520000 ) [0m
:3:rocvirtual.cpp           :762 : 1568627554030 us:  Arg0: void* buf = ptr:0x7ffd9ea00000
:3:rocvirtual.cpp           :778 : 1568627554137 us:  Arg0: void* buf = ptr:0x7ffd9ea00000 obj:[0x7ffd9ea00000-0x7ffdbbec0000]
:3:rocvirtual.cpp           :762 : 1568627554229 us:  Arg1: uchar* pattern = ptr:0x7ffec5600200
:3:rocvirtual.cpp           :853 : 1568627554299 us:  Arg2: uint pattern_size = val:1
:3:rocvirtual.cpp           :853 : 1568627554374 us:  Arg3: uint alignment = val:16
:3:rocvirtual.cpp           :853 : 1568627554438 us:  Arg4: ulong end_ptr = val:140727756259328
:3:rocvirtual.cpp           :853 : 1568627554563 us:  Arg5: uint next_chunk = val:28160
:3:rocvirtual.cpp           :3236: 1568627554650 us:  ShaderName : __amd_rocclr_fillBufferAligned
:3:rocvirtual.cpp           :3449: 1568627554750 us:  KernargSegmentByteSize = 296 KernargSegmentAlignment = 128
:3:hip_memory.cpp           :3477: 1568627554830 us:  hipMemset: Returned hipSuccess : 
:3:hip_device_runtime.cpp   :641 : 1568627554911 us:  [32m hipDeviceSynchronize (  ) [0m
:3:rocvirtual.cpp           :533 : 1568627554983 us:  Set Handler: handle(0x7fffd89fcf80), timestamp(0xe1afa0)
:3:rocvirtual.hpp           :56  : 1568627555074 us:  Host active wait for Signal = (0x7fffd89fcf80) for -1 ns
:3:rocvirtual.cpp           :226 : 1568627553773 us:  Handler: value(0), timestamp(0xef44f0), handle(0x7fffd89fcc80)
:3:hip_device_runtime.cpp   :645 : 1568627555285 us:  hipDeviceSynchronize: Returned hipSuccess : 
:3:hip_platform.cpp         :237 : 1568627555355 us:  [32m __hipPushCallConfiguration ( {8,1,1}, {128,1,1}, 0, stream:<null> ) [0m
:3:hip_platform.cpp         :241 : 1568627555517 us:  __hipPushCallConfiguration: Returned hipSuccess : 
:3:hip_platform.cpp         :246 : 1568627555607 us:  [32m __hipPopCallConfiguration ( {3964667986,32767,128}, {2118224,0,4294925520}, 0x7fffffff5a20, 0x7fffffff5a18 ) [0m
:3:hip_platform.cpp         :255 : 1568627555809 us:  __hipPopCallConfiguration: Returned hipSuccess : 
:3:hip_module.cpp           :744 : 1568627555919 us:  [32m hipLaunchKernel ( 0x200fe0, {8,1,1}, {128,1,1}, 0x7fffffff59d0, 0, stream:<null> ) [0m
:3:rocvirtual.cpp           :762 : 1568627556072 us:  Arg0:   = ptr:0x7ffdbc200000
:3:rocvirtual.cpp           :778 : 1568627556155 us:  Arg0:   = ptr:0x7ffdbc200000 obj:[0x7ffdbc200000-0x7ffdd96c0000]
:3:rocvirtual.cpp           :762 : 1568627556242 us:  Arg1:   = ptr:0x7ffec4a27000
:3:rocvirtual.cpp           :778 : 1568627556352 us:  Arg1:   = ptr:0x7ffec4a27000 obj:[0x7ffec4a27000-0x7ffec4a87000]
:3:rocvirtual.cpp           :762 : 1568627556423 us:  Arg2:   = ptr:0x7ffd9ea00000
:3:rocvirtual.cpp           :778 : 1568627556501 us:  Arg2:   = ptr:0x7ffd9ea00000 obj:[0x7ffd9ea00000-0x7ffdbbec0000]
:3:rocvirtual.cpp           :853 : 1568627556579 us:  Arg3:   = val:12288
:3:rocvirtual.cpp           :762 : 1568627556654 us:  Arg4:   = ptr:0x7ffec4a00000
:3:rocvirtual.cpp           :778 : 1568627556767 us:  Arg4:   = ptr:0x7ffec4a00000 obj:[0x7ffec4a00000-0x7ffec4a00024]
:3:rocvirtual.cpp           :3236: 1568627556846 us:  ShaderName : void dense_esuhm<float>(float const*, float const*, float*, int, int const*)
:3:rocvirtual.cpp           :3449: 1568627556982 us:  KernargSegmentByteSize = 296 KernargSegmentAlignment = 128
:3:hip_module.cpp           :745 : 1568627557057 us:  hipLaunchKernel: Returned hipSuccess : : duration: 1138 us
:3:hip_device_runtime.cpp   :641 : 1568627557141 us:  [32m hipDeviceSynchronize (  ) [0m
:3:rocvirtual.cpp           :226 : 1568627555286 us:  Handler: value(0), timestamp(0xe28030), handle(0x7fffd89fcf80)
:3:rocvirtual.cpp           :533 : 1568627557211 us:  Set Handler: handle(0x7fffd89fce80), timestamp(0xef4090)
:3:rocvirtual.hpp           :56  : 1568627557384 us:  Host active wait for Signal = (0x7fffd89fce80) for -1 ns
:3:hip_device_runtime.cpp   :645 : 1568627558161 us:  hipDeviceSynchronize: Returned hipSuccess : 
:3:hip_memory.cpp           :795 : 1568627558246 us:  [32m hipMemcpy ( 0x7ffe3167e010, 0x7ffd9ea00000, 491520000, hipMemcpyDeviceToHost ) [0m
:3:rocvirtual.cpp           :226 : 1568627558163 us:  Handler: value(0), timestamp(0x9eedc0), handle(0x7fffd89fce80)
:3:rocvirtual.hpp           :56  : 1568627562468 us:  Host active wait for Signal = (0x7fffd89fdd00) for -1 ns
:3:rocvirtual.hpp           :56  : 1568627567611 us:  Host active wait for Signal = (0x7fffd89feb80) for -1 ns
:3:rocvirtual.hpp           :56  : 1568627572727 us:  Host active wait for Signal = (0x7fffd89fed80) for -1 ns
:3:rocvirtual.hpp           :56  : 1568627577885 us:  Host active wait for Signal = (0x7fffd89fe980) for -1 ns
:3:rocvirtual.hpp           :56  : 1568627583084 us:  Host active wait for Signal = (0x7fffd89fde00) for -1 ns
:3:rocvirtual.hpp           :56  : 1568627588219 us:  Host active wait for Signal = (0x7fffd89fde80) for -1 ns
:3:rocvirtual.hpp           :56  : 1568627593366 us:  Host active wait for Signal = (0x7fffd89fe700) for -1 ns
:3:rocvirtual.hpp           :56  : 1568627598510 us:  Host active wait for Signal = (0x7fffd89fe800) for -1 ns
:3:rocvirtual.hpp           :56  : 1568627603657 us:  Host active wait for Signal = (0x7fffd89fe880) for -1 ns
:3:rocvirtual.hpp           :56  : 1568627608703 us:  Host active wait for Signal = (0x7fffd89fe780) for -1 ns
:3:rocvirtual.hpp           :56  : 1568627613759 us:  Host active wait for Signal = (0x7fffd89fe580) for -1 ns
:3:rocvirtual.hpp           :56  : 1568627618827 us:  Host active wait for Signal = (0x7fffd89fdf00) for -1 ns
:3:rocvirtual.hpp           :56  : 1568627623911 us:  Host active wait for Signal = (0x7fffd89fe900) for -1 ns
:3:rocvirtual.hpp           :56  : 1568627629043 us:  Host active wait for Signal = (0x7fffd89fea00) for -1 ns
:3:rocvirtual.hpp           :56  : 1568627632744 us:  Host active wait for Signal = (0x7fffd89fea80) for -1 ns
:3:rocvirtual.cpp           :533 : 1568627633578 us:  Set Handler: handle(0x7fffd89fc680), timestamp(0xe0ad70)
:3:rocvirtual.hpp           :56  : 1568627633772 us:  Host active wait for Signal = (0x7fffd89fc680) for -1 ns
:3:hip_memory.cpp           :796 : 1568627633910 us:  hipMemcpy: Returned hipSuccess : : duration: 75664 us
:3:hip_memory.cpp           :3476: 1568627634096 us:  [32m hipMemset ( 0x7ffd9ea00000, 0, 491520000 ) [0m
:3:rocvirtual.cpp           :762 : 1568627634246 us:  Arg0: void* buf = ptr:0x7ffd9ea00000
:3:rocvirtual.cpp           :778 : 1568627634383 us:  Arg0: void* buf = ptr:0x7ffd9ea00000 obj:[0x7ffd9ea00000-0x7ffdbbec0000]
:3:rocvirtual.cpp           :762 : 1568627634511 us:  Arg1: uchar* pattern = ptr:0x7ffec5600000
:3:rocvirtual.cpp           :853 : 1568627634611 us:  Arg2: uint pattern_size = val:1
:3:rocvirtual.cpp           :853 : 1568627634685 us:  Arg3: uint alignment = val:16
:3:rocvirtual.cpp           :853 : 1568627634761 us:  Arg4: ulong end_ptr = val:140727756259328
:3:rocvirtual.cpp           :853 : 1568627634826 us:  Arg5: uint next_chunk = val:28160
:3:rocvirtual.cpp           :3236: 1568627634995 us:  ShaderName : __amd_rocclr_fillBufferAligned
:3:rocvirtual.cpp           :3449: 1568627635087 us:  KernargSegmentByteSize = 296 KernargSegmentAlignment = 128
:3:hip_memory.cpp           :3477: 1568627635209 us:  hipMemset: Returned hipSuccess : 
:3:hip_device_runtime.cpp   :641 : 1568627635318 us:  [32m hipDeviceSynchronize (  ) [0m
:3:rocvirtual.cpp           :226 : 1568627633788 us:  Handler: value(0), timestamp(0xf0fbe0), handle(0x7fffd89fc680)
:3:rocvirtual.cpp           :533 : 1568627635407 us:  Set Handler: handle(0x7fffd89fc580), timestamp(0xd835e0)
:3:rocvirtual.hpp           :56  : 1568627635652 us:  Host active wait for Signal = (0x7fffd89fc580) for -1 ns
:3:hip_device_runtime.cpp   :645 : 1568627635781 us:  hipDeviceSynchronize: Returned hipSuccess : 
:3:hip_platform.cpp         :237 : 1568627635904 us:  [32m __hipPushCallConfiguration ( {8,1,1}, {128,1,1}, 0, stream:<null> ) [0m
:3:hip_platform.cpp         :241 : 1568627636089 us:  __hipPushCallConfiguration: Returned hipSuccess : 
:3:hip_platform.cpp         :246 : 1568627636198 us:  [32m __hipPopCallConfiguration ( {3964667986,32767,128}, {2118224,0,4294925520}, 0x7fffffff5a20, 0x7fffffff5a18 ) [0m
:3:hip_platform.cpp         :255 : 1568627636408 us:  __hipPopCallConfiguration: Returned hipSuccess : 
:3:hip_module.cpp           :744 : 1568627636540 us:  [32m hipLaunchKernel ( 0x200fe8, {8,1,1}, {128,1,1}, 0x7fffffff59d0, 0, stream:<null> ) [0m
:3:rocvirtual.cpp           :762 : 1568627636744 us:  Arg0:   = ptr:0x7ffdbc200000
:3:rocvirtual.cpp           :778 : 1568627636829 us:  Arg0:   = ptr:0x7ffdbc200000 obj:[0x7ffdbc200000-0x7ffdd96c0000]
:3:rocvirtual.cpp           :762 : 1568627636910 us:  Arg1:   = ptr:0x7ffec4a27000
:3:rocvirtual.cpp           :778 : 1568627636977 us:  Arg1:   = ptr:0x7ffec4a27000 obj:[0x7ffec4a27000-0x7ffec4a87000]
:3:rocvirtual.cpp           :762 : 1568627637084 us:  Arg2:   = ptr:0x7ffd9ea00000
:3:rocvirtual.cpp           :778 : 1568627637159 us:  Arg2:   = ptr:0x7ffd9ea00000 obj:[0x7ffd9ea00000-0x7ffdbbec0000]
:3:rocvirtual.cpp           :853 : 1568627637251 us:  Arg3:   = val:12288
:3:rocvirtual.cpp           :762 : 1568627637334 us:  Arg4:   = ptr:0x7ffec4a00000
:3:rocvirtual.cpp           :778 : 1568627637441 us:  Arg4:   = ptr:0x7ffec4a00000 obj:[0x7ffec4a00000-0x7ffec4a00024]
:3:rocvirtual.cpp           :3236: 1568627637550 us:  ShaderName : void dense_esuhm2<float>(float const*, float const*, float*, int, int const*)
:3:rocvirtual.cpp           :3449: 1568627637700 us:  KernargSegmentByteSize = 296 KernargSegmentAlignment = 128
:3:hip_module.cpp           :745 : 1568627637775 us:  hipLaunchKernel: Returned hipSuccess : : duration: 1235 us
:3:hip_device_runtime.cpp   :641 : 1568627637856 us:  [32m hipDeviceSynchronize (  ) [0m
:3:rocvirtual.cpp           :533 : 1568627637949 us:  Set Handler: handle(0x7fffd89fc600), timestamp(0xe0aca0)
:3:rocvirtual.hpp           :56  : 1568627638032 us:  Host active wait for Signal = (0x7fffd89fc600) for -1 ns
:3:rocvirtual.cpp           :226 : 1568627635657 us:  Handler: value(0), timestamp(0xe0abf0), handle(0x7fffd89fc580)
:3:hip_device_runtime.cpp   :645 : 1568627638707 us:  hipDeviceSynchronize: Returned hipSuccess : 
:3:hip_memory.cpp           :795 : 1568627638800 us:  [32m hipMemcpy ( 0x7ffe141bd010, 0x7ffd9ea00000, 491520000, hipMemcpyDeviceToHost ) [0m
:3:rocvirtual.cpp           :226 : 1568627638708 us:  Handler: value(0), timestamp(0xe0a5b0), handle(0x7fffd89fc600)
:3:rocvirtual.hpp           :56  : 1568627642925 us:  Host active wait for Signal = (0x7fffd89fe080) for -1 ns
:3:rocvirtual.hpp           :56  : 1568627647996 us:  Host active wait for Signal = (0x7fffd89fe000) for -1 ns
:3:rocvirtual.hpp           :56  : 1568627653109 us:  Host active wait for Signal = (0x7fffd89fe380) for -1 ns
:3:rocvirtual.hpp           :56  : 1568627658204 us:  Host active wait for Signal = (0x7fffd89fe180) for -1 ns
:3:rocvirtual.hpp           :56  : 1568627663285 us:  Host active wait for Signal = (0x7fffd89fdf80) for -1 ns
:3:rocvirtual.hpp           :56  : 1568627668340 us:  Host active wait for Signal = (0x7fffd89fe100) for -1 ns
:3:rocvirtual.hpp           :56  : 1568627673427 us:  Host active wait for Signal = (0x7fffd89feb00) for -1 ns
:3:rocvirtual.hpp           :56  : 1568627678514 us:  Host active wait for Signal = (0x7fffd89fec00) for -1 ns
:3:rocvirtual.hpp           :56  : 1568627683580 us:  Host active wait for Signal = (0x7fffd89fec80) for -1 ns
:3:rocvirtual.hpp           :56  : 1568627688668 us:  Host active wait for Signal = (0x7fffd89fdd80) for -1 ns
:3:rocvirtual.hpp           :56  : 1568627693739 us:  Host active wait for Signal = (0x7fffd89fdc80) for -1 ns
:3:rocvirtual.hpp           :56  : 1568627698831 us:  Host active wait for Signal = (0x7fffd89fdc00) for -1 ns
:3:rocvirtual.hpp           :56  : 1568627703886 us:  Host active wait for Signal = (0x7fffd89fed00) for -1 ns
:3:rocvirtual.hpp           :56  : 1568627708983 us:  Host active wait for Signal = (0x7fffd89fee00) for -1 ns
:3:rocvirtual.hpp           :56  : 1568627712751 us:  Host active wait for Signal = (0x7fffd89fee80) for -1 ns
:3:rocvirtual.cpp           :533 : 1568627713586 us:  Set Handler: handle(0x7fffd89fc280), timestamp(0xdce910)
:3:rocvirtual.hpp           :56  : 1568627713750 us:  Host active wait for Signal = (0x7fffd89fc280) for -1 ns
:3:hip_memory.cpp           :796 : 1568627713891 us:  hipMemcpy: Returned hipSuccess : : duration: 75091 us
:3:hip_memory.cpp           :3476: 1568627714029 us:  [32m hipMemset ( 0x7ffd9ea00000, 0, 491520000 ) [0m
:3:rocvirtual.cpp           :762 : 1568627714189 us:  Arg0: void* buf = ptr:0x7ffd9ea00000
:3:rocvirtual.cpp           :778 : 1568627714310 us:  Arg0: void* buf = ptr:0x7ffd9ea00000 obj:[0x7ffd9ea00000-0x7ffdbbec0000]
:3:rocvirtual.cpp           :762 : 1568627714418 us:  Arg1: uchar* pattern = ptr:0x7ffec5600000
:3:rocvirtual.cpp           :853 : 1568627714522 us:  Arg2: uint pattern_size = val:1
:3:rocvirtual.cpp           :853 : 1568627714616 us:  Arg3: uint alignment = val:16
:3:rocvirtual.cpp           :853 : 1568627714684 us:  Arg4: ulong end_ptr = val:140727756259328
:3:rocvirtual.cpp           :853 : 1568627714761 us:  Arg5: uint next_chunk = val:28160
:3:rocvirtual.cpp           :3236: 1568627714827 us:  ShaderName : __amd_rocclr_fillBufferAligned
:3:rocvirtual.cpp           :3449: 1568627714995 us:  KernargSegmentByteSize = 296 KernargSegmentAlignment = 128
:3:hip_memory.cpp           :3477: 1568627715081 us:  hipMemset: Returned hipSuccess : 
:3:hip_device_runtime.cpp   :641 : 1568627715181 us:  [32m hipDeviceSynchronize (  ) [0m
:3:rocvirtual.cpp           :533 : 1568627715309 us:  Set Handler: handle(0x7fffd89fc000), timestamp(0x977180)
:3:rocvirtual.hpp           :56  : 1568627715390 us:  Host active wait for Signal = (0x7fffd89fc000) for -1 ns
:3:rocvirtual.cpp           :226 : 1568627713763 us:  Handler: value(0), timestamp(0x732010), handle(0x7fffd89fc280)
:3:hip_device_runtime.cpp   :645 : 1568627715524 us:  hipDeviceSynchronize: Returned hipSuccess : 
:3:hip_platform.cpp         :237 : 1568627715739 us:  [32m __hipPushCallConfiguration ( {8,1,1}, {128,1,1}, 0, stream:<null> ) [0m
:3:hip_platform.cpp         :241 : 1568627715923 us:  __hipPushCallConfiguration: Returned hipSuccess : 
:3:hip_platform.cpp         :246 : 1568627716043 us:  [32m __hipPopCallConfiguration ( {3964667986,32767,128}, {2118224,0,4294925520}, 0x7fffffff5a20, 0x7fffffff5a18 ) [0m
:3:hip_platform.cpp         :255 : 1568627716236 us:  __hipPopCallConfiguration: Returned hipSuccess : 
:3:hip_module.cpp           :744 : 1568627716312 us:  [32m hipLaunchKernel ( 0x200ff0, {8,1,1}, {128,1,1}, 0x7fffffff59d0, 0, stream:<null> ) [0m
:3:rocvirtual.cpp           :762 : 1568627716516 us:  Arg0:   = ptr:0x7ffdbc200000
:3:rocvirtual.cpp           :778 : 1568627716589 us:  Arg0:   = ptr:0x7ffdbc200000 obj:[0x7ffdbc200000-0x7ffdd96c0000]
:3:rocvirtual.cpp           :762 : 1568627716666 us:  Arg1:   = ptr:0x7ffec4a27000
:3:rocvirtual.cpp           :778 : 1568627716794 us:  Arg1:   = ptr:0x7ffec4a27000 obj:[0x7ffec4a27000-0x7ffec4a87000]
:3:rocvirtual.cpp           :762 : 1568627716868 us:  Arg2:   = ptr:0x7ffd9ea00000
:3:rocvirtual.cpp           :778 : 1568627716976 us:  Arg2:   = ptr:0x7ffd9ea00000 obj:[0x7ffd9ea00000-0x7ffdbbec0000]
:3:rocvirtual.cpp           :853 : 1568627717049 us:  Arg3:   = val:12288
:3:rocvirtual.cpp           :762 : 1568627717138 us:  Arg4:   = ptr:0x7ffec4a00000
:3:rocvirtual.cpp           :778 : 1568627717222 us:  Arg4:   = ptr:0x7ffec4a00000 obj:[0x7ffec4a00000-0x7ffec4a00024]
:3:rocvirtual.cpp           :3236: 1568627717329 us:  ShaderName : void dense_esuhm3<float>(float const*, float const*, float*, int, int const*)
:3:rocvirtual.cpp           :3449: 1568627717512 us:  KernargSegmentByteSize = 296 KernargSegmentAlignment = 128
:3:hip_module.cpp           :745 : 1568627717585 us:  hipLaunchKernel: Returned hipSuccess : : duration: 1273 us
:3:hip_device_runtime.cpp   :641 : 1568627717658 us:  [32m hipDeviceSynchronize (  ) [0m
:3:rocvirtual.cpp           :226 : 1568627715619 us:  Handler: value(0), timestamp(0xefefa0), handle(0x7fffd89fc000)
:3:rocvirtual.cpp           :533 : 1568627717740 us:  Set Handler: handle(0x7fffd89fc080), timestamp(0xd0b070)
:3:rocvirtual.hpp           :56  : 1568627717932 us:  Host active wait for Signal = (0x7fffd89fc080) for -1 ns
:3:hip_device_runtime.cpp   :645 : 1568627719414 us:  hipDeviceSynchronize: Returned hipSuccess : 
:3:hip_memory.cpp           :795 : 1568627719492 us:  [32m hipMemcpy ( 0x7ffdf6cfc010, 0x7ffd9ea00000, 491520000, hipMemcpyDeviceToHost ) [0m
:3:rocvirtual.cpp           :226 : 1568627719416 us:  Handler: value(0), timestamp(0xd83880), handle(0x7fffd89fc080)
:3:rocvirtual.hpp           :56  : 1568627723694 us:  Host active wait for Signal = (0x7fffd89fe200) for -1 ns
:3:rocvirtual.hpp           :56  : 1568627728765 us:  Host active wait for Signal = (0x7fffd89fdb80) for -1 ns
:3:rocvirtual.hpp           :56  : 1568627733824 us:  Host active wait for Signal = (0x7fffd89fda80) for -1 ns
:3:rocvirtual.hpp           :56  : 1568627738873 us:  Host active wait for Signal = (0x7fffd89fd880) for -1 ns
:3:rocvirtual.hpp           :56  : 1568627743937 us:  Host active wait for Signal = (0x7fffd89ff780) for -1 ns
:3:rocvirtual.hpp           :56  : 1568627749020 us:  Host active wait for Signal = (0x7fffd89ff800) for -1 ns
:3:rocvirtual.hpp           :56  : 1568627754117 us:  Host active wait for Signal = (0x7fffd89fef00) for -1 ns
:3:rocvirtual.hpp           :56  : 1568627759168 us:  Host active wait for Signal = (0x7fffd89ff680) for -1 ns
:3:rocvirtual.hpp           :56  : 1568627764242 us:  Host active wait for Signal = (0x7fffd89ff480) for -1 ns
:3:rocvirtual.hpp           :56  : 1568627769333 us:  Host active wait for Signal = (0x7fffd89fd900) for -1 ns
:3:rocvirtual.hpp           :56  : 1568627774477 us:  Host active wait for Signal = (0x7fffd89fe280) for -1 ns
:3:rocvirtual.hpp           :56  : 1568627779559 us:  Host active wait for Signal = (0x7fffd89fe300) for -1 ns
:3:rocvirtual.hpp           :56  : 1568627784652 us:  Host active wait for Signal = (0x7fffd89fe400) for -1 ns
:3:rocvirtual.hpp           :56  : 1568627789739 us:  Host active wait for Signal = (0x7fffd89ff380) for -1 ns
:3:rocvirtual.hpp           :56  : 1568627793497 us:  Host active wait for Signal = (0x7fffd89ff180) for -1 ns
:3:rocvirtual.cpp           :533 : 1568627794332 us:  Set Handler: handle(0x7fffd89fd700), timestamp(0xe22dd0)
:3:rocvirtual.hpp           :56  : 1568627794490 us:  Host active wait for Signal = (0x7fffd89fd700) for -1 ns
:3:hip_memory.cpp           :796 : 1568627794634 us:  hipMemcpy: Returned hipSuccess : : duration: 75142 us
:3:rocvirtual.cpp           :226 : 1568627794507 us:  Handler: value(0), timestamp(0x6e97a0), handle(0x7fffd89fd700)
:3:hip_memory.cpp           :3476: 1568628084123 us:  [32m hipMemset ( 0x7ffd9ea00000, 0, 491520000 ) [0m
:3:rocvirtual.cpp           :762 : 1568628084379 us:  Arg0: void* buf = ptr:0x7ffd9ea00000
:3:rocvirtual.cpp           :778 : 1568628084519 us:  Arg0: void* buf = ptr:0x7ffd9ea00000 obj:[0x7ffd9ea00000-0x7ffdbbec0000]
:3:rocvirtual.cpp           :762 : 1568628084722 us:  Arg1: uchar* pattern = ptr:0x7ffec5600000
:3:rocvirtual.cpp           :853 : 1568628084876 us:  Arg2: uint pattern_size = val:1
:3:rocvirtual.cpp           :853 : 1568628085044 us:  Arg3: uint alignment = val:16
:3:rocvirtual.cpp           :853 : 1568628085135 us:  Arg4: ulong end_ptr = val:140727756259328
:3:rocvirtual.cpp           :853 : 1568628085364 us:  Arg5: uint next_chunk = val:28160
:3:rocvirtual.cpp           :3236: 1568628085479 us:  ShaderName : __amd_rocclr_fillBufferAligned
:3:rocvirtual.cpp           :3449: 1568628085626 us:  KernargSegmentByteSize = 296 KernargSegmentAlignment = 128
:3:hip_memory.cpp           :3477: 1568628085817 us:  hipMemset: Returned hipSuccess : 
:3:hip_device_runtime.cpp   :641 : 1568628086003 us:  [32m hipDeviceSynchronize (  ) [0m
:3:rocvirtual.cpp           :533 : 1568628086090 us:  Set Handler: handle(0x7fffd89fbf00), timestamp(0xd0af40)
:3:rocvirtual.hpp           :56  : 1568628086215 us:  Host active wait for Signal = (0x7fffd89fbf00) for -1 ns
:3:hip_device_runtime.cpp   :645 : 1568628086347 us:  hipDeviceSynchronize: Returned hipSuccess : 
:3:hip_platform.cpp         :237 : 1568628086444 us:  [32m __hipPushCallConfiguration ( {8,1,1}, {256,1,1}, 0, stream:<null> ) [0m
:3:hip_platform.cpp         :241 : 1568628086646 us:  __hipPushCallConfiguration: Returned hipSuccess : 
:3:hip_platform.cpp         :246 : 1568628086744 us:  [32m __hipPopCallConfiguration ( {3964667986,32767,256}, {2118224,0,4294925520}, 0x7fffffff5a20, 0x7fffffff5a18 ) [0m
:3:hip_platform.cpp         :255 : 1568628086927 us:  __hipPopCallConfiguration: Returned hipSuccess : 
:3:hip_module.cpp           :744 : 1568628087024 us:  [32m hipLaunchKernel ( 0x200fe0, {8,1,1}, {256,1,1}, 0x7fffffff59d0, 0, stream:<null> ) [0m
:3:rocvirtual.cpp           :762 : 1568628087204 us:  Arg0:   = ptr:0x7ffdbc200000
:3:rocvirtual.cpp           :778 : 1568628087274 us:  Arg0:   = ptr:0x7ffdbc200000 obj:[0x7ffdbc200000-0x7ffdd96c0000]
:3:rocvirtual.cpp           :762 : 1568628087355 us:  Arg1:   = ptr:0x7ffec4a27000
:3:rocvirtual.cpp           :778 : 1568628087426 us:  Arg1:   = ptr:0x7ffec4a27000 obj:[0x7ffec4a27000-0x7ffec4a87000]
:3:rocvirtual.cpp           :762 : 1568628087502 us:  Arg2:   = ptr:0x7ffd9ea00000
:3:rocvirtual.cpp           :778 : 1568628087589 us:  Arg2:   = ptr:0x7ffd9ea00000 obj:[0x7ffd9ea00000-0x7ffdbbec0000]
:3:rocvirtual.cpp           :853 : 1568628087733 us:  Arg3:   = val:12288
:3:rocvirtual.cpp           :762 : 1568628087800 us:  Arg4:   = ptr:0x7ffec4a00000
:3:rocvirtual.cpp           :778 : 1568628087880 us:  Arg4:   = ptr:0x7ffec4a00000 obj:[0x7ffec4a00000-0x7ffec4a00024]
:3:rocvirtual.cpp           :3236: 1568628087990 us:  ShaderName : void dense_esuhm<float>(float const*, float const*, float*, int, int const*)
:3:rocvirtual.cpp           :3449: 1568628088143 us:  KernargSegmentByteSize = 296 KernargSegmentAlignment = 128
:3:hip_module.cpp           :745 : 1568628088218 us:  hipLaunchKernel: Returned hipSuccess : : duration: 1194 us
:3:hip_device_runtime.cpp   :641 : 1568628088308 us:  [32m hipDeviceSynchronize (  ) [0m
:3:rocvirtual.cpp           :533 : 1568628088409 us:  Set Handler: handle(0x7fffd89fbe80), timestamp(0xc93900)
:3:rocvirtual.hpp           :56  : 1568628088493 us:  Host active wait for Signal = (0x7fffd89fbe80) for -1 ns
:3:rocvirtual.cpp           :226 : 1568628086275 us:  Handler: value(0), timestamp(0x9770d0), handle(0x7fffd89fbf00)
:3:hip_device_runtime.cpp   :645 : 1568628088870 us:  hipDeviceSynchronize: Returned hipSuccess : 
:3:hip_memory.cpp           :795 : 1568628088962 us:  [32m hipMemcpy ( 0x7ffe3167e010, 0x7ffd9ea00000, 491520000, hipMemcpyDeviceToHost ) [0m
:3:rocvirtual.cpp           :226 : 1568628088872 us:  Handler: value(0), timestamp(0xc93830), handle(0x7fffd89fbe80)
:3:rocvirtual.hpp           :56  : 1568628089140 us:  Host active wait for Signal = (0x7fffd89fe600) for -1 ns
:3:rocvirtual.hpp           :56  : 1568628090424 us:  Host active wait for Signal = (0x7fffd89fef80) for -1 ns
:3:rocvirtual.hpp           :56  : 1568628091700 us:  Host active wait for Signal = (0x7fffd89fda00) for -1 ns
:3:rocvirtual.hpp           :56  : 1568628092978 us:  Host active wait for Signal = (0x7fffd89fdb00) for -1 ns
:3:rocvirtual.hpp           :56  : 1568628094255 us:  Host active wait for Signal = (0x7fffd89fe500) for -1 ns
:3:rocvirtual.hpp           :56  : 1568628095532 us:  Host active wait for Signal = (0x7fffd89fe680) for -1 ns
:3:rocvirtual.hpp           :56  : 1568628096808 us:  Host active wait for Signal = (0x7fffd89fe480) for -1 ns
:3:rocvirtual.hpp           :56  : 1568628098086 us:  Host active wait for Signal = (0x7fffd89fd980) for -1 ns
:3:rocvirtual.hpp           :56  : 1568628099363 us:  Host active wait for Signal = (0x7fffd89ff000) for -1 ns
:3:rocvirtual.hpp           :56  : 1568628100639 us:  Host active wait for Signal = (0x7fffd89ff080) for -1 ns
:3:rocvirtual.hpp           :56  : 1568628101914 us:  Host active wait for Signal = (0x7fffd89fdd00) for -1 ns
:3:rocvirtual.hpp           :56  : 1568628103190 us:  Host active wait for Signal = (0x7fffd89feb80) for -1 ns
:3:rocvirtual.hpp           :56  : 1568628104465 us:  Host active wait for Signal = (0x7fffd89fed80) for -1 ns
:3:rocvirtual.hpp           :56  : 1568628105740 us:  Host active wait for Signal = (0x7fffd89fe980) for -1 ns
:3:rocvirtual.hpp           :56  : 1568628107015 us:  Host active wait for Signal = (0x7fffd89fde00) for -1 ns
:3:rocvirtual.cpp           :533 : 1568628107847 us:  Set Handler: handle(0x7fffd89fce80), timestamp(0xef4090)
:3:rocvirtual.hpp           :56  : 1568628107994 us:  Host active wait for Signal = (0x7fffd89fce80) for -1 ns
:3:hip_memory.cpp           :796 : 1568628108168 us:  hipMemcpy: Returned hipSuccess : : duration: 19206 us
:3:hip_memory.cpp           :3476: 1568628108295 us:  [32m hipMemset ( 0x7ffd9ea00000, 0, 491520000 ) [0m
:3:rocvirtual.cpp           :762 : 1568628108408 us:  Arg0: void* buf = ptr:0x7ffd9ea00000
:3:rocvirtual.cpp           :778 : 1568628108526 us:  Arg0: void* buf = ptr:0x7ffd9ea00000 obj:[0x7ffd9ea00000-0x7ffdbbec0000]
:3:rocvirtual.cpp           :762 : 1568628108620 us:  Arg1: uchar* pattern = ptr:0x7ffec5600000
:3:rocvirtual.cpp           :853 : 1568628108727 us:  Arg2: uint pattern_size = val:1
:3:rocvirtual.cpp           :853 : 1568628108814 us:  Arg3: uint alignment = val:16
:3:rocvirtual.cpp           :853 : 1568628108888 us:  Arg4: ulong end_ptr = val:140727756259328
:3:rocvirtual.cpp           :853 : 1568628108995 us:  Arg5: uint next_chunk = val:28160
:3:rocvirtual.cpp           :3236: 1568628109061 us:  ShaderName : __amd_rocclr_fillBufferAligned
:3:rocvirtual.cpp           :3449: 1568628109174 us:  KernargSegmentByteSize = 296 KernargSegmentAlignment = 128
:3:hip_memory.cpp           :3477: 1568628109280 us:  hipMemset: Returned hipSuccess : 
:3:hip_device_runtime.cpp   :641 : 1568628109368 us:  [32m hipDeviceSynchronize (  ) [0m
:3:rocvirtual.cpp           :533 : 1568628109483 us:  Set Handler: handle(0x7fffd89fcf80), timestamp(0xe1afa0)
:3:rocvirtual.hpp           :56  : 1568628109612 us:  Host active wait for Signal = (0x7fffd89fcf80) for -1 ns
:3:hip_device_runtime.cpp   :645 : 1568628109733 us:  hipDeviceSynchronize: Returned hipSuccess : 
:3:hip_platform.cpp         :237 : 1568628109846 us:  [32m __hipPushCallConfiguration ( {8,1,1}, {256,1,1}, 0, stream:<null> ) [0m
:3:hip_platform.cpp         :241 : 1568628109993 us:  __hipPushCallConfiguration: Returned hipSuccess : 
:3:hip_platform.cpp         :246 : 1568628110063 us:  [32m __hipPopCallConfiguration ( {3964667986,32767,256}, {2118224,0,4294925520}, 0x7fffffff5a20, 0x7fffffff5a18 ) [0m
:3:hip_platform.cpp         :255 : 1568628110263 us:  __hipPopCallConfiguration: Returned hipSuccess : 
:3:hip_module.cpp           :744 : 1568628110345 us:  [32m hipLaunchKernel ( 0x200fe8, {8,1,1}, {256,1,1}, 0x7fffffff59d0, 0, stream:<null> ) [0m
:3:rocvirtual.cpp           :762 : 1568628110488 us:  Arg0:   = ptr:0x7ffdbc200000
:3:rocvirtual.cpp           :778 : 1568628110572 us:  Arg0:   = ptr:0x7ffdbc200000 obj:[0x7ffdbc200000-0x7ffdd96c0000]
:3:rocvirtual.cpp           :762 : 1568628110645 us:  Arg1:   = ptr:0x7ffec4a27000
:3:rocvirtual.cpp           :778 : 1568628110717 us:  Arg1:   = ptr:0x7ffec4a27000 obj:[0x7ffec4a27000-0x7ffec4a87000]
:3:rocvirtual.cpp           :762 : 1568628110795 us:  Arg2:   = ptr:0x7ffd9ea00000
:3:rocvirtual.cpp           :778 : 1568628110860 us:  Arg2:   = ptr:0x7ffd9ea00000 obj:[0x7ffd9ea00000-0x7ffdbbec0000]
:3:rocvirtual.cpp           :853 : 1568628110932 us:  Arg3:   = val:12288
:3:rocvirtual.cpp           :762 : 1568628110998 us:  Arg4:   = ptr:0x7ffec4a00000
:3:rocvirtual.cpp           :778 : 1568628111095 us:  Arg4:   = ptr:0x7ffec4a00000 obj:[0x7ffec4a00000-0x7ffec4a00024]
:3:rocvirtual.cpp           :3236: 1568628111162 us:  ShaderName : void dense_esuhm2<float>(float const*, float const*, float*, int, int const*)
:3:rocvirtual.cpp           :3449: 1568628111302 us:  KernargSegmentByteSize = 296 KernargSegmentAlignment = 128
:3:hip_module.cpp           :745 : 1568628111378 us:  hipLaunchKernel: Returned hipSuccess : : duration: 1033 us
:3:hip_device_runtime.cpp   :641 : 1568628111448 us:  [32m hipDeviceSynchronize (  ) [0m
:3:rocvirtual.cpp           :533 : 1568628111523 us:  Set Handler: handle(0x7fffd89fcc80), timestamp(0xf3a7e0)
:3:rocvirtual.hpp           :56  : 1568628111619 us:  Host active wait for Signal = (0x7fffd89fcc80) for -1 ns
:3:rocvirtual.cpp           :226 : 1568628108009 us:  Handler: value(0), timestamp(0xe28030), handle(0x7fffd89fce80)
:3:rocvirtual.cpp           :226 : 1568628111808 us:  Handler: value(0), timestamp(0xef44f0), handle(0x7fffd89fcf80)
:3:hip_device_runtime.cpp   :645 : 1568628111967 us:  hipDeviceSynchronize: Returned hipSuccess : 
:3:rocvirtual.cpp           :226 : 1568628111967 us:  Handler: value(0), timestamp(0x73bfa0), handle(0x7fffd89fcc80)
:3:hip_memory.cpp           :795 : 1568628112085 us:  [32m hipMemcpy ( 0x7ffe141bd010, 0x7ffd9ea00000, 491520000, hipMemcpyDeviceToHost ) [0m
:3:rocvirtual.hpp           :56  : 1568628112346 us:  Host active wait for Signal = (0x7fffd89fe880) for -1 ns
:3:rocvirtual.hpp           :56  : 1568628113627 us:  Host active wait for Signal = (0x7fffd89fe780) for -1 ns
:3:rocvirtual.hpp           :56  : 1568628114903 us:  Host active wait for Signal = (0x7fffd89fe580) for -1 ns
:3:rocvirtual.hpp           :56  : 1568628116179 us:  Host active wait for Signal = (0x7fffd89fdf00) for -1 ns
:3:rocvirtual.hpp           :56  : 1568628117455 us:  Host active wait for Signal = (0x7fffd89fe900) for -1 ns
:3:rocvirtual.hpp           :56  : 1568628118730 us:  Host active wait for Signal = (0x7fffd89fea00) for -1 ns
:3:rocvirtual.hpp           :56  : 1568628120006 us:  Host active wait for Signal = (0x7fffd89fea80) for -1 ns
:3:rocvirtual.hpp           :56  : 1568628121284 us:  Host active wait for Signal = (0x7fffd89fe800) for -1 ns
:3:rocvirtual.hpp           :56  : 1568628122560 us:  Host active wait for Signal = (0x7fffd89fe700) for -1 ns
:3:rocvirtual.hpp           :56  : 1568628123836 us:  Host active wait for Signal = (0x7fffd89fde80) for -1 ns
:3:rocvirtual.hpp           :56  : 1568628125112 us:  Host active wait for Signal = (0x7fffd89fe080) for -1 ns
:3:rocvirtual.hpp           :56  : 1568628126387 us:  Host active wait for Signal = (0x7fffd89fe000) for -1 ns
:3:rocvirtual.hpp           :56  : 1568628127662 us:  Host active wait for Signal = (0x7fffd89fe380) for -1 ns
:3:rocvirtual.hpp           :56  : 1568628128938 us:  Host active wait for Signal = (0x7fffd89fe180) for -1 ns
:3:rocvirtual.hpp           :56  : 1568628130213 us:  Host active wait for Signal = (0x7fffd89fdf80) for -1 ns
:3:rocvirtual.cpp           :533 : 1568628131044 us:  Set Handler: handle(0x7fffd89fc600), timestamp(0xe0aca0)
:3:rocvirtual.hpp           :56  : 1568628131138 us:  Host active wait for Signal = (0x7fffd89fc600) for -1 ns
:3:hip_memory.cpp           :796 : 1568628131212 us:  hipMemcpy: Returned hipSuccess : : duration: 19127 us
:3:hip_memory.cpp           :3476: 1568628131290 us:  [32m hipMemset ( 0x7ffd9ea00000, 0, 491520000 ) [0m
:3:rocvirtual.cpp           :762 : 1568628131368 us:  Arg0: void* buf = ptr:0x7ffd9ea00000
:3:rocvirtual.cpp           :778 : 1568628131439 us:  Arg0: void* buf = ptr:0x7ffd9ea00000 obj:[0x7ffd9ea00000-0x7ffdbbec0000]
:3:rocvirtual.cpp           :762 : 1568628131525 us:  Arg1: uchar* pattern = ptr:0x7ffec5600000
:3:rocvirtual.cpp           :853 : 1568628131618 us:  Arg2: uint pattern_size = val:1
:3:rocvirtual.cpp           :853 : 1568628131729 us:  Arg3: uint alignment = val:16
:3:rocvirtual.cpp           :853 : 1568628131818 us:  Arg4: ulong end_ptr = val:140727756259328
:3:rocvirtual.cpp           :853 : 1568628131886 us:  Arg5: uint next_chunk = val:28160
:3:rocvirtual.cpp           :3236: 1568628132008 us:  ShaderName : __amd_rocclr_fillBufferAligned
:3:rocvirtual.cpp           :3449: 1568628132074 us:  KernargSegmentByteSize = 296 KernargSegmentAlignment = 128
:3:hip_memory.cpp           :3477: 1568628132187 us:  hipMemset: Returned hipSuccess : 
:3:hip_device_runtime.cpp   :641 : 1568628132260 us:  [32m hipDeviceSynchronize (  ) [0m
:3:rocvirtual.cpp           :533 : 1568628132364 us:  Set Handler: handle(0x7fffd89fc580), timestamp(0xd835e0)
:3:rocvirtual.hpp           :56  : 1568628132516 us:  Host active wait for Signal = (0x7fffd89fc580) for -1 ns
:3:rocvirtual.cpp           :226 : 1568628131151 us:  Handler: value(0), timestamp(0x73bfa0), handle(0x7fffd89fc600)
:3:hip_device_runtime.cpp   :645 : 1568628132636 us:  hipDeviceSynchronize: Returned hipSuccess : 
:3:hip_platform.cpp         :237 : 1568628132844 us:  [32m __hipPushCallConfiguration ( {8,1,1}, {256,1,1}, 0, stream:<null> ) [0m
:3:hip_platform.cpp         :241 : 1568628132999 us:  __hipPushCallConfiguration: Returned hipSuccess : 
:3:hip_platform.cpp         :246 : 1568628133072 us:  [32m __hipPopCallConfiguration ( {3964667986,32767,256}, {2118224,0,4294925520}, 0x7fffffff5a20, 0x7fffffff5a18 ) [0m
:3:hip_platform.cpp         :255 : 1568628133272 us:  __hipPopCallConfiguration: Returned hipSuccess : 
:3:hip_module.cpp           :744 : 1568628133386 us:  [32m hipLaunchKernel ( 0x200ff0, {8,1,1}, {256,1,1}, 0x7fffffff59d0, 0, stream:<null> ) [0m
:3:rocvirtual.cpp           :762 : 1568628133554 us:  Arg0:   = ptr:0x7ffdbc200000
:3:rocvirtual.cpp           :778 : 1568628133644 us:  Arg0:   = ptr:0x7ffdbc200000 obj:[0x7ffdbc200000-0x7ffdd96c0000]
:3:rocvirtual.cpp           :762 : 1568628133717 us:  Arg1:   = ptr:0x7ffec4a27000
:3:rocvirtual.cpp           :778 : 1568628133786 us:  Arg1:   = ptr:0x7ffec4a27000 obj:[0x7ffec4a27000-0x7ffec4a87000]
:3:rocvirtual.cpp           :762 : 1568628133878 us:  Arg2:   = ptr:0x7ffd9ea00000
:3:rocvirtual.cpp           :778 : 1568628133942 us:  Arg2:   = ptr:0x7ffd9ea00000 obj:[0x7ffd9ea00000-0x7ffdbbec0000]
:3:rocvirtual.cpp           :853 : 1568628134015 us:  Arg3:   = val:12288
:3:rocvirtual.cpp           :762 : 1568628134081 us:  Arg4:   = ptr:0x7ffec4a00000
:3:rocvirtual.cpp           :778 : 1568628134156 us:  Arg4:   = ptr:0x7ffec4a00000 obj:[0x7ffec4a00000-0x7ffec4a00024]
:3:rocvirtual.cpp           :3236: 1568628134220 us:  ShaderName : void dense_esuhm3<float>(float const*, float const*, float*, int, int const*)
:3:rocvirtual.cpp           :3449: 1568628134364 us:  KernargSegmentByteSize = 296 KernargSegmentAlignment = 128
:3:hip_module.cpp           :745 : 1568628134444 us:  hipLaunchKernel: Returned hipSuccess : : duration: 1058 us
:3:hip_device_runtime.cpp   :641 : 1568628134511 us:  [32m hipDeviceSynchronize (  ) [0m
:3:rocvirtual.cpp           :533 : 1568628134585 us:  Set Handler: handle(0x7fffd89fc680), timestamp(0xe0ad70)
:3:rocvirtual.hpp           :56  : 1568628134666 us:  Host active wait for Signal = (0x7fffd89fc680) for -1 ns
:3:rocvirtual.cpp           :226 : 1568628132724 us:  Handler: value(0), timestamp(0xe0abf0), handle(0x7fffd89fc580)
:3:hip_device_runtime.cpp   :645 : 1568628135619 us:  hipDeviceSynchronize: Returned hipSuccess : 
:3:hip_memory.cpp           :795 : 1568628135704 us:  [32m hipMemcpy ( 0x7ffdf6cfc010, 0x7ffd9ea00000, 491520000, hipMemcpyDeviceToHost ) [0m
:3:rocvirtual.hpp           :56  : 1568628135939 us:  Host active wait for Signal = (0x7fffd89fec80) for -1 ns
:3:rocvirtual.cpp           :226 : 1568628135620 us:  Handler: value(0), timestamp(0xf0fbe0), handle(0x7fffd89fc680)
:3:rocvirtual.hpp           :56  : 1568628137220 us:  Host active wait for Signal = (0x7fffd89fdd80) for -1 ns
:3:rocvirtual.hpp           :56  : 1568628138495 us:  Host active wait for Signal = (0x7fffd89fdc80) for -1 ns
:3:rocvirtual.hpp           :56  : 1568628139770 us:  Host active wait for Signal = (0x7fffd89fdc00) for -1 ns
:3:rocvirtual.hpp           :56  : 1568628141046 us:  Host active wait for Signal = (0x7fffd89fed00) for -1 ns
:3:rocvirtual.hpp           :56  : 1568628142322 us:  Host active wait for Signal = (0x7fffd89fee00) for -1 ns
:3:rocvirtual.hpp           :56  : 1568628143597 us:  Host active wait for Signal = (0x7fffd89fee80) for -1 ns
:3:rocvirtual.hpp           :56  : 1568628144873 us:  Host active wait for Signal = (0x7fffd89fec00) for -1 ns
:3:rocvirtual.hpp           :56  : 1568628146148 us:  Host active wait for Signal = (0x7fffd89feb00) for -1 ns
:3:rocvirtual.hpp           :56  : 1568628147424 us:  Host active wait for Signal = (0x7fffd89fe100) for -1 ns
:3:rocvirtual.hpp           :56  : 1568628148699 us:  Host active wait for Signal = (0x7fffd89fe200) for -1 ns
:3:rocvirtual.hpp           :56  : 1568628149974 us:  Host active wait for Signal = (0x7fffd89fdb80) for -1 ns
:3:rocvirtual.hpp           :56  : 1568628151249 us:  Host active wait for Signal = (0x7fffd89fda80) for -1 ns
:3:rocvirtual.hpp           :56  : 1568628152524 us:  Host active wait for Signal = (0x7fffd89fd880) for -1 ns
:3:rocvirtual.hpp           :56  : 1568628153799 us:  Host active wait for Signal = (0x7fffd89ff780) for -1 ns
:3:rocvirtual.cpp           :533 : 1568628154629 us:  Set Handler: handle(0x7fffd89fc080), timestamp(0xd0b070)
:3:rocvirtual.hpp           :56  : 1568628154758 us:  Host active wait for Signal = (0x7fffd89fc080) for -1 ns
:3:hip_memory.cpp           :796 : 1568628154857 us:  hipMemcpy: Returned hipSuccess : : duration: 19153 us
:3:rocvirtual.cpp           :226 : 1568628154771 us:  Handler: value(0), timestamp(0xf0fb70), handle(0x7fffd89fc080)
:3:hip_memory.cpp           :3476: 1568628440310 us:  [32m hipMemset ( 0x7ffd9ea00000, 0, 491520000 ) [0m
:3:rocvirtual.cpp           :762 : 1568628440544 us:  Arg0: void* buf = ptr:0x7ffd9ea00000
:3:rocvirtual.cpp           :778 : 1568628440768 us:  Arg0: void* buf = ptr:0x7ffd9ea00000 obj:[0x7ffd9ea00000-0x7ffdbbec0000]
:3:rocvirtual.cpp           :762 : 1568628440924 us:  Arg1: uchar* pattern = ptr:0x7ffec5600000
:3:rocvirtual.cpp           :853 : 1568628441119 us:  Arg2: uint pattern_size = val:1
:3:rocvirtual.cpp           :853 : 1568628441248 us:  Arg3: uint alignment = val:16
:3:rocvirtual.cpp           :853 : 1568628441367 us:  Arg4: ulong end_ptr = val:140727756259328
:3:rocvirtual.cpp           :853 : 1568628441482 us:  Arg5: uint next_chunk = val:28160
:3:rocvirtual.cpp           :3236: 1568628441591 us:  ShaderName : __amd_rocclr_fillBufferAligned
:3:rocvirtual.cpp           :3449: 1568628441659 us:  KernargSegmentByteSize = 296 KernargSegmentAlignment = 128
:3:hip_memory.cpp           :3477: 1568628441794 us:  hipMemset: Returned hipSuccess : 
:3:hip_device_runtime.cpp   :641 : 1568628441917 us:  [32m hipDeviceSynchronize (  ) [0m
:3:rocvirtual.cpp           :533 : 1568628442037 us:  Set Handler: handle(0x7fffd89fc000), timestamp(0x977180)
:3:rocvirtual.hpp           :56  : 1568628442202 us:  Host active wait for Signal = (0x7fffd89fc000) for -1 ns
:3:hip_device_runtime.cpp   :645 : 1568628442295 us:  hipDeviceSynchronize: Returned hipSuccess : 
:3:hip_platform.cpp         :237 : 1568628442391 us:  [32m __hipPushCallConfiguration ( {8,1,1}, {512,1,1}, 0, stream:<null> ) [0m
:3:hip_platform.cpp         :241 : 1568628442587 us:  __hipPushCallConfiguration: Returned hipSuccess : 
:3:hip_platform.cpp         :246 : 1568628442680 us:  [32m __hipPopCallConfiguration ( {3964667986,32767,512}, {2118224,0,4294925520}, 0x7fffffff5a20, 0x7fffffff5a18 ) [0m
:3:hip_platform.cpp         :255 : 1568628442882 us:  __hipPopCallConfiguration: Returned hipSuccess : 
:3:rocvirtual.cpp           :226 : 1568628442243 us:  Handler: value(0), timestamp(0xefefa0), handle(0x7fffd89fc000)
:3:hip_module.cpp           :744 : 1568628442974 us:  [32m hipLaunchKernel ( 0x200fe0, {8,1,1}, {512,1,1}, 0x7fffffff59d0, 0, stream:<null> ) [0m
:3:rocvirtual.cpp           :762 : 1568628443255 us:  Arg0:   = ptr:0x7ffdbc200000
:3:rocvirtual.cpp           :778 : 1568628443346 us:  Arg0:   = ptr:0x7ffdbc200000 obj:[0x7ffdbc200000-0x7ffdd96c0000]
:3:rocvirtual.cpp           :762 : 1568628443419 us:  Arg1:   = ptr:0x7ffec4a27000
:3:rocvirtual.cpp           :778 : 1568628443486 us:  Arg1:   = ptr:0x7ffec4a27000 obj:[0x7ffec4a27000-0x7ffec4a87000]
:3:rocvirtual.cpp           :762 : 1568628443576 us:  Arg2:   = ptr:0x7ffd9ea00000
:3:rocvirtual.cpp           :778 : 1568628443652 us:  Arg2:   = ptr:0x7ffd9ea00000 obj:[0x7ffd9ea00000-0x7ffdbbec0000]
:3:rocvirtual.cpp           :853 : 1568628443729 us:  Arg3:   = val:12288
:3:rocvirtual.cpp           :762 : 1568628443799 us:  Arg4:   = ptr:0x7ffec4a00000
:3:rocvirtual.cpp           :778 : 1568628443885 us:  Arg4:   = ptr:0x7ffec4a00000 obj:[0x7ffec4a00000-0x7ffec4a00024]
:3:rocvirtual.cpp           :3236: 1568628443961 us:  ShaderName : void dense_esuhm<float>(float const*, float const*, float*, int, int const*)
:3:rocvirtual.cpp           :3449: 1568628444145 us:  KernargSegmentByteSize = 296 KernargSegmentAlignment = 128
:3:hip_module.cpp           :745 : 1568628444221 us:  hipLaunchKernel: Returned hipSuccess : : duration: 1247 us
:3:hip_device_runtime.cpp   :641 : 1568628444290 us:  [32m hipDeviceSynchronize (  ) [0m
:3:rocvirtual.cpp           :533 : 1568628444362 us:  Set Handler: handle(0x7fffd89fc280), timestamp(0xdce910)
:3:rocvirtual.hpp           :56  : 1568628444442 us:  Host active wait for Signal = (0x7fffd89fc280) for -1 ns
:3:hip_device_runtime.cpp   :645 : 1568628444630 us:  hipDeviceSynchronize: Returned hipSuccess : 
:3:hip_memory.cpp           :795 : 1568628444722 us:  [32m hipMemcpy ( 0x7ffe3167e010, 0x7ffd9ea00000, 491520000, hipMemcpyDeviceToHost ) [0m
:3:rocvirtual.cpp           :226 : 1568628444633 us:  Handler: value(0), timestamp(0x732010), handle(0x7fffd89fc280)
:3:rocvirtual.hpp           :56  : 1568628444943 us:  Host active wait for Signal = (0x7fffd89ff480) for -1 ns
:3:rocvirtual.hpp           :56  : 1568628446226 us:  Host active wait for Signal = (0x7fffd89fd900) for -1 ns
:3:rocvirtual.hpp           :56  : 1568628447502 us:  Host active wait for Signal = (0x7fffd89fe280) for -1 ns
:3:rocvirtual.hpp           :56  : 1568628448779 us:  Host active wait for Signal = (0x7fffd89fe300) for -1 ns
:3:rocvirtual.hpp           :56  : 1568628450055 us:  Host active wait for Signal = (0x7fffd89fe400) for -1 ns
:3:rocvirtual.hpp           :56  : 1568628451331 us:  Host active wait for Signal = (0x7fffd89ff380) for -1 ns
:3:rocvirtual.hpp           :56  : 1568628452607 us:  Host active wait for Signal = (0x7fffd89ff180) for -1 ns
:3:rocvirtual.hpp           :56  : 1568628453886 us:  Host active wait for Signal = (0x7fffd89ff680) for -1 ns
:3:rocvirtual.hpp           :56  : 1568628455162 us:  Host active wait for Signal = (0x7fffd89fef00) for -1 ns
:3:rocvirtual.hpp           :56  : 1568628456438 us:  Host active wait for Signal = (0x7fffd89ff800) for -1 ns
:3:rocvirtual.hpp           :56  : 1568628457713 us:  Host active wait for Signal = (0x7fffd89fe600) for -1 ns
:3:rocvirtual.hpp           :56  : 1568628458989 us:  Host active wait for Signal = (0x7fffd89fef80) for -1 ns
:3:rocvirtual.hpp           :56  : 1568628460265 us:  Host active wait for Signal = (0x7fffd89fda00) for -1 ns
:3:rocvirtual.hpp           :56  : 1568628461540 us:  Host active wait for Signal = (0x7fffd89fdb00) for -1 ns
:3:rocvirtual.hpp           :56  : 1568628462815 us:  Host active wait for Signal = (0x7fffd89fe500) for -1 ns
:3:rocvirtual.cpp           :533 : 1568628463646 us:  Set Handler: handle(0x7fffd89fbe80), timestamp(0xc93900)
:3:rocvirtual.hpp           :56  : 1568628463839 us:  Host active wait for Signal = (0x7fffd89fbe80) for -1 ns
:3:hip_memory.cpp           :796 : 1568628463937 us:  hipMemcpy: Returned hipSuccess : : duration: 19215 us
:3:hip_memory.cpp           :3476: 1568628464050 us:  [32m hipMemset ( 0x7ffd9ea00000, 0, 491520000 ) [0m
:3:rocvirtual.cpp           :762 : 1568628464133 us:  Arg0: void* buf = ptr:0x7ffd9ea00000
:3:rocvirtual.cpp           :778 : 1568628464232 us:  Arg0: void* buf = ptr:0x7ffd9ea00000 obj:[0x7ffd9ea00000-0x7ffdbbec0000]
:3:rocvirtual.cpp           :762 : 1568628464307 us:  Arg1: uchar* pattern = ptr:0x7ffec5600000
:3:rocvirtual.cpp           :853 : 1568628464378 us:  Arg2: uint pattern_size = val:1
:3:rocvirtual.cpp           :853 : 1568628464453 us:  Arg3: uint alignment = val:16
:3:rocvirtual.cpp           :853 : 1568628464533 us:  Arg4: ulong end_ptr = val:140727756259328
:3:rocvirtual.cpp           :853 : 1568628464650 us:  Arg5: uint next_chunk = val:28160
:3:rocvirtual.cpp           :3236: 1568628464743 us:  ShaderName : __amd_rocclr_fillBufferAligned
:3:rocvirtual.cpp           :3449: 1568628464808 us:  KernargSegmentByteSize = 296 KernargSegmentAlignment = 128
:3:hip_memory.cpp           :3477: 1568628464916 us:  hipMemset: Returned hipSuccess : 
:3:hip_device_runtime.cpp   :641 : 1568628464992 us:  [32m hipDeviceSynchronize (  ) [0m
:3:rocvirtual.cpp           :533 : 1568628465120 us:  Set Handler: handle(0x7fffd89fbf00), timestamp(0xd0af40)
:3:rocvirtual.hpp           :56  : 1568628465193 us:  Host active wait for Signal = (0x7fffd89fbf00) for -1 ns
:3:rocvirtual.cpp           :226 : 1568628463852 us:  Handler: value(0), timestamp(0xd0b130), handle(0x7fffd89fbe80)
:3:hip_device_runtime.cpp   :645 : 1568628465363 us:  hipDeviceSynchronize: Returned hipSuccess : 
:3:hip_platform.cpp         :237 : 1568628465531 us:  [32m __hipPushCallConfiguration ( {8,1,1}, {512,1,1}, 0, stream:<null> ) [0m
:3:hip_platform.cpp         :241 : 1568628465752 us:  __hipPushCallConfiguration: Returned hipSuccess : 
:3:hip_platform.cpp         :246 : 1568628465824 us:  [32m __hipPopCallConfiguration ( {3964667986,32767,512}, {2118224,0,4294925520}, 0x7fffffff5a20, 0x7fffffff5a18 ) [0m
:3:hip_platform.cpp         :255 : 1568628465971 us:  __hipPopCallConfiguration: Returned hipSuccess : 
:3:hip_module.cpp           :744 : 1568628466097 us:  [32m hipLaunchKernel ( 0x200fe8, {8,1,1}, {512,1,1}, 0x7fffffff59d0, 0, stream:<null> ) [0m
:3:rocvirtual.cpp           :762 : 1568628466271 us:  Arg0:   = ptr:0x7ffdbc200000
:3:rocvirtual.cpp           :778 : 1568628466346 us:  Arg0:   = ptr:0x7ffdbc200000 obj:[0x7ffdbc200000-0x7ffdd96c0000]
:3:rocvirtual.cpp           :762 : 1568628466419 us:  Arg1:   = ptr:0x7ffec4a27000
:3:rocvirtual.cpp           :778 : 1568628466503 us:  Arg1:   = ptr:0x7ffec4a27000 obj:[0x7ffec4a27000-0x7ffec4a87000]
:3:rocvirtual.cpp           :762 : 1568628466572 us:  Arg2:   = ptr:0x7ffd9ea00000
:3:rocvirtual.cpp           :778 : 1568628466637 us:  Arg2:   = ptr:0x7ffd9ea00000 obj:[0x7ffd9ea00000-0x7ffdbbec0000]
:3:rocvirtual.cpp           :853 : 1568628466716 us:  Arg3:   = val:12288
:3:rocvirtual.cpp           :762 : 1568628466778 us:  Arg4:   = ptr:0x7ffec4a00000
:3:rocvirtual.cpp           :778 : 1568628466852 us:  Arg4:   = ptr:0x7ffec4a00000 obj:[0x7ffec4a00000-0x7ffec4a00024]
:3:rocvirtual.cpp           :3236: 1568628466919 us:  ShaderName : void dense_esuhm2<float>(float const*, float const*, float*, int, int const*)
:3:rocvirtual.cpp           :3449: 1568628467056 us:  KernargSegmentByteSize = 296 KernargSegmentAlignment = 128
:3:hip_module.cpp           :745 : 1568628467127 us:  hipLaunchKernel: Returned hipSuccess : : duration: 1030 us
:3:hip_device_runtime.cpp   :641 : 1568628467199 us:  [32m hipDeviceSynchronize (  ) [0m
:3:rocvirtual.cpp           :533 : 1568628467275 us:  Set Handler: handle(0x7fffd89fd700), timestamp(0xe22dd0)
:3:rocvirtual.hpp           :56  : 1568628467346 us:  Host active wait for Signal = (0x7fffd89fd700) for -1 ns
:3:rocvirtual.cpp           :226 : 1568628465424 us:  Handler: value(0), timestamp(0x9770d0), handle(0x7fffd89fbf00)
:3:hip_device_runtime.cpp   :645 : 1568628467479 us:  hipDeviceSynchronize: Returned hipSuccess : 
:3:rocvirtual.cpp           :226 : 1568628467521 us:  Handler: value(0), timestamp(0x6e97a0), handle(0x7fffd89fd700)
:3:hip_memory.cpp           :795 : 1568628467608 us:  [32m hipMemcpy ( 0x7ffe141bd010, 0x7ffd9ea00000, 491520000, hipMemcpyDeviceToHost ) [0m
:3:rocvirtual.hpp           :56  : 1568628467896 us:  Host active wait for Signal = (0x7fffd89ff000) for -1 ns
:3:rocvirtual.hpp           :56  : 1568628469178 us:  Host active wait for Signal = (0x7fffd89ff080) for -1 ns
:3:rocvirtual.hpp           :56  : 1568628470454 us:  Host active wait for Signal = (0x7fffd89fdd00) for -1 ns
:3:rocvirtual.hpp           :56  : 1568628471730 us:  Host active wait for Signal = (0x7fffd89feb80) for -1 ns
:3:rocvirtual.hpp           :56  : 1568628473006 us:  Host active wait for Signal = (0x7fffd89fed80) for -1 ns
:3:rocvirtual.hpp           :56  : 1568628474281 us:  Host active wait for Signal = (0x7fffd89fe980) for -1 ns
:3:rocvirtual.hpp           :56  : 1568628475557 us:  Host active wait for Signal = (0x7fffd89fde00) for -1 ns
:3:rocvirtual.hpp           :56  : 1568628476834 us:  Host active wait for Signal = (0x7fffd89fd980) for -1 ns
:3:rocvirtual.hpp           :56  : 1568628478109 us:  Host active wait for Signal = (0x7fffd89fe480) for -1 ns
:3:rocvirtual.hpp           :56  : 1568628479385 us:  Host active wait for Signal = (0x7fffd89fe680) for -1 ns
:3:rocvirtual.hpp           :56  : 1568628480660 us:  Host active wait for Signal = (0x7fffd89fe880) for -1 ns
:3:rocvirtual.hpp           :56  : 1568628481935 us:  Host active wait for Signal = (0x7fffd89fe780) for -1 ns
:3:rocvirtual.hpp           :56  : 1568628483211 us:  Host active wait for Signal = (0x7fffd89fe580) for -1 ns
:3:rocvirtual.hpp           :56  : 1568628484487 us:  Host active wait for Signal = (0x7fffd89fdf00) for -1 ns
:3:rocvirtual.hpp           :56  : 1568628485762 us:  Host active wait for Signal = (0x7fffd89fe900) for -1 ns
:3:rocvirtual.cpp           :533 : 1568628486593 us:  Set Handler: handle(0x7fffd89fcc80), timestamp(0xf3a7e0)
:3:rocvirtual.hpp           :56  : 1568628486686 us:  Host active wait for Signal = (0x7fffd89fcc80) for -1 ns
:3:hip_memory.cpp           :796 : 1568628486777 us:  hipMemcpy: Returned hipSuccess : : duration: 19169 us
:3:hip_memory.cpp           :3476: 1568628486858 us:  [32m hipMemset ( 0x7ffd9ea00000, 0, 491520000 ) [0m
:3:rocvirtual.cpp           :762 : 1568628486947 us:  Arg0: void* buf = ptr:0x7ffd9ea00000
:3:rocvirtual.cpp           :778 : 1568628487063 us:  Arg0: void* buf = ptr:0x7ffd9ea00000 obj:[0x7ffd9ea00000-0x7ffdbbec0000]
:3:rocvirtual.cpp           :762 : 1568628487137 us:  Arg1: uchar* pattern = ptr:0x7ffec5600000
:3:rocvirtual.cpp           :853 : 1568628487250 us:  Arg2: uint pattern_size = val:1
:3:rocvirtual.cpp           :853 : 1568628487318 us:  Arg3: uint alignment = val:16
:3:rocvirtual.cpp           :853 : 1568628487392 us:  Arg4: ulong end_ptr = val:140727756259328
:3:rocvirtual.cpp           :853 : 1568628487472 us:  Arg5: uint next_chunk = val:28160
:3:rocvirtual.cpp           :3236: 1568628487583 us:  ShaderName : __amd_rocclr_fillBufferAligned
:3:rocvirtual.cpp           :3449: 1568628487664 us:  KernargSegmentByteSize = 296 KernargSegmentAlignment = 128
:3:hip_memory.cpp           :3477: 1568628487733 us:  hipMemset: Returned hipSuccess : 
:3:hip_device_runtime.cpp   :641 : 1568628487802 us:  [32m hipDeviceSynchronize (  ) [0m
:3:rocvirtual.cpp           :226 : 1568628486702 us:  Handler: value(0), timestamp(0x6e97a0), handle(0x7fffd89fcc80)
:3:rocvirtual.cpp           :533 : 1568628487868 us:  Set Handler: handle(0x7fffd89fcf80), timestamp(0xe1afa0)
:3:rocvirtual.hpp           :56  : 1568628489655 us:  Host active wait for Signal = (0x7fffd89fcf80) for -1 ns
:3:hip_device_runtime.cpp   :645 : 1568628489766 us:  hipDeviceSynchronize: Returned hipSuccess : 
:3:hip_platform.cpp         :237 : 1568628489891 us:  [32m __hipPushCallConfiguration ( {8,1,1}, {512,1,1}, 0, stream:<null> ) [0m
:3:hip_platform.cpp         :241 : 1568628490113 us:  __hipPushCallConfiguration: Returned hipSuccess : 
:3:hip_platform.cpp         :246 : 1568628490249 us:  [32m __hipPopCallConfiguration ( {3964667986,32767,512}, {2118224,0,4294925520}, 0x7fffffff5a20, 0x7fffffff5a18 ) [0m
:3:hip_platform.cpp         :255 : 1568628490413 us:  __hipPopCallConfiguration: Returned hipSuccess : 
:3:hip_module.cpp           :744 : 1568628490490 us:  [32m hipLaunchKernel ( 0x200ff0, {8,1,1}, {512,1,1}, 0x7fffffff59d0, 0, stream:<null> ) [0m
:3:rocvirtual.cpp           :762 : 1568628490684 us:  Arg0:   = ptr:0x7ffdbc200000
:3:rocvirtual.cpp           :778 : 1568628490775 us:  Arg0:   = ptr:0x7ffdbc200000 obj:[0x7ffdbc200000-0x7ffdd96c0000]
:3:rocvirtual.cpp           :762 : 1568628490856 us:  Arg1:   = ptr:0x7ffec4a27000
:3:rocvirtual.cpp           :778 : 1568628490941 us:  Arg1:   = ptr:0x7ffec4a27000 obj:[0x7ffec4a27000-0x7ffec4a87000]
:3:rocvirtual.cpp           :762 : 1568628491029 us:  Arg2:   = ptr:0x7ffd9ea00000
:3:rocvirtual.cpp           :778 : 1568628491113 us:  Arg2:   = ptr:0x7ffd9ea00000 obj:[0x7ffd9ea00000-0x7ffdbbec0000]
:3:rocvirtual.cpp           :853 : 1568628491180 us:  Arg3:   = val:12288
:3:rocvirtual.cpp           :762 : 1568628491271 us:  Arg4:   = ptr:0x7ffec4a00000
:3:rocvirtual.cpp           :778 : 1568628491340 us:  Arg4:   = ptr:0x7ffec4a00000 obj:[0x7ffec4a00000-0x7ffec4a00024]
:3:rocvirtual.cpp           :3236: 1568628491416 us:  ShaderName : void dense_esuhm3<float>(float const*, float const*, float*, int, int const*)
:3:rocvirtual.cpp           :3449: 1568628491575 us:  KernargSegmentByteSize = 296 KernargSegmentAlignment = 128
:3:hip_module.cpp           :745 : 1568628491644 us:  hipLaunchKernel: Returned hipSuccess : : duration: 1154 us
:3:hip_device_runtime.cpp   :641 : 1568628491754 us:  [32m hipDeviceSynchronize (  ) [0m
:3:rocvirtual.cpp           :533 : 1568628491863 us:  Set Handler: handle(0x7fffd89fce80), timestamp(0xef4090)
:3:rocvirtual.hpp           :56  : 1568628491944 us:  Host active wait for Signal = (0x7fffd89fce80) for -1 ns
:3:rocvirtual.cpp           :226 : 1568628489663 us:  Handler: value(0), timestamp(0xef44f0), handle(0x7fffd89fcf80)
:3:hip_device_runtime.cpp   :645 : 1568628492346 us:  hipDeviceSynchronize: Returned hipSuccess : 
:3:rocvirtual.cpp           :226 : 1568628492347 us:  Handler: value(0), timestamp(0xe28030), handle(0x7fffd89fce80)
:3:hip_memory.cpp           :795 : 1568628492434 us:  [32m hipMemcpy ( 0x7ffdf6cfc010, 0x7ffd9ea00000, 491520000, hipMemcpyDeviceToHost ) [0m
:3:rocvirtual.hpp           :56  : 1568628492743 us:  Host active wait for Signal = (0x7fffd89fe700) for -1 ns
:3:rocvirtual.hpp           :56  : 1568628494026 us:  Host active wait for Signal = (0x7fffd89fde80) for -1 ns
:3:rocvirtual.hpp           :56  : 1568628495301 us:  Host active wait for Signal = (0x7fffd89fe080) for -1 ns
:3:rocvirtual.hpp           :56  : 1568628496577 us:  Host active wait for Signal = (0x7fffd89fe000) for -1 ns
:3:rocvirtual.hpp           :56  : 1568628497852 us:  Host active wait for Signal = (0x7fffd89fe380) for -1 ns
:3:rocvirtual.hpp           :56  : 1568628499127 us:  Host active wait for Signal = (0x7fffd89fe180) for -1 ns
:3:rocvirtual.hpp           :56  : 1568628500402 us:  Host active wait for Signal = (0x7fffd89fdf80) for -1 ns
:3:rocvirtual.hpp           :56  : 1568628501678 us:  Host active wait for Signal = (0x7fffd89fe800) for -1 ns
:3:rocvirtual.hpp           :56  : 1568628502954 us:  Host active wait for Signal = (0x7fffd89fea80) for -1 ns
:3:rocvirtual.hpp           :56  : 1568628504229 us:  Host active wait for Signal = (0x7fffd89fea00) for -1 ns
:3:rocvirtual.hpp           :56  : 1568628505505 us:  Host active wait for Signal = (0x7fffd89fec80) for -1 ns
:3:rocvirtual.hpp           :56  : 1568628506780 us:  Host active wait for Signal = (0x7fffd89fdd80) for -1 ns
:3:rocvirtual.hpp           :56  : 1568628508056 us:  Host active wait for Signal = (0x7fffd89fdc80) for -1 ns
:3:rocvirtual.hpp           :56  : 1568628509331 us:  Host active wait for Signal = (0x7fffd89fdc00) for -1 ns
:3:rocvirtual.hpp           :56  : 1568628510607 us:  Host active wait for Signal = (0x7fffd89fed00) for -1 ns
:3:rocvirtual.cpp           :533 : 1568628511437 us:  Set Handler: handle(0x7fffd89fc680), timestamp(0xe0ad70)
:3:rocvirtual.hpp           :56  : 1568628511588 us:  Host active wait for Signal = (0x7fffd89fc680) for -1 ns
:3:hip_memory.cpp           :796 : 1568628511686 us:  hipMemcpy: Returned hipSuccess : : duration: 19252 us
:3:rocvirtual.cpp           :226 : 1568628511602 us:  Handler: value(0), timestamp(0xe28030), handle(0x7fffd89fc680)
:3:hip_memory.cpp           :3476: 1568628799670 us:  [32m hipMemset ( 0x7ffd9ea00000, 0, 491520000 ) [0m
:3:rocvirtual.cpp           :762 : 1568628799935 us:  Arg0: void* buf = ptr:0x7ffd9ea00000
:3:rocvirtual.cpp           :778 : 1568628800115 us:  Arg0: void* buf = ptr:0x7ffd9ea00000 obj:[0x7ffd9ea00000-0x7ffdbbec0000]
:3:rocvirtual.cpp           :762 : 1568628800271 us:  Arg1: uchar* pattern = ptr:0x7ffec5600000
:3:rocvirtual.cpp           :853 : 1568628800424 us:  Arg2: uint pattern_size = val:1
:3:rocvirtual.cpp           :853 : 1568628800591 us:  Arg3: uint alignment = val:16
:3:rocvirtual.cpp           :853 : 1568628800746 us:  Arg4: ulong end_ptr = val:140727756259328
:3:rocvirtual.cpp           :853 : 1568628800889 us:  Arg5: uint next_chunk = val:28160
:3:rocvirtual.cpp           :3236: 1568628800961 us:  ShaderName : __amd_rocclr_fillBufferAligned
:3:rocvirtual.cpp           :3449: 1568628801111 us:  KernargSegmentByteSize = 296 KernargSegmentAlignment = 128
:3:hip_memory.cpp           :3477: 1568628801225 us:  hipMemset: Returned hipSuccess : 
:3:hip_device_runtime.cpp   :641 : 1568628801332 us:  [32m hipDeviceSynchronize (  ) [0m
:3:rocvirtual.cpp           :533 : 1568628801493 us:  Set Handler: handle(0x7fffd89fc580), timestamp(0xd835e0)
:3:rocvirtual.hpp           :56  : 1568628801652 us:  Host active wait for Signal = (0x7fffd89fc580) for -1 ns
:3:hip_device_runtime.cpp   :645 : 1568628801730 us:  hipDeviceSynchronize: Returned hipSuccess : 
:3:hip_platform.cpp         :237 : 1568628801869 us:  [32m __hipPushCallConfiguration ( {8,1,1}, {1024,1,1}, 0, stream:<null> ) [0m
:3:hip_platform.cpp         :241 : 1568628802081 us:  __hipPushCallConfiguration: Returned hipSuccess : 
:3:hip_platform.cpp         :246 : 1568628802154 us:  [32m __hipPopCallConfiguration ( {3964667986,32767,1024}, {2118224,0,4294925520}, 0x7fffffff5a20, 0x7fffffff5a18 ) [0m
:3:hip_platform.cpp         :255 : 1568628802367 us:  __hipPopCallConfiguration: Returned hipSuccess : 
:3:hip_module.cpp           :744 : 1568628802486 us:  [32m hipLaunchKernel ( 0x200fe0, {8,1,1}, {1024,1,1}, 0x7fffffff59d0, 0, stream:<null> ) [0m
:3:rocvirtual.cpp           :762 : 1568628802682 us:  Arg0:   = ptr:0x7ffdbc200000
:3:rocvirtual.cpp           :778 : 1568628802754 us:  Arg0:   = ptr:0x7ffdbc200000 obj:[0x7ffdbc200000-0x7ffdd96c0000]
:3:rocvirtual.cpp           :762 : 1568628802851 us:  Arg1:   = ptr:0x7ffec4a27000
:3:rocvirtual.cpp           :778 : 1568628802919 us:  Arg1:   = ptr:0x7ffec4a27000 obj:[0x7ffec4a27000-0x7ffec4a87000]
:3:rocvirtual.cpp           :762 : 1568628803021 us:  Arg2:   = ptr:0x7ffd9ea00000
:3:rocvirtual.cpp           :778 : 1568628803086 us:  Arg2:   = ptr:0x7ffd9ea00000 obj:[0x7ffd9ea00000-0x7ffdbbec0000]
:3:rocvirtual.cpp           :853 : 1568628803169 us:  Arg3:   = val:12288
:3:rocvirtual.cpp           :762 : 1568628803243 us:  Arg4:   = ptr:0x7ffec4a00000
:3:rocvirtual.cpp           :778 : 1568628803329 us:  Arg4:   = ptr:0x7ffec4a00000 obj:[0x7ffec4a00000-0x7ffec4a00024]
:3:rocvirtual.cpp           :3236: 1568628803392 us:  ShaderName : void dense_esuhm<float>(float const*, float const*, float*, int, int const*)
:3:rocvirtual.cpp           :3449: 1568628803562 us:  KernargSegmentByteSize = 296 KernargSegmentAlignment = 128
:3:hip_module.cpp           :745 : 1568628803651 us:  hipLaunchKernel: Returned hipSuccess : : duration: 1165 us
:3:hip_device_runtime.cpp   :641 : 1568628803719 us:  [32m hipDeviceSynchronize (  ) [0m
:3:rocvirtual.cpp           :533 : 1568628803799 us:  Set Handler: handle(0x7fffd89fc600), timestamp(0xe0aca0)
:3:rocvirtual.hpp           :56  : 1568628803879 us:  Host active wait for Signal = (0x7fffd89fc600) for -1 ns
:3:hip_device_runtime.cpp   :645 : 1568628803965 us:  hipDeviceSynchronize: Returned hipSuccess : 
:3:rocvirtual.cpp           :226 : 1568628801686 us:  Handler: value(0), timestamp(0xe0abf0), handle(0x7fffd89fc580)
:3:hip_memory.cpp           :795 : 1568628804055 us:  [32m hipMemcpy ( 0x7ffe3167e010, 0x7ffd9ea00000, 491520000, hipMemcpyDeviceToHost ) [0m
:3:rocvirtual.cpp           :226 : 1568628804161 us:  Handler: value(0), timestamp(0x73bfa0), handle(0x7fffd89fc600)
:3:rocvirtual.hpp           :56  : 1568628804406 us:  Host active wait for Signal = (0x7fffd89feb00) for -1 ns
:3:rocvirtual.hpp           :56  : 1568628805690 us:  Host active wait for Signal = (0x7fffd89fe100) for -1 ns
:3:rocvirtual.hpp           :56  : 1568628806967 us:  Host active wait for Signal = (0x7fffd89fe200) for -1 ns
:3:rocvirtual.hpp           :56  : 1568628808243 us:  Host active wait for Signal = (0x7fffd89fdb80) for -1 ns
:3:rocvirtual.hpp           :56  : 1568628809519 us:  Host active wait for Signal = (0x7fffd89fda80) for -1 ns
:3:rocvirtual.hpp           :56  : 1568628810796 us:  Host active wait for Signal = (0x7fffd89fd880) for -1 ns
:3:rocvirtual.hpp           :56  : 1568628812072 us:  Host active wait for Signal = (0x7fffd89ff780) for -1 ns
:3:rocvirtual.hpp           :56  : 1568628813350 us:  Host active wait for Signal = (0x7fffd89fec00) for -1 ns
:3:rocvirtual.hpp           :56  : 1568628814626 us:  Host active wait for Signal = (0x7fffd89fee80) for -1 ns
:3:rocvirtual.hpp           :56  : 1568628815902 us:  Host active wait for Signal = (0x7fffd89fee00) for -1 ns
:3:rocvirtual.hpp           :56  : 1568628817177 us:  Host active wait for Signal = (0x7fffd89ff480) for -1 ns
:3:rocvirtual.hpp           :56  : 1568628818454 us:  Host active wait for Signal = (0x7fffd89fd900) for -1 ns
:3:rocvirtual.hpp           :56  : 1568628819730 us:  Host active wait for Signal = (0x7fffd89fe280) for -1 ns
:3:rocvirtual.hpp           :56  : 1568628821005 us:  Host active wait for Signal = (0x7fffd89fe300) for -1 ns
:3:rocvirtual.hpp           :56  : 1568628822281 us:  Host active wait for Signal = (0x7fffd89fe400) for -1 ns
:3:rocvirtual.cpp           :533 : 1568628823112 us:  Set Handler: handle(0x7fffd89fc280), timestamp(0xdce910)
:3:rocvirtual.hpp           :56  : 1568628823243 us:  Host active wait for Signal = (0x7fffd89fc280) for -1 ns
:3:hip_memory.cpp           :796 : 1568628823368 us:  hipMemcpy: Returned hipSuccess : : duration: 19313 us
:3:hip_memory.cpp           :3476: 1568628823448 us:  [32m hipMemset ( 0x7ffd9ea00000, 0, 491520000 ) [0m
:3:rocvirtual.cpp           :762 : 1568628823572 us:  Arg0: void* buf = ptr:0x7ffd9ea00000
:3:rocvirtual.cpp           :778 : 1568628823690 us:  Arg0: void* buf = ptr:0x7ffd9ea00000 obj:[0x7ffd9ea00000-0x7ffdbbec0000]
:3:rocvirtual.cpp           :762 : 1568628823784 us:  Arg1: uchar* pattern = ptr:0x7ffec5600000
:3:rocvirtual.cpp           :853 : 1568628823885 us:  Arg2: uint pattern_size = val:1
:3:rocvirtual.cpp           :853 : 1568628823982 us:  Arg3: uint alignment = val:16
:3:rocvirtual.cpp           :853 : 1568628824087 us:  Arg4: ulong end_ptr = val:140727756259328
:3:rocvirtual.cpp           :853 : 1568628824189 us:  Arg5: uint next_chunk = val:28160
:3:rocvirtual.cpp           :3236: 1568628824260 us:  ShaderName : __amd_rocclr_fillBufferAligned
:3:rocvirtual.cpp           :3449: 1568628824372 us:  KernargSegmentByteSize = 296 KernargSegmentAlignment = 128
:3:hip_memory.cpp           :3477: 1568628824442 us:  hipMemset: Returned hipSuccess : 
:3:hip_device_runtime.cpp   :641 : 1568628824561 us:  [32m hipDeviceSynchronize (  ) [0m
:3:rocvirtual.cpp           :226 : 1568628823258 us:  Handler: value(0), timestamp(0xe281f0), handle(0x7fffd89fc280)
:3:rocvirtual.cpp           :533 : 1568628824640 us:  Set Handler: handle(0x7fffd89fc000), timestamp(0x977180)
:3:rocvirtual.hpp           :56  : 1568628824899 us:  Host active wait for Signal = (0x7fffd89fc000) for -1 ns
:3:hip_device_runtime.cpp   :645 : 1568628825028 us:  hipDeviceSynchronize: Returned hipSuccess : 
:3:hip_platform.cpp         :237 : 1568628825105 us:  [32m __hipPushCallConfiguration ( {8,1,1}, {1024,1,1}, 0, stream:<null> ) [0m
:3:hip_platform.cpp         :241 : 1568628825315 us:  __hipPushCallConfiguration: Returned hipSuccess : 
:3:hip_platform.cpp         :246 : 1568628825406 us:  [32m __hipPopCallConfiguration ( {3964667986,32767,1024}, {2118224,0,4294925520}, 0x7fffffff5a20, 0x7fffffff5a18 ) [0m
:3:hip_platform.cpp         :255 : 1568628825584 us:  __hipPopCallConfiguration: Returned hipSuccess : 
:3:hip_module.cpp           :744 : 1568628825668 us:  [32m hipLaunchKernel ( 0x200fe8, {8,1,1}, {1024,1,1}, 0x7fffffff59d0, 0, stream:<null> ) [0m
:3:rocvirtual.cpp           :762 : 1568628825871 us:  Arg0:   = ptr:0x7ffdbc200000
:3:rocvirtual.cpp           :778 : 1568628825949 us:  Arg0:   = ptr:0x7ffdbc200000 obj:[0x7ffdbc200000-0x7ffdd96c0000]
:3:rocvirtual.cpp           :762 : 1568628826037 us:  Arg1:   = ptr:0x7ffec4a27000
:3:rocvirtual.cpp           :778 : 1568628826116 us:  Arg1:   = ptr:0x7ffec4a27000 obj:[0x7ffec4a27000-0x7ffec4a87000]
:3:rocvirtual.cpp           :762 : 1568628826202 us:  Arg2:   = ptr:0x7ffd9ea00000
:3:rocvirtual.cpp           :778 : 1568628826335 us:  Arg2:   = ptr:0x7ffd9ea00000 obj:[0x7ffd9ea00000-0x7ffdbbec0000]
:3:rocvirtual.cpp           :853 : 1568628826401 us:  Arg3:   = val:12288
:3:rocvirtual.cpp           :762 : 1568628826479 us:  Arg4:   = ptr:0x7ffec4a00000
:3:rocvirtual.cpp           :778 : 1568628826547 us:  Arg4:   = ptr:0x7ffec4a00000 obj:[0x7ffec4a00000-0x7ffec4a00024]
:3:rocvirtual.cpp           :3236: 1568628826630 us:  ShaderName : void dense_esuhm2<float>(float const*, float const*, float*, int, int const*)
:3:rocvirtual.cpp           :3449: 1568628826765 us:  KernargSegmentByteSize = 296 KernargSegmentAlignment = 128
:3:hip_module.cpp           :745 : 1568628826841 us:  hipLaunchKernel: Returned hipSuccess : : duration: 1173 us
:3:hip_device_runtime.cpp   :641 : 1568628826922 us:  [32m hipDeviceSynchronize (  ) [0m
:3:rocvirtual.cpp           :533 : 1568628826993 us:  Set Handler: handle(0x7fffd89fc080), timestamp(0xd0b070)
:3:rocvirtual.hpp           :56  : 1568628827067 us:  Host active wait for Signal = (0x7fffd89fc080) for -1 ns
:3:hip_device_runtime.cpp   :645 : 1568628827146 us:  hipDeviceSynchronize: Returned hipSuccess : 
:3:hip_memory.cpp           :795 : 1568628827237 us:  [32m hipMemcpy ( 0x7ffe141bd010, 0x7ffd9ea00000, 491520000, hipMemcpyDeviceToHost ) [0m
:3:rocvirtual.cpp           :226 : 1568628824907 us:  Handler: value(0), timestamp(0xefefa0), handle(0x7fffd89fc000)
:3:rocvirtual.hpp           :56  : 1568628827405 us:  Host active wait for Signal = (0x7fffd89fef00) for -1 ns
:3:rocvirtual.cpp           :226 : 1568628827486 us:  Handler: value(0), timestamp(0xf0fb70), handle(0x7fffd89fc080)
:3:rocvirtual.hpp           :56  : 1568628828687 us:  Host active wait for Signal = (0x7fffd89ff800) for -1 ns
:3:rocvirtual.hpp           :56  : 1568628829963 us:  Host active wait for Signal = (0x7fffd89fe600) for -1 ns
:3:rocvirtual.hpp           :56  : 1568628831239 us:  Host active wait for Signal = (0x7fffd89fef80) for -1 ns
:3:rocvirtual.hpp           :56  : 1568628832515 us:  Host active wait for Signal = (0x7fffd89fda00) for -1 ns
:3:rocvirtual.hpp           :56  : 1568628833790 us:  Host active wait for Signal = (0x7fffd89fdb00) for -1 ns
:3:rocvirtual.hpp           :56  : 1568628835066 us:  Host active wait for Signal = (0x7fffd89fe500) for -1 ns
:3:rocvirtual.hpp           :56  : 1568628836343 us:  Host active wait for Signal = (0x7fffd89ff680) for -1 ns
:3:rocvirtual.hpp           :56  : 1568628837618 us:  Host active wait for Signal = (0x7fffd89ff180) for -1 ns
:3:rocvirtual.hpp           :56  : 1568628838893 us:  Host active wait for Signal = (0x7fffd89ff380) for -1 ns
:3:rocvirtual.hpp           :56  : 1568628840169 us:  Host active wait for Signal = (0x7fffd89ff000) for -1 ns
:3:rocvirtual.hpp           :56  : 1568628841444 us:  Host active wait for Signal = (0x7fffd89ff080) for -1 ns
:3:rocvirtual.hpp           :56  : 1568628842719 us:  Host active wait for Signal = (0x7fffd89fdd00) for -1 ns
:3:rocvirtual.hpp           :56  : 1568628843995 us:  Host active wait for Signal = (0x7fffd89feb80) for -1 ns
:3:rocvirtual.hpp           :56  : 1568628845270 us:  Host active wait for Signal = (0x7fffd89fed80) for -1 ns
:3:rocvirtual.cpp           :533 : 1568628846101 us:  Set Handler: handle(0x7fffd89fd700), timestamp(0xe22dd0)
:3:rocvirtual.hpp           :56  : 1568628846199 us:  Host active wait for Signal = (0x7fffd89fd700) for -1 ns
:3:hip_memory.cpp           :796 : 1568628846333 us:  hipMemcpy: Returned hipSuccess : : duration: 19096 us
:3:hip_memory.cpp           :3476: 1568628846458 us:  [32m hipMemset ( 0x7ffd9ea00000, 0, 491520000 ) [0m
:3:rocvirtual.cpp           :762 : 1568628846538 us:  Arg0: void* buf = ptr:0x7ffd9ea00000
:3:rocvirtual.cpp           :778 : 1568628846634 us:  Arg0: void* buf = ptr:0x7ffd9ea00000 obj:[0x7ffd9ea00000-0x7ffdbbec0000]
:3:rocvirtual.cpp           :762 : 1568628846750 us:  Arg1: uchar* pattern = ptr:0x7ffec5600000
:3:rocvirtual.cpp           :853 : 1568628846840 us:  Arg2: uint pattern_size = val:1
:3:rocvirtual.cpp           :853 : 1568628846980 us:  Arg3: uint alignment = val:16
:3:rocvirtual.cpp           :853 : 1568628847074 us:  Arg4: ulong end_ptr = val:140727756259328
:3:rocvirtual.cpp           :853 : 1568628847178 us:  Arg5: uint next_chunk = val:28160
:3:rocvirtual.cpp           :3236: 1568628847282 us:  ShaderName : __amd_rocclr_fillBufferAligned
:3:rocvirtual.cpp           :3449: 1568628847350 us:  KernargSegmentByteSize = 296 KernargSegmentAlignment = 128
:3:hip_memory.cpp           :3477: 1568628847445 us:  hipMemset: Returned hipSuccess : 
:3:hip_device_runtime.cpp   :641 : 1568628847508 us:  [32m hipDeviceSynchronize (  ) [0m
:3:rocvirtual.cpp           :533 : 1568628847629 us:  Set Handler: handle(0x7fffd89fbf00), timestamp(0xd0af40)
:3:rocvirtual.hpp           :56  : 1568628847708 us:  Host active wait for Signal = (0x7fffd89fbf00) for -1 ns
:3:rocvirtual.cpp           :226 : 1568628846212 us:  Handler: value(0), timestamp(0xe0a7f0), handle(0x7fffd89fd700)
:3:hip_device_runtime.cpp   :645 : 1568628847877 us:  hipDeviceSynchronize: Returned hipSuccess : 
:3:hip_platform.cpp         :237 : 1568628848105 us:  [32m __hipPushCallConfiguration ( {8,1,1}, {1024,1,1}, 0, stream:<null> ) [0m
:3:hip_platform.cpp         :241 : 1568628848284 us:  __hipPushCallConfiguration: Returned hipSuccess : 
:3:hip_platform.cpp         :246 : 1568628848358 us:  [32m __hipPopCallConfiguration ( {3964667986,32767,1024}, {2118224,0,4294925520}, 0x7fffffff5a20, 0x7fffffff5a18 ) [0m
:3:hip_platform.cpp         :255 : 1568628848514 us:  __hipPopCallConfiguration: Returned hipSuccess : 
:3:hip_module.cpp           :744 : 1568628848628 us:  [32m hipLaunchKernel ( 0x200ff0, {8,1,1}, {1024,1,1}, 0x7fffffff59d0, 0, stream:<null> ) [0m
:3:rocvirtual.cpp           :762 : 1568628848807 us:  Arg0:   = ptr:0x7ffdbc200000
:3:rocvirtual.cpp           :778 : 1568628848877 us:  Arg0:   = ptr:0x7ffdbc200000 obj:[0x7ffdbc200000-0x7ffdd96c0000]
:3:rocvirtual.cpp           :762 : 1568628848979 us:  Arg1:   = ptr:0x7ffec4a27000
:3:rocvirtual.cpp           :778 : 1568628849083 us:  Arg1:   = ptr:0x7ffec4a27000 obj:[0x7ffec4a27000-0x7ffec4a87000]
:3:rocvirtual.cpp           :762 : 1568628849160 us:  Arg2:   = ptr:0x7ffd9ea00000
:3:rocvirtual.cpp           :778 : 1568628849229 us:  Arg2:   = ptr:0x7ffd9ea00000 obj:[0x7ffd9ea00000-0x7ffdbbec0000]
:3:rocvirtual.cpp           :853 : 1568628849360 us:  Arg3:   = val:12288
:3:rocvirtual.cpp           :762 : 1568628849424 us:  Arg4:   = ptr:0x7ffec4a00000
:3:rocvirtual.cpp           :778 : 1568628849502 us:  Arg4:   = ptr:0x7ffec4a00000 obj:[0x7ffec4a00000-0x7ffec4a00024]
:3:rocvirtual.cpp           :3236: 1568628849574 us:  ShaderName : void dense_esuhm3<float>(float const*, float const*, float*, int, int const*)
:3:rocvirtual.cpp           :3449: 1568628849725 us:  KernargSegmentByteSize = 296 KernargSegmentAlignment = 128
:3:hip_module.cpp           :745 : 1568628849800 us:  hipLaunchKernel: Returned hipSuccess : : duration: 1172 us
:3:hip_device_runtime.cpp   :641 : 1568628849884 us:  [32m hipDeviceSynchronize (  ) [0m
:3:rocvirtual.cpp           :533 : 1568628849967 us:  Set Handler: handle(0x7fffd89fbe80), timestamp(0xc93900)
:3:rocvirtual.hpp           :56  : 1568628850034 us:  Host active wait for Signal = (0x7fffd89fbe80) for -1 ns
:3:rocvirtual.cpp           :226 : 1568628847992 us:  Handler: value(0), timestamp(0x9770d0), handle(0x7fffd89fbf00)
:3:hip_device_runtime.cpp   :645 : 1568628850211 us:  hipDeviceSynchronize: Returned hipSuccess : 
:3:rocvirtual.cpp           :226 : 1568628850212 us:  Handler: value(0), timestamp(0xd0b130), handle(0x7fffd89fbe80)
:3:hip_memory.cpp           :795 : 1568628850310 us:  [32m hipMemcpy ( 0x7ffdf6cfc010, 0x7ffd9ea00000, 491520000, hipMemcpyDeviceToHost ) [0m
:3:rocvirtual.hpp           :56  : 1568628850556 us:  Host active wait for Signal = (0x7fffd89fe480) for -1 ns
:3:rocvirtual.hpp           :56  : 1568628851838 us:  Host active wait for Signal = (0x7fffd89fe680) for -1 ns
:3:rocvirtual.hpp           :56  : 1568628853113 us:  Host active wait for Signal = (0x7fffd89fe880) for -1 ns
:3:rocvirtual.hpp           :56  : 1568628854388 us:  Host active wait for Signal = (0x7fffd89fe780) for -1 ns
:3:rocvirtual.hpp           :56  : 1568628855663 us:  Host active wait for Signal = (0x7fffd89fe580) for -1 ns
:3:rocvirtual.hpp           :56  : 1568628856939 us:  Host active wait for Signal = (0x7fffd89fdf00) for -1 ns
:3:rocvirtual.hpp           :56  : 1568628858215 us:  Host active wait for Signal = (0x7fffd89fe900) for -1 ns
:3:rocvirtual.hpp           :56  : 1568628859490 us:  Host active wait for Signal = (0x7fffd89fd980) for -1 ns
:3:rocvirtual.hpp           :56  : 1568628860766 us:  Host active wait for Signal = (0x7fffd89fde00) for -1 ns
:3:rocvirtual.hpp           :56  : 1568628862041 us:  Host active wait for Signal = (0x7fffd89fe980) for -1 ns
:3:rocvirtual.hpp           :56  : 1568628863316 us:  Host active wait for Signal = (0x7fffd89fe700) for -1 ns
:3:rocvirtual.hpp           :56  : 1568628864591 us:  Host active wait for Signal = (0x7fffd89fde80) for -1 ns
:3:rocvirtual.hpp           :56  : 1568628865866 us:  Host active wait for Signal = (0x7fffd89fe080) for -1 ns
:3:rocvirtual.hpp           :56  : 1568628867141 us:  Host active wait for Signal = (0x7fffd89fe000) for -1 ns
:3:rocvirtual.hpp           :56  : 1568628868416 us:  Host active wait for Signal = (0x7fffd89fe380) for -1 ns
:3:rocvirtual.cpp           :533 : 1568628869246 us:  Set Handler: handle(0x7fffd89fce80), timestamp(0xef4090)
:3:rocvirtual.hpp           :56  : 1568628869397 us:  Host active wait for Signal = (0x7fffd89fce80) for -1 ns
:3:hip_memory.cpp           :796 : 1568628869498 us:  hipMemcpy: Returned hipSuccess : : duration: 19188 us
:3:rocvirtual.cpp           :226 : 1568628869412 us:  Handler: value(0), timestamp(0xd0b130), handle(0x7fffd89fce80)
:3:hip_memory.cpp           :772 : 1568629153314 us:  [32m hipFree ( 0x7ffdbc200000 ) [0m
:3:rocdevice.cpp            :2411: 1568629153612 us:  Device=0x6e3170, freeMem_ = 0xfe1adffdc
:3:hip_memory.cpp           :774 : 1568629153864 us:  hipFree: Returned hipSuccess : 
:3:hip_memory.cpp           :772 : 1568629154028 us:  [32m hipFree ( 0x7ffec4a27000 ) [0m
:3:rocdevice.cpp            :2411: 1568629154213 us:  Device=0x6e3170, freeMem_ = 0xfe1b3ffdc
:3:hip_memory.cpp           :774 : 1568629154417 us:  hipFree: Returned hipSuccess : 
:3:hip_memory.cpp           :772 : 1568629154554 us:  [32m hipFree ( 0x7ffd9ea00000 ) [0m
:3:rocdevice.cpp            :2411: 1568629154718 us:  Device=0x6e3170, freeMem_ = 0xffeffffdc
:3:hip_memory.cpp           :774 : 1568629154848 us:  hipFree: Returned hipSuccess : 
:3:hip_memory.cpp           :772 : 1568629154915 us:  [32m hipFree ( 0x7ffec4a00000 ) [0m
:3:rocdevice.cpp            :2411: 1568629154995 us:  Device=0x6e3170, freeMem_ = 0xfff000000
:3:hip_memory.cpp           :774 : 1568629155062 us:  hipFree: Returned hipSuccess : 
:3:rocdevice.cpp            :3254: 1568629216094 us:  releaseQueue refCount:0x7ffec5800000 (0)
:3:rocdevice.cpp            :278 : 1568629217087 us:  Deleting hostcall buffer 0x7ffe94600000 for hardware queue 0x7ffec5800000
:3:devhostcall.cpp          :460 : 1568629217371 us:  Terminated hostcall listener
:3:rocdevice.cpp            :283 : 1568629218296 us:  Deleting hardware queue 0x7ffec5800000 with refCount 0
