:3:rocdevice.cpp            :465 : 4393680141263 us: [pid:4178064 tid: 0x7f422aff0200] Initializing HSA stack.
:3:rocdevice.cpp            :551 : 4393681927007 us: [pid:4178064 tid: 0x7f422aff0200] Enumerated GPU agents = 1
:3:rocdevice.cpp            :230 : 4393681927105 us: [pid:4178064 tid: 0x7f422aff0200] Numa selects cpu agent[0]=0x37c27bd0(fine=0x37cad880,coarse=0x37ca7ed0) for gpu agent=0x37cb72d0 CPU<->GPU XGMI=0
:3:rocsettings.cpp          :284 : 4393681927121 us: [pid:4178064 tid: 0x7f422aff0200] Using dev kernel arg wa = 0
:3:comgrctx.cpp             :33  : 4393681927133 us: [pid:4178064 tid: 0x7f422aff0200] Loading COMGR library.
:3:comgrctx.cpp             :128 : 4393681927164 us: [pid:4178064 tid: 0x7f422aff0200] Loaded COMGR library version 3.0.
:3:rocdevice.cpp            :1785: 4393681927749 us: [pid:4178064 tid: 0x7f422aff0200] Gfx Major/Minor/Stepping: 9/0/10
:3:rocdevice.cpp            :1787: 4393681927760 us: [pid:4178064 tid: 0x7f422aff0200] HMM support: 1, XNACK: 0, Direct host access: 0
:3:rocdevice.cpp            :1789: 4393681927769 us: [pid:4178064 tid: 0x7f422aff0200] Max SDMA Read Mask: 0x1e, Max SDMA Write Mask: 0x1f
:4:rocdevice.cpp            :2210: 4393681928181 us: [pid:4178064 tid: 0x7f422aff0200] Allocate hsa host memory 0x7f420f400000, size 0x100000, numa_node = 0
:4:rocdevice.cpp            :2210: 4393681985278 us: [pid:4178064 tid: 0x7f422aff0200] Allocate hsa host memory 0x7f420ee00000, size 0x400000, numa_node = 0
:4:rocdevice.cpp            :2210: 4393681985411 us: [pid:4178064 tid: 0x7f422aff0200] Allocate hsa host memory 0x7f4235434000, size 0x38, numa_node = 0
:3:hip_context.cpp          :54  : 4393681985438 us: [pid:4178064 tid: 0x7f422aff0200] Direct Dispatch: 1
:3:hip_fatbin.cpp           :427 : 4393681986304 us: [pid:4178064 tid: 0x7f422aff0200] Searching for code objects, HIP_FORCE_SPIRV_CODEOBJECT: 0
:3:hip_fatbin.cpp           :435 : 4393681986595 us: [pid:4178064 tid: 0x7f422aff0200] Using Native code object: gfx90a:sramecc+:xnack-
:3:hip_memory.cpp           :756 : 4393681986637 us: [pid:4178064 tid: 0x7f422aff0200] [32m hipMalloc ( 0x7ffec1d704b0, 30720000 ) [0m
:4:rocdevice.cpp            :2371: 4393681986705 us: [pid:4178064 tid: 0x7f422aff0200] Allocate hsa device memory 0x7f420ce00000, size 0x1d4c000, hsa_mem_flags 0x0h
:3:rocdevice.cpp            :2411: 4393681987138 us: [pid:4178064 tid: 0x7f422aff0200] Device=0x37da1500, freeMem_ = 0xffd2b4000
:3:hip_memory.cpp           :758 : 4393681987157 us: [pid:4178064 tid: 0x7f422aff0200] hipMalloc: Returned hipSuccess : 0x7f420ce00000: duration: 520 us
:3:hip_memory.cpp           :795 : 4393681987183 us: [pid:4178064 tid: 0x7f422aff0200] [32m hipMemcpy ( 0x7f420ce00000, 0x7f4229299010, 30720000, hipMemcpyHostToDevice ) [0m
:3:rocdevice.cpp            :3048: 4393681987196 us: [pid:4178064 tid: 0x7f422aff0200] Number of allocated hardware queues with low priority: 0, with normal priority: 0, with high priority: 0, maximum per priority is: 4
:3:rocdevice.cpp            :3129: 4393681998707 us: [pid:4178064 tid: 0x7f422aff0200] Created SWq=0x7f4221d5c000 to map on HWq=0x7f420cc00000 with size 16384 with priority 1, cooperative: 0
:3:rocdevice.cpp            :3222: 4393681998734 us: [pid:4178064 tid: 0x7f422aff0200] acquireQueue refCount: 0x7f420cc00000 (1)
:4:rocdevice.cpp            :2210: 4393681999131 us: [pid:4178064 tid: 0x7f422aff0200] Allocate hsa host memory 0x7f420ca00000, size 0x100000, numa_node = 0
:3:devprogram.cpp           :2658: 4393682302855 us: [pid:4178064 tid: 0x7f422aff0200] Using Code Object V5.
:4:rocdevice.cpp            :2210: 4393682352325 us: [pid:4178064 tid: 0x7f422aff0200] Allocate hsa host memory 0x7f420c400000, size 0x400000, numa_node = 0
:4:command.cpp              :359 : 4393682352489 us: [pid:4178064 tid: 0x7f422aff0200] Command (CopyHostToDevice) enqueued: 0x384e3670
:4:rocblit.cpp              :1803: 4393682352845 us: [pid:4178064 tid: 0x7f422aff0200] Unpinned write path, Async = 0
:4:rocmemory.cpp            :1018: 4393682353657 us: [pid:4178064 tid: 0x7f422aff0200] Locking to pool 0x37ca7ed0, size 0x1d4d000, HostPtr = 0x7f4229299000, DevPtr = 0x7f4229299000
:4:rocblit.cpp              :623 : 4393682353692 us: [pid:4178064 tid: 0x7f422aff0200] HSA Copy Using Pinned resource size 30720000
:4:rocblit.cpp              :680 : 4393682353704 us: [pid:4178064 tid: 0x7f422aff0200] HSA Async Copy staged H2D
:4:rocblit.cpp              :503 : 4393682353715 us: [pid:4178064 tid: 0x7f422aff0200] Last copy mask 0x0
:4:rocblit.cpp              :509 : 4393682353724 us: [pid:4178064 tid: 0x7f422aff0200] Query copy engine status 0, free_engine mask 0x1f
:4:rocblit.cpp              :520 : 4393682353733 us: [pid:4178064 tid: 0x7f422aff0200] HSA Async Copy on copy_engine=0x1, dst=0x7f420ce00000, src=0x7f4229299010, size=30720000, forceSDMA=0, wait_event=0x0, completion_signal=0x7f4221bff780
:4:rocvirtual.cpp           :622 : 4393682359585 us: [pid:4178064 tid: 0x7f422aff0200] Host wait on completion_signal=0x7f4221bff780
:3:rocvirtual.hpp           :56  : 4393682359613 us: [pid:4178064 tid: 0x7f422aff0200] Host active wait for Signal = (0x7f4221bff780) for -1 ns
:4:commandqueue.cpp         :161 : 4393682360736 us: [pid:4178064 tid: 0x7f422aff0200] Marker queued to ensure finish
:4:command.cpp              :359 : 4393682360745 us: [pid:4178064 tid: 0x7f422aff0200] Command (InternalMarker) enqueued: 0x38160e90
:3:rocvirtual.cpp           :533 : 4393682360768 us: [pid:4178064 tid: 0x7f422aff0200] Set Handler: handle(0x7f4221bfd600), timestamp(0x38366470)
:4:rocvirtual.cpp           :1147: 4393682360783 us: [pid:4178064 tid: 0x7f422aff0200] SWq=0x7f4221d5c000, HWq=0x7f420cc00000, id=1, BarrierAND Header = 0x1503 (type=3, barrier=1, acquire=2, release=2), dep_signal=[0x0, 0x0, 0x0, 0x0, 0x0], completion_signal=0x7f4221bfd600
:4:commandqueue.cpp         :184 : 4393682360801 us: [pid:4178064 tid: 0x7f422aff0200] All commands finished
:3:hip_memory.cpp           :796 : 4393682360807 us: [pid:4178064 tid: 0x7f422aff0200] hipMemcpy: Returned hipSuccess : : duration: 373624 us
:3:hip_memory.cpp           :756 : 4393682360819 us: [pid:4178064 tid: 0x7f422aff0200] [32m hipMalloc ( 0x7ffec1d704a8, 24576 ) [0m
:3:rocvirtual.cpp           :226 : 4393682360834 us: [pid:4178064 tid: 0x7f40f11ff6c0] Handler: value(0), timestamp(0x3853fff0), handle(0x7f4221bfd600)
:4:command.cpp              :169 : 4393682361208 us: [pid:4178064 tid: 0x7f40f11ff6c0] Command 0x384e3670 complete
:4:command.cpp              :163 : 4393682361218 us: [pid:4178064 tid: 0x7f40f11ff6c0] Command 0x38160e90 complete (Wall: 4393682361217, CPU: 0, GPU: 463 us)
:4:rocdevice.cpp            :2371: 4393682361261 us: [pid:4178064 tid: 0x7f422aff0200] Allocate hsa device memory 0x7f4207c00000, size 0x6000, hsa_mem_flags 0x0h
:3:rocdevice.cpp            :2411: 4393682361753 us: [pid:4178064 tid: 0x7f422aff0200] Device=0x37da1500, freeMem_ = 0xffd2ae000
:3:hip_memory.cpp           :758 : 4393682361771 us: [pid:4178064 tid: 0x7f422aff0200] hipMalloc: Returned hipSuccess : 0x7f4207c00000: duration: 952 us
:3:hip_memory.cpp           :795 : 4393682361786 us: [pid:4178064 tid: 0x7f422aff0200] [32m hipMemcpy ( 0x7f4207c00000, 0x37ca0e70, 24576, hipMemcpyHostToDevice ) [0m
:4:command.cpp              :359 : 4393682361798 us: [pid:4178064 tid: 0x7f422aff0200] Command (CopyHostToDevice) enqueued: 0x38448f80
:4:rocblit.cpp              :1803: 4393682361808 us: [pid:4178064 tid: 0x7f422aff0200] Unpinned write path, Async = 0
:4:rocblit.cpp              :633 : 4393682361813 us: [pid:4178064 tid: 0x7f422aff0200] HSA Copy Using Staging resource size 24576
:4:rocblit.cpp              :680 : 4393682361823 us: [pid:4178064 tid: 0x7f422aff0200] HSA Async Copy staged H2D
:4:rocblit.cpp              :503 : 4393682361828 us: [pid:4178064 tid: 0x7f422aff0200] Last copy mask 0x0
:4:rocblit.cpp              :509 : 4393682361834 us: [pid:4178064 tid: 0x7f422aff0200] Query copy engine status 0, free_engine mask 0x1f
:4:rocblit.cpp              :520 : 4393682361841 us: [pid:4178064 tid: 0x7f422aff0200] HSA Async Copy on copy_engine=0x1, dst=0x7f4207c00000, src=0x7f420c400000, size=24576, forceSDMA=0, wait_event=0x0, completion_signal=0x7f4221bff680
:4:commandqueue.cpp         :161 : 4393682362379 us: [pid:4178064 tid: 0x7f422aff0200] Marker queued to ensure finish
:4:command.cpp              :359 : 4393682362920 us: [pid:4178064 tid: 0x7f422aff0200] Command (InternalMarker) enqueued: 0x38160e90
:3:rocvirtual.cpp           :533 : 4393682362935 us: [pid:4178064 tid: 0x7f422aff0200] Set Handler: handle(0x7f4221bfd680), timestamp(0x38366360)
:4:rocvirtual.cpp           :1147: 4393682362949 us: [pid:4178064 tid: 0x7f422aff0200] SWq=0x7f4221d5c000, HWq=0x7f420cc00000, id=1, BarrierAND Header = 0x1503 (type=3, barrier=1, acquire=2, release=2), dep_signal=[0x0, 0x0, 0x0, 0x0, 0x0], completion_signal=0x7f4221bfd680
:4:commandqueue.cpp         :184 : 4393682362963 us: [pid:4178064 tid: 0x7f422aff0200] All commands finished
:3:hip_memory.cpp           :796 : 4393682362969 us: [pid:4178064 tid: 0x7f422aff0200] hipMemcpy: Returned hipSuccess : : duration: 1183 us
:3:hip_memory.cpp           :756 : 4393682362981 us: [pid:4178064 tid: 0x7f422aff0200] [32m hipMalloc ( 0x7ffec1d704a0, 30720000 ) [0m
:3:rocvirtual.cpp           :226 : 4393682362975 us: [pid:4178064 tid: 0x7f40f11ff6c0] Handler: value(0), timestamp(0x382715d0), handle(0x7f4221bfd680)
:4:rocdevice.cpp            :2371: 4393682363055 us: [pid:4178064 tid: 0x7f422aff0200] Allocate hsa device memory 0x7f40dce00000, size 0x1d4c000, hsa_mem_flags 0x0h
:4:command.cpp              :169 : 4393682363426 us: [pid:4178064 tid: 0x7f40f11ff6c0] Command 0x38448f80 complete
:3:rocdevice.cpp            :2411: 4393682364035 us: [pid:4178064 tid: 0x7f422aff0200] Device=0x37da1500, freeMem_ = 0xffb562000
:3:hip_memory.cpp           :758 : 4393682364058 us: [pid:4178064 tid: 0x7f422aff0200] hipMalloc: Returned hipSuccess : 0x7f40dce00000: duration: 1077 us
:4:command.cpp              :163 : 4393682364035 us: [pid:4178064 tid: 0x7f40f11ff6c0] Command 0x38160e90 complete (Wall: 4393682364030, CPU: 0, GPU: 1101 us)
:3:hip_memory.cpp           :756 : 4393682364073 us: [pid:4178064 tid: 0x7f422aff0200] [32m hipMalloc ( 0x7ffec1d70498, 36 ) [0m
:4:rocdevice.cpp            :2371: 4393682364108 us: [pid:4178064 tid: 0x7f422aff0200] Allocate hsa device memory 0x7f4207c06000, size 0x24, hsa_mem_flags 0x0h
:3:rocdevice.cpp            :2411: 4393682364116 us: [pid:4178064 tid: 0x7f422aff0200] Device=0x37da1500, freeMem_ = 0xffb561fdc
:3:hip_memory.cpp           :758 : 4393682364124 us: [pid:4178064 tid: 0x7f422aff0200] hipMalloc: Returned hipSuccess : 0x7f4207c06000: duration: 51 us
:3:hip_memory.cpp           :795 : 4393682364140 us: [pid:4178064 tid: 0x7f422aff0200] [32m hipMemcpy ( 0x7f4207c06000, 0x37c9ddc0, 36, hipMemcpyHostToDevice ) [0m
:4:command.cpp              :359 : 4393682364156 us: [pid:4178064 tid: 0x7f422aff0200] Command (CopyHostToDevice) enqueued: 0x385e9950
:4:rocblit.cpp              :1803: 4393682364166 us: [pid:4178064 tid: 0x7f422aff0200] Unpinned write path, Async = 0
:4:rocblit.cpp              :1832: 4393682364171 us: [pid:4178064 tid: 0x7f422aff0200] memcpy stg buf=0x7f420c406000, host src=0x37c9ddc0, size=36
:4:rocblit.cpp              :1835: 4393682364189 us: [pid:4178064 tid: 0x7f422aff0200] Blit staging H2D copy dst=0x7f4207c06000, stg buf=0x7f420c406000, dstOrigin=0x0, size=36
:3:rocvirtual.cpp           :762 : 4393682364540 us: [pid:4178064 tid: 0x7f422aff0200] Arg0: uchar* src = ptr:0x7f420c406000
:3:rocvirtual.cpp           :762 : 4393682364545 us: [pid:4178064 tid: 0x7f422aff0200] Arg1: uchar* dst = ptr:0x7f4207c06000
:3:rocvirtual.cpp           :853 : 4393682364550 us: [pid:4178064 tid: 0x7f422aff0200] Arg2: ulong size = val:36
:3:rocvirtual.cpp           :853 : 4393682364555 us: [pid:4178064 tid: 0x7f422aff0200] Arg3: uint remainder = val:4
:3:rocvirtual.cpp           :853 : 4393682364560 us: [pid:4178064 tid: 0x7f422aff0200] Arg4: uint aligned_size = val:16
:3:rocvirtual.cpp           :853 : 4393682364564 us: [pid:4178064 tid: 0x7f422aff0200] Arg5: ulong end_ptr = val:139921574617120
:3:rocvirtual.cpp           :853 : 4393682364572 us: [pid:4178064 tid: 0x7f422aff0200] Arg6: uint next_chunk = val:512
:3:rocvirtual.cpp           :3236: 4393682364603 us: [pid:4178064 tid: 0x7f422aff0200] ShaderName : __amd_rocclr_copyBuffer
:3:rocvirtual.cpp           :3449: 4393682364610 us: [pid:4178064 tid: 0x7f422aff0200] KernargSegmentByteSize = 304 KernargSegmentAlignment = 128
:4:rocvirtual.cpp           :965 : 4393682364619 us: [pid:4178064 tid: 0x7f422aff0200] SWq=0x7f4221d5c000, HWq=0x7f420cc00000, id=1, Dispatch Header = 0x1502 (type=2, barrier=1, acquire=2, release=2), setup=1, grid=[512, 1, 1], workgroup=[512, 1, 1], private_seg_size=0, group_seg_size=0, kernel_obj=0x7f4221d4ddc0, kernarg_address=0x7f420ca00000, completion_signal=0x0, correlation_id=0, rptr=2, wptr=2
:4:commandqueue.cpp         :161 : 4393682364634 us: [pid:4178064 tid: 0x7f422aff0200] Marker queued to ensure finish
:4:command.cpp              :359 : 4393682364639 us: [pid:4178064 tid: 0x7f422aff0200] Command (InternalMarker) enqueued: 0x38160e90
:3:rocvirtual.cpp           :533 : 4393682364653 us: [pid:4178064 tid: 0x7f422aff0200] Set Handler: handle(0x7f4221bfd700), timestamp(0x38366250)
:4:rocvirtual.cpp           :1147: 4393682365210 us: [pid:4178064 tid: 0x7f422aff0200] SWq=0x7f4221d5c000, HWq=0x7f420cc00000, id=1, BarrierAND Header = 0x1503 (type=3, barrier=1, acquire=2, release=2), dep_signal=[0x0, 0x0, 0x0, 0x0, 0x0], completion_signal=0x7f4221bfd700
:4:commandqueue.cpp         :184 : 4393682365225 us: [pid:4178064 tid: 0x7f422aff0200] All commands finished
:3:hip_memory.cpp           :796 : 4393682365231 us: [pid:4178064 tid: 0x7f422aff0200] hipMemcpy: Returned hipSuccess : : duration: 1091 us
:3:rocvirtual.cpp           :226 : 4393682365237 us: [pid:4178064 tid: 0x7f40f11ff6c0] Handler: value(0), timestamp(0x383dceb0), handle(0x7f4221bfd700)
:3:hip_memory.cpp           :3476: 4393682365258 us: [pid:4178064 tid: 0x7f422aff0200] [32m hipMemset ( 0x7f40dce00000, 0, 30720000 ) [0m
:4:command.cpp              :359 : 4393682365271 us: [pid:4178064 tid: 0x7f422aff0200] Command (FillBuffer) enqueued: 0x381115e0
:3:rocvirtual.cpp           :762 : 4393682365282 us: [pid:4178064 tid: 0x7f422aff0200] Arg0: void* buf = ptr:0x7f40dce00000
:3:rocvirtual.cpp           :778 : 4393682365289 us: [pid:4178064 tid: 0x7f422aff0200] Arg0: void* buf = ptr:0x7f40dce00000 obj:[0x7f40dce00000-0x7f40deb4c000]
:4:command.cpp              :169 : 4393682365258 us: [pid:4178064 tid: 0x7f40f11ff6c0] Command 0x385e9950 complete
:4:command.cpp              :163 : 4393682365309 us: [pid:4178064 tid: 0x7f40f11ff6c0] Command 0x38160e90 complete (Wall: 4393682365307, CPU: 0, GPU: 660 us)
:3:rocvirtual.cpp           :762 : 4393682365297 us: [pid:4178064 tid: 0x7f422aff0200] Arg1: uchar* pattern = ptr:0x7f420ca00200
:3:rocvirtual.cpp           :853 : 4393682365335 us: [pid:4178064 tid: 0x7f422aff0200] Arg2: uint pattern_size = val:1
:3:rocvirtual.cpp           :853 : 4393682365739 us: [pid:4178064 tid: 0x7f422aff0200] Arg3: uint alignment = val:16
:3:rocvirtual.cpp           :853 : 4393682365748 us: [pid:4178064 tid: 0x7f422aff0200] Arg4: ulong end_ptr = val:139916591022080
:3:rocvirtual.cpp           :853 : 4393682366721 us: [pid:4178064 tid: 0x7f422aff0200] Arg5: uint next_chunk = val:26624
:3:rocvirtual.cpp           :3236: 4393682366727 us: [pid:4178064 tid: 0x7f422aff0200] ShaderName : __amd_rocclr_fillBufferAligned
:3:rocvirtual.cpp           :3449: 4393682366740 us: [pid:4178064 tid: 0x7f422aff0200] KernargSegmentByteSize = 296 KernargSegmentAlignment = 128
:4:rocvirtual.cpp           :965 : 4393682366752 us: [pid:4178064 tid: 0x7f422aff0200] SWq=0x7f4221d5c000, HWq=0x7f420cc00000, id=1, Dispatch Header = 0xb02 (type=2, barrier=1, acquire=1, release=1), setup=1, grid=[26624, 1, 1], workgroup=[256, 1, 1], private_seg_size=0, group_seg_size=0, kernel_obj=0x7f4221d4dd40, kernarg_address=0x7f420ca00300, completion_signal=0x0, correlation_id=0, rptr=4, wptr=4
:3:hip_memory.cpp           :3477: 4393682366769 us: [pid:4178064 tid: 0x7f422aff0200] hipMemset: Returned hipSuccess : 
:3:hip_device_runtime.cpp   :641 : 4393682366781 us: [pid:4178064 tid: 0x7f422aff0200] [32m hipDeviceSynchronize (  ) [0m
:4:commandqueue.cpp         :161 : 4393682366795 us: [pid:4178064 tid: 0x7f422aff0200] Marker queued to ensure finish
:4:command.cpp              :359 : 4393682366800 us: [pid:4178064 tid: 0x7f422aff0200] Command (InternalMarker) enqueued: 0x385c1000
:3:rocvirtual.cpp           :533 : 4393682366813 us: [pid:4178064 tid: 0x7f422aff0200] Set Handler: handle(0x7f4221bfd780), timestamp(0x37de48a0)
:4:rocvirtual.cpp           :1147: 4393682366821 us: [pid:4178064 tid: 0x7f422aff0200] SWq=0x7f4221d5c000, HWq=0x7f420cc00000, id=1, BarrierAND Header = 0x1503 (type=3, barrier=1, acquire=2, release=2), dep_signal=[0x0, 0x0, 0x0, 0x0, 0x0], completion_signal=0x7f4221bfd780
:3:rocvirtual.hpp           :56  : 4393682366832 us: [pid:4178064 tid: 0x7f422aff0200] Host active wait for Signal = (0x7f4221bfd780) for -1 ns
:4:commandqueue.cpp         :184 : 4393682367337 us: [pid:4178064 tid: 0x7f422aff0200] All commands finished
:3:rocvirtual.cpp           :226 : 4393682366851 us: [pid:4178064 tid: 0x7f40f11ff6c0] Handler: value(0), timestamp(0x383dd020), handle(0x7f4221bfd780)
:4:command.cpp              :169 : 4393682367360 us: [pid:4178064 tid: 0x7f40f11ff6c0] Command 0x381115e0 complete
:4:command.cpp              :163 : 4393682367368 us: [pid:4178064 tid: 0x7f40f11ff6c0] Command 0x385c1000 complete (Wall: 4393682367367, CPU: 0, GPU: 559 us)
:3:hip_device_runtime.cpp   :645 : 4393682367360 us: [pid:4178064 tid: 0x7f422aff0200] hipDeviceSynchronize: Returned hipSuccess : 
:3:hip_platform.cpp         :237 : 4393682367404 us: [pid:4178064 tid: 0x7f422aff0200] [32m __hipPushCallConfiguration ( {8,1,1}, {128,1,1}, 0, stream:<null> ) [0m
:3:hip_platform.cpp         :241 : 4393682367413 us: [pid:4178064 tid: 0x7f422aff0200] __hipPushCallConfiguration: Returned hipSuccess : 
:3:hip_platform.cpp         :246 : 4393682367423 us: [pid:4178064 tid: 0x7f422aff0200] [32m __hipPopCallConfiguration ( {896886866,32578,128}, {2118224,0,3252094336}, 0x7ffec1d702d0, 0x7ffec1d702c8 ) [0m
:3:hip_platform.cpp         :255 : 4393682367439 us: [pid:4178064 tid: 0x7f422aff0200] __hipPopCallConfiguration: Returned hipSuccess : 
:3:hip_module.cpp           :744 : 4393682367470 us: [pid:4178064 tid: 0x7f422aff0200] [32m hipLaunchKernel ( 0x200fd8, {8,1,1}, {128,1,1}, 0x7ffec1d70280, 0, stream:<null> ) [0m
:3:devprogram.cpp           :2658: 4393682368088 us: [pid:4178064 tid: 0x7f422aff0200] Using Code Object V5.
:4:command.cpp              :359 : 4393682369262 us: [pid:4178064 tid: 0x7f422aff0200] Command (KernelExecution) enqueued: 0x385ee170
:3:rocvirtual.cpp           :762 : 4393682369278 us: [pid:4178064 tid: 0x7f422aff0200] Arg0:   = ptr:0x7f420ce00000
:3:rocvirtual.cpp           :778 : 4393682369284 us: [pid:4178064 tid: 0x7f422aff0200] Arg0:   = ptr:0x7f420ce00000 obj:[0x7f420ce00000-0x7f420eb4c000]
:3:rocvirtual.cpp           :762 : 4393682369291 us: [pid:4178064 tid: 0x7f422aff0200] Arg1:   = ptr:0x7f4207c00000
:3:rocvirtual.cpp           :778 : 4393682369296 us: [pid:4178064 tid: 0x7f422aff0200] Arg1:   = ptr:0x7f4207c00000 obj:[0x7f4207c00000-0x7f4207c06000]
:3:rocvirtual.cpp           :762 : 4393682369303 us: [pid:4178064 tid: 0x7f422aff0200] Arg2:   = ptr:0x7f40dce00000
:3:rocvirtual.cpp           :778 : 4393682369308 us: [pid:4178064 tid: 0x7f422aff0200] Arg2:   = ptr:0x7f40dce00000 obj:[0x7f40dce00000-0x7f40deb4c000]
:3:rocvirtual.cpp           :853 : 4393682369315 us: [pid:4178064 tid: 0x7f422aff0200] Arg3:   = val:768
:3:rocvirtual.cpp           :762 : 4393682369718 us: [pid:4178064 tid: 0x7f422aff0200] Arg4:   = ptr:0x7f4207c06000
:3:rocvirtual.cpp           :778 : 4393682369723 us: [pid:4178064 tid: 0x7f422aff0200] Arg4:   = ptr:0x7f4207c06000 obj:[0x7f4207c06000-0x7f4207c06024]
:3:rocvirtual.cpp           :3236: 4393682369738 us: [pid:4178064 tid: 0x7f422aff0200] ShaderName : void dense_esuhm<float>(float const*, float const*, float*, int, int const*)
:4:rocdevice.cpp            :2210: 4393683220065 us: [pid:4178064 tid: 0x7f422aff0200] Allocate hsa host memory 0x7f40cf600000, size 0xd13838, numa_node = 0
:3:rocdevice.cpp            :3322: 4393683221690 us: [pid:4178064 tid: 0x7f422aff0200] Created hostcall buffer 0x7f40cf600000 for hardware queue 0x7f420cc00000
:4:rocsignal.cpp            :38  : 4393683222111 us: [pid:4178064 tid: 0x7f422aff0200] Initialize Hostcall signal=0x7f4221bfd280
:3:devhostcall.cpp          :428 : 4393683222246 us: [pid:4178064 tid: 0x7f422aff0200] Launched hostcall listener at 0x383b0a20
:3:devhostcall.cpp          :441 : 4393683222253 us: [pid:4178064 tid: 0x7f422aff0200] Registered hostcall buffer 0x7f40cf600000 with listener 0x383b0a20
:4:rocdevice.cpp            :2371: 4393683222272 us: [pid:4178064 tid: 0x7f422aff0200] Allocate hsa device memory 0x7f4207c07000, size 0x20000, hsa_mem_flags 0x0h
:4:rocdevice.cpp            :2371: 4393683222368 us: [pid:4178064 tid: 0x7f422aff0200] Allocate hsa device memory 0x7f40dc400000, size 0x800000, hsa_mem_flags 0x0h
:3:rocvirtual.cpp           :853 : 4393683223757 us: [pid:4178064 tid: 0x7f422aff0200] Arg0: ulong heap_to_initialize = val:139921574621184
:3:rocvirtual.cpp           :853 : 4393683223769 us: [pid:4178064 tid: 0x7f422aff0200] Arg1: ulong initial_blocks = val:139916549816320
:3:rocvirtual.cpp           :853 : 4393683223782 us: [pid:4178064 tid: 0x7f422aff0200] Arg2: uint heap_size = val:131072
:3:rocvirtual.cpp           :853 : 4393683223789 us: [pid:4178064 tid: 0x7f422aff0200] Arg3: uint number_of_initial_blocks = val:4
:3:rocvirtual.cpp           :3236: 4393683223803 us: [pid:4178064 tid: 0x7f422aff0200] ShaderName : __amd_rocclr_initHeap
:3:rocvirtual.cpp           :3449: 4393683223810 us: [pid:4178064 tid: 0x7f422aff0200] KernargSegmentByteSize = 24 KernargSegmentAlignment = 128
:4:rocvirtual.cpp           :965 : 4393683223824 us: [pid:4178064 tid: 0x7f422aff0200] SWq=0x7f4221d5c000, HWq=0x7f420cc00000, id=1, Dispatch Header = 0xb02 (type=2, barrier=1, acquire=1, release=1), setup=1, grid=[256, 1, 1], workgroup=[256, 1, 1], private_seg_size=0, group_seg_size=0, kernel_obj=0x7f4221d4e0c0, kernarg_address=0x7f420ca00480, completion_signal=0x0, correlation_id=0, rptr=6, wptr=6
:4:rocvirtual.cpp           :1147: 4393683223846 us: [pid:4178064 tid: 0x7f422aff0200] SWq=0x7f4221d5c000, HWq=0x7f420cc00000, id=1, BarrierAND Header = 0x1503 (type=3, barrier=1, acquire=2, release=2), dep_signal=[0x0, 0x0, 0x0, 0x0, 0x0], completion_signal=0x7f4221bff480
:4:rocvirtual.cpp           :622 : 4393683224339 us: [pid:4178064 tid: 0x7f422aff0200] Host wait on completion_signal=0x7f4221bff480
:3:rocvirtual.hpp           :56  : 4393683224350 us: [pid:4178064 tid: 0x7f422aff0200] Host active wait for Signal = (0x7f4221bff480) for -1 ns
:3:rocvirtual.cpp           :3449: 4393683237496 us: [pid:4178064 tid: 0x7f422aff0200] KernargSegmentByteSize = 296 KernargSegmentAlignment = 128
:4:rocvirtual.cpp           :965 : 4393683237522 us: [pid:4178064 tid: 0x7f422aff0200] SWq=0x7f4221d5c000, HWq=0x7f420cc00000, id=1, Dispatch Header = 0xb02 (type=2, barrier=1, acquire=1, release=1), setup=3, grid=[1024, 1, 1], workgroup=[128, 1, 1], private_seg_size=140, group_seg_size=0, kernel_obj=0x7f4221d21980, kernarg_address=0x7f420ca00000, completion_signal=0x0, correlation_id=0, rptr=8, wptr=8
:3:hip_module.cpp           :745 : 4393683237546 us: [pid:4178064 tid: 0x7f422aff0200] hipLaunchKernel: Returned hipSuccess : : duration: 870076 us
:3:hip_device_runtime.cpp   :641 : 4393683237560 us: [pid:4178064 tid: 0x7f422aff0200] [32m hipDeviceSynchronize (  ) [0m
:4:commandqueue.cpp         :161 : 4393683237569 us: [pid:4178064 tid: 0x7f422aff0200] Marker queued to ensure finish
:4:command.cpp              :359 : 4393683237575 us: [pid:4178064 tid: 0x7f422aff0200] Command (InternalMarker) enqueued: 0x385c1000
:3:rocvirtual.cpp           :533 : 4393683237599 us: [pid:4178064 tid: 0x7f422aff0200] Set Handler: handle(0x7f4221bfd800), timestamp(0x37de47d0)
:4:rocvirtual.cpp           :1147: 4393683237610 us: [pid:4178064 tid: 0x7f422aff0200] SWq=0x7f4221d5c000, HWq=0x7f420cc00000, id=1, BarrierAND Header = 0x1503 (type=3, barrier=1, acquire=2, release=2), dep_signal=[0x0, 0x0, 0x0, 0x0, 0x0], completion_signal=0x7f4221bfd800
:3:rocvirtual.hpp           :56  : 4393683237632 us: [pid:4178064 tid: 0x7f422aff0200] Host active wait for Signal = (0x7f4221bfd800) for -1 ns
:4:commandqueue.cpp         :184 : 4393683238151 us: [pid:4178064 tid: 0x7f422aff0200] All commands finished
:3:rocvirtual.cpp           :226 : 4393683237992 us: [pid:4178064 tid: 0x7f40f11ff6c0] Handler: value(0), timestamp(0x385ca490), handle(0x7f4221bfd800)
:3:hip_device_runtime.cpp   :645 : 4393683238162 us: [pid:4178064 tid: 0x7f422aff0200] hipDeviceSynchronize: Returned hipSuccess : 
:4:command.cpp              :169 : 4393683238189 us: [pid:4178064 tid: 0x7f40f11ff6c0] Command 0x385ee170 complete
:3:hip_memory.cpp           :795 : 4393683238213 us: [pid:4178064 tid: 0x7f422aff0200] [32m hipMemcpy ( 0x7f422754c010, 0x7f40dce00000, 30720000, hipMemcpyDeviceToHost ) [0m
:4:command.cpp              :163 : 4393683238218 us: [pid:4178064 tid: 0x7f40f11ff6c0] Command 0x385c1000 complete (Wall: 4393683238216, CPU: 0, GPU: 629 us)
:4:command.cpp              :359 : 4393683238237 us: [pid:4178064 tid: 0x7f422aff0200] Command (CopyDeviceToHost) enqueued: 0x385f5d20
:4:rocblit.cpp              :1673: 4393683238626 us: [pid:4178064 tid: 0x7f422aff0200] Unpinned read path, Async = 0
:4:rocmemory.cpp            :1018: 4393683252522 us: [pid:4178064 tid: 0x7f422aff0200] Locking to pool 0x37ca7ed0, size 0x1d4d000, HostPtr = 0x7f422754c000, DevPtr = 0x7f422754c000
:4:rocblit.cpp              :623 : 4393683252570 us: [pid:4178064 tid: 0x7f422aff0200] HSA Copy Using Pinned resource size 30720000
:4:rocblit.cpp              :687 : 4393683252580 us: [pid:4178064 tid: 0x7f422aff0200] HSA Async Copy staged D2H
:4:rocblit.cpp              :503 : 4393683252589 us: [pid:4178064 tid: 0x7f422aff0200] Last copy mask 0x0
:4:rocblit.cpp              :509 : 4393683252599 us: [pid:4178064 tid: 0x7f422aff0200] Query copy engine status 0, free_engine mask 0x1e
:4:rocblit.cpp              :520 : 4393683252616 us: [pid:4178064 tid: 0x7f422aff0200] HSA Async Copy on copy_engine=0x2, dst=0x7f422754c010, src=0x7f40dce00000, size=30720000, forceSDMA=0, wait_event=0x0, completion_signal=0x7f4221bff380
:4:rocvirtual.cpp           :622 : 4393683260659 us: [pid:4178064 tid: 0x7f422aff0200] Host wait on completion_signal=0x7f4221bff380
:3:rocvirtual.hpp           :56  : 4393683260702 us: [pid:4178064 tid: 0x7f422aff0200] Host active wait for Signal = (0x7f4221bff380) for -1 ns
:4:commandqueue.cpp         :161 : 4393683261791 us: [pid:4178064 tid: 0x7f422aff0200] Marker queued to ensure finish
:4:command.cpp              :359 : 4393683261808 us: [pid:4178064 tid: 0x7f422aff0200] Command (InternalMarker) enqueued: 0x385c1000
:3:rocvirtual.cpp           :533 : 4393683261832 us: [pid:4178064 tid: 0x7f422aff0200] Set Handler: handle(0x7f4221bfd100), timestamp(0x384fa760)
:4:rocvirtual.cpp           :1147: 4393683261844 us: [pid:4178064 tid: 0x7f422aff0200] SWq=0x7f4221d5c000, HWq=0x7f420cc00000, id=1, BarrierAND Header = 0x1503 (type=3, barrier=1, acquire=2, release=2), dep_signal=[0x0, 0x0, 0x0, 0x0, 0x0], completion_signal=0x7f4221bfd100
:4:commandqueue.cpp         :184 : 4393683261859 us: [pid:4178064 tid: 0x7f422aff0200] All commands finished
:3:hip_memory.cpp           :796 : 4393683261867 us: [pid:4178064 tid: 0x7f422aff0200] hipMemcpy: Returned hipSuccess : : duration: 23654 us
:3:rocvirtual.cpp           :226 : 4393683261878 us: [pid:4178064 tid: 0x7f40f11ff6c0] Handler: value(0), timestamp(0x385ca490), handle(0x7f4221bfd100)
:4:command.cpp              :169 : 4393683261898 us: [pid:4178064 tid: 0x7f40f11ff6c0] Command 0x385f5d20 complete
:4:command.cpp              :163 : 4393683261906 us: [pid:4178064 tid: 0x7f40f11ff6c0] Command 0x385c1000 complete (Wall: 4393683261904, CPU: 0, GPU: 86 us)
:3:hip_memory.cpp           :3476: 4393683261882 us: [pid:4178064 tid: 0x7f422aff0200] [32m hipMemset ( 0x7f40dce00000, 0, 30720000 ) [0m
:4:command.cpp              :359 : 4393683262417 us: [pid:4178064 tid: 0x7f422aff0200] Command (FillBuffer) enqueued: 0x37eafca0
:3:rocvirtual.cpp           :762 : 4393683262441 us: [pid:4178064 tid: 0x7f422aff0200] Arg0: void* buf = ptr:0x7f40dce00000
:3:rocvirtual.cpp           :778 : 4393683262446 us: [pid:4178064 tid: 0x7f422aff0200] Arg0: void* buf = ptr:0x7f40dce00000 obj:[0x7f40dce00000-0x7f40deb4c000]
:3:rocvirtual.cpp           :762 : 4393683262454 us: [pid:4178064 tid: 0x7f422aff0200] Arg1: uchar* pattern = ptr:0x7f420ca00000
:3:rocvirtual.cpp           :853 : 4393683262463 us: [pid:4178064 tid: 0x7f422aff0200] Arg2: uint pattern_size = val:1
:3:rocvirtual.cpp           :853 : 4393683262469 us: [pid:4178064 tid: 0x7f422aff0200] Arg3: uint alignment = val:16
:3:rocvirtual.cpp           :853 : 4393683262474 us: [pid:4178064 tid: 0x7f422aff0200] Arg4: ulong end_ptr = val:139916591022080
:3:rocvirtual.cpp           :853 : 4393683262481 us: [pid:4178064 tid: 0x7f422aff0200] Arg5: uint next_chunk = val:26624
:3:rocvirtual.cpp           :3236: 4393683262486 us: [pid:4178064 tid: 0x7f422aff0200] ShaderName : __amd_rocclr_fillBufferAligned
:3:rocvirtual.cpp           :3449: 4393683262496 us: [pid:4178064 tid: 0x7f422aff0200] KernargSegmentByteSize = 296 KernargSegmentAlignment = 128
:4:rocvirtual.cpp           :965 : 4393683262508 us: [pid:4178064 tid: 0x7f422aff0200] SWq=0x7f4221d5c000, HWq=0x7f420cc00000, id=1, Dispatch Header = 0x1502 (type=2, barrier=1, acquire=2, release=2), setup=1, grid=[26624, 1, 1], workgroup=[256, 1, 1], private_seg_size=0, group_seg_size=0, kernel_obj=0x7f4221d4dd40, kernarg_address=0x7f420ca00100, completion_signal=0x0, correlation_id=0, rptr=11, wptr=11
:3:hip_memory.cpp           :3477: 4393683262524 us: [pid:4178064 tid: 0x7f422aff0200] hipMemset: Returned hipSuccess : 
:3:hip_device_runtime.cpp   :641 : 4393683262531 us: [pid:4178064 tid: 0x7f422aff0200] [32m hipDeviceSynchronize (  ) [0m
:4:commandqueue.cpp         :161 : 4393683262537 us: [pid:4178064 tid: 0x7f422aff0200] Marker queued to ensure finish
:4:command.cpp              :359 : 4393683262970 us: [pid:4178064 tid: 0x7f422aff0200] Command (InternalMarker) enqueued: 0x385c1000
:3:rocvirtual.cpp           :533 : 4393683262991 us: [pid:4178064 tid: 0x7f422aff0200] Set Handler: handle(0x7f4221bfd080), timestamp(0x3843e130)
:4:rocvirtual.cpp           :1147: 4393683263001 us: [pid:4178064 tid: 0x7f422aff0200] SWq=0x7f4221d5c000, HWq=0x7f420cc00000, id=1, BarrierAND Header = 0x1503 (type=3, barrier=1, acquire=2, release=2), dep_signal=[0x0, 0x0, 0x0, 0x0, 0x0], completion_signal=0x7f4221bfd080
:4:commandqueue.cpp         :184 : 4393683263012 us: [pid:4178064 tid: 0x7f422aff0200] All commands finished
:3:hip_device_runtime.cpp   :645 : 4393683263019 us: [pid:4178064 tid: 0x7f422aff0200] hipDeviceSynchronize: Returned hipSuccess : 
:3:rocvirtual.cpp           :226 : 4393683263023 us: [pid:4178064 tid: 0x7f40f11ff6c0] Handler: value(0), timestamp(0x37e3d420), handle(0x7f4221bfd080)
:4:command.cpp              :169 : 4393683263043 us: [pid:4178064 tid: 0x7f40f11ff6c0] Command 0x37eafca0 complete
:4:command.cpp              :163 : 4393683263050 us: [pid:4178064 tid: 0x7f40f11ff6c0] Command 0x385c1000 complete (Wall: 4393683263048, CPU: 0, GPU: 69 us)
:3:hip_platform.cpp         :237 : 4393683263033 us: [pid:4178064 tid: 0x7f422aff0200] [32m __hipPushCallConfiguration ( {8,1,1}, {128,1,1}, 0, stream:<null> ) [0m
:3:hip_platform.cpp         :241 : 4393683263074 us: [pid:4178064 tid: 0x7f422aff0200] __hipPushCallConfiguration: Returned hipSuccess : 
:3:hip_platform.cpp         :246 : 4393683263086 us: [pid:4178064 tid: 0x7f422aff0200] [32m __hipPopCallConfiguration ( {896886866,32578,128}, {2118224,0,3252094336}, 0x7ffec1d702d0, 0x7ffec1d702c8 ) [0m
:3:hip_platform.cpp         :255 : 4393683263094 us: [pid:4178064 tid: 0x7f422aff0200] __hipPopCallConfiguration: Returned hipSuccess : 
:3:hip_module.cpp           :744 : 4393683263106 us: [pid:4178064 tid: 0x7f422aff0200] [32m hipLaunchKernel ( 0x200fe0, {8,1,1}, {128,1,1}, 0x7ffec1d70280, 0, stream:<null> ) [0m
:4:command.cpp              :359 : 4393683263124 us: [pid:4178064 tid: 0x7f422aff0200] Command (KernelExecution) enqueued: 0x3844d780
:3:rocvirtual.cpp           :762 : 4393683263138 us: [pid:4178064 tid: 0x7f422aff0200] Arg0:   = ptr:0x7f420ce00000
:3:rocvirtual.cpp           :778 : 4393683263143 us: [pid:4178064 tid: 0x7f422aff0200] Arg0:   = ptr:0x7f420ce00000 obj:[0x7f420ce00000-0x7f420eb4c000]
:3:rocvirtual.cpp           :762 : 4393683263151 us: [pid:4178064 tid: 0x7f422aff0200] Arg1:   = ptr:0x7f4207c00000
:3:rocvirtual.cpp           :778 : 4393683263155 us: [pid:4178064 tid: 0x7f422aff0200] Arg1:   = ptr:0x7f4207c00000 obj:[0x7f4207c00000-0x7f4207c06000]
:3:rocvirtual.cpp           :762 : 4393683263163 us: [pid:4178064 tid: 0x7f422aff0200] Arg2:   = ptr:0x7f40dce00000
:3:rocvirtual.cpp           :778 : 4393683263167 us: [pid:4178064 tid: 0x7f422aff0200] Arg2:   = ptr:0x7f40dce00000 obj:[0x7f40dce00000-0x7f40deb4c000]
:3:rocvirtual.cpp           :853 : 4393683263175 us: [pid:4178064 tid: 0x7f422aff0200] Arg3:   = val:768
:3:rocvirtual.cpp           :762 : 4393683263180 us: [pid:4178064 tid: 0x7f422aff0200] Arg4:   = ptr:0x7f4207c06000
:3:rocvirtual.cpp           :778 : 4393683263185 us: [pid:4178064 tid: 0x7f422aff0200] Arg4:   = ptr:0x7f4207c06000 obj:[0x7f4207c06000-0x7f4207c06024]
:3:rocvirtual.cpp           :3236: 4393683263201 us: [pid:4178064 tid: 0x7f422aff0200] ShaderName : void dense_esuhm2<float>(float const*, float const*, float*, int, int const*)
:3:rocvirtual.cpp           :3449: 4393683263211 us: [pid:4178064 tid: 0x7f422aff0200] KernargSegmentByteSize = 296 KernargSegmentAlignment = 128
:4:rocvirtual.cpp           :965 : 4393683263220 us: [pid:4178064 tid: 0x7f422aff0200] SWq=0x7f4221d5c000, HWq=0x7f420cc00000, id=1, Dispatch Header = 0xb02 (type=2, barrier=1, acquire=1, release=1), setup=3, grid=[1024, 1, 1], workgroup=[128, 1, 1], private_seg_size=140, group_seg_size=0, kernel_obj=0x7f4221d219c0, kernarg_address=0x7f420ca00280, completion_signal=0x0, correlation_id=0, rptr=13, wptr=13
:3:hip_module.cpp           :745 : 4393683263234 us: [pid:4178064 tid: 0x7f422aff0200] hipLaunchKernel: Returned hipSuccess : : duration: 128 us
:3:hip_device_runtime.cpp   :641 : 4393683263243 us: [pid:4178064 tid: 0x7f422aff0200] [32m hipDeviceSynchronize (  ) [0m
:4:commandqueue.cpp         :161 : 4393683263247 us: [pid:4178064 tid: 0x7f422aff0200] Marker queued to ensure finish
:4:command.cpp              :359 : 4393683263252 us: [pid:4178064 tid: 0x7f422aff0200] Command (InternalMarker) enqueued: 0x385c1000
:3:rocvirtual.cpp           :533 : 4393683263290 us: [pid:4178064 tid: 0x7f422aff0200] Set Handler: handle(0x7f4221bfd000), timestamp(0x384fab40)
:4:rocvirtual.cpp           :1147: 4393683263303 us: [pid:4178064 tid: 0x7f422aff0200] SWq=0x7f4221d5c000, HWq=0x7f420cc00000, id=1, BarrierAND Header = 0x1503 (type=3, barrier=1, acquire=2, release=2), dep_signal=[0x0, 0x0, 0x0, 0x0, 0x0], completion_signal=0x7f4221bfd000
:3:rocvirtual.hpp           :56  : 4393683263315 us: [pid:4178064 tid: 0x7f422aff0200] Host active wait for Signal = (0x7f4221bfd000) for -1 ns
:4:commandqueue.cpp         :184 : 4393683263336 us: [pid:4178064 tid: 0x7f422aff0200] All commands finished
:3:hip_device_runtime.cpp   :645 : 4393683263342 us: [pid:4178064 tid: 0x7f422aff0200] hipDeviceSynchronize: Returned hipSuccess : 
:3:rocvirtual.cpp           :226 : 4393683263349 us: [pid:4178064 tid: 0x7f40f11ff6c0] Handler: value(0), timestamp(0x38510aa0), handle(0x7f4221bfd000)
:3:hip_memory.cpp           :795 : 4393683263357 us: [pid:4178064 tid: 0x7f422aff0200] [32m hipMemcpy ( 0x7f42257ff010, 0x7f40dce00000, 30720000, hipMemcpyDeviceToHost ) [0m
:4:command.cpp              :359 : 4393683263372 us: [pid:4178064 tid: 0x7f422aff0200] Command (CopyDeviceToHost) enqueued: 0x385cd180
:4:command.cpp              :169 : 4393683263358 us: [pid:4178064 tid: 0x7f40f11ff6c0] Command 0x3844d780 complete
:4:command.cpp              :163 : 4393683263390 us: [pid:4178064 tid: 0x7f40f11ff6c0] Command 0x385c1000 complete (Wall: 4393683263388, CPU: 0, GPU: 119 us)
:4:rocblit.cpp              :1673: 4393683263383 us: [pid:4178064 tid: 0x7f422aff0200] Unpinned read path, Async = 0
:4:rocmemory.cpp            :1018: 4393683273619 us: [pid:4178064 tid: 0x7f422aff0200] Locking to pool 0x37ca7ed0, size 0x1d4d000, HostPtr = 0x7f42257ff000, DevPtr = 0x7f42257ff000
:4:rocblit.cpp              :623 : 4393683273639 us: [pid:4178064 tid: 0x7f422aff0200] HSA Copy Using Pinned resource size 30720000
:4:rocblit.cpp              :687 : 4393683273647 us: [pid:4178064 tid: 0x7f422aff0200] HSA Async Copy staged D2H
:4:rocblit.cpp              :503 : 4393683273653 us: [pid:4178064 tid: 0x7f422aff0200] Last copy mask 0x0
:4:rocblit.cpp              :509 : 4393683273661 us: [pid:4178064 tid: 0x7f422aff0200] Query copy engine status 0, free_engine mask 0x1e
:4:rocblit.cpp              :520 : 4393683273669 us: [pid:4178064 tid: 0x7f422aff0200] HSA Async Copy on copy_engine=0x2, dst=0x7f42257ff010, src=0x7f40dce00000, size=30720000, forceSDMA=0, wait_event=0x0, completion_signal=0x7f4221bff180
:4:rocvirtual.cpp           :622 : 4393683273680 us: [pid:4178064 tid: 0x7f422aff0200] Host wait on completion_signal=0x7f4221bff180
:3:rocvirtual.hpp           :56  : 4393683273688 us: [pid:4178064 tid: 0x7f422aff0200] Host active wait for Signal = (0x7f4221bff180) for -1 ns
:4:commandqueue.cpp         :161 : 4393683283400 us: [pid:4178064 tid: 0x7f422aff0200] Marker queued to ensure finish
:4:command.cpp              :359 : 4393683283426 us: [pid:4178064 tid: 0x7f422aff0200] Command (InternalMarker) enqueued: 0x37df1980
:3:rocvirtual.cpp           :533 : 4393683283444 us: [pid:4178064 tid: 0x7f422aff0200] Set Handler: handle(0x7f4221bfcf80), timestamp(0x384fa980)
:4:rocvirtual.cpp           :1147: 4393683283453 us: [pid:4178064 tid: 0x7f422aff0200] SWq=0x7f4221d5c000, HWq=0x7f420cc00000, id=1, BarrierAND Header = 0x1503 (type=3, barrier=1, acquire=2, release=2), dep_signal=[0x0, 0x0, 0x0, 0x0, 0x0], completion_signal=0x7f4221bfcf80
:4:commandqueue.cpp         :184 : 4393683283464 us: [pid:4178064 tid: 0x7f422aff0200] All commands finished
:3:hip_memory.cpp           :796 : 4393683283470 us: [pid:4178064 tid: 0x7f422aff0200] hipMemcpy: Returned hipSuccess : : duration: 20113 us
:3:hip_memory.cpp           :3476: 4393683283482 us: [pid:4178064 tid: 0x7f422aff0200] [32m hipMemset ( 0x7f40dce00000, 0, 30720000 ) [0m
:4:command.cpp              :359 : 4393683283495 us: [pid:4178064 tid: 0x7f422aff0200] Command (FillBuffer) enqueued: 0x383f83a0
:3:rocvirtual.cpp           :226 : 4393683283486 us: [pid:4178064 tid: 0x7f40f11ff6c0] Handler: value(0), timestamp(0x38510aa0), handle(0x7f4221bfcf80)
:4:command.cpp              :169 : 4393683283520 us: [pid:4178064 tid: 0x7f40f11ff6c0] Command 0x385cd180 complete
:4:command.cpp              :163 : 4393683283527 us: [pid:4178064 tid: 0x7f40f11ff6c0] Command 0x37df1980 complete (Wall: 4393683283526, CPU: 0, GPU: 90 us)
:3:rocvirtual.cpp           :762 : 4393683283506 us: [pid:4178064 tid: 0x7f422aff0200] Arg0: void* buf = ptr:0x7f40dce00000
:3:rocvirtual.cpp           :778 : 4393683284502 us: [pid:4178064 tid: 0x7f422aff0200] Arg0: void* buf = ptr:0x7f40dce00000 obj:[0x7f40dce00000-0x7f40deb4c000]
:3:rocvirtual.cpp           :762 : 4393683284511 us: [pid:4178064 tid: 0x7f422aff0200] Arg1: uchar* pattern = ptr:0x7f420ca00000
:3:rocvirtual.cpp           :853 : 4393683284519 us: [pid:4178064 tid: 0x7f422aff0200] Arg2: uint pattern_size = val:1
:3:rocvirtual.cpp           :853 : 4393683284525 us: [pid:4178064 tid: 0x7f422aff0200] Arg3: uint alignment = val:16
:3:rocvirtual.cpp           :853 : 4393683284529 us: [pid:4178064 tid: 0x7f422aff0200] Arg4: ulong end_ptr = val:139916591022080
:3:rocvirtual.cpp           :853 : 4393683284537 us: [pid:4178064 tid: 0x7f422aff0200] Arg5: uint next_chunk = val:26624
:3:rocvirtual.cpp           :3236: 4393683284542 us: [pid:4178064 tid: 0x7f422aff0200] ShaderName : __amd_rocclr_fillBufferAligned
:3:rocvirtual.cpp           :3449: 4393683284550 us: [pid:4178064 tid: 0x7f422aff0200] KernargSegmentByteSize = 296 KernargSegmentAlignment = 128
:4:rocvirtual.cpp           :965 : 4393683284560 us: [pid:4178064 tid: 0x7f422aff0200] SWq=0x7f4221d5c000, HWq=0x7f420cc00000, id=1, Dispatch Header = 0x1502 (type=2, barrier=1, acquire=2, release=2), setup=1, grid=[26624, 1, 1], workgroup=[256, 1, 1], private_seg_size=0, group_seg_size=0, kernel_obj=0x7f4221d4dd40, kernarg_address=0x7f420ca00100, completion_signal=0x0, correlation_id=0, rptr=16, wptr=16
:3:hip_memory.cpp           :3477: 4393683284579 us: [pid:4178064 tid: 0x7f422aff0200] hipMemset: Returned hipSuccess : 
:3:hip_device_runtime.cpp   :641 : 4393683284584 us: [pid:4178064 tid: 0x7f422aff0200] [32m hipDeviceSynchronize (  ) [0m
:4:commandqueue.cpp         :161 : 4393683284589 us: [pid:4178064 tid: 0x7f422aff0200] Marker queued to ensure finish
:4:command.cpp              :359 : 4393683284594 us: [pid:4178064 tid: 0x7f422aff0200] Command (InternalMarker) enqueued: 0x38159200
:3:rocvirtual.cpp           :533 : 4393683284607 us: [pid:4178064 tid: 0x7f422aff0200] Set Handler: handle(0x7f4221bfcf00), timestamp(0x37e3d300)
:4:rocvirtual.cpp           :1147: 4393683284616 us: [pid:4178064 tid: 0x7f422aff0200] SWq=0x7f4221d5c000, HWq=0x7f420cc00000, id=1, BarrierAND Header = 0x1503 (type=3, barrier=1, acquire=2, release=2), dep_signal=[0x0, 0x0, 0x0, 0x0, 0x0], completion_signal=0x7f4221bfcf00
:4:commandqueue.cpp         :184 : 4393683284627 us: [pid:4178064 tid: 0x7f422aff0200] All commands finished
:3:hip_device_runtime.cpp   :645 : 4393683284633 us: [pid:4178064 tid: 0x7f422aff0200] hipDeviceSynchronize: Returned hipSuccess : 
:3:rocvirtual.cpp           :226 : 4393683284642 us: [pid:4178064 tid: 0x7f40f11ff6c0] Handler: value(0), timestamp(0x384ec980), handle(0x7f4221bfcf00)
:4:command.cpp              :169 : 4393683284653 us: [pid:4178064 tid: 0x7f40f11ff6c0] Command 0x383f83a0 complete
:4:command.cpp              :163 : 4393683284658 us: [pid:4178064 tid: 0x7f40f11ff6c0] Command 0x38159200 complete (Wall: 4393683284657, CPU: 0, GPU: 56 us)
:3:hip_platform.cpp         :237 : 4393683284643 us: [pid:4178064 tid: 0x7f422aff0200] [32m __hipPushCallConfiguration ( {8,1,1}, {128,1,1}, 0, stream:<null> ) [0m
:3:hip_platform.cpp         :241 : 4393683285026 us: [pid:4178064 tid: 0x7f422aff0200] __hipPushCallConfiguration: Returned hipSuccess : 
:3:hip_platform.cpp         :246 : 4393683285037 us: [pid:4178064 tid: 0x7f422aff0200] [32m __hipPopCallConfiguration ( {896886866,32578,128}, {2118224,0,3252094336}, 0x7ffec1d702d0, 0x7ffec1d702c8 ) [0m
:3:hip_platform.cpp         :255 : 4393683285045 us: [pid:4178064 tid: 0x7f422aff0200] __hipPopCallConfiguration: Returned hipSuccess : 
:3:hip_module.cpp           :744 : 4393683285055 us: [pid:4178064 tid: 0x7f422aff0200] [32m hipLaunchKernel ( 0x200fe8, {8,1,1}, {128,1,1}, 0x7ffec1d70280, 0, stream:<null> ) [0m
:4:command.cpp              :359 : 4393683285071 us: [pid:4178064 tid: 0x7f422aff0200] Command (KernelExecution) enqueued: 0x384fbfe0
:3:rocvirtual.cpp           :762 : 4393683285080 us: [pid:4178064 tid: 0x7f422aff0200] Arg0:   = ptr:0x7f420ce00000
:3:rocvirtual.cpp           :778 : 4393683285084 us: [pid:4178064 tid: 0x7f422aff0200] Arg0:   = ptr:0x7f420ce00000 obj:[0x7f420ce00000-0x7f420eb4c000]
:3:rocvirtual.cpp           :762 : 4393683285092 us: [pid:4178064 tid: 0x7f422aff0200] Arg1:   = ptr:0x7f4207c00000
:3:rocvirtual.cpp           :778 : 4393683285096 us: [pid:4178064 tid: 0x7f422aff0200] Arg1:   = ptr:0x7f4207c00000 obj:[0x7f4207c00000-0x7f4207c06000]
:3:rocvirtual.cpp           :762 : 4393683285104 us: [pid:4178064 tid: 0x7f422aff0200] Arg2:   = ptr:0x7f40dce00000
:3:rocvirtual.cpp           :778 : 4393683285108 us: [pid:4178064 tid: 0x7f422aff0200] Arg2:   = ptr:0x7f40dce00000 obj:[0x7f40dce00000-0x7f40deb4c000]
:3:rocvirtual.cpp           :853 : 4393683285116 us: [pid:4178064 tid: 0x7f422aff0200] Arg3:   = val:768
:3:rocvirtual.cpp           :762 : 4393683285120 us: [pid:4178064 tid: 0x7f422aff0200] Arg4:   = ptr:0x7f4207c06000
:3:rocvirtual.cpp           :778 : 4393683285125 us: [pid:4178064 tid: 0x7f422aff0200] Arg4:   = ptr:0x7f4207c06000 obj:[0x7f4207c06000-0x7f4207c06024]
:3:rocvirtual.cpp           :3236: 4393683285549 us: [pid:4178064 tid: 0x7f422aff0200] ShaderName : void dense_esuhm3<float>(float const*, float const*, float*, int, int const*)
:3:rocvirtual.cpp           :3449: 4393683285560 us: [pid:4178064 tid: 0x7f422aff0200] KernargSegmentByteSize = 296 KernargSegmentAlignment = 128
:4:rocvirtual.cpp           :965 : 4393683285569 us: [pid:4178064 tid: 0x7f422aff0200] SWq=0x7f4221d5c000, HWq=0x7f420cc00000, id=1, Dispatch Header = 0xb02 (type=2, barrier=1, acquire=1, release=1), setup=3, grid=[1024, 1, 1], workgroup=[128, 1, 1], private_seg_size=140, group_seg_size=0, kernel_obj=0x7f4221d21a00, kernarg_address=0x7f420ca00280, completion_signal=0x0, correlation_id=0, rptr=18, wptr=18
:3:hip_module.cpp           :745 : 4393683285584 us: [pid:4178064 tid: 0x7f422aff0200] hipLaunchKernel: Returned hipSuccess : : duration: 529 us
:3:hip_device_runtime.cpp   :641 : 4393683285592 us: [pid:4178064 tid: 0x7f422aff0200] [32m hipDeviceSynchronize (  ) [0m
:4:commandqueue.cpp         :161 : 4393683285597 us: [pid:4178064 tid: 0x7f422aff0200] Marker queued to ensure finish
:4:command.cpp              :359 : 4393683285602 us: [pid:4178064 tid: 0x7f422aff0200] Command (InternalMarker) enqueued: 0x38159200
:3:rocvirtual.cpp           :533 : 4393683285615 us: [pid:4178064 tid: 0x7f422aff0200] Set Handler: handle(0x7f4221bfce80), timestamp(0x384fc2d0)
:4:rocvirtual.cpp           :1147: 4393683285624 us: [pid:4178064 tid: 0x7f422aff0200] SWq=0x7f4221d5c000, HWq=0x7f420cc00000, id=1, BarrierAND Header = 0x1503 (type=3, barrier=1, acquire=2, release=2), dep_signal=[0x0, 0x0, 0x0, 0x0, 0x0], completion_signal=0x7f4221bfce80
:3:rocvirtual.hpp           :56  : 4393683285635 us: [pid:4178064 tid: 0x7f422aff0200] Host active wait for Signal = (0x7f4221bfce80) for -1 ns
:4:commandqueue.cpp         :184 : 4393683285789 us: [pid:4178064 tid: 0x7f422aff0200] All commands finished
:3:hip_device_runtime.cpp   :645 : 4393683286136 us: [pid:4178064 tid: 0x7f422aff0200] hipDeviceSynchronize: Returned hipSuccess : 
:3:hip_memory.cpp           :795 : 4393683286150 us: [pid:4178064 tid: 0x7f422aff0200] [32m hipMemcpy ( 0x7f4223ab2010, 0x7f40dce00000, 30720000, hipMemcpyDeviceToHost ) [0m
:3:rocvirtual.cpp           :226 : 4393683285802 us: [pid:4178064 tid: 0x7f40f11ff6c0] Handler: value(0), timestamp(0x384fc220), handle(0x7f4221bfce80)
:4:command.cpp              :169 : 4393683286170 us: [pid:4178064 tid: 0x7f40f11ff6c0] Command 0x384fbfe0 complete
:4:command.cpp              :163 : 4393683286177 us: [pid:4178064 tid: 0x7f40f11ff6c0] Command 0x38159200 complete (Wall: 4393683286176, CPU: 0, GPU: 567 us)
:4:command.cpp              :359 : 4393683286163 us: [pid:4178064 tid: 0x7f422aff0200] Command (CopyDeviceToHost) enqueued: 0x3853a800
:4:rocblit.cpp              :1673: 4393683286199 us: [pid:4178064 tid: 0x7f422aff0200] Unpinned read path, Async = 0
:4:rocmemory.cpp            :1018: 4393683296291 us: [pid:4178064 tid: 0x7f422aff0200] Locking to pool 0x37ca7ed0, size 0x1d4d000, HostPtr = 0x7f4223ab2000, DevPtr = 0x7f4223ab2000
:4:rocblit.cpp              :623 : 4393683296305 us: [pid:4178064 tid: 0x7f422aff0200] HSA Copy Using Pinned resource size 30720000
:4:rocblit.cpp              :687 : 4393683296313 us: [pid:4178064 tid: 0x7f422aff0200] HSA Async Copy staged D2H
:4:rocblit.cpp              :503 : 4393683296319 us: [pid:4178064 tid: 0x7f422aff0200] Last copy mask 0x0
:4:rocblit.cpp              :509 : 4393683296325 us: [pid:4178064 tid: 0x7f422aff0200] Query copy engine status 0, free_engine mask 0x1e
:4:rocblit.cpp              :520 : 4393683296333 us: [pid:4178064 tid: 0x7f422aff0200] HSA Async Copy on copy_engine=0x2, dst=0x7f4223ab2010, src=0x7f40dce00000, size=30720000, forceSDMA=0, wait_event=0x0, completion_signal=0x7f4221bfef80
:4:rocvirtual.cpp           :622 : 4393683296343 us: [pid:4178064 tid: 0x7f422aff0200] Host wait on completion_signal=0x7f4221bfef80
:3:rocvirtual.hpp           :56  : 4393683296350 us: [pid:4178064 tid: 0x7f422aff0200] Host active wait for Signal = (0x7f4221bfef80) for -1 ns
:4:commandqueue.cpp         :161 : 4393683421854 us: [pid:4178064 tid: 0x7f422aff0200] Marker queued to ensure finish
:4:command.cpp              :359 : 4393683421883 us: [pid:4178064 tid: 0x7f422aff0200] Command (InternalMarker) enqueued: 0x38159200
:3:rocvirtual.cpp           :533 : 4393683421916 us: [pid:4178064 tid: 0x7f422aff0200] Set Handler: handle(0x7f4221bfce00), timestamp(0x384fc1a0)
:4:rocvirtual.cpp           :1147: 4393683421930 us: [pid:4178064 tid: 0x7f422aff0200] SWq=0x7f4221d5c000, HWq=0x7f420cc00000, id=1, BarrierAND Header = 0x1503 (type=3, barrier=1, acquire=2, release=2), dep_signal=[0x0, 0x0, 0x0, 0x0, 0x0], completion_signal=0x7f4221bfce00
:4:commandqueue.cpp         :184 : 4393683421945 us: [pid:4178064 tid: 0x7f422aff0200] All commands finished
:3:hip_memory.cpp           :796 : 4393683421953 us: [pid:4178064 tid: 0x7f422aff0200] hipMemcpy: Returned hipSuccess : : duration: 135803 us
:3:rocvirtual.cpp           :226 : 4393683421964 us: [pid:4178064 tid: 0x7f40f11ff6c0] Handler: value(0), timestamp(0x384fc220), handle(0x7f4221bfce00)
:4:command.cpp              :169 : 4393683421979 us: [pid:4178064 tid: 0x7f40f11ff6c0] Command 0x3853a800 complete
:4:command.cpp              :163 : 4393683421986 us: [pid:4178064 tid: 0x7f40f11ff6c0] Command 0x38159200 complete (Wall: 4393683421985, CPU: 0, GPU: 87 us)
:3:hip_memory.cpp           :3476: 4393683499361 us: [pid:4178064 tid: 0x7f422aff0200] [32m hipMemset ( 0x7f40dce00000, 0, 30720000 ) [0m
:4:command.cpp              :359 : 4393683499392 us: [pid:4178064 tid: 0x7f422aff0200] Command (FillBuffer) enqueued: 0x37e7aa40
:3:rocvirtual.cpp           :762 : 4393683499409 us: [pid:4178064 tid: 0x7f422aff0200] Arg0: void* buf = ptr:0x7f40dce00000
:3:rocvirtual.cpp           :778 : 4393683499414 us: [pid:4178064 tid: 0x7f422aff0200] Arg0: void* buf = ptr:0x7f40dce00000 obj:[0x7f40dce00000-0x7f40deb4c000]
:3:rocvirtual.cpp           :762 : 4393683499422 us: [pid:4178064 tid: 0x7f422aff0200] Arg1: uchar* pattern = ptr:0x7f420ca00000
:3:rocvirtual.cpp           :853 : 4393683499430 us: [pid:4178064 tid: 0x7f422aff0200] Arg2: uint pattern_size = val:1
:3:rocvirtual.cpp           :853 : 4393683499435 us: [pid:4178064 tid: 0x7f422aff0200] Arg3: uint alignment = val:16
:3:rocvirtual.cpp           :853 : 4393683499440 us: [pid:4178064 tid: 0x7f422aff0200] Arg4: ulong end_ptr = val:139916591022080
:3:rocvirtual.cpp           :853 : 4393683499447 us: [pid:4178064 tid: 0x7f422aff0200] Arg5: uint next_chunk = val:26624
:3:rocvirtual.cpp           :3236: 4393683499452 us: [pid:4178064 tid: 0x7f422aff0200] ShaderName : __amd_rocclr_fillBufferAligned
:3:rocvirtual.cpp           :3449: 4393683499461 us: [pid:4178064 tid: 0x7f422aff0200] KernargSegmentByteSize = 296 KernargSegmentAlignment = 128
:4:rocvirtual.cpp           :965 : 4393683499472 us: [pid:4178064 tid: 0x7f422aff0200] SWq=0x7f4221d5c000, HWq=0x7f420cc00000, id=1, Dispatch Header = 0x1502 (type=2, barrier=1, acquire=2, release=2), setup=1, grid=[26624, 1, 1], workgroup=[256, 1, 1], private_seg_size=0, group_seg_size=0, kernel_obj=0x7f4221d4dd40, kernarg_address=0x7f420ca00100, completion_signal=0x0, correlation_id=0, rptr=21, wptr=21
:3:hip_memory.cpp           :3477: 4393683499488 us: [pid:4178064 tid: 0x7f422aff0200] hipMemset: Returned hipSuccess : 
:3:hip_device_runtime.cpp   :641 : 4393683499494 us: [pid:4178064 tid: 0x7f422aff0200] [32m hipDeviceSynchronize (  ) [0m
:4:commandqueue.cpp         :161 : 4393683499500 us: [pid:4178064 tid: 0x7f422aff0200] Marker queued to ensure finish
:4:command.cpp              :359 : 4393683499505 us: [pid:4178064 tid: 0x7f422aff0200] Command (InternalMarker) enqueued: 0x38159200
:3:rocvirtual.cpp           :533 : 4393683499527 us: [pid:4178064 tid: 0x7f422aff0200] Set Handler: handle(0x7f4221bfcd80), timestamp(0x384fc090)
:4:rocvirtual.cpp           :1147: 4393683499537 us: [pid:4178064 tid: 0x7f422aff0200] SWq=0x7f4221d5c000, HWq=0x7f420cc00000, id=1, BarrierAND Header = 0x1503 (type=3, barrier=1, acquire=2, release=2), dep_signal=[0x0, 0x0, 0x0, 0x0, 0x0], completion_signal=0x7f4221bfcd80
:3:rocvirtual.hpp           :56  : 4393683499996 us: [pid:4178064 tid: 0x7f422aff0200] Host active wait for Signal = (0x7f4221bfcd80) for -1 ns
:4:commandqueue.cpp         :184 : 4393684873937 us: [pid:4178064 tid: 0x7f422aff0200] All commands finished
:3:rocvirtual.cpp           :226 : 4393684873961 us: [pid:4178064 tid: 0x7f40f11ff6c0] Handler: value(0), timestamp(0x384fbfe0), handle(0x7f4221bfcd80)
:4:command.cpp              :169 : 4393684873984 us: [pid:4178064 tid: 0x7f40f11ff6c0] Command 0x37e7aa40 complete
:3:hip_device_runtime.cpp   :645 : 4393684873991 us: [pid:4178064 tid: 0x7f422aff0200] hipDeviceSynchronize: Returned hipSuccess : 
:4:command.cpp              :163 : 4393684873996 us: [pid:4178064 tid: 0x7f40f11ff6c0] Command 0x38159200 complete (Wall: 4393684873993, CPU: 0, GPU: 1374480 us)
:3:hip_platform.cpp         :237 : 4393684874010 us: [pid:4178064 tid: 0x7f422aff0200] [32m __hipPushCallConfiguration ( {8,1,1}, {256,1,1}, 0, stream:<null> ) [0m
:3:hip_platform.cpp         :241 : 4393684874027 us: [pid:4178064 tid: 0x7f422aff0200] __hipPushCallConfiguration: Returned hipSuccess : 
:3:hip_platform.cpp         :246 : 4393684874039 us: [pid:4178064 tid: 0x7f422aff0200] [32m __hipPopCallConfiguration ( {896886866,32578,256}, {2118224,0,3252094336}, 0x7ffec1d702d0, 0x7ffec1d702c8 ) [0m
:3:hip_platform.cpp         :255 : 4393684874053 us: [pid:4178064 tid: 0x7f422aff0200] __hipPopCallConfiguration: Returned hipSuccess : 
:3:hip_module.cpp           :744 : 4393684874071 us: [pid:4178064 tid: 0x7f422aff0200] [32m hipLaunchKernel ( 0x200fd8, {8,1,1}, {256,1,1}, 0x7ffec1d70280, 0, stream:<null> ) [0m
:4:command.cpp              :359 : 4393684874094 us: [pid:4178064 tid: 0x7f422aff0200] Command (KernelExecution) enqueued: 0x3853a800
:3:rocvirtual.cpp           :762 : 4393684874105 us: [pid:4178064 tid: 0x7f422aff0200] Arg0:   = ptr:0x7f420ce00000
:3:rocvirtual.cpp           :778 : 4393684874110 us: [pid:4178064 tid: 0x7f422aff0200] Arg0:   = ptr:0x7f420ce00000 obj:[0x7f420ce00000-0x7f420eb4c000]
:3:rocvirtual.cpp           :762 : 4393684874118 us: [pid:4178064 tid: 0x7f422aff0200] Arg1:   = ptr:0x7f4207c00000
:3:rocvirtual.cpp           :778 : 4393684874123 us: [pid:4178064 tid: 0x7f422aff0200] Arg1:   = ptr:0x7f4207c00000 obj:[0x7f4207c00000-0x7f4207c06000]
:3:rocvirtual.cpp           :762 : 4393684874130 us: [pid:4178064 tid: 0x7f422aff0200] Arg2:   = ptr:0x7f40dce00000
:3:rocvirtual.cpp           :778 : 4393684874135 us: [pid:4178064 tid: 0x7f422aff0200] Arg2:   = ptr:0x7f40dce00000 obj:[0x7f40dce00000-0x7f40deb4c000]
:3:rocvirtual.cpp           :853 : 4393684875179 us: [pid:4178064 tid: 0x7f422aff0200] Arg3:   = val:768
:3:rocvirtual.cpp           :762 : 4393684875185 us: [pid:4178064 tid: 0x7f422aff0200] Arg4:   = ptr:0x7f4207c06000
:3:rocvirtual.cpp           :778 : 4393684875190 us: [pid:4178064 tid: 0x7f422aff0200] Arg4:   = ptr:0x7f4207c06000 obj:[0x7f4207c06000-0x7f4207c06024]
:3:rocvirtual.cpp           :3236: 4393684875198 us: [pid:4178064 tid: 0x7f422aff0200] ShaderName : void dense_esuhm<float>(float const*, float const*, float*, int, int const*)
:3:rocvirtual.cpp           :3449: 4393684875211 us: [pid:4178064 tid: 0x7f422aff0200] KernargSegmentByteSize = 296 KernargSegmentAlignment = 128
:4:rocvirtual.cpp           :965 : 4393684875223 us: [pid:4178064 tid: 0x7f422aff0200] SWq=0x7f4221d5c000, HWq=0x7f420cc00000, id=1, Dispatch Header = 0xb02 (type=2, barrier=1, acquire=1, release=1), setup=3, grid=[2048, 1, 1], workgroup=[256, 1, 1], private_seg_size=140, group_seg_size=0, kernel_obj=0x7f4221d21980, kernarg_address=0x7f420ca00280, completion_signal=0x0, correlation_id=0, rptr=23, wptr=23
:3:hip_module.cpp           :745 : 4393684875769 us: [pid:4178064 tid: 0x7f422aff0200] hipLaunchKernel: Returned hipSuccess : : duration: 1698 us
:3:hip_device_runtime.cpp   :641 : 4393684875778 us: [pid:4178064 tid: 0x7f422aff0200] [32m hipDeviceSynchronize (  ) [0m
:4:commandqueue.cpp         :161 : 4393684875784 us: [pid:4178064 tid: 0x7f422aff0200] Marker queued to ensure finish
:4:command.cpp              :359 : 4393684875789 us: [pid:4178064 tid: 0x7f422aff0200] Command (InternalMarker) enqueued: 0x38159200
:3:rocvirtual.cpp           :533 : 4393684875816 us: [pid:4178064 tid: 0x7f422aff0200] Set Handler: handle(0x7f4221bfcd00), timestamp(0x3853aa70)
:4:rocvirtual.cpp           :1147: 4393684875825 us: [pid:4178064 tid: 0x7f422aff0200] SWq=0x7f4221d5c000, HWq=0x7f420cc00000, id=1, BarrierAND Header = 0x1503 (type=3, barrier=1, acquire=2, release=2), dep_signal=[0x0, 0x0, 0x0, 0x0, 0x0], completion_signal=0x7f4221bfcd00
:3:rocvirtual.hpp           :56  : 4393684875837 us: [pid:4178064 tid: 0x7f422aff0200] Host active wait for Signal = (0x7f4221bfcd00) for -1 ns
:4:commandqueue.cpp         :184 : 4393685001942 us: [pid:4178064 tid: 0x7f422aff0200] All commands finished
:3:hip_device_runtime.cpp   :645 : 4393685001962 us: [pid:4178064 tid: 0x7f422aff0200] hipDeviceSynchronize: Returned hipSuccess : 
:3:rocvirtual.cpp           :226 : 4393685001969 us: [pid:4178064 tid: 0x7f40f11ff6c0] Handler: value(0), timestamp(0x3853a9c0), handle(0x7f4221bfcd00)
:4:command.cpp              :169 : 4393685001993 us: [pid:4178064 tid: 0x7f40f11ff6c0] Command 0x3853a800 complete
:3:hip_memory.cpp           :795 : 4393685001983 us: [pid:4178064 tid: 0x7f422aff0200] [32m hipMemcpy ( 0x7f422754c010, 0x7f40dce00000, 30720000, hipMemcpyDeviceToHost ) [0m
:4:command.cpp              :359 : 4393685002021 us: [pid:4178064 tid: 0x7f422aff0200] Command (CopyDeviceToHost) enqueued: 0x3853a800
:4:rocblit.cpp              :1673: 4393685002033 us: [pid:4178064 tid: 0x7f422aff0200] Unpinned read path, Async = 0
:4:command.cpp              :163 : 4393685002003 us: [pid:4178064 tid: 0x7f40f11ff6c0] Command 0x38159200 complete (Wall: 4393685002001, CPU: 0, GPU: 126198 us)
:4:rocmemory.cpp            :1018: 4393685002053 us: [pid:4178064 tid: 0x7f422aff0200] Locking to pool 0x37ca7ed0, size 0x1d4d000, HostPtr = 0x7f422754c000, DevPtr = 0x7f422754c000
:4:rocblit.cpp              :623 : 4393685002062 us: [pid:4178064 tid: 0x7f422aff0200] HSA Copy Using Pinned resource size 30720000
:4:rocblit.cpp              :687 : 4393685002069 us: [pid:4178064 tid: 0x7f422aff0200] HSA Async Copy staged D2H
:4:rocblit.cpp              :503 : 4393685002075 us: [pid:4178064 tid: 0x7f422aff0200] Last copy mask 0x0
:4:rocblit.cpp              :509 : 4393685002082 us: [pid:4178064 tid: 0x7f422aff0200] Query copy engine status 0, free_engine mask 0x1e
:4:rocblit.cpp              :520 : 4393685002442 us: [pid:4178064 tid: 0x7f422aff0200] HSA Async Copy on copy_engine=0x2, dst=0x7f422754c010, src=0x7f40dce00000, size=30720000, forceSDMA=0, wait_event=0x0, completion_signal=0x7f4221bfed80
:4:rocvirtual.cpp           :622 : 4393685002455 us: [pid:4178064 tid: 0x7f422aff0200] Host wait on completion_signal=0x7f4221bfed80
:3:rocvirtual.hpp           :56  : 4393685002463 us: [pid:4178064 tid: 0x7f422aff0200] Host active wait for Signal = (0x7f4221bfed80) for -1 ns
:4:commandqueue.cpp         :161 : 4393685003629 us: [pid:4178064 tid: 0x7f422aff0200] Marker queued to ensure finish
:4:command.cpp              :359 : 4393685003638 us: [pid:4178064 tid: 0x7f422aff0200] Command (InternalMarker) enqueued: 0x37e00000
:3:rocvirtual.cpp           :533 : 4393685003655 us: [pid:4178064 tid: 0x7f422aff0200] Set Handler: handle(0x7f4221bfcc80), timestamp(0x384ecbc0)
:4:rocvirtual.cpp           :1147: 4393685003665 us: [pid:4178064 tid: 0x7f422aff0200] SWq=0x7f4221d5c000, HWq=0x7f420cc00000, id=1, BarrierAND Header = 0x1503 (type=3, barrier=1, acquire=2, release=2), dep_signal=[0x0, 0x0, 0x0, 0x0, 0x0], completion_signal=0x7f4221bfcc80
:4:commandqueue.cpp         :184 : 4393685003676 us: [pid:4178064 tid: 0x7f422aff0200] All commands finished
:3:hip_memory.cpp           :796 : 4393685003681 us: [pid:4178064 tid: 0x7f422aff0200] hipMemcpy: Returned hipSuccess : : duration: 1698 us
:3:rocvirtual.cpp           :226 : 4393685003689 us: [pid:4178064 tid: 0x7f40f11ff6c0] Handler: value(0), timestamp(0x3853a9c0), handle(0x7f4221bfcc80)
:4:command.cpp              :169 : 4393685003706 us: [pid:4178064 tid: 0x7f40f11ff6c0] Command 0x3853a800 complete
:3:hip_memory.cpp           :3476: 4393685003692 us: [pid:4178064 tid: 0x7f422aff0200] [32m hipMemset ( 0x7f40dce00000, 0, 30720000 ) [0m
:4:command.cpp              :359 : 4393685003738 us: [pid:4178064 tid: 0x7f422aff0200] Command (FillBuffer) enqueued: 0x384bc2c0
:4:command.cpp              :163 : 4393685003722 us: [pid:4178064 tid: 0x7f40f11ff6c0] Command 0x37e00000 complete (Wall: 4393685003720, CPU: 0, GPU: 73 us)
:3:rocvirtual.cpp           :762 : 4393685004287 us: [pid:4178064 tid: 0x7f422aff0200] Arg0: void* buf = ptr:0x7f40dce00000
:3:rocvirtual.cpp           :778 : 4393685004337 us: [pid:4178064 tid: 0x7f422aff0200] Arg0: void* buf = ptr:0x7f40dce00000 obj:[0x7f40dce00000-0x7f40deb4c000]
:3:rocvirtual.cpp           :762 : 4393685004347 us: [pid:4178064 tid: 0x7f422aff0200] Arg1: uchar* pattern = ptr:0x7f420ca00000
:3:rocvirtual.cpp           :853 : 4393685004355 us: [pid:4178064 tid: 0x7f422aff0200] Arg2: uint pattern_size = val:1
:3:rocvirtual.cpp           :853 : 4393685004360 us: [pid:4178064 tid: 0x7f422aff0200] Arg3: uint alignment = val:16
:3:rocvirtual.cpp           :853 : 4393685004365 us: [pid:4178064 tid: 0x7f422aff0200] Arg4: ulong end_ptr = val:139916591022080
:3:rocvirtual.cpp           :853 : 4393685004373 us: [pid:4178064 tid: 0x7f422aff0200] Arg5: uint next_chunk = val:26624
:3:rocvirtual.cpp           :3236: 4393685004378 us: [pid:4178064 tid: 0x7f422aff0200] ShaderName : __amd_rocclr_fillBufferAligned
:3:rocvirtual.cpp           :3449: 4393685004386 us: [pid:4178064 tid: 0x7f422aff0200] KernargSegmentByteSize = 296 KernargSegmentAlignment = 128
:4:rocvirtual.cpp           :965 : 4393685004820 us: [pid:4178064 tid: 0x7f422aff0200] SWq=0x7f4221d5c000, HWq=0x7f420cc00000, id=1, Dispatch Header = 0x1502 (type=2, barrier=1, acquire=2, release=2), setup=1, grid=[26624, 1, 1], workgroup=[256, 1, 1], private_seg_size=0, group_seg_size=0, kernel_obj=0x7f4221d4dd40, kernarg_address=0x7f420ca00100, completion_signal=0x0, correlation_id=0, rptr=26, wptr=26
:3:hip_memory.cpp           :3477: 4393685004838 us: [pid:4178064 tid: 0x7f422aff0200] hipMemset: Returned hipSuccess : 
:3:hip_device_runtime.cpp   :641 : 4393685004844 us: [pid:4178064 tid: 0x7f422aff0200] [32m hipDeviceSynchronize (  ) [0m
:4:commandqueue.cpp         :161 : 4393685004850 us: [pid:4178064 tid: 0x7f422aff0200] Marker queued to ensure finish
:4:command.cpp              :359 : 4393685004855 us: [pid:4178064 tid: 0x7f422aff0200] Command (InternalMarker) enqueued: 0x385b93a0
:3:rocvirtual.cpp           :533 : 4393685004872 us: [pid:4178064 tid: 0x7f422aff0200] Set Handler: handle(0x7f4221bfcc00), timestamp(0x3853a8b0)
:4:rocvirtual.cpp           :1147: 4393685004881 us: [pid:4178064 tid: 0x7f422aff0200] SWq=0x7f4221d5c000, HWq=0x7f420cc00000, id=1, BarrierAND Header = 0x1503 (type=3, barrier=1, acquire=2, release=2), dep_signal=[0x0, 0x0, 0x0, 0x0, 0x0], completion_signal=0x7f4221bfcc00
:3:rocvirtual.hpp           :56  : 4393685004892 us: [pid:4178064 tid: 0x7f422aff0200] Host active wait for Signal = (0x7f4221bfcc00) for -1 ns
:4:commandqueue.cpp         :184 : 4393685257783 us: [pid:4178064 tid: 0x7f422aff0200] All commands finished
:3:hip_device_runtime.cpp   :645 : 4393685257811 us: [pid:4178064 tid: 0x7f422aff0200] hipDeviceSynchronize: Returned hipSuccess : 
:3:hip_platform.cpp         :237 : 4393685257830 us: [pid:4178064 tid: 0x7f422aff0200] [32m __hipPushCallConfiguration ( {8,1,1}, {256,1,1}, 0, stream:<null> ) [0m
:3:hip_platform.cpp         :241 : 4393685257840 us: [pid:4178064 tid: 0x7f422aff0200] __hipPushCallConfiguration: Returned hipSuccess : 
:3:hip_platform.cpp         :246 : 4393685257852 us: [pid:4178064 tid: 0x7f422aff0200] [32m __hipPopCallConfiguration ( {896886866,32578,256}, {2118224,0,3252094336}, 0x7ffec1d702d0, 0x7ffec1d702c8 ) [0m
:3:hip_platform.cpp         :255 : 4393685257862 us: [pid:4178064 tid: 0x7f422aff0200] __hipPopCallConfiguration: Returned hipSuccess : 
:3:rocvirtual.cpp           :226 : 4393685257813 us: [pid:4178064 tid: 0x7f40f11ff6c0] Handler: value(0), timestamp(0x3853a800), handle(0x7f4221bfcc00)
:3:hip_module.cpp           :744 : 4393685257875 us: [pid:4178064 tid: 0x7f422aff0200] [32m hipLaunchKernel ( 0x200fe0, {8,1,1}, {256,1,1}, 0x7ffec1d70280, 0, stream:<null> ) [0m
:4:command.cpp              :169 : 4393685257900 us: [pid:4178064 tid: 0x7f40f11ff6c0] Command 0x384bc2c0 complete
:4:command.cpp              :359 : 4393685257921 us: [pid:4178064 tid: 0x7f422aff0200] Command (KernelExecution) enqueued: 0x3853ab80
:4:command.cpp              :163 : 4393685257922 us: [pid:4178064 tid: 0x7f40f11ff6c0] Command 0x385b93a0 complete (Wall: 4393685257920, CPU: 0, GPU: 253058 us)
:3:rocvirtual.cpp           :762 : 4393685257944 us: [pid:4178064 tid: 0x7f422aff0200] Arg0:   = ptr:0x7f420ce00000
:3:rocvirtual.cpp           :778 : 4393685258383 us: [pid:4178064 tid: 0x7f422aff0200] Arg0:   = ptr:0x7f420ce00000 obj:[0x7f420ce00000-0x7f420eb4c000]
:3:rocvirtual.cpp           :762 : 4393685258391 us: [pid:4178064 tid: 0x7f422aff0200] Arg1:   = ptr:0x7f4207c00000
:3:rocvirtual.cpp           :778 : 4393685258396 us: [pid:4178064 tid: 0x7f422aff0200] Arg1:   = ptr:0x7f4207c00000 obj:[0x7f4207c00000-0x7f4207c06000]
:3:rocvirtual.cpp           :762 : 4393685258411 us: [pid:4178064 tid: 0x7f422aff0200] Arg2:   = ptr:0x7f40dce00000
:3:rocvirtual.cpp           :778 : 4393685258418 us: [pid:4178064 tid: 0x7f422aff0200] Arg2:   = ptr:0x7f40dce00000 obj:[0x7f40dce00000-0x7f40deb4c000]
:3:rocvirtual.cpp           :853 : 4393685258445 us: [pid:4178064 tid: 0x7f422aff0200] Arg3:   = val:768
:3:rocvirtual.cpp           :762 : 4393685258452 us: [pid:4178064 tid: 0x7f422aff0200] Arg4:   = ptr:0x7f4207c06000
:3:rocvirtual.cpp           :778 : 4393685258459 us: [pid:4178064 tid: 0x7f422aff0200] Arg4:   = ptr:0x7f4207c06000 obj:[0x7f4207c06000-0x7f4207c06024]
:3:rocvirtual.cpp           :3236: 4393685258470 us: [pid:4178064 tid: 0x7f422aff0200] ShaderName : void dense_esuhm2<float>(float const*, float const*, float*, int, int const*)
:3:rocvirtual.cpp           :3449: 4393685258481 us: [pid:4178064 tid: 0x7f422aff0200] KernargSegmentByteSize = 296 KernargSegmentAlignment = 128
:4:rocvirtual.cpp           :965 : 4393685258493 us: [pid:4178064 tid: 0x7f422aff0200] SWq=0x7f4221d5c000, HWq=0x7f420cc00000, id=1, Dispatch Header = 0xb02 (type=2, barrier=1, acquire=1, release=1), setup=3, grid=[2048, 1, 1], workgroup=[256, 1, 1], private_seg_size=140, group_seg_size=0, kernel_obj=0x7f4221d219c0, kernarg_address=0x7f420ca00280, completion_signal=0x0, correlation_id=0, rptr=28, wptr=28
:3:hip_module.cpp           :745 : 4393685258509 us: [pid:4178064 tid: 0x7f422aff0200] hipLaunchKernel: Returned hipSuccess : : duration: 634 us
:3:hip_device_runtime.cpp   :641 : 4393685258943 us: [pid:4178064 tid: 0x7f422aff0200] [32m hipDeviceSynchronize (  ) [0m
:4:commandqueue.cpp         :161 : 4393685259523 us: [pid:4178064 tid: 0x7f422aff0200] Marker queued to ensure finish
:4:command.cpp              :359 : 4393685259529 us: [pid:4178064 tid: 0x7f422aff0200] Command (InternalMarker) enqueued: 0x3853adc0
:3:rocvirtual.cpp           :533 : 4393685259550 us: [pid:4178064 tid: 0x7f422aff0200] Set Handler: handle(0x7f4221bfcb80), timestamp(0x384fc290)
:4:rocvirtual.cpp           :1147: 4393685259559 us: [pid:4178064 tid: 0x7f422aff0200] SWq=0x7f4221d5c000, HWq=0x7f420cc00000, id=1, BarrierAND Header = 0x1503 (type=3, barrier=1, acquire=2, release=2), dep_signal=[0x0, 0x0, 0x0, 0x0, 0x0], completion_signal=0x7f4221bfcb80
:4:commandqueue.cpp         :184 : 4393685259571 us: [pid:4178064 tid: 0x7f422aff0200] All commands finished
:3:hip_device_runtime.cpp   :645 : 4393685259577 us: [pid:4178064 tid: 0x7f422aff0200] hipDeviceSynchronize: Returned hipSuccess : 
:3:rocvirtual.cpp           :226 : 4393685259585 us: [pid:4178064 tid: 0x7f40f11ff6c0] Handler: value(0), timestamp(0x3853aee0), handle(0x7f4221bfcb80)
:4:command.cpp              :169 : 4393685259595 us: [pid:4178064 tid: 0x7f40f11ff6c0] Command 0x3853ab80 complete
:4:command.cpp              :163 : 4393685259604 us: [pid:4178064 tid: 0x7f40f11ff6c0] Command 0x3853adc0 complete (Wall: 4393685259602, CPU: 0, GPU: 65 us)
:3:hip_memory.cpp           :795 : 4393685259597 us: [pid:4178064 tid: 0x7f422aff0200] [32m hipMemcpy ( 0x7f42257ff010, 0x7f40dce00000, 30720000, hipMemcpyDeviceToHost ) [0m
:4:command.cpp              :359 : 4393685259633 us: [pid:4178064 tid: 0x7f422aff0200] Command (CopyDeviceToHost) enqueued: 0x3853ab80
:4:rocblit.cpp              :1673: 4393685259644 us: [pid:4178064 tid: 0x7f422aff0200] Unpinned read path, Async = 0
:4:rocmemory.cpp            :1018: 4393685259663 us: [pid:4178064 tid: 0x7f422aff0200] Locking to pool 0x37ca7ed0, size 0x1d4d000, HostPtr = 0x7f42257ff000, DevPtr = 0x7f42257ff000
:4:rocblit.cpp              :623 : 4393685260261 us: [pid:4178064 tid: 0x7f422aff0200] HSA Copy Using Pinned resource size 30720000
:4:rocblit.cpp              :687 : 4393685260269 us: [pid:4178064 tid: 0x7f422aff0200] HSA Async Copy staged D2H
:4:rocblit.cpp              :503 : 4393685260274 us: [pid:4178064 tid: 0x7f422aff0200] Last copy mask 0x0
:4:rocblit.cpp              :509 : 4393685260282 us: [pid:4178064 tid: 0x7f422aff0200] Query copy engine status 0, free_engine mask 0x1e
:4:rocblit.cpp              :520 : 4393685260290 us: [pid:4178064 tid: 0x7f422aff0200] HSA Async Copy on copy_engine=0x2, dst=0x7f42257ff010, src=0x7f40dce00000, size=30720000, forceSDMA=0, wait_event=0x0, completion_signal=0x7f4221bfeb80
:4:rocvirtual.cpp           :622 : 4393685260300 us: [pid:4178064 tid: 0x7f422aff0200] Host wait on completion_signal=0x7f4221bfeb80
:3:rocvirtual.hpp           :56  : 4393685260310 us: [pid:4178064 tid: 0x7f422aff0200] Host active wait for Signal = (0x7f4221bfeb80) for -1 ns
:4:commandqueue.cpp         :161 : 4393685261417 us: [pid:4178064 tid: 0x7f422aff0200] Marker queued to ensure finish
:4:command.cpp              :359 : 4393685261433 us: [pid:4178064 tid: 0x7f422aff0200] Command (InternalMarker) enqueued: 0x3853adc0
:3:rocvirtual.cpp           :533 : 4393685261450 us: [pid:4178064 tid: 0x7f422aff0200] Set Handler: handle(0x7f4221bfcb00), timestamp(0x37deb310)
:4:rocvirtual.cpp           :1147: 4393685261908 us: [pid:4178064 tid: 0x7f422aff0200] SWq=0x7f4221d5c000, HWq=0x7f420cc00000, id=1, BarrierAND Header = 0x1503 (type=3, barrier=1, acquire=2, release=2), dep_signal=[0x0, 0x0, 0x0, 0x0, 0x0], completion_signal=0x7f4221bfcb00
:4:commandqueue.cpp         :184 : 4393685261920 us: [pid:4178064 tid: 0x7f422aff0200] All commands finished
:3:hip_memory.cpp           :796 : 4393685261925 us: [pid:4178064 tid: 0x7f422aff0200] hipMemcpy: Returned hipSuccess : : duration: 2328 us
:3:rocvirtual.cpp           :226 : 4393685261932 us: [pid:4178064 tid: 0x7f40f11ff6c0] Handler: value(0), timestamp(0x3853aee0), handle(0x7f4221bfcb00)
:4:command.cpp              :169 : 4393685261943 us: [pid:4178064 tid: 0x7f40f11ff6c0] Command 0x3853ab80 complete
:4:command.cpp              :163 : 4393685261950 us: [pid:4178064 tid: 0x7f40f11ff6c0] Command 0x3853adc0 complete (Wall: 4393685261949, CPU: 0, GPU: 505 us)
:3:hip_memory.cpp           :3476: 4393685261936 us: [pid:4178064 tid: 0x7f422aff0200] [32m hipMemset ( 0x7f40dce00000, 0, 30720000 ) [0m
:4:command.cpp              :359 : 4393685261973 us: [pid:4178064 tid: 0x7f422aff0200] Command (FillBuffer) enqueued: 0x384e4cd0
:3:rocvirtual.cpp           :762 : 4393685261993 us: [pid:4178064 tid: 0x7f422aff0200] Arg0: void* buf = ptr:0x7f40dce00000
:3:rocvirtual.cpp           :778 : 4393685261998 us: [pid:4178064 tid: 0x7f422aff0200] Arg0: void* buf = ptr:0x7f40dce00000 obj:[0x7f40dce00000-0x7f40deb4c000]
:3:rocvirtual.cpp           :762 : 4393685262006 us: [pid:4178064 tid: 0x7f422aff0200] Arg1: uchar* pattern = ptr:0x7f420ca00000
:3:rocvirtual.cpp           :853 : 4393685262013 us: [pid:4178064 tid: 0x7f422aff0200] Arg2: uint pattern_size = val:1
:3:rocvirtual.cpp           :853 : 4393685262018 us: [pid:4178064 tid: 0x7f422aff0200] Arg3: uint alignment = val:16
:3:rocvirtual.cpp           :853 : 4393685262023 us: [pid:4178064 tid: 0x7f422aff0200] Arg4: ulong end_ptr = val:139916591022080
:3:rocvirtual.cpp           :853 : 4393685262030 us: [pid:4178064 tid: 0x7f422aff0200] Arg5: uint next_chunk = val:26624
:3:rocvirtual.cpp           :3236: 4393685262038 us: [pid:4178064 tid: 0x7f422aff0200] ShaderName : __amd_rocclr_fillBufferAligned
:3:rocvirtual.cpp           :3449: 4393685262055 us: [pid:4178064 tid: 0x7f422aff0200] KernargSegmentByteSize = 296 KernargSegmentAlignment = 128
:4:rocvirtual.cpp           :965 : 4393685262069 us: [pid:4178064 tid: 0x7f422aff0200] SWq=0x7f4221d5c000, HWq=0x7f420cc00000, id=1, Dispatch Header = 0x1502 (type=2, barrier=1, acquire=2, release=2), setup=1, grid=[26624, 1, 1], workgroup=[256, 1, 1], private_seg_size=0, group_seg_size=0, kernel_obj=0x7f4221d4dd40, kernarg_address=0x7f420ca00100, completion_signal=0x0, correlation_id=0, rptr=31, wptr=31
:3:hip_memory.cpp           :3477: 4393685262087 us: [pid:4178064 tid: 0x7f422aff0200] hipMemset: Returned hipSuccess : 
:3:hip_device_runtime.cpp   :641 : 4393685262093 us: [pid:4178064 tid: 0x7f422aff0200] [32m hipDeviceSynchronize (  ) [0m
:4:commandqueue.cpp         :161 : 4393685262618 us: [pid:4178064 tid: 0x7f422aff0200] Marker queued to ensure finish
:4:command.cpp              :359 : 4393685262623 us: [pid:4178064 tid: 0x7f422aff0200] Command (InternalMarker) enqueued: 0x3853adc0
:3:rocvirtual.cpp           :533 : 4393685262638 us: [pid:4178064 tid: 0x7f422aff0200] Set Handler: handle(0x7f4221bfca80), timestamp(0x3853ac30)
:4:rocvirtual.cpp           :1147: 4393685262647 us: [pid:4178064 tid: 0x7f422aff0200] SWq=0x7f4221d5c000, HWq=0x7f420cc00000, id=1, BarrierAND Header = 0x1503 (type=3, barrier=1, acquire=2, release=2), dep_signal=[0x0, 0x0, 0x0, 0x0, 0x0], completion_signal=0x7f4221bfca80
:4:commandqueue.cpp         :184 : 4393685262657 us: [pid:4178064 tid: 0x7f422aff0200] All commands finished
:3:hip_device_runtime.cpp   :645 : 4393685262663 us: [pid:4178064 tid: 0x7f422aff0200] hipDeviceSynchronize: Returned hipSuccess : 
:3:hip_platform.cpp         :237 : 4393685262676 us: [pid:4178064 tid: 0x7f422aff0200] [32m __hipPushCallConfiguration ( {8,1,1}, {256,1,1}, 0, stream:<null> ) [0m
:3:hip_platform.cpp         :241 : 4393685262693 us: [pid:4178064 tid: 0x7f422aff0200] __hipPushCallConfiguration: Returned hipSuccess : 
:3:rocvirtual.cpp           :226 : 4393685262668 us: [pid:4178064 tid: 0x7f40f11ff6c0] Handler: value(0), timestamp(0x3853ab80), handle(0x7f4221bfca80)
:4:command.cpp              :169 : 4393685262718 us: [pid:4178064 tid: 0x7f40f11ff6c0] Command 0x384e4cd0 complete
:4:command.cpp              :163 : 4393685262725 us: [pid:4178064 tid: 0x7f40f11ff6c0] Command 0x3853adc0 complete (Wall: 4393685262724, CPU: 0, GPU: 93 us)
:3:hip_platform.cpp         :246 : 4393685262708 us: [pid:4178064 tid: 0x7f422aff0200] [32m __hipPopCallConfiguration ( {896886866,32578,256}, {2118224,0,3252094336}, 0x7ffec1d702d0, 0x7ffec1d702c8 ) [0m
:3:hip_platform.cpp         :255 : 4393685262743 us: [pid:4178064 tid: 0x7f422aff0200] __hipPopCallConfiguration: Returned hipSuccess : 
:3:hip_module.cpp           :744 : 4393685262753 us: [pid:4178064 tid: 0x7f422aff0200] [32m hipLaunchKernel ( 0x200fe8, {8,1,1}, {256,1,1}, 0x7ffec1d70280, 0, stream:<null> ) [0m
:4:command.cpp              :359 : 4393685262765 us: [pid:4178064 tid: 0x7f422aff0200] Command (KernelExecution) enqueued: 0x37deb420
:3:rocvirtual.cpp           :762 : 4393685263374 us: [pid:4178064 tid: 0x7f422aff0200] Arg0:   = ptr:0x7f420ce00000
:3:rocvirtual.cpp           :778 : 4393685263380 us: [pid:4178064 tid: 0x7f422aff0200] Arg0:   = ptr:0x7f420ce00000 obj:[0x7f420ce00000-0x7f420eb4c000]
:3:rocvirtual.cpp           :762 : 4393685263389 us: [pid:4178064 tid: 0x7f422aff0200] Arg1:   = ptr:0x7f4207c00000
:3:rocvirtual.cpp           :778 : 4393685263393 us: [pid:4178064 tid: 0x7f422aff0200] Arg1:   = ptr:0x7f4207c00000 obj:[0x7f4207c00000-0x7f4207c06000]
:3:rocvirtual.cpp           :762 : 4393685263401 us: [pid:4178064 tid: 0x7f422aff0200] Arg2:   = ptr:0x7f40dce00000
:3:rocvirtual.cpp           :778 : 4393685263405 us: [pid:4178064 tid: 0x7f422aff0200] Arg2:   = ptr:0x7f40dce00000 obj:[0x7f40dce00000-0x7f40deb4c000]
:3:rocvirtual.cpp           :853 : 4393685263428 us: [pid:4178064 tid: 0x7f422aff0200] Arg3:   = val:768
:3:rocvirtual.cpp           :762 : 4393685263435 us: [pid:4178064 tid: 0x7f422aff0200] Arg4:   = ptr:0x7f4207c06000
:3:rocvirtual.cpp           :778 : 4393685263441 us: [pid:4178064 tid: 0x7f422aff0200] Arg4:   = ptr:0x7f4207c06000 obj:[0x7f4207c06000-0x7f4207c06024]
:3:rocvirtual.cpp           :3236: 4393685263448 us: [pid:4178064 tid: 0x7f422aff0200] ShaderName : void dense_esuhm3<float>(float const*, float const*, float*, int, int const*)
:3:rocvirtual.cpp           :3449: 4393685263457 us: [pid:4178064 tid: 0x7f422aff0200] KernargSegmentByteSize = 296 KernargSegmentAlignment = 128
:4:rocvirtual.cpp           :965 : 4393685263466 us: [pid:4178064 tid: 0x7f422aff0200] SWq=0x7f4221d5c000, HWq=0x7f420cc00000, id=1, Dispatch Header = 0xb02 (type=2, barrier=1, acquire=1, release=1), setup=3, grid=[2048, 1, 1], workgroup=[256, 1, 1], private_seg_size=140, group_seg_size=0, kernel_obj=0x7f4221d21a00, kernarg_address=0x7f420ca00280, completion_signal=0x0, correlation_id=0, rptr=33, wptr=33
:3:hip_module.cpp           :745 : 4393685263480 us: [pid:4178064 tid: 0x7f422aff0200] hipLaunchKernel: Returned hipSuccess : : duration: 727 us
:3:hip_device_runtime.cpp   :641 : 4393685263488 us: [pid:4178064 tid: 0x7f422aff0200] [32m hipDeviceSynchronize (  ) [0m
:4:commandqueue.cpp         :161 : 4393685263493 us: [pid:4178064 tid: 0x7f422aff0200] Marker queued to ensure finish
:4:command.cpp              :359 : 4393685263498 us: [pid:4178064 tid: 0x7f422aff0200] Command (InternalMarker) enqueued: 0x3853adc0
:3:rocvirtual.cpp           :533 : 4393685263529 us: [pid:4178064 tid: 0x7f422aff0200] Set Handler: handle(0x7f4221bfca00), timestamp(0x37deb690)
:4:rocvirtual.cpp           :1147: 4393685263992 us: [pid:4178064 tid: 0x7f422aff0200] SWq=0x7f4221d5c000, HWq=0x7f420cc00000, id=1, BarrierAND Header = 0x1503 (type=3, barrier=1, acquire=2, release=2), dep_signal=[0x0, 0x0, 0x0, 0x0, 0x0], completion_signal=0x7f4221bfca00
:4:commandqueue.cpp         :184 : 4393685264012 us: [pid:4178064 tid: 0x7f422aff0200] All commands finished
:3:hip_device_runtime.cpp   :645 : 4393685264018 us: [pid:4178064 tid: 0x7f422aff0200] hipDeviceSynchronize: Returned hipSuccess : 
:3:rocvirtual.cpp           :226 : 4393685264028 us: [pid:4178064 tid: 0x7f40f11ff6c0] Handler: value(0), timestamp(0x37deb5e0), handle(0x7f4221bfca00)
:3:hip_memory.cpp           :795 : 4393685264030 us: [pid:4178064 tid: 0x7f422aff0200] [32m hipMemcpy ( 0x7f4223ab2010, 0x7f40dce00000, 30720000, hipMemcpyDeviceToHost ) [0m
:4:command.cpp              :359 : 4393685264064 us: [pid:4178064 tid: 0x7f422aff0200] Command (CopyDeviceToHost) enqueued: 0x37deb7c0
:4:rocblit.cpp              :1673: 4393685264074 us: [pid:4178064 tid: 0x7f422aff0200] Unpinned read path, Async = 0
:4:command.cpp              :169 : 4393685264051 us: [pid:4178064 tid: 0x7f40f11ff6c0] Command 0x37deb420 complete
:4:rocmemory.cpp            :1018: 4393685264103 us: [pid:4178064 tid: 0x7f422aff0200] Locking to pool 0x37ca7ed0, size 0x1d4d000, HostPtr = 0x7f4223ab2000, DevPtr = 0x7f4223ab2000
:4:rocblit.cpp              :623 : 4393685264140 us: [pid:4178064 tid: 0x7f422aff0200] HSA Copy Using Pinned resource size 30720000
:4:rocblit.cpp              :687 : 4393685264708 us: [pid:4178064 tid: 0x7f422aff0200] HSA Async Copy staged D2H
:4:rocblit.cpp              :503 : 4393685264715 us: [pid:4178064 tid: 0x7f422aff0200] Last copy mask 0x0
:4:rocblit.cpp              :509 : 4393685264722 us: [pid:4178064 tid: 0x7f422aff0200] Query copy engine status 0, free_engine mask 0x1e
:4:rocblit.cpp              :520 : 4393685264731 us: [pid:4178064 tid: 0x7f422aff0200] HSA Async Copy on copy_engine=0x2, dst=0x7f4223ab2010, src=0x7f40dce00000, size=30720000, forceSDMA=0, wait_event=0x0, completion_signal=0x7f4221bfe980
:4:command.cpp              :163 : 4393685264132 us: [pid:4178064 tid: 0x7f40f11ff6c0] Command 0x3853adc0 complete (Wall: 4393685264125, CPU: 0, GPU: 613 us)
:4:rocvirtual.cpp           :622 : 4393685264752 us: [pid:4178064 tid: 0x7f422aff0200] Host wait on completion_signal=0x7f4221bfe980
:3:rocvirtual.hpp           :56  : 4393685264796 us: [pid:4178064 tid: 0x7f422aff0200] Host active wait for Signal = (0x7f4221bfe980) for -1 ns
:4:commandqueue.cpp         :161 : 4393685265852 us: [pid:4178064 tid: 0x7f422aff0200] Marker queued to ensure finish
:4:command.cpp              :359 : 4393685265861 us: [pid:4178064 tid: 0x7f422aff0200] Command (InternalMarker) enqueued: 0x37deb420
:3:rocvirtual.cpp           :533 : 4393685265877 us: [pid:4178064 tid: 0x7f422aff0200] Set Handler: handle(0x7f4221bfc980), timestamp(0x3853ad40)
:4:rocvirtual.cpp           :1147: 4393685265885 us: [pid:4178064 tid: 0x7f422aff0200] SWq=0x7f4221d5c000, HWq=0x7f420cc00000, id=1, BarrierAND Header = 0x1503 (type=3, barrier=1, acquire=2, release=2), dep_signal=[0x0, 0x0, 0x0, 0x0, 0x0], completion_signal=0x7f4221bfc980
:4:commandqueue.cpp         :184 : 4393685265899 us: [pid:4178064 tid: 0x7f422aff0200] All commands finished
:3:rocvirtual.cpp           :226 : 4393685265918 us: [pid:4178064 tid: 0x7f40f11ff6c0] Handler: value(0), timestamp(0x38350930), handle(0x7f4221bfc980)
:3:hip_memory.cpp           :796 : 4393685266300 us: [pid:4178064 tid: 0x7f422aff0200] hipMemcpy: Returned hipSuccess : : duration: 2270 us
:4:command.cpp              :169 : 4393685266316 us: [pid:4178064 tid: 0x7f40f11ff6c0] Command 0x37deb7c0 complete
:4:command.cpp              :163 : 4393685266334 us: [pid:4178064 tid: 0x7f40f11ff6c0] Command 0x37deb420 complete (Wall: 4393685266332, CPU: 0, GPU: 463 us)
:3:hip_memory.cpp           :3476: 4393685381149 us: [pid:4178064 tid: 0x7f422aff0200] [32m hipMemset ( 0x7f40dce00000, 0, 30720000 ) [0m
:4:command.cpp              :359 : 4393685381180 us: [pid:4178064 tid: 0x7f422aff0200] Command (FillBuffer) enqueued: 0x3840ad70
:3:rocvirtual.cpp           :762 : 4393685381197 us: [pid:4178064 tid: 0x7f422aff0200] Arg0: void* buf = ptr:0x7f40dce00000
:3:rocvirtual.cpp           :778 : 4393685381203 us: [pid:4178064 tid: 0x7f422aff0200] Arg0: void* buf = ptr:0x7f40dce00000 obj:[0x7f40dce00000-0x7f40deb4c000]
:3:rocvirtual.cpp           :762 : 4393685381211 us: [pid:4178064 tid: 0x7f422aff0200] Arg1: uchar* pattern = ptr:0x7f420ca00000
:3:rocvirtual.cpp           :853 : 4393685381219 us: [pid:4178064 tid: 0x7f422aff0200] Arg2: uint pattern_size = val:1
:3:rocvirtual.cpp           :853 : 4393685381224 us: [pid:4178064 tid: 0x7f422aff0200] Arg3: uint alignment = val:16
:3:rocvirtual.cpp           :853 : 4393685381229 us: [pid:4178064 tid: 0x7f422aff0200] Arg4: ulong end_ptr = val:139916591022080
:3:rocvirtual.cpp           :853 : 4393685381236 us: [pid:4178064 tid: 0x7f422aff0200] Arg5: uint next_chunk = val:26624
:3:rocvirtual.cpp           :3236: 4393685381241 us: [pid:4178064 tid: 0x7f422aff0200] ShaderName : __amd_rocclr_fillBufferAligned
:3:rocvirtual.cpp           :3449: 4393685381249 us: [pid:4178064 tid: 0x7f422aff0200] KernargSegmentByteSize = 296 KernargSegmentAlignment = 128
:4:rocvirtual.cpp           :965 : 4393685381260 us: [pid:4178064 tid: 0x7f422aff0200] SWq=0x7f4221d5c000, HWq=0x7f420cc00000, id=1, Dispatch Header = 0x1502 (type=2, barrier=1, acquire=2, release=2), setup=1, grid=[26624, 1, 1], workgroup=[256, 1, 1], private_seg_size=0, group_seg_size=0, kernel_obj=0x7f4221d4dd40, kernarg_address=0x7f420ca00100, completion_signal=0x0, correlation_id=0, rptr=36, wptr=36
:3:hip_memory.cpp           :3477: 4393685381276 us: [pid:4178064 tid: 0x7f422aff0200] hipMemset: Returned hipSuccess : 
:3:hip_device_runtime.cpp   :641 : 4393685381281 us: [pid:4178064 tid: 0x7f422aff0200] [32m hipDeviceSynchronize (  ) [0m
:4:commandqueue.cpp         :161 : 4393685381287 us: [pid:4178064 tid: 0x7f422aff0200] Marker queued to ensure finish
:4:command.cpp              :359 : 4393685381291 us: [pid:4178064 tid: 0x7f422aff0200] Command (InternalMarker) enqueued: 0x37deb420
:3:rocvirtual.cpp           :533 : 4393685381314 us: [pid:4178064 tid: 0x7f422aff0200] Set Handler: handle(0x7f4221bfc900), timestamp(0x37deb580)
:4:rocvirtual.cpp           :1147: 4393685381821 us: [pid:4178064 tid: 0x7f422aff0200] SWq=0x7f4221d5c000, HWq=0x7f420cc00000, id=1, BarrierAND Header = 0x1503 (type=3, barrier=1, acquire=2, release=2), dep_signal=[0x0, 0x0, 0x0, 0x0, 0x0], completion_signal=0x7f4221bfc900
:4:commandqueue.cpp         :184 : 4393685381837 us: [pid:4178064 tid: 0x7f422aff0200] All commands finished
:3:hip_device_runtime.cpp   :645 : 4393685381854 us: [pid:4178064 tid: 0x7f422aff0200] hipDeviceSynchronize: Returned hipSuccess : 
:3:rocvirtual.cpp           :226 : 4393685381864 us: [pid:4178064 tid: 0x7f40f11ff6c0] Handler: value(0), timestamp(0x37deb5e0), handle(0x7f4221bfc900)
:4:command.cpp              :169 : 4393685381884 us: [pid:4178064 tid: 0x7f40f11ff6c0] Command 0x3840ad70 complete
:4:command.cpp              :163 : 4393685381905 us: [pid:4178064 tid: 0x7f40f11ff6c0] Command 0x37deb420 complete (Wall: 4393685381903, CPU: 0, GPU: 604 us)
:3:hip_platform.cpp         :237 : 4393685381872 us: [pid:4178064 tid: 0x7f422aff0200] [32m __hipPushCallConfiguration ( {8,1,1}, {512,1,1}, 0, stream:<null> ) [0m
:3:hip_platform.cpp         :241 : 4393685381926 us: [pid:4178064 tid: 0x7f422aff0200] __hipPushCallConfiguration: Returned hipSuccess : 
:3:hip_platform.cpp         :246 : 4393685381937 us: [pid:4178064 tid: 0x7f422aff0200] [32m __hipPopCallConfiguration ( {896886866,32578,512}, {2118224,0,3252094336}, 0x7ffec1d702d0, 0x7ffec1d702c8 ) [0m
:3:hip_platform.cpp         :255 : 4393685381945 us: [pid:4178064 tid: 0x7f422aff0200] __hipPopCallConfiguration: Returned hipSuccess : 
:3:hip_module.cpp           :744 : 4393685381956 us: [pid:4178064 tid: 0x7f422aff0200] [32m hipLaunchKernel ( 0x200fd8, {8,1,1}, {512,1,1}, 0x7ffec1d70280, 0, stream:<null> ) [0m
:4:command.cpp              :359 : 4393685381971 us: [pid:4178064 tid: 0x7f422aff0200] Command (KernelExecution) enqueued: 0x383509c0
:3:rocvirtual.cpp           :762 : 4393685381980 us: [pid:4178064 tid: 0x7f422aff0200] Arg0:   = ptr:0x7f420ce00000
:3:rocvirtual.cpp           :778 : 4393685381985 us: [pid:4178064 tid: 0x7f422aff0200] Arg0:   = ptr:0x7f420ce00000 obj:[0x7f420ce00000-0x7f420eb4c000]
:3:rocvirtual.cpp           :762 : 4393685381993 us: [pid:4178064 tid: 0x7f422aff0200] Arg1:   = ptr:0x7f4207c00000
:3:rocvirtual.cpp           :778 : 4393685382785 us: [pid:4178064 tid: 0x7f422aff0200] Arg1:   = ptr:0x7f4207c00000 obj:[0x7f4207c00000-0x7f4207c06000]
:3:rocvirtual.cpp           :762 : 4393685382797 us: [pid:4178064 tid: 0x7f422aff0200] Arg2:   = ptr:0x7f40dce00000
:3:rocvirtual.cpp           :778 : 4393685382804 us: [pid:4178064 tid: 0x7f422aff0200] Arg2:   = ptr:0x7f40dce00000 obj:[0x7f40dce00000-0x7f40deb4c000]
:3:rocvirtual.cpp           :853 : 4393685382822 us: [pid:4178064 tid: 0x7f422aff0200] Arg3:   = val:768
:3:rocvirtual.cpp           :762 : 4393685382828 us: [pid:4178064 tid: 0x7f422aff0200] Arg4:   = ptr:0x7f4207c06000
:3:rocvirtual.cpp           :778 : 4393685382833 us: [pid:4178064 tid: 0x7f422aff0200] Arg4:   = ptr:0x7f4207c06000 obj:[0x7f4207c06000-0x7f4207c06024]
:3:rocvirtual.cpp           :3236: 4393685382841 us: [pid:4178064 tid: 0x7f422aff0200] ShaderName : void dense_esuhm<float>(float const*, float const*, float*, int, int const*)
:3:rocvirtual.cpp           :3449: 4393685382853 us: [pid:4178064 tid: 0x7f422aff0200] KernargSegmentByteSize = 296 KernargSegmentAlignment = 128
:4:rocvirtual.cpp           :965 : 4393685382862 us: [pid:4178064 tid: 0x7f422aff0200] SWq=0x7f4221d5c000, HWq=0x7f420cc00000, id=1, Dispatch Header = 0xb02 (type=2, barrier=1, acquire=1, release=1), setup=3, grid=[4096, 1, 1], workgroup=[512, 1, 1], private_seg_size=140, group_seg_size=0, kernel_obj=0x7f4221d21980, kernarg_address=0x7f420ca00280, completion_signal=0x0, correlation_id=0, rptr=38, wptr=38
:3:hip_module.cpp           :745 : 4393685382878 us: [pid:4178064 tid: 0x7f422aff0200] hipLaunchKernel: Returned hipSuccess : : duration: 922 us
:3:hip_device_runtime.cpp   :641 : 4393685382886 us: [pid:4178064 tid: 0x7f422aff0200] [32m hipDeviceSynchronize (  ) [0m
:4:commandqueue.cpp         :161 : 4393685382892 us: [pid:4178064 tid: 0x7f422aff0200] Marker queued to ensure finish
:4:command.cpp              :359 : 4393685382901 us: [pid:4178064 tid: 0x7f422aff0200] Command (InternalMarker) enqueued: 0x37deb420
:3:rocvirtual.cpp           :533 : 4393685382917 us: [pid:4178064 tid: 0x7f422aff0200] Set Handler: handle(0x7f4221bfc880), timestamp(0x38350d60)
:4:rocvirtual.cpp           :1147: 4393685382925 us: [pid:4178064 tid: 0x7f422aff0200] SWq=0x7f4221d5c000, HWq=0x7f420cc00000, id=1, BarrierAND Header = 0x1503 (type=3, barrier=1, acquire=2, release=2), dep_signal=[0x0, 0x0, 0x0, 0x0, 0x0], completion_signal=0x7f4221bfc880
:4:commandqueue.cpp         :184 : 4393685382937 us: [pid:4178064 tid: 0x7f422aff0200] All commands finished
:3:rocvirtual.cpp           :226 : 4393685382949 us: [pid:4178064 tid: 0x7f40f11ff6c0] Handler: value(0), timestamp(0x38350cb0), handle(0x7f4221bfc880)
:3:hip_device_runtime.cpp   :645 : 4393685383492 us: [pid:4178064 tid: 0x7f422aff0200] hipDeviceSynchronize: Returned hipSuccess : 
:4:command.cpp              :169 : 4393685383512 us: [pid:4178064 tid: 0x7f40f11ff6c0] Command 0x383509c0 complete
:3:hip_memory.cpp           :795 : 4393685383526 us: [pid:4178064 tid: 0x7f422aff0200] [32m hipMemcpy ( 0x7f422754c010, 0x7f40dce00000, 30720000, hipMemcpyDeviceToHost ) [0m
:4:command.cpp              :163 : 4393685383529 us: [pid:4178064 tid: 0x7f40f11ff6c0] Command 0x37deb420 complete (Wall: 4393685383527, CPU: 0, GPU: 618 us)
:4:command.cpp              :359 : 4393685383543 us: [pid:4178064 tid: 0x7f422aff0200] Command (CopyDeviceToHost) enqueued: 0x383509c0
:4:rocblit.cpp              :1673: 4393685383564 us: [pid:4178064 tid: 0x7f422aff0200] Unpinned read path, Async = 0
:4:rocmemory.cpp            :1018: 4393685383589 us: [pid:4178064 tid: 0x7f422aff0200] Locking to pool 0x37ca7ed0, size 0x1d4d000, HostPtr = 0x7f422754c000, DevPtr = 0x7f422754c000
:4:rocblit.cpp              :623 : 4393685383601 us: [pid:4178064 tid: 0x7f422aff0200] HSA Copy Using Pinned resource size 30720000
:4:rocblit.cpp              :687 : 4393685383610 us: [pid:4178064 tid: 0x7f422aff0200] HSA Async Copy staged D2H
:4:rocblit.cpp              :503 : 4393685383626 us: [pid:4178064 tid: 0x7f422aff0200] Last copy mask 0x0
:4:rocblit.cpp              :509 : 4393685384085 us: [pid:4178064 tid: 0x7f422aff0200] Query copy engine status 0, free_engine mask 0x1e
:4:rocblit.cpp              :520 : 4393685384108 us: [pid:4178064 tid: 0x7f422aff0200] HSA Async Copy on copy_engine=0x2, dst=0x7f422754c010, src=0x7f40dce00000, size=30720000, forceSDMA=0, wait_event=0x0, completion_signal=0x7f4221bfe780
:4:rocvirtual.cpp           :622 : 4393685384122 us: [pid:4178064 tid: 0x7f422aff0200] Host wait on completion_signal=0x7f4221bfe780
:3:rocvirtual.hpp           :56  : 4393685384130 us: [pid:4178064 tid: 0x7f422aff0200] Host active wait for Signal = (0x7f4221bfe780) for -1 ns
:4:commandqueue.cpp         :161 : 4393685385331 us: [pid:4178064 tid: 0x7f422aff0200] Marker queued to ensure finish
:4:command.cpp              :359 : 4393685385349 us: [pid:4178064 tid: 0x7f422aff0200] Command (InternalMarker) enqueued: 0x37deb420
:3:rocvirtual.cpp           :533 : 4393685385367 us: [pid:4178064 tid: 0x7f422aff0200] Set Handler: handle(0x7f4221bfc800), timestamp(0x37deb8e0)
:4:rocvirtual.cpp           :1147: 4393685385376 us: [pid:4178064 tid: 0x7f422aff0200] SWq=0x7f4221d5c000, HWq=0x7f420cc00000, id=1, BarrierAND Header = 0x1503 (type=3, barrier=1, acquire=2, release=2), dep_signal=[0x0, 0x0, 0x0, 0x0, 0x0], completion_signal=0x7f4221bfc800
:4:commandqueue.cpp         :184 : 4393685385393 us: [pid:4178064 tid: 0x7f422aff0200] All commands finished
:3:hip_memory.cpp           :796 : 4393685385400 us: [pid:4178064 tid: 0x7f422aff0200] hipMemcpy: Returned hipSuccess : : duration: 1874 us
:3:rocvirtual.cpp           :226 : 4393685385404 us: [pid:4178064 tid: 0x7f40f11ff6c0] Handler: value(0), timestamp(0x38350cb0), handle(0x7f4221bfc800)
:3:hip_memory.cpp           :3476: 4393685385413 us: [pid:4178064 tid: 0x7f422aff0200] [32m hipMemset ( 0x7f40dce00000, 0, 30720000 ) [0m
:4:command.cpp              :169 : 4393685385434 us: [pid:4178064 tid: 0x7f40f11ff6c0] Command 0x383509c0 complete
:4:command.cpp              :163 : 4393685385462 us: [pid:4178064 tid: 0x7f40f11ff6c0] Command 0x37deb420 complete (Wall: 4393685385460, CPU: 0, GPU: 101 us)
:4:command.cpp              :359 : 4393685385467 us: [pid:4178064 tid: 0x7f422aff0200] Command (FillBuffer) enqueued: 0x38350eb0
:3:rocvirtual.cpp           :762 : 4393685386066 us: [pid:4178064 tid: 0x7f422aff0200] Arg0: void* buf = ptr:0x7f40dce00000
:3:rocvirtual.cpp           :778 : 4393685386071 us: [pid:4178064 tid: 0x7f422aff0200] Arg0: void* buf = ptr:0x7f40dce00000 obj:[0x7f40dce00000-0x7f40deb4c000]
:3:rocvirtual.cpp           :762 : 4393685386079 us: [pid:4178064 tid: 0x7f422aff0200] Arg1: uchar* pattern = ptr:0x7f420ca00000
:3:rocvirtual.cpp           :853 : 4393685386087 us: [pid:4178064 tid: 0x7f422aff0200] Arg2: uint pattern_size = val:1
:3:rocvirtual.cpp           :853 : 4393685386093 us: [pid:4178064 tid: 0x7f422aff0200] Arg3: uint alignment = val:16
:3:rocvirtual.cpp           :853 : 4393685386097 us: [pid:4178064 tid: 0x7f422aff0200] Arg4: ulong end_ptr = val:139916591022080
:3:rocvirtual.cpp           :853 : 4393685386105 us: [pid:4178064 tid: 0x7f422aff0200] Arg5: uint next_chunk = val:26624
:3:rocvirtual.cpp           :3236: 4393685386110 us: [pid:4178064 tid: 0x7f422aff0200] ShaderName : __amd_rocclr_fillBufferAligned
:3:rocvirtual.cpp           :3449: 4393685386118 us: [pid:4178064 tid: 0x7f422aff0200] KernargSegmentByteSize = 296 KernargSegmentAlignment = 128
:4:rocvirtual.cpp           :965 : 4393685386127 us: [pid:4178064 tid: 0x7f422aff0200] SWq=0x7f4221d5c000, HWq=0x7f420cc00000, id=1, Dispatch Header = 0x1502 (type=2, barrier=1, acquire=2, release=2), setup=1, grid=[26624, 1, 1], workgroup=[256, 1, 1], private_seg_size=0, group_seg_size=0, kernel_obj=0x7f4221d4dd40, kernarg_address=0x7f420ca00100, completion_signal=0x0, correlation_id=0, rptr=41, wptr=41
:3:hip_memory.cpp           :3477: 4393685386141 us: [pid:4178064 tid: 0x7f422aff0200] hipMemset: Returned hipSuccess : 
:3:hip_device_runtime.cpp   :641 : 4393685386146 us: [pid:4178064 tid: 0x7f422aff0200] [32m hipDeviceSynchronize (  ) [0m
:4:commandqueue.cpp         :161 : 4393685386152 us: [pid:4178064 tid: 0x7f422aff0200] Marker queued to ensure finish
:4:command.cpp              :359 : 4393685386156 us: [pid:4178064 tid: 0x7f422aff0200] Command (InternalMarker) enqueued: 0x37deb420
:3:rocvirtual.cpp           :533 : 4393685386170 us: [pid:4178064 tid: 0x7f422aff0200] Set Handler: handle(0x7f4221bfc780), timestamp(0x38350a00)
:4:rocvirtual.cpp           :1147: 4393685386179 us: [pid:4178064 tid: 0x7f422aff0200] SWq=0x7f4221d5c000, HWq=0x7f420cc00000, id=1, BarrierAND Header = 0x1503 (type=3, barrier=1, acquire=2, release=2), dep_signal=[0x0, 0x0, 0x0, 0x0, 0x0], completion_signal=0x7f4221bfc780
:4:commandqueue.cpp         :184 : 4393685386190 us: [pid:4178064 tid: 0x7f422aff0200] All commands finished
:3:hip_device_runtime.cpp   :645 : 4393685386195 us: [pid:4178064 tid: 0x7f422aff0200] hipDeviceSynchronize: Returned hipSuccess : 
:3:rocvirtual.cpp           :226 : 4393685386198 us: [pid:4178064 tid: 0x7f40f11ff6c0] Handler: value(0), timestamp(0x383510b0), handle(0x7f4221bfc780)
:4:command.cpp              :169 : 4393685387008 us: [pid:4178064 tid: 0x7f40f11ff6c0] Command 0x38350eb0 complete
:4:command.cpp              :163 : 4393685387467 us: [pid:4178064 tid: 0x7f40f11ff6c0] Command 0x37deb420 complete (Wall: 4393685387466, CPU: 0, GPU: 1302 us)
:3:hip_platform.cpp         :237 : 4393685387001 us: [pid:4178064 tid: 0x7f422aff0200] [32m __hipPushCallConfiguration ( {8,1,1}, {512,1,1}, 0, stream:<null> ) [0m
:3:hip_platform.cpp         :241 : 4393685387498 us: [pid:4178064 tid: 0x7f422aff0200] __hipPushCallConfiguration: Returned hipSuccess : 
:3:hip_platform.cpp         :246 : 4393685387509 us: [pid:4178064 tid: 0x7f422aff0200] [32m __hipPopCallConfiguration ( {896886866,32578,512}, {2118224,0,3252094336}, 0x7ffec1d702d0, 0x7ffec1d702c8 ) [0m
:3:hip_platform.cpp         :255 : 4393685387520 us: [pid:4178064 tid: 0x7f422aff0200] __hipPopCallConfiguration: Returned hipSuccess : 
:3:hip_module.cpp           :744 : 4393685387532 us: [pid:4178064 tid: 0x7f422aff0200] [32m hipLaunchKernel ( 0x200fe0, {8,1,1}, {512,1,1}, 0x7ffec1d70280, 0, stream:<null> ) [0m
:4:command.cpp              :359 : 4393685387544 us: [pid:4178064 tid: 0x7f422aff0200] Command (KernelExecution) enqueued: 0x38350eb0
:3:rocvirtual.cpp           :762 : 4393685387553 us: [pid:4178064 tid: 0x7f422aff0200] Arg0:   = ptr:0x7f420ce00000
:3:rocvirtual.cpp           :778 : 4393685387557 us: [pid:4178064 tid: 0x7f422aff0200] Arg0:   = ptr:0x7f420ce00000 obj:[0x7f420ce00000-0x7f420eb4c000]
:3:rocvirtual.cpp           :762 : 4393685387565 us: [pid:4178064 tid: 0x7f422aff0200] Arg1:   = ptr:0x7f4207c00000
:3:rocvirtual.cpp           :778 : 4393685387569 us: [pid:4178064 tid: 0x7f422aff0200] Arg1:   = ptr:0x7f4207c00000 obj:[0x7f4207c00000-0x7f4207c06000]
:3:rocvirtual.cpp           :762 : 4393685387577 us: [pid:4178064 tid: 0x7f422aff0200] Arg2:   = ptr:0x7f40dce00000
:3:rocvirtual.cpp           :778 : 4393685387581 us: [pid:4178064 tid: 0x7f422aff0200] Arg2:   = ptr:0x7f40dce00000 obj:[0x7f40dce00000-0x7f40deb4c000]
:3:rocvirtual.cpp           :853 : 4393685387589 us: [pid:4178064 tid: 0x7f422aff0200] Arg3:   = val:768
:3:rocvirtual.cpp           :762 : 4393685387593 us: [pid:4178064 tid: 0x7f422aff0200] Arg4:   = ptr:0x7f4207c06000
:3:rocvirtual.cpp           :778 : 4393685387598 us: [pid:4178064 tid: 0x7f422aff0200] Arg4:   = ptr:0x7f4207c06000 obj:[0x7f4207c06000-0x7f4207c06024]
:3:rocvirtual.cpp           :3236: 4393685387606 us: [pid:4178064 tid: 0x7f422aff0200] ShaderName : void dense_esuhm2<float>(float const*, float const*, float*, int, int const*)
:3:rocvirtual.cpp           :3449: 4393685387614 us: [pid:4178064 tid: 0x7f422aff0200] KernargSegmentByteSize = 296 KernargSegmentAlignment = 128
:4:rocvirtual.cpp           :965 : 4393685387625 us: [pid:4178064 tid: 0x7f422aff0200] SWq=0x7f4221d5c000, HWq=0x7f420cc00000, id=1, Dispatch Header = 0xb02 (type=2, barrier=1, acquire=1, release=1), setup=3, grid=[4096, 1, 1], workgroup=[512, 1, 1], private_seg_size=140, group_seg_size=0, kernel_obj=0x7f4221d219c0, kernarg_address=0x7f420ca00280, completion_signal=0x0, correlation_id=0, rptr=43, wptr=43
:3:hip_module.cpp           :745 : 4393685388430 us: [pid:4178064 tid: 0x7f422aff0200] hipLaunchKernel: Returned hipSuccess : : duration: 898 us
:3:hip_device_runtime.cpp   :641 : 4393685388440 us: [pid:4178064 tid: 0x7f422aff0200] [32m hipDeviceSynchronize (  ) [0m
:4:commandqueue.cpp         :161 : 4393685388445 us: [pid:4178064 tid: 0x7f422aff0200] Marker queued to ensure finish
:4:command.cpp              :359 : 4393685388450 us: [pid:4178064 tid: 0x7f422aff0200] Command (InternalMarker) enqueued: 0x37deb420
:3:rocvirtual.cpp           :533 : 4393685388465 us: [pid:4178064 tid: 0x7f422aff0200] Set Handler: handle(0x7f4221bfc700), timestamp(0x381c6d50)
:4:rocvirtual.cpp           :1147: 4393685388473 us: [pid:4178064 tid: 0x7f422aff0200] SWq=0x7f4221d5c000, HWq=0x7f420cc00000, id=1, BarrierAND Header = 0x1503 (type=3, barrier=1, acquire=2, release=2), dep_signal=[0x0, 0x0, 0x0, 0x0, 0x0], completion_signal=0x7f4221bfc700
:4:commandqueue.cpp         :184 : 4393685388486 us: [pid:4178064 tid: 0x7f422aff0200] All commands finished
:3:hip_device_runtime.cpp   :645 : 4393685388491 us: [pid:4178064 tid: 0x7f422aff0200] hipDeviceSynchronize: Returned hipSuccess : 
:3:rocvirtual.cpp           :226 : 4393685388493 us: [pid:4178064 tid: 0x7f40f11ff6c0] Handler: value(0), timestamp(0x381c6ce0), handle(0x7f4221bfc700)
:4:command.cpp              :169 : 4393685388511 us: [pid:4178064 tid: 0x7f40f11ff6c0] Command 0x38350eb0 complete
:3:hip_memory.cpp           :795 : 4393685388505 us: [pid:4178064 tid: 0x7f422aff0200] [32m hipMemcpy ( 0x7f42257ff010, 0x7f40dce00000, 30720000, hipMemcpyDeviceToHost ) [0m
:4:command.cpp              :163 : 4393685388521 us: [pid:4178064 tid: 0x7f40f11ff6c0] Command 0x37deb420 complete (Wall: 4393685388520, CPU: 0, GPU: 62 us)
:4:command.cpp              :359 : 4393685388534 us: [pid:4178064 tid: 0x7f422aff0200] Command (CopyDeviceToHost) enqueued: 0x38350eb0
:4:rocblit.cpp              :1673: 4393685388554 us: [pid:4178064 tid: 0x7f422aff0200] Unpinned read path, Async = 0
:4:rocmemory.cpp            :1018: 4393685389010 us: [pid:4178064 tid: 0x7f422aff0200] Locking to pool 0x37ca7ed0, size 0x1d4d000, HostPtr = 0x7f42257ff000, DevPtr = 0x7f42257ff000
:4:rocblit.cpp              :623 : 4393685389019 us: [pid:4178064 tid: 0x7f422aff0200] HSA Copy Using Pinned resource size 30720000
:4:rocblit.cpp              :687 : 4393685389026 us: [pid:4178064 tid: 0x7f422aff0200] HSA Async Copy staged D2H
:4:rocblit.cpp              :503 : 4393685389032 us: [pid:4178064 tid: 0x7f422aff0200] Last copy mask 0x0
:4:rocblit.cpp              :509 : 4393685389037 us: [pid:4178064 tid: 0x7f422aff0200] Query copy engine status 0, free_engine mask 0x1e
:4:rocblit.cpp              :520 : 4393685389045 us: [pid:4178064 tid: 0x7f422aff0200] HSA Async Copy on copy_engine=0x2, dst=0x7f42257ff010, src=0x7f40dce00000, size=30720000, forceSDMA=0, wait_event=0x0, completion_signal=0x7f4221bfe580
:4:rocvirtual.cpp           :622 : 4393685389055 us: [pid:4178064 tid: 0x7f422aff0200] Host wait on completion_signal=0x7f4221bfe580
:3:rocvirtual.hpp           :56  : 4393685389062 us: [pid:4178064 tid: 0x7f422aff0200] Host active wait for Signal = (0x7f4221bfe580) for -1 ns
:4:commandqueue.cpp         :161 : 4393685390156 us: [pid:4178064 tid: 0x7f422aff0200] Marker queued to ensure finish
:4:command.cpp              :359 : 4393685390168 us: [pid:4178064 tid: 0x7f422aff0200] Command (InternalMarker) enqueued: 0x37deb420
:3:rocvirtual.cpp           :533 : 4393685390183 us: [pid:4178064 tid: 0x7f422aff0200] Set Handler: handle(0x7f4221bfc680), timestamp(0x381c6bb0)
:4:rocvirtual.cpp           :1147: 4393685390191 us: [pid:4178064 tid: 0x7f422aff0200] SWq=0x7f4221d5c000, HWq=0x7f420cc00000, id=1, BarrierAND Header = 0x1503 (type=3, barrier=1, acquire=2, release=2), dep_signal=[0x0, 0x0, 0x0, 0x0, 0x0], completion_signal=0x7f4221bfc680
:4:commandqueue.cpp         :184 : 4393685390202 us: [pid:4178064 tid: 0x7f422aff0200] All commands finished
:3:hip_memory.cpp           :796 : 4393685390219 us: [pid:4178064 tid: 0x7f422aff0200] hipMemcpy: Returned hipSuccess : : duration: 1714 us
:3:rocvirtual.cpp           :226 : 4393685390230 us: [pid:4178064 tid: 0x7f40f11ff6c0] Handler: value(0), timestamp(0x381c6ce0), handle(0x7f4221bfc680)
:3:hip_memory.cpp           :3476: 4393685390703 us: [pid:4178064 tid: 0x7f422aff0200] [32m hipMemset ( 0x7f40dce00000, 0, 30720000 ) [0m
:4:command.cpp              :169 : 4393685390718 us: [pid:4178064 tid: 0x7f40f11ff6c0] Command 0x38350eb0 complete
:4:command.cpp              :359 : 4393685390730 us: [pid:4178064 tid: 0x7f422aff0200] Command (FillBuffer) enqueued: 0x381c6e60
:4:command.cpp              :163 : 4393685390740 us: [pid:4178064 tid: 0x7f40f11ff6c0] Command 0x37deb420 complete (Wall: 4393685390739, CPU: 0, GPU: 563 us)
:3:rocvirtual.cpp           :762 : 4393685390756 us: [pid:4178064 tid: 0x7f422aff0200] Arg0: void* buf = ptr:0x7f40dce00000
:3:rocvirtual.cpp           :778 : 4393685390770 us: [pid:4178064 tid: 0x7f422aff0200] Arg0: void* buf = ptr:0x7f40dce00000 obj:[0x7f40dce00000-0x7f40deb4c000]
:3:rocvirtual.cpp           :762 : 4393685390777 us: [pid:4178064 tid: 0x7f422aff0200] Arg1: uchar* pattern = ptr:0x7f420ca00000
:3:rocvirtual.cpp           :853 : 4393685390785 us: [pid:4178064 tid: 0x7f422aff0200] Arg2: uint pattern_size = val:1
:3:rocvirtual.cpp           :853 : 4393685390790 us: [pid:4178064 tid: 0x7f422aff0200] Arg3: uint alignment = val:16
:3:rocvirtual.cpp           :853 : 4393685390794 us: [pid:4178064 tid: 0x7f422aff0200] Arg4: ulong end_ptr = val:139916591022080
:3:rocvirtual.cpp           :853 : 4393685390802 us: [pid:4178064 tid: 0x7f422aff0200] Arg5: uint next_chunk = val:26624
:3:rocvirtual.cpp           :3236: 4393685390807 us: [pid:4178064 tid: 0x7f422aff0200] ShaderName : __amd_rocclr_fillBufferAligned
:3:rocvirtual.cpp           :3449: 4393685390820 us: [pid:4178064 tid: 0x7f422aff0200] KernargSegmentByteSize = 296 KernargSegmentAlignment = 128
:4:rocvirtual.cpp           :965 : 4393685390833 us: [pid:4178064 tid: 0x7f422aff0200] SWq=0x7f4221d5c000, HWq=0x7f420cc00000, id=1, Dispatch Header = 0x1502 (type=2, barrier=1, acquire=2, release=2), setup=1, grid=[26624, 1, 1], workgroup=[256, 1, 1], private_seg_size=0, group_seg_size=0, kernel_obj=0x7f4221d4dd40, kernarg_address=0x7f420ca00100, completion_signal=0x0, correlation_id=0, rptr=46, wptr=46
:3:hip_memory.cpp           :3477: 4393685391426 us: [pid:4178064 tid: 0x7f422aff0200] hipMemset: Returned hipSuccess : 
:3:hip_device_runtime.cpp   :641 : 4393685391432 us: [pid:4178064 tid: 0x7f422aff0200] [32m hipDeviceSynchronize (  ) [0m
:4:commandqueue.cpp         :161 : 4393685391438 us: [pid:4178064 tid: 0x7f422aff0200] Marker queued to ensure finish
:4:command.cpp              :359 : 4393685391442 us: [pid:4178064 tid: 0x7f422aff0200] Command (InternalMarker) enqueued: 0x37deb420
:3:rocvirtual.cpp           :533 : 4393685391457 us: [pid:4178064 tid: 0x7f422aff0200] Set Handler: handle(0x7f4221bfc600), timestamp(0x38350d20)
:4:rocvirtual.cpp           :1147: 4393685391466 us: [pid:4178064 tid: 0x7f422aff0200] SWq=0x7f4221d5c000, HWq=0x7f420cc00000, id=1, BarrierAND Header = 0x1503 (type=3, barrier=1, acquire=2, release=2), dep_signal=[0x0, 0x0, 0x0, 0x0, 0x0], completion_signal=0x7f4221bfc600
:4:commandqueue.cpp         :184 : 4393685391476 us: [pid:4178064 tid: 0x7f422aff0200] All commands finished
:3:hip_device_runtime.cpp   :645 : 4393685391482 us: [pid:4178064 tid: 0x7f422aff0200] hipDeviceSynchronize: Returned hipSuccess : 
:3:rocvirtual.cpp           :226 : 4393685391485 us: [pid:4178064 tid: 0x7f40f11ff6c0] Handler: value(0), timestamp(0x381c6c70), handle(0x7f4221bfc600)
:4:command.cpp              :169 : 4393685391505 us: [pid:4178064 tid: 0x7f40f11ff6c0] Command 0x381c6e60 complete
:3:hip_platform.cpp         :237 : 4393685391498 us: [pid:4178064 tid: 0x7f422aff0200] [32m __hipPushCallConfiguration ( {8,1,1}, {512,1,1}, 0, stream:<null> ) [0m
:3:hip_platform.cpp         :241 : 4393685391523 us: [pid:4178064 tid: 0x7f422aff0200] __hipPushCallConfiguration: Returned hipSuccess : 
:4:command.cpp              :163 : 4393685391510 us: [pid:4178064 tid: 0x7f40f11ff6c0] Command 0x37deb420 complete (Wall: 4393685391509, CPU: 0, GPU: 59 us)
:3:hip_platform.cpp         :246 : 4393685391540 us: [pid:4178064 tid: 0x7f422aff0200] [32m __hipPopCallConfiguration ( {896886866,32578,512}, {2118224,0,3252094336}, 0x7ffec1d702d0, 0x7ffec1d702c8 ) [0m
:3:hip_platform.cpp         :255 : 4393685391977 us: [pid:4178064 tid: 0x7f422aff0200] __hipPopCallConfiguration: Returned hipSuccess : 
:3:hip_module.cpp           :744 : 4393685391989 us: [pid:4178064 tid: 0x7f422aff0200] [32m hipLaunchKernel ( 0x200fe8, {8,1,1}, {512,1,1}, 0x7ffec1d70280, 0, stream:<null> ) [0m
:4:command.cpp              :359 : 4393685392014 us: [pid:4178064 tid: 0x7f422aff0200] Command (KernelExecution) enqueued: 0x381c6e60
:3:rocvirtual.cpp           :762 : 4393685392023 us: [pid:4178064 tid: 0x7f422aff0200] Arg0:   = ptr:0x7f420ce00000
:3:rocvirtual.cpp           :778 : 4393685392038 us: [pid:4178064 tid: 0x7f422aff0200] Arg0:   = ptr:0x7f420ce00000 obj:[0x7f420ce00000-0x7f420eb4c000]
:3:rocvirtual.cpp           :762 : 4393685392046 us: [pid:4178064 tid: 0x7f422aff0200] Arg1:   = ptr:0x7f4207c00000
:3:rocvirtual.cpp           :778 : 4393685392050 us: [pid:4178064 tid: 0x7f422aff0200] Arg1:   = ptr:0x7f4207c00000 obj:[0x7f4207c00000-0x7f4207c06000]
:3:rocvirtual.cpp           :762 : 4393685392058 us: [pid:4178064 tid: 0x7f422aff0200] Arg2:   = ptr:0x7f40dce00000
:3:rocvirtual.cpp           :778 : 4393685392062 us: [pid:4178064 tid: 0x7f422aff0200] Arg2:   = ptr:0x7f40dce00000 obj:[0x7f40dce00000-0x7f40deb4c000]
:3:rocvirtual.cpp           :853 : 4393685392070 us: [pid:4178064 tid: 0x7f422aff0200] Arg3:   = val:768
:3:rocvirtual.cpp           :762 : 4393685392075 us: [pid:4178064 tid: 0x7f422aff0200] Arg4:   = ptr:0x7f4207c06000
:3:rocvirtual.cpp           :778 : 4393685392083 us: [pid:4178064 tid: 0x7f422aff0200] Arg4:   = ptr:0x7f4207c06000 obj:[0x7f4207c06000-0x7f4207c06024]
:3:rocvirtual.cpp           :3236: 4393685392090 us: [pid:4178064 tid: 0x7f422aff0200] ShaderName : void dense_esuhm3<float>(float const*, float const*, float*, int, int const*)
:3:rocvirtual.cpp           :3449: 4393685392099 us: [pid:4178064 tid: 0x7f422aff0200] KernargSegmentByteSize = 296 KernargSegmentAlignment = 128
:4:rocvirtual.cpp           :965 : 4393685392117 us: [pid:4178064 tid: 0x7f422aff0200] SWq=0x7f4221d5c000, HWq=0x7f420cc00000, id=1, Dispatch Header = 0xb02 (type=2, barrier=1, acquire=1, release=1), setup=3, grid=[4096, 1, 1], workgroup=[512, 1, 1], private_seg_size=140, group_seg_size=0, kernel_obj=0x7f4221d21a00, kernarg_address=0x7f420ca00280, completion_signal=0x0, correlation_id=0, rptr=48, wptr=48
:3:hip_module.cpp           :745 : 4393685392135 us: [pid:4178064 tid: 0x7f422aff0200] hipLaunchKernel: Returned hipSuccess : : duration: 146 us
:3:hip_device_runtime.cpp   :641 : 4393685392522 us: [pid:4178064 tid: 0x7f422aff0200] [32m hipDeviceSynchronize (  ) [0m
:4:commandqueue.cpp         :161 : 4393685392528 us: [pid:4178064 tid: 0x7f422aff0200] Marker queued to ensure finish
:4:command.cpp              :359 : 4393685392533 us: [pid:4178064 tid: 0x7f422aff0200] Command (InternalMarker) enqueued: 0x37deb420
:3:rocvirtual.cpp           :533 : 4393685392547 us: [pid:4178064 tid: 0x7f422aff0200] Set Handler: handle(0x7f4221bfc580), timestamp(0x381c7280)
:4:rocvirtual.cpp           :1147: 4393685392555 us: [pid:4178064 tid: 0x7f422aff0200] SWq=0x7f4221d5c000, HWq=0x7f420cc00000, id=1, BarrierAND Header = 0x1503 (type=3, barrier=1, acquire=2, release=2), dep_signal=[0x0, 0x0, 0x0, 0x0, 0x0], completion_signal=0x7f4221bfc580
:4:commandqueue.cpp         :184 : 4393685392566 us: [pid:4178064 tid: 0x7f422aff0200] All commands finished
:3:hip_device_runtime.cpp   :645 : 4393685392571 us: [pid:4178064 tid: 0x7f422aff0200] hipDeviceSynchronize: Returned hipSuccess : 
:3:rocvirtual.cpp           :226 : 4393685392580 us: [pid:4178064 tid: 0x7f40f11ff6c0] Handler: value(0), timestamp(0x381c7210), handle(0x7f4221bfc580)
:4:command.cpp              :169 : 4393685392593 us: [pid:4178064 tid: 0x7f40f11ff6c0] Command 0x381c6e60 complete
:3:hip_memory.cpp           :795 : 4393685392582 us: [pid:4178064 tid: 0x7f422aff0200] [32m hipMemcpy ( 0x7f4223ab2010, 0x7f40dce00000, 30720000, hipMemcpyDeviceToHost ) [0m
:4:command.cpp              :163 : 4393685392600 us: [pid:4178064 tid: 0x7f40f11ff6c0] Command 0x37deb420 complete (Wall: 4393685392599, CPU: 0, GPU: 59 us)
:4:command.cpp              :359 : 4393685392612 us: [pid:4178064 tid: 0x7f422aff0200] Command (CopyDeviceToHost) enqueued: 0x381c6e60
:4:rocblit.cpp              :1673: 4393685392630 us: [pid:4178064 tid: 0x7f422aff0200] Unpinned read path, Async = 0
:4:rocmemory.cpp            :1018: 4393685392642 us: [pid:4178064 tid: 0x7f422aff0200] Locking to pool 0x37ca7ed0, size 0x1d4d000, HostPtr = 0x7f4223ab2000, DevPtr = 0x7f4223ab2000
:4:rocblit.cpp              :623 : 4393685392650 us: [pid:4178064 tid: 0x7f422aff0200] HSA Copy Using Pinned resource size 30720000
:4:rocblit.cpp              :687 : 4393685392660 us: [pid:4178064 tid: 0x7f422aff0200] HSA Async Copy staged D2H
:4:rocblit.cpp              :503 : 4393685393125 us: [pid:4178064 tid: 0x7f422aff0200] Last copy mask 0x0
:4:rocblit.cpp              :509 : 4393685393132 us: [pid:4178064 tid: 0x7f422aff0200] Query copy engine status 0, free_engine mask 0x1e
:4:rocblit.cpp              :520 : 4393685393140 us: [pid:4178064 tid: 0x7f422aff0200] HSA Async Copy on copy_engine=0x2, dst=0x7f4223ab2010, src=0x7f40dce00000, size=30720000, forceSDMA=0, wait_event=0x0, completion_signal=0x7f4221bfe380
:4:rocvirtual.cpp           :622 : 4393685393149 us: [pid:4178064 tid: 0x7f422aff0200] Host wait on completion_signal=0x7f4221bfe380
:3:rocvirtual.hpp           :56  : 4393685393160 us: [pid:4178064 tid: 0x7f422aff0200] Host active wait for Signal = (0x7f4221bfe380) for -1 ns
:4:commandqueue.cpp         :161 : 4393685394257 us: [pid:4178064 tid: 0x7f422aff0200] Marker queued to ensure finish
:4:command.cpp              :359 : 4393685394269 us: [pid:4178064 tid: 0x7f422aff0200] Command (InternalMarker) enqueued: 0x37deb420
:3:rocvirtual.cpp           :533 : 4393685394701 us: [pid:4178064 tid: 0x7f422aff0200] Set Handler: handle(0x7f4221bfc500), timestamp(0x38350fd0)
:4:rocvirtual.cpp           :1147: 4393685394715 us: [pid:4178064 tid: 0x7f422aff0200] SWq=0x7f4221d5c000, HWq=0x7f420cc00000, id=1, BarrierAND Header = 0x1503 (type=3, barrier=1, acquire=2, release=2), dep_signal=[0x0, 0x0, 0x0, 0x0, 0x0], completion_signal=0x7f4221bfc500
:4:commandqueue.cpp         :184 : 4393685394727 us: [pid:4178064 tid: 0x7f422aff0200] All commands finished
:3:hip_memory.cpp           :796 : 4393685394736 us: [pid:4178064 tid: 0x7f422aff0200] hipMemcpy: Returned hipSuccess : : duration: 2154 us
:3:rocvirtual.cpp           :226 : 4393685394740 us: [pid:4178064 tid: 0x7f40f11ff6c0] Handler: value(0), timestamp(0x381c7210), handle(0x7f4221bfc500)
:4:command.cpp              :169 : 4393685394777 us: [pid:4178064 tid: 0x7f40f11ff6c0] Command 0x381c6e60 complete
:4:command.cpp              :163 : 4393685394790 us: [pid:4178064 tid: 0x7f40f11ff6c0] Command 0x37deb420 complete (Wall: 4393685394789, CPU: 0, GPU: 129 us)
:3:hip_memory.cpp           :3476: 4393685474636 us: [pid:4178064 tid: 0x7f422aff0200] [32m hipMemset ( 0x7f40dce00000, 0, 30720000 ) [0m
:4:command.cpp              :359 : 4393685474666 us: [pid:4178064 tid: 0x7f422aff0200] Command (FillBuffer) enqueued: 0x38088ff0
:3:rocvirtual.cpp           :762 : 4393685474682 us: [pid:4178064 tid: 0x7f422aff0200] Arg0: void* buf = ptr:0x7f40dce00000
:3:rocvirtual.cpp           :778 : 4393685474688 us: [pid:4178064 tid: 0x7f422aff0200] Arg0: void* buf = ptr:0x7f40dce00000 obj:[0x7f40dce00000-0x7f40deb4c000]
:3:rocvirtual.cpp           :762 : 4393685474696 us: [pid:4178064 tid: 0x7f422aff0200] Arg1: uchar* pattern = ptr:0x7f420ca00000
:3:rocvirtual.cpp           :853 : 4393685474704 us: [pid:4178064 tid: 0x7f422aff0200] Arg2: uint pattern_size = val:1
:3:rocvirtual.cpp           :853 : 4393685474709 us: [pid:4178064 tid: 0x7f422aff0200] Arg3: uint alignment = val:16
:3:rocvirtual.cpp           :853 : 4393685474714 us: [pid:4178064 tid: 0x7f422aff0200] Arg4: ulong end_ptr = val:139916591022080
:3:rocvirtual.cpp           :853 : 4393685474721 us: [pid:4178064 tid: 0x7f422aff0200] Arg5: uint next_chunk = val:26624
:3:rocvirtual.cpp           :3236: 4393685474726 us: [pid:4178064 tid: 0x7f422aff0200] ShaderName : __amd_rocclr_fillBufferAligned
:3:rocvirtual.cpp           :3449: 4393685474735 us: [pid:4178064 tid: 0x7f422aff0200] KernargSegmentByteSize = 296 KernargSegmentAlignment = 128
:4:rocvirtual.cpp           :965 : 4393685474746 us: [pid:4178064 tid: 0x7f422aff0200] SWq=0x7f4221d5c000, HWq=0x7f420cc00000, id=1, Dispatch Header = 0x1502 (type=2, barrier=1, acquire=2, release=2), setup=1, grid=[26624, 1, 1], workgroup=[256, 1, 1], private_seg_size=0, group_seg_size=0, kernel_obj=0x7f4221d4dd40, kernarg_address=0x7f420ca00100, completion_signal=0x0, correlation_id=0, rptr=51, wptr=51
:3:hip_memory.cpp           :3477: 4393685474762 us: [pid:4178064 tid: 0x7f422aff0200] hipMemset: Returned hipSuccess : 
:3:hip_device_runtime.cpp   :641 : 4393685474767 us: [pid:4178064 tid: 0x7f422aff0200] [32m hipDeviceSynchronize (  ) [0m
:4:commandqueue.cpp         :161 : 4393685474773 us: [pid:4178064 tid: 0x7f422aff0200] Marker queued to ensure finish
:4:command.cpp              :359 : 4393685474778 us: [pid:4178064 tid: 0x7f422aff0200] Command (InternalMarker) enqueued: 0x37deb420
:3:rocvirtual.cpp           :533 : 4393685474801 us: [pid:4178064 tid: 0x7f422aff0200] Set Handler: handle(0x7f4221bfc480), timestamp(0x380892a0)
:4:rocvirtual.cpp           :1147: 4393685475308 us: [pid:4178064 tid: 0x7f422aff0200] SWq=0x7f4221d5c000, HWq=0x7f420cc00000, id=1, BarrierAND Header = 0x1503 (type=3, barrier=1, acquire=2, release=2), dep_signal=[0x0, 0x0, 0x0, 0x0, 0x0], completion_signal=0x7f4221bfc480
:4:commandqueue.cpp         :184 : 4393685475323 us: [pid:4178064 tid: 0x7f422aff0200] All commands finished
:3:hip_device_runtime.cpp   :645 : 4393685475330 us: [pid:4178064 tid: 0x7f422aff0200] hipDeviceSynchronize: Returned hipSuccess : 
:3:hip_platform.cpp         :237 : 4393685475343 us: [pid:4178064 tid: 0x7f422aff0200] [32m __hipPushCallConfiguration ( {8,1,1}, {1024,1,1}, 0, stream:<null> ) [0m
:3:hip_platform.cpp         :241 : 4393685475354 us: [pid:4178064 tid: 0x7f422aff0200] __hipPushCallConfiguration: Returned hipSuccess : 
:3:rocvirtual.cpp           :226 : 4393685475344 us: [pid:4178064 tid: 0x7f40f11ff6c0] Handler: value(0), timestamp(0x380891f0), handle(0x7f4221bfc480)
:4:command.cpp              :169 : 4393685475384 us: [pid:4178064 tid: 0x7f40f11ff6c0] Command 0x38088ff0 complete
:3:hip_platform.cpp         :246 : 4393685475367 us: [pid:4178064 tid: 0x7f422aff0200] [32m __hipPopCallConfiguration ( {896886866,32578,1024}, {2118224,0,3252094336}, 0x7ffec1d702d0, 0x7ffec1d702c8 ) [0m
:3:hip_platform.cpp         :255 : 4393685475404 us: [pid:4178064 tid: 0x7f422aff0200] __hipPopCallConfiguration: Returned hipSuccess : 
:3:hip_module.cpp           :744 : 4393685475419 us: [pid:4178064 tid: 0x7f422aff0200] [32m hipLaunchKernel ( 0x200fd8, {8,1,1}, {1024,1,1}, 0x7ffec1d70280, 0, stream:<null> ) [0m
:4:command.cpp              :163 : 4393685475393 us: [pid:4178064 tid: 0x7f40f11ff6c0] Command 0x37deb420 complete (Wall: 4393685475392, CPU: 0, GPU: 606 us)
:4:command.cpp              :359 : 4393685475438 us: [pid:4178064 tid: 0x7f422aff0200] Command (KernelExecution) enqueued: 0x381c6e60
:3:rocvirtual.cpp           :762 : 4393685475448 us: [pid:4178064 tid: 0x7f422aff0200] Arg0:   = ptr:0x7f420ce00000
:3:rocvirtual.cpp           :778 : 4393685475454 us: [pid:4178064 tid: 0x7f422aff0200] Arg0:   = ptr:0x7f420ce00000 obj:[0x7f420ce00000-0x7f420eb4c000]
:3:rocvirtual.cpp           :762 : 4393685475925 us: [pid:4178064 tid: 0x7f422aff0200] Arg1:   = ptr:0x7f4207c00000
:3:rocvirtual.cpp           :778 : 4393685475930 us: [pid:4178064 tid: 0x7f422aff0200] Arg1:   = ptr:0x7f4207c00000 obj:[0x7f4207c00000-0x7f4207c06000]
:3:rocvirtual.cpp           :762 : 4393685475938 us: [pid:4178064 tid: 0x7f422aff0200] Arg2:   = ptr:0x7f40dce00000
:3:rocvirtual.cpp           :778 : 4393685475942 us: [pid:4178064 tid: 0x7f422aff0200] Arg2:   = ptr:0x7f40dce00000 obj:[0x7f40dce00000-0x7f40deb4c000]
:3:rocvirtual.cpp           :853 : 4393685475950 us: [pid:4178064 tid: 0x7f422aff0200] Arg3:   = val:768
:3:rocvirtual.cpp           :762 : 4393685475954 us: [pid:4178064 tid: 0x7f422aff0200] Arg4:   = ptr:0x7f4207c06000
:3:rocvirtual.cpp           :778 : 4393685475959 us: [pid:4178064 tid: 0x7f422aff0200] Arg4:   = ptr:0x7f4207c06000 obj:[0x7f4207c06000-0x7f4207c06024]
:3:rocvirtual.cpp           :3236: 4393685475967 us: [pid:4178064 tid: 0x7f422aff0200] ShaderName : void dense_esuhm<float>(float const*, float const*, float*, int, int const*)
:3:rocvirtual.cpp           :3449: 4393685475977 us: [pid:4178064 tid: 0x7f422aff0200] KernargSegmentByteSize = 296 KernargSegmentAlignment = 128
:4:rocvirtual.cpp           :965 : 4393685475986 us: [pid:4178064 tid: 0x7f422aff0200] SWq=0x7f4221d5c000, HWq=0x7f420cc00000, id=1, Dispatch Header = 0xb02 (type=2, barrier=1, acquire=1, release=1), setup=3, grid=[8192, 1, 1], workgroup=[1024, 1, 1], private_seg_size=140, group_seg_size=0, kernel_obj=0x7f4221d21980, kernarg_address=0x7f420ca00280, completion_signal=0x0, correlation_id=0, rptr=53, wptr=53
:3:hip_module.cpp           :745 : 4393685476013 us: [pid:4178064 tid: 0x7f422aff0200] hipLaunchKernel: Returned hipSuccess : : duration: 594 us
:3:hip_device_runtime.cpp   :641 : 4393685476021 us: [pid:4178064 tid: 0x7f422aff0200] [32m hipDeviceSynchronize (  ) [0m
:4:commandqueue.cpp         :161 : 4393685476027 us: [pid:4178064 tid: 0x7f422aff0200] Marker queued to ensure finish
:4:command.cpp              :359 : 4393685476032 us: [pid:4178064 tid: 0x7f422aff0200] Command (InternalMarker) enqueued: 0x37deb420
:3:rocvirtual.cpp           :533 : 4393685476051 us: [pid:4178064 tid: 0x7f422aff0200] Set Handler: handle(0x7f4221bfc400), timestamp(0x381c7170)
:4:rocvirtual.cpp           :1147: 4393685476060 us: [pid:4178064 tid: 0x7f422aff0200] SWq=0x7f4221d5c000, HWq=0x7f420cc00000, id=1, BarrierAND Header = 0x1503 (type=3, barrier=1, acquire=2, release=2), dep_signal=[0x0, 0x0, 0x0, 0x0, 0x0], completion_signal=0x7f4221bfc400
:3:rocvirtual.hpp           :56  : 4393685476071 us: [pid:4178064 tid: 0x7f422aff0200] Host active wait for Signal = (0x7f4221bfc400) for -1 ns
:4:commandqueue.cpp         :184 : 4393685476566 us: [pid:4178064 tid: 0x7f422aff0200] All commands finished
:3:hip_device_runtime.cpp   :645 : 4393685476574 us: [pid:4178064 tid: 0x7f422aff0200] hipDeviceSynchronize: Returned hipSuccess : 
:3:hip_memory.cpp           :795 : 4393685476592 us: [pid:4178064 tid: 0x7f422aff0200] [32m hipMemcpy ( 0x7f422754c010, 0x7f40dce00000, 30720000, hipMemcpyDeviceToHost ) [0m
:3:rocvirtual.cpp           :226 : 4393685476084 us: [pid:4178064 tid: 0x7f40f11ff6c0] Handler: value(0), timestamp(0x38089120), handle(0x7f4221bfc400)
:4:command.cpp              :169 : 4393685476617 us: [pid:4178064 tid: 0x7f40f11ff6c0] Command 0x381c6e60 complete
:4:command.cpp              :163 : 4393685476624 us: [pid:4178064 tid: 0x7f40f11ff6c0] Command 0x37deb420 complete (Wall: 4393685476622, CPU: 0, GPU: 580 us)
:4:command.cpp              :359 : 4393685476607 us: [pid:4178064 tid: 0x7f422aff0200] Command (CopyDeviceToHost) enqueued: 0x38089440
:4:rocblit.cpp              :1673: 4393685476655 us: [pid:4178064 tid: 0x7f422aff0200] Unpinned read path, Async = 0
:4:rocmemory.cpp            :1018: 4393685476676 us: [pid:4178064 tid: 0x7f422aff0200] Locking to pool 0x37ca7ed0, size 0x1d4d000, HostPtr = 0x7f422754c000, DevPtr = 0x7f422754c000
:4:rocblit.cpp              :623 : 4393685476684 us: [pid:4178064 tid: 0x7f422aff0200] HSA Copy Using Pinned resource size 30720000
:4:rocblit.cpp              :687 : 4393685476691 us: [pid:4178064 tid: 0x7f422aff0200] HSA Async Copy staged D2H
:4:rocblit.cpp              :503 : 4393685476697 us: [pid:4178064 tid: 0x7f422aff0200] Last copy mask 0x0
:4:rocblit.cpp              :509 : 4393685476705 us: [pid:4178064 tid: 0x7f422aff0200] Query copy engine status 0, free_engine mask 0x1e
:4:rocblit.cpp              :520 : 4393685476713 us: [pid:4178064 tid: 0x7f422aff0200] HSA Async Copy on copy_engine=0x2, dst=0x7f422754c010, src=0x7f40dce00000, size=30720000, forceSDMA=0, wait_event=0x0, completion_signal=0x7f4221bfe180
:4:rocvirtual.cpp           :622 : 4393685476723 us: [pid:4178064 tid: 0x7f422aff0200] Host wait on completion_signal=0x7f4221bfe180
:3:rocvirtual.hpp           :56  : 4393685477196 us: [pid:4178064 tid: 0x7f422aff0200] Host active wait for Signal = (0x7f4221bfe180) for -1 ns
:4:commandqueue.cpp         :161 : 4393685478249 us: [pid:4178064 tid: 0x7f422aff0200] Marker queued to ensure finish
:4:command.cpp              :359 : 4393685478256 us: [pid:4178064 tid: 0x7f422aff0200] Command (InternalMarker) enqueued: 0x37deb420
:3:rocvirtual.cpp           :533 : 4393685478271 us: [pid:4178064 tid: 0x7f422aff0200] Set Handler: handle(0x7f4221bfc380), timestamp(0x381c7060)
:4:rocvirtual.cpp           :1147: 4393685478279 us: [pid:4178064 tid: 0x7f422aff0200] SWq=0x7f4221d5c000, HWq=0x7f420cc00000, id=1, BarrierAND Header = 0x1503 (type=3, barrier=1, acquire=2, release=2), dep_signal=[0x0, 0x0, 0x0, 0x0, 0x0], completion_signal=0x7f4221bfc380
:4:commandqueue.cpp         :184 : 4393685478290 us: [pid:4178064 tid: 0x7f422aff0200] All commands finished
:3:hip_memory.cpp           :796 : 4393685478295 us: [pid:4178064 tid: 0x7f422aff0200] hipMemcpy: Returned hipSuccess : : duration: 1703 us
:3:rocvirtual.cpp           :226 : 4393685478300 us: [pid:4178064 tid: 0x7f40f11ff6c0] Handler: value(0), timestamp(0x38089120), handle(0x7f4221bfc380)
:4:command.cpp              :169 : 4393685478646 us: [pid:4178064 tid: 0x7f40f11ff6c0] Command 0x38089440 complete
:4:command.cpp              :163 : 4393685478665 us: [pid:4178064 tid: 0x7f40f11ff6c0] Command 0x37deb420 complete (Wall: 4393685478664, CPU: 0, GPU: 400 us)
:3:hip_memory.cpp           :3476: 4393685478307 us: [pid:4178064 tid: 0x7f422aff0200] [32m hipMemset ( 0x7f40dce00000, 0, 30720000 ) [0m
:4:command.cpp              :359 : 4393685478695 us: [pid:4178064 tid: 0x7f422aff0200] Command (FillBuffer) enqueued: 0x37dfa400
:3:rocvirtual.cpp           :762 : 4393685478706 us: [pid:4178064 tid: 0x7f422aff0200] Arg0: void* buf = ptr:0x7f40dce00000
:3:rocvirtual.cpp           :778 : 4393685478710 us: [pid:4178064 tid: 0x7f422aff0200] Arg0: void* buf = ptr:0x7f40dce00000 obj:[0x7f40dce00000-0x7f40deb4c000]
:3:rocvirtual.cpp           :762 : 4393685478718 us: [pid:4178064 tid: 0x7f422aff0200] Arg1: uchar* pattern = ptr:0x7f420ca00000
:3:rocvirtual.cpp           :853 : 4393685478725 us: [pid:4178064 tid: 0x7f422aff0200] Arg2: uint pattern_size = val:1
:3:rocvirtual.cpp           :853 : 4393685478730 us: [pid:4178064 tid: 0x7f422aff0200] Arg3: uint alignment = val:16
:3:rocvirtual.cpp           :853 : 4393685478735 us: [pid:4178064 tid: 0x7f422aff0200] Arg4: ulong end_ptr = val:139916591022080
:3:rocvirtual.cpp           :853 : 4393685478742 us: [pid:4178064 tid: 0x7f422aff0200] Arg5: uint next_chunk = val:26624
:3:rocvirtual.cpp           :3236: 4393685478747 us: [pid:4178064 tid: 0x7f422aff0200] ShaderName : __amd_rocclr_fillBufferAligned
:3:rocvirtual.cpp           :3449: 4393685478755 us: [pid:4178064 tid: 0x7f422aff0200] KernargSegmentByteSize = 296 KernargSegmentAlignment = 128
:4:rocvirtual.cpp           :965 : 4393685478764 us: [pid:4178064 tid: 0x7f422aff0200] SWq=0x7f4221d5c000, HWq=0x7f420cc00000, id=1, Dispatch Header = 0x1502 (type=2, barrier=1, acquire=2, release=2), setup=1, grid=[26624, 1, 1], workgroup=[256, 1, 1], private_seg_size=0, group_seg_size=0, kernel_obj=0x7f4221d4dd40, kernarg_address=0x7f420ca00100, completion_signal=0x0, correlation_id=0, rptr=56, wptr=56
:3:hip_memory.cpp           :3477: 4393685478778 us: [pid:4178064 tid: 0x7f422aff0200] hipMemset: Returned hipSuccess : 
:3:hip_device_runtime.cpp   :641 : 4393685478783 us: [pid:4178064 tid: 0x7f422aff0200] [32m hipDeviceSynchronize (  ) [0m
:4:commandqueue.cpp         :161 : 4393685479136 us: [pid:4178064 tid: 0x7f422aff0200] Marker queued to ensure finish
:4:command.cpp              :359 : 4393685479140 us: [pid:4178064 tid: 0x7f422aff0200] Command (InternalMarker) enqueued: 0x37deb420
:3:rocvirtual.cpp           :533 : 4393685479154 us: [pid:4178064 tid: 0x7f422aff0200] Set Handler: handle(0x7f4221bfc300), timestamp(0x37dfa6b0)
:4:rocvirtual.cpp           :1147: 4393685479162 us: [pid:4178064 tid: 0x7f422aff0200] SWq=0x7f4221d5c000, HWq=0x7f420cc00000, id=1, BarrierAND Header = 0x1503 (type=3, barrier=1, acquire=2, release=2), dep_signal=[0x0, 0x0, 0x0, 0x0, 0x0], completion_signal=0x7f4221bfc300
:4:commandqueue.cpp         :184 : 4393685479173 us: [pid:4178064 tid: 0x7f422aff0200] All commands finished
:3:hip_device_runtime.cpp   :645 : 4393685479179 us: [pid:4178064 tid: 0x7f422aff0200] hipDeviceSynchronize: Returned hipSuccess : 
:3:rocvirtual.cpp           :226 : 4393685479183 us: [pid:4178064 tid: 0x7f40f11ff6c0] Handler: value(0), timestamp(0x37dfa600), handle(0x7f4221bfc300)
:4:command.cpp              :169 : 4393685479202 us: [pid:4178064 tid: 0x7f40f11ff6c0] Command 0x37dfa400 complete
:4:command.cpp              :163 : 4393685479209 us: [pid:4178064 tid: 0x7f40f11ff6c0] Command 0x37deb420 complete (Wall: 4393685479208, CPU: 0, GPU: 60 us)
:3:hip_platform.cpp         :237 : 4393685479190 us: [pid:4178064 tid: 0x7f422aff0200] [32m __hipPushCallConfiguration ( {8,1,1}, {1024,1,1}, 0, stream:<null> ) [0m
:3:hip_platform.cpp         :241 : 4393685479231 us: [pid:4178064 tid: 0x7f422aff0200] __hipPushCallConfiguration: Returned hipSuccess : 
:3:hip_platform.cpp         :246 : 4393685479241 us: [pid:4178064 tid: 0x7f422aff0200] [32m __hipPopCallConfiguration ( {896886866,32578,1024}, {2118224,0,3252094336}, 0x7ffec1d702d0, 0x7ffec1d702c8 ) [0m
:3:hip_platform.cpp         :255 : 4393685479252 us: [pid:4178064 tid: 0x7f422aff0200] __hipPopCallConfiguration: Returned hipSuccess : 
:3:hip_module.cpp           :744 : 4393685479262 us: [pid:4178064 tid: 0x7f422aff0200] [32m hipLaunchKernel ( 0x200fe0, {8,1,1}, {1024,1,1}, 0x7ffec1d70280, 0, stream:<null> ) [0m
:4:command.cpp              :359 : 4393685479276 us: [pid:4178064 tid: 0x7f422aff0200] Command (KernelExecution) enqueued: 0x381c6e60
:3:rocvirtual.cpp           :762 : 4393685479811 us: [pid:4178064 tid: 0x7f422aff0200] Arg0:   = ptr:0x7f420ce00000
:3:rocvirtual.cpp           :778 : 4393685479816 us: [pid:4178064 tid: 0x7f422aff0200] Arg0:   = ptr:0x7f420ce00000 obj:[0x7f420ce00000-0x7f420eb4c000]
:3:rocvirtual.cpp           :762 : 4393685479824 us: [pid:4178064 tid: 0x7f422aff0200] Arg1:   = ptr:0x7f4207c00000
:3:rocvirtual.cpp           :778 : 4393685479829 us: [pid:4178064 tid: 0x7f422aff0200] Arg1:   = ptr:0x7f4207c00000 obj:[0x7f4207c00000-0x7f4207c06000]
:3:rocvirtual.cpp           :762 : 4393685479836 us: [pid:4178064 tid: 0x7f422aff0200] Arg2:   = ptr:0x7f40dce00000
:3:rocvirtual.cpp           :778 : 4393685479841 us: [pid:4178064 tid: 0x7f422aff0200] Arg2:   = ptr:0x7f40dce00000 obj:[0x7f40dce00000-0x7f40deb4c000]
:3:rocvirtual.cpp           :853 : 4393685479848 us: [pid:4178064 tid: 0x7f422aff0200] Arg3:   = val:768
:3:rocvirtual.cpp           :762 : 4393685479853 us: [pid:4178064 tid: 0x7f422aff0200] Arg4:   = ptr:0x7f4207c06000
:3:rocvirtual.cpp           :778 : 4393685479858 us: [pid:4178064 tid: 0x7f422aff0200] Arg4:   = ptr:0x7f4207c06000 obj:[0x7f4207c06000-0x7f4207c06024]
:3:rocvirtual.cpp           :3236: 4393685479865 us: [pid:4178064 tid: 0x7f422aff0200] ShaderName : void dense_esuhm2<float>(float const*, float const*, float*, int, int const*)
:3:rocvirtual.cpp           :3449: 4393685479874 us: [pid:4178064 tid: 0x7f422aff0200] KernargSegmentByteSize = 296 KernargSegmentAlignment = 128
:4:rocvirtual.cpp           :965 : 4393685479883 us: [pid:4178064 tid: 0x7f422aff0200] SWq=0x7f4221d5c000, HWq=0x7f420cc00000, id=1, Dispatch Header = 0xb02 (type=2, barrier=1, acquire=1, release=1), setup=3, grid=[8192, 1, 1], workgroup=[1024, 1, 1], private_seg_size=140, group_seg_size=0, kernel_obj=0x7f4221d219c0, kernarg_address=0x7f420ca00280, completion_signal=0x0, correlation_id=0, rptr=58, wptr=58
:3:hip_module.cpp           :745 : 4393685479896 us: [pid:4178064 tid: 0x7f422aff0200] hipLaunchKernel: Returned hipSuccess : : duration: 634 us
:3:hip_device_runtime.cpp   :641 : 4393685479904 us: [pid:4178064 tid: 0x7f422aff0200] [32m hipDeviceSynchronize (  ) [0m
:4:commandqueue.cpp         :161 : 4393685479909 us: [pid:4178064 tid: 0x7f422aff0200] Marker queued to ensure finish
:4:command.cpp              :359 : 4393685479914 us: [pid:4178064 tid: 0x7f422aff0200] Command (InternalMarker) enqueued: 0x37deb420
:3:rocvirtual.cpp           :533 : 4393685479928 us: [pid:4178064 tid: 0x7f422aff0200] Set Handler: handle(0x7f4221bfc280), timestamp(0x37dfa400)
:4:rocvirtual.cpp           :1147: 4393685479936 us: [pid:4178064 tid: 0x7f422aff0200] SWq=0x7f4221d5c000, HWq=0x7f420cc00000, id=1, BarrierAND Header = 0x1503 (type=3, barrier=1, acquire=2, release=2), dep_signal=[0x0, 0x0, 0x0, 0x0, 0x0], completion_signal=0x7f4221bfc280
:4:commandqueue.cpp         :184 : 4393685479947 us: [pid:4178064 tid: 0x7f422aff0200] All commands finished
:3:hip_device_runtime.cpp   :645 : 4393685479952 us: [pid:4178064 tid: 0x7f422aff0200] hipDeviceSynchronize: Returned hipSuccess : 
:3:rocvirtual.cpp           :226 : 4393685479956 us: [pid:4178064 tid: 0x7f40f11ff6c0] Handler: value(0), timestamp(0x380897b0), handle(0x7f4221bfc280)
:4:command.cpp              :169 : 4393685479976 us: [pid:4178064 tid: 0x7f40f11ff6c0] Command 0x381c6e60 complete
:4:command.cpp              :163 : 4393685479982 us: [pid:4178064 tid: 0x7f40f11ff6c0] Command 0x37deb420 complete (Wall: 4393685479981, CPU: 0, GPU: 60 us)
:3:hip_memory.cpp           :795 : 4393685479965 us: [pid:4178064 tid: 0x7f422aff0200] [32m hipMemcpy ( 0x7f42257ff010, 0x7f40dce00000, 30720000, hipMemcpyDeviceToHost ) [0m
:4:command.cpp              :359 : 4393685480373 us: [pid:4178064 tid: 0x7f422aff0200] Command (CopyDeviceToHost) enqueued: 0x38089440
:4:rocblit.cpp              :1673: 4393685480382 us: [pid:4178064 tid: 0x7f422aff0200] Unpinned read path, Async = 0
:4:rocmemory.cpp            :1018: 4393685480395 us: [pid:4178064 tid: 0x7f422aff0200] Locking to pool 0x37ca7ed0, size 0x1d4d000, HostPtr = 0x7f42257ff000, DevPtr = 0x7f42257ff000
:4:rocblit.cpp              :623 : 4393685480403 us: [pid:4178064 tid: 0x7f422aff0200] HSA Copy Using Pinned resource size 30720000
:4:rocblit.cpp              :687 : 4393685480411 us: [pid:4178064 tid: 0x7f422aff0200] HSA Async Copy staged D2H
:4:rocblit.cpp              :503 : 4393685480416 us: [pid:4178064 tid: 0x7f422aff0200] Last copy mask 0x0
:4:rocblit.cpp              :509 : 4393685480421 us: [pid:4178064 tid: 0x7f422aff0200] Query copy engine status 0, free_engine mask 0x1e
:4:rocblit.cpp              :520 : 4393685480429 us: [pid:4178064 tid: 0x7f422aff0200] HSA Async Copy on copy_engine=0x2, dst=0x7f42257ff010, src=0x7f40dce00000, size=30720000, forceSDMA=0, wait_event=0x0, completion_signal=0x7f4221bfdf80
:4:rocvirtual.cpp           :622 : 4393685480438 us: [pid:4178064 tid: 0x7f422aff0200] Host wait on completion_signal=0x7f4221bfdf80
:3:rocvirtual.hpp           :56  : 4393685480445 us: [pid:4178064 tid: 0x7f422aff0200] Host active wait for Signal = (0x7f4221bfdf80) for -1 ns
:4:commandqueue.cpp         :161 : 4393685481536 us: [pid:4178064 tid: 0x7f422aff0200] Marker queued to ensure finish
:4:command.cpp              :359 : 4393685481544 us: [pid:4178064 tid: 0x7f422aff0200] Command (InternalMarker) enqueued: 0x37deb420
:3:rocvirtual.cpp           :533 : 4393685481558 us: [pid:4178064 tid: 0x7f422aff0200] Set Handler: handle(0x7f4221bfc200), timestamp(0x38089680)
:4:rocvirtual.cpp           :1147: 4393685481566 us: [pid:4178064 tid: 0x7f422aff0200] SWq=0x7f4221d5c000, HWq=0x7f420cc00000, id=1, BarrierAND Header = 0x1503 (type=3, barrier=1, acquire=2, release=2), dep_signal=[0x0, 0x0, 0x0, 0x0, 0x0], completion_signal=0x7f4221bfc200
:4:commandqueue.cpp         :184 : 4393685481578 us: [pid:4178064 tid: 0x7f422aff0200] All commands finished
:3:hip_memory.cpp           :796 : 4393685481582 us: [pid:4178064 tid: 0x7f422aff0200] hipMemcpy: Returned hipSuccess : : duration: 1617 us
:3:hip_memory.cpp           :3476: 4393685482049 us: [pid:4178064 tid: 0x7f422aff0200] [32m hipMemset ( 0x7f40dce00000, 0, 30720000 ) [0m
:3:rocvirtual.cpp           :226 : 4393685481596 us: [pid:4178064 tid: 0x7f40f11ff6c0] Handler: value(0), timestamp(0x37dfa530), handle(0x7f4221bfc200)
:4:command.cpp              :169 : 4393685482091 us: [pid:4178064 tid: 0x7f40f11ff6c0] Command 0x38089440 complete
:4:command.cpp              :359 : 4393685482072 us: [pid:4178064 tid: 0x7f422aff0200] Command (FillBuffer) enqueued: 0x37dfa770
:4:command.cpp              :163 : 4393685482100 us: [pid:4178064 tid: 0x7f40f11ff6c0] Command 0x37deb420 complete (Wall: 4393685482099, CPU: 0, GPU: 547 us)
:3:rocvirtual.cpp           :762 : 4393685482120 us: [pid:4178064 tid: 0x7f422aff0200] Arg0: void* buf = ptr:0x7f40dce00000
:3:rocvirtual.cpp           :778 : 4393685482136 us: [pid:4178064 tid: 0x7f422aff0200] Arg0: void* buf = ptr:0x7f40dce00000 obj:[0x7f40dce00000-0x7f40deb4c000]
:3:rocvirtual.cpp           :762 : 4393685482146 us: [pid:4178064 tid: 0x7f422aff0200] Arg1: uchar* pattern = ptr:0x7f420ca00000
:3:rocvirtual.cpp           :853 : 4393685482168 us: [pid:4178064 tid: 0x7f422aff0200] Arg2: uint pattern_size = val:1
:3:rocvirtual.cpp           :853 : 4393685482736 us: [pid:4178064 tid: 0x7f422aff0200] Arg3: uint alignment = val:16
:3:rocvirtual.cpp           :853 : 4393685482745 us: [pid:4178064 tid: 0x7f422aff0200] Arg4: ulong end_ptr = val:139916591022080
:3:rocvirtual.cpp           :853 : 4393685482758 us: [pid:4178064 tid: 0x7f422aff0200] Arg5: uint next_chunk = val:26624
:3:rocvirtual.cpp           :3236: 4393685482766 us: [pid:4178064 tid: 0x7f422aff0200] ShaderName : __amd_rocclr_fillBufferAligned
:3:rocvirtual.cpp           :3449: 4393685482784 us: [pid:4178064 tid: 0x7f422aff0200] KernargSegmentByteSize = 296 KernargSegmentAlignment = 128
:4:rocvirtual.cpp           :965 : 4393685482798 us: [pid:4178064 tid: 0x7f422aff0200] SWq=0x7f4221d5c000, HWq=0x7f420cc00000, id=1, Dispatch Header = 0x1502 (type=2, barrier=1, acquire=2, release=2), setup=1, grid=[26624, 1, 1], workgroup=[256, 1, 1], private_seg_size=0, group_seg_size=0, kernel_obj=0x7f4221d4dd40, kernarg_address=0x7f420ca00100, completion_signal=0x0, correlation_id=0, rptr=61, wptr=61
:3:hip_memory.cpp           :3477: 4393685482821 us: [pid:4178064 tid: 0x7f422aff0200] hipMemset: Returned hipSuccess : 
:3:hip_device_runtime.cpp   :641 : 4393685482829 us: [pid:4178064 tid: 0x7f422aff0200] [32m hipDeviceSynchronize (  ) [0m
:4:commandqueue.cpp         :161 : 4393685482836 us: [pid:4178064 tid: 0x7f422aff0200] Marker queued to ensure finish
:4:command.cpp              :359 : 4393685482840 us: [pid:4178064 tid: 0x7f422aff0200] Command (InternalMarker) enqueued: 0x37deb420
:3:rocvirtual.cpp           :533 : 4393685482856 us: [pid:4178064 tid: 0x7f422aff0200] Set Handler: handle(0x7f4221bfc180), timestamp(0x381c7020)
:4:rocvirtual.cpp           :1147: 4393685482868 us: [pid:4178064 tid: 0x7f422aff0200] SWq=0x7f4221d5c000, HWq=0x7f420cc00000, id=1, BarrierAND Header = 0x1503 (type=3, barrier=1, acquire=2, release=2), dep_signal=[0x0, 0x0, 0x0, 0x0, 0x0], completion_signal=0x7f4221bfc180
:3:rocvirtual.cpp           :226 : 4393685482908 us: [pid:4178064 tid: 0x7f40f11ff6c0] Handler: value(0), timestamp(0x38089740), handle(0x7f4221bfc180)
:4:command.cpp              :169 : 4393685483392 us: [pid:4178064 tid: 0x7f40f11ff6c0] Command 0x37dfa770 complete
:4:commandqueue.cpp         :184 : 4393685483381 us: [pid:4178064 tid: 0x7f422aff0200] All commands finished
:4:command.cpp              :163 : 4393685483398 us: [pid:4178064 tid: 0x7f40f11ff6c0] Command 0x37deb420 complete (Wall: 4393685483397, CPU: 0, GPU: 549 us)
:3:hip_device_runtime.cpp   :645 : 4393685483408 us: [pid:4178064 tid: 0x7f422aff0200] hipDeviceSynchronize: Returned hipSuccess : 
:3:hip_platform.cpp         :237 : 4393685483438 us: [pid:4178064 tid: 0x7f422aff0200] [32m __hipPushCallConfiguration ( {8,1,1}, {1024,1,1}, 0, stream:<null> ) [0m
:3:hip_platform.cpp         :241 : 4393685483449 us: [pid:4178064 tid: 0x7f422aff0200] __hipPushCallConfiguration: Returned hipSuccess : 
:3:hip_platform.cpp         :246 : 4393685483459 us: [pid:4178064 tid: 0x7f422aff0200] [32m __hipPopCallConfiguration ( {896886866,32578,1024}, {2118224,0,3252094336}, 0x7ffec1d702d0, 0x7ffec1d702c8 ) [0m
:3:hip_platform.cpp         :255 : 4393685483466 us: [pid:4178064 tid: 0x7f422aff0200] __hipPopCallConfiguration: Returned hipSuccess : 
:3:hip_module.cpp           :744 : 4393685483479 us: [pid:4178064 tid: 0x7f422aff0200] [32m hipLaunchKernel ( 0x200fe8, {8,1,1}, {1024,1,1}, 0x7ffec1d70280, 0, stream:<null> ) [0m
:4:command.cpp              :359 : 4393685483506 us: [pid:4178064 tid: 0x7f422aff0200] Command (KernelExecution) enqueued: 0x38089440
:3:rocvirtual.cpp           :762 : 4393685483959 us: [pid:4178064 tid: 0x7f422aff0200] Arg0:   = ptr:0x7f420ce00000
:3:rocvirtual.cpp           :778 : 4393685483968 us: [pid:4178064 tid: 0x7f422aff0200] Arg0:   = ptr:0x7f420ce00000 obj:[0x7f420ce00000-0x7f420eb4c000]
:3:rocvirtual.cpp           :762 : 4393685483982 us: [pid:4178064 tid: 0x7f422aff0200] Arg1:   = ptr:0x7f4207c00000
:3:rocvirtual.cpp           :778 : 4393685483989 us: [pid:4178064 tid: 0x7f422aff0200] Arg1:   = ptr:0x7f4207c00000 obj:[0x7f4207c00000-0x7f4207c06000]
:3:rocvirtual.cpp           :762 : 4393685484011 us: [pid:4178064 tid: 0x7f422aff0200] Arg2:   = ptr:0x7f40dce00000
:3:rocvirtual.cpp           :778 : 4393685484019 us: [pid:4178064 tid: 0x7f422aff0200] Arg2:   = ptr:0x7f40dce00000 obj:[0x7f40dce00000-0x7f40deb4c000]
:3:rocvirtual.cpp           :853 : 4393685484030 us: [pid:4178064 tid: 0x7f422aff0200] Arg3:   = val:768
:3:rocvirtual.cpp           :762 : 4393685484038 us: [pid:4178064 tid: 0x7f422aff0200] Arg4:   = ptr:0x7f4207c06000
:3:rocvirtual.cpp           :778 : 4393685484050 us: [pid:4178064 tid: 0x7f422aff0200] Arg4:   = ptr:0x7f4207c06000 obj:[0x7f4207c06000-0x7f4207c06024]
:3:rocvirtual.cpp           :3236: 4393685484057 us: [pid:4178064 tid: 0x7f422aff0200] ShaderName : void dense_esuhm3<float>(float const*, float const*, float*, int, int const*)
:3:rocvirtual.cpp           :3449: 4393685484066 us: [pid:4178064 tid: 0x7f422aff0200] KernargSegmentByteSize = 296 KernargSegmentAlignment = 128
:4:rocvirtual.cpp           :965 : 4393685484076 us: [pid:4178064 tid: 0x7f422aff0200] SWq=0x7f4221d5c000, HWq=0x7f420cc00000, id=1, Dispatch Header = 0xb02 (type=2, barrier=1, acquire=1, release=1), setup=3, grid=[8192, 1, 1], workgroup=[1024, 1, 1], private_seg_size=140, group_seg_size=0, kernel_obj=0x7f4221d21a00, kernarg_address=0x7f420ca00280, completion_signal=0x0, correlation_id=0, rptr=63, wptr=63
:3:hip_module.cpp           :745 : 4393685484090 us: [pid:4178064 tid: 0x7f422aff0200] hipLaunchKernel: Returned hipSuccess : : duration: 611 us
:3:hip_device_runtime.cpp   :641 : 4393685484545 us: [pid:4178064 tid: 0x7f422aff0200] [32m hipDeviceSynchronize (  ) [0m
:4:commandqueue.cpp         :161 : 4393685484555 us: [pid:4178064 tid: 0x7f422aff0200] Marker queued to ensure finish
:4:command.cpp              :359 : 4393685484563 us: [pid:4178064 tid: 0x7f422aff0200] Command (InternalMarker) enqueued: 0x37deb420
:3:rocvirtual.cpp           :533 : 4393685484587 us: [pid:4178064 tid: 0x7f422aff0200] Set Handler: handle(0x7f4221bfc100), timestamp(0x381c6f30)
:4:rocvirtual.cpp           :1147: 4393685484600 us: [pid:4178064 tid: 0x7f422aff0200] SWq=0x7f4221d5c000, HWq=0x7f420cc00000, id=1, BarrierAND Header = 0x1503 (type=3, barrier=1, acquire=2, release=2), dep_signal=[0x0, 0x0, 0x0, 0x0, 0x0], completion_signal=0x7f4221bfc100
:4:commandqueue.cpp         :184 : 4393685484616 us: [pid:4178064 tid: 0x7f422aff0200] All commands finished
:3:hip_device_runtime.cpp   :645 : 4393685484624 us: [pid:4178064 tid: 0x7f422aff0200] hipDeviceSynchronize: Returned hipSuccess : 
:3:rocvirtual.cpp           :226 : 4393685484629 us: [pid:4178064 tid: 0x7f40f11ff6c0] Handler: value(0), timestamp(0x37dfa8a0), handle(0x7f4221bfc100)
:4:command.cpp              :169 : 4393685484648 us: [pid:4178064 tid: 0x7f40f11ff6c0] Command 0x38089440 complete
:3:hip_memory.cpp           :795 : 4393685484639 us: [pid:4178064 tid: 0x7f422aff0200] [32m hipMemcpy ( 0x7f4223ab2010, 0x7f40dce00000, 30720000, hipMemcpyDeviceToHost ) [0m
:4:command.cpp              :359 : 4393685484669 us: [pid:4178064 tid: 0x7f422aff0200] Command (CopyDeviceToHost) enqueued: 0x38089440
:4:command.cpp              :163 : 4393685484655 us: [pid:4178064 tid: 0x7f40f11ff6c0] Command 0x37deb420 complete (Wall: 4393685484654, CPU: 0, GPU: 78 us)
:4:rocblit.cpp              :1673: 4393685485018 us: [pid:4178064 tid: 0x7f422aff0200] Unpinned read path, Async = 0
:4:rocmemory.cpp            :1018: 4393685485050 us: [pid:4178064 tid: 0x7f422aff0200] Locking to pool 0x37ca7ed0, size 0x1d4d000, HostPtr = 0x7f4223ab2000, DevPtr = 0x7f4223ab2000
:4:rocblit.cpp              :623 : 4393685485062 us: [pid:4178064 tid: 0x7f422aff0200] HSA Copy Using Pinned resource size 30720000
:4:rocblit.cpp              :687 : 4393685485073 us: [pid:4178064 tid: 0x7f422aff0200] HSA Async Copy staged D2H
:4:rocblit.cpp              :503 : 4393685485080 us: [pid:4178064 tid: 0x7f422aff0200] Last copy mask 0x0
:4:rocblit.cpp              :509 : 4393685485089 us: [pid:4178064 tid: 0x7f422aff0200] Query copy engine status 0, free_engine mask 0x1e
:4:rocblit.cpp              :520 : 4393685485101 us: [pid:4178064 tid: 0x7f422aff0200] HSA Async Copy on copy_engine=0x2, dst=0x7f4223ab2010, src=0x7f40dce00000, size=30720000, forceSDMA=0, wait_event=0x0, completion_signal=0x7f4221bfdd80
:4:rocvirtual.cpp           :622 : 4393685485110 us: [pid:4178064 tid: 0x7f422aff0200] Host wait on completion_signal=0x7f4221bfdd80
:3:rocvirtual.hpp           :56  : 4393685485118 us: [pid:4178064 tid: 0x7f422aff0200] Host active wait for Signal = (0x7f4221bfdd80) for -1 ns
:4:commandqueue.cpp         :161 : 4393685486213 us: [pid:4178064 tid: 0x7f422aff0200] Marker queued to ensure finish
:4:command.cpp              :359 : 4393685486228 us: [pid:4178064 tid: 0x7f422aff0200] Command (InternalMarker) enqueued: 0x37deb420
:3:rocvirtual.cpp           :533 : 4393685486248 us: [pid:4178064 tid: 0x7f422aff0200] Set Handler: handle(0x7f4221bfc080), timestamp(0x37dfa770)
:4:rocvirtual.cpp           :1147: 4393685486261 us: [pid:4178064 tid: 0x7f422aff0200] SWq=0x7f4221d5c000, HWq=0x7f420cc00000, id=1, BarrierAND Header = 0x1503 (type=3, barrier=1, acquire=2, release=2), dep_signal=[0x0, 0x0, 0x0, 0x0, 0x0], completion_signal=0x7f4221bfc080
:4:commandqueue.cpp         :184 : 4393685486274 us: [pid:4178064 tid: 0x7f422aff0200] All commands finished
:3:hip_memory.cpp           :796 : 4393685486279 us: [pid:4178064 tid: 0x7f422aff0200] hipMemcpy: Returned hipSuccess : : duration: 1640 us
:3:rocvirtual.cpp           :226 : 4393685486285 us: [pid:4178064 tid: 0x7f40f11ff6c0] Handler: value(0), timestamp(0x37dfa8a0), handle(0x7f4221bfc080)
:4:command.cpp              :169 : 4393685486300 us: [pid:4178064 tid: 0x7f40f11ff6c0] Command 0x38089440 complete
:4:command.cpp              :163 : 4393685486305 us: [pid:4178064 tid: 0x7f40f11ff6c0] Command 0x37deb420 complete (Wall: 4393685486304, CPU: 0, GPU: 65 us)
:3:hip_memory.cpp           :772 : 4393685571194 us: [pid:4178064 tid: 0x7f422aff0200] [32m hipFree ( 0x7f420ce00000 ) [0m
:4:commandqueue.cpp         :167 : 4393685571233 us: [pid:4178064 tid: 0x7f422aff0200] HW Event not ready, awaiting completion instead
:4:commandqueue.cpp         :184 : 4393685571248 us: [pid:4178064 tid: 0x7f422aff0200] All commands finished
:4:rocdevice.cpp            :2388: 4393685571362 us: [pid:4178064 tid: 0x7f422aff0200] Free hsa memory 0x7f420ce00000
:3:rocdevice.cpp            :2411: 4393685571373 us: [pid:4178064 tid: 0x7f422aff0200] Device=0x37da1500, freeMem_ = 0xffd2adfdc
:3:hip_memory.cpp           :774 : 4393685571387 us: [pid:4178064 tid: 0x7f422aff0200] hipFree: Returned hipSuccess : 
:3:hip_memory.cpp           :772 : 4393685571721 us: [pid:4178064 tid: 0x7f422aff0200] [32m hipFree ( 0x7f4207c00000 ) [0m
:4:rocdevice.cpp            :2388: 4393685571735 us: [pid:4178064 tid: 0x7f422aff0200] Free hsa memory 0x7f4207c00000
:3:rocdevice.cpp            :2411: 4393685571742 us: [pid:4178064 tid: 0x7f422aff0200] Device=0x37da1500, freeMem_ = 0xffd2b3fdc
:3:hip_memory.cpp           :774 : 4393685571756 us: [pid:4178064 tid: 0x7f422aff0200] hipFree: Returned hipSuccess : 
:3:hip_memory.cpp           :772 : 4393685571764 us: [pid:4178064 tid: 0x7f422aff0200] [32m hipFree ( 0x7f40dce00000 ) [0m
:4:rocdevice.cpp            :2388: 4393685571842 us: [pid:4178064 tid: 0x7f422aff0200] Free hsa memory 0x7f40dce00000
:3:rocdevice.cpp            :2411: 4393685571849 us: [pid:4178064 tid: 0x7f422aff0200] Device=0x37da1500, freeMem_ = 0xffeffffdc
:3:hip_memory.cpp           :774 : 4393685572258 us: [pid:4178064 tid: 0x7f422aff0200] hipFree: Returned hipSuccess : 
:3:hip_memory.cpp           :772 : 4393685572267 us: [pid:4178064 tid: 0x7f422aff0200] [32m hipFree ( 0x7f4207c06000 ) [0m
:4:rocdevice.cpp            :2388: 4393685572279 us: [pid:4178064 tid: 0x7f422aff0200] Free hsa memory 0x7f4207c06000
:3:rocdevice.cpp            :2411: 4393685572286 us: [pid:4178064 tid: 0x7f422aff0200] Device=0x37da1500, freeMem_ = 0xfff000000
:3:hip_memory.cpp           :774 : 4393685572298 us: [pid:4178064 tid: 0x7f422aff0200] hipFree: Returned hipSuccess : 
:3:hip_memory.cpp           :756 : 4393689002822 us: [pid:4178064 tid: 0x7f422aff0200] [32m hipMalloc ( 0x7ffec1d704b0, 81920000 ) [0m
:4:rocdevice.cpp            :2371: 4393689002985 us: [pid:4178064 tid: 0x7f422aff0200] Allocate hsa device memory 0x7f40ae000000, size 0x4e20000, hsa_mem_flags 0x0h
:3:rocdevice.cpp            :2411: 4393689003636 us: [pid:4178064 tid: 0x7f422aff0200] Device=0x37da1500, freeMem_ = 0xffa1e0000
:3:hip_memory.cpp           :758 : 4393689003649 us: [pid:4178064 tid: 0x7f422aff0200] hipMalloc: Returned hipSuccess : 0x7f40ae000000: duration: 827 us
:3:hip_memory.cpp           :795 : 4393689003665 us: [pid:4178064 tid: 0x7f422aff0200] [32m hipMemcpy ( 0x7f40ae000000, 0x7f42261c5010, 81920000, hipMemcpyHostToDevice ) [0m
:4:command.cpp              :359 : 4393689003679 us: [pid:4178064 tid: 0x7f422aff0200] Command (CopyHostToDevice) enqueued: 0x38089440
:4:rocblit.cpp              :1803: 4393689003690 us: [pid:4178064 tid: 0x7f422aff0200] Unpinned write path, Async = 0
:4:rocmemory.cpp            :1018: 4393689004391 us: [pid:4178064 tid: 0x7f422aff0200] Locking to pool 0x37ca7ed0, size 0x2001000, HostPtr = 0x7f42261c5000, DevPtr = 0x7f42261c5000
:4:rocblit.cpp              :623 : 4393689004404 us: [pid:4178064 tid: 0x7f422aff0200] HSA Copy Using Pinned resource size 33554432
:4:rocblit.cpp              :680 : 4393689004411 us: [pid:4178064 tid: 0x7f422aff0200] HSA Async Copy staged H2D
:4:rocblit.cpp              :503 : 4393689004418 us: [pid:4178064 tid: 0x7f422aff0200] Last copy mask 0x0
:4:rocblit.cpp              :509 : 4393689004426 us: [pid:4178064 tid: 0x7f422aff0200] Query copy engine status 0, free_engine mask 0x1f
:4:rocblit.cpp              :520 : 4393689004433 us: [pid:4178064 tid: 0x7f422aff0200] HSA Async Copy on copy_engine=0x1, dst=0x7f40ae000000, src=0x7f42261c5010, size=33554432, forceSDMA=0, wait_event=0x0, completion_signal=0x7f4221bfdc80
:4:rocvirtual.cpp           :622 : 4393689004444 us: [pid:4178064 tid: 0x7f422aff0200] Host wait on completion_signal=0x7f4221bfdc80
:3:rocvirtual.hpp           :56  : 4393689004452 us: [pid:4178064 tid: 0x7f422aff0200] Host active wait for Signal = (0x7f4221bfdc80) for -1 ns
:4:rocmemory.cpp            :1018: 4393689006375 us: [pid:4178064 tid: 0x7f422aff0200] Locking to pool 0x37ca7ed0, size 0x2001000, HostPtr = 0x7f42281c5000, DevPtr = 0x7f42281c5000
:4:rocblit.cpp              :623 : 4393689006387 us: [pid:4178064 tid: 0x7f422aff0200] HSA Copy Using Pinned resource size 33554432
:4:rocblit.cpp              :680 : 4393689006395 us: [pid:4178064 tid: 0x7f422aff0200] HSA Async Copy staged H2D
:4:rocblit.cpp              :503 : 4393689006401 us: [pid:4178064 tid: 0x7f422aff0200] Last copy mask 0x1
:4:rocblit.cpp              :520 : 4393689006406 us: [pid:4178064 tid: 0x7f422aff0200] HSA Async Copy on copy_engine=0x1, dst=0x7f40b0000000, src=0x7f42281c5010, size=33554432, forceSDMA=0, wait_event=0x0, completion_signal=0x7f4221bfdc00
:4:rocvirtual.cpp           :622 : 4393689006415 us: [pid:4178064 tid: 0x7f422aff0200] Host wait on completion_signal=0x7f4221bfdc00
:3:rocvirtual.hpp           :56  : 4393689006423 us: [pid:4178064 tid: 0x7f422aff0200] Host active wait for Signal = (0x7f4221bfdc00) for -1 ns
:4:rocmemory.cpp            :1018: 4393689007957 us: [pid:4178064 tid: 0x7f422aff0200] Locking to pool 0x37ca7ed0, size 0xe21000, HostPtr = 0x7f422a1c5000, DevPtr = 0x7f422a1c5000
:4:rocblit.cpp              :623 : 4393689007968 us: [pid:4178064 tid: 0x7f422aff0200] HSA Copy Using Pinned resource size 14811136
:4:rocblit.cpp              :680 : 4393689007975 us: [pid:4178064 tid: 0x7f422aff0200] HSA Async Copy staged H2D
:4:rocblit.cpp              :503 : 4393689007980 us: [pid:4178064 tid: 0x7f422aff0200] Last copy mask 0x1
:4:rocblit.cpp              :520 : 4393689007985 us: [pid:4178064 tid: 0x7f422aff0200] HSA Async Copy on copy_engine=0x1, dst=0x7f40b2000000, src=0x7f422a1c5010, size=14811136, forceSDMA=0, wait_event=0x0, completion_signal=0x7f4221bfdb80
:4:rocvirtual.cpp           :622 : 4393689007993 us: [pid:4178064 tid: 0x7f422aff0200] Host wait on completion_signal=0x7f4221bfdb80
:3:rocvirtual.hpp           :56  : 4393689008008 us: [pid:4178064 tid: 0x7f422aff0200] Host active wait for Signal = (0x7f4221bfdb80) for -1 ns
:4:commandqueue.cpp         :161 : 4393689008553 us: [pid:4178064 tid: 0x7f422aff0200] Marker queued to ensure finish
:4:command.cpp              :359 : 4393689008558 us: [pid:4178064 tid: 0x7f422aff0200] Command (InternalMarker) enqueued: 0x37deb420
:3:rocvirtual.cpp           :533 : 4393689008579 us: [pid:4178064 tid: 0x7f422aff0200] Set Handler: handle(0x7f4221bfc000), timestamp(0x37da3c20)
:4:rocvirtual.cpp           :1147: 4393689008591 us: [pid:4178064 tid: 0x7f422aff0200] SWq=0x7f4221d5c000, HWq=0x7f420cc00000, id=1, BarrierAND Header = 0x1503 (type=3, barrier=1, acquire=2, release=2), dep_signal=[0x0, 0x0, 0x0, 0x0, 0x0], completion_signal=0x7f4221bfc000
:4:commandqueue.cpp         :184 : 4393689008602 us: [pid:4178064 tid: 0x7f422aff0200] All commands finished
:3:hip_memory.cpp           :796 : 4393689008608 us: [pid:4178064 tid: 0x7f422aff0200] hipMemcpy: Returned hipSuccess : : duration: 4943 us
:3:hip_memory.cpp           :756 : 4393689008617 us: [pid:4178064 tid: 0x7f422aff0200] [32m hipMalloc ( 0x7ffec1d704a8, 65536 ) [0m
:4:rocdevice.cpp            :2371: 4393689008629 us: [pid:4178064 tid: 0x7f422aff0200] Allocate hsa device memory 0x7f4207c27000, size 0x10000, hsa_mem_flags 0x0h
:3:rocdevice.cpp            :2411: 4393689008639 us: [pid:4178064 tid: 0x7f422aff0200] Device=0x37da1500, freeMem_ = 0xffa1d0000
:3:hip_memory.cpp           :758 : 4393689008649 us: [pid:4178064 tid: 0x7f422aff0200] hipMalloc: Returned hipSuccess : 0x7f4207c27000: duration: 32 us
:3:hip_memory.cpp           :795 : 4393689008659 us: [pid:4178064 tid: 0x7f422aff0200] [32m hipMemcpy ( 0x7f4207c27000, 0x387012d0, 65536, hipMemcpyHostToDevice ) [0m
:3:rocvirtual.cpp           :226 : 4393689008631 us: [pid:4178064 tid: 0x7f40f11ff6c0] Handler: value(0), timestamp(0x38278620), handle(0x7f4221bfc000)
:4:command.cpp              :169 : 4393689009209 us: [pid:4178064 tid: 0x7f40f11ff6c0] Command 0x38089440 complete
:4:command.cpp              :359 : 4393689009192 us: [pid:4178064 tid: 0x7f422aff0200] Command (CopyHostToDevice) enqueued: 0x37dfaa40
:4:rocblit.cpp              :1803: 4393689009228 us: [pid:4178064 tid: 0x7f422aff0200] Unpinned write path, Async = 0
:4:rocblit.cpp              :633 : 4393689009233 us: [pid:4178064 tid: 0x7f422aff0200] HSA Copy Using Staging resource size 65536
:4:command.cpp              :163 : 4393689009220 us: [pid:4178064 tid: 0x7f40f11ff6c0] Command 0x37deb420 complete (Wall: 4393689009218, CPU: 0, GPU: 651 us)
:4:rocblit.cpp              :680 : 4393689009247 us: [pid:4178064 tid: 0x7f422aff0200] HSA Async Copy staged H2D
:4:rocblit.cpp              :503 : 4393689009259 us: [pid:4178064 tid: 0x7f422aff0200] Last copy mask 0x0
:4:rocblit.cpp              :509 : 4393689009265 us: [pid:4178064 tid: 0x7f422aff0200] Query copy engine status 0, free_engine mask 0x1f
:4:rocblit.cpp              :520 : 4393689009273 us: [pid:4178064 tid: 0x7f422aff0200] HSA Async Copy on copy_engine=0x1, dst=0x7f4207c27000, src=0x7f420c406100, size=65536, forceSDMA=0, wait_event=0x0, completion_signal=0x7f4221bfda80
:4:commandqueue.cpp         :161 : 4393689009282 us: [pid:4178064 tid: 0x7f422aff0200] Marker queued to ensure finish
:4:command.cpp              :359 : 4393689009286 us: [pid:4178064 tid: 0x7f422aff0200] Command (InternalMarker) enqueued: 0x37deb420
:3:rocvirtual.cpp           :533 : 4393689009299 us: [pid:4178064 tid: 0x7f422aff0200] Set Handler: handle(0x7f4221bfbf80), timestamp(0x3853fde0)
:4:rocvirtual.cpp           :1147: 4393689009708 us: [pid:4178064 tid: 0x7f422aff0200] SWq=0x7f4221d5c000, HWq=0x7f420cc00000, id=1, BarrierAND Header = 0x1503 (type=3, barrier=1, acquire=2, release=2), dep_signal=[0x0, 0x0, 0x0, 0x0, 0x0], completion_signal=0x7f4221bfbf80
:4:commandqueue.cpp         :184 : 4393689009719 us: [pid:4178064 tid: 0x7f422aff0200] All commands finished
:3:hip_memory.cpp           :796 : 4393689009724 us: [pid:4178064 tid: 0x7f422aff0200] hipMemcpy: Returned hipSuccess : : duration: 1065 us
:3:rocvirtual.cpp           :226 : 4393689009732 us: [pid:4178064 tid: 0x7f40f11ff6c0] Handler: value(0), timestamp(0x37da7b30), handle(0x7f4221bfbf80)
:4:command.cpp              :169 : 4393689009742 us: [pid:4178064 tid: 0x7f40f11ff6c0] Command 0x37dfaa40 complete
:4:command.cpp              :163 : 4393689009747 us: [pid:4178064 tid: 0x7f40f11ff6c0] Command 0x37deb420 complete (Wall: 4393689009746, CPU: 0, GPU: 453 us)
:3:hip_memory.cpp           :756 : 4393689009733 us: [pid:4178064 tid: 0x7f422aff0200] [32m hipMalloc ( 0x7ffec1d704a0, 81920000 ) [0m
:4:rocdevice.cpp            :2371: 4393689009833 us: [pid:4178064 tid: 0x7f422aff0200] Allocate hsa device memory 0x7f40a8e00000, size 0x4e20000, hsa_mem_flags 0x0h
:3:rocdevice.cpp            :2411: 4393689010167 us: [pid:4178064 tid: 0x7f422aff0200] Device=0x37da1500, freeMem_ = 0xff53b0000
:3:hip_memory.cpp           :758 : 4393689010176 us: [pid:4178064 tid: 0x7f422aff0200] hipMalloc: Returned hipSuccess : 0x7f40a8e00000: duration: 443 us
:3:hip_memory.cpp           :756 : 4393689010185 us: [pid:4178064 tid: 0x7f422aff0200] [32m hipMalloc ( 0x7ffec1d70498, 36 ) [0m
:4:rocdevice.cpp            :2371: 4393689010196 us: [pid:4178064 tid: 0x7f422aff0200] Allocate hsa device memory 0x7f4207c00000, size 0x24, hsa_mem_flags 0x0h
:3:rocdevice.cpp            :2411: 4393689010203 us: [pid:4178064 tid: 0x7f422aff0200] Device=0x37da1500, freeMem_ = 0xff53affdc
:3:hip_memory.cpp           :758 : 4393689010211 us: [pid:4178064 tid: 0x7f422aff0200] hipMalloc: Returned hipSuccess : 0x7f4207c00000: duration: 26 us
:3:hip_memory.cpp           :795 : 4393689010221 us: [pid:4178064 tid: 0x7f422aff0200] [32m hipMemcpy ( 0x7f4207c00000, 0x37c9ddc0, 36, hipMemcpyHostToDevice ) [0m
:4:command.cpp              :359 : 4393689010232 us: [pid:4178064 tid: 0x7f422aff0200] Command (CopyHostToDevice) enqueued: 0x37dfaa40
:4:rocblit.cpp              :1803: 4393689010241 us: [pid:4178064 tid: 0x7f422aff0200] Unpinned write path, Async = 0
:4:rocblit.cpp              :1832: 4393689010246 us: [pid:4178064 tid: 0x7f422aff0200] memcpy stg buf=0x7f420c416100, host src=0x37c9ddc0, size=36
:4:rocblit.cpp              :1835: 4393689010253 us: [pid:4178064 tid: 0x7f422aff0200] Blit staging H2D copy dst=0x7f4207c00000, stg buf=0x7f420c416100, dstOrigin=0x0, size=36
:3:rocvirtual.cpp           :762 : 4393689010274 us: [pid:4178064 tid: 0x7f422aff0200] Arg0: uchar* src = ptr:0x7f420c416100
:3:rocvirtual.cpp           :762 : 4393689010863 us: [pid:4178064 tid: 0x7f422aff0200] Arg1: uchar* dst = ptr:0x7f4207c00000
:3:rocvirtual.cpp           :853 : 4393689010868 us: [pid:4178064 tid: 0x7f422aff0200] Arg2: ulong size = val:36
:3:rocvirtual.cpp           :853 : 4393689010873 us: [pid:4178064 tid: 0x7f422aff0200] Arg3: uint remainder = val:4
:3:rocvirtual.cpp           :853 : 4393689010878 us: [pid:4178064 tid: 0x7f422aff0200] Arg4: uint aligned_size = val:16
:3:rocvirtual.cpp           :853 : 4393689010882 us: [pid:4178064 tid: 0x7f422aff0200] Arg5: ulong end_ptr = val:139921574592544
:3:rocvirtual.cpp           :853 : 4393689010890 us: [pid:4178064 tid: 0x7f422aff0200] Arg6: uint next_chunk = val:512
:3:rocvirtual.cpp           :3236: 4393689010895 us: [pid:4178064 tid: 0x7f422aff0200] ShaderName : __amd_rocclr_copyBuffer
:3:rocvirtual.cpp           :3449: 4393689010901 us: [pid:4178064 tid: 0x7f422aff0200] KernargSegmentByteSize = 304 KernargSegmentAlignment = 128
:4:rocvirtual.cpp           :965 : 4393689010911 us: [pid:4178064 tid: 0x7f422aff0200] SWq=0x7f4221d5c000, HWq=0x7f420cc00000, id=1, Dispatch Header = 0x1502 (type=2, barrier=1, acquire=2, release=2), setup=1, grid=[512, 1, 1], workgroup=[512, 1, 1], private_seg_size=0, group_seg_size=0, kernel_obj=0x7f4221d4ddc0, kernarg_address=0x7f420ca00000, completion_signal=0x0, correlation_id=0, rptr=68, wptr=68
:4:commandqueue.cpp         :161 : 4393689010927 us: [pid:4178064 tid: 0x7f422aff0200] Marker queued to ensure finish
:4:command.cpp              :359 : 4393689010931 us: [pid:4178064 tid: 0x7f422aff0200] Command (InternalMarker) enqueued: 0x37deb420
:3:rocvirtual.cpp           :533 : 4393689010949 us: [pid:4178064 tid: 0x7f422aff0200] Set Handler: handle(0x7f4221bfbf00), timestamp(0x384c94d0)
:4:rocvirtual.cpp           :1147: 4393689010958 us: [pid:4178064 tid: 0x7f422aff0200] SWq=0x7f4221d5c000, HWq=0x7f420cc00000, id=1, BarrierAND Header = 0x1503 (type=3, barrier=1, acquire=2, release=2), dep_signal=[0x0, 0x0, 0x0, 0x0, 0x0], completion_signal=0x7f4221bfbf00
:4:commandqueue.cpp         :184 : 4393689010974 us: [pid:4178064 tid: 0x7f422aff0200] All commands finished
:3:hip_memory.cpp           :796 : 4393689011348 us: [pid:4178064 tid: 0x7f422aff0200] hipMemcpy: Returned hipSuccess : : duration: 1127 us
:3:hip_memory.cpp           :3476: 4393689011360 us: [pid:4178064 tid: 0x7f422aff0200] [32m hipMemset ( 0x7f40a8e00000, 0, 81920000 ) [0m
:3:rocvirtual.cpp           :226 : 4393689010984 us: [pid:4178064 tid: 0x7f40f11ff6c0] Handler: value(0), timestamp(0x384c9420), handle(0x7f4221bfbf00)
:4:command.cpp              :359 : 4393689011372 us: [pid:4178064 tid: 0x7f422aff0200] Command (FillBuffer) enqueued: 0x384c9590
:4:command.cpp              :169 : 4393689011935 us: [pid:4178064 tid: 0x7f40f11ff6c0] Command 0x37dfaa40 complete
:4:command.cpp              :163 : 4393689011956 us: [pid:4178064 tid: 0x7f40f11ff6c0] Command 0x37deb420 complete (Wall: 4393689011953, CPU: 0, GPU: 1014 us)
:3:rocvirtual.cpp           :762 : 4393689011943 us: [pid:4178064 tid: 0x7f422aff0200] Arg0: void* buf = ptr:0x7f40a8e00000
:3:rocvirtual.cpp           :778 : 4393689011984 us: [pid:4178064 tid: 0x7f422aff0200] Arg0: void* buf = ptr:0x7f40a8e00000 obj:[0x7f40a8e00000-0x7f40adc20000]
:3:rocvirtual.cpp           :762 : 4393689011992 us: [pid:4178064 tid: 0x7f422aff0200] Arg1: uchar* pattern = ptr:0x7f420ca00200
:3:rocvirtual.cpp           :853 : 4393689012000 us: [pid:4178064 tid: 0x7f422aff0200] Arg2: uint pattern_size = val:1
:3:rocvirtual.cpp           :853 : 4393689012011 us: [pid:4178064 tid: 0x7f422aff0200] Arg3: uint alignment = val:16
:3:rocvirtual.cpp           :853 : 4393689012017 us: [pid:4178064 tid: 0x7f422aff0200] Arg4: ulong end_ptr = val:139915769806848
:3:rocvirtual.cpp           :853 : 4393689012025 us: [pid:4178064 tid: 0x7f422aff0200] Arg5: uint next_chunk = val:26624
:3:rocvirtual.cpp           :3236: 4393689012030 us: [pid:4178064 tid: 0x7f422aff0200] ShaderName : __amd_rocclr_fillBufferAligned
:3:rocvirtual.cpp           :3449: 4393689012037 us: [pid:4178064 tid: 0x7f422aff0200] KernargSegmentByteSize = 296 KernargSegmentAlignment = 128
:4:rocvirtual.cpp           :965 : 4393689012421 us: [pid:4178064 tid: 0x7f422aff0200] SWq=0x7f4221d5c000, HWq=0x7f420cc00000, id=1, Dispatch Header = 0xb02 (type=2, barrier=1, acquire=1, release=1), setup=1, grid=[26624, 1, 1], workgroup=[256, 1, 1], private_seg_size=0, group_seg_size=0, kernel_obj=0x7f4221d4dd40, kernarg_address=0x7f420ca00300, completion_signal=0x0, correlation_id=0, rptr=70, wptr=70
:3:hip_memory.cpp           :3477: 4393689012436 us: [pid:4178064 tid: 0x7f422aff0200] hipMemset: Returned hipSuccess : 
:3:hip_device_runtime.cpp   :641 : 4393689012442 us: [pid:4178064 tid: 0x7f422aff0200] [32m hipDeviceSynchronize (  ) [0m
:4:commandqueue.cpp         :161 : 4393689012448 us: [pid:4178064 tid: 0x7f422aff0200] Marker queued to ensure finish
:4:command.cpp              :359 : 4393689012452 us: [pid:4178064 tid: 0x7f422aff0200] Command (InternalMarker) enqueued: 0x37deb420
:3:rocvirtual.cpp           :533 : 4393689012470 us: [pid:4178064 tid: 0x7f422aff0200] Set Handler: handle(0x7f4221bfbe80), timestamp(0x38089190)
:4:rocvirtual.cpp           :1147: 4393689012478 us: [pid:4178064 tid: 0x7f422aff0200] SWq=0x7f4221d5c000, HWq=0x7f420cc00000, id=1, BarrierAND Header = 0x1503 (type=3, barrier=1, acquire=2, release=2), dep_signal=[0x0, 0x0, 0x0, 0x0, 0x0], completion_signal=0x7f4221bfbe80
:3:rocvirtual.hpp           :56  : 4393689012489 us: [pid:4178064 tid: 0x7f422aff0200] Host active wait for Signal = (0x7f4221bfbe80) for -1 ns
:4:commandqueue.cpp         :184 : 4393689012512 us: [pid:4178064 tid: 0x7f422aff0200] All commands finished
:3:hip_device_runtime.cpp   :645 : 4393689012518 us: [pid:4178064 tid: 0x7f422aff0200] hipDeviceSynchronize: Returned hipSuccess : 
:3:hip_platform.cpp         :237 : 4393689012530 us: [pid:4178064 tid: 0x7f422aff0200] [32m __hipPushCallConfiguration ( {8,1,1}, {128,1,1}, 0, stream:<null> ) [0m
:3:hip_platform.cpp         :241 : 4393689012962 us: [pid:4178064 tid: 0x7f422aff0200] __hipPushCallConfiguration: Returned hipSuccess : 
:3:hip_platform.cpp         :246 : 4393689012977 us: [pid:4178064 tid: 0x7f422aff0200] [32m __hipPopCallConfiguration ( {896886866,32578,128}, {2118224,0,3252094336}, 0x7ffec1d702d0, 0x7ffec1d702c8 ) [0m
:3:hip_platform.cpp         :255 : 4393689012986 us: [pid:4178064 tid: 0x7f422aff0200] __hipPopCallConfiguration: Returned hipSuccess : 
:3:rocvirtual.cpp           :226 : 4393689012532 us: [pid:4178064 tid: 0x7f40f11ff6c0] Handler: value(0), timestamp(0x37dfaa40), handle(0x7f4221bfbe80)
:3:hip_module.cpp           :744 : 4393689012999 us: [pid:4178064 tid: 0x7f422aff0200] [32m hipLaunchKernel ( 0x200fd8, {8,1,1}, {128,1,1}, 0x7ffec1d70280, 0, stream:<null> ) [0m
:4:command.cpp              :169 : 4393689013029 us: [pid:4178064 tid: 0x7f40f11ff6c0] Command 0x384c9590 complete
:4:command.cpp              :359 : 4393689013038 us: [pid:4178064 tid: 0x7f422aff0200] Command (KernelExecution) enqueued: 0x384c98b0
:3:rocvirtual.cpp           :762 : 4393689013047 us: [pid:4178064 tid: 0x7f422aff0200] Arg0:   = ptr:0x7f40ae000000
:3:rocvirtual.cpp           :778 : 4393689013075 us: [pid:4178064 tid: 0x7f422aff0200] Arg0:   = ptr:0x7f40ae000000 obj:[0x7f40ae000000-0x7f40b2e20000]
:3:rocvirtual.cpp           :762 : 4393689013471 us: [pid:4178064 tid: 0x7f422aff0200] Arg1:   = ptr:0x7f4207c27000
:3:rocvirtual.cpp           :778 : 4393689013477 us: [pid:4178064 tid: 0x7f422aff0200] Arg1:   = ptr:0x7f4207c27000 obj:[0x7f4207c27000-0x7f4207c37000]
:3:rocvirtual.cpp           :762 : 4393689013485 us: [pid:4178064 tid: 0x7f422aff0200] Arg2:   = ptr:0x7f40a8e00000
:3:rocvirtual.cpp           :778 : 4393689013490 us: [pid:4178064 tid: 0x7f422aff0200] Arg2:   = ptr:0x7f40a8e00000 obj:[0x7f40a8e00000-0x7f40adc20000]
:3:rocvirtual.cpp           :853 : 4393689013498 us: [pid:4178064 tid: 0x7f422aff0200] Arg3:   = val:2048
:3:rocvirtual.cpp           :762 : 4393689013504 us: [pid:4178064 tid: 0x7f422aff0200] Arg4:   = ptr:0x7f4207c00000
:3:rocvirtual.cpp           :778 : 4393689013509 us: [pid:4178064 tid: 0x7f422aff0200] Arg4:   = ptr:0x7f4207c00000 obj:[0x7f4207c00000-0x7f4207c00024]
:3:rocvirtual.cpp           :3236: 4393689013518 us: [pid:4178064 tid: 0x7f422aff0200] ShaderName : void dense_esuhm<float>(float const*, float const*, float*, int, int const*)
:3:rocvirtual.cpp           :3449: 4393689013528 us: [pid:4178064 tid: 0x7f422aff0200] KernargSegmentByteSize = 296 KernargSegmentAlignment = 128
:4:command.cpp              :163 : 4393689013535 us: [pid:4178064 tid: 0x7f40f11ff6c0] Command 0x37deb420 complete (Wall: 4393689013531, CPU: 0, GPU: 1070 us)
:4:rocvirtual.cpp           :965 : 4393689013537 us: [pid:4178064 tid: 0x7f422aff0200] SWq=0x7f4221d5c000, HWq=0x7f420cc00000, id=1, Dispatch Header = 0xb02 (type=2, barrier=1, acquire=1, release=1), setup=3, grid=[1024, 1, 1], workgroup=[128, 1, 1], private_seg_size=140, group_seg_size=0, kernel_obj=0x7f4221d21980, kernarg_address=0x7f420ca00480, completion_signal=0x0, correlation_id=0, rptr=72, wptr=72
:3:hip_module.cpp           :745 : 4393689013567 us: [pid:4178064 tid: 0x7f422aff0200] hipLaunchKernel: Returned hipSuccess : : duration: 568 us
:3:hip_device_runtime.cpp   :641 : 4393689013576 us: [pid:4178064 tid: 0x7f422aff0200] [32m hipDeviceSynchronize (  ) [0m
:4:commandqueue.cpp         :161 : 4393689014014 us: [pid:4178064 tid: 0x7f422aff0200] Marker queued to ensure finish
:4:command.cpp              :359 : 4393689014018 us: [pid:4178064 tid: 0x7f422aff0200] Command (InternalMarker) enqueued: 0x384c9af0
:3:rocvirtual.cpp           :533 : 4393689014032 us: [pid:4178064 tid: 0x7f422aff0200] Set Handler: handle(0x7f4221bfbe00), timestamp(0x384c93e0)
:4:rocvirtual.cpp           :1147: 4393689014040 us: [pid:4178064 tid: 0x7f422aff0200] SWq=0x7f4221d5c000, HWq=0x7f420cc00000, id=1, BarrierAND Header = 0x1503 (type=3, barrier=1, acquire=2, release=2), dep_signal=[0x0, 0x0, 0x0, 0x0, 0x0], completion_signal=0x7f4221bfbe00
:4:commandqueue.cpp         :184 : 4393689014052 us: [pid:4178064 tid: 0x7f422aff0200] All commands finished
:3:hip_device_runtime.cpp   :645 : 4393689014060 us: [pid:4178064 tid: 0x7f422aff0200] hipDeviceSynchronize: Returned hipSuccess : 
:3:rocvirtual.cpp           :226 : 4393689014067 us: [pid:4178064 tid: 0x7f40f11ff6c0] Handler: value(0), timestamp(0x37deb420), handle(0x7f4221bfbe00)
:3:hip_memory.cpp           :795 : 4393689014073 us: [pid:4178064 tid: 0x7f422aff0200] [32m hipMemcpy ( 0x7f40c69df010, 0x7f40a8e00000, 81920000, hipMemcpyDeviceToHost ) [0m
:4:command.cpp              :169 : 4393689014476 us: [pid:4178064 tid: 0x7f40f11ff6c0] Command 0x384c98b0 complete
:4:command.cpp              :359 : 4393689014487 us: [pid:4178064 tid: 0x7f422aff0200] Command (CopyDeviceToHost) enqueued: 0x38368e00
:4:rocblit.cpp              :1673: 4393689014507 us: [pid:4178064 tid: 0x7f422aff0200] Unpinned read path, Async = 0
:4:command.cpp              :163 : 4393689014497 us: [pid:4178064 tid: 0x7f40f11ff6c0] Command 0x384c9af0 complete (Wall: 4393689014495, CPU: 0, GPU: 469 us)
:4:rocmemory.cpp            :1018: 4393689026147 us: [pid:4178064 tid: 0x7f422aff0200] Locking to pool 0x37ca7ed0, size 0x2001000, HostPtr = 0x7f40c69df000, DevPtr = 0x7f40c69df000
:4:rocblit.cpp              :623 : 4393689026167 us: [pid:4178064 tid: 0x7f422aff0200] HSA Copy Using Pinned resource size 33554432
:4:rocblit.cpp              :687 : 4393689026174 us: [pid:4178064 tid: 0x7f422aff0200] HSA Async Copy staged D2H
:4:rocblit.cpp              :503 : 4393689026180 us: [pid:4178064 tid: 0x7f422aff0200] Last copy mask 0x0
:4:rocblit.cpp              :509 : 4393689026186 us: [pid:4178064 tid: 0x7f422aff0200] Query copy engine status 0, free_engine mask 0x1e
:4:rocblit.cpp              :520 : 4393689026194 us: [pid:4178064 tid: 0x7f422aff0200] HSA Async Copy on copy_engine=0x2, dst=0x7f40c69df010, src=0x7f40a8e00000, size=33554432, forceSDMA=0, wait_event=0x0, completion_signal=0x7f4221bff800
:4:rocvirtual.cpp           :622 : 4393689026205 us: [pid:4178064 tid: 0x7f422aff0200] Host wait on completion_signal=0x7f4221bff800
:3:rocvirtual.hpp           :56  : 4393689026214 us: [pid:4178064 tid: 0x7f422aff0200] Host active wait for Signal = (0x7f4221bff800) for -1 ns
:4:rocmemory.cpp            :1018: 4393689038445 us: [pid:4178064 tid: 0x7f422aff0200] Locking to pool 0x37ca7ed0, size 0x2001000, HostPtr = 0x7f40c89df000, DevPtr = 0x7f40c89df000
:4:rocblit.cpp              :623 : 4393689038463 us: [pid:4178064 tid: 0x7f422aff0200] HSA Copy Using Pinned resource size 33554432
:4:rocblit.cpp              :687 : 4393689038471 us: [pid:4178064 tid: 0x7f422aff0200] HSA Async Copy staged D2H
:4:rocblit.cpp              :503 : 4393689038478 us: [pid:4178064 tid: 0x7f422aff0200] Last copy mask 0x2
:4:rocblit.cpp              :520 : 4393689038484 us: [pid:4178064 tid: 0x7f422aff0200] HSA Async Copy on copy_engine=0x2, dst=0x7f40c89df010, src=0x7f40aae00000, size=33554432, forceSDMA=0, wait_event=0x0, completion_signal=0x7f4221bff780
:4:rocvirtual.cpp           :622 : 4393689038494 us: [pid:4178064 tid: 0x7f422aff0200] Host wait on completion_signal=0x7f4221bff780
:3:rocvirtual.hpp           :56  : 4393689038501 us: [pid:4178064 tid: 0x7f422aff0200] Host active wait for Signal = (0x7f4221bff780) for -1 ns
:4:rocmemory.cpp            :1018: 4393689044652 us: [pid:4178064 tid: 0x7f422aff0200] Locking to pool 0x37ca7ed0, size 0xe21000, HostPtr = 0x7f40ca9df000, DevPtr = 0x7f40ca9df000
:4:rocblit.cpp              :623 : 4393689044668 us: [pid:4178064 tid: 0x7f422aff0200] HSA Copy Using Pinned resource size 14811136
:4:rocblit.cpp              :687 : 4393689044676 us: [pid:4178064 tid: 0x7f422aff0200] HSA Async Copy staged D2H
:4:rocblit.cpp              :503 : 4393689044682 us: [pid:4178064 tid: 0x7f422aff0200] Last copy mask 0x2
:4:rocblit.cpp              :520 : 4393689044687 us: [pid:4178064 tid: 0x7f422aff0200] HSA Async Copy on copy_engine=0x2, dst=0x7f40ca9df010, src=0x7f40ace00000, size=14811136, forceSDMA=0, wait_event=0x0, completion_signal=0x7f4221bfd880
:4:rocvirtual.cpp           :622 : 4393689044697 us: [pid:4178064 tid: 0x7f422aff0200] Host wait on completion_signal=0x7f4221bfd880
:3:rocvirtual.hpp           :56  : 4393689044709 us: [pid:4178064 tid: 0x7f422aff0200] Host active wait for Signal = (0x7f4221bfd880) for -1 ns
:4:commandqueue.cpp         :161 : 4393689045236 us: [pid:4178064 tid: 0x7f422aff0200] Marker queued to ensure finish
:4:command.cpp              :359 : 4393689045383 us: [pid:4178064 tid: 0x7f422aff0200] Command (InternalMarker) enqueued: 0x384c9af0
:3:rocvirtual.cpp           :533 : 4393689045402 us: [pid:4178064 tid: 0x7f422aff0200] Set Handler: handle(0x7f4221bfd600), timestamp(0x38366470)
:4:rocvirtual.cpp           :1147: 4393689045411 us: [pid:4178064 tid: 0x7f422aff0200] SWq=0x7f4221d5c000, HWq=0x7f420cc00000, id=1, BarrierAND Header = 0x1503 (type=3, barrier=1, acquire=2, release=2), dep_signal=[0x0, 0x0, 0x0, 0x0, 0x0], completion_signal=0x7f4221bfd600
:3:rocvirtual.hpp           :56  : 4393689045421 us: [pid:4178064 tid: 0x7f422aff0200] Host active wait for Signal = (0x7f4221bfd600) for -1 ns
:4:commandqueue.cpp         :184 : 4393689045429 us: [pid:4178064 tid: 0x7f422aff0200] All commands finished
:3:rocvirtual.cpp           :226 : 4393689045432 us: [pid:4178064 tid: 0x7f40f11ff6c0] Handler: value(0), timestamp(0x37deb420), handle(0x7f4221bfd600)
:4:command.cpp              :169 : 4393689045453 us: [pid:4178064 tid: 0x7f40f11ff6c0] Command 0x38368e00 complete
:4:command.cpp              :163 : 4393689045463 us: [pid:4178064 tid: 0x7f40f11ff6c0] Command 0x384c9af0 complete (Wall: 4393689045461, CPU: 0, GPU: 69 us)
:3:hip_memory.cpp           :796 : 4393689045436 us: [pid:4178064 tid: 0x7f422aff0200] hipMemcpy: Returned hipSuccess : : duration: 31363 us
:3:hip_memory.cpp           :3476: 4393689045490 us: [pid:4178064 tid: 0x7f422aff0200] [32m hipMemset ( 0x7f40a8e00000, 0, 81920000 ) [0m
:4:command.cpp              :359 : 4393689045501 us: [pid:4178064 tid: 0x7f422aff0200] Command (FillBuffer) enqueued: 0x38368cd0
:3:rocvirtual.cpp           :762 : 4393689045513 us: [pid:4178064 tid: 0x7f422aff0200] Arg0: void* buf = ptr:0x7f40a8e00000
:3:rocvirtual.cpp           :778 : 4393689045517 us: [pid:4178064 tid: 0x7f422aff0200] Arg0: void* buf = ptr:0x7f40a8e00000 obj:[0x7f40a8e00000-0x7f40adc20000]
:3:rocvirtual.cpp           :762 : 4393689045869 us: [pid:4178064 tid: 0x7f422aff0200] Arg1: uchar* pattern = ptr:0x7f420ca00000
:3:rocvirtual.cpp           :853 : 4393689045876 us: [pid:4178064 tid: 0x7f422aff0200] Arg2: uint pattern_size = val:1
:3:rocvirtual.cpp           :853 : 4393689045881 us: [pid:4178064 tid: 0x7f422aff0200] Arg3: uint alignment = val:16
:3:rocvirtual.cpp           :853 : 4393689045886 us: [pid:4178064 tid: 0x7f422aff0200] Arg4: ulong end_ptr = val:139915769806848
:3:rocvirtual.cpp           :853 : 4393689045894 us: [pid:4178064 tid: 0x7f422aff0200] Arg5: uint next_chunk = val:26624
:3:rocvirtual.cpp           :3236: 4393689045899 us: [pid:4178064 tid: 0x7f422aff0200] ShaderName : __amd_rocclr_fillBufferAligned
:3:rocvirtual.cpp           :3449: 4393689045908 us: [pid:4178064 tid: 0x7f422aff0200] KernargSegmentByteSize = 296 KernargSegmentAlignment = 128
:4:rocvirtual.cpp           :965 : 4393689045917 us: [pid:4178064 tid: 0x7f422aff0200] SWq=0x7f4221d5c000, HWq=0x7f420cc00000, id=1, Dispatch Header = 0x1502 (type=2, barrier=1, acquire=2, release=2), setup=1, grid=[26624, 1, 1], workgroup=[256, 1, 1], private_seg_size=0, group_seg_size=0, kernel_obj=0x7f4221d4dd40, kernarg_address=0x7f420ca00100, completion_signal=0x0, correlation_id=0, rptr=75, wptr=75
:3:hip_memory.cpp           :3477: 4393689045931 us: [pid:4178064 tid: 0x7f422aff0200] hipMemset: Returned hipSuccess : 
:3:hip_device_runtime.cpp   :641 : 4393689045937 us: [pid:4178064 tid: 0x7f422aff0200] [32m hipDeviceSynchronize (  ) [0m
:4:commandqueue.cpp         :161 : 4393689045943 us: [pid:4178064 tid: 0x7f422aff0200] Marker queued to ensure finish
:4:command.cpp              :359 : 4393689045947 us: [pid:4178064 tid: 0x7f422aff0200] Command (InternalMarker) enqueued: 0x384c9af0
:3:rocvirtual.cpp           :533 : 4393689045958 us: [pid:4178064 tid: 0x7f422aff0200] Set Handler: handle(0x7f4221bfd680), timestamp(0x38366360)
:4:rocvirtual.cpp           :1147: 4393689045970 us: [pid:4178064 tid: 0x7f422aff0200] SWq=0x7f4221d5c000, HWq=0x7f420cc00000, id=1, BarrierAND Header = 0x1503 (type=3, barrier=1, acquire=2, release=2), dep_signal=[0x0, 0x0, 0x0, 0x0, 0x0], completion_signal=0x7f4221bfd680
:3:rocvirtual.hpp           :56  : 4393689045981 us: [pid:4178064 tid: 0x7f422aff0200] Host active wait for Signal = (0x7f4221bfd680) for -1 ns
:4:commandqueue.cpp         :184 : 4393689046008 us: [pid:4178064 tid: 0x7f422aff0200] All commands finished
:3:rocvirtual.cpp           :226 : 4393689046013 us: [pid:4178064 tid: 0x7f40f11ff6c0] Handler: value(0), timestamp(0x382715d0), handle(0x7f4221bfd680)
:3:hip_device_runtime.cpp   :645 : 4393689046013 us: [pid:4178064 tid: 0x7f422aff0200] hipDeviceSynchronize: Returned hipSuccess : 
:4:command.cpp              :169 : 4393689046031 us: [pid:4178064 tid: 0x7f40f11ff6c0] Command 0x38368cd0 complete
:3:hip_platform.cpp         :237 : 4393689046596 us: [pid:4178064 tid: 0x7f422aff0200] [32m __hipPushCallConfiguration ( {8,1,1}, {128,1,1}, 0, stream:<null> ) [0m
:3:hip_platform.cpp         :241 : 4393689046621 us: [pid:4178064 tid: 0x7f422aff0200] __hipPushCallConfiguration: Returned hipSuccess : 
:3:hip_platform.cpp         :246 : 4393689046632 us: [pid:4178064 tid: 0x7f422aff0200] [32m __hipPopCallConfiguration ( {896886866,32578,128}, {2118224,0,3252094336}, 0x7ffec1d702d0, 0x7ffec1d702c8 ) [0m
:3:hip_platform.cpp         :255 : 4393689046641 us: [pid:4178064 tid: 0x7f422aff0200] __hipPopCallConfiguration: Returned hipSuccess : 
:4:command.cpp              :163 : 4393689046612 us: [pid:4178064 tid: 0x7f40f11ff6c0] Command 0x384c9af0 complete (Wall: 4393689046608, CPU: 0, GPU: 654 us)
:3:hip_module.cpp           :744 : 4393689046653 us: [pid:4178064 tid: 0x7f422aff0200] [32m hipLaunchKernel ( 0x200fe0, {8,1,1}, {128,1,1}, 0x7ffec1d70280, 0, stream:<null> ) [0m
:4:command.cpp              :359 : 4393689046682 us: [pid:4178064 tid: 0x7f422aff0200] Command (KernelExecution) enqueued: 0x384c98b0
:3:rocvirtual.cpp           :762 : 4393689046691 us: [pid:4178064 tid: 0x7f422aff0200] Arg0:   = ptr:0x7f40ae000000
:3:rocvirtual.cpp           :778 : 4393689046695 us: [pid:4178064 tid: 0x7f422aff0200] Arg0:   = ptr:0x7f40ae000000 obj:[0x7f40ae000000-0x7f40b2e20000]
:3:rocvirtual.cpp           :762 : 4393689046703 us: [pid:4178064 tid: 0x7f422aff0200] Arg1:   = ptr:0x7f4207c27000
:3:rocvirtual.cpp           :778 : 4393689046708 us: [pid:4178064 tid: 0x7f422aff0200] Arg1:   = ptr:0x7f4207c27000 obj:[0x7f4207c27000-0x7f4207c37000]
:3:rocvirtual.cpp           :762 : 4393689046716 us: [pid:4178064 tid: 0x7f422aff0200] Arg2:   = ptr:0x7f40a8e00000
:3:rocvirtual.cpp           :778 : 4393689046720 us: [pid:4178064 tid: 0x7f422aff0200] Arg2:   = ptr:0x7f40a8e00000 obj:[0x7f40a8e00000-0x7f40adc20000]
:3:rocvirtual.cpp           :853 : 4393689046728 us: [pid:4178064 tid: 0x7f422aff0200] Arg3:   = val:2048
:3:rocvirtual.cpp           :762 : 4393689046733 us: [pid:4178064 tid: 0x7f422aff0200] Arg4:   = ptr:0x7f4207c00000
:3:rocvirtual.cpp           :778 : 4393689046737 us: [pid:4178064 tid: 0x7f422aff0200] Arg4:   = ptr:0x7f4207c00000 obj:[0x7f4207c00000-0x7f4207c00024]
:3:rocvirtual.cpp           :3236: 4393689046745 us: [pid:4178064 tid: 0x7f422aff0200] ShaderName : void dense_esuhm2<float>(float const*, float const*, float*, int, int const*)
:3:rocvirtual.cpp           :3449: 4393689046755 us: [pid:4178064 tid: 0x7f422aff0200] KernargSegmentByteSize = 296 KernargSegmentAlignment = 128
:4:rocvirtual.cpp           :965 : 4393689046764 us: [pid:4178064 tid: 0x7f422aff0200] SWq=0x7f4221d5c000, HWq=0x7f420cc00000, id=1, Dispatch Header = 0xb02 (type=2, barrier=1, acquire=1, release=1), setup=3, grid=[1024, 1, 1], workgroup=[128, 1, 1], private_seg_size=140, group_seg_size=0, kernel_obj=0x7f4221d219c0, kernarg_address=0x7f420ca00280, completion_signal=0x0, correlation_id=0, rptr=77, wptr=77
:3:hip_module.cpp           :745 : 4393689047118 us: [pid:4178064 tid: 0x7f422aff0200] hipLaunchKernel: Returned hipSuccess : : duration: 465 us
:3:hip_device_runtime.cpp   :641 : 4393689047130 us: [pid:4178064 tid: 0x7f422aff0200] [32m hipDeviceSynchronize (  ) [0m
:4:commandqueue.cpp         :161 : 4393689047135 us: [pid:4178064 tid: 0x7f422aff0200] Marker queued to ensure finish
:4:command.cpp              :359 : 4393689047139 us: [pid:4178064 tid: 0x7f422aff0200] Command (InternalMarker) enqueued: 0x384c9af0
:3:rocvirtual.cpp           :533 : 4393689047151 us: [pid:4178064 tid: 0x7f422aff0200] Set Handler: handle(0x7f4221bfd700), timestamp(0x38366250)
:4:rocvirtual.cpp           :1147: 4393689047159 us: [pid:4178064 tid: 0x7f422aff0200] SWq=0x7f4221d5c000, HWq=0x7f420cc00000, id=1, BarrierAND Header = 0x1503 (type=3, barrier=1, acquire=2, release=2), dep_signal=[0x0, 0x0, 0x0, 0x0, 0x0], completion_signal=0x7f4221bfd700
:3:rocvirtual.hpp           :56  : 4393689047170 us: [pid:4178064 tid: 0x7f422aff0200] Host active wait for Signal = (0x7f4221bfd700) for -1 ns
:4:commandqueue.cpp         :184 : 4393689047336 us: [pid:4178064 tid: 0x7f422aff0200] All commands finished
:3:hip_device_runtime.cpp   :645 : 4393689047588 us: [pid:4178064 tid: 0x7f422aff0200] hipDeviceSynchronize: Returned hipSuccess : 
:3:rocvirtual.cpp           :226 : 4393689047340 us: [pid:4178064 tid: 0x7f40f11ff6c0] Handler: value(0), timestamp(0x383dceb0), handle(0x7f4221bfd700)
:3:hip_memory.cpp           :795 : 4393689047603 us: [pid:4178064 tid: 0x7f422aff0200] [32m hipMemcpy ( 0x7f40c1bbe010, 0x7f40a8e00000, 81920000, hipMemcpyDeviceToHost ) [0m
:4:command.cpp              :169 : 4393689047622 us: [pid:4178064 tid: 0x7f40f11ff6c0] Command 0x384c98b0 complete
:4:command.cpp              :163 : 4393689047647 us: [pid:4178064 tid: 0x7f40f11ff6c0] Command 0x384c9af0 complete (Wall: 4393689047644, CPU: 0, GPU: 498 us)
:4:command.cpp              :359 : 4393689047634 us: [pid:4178064 tid: 0x7f422aff0200] Command (CopyDeviceToHost) enqueued: 0x38368cd0
:4:rocblit.cpp              :1673: 4393689047678 us: [pid:4178064 tid: 0x7f422aff0200] Unpinned read path, Async = 0
:4:rocmemory.cpp            :1018: 4393689057882 us: [pid:4178064 tid: 0x7f422aff0200] Locking to pool 0x37ca7ed0, size 0x2001000, HostPtr = 0x7f40c1bbe000, DevPtr = 0x7f40c1bbe000
:4:rocblit.cpp              :623 : 4393689057899 us: [pid:4178064 tid: 0x7f422aff0200] HSA Copy Using Pinned resource size 33554432
:4:rocblit.cpp              :687 : 4393689057907 us: [pid:4178064 tid: 0x7f422aff0200] HSA Async Copy staged D2H
:4:rocblit.cpp              :503 : 4393689057912 us: [pid:4178064 tid: 0x7f422aff0200] Last copy mask 0x0
:4:rocblit.cpp              :509 : 4393689057920 us: [pid:4178064 tid: 0x7f422aff0200] Query copy engine status 0, free_engine mask 0x1e
:4:rocblit.cpp              :520 : 4393689057927 us: [pid:4178064 tid: 0x7f422aff0200] HSA Async Copy on copy_engine=0x2, dst=0x7f40c1bbe010, src=0x7f40a8e00000, size=33554432, forceSDMA=0, wait_event=0x0, completion_signal=0x7f4221bff680
:4:rocvirtual.cpp           :622 : 4393689057937 us: [pid:4178064 tid: 0x7f422aff0200] Host wait on completion_signal=0x7f4221bff680
:3:rocvirtual.hpp           :56  : 4393689057945 us: [pid:4178064 tid: 0x7f422aff0200] Host active wait for Signal = (0x7f4221bff680) for -1 ns
:4:rocmemory.cpp            :1018: 4393689070039 us: [pid:4178064 tid: 0x7f422aff0200] Locking to pool 0x37ca7ed0, size 0x2001000, HostPtr = 0x7f40c3bbe000, DevPtr = 0x7f40c3bbe000
:4:rocblit.cpp              :623 : 4393689070053 us: [pid:4178064 tid: 0x7f422aff0200] HSA Copy Using Pinned resource size 33554432
:4:rocblit.cpp              :687 : 4393689070060 us: [pid:4178064 tid: 0x7f422aff0200] HSA Async Copy staged D2H
:4:rocblit.cpp              :503 : 4393689070065 us: [pid:4178064 tid: 0x7f422aff0200] Last copy mask 0x2
:4:rocblit.cpp              :520 : 4393689070070 us: [pid:4178064 tid: 0x7f422aff0200] HSA Async Copy on copy_engine=0x2, dst=0x7f40c3bbe010, src=0x7f40aae00000, size=33554432, forceSDMA=0, wait_event=0x0, completion_signal=0x7f4221bff480
:4:rocvirtual.cpp           :622 : 4393689070081 us: [pid:4178064 tid: 0x7f422aff0200] Host wait on completion_signal=0x7f4221bff480
:3:rocvirtual.hpp           :56  : 4393689070092 us: [pid:4178064 tid: 0x7f422aff0200] Host active wait for Signal = (0x7f4221bff480) for -1 ns
:4:rocmemory.cpp            :1018: 4393689075842 us: [pid:4178064 tid: 0x7f422aff0200] Locking to pool 0x37ca7ed0, size 0xe21000, HostPtr = 0x7f40c5bbe000, DevPtr = 0x7f40c5bbe000
:4:rocblit.cpp              :623 : 4393689075856 us: [pid:4178064 tid: 0x7f422aff0200] HSA Copy Using Pinned resource size 14811136
:4:rocblit.cpp              :687 : 4393689076457 us: [pid:4178064 tid: 0x7f422aff0200] HSA Async Copy staged D2H
:4:rocblit.cpp              :503 : 4393689076464 us: [pid:4178064 tid: 0x7f422aff0200] Last copy mask 0x2
:4:rocblit.cpp              :520 : 4393689076469 us: [pid:4178064 tid: 0x7f422aff0200] HSA Async Copy on copy_engine=0x2, dst=0x7f40c5bbe010, src=0x7f40ace00000, size=14811136, forceSDMA=0, wait_event=0x0, completion_signal=0x7f4221bfd900
:4:rocvirtual.cpp           :622 : 4393689076479 us: [pid:4178064 tid: 0x7f422aff0200] Host wait on completion_signal=0x7f4221bfd900
:3:rocvirtual.hpp           :56  : 4393689076487 us: [pid:4178064 tid: 0x7f422aff0200] Host active wait for Signal = (0x7f4221bfd900) for -1 ns
:4:commandqueue.cpp         :161 : 4393689077123 us: [pid:4178064 tid: 0x7f422aff0200] Marker queued to ensure finish
:4:command.cpp              :359 : 4393689077129 us: [pid:4178064 tid: 0x7f422aff0200] Command (InternalMarker) enqueued: 0x384c9af0
:3:rocvirtual.cpp           :533 : 4393689077146 us: [pid:4178064 tid: 0x7f422aff0200] Set Handler: handle(0x7f4221bfd800), timestamp(0x37de47d0)
:4:rocvirtual.cpp           :1147: 4393689077156 us: [pid:4178064 tid: 0x7f422aff0200] SWq=0x7f4221d5c000, HWq=0x7f420cc00000, id=1, BarrierAND Header = 0x1503 (type=3, barrier=1, acquire=2, release=2), dep_signal=[0x0, 0x0, 0x0, 0x0, 0x0], completion_signal=0x7f4221bfd800
:3:rocvirtual.hpp           :56  : 4393689077166 us: [pid:4178064 tid: 0x7f422aff0200] Host active wait for Signal = (0x7f4221bfd800) for -1 ns
:4:commandqueue.cpp         :184 : 4393689077174 us: [pid:4178064 tid: 0x7f422aff0200] All commands finished
:3:rocvirtual.cpp           :226 : 4393689077176 us: [pid:4178064 tid: 0x7f40f11ff6c0] Handler: value(0), timestamp(0x383dceb0), handle(0x7f4221bfd800)
:4:command.cpp              :169 : 4393689077196 us: [pid:4178064 tid: 0x7f40f11ff6c0] Command 0x38368cd0 complete
:4:command.cpp              :163 : 4393689077206 us: [pid:4178064 tid: 0x7f40f11ff6c0] Command 0x384c9af0 complete (Wall: 4393689077204, CPU: 0, GPU: 67 us)
:3:hip_memory.cpp           :796 : 4393689077198 us: [pid:4178064 tid: 0x7f422aff0200] hipMemcpy: Returned hipSuccess : : duration: 29595 us
:3:hip_memory.cpp           :3476: 4393689077685 us: [pid:4178064 tid: 0x7f422aff0200] [32m hipMemset ( 0x7f40a8e00000, 0, 81920000 ) [0m
:4:command.cpp              :359 : 4393689077696 us: [pid:4178064 tid: 0x7f422aff0200] Command (FillBuffer) enqueued: 0x38368cd0
:3:rocvirtual.cpp           :762 : 4393689077708 us: [pid:4178064 tid: 0x7f422aff0200] Arg0: void* buf = ptr:0x7f40a8e00000
:3:rocvirtual.cpp           :778 : 4393689077713 us: [pid:4178064 tid: 0x7f422aff0200] Arg0: void* buf = ptr:0x7f40a8e00000 obj:[0x7f40a8e00000-0x7f40adc20000]
:3:rocvirtual.cpp           :762 : 4393689077721 us: [pid:4178064 tid: 0x7f422aff0200] Arg1: uchar* pattern = ptr:0x7f420ca00000
:3:rocvirtual.cpp           :853 : 4393689077728 us: [pid:4178064 tid: 0x7f422aff0200] Arg2: uint pattern_size = val:1
:3:rocvirtual.cpp           :853 : 4393689077733 us: [pid:4178064 tid: 0x7f422aff0200] Arg3: uint alignment = val:16
:3:rocvirtual.cpp           :853 : 4393689077738 us: [pid:4178064 tid: 0x7f422aff0200] Arg4: ulong end_ptr = val:139915769806848
:3:rocvirtual.cpp           :853 : 4393689077745 us: [pid:4178064 tid: 0x7f422aff0200] Arg5: uint next_chunk = val:26624
:3:rocvirtual.cpp           :3236: 4393689077750 us: [pid:4178064 tid: 0x7f422aff0200] ShaderName : __amd_rocclr_fillBufferAligned
:3:rocvirtual.cpp           :3449: 4393689078179 us: [pid:4178064 tid: 0x7f422aff0200] KernargSegmentByteSize = 296 KernargSegmentAlignment = 128
:4:rocvirtual.cpp           :965 : 4393689078191 us: [pid:4178064 tid: 0x7f422aff0200] SWq=0x7f4221d5c000, HWq=0x7f420cc00000, id=1, Dispatch Header = 0x1502 (type=2, barrier=1, acquire=2, release=2), setup=1, grid=[26624, 1, 1], workgroup=[256, 1, 1], private_seg_size=0, group_seg_size=0, kernel_obj=0x7f4221d4dd40, kernarg_address=0x7f420ca00100, completion_signal=0x0, correlation_id=0, rptr=80, wptr=80
:3:hip_memory.cpp           :3477: 4393689078206 us: [pid:4178064 tid: 0x7f422aff0200] hipMemset: Returned hipSuccess : 
:3:hip_device_runtime.cpp   :641 : 4393689078211 us: [pid:4178064 tid: 0x7f422aff0200] [32m hipDeviceSynchronize (  ) [0m
:4:commandqueue.cpp         :161 : 4393689078216 us: [pid:4178064 tid: 0x7f422aff0200] Marker queued to ensure finish
:4:command.cpp              :359 : 4393689078221 us: [pid:4178064 tid: 0x7f422aff0200] Command (InternalMarker) enqueued: 0x384c9af0
:3:rocvirtual.cpp           :533 : 4393689078232 us: [pid:4178064 tid: 0x7f422aff0200] Set Handler: handle(0x7f4221bfd100), timestamp(0x384fa760)
:4:rocvirtual.cpp           :1147: 4393689078240 us: [pid:4178064 tid: 0x7f422aff0200] SWq=0x7f4221d5c000, HWq=0x7f420cc00000, id=1, BarrierAND Header = 0x1503 (type=3, barrier=1, acquire=2, release=2), dep_signal=[0x0, 0x0, 0x0, 0x0, 0x0], completion_signal=0x7f4221bfd100
:3:rocvirtual.hpp           :56  : 4393689078250 us: [pid:4178064 tid: 0x7f422aff0200] Host active wait for Signal = (0x7f4221bfd100) for -1 ns
:4:commandqueue.cpp         :184 : 4393689078282 us: [pid:4178064 tid: 0x7f422aff0200] All commands finished
:3:rocvirtual.cpp           :226 : 4393689078284 us: [pid:4178064 tid: 0x7f40f11ff6c0] Handler: value(0), timestamp(0x385ca490), handle(0x7f4221bfd100)
:4:command.cpp              :169 : 4393689079117 us: [pid:4178064 tid: 0x7f40f11ff6c0] Command 0x38368cd0 complete
:3:hip_device_runtime.cpp   :645 : 4393689079107 us: [pid:4178064 tid: 0x7f422aff0200] hipDeviceSynchronize: Returned hipSuccess : 
:3:hip_platform.cpp         :237 : 4393689079133 us: [pid:4178064 tid: 0x7f422aff0200] [32m __hipPushCallConfiguration ( {8,1,1}, {128,1,1}, 0, stream:<null> ) [0m
:3:hip_platform.cpp         :241 : 4393689079142 us: [pid:4178064 tid: 0x7f422aff0200] __hipPushCallConfiguration: Returned hipSuccess : 
:3:hip_platform.cpp         :246 : 4393689079152 us: [pid:4178064 tid: 0x7f422aff0200] [32m __hipPopCallConfiguration ( {896886866,32578,128}, {2118224,0,3252094336}, 0x7ffec1d702d0, 0x7ffec1d702c8 ) [0m
:3:hip_platform.cpp         :255 : 4393689079161 us: [pid:4178064 tid: 0x7f422aff0200] __hipPopCallConfiguration: Returned hipSuccess : 
:3:hip_module.cpp           :744 : 4393689079174 us: [pid:4178064 tid: 0x7f422aff0200] [32m hipLaunchKernel ( 0x200fe8, {8,1,1}, {128,1,1}, 0x7ffec1d70280, 0, stream:<null> ) [0m
:4:command.cpp              :163 : 4393689079144 us: [pid:4178064 tid: 0x7f40f11ff6c0] Command 0x384c9af0 complete (Wall: 4393689079142, CPU: 0, GPU: 914 us)
:4:command.cpp              :359 : 4393689079189 us: [pid:4178064 tid: 0x7f422aff0200] Command (KernelExecution) enqueued: 0x384c98b0
:3:rocvirtual.cpp           :762 : 4393689079646 us: [pid:4178064 tid: 0x7f422aff0200] Arg0:   = ptr:0x7f40ae000000
:3:rocvirtual.cpp           :778 : 4393689079651 us: [pid:4178064 tid: 0x7f422aff0200] Arg0:   = ptr:0x7f40ae000000 obj:[0x7f40ae000000-0x7f40b2e20000]
:3:rocvirtual.cpp           :762 : 4393689079658 us: [pid:4178064 tid: 0x7f422aff0200] Arg1:   = ptr:0x7f4207c27000
:3:rocvirtual.cpp           :778 : 4393689079663 us: [pid:4178064 tid: 0x7f422aff0200] Arg1:   = ptr:0x7f4207c27000 obj:[0x7f4207c27000-0x7f4207c37000]
:3:rocvirtual.cpp           :762 : 4393689079671 us: [pid:4178064 tid: 0x7f422aff0200] Arg2:   = ptr:0x7f40a8e00000
:3:rocvirtual.cpp           :778 : 4393689079675 us: [pid:4178064 tid: 0x7f422aff0200] Arg2:   = ptr:0x7f40a8e00000 obj:[0x7f40a8e00000-0x7f40adc20000]
:3:rocvirtual.cpp           :853 : 4393689079683 us: [pid:4178064 tid: 0x7f422aff0200] Arg3:   = val:2048
:3:rocvirtual.cpp           :762 : 4393689079690 us: [pid:4178064 tid: 0x7f422aff0200] Arg4:   = ptr:0x7f4207c00000
:3:rocvirtual.cpp           :778 : 4393689079695 us: [pid:4178064 tid: 0x7f422aff0200] Arg4:   = ptr:0x7f4207c00000 obj:[0x7f4207c00000-0x7f4207c00024]
:3:rocvirtual.cpp           :3236: 4393689079702 us: [pid:4178064 tid: 0x7f422aff0200] ShaderName : void dense_esuhm3<float>(float const*, float const*, float*, int, int const*)
:3:rocvirtual.cpp           :3449: 4393689079711 us: [pid:4178064 tid: 0x7f422aff0200] KernargSegmentByteSize = 296 KernargSegmentAlignment = 128
:4:rocvirtual.cpp           :965 : 4393689079721 us: [pid:4178064 tid: 0x7f422aff0200] SWq=0x7f4221d5c000, HWq=0x7f420cc00000, id=1, Dispatch Header = 0xb02 (type=2, barrier=1, acquire=1, release=1), setup=3, grid=[1024, 1, 1], workgroup=[128, 1, 1], private_seg_size=140, group_seg_size=0, kernel_obj=0x7f4221d21a00, kernarg_address=0x7f420ca00280, completion_signal=0x0, correlation_id=0, rptr=82, wptr=82
:3:hip_module.cpp           :745 : 4393689079734 us: [pid:4178064 tid: 0x7f422aff0200] hipLaunchKernel: Returned hipSuccess : : duration: 560 us
:3:hip_device_runtime.cpp   :641 : 4393689079743 us: [pid:4178064 tid: 0x7f422aff0200] [32m hipDeviceSynchronize (  ) [0m
:4:commandqueue.cpp         :161 : 4393689079748 us: [pid:4178064 tid: 0x7f422aff0200] Marker queued to ensure finish
:4:command.cpp              :359 : 4393689079752 us: [pid:4178064 tid: 0x7f422aff0200] Command (InternalMarker) enqueued: 0x384c9af0
:3:rocvirtual.cpp           :533 : 4393689079763 us: [pid:4178064 tid: 0x7f422aff0200] Set Handler: handle(0x7f4221bfd080), timestamp(0x3843e130)
:4:rocvirtual.cpp           :1147: 4393689079771 us: [pid:4178064 tid: 0x7f422aff0200] SWq=0x7f4221d5c000, HWq=0x7f420cc00000, id=1, BarrierAND Header = 0x1503 (type=3, barrier=1, acquire=2, release=2), dep_signal=[0x0, 0x0, 0x0, 0x0, 0x0], completion_signal=0x7f4221bfd080
:3:rocvirtual.hpp           :56  : 4393689079782 us: [pid:4178064 tid: 0x7f422aff0200] Host active wait for Signal = (0x7f4221bfd080) for -1 ns
:4:commandqueue.cpp         :184 : 4393689080215 us: [pid:4178064 tid: 0x7f422aff0200] All commands finished
:3:hip_device_runtime.cpp   :645 : 4393689080431 us: [pid:4178064 tid: 0x7f422aff0200] hipDeviceSynchronize: Returned hipSuccess : 
:3:rocvirtual.cpp           :226 : 4393689080217 us: [pid:4178064 tid: 0x7f40f11ff6c0] Handler: value(0), timestamp(0x383dd020), handle(0x7f4221bfd080)
:4:command.cpp              :169 : 4393689080455 us: [pid:4178064 tid: 0x7f40f11ff6c0] Command 0x384c98b0 complete
:4:command.cpp              :163 : 4393689080462 us: [pid:4178064 tid: 0x7f40f11ff6c0] Command 0x384c9af0 complete (Wall: 4393689080461, CPU: 0, GPU: 702 us)
:3:hip_memory.cpp           :795 : 4393689080445 us: [pid:4178064 tid: 0x7f422aff0200] [32m hipMemcpy ( 0x7f40bcd9d010, 0x7f40a8e00000, 81920000, hipMemcpyDeviceToHost ) [0m
:4:command.cpp              :359 : 4393689080490 us: [pid:4178064 tid: 0x7f422aff0200] Command (CopyDeviceToHost) enqueued: 0x384c98b0
:4:rocblit.cpp              :1673: 4393689080500 us: [pid:4178064 tid: 0x7f422aff0200] Unpinned read path, Async = 0
:4:rocmemory.cpp            :1018: 4393689090978 us: [pid:4178064 tid: 0x7f422aff0200] Locking to pool 0x37ca7ed0, size 0x2001000, HostPtr = 0x7f40bcd9d000, DevPtr = 0x7f40bcd9d000
:4:rocblit.cpp              :623 : 4393689090997 us: [pid:4178064 tid: 0x7f422aff0200] HSA Copy Using Pinned resource size 33554432
:4:rocblit.cpp              :687 : 4393689091005 us: [pid:4178064 tid: 0x7f422aff0200] HSA Async Copy staged D2H
:4:rocblit.cpp              :503 : 4393689091011 us: [pid:4178064 tid: 0x7f422aff0200] Last copy mask 0x0
:4:rocblit.cpp              :509 : 4393689091020 us: [pid:4178064 tid: 0x7f422aff0200] Query copy engine status 0, free_engine mask 0x1e
:4:rocblit.cpp              :520 : 4393689091028 us: [pid:4178064 tid: 0x7f422aff0200] HSA Async Copy on copy_engine=0x2, dst=0x7f40bcd9d010, src=0x7f40a8e00000, size=33554432, forceSDMA=0, wait_event=0x0, completion_signal=0x7f4221bff380
:4:rocvirtual.cpp           :622 : 4393689091043 us: [pid:4178064 tid: 0x7f422aff0200] Host wait on completion_signal=0x7f4221bff380
:3:rocvirtual.hpp           :56  : 4393689091051 us: [pid:4178064 tid: 0x7f422aff0200] Host active wait for Signal = (0x7f4221bff380) for -1 ns
:4:rocmemory.cpp            :1018: 4393689102541 us: [pid:4178064 tid: 0x7f422aff0200] Locking to pool 0x37ca7ed0, size 0x2001000, HostPtr = 0x7f40bed9d000, DevPtr = 0x7f40bed9d000
:4:rocblit.cpp              :623 : 4393689102564 us: [pid:4178064 tid: 0x7f422aff0200] HSA Copy Using Pinned resource size 33554432
:4:rocblit.cpp              :687 : 4393689102574 us: [pid:4178064 tid: 0x7f422aff0200] HSA Async Copy staged D2H
:4:rocblit.cpp              :503 : 4393689102583 us: [pid:4178064 tid: 0x7f422aff0200] Last copy mask 0x2
:4:rocblit.cpp              :520 : 4393689102971 us: [pid:4178064 tid: 0x7f422aff0200] HSA Async Copy on copy_engine=0x2, dst=0x7f40bed9d010, src=0x7f40aae00000, size=33554432, forceSDMA=0, wait_event=0x0, completion_signal=0x7f4221bff180
:4:rocvirtual.cpp           :622 : 4393689102984 us: [pid:4178064 tid: 0x7f422aff0200] Host wait on completion_signal=0x7f4221bff180
:3:rocvirtual.hpp           :56  : 4393689102992 us: [pid:4178064 tid: 0x7f422aff0200] Host active wait for Signal = (0x7f4221bff180) for -1 ns
:4:rocmemory.cpp            :1018: 4393689108620 us: [pid:4178064 tid: 0x7f422aff0200] Locking to pool 0x37ca7ed0, size 0xe21000, HostPtr = 0x7f40c0d9d000, DevPtr = 0x7f40c0d9d000
:4:rocblit.cpp              :623 : 4393689108635 us: [pid:4178064 tid: 0x7f422aff0200] HSA Copy Using Pinned resource size 14811136
:4:rocblit.cpp              :687 : 4393689108642 us: [pid:4178064 tid: 0x7f422aff0200] HSA Async Copy staged D2H
:4:rocblit.cpp              :503 : 4393689108649 us: [pid:4178064 tid: 0x7f422aff0200] Last copy mask 0x2
:4:rocblit.cpp              :520 : 4393689108653 us: [pid:4178064 tid: 0x7f422aff0200] HSA Async Copy on copy_engine=0x2, dst=0x7f40c0d9d010, src=0x7f40ace00000, size=14811136, forceSDMA=0, wait_event=0x0, completion_signal=0x7f4221bfd980
:4:rocvirtual.cpp           :622 : 4393689108663 us: [pid:4178064 tid: 0x7f422aff0200] Host wait on completion_signal=0x7f4221bfd980
:3:rocvirtual.hpp           :56  : 4393689108671 us: [pid:4178064 tid: 0x7f422aff0200] Host active wait for Signal = (0x7f4221bfd980) for -1 ns
:4:commandqueue.cpp         :161 : 4393689109205 us: [pid:4178064 tid: 0x7f422aff0200] Marker queued to ensure finish
:4:command.cpp              :359 : 4393689109211 us: [pid:4178064 tid: 0x7f422aff0200] Command (InternalMarker) enqueued: 0x384c9af0
:3:rocvirtual.cpp           :533 : 4393689109227 us: [pid:4178064 tid: 0x7f422aff0200] Set Handler: handle(0x7f4221bfcf00), timestamp(0x37e3d300)
:4:rocvirtual.cpp           :1147: 4393689109236 us: [pid:4178064 tid: 0x7f422aff0200] SWq=0x7f4221d5c000, HWq=0x7f420cc00000, id=1, BarrierAND Header = 0x1503 (type=3, barrier=1, acquire=2, release=2), dep_signal=[0x0, 0x0, 0x0, 0x0, 0x0], completion_signal=0x7f4221bfcf00
:3:rocvirtual.hpp           :56  : 4393689109246 us: [pid:4178064 tid: 0x7f422aff0200] Host active wait for Signal = (0x7f4221bfcf00) for -1 ns
:4:commandqueue.cpp         :184 : 4393689109254 us: [pid:4178064 tid: 0x7f422aff0200] All commands finished
:3:rocvirtual.cpp           :226 : 4393689109256 us: [pid:4178064 tid: 0x7f40f11ff6c0] Handler: value(0), timestamp(0x383dd020), handle(0x7f4221bfcf00)
:3:hip_memory.cpp           :796 : 4393689109734 us: [pid:4178064 tid: 0x7f422aff0200] hipMemcpy: Returned hipSuccess : : duration: 29289 us
:4:command.cpp              :169 : 4393689109755 us: [pid:4178064 tid: 0x7f40f11ff6c0] Command 0x384c98b0 complete
:4:command.cpp              :163 : 4393689109781 us: [pid:4178064 tid: 0x7f40f11ff6c0] Command 0x384c9af0 complete (Wall: 4393689109779, CPU: 0, GPU: 560 us)
:3:hip_memory.cpp           :3476: 4393689315040 us: [pid:4178064 tid: 0x7f422aff0200] [32m hipMemset ( 0x7f40a8e00000, 0, 81920000 ) [0m
:4:command.cpp              :359 : 4393689315078 us: [pid:4178064 tid: 0x7f422aff0200] Command (FillBuffer) enqueued: 0x38368cd0
:3:rocvirtual.cpp           :762 : 4393689315099 us: [pid:4178064 tid: 0x7f422aff0200] Arg0: void* buf = ptr:0x7f40a8e00000
:3:rocvirtual.cpp           :778 : 4393689315104 us: [pid:4178064 tid: 0x7f422aff0200] Arg0: void* buf = ptr:0x7f40a8e00000 obj:[0x7f40a8e00000-0x7f40adc20000]
:3:rocvirtual.cpp           :762 : 4393689315112 us: [pid:4178064 tid: 0x7f422aff0200] Arg1: uchar* pattern = ptr:0x7f420ca00000
:3:rocvirtual.cpp           :853 : 4393689315120 us: [pid:4178064 tid: 0x7f422aff0200] Arg2: uint pattern_size = val:1
:3:rocvirtual.cpp           :853 : 4393689315124 us: [pid:4178064 tid: 0x7f422aff0200] Arg3: uint alignment = val:16
:3:rocvirtual.cpp           :853 : 4393689315129 us: [pid:4178064 tid: 0x7f422aff0200] Arg4: ulong end_ptr = val:139915769806848
:3:rocvirtual.cpp           :853 : 4393689315136 us: [pid:4178064 tid: 0x7f422aff0200] Arg5: uint next_chunk = val:26624
:3:rocvirtual.cpp           :3236: 4393689315141 us: [pid:4178064 tid: 0x7f422aff0200] ShaderName : __amd_rocclr_fillBufferAligned
:3:rocvirtual.cpp           :3449: 4393689315150 us: [pid:4178064 tid: 0x7f422aff0200] KernargSegmentByteSize = 296 KernargSegmentAlignment = 128
:4:rocvirtual.cpp           :965 : 4393689315161 us: [pid:4178064 tid: 0x7f422aff0200] SWq=0x7f4221d5c000, HWq=0x7f420cc00000, id=1, Dispatch Header = 0x1502 (type=2, barrier=1, acquire=2, release=2), setup=1, grid=[26624, 1, 1], workgroup=[256, 1, 1], private_seg_size=0, group_seg_size=0, kernel_obj=0x7f4221d4dd40, kernarg_address=0x7f420ca00100, completion_signal=0x0, correlation_id=0, rptr=85, wptr=85
:3:hip_memory.cpp           :3477: 4393689315178 us: [pid:4178064 tid: 0x7f422aff0200] hipMemset: Returned hipSuccess : 
:3:hip_device_runtime.cpp   :641 : 4393689315183 us: [pid:4178064 tid: 0x7f422aff0200] [32m hipDeviceSynchronize (  ) [0m
:4:commandqueue.cpp         :161 : 4393689315189 us: [pid:4178064 tid: 0x7f422aff0200] Marker queued to ensure finish
:4:command.cpp              :359 : 4393689315194 us: [pid:4178064 tid: 0x7f422aff0200] Command (InternalMarker) enqueued: 0x384c9af0
:3:rocvirtual.cpp           :533 : 4393689315213 us: [pid:4178064 tid: 0x7f422aff0200] Set Handler: handle(0x7f4221bfce80), timestamp(0x384fc2d0)
:4:rocvirtual.cpp           :1147: 4393689315654 us: [pid:4178064 tid: 0x7f422aff0200] SWq=0x7f4221d5c000, HWq=0x7f420cc00000, id=1, BarrierAND Header = 0x1503 (type=3, barrier=1, acquire=2, release=2), dep_signal=[0x0, 0x0, 0x0, 0x0, 0x0], completion_signal=0x7f4221bfce80
:4:commandqueue.cpp         :184 : 4393689315665 us: [pid:4178064 tid: 0x7f422aff0200] All commands finished
:3:rocvirtual.cpp           :226 : 4393689315669 us: [pid:4178064 tid: 0x7f40f11ff6c0] Handler: value(0), timestamp(0x384ec980), handle(0x7f4221bfce80)
:3:hip_device_runtime.cpp   :645 : 4393689315671 us: [pid:4178064 tid: 0x7f422aff0200] hipDeviceSynchronize: Returned hipSuccess : 
:3:hip_platform.cpp         :237 : 4393689315703 us: [pid:4178064 tid: 0x7f422aff0200] [32m __hipPushCallConfiguration ( {8,1,1}, {256,1,1}, 0, stream:<null> ) [0m
:3:hip_platform.cpp         :241 : 4393689315713 us: [pid:4178064 tid: 0x7f422aff0200] __hipPushCallConfiguration: Returned hipSuccess : 
:3:hip_platform.cpp         :246 : 4393689315724 us: [pid:4178064 tid: 0x7f422aff0200] [32m __hipPopCallConfiguration ( {896886866,32578,256}, {2118224,0,3252094336}, 0x7ffec1d702d0, 0x7ffec1d702c8 ) [0m
:3:hip_platform.cpp         :255 : 4393689315733 us: [pid:4178064 tid: 0x7f422aff0200] __hipPopCallConfiguration: Returned hipSuccess : 
:3:hip_module.cpp           :744 : 4393689315745 us: [pid:4178064 tid: 0x7f422aff0200] [32m hipLaunchKernel ( 0x200fd8, {8,1,1}, {256,1,1}, 0x7ffec1d70280, 0, stream:<null> ) [0m
:4:command.cpp              :169 : 4393689315689 us: [pid:4178064 tid: 0x7f40f11ff6c0] Command 0x38368cd0 complete
:4:command.cpp              :359 : 4393689315762 us: [pid:4178064 tid: 0x7f422aff0200] Command (KernelExecution) enqueued: 0x384c98b0
:4:command.cpp              :163 : 4393689315765 us: [pid:4178064 tid: 0x7f40f11ff6c0] Command 0x384c9af0 complete (Wall: 4393689315764, CPU: 0, GPU: 562 us)
:3:rocvirtual.cpp           :762 : 4393689316150 us: [pid:4178064 tid: 0x7f422aff0200] Arg0:   = ptr:0x7f40ae000000
:3:rocvirtual.cpp           :778 : 4393689316172 us: [pid:4178064 tid: 0x7f422aff0200] Arg0:   = ptr:0x7f40ae000000 obj:[0x7f40ae000000-0x7f40b2e20000]
:3:rocvirtual.cpp           :762 : 4393689316181 us: [pid:4178064 tid: 0x7f422aff0200] Arg1:   = ptr:0x7f4207c27000
:3:rocvirtual.cpp           :778 : 4393689316577 us: [pid:4178064 tid: 0x7f422aff0200] Arg1:   = ptr:0x7f4207c27000 obj:[0x7f4207c27000-0x7f4207c37000]
:3:rocvirtual.cpp           :762 : 4393689316585 us: [pid:4178064 tid: 0x7f422aff0200] Arg2:   = ptr:0x7f40a8e00000
:3:rocvirtual.cpp           :778 : 4393689316590 us: [pid:4178064 tid: 0x7f422aff0200] Arg2:   = ptr:0x7f40a8e00000 obj:[0x7f40a8e00000-0x7f40adc20000]
:3:rocvirtual.cpp           :853 : 4393689316597 us: [pid:4178064 tid: 0x7f422aff0200] Arg3:   = val:2048
:3:rocvirtual.cpp           :762 : 4393689316602 us: [pid:4178064 tid: 0x7f422aff0200] Arg4:   = ptr:0x7f4207c00000
:3:rocvirtual.cpp           :778 : 4393689316607 us: [pid:4178064 tid: 0x7f422aff0200] Arg4:   = ptr:0x7f4207c00000 obj:[0x7f4207c00000-0x7f4207c00024]
:3:rocvirtual.cpp           :3236: 4393689316617 us: [pid:4178064 tid: 0x7f422aff0200] ShaderName : void dense_esuhm<float>(float const*, float const*, float*, int, int const*)
:3:rocvirtual.cpp           :3449: 4393689316628 us: [pid:4178064 tid: 0x7f422aff0200] KernargSegmentByteSize = 296 KernargSegmentAlignment = 128
:4:rocvirtual.cpp           :965 : 4393689316639 us: [pid:4178064 tid: 0x7f422aff0200] SWq=0x7f4221d5c000, HWq=0x7f420cc00000, id=1, Dispatch Header = 0xb02 (type=2, barrier=1, acquire=1, release=1), setup=3, grid=[2048, 1, 1], workgroup=[256, 1, 1], private_seg_size=140, group_seg_size=0, kernel_obj=0x7f4221d21980, kernarg_address=0x7f420ca00280, completion_signal=0x0, correlation_id=0, rptr=87, wptr=87
:3:hip_module.cpp           :745 : 4393689316653 us: [pid:4178064 tid: 0x7f422aff0200] hipLaunchKernel: Returned hipSuccess : : duration: 908 us
:3:hip_device_runtime.cpp   :641 : 4393689316661 us: [pid:4178064 tid: 0x7f422aff0200] [32m hipDeviceSynchronize (  ) [0m
:4:commandqueue.cpp         :161 : 4393689316666 us: [pid:4178064 tid: 0x7f422aff0200] Marker queued to ensure finish
:4:command.cpp              :359 : 4393689316671 us: [pid:4178064 tid: 0x7f422aff0200] Command (InternalMarker) enqueued: 0x384c9af0
:3:rocvirtual.cpp           :533 : 4393689316683 us: [pid:4178064 tid: 0x7f422aff0200] Set Handler: handle(0x7f4221bfcf80), timestamp(0x384fa980)
:4:rocvirtual.cpp           :1147: 4393689317177 us: [pid:4178064 tid: 0x7f422aff0200] SWq=0x7f4221d5c000, HWq=0x7f420cc00000, id=1, BarrierAND Header = 0x1503 (type=3, barrier=1, acquire=2, release=2), dep_signal=[0x0, 0x0, 0x0, 0x0, 0x0], completion_signal=0x7f4221bfcf80
:4:commandqueue.cpp         :184 : 4393689317552 us: [pid:4178064 tid: 0x7f422aff0200] All commands finished
:3:rocvirtual.cpp           :226 : 4393689317187 us: [pid:4178064 tid: 0x7f40f11ff6c0] Handler: value(0), timestamp(0x38510aa0), handle(0x7f4221bfcf80)
:4:command.cpp              :169 : 4393689317581 us: [pid:4178064 tid: 0x7f40f11ff6c0] Command 0x384c98b0 complete
:4:command.cpp              :163 : 4393689317593 us: [pid:4178064 tid: 0x7f40f11ff6c0] Command 0x384c9af0 complete (Wall: 4393689317591, CPU: 0, GPU: 913 us)
:3:hip_device_runtime.cpp   :645 : 4393689317583 us: [pid:4178064 tid: 0x7f422aff0200] hipDeviceSynchronize: Returned hipSuccess : 
:3:hip_memory.cpp           :795 : 4393689317617 us: [pid:4178064 tid: 0x7f422aff0200] [32m hipMemcpy ( 0x7f40c69df010, 0x7f40a8e00000, 81920000, hipMemcpyDeviceToHost ) [0m
:4:command.cpp              :359 : 4393689317630 us: [pid:4178064 tid: 0x7f422aff0200] Command (CopyDeviceToHost) enqueued: 0x384c98b0
:4:rocblit.cpp              :1673: 4393689317640 us: [pid:4178064 tid: 0x7f422aff0200] Unpinned read path, Async = 0
:4:rocmemory.cpp            :1018: 4393689317664 us: [pid:4178064 tid: 0x7f422aff0200] Locking to pool 0x37ca7ed0, size 0x2001000, HostPtr = 0x7f40c69df000, DevPtr = 0x7f40c69df000
:4:rocblit.cpp              :623 : 4393689318096 us: [pid:4178064 tid: 0x7f422aff0200] HSA Copy Using Pinned resource size 33554432
:4:rocblit.cpp              :687 : 4393689318104 us: [pid:4178064 tid: 0x7f422aff0200] HSA Async Copy staged D2H
:4:rocblit.cpp              :503 : 4393689318110 us: [pid:4178064 tid: 0x7f422aff0200] Last copy mask 0x0
:4:rocblit.cpp              :509 : 4393689318117 us: [pid:4178064 tid: 0x7f422aff0200] Query copy engine status 0, free_engine mask 0x1e
:4:rocblit.cpp              :520 : 4393689318126 us: [pid:4178064 tid: 0x7f422aff0200] HSA Async Copy on copy_engine=0x2, dst=0x7f40c69df010, src=0x7f40a8e00000, size=33554432, forceSDMA=0, wait_event=0x0, completion_signal=0x7f4221bfef80
:4:rocvirtual.cpp           :622 : 4393689318136 us: [pid:4178064 tid: 0x7f422aff0200] Host wait on completion_signal=0x7f4221bfef80
:3:rocvirtual.hpp           :56  : 4393689318144 us: [pid:4178064 tid: 0x7f422aff0200] Host active wait for Signal = (0x7f4221bfef80) for -1 ns
:4:rocmemory.cpp            :1018: 4393689319382 us: [pid:4178064 tid: 0x7f422aff0200] Locking to pool 0x37ca7ed0, size 0x2001000, HostPtr = 0x7f40c89df000, DevPtr = 0x7f40c89df000
:4:rocblit.cpp              :623 : 4393689319411 us: [pid:4178064 tid: 0x7f422aff0200] HSA Copy Using Pinned resource size 33554432
:4:rocblit.cpp              :687 : 4393689319424 us: [pid:4178064 tid: 0x7f422aff0200] HSA Async Copy staged D2H
:4:rocblit.cpp              :503 : 4393689319434 us: [pid:4178064 tid: 0x7f422aff0200] Last copy mask 0x2
:4:rocblit.cpp              :520 : 4393689319440 us: [pid:4178064 tid: 0x7f422aff0200] HSA Async Copy on copy_engine=0x2, dst=0x7f40c89df010, src=0x7f40aae00000, size=33554432, forceSDMA=0, wait_event=0x0, completion_signal=0x7f4221bfda00
:4:rocvirtual.cpp           :622 : 4393689319449 us: [pid:4178064 tid: 0x7f422aff0200] Host wait on completion_signal=0x7f4221bfda00
:3:rocvirtual.hpp           :56  : 4393689319456 us: [pid:4178064 tid: 0x7f422aff0200] Host active wait for Signal = (0x7f4221bfda00) for -1 ns
:4:rocmemory.cpp            :1018: 4393689320903 us: [pid:4178064 tid: 0x7f422aff0200] Locking to pool 0x37ca7ed0, size 0xe21000, HostPtr = 0x7f40ca9df000, DevPtr = 0x7f40ca9df000
:4:rocblit.cpp              :623 : 4393689320914 us: [pid:4178064 tid: 0x7f422aff0200] HSA Copy Using Pinned resource size 14811136
:4:rocblit.cpp              :687 : 4393689320921 us: [pid:4178064 tid: 0x7f422aff0200] HSA Async Copy staged D2H
:4:rocblit.cpp              :503 : 4393689320927 us: [pid:4178064 tid: 0x7f422aff0200] Last copy mask 0x2
:4:rocblit.cpp              :520 : 4393689320931 us: [pid:4178064 tid: 0x7f422aff0200] HSA Async Copy on copy_engine=0x2, dst=0x7f40ca9df010, src=0x7f40ace00000, size=14811136, forceSDMA=0, wait_event=0x0, completion_signal=0x7f4221bfdb00
:4:rocvirtual.cpp           :622 : 4393689320939 us: [pid:4178064 tid: 0x7f422aff0200] Host wait on completion_signal=0x7f4221bfdb00
:3:rocvirtual.hpp           :56  : 4393689320947 us: [pid:4178064 tid: 0x7f422aff0200] Host active wait for Signal = (0x7f4221bfdb00) for -1 ns
:4:commandqueue.cpp         :161 : 4393689321509 us: [pid:4178064 tid: 0x7f422aff0200] Marker queued to ensure finish
:4:command.cpp              :359 : 4393689321516 us: [pid:4178064 tid: 0x7f422aff0200] Command (InternalMarker) enqueued: 0x384c9af0
:3:rocvirtual.cpp           :533 : 4393689321528 us: [pid:4178064 tid: 0x7f422aff0200] Set Handler: handle(0x7f4221bfcd00), timestamp(0x3853aa70)
:4:rocvirtual.cpp           :1147: 4393689321537 us: [pid:4178064 tid: 0x7f422aff0200] SWq=0x7f4221d5c000, HWq=0x7f420cc00000, id=1, BarrierAND Header = 0x1503 (type=3, barrier=1, acquire=2, release=2), dep_signal=[0x0, 0x0, 0x0, 0x0, 0x0], completion_signal=0x7f4221bfcd00
:3:rocvirtual.hpp           :56  : 4393689321547 us: [pid:4178064 tid: 0x7f422aff0200] Host active wait for Signal = (0x7f4221bfcd00) for -1 ns
:3:rocvirtual.cpp           :226 : 4393689321553 us: [pid:4178064 tid: 0x7f40f11ff6c0] Handler: value(0), timestamp(0x38510aa0), handle(0x7f4221bfcd00)
:4:command.cpp              :169 : 4393689321575 us: [pid:4178064 tid: 0x7f40f11ff6c0] Command 0x384c98b0 complete
:4:command.cpp              :163 : 4393689321593 us: [pid:4178064 tid: 0x7f40f11ff6c0] Command 0x384c9af0 complete (Wall: 4393689321591, CPU: 0, GPU: 67 us)
:4:commandqueue.cpp         :184 : 4393689321594 us: [pid:4178064 tid: 0x7f422aff0200] All commands finished
:3:hip_memory.cpp           :796 : 4393689321621 us: [pid:4178064 tid: 0x7f422aff0200] hipMemcpy: Returned hipSuccess : : duration: 4004 us
:3:hip_memory.cpp           :3476: 4393689321634 us: [pid:4178064 tid: 0x7f422aff0200] [32m hipMemset ( 0x7f40a8e00000, 0, 81920000 ) [0m
:4:command.cpp              :359 : 4393689322020 us: [pid:4178064 tid: 0x7f422aff0200] Command (FillBuffer) enqueued: 0x38368cd0
:3:rocvirtual.cpp           :762 : 4393689322030 us: [pid:4178064 tid: 0x7f422aff0200] Arg0: void* buf = ptr:0x7f40a8e00000
:3:rocvirtual.cpp           :778 : 4393689322034 us: [pid:4178064 tid: 0x7f422aff0200] Arg0: void* buf = ptr:0x7f40a8e00000 obj:[0x7f40a8e00000-0x7f40adc20000]
:3:rocvirtual.cpp           :762 : 4393689322042 us: [pid:4178064 tid: 0x7f422aff0200] Arg1: uchar* pattern = ptr:0x7f420ca00000
:3:rocvirtual.cpp           :853 : 4393689322049 us: [pid:4178064 tid: 0x7f422aff0200] Arg2: uint pattern_size = val:1
:3:rocvirtual.cpp           :853 : 4393689322054 us: [pid:4178064 tid: 0x7f422aff0200] Arg3: uint alignment = val:16
:3:rocvirtual.cpp           :853 : 4393689322059 us: [pid:4178064 tid: 0x7f422aff0200] Arg4: ulong end_ptr = val:139915769806848
:3:rocvirtual.cpp           :853 : 4393689322066 us: [pid:4178064 tid: 0x7f422aff0200] Arg5: uint next_chunk = val:26624
:3:rocvirtual.cpp           :3236: 4393689322070 us: [pid:4178064 tid: 0x7f422aff0200] ShaderName : __amd_rocclr_fillBufferAligned
:3:rocvirtual.cpp           :3449: 4393689322078 us: [pid:4178064 tid: 0x7f422aff0200] KernargSegmentByteSize = 296 KernargSegmentAlignment = 128
:4:rocvirtual.cpp           :965 : 4393689322087 us: [pid:4178064 tid: 0x7f422aff0200] SWq=0x7f4221d5c000, HWq=0x7f420cc00000, id=1, Dispatch Header = 0x1502 (type=2, barrier=1, acquire=2, release=2), setup=1, grid=[26624, 1, 1], workgroup=[256, 1, 1], private_seg_size=0, group_seg_size=0, kernel_obj=0x7f4221d4dd40, kernarg_address=0x7f420ca00100, completion_signal=0x0, correlation_id=0, rptr=90, wptr=90
:3:hip_memory.cpp           :3477: 4393689322101 us: [pid:4178064 tid: 0x7f422aff0200] hipMemset: Returned hipSuccess : 
:3:hip_device_runtime.cpp   :641 : 4393689322106 us: [pid:4178064 tid: 0x7f422aff0200] [32m hipDeviceSynchronize (  ) [0m
:4:commandqueue.cpp         :161 : 4393689322111 us: [pid:4178064 tid: 0x7f422aff0200] Marker queued to ensure finish
:4:command.cpp              :359 : 4393689322115 us: [pid:4178064 tid: 0x7f422aff0200] Command (InternalMarker) enqueued: 0x384c9af0
:3:rocvirtual.cpp           :533 : 4393689322128 us: [pid:4178064 tid: 0x7f422aff0200] Set Handler: handle(0x7f4221bfcc80), timestamp(0x384ecbc0)
:4:rocvirtual.cpp           :1147: 4393689322653 us: [pid:4178064 tid: 0x7f422aff0200] SWq=0x7f4221d5c000, HWq=0x7f420cc00000, id=1, BarrierAND Header = 0x1503 (type=3, barrier=1, acquire=2, release=2), dep_signal=[0x0, 0x0, 0x0, 0x0, 0x0], completion_signal=0x7f4221bfcc80
:4:commandqueue.cpp         :184 : 4393689322664 us: [pid:4178064 tid: 0x7f422aff0200] All commands finished
:3:hip_device_runtime.cpp   :645 : 4393689322671 us: [pid:4178064 tid: 0x7f422aff0200] hipDeviceSynchronize: Returned hipSuccess : 
:3:rocvirtual.cpp           :226 : 4393689322665 us: [pid:4178064 tid: 0x7f40f11ff6c0] Handler: value(0), timestamp(0x3853a9c0), handle(0x7f4221bfcc80)
:4:command.cpp              :169 : 4393689322695 us: [pid:4178064 tid: 0x7f40f11ff6c0] Command 0x38368cd0 complete
:4:command.cpp              :163 : 4393689322703 us: [pid:4178064 tid: 0x7f40f11ff6c0] Command 0x384c9af0 complete (Wall: 4393689322702, CPU: 0, GPU: 579 us)
:3:hip_platform.cpp         :237 : 4393689322682 us: [pid:4178064 tid: 0x7f422aff0200] [32m __hipPushCallConfiguration ( {8,1,1}, {256,1,1}, 0, stream:<null> ) [0m
:3:hip_platform.cpp         :241 : 4393689322733 us: [pid:4178064 tid: 0x7f422aff0200] __hipPushCallConfiguration: Returned hipSuccess : 
:3:hip_platform.cpp         :246 : 4393689322743 us: [pid:4178064 tid: 0x7f422aff0200] [32m __hipPopCallConfiguration ( {896886866,32578,256}, {2118224,0,3252094336}, 0x7ffec1d702d0, 0x7ffec1d702c8 ) [0m
:3:hip_platform.cpp         :255 : 4393689322751 us: [pid:4178064 tid: 0x7f422aff0200] __hipPopCallConfiguration: Returned hipSuccess : 
:3:hip_module.cpp           :744 : 4393689323226 us: [pid:4178064 tid: 0x7f422aff0200] [32m hipLaunchKernel ( 0x200fe0, {8,1,1}, {256,1,1}, 0x7ffec1d70280, 0, stream:<null> ) [0m
:4:command.cpp              :359 : 4393689323239 us: [pid:4178064 tid: 0x7f422aff0200] Command (KernelExecution) enqueued: 0x384c98b0
:3:rocvirtual.cpp           :762 : 4393689323247 us: [pid:4178064 tid: 0x7f422aff0200] Arg0:   = ptr:0x7f40ae000000
:3:rocvirtual.cpp           :778 : 4393689323252 us: [pid:4178064 tid: 0x7f422aff0200] Arg0:   = ptr:0x7f40ae000000 obj:[0x7f40ae000000-0x7f40b2e20000]
:3:rocvirtual.cpp           :762 : 4393689323259 us: [pid:4178064 tid: 0x7f422aff0200] Arg1:   = ptr:0x7f4207c27000
:3:rocvirtual.cpp           :778 : 4393689323264 us: [pid:4178064 tid: 0x7f422aff0200] Arg1:   = ptr:0x7f4207c27000 obj:[0x7f4207c27000-0x7f4207c37000]
:3:rocvirtual.cpp           :762 : 4393689323271 us: [pid:4178064 tid: 0x7f422aff0200] Arg2:   = ptr:0x7f40a8e00000
:3:rocvirtual.cpp           :778 : 4393689323276 us: [pid:4178064 tid: 0x7f422aff0200] Arg2:   = ptr:0x7f40a8e00000 obj:[0x7f40a8e00000-0x7f40adc20000]
:3:rocvirtual.cpp           :853 : 4393689323283 us: [pid:4178064 tid: 0x7f422aff0200] Arg3:   = val:2048
:3:rocvirtual.cpp           :762 : 4393689323288 us: [pid:4178064 tid: 0x7f422aff0200] Arg4:   = ptr:0x7f4207c00000
:3:rocvirtual.cpp           :778 : 4393689323292 us: [pid:4178064 tid: 0x7f422aff0200] Arg4:   = ptr:0x7f4207c00000 obj:[0x7f4207c00000-0x7f4207c00024]
:3:rocvirtual.cpp           :3236: 4393689323300 us: [pid:4178064 tid: 0x7f422aff0200] ShaderName : void dense_esuhm2<float>(float const*, float const*, float*, int, int const*)
:3:rocvirtual.cpp           :3449: 4393689323308 us: [pid:4178064 tid: 0x7f422aff0200] KernargSegmentByteSize = 296 KernargSegmentAlignment = 128
:4:rocvirtual.cpp           :965 : 4393689323317 us: [pid:4178064 tid: 0x7f422aff0200] SWq=0x7f4221d5c000, HWq=0x7f420cc00000, id=1, Dispatch Header = 0xb02 (type=2, barrier=1, acquire=1, release=1), setup=3, grid=[2048, 1, 1], workgroup=[256, 1, 1], private_seg_size=140, group_seg_size=0, kernel_obj=0x7f4221d219c0, kernarg_address=0x7f420ca00280, completion_signal=0x0, correlation_id=0, rptr=92, wptr=92
:3:hip_module.cpp           :745 : 4393689323331 us: [pid:4178064 tid: 0x7f422aff0200] hipLaunchKernel: Returned hipSuccess : : duration: 105 us
:3:hip_device_runtime.cpp   :641 : 4393689323986 us: [pid:4178064 tid: 0x7f422aff0200] [32m hipDeviceSynchronize (  ) [0m
:4:commandqueue.cpp         :161 : 4393689323992 us: [pid:4178064 tid: 0x7f422aff0200] Marker queued to ensure finish
:4:command.cpp              :359 : 4393689323996 us: [pid:4178064 tid: 0x7f422aff0200] Command (InternalMarker) enqueued: 0x384c9af0
:3:rocvirtual.cpp           :533 : 4393689324018 us: [pid:4178064 tid: 0x7f422aff0200] Set Handler: handle(0x7f4221bfcc00), timestamp(0x3853a8b0)
:4:rocvirtual.cpp           :1147: 4393689324027 us: [pid:4178064 tid: 0x7f422aff0200] SWq=0x7f4221d5c000, HWq=0x7f420cc00000, id=1, BarrierAND Header = 0x1503 (type=3, barrier=1, acquire=2, release=2), dep_signal=[0x0, 0x0, 0x0, 0x0, 0x0], completion_signal=0x7f4221bfcc00
:4:commandqueue.cpp         :184 : 4393689324037 us: [pid:4178064 tid: 0x7f422aff0200] All commands finished
:3:hip_device_runtime.cpp   :645 : 4393689324045 us: [pid:4178064 tid: 0x7f422aff0200] hipDeviceSynchronize: Returned hipSuccess : 
:3:rocvirtual.cpp           :226 : 4393689324040 us: [pid:4178064 tid: 0x7f40f11ff6c0] Handler: value(0), timestamp(0x3853a800), handle(0x7f4221bfcc00)
:4:command.cpp              :169 : 4393689324072 us: [pid:4178064 tid: 0x7f40f11ff6c0] Command 0x384c98b0 complete
:3:hip_memory.cpp           :795 : 4393689324057 us: [pid:4178064 tid: 0x7f422aff0200] [32m hipMemcpy ( 0x7f40c1bbe010, 0x7f40a8e00000, 81920000, hipMemcpyDeviceToHost ) [0m
:4:command.cpp              :163 : 4393689324079 us: [pid:4178064 tid: 0x7f40f11ff6c0] Command 0x384c9af0 complete (Wall: 4393689324078, CPU: 0, GPU: 64 us)
:4:command.cpp              :359 : 4393689324091 us: [pid:4178064 tid: 0x7f422aff0200] Command (CopyDeviceToHost) enqueued: 0x384c98b0
:4:rocblit.cpp              :1673: 4393689324109 us: [pid:4178064 tid: 0x7f422aff0200] Unpinned read path, Async = 0
:4:rocmemory.cpp            :1018: 4393689324121 us: [pid:4178064 tid: 0x7f422aff0200] Locking to pool 0x37ca7ed0, size 0x2001000, HostPtr = 0x7f40c1bbe000, DevPtr = 0x7f40c1bbe000
:4:rocblit.cpp              :623 : 4393689324537 us: [pid:4178064 tid: 0x7f422aff0200] HSA Copy Using Pinned resource size 33554432
:4:rocblit.cpp              :687 : 4393689324544 us: [pid:4178064 tid: 0x7f422aff0200] HSA Async Copy staged D2H
:4:rocblit.cpp              :503 : 4393689324550 us: [pid:4178064 tid: 0x7f422aff0200] Last copy mask 0x0
:4:rocblit.cpp              :509 : 4393689324556 us: [pid:4178064 tid: 0x7f422aff0200] Query copy engine status 0, free_engine mask 0x1e
:4:rocblit.cpp              :520 : 4393689324563 us: [pid:4178064 tid: 0x7f422aff0200] HSA Async Copy on copy_engine=0x2, dst=0x7f40c1bbe010, src=0x7f40a8e00000, size=33554432, forceSDMA=0, wait_event=0x0, completion_signal=0x7f4221bfed80
:4:rocvirtual.cpp           :622 : 4393689324572 us: [pid:4178064 tid: 0x7f422aff0200] Host wait on completion_signal=0x7f4221bfed80
:3:rocvirtual.hpp           :56  : 4393689324579 us: [pid:4178064 tid: 0x7f422aff0200] Host active wait for Signal = (0x7f4221bfed80) for -1 ns
:4:rocmemory.cpp            :1018: 4393689325931 us: [pid:4178064 tid: 0x7f422aff0200] Locking to pool 0x37ca7ed0, size 0x2001000, HostPtr = 0x7f40c3bbe000, DevPtr = 0x7f40c3bbe000
:4:rocblit.cpp              :623 : 4393689325941 us: [pid:4178064 tid: 0x7f422aff0200] HSA Copy Using Pinned resource size 33554432
:4:rocblit.cpp              :687 : 4393689325948 us: [pid:4178064 tid: 0x7f422aff0200] HSA Async Copy staged D2H
:4:rocblit.cpp              :503 : 4393689325953 us: [pid:4178064 tid: 0x7f422aff0200] Last copy mask 0x2
:4:rocblit.cpp              :520 : 4393689325958 us: [pid:4178064 tid: 0x7f422aff0200] HSA Async Copy on copy_engine=0x2, dst=0x7f40c3bbe010, src=0x7f40aae00000, size=33554432, forceSDMA=0, wait_event=0x0, completion_signal=0x7f4221bfeb80
:4:rocvirtual.cpp           :622 : 4393689325966 us: [pid:4178064 tid: 0x7f422aff0200] Host wait on completion_signal=0x7f4221bfeb80
:3:rocvirtual.hpp           :56  : 4393689325974 us: [pid:4178064 tid: 0x7f422aff0200] Host active wait for Signal = (0x7f4221bfeb80) for -1 ns
:4:rocmemory.cpp            :1018: 4393689327258 us: [pid:4178064 tid: 0x7f422aff0200] Locking to pool 0x37ca7ed0, size 0xe21000, HostPtr = 0x7f40c5bbe000, DevPtr = 0x7f40c5bbe000
:4:rocblit.cpp              :623 : 4393689327269 us: [pid:4178064 tid: 0x7f422aff0200] HSA Copy Using Pinned resource size 14811136
:4:rocblit.cpp              :687 : 4393689327277 us: [pid:4178064 tid: 0x7f422aff0200] HSA Async Copy staged D2H
:4:rocblit.cpp              :503 : 4393689327282 us: [pid:4178064 tid: 0x7f422aff0200] Last copy mask 0x2
:4:rocblit.cpp              :520 : 4393689327287 us: [pid:4178064 tid: 0x7f422aff0200] HSA Async Copy on copy_engine=0x2, dst=0x7f40c5bbe010, src=0x7f40ace00000, size=14811136, forceSDMA=0, wait_event=0x0, completion_signal=0x7f4221bfdd00
:4:rocvirtual.cpp           :622 : 4393689327295 us: [pid:4178064 tid: 0x7f422aff0200] Host wait on completion_signal=0x7f4221bfdd00
:3:rocvirtual.hpp           :56  : 4393689327302 us: [pid:4178064 tid: 0x7f422aff0200] Host active wait for Signal = (0x7f4221bfdd00) for -1 ns
:4:commandqueue.cpp         :161 : 4393689327831 us: [pid:4178064 tid: 0x7f422aff0200] Marker queued to ensure finish
:4:command.cpp              :359 : 4393689327847 us: [pid:4178064 tid: 0x7f422aff0200] Command (InternalMarker) enqueued: 0x384c9af0
:3:rocvirtual.cpp           :533 : 4393689327859 us: [pid:4178064 tid: 0x7f422aff0200] Set Handler: handle(0x7f4221bfca80), timestamp(0x3853ac30)
:4:rocvirtual.cpp           :1147: 4393689327868 us: [pid:4178064 tid: 0x7f422aff0200] SWq=0x7f4221d5c000, HWq=0x7f420cc00000, id=1, BarrierAND Header = 0x1503 (type=3, barrier=1, acquire=2, release=2), dep_signal=[0x0, 0x0, 0x0, 0x0, 0x0], completion_signal=0x7f4221bfca80
:3:rocvirtual.hpp           :56  : 4393689327879 us: [pid:4178064 tid: 0x7f422aff0200] Host active wait for Signal = (0x7f4221bfca80) for -1 ns
:4:commandqueue.cpp         :184 : 4393689327888 us: [pid:4178064 tid: 0x7f422aff0200] All commands finished
:3:hip_memory.cpp           :796 : 4393689327893 us: [pid:4178064 tid: 0x7f422aff0200] hipMemcpy: Returned hipSuccess : : duration: 3836 us
:3:hip_memory.cpp           :3476: 4393689327904 us: [pid:4178064 tid: 0x7f422aff0200] [32m hipMemset ( 0x7f40a8e00000, 0, 81920000 ) [0m
:3:rocvirtual.cpp           :226 : 4393689327882 us: [pid:4178064 tid: 0x7f40f11ff6c0] Handler: value(0), timestamp(0x3853a800), handle(0x7f4221bfca80)
:4:command.cpp              :169 : 4393689327924 us: [pid:4178064 tid: 0x7f40f11ff6c0] Command 0x384c98b0 complete
:4:command.cpp              :359 : 4393689327914 us: [pid:4178064 tid: 0x7f422aff0200] Command (FillBuffer) enqueued: 0x38368cd0
:3:rocvirtual.cpp           :762 : 4393689327940 us: [pid:4178064 tid: 0x7f422aff0200] Arg0: void* buf = ptr:0x7f40a8e00000
:4:command.cpp              :163 : 4393689327929 us: [pid:4178064 tid: 0x7f40f11ff6c0] Command 0x384c9af0 complete (Wall: 4393689327928, CPU: 0, GPU: 73 us)
:3:rocvirtual.cpp           :778 : 4393689328437 us: [pid:4178064 tid: 0x7f422aff0200] Arg0: void* buf = ptr:0x7f40a8e00000 obj:[0x7f40a8e00000-0x7f40adc20000]
:3:rocvirtual.cpp           :762 : 4393689328465 us: [pid:4178064 tid: 0x7f422aff0200] Arg1: uchar* pattern = ptr:0x7f420ca00000
:3:rocvirtual.cpp           :853 : 4393689328473 us: [pid:4178064 tid: 0x7f422aff0200] Arg2: uint pattern_size = val:1
:3:rocvirtual.cpp           :853 : 4393689328478 us: [pid:4178064 tid: 0x7f422aff0200] Arg3: uint alignment = val:16
:3:rocvirtual.cpp           :853 : 4393689328482 us: [pid:4178064 tid: 0x7f422aff0200] Arg4: ulong end_ptr = val:139915769806848
:3:rocvirtual.cpp           :853 : 4393689328490 us: [pid:4178064 tid: 0x7f422aff0200] Arg5: uint next_chunk = val:26624
:3:rocvirtual.cpp           :3236: 4393689328494 us: [pid:4178064 tid: 0x7f422aff0200] ShaderName : __amd_rocclr_fillBufferAligned
:3:rocvirtual.cpp           :3449: 4393689328502 us: [pid:4178064 tid: 0x7f422aff0200] KernargSegmentByteSize = 296 KernargSegmentAlignment = 128
:4:rocvirtual.cpp           :965 : 4393689328512 us: [pid:4178064 tid: 0x7f422aff0200] SWq=0x7f4221d5c000, HWq=0x7f420cc00000, id=1, Dispatch Header = 0x1502 (type=2, barrier=1, acquire=2, release=2), setup=1, grid=[26624, 1, 1], workgroup=[256, 1, 1], private_seg_size=0, group_seg_size=0, kernel_obj=0x7f4221d4dd40, kernarg_address=0x7f420ca00100, completion_signal=0x0, correlation_id=0, rptr=95, wptr=95
:3:hip_memory.cpp           :3477: 4393689328526 us: [pid:4178064 tid: 0x7f422aff0200] hipMemset: Returned hipSuccess : 
:3:hip_device_runtime.cpp   :641 : 4393689328531 us: [pid:4178064 tid: 0x7f422aff0200] [32m hipDeviceSynchronize (  ) [0m
:4:commandqueue.cpp         :161 : 4393689328536 us: [pid:4178064 tid: 0x7f422aff0200] Marker queued to ensure finish
:4:command.cpp              :359 : 4393689328541 us: [pid:4178064 tid: 0x7f422aff0200] Command (InternalMarker) enqueued: 0x384c9af0
:3:rocvirtual.cpp           :533 : 4393689328554 us: [pid:4178064 tid: 0x7f422aff0200] Set Handler: handle(0x7f4221bfca00), timestamp(0x37deb690)
:4:rocvirtual.cpp           :1147: 4393689328908 us: [pid:4178064 tid: 0x7f422aff0200] SWq=0x7f4221d5c000, HWq=0x7f420cc00000, id=1, BarrierAND Header = 0x1503 (type=3, barrier=1, acquire=2, release=2), dep_signal=[0x0, 0x0, 0x0, 0x0, 0x0], completion_signal=0x7f4221bfca00
:4:commandqueue.cpp         :184 : 4393689328924 us: [pid:4178064 tid: 0x7f422aff0200] All commands finished
:3:hip_device_runtime.cpp   :645 : 4393689328931 us: [pid:4178064 tid: 0x7f422aff0200] hipDeviceSynchronize: Returned hipSuccess : 
:3:hip_platform.cpp         :237 : 4393689328942 us: [pid:4178064 tid: 0x7f422aff0200] [32m __hipPushCallConfiguration ( {8,1,1}, {256,1,1}, 0, stream:<null> ) [0m
:3:hip_platform.cpp         :241 : 4393689329338 us: [pid:4178064 tid: 0x7f422aff0200] __hipPushCallConfiguration: Returned hipSuccess : 
:3:hip_platform.cpp         :246 : 4393689329349 us: [pid:4178064 tid: 0x7f422aff0200] [32m __hipPopCallConfiguration ( {896886866,32578,256}, {2118224,0,3252094336}, 0x7ffec1d702d0, 0x7ffec1d702c8 ) [0m
:3:hip_platform.cpp         :255 : 4393689329358 us: [pid:4178064 tid: 0x7f422aff0200] __hipPopCallConfiguration: Returned hipSuccess : 
:3:rocvirtual.cpp           :226 : 4393689328920 us: [pid:4178064 tid: 0x7f40f11ff6c0] Handler: value(0), timestamp(0x3853ab80), handle(0x7f4221bfca00)
:4:command.cpp              :169 : 4393689329378 us: [pid:4178064 tid: 0x7f40f11ff6c0] Command 0x38368cd0 complete
:4:command.cpp              :163 : 4393689329384 us: [pid:4178064 tid: 0x7f40f11ff6c0] Command 0x384c9af0 complete (Wall: 4393689329383, CPU: 0, GPU: 835 us)
:3:hip_module.cpp           :744 : 4393689329369 us: [pid:4178064 tid: 0x7f422aff0200] [32m hipLaunchKernel ( 0x200fe8, {8,1,1}, {256,1,1}, 0x7ffec1d70280, 0, stream:<null> ) [0m
:4:command.cpp              :359 : 4393689329413 us: [pid:4178064 tid: 0x7f422aff0200] Command (KernelExecution) enqueued: 0x384c98b0
:3:rocvirtual.cpp           :762 : 4393689329421 us: [pid:4178064 tid: 0x7f422aff0200] Arg0:   = ptr:0x7f40ae000000
:3:rocvirtual.cpp           :778 : 4393689329426 us: [pid:4178064 tid: 0x7f422aff0200] Arg0:   = ptr:0x7f40ae000000 obj:[0x7f40ae000000-0x7f40b2e20000]
:3:rocvirtual.cpp           :762 : 4393689329434 us: [pid:4178064 tid: 0x7f422aff0200] Arg1:   = ptr:0x7f4207c27000
:3:rocvirtual.cpp           :778 : 4393689329438 us: [pid:4178064 tid: 0x7f422aff0200] Arg1:   = ptr:0x7f4207c27000 obj:[0x7f4207c27000-0x7f4207c37000]
:3:rocvirtual.cpp           :762 : 4393689330136 us: [pid:4178064 tid: 0x7f422aff0200] Arg2:   = ptr:0x7f40a8e00000
:3:rocvirtual.cpp           :778 : 4393689330143 us: [pid:4178064 tid: 0x7f422aff0200] Arg2:   = ptr:0x7f40a8e00000 obj:[0x7f40a8e00000-0x7f40adc20000]
:3:rocvirtual.cpp           :853 : 4393689330152 us: [pid:4178064 tid: 0x7f422aff0200] Arg3:   = val:2048
:3:rocvirtual.cpp           :762 : 4393689330157 us: [pid:4178064 tid: 0x7f422aff0200] Arg4:   = ptr:0x7f4207c00000
:3:rocvirtual.cpp           :778 : 4393689330161 us: [pid:4178064 tid: 0x7f422aff0200] Arg4:   = ptr:0x7f4207c00000 obj:[0x7f4207c00000-0x7f4207c00024]
:3:rocvirtual.cpp           :3236: 4393689330169 us: [pid:4178064 tid: 0x7f422aff0200] ShaderName : void dense_esuhm3<float>(float const*, float const*, float*, int, int const*)
:3:rocvirtual.cpp           :3449: 4393689330178 us: [pid:4178064 tid: 0x7f422aff0200] KernargSegmentByteSize = 296 KernargSegmentAlignment = 128
:4:rocvirtual.cpp           :965 : 4393689330188 us: [pid:4178064 tid: 0x7f422aff0200] SWq=0x7f4221d5c000, HWq=0x7f420cc00000, id=1, Dispatch Header = 0xb02 (type=2, barrier=1, acquire=1, release=1), setup=3, grid=[2048, 1, 1], workgroup=[256, 1, 1], private_seg_size=140, group_seg_size=0, kernel_obj=0x7f4221d21a00, kernarg_address=0x7f420ca00280, completion_signal=0x0, correlation_id=0, rptr=97, wptr=97
:3:hip_module.cpp           :745 : 4393689330212 us: [pid:4178064 tid: 0x7f422aff0200] hipLaunchKernel: Returned hipSuccess : : duration: 843 us
:3:hip_device_runtime.cpp   :641 : 4393689330225 us: [pid:4178064 tid: 0x7f422aff0200] [32m hipDeviceSynchronize (  ) [0m
:4:commandqueue.cpp         :161 : 4393689330234 us: [pid:4178064 tid: 0x7f422aff0200] Marker queued to ensure finish
:4:command.cpp              :359 : 4393689330238 us: [pid:4178064 tid: 0x7f422aff0200] Command (InternalMarker) enqueued: 0x384c9af0
:3:rocvirtual.cpp           :533 : 4393689330256 us: [pid:4178064 tid: 0x7f422aff0200] Set Handler: handle(0x7f4221bfcb00), timestamp(0x37deb310)
:4:rocvirtual.cpp           :1147: 4393689330701 us: [pid:4178064 tid: 0x7f422aff0200] SWq=0x7f4221d5c000, HWq=0x7f420cc00000, id=1, BarrierAND Header = 0x1503 (type=3, barrier=1, acquire=2, release=2), dep_signal=[0x0, 0x0, 0x0, 0x0, 0x0], completion_signal=0x7f4221bfcb00
:4:commandqueue.cpp         :184 : 4393689330712 us: [pid:4178064 tid: 0x7f422aff0200] All commands finished
:3:rocvirtual.cpp           :226 : 4393689330716 us: [pid:4178064 tid: 0x7f40f11ff6c0] Handler: value(0), timestamp(0x3853aee0), handle(0x7f4221bfcb00)
:3:hip_device_runtime.cpp   :645 : 4393689330718 us: [pid:4178064 tid: 0x7f422aff0200] hipDeviceSynchronize: Returned hipSuccess : 
:4:command.cpp              :169 : 4393689330734 us: [pid:4178064 tid: 0x7f40f11ff6c0] Command 0x384c98b0 complete
:3:hip_memory.cpp           :795 : 4393689330749 us: [pid:4178064 tid: 0x7f422aff0200] [32m hipMemcpy ( 0x7f40bcd9d010, 0x7f40a8e00000, 81920000, hipMemcpyDeviceToHost ) [0m
:4:command.cpp              :359 : 4393689330772 us: [pid:4178064 tid: 0x7f422aff0200] Command (CopyDeviceToHost) enqueued: 0x384c98b0
:4:rocblit.cpp              :1673: 4393689330790 us: [pid:4178064 tid: 0x7f422aff0200] Unpinned read path, Async = 0
:4:command.cpp              :163 : 4393689330759 us: [pid:4178064 tid: 0x7f40f11ff6c0] Command 0x384c9af0 complete (Wall: 4393689330757, CPU: 0, GPU: 506 us)
:4:rocmemory.cpp            :1018: 4393689330810 us: [pid:4178064 tid: 0x7f422aff0200] Locking to pool 0x37ca7ed0, size 0x2001000, HostPtr = 0x7f40bcd9d000, DevPtr = 0x7f40bcd9d000
:4:rocblit.cpp              :623 : 4393689330831 us: [pid:4178064 tid: 0x7f422aff0200] HSA Copy Using Pinned resource size 33554432
:4:rocblit.cpp              :687 : 4393689330839 us: [pid:4178064 tid: 0x7f422aff0200] HSA Async Copy staged D2H
:4:rocblit.cpp              :503 : 4393689330845 us: [pid:4178064 tid: 0x7f422aff0200] Last copy mask 0x0
:4:rocblit.cpp              :509 : 4393689330851 us: [pid:4178064 tid: 0x7f422aff0200] Query copy engine status 0, free_engine mask 0x1e
:4:rocblit.cpp              :520 : 4393689330859 us: [pid:4178064 tid: 0x7f422aff0200] HSA Async Copy on copy_engine=0x2, dst=0x7f40bcd9d010, src=0x7f40a8e00000, size=33554432, forceSDMA=0, wait_event=0x0, completion_signal=0x7f4221bfe980
:4:rocvirtual.cpp           :622 : 4393689330868 us: [pid:4178064 tid: 0x7f422aff0200] Host wait on completion_signal=0x7f4221bfe980
:3:rocvirtual.hpp           :56  : 4393689330875 us: [pid:4178064 tid: 0x7f422aff0200] Host active wait for Signal = (0x7f4221bfe980) for -1 ns
:4:rocmemory.cpp            :1018: 4393689332188 us: [pid:4178064 tid: 0x7f422aff0200] Locking to pool 0x37ca7ed0, size 0x2001000, HostPtr = 0x7f40bed9d000, DevPtr = 0x7f40bed9d000
:4:rocblit.cpp              :623 : 4393689332201 us: [pid:4178064 tid: 0x7f422aff0200] HSA Copy Using Pinned resource size 33554432
:4:rocblit.cpp              :687 : 4393689332209 us: [pid:4178064 tid: 0x7f422aff0200] HSA Async Copy staged D2H
:4:rocblit.cpp              :503 : 4393689332222 us: [pid:4178064 tid: 0x7f422aff0200] Last copy mask 0x2
:4:rocblit.cpp              :520 : 4393689332228 us: [pid:4178064 tid: 0x7f422aff0200] HSA Async Copy on copy_engine=0x2, dst=0x7f40bed9d010, src=0x7f40aae00000, size=33554432, forceSDMA=0, wait_event=0x0, completion_signal=0x7f4221bfde00
:4:rocvirtual.cpp           :622 : 4393689332241 us: [pid:4178064 tid: 0x7f422aff0200] Host wait on completion_signal=0x7f4221bfde00
:3:rocvirtual.hpp           :56  : 4393689332252 us: [pid:4178064 tid: 0x7f422aff0200] Host active wait for Signal = (0x7f4221bfde00) for -1 ns
:4:rocmemory.cpp            :1018: 4393689333586 us: [pid:4178064 tid: 0x7f422aff0200] Locking to pool 0x37ca7ed0, size 0xe21000, HostPtr = 0x7f40c0d9d000, DevPtr = 0x7f40c0d9d000
:4:rocblit.cpp              :623 : 4393689333598 us: [pid:4178064 tid: 0x7f422aff0200] HSA Copy Using Pinned resource size 14811136
:4:rocblit.cpp              :687 : 4393689333608 us: [pid:4178064 tid: 0x7f422aff0200] HSA Async Copy staged D2H
:4:rocblit.cpp              :503 : 4393689333615 us: [pid:4178064 tid: 0x7f422aff0200] Last copy mask 0x2
:4:rocblit.cpp              :520 : 4393689334166 us: [pid:4178064 tid: 0x7f422aff0200] HSA Async Copy on copy_engine=0x2, dst=0x7f40c0d9d010, src=0x7f40ace00000, size=14811136, forceSDMA=0, wait_event=0x0, completion_signal=0x7f4221bfde80
:4:rocvirtual.cpp           :622 : 4393689334175 us: [pid:4178064 tid: 0x7f422aff0200] Host wait on completion_signal=0x7f4221bfde80
:3:rocvirtual.hpp           :56  : 4393689334182 us: [pid:4178064 tid: 0x7f422aff0200] Host active wait for Signal = (0x7f4221bfde80) for -1 ns
:4:commandqueue.cpp         :161 : 4393689334756 us: [pid:4178064 tid: 0x7f422aff0200] Marker queued to ensure finish
:4:command.cpp              :359 : 4393689334999 us: [pid:4178064 tid: 0x7f422aff0200] Command (InternalMarker) enqueued: 0x384c9af0
:3:rocvirtual.cpp           :533 : 4393689335012 us: [pid:4178064 tid: 0x7f422aff0200] Set Handler: handle(0x7f4221bfc880), timestamp(0x38350d60)
:4:rocvirtual.cpp           :1147: 4393689335021 us: [pid:4178064 tid: 0x7f422aff0200] SWq=0x7f4221d5c000, HWq=0x7f420cc00000, id=1, BarrierAND Header = 0x1503 (type=3, barrier=1, acquire=2, release=2), dep_signal=[0x0, 0x0, 0x0, 0x0, 0x0], completion_signal=0x7f4221bfc880
:3:rocvirtual.hpp           :56  : 4393689335032 us: [pid:4178064 tid: 0x7f422aff0200] Host active wait for Signal = (0x7f4221bfc880) for -1 ns
:4:commandqueue.cpp         :184 : 4393689335043 us: [pid:4178064 tid: 0x7f422aff0200] All commands finished
:3:hip_memory.cpp           :796 : 4393689335050 us: [pid:4178064 tid: 0x7f422aff0200] hipMemcpy: Returned hipSuccess : : duration: 4301 us
:3:rocvirtual.cpp           :226 : 4393689335037 us: [pid:4178064 tid: 0x7f40f11ff6c0] Handler: value(0), timestamp(0x3853aee0), handle(0x7f4221bfc880)
:4:command.cpp              :169 : 4393689335080 us: [pid:4178064 tid: 0x7f40f11ff6c0] Command 0x384c98b0 complete
:4:command.cpp              :163 : 4393689335091 us: [pid:4178064 tid: 0x7f40f11ff6c0] Command 0x384c9af0 complete (Wall: 4393689335088, CPU: 0, GPU: 82 us)
:3:hip_memory.cpp           :3476: 4393689558766 us: [pid:4178064 tid: 0x7f422aff0200] [32m hipMemset ( 0x7f40a8e00000, 0, 81920000 ) [0m
:4:command.cpp              :359 : 4393689558798 us: [pid:4178064 tid: 0x7f422aff0200] Command (FillBuffer) enqueued: 0x38368cd0
:3:rocvirtual.cpp           :762 : 4393689558814 us: [pid:4178064 tid: 0x7f422aff0200] Arg0: void* buf = ptr:0x7f40a8e00000
:3:rocvirtual.cpp           :778 : 4393689558820 us: [pid:4178064 tid: 0x7f422aff0200] Arg0: void* buf = ptr:0x7f40a8e00000 obj:[0x7f40a8e00000-0x7f40adc20000]
:3:rocvirtual.cpp           :762 : 4393689558827 us: [pid:4178064 tid: 0x7f422aff0200] Arg1: uchar* pattern = ptr:0x7f420ca00000
:3:rocvirtual.cpp           :853 : 4393689558835 us: [pid:4178064 tid: 0x7f422aff0200] Arg2: uint pattern_size = val:1
:3:rocvirtual.cpp           :853 : 4393689558840 us: [pid:4178064 tid: 0x7f422aff0200] Arg3: uint alignment = val:16
:3:rocvirtual.cpp           :853 : 4393689558845 us: [pid:4178064 tid: 0x7f422aff0200] Arg4: ulong end_ptr = val:139915769806848
:3:rocvirtual.cpp           :853 : 4393689558852 us: [pid:4178064 tid: 0x7f422aff0200] Arg5: uint next_chunk = val:26624
:3:rocvirtual.cpp           :3236: 4393689558857 us: [pid:4178064 tid: 0x7f422aff0200] ShaderName : __amd_rocclr_fillBufferAligned
:3:rocvirtual.cpp           :3449: 4393689558865 us: [pid:4178064 tid: 0x7f422aff0200] KernargSegmentByteSize = 296 KernargSegmentAlignment = 128
:4:rocvirtual.cpp           :965 : 4393689558877 us: [pid:4178064 tid: 0x7f422aff0200] SWq=0x7f4221d5c000, HWq=0x7f420cc00000, id=1, Dispatch Header = 0x1502 (type=2, barrier=1, acquire=2, release=2), setup=1, grid=[26624, 1, 1], workgroup=[256, 1, 1], private_seg_size=0, group_seg_size=0, kernel_obj=0x7f4221d4dd40, kernarg_address=0x7f420ca00100, completion_signal=0x0, correlation_id=0, rptr=100, wptr=100
:3:hip_memory.cpp           :3477: 4393689558896 us: [pid:4178064 tid: 0x7f422aff0200] hipMemset: Returned hipSuccess : 
:3:hip_device_runtime.cpp   :641 : 4393689558902 us: [pid:4178064 tid: 0x7f422aff0200] [32m hipDeviceSynchronize (  ) [0m
:4:commandqueue.cpp         :161 : 4393689558907 us: [pid:4178064 tid: 0x7f422aff0200] Marker queued to ensure finish
:4:command.cpp              :359 : 4393689558912 us: [pid:4178064 tid: 0x7f422aff0200] Command (InternalMarker) enqueued: 0x384c9af0
:3:rocvirtual.cpp           :533 : 4393689558931 us: [pid:4178064 tid: 0x7f422aff0200] Set Handler: handle(0x7f4221bfc800), timestamp(0x37deb8e0)
:4:rocvirtual.cpp           :1147: 4393689558939 us: [pid:4178064 tid: 0x7f422aff0200] SWq=0x7f4221d5c000, HWq=0x7f420cc00000, id=1, BarrierAND Header = 0x1503 (type=3, barrier=1, acquire=2, release=2), dep_signal=[0x0, 0x0, 0x0, 0x0, 0x0], completion_signal=0x7f4221bfc800
:4:commandqueue.cpp         :184 : 4393689559319 us: [pid:4178064 tid: 0x7f422aff0200] All commands finished
:3:hip_device_runtime.cpp   :645 : 4393689559327 us: [pid:4178064 tid: 0x7f422aff0200] hipDeviceSynchronize: Returned hipSuccess : 
:3:hip_platform.cpp         :237 : 4393689559340 us: [pid:4178064 tid: 0x7f422aff0200] [32m __hipPushCallConfiguration ( {8,1,1}, {512,1,1}, 0, stream:<null> ) [0m
:3:hip_platform.cpp         :241 : 4393689559349 us: [pid:4178064 tid: 0x7f422aff0200] __hipPushCallConfiguration: Returned hipSuccess : 
:3:hip_platform.cpp         :246 : 4393689559360 us: [pid:4178064 tid: 0x7f422aff0200] [32m __hipPopCallConfiguration ( {896886866,32578,512}, {2118224,0,3252094336}, 0x7ffec1d702d0, 0x7ffec1d702c8 ) [0m
:3:hip_platform.cpp         :255 : 4393689559369 us: [pid:4178064 tid: 0x7f422aff0200] __hipPopCallConfiguration: Returned hipSuccess : 
:3:rocvirtual.cpp           :226 : 4393689558983 us: [pid:4178064 tid: 0x7f40f11ff6c0] Handler: value(0), timestamp(0x38350cb0), handle(0x7f4221bfc800)
:3:hip_module.cpp           :744 : 4393689559382 us: [pid:4178064 tid: 0x7f422aff0200] [32m hipLaunchKernel ( 0x200fd8, {8,1,1}, {512,1,1}, 0x7ffec1d70280, 0, stream:<null> ) [0m
:4:command.cpp              :169 : 4393689559405 us: [pid:4178064 tid: 0x7f40f11ff6c0] Command 0x38368cd0 complete
:4:command.cpp              :163 : 4393689559432 us: [pid:4178064 tid: 0x7f40f11ff6c0] Command 0x384c9af0 complete (Wall: 4393689559429, CPU: 0, GPU: 509 us)
:4:command.cpp              :359 : 4393689559420 us: [pid:4178064 tid: 0x7f422aff0200] Command (KernelExecution) enqueued: 0x384c98b0
:3:rocvirtual.cpp           :762 : 4393689559457 us: [pid:4178064 tid: 0x7f422aff0200] Arg0:   = ptr:0x7f40ae000000
:3:rocvirtual.cpp           :778 : 4393689559462 us: [pid:4178064 tid: 0x7f422aff0200] Arg0:   = ptr:0x7f40ae000000 obj:[0x7f40ae000000-0x7f40b2e20000]
:3:rocvirtual.cpp           :762 : 4393689559469 us: [pid:4178064 tid: 0x7f422aff0200] Arg1:   = ptr:0x7f4207c27000
:3:rocvirtual.cpp           :778 : 4393689559474 us: [pid:4178064 tid: 0x7f422aff0200] Arg1:   = ptr:0x7f4207c27000 obj:[0x7f4207c27000-0x7f4207c37000]
:3:rocvirtual.cpp           :762 : 4393689559481 us: [pid:4178064 tid: 0x7f422aff0200] Arg2:   = ptr:0x7f40a8e00000
:3:rocvirtual.cpp           :778 : 4393689559486 us: [pid:4178064 tid: 0x7f422aff0200] Arg2:   = ptr:0x7f40a8e00000 obj:[0x7f40a8e00000-0x7f40adc20000]
:3:rocvirtual.cpp           :853 : 4393689559977 us: [pid:4178064 tid: 0x7f422aff0200] Arg3:   = val:2048
:3:rocvirtual.cpp           :762 : 4393689559982 us: [pid:4178064 tid: 0x7f422aff0200] Arg4:   = ptr:0x7f4207c00000
:3:rocvirtual.cpp           :778 : 4393689559986 us: [pid:4178064 tid: 0x7f422aff0200] Arg4:   = ptr:0x7f4207c00000 obj:[0x7f4207c00000-0x7f4207c00024]
:3:rocvirtual.cpp           :3236: 4393689559994 us: [pid:4178064 tid: 0x7f422aff0200] ShaderName : void dense_esuhm<float>(float const*, float const*, float*, int, int const*)
:3:rocvirtual.cpp           :3449: 4393689560012 us: [pid:4178064 tid: 0x7f422aff0200] KernargSegmentByteSize = 296 KernargSegmentAlignment = 128
:4:rocvirtual.cpp           :965 : 4393689560022 us: [pid:4178064 tid: 0x7f422aff0200] SWq=0x7f4221d5c000, HWq=0x7f420cc00000, id=1, Dispatch Header = 0xb02 (type=2, barrier=1, acquire=1, release=1), setup=3, grid=[4096, 1, 1], workgroup=[512, 1, 1], private_seg_size=140, group_seg_size=0, kernel_obj=0x7f4221d21980, kernarg_address=0x7f420ca00280, completion_signal=0x0, correlation_id=0, rptr=102, wptr=102
:3:hip_module.cpp           :745 : 4393689560040 us: [pid:4178064 tid: 0x7f422aff0200] hipLaunchKernel: Returned hipSuccess : : duration: 658 us
:3:hip_device_runtime.cpp   :641 : 4393689560048 us: [pid:4178064 tid: 0x7f422aff0200] [32m hipDeviceSynchronize (  ) [0m
:4:commandqueue.cpp         :161 : 4393689560053 us: [pid:4178064 tid: 0x7f422aff0200] Marker queued to ensure finish
:4:command.cpp              :359 : 4393689560057 us: [pid:4178064 tid: 0x7f422aff0200] Command (InternalMarker) enqueued: 0x384c9af0
:3:rocvirtual.cpp           :533 : 4393689560069 us: [pid:4178064 tid: 0x7f422aff0200] Set Handler: handle(0x7f4221bfc780), timestamp(0x38350a00)
:4:rocvirtual.cpp           :1147: 4393689560077 us: [pid:4178064 tid: 0x7f422aff0200] SWq=0x7f4221d5c000, HWq=0x7f420cc00000, id=1, BarrierAND Header = 0x1503 (type=3, barrier=1, acquire=2, release=2), dep_signal=[0x0, 0x0, 0x0, 0x0, 0x0], completion_signal=0x7f4221bfc780
:3:rocvirtual.hpp           :56  : 4393689560088 us: [pid:4178064 tid: 0x7f422aff0200] Host active wait for Signal = (0x7f4221bfc780) for -1 ns
:4:commandqueue.cpp         :184 : 4393689560135 us: [pid:4178064 tid: 0x7f422aff0200] All commands finished
:3:hip_device_runtime.cpp   :645 : 4393689560502 us: [pid:4178064 tid: 0x7f422aff0200] hipDeviceSynchronize: Returned hipSuccess : 
:3:rocvirtual.cpp           :226 : 4393689560138 us: [pid:4178064 tid: 0x7f40f11ff6c0] Handler: value(0), timestamp(0x383510b0), handle(0x7f4221bfc780)
:4:command.cpp              :169 : 4393689560545 us: [pid:4178064 tid: 0x7f40f11ff6c0] Command 0x384c98b0 complete
:3:hip_memory.cpp           :795 : 4393689560524 us: [pid:4178064 tid: 0x7f422aff0200] [32m hipMemcpy ( 0x7f40c69df010, 0x7f40a8e00000, 81920000, hipMemcpyDeviceToHost ) [0m
:4:command.cpp              :163 : 4393689560557 us: [pid:4178064 tid: 0x7f40f11ff6c0] Command 0x384c9af0 complete (Wall: 4393689560555, CPU: 0, GPU: 490 us)
:4:command.cpp              :359 : 4393689560570 us: [pid:4178064 tid: 0x7f422aff0200] Command (CopyDeviceToHost) enqueued: 0x384c98b0
:4:rocblit.cpp              :1673: 4393689560592 us: [pid:4178064 tid: 0x7f422aff0200] Unpinned read path, Async = 0
:4:rocmemory.cpp            :1018: 4393689560612 us: [pid:4178064 tid: 0x7f422aff0200] Locking to pool 0x37ca7ed0, size 0x2001000, HostPtr = 0x7f40c69df000, DevPtr = 0x7f40c69df000
:4:rocblit.cpp              :623 : 4393689560620 us: [pid:4178064 tid: 0x7f422aff0200] HSA Copy Using Pinned resource size 33554432
:4:rocblit.cpp              :687 : 4393689560628 us: [pid:4178064 tid: 0x7f422aff0200] HSA Async Copy staged D2H
:4:rocblit.cpp              :503 : 4393689560633 us: [pid:4178064 tid: 0x7f422aff0200] Last copy mask 0x0
:4:rocblit.cpp              :509 : 4393689560640 us: [pid:4178064 tid: 0x7f422aff0200] Query copy engine status 0, free_engine mask 0x1e
:4:rocblit.cpp              :520 : 4393689561003 us: [pid:4178064 tid: 0x7f422aff0200] HSA Async Copy on copy_engine=0x2, dst=0x7f40c69df010, src=0x7f40a8e00000, size=33554432, forceSDMA=0, wait_event=0x0, completion_signal=0x7f4221bfe780
:4:rocvirtual.cpp           :622 : 4393689561013 us: [pid:4178064 tid: 0x7f422aff0200] Host wait on completion_signal=0x7f4221bfe780
:3:rocvirtual.hpp           :56  : 4393689561021 us: [pid:4178064 tid: 0x7f422aff0200] Host active wait for Signal = (0x7f4221bfe780) for -1 ns
:4:rocmemory.cpp            :1018: 4393689562296 us: [pid:4178064 tid: 0x7f422aff0200] Locking to pool 0x37ca7ed0, size 0x2001000, HostPtr = 0x7f40c89df000, DevPtr = 0x7f40c89df000
:4:rocblit.cpp              :623 : 4393689562307 us: [pid:4178064 tid: 0x7f422aff0200] HSA Copy Using Pinned resource size 33554432
:4:rocblit.cpp              :687 : 4393689562314 us: [pid:4178064 tid: 0x7f422aff0200] HSA Async Copy staged D2H
:4:rocblit.cpp              :503 : 4393689562322 us: [pid:4178064 tid: 0x7f422aff0200] Last copy mask 0x2
:4:rocblit.cpp              :520 : 4393689562327 us: [pid:4178064 tid: 0x7f422aff0200] HSA Async Copy on copy_engine=0x2, dst=0x7f40c89df010, src=0x7f40aae00000, size=33554432, forceSDMA=0, wait_event=0x0, completion_signal=0x7f4221bfe580
:4:rocvirtual.cpp           :622 : 4393689562335 us: [pid:4178064 tid: 0x7f422aff0200] Host wait on completion_signal=0x7f4221bfe580
:3:rocvirtual.hpp           :56  : 4393689562343 us: [pid:4178064 tid: 0x7f422aff0200] Host active wait for Signal = (0x7f4221bfe580) for -1 ns
:4:rocmemory.cpp            :1018: 4393689563583 us: [pid:4178064 tid: 0x7f422aff0200] Locking to pool 0x37ca7ed0, size 0xe21000, HostPtr = 0x7f40ca9df000, DevPtr = 0x7f40ca9df000
:4:rocblit.cpp              :623 : 4393689563593 us: [pid:4178064 tid: 0x7f422aff0200] HSA Copy Using Pinned resource size 14811136
:4:rocblit.cpp              :687 : 4393689563601 us: [pid:4178064 tid: 0x7f422aff0200] HSA Async Copy staged D2H
:4:rocblit.cpp              :503 : 4393689563607 us: [pid:4178064 tid: 0x7f422aff0200] Last copy mask 0x2
:4:rocblit.cpp              :520 : 4393689563611 us: [pid:4178064 tid: 0x7f422aff0200] HSA Async Copy on copy_engine=0x2, dst=0x7f40ca9df010, src=0x7f40ace00000, size=14811136, forceSDMA=0, wait_event=0x0, completion_signal=0x7f4221bfdf00
:4:rocvirtual.cpp           :622 : 4393689563620 us: [pid:4178064 tid: 0x7f422aff0200] Host wait on completion_signal=0x7f4221bfdf00
:3:rocvirtual.hpp           :56  : 4393689563627 us: [pid:4178064 tid: 0x7f422aff0200] Host active wait for Signal = (0x7f4221bfdf00) for -1 ns
:4:commandqueue.cpp         :161 : 4393689564159 us: [pid:4178064 tid: 0x7f422aff0200] Marker queued to ensure finish
:4:command.cpp              :359 : 4393689564166 us: [pid:4178064 tid: 0x7f422aff0200] Command (InternalMarker) enqueued: 0x384c9af0
:3:rocvirtual.cpp           :533 : 4393689564177 us: [pid:4178064 tid: 0x7f422aff0200] Set Handler: handle(0x7f4221bfc600), timestamp(0x38350d20)
:4:rocvirtual.cpp           :1147: 4393689564717 us: [pid:4178064 tid: 0x7f422aff0200] SWq=0x7f4221d5c000, HWq=0x7f420cc00000, id=1, BarrierAND Header = 0x1503 (type=3, barrier=1, acquire=2, release=2), dep_signal=[0x0, 0x0, 0x0, 0x0, 0x0], completion_signal=0x7f4221bfc600
:3:rocvirtual.cpp           :226 : 4393689564729 us: [pid:4178064 tid: 0x7f40f11ff6c0] Handler: value(0), timestamp(0x381c6c70), handle(0x7f4221bfc600)
:4:command.cpp              :169 : 4393689564742 us: [pid:4178064 tid: 0x7f40f11ff6c0] Command 0x384c98b0 complete
:4:command.cpp              :163 : 4393689564747 us: [pid:4178064 tid: 0x7f40f11ff6c0] Command 0x384c9af0 complete (Wall: 4393689564746, CPU: 0, GPU: 572 us)
:4:commandqueue.cpp         :184 : 4393689564730 us: [pid:4178064 tid: 0x7f422aff0200] All commands finished
:3:hip_memory.cpp           :796 : 4393689564769 us: [pid:4178064 tid: 0x7f422aff0200] hipMemcpy: Returned hipSuccess : : duration: 4245 us
:3:hip_memory.cpp           :3476: 4393689564779 us: [pid:4178064 tid: 0x7f422aff0200] [32m hipMemset ( 0x7f40a8e00000, 0, 81920000 ) [0m
:4:command.cpp              :359 : 4393689564790 us: [pid:4178064 tid: 0x7f422aff0200] Command (FillBuffer) enqueued: 0x38368cd0
:3:rocvirtual.cpp           :762 : 4393689564801 us: [pid:4178064 tid: 0x7f422aff0200] Arg0: void* buf = ptr:0x7f40a8e00000
:3:rocvirtual.cpp           :778 : 4393689564806 us: [pid:4178064 tid: 0x7f422aff0200] Arg0: void* buf = ptr:0x7f40a8e00000 obj:[0x7f40a8e00000-0x7f40adc20000]
:3:rocvirtual.cpp           :762 : 4393689564813 us: [pid:4178064 tid: 0x7f422aff0200] Arg1: uchar* pattern = ptr:0x7f420ca00000
:3:rocvirtual.cpp           :853 : 4393689564822 us: [pid:4178064 tid: 0x7f422aff0200] Arg2: uint pattern_size = val:1
:3:rocvirtual.cpp           :853 : 4393689564829 us: [pid:4178064 tid: 0x7f422aff0200] Arg3: uint alignment = val:16
:3:rocvirtual.cpp           :853 : 4393689565373 us: [pid:4178064 tid: 0x7f422aff0200] Arg4: ulong end_ptr = val:139915769806848
:3:rocvirtual.cpp           :853 : 4393689565385 us: [pid:4178064 tid: 0x7f422aff0200] Arg5: uint next_chunk = val:26624
:3:rocvirtual.cpp           :3236: 4393689565390 us: [pid:4178064 tid: 0x7f422aff0200] ShaderName : __amd_rocclr_fillBufferAligned
:3:rocvirtual.cpp           :3449: 4393689565399 us: [pid:4178064 tid: 0x7f422aff0200] KernargSegmentByteSize = 296 KernargSegmentAlignment = 128
:4:rocvirtual.cpp           :965 : 4393689565409 us: [pid:4178064 tid: 0x7f422aff0200] SWq=0x7f4221d5c000, HWq=0x7f420cc00000, id=1, Dispatch Header = 0x1502 (type=2, barrier=1, acquire=2, release=2), setup=1, grid=[26624, 1, 1], workgroup=[256, 1, 1], private_seg_size=0, group_seg_size=0, kernel_obj=0x7f4221d4dd40, kernarg_address=0x7f420ca00100, completion_signal=0x0, correlation_id=0, rptr=105, wptr=105
:3:hip_memory.cpp           :3477: 4393689565424 us: [pid:4178064 tid: 0x7f422aff0200] hipMemset: Returned hipSuccess : 
:3:hip_device_runtime.cpp   :641 : 4393689565430 us: [pid:4178064 tid: 0x7f422aff0200] [32m hipDeviceSynchronize (  ) [0m
:4:commandqueue.cpp         :161 : 4393689565448 us: [pid:4178064 tid: 0x7f422aff0200] Marker queued to ensure finish
:4:command.cpp              :359 : 4393689565456 us: [pid:4178064 tid: 0x7f422aff0200] Command (InternalMarker) enqueued: 0x384c9af0
:3:rocvirtual.cpp           :533 : 4393689565481 us: [pid:4178064 tid: 0x7f422aff0200] Set Handler: handle(0x7f4221bfc580), timestamp(0x381c7280)
:4:rocvirtual.cpp           :1147: 4393689565490 us: [pid:4178064 tid: 0x7f422aff0200] SWq=0x7f4221d5c000, HWq=0x7f420cc00000, id=1, BarrierAND Header = 0x1503 (type=3, barrier=1, acquire=2, release=2), dep_signal=[0x0, 0x0, 0x0, 0x0, 0x0], completion_signal=0x7f4221bfc580
:3:rocvirtual.hpp           :56  : 4393689565501 us: [pid:4178064 tid: 0x7f422aff0200] Host active wait for Signal = (0x7f4221bfc580) for -1 ns
:4:commandqueue.cpp         :184 : 4393689565510 us: [pid:4178064 tid: 0x7f422aff0200] All commands finished
:3:hip_device_runtime.cpp   :645 : 4393689565516 us: [pid:4178064 tid: 0x7f422aff0200] hipDeviceSynchronize: Returned hipSuccess : 
:3:rocvirtual.cpp           :226 : 4393689565504 us: [pid:4178064 tid: 0x7f40f11ff6c0] Handler: value(0), timestamp(0x381c6ce0), handle(0x7f4221bfc580)
:4:command.cpp              :169 : 4393689565932 us: [pid:4178064 tid: 0x7f40f11ff6c0] Command 0x38368cd0 complete
:4:command.cpp              :163 : 4393689565946 us: [pid:4178064 tid: 0x7f40f11ff6c0] Command 0x384c9af0 complete (Wall: 4393689565944, CPU: 0, GPU: 470 us)
:3:hip_platform.cpp         :237 : 4393689565922 us: [pid:4178064 tid: 0x7f422aff0200] [32m __hipPushCallConfiguration ( {8,1,1}, {512,1,1}, 0, stream:<null> ) [0m
:3:hip_platform.cpp         :241 : 4393689565971 us: [pid:4178064 tid: 0x7f422aff0200] __hipPushCallConfiguration: Returned hipSuccess : 
:3:hip_platform.cpp         :246 : 4393689565981 us: [pid:4178064 tid: 0x7f422aff0200] [32m __hipPopCallConfiguration ( {896886866,32578,512}, {2118224,0,3252094336}, 0x7ffec1d702d0, 0x7ffec1d702c8 ) [0m
:3:hip_platform.cpp         :255 : 4393689565989 us: [pid:4178064 tid: 0x7f422aff0200] __hipPopCallConfiguration: Returned hipSuccess : 
:3:hip_module.cpp           :744 : 4393689566000 us: [pid:4178064 tid: 0x7f422aff0200] [32m hipLaunchKernel ( 0x200fe0, {8,1,1}, {512,1,1}, 0x7ffec1d70280, 0, stream:<null> ) [0m
:4:command.cpp              :359 : 4393689566012 us: [pid:4178064 tid: 0x7f422aff0200] Command (KernelExecution) enqueued: 0x384c98b0
:3:rocvirtual.cpp           :762 : 4393689566020 us: [pid:4178064 tid: 0x7f422aff0200] Arg0:   = ptr:0x7f40ae000000
:3:rocvirtual.cpp           :778 : 4393689566025 us: [pid:4178064 tid: 0x7f422aff0200] Arg0:   = ptr:0x7f40ae000000 obj:[0x7f40ae000000-0x7f40b2e20000]
:3:rocvirtual.cpp           :762 : 4393689566032 us: [pid:4178064 tid: 0x7f422aff0200] Arg1:   = ptr:0x7f4207c27000
:3:rocvirtual.cpp           :778 : 4393689566037 us: [pid:4178064 tid: 0x7f422aff0200] Arg1:   = ptr:0x7f4207c27000 obj:[0x7f4207c27000-0x7f4207c37000]
:3:rocvirtual.cpp           :762 : 4393689566460 us: [pid:4178064 tid: 0x7f422aff0200] Arg2:   = ptr:0x7f40a8e00000
:3:rocvirtual.cpp           :778 : 4393689566483 us: [pid:4178064 tid: 0x7f422aff0200] Arg2:   = ptr:0x7f40a8e00000 obj:[0x7f40a8e00000-0x7f40adc20000]
:3:rocvirtual.cpp           :853 : 4393689566492 us: [pid:4178064 tid: 0x7f422aff0200] Arg3:   = val:2048
:3:rocvirtual.cpp           :762 : 4393689566497 us: [pid:4178064 tid: 0x7f422aff0200] Arg4:   = ptr:0x7f4207c00000
:3:rocvirtual.cpp           :778 : 4393689566502 us: [pid:4178064 tid: 0x7f422aff0200] Arg4:   = ptr:0x7f4207c00000 obj:[0x7f4207c00000-0x7f4207c00024]
:3:rocvirtual.cpp           :3236: 4393689566510 us: [pid:4178064 tid: 0x7f422aff0200] ShaderName : void dense_esuhm2<float>(float const*, float const*, float*, int, int const*)
:3:rocvirtual.cpp           :3449: 4393689566519 us: [pid:4178064 tid: 0x7f422aff0200] KernargSegmentByteSize = 296 KernargSegmentAlignment = 128
:4:rocvirtual.cpp           :965 : 4393689566528 us: [pid:4178064 tid: 0x7f422aff0200] SWq=0x7f4221d5c000, HWq=0x7f420cc00000, id=1, Dispatch Header = 0xb02 (type=2, barrier=1, acquire=1, release=1), setup=3, grid=[4096, 1, 1], workgroup=[512, 1, 1], private_seg_size=140, group_seg_size=0, kernel_obj=0x7f4221d219c0, kernarg_address=0x7f420ca00280, completion_signal=0x0, correlation_id=0, rptr=107, wptr=107
:3:hip_module.cpp           :745 : 4393689566543 us: [pid:4178064 tid: 0x7f422aff0200] hipLaunchKernel: Returned hipSuccess : : duration: 543 us
:3:hip_device_runtime.cpp   :641 : 4393689566551 us: [pid:4178064 tid: 0x7f422aff0200] [32m hipDeviceSynchronize (  ) [0m
:4:commandqueue.cpp         :161 : 4393689566556 us: [pid:4178064 tid: 0x7f422aff0200] Marker queued to ensure finish
:4:command.cpp              :359 : 4393689566561 us: [pid:4178064 tid: 0x7f422aff0200] Command (InternalMarker) enqueued: 0x384c9af0
:3:rocvirtual.cpp           :533 : 4393689566573 us: [pid:4178064 tid: 0x7f422aff0200] Set Handler: handle(0x7f4221bfc680), timestamp(0x381c6bb0)
:4:rocvirtual.cpp           :1147: 4393689566581 us: [pid:4178064 tid: 0x7f422aff0200] SWq=0x7f4221d5c000, HWq=0x7f420cc00000, id=1, BarrierAND Header = 0x1503 (type=3, barrier=1, acquire=2, release=2), dep_signal=[0x0, 0x0, 0x0, 0x0, 0x0], completion_signal=0x7f4221bfc680
:3:rocvirtual.hpp           :56  : 4393689566592 us: [pid:4178064 tid: 0x7f422aff0200] Host active wait for Signal = (0x7f4221bfc680) for -1 ns
:3:rocvirtual.cpp           :226 : 4393689566634 us: [pid:4178064 tid: 0x7f40f11ff6c0] Handler: value(0), timestamp(0x37deb5e0), handle(0x7f4221bfc680)
:4:commandqueue.cpp         :184 : 4393689567124 us: [pid:4178064 tid: 0x7f422aff0200] All commands finished
:4:command.cpp              :169 : 4393689567138 us: [pid:4178064 tid: 0x7f40f11ff6c0] Command 0x384c98b0 complete
:3:hip_device_runtime.cpp   :645 : 4393689567146 us: [pid:4178064 tid: 0x7f422aff0200] hipDeviceSynchronize: Returned hipSuccess : 
:4:command.cpp              :163 : 4393689567154 us: [pid:4178064 tid: 0x7f40f11ff6c0] Command 0x384c9af0 complete (Wall: 4393689567152, CPU: 0, GPU: 584 us)
:3:hip_memory.cpp           :795 : 4393689567167 us: [pid:4178064 tid: 0x7f422aff0200] [32m hipMemcpy ( 0x7f40c1bbe010, 0x7f40a8e00000, 81920000, hipMemcpyDeviceToHost ) [0m
:4:command.cpp              :359 : 4393689567186 us: [pid:4178064 tid: 0x7f422aff0200] Command (CopyDeviceToHost) enqueued: 0x384c98b0
:4:rocblit.cpp              :1673: 4393689567207 us: [pid:4178064 tid: 0x7f422aff0200] Unpinned read path, Async = 0
:4:rocmemory.cpp            :1018: 4393689567760 us: [pid:4178064 tid: 0x7f422aff0200] Locking to pool 0x37ca7ed0, size 0x2001000, HostPtr = 0x7f40c1bbe000, DevPtr = 0x7f40c1bbe000
:4:rocblit.cpp              :623 : 4393689567771 us: [pid:4178064 tid: 0x7f422aff0200] HSA Copy Using Pinned resource size 33554432
:4:rocblit.cpp              :687 : 4393689567778 us: [pid:4178064 tid: 0x7f422aff0200] HSA Async Copy staged D2H
:4:rocblit.cpp              :503 : 4393689567784 us: [pid:4178064 tid: 0x7f422aff0200] Last copy mask 0x0
:4:rocblit.cpp              :509 : 4393689567790 us: [pid:4178064 tid: 0x7f422aff0200] Query copy engine status 0, free_engine mask 0x1e
:4:rocblit.cpp              :520 : 4393689567802 us: [pid:4178064 tid: 0x7f422aff0200] HSA Async Copy on copy_engine=0x2, dst=0x7f40c1bbe010, src=0x7f40a8e00000, size=33554432, forceSDMA=0, wait_event=0x0, completion_signal=0x7f4221bfe380
:4:rocvirtual.cpp           :622 : 4393689567812 us: [pid:4178064 tid: 0x7f422aff0200] Host wait on completion_signal=0x7f4221bfe380
:3:rocvirtual.hpp           :56  : 4393689567820 us: [pid:4178064 tid: 0x7f422aff0200] Host active wait for Signal = (0x7f4221bfe380) for -1 ns
:4:rocmemory.cpp            :1018: 4393689569214 us: [pid:4178064 tid: 0x7f422aff0200] Locking to pool 0x37ca7ed0, size 0x2001000, HostPtr = 0x7f40c3bbe000, DevPtr = 0x7f40c3bbe000
:4:rocblit.cpp              :623 : 4393689569227 us: [pid:4178064 tid: 0x7f422aff0200] HSA Copy Using Pinned resource size 33554432
:4:rocblit.cpp              :687 : 4393689569234 us: [pid:4178064 tid: 0x7f422aff0200] HSA Async Copy staged D2H
:4:rocblit.cpp              :503 : 4393689569240 us: [pid:4178064 tid: 0x7f422aff0200] Last copy mask 0x2
:4:rocblit.cpp              :520 : 4393689569245 us: [pid:4178064 tid: 0x7f422aff0200] HSA Async Copy on copy_engine=0x2, dst=0x7f40c3bbe010, src=0x7f40aae00000, size=33554432, forceSDMA=0, wait_event=0x0, completion_signal=0x7f4221bfe000
:4:rocvirtual.cpp           :622 : 4393689569253 us: [pid:4178064 tid: 0x7f422aff0200] Host wait on completion_signal=0x7f4221bfe000
:3:rocvirtual.hpp           :56  : 4393689569261 us: [pid:4178064 tid: 0x7f422aff0200] Host active wait for Signal = (0x7f4221bfe000) for -1 ns
:4:rocmemory.cpp            :1018: 4393689570595 us: [pid:4178064 tid: 0x7f422aff0200] Locking to pool 0x37ca7ed0, size 0xe21000, HostPtr = 0x7f40c5bbe000, DevPtr = 0x7f40c5bbe000
:4:rocblit.cpp              :623 : 4393689570607 us: [pid:4178064 tid: 0x7f422aff0200] HSA Copy Using Pinned resource size 14811136
:4:rocblit.cpp              :687 : 4393689570615 us: [pid:4178064 tid: 0x7f422aff0200] HSA Async Copy staged D2H
:4:rocblit.cpp              :503 : 4393689570620 us: [pid:4178064 tid: 0x7f422aff0200] Last copy mask 0x2
:4:rocblit.cpp              :520 : 4393689570624 us: [pid:4178064 tid: 0x7f422aff0200] HSA Async Copy on copy_engine=0x2, dst=0x7f40c5bbe010, src=0x7f40ace00000, size=14811136, forceSDMA=0, wait_event=0x0, completion_signal=0x7f4221bfe080
:4:rocvirtual.cpp           :622 : 4393689570639 us: [pid:4178064 tid: 0x7f422aff0200] Host wait on completion_signal=0x7f4221bfe080
:3:rocvirtual.hpp           :56  : 4393689570651 us: [pid:4178064 tid: 0x7f422aff0200] Host active wait for Signal = (0x7f4221bfe080) for -1 ns
:4:commandqueue.cpp         :161 : 4393689571181 us: [pid:4178064 tid: 0x7f422aff0200] Marker queued to ensure finish
:4:command.cpp              :359 : 4393689571337 us: [pid:4178064 tid: 0x7f422aff0200] Command (InternalMarker) enqueued: 0x384c9af0
:3:rocvirtual.cpp           :533 : 4393689571356 us: [pid:4178064 tid: 0x7f422aff0200] Set Handler: handle(0x7f4221bfc400), timestamp(0x381c7170)
:4:rocvirtual.cpp           :1147: 4393689571365 us: [pid:4178064 tid: 0x7f422aff0200] SWq=0x7f4221d5c000, HWq=0x7f420cc00000, id=1, BarrierAND Header = 0x1503 (type=3, barrier=1, acquire=2, release=2), dep_signal=[0x0, 0x0, 0x0, 0x0, 0x0], completion_signal=0x7f4221bfc400
:3:rocvirtual.hpp           :56  : 4393689571376 us: [pid:4178064 tid: 0x7f422aff0200] Host active wait for Signal = (0x7f4221bfc400) for -1 ns
:4:commandqueue.cpp         :184 : 4393689571386 us: [pid:4178064 tid: 0x7f422aff0200] All commands finished
:3:hip_memory.cpp           :796 : 4393689571393 us: [pid:4178064 tid: 0x7f422aff0200] hipMemcpy: Returned hipSuccess : : duration: 4226 us
:3:rocvirtual.cpp           :226 : 4393689571380 us: [pid:4178064 tid: 0x7f40f11ff6c0] Handler: value(0), timestamp(0x37deb5e0), handle(0x7f4221bfc400)
:4:command.cpp              :169 : 4393689571414 us: [pid:4178064 tid: 0x7f40f11ff6c0] Command 0x384c98b0 complete
:4:command.cpp              :163 : 4393689571419 us: [pid:4178064 tid: 0x7f40f11ff6c0] Command 0x384c9af0 complete (Wall: 4393689571418, CPU: 0, GPU: 69 us)
:3:hip_memory.cpp           :3476: 4393689571404 us: [pid:4178064 tid: 0x7f422aff0200] [32m hipMemset ( 0x7f40a8e00000, 0, 81920000 ) [0m
:4:command.cpp              :359 : 4393689571445 us: [pid:4178064 tid: 0x7f422aff0200] Command (FillBuffer) enqueued: 0x38368cd0
:3:rocvirtual.cpp           :762 : 4393689571876 us: [pid:4178064 tid: 0x7f422aff0200] Arg0: void* buf = ptr:0x7f40a8e00000
:3:rocvirtual.cpp           :778 : 4393689571884 us: [pid:4178064 tid: 0x7f422aff0200] Arg0: void* buf = ptr:0x7f40a8e00000 obj:[0x7f40a8e00000-0x7f40adc20000]
:3:rocvirtual.cpp           :762 : 4393689572301 us: [pid:4178064 tid: 0x7f422aff0200] Arg1: uchar* pattern = ptr:0x7f420ca00000
:3:rocvirtual.cpp           :853 : 4393689572310 us: [pid:4178064 tid: 0x7f422aff0200] Arg2: uint pattern_size = val:1
:3:rocvirtual.cpp           :853 : 4393689572315 us: [pid:4178064 tid: 0x7f422aff0200] Arg3: uint alignment = val:16
:3:rocvirtual.cpp           :853 : 4393689572320 us: [pid:4178064 tid: 0x7f422aff0200] Arg4: ulong end_ptr = val:139915769806848
:3:rocvirtual.cpp           :853 : 4393689572327 us: [pid:4178064 tid: 0x7f422aff0200] Arg5: uint next_chunk = val:26624
:3:rocvirtual.cpp           :3236: 4393689572332 us: [pid:4178064 tid: 0x7f422aff0200] ShaderName : __amd_rocclr_fillBufferAligned
:3:rocvirtual.cpp           :3449: 4393689572341 us: [pid:4178064 tid: 0x7f422aff0200] KernargSegmentByteSize = 296 KernargSegmentAlignment = 128
:4:rocvirtual.cpp           :965 : 4393689572350 us: [pid:4178064 tid: 0x7f422aff0200] SWq=0x7f4221d5c000, HWq=0x7f420cc00000, id=1, Dispatch Header = 0x1502 (type=2, barrier=1, acquire=2, release=2), setup=1, grid=[26624, 1, 1], workgroup=[256, 1, 1], private_seg_size=0, group_seg_size=0, kernel_obj=0x7f4221d4dd40, kernarg_address=0x7f420ca00100, completion_signal=0x0, correlation_id=0, rptr=110, wptr=110
:3:hip_memory.cpp           :3477: 4393689572366 us: [pid:4178064 tid: 0x7f422aff0200] hipMemset: Returned hipSuccess : 
:3:hip_device_runtime.cpp   :641 : 4393689572371 us: [pid:4178064 tid: 0x7f422aff0200] [32m hipDeviceSynchronize (  ) [0m
:4:commandqueue.cpp         :161 : 4393689572376 us: [pid:4178064 tid: 0x7f422aff0200] Marker queued to ensure finish
:4:command.cpp              :359 : 4393689572381 us: [pid:4178064 tid: 0x7f422aff0200] Command (InternalMarker) enqueued: 0x384c9af0
:3:rocvirtual.cpp           :533 : 4393689572393 us: [pid:4178064 tid: 0x7f422aff0200] Set Handler: handle(0x7f4221bfc380), timestamp(0x381c7060)
:4:rocvirtual.cpp           :1147: 4393689572402 us: [pid:4178064 tid: 0x7f422aff0200] SWq=0x7f4221d5c000, HWq=0x7f420cc00000, id=1, BarrierAND Header = 0x1503 (type=3, barrier=1, acquire=2, release=2), dep_signal=[0x0, 0x0, 0x0, 0x0, 0x0], completion_signal=0x7f4221bfc380
:3:rocvirtual.cpp           :226 : 4393689572444 us: [pid:4178064 tid: 0x7f40f11ff6c0] Handler: value(0), timestamp(0x38089120), handle(0x7f4221bfc380)
:4:command.cpp              :169 : 4393689572863 us: [pid:4178064 tid: 0x7f40f11ff6c0] Command 0x38368cd0 complete
:4:command.cpp              :163 : 4393689572870 us: [pid:4178064 tid: 0x7f40f11ff6c0] Command 0x384c9af0 complete (Wall: 4393689572869, CPU: 0, GPU: 481 us)
:4:commandqueue.cpp         :184 : 4393689572853 us: [pid:4178064 tid: 0x7f422aff0200] All commands finished
:3:hip_device_runtime.cpp   :645 : 4393689572887 us: [pid:4178064 tid: 0x7f422aff0200] hipDeviceSynchronize: Returned hipSuccess : 
:3:hip_platform.cpp         :237 : 4393689572904 us: [pid:4178064 tid: 0x7f422aff0200] [32m __hipPushCallConfiguration ( {8,1,1}, {512,1,1}, 0, stream:<null> ) [0m
:3:hip_platform.cpp         :241 : 4393689574906 us: [pid:4178064 tid: 0x7f422aff0200] __hipPushCallConfiguration: Returned hipSuccess : 
:3:hip_platform.cpp         :246 : 4393689574918 us: [pid:4178064 tid: 0x7f422aff0200] [32m __hipPopCallConfiguration ( {896886866,32578,512}, {2118224,0,3252094336}, 0x7ffec1d702d0, 0x7ffec1d702c8 ) [0m
:3:hip_platform.cpp         :255 : 4393689574926 us: [pid:4178064 tid: 0x7f422aff0200] __hipPopCallConfiguration: Returned hipSuccess : 
:3:hip_module.cpp           :744 : 4393689574941 us: [pid:4178064 tid: 0x7f422aff0200] [32m hipLaunchKernel ( 0x200fe8, {8,1,1}, {512,1,1}, 0x7ffec1d70280, 0, stream:<null> ) [0m
:4:command.cpp              :359 : 4393689574954 us: [pid:4178064 tid: 0x7f422aff0200] Command (KernelExecution) enqueued: 0x384c98b0
:3:rocvirtual.cpp           :762 : 4393689574963 us: [pid:4178064 tid: 0x7f422aff0200] Arg0:   = ptr:0x7f40ae000000
:3:rocvirtual.cpp           :778 : 4393689574967 us: [pid:4178064 tid: 0x7f422aff0200] Arg0:   = ptr:0x7f40ae000000 obj:[0x7f40ae000000-0x7f40b2e20000]
:3:rocvirtual.cpp           :762 : 4393689574975 us: [pid:4178064 tid: 0x7f422aff0200] Arg1:   = ptr:0x7f4207c27000
:3:rocvirtual.cpp           :778 : 4393689574980 us: [pid:4178064 tid: 0x7f422aff0200] Arg1:   = ptr:0x7f4207c27000 obj:[0x7f4207c27000-0x7f4207c37000]
:3:rocvirtual.cpp           :762 : 4393689574987 us: [pid:4178064 tid: 0x7f422aff0200] Arg2:   = ptr:0x7f40a8e00000
:3:rocvirtual.cpp           :778 : 4393689574992 us: [pid:4178064 tid: 0x7f422aff0200] Arg2:   = ptr:0x7f40a8e00000 obj:[0x7f40a8e00000-0x7f40adc20000]
:3:rocvirtual.cpp           :853 : 4393689574999 us: [pid:4178064 tid: 0x7f422aff0200] Arg3:   = val:2048
:3:rocvirtual.cpp           :762 : 4393689575004 us: [pid:4178064 tid: 0x7f422aff0200] Arg4:   = ptr:0x7f4207c00000
:3:rocvirtual.cpp           :778 : 4393689575008 us: [pid:4178064 tid: 0x7f422aff0200] Arg4:   = ptr:0x7f4207c00000 obj:[0x7f4207c00000-0x7f4207c00024]
:3:rocvirtual.cpp           :3236: 4393689575016 us: [pid:4178064 tid: 0x7f422aff0200] ShaderName : void dense_esuhm3<float>(float const*, float const*, float*, int, int const*)
:3:rocvirtual.cpp           :3449: 4393689575942 us: [pid:4178064 tid: 0x7f422aff0200] KernargSegmentByteSize = 296 KernargSegmentAlignment = 128
:4:rocvirtual.cpp           :965 : 4393689575952 us: [pid:4178064 tid: 0x7f422aff0200] SWq=0x7f4221d5c000, HWq=0x7f420cc00000, id=1, Dispatch Header = 0xb02 (type=2, barrier=1, acquire=1, release=1), setup=3, grid=[4096, 1, 1], workgroup=[512, 1, 1], private_seg_size=140, group_seg_size=0, kernel_obj=0x7f4221d21a00, kernarg_address=0x7f420ca00280, completion_signal=0x0, correlation_id=0, rptr=112, wptr=112
:3:hip_module.cpp           :745 : 4393689576321 us: [pid:4178064 tid: 0x7f422aff0200] hipLaunchKernel: Returned hipSuccess : : duration: 1380 us
:3:hip_device_runtime.cpp   :641 : 4393689576330 us: [pid:4178064 tid: 0x7f422aff0200] [32m hipDeviceSynchronize (  ) [0m
:4:commandqueue.cpp         :161 : 4393689576336 us: [pid:4178064 tid: 0x7f422aff0200] Marker queued to ensure finish
:4:command.cpp              :359 : 4393689576341 us: [pid:4178064 tid: 0x7f422aff0200] Command (InternalMarker) enqueued: 0x384c9af0
:3:rocvirtual.cpp           :533 : 4393689576353 us: [pid:4178064 tid: 0x7f422aff0200] Set Handler: handle(0x7f4221bfc300), timestamp(0x37dfa6b0)
:4:rocvirtual.cpp           :1147: 4393689576361 us: [pid:4178064 tid: 0x7f422aff0200] SWq=0x7f4221d5c000, HWq=0x7f420cc00000, id=1, BarrierAND Header = 0x1503 (type=3, barrier=1, acquire=2, release=2), dep_signal=[0x0, 0x0, 0x0, 0x0, 0x0], completion_signal=0x7f4221bfc300
:3:rocvirtual.hpp           :56  : 4393689576372 us: [pid:4178064 tid: 0x7f422aff0200] Host active wait for Signal = (0x7f4221bfc300) for -1 ns
:4:commandqueue.cpp         :184 : 4393689576495 us: [pid:4178064 tid: 0x7f422aff0200] All commands finished
:3:hip_device_runtime.cpp   :645 : 4393689576768 us: [pid:4178064 tid: 0x7f422aff0200] hipDeviceSynchronize: Returned hipSuccess : 
:3:hip_memory.cpp           :795 : 4393689576782 us: [pid:4178064 tid: 0x7f422aff0200] [32m hipMemcpy ( 0x7f40bcd9d010, 0x7f40a8e00000, 81920000, hipMemcpyDeviceToHost ) [0m
:3:rocvirtual.cpp           :226 : 4393689576497 us: [pid:4178064 tid: 0x7f40f11ff6c0] Handler: value(0), timestamp(0x37dfa600), handle(0x7f4221bfc300)
:4:command.cpp              :169 : 4393689576805 us: [pid:4178064 tid: 0x7f40f11ff6c0] Command 0x384c98b0 complete
:4:command.cpp              :359 : 4393689576795 us: [pid:4178064 tid: 0x7f422aff0200] Command (CopyDeviceToHost) enqueued: 0x38368cd0
:4:rocblit.cpp              :1673: 4393689576847 us: [pid:4178064 tid: 0x7f422aff0200] Unpinned read path, Async = 0
:4:command.cpp              :163 : 4393689576813 us: [pid:4178064 tid: 0x7f40f11ff6c0] Command 0x384c9af0 complete (Wall: 4393689576811, CPU: 0, GPU: 463 us)
:4:rocmemory.cpp            :1018: 4393689576875 us: [pid:4178064 tid: 0x7f422aff0200] Locking to pool 0x37ca7ed0, size 0x2001000, HostPtr = 0x7f40bcd9d000, DevPtr = 0x7f40bcd9d000
:4:rocblit.cpp              :623 : 4393689576902 us: [pid:4178064 tid: 0x7f422aff0200] HSA Copy Using Pinned resource size 33554432
:4:rocblit.cpp              :687 : 4393689577326 us: [pid:4178064 tid: 0x7f422aff0200] HSA Async Copy staged D2H
:4:rocblit.cpp              :503 : 4393689577333 us: [pid:4178064 tid: 0x7f422aff0200] Last copy mask 0x0
:4:rocblit.cpp              :509 : 4393689577338 us: [pid:4178064 tid: 0x7f422aff0200] Query copy engine status 0, free_engine mask 0x1e
:4:rocblit.cpp              :520 : 4393689577346 us: [pid:4178064 tid: 0x7f422aff0200] HSA Async Copy on copy_engine=0x2, dst=0x7f40bcd9d010, src=0x7f40a8e00000, size=33554432, forceSDMA=0, wait_event=0x0, completion_signal=0x7f4221bfe180
:4:rocvirtual.cpp           :622 : 4393689577355 us: [pid:4178064 tid: 0x7f422aff0200] Host wait on completion_signal=0x7f4221bfe180
:3:rocvirtual.hpp           :56  : 4393689577363 us: [pid:4178064 tid: 0x7f422aff0200] Host active wait for Signal = (0x7f4221bfe180) for -1 ns
:4:rocmemory.cpp            :1018: 4393689578564 us: [pid:4178064 tid: 0x7f422aff0200] Locking to pool 0x37ca7ed0, size 0x2001000, HostPtr = 0x7f40bed9d000, DevPtr = 0x7f40bed9d000
:4:rocblit.cpp              :623 : 4393689578577 us: [pid:4178064 tid: 0x7f422aff0200] HSA Copy Using Pinned resource size 33554432
:4:rocblit.cpp              :687 : 4393689578585 us: [pid:4178064 tid: 0x7f422aff0200] HSA Async Copy staged D2H
:4:rocblit.cpp              :503 : 4393689578590 us: [pid:4178064 tid: 0x7f422aff0200] Last copy mask 0x2
:4:rocblit.cpp              :520 : 4393689578595 us: [pid:4178064 tid: 0x7f422aff0200] HSA Async Copy on copy_engine=0x2, dst=0x7f40bed9d010, src=0x7f40aae00000, size=33554432, forceSDMA=0, wait_event=0x0, completion_signal=0x7f4221bfdf80
:4:rocvirtual.cpp           :622 : 4393689578603 us: [pid:4178064 tid: 0x7f422aff0200] Host wait on completion_signal=0x7f4221bfdf80
:3:rocvirtual.hpp           :56  : 4393689578610 us: [pid:4178064 tid: 0x7f422aff0200] Host active wait for Signal = (0x7f4221bfdf80) for -1 ns
:4:rocmemory.cpp            :1018: 4393689579813 us: [pid:4178064 tid: 0x7f422aff0200] Locking to pool 0x37ca7ed0, size 0xe21000, HostPtr = 0x7f40c0d9d000, DevPtr = 0x7f40c0d9d000
:4:rocblit.cpp              :623 : 4393689579826 us: [pid:4178064 tid: 0x7f422aff0200] HSA Copy Using Pinned resource size 14811136
:4:rocblit.cpp              :687 : 4393689579833 us: [pid:4178064 tid: 0x7f422aff0200] HSA Async Copy staged D2H
:4:rocblit.cpp              :503 : 4393689579838 us: [pid:4178064 tid: 0x7f422aff0200] Last copy mask 0x2
:4:rocblit.cpp              :520 : 4393689579843 us: [pid:4178064 tid: 0x7f422aff0200] HSA Async Copy on copy_engine=0x2, dst=0x7f40c0d9d010, src=0x7f40ace00000, size=14811136, forceSDMA=0, wait_event=0x0, completion_signal=0x7f4221bfe100
:4:rocvirtual.cpp           :622 : 4393689579851 us: [pid:4178064 tid: 0x7f422aff0200] Host wait on completion_signal=0x7f4221bfe100
:3:rocvirtual.hpp           :56  : 4393689579859 us: [pid:4178064 tid: 0x7f422aff0200] Host active wait for Signal = (0x7f4221bfe100) for -1 ns
:4:commandqueue.cpp         :161 : 4393689580415 us: [pid:4178064 tid: 0x7f422aff0200] Marker queued to ensure finish
:4:command.cpp              :359 : 4393689580429 us: [pid:4178064 tid: 0x7f422aff0200] Command (InternalMarker) enqueued: 0x384c9af0
:3:rocvirtual.cpp           :533 : 4393689580441 us: [pid:4178064 tid: 0x7f422aff0200] Set Handler: handle(0x7f4221bfc180), timestamp(0x381c7020)
:4:rocvirtual.cpp           :1147: 4393689580449 us: [pid:4178064 tid: 0x7f422aff0200] SWq=0x7f4221d5c000, HWq=0x7f420cc00000, id=1, BarrierAND Header = 0x1503 (type=3, barrier=1, acquire=2, release=2), dep_signal=[0x0, 0x0, 0x0, 0x0, 0x0], completion_signal=0x7f4221bfc180
:4:commandqueue.cpp         :184 : 4393689580463 us: [pid:4178064 tid: 0x7f422aff0200] All commands finished
:3:hip_memory.cpp           :796 : 4393689580468 us: [pid:4178064 tid: 0x7f422aff0200] hipMemcpy: Returned hipSuccess : : duration: 3686 us
:3:rocvirtual.cpp           :226 : 4393689580468 us: [pid:4178064 tid: 0x7f40f11ff6c0] Handler: value(0), timestamp(0x38089740), handle(0x7f4221bfc180)
:4:command.cpp              :169 : 4393689580495 us: [pid:4178064 tid: 0x7f40f11ff6c0] Command 0x38368cd0 complete
:4:command.cpp              :163 : 4393689580504 us: [pid:4178064 tid: 0x7f40f11ff6c0] Command 0x384c9af0 complete (Wall: 4393689580502, CPU: 0, GPU: 65 us)
:3:hip_memory.cpp           :3476: 4393689793160 us: [pid:4178064 tid: 0x7f422aff0200] [32m hipMemset ( 0x7f40a8e00000, 0, 81920000 ) [0m
:4:command.cpp              :359 : 4393689793191 us: [pid:4178064 tid: 0x7f422aff0200] Command (FillBuffer) enqueued: 0x38368cd0
:3:rocvirtual.cpp           :762 : 4393689793206 us: [pid:4178064 tid: 0x7f422aff0200] Arg0: void* buf = ptr:0x7f40a8e00000
:3:rocvirtual.cpp           :778 : 4393689793211 us: [pid:4178064 tid: 0x7f422aff0200] Arg0: void* buf = ptr:0x7f40a8e00000 obj:[0x7f40a8e00000-0x7f40adc20000]
:3:rocvirtual.cpp           :762 : 4393689793219 us: [pid:4178064 tid: 0x7f422aff0200] Arg1: uchar* pattern = ptr:0x7f420ca00000
:3:rocvirtual.cpp           :853 : 4393689793227 us: [pid:4178064 tid: 0x7f422aff0200] Arg2: uint pattern_size = val:1
:3:rocvirtual.cpp           :853 : 4393689793232 us: [pid:4178064 tid: 0x7f422aff0200] Arg3: uint alignment = val:16
:3:rocvirtual.cpp           :853 : 4393689793237 us: [pid:4178064 tid: 0x7f422aff0200] Arg4: ulong end_ptr = val:139915769806848
:3:rocvirtual.cpp           :853 : 4393689793245 us: [pid:4178064 tid: 0x7f422aff0200] Arg5: uint next_chunk = val:26624
:3:rocvirtual.cpp           :3236: 4393689793249 us: [pid:4178064 tid: 0x7f422aff0200] ShaderName : __amd_rocclr_fillBufferAligned
:3:rocvirtual.cpp           :3449: 4393689793258 us: [pid:4178064 tid: 0x7f422aff0200] KernargSegmentByteSize = 296 KernargSegmentAlignment = 128
:4:rocvirtual.cpp           :965 : 4393689793270 us: [pid:4178064 tid: 0x7f422aff0200] SWq=0x7f4221d5c000, HWq=0x7f420cc00000, id=1, Dispatch Header = 0x1502 (type=2, barrier=1, acquire=2, release=2), setup=1, grid=[26624, 1, 1], workgroup=[256, 1, 1], private_seg_size=0, group_seg_size=0, kernel_obj=0x7f4221d4dd40, kernarg_address=0x7f420ca00100, completion_signal=0x0, correlation_id=0, rptr=115, wptr=115
:3:hip_memory.cpp           :3477: 4393689793287 us: [pid:4178064 tid: 0x7f422aff0200] hipMemset: Returned hipSuccess : 
:3:hip_device_runtime.cpp   :641 : 4393689793293 us: [pid:4178064 tid: 0x7f422aff0200] [32m hipDeviceSynchronize (  ) [0m
:4:commandqueue.cpp         :161 : 4393689793298 us: [pid:4178064 tid: 0x7f422aff0200] Marker queued to ensure finish
:4:command.cpp              :359 : 4393689793303 us: [pid:4178064 tid: 0x7f422aff0200] Command (InternalMarker) enqueued: 0x384c9af0
:3:rocvirtual.cpp           :533 : 4393689793321 us: [pid:4178064 tid: 0x7f422aff0200] Set Handler: handle(0x7f4221bfc100), timestamp(0x381c6f30)
:4:rocvirtual.cpp           :1147: 4393689793330 us: [pid:4178064 tid: 0x7f422aff0200] SWq=0x7f4221d5c000, HWq=0x7f420cc00000, id=1, BarrierAND Header = 0x1503 (type=3, barrier=1, acquire=2, release=2), dep_signal=[0x0, 0x0, 0x0, 0x0, 0x0], completion_signal=0x7f4221bfc100
:3:rocvirtual.hpp           :56  : 4393689793341 us: [pid:4178064 tid: 0x7f422aff0200] Host active wait for Signal = (0x7f4221bfc100) for -1 ns
:4:commandqueue.cpp         :184 : 4393689793809 us: [pid:4178064 tid: 0x7f422aff0200] All commands finished
:3:rocvirtual.cpp           :226 : 4393689793383 us: [pid:4178064 tid: 0x7f40f11ff6c0] Handler: value(0), timestamp(0x380891f0), handle(0x7f4221bfc100)
:3:hip_device_runtime.cpp   :645 : 4393689793818 us: [pid:4178064 tid: 0x7f422aff0200] hipDeviceSynchronize: Returned hipSuccess : 
:4:command.cpp              :169 : 4393689793849 us: [pid:4178064 tid: 0x7f40f11ff6c0] Command 0x38368cd0 complete
:4:command.cpp              :163 : 4393689793872 us: [pid:4178064 tid: 0x7f40f11ff6c0] Command 0x384c9af0 complete (Wall: 4393689793870, CPU: 0, GPU: 560 us)
:3:hip_platform.cpp         :237 : 4393689793861 us: [pid:4178064 tid: 0x7f422aff0200] [32m __hipPushCallConfiguration ( {8,1,1}, {1024,1,1}, 0, stream:<null> ) [0m
:3:hip_platform.cpp         :241 : 4393689793894 us: [pid:4178064 tid: 0x7f422aff0200] __hipPushCallConfiguration: Returned hipSuccess : 
:3:hip_platform.cpp         :246 : 4393689793904 us: [pid:4178064 tid: 0x7f422aff0200] [32m __hipPopCallConfiguration ( {896886866,32578,1024}, {2118224,0,3252094336}, 0x7ffec1d702d0, 0x7ffec1d702c8 ) [0m
:3:hip_platform.cpp         :255 : 4393689793913 us: [pid:4178064 tid: 0x7f422aff0200] __hipPopCallConfiguration: Returned hipSuccess : 
:3:hip_module.cpp           :744 : 4393689793924 us: [pid:4178064 tid: 0x7f422aff0200] [32m hipLaunchKernel ( 0x200fd8, {8,1,1}, {1024,1,1}, 0x7ffec1d70280, 0, stream:<null> ) [0m
:4:command.cpp              :359 : 4393689793941 us: [pid:4178064 tid: 0x7f422aff0200] Command (KernelExecution) enqueued: 0x384c98b0
:3:rocvirtual.cpp           :762 : 4393689794485 us: [pid:4178064 tid: 0x7f422aff0200] Arg0:   = ptr:0x7f40ae000000
:3:rocvirtual.cpp           :778 : 4393689794490 us: [pid:4178064 tid: 0x7f422aff0200] Arg0:   = ptr:0x7f40ae000000 obj:[0x7f40ae000000-0x7f40b2e20000]
:3:rocvirtual.cpp           :762 : 4393689794498 us: [pid:4178064 tid: 0x7f422aff0200] Arg1:   = ptr:0x7f4207c27000
:3:rocvirtual.cpp           :778 : 4393689794502 us: [pid:4178064 tid: 0x7f422aff0200] Arg1:   = ptr:0x7f4207c27000 obj:[0x7f4207c27000-0x7f4207c37000]
:3:rocvirtual.cpp           :762 : 4393689794510 us: [pid:4178064 tid: 0x7f422aff0200] Arg2:   = ptr:0x7f40a8e00000
:3:rocvirtual.cpp           :778 : 4393689794514 us: [pid:4178064 tid: 0x7f422aff0200] Arg2:   = ptr:0x7f40a8e00000 obj:[0x7f40a8e00000-0x7f40adc20000]
:3:rocvirtual.cpp           :853 : 4393689794522 us: [pid:4178064 tid: 0x7f422aff0200] Arg3:   = val:2048
:3:rocvirtual.cpp           :762 : 4393689794527 us: [pid:4178064 tid: 0x7f422aff0200] Arg4:   = ptr:0x7f4207c00000
:3:rocvirtual.cpp           :778 : 4393689794531 us: [pid:4178064 tid: 0x7f422aff0200] Arg4:   = ptr:0x7f4207c00000 obj:[0x7f4207c00000-0x7f4207c00024]
:3:rocvirtual.cpp           :3236: 4393689794539 us: [pid:4178064 tid: 0x7f422aff0200] ShaderName : void dense_esuhm<float>(float const*, float const*, float*, int, int const*)
:3:rocvirtual.cpp           :3449: 4393689794548 us: [pid:4178064 tid: 0x7f422aff0200] KernargSegmentByteSize = 296 KernargSegmentAlignment = 128
:4:rocvirtual.cpp           :965 : 4393689794557 us: [pid:4178064 tid: 0x7f422aff0200] SWq=0x7f4221d5c000, HWq=0x7f420cc00000, id=1, Dispatch Header = 0xb02 (type=2, barrier=1, acquire=1, release=1), setup=3, grid=[8192, 1, 1], workgroup=[1024, 1, 1], private_seg_size=140, group_seg_size=0, kernel_obj=0x7f4221d21980, kernarg_address=0x7f420ca00280, completion_signal=0x0, correlation_id=0, rptr=117, wptr=117
:3:hip_module.cpp           :745 : 4393689794571 us: [pid:4178064 tid: 0x7f422aff0200] hipLaunchKernel: Returned hipSuccess : : duration: 647 us
:3:hip_device_runtime.cpp   :641 : 4393689794579 us: [pid:4178064 tid: 0x7f422aff0200] [32m hipDeviceSynchronize (  ) [0m
:4:commandqueue.cpp         :161 : 4393689794585 us: [pid:4178064 tid: 0x7f422aff0200] Marker queued to ensure finish
:4:command.cpp              :359 : 4393689794590 us: [pid:4178064 tid: 0x7f422aff0200] Command (InternalMarker) enqueued: 0x384c9af0
:3:rocvirtual.cpp           :533 : 4393689795044 us: [pid:4178064 tid: 0x7f422aff0200] Set Handler: handle(0x7f4221bfc200), timestamp(0x38089680)
:4:rocvirtual.cpp           :1147: 4393689795053 us: [pid:4178064 tid: 0x7f422aff0200] SWq=0x7f4221d5c000, HWq=0x7f420cc00000, id=1, BarrierAND Header = 0x1503 (type=3, barrier=1, acquire=2, release=2), dep_signal=[0x0, 0x0, 0x0, 0x0, 0x0], completion_signal=0x7f4221bfc200
:3:rocvirtual.cpp           :226 : 4393689795066 us: [pid:4178064 tid: 0x7f40f11ff6c0] Handler: value(0), timestamp(0x381c7210), handle(0x7f4221bfc200)
:4:command.cpp              :169 : 4393689795081 us: [pid:4178064 tid: 0x7f40f11ff6c0] Command 0x384c98b0 complete
:4:command.cpp              :163 : 4393689795090 us: [pid:4178064 tid: 0x7f40f11ff6c0] Command 0x384c9af0 complete (Wall: 4393689795088, CPU: 0, GPU: 50 us)
:4:commandqueue.cpp         :184 : 4393689795067 us: [pid:4178064 tid: 0x7f422aff0200] All commands finished
:3:hip_device_runtime.cpp   :645 : 4393689795106 us: [pid:4178064 tid: 0x7f422aff0200] hipDeviceSynchronize: Returned hipSuccess : 
:3:hip_memory.cpp           :795 : 4393689795119 us: [pid:4178064 tid: 0x7f422aff0200] [32m hipMemcpy ( 0x7f40c69df010, 0x7f40a8e00000, 81920000, hipMemcpyDeviceToHost ) [0m
:4:command.cpp              :359 : 4393689795133 us: [pid:4178064 tid: 0x7f422aff0200] Command (CopyDeviceToHost) enqueued: 0x384c98b0
:4:rocblit.cpp              :1673: 4393689795143 us: [pid:4178064 tid: 0x7f422aff0200] Unpinned read path, Async = 0
:4:rocmemory.cpp            :1018: 4393689795162 us: [pid:4178064 tid: 0x7f422aff0200] Locking to pool 0x37ca7ed0, size 0x2001000, HostPtr = 0x7f40c69df000, DevPtr = 0x7f40c69df000
:4:rocblit.cpp              :623 : 4393689795655 us: [pid:4178064 tid: 0x7f422aff0200] HSA Copy Using Pinned resource size 33554432
:4:rocblit.cpp              :687 : 4393689795663 us: [pid:4178064 tid: 0x7f422aff0200] HSA Async Copy staged D2H
:4:rocblit.cpp              :503 : 4393689795668 us: [pid:4178064 tid: 0x7f422aff0200] Last copy mask 0x0
:4:rocblit.cpp              :509 : 4393689795675 us: [pid:4178064 tid: 0x7f422aff0200] Query copy engine status 0, free_engine mask 0x1e
:4:rocblit.cpp              :520 : 4393689795683 us: [pid:4178064 tid: 0x7f422aff0200] HSA Async Copy on copy_engine=0x2, dst=0x7f40c69df010, src=0x7f40a8e00000, size=33554432, forceSDMA=0, wait_event=0x0, completion_signal=0x7f4221bfdd80
:4:rocvirtual.cpp           :622 : 4393689795693 us: [pid:4178064 tid: 0x7f422aff0200] Host wait on completion_signal=0x7f4221bfdd80
:3:rocvirtual.hpp           :56  : 4393689795701 us: [pid:4178064 tid: 0x7f422aff0200] Host active wait for Signal = (0x7f4221bfdd80) for -1 ns
:4:rocmemory.cpp            :1018: 4393689796902 us: [pid:4178064 tid: 0x7f422aff0200] Locking to pool 0x37ca7ed0, size 0x2001000, HostPtr = 0x7f40c89df000, DevPtr = 0x7f40c89df000
:4:rocblit.cpp              :623 : 4393689796914 us: [pid:4178064 tid: 0x7f422aff0200] HSA Copy Using Pinned resource size 33554432
:4:rocblit.cpp              :687 : 4393689796921 us: [pid:4178064 tid: 0x7f422aff0200] HSA Async Copy staged D2H
:4:rocblit.cpp              :503 : 4393689796926 us: [pid:4178064 tid: 0x7f422aff0200] Last copy mask 0x2
:4:rocblit.cpp              :520 : 4393689796931 us: [pid:4178064 tid: 0x7f422aff0200] HSA Async Copy on copy_engine=0x2, dst=0x7f40c89df010, src=0x7f40aae00000, size=33554432, forceSDMA=0, wait_event=0x0, completion_signal=0x7f4221bfdc80
:4:rocvirtual.cpp           :622 : 4393689796939 us: [pid:4178064 tid: 0x7f422aff0200] Host wait on completion_signal=0x7f4221bfdc80
:3:rocvirtual.hpp           :56  : 4393689796946 us: [pid:4178064 tid: 0x7f422aff0200] Host active wait for Signal = (0x7f4221bfdc80) for -1 ns
:4:rocmemory.cpp            :1018: 4393689798140 us: [pid:4178064 tid: 0x7f422aff0200] Locking to pool 0x37ca7ed0, size 0xe21000, HostPtr = 0x7f40ca9df000, DevPtr = 0x7f40ca9df000
:4:rocblit.cpp              :623 : 4393689798151 us: [pid:4178064 tid: 0x7f422aff0200] HSA Copy Using Pinned resource size 14811136
:4:rocblit.cpp              :687 : 4393689798159 us: [pid:4178064 tid: 0x7f422aff0200] HSA Async Copy staged D2H
:4:rocblit.cpp              :503 : 4393689798164 us: [pid:4178064 tid: 0x7f422aff0200] Last copy mask 0x2
:4:rocblit.cpp              :520 : 4393689798168 us: [pid:4178064 tid: 0x7f422aff0200] HSA Async Copy on copy_engine=0x2, dst=0x7f40ca9df010, src=0x7f40ace00000, size=14811136, forceSDMA=0, wait_event=0x0, completion_signal=0x7f4221bfdc00
:4:rocvirtual.cpp           :622 : 4393689798179 us: [pid:4178064 tid: 0x7f422aff0200] Host wait on completion_signal=0x7f4221bfdc00
:3:rocvirtual.hpp           :56  : 4393689798186 us: [pid:4178064 tid: 0x7f422aff0200] Host active wait for Signal = (0x7f4221bfdc00) for -1 ns
:4:commandqueue.cpp         :161 : 4393689798717 us: [pid:4178064 tid: 0x7f422aff0200] Marker queued to ensure finish
:4:command.cpp              :359 : 4393689798724 us: [pid:4178064 tid: 0x7f422aff0200] Command (InternalMarker) enqueued: 0x384c9af0
:3:rocvirtual.cpp           :533 : 4393689798736 us: [pid:4178064 tid: 0x7f422aff0200] Set Handler: handle(0x7f4221bfc080), timestamp(0x37dfa770)
:4:rocvirtual.cpp           :1147: 4393689798744 us: [pid:4178064 tid: 0x7f422aff0200] SWq=0x7f4221d5c000, HWq=0x7f420cc00000, id=1, BarrierAND Header = 0x1503 (type=3, barrier=1, acquire=2, release=2), dep_signal=[0x0, 0x0, 0x0, 0x0, 0x0], completion_signal=0x7f4221bfc080
:3:rocvirtual.hpp           :56  : 4393689798755 us: [pid:4178064 tid: 0x7f422aff0200] Host active wait for Signal = (0x7f4221bfc080) for -1 ns
:3:rocvirtual.cpp           :226 : 4393689798761 us: [pid:4178064 tid: 0x7f40f11ff6c0] Handler: value(0), timestamp(0x381c7210), handle(0x7f4221bfc080)
:4:command.cpp              :169 : 4393689798778 us: [pid:4178064 tid: 0x7f40f11ff6c0] Command 0x384c98b0 complete
:4:command.cpp              :163 : 4393689798787 us: [pid:4178064 tid: 0x7f40f11ff6c0] Command 0x384c9af0 complete (Wall: 4393689798785, CPU: 0, GPU: 53 us)
:4:commandqueue.cpp         :184 : 4393689798801 us: [pid:4178064 tid: 0x7f422aff0200] All commands finished
:3:hip_memory.cpp           :796 : 4393689798807 us: [pid:4178064 tid: 0x7f422aff0200] hipMemcpy: Returned hipSuccess : : duration: 3688 us
:3:hip_memory.cpp           :3476: 4393689798817 us: [pid:4178064 tid: 0x7f422aff0200] [32m hipMemset ( 0x7f40a8e00000, 0, 81920000 ) [0m
:4:command.cpp              :359 : 4393689798826 us: [pid:4178064 tid: 0x7f422aff0200] Command (FillBuffer) enqueued: 0x38368cd0
:3:rocvirtual.cpp           :762 : 4393689798836 us: [pid:4178064 tid: 0x7f422aff0200] Arg0: void* buf = ptr:0x7f40a8e00000
:3:rocvirtual.cpp           :778 : 4393689798841 us: [pid:4178064 tid: 0x7f422aff0200] Arg0: void* buf = ptr:0x7f40a8e00000 obj:[0x7f40a8e00000-0x7f40adc20000]
:3:rocvirtual.cpp           :762 : 4393689800910 us: [pid:4178064 tid: 0x7f422aff0200] Arg1: uchar* pattern = ptr:0x7f420ca00000
:3:rocvirtual.cpp           :853 : 4393689800920 us: [pid:4178064 tid: 0x7f422aff0200] Arg2: uint pattern_size = val:1
:3:rocvirtual.cpp           :853 : 4393689800926 us: [pid:4178064 tid: 0x7f422aff0200] Arg3: uint alignment = val:16
:3:rocvirtual.cpp           :853 : 4393689800932 us: [pid:4178064 tid: 0x7f422aff0200] Arg4: ulong end_ptr = val:139915769806848
:3:rocvirtual.cpp           :853 : 4393689800941 us: [pid:4178064 tid: 0x7f422aff0200] Arg5: uint next_chunk = val:26624
:3:rocvirtual.cpp           :3236: 4393689800947 us: [pid:4178064 tid: 0x7f422aff0200] ShaderName : __amd_rocclr_fillBufferAligned
:3:rocvirtual.cpp           :3449: 4393689800957 us: [pid:4178064 tid: 0x7f422aff0200] KernargSegmentByteSize = 296 KernargSegmentAlignment = 128
:4:rocvirtual.cpp           :965 : 4393689800968 us: [pid:4178064 tid: 0x7f422aff0200] SWq=0x7f4221d5c000, HWq=0x7f420cc00000, id=1, Dispatch Header = 0x1502 (type=2, barrier=1, acquire=2, release=2), setup=1, grid=[26624, 1, 1], workgroup=[256, 1, 1], private_seg_size=0, group_seg_size=0, kernel_obj=0x7f4221d4dd40, kernarg_address=0x7f420ca00100, completion_signal=0x0, correlation_id=0, rptr=120, wptr=120
:3:hip_memory.cpp           :3477: 4393689800986 us: [pid:4178064 tid: 0x7f422aff0200] hipMemset: Returned hipSuccess : 
:3:hip_device_runtime.cpp   :641 : 4393689800992 us: [pid:4178064 tid: 0x7f422aff0200] [32m hipDeviceSynchronize (  ) [0m
:4:commandqueue.cpp         :161 : 4393689800999 us: [pid:4178064 tid: 0x7f422aff0200] Marker queued to ensure finish
:4:command.cpp              :359 : 4393689801008 us: [pid:4178064 tid: 0x7f422aff0200] Command (InternalMarker) enqueued: 0x384c9af0
:3:rocvirtual.cpp           :533 : 4393689801023 us: [pid:4178064 tid: 0x7f422aff0200] Set Handler: handle(0x7f4221bfc000), timestamp(0x37da3c20)
:4:rocvirtual.cpp           :1147: 4393689801519 us: [pid:4178064 tid: 0x7f422aff0200] SWq=0x7f4221d5c000, HWq=0x7f420cc00000, id=1, BarrierAND Header = 0x1503 (type=3, barrier=1, acquire=2, release=2), dep_signal=[0x0, 0x0, 0x0, 0x0, 0x0], completion_signal=0x7f4221bfc000
:4:commandqueue.cpp         :184 : 4393689801529 us: [pid:4178064 tid: 0x7f422aff0200] All commands finished
:3:hip_device_runtime.cpp   :645 : 4393689801536 us: [pid:4178064 tid: 0x7f422aff0200] hipDeviceSynchronize: Returned hipSuccess : 
:3:rocvirtual.cpp           :226 : 4393689801530 us: [pid:4178064 tid: 0x7f40f11ff6c0] Handler: value(0), timestamp(0x38278620), handle(0x7f4221bfc000)
:4:command.cpp              :169 : 4393689801568 us: [pid:4178064 tid: 0x7f40f11ff6c0] Command 0x38368cd0 complete
:4:command.cpp              :163 : 4393689801580 us: [pid:4178064 tid: 0x7f40f11ff6c0] Command 0x384c9af0 complete (Wall: 4393689801578, CPU: 0, GPU: 560 us)
:3:hip_platform.cpp         :237 : 4393689801550 us: [pid:4178064 tid: 0x7f422aff0200] [32m __hipPushCallConfiguration ( {8,1,1}, {1024,1,1}, 0, stream:<null> ) [0m
:3:hip_platform.cpp         :241 : 4393689801605 us: [pid:4178064 tid: 0x7f422aff0200] __hipPushCallConfiguration: Returned hipSuccess : 
:3:hip_platform.cpp         :246 : 4393689801614 us: [pid:4178064 tid: 0x7f422aff0200] [32m __hipPopCallConfiguration ( {896886866,32578,1024}, {2118224,0,3252094336}, 0x7ffec1d702d0, 0x7ffec1d702c8 ) [0m
:3:hip_platform.cpp         :255 : 4393689801622 us: [pid:4178064 tid: 0x7f422aff0200] __hipPopCallConfiguration: Returned hipSuccess : 
:3:hip_module.cpp           :744 : 4393689801632 us: [pid:4178064 tid: 0x7f422aff0200] [32m hipLaunchKernel ( 0x200fe0, {8,1,1}, {1024,1,1}, 0x7ffec1d70280, 0, stream:<null> ) [0m
:4:command.cpp              :359 : 4393689802081 us: [pid:4178064 tid: 0x7f422aff0200] Command (KernelExecution) enqueued: 0x384c98b0
:3:rocvirtual.cpp           :762 : 4393689802089 us: [pid:4178064 tid: 0x7f422aff0200] Arg0:   = ptr:0x7f40ae000000
:3:rocvirtual.cpp           :778 : 4393689802094 us: [pid:4178064 tid: 0x7f422aff0200] Arg0:   = ptr:0x7f40ae000000 obj:[0x7f40ae000000-0x7f40b2e20000]
:3:rocvirtual.cpp           :762 : 4393689802101 us: [pid:4178064 tid: 0x7f422aff0200] Arg1:   = ptr:0x7f4207c27000
:3:rocvirtual.cpp           :778 : 4393689802106 us: [pid:4178064 tid: 0x7f422aff0200] Arg1:   = ptr:0x7f4207c27000 obj:[0x7f4207c27000-0x7f4207c37000]
:3:rocvirtual.cpp           :762 : 4393689802113 us: [pid:4178064 tid: 0x7f422aff0200] Arg2:   = ptr:0x7f40a8e00000
:3:rocvirtual.cpp           :778 : 4393689802118 us: [pid:4178064 tid: 0x7f422aff0200] Arg2:   = ptr:0x7f40a8e00000 obj:[0x7f40a8e00000-0x7f40adc20000]
:3:rocvirtual.cpp           :853 : 4393689802126 us: [pid:4178064 tid: 0x7f422aff0200] Arg3:   = val:2048
:3:rocvirtual.cpp           :762 : 4393689802130 us: [pid:4178064 tid: 0x7f422aff0200] Arg4:   = ptr:0x7f4207c00000
:3:rocvirtual.cpp           :778 : 4393689802135 us: [pid:4178064 tid: 0x7f422aff0200] Arg4:   = ptr:0x7f4207c00000 obj:[0x7f4207c00000-0x7f4207c00024]
:3:rocvirtual.cpp           :3236: 4393689802143 us: [pid:4178064 tid: 0x7f422aff0200] ShaderName : void dense_esuhm2<float>(float const*, float const*, float*, int, int const*)
:3:rocvirtual.cpp           :3449: 4393689802151 us: [pid:4178064 tid: 0x7f422aff0200] KernargSegmentByteSize = 296 KernargSegmentAlignment = 128
:4:rocvirtual.cpp           :965 : 4393689802160 us: [pid:4178064 tid: 0x7f422aff0200] SWq=0x7f4221d5c000, HWq=0x7f420cc00000, id=1, Dispatch Header = 0xb02 (type=2, barrier=1, acquire=1, release=1), setup=3, grid=[8192, 1, 1], workgroup=[1024, 1, 1], private_seg_size=140, group_seg_size=0, kernel_obj=0x7f4221d219c0, kernarg_address=0x7f420ca00280, completion_signal=0x0, correlation_id=0, rptr=122, wptr=122
:3:hip_module.cpp           :745 : 4393689802178 us: [pid:4178064 tid: 0x7f422aff0200] hipLaunchKernel: Returned hipSuccess : : duration: 546 us
:3:hip_device_runtime.cpp   :641 : 4393689802186 us: [pid:4178064 tid: 0x7f422aff0200] [32m hipDeviceSynchronize (  ) [0m
:4:commandqueue.cpp         :161 : 4393689802192 us: [pid:4178064 tid: 0x7f422aff0200] Marker queued to ensure finish
:4:command.cpp              :359 : 4393689802197 us: [pid:4178064 tid: 0x7f422aff0200] Command (InternalMarker) enqueued: 0x384c9af0
:3:rocvirtual.cpp           :533 : 4393689802208 us: [pid:4178064 tid: 0x7f422aff0200] Set Handler: handle(0x7f4221bfc280), timestamp(0x37dfa400)
:4:rocvirtual.cpp           :1147: 4393689802216 us: [pid:4178064 tid: 0x7f422aff0200] SWq=0x7f4221d5c000, HWq=0x7f420cc00000, id=1, BarrierAND Header = 0x1503 (type=3, barrier=1, acquire=2, release=2), dep_signal=[0x0, 0x0, 0x0, 0x0, 0x0], completion_signal=0x7f4221bfc280
:3:rocvirtual.hpp           :56  : 4393689802227 us: [pid:4178064 tid: 0x7f422aff0200] Host active wait for Signal = (0x7f4221bfc280) for -1 ns
:4:commandqueue.cpp         :184 : 4393689802244 us: [pid:4178064 tid: 0x7f422aff0200] All commands finished
:3:rocvirtual.cpp           :226 : 4393689802248 us: [pid:4178064 tid: 0x7f40f11ff6c0] Handler: value(0), timestamp(0x37dfa8a0), handle(0x7f4221bfc280)
:4:command.cpp              :169 : 4393689802263 us: [pid:4178064 tid: 0x7f40f11ff6c0] Command 0x384c98b0 complete
:3:hip_device_runtime.cpp   :645 : 4393689802249 us: [pid:4178064 tid: 0x7f422aff0200] hipDeviceSynchronize: Returned hipSuccess : 
:4:command.cpp              :163 : 4393689802273 us: [pid:4178064 tid: 0x7f40f11ff6c0] Command 0x384c9af0 complete (Wall: 4393689802271, CPU: 0, GPU: 67 us)
:3:hip_memory.cpp           :795 : 4393689802285 us: [pid:4178064 tid: 0x7f422aff0200] [32m hipMemcpy ( 0x7f40c1bbe010, 0x7f40a8e00000, 81920000, hipMemcpyDeviceToHost ) [0m
:4:command.cpp              :359 : 4393689802313 us: [pid:4178064 tid: 0x7f422aff0200] Command (CopyDeviceToHost) enqueued: 0x384c98b0
:4:rocblit.cpp              :1673: 4393689802322 us: [pid:4178064 tid: 0x7f422aff0200] Unpinned read path, Async = 0
:4:rocmemory.cpp            :1018: 4393689802334 us: [pid:4178064 tid: 0x7f422aff0200] Locking to pool 0x37ca7ed0, size 0x2001000, HostPtr = 0x7f40c1bbe000, DevPtr = 0x7f40c1bbe000
:4:rocblit.cpp              :623 : 4393689802342 us: [pid:4178064 tid: 0x7f422aff0200] HSA Copy Using Pinned resource size 33554432
:4:rocblit.cpp              :687 : 4393689802349 us: [pid:4178064 tid: 0x7f422aff0200] HSA Async Copy staged D2H
:4:rocblit.cpp              :503 : 4393689802355 us: [pid:4178064 tid: 0x7f422aff0200] Last copy mask 0x0
:4:rocblit.cpp              :509 : 4393689802360 us: [pid:4178064 tid: 0x7f422aff0200] Query copy engine status 0, free_engine mask 0x1e
:4:rocblit.cpp              :520 : 4393689802368 us: [pid:4178064 tid: 0x7f422aff0200] HSA Async Copy on copy_engine=0x2, dst=0x7f40c1bbe010, src=0x7f40a8e00000, size=33554432, forceSDMA=0, wait_event=0x0, completion_signal=0x7f4221bfda80
:4:rocvirtual.cpp           :622 : 4393689802377 us: [pid:4178064 tid: 0x7f422aff0200] Host wait on completion_signal=0x7f4221bfda80
:3:rocvirtual.hpp           :56  : 4393689802385 us: [pid:4178064 tid: 0x7f422aff0200] Host active wait for Signal = (0x7f4221bfda80) for -1 ns
:4:rocmemory.cpp            :1018: 4393689803719 us: [pid:4178064 tid: 0x7f422aff0200] Locking to pool 0x37ca7ed0, size 0x2001000, HostPtr = 0x7f40c3bbe000, DevPtr = 0x7f40c3bbe000
:4:rocblit.cpp              :623 : 4393689803729 us: [pid:4178064 tid: 0x7f422aff0200] HSA Copy Using Pinned resource size 33554432
:4:rocblit.cpp              :687 : 4393689803736 us: [pid:4178064 tid: 0x7f422aff0200] HSA Async Copy staged D2H
:4:rocblit.cpp              :503 : 4393689803741 us: [pid:4178064 tid: 0x7f422aff0200] Last copy mask 0x2
:4:rocblit.cpp              :520 : 4393689803746 us: [pid:4178064 tid: 0x7f422aff0200] HSA Async Copy on copy_engine=0x2, dst=0x7f40c3bbe010, src=0x7f40aae00000, size=33554432, forceSDMA=0, wait_event=0x0, completion_signal=0x7f4221bfdb80
:4:rocvirtual.cpp           :622 : 4393689803757 us: [pid:4178064 tid: 0x7f422aff0200] Host wait on completion_signal=0x7f4221bfdb80
:3:rocvirtual.hpp           :56  : 4393689803765 us: [pid:4178064 tid: 0x7f422aff0200] Host active wait for Signal = (0x7f4221bfdb80) for -1 ns
:4:rocmemory.cpp            :1018: 4393689804990 us: [pid:4178064 tid: 0x7f422aff0200] Locking to pool 0x37ca7ed0, size 0xe21000, HostPtr = 0x7f40c5bbe000, DevPtr = 0x7f40c5bbe000
:4:rocblit.cpp              :623 : 4393689805001 us: [pid:4178064 tid: 0x7f422aff0200] HSA Copy Using Pinned resource size 14811136
:4:rocblit.cpp              :687 : 4393689805008 us: [pid:4178064 tid: 0x7f422aff0200] HSA Async Copy staged D2H
:4:rocblit.cpp              :503 : 4393689805013 us: [pid:4178064 tid: 0x7f422aff0200] Last copy mask 0x2
:4:rocblit.cpp              :520 : 4393689805018 us: [pid:4178064 tid: 0x7f422aff0200] HSA Async Copy on copy_engine=0x2, dst=0x7f40c5bbe010, src=0x7f40ace00000, size=14811136, forceSDMA=0, wait_event=0x0, completion_signal=0x7f4221bfe200
:4:rocvirtual.cpp           :622 : 4393689805026 us: [pid:4178064 tid: 0x7f422aff0200] Host wait on completion_signal=0x7f4221bfe200
:3:rocvirtual.hpp           :56  : 4393689805033 us: [pid:4178064 tid: 0x7f422aff0200] Host active wait for Signal = (0x7f4221bfe200) for -1 ns
:4:commandqueue.cpp         :161 : 4393689805683 us: [pid:4178064 tid: 0x7f422aff0200] Marker queued to ensure finish
:4:command.cpp              :359 : 4393689805692 us: [pid:4178064 tid: 0x7f422aff0200] Command (InternalMarker) enqueued: 0x384c9af0
:3:rocvirtual.cpp           :533 : 4393689805715 us: [pid:4178064 tid: 0x7f422aff0200] Set Handler: handle(0x7f4221bfbe00), timestamp(0x384c93e0)
:4:rocvirtual.cpp           :1147: 4393689805729 us: [pid:4178064 tid: 0x7f422aff0200] SWq=0x7f4221d5c000, HWq=0x7f420cc00000, id=1, BarrierAND Header = 0x1503 (type=3, barrier=1, acquire=2, release=2), dep_signal=[0x0, 0x0, 0x0, 0x0, 0x0], completion_signal=0x7f4221bfbe00
:4:commandqueue.cpp         :184 : 4393689805748 us: [pid:4178064 tid: 0x7f422aff0200] All commands finished
:3:hip_memory.cpp           :796 : 4393689805753 us: [pid:4178064 tid: 0x7f422aff0200] hipMemcpy: Returned hipSuccess : : duration: 3468 us
:3:rocvirtual.cpp           :226 : 4393689805753 us: [pid:4178064 tid: 0x7f40f11ff6c0] Handler: value(0), timestamp(0x37dfaa40), handle(0x7f4221bfbe00)
:3:hip_memory.cpp           :3476: 4393689805765 us: [pid:4178064 tid: 0x7f422aff0200] [32m hipMemset ( 0x7f40a8e00000, 0, 81920000 ) [0m
:4:command.cpp              :169 : 4393689805787 us: [pid:4178064 tid: 0x7f40f11ff6c0] Command 0x384c98b0 complete
:4:command.cpp              :359 : 4393689805798 us: [pid:4178064 tid: 0x7f422aff0200] Command (FillBuffer) enqueued: 0x38368cd0
:3:rocvirtual.cpp           :762 : 4393689805818 us: [pid:4178064 tid: 0x7f422aff0200] Arg0: void* buf = ptr:0x7f40a8e00000
:4:command.cpp              :163 : 4393689805806 us: [pid:4178064 tid: 0x7f40f11ff6c0] Command 0x384c9af0 complete (Wall: 4393689805805, CPU: 0, GPU: 96 us)
:3:rocvirtual.cpp           :778 : 4393689805823 us: [pid:4178064 tid: 0x7f422aff0200] Arg0: void* buf = ptr:0x7f40a8e00000 obj:[0x7f40a8e00000-0x7f40adc20000]
:3:rocvirtual.cpp           :762 : 4393689805853 us: [pid:4178064 tid: 0x7f422aff0200] Arg1: uchar* pattern = ptr:0x7f420ca00000
:3:rocvirtual.cpp           :853 : 4393689806333 us: [pid:4178064 tid: 0x7f422aff0200] Arg2: uint pattern_size = val:1
:3:rocvirtual.cpp           :853 : 4393689806338 us: [pid:4178064 tid: 0x7f422aff0200] Arg3: uint alignment = val:16
:3:rocvirtual.cpp           :853 : 4393689806343 us: [pid:4178064 tid: 0x7f422aff0200] Arg4: ulong end_ptr = val:139915769806848
:3:rocvirtual.cpp           :853 : 4393689806350 us: [pid:4178064 tid: 0x7f422aff0200] Arg5: uint next_chunk = val:26624
:3:rocvirtual.cpp           :3236: 4393689806355 us: [pid:4178064 tid: 0x7f422aff0200] ShaderName : __amd_rocclr_fillBufferAligned
:3:rocvirtual.cpp           :3449: 4393689806362 us: [pid:4178064 tid: 0x7f422aff0200] KernargSegmentByteSize = 296 KernargSegmentAlignment = 128
:4:rocvirtual.cpp           :965 : 4393689806375 us: [pid:4178064 tid: 0x7f422aff0200] SWq=0x7f4221d5c000, HWq=0x7f420cc00000, id=1, Dispatch Header = 0x1502 (type=2, barrier=1, acquire=2, release=2), setup=1, grid=[26624, 1, 1], workgroup=[256, 1, 1], private_seg_size=0, group_seg_size=0, kernel_obj=0x7f4221d4dd40, kernarg_address=0x7f420ca00100, completion_signal=0x0, correlation_id=0, rptr=125, wptr=125
:3:hip_memory.cpp           :3477: 4393689806390 us: [pid:4178064 tid: 0x7f422aff0200] hipMemset: Returned hipSuccess : 
:3:hip_device_runtime.cpp   :641 : 4393689806395 us: [pid:4178064 tid: 0x7f422aff0200] [32m hipDeviceSynchronize (  ) [0m
:4:commandqueue.cpp         :161 : 4393689806400 us: [pid:4178064 tid: 0x7f422aff0200] Marker queued to ensure finish
:4:command.cpp              :359 : 4393689806404 us: [pid:4178064 tid: 0x7f422aff0200] Command (InternalMarker) enqueued: 0x384c9af0
:3:rocvirtual.cpp           :533 : 4393689806415 us: [pid:4178064 tid: 0x7f422aff0200] Set Handler: handle(0x7f4221bfbe80), timestamp(0x38089190)
:4:rocvirtual.cpp           :1147: 4393689806423 us: [pid:4178064 tid: 0x7f422aff0200] SWq=0x7f4221d5c000, HWq=0x7f420cc00000, id=1, BarrierAND Header = 0x1503 (type=3, barrier=1, acquire=2, release=2), dep_signal=[0x0, 0x0, 0x0, 0x0, 0x0], completion_signal=0x7f4221bfbe80
:3:rocvirtual.hpp           :56  : 4393689806433 us: [pid:4178064 tid: 0x7f422aff0200] Host active wait for Signal = (0x7f4221bfbe80) for -1 ns
:4:commandqueue.cpp         :184 : 4393689806880 us: [pid:4178064 tid: 0x7f422aff0200] All commands finished
:3:hip_device_runtime.cpp   :645 : 4393689806887 us: [pid:4178064 tid: 0x7f422aff0200] hipDeviceSynchronize: Returned hipSuccess : 
:3:hip_platform.cpp         :237 : 4393689806898 us: [pid:4178064 tid: 0x7f422aff0200] [32m __hipPushCallConfiguration ( {8,1,1}, {1024,1,1}, 0, stream:<null> ) [0m
:3:hip_platform.cpp         :241 : 4393689806907 us: [pid:4178064 tid: 0x7f422aff0200] __hipPushCallConfiguration: Returned hipSuccess : 
:3:rocvirtual.cpp           :226 : 4393689806467 us: [pid:4178064 tid: 0x7f40f11ff6c0] Handler: value(0), timestamp(0x384c9420), handle(0x7f4221bfbe80)
:4:command.cpp              :169 : 4393689806926 us: [pid:4178064 tid: 0x7f40f11ff6c0] Command 0x38368cd0 complete
:4:command.cpp              :163 : 4393689806932 us: [pid:4178064 tid: 0x7f40f11ff6c0] Command 0x384c9af0 complete (Wall: 4393689806931, CPU: 0, GPU: 519 us)
:3:hip_platform.cpp         :246 : 4393689806917 us: [pid:4178064 tid: 0x7f422aff0200] [32m __hipPopCallConfiguration ( {896886866,32578,1024}, {2118224,0,3252094336}, 0x7ffec1d702d0, 0x7ffec1d702c8 ) [0m
:3:hip_platform.cpp         :255 : 4393689806951 us: [pid:4178064 tid: 0x7f422aff0200] __hipPopCallConfiguration: Returned hipSuccess : 
:3:hip_module.cpp           :744 : 4393689806961 us: [pid:4178064 tid: 0x7f422aff0200] [32m hipLaunchKernel ( 0x200fe8, {8,1,1}, {1024,1,1}, 0x7ffec1d70280, 0, stream:<null> ) [0m
:4:command.cpp              :359 : 4393689806973 us: [pid:4178064 tid: 0x7f422aff0200] Command (KernelExecution) enqueued: 0x384c98b0
:3:rocvirtual.cpp           :762 : 4393689807449 us: [pid:4178064 tid: 0x7f422aff0200] Arg0:   = ptr:0x7f40ae000000
:3:rocvirtual.cpp           :778 : 4393689807454 us: [pid:4178064 tid: 0x7f422aff0200] Arg0:   = ptr:0x7f40ae000000 obj:[0x7f40ae000000-0x7f40b2e20000]
:3:rocvirtual.cpp           :762 : 4393689807462 us: [pid:4178064 tid: 0x7f422aff0200] Arg1:   = ptr:0x7f4207c27000
:3:rocvirtual.cpp           :778 : 4393689807467 us: [pid:4178064 tid: 0x7f422aff0200] Arg1:   = ptr:0x7f4207c27000 obj:[0x7f4207c27000-0x7f4207c37000]
:3:rocvirtual.cpp           :762 : 4393689807474 us: [pid:4178064 tid: 0x7f422aff0200] Arg2:   = ptr:0x7f40a8e00000
:3:rocvirtual.cpp           :778 : 4393689807478 us: [pid:4178064 tid: 0x7f422aff0200] Arg2:   = ptr:0x7f40a8e00000 obj:[0x7f40a8e00000-0x7f40adc20000]
:3:rocvirtual.cpp           :853 : 4393689807486 us: [pid:4178064 tid: 0x7f422aff0200] Arg3:   = val:2048
:3:rocvirtual.cpp           :762 : 4393689807490 us: [pid:4178064 tid: 0x7f422aff0200] Arg4:   = ptr:0x7f4207c00000
:3:rocvirtual.cpp           :778 : 4393689807498 us: [pid:4178064 tid: 0x7f422aff0200] Arg4:   = ptr:0x7f4207c00000 obj:[0x7f4207c00000-0x7f4207c00024]
:3:rocvirtual.cpp           :3236: 4393689807506 us: [pid:4178064 tid: 0x7f422aff0200] ShaderName : void dense_esuhm3<float>(float const*, float const*, float*, int, int const*)
:3:rocvirtual.cpp           :3449: 4393689807514 us: [pid:4178064 tid: 0x7f422aff0200] KernargSegmentByteSize = 296 KernargSegmentAlignment = 128
:4:rocvirtual.cpp           :965 : 4393689807523 us: [pid:4178064 tid: 0x7f422aff0200] SWq=0x7f4221d5c000, HWq=0x7f420cc00000, id=1, Dispatch Header = 0xb02 (type=2, barrier=1, acquire=1, release=1), setup=3, grid=[8192, 1, 1], workgroup=[1024, 1, 1], private_seg_size=140, group_seg_size=0, kernel_obj=0x7f4221d21a00, kernarg_address=0x7f420ca00280, completion_signal=0x0, correlation_id=0, rptr=127, wptr=127
:3:hip_module.cpp           :745 : 4393689807537 us: [pid:4178064 tid: 0x7f422aff0200] hipLaunchKernel: Returned hipSuccess : : duration: 576 us
:3:hip_device_runtime.cpp   :641 : 4393689807545 us: [pid:4178064 tid: 0x7f422aff0200] [32m hipDeviceSynchronize (  ) [0m
:4:commandqueue.cpp         :161 : 4393689807550 us: [pid:4178064 tid: 0x7f422aff0200] Marker queued to ensure finish
:4:command.cpp              :359 : 4393689807555 us: [pid:4178064 tid: 0x7f422aff0200] Command (InternalMarker) enqueued: 0x384c9af0
:3:rocvirtual.cpp           :533 : 4393689807970 us: [pid:4178064 tid: 0x7f422aff0200] Set Handler: handle(0x7f4221bfbf00), timestamp(0x384c94d0)
:4:rocvirtual.cpp           :1147: 4393689807978 us: [pid:4178064 tid: 0x7f422aff0200] SWq=0x7f4221d5c000, HWq=0x7f420cc00000, id=1, BarrierAND Header = 0x1503 (type=3, barrier=1, acquire=2, release=2), dep_signal=[0x0, 0x0, 0x0, 0x0, 0x0], completion_signal=0x7f4221bfbf00
:3:rocvirtual.hpp           :56  : 4393689807989 us: [pid:4178064 tid: 0x7f422aff0200] Host active wait for Signal = (0x7f4221bfbf00) for -1 ns
:4:commandqueue.cpp         :184 : 4393689807997 us: [pid:4178064 tid: 0x7f422aff0200] All commands finished
:3:hip_device_runtime.cpp   :645 : 4393689808011 us: [pid:4178064 tid: 0x7f422aff0200] hipDeviceSynchronize: Returned hipSuccess : 
:3:hip_memory.cpp           :795 : 4393689808023 us: [pid:4178064 tid: 0x7f422aff0200] [32m hipMemcpy ( 0x7f40bcd9d010, 0x7f40a8e00000, 81920000, hipMemcpyDeviceToHost ) [0m
:3:rocvirtual.cpp           :226 : 4393689807991 us: [pid:4178064 tid: 0x7f40f11ff6c0] Handler: value(0), timestamp(0x37da7b30), handle(0x7f4221bfbf00)
:4:command.cpp              :169 : 4393689808044 us: [pid:4178064 tid: 0x7f40f11ff6c0] Command 0x384c98b0 complete
:4:command.cpp              :163 : 4393689808049 us: [pid:4178064 tid: 0x7f40f11ff6c0] Command 0x384c9af0 complete (Wall: 4393689808048, CPU: 0, GPU: 82 us)
:4:command.cpp              :359 : 4393689808035 us: [pid:4178064 tid: 0x7f422aff0200] Command (CopyDeviceToHost) enqueued: 0x38368cd0
:4:rocblit.cpp              :1673: 4393689808073 us: [pid:4178064 tid: 0x7f422aff0200] Unpinned read path, Async = 0
:4:rocmemory.cpp            :1018: 4393689808084 us: [pid:4178064 tid: 0x7f422aff0200] Locking to pool 0x37ca7ed0, size 0x2001000, HostPtr = 0x7f40bcd9d000, DevPtr = 0x7f40bcd9d000
:4:rocblit.cpp              :623 : 4393689808468 us: [pid:4178064 tid: 0x7f422aff0200] HSA Copy Using Pinned resource size 33554432
:4:rocblit.cpp              :687 : 4393689808476 us: [pid:4178064 tid: 0x7f422aff0200] HSA Async Copy staged D2H
:4:rocblit.cpp              :503 : 4393689808481 us: [pid:4178064 tid: 0x7f422aff0200] Last copy mask 0x0
:4:rocblit.cpp              :509 : 4393689808486 us: [pid:4178064 tid: 0x7f422aff0200] Query copy engine status 0, free_engine mask 0x1e
:4:rocblit.cpp              :520 : 4393689808494 us: [pid:4178064 tid: 0x7f422aff0200] HSA Async Copy on copy_engine=0x2, dst=0x7f40bcd9d010, src=0x7f40a8e00000, size=33554432, forceSDMA=0, wait_event=0x0, completion_signal=0x7f4221bfd880
:4:rocvirtual.cpp           :622 : 4393689808502 us: [pid:4178064 tid: 0x7f422aff0200] Host wait on completion_signal=0x7f4221bfd880
:3:rocvirtual.hpp           :56  : 4393689808517 us: [pid:4178064 tid: 0x7f422aff0200] Host active wait for Signal = (0x7f4221bfd880) for -1 ns
:4:rocmemory.cpp            :1018: 4393689809721 us: [pid:4178064 tid: 0x7f422aff0200] Locking to pool 0x37ca7ed0, size 0x2001000, HostPtr = 0x7f40bed9d000, DevPtr = 0x7f40bed9d000
:4:rocblit.cpp              :623 : 4393689809731 us: [pid:4178064 tid: 0x7f422aff0200] HSA Copy Using Pinned resource size 33554432
:4:rocblit.cpp              :687 : 4393689809738 us: [pid:4178064 tid: 0x7f422aff0200] HSA Async Copy staged D2H
:4:rocblit.cpp              :503 : 4393689809743 us: [pid:4178064 tid: 0x7f422aff0200] Last copy mask 0x2
:4:rocblit.cpp              :520 : 4393689809748 us: [pid:4178064 tid: 0x7f422aff0200] HSA Async Copy on copy_engine=0x2, dst=0x7f40bed9d010, src=0x7f40aae00000, size=33554432, forceSDMA=0, wait_event=0x0, completion_signal=0x7f4221bff780
:4:rocvirtual.cpp           :622 : 4393689809756 us: [pid:4178064 tid: 0x7f422aff0200] Host wait on completion_signal=0x7f4221bff780
:3:rocvirtual.hpp           :56  : 4393689809763 us: [pid:4178064 tid: 0x7f422aff0200] Host active wait for Signal = (0x7f4221bff780) for -1 ns
:4:rocmemory.cpp            :1018: 4393689811134 us: [pid:4178064 tid: 0x7f422aff0200] Locking to pool 0x37ca7ed0, size 0xe21000, HostPtr = 0x7f40c0d9d000, DevPtr = 0x7f40c0d9d000
:4:rocblit.cpp              :623 : 4393689811145 us: [pid:4178064 tid: 0x7f422aff0200] HSA Copy Using Pinned resource size 14811136
:4:rocblit.cpp              :687 : 4393689811152 us: [pid:4178064 tid: 0x7f422aff0200] HSA Async Copy staged D2H
:4:rocblit.cpp              :503 : 4393689811157 us: [pid:4178064 tid: 0x7f422aff0200] Last copy mask 0x2
:4:rocblit.cpp              :520 : 4393689811161 us: [pid:4178064 tid: 0x7f422aff0200] HSA Async Copy on copy_engine=0x2, dst=0x7f40c0d9d010, src=0x7f40ace00000, size=14811136, forceSDMA=0, wait_event=0x0, completion_signal=0x7f4221bff800
:4:rocvirtual.cpp           :622 : 4393689811169 us: [pid:4178064 tid: 0x7f422aff0200] Host wait on completion_signal=0x7f4221bff800
:3:rocvirtual.hpp           :56  : 4393689811177 us: [pid:4178064 tid: 0x7f422aff0200] Host active wait for Signal = (0x7f4221bff800) for -1 ns
:4:commandqueue.cpp         :161 : 4393689811703 us: [pid:4178064 tid: 0x7f422aff0200] Marker queued to ensure finish
:4:command.cpp              :359 : 4393689811709 us: [pid:4178064 tid: 0x7f422aff0200] Command (InternalMarker) enqueued: 0x384c9af0
:3:rocvirtual.cpp           :533 : 4393689811720 us: [pid:4178064 tid: 0x7f422aff0200] Set Handler: handle(0x7f4221bfd700), timestamp(0x38366250)
:4:rocvirtual.cpp           :1147: 4393689811729 us: [pid:4178064 tid: 0x7f422aff0200] SWq=0x7f4221d5c000, HWq=0x7f420cc00000, id=1, BarrierAND Header = 0x1503 (type=3, barrier=1, acquire=2, release=2), dep_signal=[0x0, 0x0, 0x0, 0x0, 0x0], completion_signal=0x7f4221bfd700
:3:rocvirtual.hpp           :56  : 4393689811740 us: [pid:4178064 tid: 0x7f422aff0200] Host active wait for Signal = (0x7f4221bfd700) for -1 ns
:4:commandqueue.cpp         :184 : 4393689811748 us: [pid:4178064 tid: 0x7f422aff0200] All commands finished
:3:hip_memory.cpp           :796 : 4393689811754 us: [pid:4178064 tid: 0x7f422aff0200] hipMemcpy: Returned hipSuccess : : duration: 3731 us
:3:rocvirtual.cpp           :226 : 4393689811742 us: [pid:4178064 tid: 0x7f40f11ff6c0] Handler: value(0), timestamp(0x37da7b30), handle(0x7f4221bfd700)
:4:command.cpp              :169 : 4393689812216 us: [pid:4178064 tid: 0x7f40f11ff6c0] Command 0x38368cd0 complete
:4:command.cpp              :163 : 4393689812223 us: [pid:4178064 tid: 0x7f40f11ff6c0] Command 0x384c9af0 complete (Wall: 4393689812222, CPU: 0, GPU: 506 us)
:3:hip_memory.cpp           :772 : 4393690017761 us: [pid:4178064 tid: 0x7f422aff0200] [32m hipFree ( 0x7f40ae000000 ) [0m
:4:commandqueue.cpp         :167 : 4393690017786 us: [pid:4178064 tid: 0x7f422aff0200] HW Event not ready, awaiting completion instead
:4:commandqueue.cpp         :184 : 4393690017820 us: [pid:4178064 tid: 0x7f422aff0200] All commands finished
:4:rocdevice.cpp            :2388: 4393690017914 us: [pid:4178064 tid: 0x7f422aff0200] Free hsa memory 0x7f40ae000000
:3:rocdevice.cpp            :2411: 4393690017921 us: [pid:4178064 tid: 0x7f422aff0200] Device=0x37da1500, freeMem_ = 0xffa1cffdc
:3:hip_memory.cpp           :774 : 4393690017931 us: [pid:4178064 tid: 0x7f422aff0200] hipFree: Returned hipSuccess : 
:3:hip_memory.cpp           :772 : 4393690018526 us: [pid:4178064 tid: 0x7f422aff0200] [32m hipFree ( 0x7f4207c27000 ) [0m
:4:rocdevice.cpp            :2388: 4393690018536 us: [pid:4178064 tid: 0x7f422aff0200] Free hsa memory 0x7f4207c27000
:3:rocdevice.cpp            :2411: 4393690018541 us: [pid:4178064 tid: 0x7f422aff0200] Device=0x37da1500, freeMem_ = 0xffa1dffdc
:3:hip_memory.cpp           :774 : 4393690018549 us: [pid:4178064 tid: 0x7f422aff0200] hipFree: Returned hipSuccess : 
:3:hip_memory.cpp           :772 : 4393690018554 us: [pid:4178064 tid: 0x7f422aff0200] [32m hipFree ( 0x7f40a8e00000 ) [0m
:4:rocdevice.cpp            :2388: 4393690018604 us: [pid:4178064 tid: 0x7f422aff0200] Free hsa memory 0x7f40a8e00000
:3:rocdevice.cpp            :2411: 4393690018612 us: [pid:4178064 tid: 0x7f422aff0200] Device=0x37da1500, freeMem_ = 0xffeffffdc
:3:hip_memory.cpp           :774 : 4393690018620 us: [pid:4178064 tid: 0x7f422aff0200] hipFree: Returned hipSuccess : 
:3:hip_memory.cpp           :772 : 4393690018625 us: [pid:4178064 tid: 0x7f422aff0200] [32m hipFree ( 0x7f4207c00000 ) [0m
:4:rocdevice.cpp            :2388: 4393690018632 us: [pid:4178064 tid: 0x7f422aff0200] Free hsa memory 0x7f4207c00000
:3:rocdevice.cpp            :2411: 4393690019055 us: [pid:4178064 tid: 0x7f422aff0200] Device=0x37da1500, freeMem_ = 0xfff000000
:3:hip_memory.cpp           :774 : 4393690019064 us: [pid:4178064 tid: 0x7f422aff0200] hipFree: Returned hipSuccess : 
:3:hip_memory.cpp           :756 : 4393710318581 us: [pid:4178064 tid: 0x7f422aff0200] [32m hipMalloc ( 0x7ffec1d704b0, 491520000 ) [0m
:4:rocdevice.cpp            :2371: 4393710318777 us: [pid:4178064 tid: 0x7f422aff0200] Allocate hsa device memory 0x7f4008200000, size 0x1d4c0000, hsa_mem_flags 0x0h
:3:rocdevice.cpp            :2411: 4393710329309 us: [pid:4178064 tid: 0x7f422aff0200] Device=0x37da1500, freeMem_ = 0xfe1b40000
:3:hip_memory.cpp           :758 : 4393710329325 us: [pid:4178064 tid: 0x7f422aff0200] hipMalloc: Returned hipSuccess : 0x7f4008200000: duration: 10744 us
:3:hip_memory.cpp           :795 : 4393710329338 us: [pid:4178064 tid: 0x7f422aff0200] [32m hipMemcpy ( 0x7f4008200000, 0x7f409ab3f010, 491520000, hipMemcpyHostToDevice ) [0m
:4:command.cpp              :359 : 4393710329356 us: [pid:4178064 tid: 0x7f422aff0200] Command (CopyHostToDevice) enqueued: 0x384c98b0
:4:rocblit.cpp              :1803: 4393710329366 us: [pid:4178064 tid: 0x7f422aff0200] Unpinned write path, Async = 0
:4:rocmemory.cpp            :1018: 4393710330231 us: [pid:4178064 tid: 0x7f422aff0200] Locking to pool 0x37ca7ed0, size 0x2001000, HostPtr = 0x7f409ab3f000, DevPtr = 0x7f409ab3f000
:4:rocblit.cpp              :623 : 4393710342534 us: [pid:4178064 tid: 0x7f422aff0200] HSA Copy Using Pinned resource size 33554432
:4:rocblit.cpp              :680 : 4393710342543 us: [pid:4178064 tid: 0x7f422aff0200] HSA Async Copy staged H2D
:4:rocblit.cpp              :503 : 4393710342552 us: [pid:4178064 tid: 0x7f422aff0200] Last copy mask 0x0
:4:rocblit.cpp              :509 : 4393710342561 us: [pid:4178064 tid: 0x7f422aff0200] Query copy engine status 0, free_engine mask 0x1f
:4:rocblit.cpp              :520 : 4393710342569 us: [pid:4178064 tid: 0x7f422aff0200] HSA Async Copy on copy_engine=0x1, dst=0x7f4008200000, src=0x7f409ab3f010, size=33554432, forceSDMA=0, wait_event=0x0, completion_signal=0x7f4221bff680
:4:rocvirtual.cpp           :622 : 4393710342581 us: [pid:4178064 tid: 0x7f422aff0200] Host wait on completion_signal=0x7f4221bff680
:3:rocvirtual.hpp           :56  : 4393710342589 us: [pid:4178064 tid: 0x7f422aff0200] Host active wait for Signal = (0x7f4221bff680) for -1 ns
:4:rocmemory.cpp            :1018: 4393710344715 us: [pid:4178064 tid: 0x7f422aff0200] Locking to pool 0x37ca7ed0, size 0x2001000, HostPtr = 0x7f409cb3f000, DevPtr = 0x7f409cb3f000
:4:rocblit.cpp              :623 : 4393710356561 us: [pid:4178064 tid: 0x7f422aff0200] HSA Copy Using Pinned resource size 33554432
:4:rocblit.cpp              :680 : 4393710356573 us: [pid:4178064 tid: 0x7f422aff0200] HSA Async Copy staged H2D
:4:rocblit.cpp              :503 : 4393710356583 us: [pid:4178064 tid: 0x7f422aff0200] Last copy mask 0x1
:4:rocblit.cpp              :520 : 4393710356589 us: [pid:4178064 tid: 0x7f422aff0200] HSA Async Copy on copy_engine=0x1, dst=0x7f400a200000, src=0x7f409cb3f010, size=33554432, forceSDMA=0, wait_event=0x0, completion_signal=0x7f4221bff480
:4:rocvirtual.cpp           :622 : 4393710356605 us: [pid:4178064 tid: 0x7f422aff0200] Host wait on completion_signal=0x7f4221bff480
:4:rocmemory.cpp            :1018: 4393710370735 us: [pid:4178064 tid: 0x7f422aff0200] Locking to pool 0x37ca7ed0, size 0x2001000, HostPtr = 0x7f409eb3f000, DevPtr = 0x7f409eb3f000
:4:rocblit.cpp              :623 : 4393710383202 us: [pid:4178064 tid: 0x7f422aff0200] HSA Copy Using Pinned resource size 33554432
:4:rocblit.cpp              :680 : 4393710383213 us: [pid:4178064 tid: 0x7f422aff0200] HSA Async Copy staged H2D
:4:rocblit.cpp              :503 : 4393710383223 us: [pid:4178064 tid: 0x7f422aff0200] Last copy mask 0x1
:4:rocblit.cpp              :520 : 4393710383228 us: [pid:4178064 tid: 0x7f422aff0200] HSA Async Copy on copy_engine=0x1, dst=0x7f400c200000, src=0x7f409eb3f010, size=33554432, forceSDMA=0, wait_event=0x0, completion_signal=0x7f4221bfd900
:4:rocvirtual.cpp           :622 : 4393710383242 us: [pid:4178064 tid: 0x7f422aff0200] Host wait on completion_signal=0x7f4221bfd900
:3:rocvirtual.hpp           :56  : 4393710383250 us: [pid:4178064 tid: 0x7f422aff0200] Host active wait for Signal = (0x7f4221bfd900) for -1 ns
:4:rocmemory.cpp            :1018: 4393710385408 us: [pid:4178064 tid: 0x7f422aff0200] Locking to pool 0x37ca7ed0, size 0x2001000, HostPtr = 0x7f40a0b3f000, DevPtr = 0x7f40a0b3f000
:4:rocblit.cpp              :623 : 4393710396484 us: [pid:4178064 tid: 0x7f422aff0200] HSA Copy Using Pinned resource size 33554432
:4:rocblit.cpp              :680 : 4393710396494 us: [pid:4178064 tid: 0x7f422aff0200] HSA Async Copy staged H2D
:4:rocblit.cpp              :503 : 4393710396503 us: [pid:4178064 tid: 0x7f422aff0200] Last copy mask 0x1
:4:rocblit.cpp              :520 : 4393710396509 us: [pid:4178064 tid: 0x7f422aff0200] HSA Async Copy on copy_engine=0x1, dst=0x7f400e200000, src=0x7f40a0b3f010, size=33554432, forceSDMA=0, wait_event=0x0, completion_signal=0x7f4221bfe280
:4:rocvirtual.cpp           :622 : 4393710396522 us: [pid:4178064 tid: 0x7f422aff0200] Host wait on completion_signal=0x7f4221bfe280
:3:rocvirtual.hpp           :56  : 4393710396529 us: [pid:4178064 tid: 0x7f422aff0200] Host active wait for Signal = (0x7f4221bfe280) for -1 ns
:4:rocmemory.cpp            :1018: 4393710398658 us: [pid:4178064 tid: 0x7f422aff0200] Locking to pool 0x37ca7ed0, size 0x2001000, HostPtr = 0x7f40a2b3f000, DevPtr = 0x7f40a2b3f000
:4:rocblit.cpp              :623 : 4393710409525 us: [pid:4178064 tid: 0x7f422aff0200] HSA Copy Using Pinned resource size 33554432
:4:rocblit.cpp              :680 : 4393710409540 us: [pid:4178064 tid: 0x7f422aff0200] HSA Async Copy staged H2D
:4:rocblit.cpp              :503 : 4393710409550 us: [pid:4178064 tid: 0x7f422aff0200] Last copy mask 0x1
:4:rocblit.cpp              :520 : 4393710409558 us: [pid:4178064 tid: 0x7f422aff0200] HSA Async Copy on copy_engine=0x1, dst=0x7f4010200000, src=0x7f40a2b3f010, size=33554432, forceSDMA=0, wait_event=0x0, completion_signal=0x7f4221bfe300
:4:rocvirtual.cpp           :622 : 4393710409576 us: [pid:4178064 tid: 0x7f422aff0200] Host wait on completion_signal=0x7f4221bfe300
:3:rocvirtual.hpp           :56  : 4393710409594 us: [pid:4178064 tid: 0x7f422aff0200] Host active wait for Signal = (0x7f4221bfe300) for -1 ns
:4:rocmemory.cpp            :1018: 4393710411764 us: [pid:4178064 tid: 0x7f422aff0200] Locking to pool 0x37ca7ed0, size 0x2001000, HostPtr = 0x7f40a4b3f000, DevPtr = 0x7f40a4b3f000
:4:rocblit.cpp              :623 : 4393710423806 us: [pid:4178064 tid: 0x7f422aff0200] HSA Copy Using Pinned resource size 33554432
:4:rocblit.cpp              :680 : 4393710423816 us: [pid:4178064 tid: 0x7f422aff0200] HSA Async Copy staged H2D
:4:rocblit.cpp              :503 : 4393710423824 us: [pid:4178064 tid: 0x7f422aff0200] Last copy mask 0x1
:4:rocblit.cpp              :520 : 4393710423829 us: [pid:4178064 tid: 0x7f422aff0200] HSA Async Copy on copy_engine=0x1, dst=0x7f4012200000, src=0x7f40a4b3f010, size=33554432, forceSDMA=0, wait_event=0x0, completion_signal=0x7f4221bfe400
:4:rocvirtual.cpp           :622 : 4393710423842 us: [pid:4178064 tid: 0x7f422aff0200] Host wait on completion_signal=0x7f4221bfe400
:4:rocmemory.cpp            :1018: 4393710439938 us: [pid:4178064 tid: 0x7f422aff0200] Locking to pool 0x37ca7ed0, size 0x2001000, HostPtr = 0x7f40a6b3f000, DevPtr = 0x7f40a6b3f000
:4:rocblit.cpp              :623 : 4393710455590 us: [pid:4178064 tid: 0x7f422aff0200] HSA Copy Using Pinned resource size 33554432
:4:rocblit.cpp              :680 : 4393710455600 us: [pid:4178064 tid: 0x7f422aff0200] HSA Async Copy staged H2D
:4:rocblit.cpp              :503 : 4393710455608 us: [pid:4178064 tid: 0x7f422aff0200] Last copy mask 0x1
:4:rocblit.cpp              :520 : 4393710455613 us: [pid:4178064 tid: 0x7f422aff0200] HSA Async Copy on copy_engine=0x1, dst=0x7f4014200000, src=0x7f40a6b3f010, size=33554432, forceSDMA=0, wait_event=0x0, completion_signal=0x7f4221bff380
:4:rocvirtual.cpp           :622 : 4393710455628 us: [pid:4178064 tid: 0x7f422aff0200] Host wait on completion_signal=0x7f4221bff380
:3:rocvirtual.hpp           :56  : 4393710455636 us: [pid:4178064 tid: 0x7f422aff0200] Host active wait for Signal = (0x7f4221bff380) for -1 ns
:4:rocmemory.cpp            :1018: 4393710457744 us: [pid:4178064 tid: 0x7f422aff0200] Locking to pool 0x37ca7ed0, size 0x2001000, HostPtr = 0x7f40a8b3f000, DevPtr = 0x7f40a8b3f000
:4:rocblit.cpp              :623 : 4393710459738 us: [pid:4178064 tid: 0x7f422aff0200] HSA Copy Using Pinned resource size 33554432
:4:rocblit.cpp              :680 : 4393710459748 us: [pid:4178064 tid: 0x7f422aff0200] HSA Async Copy staged H2D
:4:rocblit.cpp              :503 : 4393710459756 us: [pid:4178064 tid: 0x7f422aff0200] Last copy mask 0x1
:4:rocblit.cpp              :520 : 4393710459762 us: [pid:4178064 tid: 0x7f422aff0200] HSA Async Copy on copy_engine=0x1, dst=0x7f4016200000, src=0x7f40a8b3f010, size=33554432, forceSDMA=0, wait_event=0x0, completion_signal=0x7f4221bff180
:4:rocvirtual.cpp           :622 : 4393710459775 us: [pid:4178064 tid: 0x7f422aff0200] Host wait on completion_signal=0x7f4221bff180
:3:rocvirtual.hpp           :56  : 4393710459784 us: [pid:4178064 tid: 0x7f422aff0200] Host active wait for Signal = (0x7f4221bff180) for -1 ns
:4:rocmemory.cpp            :1018: 4393710462154 us: [pid:4178064 tid: 0x7f422aff0200] Locking to pool 0x37ca7ed0, size 0x2001000, HostPtr = 0x7f40aab3f000, DevPtr = 0x7f40aab3f000
:4:rocblit.cpp              :623 : 4393710462168 us: [pid:4178064 tid: 0x7f422aff0200] HSA Copy Using Pinned resource size 33554432
:4:rocblit.cpp              :680 : 4393710462175 us: [pid:4178064 tid: 0x7f422aff0200] HSA Async Copy staged H2D
:4:rocblit.cpp              :503 : 4393710462182 us: [pid:4178064 tid: 0x7f422aff0200] Last copy mask 0x1
:4:rocblit.cpp              :520 : 4393710462187 us: [pid:4178064 tid: 0x7f422aff0200] HSA Async Copy on copy_engine=0x1, dst=0x7f4018200000, src=0x7f40aab3f010, size=33554432, forceSDMA=0, wait_event=0x0, completion_signal=0x7f4221bfd980
:4:rocvirtual.cpp           :622 : 4393710462196 us: [pid:4178064 tid: 0x7f422aff0200] Host wait on completion_signal=0x7f4221bfd980
:3:rocvirtual.hpp           :56  : 4393710462791 us: [pid:4178064 tid: 0x7f422aff0200] Host active wait for Signal = (0x7f4221bfd980) for -1 ns
:4:rocmemory.cpp            :1018: 4393710464258 us: [pid:4178064 tid: 0x7f422aff0200] Locking to pool 0x37ca7ed0, size 0x2001000, HostPtr = 0x7f40acb3f000, DevPtr = 0x7f40acb3f000
:4:rocblit.cpp              :623 : 4393710464275 us: [pid:4178064 tid: 0x7f422aff0200] HSA Copy Using Pinned resource size 33554432
:4:rocblit.cpp              :680 : 4393710464282 us: [pid:4178064 tid: 0x7f422aff0200] HSA Async Copy staged H2D
:4:rocblit.cpp              :503 : 4393710464288 us: [pid:4178064 tid: 0x7f422aff0200] Last copy mask 0x1
:4:rocblit.cpp              :520 : 4393710464293 us: [pid:4178064 tid: 0x7f422aff0200] HSA Async Copy on copy_engine=0x1, dst=0x7f401a200000, src=0x7f40acb3f010, size=33554432, forceSDMA=0, wait_event=0x0, completion_signal=0x7f4221bfe480
:4:rocvirtual.cpp           :622 : 4393710464301 us: [pid:4178064 tid: 0x7f422aff0200] Host wait on completion_signal=0x7f4221bfe480
:3:rocvirtual.hpp           :56  : 4393710464309 us: [pid:4178064 tid: 0x7f422aff0200] Host active wait for Signal = (0x7f4221bfe480) for -1 ns
:4:rocmemory.cpp            :1018: 4393710466372 us: [pid:4178064 tid: 0x7f422aff0200] Locking to pool 0x37ca7ed0, size 0x2001000, HostPtr = 0x7f40aeb3f000, DevPtr = 0x7f40aeb3f000
:4:rocblit.cpp              :623 : 4393710466384 us: [pid:4178064 tid: 0x7f422aff0200] HSA Copy Using Pinned resource size 33554432
:4:rocblit.cpp              :680 : 4393710466391 us: [pid:4178064 tid: 0x7f422aff0200] HSA Async Copy staged H2D
:4:rocblit.cpp              :503 : 4393710466396 us: [pid:4178064 tid: 0x7f422aff0200] Last copy mask 0x1
:4:rocblit.cpp              :520 : 4393710466401 us: [pid:4178064 tid: 0x7f422aff0200] HSA Async Copy on copy_engine=0x1, dst=0x7f401c200000, src=0x7f40aeb3f010, size=33554432, forceSDMA=0, wait_event=0x0, completion_signal=0x7f4221bfe500
:4:rocvirtual.cpp           :622 : 4393710466410 us: [pid:4178064 tid: 0x7f422aff0200] Host wait on completion_signal=0x7f4221bfe500
:3:rocvirtual.hpp           :56  : 4393710466418 us: [pid:4178064 tid: 0x7f422aff0200] Host active wait for Signal = (0x7f4221bfe500) for -1 ns
:4:rocmemory.cpp            :1018: 4393710468481 us: [pid:4178064 tid: 0x7f422aff0200] Locking to pool 0x37ca7ed0, size 0x2001000, HostPtr = 0x7f40b0b3f000, DevPtr = 0x7f40b0b3f000
:4:rocblit.cpp              :623 : 4393710468495 us: [pid:4178064 tid: 0x7f422aff0200] HSA Copy Using Pinned resource size 33554432
:4:rocblit.cpp              :680 : 4393710468502 us: [pid:4178064 tid: 0x7f422aff0200] HSA Async Copy staged H2D
:4:rocblit.cpp              :503 : 4393710468507 us: [pid:4178064 tid: 0x7f422aff0200] Last copy mask 0x1
:4:rocblit.cpp              :520 : 4393710468512 us: [pid:4178064 tid: 0x7f422aff0200] HSA Async Copy on copy_engine=0x1, dst=0x7f401e200000, src=0x7f40b0b3f010, size=33554432, forceSDMA=0, wait_event=0x0, completion_signal=0x7f4221bfe600
:4:rocvirtual.cpp           :622 : 4393710468521 us: [pid:4178064 tid: 0x7f422aff0200] Host wait on completion_signal=0x7f4221bfe600
:3:rocvirtual.hpp           :56  : 4393710468528 us: [pid:4178064 tid: 0x7f422aff0200] Host active wait for Signal = (0x7f4221bfe600) for -1 ns
:4:rocmemory.cpp            :1018: 4393710470590 us: [pid:4178064 tid: 0x7f422aff0200] Locking to pool 0x37ca7ed0, size 0x2001000, HostPtr = 0x7f40b2b3f000, DevPtr = 0x7f40b2b3f000
:4:rocblit.cpp              :623 : 4393710470602 us: [pid:4178064 tid: 0x7f422aff0200] HSA Copy Using Pinned resource size 33554432
:4:rocblit.cpp              :680 : 4393710470609 us: [pid:4178064 tid: 0x7f422aff0200] HSA Async Copy staged H2D
:4:rocblit.cpp              :503 : 4393710470614 us: [pid:4178064 tid: 0x7f422aff0200] Last copy mask 0x1
:4:rocblit.cpp              :520 : 4393710470619 us: [pid:4178064 tid: 0x7f422aff0200] HSA Async Copy on copy_engine=0x1, dst=0x7f4020200000, src=0x7f40b2b3f010, size=33554432, forceSDMA=0, wait_event=0x0, completion_signal=0x7f4221bfef80
:4:rocvirtual.cpp           :622 : 4393710470627 us: [pid:4178064 tid: 0x7f422aff0200] Host wait on completion_signal=0x7f4221bfef80
:3:rocvirtual.hpp           :56  : 4393710470634 us: [pid:4178064 tid: 0x7f422aff0200] Host active wait for Signal = (0x7f4221bfef80) for -1 ns
:4:rocmemory.cpp            :1018: 4393710472731 us: [pid:4178064 tid: 0x7f422aff0200] Locking to pool 0x37ca7ed0, size 0x2001000, HostPtr = 0x7f40b4b3f000, DevPtr = 0x7f40b4b3f000
:4:rocblit.cpp              :623 : 4393710472743 us: [pid:4178064 tid: 0x7f422aff0200] HSA Copy Using Pinned resource size 33554432
:4:rocblit.cpp              :680 : 4393710472752 us: [pid:4178064 tid: 0x7f422aff0200] HSA Async Copy staged H2D
:4:rocblit.cpp              :503 : 4393710472757 us: [pid:4178064 tid: 0x7f422aff0200] Last copy mask 0x1
:4:rocblit.cpp              :520 : 4393710472761 us: [pid:4178064 tid: 0x7f422aff0200] HSA Async Copy on copy_engine=0x1, dst=0x7f4022200000, src=0x7f40b4b3f010, size=33554432, forceSDMA=0, wait_event=0x0, completion_signal=0x7f4221bfda00
:4:rocvirtual.cpp           :622 : 4393710472770 us: [pid:4178064 tid: 0x7f422aff0200] Host wait on completion_signal=0x7f4221bfda00
:3:rocvirtual.hpp           :56  : 4393710472778 us: [pid:4178064 tid: 0x7f422aff0200] Host active wait for Signal = (0x7f4221bfda00) for -1 ns
:4:rocmemory.cpp            :1018: 4393710474521 us: [pid:4178064 tid: 0x7f422aff0200] Locking to pool 0x37ca7ed0, size 0x14c1000, HostPtr = 0x7f40b6b3f000, DevPtr = 0x7f40b6b3f000
:4:rocblit.cpp              :623 : 4393710474532 us: [pid:4178064 tid: 0x7f422aff0200] HSA Copy Using Pinned resource size 21757952
:4:rocblit.cpp              :680 : 4393710474540 us: [pid:4178064 tid: 0x7f422aff0200] HSA Async Copy staged H2D
:4:rocblit.cpp              :503 : 4393710474546 us: [pid:4178064 tid: 0x7f422aff0200] Last copy mask 0x1
:4:rocblit.cpp              :520 : 4393710474550 us: [pid:4178064 tid: 0x7f422aff0200] HSA Async Copy on copy_engine=0x1, dst=0x7f4024200000, src=0x7f40b6b3f010, size=21757952, forceSDMA=0, wait_event=0x0, completion_signal=0x7f4221bfdb00
:4:rocvirtual.cpp           :622 : 4393710474559 us: [pid:4178064 tid: 0x7f422aff0200] Host wait on completion_signal=0x7f4221bfdb00
:3:rocvirtual.hpp           :56  : 4393710474566 us: [pid:4178064 tid: 0x7f422aff0200] Host active wait for Signal = (0x7f4221bfdb00) for -1 ns
:4:commandqueue.cpp         :161 : 4393710475378 us: [pid:4178064 tid: 0x7f422aff0200] Marker queued to ensure finish
:4:command.cpp              :359 : 4393710475384 us: [pid:4178064 tid: 0x7f422aff0200] Command (InternalMarker) enqueued: 0x384c9af0
:3:rocvirtual.cpp           :533 : 4393710475401 us: [pid:4178064 tid: 0x7f422aff0200] Set Handler: handle(0x7f4221bfcd00), timestamp(0x3853aa70)
:4:rocvirtual.cpp           :1147: 4393710475411 us: [pid:4178064 tid: 0x7f422aff0200] SWq=0x7f4221d5c000, HWq=0x7f420cc00000, id=1, BarrierAND Header = 0x1503 (type=3, barrier=1, acquire=2, release=2), dep_signal=[0x0, 0x0, 0x0, 0x0, 0x0], completion_signal=0x7f4221bfcd00
:4:commandqueue.cpp         :184 : 4393710475421 us: [pid:4178064 tid: 0x7f422aff0200] All commands finished
:3:hip_memory.cpp           :796 : 4393710475428 us: [pid:4178064 tid: 0x7f422aff0200] hipMemcpy: Returned hipSuccess : : duration: 146090 us
:3:rocvirtual.cpp           :226 : 4393710475429 us: [pid:4178064 tid: 0x7f40f11ff6c0] Handler: value(0), timestamp(0x38510aa0), handle(0x7f4221bfcd00)
:4:command.cpp              :169 : 4393710475470 us: [pid:4178064 tid: 0x7f40f11ff6c0] Command 0x384c98b0 complete
:3:hip_memory.cpp           :756 : 4393710475445 us: [pid:4178064 tid: 0x7f422aff0200] [32m hipMalloc ( 0x7ffec1d704a8, 393216 ) [0m
:4:command.cpp              :163 : 4393710475480 us: [pid:4178064 tid: 0x7f40f11ff6c0] Command 0x384c9af0 complete (Wall: 4393710475478, CPU: 0, GPU: 85 us)
:4:rocdevice.cpp            :2371: 4393710475790 us: [pid:4178064 tid: 0x7f422aff0200] Allocate hsa device memory 0x7f4207c27000, size 0x60000, hsa_mem_flags 0x0h
:3:rocdevice.cpp            :2411: 4393710475808 us: [pid:4178064 tid: 0x7f422aff0200] Device=0x37da1500, freeMem_ = 0xfe1ae0000
:3:hip_memory.cpp           :758 : 4393710475818 us: [pid:4178064 tid: 0x7f422aff0200] hipMalloc: Returned hipSuccess : 0x7f4207c27000: duration: 373 us
:3:hip_memory.cpp           :795 : 4393710475829 us: [pid:4178064 tid: 0x7f422aff0200] [32m hipMemcpy ( 0x7f4207c27000, 0x37fd0e70, 393216, hipMemcpyHostToDevice ) [0m
:4:command.cpp              :359 : 4393710475845 us: [pid:4178064 tid: 0x7f422aff0200] Command (CopyHostToDevice) enqueued: 0x384c98b0
:4:rocblit.cpp              :1803: 4393710475854 us: [pid:4178064 tid: 0x7f422aff0200] Unpinned write path, Async = 0
:4:rocblit.cpp              :633 : 4393710475859 us: [pid:4178064 tid: 0x7f422aff0200] HSA Copy Using Staging resource size 393216
:4:rocblit.cpp              :680 : 4393710475916 us: [pid:4178064 tid: 0x7f422aff0200] HSA Async Copy staged H2D
:4:rocblit.cpp              :503 : 4393710476275 us: [pid:4178064 tid: 0x7f422aff0200] Last copy mask 0x0
:4:rocblit.cpp              :509 : 4393710476281 us: [pid:4178064 tid: 0x7f422aff0200] Query copy engine status 0, free_engine mask 0x1f
:4:rocblit.cpp              :520 : 4393710476289 us: [pid:4178064 tid: 0x7f422aff0200] HSA Async Copy on copy_engine=0x1, dst=0x7f4207c27000, src=0x7f420c416200, size=393216, forceSDMA=0, wait_event=0x0, completion_signal=0x7f4221bfe680
:4:commandqueue.cpp         :161 : 4393710476298 us: [pid:4178064 tid: 0x7f422aff0200] Marker queued to ensure finish
:4:command.cpp              :359 : 4393710476303 us: [pid:4178064 tid: 0x7f422aff0200] Command (InternalMarker) enqueued: 0x384c9af0
:3:rocvirtual.cpp           :533 : 4393710476316 us: [pid:4178064 tid: 0x7f422aff0200] Set Handler: handle(0x7f4221bfcc00), timestamp(0x3853a8b0)
:4:rocvirtual.cpp           :1147: 4393710476325 us: [pid:4178064 tid: 0x7f422aff0200] SWq=0x7f4221d5c000, HWq=0x7f420cc00000, id=1, BarrierAND Header = 0x1503 (type=3, barrier=1, acquire=2, release=2), dep_signal=[0x7f4221bfe680, 0x0, 0x0, 0x0, 0x0], completion_signal=0x7f4221bfcc00
:4:commandqueue.cpp         :184 : 4393710476335 us: [pid:4178064 tid: 0x7f422aff0200] All commands finished
:3:hip_memory.cpp           :796 : 4393710476341 us: [pid:4178064 tid: 0x7f422aff0200] hipMemcpy: Returned hipSuccess : : duration: 512 us
:3:hip_memory.cpp           :756 : 4393710476351 us: [pid:4178064 tid: 0x7f422aff0200] [32m hipMalloc ( 0x7ffec1d704a0, 491520000 ) [0m
:3:rocvirtual.cpp           :226 : 4393710476337 us: [pid:4178064 tid: 0x7f40f11ff6c0] Handler: value(0), timestamp(0x383dceb0), handle(0x7f4221bfcc00)
:4:command.cpp              :169 : 4393710476370 us: [pid:4178064 tid: 0x7f40f11ff6c0] Command 0x384c98b0 complete
:4:command.cpp              :163 : 4393710476387 us: [pid:4178064 tid: 0x7f40f11ff6c0] Command 0x384c9af0 complete (Wall: 4393710476386, CPU: 0, GPU: 74 us)
:4:rocdevice.cpp            :2371: 4393710476465 us: [pid:4178064 tid: 0x7f422aff0200] Allocate hsa device memory 0x7f3feaa00000, size 0x1d4c0000, hsa_mem_flags 0x0h
:3:rocdevice.cpp            :2411: 4393710477049 us: [pid:4178064 tid: 0x7f422aff0200] Device=0x37da1500, freeMem_ = 0xfc4620000
:3:hip_memory.cpp           :758 : 4393710477059 us: [pid:4178064 tid: 0x7f422aff0200] hipMalloc: Returned hipSuccess : 0x7f3feaa00000: duration: 708 us
:3:hip_memory.cpp           :756 : 4393710477068 us: [pid:4178064 tid: 0x7f422aff0200] [32m hipMalloc ( 0x7ffec1d70498, 36 ) [0m
:4:rocdevice.cpp            :2371: 4393710477078 us: [pid:4178064 tid: 0x7f422aff0200] Allocate hsa device memory 0x7f4207c00000, size 0x24, hsa_mem_flags 0x0h
:3:rocdevice.cpp            :2411: 4393710477086 us: [pid:4178064 tid: 0x7f422aff0200] Device=0x37da1500, freeMem_ = 0xfc461ffdc
:3:hip_memory.cpp           :758 : 4393710477095 us: [pid:4178064 tid: 0x7f422aff0200] hipMalloc: Returned hipSuccess : 0x7f4207c00000: duration: 27 us
:3:hip_memory.cpp           :795 : 4393710477105 us: [pid:4178064 tid: 0x7f422aff0200] [32m hipMemcpy ( 0x7f4207c00000, 0x3843e3c0, 36, hipMemcpyHostToDevice ) [0m
:4:command.cpp              :359 : 4393710477115 us: [pid:4178064 tid: 0x7f422aff0200] Command (CopyHostToDevice) enqueued: 0x384c98b0
:4:rocblit.cpp              :1803: 4393710477124 us: [pid:4178064 tid: 0x7f422aff0200] Unpinned write path, Async = 0
:4:rocblit.cpp              :1832: 4393710477129 us: [pid:4178064 tid: 0x7f422aff0200] memcpy stg buf=0x7f420c476200, host src=0x3843e3c0, size=36
:4:rocblit.cpp              :1835: 4393710477815 us: [pid:4178064 tid: 0x7f422aff0200] Blit staging H2D copy dst=0x7f4207c00000, stg buf=0x7f420c476200, dstOrigin=0x0, size=36
:3:rocvirtual.cpp           :762 : 4393710477828 us: [pid:4178064 tid: 0x7f422aff0200] Arg0: uchar* src = ptr:0x7f420c476200
:3:rocvirtual.cpp           :762 : 4393710477834 us: [pid:4178064 tid: 0x7f422aff0200] Arg1: uchar* dst = ptr:0x7f4207c00000
:3:rocvirtual.cpp           :853 : 4393710477839 us: [pid:4178064 tid: 0x7f422aff0200] Arg2: ulong size = val:36
:3:rocvirtual.cpp           :853 : 4393710477844 us: [pid:4178064 tid: 0x7f422aff0200] Arg3: uint remainder = val:4
:3:rocvirtual.cpp           :853 : 4393710477849 us: [pid:4178064 tid: 0x7f422aff0200] Arg4: uint aligned_size = val:16
:3:rocvirtual.cpp           :853 : 4393710477854 us: [pid:4178064 tid: 0x7f422aff0200] Arg5: ulong end_ptr = val:139921574592544
:3:rocvirtual.cpp           :853 : 4393710477862 us: [pid:4178064 tid: 0x7f422aff0200] Arg6: uint next_chunk = val:512
:3:rocvirtual.cpp           :3236: 4393710477867 us: [pid:4178064 tid: 0x7f422aff0200] ShaderName : __amd_rocclr_copyBuffer
:3:rocvirtual.cpp           :3449: 4393710477873 us: [pid:4178064 tid: 0x7f422aff0200] KernargSegmentByteSize = 304 KernargSegmentAlignment = 128
:4:rocvirtual.cpp           :965 : 4393710477885 us: [pid:4178064 tid: 0x7f422aff0200] SWq=0x7f4221d5c000, HWq=0x7f420cc00000, id=1, Dispatch Header = 0x1502 (type=2, barrier=1, acquire=2, release=2), setup=1, grid=[512, 1, 1], workgroup=[512, 1, 1], private_seg_size=0, group_seg_size=0, kernel_obj=0x7f4221d4ddc0, kernarg_address=0x7f420ca00000, completion_signal=0x0, correlation_id=0, rptr=132, wptr=132
:4:commandqueue.cpp         :161 : 4393710478597 us: [pid:4178064 tid: 0x7f422aff0200] Marker queued to ensure finish
:4:command.cpp              :359 : 4393710478603 us: [pid:4178064 tid: 0x7f422aff0200] Command (InternalMarker) enqueued: 0x384c9af0
:3:rocvirtual.cpp           :533 : 4393710478625 us: [pid:4178064 tid: 0x7f422aff0200] Set Handler: handle(0x7f4221bfcc80), timestamp(0x384ecbc0)
:4:rocvirtual.cpp           :1147: 4393710478634 us: [pid:4178064 tid: 0x7f422aff0200] SWq=0x7f4221d5c000, HWq=0x7f420cc00000, id=1, BarrierAND Header = 0x1503 (type=3, barrier=1, acquire=2, release=2), dep_signal=[0x0, 0x0, 0x0, 0x0, 0x0], completion_signal=0x7f4221bfcc80
:3:rocvirtual.cpp           :226 : 4393710478645 us: [pid:4178064 tid: 0x7f40f11ff6c0] Handler: value(0), timestamp(0x384ec980), handle(0x7f4221bfcc80)
:4:command.cpp              :169 : 4393710478657 us: [pid:4178064 tid: 0x7f40f11ff6c0] Command 0x384c98b0 complete
:4:command.cpp              :163 : 4393710478663 us: [pid:4178064 tid: 0x7f40f11ff6c0] Command 0x384c9af0 complete (Wall: 4393710478662, CPU: 0, GPU: 49 us)
:4:commandqueue.cpp         :184 : 4393710478646 us: [pid:4178064 tid: 0x7f422aff0200] All commands finished
:3:hip_memory.cpp           :796 : 4393710478687 us: [pid:4178064 tid: 0x7f422aff0200] hipMemcpy: Returned hipSuccess : : duration: 1582 us
:3:hip_memory.cpp           :3476: 4393710479179 us: [pid:4178064 tid: 0x7f422aff0200] [32m hipMemset ( 0x7f3feaa00000, 0, 491520000 ) [0m
:4:command.cpp              :359 : 4393710479192 us: [pid:4178064 tid: 0x7f422aff0200] Command (FillBuffer) enqueued: 0x38368cd0
:3:rocvirtual.cpp           :762 : 4393710479207 us: [pid:4178064 tid: 0x7f422aff0200] Arg0: void* buf = ptr:0x7f3feaa00000
:3:rocvirtual.cpp           :778 : 4393710479212 us: [pid:4178064 tid: 0x7f422aff0200] Arg0: void* buf = ptr:0x7f3feaa00000 obj:[0x7f3feaa00000-0x7f4007ec0000]
:3:rocvirtual.cpp           :762 : 4393710479221 us: [pid:4178064 tid: 0x7f422aff0200] Arg1: uchar* pattern = ptr:0x7f420ca00200
:3:rocvirtual.cpp           :853 : 4393710479229 us: [pid:4178064 tid: 0x7f422aff0200] Arg2: uint pattern_size = val:1
:3:rocvirtual.cpp           :853 : 4393710479234 us: [pid:4178064 tid: 0x7f422aff0200] Arg3: uint alignment = val:16
:3:rocvirtual.cpp           :853 : 4393710479238 us: [pid:4178064 tid: 0x7f422aff0200] Arg4: ulong end_ptr = val:139912987541504
:3:rocvirtual.cpp           :853 : 4393710479249 us: [pid:4178064 tid: 0x7f422aff0200] Arg5: uint next_chunk = val:26624
:3:rocvirtual.cpp           :3236: 4393710479818 us: [pid:4178064 tid: 0x7f422aff0200] ShaderName : __amd_rocclr_fillBufferAligned
:3:rocvirtual.cpp           :3449: 4393710479842 us: [pid:4178064 tid: 0x7f422aff0200] KernargSegmentByteSize = 296 KernargSegmentAlignment = 128
:4:rocvirtual.cpp           :965 : 4393710479856 us: [pid:4178064 tid: 0x7f422aff0200] SWq=0x7f4221d5c000, HWq=0x7f420cc00000, id=1, Dispatch Header = 0xb02 (type=2, barrier=1, acquire=1, release=1), setup=1, grid=[26624, 1, 1], workgroup=[256, 1, 1], private_seg_size=0, group_seg_size=0, kernel_obj=0x7f4221d4dd40, kernarg_address=0x7f420ca00300, completion_signal=0x0, correlation_id=0, rptr=134, wptr=134
:3:hip_memory.cpp           :3477: 4393710479878 us: [pid:4178064 tid: 0x7f422aff0200] hipMemset: Returned hipSuccess : 
:3:hip_device_runtime.cpp   :641 : 4393710479887 us: [pid:4178064 tid: 0x7f422aff0200] [32m hipDeviceSynchronize (  ) [0m
:4:commandqueue.cpp         :161 : 4393710479896 us: [pid:4178064 tid: 0x7f422aff0200] Marker queued to ensure finish
:4:command.cpp              :359 : 4393710479903 us: [pid:4178064 tid: 0x7f422aff0200] Command (InternalMarker) enqueued: 0x384c9af0
:3:rocvirtual.cpp           :533 : 4393710479924 us: [pid:4178064 tid: 0x7f422aff0200] Set Handler: handle(0x7f4221bfcf80), timestamp(0x384fa980)
:4:rocvirtual.cpp           :1147: 4393710479938 us: [pid:4178064 tid: 0x7f422aff0200] SWq=0x7f4221d5c000, HWq=0x7f420cc00000, id=1, BarrierAND Header = 0x1503 (type=3, barrier=1, acquire=2, release=2), dep_signal=[0x0, 0x0, 0x0, 0x0, 0x0], completion_signal=0x7f4221bfcf80
:3:rocvirtual.cpp           :226 : 4393710480286 us: [pid:4178064 tid: 0x7f40f11ff6c0] Handler: value(0), timestamp(0x37deb420), handle(0x7f4221bfcf80)
:4:command.cpp              :169 : 4393710480325 us: [pid:4178064 tid: 0x7f40f11ff6c0] Command 0x38368cd0 complete
:4:commandqueue.cpp         :184 : 4393710480330 us: [pid:4178064 tid: 0x7f422aff0200] All commands finished
:4:command.cpp              :163 : 4393710480331 us: [pid:4178064 tid: 0x7f40f11ff6c0] Command 0x384c9af0 complete (Wall: 4393710480330, CPU: 0, GPU: 416 us)
:3:hip_device_runtime.cpp   :645 : 4393710480350 us: [pid:4178064 tid: 0x7f422aff0200] hipDeviceSynchronize: Returned hipSuccess : 
:3:hip_platform.cpp         :237 : 4393710480381 us: [pid:4178064 tid: 0x7f422aff0200] [32m __hipPushCallConfiguration ( {8,1,1}, {128,1,1}, 0, stream:<null> ) [0m
:3:hip_platform.cpp         :241 : 4393710480390 us: [pid:4178064 tid: 0x7f422aff0200] __hipPushCallConfiguration: Returned hipSuccess : 
:3:hip_platform.cpp         :246 : 4393710480402 us: [pid:4178064 tid: 0x7f422aff0200] [32m __hipPopCallConfiguration ( {896886866,32578,128}, {2118224,0,3252094336}, 0x7ffec1d702d0, 0x7ffec1d702c8 ) [0m
:3:hip_platform.cpp         :255 : 4393710480410 us: [pid:4178064 tid: 0x7f422aff0200] __hipPopCallConfiguration: Returned hipSuccess : 
:3:hip_module.cpp           :744 : 4393710480956 us: [pid:4178064 tid: 0x7f422aff0200] [32m hipLaunchKernel ( 0x200fd8, {8,1,1}, {128,1,1}, 0x7ffec1d70280, 0, stream:<null> ) [0m
:4:command.cpp              :359 : 4393710480978 us: [pid:4178064 tid: 0x7f422aff0200] Command (KernelExecution) enqueued: 0x384c98b0
:3:rocvirtual.cpp           :762 : 4393710480990 us: [pid:4178064 tid: 0x7f422aff0200] Arg0:   = ptr:0x7f4008200000
:3:rocvirtual.cpp           :778 : 4393710480996 us: [pid:4178064 tid: 0x7f422aff0200] Arg0:   = ptr:0x7f4008200000 obj:[0x7f4008200000-0x7f40256c0000]
:3:rocvirtual.cpp           :762 : 4393710481004 us: [pid:4178064 tid: 0x7f422aff0200] Arg1:   = ptr:0x7f4207c27000
:3:rocvirtual.cpp           :778 : 4393710481010 us: [pid:4178064 tid: 0x7f422aff0200] Arg1:   = ptr:0x7f4207c27000 obj:[0x7f4207c27000-0x7f4207c87000]
:3:rocvirtual.cpp           :762 : 4393710481018 us: [pid:4178064 tid: 0x7f422aff0200] Arg2:   = ptr:0x7f3feaa00000
:3:rocvirtual.cpp           :778 : 4393710481027 us: [pid:4178064 tid: 0x7f422aff0200] Arg2:   = ptr:0x7f3feaa00000 obj:[0x7f3feaa00000-0x7f4007ec0000]
:3:rocvirtual.cpp           :853 : 4393710481035 us: [pid:4178064 tid: 0x7f422aff0200] Arg3:   = val:12288
:3:rocvirtual.cpp           :762 : 4393710481039 us: [pid:4178064 tid: 0x7f422aff0200] Arg4:   = ptr:0x7f4207c00000
:3:rocvirtual.cpp           :778 : 4393710481044 us: [pid:4178064 tid: 0x7f422aff0200] Arg4:   = ptr:0x7f4207c00000 obj:[0x7f4207c00000-0x7f4207c00024]
:3:rocvirtual.cpp           :3236: 4393710481052 us: [pid:4178064 tid: 0x7f422aff0200] ShaderName : void dense_esuhm<float>(float const*, float const*, float*, int, int const*)
:3:rocvirtual.cpp           :3449: 4393710481063 us: [pid:4178064 tid: 0x7f422aff0200] KernargSegmentByteSize = 296 KernargSegmentAlignment = 128
:4:rocvirtual.cpp           :965 : 4393710481074 us: [pid:4178064 tid: 0x7f422aff0200] SWq=0x7f4221d5c000, HWq=0x7f420cc00000, id=1, Dispatch Header = 0xb02 (type=2, barrier=1, acquire=1, release=1), setup=3, grid=[1024, 1, 1], workgroup=[128, 1, 1], private_seg_size=140, group_seg_size=0, kernel_obj=0x7f4221d21980, kernarg_address=0x7f420ca00480, completion_signal=0x0, correlation_id=0, rptr=136, wptr=136
:3:hip_module.cpp           :745 : 4393710481598 us: [pid:4178064 tid: 0x7f422aff0200] hipLaunchKernel: Returned hipSuccess : : duration: 642 us
:3:hip_device_runtime.cpp   :641 : 4393710481607 us: [pid:4178064 tid: 0x7f422aff0200] [32m hipDeviceSynchronize (  ) [0m
:4:commandqueue.cpp         :161 : 4393710481613 us: [pid:4178064 tid: 0x7f422aff0200] Marker queued to ensure finish
:4:command.cpp              :359 : 4393710481618 us: [pid:4178064 tid: 0x7f422aff0200] Command (InternalMarker) enqueued: 0x384c9af0
:3:rocvirtual.cpp           :533 : 4393710481642 us: [pid:4178064 tid: 0x7f422aff0200] Set Handler: handle(0x7f4221bfce80), timestamp(0x384fc2d0)
:4:rocvirtual.cpp           :1147: 4393710481653 us: [pid:4178064 tid: 0x7f422aff0200] SWq=0x7f4221d5c000, HWq=0x7f420cc00000, id=1, BarrierAND Header = 0x1503 (type=3, barrier=1, acquire=2, release=2), dep_signal=[0x0, 0x0, 0x0, 0x0, 0x0], completion_signal=0x7f4221bfce80
:3:rocvirtual.hpp           :56  : 4393710481664 us: [pid:4178064 tid: 0x7f422aff0200] Host active wait for Signal = (0x7f4221bfce80) for -1 ns
:4:commandqueue.cpp         :184 : 4393710482809 us: [pid:4178064 tid: 0x7f422aff0200] All commands finished
:3:rocvirtual.cpp           :226 : 4393710482814 us: [pid:4178064 tid: 0x7f40f11ff6c0] Handler: value(0), timestamp(0x383dd020), handle(0x7f4221bfce80)
:3:hip_device_runtime.cpp   :645 : 4393710482821 us: [pid:4178064 tid: 0x7f422aff0200] hipDeviceSynchronize: Returned hipSuccess : 
:4:command.cpp              :169 : 4393710482841 us: [pid:4178064 tid: 0x7f40f11ff6c0] Command 0x384c98b0 complete
:3:hip_memory.cpp           :795 : 4393710482860 us: [pid:4178064 tid: 0x7f422aff0200] [32m hipMemcpy ( 0x7f407d67e010, 0x7f3feaa00000, 491520000, hipMemcpyDeviceToHost ) [0m
:4:command.cpp              :163 : 4393710482866 us: [pid:4178064 tid: 0x7f40f11ff6c0] Command 0x384c9af0 complete (Wall: 4393710482864, CPU: 0, GPU: 1236 us)
:4:command.cpp              :359 : 4393710482879 us: [pid:4178064 tid: 0x7f422aff0200] Command (CopyDeviceToHost) enqueued: 0x384c98b0
:4:rocblit.cpp              :1673: 4393710482919 us: [pid:4178064 tid: 0x7f422aff0200] Unpinned read path, Async = 0
:4:rocmemory.cpp            :1018: 4393710495799 us: [pid:4178064 tid: 0x7f422aff0200] Locking to pool 0x37ca7ed0, size 0x2001000, HostPtr = 0x7f407d67e000, DevPtr = 0x7f407d67e000
:4:rocblit.cpp              :623 : 4393710495824 us: [pid:4178064 tid: 0x7f422aff0200] HSA Copy Using Pinned resource size 33554432
:4:rocblit.cpp              :687 : 4393710495832 us: [pid:4178064 tid: 0x7f422aff0200] HSA Async Copy staged D2H
:4:rocblit.cpp              :503 : 4393710495841 us: [pid:4178064 tid: 0x7f422aff0200] Last copy mask 0x0
:4:rocblit.cpp              :509 : 4393710495849 us: [pid:4178064 tid: 0x7f422aff0200] Query copy engine status 0, free_engine mask 0x1e
:4:rocblit.cpp              :520 : 4393710495865 us: [pid:4178064 tid: 0x7f422aff0200] HSA Async Copy on copy_engine=0x2, dst=0x7f407d67e010, src=0x7f3feaa00000, size=33554432, forceSDMA=0, wait_event=0x0, completion_signal=0x7f4221bfdd00
:4:rocvirtual.cpp           :622 : 4393710495878 us: [pid:4178064 tid: 0x7f422aff0200] Host wait on completion_signal=0x7f4221bfdd00
:3:rocvirtual.hpp           :56  : 4393710495886 us: [pid:4178064 tid: 0x7f422aff0200] Host active wait for Signal = (0x7f4221bfdd00) for -1 ns
:4:rocmemory.cpp            :1018: 4393710508810 us: [pid:4178064 tid: 0x7f422aff0200] Locking to pool 0x37ca7ed0, size 0x2001000, HostPtr = 0x7f407f67e000, DevPtr = 0x7f407f67e000
:4:rocblit.cpp              :623 : 4393710508833 us: [pid:4178064 tid: 0x7f422aff0200] HSA Copy Using Pinned resource size 33554432
:4:rocblit.cpp              :687 : 4393710508841 us: [pid:4178064 tid: 0x7f422aff0200] HSA Async Copy staged D2H
:4:rocblit.cpp              :503 : 4393710508848 us: [pid:4178064 tid: 0x7f422aff0200] Last copy mask 0x2
:4:rocblit.cpp              :520 : 4393710508853 us: [pid:4178064 tid: 0x7f422aff0200] HSA Async Copy on copy_engine=0x2, dst=0x7f407f67e010, src=0x7f3feca00000, size=33554432, forceSDMA=0, wait_event=0x0, completion_signal=0x7f4221bfeb80
:4:rocvirtual.cpp           :622 : 4393710508865 us: [pid:4178064 tid: 0x7f422aff0200] Host wait on completion_signal=0x7f4221bfeb80
:3:rocvirtual.hpp           :56  : 4393710508873 us: [pid:4178064 tid: 0x7f422aff0200] Host active wait for Signal = (0x7f4221bfeb80) for -1 ns
:4:rocmemory.cpp            :1018: 4393710520915 us: [pid:4178064 tid: 0x7f422aff0200] Locking to pool 0x37ca7ed0, size 0x2001000, HostPtr = 0x7f408167e000, DevPtr = 0x7f408167e000
:4:rocblit.cpp              :623 : 4393710520937 us: [pid:4178064 tid: 0x7f422aff0200] HSA Copy Using Pinned resource size 33554432
:4:rocblit.cpp              :687 : 4393710520944 us: [pid:4178064 tid: 0x7f422aff0200] HSA Async Copy staged D2H
:4:rocblit.cpp              :503 : 4393710520951 us: [pid:4178064 tid: 0x7f422aff0200] Last copy mask 0x2
:4:rocblit.cpp              :520 : 4393710520956 us: [pid:4178064 tid: 0x7f422aff0200] HSA Async Copy on copy_engine=0x2, dst=0x7f408167e010, src=0x7f3feea00000, size=33554432, forceSDMA=0, wait_event=0x0, completion_signal=0x7f4221bfed80
:4:rocvirtual.cpp           :622 : 4393710520967 us: [pid:4178064 tid: 0x7f422aff0200] Host wait on completion_signal=0x7f4221bfed80
:3:rocvirtual.hpp           :56  : 4393710520974 us: [pid:4178064 tid: 0x7f422aff0200] Host active wait for Signal = (0x7f4221bfed80) for -1 ns
:4:rocmemory.cpp            :1018: 4393710533478 us: [pid:4178064 tid: 0x7f422aff0200] Locking to pool 0x37ca7ed0, size 0x2001000, HostPtr = 0x7f408367e000, DevPtr = 0x7f408367e000
:4:rocblit.cpp              :623 : 4393710533503 us: [pid:4178064 tid: 0x7f422aff0200] HSA Copy Using Pinned resource size 33554432
:4:rocblit.cpp              :687 : 4393710533520 us: [pid:4178064 tid: 0x7f422aff0200] HSA Async Copy staged D2H
:4:rocblit.cpp              :503 : 4393710533530 us: [pid:4178064 tid: 0x7f422aff0200] Last copy mask 0x2
:4:rocblit.cpp              :520 : 4393710533535 us: [pid:4178064 tid: 0x7f422aff0200] HSA Async Copy on copy_engine=0x2, dst=0x7f408367e010, src=0x7f3ff0a00000, size=33554432, forceSDMA=0, wait_event=0x0, completion_signal=0x7f4221bfe980
:4:rocvirtual.cpp           :622 : 4393710533549 us: [pid:4178064 tid: 0x7f422aff0200] Host wait on completion_signal=0x7f4221bfe980
:3:rocvirtual.hpp           :56  : 4393710533557 us: [pid:4178064 tid: 0x7f422aff0200] Host active wait for Signal = (0x7f4221bfe980) for -1 ns
:4:rocmemory.cpp            :1018: 4393710545475 us: [pid:4178064 tid: 0x7f422aff0200] Locking to pool 0x37ca7ed0, size 0x2001000, HostPtr = 0x7f408567e000, DevPtr = 0x7f408567e000
:4:rocblit.cpp              :623 : 4393710545496 us: [pid:4178064 tid: 0x7f422aff0200] HSA Copy Using Pinned resource size 33554432
:4:rocblit.cpp              :687 : 4393710545505 us: [pid:4178064 tid: 0x7f422aff0200] HSA Async Copy staged D2H
:4:rocblit.cpp              :503 : 4393710545515 us: [pid:4178064 tid: 0x7f422aff0200] Last copy mask 0x2
:4:rocblit.cpp              :520 : 4393710545520 us: [pid:4178064 tid: 0x7f422aff0200] HSA Async Copy on copy_engine=0x2, dst=0x7f408567e010, src=0x7f3ff2a00000, size=33554432, forceSDMA=0, wait_event=0x0, completion_signal=0x7f4221bfde00
:4:rocvirtual.cpp           :622 : 4393710545533 us: [pid:4178064 tid: 0x7f422aff0200] Host wait on completion_signal=0x7f4221bfde00
:3:rocvirtual.hpp           :56  : 4393710545541 us: [pid:4178064 tid: 0x7f422aff0200] Host active wait for Signal = (0x7f4221bfde00) for -1 ns
:4:rocmemory.cpp            :1018: 4393710558680 us: [pid:4178064 tid: 0x7f422aff0200] Locking to pool 0x37ca7ed0, size 0x2001000, HostPtr = 0x7f408767e000, DevPtr = 0x7f408767e000
:4:rocblit.cpp              :623 : 4393710558708 us: [pid:4178064 tid: 0x7f422aff0200] HSA Copy Using Pinned resource size 33554432
:4:rocblit.cpp              :687 : 4393710558717 us: [pid:4178064 tid: 0x7f422aff0200] HSA Async Copy staged D2H
:4:rocblit.cpp              :503 : 4393710558725 us: [pid:4178064 tid: 0x7f422aff0200] Last copy mask 0x2
:4:rocblit.cpp              :520 : 4393710558730 us: [pid:4178064 tid: 0x7f422aff0200] HSA Async Copy on copy_engine=0x2, dst=0x7f408767e010, src=0x7f3ff4a00000, size=33554432, forceSDMA=0, wait_event=0x0, completion_signal=0x7f4221bfde80
:4:rocvirtual.cpp           :622 : 4393710558742 us: [pid:4178064 tid: 0x7f422aff0200] Host wait on completion_signal=0x7f4221bfde80
:3:rocvirtual.hpp           :56  : 4393710558750 us: [pid:4178064 tid: 0x7f422aff0200] Host active wait for Signal = (0x7f4221bfde80) for -1 ns
:4:rocmemory.cpp            :1018: 4393710571110 us: [pid:4178064 tid: 0x7f422aff0200] Locking to pool 0x37ca7ed0, size 0x2001000, HostPtr = 0x7f408967e000, DevPtr = 0x7f408967e000
:4:rocblit.cpp              :623 : 4393710571130 us: [pid:4178064 tid: 0x7f422aff0200] HSA Copy Using Pinned resource size 33554432
:4:rocblit.cpp              :687 : 4393710571138 us: [pid:4178064 tid: 0x7f422aff0200] HSA Async Copy staged D2H
:4:rocblit.cpp              :503 : 4393710571145 us: [pid:4178064 tid: 0x7f422aff0200] Last copy mask 0x2
:4:rocblit.cpp              :520 : 4393710571151 us: [pid:4178064 tid: 0x7f422aff0200] HSA Async Copy on copy_engine=0x2, dst=0x7f408967e010, src=0x7f3ff6a00000, size=33554432, forceSDMA=0, wait_event=0x0, completion_signal=0x7f4221bfe700
:4:rocvirtual.cpp           :622 : 4393710571162 us: [pid:4178064 tid: 0x7f422aff0200] Host wait on completion_signal=0x7f4221bfe700
:3:rocvirtual.hpp           :56  : 4393710571170 us: [pid:4178064 tid: 0x7f422aff0200] Host active wait for Signal = (0x7f4221bfe700) for -1 ns
:4:rocmemory.cpp            :1018: 4393710583452 us: [pid:4178064 tid: 0x7f422aff0200] Locking to pool 0x37ca7ed0, size 0x2001000, HostPtr = 0x7f408b67e000, DevPtr = 0x7f408b67e000
:4:rocblit.cpp              :623 : 4393710583472 us: [pid:4178064 tid: 0x7f422aff0200] HSA Copy Using Pinned resource size 33554432
:4:rocblit.cpp              :687 : 4393710583480 us: [pid:4178064 tid: 0x7f422aff0200] HSA Async Copy staged D2H
:4:rocblit.cpp              :503 : 4393710583488 us: [pid:4178064 tid: 0x7f422aff0200] Last copy mask 0x2
:4:rocblit.cpp              :520 : 4393710583493 us: [pid:4178064 tid: 0x7f422aff0200] HSA Async Copy on copy_engine=0x2, dst=0x7f408b67e010, src=0x7f3ff8a00000, size=33554432, forceSDMA=0, wait_event=0x0, completion_signal=0x7f4221bfe800
:4:rocvirtual.cpp           :622 : 4393710583505 us: [pid:4178064 tid: 0x7f422aff0200] Host wait on completion_signal=0x7f4221bfe800
:3:rocvirtual.hpp           :56  : 4393710583518 us: [pid:4178064 tid: 0x7f422aff0200] Host active wait for Signal = (0x7f4221bfe800) for -1 ns
:4:rocmemory.cpp            :1018: 4393710595718 us: [pid:4178064 tid: 0x7f422aff0200] Locking to pool 0x37ca7ed0, size 0x2001000, HostPtr = 0x7f408d67e000, DevPtr = 0x7f408d67e000
:4:rocblit.cpp              :623 : 4393710595753 us: [pid:4178064 tid: 0x7f422aff0200] HSA Copy Using Pinned resource size 33554432
:4:rocblit.cpp              :687 : 4393710595769 us: [pid:4178064 tid: 0x7f422aff0200] HSA Async Copy staged D2H
:4:rocblit.cpp              :503 : 4393710595777 us: [pid:4178064 tid: 0x7f422aff0200] Last copy mask 0x2
:4:rocblit.cpp              :520 : 4393710595782 us: [pid:4178064 tid: 0x7f422aff0200] HSA Async Copy on copy_engine=0x2, dst=0x7f408d67e010, src=0x7f3ffaa00000, size=33554432, forceSDMA=0, wait_event=0x0, completion_signal=0x7f4221bfe880
:4:rocvirtual.cpp           :622 : 4393710595794 us: [pid:4178064 tid: 0x7f422aff0200] Host wait on completion_signal=0x7f4221bfe880
:3:rocvirtual.hpp           :56  : 4393710595801 us: [pid:4178064 tid: 0x7f422aff0200] Host active wait for Signal = (0x7f4221bfe880) for -1 ns
:4:rocmemory.cpp            :1018: 4393710607707 us: [pid:4178064 tid: 0x7f422aff0200] Locking to pool 0x37ca7ed0, size 0x2001000, HostPtr = 0x7f408f67e000, DevPtr = 0x7f408f67e000
:4:rocblit.cpp              :623 : 4393710607731 us: [pid:4178064 tid: 0x7f422aff0200] HSA Copy Using Pinned resource size 33554432
:4:rocblit.cpp              :687 : 4393710608137 us: [pid:4178064 tid: 0x7f422aff0200] HSA Async Copy staged D2H
:4:rocblit.cpp              :503 : 4393710608146 us: [pid:4178064 tid: 0x7f422aff0200] Last copy mask 0x2
:4:rocblit.cpp              :520 : 4393710608151 us: [pid:4178064 tid: 0x7f422aff0200] HSA Async Copy on copy_engine=0x2, dst=0x7f408f67e010, src=0x7f3ffca00000, size=33554432, forceSDMA=0, wait_event=0x0, completion_signal=0x7f4221bfe780
:4:rocvirtual.cpp           :622 : 4393710608162 us: [pid:4178064 tid: 0x7f422aff0200] Host wait on completion_signal=0x7f4221bfe780
:3:rocvirtual.hpp           :56  : 4393710608170 us: [pid:4178064 tid: 0x7f422aff0200] Host active wait for Signal = (0x7f4221bfe780) for -1 ns
:4:rocmemory.cpp            :1018: 4393710620432 us: [pid:4178064 tid: 0x7f422aff0200] Locking to pool 0x37ca7ed0, size 0x2001000, HostPtr = 0x7f409167e000, DevPtr = 0x7f409167e000
:4:rocblit.cpp              :623 : 4393710620453 us: [pid:4178064 tid: 0x7f422aff0200] HSA Copy Using Pinned resource size 33554432
:4:rocblit.cpp              :687 : 4393710620461 us: [pid:4178064 tid: 0x7f422aff0200] HSA Async Copy staged D2H
:4:rocblit.cpp              :503 : 4393710620466 us: [pid:4178064 tid: 0x7f422aff0200] Last copy mask 0x2
:4:rocblit.cpp              :520 : 4393710620471 us: [pid:4178064 tid: 0x7f422aff0200] HSA Async Copy on copy_engine=0x2, dst=0x7f409167e010, src=0x7f3ffea00000, size=33554432, forceSDMA=0, wait_event=0x0, completion_signal=0x7f4221bfe580
:4:rocvirtual.cpp           :622 : 4393710620483 us: [pid:4178064 tid: 0x7f422aff0200] Host wait on completion_signal=0x7f4221bfe580
:3:rocvirtual.hpp           :56  : 4393710620490 us: [pid:4178064 tid: 0x7f422aff0200] Host active wait for Signal = (0x7f4221bfe580) for -1 ns
:4:rocmemory.cpp            :1018: 4393710632761 us: [pid:4178064 tid: 0x7f422aff0200] Locking to pool 0x37ca7ed0, size 0x2001000, HostPtr = 0x7f409367e000, DevPtr = 0x7f409367e000
:4:rocblit.cpp              :623 : 4393710632780 us: [pid:4178064 tid: 0x7f422aff0200] HSA Copy Using Pinned resource size 33554432
:4:rocblit.cpp              :687 : 4393710632788 us: [pid:4178064 tid: 0x7f422aff0200] HSA Async Copy staged D2H
:4:rocblit.cpp              :503 : 4393710632797 us: [pid:4178064 tid: 0x7f422aff0200] Last copy mask 0x2
:4:rocblit.cpp              :520 : 4393710632802 us: [pid:4178064 tid: 0x7f422aff0200] HSA Async Copy on copy_engine=0x2, dst=0x7f409367e010, src=0x7f4000a00000, size=33554432, forceSDMA=0, wait_event=0x0, completion_signal=0x7f4221bfdf00
:4:rocvirtual.cpp           :622 : 4393710632813 us: [pid:4178064 tid: 0x7f422aff0200] Host wait on completion_signal=0x7f4221bfdf00
:3:rocvirtual.hpp           :56  : 4393710632821 us: [pid:4178064 tid: 0x7f422aff0200] Host active wait for Signal = (0x7f4221bfdf00) for -1 ns
:4:rocmemory.cpp            :1018: 4393710645028 us: [pid:4178064 tid: 0x7f422aff0200] Locking to pool 0x37ca7ed0, size 0x2001000, HostPtr = 0x7f409567e000, DevPtr = 0x7f409567e000
:4:rocblit.cpp              :623 : 4393710645052 us: [pid:4178064 tid: 0x7f422aff0200] HSA Copy Using Pinned resource size 33554432
:4:rocblit.cpp              :687 : 4393710645072 us: [pid:4178064 tid: 0x7f422aff0200] HSA Async Copy staged D2H
:4:rocblit.cpp              :503 : 4393710645081 us: [pid:4178064 tid: 0x7f422aff0200] Last copy mask 0x2
:4:rocblit.cpp              :520 : 4393710645086 us: [pid:4178064 tid: 0x7f422aff0200] HSA Async Copy on copy_engine=0x2, dst=0x7f409567e010, src=0x7f4002a00000, size=33554432, forceSDMA=0, wait_event=0x0, completion_signal=0x7f4221bfe900
:4:rocvirtual.cpp           :622 : 4393710645098 us: [pid:4178064 tid: 0x7f422aff0200] Host wait on completion_signal=0x7f4221bfe900
:3:rocvirtual.hpp           :56  : 4393710645108 us: [pid:4178064 tid: 0x7f422aff0200] Host active wait for Signal = (0x7f4221bfe900) for -1 ns
:4:rocmemory.cpp            :1018: 4393710657926 us: [pid:4178064 tid: 0x7f422aff0200] Locking to pool 0x37ca7ed0, size 0x2001000, HostPtr = 0x7f409767e000, DevPtr = 0x7f409767e000
:4:rocblit.cpp              :623 : 4393710657958 us: [pid:4178064 tid: 0x7f422aff0200] HSA Copy Using Pinned resource size 33554432
:4:rocblit.cpp              :687 : 4393710657966 us: [pid:4178064 tid: 0x7f422aff0200] HSA Async Copy staged D2H
:4:rocblit.cpp              :503 : 4393710657973 us: [pid:4178064 tid: 0x7f422aff0200] Last copy mask 0x2
:4:rocblit.cpp              :520 : 4393710657978 us: [pid:4178064 tid: 0x7f422aff0200] HSA Async Copy on copy_engine=0x2, dst=0x7f409767e010, src=0x7f4004a00000, size=33554432, forceSDMA=0, wait_event=0x0, completion_signal=0x7f4221bfea00
:4:rocvirtual.cpp           :622 : 4393710657989 us: [pid:4178064 tid: 0x7f422aff0200] Host wait on completion_signal=0x7f4221bfea00
:3:rocvirtual.hpp           :56  : 4393710657997 us: [pid:4178064 tid: 0x7f422aff0200] Host active wait for Signal = (0x7f4221bfea00) for -1 ns
:4:rocmemory.cpp            :1018: 4393710666488 us: [pid:4178064 tid: 0x7f422aff0200] Locking to pool 0x37ca7ed0, size 0x14c1000, HostPtr = 0x7f409967e000, DevPtr = 0x7f409967e000
:4:rocblit.cpp              :623 : 4393710666508 us: [pid:4178064 tid: 0x7f422aff0200] HSA Copy Using Pinned resource size 21757952
:4:rocblit.cpp              :687 : 4393710666516 us: [pid:4178064 tid: 0x7f422aff0200] HSA Async Copy staged D2H
:4:rocblit.cpp              :503 : 4393710666529 us: [pid:4178064 tid: 0x7f422aff0200] Last copy mask 0x2
:4:rocblit.cpp              :520 : 4393710666534 us: [pid:4178064 tid: 0x7f422aff0200] HSA Async Copy on copy_engine=0x2, dst=0x7f409967e010, src=0x7f4006a00000, size=21757952, forceSDMA=0, wait_event=0x0, completion_signal=0x7f4221bfea80
:4:rocvirtual.cpp           :622 : 4393710666545 us: [pid:4178064 tid: 0x7f422aff0200] Host wait on completion_signal=0x7f4221bfea80
:3:rocvirtual.hpp           :56  : 4393710666553 us: [pid:4178064 tid: 0x7f422aff0200] Host active wait for Signal = (0x7f4221bfea80) for -1 ns
:4:commandqueue.cpp         :161 : 4393710667331 us: [pid:4178064 tid: 0x7f422aff0200] Marker queued to ensure finish
:4:command.cpp              :359 : 4393710667339 us: [pid:4178064 tid: 0x7f422aff0200] Command (InternalMarker) enqueued: 0x384c9af0
:3:rocvirtual.cpp           :533 : 4393710667356 us: [pid:4178064 tid: 0x7f422aff0200] Set Handler: handle(0x7f4221bfc680), timestamp(0x381c6bb0)
:4:rocvirtual.cpp           :1147: 4393710667366 us: [pid:4178064 tid: 0x7f422aff0200] SWq=0x7f4221d5c000, HWq=0x7f420cc00000, id=1, BarrierAND Header = 0x1503 (type=3, barrier=1, acquire=2, release=2), dep_signal=[0x0, 0x0, 0x0, 0x0, 0x0], completion_signal=0x7f4221bfc680
:3:rocvirtual.hpp           :56  : 4393710667377 us: [pid:4178064 tid: 0x7f422aff0200] Host active wait for Signal = (0x7f4221bfc680) for -1 ns
:4:commandqueue.cpp         :184 : 4393710667386 us: [pid:4178064 tid: 0x7f422aff0200] All commands finished
:3:hip_memory.cpp           :796 : 4393710667393 us: [pid:4178064 tid: 0x7f422aff0200] hipMemcpy: Returned hipSuccess : : duration: 184533 us
:3:rocvirtual.cpp           :226 : 4393710667396 us: [pid:4178064 tid: 0x7f40f11ff6c0] Handler: value(0), timestamp(0x383dd020), handle(0x7f4221bfc680)
:3:hip_memory.cpp           :3476: 4393710667410 us: [pid:4178064 tid: 0x7f422aff0200] [32m hipMemset ( 0x7f3feaa00000, 0, 491520000 ) [0m
:4:command.cpp              :169 : 4393710667864 us: [pid:4178064 tid: 0x7f40f11ff6c0] Command 0x384c98b0 complete
:4:command.cpp              :359 : 4393710667880 us: [pid:4178064 tid: 0x7f422aff0200] Command (FillBuffer) enqueued: 0x38368cd0
:4:command.cpp              :163 : 4393710667891 us: [pid:4178064 tid: 0x7f40f11ff6c0] Command 0x384c9af0 complete (Wall: 4393710667889, CPU: 0, GPU: 542 us)
:3:rocvirtual.cpp           :762 : 4393710667903 us: [pid:4178064 tid: 0x7f422aff0200] Arg0: void* buf = ptr:0x7f3feaa00000
:3:rocvirtual.cpp           :778 : 4393710667919 us: [pid:4178064 tid: 0x7f422aff0200] Arg0: void* buf = ptr:0x7f3feaa00000 obj:[0x7f3feaa00000-0x7f4007ec0000]
:3:rocvirtual.cpp           :762 : 4393710667927 us: [pid:4178064 tid: 0x7f422aff0200] Arg1: uchar* pattern = ptr:0x7f420ca00000
:3:rocvirtual.cpp           :853 : 4393710667935 us: [pid:4178064 tid: 0x7f422aff0200] Arg2: uint pattern_size = val:1
:3:rocvirtual.cpp           :853 : 4393710667940 us: [pid:4178064 tid: 0x7f422aff0200] Arg3: uint alignment = val:16
:3:rocvirtual.cpp           :853 : 4393710667945 us: [pid:4178064 tid: 0x7f422aff0200] Arg4: ulong end_ptr = val:139912987541504
:3:rocvirtual.cpp           :853 : 4393710667953 us: [pid:4178064 tid: 0x7f422aff0200] Arg5: uint next_chunk = val:26624
:3:rocvirtual.cpp           :3236: 4393710667958 us: [pid:4178064 tid: 0x7f422aff0200] ShaderName : __amd_rocclr_fillBufferAligned
:3:rocvirtual.cpp           :3449: 4393710667966 us: [pid:4178064 tid: 0x7f422aff0200] KernargSegmentByteSize = 296 KernargSegmentAlignment = 128
:4:rocvirtual.cpp           :965 : 4393710668396 us: [pid:4178064 tid: 0x7f422aff0200] SWq=0x7f4221d5c000, HWq=0x7f420cc00000, id=1, Dispatch Header = 0x1502 (type=2, barrier=1, acquire=2, release=2), setup=1, grid=[26624, 1, 1], workgroup=[256, 1, 1], private_seg_size=0, group_seg_size=0, kernel_obj=0x7f4221d4dd40, kernarg_address=0x7f420ca00100, completion_signal=0x0, correlation_id=0, rptr=139, wptr=139
:3:hip_memory.cpp           :3477: 4393710668411 us: [pid:4178064 tid: 0x7f422aff0200] hipMemset: Returned hipSuccess : 
:3:hip_device_runtime.cpp   :641 : 4393710668417 us: [pid:4178064 tid: 0x7f422aff0200] [32m hipDeviceSynchronize (  ) [0m
:4:commandqueue.cpp         :161 : 4393710668423 us: [pid:4178064 tid: 0x7f422aff0200] Marker queued to ensure finish
:4:command.cpp              :359 : 4393710668428 us: [pid:4178064 tid: 0x7f422aff0200] Command (InternalMarker) enqueued: 0x384c9af0
:3:rocvirtual.cpp           :533 : 4393710668441 us: [pid:4178064 tid: 0x7f422aff0200] Set Handler: handle(0x7f4221bfc580), timestamp(0x381c7280)
:4:rocvirtual.cpp           :1147: 4393710668449 us: [pid:4178064 tid: 0x7f422aff0200] SWq=0x7f4221d5c000, HWq=0x7f420cc00000, id=1, BarrierAND Header = 0x1503 (type=3, barrier=1, acquire=2, release=2), dep_signal=[0x0, 0x0, 0x0, 0x0, 0x0], completion_signal=0x7f4221bfc580
:3:rocvirtual.hpp           :56  : 4393710668460 us: [pid:4178064 tid: 0x7f422aff0200] Host active wait for Signal = (0x7f4221bfc580) for -1 ns
:4:commandqueue.cpp         :184 : 4393710668827 us: [pid:4178064 tid: 0x7f422aff0200] All commands finished
:3:rocvirtual.cpp           :226 : 4393710668828 us: [pid:4178064 tid: 0x7f40f11ff6c0] Handler: value(0), timestamp(0x381c6ce0), handle(0x7f4221bfc580)
:4:command.cpp              :169 : 4393710668950 us: [pid:4178064 tid: 0x7f40f11ff6c0] Command 0x38368cd0 complete
:4:command.cpp              :163 : 4393710668958 us: [pid:4178064 tid: 0x7f40f11ff6c0] Command 0x384c9af0 complete (Wall: 4393710668957, CPU: 0, GPU: 521 us)
:3:hip_device_runtime.cpp   :645 : 4393710668937 us: [pid:4178064 tid: 0x7f422aff0200] hipDeviceSynchronize: Returned hipSuccess : 
:3:hip_platform.cpp         :237 : 4393710668986 us: [pid:4178064 tid: 0x7f422aff0200] [32m __hipPushCallConfiguration ( {8,1,1}, {128,1,1}, 0, stream:<null> ) [0m
:3:hip_platform.cpp         :241 : 4393710668995 us: [pid:4178064 tid: 0x7f422aff0200] __hipPushCallConfiguration: Returned hipSuccess : 
:3:hip_platform.cpp         :246 : 4393710669010 us: [pid:4178064 tid: 0x7f422aff0200] [32m __hipPopCallConfiguration ( {896886866,32578,128}, {2118224,0,3252094336}, 0x7ffec1d702d0, 0x7ffec1d702c8 ) [0m
:3:hip_platform.cpp         :255 : 4393710669018 us: [pid:4178064 tid: 0x7f422aff0200] __hipPopCallConfiguration: Returned hipSuccess : 
:3:hip_module.cpp           :744 : 4393710669030 us: [pid:4178064 tid: 0x7f422aff0200] [32m hipLaunchKernel ( 0x200fe0, {8,1,1}, {128,1,1}, 0x7ffec1d70280, 0, stream:<null> ) [0m
:4:command.cpp              :359 : 4393710669045 us: [pid:4178064 tid: 0x7f422aff0200] Command (KernelExecution) enqueued: 0x384c98b0
:3:rocvirtual.cpp           :762 : 4393710669515 us: [pid:4178064 tid: 0x7f422aff0200] Arg0:   = ptr:0x7f4008200000
:3:rocvirtual.cpp           :778 : 4393710669906 us: [pid:4178064 tid: 0x7f422aff0200] Arg0:   = ptr:0x7f4008200000 obj:[0x7f4008200000-0x7f40256c0000]
:3:rocvirtual.cpp           :762 : 4393710669914 us: [pid:4178064 tid: 0x7f422aff0200] Arg1:   = ptr:0x7f4207c27000
:3:rocvirtual.cpp           :778 : 4393710669918 us: [pid:4178064 tid: 0x7f422aff0200] Arg1:   = ptr:0x7f4207c27000 obj:[0x7f4207c27000-0x7f4207c87000]
:3:rocvirtual.cpp           :762 : 4393710669926 us: [pid:4178064 tid: 0x7f422aff0200] Arg2:   = ptr:0x7f3feaa00000
:3:rocvirtual.cpp           :778 : 4393710669930 us: [pid:4178064 tid: 0x7f422aff0200] Arg2:   = ptr:0x7f3feaa00000 obj:[0x7f3feaa00000-0x7f4007ec0000]
:3:rocvirtual.cpp           :853 : 4393710669938 us: [pid:4178064 tid: 0x7f422aff0200] Arg3:   = val:12288
:3:rocvirtual.cpp           :762 : 4393710669943 us: [pid:4178064 tid: 0x7f422aff0200] Arg4:   = ptr:0x7f4207c00000
:3:rocvirtual.cpp           :778 : 4393710669948 us: [pid:4178064 tid: 0x7f422aff0200] Arg4:   = ptr:0x7f4207c00000 obj:[0x7f4207c00000-0x7f4207c00024]
:3:rocvirtual.cpp           :3236: 4393710669955 us: [pid:4178064 tid: 0x7f422aff0200] ShaderName : void dense_esuhm2<float>(float const*, float const*, float*, int, int const*)
:3:rocvirtual.cpp           :3449: 4393710669964 us: [pid:4178064 tid: 0x7f422aff0200] KernargSegmentByteSize = 296 KernargSegmentAlignment = 128
:4:rocvirtual.cpp           :965 : 4393710669973 us: [pid:4178064 tid: 0x7f422aff0200] SWq=0x7f4221d5c000, HWq=0x7f420cc00000, id=1, Dispatch Header = 0xb02 (type=2, barrier=1, acquire=1, release=1), setup=3, grid=[1024, 1, 1], workgroup=[128, 1, 1], private_seg_size=140, group_seg_size=0, kernel_obj=0x7f4221d219c0, kernarg_address=0x7f420ca00280, completion_signal=0x0, correlation_id=0, rptr=141, wptr=141
:3:hip_module.cpp           :745 : 4393710669987 us: [pid:4178064 tid: 0x7f422aff0200] hipLaunchKernel: Returned hipSuccess : : duration: 957 us
:3:hip_device_runtime.cpp   :641 : 4393710669996 us: [pid:4178064 tid: 0x7f422aff0200] [32m hipDeviceSynchronize (  ) [0m
:4:commandqueue.cpp         :161 : 4393710670410 us: [pid:4178064 tid: 0x7f422aff0200] Marker queued to ensure finish
:4:command.cpp              :359 : 4393710670415 us: [pid:4178064 tid: 0x7f422aff0200] Command (InternalMarker) enqueued: 0x384c9af0
:3:rocvirtual.cpp           :533 : 4393710670428 us: [pid:4178064 tid: 0x7f422aff0200] Set Handler: handle(0x7f4221bfc600), timestamp(0x38350d20)
:4:rocvirtual.cpp           :1147: 4393710670436 us: [pid:4178064 tid: 0x7f422aff0200] SWq=0x7f4221d5c000, HWq=0x7f420cc00000, id=1, BarrierAND Header = 0x1503 (type=3, barrier=1, acquire=2, release=2), dep_signal=[0x0, 0x0, 0x0, 0x0, 0x0], completion_signal=0x7f4221bfc600
:3:rocvirtual.hpp           :56  : 4393710670447 us: [pid:4178064 tid: 0x7f422aff0200] Host active wait for Signal = (0x7f4221bfc600) for -1 ns
:3:rocvirtual.cpp           :226 : 4393710671152 us: [pid:4178064 tid: 0x7f40f11ff6c0] Handler: value(0), timestamp(0x381c6c70), handle(0x7f4221bfc600)
:4:command.cpp              :169 : 4393710671169 us: [pid:4178064 tid: 0x7f40f11ff6c0] Command 0x384c98b0 complete
:4:command.cpp              :163 : 4393710671178 us: [pid:4178064 tid: 0x7f40f11ff6c0] Command 0x384c9af0 complete (Wall: 4393710671176, CPU: 0, GPU: 754 us)
:4:commandqueue.cpp         :184 : 4393710671152 us: [pid:4178064 tid: 0x7f422aff0200] All commands finished
:3:hip_device_runtime.cpp   :645 : 4393710671204 us: [pid:4178064 tid: 0x7f422aff0200] hipDeviceSynchronize: Returned hipSuccess : 
:3:hip_memory.cpp           :795 : 4393710671219 us: [pid:4178064 tid: 0x7f422aff0200] [32m hipMemcpy ( 0x7f40601bd010, 0x7f3feaa00000, 491520000, hipMemcpyDeviceToHost ) [0m
:4:command.cpp              :359 : 4393710671233 us: [pid:4178064 tid: 0x7f422aff0200] Command (CopyDeviceToHost) enqueued: 0x384c98b0
:4:rocblit.cpp              :1673: 4393710671241 us: [pid:4178064 tid: 0x7f422aff0200] Unpinned read path, Async = 0
:4:rocmemory.cpp            :1018: 4393710681515 us: [pid:4178064 tid: 0x7f422aff0200] Locking to pool 0x37ca7ed0, size 0x2001000, HostPtr = 0x7f40601bd000, DevPtr = 0x7f40601bd000
:4:rocblit.cpp              :623 : 4393710681532 us: [pid:4178064 tid: 0x7f422aff0200] HSA Copy Using Pinned resource size 33554432
:4:rocblit.cpp              :687 : 4393710681541 us: [pid:4178064 tid: 0x7f422aff0200] HSA Async Copy staged D2H
:4:rocblit.cpp              :503 : 4393710681548 us: [pid:4178064 tid: 0x7f422aff0200] Last copy mask 0x0
:4:rocblit.cpp              :509 : 4393710681555 us: [pid:4178064 tid: 0x7f422aff0200] Query copy engine status 0, free_engine mask 0x1e
:4:rocblit.cpp              :520 : 4393710681562 us: [pid:4178064 tid: 0x7f422aff0200] HSA Async Copy on copy_engine=0x2, dst=0x7f40601bd010, src=0x7f3feaa00000, size=33554432, forceSDMA=0, wait_event=0x0, completion_signal=0x7f4221bfe080
:4:rocvirtual.cpp           :622 : 4393710681572 us: [pid:4178064 tid: 0x7f422aff0200] Host wait on completion_signal=0x7f4221bfe080
:3:rocvirtual.hpp           :56  : 4393710681579 us: [pid:4178064 tid: 0x7f422aff0200] Host active wait for Signal = (0x7f4221bfe080) for -1 ns
:4:rocmemory.cpp            :1018: 4393710692876 us: [pid:4178064 tid: 0x7f422aff0200] Locking to pool 0x37ca7ed0, size 0x2001000, HostPtr = 0x7f40621bd000, DevPtr = 0x7f40621bd000
:4:rocblit.cpp              :623 : 4393710692895 us: [pid:4178064 tid: 0x7f422aff0200] HSA Copy Using Pinned resource size 33554432
:4:rocblit.cpp              :687 : 4393710692903 us: [pid:4178064 tid: 0x7f422aff0200] HSA Async Copy staged D2H
:4:rocblit.cpp              :503 : 4393710692910 us: [pid:4178064 tid: 0x7f422aff0200] Last copy mask 0x2
:4:rocblit.cpp              :520 : 4393710692915 us: [pid:4178064 tid: 0x7f422aff0200] HSA Async Copy on copy_engine=0x2, dst=0x7f40621bd010, src=0x7f3feca00000, size=33554432, forceSDMA=0, wait_event=0x0, completion_signal=0x7f4221bfe000
:4:rocvirtual.cpp           :622 : 4393710692925 us: [pid:4178064 tid: 0x7f422aff0200] Host wait on completion_signal=0x7f4221bfe000
:3:rocvirtual.hpp           :56  : 4393710692932 us: [pid:4178064 tid: 0x7f422aff0200] Host active wait for Signal = (0x7f4221bfe000) for -1 ns
:4:rocmemory.cpp            :1018: 4393710704531 us: [pid:4178064 tid: 0x7f422aff0200] Locking to pool 0x37ca7ed0, size 0x2001000, HostPtr = 0x7f40641bd000, DevPtr = 0x7f40641bd000
:4:rocblit.cpp              :623 : 4393710704549 us: [pid:4178064 tid: 0x7f422aff0200] HSA Copy Using Pinned resource size 33554432
:4:rocblit.cpp              :687 : 4393710704558 us: [pid:4178064 tid: 0x7f422aff0200] HSA Async Copy staged D2H
:4:rocblit.cpp              :503 : 4393710704566 us: [pid:4178064 tid: 0x7f422aff0200] Last copy mask 0x2
:4:rocblit.cpp              :520 : 4393710704570 us: [pid:4178064 tid: 0x7f422aff0200] HSA Async Copy on copy_engine=0x2, dst=0x7f40641bd010, src=0x7f3feea00000, size=33554432, forceSDMA=0, wait_event=0x0, completion_signal=0x7f4221bfe380
:4:rocvirtual.cpp           :622 : 4393710704581 us: [pid:4178064 tid: 0x7f422aff0200] Host wait on completion_signal=0x7f4221bfe380
:3:rocvirtual.hpp           :56  : 4393710704588 us: [pid:4178064 tid: 0x7f422aff0200] Host active wait for Signal = (0x7f4221bfe380) for -1 ns
:4:rocmemory.cpp            :1018: 4393710715915 us: [pid:4178064 tid: 0x7f422aff0200] Locking to pool 0x37ca7ed0, size 0x2001000, HostPtr = 0x7f40661bd000, DevPtr = 0x7f40661bd000
:4:rocblit.cpp              :623 : 4393710715939 us: [pid:4178064 tid: 0x7f422aff0200] HSA Copy Using Pinned resource size 33554432
:4:rocblit.cpp              :687 : 4393710715947 us: [pid:4178064 tid: 0x7f422aff0200] HSA Async Copy staged D2H
:4:rocblit.cpp              :503 : 4393710715954 us: [pid:4178064 tid: 0x7f422aff0200] Last copy mask 0x2
:4:rocblit.cpp              :520 : 4393710715960 us: [pid:4178064 tid: 0x7f422aff0200] HSA Async Copy on copy_engine=0x2, dst=0x7f40661bd010, src=0x7f3ff0a00000, size=33554432, forceSDMA=0, wait_event=0x0, completion_signal=0x7f4221bfe180
:4:rocvirtual.cpp           :622 : 4393710715972 us: [pid:4178064 tid: 0x7f422aff0200] Host wait on completion_signal=0x7f4221bfe180
:3:rocvirtual.hpp           :56  : 4393710715980 us: [pid:4178064 tid: 0x7f422aff0200] Host active wait for Signal = (0x7f4221bfe180) for -1 ns
:4:rocmemory.cpp            :1018: 4393710727430 us: [pid:4178064 tid: 0x7f422aff0200] Locking to pool 0x37ca7ed0, size 0x2001000, HostPtr = 0x7f40681bd000, DevPtr = 0x7f40681bd000
:4:rocblit.cpp              :623 : 4393710727447 us: [pid:4178064 tid: 0x7f422aff0200] HSA Copy Using Pinned resource size 33554432
:4:rocblit.cpp              :687 : 4393710727455 us: [pid:4178064 tid: 0x7f422aff0200] HSA Async Copy staged D2H
:4:rocblit.cpp              :503 : 4393710727460 us: [pid:4178064 tid: 0x7f422aff0200] Last copy mask 0x2
:4:rocblit.cpp              :520 : 4393710727465 us: [pid:4178064 tid: 0x7f422aff0200] HSA Async Copy on copy_engine=0x2, dst=0x7f40681bd010, src=0x7f3ff2a00000, size=33554432, forceSDMA=0, wait_event=0x0, completion_signal=0x7f4221bfdf80
:4:rocvirtual.cpp           :622 : 4393710727475 us: [pid:4178064 tid: 0x7f422aff0200] Host wait on completion_signal=0x7f4221bfdf80
:3:rocvirtual.hpp           :56  : 4393710727482 us: [pid:4178064 tid: 0x7f422aff0200] Host active wait for Signal = (0x7f4221bfdf80) for -1 ns
:4:rocmemory.cpp            :1018: 4393710739387 us: [pid:4178064 tid: 0x7f422aff0200] Locking to pool 0x37ca7ed0, size 0x2001000, HostPtr = 0x7f406a1bd000, DevPtr = 0x7f406a1bd000
:4:rocblit.cpp              :623 : 4393710739433 us: [pid:4178064 tid: 0x7f422aff0200] HSA Copy Using Pinned resource size 33554432
:4:rocblit.cpp              :687 : 4393710739448 us: [pid:4178064 tid: 0x7f422aff0200] HSA Async Copy staged D2H
:4:rocblit.cpp              :503 : 4393710739459 us: [pid:4178064 tid: 0x7f422aff0200] Last copy mask 0x2
:4:rocblit.cpp              :520 : 4393710739464 us: [pid:4178064 tid: 0x7f422aff0200] HSA Async Copy on copy_engine=0x2, dst=0x7f406a1bd010, src=0x7f3ff4a00000, size=33554432, forceSDMA=0, wait_event=0x0, completion_signal=0x7f4221bfe100
:4:rocvirtual.cpp           :622 : 4393710739476 us: [pid:4178064 tid: 0x7f422aff0200] Host wait on completion_signal=0x7f4221bfe100
:3:rocvirtual.hpp           :56  : 4393710739484 us: [pid:4178064 tid: 0x7f422aff0200] Host active wait for Signal = (0x7f4221bfe100) for -1 ns
:4:rocmemory.cpp            :1018: 4393710751360 us: [pid:4178064 tid: 0x7f422aff0200] Locking to pool 0x37ca7ed0, size 0x2001000, HostPtr = 0x7f406c1bd000, DevPtr = 0x7f406c1bd000
:4:rocblit.cpp              :623 : 4393710751385 us: [pid:4178064 tid: 0x7f422aff0200] HSA Copy Using Pinned resource size 33554432
:4:rocblit.cpp              :687 : 4393710751393 us: [pid:4178064 tid: 0x7f422aff0200] HSA Async Copy staged D2H
:4:rocblit.cpp              :503 : 4393710751401 us: [pid:4178064 tid: 0x7f422aff0200] Last copy mask 0x2
:4:rocblit.cpp              :520 : 4393710751407 us: [pid:4178064 tid: 0x7f422aff0200] HSA Async Copy on copy_engine=0x2, dst=0x7f406c1bd010, src=0x7f3ff6a00000, size=33554432, forceSDMA=0, wait_event=0x0, completion_signal=0x7f4221bfeb00
:4:rocvirtual.cpp           :622 : 4393710751418 us: [pid:4178064 tid: 0x7f422aff0200] Host wait on completion_signal=0x7f4221bfeb00
:3:rocvirtual.hpp           :56  : 4393710751426 us: [pid:4178064 tid: 0x7f422aff0200] Host active wait for Signal = (0x7f4221bfeb00) for -1 ns
:4:rocmemory.cpp            :1018: 4393710763256 us: [pid:4178064 tid: 0x7f422aff0200] Locking to pool 0x37ca7ed0, size 0x2001000, HostPtr = 0x7f406e1bd000, DevPtr = 0x7f406e1bd000
:4:rocblit.cpp              :623 : 4393710763288 us: [pid:4178064 tid: 0x7f422aff0200] HSA Copy Using Pinned resource size 33554432
:4:rocblit.cpp              :687 : 4393710763297 us: [pid:4178064 tid: 0x7f422aff0200] HSA Async Copy staged D2H
:4:rocblit.cpp              :503 : 4393710763305 us: [pid:4178064 tid: 0x7f422aff0200] Last copy mask 0x2
:4:rocblit.cpp              :520 : 4393710763310 us: [pid:4178064 tid: 0x7f422aff0200] HSA Async Copy on copy_engine=0x2, dst=0x7f406e1bd010, src=0x7f3ff8a00000, size=33554432, forceSDMA=0, wait_event=0x0, completion_signal=0x7f4221bfec00
:4:rocvirtual.cpp           :622 : 4393710763322 us: [pid:4178064 tid: 0x7f422aff0200] Host wait on completion_signal=0x7f4221bfec00
:3:rocvirtual.hpp           :56  : 4393710763330 us: [pid:4178064 tid: 0x7f422aff0200] Host active wait for Signal = (0x7f4221bfec00) for -1 ns
:4:rocmemory.cpp            :1018: 4393710775227 us: [pid:4178064 tid: 0x7f422aff0200] Locking to pool 0x37ca7ed0, size 0x2001000, HostPtr = 0x7f40701bd000, DevPtr = 0x7f40701bd000
:4:rocblit.cpp              :623 : 4393710775255 us: [pid:4178064 tid: 0x7f422aff0200] HSA Copy Using Pinned resource size 33554432
:4:rocblit.cpp              :687 : 4393710775273 us: [pid:4178064 tid: 0x7f422aff0200] HSA Async Copy staged D2H
:4:rocblit.cpp              :503 : 4393710775281 us: [pid:4178064 tid: 0x7f422aff0200] Last copy mask 0x2
:4:rocblit.cpp              :520 : 4393710775296 us: [pid:4178064 tid: 0x7f422aff0200] HSA Async Copy on copy_engine=0x2, dst=0x7f40701bd010, src=0x7f3ffaa00000, size=33554432, forceSDMA=0, wait_event=0x0, completion_signal=0x7f4221bfec80
:4:rocvirtual.cpp           :622 : 4393710775309 us: [pid:4178064 tid: 0x7f422aff0200] Host wait on completion_signal=0x7f4221bfec80
:3:rocvirtual.hpp           :56  : 4393710775325 us: [pid:4178064 tid: 0x7f422aff0200] Host active wait for Signal = (0x7f4221bfec80) for -1 ns
:4:rocmemory.cpp            :1018: 4393710786961 us: [pid:4178064 tid: 0x7f422aff0200] Locking to pool 0x37ca7ed0, size 0x2001000, HostPtr = 0x7f40721bd000, DevPtr = 0x7f40721bd000
:4:rocblit.cpp              :623 : 4393710786980 us: [pid:4178064 tid: 0x7f422aff0200] HSA Copy Using Pinned resource size 33554432
:4:rocblit.cpp              :687 : 4393710786988 us: [pid:4178064 tid: 0x7f422aff0200] HSA Async Copy staged D2H
:4:rocblit.cpp              :503 : 4393710786994 us: [pid:4178064 tid: 0x7f422aff0200] Last copy mask 0x2
:4:rocblit.cpp              :520 : 4393710786999 us: [pid:4178064 tid: 0x7f422aff0200] HSA Async Copy on copy_engine=0x2, dst=0x7f40721bd010, src=0x7f3ffca00000, size=33554432, forceSDMA=0, wait_event=0x0, completion_signal=0x7f4221bfdd80
:4:rocvirtual.cpp           :622 : 4393710787009 us: [pid:4178064 tid: 0x7f422aff0200] Host wait on completion_signal=0x7f4221bfdd80
:3:rocvirtual.hpp           :56  : 4393710787016 us: [pid:4178064 tid: 0x7f422aff0200] Host active wait for Signal = (0x7f4221bfdd80) for -1 ns
:4:rocmemory.cpp            :1018: 4393710798786 us: [pid:4178064 tid: 0x7f422aff0200] Locking to pool 0x37ca7ed0, size 0x2001000, HostPtr = 0x7f40741bd000, DevPtr = 0x7f40741bd000
:4:rocblit.cpp              :623 : 4393710798811 us: [pid:4178064 tid: 0x7f422aff0200] HSA Copy Using Pinned resource size 33554432
:4:rocblit.cpp              :687 : 4393710798822 us: [pid:4178064 tid: 0x7f422aff0200] HSA Async Copy staged D2H
:4:rocblit.cpp              :503 : 4393710798830 us: [pid:4178064 tid: 0x7f422aff0200] Last copy mask 0x2
:4:rocblit.cpp              :520 : 4393710798836 us: [pid:4178064 tid: 0x7f422aff0200] HSA Async Copy on copy_engine=0x2, dst=0x7f40741bd010, src=0x7f3ffea00000, size=33554432, forceSDMA=0, wait_event=0x0, completion_signal=0x7f4221bfdc80
:4:rocvirtual.cpp           :622 : 4393710798846 us: [pid:4178064 tid: 0x7f422aff0200] Host wait on completion_signal=0x7f4221bfdc80
:3:rocvirtual.hpp           :56  : 4393710798858 us: [pid:4178064 tid: 0x7f422aff0200] Host active wait for Signal = (0x7f4221bfdc80) for -1 ns
:4:rocmemory.cpp            :1018: 4393710810071 us: [pid:4178064 tid: 0x7f422aff0200] Locking to pool 0x37ca7ed0, size 0x2001000, HostPtr = 0x7f40761bd000, DevPtr = 0x7f40761bd000
:4:rocblit.cpp              :623 : 4393710810101 us: [pid:4178064 tid: 0x7f422aff0200] HSA Copy Using Pinned resource size 33554432
:4:rocblit.cpp              :687 : 4393710810113 us: [pid:4178064 tid: 0x7f422aff0200] HSA Async Copy staged D2H
:4:rocblit.cpp              :503 : 4393710810122 us: [pid:4178064 tid: 0x7f422aff0200] Last copy mask 0x2
:4:rocblit.cpp              :520 : 4393710810127 us: [pid:4178064 tid: 0x7f422aff0200] HSA Async Copy on copy_engine=0x2, dst=0x7f40761bd010, src=0x7f4000a00000, size=33554432, forceSDMA=0, wait_event=0x0, completion_signal=0x7f4221bfdc00
:4:rocvirtual.cpp           :622 : 4393710810139 us: [pid:4178064 tid: 0x7f422aff0200] Host wait on completion_signal=0x7f4221bfdc00
:3:rocvirtual.hpp           :56  : 4393710810155 us: [pid:4178064 tid: 0x7f422aff0200] Host active wait for Signal = (0x7f4221bfdc00) for -1 ns
:4:rocmemory.cpp            :1018: 4393710821484 us: [pid:4178064 tid: 0x7f422aff0200] Locking to pool 0x37ca7ed0, size 0x2001000, HostPtr = 0x7f40781bd000, DevPtr = 0x7f40781bd000
:4:rocblit.cpp              :623 : 4393710821505 us: [pid:4178064 tid: 0x7f422aff0200] HSA Copy Using Pinned resource size 33554432
:4:rocblit.cpp              :687 : 4393710821513 us: [pid:4178064 tid: 0x7f422aff0200] HSA Async Copy staged D2H
:4:rocblit.cpp              :503 : 4393710821521 us: [pid:4178064 tid: 0x7f422aff0200] Last copy mask 0x2
:4:rocblit.cpp              :520 : 4393710821526 us: [pid:4178064 tid: 0x7f422aff0200] HSA Async Copy on copy_engine=0x2, dst=0x7f40781bd010, src=0x7f4002a00000, size=33554432, forceSDMA=0, wait_event=0x0, completion_signal=0x7f4221bfed00
:4:rocvirtual.cpp           :622 : 4393710821536 us: [pid:4178064 tid: 0x7f422aff0200] Host wait on completion_signal=0x7f4221bfed00
:3:rocvirtual.hpp           :56  : 4393710821544 us: [pid:4178064 tid: 0x7f422aff0200] Host active wait for Signal = (0x7f4221bfed00) for -1 ns
:4:rocmemory.cpp            :1018: 4393710833415 us: [pid:4178064 tid: 0x7f422aff0200] Locking to pool 0x37ca7ed0, size 0x2001000, HostPtr = 0x7f407a1bd000, DevPtr = 0x7f407a1bd000
:4:rocblit.cpp              :623 : 4393710833438 us: [pid:4178064 tid: 0x7f422aff0200] HSA Copy Using Pinned resource size 33554432
:4:rocblit.cpp              :687 : 4393710833446 us: [pid:4178064 tid: 0x7f422aff0200] HSA Async Copy staged D2H
:4:rocblit.cpp              :503 : 4393710833453 us: [pid:4178064 tid: 0x7f422aff0200] Last copy mask 0x2
:4:rocblit.cpp              :520 : 4393710833458 us: [pid:4178064 tid: 0x7f422aff0200] HSA Async Copy on copy_engine=0x2, dst=0x7f407a1bd010, src=0x7f4004a00000, size=33554432, forceSDMA=0, wait_event=0x0, completion_signal=0x7f4221bfee00
:4:rocvirtual.cpp           :622 : 4393710833469 us: [pid:4178064 tid: 0x7f422aff0200] Host wait on completion_signal=0x7f4221bfee00
:3:rocvirtual.hpp           :56  : 4393710833476 us: [pid:4178064 tid: 0x7f422aff0200] Host active wait for Signal = (0x7f4221bfee00) for -1 ns
:4:rocmemory.cpp            :1018: 4393710841349 us: [pid:4178064 tid: 0x7f422aff0200] Locking to pool 0x37ca7ed0, size 0x14c1000, HostPtr = 0x7f407c1bd000, DevPtr = 0x7f407c1bd000
:4:rocblit.cpp              :623 : 4393710841381 us: [pid:4178064 tid: 0x7f422aff0200] HSA Copy Using Pinned resource size 21757952
:4:rocblit.cpp              :687 : 4393710841392 us: [pid:4178064 tid: 0x7f422aff0200] HSA Async Copy staged D2H
:4:rocblit.cpp              :503 : 4393710841398 us: [pid:4178064 tid: 0x7f422aff0200] Last copy mask 0x2
:4:rocblit.cpp              :520 : 4393710841403 us: [pid:4178064 tid: 0x7f422aff0200] HSA Async Copy on copy_engine=0x2, dst=0x7f407c1bd010, src=0x7f4006a00000, size=21757952, forceSDMA=0, wait_event=0x0, completion_signal=0x7f4221bfee80
:4:rocvirtual.cpp           :622 : 4393710841413 us: [pid:4178064 tid: 0x7f422aff0200] Host wait on completion_signal=0x7f4221bfee80
:3:rocvirtual.hpp           :56  : 4393710841423 us: [pid:4178064 tid: 0x7f422aff0200] Host active wait for Signal = (0x7f4221bfee80) for -1 ns
:4:commandqueue.cpp         :161 : 4393710842199 us: [pid:4178064 tid: 0x7f422aff0200] Marker queued to ensure finish
:4:command.cpp              :359 : 4393710843400 us: [pid:4178064 tid: 0x7f422aff0200] Command (InternalMarker) enqueued: 0x384c9af0
:3:rocvirtual.cpp           :533 : 4393710843427 us: [pid:4178064 tid: 0x7f422aff0200] Set Handler: handle(0x7f4221bfc280), timestamp(0x37dfa400)
:4:rocvirtual.cpp           :1147: 4393710843436 us: [pid:4178064 tid: 0x7f422aff0200] SWq=0x7f4221d5c000, HWq=0x7f420cc00000, id=1, BarrierAND Header = 0x1503 (type=3, barrier=1, acquire=2, release=2), dep_signal=[0x0, 0x0, 0x0, 0x0, 0x0], completion_signal=0x7f4221bfc280
:3:rocvirtual.hpp           :56  : 4393710843447 us: [pid:4178064 tid: 0x7f422aff0200] Host active wait for Signal = (0x7f4221bfc280) for -1 ns
:4:commandqueue.cpp         :184 : 4393710843456 us: [pid:4178064 tid: 0x7f422aff0200] All commands finished
:3:rocvirtual.cpp           :226 : 4393710843468 us: [pid:4178064 tid: 0x7f40f11ff6c0] Handler: value(0), timestamp(0x38278620), handle(0x7f4221bfc280)
:3:hip_memory.cpp           :796 : 4393710843472 us: [pid:4178064 tid: 0x7f422aff0200] hipMemcpy: Returned hipSuccess : : duration: 172253 us
:3:hip_memory.cpp           :3476: 4393710843519 us: [pid:4178064 tid: 0x7f422aff0200] [32m hipMemset ( 0x7f3feaa00000, 0, 491520000 ) [0m
:4:command.cpp              :169 : 4393710843503 us: [pid:4178064 tid: 0x7f40f11ff6c0] Command 0x384c98b0 complete
:4:command.cpp              :359 : 4393710843534 us: [pid:4178064 tid: 0x7f422aff0200] Command (FillBuffer) enqueued: 0x38368cd0
:4:command.cpp              :163 : 4393710843547 us: [pid:4178064 tid: 0x7f40f11ff6c0] Command 0x384c9af0 complete (Wall: 4393710843545, CPU: 0, GPU: 134 us)
:3:rocvirtual.cpp           :762 : 4393710843569 us: [pid:4178064 tid: 0x7f422aff0200] Arg0: void* buf = ptr:0x7f3feaa00000
:3:rocvirtual.cpp           :778 : 4393710844373 us: [pid:4178064 tid: 0x7f422aff0200] Arg0: void* buf = ptr:0x7f3feaa00000 obj:[0x7f3feaa00000-0x7f4007ec0000]
:3:rocvirtual.cpp           :762 : 4393710844381 us: [pid:4178064 tid: 0x7f422aff0200] Arg1: uchar* pattern = ptr:0x7f420ca00000
:3:rocvirtual.cpp           :853 : 4393710844389 us: [pid:4178064 tid: 0x7f422aff0200] Arg2: uint pattern_size = val:1
:3:rocvirtual.cpp           :853 : 4393710844394 us: [pid:4178064 tid: 0x7f422aff0200] Arg3: uint alignment = val:16
:3:rocvirtual.cpp           :853 : 4393710844399 us: [pid:4178064 tid: 0x7f422aff0200] Arg4: ulong end_ptr = val:139912987541504
:3:rocvirtual.cpp           :853 : 4393710844406 us: [pid:4178064 tid: 0x7f422aff0200] Arg5: uint next_chunk = val:26624
:3:rocvirtual.cpp           :3236: 4393710844412 us: [pid:4178064 tid: 0x7f422aff0200] ShaderName : __amd_rocclr_fillBufferAligned
:3:rocvirtual.cpp           :3449: 4393710844421 us: [pid:4178064 tid: 0x7f422aff0200] KernargSegmentByteSize = 296 KernargSegmentAlignment = 128
:4:rocvirtual.cpp           :965 : 4393710844431 us: [pid:4178064 tid: 0x7f422aff0200] SWq=0x7f4221d5c000, HWq=0x7f420cc00000, id=1, Dispatch Header = 0x1502 (type=2, barrier=1, acquire=2, release=2), setup=1, grid=[26624, 1, 1], workgroup=[256, 1, 1], private_seg_size=0, group_seg_size=0, kernel_obj=0x7f4221d4dd40, kernarg_address=0x7f420ca00100, completion_signal=0x0, correlation_id=0, rptr=144, wptr=144
:3:hip_memory.cpp           :3477: 4393710844452 us: [pid:4178064 tid: 0x7f422aff0200] hipMemset: Returned hipSuccess : 
:3:hip_device_runtime.cpp   :641 : 4393710844461 us: [pid:4178064 tid: 0x7f422aff0200] [32m hipDeviceSynchronize (  ) [0m
:4:commandqueue.cpp         :161 : 4393710844470 us: [pid:4178064 tid: 0x7f422aff0200] Marker queued to ensure finish
:4:command.cpp              :359 : 4393710844476 us: [pid:4178064 tid: 0x7f422aff0200] Command (InternalMarker) enqueued: 0x384c9af0
:3:rocvirtual.cpp           :533 : 4393710844490 us: [pid:4178064 tid: 0x7f422aff0200] Set Handler: handle(0x7f4221bfc000), timestamp(0x37da3c20)
:4:rocvirtual.cpp           :1147: 4393710844876 us: [pid:4178064 tid: 0x7f422aff0200] SWq=0x7f4221d5c000, HWq=0x7f420cc00000, id=1, BarrierAND Header = 0x1503 (type=3, barrier=1, acquire=2, release=2), dep_signal=[0x0, 0x0, 0x0, 0x0, 0x0], completion_signal=0x7f4221bfc000
:4:commandqueue.cpp         :184 : 4393710844887 us: [pid:4178064 tid: 0x7f422aff0200] All commands finished
:3:hip_device_runtime.cpp   :645 : 4393710844894 us: [pid:4178064 tid: 0x7f422aff0200] hipDeviceSynchronize: Returned hipSuccess : 
:3:rocvirtual.cpp           :226 : 4393710844894 us: [pid:4178064 tid: 0x7f40f11ff6c0] Handler: value(0), timestamp(0x38089120), handle(0x7f4221bfc000)
:4:command.cpp              :169 : 4393710844923 us: [pid:4178064 tid: 0x7f40f11ff6c0] Command 0x38368cd0 complete
:4:command.cpp              :163 : 4393710844933 us: [pid:4178064 tid: 0x7f40f11ff6c0] Command 0x384c9af0 complete (Wall: 4393710844931, CPU: 0, GPU: 447 us)
:3:hip_platform.cpp         :237 : 4393710844910 us: [pid:4178064 tid: 0x7f422aff0200] [32m __hipPushCallConfiguration ( {8,1,1}, {128,1,1}, 0, stream:<null> ) [0m
:3:hip_platform.cpp         :241 : 4393710844955 us: [pid:4178064 tid: 0x7f422aff0200] __hipPushCallConfiguration: Returned hipSuccess : 
:3:hip_platform.cpp         :246 : 4393710844971 us: [pid:4178064 tid: 0x7f422aff0200] [32m __hipPopCallConfiguration ( {896886866,32578,128}, {2118224,0,3252094336}, 0x7ffec1d702d0, 0x7ffec1d702c8 ) [0m
:3:hip_platform.cpp         :255 : 4393710844983 us: [pid:4178064 tid: 0x7f422aff0200] __hipPopCallConfiguration: Returned hipSuccess : 
:3:hip_module.cpp           :744 : 4393710845009 us: [pid:4178064 tid: 0x7f422aff0200] [32m hipLaunchKernel ( 0x200fe8, {8,1,1}, {128,1,1}, 0x7ffec1d70280, 0, stream:<null> ) [0m
:4:command.cpp              :359 : 4393710845038 us: [pid:4178064 tid: 0x7f422aff0200] Command (KernelExecution) enqueued: 0x384c98b0
:3:rocvirtual.cpp           :762 : 4393710845052 us: [pid:4178064 tid: 0x7f422aff0200] Arg0:   = ptr:0x7f4008200000
:3:rocvirtual.cpp           :778 : 4393710845404 us: [pid:4178064 tid: 0x7f422aff0200] Arg0:   = ptr:0x7f4008200000 obj:[0x7f4008200000-0x7f40256c0000]
:3:rocvirtual.cpp           :762 : 4393710845414 us: [pid:4178064 tid: 0x7f422aff0200] Arg1:   = ptr:0x7f4207c27000
:3:rocvirtual.cpp           :778 : 4393710845422 us: [pid:4178064 tid: 0x7f422aff0200] Arg1:   = ptr:0x7f4207c27000 obj:[0x7f4207c27000-0x7f4207c87000]
:3:rocvirtual.cpp           :762 : 4393710845431 us: [pid:4178064 tid: 0x7f422aff0200] Arg2:   = ptr:0x7f3feaa00000
:3:rocvirtual.cpp           :778 : 4393710845438 us: [pid:4178064 tid: 0x7f422aff0200] Arg2:   = ptr:0x7f3feaa00000 obj:[0x7f3feaa00000-0x7f4007ec0000]
:3:rocvirtual.cpp           :853 : 4393710845447 us: [pid:4178064 tid: 0x7f422aff0200] Arg3:   = val:12288
:3:rocvirtual.cpp           :762 : 4393710845454 us: [pid:4178064 tid: 0x7f422aff0200] Arg4:   = ptr:0x7f4207c00000
:3:rocvirtual.cpp           :778 : 4393710845460 us: [pid:4178064 tid: 0x7f422aff0200] Arg4:   = ptr:0x7f4207c00000 obj:[0x7f4207c00000-0x7f4207c00024]
:3:rocvirtual.cpp           :3236: 4393710845470 us: [pid:4178064 tid: 0x7f422aff0200] ShaderName : void dense_esuhm3<float>(float const*, float const*, float*, int, int const*)
:3:rocvirtual.cpp           :3449: 4393710845481 us: [pid:4178064 tid: 0x7f422aff0200] KernargSegmentByteSize = 296 KernargSegmentAlignment = 128
:4:rocvirtual.cpp           :965 : 4393710845503 us: [pid:4178064 tid: 0x7f422aff0200] SWq=0x7f4221d5c000, HWq=0x7f420cc00000, id=1, Dispatch Header = 0xb02 (type=2, barrier=1, acquire=1, release=1), setup=3, grid=[1024, 1, 1], workgroup=[128, 1, 1], private_seg_size=140, group_seg_size=0, kernel_obj=0x7f4221d21a00, kernarg_address=0x7f420ca00280, completion_signal=0x0, correlation_id=0, rptr=146, wptr=146
:3:hip_module.cpp           :745 : 4393710845884 us: [pid:4178064 tid: 0x7f422aff0200] hipLaunchKernel: Returned hipSuccess : : duration: 875 us
:3:hip_device_runtime.cpp   :641 : 4393710845897 us: [pid:4178064 tid: 0x7f422aff0200] [32m hipDeviceSynchronize (  ) [0m
:4:commandqueue.cpp         :161 : 4393710845902 us: [pid:4178064 tid: 0x7f422aff0200] Marker queued to ensure finish
:4:command.cpp              :359 : 4393710845907 us: [pid:4178064 tid: 0x7f422aff0200] Command (InternalMarker) enqueued: 0x384c9af0
:3:rocvirtual.cpp           :533 : 4393710845928 us: [pid:4178064 tid: 0x7f422aff0200] Set Handler: handle(0x7f4221bfc080), timestamp(0x37dfa770)
:4:rocvirtual.cpp           :1147: 4393710845940 us: [pid:4178064 tid: 0x7f422aff0200] SWq=0x7f4221d5c000, HWq=0x7f420cc00000, id=1, BarrierAND Header = 0x1503 (type=3, barrier=1, acquire=2, release=2), dep_signal=[0x0, 0x0, 0x0, 0x0, 0x0], completion_signal=0x7f4221bfc080
:3:rocvirtual.hpp           :56  : 4393710845951 us: [pid:4178064 tid: 0x7f422aff0200] Host active wait for Signal = (0x7f4221bfc080) for -1 ns
:4:commandqueue.cpp         :184 : 4393710848704 us: [pid:4178064 tid: 0x7f422aff0200] All commands finished
:3:hip_device_runtime.cpp   :645 : 4393710848716 us: [pid:4178064 tid: 0x7f422aff0200] hipDeviceSynchronize: Returned hipSuccess : 
:3:rocvirtual.cpp           :226 : 4393710848706 us: [pid:4178064 tid: 0x7f40f11ff6c0] Handler: value(0), timestamp(0x37deb5e0), handle(0x7f4221bfc080)
:4:command.cpp              :169 : 4393710848741 us: [pid:4178064 tid: 0x7f40f11ff6c0] Command 0x384c98b0 complete
:3:hip_memory.cpp           :795 : 4393710848732 us: [pid:4178064 tid: 0x7f422aff0200] [32m hipMemcpy ( 0x7f4042cfc010, 0x7f3feaa00000, 491520000, hipMemcpyDeviceToHost ) [0m
:4:command.cpp              :163 : 4393710848750 us: [pid:4178064 tid: 0x7f40f11ff6c0] Command 0x384c9af0 complete (Wall: 4393710848748, CPU: 0, GPU: 2834 us)
:4:command.cpp              :359 : 4393710848768 us: [pid:4178064 tid: 0x7f422aff0200] Command (CopyDeviceToHost) enqueued: 0x384c98b0
:4:rocblit.cpp              :1673: 4393710848787 us: [pid:4178064 tid: 0x7f422aff0200] Unpinned read path, Async = 0
:4:rocmemory.cpp            :1018: 4393710859554 us: [pid:4178064 tid: 0x7f422aff0200] Locking to pool 0x37ca7ed0, size 0x2001000, HostPtr = 0x7f4042cfc000, DevPtr = 0x7f4042cfc000
:4:rocblit.cpp              :623 : 4393710859575 us: [pid:4178064 tid: 0x7f422aff0200] HSA Copy Using Pinned resource size 33554432
:4:rocblit.cpp              :687 : 4393710859583 us: [pid:4178064 tid: 0x7f422aff0200] HSA Async Copy staged D2H
:4:rocblit.cpp              :503 : 4393710859591 us: [pid:4178064 tid: 0x7f422aff0200] Last copy mask 0x0
:4:rocblit.cpp              :509 : 4393710859599 us: [pid:4178064 tid: 0x7f422aff0200] Query copy engine status 0, free_engine mask 0x1e
:4:rocblit.cpp              :520 : 4393710859607 us: [pid:4178064 tid: 0x7f422aff0200] HSA Async Copy on copy_engine=0x2, dst=0x7f4042cfc010, src=0x7f3feaa00000, size=33554432, forceSDMA=0, wait_event=0x0, completion_signal=0x7f4221bfe200
:4:rocvirtual.cpp           :622 : 4393710860031 us: [pid:4178064 tid: 0x7f422aff0200] Host wait on completion_signal=0x7f4221bfe200
:3:rocvirtual.hpp           :56  : 4393710860041 us: [pid:4178064 tid: 0x7f422aff0200] Host active wait for Signal = (0x7f4221bfe200) for -1 ns
:4:rocmemory.cpp            :1018: 4393710871492 us: [pid:4178064 tid: 0x7f422aff0200] Locking to pool 0x37ca7ed0, size 0x2001000, HostPtr = 0x7f4044cfc000, DevPtr = 0x7f4044cfc000
:4:rocblit.cpp              :623 : 4393710871515 us: [pid:4178064 tid: 0x7f422aff0200] HSA Copy Using Pinned resource size 33554432
:4:rocblit.cpp              :687 : 4393710871523 us: [pid:4178064 tid: 0x7f422aff0200] HSA Async Copy staged D2H
:4:rocblit.cpp              :503 : 4393710871530 us: [pid:4178064 tid: 0x7f422aff0200] Last copy mask 0x2
:4:rocblit.cpp              :520 : 4393710871535 us: [pid:4178064 tid: 0x7f422aff0200] HSA Async Copy on copy_engine=0x2, dst=0x7f4044cfc010, src=0x7f3feca00000, size=33554432, forceSDMA=0, wait_event=0x0, completion_signal=0x7f4221bfdb80
:4:rocvirtual.cpp           :622 : 4393710871545 us: [pid:4178064 tid: 0x7f422aff0200] Host wait on completion_signal=0x7f4221bfdb80
:3:rocvirtual.hpp           :56  : 4393710871557 us: [pid:4178064 tid: 0x7f422aff0200] Host active wait for Signal = (0x7f4221bfdb80) for -1 ns
:4:rocmemory.cpp            :1018: 4393710883465 us: [pid:4178064 tid: 0x7f422aff0200] Locking to pool 0x37ca7ed0, size 0x2001000, HostPtr = 0x7f4046cfc000, DevPtr = 0x7f4046cfc000
:4:rocblit.cpp              :623 : 4393710883483 us: [pid:4178064 tid: 0x7f422aff0200] HSA Copy Using Pinned resource size 33554432
:4:rocblit.cpp              :687 : 4393710883491 us: [pid:4178064 tid: 0x7f422aff0200] HSA Async Copy staged D2H
:4:rocblit.cpp              :503 : 4393710883497 us: [pid:4178064 tid: 0x7f422aff0200] Last copy mask 0x2
:4:rocblit.cpp              :520 : 4393710883502 us: [pid:4178064 tid: 0x7f422aff0200] HSA Async Copy on copy_engine=0x2, dst=0x7f4046cfc010, src=0x7f3feea00000, size=33554432, forceSDMA=0, wait_event=0x0, completion_signal=0x7f4221bfda80
:4:rocvirtual.cpp           :622 : 4393710883514 us: [pid:4178064 tid: 0x7f422aff0200] Host wait on completion_signal=0x7f4221bfda80
:3:rocvirtual.hpp           :56  : 4393710883522 us: [pid:4178064 tid: 0x7f422aff0200] Host active wait for Signal = (0x7f4221bfda80) for -1 ns
:4:rocmemory.cpp            :1018: 4393710895321 us: [pid:4178064 tid: 0x7f422aff0200] Locking to pool 0x37ca7ed0, size 0x2001000, HostPtr = 0x7f4048cfc000, DevPtr = 0x7f4048cfc000
:4:rocblit.cpp              :623 : 4393710895347 us: [pid:4178064 tid: 0x7f422aff0200] HSA Copy Using Pinned resource size 33554432
:4:rocblit.cpp              :687 : 4393710895355 us: [pid:4178064 tid: 0x7f422aff0200] HSA Async Copy staged D2H
:4:rocblit.cpp              :503 : 4393710895362 us: [pid:4178064 tid: 0x7f422aff0200] Last copy mask 0x2
:4:rocblit.cpp              :520 : 4393710895367 us: [pid:4178064 tid: 0x7f422aff0200] HSA Async Copy on copy_engine=0x2, dst=0x7f4048cfc010, src=0x7f3ff0a00000, size=33554432, forceSDMA=0, wait_event=0x0, completion_signal=0x7f4221bfd880
:4:rocvirtual.cpp           :622 : 4393710895376 us: [pid:4178064 tid: 0x7f422aff0200] Host wait on completion_signal=0x7f4221bfd880
:3:rocvirtual.hpp           :56  : 4393710895384 us: [pid:4178064 tid: 0x7f422aff0200] Host active wait for Signal = (0x7f4221bfd880) for -1 ns
:4:rocmemory.cpp            :1018: 4393710906857 us: [pid:4178064 tid: 0x7f422aff0200] Locking to pool 0x37ca7ed0, size 0x2001000, HostPtr = 0x7f404acfc000, DevPtr = 0x7f404acfc000
:4:rocblit.cpp              :623 : 4393710906878 us: [pid:4178064 tid: 0x7f422aff0200] HSA Copy Using Pinned resource size 33554432
:4:rocblit.cpp              :687 : 4393710906886 us: [pid:4178064 tid: 0x7f422aff0200] HSA Async Copy staged D2H
:4:rocblit.cpp              :503 : 4393710906893 us: [pid:4178064 tid: 0x7f422aff0200] Last copy mask 0x2
:4:rocblit.cpp              :520 : 4393710906898 us: [pid:4178064 tid: 0x7f422aff0200] HSA Async Copy on copy_engine=0x2, dst=0x7f404acfc010, src=0x7f3ff2a00000, size=33554432, forceSDMA=0, wait_event=0x0, completion_signal=0x7f4221bff780
:4:rocvirtual.cpp           :622 : 4393710906911 us: [pid:4178064 tid: 0x7f422aff0200] Host wait on completion_signal=0x7f4221bff780
:3:rocvirtual.hpp           :56  : 4393710906919 us: [pid:4178064 tid: 0x7f422aff0200] Host active wait for Signal = (0x7f4221bff780) for -1 ns
:4:rocmemory.cpp            :1018: 4393710918345 us: [pid:4178064 tid: 0x7f422aff0200] Locking to pool 0x37ca7ed0, size 0x2001000, HostPtr = 0x7f404ccfc000, DevPtr = 0x7f404ccfc000
:4:rocblit.cpp              :623 : 4393710918363 us: [pid:4178064 tid: 0x7f422aff0200] HSA Copy Using Pinned resource size 33554432
:4:rocblit.cpp              :687 : 4393710918371 us: [pid:4178064 tid: 0x7f422aff0200] HSA Async Copy staged D2H
:4:rocblit.cpp              :503 : 4393710918379 us: [pid:4178064 tid: 0x7f422aff0200] Last copy mask 0x2
:4:rocblit.cpp              :520 : 4393710918384 us: [pid:4178064 tid: 0x7f422aff0200] HSA Async Copy on copy_engine=0x2, dst=0x7f404ccfc010, src=0x7f3ff4a00000, size=33554432, forceSDMA=0, wait_event=0x0, completion_signal=0x7f4221bff800
:4:rocvirtual.cpp           :622 : 4393710918395 us: [pid:4178064 tid: 0x7f422aff0200] Host wait on completion_signal=0x7f4221bff800
:3:rocvirtual.hpp           :56  : 4393710918406 us: [pid:4178064 tid: 0x7f422aff0200] Host active wait for Signal = (0x7f4221bff800) for -1 ns
:4:rocmemory.cpp            :1018: 4393710929612 us: [pid:4178064 tid: 0x7f422aff0200] Locking to pool 0x37ca7ed0, size 0x2001000, HostPtr = 0x7f404ecfc000, DevPtr = 0x7f404ecfc000
:4:rocblit.cpp              :623 : 4393710929630 us: [pid:4178064 tid: 0x7f422aff0200] HSA Copy Using Pinned resource size 33554432
:4:rocblit.cpp              :687 : 4393710929638 us: [pid:4178064 tid: 0x7f422aff0200] HSA Async Copy staged D2H
:4:rocblit.cpp              :503 : 4393710929645 us: [pid:4178064 tid: 0x7f422aff0200] Last copy mask 0x2
:4:rocblit.cpp              :520 : 4393710929650 us: [pid:4178064 tid: 0x7f422aff0200] HSA Async Copy on copy_engine=0x2, dst=0x7f404ecfc010, src=0x7f3ff6a00000, size=33554432, forceSDMA=0, wait_event=0x0, completion_signal=0x7f4221bfef00
:4:rocvirtual.cpp           :622 : 4393710929661 us: [pid:4178064 tid: 0x7f422aff0200] Host wait on completion_signal=0x7f4221bfef00
:3:rocvirtual.hpp           :56  : 4393710929668 us: [pid:4178064 tid: 0x7f422aff0200] Host active wait for Signal = (0x7f4221bfef00) for -1 ns
:4:rocmemory.cpp            :1018: 4393710941414 us: [pid:4178064 tid: 0x7f422aff0200] Locking to pool 0x37ca7ed0, size 0x2001000, HostPtr = 0x7f4050cfc000, DevPtr = 0x7f4050cfc000
:4:rocblit.cpp              :623 : 4393710941434 us: [pid:4178064 tid: 0x7f422aff0200] HSA Copy Using Pinned resource size 33554432
:4:rocblit.cpp              :687 : 4393710941861 us: [pid:4178064 tid: 0x7f422aff0200] HSA Async Copy staged D2H
:4:rocblit.cpp              :503 : 4393710941868 us: [pid:4178064 tid: 0x7f422aff0200] Last copy mask 0x2
:4:rocblit.cpp              :520 : 4393710941873 us: [pid:4178064 tid: 0x7f422aff0200] HSA Async Copy on copy_engine=0x2, dst=0x7f4050cfc010, src=0x7f3ff8a00000, size=33554432, forceSDMA=0, wait_event=0x0, completion_signal=0x7f4221bff680
:4:rocvirtual.cpp           :622 : 4393710941884 us: [pid:4178064 tid: 0x7f422aff0200] Host wait on completion_signal=0x7f4221bff680
:3:rocvirtual.hpp           :56  : 4393710941892 us: [pid:4178064 tid: 0x7f422aff0200] Host active wait for Signal = (0x7f4221bff680) for -1 ns
:4:rocmemory.cpp            :1018: 4393710952904 us: [pid:4178064 tid: 0x7f422aff0200] Locking to pool 0x37ca7ed0, size 0x2001000, HostPtr = 0x7f4052cfc000, DevPtr = 0x7f4052cfc000
:4:rocblit.cpp              :623 : 4393710952923 us: [pid:4178064 tid: 0x7f422aff0200] HSA Copy Using Pinned resource size 33554432
:4:rocblit.cpp              :687 : 4393710952931 us: [pid:4178064 tid: 0x7f422aff0200] HSA Async Copy staged D2H
:4:rocblit.cpp              :503 : 4393710952937 us: [pid:4178064 tid: 0x7f422aff0200] Last copy mask 0x2
:4:rocblit.cpp              :520 : 4393710952942 us: [pid:4178064 tid: 0x7f422aff0200] HSA Async Copy on copy_engine=0x2, dst=0x7f4052cfc010, src=0x7f3ffaa00000, size=33554432, forceSDMA=0, wait_event=0x0, completion_signal=0x7f4221bff480
:4:rocvirtual.cpp           :622 : 4393710952954 us: [pid:4178064 tid: 0x7f422aff0200] Host wait on completion_signal=0x7f4221bff480
:3:rocvirtual.hpp           :56  : 4393710952962 us: [pid:4178064 tid: 0x7f422aff0200] Host active wait for Signal = (0x7f4221bff480) for -1 ns
:4:rocmemory.cpp            :1018: 4393710964517 us: [pid:4178064 tid: 0x7f422aff0200] Locking to pool 0x37ca7ed0, size 0x2001000, HostPtr = 0x7f4054cfc000, DevPtr = 0x7f4054cfc000
:4:rocblit.cpp              :623 : 4393710964537 us: [pid:4178064 tid: 0x7f422aff0200] HSA Copy Using Pinned resource size 33554432
:4:rocblit.cpp              :687 : 4393710964545 us: [pid:4178064 tid: 0x7f422aff0200] HSA Async Copy staged D2H
:4:rocblit.cpp              :503 : 4393710964551 us: [pid:4178064 tid: 0x7f422aff0200] Last copy mask 0x2
:4:rocblit.cpp              :520 : 4393710964557 us: [pid:4178064 tid: 0x7f422aff0200] HSA Async Copy on copy_engine=0x2, dst=0x7f4054cfc010, src=0x7f3ffca00000, size=33554432, forceSDMA=0, wait_event=0x0, completion_signal=0x7f4221bfd900
:4:rocvirtual.cpp           :622 : 4393710964575 us: [pid:4178064 tid: 0x7f422aff0200] Host wait on completion_signal=0x7f4221bfd900
:3:rocvirtual.hpp           :56  : 4393710964583 us: [pid:4178064 tid: 0x7f422aff0200] Host active wait for Signal = (0x7f4221bfd900) for -1 ns
:4:rocmemory.cpp            :1018: 4393710975878 us: [pid:4178064 tid: 0x7f422aff0200] Locking to pool 0x37ca7ed0, size 0x2001000, HostPtr = 0x7f4056cfc000, DevPtr = 0x7f4056cfc000
:4:rocblit.cpp              :623 : 4393710975896 us: [pid:4178064 tid: 0x7f422aff0200] HSA Copy Using Pinned resource size 33554432
:4:rocblit.cpp              :687 : 4393710975903 us: [pid:4178064 tid: 0x7f422aff0200] HSA Async Copy staged D2H
:4:rocblit.cpp              :503 : 4393710975909 us: [pid:4178064 tid: 0x7f422aff0200] Last copy mask 0x2
:4:rocblit.cpp              :520 : 4393710975914 us: [pid:4178064 tid: 0x7f422aff0200] HSA Async Copy on copy_engine=0x2, dst=0x7f4056cfc010, src=0x7f3ffea00000, size=33554432, forceSDMA=0, wait_event=0x0, completion_signal=0x7f4221bfe280
:4:rocvirtual.cpp           :622 : 4393710975924 us: [pid:4178064 tid: 0x7f422aff0200] Host wait on completion_signal=0x7f4221bfe280
:3:rocvirtual.hpp           :56  : 4393710975931 us: [pid:4178064 tid: 0x7f422aff0200] Host active wait for Signal = (0x7f4221bfe280) for -1 ns
:4:rocmemory.cpp            :1018: 4393710986995 us: [pid:4178064 tid: 0x7f422aff0200] Locking to pool 0x37ca7ed0, size 0x2001000, HostPtr = 0x7f4058cfc000, DevPtr = 0x7f4058cfc000
:4:rocblit.cpp              :623 : 4393710987012 us: [pid:4178064 tid: 0x7f422aff0200] HSA Copy Using Pinned resource size 33554432
:4:rocblit.cpp              :687 : 4393710987019 us: [pid:4178064 tid: 0x7f422aff0200] HSA Async Copy staged D2H
:4:rocblit.cpp              :503 : 4393710987025 us: [pid:4178064 tid: 0x7f422aff0200] Last copy mask 0x2
:4:rocblit.cpp              :520 : 4393710987030 us: [pid:4178064 tid: 0x7f422aff0200] HSA Async Copy on copy_engine=0x2, dst=0x7f4058cfc010, src=0x7f4000a00000, size=33554432, forceSDMA=0, wait_event=0x0, completion_signal=0x7f4221bfe300
:4:rocvirtual.cpp           :622 : 4393710987042 us: [pid:4178064 tid: 0x7f422aff0200] Host wait on completion_signal=0x7f4221bfe300
:3:rocvirtual.hpp           :56  : 4393710987049 us: [pid:4178064 tid: 0x7f422aff0200] Host active wait for Signal = (0x7f4221bfe300) for -1 ns
:4:rocmemory.cpp            :1018: 4393710998431 us: [pid:4178064 tid: 0x7f422aff0200] Locking to pool 0x37ca7ed0, size 0x2001000, HostPtr = 0x7f405acfc000, DevPtr = 0x7f405acfc000
:4:rocblit.cpp              :623 : 4393710998445 us: [pid:4178064 tid: 0x7f422aff0200] HSA Copy Using Pinned resource size 33554432
:4:rocblit.cpp              :687 : 4393710998452 us: [pid:4178064 tid: 0x7f422aff0200] HSA Async Copy staged D2H
:4:rocblit.cpp              :503 : 4393710998459 us: [pid:4178064 tid: 0x7f422aff0200] Last copy mask 0x2
:4:rocblit.cpp              :520 : 4393710998463 us: [pid:4178064 tid: 0x7f422aff0200] HSA Async Copy on copy_engine=0x2, dst=0x7f405acfc010, src=0x7f4002a00000, size=33554432, forceSDMA=0, wait_event=0x0, completion_signal=0x7f4221bfe400
:4:rocvirtual.cpp           :622 : 4393710998474 us: [pid:4178064 tid: 0x7f422aff0200] Host wait on completion_signal=0x7f4221bfe400
:3:rocvirtual.hpp           :56  : 4393710998481 us: [pid:4178064 tid: 0x7f422aff0200] Host active wait for Signal = (0x7f4221bfe400) for -1 ns
:4:rocmemory.cpp            :1018: 4393711009626 us: [pid:4178064 tid: 0x7f422aff0200] Locking to pool 0x37ca7ed0, size 0x2001000, HostPtr = 0x7f405ccfc000, DevPtr = 0x7f405ccfc000
:4:rocblit.cpp              :623 : 4393711009645 us: [pid:4178064 tid: 0x7f422aff0200] HSA Copy Using Pinned resource size 33554432
:4:rocblit.cpp              :687 : 4393711009652 us: [pid:4178064 tid: 0x7f422aff0200] HSA Async Copy staged D2H
:4:rocblit.cpp              :503 : 4393711009658 us: [pid:4178064 tid: 0x7f422aff0200] Last copy mask 0x2
:4:rocblit.cpp              :520 : 4393711009663 us: [pid:4178064 tid: 0x7f422aff0200] HSA Async Copy on copy_engine=0x2, dst=0x7f405ccfc010, src=0x7f4004a00000, size=33554432, forceSDMA=0, wait_event=0x0, completion_signal=0x7f4221bff380
:4:rocvirtual.cpp           :622 : 4393711009678 us: [pid:4178064 tid: 0x7f422aff0200] Host wait on completion_signal=0x7f4221bff380
:3:rocvirtual.hpp           :56  : 4393711009686 us: [pid:4178064 tid: 0x7f422aff0200] Host active wait for Signal = (0x7f4221bff380) for -1 ns
:4:rocmemory.cpp            :1018: 4393711017589 us: [pid:4178064 tid: 0x7f422aff0200] Locking to pool 0x37ca7ed0, size 0x14c1000, HostPtr = 0x7f405ecfc000, DevPtr = 0x7f405ecfc000
:4:rocblit.cpp              :623 : 4393711017606 us: [pid:4178064 tid: 0x7f422aff0200] HSA Copy Using Pinned resource size 21757952
:4:rocblit.cpp              :687 : 4393711017614 us: [pid:4178064 tid: 0x7f422aff0200] HSA Async Copy staged D2H
:4:rocblit.cpp              :503 : 4393711017620 us: [pid:4178064 tid: 0x7f422aff0200] Last copy mask 0x2
:4:rocblit.cpp              :520 : 4393711017625 us: [pid:4178064 tid: 0x7f422aff0200] HSA Async Copy on copy_engine=0x2, dst=0x7f405ecfc010, src=0x7f4006a00000, size=21757952, forceSDMA=0, wait_event=0x0, completion_signal=0x7f4221bff180
:4:rocvirtual.cpp           :622 : 4393711017635 us: [pid:4178064 tid: 0x7f422aff0200] Host wait on completion_signal=0x7f4221bff180
:3:rocvirtual.hpp           :56  : 4393711017643 us: [pid:4178064 tid: 0x7f422aff0200] Host active wait for Signal = (0x7f4221bff180) for -1 ns
:4:commandqueue.cpp         :161 : 4393711018420 us: [pid:4178064 tid: 0x7f422aff0200] Marker queued to ensure finish
:4:command.cpp              :359 : 4393711018426 us: [pid:4178064 tid: 0x7f422aff0200] Command (InternalMarker) enqueued: 0x384c9af0
:3:rocvirtual.cpp           :533 : 4393711018444 us: [pid:4178064 tid: 0x7f422aff0200] Set Handler: handle(0x7f4221bfd700), timestamp(0x38366250)
:4:rocvirtual.cpp           :1147: 4393711018453 us: [pid:4178064 tid: 0x7f422aff0200] SWq=0x7f4221d5c000, HWq=0x7f420cc00000, id=1, BarrierAND Header = 0x1503 (type=3, barrier=1, acquire=2, release=2), dep_signal=[0x0, 0x0, 0x0, 0x0, 0x0], completion_signal=0x7f4221bfd700
:3:rocvirtual.hpp           :56  : 4393711018464 us: [pid:4178064 tid: 0x7f422aff0200] Host active wait for Signal = (0x7f4221bfd700) for -1 ns
:4:commandqueue.cpp         :184 : 4393711018472 us: [pid:4178064 tid: 0x7f422aff0200] All commands finished
:3:hip_memory.cpp           :796 : 4393711018480 us: [pid:4178064 tid: 0x7f422aff0200] hipMemcpy: Returned hipSuccess : : duration: 169748 us
:3:rocvirtual.cpp           :226 : 4393711018489 us: [pid:4178064 tid: 0x7f40f11ff6c0] Handler: value(0), timestamp(0x37da7b30), handle(0x7f4221bfd700)
:4:command.cpp              :169 : 4393711018519 us: [pid:4178064 tid: 0x7f40f11ff6c0] Command 0x384c98b0 complete
:4:command.cpp              :163 : 4393711019223 us: [pid:4178064 tid: 0x7f40f11ff6c0] Command 0x384c9af0 complete (Wall: 4393711019221, CPU: 0, GPU: 786 us)
:3:hip_memory.cpp           :3476: 4393712325711 us: [pid:4178064 tid: 0x7f422aff0200] [32m hipMemset ( 0x7f3feaa00000, 0, 491520000 ) [0m
:4:command.cpp              :359 : 4393712325745 us: [pid:4178064 tid: 0x7f422aff0200] Command (FillBuffer) enqueued: 0x38368cd0
:3:rocvirtual.cpp           :762 : 4393712325762 us: [pid:4178064 tid: 0x7f422aff0200] Arg0: void* buf = ptr:0x7f3feaa00000
:3:rocvirtual.cpp           :778 : 4393712325768 us: [pid:4178064 tid: 0x7f422aff0200] Arg0: void* buf = ptr:0x7f3feaa00000 obj:[0x7f3feaa00000-0x7f4007ec0000]
:3:rocvirtual.cpp           :762 : 4393712325776 us: [pid:4178064 tid: 0x7f422aff0200] Arg1: uchar* pattern = ptr:0x7f420ca00000
:3:rocvirtual.cpp           :853 : 4393712325784 us: [pid:4178064 tid: 0x7f422aff0200] Arg2: uint pattern_size = val:1
:3:rocvirtual.cpp           :853 : 4393712325788 us: [pid:4178064 tid: 0x7f422aff0200] Arg3: uint alignment = val:16
:3:rocvirtual.cpp           :853 : 4393712325793 us: [pid:4178064 tid: 0x7f422aff0200] Arg4: ulong end_ptr = val:139912987541504
:3:rocvirtual.cpp           :853 : 4393712325801 us: [pid:4178064 tid: 0x7f422aff0200] Arg5: uint next_chunk = val:26624
:3:rocvirtual.cpp           :3236: 4393712325810 us: [pid:4178064 tid: 0x7f422aff0200] ShaderName : __amd_rocclr_fillBufferAligned
:3:rocvirtual.cpp           :3449: 4393712325821 us: [pid:4178064 tid: 0x7f422aff0200] KernargSegmentByteSize = 296 KernargSegmentAlignment = 128
:4:rocvirtual.cpp           :965 : 4393712325832 us: [pid:4178064 tid: 0x7f422aff0200] SWq=0x7f4221d5c000, HWq=0x7f420cc00000, id=1, Dispatch Header = 0x1502 (type=2, barrier=1, acquire=2, release=2), setup=1, grid=[26624, 1, 1], workgroup=[256, 1, 1], private_seg_size=0, group_seg_size=0, kernel_obj=0x7f4221d4dd40, kernarg_address=0x7f420ca00100, completion_signal=0x0, correlation_id=0, rptr=149, wptr=149
:3:hip_memory.cpp           :3477: 4393712325849 us: [pid:4178064 tid: 0x7f422aff0200] hipMemset: Returned hipSuccess : 
:3:hip_device_runtime.cpp   :641 : 4393712325855 us: [pid:4178064 tid: 0x7f422aff0200] [32m hipDeviceSynchronize (  ) [0m
:4:commandqueue.cpp         :161 : 4393712325861 us: [pid:4178064 tid: 0x7f422aff0200] Marker queued to ensure finish
:4:command.cpp              :359 : 4393712325866 us: [pid:4178064 tid: 0x7f422aff0200] Command (InternalMarker) enqueued: 0x384c9af0
:3:rocvirtual.cpp           :533 : 4393712325885 us: [pid:4178064 tid: 0x7f422aff0200] Set Handler: handle(0x7f4221bfbf00), timestamp(0x384c94d0)
:4:rocvirtual.cpp           :1147: 4393712326813 us: [pid:4178064 tid: 0x7f422aff0200] SWq=0x7f4221d5c000, HWq=0x7f420cc00000, id=1, BarrierAND Header = 0x1503 (type=3, barrier=1, acquire=2, release=2), dep_signal=[0x0, 0x0, 0x0, 0x0, 0x0], completion_signal=0x7f4221bfbf00
:3:rocvirtual.hpp           :56  : 4393712326827 us: [pid:4178064 tid: 0x7f422aff0200] Host active wait for Signal = (0x7f4221bfbf00) for -1 ns
:4:commandqueue.cpp         :184 : 4393714296579 us: [pid:4178064 tid: 0x7f422aff0200] All commands finished
:3:rocvirtual.cpp           :226 : 4393714296580 us: [pid:4178064 tid: 0x7f40f11ff6c0] Handler: value(0), timestamp(0x384c9420), handle(0x7f4221bfbf00)
:3:hip_device_runtime.cpp   :645 : 4393714296611 us: [pid:4178064 tid: 0x7f422aff0200] hipDeviceSynchronize: Returned hipSuccess : 
:4:command.cpp              :169 : 4393714296631 us: [pid:4178064 tid: 0x7f40f11ff6c0] Command 0x38368cd0 complete
:3:hip_platform.cpp         :237 : 4393714296650 us: [pid:4178064 tid: 0x7f422aff0200] [32m __hipPushCallConfiguration ( {8,1,1}, {256,1,1}, 0, stream:<null> ) [0m
:3:hip_platform.cpp         :241 : 4393714296671 us: [pid:4178064 tid: 0x7f422aff0200] __hipPushCallConfiguration: Returned hipSuccess : 
:4:command.cpp              :163 : 4393714296662 us: [pid:4178064 tid: 0x7f40f11ff6c0] Command 0x384c9af0 complete (Wall: 4393714296660, CPU: 0, GPU: 1970787 us)
:3:hip_platform.cpp         :246 : 4393714296685 us: [pid:4178064 tid: 0x7f422aff0200] [32m __hipPopCallConfiguration ( {896886866,32578,256}, {2118224,0,3252094336}, 0x7ffec1d702d0, 0x7ffec1d702c8 ) [0m
:3:hip_platform.cpp         :255 : 4393714296705 us: [pid:4178064 tid: 0x7f422aff0200] __hipPopCallConfiguration: Returned hipSuccess : 
:3:hip_module.cpp           :744 : 4393714296730 us: [pid:4178064 tid: 0x7f422aff0200] [32m hipLaunchKernel ( 0x200fd8, {8,1,1}, {256,1,1}, 0x7ffec1d70280, 0, stream:<null> ) [0m
:4:command.cpp              :359 : 4393714297229 us: [pid:4178064 tid: 0x7f422aff0200] Command (KernelExecution) enqueued: 0x384c98b0
:3:rocvirtual.cpp           :762 : 4393714297241 us: [pid:4178064 tid: 0x7f422aff0200] Arg0:   = ptr:0x7f4008200000
:3:rocvirtual.cpp           :778 : 4393714297247 us: [pid:4178064 tid: 0x7f422aff0200] Arg0:   = ptr:0x7f4008200000 obj:[0x7f4008200000-0x7f40256c0000]
:3:rocvirtual.cpp           :762 : 4393714297255 us: [pid:4178064 tid: 0x7f422aff0200] Arg1:   = ptr:0x7f4207c27000
:3:rocvirtual.cpp           :778 : 4393714297260 us: [pid:4178064 tid: 0x7f422aff0200] Arg1:   = ptr:0x7f4207c27000 obj:[0x7f4207c27000-0x7f4207c87000]
:3:rocvirtual.cpp           :762 : 4393714297272 us: [pid:4178064 tid: 0x7f422aff0200] Arg2:   = ptr:0x7f3feaa00000
:3:rocvirtual.cpp           :778 : 4393714297683 us: [pid:4178064 tid: 0x7f422aff0200] Arg2:   = ptr:0x7f3feaa00000 obj:[0x7f3feaa00000-0x7f4007ec0000]
:3:rocvirtual.cpp           :853 : 4393714297691 us: [pid:4178064 tid: 0x7f422aff0200] Arg3:   = val:12288
:3:rocvirtual.cpp           :762 : 4393714297696 us: [pid:4178064 tid: 0x7f422aff0200] Arg4:   = ptr:0x7f4207c00000
:3:rocvirtual.cpp           :778 : 4393714297701 us: [pid:4178064 tid: 0x7f422aff0200] Arg4:   = ptr:0x7f4207c00000 obj:[0x7f4207c00000-0x7f4207c00024]
:3:rocvirtual.cpp           :3236: 4393714297708 us: [pid:4178064 tid: 0x7f422aff0200] ShaderName : void dense_esuhm<float>(float const*, float const*, float*, int, int const*)
:3:rocvirtual.cpp           :3449: 4393714297720 us: [pid:4178064 tid: 0x7f422aff0200] KernargSegmentByteSize = 296 KernargSegmentAlignment = 128
:4:rocvirtual.cpp           :965 : 4393714297731 us: [pid:4178064 tid: 0x7f422aff0200] SWq=0x7f4221d5c000, HWq=0x7f420cc00000, id=1, Dispatch Header = 0xb02 (type=2, barrier=1, acquire=1, release=1), setup=3, grid=[2048, 1, 1], workgroup=[256, 1, 1], private_seg_size=140, group_seg_size=0, kernel_obj=0x7f4221d21980, kernarg_address=0x7f420ca00280, completion_signal=0x0, correlation_id=0, rptr=151, wptr=151
:3:hip_module.cpp           :745 : 4393714297746 us: [pid:4178064 tid: 0x7f422aff0200] hipLaunchKernel: Returned hipSuccess : : duration: 1016 us
:3:hip_device_runtime.cpp   :641 : 4393714297755 us: [pid:4178064 tid: 0x7f422aff0200] [32m hipDeviceSynchronize (  ) [0m
:4:commandqueue.cpp         :161 : 4393714297761 us: [pid:4178064 tid: 0x7f422aff0200] Marker queued to ensure finish
:4:command.cpp              :359 : 4393714297767 us: [pid:4178064 tid: 0x7f422aff0200] Command (InternalMarker) enqueued: 0x384c9af0
:3:rocvirtual.cpp           :533 : 4393714297788 us: [pid:4178064 tid: 0x7f422aff0200] Set Handler: handle(0x7f4221bfbe80), timestamp(0x38089190)
:4:rocvirtual.cpp           :1147: 4393714298327 us: [pid:4178064 tid: 0x7f422aff0200] SWq=0x7f4221d5c000, HWq=0x7f420cc00000, id=1, BarrierAND Header = 0x1503 (type=3, barrier=1, acquire=2, release=2), dep_signal=[0x0, 0x0, 0x0, 0x0, 0x0], completion_signal=0x7f4221bfbe80
:3:rocvirtual.hpp           :56  : 4393714298357 us: [pid:4178064 tid: 0x7f422aff0200] Host active wait for Signal = (0x7f4221bfbe80) for -1 ns
:4:commandqueue.cpp         :184 : 4393714298480 us: [pid:4178064 tid: 0x7f422aff0200] All commands finished
:3:rocvirtual.cpp           :226 : 4393714298480 us: [pid:4178064 tid: 0x7f40f11ff6c0] Handler: value(0), timestamp(0x37dfaa40), handle(0x7f4221bfbe80)
:4:command.cpp              :169 : 4393714298980 us: [pid:4178064 tid: 0x7f40f11ff6c0] Command 0x384c98b0 complete
:3:hip_device_runtime.cpp   :645 : 4393714298498 us: [pid:4178064 tid: 0x7f422aff0200] hipDeviceSynchronize: Returned hipSuccess : 
:4:command.cpp              :163 : 4393714298989 us: [pid:4178064 tid: 0x7f40f11ff6c0] Command 0x384c9af0 complete (Wall: 4393714298988, CPU: 0, GPU: 1211 us)
:3:hip_memory.cpp           :795 : 4393714299011 us: [pid:4178064 tid: 0x7f422aff0200] [32m hipMemcpy ( 0x7f407d67e010, 0x7f3feaa00000, 491520000, hipMemcpyDeviceToHost ) [0m
:4:command.cpp              :359 : 4393714299037 us: [pid:4178064 tid: 0x7f422aff0200] Command (CopyDeviceToHost) enqueued: 0x384c98b0
:4:rocblit.cpp              :1673: 4393714299048 us: [pid:4178064 tid: 0x7f422aff0200] Unpinned read path, Async = 0
:4:rocmemory.cpp            :1018: 4393714299069 us: [pid:4178064 tid: 0x7f422aff0200] Locking to pool 0x37ca7ed0, size 0x2001000, HostPtr = 0x7f407d67e000, DevPtr = 0x7f407d67e000
:4:rocblit.cpp              :623 : 4393714299077 us: [pid:4178064 tid: 0x7f422aff0200] HSA Copy Using Pinned resource size 33554432
:4:rocblit.cpp              :687 : 4393714299585 us: [pid:4178064 tid: 0x7f422aff0200] HSA Async Copy staged D2H
:4:rocblit.cpp              :503 : 4393714299592 us: [pid:4178064 tid: 0x7f422aff0200] Last copy mask 0x0
:4:rocblit.cpp              :509 : 4393714299600 us: [pid:4178064 tid: 0x7f422aff0200] Query copy engine status 0, free_engine mask 0x1e
:4:rocblit.cpp              :520 : 4393714299620 us: [pid:4178064 tid: 0x7f422aff0200] HSA Async Copy on copy_engine=0x2, dst=0x7f407d67e010, src=0x7f3feaa00000, size=33554432, forceSDMA=0, wait_event=0x0, completion_signal=0x7f4221bfe600
:4:rocvirtual.cpp           :622 : 4393714299632 us: [pid:4178064 tid: 0x7f422aff0200] Host wait on completion_signal=0x7f4221bfe600
:3:rocvirtual.hpp           :56  : 4393714299640 us: [pid:4178064 tid: 0x7f422aff0200] Host active wait for Signal = (0x7f4221bfe600) for -1 ns
:4:rocmemory.cpp            :1018: 4393714300844 us: [pid:4178064 tid: 0x7f422aff0200] Locking to pool 0x37ca7ed0, size 0x2001000, HostPtr = 0x7f407f67e000, DevPtr = 0x7f407f67e000
:4:rocblit.cpp              :623 : 4393714300856 us: [pid:4178064 tid: 0x7f422aff0200] HSA Copy Using Pinned resource size 33554432
:4:rocblit.cpp              :687 : 4393714301171 us: [pid:4178064 tid: 0x7f422aff0200] HSA Async Copy staged D2H
:4:rocblit.cpp              :503 : 4393714301177 us: [pid:4178064 tid: 0x7f422aff0200] Last copy mask 0x2
:4:rocblit.cpp              :520 : 4393714301182 us: [pid:4178064 tid: 0x7f422aff0200] HSA Async Copy on copy_engine=0x2, dst=0x7f407f67e010, src=0x7f3feca00000, size=33554432, forceSDMA=0, wait_event=0x0, completion_signal=0x7f4221bfef80
:4:rocvirtual.cpp           :622 : 4393714301192 us: [pid:4178064 tid: 0x7f422aff0200] Host wait on completion_signal=0x7f4221bfef80
:3:rocvirtual.hpp           :56  : 4393714301200 us: [pid:4178064 tid: 0x7f422aff0200] Host active wait for Signal = (0x7f4221bfef80) for -1 ns
:4:rocmemory.cpp            :1018: 4393714302396 us: [pid:4178064 tid: 0x7f422aff0200] Locking to pool 0x37ca7ed0, size 0x2001000, HostPtr = 0x7f408167e000, DevPtr = 0x7f408167e000
:4:rocblit.cpp              :623 : 4393714479190 us: [pid:4178064 tid: 0x7f422aff0200] HSA Copy Using Pinned resource size 33554432
:4:rocblit.cpp              :687 : 4393714479207 us: [pid:4178064 tid: 0x7f422aff0200] HSA Async Copy staged D2H
:4:rocblit.cpp              :503 : 4393714479218 us: [pid:4178064 tid: 0x7f422aff0200] Last copy mask 0x2
:4:rocblit.cpp              :520 : 4393714479227 us: [pid:4178064 tid: 0x7f422aff0200] HSA Async Copy on copy_engine=0x2, dst=0x7f408167e010, src=0x7f3feea00000, size=33554432, forceSDMA=0, wait_event=0x0, completion_signal=0x7f4221bfda00
:4:rocvirtual.cpp           :622 : 4393714479245 us: [pid:4178064 tid: 0x7f422aff0200] Host wait on completion_signal=0x7f4221bfda00
:3:rocvirtual.hpp           :56  : 4393714479259 us: [pid:4178064 tid: 0x7f422aff0200] Host active wait for Signal = (0x7f4221bfda00) for -1 ns
:4:rocmemory.cpp            :1018: 4393714480461 us: [pid:4178064 tid: 0x7f422aff0200] Locking to pool 0x37ca7ed0, size 0x2001000, HostPtr = 0x7f408367e000, DevPtr = 0x7f408367e000
:4:rocblit.cpp              :623 : 4393714480473 us: [pid:4178064 tid: 0x7f422aff0200] HSA Copy Using Pinned resource size 33554432
:4:rocblit.cpp              :687 : 4393714480481 us: [pid:4178064 tid: 0x7f422aff0200] HSA Async Copy staged D2H
:4:rocblit.cpp              :503 : 4393714480488 us: [pid:4178064 tid: 0x7f422aff0200] Last copy mask 0x2
:4:rocblit.cpp              :520 : 4393714480493 us: [pid:4178064 tid: 0x7f422aff0200] HSA Async Copy on copy_engine=0x2, dst=0x7f408367e010, src=0x7f3ff0a00000, size=33554432, forceSDMA=0, wait_event=0x0, completion_signal=0x7f4221bfdb00
:4:rocvirtual.cpp           :622 : 4393714480501 us: [pid:4178064 tid: 0x7f422aff0200] Host wait on completion_signal=0x7f4221bfdb00
:3:rocvirtual.hpp           :56  : 4393714480509 us: [pid:4178064 tid: 0x7f422aff0200] Host active wait for Signal = (0x7f4221bfdb00) for -1 ns
:4:rocmemory.cpp            :1018: 4393714481708 us: [pid:4178064 tid: 0x7f422aff0200] Locking to pool 0x37ca7ed0, size 0x2001000, HostPtr = 0x7f408567e000, DevPtr = 0x7f408567e000
:4:rocblit.cpp              :623 : 4393714481719 us: [pid:4178064 tid: 0x7f422aff0200] HSA Copy Using Pinned resource size 33554432
:4:rocblit.cpp              :687 : 4393714481727 us: [pid:4178064 tid: 0x7f422aff0200] HSA Async Copy staged D2H
:4:rocblit.cpp              :503 : 4393714481736 us: [pid:4178064 tid: 0x7f422aff0200] Last copy mask 0x2
:4:rocblit.cpp              :520 : 4393714481741 us: [pid:4178064 tid: 0x7f422aff0200] HSA Async Copy on copy_engine=0x2, dst=0x7f408567e010, src=0x7f3ff2a00000, size=33554432, forceSDMA=0, wait_event=0x0, completion_signal=0x7f4221bfe500
:4:rocvirtual.cpp           :622 : 4393714481749 us: [pid:4178064 tid: 0x7f422aff0200] Host wait on completion_signal=0x7f4221bfe500
:3:rocvirtual.hpp           :56  : 4393714481756 us: [pid:4178064 tid: 0x7f422aff0200] Host active wait for Signal = (0x7f4221bfe500) for -1 ns
:4:rocmemory.cpp            :1018: 4393714482950 us: [pid:4178064 tid: 0x7f422aff0200] Locking to pool 0x37ca7ed0, size 0x2001000, HostPtr = 0x7f408767e000, DevPtr = 0x7f408767e000
:4:rocblit.cpp              :623 : 4393714482960 us: [pid:4178064 tid: 0x7f422aff0200] HSA Copy Using Pinned resource size 33554432
:4:rocblit.cpp              :687 : 4393714482967 us: [pid:4178064 tid: 0x7f422aff0200] HSA Async Copy staged D2H
:4:rocblit.cpp              :503 : 4393714482973 us: [pid:4178064 tid: 0x7f422aff0200] Last copy mask 0x2
:4:rocblit.cpp              :520 : 4393714482977 us: [pid:4178064 tid: 0x7f422aff0200] HSA Async Copy on copy_engine=0x2, dst=0x7f408767e010, src=0x7f3ff4a00000, size=33554432, forceSDMA=0, wait_event=0x0, completion_signal=0x7f4221bfe680
:4:rocvirtual.cpp           :622 : 4393714482985 us: [pid:4178064 tid: 0x7f422aff0200] Host wait on completion_signal=0x7f4221bfe680
:3:rocvirtual.hpp           :56  : 4393714482993 us: [pid:4178064 tid: 0x7f422aff0200] Host active wait for Signal = (0x7f4221bfe680) for -1 ns
:4:rocmemory.cpp            :1018: 4393714484188 us: [pid:4178064 tid: 0x7f422aff0200] Locking to pool 0x37ca7ed0, size 0x2001000, HostPtr = 0x7f408967e000, DevPtr = 0x7f408967e000
:4:rocblit.cpp              :623 : 4393714484197 us: [pid:4178064 tid: 0x7f422aff0200] HSA Copy Using Pinned resource size 33554432
:4:rocblit.cpp              :687 : 4393714484204 us: [pid:4178064 tid: 0x7f422aff0200] HSA Async Copy staged D2H
:4:rocblit.cpp              :503 : 4393714484209 us: [pid:4178064 tid: 0x7f422aff0200] Last copy mask 0x2
:4:rocblit.cpp              :520 : 4393714484214 us: [pid:4178064 tid: 0x7f422aff0200] HSA Async Copy on copy_engine=0x2, dst=0x7f408967e010, src=0x7f3ff6a00000, size=33554432, forceSDMA=0, wait_event=0x0, completion_signal=0x7f4221bfe480
:4:rocvirtual.cpp           :622 : 4393714484222 us: [pid:4178064 tid: 0x7f422aff0200] Host wait on completion_signal=0x7f4221bfe480
:3:rocvirtual.hpp           :56  : 4393714484229 us: [pid:4178064 tid: 0x7f422aff0200] Host active wait for Signal = (0x7f4221bfe480) for -1 ns
:4:rocmemory.cpp            :1018: 4393714485423 us: [pid:4178064 tid: 0x7f422aff0200] Locking to pool 0x37ca7ed0, size 0x2001000, HostPtr = 0x7f408b67e000, DevPtr = 0x7f408b67e000
:4:rocblit.cpp              :623 : 4393714485433 us: [pid:4178064 tid: 0x7f422aff0200] HSA Copy Using Pinned resource size 33554432
:4:rocblit.cpp              :687 : 4393714485440 us: [pid:4178064 tid: 0x7f422aff0200] HSA Async Copy staged D2H
:4:rocblit.cpp              :503 : 4393714485445 us: [pid:4178064 tid: 0x7f422aff0200] Last copy mask 0x2
:4:rocblit.cpp              :520 : 4393714485450 us: [pid:4178064 tid: 0x7f422aff0200] HSA Async Copy on copy_engine=0x2, dst=0x7f408b67e010, src=0x7f3ff8a00000, size=33554432, forceSDMA=0, wait_event=0x0, completion_signal=0x7f4221bfd980
:4:rocvirtual.cpp           :622 : 4393714485458 us: [pid:4178064 tid: 0x7f422aff0200] Host wait on completion_signal=0x7f4221bfd980
:3:rocvirtual.hpp           :56  : 4393714485465 us: [pid:4178064 tid: 0x7f422aff0200] Host active wait for Signal = (0x7f4221bfd980) for -1 ns
:4:rocmemory.cpp            :1018: 4393714486662 us: [pid:4178064 tid: 0x7f422aff0200] Locking to pool 0x37ca7ed0, size 0x2001000, HostPtr = 0x7f408d67e000, DevPtr = 0x7f408d67e000
:4:rocblit.cpp              :623 : 4393714486673 us: [pid:4178064 tid: 0x7f422aff0200] HSA Copy Using Pinned resource size 33554432
:4:rocblit.cpp              :687 : 4393714486683 us: [pid:4178064 tid: 0x7f422aff0200] HSA Async Copy staged D2H
:4:rocblit.cpp              :503 : 4393714486688 us: [pid:4178064 tid: 0x7f422aff0200] Last copy mask 0x2
:4:rocblit.cpp              :520 : 4393714486693 us: [pid:4178064 tid: 0x7f422aff0200] HSA Async Copy on copy_engine=0x2, dst=0x7f408d67e010, src=0x7f3ffaa00000, size=33554432, forceSDMA=0, wait_event=0x0, completion_signal=0x7f4221bff000
:4:rocvirtual.cpp           :622 : 4393714486701 us: [pid:4178064 tid: 0x7f422aff0200] Host wait on completion_signal=0x7f4221bff000
:3:rocvirtual.hpp           :56  : 4393714486709 us: [pid:4178064 tid: 0x7f422aff0200] Host active wait for Signal = (0x7f4221bff000) for -1 ns
:4:rocmemory.cpp            :1018: 4393714487903 us: [pid:4178064 tid: 0x7f422aff0200] Locking to pool 0x37ca7ed0, size 0x2001000, HostPtr = 0x7f408f67e000, DevPtr = 0x7f408f67e000
:4:rocblit.cpp              :623 : 4393714487913 us: [pid:4178064 tid: 0x7f422aff0200] HSA Copy Using Pinned resource size 33554432
:4:rocblit.cpp              :687 : 4393714487920 us: [pid:4178064 tid: 0x7f422aff0200] HSA Async Copy staged D2H
:4:rocblit.cpp              :503 : 4393714487925 us: [pid:4178064 tid: 0x7f422aff0200] Last copy mask 0x2
:4:rocblit.cpp              :520 : 4393714487929 us: [pid:4178064 tid: 0x7f422aff0200] HSA Async Copy on copy_engine=0x2, dst=0x7f408f67e010, src=0x7f3ffca00000, size=33554432, forceSDMA=0, wait_event=0x0, completion_signal=0x7f4221bff080
:4:rocvirtual.cpp           :622 : 4393714487937 us: [pid:4178064 tid: 0x7f422aff0200] Host wait on completion_signal=0x7f4221bff080
:3:rocvirtual.hpp           :56  : 4393714487944 us: [pid:4178064 tid: 0x7f422aff0200] Host active wait for Signal = (0x7f4221bff080) for -1 ns
:4:rocmemory.cpp            :1018: 4393714489139 us: [pid:4178064 tid: 0x7f422aff0200] Locking to pool 0x37ca7ed0, size 0x2001000, HostPtr = 0x7f409167e000, DevPtr = 0x7f409167e000
:4:rocblit.cpp              :623 : 4393714489150 us: [pid:4178064 tid: 0x7f422aff0200] HSA Copy Using Pinned resource size 33554432
:4:rocblit.cpp              :687 : 4393714489157 us: [pid:4178064 tid: 0x7f422aff0200] HSA Async Copy staged D2H
:4:rocblit.cpp              :503 : 4393714489162 us: [pid:4178064 tid: 0x7f422aff0200] Last copy mask 0x2
:4:rocblit.cpp              :520 : 4393714489167 us: [pid:4178064 tid: 0x7f422aff0200] HSA Async Copy on copy_engine=0x2, dst=0x7f409167e010, src=0x7f3ffea00000, size=33554432, forceSDMA=0, wait_event=0x0, completion_signal=0x7f4221bfdd00
:4:rocvirtual.cpp           :622 : 4393714489175 us: [pid:4178064 tid: 0x7f422aff0200] Host wait on completion_signal=0x7f4221bfdd00
:3:rocvirtual.hpp           :56  : 4393714489182 us: [pid:4178064 tid: 0x7f422aff0200] Host active wait for Signal = (0x7f4221bfdd00) for -1 ns
:4:rocmemory.cpp            :1018: 4393714490378 us: [pid:4178064 tid: 0x7f422aff0200] Locking to pool 0x37ca7ed0, size 0x2001000, HostPtr = 0x7f409367e000, DevPtr = 0x7f409367e000
:4:rocblit.cpp              :623 : 4393714490387 us: [pid:4178064 tid: 0x7f422aff0200] HSA Copy Using Pinned resource size 33554432
:4:rocblit.cpp              :687 : 4393714490395 us: [pid:4178064 tid: 0x7f422aff0200] HSA Async Copy staged D2H
:4:rocblit.cpp              :503 : 4393714490400 us: [pid:4178064 tid: 0x7f422aff0200] Last copy mask 0x2
:4:rocblit.cpp              :520 : 4393714490404 us: [pid:4178064 tid: 0x7f422aff0200] HSA Async Copy on copy_engine=0x2, dst=0x7f409367e010, src=0x7f4000a00000, size=33554432, forceSDMA=0, wait_event=0x0, completion_signal=0x7f4221bfeb80
:4:rocvirtual.cpp           :622 : 4393714490412 us: [pid:4178064 tid: 0x7f422aff0200] Host wait on completion_signal=0x7f4221bfeb80
:3:rocvirtual.hpp           :56  : 4393714490424 us: [pid:4178064 tid: 0x7f422aff0200] Host active wait for Signal = (0x7f4221bfeb80) for -1 ns
:4:rocmemory.cpp            :1018: 4393714491617 us: [pid:4178064 tid: 0x7f422aff0200] Locking to pool 0x37ca7ed0, size 0x2001000, HostPtr = 0x7f409567e000, DevPtr = 0x7f409567e000
:4:rocblit.cpp              :623 : 4393714491629 us: [pid:4178064 tid: 0x7f422aff0200] HSA Copy Using Pinned resource size 33554432
:4:rocblit.cpp              :687 : 4393714491640 us: [pid:4178064 tid: 0x7f422aff0200] HSA Async Copy staged D2H
:4:rocblit.cpp              :503 : 4393714491645 us: [pid:4178064 tid: 0x7f422aff0200] Last copy mask 0x2
:4:rocblit.cpp              :520 : 4393714491649 us: [pid:4178064 tid: 0x7f422aff0200] HSA Async Copy on copy_engine=0x2, dst=0x7f409567e010, src=0x7f4002a00000, size=33554432, forceSDMA=0, wait_event=0x0, completion_signal=0x7f4221bfed80
:4:rocvirtual.cpp           :622 : 4393714491657 us: [pid:4178064 tid: 0x7f422aff0200] Host wait on completion_signal=0x7f4221bfed80
:3:rocvirtual.hpp           :56  : 4393714491665 us: [pid:4178064 tid: 0x7f422aff0200] Host active wait for Signal = (0x7f4221bfed80) for -1 ns
:4:rocmemory.cpp            :1018: 4393714492860 us: [pid:4178064 tid: 0x7f422aff0200] Locking to pool 0x37ca7ed0, size 0x2001000, HostPtr = 0x7f409767e000, DevPtr = 0x7f409767e000
:4:rocblit.cpp              :623 : 4393714492870 us: [pid:4178064 tid: 0x7f422aff0200] HSA Copy Using Pinned resource size 33554432
:4:rocblit.cpp              :687 : 4393714492877 us: [pid:4178064 tid: 0x7f422aff0200] HSA Async Copy staged D2H
:4:rocblit.cpp              :503 : 4393714492882 us: [pid:4178064 tid: 0x7f422aff0200] Last copy mask 0x2
:4:rocblit.cpp              :520 : 4393714492887 us: [pid:4178064 tid: 0x7f422aff0200] HSA Async Copy on copy_engine=0x2, dst=0x7f409767e010, src=0x7f4004a00000, size=33554432, forceSDMA=0, wait_event=0x0, completion_signal=0x7f4221bfe980
:4:rocvirtual.cpp           :622 : 4393714492895 us: [pid:4178064 tid: 0x7f422aff0200] Host wait on completion_signal=0x7f4221bfe980
:3:rocvirtual.hpp           :56  : 4393714492902 us: [pid:4178064 tid: 0x7f422aff0200] Host active wait for Signal = (0x7f4221bfe980) for -1 ns
:4:rocmemory.cpp            :1018: 4393714494096 us: [pid:4178064 tid: 0x7f422aff0200] Locking to pool 0x37ca7ed0, size 0x14c1000, HostPtr = 0x7f409967e000, DevPtr = 0x7f409967e000
:4:rocblit.cpp              :623 : 4393714494105 us: [pid:4178064 tid: 0x7f422aff0200] HSA Copy Using Pinned resource size 21757952
:4:rocblit.cpp              :687 : 4393714494112 us: [pid:4178064 tid: 0x7f422aff0200] HSA Async Copy staged D2H
:4:rocblit.cpp              :503 : 4393714494117 us: [pid:4178064 tid: 0x7f422aff0200] Last copy mask 0x2
:4:rocblit.cpp              :520 : 4393714494122 us: [pid:4178064 tid: 0x7f422aff0200] HSA Async Copy on copy_engine=0x2, dst=0x7f409967e010, src=0x7f4006a00000, size=21757952, forceSDMA=0, wait_event=0x0, completion_signal=0x7f4221bfde00
:4:rocvirtual.cpp           :622 : 4393714494129 us: [pid:4178064 tid: 0x7f422aff0200] Host wait on completion_signal=0x7f4221bfde00
:3:rocvirtual.hpp           :56  : 4393714494137 us: [pid:4178064 tid: 0x7f422aff0200] Host active wait for Signal = (0x7f4221bfde00) for -1 ns
:4:commandqueue.cpp         :161 : 4393714494910 us: [pid:4178064 tid: 0x7f422aff0200] Marker queued to ensure finish
:4:command.cpp              :359 : 4393714495197 us: [pid:4178064 tid: 0x7f422aff0200] Command (InternalMarker) enqueued: 0x384c9af0
:3:rocvirtual.cpp           :533 : 4393714495212 us: [pid:4178064 tid: 0x7f422aff0200] Set Handler: handle(0x7f4221bfce80), timestamp(0x384fc2d0)
:4:rocvirtual.cpp           :1147: 4393714495221 us: [pid:4178064 tid: 0x7f422aff0200] SWq=0x7f4221d5c000, HWq=0x7f420cc00000, id=1, BarrierAND Header = 0x1503 (type=3, barrier=1, acquire=2, release=2), dep_signal=[0x0, 0x0, 0x0, 0x0, 0x0], completion_signal=0x7f4221bfce80
:3:rocvirtual.hpp           :56  : 4393714495231 us: [pid:4178064 tid: 0x7f422aff0200] Host active wait for Signal = (0x7f4221bfce80) for -1 ns
:4:commandqueue.cpp         :184 : 4393714495239 us: [pid:4178064 tid: 0x7f422aff0200] All commands finished
:3:hip_memory.cpp           :796 : 4393714495244 us: [pid:4178064 tid: 0x7f422aff0200] hipMemcpy: Returned hipSuccess : : duration: 196233 us
:3:rocvirtual.cpp           :226 : 4393714495253 us: [pid:4178064 tid: 0x7f40f11ff6c0] Handler: value(0), timestamp(0x37deb420), handle(0x7f4221bfce80)
:3:hip_memory.cpp           :3476: 4393714495256 us: [pid:4178064 tid: 0x7f422aff0200] [32m hipMemset ( 0x7f3feaa00000, 0, 491520000 ) [0m
:4:command.cpp              :169 : 4393714495303 us: [pid:4178064 tid: 0x7f40f11ff6c0] Command 0x384c98b0 complete
:4:command.cpp              :359 : 4393714495863 us: [pid:4178064 tid: 0x7f422aff0200] Command (FillBuffer) enqueued: 0x38368cd0
:4:command.cpp              :163 : 4393714495876 us: [pid:4178064 tid: 0x7f40f11ff6c0] Command 0x384c9af0 complete (Wall: 4393714495874, CPU: 0, GPU: 669 us)
:3:rocvirtual.cpp           :762 : 4393714495888 us: [pid:4178064 tid: 0x7f422aff0200] Arg0: void* buf = ptr:0x7f3feaa00000
:3:rocvirtual.cpp           :778 : 4393714495906 us: [pid:4178064 tid: 0x7f422aff0200] Arg0: void* buf = ptr:0x7f3feaa00000 obj:[0x7f3feaa00000-0x7f4007ec0000]
:3:rocvirtual.cpp           :762 : 4393714495915 us: [pid:4178064 tid: 0x7f422aff0200] Arg1: uchar* pattern = ptr:0x7f420ca00000
:3:rocvirtual.cpp           :853 : 4393714495923 us: [pid:4178064 tid: 0x7f422aff0200] Arg2: uint pattern_size = val:1
:3:rocvirtual.cpp           :853 : 4393714495927 us: [pid:4178064 tid: 0x7f422aff0200] Arg3: uint alignment = val:16
:3:rocvirtual.cpp           :853 : 4393714495932 us: [pid:4178064 tid: 0x7f422aff0200] Arg4: ulong end_ptr = val:139912987541504
:3:rocvirtual.cpp           :853 : 4393714495940 us: [pid:4178064 tid: 0x7f422aff0200] Arg5: uint next_chunk = val:26624
:3:rocvirtual.cpp           :3236: 4393714495944 us: [pid:4178064 tid: 0x7f422aff0200] ShaderName : __amd_rocclr_fillBufferAligned
:3:rocvirtual.cpp           :3449: 4393714495953 us: [pid:4178064 tid: 0x7f422aff0200] KernargSegmentByteSize = 296 KernargSegmentAlignment = 128
:4:rocvirtual.cpp           :965 : 4393714495962 us: [pid:4178064 tid: 0x7f422aff0200] SWq=0x7f4221d5c000, HWq=0x7f420cc00000, id=1, Dispatch Header = 0x1502 (type=2, barrier=1, acquire=2, release=2), setup=1, grid=[26624, 1, 1], workgroup=[256, 1, 1], private_seg_size=0, group_seg_size=0, kernel_obj=0x7f4221d4dd40, kernarg_address=0x7f420ca00100, completion_signal=0x0, correlation_id=0, rptr=154, wptr=154
:3:hip_memory.cpp           :3477: 4393714496355 us: [pid:4178064 tid: 0x7f422aff0200] hipMemset: Returned hipSuccess : 
:3:hip_device_runtime.cpp   :641 : 4393714496361 us: [pid:4178064 tid: 0x7f422aff0200] [32m hipDeviceSynchronize (  ) [0m
:4:commandqueue.cpp         :161 : 4393714496367 us: [pid:4178064 tid: 0x7f422aff0200] Marker queued to ensure finish
:4:command.cpp              :359 : 4393714496371 us: [pid:4178064 tid: 0x7f422aff0200] Command (InternalMarker) enqueued: 0x384c9af0
:3:rocvirtual.cpp           :533 : 4393714496384 us: [pid:4178064 tid: 0x7f422aff0200] Set Handler: handle(0x7f4221bfcf80), timestamp(0x384fa980)
:4:rocvirtual.cpp           :1147: 4393714496393 us: [pid:4178064 tid: 0x7f422aff0200] SWq=0x7f4221d5c000, HWq=0x7f420cc00000, id=1, BarrierAND Header = 0x1503 (type=3, barrier=1, acquire=2, release=2), dep_signal=[0x0, 0x0, 0x0, 0x0, 0x0], completion_signal=0x7f4221bfcf80
:3:rocvirtual.hpp           :56  : 4393714496404 us: [pid:4178064 tid: 0x7f422aff0200] Host active wait for Signal = (0x7f4221bfcf80) for -1 ns
:4:commandqueue.cpp         :184 : 4393714496772 us: [pid:4178064 tid: 0x7f422aff0200] All commands finished
:3:hip_device_runtime.cpp   :645 : 4393714496881 us: [pid:4178064 tid: 0x7f422aff0200] hipDeviceSynchronize: Returned hipSuccess : 
:3:hip_platform.cpp         :237 : 4393714496894 us: [pid:4178064 tid: 0x7f422aff0200] [32m __hipPushCallConfiguration ( {8,1,1}, {256,1,1}, 0, stream:<null> ) [0m
:3:hip_platform.cpp         :241 : 4393714496904 us: [pid:4178064 tid: 0x7f422aff0200] __hipPushCallConfiguration: Returned hipSuccess : 
:3:hip_platform.cpp         :246 : 4393714496916 us: [pid:4178064 tid: 0x7f422aff0200] [32m __hipPopCallConfiguration ( {896886866,32578,256}, {2118224,0,3252094336}, 0x7ffec1d702d0, 0x7ffec1d702c8 ) [0m
:3:hip_platform.cpp         :255 : 4393714496926 us: [pid:4178064 tid: 0x7f422aff0200] __hipPopCallConfiguration: Returned hipSuccess : 
:3:hip_module.cpp           :744 : 4393714496941 us: [pid:4178064 tid: 0x7f422aff0200] [32m hipLaunchKernel ( 0x200fe0, {8,1,1}, {256,1,1}, 0x7ffec1d70280, 0, stream:<null> ) [0m
:4:command.cpp              :359 : 4393714496956 us: [pid:4178064 tid: 0x7f422aff0200] Command (KernelExecution) enqueued: 0x384c98b0
:3:rocvirtual.cpp           :762 : 4393714496966 us: [pid:4178064 tid: 0x7f422aff0200] Arg0:   = ptr:0x7f4008200000
:3:rocvirtual.cpp           :778 : 4393714496971 us: [pid:4178064 tid: 0x7f422aff0200] Arg0:   = ptr:0x7f4008200000 obj:[0x7f4008200000-0x7f40256c0000]
:3:rocvirtual.cpp           :762 : 4393714496980 us: [pid:4178064 tid: 0x7f422aff0200] Arg1:   = ptr:0x7f4207c27000
:3:rocvirtual.cpp           :778 : 4393714496984 us: [pid:4178064 tid: 0x7f422aff0200] Arg1:   = ptr:0x7f4207c27000 obj:[0x7f4207c27000-0x7f4207c87000]
:3:rocvirtual.cpp           :762 : 4393714496993 us: [pid:4178064 tid: 0x7f422aff0200] Arg2:   = ptr:0x7f3feaa00000
:3:rocvirtual.cpp           :778 : 4393714496999 us: [pid:4178064 tid: 0x7f422aff0200] Arg2:   = ptr:0x7f3feaa00000 obj:[0x7f3feaa00000-0x7f4007ec0000]
:3:rocvirtual.cpp           :853 : 4393714497592 us: [pid:4178064 tid: 0x7f422aff0200] Arg3:   = val:12288
:3:rocvirtual.cpp           :762 : 4393714497598 us: [pid:4178064 tid: 0x7f422aff0200] Arg4:   = ptr:0x7f4207c00000
:3:rocvirtual.cpp           :778 : 4393714497604 us: [pid:4178064 tid: 0x7f422aff0200] Arg4:   = ptr:0x7f4207c00000 obj:[0x7f4207c00000-0x7f4207c00024]
:3:rocvirtual.cpp           :3236: 4393714497613 us: [pid:4178064 tid: 0x7f422aff0200] ShaderName : void dense_esuhm2<float>(float const*, float const*, float*, int, int const*)
:3:rocvirtual.cpp           :3449: 4393714497622 us: [pid:4178064 tid: 0x7f422aff0200] KernargSegmentByteSize = 296 KernargSegmentAlignment = 128
:4:rocvirtual.cpp           :965 : 4393714497632 us: [pid:4178064 tid: 0x7f422aff0200] SWq=0x7f4221d5c000, HWq=0x7f420cc00000, id=1, Dispatch Header = 0xb02 (type=2, barrier=1, acquire=1, release=1), setup=3, grid=[2048, 1, 1], workgroup=[256, 1, 1], private_seg_size=140, group_seg_size=0, kernel_obj=0x7f4221d219c0, kernarg_address=0x7f420ca00280, completion_signal=0x0, correlation_id=0, rptr=156, wptr=156
:3:hip_module.cpp           :745 : 4393714497648 us: [pid:4178064 tid: 0x7f422aff0200] hipLaunchKernel: Returned hipSuccess : : duration: 707 us
:3:hip_device_runtime.cpp   :641 : 4393714497658 us: [pid:4178064 tid: 0x7f422aff0200] [32m hipDeviceSynchronize (  ) [0m
:4:commandqueue.cpp         :161 : 4393714497665 us: [pid:4178064 tid: 0x7f422aff0200] Marker queued to ensure finish
:4:command.cpp              :359 : 4393714497671 us: [pid:4178064 tid: 0x7f422aff0200] Command (InternalMarker) enqueued: 0x384c95e0
:3:rocvirtual.cpp           :226 : 4393714496775 us: [pid:4178064 tid: 0x7f40f11ff6c0] Handler: value(0), timestamp(0x383dceb0), handle(0x7f4221bfcf80)
:4:command.cpp              :169 : 4393714497695 us: [pid:4178064 tid: 0x7f40f11ff6c0] Command 0x38368cd0 complete
:4:command.cpp              :163 : 4393714498199 us: [pid:4178064 tid: 0x7f40f11ff6c0] Command 0x384c9af0 complete (Wall: 4393714498197, CPU: 0, GPU: 1818 us)
:3:rocvirtual.cpp           :533 : 4393714497683 us: [pid:4178064 tid: 0x7f422aff0200] Set Handler: handle(0x7f4221bfcc80), timestamp(0x384ecbc0)
:4:rocvirtual.cpp           :1147: 4393714498225 us: [pid:4178064 tid: 0x7f422aff0200] SWq=0x7f4221d5c000, HWq=0x7f420cc00000, id=1, BarrierAND Header = 0x1503 (type=3, barrier=1, acquire=2, release=2), dep_signal=[0x0, 0x0, 0x0, 0x0, 0x0], completion_signal=0x7f4221bfcc80
:3:rocvirtual.hpp           :56  : 4393714498236 us: [pid:4178064 tid: 0x7f422aff0200] Host active wait for Signal = (0x7f4221bfcc80) for -1 ns
:4:commandqueue.cpp         :184 : 4393714498272 us: [pid:4178064 tid: 0x7f422aff0200] All commands finished
:3:hip_device_runtime.cpp   :645 : 4393714498278 us: [pid:4178064 tid: 0x7f422aff0200] hipDeviceSynchronize: Returned hipSuccess : 
:3:rocvirtual.cpp           :226 : 4393714498273 us: [pid:4178064 tid: 0x7f40f11ff6c0] Handler: value(0), timestamp(0x38510aa0), handle(0x7f4221bfcc80)
:4:command.cpp              :169 : 4393714498306 us: [pid:4178064 tid: 0x7f40f11ff6c0] Command 0x384c98b0 complete
:3:hip_memory.cpp           :795 : 4393714498294 us: [pid:4178064 tid: 0x7f422aff0200] [32m hipMemcpy ( 0x7f40601bd010, 0x7f3feaa00000, 491520000, hipMemcpyDeviceToHost ) [0m
:4:command.cpp              :359 : 4393714498834 us: [pid:4178064 tid: 0x7f422aff0200] Command (CopyDeviceToHost) enqueued: 0x384c98b0
:4:rocblit.cpp              :1673: 4393714498844 us: [pid:4178064 tid: 0x7f422aff0200] Unpinned read path, Async = 0
:4:command.cpp              :163 : 4393714498819 us: [pid:4178064 tid: 0x7f40f11ff6c0] Command 0x384c95e0 complete (Wall: 4393714498818, CPU: 0, GPU: 1138 us)
:4:rocmemory.cpp            :1018: 4393714498858 us: [pid:4178064 tid: 0x7f422aff0200] Locking to pool 0x37ca7ed0, size 0x2001000, HostPtr = 0x7f40601bd000, DevPtr = 0x7f40601bd000
:4:rocblit.cpp              :623 : 4393714498866 us: [pid:4178064 tid: 0x7f422aff0200] HSA Copy Using Pinned resource size 33554432
:4:rocblit.cpp              :687 : 4393714498874 us: [pid:4178064 tid: 0x7f422aff0200] HSA Async Copy staged D2H
:4:rocblit.cpp              :503 : 4393714498878 us: [pid:4178064 tid: 0x7f422aff0200] Last copy mask 0x0
:4:rocblit.cpp              :509 : 4393714498885 us: [pid:4178064 tid: 0x7f422aff0200] Query copy engine status 0, free_engine mask 0x1e
:4:rocblit.cpp              :520 : 4393714498892 us: [pid:4178064 tid: 0x7f422aff0200] HSA Async Copy on copy_engine=0x2, dst=0x7f40601bd010, src=0x7f3feaa00000, size=33554432, forceSDMA=0, wait_event=0x0, completion_signal=0x7f4221bfe880
:4:rocvirtual.cpp           :622 : 4393714498901 us: [pid:4178064 tid: 0x7f422aff0200] Host wait on completion_signal=0x7f4221bfe880
:3:rocvirtual.hpp           :56  : 4393714498908 us: [pid:4178064 tid: 0x7f422aff0200] Host active wait for Signal = (0x7f4221bfe880) for -1 ns
:4:rocmemory.cpp            :1018: 4393714500104 us: [pid:4178064 tid: 0x7f422aff0200] Locking to pool 0x37ca7ed0, size 0x2001000, HostPtr = 0x7f40621bd000, DevPtr = 0x7f40621bd000
:4:rocblit.cpp              :623 : 4393714500115 us: [pid:4178064 tid: 0x7f422aff0200] HSA Copy Using Pinned resource size 33554432
:4:rocblit.cpp              :687 : 4393714500122 us: [pid:4178064 tid: 0x7f422aff0200] HSA Async Copy staged D2H
:4:rocblit.cpp              :503 : 4393714500127 us: [pid:4178064 tid: 0x7f422aff0200] Last copy mask 0x2
:4:rocblit.cpp              :520 : 4393714500132 us: [pid:4178064 tid: 0x7f422aff0200] HSA Async Copy on copy_engine=0x2, dst=0x7f40621bd010, src=0x7f3feca00000, size=33554432, forceSDMA=0, wait_event=0x0, completion_signal=0x7f4221bfe780
:4:rocvirtual.cpp           :622 : 4393714500140 us: [pid:4178064 tid: 0x7f422aff0200] Host wait on completion_signal=0x7f4221bfe780
:3:rocvirtual.hpp           :56  : 4393714500147 us: [pid:4178064 tid: 0x7f422aff0200] Host active wait for Signal = (0x7f4221bfe780) for -1 ns
:4:rocmemory.cpp            :1018: 4393714501356 us: [pid:4178064 tid: 0x7f422aff0200] Locking to pool 0x37ca7ed0, size 0x2001000, HostPtr = 0x7f40641bd000, DevPtr = 0x7f40641bd000
:4:rocblit.cpp              :623 : 4393714501368 us: [pid:4178064 tid: 0x7f422aff0200] HSA Copy Using Pinned resource size 33554432
:4:rocblit.cpp              :687 : 4393714501376 us: [pid:4178064 tid: 0x7f422aff0200] HSA Async Copy staged D2H
:4:rocblit.cpp              :503 : 4393714501381 us: [pid:4178064 tid: 0x7f422aff0200] Last copy mask 0x2
:4:rocblit.cpp              :520 : 4393714501386 us: [pid:4178064 tid: 0x7f422aff0200] HSA Async Copy on copy_engine=0x2, dst=0x7f40641bd010, src=0x7f3feea00000, size=33554432, forceSDMA=0, wait_event=0x0, completion_signal=0x7f4221bfe580
:4:rocvirtual.cpp           :622 : 4393714501394 us: [pid:4178064 tid: 0x7f422aff0200] Host wait on completion_signal=0x7f4221bfe580
:3:rocvirtual.hpp           :56  : 4393714501402 us: [pid:4178064 tid: 0x7f422aff0200] Host active wait for Signal = (0x7f4221bfe580) for -1 ns
:4:rocmemory.cpp            :1018: 4393714502598 us: [pid:4178064 tid: 0x7f422aff0200] Locking to pool 0x37ca7ed0, size 0x2001000, HostPtr = 0x7f40661bd000, DevPtr = 0x7f40661bd000
:4:rocblit.cpp              :623 : 4393714502611 us: [pid:4178064 tid: 0x7f422aff0200] HSA Copy Using Pinned resource size 33554432
:4:rocblit.cpp              :687 : 4393714502618 us: [pid:4178064 tid: 0x7f422aff0200] HSA Async Copy staged D2H
:4:rocblit.cpp              :503 : 4393714502623 us: [pid:4178064 tid: 0x7f422aff0200] Last copy mask 0x2
:4:rocblit.cpp              :520 : 4393714502628 us: [pid:4178064 tid: 0x7f422aff0200] HSA Async Copy on copy_engine=0x2, dst=0x7f40661bd010, src=0x7f3ff0a00000, size=33554432, forceSDMA=0, wait_event=0x0, completion_signal=0x7f4221bfdf00
:4:rocvirtual.cpp           :622 : 4393714502636 us: [pid:4178064 tid: 0x7f422aff0200] Host wait on completion_signal=0x7f4221bfdf00
:3:rocvirtual.hpp           :56  : 4393714503148 us: [pid:4178064 tid: 0x7f422aff0200] Host active wait for Signal = (0x7f4221bfdf00) for -1 ns
:4:rocmemory.cpp            :1018: 4393714503839 us: [pid:4178064 tid: 0x7f422aff0200] Locking to pool 0x37ca7ed0, size 0x2001000, HostPtr = 0x7f40681bd000, DevPtr = 0x7f40681bd000
:4:rocblit.cpp              :623 : 4393714504246 us: [pid:4178064 tid: 0x7f422aff0200] HSA Copy Using Pinned resource size 33554432
:4:rocblit.cpp              :687 : 4393714504254 us: [pid:4178064 tid: 0x7f422aff0200] HSA Async Copy staged D2H
:4:rocblit.cpp              :503 : 4393714504259 us: [pid:4178064 tid: 0x7f422aff0200] Last copy mask 0x2
:4:rocblit.cpp              :520 : 4393714504263 us: [pid:4178064 tid: 0x7f422aff0200] HSA Async Copy on copy_engine=0x2, dst=0x7f40681bd010, src=0x7f3ff2a00000, size=33554432, forceSDMA=0, wait_event=0x0, completion_signal=0x7f4221bfe900
:4:rocvirtual.cpp           :622 : 4393714504271 us: [pid:4178064 tid: 0x7f422aff0200] Host wait on completion_signal=0x7f4221bfe900
:3:rocvirtual.hpp           :56  : 4393714504279 us: [pid:4178064 tid: 0x7f422aff0200] Host active wait for Signal = (0x7f4221bfe900) for -1 ns
:4:rocmemory.cpp            :1018: 4393714505473 us: [pid:4178064 tid: 0x7f422aff0200] Locking to pool 0x37ca7ed0, size 0x2001000, HostPtr = 0x7f406a1bd000, DevPtr = 0x7f406a1bd000
:4:rocblit.cpp              :623 : 4393714505482 us: [pid:4178064 tid: 0x7f422aff0200] HSA Copy Using Pinned resource size 33554432
:4:rocblit.cpp              :687 : 4393714505489 us: [pid:4178064 tid: 0x7f422aff0200] HSA Async Copy staged D2H
:4:rocblit.cpp              :503 : 4393714505494 us: [pid:4178064 tid: 0x7f422aff0200] Last copy mask 0x2
:4:rocblit.cpp              :520 : 4393714505498 us: [pid:4178064 tid: 0x7f422aff0200] HSA Async Copy on copy_engine=0x2, dst=0x7f406a1bd010, src=0x7f3ff4a00000, size=33554432, forceSDMA=0, wait_event=0x0, completion_signal=0x7f4221bfea00
:4:rocvirtual.cpp           :622 : 4393714505506 us: [pid:4178064 tid: 0x7f422aff0200] Host wait on completion_signal=0x7f4221bfea00
:3:rocvirtual.hpp           :56  : 4393714505513 us: [pid:4178064 tid: 0x7f422aff0200] Host active wait for Signal = (0x7f4221bfea00) for -1 ns
:4:rocmemory.cpp            :1018: 4393714506707 us: [pid:4178064 tid: 0x7f422aff0200] Locking to pool 0x37ca7ed0, size 0x2001000, HostPtr = 0x7f406c1bd000, DevPtr = 0x7f406c1bd000
:4:rocblit.cpp              :623 : 4393714506716 us: [pid:4178064 tid: 0x7f422aff0200] HSA Copy Using Pinned resource size 33554432
:4:rocblit.cpp              :687 : 4393714506723 us: [pid:4178064 tid: 0x7f422aff0200] HSA Async Copy staged D2H
:4:rocblit.cpp              :503 : 4393714506729 us: [pid:4178064 tid: 0x7f422aff0200] Last copy mask 0x2
:4:rocblit.cpp              :520 : 4393714506733 us: [pid:4178064 tid: 0x7f422aff0200] HSA Async Copy on copy_engine=0x2, dst=0x7f406c1bd010, src=0x7f3ff6a00000, size=33554432, forceSDMA=0, wait_event=0x0, completion_signal=0x7f4221bfea80
:4:rocvirtual.cpp           :622 : 4393714506741 us: [pid:4178064 tid: 0x7f422aff0200] Host wait on completion_signal=0x7f4221bfea80
:3:rocvirtual.hpp           :56  : 4393714506748 us: [pid:4178064 tid: 0x7f422aff0200] Host active wait for Signal = (0x7f4221bfea80) for -1 ns
:4:rocmemory.cpp            :1018: 4393714507943 us: [pid:4178064 tid: 0x7f422aff0200] Locking to pool 0x37ca7ed0, size 0x2001000, HostPtr = 0x7f406e1bd000, DevPtr = 0x7f406e1bd000
:4:rocblit.cpp              :623 : 4393714507953 us: [pid:4178064 tid: 0x7f422aff0200] HSA Copy Using Pinned resource size 33554432
:4:rocblit.cpp              :687 : 4393714507961 us: [pid:4178064 tid: 0x7f422aff0200] HSA Async Copy staged D2H
:4:rocblit.cpp              :503 : 4393714507966 us: [pid:4178064 tid: 0x7f422aff0200] Last copy mask 0x2
:4:rocblit.cpp              :520 : 4393714507971 us: [pid:4178064 tid: 0x7f422aff0200] HSA Async Copy on copy_engine=0x2, dst=0x7f406e1bd010, src=0x7f3ff8a00000, size=33554432, forceSDMA=0, wait_event=0x0, completion_signal=0x7f4221bfe800
:4:rocvirtual.cpp           :622 : 4393714507979 us: [pid:4178064 tid: 0x7f422aff0200] Host wait on completion_signal=0x7f4221bfe800
:3:rocvirtual.hpp           :56  : 4393714507986 us: [pid:4178064 tid: 0x7f422aff0200] Host active wait for Signal = (0x7f4221bfe800) for -1 ns
:4:rocmemory.cpp            :1018: 4393714509180 us: [pid:4178064 tid: 0x7f422aff0200] Locking to pool 0x37ca7ed0, size 0x2001000, HostPtr = 0x7f40701bd000, DevPtr = 0x7f40701bd000
:4:rocblit.cpp              :623 : 4393714509238 us: [pid:4178064 tid: 0x7f422aff0200] HSA Copy Using Pinned resource size 33554432
:4:rocblit.cpp              :687 : 4393714509246 us: [pid:4178064 tid: 0x7f422aff0200] HSA Async Copy staged D2H
:4:rocblit.cpp              :503 : 4393714509251 us: [pid:4178064 tid: 0x7f422aff0200] Last copy mask 0x2
:4:rocblit.cpp              :520 : 4393714509256 us: [pid:4178064 tid: 0x7f422aff0200] HSA Async Copy on copy_engine=0x2, dst=0x7f40701bd010, src=0x7f3ffaa00000, size=33554432, forceSDMA=0, wait_event=0x0, completion_signal=0x7f4221bfe700
:4:rocvirtual.cpp           :622 : 4393714509264 us: [pid:4178064 tid: 0x7f422aff0200] Host wait on completion_signal=0x7f4221bfe700
:3:rocvirtual.hpp           :56  : 4393714509271 us: [pid:4178064 tid: 0x7f422aff0200] Host active wait for Signal = (0x7f4221bfe700) for -1 ns
:4:rocmemory.cpp            :1018: 4393714510466 us: [pid:4178064 tid: 0x7f422aff0200] Locking to pool 0x37ca7ed0, size 0x2001000, HostPtr = 0x7f40721bd000, DevPtr = 0x7f40721bd000
:4:rocblit.cpp              :623 : 4393714510475 us: [pid:4178064 tid: 0x7f422aff0200] HSA Copy Using Pinned resource size 33554432
:4:rocblit.cpp              :687 : 4393714510482 us: [pid:4178064 tid: 0x7f422aff0200] HSA Async Copy staged D2H
:4:rocblit.cpp              :503 : 4393714510487 us: [pid:4178064 tid: 0x7f422aff0200] Last copy mask 0x2
:4:rocblit.cpp              :520 : 4393714510492 us: [pid:4178064 tid: 0x7f422aff0200] HSA Async Copy on copy_engine=0x2, dst=0x7f40721bd010, src=0x7f3ffca00000, size=33554432, forceSDMA=0, wait_event=0x0, completion_signal=0x7f4221bfde80
:4:rocvirtual.cpp           :622 : 4393714510500 us: [pid:4178064 tid: 0x7f422aff0200] Host wait on completion_signal=0x7f4221bfde80
:3:rocvirtual.hpp           :56  : 4393714510507 us: [pid:4178064 tid: 0x7f422aff0200] Host active wait for Signal = (0x7f4221bfde80) for -1 ns
:4:rocmemory.cpp            :1018: 4393714511702 us: [pid:4178064 tid: 0x7f422aff0200] Locking to pool 0x37ca7ed0, size 0x2001000, HostPtr = 0x7f40741bd000, DevPtr = 0x7f40741bd000
:4:rocblit.cpp              :623 : 4393714511713 us: [pid:4178064 tid: 0x7f422aff0200] HSA Copy Using Pinned resource size 33554432
:4:rocblit.cpp              :687 : 4393714511727 us: [pid:4178064 tid: 0x7f422aff0200] HSA Async Copy staged D2H
:4:rocblit.cpp              :503 : 4393714511732 us: [pid:4178064 tid: 0x7f422aff0200] Last copy mask 0x2
:4:rocblit.cpp              :520 : 4393714511739 us: [pid:4178064 tid: 0x7f422aff0200] HSA Async Copy on copy_engine=0x2, dst=0x7f40741bd010, src=0x7f3ffea00000, size=33554432, forceSDMA=0, wait_event=0x0, completion_signal=0x7f4221bfe080
:4:rocvirtual.cpp           :622 : 4393714511750 us: [pid:4178064 tid: 0x7f422aff0200] Host wait on completion_signal=0x7f4221bfe080
:3:rocvirtual.hpp           :56  : 4393714511765 us: [pid:4178064 tid: 0x7f422aff0200] Host active wait for Signal = (0x7f4221bfe080) for -1 ns
:4:rocmemory.cpp            :1018: 4393714512952 us: [pid:4178064 tid: 0x7f422aff0200] Locking to pool 0x37ca7ed0, size 0x2001000, HostPtr = 0x7f40761bd000, DevPtr = 0x7f40761bd000
:4:rocblit.cpp              :623 : 4393714512963 us: [pid:4178064 tid: 0x7f422aff0200] HSA Copy Using Pinned resource size 33554432
:4:rocblit.cpp              :687 : 4393714512970 us: [pid:4178064 tid: 0x7f422aff0200] HSA Async Copy staged D2H
:4:rocblit.cpp              :503 : 4393714512975 us: [pid:4178064 tid: 0x7f422aff0200] Last copy mask 0x2
:4:rocblit.cpp              :520 : 4393714512979 us: [pid:4178064 tid: 0x7f422aff0200] HSA Async Copy on copy_engine=0x2, dst=0x7f40761bd010, src=0x7f4000a00000, size=33554432, forceSDMA=0, wait_event=0x0, completion_signal=0x7f4221bfe000
:4:rocvirtual.cpp           :622 : 4393714512987 us: [pid:4178064 tid: 0x7f422aff0200] Host wait on completion_signal=0x7f4221bfe000
:3:rocvirtual.hpp           :56  : 4393714512995 us: [pid:4178064 tid: 0x7f422aff0200] Host active wait for Signal = (0x7f4221bfe000) for -1 ns
:4:rocmemory.cpp            :1018: 4393714514188 us: [pid:4178064 tid: 0x7f422aff0200] Locking to pool 0x37ca7ed0, size 0x2001000, HostPtr = 0x7f40781bd000, DevPtr = 0x7f40781bd000
:4:rocblit.cpp              :623 : 4393714514198 us: [pid:4178064 tid: 0x7f422aff0200] HSA Copy Using Pinned resource size 33554432
:4:rocblit.cpp              :687 : 4393714514206 us: [pid:4178064 tid: 0x7f422aff0200] HSA Async Copy staged D2H
:4:rocblit.cpp              :503 : 4393714514210 us: [pid:4178064 tid: 0x7f422aff0200] Last copy mask 0x2
:4:rocblit.cpp              :520 : 4393714514215 us: [pid:4178064 tid: 0x7f422aff0200] HSA Async Copy on copy_engine=0x2, dst=0x7f40781bd010, src=0x7f4002a00000, size=33554432, forceSDMA=0, wait_event=0x0, completion_signal=0x7f4221bfe380
:4:rocvirtual.cpp           :622 : 4393714514223 us: [pid:4178064 tid: 0x7f422aff0200] Host wait on completion_signal=0x7f4221bfe380
:3:rocvirtual.hpp           :56  : 4393714514230 us: [pid:4178064 tid: 0x7f422aff0200] Host active wait for Signal = (0x7f4221bfe380) for -1 ns
:4:rocmemory.cpp            :1018: 4393714515424 us: [pid:4178064 tid: 0x7f422aff0200] Locking to pool 0x37ca7ed0, size 0x2001000, HostPtr = 0x7f407a1bd000, DevPtr = 0x7f407a1bd000
:4:rocblit.cpp              :623 : 4393714515433 us: [pid:4178064 tid: 0x7f422aff0200] HSA Copy Using Pinned resource size 33554432
:4:rocblit.cpp              :687 : 4393714515440 us: [pid:4178064 tid: 0x7f422aff0200] HSA Async Copy staged D2H
:4:rocblit.cpp              :503 : 4393714515445 us: [pid:4178064 tid: 0x7f422aff0200] Last copy mask 0x2
:4:rocblit.cpp              :520 : 4393714515450 us: [pid:4178064 tid: 0x7f422aff0200] HSA Async Copy on copy_engine=0x2, dst=0x7f407a1bd010, src=0x7f4004a00000, size=33554432, forceSDMA=0, wait_event=0x0, completion_signal=0x7f4221bfe180
:4:rocvirtual.cpp           :622 : 4393714515458 us: [pid:4178064 tid: 0x7f422aff0200] Host wait on completion_signal=0x7f4221bfe180
:3:rocvirtual.hpp           :56  : 4393714515465 us: [pid:4178064 tid: 0x7f422aff0200] Host active wait for Signal = (0x7f4221bfe180) for -1 ns
:4:rocmemory.cpp            :1018: 4393714516659 us: [pid:4178064 tid: 0x7f422aff0200] Locking to pool 0x37ca7ed0, size 0x14c1000, HostPtr = 0x7f407c1bd000, DevPtr = 0x7f407c1bd000
:4:rocblit.cpp              :623 : 4393714516668 us: [pid:4178064 tid: 0x7f422aff0200] HSA Copy Using Pinned resource size 21757952
:4:rocblit.cpp              :687 : 4393714516676 us: [pid:4178064 tid: 0x7f422aff0200] HSA Async Copy staged D2H
:4:rocblit.cpp              :503 : 4393714516680 us: [pid:4178064 tid: 0x7f422aff0200] Last copy mask 0x2
:4:rocblit.cpp              :520 : 4393714516685 us: [pid:4178064 tid: 0x7f422aff0200] HSA Async Copy on copy_engine=0x2, dst=0x7f407c1bd010, src=0x7f4006a00000, size=21757952, forceSDMA=0, wait_event=0x0, completion_signal=0x7f4221bfdf80
:4:rocvirtual.cpp           :622 : 4393714516693 us: [pid:4178064 tid: 0x7f422aff0200] Host wait on completion_signal=0x7f4221bfdf80
:3:rocvirtual.hpp           :56  : 4393714516702 us: [pid:4178064 tid: 0x7f422aff0200] Host active wait for Signal = (0x7f4221bfdf80) for -1 ns
:4:commandqueue.cpp         :161 : 4393714517473 us: [pid:4178064 tid: 0x7f422aff0200] Marker queued to ensure finish
:4:command.cpp              :359 : 4393714517479 us: [pid:4178064 tid: 0x7f422aff0200] Command (InternalMarker) enqueued: 0x384c9af0
:3:rocvirtual.cpp           :533 : 4393714517490 us: [pid:4178064 tid: 0x7f422aff0200] Set Handler: handle(0x7f4221bfc600), timestamp(0x38350d20)
:4:rocvirtual.cpp           :1147: 4393714517498 us: [pid:4178064 tid: 0x7f422aff0200] SWq=0x7f4221d5c000, HWq=0x7f420cc00000, id=1, BarrierAND Header = 0x1503 (type=3, barrier=1, acquire=2, release=2), dep_signal=[0x0, 0x0, 0x0, 0x0, 0x0], completion_signal=0x7f4221bfc600
:3:rocvirtual.hpp           :56  : 4393714517509 us: [pid:4178064 tid: 0x7f422aff0200] Host active wait for Signal = (0x7f4221bfc600) for -1 ns
:3:rocvirtual.cpp           :226 : 4393714517516 us: [pid:4178064 tid: 0x7f40f11ff6c0] Handler: value(0), timestamp(0x38510aa0), handle(0x7f4221bfc600)
:4:command.cpp              :169 : 4393714517533 us: [pid:4178064 tid: 0x7f40f11ff6c0] Command 0x384c98b0 complete
:4:command.cpp              :163 : 4393714517542 us: [pid:4178064 tid: 0x7f40f11ff6c0] Command 0x384c9af0 complete (Wall: 4393714517541, CPU: 0, GPU: 54 us)
:4:commandqueue.cpp         :184 : 4393714517517 us: [pid:4178064 tid: 0x7f422aff0200] All commands finished
:3:hip_memory.cpp           :796 : 4393714517570 us: [pid:4178064 tid: 0x7f422aff0200] hipMemcpy: Returned hipSuccess : : duration: 19276 us
:3:hip_memory.cpp           :3476: 4393714517580 us: [pid:4178064 tid: 0x7f422aff0200] [32m hipMemset ( 0x7f3feaa00000, 0, 491520000 ) [0m
:4:command.cpp              :359 : 4393714518601 us: [pid:4178064 tid: 0x7f422aff0200] Command (FillBuffer) enqueued: 0x38368cd0
:3:rocvirtual.cpp           :762 : 4393714518612 us: [pid:4178064 tid: 0x7f422aff0200] Arg0: void* buf = ptr:0x7f3feaa00000
:3:rocvirtual.cpp           :778 : 4393714518616 us: [pid:4178064 tid: 0x7f422aff0200] Arg0: void* buf = ptr:0x7f3feaa00000 obj:[0x7f3feaa00000-0x7f4007ec0000]
:3:rocvirtual.cpp           :762 : 4393714518624 us: [pid:4178064 tid: 0x7f422aff0200] Arg1: uchar* pattern = ptr:0x7f420ca00000
:3:rocvirtual.cpp           :853 : 4393714518632 us: [pid:4178064 tid: 0x7f422aff0200] Arg2: uint pattern_size = val:1
:3:rocvirtual.cpp           :853 : 4393714518636 us: [pid:4178064 tid: 0x7f422aff0200] Arg3: uint alignment = val:16
:3:rocvirtual.cpp           :853 : 4393714518641 us: [pid:4178064 tid: 0x7f422aff0200] Arg4: ulong end_ptr = val:139912987541504
:3:rocvirtual.cpp           :853 : 4393714518649 us: [pid:4178064 tid: 0x7f422aff0200] Arg5: uint next_chunk = val:26624
:3:rocvirtual.cpp           :3236: 4393714518653 us: [pid:4178064 tid: 0x7f422aff0200] ShaderName : __amd_rocclr_fillBufferAligned
:3:rocvirtual.cpp           :3449: 4393714518661 us: [pid:4178064 tid: 0x7f422aff0200] KernargSegmentByteSize = 296 KernargSegmentAlignment = 128
:4:rocvirtual.cpp           :965 : 4393714518670 us: [pid:4178064 tid: 0x7f422aff0200] SWq=0x7f4221d5c000, HWq=0x7f420cc00000, id=1, Dispatch Header = 0x1502 (type=2, barrier=1, acquire=2, release=2), setup=1, grid=[26624, 1, 1], workgroup=[256, 1, 1], private_seg_size=0, group_seg_size=0, kernel_obj=0x7f4221d4dd40, kernarg_address=0x7f420ca00100, completion_signal=0x0, correlation_id=0, rptr=159, wptr=159
:3:hip_memory.cpp           :3477: 4393714518683 us: [pid:4178064 tid: 0x7f422aff0200] hipMemset: Returned hipSuccess : 
:3:hip_device_runtime.cpp   :641 : 4393714518689 us: [pid:4178064 tid: 0x7f422aff0200] [32m hipDeviceSynchronize (  ) [0m
:4:commandqueue.cpp         :161 : 4393714518693 us: [pid:4178064 tid: 0x7f422aff0200] Marker queued to ensure finish
:4:command.cpp              :359 : 4393714518698 us: [pid:4178064 tid: 0x7f422aff0200] Command (InternalMarker) enqueued: 0x384c9af0
:3:rocvirtual.cpp           :533 : 4393714518710 us: [pid:4178064 tid: 0x7f422aff0200] Set Handler: handle(0x7f4221bfc580), timestamp(0x381c7280)
:4:rocvirtual.cpp           :1147: 4393714519088 us: [pid:4178064 tid: 0x7f422aff0200] SWq=0x7f4221d5c000, HWq=0x7f420cc00000, id=1, BarrierAND Header = 0x1503 (type=3, barrier=1, acquire=2, release=2), dep_signal=[0x0, 0x0, 0x0, 0x0, 0x0], completion_signal=0x7f4221bfc580
:3:rocvirtual.hpp           :56  : 4393714519099 us: [pid:4178064 tid: 0x7f422aff0200] Host active wait for Signal = (0x7f4221bfc580) for -1 ns
:4:commandqueue.cpp         :184 : 4393714519109 us: [pid:4178064 tid: 0x7f422aff0200] All commands finished
:3:rocvirtual.cpp           :226 : 4393714519102 us: [pid:4178064 tid: 0x7f40f11ff6c0] Handler: value(0), timestamp(0x381c6ce0), handle(0x7f4221bfc580)
:4:command.cpp              :169 : 4393714519127 us: [pid:4178064 tid: 0x7f40f11ff6c0] Command 0x38368cd0 complete
:3:hip_device_runtime.cpp   :645 : 4393714519114 us: [pid:4178064 tid: 0x7f422aff0200] hipDeviceSynchronize: Returned hipSuccess : 
:3:hip_platform.cpp         :237 : 4393714519149 us: [pid:4178064 tid: 0x7f422aff0200] [32m __hipPushCallConfiguration ( {8,1,1}, {256,1,1}, 0, stream:<null> ) [0m
:3:hip_platform.cpp         :241 : 4393714519159 us: [pid:4178064 tid: 0x7f422aff0200] __hipPushCallConfiguration: Returned hipSuccess : 
:3:hip_platform.cpp         :246 : 4393714519170 us: [pid:4178064 tid: 0x7f422aff0200] [32m __hipPopCallConfiguration ( {896886866,32578,256}, {2118224,0,3252094336}, 0x7ffec1d702d0, 0x7ffec1d702c8 ) [0m
:3:hip_platform.cpp         :255 : 4393714519179 us: [pid:4178064 tid: 0x7f422aff0200] __hipPopCallConfiguration: Returned hipSuccess : 
:3:hip_module.cpp           :744 : 4393714519189 us: [pid:4178064 tid: 0x7f422aff0200] [32m hipLaunchKernel ( 0x200fe8, {8,1,1}, {256,1,1}, 0x7ffec1d70280, 0, stream:<null> ) [0m
:4:command.cpp              :163 : 4393714519136 us: [pid:4178064 tid: 0x7f40f11ff6c0] Command 0x384c9af0 complete (Wall: 4393714519134, CPU: 0, GPU: 429 us)
:4:command.cpp              :359 : 4393714519510 us: [pid:4178064 tid: 0x7f422aff0200] Command (KernelExecution) enqueued: 0x384c98b0
:3:rocvirtual.cpp           :762 : 4393714519533 us: [pid:4178064 tid: 0x7f422aff0200] Arg0:   = ptr:0x7f4008200000
:3:rocvirtual.cpp           :778 : 4393714519538 us: [pid:4178064 tid: 0x7f422aff0200] Arg0:   = ptr:0x7f4008200000 obj:[0x7f4008200000-0x7f40256c0000]
:3:rocvirtual.cpp           :762 : 4393714519546 us: [pid:4178064 tid: 0x7f422aff0200] Arg1:   = ptr:0x7f4207c27000
:3:rocvirtual.cpp           :778 : 4393714519550 us: [pid:4178064 tid: 0x7f422aff0200] Arg1:   = ptr:0x7f4207c27000 obj:[0x7f4207c27000-0x7f4207c87000]
:3:rocvirtual.cpp           :762 : 4393714519557 us: [pid:4178064 tid: 0x7f422aff0200] Arg2:   = ptr:0x7f3feaa00000
:3:rocvirtual.cpp           :778 : 4393714519562 us: [pid:4178064 tid: 0x7f422aff0200] Arg2:   = ptr:0x7f3feaa00000 obj:[0x7f3feaa00000-0x7f4007ec0000]
:3:rocvirtual.cpp           :853 : 4393714519570 us: [pid:4178064 tid: 0x7f422aff0200] Arg3:   = val:12288
:3:rocvirtual.cpp           :762 : 4393714519574 us: [pid:4178064 tid: 0x7f422aff0200] Arg4:   = ptr:0x7f4207c00000
:3:rocvirtual.cpp           :778 : 4393714519579 us: [pid:4178064 tid: 0x7f422aff0200] Arg4:   = ptr:0x7f4207c00000 obj:[0x7f4207c00000-0x7f4207c00024]
:3:rocvirtual.cpp           :3236: 4393714519586 us: [pid:4178064 tid: 0x7f422aff0200] ShaderName : void dense_esuhm3<float>(float const*, float const*, float*, int, int const*)
:3:rocvirtual.cpp           :3449: 4393714519595 us: [pid:4178064 tid: 0x7f422aff0200] KernargSegmentByteSize = 296 KernargSegmentAlignment = 128
:4:rocvirtual.cpp           :965 : 4393714519604 us: [pid:4178064 tid: 0x7f422aff0200] SWq=0x7f4221d5c000, HWq=0x7f420cc00000, id=1, Dispatch Header = 0xb02 (type=2, barrier=1, acquire=1, release=1), setup=3, grid=[2048, 1, 1], workgroup=[256, 1, 1], private_seg_size=140, group_seg_size=0, kernel_obj=0x7f4221d21a00, kernarg_address=0x7f420ca00280, completion_signal=0x0, correlation_id=0, rptr=161, wptr=161
:3:hip_module.cpp           :745 : 4393714520031 us: [pid:4178064 tid: 0x7f422aff0200] hipLaunchKernel: Returned hipSuccess : : duration: 842 us
:3:hip_device_runtime.cpp   :641 : 4393714520042 us: [pid:4178064 tid: 0x7f422aff0200] [32m hipDeviceSynchronize (  ) [0m
:4:commandqueue.cpp         :161 : 4393714520047 us: [pid:4178064 tid: 0x7f422aff0200] Marker queued to ensure finish
:4:command.cpp              :359 : 4393714520051 us: [pid:4178064 tid: 0x7f422aff0200] Command (InternalMarker) enqueued: 0x384c9af0
:3:rocvirtual.cpp           :533 : 4393714520063 us: [pid:4178064 tid: 0x7f422aff0200] Set Handler: handle(0x7f4221bfc680), timestamp(0x381c6bb0)
:4:rocvirtual.cpp           :1147: 4393714520072 us: [pid:4178064 tid: 0x7f422aff0200] SWq=0x7f4221d5c000, HWq=0x7f420cc00000, id=1, BarrierAND Header = 0x1503 (type=3, barrier=1, acquire=2, release=2), dep_signal=[0x0, 0x0, 0x0, 0x0, 0x0], completion_signal=0x7f4221bfc680
:3:rocvirtual.hpp           :56  : 4393714520082 us: [pid:4178064 tid: 0x7f422aff0200] Host active wait for Signal = (0x7f4221bfc680) for -1 ns
:4:commandqueue.cpp         :184 : 4393714521654 us: [pid:4178064 tid: 0x7f422aff0200] All commands finished
:3:hip_device_runtime.cpp   :645 : 4393714521663 us: [pid:4178064 tid: 0x7f422aff0200] hipDeviceSynchronize: Returned hipSuccess : 
:3:hip_memory.cpp           :795 : 4393714521676 us: [pid:4178064 tid: 0x7f422aff0200] [32m hipMemcpy ( 0x7f4042cfc010, 0x7f3feaa00000, 491520000, hipMemcpyDeviceToHost ) [0m
:3:rocvirtual.cpp           :226 : 4393714521656 us: [pid:4178064 tid: 0x7f40f11ff6c0] Handler: value(0), timestamp(0x383dd020), handle(0x7f4221bfc680)
:4:command.cpp              :169 : 4393714521698 us: [pid:4178064 tid: 0x7f40f11ff6c0] Command 0x384c98b0 complete
:4:command.cpp              :359 : 4393714521687 us: [pid:4178064 tid: 0x7f422aff0200] Command (CopyDeviceToHost) enqueued: 0x38368cd0
:4:rocblit.cpp              :1673: 4393714521716 us: [pid:4178064 tid: 0x7f422aff0200] Unpinned read path, Async = 0
:4:command.cpp              :163 : 4393714521705 us: [pid:4178064 tid: 0x7f40f11ff6c0] Command 0x384c9af0 complete (Wall: 4393714521704, CPU: 0, GPU: 1645 us)
:4:rocmemory.cpp            :1018: 4393714521729 us: [pid:4178064 tid: 0x7f422aff0200] Locking to pool 0x37ca7ed0, size 0x2001000, HostPtr = 0x7f4042cfc000, DevPtr = 0x7f4042cfc000
:4:rocblit.cpp              :623 : 4393714521737 us: [pid:4178064 tid: 0x7f422aff0200] HSA Copy Using Pinned resource size 33554432
:4:rocblit.cpp              :687 : 4393714521744 us: [pid:4178064 tid: 0x7f422aff0200] HSA Async Copy staged D2H
:4:rocblit.cpp              :503 : 4393714521749 us: [pid:4178064 tid: 0x7f422aff0200] Last copy mask 0x0
:4:rocblit.cpp              :509 : 4393714521754 us: [pid:4178064 tid: 0x7f422aff0200] Query copy engine status 0, free_engine mask 0x1e
:4:rocblit.cpp              :520 : 4393714521762 us: [pid:4178064 tid: 0x7f422aff0200] HSA Async Copy on copy_engine=0x2, dst=0x7f4042cfc010, src=0x7f3feaa00000, size=33554432, forceSDMA=0, wait_event=0x0, completion_signal=0x7f4221bfec80
:4:rocvirtual.cpp           :622 : 4393714522216 us: [pid:4178064 tid: 0x7f422aff0200] Host wait on completion_signal=0x7f4221bfec80
:3:rocvirtual.hpp           :56  : 4393714522224 us: [pid:4178064 tid: 0x7f422aff0200] Host active wait for Signal = (0x7f4221bfec80) for -1 ns
:4:rocmemory.cpp            :1018: 4393714523419 us: [pid:4178064 tid: 0x7f422aff0200] Locking to pool 0x37ca7ed0, size 0x2001000, HostPtr = 0x7f4044cfc000, DevPtr = 0x7f4044cfc000
:4:rocblit.cpp              :623 : 4393714523429 us: [pid:4178064 tid: 0x7f422aff0200] HSA Copy Using Pinned resource size 33554432
:4:rocblit.cpp              :687 : 4393714523437 us: [pid:4178064 tid: 0x7f422aff0200] HSA Async Copy staged D2H
:4:rocblit.cpp              :503 : 4393714523441 us: [pid:4178064 tid: 0x7f422aff0200] Last copy mask 0x2
:4:rocblit.cpp              :520 : 4393714523446 us: [pid:4178064 tid: 0x7f422aff0200] HSA Async Copy on copy_engine=0x2, dst=0x7f4044cfc010, src=0x7f3feca00000, size=33554432, forceSDMA=0, wait_event=0x0, completion_signal=0x7f4221bfdd80
:4:rocvirtual.cpp           :622 : 4393714523457 us: [pid:4178064 tid: 0x7f422aff0200] Host wait on completion_signal=0x7f4221bfdd80
:3:rocvirtual.hpp           :56  : 4393714523464 us: [pid:4178064 tid: 0x7f422aff0200] Host active wait for Signal = (0x7f4221bfdd80) for -1 ns
:4:rocmemory.cpp            :1018: 4393714524659 us: [pid:4178064 tid: 0x7f422aff0200] Locking to pool 0x37ca7ed0, size 0x2001000, HostPtr = 0x7f4046cfc000, DevPtr = 0x7f4046cfc000
:4:rocblit.cpp              :623 : 4393714524669 us: [pid:4178064 tid: 0x7f422aff0200] HSA Copy Using Pinned resource size 33554432
:4:rocblit.cpp              :687 : 4393714524676 us: [pid:4178064 tid: 0x7f422aff0200] HSA Async Copy staged D2H
:4:rocblit.cpp              :503 : 4393714524681 us: [pid:4178064 tid: 0x7f422aff0200] Last copy mask 0x2
:4:rocblit.cpp              :520 : 4393714524686 us: [pid:4178064 tid: 0x7f422aff0200] HSA Async Copy on copy_engine=0x2, dst=0x7f4046cfc010, src=0x7f3feea00000, size=33554432, forceSDMA=0, wait_event=0x0, completion_signal=0x7f4221bfdc80
:4:rocvirtual.cpp           :622 : 4393714524694 us: [pid:4178064 tid: 0x7f422aff0200] Host wait on completion_signal=0x7f4221bfdc80
:3:rocvirtual.hpp           :56  : 4393714524701 us: [pid:4178064 tid: 0x7f422aff0200] Host active wait for Signal = (0x7f4221bfdc80) for -1 ns
:4:rocmemory.cpp            :1018: 4393714525896 us: [pid:4178064 tid: 0x7f422aff0200] Locking to pool 0x37ca7ed0, size 0x2001000, HostPtr = 0x7f4048cfc000, DevPtr = 0x7f4048cfc000
:4:rocblit.cpp              :623 : 4393714525907 us: [pid:4178064 tid: 0x7f422aff0200] HSA Copy Using Pinned resource size 33554432
:4:rocblit.cpp              :687 : 4393714526389 us: [pid:4178064 tid: 0x7f422aff0200] HSA Async Copy staged D2H
:4:rocblit.cpp              :503 : 4393714526393 us: [pid:4178064 tid: 0x7f422aff0200] Last copy mask 0x2
:4:rocblit.cpp              :520 : 4393714526398 us: [pid:4178064 tid: 0x7f422aff0200] HSA Async Copy on copy_engine=0x2, dst=0x7f4048cfc010, src=0x7f3ff0a00000, size=33554432, forceSDMA=0, wait_event=0x0, completion_signal=0x7f4221bfdc00
:4:rocvirtual.cpp           :622 : 4393714526406 us: [pid:4178064 tid: 0x7f422aff0200] Host wait on completion_signal=0x7f4221bfdc00
:3:rocvirtual.hpp           :56  : 4393714526414 us: [pid:4178064 tid: 0x7f422aff0200] Host active wait for Signal = (0x7f4221bfdc00) for -1 ns
:4:rocmemory.cpp            :1018: 4393714527608 us: [pid:4178064 tid: 0x7f422aff0200] Locking to pool 0x37ca7ed0, size 0x2001000, HostPtr = 0x7f404acfc000, DevPtr = 0x7f404acfc000
:4:rocblit.cpp              :623 : 4393714527617 us: [pid:4178064 tid: 0x7f422aff0200] HSA Copy Using Pinned resource size 33554432
:4:rocblit.cpp              :687 : 4393714527625 us: [pid:4178064 tid: 0x7f422aff0200] HSA Async Copy staged D2H
:4:rocblit.cpp              :503 : 4393714527629 us: [pid:4178064 tid: 0x7f422aff0200] Last copy mask 0x2
:4:rocblit.cpp              :520 : 4393714527634 us: [pid:4178064 tid: 0x7f422aff0200] HSA Async Copy on copy_engine=0x2, dst=0x7f404acfc010, src=0x7f3ff2a00000, size=33554432, forceSDMA=0, wait_event=0x0, completion_signal=0x7f4221bfed00
:4:rocvirtual.cpp           :622 : 4393714527642 us: [pid:4178064 tid: 0x7f422aff0200] Host wait on completion_signal=0x7f4221bfed00
:3:rocvirtual.hpp           :56  : 4393714527650 us: [pid:4178064 tid: 0x7f422aff0200] Host active wait for Signal = (0x7f4221bfed00) for -1 ns
:4:rocmemory.cpp            :1018: 4393714528843 us: [pid:4178064 tid: 0x7f422aff0200] Locking to pool 0x37ca7ed0, size 0x2001000, HostPtr = 0x7f404ccfc000, DevPtr = 0x7f404ccfc000
:4:rocblit.cpp              :623 : 4393714528853 us: [pid:4178064 tid: 0x7f422aff0200] HSA Copy Using Pinned resource size 33554432
:4:rocblit.cpp              :687 : 4393714528860 us: [pid:4178064 tid: 0x7f422aff0200] HSA Async Copy staged D2H
:4:rocblit.cpp              :503 : 4393714528865 us: [pid:4178064 tid: 0x7f422aff0200] Last copy mask 0x2
:4:rocblit.cpp              :520 : 4393714528869 us: [pid:4178064 tid: 0x7f422aff0200] HSA Async Copy on copy_engine=0x2, dst=0x7f404ccfc010, src=0x7f3ff4a00000, size=33554432, forceSDMA=0, wait_event=0x0, completion_signal=0x7f4221bfee00
:4:rocvirtual.cpp           :622 : 4393714528880 us: [pid:4178064 tid: 0x7f422aff0200] Host wait on completion_signal=0x7f4221bfee00
:3:rocvirtual.hpp           :56  : 4393714528888 us: [pid:4178064 tid: 0x7f422aff0200] Host active wait for Signal = (0x7f4221bfee00) for -1 ns
:4:rocmemory.cpp            :1018: 4393714530081 us: [pid:4178064 tid: 0x7f422aff0200] Locking to pool 0x37ca7ed0, size 0x2001000, HostPtr = 0x7f404ecfc000, DevPtr = 0x7f404ecfc000
:4:rocblit.cpp              :623 : 4393714530090 us: [pid:4178064 tid: 0x7f422aff0200] HSA Copy Using Pinned resource size 33554432
:4:rocblit.cpp              :687 : 4393714530097 us: [pid:4178064 tid: 0x7f422aff0200] HSA Async Copy staged D2H
:4:rocblit.cpp              :503 : 4393714530103 us: [pid:4178064 tid: 0x7f422aff0200] Last copy mask 0x2
:4:rocblit.cpp              :520 : 4393714530107 us: [pid:4178064 tid: 0x7f422aff0200] HSA Async Copy on copy_engine=0x2, dst=0x7f404ecfc010, src=0x7f3ff6a00000, size=33554432, forceSDMA=0, wait_event=0x0, completion_signal=0x7f4221bfee80
:4:rocvirtual.cpp           :622 : 4393714530115 us: [pid:4178064 tid: 0x7f422aff0200] Host wait on completion_signal=0x7f4221bfee80
:3:rocvirtual.hpp           :56  : 4393714530122 us: [pid:4178064 tid: 0x7f422aff0200] Host active wait for Signal = (0x7f4221bfee80) for -1 ns
:4:rocmemory.cpp            :1018: 4393714531318 us: [pid:4178064 tid: 0x7f422aff0200] Locking to pool 0x37ca7ed0, size 0x2001000, HostPtr = 0x7f4050cfc000, DevPtr = 0x7f4050cfc000
:4:rocblit.cpp              :623 : 4393714531328 us: [pid:4178064 tid: 0x7f422aff0200] HSA Copy Using Pinned resource size 33554432
:4:rocblit.cpp              :687 : 4393714531336 us: [pid:4178064 tid: 0x7f422aff0200] HSA Async Copy staged D2H
:4:rocblit.cpp              :503 : 4393714531346 us: [pid:4178064 tid: 0x7f422aff0200] Last copy mask 0x2
:4:rocblit.cpp              :520 : 4393714531351 us: [pid:4178064 tid: 0x7f422aff0200] HSA Async Copy on copy_engine=0x2, dst=0x7f4050cfc010, src=0x7f3ff8a00000, size=33554432, forceSDMA=0, wait_event=0x0, completion_signal=0x7f4221bfec00
:4:rocvirtual.cpp           :622 : 4393714531363 us: [pid:4178064 tid: 0x7f422aff0200] Host wait on completion_signal=0x7f4221bfec00
:3:rocvirtual.hpp           :56  : 4393714531376 us: [pid:4178064 tid: 0x7f422aff0200] Host active wait for Signal = (0x7f4221bfec00) for -1 ns
:4:rocmemory.cpp            :1018: 4393714532575 us: [pid:4178064 tid: 0x7f422aff0200] Locking to pool 0x37ca7ed0, size 0x2001000, HostPtr = 0x7f4052cfc000, DevPtr = 0x7f4052cfc000
:4:rocblit.cpp              :623 : 4393714532588 us: [pid:4178064 tid: 0x7f422aff0200] HSA Copy Using Pinned resource size 33554432
:4:rocblit.cpp              :687 : 4393714532595 us: [pid:4178064 tid: 0x7f422aff0200] HSA Async Copy staged D2H
:4:rocblit.cpp              :503 : 4393714532600 us: [pid:4178064 tid: 0x7f422aff0200] Last copy mask 0x2
:4:rocblit.cpp              :520 : 4393714532605 us: [pid:4178064 tid: 0x7f422aff0200] HSA Async Copy on copy_engine=0x2, dst=0x7f4052cfc010, src=0x7f3ffaa00000, size=33554432, forceSDMA=0, wait_event=0x0, completion_signal=0x7f4221bfeb00
:4:rocvirtual.cpp           :622 : 4393714532620 us: [pid:4178064 tid: 0x7f422aff0200] Host wait on completion_signal=0x7f4221bfeb00
:3:rocvirtual.hpp           :56  : 4393714533041 us: [pid:4178064 tid: 0x7f422aff0200] Host active wait for Signal = (0x7f4221bfeb00) for -1 ns
:4:rocmemory.cpp            :1018: 4393714533824 us: [pid:4178064 tid: 0x7f422aff0200] Locking to pool 0x37ca7ed0, size 0x2001000, HostPtr = 0x7f4054cfc000, DevPtr = 0x7f4054cfc000
:4:rocblit.cpp              :623 : 4393714533834 us: [pid:4178064 tid: 0x7f422aff0200] HSA Copy Using Pinned resource size 33554432
:4:rocblit.cpp              :687 : 4393714533841 us: [pid:4178064 tid: 0x7f422aff0200] HSA Async Copy staged D2H
:4:rocblit.cpp              :503 : 4393714533846 us: [pid:4178064 tid: 0x7f422aff0200] Last copy mask 0x2
:4:rocblit.cpp              :520 : 4393714533850 us: [pid:4178064 tid: 0x7f422aff0200] HSA Async Copy on copy_engine=0x2, dst=0x7f4054cfc010, src=0x7f3ffca00000, size=33554432, forceSDMA=0, wait_event=0x0, completion_signal=0x7f4221bfe100
:4:rocvirtual.cpp           :622 : 4393714533861 us: [pid:4178064 tid: 0x7f422aff0200] Host wait on completion_signal=0x7f4221bfe100
:3:rocvirtual.hpp           :56  : 4393714533870 us: [pid:4178064 tid: 0x7f422aff0200] Host active wait for Signal = (0x7f4221bfe100) for -1 ns
:4:rocmemory.cpp            :1018: 4393714535074 us: [pid:4178064 tid: 0x7f422aff0200] Locking to pool 0x37ca7ed0, size 0x2001000, HostPtr = 0x7f4056cfc000, DevPtr = 0x7f4056cfc000
:4:rocblit.cpp              :623 : 4393714535090 us: [pid:4178064 tid: 0x7f422aff0200] HSA Copy Using Pinned resource size 33554432
:4:rocblit.cpp              :687 : 4393714535100 us: [pid:4178064 tid: 0x7f422aff0200] HSA Async Copy staged D2H
:4:rocblit.cpp              :503 : 4393714535111 us: [pid:4178064 tid: 0x7f422aff0200] Last copy mask 0x2
:4:rocblit.cpp              :520 : 4393714535117 us: [pid:4178064 tid: 0x7f422aff0200] HSA Async Copy on copy_engine=0x2, dst=0x7f4056cfc010, src=0x7f3ffea00000, size=33554432, forceSDMA=0, wait_event=0x0, completion_signal=0x7f4221bfe200
:4:rocvirtual.cpp           :622 : 4393714535129 us: [pid:4178064 tid: 0x7f422aff0200] Host wait on completion_signal=0x7f4221bfe200
:3:rocvirtual.hpp           :56  : 4393714535144 us: [pid:4178064 tid: 0x7f422aff0200] Host active wait for Signal = (0x7f4221bfe200) for -1 ns
:4:rocmemory.cpp            :1018: 4393714536336 us: [pid:4178064 tid: 0x7f422aff0200] Locking to pool 0x37ca7ed0, size 0x2001000, HostPtr = 0x7f4058cfc000, DevPtr = 0x7f4058cfc000
:4:rocblit.cpp              :623 : 4393714536348 us: [pid:4178064 tid: 0x7f422aff0200] HSA Copy Using Pinned resource size 33554432
:4:rocblit.cpp              :687 : 4393714536356 us: [pid:4178064 tid: 0x7f422aff0200] HSA Async Copy staged D2H
:4:rocblit.cpp              :503 : 4393714536361 us: [pid:4178064 tid: 0x7f422aff0200] Last copy mask 0x2
:4:rocblit.cpp              :520 : 4393714536367 us: [pid:4178064 tid: 0x7f422aff0200] HSA Async Copy on copy_engine=0x2, dst=0x7f4058cfc010, src=0x7f4000a00000, size=33554432, forceSDMA=0, wait_event=0x0, completion_signal=0x7f4221bfdb80
:4:rocvirtual.cpp           :622 : 4393714536375 us: [pid:4178064 tid: 0x7f422aff0200] Host wait on completion_signal=0x7f4221bfdb80
:3:rocvirtual.hpp           :56  : 4393714536385 us: [pid:4178064 tid: 0x7f422aff0200] Host active wait for Signal = (0x7f4221bfdb80) for -1 ns
:4:rocmemory.cpp            :1018: 4393714537578 us: [pid:4178064 tid: 0x7f422aff0200] Locking to pool 0x37ca7ed0, size 0x2001000, HostPtr = 0x7f405acfc000, DevPtr = 0x7f405acfc000
:4:rocblit.cpp              :623 : 4393714537588 us: [pid:4178064 tid: 0x7f422aff0200] HSA Copy Using Pinned resource size 33554432
:4:rocblit.cpp              :687 : 4393714537596 us: [pid:4178064 tid: 0x7f422aff0200] HSA Async Copy staged D2H
:4:rocblit.cpp              :503 : 4393714537601 us: [pid:4178064 tid: 0x7f422aff0200] Last copy mask 0x2
:4:rocblit.cpp              :520 : 4393714537605 us: [pid:4178064 tid: 0x7f422aff0200] HSA Async Copy on copy_engine=0x2, dst=0x7f405acfc010, src=0x7f4002a00000, size=33554432, forceSDMA=0, wait_event=0x0, completion_signal=0x7f4221bfda80
:4:rocvirtual.cpp           :622 : 4393714537613 us: [pid:4178064 tid: 0x7f422aff0200] Host wait on completion_signal=0x7f4221bfda80
:3:rocvirtual.hpp           :56  : 4393714537620 us: [pid:4178064 tid: 0x7f422aff0200] Host active wait for Signal = (0x7f4221bfda80) for -1 ns
:4:rocmemory.cpp            :1018: 4393714538816 us: [pid:4178064 tid: 0x7f422aff0200] Locking to pool 0x37ca7ed0, size 0x2001000, HostPtr = 0x7f405ccfc000, DevPtr = 0x7f405ccfc000
:4:rocblit.cpp              :623 : 4393714538827 us: [pid:4178064 tid: 0x7f422aff0200] HSA Copy Using Pinned resource size 33554432
:4:rocblit.cpp              :687 : 4393714538834 us: [pid:4178064 tid: 0x7f422aff0200] HSA Async Copy staged D2H
:4:rocblit.cpp              :503 : 4393714538839 us: [pid:4178064 tid: 0x7f422aff0200] Last copy mask 0x2
:4:rocblit.cpp              :520 : 4393714538846 us: [pid:4178064 tid: 0x7f422aff0200] HSA Async Copy on copy_engine=0x2, dst=0x7f405ccfc010, src=0x7f4004a00000, size=33554432, forceSDMA=0, wait_event=0x0, completion_signal=0x7f4221bfd880
:4:rocvirtual.cpp           :622 : 4393714538854 us: [pid:4178064 tid: 0x7f422aff0200] Host wait on completion_signal=0x7f4221bfd880
:3:rocvirtual.hpp           :56  : 4393714538862 us: [pid:4178064 tid: 0x7f422aff0200] Host active wait for Signal = (0x7f4221bfd880) for -1 ns
:4:rocmemory.cpp            :1018: 4393714540058 us: [pid:4178064 tid: 0x7f422aff0200] Locking to pool 0x37ca7ed0, size 0x14c1000, HostPtr = 0x7f405ecfc000, DevPtr = 0x7f405ecfc000
:4:rocblit.cpp              :623 : 4393714540069 us: [pid:4178064 tid: 0x7f422aff0200] HSA Copy Using Pinned resource size 21757952
:4:rocblit.cpp              :687 : 4393714540076 us: [pid:4178064 tid: 0x7f422aff0200] HSA Async Copy staged D2H
:4:rocblit.cpp              :503 : 4393714540081 us: [pid:4178064 tid: 0x7f422aff0200] Last copy mask 0x2
:4:rocblit.cpp              :520 : 4393714540086 us: [pid:4178064 tid: 0x7f422aff0200] HSA Async Copy on copy_engine=0x2, dst=0x7f405ecfc010, src=0x7f4006a00000, size=21757952, forceSDMA=0, wait_event=0x0, completion_signal=0x7f4221bff780
:4:rocvirtual.cpp           :622 : 4393714540094 us: [pid:4178064 tid: 0x7f422aff0200] Host wait on completion_signal=0x7f4221bff780
:3:rocvirtual.hpp           :56  : 4393714540101 us: [pid:4178064 tid: 0x7f422aff0200] Host active wait for Signal = (0x7f4221bff780) for -1 ns
:4:commandqueue.cpp         :161 : 4393714540876 us: [pid:4178064 tid: 0x7f422aff0200] Marker queued to ensure finish
:4:command.cpp              :359 : 4393714540883 us: [pid:4178064 tid: 0x7f422aff0200] Command (InternalMarker) enqueued: 0x384c9af0
:3:rocvirtual.cpp           :533 : 4393714540895 us: [pid:4178064 tid: 0x7f422aff0200] Set Handler: handle(0x7f4221bfc080), timestamp(0x37dfa770)
:4:rocvirtual.cpp           :1147: 4393714540904 us: [pid:4178064 tid: 0x7f422aff0200] SWq=0x7f4221d5c000, HWq=0x7f420cc00000, id=1, BarrierAND Header = 0x1503 (type=3, barrier=1, acquire=2, release=2), dep_signal=[0x0, 0x0, 0x0, 0x0, 0x0], completion_signal=0x7f4221bfc080
:3:rocvirtual.hpp           :56  : 4393714540914 us: [pid:4178064 tid: 0x7f422aff0200] Host active wait for Signal = (0x7f4221bfc080) for -1 ns
:3:rocvirtual.cpp           :226 : 4393714540920 us: [pid:4178064 tid: 0x7f40f11ff6c0] Handler: value(0), timestamp(0x383dd020), handle(0x7f4221bfc080)
:4:command.cpp              :169 : 4393714540936 us: [pid:4178064 tid: 0x7f40f11ff6c0] Command 0x38368cd0 complete
:4:command.cpp              :163 : 4393714540942 us: [pid:4178064 tid: 0x7f40f11ff6c0] Command 0x384c9af0 complete (Wall: 4393714540941, CPU: 0, GPU: 50 us)
:4:commandqueue.cpp         :184 : 4393714540922 us: [pid:4178064 tid: 0x7f422aff0200] All commands finished
:3:hip_memory.cpp           :796 : 4393714540963 us: [pid:4178064 tid: 0x7f422aff0200] hipMemcpy: Returned hipSuccess : : duration: 19287 us
:3:hip_memory.cpp           :3476: 4393715843447 us: [pid:4178064 tid: 0x7f422aff0200] [32m hipMemset ( 0x7f3feaa00000, 0, 491520000 ) [0m
:4:command.cpp              :359 : 4393715843484 us: [pid:4178064 tid: 0x7f422aff0200] Command (FillBuffer) enqueued: 0x38369000
:3:rocvirtual.cpp           :762 : 4393715843521 us: [pid:4178064 tid: 0x7f422aff0200] Arg0: void* buf = ptr:0x7f3feaa00000
:3:rocvirtual.cpp           :778 : 4393715843526 us: [pid:4178064 tid: 0x7f422aff0200] Arg0: void* buf = ptr:0x7f3feaa00000 obj:[0x7f3feaa00000-0x7f4007ec0000]
:3:rocvirtual.cpp           :762 : 4393715843534 us: [pid:4178064 tid: 0x7f422aff0200] Arg1: uchar* pattern = ptr:0x7f420ca00000
:3:rocvirtual.cpp           :853 : 4393715843542 us: [pid:4178064 tid: 0x7f422aff0200] Arg2: uint pattern_size = val:1
:3:rocvirtual.cpp           :853 : 4393715843547 us: [pid:4178064 tid: 0x7f422aff0200] Arg3: uint alignment = val:16
:3:rocvirtual.cpp           :853 : 4393715843552 us: [pid:4178064 tid: 0x7f422aff0200] Arg4: ulong end_ptr = val:139912987541504
:3:rocvirtual.cpp           :853 : 4393715843563 us: [pid:4178064 tid: 0x7f422aff0200] Arg5: uint next_chunk = val:26624
:3:rocvirtual.cpp           :3236: 4393715843568 us: [pid:4178064 tid: 0x7f422aff0200] ShaderName : __amd_rocclr_fillBufferAligned
:3:rocvirtual.cpp           :3449: 4393715843576 us: [pid:4178064 tid: 0x7f422aff0200] KernargSegmentByteSize = 296 KernargSegmentAlignment = 128
:4:rocvirtual.cpp           :965 : 4393715843588 us: [pid:4178064 tid: 0x7f422aff0200] SWq=0x7f4221d5c000, HWq=0x7f420cc00000, id=1, Dispatch Header = 0x1502 (type=2, barrier=1, acquire=2, release=2), setup=1, grid=[26624, 1, 1], workgroup=[256, 1, 1], private_seg_size=0, group_seg_size=0, kernel_obj=0x7f4221d4dd40, kernarg_address=0x7f420ca00100, completion_signal=0x0, correlation_id=0, rptr=164, wptr=164
:3:hip_memory.cpp           :3477: 4393715843604 us: [pid:4178064 tid: 0x7f422aff0200] hipMemset: Returned hipSuccess : 
:3:hip_device_runtime.cpp   :641 : 4393715843611 us: [pid:4178064 tid: 0x7f422aff0200] [32m hipDeviceSynchronize (  ) [0m
:4:commandqueue.cpp         :161 : 4393715843616 us: [pid:4178064 tid: 0x7f422aff0200] Marker queued to ensure finish
:4:command.cpp              :359 : 4393715843621 us: [pid:4178064 tid: 0x7f422aff0200] Command (InternalMarker) enqueued: 0x384c9af0
:3:rocvirtual.cpp           :533 : 4393715843640 us: [pid:4178064 tid: 0x7f422aff0200] Set Handler: handle(0x7f4221bfc000), timestamp(0x37da3c20)
:4:rocvirtual.cpp           :1147: 4393715843649 us: [pid:4178064 tid: 0x7f422aff0200] SWq=0x7f4221d5c000, HWq=0x7f420cc00000, id=1, BarrierAND Header = 0x1503 (type=3, barrier=1, acquire=2, release=2), dep_signal=[0x0, 0x0, 0x0, 0x0, 0x0], completion_signal=0x7f4221bfc000
:3:rocvirtual.hpp           :56  : 4393715843660 us: [pid:4178064 tid: 0x7f422aff0200] Host active wait for Signal = (0x7f4221bfc000) for -1 ns
:4:commandqueue.cpp         :184 : 4393715844112 us: [pid:4178064 tid: 0x7f422aff0200] All commands finished
:3:hip_device_runtime.cpp   :645 : 4393715844122 us: [pid:4178064 tid: 0x7f422aff0200] hipDeviceSynchronize: Returned hipSuccess : 
:3:rocvirtual.cpp           :226 : 4393715844036 us: [pid:4178064 tid: 0x7f40f11ff6c0] Handler: value(0), timestamp(0x38089120), handle(0x7f4221bfc000)
:3:hip_platform.cpp         :237 : 4393715844137 us: [pid:4178064 tid: 0x7f422aff0200] [32m __hipPushCallConfiguration ( {8,1,1}, {512,1,1}, 0, stream:<null> ) [0m
:3:hip_platform.cpp         :241 : 4393715844182 us: [pid:4178064 tid: 0x7f422aff0200] __hipPushCallConfiguration: Returned hipSuccess : 
:4:command.cpp              :169 : 4393715844173 us: [pid:4178064 tid: 0x7f40f11ff6c0] Command 0x38369000 complete
:3:hip_platform.cpp         :246 : 4393715844194 us: [pid:4178064 tid: 0x7f422aff0200] [32m __hipPopCallConfiguration ( {896886866,32578,512}, {2118224,0,3252094336}, 0x7ffec1d702d0, 0x7ffec1d702c8 ) [0m
:3:hip_platform.cpp         :255 : 4393715844213 us: [pid:4178064 tid: 0x7f422aff0200] __hipPopCallConfiguration: Returned hipSuccess : 
:4:command.cpp              :163 : 4393715844207 us: [pid:4178064 tid: 0x7f40f11ff6c0] Command 0x384c9af0 complete (Wall: 4393715844205, CPU: 0, GPU: 576 us)
:3:hip_module.cpp           :744 : 4393715844227 us: [pid:4178064 tid: 0x7f422aff0200] [32m hipLaunchKernel ( 0x200fd8, {8,1,1}, {512,1,1}, 0x7ffec1d70280, 0, stream:<null> ) [0m
:4:command.cpp              :359 : 4393715844684 us: [pid:4178064 tid: 0x7f422aff0200] Command (KernelExecution) enqueued: 0x38368cd0
:3:rocvirtual.cpp           :762 : 4393715844694 us: [pid:4178064 tid: 0x7f422aff0200] Arg0:   = ptr:0x7f4008200000
:3:rocvirtual.cpp           :778 : 4393715844701 us: [pid:4178064 tid: 0x7f422aff0200] Arg0:   = ptr:0x7f4008200000 obj:[0x7f4008200000-0x7f40256c0000]
:3:rocvirtual.cpp           :762 : 4393715844711 us: [pid:4178064 tid: 0x7f422aff0200] Arg1:   = ptr:0x7f4207c27000
:3:rocvirtual.cpp           :778 : 4393715844716 us: [pid:4178064 tid: 0x7f422aff0200] Arg1:   = ptr:0x7f4207c27000 obj:[0x7f4207c27000-0x7f4207c87000]
:3:rocvirtual.cpp           :762 : 4393715844733 us: [pid:4178064 tid: 0x7f422aff0200] Arg2:   = ptr:0x7f3feaa00000
:3:rocvirtual.cpp           :778 : 4393715844737 us: [pid:4178064 tid: 0x7f422aff0200] Arg2:   = ptr:0x7f3feaa00000 obj:[0x7f3feaa00000-0x7f4007ec0000]
:3:rocvirtual.cpp           :853 : 4393715844745 us: [pid:4178064 tid: 0x7f422aff0200] Arg3:   = val:12288
:3:rocvirtual.cpp           :762 : 4393715844749 us: [pid:4178064 tid: 0x7f422aff0200] Arg4:   = ptr:0x7f4207c00000
:3:rocvirtual.cpp           :778 : 4393715844754 us: [pid:4178064 tid: 0x7f422aff0200] Arg4:   = ptr:0x7f4207c00000 obj:[0x7f4207c00000-0x7f4207c00024]
:3:rocvirtual.cpp           :3236: 4393715844761 us: [pid:4178064 tid: 0x7f422aff0200] ShaderName : void dense_esuhm<float>(float const*, float const*, float*, int, int const*)
:3:rocvirtual.cpp           :3449: 4393715845575 us: [pid:4178064 tid: 0x7f422aff0200] KernargSegmentByteSize = 296 KernargSegmentAlignment = 128
:4:rocvirtual.cpp           :965 : 4393715845585 us: [pid:4178064 tid: 0x7f422aff0200] SWq=0x7f4221d5c000, HWq=0x7f420cc00000, id=1, Dispatch Header = 0xb02 (type=2, barrier=1, acquire=1, release=1), setup=3, grid=[4096, 1, 1], workgroup=[512, 1, 1], private_seg_size=140, group_seg_size=0, kernel_obj=0x7f4221d21980, kernarg_address=0x7f420ca00280, completion_signal=0x0, correlation_id=0, rptr=166, wptr=166
:3:hip_module.cpp           :745 : 4393715845599 us: [pid:4178064 tid: 0x7f422aff0200] hipLaunchKernel: Returned hipSuccess : : duration: 1372 us
:3:hip_device_runtime.cpp   :641 : 4393715845607 us: [pid:4178064 tid: 0x7f422aff0200] [32m hipDeviceSynchronize (  ) [0m
:4:commandqueue.cpp         :161 : 4393715845613 us: [pid:4178064 tid: 0x7f422aff0200] Marker queued to ensure finish
:4:command.cpp              :359 : 4393715845617 us: [pid:4178064 tid: 0x7f422aff0200] Command (InternalMarker) enqueued: 0x384c9af0
:3:rocvirtual.cpp           :533 : 4393715845630 us: [pid:4178064 tid: 0x7f422aff0200] Set Handler: handle(0x7f4221bfc280), timestamp(0x37dfa400)
:4:rocvirtual.cpp           :1147: 4393715845642 us: [pid:4178064 tid: 0x7f422aff0200] SWq=0x7f4221d5c000, HWq=0x7f420cc00000, id=1, BarrierAND Header = 0x1503 (type=3, barrier=1, acquire=2, release=2), dep_signal=[0x0, 0x0, 0x0, 0x0, 0x0], completion_signal=0x7f4221bfc280
:3:rocvirtual.hpp           :56  : 4393715845657 us: [pid:4178064 tid: 0x7f422aff0200] Host active wait for Signal = (0x7f4221bfc280) for -1 ns
:4:commandqueue.cpp         :184 : 4393715846067 us: [pid:4178064 tid: 0x7f422aff0200] All commands finished
:3:hip_device_runtime.cpp   :645 : 4393715846228 us: [pid:4178064 tid: 0x7f422aff0200] hipDeviceSynchronize: Returned hipSuccess : 
:3:rocvirtual.cpp           :226 : 4393715846071 us: [pid:4178064 tid: 0x7f40f11ff6c0] Handler: value(0), timestamp(0x38278620), handle(0x7f4221bfc280)
:3:hip_memory.cpp           :795 : 4393715846249 us: [pid:4178064 tid: 0x7f422aff0200] [32m hipMemcpy ( 0x7f407d67e010, 0x7f3feaa00000, 491520000, hipMemcpyDeviceToHost ) [0m
:4:command.cpp              :169 : 4393715846266 us: [pid:4178064 tid: 0x7f40f11ff6c0] Command 0x38368cd0 complete
:4:command.cpp              :359 : 4393715846270 us: [pid:4178064 tid: 0x7f422aff0200] Command (CopyDeviceToHost) enqueued: 0x384c98b0
:4:command.cpp              :163 : 4393715846278 us: [pid:4178064 tid: 0x7f40f11ff6c0] Command 0x384c9af0 complete (Wall: 4393715846276, CPU: 0, GPU: 652 us)
:4:rocblit.cpp              :1673: 4393715846290 us: [pid:4178064 tid: 0x7f422aff0200] Unpinned read path, Async = 0
:4:rocmemory.cpp            :1018: 4393715846323 us: [pid:4178064 tid: 0x7f422aff0200] Locking to pool 0x37ca7ed0, size 0x2001000, HostPtr = 0x7f407d67e000, DevPtr = 0x7f407d67e000
:4:rocblit.cpp              :623 : 4393715846332 us: [pid:4178064 tid: 0x7f422aff0200] HSA Copy Using Pinned resource size 33554432
:4:rocblit.cpp              :687 : 4393715846341 us: [pid:4178064 tid: 0x7f422aff0200] HSA Async Copy staged D2H
:4:rocblit.cpp              :503 : 4393715846783 us: [pid:4178064 tid: 0x7f422aff0200] Last copy mask 0x0
:4:rocblit.cpp              :509 : 4393715846794 us: [pid:4178064 tid: 0x7f422aff0200] Query copy engine status 0, free_engine mask 0x1e
:4:rocblit.cpp              :520 : 4393715846802 us: [pid:4178064 tid: 0x7f422aff0200] HSA Async Copy on copy_engine=0x2, dst=0x7f407d67e010, src=0x7f3feaa00000, size=33554432, forceSDMA=0, wait_event=0x0, completion_signal=0x7f4221bff480
:4:rocvirtual.cpp           :622 : 4393715846812 us: [pid:4178064 tid: 0x7f422aff0200] Host wait on completion_signal=0x7f4221bff480
:3:rocvirtual.hpp           :56  : 4393715846820 us: [pid:4178064 tid: 0x7f422aff0200] Host active wait for Signal = (0x7f4221bff480) for -1 ns
:4:rocmemory.cpp            :1018: 4393715848029 us: [pid:4178064 tid: 0x7f422aff0200] Locking to pool 0x37ca7ed0, size 0x2001000, HostPtr = 0x7f407f67e000, DevPtr = 0x7f407f67e000
:4:rocblit.cpp              :623 : 4393715848042 us: [pid:4178064 tid: 0x7f422aff0200] HSA Copy Using Pinned resource size 33554432
:4:rocblit.cpp              :687 : 4393715848051 us: [pid:4178064 tid: 0x7f422aff0200] HSA Async Copy staged D2H
:4:rocblit.cpp              :503 : 4393715848056 us: [pid:4178064 tid: 0x7f422aff0200] Last copy mask 0x2
:4:rocblit.cpp              :520 : 4393715848061 us: [pid:4178064 tid: 0x7f422aff0200] HSA Async Copy on copy_engine=0x2, dst=0x7f407f67e010, src=0x7f3feca00000, size=33554432, forceSDMA=0, wait_event=0x0, completion_signal=0x7f4221bfd900
:4:rocvirtual.cpp           :622 : 4393715848070 us: [pid:4178064 tid: 0x7f422aff0200] Host wait on completion_signal=0x7f4221bfd900
:3:rocvirtual.hpp           :56  : 4393715848077 us: [pid:4178064 tid: 0x7f422aff0200] Host active wait for Signal = (0x7f4221bfd900) for -1 ns
:4:rocmemory.cpp            :1018: 4393715849273 us: [pid:4178064 tid: 0x7f422aff0200] Locking to pool 0x37ca7ed0, size 0x2001000, HostPtr = 0x7f408167e000, DevPtr = 0x7f408167e000
:4:rocblit.cpp              :623 : 4393715849284 us: [pid:4178064 tid: 0x7f422aff0200] HSA Copy Using Pinned resource size 33554432
:4:rocblit.cpp              :687 : 4393715849291 us: [pid:4178064 tid: 0x7f422aff0200] HSA Async Copy staged D2H
:4:rocblit.cpp              :503 : 4393715849296 us: [pid:4178064 tid: 0x7f422aff0200] Last copy mask 0x2
:4:rocblit.cpp              :520 : 4393715849301 us: [pid:4178064 tid: 0x7f422aff0200] HSA Async Copy on copy_engine=0x2, dst=0x7f408167e010, src=0x7f3feea00000, size=33554432, forceSDMA=0, wait_event=0x0, completion_signal=0x7f4221bfe280
:4:rocvirtual.cpp           :622 : 4393715849309 us: [pid:4178064 tid: 0x7f422aff0200] Host wait on completion_signal=0x7f4221bfe280
:3:rocvirtual.hpp           :56  : 4393715849316 us: [pid:4178064 tid: 0x7f422aff0200] Host active wait for Signal = (0x7f4221bfe280) for -1 ns
:4:rocmemory.cpp            :1018: 4393715850512 us: [pid:4178064 tid: 0x7f422aff0200] Locking to pool 0x37ca7ed0, size 0x2001000, HostPtr = 0x7f408367e000, DevPtr = 0x7f408367e000
:4:rocblit.cpp              :623 : 4393715850523 us: [pid:4178064 tid: 0x7f422aff0200] HSA Copy Using Pinned resource size 33554432
:4:rocblit.cpp              :687 : 4393715850530 us: [pid:4178064 tid: 0x7f422aff0200] HSA Async Copy staged D2H
:4:rocblit.cpp              :503 : 4393715850535 us: [pid:4178064 tid: 0x7f422aff0200] Last copy mask 0x2
:4:rocblit.cpp              :520 : 4393715850540 us: [pid:4178064 tid: 0x7f422aff0200] HSA Async Copy on copy_engine=0x2, dst=0x7f408367e010, src=0x7f3ff0a00000, size=33554432, forceSDMA=0, wait_event=0x0, completion_signal=0x7f4221bfe300
:4:rocvirtual.cpp           :622 : 4393715850548 us: [pid:4178064 tid: 0x7f422aff0200] Host wait on completion_signal=0x7f4221bfe300
:3:rocvirtual.hpp           :56  : 4393715850556 us: [pid:4178064 tid: 0x7f422aff0200] Host active wait for Signal = (0x7f4221bfe300) for -1 ns
:4:rocmemory.cpp            :1018: 4393715851750 us: [pid:4178064 tid: 0x7f422aff0200] Locking to pool 0x37ca7ed0, size 0x2001000, HostPtr = 0x7f408567e000, DevPtr = 0x7f408567e000
:4:rocblit.cpp              :623 : 4393715851761 us: [pid:4178064 tid: 0x7f422aff0200] HSA Copy Using Pinned resource size 33554432
:4:rocblit.cpp              :687 : 4393715851771 us: [pid:4178064 tid: 0x7f422aff0200] HSA Async Copy staged D2H
:4:rocblit.cpp              :503 : 4393715851776 us: [pid:4178064 tid: 0x7f422aff0200] Last copy mask 0x2
:4:rocblit.cpp              :520 : 4393715851781 us: [pid:4178064 tid: 0x7f422aff0200] HSA Async Copy on copy_engine=0x2, dst=0x7f408567e010, src=0x7f3ff2a00000, size=33554432, forceSDMA=0, wait_event=0x0, completion_signal=0x7f4221bfe400
:4:rocvirtual.cpp           :622 : 4393715851789 us: [pid:4178064 tid: 0x7f422aff0200] Host wait on completion_signal=0x7f4221bfe400
:3:rocvirtual.hpp           :56  : 4393715851796 us: [pid:4178064 tid: 0x7f422aff0200] Host active wait for Signal = (0x7f4221bfe400) for -1 ns
:4:rocmemory.cpp            :1018: 4393715852992 us: [pid:4178064 tid: 0x7f422aff0200] Locking to pool 0x37ca7ed0, size 0x2001000, HostPtr = 0x7f408767e000, DevPtr = 0x7f408767e000
:4:rocblit.cpp              :623 : 4393715853003 us: [pid:4178064 tid: 0x7f422aff0200] HSA Copy Using Pinned resource size 33554432
:4:rocblit.cpp              :687 : 4393715853011 us: [pid:4178064 tid: 0x7f422aff0200] HSA Async Copy staged D2H
:4:rocblit.cpp              :503 : 4393715853016 us: [pid:4178064 tid: 0x7f422aff0200] Last copy mask 0x2
:4:rocblit.cpp              :520 : 4393715853021 us: [pid:4178064 tid: 0x7f422aff0200] HSA Async Copy on copy_engine=0x2, dst=0x7f408767e010, src=0x7f3ff4a00000, size=33554432, forceSDMA=0, wait_event=0x0, completion_signal=0x7f4221bff380
:4:rocvirtual.cpp           :622 : 4393715853029 us: [pid:4178064 tid: 0x7f422aff0200] Host wait on completion_signal=0x7f4221bff380
:3:rocvirtual.hpp           :56  : 4393715853036 us: [pid:4178064 tid: 0x7f422aff0200] Host active wait for Signal = (0x7f4221bff380) for -1 ns
:4:rocmemory.cpp            :1018: 4393715854231 us: [pid:4178064 tid: 0x7f422aff0200] Locking to pool 0x37ca7ed0, size 0x2001000, HostPtr = 0x7f408967e000, DevPtr = 0x7f408967e000
:4:rocblit.cpp              :623 : 4393715854240 us: [pid:4178064 tid: 0x7f422aff0200] HSA Copy Using Pinned resource size 33554432
:4:rocblit.cpp              :687 : 4393715854247 us: [pid:4178064 tid: 0x7f422aff0200] HSA Async Copy staged D2H
:4:rocblit.cpp              :503 : 4393715854253 us: [pid:4178064 tid: 0x7f422aff0200] Last copy mask 0x2
:4:rocblit.cpp              :520 : 4393715854257 us: [pid:4178064 tid: 0x7f422aff0200] HSA Async Copy on copy_engine=0x2, dst=0x7f408967e010, src=0x7f3ff6a00000, size=33554432, forceSDMA=0, wait_event=0x0, completion_signal=0x7f4221bff180
:4:rocvirtual.cpp           :622 : 4393715854265 us: [pid:4178064 tid: 0x7f422aff0200] Host wait on completion_signal=0x7f4221bff180
:3:rocvirtual.hpp           :56  : 4393715854272 us: [pid:4178064 tid: 0x7f422aff0200] Host active wait for Signal = (0x7f4221bff180) for -1 ns
:4:rocmemory.cpp            :1018: 4393715855466 us: [pid:4178064 tid: 0x7f422aff0200] Locking to pool 0x37ca7ed0, size 0x2001000, HostPtr = 0x7f408b67e000, DevPtr = 0x7f408b67e000
:4:rocblit.cpp              :623 : 4393715855475 us: [pid:4178064 tid: 0x7f422aff0200] HSA Copy Using Pinned resource size 33554432
:4:rocblit.cpp              :687 : 4393715855483 us: [pid:4178064 tid: 0x7f422aff0200] HSA Async Copy staged D2H
:4:rocblit.cpp              :503 : 4393715855488 us: [pid:4178064 tid: 0x7f422aff0200] Last copy mask 0x2
:4:rocblit.cpp              :520 : 4393715855493 us: [pid:4178064 tid: 0x7f422aff0200] HSA Async Copy on copy_engine=0x2, dst=0x7f408b67e010, src=0x7f3ff8a00000, size=33554432, forceSDMA=0, wait_event=0x0, completion_signal=0x7f4221bff680
:4:rocvirtual.cpp           :622 : 4393715855501 us: [pid:4178064 tid: 0x7f422aff0200] Host wait on completion_signal=0x7f4221bff680
:3:rocvirtual.hpp           :56  : 4393715855934 us: [pid:4178064 tid: 0x7f422aff0200] Host active wait for Signal = (0x7f4221bff680) for -1 ns
:4:rocmemory.cpp            :1018: 4393715856704 us: [pid:4178064 tid: 0x7f422aff0200] Locking to pool 0x37ca7ed0, size 0x2001000, HostPtr = 0x7f408d67e000, DevPtr = 0x7f408d67e000
:4:rocblit.cpp              :623 : 4393715856713 us: [pid:4178064 tid: 0x7f422aff0200] HSA Copy Using Pinned resource size 33554432
:4:rocblit.cpp              :687 : 4393715856723 us: [pid:4178064 tid: 0x7f422aff0200] HSA Async Copy staged D2H
:4:rocblit.cpp              :503 : 4393715856728 us: [pid:4178064 tid: 0x7f422aff0200] Last copy mask 0x2
:4:rocblit.cpp              :520 : 4393715856733 us: [pid:4178064 tid: 0x7f422aff0200] HSA Async Copy on copy_engine=0x2, dst=0x7f408d67e010, src=0x7f3ffaa00000, size=33554432, forceSDMA=0, wait_event=0x0, completion_signal=0x7f4221bfef00
:4:rocvirtual.cpp           :622 : 4393715856741 us: [pid:4178064 tid: 0x7f422aff0200] Host wait on completion_signal=0x7f4221bfef00
:3:rocvirtual.hpp           :56  : 4393715856748 us: [pid:4178064 tid: 0x7f422aff0200] Host active wait for Signal = (0x7f4221bfef00) for -1 ns
:4:rocmemory.cpp            :1018: 4393715857942 us: [pid:4178064 tid: 0x7f422aff0200] Locking to pool 0x37ca7ed0, size 0x2001000, HostPtr = 0x7f408f67e000, DevPtr = 0x7f408f67e000
:4:rocblit.cpp              :623 : 4393715857951 us: [pid:4178064 tid: 0x7f422aff0200] HSA Copy Using Pinned resource size 33554432
:4:rocblit.cpp              :687 : 4393715857959 us: [pid:4178064 tid: 0x7f422aff0200] HSA Async Copy staged D2H
:4:rocblit.cpp              :503 : 4393715857963 us: [pid:4178064 tid: 0x7f422aff0200] Last copy mask 0x2
:4:rocblit.cpp              :520 : 4393715857968 us: [pid:4178064 tid: 0x7f422aff0200] HSA Async Copy on copy_engine=0x2, dst=0x7f408f67e010, src=0x7f3ffca00000, size=33554432, forceSDMA=0, wait_event=0x0, completion_signal=0x7f4221bff800
:4:rocvirtual.cpp           :622 : 4393715857976 us: [pid:4178064 tid: 0x7f422aff0200] Host wait on completion_signal=0x7f4221bff800
:3:rocvirtual.hpp           :56  : 4393715857984 us: [pid:4178064 tid: 0x7f422aff0200] Host active wait for Signal = (0x7f4221bff800) for -1 ns
:4:rocmemory.cpp            :1018: 4393715859176 us: [pid:4178064 tid: 0x7f422aff0200] Locking to pool 0x37ca7ed0, size 0x2001000, HostPtr = 0x7f409167e000, DevPtr = 0x7f409167e000
:4:rocblit.cpp              :623 : 4393715859185 us: [pid:4178064 tid: 0x7f422aff0200] HSA Copy Using Pinned resource size 33554432
:4:rocblit.cpp              :687 : 4393715859193 us: [pid:4178064 tid: 0x7f422aff0200] HSA Async Copy staged D2H
:4:rocblit.cpp              :503 : 4393715859197 us: [pid:4178064 tid: 0x7f422aff0200] Last copy mask 0x2
:4:rocblit.cpp              :520 : 4393715859202 us: [pid:4178064 tid: 0x7f422aff0200] HSA Async Copy on copy_engine=0x2, dst=0x7f409167e010, src=0x7f3ffea00000, size=33554432, forceSDMA=0, wait_event=0x0, completion_signal=0x7f4221bfe600
:4:rocvirtual.cpp           :622 : 4393715859209 us: [pid:4178064 tid: 0x7f422aff0200] Host wait on completion_signal=0x7f4221bfe600
:3:rocvirtual.hpp           :56  : 4393715859217 us: [pid:4178064 tid: 0x7f422aff0200] Host active wait for Signal = (0x7f4221bfe600) for -1 ns
:4:rocmemory.cpp            :1018: 4393715860412 us: [pid:4178064 tid: 0x7f422aff0200] Locking to pool 0x37ca7ed0, size 0x2001000, HostPtr = 0x7f409367e000, DevPtr = 0x7f409367e000
:4:rocblit.cpp              :623 : 4393715860424 us: [pid:4178064 tid: 0x7f422aff0200] HSA Copy Using Pinned resource size 33554432
:4:rocblit.cpp              :687 : 4393715860431 us: [pid:4178064 tid: 0x7f422aff0200] HSA Async Copy staged D2H
:4:rocblit.cpp              :503 : 4393715860436 us: [pid:4178064 tid: 0x7f422aff0200] Last copy mask 0x2
:4:rocblit.cpp              :520 : 4393715860441 us: [pid:4178064 tid: 0x7f422aff0200] HSA Async Copy on copy_engine=0x2, dst=0x7f409367e010, src=0x7f4000a00000, size=33554432, forceSDMA=0, wait_event=0x0, completion_signal=0x7f4221bfef80
:4:rocvirtual.cpp           :622 : 4393715860449 us: [pid:4178064 tid: 0x7f422aff0200] Host wait on completion_signal=0x7f4221bfef80
:3:rocvirtual.hpp           :56  : 4393715860456 us: [pid:4178064 tid: 0x7f422aff0200] Host active wait for Signal = (0x7f4221bfef80) for -1 ns
:4:rocmemory.cpp            :1018: 4393715861650 us: [pid:4178064 tid: 0x7f422aff0200] Locking to pool 0x37ca7ed0, size 0x2001000, HostPtr = 0x7f409567e000, DevPtr = 0x7f409567e000
:4:rocblit.cpp              :623 : 4393715861662 us: [pid:4178064 tid: 0x7f422aff0200] HSA Copy Using Pinned resource size 33554432
:4:rocblit.cpp              :687 : 4393715861669 us: [pid:4178064 tid: 0x7f422aff0200] HSA Async Copy staged D2H
:4:rocblit.cpp              :503 : 4393715861674 us: [pid:4178064 tid: 0x7f422aff0200] Last copy mask 0x2
:4:rocblit.cpp              :520 : 4393715861678 us: [pid:4178064 tid: 0x7f422aff0200] HSA Async Copy on copy_engine=0x2, dst=0x7f409567e010, src=0x7f4002a00000, size=33554432, forceSDMA=0, wait_event=0x0, completion_signal=0x7f4221bfda00
:4:rocvirtual.cpp           :622 : 4393715861687 us: [pid:4178064 tid: 0x7f422aff0200] Host wait on completion_signal=0x7f4221bfda00
:3:rocvirtual.hpp           :56  : 4393715861695 us: [pid:4178064 tid: 0x7f422aff0200] Host active wait for Signal = (0x7f4221bfda00) for -1 ns
:4:rocmemory.cpp            :1018: 4393715862888 us: [pid:4178064 tid: 0x7f422aff0200] Locking to pool 0x37ca7ed0, size 0x2001000, HostPtr = 0x7f409767e000, DevPtr = 0x7f409767e000
:4:rocblit.cpp              :623 : 4393715862897 us: [pid:4178064 tid: 0x7f422aff0200] HSA Copy Using Pinned resource size 33554432
:4:rocblit.cpp              :687 : 4393715862905 us: [pid:4178064 tid: 0x7f422aff0200] HSA Async Copy staged D2H
:4:rocblit.cpp              :503 : 4393715862909 us: [pid:4178064 tid: 0x7f422aff0200] Last copy mask 0x2
:4:rocblit.cpp              :520 : 4393715862914 us: [pid:4178064 tid: 0x7f422aff0200] HSA Async Copy on copy_engine=0x2, dst=0x7f409767e010, src=0x7f4004a00000, size=33554432, forceSDMA=0, wait_event=0x0, completion_signal=0x7f4221bfdb00
:4:rocvirtual.cpp           :622 : 4393715862921 us: [pid:4178064 tid: 0x7f422aff0200] Host wait on completion_signal=0x7f4221bfdb00
:3:rocvirtual.hpp           :56  : 4393715862929 us: [pid:4178064 tid: 0x7f422aff0200] Host active wait for Signal = (0x7f4221bfdb00) for -1 ns
:4:rocmemory.cpp            :1018: 4393715864123 us: [pid:4178064 tid: 0x7f422aff0200] Locking to pool 0x37ca7ed0, size 0x14c1000, HostPtr = 0x7f409967e000, DevPtr = 0x7f409967e000
:4:rocblit.cpp              :623 : 4393715864132 us: [pid:4178064 tid: 0x7f422aff0200] HSA Copy Using Pinned resource size 21757952
:4:rocblit.cpp              :687 : 4393715864139 us: [pid:4178064 tid: 0x7f422aff0200] HSA Async Copy staged D2H
:4:rocblit.cpp              :503 : 4393715864144 us: [pid:4178064 tid: 0x7f422aff0200] Last copy mask 0x2
:4:rocblit.cpp              :520 : 4393715864148 us: [pid:4178064 tid: 0x7f422aff0200] HSA Async Copy on copy_engine=0x2, dst=0x7f409967e010, src=0x7f4006a00000, size=21757952, forceSDMA=0, wait_event=0x0, completion_signal=0x7f4221bfe500
:4:rocvirtual.cpp           :622 : 4393715864156 us: [pid:4178064 tid: 0x7f422aff0200] Host wait on completion_signal=0x7f4221bfe500
:3:rocvirtual.hpp           :56  : 4393715864163 us: [pid:4178064 tid: 0x7f422aff0200] Host active wait for Signal = (0x7f4221bfe500) for -1 ns
:4:commandqueue.cpp         :161 : 4393715864937 us: [pid:4178064 tid: 0x7f422aff0200] Marker queued to ensure finish
:4:command.cpp              :359 : 4393715864944 us: [pid:4178064 tid: 0x7f422aff0200] Command (InternalMarker) enqueued: 0x384c9af0
:3:rocvirtual.cpp           :533 : 4393715864956 us: [pid:4178064 tid: 0x7f422aff0200] Set Handler: handle(0x7f4221bfbe80), timestamp(0x38089190)
:4:rocvirtual.cpp           :1147: 4393715864968 us: [pid:4178064 tid: 0x7f422aff0200] SWq=0x7f4221d5c000, HWq=0x7f420cc00000, id=1, BarrierAND Header = 0x1503 (type=3, barrier=1, acquire=2, release=2), dep_signal=[0x0, 0x0, 0x0, 0x0, 0x0], completion_signal=0x7f4221bfbe80
:3:rocvirtual.cpp           :226 : 4393715864982 us: [pid:4178064 tid: 0x7f40f11ff6c0] Handler: value(0), timestamp(0x38278620), handle(0x7f4221bfbe80)
:4:command.cpp              :169 : 4393715864995 us: [pid:4178064 tid: 0x7f40f11ff6c0] Command 0x384c98b0 complete
:4:commandqueue.cpp         :184 : 4393715864982 us: [pid:4178064 tid: 0x7f422aff0200] All commands finished
:3:hip_memory.cpp           :796 : 4393715865019 us: [pid:4178064 tid: 0x7f422aff0200] hipMemcpy: Returned hipSuccess : : duration: 18770 us
:4:command.cpp              :163 : 4393715865004 us: [pid:4178064 tid: 0x7f40f11ff6c0] Command 0x384c9af0 complete (Wall: 4393715865002, CPU: 0, GPU: 51 us)
:3:hip_memory.cpp           :3476: 4393715865033 us: [pid:4178064 tid: 0x7f422aff0200] [32m hipMemset ( 0x7f3feaa00000, 0, 491520000 ) [0m
:4:command.cpp              :359 : 4393715865395 us: [pid:4178064 tid: 0x7f422aff0200] Command (FillBuffer) enqueued: 0x38368cd0
:3:rocvirtual.cpp           :762 : 4393715865405 us: [pid:4178064 tid: 0x7f422aff0200] Arg0: void* buf = ptr:0x7f3feaa00000
:3:rocvirtual.cpp           :778 : 4393715865410 us: [pid:4178064 tid: 0x7f422aff0200] Arg0: void* buf = ptr:0x7f3feaa00000 obj:[0x7f3feaa00000-0x7f4007ec0000]
:3:rocvirtual.cpp           :762 : 4393715865418 us: [pid:4178064 tid: 0x7f422aff0200] Arg1: uchar* pattern = ptr:0x7f420ca00000
:3:rocvirtual.cpp           :853 : 4393715865426 us: [pid:4178064 tid: 0x7f422aff0200] Arg2: uint pattern_size = val:1
:3:rocvirtual.cpp           :853 : 4393715865431 us: [pid:4178064 tid: 0x7f422aff0200] Arg3: uint alignment = val:16
:3:rocvirtual.cpp           :853 : 4393715865435 us: [pid:4178064 tid: 0x7f422aff0200] Arg4: ulong end_ptr = val:139912987541504
:3:rocvirtual.cpp           :853 : 4393715865442 us: [pid:4178064 tid: 0x7f422aff0200] Arg5: uint next_chunk = val:26624
:3:rocvirtual.cpp           :3236: 4393715865447 us: [pid:4178064 tid: 0x7f422aff0200] ShaderName : __amd_rocclr_fillBufferAligned
:3:rocvirtual.cpp           :3449: 4393715865455 us: [pid:4178064 tid: 0x7f422aff0200] KernargSegmentByteSize = 296 KernargSegmentAlignment = 128
:4:rocvirtual.cpp           :965 : 4393715865464 us: [pid:4178064 tid: 0x7f422aff0200] SWq=0x7f4221d5c000, HWq=0x7f420cc00000, id=1, Dispatch Header = 0x1502 (type=2, barrier=1, acquire=2, release=2), setup=1, grid=[26624, 1, 1], workgroup=[256, 1, 1], private_seg_size=0, group_seg_size=0, kernel_obj=0x7f4221d4dd40, kernarg_address=0x7f420ca00100, completion_signal=0x0, correlation_id=0, rptr=169, wptr=169
:3:hip_memory.cpp           :3477: 4393715865477 us: [pid:4178064 tid: 0x7f422aff0200] hipMemset: Returned hipSuccess : 
:3:hip_device_runtime.cpp   :641 : 4393715865483 us: [pid:4178064 tid: 0x7f422aff0200] [32m hipDeviceSynchronize (  ) [0m
:4:commandqueue.cpp         :161 : 4393715865487 us: [pid:4178064 tid: 0x7f422aff0200] Marker queued to ensure finish
:4:command.cpp              :359 : 4393715865492 us: [pid:4178064 tid: 0x7f422aff0200] Command (InternalMarker) enqueued: 0x384c9af0
:3:rocvirtual.cpp           :533 : 4393715865503 us: [pid:4178064 tid: 0x7f422aff0200] Set Handler: handle(0x7f4221bfbf00), timestamp(0x384c94d0)
:4:rocvirtual.cpp           :1147: 4393715865911 us: [pid:4178064 tid: 0x7f422aff0200] SWq=0x7f4221d5c000, HWq=0x7f420cc00000, id=1, BarrierAND Header = 0x1503 (type=3, barrier=1, acquire=2, release=2), dep_signal=[0x0, 0x0, 0x0, 0x0, 0x0], completion_signal=0x7f4221bfbf00
:4:commandqueue.cpp         :184 : 4393715865926 us: [pid:4178064 tid: 0x7f422aff0200] All commands finished
:3:hip_device_runtime.cpp   :645 : 4393715865935 us: [pid:4178064 tid: 0x7f422aff0200] hipDeviceSynchronize: Returned hipSuccess : 
:3:hip_platform.cpp         :237 : 4393715865951 us: [pid:4178064 tid: 0x7f422aff0200] [32m __hipPushCallConfiguration ( {8,1,1}, {512,1,1}, 0, stream:<null> ) [0m
:3:hip_platform.cpp         :241 : 4393715865964 us: [pid:4178064 tid: 0x7f422aff0200] __hipPushCallConfiguration: Returned hipSuccess : 
:3:rocvirtual.cpp           :226 : 4393715865920 us: [pid:4178064 tid: 0x7f40f11ff6c0] Handler: value(0), timestamp(0x384c9420), handle(0x7f4221bfbf00)
:4:command.cpp              :169 : 4393715865990 us: [pid:4178064 tid: 0x7f40f11ff6c0] Command 0x38368cd0 complete
:4:command.cpp              :163 : 4393715865998 us: [pid:4178064 tid: 0x7f40f11ff6c0] Command 0x384c9af0 complete (Wall: 4393715865996, CPU: 0, GPU: 497 us)
:3:hip_platform.cpp         :246 : 4393715865979 us: [pid:4178064 tid: 0x7f422aff0200] [32m __hipPopCallConfiguration ( {896886866,32578,512}, {2118224,0,3252094336}, 0x7ffec1d702d0, 0x7ffec1d702c8 ) [0m
:3:hip_platform.cpp         :255 : 4393715866717 us: [pid:4178064 tid: 0x7f422aff0200] __hipPopCallConfiguration: Returned hipSuccess : 
:3:hip_module.cpp           :744 : 4393715866727 us: [pid:4178064 tid: 0x7f422aff0200] [32m hipLaunchKernel ( 0x200fe0, {8,1,1}, {512,1,1}, 0x7ffec1d70280, 0, stream:<null> ) [0m
:4:command.cpp              :359 : 4393715866740 us: [pid:4178064 tid: 0x7f422aff0200] Command (KernelExecution) enqueued: 0x384c98b0
:3:rocvirtual.cpp           :762 : 4393715866749 us: [pid:4178064 tid: 0x7f422aff0200] Arg0:   = ptr:0x7f4008200000
:3:rocvirtual.cpp           :778 : 4393715866753 us: [pid:4178064 tid: 0x7f422aff0200] Arg0:   = ptr:0x7f4008200000 obj:[0x7f4008200000-0x7f40256c0000]
:3:rocvirtual.cpp           :762 : 4393715866761 us: [pid:4178064 tid: 0x7f422aff0200] Arg1:   = ptr:0x7f4207c27000
:3:rocvirtual.cpp           :778 : 4393715866765 us: [pid:4178064 tid: 0x7f422aff0200] Arg1:   = ptr:0x7f4207c27000 obj:[0x7f4207c27000-0x7f4207c87000]
:3:rocvirtual.cpp           :762 : 4393715866773 us: [pid:4178064 tid: 0x7f422aff0200] Arg2:   = ptr:0x7f3feaa00000
:3:rocvirtual.cpp           :778 : 4393715866777 us: [pid:4178064 tid: 0x7f422aff0200] Arg2:   = ptr:0x7f3feaa00000 obj:[0x7f3feaa00000-0x7f4007ec0000]
:3:rocvirtual.cpp           :853 : 4393715866784 us: [pid:4178064 tid: 0x7f422aff0200] Arg3:   = val:12288
:3:rocvirtual.cpp           :762 : 4393715866789 us: [pid:4178064 tid: 0x7f422aff0200] Arg4:   = ptr:0x7f4207c00000
:3:rocvirtual.cpp           :778 : 4393715866794 us: [pid:4178064 tid: 0x7f422aff0200] Arg4:   = ptr:0x7f4207c00000 obj:[0x7f4207c00000-0x7f4207c00024]
:3:rocvirtual.cpp           :3236: 4393715866801 us: [pid:4178064 tid: 0x7f422aff0200] ShaderName : void dense_esuhm2<float>(float const*, float const*, float*, int, int const*)
:3:rocvirtual.cpp           :3449: 4393715866809 us: [pid:4178064 tid: 0x7f422aff0200] KernargSegmentByteSize = 296 KernargSegmentAlignment = 128
:4:rocvirtual.cpp           :965 : 4393715866818 us: [pid:4178064 tid: 0x7f422aff0200] SWq=0x7f4221d5c000, HWq=0x7f420cc00000, id=1, Dispatch Header = 0xb02 (type=2, barrier=1, acquire=1, release=1), setup=3, grid=[4096, 1, 1], workgroup=[512, 1, 1], private_seg_size=140, group_seg_size=0, kernel_obj=0x7f4221d219c0, kernarg_address=0x7f420ca00280, completion_signal=0x0, correlation_id=0, rptr=171, wptr=171
:3:hip_module.cpp           :745 : 4393715867214 us: [pid:4178064 tid: 0x7f422aff0200] hipLaunchKernel: Returned hipSuccess : : duration: 487 us
:3:hip_device_runtime.cpp   :641 : 4393715867222 us: [pid:4178064 tid: 0x7f422aff0200] [32m hipDeviceSynchronize (  ) [0m
:4:commandqueue.cpp         :161 : 4393715867227 us: [pid:4178064 tid: 0x7f422aff0200] Marker queued to ensure finish
:4:command.cpp              :359 : 4393715867231 us: [pid:4178064 tid: 0x7f422aff0200] Command (InternalMarker) enqueued: 0x384c9af0
:3:rocvirtual.cpp           :533 : 4393715867243 us: [pid:4178064 tid: 0x7f422aff0200] Set Handler: handle(0x7f4221bfd700), timestamp(0x38366250)
:4:rocvirtual.cpp           :1147: 4393715867256 us: [pid:4178064 tid: 0x7f422aff0200] SWq=0x7f4221d5c000, HWq=0x7f420cc00000, id=1, BarrierAND Header = 0x1503 (type=3, barrier=1, acquire=2, release=2), dep_signal=[0x0, 0x0, 0x0, 0x0, 0x0], completion_signal=0x7f4221bfd700
:3:rocvirtual.hpp           :56  : 4393715867270 us: [pid:4178064 tid: 0x7f422aff0200] Host active wait for Signal = (0x7f4221bfd700) for -1 ns
:4:commandqueue.cpp         :184 : 4393715867636 us: [pid:4178064 tid: 0x7f422aff0200] All commands finished
:3:hip_device_runtime.cpp   :645 : 4393715867712 us: [pid:4178064 tid: 0x7f422aff0200] hipDeviceSynchronize: Returned hipSuccess : 
:3:rocvirtual.cpp           :226 : 4393715867637 us: [pid:4178064 tid: 0x7f40f11ff6c0] Handler: value(0), timestamp(0x37da7b30), handle(0x7f4221bfd700)
:4:command.cpp              :169 : 4393715867744 us: [pid:4178064 tid: 0x7f40f11ff6c0] Command 0x384c98b0 complete
:4:command.cpp              :163 : 4393715867758 us: [pid:4178064 tid: 0x7f40f11ff6c0] Command 0x384c9af0 complete (Wall: 4393715867756, CPU: 0, GPU: 518 us)
:3:hip_memory.cpp           :795 : 4393715867730 us: [pid:4178064 tid: 0x7f422aff0200] [32m hipMemcpy ( 0x7f40601bd010, 0x7f3feaa00000, 491520000, hipMemcpyDeviceToHost ) [0m
:4:command.cpp              :359 : 4393715867790 us: [pid:4178064 tid: 0x7f422aff0200] Command (CopyDeviceToHost) enqueued: 0x384c98b0
:4:rocblit.cpp              :1673: 4393715867801 us: [pid:4178064 tid: 0x7f422aff0200] Unpinned read path, Async = 0
:4:rocmemory.cpp            :1018: 4393715867814 us: [pid:4178064 tid: 0x7f422aff0200] Locking to pool 0x37ca7ed0, size 0x2001000, HostPtr = 0x7f40601bd000, DevPtr = 0x7f40601bd000
:4:rocblit.cpp              :623 : 4393715867821 us: [pid:4178064 tid: 0x7f422aff0200] HSA Copy Using Pinned resource size 33554432
:4:rocblit.cpp              :687 : 4393715868243 us: [pid:4178064 tid: 0x7f422aff0200] HSA Async Copy staged D2H
:4:rocblit.cpp              :503 : 4393715868248 us: [pid:4178064 tid: 0x7f422aff0200] Last copy mask 0x0
:4:rocblit.cpp              :509 : 4393715868253 us: [pid:4178064 tid: 0x7f422aff0200] Query copy engine status 0, free_engine mask 0x1e
:4:rocblit.cpp              :520 : 4393715868261 us: [pid:4178064 tid: 0x7f422aff0200] HSA Async Copy on copy_engine=0x2, dst=0x7f40601bd010, src=0x7f3feaa00000, size=33554432, forceSDMA=0, wait_event=0x0, completion_signal=0x7f4221bff000
:4:rocvirtual.cpp           :622 : 4393715868269 us: [pid:4178064 tid: 0x7f422aff0200] Host wait on completion_signal=0x7f4221bff000
:3:rocvirtual.hpp           :56  : 4393715868277 us: [pid:4178064 tid: 0x7f422aff0200] Host active wait for Signal = (0x7f4221bff000) for -1 ns
:4:rocmemory.cpp            :1018: 4393715869473 us: [pid:4178064 tid: 0x7f422aff0200] Locking to pool 0x37ca7ed0, size 0x2001000, HostPtr = 0x7f40621bd000, DevPtr = 0x7f40621bd000
:4:rocblit.cpp              :623 : 4393715869484 us: [pid:4178064 tid: 0x7f422aff0200] HSA Copy Using Pinned resource size 33554432
:4:rocblit.cpp              :687 : 4393715869491 us: [pid:4178064 tid: 0x7f422aff0200] HSA Async Copy staged D2H
:4:rocblit.cpp              :503 : 4393715869496 us: [pid:4178064 tid: 0x7f422aff0200] Last copy mask 0x2
:4:rocblit.cpp              :520 : 4393715869501 us: [pid:4178064 tid: 0x7f422aff0200] HSA Async Copy on copy_engine=0x2, dst=0x7f40621bd010, src=0x7f3feca00000, size=33554432, forceSDMA=0, wait_event=0x0, completion_signal=0x7f4221bff080
:4:rocvirtual.cpp           :622 : 4393715869509 us: [pid:4178064 tid: 0x7f422aff0200] Host wait on completion_signal=0x7f4221bff080
:3:rocvirtual.hpp           :56  : 4393715869516 us: [pid:4178064 tid: 0x7f422aff0200] Host active wait for Signal = (0x7f4221bff080) for -1 ns
:4:rocmemory.cpp            :1018: 4393715870714 us: [pid:4178064 tid: 0x7f422aff0200] Locking to pool 0x37ca7ed0, size 0x2001000, HostPtr = 0x7f40641bd000, DevPtr = 0x7f40641bd000
:4:rocblit.cpp              :623 : 4393715870728 us: [pid:4178064 tid: 0x7f422aff0200] HSA Copy Using Pinned resource size 33554432
:4:rocblit.cpp              :687 : 4393715870735 us: [pid:4178064 tid: 0x7f422aff0200] HSA Async Copy staged D2H
:4:rocblit.cpp              :503 : 4393715870740 us: [pid:4178064 tid: 0x7f422aff0200] Last copy mask 0x2
:4:rocblit.cpp              :520 : 4393715870745 us: [pid:4178064 tid: 0x7f422aff0200] HSA Async Copy on copy_engine=0x2, dst=0x7f40641bd010, src=0x7f3feea00000, size=33554432, forceSDMA=0, wait_event=0x0, completion_signal=0x7f4221bfdd00
:4:rocvirtual.cpp           :622 : 4393715870753 us: [pid:4178064 tid: 0x7f422aff0200] Host wait on completion_signal=0x7f4221bfdd00
:3:rocvirtual.hpp           :56  : 4393715870760 us: [pid:4178064 tid: 0x7f422aff0200] Host active wait for Signal = (0x7f4221bfdd00) for -1 ns
:4:rocmemory.cpp            :1018: 4393715871958 us: [pid:4178064 tid: 0x7f422aff0200] Locking to pool 0x37ca7ed0, size 0x2001000, HostPtr = 0x7f40661bd000, DevPtr = 0x7f40661bd000
:4:rocblit.cpp              :623 : 4393715871970 us: [pid:4178064 tid: 0x7f422aff0200] HSA Copy Using Pinned resource size 33554432
:4:rocblit.cpp              :687 : 4393715871981 us: [pid:4178064 tid: 0x7f422aff0200] HSA Async Copy staged D2H
:4:rocblit.cpp              :503 : 4393715871985 us: [pid:4178064 tid: 0x7f422aff0200] Last copy mask 0x2
:4:rocblit.cpp              :520 : 4393715871990 us: [pid:4178064 tid: 0x7f422aff0200] HSA Async Copy on copy_engine=0x2, dst=0x7f40661bd010, src=0x7f3ff0a00000, size=33554432, forceSDMA=0, wait_event=0x0, completion_signal=0x7f4221bfeb80
:4:rocvirtual.cpp           :622 : 4393715871998 us: [pid:4178064 tid: 0x7f422aff0200] Host wait on completion_signal=0x7f4221bfeb80
:3:rocvirtual.hpp           :56  : 4393715872016 us: [pid:4178064 tid: 0x7f422aff0200] Host active wait for Signal = (0x7f4221bfeb80) for -1 ns
:4:rocmemory.cpp            :1018: 4393715873203 us: [pid:4178064 tid: 0x7f422aff0200] Locking to pool 0x37ca7ed0, size 0x2001000, HostPtr = 0x7f40681bd000, DevPtr = 0x7f40681bd000
:4:rocblit.cpp              :623 : 4393715873216 us: [pid:4178064 tid: 0x7f422aff0200] HSA Copy Using Pinned resource size 33554432
:4:rocblit.cpp              :687 : 4393715873223 us: [pid:4178064 tid: 0x7f422aff0200] HSA Async Copy staged D2H
:4:rocblit.cpp              :503 : 4393715873228 us: [pid:4178064 tid: 0x7f422aff0200] Last copy mask 0x2
:4:rocblit.cpp              :520 : 4393715873232 us: [pid:4178064 tid: 0x7f422aff0200] HSA Async Copy on copy_engine=0x2, dst=0x7f40681bd010, src=0x7f3ff2a00000, size=33554432, forceSDMA=0, wait_event=0x0, completion_signal=0x7f4221bfed80
:4:rocvirtual.cpp           :622 : 4393715873241 us: [pid:4178064 tid: 0x7f422aff0200] Host wait on completion_signal=0x7f4221bfed80
:3:rocvirtual.hpp           :56  : 4393715873248 us: [pid:4178064 tid: 0x7f422aff0200] Host active wait for Signal = (0x7f4221bfed80) for -1 ns
:4:rocmemory.cpp            :1018: 4393715874445 us: [pid:4178064 tid: 0x7f422aff0200] Locking to pool 0x37ca7ed0, size 0x2001000, HostPtr = 0x7f406a1bd000, DevPtr = 0x7f406a1bd000
:4:rocblit.cpp              :623 : 4393715874457 us: [pid:4178064 tid: 0x7f422aff0200] HSA Copy Using Pinned resource size 33554432
:4:rocblit.cpp              :687 : 4393715874465 us: [pid:4178064 tid: 0x7f422aff0200] HSA Async Copy staged D2H
:4:rocblit.cpp              :503 : 4393715874469 us: [pid:4178064 tid: 0x7f422aff0200] Last copy mask 0x2
:4:rocblit.cpp              :520 : 4393715874474 us: [pid:4178064 tid: 0x7f422aff0200] HSA Async Copy on copy_engine=0x2, dst=0x7f406a1bd010, src=0x7f3ff4a00000, size=33554432, forceSDMA=0, wait_event=0x0, completion_signal=0x7f4221bfe980
:4:rocvirtual.cpp           :622 : 4393715874482 us: [pid:4178064 tid: 0x7f422aff0200] Host wait on completion_signal=0x7f4221bfe980
:3:rocvirtual.hpp           :56  : 4393715874489 us: [pid:4178064 tid: 0x7f422aff0200] Host active wait for Signal = (0x7f4221bfe980) for -1 ns
:4:rocmemory.cpp            :1018: 4393715875687 us: [pid:4178064 tid: 0x7f422aff0200] Locking to pool 0x37ca7ed0, size 0x2001000, HostPtr = 0x7f406c1bd000, DevPtr = 0x7f406c1bd000
:4:rocblit.cpp              :623 : 4393715875699 us: [pid:4178064 tid: 0x7f422aff0200] HSA Copy Using Pinned resource size 33554432
:4:rocblit.cpp              :687 : 4393715875709 us: [pid:4178064 tid: 0x7f422aff0200] HSA Async Copy staged D2H
:4:rocblit.cpp              :503 : 4393715875726 us: [pid:4178064 tid: 0x7f422aff0200] Last copy mask 0x2
:4:rocblit.cpp              :520 : 4393715875733 us: [pid:4178064 tid: 0x7f422aff0200] HSA Async Copy on copy_engine=0x2, dst=0x7f406c1bd010, src=0x7f3ff6a00000, size=33554432, forceSDMA=0, wait_event=0x0, completion_signal=0x7f4221bfde00
:4:rocvirtual.cpp           :622 : 4393715875742 us: [pid:4178064 tid: 0x7f422aff0200] Host wait on completion_signal=0x7f4221bfde00
:3:rocvirtual.hpp           :56  : 4393715875749 us: [pid:4178064 tid: 0x7f422aff0200] Host active wait for Signal = (0x7f4221bfde00) for -1 ns
:4:rocmemory.cpp            :1018: 4393715876957 us: [pid:4178064 tid: 0x7f422aff0200] Locking to pool 0x37ca7ed0, size 0x2001000, HostPtr = 0x7f406e1bd000, DevPtr = 0x7f406e1bd000
:4:rocblit.cpp              :623 : 4393715876974 us: [pid:4178064 tid: 0x7f422aff0200] HSA Copy Using Pinned resource size 33554432
:4:rocblit.cpp              :687 : 4393715876981 us: [pid:4178064 tid: 0x7f422aff0200] HSA Async Copy staged D2H
:4:rocblit.cpp              :503 : 4393715876987 us: [pid:4178064 tid: 0x7f422aff0200] Last copy mask 0x2
:4:rocblit.cpp              :520 : 4393715876991 us: [pid:4178064 tid: 0x7f422aff0200] HSA Async Copy on copy_engine=0x2, dst=0x7f406e1bd010, src=0x7f3ff8a00000, size=33554432, forceSDMA=0, wait_event=0x0, completion_signal=0x7f4221bfd980
:4:rocvirtual.cpp           :622 : 4393715877000 us: [pid:4178064 tid: 0x7f422aff0200] Host wait on completion_signal=0x7f4221bfd980
:3:rocvirtual.hpp           :56  : 4393715877007 us: [pid:4178064 tid: 0x7f422aff0200] Host active wait for Signal = (0x7f4221bfd980) for -1 ns
:4:rocmemory.cpp            :1018: 4393715878203 us: [pid:4178064 tid: 0x7f422aff0200] Locking to pool 0x37ca7ed0, size 0x2001000, HostPtr = 0x7f40701bd000, DevPtr = 0x7f40701bd000
:4:rocblit.cpp              :623 : 4393715878213 us: [pid:4178064 tid: 0x7f422aff0200] HSA Copy Using Pinned resource size 33554432
:4:rocblit.cpp              :687 : 4393715878221 us: [pid:4178064 tid: 0x7f422aff0200] HSA Async Copy staged D2H
:4:rocblit.cpp              :503 : 4393715878226 us: [pid:4178064 tid: 0x7f422aff0200] Last copy mask 0x2
:4:rocblit.cpp              :520 : 4393715878230 us: [pid:4178064 tid: 0x7f422aff0200] HSA Async Copy on copy_engine=0x2, dst=0x7f40701bd010, src=0x7f3ffaa00000, size=33554432, forceSDMA=0, wait_event=0x0, completion_signal=0x7f4221bfe480
:4:rocvirtual.cpp           :622 : 4393715878238 us: [pid:4178064 tid: 0x7f422aff0200] Host wait on completion_signal=0x7f4221bfe480
:3:rocvirtual.hpp           :56  : 4393715878246 us: [pid:4178064 tid: 0x7f422aff0200] Host active wait for Signal = (0x7f4221bfe480) for -1 ns
:4:rocmemory.cpp            :1018: 4393715879451 us: [pid:4178064 tid: 0x7f422aff0200] Locking to pool 0x37ca7ed0, size 0x2001000, HostPtr = 0x7f40721bd000, DevPtr = 0x7f40721bd000
:4:rocblit.cpp              :623 : 4393715879464 us: [pid:4178064 tid: 0x7f422aff0200] HSA Copy Using Pinned resource size 33554432
:4:rocblit.cpp              :687 : 4393715879472 us: [pid:4178064 tid: 0x7f422aff0200] HSA Async Copy staged D2H
:4:rocblit.cpp              :503 : 4393715879477 us: [pid:4178064 tid: 0x7f422aff0200] Last copy mask 0x2
:4:rocblit.cpp              :520 : 4393715879482 us: [pid:4178064 tid: 0x7f422aff0200] HSA Async Copy on copy_engine=0x2, dst=0x7f40721bd010, src=0x7f3ffca00000, size=33554432, forceSDMA=0, wait_event=0x0, completion_signal=0x7f4221bfe680
:4:rocvirtual.cpp           :622 : 4393715879489 us: [pid:4178064 tid: 0x7f422aff0200] Host wait on completion_signal=0x7f4221bfe680
:3:rocvirtual.hpp           :56  : 4393715879497 us: [pid:4178064 tid: 0x7f422aff0200] Host active wait for Signal = (0x7f4221bfe680) for -1 ns
:4:rocmemory.cpp            :1018: 4393715880693 us: [pid:4178064 tid: 0x7f422aff0200] Locking to pool 0x37ca7ed0, size 0x2001000, HostPtr = 0x7f40741bd000, DevPtr = 0x7f40741bd000
:4:rocblit.cpp              :623 : 4393715880703 us: [pid:4178064 tid: 0x7f422aff0200] HSA Copy Using Pinned resource size 33554432
:4:rocblit.cpp              :687 : 4393715880710 us: [pid:4178064 tid: 0x7f422aff0200] HSA Async Copy staged D2H
:4:rocblit.cpp              :503 : 4393715880715 us: [pid:4178064 tid: 0x7f422aff0200] Last copy mask 0x2
:4:rocblit.cpp              :520 : 4393715880720 us: [pid:4178064 tid: 0x7f422aff0200] HSA Async Copy on copy_engine=0x2, dst=0x7f40741bd010, src=0x7f3ffea00000, size=33554432, forceSDMA=0, wait_event=0x0, completion_signal=0x7f4221bfe880
:4:rocvirtual.cpp           :622 : 4393715880727 us: [pid:4178064 tid: 0x7f422aff0200] Host wait on completion_signal=0x7f4221bfe880
:3:rocvirtual.hpp           :56  : 4393715880735 us: [pid:4178064 tid: 0x7f422aff0200] Host active wait for Signal = (0x7f4221bfe880) for -1 ns
:4:rocmemory.cpp            :1018: 4393715881930 us: [pid:4178064 tid: 0x7f422aff0200] Locking to pool 0x37ca7ed0, size 0x2001000, HostPtr = 0x7f40761bd000, DevPtr = 0x7f40761bd000
:4:rocblit.cpp              :623 : 4393715881942 us: [pid:4178064 tid: 0x7f422aff0200] HSA Copy Using Pinned resource size 33554432
:4:rocblit.cpp              :687 : 4393715881950 us: [pid:4178064 tid: 0x7f422aff0200] HSA Async Copy staged D2H
:4:rocblit.cpp              :503 : 4393715881954 us: [pid:4178064 tid: 0x7f422aff0200] Last copy mask 0x2
:4:rocblit.cpp              :520 : 4393715881959 us: [pid:4178064 tid: 0x7f422aff0200] HSA Async Copy on copy_engine=0x2, dst=0x7f40761bd010, src=0x7f4000a00000, size=33554432, forceSDMA=0, wait_event=0x0, completion_signal=0x7f4221bfe780
:4:rocvirtual.cpp           :622 : 4393715881967 us: [pid:4178064 tid: 0x7f422aff0200] Host wait on completion_signal=0x7f4221bfe780
:3:rocvirtual.hpp           :56  : 4393715881974 us: [pid:4178064 tid: 0x7f422aff0200] Host active wait for Signal = (0x7f4221bfe780) for -1 ns
:4:rocmemory.cpp            :1018: 4393715883167 us: [pid:4178064 tid: 0x7f422aff0200] Locking to pool 0x37ca7ed0, size 0x2001000, HostPtr = 0x7f40781bd000, DevPtr = 0x7f40781bd000
:4:rocblit.cpp              :623 : 4393715883176 us: [pid:4178064 tid: 0x7f422aff0200] HSA Copy Using Pinned resource size 33554432
:4:rocblit.cpp              :687 : 4393715883184 us: [pid:4178064 tid: 0x7f422aff0200] HSA Async Copy staged D2H
:4:rocblit.cpp              :503 : 4393715883189 us: [pid:4178064 tid: 0x7f422aff0200] Last copy mask 0x2
:4:rocblit.cpp              :520 : 4393715883634 us: [pid:4178064 tid: 0x7f422aff0200] HSA Async Copy on copy_engine=0x2, dst=0x7f40781bd010, src=0x7f4002a00000, size=33554432, forceSDMA=0, wait_event=0x0, completion_signal=0x7f4221bfe580
:4:rocvirtual.cpp           :622 : 4393715883643 us: [pid:4178064 tid: 0x7f422aff0200] Host wait on completion_signal=0x7f4221bfe580
:3:rocvirtual.hpp           :56  : 4393715883650 us: [pid:4178064 tid: 0x7f422aff0200] Host active wait for Signal = (0x7f4221bfe580) for -1 ns
:4:rocmemory.cpp            :1018: 4393715884846 us: [pid:4178064 tid: 0x7f422aff0200] Locking to pool 0x37ca7ed0, size 0x2001000, HostPtr = 0x7f407a1bd000, DevPtr = 0x7f407a1bd000
:4:rocblit.cpp              :623 : 4393715884856 us: [pid:4178064 tid: 0x7f422aff0200] HSA Copy Using Pinned resource size 33554432
:4:rocblit.cpp              :687 : 4393715884864 us: [pid:4178064 tid: 0x7f422aff0200] HSA Async Copy staged D2H
:4:rocblit.cpp              :503 : 4393715884868 us: [pid:4178064 tid: 0x7f422aff0200] Last copy mask 0x2
:4:rocblit.cpp              :520 : 4393715884873 us: [pid:4178064 tid: 0x7f422aff0200] HSA Async Copy on copy_engine=0x2, dst=0x7f407a1bd010, src=0x7f4004a00000, size=33554432, forceSDMA=0, wait_event=0x0, completion_signal=0x7f4221bfdf00
:4:rocvirtual.cpp           :622 : 4393715884882 us: [pid:4178064 tid: 0x7f422aff0200] Host wait on completion_signal=0x7f4221bfdf00
:3:rocvirtual.hpp           :56  : 4393715884889 us: [pid:4178064 tid: 0x7f422aff0200] Host active wait for Signal = (0x7f4221bfdf00) for -1 ns
:4:rocmemory.cpp            :1018: 4393715886082 us: [pid:4178064 tid: 0x7f422aff0200] Locking to pool 0x37ca7ed0, size 0x14c1000, HostPtr = 0x7f407c1bd000, DevPtr = 0x7f407c1bd000
:4:rocblit.cpp              :623 : 4393715886092 us: [pid:4178064 tid: 0x7f422aff0200] HSA Copy Using Pinned resource size 21757952
:4:rocblit.cpp              :687 : 4393715886099 us: [pid:4178064 tid: 0x7f422aff0200] HSA Async Copy staged D2H
:4:rocblit.cpp              :503 : 4393715886104 us: [pid:4178064 tid: 0x7f422aff0200] Last copy mask 0x2
:4:rocblit.cpp              :520 : 4393715886109 us: [pid:4178064 tid: 0x7f422aff0200] HSA Async Copy on copy_engine=0x2, dst=0x7f407c1bd010, src=0x7f4006a00000, size=21757952, forceSDMA=0, wait_event=0x0, completion_signal=0x7f4221bfe900
:4:rocvirtual.cpp           :622 : 4393715886116 us: [pid:4178064 tid: 0x7f422aff0200] Host wait on completion_signal=0x7f4221bfe900
:3:rocvirtual.hpp           :56  : 4393715886124 us: [pid:4178064 tid: 0x7f422aff0200] Host active wait for Signal = (0x7f4221bfe900) for -1 ns
:4:commandqueue.cpp         :161 : 4393715886897 us: [pid:4178064 tid: 0x7f422aff0200] Marker queued to ensure finish
:4:command.cpp              :359 : 4393715886903 us: [pid:4178064 tid: 0x7f422aff0200] Command (InternalMarker) enqueued: 0x384c9af0
:3:rocvirtual.cpp           :533 : 4393715886914 us: [pid:4178064 tid: 0x7f422aff0200] Set Handler: handle(0x7f4221bfcc80), timestamp(0x384ecbc0)
:4:rocvirtual.cpp           :1147: 4393715886923 us: [pid:4178064 tid: 0x7f422aff0200] SWq=0x7f4221d5c000, HWq=0x7f420cc00000, id=1, BarrierAND Header = 0x1503 (type=3, barrier=1, acquire=2, release=2), dep_signal=[0x0, 0x0, 0x0, 0x0, 0x0], completion_signal=0x7f4221bfcc80
:3:rocvirtual.hpp           :56  : 4393715886934 us: [pid:4178064 tid: 0x7f422aff0200] Host active wait for Signal = (0x7f4221bfcc80) for -1 ns
:3:rocvirtual.cpp           :226 : 4393715886941 us: [pid:4178064 tid: 0x7f40f11ff6c0] Handler: value(0), timestamp(0x37da7b30), handle(0x7f4221bfcc80)
:4:commandqueue.cpp         :184 : 4393715886942 us: [pid:4178064 tid: 0x7f422aff0200] All commands finished
:3:hip_memory.cpp           :796 : 4393715886970 us: [pid:4178064 tid: 0x7f422aff0200] hipMemcpy: Returned hipSuccess : : duration: 19240 us
:3:hip_memory.cpp           :3476: 4393715886981 us: [pid:4178064 tid: 0x7f422aff0200] [32m hipMemset ( 0x7f3feaa00000, 0, 491520000 ) [0m
:4:command.cpp              :359 : 4393715886991 us: [pid:4178064 tid: 0x7f422aff0200] Command (FillBuffer) enqueued: 0x38368cd0
:3:rocvirtual.cpp           :762 : 4393715887002 us: [pid:4178064 tid: 0x7f422aff0200] Arg0: void* buf = ptr:0x7f3feaa00000
:3:rocvirtual.cpp           :778 : 4393715887008 us: [pid:4178064 tid: 0x7f422aff0200] Arg0: void* buf = ptr:0x7f3feaa00000 obj:[0x7f3feaa00000-0x7f4007ec0000]
:3:rocvirtual.cpp           :762 : 4393715887427 us: [pid:4178064 tid: 0x7f422aff0200] Arg1: uchar* pattern = ptr:0x7f420ca00000
:3:rocvirtual.cpp           :853 : 4393715887435 us: [pid:4178064 tid: 0x7f422aff0200] Arg2: uint pattern_size = val:1
:3:rocvirtual.cpp           :853 : 4393715887440 us: [pid:4178064 tid: 0x7f422aff0200] Arg3: uint alignment = val:16
:3:rocvirtual.cpp           :853 : 4393715887444 us: [pid:4178064 tid: 0x7f422aff0200] Arg4: ulong end_ptr = val:139912987541504
:3:rocvirtual.cpp           :853 : 4393715887453 us: [pid:4178064 tid: 0x7f422aff0200] Arg5: uint next_chunk = val:26624
:3:rocvirtual.cpp           :3236: 4393715887458 us: [pid:4178064 tid: 0x7f422aff0200] ShaderName : __amd_rocclr_fillBufferAligned
:3:rocvirtual.cpp           :3449: 4393715887467 us: [pid:4178064 tid: 0x7f422aff0200] KernargSegmentByteSize = 296 KernargSegmentAlignment = 128
:4:rocvirtual.cpp           :965 : 4393715887477 us: [pid:4178064 tid: 0x7f422aff0200] SWq=0x7f4221d5c000, HWq=0x7f420cc00000, id=1, Dispatch Header = 0x1502 (type=2, barrier=1, acquire=2, release=2), setup=1, grid=[26624, 1, 1], workgroup=[256, 1, 1], private_seg_size=0, group_seg_size=0, kernel_obj=0x7f4221d4dd40, kernarg_address=0x7f420ca00100, completion_signal=0x0, correlation_id=0, rptr=174, wptr=174
:3:hip_memory.cpp           :3477: 4393715887491 us: [pid:4178064 tid: 0x7f422aff0200] hipMemset: Returned hipSuccess : 
:3:hip_device_runtime.cpp   :641 : 4393715887496 us: [pid:4178064 tid: 0x7f422aff0200] [32m hipDeviceSynchronize (  ) [0m
:4:commandqueue.cpp         :161 : 4393715887501 us: [pid:4178064 tid: 0x7f422aff0200] Marker queued to ensure finish
:4:command.cpp              :359 : 4393715887507 us: [pid:4178064 tid: 0x7f422aff0200] Command (InternalMarker) enqueued: 0x38089440
:4:command.cpp              :169 : 4393715886962 us: [pid:4178064 tid: 0x7f40f11ff6c0] Command 0x384c98b0 complete
:4:command.cpp              :163 : 4393715887529 us: [pid:4178064 tid: 0x7f40f11ff6c0] Command 0x384c9af0 complete (Wall: 4393715887527, CPU: 0, GPU: 617 us)
:3:rocvirtual.cpp           :533 : 4393715887518 us: [pid:4178064 tid: 0x7f422aff0200] Set Handler: handle(0x7f4221bfcf80), timestamp(0x384fa980)
:4:rocvirtual.cpp           :1147: 4393715887864 us: [pid:4178064 tid: 0x7f422aff0200] SWq=0x7f4221d5c000, HWq=0x7f420cc00000, id=1, BarrierAND Header = 0x1503 (type=3, barrier=1, acquire=2, release=2), dep_signal=[0x0, 0x0, 0x0, 0x0, 0x0], completion_signal=0x7f4221bfcf80
:3:rocvirtual.hpp           :56  : 4393715887878 us: [pid:4178064 tid: 0x7f422aff0200] Host active wait for Signal = (0x7f4221bfcf80) for -1 ns
:4:commandqueue.cpp         :184 : 4393715887913 us: [pid:4178064 tid: 0x7f422aff0200] All commands finished
:3:hip_device_runtime.cpp   :645 : 4393715887919 us: [pid:4178064 tid: 0x7f422aff0200] hipDeviceSynchronize: Returned hipSuccess : 
:3:hip_platform.cpp         :237 : 4393715887930 us: [pid:4178064 tid: 0x7f422aff0200] [32m __hipPushCallConfiguration ( {8,1,1}, {512,1,1}, 0, stream:<null> ) [0m
:3:hip_platform.cpp         :241 : 4393715887939 us: [pid:4178064 tid: 0x7f422aff0200] __hipPushCallConfiguration: Returned hipSuccess : 
:3:hip_platform.cpp         :246 : 4393715887949 us: [pid:4178064 tid: 0x7f422aff0200] [32m __hipPopCallConfiguration ( {896886866,32578,512}, {2118224,0,3252094336}, 0x7ffec1d702d0, 0x7ffec1d702c8 ) [0m
:3:hip_platform.cpp         :255 : 4393715888354 us: [pid:4178064 tid: 0x7f422aff0200] __hipPopCallConfiguration: Returned hipSuccess : 
:3:hip_module.cpp           :744 : 4393715888366 us: [pid:4178064 tid: 0x7f422aff0200] [32m hipLaunchKernel ( 0x200fe8, {8,1,1}, {512,1,1}, 0x7ffec1d70280, 0, stream:<null> ) [0m
:3:rocvirtual.cpp           :226 : 4393715887913 us: [pid:4178064 tid: 0x7f40f11ff6c0] Handler: value(0), timestamp(0x383dceb0), handle(0x7f4221bfcf80)
:4:command.cpp              :169 : 4393715888385 us: [pid:4178064 tid: 0x7f40f11ff6c0] Command 0x38368cd0 complete
:4:command.cpp              :163 : 4393715888392 us: [pid:4178064 tid: 0x7f40f11ff6c0] Command 0x38089440 complete (Wall: 4393715888391, CPU: 0, GPU: 876 us)
:4:command.cpp              :359 : 4393715888380 us: [pid:4178064 tid: 0x7f422aff0200] Command (KernelExecution) enqueued: 0x384c98b0
:3:rocvirtual.cpp           :762 : 4393715888416 us: [pid:4178064 tid: 0x7f422aff0200] Arg0:   = ptr:0x7f4008200000
:3:rocvirtual.cpp           :778 : 4393715888421 us: [pid:4178064 tid: 0x7f422aff0200] Arg0:   = ptr:0x7f4008200000 obj:[0x7f4008200000-0x7f40256c0000]
:3:rocvirtual.cpp           :762 : 4393715888429 us: [pid:4178064 tid: 0x7f422aff0200] Arg1:   = ptr:0x7f4207c27000
:3:rocvirtual.cpp           :778 : 4393715888433 us: [pid:4178064 tid: 0x7f422aff0200] Arg1:   = ptr:0x7f4207c27000 obj:[0x7f4207c27000-0x7f4207c87000]
:3:rocvirtual.cpp           :762 : 4393715888441 us: [pid:4178064 tid: 0x7f422aff0200] Arg2:   = ptr:0x7f3feaa00000
:3:rocvirtual.cpp           :778 : 4393715888445 us: [pid:4178064 tid: 0x7f422aff0200] Arg2:   = ptr:0x7f3feaa00000 obj:[0x7f3feaa00000-0x7f4007ec0000]
:3:rocvirtual.cpp           :853 : 4393715888453 us: [pid:4178064 tid: 0x7f422aff0200] Arg3:   = val:12288
:3:rocvirtual.cpp           :762 : 4393715888458 us: [pid:4178064 tid: 0x7f422aff0200] Arg4:   = ptr:0x7f4207c00000
:3:rocvirtual.cpp           :778 : 4393715888464 us: [pid:4178064 tid: 0x7f422aff0200] Arg4:   = ptr:0x7f4207c00000 obj:[0x7f4207c00000-0x7f4207c00024]
:3:rocvirtual.cpp           :3236: 4393715889009 us: [pid:4178064 tid: 0x7f422aff0200] ShaderName : void dense_esuhm3<float>(float const*, float const*, float*, int, int const*)
:3:rocvirtual.cpp           :3449: 4393715889018 us: [pid:4178064 tid: 0x7f422aff0200] KernargSegmentByteSize = 296 KernargSegmentAlignment = 128
:4:rocvirtual.cpp           :965 : 4393715889027 us: [pid:4178064 tid: 0x7f422aff0200] SWq=0x7f4221d5c000, HWq=0x7f420cc00000, id=1, Dispatch Header = 0xb02 (type=2, barrier=1, acquire=1, release=1), setup=3, grid=[4096, 1, 1], workgroup=[512, 1, 1], private_seg_size=140, group_seg_size=0, kernel_obj=0x7f4221d21a00, kernarg_address=0x7f420ca00280, completion_signal=0x0, correlation_id=0, rptr=176, wptr=176
:3:hip_module.cpp           :745 : 4393715889040 us: [pid:4178064 tid: 0x7f422aff0200] hipLaunchKernel: Returned hipSuccess : : duration: 674 us
:3:hip_device_runtime.cpp   :641 : 4393715889048 us: [pid:4178064 tid: 0x7f422aff0200] [32m hipDeviceSynchronize (  ) [0m
:4:commandqueue.cpp         :161 : 4393715889056 us: [pid:4178064 tid: 0x7f422aff0200] Marker queued to ensure finish
:4:command.cpp              :359 : 4393715889060 us: [pid:4178064 tid: 0x7f422aff0200] Command (InternalMarker) enqueued: 0x384c9af0
:3:rocvirtual.cpp           :533 : 4393715889073 us: [pid:4178064 tid: 0x7f422aff0200] Set Handler: handle(0x7f4221bfce80), timestamp(0x384fc2d0)
:4:rocvirtual.cpp           :1147: 4393715889081 us: [pid:4178064 tid: 0x7f422aff0200] SWq=0x7f4221d5c000, HWq=0x7f420cc00000, id=1, BarrierAND Header = 0x1503 (type=3, barrier=1, acquire=2, release=2), dep_signal=[0x0, 0x0, 0x0, 0x0, 0x0], completion_signal=0x7f4221bfce80
:3:rocvirtual.hpp           :56  : 4393715889092 us: [pid:4178064 tid: 0x7f422aff0200] Host active wait for Signal = (0x7f4221bfce80) for -1 ns
:4:commandqueue.cpp         :184 : 4393715889991 us: [pid:4178064 tid: 0x7f422aff0200] All commands finished
:3:hip_device_runtime.cpp   :645 : 4393715889999 us: [pid:4178064 tid: 0x7f422aff0200] hipDeviceSynchronize: Returned hipSuccess : 
:3:hip_memory.cpp           :795 : 4393715890012 us: [pid:4178064 tid: 0x7f422aff0200] [32m hipMemcpy ( 0x7f4042cfc010, 0x7f3feaa00000, 491520000, hipMemcpyDeviceToHost ) [0m
:3:rocvirtual.cpp           :226 : 4393715889993 us: [pid:4178064 tid: 0x7f40f11ff6c0] Handler: value(0), timestamp(0x37deb420), handle(0x7f4221bfce80)
:4:command.cpp              :169 : 4393715890029 us: [pid:4178064 tid: 0x7f40f11ff6c0] Command 0x384c98b0 complete
:4:command.cpp              :359 : 4393715890023 us: [pid:4178064 tid: 0x7f422aff0200] Command (CopyDeviceToHost) enqueued: 0x38368cd0
:4:rocblit.cpp              :1673: 4393715890043 us: [pid:4178064 tid: 0x7f422aff0200] Unpinned read path, Async = 0
:4:command.cpp              :163 : 4393715890035 us: [pid:4178064 tid: 0x7f40f11ff6c0] Command 0x384c9af0 complete (Wall: 4393715890033, CPU: 0, GPU: 965 us)
:4:rocmemory.cpp            :1018: 4393715890055 us: [pid:4178064 tid: 0x7f422aff0200] Locking to pool 0x37ca7ed0, size 0x2001000, HostPtr = 0x7f4042cfc000, DevPtr = 0x7f4042cfc000
:4:rocblit.cpp              :623 : 4393715890078 us: [pid:4178064 tid: 0x7f422aff0200] HSA Copy Using Pinned resource size 33554432
:4:rocblit.cpp              :687 : 4393715890086 us: [pid:4178064 tid: 0x7f422aff0200] HSA Async Copy staged D2H
:4:rocblit.cpp              :503 : 4393715890090 us: [pid:4178064 tid: 0x7f422aff0200] Last copy mask 0x0
:4:rocblit.cpp              :509 : 4393715890096 us: [pid:4178064 tid: 0x7f422aff0200] Query copy engine status 0, free_engine mask 0x1e
:4:rocblit.cpp              :520 : 4393715890680 us: [pid:4178064 tid: 0x7f422aff0200] HSA Async Copy on copy_engine=0x2, dst=0x7f4042cfc010, src=0x7f3feaa00000, size=33554432, forceSDMA=0, wait_event=0x0, completion_signal=0x7f4221bfe700
:4:rocvirtual.cpp           :622 : 4393715890689 us: [pid:4178064 tid: 0x7f422aff0200] Host wait on completion_signal=0x7f4221bfe700
:3:rocvirtual.hpp           :56  : 4393715890697 us: [pid:4178064 tid: 0x7f422aff0200] Host active wait for Signal = (0x7f4221bfe700) for -1 ns
:4:rocmemory.cpp            :1018: 4393715891893 us: [pid:4178064 tid: 0x7f422aff0200] Locking to pool 0x37ca7ed0, size 0x2001000, HostPtr = 0x7f4044cfc000, DevPtr = 0x7f4044cfc000
:4:rocblit.cpp              :623 : 4393715891902 us: [pid:4178064 tid: 0x7f422aff0200] HSA Copy Using Pinned resource size 33554432
:4:rocblit.cpp              :687 : 4393715891909 us: [pid:4178064 tid: 0x7f422aff0200] HSA Async Copy staged D2H
:4:rocblit.cpp              :503 : 4393715891914 us: [pid:4178064 tid: 0x7f422aff0200] Last copy mask 0x2
:4:rocblit.cpp              :520 : 4393715891919 us: [pid:4178064 tid: 0x7f422aff0200] HSA Async Copy on copy_engine=0x2, dst=0x7f4044cfc010, src=0x7f3feca00000, size=33554432, forceSDMA=0, wait_event=0x0, completion_signal=0x7f4221bfde80
:4:rocvirtual.cpp           :622 : 4393715891927 us: [pid:4178064 tid: 0x7f422aff0200] Host wait on completion_signal=0x7f4221bfde80
:3:rocvirtual.hpp           :56  : 4393715891937 us: [pid:4178064 tid: 0x7f422aff0200] Host active wait for Signal = (0x7f4221bfde80) for -1 ns
:4:rocmemory.cpp            :1018: 4393715893128 us: [pid:4178064 tid: 0x7f422aff0200] Locking to pool 0x37ca7ed0, size 0x2001000, HostPtr = 0x7f4046cfc000, DevPtr = 0x7f4046cfc000
:4:rocblit.cpp              :623 : 4393715893138 us: [pid:4178064 tid: 0x7f422aff0200] HSA Copy Using Pinned resource size 33554432
:4:rocblit.cpp              :687 : 4393715893145 us: [pid:4178064 tid: 0x7f422aff0200] HSA Async Copy staged D2H
:4:rocblit.cpp              :503 : 4393715893149 us: [pid:4178064 tid: 0x7f422aff0200] Last copy mask 0x2
:4:rocblit.cpp              :520 : 4393715893154 us: [pid:4178064 tid: 0x7f422aff0200] HSA Async Copy on copy_engine=0x2, dst=0x7f4046cfc010, src=0x7f3feea00000, size=33554432, forceSDMA=0, wait_event=0x0, completion_signal=0x7f4221bfe080
:4:rocvirtual.cpp           :622 : 4393715893162 us: [pid:4178064 tid: 0x7f422aff0200] Host wait on completion_signal=0x7f4221bfe080
:3:rocvirtual.hpp           :56  : 4393715893169 us: [pid:4178064 tid: 0x7f422aff0200] Host active wait for Signal = (0x7f4221bfe080) for -1 ns
:4:rocmemory.cpp            :1018: 4393715894366 us: [pid:4178064 tid: 0x7f422aff0200] Locking to pool 0x37ca7ed0, size 0x2001000, HostPtr = 0x7f4048cfc000, DevPtr = 0x7f4048cfc000
:4:rocblit.cpp              :623 : 4393715894378 us: [pid:4178064 tid: 0x7f422aff0200] HSA Copy Using Pinned resource size 33554432
:4:rocblit.cpp              :687 : 4393715894385 us: [pid:4178064 tid: 0x7f422aff0200] HSA Async Copy staged D2H
:4:rocblit.cpp              :503 : 4393715894389 us: [pid:4178064 tid: 0x7f422aff0200] Last copy mask 0x2
:4:rocblit.cpp              :520 : 4393715894394 us: [pid:4178064 tid: 0x7f422aff0200] HSA Async Copy on copy_engine=0x2, dst=0x7f4048cfc010, src=0x7f3ff0a00000, size=33554432, forceSDMA=0, wait_event=0x0, completion_signal=0x7f4221bfe000
:4:rocvirtual.cpp           :622 : 4393715894402 us: [pid:4178064 tid: 0x7f422aff0200] Host wait on completion_signal=0x7f4221bfe000
:3:rocvirtual.hpp           :56  : 4393715894409 us: [pid:4178064 tid: 0x7f422aff0200] Host active wait for Signal = (0x7f4221bfe000) for -1 ns
:4:rocmemory.cpp            :1018: 4393715895603 us: [pid:4178064 tid: 0x7f422aff0200] Locking to pool 0x37ca7ed0, size 0x2001000, HostPtr = 0x7f404acfc000, DevPtr = 0x7f404acfc000
:4:rocblit.cpp              :623 : 4393715895612 us: [pid:4178064 tid: 0x7f422aff0200] HSA Copy Using Pinned resource size 33554432
:4:rocblit.cpp              :687 : 4393715895619 us: [pid:4178064 tid: 0x7f422aff0200] HSA Async Copy staged D2H
:4:rocblit.cpp              :503 : 4393715895624 us: [pid:4178064 tid: 0x7f422aff0200] Last copy mask 0x2
:4:rocblit.cpp              :520 : 4393715895628 us: [pid:4178064 tid: 0x7f422aff0200] HSA Async Copy on copy_engine=0x2, dst=0x7f404acfc010, src=0x7f3ff2a00000, size=33554432, forceSDMA=0, wait_event=0x0, completion_signal=0x7f4221bfe380
:4:rocvirtual.cpp           :622 : 4393715895636 us: [pid:4178064 tid: 0x7f422aff0200] Host wait on completion_signal=0x7f4221bfe380
:3:rocvirtual.hpp           :56  : 4393715895644 us: [pid:4178064 tid: 0x7f422aff0200] Host active wait for Signal = (0x7f4221bfe380) for -1 ns
:4:rocmemory.cpp            :1018: 4393715896839 us: [pid:4178064 tid: 0x7f422aff0200] Locking to pool 0x37ca7ed0, size 0x2001000, HostPtr = 0x7f404ccfc000, DevPtr = 0x7f404ccfc000
:4:rocblit.cpp              :623 : 4393715896849 us: [pid:4178064 tid: 0x7f422aff0200] HSA Copy Using Pinned resource size 33554432
:4:rocblit.cpp              :687 : 4393715896857 us: [pid:4178064 tid: 0x7f422aff0200] HSA Async Copy staged D2H
:4:rocblit.cpp              :503 : 4393715896861 us: [pid:4178064 tid: 0x7f422aff0200] Last copy mask 0x2
:4:rocblit.cpp              :520 : 4393715896866 us: [pid:4178064 tid: 0x7f422aff0200] HSA Async Copy on copy_engine=0x2, dst=0x7f404ccfc010, src=0x7f3ff4a00000, size=33554432, forceSDMA=0, wait_event=0x0, completion_signal=0x7f4221bfe180
:4:rocvirtual.cpp           :622 : 4393715896875 us: [pid:4178064 tid: 0x7f422aff0200] Host wait on completion_signal=0x7f4221bfe180
:3:rocvirtual.hpp           :56  : 4393715896885 us: [pid:4178064 tid: 0x7f422aff0200] Host active wait for Signal = (0x7f4221bfe180) for -1 ns
:4:rocmemory.cpp            :1018: 4393715898077 us: [pid:4178064 tid: 0x7f422aff0200] Locking to pool 0x37ca7ed0, size 0x2001000, HostPtr = 0x7f404ecfc000, DevPtr = 0x7f404ecfc000
:4:rocblit.cpp              :623 : 4393715898088 us: [pid:4178064 tid: 0x7f422aff0200] HSA Copy Using Pinned resource size 33554432
:4:rocblit.cpp              :687 : 4393715898095 us: [pid:4178064 tid: 0x7f422aff0200] HSA Async Copy staged D2H
:4:rocblit.cpp              :503 : 4393715898100 us: [pid:4178064 tid: 0x7f422aff0200] Last copy mask 0x2
:4:rocblit.cpp              :520 : 4393715898105 us: [pid:4178064 tid: 0x7f422aff0200] HSA Async Copy on copy_engine=0x2, dst=0x7f404ecfc010, src=0x7f3ff6a00000, size=33554432, forceSDMA=0, wait_event=0x0, completion_signal=0x7f4221bfdf80
:4:rocvirtual.cpp           :622 : 4393715898113 us: [pid:4178064 tid: 0x7f422aff0200] Host wait on completion_signal=0x7f4221bfdf80
:3:rocvirtual.hpp           :56  : 4393715898122 us: [pid:4178064 tid: 0x7f422aff0200] Host active wait for Signal = (0x7f4221bfdf80) for -1 ns
:4:rocmemory.cpp            :1018: 4393715899315 us: [pid:4178064 tid: 0x7f422aff0200] Locking to pool 0x37ca7ed0, size 0x2001000, HostPtr = 0x7f4050cfc000, DevPtr = 0x7f4050cfc000
:4:rocblit.cpp              :623 : 4393715899324 us: [pid:4178064 tid: 0x7f422aff0200] HSA Copy Using Pinned resource size 33554432
:4:rocblit.cpp              :687 : 4393715899331 us: [pid:4178064 tid: 0x7f422aff0200] HSA Async Copy staged D2H
:4:rocblit.cpp              :503 : 4393715899336 us: [pid:4178064 tid: 0x7f422aff0200] Last copy mask 0x2
:4:rocblit.cpp              :520 : 4393715899340 us: [pid:4178064 tid: 0x7f422aff0200] HSA Async Copy on copy_engine=0x2, dst=0x7f4050cfc010, src=0x7f3ff8a00000, size=33554432, forceSDMA=0, wait_event=0x0, completion_signal=0x7f4221bfe800
:4:rocvirtual.cpp           :622 : 4393715899348 us: [pid:4178064 tid: 0x7f422aff0200] Host wait on completion_signal=0x7f4221bfe800
:3:rocvirtual.hpp           :56  : 4393715899355 us: [pid:4178064 tid: 0x7f422aff0200] Host active wait for Signal = (0x7f4221bfe800) for -1 ns
:4:rocmemory.cpp            :1018: 4393715900557 us: [pid:4178064 tid: 0x7f422aff0200] Locking to pool 0x37ca7ed0, size 0x2001000, HostPtr = 0x7f4052cfc000, DevPtr = 0x7f4052cfc000
:4:rocblit.cpp              :623 : 4393715900733 us: [pid:4178064 tid: 0x7f422aff0200] HSA Copy Using Pinned resource size 33554432
:4:rocblit.cpp              :687 : 4393715900748 us: [pid:4178064 tid: 0x7f422aff0200] HSA Async Copy staged D2H
:4:rocblit.cpp              :503 : 4393715900769 us: [pid:4178064 tid: 0x7f422aff0200] Last copy mask 0x2
:4:rocblit.cpp              :520 : 4393715900777 us: [pid:4178064 tid: 0x7f422aff0200] HSA Async Copy on copy_engine=0x2, dst=0x7f4052cfc010, src=0x7f3ffaa00000, size=33554432, forceSDMA=0, wait_event=0x0, completion_signal=0x7f4221bfea80
:4:rocvirtual.cpp           :622 : 4393715900792 us: [pid:4178064 tid: 0x7f422aff0200] Host wait on completion_signal=0x7f4221bfea80
:3:rocvirtual.hpp           :56  : 4393715900800 us: [pid:4178064 tid: 0x7f422aff0200] Host active wait for Signal = (0x7f4221bfea80) for -1 ns
:4:rocmemory.cpp            :1018: 4393715901999 us: [pid:4178064 tid: 0x7f422aff0200] Locking to pool 0x37ca7ed0, size 0x2001000, HostPtr = 0x7f4054cfc000, DevPtr = 0x7f4054cfc000
:4:rocblit.cpp              :623 : 4393715902010 us: [pid:4178064 tid: 0x7f422aff0200] HSA Copy Using Pinned resource size 33554432
:4:rocblit.cpp              :687 : 4393715902017 us: [pid:4178064 tid: 0x7f422aff0200] HSA Async Copy staged D2H
:4:rocblit.cpp              :503 : 4393715902022 us: [pid:4178064 tid: 0x7f422aff0200] Last copy mask 0x2
:4:rocblit.cpp              :520 : 4393715902027 us: [pid:4178064 tid: 0x7f422aff0200] HSA Async Copy on copy_engine=0x2, dst=0x7f4054cfc010, src=0x7f3ffca00000, size=33554432, forceSDMA=0, wait_event=0x0, completion_signal=0x7f4221bfea00
:4:rocvirtual.cpp           :622 : 4393715902040 us: [pid:4178064 tid: 0x7f422aff0200] Host wait on completion_signal=0x7f4221bfea00
:3:rocvirtual.hpp           :56  : 4393715902047 us: [pid:4178064 tid: 0x7f422aff0200] Host active wait for Signal = (0x7f4221bfea00) for -1 ns
:4:rocmemory.cpp            :1018: 4393715903243 us: [pid:4178064 tid: 0x7f422aff0200] Locking to pool 0x37ca7ed0, size 0x2001000, HostPtr = 0x7f4056cfc000, DevPtr = 0x7f4056cfc000
:4:rocblit.cpp              :623 : 4393715903253 us: [pid:4178064 tid: 0x7f422aff0200] HSA Copy Using Pinned resource size 33554432
:4:rocblit.cpp              :687 : 4393715903260 us: [pid:4178064 tid: 0x7f422aff0200] HSA Async Copy staged D2H
:4:rocblit.cpp              :503 : 4393715903265 us: [pid:4178064 tid: 0x7f422aff0200] Last copy mask 0x2
:4:rocblit.cpp              :520 : 4393715903270 us: [pid:4178064 tid: 0x7f422aff0200] HSA Async Copy on copy_engine=0x2, dst=0x7f4056cfc010, src=0x7f3ffea00000, size=33554432, forceSDMA=0, wait_event=0x0, completion_signal=0x7f4221bfec80
:4:rocvirtual.cpp           :622 : 4393715903278 us: [pid:4178064 tid: 0x7f422aff0200] Host wait on completion_signal=0x7f4221bfec80
:3:rocvirtual.hpp           :56  : 4393715903597 us: [pid:4178064 tid: 0x7f422aff0200] Host active wait for Signal = (0x7f4221bfec80) for -1 ns
:4:rocmemory.cpp            :1018: 4393715904481 us: [pid:4178064 tid: 0x7f422aff0200] Locking to pool 0x37ca7ed0, size 0x2001000, HostPtr = 0x7f4058cfc000, DevPtr = 0x7f4058cfc000
:4:rocblit.cpp              :623 : 4393715904491 us: [pid:4178064 tid: 0x7f422aff0200] HSA Copy Using Pinned resource size 33554432
:4:rocblit.cpp              :687 : 4393715904498 us: [pid:4178064 tid: 0x7f422aff0200] HSA Async Copy staged D2H
:4:rocblit.cpp              :503 : 4393715904503 us: [pid:4178064 tid: 0x7f422aff0200] Last copy mask 0x2
:4:rocblit.cpp              :520 : 4393715904507 us: [pid:4178064 tid: 0x7f422aff0200] HSA Async Copy on copy_engine=0x2, dst=0x7f4058cfc010, src=0x7f4000a00000, size=33554432, forceSDMA=0, wait_event=0x0, completion_signal=0x7f4221bfdd80
:4:rocvirtual.cpp           :622 : 4393715904515 us: [pid:4178064 tid: 0x7f422aff0200] Host wait on completion_signal=0x7f4221bfdd80
:3:rocvirtual.hpp           :56  : 4393715904523 us: [pid:4178064 tid: 0x7f422aff0200] Host active wait for Signal = (0x7f4221bfdd80) for -1 ns
:4:rocmemory.cpp            :1018: 4393715905717 us: [pid:4178064 tid: 0x7f422aff0200] Locking to pool 0x37ca7ed0, size 0x2001000, HostPtr = 0x7f405acfc000, DevPtr = 0x7f405acfc000
:4:rocblit.cpp              :623 : 4393715905728 us: [pid:4178064 tid: 0x7f422aff0200] HSA Copy Using Pinned resource size 33554432
:4:rocblit.cpp              :687 : 4393715906157 us: [pid:4178064 tid: 0x7f422aff0200] HSA Async Copy staged D2H
:4:rocblit.cpp              :503 : 4393715906162 us: [pid:4178064 tid: 0x7f422aff0200] Last copy mask 0x2
:4:rocblit.cpp              :520 : 4393715906167 us: [pid:4178064 tid: 0x7f422aff0200] HSA Async Copy on copy_engine=0x2, dst=0x7f405acfc010, src=0x7f4002a00000, size=33554432, forceSDMA=0, wait_event=0x0, completion_signal=0x7f4221bfdc80
:4:rocvirtual.cpp           :622 : 4393715906175 us: [pid:4178064 tid: 0x7f422aff0200] Host wait on completion_signal=0x7f4221bfdc80
:3:rocvirtual.hpp           :56  : 4393715906183 us: [pid:4178064 tid: 0x7f422aff0200] Host active wait for Signal = (0x7f4221bfdc80) for -1 ns
:4:rocmemory.cpp            :1018: 4393715907376 us: [pid:4178064 tid: 0x7f422aff0200] Locking to pool 0x37ca7ed0, size 0x2001000, HostPtr = 0x7f405ccfc000, DevPtr = 0x7f405ccfc000
:4:rocblit.cpp              :623 : 4393715907385 us: [pid:4178064 tid: 0x7f422aff0200] HSA Copy Using Pinned resource size 33554432
:4:rocblit.cpp              :687 : 4393715907393 us: [pid:4178064 tid: 0x7f422aff0200] HSA Async Copy staged D2H
:4:rocblit.cpp              :503 : 4393715907397 us: [pid:4178064 tid: 0x7f422aff0200] Last copy mask 0x2
:4:rocblit.cpp              :520 : 4393715907402 us: [pid:4178064 tid: 0x7f422aff0200] HSA Async Copy on copy_engine=0x2, dst=0x7f405ccfc010, src=0x7f4004a00000, size=33554432, forceSDMA=0, wait_event=0x0, completion_signal=0x7f4221bfdc00
:4:rocvirtual.cpp           :622 : 4393715907412 us: [pid:4178064 tid: 0x7f422aff0200] Host wait on completion_signal=0x7f4221bfdc00
:3:rocvirtual.hpp           :56  : 4393715907420 us: [pid:4178064 tid: 0x7f422aff0200] Host active wait for Signal = (0x7f4221bfdc00) for -1 ns
:4:rocmemory.cpp            :1018: 4393715908614 us: [pid:4178064 tid: 0x7f422aff0200] Locking to pool 0x37ca7ed0, size 0x14c1000, HostPtr = 0x7f405ecfc000, DevPtr = 0x7f405ecfc000
:4:rocblit.cpp              :623 : 4393715908623 us: [pid:4178064 tid: 0x7f422aff0200] HSA Copy Using Pinned resource size 21757952
:4:rocblit.cpp              :687 : 4393715908631 us: [pid:4178064 tid: 0x7f422aff0200] HSA Async Copy staged D2H
:4:rocblit.cpp              :503 : 4393715908635 us: [pid:4178064 tid: 0x7f422aff0200] Last copy mask 0x2
:4:rocblit.cpp              :520 : 4393715908640 us: [pid:4178064 tid: 0x7f422aff0200] HSA Async Copy on copy_engine=0x2, dst=0x7f405ecfc010, src=0x7f4006a00000, size=21757952, forceSDMA=0, wait_event=0x0, completion_signal=0x7f4221bfed00
:4:rocvirtual.cpp           :622 : 4393715908648 us: [pid:4178064 tid: 0x7f422aff0200] Host wait on completion_signal=0x7f4221bfed00
:3:rocvirtual.hpp           :56  : 4393715908933 us: [pid:4178064 tid: 0x7f422aff0200] Host active wait for Signal = (0x7f4221bfed00) for -1 ns
:4:commandqueue.cpp         :161 : 4393715909429 us: [pid:4178064 tid: 0x7f422aff0200] Marker queued to ensure finish
:4:command.cpp              :359 : 4393715909435 us: [pid:4178064 tid: 0x7f422aff0200] Command (InternalMarker) enqueued: 0x384c9af0
:3:rocvirtual.cpp           :533 : 4393715909447 us: [pid:4178064 tid: 0x7f422aff0200] Set Handler: handle(0x7f4221bfc680), timestamp(0x381c6bb0)
:4:rocvirtual.cpp           :1147: 4393715909456 us: [pid:4178064 tid: 0x7f422aff0200] SWq=0x7f4221d5c000, HWq=0x7f420cc00000, id=1, BarrierAND Header = 0x1503 (type=3, barrier=1, acquire=2, release=2), dep_signal=[0x0, 0x0, 0x0, 0x0, 0x0], completion_signal=0x7f4221bfc680
:3:rocvirtual.hpp           :56  : 4393715909467 us: [pid:4178064 tid: 0x7f422aff0200] Host active wait for Signal = (0x7f4221bfc680) for -1 ns
:4:commandqueue.cpp         :184 : 4393715909484 us: [pid:4178064 tid: 0x7f422aff0200] All commands finished
:3:hip_memory.cpp           :796 : 4393715909490 us: [pid:4178064 tid: 0x7f422aff0200] hipMemcpy: Returned hipSuccess : : duration: 19478 us
:3:rocvirtual.cpp           :226 : 4393715909473 us: [pid:4178064 tid: 0x7f40f11ff6c0] Handler: value(0), timestamp(0x37deb420), handle(0x7f4221bfc680)
:4:command.cpp              :169 : 4393715909870 us: [pid:4178064 tid: 0x7f40f11ff6c0] Command 0x38368cd0 complete
:4:command.cpp              :163 : 4393715909878 us: [pid:4178064 tid: 0x7f40f11ff6c0] Command 0x384c9af0 complete (Wall: 4393715909876, CPU: 0, GPU: 434 us)
:3:hip_memory.cpp           :3476: 4393717167464 us: [pid:4178064 tid: 0x7f422aff0200] [32m hipMemset ( 0x7f3feaa00000, 0, 491520000 ) [0m
:4:command.cpp              :359 : 4393717167502 us: [pid:4178064 tid: 0x7f422aff0200] Command (FillBuffer) enqueued: 0x38368cd0
:3:rocvirtual.cpp           :762 : 4393717167520 us: [pid:4178064 tid: 0x7f422aff0200] Arg0: void* buf = ptr:0x7f3feaa00000
:3:rocvirtual.cpp           :778 : 4393717167526 us: [pid:4178064 tid: 0x7f422aff0200] Arg0: void* buf = ptr:0x7f3feaa00000 obj:[0x7f3feaa00000-0x7f4007ec0000]
:3:rocvirtual.cpp           :762 : 4393717167534 us: [pid:4178064 tid: 0x7f422aff0200] Arg1: uchar* pattern = ptr:0x7f420ca00000
:3:rocvirtual.cpp           :853 : 4393717167542 us: [pid:4178064 tid: 0x7f422aff0200] Arg2: uint pattern_size = val:1
:3:rocvirtual.cpp           :853 : 4393717167547 us: [pid:4178064 tid: 0x7f422aff0200] Arg3: uint alignment = val:16
:3:rocvirtual.cpp           :853 : 4393717167552 us: [pid:4178064 tid: 0x7f422aff0200] Arg4: ulong end_ptr = val:139912987541504
:3:rocvirtual.cpp           :853 : 4393717167559 us: [pid:4178064 tid: 0x7f422aff0200] Arg5: uint next_chunk = val:26624
:3:rocvirtual.cpp           :3236: 4393717167568 us: [pid:4178064 tid: 0x7f422aff0200] ShaderName : __amd_rocclr_fillBufferAligned
:3:rocvirtual.cpp           :3449: 4393717167577 us: [pid:4178064 tid: 0x7f422aff0200] KernargSegmentByteSize = 296 KernargSegmentAlignment = 128
:4:rocvirtual.cpp           :965 : 4393717167588 us: [pid:4178064 tid: 0x7f422aff0200] SWq=0x7f4221d5c000, HWq=0x7f420cc00000, id=1, Dispatch Header = 0x1502 (type=2, barrier=1, acquire=2, release=2), setup=1, grid=[26624, 1, 1], workgroup=[256, 1, 1], private_seg_size=0, group_seg_size=0, kernel_obj=0x7f4221d4dd40, kernarg_address=0x7f420ca00100, completion_signal=0x0, correlation_id=0, rptr=179, wptr=179
:3:hip_memory.cpp           :3477: 4393717167604 us: [pid:4178064 tid: 0x7f422aff0200] hipMemset: Returned hipSuccess : 
:3:hip_device_runtime.cpp   :641 : 4393717167610 us: [pid:4178064 tid: 0x7f422aff0200] [32m hipDeviceSynchronize (  ) [0m
:4:commandqueue.cpp         :161 : 4393717167616 us: [pid:4178064 tid: 0x7f422aff0200] Marker queued to ensure finish
:4:command.cpp              :359 : 4393717167621 us: [pid:4178064 tid: 0x7f422aff0200] Command (InternalMarker) enqueued: 0x384c9af0
:3:rocvirtual.cpp           :533 : 4393717167642 us: [pid:4178064 tid: 0x7f422aff0200] Set Handler: handle(0x7f4221bfc580), timestamp(0x381c7280)
:4:rocvirtual.cpp           :1147: 4393717167650 us: [pid:4178064 tid: 0x7f422aff0200] SWq=0x7f4221d5c000, HWq=0x7f420cc00000, id=1, BarrierAND Header = 0x1503 (type=3, barrier=1, acquire=2, release=2), dep_signal=[0x0, 0x0, 0x0, 0x0, 0x0], completion_signal=0x7f4221bfc580
:3:rocvirtual.hpp           :56  : 4393717167662 us: [pid:4178064 tid: 0x7f422aff0200] Host active wait for Signal = (0x7f4221bfc580) for -1 ns
:4:commandqueue.cpp         :184 : 4393717171304 us: [pid:4178064 tid: 0x7f422aff0200] All commands finished
:3:rocvirtual.cpp           :226 : 4393717168030 us: [pid:4178064 tid: 0x7f40f11ff6c0] Handler: value(0), timestamp(0x381c6ce0), handle(0x7f4221bfc580)
:3:hip_device_runtime.cpp   :645 : 4393717171332 us: [pid:4178064 tid: 0x7f422aff0200] hipDeviceSynchronize: Returned hipSuccess : 
:4:command.cpp              :169 : 4393717171356 us: [pid:4178064 tid: 0x7f40f11ff6c0] Command 0x38368cd0 complete
:3:hip_platform.cpp         :237 : 4393717171372 us: [pid:4178064 tid: 0x7f422aff0200] [32m __hipPushCallConfiguration ( {8,1,1}, {1024,1,1}, 0, stream:<null> ) [0m
:3:hip_platform.cpp         :241 : 4393717171384 us: [pid:4178064 tid: 0x7f422aff0200] __hipPushCallConfiguration: Returned hipSuccess : 
:3:hip_platform.cpp         :246 : 4393717171398 us: [pid:4178064 tid: 0x7f422aff0200] [32m __hipPopCallConfiguration ( {896886866,32578,1024}, {2118224,0,3252094336}, 0x7ffec1d702d0, 0x7ffec1d702c8 ) [0m
:3:hip_platform.cpp         :255 : 4393717171410 us: [pid:4178064 tid: 0x7f422aff0200] __hipPopCallConfiguration: Returned hipSuccess : 
:4:command.cpp              :163 : 4393717171402 us: [pid:4178064 tid: 0x7f40f11ff6c0] Command 0x384c9af0 complete (Wall: 4393717171400, CPU: 0, GPU: 3770 us)
:3:hip_module.cpp           :744 : 4393717171425 us: [pid:4178064 tid: 0x7f422aff0200] [32m hipLaunchKernel ( 0x200fd8, {8,1,1}, {1024,1,1}, 0x7ffec1d70280, 0, stream:<null> ) [0m
:4:command.cpp              :359 : 4393717184875 us: [pid:4178064 tid: 0x7f422aff0200] Command (KernelExecution) enqueued: 0x384c98b0
:3:rocvirtual.cpp           :762 : 4393717184888 us: [pid:4178064 tid: 0x7f422aff0200] Arg0:   = ptr:0x7f4008200000
:3:rocvirtual.cpp           :778 : 4393717184894 us: [pid:4178064 tid: 0x7f422aff0200] Arg0:   = ptr:0x7f4008200000 obj:[0x7f4008200000-0x7f40256c0000]
:3:rocvirtual.cpp           :762 : 4393717184902 us: [pid:4178064 tid: 0x7f422aff0200] Arg1:   = ptr:0x7f4207c27000
:3:rocvirtual.cpp           :778 : 4393717184907 us: [pid:4178064 tid: 0x7f422aff0200] Arg1:   = ptr:0x7f4207c27000 obj:[0x7f4207c27000-0x7f4207c87000]
:3:rocvirtual.cpp           :762 : 4393717184915 us: [pid:4178064 tid: 0x7f422aff0200] Arg2:   = ptr:0x7f3feaa00000
:3:rocvirtual.cpp           :778 : 4393717184920 us: [pid:4178064 tid: 0x7f422aff0200] Arg2:   = ptr:0x7f3feaa00000 obj:[0x7f3feaa00000-0x7f4007ec0000]
:3:rocvirtual.cpp           :853 : 4393717184933 us: [pid:4178064 tid: 0x7f422aff0200] Arg3:   = val:12288
:3:rocvirtual.cpp           :762 : 4393717184938 us: [pid:4178064 tid: 0x7f422aff0200] Arg4:   = ptr:0x7f4207c00000
:3:rocvirtual.cpp           :778 : 4393717184943 us: [pid:4178064 tid: 0x7f422aff0200] Arg4:   = ptr:0x7f4207c00000 obj:[0x7f4207c00000-0x7f4207c00024]
:3:rocvirtual.cpp           :3236: 4393717184950 us: [pid:4178064 tid: 0x7f422aff0200] ShaderName : void dense_esuhm<float>(float const*, float const*, float*, int, int const*)
:3:rocvirtual.cpp           :3449: 4393717184960 us: [pid:4178064 tid: 0x7f422aff0200] KernargSegmentByteSize = 296 KernargSegmentAlignment = 128
:4:rocvirtual.cpp           :965 : 4393717184971 us: [pid:4178064 tid: 0x7f422aff0200] SWq=0x7f4221d5c000, HWq=0x7f420cc00000, id=1, Dispatch Header = 0xb02 (type=2, barrier=1, acquire=1, release=1), setup=3, grid=[8192, 1, 1], workgroup=[1024, 1, 1], private_seg_size=140, group_seg_size=0, kernel_obj=0x7f4221d21980, kernarg_address=0x7f420ca00280, completion_signal=0x0, correlation_id=0, rptr=181, wptr=181
:3:hip_module.cpp           :745 : 4393717184987 us: [pid:4178064 tid: 0x7f422aff0200] hipLaunchKernel: Returned hipSuccess : : duration: 13562 us
:3:hip_device_runtime.cpp   :641 : 4393717184996 us: [pid:4178064 tid: 0x7f422aff0200] [32m hipDeviceSynchronize (  ) [0m
:4:commandqueue.cpp         :161 : 4393717202891 us: [pid:4178064 tid: 0x7f422aff0200] Marker queued to ensure finish
:4:command.cpp              :359 : 4393717202902 us: [pid:4178064 tid: 0x7f422aff0200] Command (InternalMarker) enqueued: 0x384c9af0
:3:rocvirtual.cpp           :533 : 4393717202925 us: [pid:4178064 tid: 0x7f422aff0200] Set Handler: handle(0x7f4221bfc600), timestamp(0x38350d20)
:4:rocvirtual.cpp           :1147: 4393717215654 us: [pid:4178064 tid: 0x7f422aff0200] SWq=0x7f4221d5c000, HWq=0x7f420cc00000, id=1, BarrierAND Header = 0x1503 (type=3, barrier=1, acquire=2, release=2), dep_signal=[0x0, 0x0, 0x0, 0x0, 0x0], completion_signal=0x7f4221bfc600
:3:rocvirtual.hpp           :56  : 4393717215666 us: [pid:4178064 tid: 0x7f422aff0200] Host active wait for Signal = (0x7f4221bfc600) for -1 ns
:4:commandqueue.cpp         :184 : 4393717215691 us: [pid:4178064 tid: 0x7f422aff0200] All commands finished
:3:rocvirtual.cpp           :226 : 4393717215674 us: [pid:4178064 tid: 0x7f40f11ff6c0] Handler: value(0), timestamp(0x38510aa0), handle(0x7f4221bfc600)
:3:hip_device_runtime.cpp   :645 : 4393717215699 us: [pid:4178064 tid: 0x7f422aff0200] hipDeviceSynchronize: Returned hipSuccess : 
:4:command.cpp              :169 : 4393717215718 us: [pid:4178064 tid: 0x7f40f11ff6c0] Command 0x384c98b0 complete
:3:hip_memory.cpp           :795 : 4393717215736 us: [pid:4178064 tid: 0x7f422aff0200] [32m hipMemcpy ( 0x7f407d67e010, 0x7f3feaa00000, 491520000, hipMemcpyDeviceToHost ) [0m
:4:command.cpp              :163 : 4393717215740 us: [pid:4178064 tid: 0x7f40f11ff6c0] Command 0x384c9af0 complete (Wall: 4393717215738, CPU: 0, GPU: 12827 us)
:4:command.cpp              :359 : 4393717215755 us: [pid:4178064 tid: 0x7f422aff0200] Command (CopyDeviceToHost) enqueued: 0x384c98b0
:4:rocblit.cpp              :1673: 4393717215772 us: [pid:4178064 tid: 0x7f422aff0200] Unpinned read path, Async = 0
:4:rocmemory.cpp            :1018: 4393717215792 us: [pid:4178064 tid: 0x7f422aff0200] Locking to pool 0x37ca7ed0, size 0x2001000, HostPtr = 0x7f407d67e000, DevPtr = 0x7f407d67e000
:4:rocblit.cpp              :623 : 4393717215802 us: [pid:4178064 tid: 0x7f422aff0200] HSA Copy Using Pinned resource size 33554432
:4:rocblit.cpp              :687 : 4393717234702 us: [pid:4178064 tid: 0x7f422aff0200] HSA Async Copy staged D2H
:4:rocblit.cpp              :503 : 4393717234711 us: [pid:4178064 tid: 0x7f422aff0200] Last copy mask 0x0
:4:rocblit.cpp              :509 : 4393717234721 us: [pid:4178064 tid: 0x7f422aff0200] Query copy engine status 0, free_engine mask 0x1e
:4:rocblit.cpp              :520 : 4393717234729 us: [pid:4178064 tid: 0x7f422aff0200] HSA Async Copy on copy_engine=0x2, dst=0x7f407d67e010, src=0x7f3feaa00000, size=33554432, forceSDMA=0, wait_event=0x0, completion_signal=0x7f4221bfeb00
:4:rocvirtual.cpp           :622 : 4393717234747 us: [pid:4178064 tid: 0x7f422aff0200] Host wait on completion_signal=0x7f4221bfeb00
:3:rocvirtual.hpp           :56  : 4393717234755 us: [pid:4178064 tid: 0x7f422aff0200] Host active wait for Signal = (0x7f4221bfeb00) for -1 ns
:4:rocmemory.cpp            :1018: 4393717235966 us: [pid:4178064 tid: 0x7f422aff0200] Locking to pool 0x37ca7ed0, size 0x2001000, HostPtr = 0x7f407f67e000, DevPtr = 0x7f407f67e000
:4:rocblit.cpp              :623 : 4393717251935 us: [pid:4178064 tid: 0x7f422aff0200] HSA Copy Using Pinned resource size 33554432
:4:rocblit.cpp              :687 : 4393717251945 us: [pid:4178064 tid: 0x7f422aff0200] HSA Async Copy staged D2H
:4:rocblit.cpp              :503 : 4393717251951 us: [pid:4178064 tid: 0x7f422aff0200] Last copy mask 0x2
:4:rocblit.cpp              :520 : 4393717251956 us: [pid:4178064 tid: 0x7f422aff0200] HSA Async Copy on copy_engine=0x2, dst=0x7f407f67e010, src=0x7f3feca00000, size=33554432, forceSDMA=0, wait_event=0x0, completion_signal=0x7f4221bfe100
:4:rocvirtual.cpp           :622 : 4393717251970 us: [pid:4178064 tid: 0x7f422aff0200] Host wait on completion_signal=0x7f4221bfe100
:3:rocvirtual.hpp           :56  : 4393717251977 us: [pid:4178064 tid: 0x7f422aff0200] Host active wait for Signal = (0x7f4221bfe100) for -1 ns
:4:rocmemory.cpp            :1018: 4393717253195 us: [pid:4178064 tid: 0x7f422aff0200] Locking to pool 0x37ca7ed0, size 0x2001000, HostPtr = 0x7f408167e000, DevPtr = 0x7f408167e000
:4:rocblit.cpp              :623 : 4393717267713 us: [pid:4178064 tid: 0x7f422aff0200] HSA Copy Using Pinned resource size 33554432
:4:rocblit.cpp              :687 : 4393717267722 us: [pid:4178064 tid: 0x7f422aff0200] HSA Async Copy staged D2H
:4:rocblit.cpp              :503 : 4393717267728 us: [pid:4178064 tid: 0x7f422aff0200] Last copy mask 0x2
:4:rocblit.cpp              :520 : 4393717267733 us: [pid:4178064 tid: 0x7f422aff0200] HSA Async Copy on copy_engine=0x2, dst=0x7f408167e010, src=0x7f3feea00000, size=33554432, forceSDMA=0, wait_event=0x0, completion_signal=0x7f4221bfe200
:4:rocvirtual.cpp           :622 : 4393717267742 us: [pid:4178064 tid: 0x7f422aff0200] Host wait on completion_signal=0x7f4221bfe200
:3:rocvirtual.hpp           :56  : 4393717267750 us: [pid:4178064 tid: 0x7f422aff0200] Host active wait for Signal = (0x7f4221bfe200) for -1 ns
:4:rocmemory.cpp            :1018: 4393717268951 us: [pid:4178064 tid: 0x7f422aff0200] Locking to pool 0x37ca7ed0, size 0x2001000, HostPtr = 0x7f408367e000, DevPtr = 0x7f408367e000
:4:rocblit.cpp              :623 : 4393717281590 us: [pid:4178064 tid: 0x7f422aff0200] HSA Copy Using Pinned resource size 33554432
:4:rocblit.cpp              :687 : 4393717281598 us: [pid:4178064 tid: 0x7f422aff0200] HSA Async Copy staged D2H
:4:rocblit.cpp              :503 : 4393717281604 us: [pid:4178064 tid: 0x7f422aff0200] Last copy mask 0x2
:4:rocblit.cpp              :520 : 4393717281609 us: [pid:4178064 tid: 0x7f422aff0200] HSA Async Copy on copy_engine=0x2, dst=0x7f408367e010, src=0x7f3ff0a00000, size=33554432, forceSDMA=0, wait_event=0x0, completion_signal=0x7f4221bfdb80
:4:rocvirtual.cpp           :622 : 4393717281618 us: [pid:4178064 tid: 0x7f422aff0200] Host wait on completion_signal=0x7f4221bfdb80
:3:rocvirtual.hpp           :56  : 4393717281625 us: [pid:4178064 tid: 0x7f422aff0200] Host active wait for Signal = (0x7f4221bfdb80) for -1 ns
:4:rocmemory.cpp            :1018: 4393717282825 us: [pid:4178064 tid: 0x7f422aff0200] Locking to pool 0x37ca7ed0, size 0x2001000, HostPtr = 0x7f408567e000, DevPtr = 0x7f408567e000
:4:rocblit.cpp              :623 : 4393717295785 us: [pid:4178064 tid: 0x7f422aff0200] HSA Copy Using Pinned resource size 33554432
:4:rocblit.cpp              :687 : 4393717295795 us: [pid:4178064 tid: 0x7f422aff0200] HSA Async Copy staged D2H
:4:rocblit.cpp              :503 : 4393717295802 us: [pid:4178064 tid: 0x7f422aff0200] Last copy mask 0x2
:4:rocblit.cpp              :520 : 4393717295812 us: [pid:4178064 tid: 0x7f422aff0200] HSA Async Copy on copy_engine=0x2, dst=0x7f408567e010, src=0x7f3ff2a00000, size=33554432, forceSDMA=0, wait_event=0x0, completion_signal=0x7f4221bfda80
:4:rocvirtual.cpp           :622 : 4393717295824 us: [pid:4178064 tid: 0x7f422aff0200] Host wait on completion_signal=0x7f4221bfda80
:3:rocvirtual.hpp           :56  : 4393717295834 us: [pid:4178064 tid: 0x7f422aff0200] Host active wait for Signal = (0x7f4221bfda80) for -1 ns
:4:rocmemory.cpp            :1018: 4393717297039 us: [pid:4178064 tid: 0x7f422aff0200] Locking to pool 0x37ca7ed0, size 0x2001000, HostPtr = 0x7f408767e000, DevPtr = 0x7f408767e000
:4:rocblit.cpp              :623 : 4393717309625 us: [pid:4178064 tid: 0x7f422aff0200] HSA Copy Using Pinned resource size 33554432
:4:rocblit.cpp              :687 : 4393717309634 us: [pid:4178064 tid: 0x7f422aff0200] HSA Async Copy staged D2H
:4:rocblit.cpp              :503 : 4393717309640 us: [pid:4178064 tid: 0x7f422aff0200] Last copy mask 0x2
:4:rocblit.cpp              :520 : 4393717309645 us: [pid:4178064 tid: 0x7f422aff0200] HSA Async Copy on copy_engine=0x2, dst=0x7f408767e010, src=0x7f3ff4a00000, size=33554432, forceSDMA=0, wait_event=0x0, completion_signal=0x7f4221bfd880
:4:rocvirtual.cpp           :622 : 4393717309655 us: [pid:4178064 tid: 0x7f422aff0200] Host wait on completion_signal=0x7f4221bfd880
:3:rocvirtual.hpp           :56  : 4393717309663 us: [pid:4178064 tid: 0x7f422aff0200] Host active wait for Signal = (0x7f4221bfd880) for -1 ns
:4:rocmemory.cpp            :1018: 4393717310874 us: [pid:4178064 tid: 0x7f422aff0200] Locking to pool 0x37ca7ed0, size 0x2001000, HostPtr = 0x7f408967e000, DevPtr = 0x7f408967e000
:4:rocblit.cpp              :623 : 4393717323053 us: [pid:4178064 tid: 0x7f422aff0200] HSA Copy Using Pinned resource size 33554432
:4:rocblit.cpp              :687 : 4393717323062 us: [pid:4178064 tid: 0x7f422aff0200] HSA Async Copy staged D2H
:4:rocblit.cpp              :503 : 4393717323070 us: [pid:4178064 tid: 0x7f422aff0200] Last copy mask 0x2
:4:rocblit.cpp              :520 : 4393717323076 us: [pid:4178064 tid: 0x7f422aff0200] HSA Async Copy on copy_engine=0x2, dst=0x7f408967e010, src=0x7f3ff6a00000, size=33554432, forceSDMA=0, wait_event=0x0, completion_signal=0x7f4221bff780
:4:rocvirtual.cpp           :622 : 4393717323086 us: [pid:4178064 tid: 0x7f422aff0200] Host wait on completion_signal=0x7f4221bff780
:3:rocvirtual.hpp           :56  : 4393717323094 us: [pid:4178064 tid: 0x7f422aff0200] Host active wait for Signal = (0x7f4221bff780) for -1 ns
:4:rocmemory.cpp            :1018: 4393717324301 us: [pid:4178064 tid: 0x7f422aff0200] Locking to pool 0x37ca7ed0, size 0x2001000, HostPtr = 0x7f408b67e000, DevPtr = 0x7f408b67e000
:4:rocblit.cpp              :623 : 4393717339249 us: [pid:4178064 tid: 0x7f422aff0200] HSA Copy Using Pinned resource size 33554432
:4:rocblit.cpp              :687 : 4393717339259 us: [pid:4178064 tid: 0x7f422aff0200] HSA Async Copy staged D2H
:4:rocblit.cpp              :503 : 4393717339268 us: [pid:4178064 tid: 0x7f422aff0200] Last copy mask 0x2
:4:rocblit.cpp              :520 : 4393717339275 us: [pid:4178064 tid: 0x7f422aff0200] HSA Async Copy on copy_engine=0x2, dst=0x7f408b67e010, src=0x7f3ff8a00000, size=33554432, forceSDMA=0, wait_event=0x0, completion_signal=0x7f4221bfec00
:4:rocvirtual.cpp           :622 : 4393717339288 us: [pid:4178064 tid: 0x7f422aff0200] Host wait on completion_signal=0x7f4221bfec00
:3:rocvirtual.hpp           :56  : 4393717339298 us: [pid:4178064 tid: 0x7f422aff0200] Host active wait for Signal = (0x7f4221bfec00) for -1 ns
:4:rocmemory.cpp            :1018: 4393717340501 us: [pid:4178064 tid: 0x7f422aff0200] Locking to pool 0x37ca7ed0, size 0x2001000, HostPtr = 0x7f408d67e000, DevPtr = 0x7f408d67e000
:4:rocblit.cpp              :623 : 4393717356447 us: [pid:4178064 tid: 0x7f422aff0200] HSA Copy Using Pinned resource size 33554432
:4:rocblit.cpp              :687 : 4393717356459 us: [pid:4178064 tid: 0x7f422aff0200] HSA Async Copy staged D2H
:4:rocblit.cpp              :503 : 4393717356472 us: [pid:4178064 tid: 0x7f422aff0200] Last copy mask 0x2
:4:rocblit.cpp              :520 : 4393717356478 us: [pid:4178064 tid: 0x7f422aff0200] HSA Async Copy on copy_engine=0x2, dst=0x7f408d67e010, src=0x7f3ffaa00000, size=33554432, forceSDMA=0, wait_event=0x0, completion_signal=0x7f4221bfee80
:4:rocvirtual.cpp           :622 : 4393717356493 us: [pid:4178064 tid: 0x7f422aff0200] Host wait on completion_signal=0x7f4221bfee80
:3:rocvirtual.hpp           :56  : 4393717356504 us: [pid:4178064 tid: 0x7f422aff0200] Host active wait for Signal = (0x7f4221bfee80) for -1 ns
:4:rocmemory.cpp            :1018: 4393717357707 us: [pid:4178064 tid: 0x7f422aff0200] Locking to pool 0x37ca7ed0, size 0x2001000, HostPtr = 0x7f408f67e000, DevPtr = 0x7f408f67e000
:4:rocblit.cpp              :623 : 4393717371072 us: [pid:4178064 tid: 0x7f422aff0200] HSA Copy Using Pinned resource size 33554432
:4:rocblit.cpp              :687 : 4393717371082 us: [pid:4178064 tid: 0x7f422aff0200] HSA Async Copy staged D2H
:4:rocblit.cpp              :503 : 4393717371090 us: [pid:4178064 tid: 0x7f422aff0200] Last copy mask 0x2
:4:rocblit.cpp              :520 : 4393717371095 us: [pid:4178064 tid: 0x7f422aff0200] HSA Async Copy on copy_engine=0x2, dst=0x7f408f67e010, src=0x7f3ffca00000, size=33554432, forceSDMA=0, wait_event=0x0, completion_signal=0x7f4221bfee00
:4:rocvirtual.cpp           :622 : 4393717371109 us: [pid:4178064 tid: 0x7f422aff0200] Host wait on completion_signal=0x7f4221bfee00
:3:rocvirtual.hpp           :56  : 4393717371117 us: [pid:4178064 tid: 0x7f422aff0200] Host active wait for Signal = (0x7f4221bfee00) for -1 ns
:4:rocmemory.cpp            :1018: 4393717372331 us: [pid:4178064 tid: 0x7f422aff0200] Locking to pool 0x37ca7ed0, size 0x2001000, HostPtr = 0x7f409167e000, DevPtr = 0x7f409167e000
:4:rocblit.cpp              :623 : 4393717385602 us: [pid:4178064 tid: 0x7f422aff0200] HSA Copy Using Pinned resource size 33554432
:4:rocblit.cpp              :687 : 4393717385612 us: [pid:4178064 tid: 0x7f422aff0200] HSA Async Copy staged D2H
:4:rocblit.cpp              :503 : 4393717385620 us: [pid:4178064 tid: 0x7f422aff0200] Last copy mask 0x2
:4:rocblit.cpp              :520 : 4393717385626 us: [pid:4178064 tid: 0x7f422aff0200] HSA Async Copy on copy_engine=0x2, dst=0x7f409167e010, src=0x7f3ffea00000, size=33554432, forceSDMA=0, wait_event=0x0, completion_signal=0x7f4221bff480
:4:rocvirtual.cpp           :622 : 4393717385640 us: [pid:4178064 tid: 0x7f422aff0200] Host wait on completion_signal=0x7f4221bff480
:3:rocvirtual.hpp           :56  : 4393717385648 us: [pid:4178064 tid: 0x7f422aff0200] Host active wait for Signal = (0x7f4221bff480) for -1 ns
:4:rocmemory.cpp            :1018: 4393717386869 us: [pid:4178064 tid: 0x7f422aff0200] Locking to pool 0x37ca7ed0, size 0x2001000, HostPtr = 0x7f409367e000, DevPtr = 0x7f409367e000
:4:rocblit.cpp              :623 : 4393717401206 us: [pid:4178064 tid: 0x7f422aff0200] HSA Copy Using Pinned resource size 33554432
:4:rocblit.cpp              :687 : 4393717401215 us: [pid:4178064 tid: 0x7f422aff0200] HSA Async Copy staged D2H
:4:rocblit.cpp              :503 : 4393717401221 us: [pid:4178064 tid: 0x7f422aff0200] Last copy mask 0x2
:4:rocblit.cpp              :520 : 4393717401227 us: [pid:4178064 tid: 0x7f422aff0200] HSA Async Copy on copy_engine=0x2, dst=0x7f409367e010, src=0x7f4000a00000, size=33554432, forceSDMA=0, wait_event=0x0, completion_signal=0x7f4221bfd900
:4:rocvirtual.cpp           :622 : 4393717401238 us: [pid:4178064 tid: 0x7f422aff0200] Host wait on completion_signal=0x7f4221bfd900
:4:rocmemory.cpp            :1018: 4393717416225 us: [pid:4178064 tid: 0x7f422aff0200] Locking to pool 0x37ca7ed0, size 0x2001000, HostPtr = 0x7f409567e000, DevPtr = 0x7f409567e000
:4:rocblit.cpp              :623 : 4393717416235 us: [pid:4178064 tid: 0x7f422aff0200] HSA Copy Using Pinned resource size 33554432
:4:rocblit.cpp              :687 : 4393717416244 us: [pid:4178064 tid: 0x7f422aff0200] HSA Async Copy staged D2H
:4:rocblit.cpp              :503 : 4393717416263 us: [pid:4178064 tid: 0x7f422aff0200] Last copy mask 0x2
:4:rocblit.cpp              :520 : 4393717416268 us: [pid:4178064 tid: 0x7f422aff0200] HSA Async Copy on copy_engine=0x2, dst=0x7f409567e010, src=0x7f4002a00000, size=33554432, forceSDMA=0, wait_event=0x0, completion_signal=0x7f4221bfe280
:4:rocvirtual.cpp           :622 : 4393717416279 us: [pid:4178064 tid: 0x7f422aff0200] Host wait on completion_signal=0x7f4221bfe280
:3:rocvirtual.hpp           :56  : 4393717416287 us: [pid:4178064 tid: 0x7f422aff0200] Host active wait for Signal = (0x7f4221bfe280) for -1 ns
:4:rocmemory.cpp            :1018: 4393717417508 us: [pid:4178064 tid: 0x7f422aff0200] Locking to pool 0x37ca7ed0, size 0x2001000, HostPtr = 0x7f409767e000, DevPtr = 0x7f409767e000
:4:rocblit.cpp              :623 : 4393717433845 us: [pid:4178064 tid: 0x7f422aff0200] HSA Copy Using Pinned resource size 33554432
:4:rocblit.cpp              :687 : 4393717433863 us: [pid:4178064 tid: 0x7f422aff0200] HSA Async Copy staged D2H
:4:rocblit.cpp              :503 : 4393717433875 us: [pid:4178064 tid: 0x7f422aff0200] Last copy mask 0x2
:4:rocblit.cpp              :520 : 4393717445932 us: [pid:4178064 tid: 0x7f422aff0200] HSA Async Copy on copy_engine=0x2, dst=0x7f409767e010, src=0x7f4004a00000, size=33554432, forceSDMA=0, wait_event=0x0, completion_signal=0x7f4221bfe300
:4:rocvirtual.cpp           :622 : 4393717445959 us: [pid:4178064 tid: 0x7f422aff0200] Host wait on completion_signal=0x7f4221bfe300
:3:rocvirtual.hpp           :56  : 4393717445971 us: [pid:4178064 tid: 0x7f422aff0200] Host active wait for Signal = (0x7f4221bfe300) for -1 ns
:4:rocmemory.cpp            :1018: 4393717447196 us: [pid:4178064 tid: 0x7f422aff0200] Locking to pool 0x37ca7ed0, size 0x14c1000, HostPtr = 0x7f409967e000, DevPtr = 0x7f409967e000
:4:rocblit.cpp              :623 : 4393717460028 us: [pid:4178064 tid: 0x7f422aff0200] HSA Copy Using Pinned resource size 21757952
:4:rocblit.cpp              :687 : 4393717460040 us: [pid:4178064 tid: 0x7f422aff0200] HSA Async Copy staged D2H
:4:rocblit.cpp              :503 : 4393717460049 us: [pid:4178064 tid: 0x7f422aff0200] Last copy mask 0x2
:4:rocblit.cpp              :520 : 4393717460056 us: [pid:4178064 tid: 0x7f422aff0200] HSA Async Copy on copy_engine=0x2, dst=0x7f409967e010, src=0x7f4006a00000, size=21757952, forceSDMA=0, wait_event=0x0, completion_signal=0x7f4221bfe400
:4:rocvirtual.cpp           :622 : 4393717460072 us: [pid:4178064 tid: 0x7f422aff0200] Host wait on completion_signal=0x7f4221bfe400
:3:rocvirtual.hpp           :56  : 4393717460082 us: [pid:4178064 tid: 0x7f422aff0200] Host active wait for Signal = (0x7f4221bfe400) for -1 ns
:4:commandqueue.cpp         :161 : 4393717460860 us: [pid:4178064 tid: 0x7f422aff0200] Marker queued to ensure finish
:4:command.cpp              :359 : 4393717475043 us: [pid:4178064 tid: 0x7f422aff0200] Command (InternalMarker) enqueued: 0x384c9af0
:3:rocvirtual.cpp           :533 : 4393717491934 us: [pid:4178064 tid: 0x7f422aff0200] Set Handler: handle(0x7f4221bfc280), timestamp(0x37dfa400)
:4:rocvirtual.cpp           :1147: 4393717491952 us: [pid:4178064 tid: 0x7f422aff0200] SWq=0x7f4221d5c000, HWq=0x7f420cc00000, id=1, BarrierAND Header = 0x1503 (type=3, barrier=1, acquire=2, release=2), dep_signal=[0x0, 0x0, 0x0, 0x0, 0x0], completion_signal=0x7f4221bfc280
:4:commandqueue.cpp         :184 : 4393717491967 us: [pid:4178064 tid: 0x7f422aff0200] All commands finished
:3:rocvirtual.cpp           :226 : 4393717491970 us: [pid:4178064 tid: 0x7f40f11ff6c0] Handler: value(0), timestamp(0x38510aa0), handle(0x7f4221bfc280)
:4:command.cpp              :169 : 4393717491994 us: [pid:4178064 tid: 0x7f40f11ff6c0] Command 0x384c98b0 complete
:4:command.cpp              :163 : 4393717492038 us: [pid:4178064 tid: 0x7f40f11ff6c0] Command 0x384c9af0 complete (Wall: 4393717492035, CPU: 0, GPU: 126 us)
:3:hip_memory.cpp           :796 : 4393717491974 us: [pid:4178064 tid: 0x7f422aff0200] hipMemcpy: Returned hipSuccess : : duration: 276238 us
:3:hip_memory.cpp           :3476: 4393717508460 us: [pid:4178064 tid: 0x7f422aff0200] [32m hipMemset ( 0x7f3feaa00000, 0, 491520000 ) [0m
:4:command.cpp              :359 : 4393717508478 us: [pid:4178064 tid: 0x7f422aff0200] Command (FillBuffer) enqueued: 0x38368cd0
:3:rocvirtual.cpp           :762 : 4393717519916 us: [pid:4178064 tid: 0x7f422aff0200] Arg0: void* buf = ptr:0x7f3feaa00000
:3:rocvirtual.cpp           :778 : 4393717519923 us: [pid:4178064 tid: 0x7f422aff0200] Arg0: void* buf = ptr:0x7f3feaa00000 obj:[0x7f3feaa00000-0x7f4007ec0000]
:3:rocvirtual.cpp           :762 : 4393717519934 us: [pid:4178064 tid: 0x7f422aff0200] Arg1: uchar* pattern = ptr:0x7f420ca00000
:3:rocvirtual.cpp           :853 : 4393717519945 us: [pid:4178064 tid: 0x7f422aff0200] Arg2: uint pattern_size = val:1
:3:rocvirtual.cpp           :853 : 4393717519953 us: [pid:4178064 tid: 0x7f422aff0200] Arg3: uint alignment = val:16
:3:rocvirtual.cpp           :853 : 4393717519959 us: [pid:4178064 tid: 0x7f422aff0200] Arg4: ulong end_ptr = val:139912987541504
:3:rocvirtual.cpp           :853 : 4393717519968 us: [pid:4178064 tid: 0x7f422aff0200] Arg5: uint next_chunk = val:26624
:3:rocvirtual.cpp           :3236: 4393717519976 us: [pid:4178064 tid: 0x7f422aff0200] ShaderName : __amd_rocclr_fillBufferAligned
:3:rocvirtual.cpp           :3449: 4393717519988 us: [pid:4178064 tid: 0x7f422aff0200] KernargSegmentByteSize = 296 KernargSegmentAlignment = 128
:4:rocvirtual.cpp           :965 : 4393717520014 us: [pid:4178064 tid: 0x7f422aff0200] SWq=0x7f4221d5c000, HWq=0x7f420cc00000, id=1, Dispatch Header = 0x1502 (type=2, barrier=1, acquire=2, release=2), setup=1, grid=[26624, 1, 1], workgroup=[256, 1, 1], private_seg_size=0, group_seg_size=0, kernel_obj=0x7f4221d4dd40, kernarg_address=0x7f420ca00100, completion_signal=0x0, correlation_id=0, rptr=184, wptr=184
:3:hip_memory.cpp           :3477: 4393717520035 us: [pid:4178064 tid: 0x7f422aff0200] hipMemset: Returned hipSuccess : 
:3:hip_device_runtime.cpp   :641 : 4393717520042 us: [pid:4178064 tid: 0x7f422aff0200] [32m hipDeviceSynchronize (  ) [0m
:4:commandqueue.cpp         :161 : 4393717520049 us: [pid:4178064 tid: 0x7f422aff0200] Marker queued to ensure finish
:4:command.cpp              :359 : 4393717535658 us: [pid:4178064 tid: 0x7f422aff0200] Command (InternalMarker) enqueued: 0x384c9af0
:3:rocvirtual.cpp           :533 : 4393717535696 us: [pid:4178064 tid: 0x7f422aff0200] Set Handler: handle(0x7f4221bfc000), timestamp(0x37da3c20)
:4:rocvirtual.cpp           :1147: 4393717535706 us: [pid:4178064 tid: 0x7f422aff0200] SWq=0x7f4221d5c000, HWq=0x7f420cc00000, id=1, BarrierAND Header = 0x1503 (type=3, barrier=1, acquire=2, release=2), dep_signal=[0x0, 0x0, 0x0, 0x0, 0x0], completion_signal=0x7f4221bfc000
:4:commandqueue.cpp         :184 : 4393717535719 us: [pid:4178064 tid: 0x7f422aff0200] All commands finished
:3:rocvirtual.cpp           :226 : 4393717535725 us: [pid:4178064 tid: 0x7f40f11ff6c0] Handler: value(0), timestamp(0x38089120), handle(0x7f4221bfc000)
:3:hip_device_runtime.cpp   :645 : 4393717553062 us: [pid:4178064 tid: 0x7f422aff0200] hipDeviceSynchronize: Returned hipSuccess : 
:4:command.cpp              :169 : 4393717553069 us: [pid:4178064 tid: 0x7f40f11ff6c0] Command 0x38368cd0 complete
:3:hip_platform.cpp         :237 : 4393717553088 us: [pid:4178064 tid: 0x7f422aff0200] [32m __hipPushCallConfiguration ( {8,1,1}, {1024,1,1}, 0, stream:<null> ) [0m
:3:hip_platform.cpp         :241 : 4393717553102 us: [pid:4178064 tid: 0x7f422aff0200] __hipPushCallConfiguration: Returned hipSuccess : 
:4:command.cpp              :163 : 4393717553093 us: [pid:4178064 tid: 0x7f40f11ff6c0] Command 0x384c9af0 complete (Wall: 4393717553091, CPU: 0, GPU: 17410 us)
:3:hip_platform.cpp         :246 : 4393717553117 us: [pid:4178064 tid: 0x7f422aff0200] [32m __hipPopCallConfiguration ( {896886866,32578,1024}, {2118224,0,3252094336}, 0x7ffec1d702d0, 0x7ffec1d702c8 ) [0m
:3:hip_platform.cpp         :255 : 4393717553138 us: [pid:4178064 tid: 0x7f422aff0200] __hipPopCallConfiguration: Returned hipSuccess : 
:3:hip_module.cpp           :744 : 4393717553152 us: [pid:4178064 tid: 0x7f422aff0200] [32m hipLaunchKernel ( 0x200fe0, {8,1,1}, {1024,1,1}, 0x7ffec1d70280, 0, stream:<null> ) [0m
:4:command.cpp              :359 : 4393717553178 us: [pid:4178064 tid: 0x7f422aff0200] Command (KernelExecution) enqueued: 0x384c98b0
:3:rocvirtual.cpp           :762 : 4393717553190 us: [pid:4178064 tid: 0x7f422aff0200] Arg0:   = ptr:0x7f4008200000
:3:rocvirtual.cpp           :778 : 4393717568307 us: [pid:4178064 tid: 0x7f422aff0200] Arg0:   = ptr:0x7f4008200000 obj:[0x7f4008200000-0x7f40256c0000]
:3:rocvirtual.cpp           :762 : 4393717568324 us: [pid:4178064 tid: 0x7f422aff0200] Arg1:   = ptr:0x7f4207c27000
:3:rocvirtual.cpp           :778 : 4393717568331 us: [pid:4178064 tid: 0x7f422aff0200] Arg1:   = ptr:0x7f4207c27000 obj:[0x7f4207c27000-0x7f4207c87000]
:3:rocvirtual.cpp           :762 : 4393717568342 us: [pid:4178064 tid: 0x7f422aff0200] Arg2:   = ptr:0x7f3feaa00000
:3:rocvirtual.cpp           :778 : 4393717568349 us: [pid:4178064 tid: 0x7f422aff0200] Arg2:   = ptr:0x7f3feaa00000 obj:[0x7f3feaa00000-0x7f4007ec0000]
:3:rocvirtual.cpp           :853 : 4393717583523 us: [pid:4178064 tid: 0x7f422aff0200] Arg3:   = val:12288
:3:rocvirtual.cpp           :762 : 4393717583534 us: [pid:4178064 tid: 0x7f422aff0200] Arg4:   = ptr:0x7f4207c00000
:3:rocvirtual.cpp           :778 : 4393717583541 us: [pid:4178064 tid: 0x7f422aff0200] Arg4:   = ptr:0x7f4207c00000 obj:[0x7f4207c00000-0x7f4207c00024]
:3:rocvirtual.cpp           :3236: 4393717583553 us: [pid:4178064 tid: 0x7f422aff0200] ShaderName : void dense_esuhm2<float>(float const*, float const*, float*, int, int const*)
:3:rocvirtual.cpp           :3449: 4393717583568 us: [pid:4178064 tid: 0x7f422aff0200] KernargSegmentByteSize = 296 KernargSegmentAlignment = 128
:4:rocvirtual.cpp           :965 : 4393717583585 us: [pid:4178064 tid: 0x7f422aff0200] SWq=0x7f4221d5c000, HWq=0x7f420cc00000, id=1, Dispatch Header = 0xb02 (type=2, barrier=1, acquire=1, release=1), setup=3, grid=[8192, 1, 1], workgroup=[1024, 1, 1], private_seg_size=140, group_seg_size=0, kernel_obj=0x7f4221d219c0, kernarg_address=0x7f420ca00280, completion_signal=0x0, correlation_id=0, rptr=186, wptr=186
:3:hip_module.cpp           :745 : 4393717583603 us: [pid:4178064 tid: 0x7f422aff0200] hipLaunchKernel: Returned hipSuccess : : duration: 30451 us
:3:hip_device_runtime.cpp   :641 : 4393717583613 us: [pid:4178064 tid: 0x7f422aff0200] [32m hipDeviceSynchronize (  ) [0m
:4:commandqueue.cpp         :161 : 4393717583620 us: [pid:4178064 tid: 0x7f422aff0200] Marker queued to ensure finish
:4:command.cpp              :359 : 4393717583625 us: [pid:4178064 tid: 0x7f422aff0200] Command (InternalMarker) enqueued: 0x384c9af0
:3:rocvirtual.cpp           :533 : 4393717583658 us: [pid:4178064 tid: 0x7f422aff0200] Set Handler: handle(0x7f4221bfc080), timestamp(0x37dfa770)
:4:rocvirtual.cpp           :1147: 4393717597558 us: [pid:4178064 tid: 0x7f422aff0200] SWq=0x7f4221d5c000, HWq=0x7f420cc00000, id=1, BarrierAND Header = 0x1503 (type=3, barrier=1, acquire=2, release=2), dep_signal=[0x0, 0x0, 0x0, 0x0, 0x0], completion_signal=0x7f4221bfc080
:3:rocvirtual.cpp           :226 : 4393717597570 us: [pid:4178064 tid: 0x7f40f11ff6c0] Handler: value(0), timestamp(0x383dd020), handle(0x7f4221bfc080)
:4:command.cpp              :169 : 4393717597605 us: [pid:4178064 tid: 0x7f40f11ff6c0] Command 0x384c98b0 complete
:4:commandqueue.cpp         :184 : 4393717597583 us: [pid:4178064 tid: 0x7f422aff0200] All commands finished
:4:command.cpp              :163 : 4393717597616 us: [pid:4178064 tid: 0x7f40f11ff6c0] Command 0x384c9af0 complete (Wall: 4393717597614, CPU: 0, GPU: 13968 us)
:3:hip_device_runtime.cpp   :645 : 4393717597642 us: [pid:4178064 tid: 0x7f422aff0200] hipDeviceSynchronize: Returned hipSuccess : 
:3:hip_memory.cpp           :795 : 4393717597663 us: [pid:4178064 tid: 0x7f422aff0200] [32m hipMemcpy ( 0x7f40601bd010, 0x7f3feaa00000, 491520000, hipMemcpyDeviceToHost ) [0m
:4:command.cpp              :359 : 4393717597682 us: [pid:4178064 tid: 0x7f422aff0200] Command (CopyDeviceToHost) enqueued: 0x384c98b0
:4:rocblit.cpp              :1673: 4393717597707 us: [pid:4178064 tid: 0x7f422aff0200] Unpinned read path, Async = 0
:4:rocmemory.cpp            :1018: 4393717614411 us: [pid:4178064 tid: 0x7f422aff0200] Locking to pool 0x37ca7ed0, size 0x2001000, HostPtr = 0x7f40601bd000, DevPtr = 0x7f40601bd000
:4:rocblit.cpp              :623 : 4393717630738 us: [pid:4178064 tid: 0x7f422aff0200] HSA Copy Using Pinned resource size 33554432
:4:rocblit.cpp              :687 : 4393717630750 us: [pid:4178064 tid: 0x7f422aff0200] HSA Async Copy staged D2H
:4:rocblit.cpp              :503 : 4393717630758 us: [pid:4178064 tid: 0x7f422aff0200] Last copy mask 0x0
:4:rocblit.cpp              :509 : 4393717630767 us: [pid:4178064 tid: 0x7f422aff0200] Query copy engine status 0, free_engine mask 0x1e
:4:rocblit.cpp              :520 : 4393717630776 us: [pid:4178064 tid: 0x7f422aff0200] HSA Async Copy on copy_engine=0x2, dst=0x7f40601bd010, src=0x7f3feaa00000, size=33554432, forceSDMA=0, wait_event=0x0, completion_signal=0x7f4221bfef00
:4:rocvirtual.cpp           :622 : 4393717630788 us: [pid:4178064 tid: 0x7f422aff0200] Host wait on completion_signal=0x7f4221bfef00
:3:rocvirtual.hpp           :56  : 4393717630797 us: [pid:4178064 tid: 0x7f422aff0200] Host active wait for Signal = (0x7f4221bfef00) for -1 ns
:4:rocmemory.cpp            :1018: 4393717632014 us: [pid:4178064 tid: 0x7f422aff0200] Locking to pool 0x37ca7ed0, size 0x2001000, HostPtr = 0x7f40621bd000, DevPtr = 0x7f40621bd000
:4:rocblit.cpp              :623 : 4393717643318 us: [pid:4178064 tid: 0x7f422aff0200] HSA Copy Using Pinned resource size 33554432
:4:rocblit.cpp              :687 : 4393717643331 us: [pid:4178064 tid: 0x7f422aff0200] HSA Async Copy staged D2H
:4:rocblit.cpp              :503 : 4393717643339 us: [pid:4178064 tid: 0x7f422aff0200] Last copy mask 0x2
:4:rocblit.cpp              :520 : 4393717643344 us: [pid:4178064 tid: 0x7f422aff0200] HSA Async Copy on copy_engine=0x2, dst=0x7f40621bd010, src=0x7f3feca00000, size=33554432, forceSDMA=0, wait_event=0x0, completion_signal=0x7f4221bff800
:4:rocvirtual.cpp           :622 : 4393717643359 us: [pid:4178064 tid: 0x7f422aff0200] Host wait on completion_signal=0x7f4221bff800
:3:rocvirtual.hpp           :56  : 4393717643370 us: [pid:4178064 tid: 0x7f422aff0200] Host active wait for Signal = (0x7f4221bff800) for -1 ns
:4:rocmemory.cpp            :1018: 4393717644607 us: [pid:4178064 tid: 0x7f422aff0200] Locking to pool 0x37ca7ed0, size 0x2001000, HostPtr = 0x7f40641bd000, DevPtr = 0x7f40641bd000
:4:rocblit.cpp              :623 : 4393717658486 us: [pid:4178064 tid: 0x7f422aff0200] HSA Copy Using Pinned resource size 33554432
:4:rocblit.cpp              :687 : 4393717658495 us: [pid:4178064 tid: 0x7f422aff0200] HSA Async Copy staged D2H
:4:rocblit.cpp              :503 : 4393717658502 us: [pid:4178064 tid: 0x7f422aff0200] Last copy mask 0x2
:4:rocblit.cpp              :520 : 4393717658508 us: [pid:4178064 tid: 0x7f422aff0200] HSA Async Copy on copy_engine=0x2, dst=0x7f40641bd010, src=0x7f3feea00000, size=33554432, forceSDMA=0, wait_event=0x0, completion_signal=0x7f4221bfe600
:4:rocvirtual.cpp           :622 : 4393717658519 us: [pid:4178064 tid: 0x7f422aff0200] Host wait on completion_signal=0x7f4221bfe600
:3:rocvirtual.hpp           :56  : 4393717658527 us: [pid:4178064 tid: 0x7f422aff0200] Host active wait for Signal = (0x7f4221bfe600) for -1 ns
:4:rocmemory.cpp            :1018: 4393717659763 us: [pid:4178064 tid: 0x7f422aff0200] Locking to pool 0x37ca7ed0, size 0x2001000, HostPtr = 0x7f40661bd000, DevPtr = 0x7f40661bd000
:4:rocblit.cpp              :623 : 4393717678180 us: [pid:4178064 tid: 0x7f422aff0200] HSA Copy Using Pinned resource size 33554432
:4:rocblit.cpp              :687 : 4393717678190 us: [pid:4178064 tid: 0x7f422aff0200] HSA Async Copy staged D2H
:4:rocblit.cpp              :503 : 4393717678196 us: [pid:4178064 tid: 0x7f422aff0200] Last copy mask 0x2
:4:rocblit.cpp              :520 : 4393717678201 us: [pid:4178064 tid: 0x7f422aff0200] HSA Async Copy on copy_engine=0x2, dst=0x7f40661bd010, src=0x7f3ff0a00000, size=33554432, forceSDMA=0, wait_event=0x0, completion_signal=0x7f4221bfef80
:4:rocvirtual.cpp           :622 : 4393717678237 us: [pid:4178064 tid: 0x7f422aff0200] Host wait on completion_signal=0x7f4221bfef80
:3:rocvirtual.hpp           :56  : 4393717678247 us: [pid:4178064 tid: 0x7f422aff0200] Host active wait for Signal = (0x7f4221bfef80) for -1 ns
:4:rocmemory.cpp            :1018: 4393717679447 us: [pid:4178064 tid: 0x7f422aff0200] Locking to pool 0x37ca7ed0, size 0x2001000, HostPtr = 0x7f40681bd000, DevPtr = 0x7f40681bd000
:4:rocblit.cpp              :623 : 4393717690837 us: [pid:4178064 tid: 0x7f422aff0200] HSA Copy Using Pinned resource size 33554432
:4:rocblit.cpp              :687 : 4393717690846 us: [pid:4178064 tid: 0x7f422aff0200] HSA Async Copy staged D2H
:4:rocblit.cpp              :503 : 4393717690852 us: [pid:4178064 tid: 0x7f422aff0200] Last copy mask 0x2
:4:rocblit.cpp              :520 : 4393717690857 us: [pid:4178064 tid: 0x7f422aff0200] HSA Async Copy on copy_engine=0x2, dst=0x7f40681bd010, src=0x7f3ff2a00000, size=33554432, forceSDMA=0, wait_event=0x0, completion_signal=0x7f4221bfda00
:4:rocvirtual.cpp           :622 : 4393717690868 us: [pid:4178064 tid: 0x7f422aff0200] Host wait on completion_signal=0x7f4221bfda00
:3:rocvirtual.hpp           :56  : 4393717690875 us: [pid:4178064 tid: 0x7f422aff0200] Host active wait for Signal = (0x7f4221bfda00) for -1 ns
:4:rocmemory.cpp            :1018: 4393717692080 us: [pid:4178064 tid: 0x7f422aff0200] Locking to pool 0x37ca7ed0, size 0x2001000, HostPtr = 0x7f406a1bd000, DevPtr = 0x7f406a1bd000
:4:rocblit.cpp              :623 : 4393717705184 us: [pid:4178064 tid: 0x7f422aff0200] HSA Copy Using Pinned resource size 33554432
:4:rocblit.cpp              :687 : 4393717705197 us: [pid:4178064 tid: 0x7f422aff0200] HSA Async Copy staged D2H
:4:rocblit.cpp              :503 : 4393717705204 us: [pid:4178064 tid: 0x7f422aff0200] Last copy mask 0x2
:4:rocblit.cpp              :520 : 4393717705209 us: [pid:4178064 tid: 0x7f422aff0200] HSA Async Copy on copy_engine=0x2, dst=0x7f406a1bd010, src=0x7f3ff4a00000, size=33554432, forceSDMA=0, wait_event=0x0, completion_signal=0x7f4221bfdb00
:4:rocvirtual.cpp           :622 : 4393717705221 us: [pid:4178064 tid: 0x7f422aff0200] Host wait on completion_signal=0x7f4221bfdb00
:3:rocvirtual.hpp           :56  : 4393717705231 us: [pid:4178064 tid: 0x7f422aff0200] Host active wait for Signal = (0x7f4221bfdb00) for -1 ns
:4:rocmemory.cpp            :1018: 4393717706443 us: [pid:4178064 tid: 0x7f422aff0200] Locking to pool 0x37ca7ed0, size 0x2001000, HostPtr = 0x7f406c1bd000, DevPtr = 0x7f406c1bd000
:4:rocblit.cpp              :623 : 4393717714278 us: [pid:4178064 tid: 0x7f422aff0200] HSA Copy Using Pinned resource size 33554432
:4:rocblit.cpp              :687 : 4393717714288 us: [pid:4178064 tid: 0x7f422aff0200] HSA Async Copy staged D2H
:4:rocblit.cpp              :503 : 4393717714305 us: [pid:4178064 tid: 0x7f422aff0200] Last copy mask 0x2
:4:rocblit.cpp              :520 : 4393717714315 us: [pid:4178064 tid: 0x7f422aff0200] HSA Async Copy on copy_engine=0x2, dst=0x7f406c1bd010, src=0x7f3ff6a00000, size=33554432, forceSDMA=0, wait_event=0x0, completion_signal=0x7f4221bfe500
:4:rocvirtual.cpp           :622 : 4393717714326 us: [pid:4178064 tid: 0x7f422aff0200] Host wait on completion_signal=0x7f4221bfe500
:3:rocvirtual.hpp           :56  : 4393717714334 us: [pid:4178064 tid: 0x7f422aff0200] Host active wait for Signal = (0x7f4221bfe500) for -1 ns
:4:rocmemory.cpp            :1018: 4393717715536 us: [pid:4178064 tid: 0x7f422aff0200] Locking to pool 0x37ca7ed0, size 0x2001000, HostPtr = 0x7f406e1bd000, DevPtr = 0x7f406e1bd000
:4:rocblit.cpp              :623 : 4393717715549 us: [pid:4178064 tid: 0x7f422aff0200] HSA Copy Using Pinned resource size 33554432
:4:rocblit.cpp              :687 : 4393717715556 us: [pid:4178064 tid: 0x7f422aff0200] HSA Async Copy staged D2H
:4:rocblit.cpp              :503 : 4393717715562 us: [pid:4178064 tid: 0x7f422aff0200] Last copy mask 0x2
:4:rocblit.cpp              :520 : 4393717715567 us: [pid:4178064 tid: 0x7f422aff0200] HSA Async Copy on copy_engine=0x2, dst=0x7f406e1bd010, src=0x7f3ff8a00000, size=33554432, forceSDMA=0, wait_event=0x0, completion_signal=0x7f4221bff680
:4:rocvirtual.cpp           :622 : 4393717715581 us: [pid:4178064 tid: 0x7f422aff0200] Host wait on completion_signal=0x7f4221bff680
:3:rocvirtual.hpp           :56  : 4393717715589 us: [pid:4178064 tid: 0x7f422aff0200] Host active wait for Signal = (0x7f4221bff680) for -1 ns
:4:rocmemory.cpp            :1018: 4393717716791 us: [pid:4178064 tid: 0x7f422aff0200] Locking to pool 0x37ca7ed0, size 0x2001000, HostPtr = 0x7f40701bd000, DevPtr = 0x7f40701bd000
:4:rocblit.cpp              :623 : 4393717716802 us: [pid:4178064 tid: 0x7f422aff0200] HSA Copy Using Pinned resource size 33554432
:4:rocblit.cpp              :687 : 4393717716810 us: [pid:4178064 tid: 0x7f422aff0200] HSA Async Copy staged D2H
:4:rocblit.cpp              :503 : 4393717716815 us: [pid:4178064 tid: 0x7f422aff0200] Last copy mask 0x2
:4:rocblit.cpp              :520 : 4393717716820 us: [pid:4178064 tid: 0x7f422aff0200] HSA Async Copy on copy_engine=0x2, dst=0x7f40701bd010, src=0x7f3ffaa00000, size=33554432, forceSDMA=0, wait_event=0x0, completion_signal=0x7f4221bff180
:4:rocvirtual.cpp           :622 : 4393717716828 us: [pid:4178064 tid: 0x7f422aff0200] Host wait on completion_signal=0x7f4221bff180
:3:rocvirtual.hpp           :56  : 4393717716836 us: [pid:4178064 tid: 0x7f422aff0200] Host active wait for Signal = (0x7f4221bff180) for -1 ns
:4:rocmemory.cpp            :1018: 4393717718030 us: [pid:4178064 tid: 0x7f422aff0200] Locking to pool 0x37ca7ed0, size 0x2001000, HostPtr = 0x7f40721bd000, DevPtr = 0x7f40721bd000
:4:rocblit.cpp              :623 : 4393717718041 us: [pid:4178064 tid: 0x7f422aff0200] HSA Copy Using Pinned resource size 33554432
:4:rocblit.cpp              :687 : 4393717718048 us: [pid:4178064 tid: 0x7f422aff0200] HSA Async Copy staged D2H
:4:rocblit.cpp              :503 : 4393717718054 us: [pid:4178064 tid: 0x7f422aff0200] Last copy mask 0x2
:4:rocblit.cpp              :520 : 4393717718061 us: [pid:4178064 tid: 0x7f422aff0200] HSA Async Copy on copy_engine=0x2, dst=0x7f40721bd010, src=0x7f3ffca00000, size=33554432, forceSDMA=0, wait_event=0x0, completion_signal=0x7f4221bff380
:4:rocvirtual.cpp           :622 : 4393717718079 us: [pid:4178064 tid: 0x7f422aff0200] Host wait on completion_signal=0x7f4221bff380
:3:rocvirtual.hpp           :56  : 4393717718087 us: [pid:4178064 tid: 0x7f422aff0200] Host active wait for Signal = (0x7f4221bff380) for -1 ns
:4:rocmemory.cpp            :1018: 4393717719281 us: [pid:4178064 tid: 0x7f422aff0200] Locking to pool 0x37ca7ed0, size 0x2001000, HostPtr = 0x7f40741bd000, DevPtr = 0x7f40741bd000
:4:rocblit.cpp              :623 : 4393717719291 us: [pid:4178064 tid: 0x7f422aff0200] HSA Copy Using Pinned resource size 33554432
:4:rocblit.cpp              :687 : 4393717719299 us: [pid:4178064 tid: 0x7f422aff0200] HSA Async Copy staged D2H
:4:rocblit.cpp              :503 : 4393717719304 us: [pid:4178064 tid: 0x7f422aff0200] Last copy mask 0x2
:4:rocblit.cpp              :520 : 4393717719308 us: [pid:4178064 tid: 0x7f422aff0200] HSA Async Copy on copy_engine=0x2, dst=0x7f40741bd010, src=0x7f3ffea00000, size=33554432, forceSDMA=0, wait_event=0x0, completion_signal=0x7f4221bff000
:4:rocvirtual.cpp           :622 : 4393717719318 us: [pid:4178064 tid: 0x7f422aff0200] Host wait on completion_signal=0x7f4221bff000
:3:rocvirtual.hpp           :56  : 4393717719336 us: [pid:4178064 tid: 0x7f422aff0200] Host active wait for Signal = (0x7f4221bff000) for -1 ns
:4:rocmemory.cpp            :1018: 4393717720525 us: [pid:4178064 tid: 0x7f422aff0200] Locking to pool 0x37ca7ed0, size 0x2001000, HostPtr = 0x7f40761bd000, DevPtr = 0x7f40761bd000
:4:rocblit.cpp              :623 : 4393717720539 us: [pid:4178064 tid: 0x7f422aff0200] HSA Copy Using Pinned resource size 33554432
:4:rocblit.cpp              :687 : 4393717720552 us: [pid:4178064 tid: 0x7f422aff0200] HSA Async Copy staged D2H
:4:rocblit.cpp              :503 : 4393717720558 us: [pid:4178064 tid: 0x7f422aff0200] Last copy mask 0x2
:4:rocblit.cpp              :520 : 4393717720568 us: [pid:4178064 tid: 0x7f422aff0200] HSA Async Copy on copy_engine=0x2, dst=0x7f40761bd010, src=0x7f4000a00000, size=33554432, forceSDMA=0, wait_event=0x0, completion_signal=0x7f4221bff080
:4:rocvirtual.cpp           :622 : 4393717720585 us: [pid:4178064 tid: 0x7f422aff0200] Host wait on completion_signal=0x7f4221bff080
:3:rocvirtual.hpp           :56  : 4393717720592 us: [pid:4178064 tid: 0x7f422aff0200] Host active wait for Signal = (0x7f4221bff080) for -1 ns
:4:rocmemory.cpp            :1018: 4393717721790 us: [pid:4178064 tid: 0x7f422aff0200] Locking to pool 0x37ca7ed0, size 0x2001000, HostPtr = 0x7f40781bd000, DevPtr = 0x7f40781bd000
:4:rocblit.cpp              :623 : 4393717721813 us: [pid:4178064 tid: 0x7f422aff0200] HSA Copy Using Pinned resource size 33554432
:4:rocblit.cpp              :687 : 4393717721828 us: [pid:4178064 tid: 0x7f422aff0200] HSA Async Copy staged D2H
:4:rocblit.cpp              :503 : 4393717721833 us: [pid:4178064 tid: 0x7f422aff0200] Last copy mask 0x2
:4:rocblit.cpp              :520 : 4393717721837 us: [pid:4178064 tid: 0x7f422aff0200] HSA Async Copy on copy_engine=0x2, dst=0x7f40781bd010, src=0x7f4002a00000, size=33554432, forceSDMA=0, wait_event=0x0, completion_signal=0x7f4221bfdd00
:4:rocvirtual.cpp           :622 : 4393717721845 us: [pid:4178064 tid: 0x7f422aff0200] Host wait on completion_signal=0x7f4221bfdd00
:3:rocvirtual.hpp           :56  : 4393717721853 us: [pid:4178064 tid: 0x7f422aff0200] Host active wait for Signal = (0x7f4221bfdd00) for -1 ns
:4:rocmemory.cpp            :1018: 4393717723073 us: [pid:4178064 tid: 0x7f422aff0200] Locking to pool 0x37ca7ed0, size 0x2001000, HostPtr = 0x7f407a1bd000, DevPtr = 0x7f407a1bd000
:4:rocblit.cpp              :623 : 4393717723086 us: [pid:4178064 tid: 0x7f422aff0200] HSA Copy Using Pinned resource size 33554432
:4:rocblit.cpp              :687 : 4393717723094 us: [pid:4178064 tid: 0x7f422aff0200] HSA Async Copy staged D2H
:4:rocblit.cpp              :503 : 4393717723099 us: [pid:4178064 tid: 0x7f422aff0200] Last copy mask 0x2
:4:rocblit.cpp              :520 : 4393717723105 us: [pid:4178064 tid: 0x7f422aff0200] HSA Async Copy on copy_engine=0x2, dst=0x7f407a1bd010, src=0x7f4004a00000, size=33554432, forceSDMA=0, wait_event=0x0, completion_signal=0x7f4221bfeb80
:4:rocvirtual.cpp           :622 : 4393717723116 us: [pid:4178064 tid: 0x7f422aff0200] Host wait on completion_signal=0x7f4221bfeb80
:3:rocvirtual.hpp           :56  : 4393717723488 us: [pid:4178064 tid: 0x7f422aff0200] Host active wait for Signal = (0x7f4221bfeb80) for -1 ns
:4:rocmemory.cpp            :1018: 4393717724321 us: [pid:4178064 tid: 0x7f422aff0200] Locking to pool 0x37ca7ed0, size 0x14c1000, HostPtr = 0x7f407c1bd000, DevPtr = 0x7f407c1bd000
:4:rocblit.cpp              :623 : 4393717724332 us: [pid:4178064 tid: 0x7f422aff0200] HSA Copy Using Pinned resource size 21757952
:4:rocblit.cpp              :687 : 4393717724339 us: [pid:4178064 tid: 0x7f422aff0200] HSA Async Copy staged D2H
:4:rocblit.cpp              :503 : 4393717724344 us: [pid:4178064 tid: 0x7f422aff0200] Last copy mask 0x2
:4:rocblit.cpp              :520 : 4393717724349 us: [pid:4178064 tid: 0x7f422aff0200] HSA Async Copy on copy_engine=0x2, dst=0x7f407c1bd010, src=0x7f4006a00000, size=21757952, forceSDMA=0, wait_event=0x0, completion_signal=0x7f4221bfed80
:4:rocvirtual.cpp           :622 : 4393717724357 us: [pid:4178064 tid: 0x7f422aff0200] Host wait on completion_signal=0x7f4221bfed80
:3:rocvirtual.hpp           :56  : 4393717724365 us: [pid:4178064 tid: 0x7f422aff0200] Host active wait for Signal = (0x7f4221bfed80) for -1 ns
:4:commandqueue.cpp         :161 : 4393717725144 us: [pid:4178064 tid: 0x7f422aff0200] Marker queued to ensure finish
:4:command.cpp              :359 : 4393717725152 us: [pid:4178064 tid: 0x7f422aff0200] Command (InternalMarker) enqueued: 0x384c9af0
:3:rocvirtual.cpp           :533 : 4393717725169 us: [pid:4178064 tid: 0x7f422aff0200] Set Handler: handle(0x7f4221bfd700), timestamp(0x38366250)
:4:rocvirtual.cpp           :1147: 4393717725182 us: [pid:4178064 tid: 0x7f422aff0200] SWq=0x7f4221d5c000, HWq=0x7f420cc00000, id=1, BarrierAND Header = 0x1503 (type=3, barrier=1, acquire=2, release=2), dep_signal=[0x0, 0x0, 0x0, 0x0, 0x0], completion_signal=0x7f4221bfd700
:3:rocvirtual.hpp           :56  : 4393717725193 us: [pid:4178064 tid: 0x7f422aff0200] Host active wait for Signal = (0x7f4221bfd700) for -1 ns
:4:commandqueue.cpp         :184 : 4393717725201 us: [pid:4178064 tid: 0x7f422aff0200] All commands finished
:3:hip_memory.cpp           :796 : 4393717725209 us: [pid:4178064 tid: 0x7f422aff0200] hipMemcpy: Returned hipSuccess : : duration: 127546 us
:3:hip_memory.cpp           :3476: 4393717725224 us: [pid:4178064 tid: 0x7f422aff0200] [32m hipMemset ( 0x7f3feaa00000, 0, 491520000 ) [0m
:3:rocvirtual.cpp           :226 : 4393717725201 us: [pid:4178064 tid: 0x7f40f11ff6c0] Handler: value(0), timestamp(0x383dd020), handle(0x7f4221bfd700)
:4:command.cpp              :169 : 4393717725254 us: [pid:4178064 tid: 0x7f40f11ff6c0] Command 0x384c98b0 complete
:4:command.cpp              :359 : 4393717725239 us: [pid:4178064 tid: 0x7f422aff0200] Command (FillBuffer) enqueued: 0x38368cd0
:3:rocvirtual.cpp           :762 : 4393717725779 us: [pid:4178064 tid: 0x7f422aff0200] Arg0: void* buf = ptr:0x7f3feaa00000
:3:rocvirtual.cpp           :778 : 4393717725785 us: [pid:4178064 tid: 0x7f422aff0200] Arg0: void* buf = ptr:0x7f3feaa00000 obj:[0x7f3feaa00000-0x7f4007ec0000]
:3:rocvirtual.cpp           :762 : 4393717725794 us: [pid:4178064 tid: 0x7f422aff0200] Arg1: uchar* pattern = ptr:0x7f420ca00000
:3:rocvirtual.cpp           :853 : 4393717725803 us: [pid:4178064 tid: 0x7f422aff0200] Arg2: uint pattern_size = val:1
:3:rocvirtual.cpp           :853 : 4393717725809 us: [pid:4178064 tid: 0x7f422aff0200] Arg3: uint alignment = val:16
:3:rocvirtual.cpp           :853 : 4393717725814 us: [pid:4178064 tid: 0x7f422aff0200] Arg4: ulong end_ptr = val:139912987541504
:3:rocvirtual.cpp           :853 : 4393717725824 us: [pid:4178064 tid: 0x7f422aff0200] Arg5: uint next_chunk = val:26624
:3:rocvirtual.cpp           :3236: 4393717725830 us: [pid:4178064 tid: 0x7f422aff0200] ShaderName : __amd_rocclr_fillBufferAligned
:3:rocvirtual.cpp           :3449: 4393717725840 us: [pid:4178064 tid: 0x7f422aff0200] KernargSegmentByteSize = 296 KernargSegmentAlignment = 128
:4:command.cpp              :163 : 4393717725767 us: [pid:4178064 tid: 0x7f40f11ff6c0] Command 0x384c9af0 complete (Wall: 4393717725765, CPU: 0, GPU: 605 us)
:4:rocvirtual.cpp           :965 : 4393717725851 us: [pid:4178064 tid: 0x7f422aff0200] SWq=0x7f4221d5c000, HWq=0x7f420cc00000, id=1, Dispatch Header = 0x1502 (type=2, barrier=1, acquire=2, release=2), setup=1, grid=[26624, 1, 1], workgroup=[256, 1, 1], private_seg_size=0, group_seg_size=0, kernel_obj=0x7f4221d4dd40, kernarg_address=0x7f420ca00100, completion_signal=0x0, correlation_id=0, rptr=189, wptr=189
:3:hip_memory.cpp           :3477: 4393717726497 us: [pid:4178064 tid: 0x7f422aff0200] hipMemset: Returned hipSuccess : 
:3:hip_device_runtime.cpp   :641 : 4393717726506 us: [pid:4178064 tid: 0x7f422aff0200] [32m hipDeviceSynchronize (  ) [0m
:4:commandqueue.cpp         :161 : 4393717726515 us: [pid:4178064 tid: 0x7f422aff0200] Marker queued to ensure finish
:4:command.cpp              :359 : 4393717726522 us: [pid:4178064 tid: 0x7f422aff0200] Command (InternalMarker) enqueued: 0x384c9af0
:3:rocvirtual.cpp           :533 : 4393717726538 us: [pid:4178064 tid: 0x7f422aff0200] Set Handler: handle(0x7f4221bfbf00), timestamp(0x384c94d0)
:4:rocvirtual.cpp           :1147: 4393717726551 us: [pid:4178064 tid: 0x7f422aff0200] SWq=0x7f4221d5c000, HWq=0x7f420cc00000, id=1, BarrierAND Header = 0x1503 (type=3, barrier=1, acquire=2, release=2), dep_signal=[0x0, 0x0, 0x0, 0x0, 0x0], completion_signal=0x7f4221bfbf00
:3:rocvirtual.hpp           :56  : 4393717726563 us: [pid:4178064 tid: 0x7f422aff0200] Host active wait for Signal = (0x7f4221bfbf00) for -1 ns
:4:commandqueue.cpp         :184 : 4393717726924 us: [pid:4178064 tid: 0x7f422aff0200] All commands finished
:3:rocvirtual.cpp           :226 : 4393717726926 us: [pid:4178064 tid: 0x7f40f11ff6c0] Handler: value(0), timestamp(0x384c9420), handle(0x7f4221bfbf00)
:4:command.cpp              :169 : 4393717727125 us: [pid:4178064 tid: 0x7f40f11ff6c0] Command 0x38368cd0 complete
:3:hip_device_runtime.cpp   :645 : 4393717727116 us: [pid:4178064 tid: 0x7f422aff0200] hipDeviceSynchronize: Returned hipSuccess : 
:4:command.cpp              :163 : 4393717727134 us: [pid:4178064 tid: 0x7f40f11ff6c0] Command 0x384c9af0 complete (Wall: 4393717727132, CPU: 0, GPU: 599 us)
:3:hip_platform.cpp         :237 : 4393717727148 us: [pid:4178064 tid: 0x7f422aff0200] [32m __hipPushCallConfiguration ( {8,1,1}, {1024,1,1}, 0, stream:<null> ) [0m
:3:hip_platform.cpp         :241 : 4393717727170 us: [pid:4178064 tid: 0x7f422aff0200] __hipPushCallConfiguration: Returned hipSuccess : 
:3:hip_platform.cpp         :246 : 4393717727181 us: [pid:4178064 tid: 0x7f422aff0200] [32m __hipPopCallConfiguration ( {896886866,32578,1024}, {2118224,0,3252094336}, 0x7ffec1d702d0, 0x7ffec1d702c8 ) [0m
:3:hip_platform.cpp         :255 : 4393717727188 us: [pid:4178064 tid: 0x7f422aff0200] __hipPopCallConfiguration: Returned hipSuccess : 
:3:hip_module.cpp           :744 : 4393717727200 us: [pid:4178064 tid: 0x7f422aff0200] [32m hipLaunchKernel ( 0x200fe8, {8,1,1}, {1024,1,1}, 0x7ffec1d70280, 0, stream:<null> ) [0m
:4:command.cpp              :359 : 4393717727217 us: [pid:4178064 tid: 0x7f422aff0200] Command (KernelExecution) enqueued: 0x384c98b0
:3:rocvirtual.cpp           :762 : 4393717727663 us: [pid:4178064 tid: 0x7f422aff0200] Arg0:   = ptr:0x7f4008200000
:3:rocvirtual.cpp           :778 : 4393717727669 us: [pid:4178064 tid: 0x7f422aff0200] Arg0:   = ptr:0x7f4008200000 obj:[0x7f4008200000-0x7f40256c0000]
:3:rocvirtual.cpp           :762 : 4393717727676 us: [pid:4178064 tid: 0x7f422aff0200] Arg1:   = ptr:0x7f4207c27000
:3:rocvirtual.cpp           :778 : 4393717727681 us: [pid:4178064 tid: 0x7f422aff0200] Arg1:   = ptr:0x7f4207c27000 obj:[0x7f4207c27000-0x7f4207c87000]
:3:rocvirtual.cpp           :762 : 4393717727688 us: [pid:4178064 tid: 0x7f422aff0200] Arg2:   = ptr:0x7f3feaa00000
:3:rocvirtual.cpp           :778 : 4393717727693 us: [pid:4178064 tid: 0x7f422aff0200] Arg2:   = ptr:0x7f3feaa00000 obj:[0x7f3feaa00000-0x7f4007ec0000]
:3:rocvirtual.cpp           :853 : 4393717727701 us: [pid:4178064 tid: 0x7f422aff0200] Arg3:   = val:12288
:3:rocvirtual.cpp           :762 : 4393717727705 us: [pid:4178064 tid: 0x7f422aff0200] Arg4:   = ptr:0x7f4207c00000
:3:rocvirtual.cpp           :778 : 4393717727710 us: [pid:4178064 tid: 0x7f422aff0200] Arg4:   = ptr:0x7f4207c00000 obj:[0x7f4207c00000-0x7f4207c00024]
:3:rocvirtual.cpp           :3236: 4393717727719 us: [pid:4178064 tid: 0x7f422aff0200] ShaderName : void dense_esuhm3<float>(float const*, float const*, float*, int, int const*)
:3:rocvirtual.cpp           :3449: 4393717727739 us: [pid:4178064 tid: 0x7f422aff0200] KernargSegmentByteSize = 296 KernargSegmentAlignment = 128
:4:rocvirtual.cpp           :965 : 4393717727748 us: [pid:4178064 tid: 0x7f422aff0200] SWq=0x7f4221d5c000, HWq=0x7f420cc00000, id=1, Dispatch Header = 0xb02 (type=2, barrier=1, acquire=1, release=1), setup=3, grid=[8192, 1, 1], workgroup=[1024, 1, 1], private_seg_size=140, group_seg_size=0, kernel_obj=0x7f4221d21a00, kernarg_address=0x7f420ca00280, completion_signal=0x0, correlation_id=0, rptr=191, wptr=191
:3:hip_module.cpp           :745 : 4393717727766 us: [pid:4178064 tid: 0x7f422aff0200] hipLaunchKernel: Returned hipSuccess : : duration: 566 us
:3:hip_device_runtime.cpp   :641 : 4393717727783 us: [pid:4178064 tid: 0x7f422aff0200] [32m hipDeviceSynchronize (  ) [0m
:4:commandqueue.cpp         :161 : 4393717727791 us: [pid:4178064 tid: 0x7f422aff0200] Marker queued to ensure finish
:4:command.cpp              :359 : 4393717727805 us: [pid:4178064 tid: 0x7f422aff0200] Command (InternalMarker) enqueued: 0x384c9af0
:3:rocvirtual.cpp           :533 : 4393717727822 us: [pid:4178064 tid: 0x7f422aff0200] Set Handler: handle(0x7f4221bfbe80), timestamp(0x38089190)
:4:rocvirtual.cpp           :1147: 4393717728235 us: [pid:4178064 tid: 0x7f422aff0200] SWq=0x7f4221d5c000, HWq=0x7f420cc00000, id=1, BarrierAND Header = 0x1503 (type=3, barrier=1, acquire=2, release=2), dep_signal=[0x0, 0x0, 0x0, 0x0, 0x0], completion_signal=0x7f4221bfbe80
:3:rocvirtual.hpp           :56  : 4393717728246 us: [pid:4178064 tid: 0x7f422aff0200] Host active wait for Signal = (0x7f4221bfbe80) for -1 ns
:4:commandqueue.cpp         :184 : 4393717728348 us: [pid:4178064 tid: 0x7f422aff0200] All commands finished
:3:rocvirtual.cpp           :226 : 4393717728351 us: [pid:4178064 tid: 0x7f40f11ff6c0] Handler: value(0), timestamp(0x38278620), handle(0x7f4221bfbe80)
:3:hip_device_runtime.cpp   :645 : 4393717728887 us: [pid:4178064 tid: 0x7f422aff0200] hipDeviceSynchronize: Returned hipSuccess : 
:4:command.cpp              :169 : 4393717728901 us: [pid:4178064 tid: 0x7f40f11ff6c0] Command 0x384c98b0 complete
:3:hip_memory.cpp           :795 : 4393717728917 us: [pid:4178064 tid: 0x7f422aff0200] [32m hipMemcpy ( 0x7f4042cfc010, 0x7f3feaa00000, 491520000, hipMemcpyDeviceToHost ) [0m
:4:command.cpp              :163 : 4393717728919 us: [pid:4178064 tid: 0x7f40f11ff6c0] Command 0x384c9af0 complete (Wall: 4393717728918, CPU: 0, GPU: 1102 us)
:4:command.cpp              :359 : 4393717728932 us: [pid:4178064 tid: 0x7f422aff0200] Command (CopyDeviceToHost) enqueued: 0x384c98b0
:4:rocblit.cpp              :1673: 4393717728947 us: [pid:4178064 tid: 0x7f422aff0200] Unpinned read path, Async = 0
:4:rocmemory.cpp            :1018: 4393717728962 us: [pid:4178064 tid: 0x7f422aff0200] Locking to pool 0x37ca7ed0, size 0x2001000, HostPtr = 0x7f4042cfc000, DevPtr = 0x7f4042cfc000
:4:rocblit.cpp              :623 : 4393717728972 us: [pid:4178064 tid: 0x7f422aff0200] HSA Copy Using Pinned resource size 33554432
:4:rocblit.cpp              :687 : 4393717728980 us: [pid:4178064 tid: 0x7f422aff0200] HSA Async Copy staged D2H
:4:rocblit.cpp              :503 : 4393717728985 us: [pid:4178064 tid: 0x7f422aff0200] Last copy mask 0x0
:4:rocblit.cpp              :509 : 4393717728991 us: [pid:4178064 tid: 0x7f422aff0200] Query copy engine status 0, free_engine mask 0x1e
:4:rocblit.cpp              :520 : 4393717729542 us: [pid:4178064 tid: 0x7f422aff0200] HSA Async Copy on copy_engine=0x2, dst=0x7f4042cfc010, src=0x7f3feaa00000, size=33554432, forceSDMA=0, wait_event=0x0, completion_signal=0x7f4221bfe480
:4:rocvirtual.cpp           :622 : 4393717729558 us: [pid:4178064 tid: 0x7f422aff0200] Host wait on completion_signal=0x7f4221bfe480
:3:rocvirtual.hpp           :56  : 4393717729565 us: [pid:4178064 tid: 0x7f422aff0200] Host active wait for Signal = (0x7f4221bfe480) for -1 ns
:4:rocmemory.cpp            :1018: 4393717730767 us: [pid:4178064 tid: 0x7f422aff0200] Locking to pool 0x37ca7ed0, size 0x2001000, HostPtr = 0x7f4044cfc000, DevPtr = 0x7f4044cfc000
:4:rocblit.cpp              :623 : 4393717730784 us: [pid:4178064 tid: 0x7f422aff0200] HSA Copy Using Pinned resource size 33554432
:4:rocblit.cpp              :687 : 4393717730794 us: [pid:4178064 tid: 0x7f422aff0200] HSA Async Copy staged D2H
:4:rocblit.cpp              :503 : 4393717730802 us: [pid:4178064 tid: 0x7f422aff0200] Last copy mask 0x2
:4:rocblit.cpp              :520 : 4393717730810 us: [pid:4178064 tid: 0x7f422aff0200] HSA Async Copy on copy_engine=0x2, dst=0x7f4044cfc010, src=0x7f3feca00000, size=33554432, forceSDMA=0, wait_event=0x0, completion_signal=0x7f4221bfe680
:4:rocvirtual.cpp           :622 : 4393717730821 us: [pid:4178064 tid: 0x7f422aff0200] Host wait on completion_signal=0x7f4221bfe680
:3:rocvirtual.hpp           :56  : 4393717730828 us: [pid:4178064 tid: 0x7f422aff0200] Host active wait for Signal = (0x7f4221bfe680) for -1 ns
:4:rocmemory.cpp            :1018: 4393717732032 us: [pid:4178064 tid: 0x7f422aff0200] Locking to pool 0x37ca7ed0, size 0x2001000, HostPtr = 0x7f4046cfc000, DevPtr = 0x7f4046cfc000
:4:rocblit.cpp              :623 : 4393717732045 us: [pid:4178064 tid: 0x7f422aff0200] HSA Copy Using Pinned resource size 33554432
:4:rocblit.cpp              :687 : 4393717732057 us: [pid:4178064 tid: 0x7f422aff0200] HSA Async Copy staged D2H
:4:rocblit.cpp              :503 : 4393717732062 us: [pid:4178064 tid: 0x7f422aff0200] Last copy mask 0x2
:4:rocblit.cpp              :520 : 4393717732067 us: [pid:4178064 tid: 0x7f422aff0200] HSA Async Copy on copy_engine=0x2, dst=0x7f4046cfc010, src=0x7f3feea00000, size=33554432, forceSDMA=0, wait_event=0x0, completion_signal=0x7f4221bfe880
:4:rocvirtual.cpp           :622 : 4393717732075 us: [pid:4178064 tid: 0x7f422aff0200] Host wait on completion_signal=0x7f4221bfe880
:3:rocvirtual.hpp           :56  : 4393717732083 us: [pid:4178064 tid: 0x7f422aff0200] Host active wait for Signal = (0x7f4221bfe880) for -1 ns
:4:rocmemory.cpp            :1018: 4393717733277 us: [pid:4178064 tid: 0x7f422aff0200] Locking to pool 0x37ca7ed0, size 0x2001000, HostPtr = 0x7f4048cfc000, DevPtr = 0x7f4048cfc000
:4:rocblit.cpp              :623 : 4393717733287 us: [pid:4178064 tid: 0x7f422aff0200] HSA Copy Using Pinned resource size 33554432
:4:rocblit.cpp              :687 : 4393717733294 us: [pid:4178064 tid: 0x7f422aff0200] HSA Async Copy staged D2H
:4:rocblit.cpp              :503 : 4393717733299 us: [pid:4178064 tid: 0x7f422aff0200] Last copy mask 0x2
:4:rocblit.cpp              :520 : 4393717733303 us: [pid:4178064 tid: 0x7f422aff0200] HSA Async Copy on copy_engine=0x2, dst=0x7f4048cfc010, src=0x7f3ff0a00000, size=33554432, forceSDMA=0, wait_event=0x0, completion_signal=0x7f4221bfe780
:4:rocvirtual.cpp           :622 : 4393717733741 us: [pid:4178064 tid: 0x7f422aff0200] Host wait on completion_signal=0x7f4221bfe780
:3:rocvirtual.hpp           :56  : 4393717733748 us: [pid:4178064 tid: 0x7f422aff0200] Host active wait for Signal = (0x7f4221bfe780) for -1 ns
:4:rocmemory.cpp            :1018: 4393717734948 us: [pid:4178064 tid: 0x7f422aff0200] Locking to pool 0x37ca7ed0, size 0x2001000, HostPtr = 0x7f404acfc000, DevPtr = 0x7f404acfc000
:4:rocblit.cpp              :623 : 4393717734961 us: [pid:4178064 tid: 0x7f422aff0200] HSA Copy Using Pinned resource size 33554432
:4:rocblit.cpp              :687 : 4393717734968 us: [pid:4178064 tid: 0x7f422aff0200] HSA Async Copy staged D2H
:4:rocblit.cpp              :503 : 4393717734973 us: [pid:4178064 tid: 0x7f422aff0200] Last copy mask 0x2
:4:rocblit.cpp              :520 : 4393717734978 us: [pid:4178064 tid: 0x7f422aff0200] HSA Async Copy on copy_engine=0x2, dst=0x7f404acfc010, src=0x7f3ff2a00000, size=33554432, forceSDMA=0, wait_event=0x0, completion_signal=0x7f4221bfe580
:4:rocvirtual.cpp           :622 : 4393717734987 us: [pid:4178064 tid: 0x7f422aff0200] Host wait on completion_signal=0x7f4221bfe580
:3:rocvirtual.hpp           :56  : 4393717734995 us: [pid:4178064 tid: 0x7f422aff0200] Host active wait for Signal = (0x7f4221bfe580) for -1 ns
:4:rocmemory.cpp            :1018: 4393717736195 us: [pid:4178064 tid: 0x7f422aff0200] Locking to pool 0x37ca7ed0, size 0x2001000, HostPtr = 0x7f404ccfc000, DevPtr = 0x7f404ccfc000
:4:rocblit.cpp              :623 : 4393717736209 us: [pid:4178064 tid: 0x7f422aff0200] HSA Copy Using Pinned resource size 33554432
:4:rocblit.cpp              :687 : 4393717736216 us: [pid:4178064 tid: 0x7f422aff0200] HSA Async Copy staged D2H
:4:rocblit.cpp              :503 : 4393717736221 us: [pid:4178064 tid: 0x7f422aff0200] Last copy mask 0x2
:4:rocblit.cpp              :520 : 4393717736226 us: [pid:4178064 tid: 0x7f422aff0200] HSA Async Copy on copy_engine=0x2, dst=0x7f404ccfc010, src=0x7f3ff4a00000, size=33554432, forceSDMA=0, wait_event=0x0, completion_signal=0x7f4221bfdf00
:4:rocvirtual.cpp           :622 : 4393717736235 us: [pid:4178064 tid: 0x7f422aff0200] Host wait on completion_signal=0x7f4221bfdf00
:3:rocvirtual.hpp           :56  : 4393717736242 us: [pid:4178064 tid: 0x7f422aff0200] Host active wait for Signal = (0x7f4221bfdf00) for -1 ns
:4:rocmemory.cpp            :1018: 4393717737460 us: [pid:4178064 tid: 0x7f422aff0200] Locking to pool 0x37ca7ed0, size 0x2001000, HostPtr = 0x7f404ecfc000, DevPtr = 0x7f404ecfc000
:4:rocblit.cpp              :623 : 4393717737472 us: [pid:4178064 tid: 0x7f422aff0200] HSA Copy Using Pinned resource size 33554432
:4:rocblit.cpp              :687 : 4393717737485 us: [pid:4178064 tid: 0x7f422aff0200] HSA Async Copy staged D2H
:4:rocblit.cpp              :503 : 4393717737490 us: [pid:4178064 tid: 0x7f422aff0200] Last copy mask 0x2
:4:rocblit.cpp              :520 : 4393717737495 us: [pid:4178064 tid: 0x7f422aff0200] HSA Async Copy on copy_engine=0x2, dst=0x7f404ecfc010, src=0x7f3ff6a00000, size=33554432, forceSDMA=0, wait_event=0x0, completion_signal=0x7f4221bfe900
:4:rocvirtual.cpp           :622 : 4393717737504 us: [pid:4178064 tid: 0x7f422aff0200] Host wait on completion_signal=0x7f4221bfe900
:3:rocvirtual.hpp           :56  : 4393717737511 us: [pid:4178064 tid: 0x7f422aff0200] Host active wait for Signal = (0x7f4221bfe900) for -1 ns
:4:rocmemory.cpp            :1018: 4393717738707 us: [pid:4178064 tid: 0x7f422aff0200] Locking to pool 0x37ca7ed0, size 0x2001000, HostPtr = 0x7f4050cfc000, DevPtr = 0x7f4050cfc000
:4:rocblit.cpp              :623 : 4393717738718 us: [pid:4178064 tid: 0x7f422aff0200] HSA Copy Using Pinned resource size 33554432
:4:rocblit.cpp              :687 : 4393717738725 us: [pid:4178064 tid: 0x7f422aff0200] HSA Async Copy staged D2H
:4:rocblit.cpp              :503 : 4393717738731 us: [pid:4178064 tid: 0x7f422aff0200] Last copy mask 0x2
:4:rocblit.cpp              :520 : 4393717738735 us: [pid:4178064 tid: 0x7f422aff0200] HSA Async Copy on copy_engine=0x2, dst=0x7f4050cfc010, src=0x7f3ff8a00000, size=33554432, forceSDMA=0, wait_event=0x0, completion_signal=0x7f4221bfd980
:4:rocvirtual.cpp           :622 : 4393717738744 us: [pid:4178064 tid: 0x7f422aff0200] Host wait on completion_signal=0x7f4221bfd980
:3:rocvirtual.hpp           :56  : 4393717738751 us: [pid:4178064 tid: 0x7f422aff0200] Host active wait for Signal = (0x7f4221bfd980) for -1 ns
:4:rocmemory.cpp            :1018: 4393717739948 us: [pid:4178064 tid: 0x7f422aff0200] Locking to pool 0x37ca7ed0, size 0x2001000, HostPtr = 0x7f4052cfc000, DevPtr = 0x7f4052cfc000
:4:rocblit.cpp              :623 : 4393717739960 us: [pid:4178064 tid: 0x7f422aff0200] HSA Copy Using Pinned resource size 33554432
:4:rocblit.cpp              :687 : 4393717739967 us: [pid:4178064 tid: 0x7f422aff0200] HSA Async Copy staged D2H
:4:rocblit.cpp              :503 : 4393717739972 us: [pid:4178064 tid: 0x7f422aff0200] Last copy mask 0x2
:4:rocblit.cpp              :520 : 4393717739977 us: [pid:4178064 tid: 0x7f422aff0200] HSA Async Copy on copy_engine=0x2, dst=0x7f4052cfc010, src=0x7f3ffaa00000, size=33554432, forceSDMA=0, wait_event=0x0, completion_signal=0x7f4221bfde00
:4:rocvirtual.cpp           :622 : 4393717739985 us: [pid:4178064 tid: 0x7f422aff0200] Host wait on completion_signal=0x7f4221bfde00
:3:rocvirtual.hpp           :56  : 4393717739992 us: [pid:4178064 tid: 0x7f422aff0200] Host active wait for Signal = (0x7f4221bfde00) for -1 ns
:4:rocmemory.cpp            :1018: 4393717741188 us: [pid:4178064 tid: 0x7f422aff0200] Locking to pool 0x37ca7ed0, size 0x2001000, HostPtr = 0x7f4054cfc000, DevPtr = 0x7f4054cfc000
:4:rocblit.cpp              :623 : 4393717741198 us: [pid:4178064 tid: 0x7f422aff0200] HSA Copy Using Pinned resource size 33554432
:4:rocblit.cpp              :687 : 4393717741205 us: [pid:4178064 tid: 0x7f422aff0200] HSA Async Copy staged D2H
:4:rocblit.cpp              :503 : 4393717741210 us: [pid:4178064 tid: 0x7f422aff0200] Last copy mask 0x2
:4:rocblit.cpp              :520 : 4393717741215 us: [pid:4178064 tid: 0x7f422aff0200] HSA Async Copy on copy_engine=0x2, dst=0x7f4054cfc010, src=0x7f3ffca00000, size=33554432, forceSDMA=0, wait_event=0x0, completion_signal=0x7f4221bfe980
:4:rocvirtual.cpp           :622 : 4393717741223 us: [pid:4178064 tid: 0x7f422aff0200] Host wait on completion_signal=0x7f4221bfe980
:3:rocvirtual.hpp           :56  : 4393717741230 us: [pid:4178064 tid: 0x7f422aff0200] Host active wait for Signal = (0x7f4221bfe980) for -1 ns
:4:rocmemory.cpp            :1018: 4393717742429 us: [pid:4178064 tid: 0x7f422aff0200] Locking to pool 0x37ca7ed0, size 0x2001000, HostPtr = 0x7f4056cfc000, DevPtr = 0x7f4056cfc000
:4:rocblit.cpp              :623 : 4393717742445 us: [pid:4178064 tid: 0x7f422aff0200] HSA Copy Using Pinned resource size 33554432
:4:rocblit.cpp              :687 : 4393717742452 us: [pid:4178064 tid: 0x7f422aff0200] HSA Async Copy staged D2H
:4:rocblit.cpp              :503 : 4393717742457 us: [pid:4178064 tid: 0x7f422aff0200] Last copy mask 0x2
:4:rocblit.cpp              :520 : 4393717742462 us: [pid:4178064 tid: 0x7f422aff0200] HSA Async Copy on copy_engine=0x2, dst=0x7f4056cfc010, src=0x7f3ffea00000, size=33554432, forceSDMA=0, wait_event=0x0, completion_signal=0x7f4221bfe700
:4:rocvirtual.cpp           :622 : 4393717742471 us: [pid:4178064 tid: 0x7f422aff0200] Host wait on completion_signal=0x7f4221bfe700
:3:rocvirtual.hpp           :56  : 4393717742479 us: [pid:4178064 tid: 0x7f422aff0200] Host active wait for Signal = (0x7f4221bfe700) for -1 ns
:4:rocmemory.cpp            :1018: 4393717743674 us: [pid:4178064 tid: 0x7f422aff0200] Locking to pool 0x37ca7ed0, size 0x2001000, HostPtr = 0x7f4058cfc000, DevPtr = 0x7f4058cfc000
:4:rocblit.cpp              :623 : 4393717743684 us: [pid:4178064 tid: 0x7f422aff0200] HSA Copy Using Pinned resource size 33554432
:4:rocblit.cpp              :687 : 4393717743691 us: [pid:4178064 tid: 0x7f422aff0200] HSA Async Copy staged D2H
:4:rocblit.cpp              :503 : 4393717743696 us: [pid:4178064 tid: 0x7f422aff0200] Last copy mask 0x2
:4:rocblit.cpp              :520 : 4393717743701 us: [pid:4178064 tid: 0x7f422aff0200] HSA Async Copy on copy_engine=0x2, dst=0x7f4058cfc010, src=0x7f4000a00000, size=33554432, forceSDMA=0, wait_event=0x0, completion_signal=0x7f4221bfde80
:4:rocvirtual.cpp           :622 : 4393717743709 us: [pid:4178064 tid: 0x7f422aff0200] Host wait on completion_signal=0x7f4221bfde80
:3:rocvirtual.hpp           :56  : 4393717743718 us: [pid:4178064 tid: 0x7f422aff0200] Host active wait for Signal = (0x7f4221bfde80) for -1 ns
:4:rocmemory.cpp            :1018: 4393717744925 us: [pid:4178064 tid: 0x7f422aff0200] Locking to pool 0x37ca7ed0, size 0x2001000, HostPtr = 0x7f405acfc000, DevPtr = 0x7f405acfc000
:4:rocblit.cpp              :623 : 4393717744940 us: [pid:4178064 tid: 0x7f422aff0200] HSA Copy Using Pinned resource size 33554432
:4:rocblit.cpp              :687 : 4393717744948 us: [pid:4178064 tid: 0x7f422aff0200] HSA Async Copy staged D2H
:4:rocblit.cpp              :503 : 4393717745337 us: [pid:4178064 tid: 0x7f422aff0200] Last copy mask 0x2
:4:rocblit.cpp              :520 : 4393717745342 us: [pid:4178064 tid: 0x7f422aff0200] HSA Async Copy on copy_engine=0x2, dst=0x7f405acfc010, src=0x7f4002a00000, size=33554432, forceSDMA=0, wait_event=0x0, completion_signal=0x7f4221bfe080
:4:rocvirtual.cpp           :622 : 4393717745352 us: [pid:4178064 tid: 0x7f422aff0200] Host wait on completion_signal=0x7f4221bfe080
:3:rocvirtual.hpp           :56  : 4393717745359 us: [pid:4178064 tid: 0x7f422aff0200] Host active wait for Signal = (0x7f4221bfe080) for -1 ns
:4:rocmemory.cpp            :1018: 4393717746555 us: [pid:4178064 tid: 0x7f422aff0200] Locking to pool 0x37ca7ed0, size 0x2001000, HostPtr = 0x7f405ccfc000, DevPtr = 0x7f405ccfc000
:4:rocblit.cpp              :623 : 4393717746565 us: [pid:4178064 tid: 0x7f422aff0200] HSA Copy Using Pinned resource size 33554432
:4:rocblit.cpp              :687 : 4393717746572 us: [pid:4178064 tid: 0x7f422aff0200] HSA Async Copy staged D2H
:4:rocblit.cpp              :503 : 4393717746578 us: [pid:4178064 tid: 0x7f422aff0200] Last copy mask 0x2
:4:rocblit.cpp              :520 : 4393717746583 us: [pid:4178064 tid: 0x7f422aff0200] HSA Async Copy on copy_engine=0x2, dst=0x7f405ccfc010, src=0x7f4004a00000, size=33554432, forceSDMA=0, wait_event=0x0, completion_signal=0x7f4221bfe000
:4:rocvirtual.cpp           :622 : 4393717746591 us: [pid:4178064 tid: 0x7f422aff0200] Host wait on completion_signal=0x7f4221bfe000
:3:rocvirtual.hpp           :56  : 4393717746598 us: [pid:4178064 tid: 0x7f422aff0200] Host active wait for Signal = (0x7f4221bfe000) for -1 ns
:4:rocmemory.cpp            :1018: 4393717747798 us: [pid:4178064 tid: 0x7f422aff0200] Locking to pool 0x37ca7ed0, size 0x14c1000, HostPtr = 0x7f405ecfc000, DevPtr = 0x7f405ecfc000
:4:rocblit.cpp              :623 : 4393717747808 us: [pid:4178064 tid: 0x7f422aff0200] HSA Copy Using Pinned resource size 21757952
:4:rocblit.cpp              :687 : 4393717747816 us: [pid:4178064 tid: 0x7f422aff0200] HSA Async Copy staged D2H
:4:rocblit.cpp              :503 : 4393717747821 us: [pid:4178064 tid: 0x7f422aff0200] Last copy mask 0x2
:4:rocblit.cpp              :520 : 4393717747826 us: [pid:4178064 tid: 0x7f422aff0200] HSA Async Copy on copy_engine=0x2, dst=0x7f405ecfc010, src=0x7f4006a00000, size=21757952, forceSDMA=0, wait_event=0x0, completion_signal=0x7f4221bfe380
:4:rocvirtual.cpp           :622 : 4393717747834 us: [pid:4178064 tid: 0x7f422aff0200] Host wait on completion_signal=0x7f4221bfe380
:3:rocvirtual.hpp           :56  : 4393717747850 us: [pid:4178064 tid: 0x7f422aff0200] Host active wait for Signal = (0x7f4221bfe380) for -1 ns
:4:commandqueue.cpp         :161 : 4393717748615 us: [pid:4178064 tid: 0x7f422aff0200] Marker queued to ensure finish
:4:command.cpp              :359 : 4393717748623 us: [pid:4178064 tid: 0x7f422aff0200] Command (InternalMarker) enqueued: 0x384c9af0
:3:rocvirtual.cpp           :533 : 4393717748635 us: [pid:4178064 tid: 0x7f422aff0200] Set Handler: handle(0x7f4221bfce80), timestamp(0x384fc2d0)
:4:rocvirtual.cpp           :1147: 4393717748644 us: [pid:4178064 tid: 0x7f422aff0200] SWq=0x7f4221d5c000, HWq=0x7f420cc00000, id=1, BarrierAND Header = 0x1503 (type=3, barrier=1, acquire=2, release=2), dep_signal=[0x0, 0x0, 0x0, 0x0, 0x0], completion_signal=0x7f4221bfce80
:3:rocvirtual.hpp           :56  : 4393717748655 us: [pid:4178064 tid: 0x7f422aff0200] Host active wait for Signal = (0x7f4221bfce80) for -1 ns
:3:rocvirtual.cpp           :226 : 4393717748662 us: [pid:4178064 tid: 0x7f40f11ff6c0] Handler: value(0), timestamp(0x38278620), handle(0x7f4221bfce80)
:4:command.cpp              :169 : 4393717748679 us: [pid:4178064 tid: 0x7f40f11ff6c0] Command 0x384c98b0 complete
:4:commandqueue.cpp         :184 : 4393717748663 us: [pid:4178064 tid: 0x7f422aff0200] All commands finished
:3:hip_memory.cpp           :796 : 4393717748695 us: [pid:4178064 tid: 0x7f422aff0200] hipMemcpy: Returned hipSuccess : : duration: 19778 us
:4:command.cpp              :163 : 4393717748687 us: [pid:4178064 tid: 0x7f40f11ff6c0] Command 0x384c9af0 complete (Wall: 4393717748686, CPU: 0, GPU: 55 us)
:3:hip_memory.cpp           :772 : 4393719106068 us: [pid:4178064 tid: 0x7f422aff0200] [32m hipFree ( 0x7f4008200000 ) [0m
:4:commandqueue.cpp         :167 : 4393719106097 us: [pid:4178064 tid: 0x7f422aff0200] HW Event not ready, awaiting completion instead
:4:commandqueue.cpp         :184 : 4393719106113 us: [pid:4178064 tid: 0x7f422aff0200] All commands finished
:4:rocdevice.cpp            :2388: 4393719106240 us: [pid:4178064 tid: 0x7f422aff0200] Free hsa memory 0x7f4008200000
:3:rocdevice.cpp            :2411: 4393719106247 us: [pid:4178064 tid: 0x7f422aff0200] Device=0x37da1500, freeMem_ = 0xfe1adffdc
:3:hip_memory.cpp           :774 : 4393719106258 us: [pid:4178064 tid: 0x7f422aff0200] hipFree: Returned hipSuccess : 
:3:hip_memory.cpp           :772 : 4393719106265 us: [pid:4178064 tid: 0x7f422aff0200] [32m hipFree ( 0x7f4207c27000 ) [0m
:4:rocdevice.cpp            :2388: 4393719106274 us: [pid:4178064 tid: 0x7f422aff0200] Free hsa memory 0x7f4207c27000
:3:rocdevice.cpp            :2411: 4393719106279 us: [pid:4178064 tid: 0x7f422aff0200] Device=0x37da1500, freeMem_ = 0xfe1b3ffdc
:3:hip_memory.cpp           :774 : 4393719106660 us: [pid:4178064 tid: 0x7f422aff0200] hipFree: Returned hipSuccess : 
:3:hip_memory.cpp           :772 : 4393719106666 us: [pid:4178064 tid: 0x7f422aff0200] [32m hipFree ( 0x7f3feaa00000 ) [0m
:4:rocdevice.cpp            :2388: 4393719106737 us: [pid:4178064 tid: 0x7f422aff0200] Free hsa memory 0x7f3feaa00000
:3:rocdevice.cpp            :2411: 4393719106743 us: [pid:4178064 tid: 0x7f422aff0200] Device=0x37da1500, freeMem_ = 0xffeffffdc
:3:hip_memory.cpp           :774 : 4393719106757 us: [pid:4178064 tid: 0x7f422aff0200] hipFree: Returned hipSuccess : 
:3:hip_memory.cpp           :772 : 4393719106762 us: [pid:4178064 tid: 0x7f422aff0200] [32m hipFree ( 0x7f4207c00000 ) [0m
:4:rocdevice.cpp            :2388: 4393719106769 us: [pid:4178064 tid: 0x7f422aff0200] Free hsa memory 0x7f4207c00000
:3:rocdevice.cpp            :2411: 4393719106774 us: [pid:4178064 tid: 0x7f422aff0200] Device=0x37da1500, freeMem_ = 0xfff000000
:3:hip_memory.cpp           :774 : 4393719106781 us: [pid:4178064 tid: 0x7f422aff0200] hipFree: Returned hipSuccess : 
:4:rocdevice.cpp            :2388: 4393719384080 us: [pid:4178064 tid: 0x7f422aff0200] Free hsa memory (nil)
:3:rocdevice.cpp            :3254: 4393719384109 us: [pid:4178064 tid: 0x7f422aff0200] releaseQueue refCount:0x7f420cc00000 (0)
:4:rocdevice.cpp            :2388: 4393719384300 us: [pid:4178064 tid: 0x7f422aff0200] Free hsa memory 0x7f420ca00000
:4:rocdevice.cpp            :2388: 4393719385363 us: [pid:4178064 tid: 0x7f422aff0200] Free hsa memory 0x7f420c400000
:4:rocdevice.cpp            :2388: 4393719386081 us: [pid:4178064 tid: 0x7f422aff0200] Free hsa memory 0x7f420ee00000
:4:rocdevice.cpp            :2388: 4393719386339 us: [pid:4178064 tid: 0x7f422aff0200] Free hsa memory 0x7f4235434000
:3:rocdevice.cpp            :278 : 4393719386347 us: [pid:4178064 tid: 0x7f422aff0200] Deleting hostcall buffer 0x7f40cf600000 for hardware queue 0x7f420cc00000
:3:devhostcall.cpp          :460 : 4393719386360 us: [pid:4178064 tid: 0x7f422aff0200] Terminated hostcall listener
:4:rocdevice.cpp            :2388: 4393719388122 us: [pid:4178064 tid: 0x7f422aff0200] Free hsa memory 0x7f40cf600000
:3:rocdevice.cpp            :283 : 4393719388144 us: [pid:4178064 tid: 0x7f422aff0200] Deleting hardware queue 0x7f420cc00000 with refCount 0
:4:rocdevice.cpp            :2388: 4393719392712 us: [pid:4178064 tid: 0x7f422aff0200] Free hsa memory 0x7f420f400000
:4:rocdevice.cpp            :2388: 4393719393019 us: [pid:4178064 tid: 0x7f422aff0200] Free hsa memory 0x7f4207c07000
:4:rocdevice.cpp            :2388: 4393719613691 us: [pid:4178064 tid: 0x7f422aff0200] Free hsa memory 0x7f40dc400000
