index,site_id,bit_index,bitwidth,type_kind,opcode
1,1,0,32,int,store
2,1,1,32,int,store
3,1,2,32,int,store
4,1,3,32,int,store
5,1,4,32,int,store
6,1,5,32,int,store
7,1,6,32,int,store
8,1,7,32,int,store
9,1,8,32,int,store
10,1,9,32,int,store
11,1,10,32,int,store
12,1,11,32,int,store
13,1,12,32,int,store
14,1,13,32,int,store
15,1,14,32,int,store
16,1,15,32,int,store
17,1,16,32,int,store
18,1,17,32,int,store
19,1,18,32,int,store
20,1,19,32,int,store
21,1,20,32,int,store
22,1,21,32,int,store
23,1,22,32,int,store
24,1,23,32,int,store
25,1,24,32,int,store
26,1,25,32,int,store
27,1,26,32,int,store
28,1,27,32,int,store
29,1,28,32,int,store
30,1,29,32,int,store
31,1,30,32,int,store
32,1,31,32,int,store
33,2,0,32,int,store
34,2,1,32,int,store
35,2,2,32,int,store
36,2,3,32,int,store
37,2,4,32,int,store
38,2,5,32,int,store
39,2,6,32,int,store
40,2,7,32,int,store
41,2,8,32,int,store
42,2,9,32,int,store
43,2,10,32,int,store
44,2,11,32,int,store
45,2,12,32,int,store
46,2,13,32,int,store
47,2,14,32,int,store
48,2,15,32,int,store
49,2,16,32,int,store
50,2,17,32,int,store
51,2,18,32,int,store
52,2,19,32,int,store
53,2,20,32,int,store
54,2,21,32,int,store
55,2,22,32,int,store
56,2,23,32,int,store
57,2,24,32,int,store
58,2,25,32,int,store
59,2,26,32,int,store
60,2,27,32,int,store
61,2,28,32,int,store
62,2,29,32,int,store
63,2,30,32,int,store
64,2,31,32,int,store
65,3,0,32,int,call
66,3,1,32,int,call
67,3,2,32,int,call
68,3,3,32,int,call
69,3,4,32,int,call
70,3,5,32,int,call
71,3,6,32,int,call
72,3,7,32,int,call
73,3,8,32,int,call
74,3,9,32,int,call
75,3,10,32,int,call
76,3,11,32,int,call
77,3,12,32,int,call
78,3,13,32,int,call
79,3,14,32,int,call
80,3,15,32,int,call
81,3,16,32,int,call
82,3,17,32,int,call
83,3,18,32,int,call
84,3,19,32,int,call
85,3,20,32,int,call
86,3,21,32,int,call
87,3,22,32,int,call
88,3,23,32,int,call
89,3,24,32,int,call
90,3,25,32,int,call
91,3,26,32,int,call
92,3,27,32,int,call
93,3,28,32,int,call
94,3,29,32,int,call
95,3,30,32,int,call
96,3,31,32,int,call
97,4,0,32,int,store
98,4,1,32,int,store
99,4,2,32,int,store
100,4,3,32,int,store
101,4,4,32,int,store
102,4,5,32,int,store
103,4,6,32,int,store
104,4,7,32,int,store
105,4,8,32,int,store
106,4,9,32,int,store
107,4,10,32,int,store
108,4,11,32,int,store
109,4,12,32,int,store
110,4,13,32,int,store
111,4,14,32,int,store
112,4,15,32,int,store
113,4,16,32,int,store
114,4,17,32,int,store
115,4,18,32,int,store
116,4,19,32,int,store
117,4,20,32,int,store
118,4,21,32,int,store
119,4,22,32,int,store
120,4,23,32,int,store
121,4,24,32,int,store
122,4,25,32,int,store
123,4,26,32,int,store
124,4,27,32,int,store
125,4,28,32,int,store
126,4,29,32,int,store
127,4,30,32,int,store
128,4,31,32,int,store
129,10,0,32,int,store
130,10,1,32,int,store
131,10,2,32,int,store
132,10,3,32,int,store
133,10,4,32,int,store
134,10,5,32,int,store
135,10,6,32,int,store
136,10,7,32,int,store
137,10,8,32,int,store
138,10,9,32,int,store
139,10,10,32,int,store
140,10,11,32,int,store
141,10,12,32,int,store
142,10,13,32,int,store
143,10,14,32,int,store
144,10,15,32,int,store
145,10,16,32,int,store
146,10,17,32,int,store
147,10,18,32,int,store
148,10,19,32,int,store
149,10,20,32,int,store
150,10,21,32,int,store
151,10,22,32,int,store
152,10,23,32,int,store
153,10,24,32,int,store
154,10,25,32,int,store
155,10,26,32,int,store
156,10,27,32,int,store
157,10,28,32,int,store
158,10,29,32,int,store
159,10,30,32,int,store
160,10,31,32,int,store
161,11,0,32,int,zext
162,11,1,32,int,zext
163,11,2,32,int,zext
164,11,3,32,int,zext
165,11,4,32,int,zext
166,11,5,32,int,zext
167,11,6,32,int,zext
168,11,7,32,int,zext
169,11,8,32,int,zext
170,11,9,32,int,zext
171,11,10,32,int,zext
172,11,11,32,int,zext
173,11,12,32,int,zext
174,11,13,32,int,zext
175,11,14,32,int,zext
176,11,15,32,int,zext
177,11,16,32,int,zext
178,11,17,32,int,zext
179,11,18,32,int,zext
180,11,19,32,int,zext
181,11,20,32,int,zext
182,11,21,32,int,zext
183,11,22,32,int,zext
184,11,23,32,int,zext
185,11,24,32,int,zext
186,11,25,32,int,zext
187,11,26,32,int,zext
188,11,27,32,int,zext
189,11,28,32,int,zext
190,11,29,32,int,zext
191,11,30,32,int,zext
192,11,31,32,int,zext
193,12,0,64,int,getelementptr
194,12,1,64,int,getelementptr
195,12,2,64,int,getelementptr
196,12,3,64,int,getelementptr
197,12,4,64,int,getelementptr
198,12,5,64,int,getelementptr
199,12,6,64,int,getelementptr
200,12,7,64,int,getelementptr
201,12,8,64,int,getelementptr
202,12,9,64,int,getelementptr
203,12,10,64,int,getelementptr
204,12,11,64,int,getelementptr
205,12,12,64,int,getelementptr
206,12,13,64,int,getelementptr
207,12,14,64,int,getelementptr
208,12,15,64,int,getelementptr
209,12,16,64,int,getelementptr
210,12,17,64,int,getelementptr
211,12,18,64,int,getelementptr
212,12,19,64,int,getelementptr
213,12,20,64,int,getelementptr
214,12,21,64,int,getelementptr
215,12,22,64,int,getelementptr
216,12,23,64,int,getelementptr
217,12,24,64,int,getelementptr
218,12,25,64,int,getelementptr
219,12,26,64,int,getelementptr
220,12,27,64,int,getelementptr
221,12,28,64,int,getelementptr
222,12,29,64,int,getelementptr
223,12,30,64,int,getelementptr
224,12,31,64,int,getelementptr
225,12,32,64,int,getelementptr
226,12,33,64,int,getelementptr
227,12,34,64,int,getelementptr
228,12,35,64,int,getelementptr
229,12,36,64,int,getelementptr
230,12,37,64,int,getelementptr
231,12,38,64,int,getelementptr
232,12,39,64,int,getelementptr
233,12,40,64,int,getelementptr
234,12,41,64,int,getelementptr
235,12,42,64,int,getelementptr
236,12,43,64,int,getelementptr
237,12,44,64,int,getelementptr
238,12,45,64,int,getelementptr
239,12,46,64,int,getelementptr
240,12,47,64,int,getelementptr
241,12,48,64,int,getelementptr
242,12,49,64,int,getelementptr
243,12,50,64,int,getelementptr
244,12,51,64,int,getelementptr
245,12,52,64,int,getelementptr
246,12,53,64,int,getelementptr
247,12,54,64,int,getelementptr
248,12,55,64,int,getelementptr
249,12,56,64,int,getelementptr
250,12,57,64,int,getelementptr
251,12,58,64,int,getelementptr
252,12,59,64,int,getelementptr
253,12,60,64,int,getelementptr
254,12,61,64,int,getelementptr
255,12,62,64,int,getelementptr
256,12,63,64,int,getelementptr
257,13,0,32,int,mul
258,13,1,32,int,mul
259,13,2,32,int,mul
260,13,3,32,int,mul
261,13,4,32,int,mul
262,13,5,32,int,mul
263,13,6,32,int,mul
264,13,7,32,int,mul
265,13,8,32,int,mul
266,13,9,32,int,mul
267,13,10,32,int,mul
268,13,11,32,int,mul
269,13,12,32,int,mul
270,13,13,32,int,mul
271,13,14,32,int,mul
272,13,15,32,int,mul
273,13,16,32,int,mul
274,13,17,32,int,mul
275,13,18,32,int,mul
276,13,19,32,int,mul
277,13,20,32,int,mul
278,13,21,32,int,mul
279,13,22,32,int,mul
280,13,23,32,int,mul
281,13,24,32,int,mul
282,13,25,32,int,mul
283,13,26,32,int,mul
284,13,27,32,int,mul
285,13,28,32,int,mul
286,13,29,32,int,mul
287,13,30,32,int,mul
288,13,31,32,int,mul
289,14,0,32,int,mul
290,14,1,32,int,mul
291,14,2,32,int,mul
292,14,3,32,int,mul
293,14,4,32,int,mul
294,14,5,32,int,mul
295,14,6,32,int,mul
296,14,7,32,int,mul
297,14,8,32,int,mul
298,14,9,32,int,mul
299,14,10,32,int,mul
300,14,11,32,int,mul
301,14,12,32,int,mul
302,14,13,32,int,mul
303,14,14,32,int,mul
304,14,15,32,int,mul
305,14,16,32,int,mul
306,14,17,32,int,mul
307,14,18,32,int,mul
308,14,19,32,int,mul
309,14,20,32,int,mul
310,14,21,32,int,mul
311,14,22,32,int,mul
312,14,23,32,int,mul
313,14,24,32,int,mul
314,14,25,32,int,mul
315,14,26,32,int,mul
316,14,27,32,int,mul
317,14,28,32,int,mul
318,14,29,32,int,mul
319,14,30,32,int,mul
320,14,31,32,int,mul
321,15,0,32,int,store
322,15,1,32,int,store
323,15,2,32,int,store
324,15,3,32,int,store
325,15,4,32,int,store
326,15,5,32,int,store
327,15,6,32,int,store
328,15,7,32,int,store
329,15,8,32,int,store
330,15,9,32,int,store
331,15,10,32,int,store
332,15,11,32,int,store
333,15,12,32,int,store
334,15,13,32,int,store
335,15,14,32,int,store
336,15,15,32,int,store
337,15,16,32,int,store
338,15,17,32,int,store
339,15,18,32,int,store
340,15,19,32,int,store
341,15,20,32,int,store
342,15,21,32,int,store
343,15,22,32,int,store
344,15,23,32,int,store
345,15,24,32,int,store
346,15,25,32,int,store
347,15,26,32,int,store
348,15,27,32,int,store
349,15,28,32,int,store
350,15,29,32,int,store
351,15,30,32,int,store
352,15,31,32,int,store
353,16,0,32,int,add
354,16,1,32,int,add
355,16,2,32,int,add
356,16,3,32,int,add
357,16,4,32,int,add
358,16,5,32,int,add
359,16,6,32,int,add
360,16,7,32,int,add
361,16,8,32,int,add
362,16,9,32,int,add
363,16,10,32,int,add
364,16,11,32,int,add
365,16,12,32,int,add
366,16,13,32,int,add
367,16,14,32,int,add
368,16,15,32,int,add
369,16,16,32,int,add
370,16,17,32,int,add
371,16,18,32,int,add
372,16,19,32,int,add
373,16,20,32,int,add
374,16,21,32,int,add
375,16,22,32,int,add
376,16,23,32,int,add
377,16,24,32,int,add
378,16,25,32,int,add
379,16,26,32,int,add
380,16,27,32,int,add
381,16,28,32,int,add
382,16,29,32,int,add
383,16,30,32,int,add
384,16,31,32,int,add
385,17,0,32,int,mul
386,17,1,32,int,mul
387,17,2,32,int,mul
388,17,3,32,int,mul
389,17,4,32,int,mul
390,17,5,32,int,mul
391,17,6,32,int,mul
392,17,7,32,int,mul
393,17,8,32,int,mul
394,17,9,32,int,mul
395,17,10,32,int,mul
396,17,11,32,int,mul
397,17,12,32,int,mul
398,17,13,32,int,mul
399,17,14,32,int,mul
400,17,15,32,int,mul
401,17,16,32,int,mul
402,17,17,32,int,mul
403,17,18,32,int,mul
404,17,19,32,int,mul
405,17,20,32,int,mul
406,17,21,32,int,mul
407,17,22,32,int,mul
408,17,23,32,int,mul
409,17,24,32,int,mul
410,17,25,32,int,mul
411,17,26,32,int,mul
412,17,27,32,int,mul
413,17,28,32,int,mul
414,17,29,32,int,mul
415,17,30,32,int,mul
416,17,31,32,int,mul
417,18,0,32,int,mul
418,18,1,32,int,mul
419,18,2,32,int,mul
420,18,3,32,int,mul
421,18,4,32,int,mul
422,18,5,32,int,mul
423,18,6,32,int,mul
424,18,7,32,int,mul
425,18,8,32,int,mul
426,18,9,32,int,mul
427,18,10,32,int,mul
428,18,11,32,int,mul
429,18,12,32,int,mul
430,18,13,32,int,mul
431,18,14,32,int,mul
432,18,15,32,int,mul
433,18,16,32,int,mul
434,18,17,32,int,mul
435,18,18,32,int,mul
436,18,19,32,int,mul
437,18,20,32,int,mul
438,18,21,32,int,mul
439,18,22,32,int,mul
440,18,23,32,int,mul
441,18,24,32,int,mul
442,18,25,32,int,mul
443,18,26,32,int,mul
444,18,27,32,int,mul
445,18,28,32,int,mul
446,18,29,32,int,mul
447,18,30,32,int,mul
448,18,31,32,int,mul
449,19,0,32,int,icmp
450,19,1,32,int,icmp
451,19,2,32,int,icmp
452,19,3,32,int,icmp
453,19,4,32,int,icmp
454,19,5,32,int,icmp
455,19,6,32,int,icmp
456,19,7,32,int,icmp
457,19,8,32,int,icmp
458,19,9,32,int,icmp
459,19,10,32,int,icmp
460,19,11,32,int,icmp
461,19,12,32,int,icmp
462,19,13,32,int,icmp
463,19,14,32,int,icmp
464,19,15,32,int,icmp
465,19,16,32,int,icmp
466,19,17,32,int,icmp
467,19,18,32,int,icmp
468,19,19,32,int,icmp
469,19,20,32,int,icmp
470,19,21,32,int,icmp
471,19,22,32,int,icmp
472,19,23,32,int,icmp
473,19,24,32,int,icmp
474,19,25,32,int,icmp
475,19,26,32,int,icmp
476,19,27,32,int,icmp
477,19,28,32,int,icmp
478,19,29,32,int,icmp
479,19,30,32,int,icmp
480,19,31,32,int,icmp
481,20,0,32,int,icmp
482,20,1,32,int,icmp
483,20,2,32,int,icmp
484,20,3,32,int,icmp
485,20,4,32,int,icmp
486,20,5,32,int,icmp
487,20,6,32,int,icmp
488,20,7,32,int,icmp
489,20,8,32,int,icmp
490,20,9,32,int,icmp
491,20,10,32,int,icmp
492,20,11,32,int,icmp
493,20,12,32,int,icmp
494,20,13,32,int,icmp
495,20,14,32,int,icmp
496,20,15,32,int,icmp
497,20,16,32,int,icmp
498,20,17,32,int,icmp
499,20,18,32,int,icmp
500,20,19,32,int,icmp
501,20,20,32,int,icmp
502,20,21,32,int,icmp
503,20,22,32,int,icmp
504,20,23,32,int,icmp
505,20,24,32,int,icmp
506,20,25,32,int,icmp
507,20,26,32,int,icmp
508,20,27,32,int,icmp
509,20,28,32,int,icmp
510,20,29,32,int,icmp
511,20,30,32,int,icmp
512,20,31,32,int,icmp
513,21,0,1,int,br
514,22,0,32,int,urem
515,22,1,32,int,urem
516,22,2,32,int,urem
517,22,3,32,int,urem
518,22,4,32,int,urem
519,22,5,32,int,urem
520,22,6,32,int,urem
521,22,7,32,int,urem
522,22,8,32,int,urem
523,22,9,32,int,urem
524,22,10,32,int,urem
525,22,11,32,int,urem
526,22,12,32,int,urem
527,22,13,32,int,urem
528,22,14,32,int,urem
529,22,15,32,int,urem
530,22,16,32,int,urem
531,22,17,32,int,urem
532,22,18,32,int,urem
533,22,19,32,int,urem
534,22,20,32,int,urem
535,22,21,32,int,urem
536,22,22,32,int,urem
537,22,23,32,int,urem
538,22,24,32,int,urem
539,22,25,32,int,urem
540,22,26,32,int,urem
541,22,27,32,int,urem
542,22,28,32,int,urem
543,22,29,32,int,urem
544,22,30,32,int,urem
545,22,31,32,int,urem
546,23,0,32,int,uitofp
547,23,1,32,int,uitofp
548,23,2,32,int,uitofp
549,23,3,32,int,uitofp
550,23,4,32,int,uitofp
551,23,5,32,int,uitofp
552,23,6,32,int,uitofp
553,23,7,32,int,uitofp
554,23,8,32,int,uitofp
555,23,9,32,int,uitofp
556,23,10,32,int,uitofp
557,23,11,32,int,uitofp
558,23,12,32,int,uitofp
559,23,13,32,int,uitofp
560,23,14,32,int,uitofp
561,23,15,32,int,uitofp
562,23,16,32,int,uitofp
563,23,17,32,int,uitofp
564,23,18,32,int,uitofp
565,23,19,32,int,uitofp
566,23,20,32,int,uitofp
567,23,21,32,int,uitofp
568,23,22,32,int,uitofp
569,23,23,32,int,uitofp
570,23,24,32,int,uitofp
571,23,25,32,int,uitofp
572,23,26,32,int,uitofp
573,23,27,32,int,uitofp
574,23,28,32,int,uitofp
575,23,29,32,int,uitofp
576,23,30,32,int,uitofp
577,23,31,32,int,uitofp
578,24,0,64,float,call
579,24,1,64,float,call
580,24,2,64,float,call
581,24,3,64,float,call
582,24,4,64,float,call
583,24,5,64,float,call
584,24,6,64,float,call
585,24,7,64,float,call
586,24,8,64,float,call
587,24,9,64,float,call
588,24,10,64,float,call
589,24,11,64,float,call
590,24,12,64,float,call
591,24,13,64,float,call
592,24,14,64,float,call
593,24,15,64,float,call
594,24,16,64,float,call
595,24,17,64,float,call
596,24,18,64,float,call
597,24,19,64,float,call
598,24,20,64,float,call
599,24,21,64,float,call
600,24,22,64,float,call
601,24,23,64,float,call
602,24,24,64,float,call
603,24,25,64,float,call
604,24,26,64,float,call
605,24,27,64,float,call
606,24,28,64,float,call
607,24,29,64,float,call
608,24,30,64,float,call
609,24,31,64,float,call
610,24,32,64,float,call
611,24,33,64,float,call
612,24,34,64,float,call
613,24,35,64,float,call
614,24,36,64,float,call
615,24,37,64,float,call
616,24,38,64,float,call
617,24,39,64,float,call
618,24,40,64,float,call
619,24,41,64,float,call
620,24,42,64,float,call
621,24,43,64,float,call
622,24,44,64,float,call
623,24,45,64,float,call
624,24,46,64,float,call
625,24,47,64,float,call
626,24,48,64,float,call
627,24,49,64,float,call
628,24,50,64,float,call
629,24,51,64,float,call
630,24,52,64,float,call
631,24,53,64,float,call
632,24,54,64,float,call
633,24,55,64,float,call
634,24,56,64,float,call
635,24,57,64,float,call
636,24,58,64,float,call
637,24,59,64,float,call
638,24,60,64,float,call
639,24,61,64,float,call
640,24,62,64,float,call
641,24,63,64,float,call
642,25,0,32,int,add
643,25,1,32,int,add
644,25,2,32,int,add
645,25,3,32,int,add
646,25,4,32,int,add
647,25,5,32,int,add
648,25,6,32,int,add
649,25,7,32,int,add
650,25,8,32,int,add
651,25,9,32,int,add
652,25,10,32,int,add
653,25,11,32,int,add
654,25,12,32,int,add
655,25,13,32,int,add
656,25,14,32,int,add
657,25,15,32,int,add
658,25,16,32,int,add
659,25,17,32,int,add
660,25,18,32,int,add
661,25,19,32,int,add
662,25,20,32,int,add
663,25,21,32,int,add
664,25,22,32,int,add
665,25,23,32,int,add
666,25,24,32,int,add
667,25,25,32,int,add
668,25,26,32,int,add
669,25,27,32,int,add
670,25,28,32,int,add
671,25,29,32,int,add
672,25,30,32,int,add
673,25,31,32,int,add
674,26,0,32,int,store
675,26,1,32,int,store
676,26,2,32,int,store
677,26,3,32,int,store
678,26,4,32,int,store
679,26,5,32,int,store
680,26,6,32,int,store
681,26,7,32,int,store
682,26,8,32,int,store
683,26,9,32,int,store
684,26,10,32,int,store
685,26,11,32,int,store
686,26,12,32,int,store
687,26,13,32,int,store
688,26,14,32,int,store
689,26,15,32,int,store
690,26,16,32,int,store
691,26,17,32,int,store
692,26,18,32,int,store
693,26,19,32,int,store
694,26,20,32,int,store
695,26,21,32,int,store
696,26,22,32,int,store
697,26,23,32,int,store
698,26,24,32,int,store
699,26,25,32,int,store
700,26,26,32,int,store
701,26,27,32,int,store
702,26,28,32,int,store
703,26,29,32,int,store
704,26,30,32,int,store
705,26,31,32,int,store
706,27,0,64,float,store
707,27,1,64,float,store
708,27,2,64,float,store
709,27,3,64,float,store
710,27,4,64,float,store
711,27,5,64,float,store
712,27,6,64,float,store
713,27,7,64,float,store
714,27,8,64,float,store
715,27,9,64,float,store
716,27,10,64,float,store
717,27,11,64,float,store
718,27,12,64,float,store
719,27,13,64,float,store
720,27,14,64,float,store
721,27,15,64,float,store
722,27,16,64,float,store
723,27,17,64,float,store
724,27,18,64,float,store
725,27,19,64,float,store
726,27,20,64,float,store
727,27,21,64,float,store
728,27,22,64,float,store
729,27,23,64,float,store
730,27,24,64,float,store
731,27,25,64,float,store
732,27,26,64,float,store
733,27,27,64,float,store
734,27,28,64,float,store
735,27,29,64,float,store
736,27,30,64,float,store
737,27,31,64,float,store
738,27,32,64,float,store
739,27,33,64,float,store
740,27,34,64,float,store
741,27,35,64,float,store
742,27,36,64,float,store
743,27,37,64,float,store
744,27,38,64,float,store
745,27,39,64,float,store
746,27,40,64,float,store
747,27,41,64,float,store
748,27,42,64,float,store
749,27,43,64,float,store
750,27,44,64,float,store
751,27,45,64,float,store
752,27,46,64,float,store
753,27,47,64,float,store
754,27,48,64,float,store
755,27,49,64,float,store
756,27,50,64,float,store
757,27,51,64,float,store
758,27,52,64,float,store
759,27,53,64,float,store
760,27,54,64,float,store
761,27,55,64,float,store
762,27,56,64,float,store
763,27,57,64,float,store
764,27,58,64,float,store
765,27,59,64,float,store
766,27,60,64,float,store
767,27,61,64,float,store
768,27,62,64,float,store
769,27,63,64,float,store
770,28,0,32,int,store
771,28,1,32,int,store
772,28,2,32,int,store
773,28,3,32,int,store
774,28,4,32,int,store
775,28,5,32,int,store
776,28,6,32,int,store
777,28,7,32,int,store
778,28,8,32,int,store
779,28,9,32,int,store
780,28,10,32,int,store
781,28,11,32,int,store
782,28,12,32,int,store
783,28,13,32,int,store
784,28,14,32,int,store
785,28,15,32,int,store
786,28,16,32,int,store
787,28,17,32,int,store
788,28,18,32,int,store
789,28,19,32,int,store
790,28,20,32,int,store
791,28,21,32,int,store
792,28,22,32,int,store
793,28,23,32,int,store
794,28,24,32,int,store
795,28,25,32,int,store
796,28,26,32,int,store
797,28,27,32,int,store
798,28,28,32,int,store
799,28,29,32,int,store
800,28,30,32,int,store
801,28,31,32,int,store
802,29,0,32,int,store
803,29,1,32,int,store
804,29,2,32,int,store
805,29,3,32,int,store
806,29,4,32,int,store
807,29,5,32,int,store
808,29,6,32,int,store
809,29,7,32,int,store
810,29,8,32,int,store
811,29,9,32,int,store
812,29,10,32,int,store
813,29,11,32,int,store
814,29,12,32,int,store
815,29,13,32,int,store
816,29,14,32,int,store
817,29,15,32,int,store
818,29,16,32,int,store
819,29,17,32,int,store
820,29,18,32,int,store
821,29,19,32,int,store
822,29,20,32,int,store
823,29,21,32,int,store
824,29,22,32,int,store
825,29,23,32,int,store
826,29,24,32,int,store
827,29,25,32,int,store
828,29,26,32,int,store
829,29,27,32,int,store
830,29,28,32,int,store
831,29,29,32,int,store
832,29,30,32,int,store
833,29,31,32,int,store
834,33,0,64,float,ret
835,33,1,64,float,ret
836,33,2,64,float,ret
837,33,3,64,float,ret
838,33,4,64,float,ret
839,33,5,64,float,ret
840,33,6,64,float,ret
841,33,7,64,float,ret
842,33,8,64,float,ret
843,33,9,64,float,ret
844,33,10,64,float,ret
845,33,11,64,float,ret
846,33,12,64,float,ret
847,33,13,64,float,ret
848,33,14,64,float,ret
849,33,15,64,float,ret
850,33,16,64,float,ret
851,33,17,64,float,ret
852,33,18,64,float,ret
853,33,19,64,float,ret
854,33,20,64,float,ret
855,33,21,64,float,ret
856,33,22,64,float,ret
857,33,23,64,float,ret
858,33,24,64,float,ret
859,33,25,64,float,ret
860,33,26,64,float,ret
861,33,27,64,float,ret
862,33,28,64,float,ret
863,33,29,64,float,ret
864,33,30,64,float,ret
865,33,31,64,float,ret
866,33,32,64,float,ret
867,33,33,64,float,ret
868,33,34,64,float,ret
869,33,35,64,float,ret
870,33,36,64,float,ret
871,33,37,64,float,ret
872,33,38,64,float,ret
873,33,39,64,float,ret
874,33,40,64,float,ret
875,33,41,64,float,ret
876,33,42,64,float,ret
877,33,43,64,float,ret
878,33,44,64,float,ret
879,33,45,64,float,ret
880,33,46,64,float,ret
881,33,47,64,float,ret
882,33,48,64,float,ret
883,33,49,64,float,ret
884,33,50,64,float,ret
885,33,51,64,float,ret
886,33,52,64,float,ret
887,33,53,64,float,ret
888,33,54,64,float,ret
889,33,55,64,float,ret
890,33,56,64,float,ret
891,33,57,64,float,ret
892,33,58,64,float,ret
893,33,59,64,float,ret
894,33,60,64,float,ret
895,33,61,64,float,ret
896,33,62,64,float,ret
897,33,63,64,float,ret
898,34,0,32,int,store
899,34,1,32,int,store
900,34,2,32,int,store
901,34,3,32,int,store
902,34,4,32,int,store
903,34,5,32,int,store
904,34,6,32,int,store
905,34,7,32,int,store
906,34,8,32,int,store
907,34,9,32,int,store
908,34,10,32,int,store
909,34,11,32,int,store
910,34,12,32,int,store
911,34,13,32,int,store
912,34,14,32,int,store
913,34,15,32,int,store
914,34,16,32,int,store
915,34,17,32,int,store
916,34,18,32,int,store
917,34,19,32,int,store
918,34,20,32,int,store
919,34,21,32,int,store
920,34,22,32,int,store
921,34,23,32,int,store
922,34,24,32,int,store
923,34,25,32,int,store
924,34,26,32,int,store
925,34,27,32,int,store
926,34,28,32,int,store
927,34,29,32,int,store
928,34,30,32,int,store
929,34,31,32,int,store
930,35,0,32,int,store
931,35,1,32,int,store
932,35,2,32,int,store
933,35,3,32,int,store
934,35,4,32,int,store
935,35,5,32,int,store
936,35,6,32,int,store
937,35,7,32,int,store
938,35,8,32,int,store
939,35,9,32,int,store
940,35,10,32,int,store
941,35,11,32,int,store
942,35,12,32,int,store
943,35,13,32,int,store
944,35,14,32,int,store
945,35,15,32,int,store
946,35,16,32,int,store
947,35,17,32,int,store
948,35,18,32,int,store
949,35,19,32,int,store
950,35,20,32,int,store
951,35,21,32,int,store
952,35,22,32,int,store
953,35,23,32,int,store
954,35,24,32,int,store
955,35,25,32,int,store
956,35,26,32,int,store
957,35,27,32,int,store
958,35,28,32,int,store
959,35,29,32,int,store
960,35,30,32,int,store
961,35,31,32,int,store
962,45,0,32,int,store
963,45,1,32,int,store
964,45,2,32,int,store
965,45,3,32,int,store
966,45,4,32,int,store
967,45,5,32,int,store
968,45,6,32,int,store
969,45,7,32,int,store
970,45,8,32,int,store
971,45,9,32,int,store
972,45,10,32,int,store
973,45,11,32,int,store
974,45,12,32,int,store
975,45,13,32,int,store
976,45,14,32,int,store
977,45,15,32,int,store
978,45,16,32,int,store
979,45,17,32,int,store
980,45,18,32,int,store
981,45,19,32,int,store
982,45,20,32,int,store
983,45,21,32,int,store
984,45,22,32,int,store
985,45,23,32,int,store
986,45,24,32,int,store
987,45,25,32,int,store
988,45,26,32,int,store
989,45,27,32,int,store
990,45,28,32,int,store
991,45,29,32,int,store
992,45,30,32,int,store
993,45,31,32,int,store
994,46,0,32,int,store
995,46,1,32,int,store
996,46,2,32,int,store
997,46,3,32,int,store
998,46,4,32,int,store
999,46,5,32,int,store
1000,46,6,32,int,store
1001,46,7,32,int,store
1002,46,8,32,int,store
1003,46,9,32,int,store
1004,46,10,32,int,store
1005,46,11,32,int,store
1006,46,12,32,int,store
1007,46,13,32,int,store
1008,46,14,32,int,store
1009,46,15,32,int,store
1010,46,16,32,int,store
1011,46,17,32,int,store
1012,46,18,32,int,store
1013,46,19,32,int,store
1014,46,20,32,int,store
1015,46,21,32,int,store
1016,46,22,32,int,store
1017,46,23,32,int,store
1018,46,24,32,int,store
1019,46,25,32,int,store
1020,46,26,32,int,store
1021,46,27,32,int,store
1022,46,28,32,int,store
1023,46,29,32,int,store
1024,46,30,32,int,store
1025,46,31,32,int,store
1026,47,0,64,float,store
1027,47,1,64,float,store
1028,47,2,64,float,store
1029,47,3,64,float,store
1030,47,4,64,float,store
1031,47,5,64,float,store
1032,47,6,64,float,store
1033,47,7,64,float,store
1034,47,8,64,float,store
1035,47,9,64,float,store
1036,47,10,64,float,store
1037,47,11,64,float,store
1038,47,12,64,float,store
1039,47,13,64,float,store
1040,47,14,64,float,store
1041,47,15,64,float,store
1042,47,16,64,float,store
1043,47,17,64,float,store
1044,47,18,64,float,store
1045,47,19,64,float,store
1046,47,20,64,float,store
1047,47,21,64,float,store
1048,47,22,64,float,store
1049,47,23,64,float,store
1050,47,24,64,float,store
1051,47,25,64,float,store
1052,47,26,64,float,store
1053,47,27,64,float,store
1054,47,28,64,float,store
1055,47,29,64,float,store
1056,47,30,64,float,store
1057,47,31,64,float,store
1058,47,32,64,float,store
1059,47,33,64,float,store
1060,47,34,64,float,store
1061,47,35,64,float,store
1062,47,36,64,float,store
1063,47,37,64,float,store
1064,47,38,64,float,store
1065,47,39,64,float,store
1066,47,40,64,float,store
1067,47,41,64,float,store
1068,47,42,64,float,store
1069,47,43,64,float,store
1070,47,44,64,float,store
1071,47,45,64,float,store
1072,47,46,64,float,store
1073,47,47,64,float,store
1074,47,48,64,float,store
1075,47,49,64,float,store
1076,47,50,64,float,store
1077,47,51,64,float,store
1078,47,52,64,float,store
1079,47,53,64,float,store
1080,47,54,64,float,store
1081,47,55,64,float,store
1082,47,56,64,float,store
1083,47,57,64,float,store
1084,47,58,64,float,store
1085,47,59,64,float,store
1086,47,60,64,float,store
1087,47,61,64,float,store
1088,47,62,64,float,store
1089,47,63,64,float,store
1090,49,0,32,int,store
1091,49,1,32,int,store
1092,49,2,32,int,store
1093,49,3,32,int,store
1094,49,4,32,int,store
1095,49,5,32,int,store
1096,49,6,32,int,store
1097,49,7,32,int,store
1098,49,8,32,int,store
1099,49,9,32,int,store
1100,49,10,32,int,store
1101,49,11,32,int,store
1102,49,12,32,int,store
1103,49,13,32,int,store
1104,49,14,32,int,store
1105,49,15,32,int,store
1106,49,16,32,int,store
1107,49,17,32,int,store
1108,49,18,32,int,store
1109,49,19,32,int,store
1110,49,20,32,int,store
1111,49,21,32,int,store
1112,49,22,32,int,store
1113,49,23,32,int,store
1114,49,24,32,int,store
1115,49,25,32,int,store
1116,49,26,32,int,store
1117,49,27,32,int,store
1118,49,28,32,int,store
1119,49,29,32,int,store
1120,49,30,32,int,store
1121,49,31,32,int,store
1122,51,0,32,int,store
1123,51,1,32,int,store
1124,51,2,32,int,store
1125,51,3,32,int,store
1126,51,4,32,int,store
1127,51,5,32,int,store
1128,51,6,32,int,store
1129,51,7,32,int,store
1130,51,8,32,int,store
1131,51,9,32,int,store
1132,51,10,32,int,store
1133,51,11,32,int,store
1134,51,12,32,int,store
1135,51,13,32,int,store
1136,51,14,32,int,store
1137,51,15,32,int,store
1138,51,16,32,int,store
1139,51,17,32,int,store
1140,51,18,32,int,store
1141,51,19,32,int,store
1142,51,20,32,int,store
1143,51,21,32,int,store
1144,51,22,32,int,store
1145,51,23,32,int,store
1146,51,24,32,int,store
1147,51,25,32,int,store
1148,51,26,32,int,store
1149,51,27,32,int,store
1150,51,28,32,int,store
1151,51,29,32,int,store
1152,51,30,32,int,store
1153,51,31,32,int,store
1154,56,0,32,int,store
1155,56,1,32,int,store
1156,56,2,32,int,store
1157,56,3,32,int,store
1158,56,4,32,int,store
1159,56,5,32,int,store
1160,56,6,32,int,store
1161,56,7,32,int,store
1162,56,8,32,int,store
1163,56,9,32,int,store
1164,56,10,32,int,store
1165,56,11,32,int,store
1166,56,12,32,int,store
1167,56,13,32,int,store
1168,56,14,32,int,store
1169,56,15,32,int,store
1170,56,16,32,int,store
1171,56,17,32,int,store
1172,56,18,32,int,store
1173,56,19,32,int,store
1174,56,20,32,int,store
1175,56,21,32,int,store
1176,56,22,32,int,store
1177,56,23,32,int,store
1178,56,24,32,int,store
1179,56,25,32,int,store
1180,56,26,32,int,store
1181,56,27,32,int,store
1182,56,28,32,int,store
1183,56,29,32,int,store
1184,56,30,32,int,store
1185,56,31,32,int,store
1186,61,0,32,int,ret
1187,61,1,32,int,ret
1188,61,2,32,int,ret
1189,61,3,32,int,ret
1190,61,4,32,int,ret
1191,61,5,32,int,ret
1192,61,6,32,int,ret
1193,61,7,32,int,ret
1194,61,8,32,int,ret
1195,61,9,32,int,ret
1196,61,10,32,int,ret
1197,61,11,32,int,ret
1198,61,12,32,int,ret
1199,61,13,32,int,ret
1200,61,14,32,int,ret
1201,61,15,32,int,ret
1202,61,16,32,int,ret
1203,61,17,32,int,ret
1204,61,18,32,int,ret
1205,61,19,32,int,ret
1206,61,20,32,int,ret
1207,61,21,32,int,ret
1208,61,22,32,int,ret
1209,61,23,32,int,ret
1210,61,24,32,int,ret
1211,61,25,32,int,ret
1212,61,26,32,int,ret
1213,61,27,32,int,ret
1214,61,28,32,int,ret
1215,61,29,32,int,ret
1216,61,30,32,int,ret
1217,61,31,32,int,ret
1218,62,0,32,int,store
1219,62,1,32,int,store
1220,62,2,32,int,store
1221,62,3,32,int,store
1222,62,4,32,int,store
1223,62,5,32,int,store
1224,62,6,32,int,store
1225,62,7,32,int,store
1226,62,8,32,int,store
1227,62,9,32,int,store
1228,62,10,32,int,store
1229,62,11,32,int,store
1230,62,12,32,int,store
1231,62,13,32,int,store
1232,62,14,32,int,store
1233,62,15,32,int,store
1234,62,16,32,int,store
1235,62,17,32,int,store
1236,62,18,32,int,store
1237,62,19,32,int,store
1238,62,20,32,int,store
1239,62,21,32,int,store
1240,62,22,32,int,store
1241,62,23,32,int,store
1242,62,24,32,int,store
1243,62,25,32,int,store
1244,62,26,32,int,store
1245,62,27,32,int,store
1246,62,28,32,int,store
1247,62,29,32,int,store
1248,62,30,32,int,store
1249,62,31,32,int,store
1250,85,0,32,int,store
1251,85,1,32,int,store
1252,85,2,32,int,store
1253,85,3,32,int,store
1254,85,4,32,int,store
1255,85,5,32,int,store
1256,85,6,32,int,store
1257,85,7,32,int,store
1258,85,8,32,int,store
1259,85,9,32,int,store
1260,85,10,32,int,store
1261,85,11,32,int,store
1262,85,12,32,int,store
1263,85,13,32,int,store
1264,85,14,32,int,store
1265,85,15,32,int,store
1266,85,16,32,int,store
1267,85,17,32,int,store
1268,85,18,32,int,store
1269,85,19,32,int,store
1270,85,20,32,int,store
1271,85,21,32,int,store
1272,85,22,32,int,store
1273,85,23,32,int,store
1274,85,24,32,int,store
1275,85,25,32,int,store
1276,85,26,32,int,store
1277,85,27,32,int,store
1278,85,28,32,int,store
1279,85,29,32,int,store
1280,85,30,32,int,store
1281,85,31,32,int,store
1282,86,0,32,int,store
1283,86,1,32,int,store
1284,86,2,32,int,store
1285,86,3,32,int,store
1286,86,4,32,int,store
1287,86,5,32,int,store
1288,86,6,32,int,store
1289,86,7,32,int,store
1290,86,8,32,int,store
1291,86,9,32,int,store
1292,86,10,32,int,store
1293,86,11,32,int,store
1294,86,12,32,int,store
1295,86,13,32,int,store
1296,86,14,32,int,store
1297,86,15,32,int,store
1298,86,16,32,int,store
1299,86,17,32,int,store
1300,86,18,32,int,store
1301,86,19,32,int,store
1302,86,20,32,int,store
1303,86,21,32,int,store
1304,86,22,32,int,store
1305,86,23,32,int,store
1306,86,24,32,int,store
1307,86,25,32,int,store
1308,86,26,32,int,store
1309,86,27,32,int,store
1310,86,28,32,int,store
1311,86,29,32,int,store
1312,86,30,32,int,store
1313,86,31,32,int,store
1314,88,0,32,int,store
1315,88,1,32,int,store
1316,88,2,32,int,store
1317,88,3,32,int,store
1318,88,4,32,int,store
1319,88,5,32,int,store
1320,88,6,32,int,store
1321,88,7,32,int,store
1322,88,8,32,int,store
1323,88,9,32,int,store
1324,88,10,32,int,store
1325,88,11,32,int,store
1326,88,12,32,int,store
1327,88,13,32,int,store
1328,88,14,32,int,store
1329,88,15,32,int,store
1330,88,16,32,int,store
1331,88,17,32,int,store
1332,88,18,32,int,store
1333,88,19,32,int,store
1334,88,20,32,int,store
1335,88,21,32,int,store
1336,88,22,32,int,store
1337,88,23,32,int,store
1338,88,24,32,int,store
1339,88,25,32,int,store
1340,88,26,32,int,store
1341,88,27,32,int,store
1342,88,28,32,int,store
1343,88,29,32,int,store
1344,88,30,32,int,store
1345,88,31,32,int,store
1346,94,0,32,int,store
1347,94,1,32,int,store
1348,94,2,32,int,store
1349,94,3,32,int,store
1350,94,4,32,int,store
1351,94,5,32,int,store
1352,94,6,32,int,store
1353,94,7,32,int,store
1354,94,8,32,int,store
1355,94,9,32,int,store
1356,94,10,32,int,store
1357,94,11,32,int,store
1358,94,12,32,int,store
1359,94,13,32,int,store
1360,94,14,32,int,store
1361,94,15,32,int,store
1362,94,16,32,int,store
1363,94,17,32,int,store
1364,94,18,32,int,store
1365,94,19,32,int,store
1366,94,20,32,int,store
1367,94,21,32,int,store
1368,94,22,32,int,store
1369,94,23,32,int,store
1370,94,24,32,int,store
1371,94,25,32,int,store
1372,94,26,32,int,store
1373,94,27,32,int,store
1374,94,28,32,int,store
1375,94,29,32,int,store
1376,94,30,32,int,store
1377,94,31,32,int,store
1378,95,0,32,int,mul
1379,95,1,32,int,mul
1380,95,2,32,int,mul
1381,95,3,32,int,mul
1382,95,4,32,int,mul
1383,95,5,32,int,mul
1384,95,6,32,int,mul
1385,95,7,32,int,mul
1386,95,8,32,int,mul
1387,95,9,32,int,mul
1388,95,10,32,int,mul
1389,95,11,32,int,mul
1390,95,12,32,int,mul
1391,95,13,32,int,mul
1392,95,14,32,int,mul
1393,95,15,32,int,mul
1394,95,16,32,int,mul
1395,95,17,32,int,mul
1396,95,18,32,int,mul
1397,95,19,32,int,mul
1398,95,20,32,int,mul
1399,95,21,32,int,mul
1400,95,22,32,int,mul
1401,95,23,32,int,mul
1402,95,24,32,int,mul
1403,95,25,32,int,mul
1404,95,26,32,int,mul
1405,95,27,32,int,mul
1406,95,28,32,int,mul
1407,95,29,32,int,mul
1408,95,30,32,int,mul
1409,95,31,32,int,mul
1410,96,0,32,int,mul
1411,96,1,32,int,mul
1412,96,2,32,int,mul
1413,96,3,32,int,mul
1414,96,4,32,int,mul
1415,96,5,32,int,mul
1416,96,6,32,int,mul
1417,96,7,32,int,mul
1418,96,8,32,int,mul
1419,96,9,32,int,mul
1420,96,10,32,int,mul
1421,96,11,32,int,mul
1422,96,12,32,int,mul
1423,96,13,32,int,mul
1424,96,14,32,int,mul
1425,96,15,32,int,mul
1426,96,16,32,int,mul
1427,96,17,32,int,mul
1428,96,18,32,int,mul
1429,96,19,32,int,mul
1430,96,20,32,int,mul
1431,96,21,32,int,mul
1432,96,22,32,int,mul
1433,96,23,32,int,mul
1434,96,24,32,int,mul
1435,96,25,32,int,mul
1436,96,26,32,int,mul
1437,96,27,32,int,mul
1438,96,28,32,int,mul
1439,96,29,32,int,mul
1440,96,30,32,int,mul
1441,96,31,32,int,mul
1442,97,0,32,int,store
1443,97,1,32,int,store
1444,97,2,32,int,store
1445,97,3,32,int,store
1446,97,4,32,int,store
1447,97,5,32,int,store
1448,97,6,32,int,store
1449,97,7,32,int,store
1450,97,8,32,int,store
1451,97,9,32,int,store
1452,97,10,32,int,store
1453,97,11,32,int,store
1454,97,12,32,int,store
1455,97,13,32,int,store
1456,97,14,32,int,store
1457,97,15,32,int,store
1458,97,16,32,int,store
1459,97,17,32,int,store
1460,97,18,32,int,store
1461,97,19,32,int,store
1462,97,20,32,int,store
1463,97,21,32,int,store
1464,97,22,32,int,store
1465,97,23,32,int,store
1466,97,24,32,int,store
1467,97,25,32,int,store
1468,97,26,32,int,store
1469,97,27,32,int,store
1470,97,28,32,int,store
1471,97,29,32,int,store
1472,97,30,32,int,store
1473,97,31,32,int,store
1474,98,0,32,int,add
1475,98,1,32,int,add
1476,98,2,32,int,add
1477,98,3,32,int,add
1478,98,4,32,int,add
1479,98,5,32,int,add
1480,98,6,32,int,add
1481,98,7,32,int,add
1482,98,8,32,int,add
1483,98,9,32,int,add
1484,98,10,32,int,add
1485,98,11,32,int,add
1486,98,12,32,int,add
1487,98,13,32,int,add
1488,98,14,32,int,add
1489,98,15,32,int,add
1490,98,16,32,int,add
1491,98,17,32,int,add
1492,98,18,32,int,add
1493,98,19,32,int,add
1494,98,20,32,int,add
1495,98,21,32,int,add
1496,98,22,32,int,add
1497,98,23,32,int,add
1498,98,24,32,int,add
1499,98,25,32,int,add
1500,98,26,32,int,add
1501,98,27,32,int,add
1502,98,28,32,int,add
1503,98,29,32,int,add
1504,98,30,32,int,add
1505,98,31,32,int,add
1506,99,0,32,int,mul
1507,99,1,32,int,mul
1508,99,2,32,int,mul
1509,99,3,32,int,mul
1510,99,4,32,int,mul
1511,99,5,32,int,mul
1512,99,6,32,int,mul
1513,99,7,32,int,mul
1514,99,8,32,int,mul
1515,99,9,32,int,mul
1516,99,10,32,int,mul
1517,99,11,32,int,mul
1518,99,12,32,int,mul
1519,99,13,32,int,mul
1520,99,14,32,int,mul
1521,99,15,32,int,mul
1522,99,16,32,int,mul
1523,99,17,32,int,mul
1524,99,18,32,int,mul
1525,99,19,32,int,mul
1526,99,20,32,int,mul
1527,99,21,32,int,mul
1528,99,22,32,int,mul
1529,99,23,32,int,mul
1530,99,24,32,int,mul
1531,99,25,32,int,mul
1532,99,26,32,int,mul
1533,99,27,32,int,mul
1534,99,28,32,int,mul
1535,99,29,32,int,mul
1536,99,30,32,int,mul
1537,99,31,32,int,mul
1538,100,0,32,int,mul
1539,100,1,32,int,mul
1540,100,2,32,int,mul
1541,100,3,32,int,mul
1542,100,4,32,int,mul
1543,100,5,32,int,mul
1544,100,6,32,int,mul
1545,100,7,32,int,mul
1546,100,8,32,int,mul
1547,100,9,32,int,mul
1548,100,10,32,int,mul
1549,100,11,32,int,mul
1550,100,12,32,int,mul
1551,100,13,32,int,mul
1552,100,14,32,int,mul
1553,100,15,32,int,mul
1554,100,16,32,int,mul
1555,100,17,32,int,mul
1556,100,18,32,int,mul
1557,100,19,32,int,mul
1558,100,20,32,int,mul
1559,100,21,32,int,mul
1560,100,22,32,int,mul
1561,100,23,32,int,mul
1562,100,24,32,int,mul
1563,100,25,32,int,mul
1564,100,26,32,int,mul
1565,100,27,32,int,mul
1566,100,28,32,int,mul
1567,100,29,32,int,mul
1568,100,30,32,int,mul
1569,100,31,32,int,mul
1570,101,0,32,int,icmp
1571,101,1,32,int,icmp
1572,101,2,32,int,icmp
1573,101,3,32,int,icmp
1574,101,4,32,int,icmp
1575,101,5,32,int,icmp
1576,101,6,32,int,icmp
1577,101,7,32,int,icmp
1578,101,8,32,int,icmp
1579,101,9,32,int,icmp
1580,101,10,32,int,icmp
1581,101,11,32,int,icmp
1582,101,12,32,int,icmp
1583,101,13,32,int,icmp
1584,101,14,32,int,icmp
1585,101,15,32,int,icmp
1586,101,16,32,int,icmp
1587,101,17,32,int,icmp
1588,101,18,32,int,icmp
1589,101,19,32,int,icmp
1590,101,20,32,int,icmp
1591,101,21,32,int,icmp
1592,101,22,32,int,icmp
1593,101,23,32,int,icmp
1594,101,24,32,int,icmp
1595,101,25,32,int,icmp
1596,101,26,32,int,icmp
1597,101,27,32,int,icmp
1598,101,28,32,int,icmp
1599,101,29,32,int,icmp
1600,101,30,32,int,icmp
1601,101,31,32,int,icmp
1602,102,0,32,int,icmp
1603,102,1,32,int,icmp
1604,102,2,32,int,icmp
1605,102,3,32,int,icmp
1606,102,4,32,int,icmp
1607,102,5,32,int,icmp
1608,102,6,32,int,icmp
1609,102,7,32,int,icmp
1610,102,8,32,int,icmp
1611,102,9,32,int,icmp
1612,102,10,32,int,icmp
1613,102,11,32,int,icmp
1614,102,12,32,int,icmp
1615,102,13,32,int,icmp
1616,102,14,32,int,icmp
1617,102,15,32,int,icmp
1618,102,16,32,int,icmp
1619,102,17,32,int,icmp
1620,102,18,32,int,icmp
1621,102,19,32,int,icmp
1622,102,20,32,int,icmp
1623,102,21,32,int,icmp
1624,102,22,32,int,icmp
1625,102,23,32,int,icmp
1626,102,24,32,int,icmp
1627,102,25,32,int,icmp
1628,102,26,32,int,icmp
1629,102,27,32,int,icmp
1630,102,28,32,int,icmp
1631,102,29,32,int,icmp
1632,102,30,32,int,icmp
1633,102,31,32,int,icmp
1634,103,0,1,int,br
1635,104,0,32,int,urem
1636,104,1,32,int,urem
1637,104,2,32,int,urem
1638,104,3,32,int,urem
1639,104,4,32,int,urem
1640,104,5,32,int,urem
1641,104,6,32,int,urem
1642,104,7,32,int,urem
1643,104,8,32,int,urem
1644,104,9,32,int,urem
1645,104,10,32,int,urem
1646,104,11,32,int,urem
1647,104,12,32,int,urem
1648,104,13,32,int,urem
1649,104,14,32,int,urem
1650,104,15,32,int,urem
1651,104,16,32,int,urem
1652,104,17,32,int,urem
1653,104,18,32,int,urem
1654,104,19,32,int,urem
1655,104,20,32,int,urem
1656,104,21,32,int,urem
1657,104,22,32,int,urem
1658,104,23,32,int,urem
1659,104,24,32,int,urem
1660,104,25,32,int,urem
1661,104,26,32,int,urem
1662,104,27,32,int,urem
1663,104,28,32,int,urem
1664,104,29,32,int,urem
1665,104,30,32,int,urem
1666,104,31,32,int,urem
1667,105,0,32,int,uitofp
1668,105,1,32,int,uitofp
1669,105,2,32,int,uitofp
1670,105,3,32,int,uitofp
1671,105,4,32,int,uitofp
1672,105,5,32,int,uitofp
1673,105,6,32,int,uitofp
1674,105,7,32,int,uitofp
1675,105,8,32,int,uitofp
1676,105,9,32,int,uitofp
1677,105,10,32,int,uitofp
1678,105,11,32,int,uitofp
1679,105,12,32,int,uitofp
1680,105,13,32,int,uitofp
1681,105,14,32,int,uitofp
1682,105,15,32,int,uitofp
1683,105,16,32,int,uitofp
1684,105,17,32,int,uitofp
1685,105,18,32,int,uitofp
1686,105,19,32,int,uitofp
1687,105,20,32,int,uitofp
1688,105,21,32,int,uitofp
1689,105,22,32,int,uitofp
1690,105,23,32,int,uitofp
1691,105,24,32,int,uitofp
1692,105,25,32,int,uitofp
1693,105,26,32,int,uitofp
1694,105,27,32,int,uitofp
1695,105,28,32,int,uitofp
1696,105,29,32,int,uitofp
1697,105,30,32,int,uitofp
1698,105,31,32,int,uitofp
1699,106,0,32,int,zext
1700,106,1,32,int,zext
1701,106,2,32,int,zext
1702,106,3,32,int,zext
1703,106,4,32,int,zext
1704,106,5,32,int,zext
1705,106,6,32,int,zext
1706,106,7,32,int,zext
1707,106,8,32,int,zext
1708,106,9,32,int,zext
1709,106,10,32,int,zext
1710,106,11,32,int,zext
1711,106,12,32,int,zext
1712,106,13,32,int,zext
1713,106,14,32,int,zext
1714,106,15,32,int,zext
1715,106,16,32,int,zext
1716,106,17,32,int,zext
1717,106,18,32,int,zext
1718,106,19,32,int,zext
1719,106,20,32,int,zext
1720,106,21,32,int,zext
1721,106,22,32,int,zext
1722,106,23,32,int,zext
1723,106,24,32,int,zext
1724,106,25,32,int,zext
1725,106,26,32,int,zext
1726,106,27,32,int,zext
1727,106,28,32,int,zext
1728,106,29,32,int,zext
1729,106,30,32,int,zext
1730,106,31,32,int,zext
1731,107,0,64,int,getelementptr
1732,107,1,64,int,getelementptr
1733,107,2,64,int,getelementptr
1734,107,3,64,int,getelementptr
1735,107,4,64,int,getelementptr
1736,107,5,64,int,getelementptr
1737,107,6,64,int,getelementptr
1738,107,7,64,int,getelementptr
1739,107,8,64,int,getelementptr
1740,107,9,64,int,getelementptr
1741,107,10,64,int,getelementptr
1742,107,11,64,int,getelementptr
1743,107,12,64,int,getelementptr
1744,107,13,64,int,getelementptr
1745,107,14,64,int,getelementptr
1746,107,15,64,int,getelementptr
1747,107,16,64,int,getelementptr
1748,107,17,64,int,getelementptr
1749,107,18,64,int,getelementptr
1750,107,19,64,int,getelementptr
1751,107,20,64,int,getelementptr
1752,107,21,64,int,getelementptr
1753,107,22,64,int,getelementptr
1754,107,23,64,int,getelementptr
1755,107,24,64,int,getelementptr
1756,107,25,64,int,getelementptr
1757,107,26,64,int,getelementptr
1758,107,27,64,int,getelementptr
1759,107,28,64,int,getelementptr
1760,107,29,64,int,getelementptr
1761,107,30,64,int,getelementptr
1762,107,31,64,int,getelementptr
1763,107,32,64,int,getelementptr
1764,107,33,64,int,getelementptr
1765,107,34,64,int,getelementptr
1766,107,35,64,int,getelementptr
1767,107,36,64,int,getelementptr
1768,107,37,64,int,getelementptr
1769,107,38,64,int,getelementptr
1770,107,39,64,int,getelementptr
1771,107,40,64,int,getelementptr
1772,107,41,64,int,getelementptr
1773,107,42,64,int,getelementptr
1774,107,43,64,int,getelementptr
1775,107,44,64,int,getelementptr
1776,107,45,64,int,getelementptr
1777,107,46,64,int,getelementptr
1778,107,47,64,int,getelementptr
1779,107,48,64,int,getelementptr
1780,107,49,64,int,getelementptr
1781,107,50,64,int,getelementptr
1782,107,51,64,int,getelementptr
1783,107,52,64,int,getelementptr
1784,107,53,64,int,getelementptr
1785,107,54,64,int,getelementptr
1786,107,55,64,int,getelementptr
1787,107,56,64,int,getelementptr
1788,107,57,64,int,getelementptr
1789,107,58,64,int,getelementptr
1790,107,59,64,int,getelementptr
1791,107,60,64,int,getelementptr
1792,107,61,64,int,getelementptr
1793,107,62,64,int,getelementptr
1794,107,63,64,int,getelementptr
1795,108,0,64,float,fadd
1796,108,1,64,float,fadd
1797,108,2,64,float,fadd
1798,108,3,64,float,fadd
1799,108,4,64,float,fadd
1800,108,5,64,float,fadd
1801,108,6,64,float,fadd
1802,108,7,64,float,fadd
1803,108,8,64,float,fadd
1804,108,9,64,float,fadd
1805,108,10,64,float,fadd
1806,108,11,64,float,fadd
1807,108,12,64,float,fadd
1808,108,13,64,float,fadd
1809,108,14,64,float,fadd
1810,108,15,64,float,fadd
1811,108,16,64,float,fadd
1812,108,17,64,float,fadd
1813,108,18,64,float,fadd
1814,108,19,64,float,fadd
1815,108,20,64,float,fadd
1816,108,21,64,float,fadd
1817,108,22,64,float,fadd
1818,108,23,64,float,fadd
1819,108,24,64,float,fadd
1820,108,25,64,float,fadd
1821,108,26,64,float,fadd
1822,108,27,64,float,fadd
1823,108,28,64,float,fadd
1824,108,29,64,float,fadd
1825,108,30,64,float,fadd
1826,108,31,64,float,fadd
1827,108,32,64,float,fadd
1828,108,33,64,float,fadd
1829,108,34,64,float,fadd
1830,108,35,64,float,fadd
1831,108,36,64,float,fadd
1832,108,37,64,float,fadd
1833,108,38,64,float,fadd
1834,108,39,64,float,fadd
1835,108,40,64,float,fadd
1836,108,41,64,float,fadd
1837,108,42,64,float,fadd
1838,108,43,64,float,fadd
1839,108,44,64,float,fadd
1840,108,45,64,float,fadd
1841,108,46,64,float,fadd
1842,108,47,64,float,fadd
1843,108,48,64,float,fadd
1844,108,49,64,float,fadd
1845,108,50,64,float,fadd
1846,108,51,64,float,fadd
1847,108,52,64,float,fadd
1848,108,53,64,float,fadd
1849,108,54,64,float,fadd
1850,108,55,64,float,fadd
1851,108,56,64,float,fadd
1852,108,57,64,float,fadd
1853,108,58,64,float,fadd
1854,108,59,64,float,fadd
1855,108,60,64,float,fadd
1856,108,61,64,float,fadd
1857,108,62,64,float,fadd
1858,108,63,64,float,fadd
1859,109,0,64,float,fadd
1860,109,1,64,float,fadd
1861,109,2,64,float,fadd
1862,109,3,64,float,fadd
1863,109,4,64,float,fadd
1864,109,5,64,float,fadd
1865,109,6,64,float,fadd
1866,109,7,64,float,fadd
1867,109,8,64,float,fadd
1868,109,9,64,float,fadd
1869,109,10,64,float,fadd
1870,109,11,64,float,fadd
1871,109,12,64,float,fadd
1872,109,13,64,float,fadd
1873,109,14,64,float,fadd
1874,109,15,64,float,fadd
1875,109,16,64,float,fadd
1876,109,17,64,float,fadd
1877,109,18,64,float,fadd
1878,109,19,64,float,fadd
1879,109,20,64,float,fadd
1880,109,21,64,float,fadd
1881,109,22,64,float,fadd
1882,109,23,64,float,fadd
1883,109,24,64,float,fadd
1884,109,25,64,float,fadd
1885,109,26,64,float,fadd
1886,109,27,64,float,fadd
1887,109,28,64,float,fadd
1888,109,29,64,float,fadd
1889,109,30,64,float,fadd
1890,109,31,64,float,fadd
1891,109,32,64,float,fadd
1892,109,33,64,float,fadd
1893,109,34,64,float,fadd
1894,109,35,64,float,fadd
1895,109,36,64,float,fadd
1896,109,37,64,float,fadd
1897,109,38,64,float,fadd
1898,109,39,64,float,fadd
1899,109,40,64,float,fadd
1900,109,41,64,float,fadd
1901,109,42,64,float,fadd
1902,109,43,64,float,fadd
1903,109,44,64,float,fadd
1904,109,45,64,float,fadd
1905,109,46,64,float,fadd
1906,109,47,64,float,fadd
1907,109,48,64,float,fadd
1908,109,49,64,float,fadd
1909,109,50,64,float,fadd
1910,109,51,64,float,fadd
1911,109,52,64,float,fadd
1912,109,53,64,float,fadd
1913,109,54,64,float,fadd
1914,109,55,64,float,fadd
1915,109,56,64,float,fadd
1916,109,57,64,float,fadd
1917,109,58,64,float,fadd
1918,109,59,64,float,fadd
1919,109,60,64,float,fadd
1920,109,61,64,float,fadd
1921,109,62,64,float,fadd
1922,109,63,64,float,fadd
1923,110,0,64,float,store
1924,110,1,64,float,store
1925,110,2,64,float,store
1926,110,3,64,float,store
1927,110,4,64,float,store
1928,110,5,64,float,store
1929,110,6,64,float,store
1930,110,7,64,float,store
1931,110,8,64,float,store
1932,110,9,64,float,store
1933,110,10,64,float,store
1934,110,11,64,float,store
1935,110,12,64,float,store
1936,110,13,64,float,store
1937,110,14,64,float,store
1938,110,15,64,float,store
1939,110,16,64,float,store
1940,110,17,64,float,store
1941,110,18,64,float,store
1942,110,19,64,float,store
1943,110,20,64,float,store
1944,110,21,64,float,store
1945,110,22,64,float,store
1946,110,23,64,float,store
1947,110,24,64,float,store
1948,110,25,64,float,store
1949,110,26,64,float,store
1950,110,27,64,float,store
1951,110,28,64,float,store
1952,110,29,64,float,store
1953,110,30,64,float,store
1954,110,31,64,float,store
1955,110,32,64,float,store
1956,110,33,64,float,store
1957,110,34,64,float,store
1958,110,35,64,float,store
1959,110,36,64,float,store
1960,110,37,64,float,store
1961,110,38,64,float,store
1962,110,39,64,float,store
1963,110,40,64,float,store
1964,110,41,64,float,store
1965,110,42,64,float,store
1966,110,43,64,float,store
1967,110,44,64,float,store
1968,110,45,64,float,store
1969,110,46,64,float,store
1970,110,47,64,float,store
1971,110,48,64,float,store
1972,110,49,64,float,store
1973,110,50,64,float,store
1974,110,51,64,float,store
1975,110,52,64,float,store
1976,110,53,64,float,store
1977,110,54,64,float,store
1978,110,55,64,float,store
1979,110,56,64,float,store
1980,110,57,64,float,store
1981,110,58,64,float,store
1982,110,59,64,float,store
1983,110,60,64,float,store
1984,110,61,64,float,store
1985,110,62,64,float,store
1986,110,63,64,float,store
1987,111,0,32,int,add
1988,111,1,32,int,add
1989,111,2,32,int,add
1990,111,3,32,int,add
1991,111,4,32,int,add
1992,111,5,32,int,add
1993,111,6,32,int,add
1994,111,7,32,int,add
1995,111,8,32,int,add
1996,111,9,32,int,add
1997,111,10,32,int,add
1998,111,11,32,int,add
1999,111,12,32,int,add
2000,111,13,32,int,add
2001,111,14,32,int,add
2002,111,15,32,int,add
2003,111,16,32,int,add
2004,111,17,32,int,add
2005,111,18,32,int,add
2006,111,19,32,int,add
2007,111,20,32,int,add
2008,111,21,32,int,add
2009,111,22,32,int,add
2010,111,23,32,int,add
2011,111,24,32,int,add
2012,111,25,32,int,add
2013,111,26,32,int,add
2014,111,27,32,int,add
2015,111,28,32,int,add
2016,111,29,32,int,add
2017,111,30,32,int,add
2018,111,31,32,int,add
2019,112,0,32,int,store
2020,112,1,32,int,store
2021,112,2,32,int,store
2022,112,3,32,int,store
2023,112,4,32,int,store
2024,112,5,32,int,store
2025,112,6,32,int,store
2026,112,7,32,int,store
2027,112,8,32,int,store
2028,112,9,32,int,store
2029,112,10,32,int,store
2030,112,11,32,int,store
2031,112,12,32,int,store
2032,112,13,32,int,store
2033,112,14,32,int,store
2034,112,15,32,int,store
2035,112,16,32,int,store
2036,112,17,32,int,store
2037,112,18,32,int,store
2038,112,19,32,int,store
2039,112,20,32,int,store
2040,112,21,32,int,store
2041,112,22,32,int,store
2042,112,23,32,int,store
2043,112,24,32,int,store
2044,112,25,32,int,store
2045,112,26,32,int,store
2046,112,27,32,int,store
2047,112,28,32,int,store
2048,112,29,32,int,store
2049,112,30,32,int,store
2050,112,31,32,int,store
2051,113,0,32,int,store
2052,113,1,32,int,store
2053,113,2,32,int,store
2054,113,3,32,int,store
2055,113,4,32,int,store
2056,113,5,32,int,store
2057,113,6,32,int,store
2058,113,7,32,int,store
2059,113,8,32,int,store
2060,113,9,32,int,store
2061,113,10,32,int,store
2062,113,11,32,int,store
2063,113,12,32,int,store
2064,113,13,32,int,store
2065,113,14,32,int,store
2066,113,15,32,int,store
2067,113,16,32,int,store
2068,113,17,32,int,store
2069,113,18,32,int,store
2070,113,19,32,int,store
2071,113,20,32,int,store
2072,113,21,32,int,store
2073,113,22,32,int,store
2074,113,23,32,int,store
2075,113,24,32,int,store
2076,113,25,32,int,store
2077,113,26,32,int,store
2078,113,27,32,int,store
2079,113,28,32,int,store
2080,113,29,32,int,store
2081,113,30,32,int,store
2082,113,31,32,int,store
2083,114,0,32,int,store
2084,114,1,32,int,store
2085,114,2,32,int,store
2086,114,3,32,int,store
2087,114,4,32,int,store
2088,114,5,32,int,store
2089,114,6,32,int,store
2090,114,7,32,int,store
2091,114,8,32,int,store
2092,114,9,32,int,store
2093,114,10,32,int,store
2094,114,11,32,int,store
2095,114,12,32,int,store
2096,114,13,32,int,store
2097,114,14,32,int,store
2098,114,15,32,int,store
2099,114,16,32,int,store
2100,114,17,32,int,store
2101,114,18,32,int,store
2102,114,19,32,int,store
2103,114,20,32,int,store
2104,114,21,32,int,store
2105,114,22,32,int,store
2106,114,23,32,int,store
2107,114,24,32,int,store
2108,114,25,32,int,store
2109,114,26,32,int,store
2110,114,27,32,int,store
2111,114,28,32,int,store
2112,114,29,32,int,store
2113,114,30,32,int,store
2114,114,31,32,int,store
2115,116,0,32,int,store
2116,116,1,32,int,store
2117,116,2,32,int,store
2118,116,3,32,int,store
2119,116,4,32,int,store
2120,116,5,32,int,store
2121,116,6,32,int,store
2122,116,7,32,int,store
2123,116,8,32,int,store
2124,116,9,32,int,store
2125,116,10,32,int,store
2126,116,11,32,int,store
2127,116,12,32,int,store
2128,116,13,32,int,store
2129,116,14,32,int,store
2130,116,15,32,int,store
2131,116,16,32,int,store
2132,116,17,32,int,store
2133,116,18,32,int,store
2134,116,19,32,int,store
2135,116,20,32,int,store
2136,116,21,32,int,store
2137,116,22,32,int,store
2138,116,23,32,int,store
2139,116,24,32,int,store
2140,116,25,32,int,store
2141,116,26,32,int,store
2142,116,27,32,int,store
2143,116,28,32,int,store
2144,116,29,32,int,store
2145,116,30,32,int,store
2146,116,31,32,int,store
2147,122,0,32,int,store
2148,122,1,32,int,store
2149,122,2,32,int,store
2150,122,3,32,int,store
2151,122,4,32,int,store
2152,122,5,32,int,store
2153,122,6,32,int,store
2154,122,7,32,int,store
2155,122,8,32,int,store
2156,122,9,32,int,store
2157,122,10,32,int,store
2158,122,11,32,int,store
2159,122,12,32,int,store
2160,122,13,32,int,store
2161,122,14,32,int,store
2162,122,15,32,int,store
2163,122,16,32,int,store
2164,122,17,32,int,store
2165,122,18,32,int,store
2166,122,19,32,int,store
2167,122,20,32,int,store
2168,122,21,32,int,store
2169,122,22,32,int,store
2170,122,23,32,int,store
2171,122,24,32,int,store
2172,122,25,32,int,store
2173,122,26,32,int,store
2174,122,27,32,int,store
2175,122,28,32,int,store
2176,122,29,32,int,store
2177,122,30,32,int,store
2178,122,31,32,int,store
2179,123,0,32,int,zext
2180,123,1,32,int,zext
2181,123,2,32,int,zext
2182,123,3,32,int,zext
2183,123,4,32,int,zext
2184,123,5,32,int,zext
2185,123,6,32,int,zext
2186,123,7,32,int,zext
2187,123,8,32,int,zext
2188,123,9,32,int,zext
2189,123,10,32,int,zext
2190,123,11,32,int,zext
2191,123,12,32,int,zext
2192,123,13,32,int,zext
2193,123,14,32,int,zext
2194,123,15,32,int,zext
2195,123,16,32,int,zext
2196,123,17,32,int,zext
2197,123,18,32,int,zext
2198,123,19,32,int,zext
2199,123,20,32,int,zext
2200,123,21,32,int,zext
2201,123,22,32,int,zext
2202,123,23,32,int,zext
2203,123,24,32,int,zext
2204,123,25,32,int,zext
2205,123,26,32,int,zext
2206,123,27,32,int,zext
2207,123,28,32,int,zext
2208,123,29,32,int,zext
2209,123,30,32,int,zext
2210,123,31,32,int,zext
2211,124,0,64,int,getelementptr
2212,124,1,64,int,getelementptr
2213,124,2,64,int,getelementptr
2214,124,3,64,int,getelementptr
2215,124,4,64,int,getelementptr
2216,124,5,64,int,getelementptr
2217,124,6,64,int,getelementptr
2218,124,7,64,int,getelementptr
2219,124,8,64,int,getelementptr
2220,124,9,64,int,getelementptr
2221,124,10,64,int,getelementptr
2222,124,11,64,int,getelementptr
2223,124,12,64,int,getelementptr
2224,124,13,64,int,getelementptr
2225,124,14,64,int,getelementptr
2226,124,15,64,int,getelementptr
2227,124,16,64,int,getelementptr
2228,124,17,64,int,getelementptr
2229,124,18,64,int,getelementptr
2230,124,19,64,int,getelementptr
2231,124,20,64,int,getelementptr
2232,124,21,64,int,getelementptr
2233,124,22,64,int,getelementptr
2234,124,23,64,int,getelementptr
2235,124,24,64,int,getelementptr
2236,124,25,64,int,getelementptr
2237,124,26,64,int,getelementptr
2238,124,27,64,int,getelementptr
2239,124,28,64,int,getelementptr
2240,124,29,64,int,getelementptr
2241,124,30,64,int,getelementptr
2242,124,31,64,int,getelementptr
2243,124,32,64,int,getelementptr
2244,124,33,64,int,getelementptr
2245,124,34,64,int,getelementptr
2246,124,35,64,int,getelementptr
2247,124,36,64,int,getelementptr
2248,124,37,64,int,getelementptr
2249,124,38,64,int,getelementptr
2250,124,39,64,int,getelementptr
2251,124,40,64,int,getelementptr
2252,124,41,64,int,getelementptr
2253,124,42,64,int,getelementptr
2254,124,43,64,int,getelementptr
2255,124,44,64,int,getelementptr
2256,124,45,64,int,getelementptr
2257,124,46,64,int,getelementptr
2258,124,47,64,int,getelementptr
2259,124,48,64,int,getelementptr
2260,124,49,64,int,getelementptr
2261,124,50,64,int,getelementptr
2262,124,51,64,int,getelementptr
2263,124,52,64,int,getelementptr
2264,124,53,64,int,getelementptr
2265,124,54,64,int,getelementptr
2266,124,55,64,int,getelementptr
2267,124,56,64,int,getelementptr
2268,124,57,64,int,getelementptr
2269,124,58,64,int,getelementptr
2270,124,59,64,int,getelementptr
2271,124,60,64,int,getelementptr
2272,124,61,64,int,getelementptr
2273,124,62,64,int,getelementptr
2274,124,63,64,int,getelementptr
2275,125,0,32,int,mul
2276,125,1,32,int,mul
2277,125,2,32,int,mul
2278,125,3,32,int,mul
2279,125,4,32,int,mul
2280,125,5,32,int,mul
2281,125,6,32,int,mul
2282,125,7,32,int,mul
2283,125,8,32,int,mul
2284,125,9,32,int,mul
2285,125,10,32,int,mul
2286,125,11,32,int,mul
2287,125,12,32,int,mul
2288,125,13,32,int,mul
2289,125,14,32,int,mul
2290,125,15,32,int,mul
2291,125,16,32,int,mul
2292,125,17,32,int,mul
2293,125,18,32,int,mul
2294,125,19,32,int,mul
2295,125,20,32,int,mul
2296,125,21,32,int,mul
2297,125,22,32,int,mul
2298,125,23,32,int,mul
2299,125,24,32,int,mul
2300,125,25,32,int,mul
2301,125,26,32,int,mul
2302,125,27,32,int,mul
2303,125,28,32,int,mul
2304,125,29,32,int,mul
2305,125,30,32,int,mul
2306,125,31,32,int,mul
2307,126,0,32,int,mul
2308,126,1,32,int,mul
2309,126,2,32,int,mul
2310,126,3,32,int,mul
2311,126,4,32,int,mul
2312,126,5,32,int,mul
2313,126,6,32,int,mul
2314,126,7,32,int,mul
2315,126,8,32,int,mul
2316,126,9,32,int,mul
2317,126,10,32,int,mul
2318,126,11,32,int,mul
2319,126,12,32,int,mul
2320,126,13,32,int,mul
2321,126,14,32,int,mul
2322,126,15,32,int,mul
2323,126,16,32,int,mul
2324,126,17,32,int,mul
2325,126,18,32,int,mul
2326,126,19,32,int,mul
2327,126,20,32,int,mul
2328,126,21,32,int,mul
2329,126,22,32,int,mul
2330,126,23,32,int,mul
2331,126,24,32,int,mul
2332,126,25,32,int,mul
2333,126,26,32,int,mul
2334,126,27,32,int,mul
2335,126,28,32,int,mul
2336,126,29,32,int,mul
2337,126,30,32,int,mul
2338,126,31,32,int,mul
2339,127,0,32,int,store
2340,127,1,32,int,store
2341,127,2,32,int,store
2342,127,3,32,int,store
2343,127,4,32,int,store
2344,127,5,32,int,store
2345,127,6,32,int,store
2346,127,7,32,int,store
2347,127,8,32,int,store
2348,127,9,32,int,store
2349,127,10,32,int,store
2350,127,11,32,int,store
2351,127,12,32,int,store
2352,127,13,32,int,store
2353,127,14,32,int,store
2354,127,15,32,int,store
2355,127,16,32,int,store
2356,127,17,32,int,store
2357,127,18,32,int,store
2358,127,19,32,int,store
2359,127,20,32,int,store
2360,127,21,32,int,store
2361,127,22,32,int,store
2362,127,23,32,int,store
2363,127,24,32,int,store
2364,127,25,32,int,store
2365,127,26,32,int,store
2366,127,27,32,int,store
2367,127,28,32,int,store
2368,127,29,32,int,store
2369,127,30,32,int,store
2370,127,31,32,int,store
2371,128,0,32,int,add
2372,128,1,32,int,add
2373,128,2,32,int,add
2374,128,3,32,int,add
2375,128,4,32,int,add
2376,128,5,32,int,add
2377,128,6,32,int,add
2378,128,7,32,int,add
2379,128,8,32,int,add
2380,128,9,32,int,add
2381,128,10,32,int,add
2382,128,11,32,int,add
2383,128,12,32,int,add
2384,128,13,32,int,add
2385,128,14,32,int,add
2386,128,15,32,int,add
2387,128,16,32,int,add
2388,128,17,32,int,add
2389,128,18,32,int,add
2390,128,19,32,int,add
2391,128,20,32,int,add
2392,128,21,32,int,add
2393,128,22,32,int,add
2394,128,23,32,int,add
2395,128,24,32,int,add
2396,128,25,32,int,add
2397,128,26,32,int,add
2398,128,27,32,int,add
2399,128,28,32,int,add
2400,128,29,32,int,add
2401,128,30,32,int,add
2402,128,31,32,int,add
2403,129,0,32,int,mul
2404,129,1,32,int,mul
2405,129,2,32,int,mul
2406,129,3,32,int,mul
2407,129,4,32,int,mul
2408,129,5,32,int,mul
2409,129,6,32,int,mul
2410,129,7,32,int,mul
2411,129,8,32,int,mul
2412,129,9,32,int,mul
2413,129,10,32,int,mul
2414,129,11,32,int,mul
2415,129,12,32,int,mul
2416,129,13,32,int,mul
2417,129,14,32,int,mul
2418,129,15,32,int,mul
2419,129,16,32,int,mul
2420,129,17,32,int,mul
2421,129,18,32,int,mul
2422,129,19,32,int,mul
2423,129,20,32,int,mul
2424,129,21,32,int,mul
2425,129,22,32,int,mul
2426,129,23,32,int,mul
2427,129,24,32,int,mul
2428,129,25,32,int,mul
2429,129,26,32,int,mul
2430,129,27,32,int,mul
2431,129,28,32,int,mul
2432,129,29,32,int,mul
2433,129,30,32,int,mul
2434,129,31,32,int,mul
2435,130,0,32,int,mul
2436,130,1,32,int,mul
2437,130,2,32,int,mul
2438,130,3,32,int,mul
2439,130,4,32,int,mul
2440,130,5,32,int,mul
2441,130,6,32,int,mul
2442,130,7,32,int,mul
2443,130,8,32,int,mul
2444,130,9,32,int,mul
2445,130,10,32,int,mul
2446,130,11,32,int,mul
2447,130,12,32,int,mul
2448,130,13,32,int,mul
2449,130,14,32,int,mul
2450,130,15,32,int,mul
2451,130,16,32,int,mul
2452,130,17,32,int,mul
2453,130,18,32,int,mul
2454,130,19,32,int,mul
2455,130,20,32,int,mul
2456,130,21,32,int,mul
2457,130,22,32,int,mul
2458,130,23,32,int,mul
2459,130,24,32,int,mul
2460,130,25,32,int,mul
2461,130,26,32,int,mul
2462,130,27,32,int,mul
2463,130,28,32,int,mul
2464,130,29,32,int,mul
2465,130,30,32,int,mul
2466,130,31,32,int,mul
2467,131,0,32,int,icmp
2468,131,1,32,int,icmp
2469,131,2,32,int,icmp
2470,131,3,32,int,icmp
2471,131,4,32,int,icmp
2472,131,5,32,int,icmp
2473,131,6,32,int,icmp
2474,131,7,32,int,icmp
2475,131,8,32,int,icmp
2476,131,9,32,int,icmp
2477,131,10,32,int,icmp
2478,131,11,32,int,icmp
2479,131,12,32,int,icmp
2480,131,13,32,int,icmp
2481,131,14,32,int,icmp
2482,131,15,32,int,icmp
2483,131,16,32,int,icmp
2484,131,17,32,int,icmp
2485,131,18,32,int,icmp
2486,131,19,32,int,icmp
2487,131,20,32,int,icmp
2488,131,21,32,int,icmp
2489,131,22,32,int,icmp
2490,131,23,32,int,icmp
2491,131,24,32,int,icmp
2492,131,25,32,int,icmp
2493,131,26,32,int,icmp
2494,131,27,32,int,icmp
2495,131,28,32,int,icmp
2496,131,29,32,int,icmp
2497,131,30,32,int,icmp
2498,131,31,32,int,icmp
2499,132,0,32,int,icmp
2500,132,1,32,int,icmp
2501,132,2,32,int,icmp
2502,132,3,32,int,icmp
2503,132,4,32,int,icmp
2504,132,5,32,int,icmp
2505,132,6,32,int,icmp
2506,132,7,32,int,icmp
2507,132,8,32,int,icmp
2508,132,9,32,int,icmp
2509,132,10,32,int,icmp
2510,132,11,32,int,icmp
2511,132,12,32,int,icmp
2512,132,13,32,int,icmp
2513,132,14,32,int,icmp
2514,132,15,32,int,icmp
2515,132,16,32,int,icmp
2516,132,17,32,int,icmp
2517,132,18,32,int,icmp
2518,132,19,32,int,icmp
2519,132,20,32,int,icmp
2520,132,21,32,int,icmp
2521,132,22,32,int,icmp
2522,132,23,32,int,icmp
2523,132,24,32,int,icmp
2524,132,25,32,int,icmp
2525,132,26,32,int,icmp
2526,132,27,32,int,icmp
2527,132,28,32,int,icmp
2528,132,29,32,int,icmp
2529,132,30,32,int,icmp
2530,132,31,32,int,icmp
2531,133,0,1,int,br
2532,134,0,32,int,urem
2533,134,1,32,int,urem
2534,134,2,32,int,urem
2535,134,3,32,int,urem
2536,134,4,32,int,urem
2537,134,5,32,int,urem
2538,134,6,32,int,urem
2539,134,7,32,int,urem
2540,134,8,32,int,urem
2541,134,9,32,int,urem
2542,134,10,32,int,urem
2543,134,11,32,int,urem
2544,134,12,32,int,urem
2545,134,13,32,int,urem
2546,134,14,32,int,urem
2547,134,15,32,int,urem
2548,134,16,32,int,urem
2549,134,17,32,int,urem
2550,134,18,32,int,urem
2551,134,19,32,int,urem
2552,134,20,32,int,urem
2553,134,21,32,int,urem
2554,134,22,32,int,urem
2555,134,23,32,int,urem
2556,134,24,32,int,urem
2557,134,25,32,int,urem
2558,134,26,32,int,urem
2559,134,27,32,int,urem
2560,134,28,32,int,urem
2561,134,29,32,int,urem
2562,134,30,32,int,urem
2563,134,31,32,int,urem
2564,136,0,32,int,add
2565,136,1,32,int,add
2566,136,2,32,int,add
2567,136,3,32,int,add
2568,136,4,32,int,add
2569,136,5,32,int,add
2570,136,6,32,int,add
2571,136,7,32,int,add
2572,136,8,32,int,add
2573,136,9,32,int,add
2574,136,10,32,int,add
2575,136,11,32,int,add
2576,136,12,32,int,add
2577,136,13,32,int,add
2578,136,14,32,int,add
2579,136,15,32,int,add
2580,136,16,32,int,add
2581,136,17,32,int,add
2582,136,18,32,int,add
2583,136,19,32,int,add
2584,136,20,32,int,add
2585,136,21,32,int,add
2586,136,22,32,int,add
2587,136,23,32,int,add
2588,136,24,32,int,add
2589,136,25,32,int,add
2590,136,26,32,int,add
2591,136,27,32,int,add
2592,136,28,32,int,add
2593,136,29,32,int,add
2594,136,30,32,int,add
2595,136,31,32,int,add
2596,166,0,32,int,mul
2597,166,1,32,int,mul
2598,166,2,32,int,mul
2599,166,3,32,int,mul
2600,166,4,32,int,mul
2601,166,5,32,int,mul
2602,166,6,32,int,mul
2603,166,7,32,int,mul
2604,166,8,32,int,mul
2605,166,9,32,int,mul
2606,166,10,32,int,mul
2607,166,11,32,int,mul
2608,166,12,32,int,mul
2609,166,13,32,int,mul
2610,166,14,32,int,mul
2611,166,15,32,int,mul
2612,166,16,32,int,mul
2613,166,17,32,int,mul
2614,166,18,32,int,mul
2615,166,19,32,int,mul
2616,166,20,32,int,mul
2617,166,21,32,int,mul
2618,166,22,32,int,mul
2619,166,23,32,int,mul
2620,166,24,32,int,mul
2621,166,25,32,int,mul
2622,166,26,32,int,mul
2623,166,27,32,int,mul
2624,166,28,32,int,mul
2625,166,29,32,int,mul
2626,166,30,32,int,mul
2627,166,31,32,int,mul
2628,167,0,32,int,mul
2629,167,1,32,int,mul
2630,167,2,32,int,mul
2631,167,3,32,int,mul
2632,167,4,32,int,mul
2633,167,5,32,int,mul
2634,167,6,32,int,mul
2635,167,7,32,int,mul
2636,167,8,32,int,mul
2637,167,9,32,int,mul
2638,167,10,32,int,mul
2639,167,11,32,int,mul
2640,167,12,32,int,mul
2641,167,13,32,int,mul
2642,167,14,32,int,mul
2643,167,15,32,int,mul
2644,167,16,32,int,mul
2645,167,17,32,int,mul
2646,167,18,32,int,mul
2647,167,19,32,int,mul
2648,167,20,32,int,mul
2649,167,21,32,int,mul
2650,167,22,32,int,mul
2651,167,23,32,int,mul
2652,167,24,32,int,mul
2653,167,25,32,int,mul
2654,167,26,32,int,mul
2655,167,27,32,int,mul
2656,167,28,32,int,mul
2657,167,29,32,int,mul
2658,167,30,32,int,mul
2659,167,31,32,int,mul
2660,169,0,32,int,add
2661,169,1,32,int,add
2662,169,2,32,int,add
2663,169,3,32,int,add
2664,169,4,32,int,add
2665,169,5,32,int,add
2666,169,6,32,int,add
2667,169,7,32,int,add
2668,169,8,32,int,add
2669,169,9,32,int,add
2670,169,10,32,int,add
2671,169,11,32,int,add
2672,169,12,32,int,add
2673,169,13,32,int,add
2674,169,14,32,int,add
2675,169,15,32,int,add
2676,169,16,32,int,add
2677,169,17,32,int,add
2678,169,18,32,int,add
2679,169,19,32,int,add
2680,169,20,32,int,add
2681,169,21,32,int,add
2682,169,22,32,int,add
2683,169,23,32,int,add
2684,169,24,32,int,add
2685,169,25,32,int,add
2686,169,26,32,int,add
2687,169,27,32,int,add
2688,169,28,32,int,add
2689,169,29,32,int,add
2690,169,30,32,int,add
2691,169,31,32,int,add
2692,170,0,32,int,mul
2693,170,1,32,int,mul
2694,170,2,32,int,mul
2695,170,3,32,int,mul
2696,170,4,32,int,mul
2697,170,5,32,int,mul
2698,170,6,32,int,mul
2699,170,7,32,int,mul
2700,170,8,32,int,mul
2701,170,9,32,int,mul
2702,170,10,32,int,mul
2703,170,11,32,int,mul
2704,170,12,32,int,mul
2705,170,13,32,int,mul
2706,170,14,32,int,mul
2707,170,15,32,int,mul
2708,170,16,32,int,mul
2709,170,17,32,int,mul
2710,170,18,32,int,mul
2711,170,19,32,int,mul
2712,170,20,32,int,mul
2713,170,21,32,int,mul
2714,170,22,32,int,mul
2715,170,23,32,int,mul
2716,170,24,32,int,mul
2717,170,25,32,int,mul
2718,170,26,32,int,mul
2719,170,27,32,int,mul
2720,170,28,32,int,mul
2721,170,29,32,int,mul
2722,170,30,32,int,mul
2723,170,31,32,int,mul
2724,171,0,32,int,mul
2725,171,1,32,int,mul
2726,171,2,32,int,mul
2727,171,3,32,int,mul
2728,171,4,32,int,mul
2729,171,5,32,int,mul
2730,171,6,32,int,mul
2731,171,7,32,int,mul
2732,171,8,32,int,mul
2733,171,9,32,int,mul
2734,171,10,32,int,mul
2735,171,11,32,int,mul
2736,171,12,32,int,mul
2737,171,13,32,int,mul
2738,171,14,32,int,mul
2739,171,15,32,int,mul
2740,171,16,32,int,mul
2741,171,17,32,int,mul
2742,171,18,32,int,mul
2743,171,19,32,int,mul
2744,171,20,32,int,mul
2745,171,21,32,int,mul
2746,171,22,32,int,mul
2747,171,23,32,int,mul
2748,171,24,32,int,mul
2749,171,25,32,int,mul
2750,171,26,32,int,mul
2751,171,27,32,int,mul
2752,171,28,32,int,mul
2753,171,29,32,int,mul
2754,171,30,32,int,mul
2755,171,31,32,int,mul
2756,172,0,32,int,icmp
2757,172,1,32,int,icmp
2758,172,2,32,int,icmp
2759,172,3,32,int,icmp
2760,172,4,32,int,icmp
2761,172,5,32,int,icmp
2762,172,6,32,int,icmp
2763,172,7,32,int,icmp
2764,172,8,32,int,icmp
2765,172,9,32,int,icmp
2766,172,10,32,int,icmp
2767,172,11,32,int,icmp
2768,172,12,32,int,icmp
2769,172,13,32,int,icmp
2770,172,14,32,int,icmp
2771,172,15,32,int,icmp
2772,172,16,32,int,icmp
2773,172,17,32,int,icmp
2774,172,18,32,int,icmp
2775,172,19,32,int,icmp
2776,172,20,32,int,icmp
2777,172,21,32,int,icmp
2778,172,22,32,int,icmp
2779,172,23,32,int,icmp
2780,172,24,32,int,icmp
2781,172,25,32,int,icmp
2782,172,26,32,int,icmp
2783,172,27,32,int,icmp
2784,172,28,32,int,icmp
2785,172,29,32,int,icmp
2786,172,30,32,int,icmp
2787,172,31,32,int,icmp
2788,173,0,32,int,icmp
2789,173,1,32,int,icmp
2790,173,2,32,int,icmp
2791,173,3,32,int,icmp
2792,173,4,32,int,icmp
2793,173,5,32,int,icmp
2794,173,6,32,int,icmp
2795,173,7,32,int,icmp
2796,173,8,32,int,icmp
2797,173,9,32,int,icmp
2798,173,10,32,int,icmp
2799,173,11,32,int,icmp
2800,173,12,32,int,icmp
2801,173,13,32,int,icmp
2802,173,14,32,int,icmp
2803,173,15,32,int,icmp
2804,173,16,32,int,icmp
2805,173,17,32,int,icmp
2806,173,18,32,int,icmp
2807,173,19,32,int,icmp
2808,173,20,32,int,icmp
2809,173,21,32,int,icmp
2810,173,22,32,int,icmp
2811,173,23,32,int,icmp
2812,173,24,32,int,icmp
2813,173,25,32,int,icmp
2814,173,26,32,int,icmp
2815,173,27,32,int,icmp
2816,173,28,32,int,icmp
2817,173,29,32,int,icmp
2818,173,30,32,int,icmp
2819,173,31,32,int,icmp
2820,174,0,1,int,br
2821,175,0,32,int,urem
2822,175,1,32,int,urem
2823,175,2,32,int,urem
2824,175,3,32,int,urem
2825,175,4,32,int,urem
2826,175,5,32,int,urem
2827,175,6,32,int,urem
2828,175,7,32,int,urem
2829,175,8,32,int,urem
2830,175,9,32,int,urem
2831,175,10,32,int,urem
2832,175,11,32,int,urem
2833,175,12,32,int,urem
2834,175,13,32,int,urem
2835,175,14,32,int,urem
2836,175,15,32,int,urem
2837,175,16,32,int,urem
2838,175,17,32,int,urem
2839,175,18,32,int,urem
2840,175,19,32,int,urem
2841,175,20,32,int,urem
2842,175,21,32,int,urem
2843,175,22,32,int,urem
2844,175,23,32,int,urem
2845,175,24,32,int,urem
2846,175,25,32,int,urem
2847,175,26,32,int,urem
2848,175,27,32,int,urem
2849,175,28,32,int,urem
2850,175,29,32,int,urem
2851,175,30,32,int,urem
2852,175,31,32,int,urem
2853,176,0,32,int,zext
2854,176,1,32,int,zext
2855,176,2,32,int,zext
2856,176,3,32,int,zext
2857,176,4,32,int,zext
2858,176,5,32,int,zext
2859,176,6,32,int,zext
2860,176,7,32,int,zext
2861,176,8,32,int,zext
2862,176,9,32,int,zext
2863,176,10,32,int,zext
2864,176,11,32,int,zext
2865,176,12,32,int,zext
2866,176,13,32,int,zext
2867,176,14,32,int,zext
2868,176,15,32,int,zext
2869,176,16,32,int,zext
2870,176,17,32,int,zext
2871,176,18,32,int,zext
2872,176,19,32,int,zext
2873,176,20,32,int,zext
2874,176,21,32,int,zext
2875,176,22,32,int,zext
2876,176,23,32,int,zext
2877,176,24,32,int,zext
2878,176,25,32,int,zext
2879,176,26,32,int,zext
2880,176,27,32,int,zext
2881,176,28,32,int,zext
2882,176,29,32,int,zext
2883,176,30,32,int,zext
2884,176,31,32,int,zext
2885,177,0,64,int,getelementptr
2886,177,1,64,int,getelementptr
2887,177,2,64,int,getelementptr
2888,177,3,64,int,getelementptr
2889,177,4,64,int,getelementptr
2890,177,5,64,int,getelementptr
2891,177,6,64,int,getelementptr
2892,177,7,64,int,getelementptr
2893,177,8,64,int,getelementptr
2894,177,9,64,int,getelementptr
2895,177,10,64,int,getelementptr
2896,177,11,64,int,getelementptr
2897,177,12,64,int,getelementptr
2898,177,13,64,int,getelementptr
2899,177,14,64,int,getelementptr
2900,177,15,64,int,getelementptr
2901,177,16,64,int,getelementptr
2902,177,17,64,int,getelementptr
2903,177,18,64,int,getelementptr
2904,177,19,64,int,getelementptr
2905,177,20,64,int,getelementptr
2906,177,21,64,int,getelementptr
2907,177,22,64,int,getelementptr
2908,177,23,64,int,getelementptr
2909,177,24,64,int,getelementptr
2910,177,25,64,int,getelementptr
2911,177,26,64,int,getelementptr
2912,177,27,64,int,getelementptr
2913,177,28,64,int,getelementptr
2914,177,29,64,int,getelementptr
2915,177,30,64,int,getelementptr
2916,177,31,64,int,getelementptr
2917,177,32,64,int,getelementptr
2918,177,33,64,int,getelementptr
2919,177,34,64,int,getelementptr
2920,177,35,64,int,getelementptr
2921,177,36,64,int,getelementptr
2922,177,37,64,int,getelementptr
2923,177,38,64,int,getelementptr
2924,177,39,64,int,getelementptr
2925,177,40,64,int,getelementptr
2926,177,41,64,int,getelementptr
2927,177,42,64,int,getelementptr
2928,177,43,64,int,getelementptr
2929,177,44,64,int,getelementptr
2930,177,45,64,int,getelementptr
2931,177,46,64,int,getelementptr
2932,177,47,64,int,getelementptr
2933,177,48,64,int,getelementptr
2934,177,49,64,int,getelementptr
2935,177,50,64,int,getelementptr
2936,177,51,64,int,getelementptr
2937,177,52,64,int,getelementptr
2938,177,53,64,int,getelementptr
2939,177,54,64,int,getelementptr
2940,177,55,64,int,getelementptr
2941,177,56,64,int,getelementptr
2942,177,57,64,int,getelementptr
2943,177,58,64,int,getelementptr
2944,177,59,64,int,getelementptr
2945,177,60,64,int,getelementptr
2946,177,61,64,int,getelementptr
2947,177,62,64,int,getelementptr
2948,177,63,64,int,getelementptr
2949,178,0,32,int,add
2950,178,1,32,int,add
2951,178,2,32,int,add
2952,178,3,32,int,add
2953,178,4,32,int,add
2954,178,5,32,int,add
2955,178,6,32,int,add
2956,178,7,32,int,add
2957,178,8,32,int,add
2958,178,9,32,int,add
2959,178,10,32,int,add
2960,178,11,32,int,add
2961,178,12,32,int,add
2962,178,13,32,int,add
2963,178,14,32,int,add
2964,178,15,32,int,add
2965,178,16,32,int,add
2966,178,17,32,int,add
2967,178,18,32,int,add
2968,178,19,32,int,add
2969,178,20,32,int,add
2970,178,21,32,int,add
2971,178,22,32,int,add
2972,178,23,32,int,add
2973,178,24,32,int,add
2974,178,25,32,int,add
2975,178,26,32,int,add
2976,178,27,32,int,add
2977,178,28,32,int,add
2978,178,29,32,int,add
2979,178,30,32,int,add
2980,178,31,32,int,add
2981,179,0,32,int,add
2982,179,1,32,int,add
2983,179,2,32,int,add
2984,179,3,32,int,add
2985,179,4,32,int,add
2986,179,5,32,int,add
2987,179,6,32,int,add
2988,179,7,32,int,add
2989,179,8,32,int,add
2990,179,9,32,int,add
2991,179,10,32,int,add
2992,179,11,32,int,add
2993,179,12,32,int,add
2994,179,13,32,int,add
2995,179,14,32,int,add
2996,179,15,32,int,add
2997,179,16,32,int,add
2998,179,17,32,int,add
2999,179,18,32,int,add
3000,179,19,32,int,add
3001,179,20,32,int,add
3002,179,21,32,int,add
3003,179,22,32,int,add
3004,179,23,32,int,add
3005,179,24,32,int,add
3006,179,25,32,int,add
3007,179,26,32,int,add
3008,179,27,32,int,add
3009,179,28,32,int,add
3010,179,29,32,int,add
3011,179,30,32,int,add
3012,179,31,32,int,add
3013,181,0,32,int,add
3014,181,1,32,int,add
3015,181,2,32,int,add
3016,181,3,32,int,add
3017,181,4,32,int,add
3018,181,5,32,int,add
3019,181,6,32,int,add
3020,181,7,32,int,add
3021,181,8,32,int,add
3022,181,9,32,int,add
3023,181,10,32,int,add
3024,181,11,32,int,add
3025,181,12,32,int,add
3026,181,13,32,int,add
3027,181,14,32,int,add
3028,181,15,32,int,add
3029,181,16,32,int,add
3030,181,17,32,int,add
3031,181,18,32,int,add
3032,181,19,32,int,add
3033,181,20,32,int,add
3034,181,21,32,int,add
3035,181,22,32,int,add
3036,181,23,32,int,add
3037,181,24,32,int,add
3038,181,25,32,int,add
3039,181,26,32,int,add
3040,181,27,32,int,add
3041,181,28,32,int,add
3042,181,29,32,int,add
3043,181,30,32,int,add
3044,181,31,32,int,add
3045,193,0,32,int,zext
3046,193,1,32,int,zext
3047,193,2,32,int,zext
3048,193,3,32,int,zext
3049,193,4,32,int,zext
3050,193,5,32,int,zext
3051,193,6,32,int,zext
3052,193,7,32,int,zext
3053,193,8,32,int,zext
3054,193,9,32,int,zext
3055,193,10,32,int,zext
3056,193,11,32,int,zext
3057,193,12,32,int,zext
3058,193,13,32,int,zext
3059,193,14,32,int,zext
3060,193,15,32,int,zext
3061,193,16,32,int,zext
3062,193,17,32,int,zext
3063,193,18,32,int,zext
3064,193,19,32,int,zext
3065,193,20,32,int,zext
3066,193,21,32,int,zext
3067,193,22,32,int,zext
3068,193,23,32,int,zext
3069,193,24,32,int,zext
3070,193,25,32,int,zext
3071,193,26,32,int,zext
3072,193,27,32,int,zext
3073,193,28,32,int,zext
3074,193,29,32,int,zext
3075,193,30,32,int,zext
3076,193,31,32,int,zext
3077,194,0,64,int,getelementptr
3078,194,1,64,int,getelementptr
3079,194,2,64,int,getelementptr
3080,194,3,64,int,getelementptr
3081,194,4,64,int,getelementptr
3082,194,5,64,int,getelementptr
3083,194,6,64,int,getelementptr
3084,194,7,64,int,getelementptr
3085,194,8,64,int,getelementptr
3086,194,9,64,int,getelementptr
3087,194,10,64,int,getelementptr
3088,194,11,64,int,getelementptr
3089,194,12,64,int,getelementptr
3090,194,13,64,int,getelementptr
3091,194,14,64,int,getelementptr
3092,194,15,64,int,getelementptr
3093,194,16,64,int,getelementptr
3094,194,17,64,int,getelementptr
3095,194,18,64,int,getelementptr
3096,194,19,64,int,getelementptr
3097,194,20,64,int,getelementptr
3098,194,21,64,int,getelementptr
3099,194,22,64,int,getelementptr
3100,194,23,64,int,getelementptr
3101,194,24,64,int,getelementptr
3102,194,25,64,int,getelementptr
3103,194,26,64,int,getelementptr
3104,194,27,64,int,getelementptr
3105,194,28,64,int,getelementptr
3106,194,29,64,int,getelementptr
3107,194,30,64,int,getelementptr
3108,194,31,64,int,getelementptr
3109,194,32,64,int,getelementptr
3110,194,33,64,int,getelementptr
3111,194,34,64,int,getelementptr
3112,194,35,64,int,getelementptr
3113,194,36,64,int,getelementptr
3114,194,37,64,int,getelementptr
3115,194,38,64,int,getelementptr
3116,194,39,64,int,getelementptr
3117,194,40,64,int,getelementptr
3118,194,41,64,int,getelementptr
3119,194,42,64,int,getelementptr
3120,194,43,64,int,getelementptr
3121,194,44,64,int,getelementptr
3122,194,45,64,int,getelementptr
3123,194,46,64,int,getelementptr
3124,194,47,64,int,getelementptr
3125,194,48,64,int,getelementptr
3126,194,49,64,int,getelementptr
3127,194,50,64,int,getelementptr
3128,194,51,64,int,getelementptr
3129,194,52,64,int,getelementptr
3130,194,53,64,int,getelementptr
3131,194,54,64,int,getelementptr
3132,194,55,64,int,getelementptr
3133,194,56,64,int,getelementptr
3134,194,57,64,int,getelementptr
3135,194,58,64,int,getelementptr
3136,194,59,64,int,getelementptr
3137,194,60,64,int,getelementptr
3138,194,61,64,int,getelementptr
3139,194,62,64,int,getelementptr
3140,194,63,64,int,getelementptr
3141,195,0,32,int,mul
3142,195,1,32,int,mul
3143,195,2,32,int,mul
3144,195,3,32,int,mul
3145,195,4,32,int,mul
3146,195,5,32,int,mul
3147,195,6,32,int,mul
3148,195,7,32,int,mul
3149,195,8,32,int,mul
3150,195,9,32,int,mul
3151,195,10,32,int,mul
3152,195,11,32,int,mul
3153,195,12,32,int,mul
3154,195,13,32,int,mul
3155,195,14,32,int,mul
3156,195,15,32,int,mul
3157,195,16,32,int,mul
3158,195,17,32,int,mul
3159,195,18,32,int,mul
3160,195,19,32,int,mul
3161,195,20,32,int,mul
3162,195,21,32,int,mul
3163,195,22,32,int,mul
3164,195,23,32,int,mul
3165,195,24,32,int,mul
3166,195,25,32,int,mul
3167,195,26,32,int,mul
3168,195,27,32,int,mul
3169,195,28,32,int,mul
3170,195,29,32,int,mul
3171,195,30,32,int,mul
3172,195,31,32,int,mul
3173,196,0,32,int,mul
3174,196,1,32,int,mul
3175,196,2,32,int,mul
3176,196,3,32,int,mul
3177,196,4,32,int,mul
3178,196,5,32,int,mul
3179,196,6,32,int,mul
3180,196,7,32,int,mul
3181,196,8,32,int,mul
3182,196,9,32,int,mul
3183,196,10,32,int,mul
3184,196,11,32,int,mul
3185,196,12,32,int,mul
3186,196,13,32,int,mul
3187,196,14,32,int,mul
3188,196,15,32,int,mul
3189,196,16,32,int,mul
3190,196,17,32,int,mul
3191,196,18,32,int,mul
3192,196,19,32,int,mul
3193,196,20,32,int,mul
3194,196,21,32,int,mul
3195,196,22,32,int,mul
3196,196,23,32,int,mul
3197,196,24,32,int,mul
3198,196,25,32,int,mul
3199,196,26,32,int,mul
3200,196,27,32,int,mul
3201,196,28,32,int,mul
3202,196,29,32,int,mul
3203,196,30,32,int,mul
3204,196,31,32,int,mul
3205,198,0,32,int,add
3206,198,1,32,int,add
3207,198,2,32,int,add
3208,198,3,32,int,add
3209,198,4,32,int,add
3210,198,5,32,int,add
3211,198,6,32,int,add
3212,198,7,32,int,add
3213,198,8,32,int,add
3214,198,9,32,int,add
3215,198,10,32,int,add
3216,198,11,32,int,add
3217,198,12,32,int,add
3218,198,13,32,int,add
3219,198,14,32,int,add
3220,198,15,32,int,add
3221,198,16,32,int,add
3222,198,17,32,int,add
3223,198,18,32,int,add
3224,198,19,32,int,add
3225,198,20,32,int,add
3226,198,21,32,int,add
3227,198,22,32,int,add
3228,198,23,32,int,add
3229,198,24,32,int,add
3230,198,25,32,int,add
3231,198,26,32,int,add
3232,198,27,32,int,add
3233,198,28,32,int,add
3234,198,29,32,int,add
3235,198,30,32,int,add
3236,198,31,32,int,add
3237,199,0,32,int,mul
3238,199,1,32,int,mul
3239,199,2,32,int,mul
3240,199,3,32,int,mul
3241,199,4,32,int,mul
3242,199,5,32,int,mul
3243,199,6,32,int,mul
3244,199,7,32,int,mul
3245,199,8,32,int,mul
3246,199,9,32,int,mul
3247,199,10,32,int,mul
3248,199,11,32,int,mul
3249,199,12,32,int,mul
3250,199,13,32,int,mul
3251,199,14,32,int,mul
3252,199,15,32,int,mul
3253,199,16,32,int,mul
3254,199,17,32,int,mul
3255,199,18,32,int,mul
3256,199,19,32,int,mul
3257,199,20,32,int,mul
3258,199,21,32,int,mul
3259,199,22,32,int,mul
3260,199,23,32,int,mul
3261,199,24,32,int,mul
3262,199,25,32,int,mul
3263,199,26,32,int,mul
3264,199,27,32,int,mul
3265,199,28,32,int,mul
3266,199,29,32,int,mul
3267,199,30,32,int,mul
3268,199,31,32,int,mul
3269,200,0,32,int,mul
3270,200,1,32,int,mul
3271,200,2,32,int,mul
3272,200,3,32,int,mul
3273,200,4,32,int,mul
3274,200,5,32,int,mul
3275,200,6,32,int,mul
3276,200,7,32,int,mul
3277,200,8,32,int,mul
3278,200,9,32,int,mul
3279,200,10,32,int,mul
3280,200,11,32,int,mul
3281,200,12,32,int,mul
3282,200,13,32,int,mul
3283,200,14,32,int,mul
3284,200,15,32,int,mul
3285,200,16,32,int,mul
3286,200,17,32,int,mul
3287,200,18,32,int,mul
3288,200,19,32,int,mul
3289,200,20,32,int,mul
3290,200,21,32,int,mul
3291,200,22,32,int,mul
3292,200,23,32,int,mul
3293,200,24,32,int,mul
3294,200,25,32,int,mul
3295,200,26,32,int,mul
3296,200,27,32,int,mul
3297,200,28,32,int,mul
3298,200,29,32,int,mul
3299,200,30,32,int,mul
3300,200,31,32,int,mul
3301,201,0,32,int,icmp
3302,201,1,32,int,icmp
3303,201,2,32,int,icmp
3304,201,3,32,int,icmp
3305,201,4,32,int,icmp
3306,201,5,32,int,icmp
3307,201,6,32,int,icmp
3308,201,7,32,int,icmp
3309,201,8,32,int,icmp
3310,201,9,32,int,icmp
3311,201,10,32,int,icmp
3312,201,11,32,int,icmp
3313,201,12,32,int,icmp
3314,201,13,32,int,icmp
3315,201,14,32,int,icmp
3316,201,15,32,int,icmp
3317,201,16,32,int,icmp
3318,201,17,32,int,icmp
3319,201,18,32,int,icmp
3320,201,19,32,int,icmp
3321,201,20,32,int,icmp
3322,201,21,32,int,icmp
3323,201,22,32,int,icmp
3324,201,23,32,int,icmp
3325,201,24,32,int,icmp
3326,201,25,32,int,icmp
3327,201,26,32,int,icmp
3328,201,27,32,int,icmp
3329,201,28,32,int,icmp
3330,201,29,32,int,icmp
3331,201,30,32,int,icmp
3332,201,31,32,int,icmp
3333,202,0,32,int,icmp
3334,202,1,32,int,icmp
3335,202,2,32,int,icmp
3336,202,3,32,int,icmp
3337,202,4,32,int,icmp
3338,202,5,32,int,icmp
3339,202,6,32,int,icmp
3340,202,7,32,int,icmp
3341,202,8,32,int,icmp
3342,202,9,32,int,icmp
3343,202,10,32,int,icmp
3344,202,11,32,int,icmp
3345,202,12,32,int,icmp
3346,202,13,32,int,icmp
3347,202,14,32,int,icmp
3348,202,15,32,int,icmp
3349,202,16,32,int,icmp
3350,202,17,32,int,icmp
3351,202,18,32,int,icmp
3352,202,19,32,int,icmp
3353,202,20,32,int,icmp
3354,202,21,32,int,icmp
3355,202,22,32,int,icmp
3356,202,23,32,int,icmp
3357,202,24,32,int,icmp
3358,202,25,32,int,icmp
3359,202,26,32,int,icmp
3360,202,27,32,int,icmp
3361,202,28,32,int,icmp
3362,202,29,32,int,icmp
3363,202,30,32,int,icmp
3364,202,31,32,int,icmp
3365,203,0,1,int,br
3366,204,0,32,int,urem
3367,204,1,32,int,urem
3368,204,2,32,int,urem
3369,204,3,32,int,urem
3370,204,4,32,int,urem
3371,204,5,32,int,urem
3372,204,6,32,int,urem
3373,204,7,32,int,urem
3374,204,8,32,int,urem
3375,204,9,32,int,urem
3376,204,10,32,int,urem
3377,204,11,32,int,urem
3378,204,12,32,int,urem
3379,204,13,32,int,urem
3380,204,14,32,int,urem
3381,204,15,32,int,urem
3382,204,16,32,int,urem
3383,204,17,32,int,urem
3384,204,18,32,int,urem
3385,204,19,32,int,urem
3386,204,20,32,int,urem
3387,204,21,32,int,urem
3388,204,22,32,int,urem
3389,204,23,32,int,urem
3390,204,24,32,int,urem
3391,204,25,32,int,urem
3392,204,26,32,int,urem
3393,204,27,32,int,urem
3394,204,28,32,int,urem
3395,204,29,32,int,urem
3396,204,30,32,int,urem
3397,204,31,32,int,urem
3398,205,0,32,int,uitofp
3399,205,1,32,int,uitofp
3400,205,2,32,int,uitofp
3401,205,3,32,int,uitofp
3402,205,4,32,int,uitofp
3403,205,5,32,int,uitofp
3404,205,6,32,int,uitofp
3405,205,7,32,int,uitofp
3406,205,8,32,int,uitofp
3407,205,9,32,int,uitofp
3408,205,10,32,int,uitofp
3409,205,11,32,int,uitofp
3410,205,12,32,int,uitofp
3411,205,13,32,int,uitofp
3412,205,14,32,int,uitofp
3413,205,15,32,int,uitofp
3414,205,16,32,int,uitofp
3415,205,17,32,int,uitofp
3416,205,18,32,int,uitofp
3417,205,19,32,int,uitofp
3418,205,20,32,int,uitofp
3419,205,21,32,int,uitofp
3420,205,22,32,int,uitofp
3421,205,23,32,int,uitofp
3422,205,24,32,int,uitofp
3423,205,25,32,int,uitofp
3424,205,26,32,int,uitofp
3425,205,27,32,int,uitofp
3426,205,28,32,int,uitofp
3427,205,29,32,int,uitofp
3428,205,30,32,int,uitofp
3429,205,31,32,int,uitofp
3430,206,0,32,float,call
3431,206,1,32,float,call
3432,206,2,32,float,call
3433,206,3,32,float,call
3434,206,4,32,float,call
3435,206,5,32,float,call
3436,206,6,32,float,call
3437,206,7,32,float,call
3438,206,8,32,float,call
3439,206,9,32,float,call
3440,206,10,32,float,call
3441,206,11,32,float,call
3442,206,12,32,float,call
3443,206,13,32,float,call
3444,206,14,32,float,call
3445,206,15,32,float,call
3446,206,16,32,float,call
3447,206,17,32,float,call
3448,206,18,32,float,call
3449,206,19,32,float,call
3450,206,20,32,float,call
3451,206,21,32,float,call
3452,206,22,32,float,call
3453,206,23,32,float,call
3454,206,24,32,float,call
3455,206,25,32,float,call
3456,206,26,32,float,call
3457,206,27,32,float,call
3458,206,28,32,float,call
3459,206,29,32,float,call
3460,206,30,32,float,call
3461,206,31,32,float,call
3462,207,0,32,int,add
3463,207,1,32,int,add
3464,207,2,32,int,add
3465,207,3,32,int,add
3466,207,4,32,int,add
3467,207,5,32,int,add
3468,207,6,32,int,add
3469,207,7,32,int,add
3470,207,8,32,int,add
3471,207,9,32,int,add
3472,207,10,32,int,add
3473,207,11,32,int,add
3474,207,12,32,int,add
3475,207,13,32,int,add
3476,207,14,32,int,add
3477,207,15,32,int,add
3478,207,16,32,int,add
3479,207,17,32,int,add
3480,207,18,32,int,add
3481,207,19,32,int,add
3482,207,20,32,int,add
3483,207,21,32,int,add
3484,207,22,32,int,add
3485,207,23,32,int,add
3486,207,24,32,int,add
3487,207,25,32,int,add
3488,207,26,32,int,add
3489,207,27,32,int,add
3490,207,28,32,int,add
3491,207,29,32,int,add
3492,207,30,32,int,add
3493,207,31,32,int,add
3494,209,0,32,float,store
3495,209,1,32,float,store
3496,209,2,32,float,store
3497,209,3,32,float,store
3498,209,4,32,float,store
3499,209,5,32,float,store
3500,209,6,32,float,store
3501,209,7,32,float,store
3502,209,8,32,float,store
3503,209,9,32,float,store
3504,209,10,32,float,store
3505,209,11,32,float,store
3506,209,12,32,float,store
3507,209,13,32,float,store
3508,209,14,32,float,store
3509,209,15,32,float,store
3510,209,16,32,float,store
3511,209,17,32,float,store
3512,209,18,32,float,store
3513,209,19,32,float,store
3514,209,20,32,float,store
3515,209,21,32,float,store
3516,209,22,32,float,store
3517,209,23,32,float,store
3518,209,24,32,float,store
3519,209,25,32,float,store
3520,209,26,32,float,store
3521,209,27,32,float,store
3522,209,28,32,float,store
3523,209,29,32,float,store
3524,209,30,32,float,store
3525,209,31,32,float,store
3526,215,0,32,float,ret
3527,215,1,32,float,ret
3528,215,2,32,float,ret
3529,215,3,32,float,ret
3530,215,4,32,float,ret
3531,215,5,32,float,ret
3532,215,6,32,float,ret
3533,215,7,32,float,ret
3534,215,8,32,float,ret
3535,215,9,32,float,ret
3536,215,10,32,float,ret
3537,215,11,32,float,ret
3538,215,12,32,float,ret
3539,215,13,32,float,ret
3540,215,14,32,float,ret
3541,215,15,32,float,ret
3542,215,16,32,float,ret
3543,215,17,32,float,ret
3544,215,18,32,float,ret
3545,215,19,32,float,ret
3546,215,20,32,float,ret
3547,215,21,32,float,ret
3548,215,22,32,float,ret
3549,215,23,32,float,ret
3550,215,24,32,float,ret
3551,215,25,32,float,ret
3552,215,26,32,float,ret
3553,215,27,32,float,ret
3554,215,28,32,float,ret
3555,215,29,32,float,ret
3556,215,30,32,float,ret
3557,215,31,32,float,ret
3558,218,0,32,float,store
3559,218,1,32,float,store
3560,218,2,32,float,store
3561,218,3,32,float,store
3562,218,4,32,float,store
3563,218,5,32,float,store
3564,218,6,32,float,store
3565,218,7,32,float,store
3566,218,8,32,float,store
3567,218,9,32,float,store
3568,218,10,32,float,store
3569,218,11,32,float,store
3570,218,12,32,float,store
3571,218,13,32,float,store
3572,218,14,32,float,store
3573,218,15,32,float,store
3574,218,16,32,float,store
3575,218,17,32,float,store
3576,218,18,32,float,store
3577,218,19,32,float,store
3578,218,20,32,float,store
3579,218,21,32,float,store
3580,218,22,32,float,store
3581,218,23,32,float,store
3582,218,24,32,float,store
3583,218,25,32,float,store
3584,218,26,32,float,store
3585,218,27,32,float,store
3586,218,28,32,float,store
3587,218,29,32,float,store
3588,218,30,32,float,store
3589,218,31,32,float,store
3590,237,0,32,int,mul
3591,237,1,32,int,mul
3592,237,2,32,int,mul
3593,237,3,32,int,mul
3594,237,4,32,int,mul
3595,237,5,32,int,mul
3596,237,6,32,int,mul
3597,237,7,32,int,mul
3598,237,8,32,int,mul
3599,237,9,32,int,mul
3600,237,10,32,int,mul
3601,237,11,32,int,mul
3602,237,12,32,int,mul
3603,237,13,32,int,mul
3604,237,14,32,int,mul
3605,237,15,32,int,mul
3606,237,16,32,int,mul
3607,237,17,32,int,mul
3608,237,18,32,int,mul
3609,237,19,32,int,mul
3610,237,20,32,int,mul
3611,237,21,32,int,mul
3612,237,22,32,int,mul
3613,237,23,32,int,mul
3614,237,24,32,int,mul
3615,237,25,32,int,mul
3616,237,26,32,int,mul
3617,237,27,32,int,mul
3618,237,28,32,int,mul
3619,237,29,32,int,mul
3620,237,30,32,int,mul
3621,237,31,32,int,mul
3622,238,0,32,int,mul
3623,238,1,32,int,mul
3624,238,2,32,int,mul
3625,238,3,32,int,mul
3626,238,4,32,int,mul
3627,238,5,32,int,mul
3628,238,6,32,int,mul
3629,238,7,32,int,mul
3630,238,8,32,int,mul
3631,238,9,32,int,mul
3632,238,10,32,int,mul
3633,238,11,32,int,mul
3634,238,12,32,int,mul
3635,238,13,32,int,mul
3636,238,14,32,int,mul
3637,238,15,32,int,mul
3638,238,16,32,int,mul
3639,238,17,32,int,mul
3640,238,18,32,int,mul
3641,238,19,32,int,mul
3642,238,20,32,int,mul
3643,238,21,32,int,mul
3644,238,22,32,int,mul
3645,238,23,32,int,mul
3646,238,24,32,int,mul
3647,238,25,32,int,mul
3648,238,26,32,int,mul
3649,238,27,32,int,mul
3650,238,28,32,int,mul
3651,238,29,32,int,mul
3652,238,30,32,int,mul
3653,238,31,32,int,mul
3654,240,0,32,int,add
3655,240,1,32,int,add
3656,240,2,32,int,add
3657,240,3,32,int,add
3658,240,4,32,int,add
3659,240,5,32,int,add
3660,240,6,32,int,add
3661,240,7,32,int,add
3662,240,8,32,int,add
3663,240,9,32,int,add
3664,240,10,32,int,add
3665,240,11,32,int,add
3666,240,12,32,int,add
3667,240,13,32,int,add
3668,240,14,32,int,add
3669,240,15,32,int,add
3670,240,16,32,int,add
3671,240,17,32,int,add
3672,240,18,32,int,add
3673,240,19,32,int,add
3674,240,20,32,int,add
3675,240,21,32,int,add
3676,240,22,32,int,add
3677,240,23,32,int,add
3678,240,24,32,int,add
3679,240,25,32,int,add
3680,240,26,32,int,add
3681,240,27,32,int,add
3682,240,28,32,int,add
3683,240,29,32,int,add
3684,240,30,32,int,add
3685,240,31,32,int,add
3686,241,0,32,int,mul
3687,241,1,32,int,mul
3688,241,2,32,int,mul
3689,241,3,32,int,mul
3690,241,4,32,int,mul
3691,241,5,32,int,mul
3692,241,6,32,int,mul
3693,241,7,32,int,mul
3694,241,8,32,int,mul
3695,241,9,32,int,mul
3696,241,10,32,int,mul
3697,241,11,32,int,mul
3698,241,12,32,int,mul
3699,241,13,32,int,mul
3700,241,14,32,int,mul
3701,241,15,32,int,mul
3702,241,16,32,int,mul
3703,241,17,32,int,mul
3704,241,18,32,int,mul
3705,241,19,32,int,mul
3706,241,20,32,int,mul
3707,241,21,32,int,mul
3708,241,22,32,int,mul
3709,241,23,32,int,mul
3710,241,24,32,int,mul
3711,241,25,32,int,mul
3712,241,26,32,int,mul
3713,241,27,32,int,mul
3714,241,28,32,int,mul
3715,241,29,32,int,mul
3716,241,30,32,int,mul
3717,241,31,32,int,mul
3718,242,0,32,int,mul
3719,242,1,32,int,mul
3720,242,2,32,int,mul
3721,242,3,32,int,mul
3722,242,4,32,int,mul
3723,242,5,32,int,mul
3724,242,6,32,int,mul
3725,242,7,32,int,mul
3726,242,8,32,int,mul
3727,242,9,32,int,mul
3728,242,10,32,int,mul
3729,242,11,32,int,mul
3730,242,12,32,int,mul
3731,242,13,32,int,mul
3732,242,14,32,int,mul
3733,242,15,32,int,mul
3734,242,16,32,int,mul
3735,242,17,32,int,mul
3736,242,18,32,int,mul
3737,242,19,32,int,mul
3738,242,20,32,int,mul
3739,242,21,32,int,mul
3740,242,22,32,int,mul
3741,242,23,32,int,mul
3742,242,24,32,int,mul
3743,242,25,32,int,mul
3744,242,26,32,int,mul
3745,242,27,32,int,mul
3746,242,28,32,int,mul
3747,242,29,32,int,mul
3748,242,30,32,int,mul
3749,242,31,32,int,mul
3750,243,0,32,int,icmp
3751,243,1,32,int,icmp
3752,243,2,32,int,icmp
3753,243,3,32,int,icmp
3754,243,4,32,int,icmp
3755,243,5,32,int,icmp
3756,243,6,32,int,icmp
3757,243,7,32,int,icmp
3758,243,8,32,int,icmp
3759,243,9,32,int,icmp
3760,243,10,32,int,icmp
3761,243,11,32,int,icmp
3762,243,12,32,int,icmp
3763,243,13,32,int,icmp
3764,243,14,32,int,icmp
3765,243,15,32,int,icmp
3766,243,16,32,int,icmp
3767,243,17,32,int,icmp
3768,243,18,32,int,icmp
3769,243,19,32,int,icmp
3770,243,20,32,int,icmp
3771,243,21,32,int,icmp
3772,243,22,32,int,icmp
3773,243,23,32,int,icmp
3774,243,24,32,int,icmp
3775,243,25,32,int,icmp
3776,243,26,32,int,icmp
3777,243,27,32,int,icmp
3778,243,28,32,int,icmp
3779,243,29,32,int,icmp
3780,243,30,32,int,icmp
3781,243,31,32,int,icmp
3782,244,0,32,int,icmp
3783,244,1,32,int,icmp
3784,244,2,32,int,icmp
3785,244,3,32,int,icmp
3786,244,4,32,int,icmp
3787,244,5,32,int,icmp
3788,244,6,32,int,icmp
3789,244,7,32,int,icmp
3790,244,8,32,int,icmp
3791,244,9,32,int,icmp
3792,244,10,32,int,icmp
3793,244,11,32,int,icmp
3794,244,12,32,int,icmp
3795,244,13,32,int,icmp
3796,244,14,32,int,icmp
3797,244,15,32,int,icmp
3798,244,16,32,int,icmp
3799,244,17,32,int,icmp
3800,244,18,32,int,icmp
3801,244,19,32,int,icmp
3802,244,20,32,int,icmp
3803,244,21,32,int,icmp
3804,244,22,32,int,icmp
3805,244,23,32,int,icmp
3806,244,24,32,int,icmp
3807,244,25,32,int,icmp
3808,244,26,32,int,icmp
3809,244,27,32,int,icmp
3810,244,28,32,int,icmp
3811,244,29,32,int,icmp
3812,244,30,32,int,icmp
3813,244,31,32,int,icmp
3814,245,0,1,int,br
3815,246,0,32,int,urem
3816,246,1,32,int,urem
3817,246,2,32,int,urem
3818,246,3,32,int,urem
3819,246,4,32,int,urem
3820,246,5,32,int,urem
3821,246,6,32,int,urem
3822,246,7,32,int,urem
3823,246,8,32,int,urem
3824,246,9,32,int,urem
3825,246,10,32,int,urem
3826,246,11,32,int,urem
3827,246,12,32,int,urem
3828,246,13,32,int,urem
3829,246,14,32,int,urem
3830,246,15,32,int,urem
3831,246,16,32,int,urem
3832,246,17,32,int,urem
3833,246,18,32,int,urem
3834,246,19,32,int,urem
3835,246,20,32,int,urem
3836,246,21,32,int,urem
3837,246,22,32,int,urem
3838,246,23,32,int,urem
3839,246,24,32,int,urem
3840,246,25,32,int,urem
3841,246,26,32,int,urem
3842,246,27,32,int,urem
3843,246,28,32,int,urem
3844,246,29,32,int,urem
3845,246,30,32,int,urem
3846,246,31,32,int,urem
3847,247,0,32,int,uitofp
3848,247,1,32,int,uitofp
3849,247,2,32,int,uitofp
3850,247,3,32,int,uitofp
3851,247,4,32,int,uitofp
3852,247,5,32,int,uitofp
3853,247,6,32,int,uitofp
3854,247,7,32,int,uitofp
3855,247,8,32,int,uitofp
3856,247,9,32,int,uitofp
3857,247,10,32,int,uitofp
3858,247,11,32,int,uitofp
3859,247,12,32,int,uitofp
3860,247,13,32,int,uitofp
3861,247,14,32,int,uitofp
3862,247,15,32,int,uitofp
3863,247,16,32,int,uitofp
3864,247,17,32,int,uitofp
3865,247,18,32,int,uitofp
3866,247,19,32,int,uitofp
3867,247,20,32,int,uitofp
3868,247,21,32,int,uitofp
3869,247,22,32,int,uitofp
3870,247,23,32,int,uitofp
3871,247,24,32,int,uitofp
3872,247,25,32,int,uitofp
3873,247,26,32,int,uitofp
3874,247,27,32,int,uitofp
3875,247,28,32,int,uitofp
3876,247,29,32,int,uitofp
3877,247,30,32,int,uitofp
3878,247,31,32,int,uitofp
3879,248,0,32,int,zext
3880,248,1,32,int,zext
3881,248,2,32,int,zext
3882,248,3,32,int,zext
3883,248,4,32,int,zext
3884,248,5,32,int,zext
3885,248,6,32,int,zext
3886,248,7,32,int,zext
3887,248,8,32,int,zext
3888,248,9,32,int,zext
3889,248,10,32,int,zext
3890,248,11,32,int,zext
3891,248,12,32,int,zext
3892,248,13,32,int,zext
3893,248,14,32,int,zext
3894,248,15,32,int,zext
3895,248,16,32,int,zext
3896,248,17,32,int,zext
3897,248,18,32,int,zext
3898,248,19,32,int,zext
3899,248,20,32,int,zext
3900,248,21,32,int,zext
3901,248,22,32,int,zext
3902,248,23,32,int,zext
3903,248,24,32,int,zext
3904,248,25,32,int,zext
3905,248,26,32,int,zext
3906,248,27,32,int,zext
3907,248,28,32,int,zext
3908,248,29,32,int,zext
3909,248,30,32,int,zext
3910,248,31,32,int,zext
3911,249,0,64,int,getelementptr
3912,249,1,64,int,getelementptr
3913,249,2,64,int,getelementptr
3914,249,3,64,int,getelementptr
3915,249,4,64,int,getelementptr
3916,249,5,64,int,getelementptr
3917,249,6,64,int,getelementptr
3918,249,7,64,int,getelementptr
3919,249,8,64,int,getelementptr
3920,249,9,64,int,getelementptr
3921,249,10,64,int,getelementptr
3922,249,11,64,int,getelementptr
3923,249,12,64,int,getelementptr
3924,249,13,64,int,getelementptr
3925,249,14,64,int,getelementptr
3926,249,15,64,int,getelementptr
3927,249,16,64,int,getelementptr
3928,249,17,64,int,getelementptr
3929,249,18,64,int,getelementptr
3930,249,19,64,int,getelementptr
3931,249,20,64,int,getelementptr
3932,249,21,64,int,getelementptr
3933,249,22,64,int,getelementptr
3934,249,23,64,int,getelementptr
3935,249,24,64,int,getelementptr
3936,249,25,64,int,getelementptr
3937,249,26,64,int,getelementptr
3938,249,27,64,int,getelementptr
3939,249,28,64,int,getelementptr
3940,249,29,64,int,getelementptr
3941,249,30,64,int,getelementptr
3942,249,31,64,int,getelementptr
3943,249,32,64,int,getelementptr
3944,249,33,64,int,getelementptr
3945,249,34,64,int,getelementptr
3946,249,35,64,int,getelementptr
3947,249,36,64,int,getelementptr
3948,249,37,64,int,getelementptr
3949,249,38,64,int,getelementptr
3950,249,39,64,int,getelementptr
3951,249,40,64,int,getelementptr
3952,249,41,64,int,getelementptr
3953,249,42,64,int,getelementptr
3954,249,43,64,int,getelementptr
3955,249,44,64,int,getelementptr
3956,249,45,64,int,getelementptr
3957,249,46,64,int,getelementptr
3958,249,47,64,int,getelementptr
3959,249,48,64,int,getelementptr
3960,249,49,64,int,getelementptr
3961,249,50,64,int,getelementptr
3962,249,51,64,int,getelementptr
3963,249,52,64,int,getelementptr
3964,249,53,64,int,getelementptr
3965,249,54,64,int,getelementptr
3966,249,55,64,int,getelementptr
3967,249,56,64,int,getelementptr
3968,249,57,64,int,getelementptr
3969,249,58,64,int,getelementptr
3970,249,59,64,int,getelementptr
3971,249,60,64,int,getelementptr
3972,249,61,64,int,getelementptr
3973,249,62,64,int,getelementptr
3974,249,63,64,int,getelementptr
3975,250,0,32,float,fadd
3976,250,1,32,float,fadd
3977,250,2,32,float,fadd
3978,250,3,32,float,fadd
3979,250,4,32,float,fadd
3980,250,5,32,float,fadd
3981,250,6,32,float,fadd
3982,250,7,32,float,fadd
3983,250,8,32,float,fadd
3984,250,9,32,float,fadd
3985,250,10,32,float,fadd
3986,250,11,32,float,fadd
3987,250,12,32,float,fadd
3988,250,13,32,float,fadd
3989,250,14,32,float,fadd
3990,250,15,32,float,fadd
3991,250,16,32,float,fadd
3992,250,17,32,float,fadd
3993,250,18,32,float,fadd
3994,250,19,32,float,fadd
3995,250,20,32,float,fadd
3996,250,21,32,float,fadd
3997,250,22,32,float,fadd
3998,250,23,32,float,fadd
3999,250,24,32,float,fadd
4000,250,25,32,float,fadd
4001,250,26,32,float,fadd
4002,250,27,32,float,fadd
4003,250,28,32,float,fadd
4004,250,29,32,float,fadd
4005,250,30,32,float,fadd
4006,250,31,32,float,fadd
4007,251,0,32,float,fadd
4008,251,1,32,float,fadd
4009,251,2,32,float,fadd
4010,251,3,32,float,fadd
4011,251,4,32,float,fadd
4012,251,5,32,float,fadd
4013,251,6,32,float,fadd
4014,251,7,32,float,fadd
4015,251,8,32,float,fadd
4016,251,9,32,float,fadd
4017,251,10,32,float,fadd
4018,251,11,32,float,fadd
4019,251,12,32,float,fadd
4020,251,13,32,float,fadd
4021,251,14,32,float,fadd
4022,251,15,32,float,fadd
4023,251,16,32,float,fadd
4024,251,17,32,float,fadd
4025,251,18,32,float,fadd
4026,251,19,32,float,fadd
4027,251,20,32,float,fadd
4028,251,21,32,float,fadd
4029,251,22,32,float,fadd
4030,251,23,32,float,fadd
4031,251,24,32,float,fadd
4032,251,25,32,float,fadd
4033,251,26,32,float,fadd
4034,251,27,32,float,fadd
4035,251,28,32,float,fadd
4036,251,29,32,float,fadd
4037,251,30,32,float,fadd
4038,251,31,32,float,fadd
4039,252,0,32,float,store
4040,252,1,32,float,store
4041,252,2,32,float,store
4042,252,3,32,float,store
4043,252,4,32,float,store
4044,252,5,32,float,store
4045,252,6,32,float,store
4046,252,7,32,float,store
4047,252,8,32,float,store
4048,252,9,32,float,store
4049,252,10,32,float,store
4050,252,11,32,float,store
4051,252,12,32,float,store
4052,252,13,32,float,store
4053,252,14,32,float,store
4054,252,15,32,float,store
4055,252,16,32,float,store
4056,252,17,32,float,store
4057,252,18,32,float,store
4058,252,19,32,float,store
4059,252,20,32,float,store
4060,252,21,32,float,store
4061,252,22,32,float,store
4062,252,23,32,float,store
4063,252,24,32,float,store
4064,252,25,32,float,store
4065,252,26,32,float,store
4066,252,27,32,float,store
4067,252,28,32,float,store
4068,252,29,32,float,store
4069,252,30,32,float,store
4070,252,31,32,float,store
4071,253,0,32,int,add
4072,253,1,32,int,add
4073,253,2,32,int,add
4074,253,3,32,int,add
4075,253,4,32,int,add
4076,253,5,32,int,add
4077,253,6,32,int,add
4078,253,7,32,int,add
4079,253,8,32,int,add
4080,253,9,32,int,add
4081,253,10,32,int,add
4082,253,11,32,int,add
4083,253,12,32,int,add
4084,253,13,32,int,add
4085,253,14,32,int,add
4086,253,15,32,int,add
4087,253,16,32,int,add
4088,253,17,32,int,add
4089,253,18,32,int,add
4090,253,19,32,int,add
4091,253,20,32,int,add
4092,253,21,32,int,add
4093,253,22,32,int,add
4094,253,23,32,int,add
4095,253,24,32,int,add
4096,253,25,32,int,add
4097,253,26,32,int,add
4098,253,27,32,int,add
4099,253,28,32,int,add
4100,253,29,32,int,add
4101,253,30,32,int,add
4102,253,31,32,int,add
