site_id,bit_index,result,taxonomy,exit_code,failure_kind,failure_signal,stdout,stderr,dump,metric_abs_max,metric_mean_abs,metric_rmse,metric_max_rel,metric_mean_rel,metric_p95_abs,metric_p99_abs,metric_num_bad,metric_frac_bad,metric_max_ulp,metric_mean_ulp,metric_ham_bits,metric_ham_bytes,metric_size_bytes
20,0,SDC,SDC_NOTFLAGGED,0,,,HeCBench/results/llvm17_inject/jacobi/pointer/site20_bit0.out,,,,,,,,,,,,,,61483011,15450736,16777216
20,1,SDC,SDC_NOTFLAGGED,0,,,HeCBench/results/llvm17_inject/jacobi/pointer/site20_bit1.out,,,,,,,,,,,,,,61483011,15450736,16777216
20,2,FAILURE,FAILURE_NONHANG,255,kernel_reported_fail,,HeCBench/results/llvm17_inject/jacobi/pointer/site20_bit2.out,,,,,,,,,,,,,,,,
20,3,FAILURE,FAILURE_NONHANG,255,kernel_reported_fail,,HeCBench/results/llvm17_inject/jacobi/pointer/site20_bit3.out,,,,,,,,,,,,,,,,
20,4,FAILURE,FAILURE_NONHANG,255,kernel_reported_fail,,HeCBench/results/llvm17_inject/jacobi/pointer/site20_bit4.out,,,,,,,,,,,,,,,,
20,5,FAILURE,FAILURE_NONHANG,255,kernel_reported_fail,,HeCBench/results/llvm17_inject/jacobi/pointer/site20_bit5.out,,,,,,,,,,,,,,,,
20,6,FAILURE,FAILURE_NONHANG,255,kernel_reported_fail,,HeCBench/results/llvm17_inject/jacobi/pointer/site20_bit6.out,,,,,,,,,,,,,,,,
20,7,FAILURE,FAILURE_NONHANG,255,kernel_reported_fail,,HeCBench/results/llvm17_inject/jacobi/pointer/site20_bit7.out,,,,,,,,,,,,,,,,
20,8,FAILURE,FAILURE_NONHANG,255,kernel_reported_fail,,HeCBench/results/llvm17_inject/jacobi/pointer/site20_bit8.out,,,,,,,,,,,,,,,,
20,9,SDC,SDC_NOTFLAGGED,,,,HeCBench/results/llvm17_inject/jacobi/pointer/site20_bit9.out,,,,,,,,,,,,,,61483011,15450736,16777216
20,10,SDC,SDC_NOTFLAGGED,,,,HeCBench/results/llvm17_inject/jacobi/pointer/site20_bit10.out,,,,,,,,,,,,,,61483011,15450736,16777216
20,11,SDC,SDC_NOTFLAGGED,,,,HeCBench/results/llvm17_inject/jacobi/pointer/site20_bit11.out,,,,,,,,,,,,,,61483011,15450736,16777216
20,12,SDC,SDC_NOTFLAGGED,,,,HeCBench/results/llvm17_inject/jacobi/pointer/site20_bit12.out,,,,,,,,,,,,,,61483011,15450736,16777216
20,13,SDC,SDC_NOTFLAGGED,,,,HeCBench/results/llvm17_inject/jacobi/pointer/site20_bit13.out,,,,,,,,,,,,,,61483011,15450736,16777216
20,14,SDC,SDC_NOTFLAGGED,,,,HeCBench/results/llvm17_inject/jacobi/pointer/site20_bit14.out,,,,,,,,,,,,,,61483011,15450736,16777216
20,15,SDC,SDC_NOTFLAGGED,,,,HeCBench/results/llvm17_inject/jacobi/pointer/site20_bit15.out,,,,,,,,,,,,,,61483011,15450736,16777216
20,16,SDC,SDC_NOTFLAGGED,,,,HeCBench/results/llvm17_inject/jacobi/pointer/site20_bit16.out,,,,,,,,,,,,,,61483011,15450736,16777216
20,17,SDC,SDC_NOTFLAGGED,,,,HeCBench/results/llvm17_inject/jacobi/pointer/site20_bit17.out,,,,,,,,,,,,,,61483011,15450736,16777216
20,18,SDC,SDC_NOTFLAGGED,,,,HeCBench/results/llvm17_inject/jacobi/pointer/site20_bit18.out,,,,,,,,,,,,,,61483011,15450736,16777216
20,19,SDC,SDC_NOTFLAGGED,,,,HeCBench/results/llvm17_inject/jacobi/pointer/site20_bit19.out,,,,,,,,,,,,,,61483011,15450736,16777216
20,20,SDC,SDC_NOTFLAGGED,,,,HeCBench/results/llvm17_inject/jacobi/pointer/site20_bit20.out,,,,,,,,,,,,,,61483011,15450736,16777216
20,21,FAILURE,FAILURE_NONHANG,255,kernel_reported_fail,,HeCBench/results/llvm17_inject/jacobi/pointer/site20_bit21.out,,,,,,,,,,,,,,,,
20,22,SDC,SDC_NOTFLAGGED,,,,HeCBench/results/llvm17_inject/jacobi/pointer/site20_bit22.out,,,,,,,,,,,,,,61483011,15450736,16777216
20,23,SDC,SDC_NOTFLAGGED,,,,HeCBench/results/llvm17_inject/jacobi/pointer/site20_bit23.out,,,,,,,,,,,,,,61483011,15450736,16777216
20,24,SDC,SDC_NOTFLAGGED,,,,HeCBench/results/llvm17_inject/jacobi/pointer/site20_bit24.out,,,,,,,,,,,,,,61483011,15450736,16777216
20,25,SDC,SDC_NOTFLAGGED,,,,HeCBench/results/llvm17_inject/jacobi/pointer/site20_bit25.out,,,,,,,,,,,,,,61483011,15450736,16777216
20,26,SDC,SDC_NOTFLAGGED,,,,HeCBench/results/llvm17_inject/jacobi/pointer/site20_bit26.out,,,,,,,,,,,,,,61483011,15450736,16777216
20,27,SDC,SDC_NOTFLAGGED,,,,HeCBench/results/llvm17_inject/jacobi/pointer/site20_bit27.out,,,,,,,,,,,,,,61483011,15450736,16777216
20,28,SDC,SDC_NOTFLAGGED,,,,HeCBench/results/llvm17_inject/jacobi/pointer/site20_bit28.out,,,,,,,,,,,,,,61483011,15450736,16777216
20,29,SDC,SDC_NOTFLAGGED,,,,HeCBench/results/llvm17_inject/jacobi/pointer/site20_bit29.out,,,,,,,,,,,,,,61483011,15450736,16777216
20,30,SDC,SDC_NOTFLAGGED,,,,HeCBench/results/llvm17_inject/jacobi/pointer/site20_bit30.out,,,,,,,,,,,,,,61483011,15450736,16777216
20,31,SDC,SDC_NOTFLAGGED,,,,HeCBench/results/llvm17_inject/jacobi/pointer/site20_bit31.out,,,,,,,,,,,,,,61483011,15450736,16777216
20,32,SDC,SDC_NOTFLAGGED,,,,HeCBench/results/llvm17_inject/jacobi/pointer/site20_bit32.out,,,,,,,,,,,,,,61483011,15450736,16777216
20,33,SDC,SDC_NOTFLAGGED,,,,HeCBench/results/llvm17_inject/jacobi/pointer/site20_bit33.out,,,,,,,,,,,,,,61483011,15450736,16777216
20,34,SDC,SDC_NOTFLAGGED,,,,HeCBench/results/llvm17_inject/jacobi/pointer/site20_bit34.out,,,,,,,,,,,,,,61483011,15450736,16777216
20,35,SDC,SDC_NOTFLAGGED,,,,HeCBench/results/llvm17_inject/jacobi/pointer/site20_bit35.out,,,,,,,,,,,,,,61483011,15450736,16777216
20,36,SDC,SDC_NOTFLAGGED,,,,HeCBench/results/llvm17_inject/jacobi/pointer/site20_bit36.out,,,,,,,,,,,,,,61483011,15450736,16777216
20,37,SDC,SDC_NOTFLAGGED,,,,HeCBench/results/llvm17_inject/jacobi/pointer/site20_bit37.out,,,,,,,,,,,,,,61483011,15450736,16777216
20,38,SDC,SDC_NOTFLAGGED,,,,HeCBench/results/llvm17_inject/jacobi/pointer/site20_bit38.out,,,,,,,,,,,,,,61483011,15450736,16777216
20,39,SDC,SDC_NOTFLAGGED,,,,HeCBench/results/llvm17_inject/jacobi/pointer/site20_bit39.out,,,,,,,,,,,,,,61483011,15450736,16777216
20,40,SDC,SDC_NOTFLAGGED,,,,HeCBench/results/llvm17_inject/jacobi/pointer/site20_bit40.out,,,,,,,,,,,,,,61483011,15450736,16777216
20,41,SDC,SDC_NOTFLAGGED,,,,HeCBench/results/llvm17_inject/jacobi/pointer/site20_bit41.out,,,,,,,,,,,,,,61483011,15450736,16777216
20,42,SDC,SDC_NOTFLAGGED,,,,HeCBench/results/llvm17_inject/jacobi/pointer/site20_bit42.out,,,,,,,,,,,,,,61483011,15450736,16777216
20,43,SDC,SDC_NOTFLAGGED,,,,HeCBench/results/llvm17_inject/jacobi/pointer/site20_bit43.out,,,,,,,,,,,,,,61483011,15450736,16777216
20,44,SDC,SDC_NOTFLAGGED,,,,HeCBench/results/llvm17_inject/jacobi/pointer/site20_bit44.out,,,,,,,,,,,,,,61483011,15450736,16777216
20,45,SDC,SDC_NOTFLAGGED,,,,HeCBench/results/llvm17_inject/jacobi/pointer/site20_bit45.out,,,,,,,,,,,,,,61483011,15450736,16777216
20,46,SDC,SDC_NOTFLAGGED,,,,HeCBench/results/llvm17_inject/jacobi/pointer/site20_bit46.out,,,,,,,,,,,,,,61483011,15450736,16777216
20,47,SDC,SDC_NOTFLAGGED,,,,HeCBench/results/llvm17_inject/jacobi/pointer/site20_bit47.out,,,,,,,,,,,,,,61483011,15450736,16777216
20,48,SDC,SDC_NOTFLAGGED,,,,HeCBench/results/llvm17_inject/jacobi/pointer/site20_bit48.out,,,,,,,,,,,,,,61483011,15450736,16777216
20,49,SDC,SDC_NOTFLAGGED,,,,HeCBench/results/llvm17_inject/jacobi/pointer/site20_bit49.out,,,,,,,,,,,,,,61483011,15450736,16777216
20,50,SDC,SDC_NOTFLAGGED,,,,HeCBench/results/llvm17_inject/jacobi/pointer/site20_bit50.out,,,,,,,,,,,,,,61483011,15450736,16777216
20,51,SDC,SDC_NOTFLAGGED,,,,HeCBench/results/llvm17_inject/jacobi/pointer/site20_bit51.out,,,,,,,,,,,,,,61483011,15450736,16777216
20,52,SDC,SDC_NOTFLAGGED,,,,HeCBench/results/llvm17_inject/jacobi/pointer/site20_bit52.out,,,,,,,,,,,,,,61483011,15450736,16777216
20,53,SDC,SDC_NOTFLAGGED,,,,HeCBench/results/llvm17_inject/jacobi/pointer/site20_bit53.out,,,,,,,,,,,,,,61483011,15450736,16777216
20,54,SDC,SDC_NOTFLAGGED,,,,HeCBench/results/llvm17_inject/jacobi/pointer/site20_bit54.out,,,,,,,,,,,,,,61483011,15450736,16777216
20,55,SDC,SDC_NOTFLAGGED,,,,HeCBench/results/llvm17_inject/jacobi/pointer/site20_bit55.out,,,,,,,,,,,,,,61483011,15450736,16777216
20,56,SDC,SDC_NOTFLAGGED,,,,HeCBench/results/llvm17_inject/jacobi/pointer/site20_bit56.out,,,,,,,,,,,,,,61483011,15450736,16777216
20,57,SDC,SDC_NOTFLAGGED,,,,HeCBench/results/llvm17_inject/jacobi/pointer/site20_bit57.out,,,,,,,,,,,,,,61483011,15450736,16777216
20,58,SDC,SDC_NOTFLAGGED,,,,HeCBench/results/llvm17_inject/jacobi/pointer/site20_bit58.out,,,,,,,,,,,,,,61483011,15450736,16777216
20,59,SDC,SDC_NOTFLAGGED,,,,HeCBench/results/llvm17_inject/jacobi/pointer/site20_bit59.out,,,,,,,,,,,,,,61483011,15450736,16777216
20,60,SDC,SDC_NOTFLAGGED,,,,HeCBench/results/llvm17_inject/jacobi/pointer/site20_bit60.out,,,,,,,,,,,,,,61483011,15450736,16777216
20,61,SDC,SDC_NOTFLAGGED,,,,HeCBench/results/llvm17_inject/jacobi/pointer/site20_bit61.out,,,,,,,,,,,,,,61483011,15450736,16777216
20,62,SDC,SDC_NOTFLAGGED,,,,HeCBench/results/llvm17_inject/jacobi/pointer/site20_bit62.out,,,,,,,,,,,,,,61483011,15450736,16777216
20,63,SDC,SDC_NOTFLAGGED,,,,HeCBench/results/llvm17_inject/jacobi/pointer/site20_bit63.out,,,,,,,,,,,,,,61483011,15450736,16777216
21,0,SDC,SDC_NOTFLAGGED,0,,,HeCBench/results/llvm17_inject/jacobi/pointer/site21_bit0.out,,,,,,,,,,,,,,61483011,15450736,16777216
21,1,SDC,SDC_NOTFLAGGED,0,,,HeCBench/results/llvm17_inject/jacobi/pointer/site21_bit1.out,,,,,,,,,,,,,,61483011,15450736,16777216
21,2,FAILURE,FAILURE_NONHANG,255,kernel_reported_fail,,HeCBench/results/llvm17_inject/jacobi/pointer/site21_bit2.out,,,,,,,,,,,,,,,,
21,3,FAILURE,FAILURE_NONHANG,255,kernel_reported_fail,,HeCBench/results/llvm17_inject/jacobi/pointer/site21_bit3.out,,,,,,,,,,,,,,,,
21,4,FAILURE,FAILURE_NONHANG,255,kernel_reported_fail,,HeCBench/results/llvm17_inject/jacobi/pointer/site21_bit4.out,,,,,,,,,,,,,,,,
21,5,FAILURE,FAILURE_NONHANG,255,kernel_reported_fail,,HeCBench/results/llvm17_inject/jacobi/pointer/site21_bit5.out,,,,,,,,,,,,,,,,
21,6,SDC,SDC_NOTFLAGGED,0,,,HeCBench/results/llvm17_inject/jacobi/pointer/site21_bit6.out,,,,,,,,,,,,,,58446794,15781661,16777216
21,7,SDC,SDC_NOTFLAGGED,0,,,HeCBench/results/llvm17_inject/jacobi/pointer/site21_bit7.out,,,,,,,,,,,,,,58970330,15974974,16777216
21,8,SDC,SDC_NOTFLAGGED,0,,,HeCBench/results/llvm17_inject/jacobi/pointer/site21_bit8.out,,,,,,,,,,,,,,59661400,16095291,16777216
21,9,SDC,SDC_NOTFLAGGED,,,,HeCBench/results/llvm17_inject/jacobi/pointer/site21_bit9.out,,,,,,,,,,,,,,61483011,15450736,16777216
21,10,SDC,SDC_NOTFLAGGED,,,,HeCBench/results/llvm17_inject/jacobi/pointer/site21_bit10.out,,,,,,,,,,,,,,61483011,15450736,16777216
21,11,SDC,SDC_NOTFLAGGED,,,,HeCBench/results/llvm17_inject/jacobi/pointer/site21_bit11.out,,,,,,,,,,,,,,61483011,15450736,16777216
21,12,SDC,SDC_NOTFLAGGED,,,,HeCBench/results/llvm17_inject/jacobi/pointer/site21_bit12.out,,,,,,,,,,,,,,61483011,15450736,16777216
21,13,SDC,SDC_NOTFLAGGED,,,,HeCBench/results/llvm17_inject/jacobi/pointer/site21_bit13.out,,,,,,,,,,,,,,61483011,15450736,16777216
21,14,SDC,SDC_NOTFLAGGED,0,,,HeCBench/results/llvm17_inject/jacobi/pointer/site21_bit14.out,,,,,,,,,,,,,,50063210,13680592,16777216
21,15,SDC,SDC_NOTFLAGGED,,,,HeCBench/results/llvm17_inject/jacobi/pointer/site21_bit15.out,,,,,,,,,,,,,,61483011,15450736,16777216
21,16,SDC,SDC_NOTFLAGGED,,,,HeCBench/results/llvm17_inject/jacobi/pointer/site21_bit16.out,,,,,,,,,,,,,,61483011,15450736,16777216
21,17,SDC,SDC_NOTFLAGGED,,,,HeCBench/results/llvm17_inject/jacobi/pointer/site21_bit17.out,,,,,,,,,,,,,,61483011,15450736,16777216
21,18,SDC,SDC_NOTFLAGGED,,,,HeCBench/results/llvm17_inject/jacobi/pointer/site21_bit18.out,,,,,,,,,,,,,,61483011,15450736,16777216
21,19,SDC,SDC_NOTFLAGGED,,,,HeCBench/results/llvm17_inject/jacobi/pointer/site21_bit19.out,,,,,,,,,,,,,,61483011,15450736,16777216
21,20,SDC,SDC_NOTFLAGGED,,,,HeCBench/results/llvm17_inject/jacobi/pointer/site21_bit20.out,,,,,,,,,,,,,,61483011,15450736,16777216
21,21,SDC,SDC_NOTFLAGGED,,,,HeCBench/results/llvm17_inject/jacobi/pointer/site21_bit21.out,,,,,,,,,,,,,,61483011,15450736,16777216
21,22,SDC,SDC_NOTFLAGGED,,,,HeCBench/results/llvm17_inject/jacobi/pointer/site21_bit22.out,,,,,,,,,,,,,,61483011,15450736,16777216
21,23,SDC,SDC_NOTFLAGGED,,,,HeCBench/results/llvm17_inject/jacobi/pointer/site21_bit23.out,,,,,,,,,,,,,,61483011,15450736,16777216
21,24,SDC,SDC_NOTFLAGGED,,,,HeCBench/results/llvm17_inject/jacobi/pointer/site21_bit24.out,,,,,,,,,,,,,,61483011,15450736,16777216
21,25,SDC,SDC_NOTFLAGGED,,,,HeCBench/results/llvm17_inject/jacobi/pointer/site21_bit25.out,,,,,,,,,,,,,,61483011,15450736,16777216
21,26,SDC,SDC_NOTFLAGGED,,,,HeCBench/results/llvm17_inject/jacobi/pointer/site21_bit26.out,,,,,,,,,,,,,,61483011,15450736,16777216
21,27,SDC,SDC_NOTFLAGGED,,,,HeCBench/results/llvm17_inject/jacobi/pointer/site21_bit27.out,,,,,,,,,,,,,,61483011,15450736,16777216
21,28,SDC,SDC_NOTFLAGGED,,,,HeCBench/results/llvm17_inject/jacobi/pointer/site21_bit28.out,,,,,,,,,,,,,,61483011,15450736,16777216
21,29,SDC,SDC_NOTFLAGGED,,,,HeCBench/results/llvm17_inject/jacobi/pointer/site21_bit29.out,,,,,,,,,,,,,,61483011,15450736,16777216
21,30,SDC,SDC_NOTFLAGGED,,,,HeCBench/results/llvm17_inject/jacobi/pointer/site21_bit30.out,,,,,,,,,,,,,,61483011,15450736,16777216
21,31,SDC,SDC_NOTFLAGGED,,,,HeCBench/results/llvm17_inject/jacobi/pointer/site21_bit31.out,,,,,,,,,,,,,,61483011,15450736,16777216
21,32,SDC,SDC_NOTFLAGGED,,,,HeCBench/results/llvm17_inject/jacobi/pointer/site21_bit32.out,,,,,,,,,,,,,,61483011,15450736,16777216
21,33,SDC,SDC_NOTFLAGGED,,,,HeCBench/results/llvm17_inject/jacobi/pointer/site21_bit33.out,,,,,,,,,,,,,,61483011,15450736,16777216
21,34,SDC,SDC_NOTFLAGGED,,,,HeCBench/results/llvm17_inject/jacobi/pointer/site21_bit34.out,,,,,,,,,,,,,,61483011,15450736,16777216
21,35,SDC,SDC_NOTFLAGGED,,,,HeCBench/results/llvm17_inject/jacobi/pointer/site21_bit35.out,,,,,,,,,,,,,,61483011,15450736,16777216
21,36,SDC,SDC_NOTFLAGGED,,,,HeCBench/results/llvm17_inject/jacobi/pointer/site21_bit36.out,,,,,,,,,,,,,,61483011,15450736,16777216
21,37,SDC,SDC_NOTFLAGGED,,,,HeCBench/results/llvm17_inject/jacobi/pointer/site21_bit37.out,,,,,,,,,,,,,,61483011,15450736,16777216
21,38,SDC,SDC_NOTFLAGGED,,,,HeCBench/results/llvm17_inject/jacobi/pointer/site21_bit38.out,,,,,,,,,,,,,,61483011,15450736,16777216
21,39,SDC,SDC_NOTFLAGGED,,,,HeCBench/results/llvm17_inject/jacobi/pointer/site21_bit39.out,,,,,,,,,,,,,,61483011,15450736,16777216
21,40,SDC,SDC_NOTFLAGGED,,,,HeCBench/results/llvm17_inject/jacobi/pointer/site21_bit40.out,,,,,,,,,,,,,,61483011,15450736,16777216
21,41,SDC,SDC_NOTFLAGGED,,,,HeCBench/results/llvm17_inject/jacobi/pointer/site21_bit41.out,,,,,,,,,,,,,,61483011,15450736,16777216
21,42,SDC,SDC_NOTFLAGGED,,,,HeCBench/results/llvm17_inject/jacobi/pointer/site21_bit42.out,,,,,,,,,,,,,,61483011,15450736,16777216
21,43,SDC,SDC_NOTFLAGGED,,,,HeCBench/results/llvm17_inject/jacobi/pointer/site21_bit43.out,,,,,,,,,,,,,,61483011,15450736,16777216
21,44,SDC,SDC_NOTFLAGGED,,,,HeCBench/results/llvm17_inject/jacobi/pointer/site21_bit44.out,,,,,,,,,,,,,,61483011,15450736,16777216
21,45,SDC,SDC_NOTFLAGGED,,,,HeCBench/results/llvm17_inject/jacobi/pointer/site21_bit45.out,,,,,,,,,,,,,,61483011,15450736,16777216
21,46,SDC,SDC_NOTFLAGGED,,,,HeCBench/results/llvm17_inject/jacobi/pointer/site21_bit46.out,,,,,,,,,,,,,,61483011,15450736,16777216
21,47,SDC,SDC_NOTFLAGGED,,,,HeCBench/results/llvm17_inject/jacobi/pointer/site21_bit47.out,,,,,,,,,,,,,,61483011,15450736,16777216
21,48,SDC,SDC_NOTFLAGGED,,,,HeCBench/results/llvm17_inject/jacobi/pointer/site21_bit48.out,,,,,,,,,,,,,,61483011,15450736,16777216
21,49,SDC,SDC_NOTFLAGGED,,,,HeCBench/results/llvm17_inject/jacobi/pointer/site21_bit49.out,,,,,,,,,,,,,,61483011,15450736,16777216
21,50,SDC,SDC_NOTFLAGGED,,,,HeCBench/results/llvm17_inject/jacobi/pointer/site21_bit50.out,,,,,,,,,,,,,,61483011,15450736,16777216
21,51,SDC,SDC_NOTFLAGGED,,,,HeCBench/results/llvm17_inject/jacobi/pointer/site21_bit51.out,,,,,,,,,,,,,,61483011,15450736,16777216
21,52,SDC,SDC_NOTFLAGGED,,,,HeCBench/results/llvm17_inject/jacobi/pointer/site21_bit52.out,,,,,,,,,,,,,,61483011,15450736,16777216
21,53,SDC,SDC_NOTFLAGGED,,,,HeCBench/results/llvm17_inject/jacobi/pointer/site21_bit53.out,,,,,,,,,,,,,,61483011,15450736,16777216
21,54,SDC,SDC_NOTFLAGGED,,,,HeCBench/results/llvm17_inject/jacobi/pointer/site21_bit54.out,,,,,,,,,,,,,,61483011,15450736,16777216
21,55,SDC,SDC_NOTFLAGGED,,,,HeCBench/results/llvm17_inject/jacobi/pointer/site21_bit55.out,,,,,,,,,,,,,,61483011,15450736,16777216
21,56,SDC,SDC_NOTFLAGGED,,,,HeCBench/results/llvm17_inject/jacobi/pointer/site21_bit56.out,,,,,,,,,,,,,,61483011,15450736,16777216
21,57,SDC,SDC_NOTFLAGGED,,,,HeCBench/results/llvm17_inject/jacobi/pointer/site21_bit57.out,,,,,,,,,,,,,,61483011,15450736,16777216
21,58,SDC,SDC_NOTFLAGGED,,,,HeCBench/results/llvm17_inject/jacobi/pointer/site21_bit58.out,,,,,,,,,,,,,,61483011,15450736,16777216
21,59,SDC,SDC_NOTFLAGGED,,,,HeCBench/results/llvm17_inject/jacobi/pointer/site21_bit59.out,,,,,,,,,,,,,,61483011,15450736,16777216
21,60,SDC,SDC_NOTFLAGGED,,,,HeCBench/results/llvm17_inject/jacobi/pointer/site21_bit60.out,,,,,,,,,,,,,,61483011,15450736,16777216
21,61,SDC,SDC_NOTFLAGGED,,,,HeCBench/results/llvm17_inject/jacobi/pointer/site21_bit61.out,,,,,,,,,,,,,,61483011,15450736,16777216
21,62,SDC,SDC_NOTFLAGGED,,,,HeCBench/results/llvm17_inject/jacobi/pointer/site21_bit62.out,,,,,,,,,,,,,,61483011,15450736,16777216
21,63,SDC,SDC_NOTFLAGGED,,,,HeCBench/results/llvm17_inject/jacobi/pointer/site21_bit63.out,,,,,,,,,,,,,,61483011,15450736,16777216
22,0,SDC,SDC_NOTFLAGGED,0,,,HeCBench/results/llvm17_inject/jacobi/pointer/site22_bit0.out,,,,,,,,,,,,,,61483011,15450736,16777216
22,1,SDC,SDC_NOTFLAGGED,0,,,HeCBench/results/llvm17_inject/jacobi/pointer/site22_bit1.out,,,,,,,,,,,,,,61483011,15450736,16777216
22,2,FAILURE,FAILURE_NONHANG,255,kernel_reported_fail,,HeCBench/results/llvm17_inject/jacobi/pointer/site22_bit2.out,,,,,,,,,,,,,,,,
22,3,FAILURE,FAILURE_NONHANG,255,kernel_reported_fail,,HeCBench/results/llvm17_inject/jacobi/pointer/site22_bit3.out,,,,,,,,,,,,,,,,
22,4,FAILURE,FAILURE_NONHANG,255,kernel_reported_fail,,HeCBench/results/llvm17_inject/jacobi/pointer/site22_bit4.out,,,,,,,,,,,,,,,,
22,5,FAILURE,FAILURE_NONHANG,255,kernel_reported_fail,,HeCBench/results/llvm17_inject/jacobi/pointer/site22_bit5.out,,,,,,,,,,,,,,,,
22,6,FAILURE,FAILURE_NONHANG,255,kernel_reported_fail,,HeCBench/results/llvm17_inject/jacobi/pointer/site22_bit6.out,,,,,,,,,,,,,,,,
22,7,FAILURE,FAILURE_NONHANG,255,kernel_reported_fail,,HeCBench/results/llvm17_inject/jacobi/pointer/site22_bit7.out,,,,,,,,,,,,,,,,
22,8,FAILURE,FAILURE_NONHANG,255,kernel_reported_fail,,HeCBench/results/llvm17_inject/jacobi/pointer/site22_bit8.out,,,,,,,,,,,,,,,,
22,9,SDC,SDC_NOTFLAGGED,,,,HeCBench/results/llvm17_inject/jacobi/pointer/site22_bit9.out,,,,,,,,,,,,,,61483011,15450736,16777216
22,10,SDC,SDC_NOTFLAGGED,,,,HeCBench/results/llvm17_inject/jacobi/pointer/site22_bit10.out,,,,,,,,,,,,,,61483011,15450736,16777216
22,11,SDC,SDC_NOTFLAGGED,,,,HeCBench/results/llvm17_inject/jacobi/pointer/site22_bit11.out,,,,,,,,,,,,,,61483011,15450736,16777216
22,12,SDC,SDC_NOTFLAGGED,,,,HeCBench/results/llvm17_inject/jacobi/pointer/site22_bit12.out,,,,,,,,,,,,,,61483011,15450736,16777216
22,13,SDC,SDC_NOTFLAGGED,,,,HeCBench/results/llvm17_inject/jacobi/pointer/site22_bit13.out,,,,,,,,,,,,,,61483011,15450736,16777216
22,14,SDC,SDC_NOTFLAGGED,,,,HeCBench/results/llvm17_inject/jacobi/pointer/site22_bit14.out,,,,,,,,,,,,,,61483011,15450736,16777216
22,15,SDC,SDC_NOTFLAGGED,,,,HeCBench/results/llvm17_inject/jacobi/pointer/site22_bit15.out,,,,,,,,,,,,,,61483011,15450736,16777216
22,16,SDC,SDC_NOTFLAGGED,,,,HeCBench/results/llvm17_inject/jacobi/pointer/site22_bit16.out,,,,,,,,,,,,,,61483011,15450736,16777216
22,17,SDC,SDC_NOTFLAGGED,,,,HeCBench/results/llvm17_inject/jacobi/pointer/site22_bit17.out,,,,,,,,,,,,,,61483011,15450736,16777216
22,18,SDC,SDC_NOTFLAGGED,,,,HeCBench/results/llvm17_inject/jacobi/pointer/site22_bit18.out,,,,,,,,,,,,,,61483011,15450736,16777216
22,19,SDC,SDC_NOTFLAGGED,,,,HeCBench/results/llvm17_inject/jacobi/pointer/site22_bit19.out,,,,,,,,,,,,,,61483011,15450736,16777216
22,20,SDC,SDC_NOTFLAGGED,,,,HeCBench/results/llvm17_inject/jacobi/pointer/site22_bit20.out,,,,,,,,,,,,,,61483011,15450736,16777216
22,21,SDC,SDC_NOTFLAGGED,,,,HeCBench/results/llvm17_inject/jacobi/pointer/site22_bit21.out,,,,,,,,,,,,,,61483011,15450736,16777216
22,22,SDC,SDC_NOTFLAGGED,,,,HeCBench/results/llvm17_inject/jacobi/pointer/site22_bit22.out,,,,,,,,,,,,,,61483011,15450736,16777216
22,23,SDC,SDC_NOTFLAGGED,,,,HeCBench/results/llvm17_inject/jacobi/pointer/site22_bit23.out,,,,,,,,,,,,,,61483011,15450736,16777216
22,24,SDC,SDC_NOTFLAGGED,,,,HeCBench/results/llvm17_inject/jacobi/pointer/site22_bit24.out,,,,,,,,,,,,,,61483011,15450736,16777216
22,25,SDC,SDC_NOTFLAGGED,,,,HeCBench/results/llvm17_inject/jacobi/pointer/site22_bit25.out,,,,,,,,,,,,,,61483011,15450736,16777216
22,26,SDC,SDC_NOTFLAGGED,,,,HeCBench/results/llvm17_inject/jacobi/pointer/site22_bit26.out,,,,,,,,,,,,,,61483011,15450736,16777216
22,27,SDC,SDC_NOTFLAGGED,,,,HeCBench/results/llvm17_inject/jacobi/pointer/site22_bit27.out,,,,,,,,,,,,,,61483011,15450736,16777216
22,28,SDC,SDC_NOTFLAGGED,,,,HeCBench/results/llvm17_inject/jacobi/pointer/site22_bit28.out,,,,,,,,,,,,,,61483011,15450736,16777216
22,29,SDC,SDC_NOTFLAGGED,,,,HeCBench/results/llvm17_inject/jacobi/pointer/site22_bit29.out,,,,,,,,,,,,,,61483011,15450736,16777216
22,30,SDC,SDC_NOTFLAGGED,,,,HeCBench/results/llvm17_inject/jacobi/pointer/site22_bit30.out,,,,,,,,,,,,,,61483011,15450736,16777216
22,31,SDC,SDC_NOTFLAGGED,,,,HeCBench/results/llvm17_inject/jacobi/pointer/site22_bit31.out,,,,,,,,,,,,,,61483011,15450736,16777216
22,32,SDC,SDC_NOTFLAGGED,,,,HeCBench/results/llvm17_inject/jacobi/pointer/site22_bit32.out,,,,,,,,,,,,,,61483011,15450736,16777216
22,33,SDC,SDC_NOTFLAGGED,,,,HeCBench/results/llvm17_inject/jacobi/pointer/site22_bit33.out,,,,,,,,,,,,,,61483011,15450736,16777216
22,34,SDC,SDC_NOTFLAGGED,,,,HeCBench/results/llvm17_inject/jacobi/pointer/site22_bit34.out,,,,,,,,,,,,,,61483011,15450736,16777216
22,35,SDC,SDC_NOTFLAGGED,,,,HeCBench/results/llvm17_inject/jacobi/pointer/site22_bit35.out,,,,,,,,,,,,,,61483011,15450736,16777216
22,36,SDC,SDC_NOTFLAGGED,,,,HeCBench/results/llvm17_inject/jacobi/pointer/site22_bit36.out,,,,,,,,,,,,,,61483011,15450736,16777216
22,37,SDC,SDC_NOTFLAGGED,,,,HeCBench/results/llvm17_inject/jacobi/pointer/site22_bit37.out,,,,,,,,,,,,,,61483011,15450736,16777216
22,38,SDC,SDC_NOTFLAGGED,,,,HeCBench/results/llvm17_inject/jacobi/pointer/site22_bit38.out,,,,,,,,,,,,,,61483011,15450736,16777216
22,39,SDC,SDC_NOTFLAGGED,,,,HeCBench/results/llvm17_inject/jacobi/pointer/site22_bit39.out,,,,,,,,,,,,,,61483011,15450736,16777216
22,40,SDC,SDC_NOTFLAGGED,,,,HeCBench/results/llvm17_inject/jacobi/pointer/site22_bit40.out,,,,,,,,,,,,,,61483011,15450736,16777216
22,41,SDC,SDC_NOTFLAGGED,,,,HeCBench/results/llvm17_inject/jacobi/pointer/site22_bit41.out,,,,,,,,,,,,,,61483011,15450736,16777216
22,42,SDC,SDC_NOTFLAGGED,,,,HeCBench/results/llvm17_inject/jacobi/pointer/site22_bit42.out,,,,,,,,,,,,,,61483011,15450736,16777216
22,43,SDC,SDC_NOTFLAGGED,,,,HeCBench/results/llvm17_inject/jacobi/pointer/site22_bit43.out,,,,,,,,,,,,,,61483011,15450736,16777216
22,44,SDC,SDC_NOTFLAGGED,,,,HeCBench/results/llvm17_inject/jacobi/pointer/site22_bit44.out,,,,,,,,,,,,,,61483011,15450736,16777216
22,45,SDC,SDC_NOTFLAGGED,,,,HeCBench/results/llvm17_inject/jacobi/pointer/site22_bit45.out,,,,,,,,,,,,,,61483011,15450736,16777216
22,46,SDC,SDC_NOTFLAGGED,,,,HeCBench/results/llvm17_inject/jacobi/pointer/site22_bit46.out,,,,,,,,,,,,,,61483011,15450736,16777216
22,47,SDC,SDC_NOTFLAGGED,,,,HeCBench/results/llvm17_inject/jacobi/pointer/site22_bit47.out,,,,,,,,,,,,,,61483011,15450736,16777216
22,48,SDC,SDC_NOTFLAGGED,,,,HeCBench/results/llvm17_inject/jacobi/pointer/site22_bit48.out,,,,,,,,,,,,,,61483011,15450736,16777216
22,49,SDC,SDC_NOTFLAGGED,,,,HeCBench/results/llvm17_inject/jacobi/pointer/site22_bit49.out,,,,,,,,,,,,,,61483011,15450736,16777216
22,50,SDC,SDC_NOTFLAGGED,,,,HeCBench/results/llvm17_inject/jacobi/pointer/site22_bit50.out,,,,,,,,,,,,,,61483011,15450736,16777216
22,51,SDC,SDC_NOTFLAGGED,,,,HeCBench/results/llvm17_inject/jacobi/pointer/site22_bit51.out,,,,,,,,,,,,,,61483011,15450736,16777216
22,52,SDC,SDC_NOTFLAGGED,,,,HeCBench/results/llvm17_inject/jacobi/pointer/site22_bit52.out,,,,,,,,,,,,,,61483011,15450736,16777216
22,53,SDC,SDC_NOTFLAGGED,,,,HeCBench/results/llvm17_inject/jacobi/pointer/site22_bit53.out,,,,,,,,,,,,,,61483011,15450736,16777216
22,54,SDC,SDC_NOTFLAGGED,,,,HeCBench/results/llvm17_inject/jacobi/pointer/site22_bit54.out,,,,,,,,,,,,,,61483011,15450736,16777216
22,55,SDC,SDC_NOTFLAGGED,0,,,HeCBench/results/llvm17_inject/jacobi/pointer/site22_bit55.out,,,,,,,,,,,,,,61483011,15450736,16777216
22,56,SDC,SDC_NOTFLAGGED,,,,HeCBench/results/llvm17_inject/jacobi/pointer/site22_bit56.out,,,,,,,,,,,,,,61483011,15450736,16777216
22,57,SDC,SDC_NOTFLAGGED,,,,HeCBench/results/llvm17_inject/jacobi/pointer/site22_bit57.out,,,,,,,,,,,,,,61483011,15450736,16777216
22,58,SDC,SDC_NOTFLAGGED,,,,HeCBench/results/llvm17_inject/jacobi/pointer/site22_bit58.out,,,,,,,,,,,,,,61483011,15450736,16777216
22,59,SDC,SDC_NOTFLAGGED,,,,HeCBench/results/llvm17_inject/jacobi/pointer/site22_bit59.out,,,,,,,,,,,,,,61483011,15450736,16777216
22,60,SDC,SDC_NOTFLAGGED,,,,HeCBench/results/llvm17_inject/jacobi/pointer/site22_bit60.out,,,,,,,,,,,,,,61483011,15450736,16777216
22,61,SDC,SDC_NOTFLAGGED,,,,HeCBench/results/llvm17_inject/jacobi/pointer/site22_bit61.out,,,,,,,,,,,,,,61483011,15450736,16777216
22,62,MASKED,MASKED_UNFLAGGED,,,,HeCBench/results/llvm17_inject/jacobi/pointer/site22_bit62.out,,,,,,,,,,,,,,,,
22,63,MASKED,MASKED_UNFLAGGED,,,,HeCBench/results/llvm17_inject/jacobi/pointer/site22_bit63.out,,,,,,,,,,,,,,,,
23,0,SDC,SDC_NOTFLAGGED,0,,,HeCBench/results/llvm17_inject/jacobi/pointer/site23_bit0.out,,,,,,,,,,,,,,61483011,15450736,16777216
23,1,SDC,SDC_NOTFLAGGED,0,,,HeCBench/results/llvm17_inject/jacobi/pointer/site23_bit1.out,,,,,,,,,,,,,,61483011,15450736,16777216
23,2,FAILURE,FAILURE_NONHANG,255,kernel_reported_fail,,HeCBench/results/llvm17_inject/jacobi/pointer/site23_bit2.out,,,,,,,,,,,,,,,,
23,3,FAILURE,FAILURE_NONHANG,255,kernel_reported_fail,,HeCBench/results/llvm17_inject/jacobi/pointer/site23_bit3.out,,,,,,,,,,,,,,,,
23,4,FAILURE,FAILURE_NONHANG,255,kernel_reported_fail,,HeCBench/results/llvm17_inject/jacobi/pointer/site23_bit4.out,,,,,,,,,,,,,,,,
23,5,FAILURE,FAILURE_NONHANG,255,kernel_reported_fail,,HeCBench/results/llvm17_inject/jacobi/pointer/site23_bit5.out,,,,,,,,,,,,,,,,
23,6,FAILURE,FAILURE_NONHANG,255,kernel_reported_fail,,HeCBench/results/llvm17_inject/jacobi/pointer/site23_bit6.out,,,,,,,,,,,,,,,,
23,7,FAILURE,FAILURE_NONHANG,255,kernel_reported_fail,,HeCBench/results/llvm17_inject/jacobi/pointer/site23_bit7.out,,,,,,,,,,,,,,,,
23,8,FAILURE,FAILURE_NONHANG,255,kernel_reported_fail,,HeCBench/results/llvm17_inject/jacobi/pointer/site23_bit8.out,,,,,,,,,,,,,,,,
23,9,FAILURE,FAILURE_NONHANG,255,kernel_reported_fail,,HeCBench/results/llvm17_inject/jacobi/pointer/site23_bit9.out,,,,,,,,,,,,,,,,
23,10,FAILURE,FAILURE_NONHANG,255,kernel_reported_fail,,HeCBench/results/llvm17_inject/jacobi/pointer/site23_bit10.out,,,,,,,,,,,,,,,,
23,11,SDC,SDC_NOTFLAGGED,0,,,HeCBench/results/llvm17_inject/jacobi/pointer/site23_bit11.out,,,,,,,,,,,,,,61483011,15450736,16777216
23,12,SDC,SDC_NOTFLAGGED,0,,,HeCBench/results/llvm17_inject/jacobi/pointer/site23_bit12.out,,,,,,,,,,,,,,61483011,15450736,16777216
23,13,SDC,SDC_NOTFLAGGED,0,,,HeCBench/results/llvm17_inject/jacobi/pointer/site23_bit13.out,,,,,,,,,,,,,,61483011,15450736,16777216
23,14,SDC,SDC_NOTFLAGGED,0,,,HeCBench/results/llvm17_inject/jacobi/pointer/site23_bit14.out,,,,,,,,,,,,,,61483011,15450736,16777216
23,15,SDC,SDC_NOTFLAGGED,0,,,HeCBench/results/llvm17_inject/jacobi/pointer/site23_bit15.out,,,,,,,,,,,,,,61483011,15450736,16777216
23,16,SDC,SDC_NOTFLAGGED,0,,,HeCBench/results/llvm17_inject/jacobi/pointer/site23_bit16.out,,,,,,,,,,,,,,61483011,15450736,16777216
23,17,SDC,SDC_NOTFLAGGED,0,,,HeCBench/results/llvm17_inject/jacobi/pointer/site23_bit17.out,,,,,,,,,,,,,,61483011,15450736,16777216
23,18,SDC,SDC_NOTFLAGGED,0,,,HeCBench/results/llvm17_inject/jacobi/pointer/site23_bit18.out,,,,,,,,,,,,,,61483011,15450736,16777216
23,19,SDC,SDC_NOTFLAGGED,0,,,HeCBench/results/llvm17_inject/jacobi/pointer/site23_bit19.out,,,,,,,,,,,,,,61483011,15450736,16777216
23,20,SDC,SDC_NOTFLAGGED,0,,,HeCBench/results/llvm17_inject/jacobi/pointer/site23_bit20.out,,,,,,,,,,,,,,61483011,15450736,16777216
23,21,SDC,SDC_NOTFLAGGED,0,,,HeCBench/results/llvm17_inject/jacobi/pointer/site23_bit21.out,,,,,,,,,,,,,,61483011,15450736,16777216
23,22,SDC,SDC_NOTFLAGGED,0,,,HeCBench/results/llvm17_inject/jacobi/pointer/site23_bit22.out,,,,,,,,,,,,,,61483011,15450736,16777216
23,23,SDC,SDC_NOTFLAGGED,0,,,HeCBench/results/llvm17_inject/jacobi/pointer/site23_bit23.out,,,,,,,,,,,,,,61483011,15450736,16777216
23,24,SDC,SDC_NOTFLAGGED,0,,,HeCBench/results/llvm17_inject/jacobi/pointer/site23_bit24.out,,,,,,,,,,,,,,61483011,15450736,16777216
23,25,SDC,SDC_NOTFLAGGED,0,,,HeCBench/results/llvm17_inject/jacobi/pointer/site23_bit25.out,,,,,,,,,,,,,,61483011,15450736,16777216
23,26,SDC,SDC_NOTFLAGGED,0,,,HeCBench/results/llvm17_inject/jacobi/pointer/site23_bit26.out,,,,,,,,,,,,,,61483011,15450736,16777216
23,27,SDC,SDC_NOTFLAGGED,0,,,HeCBench/results/llvm17_inject/jacobi/pointer/site23_bit27.out,,,,,,,,,,,,,,61483011,15450736,16777216
23,28,FAILURE,FAILURE_NONHANG,255,kernel_reported_fail,,HeCBench/results/llvm17_inject/jacobi/pointer/site23_bit28.out,,,,,,,,,,,,,,,,
23,29,SDC,SDC_NOTFLAGGED,0,,,HeCBench/results/llvm17_inject/jacobi/pointer/site23_bit29.out,,,,,,,,,,,,,,61483011,15450736,16777216
23,30,SDC,SDC_NOTFLAGGED,0,,,HeCBench/results/llvm17_inject/jacobi/pointer/site23_bit30.out,,,,,,,,,,,,,,61483011,15450736,16777216
23,31,SDC,SDC_NOTFLAGGED,0,,,HeCBench/results/llvm17_inject/jacobi/pointer/site23_bit31.out,,,,,,,,,,,,,,61483011,15450736,16777216
23,32,SDC,SDC_NOTFLAGGED,0,,,HeCBench/results/llvm17_inject/jacobi/pointer/site23_bit32.out,,,,,,,,,,,,,,61483011,15450736,16777216
23,33,SDC,SDC_NOTFLAGGED,0,,,HeCBench/results/llvm17_inject/jacobi/pointer/site23_bit33.out,,,,,,,,,,,,,,61483011,15450736,16777216
23,34,SDC,SDC_NOTFLAGGED,0,,,HeCBench/results/llvm17_inject/jacobi/pointer/site23_bit34.out,,,,,,,,,,,,,,61483011,15450736,16777216
23,35,SDC,SDC_NOTFLAGGED,0,,,HeCBench/results/llvm17_inject/jacobi/pointer/site23_bit35.out,,,,,,,,,,,,,,61483011,15450736,16777216
23,36,SDC,SDC_NOTFLAGGED,0,,,HeCBench/results/llvm17_inject/jacobi/pointer/site23_bit36.out,,,,,,,,,,,,,,61483011,15450736,16777216
23,37,SDC,SDC_NOTFLAGGED,0,,,HeCBench/results/llvm17_inject/jacobi/pointer/site23_bit37.out,,,,,,,,,,,,,,61483011,15450736,16777216
23,38,SDC,SDC_NOTFLAGGED,0,,,HeCBench/results/llvm17_inject/jacobi/pointer/site23_bit38.out,,,,,,,,,,,,,,61483011,15450736,16777216
23,39,SDC,SDC_NOTFLAGGED,0,,,HeCBench/results/llvm17_inject/jacobi/pointer/site23_bit39.out,,,,,,,,,,,,,,61483011,15450736,16777216
23,40,SDC,SDC_NOTFLAGGED,0,,,HeCBench/results/llvm17_inject/jacobi/pointer/site23_bit40.out,,,,,,,,,,,,,,61483011,15450736,16777216
23,41,SDC,SDC_NOTFLAGGED,0,,,HeCBench/results/llvm17_inject/jacobi/pointer/site23_bit41.out,,,,,,,,,,,,,,61483011,15450736,16777216
23,42,SDC,SDC_NOTFLAGGED,0,,,HeCBench/results/llvm17_inject/jacobi/pointer/site23_bit42.out,,,,,,,,,,,,,,61483011,15450736,16777216
23,43,SDC,SDC_NOTFLAGGED,0,,,HeCBench/results/llvm17_inject/jacobi/pointer/site23_bit43.out,,,,,,,,,,,,,,61483011,15450736,16777216
23,44,SDC,SDC_NOTFLAGGED,0,,,HeCBench/results/llvm17_inject/jacobi/pointer/site23_bit44.out,,,,,,,,,,,,,,61483011,15450736,16777216
23,45,SDC,SDC_NOTFLAGGED,0,,,HeCBench/results/llvm17_inject/jacobi/pointer/site23_bit45.out,,,,,,,,,,,,,,61483011,15450736,16777216
23,46,SDC,SDC_NOTFLAGGED,0,,,HeCBench/results/llvm17_inject/jacobi/pointer/site23_bit46.out,,,,,,,,,,,,,,61483011,15450736,16777216
23,47,SDC,SDC_NOTFLAGGED,0,,,HeCBench/results/llvm17_inject/jacobi/pointer/site23_bit47.out,,,,,,,,,,,,,,61483011,15450736,16777216
23,48,SDC,SDC_NOTFLAGGED,0,,,HeCBench/results/llvm17_inject/jacobi/pointer/site23_bit48.out,,,,,,,,,,,,,,61483011,15450736,16777216
23,49,SDC,SDC_NOTFLAGGED,0,,,HeCBench/results/llvm17_inject/jacobi/pointer/site23_bit49.out,,,,,,,,,,,,,,61483011,15450736,16777216
23,50,SDC,SDC_NOTFLAGGED,0,,,HeCBench/results/llvm17_inject/jacobi/pointer/site23_bit50.out,,,,,,,,,,,,,,61483011,15450736,16777216
23,51,SDC,SDC_NOTFLAGGED,0,,,HeCBench/results/llvm17_inject/jacobi/pointer/site23_bit51.out,,,,,,,,,,,,,,61483011,15450736,16777216
23,52,SDC,SDC_NOTFLAGGED,0,,,HeCBench/results/llvm17_inject/jacobi/pointer/site23_bit52.out,,,,,,,,,,,,,,61483011,15450736,16777216
23,53,SDC,SDC_NOTFLAGGED,0,,,HeCBench/results/llvm17_inject/jacobi/pointer/site23_bit53.out,,,,,,,,,,,,,,61483011,15450736,16777216
23,54,SDC,SDC_NOTFLAGGED,0,,,HeCBench/results/llvm17_inject/jacobi/pointer/site23_bit54.out,,,,,,,,,,,,,,61483011,15450736,16777216
23,55,SDC,SDC_NOTFLAGGED,0,,,HeCBench/results/llvm17_inject/jacobi/pointer/site23_bit55.out,,,,,,,,,,,,,,61483011,15450736,16777216
23,56,SDC,SDC_NOTFLAGGED,0,,,HeCBench/results/llvm17_inject/jacobi/pointer/site23_bit56.out,,,,,,,,,,,,,,61483011,15450736,16777216
23,57,SDC,SDC_NOTFLAGGED,0,,,HeCBench/results/llvm17_inject/jacobi/pointer/site23_bit57.out,,,,,,,,,,,,,,61483011,15450736,16777216
23,58,SDC,SDC_NOTFLAGGED,0,,,HeCBench/results/llvm17_inject/jacobi/pointer/site23_bit58.out,,,,,,,,,,,,,,61483011,15450736,16777216
23,59,SDC,SDC_NOTFLAGGED,0,,,HeCBench/results/llvm17_inject/jacobi/pointer/site23_bit59.out,,,,,,,,,,,,,,61483011,15450736,16777216
23,60,SDC,SDC_NOTFLAGGED,0,,,HeCBench/results/llvm17_inject/jacobi/pointer/site23_bit60.out,,,,,,,,,,,,,,61483011,15450736,16777216
23,61,SDC,SDC_NOTFLAGGED,0,,,HeCBench/results/llvm17_inject/jacobi/pointer/site23_bit61.out,,,,,,,,,,,,,,61483011,15450736,16777216
23,62,SDC,SDC_NOTFLAGGED,0,,,HeCBench/results/llvm17_inject/jacobi/pointer/site23_bit62.out,,,,,,,,,,,,,,61483011,15450736,16777216
23,63,SDC,SDC_NOTFLAGGED,0,,,HeCBench/results/llvm17_inject/jacobi/pointer/site23_bit63.out,,,,,,,,,,,,,,61483011,15450736,16777216
24,0,SDC,SDC_NOTFLAGGED,0,,,HeCBench/results/llvm17_inject/jacobi/pointer/site24_bit0.out,,,,,,,,,,,,,,61483011,15450736,16777216
24,1,SDC,SDC_NOTFLAGGED,0,,,HeCBench/results/llvm17_inject/jacobi/pointer/site24_bit1.out,,,,,,,,,,,,,,61483011,15450736,16777216
24,2,MASKED,MASKED_UNFLAGGED,0,,,HeCBench/results/llvm17_inject/jacobi/pointer/site24_bit2.out,,,,,,,,,,,,,,,,
24,3,FAILURE,FAILURE_NONHANG,255,kernel_reported_fail,,HeCBench/results/llvm17_inject/jacobi/pointer/site24_bit3.out,,,,,,,,,,,,,,,,
24,4,MASKED,MASKED_UNFLAGGED,0,,,HeCBench/results/llvm17_inject/jacobi/pointer/site24_bit4.out,,,,,,,,,,,,,,,,
24,5,MASKED,MASKED_UNFLAGGED,0,,,HeCBench/results/llvm17_inject/jacobi/pointer/site24_bit5.out,,,,,,,,,,,,,,,,
24,6,MASKED,MASKED_UNFLAGGED,0,,,HeCBench/results/llvm17_inject/jacobi/pointer/site24_bit6.out,,,,,,,,,,,,,,,,
24,7,MASKED,MASKED_UNFLAGGED,0,,,HeCBench/results/llvm17_inject/jacobi/pointer/site24_bit7.out,,,,,,,,,,,,,,,,
24,8,MASKED,MASKED_UNFLAGGED,0,,,HeCBench/results/llvm17_inject/jacobi/pointer/site24_bit8.out,,,,,,,,,,,,,,,,
24,9,MASKED,MASKED_UNFLAGGED,0,,,HeCBench/results/llvm17_inject/jacobi/pointer/site24_bit9.out,,,,,,,,,,,,,,,,
24,10,SDC,SDC_NOTFLAGGED,0,,,HeCBench/results/llvm17_inject/jacobi/pointer/site24_bit10.out,,,,,,,,,,,,,,61483011,15450736,16777216
24,11,SDC,SDC_NOTFLAGGED,0,,,HeCBench/results/llvm17_inject/jacobi/pointer/site24_bit11.out,,,,,,,,,,,,,,61483011,15450736,16777216
24,12,SDC,SDC_NOTFLAGGED,0,,,HeCBench/results/llvm17_inject/jacobi/pointer/site24_bit12.out,,,,,,,,,,,,,,61483011,15450736,16777216
24,13,SDC,SDC_NOTFLAGGED,0,,,HeCBench/results/llvm17_inject/jacobi/pointer/site24_bit13.out,,,,,,,,,,,,,,61483011,15450736,16777216
24,14,SDC,SDC_NOTFLAGGED,0,,,HeCBench/results/llvm17_inject/jacobi/pointer/site24_bit14.out,,,,,,,,,,,,,,61483011,15450736,16777216
24,15,SDC,SDC_NOTFLAGGED,0,,,HeCBench/results/llvm17_inject/jacobi/pointer/site24_bit15.out,,,,,,,,,,,,,,61483011,15450736,16777216
24,16,SDC,SDC_NOTFLAGGED,0,,,HeCBench/results/llvm17_inject/jacobi/pointer/site24_bit16.out,,,,,,,,,,,,,,61483011,15450736,16777216
24,17,SDC,SDC_NOTFLAGGED,0,,,HeCBench/results/llvm17_inject/jacobi/pointer/site24_bit17.out,,,,,,,,,,,,,,61483011,15450736,16777216
24,18,SDC,SDC_NOTFLAGGED,0,,,HeCBench/results/llvm17_inject/jacobi/pointer/site24_bit18.out,,,,,,,,,,,,,,61483011,15450736,16777216
24,19,SDC,SDC_NOTFLAGGED,0,,,HeCBench/results/llvm17_inject/jacobi/pointer/site24_bit19.out,,,,,,,,,,,,,,61483011,15450736,16777216
24,20,SDC,SDC_NOTFLAGGED,0,,,HeCBench/results/llvm17_inject/jacobi/pointer/site24_bit20.out,,,,,,,,,,,,,,61483011,15450736,16777216
24,21,SDC,SDC_NOTFLAGGED,0,,,HeCBench/results/llvm17_inject/jacobi/pointer/site24_bit21.out,,,,,,,,,,,,,,61483011,15450736,16777216
24,22,SDC,SDC_NOTFLAGGED,0,,,HeCBench/results/llvm17_inject/jacobi/pointer/site24_bit22.out,,,,,,,,,,,,,,61483011,15450736,16777216
24,23,SDC,SDC_NOTFLAGGED,0,,,HeCBench/results/llvm17_inject/jacobi/pointer/site24_bit23.out,,,,,,,,,,,,,,61483011,15450736,16777216
24,24,SDC,SDC_NOTFLAGGED,0,,,HeCBench/results/llvm17_inject/jacobi/pointer/site24_bit24.out,,,,,,,,,,,,,,61483011,15450736,16777216
24,25,SDC,SDC_NOTFLAGGED,0,,,HeCBench/results/llvm17_inject/jacobi/pointer/site24_bit25.out,,,,,,,,,,,,,,61483011,15450736,16777216
24,26,SDC,SDC_NOTFLAGGED,0,,,HeCBench/results/llvm17_inject/jacobi/pointer/site24_bit26.out,,,,,,,,,,,,,,61483011,15450736,16777216
24,27,SDC,SDC_NOTFLAGGED,0,,,HeCBench/results/llvm17_inject/jacobi/pointer/site24_bit27.out,,,,,,,,,,,,,,61483011,15450736,16777216
24,28,MASKED,MASKED_UNFLAGGED,0,,,HeCBench/results/llvm17_inject/jacobi/pointer/site24_bit28.out,,,,,,,,,,,,,,,,
24,29,SDC,SDC_NOTFLAGGED,0,,,HeCBench/results/llvm17_inject/jacobi/pointer/site24_bit29.out,,,,,,,,,,,,,,61483011,15450736,16777216
24,30,SDC,SDC_NOTFLAGGED,0,,,HeCBench/results/llvm17_inject/jacobi/pointer/site24_bit30.out,,,,,,,,,,,,,,61483011,15450736,16777216
24,31,SDC,SDC_NOTFLAGGED,0,,,HeCBench/results/llvm17_inject/jacobi/pointer/site24_bit31.out,,,,,,,,,,,,,,61483011,15450736,16777216
24,32,SDC,SDC_NOTFLAGGED,0,,,HeCBench/results/llvm17_inject/jacobi/pointer/site24_bit32.out,,,,,,,,,,,,,,61483011,15450736,16777216
24,33,SDC,SDC_NOTFLAGGED,0,,,HeCBench/results/llvm17_inject/jacobi/pointer/site24_bit33.out,,,,,,,,,,,,,,61483011,15450736,16777216
24,34,SDC,SDC_NOTFLAGGED,0,,,HeCBench/results/llvm17_inject/jacobi/pointer/site24_bit34.out,,,,,,,,,,,,,,61483011,15450736,16777216
24,35,SDC,SDC_NOTFLAGGED,0,,,HeCBench/results/llvm17_inject/jacobi/pointer/site24_bit35.out,,,,,,,,,,,,,,61483011,15450736,16777216
24,36,SDC,SDC_NOTFLAGGED,0,,,HeCBench/results/llvm17_inject/jacobi/pointer/site24_bit36.out,,,,,,,,,,,,,,61483011,15450736,16777216
24,37,SDC,SDC_NOTFLAGGED,0,,,HeCBench/results/llvm17_inject/jacobi/pointer/site24_bit37.out,,,,,,,,,,,,,,61483011,15450736,16777216
24,38,SDC,SDC_NOTFLAGGED,0,,,HeCBench/results/llvm17_inject/jacobi/pointer/site24_bit38.out,,,,,,,,,,,,,,61483011,15450736,16777216
24,39,SDC,SDC_NOTFLAGGED,0,,,HeCBench/results/llvm17_inject/jacobi/pointer/site24_bit39.out,,,,,,,,,,,,,,61483011,15450736,16777216
24,40,SDC,SDC_NOTFLAGGED,0,,,HeCBench/results/llvm17_inject/jacobi/pointer/site24_bit40.out,,,,,,,,,,,,,,61483011,15450736,16777216
24,41,SDC,SDC_NOTFLAGGED,0,,,HeCBench/results/llvm17_inject/jacobi/pointer/site24_bit41.out,,,,,,,,,,,,,,61483011,15450736,16777216
24,42,SDC,SDC_NOTFLAGGED,0,,,HeCBench/results/llvm17_inject/jacobi/pointer/site24_bit42.out,,,,,,,,,,,,,,61483011,15450736,16777216
24,43,SDC,SDC_NOTFLAGGED,0,,,HeCBench/results/llvm17_inject/jacobi/pointer/site24_bit43.out,,,,,,,,,,,,,,61483011,15450736,16777216
24,44,SDC,SDC_NOTFLAGGED,0,,,HeCBench/results/llvm17_inject/jacobi/pointer/site24_bit44.out,,,,,,,,,,,,,,61483011,15450736,16777216
24,45,SDC,SDC_NOTFLAGGED,0,,,HeCBench/results/llvm17_inject/jacobi/pointer/site24_bit45.out,,,,,,,,,,,,,,61483011,15450736,16777216
24,46,SDC,SDC_NOTFLAGGED,0,,,HeCBench/results/llvm17_inject/jacobi/pointer/site24_bit46.out,,,,,,,,,,,,,,61483011,15450736,16777216
24,47,SDC,SDC_NOTFLAGGED,0,,,HeCBench/results/llvm17_inject/jacobi/pointer/site24_bit47.out,,,,,,,,,,,,,,61483011,15450736,16777216
24,48,SDC,SDC_NOTFLAGGED,0,,,HeCBench/results/llvm17_inject/jacobi/pointer/site24_bit48.out,,,,,,,,,,,,,,61483011,15450736,16777216
24,49,SDC,SDC_NOTFLAGGED,0,,,HeCBench/results/llvm17_inject/jacobi/pointer/site24_bit49.out,,,,,,,,,,,,,,61483011,15450736,16777216
24,50,SDC,SDC_NOTFLAGGED,0,,,HeCBench/results/llvm17_inject/jacobi/pointer/site24_bit50.out,,,,,,,,,,,,,,61483011,15450736,16777216
24,51,SDC,SDC_NOTFLAGGED,0,,,HeCBench/results/llvm17_inject/jacobi/pointer/site24_bit51.out,,,,,,,,,,,,,,61483011,15450736,16777216
24,52,SDC,SDC_NOTFLAGGED,0,,,HeCBench/results/llvm17_inject/jacobi/pointer/site24_bit52.out,,,,,,,,,,,,,,61483011,15450736,16777216
24,53,SDC,SDC_NOTFLAGGED,0,,,HeCBench/results/llvm17_inject/jacobi/pointer/site24_bit53.out,,,,,,,,,,,,,,61483011,15450736,16777216
24,54,SDC,SDC_NOTFLAGGED,0,,,HeCBench/results/llvm17_inject/jacobi/pointer/site24_bit54.out,,,,,,,,,,,,,,61483011,15450736,16777216
24,55,SDC,SDC_NOTFLAGGED,0,,,HeCBench/results/llvm17_inject/jacobi/pointer/site24_bit55.out,,,,,,,,,,,,,,61483011,15450736,16777216
24,56,SDC,SDC_NOTFLAGGED,0,,,HeCBench/results/llvm17_inject/jacobi/pointer/site24_bit56.out,,,,,,,,,,,,,,61483011,15450736,16777216
24,57,SDC,SDC_NOTFLAGGED,0,,,HeCBench/results/llvm17_inject/jacobi/pointer/site24_bit57.out,,,,,,,,,,,,,,61483011,15450736,16777216
24,58,SDC,SDC_NOTFLAGGED,0,,,HeCBench/results/llvm17_inject/jacobi/pointer/site24_bit58.out,,,,,,,,,,,,,,61483011,15450736,16777216
24,59,SDC,SDC_NOTFLAGGED,0,,,HeCBench/results/llvm17_inject/jacobi/pointer/site24_bit59.out,,,,,,,,,,,,,,61483011,15450736,16777216
24,60,SDC,SDC_NOTFLAGGED,0,,,HeCBench/results/llvm17_inject/jacobi/pointer/site24_bit60.out,,,,,,,,,,,,,,61483011,15450736,16777216
24,61,SDC,SDC_NOTFLAGGED,0,,,HeCBench/results/llvm17_inject/jacobi/pointer/site24_bit61.out,,,,,,,,,,,,,,61483011,15450736,16777216
24,62,SDC,SDC_NOTFLAGGED,0,,,HeCBench/results/llvm17_inject/jacobi/pointer/site24_bit62.out,,,,,,,,,,,,,,61483011,15450736,16777216
24,63,SDC,SDC_NOTFLAGGED,0,,,HeCBench/results/llvm17_inject/jacobi/pointer/site24_bit63.out,,,,,,,,,,,,,,61483011,15450736,16777216
25,0,SDC,SDC_NOTFLAGGED,,,,HeCBench/results/llvm17_inject/jacobi/pointer/site25_bit0.out,,,,,,,,,,,,,,61483011,15450736,16777216
25,1,SDC,SDC_NOTFLAGGED,,,,HeCBench/results/llvm17_inject/jacobi/pointer/site25_bit1.out,,,,,,,,,,,,,,61483011,15450736,16777216
25,2,SDC,SDC_NOTFLAGGED,,,,HeCBench/results/llvm17_inject/jacobi/pointer/site25_bit2.out,,,,,,,,,,,,,,61483011,15450736,16777216
25,3,SDC,SDC_NOTFLAGGED,,,,HeCBench/results/llvm17_inject/jacobi/pointer/site25_bit3.out,,,,,,,,,,,,,,61483011,15450736,16777216
25,4,SDC,SDC_NOTFLAGGED,,,,HeCBench/results/llvm17_inject/jacobi/pointer/site25_bit4.out,,,,,,,,,,,,,,61483011,15450736,16777216
25,5,SDC,SDC_NOTFLAGGED,,,,HeCBench/results/llvm17_inject/jacobi/pointer/site25_bit5.out,,,,,,,,,,,,,,61483011,15450736,16777216
25,6,SDC,SDC_NOTFLAGGED,,,,HeCBench/results/llvm17_inject/jacobi/pointer/site25_bit6.out,,,,,,,,,,,,,,61483011,15450736,16777216
25,7,SDC,SDC_NOTFLAGGED,,,,HeCBench/results/llvm17_inject/jacobi/pointer/site25_bit7.out,,,,,,,,,,,,,,61483011,15450736,16777216
25,8,SDC,SDC_NOTFLAGGED,,,,HeCBench/results/llvm17_inject/jacobi/pointer/site25_bit8.out,,,,,,,,,,,,,,61483011,15450736,16777216
25,9,SDC,SDC_NOTFLAGGED,,,,HeCBench/results/llvm17_inject/jacobi/pointer/site25_bit9.out,,,,,,,,,,,,,,61483011,15450736,16777216
25,10,SDC,SDC_NOTFLAGGED,,,,HeCBench/results/llvm17_inject/jacobi/pointer/site25_bit10.out,,,,,,,,,,,,,,61483011,15450736,16777216
25,11,SDC,SDC_NOTFLAGGED,,,,HeCBench/results/llvm17_inject/jacobi/pointer/site25_bit11.out,,,,,,,,,,,,,,61483011,15450736,16777216
25,12,SDC,SDC_NOTFLAGGED,,,,HeCBench/results/llvm17_inject/jacobi/pointer/site25_bit12.out,,,,,,,,,,,,,,61483011,15450736,16777216
25,13,SDC,SDC_NOTFLAGGED,,,,HeCBench/results/llvm17_inject/jacobi/pointer/site25_bit13.out,,,,,,,,,,,,,,61483011,15450736,16777216
25,14,SDC,SDC_NOTFLAGGED,,,,HeCBench/results/llvm17_inject/jacobi/pointer/site25_bit14.out,,,,,,,,,,,,,,61483011,15450736,16777216
25,15,SDC,SDC_NOTFLAGGED,,,,HeCBench/results/llvm17_inject/jacobi/pointer/site25_bit15.out,,,,,,,,,,,,,,61483011,15450736,16777216
25,16,SDC,SDC_NOTFLAGGED,,,,HeCBench/results/llvm17_inject/jacobi/pointer/site25_bit16.out,,,,,,,,,,,,,,61483011,15450736,16777216
25,17,SDC,SDC_NOTFLAGGED,,,,HeCBench/results/llvm17_inject/jacobi/pointer/site25_bit17.out,,,,,,,,,,,,,,61483011,15450736,16777216
25,18,SDC,SDC_NOTFLAGGED,,,,HeCBench/results/llvm17_inject/jacobi/pointer/site25_bit18.out,,,,,,,,,,,,,,61483011,15450736,16777216
25,19,SDC,SDC_NOTFLAGGED,,,,HeCBench/results/llvm17_inject/jacobi/pointer/site25_bit19.out,,,,,,,,,,,,,,61483011,15450736,16777216
25,20,SDC,SDC_NOTFLAGGED,,,,HeCBench/results/llvm17_inject/jacobi/pointer/site25_bit20.out,,,,,,,,,,,,,,61483011,15450736,16777216
25,21,SDC,SDC_NOTFLAGGED,,,,HeCBench/results/llvm17_inject/jacobi/pointer/site25_bit21.out,,,,,,,,,,,,,,61483011,15450736,16777216
25,22,SDC,SDC_NOTFLAGGED,,,,HeCBench/results/llvm17_inject/jacobi/pointer/site25_bit22.out,,,,,,,,,,,,,,61483011,15450736,16777216
25,23,SDC,SDC_NOTFLAGGED,,,,HeCBench/results/llvm17_inject/jacobi/pointer/site25_bit23.out,,,,,,,,,,,,,,61483011,15450736,16777216
25,24,SDC,SDC_NOTFLAGGED,,,,HeCBench/results/llvm17_inject/jacobi/pointer/site25_bit24.out,,,,,,,,,,,,,,61483011,15450736,16777216
25,25,SDC,SDC_NOTFLAGGED,,,,HeCBench/results/llvm17_inject/jacobi/pointer/site25_bit25.out,,,,,,,,,,,,,,61483011,15450736,16777216
25,26,SDC,SDC_NOTFLAGGED,,,,HeCBench/results/llvm17_inject/jacobi/pointer/site25_bit26.out,,,,,,,,,,,,,,61483011,15450736,16777216
25,27,SDC,SDC_NOTFLAGGED,,,,HeCBench/results/llvm17_inject/jacobi/pointer/site25_bit27.out,,,,,,,,,,,,,,61483011,15450736,16777216
25,28,SDC,SDC_NOTFLAGGED,,,,HeCBench/results/llvm17_inject/jacobi/pointer/site25_bit28.out,,,,,,,,,,,,,,61483011,15450736,16777216
25,29,SDC,SDC_NOTFLAGGED,,,,HeCBench/results/llvm17_inject/jacobi/pointer/site25_bit29.out,,,,,,,,,,,,,,61483011,15450736,16777216
25,30,SDC,SDC_NOTFLAGGED,,,,HeCBench/results/llvm17_inject/jacobi/pointer/site25_bit30.out,,,,,,,,,,,,,,61483011,15450736,16777216
25,31,SDC,SDC_NOTFLAGGED,0,,,HeCBench/results/llvm17_inject/jacobi/pointer/site25_bit31.out,,,,,,,,,,,,,,61483011,15450736,16777216
25,32,SDC,SDC_NOTFLAGGED,0,,,HeCBench/results/llvm17_inject/jacobi/pointer/site25_bit32.out,,,,,,,,,,,,,,61483011,15450736,16777216
25,33,SDC,SDC_NOTFLAGGED,0,,,HeCBench/results/llvm17_inject/jacobi/pointer/site25_bit33.out,,,,,,,,,,,,,,61483011,15450736,16777216
25,34,SDC,SDC_NOTFLAGGED,0,,,HeCBench/results/llvm17_inject/jacobi/pointer/site25_bit34.out,,,,,,,,,,,,,,61483011,15450736,16777216
25,35,SDC,SDC_NOTFLAGGED,0,,,HeCBench/results/llvm17_inject/jacobi/pointer/site25_bit35.out,,,,,,,,,,,,,,61483011,15450736,16777216
25,36,SDC,SDC_NOTFLAGGED,0,,,HeCBench/results/llvm17_inject/jacobi/pointer/site25_bit36.out,,,,,,,,,,,,,,61483011,15450736,16777216
25,37,SDC,SDC_NOTFLAGGED,0,,,HeCBench/results/llvm17_inject/jacobi/pointer/site25_bit37.out,,,,,,,,,,,,,,61483011,15450736,16777216
25,38,SDC,SDC_NOTFLAGGED,0,,,HeCBench/results/llvm17_inject/jacobi/pointer/site25_bit38.out,,,,,,,,,,,,,,61483011,15450736,16777216
25,39,SDC,SDC_NOTFLAGGED,0,,,HeCBench/results/llvm17_inject/jacobi/pointer/site25_bit39.out,,,,,,,,,,,,,,61483011,15450736,16777216
25,40,SDC,SDC_NOTFLAGGED,0,,,HeCBench/results/llvm17_inject/jacobi/pointer/site25_bit40.out,,,,,,,,,,,,,,61483011,15450736,16777216
25,41,SDC,SDC_NOTFLAGGED,0,,,HeCBench/results/llvm17_inject/jacobi/pointer/site25_bit41.out,,,,,,,,,,,,,,61483011,15450736,16777216
25,42,SDC,SDC_NOTFLAGGED,0,,,HeCBench/results/llvm17_inject/jacobi/pointer/site25_bit42.out,,,,,,,,,,,,,,61483011,15450736,16777216
25,43,SDC,SDC_NOTFLAGGED,0,,,HeCBench/results/llvm17_inject/jacobi/pointer/site25_bit43.out,,,,,,,,,,,,,,61483011,15450736,16777216
25,44,SDC,SDC_NOTFLAGGED,0,,,HeCBench/results/llvm17_inject/jacobi/pointer/site25_bit44.out,,,,,,,,,,,,,,61483011,15450736,16777216
25,45,SDC,SDC_NOTFLAGGED,0,,,HeCBench/results/llvm17_inject/jacobi/pointer/site25_bit45.out,,,,,,,,,,,,,,61483011,15450736,16777216
25,46,SDC,SDC_NOTFLAGGED,0,,,HeCBench/results/llvm17_inject/jacobi/pointer/site25_bit46.out,,,,,,,,,,,,,,61483011,15450736,16777216
25,47,SDC,SDC_NOTFLAGGED,0,,,HeCBench/results/llvm17_inject/jacobi/pointer/site25_bit47.out,,,,,,,,,,,,,,61483011,15450736,16777216
25,48,SDC,SDC_NOTFLAGGED,0,,,HeCBench/results/llvm17_inject/jacobi/pointer/site25_bit48.out,,,,,,,,,,,,,,61483011,15450736,16777216
25,49,SDC,SDC_NOTFLAGGED,0,,,HeCBench/results/llvm17_inject/jacobi/pointer/site25_bit49.out,,,,,,,,,,,,,,61483011,15450736,16777216
25,50,SDC,SDC_NOTFLAGGED,0,,,HeCBench/results/llvm17_inject/jacobi/pointer/site25_bit50.out,,,,,,,,,,,,,,61483011,15450736,16777216
25,51,SDC,SDC_NOTFLAGGED,0,,,HeCBench/results/llvm17_inject/jacobi/pointer/site25_bit51.out,,,,,,,,,,,,,,61483011,15450736,16777216
25,52,SDC,SDC_NOTFLAGGED,0,,,HeCBench/results/llvm17_inject/jacobi/pointer/site25_bit52.out,,,,,,,,,,,,,,61483011,15450736,16777216
25,53,SDC,SDC_NOTFLAGGED,0,,,HeCBench/results/llvm17_inject/jacobi/pointer/site25_bit53.out,,,,,,,,,,,,,,61483011,15450736,16777216
25,54,SDC,SDC_NOTFLAGGED,0,,,HeCBench/results/llvm17_inject/jacobi/pointer/site25_bit54.out,,,,,,,,,,,,,,61483011,15450736,16777216
25,55,SDC,SDC_NOTFLAGGED,0,,,HeCBench/results/llvm17_inject/jacobi/pointer/site25_bit55.out,,,,,,,,,,,,,,61483011,15450736,16777216
25,56,SDC,SDC_NOTFLAGGED,0,,,HeCBench/results/llvm17_inject/jacobi/pointer/site25_bit56.out,,,,,,,,,,,,,,61483011,15450736,16777216
25,57,SDC,SDC_NOTFLAGGED,0,,,HeCBench/results/llvm17_inject/jacobi/pointer/site25_bit57.out,,,,,,,,,,,,,,61483011,15450736,16777216
25,58,SDC,SDC_NOTFLAGGED,0,,,HeCBench/results/llvm17_inject/jacobi/pointer/site25_bit58.out,,,,,,,,,,,,,,61483011,15450736,16777216
25,59,SDC,SDC_NOTFLAGGED,0,,,HeCBench/results/llvm17_inject/jacobi/pointer/site25_bit59.out,,,,,,,,,,,,,,61483011,15450736,16777216
25,60,SDC,SDC_NOTFLAGGED,0,,,HeCBench/results/llvm17_inject/jacobi/pointer/site25_bit60.out,,,,,,,,,,,,,,61483011,15450736,16777216
25,61,SDC,SDC_NOTFLAGGED,0,,,HeCBench/results/llvm17_inject/jacobi/pointer/site25_bit61.out,,,,,,,,,,,,,,61483011,15450736,16777216
25,62,SDC,SDC_NOTFLAGGED,0,,,HeCBench/results/llvm17_inject/jacobi/pointer/site25_bit62.out,,,,,,,,,,,,,,61483011,15450736,16777216
25,63,SDC,SDC_NOTFLAGGED,0,,,HeCBench/results/llvm17_inject/jacobi/pointer/site25_bit63.out,,,,,,,,,,,,,,61483011,15450736,16777216
26,0,SDC,SDC_NOTFLAGGED,,,,HeCBench/results/llvm17_inject/jacobi/pointer/site26_bit0.out,,,,,,,,,,,,,,61483011,15450736,16777216
26,1,SDC,SDC_NOTFLAGGED,,,,HeCBench/results/llvm17_inject/jacobi/pointer/site26_bit1.out,,,,,,,,,,,,,,61483011,15450736,16777216
26,2,SDC,SDC_NOTFLAGGED,,,,HeCBench/results/llvm17_inject/jacobi/pointer/site26_bit2.out,,,,,,,,,,,,,,61483011,15450736,16777216
26,3,SDC,SDC_NOTFLAGGED,,,,HeCBench/results/llvm17_inject/jacobi/pointer/site26_bit3.out,,,,,,,,,,,,,,61483011,15450736,16777216
26,4,SDC,SDC_NOTFLAGGED,,,,HeCBench/results/llvm17_inject/jacobi/pointer/site26_bit4.out,,,,,,,,,,,,,,61483011,15450736,16777216
26,5,SDC,SDC_NOTFLAGGED,,,,HeCBench/results/llvm17_inject/jacobi/pointer/site26_bit5.out,,,,,,,,,,,,,,61483011,15450736,16777216
26,6,SDC,SDC_NOTFLAGGED,,,,HeCBench/results/llvm17_inject/jacobi/pointer/site26_bit6.out,,,,,,,,,,,,,,61483011,15450736,16777216
26,7,SDC,SDC_NOTFLAGGED,,,,HeCBench/results/llvm17_inject/jacobi/pointer/site26_bit7.out,,,,,,,,,,,,,,61483011,15450736,16777216
26,8,SDC,SDC_NOTFLAGGED,,,,HeCBench/results/llvm17_inject/jacobi/pointer/site26_bit8.out,,,,,,,,,,,,,,61483011,15450736,16777216
26,9,SDC,SDC_NOTFLAGGED,,,,HeCBench/results/llvm17_inject/jacobi/pointer/site26_bit9.out,,,,,,,,,,,,,,61483011,15450736,16777216
26,10,SDC,SDC_NOTFLAGGED,,,,HeCBench/results/llvm17_inject/jacobi/pointer/site26_bit10.out,,,,,,,,,,,,,,61483011,15450736,16777216
26,11,SDC,SDC_NOTFLAGGED,,,,HeCBench/results/llvm17_inject/jacobi/pointer/site26_bit11.out,,,,,,,,,,,,,,61483011,15450736,16777216
26,12,SDC,SDC_NOTFLAGGED,,,,HeCBench/results/llvm17_inject/jacobi/pointer/site26_bit12.out,,,,,,,,,,,,,,61483011,15450736,16777216
26,13,SDC,SDC_NOTFLAGGED,,,,HeCBench/results/llvm17_inject/jacobi/pointer/site26_bit13.out,,,,,,,,,,,,,,61483011,15450736,16777216
26,14,SDC,SDC_NOTFLAGGED,,,,HeCBench/results/llvm17_inject/jacobi/pointer/site26_bit14.out,,,,,,,,,,,,,,61483011,15450736,16777216
26,15,SDC,SDC_NOTFLAGGED,,,,HeCBench/results/llvm17_inject/jacobi/pointer/site26_bit15.out,,,,,,,,,,,,,,61483011,15450736,16777216
26,16,SDC,SDC_NOTFLAGGED,,,,HeCBench/results/llvm17_inject/jacobi/pointer/site26_bit16.out,,,,,,,,,,,,,,61483011,15450736,16777216
26,17,SDC,SDC_NOTFLAGGED,,,,HeCBench/results/llvm17_inject/jacobi/pointer/site26_bit17.out,,,,,,,,,,,,,,61483011,15450736,16777216
26,18,SDC,SDC_NOTFLAGGED,,,,HeCBench/results/llvm17_inject/jacobi/pointer/site26_bit18.out,,,,,,,,,,,,,,61483011,15450736,16777216
26,19,SDC,SDC_NOTFLAGGED,,,,HeCBench/results/llvm17_inject/jacobi/pointer/site26_bit19.out,,,,,,,,,,,,,,61483011,15450736,16777216
26,20,SDC,SDC_NOTFLAGGED,,,,HeCBench/results/llvm17_inject/jacobi/pointer/site26_bit20.out,,,,,,,,,,,,,,61483011,15450736,16777216
26,21,SDC,SDC_NOTFLAGGED,,,,HeCBench/results/llvm17_inject/jacobi/pointer/site26_bit21.out,,,,,,,,,,,,,,61483011,15450736,16777216
26,22,SDC,SDC_NOTFLAGGED,,,,HeCBench/results/llvm17_inject/jacobi/pointer/site26_bit22.out,,,,,,,,,,,,,,61483011,15450736,16777216
26,23,SDC,SDC_NOTFLAGGED,,,,HeCBench/results/llvm17_inject/jacobi/pointer/site26_bit23.out,,,,,,,,,,,,,,61483011,15450736,16777216
26,24,SDC,SDC_NOTFLAGGED,,,,HeCBench/results/llvm17_inject/jacobi/pointer/site26_bit24.out,,,,,,,,,,,,,,61483011,15450736,16777216
26,25,SDC,SDC_NOTFLAGGED,,,,HeCBench/results/llvm17_inject/jacobi/pointer/site26_bit25.out,,,,,,,,,,,,,,61483011,15450736,16777216
26,26,SDC,SDC_NOTFLAGGED,,,,HeCBench/results/llvm17_inject/jacobi/pointer/site26_bit26.out,,,,,,,,,,,,,,61483011,15450736,16777216
26,27,SDC,SDC_NOTFLAGGED,,,,HeCBench/results/llvm17_inject/jacobi/pointer/site26_bit27.out,,,,,,,,,,,,,,61483011,15450736,16777216
26,28,SDC,SDC_NOTFLAGGED,,,,HeCBench/results/llvm17_inject/jacobi/pointer/site26_bit28.out,,,,,,,,,,,,,,61483011,15450736,16777216
26,29,SDC,SDC_NOTFLAGGED,,,,HeCBench/results/llvm17_inject/jacobi/pointer/site26_bit29.out,,,,,,,,,,,,,,61483011,15450736,16777216
26,30,SDC,SDC_NOTFLAGGED,,,,HeCBench/results/llvm17_inject/jacobi/pointer/site26_bit30.out,,,,,,,,,,,,,,61483011,15450736,16777216
26,31,SDC,SDC_NOTFLAGGED,,,,HeCBench/results/llvm17_inject/jacobi/pointer/site26_bit31.out,,,,,,,,,,,,,,61483011,15450736,16777216
26,32,SDC,SDC_NOTFLAGGED,,,,HeCBench/results/llvm17_inject/jacobi/pointer/site26_bit32.out,,,,,,,,,,,,,,61483011,15450736,16777216
26,33,SDC,SDC_NOTFLAGGED,,,,HeCBench/results/llvm17_inject/jacobi/pointer/site26_bit33.out,,,,,,,,,,,,,,61483011,15450736,16777216
26,34,SDC,SDC_NOTFLAGGED,,,,HeCBench/results/llvm17_inject/jacobi/pointer/site26_bit34.out,,,,,,,,,,,,,,61483011,15450736,16777216
26,35,SDC,SDC_NOTFLAGGED,,,,HeCBench/results/llvm17_inject/jacobi/pointer/site26_bit35.out,,,,,,,,,,,,,,61483011,15450736,16777216
26,36,SDC,SDC_NOTFLAGGED,,,,HeCBench/results/llvm17_inject/jacobi/pointer/site26_bit36.out,,,,,,,,,,,,,,61483011,15450736,16777216
26,37,SDC,SDC_NOTFLAGGED,,,,HeCBench/results/llvm17_inject/jacobi/pointer/site26_bit37.out,,,,,,,,,,,,,,61483011,15450736,16777216
26,38,SDC,SDC_NOTFLAGGED,,,,HeCBench/results/llvm17_inject/jacobi/pointer/site26_bit38.out,,,,,,,,,,,,,,61483011,15450736,16777216
26,39,SDC,SDC_NOTFLAGGED,,,,HeCBench/results/llvm17_inject/jacobi/pointer/site26_bit39.out,,,,,,,,,,,,,,61483011,15450736,16777216
26,40,SDC,SDC_NOTFLAGGED,,,,HeCBench/results/llvm17_inject/jacobi/pointer/site26_bit40.out,,,,,,,,,,,,,,61483011,15450736,16777216
26,41,SDC,SDC_NOTFLAGGED,,,,HeCBench/results/llvm17_inject/jacobi/pointer/site26_bit41.out,,,,,,,,,,,,,,61483011,15450736,16777216
26,42,SDC,SDC_NOTFLAGGED,,,,HeCBench/results/llvm17_inject/jacobi/pointer/site26_bit42.out,,,,,,,,,,,,,,61483011,15450736,16777216
26,43,SDC,SDC_NOTFLAGGED,,,,HeCBench/results/llvm17_inject/jacobi/pointer/site26_bit43.out,,,,,,,,,,,,,,61483011,15450736,16777216
26,44,SDC,SDC_NOTFLAGGED,,,,HeCBench/results/llvm17_inject/jacobi/pointer/site26_bit44.out,,,,,,,,,,,,,,61483011,15450736,16777216
26,45,SDC,SDC_NOTFLAGGED,,,,HeCBench/results/llvm17_inject/jacobi/pointer/site26_bit45.out,,,,,,,,,,,,,,61483011,15450736,16777216
26,46,SDC,SDC_NOTFLAGGED,,,,HeCBench/results/llvm17_inject/jacobi/pointer/site26_bit46.out,,,,,,,,,,,,,,61483011,15450736,16777216
26,47,SDC,SDC_NOTFLAGGED,,,,HeCBench/results/llvm17_inject/jacobi/pointer/site26_bit47.out,,,,,,,,,,,,,,61483011,15450736,16777216
26,48,SDC,SDC_NOTFLAGGED,,,,HeCBench/results/llvm17_inject/jacobi/pointer/site26_bit48.out,,,,,,,,,,,,,,61483011,15450736,16777216
26,49,SDC,SDC_NOTFLAGGED,,,,HeCBench/results/llvm17_inject/jacobi/pointer/site26_bit49.out,,,,,,,,,,,,,,61483011,15450736,16777216
26,50,SDC,SDC_NOTFLAGGED,,,,HeCBench/results/llvm17_inject/jacobi/pointer/site26_bit50.out,,,,,,,,,,,,,,61483011,15450736,16777216
26,51,SDC,SDC_NOTFLAGGED,,,,HeCBench/results/llvm17_inject/jacobi/pointer/site26_bit51.out,,,,,,,,,,,,,,61483011,15450736,16777216
26,52,SDC,SDC_NOTFLAGGED,,,,HeCBench/results/llvm17_inject/jacobi/pointer/site26_bit52.out,,,,,,,,,,,,,,61483011,15450736,16777216
26,53,SDC,SDC_NOTFLAGGED,,,,HeCBench/results/llvm17_inject/jacobi/pointer/site26_bit53.out,,,,,,,,,,,,,,61483011,15450736,16777216
26,54,SDC,SDC_NOTFLAGGED,,,,HeCBench/results/llvm17_inject/jacobi/pointer/site26_bit54.out,,,,,,,,,,,,,,61483011,15450736,16777216
26,55,SDC,SDC_NOTFLAGGED,,,,HeCBench/results/llvm17_inject/jacobi/pointer/site26_bit55.out,,,,,,,,,,,,,,61483011,15450736,16777216
26,56,SDC,SDC_NOTFLAGGED,,,,HeCBench/results/llvm17_inject/jacobi/pointer/site26_bit56.out,,,,,,,,,,,,,,61483011,15450736,16777216
26,57,SDC,SDC_NOTFLAGGED,,,,HeCBench/results/llvm17_inject/jacobi/pointer/site26_bit57.out,,,,,,,,,,,,,,61483011,15450736,16777216
26,58,SDC,SDC_NOTFLAGGED,,,,HeCBench/results/llvm17_inject/jacobi/pointer/site26_bit58.out,,,,,,,,,,,,,,61483011,15450736,16777216
26,59,SDC,SDC_NOTFLAGGED,,,,HeCBench/results/llvm17_inject/jacobi/pointer/site26_bit59.out,,,,,,,,,,,,,,61483011,15450736,16777216
26,60,SDC,SDC_NOTFLAGGED,,,,HeCBench/results/llvm17_inject/jacobi/pointer/site26_bit60.out,,,,,,,,,,,,,,61483011,15450736,16777216
26,61,SDC,SDC_NOTFLAGGED,,,,HeCBench/results/llvm17_inject/jacobi/pointer/site26_bit61.out,,,,,,,,,,,,,,61483011,15450736,16777216
26,62,SDC,SDC_NOTFLAGGED,,,,HeCBench/results/llvm17_inject/jacobi/pointer/site26_bit62.out,,,,,,,,,,,,,,61483011,15450736,16777216
26,63,SDC,SDC_NOTFLAGGED,,,,HeCBench/results/llvm17_inject/jacobi/pointer/site26_bit63.out,,,,,,,,,,,,,,61483011,15450736,16777216
27,0,SDC,SDC_NOTFLAGGED,0,,,HeCBench/results/llvm17_inject/jacobi/pointer/site27_bit0.out,,,,,,,,,,,,,,61483011,15450736,16777216
27,1,SDC,SDC_NOTFLAGGED,0,,,HeCBench/results/llvm17_inject/jacobi/pointer/site27_bit1.out,,,,,,,,,,,,,,61483011,15450736,16777216
27,2,SDC,SDC_NOTFLAGGED,0,,,HeCBench/results/llvm17_inject/jacobi/pointer/site27_bit2.out,,,,,,,,,,,,,,58382676,15415736,16777216
27,3,SDC,SDC_NOTFLAGGED,0,,,HeCBench/results/llvm17_inject/jacobi/pointer/site27_bit3.out,,,,,,,,,,,,,,58724692,15412498,16777216
27,4,SDC,SDC_NOTFLAGGED,,,,HeCBench/results/llvm17_inject/jacobi/pointer/site27_bit4.out,,,,,,,,,,,,,,61483011,15450736,16777216
27,5,SDC,SDC_NOTFLAGGED,,,,HeCBench/results/llvm17_inject/jacobi/pointer/site27_bit5.out,,,,,,,,,,,,,,61483011,15450736,16777216
27,6,SDC,SDC_NOTFLAGGED,,,,HeCBench/results/llvm17_inject/jacobi/pointer/site27_bit6.out,,,,,,,,,,,,,,61483011,15450736,16777216
27,7,SDC,SDC_NOTFLAGGED,,,,HeCBench/results/llvm17_inject/jacobi/pointer/site27_bit7.out,,,,,,,,,,,,,,61483011,15450736,16777216
27,8,SDC,SDC_NOTFLAGGED,,,,HeCBench/results/llvm17_inject/jacobi/pointer/site27_bit8.out,,,,,,,,,,,,,,61483011,15450736,16777216
27,9,SDC,SDC_NOTFLAGGED,,,,HeCBench/results/llvm17_inject/jacobi/pointer/site27_bit9.out,,,,,,,,,,,,,,61483011,15450736,16777216
27,10,SDC,SDC_NOTFLAGGED,,,,HeCBench/results/llvm17_inject/jacobi/pointer/site27_bit10.out,,,,,,,,,,,,,,61483011,15450736,16777216
27,11,SDC,SDC_NOTFLAGGED,0,,,HeCBench/results/llvm17_inject/jacobi/pointer/site27_bit11.out,,,,,,,,,,,,,,61483011,15450736,16777216
27,12,SDC,SDC_NOTFLAGGED,0,,,HeCBench/results/llvm17_inject/jacobi/pointer/site27_bit12.out,,,,,,,,,,,,,,61483011,15450736,16777216
27,13,SDC,SDC_NOTFLAGGED,0,,,HeCBench/results/llvm17_inject/jacobi/pointer/site27_bit13.out,,,,,,,,,,,,,,61483011,15450736,16777216
27,14,SDC,SDC_NOTFLAGGED,0,,,HeCBench/results/llvm17_inject/jacobi/pointer/site27_bit14.out,,,,,,,,,,,,,,61483011,15450736,16777216
27,15,SDC,SDC_NOTFLAGGED,0,,,HeCBench/results/llvm17_inject/jacobi/pointer/site27_bit15.out,,,,,,,,,,,,,,61483011,15450736,16777216
27,16,SDC,SDC_NOTFLAGGED,0,,,HeCBench/results/llvm17_inject/jacobi/pointer/site27_bit16.out,,,,,,,,,,,,,,61483011,15450736,16777216
27,17,SDC,SDC_NOTFLAGGED,0,,,HeCBench/results/llvm17_inject/jacobi/pointer/site27_bit17.out,,,,,,,,,,,,,,61483011,15450736,16777216
27,18,SDC,SDC_NOTFLAGGED,0,,,HeCBench/results/llvm17_inject/jacobi/pointer/site27_bit18.out,,,,,,,,,,,,,,61483011,15450736,16777216
27,19,SDC,SDC_NOTFLAGGED,0,,,HeCBench/results/llvm17_inject/jacobi/pointer/site27_bit19.out,,,,,,,,,,,,,,61483011,15450736,16777216
27,20,SDC,SDC_NOTFLAGGED,0,,,HeCBench/results/llvm17_inject/jacobi/pointer/site27_bit20.out,,,,,,,,,,,,,,61483011,15450736,16777216
27,21,SDC,SDC_NOTFLAGGED,0,,,HeCBench/results/llvm17_inject/jacobi/pointer/site27_bit21.out,,,,,,,,,,,,,,61483011,15450736,16777216
27,22,SDC,SDC_NOTFLAGGED,0,,,HeCBench/results/llvm17_inject/jacobi/pointer/site27_bit22.out,,,,,,,,,,,,,,61483011,15450736,16777216
27,23,SDC,SDC_NOTFLAGGED,0,,,HeCBench/results/llvm17_inject/jacobi/pointer/site27_bit23.out,,,,,,,,,,,,,,61483011,15450736,16777216
27,24,SDC,SDC_NOTFLAGGED,0,,,HeCBench/results/llvm17_inject/jacobi/pointer/site27_bit24.out,,,,,,,,,,,,,,61483011,15450736,16777216
27,25,SDC,SDC_NOTFLAGGED,0,,,HeCBench/results/llvm17_inject/jacobi/pointer/site27_bit25.out,,,,,,,,,,,,,,61483011,15450736,16777216
27,26,SDC,SDC_NOTFLAGGED,0,,,HeCBench/results/llvm17_inject/jacobi/pointer/site27_bit26.out,,,,,,,,,,,,,,61483011,15450736,16777216
27,27,SDC,SDC_NOTFLAGGED,,,,HeCBench/results/llvm17_inject/jacobi/pointer/site27_bit27.out,,,,,,,,,,,,,,61483011,15450736,16777216
27,28,SDC,SDC_NOTFLAGGED,,,,HeCBench/results/llvm17_inject/jacobi/pointer/site27_bit28.out,,,,,,,,,,,,,,61483011,15450736,16777216
27,29,SDC,SDC_NOTFLAGGED,,,,HeCBench/results/llvm17_inject/jacobi/pointer/site27_bit29.out,,,,,,,,,,,,,,61483011,15450736,16777216
27,30,SDC,SDC_NOTFLAGGED,,,,HeCBench/results/llvm17_inject/jacobi/pointer/site27_bit30.out,,,,,,,,,,,,,,61483011,15450736,16777216
27,31,SDC,SDC_NOTFLAGGED,,,,HeCBench/results/llvm17_inject/jacobi/pointer/site27_bit31.out,,,,,,,,,,,,,,61483011,15450736,16777216
27,32,SDC,SDC_NOTFLAGGED,,,,HeCBench/results/llvm17_inject/jacobi/pointer/site27_bit32.out,,,,,,,,,,,,,,61483011,15450736,16777216
27,33,SDC,SDC_NOTFLAGGED,,,,HeCBench/results/llvm17_inject/jacobi/pointer/site27_bit33.out,,,,,,,,,,,,,,61483011,15450736,16777216
27,34,SDC,SDC_NOTFLAGGED,,,,HeCBench/results/llvm17_inject/jacobi/pointer/site27_bit34.out,,,,,,,,,,,,,,61483011,15450736,16777216
27,35,SDC,SDC_NOTFLAGGED,,,,HeCBench/results/llvm17_inject/jacobi/pointer/site27_bit35.out,,,,,,,,,,,,,,61483011,15450736,16777216
27,36,SDC,SDC_NOTFLAGGED,,,,HeCBench/results/llvm17_inject/jacobi/pointer/site27_bit36.out,,,,,,,,,,,,,,61483011,15450736,16777216
27,37,SDC,SDC_NOTFLAGGED,,,,HeCBench/results/llvm17_inject/jacobi/pointer/site27_bit37.out,,,,,,,,,,,,,,61483011,15450736,16777216
27,38,SDC,SDC_NOTFLAGGED,,,,HeCBench/results/llvm17_inject/jacobi/pointer/site27_bit38.out,,,,,,,,,,,,,,61483011,15450736,16777216
27,39,SDC,SDC_NOTFLAGGED,,,,HeCBench/results/llvm17_inject/jacobi/pointer/site27_bit39.out,,,,,,,,,,,,,,61483011,15450736,16777216
27,40,SDC,SDC_NOTFLAGGED,,,,HeCBench/results/llvm17_inject/jacobi/pointer/site27_bit40.out,,,,,,,,,,,,,,61483011,15450736,16777216
27,41,SDC,SDC_NOTFLAGGED,,,,HeCBench/results/llvm17_inject/jacobi/pointer/site27_bit41.out,,,,,,,,,,,,,,61483011,15450736,16777216
27,42,SDC,SDC_NOTFLAGGED,,,,HeCBench/results/llvm17_inject/jacobi/pointer/site27_bit42.out,,,,,,,,,,,,,,61483011,15450736,16777216
27,43,SDC,SDC_NOTFLAGGED,,,,HeCBench/results/llvm17_inject/jacobi/pointer/site27_bit43.out,,,,,,,,,,,,,,61483011,15450736,16777216
27,44,SDC,SDC_NOTFLAGGED,,,,HeCBench/results/llvm17_inject/jacobi/pointer/site27_bit44.out,,,,,,,,,,,,,,61483011,15450736,16777216
27,45,SDC,SDC_NOTFLAGGED,,,,HeCBench/results/llvm17_inject/jacobi/pointer/site27_bit45.out,,,,,,,,,,,,,,61483011,15450736,16777216
27,46,SDC,SDC_NOTFLAGGED,,,,HeCBench/results/llvm17_inject/jacobi/pointer/site27_bit46.out,,,,,,,,,,,,,,61483011,15450736,16777216
27,47,SDC,SDC_NOTFLAGGED,,,,HeCBench/results/llvm17_inject/jacobi/pointer/site27_bit47.out,,,,,,,,,,,,,,61483011,15450736,16777216
27,48,SDC,SDC_NOTFLAGGED,,,,HeCBench/results/llvm17_inject/jacobi/pointer/site27_bit48.out,,,,,,,,,,,,,,61483011,15450736,16777216
27,49,SDC,SDC_NOTFLAGGED,,,,HeCBench/results/llvm17_inject/jacobi/pointer/site27_bit49.out,,,,,,,,,,,,,,61483011,15450736,16777216
27,50,SDC,SDC_NOTFLAGGED,,,,HeCBench/results/llvm17_inject/jacobi/pointer/site27_bit50.out,,,,,,,,,,,,,,61483011,15450736,16777216
27,51,SDC,SDC_NOTFLAGGED,,,,HeCBench/results/llvm17_inject/jacobi/pointer/site27_bit51.out,,,,,,,,,,,,,,61483011,15450736,16777216
27,52,SDC,SDC_NOTFLAGGED,,,,HeCBench/results/llvm17_inject/jacobi/pointer/site27_bit52.out,,,,,,,,,,,,,,61483011,15450736,16777216
27,53,SDC,SDC_NOTFLAGGED,,,,HeCBench/results/llvm17_inject/jacobi/pointer/site27_bit53.out,,,,,,,,,,,,,,61483011,15450736,16777216
27,54,SDC,SDC_NOTFLAGGED,,,,HeCBench/results/llvm17_inject/jacobi/pointer/site27_bit54.out,,,,,,,,,,,,,,61483011,15450736,16777216
27,55,SDC,SDC_NOTFLAGGED,,,,HeCBench/results/llvm17_inject/jacobi/pointer/site27_bit55.out,,,,,,,,,,,,,,61483011,15450736,16777216
27,56,SDC,SDC_NOTFLAGGED,,,,HeCBench/results/llvm17_inject/jacobi/pointer/site27_bit56.out,,,,,,,,,,,,,,61483011,15450736,16777216
27,57,SDC,SDC_NOTFLAGGED,,,,HeCBench/results/llvm17_inject/jacobi/pointer/site27_bit57.out,,,,,,,,,,,,,,61483011,15450736,16777216
27,58,SDC,SDC_NOTFLAGGED,,,,HeCBench/results/llvm17_inject/jacobi/pointer/site27_bit58.out,,,,,,,,,,,,,,61483011,15450736,16777216
27,59,SDC,SDC_NOTFLAGGED,,,,HeCBench/results/llvm17_inject/jacobi/pointer/site27_bit59.out,,,,,,,,,,,,,,61483011,15450736,16777216
27,60,SDC,SDC_NOTFLAGGED,,,,HeCBench/results/llvm17_inject/jacobi/pointer/site27_bit60.out,,,,,,,,,,,,,,61483011,15450736,16777216
27,61,SDC,SDC_NOTFLAGGED,,,,HeCBench/results/llvm17_inject/jacobi/pointer/site27_bit61.out,,,,,,,,,,,,,,61483011,15450736,16777216
27,62,SDC,SDC_NOTFLAGGED,,,,HeCBench/results/llvm17_inject/jacobi/pointer/site27_bit62.out,,,,,,,,,,,,,,61483011,15450736,16777216
27,63,SDC,SDC_NOTFLAGGED,,,,HeCBench/results/llvm17_inject/jacobi/pointer/site27_bit63.out,,,,,,,,,,,,,,61483011,15450736,16777216
29,0,SDC,SDC_NOTFLAGGED,,,,HeCBench/results/llvm17_inject/jacobi/pointer/site29_bit0.out,,,,,,,,,,,,,,45689982,12407242,16777216
29,1,SDC,SDC_NOTFLAGGED,,,,HeCBench/results/llvm17_inject/jacobi/pointer/site29_bit1.out,,,,,,,,,,,,,,50063210,13680592,16777216
29,2,SDC,SDC_NOTFLAGGED,,,,HeCBench/results/llvm17_inject/jacobi/pointer/site29_bit2.out,,,,,,,,,,,,,,54568049,14953298,16777216
29,3,SDC,SDC_NOTFLAGGED,,,,HeCBench/results/llvm17_inject/jacobi/pointer/site29_bit3.out,,,,,,,,,,,,,,58320669,15811591,16777216
29,4,SDC,SDC_NOTFLAGGED,,,,HeCBench/results/llvm17_inject/jacobi/pointer/site29_bit4.out,,,,,,,,,,,,,,59213541,16022437,16777216
29,5,SDC,SDC_NOTFLAGGED,,,,HeCBench/results/llvm17_inject/jacobi/pointer/site29_bit5.out,,,,,,,,,,,,,,59709207,16145658,16777216
29,6,SDC,SDC_NOTFLAGGED,0,,,HeCBench/results/llvm17_inject/jacobi/pointer/site29_bit6.out,,,,,,,,,,,,,,58443585,15781463,16777216
29,7,SDC,SDC_NOTFLAGGED,0,,,HeCBench/results/llvm17_inject/jacobi/pointer/site29_bit7.out,,,,,,,,,,,,,,58969116,15975154,16777216
29,8,SDC,SDC_NOTFLAGGED,0,,,HeCBench/results/llvm17_inject/jacobi/pointer/site29_bit8.out,,,,,,,,,,,,,,59661670,16095256,16777216
29,9,FAILURE,FAILURE_NONHANG,255,kernel_reported_fail,,HeCBench/results/llvm17_inject/jacobi/pointer/site29_bit9.out,,,,,,,,,,,,,,,,
29,10,SDC,SDC_NOTFLAGGED,,,,HeCBench/results/llvm17_inject/jacobi/pointer/site29_bit10.out,,,,,,,,,,,,,,59037101,15380067,16777216
29,11,SDC,SDC_NOTFLAGGED,0,,,HeCBench/results/llvm17_inject/jacobi/pointer/site29_bit11.out,,,,,,,,,,,,,,60073808,15990342,16777216
29,12,SDC,SDC_NOTFLAGGED,0,,,HeCBench/results/llvm17_inject/jacobi/pointer/site29_bit12.out,,,,,,,,,,,,,,57303150,15160916,16777216
29,13,SDC,SDC_NOTFLAGGED,0,,,HeCBench/results/llvm17_inject/jacobi/pointer/site29_bit13.out,,,,,,,,,,,,,,45689588,12407451,16777216
29,14,SDC,SDC_NOTFLAGGED,0,,,HeCBench/results/llvm17_inject/jacobi/pointer/site29_bit14.out,,,,,,,,,,,,,,50066797,13683050,16777216
29,15,SDC,SDC_NOTFLAGGED,0,,,HeCBench/results/llvm17_inject/jacobi/pointer/site29_bit15.out,,,,,,,,,,,,,,54579843,14958972,16777216
29,16,SDC,SDC_NOTFLAGGED,,,,HeCBench/results/llvm17_inject/jacobi/pointer/site29_bit16.out,,,,,,,,,,,,,,61483011,15450736,16777216
29,17,SDC,SDC_NOTFLAGGED,,,,HeCBench/results/llvm17_inject/jacobi/pointer/site29_bit17.out,,,,,,,,,,,,,,61483011,15450736,16777216
29,18,SDC,SDC_NOTFLAGGED,,,,HeCBench/results/llvm17_inject/jacobi/pointer/site29_bit18.out,,,,,,,,,,,,,,61483011,15450736,16777216
29,19,SDC,SDC_NOTFLAGGED,,,,HeCBench/results/llvm17_inject/jacobi/pointer/site29_bit19.out,,,,,,,,,,,,,,61483011,15450736,16777216
29,20,SDC,SDC_NOTFLAGGED,,,,HeCBench/results/llvm17_inject/jacobi/pointer/site29_bit20.out,,,,,,,,,,,,,,61483011,15450736,16777216
29,21,MASKED,MASKED_UNFLAGGED,,,,HeCBench/results/llvm17_inject/jacobi/pointer/site29_bit21.out,,,,,,,,,,,,,,,,
29,22,MASKED,MASKED_UNFLAGGED,,,,HeCBench/results/llvm17_inject/jacobi/pointer/site29_bit22.out,,,,,,,,,,,,,,,,
29,23,MASKED,MASKED_UNFLAGGED,,,,HeCBench/results/llvm17_inject/jacobi/pointer/site29_bit23.out,,,,,,,,,,,,,,,,
29,24,MASKED,MASKED_UNFLAGGED,,,,HeCBench/results/llvm17_inject/jacobi/pointer/site29_bit24.out,,,,,,,,,,,,,,,,
29,25,MASKED,MASKED_UNFLAGGED,,,,HeCBench/results/llvm17_inject/jacobi/pointer/site29_bit25.out,,,,,,,,,,,,,,,,
29,26,MASKED,MASKED_UNFLAGGED,,,,HeCBench/results/llvm17_inject/jacobi/pointer/site29_bit26.out,,,,,,,,,,,,,,,,
29,27,MASKED,MASKED_UNFLAGGED,,,,HeCBench/results/llvm17_inject/jacobi/pointer/site29_bit27.out,,,,,,,,,,,,,,,,
29,28,MASKED,MASKED_UNFLAGGED,,,,HeCBench/results/llvm17_inject/jacobi/pointer/site29_bit28.out,,,,,,,,,,,,,,,,
29,29,MASKED,MASKED_UNFLAGGED,,,,HeCBench/results/llvm17_inject/jacobi/pointer/site29_bit29.out,,,,,,,,,,,,,,,,
29,30,MASKED,MASKED_UNFLAGGED,,,,HeCBench/results/llvm17_inject/jacobi/pointer/site29_bit30.out,,,,,,,,,,,,,,,,
29,31,MASKED,MASKED_UNFLAGGED,,,,HeCBench/results/llvm17_inject/jacobi/pointer/site29_bit31.out,,,,,,,,,,,,,,,,
29,32,MASKED,MASKED_UNFLAGGED,,,,HeCBench/results/llvm17_inject/jacobi/pointer/site29_bit32.out,,,,,,,,,,,,,,,,
29,33,MASKED,MASKED_UNFLAGGED,,,,HeCBench/results/llvm17_inject/jacobi/pointer/site29_bit33.out,,,,,,,,,,,,,,,,
29,34,MASKED,MASKED_UNFLAGGED,,,,HeCBench/results/llvm17_inject/jacobi/pointer/site29_bit34.out,,,,,,,,,,,,,,,,
29,35,MASKED,MASKED_UNFLAGGED,,,,HeCBench/results/llvm17_inject/jacobi/pointer/site29_bit35.out,,,,,,,,,,,,,,,,
29,36,MASKED,MASKED_UNFLAGGED,,,,HeCBench/results/llvm17_inject/jacobi/pointer/site29_bit36.out,,,,,,,,,,,,,,,,
29,37,MASKED,MASKED_UNFLAGGED,,,,HeCBench/results/llvm17_inject/jacobi/pointer/site29_bit37.out,,,,,,,,,,,,,,,,
29,38,MASKED,MASKED_UNFLAGGED,,,,HeCBench/results/llvm17_inject/jacobi/pointer/site29_bit38.out,,,,,,,,,,,,,,,,
29,39,MASKED,MASKED_UNFLAGGED,,,,HeCBench/results/llvm17_inject/jacobi/pointer/site29_bit39.out,,,,,,,,,,,,,,,,
29,40,MASKED,MASKED_UNFLAGGED,,,,HeCBench/results/llvm17_inject/jacobi/pointer/site29_bit40.out,,,,,,,,,,,,,,,,
29,41,MASKED,MASKED_UNFLAGGED,,,,HeCBench/results/llvm17_inject/jacobi/pointer/site29_bit41.out,,,,,,,,,,,,,,,,
29,42,MASKED,MASKED_UNFLAGGED,,,,HeCBench/results/llvm17_inject/jacobi/pointer/site29_bit42.out,,,,,,,,,,,,,,,,
29,43,MASKED,MASKED_UNFLAGGED,,,,HeCBench/results/llvm17_inject/jacobi/pointer/site29_bit43.out,,,,,,,,,,,,,,,,
29,44,MASKED,MASKED_UNFLAGGED,,,,HeCBench/results/llvm17_inject/jacobi/pointer/site29_bit44.out,,,,,,,,,,,,,,,,
29,45,MASKED,MASKED_UNFLAGGED,,,,HeCBench/results/llvm17_inject/jacobi/pointer/site29_bit45.out,,,,,,,,,,,,,,,,
29,46,MASKED,MASKED_UNFLAGGED,,,,HeCBench/results/llvm17_inject/jacobi/pointer/site29_bit46.out,,,,,,,,,,,,,,,,
29,47,MASKED,MASKED_UNFLAGGED,,,,HeCBench/results/llvm17_inject/jacobi/pointer/site29_bit47.out,,,,,,,,,,,,,,,,
29,48,MASKED,MASKED_UNFLAGGED,,,,HeCBench/results/llvm17_inject/jacobi/pointer/site29_bit48.out,,,,,,,,,,,,,,,,
29,49,MASKED,MASKED_UNFLAGGED,,,,HeCBench/results/llvm17_inject/jacobi/pointer/site29_bit49.out,,,,,,,,,,,,,,,,
29,50,MASKED,MASKED_UNFLAGGED,,,,HeCBench/results/llvm17_inject/jacobi/pointer/site29_bit50.out,,,,,,,,,,,,,,,,
29,51,MASKED,MASKED_UNFLAGGED,,,,HeCBench/results/llvm17_inject/jacobi/pointer/site29_bit51.out,,,,,,,,,,,,,,,,
29,52,MASKED,MASKED_UNFLAGGED,,,,HeCBench/results/llvm17_inject/jacobi/pointer/site29_bit52.out,,,,,,,,,,,,,,,,
29,53,MASKED,MASKED_UNFLAGGED,,,,HeCBench/results/llvm17_inject/jacobi/pointer/site29_bit53.out,,,,,,,,,,,,,,,,
29,54,MASKED,MASKED_UNFLAGGED,,,,HeCBench/results/llvm17_inject/jacobi/pointer/site29_bit54.out,,,,,,,,,,,,,,,,
29,55,MASKED,MASKED_UNFLAGGED,,,,HeCBench/results/llvm17_inject/jacobi/pointer/site29_bit55.out,,,,,,,,,,,,,,,,
29,56,MASKED,MASKED_UNFLAGGED,,,,HeCBench/results/llvm17_inject/jacobi/pointer/site29_bit56.out,,,,,,,,,,,,,,,,
29,57,MASKED,MASKED_UNFLAGGED,,,,HeCBench/results/llvm17_inject/jacobi/pointer/site29_bit57.out,,,,,,,,,,,,,,,,
29,58,MASKED,MASKED_UNFLAGGED,,,,HeCBench/results/llvm17_inject/jacobi/pointer/site29_bit58.out,,,,,,,,,,,,,,,,
29,59,MASKED,MASKED_UNFLAGGED,,,,HeCBench/results/llvm17_inject/jacobi/pointer/site29_bit59.out,,,,,,,,,,,,,,,,
29,60,MASKED,MASKED_UNFLAGGED,,,,HeCBench/results/llvm17_inject/jacobi/pointer/site29_bit60.out,,,,,,,,,,,,,,,,
29,61,MASKED,MASKED_UNFLAGGED,,,,HeCBench/results/llvm17_inject/jacobi/pointer/site29_bit61.out,,,,,,,,,,,,,,,,
29,62,MASKED,MASKED_UNFLAGGED,,,,HeCBench/results/llvm17_inject/jacobi/pointer/site29_bit62.out,,,,,,,,,,,,,,,,
29,63,MASKED,MASKED_UNFLAGGED,,,,HeCBench/results/llvm17_inject/jacobi/pointer/site29_bit63.out,,,,,,,,,,,,,,,,
30,0,SDC,SDC_NOTFLAGGED,0,,,HeCBench/results/llvm17_inject/jacobi/pointer/site30_bit0.out,,,,,,,,,,,,,,61483011,15450736,16777216
30,1,SDC,SDC_NOTFLAGGED,0,,,HeCBench/results/llvm17_inject/jacobi/pointer/site30_bit1.out,,,,,,,,,,,,,,61483011,15450736,16777216
30,2,FAILURE,FAILURE_NONHANG,255,kernel_reported_fail,,HeCBench/results/llvm17_inject/jacobi/pointer/site30_bit2.out,,,,,,,,,,,,,,,,
30,3,FAILURE,FAILURE_NONHANG,255,kernel_reported_fail,,HeCBench/results/llvm17_inject/jacobi/pointer/site30_bit3.out,,,,,,,,,,,,,,,,
30,4,FAILURE,FAILURE_NONHANG,255,kernel_reported_fail,,HeCBench/results/llvm17_inject/jacobi/pointer/site30_bit4.out,,,,,,,,,,,,,,,,
30,5,FAILURE,FAILURE_NONHANG,255,kernel_reported_fail,,HeCBench/results/llvm17_inject/jacobi/pointer/site30_bit5.out,,,,,,,,,,,,,,,,
30,6,FAILURE,FAILURE_NONHANG,255,kernel_reported_fail,,HeCBench/results/llvm17_inject/jacobi/pointer/site30_bit6.out,,,,,,,,,,,,,,,,
30,7,FAILURE,FAILURE_NONHANG,255,kernel_reported_fail,,HeCBench/results/llvm17_inject/jacobi/pointer/site30_bit7.out,,,,,,,,,,,,,,,,
30,8,FAILURE,FAILURE_NONHANG,255,kernel_reported_fail,,HeCBench/results/llvm17_inject/jacobi/pointer/site30_bit8.out,,,,,,,,,,,,,,,,
30,9,SDC,SDC_NOTFLAGGED,,,,HeCBench/results/llvm17_inject/jacobi/pointer/site30_bit9.out,,,,,,,,,,,,,,60835315,16255484,16777216
30,10,SDC,SDC_NOTFLAGGED,,,,HeCBench/results/llvm17_inject/jacobi/pointer/site30_bit10.out,,,,,,,,,,,,,,57630672,15272883,16777216
30,11,SDC,SDC_NOTFLAGGED,,,,HeCBench/results/llvm17_inject/jacobi/pointer/site30_bit11.out,,,,,,,,,,,,,,45689982,12407242,16777216
30,12,SDC,SDC_NOTFLAGGED,,,,HeCBench/results/llvm17_inject/jacobi/pointer/site30_bit12.out,,,,,,,,,,,,,,50063210,13680592,16777216
30,13,SDC,SDC_NOTFLAGGED,,,,HeCBench/results/llvm17_inject/jacobi/pointer/site30_bit13.out,,,,,,,,,,,,,,54568049,14953298,16777216
30,14,SDC,SDC_NOTFLAGGED,,,,HeCBench/results/llvm17_inject/jacobi/pointer/site30_bit14.out,,,,,,,,,,,,,,58320669,15811591,16777216
30,15,SDC,SDC_NOTFLAGGED,,,,HeCBench/results/llvm17_inject/jacobi/pointer/site30_bit15.out,,,,,,,,,,,,,,59213541,16022437,16777216
30,16,SDC,SDC_NOTFLAGGED,,,,HeCBench/results/llvm17_inject/jacobi/pointer/site30_bit16.out,,,,,,,,,,,,,,59709207,16145658,16777216
30,17,SDC,SDC_NOTFLAGGED,0,,,HeCBench/results/llvm17_inject/jacobi/pointer/site30_bit17.out,,,,,,,,,,,,,,61483011,15450736,16777216
30,18,SDC,SDC_NOTFLAGGED,0,,,HeCBench/results/llvm17_inject/jacobi/pointer/site30_bit18.out,,,,,,,,,,,,,,61483011,15450736,16777216
30,19,SDC,SDC_NOTFLAGGED,0,,,HeCBench/results/llvm17_inject/jacobi/pointer/site30_bit19.out,,,,,,,,,,,,,,61483011,15450736,16777216
30,20,SDC,SDC_NOTFLAGGED,0,,,HeCBench/results/llvm17_inject/jacobi/pointer/site30_bit20.out,,,,,,,,,,,,,,61483011,15450736,16777216
30,21,SDC,SDC_NOTFLAGGED,,,,HeCBench/results/llvm17_inject/jacobi/pointer/site30_bit21.out,,,,,,,,,,,,,,59037101,15380067,16777216
30,22,SDC,SDC_NOTFLAGGED,0,,,HeCBench/results/llvm17_inject/jacobi/pointer/site30_bit22.out,,,,,,,,,,,,,,61483011,15450736,16777216
30,23,SDC,SDC_NOTFLAGGED,0,,,HeCBench/results/llvm17_inject/jacobi/pointer/site30_bit23.out,,,,,,,,,,,,,,61483011,15450736,16777216
30,24,SDC,SDC_NOTFLAGGED,0,,,HeCBench/results/llvm17_inject/jacobi/pointer/site30_bit24.out,,,,,,,,,,,,,,61483011,15450736,16777216
30,25,SDC,SDC_NOTFLAGGED,0,,,HeCBench/results/llvm17_inject/jacobi/pointer/site30_bit25.out,,,,,,,,,,,,,,61483011,15450736,16777216
30,26,SDC,SDC_NOTFLAGGED,0,,,HeCBench/results/llvm17_inject/jacobi/pointer/site30_bit26.out,,,,,,,,,,,,,,61483011,15450736,16777216
30,27,SDC,SDC_NOTFLAGGED,,,,HeCBench/results/llvm17_inject/jacobi/pointer/site30_bit27.out,,,,,,,,,,,,,,61483011,15450736,16777216
30,28,SDC,SDC_NOTFLAGGED,,,,HeCBench/results/llvm17_inject/jacobi/pointer/site30_bit28.out,,,,,,,,,,,,,,61483011,15450736,16777216
30,29,SDC,SDC_NOTFLAGGED,,,,HeCBench/results/llvm17_inject/jacobi/pointer/site30_bit29.out,,,,,,,,,,,,,,61483011,15450736,16777216
30,30,SDC,SDC_NOTFLAGGED,,,,HeCBench/results/llvm17_inject/jacobi/pointer/site30_bit30.out,,,,,,,,,,,,,,61483011,15450736,16777216
30,31,SDC,SDC_NOTFLAGGED,,,,HeCBench/results/llvm17_inject/jacobi/pointer/site30_bit31.out,,,,,,,,,,,,,,61483011,15450736,16777216
30,32,SDC,SDC_NOTFLAGGED,,,,HeCBench/results/llvm17_inject/jacobi/pointer/site30_bit32.out,,,,,,,,,,,,,,61483011,15450736,16777216
30,33,SDC,SDC_NOTFLAGGED,,,,HeCBench/results/llvm17_inject/jacobi/pointer/site30_bit33.out,,,,,,,,,,,,,,61483011,15450736,16777216
30,34,SDC,SDC_NOTFLAGGED,,,,HeCBench/results/llvm17_inject/jacobi/pointer/site30_bit34.out,,,,,,,,,,,,,,61483011,15450736,16777216
30,35,SDC,SDC_NOTFLAGGED,,,,HeCBench/results/llvm17_inject/jacobi/pointer/site30_bit35.out,,,,,,,,,,,,,,61483011,15450736,16777216
30,36,SDC,SDC_NOTFLAGGED,,,,HeCBench/results/llvm17_inject/jacobi/pointer/site30_bit36.out,,,,,,,,,,,,,,61483011,15450736,16777216
30,37,SDC,SDC_NOTFLAGGED,,,,HeCBench/results/llvm17_inject/jacobi/pointer/site30_bit37.out,,,,,,,,,,,,,,61483011,15450736,16777216
30,38,SDC,SDC_NOTFLAGGED,,,,HeCBench/results/llvm17_inject/jacobi/pointer/site30_bit38.out,,,,,,,,,,,,,,61483011,15450736,16777216
30,39,SDC,SDC_NOTFLAGGED,,,,HeCBench/results/llvm17_inject/jacobi/pointer/site30_bit39.out,,,,,,,,,,,,,,61483011,15450736,16777216
30,40,SDC,SDC_NOTFLAGGED,,,,HeCBench/results/llvm17_inject/jacobi/pointer/site30_bit40.out,,,,,,,,,,,,,,61483011,15450736,16777216
30,41,SDC,SDC_NOTFLAGGED,,,,HeCBench/results/llvm17_inject/jacobi/pointer/site30_bit41.out,,,,,,,,,,,,,,61483011,15450736,16777216
30,42,SDC,SDC_NOTFLAGGED,,,,HeCBench/results/llvm17_inject/jacobi/pointer/site30_bit42.out,,,,,,,,,,,,,,61483011,15450736,16777216
30,43,SDC,SDC_NOTFLAGGED,,,,HeCBench/results/llvm17_inject/jacobi/pointer/site30_bit43.out,,,,,,,,,,,,,,61483011,15450736,16777216
30,44,SDC,SDC_NOTFLAGGED,,,,HeCBench/results/llvm17_inject/jacobi/pointer/site30_bit44.out,,,,,,,,,,,,,,61483011,15450736,16777216
30,45,SDC,SDC_NOTFLAGGED,,,,HeCBench/results/llvm17_inject/jacobi/pointer/site30_bit45.out,,,,,,,,,,,,,,61483011,15450736,16777216
30,46,SDC,SDC_NOTFLAGGED,,,,HeCBench/results/llvm17_inject/jacobi/pointer/site30_bit46.out,,,,,,,,,,,,,,61483011,15450736,16777216
30,47,SDC,SDC_NOTFLAGGED,,,,HeCBench/results/llvm17_inject/jacobi/pointer/site30_bit47.out,,,,,,,,,,,,,,61483011,15450736,16777216
30,48,SDC,SDC_NOTFLAGGED,,,,HeCBench/results/llvm17_inject/jacobi/pointer/site30_bit48.out,,,,,,,,,,,,,,61483011,15450736,16777216
30,49,SDC,SDC_NOTFLAGGED,,,,HeCBench/results/llvm17_inject/jacobi/pointer/site30_bit49.out,,,,,,,,,,,,,,61483011,15450736,16777216
30,50,SDC,SDC_NOTFLAGGED,,,,HeCBench/results/llvm17_inject/jacobi/pointer/site30_bit50.out,,,,,,,,,,,,,,61483011,15450736,16777216
30,51,SDC,SDC_NOTFLAGGED,,,,HeCBench/results/llvm17_inject/jacobi/pointer/site30_bit51.out,,,,,,,,,,,,,,61483011,15450736,16777216
30,52,SDC,SDC_NOTFLAGGED,,,,HeCBench/results/llvm17_inject/jacobi/pointer/site30_bit52.out,,,,,,,,,,,,,,61483011,15450736,16777216
30,53,SDC,SDC_NOTFLAGGED,,,,HeCBench/results/llvm17_inject/jacobi/pointer/site30_bit53.out,,,,,,,,,,,,,,61483011,15450736,16777216
30,54,SDC,SDC_NOTFLAGGED,,,,HeCBench/results/llvm17_inject/jacobi/pointer/site30_bit54.out,,,,,,,,,,,,,,61483011,15450736,16777216
30,55,SDC,SDC_NOTFLAGGED,,,,HeCBench/results/llvm17_inject/jacobi/pointer/site30_bit55.out,,,,,,,,,,,,,,61483011,15450736,16777216
30,56,SDC,SDC_NOTFLAGGED,,,,HeCBench/results/llvm17_inject/jacobi/pointer/site30_bit56.out,,,,,,,,,,,,,,61483011,15450736,16777216
30,57,SDC,SDC_NOTFLAGGED,,,,HeCBench/results/llvm17_inject/jacobi/pointer/site30_bit57.out,,,,,,,,,,,,,,61483011,15450736,16777216
30,58,SDC,SDC_NOTFLAGGED,,,,HeCBench/results/llvm17_inject/jacobi/pointer/site30_bit58.out,,,,,,,,,,,,,,61483011,15450736,16777216
30,59,SDC,SDC_NOTFLAGGED,,,,HeCBench/results/llvm17_inject/jacobi/pointer/site30_bit59.out,,,,,,,,,,,,,,61483011,15450736,16777216
30,60,SDC,SDC_NOTFLAGGED,,,,HeCBench/results/llvm17_inject/jacobi/pointer/site30_bit60.out,,,,,,,,,,,,,,61483011,15450736,16777216
30,61,SDC,SDC_NOTFLAGGED,,,,HeCBench/results/llvm17_inject/jacobi/pointer/site30_bit61.out,,,,,,,,,,,,,,61483011,15450736,16777216
30,62,SDC,SDC_NOTFLAGGED,,,,HeCBench/results/llvm17_inject/jacobi/pointer/site30_bit62.out,,,,,,,,,,,,,,61483011,15450736,16777216
30,63,SDC,SDC_NOTFLAGGED,,,,HeCBench/results/llvm17_inject/jacobi/pointer/site30_bit63.out,,,,,,,,,,,,,,61483011,15450736,16777216
33,0,SDC,SDC_NOTFLAGGED,,,,HeCBench/results/llvm17_inject/jacobi/pointer/site33_bit0.out,,,,,,,,,,,,,,15189579,4293327,16777216
33,1,SDC,SDC_NOTFLAGGED,,,,HeCBench/results/llvm17_inject/jacobi/pointer/site33_bit1.out,,,,,,,,,,,,,,3846048,1829470,16777216
33,2,SDC,SDC_NOTFLAGGED,,,,HeCBench/results/llvm17_inject/jacobi/pointer/site33_bit2.out,,,,,,,,,,,,,,4423122,2111204,16777216
33,3,SDC,SDC_NOTFLAGGED,,,,HeCBench/results/llvm17_inject/jacobi/pointer/site33_bit3.out,,,,,,,,,,,,,,5642491,2615176,16777216
33,4,SDC,SDC_NOTFLAGGED,,,,HeCBench/results/llvm17_inject/jacobi/pointer/site33_bit4.out,,,,,,,,,,,,,,7407990,3221461,16777216
33,5,SDC,SDC_NOTFLAGGED,,,,HeCBench/results/llvm17_inject/jacobi/pointer/site33_bit5.out,,,,,,,,,,,,,,9767543,3780730,16777216
33,6,SDC,SDC_NOTFLAGGED,,,,HeCBench/results/llvm17_inject/jacobi/pointer/site33_bit6.out,,,,,,,,,,,,,,12078352,4120595,16777216
33,7,SDC,SDC_NOTFLAGGED,,,,HeCBench/results/llvm17_inject/jacobi/pointer/site33_bit7.out,,,,,,,,,,,,,,34649177,9781931,16777216
33,8,SDC,SDC_NOTFLAGGED,,,,HeCBench/results/llvm17_inject/jacobi/pointer/site33_bit8.out,,,,,,,,,,,,,,41174894,11306119,16777216
33,9,SDC,SDC_NOTFLAGGED,,,,HeCBench/results/llvm17_inject/jacobi/pointer/site33_bit9.out,,,,,,,,,,,,,,46023075,12409730,16777216
33,10,SDC,SDC_NOTFLAGGED,,,,HeCBench/results/llvm17_inject/jacobi/pointer/site33_bit10.out,,,,,,,,,,,,,,47565605,12764432,16777216
33,11,SDC,SDC_NOTFLAGGED,,,,HeCBench/results/llvm17_inject/jacobi/pointer/site33_bit11.out,,,,,,,,,,,,,,50448692,13766671,16777216
33,12,SDC,SDC_NOTFLAGGED,,,,HeCBench/results/llvm17_inject/jacobi/pointer/site33_bit12.out,,,,,,,,,,,,,,52347304,14390105,16777216
33,13,SDC,SDC_NOTFLAGGED,,,,HeCBench/results/llvm17_inject/jacobi/pointer/site33_bit13.out,,,,,,,,,,,,,,55242223,15190229,16777216
33,14,SDC,SDC_NOTFLAGGED,0,,,HeCBench/results/llvm17_inject/jacobi/pointer/site33_bit14.out,,,,,,,,,,,,,,61483011,15450736,16777216
33,15,SDC,SDC_NOTFLAGGED,0,,,HeCBench/results/llvm17_inject/jacobi/pointer/site33_bit15.out,,,,,,,,,,,,,,61483011,15450736,16777216
33,16,SDC,SDC_NOTFLAGGED,0,,,HeCBench/results/llvm17_inject/jacobi/pointer/site33_bit16.out,,,,,,,,,,,,,,61483011,15450736,16777216
33,17,SDC,SDC_NOTFLAGGED,0,,,HeCBench/results/llvm17_inject/jacobi/pointer/site33_bit17.out,,,,,,,,,,,,,,61483011,15450736,16777216
33,18,SDC,SDC_NOTFLAGGED,0,,,HeCBench/results/llvm17_inject/jacobi/pointer/site33_bit18.out,,,,,,,,,,,,,,61483011,15450736,16777216
33,19,SDC,SDC_NOTFLAGGED,0,,,HeCBench/results/llvm17_inject/jacobi/pointer/site33_bit19.out,,,,,,,,,,,,,,61483011,15450736,16777216
33,20,SDC,SDC_NOTFLAGGED,0,,,HeCBench/results/llvm17_inject/jacobi/pointer/site33_bit20.out,,,,,,,,,,,,,,61483011,15450736,16777216
33,21,SDC,SDC_NOTFLAGGED,0,,,HeCBench/results/llvm17_inject/jacobi/pointer/site33_bit21.out,,,,,,,,,,,,,,61483011,15450736,16777216
33,22,SDC,SDC_NOTFLAGGED,0,,,HeCBench/results/llvm17_inject/jacobi/pointer/site33_bit22.out,,,,,,,,,,,,,,61483011,15450736,16777216
33,23,SDC,SDC_NOTFLAGGED,0,,,HeCBench/results/llvm17_inject/jacobi/pointer/site33_bit23.out,,,,,,,,,,,,,,61483011,15450736,16777216
33,24,SDC,SDC_NOTFLAGGED,0,,,HeCBench/results/llvm17_inject/jacobi/pointer/site33_bit24.out,,,,,,,,,,,,,,61483011,15450736,16777216
33,25,SDC,SDC_NOTFLAGGED,0,,,HeCBench/results/llvm17_inject/jacobi/pointer/site33_bit25.out,,,,,,,,,,,,,,61483011,15450736,16777216
33,26,SDC,SDC_NOTFLAGGED,0,,,HeCBench/results/llvm17_inject/jacobi/pointer/site33_bit26.out,,,,,,,,,,,,,,61483011,15450736,16777216
33,27,SDC,SDC_NOTFLAGGED,0,,,HeCBench/results/llvm17_inject/jacobi/pointer/site33_bit27.out,,,,,,,,,,,,,,61483011,15450736,16777216
33,28,SDC,SDC_NOTFLAGGED,0,,,HeCBench/results/llvm17_inject/jacobi/pointer/site33_bit28.out,,,,,,,,,,,,,,61483011,15450736,16777216
33,29,SDC,SDC_NOTFLAGGED,,,,HeCBench/results/llvm17_inject/jacobi/pointer/site33_bit29.out,,,,,,,,,,,,,,62140562,16594359,16777216
33,30,SDC,SDC_NOTFLAGGED,0,,,HeCBench/results/llvm17_inject/jacobi/pointer/site33_bit30.out,,,,,,,,,,,,,,61483011,15450736,16777216
33,31,SDC,SDC_NOTFLAGGED,,,,HeCBench/results/llvm17_inject/jacobi/pointer/site33_bit31.out,,,,,,,,,,,,,,58504960,15420397,16777216
33,32,SDC,SDC_NOTFLAGGED,,,,HeCBench/results/llvm17_inject/jacobi/pointer/site33_bit32.out,,,,,,,,,,,,,,58504960,15420397,16777216
33,33,SDC,SDC_NOTFLAGGED,,,,HeCBench/results/llvm17_inject/jacobi/pointer/site33_bit33.out,,,,,,,,,,,,,,58504960,15420397,16777216
33,34,SDC,SDC_NOTFLAGGED,,,,HeCBench/results/llvm17_inject/jacobi/pointer/site33_bit34.out,,,,,,,,,,,,,,58504960,15420397,16777216
33,35,SDC,SDC_NOTFLAGGED,,,,HeCBench/results/llvm17_inject/jacobi/pointer/site33_bit35.out,,,,,,,,,,,,,,58504960,15420397,16777216
33,36,SDC,SDC_NOTFLAGGED,,,,HeCBench/results/llvm17_inject/jacobi/pointer/site33_bit36.out,,,,,,,,,,,,,,58504960,15420397,16777216
33,37,SDC,SDC_NOTFLAGGED,,,,HeCBench/results/llvm17_inject/jacobi/pointer/site33_bit37.out,,,,,,,,,,,,,,58504960,15420397,16777216
33,38,SDC,SDC_NOTFLAGGED,,,,HeCBench/results/llvm17_inject/jacobi/pointer/site33_bit38.out,,,,,,,,,,,,,,58504960,15420397,16777216
33,39,SDC,SDC_NOTFLAGGED,,,,HeCBench/results/llvm17_inject/jacobi/pointer/site33_bit39.out,,,,,,,,,,,,,,58504960,15420397,16777216
33,40,SDC,SDC_NOTFLAGGED,,,,HeCBench/results/llvm17_inject/jacobi/pointer/site33_bit40.out,,,,,,,,,,,,,,58504960,15420397,16777216
33,41,SDC,SDC_NOTFLAGGED,,,,HeCBench/results/llvm17_inject/jacobi/pointer/site33_bit41.out,,,,,,,,,,,,,,58504960,15420397,16777216
33,42,SDC,SDC_NOTFLAGGED,,,,HeCBench/results/llvm17_inject/jacobi/pointer/site33_bit42.out,,,,,,,,,,,,,,58504960,15420397,16777216
33,43,SDC,SDC_NOTFLAGGED,,,,HeCBench/results/llvm17_inject/jacobi/pointer/site33_bit43.out,,,,,,,,,,,,,,58504960,15420397,16777216
33,44,SDC,SDC_NOTFLAGGED,,,,HeCBench/results/llvm17_inject/jacobi/pointer/site33_bit44.out,,,,,,,,,,,,,,58504960,15420397,16777216
33,45,SDC,SDC_NOTFLAGGED,,,,HeCBench/results/llvm17_inject/jacobi/pointer/site33_bit45.out,,,,,,,,,,,,,,58504960,15420397,16777216
33,46,SDC,SDC_NOTFLAGGED,,,,HeCBench/results/llvm17_inject/jacobi/pointer/site33_bit46.out,,,,,,,,,,,,,,58504960,15420397,16777216
33,47,SDC,SDC_NOTFLAGGED,,,,HeCBench/results/llvm17_inject/jacobi/pointer/site33_bit47.out,,,,,,,,,,,,,,58504960,15420397,16777216
33,48,SDC,SDC_NOTFLAGGED,,,,HeCBench/results/llvm17_inject/jacobi/pointer/site33_bit48.out,,,,,,,,,,,,,,58504960,15420397,16777216
33,49,SDC,SDC_NOTFLAGGED,,,,HeCBench/results/llvm17_inject/jacobi/pointer/site33_bit49.out,,,,,,,,,,,,,,58504960,15420397,16777216
33,50,SDC,SDC_NOTFLAGGED,,,,HeCBench/results/llvm17_inject/jacobi/pointer/site33_bit50.out,,,,,,,,,,,,,,58504960,15420397,16777216
33,51,SDC,SDC_NOTFLAGGED,,,,HeCBench/results/llvm17_inject/jacobi/pointer/site33_bit51.out,,,,,,,,,,,,,,58504960,15420397,16777216
33,52,SDC,SDC_NOTFLAGGED,,,,HeCBench/results/llvm17_inject/jacobi/pointer/site33_bit52.out,,,,,,,,,,,,,,58504960,15420397,16777216
33,53,SDC,SDC_NOTFLAGGED,,,,HeCBench/results/llvm17_inject/jacobi/pointer/site33_bit53.out,,,,,,,,,,,,,,58504960,15420397,16777216
33,54,SDC,SDC_NOTFLAGGED,,,,HeCBench/results/llvm17_inject/jacobi/pointer/site33_bit54.out,,,,,,,,,,,,,,58504960,15420397,16777216
33,55,SDC,SDC_NOTFLAGGED,,,,HeCBench/results/llvm17_inject/jacobi/pointer/site33_bit55.out,,,,,,,,,,,,,,58504960,15420397,16777216
33,56,SDC,SDC_NOTFLAGGED,,,,HeCBench/results/llvm17_inject/jacobi/pointer/site33_bit56.out,,,,,,,,,,,,,,58504960,15420397,16777216
33,57,SDC,SDC_NOTFLAGGED,,,,HeCBench/results/llvm17_inject/jacobi/pointer/site33_bit57.out,,,,,,,,,,,,,,58504960,15420397,16777216
33,58,SDC,SDC_NOTFLAGGED,,,,HeCBench/results/llvm17_inject/jacobi/pointer/site33_bit58.out,,,,,,,,,,,,,,58504960,15420397,16777216
33,59,SDC,SDC_NOTFLAGGED,,,,HeCBench/results/llvm17_inject/jacobi/pointer/site33_bit59.out,,,,,,,,,,,,,,58504960,15420397,16777216
33,60,SDC,SDC_NOTFLAGGED,,,,HeCBench/results/llvm17_inject/jacobi/pointer/site33_bit60.out,,,,,,,,,,,,,,58504960,15420397,16777216
33,61,SDC,SDC_NOTFLAGGED,,,,HeCBench/results/llvm17_inject/jacobi/pointer/site33_bit61.out,,,,,,,,,,,,,,58504960,15420397,16777216
33,62,SDC,SDC_NOTFLAGGED,,,,HeCBench/results/llvm17_inject/jacobi/pointer/site33_bit62.out,,,,,,,,,,,,,,58504960,15420397,16777216
33,63,SDC,SDC_NOTFLAGGED,,,,HeCBench/results/llvm17_inject/jacobi/pointer/site33_bit63.out,,,,,,,,,,,,,,58504960,15420397,16777216
36,0,SDC,SDC_NOTFLAGGED,0,,,HeCBench/results/llvm17_inject/jacobi/pointer/site36_bit0.out,,,,,,,,,,,,,,61483011,15450736,16777216
36,1,SDC,SDC_NOTFLAGGED,0,,,HeCBench/results/llvm17_inject/jacobi/pointer/site36_bit1.out,,,,,,,,,,,,,,61483011,15450736,16777216
36,2,FAILURE,FAILURE_NONHANG,255,kernel_reported_fail,,HeCBench/results/llvm17_inject/jacobi/pointer/site36_bit2.out,,,,,,,,,,,,,,,,
36,3,FAILURE,FAILURE_NONHANG,255,kernel_reported_fail,,HeCBench/results/llvm17_inject/jacobi/pointer/site36_bit3.out,,,,,,,,,,,,,,,,
36,4,FAILURE,FAILURE_NONHANG,255,kernel_reported_fail,,HeCBench/results/llvm17_inject/jacobi/pointer/site36_bit4.out,,,,,,,,,,,,,,,,
36,5,SDC,SDC_NOTFLAGGED,,,,HeCBench/results/llvm17_inject/jacobi/pointer/site36_bit5.out,,,,,,,,,,,,,,61483011,15450736,16777216
36,6,SDC,SDC_NOTFLAGGED,,,,HeCBench/results/llvm17_inject/jacobi/pointer/site36_bit6.out,,,,,,,,,,,,,,61483011,15450736,16777216
36,7,SDC,SDC_NOTFLAGGED,,,,HeCBench/results/llvm17_inject/jacobi/pointer/site36_bit7.out,,,,,,,,,,,,,,61483011,15450736,16777216
36,8,SDC,SDC_NOTFLAGGED,,,,HeCBench/results/llvm17_inject/jacobi/pointer/site36_bit8.out,,,,,,,,,,,,,,61483011,15450736,16777216
36,9,SDC,SDC_NOTFLAGGED,,,,HeCBench/results/llvm17_inject/jacobi/pointer/site36_bit9.out,,,,,,,,,,,,,,61483011,15450736,16777216
36,10,SDC,SDC_NOTFLAGGED,,,,HeCBench/results/llvm17_inject/jacobi/pointer/site36_bit10.out,,,,,,,,,,,,,,61483011,15450736,16777216
36,11,SDC,SDC_NOTFLAGGED,,,,HeCBench/results/llvm17_inject/jacobi/pointer/site36_bit11.out,,,,,,,,,,,,,,61483011,15450736,16777216
36,12,SDC,SDC_NOTFLAGGED,,,,HeCBench/results/llvm17_inject/jacobi/pointer/site36_bit12.out,,,,,,,,,,,,,,61483011,15450736,16777216
36,13,SDC,SDC_NOTFLAGGED,,,,HeCBench/results/llvm17_inject/jacobi/pointer/site36_bit13.out,,,,,,,,,,,,,,61483011,15450736,16777216
36,14,SDC,SDC_NOTFLAGGED,,,,HeCBench/results/llvm17_inject/jacobi/pointer/site36_bit14.out,,,,,,,,,,,,,,61483011,15450736,16777216
36,15,SDC,SDC_NOTFLAGGED,,,,HeCBench/results/llvm17_inject/jacobi/pointer/site36_bit15.out,,,,,,,,,,,,,,61483011,15450736,16777216
36,16,SDC,SDC_NOTFLAGGED,,,,HeCBench/results/llvm17_inject/jacobi/pointer/site36_bit16.out,,,,,,,,,,,,,,61483011,15450736,16777216
36,17,SDC,SDC_NOTFLAGGED,,,,HeCBench/results/llvm17_inject/jacobi/pointer/site36_bit17.out,,,,,,,,,,,,,,61483011,15450736,16777216
36,18,SDC,SDC_NOTFLAGGED,,,,HeCBench/results/llvm17_inject/jacobi/pointer/site36_bit18.out,,,,,,,,,,,,,,61483011,15450736,16777216
36,19,SDC,SDC_NOTFLAGGED,,,,HeCBench/results/llvm17_inject/jacobi/pointer/site36_bit19.out,,,,,,,,,,,,,,61483011,15450736,16777216
36,20,SDC,SDC_NOTFLAGGED,,,,HeCBench/results/llvm17_inject/jacobi/pointer/site36_bit20.out,,,,,,,,,,,,,,61483011,15450736,16777216
36,21,SDC,SDC_NOTFLAGGED,,,,HeCBench/results/llvm17_inject/jacobi/pointer/site36_bit21.out,,,,,,,,,,,,,,61483011,15450736,16777216
36,22,SDC,SDC_NOTFLAGGED,,,,HeCBench/results/llvm17_inject/jacobi/pointer/site36_bit22.out,,,,,,,,,,,,,,61483011,15450736,16777216
36,23,SDC,SDC_NOTFLAGGED,,,,HeCBench/results/llvm17_inject/jacobi/pointer/site36_bit23.out,,,,,,,,,,,,,,61483011,15450736,16777216
36,24,SDC,SDC_NOTFLAGGED,,,,HeCBench/results/llvm17_inject/jacobi/pointer/site36_bit24.out,,,,,,,,,,,,,,61483011,15450736,16777216
36,25,SDC,SDC_NOTFLAGGED,,,,HeCBench/results/llvm17_inject/jacobi/pointer/site36_bit25.out,,,,,,,,,,,,,,61483011,15450736,16777216
36,26,SDC,SDC_NOTFLAGGED,,,,HeCBench/results/llvm17_inject/jacobi/pointer/site36_bit26.out,,,,,,,,,,,,,,61483011,15450736,16777216
36,27,SDC,SDC_NOTFLAGGED,,,,HeCBench/results/llvm17_inject/jacobi/pointer/site36_bit27.out,,,,,,,,,,,,,,61483011,15450736,16777216
36,28,SDC,SDC_NOTFLAGGED,,,,HeCBench/results/llvm17_inject/jacobi/pointer/site36_bit28.out,,,,,,,,,,,,,,61483011,15450736,16777216
36,29,SDC,SDC_NOTFLAGGED,,,,HeCBench/results/llvm17_inject/jacobi/pointer/site36_bit29.out,,,,,,,,,,,,,,61483011,15450736,16777216
36,30,SDC,SDC_NOTFLAGGED,,,,HeCBench/results/llvm17_inject/jacobi/pointer/site36_bit30.out,,,,,,,,,,,,,,61483011,15450736,16777216
36,31,SDC,SDC_NOTFLAGGED,,,,HeCBench/results/llvm17_inject/jacobi/pointer/site36_bit31.out,,,,,,,,,,,,,,61483011,15450736,16777216
36,32,SDC,SDC_NOTFLAGGED,,,,HeCBench/results/llvm17_inject/jacobi/pointer/site36_bit32.out,,,,,,,,,,,,,,61483011,15450736,16777216
36,33,SDC,SDC_NOTFLAGGED,,,,HeCBench/results/llvm17_inject/jacobi/pointer/site36_bit33.out,,,,,,,,,,,,,,61483011,15450736,16777216
36,34,SDC,SDC_NOTFLAGGED,,,,HeCBench/results/llvm17_inject/jacobi/pointer/site36_bit34.out,,,,,,,,,,,,,,61483011,15450736,16777216
36,35,SDC,SDC_NOTFLAGGED,,,,HeCBench/results/llvm17_inject/jacobi/pointer/site36_bit35.out,,,,,,,,,,,,,,61483011,15450736,16777216
36,36,SDC,SDC_NOTFLAGGED,,,,HeCBench/results/llvm17_inject/jacobi/pointer/site36_bit36.out,,,,,,,,,,,,,,61483011,15450736,16777216
36,37,SDC,SDC_NOTFLAGGED,,,,HeCBench/results/llvm17_inject/jacobi/pointer/site36_bit37.out,,,,,,,,,,,,,,61483011,15450736,16777216
36,38,SDC,SDC_NOTFLAGGED,,,,HeCBench/results/llvm17_inject/jacobi/pointer/site36_bit38.out,,,,,,,,,,,,,,61483011,15450736,16777216
36,39,SDC,SDC_NOTFLAGGED,,,,HeCBench/results/llvm17_inject/jacobi/pointer/site36_bit39.out,,,,,,,,,,,,,,61483011,15450736,16777216
36,40,SDC,SDC_NOTFLAGGED,,,,HeCBench/results/llvm17_inject/jacobi/pointer/site36_bit40.out,,,,,,,,,,,,,,61483011,15450736,16777216
36,41,SDC,SDC_NOTFLAGGED,,,,HeCBench/results/llvm17_inject/jacobi/pointer/site36_bit41.out,,,,,,,,,,,,,,61483011,15450736,16777216
36,42,SDC,SDC_NOTFLAGGED,,,,HeCBench/results/llvm17_inject/jacobi/pointer/site36_bit42.out,,,,,,,,,,,,,,61483011,15450736,16777216
36,43,SDC,SDC_NOTFLAGGED,,,,HeCBench/results/llvm17_inject/jacobi/pointer/site36_bit43.out,,,,,,,,,,,,,,61483011,15450736,16777216
36,44,SDC,SDC_NOTFLAGGED,,,,HeCBench/results/llvm17_inject/jacobi/pointer/site36_bit44.out,,,,,,,,,,,,,,61483011,15450736,16777216
36,45,SDC,SDC_NOTFLAGGED,,,,HeCBench/results/llvm17_inject/jacobi/pointer/site36_bit45.out,,,,,,,,,,,,,,61483011,15450736,16777216
36,46,SDC,SDC_NOTFLAGGED,,,,HeCBench/results/llvm17_inject/jacobi/pointer/site36_bit46.out,,,,,,,,,,,,,,61483011,15450736,16777216
36,47,SDC,SDC_NOTFLAGGED,,,,HeCBench/results/llvm17_inject/jacobi/pointer/site36_bit47.out,,,,,,,,,,,,,,61483011,15450736,16777216
36,48,SDC,SDC_NOTFLAGGED,,,,HeCBench/results/llvm17_inject/jacobi/pointer/site36_bit48.out,,,,,,,,,,,,,,61483011,15450736,16777216
36,49,SDC,SDC_NOTFLAGGED,,,,HeCBench/results/llvm17_inject/jacobi/pointer/site36_bit49.out,,,,,,,,,,,,,,61483011,15450736,16777216
36,50,SDC,SDC_NOTFLAGGED,,,,HeCBench/results/llvm17_inject/jacobi/pointer/site36_bit50.out,,,,,,,,,,,,,,61483011,15450736,16777216
36,51,SDC,SDC_NOTFLAGGED,,,,HeCBench/results/llvm17_inject/jacobi/pointer/site36_bit51.out,,,,,,,,,,,,,,61483011,15450736,16777216
36,52,SDC,SDC_NOTFLAGGED,,,,HeCBench/results/llvm17_inject/jacobi/pointer/site36_bit52.out,,,,,,,,,,,,,,61483011,15450736,16777216
36,53,SDC,SDC_NOTFLAGGED,,,,HeCBench/results/llvm17_inject/jacobi/pointer/site36_bit53.out,,,,,,,,,,,,,,61483011,15450736,16777216
36,54,SDC,SDC_NOTFLAGGED,,,,HeCBench/results/llvm17_inject/jacobi/pointer/site36_bit54.out,,,,,,,,,,,,,,61483011,15450736,16777216
36,55,SDC,SDC_NOTFLAGGED,,,,HeCBench/results/llvm17_inject/jacobi/pointer/site36_bit55.out,,,,,,,,,,,,,,61483011,15450736,16777216
36,56,SDC,SDC_NOTFLAGGED,,,,HeCBench/results/llvm17_inject/jacobi/pointer/site36_bit56.out,,,,,,,,,,,,,,61483011,15450736,16777216
36,57,SDC,SDC_NOTFLAGGED,,,,HeCBench/results/llvm17_inject/jacobi/pointer/site36_bit57.out,,,,,,,,,,,,,,61483011,15450736,16777216
36,58,SDC,SDC_NOTFLAGGED,,,,HeCBench/results/llvm17_inject/jacobi/pointer/site36_bit58.out,,,,,,,,,,,,,,61483011,15450736,16777216
36,59,SDC,SDC_NOTFLAGGED,,,,HeCBench/results/llvm17_inject/jacobi/pointer/site36_bit59.out,,,,,,,,,,,,,,61483011,15450736,16777216
36,60,SDC,SDC_NOTFLAGGED,,,,HeCBench/results/llvm17_inject/jacobi/pointer/site36_bit60.out,,,,,,,,,,,,,,61483011,15450736,16777216
36,61,MASKED,MASKED_UNFLAGGED,,,,HeCBench/results/llvm17_inject/jacobi/pointer/site36_bit61.out,,,,,,,,,,,,,,,,
36,62,MASKED,MASKED_UNFLAGGED,,,,HeCBench/results/llvm17_inject/jacobi/pointer/site36_bit62.out,,,,,,,,,,,,,,,,
36,63,MASKED,MASKED_UNFLAGGED,,,,HeCBench/results/llvm17_inject/jacobi/pointer/site36_bit63.out,,,,,,,,,,,,,,,,
38,0,SDC,SDC_NOTFLAGGED,0,,,HeCBench/results/llvm17_inject/jacobi/pointer/site38_bit0.out,,,,,,,,,,,,,,61483011,15450736,16777216
38,1,SDC,SDC_NOTFLAGGED,0,,,HeCBench/results/llvm17_inject/jacobi/pointer/site38_bit1.out,,,,,,,,,,,,,,61483011,15450736,16777216
38,2,FAILURE,FAILURE_NONHANG,255,kernel_reported_fail,,HeCBench/results/llvm17_inject/jacobi/pointer/site38_bit2.out,,,,,,,,,,,,,,,,
38,3,FAILURE,FAILURE_NONHANG,255,kernel_reported_fail,,HeCBench/results/llvm17_inject/jacobi/pointer/site38_bit3.out,,,,,,,,,,,,,,,,
38,4,FAILURE,FAILURE_NONHANG,255,kernel_reported_fail,,HeCBench/results/llvm17_inject/jacobi/pointer/site38_bit4.out,,,,,,,,,,,,,,,,
38,5,FAILURE,FAILURE_NONHANG,255,kernel_reported_fail,,HeCBench/results/llvm17_inject/jacobi/pointer/site38_bit5.out,,,,,,,,,,,,,,,,
38,6,FAILURE,FAILURE_NONHANG,255,kernel_reported_fail,,HeCBench/results/llvm17_inject/jacobi/pointer/site38_bit6.out,,,,,,,,,,,,,,,,
38,7,FAILURE,FAILURE_NONHANG,255,kernel_reported_fail,,HeCBench/results/llvm17_inject/jacobi/pointer/site38_bit7.out,,,,,,,,,,,,,,,,
38,8,FAILURE,FAILURE_NONHANG,255,kernel_reported_fail,,HeCBench/results/llvm17_inject/jacobi/pointer/site38_bit8.out,,,,,,,,,,,,,,,,
38,9,SDC,SDC_NOTFLAGGED,,,,HeCBench/results/llvm17_inject/jacobi/pointer/site38_bit9.out,,,,,,,,,,,,,,61483011,15450736,16777216
38,10,SDC,SDC_NOTFLAGGED,,,,HeCBench/results/llvm17_inject/jacobi/pointer/site38_bit10.out,,,,,,,,,,,,,,61483011,15450736,16777216
38,11,SDC,SDC_NOTFLAGGED,,,,HeCBench/results/llvm17_inject/jacobi/pointer/site38_bit11.out,,,,,,,,,,,,,,61483011,15450736,16777216
38,12,SDC,SDC_NOTFLAGGED,,,,HeCBench/results/llvm17_inject/jacobi/pointer/site38_bit12.out,,,,,,,,,,,,,,61483011,15450736,16777216
38,13,SDC,SDC_NOTFLAGGED,,,,HeCBench/results/llvm17_inject/jacobi/pointer/site38_bit13.out,,,,,,,,,,,,,,61483011,15450736,16777216
38,14,SDC,SDC_NOTFLAGGED,,,,HeCBench/results/llvm17_inject/jacobi/pointer/site38_bit14.out,,,,,,,,,,,,,,61483011,15450736,16777216
38,15,SDC,SDC_NOTFLAGGED,,,,HeCBench/results/llvm17_inject/jacobi/pointer/site38_bit15.out,,,,,,,,,,,,,,61483011,15450736,16777216
38,16,SDC,SDC_NOTFLAGGED,,,,HeCBench/results/llvm17_inject/jacobi/pointer/site38_bit16.out,,,,,,,,,,,,,,61483011,15450736,16777216
38,17,SDC,SDC_NOTFLAGGED,,,,HeCBench/results/llvm17_inject/jacobi/pointer/site38_bit17.out,,,,,,,,,,,,,,61483011,15450736,16777216
38,18,SDC,SDC_NOTFLAGGED,,,,HeCBench/results/llvm17_inject/jacobi/pointer/site38_bit18.out,,,,,,,,,,,,,,61483011,15450736,16777216
38,19,SDC,SDC_NOTFLAGGED,,,,HeCBench/results/llvm17_inject/jacobi/pointer/site38_bit19.out,,,,,,,,,,,,,,61483011,15450736,16777216
38,20,SDC,SDC_NOTFLAGGED,,,,HeCBench/results/llvm17_inject/jacobi/pointer/site38_bit20.out,,,,,,,,,,,,,,61483011,15450736,16777216
38,21,SDC,SDC_NOTFLAGGED,,,,HeCBench/results/llvm17_inject/jacobi/pointer/site38_bit21.out,,,,,,,,,,,,,,61483011,15450736,16777216
38,22,SDC,SDC_NOTFLAGGED,,,,HeCBench/results/llvm17_inject/jacobi/pointer/site38_bit22.out,,,,,,,,,,,,,,61483011,15450736,16777216
38,23,SDC,SDC_NOTFLAGGED,,,,HeCBench/results/llvm17_inject/jacobi/pointer/site38_bit23.out,,,,,,,,,,,,,,61483011,15450736,16777216
38,24,SDC,SDC_NOTFLAGGED,,,,HeCBench/results/llvm17_inject/jacobi/pointer/site38_bit24.out,,,,,,,,,,,,,,61483011,15450736,16777216
38,25,SDC,SDC_NOTFLAGGED,,,,HeCBench/results/llvm17_inject/jacobi/pointer/site38_bit25.out,,,,,,,,,,,,,,61483011,15450736,16777216
38,26,SDC,SDC_NOTFLAGGED,,,,HeCBench/results/llvm17_inject/jacobi/pointer/site38_bit26.out,,,,,,,,,,,,,,61483011,15450736,16777216
38,27,SDC,SDC_NOTFLAGGED,,,,HeCBench/results/llvm17_inject/jacobi/pointer/site38_bit27.out,,,,,,,,,,,,,,61483011,15450736,16777216
38,28,SDC,SDC_NOTFLAGGED,,,,HeCBench/results/llvm17_inject/jacobi/pointer/site38_bit28.out,,,,,,,,,,,,,,61483011,15450736,16777216
38,29,SDC,SDC_NOTFLAGGED,,,,HeCBench/results/llvm17_inject/jacobi/pointer/site38_bit29.out,,,,,,,,,,,,,,61483011,15450736,16777216
38,30,SDC,SDC_NOTFLAGGED,,,,HeCBench/results/llvm17_inject/jacobi/pointer/site38_bit30.out,,,,,,,,,,,,,,61483011,15450736,16777216
38,31,SDC,SDC_NOTFLAGGED,,,,HeCBench/results/llvm17_inject/jacobi/pointer/site38_bit31.out,,,,,,,,,,,,,,61483011,15450736,16777216
38,32,SDC,SDC_NOTFLAGGED,,,,HeCBench/results/llvm17_inject/jacobi/pointer/site38_bit32.out,,,,,,,,,,,,,,61483011,15450736,16777216
38,33,SDC,SDC_NOTFLAGGED,,,,HeCBench/results/llvm17_inject/jacobi/pointer/site38_bit33.out,,,,,,,,,,,,,,61483011,15450736,16777216
38,34,SDC,SDC_NOTFLAGGED,,,,HeCBench/results/llvm17_inject/jacobi/pointer/site38_bit34.out,,,,,,,,,,,,,,61483011,15450736,16777216
38,35,SDC,SDC_NOTFLAGGED,,,,HeCBench/results/llvm17_inject/jacobi/pointer/site38_bit35.out,,,,,,,,,,,,,,61483011,15450736,16777216
38,36,SDC,SDC_NOTFLAGGED,,,,HeCBench/results/llvm17_inject/jacobi/pointer/site38_bit36.out,,,,,,,,,,,,,,61483011,15450736,16777216
38,37,SDC,SDC_NOTFLAGGED,,,,HeCBench/results/llvm17_inject/jacobi/pointer/site38_bit37.out,,,,,,,,,,,,,,61483011,15450736,16777216
38,38,SDC,SDC_NOTFLAGGED,,,,HeCBench/results/llvm17_inject/jacobi/pointer/site38_bit38.out,,,,,,,,,,,,,,61483011,15450736,16777216
38,39,SDC,SDC_NOTFLAGGED,,,,HeCBench/results/llvm17_inject/jacobi/pointer/site38_bit39.out,,,,,,,,,,,,,,61483011,15450736,16777216
38,40,SDC,SDC_NOTFLAGGED,,,,HeCBench/results/llvm17_inject/jacobi/pointer/site38_bit40.out,,,,,,,,,,,,,,61483011,15450736,16777216
38,41,SDC,SDC_NOTFLAGGED,,,,HeCBench/results/llvm17_inject/jacobi/pointer/site38_bit41.out,,,,,,,,,,,,,,61483011,15450736,16777216
38,42,SDC,SDC_NOTFLAGGED,,,,HeCBench/results/llvm17_inject/jacobi/pointer/site38_bit42.out,,,,,,,,,,,,,,61483011,15450736,16777216
38,43,SDC,SDC_NOTFLAGGED,,,,HeCBench/results/llvm17_inject/jacobi/pointer/site38_bit43.out,,,,,,,,,,,,,,61483011,15450736,16777216
38,44,SDC,SDC_NOTFLAGGED,,,,HeCBench/results/llvm17_inject/jacobi/pointer/site38_bit44.out,,,,,,,,,,,,,,61483011,15450736,16777216
38,45,SDC,SDC_NOTFLAGGED,,,,HeCBench/results/llvm17_inject/jacobi/pointer/site38_bit45.out,,,,,,,,,,,,,,61483011,15450736,16777216
38,46,SDC,SDC_NOTFLAGGED,,,,HeCBench/results/llvm17_inject/jacobi/pointer/site38_bit46.out,,,,,,,,,,,,,,61483011,15450736,16777216
38,47,SDC,SDC_NOTFLAGGED,,,,HeCBench/results/llvm17_inject/jacobi/pointer/site38_bit47.out,,,,,,,,,,,,,,61483011,15450736,16777216
38,48,SDC,SDC_NOTFLAGGED,,,,HeCBench/results/llvm17_inject/jacobi/pointer/site38_bit48.out,,,,,,,,,,,,,,61483011,15450736,16777216
38,49,SDC,SDC_NOTFLAGGED,,,,HeCBench/results/llvm17_inject/jacobi/pointer/site38_bit49.out,,,,,,,,,,,,,,61483011,15450736,16777216
38,50,SDC,SDC_NOTFLAGGED,,,,HeCBench/results/llvm17_inject/jacobi/pointer/site38_bit50.out,,,,,,,,,,,,,,61483011,15450736,16777216
38,51,SDC,SDC_NOTFLAGGED,,,,HeCBench/results/llvm17_inject/jacobi/pointer/site38_bit51.out,,,,,,,,,,,,,,61483011,15450736,16777216
38,52,SDC,SDC_NOTFLAGGED,,,,HeCBench/results/llvm17_inject/jacobi/pointer/site38_bit52.out,,,,,,,,,,,,,,61483011,15450736,16777216
38,53,SDC,SDC_NOTFLAGGED,,,,HeCBench/results/llvm17_inject/jacobi/pointer/site38_bit53.out,,,,,,,,,,,,,,61483011,15450736,16777216
38,54,SDC,SDC_NOTFLAGGED,,,,HeCBench/results/llvm17_inject/jacobi/pointer/site38_bit54.out,,,,,,,,,,,,,,61483011,15450736,16777216
38,55,SDC,SDC_NOTFLAGGED,,,,HeCBench/results/llvm17_inject/jacobi/pointer/site38_bit55.out,,,,,,,,,,,,,,61483011,15450736,16777216
38,56,SDC,SDC_NOTFLAGGED,,,,HeCBench/results/llvm17_inject/jacobi/pointer/site38_bit56.out,,,,,,,,,,,,,,61483011,15450736,16777216
38,57,SDC,SDC_NOTFLAGGED,,,,HeCBench/results/llvm17_inject/jacobi/pointer/site38_bit57.out,,,,,,,,,,,,,,61483011,15450736,16777216
38,58,SDC,SDC_NOTFLAGGED,,,,HeCBench/results/llvm17_inject/jacobi/pointer/site38_bit58.out,,,,,,,,,,,,,,61483011,15450736,16777216
38,59,SDC,SDC_NOTFLAGGED,,,,HeCBench/results/llvm17_inject/jacobi/pointer/site38_bit59.out,,,,,,,,,,,,,,61483011,15450736,16777216
38,60,SDC,SDC_NOTFLAGGED,,,,HeCBench/results/llvm17_inject/jacobi/pointer/site38_bit60.out,,,,,,,,,,,,,,61483011,15450736,16777216
38,61,SDC,SDC_NOTFLAGGED,,,,HeCBench/results/llvm17_inject/jacobi/pointer/site38_bit61.out,,,,,,,,,,,,,,61483011,15450736,16777216
38,62,SDC,SDC_NOTFLAGGED,,,,HeCBench/results/llvm17_inject/jacobi/pointer/site38_bit62.out,,,,,,,,,,,,,,61483011,15450736,16777216
38,63,SDC,SDC_NOTFLAGGED,,,,HeCBench/results/llvm17_inject/jacobi/pointer/site38_bit63.out,,,,,,,,,,,,,,61483011,15450736,16777216
41,0,SDC,SDC_NOTFLAGGED,0,,,HeCBench/results/llvm17_inject/jacobi/pointer/site41_bit0.out,,,,,,,,,,,,,,61483011,15450736,16777216
41,1,SDC,SDC_NOTFLAGGED,0,,,HeCBench/results/llvm17_inject/jacobi/pointer/site41_bit1.out,,,,,,,,,,,,,,61483011,15450736,16777216
41,2,SDC,SDC_NOTFLAGGED,0,,,HeCBench/results/llvm17_inject/jacobi/pointer/site41_bit2.out,,,,,,,,,,,,,,61483011,15450736,16777216
41,3,SDC,SDC_NOTFLAGGED,0,,,HeCBench/results/llvm17_inject/jacobi/pointer/site41_bit3.out,,,,,,,,,,,,,,46826133,12643412,16777216
41,4,SDC,SDC_NOTFLAGGED,0,,,HeCBench/results/llvm17_inject/jacobi/pointer/site41_bit4.out,,,,,,,,,,,,,,61483011,15450736,16777216
41,5,SDC,SDC_NOTFLAGGED,0,,,HeCBench/results/llvm17_inject/jacobi/pointer/site41_bit5.out,,,,,,,,,,,,,,61483011,15450736,16777216
41,6,SDC,SDC_NOTFLAGGED,0,,,HeCBench/results/llvm17_inject/jacobi/pointer/site41_bit6.out,,,,,,,,,,,,,,61483011,15450736,16777216
41,7,SDC,SDC_NOTFLAGGED,0,,,HeCBench/results/llvm17_inject/jacobi/pointer/site41_bit7.out,,,,,,,,,,,,,,61483011,15450736,16777216
41,8,SDC,SDC_NOTFLAGGED,0,,,HeCBench/results/llvm17_inject/jacobi/pointer/site41_bit8.out,,,,,,,,,,,,,,61483011,15450736,16777216
41,9,SDC,SDC_NOTFLAGGED,0,,,HeCBench/results/llvm17_inject/jacobi/pointer/site41_bit9.out,,,,,,,,,,,,,,61483011,15450736,16777216
41,10,SDC,SDC_NOTFLAGGED,0,,,HeCBench/results/llvm17_inject/jacobi/pointer/site41_bit10.out,,,,,,,,,,,,,,61483011,15450736,16777216
41,11,SDC,SDC_NOTFLAGGED,0,,,HeCBench/results/llvm17_inject/jacobi/pointer/site41_bit11.out,,,,,,,,,,,,,,61483011,15450736,16777216
41,12,SDC,SDC_NOTFLAGGED,0,,,HeCBench/results/llvm17_inject/jacobi/pointer/site41_bit12.out,,,,,,,,,,,,,,61483011,15450736,16777216
41,13,SDC,SDC_NOTFLAGGED,0,,,HeCBench/results/llvm17_inject/jacobi/pointer/site41_bit13.out,,,,,,,,,,,,,,61483011,15450736,16777216
41,14,SDC,SDC_NOTFLAGGED,0,,,HeCBench/results/llvm17_inject/jacobi/pointer/site41_bit14.out,,,,,,,,,,,,,,61483011,15450736,16777216
41,15,SDC,SDC_NOTFLAGGED,0,,,HeCBench/results/llvm17_inject/jacobi/pointer/site41_bit15.out,,,,,,,,,,,,,,61483011,15450736,16777216
41,16,SDC,SDC_NOTFLAGGED,0,,,HeCBench/results/llvm17_inject/jacobi/pointer/site41_bit16.out,,,,,,,,,,,,,,61483011,15450736,16777216
41,17,SDC,SDC_NOTFLAGGED,0,,,HeCBench/results/llvm17_inject/jacobi/pointer/site41_bit17.out,,,,,,,,,,,,,,61483011,15450736,16777216
41,18,SDC,SDC_NOTFLAGGED,0,,,HeCBench/results/llvm17_inject/jacobi/pointer/site41_bit18.out,,,,,,,,,,,,,,61483011,15450736,16777216
41,19,SDC,SDC_NOTFLAGGED,0,,,HeCBench/results/llvm17_inject/jacobi/pointer/site41_bit19.out,,,,,,,,,,,,,,61483011,15450736,16777216
41,20,SDC,SDC_NOTFLAGGED,0,,,HeCBench/results/llvm17_inject/jacobi/pointer/site41_bit20.out,,,,,,,,,,,,,,61483011,15450736,16777216
41,21,SDC,SDC_NOTFLAGGED,0,,,HeCBench/results/llvm17_inject/jacobi/pointer/site41_bit21.out,,,,,,,,,,,,,,61483011,15450736,16777216
41,22,SDC,SDC_NOTFLAGGED,0,,,HeCBench/results/llvm17_inject/jacobi/pointer/site41_bit22.out,,,,,,,,,,,,,,61483011,15450736,16777216
41,23,SDC,SDC_NOTFLAGGED,0,,,HeCBench/results/llvm17_inject/jacobi/pointer/site41_bit23.out,,,,,,,,,,,,,,61483011,15450736,16777216
41,24,SDC,SDC_NOTFLAGGED,0,,,HeCBench/results/llvm17_inject/jacobi/pointer/site41_bit24.out,,,,,,,,,,,,,,61483011,15450736,16777216
41,25,SDC,SDC_NOTFLAGGED,0,,,HeCBench/results/llvm17_inject/jacobi/pointer/site41_bit25.out,,,,,,,,,,,,,,61483011,15450736,16777216
41,26,SDC,SDC_NOTFLAGGED,0,,,HeCBench/results/llvm17_inject/jacobi/pointer/site41_bit26.out,,,,,,,,,,,,,,61483011,15450736,16777216
41,27,SDC,SDC_NOTFLAGGED,0,,,HeCBench/results/llvm17_inject/jacobi/pointer/site41_bit27.out,,,,,,,,,,,,,,61483011,15450736,16777216
41,28,SDC,SDC_NOTFLAGGED,0,,,HeCBench/results/llvm17_inject/jacobi/pointer/site41_bit28.out,,,,,,,,,,,,,,61483011,15450736,16777216
41,29,SDC,SDC_NOTFLAGGED,0,,,HeCBench/results/llvm17_inject/jacobi/pointer/site41_bit29.out,,,,,,,,,,,,,,61483011,15450736,16777216
41,30,SDC,SDC_NOTFLAGGED,0,,,HeCBench/results/llvm17_inject/jacobi/pointer/site41_bit30.out,,,,,,,,,,,,,,61483011,15450736,16777216
41,31,SDC,SDC_NOTFLAGGED,0,,,HeCBench/results/llvm17_inject/jacobi/pointer/site41_bit31.out,,,,,,,,,,,,,,61483011,15450736,16777216
41,32,SDC,SDC_NOTFLAGGED,0,,,HeCBench/results/llvm17_inject/jacobi/pointer/site41_bit32.out,,,,,,,,,,,,,,61483011,15450736,16777216
41,33,SDC,SDC_NOTFLAGGED,0,,,HeCBench/results/llvm17_inject/jacobi/pointer/site41_bit33.out,,,,,,,,,,,,,,61483011,15450736,16777216
41,34,SDC,SDC_NOTFLAGGED,0,,,HeCBench/results/llvm17_inject/jacobi/pointer/site41_bit34.out,,,,,,,,,,,,,,61483011,15450736,16777216
41,35,SDC,SDC_NOTFLAGGED,0,,,HeCBench/results/llvm17_inject/jacobi/pointer/site41_bit35.out,,,,,,,,,,,,,,61483011,15450736,16777216
41,36,SDC,SDC_NOTFLAGGED,0,,,HeCBench/results/llvm17_inject/jacobi/pointer/site41_bit36.out,,,,,,,,,,,,,,61483011,15450736,16777216
41,37,SDC,SDC_NOTFLAGGED,0,,,HeCBench/results/llvm17_inject/jacobi/pointer/site41_bit37.out,,,,,,,,,,,,,,61483011,15450736,16777216
41,38,SDC,SDC_NOTFLAGGED,0,,,HeCBench/results/llvm17_inject/jacobi/pointer/site41_bit38.out,,,,,,,,,,,,,,61483011,15450736,16777216
41,39,SDC,SDC_NOTFLAGGED,0,,,HeCBench/results/llvm17_inject/jacobi/pointer/site41_bit39.out,,,,,,,,,,,,,,61483011,15450736,16777216
41,40,SDC,SDC_NOTFLAGGED,0,,,HeCBench/results/llvm17_inject/jacobi/pointer/site41_bit40.out,,,,,,,,,,,,,,61483011,15450736,16777216
41,41,SDC,SDC_NOTFLAGGED,0,,,HeCBench/results/llvm17_inject/jacobi/pointer/site41_bit41.out,,,,,,,,,,,,,,61483011,15450736,16777216
41,42,SDC,SDC_NOTFLAGGED,0,,,HeCBench/results/llvm17_inject/jacobi/pointer/site41_bit42.out,,,,,,,,,,,,,,61483011,15450736,16777216
41,43,SDC,SDC_NOTFLAGGED,0,,,HeCBench/results/llvm17_inject/jacobi/pointer/site41_bit43.out,,,,,,,,,,,,,,61483011,15450736,16777216
41,44,SDC,SDC_NOTFLAGGED,0,,,HeCBench/results/llvm17_inject/jacobi/pointer/site41_bit44.out,,,,,,,,,,,,,,61483011,15450736,16777216
41,45,SDC,SDC_NOTFLAGGED,0,,,HeCBench/results/llvm17_inject/jacobi/pointer/site41_bit45.out,,,,,,,,,,,,,,61483011,15450736,16777216
41,46,SDC,SDC_NOTFLAGGED,0,,,HeCBench/results/llvm17_inject/jacobi/pointer/site41_bit46.out,,,,,,,,,,,,,,61483011,15450736,16777216
41,47,SDC,SDC_NOTFLAGGED,0,,,HeCBench/results/llvm17_inject/jacobi/pointer/site41_bit47.out,,,,,,,,,,,,,,61483011,15450736,16777216
41,48,SDC,SDC_NOTFLAGGED,0,,,HeCBench/results/llvm17_inject/jacobi/pointer/site41_bit48.out,,,,,,,,,,,,,,61483011,15450736,16777216
41,49,SDC,SDC_NOTFLAGGED,0,,,HeCBench/results/llvm17_inject/jacobi/pointer/site41_bit49.out,,,,,,,,,,,,,,61483011,15450736,16777216
41,50,SDC,SDC_NOTFLAGGED,0,,,HeCBench/results/llvm17_inject/jacobi/pointer/site41_bit50.out,,,,,,,,,,,,,,61483011,15450736,16777216
41,51,SDC,SDC_NOTFLAGGED,0,,,HeCBench/results/llvm17_inject/jacobi/pointer/site41_bit51.out,,,,,,,,,,,,,,61483011,15450736,16777216
41,52,SDC,SDC_NOTFLAGGED,0,,,HeCBench/results/llvm17_inject/jacobi/pointer/site41_bit52.out,,,,,,,,,,,,,,61483011,15450736,16777216
41,53,SDC,SDC_NOTFLAGGED,0,,,HeCBench/results/llvm17_inject/jacobi/pointer/site41_bit53.out,,,,,,,,,,,,,,61483011,15450736,16777216
41,54,SDC,SDC_NOTFLAGGED,0,,,HeCBench/results/llvm17_inject/jacobi/pointer/site41_bit54.out,,,,,,,,,,,,,,61483011,15450736,16777216
41,55,SDC,SDC_NOTFLAGGED,0,,,HeCBench/results/llvm17_inject/jacobi/pointer/site41_bit55.out,,,,,,,,,,,,,,61483011,15450736,16777216
41,56,SDC,SDC_NOTFLAGGED,0,,,HeCBench/results/llvm17_inject/jacobi/pointer/site41_bit56.out,,,,,,,,,,,,,,61483011,15450736,16777216
41,57,SDC,SDC_NOTFLAGGED,0,,,HeCBench/results/llvm17_inject/jacobi/pointer/site41_bit57.out,,,,,,,,,,,,,,61483011,15450736,16777216
41,58,SDC,SDC_NOTFLAGGED,0,,,HeCBench/results/llvm17_inject/jacobi/pointer/site41_bit58.out,,,,,,,,,,,,,,61483011,15450736,16777216
41,59,SDC,SDC_NOTFLAGGED,0,,,HeCBench/results/llvm17_inject/jacobi/pointer/site41_bit59.out,,,,,,,,,,,,,,61483011,15450736,16777216
41,60,SDC,SDC_NOTFLAGGED,0,,,HeCBench/results/llvm17_inject/jacobi/pointer/site41_bit60.out,,,,,,,,,,,,,,61483011,15450736,16777216
41,61,SDC,SDC_NOTFLAGGED,0,,,HeCBench/results/llvm17_inject/jacobi/pointer/site41_bit61.out,,,,,,,,,,,,,,61483011,15450736,16777216
41,62,SDC,SDC_NOTFLAGGED,0,,,HeCBench/results/llvm17_inject/jacobi/pointer/site41_bit62.out,,,,,,,,,,,,,,61483011,15450736,16777216
41,63,SDC,SDC_NOTFLAGGED,0,,,HeCBench/results/llvm17_inject/jacobi/pointer/site41_bit63.out,,,,,,,,,,,,,,61483011,15450736,16777216
44,0,SDC,SDC_NOTFLAGGED,0,,,HeCBench/results/llvm17_inject/jacobi/pointer/site44_bit0.out,,,,,,,,,,,,,,61483011,15450736,16777216
44,1,SDC,SDC_NOTFLAGGED,0,,,HeCBench/results/llvm17_inject/jacobi/pointer/site44_bit1.out,,,,,,,,,,,,,,61483011,15450736,16777216
44,2,FAILURE,FAILURE_NONHANG,255,kernel_reported_fail,,HeCBench/results/llvm17_inject/jacobi/pointer/site44_bit2.out,,,,,,,,,,,,,,,,
44,3,FAILURE,FAILURE_NONHANG,255,kernel_reported_fail,,HeCBench/results/llvm17_inject/jacobi/pointer/site44_bit3.out,,,,,,,,,,,,,,,,
44,4,SDC,SDC_NOTFLAGGED,,,,HeCBench/results/llvm17_inject/jacobi/pointer/site44_bit4.out,,,,,,,,,,,,,,58519091,15776877,16777216
44,5,SDC,SDC_NOTFLAGGED,,,,HeCBench/results/llvm17_inject/jacobi/pointer/site44_bit5.out,,,,,,,,,,,,,,58953078,15973966,16777216
44,6,SDC,SDC_NOTFLAGGED,,,,HeCBench/results/llvm17_inject/jacobi/pointer/site44_bit6.out,,,,,,,,,,,,,,59652223,16099734,16777216
44,7,FAILURE,FAILURE_NONHANG,255,kernel_reported_fail,,HeCBench/results/llvm17_inject/jacobi/pointer/site44_bit7.out,,,,,,,,,,,,,,,,
44,8,SDC,SDC_NOTFLAGGED,,,,HeCBench/results/llvm17_inject/jacobi/pointer/site44_bit8.out,,,,,,,,,,,,,,60333020,16016923,16777216
44,9,SDC,SDC_NOTFLAGGED,,,,HeCBench/results/llvm17_inject/jacobi/pointer/site44_bit9.out,,,,,,,,,,,,,,60120277,15992855,16777216
44,10,SDC,SDC_NOTFLAGGED,,,,HeCBench/results/llvm17_inject/jacobi/pointer/site44_bit10.out,,,,,,,,,,,,,,57294704,15159007,16777216
44,11,SDC,SDC_NOTFLAGGED,0,,,HeCBench/results/llvm17_inject/jacobi/pointer/site44_bit11.out,,,,,,,,,,,,,,60628640,16175504,16777216
44,12,SDC,SDC_NOTFLAGGED,0,,,HeCBench/results/llvm17_inject/jacobi/pointer/site44_bit12.out,,,,,,,,,,,,,,58863159,15604272,16777216
44,13,FAILURE,FAILURE_NONHANG,255,kernel_reported_fail,,HeCBench/results/llvm17_inject/jacobi/pointer/site44_bit13.out,,,,,,,,,,,,,,,,
44,14,FAILURE,FAILURE_NONHANG,255,kernel_reported_fail,,HeCBench/results/llvm17_inject/jacobi/pointer/site44_bit14.out,,,,,,,,,,,,,,,,
44,15,FAILURE,FAILURE_NONHANG,255,kernel_reported_fail,,HeCBench/results/llvm17_inject/jacobi/pointer/site44_bit15.out,,,,,,,,,,,,,,,,
44,16,FAILURE,FAILURE_NONHANG,255,kernel_reported_fail,,HeCBench/results/llvm17_inject/jacobi/pointer/site44_bit16.out,,,,,,,,,,,,,,,,
44,17,FAILURE,FAILURE_NONHANG,255,kernel_reported_fail,,HeCBench/results/llvm17_inject/jacobi/pointer/site44_bit17.out,,,,,,,,,,,,,,,,
44,18,FAILURE,FAILURE_NONHANG,255,kernel_reported_fail,,HeCBench/results/llvm17_inject/jacobi/pointer/site44_bit18.out,,,,,,,,,,,,,,,,
44,19,FAILURE,FAILURE_NONHANG,255,kernel_reported_fail,,HeCBench/results/llvm17_inject/jacobi/pointer/site44_bit19.out,,,,,,,,,,,,,,,,
44,20,FAILURE,FAILURE_NONHANG,255,kernel_reported_fail,,HeCBench/results/llvm17_inject/jacobi/pointer/site44_bit20.out,,,,,,,,,,,,,,,,
44,21,FAILURE,FAILURE_NONHANG,255,kernel_reported_fail,,HeCBench/results/llvm17_inject/jacobi/pointer/site44_bit21.out,,,,,,,,,,,,,,,,
44,22,FAILURE,FAILURE_NONHANG,255,kernel_reported_fail,,HeCBench/results/llvm17_inject/jacobi/pointer/site44_bit22.out,,,,,,,,,,,,,,,,
44,23,FAILURE,FAILURE_NONHANG,255,kernel_reported_fail,,HeCBench/results/llvm17_inject/jacobi/pointer/site44_bit23.out,,,,,,,,,,,,,,,,
44,24,SDC,SDC_NOTFLAGGED,0,,,HeCBench/results/llvm17_inject/jacobi/pointer/site44_bit24.out,,,,,,,,,,,,,,46824632,12643332,16777216
44,25,SDC,SDC_NOTFLAGGED,0,,,HeCBench/results/llvm17_inject/jacobi/pointer/site44_bit25.out,,,,,,,,,,,,,,61483011,15450736,16777216
44,26,SDC,SDC_NOTFLAGGED,0,,,HeCBench/results/llvm17_inject/jacobi/pointer/site44_bit26.out,,,,,,,,,,,,,,61483011,15450736,16777216
44,27,SDC,SDC_NOTFLAGGED,,,,HeCBench/results/llvm17_inject/jacobi/pointer/site44_bit27.out,,,,,,,,,,,,,,61483011,15450736,16777216
44,28,SDC,SDC_NOTFLAGGED,,,,HeCBench/results/llvm17_inject/jacobi/pointer/site44_bit28.out,,,,,,,,,,,,,,61483011,15450736,16777216
44,29,SDC,SDC_NOTFLAGGED,,,,HeCBench/results/llvm17_inject/jacobi/pointer/site44_bit29.out,,,,,,,,,,,,,,61483011,15450736,16777216
44,30,SDC,SDC_NOTFLAGGED,,,,HeCBench/results/llvm17_inject/jacobi/pointer/site44_bit30.out,,,,,,,,,,,,,,61483011,15450736,16777216
44,31,SDC,SDC_NOTFLAGGED,,,,HeCBench/results/llvm17_inject/jacobi/pointer/site44_bit31.out,,,,,,,,,,,,,,61483011,15450736,16777216
44,32,SDC,SDC_NOTFLAGGED,,,,HeCBench/results/llvm17_inject/jacobi/pointer/site44_bit32.out,,,,,,,,,,,,,,61483011,15450736,16777216
44,33,SDC,SDC_NOTFLAGGED,,,,HeCBench/results/llvm17_inject/jacobi/pointer/site44_bit33.out,,,,,,,,,,,,,,61483011,15450736,16777216
44,34,SDC,SDC_NOTFLAGGED,,,,HeCBench/results/llvm17_inject/jacobi/pointer/site44_bit34.out,,,,,,,,,,,,,,61483011,15450736,16777216
44,35,SDC,SDC_NOTFLAGGED,,,,HeCBench/results/llvm17_inject/jacobi/pointer/site44_bit35.out,,,,,,,,,,,,,,61483011,15450736,16777216
44,36,SDC,SDC_NOTFLAGGED,,,,HeCBench/results/llvm17_inject/jacobi/pointer/site44_bit36.out,,,,,,,,,,,,,,61483011,15450736,16777216
44,37,SDC,SDC_NOTFLAGGED,,,,HeCBench/results/llvm17_inject/jacobi/pointer/site44_bit37.out,,,,,,,,,,,,,,61483011,15450736,16777216
44,38,SDC,SDC_NOTFLAGGED,,,,HeCBench/results/llvm17_inject/jacobi/pointer/site44_bit38.out,,,,,,,,,,,,,,61483011,15450736,16777216
44,39,SDC,SDC_NOTFLAGGED,,,,HeCBench/results/llvm17_inject/jacobi/pointer/site44_bit39.out,,,,,,,,,,,,,,61483011,15450736,16777216
44,40,SDC,SDC_NOTFLAGGED,,,,HeCBench/results/llvm17_inject/jacobi/pointer/site44_bit40.out,,,,,,,,,,,,,,61483011,15450736,16777216
44,41,SDC,SDC_NOTFLAGGED,,,,HeCBench/results/llvm17_inject/jacobi/pointer/site44_bit41.out,,,,,,,,,,,,,,61483011,15450736,16777216
44,42,SDC,SDC_NOTFLAGGED,,,,HeCBench/results/llvm17_inject/jacobi/pointer/site44_bit42.out,,,,,,,,,,,,,,61483011,15450736,16777216
44,43,SDC,SDC_NOTFLAGGED,,,,HeCBench/results/llvm17_inject/jacobi/pointer/site44_bit43.out,,,,,,,,,,,,,,61483011,15450736,16777216
44,44,SDC,SDC_NOTFLAGGED,,,,HeCBench/results/llvm17_inject/jacobi/pointer/site44_bit44.out,,,,,,,,,,,,,,61483011,15450736,16777216
44,45,SDC,SDC_NOTFLAGGED,,,,HeCBench/results/llvm17_inject/jacobi/pointer/site44_bit45.out,,,,,,,,,,,,,,61483011,15450736,16777216
44,46,SDC,SDC_NOTFLAGGED,,,,HeCBench/results/llvm17_inject/jacobi/pointer/site44_bit46.out,,,,,,,,,,,,,,61483011,15450736,16777216
44,47,SDC,SDC_NOTFLAGGED,,,,HeCBench/results/llvm17_inject/jacobi/pointer/site44_bit47.out,,,,,,,,,,,,,,61483011,15450736,16777216
44,48,SDC,SDC_NOTFLAGGED,,,,HeCBench/results/llvm17_inject/jacobi/pointer/site44_bit48.out,,,,,,,,,,,,,,61483011,15450736,16777216
44,49,SDC,SDC_NOTFLAGGED,,,,HeCBench/results/llvm17_inject/jacobi/pointer/site44_bit49.out,,,,,,,,,,,,,,61483011,15450736,16777216
44,50,SDC,SDC_NOTFLAGGED,,,,HeCBench/results/llvm17_inject/jacobi/pointer/site44_bit50.out,,,,,,,,,,,,,,61483011,15450736,16777216
44,51,SDC,SDC_NOTFLAGGED,,,,HeCBench/results/llvm17_inject/jacobi/pointer/site44_bit51.out,,,,,,,,,,,,,,61483011,15450736,16777216
44,52,SDC,SDC_NOTFLAGGED,,,,HeCBench/results/llvm17_inject/jacobi/pointer/site44_bit52.out,,,,,,,,,,,,,,61483011,15450736,16777216
44,53,SDC,SDC_NOTFLAGGED,,,,HeCBench/results/llvm17_inject/jacobi/pointer/site44_bit53.out,,,,,,,,,,,,,,61483011,15450736,16777216
44,54,SDC,SDC_NOTFLAGGED,,,,HeCBench/results/llvm17_inject/jacobi/pointer/site44_bit54.out,,,,,,,,,,,,,,61483011,15450736,16777216
44,55,SDC,SDC_NOTFLAGGED,,,,HeCBench/results/llvm17_inject/jacobi/pointer/site44_bit55.out,,,,,,,,,,,,,,61483011,15450736,16777216
44,56,SDC,SDC_NOTFLAGGED,,,,HeCBench/results/llvm17_inject/jacobi/pointer/site44_bit56.out,,,,,,,,,,,,,,61483011,15450736,16777216
44,57,SDC,SDC_NOTFLAGGED,,,,HeCBench/results/llvm17_inject/jacobi/pointer/site44_bit57.out,,,,,,,,,,,,,,61483011,15450736,16777216
44,58,SDC,SDC_NOTFLAGGED,,,,HeCBench/results/llvm17_inject/jacobi/pointer/site44_bit58.out,,,,,,,,,,,,,,61483011,15450736,16777216
44,59,SDC,SDC_NOTFLAGGED,,,,HeCBench/results/llvm17_inject/jacobi/pointer/site44_bit59.out,,,,,,,,,,,,,,61483011,15450736,16777216
44,60,SDC,SDC_NOTFLAGGED,,,,HeCBench/results/llvm17_inject/jacobi/pointer/site44_bit60.out,,,,,,,,,,,,,,61483011,15450736,16777216
44,61,SDC,SDC_NOTFLAGGED,,,,HeCBench/results/llvm17_inject/jacobi/pointer/site44_bit61.out,,,,,,,,,,,,,,61483011,15450736,16777216
44,62,SDC,SDC_NOTFLAGGED,,,,HeCBench/results/llvm17_inject/jacobi/pointer/site44_bit62.out,,,,,,,,,,,,,,61483011,15450736,16777216
44,63,SDC,SDC_NOTFLAGGED,,,,HeCBench/results/llvm17_inject/jacobi/pointer/site44_bit63.out,,,,,,,,,,,,,,61483011,15450736,16777216
47,0,SDC,SDC_NOTFLAGGED,0,,,HeCBench/results/llvm17_inject/jacobi/pointer/site47_bit0.out,,,,,,,,,,,,,,61483011,15450736,16777216
47,1,SDC,SDC_NOTFLAGGED,0,,,HeCBench/results/llvm17_inject/jacobi/pointer/site47_bit1.out,,,,,,,,,,,,,,61483011,15450736,16777216
47,2,FAILURE,FAILURE_NONHANG,255,kernel_reported_fail,,HeCBench/results/llvm17_inject/jacobi/pointer/site47_bit2.out,,,,,,,,,,,,,,,,
47,3,FAILURE,FAILURE_NONHANG,255,kernel_reported_fail,,HeCBench/results/llvm17_inject/jacobi/pointer/site47_bit3.out,,,,,,,,,,,,,,,,
47,4,FAILURE,FAILURE_NONHANG,255,kernel_reported_fail,,HeCBench/results/llvm17_inject/jacobi/pointer/site47_bit4.out,,,,,,,,,,,,,,,,
47,5,FAILURE,FAILURE_NONHANG,255,kernel_reported_fail,,HeCBench/results/llvm17_inject/jacobi/pointer/site47_bit5.out,,,,,,,,,,,,,,,,
47,6,FAILURE,FAILURE_NONHANG,255,kernel_reported_fail,,HeCBench/results/llvm17_inject/jacobi/pointer/site47_bit6.out,,,,,,,,,,,,,,,,
47,7,FAILURE,FAILURE_NONHANG,255,kernel_reported_fail,,HeCBench/results/llvm17_inject/jacobi/pointer/site47_bit7.out,,,,,,,,,,,,,,,,
47,8,FAILURE,FAILURE_NONHANG,255,kernel_reported_fail,,HeCBench/results/llvm17_inject/jacobi/pointer/site47_bit8.out,,,,,,,,,,,,,,,,
47,9,SDC,SDC_NOTFLAGGED,,,,HeCBench/results/llvm17_inject/jacobi/pointer/site47_bit9.out,,,,,,,,,,,,,,60843114,16255287,16777216
47,10,SDC,SDC_NOTFLAGGED,,,,HeCBench/results/llvm17_inject/jacobi/pointer/site47_bit10.out,,,,,,,,,,,,,,57644994,15277337,16777216
47,11,SDC,SDC_NOTFLAGGED,,,,HeCBench/results/llvm17_inject/jacobi/pointer/site47_bit11.out,,,,,,,,,,,,,,45689588,12407451,16777216
47,12,SDC,SDC_NOTFLAGGED,,,,HeCBench/results/llvm17_inject/jacobi/pointer/site47_bit12.out,,,,,,,,,,,,,,50066797,13683050,16777216
47,13,SDC,SDC_NOTFLAGGED,,,,HeCBench/results/llvm17_inject/jacobi/pointer/site47_bit13.out,,,,,,,,,,,,,,54579843,14958972,16777216
47,14,SDC,SDC_NOTFLAGGED,,,,HeCBench/results/llvm17_inject/jacobi/pointer/site47_bit14.out,,,,,,,,,,,,,,58344831,15811708,16777216
47,15,SDC,SDC_NOTFLAGGED,,,,HeCBench/results/llvm17_inject/jacobi/pointer/site47_bit15.out,,,,,,,,,,,,,,59225461,16022328,16777216
47,16,SDC,SDC_NOTFLAGGED,,,,HeCBench/results/llvm17_inject/jacobi/pointer/site47_bit16.out,,,,,,,,,,,,,,59718490,16145649,16777216
47,17,SDC,SDC_NOTFLAGGED,0,,,HeCBench/results/llvm17_inject/jacobi/pointer/site47_bit17.out,,,,,,,,,,,,,,61483011,15450736,16777216
47,18,SDC,SDC_NOTFLAGGED,0,,,HeCBench/results/llvm17_inject/jacobi/pointer/site47_bit18.out,,,,,,,,,,,,,,61483011,15450736,16777216
47,19,SDC,SDC_NOTFLAGGED,0,,,HeCBench/results/llvm17_inject/jacobi/pointer/site47_bit19.out,,,,,,,,,,,,,,61483011,15450736,16777216
47,20,SDC,SDC_NOTFLAGGED,0,,,HeCBench/results/llvm17_inject/jacobi/pointer/site47_bit20.out,,,,,,,,,,,,,,61483011,15450736,16777216
47,21,SDC,SDC_NOTFLAGGED,,,,HeCBench/results/llvm17_inject/jacobi/pointer/site47_bit21.out,,,,,,,,,,,,,,59038433,15380205,16777216
47,22,SDC,SDC_NOTFLAGGED,0,,,HeCBench/results/llvm17_inject/jacobi/pointer/site47_bit22.out,,,,,,,,,,,,,,61483011,15450736,16777216
47,23,SDC,SDC_NOTFLAGGED,0,,,HeCBench/results/llvm17_inject/jacobi/pointer/site47_bit23.out,,,,,,,,,,,,,,61483011,15450736,16777216
47,24,SDC,SDC_NOTFLAGGED,0,,,HeCBench/results/llvm17_inject/jacobi/pointer/site47_bit24.out,,,,,,,,,,,,,,61483011,15450736,16777216
47,25,SDC,SDC_NOTFLAGGED,0,,,HeCBench/results/llvm17_inject/jacobi/pointer/site47_bit25.out,,,,,,,,,,,,,,61483011,15450736,16777216
47,26,SDC,SDC_NOTFLAGGED,0,,,HeCBench/results/llvm17_inject/jacobi/pointer/site47_bit26.out,,,,,,,,,,,,,,61483011,15450736,16777216
47,27,SDC,SDC_NOTFLAGGED,,,,HeCBench/results/llvm17_inject/jacobi/pointer/site47_bit27.out,,,,,,,,,,,,,,61483011,15450736,16777216
47,28,SDC,SDC_NOTFLAGGED,,,,HeCBench/results/llvm17_inject/jacobi/pointer/site47_bit28.out,,,,,,,,,,,,,,61483011,15450736,16777216
47,29,SDC,SDC_NOTFLAGGED,,,,HeCBench/results/llvm17_inject/jacobi/pointer/site47_bit29.out,,,,,,,,,,,,,,61483011,15450736,16777216
47,30,SDC,SDC_NOTFLAGGED,,,,HeCBench/results/llvm17_inject/jacobi/pointer/site47_bit30.out,,,,,,,,,,,,,,61483011,15450736,16777216
47,31,SDC,SDC_NOTFLAGGED,,,,HeCBench/results/llvm17_inject/jacobi/pointer/site47_bit31.out,,,,,,,,,,,,,,61483011,15450736,16777216
47,32,SDC,SDC_NOTFLAGGED,,,,HeCBench/results/llvm17_inject/jacobi/pointer/site47_bit32.out,,,,,,,,,,,,,,61483011,15450736,16777216
47,33,SDC,SDC_NOTFLAGGED,,,,HeCBench/results/llvm17_inject/jacobi/pointer/site47_bit33.out,,,,,,,,,,,,,,61483011,15450736,16777216
47,34,SDC,SDC_NOTFLAGGED,,,,HeCBench/results/llvm17_inject/jacobi/pointer/site47_bit34.out,,,,,,,,,,,,,,61483011,15450736,16777216
47,35,SDC,SDC_NOTFLAGGED,,,,HeCBench/results/llvm17_inject/jacobi/pointer/site47_bit35.out,,,,,,,,,,,,,,61483011,15450736,16777216
47,36,SDC,SDC_NOTFLAGGED,,,,HeCBench/results/llvm17_inject/jacobi/pointer/site47_bit36.out,,,,,,,,,,,,,,61483011,15450736,16777216
47,37,SDC,SDC_NOTFLAGGED,,,,HeCBench/results/llvm17_inject/jacobi/pointer/site47_bit37.out,,,,,,,,,,,,,,61483011,15450736,16777216
47,38,SDC,SDC_NOTFLAGGED,,,,HeCBench/results/llvm17_inject/jacobi/pointer/site47_bit38.out,,,,,,,,,,,,,,61483011,15450736,16777216
47,39,SDC,SDC_NOTFLAGGED,,,,HeCBench/results/llvm17_inject/jacobi/pointer/site47_bit39.out,,,,,,,,,,,,,,61483011,15450736,16777216
47,40,SDC,SDC_NOTFLAGGED,,,,HeCBench/results/llvm17_inject/jacobi/pointer/site47_bit40.out,,,,,,,,,,,,,,61483011,15450736,16777216
47,41,SDC,SDC_NOTFLAGGED,,,,HeCBench/results/llvm17_inject/jacobi/pointer/site47_bit41.out,,,,,,,,,,,,,,61483011,15450736,16777216
47,42,SDC,SDC_NOTFLAGGED,,,,HeCBench/results/llvm17_inject/jacobi/pointer/site47_bit42.out,,,,,,,,,,,,,,61483011,15450736,16777216
47,43,SDC,SDC_NOTFLAGGED,,,,HeCBench/results/llvm17_inject/jacobi/pointer/site47_bit43.out,,,,,,,,,,,,,,61483011,15450736,16777216
47,44,SDC,SDC_NOTFLAGGED,,,,HeCBench/results/llvm17_inject/jacobi/pointer/site47_bit44.out,,,,,,,,,,,,,,61483011,15450736,16777216
47,45,SDC,SDC_NOTFLAGGED,,,,HeCBench/results/llvm17_inject/jacobi/pointer/site47_bit45.out,,,,,,,,,,,,,,61483011,15450736,16777216
47,46,SDC,SDC_NOTFLAGGED,,,,HeCBench/results/llvm17_inject/jacobi/pointer/site47_bit46.out,,,,,,,,,,,,,,61483011,15450736,16777216
47,47,SDC,SDC_NOTFLAGGED,,,,HeCBench/results/llvm17_inject/jacobi/pointer/site47_bit47.out,,,,,,,,,,,,,,61483011,15450736,16777216
47,48,SDC,SDC_NOTFLAGGED,,,,HeCBench/results/llvm17_inject/jacobi/pointer/site47_bit48.out,,,,,,,,,,,,,,61483011,15450736,16777216
47,49,SDC,SDC_NOTFLAGGED,,,,HeCBench/results/llvm17_inject/jacobi/pointer/site47_bit49.out,,,,,,,,,,,,,,61483011,15450736,16777216
47,50,SDC,SDC_NOTFLAGGED,,,,HeCBench/results/llvm17_inject/jacobi/pointer/site47_bit50.out,,,,,,,,,,,,,,61483011,15450736,16777216
47,51,SDC,SDC_NOTFLAGGED,,,,HeCBench/results/llvm17_inject/jacobi/pointer/site47_bit51.out,,,,,,,,,,,,,,61483011,15450736,16777216
47,52,SDC,SDC_NOTFLAGGED,,,,HeCBench/results/llvm17_inject/jacobi/pointer/site47_bit52.out,,,,,,,,,,,,,,61483011,15450736,16777216
47,53,SDC,SDC_NOTFLAGGED,,,,HeCBench/results/llvm17_inject/jacobi/pointer/site47_bit53.out,,,,,,,,,,,,,,61483011,15450736,16777216
47,54,SDC,SDC_NOTFLAGGED,,,,HeCBench/results/llvm17_inject/jacobi/pointer/site47_bit54.out,,,,,,,,,,,,,,61483011,15450736,16777216
47,55,SDC,SDC_NOTFLAGGED,,,,HeCBench/results/llvm17_inject/jacobi/pointer/site47_bit55.out,,,,,,,,,,,,,,61483011,15450736,16777216
47,56,SDC,SDC_NOTFLAGGED,,,,HeCBench/results/llvm17_inject/jacobi/pointer/site47_bit56.out,,,,,,,,,,,,,,61483011,15450736,16777216
47,57,SDC,SDC_NOTFLAGGED,,,,HeCBench/results/llvm17_inject/jacobi/pointer/site47_bit57.out,,,,,,,,,,,,,,61483011,15450736,16777216
47,58,SDC,SDC_NOTFLAGGED,,,,HeCBench/results/llvm17_inject/jacobi/pointer/site47_bit58.out,,,,,,,,,,,,,,61483011,15450736,16777216
47,59,SDC,SDC_NOTFLAGGED,,,,HeCBench/results/llvm17_inject/jacobi/pointer/site47_bit59.out,,,,,,,,,,,,,,61483011,15450736,16777216
47,60,SDC,SDC_NOTFLAGGED,,,,HeCBench/results/llvm17_inject/jacobi/pointer/site47_bit60.out,,,,,,,,,,,,,,61483011,15450736,16777216
47,61,SDC,SDC_NOTFLAGGED,,,,HeCBench/results/llvm17_inject/jacobi/pointer/site47_bit61.out,,,,,,,,,,,,,,61483011,15450736,16777216
47,62,SDC,SDC_NOTFLAGGED,,,,HeCBench/results/llvm17_inject/jacobi/pointer/site47_bit62.out,,,,,,,,,,,,,,61483011,15450736,16777216
47,63,SDC,SDC_NOTFLAGGED,,,,HeCBench/results/llvm17_inject/jacobi/pointer/site47_bit63.out,,,,,,,,,,,,,,61483011,15450736,16777216
48,0,SDC,SDC_NOTFLAGGED,0,,,HeCBench/results/llvm17_inject/jacobi/pointer/site48_bit0.out,,,,,,,,,,,,,,61483011,15450736,16777216
48,1,SDC,SDC_NOTFLAGGED,0,,,HeCBench/results/llvm17_inject/jacobi/pointer/site48_bit1.out,,,,,,,,,,,,,,61483011,15450736,16777216
48,2,SDC,SDC_NOTFLAGGED,0,,,HeCBench/results/llvm17_inject/jacobi/pointer/site48_bit2.out,,,,,,,,,,,,,,51017895,14094601,16777216
48,3,SDC,SDC_NOTFLAGGED,0,,,HeCBench/results/llvm17_inject/jacobi/pointer/site48_bit3.out,,,,,,,,,,,,,,50970035,14080255,16777216
48,4,SDC,SDC_NOTFLAGGED,,,,HeCBench/results/llvm17_inject/jacobi/pointer/site48_bit4.out,,,,,,,,,,,,,,58443585,15781463,16777216
48,5,SDC,SDC_NOTFLAGGED,,,,HeCBench/results/llvm17_inject/jacobi/pointer/site48_bit5.out,,,,,,,,,,,,,,58969116,15975154,16777216
48,6,SDC,SDC_NOTFLAGGED,,,,HeCBench/results/llvm17_inject/jacobi/pointer/site48_bit6.out,,,,,,,,,,,,,,59661670,16095256,16777216
48,7,SDC,SDC_NOTFLAGGED,0,,,HeCBench/results/llvm17_inject/jacobi/pointer/site48_bit7.out,,,,,,,,,,,,,,50956801,14076716,16777216
48,8,SDC,SDC_NOTFLAGGED,,,,HeCBench/results/llvm17_inject/jacobi/pointer/site48_bit8.out,,,,,,,,,,,,,,60306339,16015995,16777216
48,9,SDC,SDC_NOTFLAGGED,,,,HeCBench/results/llvm17_inject/jacobi/pointer/site48_bit9.out,,,,,,,,,,,,,,60073808,15990342,16777216
48,10,SDC,SDC_NOTFLAGGED,,,,HeCBench/results/llvm17_inject/jacobi/pointer/site48_bit10.out,,,,,,,,,,,,,,57303150,15160916,16777216
48,11,SDC,SDC_NOTFLAGGED,,,,HeCBench/results/llvm17_inject/jacobi/pointer/site48_bit11.out,,,,,,,,,,,,,,45689588,12407451,16777216
48,12,SDC,SDC_NOTFLAGGED,,,,HeCBench/results/llvm17_inject/jacobi/pointer/site48_bit12.out,,,,,,,,,,,,,,50066797,13683050,16777216
48,13,SDC,SDC_NOTFLAGGED,,,,HeCBench/results/llvm17_inject/jacobi/pointer/site48_bit13.out,,,,,,,,,,,,,,54579843,14958972,16777216
48,14,SDC,SDC_NOTFLAGGED,,,,HeCBench/results/llvm17_inject/jacobi/pointer/site48_bit14.out,,,,,,,,,,,,,,58344831,15811708,16777216
48,15,SDC,SDC_NOTFLAGGED,,,,HeCBench/results/llvm17_inject/jacobi/pointer/site48_bit15.out,,,,,,,,,,,,,,59225461,16022328,16777216
48,16,SDC,SDC_NOTFLAGGED,,,,HeCBench/results/llvm17_inject/jacobi/pointer/site48_bit16.out,,,,,,,,,,,,,,59718490,16145649,16777216
48,17,SDC,SDC_NOTFLAGGED,0,,,HeCBench/results/llvm17_inject/jacobi/pointer/site48_bit17.out,,,,,,,,,,,,,,61483011,15450736,16777216
48,18,SDC,SDC_NOTFLAGGED,0,,,HeCBench/results/llvm17_inject/jacobi/pointer/site48_bit18.out,,,,,,,,,,,,,,61483011,15450736,16777216
48,19,SDC,SDC_NOTFLAGGED,0,,,HeCBench/results/llvm17_inject/jacobi/pointer/site48_bit19.out,,,,,,,,,,,,,,61483011,15450736,16777216
48,20,SDC,SDC_NOTFLAGGED,0,,,HeCBench/results/llvm17_inject/jacobi/pointer/site48_bit20.out,,,,,,,,,,,,,,61483011,15450736,16777216
48,21,SDC,SDC_NOTFLAGGED,,,,HeCBench/results/llvm17_inject/jacobi/pointer/site48_bit21.out,,,,,,,,,,,,,,59038433,15380205,16777216
48,22,SDC,SDC_NOTFLAGGED,0,,,HeCBench/results/llvm17_inject/jacobi/pointer/site48_bit22.out,,,,,,,,,,,,,,61483011,15450736,16777216
48,23,SDC,SDC_NOTFLAGGED,0,,,HeCBench/results/llvm17_inject/jacobi/pointer/site48_bit23.out,,,,,,,,,,,,,,61483011,15450736,16777216
48,24,SDC,SDC_NOTFLAGGED,0,,,HeCBench/results/llvm17_inject/jacobi/pointer/site48_bit24.out,,,,,,,,,,,,,,61483011,15450736,16777216
48,25,SDC,SDC_NOTFLAGGED,0,,,HeCBench/results/llvm17_inject/jacobi/pointer/site48_bit25.out,,,,,,,,,,,,,,61483011,15450736,16777216
48,26,SDC,SDC_NOTFLAGGED,0,,,HeCBench/results/llvm17_inject/jacobi/pointer/site48_bit26.out,,,,,,,,,,,,,,61483011,15450736,16777216
48,27,SDC,SDC_NOTFLAGGED,,,,HeCBench/results/llvm17_inject/jacobi/pointer/site48_bit27.out,,,,,,,,,,,,,,61483011,15450736,16777216
48,28,SDC,SDC_NOTFLAGGED,,,,HeCBench/results/llvm17_inject/jacobi/pointer/site48_bit28.out,,,,,,,,,,,,,,61483011,15450736,16777216
48,29,SDC,SDC_NOTFLAGGED,,,,HeCBench/results/llvm17_inject/jacobi/pointer/site48_bit29.out,,,,,,,,,,,,,,61483011,15450736,16777216
48,30,SDC,SDC_NOTFLAGGED,,,,HeCBench/results/llvm17_inject/jacobi/pointer/site48_bit30.out,,,,,,,,,,,,,,61483011,15450736,16777216
48,31,SDC,SDC_NOTFLAGGED,,,,HeCBench/results/llvm17_inject/jacobi/pointer/site48_bit31.out,,,,,,,,,,,,,,61483011,15450736,16777216
48,32,SDC,SDC_NOTFLAGGED,,,,HeCBench/results/llvm17_inject/jacobi/pointer/site48_bit32.out,,,,,,,,,,,,,,61483011,15450736,16777216
48,33,SDC,SDC_NOTFLAGGED,,,,HeCBench/results/llvm17_inject/jacobi/pointer/site48_bit33.out,,,,,,,,,,,,,,61483011,15450736,16777216
48,34,SDC,SDC_NOTFLAGGED,,,,HeCBench/results/llvm17_inject/jacobi/pointer/site48_bit34.out,,,,,,,,,,,,,,61483011,15450736,16777216
48,35,SDC,SDC_NOTFLAGGED,,,,HeCBench/results/llvm17_inject/jacobi/pointer/site48_bit35.out,,,,,,,,,,,,,,61483011,15450736,16777216
48,36,SDC,SDC_NOTFLAGGED,,,,HeCBench/results/llvm17_inject/jacobi/pointer/site48_bit36.out,,,,,,,,,,,,,,61483011,15450736,16777216
48,37,SDC,SDC_NOTFLAGGED,,,,HeCBench/results/llvm17_inject/jacobi/pointer/site48_bit37.out,,,,,,,,,,,,,,61483011,15450736,16777216
48,38,SDC,SDC_NOTFLAGGED,,,,HeCBench/results/llvm17_inject/jacobi/pointer/site48_bit38.out,,,,,,,,,,,,,,61483011,15450736,16777216
48,39,SDC,SDC_NOTFLAGGED,,,,HeCBench/results/llvm17_inject/jacobi/pointer/site48_bit39.out,,,,,,,,,,,,,,61483011,15450736,16777216
48,40,SDC,SDC_NOTFLAGGED,,,,HeCBench/results/llvm17_inject/jacobi/pointer/site48_bit40.out,,,,,,,,,,,,,,61483011,15450736,16777216
48,41,SDC,SDC_NOTFLAGGED,,,,HeCBench/results/llvm17_inject/jacobi/pointer/site48_bit41.out,,,,,,,,,,,,,,61483011,15450736,16777216
48,42,SDC,SDC_NOTFLAGGED,,,,HeCBench/results/llvm17_inject/jacobi/pointer/site48_bit42.out,,,,,,,,,,,,,,61483011,15450736,16777216
48,43,SDC,SDC_NOTFLAGGED,,,,HeCBench/results/llvm17_inject/jacobi/pointer/site48_bit43.out,,,,,,,,,,,,,,61483011,15450736,16777216
48,44,SDC,SDC_NOTFLAGGED,,,,HeCBench/results/llvm17_inject/jacobi/pointer/site48_bit44.out,,,,,,,,,,,,,,61483011,15450736,16777216
48,45,SDC,SDC_NOTFLAGGED,,,,HeCBench/results/llvm17_inject/jacobi/pointer/site48_bit45.out,,,,,,,,,,,,,,61483011,15450736,16777216
48,46,SDC,SDC_NOTFLAGGED,,,,HeCBench/results/llvm17_inject/jacobi/pointer/site48_bit46.out,,,,,,,,,,,,,,61483011,15450736,16777216
48,47,SDC,SDC_NOTFLAGGED,,,,HeCBench/results/llvm17_inject/jacobi/pointer/site48_bit47.out,,,,,,,,,,,,,,61483011,15450736,16777216
48,48,SDC,SDC_NOTFLAGGED,,,,HeCBench/results/llvm17_inject/jacobi/pointer/site48_bit48.out,,,,,,,,,,,,,,61483011,15450736,16777216
48,49,SDC,SDC_NOTFLAGGED,,,,HeCBench/results/llvm17_inject/jacobi/pointer/site48_bit49.out,,,,,,,,,,,,,,61483011,15450736,16777216
48,50,SDC,SDC_NOTFLAGGED,,,,HeCBench/results/llvm17_inject/jacobi/pointer/site48_bit50.out,,,,,,,,,,,,,,61483011,15450736,16777216
48,51,SDC,SDC_NOTFLAGGED,,,,HeCBench/results/llvm17_inject/jacobi/pointer/site48_bit51.out,,,,,,,,,,,,,,61483011,15450736,16777216
48,52,SDC,SDC_NOTFLAGGED,,,,HeCBench/results/llvm17_inject/jacobi/pointer/site48_bit52.out,,,,,,,,,,,,,,61483011,15450736,16777216
48,53,SDC,SDC_NOTFLAGGED,,,,HeCBench/results/llvm17_inject/jacobi/pointer/site48_bit53.out,,,,,,,,,,,,,,61483011,15450736,16777216
48,54,SDC,SDC_NOTFLAGGED,,,,HeCBench/results/llvm17_inject/jacobi/pointer/site48_bit54.out,,,,,,,,,,,,,,61483011,15450736,16777216
48,55,SDC,SDC_NOTFLAGGED,,,,HeCBench/results/llvm17_inject/jacobi/pointer/site48_bit55.out,,,,,,,,,,,,,,61483011,15450736,16777216
48,56,SDC,SDC_NOTFLAGGED,,,,HeCBench/results/llvm17_inject/jacobi/pointer/site48_bit56.out,,,,,,,,,,,,,,61483011,15450736,16777216
48,57,SDC,SDC_NOTFLAGGED,,,,HeCBench/results/llvm17_inject/jacobi/pointer/site48_bit57.out,,,,,,,,,,,,,,61483011,15450736,16777216
48,58,SDC,SDC_NOTFLAGGED,,,,HeCBench/results/llvm17_inject/jacobi/pointer/site48_bit58.out,,,,,,,,,,,,,,61483011,15450736,16777216
48,59,SDC,SDC_NOTFLAGGED,,,,HeCBench/results/llvm17_inject/jacobi/pointer/site48_bit59.out,,,,,,,,,,,,,,61483011,15450736,16777216
48,60,SDC,SDC_NOTFLAGGED,,,,HeCBench/results/llvm17_inject/jacobi/pointer/site48_bit60.out,,,,,,,,,,,,,,61483011,15450736,16777216
48,61,SDC,SDC_NOTFLAGGED,,,,HeCBench/results/llvm17_inject/jacobi/pointer/site48_bit61.out,,,,,,,,,,,,,,61483011,15450736,16777216
48,62,SDC,SDC_NOTFLAGGED,,,,HeCBench/results/llvm17_inject/jacobi/pointer/site48_bit62.out,,,,,,,,,,,,,,61483011,15450736,16777216
48,63,SDC,SDC_NOTFLAGGED,,,,HeCBench/results/llvm17_inject/jacobi/pointer/site48_bit63.out,,,,,,,,,,,,,,61483011,15450736,16777216
49,0,SDC,SDC_NOTFLAGGED,0,,,HeCBench/results/llvm17_inject/jacobi/pointer/site49_bit0.out,,,,,,,,,,,,,,61483011,15450736,16777216
49,1,SDC,SDC_NOTFLAGGED,0,,,HeCBench/results/llvm17_inject/jacobi/pointer/site49_bit1.out,,,,,,,,,,,,,,61483011,15450736,16777216
49,2,FAILURE,FAILURE_NONHANG,255,kernel_reported_fail,,HeCBench/results/llvm17_inject/jacobi/pointer/site49_bit2.out,,,,,,,,,,,,,,,,
49,3,FAILURE,FAILURE_NONHANG,255,kernel_reported_fail,,HeCBench/results/llvm17_inject/jacobi/pointer/site49_bit3.out,,,,,,,,,,,,,,,,
49,4,SDC,SDC_NOTFLAGGED,,,,HeCBench/results/llvm17_inject/jacobi/pointer/site49_bit4.out,,,,,,,,,,,,,,58443585,15781463,16777216
49,5,SDC,SDC_NOTFLAGGED,,,,HeCBench/results/llvm17_inject/jacobi/pointer/site49_bit5.out,,,,,,,,,,,,,,58969116,15975154,16777216
49,6,SDC,SDC_NOTFLAGGED,,,,HeCBench/results/llvm17_inject/jacobi/pointer/site49_bit6.out,,,,,,,,,,,,,,59661670,16095256,16777216
49,7,SDC,SDC_NOTFLAGGED,0,,,HeCBench/results/llvm17_inject/jacobi/pointer/site49_bit7.out,,,,,,,,,,,,,,61483011,15450736,16777216
49,8,SDC,SDC_NOTFLAGGED,,,,HeCBench/results/llvm17_inject/jacobi/pointer/site49_bit8.out,,,,,,,,,,,,,,60306339,16015995,16777216
49,9,SDC,SDC_NOTFLAGGED,,,,HeCBench/results/llvm17_inject/jacobi/pointer/site49_bit9.out,,,,,,,,,,,,,,60073808,15990342,16777216
49,10,SDC,SDC_NOTFLAGGED,,,,HeCBench/results/llvm17_inject/jacobi/pointer/site49_bit10.out,,,,,,,,,,,,,,57303150,15160916,16777216
49,11,SDC,SDC_NOTFLAGGED,,,,HeCBench/results/llvm17_inject/jacobi/pointer/site49_bit11.out,,,,,,,,,,,,,,45689588,12407451,16777216
49,12,SDC,SDC_NOTFLAGGED,,,,HeCBench/results/llvm17_inject/jacobi/pointer/site49_bit12.out,,,,,,,,,,,,,,50066797,13683050,16777216
49,13,SDC,SDC_NOTFLAGGED,,,,HeCBench/results/llvm17_inject/jacobi/pointer/site49_bit13.out,,,,,,,,,,,,,,54579843,14958972,16777216
49,14,SDC,SDC_NOTFLAGGED,,,,HeCBench/results/llvm17_inject/jacobi/pointer/site49_bit14.out,,,,,,,,,,,,,,58344831,15811708,16777216
49,15,SDC,SDC_NOTFLAGGED,,,,HeCBench/results/llvm17_inject/jacobi/pointer/site49_bit15.out,,,,,,,,,,,,,,59225461,16022328,16777216
49,16,SDC,SDC_NOTFLAGGED,,,,HeCBench/results/llvm17_inject/jacobi/pointer/site49_bit16.out,,,,,,,,,,,,,,59718490,16145649,16777216
49,17,SDC,SDC_NOTFLAGGED,0,,,HeCBench/results/llvm17_inject/jacobi/pointer/site49_bit17.out,,,,,,,,,,,,,,61483011,15450736,16777216
49,18,SDC,SDC_NOTFLAGGED,0,,,HeCBench/results/llvm17_inject/jacobi/pointer/site49_bit18.out,,,,,,,,,,,,,,61483011,15450736,16777216
49,19,SDC,SDC_NOTFLAGGED,0,,,HeCBench/results/llvm17_inject/jacobi/pointer/site49_bit19.out,,,,,,,,,,,,,,61483011,15450736,16777216
49,20,SDC,SDC_NOTFLAGGED,0,,,HeCBench/results/llvm17_inject/jacobi/pointer/site49_bit20.out,,,,,,,,,,,,,,61483011,15450736,16777216
49,21,SDC,SDC_NOTFLAGGED,,,,HeCBench/results/llvm17_inject/jacobi/pointer/site49_bit21.out,,,,,,,,,,,,,,59038433,15380205,16777216
49,22,SDC,SDC_NOTFLAGGED,0,,,HeCBench/results/llvm17_inject/jacobi/pointer/site49_bit22.out,,,,,,,,,,,,,,61483011,15450736,16777216
49,23,SDC,SDC_NOTFLAGGED,0,,,HeCBench/results/llvm17_inject/jacobi/pointer/site49_bit23.out,,,,,,,,,,,,,,61483011,15450736,16777216
49,24,SDC,SDC_NOTFLAGGED,0,,,HeCBench/results/llvm17_inject/jacobi/pointer/site49_bit24.out,,,,,,,,,,,,,,61483011,15450736,16777216
49,25,SDC,SDC_NOTFLAGGED,0,,,HeCBench/results/llvm17_inject/jacobi/pointer/site49_bit25.out,,,,,,,,,,,,,,61483011,15450736,16777216
49,26,SDC,SDC_NOTFLAGGED,0,,,HeCBench/results/llvm17_inject/jacobi/pointer/site49_bit26.out,,,,,,,,,,,,,,61483011,15450736,16777216
49,27,SDC,SDC_NOTFLAGGED,,,,HeCBench/results/llvm17_inject/jacobi/pointer/site49_bit27.out,,,,,,,,,,,,,,61483011,15450736,16777216
49,28,SDC,SDC_NOTFLAGGED,,,,HeCBench/results/llvm17_inject/jacobi/pointer/site49_bit28.out,,,,,,,,,,,,,,61483011,15450736,16777216
49,29,SDC,SDC_NOTFLAGGED,,,,HeCBench/results/llvm17_inject/jacobi/pointer/site49_bit29.out,,,,,,,,,,,,,,61483011,15450736,16777216
49,30,SDC,SDC_NOTFLAGGED,,,,HeCBench/results/llvm17_inject/jacobi/pointer/site49_bit30.out,,,,,,,,,,,,,,61483011,15450736,16777216
49,31,SDC,SDC_NOTFLAGGED,,,,HeCBench/results/llvm17_inject/jacobi/pointer/site49_bit31.out,,,,,,,,,,,,,,61483011,15450736,16777216
49,32,SDC,SDC_NOTFLAGGED,,,,HeCBench/results/llvm17_inject/jacobi/pointer/site49_bit32.out,,,,,,,,,,,,,,61483011,15450736,16777216
49,33,SDC,SDC_NOTFLAGGED,,,,HeCBench/results/llvm17_inject/jacobi/pointer/site49_bit33.out,,,,,,,,,,,,,,61483011,15450736,16777216
49,34,SDC,SDC_NOTFLAGGED,,,,HeCBench/results/llvm17_inject/jacobi/pointer/site49_bit34.out,,,,,,,,,,,,,,61483011,15450736,16777216
49,35,SDC,SDC_NOTFLAGGED,,,,HeCBench/results/llvm17_inject/jacobi/pointer/site49_bit35.out,,,,,,,,,,,,,,61483011,15450736,16777216
49,36,SDC,SDC_NOTFLAGGED,,,,HeCBench/results/llvm17_inject/jacobi/pointer/site49_bit36.out,,,,,,,,,,,,,,61483011,15450736,16777216
49,37,SDC,SDC_NOTFLAGGED,,,,HeCBench/results/llvm17_inject/jacobi/pointer/site49_bit37.out,,,,,,,,,,,,,,61483011,15450736,16777216
49,38,SDC,SDC_NOTFLAGGED,,,,HeCBench/results/llvm17_inject/jacobi/pointer/site49_bit38.out,,,,,,,,,,,,,,61483011,15450736,16777216
49,39,SDC,SDC_NOTFLAGGED,,,,HeCBench/results/llvm17_inject/jacobi/pointer/site49_bit39.out,,,,,,,,,,,,,,61483011,15450736,16777216
49,40,SDC,SDC_NOTFLAGGED,,,,HeCBench/results/llvm17_inject/jacobi/pointer/site49_bit40.out,,,,,,,,,,,,,,61483011,15450736,16777216
49,41,SDC,SDC_NOTFLAGGED,,,,HeCBench/results/llvm17_inject/jacobi/pointer/site49_bit41.out,,,,,,,,,,,,,,61483011,15450736,16777216
49,42,SDC,SDC_NOTFLAGGED,,,,HeCBench/results/llvm17_inject/jacobi/pointer/site49_bit42.out,,,,,,,,,,,,,,61483011,15450736,16777216
49,43,SDC,SDC_NOTFLAGGED,,,,HeCBench/results/llvm17_inject/jacobi/pointer/site49_bit43.out,,,,,,,,,,,,,,61483011,15450736,16777216
49,44,SDC,SDC_NOTFLAGGED,,,,HeCBench/results/llvm17_inject/jacobi/pointer/site49_bit44.out,,,,,,,,,,,,,,61483011,15450736,16777216
49,45,SDC,SDC_NOTFLAGGED,,,,HeCBench/results/llvm17_inject/jacobi/pointer/site49_bit45.out,,,,,,,,,,,,,,61483011,15450736,16777216
49,46,SDC,SDC_NOTFLAGGED,,,,HeCBench/results/llvm17_inject/jacobi/pointer/site49_bit46.out,,,,,,,,,,,,,,61483011,15450736,16777216
49,47,SDC,SDC_NOTFLAGGED,,,,HeCBench/results/llvm17_inject/jacobi/pointer/site49_bit47.out,,,,,,,,,,,,,,61483011,15450736,16777216
49,48,SDC,SDC_NOTFLAGGED,,,,HeCBench/results/llvm17_inject/jacobi/pointer/site49_bit48.out,,,,,,,,,,,,,,61483011,15450736,16777216
49,49,SDC,SDC_NOTFLAGGED,,,,HeCBench/results/llvm17_inject/jacobi/pointer/site49_bit49.out,,,,,,,,,,,,,,61483011,15450736,16777216
49,50,SDC,SDC_NOTFLAGGED,,,,HeCBench/results/llvm17_inject/jacobi/pointer/site49_bit50.out,,,,,,,,,,,,,,61483011,15450736,16777216
49,51,SDC,SDC_NOTFLAGGED,,,,HeCBench/results/llvm17_inject/jacobi/pointer/site49_bit51.out,,,,,,,,,,,,,,61483011,15450736,16777216
49,52,SDC,SDC_NOTFLAGGED,,,,HeCBench/results/llvm17_inject/jacobi/pointer/site49_bit52.out,,,,,,,,,,,,,,61483011,15450736,16777216
49,53,SDC,SDC_NOTFLAGGED,,,,HeCBench/results/llvm17_inject/jacobi/pointer/site49_bit53.out,,,,,,,,,,,,,,61483011,15450736,16777216
49,54,SDC,SDC_NOTFLAGGED,,,,HeCBench/results/llvm17_inject/jacobi/pointer/site49_bit54.out,,,,,,,,,,,,,,61483011,15450736,16777216
49,55,SDC,SDC_NOTFLAGGED,,,,HeCBench/results/llvm17_inject/jacobi/pointer/site49_bit55.out,,,,,,,,,,,,,,61483011,15450736,16777216
49,56,SDC,SDC_NOTFLAGGED,,,,HeCBench/results/llvm17_inject/jacobi/pointer/site49_bit56.out,,,,,,,,,,,,,,61483011,15450736,16777216
49,57,SDC,SDC_NOTFLAGGED,,,,HeCBench/results/llvm17_inject/jacobi/pointer/site49_bit57.out,,,,,,,,,,,,,,61483011,15450736,16777216
49,58,SDC,SDC_NOTFLAGGED,,,,HeCBench/results/llvm17_inject/jacobi/pointer/site49_bit58.out,,,,,,,,,,,,,,61483011,15450736,16777216
49,59,SDC,SDC_NOTFLAGGED,,,,HeCBench/results/llvm17_inject/jacobi/pointer/site49_bit59.out,,,,,,,,,,,,,,61483011,15450736,16777216
49,60,SDC,SDC_NOTFLAGGED,,,,HeCBench/results/llvm17_inject/jacobi/pointer/site49_bit60.out,,,,,,,,,,,,,,61483011,15450736,16777216
49,61,SDC,SDC_NOTFLAGGED,,,,HeCBench/results/llvm17_inject/jacobi/pointer/site49_bit61.out,,,,,,,,,,,,,,61483011,15450736,16777216
49,62,MASKED,MASKED_UNFLAGGED,,,,HeCBench/results/llvm17_inject/jacobi/pointer/site49_bit62.out,,,,,,,,,,,,,,,,
49,63,MASKED,MASKED_UNFLAGGED,,,,HeCBench/results/llvm17_inject/jacobi/pointer/site49_bit63.out,,,,,,,,,,,,,,,,
52,0,SDC,SDC_NOTFLAGGED,0,,,HeCBench/results/llvm17_inject/jacobi/pointer/site52_bit0.out,,,,,,,,,,,,,,61483011,15450736,16777216
52,1,SDC,SDC_NOTFLAGGED,0,,,HeCBench/results/llvm17_inject/jacobi/pointer/site52_bit1.out,,,,,,,,,,,,,,61483011,15450736,16777216
52,2,FAILURE,FAILURE_NONHANG,255,kernel_reported_fail,,HeCBench/results/llvm17_inject/jacobi/pointer/site52_bit2.out,,,,,,,,,,,,,,,,
52,3,FAILURE,FAILURE_NONHANG,255,kernel_reported_fail,,HeCBench/results/llvm17_inject/jacobi/pointer/site52_bit3.out,,,,,,,,,,,,,,,,
52,4,FAILURE,FAILURE_NONHANG,255,kernel_reported_fail,,HeCBench/results/llvm17_inject/jacobi/pointer/site52_bit4.out,,,,,,,,,,,,,,,,
52,5,SDC,SDC_NOTFLAGGED,,,,HeCBench/results/llvm17_inject/jacobi/pointer/site52_bit5.out,,,,,,,,,,,,,,61483011,15450736,16777216
52,6,SDC,SDC_NOTFLAGGED,,,,HeCBench/results/llvm17_inject/jacobi/pointer/site52_bit6.out,,,,,,,,,,,,,,61483011,15450736,16777216
52,7,SDC,SDC_NOTFLAGGED,,,,HeCBench/results/llvm17_inject/jacobi/pointer/site52_bit7.out,,,,,,,,,,,,,,61483011,15450736,16777216
52,8,SDC,SDC_NOTFLAGGED,,,,HeCBench/results/llvm17_inject/jacobi/pointer/site52_bit8.out,,,,,,,,,,,,,,61483011,15450736,16777216
52,9,SDC,SDC_NOTFLAGGED,,,,HeCBench/results/llvm17_inject/jacobi/pointer/site52_bit9.out,,,,,,,,,,,,,,61483011,15450736,16777216
52,10,SDC,SDC_NOTFLAGGED,,,,HeCBench/results/llvm17_inject/jacobi/pointer/site52_bit10.out,,,,,,,,,,,,,,61483011,15450736,16777216
52,11,SDC,SDC_NOTFLAGGED,,,,HeCBench/results/llvm17_inject/jacobi/pointer/site52_bit11.out,,,,,,,,,,,,,,61483011,15450736,16777216
52,12,SDC,SDC_NOTFLAGGED,,,,HeCBench/results/llvm17_inject/jacobi/pointer/site52_bit12.out,,,,,,,,,,,,,,61483011,15450736,16777216
52,13,SDC,SDC_NOTFLAGGED,,,,HeCBench/results/llvm17_inject/jacobi/pointer/site52_bit13.out,,,,,,,,,,,,,,61483011,15450736,16777216
52,14,SDC,SDC_NOTFLAGGED,,,,HeCBench/results/llvm17_inject/jacobi/pointer/site52_bit14.out,,,,,,,,,,,,,,61483011,15450736,16777216
52,15,SDC,SDC_NOTFLAGGED,,,,HeCBench/results/llvm17_inject/jacobi/pointer/site52_bit15.out,,,,,,,,,,,,,,61483011,15450736,16777216
52,16,SDC,SDC_NOTFLAGGED,,,,HeCBench/results/llvm17_inject/jacobi/pointer/site52_bit16.out,,,,,,,,,,,,,,61483011,15450736,16777216
52,17,SDC,SDC_NOTFLAGGED,,,,HeCBench/results/llvm17_inject/jacobi/pointer/site52_bit17.out,,,,,,,,,,,,,,61483011,15450736,16777216
52,18,SDC,SDC_NOTFLAGGED,,,,HeCBench/results/llvm17_inject/jacobi/pointer/site52_bit18.out,,,,,,,,,,,,,,61483011,15450736,16777216
52,19,SDC,SDC_NOTFLAGGED,,,,HeCBench/results/llvm17_inject/jacobi/pointer/site52_bit19.out,,,,,,,,,,,,,,61483011,15450736,16777216
52,20,SDC,SDC_NOTFLAGGED,,,,HeCBench/results/llvm17_inject/jacobi/pointer/site52_bit20.out,,,,,,,,,,,,,,61483011,15450736,16777216
52,21,SDC,SDC_NOTFLAGGED,,,,HeCBench/results/llvm17_inject/jacobi/pointer/site52_bit21.out,,,,,,,,,,,,,,61483011,15450736,16777216
52,22,SDC,SDC_NOTFLAGGED,,,,HeCBench/results/llvm17_inject/jacobi/pointer/site52_bit22.out,,,,,,,,,,,,,,61483011,15450736,16777216
52,23,SDC,SDC_NOTFLAGGED,,,,HeCBench/results/llvm17_inject/jacobi/pointer/site52_bit23.out,,,,,,,,,,,,,,61483011,15450736,16777216
52,24,SDC,SDC_NOTFLAGGED,,,,HeCBench/results/llvm17_inject/jacobi/pointer/site52_bit24.out,,,,,,,,,,,,,,61483011,15450736,16777216
52,25,SDC,SDC_NOTFLAGGED,,,,HeCBench/results/llvm17_inject/jacobi/pointer/site52_bit25.out,,,,,,,,,,,,,,61483011,15450736,16777216
52,26,SDC,SDC_NOTFLAGGED,,,,HeCBench/results/llvm17_inject/jacobi/pointer/site52_bit26.out,,,,,,,,,,,,,,61483011,15450736,16777216
52,27,SDC,SDC_NOTFLAGGED,,,,HeCBench/results/llvm17_inject/jacobi/pointer/site52_bit27.out,,,,,,,,,,,,,,61483011,15450736,16777216
52,28,SDC,SDC_NOTFLAGGED,,,,HeCBench/results/llvm17_inject/jacobi/pointer/site52_bit28.out,,,,,,,,,,,,,,61483011,15450736,16777216
52,29,SDC,SDC_NOTFLAGGED,,,,HeCBench/results/llvm17_inject/jacobi/pointer/site52_bit29.out,,,,,,,,,,,,,,61483011,15450736,16777216
52,30,SDC,SDC_NOTFLAGGED,,,,HeCBench/results/llvm17_inject/jacobi/pointer/site52_bit30.out,,,,,,,,,,,,,,61483011,15450736,16777216
52,31,SDC,SDC_NOTFLAGGED,,,,HeCBench/results/llvm17_inject/jacobi/pointer/site52_bit31.out,,,,,,,,,,,,,,61483011,15450736,16777216
52,32,SDC,SDC_NOTFLAGGED,,,,HeCBench/results/llvm17_inject/jacobi/pointer/site52_bit32.out,,,,,,,,,,,,,,61483011,15450736,16777216
52,33,SDC,SDC_NOTFLAGGED,,,,HeCBench/results/llvm17_inject/jacobi/pointer/site52_bit33.out,,,,,,,,,,,,,,61483011,15450736,16777216
52,34,SDC,SDC_NOTFLAGGED,,,,HeCBench/results/llvm17_inject/jacobi/pointer/site52_bit34.out,,,,,,,,,,,,,,61483011,15450736,16777216
52,35,SDC,SDC_NOTFLAGGED,,,,HeCBench/results/llvm17_inject/jacobi/pointer/site52_bit35.out,,,,,,,,,,,,,,61483011,15450736,16777216
52,36,SDC,SDC_NOTFLAGGED,,,,HeCBench/results/llvm17_inject/jacobi/pointer/site52_bit36.out,,,,,,,,,,,,,,61483011,15450736,16777216
52,37,SDC,SDC_NOTFLAGGED,,,,HeCBench/results/llvm17_inject/jacobi/pointer/site52_bit37.out,,,,,,,,,,,,,,61483011,15450736,16777216
52,38,SDC,SDC_NOTFLAGGED,,,,HeCBench/results/llvm17_inject/jacobi/pointer/site52_bit38.out,,,,,,,,,,,,,,61483011,15450736,16777216
52,39,SDC,SDC_NOTFLAGGED,,,,HeCBench/results/llvm17_inject/jacobi/pointer/site52_bit39.out,,,,,,,,,,,,,,61483011,15450736,16777216
52,40,SDC,SDC_NOTFLAGGED,,,,HeCBench/results/llvm17_inject/jacobi/pointer/site52_bit40.out,,,,,,,,,,,,,,61483011,15450736,16777216
52,41,SDC,SDC_NOTFLAGGED,,,,HeCBench/results/llvm17_inject/jacobi/pointer/site52_bit41.out,,,,,,,,,,,,,,61483011,15450736,16777216
52,42,SDC,SDC_NOTFLAGGED,,,,HeCBench/results/llvm17_inject/jacobi/pointer/site52_bit42.out,,,,,,,,,,,,,,61483011,15450736,16777216
52,43,SDC,SDC_NOTFLAGGED,,,,HeCBench/results/llvm17_inject/jacobi/pointer/site52_bit43.out,,,,,,,,,,,,,,61483011,15450736,16777216
52,44,SDC,SDC_NOTFLAGGED,,,,HeCBench/results/llvm17_inject/jacobi/pointer/site52_bit44.out,,,,,,,,,,,,,,61483011,15450736,16777216
52,45,SDC,SDC_NOTFLAGGED,,,,HeCBench/results/llvm17_inject/jacobi/pointer/site52_bit45.out,,,,,,,,,,,,,,61483011,15450736,16777216
52,46,SDC,SDC_NOTFLAGGED,,,,HeCBench/results/llvm17_inject/jacobi/pointer/site52_bit46.out,,,,,,,,,,,,,,61483011,15450736,16777216
52,47,SDC,SDC_NOTFLAGGED,,,,HeCBench/results/llvm17_inject/jacobi/pointer/site52_bit47.out,,,,,,,,,,,,,,61483011,15450736,16777216
52,48,SDC,SDC_NOTFLAGGED,,,,HeCBench/results/llvm17_inject/jacobi/pointer/site52_bit48.out,,,,,,,,,,,,,,61483011,15450736,16777216
52,49,SDC,SDC_NOTFLAGGED,,,,HeCBench/results/llvm17_inject/jacobi/pointer/site52_bit49.out,,,,,,,,,,,,,,61483011,15450736,16777216
52,50,SDC,SDC_NOTFLAGGED,,,,HeCBench/results/llvm17_inject/jacobi/pointer/site52_bit50.out,,,,,,,,,,,,,,61483011,15450736,16777216
52,51,SDC,SDC_NOTFLAGGED,,,,HeCBench/results/llvm17_inject/jacobi/pointer/site52_bit51.out,,,,,,,,,,,,,,61483011,15450736,16777216
52,52,SDC,SDC_NOTFLAGGED,,,,HeCBench/results/llvm17_inject/jacobi/pointer/site52_bit52.out,,,,,,,,,,,,,,61483011,15450736,16777216
52,53,SDC,SDC_NOTFLAGGED,,,,HeCBench/results/llvm17_inject/jacobi/pointer/site52_bit53.out,,,,,,,,,,,,,,61483011,15450736,16777216
52,54,SDC,SDC_NOTFLAGGED,,,,HeCBench/results/llvm17_inject/jacobi/pointer/site52_bit54.out,,,,,,,,,,,,,,61483011,15450736,16777216
52,55,SDC,SDC_NOTFLAGGED,,,,HeCBench/results/llvm17_inject/jacobi/pointer/site52_bit55.out,,,,,,,,,,,,,,61483011,15450736,16777216
52,56,SDC,SDC_NOTFLAGGED,,,,HeCBench/results/llvm17_inject/jacobi/pointer/site52_bit56.out,,,,,,,,,,,,,,61483011,15450736,16777216
52,57,SDC,SDC_NOTFLAGGED,,,,HeCBench/results/llvm17_inject/jacobi/pointer/site52_bit57.out,,,,,,,,,,,,,,61483011,15450736,16777216
52,58,SDC,SDC_NOTFLAGGED,,,,HeCBench/results/llvm17_inject/jacobi/pointer/site52_bit58.out,,,,,,,,,,,,,,61483011,15450736,16777216
52,59,SDC,SDC_NOTFLAGGED,,,,HeCBench/results/llvm17_inject/jacobi/pointer/site52_bit59.out,,,,,,,,,,,,,,61483011,15450736,16777216
52,60,SDC,SDC_NOTFLAGGED,,,,HeCBench/results/llvm17_inject/jacobi/pointer/site52_bit60.out,,,,,,,,,,,,,,61483011,15450736,16777216
52,61,SDC,SDC_NOTFLAGGED,,,,HeCBench/results/llvm17_inject/jacobi/pointer/site52_bit61.out,,,,,,,,,,,,,,61483011,15450736,16777216
52,62,SDC,SDC_NOTFLAGGED,,,,HeCBench/results/llvm17_inject/jacobi/pointer/site52_bit62.out,,,,,,,,,,,,,,61483011,15450736,16777216
52,63,SDC,SDC_NOTFLAGGED,,,,HeCBench/results/llvm17_inject/jacobi/pointer/site52_bit63.out,,,,,,,,,,,,,,61483011,15450736,16777216
53,0,SDC,SDC_NOTFLAGGED,0,,,HeCBench/results/llvm17_inject/jacobi/pointer/site53_bit0.out,,,,,,,,,,,,,,61483011,15450736,16777216
53,1,SDC,SDC_NOTFLAGGED,0,,,HeCBench/results/llvm17_inject/jacobi/pointer/site53_bit1.out,,,,,,,,,,,,,,61483011,15450736,16777216
53,2,FAILURE,FAILURE_NONHANG,255,kernel_reported_fail,,HeCBench/results/llvm17_inject/jacobi/pointer/site53_bit2.out,,,,,,,,,,,,,,,,
53,3,FAILURE,FAILURE_NONHANG,255,kernel_reported_fail,,HeCBench/results/llvm17_inject/jacobi/pointer/site53_bit3.out,,,,,,,,,,,,,,,,
53,4,FAILURE,FAILURE_NONHANG,255,kernel_reported_fail,,HeCBench/results/llvm17_inject/jacobi/pointer/site53_bit4.out,,,,,,,,,,,,,,,,
53,5,SDC,SDC_NOTFLAGGED,,,,HeCBench/results/llvm17_inject/jacobi/pointer/site53_bit5.out,,,,,,,,,,,,,,61483011,15450736,16777216
53,6,SDC,SDC_NOTFLAGGED,,,,HeCBench/results/llvm17_inject/jacobi/pointer/site53_bit6.out,,,,,,,,,,,,,,61483011,15450736,16777216
53,7,SDC,SDC_NOTFLAGGED,,,,HeCBench/results/llvm17_inject/jacobi/pointer/site53_bit7.out,,,,,,,,,,,,,,61483011,15450736,16777216
53,8,SDC,SDC_NOTFLAGGED,,,,HeCBench/results/llvm17_inject/jacobi/pointer/site53_bit8.out,,,,,,,,,,,,,,61483011,15450736,16777216
53,9,SDC,SDC_NOTFLAGGED,,,,HeCBench/results/llvm17_inject/jacobi/pointer/site53_bit9.out,,,,,,,,,,,,,,61483011,15450736,16777216
53,10,SDC,SDC_NOTFLAGGED,,,,HeCBench/results/llvm17_inject/jacobi/pointer/site53_bit10.out,,,,,,,,,,,,,,61483011,15450736,16777216
53,11,SDC,SDC_NOTFLAGGED,,,,HeCBench/results/llvm17_inject/jacobi/pointer/site53_bit11.out,,,,,,,,,,,,,,61483011,15450736,16777216
53,12,SDC,SDC_NOTFLAGGED,,,,HeCBench/results/llvm17_inject/jacobi/pointer/site53_bit12.out,,,,,,,,,,,,,,61483011,15450736,16777216
53,13,SDC,SDC_NOTFLAGGED,,,,HeCBench/results/llvm17_inject/jacobi/pointer/site53_bit13.out,,,,,,,,,,,,,,61483011,15450736,16777216
53,14,SDC,SDC_NOTFLAGGED,,,,HeCBench/results/llvm17_inject/jacobi/pointer/site53_bit14.out,,,,,,,,,,,,,,61483011,15450736,16777216
53,15,SDC,SDC_NOTFLAGGED,,,,HeCBench/results/llvm17_inject/jacobi/pointer/site53_bit15.out,,,,,,,,,,,,,,61483011,15450736,16777216
53,16,SDC,SDC_NOTFLAGGED,,,,HeCBench/results/llvm17_inject/jacobi/pointer/site53_bit16.out,,,,,,,,,,,,,,61483011,15450736,16777216
53,17,SDC,SDC_NOTFLAGGED,,,,HeCBench/results/llvm17_inject/jacobi/pointer/site53_bit17.out,,,,,,,,,,,,,,61483011,15450736,16777216
53,18,SDC,SDC_NOTFLAGGED,,,,HeCBench/results/llvm17_inject/jacobi/pointer/site53_bit18.out,,,,,,,,,,,,,,61483011,15450736,16777216
53,19,SDC,SDC_NOTFLAGGED,,,,HeCBench/results/llvm17_inject/jacobi/pointer/site53_bit19.out,,,,,,,,,,,,,,61483011,15450736,16777216
53,20,SDC,SDC_NOTFLAGGED,,,,HeCBench/results/llvm17_inject/jacobi/pointer/site53_bit20.out,,,,,,,,,,,,,,61483011,15450736,16777216
53,21,SDC,SDC_NOTFLAGGED,,,,HeCBench/results/llvm17_inject/jacobi/pointer/site53_bit21.out,,,,,,,,,,,,,,61483011,15450736,16777216
53,22,SDC,SDC_NOTFLAGGED,,,,HeCBench/results/llvm17_inject/jacobi/pointer/site53_bit22.out,,,,,,,,,,,,,,61483011,15450736,16777216
53,23,SDC,SDC_NOTFLAGGED,,,,HeCBench/results/llvm17_inject/jacobi/pointer/site53_bit23.out,,,,,,,,,,,,,,61483011,15450736,16777216
53,24,SDC,SDC_NOTFLAGGED,,,,HeCBench/results/llvm17_inject/jacobi/pointer/site53_bit24.out,,,,,,,,,,,,,,61483011,15450736,16777216
53,25,SDC,SDC_NOTFLAGGED,,,,HeCBench/results/llvm17_inject/jacobi/pointer/site53_bit25.out,,,,,,,,,,,,,,61483011,15450736,16777216
53,26,SDC,SDC_NOTFLAGGED,,,,HeCBench/results/llvm17_inject/jacobi/pointer/site53_bit26.out,,,,,,,,,,,,,,61483011,15450736,16777216
53,27,SDC,SDC_NOTFLAGGED,,,,HeCBench/results/llvm17_inject/jacobi/pointer/site53_bit27.out,,,,,,,,,,,,,,61483011,15450736,16777216
53,28,SDC,SDC_NOTFLAGGED,,,,HeCBench/results/llvm17_inject/jacobi/pointer/site53_bit28.out,,,,,,,,,,,,,,61483011,15450736,16777216
53,29,SDC,SDC_NOTFLAGGED,,,,HeCBench/results/llvm17_inject/jacobi/pointer/site53_bit29.out,,,,,,,,,,,,,,61483011,15450736,16777216
53,30,SDC,SDC_NOTFLAGGED,,,,HeCBench/results/llvm17_inject/jacobi/pointer/site53_bit30.out,,,,,,,,,,,,,,61483011,15450736,16777216
53,31,SDC,SDC_NOTFLAGGED,,,,HeCBench/results/llvm17_inject/jacobi/pointer/site53_bit31.out,,,,,,,,,,,,,,61483011,15450736,16777216
53,32,SDC,SDC_NOTFLAGGED,,,,HeCBench/results/llvm17_inject/jacobi/pointer/site53_bit32.out,,,,,,,,,,,,,,61483011,15450736,16777216
53,33,SDC,SDC_NOTFLAGGED,,,,HeCBench/results/llvm17_inject/jacobi/pointer/site53_bit33.out,,,,,,,,,,,,,,61483011,15450736,16777216
53,34,SDC,SDC_NOTFLAGGED,,,,HeCBench/results/llvm17_inject/jacobi/pointer/site53_bit34.out,,,,,,,,,,,,,,61483011,15450736,16777216
53,35,SDC,SDC_NOTFLAGGED,,,,HeCBench/results/llvm17_inject/jacobi/pointer/site53_bit35.out,,,,,,,,,,,,,,61483011,15450736,16777216
53,36,SDC,SDC_NOTFLAGGED,,,,HeCBench/results/llvm17_inject/jacobi/pointer/site53_bit36.out,,,,,,,,,,,,,,61483011,15450736,16777216
53,37,SDC,SDC_NOTFLAGGED,,,,HeCBench/results/llvm17_inject/jacobi/pointer/site53_bit37.out,,,,,,,,,,,,,,61483011,15450736,16777216
53,38,SDC,SDC_NOTFLAGGED,,,,HeCBench/results/llvm17_inject/jacobi/pointer/site53_bit38.out,,,,,,,,,,,,,,61483011,15450736,16777216
53,39,SDC,SDC_NOTFLAGGED,,,,HeCBench/results/llvm17_inject/jacobi/pointer/site53_bit39.out,,,,,,,,,,,,,,61483011,15450736,16777216
53,40,SDC,SDC_NOTFLAGGED,,,,HeCBench/results/llvm17_inject/jacobi/pointer/site53_bit40.out,,,,,,,,,,,,,,61483011,15450736,16777216
53,41,SDC,SDC_NOTFLAGGED,,,,HeCBench/results/llvm17_inject/jacobi/pointer/site53_bit41.out,,,,,,,,,,,,,,61483011,15450736,16777216
53,42,SDC,SDC_NOTFLAGGED,,,,HeCBench/results/llvm17_inject/jacobi/pointer/site53_bit42.out,,,,,,,,,,,,,,61483011,15450736,16777216
53,43,SDC,SDC_NOTFLAGGED,,,,HeCBench/results/llvm17_inject/jacobi/pointer/site53_bit43.out,,,,,,,,,,,,,,61483011,15450736,16777216
53,44,SDC,SDC_NOTFLAGGED,,,,HeCBench/results/llvm17_inject/jacobi/pointer/site53_bit44.out,,,,,,,,,,,,,,61483011,15450736,16777216
53,45,SDC,SDC_NOTFLAGGED,,,,HeCBench/results/llvm17_inject/jacobi/pointer/site53_bit45.out,,,,,,,,,,,,,,61483011,15450736,16777216
53,46,SDC,SDC_NOTFLAGGED,,,,HeCBench/results/llvm17_inject/jacobi/pointer/site53_bit46.out,,,,,,,,,,,,,,61483011,15450736,16777216
53,47,SDC,SDC_NOTFLAGGED,,,,HeCBench/results/llvm17_inject/jacobi/pointer/site53_bit47.out,,,,,,,,,,,,,,61483011,15450736,16777216
53,48,SDC,SDC_NOTFLAGGED,,,,HeCBench/results/llvm17_inject/jacobi/pointer/site53_bit48.out,,,,,,,,,,,,,,61483011,15450736,16777216
53,49,SDC,SDC_NOTFLAGGED,,,,HeCBench/results/llvm17_inject/jacobi/pointer/site53_bit49.out,,,,,,,,,,,,,,61483011,15450736,16777216
53,50,SDC,SDC_NOTFLAGGED,,,,HeCBench/results/llvm17_inject/jacobi/pointer/site53_bit50.out,,,,,,,,,,,,,,61483011,15450736,16777216
53,51,SDC,SDC_NOTFLAGGED,,,,HeCBench/results/llvm17_inject/jacobi/pointer/site53_bit51.out,,,,,,,,,,,,,,61483011,15450736,16777216
53,52,SDC,SDC_NOTFLAGGED,,,,HeCBench/results/llvm17_inject/jacobi/pointer/site53_bit52.out,,,,,,,,,,,,,,61483011,15450736,16777216
53,53,SDC,SDC_NOTFLAGGED,,,,HeCBench/results/llvm17_inject/jacobi/pointer/site53_bit53.out,,,,,,,,,,,,,,61483011,15450736,16777216
53,54,SDC,SDC_NOTFLAGGED,,,,HeCBench/results/llvm17_inject/jacobi/pointer/site53_bit54.out,,,,,,,,,,,,,,61483011,15450736,16777216
53,55,SDC,SDC_NOTFLAGGED,,,,HeCBench/results/llvm17_inject/jacobi/pointer/site53_bit55.out,,,,,,,,,,,,,,61483011,15450736,16777216
53,56,SDC,SDC_NOTFLAGGED,,,,HeCBench/results/llvm17_inject/jacobi/pointer/site53_bit56.out,,,,,,,,,,,,,,61483011,15450736,16777216
53,57,SDC,SDC_NOTFLAGGED,,,,HeCBench/results/llvm17_inject/jacobi/pointer/site53_bit57.out,,,,,,,,,,,,,,61483011,15450736,16777216
53,58,SDC,SDC_NOTFLAGGED,,,,HeCBench/results/llvm17_inject/jacobi/pointer/site53_bit58.out,,,,,,,,,,,,,,61483011,15450736,16777216
53,59,SDC,SDC_NOTFLAGGED,,,,HeCBench/results/llvm17_inject/jacobi/pointer/site53_bit59.out,,,,,,,,,,,,,,61483011,15450736,16777216
53,60,SDC,SDC_NOTFLAGGED,,,,HeCBench/results/llvm17_inject/jacobi/pointer/site53_bit60.out,,,,,,,,,,,,,,61483011,15450736,16777216
53,61,MASKED,MASKED_UNFLAGGED,,,,HeCBench/results/llvm17_inject/jacobi/pointer/site53_bit61.out,,,,,,,,,,,,,,,,
53,62,MASKED,MASKED_UNFLAGGED,,,,HeCBench/results/llvm17_inject/jacobi/pointer/site53_bit62.out,,,,,,,,,,,,,,,,
53,63,MASKED,MASKED_UNFLAGGED,,,,HeCBench/results/llvm17_inject/jacobi/pointer/site53_bit63.out,,,,,,,,,,,,,,,,
54,0,SDC,SDC_NOTFLAGGED,0,,,HeCBench/results/llvm17_inject/jacobi/pointer/site54_bit0.out,,,,,,,,,,,,,,61483011,15450736,16777216
54,1,SDC,SDC_NOTFLAGGED,0,,,HeCBench/results/llvm17_inject/jacobi/pointer/site54_bit1.out,,,,,,,,,,,,,,61483011,15450736,16777216
54,2,FAILURE,FAILURE_NONHANG,255,kernel_reported_fail,,HeCBench/results/llvm17_inject/jacobi/pointer/site54_bit2.out,,,,,,,,,,,,,,,,
54,3,FAILURE,FAILURE_NONHANG,255,kernel_reported_fail,,HeCBench/results/llvm17_inject/jacobi/pointer/site54_bit3.out,,,,,,,,,,,,,,,,
54,4,FAILURE,FAILURE_NONHANG,255,kernel_reported_fail,,HeCBench/results/llvm17_inject/jacobi/pointer/site54_bit4.out,,,,,,,,,,,,,,,,
54,5,FAILURE,FAILURE_NONHANG,255,kernel_reported_fail,,HeCBench/results/llvm17_inject/jacobi/pointer/site54_bit5.out,,,,,,,,,,,,,,,,
54,6,FAILURE,FAILURE_NONHANG,255,kernel_reported_fail,,HeCBench/results/llvm17_inject/jacobi/pointer/site54_bit6.out,,,,,,,,,,,,,,,,
54,7,FAILURE,FAILURE_NONHANG,255,kernel_reported_fail,,HeCBench/results/llvm17_inject/jacobi/pointer/site54_bit7.out,,,,,,,,,,,,,,,,
54,8,FAILURE,FAILURE_NONHANG,255,kernel_reported_fail,,HeCBench/results/llvm17_inject/jacobi/pointer/site54_bit8.out,,,,,,,,,,,,,,,,
54,9,SDC,SDC_NOTFLAGGED,,,,HeCBench/results/llvm17_inject/jacobi/pointer/site54_bit9.out,,,,,,,,,,,,,,61483011,15450736,16777216
54,10,SDC,SDC_NOTFLAGGED,,,,HeCBench/results/llvm17_inject/jacobi/pointer/site54_bit10.out,,,,,,,,,,,,,,61483011,15450736,16777216
54,11,SDC,SDC_NOTFLAGGED,,,,HeCBench/results/llvm17_inject/jacobi/pointer/site54_bit11.out,,,,,,,,,,,,,,61483011,15450736,16777216
54,12,SDC,SDC_NOTFLAGGED,,,,HeCBench/results/llvm17_inject/jacobi/pointer/site54_bit12.out,,,,,,,,,,,,,,61483011,15450736,16777216
54,13,SDC,SDC_NOTFLAGGED,,,,HeCBench/results/llvm17_inject/jacobi/pointer/site54_bit13.out,,,,,,,,,,,,,,61483011,15450736,16777216
54,14,SDC,SDC_NOTFLAGGED,,,,HeCBench/results/llvm17_inject/jacobi/pointer/site54_bit14.out,,,,,,,,,,,,,,61483011,15450736,16777216
54,15,SDC,SDC_NOTFLAGGED,,,,HeCBench/results/llvm17_inject/jacobi/pointer/site54_bit15.out,,,,,,,,,,,,,,61483011,15450736,16777216
54,16,SDC,SDC_NOTFLAGGED,,,,HeCBench/results/llvm17_inject/jacobi/pointer/site54_bit16.out,,,,,,,,,,,,,,61483011,15450736,16777216
54,17,SDC,SDC_NOTFLAGGED,,,,HeCBench/results/llvm17_inject/jacobi/pointer/site54_bit17.out,,,,,,,,,,,,,,61483011,15450736,16777216
54,18,SDC,SDC_NOTFLAGGED,,,,HeCBench/results/llvm17_inject/jacobi/pointer/site54_bit18.out,,,,,,,,,,,,,,61483011,15450736,16777216
54,19,SDC,SDC_NOTFLAGGED,,,,HeCBench/results/llvm17_inject/jacobi/pointer/site54_bit19.out,,,,,,,,,,,,,,61483011,15450736,16777216
54,20,SDC,SDC_NOTFLAGGED,,,,HeCBench/results/llvm17_inject/jacobi/pointer/site54_bit20.out,,,,,,,,,,,,,,61483011,15450736,16777216
54,21,SDC,SDC_NOTFLAGGED,,,,HeCBench/results/llvm17_inject/jacobi/pointer/site54_bit21.out,,,,,,,,,,,,,,61483011,15450736,16777216
54,22,SDC,SDC_NOTFLAGGED,,,,HeCBench/results/llvm17_inject/jacobi/pointer/site54_bit22.out,,,,,,,,,,,,,,61483011,15450736,16777216
54,23,SDC,SDC_NOTFLAGGED,,,,HeCBench/results/llvm17_inject/jacobi/pointer/site54_bit23.out,,,,,,,,,,,,,,61483011,15450736,16777216
54,24,SDC,SDC_NOTFLAGGED,,,,HeCBench/results/llvm17_inject/jacobi/pointer/site54_bit24.out,,,,,,,,,,,,,,61483011,15450736,16777216
54,25,SDC,SDC_NOTFLAGGED,,,,HeCBench/results/llvm17_inject/jacobi/pointer/site54_bit25.out,,,,,,,,,,,,,,61483011,15450736,16777216
54,26,SDC,SDC_NOTFLAGGED,,,,HeCBench/results/llvm17_inject/jacobi/pointer/site54_bit26.out,,,,,,,,,,,,,,61483011,15450736,16777216
54,27,SDC,SDC_NOTFLAGGED,,,,HeCBench/results/llvm17_inject/jacobi/pointer/site54_bit27.out,,,,,,,,,,,,,,61483011,15450736,16777216
54,28,SDC,SDC_NOTFLAGGED,,,,HeCBench/results/llvm17_inject/jacobi/pointer/site54_bit28.out,,,,,,,,,,,,,,61483011,15450736,16777216
54,29,SDC,SDC_NOTFLAGGED,,,,HeCBench/results/llvm17_inject/jacobi/pointer/site54_bit29.out,,,,,,,,,,,,,,61483011,15450736,16777216
54,30,SDC,SDC_NOTFLAGGED,,,,HeCBench/results/llvm17_inject/jacobi/pointer/site54_bit30.out,,,,,,,,,,,,,,61483011,15450736,16777216
54,31,SDC,SDC_NOTFLAGGED,,,,HeCBench/results/llvm17_inject/jacobi/pointer/site54_bit31.out,,,,,,,,,,,,,,61483011,15450736,16777216
54,32,SDC,SDC_NOTFLAGGED,,,,HeCBench/results/llvm17_inject/jacobi/pointer/site54_bit32.out,,,,,,,,,,,,,,61483011,15450736,16777216
54,33,SDC,SDC_NOTFLAGGED,,,,HeCBench/results/llvm17_inject/jacobi/pointer/site54_bit33.out,,,,,,,,,,,,,,61483011,15450736,16777216
54,34,SDC,SDC_NOTFLAGGED,,,,HeCBench/results/llvm17_inject/jacobi/pointer/site54_bit34.out,,,,,,,,,,,,,,61483011,15450736,16777216
54,35,SDC,SDC_NOTFLAGGED,,,,HeCBench/results/llvm17_inject/jacobi/pointer/site54_bit35.out,,,,,,,,,,,,,,61483011,15450736,16777216
54,36,SDC,SDC_NOTFLAGGED,,,,HeCBench/results/llvm17_inject/jacobi/pointer/site54_bit36.out,,,,,,,,,,,,,,61483011,15450736,16777216
54,37,SDC,SDC_NOTFLAGGED,,,,HeCBench/results/llvm17_inject/jacobi/pointer/site54_bit37.out,,,,,,,,,,,,,,61483011,15450736,16777216
54,38,SDC,SDC_NOTFLAGGED,,,,HeCBench/results/llvm17_inject/jacobi/pointer/site54_bit38.out,,,,,,,,,,,,,,61483011,15450736,16777216
54,39,SDC,SDC_NOTFLAGGED,,,,HeCBench/results/llvm17_inject/jacobi/pointer/site54_bit39.out,,,,,,,,,,,,,,61483011,15450736,16777216
54,40,SDC,SDC_NOTFLAGGED,,,,HeCBench/results/llvm17_inject/jacobi/pointer/site54_bit40.out,,,,,,,,,,,,,,61483011,15450736,16777216
54,41,SDC,SDC_NOTFLAGGED,,,,HeCBench/results/llvm17_inject/jacobi/pointer/site54_bit41.out,,,,,,,,,,,,,,61483011,15450736,16777216
54,42,SDC,SDC_NOTFLAGGED,,,,HeCBench/results/llvm17_inject/jacobi/pointer/site54_bit42.out,,,,,,,,,,,,,,61483011,15450736,16777216
54,43,SDC,SDC_NOTFLAGGED,,,,HeCBench/results/llvm17_inject/jacobi/pointer/site54_bit43.out,,,,,,,,,,,,,,61483011,15450736,16777216
54,44,SDC,SDC_NOTFLAGGED,,,,HeCBench/results/llvm17_inject/jacobi/pointer/site54_bit44.out,,,,,,,,,,,,,,61483011,15450736,16777216
54,45,SDC,SDC_NOTFLAGGED,,,,HeCBench/results/llvm17_inject/jacobi/pointer/site54_bit45.out,,,,,,,,,,,,,,61483011,15450736,16777216
54,46,SDC,SDC_NOTFLAGGED,,,,HeCBench/results/llvm17_inject/jacobi/pointer/site54_bit46.out,,,,,,,,,,,,,,61483011,15450736,16777216
54,47,SDC,SDC_NOTFLAGGED,,,,HeCBench/results/llvm17_inject/jacobi/pointer/site54_bit47.out,,,,,,,,,,,,,,61483011,15450736,16777216
54,48,SDC,SDC_NOTFLAGGED,,,,HeCBench/results/llvm17_inject/jacobi/pointer/site54_bit48.out,,,,,,,,,,,,,,61483011,15450736,16777216
54,49,SDC,SDC_NOTFLAGGED,,,,HeCBench/results/llvm17_inject/jacobi/pointer/site54_bit49.out,,,,,,,,,,,,,,61483011,15450736,16777216
54,50,SDC,SDC_NOTFLAGGED,,,,HeCBench/results/llvm17_inject/jacobi/pointer/site54_bit50.out,,,,,,,,,,,,,,61483011,15450736,16777216
54,51,SDC,SDC_NOTFLAGGED,,,,HeCBench/results/llvm17_inject/jacobi/pointer/site54_bit51.out,,,,,,,,,,,,,,61483011,15450736,16777216
54,52,SDC,SDC_NOTFLAGGED,,,,HeCBench/results/llvm17_inject/jacobi/pointer/site54_bit52.out,,,,,,,,,,,,,,61483011,15450736,16777216
54,53,SDC,SDC_NOTFLAGGED,,,,HeCBench/results/llvm17_inject/jacobi/pointer/site54_bit53.out,,,,,,,,,,,,,,61483011,15450736,16777216
54,54,SDC,SDC_NOTFLAGGED,,,,HeCBench/results/llvm17_inject/jacobi/pointer/site54_bit54.out,,,,,,,,,,,,,,61483011,15450736,16777216
54,55,SDC,SDC_NOTFLAGGED,,,,HeCBench/results/llvm17_inject/jacobi/pointer/site54_bit55.out,,,,,,,,,,,,,,61483011,15450736,16777216
54,56,SDC,SDC_NOTFLAGGED,,,,HeCBench/results/llvm17_inject/jacobi/pointer/site54_bit56.out,,,,,,,,,,,,,,61483011,15450736,16777216
54,57,SDC,SDC_NOTFLAGGED,,,,HeCBench/results/llvm17_inject/jacobi/pointer/site54_bit57.out,,,,,,,,,,,,,,61483011,15450736,16777216
54,58,SDC,SDC_NOTFLAGGED,,,,HeCBench/results/llvm17_inject/jacobi/pointer/site54_bit58.out,,,,,,,,,,,,,,61483011,15450736,16777216
54,59,SDC,SDC_NOTFLAGGED,,,,HeCBench/results/llvm17_inject/jacobi/pointer/site54_bit59.out,,,,,,,,,,,,,,61483011,15450736,16777216
54,60,SDC,SDC_NOTFLAGGED,,,,HeCBench/results/llvm17_inject/jacobi/pointer/site54_bit60.out,,,,,,,,,,,,,,61483011,15450736,16777216
54,61,SDC,SDC_NOTFLAGGED,,,,HeCBench/results/llvm17_inject/jacobi/pointer/site54_bit61.out,,,,,,,,,,,,,,61483011,15450736,16777216
54,62,SDC,SDC_NOTFLAGGED,,,,HeCBench/results/llvm17_inject/jacobi/pointer/site54_bit62.out,,,,,,,,,,,,,,61483011,15450736,16777216
54,63,SDC,SDC_NOTFLAGGED,,,,HeCBench/results/llvm17_inject/jacobi/pointer/site54_bit63.out,,,,,,,,,,,,,,61483011,15450736,16777216
57,0,SDC,SDC_NOTFLAGGED,0,,,HeCBench/results/llvm17_inject/jacobi/pointer/site57_bit0.out,,,,,,,,,,,,,,61483011,15450736,16777216
57,1,SDC,SDC_NOTFLAGGED,0,,,HeCBench/results/llvm17_inject/jacobi/pointer/site57_bit1.out,,,,,,,,,,,,,,61483011,15450736,16777216
57,2,FAILURE,FAILURE_NONHANG,255,kernel_reported_fail,,HeCBench/results/llvm17_inject/jacobi/pointer/site57_bit2.out,,,,,,,,,,,,,,,,
57,3,FAILURE,FAILURE_NONHANG,255,kernel_reported_fail,,HeCBench/results/llvm17_inject/jacobi/pointer/site57_bit3.out,,,,,,,,,,,,,,,,
57,4,FAILURE,FAILURE_NONHANG,255,kernel_reported_fail,,HeCBench/results/llvm17_inject/jacobi/pointer/site57_bit4.out,,,,,,,,,,,,,,,,
57,5,FAILURE,FAILURE_NONHANG,255,kernel_reported_fail,,HeCBench/results/llvm17_inject/jacobi/pointer/site57_bit5.out,,,,,,,,,,,,,,,,
57,6,FAILURE,FAILURE_NONHANG,255,kernel_reported_fail,,HeCBench/results/llvm17_inject/jacobi/pointer/site57_bit6.out,,,,,,,,,,,,,,,,
57,7,FAILURE,FAILURE_NONHANG,255,kernel_reported_fail,,HeCBench/results/llvm17_inject/jacobi/pointer/site57_bit7.out,,,,,,,,,,,,,,,,
57,8,FAILURE,FAILURE_NONHANG,255,kernel_reported_fail,,HeCBench/results/llvm17_inject/jacobi/pointer/site57_bit8.out,,,,,,,,,,,,,,,,
57,9,FAILURE,FAILURE_NONHANG,255,kernel_reported_fail,,HeCBench/results/llvm17_inject/jacobi/pointer/site57_bit9.out,,,,,,,,,,,,,,,,
57,10,FAILURE,FAILURE_NONHANG,255,kernel_reported_fail,,HeCBench/results/llvm17_inject/jacobi/pointer/site57_bit10.out,,,,,,,,,,,,,,,,
57,11,SDC,SDC_NOTFLAGGED,0,,,HeCBench/results/llvm17_inject/jacobi/pointer/site57_bit11.out,,,,,,,,,,,,,,61483011,15450736,16777216
57,12,SDC,SDC_NOTFLAGGED,0,,,HeCBench/results/llvm17_inject/jacobi/pointer/site57_bit12.out,,,,,,,,,,,,,,61483011,15450736,16777216
57,13,SDC,SDC_NOTFLAGGED,0,,,HeCBench/results/llvm17_inject/jacobi/pointer/site57_bit13.out,,,,,,,,,,,,,,61483011,15450736,16777216
57,14,SDC,SDC_NOTFLAGGED,0,,,HeCBench/results/llvm17_inject/jacobi/pointer/site57_bit14.out,,,,,,,,,,,,,,61483011,15450736,16777216
57,15,SDC,SDC_NOTFLAGGED,0,,,HeCBench/results/llvm17_inject/jacobi/pointer/site57_bit15.out,,,,,,,,,,,,,,61483011,15450736,16777216
57,16,SDC,SDC_NOTFLAGGED,0,,,HeCBench/results/llvm17_inject/jacobi/pointer/site57_bit16.out,,,,,,,,,,,,,,61483011,15450736,16777216
57,17,SDC,SDC_NOTFLAGGED,0,,,HeCBench/results/llvm17_inject/jacobi/pointer/site57_bit17.out,,,,,,,,,,,,,,61483011,15450736,16777216
57,18,SDC,SDC_NOTFLAGGED,0,,,HeCBench/results/llvm17_inject/jacobi/pointer/site57_bit18.out,,,,,,,,,,,,,,61483011,15450736,16777216
57,19,SDC,SDC_NOTFLAGGED,0,,,HeCBench/results/llvm17_inject/jacobi/pointer/site57_bit19.out,,,,,,,,,,,,,,61483011,15450736,16777216
57,20,SDC,SDC_NOTFLAGGED,0,,,HeCBench/results/llvm17_inject/jacobi/pointer/site57_bit20.out,,,,,,,,,,,,,,61483011,15450736,16777216
57,21,SDC,SDC_NOTFLAGGED,0,,,HeCBench/results/llvm17_inject/jacobi/pointer/site57_bit21.out,,,,,,,,,,,,,,61483011,15450736,16777216
57,22,SDC,SDC_NOTFLAGGED,0,,,HeCBench/results/llvm17_inject/jacobi/pointer/site57_bit22.out,,,,,,,,,,,,,,61483011,15450736,16777216
57,23,SDC,SDC_NOTFLAGGED,0,,,HeCBench/results/llvm17_inject/jacobi/pointer/site57_bit23.out,,,,,,,,,,,,,,61483011,15450736,16777216
57,24,SDC,SDC_NOTFLAGGED,0,,,HeCBench/results/llvm17_inject/jacobi/pointer/site57_bit24.out,,,,,,,,,,,,,,61483011,15450736,16777216
57,25,SDC,SDC_NOTFLAGGED,0,,,HeCBench/results/llvm17_inject/jacobi/pointer/site57_bit25.out,,,,,,,,,,,,,,61483011,15450736,16777216
57,26,SDC,SDC_NOTFLAGGED,0,,,HeCBench/results/llvm17_inject/jacobi/pointer/site57_bit26.out,,,,,,,,,,,,,,61483011,15450736,16777216
57,27,SDC,SDC_NOTFLAGGED,0,,,HeCBench/results/llvm17_inject/jacobi/pointer/site57_bit27.out,,,,,,,,,,,,,,61483011,15450736,16777216
57,28,SDC,SDC_NOTFLAGGED,0,,,HeCBench/results/llvm17_inject/jacobi/pointer/site57_bit28.out,,,,,,,,,,,,,,61050629,15450268,16777216
57,29,SDC,SDC_NOTFLAGGED,0,,,HeCBench/results/llvm17_inject/jacobi/pointer/site57_bit29.out,,,,,,,,,,,,,,61483011,15450736,16777216
57,30,SDC,SDC_NOTFLAGGED,0,,,HeCBench/results/llvm17_inject/jacobi/pointer/site57_bit30.out,,,,,,,,,,,,,,61483011,15450736,16777216
57,31,SDC,SDC_NOTFLAGGED,0,,,HeCBench/results/llvm17_inject/jacobi/pointer/site57_bit31.out,,,,,,,,,,,,,,61483011,15450736,16777216
57,32,SDC,SDC_NOTFLAGGED,0,,,HeCBench/results/llvm17_inject/jacobi/pointer/site57_bit32.out,,,,,,,,,,,,,,61483011,15450736,16777216
57,33,SDC,SDC_NOTFLAGGED,0,,,HeCBench/results/llvm17_inject/jacobi/pointer/site57_bit33.out,,,,,,,,,,,,,,61483011,15450736,16777216
57,34,SDC,SDC_NOTFLAGGED,0,,,HeCBench/results/llvm17_inject/jacobi/pointer/site57_bit34.out,,,,,,,,,,,,,,61483011,15450736,16777216
57,35,SDC,SDC_NOTFLAGGED,0,,,HeCBench/results/llvm17_inject/jacobi/pointer/site57_bit35.out,,,,,,,,,,,,,,61483011,15450736,16777216
57,36,SDC,SDC_NOTFLAGGED,0,,,HeCBench/results/llvm17_inject/jacobi/pointer/site57_bit36.out,,,,,,,,,,,,,,61483011,15450736,16777216
57,37,SDC,SDC_NOTFLAGGED,0,,,HeCBench/results/llvm17_inject/jacobi/pointer/site57_bit37.out,,,,,,,,,,,,,,61483011,15450736,16777216
57,38,SDC,SDC_NOTFLAGGED,0,,,HeCBench/results/llvm17_inject/jacobi/pointer/site57_bit38.out,,,,,,,,,,,,,,61483011,15450736,16777216
57,39,SDC,SDC_NOTFLAGGED,0,,,HeCBench/results/llvm17_inject/jacobi/pointer/site57_bit39.out,,,,,,,,,,,,,,61483011,15450736,16777216
57,40,SDC,SDC_NOTFLAGGED,0,,,HeCBench/results/llvm17_inject/jacobi/pointer/site57_bit40.out,,,,,,,,,,,,,,61483011,15450736,16777216
57,41,SDC,SDC_NOTFLAGGED,0,,,HeCBench/results/llvm17_inject/jacobi/pointer/site57_bit41.out,,,,,,,,,,,,,,61483011,15450736,16777216
57,42,SDC,SDC_NOTFLAGGED,0,,,HeCBench/results/llvm17_inject/jacobi/pointer/site57_bit42.out,,,,,,,,,,,,,,61483011,15450736,16777216
57,43,SDC,SDC_NOTFLAGGED,0,,,HeCBench/results/llvm17_inject/jacobi/pointer/site57_bit43.out,,,,,,,,,,,,,,61483011,15450736,16777216
57,44,SDC,SDC_NOTFLAGGED,0,,,HeCBench/results/llvm17_inject/jacobi/pointer/site57_bit44.out,,,,,,,,,,,,,,61483011,15450736,16777216
57,45,SDC,SDC_NOTFLAGGED,0,,,HeCBench/results/llvm17_inject/jacobi/pointer/site57_bit45.out,,,,,,,,,,,,,,61483011,15450736,16777216
57,46,SDC,SDC_NOTFLAGGED,0,,,HeCBench/results/llvm17_inject/jacobi/pointer/site57_bit46.out,,,,,,,,,,,,,,61483011,15450736,16777216
57,47,SDC,SDC_NOTFLAGGED,0,,,HeCBench/results/llvm17_inject/jacobi/pointer/site57_bit47.out,,,,,,,,,,,,,,61483011,15450736,16777216
57,48,SDC,SDC_NOTFLAGGED,0,,,HeCBench/results/llvm17_inject/jacobi/pointer/site57_bit48.out,,,,,,,,,,,,,,61483011,15450736,16777216
57,49,SDC,SDC_NOTFLAGGED,0,,,HeCBench/results/llvm17_inject/jacobi/pointer/site57_bit49.out,,,,,,,,,,,,,,61483011,15450736,16777216
57,50,SDC,SDC_NOTFLAGGED,0,,,HeCBench/results/llvm17_inject/jacobi/pointer/site57_bit50.out,,,,,,,,,,,,,,61483011,15450736,16777216
57,51,SDC,SDC_NOTFLAGGED,0,,,HeCBench/results/llvm17_inject/jacobi/pointer/site57_bit51.out,,,,,,,,,,,,,,61483011,15450736,16777216
57,52,SDC,SDC_NOTFLAGGED,0,,,HeCBench/results/llvm17_inject/jacobi/pointer/site57_bit52.out,,,,,,,,,,,,,,61483011,15450736,16777216
57,53,SDC,SDC_NOTFLAGGED,0,,,HeCBench/results/llvm17_inject/jacobi/pointer/site57_bit53.out,,,,,,,,,,,,,,61483011,15450736,16777216
57,54,SDC,SDC_NOTFLAGGED,0,,,HeCBench/results/llvm17_inject/jacobi/pointer/site57_bit54.out,,,,,,,,,,,,,,61483011,15450736,16777216
57,55,SDC,SDC_NOTFLAGGED,0,,,HeCBench/results/llvm17_inject/jacobi/pointer/site57_bit55.out,,,,,,,,,,,,,,61483011,15450736,16777216
57,56,SDC,SDC_NOTFLAGGED,0,,,HeCBench/results/llvm17_inject/jacobi/pointer/site57_bit56.out,,,,,,,,,,,,,,61483011,15450736,16777216
57,57,SDC,SDC_NOTFLAGGED,0,,,HeCBench/results/llvm17_inject/jacobi/pointer/site57_bit57.out,,,,,,,,,,,,,,61483011,15450736,16777216
57,58,SDC,SDC_NOTFLAGGED,0,,,HeCBench/results/llvm17_inject/jacobi/pointer/site57_bit58.out,,,,,,,,,,,,,,61483011,15450736,16777216
57,59,SDC,SDC_NOTFLAGGED,0,,,HeCBench/results/llvm17_inject/jacobi/pointer/site57_bit59.out,,,,,,,,,,,,,,61483011,15450736,16777216
57,60,SDC,SDC_NOTFLAGGED,0,,,HeCBench/results/llvm17_inject/jacobi/pointer/site57_bit60.out,,,,,,,,,,,,,,61483011,15450736,16777216
57,61,SDC,SDC_NOTFLAGGED,0,,,HeCBench/results/llvm17_inject/jacobi/pointer/site57_bit61.out,,,,,,,,,,,,,,61483011,15450736,16777216
57,62,SDC,SDC_NOTFLAGGED,0,,,HeCBench/results/llvm17_inject/jacobi/pointer/site57_bit62.out,,,,,,,,,,,,,,61483011,15450736,16777216
57,63,SDC,SDC_NOTFLAGGED,0,,,HeCBench/results/llvm17_inject/jacobi/pointer/site57_bit63.out,,,,,,,,,,,,,,61483011,15450736,16777216
58,0,SDC,SDC_NOTFLAGGED,0,,,HeCBench/results/llvm17_inject/jacobi/pointer/site58_bit0.out,,,,,,,,,,,,,,61483011,15450736,16777216
58,1,SDC,SDC_NOTFLAGGED,0,,,HeCBench/results/llvm17_inject/jacobi/pointer/site58_bit1.out,,,,,,,,,,,,,,61483011,15450736,16777216
58,2,FAILURE,FAILURE_NONHANG,255,kernel_reported_fail,,HeCBench/results/llvm17_inject/jacobi/pointer/site58_bit2.out,,,,,,,,,,,,,,,,
58,3,FAILURE,FAILURE_NONHANG,255,kernel_reported_fail,,HeCBench/results/llvm17_inject/jacobi/pointer/site58_bit3.out,,,,,,,,,,,,,,,,
58,4,FAILURE,FAILURE_NONHANG,255,kernel_reported_fail,,HeCBench/results/llvm17_inject/jacobi/pointer/site58_bit4.out,,,,,,,,,,,,,,,,
58,5,FAILURE,FAILURE_NONHANG,255,kernel_reported_fail,,HeCBench/results/llvm17_inject/jacobi/pointer/site58_bit5.out,,,,,,,,,,,,,,,,
58,6,FAILURE,FAILURE_NONHANG,255,kernel_reported_fail,,HeCBench/results/llvm17_inject/jacobi/pointer/site58_bit6.out,,,,,,,,,,,,,,,,
58,7,FAILURE,FAILURE_NONHANG,255,kernel_reported_fail,,HeCBench/results/llvm17_inject/jacobi/pointer/site58_bit7.out,,,,,,,,,,,,,,,,
58,8,FAILURE,FAILURE_NONHANG,255,kernel_reported_fail,,HeCBench/results/llvm17_inject/jacobi/pointer/site58_bit8.out,,,,,,,,,,,,,,,,
58,9,FAILURE,FAILURE_NONHANG,255,kernel_reported_fail,,HeCBench/results/llvm17_inject/jacobi/pointer/site58_bit9.out,,,,,,,,,,,,,,,,
58,10,FAILURE,FAILURE_NONHANG,255,kernel_reported_fail,,HeCBench/results/llvm17_inject/jacobi/pointer/site58_bit10.out,,,,,,,,,,,,,,,,
58,11,SDC,SDC_NOTFLAGGED,0,,,HeCBench/results/llvm17_inject/jacobi/pointer/site58_bit11.out,,,,,,,,,,,,,,61483011,15450736,16777216
58,12,SDC,SDC_NOTFLAGGED,0,,,HeCBench/results/llvm17_inject/jacobi/pointer/site58_bit12.out,,,,,,,,,,,,,,61483011,15450736,16777216
58,13,SDC,SDC_NOTFLAGGED,0,,,HeCBench/results/llvm17_inject/jacobi/pointer/site58_bit13.out,,,,,,,,,,,,,,61483011,15450736,16777216
58,14,SDC,SDC_NOTFLAGGED,0,,,HeCBench/results/llvm17_inject/jacobi/pointer/site58_bit14.out,,,,,,,,,,,,,,61483011,15450736,16777216
58,15,SDC,SDC_NOTFLAGGED,0,,,HeCBench/results/llvm17_inject/jacobi/pointer/site58_bit15.out,,,,,,,,,,,,,,61483011,15450736,16777216
58,16,SDC,SDC_NOTFLAGGED,0,,,HeCBench/results/llvm17_inject/jacobi/pointer/site58_bit16.out,,,,,,,,,,,,,,61483011,15450736,16777216
58,17,SDC,SDC_NOTFLAGGED,0,,,HeCBench/results/llvm17_inject/jacobi/pointer/site58_bit17.out,,,,,,,,,,,,,,61483011,15450736,16777216
58,18,SDC,SDC_NOTFLAGGED,0,,,HeCBench/results/llvm17_inject/jacobi/pointer/site58_bit18.out,,,,,,,,,,,,,,61483011,15450736,16777216
58,19,SDC,SDC_NOTFLAGGED,0,,,HeCBench/results/llvm17_inject/jacobi/pointer/site58_bit19.out,,,,,,,,,,,,,,61483011,15450736,16777216
58,20,SDC,SDC_NOTFLAGGED,0,,,HeCBench/results/llvm17_inject/jacobi/pointer/site58_bit20.out,,,,,,,,,,,,,,61483011,15450736,16777216
58,21,SDC,SDC_NOTFLAGGED,0,,,HeCBench/results/llvm17_inject/jacobi/pointer/site58_bit21.out,,,,,,,,,,,,,,61483011,15450736,16777216
58,22,SDC,SDC_NOTFLAGGED,0,,,HeCBench/results/llvm17_inject/jacobi/pointer/site58_bit22.out,,,,,,,,,,,,,,61483011,15450736,16777216
58,23,SDC,SDC_NOTFLAGGED,0,,,HeCBench/results/llvm17_inject/jacobi/pointer/site58_bit23.out,,,,,,,,,,,,,,61483011,15450736,16777216
58,24,SDC,SDC_NOTFLAGGED,0,,,HeCBench/results/llvm17_inject/jacobi/pointer/site58_bit24.out,,,,,,,,,,,,,,61483011,15450736,16777216
58,25,SDC,SDC_NOTFLAGGED,0,,,HeCBench/results/llvm17_inject/jacobi/pointer/site58_bit25.out,,,,,,,,,,,,,,61483011,15450736,16777216
58,26,SDC,SDC_NOTFLAGGED,0,,,HeCBench/results/llvm17_inject/jacobi/pointer/site58_bit26.out,,,,,,,,,,,,,,61483011,15450736,16777216
58,27,SDC,SDC_NOTFLAGGED,0,,,HeCBench/results/llvm17_inject/jacobi/pointer/site58_bit27.out,,,,,,,,,,,,,,61483011,15450736,16777216
58,28,SDC,SDC_NOTFLAGGED,0,,,HeCBench/results/llvm17_inject/jacobi/pointer/site58_bit28.out,,,,,,,,,,,,,,61050629,15450268,16777216
58,29,SDC,SDC_NOTFLAGGED,0,,,HeCBench/results/llvm17_inject/jacobi/pointer/site58_bit29.out,,,,,,,,,,,,,,61050629,15450268,16777216
58,30,SDC,SDC_NOTFLAGGED,0,,,HeCBench/results/llvm17_inject/jacobi/pointer/site58_bit30.out,,,,,,,,,,,,,,61483011,15450736,16777216
58,31,SDC,SDC_NOTFLAGGED,0,,,HeCBench/results/llvm17_inject/jacobi/pointer/site58_bit31.out,,,,,,,,,,,,,,61483011,15450736,16777216
58,32,SDC,SDC_NOTFLAGGED,0,,,HeCBench/results/llvm17_inject/jacobi/pointer/site58_bit32.out,,,,,,,,,,,,,,61483011,15450736,16777216
58,33,SDC,SDC_NOTFLAGGED,0,,,HeCBench/results/llvm17_inject/jacobi/pointer/site58_bit33.out,,,,,,,,,,,,,,61483011,15450736,16777216
58,34,SDC,SDC_NOTFLAGGED,0,,,HeCBench/results/llvm17_inject/jacobi/pointer/site58_bit34.out,,,,,,,,,,,,,,61483011,15450736,16777216
58,35,SDC,SDC_NOTFLAGGED,0,,,HeCBench/results/llvm17_inject/jacobi/pointer/site58_bit35.out,,,,,,,,,,,,,,61483011,15450736,16777216
58,36,SDC,SDC_NOTFLAGGED,0,,,HeCBench/results/llvm17_inject/jacobi/pointer/site58_bit36.out,,,,,,,,,,,,,,61483011,15450736,16777216
58,37,SDC,SDC_NOTFLAGGED,0,,,HeCBench/results/llvm17_inject/jacobi/pointer/site58_bit37.out,,,,,,,,,,,,,,61483011,15450736,16777216
58,38,SDC,SDC_NOTFLAGGED,0,,,HeCBench/results/llvm17_inject/jacobi/pointer/site58_bit38.out,,,,,,,,,,,,,,61483011,15450736,16777216
58,39,SDC,SDC_NOTFLAGGED,0,,,HeCBench/results/llvm17_inject/jacobi/pointer/site58_bit39.out,,,,,,,,,,,,,,61483011,15450736,16777216
58,40,SDC,SDC_NOTFLAGGED,0,,,HeCBench/results/llvm17_inject/jacobi/pointer/site58_bit40.out,,,,,,,,,,,,,,61483011,15450736,16777216
58,41,SDC,SDC_NOTFLAGGED,0,,,HeCBench/results/llvm17_inject/jacobi/pointer/site58_bit41.out,,,,,,,,,,,,,,61483011,15450736,16777216
58,42,SDC,SDC_NOTFLAGGED,0,,,HeCBench/results/llvm17_inject/jacobi/pointer/site58_bit42.out,,,,,,,,,,,,,,61483011,15450736,16777216
58,43,SDC,SDC_NOTFLAGGED,0,,,HeCBench/results/llvm17_inject/jacobi/pointer/site58_bit43.out,,,,,,,,,,,,,,61483011,15450736,16777216
58,44,SDC,SDC_NOTFLAGGED,0,,,HeCBench/results/llvm17_inject/jacobi/pointer/site58_bit44.out,,,,,,,,,,,,,,61483011,15450736,16777216
58,45,SDC,SDC_NOTFLAGGED,0,,,HeCBench/results/llvm17_inject/jacobi/pointer/site58_bit45.out,,,,,,,,,,,,,,61483011,15450736,16777216
58,46,SDC,SDC_NOTFLAGGED,0,,,HeCBench/results/llvm17_inject/jacobi/pointer/site58_bit46.out,,,,,,,,,,,,,,61483011,15450736,16777216
58,47,SDC,SDC_NOTFLAGGED,0,,,HeCBench/results/llvm17_inject/jacobi/pointer/site58_bit47.out,,,,,,,,,,,,,,61483011,15450736,16777216
58,48,SDC,SDC_NOTFLAGGED,0,,,HeCBench/results/llvm17_inject/jacobi/pointer/site58_bit48.out,,,,,,,,,,,,,,61483011,15450736,16777216
58,49,SDC,SDC_NOTFLAGGED,0,,,HeCBench/results/llvm17_inject/jacobi/pointer/site58_bit49.out,,,,,,,,,,,,,,61483011,15450736,16777216
58,50,SDC,SDC_NOTFLAGGED,0,,,HeCBench/results/llvm17_inject/jacobi/pointer/site58_bit50.out,,,,,,,,,,,,,,61483011,15450736,16777216
58,51,SDC,SDC_NOTFLAGGED,0,,,HeCBench/results/llvm17_inject/jacobi/pointer/site58_bit51.out,,,,,,,,,,,,,,61483011,15450736,16777216
58,52,SDC,SDC_NOTFLAGGED,0,,,HeCBench/results/llvm17_inject/jacobi/pointer/site58_bit52.out,,,,,,,,,,,,,,61483011,15450736,16777216
58,53,SDC,SDC_NOTFLAGGED,0,,,HeCBench/results/llvm17_inject/jacobi/pointer/site58_bit53.out,,,,,,,,,,,,,,61483011,15450736,16777216
58,54,SDC,SDC_NOTFLAGGED,0,,,HeCBench/results/llvm17_inject/jacobi/pointer/site58_bit54.out,,,,,,,,,,,,,,61483011,15450736,16777216
58,55,SDC,SDC_NOTFLAGGED,0,,,HeCBench/results/llvm17_inject/jacobi/pointer/site58_bit55.out,,,,,,,,,,,,,,61483011,15450736,16777216
58,56,SDC,SDC_NOTFLAGGED,0,,,HeCBench/results/llvm17_inject/jacobi/pointer/site58_bit56.out,,,,,,,,,,,,,,61483011,15450736,16777216
58,57,SDC,SDC_NOTFLAGGED,0,,,HeCBench/results/llvm17_inject/jacobi/pointer/site58_bit57.out,,,,,,,,,,,,,,61483011,15450736,16777216
58,58,SDC,SDC_NOTFLAGGED,0,,,HeCBench/results/llvm17_inject/jacobi/pointer/site58_bit58.out,,,,,,,,,,,,,,61483011,15450736,16777216
58,59,SDC,SDC_NOTFLAGGED,0,,,HeCBench/results/llvm17_inject/jacobi/pointer/site58_bit59.out,,,,,,,,,,,,,,61483011,15450736,16777216
58,60,SDC,SDC_NOTFLAGGED,0,,,HeCBench/results/llvm17_inject/jacobi/pointer/site58_bit60.out,,,,,,,,,,,,,,61483011,15450736,16777216
58,61,SDC,SDC_NOTFLAGGED,0,,,HeCBench/results/llvm17_inject/jacobi/pointer/site58_bit61.out,,,,,,,,,,,,,,61483011,15450736,16777216
58,62,SDC,SDC_NOTFLAGGED,0,,,HeCBench/results/llvm17_inject/jacobi/pointer/site58_bit62.out,,,,,,,,,,,,,,61483011,15450736,16777216
58,63,SDC,SDC_NOTFLAGGED,0,,,HeCBench/results/llvm17_inject/jacobi/pointer/site58_bit63.out,,,,,,,,,,,,,,61483011,15450736,16777216
59,0,SDC,SDC_NOTFLAGGED,,,,HeCBench/results/llvm17_inject/jacobi/pointer/site59_bit0.out,,,,,,,,,,,,,,61483011,15450736,16777216
59,1,SDC,SDC_NOTFLAGGED,,,,HeCBench/results/llvm17_inject/jacobi/pointer/site59_bit1.out,,,,,,,,,,,,,,61483011,15450736,16777216
59,2,SDC,SDC_NOTFLAGGED,,,,HeCBench/results/llvm17_inject/jacobi/pointer/site59_bit2.out,,,,,,,,,,,,,,61483011,15450736,16777216
59,3,SDC,SDC_NOTFLAGGED,,,,HeCBench/results/llvm17_inject/jacobi/pointer/site59_bit3.out,,,,,,,,,,,,,,61483011,15450736,16777216
59,4,SDC,SDC_NOTFLAGGED,,,,HeCBench/results/llvm17_inject/jacobi/pointer/site59_bit4.out,,,,,,,,,,,,,,61483011,15450736,16777216
59,5,SDC,SDC_NOTFLAGGED,,,,HeCBench/results/llvm17_inject/jacobi/pointer/site59_bit5.out,,,,,,,,,,,,,,61483011,15450736,16777216
59,6,SDC,SDC_NOTFLAGGED,,,,HeCBench/results/llvm17_inject/jacobi/pointer/site59_bit6.out,,,,,,,,,,,,,,61483011,15450736,16777216
59,7,SDC,SDC_NOTFLAGGED,,,,HeCBench/results/llvm17_inject/jacobi/pointer/site59_bit7.out,,,,,,,,,,,,,,61483011,15450736,16777216
59,8,SDC,SDC_NOTFLAGGED,,,,HeCBench/results/llvm17_inject/jacobi/pointer/site59_bit8.out,,,,,,,,,,,,,,61483011,15450736,16777216
59,9,SDC,SDC_NOTFLAGGED,,,,HeCBench/results/llvm17_inject/jacobi/pointer/site59_bit9.out,,,,,,,,,,,,,,61483011,15450736,16777216
59,10,SDC,SDC_NOTFLAGGED,,,,HeCBench/results/llvm17_inject/jacobi/pointer/site59_bit10.out,,,,,,,,,,,,,,61483011,15450736,16777216
59,11,SDC,SDC_NOTFLAGGED,,,,HeCBench/results/llvm17_inject/jacobi/pointer/site59_bit11.out,,,,,,,,,,,,,,61483011,15450736,16777216
59,12,SDC,SDC_NOTFLAGGED,,,,HeCBench/results/llvm17_inject/jacobi/pointer/site59_bit12.out,,,,,,,,,,,,,,61483011,15450736,16777216
59,13,SDC,SDC_NOTFLAGGED,,,,HeCBench/results/llvm17_inject/jacobi/pointer/site59_bit13.out,,,,,,,,,,,,,,61483011,15450736,16777216
59,14,SDC,SDC_NOTFLAGGED,,,,HeCBench/results/llvm17_inject/jacobi/pointer/site59_bit14.out,,,,,,,,,,,,,,61483011,15450736,16777216
59,15,SDC,SDC_NOTFLAGGED,,,,HeCBench/results/llvm17_inject/jacobi/pointer/site59_bit15.out,,,,,,,,,,,,,,61483011,15450736,16777216
59,16,SDC,SDC_NOTFLAGGED,,,,HeCBench/results/llvm17_inject/jacobi/pointer/site59_bit16.out,,,,,,,,,,,,,,61483011,15450736,16777216
59,17,SDC,SDC_NOTFLAGGED,,,,HeCBench/results/llvm17_inject/jacobi/pointer/site59_bit17.out,,,,,,,,,,,,,,61483011,15450736,16777216
59,18,SDC,SDC_NOTFLAGGED,,,,HeCBench/results/llvm17_inject/jacobi/pointer/site59_bit18.out,,,,,,,,,,,,,,61483011,15450736,16777216
59,19,SDC,SDC_NOTFLAGGED,,,,HeCBench/results/llvm17_inject/jacobi/pointer/site59_bit19.out,,,,,,,,,,,,,,61483011,15450736,16777216
59,20,SDC,SDC_NOTFLAGGED,,,,HeCBench/results/llvm17_inject/jacobi/pointer/site59_bit20.out,,,,,,,,,,,,,,61483011,15450736,16777216
59,21,SDC,SDC_NOTFLAGGED,,,,HeCBench/results/llvm17_inject/jacobi/pointer/site59_bit21.out,,,,,,,,,,,,,,61483011,15450736,16777216
59,22,SDC,SDC_NOTFLAGGED,,,,HeCBench/results/llvm17_inject/jacobi/pointer/site59_bit22.out,,,,,,,,,,,,,,61483011,15450736,16777216
59,23,SDC,SDC_NOTFLAGGED,,,,HeCBench/results/llvm17_inject/jacobi/pointer/site59_bit23.out,,,,,,,,,,,,,,61483011,15450736,16777216
59,24,SDC,SDC_NOTFLAGGED,,,,HeCBench/results/llvm17_inject/jacobi/pointer/site59_bit24.out,,,,,,,,,,,,,,61483011,15450736,16777216
59,25,SDC,SDC_NOTFLAGGED,,,,HeCBench/results/llvm17_inject/jacobi/pointer/site59_bit25.out,,,,,,,,,,,,,,61483011,15450736,16777216
59,26,SDC,SDC_NOTFLAGGED,,,,HeCBench/results/llvm17_inject/jacobi/pointer/site59_bit26.out,,,,,,,,,,,,,,61483011,15450736,16777216
59,27,SDC,SDC_NOTFLAGGED,,,,HeCBench/results/llvm17_inject/jacobi/pointer/site59_bit27.out,,,,,,,,,,,,,,61483011,15450736,16777216
59,28,SDC,SDC_NOTFLAGGED,,,,HeCBench/results/llvm17_inject/jacobi/pointer/site59_bit28.out,,,,,,,,,,,,,,61483011,15450736,16777216
59,29,SDC,SDC_NOTFLAGGED,,,,HeCBench/results/llvm17_inject/jacobi/pointer/site59_bit29.out,,,,,,,,,,,,,,61483011,15450736,16777216
59,30,SDC,SDC_NOTFLAGGED,,,,HeCBench/results/llvm17_inject/jacobi/pointer/site59_bit30.out,,,,,,,,,,,,,,61483011,15450736,16777216
59,31,SDC,SDC_NOTFLAGGED,0,,,HeCBench/results/llvm17_inject/jacobi/pointer/site59_bit31.out,,,,,,,,,,,,,,61483011,15450736,16777216
59,32,SDC,SDC_NOTFLAGGED,0,,,HeCBench/results/llvm17_inject/jacobi/pointer/site59_bit32.out,,,,,,,,,,,,,,61483011,15450736,16777216
59,33,SDC,SDC_NOTFLAGGED,0,,,HeCBench/results/llvm17_inject/jacobi/pointer/site59_bit33.out,,,,,,,,,,,,,,61483011,15450736,16777216
59,34,SDC,SDC_NOTFLAGGED,0,,,HeCBench/results/llvm17_inject/jacobi/pointer/site59_bit34.out,,,,,,,,,,,,,,61483011,15450736,16777216
59,35,SDC,SDC_NOTFLAGGED,0,,,HeCBench/results/llvm17_inject/jacobi/pointer/site59_bit35.out,,,,,,,,,,,,,,61483011,15450736,16777216
59,36,SDC,SDC_NOTFLAGGED,0,,,HeCBench/results/llvm17_inject/jacobi/pointer/site59_bit36.out,,,,,,,,,,,,,,61483011,15450736,16777216
59,37,SDC,SDC_NOTFLAGGED,0,,,HeCBench/results/llvm17_inject/jacobi/pointer/site59_bit37.out,,,,,,,,,,,,,,61483011,15450736,16777216
59,38,SDC,SDC_NOTFLAGGED,0,,,HeCBench/results/llvm17_inject/jacobi/pointer/site59_bit38.out,,,,,,,,,,,,,,61483011,15450736,16777216
59,39,SDC,SDC_NOTFLAGGED,0,,,HeCBench/results/llvm17_inject/jacobi/pointer/site59_bit39.out,,,,,,,,,,,,,,61483011,15450736,16777216
59,40,SDC,SDC_NOTFLAGGED,0,,,HeCBench/results/llvm17_inject/jacobi/pointer/site59_bit40.out,,,,,,,,,,,,,,61483011,15450736,16777216
59,41,SDC,SDC_NOTFLAGGED,0,,,HeCBench/results/llvm17_inject/jacobi/pointer/site59_bit41.out,,,,,,,,,,,,,,61483011,15450736,16777216
59,42,SDC,SDC_NOTFLAGGED,0,,,HeCBench/results/llvm17_inject/jacobi/pointer/site59_bit42.out,,,,,,,,,,,,,,61483011,15450736,16777216
59,43,SDC,SDC_NOTFLAGGED,0,,,HeCBench/results/llvm17_inject/jacobi/pointer/site59_bit43.out,,,,,,,,,,,,,,61483011,15450736,16777216
59,44,SDC,SDC_NOTFLAGGED,0,,,HeCBench/results/llvm17_inject/jacobi/pointer/site59_bit44.out,,,,,,,,,,,,,,61483011,15450736,16777216
59,45,SDC,SDC_NOTFLAGGED,0,,,HeCBench/results/llvm17_inject/jacobi/pointer/site59_bit45.out,,,,,,,,,,,,,,61483011,15450736,16777216
59,46,SDC,SDC_NOTFLAGGED,0,,,HeCBench/results/llvm17_inject/jacobi/pointer/site59_bit46.out,,,,,,,,,,,,,,61483011,15450736,16777216
59,47,SDC,SDC_NOTFLAGGED,0,,,HeCBench/results/llvm17_inject/jacobi/pointer/site59_bit47.out,,,,,,,,,,,,,,61483011,15450736,16777216
59,48,SDC,SDC_NOTFLAGGED,0,,,HeCBench/results/llvm17_inject/jacobi/pointer/site59_bit48.out,,,,,,,,,,,,,,61483011,15450736,16777216
59,49,SDC,SDC_NOTFLAGGED,0,,,HeCBench/results/llvm17_inject/jacobi/pointer/site59_bit49.out,,,,,,,,,,,,,,61483011,15450736,16777216
59,50,SDC,SDC_NOTFLAGGED,0,,,HeCBench/results/llvm17_inject/jacobi/pointer/site59_bit50.out,,,,,,,,,,,,,,61483011,15450736,16777216
59,51,SDC,SDC_NOTFLAGGED,0,,,HeCBench/results/llvm17_inject/jacobi/pointer/site59_bit51.out,,,,,,,,,,,,,,61483011,15450736,16777216
59,52,SDC,SDC_NOTFLAGGED,0,,,HeCBench/results/llvm17_inject/jacobi/pointer/site59_bit52.out,,,,,,,,,,,,,,61483011,15450736,16777216
59,53,SDC,SDC_NOTFLAGGED,0,,,HeCBench/results/llvm17_inject/jacobi/pointer/site59_bit53.out,,,,,,,,,,,,,,61483011,15450736,16777216
59,54,SDC,SDC_NOTFLAGGED,0,,,HeCBench/results/llvm17_inject/jacobi/pointer/site59_bit54.out,,,,,,,,,,,,,,61483011,15450736,16777216
59,55,SDC,SDC_NOTFLAGGED,0,,,HeCBench/results/llvm17_inject/jacobi/pointer/site59_bit55.out,,,,,,,,,,,,,,61483011,15450736,16777216
59,56,SDC,SDC_NOTFLAGGED,0,,,HeCBench/results/llvm17_inject/jacobi/pointer/site59_bit56.out,,,,,,,,,,,,,,61483011,15450736,16777216
59,57,SDC,SDC_NOTFLAGGED,0,,,HeCBench/results/llvm17_inject/jacobi/pointer/site59_bit57.out,,,,,,,,,,,,,,61483011,15450736,16777216
59,58,SDC,SDC_NOTFLAGGED,0,,,HeCBench/results/llvm17_inject/jacobi/pointer/site59_bit58.out,,,,,,,,,,,,,,61483011,15450736,16777216
59,59,SDC,SDC_NOTFLAGGED,0,,,HeCBench/results/llvm17_inject/jacobi/pointer/site59_bit59.out,,,,,,,,,,,,,,61483011,15450736,16777216
59,60,SDC,SDC_NOTFLAGGED,0,,,HeCBench/results/llvm17_inject/jacobi/pointer/site59_bit60.out,,,,,,,,,,,,,,61483011,15450736,16777216
59,61,SDC,SDC_NOTFLAGGED,0,,,HeCBench/results/llvm17_inject/jacobi/pointer/site59_bit61.out,,,,,,,,,,,,,,61483011,15450736,16777216
59,62,SDC,SDC_NOTFLAGGED,0,,,HeCBench/results/llvm17_inject/jacobi/pointer/site59_bit62.out,,,,,,,,,,,,,,61483011,15450736,16777216
59,63,SDC,SDC_NOTFLAGGED,0,,,HeCBench/results/llvm17_inject/jacobi/pointer/site59_bit63.out,,,,,,,,,,,,,,61483011,15450736,16777216
62,0,SDC,SDC_NOTFLAGGED,0,,,HeCBench/results/llvm17_inject/jacobi/pointer/site62_bit0.out,,,,,,,,,,,,,,61483011,15450736,16777216
62,1,SDC,SDC_NOTFLAGGED,0,,,HeCBench/results/llvm17_inject/jacobi/pointer/site62_bit1.out,,,,,,,,,,,,,,61483011,15450736,16777216
62,2,SDC,SDC_NOTFLAGGED,0,,,HeCBench/results/llvm17_inject/jacobi/pointer/site62_bit2.out,,,,,,,,,,,,,,61483007,15450736,16777216
62,3,SDC,SDC_NOTFLAGGED,0,,,HeCBench/results/llvm17_inject/jacobi/pointer/site62_bit3.out,,,,,,,,,,,,,,61483011,15450736,16777216
62,4,SDC,SDC_NOTFLAGGED,,,,HeCBench/results/llvm17_inject/jacobi/pointer/site62_bit4.out,,,,,,,,,,,,,,61483011,15450736,16777216
62,5,SDC,SDC_NOTFLAGGED,,,,HeCBench/results/llvm17_inject/jacobi/pointer/site62_bit5.out,,,,,,,,,,,,,,61483011,15450736,16777216
62,6,SDC,SDC_NOTFLAGGED,,,,HeCBench/results/llvm17_inject/jacobi/pointer/site62_bit6.out,,,,,,,,,,,,,,61483011,15450736,16777216
62,7,SDC,SDC_NOTFLAGGED,,,,HeCBench/results/llvm17_inject/jacobi/pointer/site62_bit7.out,,,,,,,,,,,,,,61483011,15450736,16777216
62,8,SDC,SDC_NOTFLAGGED,,,,HeCBench/results/llvm17_inject/jacobi/pointer/site62_bit8.out,,,,,,,,,,,,,,61483011,15450736,16777216
62,9,SDC,SDC_NOTFLAGGED,,,,HeCBench/results/llvm17_inject/jacobi/pointer/site62_bit9.out,,,,,,,,,,,,,,61483011,15450736,16777216
62,10,SDC,SDC_NOTFLAGGED,,,,HeCBench/results/llvm17_inject/jacobi/pointer/site62_bit10.out,,,,,,,,,,,,,,61483011,15450736,16777216
62,11,SDC,SDC_NOTFLAGGED,0,,,HeCBench/results/llvm17_inject/jacobi/pointer/site62_bit11.out,,,,,,,,,,,,,,61483011,15450736,16777216
62,12,SDC,SDC_NOTFLAGGED,0,,,HeCBench/results/llvm17_inject/jacobi/pointer/site62_bit12.out,,,,,,,,,,,,,,61483011,15450736,16777216
62,13,SDC,SDC_NOTFLAGGED,0,,,HeCBench/results/llvm17_inject/jacobi/pointer/site62_bit13.out,,,,,,,,,,,,,,61483011,15450736,16777216
62,14,SDC,SDC_NOTFLAGGED,0,,,HeCBench/results/llvm17_inject/jacobi/pointer/site62_bit14.out,,,,,,,,,,,,,,61483011,15450736,16777216
62,15,SDC,SDC_NOTFLAGGED,0,,,HeCBench/results/llvm17_inject/jacobi/pointer/site62_bit15.out,,,,,,,,,,,,,,61483011,15450736,16777216
62,16,SDC,SDC_NOTFLAGGED,,,,HeCBench/results/llvm17_inject/jacobi/pointer/site62_bit16.out,,,,,,,,,,,,,,61483011,15450736,16777216
62,17,SDC,SDC_NOTFLAGGED,,,,HeCBench/results/llvm17_inject/jacobi/pointer/site62_bit17.out,,,,,,,,,,,,,,61483011,15450736,16777216
62,18,SDC,SDC_NOTFLAGGED,,,,HeCBench/results/llvm17_inject/jacobi/pointer/site62_bit18.out,,,,,,,,,,,,,,61483011,15450736,16777216
62,19,SDC,SDC_NOTFLAGGED,,,,HeCBench/results/llvm17_inject/jacobi/pointer/site62_bit19.out,,,,,,,,,,,,,,61483011,15450736,16777216
62,20,SDC,SDC_NOTFLAGGED,,,,HeCBench/results/llvm17_inject/jacobi/pointer/site62_bit20.out,,,,,,,,,,,,,,61483011,15450736,16777216
62,21,MASKED,MASKED_UNFLAGGED,,,,HeCBench/results/llvm17_inject/jacobi/pointer/site62_bit21.out,,,,,,,,,,,,,,,,
62,22,MASKED,MASKED_UNFLAGGED,,,,HeCBench/results/llvm17_inject/jacobi/pointer/site62_bit22.out,,,,,,,,,,,,,,,,
62,23,MASKED,MASKED_UNFLAGGED,,,,HeCBench/results/llvm17_inject/jacobi/pointer/site62_bit23.out,,,,,,,,,,,,,,,,
62,24,MASKED,MASKED_UNFLAGGED,,,,HeCBench/results/llvm17_inject/jacobi/pointer/site62_bit24.out,,,,,,,,,,,,,,,,
62,25,MASKED,MASKED_UNFLAGGED,,,,HeCBench/results/llvm17_inject/jacobi/pointer/site62_bit25.out,,,,,,,,,,,,,,,,
62,26,MASKED,MASKED_UNFLAGGED,,,,HeCBench/results/llvm17_inject/jacobi/pointer/site62_bit26.out,,,,,,,,,,,,,,,,
62,27,MASKED,MASKED_UNFLAGGED,,,,HeCBench/results/llvm17_inject/jacobi/pointer/site62_bit27.out,,,,,,,,,,,,,,,,
62,28,MASKED,MASKED_UNFLAGGED,,,,HeCBench/results/llvm17_inject/jacobi/pointer/site62_bit28.out,,,,,,,,,,,,,,,,
62,29,MASKED,MASKED_UNFLAGGED,,,,HeCBench/results/llvm17_inject/jacobi/pointer/site62_bit29.out,,,,,,,,,,,,,,,,
62,30,MASKED,MASKED_UNFLAGGED,,,,HeCBench/results/llvm17_inject/jacobi/pointer/site62_bit30.out,,,,,,,,,,,,,,,,
62,31,MASKED,MASKED_UNFLAGGED,,,,HeCBench/results/llvm17_inject/jacobi/pointer/site62_bit31.out,,,,,,,,,,,,,,,,
62,32,MASKED,MASKED_UNFLAGGED,,,,HeCBench/results/llvm17_inject/jacobi/pointer/site62_bit32.out,,,,,,,,,,,,,,,,
62,33,MASKED,MASKED_UNFLAGGED,,,,HeCBench/results/llvm17_inject/jacobi/pointer/site62_bit33.out,,,,,,,,,,,,,,,,
62,34,MASKED,MASKED_UNFLAGGED,,,,HeCBench/results/llvm17_inject/jacobi/pointer/site62_bit34.out,,,,,,,,,,,,,,,,
62,35,MASKED,MASKED_UNFLAGGED,,,,HeCBench/results/llvm17_inject/jacobi/pointer/site62_bit35.out,,,,,,,,,,,,,,,,
62,36,MASKED,MASKED_UNFLAGGED,,,,HeCBench/results/llvm17_inject/jacobi/pointer/site62_bit36.out,,,,,,,,,,,,,,,,
62,37,MASKED,MASKED_UNFLAGGED,,,,HeCBench/results/llvm17_inject/jacobi/pointer/site62_bit37.out,,,,,,,,,,,,,,,,
62,38,MASKED,MASKED_UNFLAGGED,,,,HeCBench/results/llvm17_inject/jacobi/pointer/site62_bit38.out,,,,,,,,,,,,,,,,
62,39,MASKED,MASKED_UNFLAGGED,,,,HeCBench/results/llvm17_inject/jacobi/pointer/site62_bit39.out,,,,,,,,,,,,,,,,
62,40,MASKED,MASKED_UNFLAGGED,,,,HeCBench/results/llvm17_inject/jacobi/pointer/site62_bit40.out,,,,,,,,,,,,,,,,
62,41,MASKED,MASKED_UNFLAGGED,,,,HeCBench/results/llvm17_inject/jacobi/pointer/site62_bit41.out,,,,,,,,,,,,,,,,
62,42,MASKED,MASKED_UNFLAGGED,,,,HeCBench/results/llvm17_inject/jacobi/pointer/site62_bit42.out,,,,,,,,,,,,,,,,
62,43,MASKED,MASKED_UNFLAGGED,,,,HeCBench/results/llvm17_inject/jacobi/pointer/site62_bit43.out,,,,,,,,,,,,,,,,
62,44,MASKED,MASKED_UNFLAGGED,,,,HeCBench/results/llvm17_inject/jacobi/pointer/site62_bit44.out,,,,,,,,,,,,,,,,
62,45,MASKED,MASKED_UNFLAGGED,,,,HeCBench/results/llvm17_inject/jacobi/pointer/site62_bit45.out,,,,,,,,,,,,,,,,
62,46,MASKED,MASKED_UNFLAGGED,,,,HeCBench/results/llvm17_inject/jacobi/pointer/site62_bit46.out,,,,,,,,,,,,,,,,
62,47,MASKED,MASKED_UNFLAGGED,,,,HeCBench/results/llvm17_inject/jacobi/pointer/site62_bit47.out,,,,,,,,,,,,,,,,
62,48,MASKED,MASKED_UNFLAGGED,,,,HeCBench/results/llvm17_inject/jacobi/pointer/site62_bit48.out,,,,,,,,,,,,,,,,
62,49,MASKED,MASKED_UNFLAGGED,,,,HeCBench/results/llvm17_inject/jacobi/pointer/site62_bit49.out,,,,,,,,,,,,,,,,
62,50,MASKED,MASKED_UNFLAGGED,,,,HeCBench/results/llvm17_inject/jacobi/pointer/site62_bit50.out,,,,,,,,,,,,,,,,
62,51,MASKED,MASKED_UNFLAGGED,,,,HeCBench/results/llvm17_inject/jacobi/pointer/site62_bit51.out,,,,,,,,,,,,,,,,
62,52,MASKED,MASKED_UNFLAGGED,,,,HeCBench/results/llvm17_inject/jacobi/pointer/site62_bit52.out,,,,,,,,,,,,,,,,
62,53,MASKED,MASKED_UNFLAGGED,,,,HeCBench/results/llvm17_inject/jacobi/pointer/site62_bit53.out,,,,,,,,,,,,,,,,
62,54,MASKED,MASKED_UNFLAGGED,,,,HeCBench/results/llvm17_inject/jacobi/pointer/site62_bit54.out,,,,,,,,,,,,,,,,
62,55,MASKED,MASKED_UNFLAGGED,,,,HeCBench/results/llvm17_inject/jacobi/pointer/site62_bit55.out,,,,,,,,,,,,,,,,
62,56,MASKED,MASKED_UNFLAGGED,,,,HeCBench/results/llvm17_inject/jacobi/pointer/site62_bit56.out,,,,,,,,,,,,,,,,
62,57,MASKED,MASKED_UNFLAGGED,,,,HeCBench/results/llvm17_inject/jacobi/pointer/site62_bit57.out,,,,,,,,,,,,,,,,
62,58,MASKED,MASKED_UNFLAGGED,,,,HeCBench/results/llvm17_inject/jacobi/pointer/site62_bit58.out,,,,,,,,,,,,,,,,
62,59,MASKED,MASKED_UNFLAGGED,,,,HeCBench/results/llvm17_inject/jacobi/pointer/site62_bit59.out,,,,,,,,,,,,,,,,
62,60,MASKED,MASKED_UNFLAGGED,,,,HeCBench/results/llvm17_inject/jacobi/pointer/site62_bit60.out,,,,,,,,,,,,,,,,
62,61,MASKED,MASKED_UNFLAGGED,,,,HeCBench/results/llvm17_inject/jacobi/pointer/site62_bit61.out,,,,,,,,,,,,,,,,
62,62,MASKED,MASKED_UNFLAGGED,,,,HeCBench/results/llvm17_inject/jacobi/pointer/site62_bit62.out,,,,,,,,,,,,,,,,
62,63,MASKED,MASKED_UNFLAGGED,,,,HeCBench/results/llvm17_inject/jacobi/pointer/site62_bit63.out,,,,,,,,,,,,,,,,
63,0,SDC,SDC_NOTFLAGGED,0,,,HeCBench/results/llvm17_inject/jacobi/pointer/site63_bit0.out,,,,,,,,,,,,,,61483011,15450736,16777216
63,1,SDC,SDC_NOTFLAGGED,0,,,HeCBench/results/llvm17_inject/jacobi/pointer/site63_bit1.out,,,,,,,,,,,,,,61483011,15450736,16777216
63,2,SDC,SDC_NOTFLAGGED,0,,,HeCBench/results/llvm17_inject/jacobi/pointer/site63_bit2.out,,,,,,,,,,,,,,61483327,15450858,16777216
63,3,SDC,SDC_NOTFLAGGED,0,,,HeCBench/results/llvm17_inject/jacobi/pointer/site63_bit3.out,,,,,,,,,,,,,,61483011,15450736,16777216
63,4,SDC,SDC_NOTFLAGGED,,,,HeCBench/results/llvm17_inject/jacobi/pointer/site63_bit4.out,,,,,,,,,,,,,,58446314,15781829,16777216
63,5,SDC,SDC_NOTFLAGGED,,,,HeCBench/results/llvm17_inject/jacobi/pointer/site63_bit5.out,,,,,,,,,,,,,,58975571,15975067,16777216
63,6,SDC,SDC_NOTFLAGGED,,,,HeCBench/results/llvm17_inject/jacobi/pointer/site63_bit6.out,,,,,,,,,,,,,,59666571,16095115,16777216
63,7,SDC,SDC_NOTFLAGGED,0,,,HeCBench/results/llvm17_inject/jacobi/pointer/site63_bit7.out,,,,,,,,,,,,,,61517996,15458414,16777216
63,8,SDC,SDC_NOTFLAGGED,,,,HeCBench/results/llvm17_inject/jacobi/pointer/site63_bit8.out,,,,,,,,,,,,,,60305434,16015665,16777216
63,9,SDC,SDC_NOTFLAGGED,,,,HeCBench/results/llvm17_inject/jacobi/pointer/site63_bit9.out,,,,,,,,,,,,,,60075715,15990380,16777216
63,10,SDC,SDC_NOTFLAGGED,,,,HeCBench/results/llvm17_inject/jacobi/pointer/site63_bit10.out,,,,,,,,,,,,,,57306946,15161319,16777216
63,11,SDC,SDC_NOTFLAGGED,0,,,HeCBench/results/llvm17_inject/jacobi/pointer/site63_bit11.out,,,,,,,,,,,,,,61483011,15450736,16777216
63,12,SDC,SDC_NOTFLAGGED,0,,,HeCBench/results/llvm17_inject/jacobi/pointer/site63_bit12.out,,,,,,,,,,,,,,61483011,15450736,16777216
63,13,SDC,SDC_NOTFLAGGED,0,,,HeCBench/results/llvm17_inject/jacobi/pointer/site63_bit13.out,,,,,,,,,,,,,,61483011,15450736,16777216
63,14,SDC,SDC_NOTFLAGGED,0,,,HeCBench/results/llvm17_inject/jacobi/pointer/site63_bit14.out,,,,,,,,,,,,,,61483011,15450736,16777216
63,15,SDC,SDC_NOTFLAGGED,0,,,HeCBench/results/llvm17_inject/jacobi/pointer/site63_bit15.out,,,,,,,,,,,,,,61483011,15450736,16777216
63,16,SDC,SDC_NOTFLAGGED,,,,HeCBench/results/llvm17_inject/jacobi/pointer/site63_bit16.out,,,,,,,,,,,,,,61483011,15450736,16777216
63,17,SDC,SDC_NOTFLAGGED,,,,HeCBench/results/llvm17_inject/jacobi/pointer/site63_bit17.out,,,,,,,,,,,,,,61483011,15450736,16777216
63,18,SDC,SDC_NOTFLAGGED,,,,HeCBench/results/llvm17_inject/jacobi/pointer/site63_bit18.out,,,,,,,,,,,,,,61483011,15450736,16777216
63,19,SDC,SDC_NOTFLAGGED,,,,HeCBench/results/llvm17_inject/jacobi/pointer/site63_bit19.out,,,,,,,,,,,,,,61483011,15450736,16777216
63,20,SDC,SDC_NOTFLAGGED,,,,HeCBench/results/llvm17_inject/jacobi/pointer/site63_bit20.out,,,,,,,,,,,,,,61483011,15450736,16777216
63,21,MASKED,MASKED_UNFLAGGED,,,,HeCBench/results/llvm17_inject/jacobi/pointer/site63_bit21.out,,,,,,,,,,,,,,,,
63,22,MASKED,MASKED_UNFLAGGED,,,,HeCBench/results/llvm17_inject/jacobi/pointer/site63_bit22.out,,,,,,,,,,,,,,,,
63,23,MASKED,MASKED_UNFLAGGED,,,,HeCBench/results/llvm17_inject/jacobi/pointer/site63_bit23.out,,,,,,,,,,,,,,,,
63,24,MASKED,MASKED_UNFLAGGED,,,,HeCBench/results/llvm17_inject/jacobi/pointer/site63_bit24.out,,,,,,,,,,,,,,,,
63,25,MASKED,MASKED_UNFLAGGED,,,,HeCBench/results/llvm17_inject/jacobi/pointer/site63_bit25.out,,,,,,,,,,,,,,,,
63,26,MASKED,MASKED_UNFLAGGED,,,,HeCBench/results/llvm17_inject/jacobi/pointer/site63_bit26.out,,,,,,,,,,,,,,,,
63,27,MASKED,MASKED_UNFLAGGED,,,,HeCBench/results/llvm17_inject/jacobi/pointer/site63_bit27.out,,,,,,,,,,,,,,,,
63,28,MASKED,MASKED_UNFLAGGED,,,,HeCBench/results/llvm17_inject/jacobi/pointer/site63_bit28.out,,,,,,,,,,,,,,,,
63,29,MASKED,MASKED_UNFLAGGED,,,,HeCBench/results/llvm17_inject/jacobi/pointer/site63_bit29.out,,,,,,,,,,,,,,,,
63,30,MASKED,MASKED_UNFLAGGED,,,,HeCBench/results/llvm17_inject/jacobi/pointer/site63_bit30.out,,,,,,,,,,,,,,,,
63,31,MASKED,MASKED_UNFLAGGED,,,,HeCBench/results/llvm17_inject/jacobi/pointer/site63_bit31.out,,,,,,,,,,,,,,,,
63,32,MASKED,MASKED_UNFLAGGED,,,,HeCBench/results/llvm17_inject/jacobi/pointer/site63_bit32.out,,,,,,,,,,,,,,,,
63,33,MASKED,MASKED_UNFLAGGED,,,,HeCBench/results/llvm17_inject/jacobi/pointer/site63_bit33.out,,,,,,,,,,,,,,,,
63,34,MASKED,MASKED_UNFLAGGED,,,,HeCBench/results/llvm17_inject/jacobi/pointer/site63_bit34.out,,,,,,,,,,,,,,,,
63,35,MASKED,MASKED_UNFLAGGED,,,,HeCBench/results/llvm17_inject/jacobi/pointer/site63_bit35.out,,,,,,,,,,,,,,,,
63,36,MASKED,MASKED_UNFLAGGED,,,,HeCBench/results/llvm17_inject/jacobi/pointer/site63_bit36.out,,,,,,,,,,,,,,,,
63,37,MASKED,MASKED_UNFLAGGED,,,,HeCBench/results/llvm17_inject/jacobi/pointer/site63_bit37.out,,,,,,,,,,,,,,,,
63,38,MASKED,MASKED_UNFLAGGED,,,,HeCBench/results/llvm17_inject/jacobi/pointer/site63_bit38.out,,,,,,,,,,,,,,,,
63,39,MASKED,MASKED_UNFLAGGED,,,,HeCBench/results/llvm17_inject/jacobi/pointer/site63_bit39.out,,,,,,,,,,,,,,,,
63,40,MASKED,MASKED_UNFLAGGED,,,,HeCBench/results/llvm17_inject/jacobi/pointer/site63_bit40.out,,,,,,,,,,,,,,,,
63,41,MASKED,MASKED_UNFLAGGED,,,,HeCBench/results/llvm17_inject/jacobi/pointer/site63_bit41.out,,,,,,,,,,,,,,,,
63,42,MASKED,MASKED_UNFLAGGED,,,,HeCBench/results/llvm17_inject/jacobi/pointer/site63_bit42.out,,,,,,,,,,,,,,,,
63,43,MASKED,MASKED_UNFLAGGED,,,,HeCBench/results/llvm17_inject/jacobi/pointer/site63_bit43.out,,,,,,,,,,,,,,,,
63,44,MASKED,MASKED_UNFLAGGED,,,,HeCBench/results/llvm17_inject/jacobi/pointer/site63_bit44.out,,,,,,,,,,,,,,,,
63,45,MASKED,MASKED_UNFLAGGED,,,,HeCBench/results/llvm17_inject/jacobi/pointer/site63_bit45.out,,,,,,,,,,,,,,,,
63,46,MASKED,MASKED_UNFLAGGED,,,,HeCBench/results/llvm17_inject/jacobi/pointer/site63_bit46.out,,,,,,,,,,,,,,,,
63,47,MASKED,MASKED_UNFLAGGED,,,,HeCBench/results/llvm17_inject/jacobi/pointer/site63_bit47.out,,,,,,,,,,,,,,,,
63,48,MASKED,MASKED_UNFLAGGED,,,,HeCBench/results/llvm17_inject/jacobi/pointer/site63_bit48.out,,,,,,,,,,,,,,,,
63,49,MASKED,MASKED_UNFLAGGED,,,,HeCBench/results/llvm17_inject/jacobi/pointer/site63_bit49.out,,,,,,,,,,,,,,,,
63,50,MASKED,MASKED_UNFLAGGED,,,,HeCBench/results/llvm17_inject/jacobi/pointer/site63_bit50.out,,,,,,,,,,,,,,,,
63,51,MASKED,MASKED_UNFLAGGED,,,,HeCBench/results/llvm17_inject/jacobi/pointer/site63_bit51.out,,,,,,,,,,,,,,,,
63,52,MASKED,MASKED_UNFLAGGED,,,,HeCBench/results/llvm17_inject/jacobi/pointer/site63_bit52.out,,,,,,,,,,,,,,,,
63,53,MASKED,MASKED_UNFLAGGED,,,,HeCBench/results/llvm17_inject/jacobi/pointer/site63_bit53.out,,,,,,,,,,,,,,,,
63,54,MASKED,MASKED_UNFLAGGED,,,,HeCBench/results/llvm17_inject/jacobi/pointer/site63_bit54.out,,,,,,,,,,,,,,,,
63,55,MASKED,MASKED_UNFLAGGED,,,,HeCBench/results/llvm17_inject/jacobi/pointer/site63_bit55.out,,,,,,,,,,,,,,,,
63,56,MASKED,MASKED_UNFLAGGED,,,,HeCBench/results/llvm17_inject/jacobi/pointer/site63_bit56.out,,,,,,,,,,,,,,,,
63,57,MASKED,MASKED_UNFLAGGED,,,,HeCBench/results/llvm17_inject/jacobi/pointer/site63_bit57.out,,,,,,,,,,,,,,,,
63,58,MASKED,MASKED_UNFLAGGED,,,,HeCBench/results/llvm17_inject/jacobi/pointer/site63_bit58.out,,,,,,,,,,,,,,,,
63,59,MASKED,MASKED_UNFLAGGED,,,,HeCBench/results/llvm17_inject/jacobi/pointer/site63_bit59.out,,,,,,,,,,,,,,,,
63,60,MASKED,MASKED_UNFLAGGED,,,,HeCBench/results/llvm17_inject/jacobi/pointer/site63_bit60.out,,,,,,,,,,,,,,,,
63,61,MASKED,MASKED_UNFLAGGED,,,,HeCBench/results/llvm17_inject/jacobi/pointer/site63_bit61.out,,,,,,,,,,,,,,,,
63,62,MASKED,MASKED_UNFLAGGED,,,,HeCBench/results/llvm17_inject/jacobi/pointer/site63_bit62.out,,,,,,,,,,,,,,,,
63,63,MASKED,MASKED_UNFLAGGED,,,,HeCBench/results/llvm17_inject/jacobi/pointer/site63_bit63.out,,,,,,,,,,,,,,,,
64,0,SDC,SDC_NOTFLAGGED,0,,,HeCBench/results/llvm17_inject/jacobi/pointer/site64_bit0.out,,,,,,,,,,,,,,61483011,15450736,16777216
64,1,SDC,SDC_NOTFLAGGED,0,,,HeCBench/results/llvm17_inject/jacobi/pointer/site64_bit1.out,,,,,,,,,,,,,,61483011,15450736,16777216
64,2,SDC,SDC_NOTFLAGGED,0,,,HeCBench/results/llvm17_inject/jacobi/pointer/site64_bit2.out,,,,,,,,,,,,,,61365192,16409513,16777216
64,3,SDC,SDC_NOTFLAGGED,0,,,HeCBench/results/llvm17_inject/jacobi/pointer/site64_bit3.out,,,,,,,,,,,,,,57458654,15452278,16777216
64,4,SDC,SDC_NOTFLAGGED,0,,,HeCBench/results/llvm17_inject/jacobi/pointer/site64_bit4.out,,,,,,,,,,,,,,57318055,15417029,16777216
64,5,SDC,SDC_NOTFLAGGED,0,,,HeCBench/results/llvm17_inject/jacobi/pointer/site64_bit5.out,,,,,,,,,,,,,,57073772,15465601,16777216
64,6,SDC,SDC_NOTFLAGGED,0,,,HeCBench/results/llvm17_inject/jacobi/pointer/site64_bit6.out,,,,,,,,,,,,,,57296534,15469543,16777216
64,7,SDC,SDC_NOTFLAGGED,0,,,HeCBench/results/llvm17_inject/jacobi/pointer/site64_bit7.out,,,,,,,,,,,,,,57100901,15470872,16777216
64,8,SDC,SDC_NOTFLAGGED,0,,,HeCBench/results/llvm17_inject/jacobi/pointer/site64_bit8.out,,,,,,,,,,,,,,59252137,15948196,16777216
64,9,SDC,SDC_NOTFLAGGED,,,,HeCBench/results/llvm17_inject/jacobi/pointer/site64_bit9.out,,,,,,,,,,,,,,60717011,16193076,16777216
64,10,SDC,SDC_NOTFLAGGED,,,,HeCBench/results/llvm17_inject/jacobi/pointer/site64_bit10.out,,,,,,,,,,,,,,58526738,15436604,16777216
64,11,SDC,SDC_NOTFLAGGED,0,,,HeCBench/results/llvm17_inject/jacobi/pointer/site64_bit11.out,,,,,,,,,,,,,,62867664,16573140,16777216
64,12,SDC,SDC_NOTFLAGGED,0,,,HeCBench/results/llvm17_inject/jacobi/pointer/site64_bit12.out,,,,,,,,,,,,,,62439303,16591358,16777216
64,13,SDC,SDC_NOTFLAGGED,0,,,HeCBench/results/llvm17_inject/jacobi/pointer/site64_bit13.out,,,,,,,,,,,,,,61386630,16409957,16777216
64,14,FAILURE,FAILURE_NONHANG,255,kernel_reported_fail,,HeCBench/results/llvm17_inject/jacobi/pointer/site64_bit14.out,,,,,,,,,,,,,,,,
64,15,SDC,SDC_NOTFLAGGED,,,,HeCBench/results/llvm17_inject/jacobi/pointer/site64_bit15.out,,,,,,,,,,,,,,58446314,15781829,16777216
64,16,SDC,SDC_NOTFLAGGED,,,,HeCBench/results/llvm17_inject/jacobi/pointer/site64_bit16.out,,,,,,,,,,,,,,58975571,15975067,16777216
64,17,SDC,SDC_NOTFLAGGED,,,,HeCBench/results/llvm17_inject/jacobi/pointer/site64_bit17.out,,,,,,,,,,,,,,59666571,16095115,16777216
64,18,SDC,SDC_NOTFLAGGED,0,,,HeCBench/results/llvm17_inject/jacobi/pointer/site64_bit18.out,,,,,,,,,,,,,,61483011,15450736,16777216
64,19,SDC,SDC_NOTFLAGGED,,,,HeCBench/results/llvm17_inject/jacobi/pointer/site64_bit19.out,,,,,,,,,,,,,,60305434,16015665,16777216
64,20,SDC,SDC_NOTFLAGGED,,,,HeCBench/results/llvm17_inject/jacobi/pointer/site64_bit20.out,,,,,,,,,,,,,,60075715,15990380,16777216
64,21,SDC,SDC_NOTFLAGGED,,,,HeCBench/results/llvm17_inject/jacobi/pointer/site64_bit21.out,,,,,,,,,,,,,,57306946,15161319,16777216
64,22,SDC,SDC_NOTFLAGGED,0,,,HeCBench/results/llvm17_inject/jacobi/pointer/site64_bit22.out,,,,,,,,,,,,,,61483011,15450736,16777216
64,23,SDC,SDC_NOTFLAGGED,0,,,HeCBench/results/llvm17_inject/jacobi/pointer/site64_bit23.out,,,,,,,,,,,,,,61483011,15450736,16777216
64,24,SDC,SDC_NOTFLAGGED,0,,,HeCBench/results/llvm17_inject/jacobi/pointer/site64_bit24.out,,,,,,,,,,,,,,61483011,15450736,16777216
64,25,SDC,SDC_NOTFLAGGED,0,,,HeCBench/results/llvm17_inject/jacobi/pointer/site64_bit25.out,,,,,,,,,,,,,,61483011,15450736,16777216
64,26,SDC,SDC_NOTFLAGGED,0,,,HeCBench/results/llvm17_inject/jacobi/pointer/site64_bit26.out,,,,,,,,,,,,,,61483011,15450736,16777216
64,27,SDC,SDC_NOTFLAGGED,,,,HeCBench/results/llvm17_inject/jacobi/pointer/site64_bit27.out,,,,,,,,,,,,,,61483011,15450736,16777216
64,28,SDC,SDC_NOTFLAGGED,,,,HeCBench/results/llvm17_inject/jacobi/pointer/site64_bit28.out,,,,,,,,,,,,,,61483011,15450736,16777216
64,29,SDC,SDC_NOTFLAGGED,,,,HeCBench/results/llvm17_inject/jacobi/pointer/site64_bit29.out,,,,,,,,,,,,,,61483011,15450736,16777216
64,30,SDC,SDC_NOTFLAGGED,,,,HeCBench/results/llvm17_inject/jacobi/pointer/site64_bit30.out,,,,,,,,,,,,,,61483011,15450736,16777216
64,31,SDC,SDC_NOTFLAGGED,,,,HeCBench/results/llvm17_inject/jacobi/pointer/site64_bit31.out,,,,,,,,,,,,,,61483011,15450736,16777216
64,32,SDC,SDC_NOTFLAGGED,,,,HeCBench/results/llvm17_inject/jacobi/pointer/site64_bit32.out,,,,,,,,,,,,,,61483011,15450736,16777216
64,33,SDC,SDC_NOTFLAGGED,,,,HeCBench/results/llvm17_inject/jacobi/pointer/site64_bit33.out,,,,,,,,,,,,,,61483011,15450736,16777216
64,34,SDC,SDC_NOTFLAGGED,,,,HeCBench/results/llvm17_inject/jacobi/pointer/site64_bit34.out,,,,,,,,,,,,,,61483011,15450736,16777216
64,35,SDC,SDC_NOTFLAGGED,,,,HeCBench/results/llvm17_inject/jacobi/pointer/site64_bit35.out,,,,,,,,,,,,,,61483011,15450736,16777216
64,36,SDC,SDC_NOTFLAGGED,,,,HeCBench/results/llvm17_inject/jacobi/pointer/site64_bit36.out,,,,,,,,,,,,,,61483011,15450736,16777216
64,37,SDC,SDC_NOTFLAGGED,,,,HeCBench/results/llvm17_inject/jacobi/pointer/site64_bit37.out,,,,,,,,,,,,,,61483011,15450736,16777216
64,38,SDC,SDC_NOTFLAGGED,,,,HeCBench/results/llvm17_inject/jacobi/pointer/site64_bit38.out,,,,,,,,,,,,,,61483011,15450736,16777216
64,39,SDC,SDC_NOTFLAGGED,,,,HeCBench/results/llvm17_inject/jacobi/pointer/site64_bit39.out,,,,,,,,,,,,,,61483011,15450736,16777216
64,40,SDC,SDC_NOTFLAGGED,,,,HeCBench/results/llvm17_inject/jacobi/pointer/site64_bit40.out,,,,,,,,,,,,,,61483011,15450736,16777216
64,41,SDC,SDC_NOTFLAGGED,,,,HeCBench/results/llvm17_inject/jacobi/pointer/site64_bit41.out,,,,,,,,,,,,,,61483011,15450736,16777216
64,42,SDC,SDC_NOTFLAGGED,,,,HeCBench/results/llvm17_inject/jacobi/pointer/site64_bit42.out,,,,,,,,,,,,,,61483011,15450736,16777216
64,43,SDC,SDC_NOTFLAGGED,,,,HeCBench/results/llvm17_inject/jacobi/pointer/site64_bit43.out,,,,,,,,,,,,,,61483011,15450736,16777216
64,44,SDC,SDC_NOTFLAGGED,,,,HeCBench/results/llvm17_inject/jacobi/pointer/site64_bit44.out,,,,,,,,,,,,,,61483011,15450736,16777216
64,45,SDC,SDC_NOTFLAGGED,,,,HeCBench/results/llvm17_inject/jacobi/pointer/site64_bit45.out,,,,,,,,,,,,,,61483011,15450736,16777216
64,46,SDC,SDC_NOTFLAGGED,,,,HeCBench/results/llvm17_inject/jacobi/pointer/site64_bit46.out,,,,,,,,,,,,,,61483011,15450736,16777216
64,47,SDC,SDC_NOTFLAGGED,,,,HeCBench/results/llvm17_inject/jacobi/pointer/site64_bit47.out,,,,,,,,,,,,,,61483011,15450736,16777216
64,48,SDC,SDC_NOTFLAGGED,,,,HeCBench/results/llvm17_inject/jacobi/pointer/site64_bit48.out,,,,,,,,,,,,,,61483011,15450736,16777216
64,49,SDC,SDC_NOTFLAGGED,,,,HeCBench/results/llvm17_inject/jacobi/pointer/site64_bit49.out,,,,,,,,,,,,,,61483011,15450736,16777216
64,50,SDC,SDC_NOTFLAGGED,,,,HeCBench/results/llvm17_inject/jacobi/pointer/site64_bit50.out,,,,,,,,,,,,,,61483011,15450736,16777216
64,51,SDC,SDC_NOTFLAGGED,,,,HeCBench/results/llvm17_inject/jacobi/pointer/site64_bit51.out,,,,,,,,,,,,,,61483011,15450736,16777216
64,52,SDC,SDC_NOTFLAGGED,,,,HeCBench/results/llvm17_inject/jacobi/pointer/site64_bit52.out,,,,,,,,,,,,,,61483011,15450736,16777216
64,53,SDC,SDC_NOTFLAGGED,,,,HeCBench/results/llvm17_inject/jacobi/pointer/site64_bit53.out,,,,,,,,,,,,,,61483011,15450736,16777216
64,54,SDC,SDC_NOTFLAGGED,,,,HeCBench/results/llvm17_inject/jacobi/pointer/site64_bit54.out,,,,,,,,,,,,,,61483011,15450736,16777216
64,55,SDC,SDC_NOTFLAGGED,,,,HeCBench/results/llvm17_inject/jacobi/pointer/site64_bit55.out,,,,,,,,,,,,,,61483011,15450736,16777216
64,56,SDC,SDC_NOTFLAGGED,,,,HeCBench/results/llvm17_inject/jacobi/pointer/site64_bit56.out,,,,,,,,,,,,,,61483011,15450736,16777216
64,57,SDC,SDC_NOTFLAGGED,,,,HeCBench/results/llvm17_inject/jacobi/pointer/site64_bit57.out,,,,,,,,,,,,,,61483011,15450736,16777216
64,58,SDC,SDC_NOTFLAGGED,,,,HeCBench/results/llvm17_inject/jacobi/pointer/site64_bit58.out,,,,,,,,,,,,,,61483011,15450736,16777216
64,59,SDC,SDC_NOTFLAGGED,,,,HeCBench/results/llvm17_inject/jacobi/pointer/site64_bit59.out,,,,,,,,,,,,,,61483011,15450736,16777216
64,60,SDC,SDC_NOTFLAGGED,,,,HeCBench/results/llvm17_inject/jacobi/pointer/site64_bit60.out,,,,,,,,,,,,,,61483011,15450736,16777216
64,61,SDC,SDC_NOTFLAGGED,,,,HeCBench/results/llvm17_inject/jacobi/pointer/site64_bit61.out,,,,,,,,,,,,,,61483011,15450736,16777216
64,62,SDC,SDC_NOTFLAGGED,,,,HeCBench/results/llvm17_inject/jacobi/pointer/site64_bit62.out,,,,,,,,,,,,,,61483011,15450736,16777216
64,63,SDC,SDC_NOTFLAGGED,,,,HeCBench/results/llvm17_inject/jacobi/pointer/site64_bit63.out,,,,,,,,,,,,,,61483011,15450736,16777216
65,0,SDC,SDC_NOTFLAGGED,,,,HeCBench/results/llvm17_inject/jacobi/pointer/site65_bit0.out,,,,,,,,,,,,,,45690260,12407190,16777216
65,1,SDC,SDC_NOTFLAGGED,,,,HeCBench/results/llvm17_inject/jacobi/pointer/site65_bit1.out,,,,,,,,,,,,,,50064793,13680487,16777216
65,2,SDC,SDC_NOTFLAGGED,,,,HeCBench/results/llvm17_inject/jacobi/pointer/site65_bit2.out,,,,,,,,,,,,,,54564432,14953379,16777216
65,3,SDC,SDC_NOTFLAGGED,,,,HeCBench/results/llvm17_inject/jacobi/pointer/site65_bit3.out,,,,,,,,,,,,,,58324009,15811916,16777216
65,4,SDC,SDC_NOTFLAGGED,,,,HeCBench/results/llvm17_inject/jacobi/pointer/site65_bit4.out,,,,,,,,,,,,,,59217573,16022412,16777216
65,5,SDC,SDC_NOTFLAGGED,,,,HeCBench/results/llvm17_inject/jacobi/pointer/site65_bit5.out,,,,,,,,,,,,,,59715356,16145771,16777216
65,6,SDC,SDC_NOTFLAGGED,0,,,HeCBench/results/llvm17_inject/jacobi/pointer/site65_bit6.out,,,,,,,,,,,,,,61126628,16454764,16777216
65,7,SDC,SDC_NOTFLAGGED,0,,,HeCBench/results/llvm17_inject/jacobi/pointer/site65_bit7.out,,,,,,,,,,,,,,61148251,16489614,16777216
65,8,SDC,SDC_NOTFLAGGED,0,,,HeCBench/results/llvm17_inject/jacobi/pointer/site65_bit8.out,,,,,,,,,,,,,,61243922,16463878,16777216
65,9,SDC,SDC_NOTFLAGGED,0,,,HeCBench/results/llvm17_inject/jacobi/pointer/site65_bit9.out,,,,,,,,,,,,,,59735447,15927446,16777216
65,10,SDC,SDC_NOTFLAGGED,,,,HeCBench/results/llvm17_inject/jacobi/pointer/site65_bit10.out,,,,,,,,,,,,,,59032952,15380240,16777216
65,11,SDC,SDC_NOTFLAGGED,0,,,HeCBench/results/llvm17_inject/jacobi/pointer/site65_bit11.out,,,,,,,,,,,,,,61700334,16362504,16777216
65,12,SDC,SDC_NOTFLAGGED,0,,,HeCBench/results/llvm17_inject/jacobi/pointer/site65_bit12.out,,,,,,,,,,,,,,58465792,16231615,16777216
65,13,SDC,SDC_NOTFLAGGED,0,,,HeCBench/results/llvm17_inject/jacobi/pointer/site65_bit13.out,,,,,,,,,,,,,,57486291,15214490,16777216
65,14,SDC,SDC_NOTFLAGGED,0,,,HeCBench/results/llvm17_inject/jacobi/pointer/site65_bit14.out,,,,,,,,,,,,,,60250438,16368095,16777216
65,15,SDC,SDC_NOTFLAGGED,,,,HeCBench/results/llvm17_inject/jacobi/pointer/site65_bit15.out,,,,,,,,,,,,,,58446314,15781829,16777216
65,16,SDC,SDC_NOTFLAGGED,,,,HeCBench/results/llvm17_inject/jacobi/pointer/site65_bit16.out,,,,,,,,,,,,,,58975571,15975067,16777216
65,17,SDC,SDC_NOTFLAGGED,,,,HeCBench/results/llvm17_inject/jacobi/pointer/site65_bit17.out,,,,,,,,,,,,,,59666571,16095115,16777216
65,18,SDC,SDC_NOTFLAGGED,0,,,HeCBench/results/llvm17_inject/jacobi/pointer/site65_bit18.out,,,,,,,,,,,,,,61146913,16489372,16777216
65,19,SDC,SDC_NOTFLAGGED,,,,HeCBench/results/llvm17_inject/jacobi/pointer/site65_bit19.out,,,,,,,,,,,,,,60305434,16015665,16777216
65,20,SDC,SDC_NOTFLAGGED,,,,HeCBench/results/llvm17_inject/jacobi/pointer/site65_bit20.out,,,,,,,,,,,,,,60075715,15990380,16777216
65,21,SDC,SDC_NOTFLAGGED,,,,HeCBench/results/llvm17_inject/jacobi/pointer/site65_bit21.out,,,,,,,,,,,,,,57306946,15161319,16777216
65,22,SDC,SDC_NOTFLAGGED,0,,,HeCBench/results/llvm17_inject/jacobi/pointer/site65_bit22.out,,,,,,,,,,,,,,57332957,15931827,16777216
65,23,SDC,SDC_NOTFLAGGED,0,,,HeCBench/results/llvm17_inject/jacobi/pointer/site65_bit23.out,,,,,,,,,,,,,,64016903,16670468,16777216
65,24,SDC,SDC_NOTFLAGGED,0,,,HeCBench/results/llvm17_inject/jacobi/pointer/site65_bit24.out,,,,,,,,,,,,,,61483011,15450736,16777216
65,25,SDC,SDC_NOTFLAGGED,0,,,HeCBench/results/llvm17_inject/jacobi/pointer/site65_bit25.out,,,,,,,,,,,,,,61483011,15450736,16777216
65,26,SDC,SDC_NOTFLAGGED,0,,,HeCBench/results/llvm17_inject/jacobi/pointer/site65_bit26.out,,,,,,,,,,,,,,61483011,15450736,16777216
65,27,SDC,SDC_NOTFLAGGED,,,,HeCBench/results/llvm17_inject/jacobi/pointer/site65_bit27.out,,,,,,,,,,,,,,61483011,15450736,16777216
65,28,SDC,SDC_NOTFLAGGED,,,,HeCBench/results/llvm17_inject/jacobi/pointer/site65_bit28.out,,,,,,,,,,,,,,61483011,15450736,16777216
65,29,SDC,SDC_NOTFLAGGED,,,,HeCBench/results/llvm17_inject/jacobi/pointer/site65_bit29.out,,,,,,,,,,,,,,61483011,15450736,16777216
65,30,SDC,SDC_NOTFLAGGED,,,,HeCBench/results/llvm17_inject/jacobi/pointer/site65_bit30.out,,,,,,,,,,,,,,61483011,15450736,16777216
65,31,SDC,SDC_NOTFLAGGED,,,,HeCBench/results/llvm17_inject/jacobi/pointer/site65_bit31.out,,,,,,,,,,,,,,61483011,15450736,16777216
65,32,SDC,SDC_NOTFLAGGED,,,,HeCBench/results/llvm17_inject/jacobi/pointer/site65_bit32.out,,,,,,,,,,,,,,61483011,15450736,16777216
65,33,SDC,SDC_NOTFLAGGED,,,,HeCBench/results/llvm17_inject/jacobi/pointer/site65_bit33.out,,,,,,,,,,,,,,61483011,15450736,16777216
65,34,SDC,SDC_NOTFLAGGED,,,,HeCBench/results/llvm17_inject/jacobi/pointer/site65_bit34.out,,,,,,,,,,,,,,61483011,15450736,16777216
65,35,SDC,SDC_NOTFLAGGED,,,,HeCBench/results/llvm17_inject/jacobi/pointer/site65_bit35.out,,,,,,,,,,,,,,61483011,15450736,16777216
65,36,SDC,SDC_NOTFLAGGED,,,,HeCBench/results/llvm17_inject/jacobi/pointer/site65_bit36.out,,,,,,,,,,,,,,61483011,15450736,16777216
65,37,SDC,SDC_NOTFLAGGED,,,,HeCBench/results/llvm17_inject/jacobi/pointer/site65_bit37.out,,,,,,,,,,,,,,61483011,15450736,16777216
65,38,SDC,SDC_NOTFLAGGED,,,,HeCBench/results/llvm17_inject/jacobi/pointer/site65_bit38.out,,,,,,,,,,,,,,61483011,15450736,16777216
65,39,SDC,SDC_NOTFLAGGED,,,,HeCBench/results/llvm17_inject/jacobi/pointer/site65_bit39.out,,,,,,,,,,,,,,61483011,15450736,16777216
65,40,SDC,SDC_NOTFLAGGED,,,,HeCBench/results/llvm17_inject/jacobi/pointer/site65_bit40.out,,,,,,,,,,,,,,61483011,15450736,16777216
65,41,SDC,SDC_NOTFLAGGED,,,,HeCBench/results/llvm17_inject/jacobi/pointer/site65_bit41.out,,,,,,,,,,,,,,61483011,15450736,16777216
65,42,SDC,SDC_NOTFLAGGED,,,,HeCBench/results/llvm17_inject/jacobi/pointer/site65_bit42.out,,,,,,,,,,,,,,61483011,15450736,16777216
65,43,SDC,SDC_NOTFLAGGED,,,,HeCBench/results/llvm17_inject/jacobi/pointer/site65_bit43.out,,,,,,,,,,,,,,61483011,15450736,16777216
65,44,SDC,SDC_NOTFLAGGED,,,,HeCBench/results/llvm17_inject/jacobi/pointer/site65_bit44.out,,,,,,,,,,,,,,61483011,15450736,16777216
65,45,SDC,SDC_NOTFLAGGED,,,,HeCBench/results/llvm17_inject/jacobi/pointer/site65_bit45.out,,,,,,,,,,,,,,61483011,15450736,16777216
65,46,SDC,SDC_NOTFLAGGED,,,,HeCBench/results/llvm17_inject/jacobi/pointer/site65_bit46.out,,,,,,,,,,,,,,61483011,15450736,16777216
65,47,SDC,SDC_NOTFLAGGED,,,,HeCBench/results/llvm17_inject/jacobi/pointer/site65_bit47.out,,,,,,,,,,,,,,61483011,15450736,16777216
65,48,SDC,SDC_NOTFLAGGED,,,,HeCBench/results/llvm17_inject/jacobi/pointer/site65_bit48.out,,,,,,,,,,,,,,61483011,15450736,16777216
65,49,SDC,SDC_NOTFLAGGED,,,,HeCBench/results/llvm17_inject/jacobi/pointer/site65_bit49.out,,,,,,,,,,,,,,61483011,15450736,16777216
65,50,SDC,SDC_NOTFLAGGED,,,,HeCBench/results/llvm17_inject/jacobi/pointer/site65_bit50.out,,,,,,,,,,,,,,61483011,15450736,16777216
65,51,SDC,SDC_NOTFLAGGED,,,,HeCBench/results/llvm17_inject/jacobi/pointer/site65_bit51.out,,,,,,,,,,,,,,61483011,15450736,16777216
65,52,SDC,SDC_NOTFLAGGED,,,,HeCBench/results/llvm17_inject/jacobi/pointer/site65_bit52.out,,,,,,,,,,,,,,61483011,15450736,16777216
65,53,SDC,SDC_NOTFLAGGED,,,,HeCBench/results/llvm17_inject/jacobi/pointer/site65_bit53.out,,,,,,,,,,,,,,61483011,15450736,16777216
65,54,SDC,SDC_NOTFLAGGED,,,,HeCBench/results/llvm17_inject/jacobi/pointer/site65_bit54.out,,,,,,,,,,,,,,61483011,15450736,16777216
65,55,SDC,SDC_NOTFLAGGED,,,,HeCBench/results/llvm17_inject/jacobi/pointer/site65_bit55.out,,,,,,,,,,,,,,61483011,15450736,16777216
65,56,SDC,SDC_NOTFLAGGED,,,,HeCBench/results/llvm17_inject/jacobi/pointer/site65_bit56.out,,,,,,,,,,,,,,61483011,15450736,16777216
65,57,SDC,SDC_NOTFLAGGED,,,,HeCBench/results/llvm17_inject/jacobi/pointer/site65_bit57.out,,,,,,,,,,,,,,61483011,15450736,16777216
65,58,SDC,SDC_NOTFLAGGED,,,,HeCBench/results/llvm17_inject/jacobi/pointer/site65_bit58.out,,,,,,,,,,,,,,61483011,15450736,16777216
65,59,SDC,SDC_NOTFLAGGED,,,,HeCBench/results/llvm17_inject/jacobi/pointer/site65_bit59.out,,,,,,,,,,,,,,61483011,15450736,16777216
65,60,SDC,SDC_NOTFLAGGED,,,,HeCBench/results/llvm17_inject/jacobi/pointer/site65_bit60.out,,,,,,,,,,,,,,61483011,15450736,16777216
65,61,SDC,SDC_NOTFLAGGED,,,,HeCBench/results/llvm17_inject/jacobi/pointer/site65_bit61.out,,,,,,,,,,,,,,61483011,15450736,16777216
65,62,SDC,SDC_NOTFLAGGED,,,,HeCBench/results/llvm17_inject/jacobi/pointer/site65_bit62.out,,,,,,,,,,,,,,61483011,15450736,16777216
65,63,SDC,SDC_NOTFLAGGED,,,,HeCBench/results/llvm17_inject/jacobi/pointer/site65_bit63.out,,,,,,,,,,,,,,61483011,15450736,16777216
67,0,SDC,SDC_NOTFLAGGED,,,,HeCBench/results/llvm17_inject/jacobi/pointer/site67_bit0.out,,,,,,,,,,,,,,15190101,4293308,16777216
67,1,SDC,SDC_NOTFLAGGED,,,,HeCBench/results/llvm17_inject/jacobi/pointer/site67_bit1.out,,,,,,,,,,,,,,4460998,2087120,16777216
67,2,SDC,SDC_NOTFLAGGED,,,,HeCBench/results/llvm17_inject/jacobi/pointer/site67_bit2.out,,,,,,,,,,,,,,4755817,2254706,16777216
67,3,SDC,SDC_NOTFLAGGED,,,,HeCBench/results/llvm17_inject/jacobi/pointer/site67_bit3.out,,,,,,,,,,,,,,5814696,2685912,16777216
67,4,SDC,SDC_NOTFLAGGED,,,,HeCBench/results/llvm17_inject/jacobi/pointer/site67_bit4.out,,,,,,,,,,,,,,7450544,3233641,16777216
67,5,SDC,SDC_NOTFLAGGED,,,,HeCBench/results/llvm17_inject/jacobi/pointer/site67_bit5.out,,,,,,,,,,,,,,9797812,3789107,16777216
67,6,SDC,SDC_NOTFLAGGED,,,,HeCBench/results/llvm17_inject/jacobi/pointer/site67_bit6.out,,,,,,,,,,,,,,12105720,4126563,16777216
67,7,SDC,SDC_NOTFLAGGED,,,,HeCBench/results/llvm17_inject/jacobi/pointer/site67_bit7.out,,,,,,,,,,,,,,34644032,9781878,16777216
67,8,SDC,SDC_NOTFLAGGED,,,,HeCBench/results/llvm17_inject/jacobi/pointer/site67_bit8.out,,,,,,,,,,,,,,41169075,11306351,16777216
67,9,SDC,SDC_NOTFLAGGED,,,,HeCBench/results/llvm17_inject/jacobi/pointer/site67_bit9.out,,,,,,,,,,,,,,46029003,12409447,16777216
67,10,SDC,SDC_NOTFLAGGED,,,,HeCBench/results/llvm17_inject/jacobi/pointer/site67_bit10.out,,,,,,,,,,,,,,47579257,12764326,16777216
67,11,SDC,SDC_NOTFLAGGED,,,,HeCBench/results/llvm17_inject/jacobi/pointer/site67_bit11.out,,,,,,,,,,,,,,50444795,13766735,16777216
67,12,SDC,SDC_NOTFLAGGED,,,,HeCBench/results/llvm17_inject/jacobi/pointer/site67_bit12.out,,,,,,,,,,,,,,52388294,14397643,16777216
67,13,SDC,SDC_NOTFLAGGED,,,,HeCBench/results/llvm17_inject/jacobi/pointer/site67_bit13.out,,,,,,,,,,,,,,55231775,15190242,16777216
67,14,SDC,SDC_NOTFLAGGED,0,,,HeCBench/results/llvm17_inject/jacobi/pointer/site67_bit14.out,,,,,,,,,,,,,,61483011,15450736,16777216
67,15,SDC,SDC_NOTFLAGGED,0,,,HeCBench/results/llvm17_inject/jacobi/pointer/site67_bit15.out,,,,,,,,,,,,,,61483011,15450736,16777216
67,16,SDC,SDC_NOTFLAGGED,0,,,HeCBench/results/llvm17_inject/jacobi/pointer/site67_bit16.out,,,,,,,,,,,,,,61483011,15450736,16777216
67,17,SDC,SDC_NOTFLAGGED,0,,,HeCBench/results/llvm17_inject/jacobi/pointer/site67_bit17.out,,,,,,,,,,,,,,61483011,15450736,16777216
67,18,SDC,SDC_NOTFLAGGED,0,,,HeCBench/results/llvm17_inject/jacobi/pointer/site67_bit18.out,,,,,,,,,,,,,,61483011,15450736,16777216
67,19,SDC,SDC_NOTFLAGGED,0,,,HeCBench/results/llvm17_inject/jacobi/pointer/site67_bit19.out,,,,,,,,,,,,,,61483011,15450736,16777216
67,20,SDC,SDC_NOTFLAGGED,0,,,HeCBench/results/llvm17_inject/jacobi/pointer/site67_bit20.out,,,,,,,,,,,,,,61483011,15450736,16777216
67,21,SDC,SDC_NOTFLAGGED,0,,,HeCBench/results/llvm17_inject/jacobi/pointer/site67_bit21.out,,,,,,,,,,,,,,61483011,15450736,16777216
67,22,SDC,SDC_NOTFLAGGED,0,,,HeCBench/results/llvm17_inject/jacobi/pointer/site67_bit22.out,,,,,,,,,,,,,,61483011,15450736,16777216
67,23,SDC,SDC_NOTFLAGGED,0,,,HeCBench/results/llvm17_inject/jacobi/pointer/site67_bit23.out,,,,,,,,,,,,,,61483011,15450736,16777216
67,24,SDC,SDC_NOTFLAGGED,0,,,HeCBench/results/llvm17_inject/jacobi/pointer/site67_bit24.out,,,,,,,,,,,,,,61483011,15450736,16777216
67,25,SDC,SDC_NOTFLAGGED,0,,,HeCBench/results/llvm17_inject/jacobi/pointer/site67_bit25.out,,,,,,,,,,,,,,61483011,15450736,16777216
67,26,SDC,SDC_NOTFLAGGED,0,,,HeCBench/results/llvm17_inject/jacobi/pointer/site67_bit26.out,,,,,,,,,,,,,,61483011,15450736,16777216
67,27,SDC,SDC_NOTFLAGGED,0,,,HeCBench/results/llvm17_inject/jacobi/pointer/site67_bit27.out,,,,,,,,,,,,,,61483011,15450736,16777216
67,28,SDC,SDC_NOTFLAGGED,0,,,HeCBench/results/llvm17_inject/jacobi/pointer/site67_bit28.out,,,,,,,,,,,,,,61483011,15450736,16777216
67,29,SDC,SDC_NOTFLAGGED,,,,HeCBench/results/llvm17_inject/jacobi/pointer/site67_bit29.out,,,,,,,,,,,,,,61521467,16592023,16777216
67,30,SDC,SDC_NOTFLAGGED,0,,,HeCBench/results/llvm17_inject/jacobi/pointer/site67_bit30.out,,,,,,,,,,,,,,61483011,15450736,16777216
67,31,SDC,SDC_NOTFLAGGED,,,,HeCBench/results/llvm17_inject/jacobi/pointer/site67_bit31.out,,,,,,,,,,,,,,58505315,15420245,16777216
67,32,SDC,SDC_NOTFLAGGED,,,,HeCBench/results/llvm17_inject/jacobi/pointer/site67_bit32.out,,,,,,,,,,,,,,58505315,15420245,16777216
67,33,SDC,SDC_NOTFLAGGED,,,,HeCBench/results/llvm17_inject/jacobi/pointer/site67_bit33.out,,,,,,,,,,,,,,58505315,15420245,16777216
67,34,SDC,SDC_NOTFLAGGED,,,,HeCBench/results/llvm17_inject/jacobi/pointer/site67_bit34.out,,,,,,,,,,,,,,58505315,15420245,16777216
67,35,SDC,SDC_NOTFLAGGED,,,,HeCBench/results/llvm17_inject/jacobi/pointer/site67_bit35.out,,,,,,,,,,,,,,58505315,15420245,16777216
67,36,SDC,SDC_NOTFLAGGED,,,,HeCBench/results/llvm17_inject/jacobi/pointer/site67_bit36.out,,,,,,,,,,,,,,58505315,15420245,16777216
67,37,SDC,SDC_NOTFLAGGED,,,,HeCBench/results/llvm17_inject/jacobi/pointer/site67_bit37.out,,,,,,,,,,,,,,58505315,15420245,16777216
67,38,SDC,SDC_NOTFLAGGED,,,,HeCBench/results/llvm17_inject/jacobi/pointer/site67_bit38.out,,,,,,,,,,,,,,58505315,15420245,16777216
67,39,SDC,SDC_NOTFLAGGED,,,,HeCBench/results/llvm17_inject/jacobi/pointer/site67_bit39.out,,,,,,,,,,,,,,58505315,15420245,16777216
67,40,SDC,SDC_NOTFLAGGED,,,,HeCBench/results/llvm17_inject/jacobi/pointer/site67_bit40.out,,,,,,,,,,,,,,58505315,15420245,16777216
67,41,SDC,SDC_NOTFLAGGED,,,,HeCBench/results/llvm17_inject/jacobi/pointer/site67_bit41.out,,,,,,,,,,,,,,58505315,15420245,16777216
67,42,SDC,SDC_NOTFLAGGED,,,,HeCBench/results/llvm17_inject/jacobi/pointer/site67_bit42.out,,,,,,,,,,,,,,58505315,15420245,16777216
67,43,SDC,SDC_NOTFLAGGED,,,,HeCBench/results/llvm17_inject/jacobi/pointer/site67_bit43.out,,,,,,,,,,,,,,58505315,15420245,16777216
67,44,SDC,SDC_NOTFLAGGED,,,,HeCBench/results/llvm17_inject/jacobi/pointer/site67_bit44.out,,,,,,,,,,,,,,58505315,15420245,16777216
67,45,SDC,SDC_NOTFLAGGED,,,,HeCBench/results/llvm17_inject/jacobi/pointer/site67_bit45.out,,,,,,,,,,,,,,58505315,15420245,16777216
67,46,SDC,SDC_NOTFLAGGED,,,,HeCBench/results/llvm17_inject/jacobi/pointer/site67_bit46.out,,,,,,,,,,,,,,58505315,15420245,16777216
67,47,SDC,SDC_NOTFLAGGED,,,,HeCBench/results/llvm17_inject/jacobi/pointer/site67_bit47.out,,,,,,,,,,,,,,58505315,15420245,16777216
67,48,SDC,SDC_NOTFLAGGED,,,,HeCBench/results/llvm17_inject/jacobi/pointer/site67_bit48.out,,,,,,,,,,,,,,58505315,15420245,16777216
67,49,SDC,SDC_NOTFLAGGED,,,,HeCBench/results/llvm17_inject/jacobi/pointer/site67_bit49.out,,,,,,,,,,,,,,58505315,15420245,16777216
67,50,SDC,SDC_NOTFLAGGED,,,,HeCBench/results/llvm17_inject/jacobi/pointer/site67_bit50.out,,,,,,,,,,,,,,58505315,15420245,16777216
67,51,SDC,SDC_NOTFLAGGED,,,,HeCBench/results/llvm17_inject/jacobi/pointer/site67_bit51.out,,,,,,,,,,,,,,58505315,15420245,16777216
67,52,SDC,SDC_NOTFLAGGED,,,,HeCBench/results/llvm17_inject/jacobi/pointer/site67_bit52.out,,,,,,,,,,,,,,58505315,15420245,16777216
67,53,SDC,SDC_NOTFLAGGED,,,,HeCBench/results/llvm17_inject/jacobi/pointer/site67_bit53.out,,,,,,,,,,,,,,58505315,15420245,16777216
67,54,SDC,SDC_NOTFLAGGED,,,,HeCBench/results/llvm17_inject/jacobi/pointer/site67_bit54.out,,,,,,,,,,,,,,58505315,15420245,16777216
67,55,SDC,SDC_NOTFLAGGED,,,,HeCBench/results/llvm17_inject/jacobi/pointer/site67_bit55.out,,,,,,,,,,,,,,58505315,15420245,16777216
67,56,SDC,SDC_NOTFLAGGED,,,,HeCBench/results/llvm17_inject/jacobi/pointer/site67_bit56.out,,,,,,,,,,,,,,58505315,15420245,16777216
67,57,SDC,SDC_NOTFLAGGED,,,,HeCBench/results/llvm17_inject/jacobi/pointer/site67_bit57.out,,,,,,,,,,,,,,58505315,15420245,16777216
67,58,SDC,SDC_NOTFLAGGED,,,,HeCBench/results/llvm17_inject/jacobi/pointer/site67_bit58.out,,,,,,,,,,,,,,58505315,15420245,16777216
67,59,SDC,SDC_NOTFLAGGED,,,,HeCBench/results/llvm17_inject/jacobi/pointer/site67_bit59.out,,,,,,,,,,,,,,58505315,15420245,16777216
67,60,SDC,SDC_NOTFLAGGED,,,,HeCBench/results/llvm17_inject/jacobi/pointer/site67_bit60.out,,,,,,,,,,,,,,58505315,15420245,16777216
67,61,SDC,SDC_NOTFLAGGED,,,,HeCBench/results/llvm17_inject/jacobi/pointer/site67_bit61.out,,,,,,,,,,,,,,58505315,15420245,16777216
67,62,SDC,SDC_NOTFLAGGED,,,,HeCBench/results/llvm17_inject/jacobi/pointer/site67_bit62.out,,,,,,,,,,,,,,58505315,15420245,16777216
67,63,SDC,SDC_NOTFLAGGED,,,,HeCBench/results/llvm17_inject/jacobi/pointer/site67_bit63.out,,,,,,,,,,,,,,58505315,15420245,16777216
68,0,SDC,SDC_NOTFLAGGED,0,,,HeCBench/results/llvm17_inject/jacobi/pointer/site68_bit0.out,,,,,,,,,,,,,,61483011,15450736,16777216
68,1,SDC,SDC_NOTFLAGGED,0,,,HeCBench/results/llvm17_inject/jacobi/pointer/site68_bit1.out,,,,,,,,,,,,,,61483011,15450736,16777216
68,2,FAILURE,FAILURE_NONHANG,255,kernel_reported_fail,,HeCBench/results/llvm17_inject/jacobi/pointer/site68_bit2.out,,,,,,,,,,,,,,,,
68,3,SDC,SDC_NOTFLAGGED,0,,,HeCBench/results/llvm17_inject/jacobi/pointer/site68_bit3.out,,,,,,,,,,,,,,61431002,15450689,16777216
68,4,FAILURE,FAILURE_NONHANG,255,kernel_reported_fail,,HeCBench/results/llvm17_inject/jacobi/pointer/site68_bit4.out,,,,,,,,,,,,,,,,
68,5,SDC,SDC_NOTFLAGGED,,,,HeCBench/results/llvm17_inject/jacobi/pointer/site68_bit5.out,,,,,,,,,,,,,,61483011,15450736,16777216
68,6,SDC,SDC_NOTFLAGGED,,,,HeCBench/results/llvm17_inject/jacobi/pointer/site68_bit6.out,,,,,,,,,,,,,,61483011,15450736,16777216
68,7,FAILURE,FAILURE_NONHANG,255,kernel_reported_fail,,HeCBench/results/llvm17_inject/jacobi/pointer/site68_bit7.out,,,,,,,,,,,,,,,,
68,8,SDC,SDC_NOTFLAGGED,,,,HeCBench/results/llvm17_inject/jacobi/pointer/site68_bit8.out,,,,,,,,,,,,,,61483011,15450736,16777216
68,9,SDC,SDC_NOTFLAGGED,,,,HeCBench/results/llvm17_inject/jacobi/pointer/site68_bit9.out,,,,,,,,,,,,,,61483011,15450736,16777216
68,10,SDC,SDC_NOTFLAGGED,,,,HeCBench/results/llvm17_inject/jacobi/pointer/site68_bit10.out,,,,,,,,,,,,,,61483011,15450736,16777216
68,11,SDC,SDC_NOTFLAGGED,,,,HeCBench/results/llvm17_inject/jacobi/pointer/site68_bit11.out,,,,,,,,,,,,,,61483011,15450736,16777216
68,12,SDC,SDC_NOTFLAGGED,,,,HeCBench/results/llvm17_inject/jacobi/pointer/site68_bit12.out,,,,,,,,,,,,,,61483011,15450736,16777216
68,13,SDC,SDC_NOTFLAGGED,,,,HeCBench/results/llvm17_inject/jacobi/pointer/site68_bit13.out,,,,,,,,,,,,,,61483011,15450736,16777216
68,14,SDC,SDC_NOTFLAGGED,,,,HeCBench/results/llvm17_inject/jacobi/pointer/site68_bit14.out,,,,,,,,,,,,,,61483011,15450736,16777216
68,15,SDC,SDC_NOTFLAGGED,,,,HeCBench/results/llvm17_inject/jacobi/pointer/site68_bit15.out,,,,,,,,,,,,,,61483011,15450736,16777216
68,16,SDC,SDC_NOTFLAGGED,,,,HeCBench/results/llvm17_inject/jacobi/pointer/site68_bit16.out,,,,,,,,,,,,,,61483011,15450736,16777216
68,17,SDC,SDC_NOTFLAGGED,,,,HeCBench/results/llvm17_inject/jacobi/pointer/site68_bit17.out,,,,,,,,,,,,,,61483011,15450736,16777216
68,18,SDC,SDC_NOTFLAGGED,,,,HeCBench/results/llvm17_inject/jacobi/pointer/site68_bit18.out,,,,,,,,,,,,,,61483011,15450736,16777216
68,19,SDC,SDC_NOTFLAGGED,,,,HeCBench/results/llvm17_inject/jacobi/pointer/site68_bit19.out,,,,,,,,,,,,,,61483011,15450736,16777216
68,20,SDC,SDC_NOTFLAGGED,,,,HeCBench/results/llvm17_inject/jacobi/pointer/site68_bit20.out,,,,,,,,,,,,,,61483011,15450736,16777216
68,21,SDC,SDC_NOTFLAGGED,,,,HeCBench/results/llvm17_inject/jacobi/pointer/site68_bit21.out,,,,,,,,,,,,,,61483011,15450736,16777216
68,22,SDC,SDC_NOTFLAGGED,,,,HeCBench/results/llvm17_inject/jacobi/pointer/site68_bit22.out,,,,,,,,,,,,,,61483011,15450736,16777216
68,23,SDC,SDC_NOTFLAGGED,,,,HeCBench/results/llvm17_inject/jacobi/pointer/site68_bit23.out,,,,,,,,,,,,,,61483011,15450736,16777216
68,24,SDC,SDC_NOTFLAGGED,,,,HeCBench/results/llvm17_inject/jacobi/pointer/site68_bit24.out,,,,,,,,,,,,,,61483011,15450736,16777216
68,25,SDC,SDC_NOTFLAGGED,,,,HeCBench/results/llvm17_inject/jacobi/pointer/site68_bit25.out,,,,,,,,,,,,,,61483011,15450736,16777216
68,26,SDC,SDC_NOTFLAGGED,,,,HeCBench/results/llvm17_inject/jacobi/pointer/site68_bit26.out,,,,,,,,,,,,,,61483011,15450736,16777216
68,27,SDC,SDC_NOTFLAGGED,,,,HeCBench/results/llvm17_inject/jacobi/pointer/site68_bit27.out,,,,,,,,,,,,,,61483011,15450736,16777216
68,28,SDC,SDC_NOTFLAGGED,,,,HeCBench/results/llvm17_inject/jacobi/pointer/site68_bit28.out,,,,,,,,,,,,,,61483011,15450736,16777216
68,29,SDC,SDC_NOTFLAGGED,,,,HeCBench/results/llvm17_inject/jacobi/pointer/site68_bit29.out,,,,,,,,,,,,,,61483011,15450736,16777216
68,30,SDC,SDC_NOTFLAGGED,,,,HeCBench/results/llvm17_inject/jacobi/pointer/site68_bit30.out,,,,,,,,,,,,,,61483011,15450736,16777216
68,31,SDC,SDC_NOTFLAGGED,,,,HeCBench/results/llvm17_inject/jacobi/pointer/site68_bit31.out,,,,,,,,,,,,,,61483011,15450736,16777216
68,32,SDC,SDC_NOTFLAGGED,,,,HeCBench/results/llvm17_inject/jacobi/pointer/site68_bit32.out,,,,,,,,,,,,,,61483011,15450736,16777216
68,33,SDC,SDC_NOTFLAGGED,,,,HeCBench/results/llvm17_inject/jacobi/pointer/site68_bit33.out,,,,,,,,,,,,,,61483011,15450736,16777216
68,34,SDC,SDC_NOTFLAGGED,,,,HeCBench/results/llvm17_inject/jacobi/pointer/site68_bit34.out,,,,,,,,,,,,,,61483011,15450736,16777216
68,35,SDC,SDC_NOTFLAGGED,,,,HeCBench/results/llvm17_inject/jacobi/pointer/site68_bit35.out,,,,,,,,,,,,,,61483011,15450736,16777216
68,36,SDC,SDC_NOTFLAGGED,,,,HeCBench/results/llvm17_inject/jacobi/pointer/site68_bit36.out,,,,,,,,,,,,,,61483011,15450736,16777216
68,37,SDC,SDC_NOTFLAGGED,,,,HeCBench/results/llvm17_inject/jacobi/pointer/site68_bit37.out,,,,,,,,,,,,,,61483011,15450736,16777216
68,38,SDC,SDC_NOTFLAGGED,,,,HeCBench/results/llvm17_inject/jacobi/pointer/site68_bit38.out,,,,,,,,,,,,,,61483011,15450736,16777216
68,39,SDC,SDC_NOTFLAGGED,,,,HeCBench/results/llvm17_inject/jacobi/pointer/site68_bit39.out,,,,,,,,,,,,,,61483011,15450736,16777216
68,40,SDC,SDC_NOTFLAGGED,,,,HeCBench/results/llvm17_inject/jacobi/pointer/site68_bit40.out,,,,,,,,,,,,,,61483011,15450736,16777216
68,41,SDC,SDC_NOTFLAGGED,,,,HeCBench/results/llvm17_inject/jacobi/pointer/site68_bit41.out,,,,,,,,,,,,,,61483011,15450736,16777216
68,42,SDC,SDC_NOTFLAGGED,,,,HeCBench/results/llvm17_inject/jacobi/pointer/site68_bit42.out,,,,,,,,,,,,,,61483011,15450736,16777216
68,43,SDC,SDC_NOTFLAGGED,,,,HeCBench/results/llvm17_inject/jacobi/pointer/site68_bit43.out,,,,,,,,,,,,,,61483011,15450736,16777216
68,44,SDC,SDC_NOTFLAGGED,,,,HeCBench/results/llvm17_inject/jacobi/pointer/site68_bit44.out,,,,,,,,,,,,,,61483011,15450736,16777216
68,45,SDC,SDC_NOTFLAGGED,,,,HeCBench/results/llvm17_inject/jacobi/pointer/site68_bit45.out,,,,,,,,,,,,,,61483011,15450736,16777216
68,46,SDC,SDC_NOTFLAGGED,,,,HeCBench/results/llvm17_inject/jacobi/pointer/site68_bit46.out,,,,,,,,,,,,,,61483011,15450736,16777216
68,47,SDC,SDC_NOTFLAGGED,,,,HeCBench/results/llvm17_inject/jacobi/pointer/site68_bit47.out,,,,,,,,,,,,,,61483011,15450736,16777216
68,48,SDC,SDC_NOTFLAGGED,,,,HeCBench/results/llvm17_inject/jacobi/pointer/site68_bit48.out,,,,,,,,,,,,,,61483011,15450736,16777216
68,49,SDC,SDC_NOTFLAGGED,,,,HeCBench/results/llvm17_inject/jacobi/pointer/site68_bit49.out,,,,,,,,,,,,,,61483011,15450736,16777216
68,50,SDC,SDC_NOTFLAGGED,,,,HeCBench/results/llvm17_inject/jacobi/pointer/site68_bit50.out,,,,,,,,,,,,,,61483011,15450736,16777216
68,51,SDC,SDC_NOTFLAGGED,,,,HeCBench/results/llvm17_inject/jacobi/pointer/site68_bit51.out,,,,,,,,,,,,,,61483011,15450736,16777216
68,52,SDC,SDC_NOTFLAGGED,,,,HeCBench/results/llvm17_inject/jacobi/pointer/site68_bit52.out,,,,,,,,,,,,,,61483011,15450736,16777216
68,53,SDC,SDC_NOTFLAGGED,,,,HeCBench/results/llvm17_inject/jacobi/pointer/site68_bit53.out,,,,,,,,,,,,,,61483011,15450736,16777216
68,54,SDC,SDC_NOTFLAGGED,,,,HeCBench/results/llvm17_inject/jacobi/pointer/site68_bit54.out,,,,,,,,,,,,,,61483011,15450736,16777216
68,55,SDC,SDC_NOTFLAGGED,,,,HeCBench/results/llvm17_inject/jacobi/pointer/site68_bit55.out,,,,,,,,,,,,,,61483011,15450736,16777216
68,56,SDC,SDC_NOTFLAGGED,,,,HeCBench/results/llvm17_inject/jacobi/pointer/site68_bit56.out,,,,,,,,,,,,,,61483011,15450736,16777216
68,57,SDC,SDC_NOTFLAGGED,,,,HeCBench/results/llvm17_inject/jacobi/pointer/site68_bit57.out,,,,,,,,,,,,,,61483011,15450736,16777216
68,58,SDC,SDC_NOTFLAGGED,,,,HeCBench/results/llvm17_inject/jacobi/pointer/site68_bit58.out,,,,,,,,,,,,,,61483011,15450736,16777216
68,59,SDC,SDC_NOTFLAGGED,,,,HeCBench/results/llvm17_inject/jacobi/pointer/site68_bit59.out,,,,,,,,,,,,,,61483011,15450736,16777216
68,60,SDC,SDC_NOTFLAGGED,,,,HeCBench/results/llvm17_inject/jacobi/pointer/site68_bit60.out,,,,,,,,,,,,,,61483011,15450736,16777216
68,61,SDC,SDC_NOTFLAGGED,,,,HeCBench/results/llvm17_inject/jacobi/pointer/site68_bit61.out,,,,,,,,,,,,,,61483011,15450736,16777216
68,62,SDC,SDC_NOTFLAGGED,,,,HeCBench/results/llvm17_inject/jacobi/pointer/site68_bit62.out,,,,,,,,,,,,,,61483011,15450736,16777216
68,63,SDC,SDC_NOTFLAGGED,,,,HeCBench/results/llvm17_inject/jacobi/pointer/site68_bit63.out,,,,,,,,,,,,,,61483011,15450736,16777216
83,0,SDC,SDC_NOTFLAGGED,,,,HeCBench/results/llvm17_inject/jacobi/pointer/site83_bit0.out,,,,,,,,,,,,,,45686299,12407561,16777216
83,1,SDC,SDC_NOTFLAGGED,,,,HeCBench/results/llvm17_inject/jacobi/pointer/site83_bit1.out,,,,,,,,,,,,,,50063323,13682603,16777216
83,2,SDC,SDC_NOTFLAGGED,,,,HeCBench/results/llvm17_inject/jacobi/pointer/site83_bit2.out,,,,,,,,,,,,,,54578319,14958670,16777216
83,3,SDC,SDC_NOTFLAGGED,,,,HeCBench/results/llvm17_inject/jacobi/pointer/site83_bit3.out,,,,,,,,,,,,,,58346018,15811629,16777216
83,4,SDC,SDC_NOTFLAGGED,,,,HeCBench/results/llvm17_inject/jacobi/pointer/site83_bit4.out,,,,,,,,,,,,,,59228515,16022519,16777216
83,5,SDC,SDC_NOTFLAGGED,,,,HeCBench/results/llvm17_inject/jacobi/pointer/site83_bit5.out,,,,,,,,,,,,,,59713675,16145546,16777216
83,6,SDC,SDC_NOTFLAGGED,0,,,HeCBench/results/llvm17_inject/jacobi/pointer/site83_bit6.out,,,,,,,,,,,,,,56023781,15246454,16777216
83,7,SDC,SDC_NOTFLAGGED,0,,,HeCBench/results/llvm17_inject/jacobi/pointer/site83_bit7.out,,,,,,,,,,,,,,56023781,15246454,16777216
83,8,SDC,SDC_NOTFLAGGED,0,,,HeCBench/results/llvm17_inject/jacobi/pointer/site83_bit8.out,,,,,,,,,,,,,,56023781,15246454,16777216
83,9,SDC,SDC_NOTFLAGGED,0,,,HeCBench/results/llvm17_inject/jacobi/pointer/site83_bit9.out,,,,,,,,,,,,,,56023781,15246454,16777216
83,10,SDC,SDC_NOTFLAGGED,,,,HeCBench/results/llvm17_inject/jacobi/pointer/site83_bit10.out,,,,,,,,,,,,,,59029681,15380155,16777216
83,11,SDC,SDC_NOTFLAGGED,0,,,HeCBench/results/llvm17_inject/jacobi/pointer/site83_bit11.out,,,,,,,,,,,,,,61483011,15450736,16777216
83,12,SDC,SDC_NOTFLAGGED,0,,,HeCBench/results/llvm17_inject/jacobi/pointer/site83_bit12.out,,,,,,,,,,,,,,61483011,15450736,16777216
83,13,SDC,SDC_NOTFLAGGED,0,,,HeCBench/results/llvm17_inject/jacobi/pointer/site83_bit13.out,,,,,,,,,,,,,,61483011,15450736,16777216
83,14,SDC,SDC_NOTFLAGGED,0,,,HeCBench/results/llvm17_inject/jacobi/pointer/site83_bit14.out,,,,,,,,,,,,,,61483011,15450736,16777216
83,15,SDC,SDC_NOTFLAGGED,,,,HeCBench/results/llvm17_inject/jacobi/pointer/site83_bit15.out,,,,,,,,,,,,,,58448985,15781710,16777216
83,16,SDC,SDC_NOTFLAGGED,,,,HeCBench/results/llvm17_inject/jacobi/pointer/site83_bit16.out,,,,,,,,,,,,,,58976329,15975308,16777216
83,17,SDC,SDC_NOTFLAGGED,,,,HeCBench/results/llvm17_inject/jacobi/pointer/site83_bit17.out,,,,,,,,,,,,,,59666874,16095126,16777216
83,18,SDC,SDC_NOTFLAGGED,0,,,HeCBench/results/llvm17_inject/jacobi/pointer/site83_bit18.out,,,,,,,,,,,,,,61483011,15450736,16777216
83,19,SDC,SDC_NOTFLAGGED,,,,HeCBench/results/llvm17_inject/jacobi/pointer/site83_bit19.out,,,,,,,,,,,,,,60310421,16015933,16777216
83,20,SDC,SDC_NOTFLAGGED,,,,HeCBench/results/llvm17_inject/jacobi/pointer/site83_bit20.out,,,,,,,,,,,,,,60074976,15990474,16777216
83,21,SDC,SDC_NOTFLAGGED,,,,HeCBench/results/llvm17_inject/jacobi/pointer/site83_bit21.out,,,,,,,,,,,,,,57305453,15160953,16777216
83,22,SDC,SDC_NOTFLAGGED,0,,,HeCBench/results/llvm17_inject/jacobi/pointer/site83_bit22.out,,,,,,,,,,,,,,61483011,15450736,16777216
83,23,SDC,SDC_NOTFLAGGED,0,,,HeCBench/results/llvm17_inject/jacobi/pointer/site83_bit23.out,,,,,,,,,,,,,,61483011,15450736,16777216
83,24,SDC,SDC_NOTFLAGGED,0,,,HeCBench/results/llvm17_inject/jacobi/pointer/site83_bit24.out,,,,,,,,,,,,,,61483011,15450736,16777216
83,25,SDC,SDC_NOTFLAGGED,0,,,HeCBench/results/llvm17_inject/jacobi/pointer/site83_bit25.out,,,,,,,,,,,,,,61483011,15450736,16777216
83,26,SDC,SDC_NOTFLAGGED,0,,,HeCBench/results/llvm17_inject/jacobi/pointer/site83_bit26.out,,,,,,,,,,,,,,61483011,15450736,16777216
83,27,SDC,SDC_NOTFLAGGED,,,,HeCBench/results/llvm17_inject/jacobi/pointer/site83_bit27.out,,,,,,,,,,,,,,61483011,15450736,16777216
83,28,SDC,SDC_NOTFLAGGED,,,,HeCBench/results/llvm17_inject/jacobi/pointer/site83_bit28.out,,,,,,,,,,,,,,61483011,15450736,16777216
83,29,SDC,SDC_NOTFLAGGED,,,,HeCBench/results/llvm17_inject/jacobi/pointer/site83_bit29.out,,,,,,,,,,,,,,61483011,15450736,16777216
83,30,SDC,SDC_NOTFLAGGED,,,,HeCBench/results/llvm17_inject/jacobi/pointer/site83_bit30.out,,,,,,,,,,,,,,61483011,15450736,16777216
83,31,SDC,SDC_NOTFLAGGED,,,,HeCBench/results/llvm17_inject/jacobi/pointer/site83_bit31.out,,,,,,,,,,,,,,61483011,15450736,16777216
83,32,SDC,SDC_NOTFLAGGED,,,,HeCBench/results/llvm17_inject/jacobi/pointer/site83_bit32.out,,,,,,,,,,,,,,61483011,15450736,16777216
83,33,SDC,SDC_NOTFLAGGED,,,,HeCBench/results/llvm17_inject/jacobi/pointer/site83_bit33.out,,,,,,,,,,,,,,61483011,15450736,16777216
83,34,SDC,SDC_NOTFLAGGED,,,,HeCBench/results/llvm17_inject/jacobi/pointer/site83_bit34.out,,,,,,,,,,,,,,61483011,15450736,16777216
83,35,SDC,SDC_NOTFLAGGED,,,,HeCBench/results/llvm17_inject/jacobi/pointer/site83_bit35.out,,,,,,,,,,,,,,61483011,15450736,16777216
83,36,SDC,SDC_NOTFLAGGED,,,,HeCBench/results/llvm17_inject/jacobi/pointer/site83_bit36.out,,,,,,,,,,,,,,61483011,15450736,16777216
83,37,SDC,SDC_NOTFLAGGED,,,,HeCBench/results/llvm17_inject/jacobi/pointer/site83_bit37.out,,,,,,,,,,,,,,61483011,15450736,16777216
83,38,SDC,SDC_NOTFLAGGED,,,,HeCBench/results/llvm17_inject/jacobi/pointer/site83_bit38.out,,,,,,,,,,,,,,61483011,15450736,16777216
83,39,SDC,SDC_NOTFLAGGED,,,,HeCBench/results/llvm17_inject/jacobi/pointer/site83_bit39.out,,,,,,,,,,,,,,61483011,15450736,16777216
83,40,SDC,SDC_NOTFLAGGED,,,,HeCBench/results/llvm17_inject/jacobi/pointer/site83_bit40.out,,,,,,,,,,,,,,61483011,15450736,16777216
83,41,SDC,SDC_NOTFLAGGED,,,,HeCBench/results/llvm17_inject/jacobi/pointer/site83_bit41.out,,,,,,,,,,,,,,61483011,15450736,16777216
83,42,SDC,SDC_NOTFLAGGED,,,,HeCBench/results/llvm17_inject/jacobi/pointer/site83_bit42.out,,,,,,,,,,,,,,61483011,15450736,16777216
83,43,SDC,SDC_NOTFLAGGED,,,,HeCBench/results/llvm17_inject/jacobi/pointer/site83_bit43.out,,,,,,,,,,,,,,61483011,15450736,16777216
83,44,SDC,SDC_NOTFLAGGED,,,,HeCBench/results/llvm17_inject/jacobi/pointer/site83_bit44.out,,,,,,,,,,,,,,61483011,15450736,16777216
83,45,SDC,SDC_NOTFLAGGED,,,,HeCBench/results/llvm17_inject/jacobi/pointer/site83_bit45.out,,,,,,,,,,,,,,61483011,15450736,16777216
83,46,SDC,SDC_NOTFLAGGED,,,,HeCBench/results/llvm17_inject/jacobi/pointer/site83_bit46.out,,,,,,,,,,,,,,61483011,15450736,16777216
83,47,SDC,SDC_NOTFLAGGED,,,,HeCBench/results/llvm17_inject/jacobi/pointer/site83_bit47.out,,,,,,,,,,,,,,61483011,15450736,16777216
83,48,SDC,SDC_NOTFLAGGED,,,,HeCBench/results/llvm17_inject/jacobi/pointer/site83_bit48.out,,,,,,,,,,,,,,61483011,15450736,16777216
83,49,SDC,SDC_NOTFLAGGED,,,,HeCBench/results/llvm17_inject/jacobi/pointer/site83_bit49.out,,,,,,,,,,,,,,61483011,15450736,16777216
83,50,SDC,SDC_NOTFLAGGED,,,,HeCBench/results/llvm17_inject/jacobi/pointer/site83_bit50.out,,,,,,,,,,,,,,61483011,15450736,16777216
83,51,SDC,SDC_NOTFLAGGED,,,,HeCBench/results/llvm17_inject/jacobi/pointer/site83_bit51.out,,,,,,,,,,,,,,61483011,15450736,16777216
83,52,SDC,SDC_NOTFLAGGED,,,,HeCBench/results/llvm17_inject/jacobi/pointer/site83_bit52.out,,,,,,,,,,,,,,61483011,15450736,16777216
83,53,SDC,SDC_NOTFLAGGED,,,,HeCBench/results/llvm17_inject/jacobi/pointer/site83_bit53.out,,,,,,,,,,,,,,61483011,15450736,16777216
83,54,SDC,SDC_NOTFLAGGED,,,,HeCBench/results/llvm17_inject/jacobi/pointer/site83_bit54.out,,,,,,,,,,,,,,61483011,15450736,16777216
83,55,SDC,SDC_NOTFLAGGED,,,,HeCBench/results/llvm17_inject/jacobi/pointer/site83_bit55.out,,,,,,,,,,,,,,61483011,15450736,16777216
83,56,SDC,SDC_NOTFLAGGED,,,,HeCBench/results/llvm17_inject/jacobi/pointer/site83_bit56.out,,,,,,,,,,,,,,61483011,15450736,16777216
83,57,SDC,SDC_NOTFLAGGED,,,,HeCBench/results/llvm17_inject/jacobi/pointer/site83_bit57.out,,,,,,,,,,,,,,61483011,15450736,16777216
83,58,SDC,SDC_NOTFLAGGED,,,,HeCBench/results/llvm17_inject/jacobi/pointer/site83_bit58.out,,,,,,,,,,,,,,61483011,15450736,16777216
83,59,SDC,SDC_NOTFLAGGED,,,,HeCBench/results/llvm17_inject/jacobi/pointer/site83_bit59.out,,,,,,,,,,,,,,61483011,15450736,16777216
83,60,SDC,SDC_NOTFLAGGED,,,,HeCBench/results/llvm17_inject/jacobi/pointer/site83_bit60.out,,,,,,,,,,,,,,61483011,15450736,16777216
83,61,SDC,SDC_NOTFLAGGED,,,,HeCBench/results/llvm17_inject/jacobi/pointer/site83_bit61.out,,,,,,,,,,,,,,61483011,15450736,16777216
83,62,MASKED,MASKED_UNFLAGGED,,,,HeCBench/results/llvm17_inject/jacobi/pointer/site83_bit62.out,,,,,,,,,,,,,,,,
83,63,MASKED,MASKED_UNFLAGGED,,,,HeCBench/results/llvm17_inject/jacobi/pointer/site83_bit63.out,,,,,,,,,,,,,,,,
84,0,SDC,SDC_NOTFLAGGED,,,,HeCBench/results/llvm17_inject/jacobi/pointer/site84_bit0.out,,,,,,,,,,,,,,15169860,4289518,16777216
84,1,SDC,SDC_NOTFLAGGED,,,,HeCBench/results/llvm17_inject/jacobi/pointer/site84_bit1.out,,,,,,,,,,,,,,3945957,1875086,16777216
84,2,SDC,SDC_NOTFLAGGED,,,,HeCBench/results/llvm17_inject/jacobi/pointer/site84_bit2.out,,,,,,,,,,,,,,4657604,2210694,16777216
84,3,SDC,SDC_NOTFLAGGED,,,,HeCBench/results/llvm17_inject/jacobi/pointer/site84_bit3.out,,,,,,,,,,,,,,5663154,2628016,16777216
84,4,SDC,SDC_NOTFLAGGED,,,,HeCBench/results/llvm17_inject/jacobi/pointer/site84_bit4.out,,,,,,,,,,,,,,7538298,3262230,16777216
84,5,SDC,SDC_NOTFLAGGED,,,,HeCBench/results/llvm17_inject/jacobi/pointer/site84_bit5.out,,,,,,,,,,,,,,9788293,3785821,16777216
84,6,SDC,SDC_NOTFLAGGED,,,,HeCBench/results/llvm17_inject/jacobi/pointer/site84_bit6.out,,,,,,,,,,,,,,12119272,4128727,16777216
84,7,SDC,SDC_NOTFLAGGED,,,,HeCBench/results/llvm17_inject/jacobi/pointer/site84_bit7.out,,,,,,,,,,,,,,34643218,9782035,16777216
84,8,SDC,SDC_NOTFLAGGED,,,,HeCBench/results/llvm17_inject/jacobi/pointer/site84_bit8.out,,,,,,,,,,,,,,41181987,11306629,16777216
84,9,SDC,SDC_NOTFLAGGED,,,,HeCBench/results/llvm17_inject/jacobi/pointer/site84_bit9.out,,,,,,,,,,,,,,46032821,12409737,16777216
84,10,SDC,SDC_NOTFLAGGED,,,,HeCBench/results/llvm17_inject/jacobi/pointer/site84_bit10.out,,,,,,,,,,,,,,47458816,12741454,16777216
84,11,SDC,SDC_NOTFLAGGED,,,,HeCBench/results/llvm17_inject/jacobi/pointer/site84_bit11.out,,,,,,,,,,,,,,50450692,13766409,16777216
84,12,SDC,SDC_NOTFLAGGED,,,,HeCBench/results/llvm17_inject/jacobi/pointer/site84_bit12.out,,,,,,,,,,,,,,52364431,14390160,16777216
84,13,SDC,SDC_NOTFLAGGED,,,,HeCBench/results/llvm17_inject/jacobi/pointer/site84_bit13.out,,,,,,,,,,,,,,55215195,15174840,16777216
84,14,SDC,SDC_NOTFLAGGED,0,,,HeCBench/results/llvm17_inject/jacobi/pointer/site84_bit14.out,,,,,,,,,,,,,,61483011,15450736,16777216
84,15,SDC,SDC_NOTFLAGGED,0,,,HeCBench/results/llvm17_inject/jacobi/pointer/site84_bit15.out,,,,,,,,,,,,,,61483011,15450736,16777216
84,16,SDC,SDC_NOTFLAGGED,0,,,HeCBench/results/llvm17_inject/jacobi/pointer/site84_bit16.out,,,,,,,,,,,,,,61483011,15450736,16777216
84,17,SDC,SDC_NOTFLAGGED,0,,,HeCBench/results/llvm17_inject/jacobi/pointer/site84_bit17.out,,,,,,,,,,,,,,61483011,15450736,16777216
84,18,SDC,SDC_NOTFLAGGED,0,,,HeCBench/results/llvm17_inject/jacobi/pointer/site84_bit18.out,,,,,,,,,,,,,,61483011,15450736,16777216
84,19,SDC,SDC_NOTFLAGGED,0,,,HeCBench/results/llvm17_inject/jacobi/pointer/site84_bit19.out,,,,,,,,,,,,,,61483011,15450736,16777216
84,20,SDC,SDC_NOTFLAGGED,0,,,HeCBench/results/llvm17_inject/jacobi/pointer/site84_bit20.out,,,,,,,,,,,,,,61483011,15450736,16777216
84,21,SDC,SDC_NOTFLAGGED,0,,,HeCBench/results/llvm17_inject/jacobi/pointer/site84_bit21.out,,,,,,,,,,,,,,61483011,15450736,16777216
84,22,SDC,SDC_NOTFLAGGED,0,,,HeCBench/results/llvm17_inject/jacobi/pointer/site84_bit22.out,,,,,,,,,,,,,,61483011,15450736,16777216
84,23,SDC,SDC_NOTFLAGGED,0,,,HeCBench/results/llvm17_inject/jacobi/pointer/site84_bit23.out,,,,,,,,,,,,,,61483011,15450736,16777216
84,24,SDC,SDC_NOTFLAGGED,0,,,HeCBench/results/llvm17_inject/jacobi/pointer/site84_bit24.out,,,,,,,,,,,,,,61483011,15450736,16777216
84,25,SDC,SDC_NOTFLAGGED,0,,,HeCBench/results/llvm17_inject/jacobi/pointer/site84_bit25.out,,,,,,,,,,,,,,61483011,15450736,16777216
84,26,SDC,SDC_NOTFLAGGED,0,,,HeCBench/results/llvm17_inject/jacobi/pointer/site84_bit26.out,,,,,,,,,,,,,,61483011,15450736,16777216
84,27,SDC,SDC_NOTFLAGGED,0,,,HeCBench/results/llvm17_inject/jacobi/pointer/site84_bit27.out,,,,,,,,,,,,,,61483011,15450736,16777216
84,28,SDC,SDC_NOTFLAGGED,0,,,HeCBench/results/llvm17_inject/jacobi/pointer/site84_bit28.out,,,,,,,,,,,,,,61483011,15450736,16777216
84,29,SDC,SDC_NOTFLAGGED,,,,HeCBench/results/llvm17_inject/jacobi/pointer/site84_bit29.out,,,,,,,,,,,,,,61461978,16591177,16777216
84,30,SDC,SDC_NOTFLAGGED,0,,,HeCBench/results/llvm17_inject/jacobi/pointer/site84_bit30.out,,,,,,,,,,,,,,61483011,15450736,16777216
84,31,SDC,SDC_NOTFLAGGED,,,,HeCBench/results/llvm17_inject/jacobi/pointer/site84_bit31.out,,,,,,,,,,,,,,58503448,15420342,16777216
84,32,SDC,SDC_NOTFLAGGED,,,,HeCBench/results/llvm17_inject/jacobi/pointer/site84_bit32.out,,,,,,,,,,,,,,58503448,15420342,16777216
84,33,SDC,SDC_NOTFLAGGED,,,,HeCBench/results/llvm17_inject/jacobi/pointer/site84_bit33.out,,,,,,,,,,,,,,58503448,15420342,16777216
84,34,SDC,SDC_NOTFLAGGED,,,,HeCBench/results/llvm17_inject/jacobi/pointer/site84_bit34.out,,,,,,,,,,,,,,58503448,15420342,16777216
84,35,SDC,SDC_NOTFLAGGED,,,,HeCBench/results/llvm17_inject/jacobi/pointer/site84_bit35.out,,,,,,,,,,,,,,58503448,15420342,16777216
84,36,SDC,SDC_NOTFLAGGED,,,,HeCBench/results/llvm17_inject/jacobi/pointer/site84_bit36.out,,,,,,,,,,,,,,58503448,15420342,16777216
84,37,SDC,SDC_NOTFLAGGED,,,,HeCBench/results/llvm17_inject/jacobi/pointer/site84_bit37.out,,,,,,,,,,,,,,58503448,15420342,16777216
84,38,SDC,SDC_NOTFLAGGED,,,,HeCBench/results/llvm17_inject/jacobi/pointer/site84_bit38.out,,,,,,,,,,,,,,58503448,15420342,16777216
84,39,SDC,SDC_NOTFLAGGED,,,,HeCBench/results/llvm17_inject/jacobi/pointer/site84_bit39.out,,,,,,,,,,,,,,58503448,15420342,16777216
84,40,SDC,SDC_NOTFLAGGED,,,,HeCBench/results/llvm17_inject/jacobi/pointer/site84_bit40.out,,,,,,,,,,,,,,58503448,15420342,16777216
84,41,SDC,SDC_NOTFLAGGED,,,,HeCBench/results/llvm17_inject/jacobi/pointer/site84_bit41.out,,,,,,,,,,,,,,58503448,15420342,16777216
84,42,SDC,SDC_NOTFLAGGED,,,,HeCBench/results/llvm17_inject/jacobi/pointer/site84_bit42.out,,,,,,,,,,,,,,58503448,15420342,16777216
84,43,SDC,SDC_NOTFLAGGED,,,,HeCBench/results/llvm17_inject/jacobi/pointer/site84_bit43.out,,,,,,,,,,,,,,58503448,15420342,16777216
84,44,SDC,SDC_NOTFLAGGED,,,,HeCBench/results/llvm17_inject/jacobi/pointer/site84_bit44.out,,,,,,,,,,,,,,58503448,15420342,16777216
84,45,SDC,SDC_NOTFLAGGED,,,,HeCBench/results/llvm17_inject/jacobi/pointer/site84_bit45.out,,,,,,,,,,,,,,58503448,15420342,16777216
84,46,SDC,SDC_NOTFLAGGED,,,,HeCBench/results/llvm17_inject/jacobi/pointer/site84_bit46.out,,,,,,,,,,,,,,58503448,15420342,16777216
84,47,SDC,SDC_NOTFLAGGED,,,,HeCBench/results/llvm17_inject/jacobi/pointer/site84_bit47.out,,,,,,,,,,,,,,58503448,15420342,16777216
84,48,SDC,SDC_NOTFLAGGED,,,,HeCBench/results/llvm17_inject/jacobi/pointer/site84_bit48.out,,,,,,,,,,,,,,58503448,15420342,16777216
84,49,SDC,SDC_NOTFLAGGED,,,,HeCBench/results/llvm17_inject/jacobi/pointer/site84_bit49.out,,,,,,,,,,,,,,58503448,15420342,16777216
84,50,SDC,SDC_NOTFLAGGED,,,,HeCBench/results/llvm17_inject/jacobi/pointer/site84_bit50.out,,,,,,,,,,,,,,58503448,15420342,16777216
84,51,SDC,SDC_NOTFLAGGED,,,,HeCBench/results/llvm17_inject/jacobi/pointer/site84_bit51.out,,,,,,,,,,,,,,58503448,15420342,16777216
84,52,SDC,SDC_NOTFLAGGED,,,,HeCBench/results/llvm17_inject/jacobi/pointer/site84_bit52.out,,,,,,,,,,,,,,58503448,15420342,16777216
84,53,SDC,SDC_NOTFLAGGED,,,,HeCBench/results/llvm17_inject/jacobi/pointer/site84_bit53.out,,,,,,,,,,,,,,58503448,15420342,16777216
84,54,SDC,SDC_NOTFLAGGED,,,,HeCBench/results/llvm17_inject/jacobi/pointer/site84_bit54.out,,,,,,,,,,,,,,58503448,15420342,16777216
84,55,SDC,SDC_NOTFLAGGED,,,,HeCBench/results/llvm17_inject/jacobi/pointer/site84_bit55.out,,,,,,,,,,,,,,58503448,15420342,16777216
84,56,SDC,SDC_NOTFLAGGED,,,,HeCBench/results/llvm17_inject/jacobi/pointer/site84_bit56.out,,,,,,,,,,,,,,58503448,15420342,16777216
84,57,SDC,SDC_NOTFLAGGED,,,,HeCBench/results/llvm17_inject/jacobi/pointer/site84_bit57.out,,,,,,,,,,,,,,58503448,15420342,16777216
84,58,SDC,SDC_NOTFLAGGED,,,,HeCBench/results/llvm17_inject/jacobi/pointer/site84_bit58.out,,,,,,,,,,,,,,58503448,15420342,16777216
84,59,SDC,SDC_NOTFLAGGED,,,,HeCBench/results/llvm17_inject/jacobi/pointer/site84_bit59.out,,,,,,,,,,,,,,58503448,15420342,16777216
84,60,SDC,SDC_NOTFLAGGED,,,,HeCBench/results/llvm17_inject/jacobi/pointer/site84_bit60.out,,,,,,,,,,,,,,58503448,15420342,16777216
84,61,SDC,SDC_NOTFLAGGED,,,,HeCBench/results/llvm17_inject/jacobi/pointer/site84_bit61.out,,,,,,,,,,,,,,58503448,15420342,16777216
84,62,SDC,SDC_NOTFLAGGED,,,,HeCBench/results/llvm17_inject/jacobi/pointer/site84_bit62.out,,,,,,,,,,,,,,58503448,15420342,16777216
84,63,SDC,SDC_NOTFLAGGED,,,,HeCBench/results/llvm17_inject/jacobi/pointer/site84_bit63.out,,,,,,,,,,,,,,58503448,15420342,16777216
108,0,SDC,SDC_NOTFLAGGED,0,,,HeCBench/results/llvm17_inject/jacobi/pointer/site108_bit0.out,,,,,,,,,,,,,,61483011,15450736,16777216
108,1,SDC,SDC_NOTFLAGGED,0,,,HeCBench/results/llvm17_inject/jacobi/pointer/site108_bit1.out,,,,,,,,,,,,,,61483011,15450736,16777216
108,2,SDC,SDC_NOTFLAGGED,0,,,HeCBench/results/llvm17_inject/jacobi/pointer/site108_bit2.out,,,,,,,,,,,,,,61431002,15450689,16777216
108,3,SDC,SDC_NOTFLAGGED,0,,,HeCBench/results/llvm17_inject/jacobi/pointer/site108_bit3.out,,,,,,,,,,,,,,61431002,15450689,16777216
108,4,SDC,SDC_NOTFLAGGED,0,,,HeCBench/results/llvm17_inject/jacobi/pointer/site108_bit4.out,,,,,,,,,,,,,,61431002,15450689,16777216
108,5,SDC,SDC_NOTFLAGGED,,,,HeCBench/results/llvm17_inject/jacobi/pointer/site108_bit5.out,,,,,,,,,,,,,,61483011,15450736,16777216
108,6,SDC,SDC_NOTFLAGGED,,,,HeCBench/results/llvm17_inject/jacobi/pointer/site108_bit6.out,,,,,,,,,,,,,,61483011,15450736,16777216
108,7,SDC,SDC_NOTFLAGGED,,,,HeCBench/results/llvm17_inject/jacobi/pointer/site108_bit7.out,,,,,,,,,,,,,,61483011,15450736,16777216
108,8,SDC,SDC_NOTFLAGGED,,,,HeCBench/results/llvm17_inject/jacobi/pointer/site108_bit8.out,,,,,,,,,,,,,,61483011,15450736,16777216
108,9,SDC,SDC_NOTFLAGGED,0,,,HeCBench/results/llvm17_inject/jacobi/pointer/site108_bit9.out,,,,,,,,,,,,,,61431002,15450689,16777216
108,10,SDC,SDC_NOTFLAGGED,,,,HeCBench/results/llvm17_inject/jacobi/pointer/site108_bit10.out,,,,,,,,,,,,,,61483011,15450736,16777216
108,11,SDC,SDC_NOTFLAGGED,,,,HeCBench/results/llvm17_inject/jacobi/pointer/site108_bit11.out,,,,,,,,,,,,,,61483011,15450736,16777216
108,12,SDC,SDC_NOTFLAGGED,,,,HeCBench/results/llvm17_inject/jacobi/pointer/site108_bit12.out,,,,,,,,,,,,,,61483011,15450736,16777216
108,13,SDC,SDC_NOTFLAGGED,,,,HeCBench/results/llvm17_inject/jacobi/pointer/site108_bit13.out,,,,,,,,,,,,,,61483011,15450736,16777216
108,14,SDC,SDC_NOTFLAGGED,,,,HeCBench/results/llvm17_inject/jacobi/pointer/site108_bit14.out,,,,,,,,,,,,,,61483011,15450736,16777216
108,15,SDC,SDC_NOTFLAGGED,,,,HeCBench/results/llvm17_inject/jacobi/pointer/site108_bit15.out,,,,,,,,,,,,,,61483011,15450736,16777216
108,16,SDC,SDC_NOTFLAGGED,,,,HeCBench/results/llvm17_inject/jacobi/pointer/site108_bit16.out,,,,,,,,,,,,,,61483011,15450736,16777216
108,17,SDC,SDC_NOTFLAGGED,,,,HeCBench/results/llvm17_inject/jacobi/pointer/site108_bit17.out,,,,,,,,,,,,,,61483011,15450736,16777216
108,18,SDC,SDC_NOTFLAGGED,,,,HeCBench/results/llvm17_inject/jacobi/pointer/site108_bit18.out,,,,,,,,,,,,,,61483011,15450736,16777216
108,19,SDC,SDC_NOTFLAGGED,,,,HeCBench/results/llvm17_inject/jacobi/pointer/site108_bit19.out,,,,,,,,,,,,,,61483011,15450736,16777216
108,20,SDC,SDC_NOTFLAGGED,,,,HeCBench/results/llvm17_inject/jacobi/pointer/site108_bit20.out,,,,,,,,,,,,,,61483011,15450736,16777216
108,21,SDC,SDC_NOTFLAGGED,,,,HeCBench/results/llvm17_inject/jacobi/pointer/site108_bit21.out,,,,,,,,,,,,,,61483011,15450736,16777216
108,22,SDC,SDC_NOTFLAGGED,,,,HeCBench/results/llvm17_inject/jacobi/pointer/site108_bit22.out,,,,,,,,,,,,,,61483011,15450736,16777216
108,23,SDC,SDC_NOTFLAGGED,,,,HeCBench/results/llvm17_inject/jacobi/pointer/site108_bit23.out,,,,,,,,,,,,,,61483011,15450736,16777216
108,24,SDC,SDC_NOTFLAGGED,,,,HeCBench/results/llvm17_inject/jacobi/pointer/site108_bit24.out,,,,,,,,,,,,,,61483011,15450736,16777216
108,25,SDC,SDC_NOTFLAGGED,,,,HeCBench/results/llvm17_inject/jacobi/pointer/site108_bit25.out,,,,,,,,,,,,,,61483011,15450736,16777216
108,26,SDC,SDC_NOTFLAGGED,,,,HeCBench/results/llvm17_inject/jacobi/pointer/site108_bit26.out,,,,,,,,,,,,,,61483011,15450736,16777216
108,27,SDC,SDC_NOTFLAGGED,,,,HeCBench/results/llvm17_inject/jacobi/pointer/site108_bit27.out,,,,,,,,,,,,,,61483011,15450736,16777216
108,28,SDC,SDC_NOTFLAGGED,,,,HeCBench/results/llvm17_inject/jacobi/pointer/site108_bit28.out,,,,,,,,,,,,,,61483011,15450736,16777216
108,29,SDC,SDC_NOTFLAGGED,,,,HeCBench/results/llvm17_inject/jacobi/pointer/site108_bit29.out,,,,,,,,,,,,,,61483011,15450736,16777216
108,30,SDC,SDC_NOTFLAGGED,,,,HeCBench/results/llvm17_inject/jacobi/pointer/site108_bit30.out,,,,,,,,,,,,,,61483011,15450736,16777216
108,31,SDC,SDC_NOTFLAGGED,,,,HeCBench/results/llvm17_inject/jacobi/pointer/site108_bit31.out,,,,,,,,,,,,,,61483011,15450736,16777216
108,32,SDC,SDC_NOTFLAGGED,,,,HeCBench/results/llvm17_inject/jacobi/pointer/site108_bit32.out,,,,,,,,,,,,,,61483011,15450736,16777216
108,33,SDC,SDC_NOTFLAGGED,,,,HeCBench/results/llvm17_inject/jacobi/pointer/site108_bit33.out,,,,,,,,,,,,,,61483011,15450736,16777216
108,34,SDC,SDC_NOTFLAGGED,,,,HeCBench/results/llvm17_inject/jacobi/pointer/site108_bit34.out,,,,,,,,,,,,,,61483011,15450736,16777216
108,35,SDC,SDC_NOTFLAGGED,,,,HeCBench/results/llvm17_inject/jacobi/pointer/site108_bit35.out,,,,,,,,,,,,,,61483011,15450736,16777216
108,36,SDC,SDC_NOTFLAGGED,,,,HeCBench/results/llvm17_inject/jacobi/pointer/site108_bit36.out,,,,,,,,,,,,,,61483011,15450736,16777216
108,37,SDC,SDC_NOTFLAGGED,,,,HeCBench/results/llvm17_inject/jacobi/pointer/site108_bit37.out,,,,,,,,,,,,,,61483011,15450736,16777216
108,38,SDC,SDC_NOTFLAGGED,,,,HeCBench/results/llvm17_inject/jacobi/pointer/site108_bit38.out,,,,,,,,,,,,,,61483011,15450736,16777216
108,39,SDC,SDC_NOTFLAGGED,,,,HeCBench/results/llvm17_inject/jacobi/pointer/site108_bit39.out,,,,,,,,,,,,,,61483011,15450736,16777216
108,40,SDC,SDC_NOTFLAGGED,,,,HeCBench/results/llvm17_inject/jacobi/pointer/site108_bit40.out,,,,,,,,,,,,,,61483011,15450736,16777216
108,41,SDC,SDC_NOTFLAGGED,,,,HeCBench/results/llvm17_inject/jacobi/pointer/site108_bit41.out,,,,,,,,,,,,,,61483011,15450736,16777216
108,42,SDC,SDC_NOTFLAGGED,,,,HeCBench/results/llvm17_inject/jacobi/pointer/site108_bit42.out,,,,,,,,,,,,,,61483011,15450736,16777216
108,43,SDC,SDC_NOTFLAGGED,,,,HeCBench/results/llvm17_inject/jacobi/pointer/site108_bit43.out,,,,,,,,,,,,,,61483011,15450736,16777216
108,44,SDC,SDC_NOTFLAGGED,,,,HeCBench/results/llvm17_inject/jacobi/pointer/site108_bit44.out,,,,,,,,,,,,,,61483011,15450736,16777216
108,45,SDC,SDC_NOTFLAGGED,,,,HeCBench/results/llvm17_inject/jacobi/pointer/site108_bit45.out,,,,,,,,,,,,,,61483011,15450736,16777216
108,46,SDC,SDC_NOTFLAGGED,,,,HeCBench/results/llvm17_inject/jacobi/pointer/site108_bit46.out,,,,,,,,,,,,,,61483011,15450736,16777216
108,47,SDC,SDC_NOTFLAGGED,,,,HeCBench/results/llvm17_inject/jacobi/pointer/site108_bit47.out,,,,,,,,,,,,,,61483011,15450736,16777216
108,48,SDC,SDC_NOTFLAGGED,,,,HeCBench/results/llvm17_inject/jacobi/pointer/site108_bit48.out,,,,,,,,,,,,,,61483011,15450736,16777216
108,49,SDC,SDC_NOTFLAGGED,,,,HeCBench/results/llvm17_inject/jacobi/pointer/site108_bit49.out,,,,,,,,,,,,,,61483011,15450736,16777216
108,50,SDC,SDC_NOTFLAGGED,,,,HeCBench/results/llvm17_inject/jacobi/pointer/site108_bit50.out,,,,,,,,,,,,,,61483011,15450736,16777216
108,51,SDC,SDC_NOTFLAGGED,,,,HeCBench/results/llvm17_inject/jacobi/pointer/site108_bit51.out,,,,,,,,,,,,,,61483011,15450736,16777216
108,52,SDC,SDC_NOTFLAGGED,,,,HeCBench/results/llvm17_inject/jacobi/pointer/site108_bit52.out,,,,,,,,,,,,,,61483011,15450736,16777216
108,53,SDC,SDC_NOTFLAGGED,,,,HeCBench/results/llvm17_inject/jacobi/pointer/site108_bit53.out,,,,,,,,,,,,,,61483011,15450736,16777216
108,54,SDC,SDC_NOTFLAGGED,,,,HeCBench/results/llvm17_inject/jacobi/pointer/site108_bit54.out,,,,,,,,,,,,,,61483011,15450736,16777216
108,55,SDC,SDC_NOTFLAGGED,,,,HeCBench/results/llvm17_inject/jacobi/pointer/site108_bit55.out,,,,,,,,,,,,,,61483011,15450736,16777216
108,56,SDC,SDC_NOTFLAGGED,,,,HeCBench/results/llvm17_inject/jacobi/pointer/site108_bit56.out,,,,,,,,,,,,,,61483011,15450736,16777216
108,57,SDC,SDC_NOTFLAGGED,,,,HeCBench/results/llvm17_inject/jacobi/pointer/site108_bit57.out,,,,,,,,,,,,,,61483011,15450736,16777216
108,58,SDC,SDC_NOTFLAGGED,,,,HeCBench/results/llvm17_inject/jacobi/pointer/site108_bit58.out,,,,,,,,,,,,,,61483011,15450736,16777216
108,59,SDC,SDC_NOTFLAGGED,,,,HeCBench/results/llvm17_inject/jacobi/pointer/site108_bit59.out,,,,,,,,,,,,,,61483011,15450736,16777216
108,60,SDC,SDC_NOTFLAGGED,,,,HeCBench/results/llvm17_inject/jacobi/pointer/site108_bit60.out,,,,,,,,,,,,,,61483011,15450736,16777216
108,61,MASKED,MASKED_UNFLAGGED,,,,HeCBench/results/llvm17_inject/jacobi/pointer/site108_bit61.out,,,,,,,,,,,,,,,,
108,62,MASKED,MASKED_UNFLAGGED,,,,HeCBench/results/llvm17_inject/jacobi/pointer/site108_bit62.out,,,,,,,,,,,,,,,,
108,63,MASKED,MASKED_UNFLAGGED,,,,HeCBench/results/llvm17_inject/jacobi/pointer/site108_bit63.out,,,,,,,,,,,,,,,,
109,0,SDC,SDC_NOTFLAGGED,0,,,HeCBench/results/llvm17_inject/jacobi/pointer/site109_bit0.out,,,,,,,,,,,,,,61483011,15450736,16777216
109,1,SDC,SDC_NOTFLAGGED,0,,,HeCBench/results/llvm17_inject/jacobi/pointer/site109_bit1.out,,,,,,,,,,,,,,61483011,15450736,16777216
109,2,SDC,SDC_NOTFLAGGED,0,,,HeCBench/results/llvm17_inject/jacobi/pointer/site109_bit2.out,,,,,,,,,,,,,,61483011,15450736,16777216
109,3,SDC,SDC_NOTFLAGGED,0,,,HeCBench/results/llvm17_inject/jacobi/pointer/site109_bit3.out,,,,,,,,,,,,,,61483011,15450736,16777216
109,4,SDC,SDC_NOTFLAGGED,0,,,HeCBench/results/llvm17_inject/jacobi/pointer/site109_bit4.out,,,,,,,,,,,,,,61483011,15450736,16777216
109,5,SDC,SDC_NOTFLAGGED,0,,,HeCBench/results/llvm17_inject/jacobi/pointer/site109_bit5.out,,,,,,,,,,,,,,61483011,15450736,16777216
109,6,SDC,SDC_NOTFLAGGED,0,,,HeCBench/results/llvm17_inject/jacobi/pointer/site109_bit6.out,,,,,,,,,,,,,,61483011,15450736,16777216
109,7,SDC,SDC_NOTFLAGGED,0,,,HeCBench/results/llvm17_inject/jacobi/pointer/site109_bit7.out,,,,,,,,,,,,,,61483011,15450736,16777216
109,8,SDC,SDC_NOTFLAGGED,0,,,HeCBench/results/llvm17_inject/jacobi/pointer/site109_bit8.out,,,,,,,,,,,,,,61483011,15450736,16777216
109,9,SDC,SDC_NOTFLAGGED,,,,HeCBench/results/llvm17_inject/jacobi/pointer/site109_bit9.out,,,,,,,,,,,,,,61483011,15450736,16777216
109,10,SDC,SDC_NOTFLAGGED,,,,HeCBench/results/llvm17_inject/jacobi/pointer/site109_bit10.out,,,,,,,,,,,,,,61483011,15450736,16777216
109,11,SDC,SDC_NOTFLAGGED,,,,HeCBench/results/llvm17_inject/jacobi/pointer/site109_bit11.out,,,,,,,,,,,,,,61483011,15450736,16777216
109,12,SDC,SDC_NOTFLAGGED,,,,HeCBench/results/llvm17_inject/jacobi/pointer/site109_bit12.out,,,,,,,,,,,,,,61483011,15450736,16777216
109,13,SDC,SDC_NOTFLAGGED,,,,HeCBench/results/llvm17_inject/jacobi/pointer/site109_bit13.out,,,,,,,,,,,,,,61483011,15450736,16777216
109,14,SDC,SDC_NOTFLAGGED,,,,HeCBench/results/llvm17_inject/jacobi/pointer/site109_bit14.out,,,,,,,,,,,,,,61483011,15450736,16777216
109,15,SDC,SDC_NOTFLAGGED,,,,HeCBench/results/llvm17_inject/jacobi/pointer/site109_bit15.out,,,,,,,,,,,,,,61483011,15450736,16777216
109,16,SDC,SDC_NOTFLAGGED,,,,HeCBench/results/llvm17_inject/jacobi/pointer/site109_bit16.out,,,,,,,,,,,,,,61483011,15450736,16777216
109,17,SDC,SDC_NOTFLAGGED,,,,HeCBench/results/llvm17_inject/jacobi/pointer/site109_bit17.out,,,,,,,,,,,,,,61483011,15450736,16777216
109,18,SDC,SDC_NOTFLAGGED,,,,HeCBench/results/llvm17_inject/jacobi/pointer/site109_bit18.out,,,,,,,,,,,,,,61483011,15450736,16777216
109,19,SDC,SDC_NOTFLAGGED,,,,HeCBench/results/llvm17_inject/jacobi/pointer/site109_bit19.out,,,,,,,,,,,,,,61483011,15450736,16777216
109,20,SDC,SDC_NOTFLAGGED,,,,HeCBench/results/llvm17_inject/jacobi/pointer/site109_bit20.out,,,,,,,,,,,,,,61483011,15450736,16777216
109,21,SDC,SDC_NOTFLAGGED,,,,HeCBench/results/llvm17_inject/jacobi/pointer/site109_bit21.out,,,,,,,,,,,,,,61483011,15450736,16777216
109,22,SDC,SDC_NOTFLAGGED,,,,HeCBench/results/llvm17_inject/jacobi/pointer/site109_bit22.out,,,,,,,,,,,,,,61483011,15450736,16777216
109,23,SDC,SDC_NOTFLAGGED,,,,HeCBench/results/llvm17_inject/jacobi/pointer/site109_bit23.out,,,,,,,,,,,,,,61483011,15450736,16777216
109,24,SDC,SDC_NOTFLAGGED,,,,HeCBench/results/llvm17_inject/jacobi/pointer/site109_bit24.out,,,,,,,,,,,,,,61483011,15450736,16777216
109,25,SDC,SDC_NOTFLAGGED,,,,HeCBench/results/llvm17_inject/jacobi/pointer/site109_bit25.out,,,,,,,,,,,,,,61483011,15450736,16777216
109,26,SDC,SDC_NOTFLAGGED,,,,HeCBench/results/llvm17_inject/jacobi/pointer/site109_bit26.out,,,,,,,,,,,,,,61483011,15450736,16777216
109,27,SDC,SDC_NOTFLAGGED,,,,HeCBench/results/llvm17_inject/jacobi/pointer/site109_bit27.out,,,,,,,,,,,,,,61483011,15450736,16777216
109,28,SDC,SDC_NOTFLAGGED,,,,HeCBench/results/llvm17_inject/jacobi/pointer/site109_bit28.out,,,,,,,,,,,,,,61483011,15450736,16777216
109,29,SDC,SDC_NOTFLAGGED,,,,HeCBench/results/llvm17_inject/jacobi/pointer/site109_bit29.out,,,,,,,,,,,,,,61483011,15450736,16777216
109,30,SDC,SDC_NOTFLAGGED,,,,HeCBench/results/llvm17_inject/jacobi/pointer/site109_bit30.out,,,,,,,,,,,,,,61483011,15450736,16777216
109,31,SDC,SDC_NOTFLAGGED,,,,HeCBench/results/llvm17_inject/jacobi/pointer/site109_bit31.out,,,,,,,,,,,,,,61483011,15450736,16777216
109,32,SDC,SDC_NOTFLAGGED,,,,HeCBench/results/llvm17_inject/jacobi/pointer/site109_bit32.out,,,,,,,,,,,,,,61483011,15450736,16777216
109,33,SDC,SDC_NOTFLAGGED,,,,HeCBench/results/llvm17_inject/jacobi/pointer/site109_bit33.out,,,,,,,,,,,,,,61483011,15450736,16777216
109,34,SDC,SDC_NOTFLAGGED,,,,HeCBench/results/llvm17_inject/jacobi/pointer/site109_bit34.out,,,,,,,,,,,,,,61483011,15450736,16777216
109,35,SDC,SDC_NOTFLAGGED,,,,HeCBench/results/llvm17_inject/jacobi/pointer/site109_bit35.out,,,,,,,,,,,,,,61483011,15450736,16777216
109,36,SDC,SDC_NOTFLAGGED,,,,HeCBench/results/llvm17_inject/jacobi/pointer/site109_bit36.out,,,,,,,,,,,,,,61483011,15450736,16777216
109,37,SDC,SDC_NOTFLAGGED,,,,HeCBench/results/llvm17_inject/jacobi/pointer/site109_bit37.out,,,,,,,,,,,,,,61483011,15450736,16777216
109,38,SDC,SDC_NOTFLAGGED,,,,HeCBench/results/llvm17_inject/jacobi/pointer/site109_bit38.out,,,,,,,,,,,,,,61483011,15450736,16777216
109,39,SDC,SDC_NOTFLAGGED,,,,HeCBench/results/llvm17_inject/jacobi/pointer/site109_bit39.out,,,,,,,,,,,,,,61483011,15450736,16777216
109,40,SDC,SDC_NOTFLAGGED,,,,HeCBench/results/llvm17_inject/jacobi/pointer/site109_bit40.out,,,,,,,,,,,,,,61483011,15450736,16777216
109,41,SDC,SDC_NOTFLAGGED,,,,HeCBench/results/llvm17_inject/jacobi/pointer/site109_bit41.out,,,,,,,,,,,,,,61483011,15450736,16777216
109,42,SDC,SDC_NOTFLAGGED,,,,HeCBench/results/llvm17_inject/jacobi/pointer/site109_bit42.out,,,,,,,,,,,,,,61483011,15450736,16777216
109,43,SDC,SDC_NOTFLAGGED,,,,HeCBench/results/llvm17_inject/jacobi/pointer/site109_bit43.out,,,,,,,,,,,,,,61483011,15450736,16777216
109,44,SDC,SDC_NOTFLAGGED,,,,HeCBench/results/llvm17_inject/jacobi/pointer/site109_bit44.out,,,,,,,,,,,,,,61483011,15450736,16777216
109,45,SDC,SDC_NOTFLAGGED,,,,HeCBench/results/llvm17_inject/jacobi/pointer/site109_bit45.out,,,,,,,,,,,,,,61483011,15450736,16777216
109,46,SDC,SDC_NOTFLAGGED,,,,HeCBench/results/llvm17_inject/jacobi/pointer/site109_bit46.out,,,,,,,,,,,,,,61483011,15450736,16777216
109,47,SDC,SDC_NOTFLAGGED,,,,HeCBench/results/llvm17_inject/jacobi/pointer/site109_bit47.out,,,,,,,,,,,,,,61483011,15450736,16777216
109,48,SDC,SDC_NOTFLAGGED,,,,HeCBench/results/llvm17_inject/jacobi/pointer/site109_bit48.out,,,,,,,,,,,,,,61483011,15450736,16777216
109,49,SDC,SDC_NOTFLAGGED,,,,HeCBench/results/llvm17_inject/jacobi/pointer/site109_bit49.out,,,,,,,,,,,,,,61483011,15450736,16777216
109,50,SDC,SDC_NOTFLAGGED,,,,HeCBench/results/llvm17_inject/jacobi/pointer/site109_bit50.out,,,,,,,,,,,,,,61483011,15450736,16777216
109,51,SDC,SDC_NOTFLAGGED,,,,HeCBench/results/llvm17_inject/jacobi/pointer/site109_bit51.out,,,,,,,,,,,,,,61483011,15450736,16777216
109,52,SDC,SDC_NOTFLAGGED,,,,HeCBench/results/llvm17_inject/jacobi/pointer/site109_bit52.out,,,,,,,,,,,,,,61483011,15450736,16777216
109,53,SDC,SDC_NOTFLAGGED,,,,HeCBench/results/llvm17_inject/jacobi/pointer/site109_bit53.out,,,,,,,,,,,,,,61483011,15450736,16777216
109,54,SDC,SDC_NOTFLAGGED,,,,HeCBench/results/llvm17_inject/jacobi/pointer/site109_bit54.out,,,,,,,,,,,,,,61483011,15450736,16777216
109,55,SDC,SDC_NOTFLAGGED,,,,HeCBench/results/llvm17_inject/jacobi/pointer/site109_bit55.out,,,,,,,,,,,,,,61483011,15450736,16777216
109,56,SDC,SDC_NOTFLAGGED,,,,HeCBench/results/llvm17_inject/jacobi/pointer/site109_bit56.out,,,,,,,,,,,,,,61483011,15450736,16777216
109,57,SDC,SDC_NOTFLAGGED,,,,HeCBench/results/llvm17_inject/jacobi/pointer/site109_bit57.out,,,,,,,,,,,,,,61483011,15450736,16777216
109,58,SDC,SDC_NOTFLAGGED,,,,HeCBench/results/llvm17_inject/jacobi/pointer/site109_bit58.out,,,,,,,,,,,,,,61483011,15450736,16777216
109,59,SDC,SDC_NOTFLAGGED,,,,HeCBench/results/llvm17_inject/jacobi/pointer/site109_bit59.out,,,,,,,,,,,,,,61483011,15450736,16777216
109,60,SDC,SDC_NOTFLAGGED,,,,HeCBench/results/llvm17_inject/jacobi/pointer/site109_bit60.out,,,,,,,,,,,,,,61483011,15450736,16777216
109,61,SDC,SDC_NOTFLAGGED,,,,HeCBench/results/llvm17_inject/jacobi/pointer/site109_bit61.out,,,,,,,,,,,,,,61483011,15450736,16777216
109,62,SDC,SDC_NOTFLAGGED,,,,HeCBench/results/llvm17_inject/jacobi/pointer/site109_bit62.out,,,,,,,,,,,,,,61483011,15450736,16777216
109,63,SDC,SDC_NOTFLAGGED,,,,HeCBench/results/llvm17_inject/jacobi/pointer/site109_bit63.out,,,,,,,,,,,,,,61483011,15450736,16777216
115,0,SDC,SDC_NOTFLAGGED,0,,,HeCBench/results/llvm17_inject/jacobi/pointer/site115_bit0.out,,,,,,,,,,,,,,61483011,15450736,16777216
115,1,SDC,SDC_NOTFLAGGED,0,,,HeCBench/results/llvm17_inject/jacobi/pointer/site115_bit1.out,,,,,,,,,,,,,,61483011,15450736,16777216
115,2,FAILURE,FAILURE_NONHANG,255,kernel_reported_fail,,HeCBench/results/llvm17_inject/jacobi/pointer/site115_bit2.out,,,,,,,,,,,,,,,,
115,3,SDC,SDC_NOTFLAGGED,0,,,HeCBench/results/llvm17_inject/jacobi/pointer/site115_bit3.out,,,,,,,,,,,,,,61483011,15450736,16777216
115,4,FAILURE,FAILURE_NONHANG,255,kernel_reported_fail,,HeCBench/results/llvm17_inject/jacobi/pointer/site115_bit4.out,,,,,,,,,,,,,,,,
115,5,SDC,SDC_NOTFLAGGED,,,,HeCBench/results/llvm17_inject/jacobi/pointer/site115_bit5.out,,,,,,,,,,,,,,61483011,15450736,16777216
115,6,SDC,SDC_NOTFLAGGED,,,,HeCBench/results/llvm17_inject/jacobi/pointer/site115_bit6.out,,,,,,,,,,,,,,61483011,15450736,16777216
115,7,SDC,SDC_NOTFLAGGED,,,,HeCBench/results/llvm17_inject/jacobi/pointer/site115_bit7.out,,,,,,,,,,,,,,61483011,15450736,16777216
115,8,SDC,SDC_NOTFLAGGED,,,,HeCBench/results/llvm17_inject/jacobi/pointer/site115_bit8.out,,,,,,,,,,,,,,61483011,15450736,16777216
115,9,SDC,SDC_NOTFLAGGED,,,,HeCBench/results/llvm17_inject/jacobi/pointer/site115_bit9.out,,,,,,,,,,,,,,61483011,15450736,16777216
115,10,SDC,SDC_NOTFLAGGED,,,,HeCBench/results/llvm17_inject/jacobi/pointer/site115_bit10.out,,,,,,,,,,,,,,61483011,15450736,16777216
115,11,SDC,SDC_NOTFLAGGED,,,,HeCBench/results/llvm17_inject/jacobi/pointer/site115_bit11.out,,,,,,,,,,,,,,61483011,15450736,16777216
115,12,SDC,SDC_NOTFLAGGED,,,,HeCBench/results/llvm17_inject/jacobi/pointer/site115_bit12.out,,,,,,,,,,,,,,61483011,15450736,16777216
115,13,SDC,SDC_NOTFLAGGED,,,,HeCBench/results/llvm17_inject/jacobi/pointer/site115_bit13.out,,,,,,,,,,,,,,61483011,15450736,16777216
115,14,SDC,SDC_NOTFLAGGED,,,,HeCBench/results/llvm17_inject/jacobi/pointer/site115_bit14.out,,,,,,,,,,,,,,61483011,15450736,16777216
115,15,SDC,SDC_NOTFLAGGED,,,,HeCBench/results/llvm17_inject/jacobi/pointer/site115_bit15.out,,,,,,,,,,,,,,61483011,15450736,16777216
115,16,SDC,SDC_NOTFLAGGED,,,,HeCBench/results/llvm17_inject/jacobi/pointer/site115_bit16.out,,,,,,,,,,,,,,61483011,15450736,16777216
115,17,SDC,SDC_NOTFLAGGED,,,,HeCBench/results/llvm17_inject/jacobi/pointer/site115_bit17.out,,,,,,,,,,,,,,61483011,15450736,16777216
115,18,SDC,SDC_NOTFLAGGED,,,,HeCBench/results/llvm17_inject/jacobi/pointer/site115_bit18.out,,,,,,,,,,,,,,61483011,15450736,16777216
115,19,SDC,SDC_NOTFLAGGED,,,,HeCBench/results/llvm17_inject/jacobi/pointer/site115_bit19.out,,,,,,,,,,,,,,61483011,15450736,16777216
115,20,SDC,SDC_NOTFLAGGED,,,,HeCBench/results/llvm17_inject/jacobi/pointer/site115_bit20.out,,,,,,,,,,,,,,61483011,15450736,16777216
115,21,SDC,SDC_NOTFLAGGED,,,,HeCBench/results/llvm17_inject/jacobi/pointer/site115_bit21.out,,,,,,,,,,,,,,61483011,15450736,16777216
115,22,SDC,SDC_NOTFLAGGED,,,,HeCBench/results/llvm17_inject/jacobi/pointer/site115_bit22.out,,,,,,,,,,,,,,61483011,15450736,16777216
115,23,SDC,SDC_NOTFLAGGED,,,,HeCBench/results/llvm17_inject/jacobi/pointer/site115_bit23.out,,,,,,,,,,,,,,61483011,15450736,16777216
115,24,SDC,SDC_NOTFLAGGED,,,,HeCBench/results/llvm17_inject/jacobi/pointer/site115_bit24.out,,,,,,,,,,,,,,61483011,15450736,16777216
115,25,SDC,SDC_NOTFLAGGED,,,,HeCBench/results/llvm17_inject/jacobi/pointer/site115_bit25.out,,,,,,,,,,,,,,61483011,15450736,16777216
115,26,SDC,SDC_NOTFLAGGED,,,,HeCBench/results/llvm17_inject/jacobi/pointer/site115_bit26.out,,,,,,,,,,,,,,61483011,15450736,16777216
115,27,SDC,SDC_NOTFLAGGED,,,,HeCBench/results/llvm17_inject/jacobi/pointer/site115_bit27.out,,,,,,,,,,,,,,61483011,15450736,16777216
115,28,SDC,SDC_NOTFLAGGED,,,,HeCBench/results/llvm17_inject/jacobi/pointer/site115_bit28.out,,,,,,,,,,,,,,61483011,15450736,16777216
115,29,SDC,SDC_NOTFLAGGED,,,,HeCBench/results/llvm17_inject/jacobi/pointer/site115_bit29.out,,,,,,,,,,,,,,61483011,15450736,16777216
115,30,SDC,SDC_NOTFLAGGED,,,,HeCBench/results/llvm17_inject/jacobi/pointer/site115_bit30.out,,,,,,,,,,,,,,61483011,15450736,16777216
115,31,SDC,SDC_NOTFLAGGED,,,,HeCBench/results/llvm17_inject/jacobi/pointer/site115_bit31.out,,,,,,,,,,,,,,61483011,15450736,16777216
115,32,SDC,SDC_NOTFLAGGED,,,,HeCBench/results/llvm17_inject/jacobi/pointer/site115_bit32.out,,,,,,,,,,,,,,61483011,15450736,16777216
115,33,SDC,SDC_NOTFLAGGED,,,,HeCBench/results/llvm17_inject/jacobi/pointer/site115_bit33.out,,,,,,,,,,,,,,61483011,15450736,16777216
115,34,SDC,SDC_NOTFLAGGED,,,,HeCBench/results/llvm17_inject/jacobi/pointer/site115_bit34.out,,,,,,,,,,,,,,61483011,15450736,16777216
115,35,SDC,SDC_NOTFLAGGED,,,,HeCBench/results/llvm17_inject/jacobi/pointer/site115_bit35.out,,,,,,,,,,,,,,61483011,15450736,16777216
115,36,SDC,SDC_NOTFLAGGED,,,,HeCBench/results/llvm17_inject/jacobi/pointer/site115_bit36.out,,,,,,,,,,,,,,61483011,15450736,16777216
115,37,SDC,SDC_NOTFLAGGED,,,,HeCBench/results/llvm17_inject/jacobi/pointer/site115_bit37.out,,,,,,,,,,,,,,61483011,15450736,16777216
115,38,SDC,SDC_NOTFLAGGED,,,,HeCBench/results/llvm17_inject/jacobi/pointer/site115_bit38.out,,,,,,,,,,,,,,61483011,15450736,16777216
115,39,SDC,SDC_NOTFLAGGED,,,,HeCBench/results/llvm17_inject/jacobi/pointer/site115_bit39.out,,,,,,,,,,,,,,61483011,15450736,16777216
115,40,SDC,SDC_NOTFLAGGED,,,,HeCBench/results/llvm17_inject/jacobi/pointer/site115_bit40.out,,,,,,,,,,,,,,61483011,15450736,16777216
115,41,SDC,SDC_NOTFLAGGED,,,,HeCBench/results/llvm17_inject/jacobi/pointer/site115_bit41.out,,,,,,,,,,,,,,61483011,15450736,16777216
115,42,SDC,SDC_NOTFLAGGED,,,,HeCBench/results/llvm17_inject/jacobi/pointer/site115_bit42.out,,,,,,,,,,,,,,61483011,15450736,16777216
115,43,SDC,SDC_NOTFLAGGED,,,,HeCBench/results/llvm17_inject/jacobi/pointer/site115_bit43.out,,,,,,,,,,,,,,61483011,15450736,16777216
115,44,SDC,SDC_NOTFLAGGED,,,,HeCBench/results/llvm17_inject/jacobi/pointer/site115_bit44.out,,,,,,,,,,,,,,61483011,15450736,16777216
115,45,SDC,SDC_NOTFLAGGED,,,,HeCBench/results/llvm17_inject/jacobi/pointer/site115_bit45.out,,,,,,,,,,,,,,61483011,15450736,16777216
115,46,SDC,SDC_NOTFLAGGED,,,,HeCBench/results/llvm17_inject/jacobi/pointer/site115_bit46.out,,,,,,,,,,,,,,61483011,15450736,16777216
115,47,SDC,SDC_NOTFLAGGED,,,,HeCBench/results/llvm17_inject/jacobi/pointer/site115_bit47.out,,,,,,,,,,,,,,61483011,15450736,16777216
115,48,SDC,SDC_NOTFLAGGED,,,,HeCBench/results/llvm17_inject/jacobi/pointer/site115_bit48.out,,,,,,,,,,,,,,61483011,15450736,16777216
115,49,SDC,SDC_NOTFLAGGED,,,,HeCBench/results/llvm17_inject/jacobi/pointer/site115_bit49.out,,,,,,,,,,,,,,61483011,15450736,16777216
115,50,SDC,SDC_NOTFLAGGED,,,,HeCBench/results/llvm17_inject/jacobi/pointer/site115_bit50.out,,,,,,,,,,,,,,61483011,15450736,16777216
115,51,SDC,SDC_NOTFLAGGED,,,,HeCBench/results/llvm17_inject/jacobi/pointer/site115_bit51.out,,,,,,,,,,,,,,61483011,15450736,16777216
115,52,SDC,SDC_NOTFLAGGED,,,,HeCBench/results/llvm17_inject/jacobi/pointer/site115_bit52.out,,,,,,,,,,,,,,61483011,15450736,16777216
115,53,SDC,SDC_NOTFLAGGED,,,,HeCBench/results/llvm17_inject/jacobi/pointer/site115_bit53.out,,,,,,,,,,,,,,61483011,15450736,16777216
115,54,SDC,SDC_NOTFLAGGED,,,,HeCBench/results/llvm17_inject/jacobi/pointer/site115_bit54.out,,,,,,,,,,,,,,61483011,15450736,16777216
115,55,SDC,SDC_NOTFLAGGED,,,,HeCBench/results/llvm17_inject/jacobi/pointer/site115_bit55.out,,,,,,,,,,,,,,61483011,15450736,16777216
115,56,SDC,SDC_NOTFLAGGED,,,,HeCBench/results/llvm17_inject/jacobi/pointer/site115_bit56.out,,,,,,,,,,,,,,61483011,15450736,16777216
115,57,SDC,SDC_NOTFLAGGED,,,,HeCBench/results/llvm17_inject/jacobi/pointer/site115_bit57.out,,,,,,,,,,,,,,61483011,15450736,16777216
115,58,SDC,SDC_NOTFLAGGED,,,,HeCBench/results/llvm17_inject/jacobi/pointer/site115_bit58.out,,,,,,,,,,,,,,61483011,15450736,16777216
115,59,SDC,SDC_NOTFLAGGED,,,,HeCBench/results/llvm17_inject/jacobi/pointer/site115_bit59.out,,,,,,,,,,,,,,61483011,15450736,16777216
115,60,SDC,SDC_NOTFLAGGED,,,,HeCBench/results/llvm17_inject/jacobi/pointer/site115_bit60.out,,,,,,,,,,,,,,61483011,15450736,16777216
115,61,SDC,SDC_NOTFLAGGED,,,,HeCBench/results/llvm17_inject/jacobi/pointer/site115_bit61.out,,,,,,,,,,,,,,61483011,15450736,16777216
115,62,SDC,SDC_NOTFLAGGED,,,,HeCBench/results/llvm17_inject/jacobi/pointer/site115_bit62.out,,,,,,,,,,,,,,61483011,15450736,16777216
115,63,SDC,SDC_NOTFLAGGED,,,,HeCBench/results/llvm17_inject/jacobi/pointer/site115_bit63.out,,,,,,,,,,,,,,61483011,15450736,16777216
122,0,DUE,FAILURE_NONHANG,,kernel_reported_fail,,HeCBench/results/llvm17_inject/jacobi/pointer/site122_bit0.out,,,,,,,,,,,,,,,,
122,1,DUE,FAILURE_NONHANG,,kernel_reported_fail,,HeCBench/results/llvm17_inject/jacobi/pointer/site122_bit1.out,,,,,,,,,,,,,,,,
122,2,DUE,FAILURE_NONHANG,,kernel_reported_fail,,HeCBench/results/llvm17_inject/jacobi/pointer/site122_bit2.out,,,,,,,,,,,,,,,,
122,3,DUE,FAILURE_NONHANG,,kernel_reported_fail,,HeCBench/results/llvm17_inject/jacobi/pointer/site122_bit3.out,,,,,,,,,,,,,,,,
122,4,DUE,FAILURE_NONHANG,,kernel_reported_fail,,HeCBench/results/llvm17_inject/jacobi/pointer/site122_bit4.out,,,,,,,,,,,,,,,,
122,5,SDC,SDC_NOTFLAGGED,,,,HeCBench/results/llvm17_inject/jacobi/pointer/site122_bit5.out,,,,,,,,,,,,,,61483011,15450736,16777216
122,6,SDC,SDC_NOTFLAGGED,,,,HeCBench/results/llvm17_inject/jacobi/pointer/site122_bit6.out,,,,,,,,,,,,,,61483011,15450736,16777216
122,7,SDC,SDC_NOTFLAGGED,,,,HeCBench/results/llvm17_inject/jacobi/pointer/site122_bit7.out,,,,,,,,,,,,,,61483011,15450736,16777216
122,8,SDC,SDC_NOTFLAGGED,,,,HeCBench/results/llvm17_inject/jacobi/pointer/site122_bit8.out,,,,,,,,,,,,,,61483011,15450736,16777216
122,9,SDC,SDC_NOTFLAGGED,,,,HeCBench/results/llvm17_inject/jacobi/pointer/site122_bit9.out,,,,,,,,,,,,,,61483011,15450736,16777216
122,10,SDC,SDC_NOTFLAGGED,,,,HeCBench/results/llvm17_inject/jacobi/pointer/site122_bit10.out,,,,,,,,,,,,,,61483011,15450736,16777216
122,11,SDC,SDC_NOTFLAGGED,,,,HeCBench/results/llvm17_inject/jacobi/pointer/site122_bit11.out,,,,,,,,,,,,,,61483011,15450736,16777216
122,12,SDC,SDC_NOTFLAGGED,,,,HeCBench/results/llvm17_inject/jacobi/pointer/site122_bit12.out,,,,,,,,,,,,,,61483011,15450736,16777216
122,13,SDC,SDC_NOTFLAGGED,,,,HeCBench/results/llvm17_inject/jacobi/pointer/site122_bit13.out,,,,,,,,,,,,,,61483011,15450736,16777216
122,14,SDC,SDC_NOTFLAGGED,,,,HeCBench/results/llvm17_inject/jacobi/pointer/site122_bit14.out,,,,,,,,,,,,,,61483011,15450736,16777216
122,15,SDC,SDC_NOTFLAGGED,,,,HeCBench/results/llvm17_inject/jacobi/pointer/site122_bit15.out,,,,,,,,,,,,,,61483011,15450736,16777216
122,16,SDC,SDC_NOTFLAGGED,,,,HeCBench/results/llvm17_inject/jacobi/pointer/site122_bit16.out,,,,,,,,,,,,,,61483011,15450736,16777216
122,17,SDC,SDC_NOTFLAGGED,,,,HeCBench/results/llvm17_inject/jacobi/pointer/site122_bit17.out,,,,,,,,,,,,,,61483011,15450736,16777216
122,18,SDC,SDC_NOTFLAGGED,,,,HeCBench/results/llvm17_inject/jacobi/pointer/site122_bit18.out,,,,,,,,,,,,,,61483011,15450736,16777216
122,19,SDC,SDC_NOTFLAGGED,,,,HeCBench/results/llvm17_inject/jacobi/pointer/site122_bit19.out,,,,,,,,,,,,,,61483011,15450736,16777216
122,20,SDC,SDC_NOTFLAGGED,,,,HeCBench/results/llvm17_inject/jacobi/pointer/site122_bit20.out,,,,,,,,,,,,,,61483011,15450736,16777216
122,21,SDC,SDC_NOTFLAGGED,,,,HeCBench/results/llvm17_inject/jacobi/pointer/site122_bit21.out,,,,,,,,,,,,,,61483011,15450736,16777216
122,22,SDC,SDC_NOTFLAGGED,,,,HeCBench/results/llvm17_inject/jacobi/pointer/site122_bit22.out,,,,,,,,,,,,,,61483011,15450736,16777216
122,23,SDC,SDC_NOTFLAGGED,,,,HeCBench/results/llvm17_inject/jacobi/pointer/site122_bit23.out,,,,,,,,,,,,,,61483011,15450736,16777216
122,24,SDC,SDC_NOTFLAGGED,,,,HeCBench/results/llvm17_inject/jacobi/pointer/site122_bit24.out,,,,,,,,,,,,,,61483011,15450736,16777216
122,25,SDC,SDC_NOTFLAGGED,,,,HeCBench/results/llvm17_inject/jacobi/pointer/site122_bit25.out,,,,,,,,,,,,,,61483011,15450736,16777216
122,26,SDC,SDC_NOTFLAGGED,,,,HeCBench/results/llvm17_inject/jacobi/pointer/site122_bit26.out,,,,,,,,,,,,,,61483011,15450736,16777216
122,27,SDC,SDC_NOTFLAGGED,,,,HeCBench/results/llvm17_inject/jacobi/pointer/site122_bit27.out,,,,,,,,,,,,,,61483011,15450736,16777216
122,28,SDC,SDC_NOTFLAGGED,,,,HeCBench/results/llvm17_inject/jacobi/pointer/site122_bit28.out,,,,,,,,,,,,,,61483011,15450736,16777216
122,29,SDC,SDC_NOTFLAGGED,,,,HeCBench/results/llvm17_inject/jacobi/pointer/site122_bit29.out,,,,,,,,,,,,,,61483011,15450736,16777216
122,30,SDC,SDC_NOTFLAGGED,,,,HeCBench/results/llvm17_inject/jacobi/pointer/site122_bit30.out,,,,,,,,,,,,,,61483011,15450736,16777216
122,31,SDC,SDC_NOTFLAGGED,,,,HeCBench/results/llvm17_inject/jacobi/pointer/site122_bit31.out,,,,,,,,,,,,,,61483011,15450736,16777216
122,32,SDC,SDC_NOTFLAGGED,,,,HeCBench/results/llvm17_inject/jacobi/pointer/site122_bit32.out,,,,,,,,,,,,,,61483011,15450736,16777216
122,33,SDC,SDC_NOTFLAGGED,,,,HeCBench/results/llvm17_inject/jacobi/pointer/site122_bit33.out,,,,,,,,,,,,,,61483011,15450736,16777216
122,34,SDC,SDC_NOTFLAGGED,,,,HeCBench/results/llvm17_inject/jacobi/pointer/site122_bit34.out,,,,,,,,,,,,,,61483011,15450736,16777216
122,35,SDC,SDC_NOTFLAGGED,,,,HeCBench/results/llvm17_inject/jacobi/pointer/site122_bit35.out,,,,,,,,,,,,,,61483011,15450736,16777216
122,36,SDC,SDC_NOTFLAGGED,,,,HeCBench/results/llvm17_inject/jacobi/pointer/site122_bit36.out,,,,,,,,,,,,,,61483011,15450736,16777216
122,37,SDC,SDC_NOTFLAGGED,,,,HeCBench/results/llvm17_inject/jacobi/pointer/site122_bit37.out,,,,,,,,,,,,,,61483011,15450736,16777216
122,38,SDC,SDC_NOTFLAGGED,,,,HeCBench/results/llvm17_inject/jacobi/pointer/site122_bit38.out,,,,,,,,,,,,,,61483011,15450736,16777216
122,39,SDC,SDC_NOTFLAGGED,,,,HeCBench/results/llvm17_inject/jacobi/pointer/site122_bit39.out,,,,,,,,,,,,,,61483011,15450736,16777216
122,40,SDC,SDC_NOTFLAGGED,,,,HeCBench/results/llvm17_inject/jacobi/pointer/site122_bit40.out,,,,,,,,,,,,,,61483011,15450736,16777216
122,41,SDC,SDC_NOTFLAGGED,,,,HeCBench/results/llvm17_inject/jacobi/pointer/site122_bit41.out,,,,,,,,,,,,,,61483011,15450736,16777216
122,42,SDC,SDC_NOTFLAGGED,,,,HeCBench/results/llvm17_inject/jacobi/pointer/site122_bit42.out,,,,,,,,,,,,,,61483011,15450736,16777216
122,43,SDC,SDC_NOTFLAGGED,,,,HeCBench/results/llvm17_inject/jacobi/pointer/site122_bit43.out,,,,,,,,,,,,,,61483011,15450736,16777216
122,44,SDC,SDC_NOTFLAGGED,,,,HeCBench/results/llvm17_inject/jacobi/pointer/site122_bit44.out,,,,,,,,,,,,,,61483011,15450736,16777216
122,45,SDC,SDC_NOTFLAGGED,,,,HeCBench/results/llvm17_inject/jacobi/pointer/site122_bit45.out,,,,,,,,,,,,,,61483011,15450736,16777216
122,46,SDC,SDC_NOTFLAGGED,,,,HeCBench/results/llvm17_inject/jacobi/pointer/site122_bit46.out,,,,,,,,,,,,,,61483011,15450736,16777216
122,47,SDC,SDC_NOTFLAGGED,,,,HeCBench/results/llvm17_inject/jacobi/pointer/site122_bit47.out,,,,,,,,,,,,,,61483011,15450736,16777216
122,48,SDC,SDC_NOTFLAGGED,,,,HeCBench/results/llvm17_inject/jacobi/pointer/site122_bit48.out,,,,,,,,,,,,,,61483011,15450736,16777216
122,49,SDC,SDC_NOTFLAGGED,,,,HeCBench/results/llvm17_inject/jacobi/pointer/site122_bit49.out,,,,,,,,,,,,,,61483011,15450736,16777216
122,50,SDC,SDC_NOTFLAGGED,,,,HeCBench/results/llvm17_inject/jacobi/pointer/site122_bit50.out,,,,,,,,,,,,,,61483011,15450736,16777216
122,51,SDC,SDC_NOTFLAGGED,,,,HeCBench/results/llvm17_inject/jacobi/pointer/site122_bit51.out,,,,,,,,,,,,,,61483011,15450736,16777216
122,52,SDC,SDC_NOTFLAGGED,,,,HeCBench/results/llvm17_inject/jacobi/pointer/site122_bit52.out,,,,,,,,,,,,,,61483011,15450736,16777216
122,53,SDC,SDC_NOTFLAGGED,,,,HeCBench/results/llvm17_inject/jacobi/pointer/site122_bit53.out,,,,,,,,,,,,,,61483011,15450736,16777216
122,54,SDC,SDC_NOTFLAGGED,,,,HeCBench/results/llvm17_inject/jacobi/pointer/site122_bit54.out,,,,,,,,,,,,,,61483011,15450736,16777216
122,55,SDC,SDC_NOTFLAGGED,,,,HeCBench/results/llvm17_inject/jacobi/pointer/site122_bit55.out,,,,,,,,,,,,,,61483011,15450736,16777216
122,56,SDC,SDC_NOTFLAGGED,,,,HeCBench/results/llvm17_inject/jacobi/pointer/site122_bit56.out,,,,,,,,,,,,,,61483011,15450736,16777216
122,57,SDC,SDC_NOTFLAGGED,,,,HeCBench/results/llvm17_inject/jacobi/pointer/site122_bit57.out,,,,,,,,,,,,,,61483011,15450736,16777216
122,58,SDC,SDC_NOTFLAGGED,,,,HeCBench/results/llvm17_inject/jacobi/pointer/site122_bit58.out,,,,,,,,,,,,,,61483011,15450736,16777216
122,59,SDC,SDC_NOTFLAGGED,,,,HeCBench/results/llvm17_inject/jacobi/pointer/site122_bit59.out,,,,,,,,,,,,,,61483011,15450736,16777216
122,60,SDC,SDC_NOTFLAGGED,,,,HeCBench/results/llvm17_inject/jacobi/pointer/site122_bit60.out,,,,,,,,,,,,,,61483011,15450736,16777216
122,61,SDC,SDC_NOTFLAGGED,,,,HeCBench/results/llvm17_inject/jacobi/pointer/site122_bit61.out,,,,,,,,,,,,,,61483011,15450736,16777216
122,62,SDC,SDC_NOTFLAGGED,,,,HeCBench/results/llvm17_inject/jacobi/pointer/site122_bit62.out,,,,,,,,,,,,,,61483011,15450736,16777216
122,63,SDC,SDC_NOTFLAGGED,,,,HeCBench/results/llvm17_inject/jacobi/pointer/site122_bit63.out,,,,,,,,,,,,,,61483011,15450736,16777216
123,0,DUE,FAILURE_NONHANG,,kernel_reported_fail,,HeCBench/results/llvm17_inject/jacobi/pointer/site123_bit0.out,,,,,,,,,,,,,,,,
123,1,DUE,FAILURE_NONHANG,,kernel_reported_fail,,HeCBench/results/llvm17_inject/jacobi/pointer/site123_bit1.out,,,,,,,,,,,,,,,,
123,2,DUE,FAILURE_NONHANG,,kernel_reported_fail,,HeCBench/results/llvm17_inject/jacobi/pointer/site123_bit2.out,,,,,,,,,,,,,,,,
123,3,DUE,FAILURE_NONHANG,,kernel_reported_fail,,HeCBench/results/llvm17_inject/jacobi/pointer/site123_bit3.out,,,,,,,,,,,,,,,,
123,4,DUE,FAILURE_NONHANG,,kernel_reported_fail,,HeCBench/results/llvm17_inject/jacobi/pointer/site123_bit4.out,,,,,,,,,,,,,,,,
123,5,SDC,SDC_NOTFLAGGED,,,,HeCBench/results/llvm17_inject/jacobi/pointer/site123_bit5.out,,,,,,,,,,,,,,61483011,15450736,16777216
123,6,SDC,SDC_NOTFLAGGED,,,,HeCBench/results/llvm17_inject/jacobi/pointer/site123_bit6.out,,,,,,,,,,,,,,61483011,15450736,16777216
123,7,SDC,SDC_NOTFLAGGED,,,,HeCBench/results/llvm17_inject/jacobi/pointer/site123_bit7.out,,,,,,,,,,,,,,61483011,15450736,16777216
123,8,SDC,SDC_NOTFLAGGED,,,,HeCBench/results/llvm17_inject/jacobi/pointer/site123_bit8.out,,,,,,,,,,,,,,61483011,15450736,16777216
123,9,SDC,SDC_NOTFLAGGED,,,,HeCBench/results/llvm17_inject/jacobi/pointer/site123_bit9.out,,,,,,,,,,,,,,61483011,15450736,16777216
123,10,SDC,SDC_NOTFLAGGED,,,,HeCBench/results/llvm17_inject/jacobi/pointer/site123_bit10.out,,,,,,,,,,,,,,61483011,15450736,16777216
123,11,SDC,SDC_NOTFLAGGED,,,,HeCBench/results/llvm17_inject/jacobi/pointer/site123_bit11.out,,,,,,,,,,,,,,61483011,15450736,16777216
123,12,SDC,SDC_NOTFLAGGED,,,,HeCBench/results/llvm17_inject/jacobi/pointer/site123_bit12.out,,,,,,,,,,,,,,61483011,15450736,16777216
123,13,SDC,SDC_NOTFLAGGED,,,,HeCBench/results/llvm17_inject/jacobi/pointer/site123_bit13.out,,,,,,,,,,,,,,61483011,15450736,16777216
123,14,SDC,SDC_NOTFLAGGED,,,,HeCBench/results/llvm17_inject/jacobi/pointer/site123_bit14.out,,,,,,,,,,,,,,61483011,15450736,16777216
123,15,SDC,SDC_NOTFLAGGED,,,,HeCBench/results/llvm17_inject/jacobi/pointer/site123_bit15.out,,,,,,,,,,,,,,61483011,15450736,16777216
123,16,SDC,SDC_NOTFLAGGED,,,,HeCBench/results/llvm17_inject/jacobi/pointer/site123_bit16.out,,,,,,,,,,,,,,61483011,15450736,16777216
123,17,SDC,SDC_NOTFLAGGED,,,,HeCBench/results/llvm17_inject/jacobi/pointer/site123_bit17.out,,,,,,,,,,,,,,61483011,15450736,16777216
123,18,SDC,SDC_NOTFLAGGED,,,,HeCBench/results/llvm17_inject/jacobi/pointer/site123_bit18.out,,,,,,,,,,,,,,61483011,15450736,16777216
123,19,SDC,SDC_NOTFLAGGED,,,,HeCBench/results/llvm17_inject/jacobi/pointer/site123_bit19.out,,,,,,,,,,,,,,61483011,15450736,16777216
123,20,SDC,SDC_NOTFLAGGED,,,,HeCBench/results/llvm17_inject/jacobi/pointer/site123_bit20.out,,,,,,,,,,,,,,61483011,15450736,16777216
123,21,SDC,SDC_NOTFLAGGED,,,,HeCBench/results/llvm17_inject/jacobi/pointer/site123_bit21.out,,,,,,,,,,,,,,61483011,15450736,16777216
123,22,SDC,SDC_NOTFLAGGED,,,,HeCBench/results/llvm17_inject/jacobi/pointer/site123_bit22.out,,,,,,,,,,,,,,61483011,15450736,16777216
123,23,SDC,SDC_NOTFLAGGED,,,,HeCBench/results/llvm17_inject/jacobi/pointer/site123_bit23.out,,,,,,,,,,,,,,61483011,15450736,16777216
123,24,SDC,SDC_NOTFLAGGED,,,,HeCBench/results/llvm17_inject/jacobi/pointer/site123_bit24.out,,,,,,,,,,,,,,61483011,15450736,16777216
123,25,SDC,SDC_NOTFLAGGED,,,,HeCBench/results/llvm17_inject/jacobi/pointer/site123_bit25.out,,,,,,,,,,,,,,61483011,15450736,16777216
123,26,SDC,SDC_NOTFLAGGED,,,,HeCBench/results/llvm17_inject/jacobi/pointer/site123_bit26.out,,,,,,,,,,,,,,61483011,15450736,16777216
123,27,SDC,SDC_NOTFLAGGED,,,,HeCBench/results/llvm17_inject/jacobi/pointer/site123_bit27.out,,,,,,,,,,,,,,61483011,15450736,16777216
123,28,SDC,SDC_NOTFLAGGED,,,,HeCBench/results/llvm17_inject/jacobi/pointer/site123_bit28.out,,,,,,,,,,,,,,61483011,15450736,16777216
123,29,SDC,SDC_NOTFLAGGED,,,,HeCBench/results/llvm17_inject/jacobi/pointer/site123_bit29.out,,,,,,,,,,,,,,61483011,15450736,16777216
123,30,SDC,SDC_NOTFLAGGED,,,,HeCBench/results/llvm17_inject/jacobi/pointer/site123_bit30.out,,,,,,,,,,,,,,61483011,15450736,16777216
123,31,SDC,SDC_NOTFLAGGED,,,,HeCBench/results/llvm17_inject/jacobi/pointer/site123_bit31.out,,,,,,,,,,,,,,61483011,15450736,16777216
123,32,SDC,SDC_NOTFLAGGED,,,,HeCBench/results/llvm17_inject/jacobi/pointer/site123_bit32.out,,,,,,,,,,,,,,61483011,15450736,16777216
123,33,SDC,SDC_NOTFLAGGED,,,,HeCBench/results/llvm17_inject/jacobi/pointer/site123_bit33.out,,,,,,,,,,,,,,61483011,15450736,16777216
123,34,SDC,SDC_NOTFLAGGED,,,,HeCBench/results/llvm17_inject/jacobi/pointer/site123_bit34.out,,,,,,,,,,,,,,61483011,15450736,16777216
123,35,SDC,SDC_NOTFLAGGED,,,,HeCBench/results/llvm17_inject/jacobi/pointer/site123_bit35.out,,,,,,,,,,,,,,61483011,15450736,16777216
123,36,SDC,SDC_NOTFLAGGED,,,,HeCBench/results/llvm17_inject/jacobi/pointer/site123_bit36.out,,,,,,,,,,,,,,61483011,15450736,16777216
123,37,SDC,SDC_NOTFLAGGED,,,,HeCBench/results/llvm17_inject/jacobi/pointer/site123_bit37.out,,,,,,,,,,,,,,61483011,15450736,16777216
123,38,SDC,SDC_NOTFLAGGED,,,,HeCBench/results/llvm17_inject/jacobi/pointer/site123_bit38.out,,,,,,,,,,,,,,61483011,15450736,16777216
123,39,SDC,SDC_NOTFLAGGED,,,,HeCBench/results/llvm17_inject/jacobi/pointer/site123_bit39.out,,,,,,,,,,,,,,61483011,15450736,16777216
123,40,SDC,SDC_NOTFLAGGED,,,,HeCBench/results/llvm17_inject/jacobi/pointer/site123_bit40.out,,,,,,,,,,,,,,61483011,15450736,16777216
123,41,SDC,SDC_NOTFLAGGED,,,,HeCBench/results/llvm17_inject/jacobi/pointer/site123_bit41.out,,,,,,,,,,,,,,61483011,15450736,16777216
123,42,SDC,SDC_NOTFLAGGED,,,,HeCBench/results/llvm17_inject/jacobi/pointer/site123_bit42.out,,,,,,,,,,,,,,61483011,15450736,16777216
123,43,SDC,SDC_NOTFLAGGED,,,,HeCBench/results/llvm17_inject/jacobi/pointer/site123_bit43.out,,,,,,,,,,,,,,61483011,15450736,16777216
123,44,SDC,SDC_NOTFLAGGED,,,,HeCBench/results/llvm17_inject/jacobi/pointer/site123_bit44.out,,,,,,,,,,,,,,61483011,15450736,16777216
123,45,SDC,SDC_NOTFLAGGED,,,,HeCBench/results/llvm17_inject/jacobi/pointer/site123_bit45.out,,,,,,,,,,,,,,61483011,15450736,16777216
123,46,SDC,SDC_NOTFLAGGED,,,,HeCBench/results/llvm17_inject/jacobi/pointer/site123_bit46.out,,,,,,,,,,,,,,61483011,15450736,16777216
123,47,SDC,SDC_NOTFLAGGED,,,,HeCBench/results/llvm17_inject/jacobi/pointer/site123_bit47.out,,,,,,,,,,,,,,61483011,15450736,16777216
123,48,SDC,SDC_NOTFLAGGED,,,,HeCBench/results/llvm17_inject/jacobi/pointer/site123_bit48.out,,,,,,,,,,,,,,61483011,15450736,16777216
123,49,SDC,SDC_NOTFLAGGED,,,,HeCBench/results/llvm17_inject/jacobi/pointer/site123_bit49.out,,,,,,,,,,,,,,61483011,15450736,16777216
123,50,SDC,SDC_NOTFLAGGED,,,,HeCBench/results/llvm17_inject/jacobi/pointer/site123_bit50.out,,,,,,,,,,,,,,61483011,15450736,16777216
123,51,SDC,SDC_NOTFLAGGED,,,,HeCBench/results/llvm17_inject/jacobi/pointer/site123_bit51.out,,,,,,,,,,,,,,61483011,15450736,16777216
123,52,SDC,SDC_NOTFLAGGED,,,,HeCBench/results/llvm17_inject/jacobi/pointer/site123_bit52.out,,,,,,,,,,,,,,61483011,15450736,16777216
123,53,SDC,SDC_NOTFLAGGED,,,,HeCBench/results/llvm17_inject/jacobi/pointer/site123_bit53.out,,,,,,,,,,,,,,61483011,15450736,16777216
123,54,SDC,SDC_NOTFLAGGED,,,,HeCBench/results/llvm17_inject/jacobi/pointer/site123_bit54.out,,,,,,,,,,,,,,61483011,15450736,16777216
123,55,SDC,SDC_NOTFLAGGED,,,,HeCBench/results/llvm17_inject/jacobi/pointer/site123_bit55.out,,,,,,,,,,,,,,61483011,15450736,16777216
123,56,SDC,SDC_NOTFLAGGED,,,,HeCBench/results/llvm17_inject/jacobi/pointer/site123_bit56.out,,,,,,,,,,,,,,61483011,15450736,16777216
123,57,SDC,SDC_NOTFLAGGED,,,,HeCBench/results/llvm17_inject/jacobi/pointer/site123_bit57.out,,,,,,,,,,,,,,61483011,15450736,16777216
123,58,SDC,SDC_NOTFLAGGED,,,,HeCBench/results/llvm17_inject/jacobi/pointer/site123_bit58.out,,,,,,,,,,,,,,61483011,15450736,16777216
123,59,SDC,SDC_NOTFLAGGED,,,,HeCBench/results/llvm17_inject/jacobi/pointer/site123_bit59.out,,,,,,,,,,,,,,61483011,15450736,16777216
123,60,SDC,SDC_NOTFLAGGED,,,,HeCBench/results/llvm17_inject/jacobi/pointer/site123_bit60.out,,,,,,,,,,,,,,61483011,15450736,16777216
123,61,SDC,SDC_NOTFLAGGED,,,,HeCBench/results/llvm17_inject/jacobi/pointer/site123_bit61.out,,,,,,,,,,,,,,61483011,15450736,16777216
123,62,SDC,SDC_NOTFLAGGED,,,,HeCBench/results/llvm17_inject/jacobi/pointer/site123_bit62.out,,,,,,,,,,,,,,61483011,15450736,16777216
123,63,SDC,SDC_NOTFLAGGED,,,,HeCBench/results/llvm17_inject/jacobi/pointer/site123_bit63.out,,,,,,,,,,,,,,61483011,15450736,16777216
129,0,SDC,SDC_NOTFLAGGED,,,,HeCBench/results/llvm17_inject/jacobi/pointer/site129_bit0.out,,,,,,,,,,,,,,26597786,7960000,16777216
129,1,SDC,SDC_NOTFLAGGED,,,,HeCBench/results/llvm17_inject/jacobi/pointer/site129_bit1.out,,,,,,,,,,,,,,10618991,4145150,16777216
129,2,SDC,SDC_NOTFLAGGED,,,,HeCBench/results/llvm17_inject/jacobi/pointer/site129_bit2.out,,,,,,,,,,,,,,12528120,4009524,16777216
129,3,SDC,SDC_NOTFLAGGED,,,,HeCBench/results/llvm17_inject/jacobi/pointer/site129_bit3.out,,,,,,,,,,,,,,35659445,10231119,16777216
129,4,SDC,SDC_NOTFLAGGED,,,,HeCBench/results/llvm17_inject/jacobi/pointer/site129_bit4.out,,,,,,,,,,,,,,40307393,11293189,16777216
129,5,SDC,SDC_NOTFLAGGED,,,,HeCBench/results/llvm17_inject/jacobi/pointer/site129_bit5.out,,,,,,,,,,,,,,44234534,12013395,16777216
129,6,SDC,SDC_NOTFLAGGED,,,,HeCBench/results/llvm17_inject/jacobi/pointer/site129_bit6.out,,,,,,,,,,,,,,48071830,13064060,16777216
129,7,SDC,SDC_NOTFLAGGED,,,,HeCBench/results/llvm17_inject/jacobi/pointer/site129_bit7.out,,,,,,,,,,,,,,53167312,14729979,16777216
129,8,DUE,FAILURE_NONHANG,,kernel_reported_fail,,HeCBench/results/llvm17_inject/jacobi/pointer/site129_bit8.out,,,,,,,,,,,,,,,,
129,9,DUE,FAILURE_NONHANG,,kernel_reported_fail,,HeCBench/results/llvm17_inject/jacobi/pointer/site129_bit9.out,,,,,,,,,,,,,,,,
129,10,DUE,FAILURE_NONHANG,,kernel_reported_fail,,HeCBench/results/llvm17_inject/jacobi/pointer/site129_bit10.out,,,,,,,,,,,,,,,,
129,11,DUE,FAILURE_NONHANG,,kernel_reported_fail,,HeCBench/results/llvm17_inject/jacobi/pointer/site129_bit11.out,,,,,,,,,,,,,,,,
129,12,DUE,FAILURE_NONHANG,,kernel_reported_fail,,HeCBench/results/llvm17_inject/jacobi/pointer/site129_bit12.out,,,,,,,,,,,,,,,,
129,13,DUE,FAILURE_NONHANG,,kernel_reported_fail,,HeCBench/results/llvm17_inject/jacobi/pointer/site129_bit13.out,,,,,,,,,,,,,,,,
129,14,DUE,FAILURE_NONHANG,,kernel_reported_fail,,HeCBench/results/llvm17_inject/jacobi/pointer/site129_bit14.out,,,,,,,,,,,,,,,,
129,15,DUE,FAILURE_NONHANG,,kernel_reported_fail,,HeCBench/results/llvm17_inject/jacobi/pointer/site129_bit15.out,,,,,,,,,,,,,,,,
129,16,DUE,FAILURE_NONHANG,,kernel_reported_fail,,HeCBench/results/llvm17_inject/jacobi/pointer/site129_bit16.out,,,,,,,,,,,,,,,,
129,17,DUE,FAILURE_NONHANG,,kernel_reported_fail,,HeCBench/results/llvm17_inject/jacobi/pointer/site129_bit17.out,,,,,,,,,,,,,,,,
129,18,DUE,FAILURE_NONHANG,,kernel_reported_fail,,HeCBench/results/llvm17_inject/jacobi/pointer/site129_bit18.out,,,,,,,,,,,,,,,,
129,19,DUE,FAILURE_NONHANG,,kernel_reported_fail,,HeCBench/results/llvm17_inject/jacobi/pointer/site129_bit19.out,,,,,,,,,,,,,,,,
129,20,DUE,FAILURE_NONHANG,,kernel_reported_fail,,HeCBench/results/llvm17_inject/jacobi/pointer/site129_bit20.out,,,,,,,,,,,,,,,,
129,21,DUE,FAILURE_NONHANG,,kernel_reported_fail,,HeCBench/results/llvm17_inject/jacobi/pointer/site129_bit21.out,,,,,,,,,,,,,,,,
129,22,DUE,FAILURE_NONHANG,,kernel_reported_fail,,HeCBench/results/llvm17_inject/jacobi/pointer/site129_bit22.out,,,,,,,,,,,,,,,,
129,23,DUE,FAILURE_NONHANG,,kernel_reported_fail,,HeCBench/results/llvm17_inject/jacobi/pointer/site129_bit23.out,,,,,,,,,,,,,,,,
129,24,DUE,FAILURE_NONHANG,,kernel_reported_fail,,HeCBench/results/llvm17_inject/jacobi/pointer/site129_bit24.out,,,,,,,,,,,,,,,,
129,25,DUE,FAILURE_NONHANG,,kernel_reported_fail,,HeCBench/results/llvm17_inject/jacobi/pointer/site129_bit25.out,,,,,,,,,,,,,,,,
129,26,DUE,FAILURE_NONHANG,,kernel_reported_fail,,HeCBench/results/llvm17_inject/jacobi/pointer/site129_bit26.out,,,,,,,,,,,,,,,,
129,27,SDC,SDC_NOTFLAGGED,,,,HeCBench/results/llvm17_inject/jacobi/pointer/site129_bit27.out,,,,,,,,,,,,,,61860594,15773553,16777216
129,28,SDC,SDC_NOTFLAGGED,,,,HeCBench/results/llvm17_inject/jacobi/pointer/site129_bit28.out,,,,,,,,,,,,,,61114108,15771468,16777216
129,29,SDC,SDC_NOTFLAGGED,,,,HeCBench/results/llvm17_inject/jacobi/pointer/site129_bit29.out,,,,,,,,,,,,,,59801594,15764846,16777216
129,30,DUE,FAILURE_NONHANG,,kernel_reported_fail,,HeCBench/results/llvm17_inject/jacobi/pointer/site129_bit30.out,,,,,,,,,,,,,,,,
129,31,SDC,SDC_NOTFLAGGED,,,,HeCBench/results/llvm17_inject/jacobi/pointer/site129_bit31.out,,,,,,,,,,,,,,59313110,15772943,16777216
129,32,SDC,SDC_NOTFLAGGED,,,,HeCBench/results/llvm17_inject/jacobi/pointer/site129_bit32.out,,,,,,,,,,,,,,59313110,15772943,16777216
129,33,SDC,SDC_NOTFLAGGED,,,,HeCBench/results/llvm17_inject/jacobi/pointer/site129_bit33.out,,,,,,,,,,,,,,59313110,15772943,16777216
129,34,SDC,SDC_NOTFLAGGED,,,,HeCBench/results/llvm17_inject/jacobi/pointer/site129_bit34.out,,,,,,,,,,,,,,59313110,15772943,16777216
129,35,SDC,SDC_NOTFLAGGED,,,,HeCBench/results/llvm17_inject/jacobi/pointer/site129_bit35.out,,,,,,,,,,,,,,59313110,15772943,16777216
129,36,SDC,SDC_NOTFLAGGED,,,,HeCBench/results/llvm17_inject/jacobi/pointer/site129_bit36.out,,,,,,,,,,,,,,59313110,15772943,16777216
129,37,SDC,SDC_NOTFLAGGED,,,,HeCBench/results/llvm17_inject/jacobi/pointer/site129_bit37.out,,,,,,,,,,,,,,59313110,15772943,16777216
129,38,SDC,SDC_NOTFLAGGED,,,,HeCBench/results/llvm17_inject/jacobi/pointer/site129_bit38.out,,,,,,,,,,,,,,59313110,15772943,16777216
129,39,SDC,SDC_NOTFLAGGED,,,,HeCBench/results/llvm17_inject/jacobi/pointer/site129_bit39.out,,,,,,,,,,,,,,59313110,15772943,16777216
129,40,SDC,SDC_NOTFLAGGED,,,,HeCBench/results/llvm17_inject/jacobi/pointer/site129_bit40.out,,,,,,,,,,,,,,59313110,15772943,16777216
129,41,SDC,SDC_NOTFLAGGED,,,,HeCBench/results/llvm17_inject/jacobi/pointer/site129_bit41.out,,,,,,,,,,,,,,59313110,15772943,16777216
129,42,SDC,SDC_NOTFLAGGED,,,,HeCBench/results/llvm17_inject/jacobi/pointer/site129_bit42.out,,,,,,,,,,,,,,59313110,15772943,16777216
129,43,SDC,SDC_NOTFLAGGED,,,,HeCBench/results/llvm17_inject/jacobi/pointer/site129_bit43.out,,,,,,,,,,,,,,59313110,15772943,16777216
129,44,SDC,SDC_NOTFLAGGED,,,,HeCBench/results/llvm17_inject/jacobi/pointer/site129_bit44.out,,,,,,,,,,,,,,59313110,15772943,16777216
129,45,SDC,SDC_NOTFLAGGED,,,,HeCBench/results/llvm17_inject/jacobi/pointer/site129_bit45.out,,,,,,,,,,,,,,59313110,15772943,16777216
129,46,SDC,SDC_NOTFLAGGED,,,,HeCBench/results/llvm17_inject/jacobi/pointer/site129_bit46.out,,,,,,,,,,,,,,59313110,15772943,16777216
129,47,SDC,SDC_NOTFLAGGED,,,,HeCBench/results/llvm17_inject/jacobi/pointer/site129_bit47.out,,,,,,,,,,,,,,59313110,15772943,16777216
129,48,SDC,SDC_NOTFLAGGED,,,,HeCBench/results/llvm17_inject/jacobi/pointer/site129_bit48.out,,,,,,,,,,,,,,59313110,15772943,16777216
129,49,SDC,SDC_NOTFLAGGED,,,,HeCBench/results/llvm17_inject/jacobi/pointer/site129_bit49.out,,,,,,,,,,,,,,59313110,15772943,16777216
129,50,SDC,SDC_NOTFLAGGED,,,,HeCBench/results/llvm17_inject/jacobi/pointer/site129_bit50.out,,,,,,,,,,,,,,59313110,15772943,16777216
129,51,SDC,SDC_NOTFLAGGED,,,,HeCBench/results/llvm17_inject/jacobi/pointer/site129_bit51.out,,,,,,,,,,,,,,59313110,15772943,16777216
129,52,SDC,SDC_NOTFLAGGED,,,,HeCBench/results/llvm17_inject/jacobi/pointer/site129_bit52.out,,,,,,,,,,,,,,59313110,15772943,16777216
129,53,SDC,SDC_NOTFLAGGED,,,,HeCBench/results/llvm17_inject/jacobi/pointer/site129_bit53.out,,,,,,,,,,,,,,59313110,15772943,16777216
129,54,SDC,SDC_NOTFLAGGED,,,,HeCBench/results/llvm17_inject/jacobi/pointer/site129_bit54.out,,,,,,,,,,,,,,59313110,15772943,16777216
129,55,SDC,SDC_NOTFLAGGED,,,,HeCBench/results/llvm17_inject/jacobi/pointer/site129_bit55.out,,,,,,,,,,,,,,59313110,15772943,16777216
129,56,SDC,SDC_NOTFLAGGED,,,,HeCBench/results/llvm17_inject/jacobi/pointer/site129_bit56.out,,,,,,,,,,,,,,59313110,15772943,16777216
129,57,SDC,SDC_NOTFLAGGED,,,,HeCBench/results/llvm17_inject/jacobi/pointer/site129_bit57.out,,,,,,,,,,,,,,59313110,15772943,16777216
129,58,SDC,SDC_NOTFLAGGED,,,,HeCBench/results/llvm17_inject/jacobi/pointer/site129_bit58.out,,,,,,,,,,,,,,59313110,15772943,16777216
129,59,SDC,SDC_NOTFLAGGED,,,,HeCBench/results/llvm17_inject/jacobi/pointer/site129_bit59.out,,,,,,,,,,,,,,59313110,15772943,16777216
129,60,SDC,SDC_NOTFLAGGED,,,,HeCBench/results/llvm17_inject/jacobi/pointer/site129_bit60.out,,,,,,,,,,,,,,59313110,15772943,16777216
129,61,SDC,SDC_NOTFLAGGED,,,,HeCBench/results/llvm17_inject/jacobi/pointer/site129_bit61.out,,,,,,,,,,,,,,59313110,15772943,16777216
129,62,SDC,SDC_NOTFLAGGED,,,,HeCBench/results/llvm17_inject/jacobi/pointer/site129_bit62.out,,,,,,,,,,,,,,59313110,15772943,16777216
129,63,SDC,SDC_NOTFLAGGED,,,,HeCBench/results/llvm17_inject/jacobi/pointer/site129_bit63.out,,,,,,,,,,,,,,59313110,15772943,16777216
141,0,SDC,SDC_NOTFLAGGED,,,,HeCBench/results/llvm17_inject/jacobi/pointer/site141_bit0.out,,,,,,,,,,,,,,35458906,10072603,16777216
141,1,MASKED,MASKED_UNFLAGGED,,,,HeCBench/results/llvm17_inject/jacobi/pointer/site141_bit1.out,,,,,,,,,,,,,,,,
141,2,MASKED,MASKED_UNFLAGGED,,,,HeCBench/results/llvm17_inject/jacobi/pointer/site141_bit2.out,,,,,,,,,,,,,,,,
141,3,MASKED,MASKED_UNFLAGGED,,,,HeCBench/results/llvm17_inject/jacobi/pointer/site141_bit3.out,,,,,,,,,,,,,,,,
141,4,SDC,SDC_NOTFLAGGED,,,,HeCBench/results/llvm17_inject/jacobi/pointer/site141_bit4.out,,,,,,,,,,,,,,33464996,9487902,16777216
141,5,SDC,SDC_NOTFLAGGED,,,,HeCBench/results/llvm17_inject/jacobi/pointer/site141_bit5.out,,,,,,,,,,,,,,38608767,10779616,16777216
141,6,SDC,SDC_NOTFLAGGED,,,,HeCBench/results/llvm17_inject/jacobi/pointer/site141_bit6.out,,,,,,,,,,,,,,42521354,11480088,16777216
141,7,SDC,SDC_NOTFLAGGED,,,,HeCBench/results/llvm17_inject/jacobi/pointer/site141_bit7.out,,,,,,,,,,,,,,46616134,12562833,16777216
141,8,SDC,SDC_NOTFLAGGED,,,,HeCBench/results/llvm17_inject/jacobi/pointer/site141_bit8.out,,,,,,,,,,,,,,51143289,14135139,16777216
141,9,DUE,FAILURE_NONHANG,,kernel_reported_fail,,HeCBench/results/llvm17_inject/jacobi/pointer/site141_bit9.out,,,,,,,,,,,,,,,,
141,10,DUE,FAILURE_NONHANG,,kernel_reported_fail,,HeCBench/results/llvm17_inject/jacobi/pointer/site141_bit10.out,,,,,,,,,,,,,,,,
141,11,DUE,FAILURE_NONHANG,,kernel_reported_fail,,HeCBench/results/llvm17_inject/jacobi/pointer/site141_bit11.out,,,,,,,,,,,,,,,,
141,12,DUE,FAILURE_NONHANG,,kernel_reported_fail,,HeCBench/results/llvm17_inject/jacobi/pointer/site141_bit12.out,,,,,,,,,,,,,,,,
141,13,DUE,FAILURE_NONHANG,,kernel_reported_fail,,HeCBench/results/llvm17_inject/jacobi/pointer/site141_bit13.out,,,,,,,,,,,,,,,,
141,14,DUE,FAILURE_NONHANG,,kernel_reported_fail,,HeCBench/results/llvm17_inject/jacobi/pointer/site141_bit14.out,,,,,,,,,,,,,,,,
141,15,DUE,FAILURE_NONHANG,,kernel_reported_fail,,HeCBench/results/llvm17_inject/jacobi/pointer/site141_bit15.out,,,,,,,,,,,,,,,,
141,16,DUE,FAILURE_NONHANG,,kernel_reported_fail,,HeCBench/results/llvm17_inject/jacobi/pointer/site141_bit16.out,,,,,,,,,,,,,,,,
141,17,DUE,FAILURE_NONHANG,,kernel_reported_fail,,HeCBench/results/llvm17_inject/jacobi/pointer/site141_bit17.out,,,,,,,,,,,,,,,,
141,18,DUE,FAILURE_NONHANG,,kernel_reported_fail,,HeCBench/results/llvm17_inject/jacobi/pointer/site141_bit18.out,,,,,,,,,,,,,,,,
141,19,DUE,FAILURE_NONHANG,,kernel_reported_fail,,HeCBench/results/llvm17_inject/jacobi/pointer/site141_bit19.out,,,,,,,,,,,,,,,,
141,20,DUE,FAILURE_NONHANG,,kernel_reported_fail,,HeCBench/results/llvm17_inject/jacobi/pointer/site141_bit20.out,,,,,,,,,,,,,,,,
141,21,DUE,FAILURE_NONHANG,,kernel_reported_fail,,HeCBench/results/llvm17_inject/jacobi/pointer/site141_bit21.out,,,,,,,,,,,,,,,,
141,22,DUE,FAILURE_NONHANG,,kernel_reported_fail,,HeCBench/results/llvm17_inject/jacobi/pointer/site141_bit22.out,,,,,,,,,,,,,,,,
141,23,DUE,FAILURE_NONHANG,,kernel_reported_fail,,HeCBench/results/llvm17_inject/jacobi/pointer/site141_bit23.out,,,,,,,,,,,,,,,,
141,24,DUE,FAILURE_NONHANG,,kernel_reported_fail,,HeCBench/results/llvm17_inject/jacobi/pointer/site141_bit24.out,,,,,,,,,,,,,,,,
141,25,DUE,FAILURE_NONHANG,,kernel_reported_fail,,HeCBench/results/llvm17_inject/jacobi/pointer/site141_bit25.out,,,,,,,,,,,,,,,,
141,26,DUE,FAILURE_NONHANG,,kernel_reported_fail,,HeCBench/results/llvm17_inject/jacobi/pointer/site141_bit26.out,,,,,,,,,,,,,,,,
141,27,SDC,SDC_NOTFLAGGED,,,,HeCBench/results/llvm17_inject/jacobi/pointer/site141_bit27.out,,,,,,,,,,,,,,61431002,15450689,16777216
141,28,SDC,SDC_NOTFLAGGED,,,,HeCBench/results/llvm17_inject/jacobi/pointer/site141_bit28.out,,,,,,,,,,,,,,61431002,15450689,16777216
141,29,SDC,SDC_NOTFLAGGED,,,,HeCBench/results/llvm17_inject/jacobi/pointer/site141_bit29.out,,,,,,,,,,,,,,61431002,15450689,16777216
141,30,DUE,FAILURE_NONHANG,,kernel_reported_fail,,HeCBench/results/llvm17_inject/jacobi/pointer/site141_bit30.out,,,,,,,,,,,,,,,,
141,31,DUE,FAILURE_NONHANG,,kernel_reported_fail,,HeCBench/results/llvm17_inject/jacobi/pointer/site141_bit31.out,,,,,,,,,,,,,,,,
141,32,DUE,FAILURE_NONHANG,,kernel_reported_fail,,HeCBench/results/llvm17_inject/jacobi/pointer/site141_bit32.out,,,,,,,,,,,,,,,,
141,33,DUE,FAILURE_NONHANG,,kernel_reported_fail,,HeCBench/results/llvm17_inject/jacobi/pointer/site141_bit33.out,,,,,,,,,,,,,,,,
141,34,DUE,FAILURE_NONHANG,,kernel_reported_fail,,HeCBench/results/llvm17_inject/jacobi/pointer/site141_bit34.out,,,,,,,,,,,,,,,,
141,35,DUE,FAILURE_NONHANG,,kernel_reported_fail,,HeCBench/results/llvm17_inject/jacobi/pointer/site141_bit35.out,,,,,,,,,,,,,,,,
141,36,DUE,FAILURE_NONHANG,,kernel_reported_fail,,HeCBench/results/llvm17_inject/jacobi/pointer/site141_bit36.out,,,,,,,,,,,,,,,,
141,37,DUE,FAILURE_NONHANG,,kernel_reported_fail,,HeCBench/results/llvm17_inject/jacobi/pointer/site141_bit37.out,,,,,,,,,,,,,,,,
141,38,DUE,FAILURE_NONHANG,,kernel_reported_fail,,HeCBench/results/llvm17_inject/jacobi/pointer/site141_bit38.out,,,,,,,,,,,,,,,,
141,39,DUE,FAILURE_NONHANG,,kernel_reported_fail,,HeCBench/results/llvm17_inject/jacobi/pointer/site141_bit39.out,,,,,,,,,,,,,,,,
141,40,DUE,FAILURE_NONHANG,,kernel_reported_fail,,HeCBench/results/llvm17_inject/jacobi/pointer/site141_bit40.out,,,,,,,,,,,,,,,,
141,41,DUE,FAILURE_NONHANG,,kernel_reported_fail,,HeCBench/results/llvm17_inject/jacobi/pointer/site141_bit41.out,,,,,,,,,,,,,,,,
141,42,DUE,FAILURE_NONHANG,,kernel_reported_fail,,HeCBench/results/llvm17_inject/jacobi/pointer/site141_bit42.out,,,,,,,,,,,,,,,,
141,43,DUE,FAILURE_NONHANG,,kernel_reported_fail,,HeCBench/results/llvm17_inject/jacobi/pointer/site141_bit43.out,,,,,,,,,,,,,,,,
141,44,DUE,FAILURE_NONHANG,,kernel_reported_fail,,HeCBench/results/llvm17_inject/jacobi/pointer/site141_bit44.out,,,,,,,,,,,,,,,,
141,45,DUE,FAILURE_NONHANG,,kernel_reported_fail,,HeCBench/results/llvm17_inject/jacobi/pointer/site141_bit45.out,,,,,,,,,,,,,,,,
141,46,DUE,FAILURE_NONHANG,,kernel_reported_fail,,HeCBench/results/llvm17_inject/jacobi/pointer/site141_bit46.out,,,,,,,,,,,,,,,,
141,47,DUE,FAILURE_NONHANG,,kernel_reported_fail,,HeCBench/results/llvm17_inject/jacobi/pointer/site141_bit47.out,,,,,,,,,,,,,,,,
141,48,DUE,FAILURE_NONHANG,,kernel_reported_fail,,HeCBench/results/llvm17_inject/jacobi/pointer/site141_bit48.out,,,,,,,,,,,,,,,,
141,49,DUE,FAILURE_NONHANG,,kernel_reported_fail,,HeCBench/results/llvm17_inject/jacobi/pointer/site141_bit49.out,,,,,,,,,,,,,,,,
141,50,DUE,FAILURE_NONHANG,,kernel_reported_fail,,HeCBench/results/llvm17_inject/jacobi/pointer/site141_bit50.out,,,,,,,,,,,,,,,,
141,51,DUE,FAILURE_NONHANG,,kernel_reported_fail,,HeCBench/results/llvm17_inject/jacobi/pointer/site141_bit51.out,,,,,,,,,,,,,,,,
141,52,DUE,FAILURE_NONHANG,,kernel_reported_fail,,HeCBench/results/llvm17_inject/jacobi/pointer/site141_bit52.out,,,,,,,,,,,,,,,,
141,53,DUE,FAILURE_NONHANG,,kernel_reported_fail,,HeCBench/results/llvm17_inject/jacobi/pointer/site141_bit53.out,,,,,,,,,,,,,,,,
141,54,DUE,FAILURE_NONHANG,,kernel_reported_fail,,HeCBench/results/llvm17_inject/jacobi/pointer/site141_bit54.out,,,,,,,,,,,,,,,,
141,55,DUE,FAILURE_NONHANG,,kernel_reported_fail,,HeCBench/results/llvm17_inject/jacobi/pointer/site141_bit55.out,,,,,,,,,,,,,,,,
141,56,DUE,FAILURE_NONHANG,,kernel_reported_fail,,HeCBench/results/llvm17_inject/jacobi/pointer/site141_bit56.out,,,,,,,,,,,,,,,,
141,57,DUE,FAILURE_NONHANG,,kernel_reported_fail,,HeCBench/results/llvm17_inject/jacobi/pointer/site141_bit57.out,,,,,,,,,,,,,,,,
141,58,DUE,FAILURE_NONHANG,,kernel_reported_fail,,HeCBench/results/llvm17_inject/jacobi/pointer/site141_bit58.out,,,,,,,,,,,,,,,,
141,59,DUE,FAILURE_NONHANG,,kernel_reported_fail,,HeCBench/results/llvm17_inject/jacobi/pointer/site141_bit59.out,,,,,,,,,,,,,,,,
141,60,DUE,FAILURE_NONHANG,,kernel_reported_fail,,HeCBench/results/llvm17_inject/jacobi/pointer/site141_bit60.out,,,,,,,,,,,,,,,,
141,61,DUE,FAILURE_NONHANG,,kernel_reported_fail,,HeCBench/results/llvm17_inject/jacobi/pointer/site141_bit61.out,,,,,,,,,,,,,,,,
141,62,DUE,FAILURE_NONHANG,,kernel_reported_fail,,HeCBench/results/llvm17_inject/jacobi/pointer/site141_bit62.out,,,,,,,,,,,,,,,,
141,63,DUE,FAILURE_NONHANG,,kernel_reported_fail,,HeCBench/results/llvm17_inject/jacobi/pointer/site141_bit63.out,,,,,,,,,,,,,,,,
143,0,DUE,FAILURE_NONHANG,,kernel_reported_fail,,HeCBench/results/llvm17_inject/jacobi/pointer/site143_bit0.out,,,,,,,,,,,,,,,,
143,1,DUE,FAILURE_NONHANG,,kernel_reported_fail,,HeCBench/results/llvm17_inject/jacobi/pointer/site143_bit1.out,,,,,,,,,,,,,,,,
143,2,DUE,FAILURE_NONHANG,,kernel_reported_fail,,HeCBench/results/llvm17_inject/jacobi/pointer/site143_bit2.out,,,,,,,,,,,,,,,,
143,3,DUE,FAILURE_NONHANG,,kernel_reported_fail,,HeCBench/results/llvm17_inject/jacobi/pointer/site143_bit3.out,,,,,,,,,,,,,,,,
143,4,DUE,FAILURE_NONHANG,,kernel_reported_fail,,HeCBench/results/llvm17_inject/jacobi/pointer/site143_bit4.out,,,,,,,,,,,,,,,,
143,5,SDC,SDC_NOTFLAGGED,,,,HeCBench/results/llvm17_inject/jacobi/pointer/site143_bit5.out,,,,,,,,,,,,,,61483011,15450736,16777216
143,6,SDC,SDC_NOTFLAGGED,,,,HeCBench/results/llvm17_inject/jacobi/pointer/site143_bit6.out,,,,,,,,,,,,,,61483011,15450736,16777216
143,7,SDC,SDC_NOTFLAGGED,,,,HeCBench/results/llvm17_inject/jacobi/pointer/site143_bit7.out,,,,,,,,,,,,,,61483011,15450736,16777216
143,8,SDC,SDC_NOTFLAGGED,,,,HeCBench/results/llvm17_inject/jacobi/pointer/site143_bit8.out,,,,,,,,,,,,,,61483011,15450736,16777216
143,9,SDC,SDC_NOTFLAGGED,,,,HeCBench/results/llvm17_inject/jacobi/pointer/site143_bit9.out,,,,,,,,,,,,,,61483011,15450736,16777216
143,10,SDC,SDC_NOTFLAGGED,,,,HeCBench/results/llvm17_inject/jacobi/pointer/site143_bit10.out,,,,,,,,,,,,,,61483011,15450736,16777216
143,11,SDC,SDC_NOTFLAGGED,,,,HeCBench/results/llvm17_inject/jacobi/pointer/site143_bit11.out,,,,,,,,,,,,,,61483011,15450736,16777216
143,12,SDC,SDC_NOTFLAGGED,,,,HeCBench/results/llvm17_inject/jacobi/pointer/site143_bit12.out,,,,,,,,,,,,,,61483011,15450736,16777216
143,13,SDC,SDC_NOTFLAGGED,,,,HeCBench/results/llvm17_inject/jacobi/pointer/site143_bit13.out,,,,,,,,,,,,,,61483011,15450736,16777216
143,14,SDC,SDC_NOTFLAGGED,,,,HeCBench/results/llvm17_inject/jacobi/pointer/site143_bit14.out,,,,,,,,,,,,,,61483011,15450736,16777216
143,15,SDC,SDC_NOTFLAGGED,,,,HeCBench/results/llvm17_inject/jacobi/pointer/site143_bit15.out,,,,,,,,,,,,,,61483011,15450736,16777216
143,16,SDC,SDC_NOTFLAGGED,,,,HeCBench/results/llvm17_inject/jacobi/pointer/site143_bit16.out,,,,,,,,,,,,,,61483011,15450736,16777216
143,17,SDC,SDC_NOTFLAGGED,,,,HeCBench/results/llvm17_inject/jacobi/pointer/site143_bit17.out,,,,,,,,,,,,,,61483011,15450736,16777216
143,18,SDC,SDC_NOTFLAGGED,,,,HeCBench/results/llvm17_inject/jacobi/pointer/site143_bit18.out,,,,,,,,,,,,,,61483011,15450736,16777216
143,19,SDC,SDC_NOTFLAGGED,,,,HeCBench/results/llvm17_inject/jacobi/pointer/site143_bit19.out,,,,,,,,,,,,,,61483011,15450736,16777216
143,20,SDC,SDC_NOTFLAGGED,,,,HeCBench/results/llvm17_inject/jacobi/pointer/site143_bit20.out,,,,,,,,,,,,,,61483011,15450736,16777216
143,21,SDC,SDC_NOTFLAGGED,,,,HeCBench/results/llvm17_inject/jacobi/pointer/site143_bit21.out,,,,,,,,,,,,,,61483011,15450736,16777216
143,22,SDC,SDC_NOTFLAGGED,,,,HeCBench/results/llvm17_inject/jacobi/pointer/site143_bit22.out,,,,,,,,,,,,,,61483011,15450736,16777216
143,23,SDC,SDC_NOTFLAGGED,,,,HeCBench/results/llvm17_inject/jacobi/pointer/site143_bit23.out,,,,,,,,,,,,,,61483011,15450736,16777216
143,24,SDC,SDC_NOTFLAGGED,,,,HeCBench/results/llvm17_inject/jacobi/pointer/site143_bit24.out,,,,,,,,,,,,,,61483011,15450736,16777216
143,25,SDC,SDC_NOTFLAGGED,,,,HeCBench/results/llvm17_inject/jacobi/pointer/site143_bit25.out,,,,,,,,,,,,,,61483011,15450736,16777216
143,26,SDC,SDC_NOTFLAGGED,,,,HeCBench/results/llvm17_inject/jacobi/pointer/site143_bit26.out,,,,,,,,,,,,,,61483011,15450736,16777216
143,27,SDC,SDC_NOTFLAGGED,,,,HeCBench/results/llvm17_inject/jacobi/pointer/site143_bit27.out,,,,,,,,,,,,,,61483011,15450736,16777216
143,28,SDC,SDC_NOTFLAGGED,,,,HeCBench/results/llvm17_inject/jacobi/pointer/site143_bit28.out,,,,,,,,,,,,,,61483011,15450736,16777216
143,29,SDC,SDC_NOTFLAGGED,,,,HeCBench/results/llvm17_inject/jacobi/pointer/site143_bit29.out,,,,,,,,,,,,,,61483011,15450736,16777216
143,30,SDC,SDC_NOTFLAGGED,,,,HeCBench/results/llvm17_inject/jacobi/pointer/site143_bit30.out,,,,,,,,,,,,,,61483011,15450736,16777216
143,31,SDC,SDC_NOTFLAGGED,,,,HeCBench/results/llvm17_inject/jacobi/pointer/site143_bit31.out,,,,,,,,,,,,,,61483011,15450736,16777216
143,32,SDC,SDC_NOTFLAGGED,,,,HeCBench/results/llvm17_inject/jacobi/pointer/site143_bit32.out,,,,,,,,,,,,,,61483011,15450736,16777216
143,33,SDC,SDC_NOTFLAGGED,,,,HeCBench/results/llvm17_inject/jacobi/pointer/site143_bit33.out,,,,,,,,,,,,,,61483011,15450736,16777216
143,34,SDC,SDC_NOTFLAGGED,,,,HeCBench/results/llvm17_inject/jacobi/pointer/site143_bit34.out,,,,,,,,,,,,,,61483011,15450736,16777216
143,35,SDC,SDC_NOTFLAGGED,,,,HeCBench/results/llvm17_inject/jacobi/pointer/site143_bit35.out,,,,,,,,,,,,,,61483011,15450736,16777216
143,36,SDC,SDC_NOTFLAGGED,,,,HeCBench/results/llvm17_inject/jacobi/pointer/site143_bit36.out,,,,,,,,,,,,,,61483011,15450736,16777216
143,37,SDC,SDC_NOTFLAGGED,,,,HeCBench/results/llvm17_inject/jacobi/pointer/site143_bit37.out,,,,,,,,,,,,,,61483011,15450736,16777216
143,38,SDC,SDC_NOTFLAGGED,,,,HeCBench/results/llvm17_inject/jacobi/pointer/site143_bit38.out,,,,,,,,,,,,,,61483011,15450736,16777216
143,39,SDC,SDC_NOTFLAGGED,,,,HeCBench/results/llvm17_inject/jacobi/pointer/site143_bit39.out,,,,,,,,,,,,,,61483011,15450736,16777216
143,40,SDC,SDC_NOTFLAGGED,,,,HeCBench/results/llvm17_inject/jacobi/pointer/site143_bit40.out,,,,,,,,,,,,,,61483011,15450736,16777216
143,41,SDC,SDC_NOTFLAGGED,,,,HeCBench/results/llvm17_inject/jacobi/pointer/site143_bit41.out,,,,,,,,,,,,,,61483011,15450736,16777216
143,42,SDC,SDC_NOTFLAGGED,,,,HeCBench/results/llvm17_inject/jacobi/pointer/site143_bit42.out,,,,,,,,,,,,,,61483011,15450736,16777216
143,43,SDC,SDC_NOTFLAGGED,,,,HeCBench/results/llvm17_inject/jacobi/pointer/site143_bit43.out,,,,,,,,,,,,,,61483011,15450736,16777216
143,44,SDC,SDC_NOTFLAGGED,,,,HeCBench/results/llvm17_inject/jacobi/pointer/site143_bit44.out,,,,,,,,,,,,,,61483011,15450736,16777216
143,45,SDC,SDC_NOTFLAGGED,,,,HeCBench/results/llvm17_inject/jacobi/pointer/site143_bit45.out,,,,,,,,,,,,,,61483011,15450736,16777216
143,46,SDC,SDC_NOTFLAGGED,,,,HeCBench/results/llvm17_inject/jacobi/pointer/site143_bit46.out,,,,,,,,,,,,,,61483011,15450736,16777216
143,47,SDC,SDC_NOTFLAGGED,,,,HeCBench/results/llvm17_inject/jacobi/pointer/site143_bit47.out,,,,,,,,,,,,,,61483011,15450736,16777216
143,48,SDC,SDC_NOTFLAGGED,,,,HeCBench/results/llvm17_inject/jacobi/pointer/site143_bit48.out,,,,,,,,,,,,,,61483011,15450736,16777216
143,49,SDC,SDC_NOTFLAGGED,,,,HeCBench/results/llvm17_inject/jacobi/pointer/site143_bit49.out,,,,,,,,,,,,,,61483011,15450736,16777216
143,50,SDC,SDC_NOTFLAGGED,,,,HeCBench/results/llvm17_inject/jacobi/pointer/site143_bit50.out,,,,,,,,,,,,,,61483011,15450736,16777216
143,51,SDC,SDC_NOTFLAGGED,,,,HeCBench/results/llvm17_inject/jacobi/pointer/site143_bit51.out,,,,,,,,,,,,,,61483011,15450736,16777216
143,52,SDC,SDC_NOTFLAGGED,,,,HeCBench/results/llvm17_inject/jacobi/pointer/site143_bit52.out,,,,,,,,,,,,,,61483011,15450736,16777216
143,53,SDC,SDC_NOTFLAGGED,,,,HeCBench/results/llvm17_inject/jacobi/pointer/site143_bit53.out,,,,,,,,,,,,,,61483011,15450736,16777216
143,54,SDC,SDC_NOTFLAGGED,,,,HeCBench/results/llvm17_inject/jacobi/pointer/site143_bit54.out,,,,,,,,,,,,,,61483011,15450736,16777216
143,55,SDC,SDC_NOTFLAGGED,,,,HeCBench/results/llvm17_inject/jacobi/pointer/site143_bit55.out,,,,,,,,,,,,,,61483011,15450736,16777216
143,56,SDC,SDC_NOTFLAGGED,,,,HeCBench/results/llvm17_inject/jacobi/pointer/site143_bit56.out,,,,,,,,,,,,,,61483011,15450736,16777216
143,57,SDC,SDC_NOTFLAGGED,,,,HeCBench/results/llvm17_inject/jacobi/pointer/site143_bit57.out,,,,,,,,,,,,,,61483011,15450736,16777216
143,58,SDC,SDC_NOTFLAGGED,,,,HeCBench/results/llvm17_inject/jacobi/pointer/site143_bit58.out,,,,,,,,,,,,,,61483011,15450736,16777216
143,59,SDC,SDC_NOTFLAGGED,,,,HeCBench/results/llvm17_inject/jacobi/pointer/site143_bit59.out,,,,,,,,,,,,,,61483011,15450736,16777216
143,60,SDC,SDC_NOTFLAGGED,,,,HeCBench/results/llvm17_inject/jacobi/pointer/site143_bit60.out,,,,,,,,,,,,,,61483011,15450736,16777216
143,61,SDC,SDC_NOTFLAGGED,,,,HeCBench/results/llvm17_inject/jacobi/pointer/site143_bit61.out,,,,,,,,,,,,,,61483011,15450736,16777216
143,62,SDC,SDC_NOTFLAGGED,,,,HeCBench/results/llvm17_inject/jacobi/pointer/site143_bit62.out,,,,,,,,,,,,,,61483011,15450736,16777216
143,63,SDC,SDC_NOTFLAGGED,,,,HeCBench/results/llvm17_inject/jacobi/pointer/site143_bit63.out,,,,,,,,,,,,,,61483011,15450736,16777216
146,0,DUE,FAILURE_NONHANG,,kernel_reported_fail,,HeCBench/results/llvm17_inject/jacobi/pointer/site146_bit0.out,,,,,,,,,,,,,,,,
146,1,DUE,FAILURE_NONHANG,,kernel_reported_fail,,HeCBench/results/llvm17_inject/jacobi/pointer/site146_bit1.out,,,,,,,,,,,,,,,,
146,2,DUE,FAILURE_NONHANG,,kernel_reported_fail,,HeCBench/results/llvm17_inject/jacobi/pointer/site146_bit2.out,,,,,,,,,,,,,,,,
146,3,DUE,FAILURE_NONHANG,,kernel_reported_fail,,HeCBench/results/llvm17_inject/jacobi/pointer/site146_bit3.out,,,,,,,,,,,,,,,,
146,4,DUE,FAILURE_NONHANG,,kernel_reported_fail,,HeCBench/results/llvm17_inject/jacobi/pointer/site146_bit4.out,,,,,,,,,,,,,,,,
146,5,DUE,FAILURE_NONHANG,,kernel_reported_fail,,HeCBench/results/llvm17_inject/jacobi/pointer/site146_bit5.out,,,,,,,,,,,,,,,,
146,6,DUE,FAILURE_NONHANG,,kernel_reported_fail,,HeCBench/results/llvm17_inject/jacobi/pointer/site146_bit6.out,,,,,,,,,,,,,,,,
146,7,DUE,FAILURE_NONHANG,,kernel_reported_fail,,HeCBench/results/llvm17_inject/jacobi/pointer/site146_bit7.out,,,,,,,,,,,,,,,,
146,8,DUE,FAILURE_NONHANG,,kernel_reported_fail,,HeCBench/results/llvm17_inject/jacobi/pointer/site146_bit8.out,,,,,,,,,,,,,,,,
146,9,SDC,SDC_NOTFLAGGED,,,,HeCBench/results/llvm17_inject/jacobi/pointer/site146_bit9.out,,,,,,,,,,,,,,61483011,15450736,16777216
146,10,SDC,SDC_NOTFLAGGED,,,,HeCBench/results/llvm17_inject/jacobi/pointer/site146_bit10.out,,,,,,,,,,,,,,61483011,15450736,16777216
146,11,SDC,SDC_NOTFLAGGED,,,,HeCBench/results/llvm17_inject/jacobi/pointer/site146_bit11.out,,,,,,,,,,,,,,61483011,15450736,16777216
146,12,SDC,SDC_NOTFLAGGED,,,,HeCBench/results/llvm17_inject/jacobi/pointer/site146_bit12.out,,,,,,,,,,,,,,61483011,15450736,16777216
146,13,SDC,SDC_NOTFLAGGED,,,,HeCBench/results/llvm17_inject/jacobi/pointer/site146_bit13.out,,,,,,,,,,,,,,61483011,15450736,16777216
146,14,SDC,SDC_NOTFLAGGED,,,,HeCBench/results/llvm17_inject/jacobi/pointer/site146_bit14.out,,,,,,,,,,,,,,61483011,15450736,16777216
146,15,SDC,SDC_NOTFLAGGED,,,,HeCBench/results/llvm17_inject/jacobi/pointer/site146_bit15.out,,,,,,,,,,,,,,61483011,15450736,16777216
146,16,SDC,SDC_NOTFLAGGED,,,,HeCBench/results/llvm17_inject/jacobi/pointer/site146_bit16.out,,,,,,,,,,,,,,61483011,15450736,16777216
146,17,SDC,SDC_NOTFLAGGED,,,,HeCBench/results/llvm17_inject/jacobi/pointer/site146_bit17.out,,,,,,,,,,,,,,61483011,15450736,16777216
146,18,SDC,SDC_NOTFLAGGED,,,,HeCBench/results/llvm17_inject/jacobi/pointer/site146_bit18.out,,,,,,,,,,,,,,61483011,15450736,16777216
146,19,SDC,SDC_NOTFLAGGED,,,,HeCBench/results/llvm17_inject/jacobi/pointer/site146_bit19.out,,,,,,,,,,,,,,61483011,15450736,16777216
146,20,SDC,SDC_NOTFLAGGED,,,,HeCBench/results/llvm17_inject/jacobi/pointer/site146_bit20.out,,,,,,,,,,,,,,61483011,15450736,16777216
146,21,SDC,SDC_NOTFLAGGED,,,,HeCBench/results/llvm17_inject/jacobi/pointer/site146_bit21.out,,,,,,,,,,,,,,61483011,15450736,16777216
146,22,SDC,SDC_NOTFLAGGED,,,,HeCBench/results/llvm17_inject/jacobi/pointer/site146_bit22.out,,,,,,,,,,,,,,61483011,15450736,16777216
146,23,SDC,SDC_NOTFLAGGED,,,,HeCBench/results/llvm17_inject/jacobi/pointer/site146_bit23.out,,,,,,,,,,,,,,61483011,15450736,16777216
146,24,SDC,SDC_NOTFLAGGED,,,,HeCBench/results/llvm17_inject/jacobi/pointer/site146_bit24.out,,,,,,,,,,,,,,61483011,15450736,16777216
146,25,SDC,SDC_NOTFLAGGED,,,,HeCBench/results/llvm17_inject/jacobi/pointer/site146_bit25.out,,,,,,,,,,,,,,61483011,15450736,16777216
146,26,SDC,SDC_NOTFLAGGED,,,,HeCBench/results/llvm17_inject/jacobi/pointer/site146_bit26.out,,,,,,,,,,,,,,61483011,15450736,16777216
146,27,SDC,SDC_NOTFLAGGED,,,,HeCBench/results/llvm17_inject/jacobi/pointer/site146_bit27.out,,,,,,,,,,,,,,61483011,15450736,16777216
146,28,SDC,SDC_NOTFLAGGED,,,,HeCBench/results/llvm17_inject/jacobi/pointer/site146_bit28.out,,,,,,,,,,,,,,61483011,15450736,16777216
146,29,SDC,SDC_NOTFLAGGED,,,,HeCBench/results/llvm17_inject/jacobi/pointer/site146_bit29.out,,,,,,,,,,,,,,61483011,15450736,16777216
146,30,SDC,SDC_NOTFLAGGED,,,,HeCBench/results/llvm17_inject/jacobi/pointer/site146_bit30.out,,,,,,,,,,,,,,61483011,15450736,16777216
146,31,SDC,SDC_NOTFLAGGED,,,,HeCBench/results/llvm17_inject/jacobi/pointer/site146_bit31.out,,,,,,,,,,,,,,61483011,15450736,16777216
146,32,SDC,SDC_NOTFLAGGED,,,,HeCBench/results/llvm17_inject/jacobi/pointer/site146_bit32.out,,,,,,,,,,,,,,61483011,15450736,16777216
146,33,SDC,SDC_NOTFLAGGED,,,,HeCBench/results/llvm17_inject/jacobi/pointer/site146_bit33.out,,,,,,,,,,,,,,61483011,15450736,16777216
146,34,SDC,SDC_NOTFLAGGED,,,,HeCBench/results/llvm17_inject/jacobi/pointer/site146_bit34.out,,,,,,,,,,,,,,61483011,15450736,16777216
146,35,SDC,SDC_NOTFLAGGED,,,,HeCBench/results/llvm17_inject/jacobi/pointer/site146_bit35.out,,,,,,,,,,,,,,61483011,15450736,16777216
146,36,SDC,SDC_NOTFLAGGED,,,,HeCBench/results/llvm17_inject/jacobi/pointer/site146_bit36.out,,,,,,,,,,,,,,61483011,15450736,16777216
146,37,SDC,SDC_NOTFLAGGED,,,,HeCBench/results/llvm17_inject/jacobi/pointer/site146_bit37.out,,,,,,,,,,,,,,61483011,15450736,16777216
146,38,SDC,SDC_NOTFLAGGED,,,,HeCBench/results/llvm17_inject/jacobi/pointer/site146_bit38.out,,,,,,,,,,,,,,61483011,15450736,16777216
146,39,SDC,SDC_NOTFLAGGED,,,,HeCBench/results/llvm17_inject/jacobi/pointer/site146_bit39.out,,,,,,,,,,,,,,61483011,15450736,16777216
146,40,SDC,SDC_NOTFLAGGED,,,,HeCBench/results/llvm17_inject/jacobi/pointer/site146_bit40.out,,,,,,,,,,,,,,61483011,15450736,16777216
146,41,SDC,SDC_NOTFLAGGED,,,,HeCBench/results/llvm17_inject/jacobi/pointer/site146_bit41.out,,,,,,,,,,,,,,61483011,15450736,16777216
146,42,SDC,SDC_NOTFLAGGED,,,,HeCBench/results/llvm17_inject/jacobi/pointer/site146_bit42.out,,,,,,,,,,,,,,61483011,15450736,16777216
146,43,SDC,SDC_NOTFLAGGED,,,,HeCBench/results/llvm17_inject/jacobi/pointer/site146_bit43.out,,,,,,,,,,,,,,61483011,15450736,16777216
146,44,SDC,SDC_NOTFLAGGED,,,,HeCBench/results/llvm17_inject/jacobi/pointer/site146_bit44.out,,,,,,,,,,,,,,61483011,15450736,16777216
146,45,SDC,SDC_NOTFLAGGED,,,,HeCBench/results/llvm17_inject/jacobi/pointer/site146_bit45.out,,,,,,,,,,,,,,61483011,15450736,16777216
146,46,SDC,SDC_NOTFLAGGED,,,,HeCBench/results/llvm17_inject/jacobi/pointer/site146_bit46.out,,,,,,,,,,,,,,61483011,15450736,16777216
146,47,SDC,SDC_NOTFLAGGED,,,,HeCBench/results/llvm17_inject/jacobi/pointer/site146_bit47.out,,,,,,,,,,,,,,61483011,15450736,16777216
146,48,SDC,SDC_NOTFLAGGED,,,,HeCBench/results/llvm17_inject/jacobi/pointer/site146_bit48.out,,,,,,,,,,,,,,61483011,15450736,16777216
146,49,SDC,SDC_NOTFLAGGED,,,,HeCBench/results/llvm17_inject/jacobi/pointer/site146_bit49.out,,,,,,,,,,,,,,61483011,15450736,16777216
146,50,SDC,SDC_NOTFLAGGED,,,,HeCBench/results/llvm17_inject/jacobi/pointer/site146_bit50.out,,,,,,,,,,,,,,61483011,15450736,16777216
146,51,SDC,SDC_NOTFLAGGED,,,,HeCBench/results/llvm17_inject/jacobi/pointer/site146_bit51.out,,,,,,,,,,,,,,61483011,15450736,16777216
146,52,SDC,SDC_NOTFLAGGED,,,,HeCBench/results/llvm17_inject/jacobi/pointer/site146_bit52.out,,,,,,,,,,,,,,61483011,15450736,16777216
146,53,SDC,SDC_NOTFLAGGED,,,,HeCBench/results/llvm17_inject/jacobi/pointer/site146_bit53.out,,,,,,,,,,,,,,61483011,15450736,16777216
146,54,SDC,SDC_NOTFLAGGED,,,,HeCBench/results/llvm17_inject/jacobi/pointer/site146_bit54.out,,,,,,,,,,,,,,61483011,15450736,16777216
146,55,SDC,SDC_NOTFLAGGED,,,,HeCBench/results/llvm17_inject/jacobi/pointer/site146_bit55.out,,,,,,,,,,,,,,61483011,15450736,16777216
146,56,SDC,SDC_NOTFLAGGED,,,,HeCBench/results/llvm17_inject/jacobi/pointer/site146_bit56.out,,,,,,,,,,,,,,61483011,15450736,16777216
146,57,SDC,SDC_NOTFLAGGED,,,,HeCBench/results/llvm17_inject/jacobi/pointer/site146_bit57.out,,,,,,,,,,,,,,61483011,15450736,16777216
146,58,SDC,SDC_NOTFLAGGED,,,,HeCBench/results/llvm17_inject/jacobi/pointer/site146_bit58.out,,,,,,,,,,,,,,61483011,15450736,16777216
146,59,SDC,SDC_NOTFLAGGED,,,,HeCBench/results/llvm17_inject/jacobi/pointer/site146_bit59.out,,,,,,,,,,,,,,61483011,15450736,16777216
146,60,SDC,SDC_NOTFLAGGED,,,,HeCBench/results/llvm17_inject/jacobi/pointer/site146_bit60.out,,,,,,,,,,,,,,61483011,15450736,16777216
146,61,SDC,SDC_NOTFLAGGED,,,,HeCBench/results/llvm17_inject/jacobi/pointer/site146_bit61.out,,,,,,,,,,,,,,61483011,15450736,16777216
146,62,SDC,SDC_NOTFLAGGED,,,,HeCBench/results/llvm17_inject/jacobi/pointer/site146_bit62.out,,,,,,,,,,,,,,61483011,15450736,16777216
146,63,SDC,SDC_NOTFLAGGED,,,,HeCBench/results/llvm17_inject/jacobi/pointer/site146_bit63.out,,,,,,,,,,,,,,61483011,15450736,16777216
149,0,MASKED,MASKED_UNFLAGGED,,,,HeCBench/results/llvm17_inject/jacobi/pointer/site149_bit0.out,,,,,,,,,,,,,,,,
149,1,MASKED,MASKED_UNFLAGGED,,,,HeCBench/results/llvm17_inject/jacobi/pointer/site149_bit1.out,,,,,,,,,,,,,,,,
149,2,MASKED,MASKED_UNFLAGGED,,,,HeCBench/results/llvm17_inject/jacobi/pointer/site149_bit2.out,,,,,,,,,,,,,,,,
149,3,MASKED,MASKED_UNFLAGGED,,,,HeCBench/results/llvm17_inject/jacobi/pointer/site149_bit3.out,,,,,,,,,,,,,,,,
149,4,MASKED,MASKED_UNFLAGGED,,,,HeCBench/results/llvm17_inject/jacobi/pointer/site149_bit4.out,,,,,,,,,,,,,,,,
149,5,MASKED,MASKED_UNFLAGGED,,,,HeCBench/results/llvm17_inject/jacobi/pointer/site149_bit5.out,,,,,,,,,,,,,,,,
149,6,MASKED,MASKED_UNFLAGGED,,,,HeCBench/results/llvm17_inject/jacobi/pointer/site149_bit6.out,,,,,,,,,,,,,,,,
149,7,MASKED,MASKED_UNFLAGGED,,,,HeCBench/results/llvm17_inject/jacobi/pointer/site149_bit7.out,,,,,,,,,,,,,,,,
149,8,MASKED,MASKED_UNFLAGGED,,,,HeCBench/results/llvm17_inject/jacobi/pointer/site149_bit8.out,,,,,,,,,,,,,,,,
149,9,MASKED,MASKED_UNFLAGGED,,,,HeCBench/results/llvm17_inject/jacobi/pointer/site149_bit9.out,,,,,,,,,,,,,,,,
149,10,MASKED,MASKED_UNFLAGGED,,,,HeCBench/results/llvm17_inject/jacobi/pointer/site149_bit10.out,,,,,,,,,,,,,,,,
149,11,SDC,SDC_NOTFLAGGED,,,,HeCBench/results/llvm17_inject/jacobi/pointer/site149_bit11.out,,,,,,,,,,,,,,33464996,9487902,16777216
149,12,SDC,SDC_NOTFLAGGED,,,,HeCBench/results/llvm17_inject/jacobi/pointer/site149_bit12.out,,,,,,,,,,,,,,33464996,9487902,16777216
149,13,SDC,SDC_NOTFLAGGED,,,,HeCBench/results/llvm17_inject/jacobi/pointer/site149_bit13.out,,,,,,,,,,,,,,33464996,9487902,16777216
149,14,SDC,SDC_NOTFLAGGED,,,,HeCBench/results/llvm17_inject/jacobi/pointer/site149_bit14.out,,,,,,,,,,,,,,33464996,9487902,16777216
149,15,MASKED,MASKED_UNFLAGGED,,,,HeCBench/results/llvm17_inject/jacobi/pointer/site149_bit15.out,,,,,,,,,,,,,,,,
149,16,MASKED,MASKED_UNFLAGGED,,,,HeCBench/results/llvm17_inject/jacobi/pointer/site149_bit16.out,,,,,,,,,,,,,,,,
149,17,SDC,SDC_NOTFLAGGED,,,,HeCBench/results/llvm17_inject/jacobi/pointer/site149_bit17.out,,,,,,,,,,,,,,33464996,9487902,16777216
149,18,SDC,SDC_NOTFLAGGED,,,,HeCBench/results/llvm17_inject/jacobi/pointer/site149_bit18.out,,,,,,,,,,,,,,39741898,10989868,16777216
149,19,SDC,SDC_NOTFLAGGED,,,,HeCBench/results/llvm17_inject/jacobi/pointer/site149_bit19.out,,,,,,,,,,,,,,42995398,11574474,16777216
149,20,SDC,SDC_NOTFLAGGED,,,,HeCBench/results/llvm17_inject/jacobi/pointer/site149_bit20.out,,,,,,,,,,,,,,45129145,12049475,16777216
149,21,SDC,SDC_NOTFLAGGED,,,,HeCBench/results/llvm17_inject/jacobi/pointer/site149_bit21.out,,,,,,,,,,,,,,51952857,14336440,16777216
149,22,SDC,SDC_NOTFLAGGED,,,,HeCBench/results/llvm17_inject/jacobi/pointer/site149_bit22.out,,,,,,,,,,,,,,53575669,14811109,16777216
149,23,SDC,SDC_NOTFLAGGED,,,,HeCBench/results/llvm17_inject/jacobi/pointer/site149_bit23.out,,,,,,,,,,,,,,54166585,14949508,16777216
149,24,SDC,SDC_NOTFLAGGED,,,,HeCBench/results/llvm17_inject/jacobi/pointer/site149_bit24.out,,,,,,,,,,,,,,54997184,15148183,16777216
149,25,SDC,SDC_NOTFLAGGED,,,,HeCBench/results/llvm17_inject/jacobi/pointer/site149_bit25.out,,,,,,,,,,,,,,55479426,15252895,16777216
149,26,SDC,SDC_NOTFLAGGED,,,,HeCBench/results/llvm17_inject/jacobi/pointer/site149_bit26.out,,,,,,,,,,,,,,55545450,15266912,16777216
149,27,SDC,SDC_NOTFLAGGED,,,,HeCBench/results/llvm17_inject/jacobi/pointer/site149_bit27.out,,,,,,,,,,,,,,61431002,15450689,16777216
149,28,SDC,SDC_NOTFLAGGED,,,,HeCBench/results/llvm17_inject/jacobi/pointer/site149_bit28.out,,,,,,,,,,,,,,61431002,15450689,16777216
149,29,SDC,SDC_NOTFLAGGED,,,,HeCBench/results/llvm17_inject/jacobi/pointer/site149_bit29.out,,,,,,,,,,,,,,61431002,15450689,16777216
149,30,DUE,FAILURE_NONHANG,,kernel_reported_fail,,HeCBench/results/llvm17_inject/jacobi/pointer/site149_bit30.out,,,,,,,,,,,,,,,,
149,31,MASKED,MASKED_UNFLAGGED,,,,HeCBench/results/llvm17_inject/jacobi/pointer/site149_bit31.out,,,,,,,,,,,,,,,,
149,32,MASKED,MASKED_UNFLAGGED,,,,HeCBench/results/llvm17_inject/jacobi/pointer/site149_bit32.out,,,,,,,,,,,,,,,,
149,33,MASKED,MASKED_UNFLAGGED,,,,HeCBench/results/llvm17_inject/jacobi/pointer/site149_bit33.out,,,,,,,,,,,,,,,,
149,34,MASKED,MASKED_UNFLAGGED,,,,HeCBench/results/llvm17_inject/jacobi/pointer/site149_bit34.out,,,,,,,,,,,,,,,,
149,35,MASKED,MASKED_UNFLAGGED,,,,HeCBench/results/llvm17_inject/jacobi/pointer/site149_bit35.out,,,,,,,,,,,,,,,,
149,36,MASKED,MASKED_UNFLAGGED,,,,HeCBench/results/llvm17_inject/jacobi/pointer/site149_bit36.out,,,,,,,,,,,,,,,,
149,37,MASKED,MASKED_UNFLAGGED,,,,HeCBench/results/llvm17_inject/jacobi/pointer/site149_bit37.out,,,,,,,,,,,,,,,,
149,38,MASKED,MASKED_UNFLAGGED,,,,HeCBench/results/llvm17_inject/jacobi/pointer/site149_bit38.out,,,,,,,,,,,,,,,,
149,39,MASKED,MASKED_UNFLAGGED,,,,HeCBench/results/llvm17_inject/jacobi/pointer/site149_bit39.out,,,,,,,,,,,,,,,,
149,40,MASKED,MASKED_UNFLAGGED,,,,HeCBench/results/llvm17_inject/jacobi/pointer/site149_bit40.out,,,,,,,,,,,,,,,,
149,41,MASKED,MASKED_UNFLAGGED,,,,HeCBench/results/llvm17_inject/jacobi/pointer/site149_bit41.out,,,,,,,,,,,,,,,,
149,42,MASKED,MASKED_UNFLAGGED,,,,HeCBench/results/llvm17_inject/jacobi/pointer/site149_bit42.out,,,,,,,,,,,,,,,,
149,43,MASKED,MASKED_UNFLAGGED,,,,HeCBench/results/llvm17_inject/jacobi/pointer/site149_bit43.out,,,,,,,,,,,,,,,,
149,44,MASKED,MASKED_UNFLAGGED,,,,HeCBench/results/llvm17_inject/jacobi/pointer/site149_bit44.out,,,,,,,,,,,,,,,,
149,45,MASKED,MASKED_UNFLAGGED,,,,HeCBench/results/llvm17_inject/jacobi/pointer/site149_bit45.out,,,,,,,,,,,,,,,,
149,46,MASKED,MASKED_UNFLAGGED,,,,HeCBench/results/llvm17_inject/jacobi/pointer/site149_bit46.out,,,,,,,,,,,,,,,,
149,47,MASKED,MASKED_UNFLAGGED,,,,HeCBench/results/llvm17_inject/jacobi/pointer/site149_bit47.out,,,,,,,,,,,,,,,,
149,48,MASKED,MASKED_UNFLAGGED,,,,HeCBench/results/llvm17_inject/jacobi/pointer/site149_bit48.out,,,,,,,,,,,,,,,,
149,49,MASKED,MASKED_UNFLAGGED,,,,HeCBench/results/llvm17_inject/jacobi/pointer/site149_bit49.out,,,,,,,,,,,,,,,,
149,50,MASKED,MASKED_UNFLAGGED,,,,HeCBench/results/llvm17_inject/jacobi/pointer/site149_bit50.out,,,,,,,,,,,,,,,,
149,51,MASKED,MASKED_UNFLAGGED,,,,HeCBench/results/llvm17_inject/jacobi/pointer/site149_bit51.out,,,,,,,,,,,,,,,,
149,52,MASKED,MASKED_UNFLAGGED,,,,HeCBench/results/llvm17_inject/jacobi/pointer/site149_bit52.out,,,,,,,,,,,,,,,,
149,53,MASKED,MASKED_UNFLAGGED,,,,HeCBench/results/llvm17_inject/jacobi/pointer/site149_bit53.out,,,,,,,,,,,,,,,,
149,54,MASKED,MASKED_UNFLAGGED,,,,HeCBench/results/llvm17_inject/jacobi/pointer/site149_bit54.out,,,,,,,,,,,,,,,,
149,55,MASKED,MASKED_UNFLAGGED,,,,HeCBench/results/llvm17_inject/jacobi/pointer/site149_bit55.out,,,,,,,,,,,,,,,,
149,56,MASKED,MASKED_UNFLAGGED,,,,HeCBench/results/llvm17_inject/jacobi/pointer/site149_bit56.out,,,,,,,,,,,,,,,,
149,57,MASKED,MASKED_UNFLAGGED,,,,HeCBench/results/llvm17_inject/jacobi/pointer/site149_bit57.out,,,,,,,,,,,,,,,,
149,58,MASKED,MASKED_UNFLAGGED,,,,HeCBench/results/llvm17_inject/jacobi/pointer/site149_bit58.out,,,,,,,,,,,,,,,,
149,59,MASKED,MASKED_UNFLAGGED,,,,HeCBench/results/llvm17_inject/jacobi/pointer/site149_bit59.out,,,,,,,,,,,,,,,,
149,60,MASKED,MASKED_UNFLAGGED,,,,HeCBench/results/llvm17_inject/jacobi/pointer/site149_bit60.out,,,,,,,,,,,,,,,,
149,61,MASKED,MASKED_UNFLAGGED,,,,HeCBench/results/llvm17_inject/jacobi/pointer/site149_bit61.out,,,,,,,,,,,,,,,,
149,62,MASKED,MASKED_UNFLAGGED,,,,HeCBench/results/llvm17_inject/jacobi/pointer/site149_bit62.out,,,,,,,,,,,,,,,,
149,63,MASKED,MASKED_UNFLAGGED,,,,HeCBench/results/llvm17_inject/jacobi/pointer/site149_bit63.out,,,,,,,,,,,,,,,,
152,0,MASKED,MASKED_UNFLAGGED,,,,HeCBench/results/llvm17_inject/jacobi/pointer/site152_bit0.out,,,,,,,,,,,,,,,,
152,1,MASKED,MASKED_UNFLAGGED,,,,HeCBench/results/llvm17_inject/jacobi/pointer/site152_bit1.out,,,,,,,,,,,,,,,,
152,2,MASKED,MASKED_UNFLAGGED,,,,HeCBench/results/llvm17_inject/jacobi/pointer/site152_bit2.out,,,,,,,,,,,,,,,,
152,3,MASKED,MASKED_UNFLAGGED,,,,HeCBench/results/llvm17_inject/jacobi/pointer/site152_bit3.out,,,,,,,,,,,,,,,,
152,4,MASKED,MASKED_UNFLAGGED,,,,HeCBench/results/llvm17_inject/jacobi/pointer/site152_bit4.out,,,,,,,,,,,,,,,,
152,5,MASKED,MASKED_UNFLAGGED,,,,HeCBench/results/llvm17_inject/jacobi/pointer/site152_bit5.out,,,,,,,,,,,,,,,,
152,6,MASKED,MASKED_UNFLAGGED,,,,HeCBench/results/llvm17_inject/jacobi/pointer/site152_bit6.out,,,,,,,,,,,,,,,,
152,7,MASKED,MASKED_UNFLAGGED,,,,HeCBench/results/llvm17_inject/jacobi/pointer/site152_bit7.out,,,,,,,,,,,,,,,,
152,8,MASKED,MASKED_UNFLAGGED,,,,HeCBench/results/llvm17_inject/jacobi/pointer/site152_bit8.out,,,,,,,,,,,,,,,,
152,9,MASKED,MASKED_UNFLAGGED,,,,HeCBench/results/llvm17_inject/jacobi/pointer/site152_bit9.out,,,,,,,,,,,,,,,,
152,10,MASKED,MASKED_UNFLAGGED,,,,HeCBench/results/llvm17_inject/jacobi/pointer/site152_bit10.out,,,,,,,,,,,,,,,,
152,11,MASKED,MASKED_UNFLAGGED,,,,HeCBench/results/llvm17_inject/jacobi/pointer/site152_bit11.out,,,,,,,,,,,,,,,,
152,12,MASKED,MASKED_UNFLAGGED,,,,HeCBench/results/llvm17_inject/jacobi/pointer/site152_bit12.out,,,,,,,,,,,,,,,,
152,13,MASKED,MASKED_UNFLAGGED,,,,HeCBench/results/llvm17_inject/jacobi/pointer/site152_bit13.out,,,,,,,,,,,,,,,,
152,14,MASKED,MASKED_UNFLAGGED,,,,HeCBench/results/llvm17_inject/jacobi/pointer/site152_bit14.out,,,,,,,,,,,,,,,,
152,15,MASKED,MASKED_UNFLAGGED,,,,HeCBench/results/llvm17_inject/jacobi/pointer/site152_bit15.out,,,,,,,,,,,,,,,,
152,16,SDC,SDC_NOTFLAGGED,,,,HeCBench/results/llvm17_inject/jacobi/pointer/site152_bit16.out,,,,,,,,,,,,,,33482153,9489828,16777216
152,17,MASKED,MASKED_UNFLAGGED,,,,HeCBench/results/llvm17_inject/jacobi/pointer/site152_bit17.out,,,,,,,,,,,,,,,,
152,18,SDC,SDC_NOTFLAGGED,,,,HeCBench/results/llvm17_inject/jacobi/pointer/site152_bit18.out,,,,,,,,,,,,,,35458906,10072603,16777216
152,19,SDC,SDC_NOTFLAGGED,,,,HeCBench/results/llvm17_inject/jacobi/pointer/site152_bit19.out,,,,,,,,,,,,,,38083161,10677545,16777216
152,20,SDC,SDC_NOTFLAGGED,,,,HeCBench/results/llvm17_inject/jacobi/pointer/site152_bit20.out,,,,,,,,,,,,,,43992198,11750719,16777216
152,21,SDC,SDC_NOTFLAGGED,,,,HeCBench/results/llvm17_inject/jacobi/pointer/site152_bit21.out,,,,,,,,,,,,,,46412762,12455115,16777216
152,22,SDC,SDC_NOTFLAGGED,,,,HeCBench/results/llvm17_inject/jacobi/pointer/site152_bit22.out,,,,,,,,,,,,,,51893903,14317514,16777216
152,23,SDC,SDC_NOTFLAGGED,,,,HeCBench/results/llvm17_inject/jacobi/pointer/site152_bit23.out,,,,,,,,,,,,,,55774967,15339560,16777216
152,24,SDC,SDC_NOTFLAGGED,,,,HeCBench/results/llvm17_inject/jacobi/pointer/site152_bit24.out,,,,,,,,,,,,,,57607349,15780877,16777216
152,25,DUE,FAILURE_NONHANG,,kernel_reported_fail,,HeCBench/results/llvm17_inject/jacobi/pointer/site152_bit25.out,,,,,,,,,,,,,,,,
152,26,DUE,FAILURE_NONHANG,,kernel_reported_fail,,HeCBench/results/llvm17_inject/jacobi/pointer/site152_bit26.out,,,,,,,,,,,,,,,,
152,27,DUE,FAILURE_NONHANG,,kernel_reported_fail,,HeCBench/results/llvm17_inject/jacobi/pointer/site152_bit27.out,,,,,,,,,,,,,,,,
152,28,SDC,SDC_NOTFLAGGED,,,,HeCBench/results/llvm17_inject/jacobi/pointer/site152_bit28.out,,,,,,,,,,,,,,61431002,15450689,16777216
152,29,SDC,SDC_NOTFLAGGED,,,,HeCBench/results/llvm17_inject/jacobi/pointer/site152_bit29.out,,,,,,,,,,,,,,61431002,15450689,16777216
152,30,DUE,FAILURE_NONHANG,,kernel_reported_fail,,HeCBench/results/llvm17_inject/jacobi/pointer/site152_bit30.out,,,,,,,,,,,,,,,,
152,31,DUE,FAILURE_NONHANG,,kernel_reported_fail,,HeCBench/results/llvm17_inject/jacobi/pointer/site152_bit31.out,,,,,,,,,,,,,,,,
152,32,DUE,FAILURE_NONHANG,,kernel_reported_fail,,HeCBench/results/llvm17_inject/jacobi/pointer/site152_bit32.out,,,,,,,,,,,,,,,,
152,33,DUE,FAILURE_NONHANG,,kernel_reported_fail,,HeCBench/results/llvm17_inject/jacobi/pointer/site152_bit33.out,,,,,,,,,,,,,,,,
152,34,DUE,FAILURE_NONHANG,,kernel_reported_fail,,HeCBench/results/llvm17_inject/jacobi/pointer/site152_bit34.out,,,,,,,,,,,,,,,,
152,35,DUE,FAILURE_NONHANG,,kernel_reported_fail,,HeCBench/results/llvm17_inject/jacobi/pointer/site152_bit35.out,,,,,,,,,,,,,,,,
152,36,DUE,FAILURE_NONHANG,,kernel_reported_fail,,HeCBench/results/llvm17_inject/jacobi/pointer/site152_bit36.out,,,,,,,,,,,,,,,,
152,37,DUE,FAILURE_NONHANG,,kernel_reported_fail,,HeCBench/results/llvm17_inject/jacobi/pointer/site152_bit37.out,,,,,,,,,,,,,,,,
152,38,DUE,FAILURE_NONHANG,,kernel_reported_fail,,HeCBench/results/llvm17_inject/jacobi/pointer/site152_bit38.out,,,,,,,,,,,,,,,,
152,39,DUE,FAILURE_NONHANG,,kernel_reported_fail,,HeCBench/results/llvm17_inject/jacobi/pointer/site152_bit39.out,,,,,,,,,,,,,,,,
152,40,DUE,FAILURE_NONHANG,,kernel_reported_fail,,HeCBench/results/llvm17_inject/jacobi/pointer/site152_bit40.out,,,,,,,,,,,,,,,,
152,41,DUE,FAILURE_NONHANG,,kernel_reported_fail,,HeCBench/results/llvm17_inject/jacobi/pointer/site152_bit41.out,,,,,,,,,,,,,,,,
152,42,DUE,FAILURE_NONHANG,,kernel_reported_fail,,HeCBench/results/llvm17_inject/jacobi/pointer/site152_bit42.out,,,,,,,,,,,,,,,,
152,43,DUE,FAILURE_NONHANG,,kernel_reported_fail,,HeCBench/results/llvm17_inject/jacobi/pointer/site152_bit43.out,,,,,,,,,,,,,,,,
152,44,DUE,FAILURE_NONHANG,,kernel_reported_fail,,HeCBench/results/llvm17_inject/jacobi/pointer/site152_bit44.out,,,,,,,,,,,,,,,,
152,45,DUE,FAILURE_NONHANG,,kernel_reported_fail,,HeCBench/results/llvm17_inject/jacobi/pointer/site152_bit45.out,,,,,,,,,,,,,,,,
152,46,DUE,FAILURE_NONHANG,,kernel_reported_fail,,HeCBench/results/llvm17_inject/jacobi/pointer/site152_bit46.out,,,,,,,,,,,,,,,,
152,47,DUE,FAILURE_NONHANG,,kernel_reported_fail,,HeCBench/results/llvm17_inject/jacobi/pointer/site152_bit47.out,,,,,,,,,,,,,,,,
152,48,DUE,FAILURE_NONHANG,,kernel_reported_fail,,HeCBench/results/llvm17_inject/jacobi/pointer/site152_bit48.out,,,,,,,,,,,,,,,,
152,49,DUE,FAILURE_NONHANG,,kernel_reported_fail,,HeCBench/results/llvm17_inject/jacobi/pointer/site152_bit49.out,,,,,,,,,,,,,,,,
152,50,DUE,FAILURE_NONHANG,,kernel_reported_fail,,HeCBench/results/llvm17_inject/jacobi/pointer/site152_bit50.out,,,,,,,,,,,,,,,,
152,51,DUE,FAILURE_NONHANG,,kernel_reported_fail,,HeCBench/results/llvm17_inject/jacobi/pointer/site152_bit51.out,,,,,,,,,,,,,,,,
152,52,DUE,FAILURE_NONHANG,,kernel_reported_fail,,HeCBench/results/llvm17_inject/jacobi/pointer/site152_bit52.out,,,,,,,,,,,,,,,,
152,53,DUE,FAILURE_NONHANG,,kernel_reported_fail,,HeCBench/results/llvm17_inject/jacobi/pointer/site152_bit53.out,,,,,,,,,,,,,,,,
152,54,DUE,FAILURE_NONHANG,,kernel_reported_fail,,HeCBench/results/llvm17_inject/jacobi/pointer/site152_bit54.out,,,,,,,,,,,,,,,,
152,55,DUE,FAILURE_NONHANG,,kernel_reported_fail,,HeCBench/results/llvm17_inject/jacobi/pointer/site152_bit55.out,,,,,,,,,,,,,,,,
152,56,DUE,FAILURE_NONHANG,,kernel_reported_fail,,HeCBench/results/llvm17_inject/jacobi/pointer/site152_bit56.out,,,,,,,,,,,,,,,,
152,57,DUE,FAILURE_NONHANG,,kernel_reported_fail,,HeCBench/results/llvm17_inject/jacobi/pointer/site152_bit57.out,,,,,,,,,,,,,,,,
152,58,DUE,FAILURE_NONHANG,,kernel_reported_fail,,HeCBench/results/llvm17_inject/jacobi/pointer/site152_bit58.out,,,,,,,,,,,,,,,,
152,59,DUE,FAILURE_NONHANG,,kernel_reported_fail,,HeCBench/results/llvm17_inject/jacobi/pointer/site152_bit59.out,,,,,,,,,,,,,,,,
152,60,DUE,FAILURE_NONHANG,,kernel_reported_fail,,HeCBench/results/llvm17_inject/jacobi/pointer/site152_bit60.out,,,,,,,,,,,,,,,,
152,61,DUE,FAILURE_NONHANG,,kernel_reported_fail,,HeCBench/results/llvm17_inject/jacobi/pointer/site152_bit61.out,,,,,,,,,,,,,,,,
152,62,DUE,FAILURE_NONHANG,,kernel_reported_fail,,HeCBench/results/llvm17_inject/jacobi/pointer/site152_bit62.out,,,,,,,,,,,,,,,,
152,63,DUE,FAILURE_NONHANG,,kernel_reported_fail,,HeCBench/results/llvm17_inject/jacobi/pointer/site152_bit63.out,,,,,,,,,,,,,,,,
153,0,SDC,SDC_NOTFLAGGED,,,,HeCBench/results/llvm17_inject/jacobi/pointer/site153_bit0.out,,,,,,,,,,,,,,54440226,14896122,16777216
153,1,SDC,SDC_NOTFLAGGED,,,,HeCBench/results/llvm17_inject/jacobi/pointer/site153_bit1.out,,,,,,,,,,,,,,55418118,15141909,16777216
153,2,SDC,SDC_NOTFLAGGED,,,,HeCBench/results/llvm17_inject/jacobi/pointer/site153_bit2.out,,,,,,,,,,,,,,56023781,15246454,16777216
153,3,SDC,SDC_NOTFLAGGED,,,,HeCBench/results/llvm17_inject/jacobi/pointer/site153_bit3.out,,,,,,,,,,,,,,56664025,15318980,16777216
153,4,DUE,FAILURE_NONHANG,empty_out,,,HeCBench/results/llvm17_inject/jacobi/pointer/site153_bit4.out,,,,,,,,,,,,,,,,
153,5,DUE,FAILURE_NONHANG,empty_out,,,HeCBench/results/llvm17_inject/jacobi/pointer/site153_bit5.out,,,,,,,,,,,,,,,,
153,6,DUE,FAILURE_NONHANG,empty_out,,,HeCBench/results/llvm17_inject/jacobi/pointer/site153_bit6.out,,,,,,,,,,,,,,,,
153,7,DUE,FAILURE_NONHANG,empty_out,,,HeCBench/results/llvm17_inject/jacobi/pointer/site153_bit7.out,,,,,,,,,,,,,,,,
153,8,DUE,FAILURE_NONHANG,empty_out,,,HeCBench/results/llvm17_inject/jacobi/pointer/site153_bit8.out,,,,,,,,,,,,,,,,
153,9,DUE,FAILURE_NONHANG,empty_out,,,HeCBench/results/llvm17_inject/jacobi/pointer/site153_bit9.out,,,,,,,,,,,,,,,,
153,10,DUE,FAILURE_NONHANG,empty_out,,,HeCBench/results/llvm17_inject/jacobi/pointer/site153_bit10.out,,,,,,,,,,,,,,,,
153,11,DUE,FAILURE_NONHANG,empty_out,,,HeCBench/results/llvm17_inject/jacobi/pointer/site153_bit11.out,,,,,,,,,,,,,,,,
153,12,DUE,FAILURE_NONHANG,empty_out,,,HeCBench/results/llvm17_inject/jacobi/pointer/site153_bit12.out,,,,,,,,,,,,,,,,
153,13,DUE,FAILURE_NONHANG,empty_out,,,HeCBench/results/llvm17_inject/jacobi/pointer/site153_bit13.out,,,,,,,,,,,,,,,,
153,14,DUE,FAILURE_NONHANG,empty_out,,,HeCBench/results/llvm17_inject/jacobi/pointer/site153_bit14.out,,,,,,,,,,,,,,,,
153,15,DUE,FAILURE_NONHANG,empty_out,,,HeCBench/results/llvm17_inject/jacobi/pointer/site153_bit15.out,,,,,,,,,,,,,,,,
153,16,DUE,FAILURE_NONHANG,empty_out,,,HeCBench/results/llvm17_inject/jacobi/pointer/site153_bit16.out,,,,,,,,,,,,,,,,
153,17,DUE,FAILURE_NONHANG,empty_out,,,HeCBench/results/llvm17_inject/jacobi/pointer/site153_bit17.out,,,,,,,,,,,,,,,,
153,18,DUE,FAILURE_NONHANG,empty_out,,,HeCBench/results/llvm17_inject/jacobi/pointer/site153_bit18.out,,,,,,,,,,,,,,,,
153,19,DUE,FAILURE_NONHANG,empty_out,,,HeCBench/results/llvm17_inject/jacobi/pointer/site153_bit19.out,,,,,,,,,,,,,,,,
153,20,DUE,FAILURE_NONHANG,empty_out,,,HeCBench/results/llvm17_inject/jacobi/pointer/site153_bit20.out,,,,,,,,,,,,,,,,
153,21,DUE,FAILURE_NONHANG,empty_out,,,HeCBench/results/llvm17_inject/jacobi/pointer/site153_bit21.out,,,,,,,,,,,,,,,,
153,22,DUE,FAILURE_NONHANG,empty_out,,,HeCBench/results/llvm17_inject/jacobi/pointer/site153_bit22.out,,,,,,,,,,,,,,,,
153,23,DUE,FAILURE_NONHANG,empty_out,,,HeCBench/results/llvm17_inject/jacobi/pointer/site153_bit23.out,,,,,,,,,,,,,,,,
153,24,DUE,FAILURE_NONHANG,empty_out,,,HeCBench/results/llvm17_inject/jacobi/pointer/site153_bit24.out,,,,,,,,,,,,,,,,
153,25,DUE,FAILURE_NONHANG,empty_out,,,HeCBench/results/llvm17_inject/jacobi/pointer/site153_bit25.out,,,,,,,,,,,,,,,,
153,26,DUE,FAILURE_NONHANG,empty_out,,,HeCBench/results/llvm17_inject/jacobi/pointer/site153_bit26.out,,,,,,,,,,,,,,,,
153,27,DUE,FAILURE_NONHANG,empty_out,,,HeCBench/results/llvm17_inject/jacobi/pointer/site153_bit27.out,,,,,,,,,,,,,,,,
153,28,DUE,FAILURE_NONHANG,empty_out,,,HeCBench/results/llvm17_inject/jacobi/pointer/site153_bit28.out,,,,,,,,,,,,,,,,
153,29,DUE,FAILURE_NONHANG,empty_out,,,HeCBench/results/llvm17_inject/jacobi/pointer/site153_bit29.out,,,,,,,,,,,,,,,,
153,30,DUE,FAILURE_NONHANG,empty_out,,,HeCBench/results/llvm17_inject/jacobi/pointer/site153_bit30.out,,,,,,,,,,,,,,,,
153,31,SDC,SDC_NOTFLAGGED,,,,HeCBench/results/llvm17_inject/jacobi/pointer/site153_bit31.out,,,,,,,,,,,,,,56664025,15318980,16777216
153,32,SDC,SDC_NOTFLAGGED,,,,HeCBench/results/llvm17_inject/jacobi/pointer/site153_bit32.out,,,,,,,,,,,,,,56664025,15318980,16777216
153,33,SDC,SDC_NOTFLAGGED,,,,HeCBench/results/llvm17_inject/jacobi/pointer/site153_bit33.out,,,,,,,,,,,,,,56664025,15318980,16777216
153,34,SDC,SDC_NOTFLAGGED,,,,HeCBench/results/llvm17_inject/jacobi/pointer/site153_bit34.out,,,,,,,,,,,,,,56664025,15318980,16777216
153,35,SDC,SDC_NOTFLAGGED,,,,HeCBench/results/llvm17_inject/jacobi/pointer/site153_bit35.out,,,,,,,,,,,,,,56664025,15318980,16777216
153,36,SDC,SDC_NOTFLAGGED,,,,HeCBench/results/llvm17_inject/jacobi/pointer/site153_bit36.out,,,,,,,,,,,,,,56664025,15318980,16777216
153,37,SDC,SDC_NOTFLAGGED,,,,HeCBench/results/llvm17_inject/jacobi/pointer/site153_bit37.out,,,,,,,,,,,,,,56664025,15318980,16777216
153,38,SDC,SDC_NOTFLAGGED,,,,HeCBench/results/llvm17_inject/jacobi/pointer/site153_bit38.out,,,,,,,,,,,,,,56664025,15318980,16777216
153,39,SDC,SDC_NOTFLAGGED,,,,HeCBench/results/llvm17_inject/jacobi/pointer/site153_bit39.out,,,,,,,,,,,,,,56664025,15318980,16777216
153,40,SDC,SDC_NOTFLAGGED,,,,HeCBench/results/llvm17_inject/jacobi/pointer/site153_bit40.out,,,,,,,,,,,,,,56664025,15318980,16777216
153,41,SDC,SDC_NOTFLAGGED,,,,HeCBench/results/llvm17_inject/jacobi/pointer/site153_bit41.out,,,,,,,,,,,,,,56664025,15318980,16777216
153,42,SDC,SDC_NOTFLAGGED,,,,HeCBench/results/llvm17_inject/jacobi/pointer/site153_bit42.out,,,,,,,,,,,,,,56664025,15318980,16777216
153,43,SDC,SDC_NOTFLAGGED,,,,HeCBench/results/llvm17_inject/jacobi/pointer/site153_bit43.out,,,,,,,,,,,,,,56664025,15318980,16777216
153,44,SDC,SDC_NOTFLAGGED,,,,HeCBench/results/llvm17_inject/jacobi/pointer/site153_bit44.out,,,,,,,,,,,,,,56664025,15318980,16777216
153,45,SDC,SDC_NOTFLAGGED,,,,HeCBench/results/llvm17_inject/jacobi/pointer/site153_bit45.out,,,,,,,,,,,,,,56664025,15318980,16777216
153,46,SDC,SDC_NOTFLAGGED,,,,HeCBench/results/llvm17_inject/jacobi/pointer/site153_bit46.out,,,,,,,,,,,,,,56664025,15318980,16777216
153,47,SDC,SDC_NOTFLAGGED,,,,HeCBench/results/llvm17_inject/jacobi/pointer/site153_bit47.out,,,,,,,,,,,,,,56664025,15318980,16777216
153,48,SDC,SDC_NOTFLAGGED,,,,HeCBench/results/llvm17_inject/jacobi/pointer/site153_bit48.out,,,,,,,,,,,,,,56664025,15318980,16777216
153,49,SDC,SDC_NOTFLAGGED,,,,HeCBench/results/llvm17_inject/jacobi/pointer/site153_bit49.out,,,,,,,,,,,,,,56664025,15318980,16777216
153,50,SDC,SDC_NOTFLAGGED,,,,HeCBench/results/llvm17_inject/jacobi/pointer/site153_bit50.out,,,,,,,,,,,,,,56664025,15318980,16777216
153,51,SDC,SDC_NOTFLAGGED,,,,HeCBench/results/llvm17_inject/jacobi/pointer/site153_bit51.out,,,,,,,,,,,,,,56664025,15318980,16777216
153,52,SDC,SDC_NOTFLAGGED,,,,HeCBench/results/llvm17_inject/jacobi/pointer/site153_bit52.out,,,,,,,,,,,,,,56664025,15318980,16777216
153,53,SDC,SDC_NOTFLAGGED,,,,HeCBench/results/llvm17_inject/jacobi/pointer/site153_bit53.out,,,,,,,,,,,,,,56664025,15318980,16777216
153,54,SDC,SDC_NOTFLAGGED,,,,HeCBench/results/llvm17_inject/jacobi/pointer/site153_bit54.out,,,,,,,,,,,,,,56664025,15318980,16777216
153,55,SDC,SDC_NOTFLAGGED,,,,HeCBench/results/llvm17_inject/jacobi/pointer/site153_bit55.out,,,,,,,,,,,,,,56664025,15318980,16777216
153,56,SDC,SDC_NOTFLAGGED,,,,HeCBench/results/llvm17_inject/jacobi/pointer/site153_bit56.out,,,,,,,,,,,,,,56664025,15318980,16777216
153,57,SDC,SDC_NOTFLAGGED,,,,HeCBench/results/llvm17_inject/jacobi/pointer/site153_bit57.out,,,,,,,,,,,,,,56664025,15318980,16777216
153,58,SDC,SDC_NOTFLAGGED,,,,HeCBench/results/llvm17_inject/jacobi/pointer/site153_bit58.out,,,,,,,,,,,,,,56664025,15318980,16777216
153,59,SDC,SDC_NOTFLAGGED,,,,HeCBench/results/llvm17_inject/jacobi/pointer/site153_bit59.out,,,,,,,,,,,,,,56664025,15318980,16777216
153,60,SDC,SDC_NOTFLAGGED,,,,HeCBench/results/llvm17_inject/jacobi/pointer/site153_bit60.out,,,,,,,,,,,,,,56664025,15318980,16777216
153,61,SDC,SDC_NOTFLAGGED,,,,HeCBench/results/llvm17_inject/jacobi/pointer/site153_bit61.out,,,,,,,,,,,,,,56664025,15318980,16777216
153,62,SDC,SDC_NOTFLAGGED,,,,HeCBench/results/llvm17_inject/jacobi/pointer/site153_bit62.out,,,,,,,,,,,,,,56664025,15318980,16777216
153,63,SDC,SDC_NOTFLAGGED,,,,HeCBench/results/llvm17_inject/jacobi/pointer/site153_bit63.out,,,,,,,,,,,,,,56664025,15318980,16777216
154,0,SDC,SDC_NOTFLAGGED,,,,HeCBench/results/llvm17_inject/jacobi/pointer/site154_bit0.out,,,,,,,,,,,,,,56664025,15318980,16777216
154,1,SDC,SDC_NOTFLAGGED,,,,HeCBench/results/llvm17_inject/jacobi/pointer/site154_bit1.out,,,,,,,,,,,,,,56664025,15318980,16777216
154,2,SDC,SDC_NOTFLAGGED,,,,HeCBench/results/llvm17_inject/jacobi/pointer/site154_bit2.out,,,,,,,,,,,,,,56664025,15318980,16777216
154,3,SDC,SDC_NOTFLAGGED,,,,HeCBench/results/llvm17_inject/jacobi/pointer/site154_bit3.out,,,,,,,,,,,,,,56664025,15318980,16777216
154,4,SDC,SDC_NOTFLAGGED,,,,HeCBench/results/llvm17_inject/jacobi/pointer/site154_bit4.out,,,,,,,,,,,,,,56664025,15318980,16777216
154,5,SDC,SDC_NOTFLAGGED,,,,HeCBench/results/llvm17_inject/jacobi/pointer/site154_bit5.out,,,,,,,,,,,,,,56664025,15318980,16777216
154,6,SDC,SDC_NOTFLAGGED,,,,HeCBench/results/llvm17_inject/jacobi/pointer/site154_bit6.out,,,,,,,,,,,,,,56664025,15318980,16777216
154,7,SDC,SDC_NOTFLAGGED,,,,HeCBench/results/llvm17_inject/jacobi/pointer/site154_bit7.out,,,,,,,,,,,,,,56664025,15318980,16777216
154,8,SDC,SDC_NOTFLAGGED,,,,HeCBench/results/llvm17_inject/jacobi/pointer/site154_bit8.out,,,,,,,,,,,,,,56664025,15318980,16777216
154,9,SDC,SDC_NOTFLAGGED,,,,HeCBench/results/llvm17_inject/jacobi/pointer/site154_bit9.out,,,,,,,,,,,,,,56664025,15318980,16777216
154,10,SDC,SDC_NOTFLAGGED,,,,HeCBench/results/llvm17_inject/jacobi/pointer/site154_bit10.out,,,,,,,,,,,,,,56664025,15318980,16777216
154,11,SDC,SDC_NOTFLAGGED,,,,HeCBench/results/llvm17_inject/jacobi/pointer/site154_bit11.out,,,,,,,,,,,,,,56664025,15318980,16777216
154,12,SDC,SDC_NOTFLAGGED,,,,HeCBench/results/llvm17_inject/jacobi/pointer/site154_bit12.out,,,,,,,,,,,,,,56664025,15318980,16777216
154,13,SDC,SDC_NOTFLAGGED,,,,HeCBench/results/llvm17_inject/jacobi/pointer/site154_bit13.out,,,,,,,,,,,,,,56664025,15318980,16777216
154,14,SDC,SDC_NOTFLAGGED,,,,HeCBench/results/llvm17_inject/jacobi/pointer/site154_bit14.out,,,,,,,,,,,,,,56664025,15318980,16777216
154,15,SDC,SDC_NOTFLAGGED,,,,HeCBench/results/llvm17_inject/jacobi/pointer/site154_bit15.out,,,,,,,,,,,,,,56664025,15318980,16777216
154,16,SDC,SDC_NOTFLAGGED,,,,HeCBench/results/llvm17_inject/jacobi/pointer/site154_bit16.out,,,,,,,,,,,,,,56664025,15318980,16777216
154,17,SDC,SDC_NOTFLAGGED,,,,HeCBench/results/llvm17_inject/jacobi/pointer/site154_bit17.out,,,,,,,,,,,,,,56664025,15318980,16777216
154,18,SDC,SDC_NOTFLAGGED,,,,HeCBench/results/llvm17_inject/jacobi/pointer/site154_bit18.out,,,,,,,,,,,,,,56664025,15318980,16777216
154,19,SDC,SDC_NOTFLAGGED,,,,HeCBench/results/llvm17_inject/jacobi/pointer/site154_bit19.out,,,,,,,,,,,,,,56664025,15318980,16777216
154,20,SDC,SDC_NOTFLAGGED,,,,HeCBench/results/llvm17_inject/jacobi/pointer/site154_bit20.out,,,,,,,,,,,,,,56664025,15318980,16777216
154,21,SDC,SDC_NOTFLAGGED,,,,HeCBench/results/llvm17_inject/jacobi/pointer/site154_bit21.out,,,,,,,,,,,,,,56664025,15318980,16777216
154,22,SDC,SDC_NOTFLAGGED,,,,HeCBench/results/llvm17_inject/jacobi/pointer/site154_bit22.out,,,,,,,,,,,,,,56664025,15318980,16777216
154,23,SDC,SDC_NOTFLAGGED,,,,HeCBench/results/llvm17_inject/jacobi/pointer/site154_bit23.out,,,,,,,,,,,,,,56664025,15318980,16777216
154,24,SDC,SDC_NOTFLAGGED,,,,HeCBench/results/llvm17_inject/jacobi/pointer/site154_bit24.out,,,,,,,,,,,,,,56664025,15318980,16777216
154,25,SDC,SDC_NOTFLAGGED,,,,HeCBench/results/llvm17_inject/jacobi/pointer/site154_bit25.out,,,,,,,,,,,,,,56664025,15318980,16777216
154,26,SDC,SDC_NOTFLAGGED,,,,HeCBench/results/llvm17_inject/jacobi/pointer/site154_bit26.out,,,,,,,,,,,,,,56664025,15318980,16777216
154,27,SDC,SDC_NOTFLAGGED,,,,HeCBench/results/llvm17_inject/jacobi/pointer/site154_bit27.out,,,,,,,,,,,,,,56664025,15318980,16777216
154,28,SDC,SDC_NOTFLAGGED,,,,HeCBench/results/llvm17_inject/jacobi/pointer/site154_bit28.out,,,,,,,,,,,,,,56664025,15318980,16777216
154,29,SDC,SDC_NOTFLAGGED,,,,HeCBench/results/llvm17_inject/jacobi/pointer/site154_bit29.out,,,,,,,,,,,,,,56664025,15318980,16777216
154,30,SDC,SDC_NOTFLAGGED,,,,HeCBench/results/llvm17_inject/jacobi/pointer/site154_bit30.out,,,,,,,,,,,,,,56664025,15318980,16777216
154,31,SDC,SDC_NOTFLAGGED,,,,HeCBench/results/llvm17_inject/jacobi/pointer/site154_bit31.out,,,,,,,,,,,,,,56664025,15318980,16777216
154,32,SDC,SDC_NOTFLAGGED,,,,HeCBench/results/llvm17_inject/jacobi/pointer/site154_bit32.out,,,,,,,,,,,,,,56664025,15318980,16777216
154,33,SDC,SDC_NOTFLAGGED,,,,HeCBench/results/llvm17_inject/jacobi/pointer/site154_bit33.out,,,,,,,,,,,,,,56664025,15318980,16777216
154,34,SDC,SDC_NOTFLAGGED,,,,HeCBench/results/llvm17_inject/jacobi/pointer/site154_bit34.out,,,,,,,,,,,,,,56664025,15318980,16777216
154,35,SDC,SDC_NOTFLAGGED,,,,HeCBench/results/llvm17_inject/jacobi/pointer/site154_bit35.out,,,,,,,,,,,,,,56664025,15318980,16777216
154,36,SDC,SDC_NOTFLAGGED,,,,HeCBench/results/llvm17_inject/jacobi/pointer/site154_bit36.out,,,,,,,,,,,,,,56664025,15318980,16777216
154,37,SDC,SDC_NOTFLAGGED,,,,HeCBench/results/llvm17_inject/jacobi/pointer/site154_bit37.out,,,,,,,,,,,,,,56664025,15318980,16777216
154,38,SDC,SDC_NOTFLAGGED,,,,HeCBench/results/llvm17_inject/jacobi/pointer/site154_bit38.out,,,,,,,,,,,,,,56664025,15318980,16777216
154,39,SDC,SDC_NOTFLAGGED,,,,HeCBench/results/llvm17_inject/jacobi/pointer/site154_bit39.out,,,,,,,,,,,,,,56664025,15318980,16777216
154,40,SDC,SDC_NOTFLAGGED,,,,HeCBench/results/llvm17_inject/jacobi/pointer/site154_bit40.out,,,,,,,,,,,,,,56664025,15318980,16777216
154,41,SDC,SDC_NOTFLAGGED,,,,HeCBench/results/llvm17_inject/jacobi/pointer/site154_bit41.out,,,,,,,,,,,,,,56664025,15318980,16777216
154,42,SDC,SDC_NOTFLAGGED,,,,HeCBench/results/llvm17_inject/jacobi/pointer/site154_bit42.out,,,,,,,,,,,,,,56664025,15318980,16777216
154,43,SDC,SDC_NOTFLAGGED,,,,HeCBench/results/llvm17_inject/jacobi/pointer/site154_bit43.out,,,,,,,,,,,,,,56664025,15318980,16777216
154,44,SDC,SDC_NOTFLAGGED,,,,HeCBench/results/llvm17_inject/jacobi/pointer/site154_bit44.out,,,,,,,,,,,,,,56664025,15318980,16777216
154,45,SDC,SDC_NOTFLAGGED,,,,HeCBench/results/llvm17_inject/jacobi/pointer/site154_bit45.out,,,,,,,,,,,,,,56664025,15318980,16777216
154,46,SDC,SDC_NOTFLAGGED,,,,HeCBench/results/llvm17_inject/jacobi/pointer/site154_bit46.out,,,,,,,,,,,,,,56664025,15318980,16777216
154,47,SDC,SDC_NOTFLAGGED,,,,HeCBench/results/llvm17_inject/jacobi/pointer/site154_bit47.out,,,,,,,,,,,,,,56664025,15318980,16777216
154,48,SDC,SDC_NOTFLAGGED,,,,HeCBench/results/llvm17_inject/jacobi/pointer/site154_bit48.out,,,,,,,,,,,,,,56664025,15318980,16777216
154,49,SDC,SDC_NOTFLAGGED,,,,HeCBench/results/llvm17_inject/jacobi/pointer/site154_bit49.out,,,,,,,,,,,,,,56664025,15318980,16777216
154,50,SDC,SDC_NOTFLAGGED,,,,HeCBench/results/llvm17_inject/jacobi/pointer/site154_bit50.out,,,,,,,,,,,,,,56664025,15318980,16777216
154,51,SDC,SDC_NOTFLAGGED,,,,HeCBench/results/llvm17_inject/jacobi/pointer/site154_bit51.out,,,,,,,,,,,,,,56664025,15318980,16777216
154,52,SDC,SDC_NOTFLAGGED,,,,HeCBench/results/llvm17_inject/jacobi/pointer/site154_bit52.out,,,,,,,,,,,,,,56664025,15318980,16777216
154,53,SDC,SDC_NOTFLAGGED,,,,HeCBench/results/llvm17_inject/jacobi/pointer/site154_bit53.out,,,,,,,,,,,,,,56664025,15318980,16777216
154,54,SDC,SDC_NOTFLAGGED,,,,HeCBench/results/llvm17_inject/jacobi/pointer/site154_bit54.out,,,,,,,,,,,,,,56664025,15318980,16777216
154,55,SDC,SDC_NOTFLAGGED,,,,HeCBench/results/llvm17_inject/jacobi/pointer/site154_bit55.out,,,,,,,,,,,,,,56664025,15318980,16777216
154,56,SDC,SDC_NOTFLAGGED,,,,HeCBench/results/llvm17_inject/jacobi/pointer/site154_bit56.out,,,,,,,,,,,,,,56664025,15318980,16777216
154,57,SDC,SDC_NOTFLAGGED,,,,HeCBench/results/llvm17_inject/jacobi/pointer/site154_bit57.out,,,,,,,,,,,,,,56664025,15318980,16777216
154,58,SDC,SDC_NOTFLAGGED,,,,HeCBench/results/llvm17_inject/jacobi/pointer/site154_bit58.out,,,,,,,,,,,,,,56664025,15318980,16777216
154,59,SDC,SDC_NOTFLAGGED,,,,HeCBench/results/llvm17_inject/jacobi/pointer/site154_bit59.out,,,,,,,,,,,,,,56664025,15318980,16777216
154,60,SDC,SDC_NOTFLAGGED,,,,HeCBench/results/llvm17_inject/jacobi/pointer/site154_bit60.out,,,,,,,,,,,,,,56664025,15318980,16777216
154,61,SDC,SDC_NOTFLAGGED,,,,HeCBench/results/llvm17_inject/jacobi/pointer/site154_bit61.out,,,,,,,,,,,,,,56664025,15318980,16777216
154,62,SDC,SDC_NOTFLAGGED,,,,HeCBench/results/llvm17_inject/jacobi/pointer/site154_bit62.out,,,,,,,,,,,,,,56664025,15318980,16777216
154,63,SDC,SDC_NOTFLAGGED,,,,HeCBench/results/llvm17_inject/jacobi/pointer/site154_bit63.out,,,,,,,,,,,,,,56664025,15318980,16777216
178,0,MASKED,MASKED_UNFLAGGED,,,,HeCBench/results/llvm17_inject/jacobi/pointer/site178_bit0.out,,,,,,,,,,,,,,,,
178,1,MASKED,MASKED_UNFLAGGED,,,,HeCBench/results/llvm17_inject/jacobi/pointer/site178_bit1.out,,,,,,,,,,,,,,,,
178,2,MASKED,MASKED_UNFLAGGED,,,,HeCBench/results/llvm17_inject/jacobi/pointer/site178_bit2.out,,,,,,,,,,,,,,,,
178,3,MASKED,MASKED_UNFLAGGED,,,,HeCBench/results/llvm17_inject/jacobi/pointer/site178_bit3.out,,,,,,,,,,,,,,,,
178,4,MASKED,MASKED_UNFLAGGED,,,,HeCBench/results/llvm17_inject/jacobi/pointer/site178_bit4.out,,,,,,,,,,,,,,,,
178,5,MASKED,MASKED_UNFLAGGED,,,,HeCBench/results/llvm17_inject/jacobi/pointer/site178_bit5.out,,,,,,,,,,,,,,,,
178,6,MASKED,MASKED_UNFLAGGED,,,,HeCBench/results/llvm17_inject/jacobi/pointer/site178_bit6.out,,,,,,,,,,,,,,,,
178,7,MASKED,MASKED_UNFLAGGED,,,,HeCBench/results/llvm17_inject/jacobi/pointer/site178_bit7.out,,,,,,,,,,,,,,,,
178,8,MASKED,MASKED_UNFLAGGED,,,,HeCBench/results/llvm17_inject/jacobi/pointer/site178_bit8.out,,,,,,,,,,,,,,,,
178,9,MASKED,MASKED_UNFLAGGED,,,,HeCBench/results/llvm17_inject/jacobi/pointer/site178_bit9.out,,,,,,,,,,,,,,,,
178,10,MASKED,MASKED_UNFLAGGED,,,,HeCBench/results/llvm17_inject/jacobi/pointer/site178_bit10.out,,,,,,,,,,,,,,,,
178,11,MASKED,MASKED_UNFLAGGED,,,,HeCBench/results/llvm17_inject/jacobi/pointer/site178_bit11.out,,,,,,,,,,,,,,,,
178,12,MASKED,MASKED_UNFLAGGED,,,,HeCBench/results/llvm17_inject/jacobi/pointer/site178_bit12.out,,,,,,,,,,,,,,,,
178,13,MASKED,MASKED_UNFLAGGED,,,,HeCBench/results/llvm17_inject/jacobi/pointer/site178_bit13.out,,,,,,,,,,,,,,,,
178,14,MASKED,MASKED_UNFLAGGED,,,,HeCBench/results/llvm17_inject/jacobi/pointer/site178_bit14.out,,,,,,,,,,,,,,,,
178,15,MASKED,MASKED_UNFLAGGED,,,,HeCBench/results/llvm17_inject/jacobi/pointer/site178_bit15.out,,,,,,,,,,,,,,,,
178,16,MASKED,MASKED_UNFLAGGED,,,,HeCBench/results/llvm17_inject/jacobi/pointer/site178_bit16.out,,,,,,,,,,,,,,,,
178,17,MASKED,MASKED_UNFLAGGED,,,,HeCBench/results/llvm17_inject/jacobi/pointer/site178_bit17.out,,,,,,,,,,,,,,,,
178,18,SDC,SDC_NOTFLAGGED,,,,HeCBench/results/llvm17_inject/jacobi/pointer/site178_bit18.out,,,,,,,,,,,,,,40869216,11201432,16777216
178,19,SDC,SDC_NOTFLAGGED,,,,HeCBench/results/llvm17_inject/jacobi/pointer/site178_bit19.out,,,,,,,,,,,,,,40553163,11129895,16777216
178,20,SDC,SDC_NOTFLAGGED,,,,HeCBench/results/llvm17_inject/jacobi/pointer/site178_bit20.out,,,,,,,,,,,,,,43992198,11750719,16777216
178,21,SDC,SDC_NOTFLAGGED,,,,HeCBench/results/llvm17_inject/jacobi/pointer/site178_bit21.out,,,,,,,,,,,,,,46482622,12522423,16777216
178,22,SDC,SDC_NOTFLAGGED,,,,HeCBench/results/llvm17_inject/jacobi/pointer/site178_bit22.out,,,,,,,,,,,,,,49953578,13725099,16777216
178,23,DUE,FAILURE_NONHANG,,kernel_reported_fail,,HeCBench/results/llvm17_inject/jacobi/pointer/site178_bit23.out,,,,,,,,,,,,,,,,
178,24,SDC,SDC_NOTFLAGGED,,,,HeCBench/results/llvm17_inject/jacobi/pointer/site178_bit24.out,,,,,,,,,,,,,,53251420,14739835,16777216
178,25,DUE,FAILURE_NONHANG,,kernel_reported_fail,,HeCBench/results/llvm17_inject/jacobi/pointer/site178_bit25.out,,,,,,,,,,,,,,,,
178,26,DUE,FAILURE_NONHANG,,kernel_reported_fail,,HeCBench/results/llvm17_inject/jacobi/pointer/site178_bit26.out,,,,,,,,,,,,,,,,
178,27,DUE,FAILURE_NONHANG,,kernel_reported_fail,,HeCBench/results/llvm17_inject/jacobi/pointer/site178_bit27.out,,,,,,,,,,,,,,,,
178,28,DUE,FAILURE_NONHANG,,kernel_reported_fail,,HeCBench/results/llvm17_inject/jacobi/pointer/site178_bit28.out,,,,,,,,,,,,,,,,
178,29,DUE,FAILURE_NONHANG,,kernel_reported_fail,,HeCBench/results/llvm17_inject/jacobi/pointer/site178_bit29.out,,,,,,,,,,,,,,,,
178,30,MASKED,MASKED_UNFLAGGED,,,,HeCBench/results/llvm17_inject/jacobi/pointer/site178_bit30.out,,,,,,,,,,,,,,,,
178,31,MASKED,MASKED_UNFLAGGED,,,,HeCBench/results/llvm17_inject/jacobi/pointer/site178_bit31.out,,,,,,,,,,,,,,,,
178,32,MASKED,MASKED_UNFLAGGED,,,,HeCBench/results/llvm17_inject/jacobi/pointer/site178_bit32.out,,,,,,,,,,,,,,,,
178,33,MASKED,MASKED_UNFLAGGED,,,,HeCBench/results/llvm17_inject/jacobi/pointer/site178_bit33.out,,,,,,,,,,,,,,,,
178,34,MASKED,MASKED_UNFLAGGED,,,,HeCBench/results/llvm17_inject/jacobi/pointer/site178_bit34.out,,,,,,,,,,,,,,,,
178,35,MASKED,MASKED_UNFLAGGED,,,,HeCBench/results/llvm17_inject/jacobi/pointer/site178_bit35.out,,,,,,,,,,,,,,,,
178,36,MASKED,MASKED_UNFLAGGED,,,,HeCBench/results/llvm17_inject/jacobi/pointer/site178_bit36.out,,,,,,,,,,,,,,,,
178,37,MASKED,MASKED_UNFLAGGED,,,,HeCBench/results/llvm17_inject/jacobi/pointer/site178_bit37.out,,,,,,,,,,,,,,,,
178,38,MASKED,MASKED_UNFLAGGED,,,,HeCBench/results/llvm17_inject/jacobi/pointer/site178_bit38.out,,,,,,,,,,,,,,,,
178,39,MASKED,MASKED_UNFLAGGED,,,,HeCBench/results/llvm17_inject/jacobi/pointer/site178_bit39.out,,,,,,,,,,,,,,,,
178,40,MASKED,MASKED_UNFLAGGED,,,,HeCBench/results/llvm17_inject/jacobi/pointer/site178_bit40.out,,,,,,,,,,,,,,,,
178,41,MASKED,MASKED_UNFLAGGED,,,,HeCBench/results/llvm17_inject/jacobi/pointer/site178_bit41.out,,,,,,,,,,,,,,,,
178,42,MASKED,MASKED_UNFLAGGED,,,,HeCBench/results/llvm17_inject/jacobi/pointer/site178_bit42.out,,,,,,,,,,,,,,,,
178,43,MASKED,MASKED_UNFLAGGED,,,,HeCBench/results/llvm17_inject/jacobi/pointer/site178_bit43.out,,,,,,,,,,,,,,,,
178,44,MASKED,MASKED_UNFLAGGED,,,,HeCBench/results/llvm17_inject/jacobi/pointer/site178_bit44.out,,,,,,,,,,,,,,,,
178,45,MASKED,MASKED_UNFLAGGED,,,,HeCBench/results/llvm17_inject/jacobi/pointer/site178_bit45.out,,,,,,,,,,,,,,,,
178,46,MASKED,MASKED_UNFLAGGED,,,,HeCBench/results/llvm17_inject/jacobi/pointer/site178_bit46.out,,,,,,,,,,,,,,,,
178,47,MASKED,MASKED_UNFLAGGED,,,,HeCBench/results/llvm17_inject/jacobi/pointer/site178_bit47.out,,,,,,,,,,,,,,,,
178,48,MASKED,MASKED_UNFLAGGED,,,,HeCBench/results/llvm17_inject/jacobi/pointer/site178_bit48.out,,,,,,,,,,,,,,,,
178,49,MASKED,MASKED_UNFLAGGED,,,,HeCBench/results/llvm17_inject/jacobi/pointer/site178_bit49.out,,,,,,,,,,,,,,,,
178,50,MASKED,MASKED_UNFLAGGED,,,,HeCBench/results/llvm17_inject/jacobi/pointer/site178_bit50.out,,,,,,,,,,,,,,,,
178,51,MASKED,MASKED_UNFLAGGED,,,,HeCBench/results/llvm17_inject/jacobi/pointer/site178_bit51.out,,,,,,,,,,,,,,,,
178,52,MASKED,MASKED_UNFLAGGED,,,,HeCBench/results/llvm17_inject/jacobi/pointer/site178_bit52.out,,,,,,,,,,,,,,,,
178,53,MASKED,MASKED_UNFLAGGED,,,,HeCBench/results/llvm17_inject/jacobi/pointer/site178_bit53.out,,,,,,,,,,,,,,,,
178,54,MASKED,MASKED_UNFLAGGED,,,,HeCBench/results/llvm17_inject/jacobi/pointer/site178_bit54.out,,,,,,,,,,,,,,,,
178,55,MASKED,MASKED_UNFLAGGED,,,,HeCBench/results/llvm17_inject/jacobi/pointer/site178_bit55.out,,,,,,,,,,,,,,,,
178,56,MASKED,MASKED_UNFLAGGED,,,,HeCBench/results/llvm17_inject/jacobi/pointer/site178_bit56.out,,,,,,,,,,,,,,,,
178,57,MASKED,MASKED_UNFLAGGED,,,,HeCBench/results/llvm17_inject/jacobi/pointer/site178_bit57.out,,,,,,,,,,,,,,,,
178,58,MASKED,MASKED_UNFLAGGED,,,,HeCBench/results/llvm17_inject/jacobi/pointer/site178_bit58.out,,,,,,,,,,,,,,,,
178,59,MASKED,MASKED_UNFLAGGED,,,,HeCBench/results/llvm17_inject/jacobi/pointer/site178_bit59.out,,,,,,,,,,,,,,,,
178,60,MASKED,MASKED_UNFLAGGED,,,,HeCBench/results/llvm17_inject/jacobi/pointer/site178_bit60.out,,,,,,,,,,,,,,,,
178,61,MASKED,MASKED_UNFLAGGED,,,,HeCBench/results/llvm17_inject/jacobi/pointer/site178_bit61.out,,,,,,,,,,,,,,,,
178,62,MASKED,MASKED_UNFLAGGED,,,,HeCBench/results/llvm17_inject/jacobi/pointer/site178_bit62.out,,,,,,,,,,,,,,,,
178,63,MASKED,MASKED_UNFLAGGED,,,,HeCBench/results/llvm17_inject/jacobi/pointer/site178_bit63.out,,,,,,,,,,,,,,,,
180,0,SDC,SDC_NOTFLAGGED,,,,HeCBench/results/llvm17_inject/jacobi/pointer/site180_bit0.out,,,,,,,,,,,,,,54682201,14976890,16777216
180,1,DUE,FAILURE_NONHANG,empty_out,,,HeCBench/results/llvm17_inject/jacobi/pointer/site180_bit1.out,,,,,,,,,,,,,,,,
180,2,SDC,SDC_NOTFLAGGED,,,,HeCBench/results/llvm17_inject/jacobi/pointer/site180_bit2.out,,,,,,,,,,,,,,56023781,15246454,16777216
180,3,DUE,FAILURE_NONHANG,empty_out,,,HeCBench/results/llvm17_inject/jacobi/pointer/site180_bit3.out,,,,,,,,,,,,,,,,
180,4,DUE,FAILURE_NONHANG,empty_out,,,HeCBench/results/llvm17_inject/jacobi/pointer/site180_bit4.out,,,,,,,,,,,,,,,,
180,5,DUE,FAILURE_NONHANG,empty_out,,,HeCBench/results/llvm17_inject/jacobi/pointer/site180_bit5.out,,,,,,,,,,,,,,,,
180,6,DUE,FAILURE_NONHANG,empty_out,,,HeCBench/results/llvm17_inject/jacobi/pointer/site180_bit6.out,,,,,,,,,,,,,,,,
180,7,DUE,FAILURE_NONHANG,empty_out,,,HeCBench/results/llvm17_inject/jacobi/pointer/site180_bit7.out,,,,,,,,,,,,,,,,
180,8,DUE,FAILURE_NONHANG,empty_out,,,HeCBench/results/llvm17_inject/jacobi/pointer/site180_bit8.out,,,,,,,,,,,,,,,,
180,9,DUE,FAILURE_NONHANG,empty_out,,,HeCBench/results/llvm17_inject/jacobi/pointer/site180_bit9.out,,,,,,,,,,,,,,,,
180,10,DUE,FAILURE_NONHANG,empty_out,,,HeCBench/results/llvm17_inject/jacobi/pointer/site180_bit10.out,,,,,,,,,,,,,,,,
180,11,DUE,FAILURE_NONHANG,empty_out,,,HeCBench/results/llvm17_inject/jacobi/pointer/site180_bit11.out,,,,,,,,,,,,,,,,
180,12,DUE,FAILURE_NONHANG,empty_out,,,HeCBench/results/llvm17_inject/jacobi/pointer/site180_bit12.out,,,,,,,,,,,,,,,,
180,13,DUE,FAILURE_NONHANG,empty_out,,,HeCBench/results/llvm17_inject/jacobi/pointer/site180_bit13.out,,,,,,,,,,,,,,,,
180,14,DUE,FAILURE_NONHANG,empty_out,,,HeCBench/results/llvm17_inject/jacobi/pointer/site180_bit14.out,,,,,,,,,,,,,,,,
180,15,DUE,FAILURE_NONHANG,empty_out,,,HeCBench/results/llvm17_inject/jacobi/pointer/site180_bit15.out,,,,,,,,,,,,,,,,
180,16,DUE,FAILURE_NONHANG,empty_out,,,HeCBench/results/llvm17_inject/jacobi/pointer/site180_bit16.out,,,,,,,,,,,,,,,,
180,17,DUE,FAILURE_NONHANG,empty_out,,,HeCBench/results/llvm17_inject/jacobi/pointer/site180_bit17.out,,,,,,,,,,,,,,,,
180,18,DUE,FAILURE_NONHANG,empty_out,,,HeCBench/results/llvm17_inject/jacobi/pointer/site180_bit18.out,,,,,,,,,,,,,,,,
180,19,DUE,FAILURE_NONHANG,empty_out,,,HeCBench/results/llvm17_inject/jacobi/pointer/site180_bit19.out,,,,,,,,,,,,,,,,
180,20,DUE,FAILURE_NONHANG,empty_out,,,HeCBench/results/llvm17_inject/jacobi/pointer/site180_bit20.out,,,,,,,,,,,,,,,,
180,21,DUE,FAILURE_NONHANG,empty_out,,,HeCBench/results/llvm17_inject/jacobi/pointer/site180_bit21.out,,,,,,,,,,,,,,,,
180,22,DUE,FAILURE_NONHANG,empty_out,,,HeCBench/results/llvm17_inject/jacobi/pointer/site180_bit22.out,,,,,,,,,,,,,,,,
180,23,DUE,FAILURE_NONHANG,empty_out,,,HeCBench/results/llvm17_inject/jacobi/pointer/site180_bit23.out,,,,,,,,,,,,,,,,
180,24,DUE,FAILURE_NONHANG,empty_out,,,HeCBench/results/llvm17_inject/jacobi/pointer/site180_bit24.out,,,,,,,,,,,,,,,,
180,25,DUE,FAILURE_NONHANG,empty_out,,,HeCBench/results/llvm17_inject/jacobi/pointer/site180_bit25.out,,,,,,,,,,,,,,,,
180,26,DUE,FAILURE_NONHANG,empty_out,,,HeCBench/results/llvm17_inject/jacobi/pointer/site180_bit26.out,,,,,,,,,,,,,,,,
180,27,DUE,FAILURE_NONHANG,empty_out,,,HeCBench/results/llvm17_inject/jacobi/pointer/site180_bit27.out,,,,,,,,,,,,,,,,
180,28,DUE,FAILURE_NONHANG,empty_out,,,HeCBench/results/llvm17_inject/jacobi/pointer/site180_bit28.out,,,,,,,,,,,,,,,,
180,29,DUE,FAILURE_NONHANG,empty_out,,,HeCBench/results/llvm17_inject/jacobi/pointer/site180_bit29.out,,,,,,,,,,,,,,,,
180,30,DUE,FAILURE_NONHANG,empty_out,,,HeCBench/results/llvm17_inject/jacobi/pointer/site180_bit30.out,,,,,,,,,,,,,,,,
180,31,SDC,SDC_NOTFLAGGED,,,,HeCBench/results/llvm17_inject/jacobi/pointer/site180_bit31.out,,,,,,,,,,,,,,56023781,15246454,16777216
180,32,SDC,SDC_NOTFLAGGED,,,,HeCBench/results/llvm17_inject/jacobi/pointer/site180_bit32.out,,,,,,,,,,,,,,56023781,15246454,16777216
180,33,SDC,SDC_NOTFLAGGED,,,,HeCBench/results/llvm17_inject/jacobi/pointer/site180_bit33.out,,,,,,,,,,,,,,56023781,15246454,16777216
180,34,SDC,SDC_NOTFLAGGED,,,,HeCBench/results/llvm17_inject/jacobi/pointer/site180_bit34.out,,,,,,,,,,,,,,56023781,15246454,16777216
180,35,SDC,SDC_NOTFLAGGED,,,,HeCBench/results/llvm17_inject/jacobi/pointer/site180_bit35.out,,,,,,,,,,,,,,56023781,15246454,16777216
180,36,SDC,SDC_NOTFLAGGED,,,,HeCBench/results/llvm17_inject/jacobi/pointer/site180_bit36.out,,,,,,,,,,,,,,56023781,15246454,16777216
180,37,SDC,SDC_NOTFLAGGED,,,,HeCBench/results/llvm17_inject/jacobi/pointer/site180_bit37.out,,,,,,,,,,,,,,56023781,15246454,16777216
180,38,SDC,SDC_NOTFLAGGED,,,,HeCBench/results/llvm17_inject/jacobi/pointer/site180_bit38.out,,,,,,,,,,,,,,56023781,15246454,16777216
180,39,SDC,SDC_NOTFLAGGED,,,,HeCBench/results/llvm17_inject/jacobi/pointer/site180_bit39.out,,,,,,,,,,,,,,56023781,15246454,16777216
180,40,SDC,SDC_NOTFLAGGED,,,,HeCBench/results/llvm17_inject/jacobi/pointer/site180_bit40.out,,,,,,,,,,,,,,56023781,15246454,16777216
180,41,SDC,SDC_NOTFLAGGED,,,,HeCBench/results/llvm17_inject/jacobi/pointer/site180_bit41.out,,,,,,,,,,,,,,56023781,15246454,16777216
180,42,SDC,SDC_NOTFLAGGED,,,,HeCBench/results/llvm17_inject/jacobi/pointer/site180_bit42.out,,,,,,,,,,,,,,56023781,15246454,16777216
180,43,SDC,SDC_NOTFLAGGED,,,,HeCBench/results/llvm17_inject/jacobi/pointer/site180_bit43.out,,,,,,,,,,,,,,56023781,15246454,16777216
180,44,SDC,SDC_NOTFLAGGED,,,,HeCBench/results/llvm17_inject/jacobi/pointer/site180_bit44.out,,,,,,,,,,,,,,56023781,15246454,16777216
180,45,SDC,SDC_NOTFLAGGED,,,,HeCBench/results/llvm17_inject/jacobi/pointer/site180_bit45.out,,,,,,,,,,,,,,56023781,15246454,16777216
180,46,SDC,SDC_NOTFLAGGED,,,,HeCBench/results/llvm17_inject/jacobi/pointer/site180_bit46.out,,,,,,,,,,,,,,56023781,15246454,16777216
180,47,SDC,SDC_NOTFLAGGED,,,,HeCBench/results/llvm17_inject/jacobi/pointer/site180_bit47.out,,,,,,,,,,,,,,56023781,15246454,16777216
180,48,SDC,SDC_NOTFLAGGED,,,,HeCBench/results/llvm17_inject/jacobi/pointer/site180_bit48.out,,,,,,,,,,,,,,56023781,15246454,16777216
180,49,SDC,SDC_NOTFLAGGED,,,,HeCBench/results/llvm17_inject/jacobi/pointer/site180_bit49.out,,,,,,,,,,,,,,56023781,15246454,16777216
180,50,SDC,SDC_NOTFLAGGED,,,,HeCBench/results/llvm17_inject/jacobi/pointer/site180_bit50.out,,,,,,,,,,,,,,56023781,15246454,16777216
180,51,SDC,SDC_NOTFLAGGED,,,,HeCBench/results/llvm17_inject/jacobi/pointer/site180_bit51.out,,,,,,,,,,,,,,56023781,15246454,16777216
180,52,SDC,SDC_NOTFLAGGED,,,,HeCBench/results/llvm17_inject/jacobi/pointer/site180_bit52.out,,,,,,,,,,,,,,56023781,15246454,16777216
180,53,SDC,SDC_NOTFLAGGED,,,,HeCBench/results/llvm17_inject/jacobi/pointer/site180_bit53.out,,,,,,,,,,,,,,56023781,15246454,16777216
180,54,SDC,SDC_NOTFLAGGED,,,,HeCBench/results/llvm17_inject/jacobi/pointer/site180_bit54.out,,,,,,,,,,,,,,56023781,15246454,16777216
180,55,SDC,SDC_NOTFLAGGED,,,,HeCBench/results/llvm17_inject/jacobi/pointer/site180_bit55.out,,,,,,,,,,,,,,56023781,15246454,16777216
180,56,SDC,SDC_NOTFLAGGED,,,,HeCBench/results/llvm17_inject/jacobi/pointer/site180_bit56.out,,,,,,,,,,,,,,56023781,15246454,16777216
180,57,SDC,SDC_NOTFLAGGED,,,,HeCBench/results/llvm17_inject/jacobi/pointer/site180_bit57.out,,,,,,,,,,,,,,56023781,15246454,16777216
180,58,SDC,SDC_NOTFLAGGED,,,,HeCBench/results/llvm17_inject/jacobi/pointer/site180_bit58.out,,,,,,,,,,,,,,56023781,15246454,16777216
180,59,SDC,SDC_NOTFLAGGED,,,,HeCBench/results/llvm17_inject/jacobi/pointer/site180_bit59.out,,,,,,,,,,,,,,56023781,15246454,16777216
180,60,SDC,SDC_NOTFLAGGED,,,,HeCBench/results/llvm17_inject/jacobi/pointer/site180_bit60.out,,,,,,,,,,,,,,56023781,15246454,16777216
180,61,SDC,SDC_NOTFLAGGED,,,,HeCBench/results/llvm17_inject/jacobi/pointer/site180_bit61.out,,,,,,,,,,,,,,56023781,15246454,16777216
180,62,SDC,SDC_NOTFLAGGED,,,,HeCBench/results/llvm17_inject/jacobi/pointer/site180_bit62.out,,,,,,,,,,,,,,56023781,15246454,16777216
180,63,SDC,SDC_NOTFLAGGED,,,,HeCBench/results/llvm17_inject/jacobi/pointer/site180_bit63.out,,,,,,,,,,,,,,56023781,15246454,16777216
183,0,MASKED,MASKED_UNFLAGGED,,,,HeCBench/results/llvm17_inject/jacobi/pointer/site183_bit0.out,,,,,,,,,,,,,,,,
183,1,MASKED,MASKED_UNFLAGGED,,,,HeCBench/results/llvm17_inject/jacobi/pointer/site183_bit1.out,,,,,,,,,,,,,,,,
183,2,MASKED,MASKED_UNFLAGGED,,,,HeCBench/results/llvm17_inject/jacobi/pointer/site183_bit2.out,,,,,,,,,,,,,,,,
183,3,MASKED,MASKED_UNFLAGGED,,,,HeCBench/results/llvm17_inject/jacobi/pointer/site183_bit3.out,,,,,,,,,,,,,,,,
183,4,MASKED,MASKED_UNFLAGGED,,,,HeCBench/results/llvm17_inject/jacobi/pointer/site183_bit4.out,,,,,,,,,,,,,,,,
183,5,MASKED,MASKED_UNFLAGGED,,,,HeCBench/results/llvm17_inject/jacobi/pointer/site183_bit5.out,,,,,,,,,,,,,,,,
183,6,MASKED,MASKED_UNFLAGGED,,,,HeCBench/results/llvm17_inject/jacobi/pointer/site183_bit6.out,,,,,,,,,,,,,,,,
183,7,MASKED,MASKED_UNFLAGGED,,,,HeCBench/results/llvm17_inject/jacobi/pointer/site183_bit7.out,,,,,,,,,,,,,,,,
183,8,MASKED,MASKED_UNFLAGGED,,,,HeCBench/results/llvm17_inject/jacobi/pointer/site183_bit8.out,,,,,,,,,,,,,,,,
183,9,MASKED,MASKED_UNFLAGGED,,,,HeCBench/results/llvm17_inject/jacobi/pointer/site183_bit9.out,,,,,,,,,,,,,,,,
183,10,MASKED,MASKED_UNFLAGGED,,,,HeCBench/results/llvm17_inject/jacobi/pointer/site183_bit10.out,,,,,,,,,,,,,,,,
183,11,MASKED,MASKED_UNFLAGGED,,,,HeCBench/results/llvm17_inject/jacobi/pointer/site183_bit11.out,,,,,,,,,,,,,,,,
183,12,MASKED,MASKED_UNFLAGGED,,,,HeCBench/results/llvm17_inject/jacobi/pointer/site183_bit12.out,,,,,,,,,,,,,,,,
183,13,SDC,SDC_NOTFLAGGED,,,,HeCBench/results/llvm17_inject/jacobi/pointer/site183_bit13.out,,,,,,,,,,,,,,33482153,9489828,16777216
183,14,MASKED,MASKED_UNFLAGGED,,,,HeCBench/results/llvm17_inject/jacobi/pointer/site183_bit14.out,,,,,,,,,,,,,,,,
183,15,MASKED,MASKED_UNFLAGGED,,,,HeCBench/results/llvm17_inject/jacobi/pointer/site183_bit15.out,,,,,,,,,,,,,,,,
183,16,SDC,SDC_NOTFLAGGED,,,,HeCBench/results/llvm17_inject/jacobi/pointer/site183_bit16.out,,,,,,,,,,,,,,33482153,9489828,16777216
183,17,SDC,SDC_NOTFLAGGED,,,,HeCBench/results/llvm17_inject/jacobi/pointer/site183_bit17.out,,,,,,,,,,,,,,40020525,11039335,16777216
183,18,MASKED,MASKED_UNFLAGGED,,,,HeCBench/results/llvm17_inject/jacobi/pointer/site183_bit18.out,,,,,,,,,,,,,,,,
183,19,SDC,SDC_NOTFLAGGED,,,,HeCBench/results/llvm17_inject/jacobi/pointer/site183_bit19.out,,,,,,,,,,,,,,36608660,10359444,16777216
183,20,SDC,SDC_NOTFLAGGED,,,,HeCBench/results/llvm17_inject/jacobi/pointer/site183_bit20.out,,,,,,,,,,,,,,45982068,12278955,16777216
183,21,SDC,SDC_NOTFLAGGED,,,,HeCBench/results/llvm17_inject/jacobi/pointer/site183_bit21.out,,,,,,,,,,,,,,44517856,11889485,16777216
183,22,SDC,SDC_NOTFLAGGED,,,,HeCBench/results/llvm17_inject/jacobi/pointer/site183_bit22.out,,,,,,,,,,,,,,51368165,14192007,16777216
183,23,SDC,SDC_NOTFLAGGED,,,,HeCBench/results/llvm17_inject/jacobi/pointer/site183_bit23.out,,,,,,,,,,,,,,55676844,15295693,16777216
183,24,SDC,SDC_NOTFLAGGED,,,,HeCBench/results/llvm17_inject/jacobi/pointer/site183_bit24.out,,,,,,,,,,,,,,57324642,15711653,16777216
183,25,DUE,FAILURE_NONHANG,,kernel_reported_fail,,HeCBench/results/llvm17_inject/jacobi/pointer/site183_bit25.out,,,,,,,,,,,,,,,,
183,26,DUE,FAILURE_NONHANG,,kernel_reported_fail,,HeCBench/results/llvm17_inject/jacobi/pointer/site183_bit26.out,,,,,,,,,,,,,,,,
183,27,SDC,SDC_NOTFLAGGED,,,,HeCBench/results/llvm17_inject/jacobi/pointer/site183_bit27.out,,,,,,,,,,,,,,61324287,15447991,16777216
183,28,SDC,SDC_NOTFLAGGED,,,,HeCBench/results/llvm17_inject/jacobi/pointer/site183_bit28.out,,,,,,,,,,,,,,61431002,15450689,16777216
183,29,SDC,SDC_NOTFLAGGED,,,,HeCBench/results/llvm17_inject/jacobi/pointer/site183_bit29.out,,,,,,,,,,,,,,61431002,15450689,16777216
183,30,DUE,FAILURE_NONHANG,,kernel_reported_fail,,HeCBench/results/llvm17_inject/jacobi/pointer/site183_bit30.out,,,,,,,,,,,,,,,,
183,31,DUE,FAILURE_NONHANG,,kernel_reported_fail,,HeCBench/results/llvm17_inject/jacobi/pointer/site183_bit31.out,,,,,,,,,,,,,,,,
183,32,DUE,FAILURE_NONHANG,,kernel_reported_fail,,HeCBench/results/llvm17_inject/jacobi/pointer/site183_bit32.out,,,,,,,,,,,,,,,,
183,33,DUE,FAILURE_NONHANG,,kernel_reported_fail,,HeCBench/results/llvm17_inject/jacobi/pointer/site183_bit33.out,,,,,,,,,,,,,,,,
183,34,DUE,FAILURE_NONHANG,,kernel_reported_fail,,HeCBench/results/llvm17_inject/jacobi/pointer/site183_bit34.out,,,,,,,,,,,,,,,,
183,35,DUE,FAILURE_NONHANG,,kernel_reported_fail,,HeCBench/results/llvm17_inject/jacobi/pointer/site183_bit35.out,,,,,,,,,,,,,,,,
183,36,DUE,FAILURE_NONHANG,,kernel_reported_fail,,HeCBench/results/llvm17_inject/jacobi/pointer/site183_bit36.out,,,,,,,,,,,,,,,,
183,37,DUE,FAILURE_NONHANG,,kernel_reported_fail,,HeCBench/results/llvm17_inject/jacobi/pointer/site183_bit37.out,,,,,,,,,,,,,,,,
183,38,DUE,FAILURE_NONHANG,,kernel_reported_fail,,HeCBench/results/llvm17_inject/jacobi/pointer/site183_bit38.out,,,,,,,,,,,,,,,,
183,39,DUE,FAILURE_NONHANG,,kernel_reported_fail,,HeCBench/results/llvm17_inject/jacobi/pointer/site183_bit39.out,,,,,,,,,,,,,,,,
183,40,DUE,FAILURE_NONHANG,,kernel_reported_fail,,HeCBench/results/llvm17_inject/jacobi/pointer/site183_bit40.out,,,,,,,,,,,,,,,,
183,41,DUE,FAILURE_NONHANG,,kernel_reported_fail,,HeCBench/results/llvm17_inject/jacobi/pointer/site183_bit41.out,,,,,,,,,,,,,,,,
183,42,DUE,FAILURE_NONHANG,,kernel_reported_fail,,HeCBench/results/llvm17_inject/jacobi/pointer/site183_bit42.out,,,,,,,,,,,,,,,,
183,43,DUE,FAILURE_NONHANG,,kernel_reported_fail,,HeCBench/results/llvm17_inject/jacobi/pointer/site183_bit43.out,,,,,,,,,,,,,,,,
183,44,DUE,FAILURE_NONHANG,,kernel_reported_fail,,HeCBench/results/llvm17_inject/jacobi/pointer/site183_bit44.out,,,,,,,,,,,,,,,,
183,45,DUE,FAILURE_NONHANG,,kernel_reported_fail,,HeCBench/results/llvm17_inject/jacobi/pointer/site183_bit45.out,,,,,,,,,,,,,,,,
183,46,DUE,FAILURE_NONHANG,,kernel_reported_fail,,HeCBench/results/llvm17_inject/jacobi/pointer/site183_bit46.out,,,,,,,,,,,,,,,,
183,47,DUE,FAILURE_NONHANG,,kernel_reported_fail,,HeCBench/results/llvm17_inject/jacobi/pointer/site183_bit47.out,,,,,,,,,,,,,,,,
183,48,DUE,FAILURE_NONHANG,,kernel_reported_fail,,HeCBench/results/llvm17_inject/jacobi/pointer/site183_bit48.out,,,,,,,,,,,,,,,,
183,49,DUE,FAILURE_NONHANG,,kernel_reported_fail,,HeCBench/results/llvm17_inject/jacobi/pointer/site183_bit49.out,,,,,,,,,,,,,,,,
183,50,DUE,FAILURE_NONHANG,,kernel_reported_fail,,HeCBench/results/llvm17_inject/jacobi/pointer/site183_bit50.out,,,,,,,,,,,,,,,,
183,51,DUE,FAILURE_NONHANG,,kernel_reported_fail,,HeCBench/results/llvm17_inject/jacobi/pointer/site183_bit51.out,,,,,,,,,,,,,,,,
183,52,DUE,FAILURE_NONHANG,,kernel_reported_fail,,HeCBench/results/llvm17_inject/jacobi/pointer/site183_bit52.out,,,,,,,,,,,,,,,,
183,53,DUE,FAILURE_NONHANG,,kernel_reported_fail,,HeCBench/results/llvm17_inject/jacobi/pointer/site183_bit53.out,,,,,,,,,,,,,,,,
183,54,DUE,FAILURE_NONHANG,,kernel_reported_fail,,HeCBench/results/llvm17_inject/jacobi/pointer/site183_bit54.out,,,,,,,,,,,,,,,,
183,55,DUE,FAILURE_NONHANG,,kernel_reported_fail,,HeCBench/results/llvm17_inject/jacobi/pointer/site183_bit55.out,,,,,,,,,,,,,,,,
183,56,DUE,FAILURE_NONHANG,,kernel_reported_fail,,HeCBench/results/llvm17_inject/jacobi/pointer/site183_bit56.out,,,,,,,,,,,,,,,,
183,57,DUE,FAILURE_NONHANG,,kernel_reported_fail,,HeCBench/results/llvm17_inject/jacobi/pointer/site183_bit57.out,,,,,,,,,,,,,,,,
183,58,DUE,FAILURE_NONHANG,,kernel_reported_fail,,HeCBench/results/llvm17_inject/jacobi/pointer/site183_bit58.out,,,,,,,,,,,,,,,,
183,59,DUE,FAILURE_NONHANG,,kernel_reported_fail,,HeCBench/results/llvm17_inject/jacobi/pointer/site183_bit59.out,,,,,,,,,,,,,,,,
183,60,DUE,FAILURE_NONHANG,,kernel_reported_fail,,HeCBench/results/llvm17_inject/jacobi/pointer/site183_bit60.out,,,,,,,,,,,,,,,,
183,61,DUE,FAILURE_NONHANG,,kernel_reported_fail,,HeCBench/results/llvm17_inject/jacobi/pointer/site183_bit61.out,,,,,,,,,,,,,,,,
183,62,DUE,FAILURE_NONHANG,,kernel_reported_fail,,HeCBench/results/llvm17_inject/jacobi/pointer/site183_bit62.out,,,,,,,,,,,,,,,,
183,63,DUE,FAILURE_NONHANG,,kernel_reported_fail,,HeCBench/results/llvm17_inject/jacobi/pointer/site183_bit63.out,,,,,,,,,,,,,,,,
186,0,MASKED,MASKED_UNFLAGGED,,,,HeCBench/results/llvm17_inject/jacobi/pointer/site186_bit0.out,,,,,,,,,,,,,,,,
186,1,MASKED,MASKED_UNFLAGGED,,,,HeCBench/results/llvm17_inject/jacobi/pointer/site186_bit1.out,,,,,,,,,,,,,,,,
186,2,MASKED,MASKED_UNFLAGGED,,,,HeCBench/results/llvm17_inject/jacobi/pointer/site186_bit2.out,,,,,,,,,,,,,,,,
186,3,MASKED,MASKED_UNFLAGGED,,,,HeCBench/results/llvm17_inject/jacobi/pointer/site186_bit3.out,,,,,,,,,,,,,,,,
186,4,MASKED,MASKED_UNFLAGGED,,,,HeCBench/results/llvm17_inject/jacobi/pointer/site186_bit4.out,,,,,,,,,,,,,,,,
186,5,MASKED,MASKED_UNFLAGGED,,,,HeCBench/results/llvm17_inject/jacobi/pointer/site186_bit5.out,,,,,,,,,,,,,,,,
186,6,MASKED,MASKED_UNFLAGGED,,,,HeCBench/results/llvm17_inject/jacobi/pointer/site186_bit6.out,,,,,,,,,,,,,,,,
186,7,MASKED,MASKED_UNFLAGGED,,,,HeCBench/results/llvm17_inject/jacobi/pointer/site186_bit7.out,,,,,,,,,,,,,,,,
186,8,MASKED,MASKED_UNFLAGGED,,,,HeCBench/results/llvm17_inject/jacobi/pointer/site186_bit8.out,,,,,,,,,,,,,,,,
186,9,MASKED,MASKED_UNFLAGGED,,,,HeCBench/results/llvm17_inject/jacobi/pointer/site186_bit9.out,,,,,,,,,,,,,,,,
186,10,MASKED,MASKED_UNFLAGGED,,,,HeCBench/results/llvm17_inject/jacobi/pointer/site186_bit10.out,,,,,,,,,,,,,,,,
186,11,MASKED,MASKED_UNFLAGGED,,,,HeCBench/results/llvm17_inject/jacobi/pointer/site186_bit11.out,,,,,,,,,,,,,,,,
186,12,MASKED,MASKED_UNFLAGGED,,,,HeCBench/results/llvm17_inject/jacobi/pointer/site186_bit12.out,,,,,,,,,,,,,,,,
186,13,MASKED,MASKED_UNFLAGGED,,,,HeCBench/results/llvm17_inject/jacobi/pointer/site186_bit13.out,,,,,,,,,,,,,,,,
186,14,MASKED,MASKED_UNFLAGGED,,,,HeCBench/results/llvm17_inject/jacobi/pointer/site186_bit14.out,,,,,,,,,,,,,,,,
186,15,SDC,SDC_NOTFLAGGED,,,,HeCBench/results/llvm17_inject/jacobi/pointer/site186_bit15.out,,,,,,,,,,,,,,33482153,9489828,16777216
186,16,SDC,SDC_NOTFLAGGED,,,,HeCBench/results/llvm17_inject/jacobi/pointer/site186_bit16.out,,,,,,,,,,,,,,33482153,9489828,16777216
186,17,SDC,SDC_NOTFLAGGED,,,,HeCBench/results/llvm17_inject/jacobi/pointer/site186_bit17.out,,,,,,,,,,,,,,33464996,9487902,16777216
186,18,SDC,SDC_NOTFLAGGED,,,,HeCBench/results/llvm17_inject/jacobi/pointer/site186_bit18.out,,,,,,,,,,,,,,33464996,9487902,16777216
186,19,MASKED,MASKED_UNFLAGGED,,,,HeCBench/results/llvm17_inject/jacobi/pointer/site186_bit19.out,,,,,,,,,,,,,,,,
186,20,SDC,SDC_NOTFLAGGED,,,,HeCBench/results/llvm17_inject/jacobi/pointer/site186_bit20.out,,,,,,,,,,,,,,46005191,12290413,16777216
186,21,SDC,SDC_NOTFLAGGED,,,,HeCBench/results/llvm17_inject/jacobi/pointer/site186_bit21.out,,,,,,,,,,,,,,48667615,13331535,16777216
186,22,SDC,SDC_NOTFLAGGED,,,,HeCBench/results/llvm17_inject/jacobi/pointer/site186_bit22.out,,,,,,,,,,,,,,52666011,14530646,16777216
186,23,DUE,FAILURE_NONHANG,,kernel_reported_fail,,HeCBench/results/llvm17_inject/jacobi/pointer/site186_bit23.out,,,,,,,,,,,,,,,,
186,24,SDC,SDC_NOTFLAGGED,,,,HeCBench/results/llvm17_inject/jacobi/pointer/site186_bit24.out,,,,,,,,,,,,,,53888901,14822538,16777216
186,25,SDC,SDC_NOTFLAGGED,,,,HeCBench/results/llvm17_inject/jacobi/pointer/site186_bit25.out,,,,,,,,,,,,,,55106385,15043172,16777216
186,26,SDC,SDC_NOTFLAGGED,,,,HeCBench/results/llvm17_inject/jacobi/pointer/site186_bit26.out,,,,,,,,,,,,,,54283618,14966012,16777216
186,27,DUE,FAILURE_NONHANG,,kernel_reported_fail,,HeCBench/results/llvm17_inject/jacobi/pointer/site186_bit27.out,,,,,,,,,,,,,,,,
186,28,DUE,FAILURE_NONHANG,,kernel_reported_fail,,HeCBench/results/llvm17_inject/jacobi/pointer/site186_bit28.out,,,,,,,,,,,,,,,,
186,29,SDC,SDC_NOTFLAGGED,,,,HeCBench/results/llvm17_inject/jacobi/pointer/site186_bit29.out,,,,,,,,,,,,,,61431002,15450689,16777216
186,30,DUE,FAILURE_NONHANG,,kernel_reported_fail,,HeCBench/results/llvm17_inject/jacobi/pointer/site186_bit30.out,,,,,,,,,,,,,,,,
186,31,SDC,SDC_NOTFLAGGED,,,,HeCBench/results/llvm17_inject/jacobi/pointer/site186_bit31.out,,,,,,,,,,,,,,61431002,15450689,16777216
186,32,SDC,SDC_NOTFLAGGED,,,,HeCBench/results/llvm17_inject/jacobi/pointer/site186_bit32.out,,,,,,,,,,,,,,61431002,15450689,16777216
186,33,SDC,SDC_NOTFLAGGED,,,,HeCBench/results/llvm17_inject/jacobi/pointer/site186_bit33.out,,,,,,,,,,,,,,61431002,15450689,16777216
186,34,SDC,SDC_NOTFLAGGED,,,,HeCBench/results/llvm17_inject/jacobi/pointer/site186_bit34.out,,,,,,,,,,,,,,61431002,15450689,16777216
186,35,SDC,SDC_NOTFLAGGED,,,,HeCBench/results/llvm17_inject/jacobi/pointer/site186_bit35.out,,,,,,,,,,,,,,61431002,15450689,16777216
186,36,SDC,SDC_NOTFLAGGED,,,,HeCBench/results/llvm17_inject/jacobi/pointer/site186_bit36.out,,,,,,,,,,,,,,61431002,15450689,16777216
186,37,SDC,SDC_NOTFLAGGED,,,,HeCBench/results/llvm17_inject/jacobi/pointer/site186_bit37.out,,,,,,,,,,,,,,61431002,15450689,16777216
186,38,SDC,SDC_NOTFLAGGED,,,,HeCBench/results/llvm17_inject/jacobi/pointer/site186_bit38.out,,,,,,,,,,,,,,61431002,15450689,16777216
186,39,SDC,SDC_NOTFLAGGED,,,,HeCBench/results/llvm17_inject/jacobi/pointer/site186_bit39.out,,,,,,,,,,,,,,61431002,15450689,16777216
186,40,SDC,SDC_NOTFLAGGED,,,,HeCBench/results/llvm17_inject/jacobi/pointer/site186_bit40.out,,,,,,,,,,,,,,61431002,15450689,16777216
186,41,SDC,SDC_NOTFLAGGED,,,,HeCBench/results/llvm17_inject/jacobi/pointer/site186_bit41.out,,,,,,,,,,,,,,61431002,15450689,16777216
186,42,SDC,SDC_NOTFLAGGED,,,,HeCBench/results/llvm17_inject/jacobi/pointer/site186_bit42.out,,,,,,,,,,,,,,61431002,15450689,16777216
186,43,SDC,SDC_NOTFLAGGED,,,,HeCBench/results/llvm17_inject/jacobi/pointer/site186_bit43.out,,,,,,,,,,,,,,61431002,15450689,16777216
186,44,SDC,SDC_NOTFLAGGED,,,,HeCBench/results/llvm17_inject/jacobi/pointer/site186_bit44.out,,,,,,,,,,,,,,61431002,15450689,16777216
186,45,SDC,SDC_NOTFLAGGED,,,,HeCBench/results/llvm17_inject/jacobi/pointer/site186_bit45.out,,,,,,,,,,,,,,61431002,15450689,16777216
186,46,SDC,SDC_NOTFLAGGED,,,,HeCBench/results/llvm17_inject/jacobi/pointer/site186_bit46.out,,,,,,,,,,,,,,61431002,15450689,16777216
186,47,SDC,SDC_NOTFLAGGED,,,,HeCBench/results/llvm17_inject/jacobi/pointer/site186_bit47.out,,,,,,,,,,,,,,61431002,15450689,16777216
186,48,SDC,SDC_NOTFLAGGED,,,,HeCBench/results/llvm17_inject/jacobi/pointer/site186_bit48.out,,,,,,,,,,,,,,61431002,15450689,16777216
186,49,SDC,SDC_NOTFLAGGED,,,,HeCBench/results/llvm17_inject/jacobi/pointer/site186_bit49.out,,,,,,,,,,,,,,61431002,15450689,16777216
186,50,SDC,SDC_NOTFLAGGED,,,,HeCBench/results/llvm17_inject/jacobi/pointer/site186_bit50.out,,,,,,,,,,,,,,61431002,15450689,16777216
186,51,SDC,SDC_NOTFLAGGED,,,,HeCBench/results/llvm17_inject/jacobi/pointer/site186_bit51.out,,,,,,,,,,,,,,61431002,15450689,16777216
186,52,SDC,SDC_NOTFLAGGED,,,,HeCBench/results/llvm17_inject/jacobi/pointer/site186_bit52.out,,,,,,,,,,,,,,61431002,15450689,16777216
186,53,SDC,SDC_NOTFLAGGED,,,,HeCBench/results/llvm17_inject/jacobi/pointer/site186_bit53.out,,,,,,,,,,,,,,61431002,15450689,16777216
186,54,SDC,SDC_NOTFLAGGED,,,,HeCBench/results/llvm17_inject/jacobi/pointer/site186_bit54.out,,,,,,,,,,,,,,61431002,15450689,16777216
186,55,SDC,SDC_NOTFLAGGED,,,,HeCBench/results/llvm17_inject/jacobi/pointer/site186_bit55.out,,,,,,,,,,,,,,61431002,15450689,16777216
186,56,SDC,SDC_NOTFLAGGED,,,,HeCBench/results/llvm17_inject/jacobi/pointer/site186_bit56.out,,,,,,,,,,,,,,61431002,15450689,16777216
186,57,SDC,SDC_NOTFLAGGED,,,,HeCBench/results/llvm17_inject/jacobi/pointer/site186_bit57.out,,,,,,,,,,,,,,61431002,15450689,16777216
186,58,SDC,SDC_NOTFLAGGED,,,,HeCBench/results/llvm17_inject/jacobi/pointer/site186_bit58.out,,,,,,,,,,,,,,61431002,15450689,16777216
186,59,SDC,SDC_NOTFLAGGED,,,,HeCBench/results/llvm17_inject/jacobi/pointer/site186_bit59.out,,,,,,,,,,,,,,61431002,15450689,16777216
186,60,SDC,SDC_NOTFLAGGED,,,,HeCBench/results/llvm17_inject/jacobi/pointer/site186_bit60.out,,,,,,,,,,,,,,61431002,15450689,16777216
186,61,SDC,SDC_NOTFLAGGED,,,,HeCBench/results/llvm17_inject/jacobi/pointer/site186_bit61.out,,,,,,,,,,,,,,61431002,15450689,16777216
186,62,SDC,SDC_NOTFLAGGED,,,,HeCBench/results/llvm17_inject/jacobi/pointer/site186_bit62.out,,,,,,,,,,,,,,61431002,15450689,16777216
186,63,SDC,SDC_NOTFLAGGED,,,,HeCBench/results/llvm17_inject/jacobi/pointer/site186_bit63.out,,,,,,,,,,,,,,61431002,15450689,16777216
189,0,MASKED,MASKED_UNFLAGGED,,,,HeCBench/results/llvm17_inject/jacobi/pointer/site189_bit0.out,,,,,,,,,,,,,,,,
189,1,MASKED,MASKED_UNFLAGGED,,,,HeCBench/results/llvm17_inject/jacobi/pointer/site189_bit1.out,,,,,,,,,,,,,,,,
189,2,MASKED,MASKED_UNFLAGGED,,,,HeCBench/results/llvm17_inject/jacobi/pointer/site189_bit2.out,,,,,,,,,,,,,,,,
189,3,MASKED,MASKED_UNFLAGGED,,,,HeCBench/results/llvm17_inject/jacobi/pointer/site189_bit3.out,,,,,,,,,,,,,,,,
189,4,MASKED,MASKED_UNFLAGGED,,,,HeCBench/results/llvm17_inject/jacobi/pointer/site189_bit4.out,,,,,,,,,,,,,,,,
189,5,MASKED,MASKED_UNFLAGGED,,,,HeCBench/results/llvm17_inject/jacobi/pointer/site189_bit5.out,,,,,,,,,,,,,,,,
189,6,MASKED,MASKED_UNFLAGGED,,,,HeCBench/results/llvm17_inject/jacobi/pointer/site189_bit6.out,,,,,,,,,,,,,,,,
189,7,MASKED,MASKED_UNFLAGGED,,,,HeCBench/results/llvm17_inject/jacobi/pointer/site189_bit7.out,,,,,,,,,,,,,,,,
189,8,MASKED,MASKED_UNFLAGGED,,,,HeCBench/results/llvm17_inject/jacobi/pointer/site189_bit8.out,,,,,,,,,,,,,,,,
189,9,MASKED,MASKED_UNFLAGGED,,,,HeCBench/results/llvm17_inject/jacobi/pointer/site189_bit9.out,,,,,,,,,,,,,,,,
189,10,MASKED,MASKED_UNFLAGGED,,,,HeCBench/results/llvm17_inject/jacobi/pointer/site189_bit10.out,,,,,,,,,,,,,,,,
189,11,MASKED,MASKED_UNFLAGGED,,,,HeCBench/results/llvm17_inject/jacobi/pointer/site189_bit11.out,,,,,,,,,,,,,,,,
189,12,MASKED,MASKED_UNFLAGGED,,,,HeCBench/results/llvm17_inject/jacobi/pointer/site189_bit12.out,,,,,,,,,,,,,,,,
189,13,MASKED,MASKED_UNFLAGGED,,,,HeCBench/results/llvm17_inject/jacobi/pointer/site189_bit13.out,,,,,,,,,,,,,,,,
189,14,MASKED,MASKED_UNFLAGGED,,,,HeCBench/results/llvm17_inject/jacobi/pointer/site189_bit14.out,,,,,,,,,,,,,,,,
189,15,MASKED,MASKED_UNFLAGGED,,,,HeCBench/results/llvm17_inject/jacobi/pointer/site189_bit15.out,,,,,,,,,,,,,,,,
189,16,MASKED,MASKED_UNFLAGGED,,,,HeCBench/results/llvm17_inject/jacobi/pointer/site189_bit16.out,,,,,,,,,,,,,,,,
189,17,MASKED,MASKED_UNFLAGGED,,,,HeCBench/results/llvm17_inject/jacobi/pointer/site189_bit17.out,,,,,,,,,,,,,,,,
189,18,MASKED,MASKED_UNFLAGGED,,,,HeCBench/results/llvm17_inject/jacobi/pointer/site189_bit18.out,,,,,,,,,,,,,,,,
189,19,MASKED,MASKED_UNFLAGGED,,,,HeCBench/results/llvm17_inject/jacobi/pointer/site189_bit19.out,,,,,,,,,,,,,,,,
189,20,MASKED,MASKED_UNFLAGGED,,,,HeCBench/results/llvm17_inject/jacobi/pointer/site189_bit20.out,,,,,,,,,,,,,,,,
189,21,MASKED,MASKED_UNFLAGGED,,,,HeCBench/results/llvm17_inject/jacobi/pointer/site189_bit21.out,,,,,,,,,,,,,,,,
189,22,MASKED,MASKED_UNFLAGGED,,,,HeCBench/results/llvm17_inject/jacobi/pointer/site189_bit22.out,,,,,,,,,,,,,,,,
189,23,MASKED,MASKED_UNFLAGGED,,,,HeCBench/results/llvm17_inject/jacobi/pointer/site189_bit23.out,,,,,,,,,,,,,,,,
189,24,MASKED,MASKED_UNFLAGGED,,,,HeCBench/results/llvm17_inject/jacobi/pointer/site189_bit24.out,,,,,,,,,,,,,,,,
189,25,MASKED,MASKED_UNFLAGGED,,,,HeCBench/results/llvm17_inject/jacobi/pointer/site189_bit25.out,,,,,,,,,,,,,,,,
189,26,MASKED,MASKED_UNFLAGGED,,,,HeCBench/results/llvm17_inject/jacobi/pointer/site189_bit26.out,,,,,,,,,,,,,,,,
189,27,MASKED,MASKED_UNFLAGGED,,,,HeCBench/results/llvm17_inject/jacobi/pointer/site189_bit27.out,,,,,,,,,,,,,,,,
189,28,MASKED,MASKED_UNFLAGGED,,,,HeCBench/results/llvm17_inject/jacobi/pointer/site189_bit28.out,,,,,,,,,,,,,,,,
189,29,MASKED,MASKED_UNFLAGGED,,,,HeCBench/results/llvm17_inject/jacobi/pointer/site189_bit29.out,,,,,,,,,,,,,,,,
189,30,MASKED,MASKED_UNFLAGGED,,,,HeCBench/results/llvm17_inject/jacobi/pointer/site189_bit30.out,,,,,,,,,,,,,,,,
189,31,MASKED,MASKED_UNFLAGGED,,,,HeCBench/results/llvm17_inject/jacobi/pointer/site189_bit31.out,,,,,,,,,,,,,,,,
189,32,MASKED,MASKED_UNFLAGGED,,,,HeCBench/results/llvm17_inject/jacobi/pointer/site189_bit32.out,,,,,,,,,,,,,,,,
189,33,MASKED,MASKED_UNFLAGGED,,,,HeCBench/results/llvm17_inject/jacobi/pointer/site189_bit33.out,,,,,,,,,,,,,,,,
189,34,MASKED,MASKED_UNFLAGGED,,,,HeCBench/results/llvm17_inject/jacobi/pointer/site189_bit34.out,,,,,,,,,,,,,,,,
189,35,MASKED,MASKED_UNFLAGGED,,,,HeCBench/results/llvm17_inject/jacobi/pointer/site189_bit35.out,,,,,,,,,,,,,,,,
189,36,MASKED,MASKED_UNFLAGGED,,,,HeCBench/results/llvm17_inject/jacobi/pointer/site189_bit36.out,,,,,,,,,,,,,,,,
189,37,MASKED,MASKED_UNFLAGGED,,,,HeCBench/results/llvm17_inject/jacobi/pointer/site189_bit37.out,,,,,,,,,,,,,,,,
189,38,MASKED,MASKED_UNFLAGGED,,,,HeCBench/results/llvm17_inject/jacobi/pointer/site189_bit38.out,,,,,,,,,,,,,,,,
189,39,MASKED,MASKED_UNFLAGGED,,,,HeCBench/results/llvm17_inject/jacobi/pointer/site189_bit39.out,,,,,,,,,,,,,,,,
189,40,MASKED,MASKED_UNFLAGGED,,,,HeCBench/results/llvm17_inject/jacobi/pointer/site189_bit40.out,,,,,,,,,,,,,,,,
189,41,MASKED,MASKED_UNFLAGGED,,,,HeCBench/results/llvm17_inject/jacobi/pointer/site189_bit41.out,,,,,,,,,,,,,,,,
189,42,MASKED,MASKED_UNFLAGGED,,,,HeCBench/results/llvm17_inject/jacobi/pointer/site189_bit42.out,,,,,,,,,,,,,,,,
189,43,MASKED,MASKED_UNFLAGGED,,,,HeCBench/results/llvm17_inject/jacobi/pointer/site189_bit43.out,,,,,,,,,,,,,,,,
189,44,MASKED,MASKED_UNFLAGGED,,,,HeCBench/results/llvm17_inject/jacobi/pointer/site189_bit44.out,,,,,,,,,,,,,,,,
189,45,MASKED,MASKED_UNFLAGGED,,,,HeCBench/results/llvm17_inject/jacobi/pointer/site189_bit45.out,,,,,,,,,,,,,,,,
189,46,MASKED,MASKED_UNFLAGGED,,,,HeCBench/results/llvm17_inject/jacobi/pointer/site189_bit46.out,,,,,,,,,,,,,,,,
189,47,MASKED,MASKED_UNFLAGGED,,,,HeCBench/results/llvm17_inject/jacobi/pointer/site189_bit47.out,,,,,,,,,,,,,,,,
189,48,MASKED,MASKED_UNFLAGGED,,,,HeCBench/results/llvm17_inject/jacobi/pointer/site189_bit48.out,,,,,,,,,,,,,,,,
189,49,MASKED,MASKED_UNFLAGGED,,,,HeCBench/results/llvm17_inject/jacobi/pointer/site189_bit49.out,,,,,,,,,,,,,,,,
189,50,MASKED,MASKED_UNFLAGGED,,,,HeCBench/results/llvm17_inject/jacobi/pointer/site189_bit50.out,,,,,,,,,,,,,,,,
189,51,MASKED,MASKED_UNFLAGGED,,,,HeCBench/results/llvm17_inject/jacobi/pointer/site189_bit51.out,,,,,,,,,,,,,,,,
189,52,MASKED,MASKED_UNFLAGGED,,,,HeCBench/results/llvm17_inject/jacobi/pointer/site189_bit52.out,,,,,,,,,,,,,,,,
189,53,MASKED,MASKED_UNFLAGGED,,,,HeCBench/results/llvm17_inject/jacobi/pointer/site189_bit53.out,,,,,,,,,,,,,,,,
189,54,MASKED,MASKED_UNFLAGGED,,,,HeCBench/results/llvm17_inject/jacobi/pointer/site189_bit54.out,,,,,,,,,,,,,,,,
189,55,MASKED,MASKED_UNFLAGGED,,,,HeCBench/results/llvm17_inject/jacobi/pointer/site189_bit55.out,,,,,,,,,,,,,,,,
189,56,MASKED,MASKED_UNFLAGGED,,,,HeCBench/results/llvm17_inject/jacobi/pointer/site189_bit56.out,,,,,,,,,,,,,,,,
189,57,MASKED,MASKED_UNFLAGGED,,,,HeCBench/results/llvm17_inject/jacobi/pointer/site189_bit57.out,,,,,,,,,,,,,,,,
189,58,MASKED,MASKED_UNFLAGGED,,,,HeCBench/results/llvm17_inject/jacobi/pointer/site189_bit58.out,,,,,,,,,,,,,,,,
189,59,MASKED,MASKED_UNFLAGGED,,,,HeCBench/results/llvm17_inject/jacobi/pointer/site189_bit59.out,,,,,,,,,,,,,,,,
189,60,MASKED,MASKED_UNFLAGGED,,,,HeCBench/results/llvm17_inject/jacobi/pointer/site189_bit60.out,,,,,,,,,,,,,,,,
189,61,MASKED,MASKED_UNFLAGGED,,,,HeCBench/results/llvm17_inject/jacobi/pointer/site189_bit61.out,,,,,,,,,,,,,,,,
189,62,MASKED,MASKED_UNFLAGGED,,,,HeCBench/results/llvm17_inject/jacobi/pointer/site189_bit62.out,,,,,,,,,,,,,,,,
189,63,MASKED,MASKED_UNFLAGGED,,,,HeCBench/results/llvm17_inject/jacobi/pointer/site189_bit63.out,,,,,,,,,,,,,,,,
190,0,MASKED,MASKED_UNFLAGGED,,,,HeCBench/results/llvm17_inject/jacobi/pointer/site190_bit0.out,,,,,,,,,,,,,,,,
190,1,MASKED,MASKED_UNFLAGGED,,,,HeCBench/results/llvm17_inject/jacobi/pointer/site190_bit1.out,,,,,,,,,,,,,,,,
190,2,MASKED,MASKED_UNFLAGGED,,,,HeCBench/results/llvm17_inject/jacobi/pointer/site190_bit2.out,,,,,,,,,,,,,,,,
190,3,MASKED,MASKED_UNFLAGGED,,,,HeCBench/results/llvm17_inject/jacobi/pointer/site190_bit3.out,,,,,,,,,,,,,,,,
190,4,MASKED,MASKED_UNFLAGGED,,,,HeCBench/results/llvm17_inject/jacobi/pointer/site190_bit4.out,,,,,,,,,,,,,,,,
190,5,MASKED,MASKED_UNFLAGGED,,,,HeCBench/results/llvm17_inject/jacobi/pointer/site190_bit5.out,,,,,,,,,,,,,,,,
190,6,MASKED,MASKED_UNFLAGGED,,,,HeCBench/results/llvm17_inject/jacobi/pointer/site190_bit6.out,,,,,,,,,,,,,,,,
190,7,MASKED,MASKED_UNFLAGGED,,,,HeCBench/results/llvm17_inject/jacobi/pointer/site190_bit7.out,,,,,,,,,,,,,,,,
190,8,MASKED,MASKED_UNFLAGGED,,,,HeCBench/results/llvm17_inject/jacobi/pointer/site190_bit8.out,,,,,,,,,,,,,,,,
190,9,MASKED,MASKED_UNFLAGGED,,,,HeCBench/results/llvm17_inject/jacobi/pointer/site190_bit9.out,,,,,,,,,,,,,,,,
190,10,MASKED,MASKED_UNFLAGGED,,,,HeCBench/results/llvm17_inject/jacobi/pointer/site190_bit10.out,,,,,,,,,,,,,,,,
190,11,MASKED,MASKED_UNFLAGGED,,,,HeCBench/results/llvm17_inject/jacobi/pointer/site190_bit11.out,,,,,,,,,,,,,,,,
190,12,MASKED,MASKED_UNFLAGGED,,,,HeCBench/results/llvm17_inject/jacobi/pointer/site190_bit12.out,,,,,,,,,,,,,,,,
190,13,MASKED,MASKED_UNFLAGGED,,,,HeCBench/results/llvm17_inject/jacobi/pointer/site190_bit13.out,,,,,,,,,,,,,,,,
190,14,MASKED,MASKED_UNFLAGGED,,,,HeCBench/results/llvm17_inject/jacobi/pointer/site190_bit14.out,,,,,,,,,,,,,,,,
190,15,MASKED,MASKED_UNFLAGGED,,,,HeCBench/results/llvm17_inject/jacobi/pointer/site190_bit15.out,,,,,,,,,,,,,,,,
190,16,MASKED,MASKED_UNFLAGGED,,,,HeCBench/results/llvm17_inject/jacobi/pointer/site190_bit16.out,,,,,,,,,,,,,,,,
190,17,MASKED,MASKED_UNFLAGGED,,,,HeCBench/results/llvm17_inject/jacobi/pointer/site190_bit17.out,,,,,,,,,,,,,,,,
190,18,MASKED,MASKED_UNFLAGGED,,,,HeCBench/results/llvm17_inject/jacobi/pointer/site190_bit18.out,,,,,,,,,,,,,,,,
190,19,MASKED,MASKED_UNFLAGGED,,,,HeCBench/results/llvm17_inject/jacobi/pointer/site190_bit19.out,,,,,,,,,,,,,,,,
190,20,MASKED,MASKED_UNFLAGGED,,,,HeCBench/results/llvm17_inject/jacobi/pointer/site190_bit20.out,,,,,,,,,,,,,,,,
190,21,MASKED,MASKED_UNFLAGGED,,,,HeCBench/results/llvm17_inject/jacobi/pointer/site190_bit21.out,,,,,,,,,,,,,,,,
190,22,MASKED,MASKED_UNFLAGGED,,,,HeCBench/results/llvm17_inject/jacobi/pointer/site190_bit22.out,,,,,,,,,,,,,,,,
190,23,MASKED,MASKED_UNFLAGGED,,,,HeCBench/results/llvm17_inject/jacobi/pointer/site190_bit23.out,,,,,,,,,,,,,,,,
190,24,MASKED,MASKED_UNFLAGGED,,,,HeCBench/results/llvm17_inject/jacobi/pointer/site190_bit24.out,,,,,,,,,,,,,,,,
190,25,MASKED,MASKED_UNFLAGGED,,,,HeCBench/results/llvm17_inject/jacobi/pointer/site190_bit25.out,,,,,,,,,,,,,,,,
190,26,MASKED,MASKED_UNFLAGGED,,,,HeCBench/results/llvm17_inject/jacobi/pointer/site190_bit26.out,,,,,,,,,,,,,,,,
190,27,MASKED,MASKED_UNFLAGGED,,,,HeCBench/results/llvm17_inject/jacobi/pointer/site190_bit27.out,,,,,,,,,,,,,,,,
190,28,MASKED,MASKED_UNFLAGGED,,,,HeCBench/results/llvm17_inject/jacobi/pointer/site190_bit28.out,,,,,,,,,,,,,,,,
190,29,MASKED,MASKED_UNFLAGGED,,,,HeCBench/results/llvm17_inject/jacobi/pointer/site190_bit29.out,,,,,,,,,,,,,,,,
190,30,MASKED,MASKED_UNFLAGGED,,,,HeCBench/results/llvm17_inject/jacobi/pointer/site190_bit30.out,,,,,,,,,,,,,,,,
190,31,MASKED,MASKED_UNFLAGGED,,,,HeCBench/results/llvm17_inject/jacobi/pointer/site190_bit31.out,,,,,,,,,,,,,,,,
190,32,MASKED,MASKED_UNFLAGGED,,,,HeCBench/results/llvm17_inject/jacobi/pointer/site190_bit32.out,,,,,,,,,,,,,,,,
190,33,MASKED,MASKED_UNFLAGGED,,,,HeCBench/results/llvm17_inject/jacobi/pointer/site190_bit33.out,,,,,,,,,,,,,,,,
190,34,MASKED,MASKED_UNFLAGGED,,,,HeCBench/results/llvm17_inject/jacobi/pointer/site190_bit34.out,,,,,,,,,,,,,,,,
190,35,MASKED,MASKED_UNFLAGGED,,,,HeCBench/results/llvm17_inject/jacobi/pointer/site190_bit35.out,,,,,,,,,,,,,,,,
190,36,MASKED,MASKED_UNFLAGGED,,,,HeCBench/results/llvm17_inject/jacobi/pointer/site190_bit36.out,,,,,,,,,,,,,,,,
190,37,MASKED,MASKED_UNFLAGGED,,,,HeCBench/results/llvm17_inject/jacobi/pointer/site190_bit37.out,,,,,,,,,,,,,,,,
190,38,MASKED,MASKED_UNFLAGGED,,,,HeCBench/results/llvm17_inject/jacobi/pointer/site190_bit38.out,,,,,,,,,,,,,,,,
190,39,MASKED,MASKED_UNFLAGGED,,,,HeCBench/results/llvm17_inject/jacobi/pointer/site190_bit39.out,,,,,,,,,,,,,,,,
190,40,MASKED,MASKED_UNFLAGGED,,,,HeCBench/results/llvm17_inject/jacobi/pointer/site190_bit40.out,,,,,,,,,,,,,,,,
190,41,MASKED,MASKED_UNFLAGGED,,,,HeCBench/results/llvm17_inject/jacobi/pointer/site190_bit41.out,,,,,,,,,,,,,,,,
190,42,MASKED,MASKED_UNFLAGGED,,,,HeCBench/results/llvm17_inject/jacobi/pointer/site190_bit42.out,,,,,,,,,,,,,,,,
190,43,MASKED,MASKED_UNFLAGGED,,,,HeCBench/results/llvm17_inject/jacobi/pointer/site190_bit43.out,,,,,,,,,,,,,,,,
190,44,MASKED,MASKED_UNFLAGGED,,,,HeCBench/results/llvm17_inject/jacobi/pointer/site190_bit44.out,,,,,,,,,,,,,,,,
190,45,MASKED,MASKED_UNFLAGGED,,,,HeCBench/results/llvm17_inject/jacobi/pointer/site190_bit45.out,,,,,,,,,,,,,,,,
190,46,MASKED,MASKED_UNFLAGGED,,,,HeCBench/results/llvm17_inject/jacobi/pointer/site190_bit46.out,,,,,,,,,,,,,,,,
190,47,MASKED,MASKED_UNFLAGGED,,,,HeCBench/results/llvm17_inject/jacobi/pointer/site190_bit47.out,,,,,,,,,,,,,,,,
190,48,MASKED,MASKED_UNFLAGGED,,,,HeCBench/results/llvm17_inject/jacobi/pointer/site190_bit48.out,,,,,,,,,,,,,,,,
190,49,MASKED,MASKED_UNFLAGGED,,,,HeCBench/results/llvm17_inject/jacobi/pointer/site190_bit49.out,,,,,,,,,,,,,,,,
190,50,MASKED,MASKED_UNFLAGGED,,,,HeCBench/results/llvm17_inject/jacobi/pointer/site190_bit50.out,,,,,,,,,,,,,,,,
190,51,MASKED,MASKED_UNFLAGGED,,,,HeCBench/results/llvm17_inject/jacobi/pointer/site190_bit51.out,,,,,,,,,,,,,,,,
190,52,MASKED,MASKED_UNFLAGGED,,,,HeCBench/results/llvm17_inject/jacobi/pointer/site190_bit52.out,,,,,,,,,,,,,,,,
190,53,MASKED,MASKED_UNFLAGGED,,,,HeCBench/results/llvm17_inject/jacobi/pointer/site190_bit53.out,,,,,,,,,,,,,,,,
190,54,MASKED,MASKED_UNFLAGGED,,,,HeCBench/results/llvm17_inject/jacobi/pointer/site190_bit54.out,,,,,,,,,,,,,,,,
190,55,MASKED,MASKED_UNFLAGGED,,,,HeCBench/results/llvm17_inject/jacobi/pointer/site190_bit55.out,,,,,,,,,,,,,,,,
190,56,MASKED,MASKED_UNFLAGGED,,,,HeCBench/results/llvm17_inject/jacobi/pointer/site190_bit56.out,,,,,,,,,,,,,,,,
190,57,MASKED,MASKED_UNFLAGGED,,,,HeCBench/results/llvm17_inject/jacobi/pointer/site190_bit57.out,,,,,,,,,,,,,,,,
190,58,MASKED,MASKED_UNFLAGGED,,,,HeCBench/results/llvm17_inject/jacobi/pointer/site190_bit58.out,,,,,,,,,,,,,,,,
190,59,MASKED,MASKED_UNFLAGGED,,,,HeCBench/results/llvm17_inject/jacobi/pointer/site190_bit59.out,,,,,,,,,,,,,,,,
190,60,MASKED,MASKED_UNFLAGGED,,,,HeCBench/results/llvm17_inject/jacobi/pointer/site190_bit60.out,,,,,,,,,,,,,,,,
190,61,MASKED,MASKED_UNFLAGGED,,,,HeCBench/results/llvm17_inject/jacobi/pointer/site190_bit61.out,,,,,,,,,,,,,,,,
190,62,MASKED,MASKED_UNFLAGGED,,,,HeCBench/results/llvm17_inject/jacobi/pointer/site190_bit62.out,,,,,,,,,,,,,,,,
190,63,MASKED,MASKED_UNFLAGGED,,,,HeCBench/results/llvm17_inject/jacobi/pointer/site190_bit63.out,,,,,,,,,,,,,,,,
191,0,MASKED,MASKED_UNFLAGGED,,,,HeCBench/results/llvm17_inject/jacobi/pointer/site191_bit0.out,,,,,,,,,,,,,,,,
191,1,MASKED,MASKED_UNFLAGGED,,,,HeCBench/results/llvm17_inject/jacobi/pointer/site191_bit1.out,,,,,,,,,,,,,,,,
191,2,MASKED,MASKED_UNFLAGGED,,,,HeCBench/results/llvm17_inject/jacobi/pointer/site191_bit2.out,,,,,,,,,,,,,,,,
191,3,MASKED,MASKED_UNFLAGGED,,,,HeCBench/results/llvm17_inject/jacobi/pointer/site191_bit3.out,,,,,,,,,,,,,,,,
191,4,MASKED,MASKED_UNFLAGGED,,,,HeCBench/results/llvm17_inject/jacobi/pointer/site191_bit4.out,,,,,,,,,,,,,,,,
191,5,MASKED,MASKED_UNFLAGGED,,,,HeCBench/results/llvm17_inject/jacobi/pointer/site191_bit5.out,,,,,,,,,,,,,,,,
191,6,MASKED,MASKED_UNFLAGGED,,,,HeCBench/results/llvm17_inject/jacobi/pointer/site191_bit6.out,,,,,,,,,,,,,,,,
191,7,MASKED,MASKED_UNFLAGGED,,,,HeCBench/results/llvm17_inject/jacobi/pointer/site191_bit7.out,,,,,,,,,,,,,,,,
191,8,MASKED,MASKED_UNFLAGGED,,,,HeCBench/results/llvm17_inject/jacobi/pointer/site191_bit8.out,,,,,,,,,,,,,,,,
191,9,MASKED,MASKED_UNFLAGGED,,,,HeCBench/results/llvm17_inject/jacobi/pointer/site191_bit9.out,,,,,,,,,,,,,,,,
191,10,MASKED,MASKED_UNFLAGGED,,,,HeCBench/results/llvm17_inject/jacobi/pointer/site191_bit10.out,,,,,,,,,,,,,,,,
191,11,MASKED,MASKED_UNFLAGGED,,,,HeCBench/results/llvm17_inject/jacobi/pointer/site191_bit11.out,,,,,,,,,,,,,,,,
191,12,MASKED,MASKED_UNFLAGGED,,,,HeCBench/results/llvm17_inject/jacobi/pointer/site191_bit12.out,,,,,,,,,,,,,,,,
191,13,MASKED,MASKED_UNFLAGGED,,,,HeCBench/results/llvm17_inject/jacobi/pointer/site191_bit13.out,,,,,,,,,,,,,,,,
191,14,MASKED,MASKED_UNFLAGGED,,,,HeCBench/results/llvm17_inject/jacobi/pointer/site191_bit14.out,,,,,,,,,,,,,,,,
191,15,MASKED,MASKED_UNFLAGGED,,,,HeCBench/results/llvm17_inject/jacobi/pointer/site191_bit15.out,,,,,,,,,,,,,,,,
191,16,MASKED,MASKED_UNFLAGGED,,,,HeCBench/results/llvm17_inject/jacobi/pointer/site191_bit16.out,,,,,,,,,,,,,,,,
191,17,MASKED,MASKED_UNFLAGGED,,,,HeCBench/results/llvm17_inject/jacobi/pointer/site191_bit17.out,,,,,,,,,,,,,,,,
191,18,MASKED,MASKED_UNFLAGGED,,,,HeCBench/results/llvm17_inject/jacobi/pointer/site191_bit18.out,,,,,,,,,,,,,,,,
191,19,MASKED,MASKED_UNFLAGGED,,,,HeCBench/results/llvm17_inject/jacobi/pointer/site191_bit19.out,,,,,,,,,,,,,,,,
191,20,MASKED,MASKED_UNFLAGGED,,,,HeCBench/results/llvm17_inject/jacobi/pointer/site191_bit20.out,,,,,,,,,,,,,,,,
191,21,MASKED,MASKED_UNFLAGGED,,,,HeCBench/results/llvm17_inject/jacobi/pointer/site191_bit21.out,,,,,,,,,,,,,,,,
191,22,MASKED,MASKED_UNFLAGGED,,,,HeCBench/results/llvm17_inject/jacobi/pointer/site191_bit22.out,,,,,,,,,,,,,,,,
191,23,MASKED,MASKED_UNFLAGGED,,,,HeCBench/results/llvm17_inject/jacobi/pointer/site191_bit23.out,,,,,,,,,,,,,,,,
191,24,MASKED,MASKED_UNFLAGGED,,,,HeCBench/results/llvm17_inject/jacobi/pointer/site191_bit24.out,,,,,,,,,,,,,,,,
191,25,MASKED,MASKED_UNFLAGGED,,,,HeCBench/results/llvm17_inject/jacobi/pointer/site191_bit25.out,,,,,,,,,,,,,,,,
191,26,MASKED,MASKED_UNFLAGGED,,,,HeCBench/results/llvm17_inject/jacobi/pointer/site191_bit26.out,,,,,,,,,,,,,,,,
191,27,MASKED,MASKED_UNFLAGGED,,,,HeCBench/results/llvm17_inject/jacobi/pointer/site191_bit27.out,,,,,,,,,,,,,,,,
191,28,MASKED,MASKED_UNFLAGGED,,,,HeCBench/results/llvm17_inject/jacobi/pointer/site191_bit28.out,,,,,,,,,,,,,,,,
191,29,MASKED,MASKED_UNFLAGGED,,,,HeCBench/results/llvm17_inject/jacobi/pointer/site191_bit29.out,,,,,,,,,,,,,,,,
191,30,MASKED,MASKED_UNFLAGGED,,,,HeCBench/results/llvm17_inject/jacobi/pointer/site191_bit30.out,,,,,,,,,,,,,,,,
191,31,MASKED,MASKED_UNFLAGGED,,,,HeCBench/results/llvm17_inject/jacobi/pointer/site191_bit31.out,,,,,,,,,,,,,,,,
191,32,MASKED,MASKED_UNFLAGGED,,,,HeCBench/results/llvm17_inject/jacobi/pointer/site191_bit32.out,,,,,,,,,,,,,,,,
191,33,MASKED,MASKED_UNFLAGGED,,,,HeCBench/results/llvm17_inject/jacobi/pointer/site191_bit33.out,,,,,,,,,,,,,,,,
191,34,MASKED,MASKED_UNFLAGGED,,,,HeCBench/results/llvm17_inject/jacobi/pointer/site191_bit34.out,,,,,,,,,,,,,,,,
191,35,MASKED,MASKED_UNFLAGGED,,,,HeCBench/results/llvm17_inject/jacobi/pointer/site191_bit35.out,,,,,,,,,,,,,,,,
191,36,MASKED,MASKED_UNFLAGGED,,,,HeCBench/results/llvm17_inject/jacobi/pointer/site191_bit36.out,,,,,,,,,,,,,,,,
191,37,MASKED,MASKED_UNFLAGGED,,,,HeCBench/results/llvm17_inject/jacobi/pointer/site191_bit37.out,,,,,,,,,,,,,,,,
191,38,MASKED,MASKED_UNFLAGGED,,,,HeCBench/results/llvm17_inject/jacobi/pointer/site191_bit38.out,,,,,,,,,,,,,,,,
191,39,MASKED,MASKED_UNFLAGGED,,,,HeCBench/results/llvm17_inject/jacobi/pointer/site191_bit39.out,,,,,,,,,,,,,,,,
191,40,MASKED,MASKED_UNFLAGGED,,,,HeCBench/results/llvm17_inject/jacobi/pointer/site191_bit40.out,,,,,,,,,,,,,,,,
191,41,MASKED,MASKED_UNFLAGGED,,,,HeCBench/results/llvm17_inject/jacobi/pointer/site191_bit41.out,,,,,,,,,,,,,,,,
191,42,MASKED,MASKED_UNFLAGGED,,,,HeCBench/results/llvm17_inject/jacobi/pointer/site191_bit42.out,,,,,,,,,,,,,,,,
191,43,MASKED,MASKED_UNFLAGGED,,,,HeCBench/results/llvm17_inject/jacobi/pointer/site191_bit43.out,,,,,,,,,,,,,,,,
191,44,MASKED,MASKED_UNFLAGGED,,,,HeCBench/results/llvm17_inject/jacobi/pointer/site191_bit44.out,,,,,,,,,,,,,,,,
191,45,MASKED,MASKED_UNFLAGGED,,,,HeCBench/results/llvm17_inject/jacobi/pointer/site191_bit45.out,,,,,,,,,,,,,,,,
191,46,MASKED,MASKED_UNFLAGGED,,,,HeCBench/results/llvm17_inject/jacobi/pointer/site191_bit46.out,,,,,,,,,,,,,,,,
191,47,MASKED,MASKED_UNFLAGGED,,,,HeCBench/results/llvm17_inject/jacobi/pointer/site191_bit47.out,,,,,,,,,,,,,,,,
191,48,MASKED,MASKED_UNFLAGGED,,,,HeCBench/results/llvm17_inject/jacobi/pointer/site191_bit48.out,,,,,,,,,,,,,,,,
191,49,MASKED,MASKED_UNFLAGGED,,,,HeCBench/results/llvm17_inject/jacobi/pointer/site191_bit49.out,,,,,,,,,,,,,,,,
191,50,MASKED,MASKED_UNFLAGGED,,,,HeCBench/results/llvm17_inject/jacobi/pointer/site191_bit50.out,,,,,,,,,,,,,,,,
191,51,MASKED,MASKED_UNFLAGGED,,,,HeCBench/results/llvm17_inject/jacobi/pointer/site191_bit51.out,,,,,,,,,,,,,,,,
191,52,MASKED,MASKED_UNFLAGGED,,,,HeCBench/results/llvm17_inject/jacobi/pointer/site191_bit52.out,,,,,,,,,,,,,,,,
191,53,MASKED,MASKED_UNFLAGGED,,,,HeCBench/results/llvm17_inject/jacobi/pointer/site191_bit53.out,,,,,,,,,,,,,,,,
191,54,MASKED,MASKED_UNFLAGGED,,,,HeCBench/results/llvm17_inject/jacobi/pointer/site191_bit54.out,,,,,,,,,,,,,,,,
191,55,MASKED,MASKED_UNFLAGGED,,,,HeCBench/results/llvm17_inject/jacobi/pointer/site191_bit55.out,,,,,,,,,,,,,,,,
191,56,MASKED,MASKED_UNFLAGGED,,,,HeCBench/results/llvm17_inject/jacobi/pointer/site191_bit56.out,,,,,,,,,,,,,,,,
191,57,MASKED,MASKED_UNFLAGGED,,,,HeCBench/results/llvm17_inject/jacobi/pointer/site191_bit57.out,,,,,,,,,,,,,,,,
191,58,MASKED,MASKED_UNFLAGGED,,,,HeCBench/results/llvm17_inject/jacobi/pointer/site191_bit58.out,,,,,,,,,,,,,,,,
191,59,MASKED,MASKED_UNFLAGGED,,,,HeCBench/results/llvm17_inject/jacobi/pointer/site191_bit59.out,,,,,,,,,,,,,,,,
191,60,MASKED,MASKED_UNFLAGGED,,,,HeCBench/results/llvm17_inject/jacobi/pointer/site191_bit60.out,,,,,,,,,,,,,,,,
191,61,MASKED,MASKED_UNFLAGGED,,,,HeCBench/results/llvm17_inject/jacobi/pointer/site191_bit61.out,,,,,,,,,,,,,,,,
191,62,MASKED,MASKED_UNFLAGGED,,,,HeCBench/results/llvm17_inject/jacobi/pointer/site191_bit62.out,,,,,,,,,,,,,,,,
191,63,MASKED,MASKED_UNFLAGGED,,,,HeCBench/results/llvm17_inject/jacobi/pointer/site191_bit63.out,,,,,,,,,,,,,,,,
210,0,MASKED,MASKED_UNFLAGGED,,,,HeCBench/results/llvm17_inject/jacobi/pointer/site210_bit0.out,,,,,,,,,,,,,,,,
210,1,MASKED,MASKED_UNFLAGGED,,,,HeCBench/results/llvm17_inject/jacobi/pointer/site210_bit1.out,,,,,,,,,,,,,,,,
210,2,MASKED,MASKED_UNFLAGGED,,,,HeCBench/results/llvm17_inject/jacobi/pointer/site210_bit2.out,,,,,,,,,,,,,,,,
210,3,MASKED,MASKED_UNFLAGGED,,,,HeCBench/results/llvm17_inject/jacobi/pointer/site210_bit3.out,,,,,,,,,,,,,,,,
210,4,MASKED,MASKED_UNFLAGGED,,,,HeCBench/results/llvm17_inject/jacobi/pointer/site210_bit4.out,,,,,,,,,,,,,,,,
210,5,MASKED,MASKED_UNFLAGGED,,,,HeCBench/results/llvm17_inject/jacobi/pointer/site210_bit5.out,,,,,,,,,,,,,,,,
210,6,MASKED,MASKED_UNFLAGGED,,,,HeCBench/results/llvm17_inject/jacobi/pointer/site210_bit6.out,,,,,,,,,,,,,,,,
210,7,MASKED,MASKED_UNFLAGGED,,,,HeCBench/results/llvm17_inject/jacobi/pointer/site210_bit7.out,,,,,,,,,,,,,,,,
210,8,MASKED,MASKED_UNFLAGGED,,,,HeCBench/results/llvm17_inject/jacobi/pointer/site210_bit8.out,,,,,,,,,,,,,,,,
210,9,MASKED,MASKED_UNFLAGGED,,,,HeCBench/results/llvm17_inject/jacobi/pointer/site210_bit9.out,,,,,,,,,,,,,,,,
210,10,MASKED,MASKED_UNFLAGGED,,,,HeCBench/results/llvm17_inject/jacobi/pointer/site210_bit10.out,,,,,,,,,,,,,,,,
210,11,MASKED,MASKED_UNFLAGGED,,,,HeCBench/results/llvm17_inject/jacobi/pointer/site210_bit11.out,,,,,,,,,,,,,,,,
210,12,MASKED,MASKED_UNFLAGGED,,,,HeCBench/results/llvm17_inject/jacobi/pointer/site210_bit12.out,,,,,,,,,,,,,,,,
210,13,MASKED,MASKED_UNFLAGGED,,,,HeCBench/results/llvm17_inject/jacobi/pointer/site210_bit13.out,,,,,,,,,,,,,,,,
210,14,MASKED,MASKED_UNFLAGGED,,,,HeCBench/results/llvm17_inject/jacobi/pointer/site210_bit14.out,,,,,,,,,,,,,,,,
210,15,MASKED,MASKED_UNFLAGGED,,,,HeCBench/results/llvm17_inject/jacobi/pointer/site210_bit15.out,,,,,,,,,,,,,,,,
210,16,MASKED,MASKED_UNFLAGGED,,,,HeCBench/results/llvm17_inject/jacobi/pointer/site210_bit16.out,,,,,,,,,,,,,,,,
210,17,MASKED,MASKED_UNFLAGGED,,,,HeCBench/results/llvm17_inject/jacobi/pointer/site210_bit17.out,,,,,,,,,,,,,,,,
210,18,MASKED,MASKED_UNFLAGGED,,,,HeCBench/results/llvm17_inject/jacobi/pointer/site210_bit18.out,,,,,,,,,,,,,,,,
210,19,MASKED,MASKED_UNFLAGGED,,,,HeCBench/results/llvm17_inject/jacobi/pointer/site210_bit19.out,,,,,,,,,,,,,,,,
210,20,MASKED,MASKED_UNFLAGGED,,,,HeCBench/results/llvm17_inject/jacobi/pointer/site210_bit20.out,,,,,,,,,,,,,,,,
210,21,MASKED,MASKED_UNFLAGGED,,,,HeCBench/results/llvm17_inject/jacobi/pointer/site210_bit21.out,,,,,,,,,,,,,,,,
210,22,MASKED,MASKED_UNFLAGGED,,,,HeCBench/results/llvm17_inject/jacobi/pointer/site210_bit22.out,,,,,,,,,,,,,,,,
210,23,MASKED,MASKED_UNFLAGGED,,,,HeCBench/results/llvm17_inject/jacobi/pointer/site210_bit23.out,,,,,,,,,,,,,,,,
210,24,MASKED,MASKED_UNFLAGGED,,,,HeCBench/results/llvm17_inject/jacobi/pointer/site210_bit24.out,,,,,,,,,,,,,,,,
210,25,MASKED,MASKED_UNFLAGGED,,,,HeCBench/results/llvm17_inject/jacobi/pointer/site210_bit25.out,,,,,,,,,,,,,,,,
210,26,MASKED,MASKED_UNFLAGGED,,,,HeCBench/results/llvm17_inject/jacobi/pointer/site210_bit26.out,,,,,,,,,,,,,,,,
210,27,MASKED,MASKED_UNFLAGGED,,,,HeCBench/results/llvm17_inject/jacobi/pointer/site210_bit27.out,,,,,,,,,,,,,,,,
210,28,MASKED,MASKED_UNFLAGGED,,,,HeCBench/results/llvm17_inject/jacobi/pointer/site210_bit28.out,,,,,,,,,,,,,,,,
210,29,MASKED,MASKED_UNFLAGGED,,,,HeCBench/results/llvm17_inject/jacobi/pointer/site210_bit29.out,,,,,,,,,,,,,,,,
210,30,MASKED,MASKED_UNFLAGGED,,,,HeCBench/results/llvm17_inject/jacobi/pointer/site210_bit30.out,,,,,,,,,,,,,,,,
210,31,MASKED,MASKED_UNFLAGGED,,,,HeCBench/results/llvm17_inject/jacobi/pointer/site210_bit31.out,,,,,,,,,,,,,,,,
210,32,MASKED,MASKED_UNFLAGGED,,,,HeCBench/results/llvm17_inject/jacobi/pointer/site210_bit32.out,,,,,,,,,,,,,,,,
210,33,MASKED,MASKED_UNFLAGGED,,,,HeCBench/results/llvm17_inject/jacobi/pointer/site210_bit33.out,,,,,,,,,,,,,,,,
210,34,MASKED,MASKED_UNFLAGGED,,,,HeCBench/results/llvm17_inject/jacobi/pointer/site210_bit34.out,,,,,,,,,,,,,,,,
210,35,MASKED,MASKED_UNFLAGGED,,,,HeCBench/results/llvm17_inject/jacobi/pointer/site210_bit35.out,,,,,,,,,,,,,,,,
210,36,MASKED,MASKED_UNFLAGGED,,,,HeCBench/results/llvm17_inject/jacobi/pointer/site210_bit36.out,,,,,,,,,,,,,,,,
210,37,MASKED,MASKED_UNFLAGGED,,,,HeCBench/results/llvm17_inject/jacobi/pointer/site210_bit37.out,,,,,,,,,,,,,,,,
210,38,MASKED,MASKED_UNFLAGGED,,,,HeCBench/results/llvm17_inject/jacobi/pointer/site210_bit38.out,,,,,,,,,,,,,,,,
210,39,MASKED,MASKED_UNFLAGGED,,,,HeCBench/results/llvm17_inject/jacobi/pointer/site210_bit39.out,,,,,,,,,,,,,,,,
210,40,MASKED,MASKED_UNFLAGGED,,,,HeCBench/results/llvm17_inject/jacobi/pointer/site210_bit40.out,,,,,,,,,,,,,,,,
210,41,MASKED,MASKED_UNFLAGGED,,,,HeCBench/results/llvm17_inject/jacobi/pointer/site210_bit41.out,,,,,,,,,,,,,,,,
210,42,MASKED,MASKED_UNFLAGGED,,,,HeCBench/results/llvm17_inject/jacobi/pointer/site210_bit42.out,,,,,,,,,,,,,,,,
210,43,MASKED,MASKED_UNFLAGGED,,,,HeCBench/results/llvm17_inject/jacobi/pointer/site210_bit43.out,,,,,,,,,,,,,,,,
210,44,MASKED,MASKED_UNFLAGGED,,,,HeCBench/results/llvm17_inject/jacobi/pointer/site210_bit44.out,,,,,,,,,,,,,,,,
210,45,MASKED,MASKED_UNFLAGGED,,,,HeCBench/results/llvm17_inject/jacobi/pointer/site210_bit45.out,,,,,,,,,,,,,,,,
210,46,MASKED,MASKED_UNFLAGGED,,,,HeCBench/results/llvm17_inject/jacobi/pointer/site210_bit46.out,,,,,,,,,,,,,,,,
210,47,MASKED,MASKED_UNFLAGGED,,,,HeCBench/results/llvm17_inject/jacobi/pointer/site210_bit47.out,,,,,,,,,,,,,,,,
210,48,MASKED,MASKED_UNFLAGGED,,,,HeCBench/results/llvm17_inject/jacobi/pointer/site210_bit48.out,,,,,,,,,,,,,,,,
210,49,MASKED,MASKED_UNFLAGGED,,,,HeCBench/results/llvm17_inject/jacobi/pointer/site210_bit49.out,,,,,,,,,,,,,,,,
210,50,MASKED,MASKED_UNFLAGGED,,,,HeCBench/results/llvm17_inject/jacobi/pointer/site210_bit50.out,,,,,,,,,,,,,,,,
210,51,MASKED,MASKED_UNFLAGGED,,,,HeCBench/results/llvm17_inject/jacobi/pointer/site210_bit51.out,,,,,,,,,,,,,,,,
210,52,MASKED,MASKED_UNFLAGGED,,,,HeCBench/results/llvm17_inject/jacobi/pointer/site210_bit52.out,,,,,,,,,,,,,,,,
210,53,MASKED,MASKED_UNFLAGGED,,,,HeCBench/results/llvm17_inject/jacobi/pointer/site210_bit53.out,,,,,,,,,,,,,,,,
210,54,MASKED,MASKED_UNFLAGGED,,,,HeCBench/results/llvm17_inject/jacobi/pointer/site210_bit54.out,,,,,,,,,,,,,,,,
210,55,MASKED,MASKED_UNFLAGGED,,,,HeCBench/results/llvm17_inject/jacobi/pointer/site210_bit55.out,,,,,,,,,,,,,,,,
210,56,MASKED,MASKED_UNFLAGGED,,,,HeCBench/results/llvm17_inject/jacobi/pointer/site210_bit56.out,,,,,,,,,,,,,,,,
210,57,MASKED,MASKED_UNFLAGGED,,,,HeCBench/results/llvm17_inject/jacobi/pointer/site210_bit57.out,,,,,,,,,,,,,,,,
210,58,MASKED,MASKED_UNFLAGGED,,,,HeCBench/results/llvm17_inject/jacobi/pointer/site210_bit58.out,,,,,,,,,,,,,,,,
210,59,MASKED,MASKED_UNFLAGGED,,,,HeCBench/results/llvm17_inject/jacobi/pointer/site210_bit59.out,,,,,,,,,,,,,,,,
210,60,MASKED,MASKED_UNFLAGGED,,,,HeCBench/results/llvm17_inject/jacobi/pointer/site210_bit60.out,,,,,,,,,,,,,,,,
210,61,MASKED,MASKED_UNFLAGGED,,,,HeCBench/results/llvm17_inject/jacobi/pointer/site210_bit61.out,,,,,,,,,,,,,,,,
210,62,MASKED,MASKED_UNFLAGGED,,,,HeCBench/results/llvm17_inject/jacobi/pointer/site210_bit62.out,,,,,,,,,,,,,,,,
210,63,MASKED,MASKED_UNFLAGGED,,,,HeCBench/results/llvm17_inject/jacobi/pointer/site210_bit63.out,,,,,,,,,,,,,,,,
213,0,MASKED,MASKED_UNFLAGGED,,,,HeCBench/results/llvm17_inject/jacobi/pointer/site213_bit0.out,,,,,,,,,,,,,,,,
213,1,MASKED,MASKED_UNFLAGGED,,,,HeCBench/results/llvm17_inject/jacobi/pointer/site213_bit1.out,,,,,,,,,,,,,,,,
213,2,MASKED,MASKED_UNFLAGGED,,,,HeCBench/results/llvm17_inject/jacobi/pointer/site213_bit2.out,,,,,,,,,,,,,,,,
213,3,MASKED,MASKED_UNFLAGGED,,,,HeCBench/results/llvm17_inject/jacobi/pointer/site213_bit3.out,,,,,,,,,,,,,,,,
213,4,MASKED,MASKED_UNFLAGGED,,,,HeCBench/results/llvm17_inject/jacobi/pointer/site213_bit4.out,,,,,,,,,,,,,,,,
213,5,MASKED,MASKED_UNFLAGGED,,,,HeCBench/results/llvm17_inject/jacobi/pointer/site213_bit5.out,,,,,,,,,,,,,,,,
213,6,MASKED,MASKED_UNFLAGGED,,,,HeCBench/results/llvm17_inject/jacobi/pointer/site213_bit6.out,,,,,,,,,,,,,,,,
213,7,MASKED,MASKED_UNFLAGGED,,,,HeCBench/results/llvm17_inject/jacobi/pointer/site213_bit7.out,,,,,,,,,,,,,,,,
213,8,MASKED,MASKED_UNFLAGGED,,,,HeCBench/results/llvm17_inject/jacobi/pointer/site213_bit8.out,,,,,,,,,,,,,,,,
213,9,MASKED,MASKED_UNFLAGGED,,,,HeCBench/results/llvm17_inject/jacobi/pointer/site213_bit9.out,,,,,,,,,,,,,,,,
213,10,MASKED,MASKED_UNFLAGGED,,,,HeCBench/results/llvm17_inject/jacobi/pointer/site213_bit10.out,,,,,,,,,,,,,,,,
213,11,MASKED,MASKED_UNFLAGGED,,,,HeCBench/results/llvm17_inject/jacobi/pointer/site213_bit11.out,,,,,,,,,,,,,,,,
213,12,MASKED,MASKED_UNFLAGGED,,,,HeCBench/results/llvm17_inject/jacobi/pointer/site213_bit12.out,,,,,,,,,,,,,,,,
213,13,MASKED,MASKED_UNFLAGGED,,,,HeCBench/results/llvm17_inject/jacobi/pointer/site213_bit13.out,,,,,,,,,,,,,,,,
213,14,MASKED,MASKED_UNFLAGGED,,,,HeCBench/results/llvm17_inject/jacobi/pointer/site213_bit14.out,,,,,,,,,,,,,,,,
213,15,MASKED,MASKED_UNFLAGGED,,,,HeCBench/results/llvm17_inject/jacobi/pointer/site213_bit15.out,,,,,,,,,,,,,,,,
213,16,MASKED,MASKED_UNFLAGGED,,,,HeCBench/results/llvm17_inject/jacobi/pointer/site213_bit16.out,,,,,,,,,,,,,,,,
213,17,MASKED,MASKED_UNFLAGGED,,,,HeCBench/results/llvm17_inject/jacobi/pointer/site213_bit17.out,,,,,,,,,,,,,,,,
213,18,MASKED,MASKED_UNFLAGGED,,,,HeCBench/results/llvm17_inject/jacobi/pointer/site213_bit18.out,,,,,,,,,,,,,,,,
213,19,MASKED,MASKED_UNFLAGGED,,,,HeCBench/results/llvm17_inject/jacobi/pointer/site213_bit19.out,,,,,,,,,,,,,,,,
213,20,MASKED,MASKED_UNFLAGGED,,,,HeCBench/results/llvm17_inject/jacobi/pointer/site213_bit20.out,,,,,,,,,,,,,,,,
213,21,MASKED,MASKED_UNFLAGGED,,,,HeCBench/results/llvm17_inject/jacobi/pointer/site213_bit21.out,,,,,,,,,,,,,,,,
213,22,MASKED,MASKED_UNFLAGGED,,,,HeCBench/results/llvm17_inject/jacobi/pointer/site213_bit22.out,,,,,,,,,,,,,,,,
213,23,MASKED,MASKED_UNFLAGGED,,,,HeCBench/results/llvm17_inject/jacobi/pointer/site213_bit23.out,,,,,,,,,,,,,,,,
213,24,MASKED,MASKED_UNFLAGGED,,,,HeCBench/results/llvm17_inject/jacobi/pointer/site213_bit24.out,,,,,,,,,,,,,,,,
213,25,MASKED,MASKED_UNFLAGGED,,,,HeCBench/results/llvm17_inject/jacobi/pointer/site213_bit25.out,,,,,,,,,,,,,,,,
213,26,MASKED,MASKED_UNFLAGGED,,,,HeCBench/results/llvm17_inject/jacobi/pointer/site213_bit26.out,,,,,,,,,,,,,,,,
213,27,MASKED,MASKED_UNFLAGGED,,,,HeCBench/results/llvm17_inject/jacobi/pointer/site213_bit27.out,,,,,,,,,,,,,,,,
213,28,MASKED,MASKED_UNFLAGGED,,,,HeCBench/results/llvm17_inject/jacobi/pointer/site213_bit28.out,,,,,,,,,,,,,,,,
213,29,MASKED,MASKED_UNFLAGGED,,,,HeCBench/results/llvm17_inject/jacobi/pointer/site213_bit29.out,,,,,,,,,,,,,,,,
213,30,MASKED,MASKED_UNFLAGGED,,,,HeCBench/results/llvm17_inject/jacobi/pointer/site213_bit30.out,,,,,,,,,,,,,,,,
213,31,MASKED,MASKED_UNFLAGGED,,,,HeCBench/results/llvm17_inject/jacobi/pointer/site213_bit31.out,,,,,,,,,,,,,,,,
213,32,MASKED,MASKED_UNFLAGGED,,,,HeCBench/results/llvm17_inject/jacobi/pointer/site213_bit32.out,,,,,,,,,,,,,,,,
213,33,MASKED,MASKED_UNFLAGGED,,,,HeCBench/results/llvm17_inject/jacobi/pointer/site213_bit33.out,,,,,,,,,,,,,,,,
213,34,MASKED,MASKED_UNFLAGGED,,,,HeCBench/results/llvm17_inject/jacobi/pointer/site213_bit34.out,,,,,,,,,,,,,,,,
213,35,MASKED,MASKED_UNFLAGGED,,,,HeCBench/results/llvm17_inject/jacobi/pointer/site213_bit35.out,,,,,,,,,,,,,,,,
213,36,MASKED,MASKED_UNFLAGGED,,,,HeCBench/results/llvm17_inject/jacobi/pointer/site213_bit36.out,,,,,,,,,,,,,,,,
213,37,MASKED,MASKED_UNFLAGGED,,,,HeCBench/results/llvm17_inject/jacobi/pointer/site213_bit37.out,,,,,,,,,,,,,,,,
213,38,MASKED,MASKED_UNFLAGGED,,,,HeCBench/results/llvm17_inject/jacobi/pointer/site213_bit38.out,,,,,,,,,,,,,,,,
213,39,MASKED,MASKED_UNFLAGGED,,,,HeCBench/results/llvm17_inject/jacobi/pointer/site213_bit39.out,,,,,,,,,,,,,,,,
213,40,MASKED,MASKED_UNFLAGGED,,,,HeCBench/results/llvm17_inject/jacobi/pointer/site213_bit40.out,,,,,,,,,,,,,,,,
213,41,MASKED,MASKED_UNFLAGGED,,,,HeCBench/results/llvm17_inject/jacobi/pointer/site213_bit41.out,,,,,,,,,,,,,,,,
213,42,MASKED,MASKED_UNFLAGGED,,,,HeCBench/results/llvm17_inject/jacobi/pointer/site213_bit42.out,,,,,,,,,,,,,,,,
213,43,MASKED,MASKED_UNFLAGGED,,,,HeCBench/results/llvm17_inject/jacobi/pointer/site213_bit43.out,,,,,,,,,,,,,,,,
213,44,MASKED,MASKED_UNFLAGGED,,,,HeCBench/results/llvm17_inject/jacobi/pointer/site213_bit44.out,,,,,,,,,,,,,,,,
213,45,MASKED,MASKED_UNFLAGGED,,,,HeCBench/results/llvm17_inject/jacobi/pointer/site213_bit45.out,,,,,,,,,,,,,,,,
213,46,MASKED,MASKED_UNFLAGGED,,,,HeCBench/results/llvm17_inject/jacobi/pointer/site213_bit46.out,,,,,,,,,,,,,,,,
213,47,MASKED,MASKED_UNFLAGGED,,,,HeCBench/results/llvm17_inject/jacobi/pointer/site213_bit47.out,,,,,,,,,,,,,,,,
213,48,MASKED,MASKED_UNFLAGGED,,,,HeCBench/results/llvm17_inject/jacobi/pointer/site213_bit48.out,,,,,,,,,,,,,,,,
213,49,MASKED,MASKED_UNFLAGGED,,,,HeCBench/results/llvm17_inject/jacobi/pointer/site213_bit49.out,,,,,,,,,,,,,,,,
213,50,MASKED,MASKED_UNFLAGGED,,,,HeCBench/results/llvm17_inject/jacobi/pointer/site213_bit50.out,,,,,,,,,,,,,,,,
213,51,MASKED,MASKED_UNFLAGGED,,,,HeCBench/results/llvm17_inject/jacobi/pointer/site213_bit51.out,,,,,,,,,,,,,,,,
213,52,MASKED,MASKED_UNFLAGGED,,,,HeCBench/results/llvm17_inject/jacobi/pointer/site213_bit52.out,,,,,,,,,,,,,,,,
213,53,MASKED,MASKED_UNFLAGGED,,,,HeCBench/results/llvm17_inject/jacobi/pointer/site213_bit53.out,,,,,,,,,,,,,,,,
213,54,MASKED,MASKED_UNFLAGGED,,,,HeCBench/results/llvm17_inject/jacobi/pointer/site213_bit54.out,,,,,,,,,,,,,,,,
213,55,MASKED,MASKED_UNFLAGGED,,,,HeCBench/results/llvm17_inject/jacobi/pointer/site213_bit55.out,,,,,,,,,,,,,,,,
213,56,MASKED,MASKED_UNFLAGGED,,,,HeCBench/results/llvm17_inject/jacobi/pointer/site213_bit56.out,,,,,,,,,,,,,,,,
213,57,MASKED,MASKED_UNFLAGGED,,,,HeCBench/results/llvm17_inject/jacobi/pointer/site213_bit57.out,,,,,,,,,,,,,,,,
213,58,MASKED,MASKED_UNFLAGGED,,,,HeCBench/results/llvm17_inject/jacobi/pointer/site213_bit58.out,,,,,,,,,,,,,,,,
213,59,MASKED,MASKED_UNFLAGGED,,,,HeCBench/results/llvm17_inject/jacobi/pointer/site213_bit59.out,,,,,,,,,,,,,,,,
213,60,MASKED,MASKED_UNFLAGGED,,,,HeCBench/results/llvm17_inject/jacobi/pointer/site213_bit60.out,,,,,,,,,,,,,,,,
213,61,MASKED,MASKED_UNFLAGGED,,,,HeCBench/results/llvm17_inject/jacobi/pointer/site213_bit61.out,,,,,,,,,,,,,,,,
213,62,MASKED,MASKED_UNFLAGGED,,,,HeCBench/results/llvm17_inject/jacobi/pointer/site213_bit62.out,,,,,,,,,,,,,,,,
213,63,MASKED,MASKED_UNFLAGGED,,,,HeCBench/results/llvm17_inject/jacobi/pointer/site213_bit63.out,,,,,,,,,,,,,,,,
214,0,MASKED,MASKED_UNFLAGGED,,,,HeCBench/results/llvm17_inject/jacobi/pointer/site214_bit0.out,,,,,,,,,,,,,,,,
214,1,MASKED,MASKED_UNFLAGGED,,,,HeCBench/results/llvm17_inject/jacobi/pointer/site214_bit1.out,,,,,,,,,,,,,,,,
214,2,MASKED,MASKED_UNFLAGGED,,,,HeCBench/results/llvm17_inject/jacobi/pointer/site214_bit2.out,,,,,,,,,,,,,,,,
214,3,MASKED,MASKED_UNFLAGGED,,,,HeCBench/results/llvm17_inject/jacobi/pointer/site214_bit3.out,,,,,,,,,,,,,,,,
214,4,MASKED,MASKED_UNFLAGGED,,,,HeCBench/results/llvm17_inject/jacobi/pointer/site214_bit4.out,,,,,,,,,,,,,,,,
214,5,MASKED,MASKED_UNFLAGGED,,,,HeCBench/results/llvm17_inject/jacobi/pointer/site214_bit5.out,,,,,,,,,,,,,,,,
214,6,MASKED,MASKED_UNFLAGGED,,,,HeCBench/results/llvm17_inject/jacobi/pointer/site214_bit6.out,,,,,,,,,,,,,,,,
214,7,MASKED,MASKED_UNFLAGGED,,,,HeCBench/results/llvm17_inject/jacobi/pointer/site214_bit7.out,,,,,,,,,,,,,,,,
214,8,MASKED,MASKED_UNFLAGGED,,,,HeCBench/results/llvm17_inject/jacobi/pointer/site214_bit8.out,,,,,,,,,,,,,,,,
214,9,MASKED,MASKED_UNFLAGGED,,,,HeCBench/results/llvm17_inject/jacobi/pointer/site214_bit9.out,,,,,,,,,,,,,,,,
214,10,MASKED,MASKED_UNFLAGGED,,,,HeCBench/results/llvm17_inject/jacobi/pointer/site214_bit10.out,,,,,,,,,,,,,,,,
214,11,MASKED,MASKED_UNFLAGGED,,,,HeCBench/results/llvm17_inject/jacobi/pointer/site214_bit11.out,,,,,,,,,,,,,,,,
214,12,MASKED,MASKED_UNFLAGGED,,,,HeCBench/results/llvm17_inject/jacobi/pointer/site214_bit12.out,,,,,,,,,,,,,,,,
214,13,MASKED,MASKED_UNFLAGGED,,,,HeCBench/results/llvm17_inject/jacobi/pointer/site214_bit13.out,,,,,,,,,,,,,,,,
214,14,MASKED,MASKED_UNFLAGGED,,,,HeCBench/results/llvm17_inject/jacobi/pointer/site214_bit14.out,,,,,,,,,,,,,,,,
214,15,MASKED,MASKED_UNFLAGGED,,,,HeCBench/results/llvm17_inject/jacobi/pointer/site214_bit15.out,,,,,,,,,,,,,,,,
214,16,MASKED,MASKED_UNFLAGGED,,,,HeCBench/results/llvm17_inject/jacobi/pointer/site214_bit16.out,,,,,,,,,,,,,,,,
214,17,MASKED,MASKED_UNFLAGGED,,,,HeCBench/results/llvm17_inject/jacobi/pointer/site214_bit17.out,,,,,,,,,,,,,,,,
214,18,MASKED,MASKED_UNFLAGGED,,,,HeCBench/results/llvm17_inject/jacobi/pointer/site214_bit18.out,,,,,,,,,,,,,,,,
214,19,MASKED,MASKED_UNFLAGGED,,,,HeCBench/results/llvm17_inject/jacobi/pointer/site214_bit19.out,,,,,,,,,,,,,,,,
214,20,MASKED,MASKED_UNFLAGGED,,,,HeCBench/results/llvm17_inject/jacobi/pointer/site214_bit20.out,,,,,,,,,,,,,,,,
214,21,MASKED,MASKED_UNFLAGGED,,,,HeCBench/results/llvm17_inject/jacobi/pointer/site214_bit21.out,,,,,,,,,,,,,,,,
214,22,MASKED,MASKED_UNFLAGGED,,,,HeCBench/results/llvm17_inject/jacobi/pointer/site214_bit22.out,,,,,,,,,,,,,,,,
214,23,MASKED,MASKED_UNFLAGGED,,,,HeCBench/results/llvm17_inject/jacobi/pointer/site214_bit23.out,,,,,,,,,,,,,,,,
214,24,MASKED,MASKED_UNFLAGGED,,,,HeCBench/results/llvm17_inject/jacobi/pointer/site214_bit24.out,,,,,,,,,,,,,,,,
214,25,MASKED,MASKED_UNFLAGGED,,,,HeCBench/results/llvm17_inject/jacobi/pointer/site214_bit25.out,,,,,,,,,,,,,,,,
214,26,MASKED,MASKED_UNFLAGGED,,,,HeCBench/results/llvm17_inject/jacobi/pointer/site214_bit26.out,,,,,,,,,,,,,,,,
214,27,MASKED,MASKED_UNFLAGGED,,,,HeCBench/results/llvm17_inject/jacobi/pointer/site214_bit27.out,,,,,,,,,,,,,,,,
214,28,MASKED,MASKED_UNFLAGGED,,,,HeCBench/results/llvm17_inject/jacobi/pointer/site214_bit28.out,,,,,,,,,,,,,,,,
214,29,MASKED,MASKED_UNFLAGGED,,,,HeCBench/results/llvm17_inject/jacobi/pointer/site214_bit29.out,,,,,,,,,,,,,,,,
214,30,MASKED,MASKED_UNFLAGGED,,,,HeCBench/results/llvm17_inject/jacobi/pointer/site214_bit30.out,,,,,,,,,,,,,,,,
214,31,MASKED,MASKED_UNFLAGGED,,,,HeCBench/results/llvm17_inject/jacobi/pointer/site214_bit31.out,,,,,,,,,,,,,,,,
214,32,MASKED,MASKED_UNFLAGGED,,,,HeCBench/results/llvm17_inject/jacobi/pointer/site214_bit32.out,,,,,,,,,,,,,,,,
214,33,MASKED,MASKED_UNFLAGGED,,,,HeCBench/results/llvm17_inject/jacobi/pointer/site214_bit33.out,,,,,,,,,,,,,,,,
214,34,MASKED,MASKED_UNFLAGGED,,,,HeCBench/results/llvm17_inject/jacobi/pointer/site214_bit34.out,,,,,,,,,,,,,,,,
214,35,MASKED,MASKED_UNFLAGGED,,,,HeCBench/results/llvm17_inject/jacobi/pointer/site214_bit35.out,,,,,,,,,,,,,,,,
214,36,MASKED,MASKED_UNFLAGGED,,,,HeCBench/results/llvm17_inject/jacobi/pointer/site214_bit36.out,,,,,,,,,,,,,,,,
214,37,MASKED,MASKED_UNFLAGGED,,,,HeCBench/results/llvm17_inject/jacobi/pointer/site214_bit37.out,,,,,,,,,,,,,,,,
214,38,MASKED,MASKED_UNFLAGGED,,,,HeCBench/results/llvm17_inject/jacobi/pointer/site214_bit38.out,,,,,,,,,,,,,,,,
214,39,MASKED,MASKED_UNFLAGGED,,,,HeCBench/results/llvm17_inject/jacobi/pointer/site214_bit39.out,,,,,,,,,,,,,,,,
214,40,MASKED,MASKED_UNFLAGGED,,,,HeCBench/results/llvm17_inject/jacobi/pointer/site214_bit40.out,,,,,,,,,,,,,,,,
214,41,MASKED,MASKED_UNFLAGGED,,,,HeCBench/results/llvm17_inject/jacobi/pointer/site214_bit41.out,,,,,,,,,,,,,,,,
214,42,MASKED,MASKED_UNFLAGGED,,,,HeCBench/results/llvm17_inject/jacobi/pointer/site214_bit42.out,,,,,,,,,,,,,,,,
214,43,MASKED,MASKED_UNFLAGGED,,,,HeCBench/results/llvm17_inject/jacobi/pointer/site214_bit43.out,,,,,,,,,,,,,,,,
214,44,MASKED,MASKED_UNFLAGGED,,,,HeCBench/results/llvm17_inject/jacobi/pointer/site214_bit44.out,,,,,,,,,,,,,,,,
214,45,MASKED,MASKED_UNFLAGGED,,,,HeCBench/results/llvm17_inject/jacobi/pointer/site214_bit45.out,,,,,,,,,,,,,,,,
214,46,MASKED,MASKED_UNFLAGGED,,,,HeCBench/results/llvm17_inject/jacobi/pointer/site214_bit46.out,,,,,,,,,,,,,,,,
214,47,MASKED,MASKED_UNFLAGGED,,,,HeCBench/results/llvm17_inject/jacobi/pointer/site214_bit47.out,,,,,,,,,,,,,,,,
214,48,MASKED,MASKED_UNFLAGGED,,,,HeCBench/results/llvm17_inject/jacobi/pointer/site214_bit48.out,,,,,,,,,,,,,,,,
214,49,MASKED,MASKED_UNFLAGGED,,,,HeCBench/results/llvm17_inject/jacobi/pointer/site214_bit49.out,,,,,,,,,,,,,,,,
214,50,MASKED,MASKED_UNFLAGGED,,,,HeCBench/results/llvm17_inject/jacobi/pointer/site214_bit50.out,,,,,,,,,,,,,,,,
214,51,MASKED,MASKED_UNFLAGGED,,,,HeCBench/results/llvm17_inject/jacobi/pointer/site214_bit51.out,,,,,,,,,,,,,,,,
214,52,MASKED,MASKED_UNFLAGGED,,,,HeCBench/results/llvm17_inject/jacobi/pointer/site214_bit52.out,,,,,,,,,,,,,,,,
214,53,MASKED,MASKED_UNFLAGGED,,,,HeCBench/results/llvm17_inject/jacobi/pointer/site214_bit53.out,,,,,,,,,,,,,,,,
214,54,MASKED,MASKED_UNFLAGGED,,,,HeCBench/results/llvm17_inject/jacobi/pointer/site214_bit54.out,,,,,,,,,,,,,,,,
214,55,MASKED,MASKED_UNFLAGGED,,,,HeCBench/results/llvm17_inject/jacobi/pointer/site214_bit55.out,,,,,,,,,,,,,,,,
214,56,MASKED,MASKED_UNFLAGGED,,,,HeCBench/results/llvm17_inject/jacobi/pointer/site214_bit56.out,,,,,,,,,,,,,,,,
214,57,MASKED,MASKED_UNFLAGGED,,,,HeCBench/results/llvm17_inject/jacobi/pointer/site214_bit57.out,,,,,,,,,,,,,,,,
214,58,MASKED,MASKED_UNFLAGGED,,,,HeCBench/results/llvm17_inject/jacobi/pointer/site214_bit58.out,,,,,,,,,,,,,,,,
214,59,MASKED,MASKED_UNFLAGGED,,,,HeCBench/results/llvm17_inject/jacobi/pointer/site214_bit59.out,,,,,,,,,,,,,,,,
214,60,MASKED,MASKED_UNFLAGGED,,,,HeCBench/results/llvm17_inject/jacobi/pointer/site214_bit60.out,,,,,,,,,,,,,,,,
214,61,MASKED,MASKED_UNFLAGGED,,,,HeCBench/results/llvm17_inject/jacobi/pointer/site214_bit61.out,,,,,,,,,,,,,,,,
214,62,MASKED,MASKED_UNFLAGGED,,,,HeCBench/results/llvm17_inject/jacobi/pointer/site214_bit62.out,,,,,,,,,,,,,,,,
214,63,MASKED,MASKED_UNFLAGGED,,,,HeCBench/results/llvm17_inject/jacobi/pointer/site214_bit63.out,,,,,,,,,,,,,,,,
215,0,MASKED,MASKED_UNFLAGGED,,,,HeCBench/results/llvm17_inject/jacobi/pointer/site215_bit0.out,,,,,,,,,,,,,,,,
215,1,MASKED,MASKED_UNFLAGGED,,,,HeCBench/results/llvm17_inject/jacobi/pointer/site215_bit1.out,,,,,,,,,,,,,,,,
215,2,MASKED,MASKED_UNFLAGGED,,,,HeCBench/results/llvm17_inject/jacobi/pointer/site215_bit2.out,,,,,,,,,,,,,,,,
215,3,MASKED,MASKED_UNFLAGGED,,,,HeCBench/results/llvm17_inject/jacobi/pointer/site215_bit3.out,,,,,,,,,,,,,,,,
215,4,MASKED,MASKED_UNFLAGGED,,,,HeCBench/results/llvm17_inject/jacobi/pointer/site215_bit4.out,,,,,,,,,,,,,,,,
215,5,MASKED,MASKED_UNFLAGGED,,,,HeCBench/results/llvm17_inject/jacobi/pointer/site215_bit5.out,,,,,,,,,,,,,,,,
215,6,MASKED,MASKED_UNFLAGGED,,,,HeCBench/results/llvm17_inject/jacobi/pointer/site215_bit6.out,,,,,,,,,,,,,,,,
215,7,MASKED,MASKED_UNFLAGGED,,,,HeCBench/results/llvm17_inject/jacobi/pointer/site215_bit7.out,,,,,,,,,,,,,,,,
215,8,MASKED,MASKED_UNFLAGGED,,,,HeCBench/results/llvm17_inject/jacobi/pointer/site215_bit8.out,,,,,,,,,,,,,,,,
215,9,MASKED,MASKED_UNFLAGGED,,,,HeCBench/results/llvm17_inject/jacobi/pointer/site215_bit9.out,,,,,,,,,,,,,,,,
215,10,MASKED,MASKED_UNFLAGGED,,,,HeCBench/results/llvm17_inject/jacobi/pointer/site215_bit10.out,,,,,,,,,,,,,,,,
215,11,MASKED,MASKED_UNFLAGGED,,,,HeCBench/results/llvm17_inject/jacobi/pointer/site215_bit11.out,,,,,,,,,,,,,,,,
215,12,MASKED,MASKED_UNFLAGGED,,,,HeCBench/results/llvm17_inject/jacobi/pointer/site215_bit12.out,,,,,,,,,,,,,,,,
215,13,MASKED,MASKED_UNFLAGGED,,,,HeCBench/results/llvm17_inject/jacobi/pointer/site215_bit13.out,,,,,,,,,,,,,,,,
215,14,MASKED,MASKED_UNFLAGGED,,,,HeCBench/results/llvm17_inject/jacobi/pointer/site215_bit14.out,,,,,,,,,,,,,,,,
215,15,MASKED,MASKED_UNFLAGGED,,,,HeCBench/results/llvm17_inject/jacobi/pointer/site215_bit15.out,,,,,,,,,,,,,,,,
215,16,MASKED,MASKED_UNFLAGGED,,,,HeCBench/results/llvm17_inject/jacobi/pointer/site215_bit16.out,,,,,,,,,,,,,,,,
215,17,MASKED,MASKED_UNFLAGGED,,,,HeCBench/results/llvm17_inject/jacobi/pointer/site215_bit17.out,,,,,,,,,,,,,,,,
215,18,MASKED,MASKED_UNFLAGGED,,,,HeCBench/results/llvm17_inject/jacobi/pointer/site215_bit18.out,,,,,,,,,,,,,,,,
215,19,MASKED,MASKED_UNFLAGGED,,,,HeCBench/results/llvm17_inject/jacobi/pointer/site215_bit19.out,,,,,,,,,,,,,,,,
215,20,MASKED,MASKED_UNFLAGGED,,,,HeCBench/results/llvm17_inject/jacobi/pointer/site215_bit20.out,,,,,,,,,,,,,,,,
215,21,MASKED,MASKED_UNFLAGGED,,,,HeCBench/results/llvm17_inject/jacobi/pointer/site215_bit21.out,,,,,,,,,,,,,,,,
215,22,MASKED,MASKED_UNFLAGGED,,,,HeCBench/results/llvm17_inject/jacobi/pointer/site215_bit22.out,,,,,,,,,,,,,,,,
215,23,MASKED,MASKED_UNFLAGGED,,,,HeCBench/results/llvm17_inject/jacobi/pointer/site215_bit23.out,,,,,,,,,,,,,,,,
215,24,MASKED,MASKED_UNFLAGGED,,,,HeCBench/results/llvm17_inject/jacobi/pointer/site215_bit24.out,,,,,,,,,,,,,,,,
215,25,MASKED,MASKED_UNFLAGGED,,,,HeCBench/results/llvm17_inject/jacobi/pointer/site215_bit25.out,,,,,,,,,,,,,,,,
215,26,MASKED,MASKED_UNFLAGGED,,,,HeCBench/results/llvm17_inject/jacobi/pointer/site215_bit26.out,,,,,,,,,,,,,,,,
215,27,MASKED,MASKED_UNFLAGGED,,,,HeCBench/results/llvm17_inject/jacobi/pointer/site215_bit27.out,,,,,,,,,,,,,,,,
215,28,MASKED,MASKED_UNFLAGGED,,,,HeCBench/results/llvm17_inject/jacobi/pointer/site215_bit28.out,,,,,,,,,,,,,,,,
215,29,MASKED,MASKED_UNFLAGGED,,,,HeCBench/results/llvm17_inject/jacobi/pointer/site215_bit29.out,,,,,,,,,,,,,,,,
215,30,MASKED,MASKED_UNFLAGGED,,,,HeCBench/results/llvm17_inject/jacobi/pointer/site215_bit30.out,,,,,,,,,,,,,,,,
215,31,MASKED,MASKED_UNFLAGGED,,,,HeCBench/results/llvm17_inject/jacobi/pointer/site215_bit31.out,,,,,,,,,,,,,,,,
215,32,MASKED,MASKED_UNFLAGGED,,,,HeCBench/results/llvm17_inject/jacobi/pointer/site215_bit32.out,,,,,,,,,,,,,,,,
215,33,MASKED,MASKED_UNFLAGGED,,,,HeCBench/results/llvm17_inject/jacobi/pointer/site215_bit33.out,,,,,,,,,,,,,,,,
215,34,MASKED,MASKED_UNFLAGGED,,,,HeCBench/results/llvm17_inject/jacobi/pointer/site215_bit34.out,,,,,,,,,,,,,,,,
215,35,MASKED,MASKED_UNFLAGGED,,,,HeCBench/results/llvm17_inject/jacobi/pointer/site215_bit35.out,,,,,,,,,,,,,,,,
215,36,MASKED,MASKED_UNFLAGGED,,,,HeCBench/results/llvm17_inject/jacobi/pointer/site215_bit36.out,,,,,,,,,,,,,,,,
215,37,MASKED,MASKED_UNFLAGGED,,,,HeCBench/results/llvm17_inject/jacobi/pointer/site215_bit37.out,,,,,,,,,,,,,,,,
215,38,MASKED,MASKED_UNFLAGGED,,,,HeCBench/results/llvm17_inject/jacobi/pointer/site215_bit38.out,,,,,,,,,,,,,,,,
215,39,MASKED,MASKED_UNFLAGGED,,,,HeCBench/results/llvm17_inject/jacobi/pointer/site215_bit39.out,,,,,,,,,,,,,,,,
215,40,MASKED,MASKED_UNFLAGGED,,,,HeCBench/results/llvm17_inject/jacobi/pointer/site215_bit40.out,,,,,,,,,,,,,,,,
215,41,MASKED,MASKED_UNFLAGGED,,,,HeCBench/results/llvm17_inject/jacobi/pointer/site215_bit41.out,,,,,,,,,,,,,,,,
215,42,MASKED,MASKED_UNFLAGGED,,,,HeCBench/results/llvm17_inject/jacobi/pointer/site215_bit42.out,,,,,,,,,,,,,,,,
215,43,MASKED,MASKED_UNFLAGGED,,,,HeCBench/results/llvm17_inject/jacobi/pointer/site215_bit43.out,,,,,,,,,,,,,,,,
215,44,MASKED,MASKED_UNFLAGGED,,,,HeCBench/results/llvm17_inject/jacobi/pointer/site215_bit44.out,,,,,,,,,,,,,,,,
215,45,MASKED,MASKED_UNFLAGGED,,,,HeCBench/results/llvm17_inject/jacobi/pointer/site215_bit45.out,,,,,,,,,,,,,,,,
215,46,MASKED,MASKED_UNFLAGGED,,,,HeCBench/results/llvm17_inject/jacobi/pointer/site215_bit46.out,,,,,,,,,,,,,,,,
215,47,MASKED,MASKED_UNFLAGGED,,,,HeCBench/results/llvm17_inject/jacobi/pointer/site215_bit47.out,,,,,,,,,,,,,,,,
215,48,MASKED,MASKED_UNFLAGGED,,,,HeCBench/results/llvm17_inject/jacobi/pointer/site215_bit48.out,,,,,,,,,,,,,,,,
215,49,MASKED,MASKED_UNFLAGGED,,,,HeCBench/results/llvm17_inject/jacobi/pointer/site215_bit49.out,,,,,,,,,,,,,,,,
215,50,MASKED,MASKED_UNFLAGGED,,,,HeCBench/results/llvm17_inject/jacobi/pointer/site215_bit50.out,,,,,,,,,,,,,,,,
215,51,MASKED,MASKED_UNFLAGGED,,,,HeCBench/results/llvm17_inject/jacobi/pointer/site215_bit51.out,,,,,,,,,,,,,,,,
215,52,MASKED,MASKED_UNFLAGGED,,,,HeCBench/results/llvm17_inject/jacobi/pointer/site215_bit52.out,,,,,,,,,,,,,,,,
215,53,MASKED,MASKED_UNFLAGGED,,,,HeCBench/results/llvm17_inject/jacobi/pointer/site215_bit53.out,,,,,,,,,,,,,,,,
215,54,MASKED,MASKED_UNFLAGGED,,,,HeCBench/results/llvm17_inject/jacobi/pointer/site215_bit54.out,,,,,,,,,,,,,,,,
215,55,MASKED,MASKED_UNFLAGGED,,,,HeCBench/results/llvm17_inject/jacobi/pointer/site215_bit55.out,,,,,,,,,,,,,,,,
215,56,MASKED,MASKED_UNFLAGGED,,,,HeCBench/results/llvm17_inject/jacobi/pointer/site215_bit56.out,,,,,,,,,,,,,,,,
215,57,MASKED,MASKED_UNFLAGGED,,,,HeCBench/results/llvm17_inject/jacobi/pointer/site215_bit57.out,,,,,,,,,,,,,,,,
215,58,MASKED,MASKED_UNFLAGGED,,,,HeCBench/results/llvm17_inject/jacobi/pointer/site215_bit58.out,,,,,,,,,,,,,,,,
215,59,MASKED,MASKED_UNFLAGGED,,,,HeCBench/results/llvm17_inject/jacobi/pointer/site215_bit59.out,,,,,,,,,,,,,,,,
215,60,MASKED,MASKED_UNFLAGGED,,,,HeCBench/results/llvm17_inject/jacobi/pointer/site215_bit60.out,,,,,,,,,,,,,,,,
215,61,MASKED,MASKED_UNFLAGGED,,,,HeCBench/results/llvm17_inject/jacobi/pointer/site215_bit61.out,,,,,,,,,,,,,,,,
215,62,MASKED,MASKED_UNFLAGGED,,,,HeCBench/results/llvm17_inject/jacobi/pointer/site215_bit62.out,,,,,,,,,,,,,,,,
215,63,MASKED,MASKED_UNFLAGGED,,,,HeCBench/results/llvm17_inject/jacobi/pointer/site215_bit63.out,,,,,,,,,,,,,,,,
216,0,MASKED,MASKED_UNFLAGGED,,,,HeCBench/results/llvm17_inject/jacobi/pointer/site216_bit0.out,,,,,,,,,,,,,,,,
216,1,MASKED,MASKED_UNFLAGGED,,,,HeCBench/results/llvm17_inject/jacobi/pointer/site216_bit1.out,,,,,,,,,,,,,,,,
216,2,MASKED,MASKED_UNFLAGGED,,,,HeCBench/results/llvm17_inject/jacobi/pointer/site216_bit2.out,,,,,,,,,,,,,,,,
216,3,MASKED,MASKED_UNFLAGGED,,,,HeCBench/results/llvm17_inject/jacobi/pointer/site216_bit3.out,,,,,,,,,,,,,,,,
216,4,MASKED,MASKED_UNFLAGGED,,,,HeCBench/results/llvm17_inject/jacobi/pointer/site216_bit4.out,,,,,,,,,,,,,,,,
216,5,MASKED,MASKED_UNFLAGGED,,,,HeCBench/results/llvm17_inject/jacobi/pointer/site216_bit5.out,,,,,,,,,,,,,,,,
216,6,MASKED,MASKED_UNFLAGGED,,,,HeCBench/results/llvm17_inject/jacobi/pointer/site216_bit6.out,,,,,,,,,,,,,,,,
216,7,MASKED,MASKED_UNFLAGGED,,,,HeCBench/results/llvm17_inject/jacobi/pointer/site216_bit7.out,,,,,,,,,,,,,,,,
216,8,MASKED,MASKED_UNFLAGGED,,,,HeCBench/results/llvm17_inject/jacobi/pointer/site216_bit8.out,,,,,,,,,,,,,,,,
216,9,MASKED,MASKED_UNFLAGGED,,,,HeCBench/results/llvm17_inject/jacobi/pointer/site216_bit9.out,,,,,,,,,,,,,,,,
216,10,MASKED,MASKED_UNFLAGGED,,,,HeCBench/results/llvm17_inject/jacobi/pointer/site216_bit10.out,,,,,,,,,,,,,,,,
216,11,MASKED,MASKED_UNFLAGGED,,,,HeCBench/results/llvm17_inject/jacobi/pointer/site216_bit11.out,,,,,,,,,,,,,,,,
216,12,MASKED,MASKED_UNFLAGGED,,,,HeCBench/results/llvm17_inject/jacobi/pointer/site216_bit12.out,,,,,,,,,,,,,,,,
216,13,MASKED,MASKED_UNFLAGGED,,,,HeCBench/results/llvm17_inject/jacobi/pointer/site216_bit13.out,,,,,,,,,,,,,,,,
216,14,MASKED,MASKED_UNFLAGGED,,,,HeCBench/results/llvm17_inject/jacobi/pointer/site216_bit14.out,,,,,,,,,,,,,,,,
216,15,MASKED,MASKED_UNFLAGGED,,,,HeCBench/results/llvm17_inject/jacobi/pointer/site216_bit15.out,,,,,,,,,,,,,,,,
216,16,MASKED,MASKED_UNFLAGGED,,,,HeCBench/results/llvm17_inject/jacobi/pointer/site216_bit16.out,,,,,,,,,,,,,,,,
216,17,MASKED,MASKED_UNFLAGGED,,,,HeCBench/results/llvm17_inject/jacobi/pointer/site216_bit17.out,,,,,,,,,,,,,,,,
216,18,MASKED,MASKED_UNFLAGGED,,,,HeCBench/results/llvm17_inject/jacobi/pointer/site216_bit18.out,,,,,,,,,,,,,,,,
216,19,MASKED,MASKED_UNFLAGGED,,,,HeCBench/results/llvm17_inject/jacobi/pointer/site216_bit19.out,,,,,,,,,,,,,,,,
216,20,MASKED,MASKED_UNFLAGGED,,,,HeCBench/results/llvm17_inject/jacobi/pointer/site216_bit20.out,,,,,,,,,,,,,,,,
216,21,MASKED,MASKED_UNFLAGGED,,,,HeCBench/results/llvm17_inject/jacobi/pointer/site216_bit21.out,,,,,,,,,,,,,,,,
216,22,MASKED,MASKED_UNFLAGGED,,,,HeCBench/results/llvm17_inject/jacobi/pointer/site216_bit22.out,,,,,,,,,,,,,,,,
216,23,MASKED,MASKED_UNFLAGGED,,,,HeCBench/results/llvm17_inject/jacobi/pointer/site216_bit23.out,,,,,,,,,,,,,,,,
216,24,MASKED,MASKED_UNFLAGGED,,,,HeCBench/results/llvm17_inject/jacobi/pointer/site216_bit24.out,,,,,,,,,,,,,,,,
216,25,MASKED,MASKED_UNFLAGGED,,,,HeCBench/results/llvm17_inject/jacobi/pointer/site216_bit25.out,,,,,,,,,,,,,,,,
216,26,MASKED,MASKED_UNFLAGGED,,,,HeCBench/results/llvm17_inject/jacobi/pointer/site216_bit26.out,,,,,,,,,,,,,,,,
216,27,MASKED,MASKED_UNFLAGGED,,,,HeCBench/results/llvm17_inject/jacobi/pointer/site216_bit27.out,,,,,,,,,,,,,,,,
216,28,MASKED,MASKED_UNFLAGGED,,,,HeCBench/results/llvm17_inject/jacobi/pointer/site216_bit28.out,,,,,,,,,,,,,,,,
216,29,MASKED,MASKED_UNFLAGGED,,,,HeCBench/results/llvm17_inject/jacobi/pointer/site216_bit29.out,,,,,,,,,,,,,,,,
216,30,MASKED,MASKED_UNFLAGGED,,,,HeCBench/results/llvm17_inject/jacobi/pointer/site216_bit30.out,,,,,,,,,,,,,,,,
216,31,MASKED,MASKED_UNFLAGGED,,,,HeCBench/results/llvm17_inject/jacobi/pointer/site216_bit31.out,,,,,,,,,,,,,,,,
216,32,MASKED,MASKED_UNFLAGGED,,,,HeCBench/results/llvm17_inject/jacobi/pointer/site216_bit32.out,,,,,,,,,,,,,,,,
216,33,MASKED,MASKED_UNFLAGGED,,,,HeCBench/results/llvm17_inject/jacobi/pointer/site216_bit33.out,,,,,,,,,,,,,,,,
216,34,MASKED,MASKED_UNFLAGGED,,,,HeCBench/results/llvm17_inject/jacobi/pointer/site216_bit34.out,,,,,,,,,,,,,,,,
216,35,MASKED,MASKED_UNFLAGGED,,,,HeCBench/results/llvm17_inject/jacobi/pointer/site216_bit35.out,,,,,,,,,,,,,,,,
216,36,MASKED,MASKED_UNFLAGGED,,,,HeCBench/results/llvm17_inject/jacobi/pointer/site216_bit36.out,,,,,,,,,,,,,,,,
216,37,MASKED,MASKED_UNFLAGGED,,,,HeCBench/results/llvm17_inject/jacobi/pointer/site216_bit37.out,,,,,,,,,,,,,,,,
216,38,MASKED,MASKED_UNFLAGGED,,,,HeCBench/results/llvm17_inject/jacobi/pointer/site216_bit38.out,,,,,,,,,,,,,,,,
216,39,MASKED,MASKED_UNFLAGGED,,,,HeCBench/results/llvm17_inject/jacobi/pointer/site216_bit39.out,,,,,,,,,,,,,,,,
216,40,MASKED,MASKED_UNFLAGGED,,,,HeCBench/results/llvm17_inject/jacobi/pointer/site216_bit40.out,,,,,,,,,,,,,,,,
216,41,MASKED,MASKED_UNFLAGGED,,,,HeCBench/results/llvm17_inject/jacobi/pointer/site216_bit41.out,,,,,,,,,,,,,,,,
216,42,MASKED,MASKED_UNFLAGGED,,,,HeCBench/results/llvm17_inject/jacobi/pointer/site216_bit42.out,,,,,,,,,,,,,,,,
216,43,MASKED,MASKED_UNFLAGGED,,,,HeCBench/results/llvm17_inject/jacobi/pointer/site216_bit43.out,,,,,,,,,,,,,,,,
216,44,MASKED,MASKED_UNFLAGGED,,,,HeCBench/results/llvm17_inject/jacobi/pointer/site216_bit44.out,,,,,,,,,,,,,,,,
216,45,MASKED,MASKED_UNFLAGGED,,,,HeCBench/results/llvm17_inject/jacobi/pointer/site216_bit45.out,,,,,,,,,,,,,,,,
216,46,MASKED,MASKED_UNFLAGGED,,,,HeCBench/results/llvm17_inject/jacobi/pointer/site216_bit46.out,,,,,,,,,,,,,,,,
216,47,MASKED,MASKED_UNFLAGGED,,,,HeCBench/results/llvm17_inject/jacobi/pointer/site216_bit47.out,,,,,,,,,,,,,,,,
216,48,MASKED,MASKED_UNFLAGGED,,,,HeCBench/results/llvm17_inject/jacobi/pointer/site216_bit48.out,,,,,,,,,,,,,,,,
216,49,MASKED,MASKED_UNFLAGGED,,,,HeCBench/results/llvm17_inject/jacobi/pointer/site216_bit49.out,,,,,,,,,,,,,,,,
216,50,MASKED,MASKED_UNFLAGGED,,,,HeCBench/results/llvm17_inject/jacobi/pointer/site216_bit50.out,,,,,,,,,,,,,,,,
216,51,MASKED,MASKED_UNFLAGGED,,,,HeCBench/results/llvm17_inject/jacobi/pointer/site216_bit51.out,,,,,,,,,,,,,,,,
216,52,MASKED,MASKED_UNFLAGGED,,,,HeCBench/results/llvm17_inject/jacobi/pointer/site216_bit52.out,,,,,,,,,,,,,,,,
216,53,MASKED,MASKED_UNFLAGGED,,,,HeCBench/results/llvm17_inject/jacobi/pointer/site216_bit53.out,,,,,,,,,,,,,,,,
216,54,MASKED,MASKED_UNFLAGGED,,,,HeCBench/results/llvm17_inject/jacobi/pointer/site216_bit54.out,,,,,,,,,,,,,,,,
216,55,MASKED,MASKED_UNFLAGGED,,,,HeCBench/results/llvm17_inject/jacobi/pointer/site216_bit55.out,,,,,,,,,,,,,,,,
216,56,MASKED,MASKED_UNFLAGGED,,,,HeCBench/results/llvm17_inject/jacobi/pointer/site216_bit56.out,,,,,,,,,,,,,,,,
216,57,MASKED,MASKED_UNFLAGGED,,,,HeCBench/results/llvm17_inject/jacobi/pointer/site216_bit57.out,,,,,,,,,,,,,,,,
216,58,MASKED,MASKED_UNFLAGGED,,,,HeCBench/results/llvm17_inject/jacobi/pointer/site216_bit58.out,,,,,,,,,,,,,,,,
216,59,MASKED,MASKED_UNFLAGGED,,,,HeCBench/results/llvm17_inject/jacobi/pointer/site216_bit59.out,,,,,,,,,,,,,,,,
216,60,MASKED,MASKED_UNFLAGGED,,,,HeCBench/results/llvm17_inject/jacobi/pointer/site216_bit60.out,,,,,,,,,,,,,,,,
216,61,MASKED,MASKED_UNFLAGGED,,,,HeCBench/results/llvm17_inject/jacobi/pointer/site216_bit61.out,,,,,,,,,,,,,,,,
216,62,MASKED,MASKED_UNFLAGGED,,,,HeCBench/results/llvm17_inject/jacobi/pointer/site216_bit62.out,,,,,,,,,,,,,,,,
216,63,MASKED,MASKED_UNFLAGGED,,,,HeCBench/results/llvm17_inject/jacobi/pointer/site216_bit63.out,,,,,,,,,,,,,,,,
217,0,MASKED,MASKED_UNFLAGGED,,,,HeCBench/results/llvm17_inject/jacobi/pointer/site217_bit0.out,,,,,,,,,,,,,,,,
217,1,MASKED,MASKED_UNFLAGGED,,,,HeCBench/results/llvm17_inject/jacobi/pointer/site217_bit1.out,,,,,,,,,,,,,,,,
217,2,MASKED,MASKED_UNFLAGGED,,,,HeCBench/results/llvm17_inject/jacobi/pointer/site217_bit2.out,,,,,,,,,,,,,,,,
217,3,MASKED,MASKED_UNFLAGGED,,,,HeCBench/results/llvm17_inject/jacobi/pointer/site217_bit3.out,,,,,,,,,,,,,,,,
217,4,MASKED,MASKED_UNFLAGGED,,,,HeCBench/results/llvm17_inject/jacobi/pointer/site217_bit4.out,,,,,,,,,,,,,,,,
217,5,MASKED,MASKED_UNFLAGGED,,,,HeCBench/results/llvm17_inject/jacobi/pointer/site217_bit5.out,,,,,,,,,,,,,,,,
217,6,MASKED,MASKED_UNFLAGGED,,,,HeCBench/results/llvm17_inject/jacobi/pointer/site217_bit6.out,,,,,,,,,,,,,,,,
217,7,MASKED,MASKED_UNFLAGGED,,,,HeCBench/results/llvm17_inject/jacobi/pointer/site217_bit7.out,,,,,,,,,,,,,,,,
217,8,MASKED,MASKED_UNFLAGGED,,,,HeCBench/results/llvm17_inject/jacobi/pointer/site217_bit8.out,,,,,,,,,,,,,,,,
217,9,MASKED,MASKED_UNFLAGGED,,,,HeCBench/results/llvm17_inject/jacobi/pointer/site217_bit9.out,,,,,,,,,,,,,,,,
217,10,MASKED,MASKED_UNFLAGGED,,,,HeCBench/results/llvm17_inject/jacobi/pointer/site217_bit10.out,,,,,,,,,,,,,,,,
217,11,MASKED,MASKED_UNFLAGGED,,,,HeCBench/results/llvm17_inject/jacobi/pointer/site217_bit11.out,,,,,,,,,,,,,,,,
217,12,MASKED,MASKED_UNFLAGGED,,,,HeCBench/results/llvm17_inject/jacobi/pointer/site217_bit12.out,,,,,,,,,,,,,,,,
217,13,MASKED,MASKED_UNFLAGGED,,,,HeCBench/results/llvm17_inject/jacobi/pointer/site217_bit13.out,,,,,,,,,,,,,,,,
217,14,MASKED,MASKED_UNFLAGGED,,,,HeCBench/results/llvm17_inject/jacobi/pointer/site217_bit14.out,,,,,,,,,,,,,,,,
217,15,MASKED,MASKED_UNFLAGGED,,,,HeCBench/results/llvm17_inject/jacobi/pointer/site217_bit15.out,,,,,,,,,,,,,,,,
217,16,MASKED,MASKED_UNFLAGGED,,,,HeCBench/results/llvm17_inject/jacobi/pointer/site217_bit16.out,,,,,,,,,,,,,,,,
217,17,MASKED,MASKED_UNFLAGGED,,,,HeCBench/results/llvm17_inject/jacobi/pointer/site217_bit17.out,,,,,,,,,,,,,,,,
217,18,MASKED,MASKED_UNFLAGGED,,,,HeCBench/results/llvm17_inject/jacobi/pointer/site217_bit18.out,,,,,,,,,,,,,,,,
217,19,MASKED,MASKED_UNFLAGGED,,,,HeCBench/results/llvm17_inject/jacobi/pointer/site217_bit19.out,,,,,,,,,,,,,,,,
217,20,MASKED,MASKED_UNFLAGGED,,,,HeCBench/results/llvm17_inject/jacobi/pointer/site217_bit20.out,,,,,,,,,,,,,,,,
217,21,MASKED,MASKED_UNFLAGGED,,,,HeCBench/results/llvm17_inject/jacobi/pointer/site217_bit21.out,,,,,,,,,,,,,,,,
217,22,MASKED,MASKED_UNFLAGGED,,,,HeCBench/results/llvm17_inject/jacobi/pointer/site217_bit22.out,,,,,,,,,,,,,,,,
217,23,MASKED,MASKED_UNFLAGGED,,,,HeCBench/results/llvm17_inject/jacobi/pointer/site217_bit23.out,,,,,,,,,,,,,,,,
217,24,MASKED,MASKED_UNFLAGGED,,,,HeCBench/results/llvm17_inject/jacobi/pointer/site217_bit24.out,,,,,,,,,,,,,,,,
217,25,MASKED,MASKED_UNFLAGGED,,,,HeCBench/results/llvm17_inject/jacobi/pointer/site217_bit25.out,,,,,,,,,,,,,,,,
217,26,MASKED,MASKED_UNFLAGGED,,,,HeCBench/results/llvm17_inject/jacobi/pointer/site217_bit26.out,,,,,,,,,,,,,,,,
217,27,MASKED,MASKED_UNFLAGGED,,,,HeCBench/results/llvm17_inject/jacobi/pointer/site217_bit27.out,,,,,,,,,,,,,,,,
217,28,MASKED,MASKED_UNFLAGGED,,,,HeCBench/results/llvm17_inject/jacobi/pointer/site217_bit28.out,,,,,,,,,,,,,,,,
217,29,MASKED,MASKED_UNFLAGGED,,,,HeCBench/results/llvm17_inject/jacobi/pointer/site217_bit29.out,,,,,,,,,,,,,,,,
217,30,MASKED,MASKED_UNFLAGGED,,,,HeCBench/results/llvm17_inject/jacobi/pointer/site217_bit30.out,,,,,,,,,,,,,,,,
217,31,MASKED,MASKED_UNFLAGGED,,,,HeCBench/results/llvm17_inject/jacobi/pointer/site217_bit31.out,,,,,,,,,,,,,,,,
217,32,MASKED,MASKED_UNFLAGGED,,,,HeCBench/results/llvm17_inject/jacobi/pointer/site217_bit32.out,,,,,,,,,,,,,,,,
217,33,MASKED,MASKED_UNFLAGGED,,,,HeCBench/results/llvm17_inject/jacobi/pointer/site217_bit33.out,,,,,,,,,,,,,,,,
217,34,MASKED,MASKED_UNFLAGGED,,,,HeCBench/results/llvm17_inject/jacobi/pointer/site217_bit34.out,,,,,,,,,,,,,,,,
217,35,MASKED,MASKED_UNFLAGGED,,,,HeCBench/results/llvm17_inject/jacobi/pointer/site217_bit35.out,,,,,,,,,,,,,,,,
217,36,MASKED,MASKED_UNFLAGGED,,,,HeCBench/results/llvm17_inject/jacobi/pointer/site217_bit36.out,,,,,,,,,,,,,,,,
217,37,MASKED,MASKED_UNFLAGGED,,,,HeCBench/results/llvm17_inject/jacobi/pointer/site217_bit37.out,,,,,,,,,,,,,,,,
217,38,MASKED,MASKED_UNFLAGGED,,,,HeCBench/results/llvm17_inject/jacobi/pointer/site217_bit38.out,,,,,,,,,,,,,,,,
217,39,MASKED,MASKED_UNFLAGGED,,,,HeCBench/results/llvm17_inject/jacobi/pointer/site217_bit39.out,,,,,,,,,,,,,,,,
217,40,MASKED,MASKED_UNFLAGGED,,,,HeCBench/results/llvm17_inject/jacobi/pointer/site217_bit40.out,,,,,,,,,,,,,,,,
217,41,MASKED,MASKED_UNFLAGGED,,,,HeCBench/results/llvm17_inject/jacobi/pointer/site217_bit41.out,,,,,,,,,,,,,,,,
217,42,MASKED,MASKED_UNFLAGGED,,,,HeCBench/results/llvm17_inject/jacobi/pointer/site217_bit42.out,,,,,,,,,,,,,,,,
217,43,MASKED,MASKED_UNFLAGGED,,,,HeCBench/results/llvm17_inject/jacobi/pointer/site217_bit43.out,,,,,,,,,,,,,,,,
217,44,MASKED,MASKED_UNFLAGGED,,,,HeCBench/results/llvm17_inject/jacobi/pointer/site217_bit44.out,,,,,,,,,,,,,,,,
217,45,MASKED,MASKED_UNFLAGGED,,,,HeCBench/results/llvm17_inject/jacobi/pointer/site217_bit45.out,,,,,,,,,,,,,,,,
217,46,MASKED,MASKED_UNFLAGGED,,,,HeCBench/results/llvm17_inject/jacobi/pointer/site217_bit46.out,,,,,,,,,,,,,,,,
217,47,MASKED,MASKED_UNFLAGGED,,,,HeCBench/results/llvm17_inject/jacobi/pointer/site217_bit47.out,,,,,,,,,,,,,,,,
217,48,MASKED,MASKED_UNFLAGGED,,,,HeCBench/results/llvm17_inject/jacobi/pointer/site217_bit48.out,,,,,,,,,,,,,,,,
217,49,MASKED,MASKED_UNFLAGGED,,,,HeCBench/results/llvm17_inject/jacobi/pointer/site217_bit49.out,,,,,,,,,,,,,,,,
217,50,MASKED,MASKED_UNFLAGGED,,,,HeCBench/results/llvm17_inject/jacobi/pointer/site217_bit50.out,,,,,,,,,,,,,,,,
217,51,MASKED,MASKED_UNFLAGGED,,,,HeCBench/results/llvm17_inject/jacobi/pointer/site217_bit51.out,,,,,,,,,,,,,,,,
217,52,MASKED,MASKED_UNFLAGGED,,,,HeCBench/results/llvm17_inject/jacobi/pointer/site217_bit52.out,,,,,,,,,,,,,,,,
217,53,MASKED,MASKED_UNFLAGGED,,,,HeCBench/results/llvm17_inject/jacobi/pointer/site217_bit53.out,,,,,,,,,,,,,,,,
217,54,MASKED,MASKED_UNFLAGGED,,,,HeCBench/results/llvm17_inject/jacobi/pointer/site217_bit54.out,,,,,,,,,,,,,,,,
217,55,MASKED,MASKED_UNFLAGGED,,,,HeCBench/results/llvm17_inject/jacobi/pointer/site217_bit55.out,,,,,,,,,,,,,,,,
217,56,MASKED,MASKED_UNFLAGGED,,,,HeCBench/results/llvm17_inject/jacobi/pointer/site217_bit56.out,,,,,,,,,,,,,,,,
217,57,MASKED,MASKED_UNFLAGGED,,,,HeCBench/results/llvm17_inject/jacobi/pointer/site217_bit57.out,,,,,,,,,,,,,,,,
217,58,MASKED,MASKED_UNFLAGGED,,,,HeCBench/results/llvm17_inject/jacobi/pointer/site217_bit58.out,,,,,,,,,,,,,,,,
217,59,MASKED,MASKED_UNFLAGGED,,,,HeCBench/results/llvm17_inject/jacobi/pointer/site217_bit59.out,,,,,,,,,,,,,,,,
217,60,MASKED,MASKED_UNFLAGGED,,,,HeCBench/results/llvm17_inject/jacobi/pointer/site217_bit60.out,,,,,,,,,,,,,,,,
217,61,MASKED,MASKED_UNFLAGGED,,,,HeCBench/results/llvm17_inject/jacobi/pointer/site217_bit61.out,,,,,,,,,,,,,,,,
217,62,MASKED,MASKED_UNFLAGGED,,,,HeCBench/results/llvm17_inject/jacobi/pointer/site217_bit62.out,,,,,,,,,,,,,,,,
217,63,MASKED,MASKED_UNFLAGGED,,,,HeCBench/results/llvm17_inject/jacobi/pointer/site217_bit63.out,,,,,,,,,,,,,,,,
218,0,MASKED,MASKED_UNFLAGGED,,,,HeCBench/results/llvm17_inject/jacobi/pointer/site218_bit0.out,,,,,,,,,,,,,,,,
218,1,MASKED,MASKED_UNFLAGGED,,,,HeCBench/results/llvm17_inject/jacobi/pointer/site218_bit1.out,,,,,,,,,,,,,,,,
218,2,MASKED,MASKED_UNFLAGGED,,,,HeCBench/results/llvm17_inject/jacobi/pointer/site218_bit2.out,,,,,,,,,,,,,,,,
218,3,MASKED,MASKED_UNFLAGGED,,,,HeCBench/results/llvm17_inject/jacobi/pointer/site218_bit3.out,,,,,,,,,,,,,,,,
218,4,MASKED,MASKED_UNFLAGGED,,,,HeCBench/results/llvm17_inject/jacobi/pointer/site218_bit4.out,,,,,,,,,,,,,,,,
218,5,MASKED,MASKED_UNFLAGGED,,,,HeCBench/results/llvm17_inject/jacobi/pointer/site218_bit5.out,,,,,,,,,,,,,,,,
218,6,MASKED,MASKED_UNFLAGGED,,,,HeCBench/results/llvm17_inject/jacobi/pointer/site218_bit6.out,,,,,,,,,,,,,,,,
218,7,MASKED,MASKED_UNFLAGGED,,,,HeCBench/results/llvm17_inject/jacobi/pointer/site218_bit7.out,,,,,,,,,,,,,,,,
218,8,MASKED,MASKED_UNFLAGGED,,,,HeCBench/results/llvm17_inject/jacobi/pointer/site218_bit8.out,,,,,,,,,,,,,,,,
218,9,MASKED,MASKED_UNFLAGGED,,,,HeCBench/results/llvm17_inject/jacobi/pointer/site218_bit9.out,,,,,,,,,,,,,,,,
218,10,MASKED,MASKED_UNFLAGGED,,,,HeCBench/results/llvm17_inject/jacobi/pointer/site218_bit10.out,,,,,,,,,,,,,,,,
218,11,MASKED,MASKED_UNFLAGGED,,,,HeCBench/results/llvm17_inject/jacobi/pointer/site218_bit11.out,,,,,,,,,,,,,,,,
218,12,MASKED,MASKED_UNFLAGGED,,,,HeCBench/results/llvm17_inject/jacobi/pointer/site218_bit12.out,,,,,,,,,,,,,,,,
218,13,MASKED,MASKED_UNFLAGGED,,,,HeCBench/results/llvm17_inject/jacobi/pointer/site218_bit13.out,,,,,,,,,,,,,,,,
218,14,MASKED,MASKED_UNFLAGGED,,,,HeCBench/results/llvm17_inject/jacobi/pointer/site218_bit14.out,,,,,,,,,,,,,,,,
218,15,MASKED,MASKED_UNFLAGGED,,,,HeCBench/results/llvm17_inject/jacobi/pointer/site218_bit15.out,,,,,,,,,,,,,,,,
218,16,MASKED,MASKED_UNFLAGGED,,,,HeCBench/results/llvm17_inject/jacobi/pointer/site218_bit16.out,,,,,,,,,,,,,,,,
218,17,MASKED,MASKED_UNFLAGGED,,,,HeCBench/results/llvm17_inject/jacobi/pointer/site218_bit17.out,,,,,,,,,,,,,,,,
218,18,MASKED,MASKED_UNFLAGGED,,,,HeCBench/results/llvm17_inject/jacobi/pointer/site218_bit18.out,,,,,,,,,,,,,,,,
218,19,MASKED,MASKED_UNFLAGGED,,,,HeCBench/results/llvm17_inject/jacobi/pointer/site218_bit19.out,,,,,,,,,,,,,,,,
218,20,MASKED,MASKED_UNFLAGGED,,,,HeCBench/results/llvm17_inject/jacobi/pointer/site218_bit20.out,,,,,,,,,,,,,,,,
218,21,MASKED,MASKED_UNFLAGGED,,,,HeCBench/results/llvm17_inject/jacobi/pointer/site218_bit21.out,,,,,,,,,,,,,,,,
218,22,MASKED,MASKED_UNFLAGGED,,,,HeCBench/results/llvm17_inject/jacobi/pointer/site218_bit22.out,,,,,,,,,,,,,,,,
218,23,MASKED,MASKED_UNFLAGGED,,,,HeCBench/results/llvm17_inject/jacobi/pointer/site218_bit23.out,,,,,,,,,,,,,,,,
218,24,MASKED,MASKED_UNFLAGGED,,,,HeCBench/results/llvm17_inject/jacobi/pointer/site218_bit24.out,,,,,,,,,,,,,,,,
218,25,MASKED,MASKED_UNFLAGGED,,,,HeCBench/results/llvm17_inject/jacobi/pointer/site218_bit25.out,,,,,,,,,,,,,,,,
218,26,MASKED,MASKED_UNFLAGGED,,,,HeCBench/results/llvm17_inject/jacobi/pointer/site218_bit26.out,,,,,,,,,,,,,,,,
218,27,MASKED,MASKED_UNFLAGGED,,,,HeCBench/results/llvm17_inject/jacobi/pointer/site218_bit27.out,,,,,,,,,,,,,,,,
218,28,MASKED,MASKED_UNFLAGGED,,,,HeCBench/results/llvm17_inject/jacobi/pointer/site218_bit28.out,,,,,,,,,,,,,,,,
218,29,MASKED,MASKED_UNFLAGGED,,,,HeCBench/results/llvm17_inject/jacobi/pointer/site218_bit29.out,,,,,,,,,,,,,,,,
218,30,MASKED,MASKED_UNFLAGGED,,,,HeCBench/results/llvm17_inject/jacobi/pointer/site218_bit30.out,,,,,,,,,,,,,,,,
218,31,MASKED,MASKED_UNFLAGGED,,,,HeCBench/results/llvm17_inject/jacobi/pointer/site218_bit31.out,,,,,,,,,,,,,,,,
218,32,MASKED,MASKED_UNFLAGGED,,,,HeCBench/results/llvm17_inject/jacobi/pointer/site218_bit32.out,,,,,,,,,,,,,,,,
218,33,MASKED,MASKED_UNFLAGGED,,,,HeCBench/results/llvm17_inject/jacobi/pointer/site218_bit33.out,,,,,,,,,,,,,,,,
218,34,MASKED,MASKED_UNFLAGGED,,,,HeCBench/results/llvm17_inject/jacobi/pointer/site218_bit34.out,,,,,,,,,,,,,,,,
218,35,MASKED,MASKED_UNFLAGGED,,,,HeCBench/results/llvm17_inject/jacobi/pointer/site218_bit35.out,,,,,,,,,,,,,,,,
218,36,MASKED,MASKED_UNFLAGGED,,,,HeCBench/results/llvm17_inject/jacobi/pointer/site218_bit36.out,,,,,,,,,,,,,,,,
218,37,MASKED,MASKED_UNFLAGGED,,,,HeCBench/results/llvm17_inject/jacobi/pointer/site218_bit37.out,,,,,,,,,,,,,,,,
218,38,MASKED,MASKED_UNFLAGGED,,,,HeCBench/results/llvm17_inject/jacobi/pointer/site218_bit38.out,,,,,,,,,,,,,,,,
218,39,MASKED,MASKED_UNFLAGGED,,,,HeCBench/results/llvm17_inject/jacobi/pointer/site218_bit39.out,,,,,,,,,,,,,,,,
218,40,MASKED,MASKED_UNFLAGGED,,,,HeCBench/results/llvm17_inject/jacobi/pointer/site218_bit40.out,,,,,,,,,,,,,,,,
218,41,MASKED,MASKED_UNFLAGGED,,,,HeCBench/results/llvm17_inject/jacobi/pointer/site218_bit41.out,,,,,,,,,,,,,,,,
218,42,MASKED,MASKED_UNFLAGGED,,,,HeCBench/results/llvm17_inject/jacobi/pointer/site218_bit42.out,,,,,,,,,,,,,,,,
218,43,MASKED,MASKED_UNFLAGGED,,,,HeCBench/results/llvm17_inject/jacobi/pointer/site218_bit43.out,,,,,,,,,,,,,,,,
218,44,MASKED,MASKED_UNFLAGGED,,,,HeCBench/results/llvm17_inject/jacobi/pointer/site218_bit44.out,,,,,,,,,,,,,,,,
218,45,MASKED,MASKED_UNFLAGGED,,,,HeCBench/results/llvm17_inject/jacobi/pointer/site218_bit45.out,,,,,,,,,,,,,,,,
218,46,MASKED,MASKED_UNFLAGGED,,,,HeCBench/results/llvm17_inject/jacobi/pointer/site218_bit46.out,,,,,,,,,,,,,,,,
218,47,MASKED,MASKED_UNFLAGGED,,,,HeCBench/results/llvm17_inject/jacobi/pointer/site218_bit47.out,,,,,,,,,,,,,,,,
218,48,MASKED,MASKED_UNFLAGGED,,,,HeCBench/results/llvm17_inject/jacobi/pointer/site218_bit48.out,,,,,,,,,,,,,,,,
218,49,MASKED,MASKED_UNFLAGGED,,,,HeCBench/results/llvm17_inject/jacobi/pointer/site218_bit49.out,,,,,,,,,,,,,,,,
218,50,MASKED,MASKED_UNFLAGGED,,,,HeCBench/results/llvm17_inject/jacobi/pointer/site218_bit50.out,,,,,,,,,,,,,,,,
218,51,MASKED,MASKED_UNFLAGGED,,,,HeCBench/results/llvm17_inject/jacobi/pointer/site218_bit51.out,,,,,,,,,,,,,,,,
218,52,MASKED,MASKED_UNFLAGGED,,,,HeCBench/results/llvm17_inject/jacobi/pointer/site218_bit52.out,,,,,,,,,,,,,,,,
218,53,MASKED,MASKED_UNFLAGGED,,,,HeCBench/results/llvm17_inject/jacobi/pointer/site218_bit53.out,,,,,,,,,,,,,,,,
218,54,MASKED,MASKED_UNFLAGGED,,,,HeCBench/results/llvm17_inject/jacobi/pointer/site218_bit54.out,,,,,,,,,,,,,,,,
218,55,MASKED,MASKED_UNFLAGGED,,,,HeCBench/results/llvm17_inject/jacobi/pointer/site218_bit55.out,,,,,,,,,,,,,,,,
218,56,MASKED,MASKED_UNFLAGGED,,,,HeCBench/results/llvm17_inject/jacobi/pointer/site218_bit56.out,,,,,,,,,,,,,,,,
218,57,MASKED,MASKED_UNFLAGGED,,,,HeCBench/results/llvm17_inject/jacobi/pointer/site218_bit57.out,,,,,,,,,,,,,,,,
218,58,MASKED,MASKED_UNFLAGGED,,,,HeCBench/results/llvm17_inject/jacobi/pointer/site218_bit58.out,,,,,,,,,,,,,,,,
218,59,MASKED,MASKED_UNFLAGGED,,,,HeCBench/results/llvm17_inject/jacobi/pointer/site218_bit59.out,,,,,,,,,,,,,,,,
218,60,MASKED,MASKED_UNFLAGGED,,,,HeCBench/results/llvm17_inject/jacobi/pointer/site218_bit60.out,,,,,,,,,,,,,,,,
218,61,MASKED,MASKED_UNFLAGGED,,,,HeCBench/results/llvm17_inject/jacobi/pointer/site218_bit61.out,,,,,,,,,,,,,,,,
218,62,MASKED,MASKED_UNFLAGGED,,,,HeCBench/results/llvm17_inject/jacobi/pointer/site218_bit62.out,,,,,,,,,,,,,,,,
218,63,MASKED,MASKED_UNFLAGGED,,,,HeCBench/results/llvm17_inject/jacobi/pointer/site218_bit63.out,,,,,,,,,,,,,,,,
219,0,MASKED,MASKED_UNFLAGGED,,,,HeCBench/results/llvm17_inject/jacobi/pointer/site219_bit0.out,,,,,,,,,,,,,,,,
219,1,MASKED,MASKED_UNFLAGGED,,,,HeCBench/results/llvm17_inject/jacobi/pointer/site219_bit1.out,,,,,,,,,,,,,,,,
219,2,MASKED,MASKED_UNFLAGGED,,,,HeCBench/results/llvm17_inject/jacobi/pointer/site219_bit2.out,,,,,,,,,,,,,,,,
219,3,MASKED,MASKED_UNFLAGGED,,,,HeCBench/results/llvm17_inject/jacobi/pointer/site219_bit3.out,,,,,,,,,,,,,,,,
219,4,MASKED,MASKED_UNFLAGGED,,,,HeCBench/results/llvm17_inject/jacobi/pointer/site219_bit4.out,,,,,,,,,,,,,,,,
219,5,MASKED,MASKED_UNFLAGGED,,,,HeCBench/results/llvm17_inject/jacobi/pointer/site219_bit5.out,,,,,,,,,,,,,,,,
219,6,MASKED,MASKED_UNFLAGGED,,,,HeCBench/results/llvm17_inject/jacobi/pointer/site219_bit6.out,,,,,,,,,,,,,,,,
219,7,MASKED,MASKED_UNFLAGGED,,,,HeCBench/results/llvm17_inject/jacobi/pointer/site219_bit7.out,,,,,,,,,,,,,,,,
219,8,MASKED,MASKED_UNFLAGGED,,,,HeCBench/results/llvm17_inject/jacobi/pointer/site219_bit8.out,,,,,,,,,,,,,,,,
219,9,MASKED,MASKED_UNFLAGGED,,,,HeCBench/results/llvm17_inject/jacobi/pointer/site219_bit9.out,,,,,,,,,,,,,,,,
219,10,MASKED,MASKED_UNFLAGGED,,,,HeCBench/results/llvm17_inject/jacobi/pointer/site219_bit10.out,,,,,,,,,,,,,,,,
219,11,MASKED,MASKED_UNFLAGGED,,,,HeCBench/results/llvm17_inject/jacobi/pointer/site219_bit11.out,,,,,,,,,,,,,,,,
219,12,MASKED,MASKED_UNFLAGGED,,,,HeCBench/results/llvm17_inject/jacobi/pointer/site219_bit12.out,,,,,,,,,,,,,,,,
219,13,MASKED,MASKED_UNFLAGGED,,,,HeCBench/results/llvm17_inject/jacobi/pointer/site219_bit13.out,,,,,,,,,,,,,,,,
219,14,MASKED,MASKED_UNFLAGGED,,,,HeCBench/results/llvm17_inject/jacobi/pointer/site219_bit14.out,,,,,,,,,,,,,,,,
219,15,MASKED,MASKED_UNFLAGGED,,,,HeCBench/results/llvm17_inject/jacobi/pointer/site219_bit15.out,,,,,,,,,,,,,,,,
219,16,MASKED,MASKED_UNFLAGGED,,,,HeCBench/results/llvm17_inject/jacobi/pointer/site219_bit16.out,,,,,,,,,,,,,,,,
219,17,MASKED,MASKED_UNFLAGGED,,,,HeCBench/results/llvm17_inject/jacobi/pointer/site219_bit17.out,,,,,,,,,,,,,,,,
219,18,MASKED,MASKED_UNFLAGGED,,,,HeCBench/results/llvm17_inject/jacobi/pointer/site219_bit18.out,,,,,,,,,,,,,,,,
219,19,MASKED,MASKED_UNFLAGGED,,,,HeCBench/results/llvm17_inject/jacobi/pointer/site219_bit19.out,,,,,,,,,,,,,,,,
219,20,MASKED,MASKED_UNFLAGGED,,,,HeCBench/results/llvm17_inject/jacobi/pointer/site219_bit20.out,,,,,,,,,,,,,,,,
219,21,MASKED,MASKED_UNFLAGGED,,,,HeCBench/results/llvm17_inject/jacobi/pointer/site219_bit21.out,,,,,,,,,,,,,,,,
219,22,MASKED,MASKED_UNFLAGGED,,,,HeCBench/results/llvm17_inject/jacobi/pointer/site219_bit22.out,,,,,,,,,,,,,,,,
219,23,MASKED,MASKED_UNFLAGGED,,,,HeCBench/results/llvm17_inject/jacobi/pointer/site219_bit23.out,,,,,,,,,,,,,,,,
219,24,MASKED,MASKED_UNFLAGGED,,,,HeCBench/results/llvm17_inject/jacobi/pointer/site219_bit24.out,,,,,,,,,,,,,,,,
219,25,MASKED,MASKED_UNFLAGGED,,,,HeCBench/results/llvm17_inject/jacobi/pointer/site219_bit25.out,,,,,,,,,,,,,,,,
219,26,MASKED,MASKED_UNFLAGGED,,,,HeCBench/results/llvm17_inject/jacobi/pointer/site219_bit26.out,,,,,,,,,,,,,,,,
219,27,MASKED,MASKED_UNFLAGGED,,,,HeCBench/results/llvm17_inject/jacobi/pointer/site219_bit27.out,,,,,,,,,,,,,,,,
219,28,MASKED,MASKED_UNFLAGGED,,,,HeCBench/results/llvm17_inject/jacobi/pointer/site219_bit28.out,,,,,,,,,,,,,,,,
219,29,MASKED,MASKED_UNFLAGGED,,,,HeCBench/results/llvm17_inject/jacobi/pointer/site219_bit29.out,,,,,,,,,,,,,,,,
219,30,MASKED,MASKED_UNFLAGGED,,,,HeCBench/results/llvm17_inject/jacobi/pointer/site219_bit30.out,,,,,,,,,,,,,,,,
219,31,MASKED,MASKED_UNFLAGGED,,,,HeCBench/results/llvm17_inject/jacobi/pointer/site219_bit31.out,,,,,,,,,,,,,,,,
219,32,MASKED,MASKED_UNFLAGGED,,,,HeCBench/results/llvm17_inject/jacobi/pointer/site219_bit32.out,,,,,,,,,,,,,,,,
219,33,MASKED,MASKED_UNFLAGGED,,,,HeCBench/results/llvm17_inject/jacobi/pointer/site219_bit33.out,,,,,,,,,,,,,,,,
219,34,MASKED,MASKED_UNFLAGGED,,,,HeCBench/results/llvm17_inject/jacobi/pointer/site219_bit34.out,,,,,,,,,,,,,,,,
219,35,MASKED,MASKED_UNFLAGGED,,,,HeCBench/results/llvm17_inject/jacobi/pointer/site219_bit35.out,,,,,,,,,,,,,,,,
219,36,MASKED,MASKED_UNFLAGGED,,,,HeCBench/results/llvm17_inject/jacobi/pointer/site219_bit36.out,,,,,,,,,,,,,,,,
219,37,MASKED,MASKED_UNFLAGGED,,,,HeCBench/results/llvm17_inject/jacobi/pointer/site219_bit37.out,,,,,,,,,,,,,,,,
219,38,MASKED,MASKED_UNFLAGGED,,,,HeCBench/results/llvm17_inject/jacobi/pointer/site219_bit38.out,,,,,,,,,,,,,,,,
219,39,MASKED,MASKED_UNFLAGGED,,,,HeCBench/results/llvm17_inject/jacobi/pointer/site219_bit39.out,,,,,,,,,,,,,,,,
219,40,MASKED,MASKED_UNFLAGGED,,,,HeCBench/results/llvm17_inject/jacobi/pointer/site219_bit40.out,,,,,,,,,,,,,,,,
219,41,MASKED,MASKED_UNFLAGGED,,,,HeCBench/results/llvm17_inject/jacobi/pointer/site219_bit41.out,,,,,,,,,,,,,,,,
219,42,MASKED,MASKED_UNFLAGGED,,,,HeCBench/results/llvm17_inject/jacobi/pointer/site219_bit42.out,,,,,,,,,,,,,,,,
219,43,MASKED,MASKED_UNFLAGGED,,,,HeCBench/results/llvm17_inject/jacobi/pointer/site219_bit43.out,,,,,,,,,,,,,,,,
219,44,MASKED,MASKED_UNFLAGGED,,,,HeCBench/results/llvm17_inject/jacobi/pointer/site219_bit44.out,,,,,,,,,,,,,,,,
219,45,MASKED,MASKED_UNFLAGGED,,,,HeCBench/results/llvm17_inject/jacobi/pointer/site219_bit45.out,,,,,,,,,,,,,,,,
219,46,MASKED,MASKED_UNFLAGGED,,,,HeCBench/results/llvm17_inject/jacobi/pointer/site219_bit46.out,,,,,,,,,,,,,,,,
219,47,MASKED,MASKED_UNFLAGGED,,,,HeCBench/results/llvm17_inject/jacobi/pointer/site219_bit47.out,,,,,,,,,,,,,,,,
219,48,MASKED,MASKED_UNFLAGGED,,,,HeCBench/results/llvm17_inject/jacobi/pointer/site219_bit48.out,,,,,,,,,,,,,,,,
219,49,MASKED,MASKED_UNFLAGGED,,,,HeCBench/results/llvm17_inject/jacobi/pointer/site219_bit49.out,,,,,,,,,,,,,,,,
219,50,MASKED,MASKED_UNFLAGGED,,,,HeCBench/results/llvm17_inject/jacobi/pointer/site219_bit50.out,,,,,,,,,,,,,,,,
219,51,MASKED,MASKED_UNFLAGGED,,,,HeCBench/results/llvm17_inject/jacobi/pointer/site219_bit51.out,,,,,,,,,,,,,,,,
219,52,MASKED,MASKED_UNFLAGGED,,,,HeCBench/results/llvm17_inject/jacobi/pointer/site219_bit52.out,,,,,,,,,,,,,,,,
219,53,MASKED,MASKED_UNFLAGGED,,,,HeCBench/results/llvm17_inject/jacobi/pointer/site219_bit53.out,,,,,,,,,,,,,,,,
219,54,MASKED,MASKED_UNFLAGGED,,,,HeCBench/results/llvm17_inject/jacobi/pointer/site219_bit54.out,,,,,,,,,,,,,,,,
219,55,MASKED,MASKED_UNFLAGGED,,,,HeCBench/results/llvm17_inject/jacobi/pointer/site219_bit55.out,,,,,,,,,,,,,,,,
219,56,MASKED,MASKED_UNFLAGGED,,,,HeCBench/results/llvm17_inject/jacobi/pointer/site219_bit56.out,,,,,,,,,,,,,,,,
219,57,MASKED,MASKED_UNFLAGGED,,,,HeCBench/results/llvm17_inject/jacobi/pointer/site219_bit57.out,,,,,,,,,,,,,,,,
219,58,MASKED,MASKED_UNFLAGGED,,,,HeCBench/results/llvm17_inject/jacobi/pointer/site219_bit58.out,,,,,,,,,,,,,,,,
219,59,MASKED,MASKED_UNFLAGGED,,,,HeCBench/results/llvm17_inject/jacobi/pointer/site219_bit59.out,,,,,,,,,,,,,,,,
219,60,MASKED,MASKED_UNFLAGGED,,,,HeCBench/results/llvm17_inject/jacobi/pointer/site219_bit60.out,,,,,,,,,,,,,,,,
219,61,MASKED,MASKED_UNFLAGGED,,,,HeCBench/results/llvm17_inject/jacobi/pointer/site219_bit61.out,,,,,,,,,,,,,,,,
219,62,MASKED,MASKED_UNFLAGGED,,,,HeCBench/results/llvm17_inject/jacobi/pointer/site219_bit62.out,,,,,,,,,,,,,,,,
219,63,MASKED,MASKED_UNFLAGGED,,,,HeCBench/results/llvm17_inject/jacobi/pointer/site219_bit63.out,,,,,,,,,,,,,,,,
220,0,MASKED,MASKED_UNFLAGGED,,,,HeCBench/results/llvm17_inject/jacobi/pointer/site220_bit0.out,,,,,,,,,,,,,,,,
220,1,MASKED,MASKED_UNFLAGGED,,,,HeCBench/results/llvm17_inject/jacobi/pointer/site220_bit1.out,,,,,,,,,,,,,,,,
220,2,MASKED,MASKED_UNFLAGGED,,,,HeCBench/results/llvm17_inject/jacobi/pointer/site220_bit2.out,,,,,,,,,,,,,,,,
220,3,MASKED,MASKED_UNFLAGGED,,,,HeCBench/results/llvm17_inject/jacobi/pointer/site220_bit3.out,,,,,,,,,,,,,,,,
220,4,MASKED,MASKED_UNFLAGGED,,,,HeCBench/results/llvm17_inject/jacobi/pointer/site220_bit4.out,,,,,,,,,,,,,,,,
220,5,MASKED,MASKED_UNFLAGGED,,,,HeCBench/results/llvm17_inject/jacobi/pointer/site220_bit5.out,,,,,,,,,,,,,,,,
220,6,MASKED,MASKED_UNFLAGGED,,,,HeCBench/results/llvm17_inject/jacobi/pointer/site220_bit6.out,,,,,,,,,,,,,,,,
220,7,MASKED,MASKED_UNFLAGGED,,,,HeCBench/results/llvm17_inject/jacobi/pointer/site220_bit7.out,,,,,,,,,,,,,,,,
220,8,MASKED,MASKED_UNFLAGGED,,,,HeCBench/results/llvm17_inject/jacobi/pointer/site220_bit8.out,,,,,,,,,,,,,,,,
220,9,MASKED,MASKED_UNFLAGGED,,,,HeCBench/results/llvm17_inject/jacobi/pointer/site220_bit9.out,,,,,,,,,,,,,,,,
220,10,MASKED,MASKED_UNFLAGGED,,,,HeCBench/results/llvm17_inject/jacobi/pointer/site220_bit10.out,,,,,,,,,,,,,,,,
220,11,MASKED,MASKED_UNFLAGGED,,,,HeCBench/results/llvm17_inject/jacobi/pointer/site220_bit11.out,,,,,,,,,,,,,,,,
220,12,MASKED,MASKED_UNFLAGGED,,,,HeCBench/results/llvm17_inject/jacobi/pointer/site220_bit12.out,,,,,,,,,,,,,,,,
220,13,MASKED,MASKED_UNFLAGGED,,,,HeCBench/results/llvm17_inject/jacobi/pointer/site220_bit13.out,,,,,,,,,,,,,,,,
220,14,MASKED,MASKED_UNFLAGGED,,,,HeCBench/results/llvm17_inject/jacobi/pointer/site220_bit14.out,,,,,,,,,,,,,,,,
220,15,MASKED,MASKED_UNFLAGGED,,,,HeCBench/results/llvm17_inject/jacobi/pointer/site220_bit15.out,,,,,,,,,,,,,,,,
220,16,MASKED,MASKED_UNFLAGGED,,,,HeCBench/results/llvm17_inject/jacobi/pointer/site220_bit16.out,,,,,,,,,,,,,,,,
220,17,MASKED,MASKED_UNFLAGGED,,,,HeCBench/results/llvm17_inject/jacobi/pointer/site220_bit17.out,,,,,,,,,,,,,,,,
220,18,MASKED,MASKED_UNFLAGGED,,,,HeCBench/results/llvm17_inject/jacobi/pointer/site220_bit18.out,,,,,,,,,,,,,,,,
220,19,MASKED,MASKED_UNFLAGGED,,,,HeCBench/results/llvm17_inject/jacobi/pointer/site220_bit19.out,,,,,,,,,,,,,,,,
220,20,MASKED,MASKED_UNFLAGGED,,,,HeCBench/results/llvm17_inject/jacobi/pointer/site220_bit20.out,,,,,,,,,,,,,,,,
220,21,MASKED,MASKED_UNFLAGGED,,,,HeCBench/results/llvm17_inject/jacobi/pointer/site220_bit21.out,,,,,,,,,,,,,,,,
220,22,MASKED,MASKED_UNFLAGGED,,,,HeCBench/results/llvm17_inject/jacobi/pointer/site220_bit22.out,,,,,,,,,,,,,,,,
220,23,MASKED,MASKED_UNFLAGGED,,,,HeCBench/results/llvm17_inject/jacobi/pointer/site220_bit23.out,,,,,,,,,,,,,,,,
220,24,MASKED,MASKED_UNFLAGGED,,,,HeCBench/results/llvm17_inject/jacobi/pointer/site220_bit24.out,,,,,,,,,,,,,,,,
220,25,MASKED,MASKED_UNFLAGGED,,,,HeCBench/results/llvm17_inject/jacobi/pointer/site220_bit25.out,,,,,,,,,,,,,,,,
220,26,MASKED,MASKED_UNFLAGGED,,,,HeCBench/results/llvm17_inject/jacobi/pointer/site220_bit26.out,,,,,,,,,,,,,,,,
220,27,MASKED,MASKED_UNFLAGGED,,,,HeCBench/results/llvm17_inject/jacobi/pointer/site220_bit27.out,,,,,,,,,,,,,,,,
220,28,MASKED,MASKED_UNFLAGGED,,,,HeCBench/results/llvm17_inject/jacobi/pointer/site220_bit28.out,,,,,,,,,,,,,,,,
220,29,MASKED,MASKED_UNFLAGGED,,,,HeCBench/results/llvm17_inject/jacobi/pointer/site220_bit29.out,,,,,,,,,,,,,,,,
220,30,MASKED,MASKED_UNFLAGGED,,,,HeCBench/results/llvm17_inject/jacobi/pointer/site220_bit30.out,,,,,,,,,,,,,,,,
220,31,MASKED,MASKED_UNFLAGGED,,,,HeCBench/results/llvm17_inject/jacobi/pointer/site220_bit31.out,,,,,,,,,,,,,,,,
220,32,MASKED,MASKED_UNFLAGGED,,,,HeCBench/results/llvm17_inject/jacobi/pointer/site220_bit32.out,,,,,,,,,,,,,,,,
220,33,MASKED,MASKED_UNFLAGGED,,,,HeCBench/results/llvm17_inject/jacobi/pointer/site220_bit33.out,,,,,,,,,,,,,,,,
220,34,MASKED,MASKED_UNFLAGGED,,,,HeCBench/results/llvm17_inject/jacobi/pointer/site220_bit34.out,,,,,,,,,,,,,,,,
220,35,MASKED,MASKED_UNFLAGGED,,,,HeCBench/results/llvm17_inject/jacobi/pointer/site220_bit35.out,,,,,,,,,,,,,,,,
220,36,MASKED,MASKED_UNFLAGGED,,,,HeCBench/results/llvm17_inject/jacobi/pointer/site220_bit36.out,,,,,,,,,,,,,,,,
220,37,MASKED,MASKED_UNFLAGGED,,,,HeCBench/results/llvm17_inject/jacobi/pointer/site220_bit37.out,,,,,,,,,,,,,,,,
220,38,MASKED,MASKED_UNFLAGGED,,,,HeCBench/results/llvm17_inject/jacobi/pointer/site220_bit38.out,,,,,,,,,,,,,,,,
220,39,MASKED,MASKED_UNFLAGGED,,,,HeCBench/results/llvm17_inject/jacobi/pointer/site220_bit39.out,,,,,,,,,,,,,,,,
220,40,MASKED,MASKED_UNFLAGGED,,,,HeCBench/results/llvm17_inject/jacobi/pointer/site220_bit40.out,,,,,,,,,,,,,,,,
220,41,MASKED,MASKED_UNFLAGGED,,,,HeCBench/results/llvm17_inject/jacobi/pointer/site220_bit41.out,,,,,,,,,,,,,,,,
220,42,MASKED,MASKED_UNFLAGGED,,,,HeCBench/results/llvm17_inject/jacobi/pointer/site220_bit42.out,,,,,,,,,,,,,,,,
220,43,MASKED,MASKED_UNFLAGGED,,,,HeCBench/results/llvm17_inject/jacobi/pointer/site220_bit43.out,,,,,,,,,,,,,,,,
220,44,MASKED,MASKED_UNFLAGGED,,,,HeCBench/results/llvm17_inject/jacobi/pointer/site220_bit44.out,,,,,,,,,,,,,,,,
220,45,MASKED,MASKED_UNFLAGGED,,,,HeCBench/results/llvm17_inject/jacobi/pointer/site220_bit45.out,,,,,,,,,,,,,,,,
220,46,MASKED,MASKED_UNFLAGGED,,,,HeCBench/results/llvm17_inject/jacobi/pointer/site220_bit46.out,,,,,,,,,,,,,,,,
220,47,MASKED,MASKED_UNFLAGGED,,,,HeCBench/results/llvm17_inject/jacobi/pointer/site220_bit47.out,,,,,,,,,,,,,,,,
220,48,MASKED,MASKED_UNFLAGGED,,,,HeCBench/results/llvm17_inject/jacobi/pointer/site220_bit48.out,,,,,,,,,,,,,,,,
220,49,MASKED,MASKED_UNFLAGGED,,,,HeCBench/results/llvm17_inject/jacobi/pointer/site220_bit49.out,,,,,,,,,,,,,,,,
220,50,MASKED,MASKED_UNFLAGGED,,,,HeCBench/results/llvm17_inject/jacobi/pointer/site220_bit50.out,,,,,,,,,,,,,,,,
220,51,MASKED,MASKED_UNFLAGGED,,,,HeCBench/results/llvm17_inject/jacobi/pointer/site220_bit51.out,,,,,,,,,,,,,,,,
220,52,MASKED,MASKED_UNFLAGGED,,,,HeCBench/results/llvm17_inject/jacobi/pointer/site220_bit52.out,,,,,,,,,,,,,,,,
220,53,MASKED,MASKED_UNFLAGGED,,,,HeCBench/results/llvm17_inject/jacobi/pointer/site220_bit53.out,,,,,,,,,,,,,,,,
220,54,MASKED,MASKED_UNFLAGGED,,,,HeCBench/results/llvm17_inject/jacobi/pointer/site220_bit54.out,,,,,,,,,,,,,,,,
220,55,MASKED,MASKED_UNFLAGGED,,,,HeCBench/results/llvm17_inject/jacobi/pointer/site220_bit55.out,,,,,,,,,,,,,,,,
220,56,MASKED,MASKED_UNFLAGGED,,,,HeCBench/results/llvm17_inject/jacobi/pointer/site220_bit56.out,,,,,,,,,,,,,,,,
220,57,MASKED,MASKED_UNFLAGGED,,,,HeCBench/results/llvm17_inject/jacobi/pointer/site220_bit57.out,,,,,,,,,,,,,,,,
220,58,MASKED,MASKED_UNFLAGGED,,,,HeCBench/results/llvm17_inject/jacobi/pointer/site220_bit58.out,,,,,,,,,,,,,,,,
220,59,MASKED,MASKED_UNFLAGGED,,,,HeCBench/results/llvm17_inject/jacobi/pointer/site220_bit59.out,,,,,,,,,,,,,,,,
220,60,MASKED,MASKED_UNFLAGGED,,,,HeCBench/results/llvm17_inject/jacobi/pointer/site220_bit60.out,,,,,,,,,,,,,,,,
220,61,MASKED,MASKED_UNFLAGGED,,,,HeCBench/results/llvm17_inject/jacobi/pointer/site220_bit61.out,,,,,,,,,,,,,,,,
220,62,MASKED,MASKED_UNFLAGGED,,,,HeCBench/results/llvm17_inject/jacobi/pointer/site220_bit62.out,,,,,,,,,,,,,,,,
220,63,MASKED,MASKED_UNFLAGGED,,,,HeCBench/results/llvm17_inject/jacobi/pointer/site220_bit63.out,,,,,,,,,,,,,,,,
221,0,MASKED,MASKED_UNFLAGGED,,,,HeCBench/results/llvm17_inject/jacobi/pointer/site221_bit0.out,,,,,,,,,,,,,,,,
221,1,MASKED,MASKED_UNFLAGGED,,,,HeCBench/results/llvm17_inject/jacobi/pointer/site221_bit1.out,,,,,,,,,,,,,,,,
221,2,MASKED,MASKED_UNFLAGGED,,,,HeCBench/results/llvm17_inject/jacobi/pointer/site221_bit2.out,,,,,,,,,,,,,,,,
221,3,MASKED,MASKED_UNFLAGGED,,,,HeCBench/results/llvm17_inject/jacobi/pointer/site221_bit3.out,,,,,,,,,,,,,,,,
221,4,MASKED,MASKED_UNFLAGGED,,,,HeCBench/results/llvm17_inject/jacobi/pointer/site221_bit4.out,,,,,,,,,,,,,,,,
221,5,MASKED,MASKED_UNFLAGGED,,,,HeCBench/results/llvm17_inject/jacobi/pointer/site221_bit5.out,,,,,,,,,,,,,,,,
221,6,MASKED,MASKED_UNFLAGGED,,,,HeCBench/results/llvm17_inject/jacobi/pointer/site221_bit6.out,,,,,,,,,,,,,,,,
221,7,MASKED,MASKED_UNFLAGGED,,,,HeCBench/results/llvm17_inject/jacobi/pointer/site221_bit7.out,,,,,,,,,,,,,,,,
221,8,MASKED,MASKED_UNFLAGGED,,,,HeCBench/results/llvm17_inject/jacobi/pointer/site221_bit8.out,,,,,,,,,,,,,,,,
221,9,MASKED,MASKED_UNFLAGGED,,,,HeCBench/results/llvm17_inject/jacobi/pointer/site221_bit9.out,,,,,,,,,,,,,,,,
221,10,MASKED,MASKED_UNFLAGGED,,,,HeCBench/results/llvm17_inject/jacobi/pointer/site221_bit10.out,,,,,,,,,,,,,,,,
221,11,MASKED,MASKED_UNFLAGGED,,,,HeCBench/results/llvm17_inject/jacobi/pointer/site221_bit11.out,,,,,,,,,,,,,,,,
221,12,MASKED,MASKED_UNFLAGGED,,,,HeCBench/results/llvm17_inject/jacobi/pointer/site221_bit12.out,,,,,,,,,,,,,,,,
221,13,MASKED,MASKED_UNFLAGGED,,,,HeCBench/results/llvm17_inject/jacobi/pointer/site221_bit13.out,,,,,,,,,,,,,,,,
221,14,MASKED,MASKED_UNFLAGGED,,,,HeCBench/results/llvm17_inject/jacobi/pointer/site221_bit14.out,,,,,,,,,,,,,,,,
221,15,MASKED,MASKED_UNFLAGGED,,,,HeCBench/results/llvm17_inject/jacobi/pointer/site221_bit15.out,,,,,,,,,,,,,,,,
221,16,MASKED,MASKED_UNFLAGGED,,,,HeCBench/results/llvm17_inject/jacobi/pointer/site221_bit16.out,,,,,,,,,,,,,,,,
221,17,MASKED,MASKED_UNFLAGGED,,,,HeCBench/results/llvm17_inject/jacobi/pointer/site221_bit17.out,,,,,,,,,,,,,,,,
221,18,MASKED,MASKED_UNFLAGGED,,,,HeCBench/results/llvm17_inject/jacobi/pointer/site221_bit18.out,,,,,,,,,,,,,,,,
221,19,MASKED,MASKED_UNFLAGGED,,,,HeCBench/results/llvm17_inject/jacobi/pointer/site221_bit19.out,,,,,,,,,,,,,,,,
221,20,MASKED,MASKED_UNFLAGGED,,,,HeCBench/results/llvm17_inject/jacobi/pointer/site221_bit20.out,,,,,,,,,,,,,,,,
221,21,MASKED,MASKED_UNFLAGGED,,,,HeCBench/results/llvm17_inject/jacobi/pointer/site221_bit21.out,,,,,,,,,,,,,,,,
221,22,MASKED,MASKED_UNFLAGGED,,,,HeCBench/results/llvm17_inject/jacobi/pointer/site221_bit22.out,,,,,,,,,,,,,,,,
221,23,MASKED,MASKED_UNFLAGGED,,,,HeCBench/results/llvm17_inject/jacobi/pointer/site221_bit23.out,,,,,,,,,,,,,,,,
221,24,MASKED,MASKED_UNFLAGGED,,,,HeCBench/results/llvm17_inject/jacobi/pointer/site221_bit24.out,,,,,,,,,,,,,,,,
221,25,MASKED,MASKED_UNFLAGGED,,,,HeCBench/results/llvm17_inject/jacobi/pointer/site221_bit25.out,,,,,,,,,,,,,,,,
221,26,MASKED,MASKED_UNFLAGGED,,,,HeCBench/results/llvm17_inject/jacobi/pointer/site221_bit26.out,,,,,,,,,,,,,,,,
221,27,MASKED,MASKED_UNFLAGGED,,,,HeCBench/results/llvm17_inject/jacobi/pointer/site221_bit27.out,,,,,,,,,,,,,,,,
221,28,MASKED,MASKED_UNFLAGGED,,,,HeCBench/results/llvm17_inject/jacobi/pointer/site221_bit28.out,,,,,,,,,,,,,,,,
221,29,MASKED,MASKED_UNFLAGGED,,,,HeCBench/results/llvm17_inject/jacobi/pointer/site221_bit29.out,,,,,,,,,,,,,,,,
221,30,MASKED,MASKED_UNFLAGGED,,,,HeCBench/results/llvm17_inject/jacobi/pointer/site221_bit30.out,,,,,,,,,,,,,,,,
221,31,MASKED,MASKED_UNFLAGGED,,,,HeCBench/results/llvm17_inject/jacobi/pointer/site221_bit31.out,,,,,,,,,,,,,,,,
221,32,MASKED,MASKED_UNFLAGGED,,,,HeCBench/results/llvm17_inject/jacobi/pointer/site221_bit32.out,,,,,,,,,,,,,,,,
221,33,MASKED,MASKED_UNFLAGGED,,,,HeCBench/results/llvm17_inject/jacobi/pointer/site221_bit33.out,,,,,,,,,,,,,,,,
221,34,MASKED,MASKED_UNFLAGGED,,,,HeCBench/results/llvm17_inject/jacobi/pointer/site221_bit34.out,,,,,,,,,,,,,,,,
221,35,MASKED,MASKED_UNFLAGGED,,,,HeCBench/results/llvm17_inject/jacobi/pointer/site221_bit35.out,,,,,,,,,,,,,,,,
221,36,MASKED,MASKED_UNFLAGGED,,,,HeCBench/results/llvm17_inject/jacobi/pointer/site221_bit36.out,,,,,,,,,,,,,,,,
221,37,MASKED,MASKED_UNFLAGGED,,,,HeCBench/results/llvm17_inject/jacobi/pointer/site221_bit37.out,,,,,,,,,,,,,,,,
221,38,MASKED,MASKED_UNFLAGGED,,,,HeCBench/results/llvm17_inject/jacobi/pointer/site221_bit38.out,,,,,,,,,,,,,,,,
221,39,MASKED,MASKED_UNFLAGGED,,,,HeCBench/results/llvm17_inject/jacobi/pointer/site221_bit39.out,,,,,,,,,,,,,,,,
221,40,MASKED,MASKED_UNFLAGGED,,,,HeCBench/results/llvm17_inject/jacobi/pointer/site221_bit40.out,,,,,,,,,,,,,,,,
221,41,MASKED,MASKED_UNFLAGGED,,,,HeCBench/results/llvm17_inject/jacobi/pointer/site221_bit41.out,,,,,,,,,,,,,,,,
221,42,MASKED,MASKED_UNFLAGGED,,,,HeCBench/results/llvm17_inject/jacobi/pointer/site221_bit42.out,,,,,,,,,,,,,,,,
221,43,MASKED,MASKED_UNFLAGGED,,,,HeCBench/results/llvm17_inject/jacobi/pointer/site221_bit43.out,,,,,,,,,,,,,,,,
221,44,MASKED,MASKED_UNFLAGGED,,,,HeCBench/results/llvm17_inject/jacobi/pointer/site221_bit44.out,,,,,,,,,,,,,,,,
221,45,MASKED,MASKED_UNFLAGGED,,,,HeCBench/results/llvm17_inject/jacobi/pointer/site221_bit45.out,,,,,,,,,,,,,,,,
221,46,MASKED,MASKED_UNFLAGGED,,,,HeCBench/results/llvm17_inject/jacobi/pointer/site221_bit46.out,,,,,,,,,,,,,,,,
221,47,MASKED,MASKED_UNFLAGGED,,,,HeCBench/results/llvm17_inject/jacobi/pointer/site221_bit47.out,,,,,,,,,,,,,,,,
221,48,MASKED,MASKED_UNFLAGGED,,,,HeCBench/results/llvm17_inject/jacobi/pointer/site221_bit48.out,,,,,,,,,,,,,,,,
221,49,MASKED,MASKED_UNFLAGGED,,,,HeCBench/results/llvm17_inject/jacobi/pointer/site221_bit49.out,,,,,,,,,,,,,,,,
221,50,MASKED,MASKED_UNFLAGGED,,,,HeCBench/results/llvm17_inject/jacobi/pointer/site221_bit50.out,,,,,,,,,,,,,,,,
221,51,MASKED,MASKED_UNFLAGGED,,,,HeCBench/results/llvm17_inject/jacobi/pointer/site221_bit51.out,,,,,,,,,,,,,,,,
221,52,MASKED,MASKED_UNFLAGGED,,,,HeCBench/results/llvm17_inject/jacobi/pointer/site221_bit52.out,,,,,,,,,,,,,,,,
221,53,MASKED,MASKED_UNFLAGGED,,,,HeCBench/results/llvm17_inject/jacobi/pointer/site221_bit53.out,,,,,,,,,,,,,,,,
221,54,MASKED,MASKED_UNFLAGGED,,,,HeCBench/results/llvm17_inject/jacobi/pointer/site221_bit54.out,,,,,,,,,,,,,,,,
221,55,MASKED,MASKED_UNFLAGGED,,,,HeCBench/results/llvm17_inject/jacobi/pointer/site221_bit55.out,,,,,,,,,,,,,,,,
221,56,MASKED,MASKED_UNFLAGGED,,,,HeCBench/results/llvm17_inject/jacobi/pointer/site221_bit56.out,,,,,,,,,,,,,,,,
221,57,MASKED,MASKED_UNFLAGGED,,,,HeCBench/results/llvm17_inject/jacobi/pointer/site221_bit57.out,,,,,,,,,,,,,,,,
221,58,MASKED,MASKED_UNFLAGGED,,,,HeCBench/results/llvm17_inject/jacobi/pointer/site221_bit58.out,,,,,,,,,,,,,,,,
221,59,MASKED,MASKED_UNFLAGGED,,,,HeCBench/results/llvm17_inject/jacobi/pointer/site221_bit59.out,,,,,,,,,,,,,,,,
221,60,MASKED,MASKED_UNFLAGGED,,,,HeCBench/results/llvm17_inject/jacobi/pointer/site221_bit60.out,,,,,,,,,,,,,,,,
221,61,MASKED,MASKED_UNFLAGGED,,,,HeCBench/results/llvm17_inject/jacobi/pointer/site221_bit61.out,,,,,,,,,,,,,,,,
221,62,MASKED,MASKED_UNFLAGGED,,,,HeCBench/results/llvm17_inject/jacobi/pointer/site221_bit62.out,,,,,,,,,,,,,,,,
221,63,MASKED,MASKED_UNFLAGGED,,,,HeCBench/results/llvm17_inject/jacobi/pointer/site221_bit63.out,,,,,,,,,,,,,,,,
223,0,MASKED,MASKED_UNFLAGGED,,,,HeCBench/results/llvm17_inject/jacobi/pointer/site223_bit0.out,,,,,,,,,,,,,,,,
223,1,MASKED,MASKED_UNFLAGGED,,,,HeCBench/results/llvm17_inject/jacobi/pointer/site223_bit1.out,,,,,,,,,,,,,,,,
223,2,MASKED,MASKED_UNFLAGGED,,,,HeCBench/results/llvm17_inject/jacobi/pointer/site223_bit2.out,,,,,,,,,,,,,,,,
223,3,MASKED,MASKED_UNFLAGGED,,,,HeCBench/results/llvm17_inject/jacobi/pointer/site223_bit3.out,,,,,,,,,,,,,,,,
223,4,MASKED,MASKED_UNFLAGGED,,,,HeCBench/results/llvm17_inject/jacobi/pointer/site223_bit4.out,,,,,,,,,,,,,,,,
223,5,MASKED,MASKED_UNFLAGGED,,,,HeCBench/results/llvm17_inject/jacobi/pointer/site223_bit5.out,,,,,,,,,,,,,,,,
223,6,MASKED,MASKED_UNFLAGGED,,,,HeCBench/results/llvm17_inject/jacobi/pointer/site223_bit6.out,,,,,,,,,,,,,,,,
223,7,MASKED,MASKED_UNFLAGGED,,,,HeCBench/results/llvm17_inject/jacobi/pointer/site223_bit7.out,,,,,,,,,,,,,,,,
223,8,MASKED,MASKED_UNFLAGGED,,,,HeCBench/results/llvm17_inject/jacobi/pointer/site223_bit8.out,,,,,,,,,,,,,,,,
223,9,MASKED,MASKED_UNFLAGGED,,,,HeCBench/results/llvm17_inject/jacobi/pointer/site223_bit9.out,,,,,,,,,,,,,,,,
223,10,MASKED,MASKED_UNFLAGGED,,,,HeCBench/results/llvm17_inject/jacobi/pointer/site223_bit10.out,,,,,,,,,,,,,,,,
223,11,MASKED,MASKED_UNFLAGGED,,,,HeCBench/results/llvm17_inject/jacobi/pointer/site223_bit11.out,,,,,,,,,,,,,,,,
223,12,MASKED,MASKED_UNFLAGGED,,,,HeCBench/results/llvm17_inject/jacobi/pointer/site223_bit12.out,,,,,,,,,,,,,,,,
223,13,MASKED,MASKED_UNFLAGGED,,,,HeCBench/results/llvm17_inject/jacobi/pointer/site223_bit13.out,,,,,,,,,,,,,,,,
223,14,MASKED,MASKED_UNFLAGGED,,,,HeCBench/results/llvm17_inject/jacobi/pointer/site223_bit14.out,,,,,,,,,,,,,,,,
223,15,MASKED,MASKED_UNFLAGGED,,,,HeCBench/results/llvm17_inject/jacobi/pointer/site223_bit15.out,,,,,,,,,,,,,,,,
223,16,MASKED,MASKED_UNFLAGGED,,,,HeCBench/results/llvm17_inject/jacobi/pointer/site223_bit16.out,,,,,,,,,,,,,,,,
223,17,MASKED,MASKED_UNFLAGGED,,,,HeCBench/results/llvm17_inject/jacobi/pointer/site223_bit17.out,,,,,,,,,,,,,,,,
223,18,MASKED,MASKED_UNFLAGGED,,,,HeCBench/results/llvm17_inject/jacobi/pointer/site223_bit18.out,,,,,,,,,,,,,,,,
223,19,MASKED,MASKED_UNFLAGGED,,,,HeCBench/results/llvm17_inject/jacobi/pointer/site223_bit19.out,,,,,,,,,,,,,,,,
223,20,MASKED,MASKED_UNFLAGGED,,,,HeCBench/results/llvm17_inject/jacobi/pointer/site223_bit20.out,,,,,,,,,,,,,,,,
223,21,MASKED,MASKED_UNFLAGGED,,,,HeCBench/results/llvm17_inject/jacobi/pointer/site223_bit21.out,,,,,,,,,,,,,,,,
223,22,MASKED,MASKED_UNFLAGGED,,,,HeCBench/results/llvm17_inject/jacobi/pointer/site223_bit22.out,,,,,,,,,,,,,,,,
223,23,MASKED,MASKED_UNFLAGGED,,,,HeCBench/results/llvm17_inject/jacobi/pointer/site223_bit23.out,,,,,,,,,,,,,,,,
223,24,MASKED,MASKED_UNFLAGGED,,,,HeCBench/results/llvm17_inject/jacobi/pointer/site223_bit24.out,,,,,,,,,,,,,,,,
223,25,MASKED,MASKED_UNFLAGGED,,,,HeCBench/results/llvm17_inject/jacobi/pointer/site223_bit25.out,,,,,,,,,,,,,,,,
223,26,MASKED,MASKED_UNFLAGGED,,,,HeCBench/results/llvm17_inject/jacobi/pointer/site223_bit26.out,,,,,,,,,,,,,,,,
223,27,MASKED,MASKED_UNFLAGGED,,,,HeCBench/results/llvm17_inject/jacobi/pointer/site223_bit27.out,,,,,,,,,,,,,,,,
223,28,MASKED,MASKED_UNFLAGGED,,,,HeCBench/results/llvm17_inject/jacobi/pointer/site223_bit28.out,,,,,,,,,,,,,,,,
223,29,MASKED,MASKED_UNFLAGGED,,,,HeCBench/results/llvm17_inject/jacobi/pointer/site223_bit29.out,,,,,,,,,,,,,,,,
223,30,MASKED,MASKED_UNFLAGGED,,,,HeCBench/results/llvm17_inject/jacobi/pointer/site223_bit30.out,,,,,,,,,,,,,,,,
223,31,MASKED,MASKED_UNFLAGGED,,,,HeCBench/results/llvm17_inject/jacobi/pointer/site223_bit31.out,,,,,,,,,,,,,,,,
223,32,MASKED,MASKED_UNFLAGGED,,,,HeCBench/results/llvm17_inject/jacobi/pointer/site223_bit32.out,,,,,,,,,,,,,,,,
223,33,MASKED,MASKED_UNFLAGGED,,,,HeCBench/results/llvm17_inject/jacobi/pointer/site223_bit33.out,,,,,,,,,,,,,,,,
223,34,MASKED,MASKED_UNFLAGGED,,,,HeCBench/results/llvm17_inject/jacobi/pointer/site223_bit34.out,,,,,,,,,,,,,,,,
223,35,MASKED,MASKED_UNFLAGGED,,,,HeCBench/results/llvm17_inject/jacobi/pointer/site223_bit35.out,,,,,,,,,,,,,,,,
223,36,MASKED,MASKED_UNFLAGGED,,,,HeCBench/results/llvm17_inject/jacobi/pointer/site223_bit36.out,,,,,,,,,,,,,,,,
223,37,MASKED,MASKED_UNFLAGGED,,,,HeCBench/results/llvm17_inject/jacobi/pointer/site223_bit37.out,,,,,,,,,,,,,,,,
223,38,MASKED,MASKED_UNFLAGGED,,,,HeCBench/results/llvm17_inject/jacobi/pointer/site223_bit38.out,,,,,,,,,,,,,,,,
223,39,MASKED,MASKED_UNFLAGGED,,,,HeCBench/results/llvm17_inject/jacobi/pointer/site223_bit39.out,,,,,,,,,,,,,,,,
223,40,MASKED,MASKED_UNFLAGGED,,,,HeCBench/results/llvm17_inject/jacobi/pointer/site223_bit40.out,,,,,,,,,,,,,,,,
223,41,MASKED,MASKED_UNFLAGGED,,,,HeCBench/results/llvm17_inject/jacobi/pointer/site223_bit41.out,,,,,,,,,,,,,,,,
223,42,MASKED,MASKED_UNFLAGGED,,,,HeCBench/results/llvm17_inject/jacobi/pointer/site223_bit42.out,,,,,,,,,,,,,,,,
223,43,MASKED,MASKED_UNFLAGGED,,,,HeCBench/results/llvm17_inject/jacobi/pointer/site223_bit43.out,,,,,,,,,,,,,,,,
223,44,MASKED,MASKED_UNFLAGGED,,,,HeCBench/results/llvm17_inject/jacobi/pointer/site223_bit44.out,,,,,,,,,,,,,,,,
223,45,MASKED,MASKED_UNFLAGGED,,,,HeCBench/results/llvm17_inject/jacobi/pointer/site223_bit45.out,,,,,,,,,,,,,,,,
223,46,MASKED,MASKED_UNFLAGGED,,,,HeCBench/results/llvm17_inject/jacobi/pointer/site223_bit46.out,,,,,,,,,,,,,,,,
223,47,MASKED,MASKED_UNFLAGGED,,,,HeCBench/results/llvm17_inject/jacobi/pointer/site223_bit47.out,,,,,,,,,,,,,,,,
223,48,MASKED,MASKED_UNFLAGGED,,,,HeCBench/results/llvm17_inject/jacobi/pointer/site223_bit48.out,,,,,,,,,,,,,,,,
223,49,MASKED,MASKED_UNFLAGGED,,,,HeCBench/results/llvm17_inject/jacobi/pointer/site223_bit49.out,,,,,,,,,,,,,,,,
223,50,MASKED,MASKED_UNFLAGGED,,,,HeCBench/results/llvm17_inject/jacobi/pointer/site223_bit50.out,,,,,,,,,,,,,,,,
223,51,MASKED,MASKED_UNFLAGGED,,,,HeCBench/results/llvm17_inject/jacobi/pointer/site223_bit51.out,,,,,,,,,,,,,,,,
223,52,MASKED,MASKED_UNFLAGGED,,,,HeCBench/results/llvm17_inject/jacobi/pointer/site223_bit52.out,,,,,,,,,,,,,,,,
223,53,MASKED,MASKED_UNFLAGGED,,,,HeCBench/results/llvm17_inject/jacobi/pointer/site223_bit53.out,,,,,,,,,,,,,,,,
223,54,MASKED,MASKED_UNFLAGGED,,,,HeCBench/results/llvm17_inject/jacobi/pointer/site223_bit54.out,,,,,,,,,,,,,,,,
223,55,MASKED,MASKED_UNFLAGGED,,,,HeCBench/results/llvm17_inject/jacobi/pointer/site223_bit55.out,,,,,,,,,,,,,,,,
223,56,MASKED,MASKED_UNFLAGGED,,,,HeCBench/results/llvm17_inject/jacobi/pointer/site223_bit56.out,,,,,,,,,,,,,,,,
223,57,MASKED,MASKED_UNFLAGGED,,,,HeCBench/results/llvm17_inject/jacobi/pointer/site223_bit57.out,,,,,,,,,,,,,,,,
223,58,MASKED,MASKED_UNFLAGGED,,,,HeCBench/results/llvm17_inject/jacobi/pointer/site223_bit58.out,,,,,,,,,,,,,,,,
223,59,MASKED,MASKED_UNFLAGGED,,,,HeCBench/results/llvm17_inject/jacobi/pointer/site223_bit59.out,,,,,,,,,,,,,,,,
223,60,MASKED,MASKED_UNFLAGGED,,,,HeCBench/results/llvm17_inject/jacobi/pointer/site223_bit60.out,,,,,,,,,,,,,,,,
223,61,MASKED,MASKED_UNFLAGGED,,,,HeCBench/results/llvm17_inject/jacobi/pointer/site223_bit61.out,,,,,,,,,,,,,,,,
223,62,MASKED,MASKED_UNFLAGGED,,,,HeCBench/results/llvm17_inject/jacobi/pointer/site223_bit62.out,,,,,,,,,,,,,,,,
223,63,MASKED,MASKED_UNFLAGGED,,,,HeCBench/results/llvm17_inject/jacobi/pointer/site223_bit63.out,,,,,,,,,,,,,,,,
224,0,MASKED,MASKED_UNFLAGGED,,,,HeCBench/results/llvm17_inject/jacobi/pointer/site224_bit0.out,,,,,,,,,,,,,,,,
224,1,MASKED,MASKED_UNFLAGGED,,,,HeCBench/results/llvm17_inject/jacobi/pointer/site224_bit1.out,,,,,,,,,,,,,,,,
224,2,MASKED,MASKED_UNFLAGGED,,,,HeCBench/results/llvm17_inject/jacobi/pointer/site224_bit2.out,,,,,,,,,,,,,,,,
224,3,MASKED,MASKED_UNFLAGGED,,,,HeCBench/results/llvm17_inject/jacobi/pointer/site224_bit3.out,,,,,,,,,,,,,,,,
224,4,MASKED,MASKED_UNFLAGGED,,,,HeCBench/results/llvm17_inject/jacobi/pointer/site224_bit4.out,,,,,,,,,,,,,,,,
224,5,MASKED,MASKED_UNFLAGGED,,,,HeCBench/results/llvm17_inject/jacobi/pointer/site224_bit5.out,,,,,,,,,,,,,,,,
224,6,MASKED,MASKED_UNFLAGGED,,,,HeCBench/results/llvm17_inject/jacobi/pointer/site224_bit6.out,,,,,,,,,,,,,,,,
224,7,MASKED,MASKED_UNFLAGGED,,,,HeCBench/results/llvm17_inject/jacobi/pointer/site224_bit7.out,,,,,,,,,,,,,,,,
224,8,MASKED,MASKED_UNFLAGGED,,,,HeCBench/results/llvm17_inject/jacobi/pointer/site224_bit8.out,,,,,,,,,,,,,,,,
224,9,MASKED,MASKED_UNFLAGGED,,,,HeCBench/results/llvm17_inject/jacobi/pointer/site224_bit9.out,,,,,,,,,,,,,,,,
224,10,MASKED,MASKED_UNFLAGGED,,,,HeCBench/results/llvm17_inject/jacobi/pointer/site224_bit10.out,,,,,,,,,,,,,,,,
224,11,MASKED,MASKED_UNFLAGGED,,,,HeCBench/results/llvm17_inject/jacobi/pointer/site224_bit11.out,,,,,,,,,,,,,,,,
224,12,MASKED,MASKED_UNFLAGGED,,,,HeCBench/results/llvm17_inject/jacobi/pointer/site224_bit12.out,,,,,,,,,,,,,,,,
224,13,MASKED,MASKED_UNFLAGGED,,,,HeCBench/results/llvm17_inject/jacobi/pointer/site224_bit13.out,,,,,,,,,,,,,,,,
224,14,MASKED,MASKED_UNFLAGGED,,,,HeCBench/results/llvm17_inject/jacobi/pointer/site224_bit14.out,,,,,,,,,,,,,,,,
224,15,MASKED,MASKED_UNFLAGGED,,,,HeCBench/results/llvm17_inject/jacobi/pointer/site224_bit15.out,,,,,,,,,,,,,,,,
224,16,MASKED,MASKED_UNFLAGGED,,,,HeCBench/results/llvm17_inject/jacobi/pointer/site224_bit16.out,,,,,,,,,,,,,,,,
224,17,MASKED,MASKED_UNFLAGGED,,,,HeCBench/results/llvm17_inject/jacobi/pointer/site224_bit17.out,,,,,,,,,,,,,,,,
224,18,MASKED,MASKED_UNFLAGGED,,,,HeCBench/results/llvm17_inject/jacobi/pointer/site224_bit18.out,,,,,,,,,,,,,,,,
224,19,MASKED,MASKED_UNFLAGGED,,,,HeCBench/results/llvm17_inject/jacobi/pointer/site224_bit19.out,,,,,,,,,,,,,,,,
224,20,MASKED,MASKED_UNFLAGGED,,,,HeCBench/results/llvm17_inject/jacobi/pointer/site224_bit20.out,,,,,,,,,,,,,,,,
224,21,MASKED,MASKED_UNFLAGGED,,,,HeCBench/results/llvm17_inject/jacobi/pointer/site224_bit21.out,,,,,,,,,,,,,,,,
224,22,MASKED,MASKED_UNFLAGGED,,,,HeCBench/results/llvm17_inject/jacobi/pointer/site224_bit22.out,,,,,,,,,,,,,,,,
224,23,MASKED,MASKED_UNFLAGGED,,,,HeCBench/results/llvm17_inject/jacobi/pointer/site224_bit23.out,,,,,,,,,,,,,,,,
224,24,MASKED,MASKED_UNFLAGGED,,,,HeCBench/results/llvm17_inject/jacobi/pointer/site224_bit24.out,,,,,,,,,,,,,,,,
224,25,MASKED,MASKED_UNFLAGGED,,,,HeCBench/results/llvm17_inject/jacobi/pointer/site224_bit25.out,,,,,,,,,,,,,,,,
224,26,MASKED,MASKED_UNFLAGGED,,,,HeCBench/results/llvm17_inject/jacobi/pointer/site224_bit26.out,,,,,,,,,,,,,,,,
224,27,MASKED,MASKED_UNFLAGGED,,,,HeCBench/results/llvm17_inject/jacobi/pointer/site224_bit27.out,,,,,,,,,,,,,,,,
224,28,MASKED,MASKED_UNFLAGGED,,,,HeCBench/results/llvm17_inject/jacobi/pointer/site224_bit28.out,,,,,,,,,,,,,,,,
224,29,MASKED,MASKED_UNFLAGGED,,,,HeCBench/results/llvm17_inject/jacobi/pointer/site224_bit29.out,,,,,,,,,,,,,,,,
224,30,MASKED,MASKED_UNFLAGGED,,,,HeCBench/results/llvm17_inject/jacobi/pointer/site224_bit30.out,,,,,,,,,,,,,,,,
224,31,MASKED,MASKED_UNFLAGGED,,,,HeCBench/results/llvm17_inject/jacobi/pointer/site224_bit31.out,,,,,,,,,,,,,,,,
224,32,MASKED,MASKED_UNFLAGGED,,,,HeCBench/results/llvm17_inject/jacobi/pointer/site224_bit32.out,,,,,,,,,,,,,,,,
224,33,MASKED,MASKED_UNFLAGGED,,,,HeCBench/results/llvm17_inject/jacobi/pointer/site224_bit33.out,,,,,,,,,,,,,,,,
224,34,MASKED,MASKED_UNFLAGGED,,,,HeCBench/results/llvm17_inject/jacobi/pointer/site224_bit34.out,,,,,,,,,,,,,,,,
224,35,MASKED,MASKED_UNFLAGGED,,,,HeCBench/results/llvm17_inject/jacobi/pointer/site224_bit35.out,,,,,,,,,,,,,,,,
224,36,MASKED,MASKED_UNFLAGGED,,,,HeCBench/results/llvm17_inject/jacobi/pointer/site224_bit36.out,,,,,,,,,,,,,,,,
224,37,MASKED,MASKED_UNFLAGGED,,,,HeCBench/results/llvm17_inject/jacobi/pointer/site224_bit37.out,,,,,,,,,,,,,,,,
224,38,MASKED,MASKED_UNFLAGGED,,,,HeCBench/results/llvm17_inject/jacobi/pointer/site224_bit38.out,,,,,,,,,,,,,,,,
224,39,MASKED,MASKED_UNFLAGGED,,,,HeCBench/results/llvm17_inject/jacobi/pointer/site224_bit39.out,,,,,,,,,,,,,,,,
224,40,MASKED,MASKED_UNFLAGGED,,,,HeCBench/results/llvm17_inject/jacobi/pointer/site224_bit40.out,,,,,,,,,,,,,,,,
224,41,MASKED,MASKED_UNFLAGGED,,,,HeCBench/results/llvm17_inject/jacobi/pointer/site224_bit41.out,,,,,,,,,,,,,,,,
224,42,MASKED,MASKED_UNFLAGGED,,,,HeCBench/results/llvm17_inject/jacobi/pointer/site224_bit42.out,,,,,,,,,,,,,,,,
224,43,MASKED,MASKED_UNFLAGGED,,,,HeCBench/results/llvm17_inject/jacobi/pointer/site224_bit43.out,,,,,,,,,,,,,,,,
224,44,MASKED,MASKED_UNFLAGGED,,,,HeCBench/results/llvm17_inject/jacobi/pointer/site224_bit44.out,,,,,,,,,,,,,,,,
224,45,MASKED,MASKED_UNFLAGGED,,,,HeCBench/results/llvm17_inject/jacobi/pointer/site224_bit45.out,,,,,,,,,,,,,,,,
224,46,MASKED,MASKED_UNFLAGGED,,,,HeCBench/results/llvm17_inject/jacobi/pointer/site224_bit46.out,,,,,,,,,,,,,,,,
224,47,MASKED,MASKED_UNFLAGGED,,,,HeCBench/results/llvm17_inject/jacobi/pointer/site224_bit47.out,,,,,,,,,,,,,,,,
224,48,MASKED,MASKED_UNFLAGGED,,,,HeCBench/results/llvm17_inject/jacobi/pointer/site224_bit48.out,,,,,,,,,,,,,,,,
224,49,MASKED,MASKED_UNFLAGGED,,,,HeCBench/results/llvm17_inject/jacobi/pointer/site224_bit49.out,,,,,,,,,,,,,,,,
224,50,MASKED,MASKED_UNFLAGGED,,,,HeCBench/results/llvm17_inject/jacobi/pointer/site224_bit50.out,,,,,,,,,,,,,,,,
224,51,MASKED,MASKED_UNFLAGGED,,,,HeCBench/results/llvm17_inject/jacobi/pointer/site224_bit51.out,,,,,,,,,,,,,,,,
224,52,MASKED,MASKED_UNFLAGGED,,,,HeCBench/results/llvm17_inject/jacobi/pointer/site224_bit52.out,,,,,,,,,,,,,,,,
224,53,MASKED,MASKED_UNFLAGGED,,,,HeCBench/results/llvm17_inject/jacobi/pointer/site224_bit53.out,,,,,,,,,,,,,,,,
224,54,MASKED,MASKED_UNFLAGGED,,,,HeCBench/results/llvm17_inject/jacobi/pointer/site224_bit54.out,,,,,,,,,,,,,,,,
224,55,MASKED,MASKED_UNFLAGGED,,,,HeCBench/results/llvm17_inject/jacobi/pointer/site224_bit55.out,,,,,,,,,,,,,,,,
224,56,MASKED,MASKED_UNFLAGGED,,,,HeCBench/results/llvm17_inject/jacobi/pointer/site224_bit56.out,,,,,,,,,,,,,,,,
224,57,MASKED,MASKED_UNFLAGGED,,,,HeCBench/results/llvm17_inject/jacobi/pointer/site224_bit57.out,,,,,,,,,,,,,,,,
224,58,MASKED,MASKED_UNFLAGGED,,,,HeCBench/results/llvm17_inject/jacobi/pointer/site224_bit58.out,,,,,,,,,,,,,,,,
224,59,MASKED,MASKED_UNFLAGGED,,,,HeCBench/results/llvm17_inject/jacobi/pointer/site224_bit59.out,,,,,,,,,,,,,,,,
224,60,MASKED,MASKED_UNFLAGGED,,,,HeCBench/results/llvm17_inject/jacobi/pointer/site224_bit60.out,,,,,,,,,,,,,,,,
224,61,MASKED,MASKED_UNFLAGGED,,,,HeCBench/results/llvm17_inject/jacobi/pointer/site224_bit61.out,,,,,,,,,,,,,,,,
224,62,MASKED,MASKED_UNFLAGGED,,,,HeCBench/results/llvm17_inject/jacobi/pointer/site224_bit62.out,,,,,,,,,,,,,,,,
224,63,MASKED,MASKED_UNFLAGGED,,,,HeCBench/results/llvm17_inject/jacobi/pointer/site224_bit63.out,,,,,,,,,,,,,,,,
246,0,MASKED,MASKED_UNFLAGGED,,,,HeCBench/results/llvm17_inject/jacobi/pointer/site246_bit0.out,,,,,,,,,,,,,,,,
246,1,MASKED,MASKED_UNFLAGGED,,,,HeCBench/results/llvm17_inject/jacobi/pointer/site246_bit1.out,,,,,,,,,,,,,,,,
246,2,MASKED,MASKED_UNFLAGGED,,,,HeCBench/results/llvm17_inject/jacobi/pointer/site246_bit2.out,,,,,,,,,,,,,,,,
246,3,MASKED,MASKED_UNFLAGGED,,,,HeCBench/results/llvm17_inject/jacobi/pointer/site246_bit3.out,,,,,,,,,,,,,,,,
246,4,MASKED,MASKED_UNFLAGGED,,,,HeCBench/results/llvm17_inject/jacobi/pointer/site246_bit4.out,,,,,,,,,,,,,,,,
246,5,MASKED,MASKED_UNFLAGGED,,,,HeCBench/results/llvm17_inject/jacobi/pointer/site246_bit5.out,,,,,,,,,,,,,,,,
246,6,MASKED,MASKED_UNFLAGGED,,,,HeCBench/results/llvm17_inject/jacobi/pointer/site246_bit6.out,,,,,,,,,,,,,,,,
246,7,MASKED,MASKED_UNFLAGGED,,,,HeCBench/results/llvm17_inject/jacobi/pointer/site246_bit7.out,,,,,,,,,,,,,,,,
246,8,MASKED,MASKED_UNFLAGGED,,,,HeCBench/results/llvm17_inject/jacobi/pointer/site246_bit8.out,,,,,,,,,,,,,,,,
246,9,MASKED,MASKED_UNFLAGGED,,,,HeCBench/results/llvm17_inject/jacobi/pointer/site246_bit9.out,,,,,,,,,,,,,,,,
246,10,MASKED,MASKED_UNFLAGGED,,,,HeCBench/results/llvm17_inject/jacobi/pointer/site246_bit10.out,,,,,,,,,,,,,,,,
246,11,MASKED,MASKED_UNFLAGGED,,,,HeCBench/results/llvm17_inject/jacobi/pointer/site246_bit11.out,,,,,,,,,,,,,,,,
246,12,MASKED,MASKED_UNFLAGGED,,,,HeCBench/results/llvm17_inject/jacobi/pointer/site246_bit12.out,,,,,,,,,,,,,,,,
246,13,MASKED,MASKED_UNFLAGGED,,,,HeCBench/results/llvm17_inject/jacobi/pointer/site246_bit13.out,,,,,,,,,,,,,,,,
246,14,MASKED,MASKED_UNFLAGGED,,,,HeCBench/results/llvm17_inject/jacobi/pointer/site246_bit14.out,,,,,,,,,,,,,,,,
246,15,MASKED,MASKED_UNFLAGGED,,,,HeCBench/results/llvm17_inject/jacobi/pointer/site246_bit15.out,,,,,,,,,,,,,,,,
246,16,MASKED,MASKED_UNFLAGGED,,,,HeCBench/results/llvm17_inject/jacobi/pointer/site246_bit16.out,,,,,,,,,,,,,,,,
246,17,MASKED,MASKED_UNFLAGGED,,,,HeCBench/results/llvm17_inject/jacobi/pointer/site246_bit17.out,,,,,,,,,,,,,,,,
246,18,MASKED,MASKED_UNFLAGGED,,,,HeCBench/results/llvm17_inject/jacobi/pointer/site246_bit18.out,,,,,,,,,,,,,,,,
246,19,MASKED,MASKED_UNFLAGGED,,,,HeCBench/results/llvm17_inject/jacobi/pointer/site246_bit19.out,,,,,,,,,,,,,,,,
246,20,MASKED,MASKED_UNFLAGGED,,,,HeCBench/results/llvm17_inject/jacobi/pointer/site246_bit20.out,,,,,,,,,,,,,,,,
246,21,MASKED,MASKED_UNFLAGGED,,,,HeCBench/results/llvm17_inject/jacobi/pointer/site246_bit21.out,,,,,,,,,,,,,,,,
246,22,MASKED,MASKED_UNFLAGGED,,,,HeCBench/results/llvm17_inject/jacobi/pointer/site246_bit22.out,,,,,,,,,,,,,,,,
246,23,MASKED,MASKED_UNFLAGGED,,,,HeCBench/results/llvm17_inject/jacobi/pointer/site246_bit23.out,,,,,,,,,,,,,,,,
246,24,MASKED,MASKED_UNFLAGGED,,,,HeCBench/results/llvm17_inject/jacobi/pointer/site246_bit24.out,,,,,,,,,,,,,,,,
246,25,MASKED,MASKED_UNFLAGGED,,,,HeCBench/results/llvm17_inject/jacobi/pointer/site246_bit25.out,,,,,,,,,,,,,,,,
246,26,MASKED,MASKED_UNFLAGGED,,,,HeCBench/results/llvm17_inject/jacobi/pointer/site246_bit26.out,,,,,,,,,,,,,,,,
246,27,MASKED,MASKED_UNFLAGGED,,,,HeCBench/results/llvm17_inject/jacobi/pointer/site246_bit27.out,,,,,,,,,,,,,,,,
246,28,MASKED,MASKED_UNFLAGGED,,,,HeCBench/results/llvm17_inject/jacobi/pointer/site246_bit28.out,,,,,,,,,,,,,,,,
246,29,MASKED,MASKED_UNFLAGGED,,,,HeCBench/results/llvm17_inject/jacobi/pointer/site246_bit29.out,,,,,,,,,,,,,,,,
246,30,MASKED,MASKED_UNFLAGGED,,,,HeCBench/results/llvm17_inject/jacobi/pointer/site246_bit30.out,,,,,,,,,,,,,,,,
246,31,MASKED,MASKED_UNFLAGGED,,,,HeCBench/results/llvm17_inject/jacobi/pointer/site246_bit31.out,,,,,,,,,,,,,,,,
246,32,MASKED,MASKED_UNFLAGGED,,,,HeCBench/results/llvm17_inject/jacobi/pointer/site246_bit32.out,,,,,,,,,,,,,,,,
246,33,MASKED,MASKED_UNFLAGGED,,,,HeCBench/results/llvm17_inject/jacobi/pointer/site246_bit33.out,,,,,,,,,,,,,,,,
246,34,MASKED,MASKED_UNFLAGGED,,,,HeCBench/results/llvm17_inject/jacobi/pointer/site246_bit34.out,,,,,,,,,,,,,,,,
246,35,MASKED,MASKED_UNFLAGGED,,,,HeCBench/results/llvm17_inject/jacobi/pointer/site246_bit35.out,,,,,,,,,,,,,,,,
246,36,MASKED,MASKED_UNFLAGGED,,,,HeCBench/results/llvm17_inject/jacobi/pointer/site246_bit36.out,,,,,,,,,,,,,,,,
246,37,MASKED,MASKED_UNFLAGGED,,,,HeCBench/results/llvm17_inject/jacobi/pointer/site246_bit37.out,,,,,,,,,,,,,,,,
246,38,MASKED,MASKED_UNFLAGGED,,,,HeCBench/results/llvm17_inject/jacobi/pointer/site246_bit38.out,,,,,,,,,,,,,,,,
246,39,MASKED,MASKED_UNFLAGGED,,,,HeCBench/results/llvm17_inject/jacobi/pointer/site246_bit39.out,,,,,,,,,,,,,,,,
246,40,MASKED,MASKED_UNFLAGGED,,,,HeCBench/results/llvm17_inject/jacobi/pointer/site246_bit40.out,,,,,,,,,,,,,,,,
246,41,MASKED,MASKED_UNFLAGGED,,,,HeCBench/results/llvm17_inject/jacobi/pointer/site246_bit41.out,,,,,,,,,,,,,,,,
246,42,MASKED,MASKED_UNFLAGGED,,,,HeCBench/results/llvm17_inject/jacobi/pointer/site246_bit42.out,,,,,,,,,,,,,,,,
246,43,MASKED,MASKED_UNFLAGGED,,,,HeCBench/results/llvm17_inject/jacobi/pointer/site246_bit43.out,,,,,,,,,,,,,,,,
246,44,MASKED,MASKED_UNFLAGGED,,,,HeCBench/results/llvm17_inject/jacobi/pointer/site246_bit44.out,,,,,,,,,,,,,,,,
246,45,MASKED,MASKED_UNFLAGGED,,,,HeCBench/results/llvm17_inject/jacobi/pointer/site246_bit45.out,,,,,,,,,,,,,,,,
246,46,MASKED,MASKED_UNFLAGGED,,,,HeCBench/results/llvm17_inject/jacobi/pointer/site246_bit46.out,,,,,,,,,,,,,,,,
246,47,MASKED,MASKED_UNFLAGGED,,,,HeCBench/results/llvm17_inject/jacobi/pointer/site246_bit47.out,,,,,,,,,,,,,,,,
246,48,MASKED,MASKED_UNFLAGGED,,,,HeCBench/results/llvm17_inject/jacobi/pointer/site246_bit48.out,,,,,,,,,,,,,,,,
246,49,MASKED,MASKED_UNFLAGGED,,,,HeCBench/results/llvm17_inject/jacobi/pointer/site246_bit49.out,,,,,,,,,,,,,,,,
246,50,MASKED,MASKED_UNFLAGGED,,,,HeCBench/results/llvm17_inject/jacobi/pointer/site246_bit50.out,,,,,,,,,,,,,,,,
246,51,MASKED,MASKED_UNFLAGGED,,,,HeCBench/results/llvm17_inject/jacobi/pointer/site246_bit51.out,,,,,,,,,,,,,,,,
246,52,MASKED,MASKED_UNFLAGGED,,,,HeCBench/results/llvm17_inject/jacobi/pointer/site246_bit52.out,,,,,,,,,,,,,,,,
246,53,MASKED,MASKED_UNFLAGGED,,,,HeCBench/results/llvm17_inject/jacobi/pointer/site246_bit53.out,,,,,,,,,,,,,,,,
246,54,MASKED,MASKED_UNFLAGGED,,,,HeCBench/results/llvm17_inject/jacobi/pointer/site246_bit54.out,,,,,,,,,,,,,,,,
246,55,MASKED,MASKED_UNFLAGGED,,,,HeCBench/results/llvm17_inject/jacobi/pointer/site246_bit55.out,,,,,,,,,,,,,,,,
246,56,MASKED,MASKED_UNFLAGGED,,,,HeCBench/results/llvm17_inject/jacobi/pointer/site246_bit56.out,,,,,,,,,,,,,,,,
246,57,MASKED,MASKED_UNFLAGGED,,,,HeCBench/results/llvm17_inject/jacobi/pointer/site246_bit57.out,,,,,,,,,,,,,,,,
246,58,MASKED,MASKED_UNFLAGGED,,,,HeCBench/results/llvm17_inject/jacobi/pointer/site246_bit58.out,,,,,,,,,,,,,,,,
246,59,MASKED,MASKED_UNFLAGGED,,,,HeCBench/results/llvm17_inject/jacobi/pointer/site246_bit59.out,,,,,,,,,,,,,,,,
246,60,MASKED,MASKED_UNFLAGGED,,,,HeCBench/results/llvm17_inject/jacobi/pointer/site246_bit60.out,,,,,,,,,,,,,,,,
246,61,MASKED,MASKED_UNFLAGGED,,,,HeCBench/results/llvm17_inject/jacobi/pointer/site246_bit61.out,,,,,,,,,,,,,,,,
246,62,MASKED,MASKED_UNFLAGGED,,,,HeCBench/results/llvm17_inject/jacobi/pointer/site246_bit62.out,,,,,,,,,,,,,,,,
246,63,MASKED,MASKED_UNFLAGGED,,,,HeCBench/results/llvm17_inject/jacobi/pointer/site246_bit63.out,,,,,,,,,,,,,,,,
274,0,MASKED,MASKED_UNFLAGGED,,,,HeCBench/results/llvm17_inject/jacobi/pointer/site274_bit0.out,,,,,,,,,,,,,,,,
274,1,MASKED,MASKED_UNFLAGGED,,,,HeCBench/results/llvm17_inject/jacobi/pointer/site274_bit1.out,,,,,,,,,,,,,,,,
274,2,MASKED,MASKED_UNFLAGGED,,,,HeCBench/results/llvm17_inject/jacobi/pointer/site274_bit2.out,,,,,,,,,,,,,,,,
274,3,MASKED,MASKED_UNFLAGGED,,,,HeCBench/results/llvm17_inject/jacobi/pointer/site274_bit3.out,,,,,,,,,,,,,,,,
274,4,MASKED,MASKED_UNFLAGGED,,,,HeCBench/results/llvm17_inject/jacobi/pointer/site274_bit4.out,,,,,,,,,,,,,,,,
274,5,MASKED,MASKED_UNFLAGGED,,,,HeCBench/results/llvm17_inject/jacobi/pointer/site274_bit5.out,,,,,,,,,,,,,,,,
274,6,MASKED,MASKED_UNFLAGGED,,,,HeCBench/results/llvm17_inject/jacobi/pointer/site274_bit6.out,,,,,,,,,,,,,,,,
274,7,MASKED,MASKED_UNFLAGGED,,,,HeCBench/results/llvm17_inject/jacobi/pointer/site274_bit7.out,,,,,,,,,,,,,,,,
274,8,MASKED,MASKED_UNFLAGGED,,,,HeCBench/results/llvm17_inject/jacobi/pointer/site274_bit8.out,,,,,,,,,,,,,,,,
274,9,MASKED,MASKED_UNFLAGGED,,,,HeCBench/results/llvm17_inject/jacobi/pointer/site274_bit9.out,,,,,,,,,,,,,,,,
274,10,MASKED,MASKED_UNFLAGGED,,,,HeCBench/results/llvm17_inject/jacobi/pointer/site274_bit10.out,,,,,,,,,,,,,,,,
274,11,MASKED,MASKED_UNFLAGGED,,,,HeCBench/results/llvm17_inject/jacobi/pointer/site274_bit11.out,,,,,,,,,,,,,,,,
274,12,MASKED,MASKED_UNFLAGGED,,,,HeCBench/results/llvm17_inject/jacobi/pointer/site274_bit12.out,,,,,,,,,,,,,,,,
274,13,MASKED,MASKED_UNFLAGGED,,,,HeCBench/results/llvm17_inject/jacobi/pointer/site274_bit13.out,,,,,,,,,,,,,,,,
274,14,MASKED,MASKED_UNFLAGGED,,,,HeCBench/results/llvm17_inject/jacobi/pointer/site274_bit14.out,,,,,,,,,,,,,,,,
274,15,MASKED,MASKED_UNFLAGGED,,,,HeCBench/results/llvm17_inject/jacobi/pointer/site274_bit15.out,,,,,,,,,,,,,,,,
274,16,MASKED,MASKED_UNFLAGGED,,,,HeCBench/results/llvm17_inject/jacobi/pointer/site274_bit16.out,,,,,,,,,,,,,,,,
274,17,MASKED,MASKED_UNFLAGGED,,,,HeCBench/results/llvm17_inject/jacobi/pointer/site274_bit17.out,,,,,,,,,,,,,,,,
274,18,MASKED,MASKED_UNFLAGGED,,,,HeCBench/results/llvm17_inject/jacobi/pointer/site274_bit18.out,,,,,,,,,,,,,,,,
274,19,MASKED,MASKED_UNFLAGGED,,,,HeCBench/results/llvm17_inject/jacobi/pointer/site274_bit19.out,,,,,,,,,,,,,,,,
274,20,MASKED,MASKED_UNFLAGGED,,,,HeCBench/results/llvm17_inject/jacobi/pointer/site274_bit20.out,,,,,,,,,,,,,,,,
274,21,MASKED,MASKED_UNFLAGGED,,,,HeCBench/results/llvm17_inject/jacobi/pointer/site274_bit21.out,,,,,,,,,,,,,,,,
274,22,MASKED,MASKED_UNFLAGGED,,,,HeCBench/results/llvm17_inject/jacobi/pointer/site274_bit22.out,,,,,,,,,,,,,,,,
274,23,MASKED,MASKED_UNFLAGGED,,,,HeCBench/results/llvm17_inject/jacobi/pointer/site274_bit23.out,,,,,,,,,,,,,,,,
274,24,MASKED,MASKED_UNFLAGGED,,,,HeCBench/results/llvm17_inject/jacobi/pointer/site274_bit24.out,,,,,,,,,,,,,,,,
274,25,MASKED,MASKED_UNFLAGGED,,,,HeCBench/results/llvm17_inject/jacobi/pointer/site274_bit25.out,,,,,,,,,,,,,,,,
274,26,MASKED,MASKED_UNFLAGGED,,,,HeCBench/results/llvm17_inject/jacobi/pointer/site274_bit26.out,,,,,,,,,,,,,,,,
274,27,MASKED,MASKED_UNFLAGGED,,,,HeCBench/results/llvm17_inject/jacobi/pointer/site274_bit27.out,,,,,,,,,,,,,,,,
274,28,MASKED,MASKED_UNFLAGGED,,,,HeCBench/results/llvm17_inject/jacobi/pointer/site274_bit28.out,,,,,,,,,,,,,,,,
274,29,MASKED,MASKED_UNFLAGGED,,,,HeCBench/results/llvm17_inject/jacobi/pointer/site274_bit29.out,,,,,,,,,,,,,,,,
274,30,MASKED,MASKED_UNFLAGGED,,,,HeCBench/results/llvm17_inject/jacobi/pointer/site274_bit30.out,,,,,,,,,,,,,,,,
274,31,MASKED,MASKED_UNFLAGGED,,,,HeCBench/results/llvm17_inject/jacobi/pointer/site274_bit31.out,,,,,,,,,,,,,,,,
274,32,MASKED,MASKED_UNFLAGGED,,,,HeCBench/results/llvm17_inject/jacobi/pointer/site274_bit32.out,,,,,,,,,,,,,,,,
274,33,MASKED,MASKED_UNFLAGGED,,,,HeCBench/results/llvm17_inject/jacobi/pointer/site274_bit33.out,,,,,,,,,,,,,,,,
274,34,MASKED,MASKED_UNFLAGGED,,,,HeCBench/results/llvm17_inject/jacobi/pointer/site274_bit34.out,,,,,,,,,,,,,,,,
274,35,MASKED,MASKED_UNFLAGGED,,,,HeCBench/results/llvm17_inject/jacobi/pointer/site274_bit35.out,,,,,,,,,,,,,,,,
274,36,MASKED,MASKED_UNFLAGGED,,,,HeCBench/results/llvm17_inject/jacobi/pointer/site274_bit36.out,,,,,,,,,,,,,,,,
274,37,MASKED,MASKED_UNFLAGGED,,,,HeCBench/results/llvm17_inject/jacobi/pointer/site274_bit37.out,,,,,,,,,,,,,,,,
274,38,MASKED,MASKED_UNFLAGGED,,,,HeCBench/results/llvm17_inject/jacobi/pointer/site274_bit38.out,,,,,,,,,,,,,,,,
274,39,MASKED,MASKED_UNFLAGGED,,,,HeCBench/results/llvm17_inject/jacobi/pointer/site274_bit39.out,,,,,,,,,,,,,,,,
274,40,MASKED,MASKED_UNFLAGGED,,,,HeCBench/results/llvm17_inject/jacobi/pointer/site274_bit40.out,,,,,,,,,,,,,,,,
274,41,MASKED,MASKED_UNFLAGGED,,,,HeCBench/results/llvm17_inject/jacobi/pointer/site274_bit41.out,,,,,,,,,,,,,,,,
274,42,MASKED,MASKED_UNFLAGGED,,,,HeCBench/results/llvm17_inject/jacobi/pointer/site274_bit42.out,,,,,,,,,,,,,,,,
274,43,MASKED,MASKED_UNFLAGGED,,,,HeCBench/results/llvm17_inject/jacobi/pointer/site274_bit43.out,,,,,,,,,,,,,,,,
274,44,MASKED,MASKED_UNFLAGGED,,,,HeCBench/results/llvm17_inject/jacobi/pointer/site274_bit44.out,,,,,,,,,,,,,,,,
274,45,MASKED,MASKED_UNFLAGGED,,,,HeCBench/results/llvm17_inject/jacobi/pointer/site274_bit45.out,,,,,,,,,,,,,,,,
274,46,MASKED,MASKED_UNFLAGGED,,,,HeCBench/results/llvm17_inject/jacobi/pointer/site274_bit46.out,,,,,,,,,,,,,,,,
274,47,MASKED,MASKED_UNFLAGGED,,,,HeCBench/results/llvm17_inject/jacobi/pointer/site274_bit47.out,,,,,,,,,,,,,,,,
274,48,MASKED,MASKED_UNFLAGGED,,,,HeCBench/results/llvm17_inject/jacobi/pointer/site274_bit48.out,,,,,,,,,,,,,,,,
274,49,MASKED,MASKED_UNFLAGGED,,,,HeCBench/results/llvm17_inject/jacobi/pointer/site274_bit49.out,,,,,,,,,,,,,,,,
274,50,MASKED,MASKED_UNFLAGGED,,,,HeCBench/results/llvm17_inject/jacobi/pointer/site274_bit50.out,,,,,,,,,,,,,,,,
274,51,MASKED,MASKED_UNFLAGGED,,,,HeCBench/results/llvm17_inject/jacobi/pointer/site274_bit51.out,,,,,,,,,,,,,,,,
274,52,MASKED,MASKED_UNFLAGGED,,,,HeCBench/results/llvm17_inject/jacobi/pointer/site274_bit52.out,,,,,,,,,,,,,,,,
274,53,MASKED,MASKED_UNFLAGGED,,,,HeCBench/results/llvm17_inject/jacobi/pointer/site274_bit53.out,,,,,,,,,,,,,,,,
274,54,MASKED,MASKED_UNFLAGGED,,,,HeCBench/results/llvm17_inject/jacobi/pointer/site274_bit54.out,,,,,,,,,,,,,,,,
274,55,MASKED,MASKED_UNFLAGGED,,,,HeCBench/results/llvm17_inject/jacobi/pointer/site274_bit55.out,,,,,,,,,,,,,,,,
274,56,MASKED,MASKED_UNFLAGGED,,,,HeCBench/results/llvm17_inject/jacobi/pointer/site274_bit56.out,,,,,,,,,,,,,,,,
274,57,MASKED,MASKED_UNFLAGGED,,,,HeCBench/results/llvm17_inject/jacobi/pointer/site274_bit57.out,,,,,,,,,,,,,,,,
274,58,MASKED,MASKED_UNFLAGGED,,,,HeCBench/results/llvm17_inject/jacobi/pointer/site274_bit58.out,,,,,,,,,,,,,,,,
274,59,MASKED,MASKED_UNFLAGGED,,,,HeCBench/results/llvm17_inject/jacobi/pointer/site274_bit59.out,,,,,,,,,,,,,,,,
274,60,MASKED,MASKED_UNFLAGGED,,,,HeCBench/results/llvm17_inject/jacobi/pointer/site274_bit60.out,,,,,,,,,,,,,,,,
274,61,MASKED,MASKED_UNFLAGGED,,,,HeCBench/results/llvm17_inject/jacobi/pointer/site274_bit61.out,,,,,,,,,,,,,,,,
274,62,MASKED,MASKED_UNFLAGGED,,,,HeCBench/results/llvm17_inject/jacobi/pointer/site274_bit62.out,,,,,,,,,,,,,,,,
274,63,MASKED,MASKED_UNFLAGGED,,,,HeCBench/results/llvm17_inject/jacobi/pointer/site274_bit63.out,,,,,,,,,,,,,,,,
275,0,MASKED,MASKED_UNFLAGGED,,,,HeCBench/results/llvm17_inject/jacobi/pointer/site275_bit0.out,,,,,,,,,,,,,,,,
275,1,MASKED,MASKED_UNFLAGGED,,,,HeCBench/results/llvm17_inject/jacobi/pointer/site275_bit1.out,,,,,,,,,,,,,,,,
275,2,MASKED,MASKED_UNFLAGGED,,,,HeCBench/results/llvm17_inject/jacobi/pointer/site275_bit2.out,,,,,,,,,,,,,,,,
275,3,MASKED,MASKED_UNFLAGGED,,,,HeCBench/results/llvm17_inject/jacobi/pointer/site275_bit3.out,,,,,,,,,,,,,,,,
275,4,MASKED,MASKED_UNFLAGGED,,,,HeCBench/results/llvm17_inject/jacobi/pointer/site275_bit4.out,,,,,,,,,,,,,,,,
275,5,MASKED,MASKED_UNFLAGGED,,,,HeCBench/results/llvm17_inject/jacobi/pointer/site275_bit5.out,,,,,,,,,,,,,,,,
275,6,MASKED,MASKED_UNFLAGGED,,,,HeCBench/results/llvm17_inject/jacobi/pointer/site275_bit6.out,,,,,,,,,,,,,,,,
275,7,MASKED,MASKED_UNFLAGGED,,,,HeCBench/results/llvm17_inject/jacobi/pointer/site275_bit7.out,,,,,,,,,,,,,,,,
275,8,MASKED,MASKED_UNFLAGGED,,,,HeCBench/results/llvm17_inject/jacobi/pointer/site275_bit8.out,,,,,,,,,,,,,,,,
275,9,MASKED,MASKED_UNFLAGGED,,,,HeCBench/results/llvm17_inject/jacobi/pointer/site275_bit9.out,,,,,,,,,,,,,,,,
275,10,MASKED,MASKED_UNFLAGGED,,,,HeCBench/results/llvm17_inject/jacobi/pointer/site275_bit10.out,,,,,,,,,,,,,,,,
275,11,MASKED,MASKED_UNFLAGGED,,,,HeCBench/results/llvm17_inject/jacobi/pointer/site275_bit11.out,,,,,,,,,,,,,,,,
275,12,MASKED,MASKED_UNFLAGGED,,,,HeCBench/results/llvm17_inject/jacobi/pointer/site275_bit12.out,,,,,,,,,,,,,,,,
275,13,MASKED,MASKED_UNFLAGGED,,,,HeCBench/results/llvm17_inject/jacobi/pointer/site275_bit13.out,,,,,,,,,,,,,,,,
275,14,MASKED,MASKED_UNFLAGGED,,,,HeCBench/results/llvm17_inject/jacobi/pointer/site275_bit14.out,,,,,,,,,,,,,,,,
275,15,MASKED,MASKED_UNFLAGGED,,,,HeCBench/results/llvm17_inject/jacobi/pointer/site275_bit15.out,,,,,,,,,,,,,,,,
275,16,MASKED,MASKED_UNFLAGGED,,,,HeCBench/results/llvm17_inject/jacobi/pointer/site275_bit16.out,,,,,,,,,,,,,,,,
275,17,MASKED,MASKED_UNFLAGGED,,,,HeCBench/results/llvm17_inject/jacobi/pointer/site275_bit17.out,,,,,,,,,,,,,,,,
275,18,MASKED,MASKED_UNFLAGGED,,,,HeCBench/results/llvm17_inject/jacobi/pointer/site275_bit18.out,,,,,,,,,,,,,,,,
275,19,MASKED,MASKED_UNFLAGGED,,,,HeCBench/results/llvm17_inject/jacobi/pointer/site275_bit19.out,,,,,,,,,,,,,,,,
275,20,MASKED,MASKED_UNFLAGGED,,,,HeCBench/results/llvm17_inject/jacobi/pointer/site275_bit20.out,,,,,,,,,,,,,,,,
275,21,MASKED,MASKED_UNFLAGGED,,,,HeCBench/results/llvm17_inject/jacobi/pointer/site275_bit21.out,,,,,,,,,,,,,,,,
275,22,MASKED,MASKED_UNFLAGGED,,,,HeCBench/results/llvm17_inject/jacobi/pointer/site275_bit22.out,,,,,,,,,,,,,,,,
275,23,MASKED,MASKED_UNFLAGGED,,,,HeCBench/results/llvm17_inject/jacobi/pointer/site275_bit23.out,,,,,,,,,,,,,,,,
275,24,MASKED,MASKED_UNFLAGGED,,,,HeCBench/results/llvm17_inject/jacobi/pointer/site275_bit24.out,,,,,,,,,,,,,,,,
275,25,MASKED,MASKED_UNFLAGGED,,,,HeCBench/results/llvm17_inject/jacobi/pointer/site275_bit25.out,,,,,,,,,,,,,,,,
275,26,MASKED,MASKED_UNFLAGGED,,,,HeCBench/results/llvm17_inject/jacobi/pointer/site275_bit26.out,,,,,,,,,,,,,,,,
275,27,MASKED,MASKED_UNFLAGGED,,,,HeCBench/results/llvm17_inject/jacobi/pointer/site275_bit27.out,,,,,,,,,,,,,,,,
275,28,MASKED,MASKED_UNFLAGGED,,,,HeCBench/results/llvm17_inject/jacobi/pointer/site275_bit28.out,,,,,,,,,,,,,,,,
275,29,MASKED,MASKED_UNFLAGGED,,,,HeCBench/results/llvm17_inject/jacobi/pointer/site275_bit29.out,,,,,,,,,,,,,,,,
275,30,MASKED,MASKED_UNFLAGGED,,,,HeCBench/results/llvm17_inject/jacobi/pointer/site275_bit30.out,,,,,,,,,,,,,,,,
275,31,MASKED,MASKED_UNFLAGGED,,,,HeCBench/results/llvm17_inject/jacobi/pointer/site275_bit31.out,,,,,,,,,,,,,,,,
275,32,MASKED,MASKED_UNFLAGGED,,,,HeCBench/results/llvm17_inject/jacobi/pointer/site275_bit32.out,,,,,,,,,,,,,,,,
275,33,MASKED,MASKED_UNFLAGGED,,,,HeCBench/results/llvm17_inject/jacobi/pointer/site275_bit33.out,,,,,,,,,,,,,,,,
275,34,MASKED,MASKED_UNFLAGGED,,,,HeCBench/results/llvm17_inject/jacobi/pointer/site275_bit34.out,,,,,,,,,,,,,,,,
275,35,MASKED,MASKED_UNFLAGGED,,,,HeCBench/results/llvm17_inject/jacobi/pointer/site275_bit35.out,,,,,,,,,,,,,,,,
275,36,MASKED,MASKED_UNFLAGGED,,,,HeCBench/results/llvm17_inject/jacobi/pointer/site275_bit36.out,,,,,,,,,,,,,,,,
275,37,MASKED,MASKED_UNFLAGGED,,,,HeCBench/results/llvm17_inject/jacobi/pointer/site275_bit37.out,,,,,,,,,,,,,,,,
275,38,MASKED,MASKED_UNFLAGGED,,,,HeCBench/results/llvm17_inject/jacobi/pointer/site275_bit38.out,,,,,,,,,,,,,,,,
275,39,MASKED,MASKED_UNFLAGGED,,,,HeCBench/results/llvm17_inject/jacobi/pointer/site275_bit39.out,,,,,,,,,,,,,,,,
275,40,MASKED,MASKED_UNFLAGGED,,,,HeCBench/results/llvm17_inject/jacobi/pointer/site275_bit40.out,,,,,,,,,,,,,,,,
275,41,MASKED,MASKED_UNFLAGGED,,,,HeCBench/results/llvm17_inject/jacobi/pointer/site275_bit41.out,,,,,,,,,,,,,,,,
275,42,MASKED,MASKED_UNFLAGGED,,,,HeCBench/results/llvm17_inject/jacobi/pointer/site275_bit42.out,,,,,,,,,,,,,,,,
275,43,MASKED,MASKED_UNFLAGGED,,,,HeCBench/results/llvm17_inject/jacobi/pointer/site275_bit43.out,,,,,,,,,,,,,,,,
275,44,MASKED,MASKED_UNFLAGGED,,,,HeCBench/results/llvm17_inject/jacobi/pointer/site275_bit44.out,,,,,,,,,,,,,,,,
275,45,MASKED,MASKED_UNFLAGGED,,,,HeCBench/results/llvm17_inject/jacobi/pointer/site275_bit45.out,,,,,,,,,,,,,,,,
275,46,MASKED,MASKED_UNFLAGGED,,,,HeCBench/results/llvm17_inject/jacobi/pointer/site275_bit46.out,,,,,,,,,,,,,,,,
275,47,MASKED,MASKED_UNFLAGGED,,,,HeCBench/results/llvm17_inject/jacobi/pointer/site275_bit47.out,,,,,,,,,,,,,,,,
275,48,MASKED,MASKED_UNFLAGGED,,,,HeCBench/results/llvm17_inject/jacobi/pointer/site275_bit48.out,,,,,,,,,,,,,,,,
275,49,MASKED,MASKED_UNFLAGGED,,,,HeCBench/results/llvm17_inject/jacobi/pointer/site275_bit49.out,,,,,,,,,,,,,,,,
275,50,MASKED,MASKED_UNFLAGGED,,,,HeCBench/results/llvm17_inject/jacobi/pointer/site275_bit50.out,,,,,,,,,,,,,,,,
275,51,MASKED,MASKED_UNFLAGGED,,,,HeCBench/results/llvm17_inject/jacobi/pointer/site275_bit51.out,,,,,,,,,,,,,,,,
275,52,MASKED,MASKED_UNFLAGGED,,,,HeCBench/results/llvm17_inject/jacobi/pointer/site275_bit52.out,,,,,,,,,,,,,,,,
275,53,MASKED,MASKED_UNFLAGGED,,,,HeCBench/results/llvm17_inject/jacobi/pointer/site275_bit53.out,,,,,,,,,,,,,,,,
275,54,MASKED,MASKED_UNFLAGGED,,,,HeCBench/results/llvm17_inject/jacobi/pointer/site275_bit54.out,,,,,,,,,,,,,,,,
275,55,MASKED,MASKED_UNFLAGGED,,,,HeCBench/results/llvm17_inject/jacobi/pointer/site275_bit55.out,,,,,,,,,,,,,,,,
275,56,MASKED,MASKED_UNFLAGGED,,,,HeCBench/results/llvm17_inject/jacobi/pointer/site275_bit56.out,,,,,,,,,,,,,,,,
275,57,MASKED,MASKED_UNFLAGGED,,,,HeCBench/results/llvm17_inject/jacobi/pointer/site275_bit57.out,,,,,,,,,,,,,,,,
275,58,MASKED,MASKED_UNFLAGGED,,,,HeCBench/results/llvm17_inject/jacobi/pointer/site275_bit58.out,,,,,,,,,,,,,,,,
275,59,MASKED,MASKED_UNFLAGGED,,,,HeCBench/results/llvm17_inject/jacobi/pointer/site275_bit59.out,,,,,,,,,,,,,,,,
275,60,MASKED,MASKED_UNFLAGGED,,,,HeCBench/results/llvm17_inject/jacobi/pointer/site275_bit60.out,,,,,,,,,,,,,,,,
275,61,MASKED,MASKED_UNFLAGGED,,,,HeCBench/results/llvm17_inject/jacobi/pointer/site275_bit61.out,,,,,,,,,,,,,,,,
275,62,MASKED,MASKED_UNFLAGGED,,,,HeCBench/results/llvm17_inject/jacobi/pointer/site275_bit62.out,,,,,,,,,,,,,,,,
275,63,MASKED,MASKED_UNFLAGGED,,,,HeCBench/results/llvm17_inject/jacobi/pointer/site275_bit63.out,,,,,,,,,,,,,,,,
276,0,MASKED,MASKED_UNFLAGGED,,,,HeCBench/results/llvm17_inject/jacobi/pointer/site276_bit0.out,,,,,,,,,,,,,,,,
276,1,MASKED,MASKED_UNFLAGGED,,,,HeCBench/results/llvm17_inject/jacobi/pointer/site276_bit1.out,,,,,,,,,,,,,,,,
276,2,MASKED,MASKED_UNFLAGGED,,,,HeCBench/results/llvm17_inject/jacobi/pointer/site276_bit2.out,,,,,,,,,,,,,,,,
276,3,MASKED,MASKED_UNFLAGGED,,,,HeCBench/results/llvm17_inject/jacobi/pointer/site276_bit3.out,,,,,,,,,,,,,,,,
276,4,MASKED,MASKED_UNFLAGGED,,,,HeCBench/results/llvm17_inject/jacobi/pointer/site276_bit4.out,,,,,,,,,,,,,,,,
276,5,MASKED,MASKED_UNFLAGGED,,,,HeCBench/results/llvm17_inject/jacobi/pointer/site276_bit5.out,,,,,,,,,,,,,,,,
276,6,MASKED,MASKED_UNFLAGGED,,,,HeCBench/results/llvm17_inject/jacobi/pointer/site276_bit6.out,,,,,,,,,,,,,,,,
276,7,MASKED,MASKED_UNFLAGGED,,,,HeCBench/results/llvm17_inject/jacobi/pointer/site276_bit7.out,,,,,,,,,,,,,,,,
276,8,MASKED,MASKED_UNFLAGGED,,,,HeCBench/results/llvm17_inject/jacobi/pointer/site276_bit8.out,,,,,,,,,,,,,,,,
276,9,MASKED,MASKED_UNFLAGGED,,,,HeCBench/results/llvm17_inject/jacobi/pointer/site276_bit9.out,,,,,,,,,,,,,,,,
276,10,MASKED,MASKED_UNFLAGGED,,,,HeCBench/results/llvm17_inject/jacobi/pointer/site276_bit10.out,,,,,,,,,,,,,,,,
276,11,MASKED,MASKED_UNFLAGGED,,,,HeCBench/results/llvm17_inject/jacobi/pointer/site276_bit11.out,,,,,,,,,,,,,,,,
276,12,MASKED,MASKED_UNFLAGGED,,,,HeCBench/results/llvm17_inject/jacobi/pointer/site276_bit12.out,,,,,,,,,,,,,,,,
276,13,MASKED,MASKED_UNFLAGGED,,,,HeCBench/results/llvm17_inject/jacobi/pointer/site276_bit13.out,,,,,,,,,,,,,,,,
276,14,MASKED,MASKED_UNFLAGGED,,,,HeCBench/results/llvm17_inject/jacobi/pointer/site276_bit14.out,,,,,,,,,,,,,,,,
276,15,MASKED,MASKED_UNFLAGGED,,,,HeCBench/results/llvm17_inject/jacobi/pointer/site276_bit15.out,,,,,,,,,,,,,,,,
276,16,MASKED,MASKED_UNFLAGGED,,,,HeCBench/results/llvm17_inject/jacobi/pointer/site276_bit16.out,,,,,,,,,,,,,,,,
276,17,MASKED,MASKED_UNFLAGGED,,,,HeCBench/results/llvm17_inject/jacobi/pointer/site276_bit17.out,,,,,,,,,,,,,,,,
276,18,MASKED,MASKED_UNFLAGGED,,,,HeCBench/results/llvm17_inject/jacobi/pointer/site276_bit18.out,,,,,,,,,,,,,,,,
276,19,MASKED,MASKED_UNFLAGGED,,,,HeCBench/results/llvm17_inject/jacobi/pointer/site276_bit19.out,,,,,,,,,,,,,,,,
276,20,MASKED,MASKED_UNFLAGGED,,,,HeCBench/results/llvm17_inject/jacobi/pointer/site276_bit20.out,,,,,,,,,,,,,,,,
276,21,MASKED,MASKED_UNFLAGGED,,,,HeCBench/results/llvm17_inject/jacobi/pointer/site276_bit21.out,,,,,,,,,,,,,,,,
276,22,MASKED,MASKED_UNFLAGGED,,,,HeCBench/results/llvm17_inject/jacobi/pointer/site276_bit22.out,,,,,,,,,,,,,,,,
276,23,MASKED,MASKED_UNFLAGGED,,,,HeCBench/results/llvm17_inject/jacobi/pointer/site276_bit23.out,,,,,,,,,,,,,,,,
276,24,MASKED,MASKED_UNFLAGGED,,,,HeCBench/results/llvm17_inject/jacobi/pointer/site276_bit24.out,,,,,,,,,,,,,,,,
276,25,MASKED,MASKED_UNFLAGGED,,,,HeCBench/results/llvm17_inject/jacobi/pointer/site276_bit25.out,,,,,,,,,,,,,,,,
276,26,MASKED,MASKED_UNFLAGGED,,,,HeCBench/results/llvm17_inject/jacobi/pointer/site276_bit26.out,,,,,,,,,,,,,,,,
276,27,MASKED,MASKED_UNFLAGGED,,,,HeCBench/results/llvm17_inject/jacobi/pointer/site276_bit27.out,,,,,,,,,,,,,,,,
276,28,MASKED,MASKED_UNFLAGGED,,,,HeCBench/results/llvm17_inject/jacobi/pointer/site276_bit28.out,,,,,,,,,,,,,,,,
276,29,MASKED,MASKED_UNFLAGGED,,,,HeCBench/results/llvm17_inject/jacobi/pointer/site276_bit29.out,,,,,,,,,,,,,,,,
276,30,MASKED,MASKED_UNFLAGGED,,,,HeCBench/results/llvm17_inject/jacobi/pointer/site276_bit30.out,,,,,,,,,,,,,,,,
276,31,MASKED,MASKED_UNFLAGGED,,,,HeCBench/results/llvm17_inject/jacobi/pointer/site276_bit31.out,,,,,,,,,,,,,,,,
276,32,MASKED,MASKED_UNFLAGGED,,,,HeCBench/results/llvm17_inject/jacobi/pointer/site276_bit32.out,,,,,,,,,,,,,,,,
276,33,MASKED,MASKED_UNFLAGGED,,,,HeCBench/results/llvm17_inject/jacobi/pointer/site276_bit33.out,,,,,,,,,,,,,,,,
276,34,MASKED,MASKED_UNFLAGGED,,,,HeCBench/results/llvm17_inject/jacobi/pointer/site276_bit34.out,,,,,,,,,,,,,,,,
276,35,MASKED,MASKED_UNFLAGGED,,,,HeCBench/results/llvm17_inject/jacobi/pointer/site276_bit35.out,,,,,,,,,,,,,,,,
276,36,MASKED,MASKED_UNFLAGGED,,,,HeCBench/results/llvm17_inject/jacobi/pointer/site276_bit36.out,,,,,,,,,,,,,,,,
276,37,MASKED,MASKED_UNFLAGGED,,,,HeCBench/results/llvm17_inject/jacobi/pointer/site276_bit37.out,,,,,,,,,,,,,,,,
276,38,MASKED,MASKED_UNFLAGGED,,,,HeCBench/results/llvm17_inject/jacobi/pointer/site276_bit38.out,,,,,,,,,,,,,,,,
276,39,MASKED,MASKED_UNFLAGGED,,,,HeCBench/results/llvm17_inject/jacobi/pointer/site276_bit39.out,,,,,,,,,,,,,,,,
276,40,MASKED,MASKED_UNFLAGGED,,,,HeCBench/results/llvm17_inject/jacobi/pointer/site276_bit40.out,,,,,,,,,,,,,,,,
276,41,MASKED,MASKED_UNFLAGGED,,,,HeCBench/results/llvm17_inject/jacobi/pointer/site276_bit41.out,,,,,,,,,,,,,,,,
276,42,MASKED,MASKED_UNFLAGGED,,,,HeCBench/results/llvm17_inject/jacobi/pointer/site276_bit42.out,,,,,,,,,,,,,,,,
276,43,MASKED,MASKED_UNFLAGGED,,,,HeCBench/results/llvm17_inject/jacobi/pointer/site276_bit43.out,,,,,,,,,,,,,,,,
276,44,MASKED,MASKED_UNFLAGGED,,,,HeCBench/results/llvm17_inject/jacobi/pointer/site276_bit44.out,,,,,,,,,,,,,,,,
276,45,MASKED,MASKED_UNFLAGGED,,,,HeCBench/results/llvm17_inject/jacobi/pointer/site276_bit45.out,,,,,,,,,,,,,,,,
276,46,MASKED,MASKED_UNFLAGGED,,,,HeCBench/results/llvm17_inject/jacobi/pointer/site276_bit46.out,,,,,,,,,,,,,,,,
276,47,MASKED,MASKED_UNFLAGGED,,,,HeCBench/results/llvm17_inject/jacobi/pointer/site276_bit47.out,,,,,,,,,,,,,,,,
276,48,MASKED,MASKED_UNFLAGGED,,,,HeCBench/results/llvm17_inject/jacobi/pointer/site276_bit48.out,,,,,,,,,,,,,,,,
276,49,MASKED,MASKED_UNFLAGGED,,,,HeCBench/results/llvm17_inject/jacobi/pointer/site276_bit49.out,,,,,,,,,,,,,,,,
276,50,MASKED,MASKED_UNFLAGGED,,,,HeCBench/results/llvm17_inject/jacobi/pointer/site276_bit50.out,,,,,,,,,,,,,,,,
276,51,MASKED,MASKED_UNFLAGGED,,,,HeCBench/results/llvm17_inject/jacobi/pointer/site276_bit51.out,,,,,,,,,,,,,,,,
276,52,MASKED,MASKED_UNFLAGGED,,,,HeCBench/results/llvm17_inject/jacobi/pointer/site276_bit52.out,,,,,,,,,,,,,,,,
276,53,MASKED,MASKED_UNFLAGGED,,,,HeCBench/results/llvm17_inject/jacobi/pointer/site276_bit53.out,,,,,,,,,,,,,,,,
276,54,MASKED,MASKED_UNFLAGGED,,,,HeCBench/results/llvm17_inject/jacobi/pointer/site276_bit54.out,,,,,,,,,,,,,,,,
276,55,MASKED,MASKED_UNFLAGGED,,,,HeCBench/results/llvm17_inject/jacobi/pointer/site276_bit55.out,,,,,,,,,,,,,,,,
276,56,MASKED,MASKED_UNFLAGGED,,,,HeCBench/results/llvm17_inject/jacobi/pointer/site276_bit56.out,,,,,,,,,,,,,,,,
276,57,MASKED,MASKED_UNFLAGGED,,,,HeCBench/results/llvm17_inject/jacobi/pointer/site276_bit57.out,,,,,,,,,,,,,,,,
276,58,MASKED,MASKED_UNFLAGGED,,,,HeCBench/results/llvm17_inject/jacobi/pointer/site276_bit58.out,,,,,,,,,,,,,,,,
276,59,MASKED,MASKED_UNFLAGGED,,,,HeCBench/results/llvm17_inject/jacobi/pointer/site276_bit59.out,,,,,,,,,,,,,,,,
276,60,MASKED,MASKED_UNFLAGGED,,,,HeCBench/results/llvm17_inject/jacobi/pointer/site276_bit60.out,,,,,,,,,,,,,,,,
276,61,MASKED,MASKED_UNFLAGGED,,,,HeCBench/results/llvm17_inject/jacobi/pointer/site276_bit61.out,,,,,,,,,,,,,,,,
276,62,MASKED,MASKED_UNFLAGGED,,,,HeCBench/results/llvm17_inject/jacobi/pointer/site276_bit62.out,,,,,,,,,,,,,,,,
276,63,MASKED,MASKED_UNFLAGGED,,,,HeCBench/results/llvm17_inject/jacobi/pointer/site276_bit63.out,,,,,,,,,,,,,,,,
289,0,MASKED,MASKED_UNFLAGGED,,,,HeCBench/results/llvm17_inject/jacobi/pointer/site289_bit0.out,,,,,,,,,,,,,,,,
289,1,MASKED,MASKED_UNFLAGGED,,,,HeCBench/results/llvm17_inject/jacobi/pointer/site289_bit1.out,,,,,,,,,,,,,,,,
289,2,MASKED,MASKED_UNFLAGGED,,,,HeCBench/results/llvm17_inject/jacobi/pointer/site289_bit2.out,,,,,,,,,,,,,,,,
289,3,MASKED,MASKED_UNFLAGGED,,,,HeCBench/results/llvm17_inject/jacobi/pointer/site289_bit3.out,,,,,,,,,,,,,,,,
289,4,MASKED,MASKED_UNFLAGGED,,,,HeCBench/results/llvm17_inject/jacobi/pointer/site289_bit4.out,,,,,,,,,,,,,,,,
289,5,MASKED,MASKED_UNFLAGGED,,,,HeCBench/results/llvm17_inject/jacobi/pointer/site289_bit5.out,,,,,,,,,,,,,,,,
289,6,MASKED,MASKED_UNFLAGGED,,,,HeCBench/results/llvm17_inject/jacobi/pointer/site289_bit6.out,,,,,,,,,,,,,,,,
289,7,MASKED,MASKED_UNFLAGGED,,,,HeCBench/results/llvm17_inject/jacobi/pointer/site289_bit7.out,,,,,,,,,,,,,,,,
289,8,MASKED,MASKED_UNFLAGGED,,,,HeCBench/results/llvm17_inject/jacobi/pointer/site289_bit8.out,,,,,,,,,,,,,,,,
289,9,MASKED,MASKED_UNFLAGGED,,,,HeCBench/results/llvm17_inject/jacobi/pointer/site289_bit9.out,,,,,,,,,,,,,,,,
289,10,MASKED,MASKED_UNFLAGGED,,,,HeCBench/results/llvm17_inject/jacobi/pointer/site289_bit10.out,,,,,,,,,,,,,,,,
289,11,MASKED,MASKED_UNFLAGGED,,,,HeCBench/results/llvm17_inject/jacobi/pointer/site289_bit11.out,,,,,,,,,,,,,,,,
289,12,MASKED,MASKED_UNFLAGGED,,,,HeCBench/results/llvm17_inject/jacobi/pointer/site289_bit12.out,,,,,,,,,,,,,,,,
289,13,MASKED,MASKED_UNFLAGGED,,,,HeCBench/results/llvm17_inject/jacobi/pointer/site289_bit13.out,,,,,,,,,,,,,,,,
289,14,MASKED,MASKED_UNFLAGGED,,,,HeCBench/results/llvm17_inject/jacobi/pointer/site289_bit14.out,,,,,,,,,,,,,,,,
289,15,MASKED,MASKED_UNFLAGGED,,,,HeCBench/results/llvm17_inject/jacobi/pointer/site289_bit15.out,,,,,,,,,,,,,,,,
289,16,MASKED,MASKED_UNFLAGGED,,,,HeCBench/results/llvm17_inject/jacobi/pointer/site289_bit16.out,,,,,,,,,,,,,,,,
289,17,MASKED,MASKED_UNFLAGGED,,,,HeCBench/results/llvm17_inject/jacobi/pointer/site289_bit17.out,,,,,,,,,,,,,,,,
289,18,MASKED,MASKED_UNFLAGGED,,,,HeCBench/results/llvm17_inject/jacobi/pointer/site289_bit18.out,,,,,,,,,,,,,,,,
289,19,MASKED,MASKED_UNFLAGGED,,,,HeCBench/results/llvm17_inject/jacobi/pointer/site289_bit19.out,,,,,,,,,,,,,,,,
289,20,MASKED,MASKED_UNFLAGGED,,,,HeCBench/results/llvm17_inject/jacobi/pointer/site289_bit20.out,,,,,,,,,,,,,,,,
289,21,MASKED,MASKED_UNFLAGGED,,,,HeCBench/results/llvm17_inject/jacobi/pointer/site289_bit21.out,,,,,,,,,,,,,,,,
289,22,MASKED,MASKED_UNFLAGGED,,,,HeCBench/results/llvm17_inject/jacobi/pointer/site289_bit22.out,,,,,,,,,,,,,,,,
289,23,MASKED,MASKED_UNFLAGGED,,,,HeCBench/results/llvm17_inject/jacobi/pointer/site289_bit23.out,,,,,,,,,,,,,,,,
289,24,MASKED,MASKED_UNFLAGGED,,,,HeCBench/results/llvm17_inject/jacobi/pointer/site289_bit24.out,,,,,,,,,,,,,,,,
289,25,MASKED,MASKED_UNFLAGGED,,,,HeCBench/results/llvm17_inject/jacobi/pointer/site289_bit25.out,,,,,,,,,,,,,,,,
289,26,MASKED,MASKED_UNFLAGGED,,,,HeCBench/results/llvm17_inject/jacobi/pointer/site289_bit26.out,,,,,,,,,,,,,,,,
289,27,MASKED,MASKED_UNFLAGGED,,,,HeCBench/results/llvm17_inject/jacobi/pointer/site289_bit27.out,,,,,,,,,,,,,,,,
289,28,MASKED,MASKED_UNFLAGGED,,,,HeCBench/results/llvm17_inject/jacobi/pointer/site289_bit28.out,,,,,,,,,,,,,,,,
289,29,MASKED,MASKED_UNFLAGGED,,,,HeCBench/results/llvm17_inject/jacobi/pointer/site289_bit29.out,,,,,,,,,,,,,,,,
289,30,MASKED,MASKED_UNFLAGGED,,,,HeCBench/results/llvm17_inject/jacobi/pointer/site289_bit30.out,,,,,,,,,,,,,,,,
289,31,MASKED,MASKED_UNFLAGGED,,,,HeCBench/results/llvm17_inject/jacobi/pointer/site289_bit31.out,,,,,,,,,,,,,,,,
289,32,MASKED,MASKED_UNFLAGGED,,,,HeCBench/results/llvm17_inject/jacobi/pointer/site289_bit32.out,,,,,,,,,,,,,,,,
289,33,MASKED,MASKED_UNFLAGGED,,,,HeCBench/results/llvm17_inject/jacobi/pointer/site289_bit33.out,,,,,,,,,,,,,,,,
289,34,MASKED,MASKED_UNFLAGGED,,,,HeCBench/results/llvm17_inject/jacobi/pointer/site289_bit34.out,,,,,,,,,,,,,,,,
289,35,MASKED,MASKED_UNFLAGGED,,,,HeCBench/results/llvm17_inject/jacobi/pointer/site289_bit35.out,,,,,,,,,,,,,,,,
289,36,MASKED,MASKED_UNFLAGGED,,,,HeCBench/results/llvm17_inject/jacobi/pointer/site289_bit36.out,,,,,,,,,,,,,,,,
289,37,MASKED,MASKED_UNFLAGGED,,,,HeCBench/results/llvm17_inject/jacobi/pointer/site289_bit37.out,,,,,,,,,,,,,,,,
289,38,MASKED,MASKED_UNFLAGGED,,,,HeCBench/results/llvm17_inject/jacobi/pointer/site289_bit38.out,,,,,,,,,,,,,,,,
289,39,MASKED,MASKED_UNFLAGGED,,,,HeCBench/results/llvm17_inject/jacobi/pointer/site289_bit39.out,,,,,,,,,,,,,,,,
289,40,MASKED,MASKED_UNFLAGGED,,,,HeCBench/results/llvm17_inject/jacobi/pointer/site289_bit40.out,,,,,,,,,,,,,,,,
289,41,MASKED,MASKED_UNFLAGGED,,,,HeCBench/results/llvm17_inject/jacobi/pointer/site289_bit41.out,,,,,,,,,,,,,,,,
289,42,MASKED,MASKED_UNFLAGGED,,,,HeCBench/results/llvm17_inject/jacobi/pointer/site289_bit42.out,,,,,,,,,,,,,,,,
289,43,MASKED,MASKED_UNFLAGGED,,,,HeCBench/results/llvm17_inject/jacobi/pointer/site289_bit43.out,,,,,,,,,,,,,,,,
289,44,MASKED,MASKED_UNFLAGGED,,,,HeCBench/results/llvm17_inject/jacobi/pointer/site289_bit44.out,,,,,,,,,,,,,,,,
289,45,MASKED,MASKED_UNFLAGGED,,,,HeCBench/results/llvm17_inject/jacobi/pointer/site289_bit45.out,,,,,,,,,,,,,,,,
289,46,MASKED,MASKED_UNFLAGGED,,,,HeCBench/results/llvm17_inject/jacobi/pointer/site289_bit46.out,,,,,,,,,,,,,,,,
289,47,MASKED,MASKED_UNFLAGGED,,,,HeCBench/results/llvm17_inject/jacobi/pointer/site289_bit47.out,,,,,,,,,,,,,,,,
289,48,MASKED,MASKED_UNFLAGGED,,,,HeCBench/results/llvm17_inject/jacobi/pointer/site289_bit48.out,,,,,,,,,,,,,,,,
289,49,MASKED,MASKED_UNFLAGGED,,,,HeCBench/results/llvm17_inject/jacobi/pointer/site289_bit49.out,,,,,,,,,,,,,,,,
289,50,MASKED,MASKED_UNFLAGGED,,,,HeCBench/results/llvm17_inject/jacobi/pointer/site289_bit50.out,,,,,,,,,,,,,,,,
289,51,MASKED,MASKED_UNFLAGGED,,,,HeCBench/results/llvm17_inject/jacobi/pointer/site289_bit51.out,,,,,,,,,,,,,,,,
289,52,MASKED,MASKED_UNFLAGGED,,,,HeCBench/results/llvm17_inject/jacobi/pointer/site289_bit52.out,,,,,,,,,,,,,,,,
289,53,MASKED,MASKED_UNFLAGGED,,,,HeCBench/results/llvm17_inject/jacobi/pointer/site289_bit53.out,,,,,,,,,,,,,,,,
289,54,MASKED,MASKED_UNFLAGGED,,,,HeCBench/results/llvm17_inject/jacobi/pointer/site289_bit54.out,,,,,,,,,,,,,,,,
289,55,MASKED,MASKED_UNFLAGGED,,,,HeCBench/results/llvm17_inject/jacobi/pointer/site289_bit55.out,,,,,,,,,,,,,,,,
289,56,MASKED,MASKED_UNFLAGGED,,,,HeCBench/results/llvm17_inject/jacobi/pointer/site289_bit56.out,,,,,,,,,,,,,,,,
289,57,MASKED,MASKED_UNFLAGGED,,,,HeCBench/results/llvm17_inject/jacobi/pointer/site289_bit57.out,,,,,,,,,,,,,,,,
289,58,MASKED,MASKED_UNFLAGGED,,,,HeCBench/results/llvm17_inject/jacobi/pointer/site289_bit58.out,,,,,,,,,,,,,,,,
289,59,MASKED,MASKED_UNFLAGGED,,,,HeCBench/results/llvm17_inject/jacobi/pointer/site289_bit59.out,,,,,,,,,,,,,,,,
289,60,MASKED,MASKED_UNFLAGGED,,,,HeCBench/results/llvm17_inject/jacobi/pointer/site289_bit60.out,,,,,,,,,,,,,,,,
289,61,MASKED,MASKED_UNFLAGGED,,,,HeCBench/results/llvm17_inject/jacobi/pointer/site289_bit61.out,,,,,,,,,,,,,,,,
289,62,MASKED,MASKED_UNFLAGGED,,,,HeCBench/results/llvm17_inject/jacobi/pointer/site289_bit62.out,,,,,,,,,,,,,,,,
289,63,MASKED,MASKED_UNFLAGGED,,,,HeCBench/results/llvm17_inject/jacobi/pointer/site289_bit63.out,,,,,,,,,,,,,,,,
290,0,MASKED,MASKED_UNFLAGGED,,,,HeCBench/results/llvm17_inject/jacobi/pointer/site290_bit0.out,,,,,,,,,,,,,,,,
290,1,MASKED,MASKED_UNFLAGGED,,,,HeCBench/results/llvm17_inject/jacobi/pointer/site290_bit1.out,,,,,,,,,,,,,,,,
290,2,MASKED,MASKED_UNFLAGGED,,,,HeCBench/results/llvm17_inject/jacobi/pointer/site290_bit2.out,,,,,,,,,,,,,,,,
290,3,MASKED,MASKED_UNFLAGGED,,,,HeCBench/results/llvm17_inject/jacobi/pointer/site290_bit3.out,,,,,,,,,,,,,,,,
290,4,MASKED,MASKED_UNFLAGGED,,,,HeCBench/results/llvm17_inject/jacobi/pointer/site290_bit4.out,,,,,,,,,,,,,,,,
290,5,MASKED,MASKED_UNFLAGGED,,,,HeCBench/results/llvm17_inject/jacobi/pointer/site290_bit5.out,,,,,,,,,,,,,,,,
290,6,MASKED,MASKED_UNFLAGGED,,,,HeCBench/results/llvm17_inject/jacobi/pointer/site290_bit6.out,,,,,,,,,,,,,,,,
290,7,MASKED,MASKED_UNFLAGGED,,,,HeCBench/results/llvm17_inject/jacobi/pointer/site290_bit7.out,,,,,,,,,,,,,,,,
290,8,MASKED,MASKED_UNFLAGGED,,,,HeCBench/results/llvm17_inject/jacobi/pointer/site290_bit8.out,,,,,,,,,,,,,,,,
290,9,MASKED,MASKED_UNFLAGGED,,,,HeCBench/results/llvm17_inject/jacobi/pointer/site290_bit9.out,,,,,,,,,,,,,,,,
290,10,MASKED,MASKED_UNFLAGGED,,,,HeCBench/results/llvm17_inject/jacobi/pointer/site290_bit10.out,,,,,,,,,,,,,,,,
290,11,MASKED,MASKED_UNFLAGGED,,,,HeCBench/results/llvm17_inject/jacobi/pointer/site290_bit11.out,,,,,,,,,,,,,,,,
290,12,MASKED,MASKED_UNFLAGGED,,,,HeCBench/results/llvm17_inject/jacobi/pointer/site290_bit12.out,,,,,,,,,,,,,,,,
290,13,MASKED,MASKED_UNFLAGGED,,,,HeCBench/results/llvm17_inject/jacobi/pointer/site290_bit13.out,,,,,,,,,,,,,,,,
290,14,MASKED,MASKED_UNFLAGGED,,,,HeCBench/results/llvm17_inject/jacobi/pointer/site290_bit14.out,,,,,,,,,,,,,,,,
290,15,MASKED,MASKED_UNFLAGGED,,,,HeCBench/results/llvm17_inject/jacobi/pointer/site290_bit15.out,,,,,,,,,,,,,,,,
290,16,MASKED,MASKED_UNFLAGGED,,,,HeCBench/results/llvm17_inject/jacobi/pointer/site290_bit16.out,,,,,,,,,,,,,,,,
290,17,MASKED,MASKED_UNFLAGGED,,,,HeCBench/results/llvm17_inject/jacobi/pointer/site290_bit17.out,,,,,,,,,,,,,,,,
290,18,MASKED,MASKED_UNFLAGGED,,,,HeCBench/results/llvm17_inject/jacobi/pointer/site290_bit18.out,,,,,,,,,,,,,,,,
290,19,MASKED,MASKED_UNFLAGGED,,,,HeCBench/results/llvm17_inject/jacobi/pointer/site290_bit19.out,,,,,,,,,,,,,,,,
290,20,MASKED,MASKED_UNFLAGGED,,,,HeCBench/results/llvm17_inject/jacobi/pointer/site290_bit20.out,,,,,,,,,,,,,,,,
290,21,MASKED,MASKED_UNFLAGGED,,,,HeCBench/results/llvm17_inject/jacobi/pointer/site290_bit21.out,,,,,,,,,,,,,,,,
290,22,MASKED,MASKED_UNFLAGGED,,,,HeCBench/results/llvm17_inject/jacobi/pointer/site290_bit22.out,,,,,,,,,,,,,,,,
290,23,MASKED,MASKED_UNFLAGGED,,,,HeCBench/results/llvm17_inject/jacobi/pointer/site290_bit23.out,,,,,,,,,,,,,,,,
290,24,MASKED,MASKED_UNFLAGGED,,,,HeCBench/results/llvm17_inject/jacobi/pointer/site290_bit24.out,,,,,,,,,,,,,,,,
290,25,MASKED,MASKED_UNFLAGGED,,,,HeCBench/results/llvm17_inject/jacobi/pointer/site290_bit25.out,,,,,,,,,,,,,,,,
290,26,MASKED,MASKED_UNFLAGGED,,,,HeCBench/results/llvm17_inject/jacobi/pointer/site290_bit26.out,,,,,,,,,,,,,,,,
290,27,MASKED,MASKED_UNFLAGGED,,,,HeCBench/results/llvm17_inject/jacobi/pointer/site290_bit27.out,,,,,,,,,,,,,,,,
290,28,MASKED,MASKED_UNFLAGGED,,,,HeCBench/results/llvm17_inject/jacobi/pointer/site290_bit28.out,,,,,,,,,,,,,,,,
290,29,MASKED,MASKED_UNFLAGGED,,,,HeCBench/results/llvm17_inject/jacobi/pointer/site290_bit29.out,,,,,,,,,,,,,,,,
290,30,MASKED,MASKED_UNFLAGGED,,,,HeCBench/results/llvm17_inject/jacobi/pointer/site290_bit30.out,,,,,,,,,,,,,,,,
290,31,MASKED,MASKED_UNFLAGGED,,,,HeCBench/results/llvm17_inject/jacobi/pointer/site290_bit31.out,,,,,,,,,,,,,,,,
290,32,MASKED,MASKED_UNFLAGGED,,,,HeCBench/results/llvm17_inject/jacobi/pointer/site290_bit32.out,,,,,,,,,,,,,,,,
290,33,MASKED,MASKED_UNFLAGGED,,,,HeCBench/results/llvm17_inject/jacobi/pointer/site290_bit33.out,,,,,,,,,,,,,,,,
290,34,MASKED,MASKED_UNFLAGGED,,,,HeCBench/results/llvm17_inject/jacobi/pointer/site290_bit34.out,,,,,,,,,,,,,,,,
290,35,MASKED,MASKED_UNFLAGGED,,,,HeCBench/results/llvm17_inject/jacobi/pointer/site290_bit35.out,,,,,,,,,,,,,,,,
290,36,MASKED,MASKED_UNFLAGGED,,,,HeCBench/results/llvm17_inject/jacobi/pointer/site290_bit36.out,,,,,,,,,,,,,,,,
290,37,MASKED,MASKED_UNFLAGGED,,,,HeCBench/results/llvm17_inject/jacobi/pointer/site290_bit37.out,,,,,,,,,,,,,,,,
290,38,MASKED,MASKED_UNFLAGGED,,,,HeCBench/results/llvm17_inject/jacobi/pointer/site290_bit38.out,,,,,,,,,,,,,,,,
290,39,MASKED,MASKED_UNFLAGGED,,,,HeCBench/results/llvm17_inject/jacobi/pointer/site290_bit39.out,,,,,,,,,,,,,,,,
290,40,MASKED,MASKED_UNFLAGGED,,,,HeCBench/results/llvm17_inject/jacobi/pointer/site290_bit40.out,,,,,,,,,,,,,,,,
290,41,MASKED,MASKED_UNFLAGGED,,,,HeCBench/results/llvm17_inject/jacobi/pointer/site290_bit41.out,,,,,,,,,,,,,,,,
290,42,MASKED,MASKED_UNFLAGGED,,,,HeCBench/results/llvm17_inject/jacobi/pointer/site290_bit42.out,,,,,,,,,,,,,,,,
290,43,MASKED,MASKED_UNFLAGGED,,,,HeCBench/results/llvm17_inject/jacobi/pointer/site290_bit43.out,,,,,,,,,,,,,,,,
290,44,MASKED,MASKED_UNFLAGGED,,,,HeCBench/results/llvm17_inject/jacobi/pointer/site290_bit44.out,,,,,,,,,,,,,,,,
290,45,MASKED,MASKED_UNFLAGGED,,,,HeCBench/results/llvm17_inject/jacobi/pointer/site290_bit45.out,,,,,,,,,,,,,,,,
290,46,MASKED,MASKED_UNFLAGGED,,,,HeCBench/results/llvm17_inject/jacobi/pointer/site290_bit46.out,,,,,,,,,,,,,,,,
290,47,MASKED,MASKED_UNFLAGGED,,,,HeCBench/results/llvm17_inject/jacobi/pointer/site290_bit47.out,,,,,,,,,,,,,,,,
290,48,MASKED,MASKED_UNFLAGGED,,,,HeCBench/results/llvm17_inject/jacobi/pointer/site290_bit48.out,,,,,,,,,,,,,,,,
290,49,MASKED,MASKED_UNFLAGGED,,,,HeCBench/results/llvm17_inject/jacobi/pointer/site290_bit49.out,,,,,,,,,,,,,,,,
290,50,MASKED,MASKED_UNFLAGGED,,,,HeCBench/results/llvm17_inject/jacobi/pointer/site290_bit50.out,,,,,,,,,,,,,,,,
290,51,MASKED,MASKED_UNFLAGGED,,,,HeCBench/results/llvm17_inject/jacobi/pointer/site290_bit51.out,,,,,,,,,,,,,,,,
290,52,MASKED,MASKED_UNFLAGGED,,,,HeCBench/results/llvm17_inject/jacobi/pointer/site290_bit52.out,,,,,,,,,,,,,,,,
290,53,MASKED,MASKED_UNFLAGGED,,,,HeCBench/results/llvm17_inject/jacobi/pointer/site290_bit53.out,,,,,,,,,,,,,,,,
290,54,MASKED,MASKED_UNFLAGGED,,,,HeCBench/results/llvm17_inject/jacobi/pointer/site290_bit54.out,,,,,,,,,,,,,,,,
290,55,MASKED,MASKED_UNFLAGGED,,,,HeCBench/results/llvm17_inject/jacobi/pointer/site290_bit55.out,,,,,,,,,,,,,,,,
290,56,MASKED,MASKED_UNFLAGGED,,,,HeCBench/results/llvm17_inject/jacobi/pointer/site290_bit56.out,,,,,,,,,,,,,,,,
290,57,MASKED,MASKED_UNFLAGGED,,,,HeCBench/results/llvm17_inject/jacobi/pointer/site290_bit57.out,,,,,,,,,,,,,,,,
290,58,MASKED,MASKED_UNFLAGGED,,,,HeCBench/results/llvm17_inject/jacobi/pointer/site290_bit58.out,,,,,,,,,,,,,,,,
290,59,MASKED,MASKED_UNFLAGGED,,,,HeCBench/results/llvm17_inject/jacobi/pointer/site290_bit59.out,,,,,,,,,,,,,,,,
290,60,MASKED,MASKED_UNFLAGGED,,,,HeCBench/results/llvm17_inject/jacobi/pointer/site290_bit60.out,,,,,,,,,,,,,,,,
290,61,MASKED,MASKED_UNFLAGGED,,,,HeCBench/results/llvm17_inject/jacobi/pointer/site290_bit61.out,,,,,,,,,,,,,,,,
290,62,MASKED,MASKED_UNFLAGGED,,,,HeCBench/results/llvm17_inject/jacobi/pointer/site290_bit62.out,,,,,,,,,,,,,,,,
290,63,MASKED,MASKED_UNFLAGGED,,,,HeCBench/results/llvm17_inject/jacobi/pointer/site290_bit63.out,,,,,,,,,,,,,,,,
302,0,MASKED,MASKED_UNFLAGGED,,,,HeCBench/results/llvm17_inject/jacobi/pointer/site302_bit0.out,,,,,,,,,,,,,,,,
302,1,MASKED,MASKED_UNFLAGGED,,,,HeCBench/results/llvm17_inject/jacobi/pointer/site302_bit1.out,,,,,,,,,,,,,,,,
302,2,MASKED,MASKED_UNFLAGGED,,,,HeCBench/results/llvm17_inject/jacobi/pointer/site302_bit2.out,,,,,,,,,,,,,,,,
302,3,MASKED,MASKED_UNFLAGGED,,,,HeCBench/results/llvm17_inject/jacobi/pointer/site302_bit3.out,,,,,,,,,,,,,,,,
302,4,MASKED,MASKED_UNFLAGGED,,,,HeCBench/results/llvm17_inject/jacobi/pointer/site302_bit4.out,,,,,,,,,,,,,,,,
302,5,MASKED,MASKED_UNFLAGGED,,,,HeCBench/results/llvm17_inject/jacobi/pointer/site302_bit5.out,,,,,,,,,,,,,,,,
302,6,MASKED,MASKED_UNFLAGGED,,,,HeCBench/results/llvm17_inject/jacobi/pointer/site302_bit6.out,,,,,,,,,,,,,,,,
302,7,MASKED,MASKED_UNFLAGGED,,,,HeCBench/results/llvm17_inject/jacobi/pointer/site302_bit7.out,,,,,,,,,,,,,,,,
302,8,MASKED,MASKED_UNFLAGGED,,,,HeCBench/results/llvm17_inject/jacobi/pointer/site302_bit8.out,,,,,,,,,,,,,,,,
302,9,MASKED,MASKED_UNFLAGGED,,,,HeCBench/results/llvm17_inject/jacobi/pointer/site302_bit9.out,,,,,,,,,,,,,,,,
302,10,MASKED,MASKED_UNFLAGGED,,,,HeCBench/results/llvm17_inject/jacobi/pointer/site302_bit10.out,,,,,,,,,,,,,,,,
302,11,MASKED,MASKED_UNFLAGGED,,,,HeCBench/results/llvm17_inject/jacobi/pointer/site302_bit11.out,,,,,,,,,,,,,,,,
302,12,MASKED,MASKED_UNFLAGGED,,,,HeCBench/results/llvm17_inject/jacobi/pointer/site302_bit12.out,,,,,,,,,,,,,,,,
302,13,MASKED,MASKED_UNFLAGGED,,,,HeCBench/results/llvm17_inject/jacobi/pointer/site302_bit13.out,,,,,,,,,,,,,,,,
302,14,MASKED,MASKED_UNFLAGGED,,,,HeCBench/results/llvm17_inject/jacobi/pointer/site302_bit14.out,,,,,,,,,,,,,,,,
302,15,MASKED,MASKED_UNFLAGGED,,,,HeCBench/results/llvm17_inject/jacobi/pointer/site302_bit15.out,,,,,,,,,,,,,,,,
302,16,MASKED,MASKED_UNFLAGGED,,,,HeCBench/results/llvm17_inject/jacobi/pointer/site302_bit16.out,,,,,,,,,,,,,,,,
302,17,MASKED,MASKED_UNFLAGGED,,,,HeCBench/results/llvm17_inject/jacobi/pointer/site302_bit17.out,,,,,,,,,,,,,,,,
302,18,MASKED,MASKED_UNFLAGGED,,,,HeCBench/results/llvm17_inject/jacobi/pointer/site302_bit18.out,,,,,,,,,,,,,,,,
302,19,MASKED,MASKED_UNFLAGGED,,,,HeCBench/results/llvm17_inject/jacobi/pointer/site302_bit19.out,,,,,,,,,,,,,,,,
302,20,MASKED,MASKED_UNFLAGGED,,,,HeCBench/results/llvm17_inject/jacobi/pointer/site302_bit20.out,,,,,,,,,,,,,,,,
302,21,MASKED,MASKED_UNFLAGGED,,,,HeCBench/results/llvm17_inject/jacobi/pointer/site302_bit21.out,,,,,,,,,,,,,,,,
302,22,MASKED,MASKED_UNFLAGGED,,,,HeCBench/results/llvm17_inject/jacobi/pointer/site302_bit22.out,,,,,,,,,,,,,,,,
302,23,MASKED,MASKED_UNFLAGGED,,,,HeCBench/results/llvm17_inject/jacobi/pointer/site302_bit23.out,,,,,,,,,,,,,,,,
302,24,MASKED,MASKED_UNFLAGGED,,,,HeCBench/results/llvm17_inject/jacobi/pointer/site302_bit24.out,,,,,,,,,,,,,,,,
302,25,MASKED,MASKED_UNFLAGGED,,,,HeCBench/results/llvm17_inject/jacobi/pointer/site302_bit25.out,,,,,,,,,,,,,,,,
302,26,MASKED,MASKED_UNFLAGGED,,,,HeCBench/results/llvm17_inject/jacobi/pointer/site302_bit26.out,,,,,,,,,,,,,,,,
302,27,MASKED,MASKED_UNFLAGGED,,,,HeCBench/results/llvm17_inject/jacobi/pointer/site302_bit27.out,,,,,,,,,,,,,,,,
302,28,MASKED,MASKED_UNFLAGGED,,,,HeCBench/results/llvm17_inject/jacobi/pointer/site302_bit28.out,,,,,,,,,,,,,,,,
302,29,MASKED,MASKED_UNFLAGGED,,,,HeCBench/results/llvm17_inject/jacobi/pointer/site302_bit29.out,,,,,,,,,,,,,,,,
302,30,MASKED,MASKED_UNFLAGGED,,,,HeCBench/results/llvm17_inject/jacobi/pointer/site302_bit30.out,,,,,,,,,,,,,,,,
302,31,MASKED,MASKED_UNFLAGGED,,,,HeCBench/results/llvm17_inject/jacobi/pointer/site302_bit31.out,,,,,,,,,,,,,,,,
302,32,MASKED,MASKED_UNFLAGGED,,,,HeCBench/results/llvm17_inject/jacobi/pointer/site302_bit32.out,,,,,,,,,,,,,,,,
302,33,MASKED,MASKED_UNFLAGGED,,,,HeCBench/results/llvm17_inject/jacobi/pointer/site302_bit33.out,,,,,,,,,,,,,,,,
302,34,MASKED,MASKED_UNFLAGGED,,,,HeCBench/results/llvm17_inject/jacobi/pointer/site302_bit34.out,,,,,,,,,,,,,,,,
302,35,MASKED,MASKED_UNFLAGGED,,,,HeCBench/results/llvm17_inject/jacobi/pointer/site302_bit35.out,,,,,,,,,,,,,,,,
302,36,MASKED,MASKED_UNFLAGGED,,,,HeCBench/results/llvm17_inject/jacobi/pointer/site302_bit36.out,,,,,,,,,,,,,,,,
302,37,MASKED,MASKED_UNFLAGGED,,,,HeCBench/results/llvm17_inject/jacobi/pointer/site302_bit37.out,,,,,,,,,,,,,,,,
302,38,MASKED,MASKED_UNFLAGGED,,,,HeCBench/results/llvm17_inject/jacobi/pointer/site302_bit38.out,,,,,,,,,,,,,,,,
302,39,MASKED,MASKED_UNFLAGGED,,,,HeCBench/results/llvm17_inject/jacobi/pointer/site302_bit39.out,,,,,,,,,,,,,,,,
302,40,MASKED,MASKED_UNFLAGGED,,,,HeCBench/results/llvm17_inject/jacobi/pointer/site302_bit40.out,,,,,,,,,,,,,,,,
302,41,MASKED,MASKED_UNFLAGGED,,,,HeCBench/results/llvm17_inject/jacobi/pointer/site302_bit41.out,,,,,,,,,,,,,,,,
302,42,MASKED,MASKED_UNFLAGGED,,,,HeCBench/results/llvm17_inject/jacobi/pointer/site302_bit42.out,,,,,,,,,,,,,,,,
302,43,MASKED,MASKED_UNFLAGGED,,,,HeCBench/results/llvm17_inject/jacobi/pointer/site302_bit43.out,,,,,,,,,,,,,,,,
302,44,MASKED,MASKED_UNFLAGGED,,,,HeCBench/results/llvm17_inject/jacobi/pointer/site302_bit44.out,,,,,,,,,,,,,,,,
302,45,MASKED,MASKED_UNFLAGGED,,,,HeCBench/results/llvm17_inject/jacobi/pointer/site302_bit45.out,,,,,,,,,,,,,,,,
302,46,MASKED,MASKED_UNFLAGGED,,,,HeCBench/results/llvm17_inject/jacobi/pointer/site302_bit46.out,,,,,,,,,,,,,,,,
302,47,MASKED,MASKED_UNFLAGGED,,,,HeCBench/results/llvm17_inject/jacobi/pointer/site302_bit47.out,,,,,,,,,,,,,,,,
302,48,MASKED,MASKED_UNFLAGGED,,,,HeCBench/results/llvm17_inject/jacobi/pointer/site302_bit48.out,,,,,,,,,,,,,,,,
302,49,MASKED,MASKED_UNFLAGGED,,,,HeCBench/results/llvm17_inject/jacobi/pointer/site302_bit49.out,,,,,,,,,,,,,,,,
302,50,MASKED,MASKED_UNFLAGGED,,,,HeCBench/results/llvm17_inject/jacobi/pointer/site302_bit50.out,,,,,,,,,,,,,,,,
302,51,MASKED,MASKED_UNFLAGGED,,,,HeCBench/results/llvm17_inject/jacobi/pointer/site302_bit51.out,,,,,,,,,,,,,,,,
302,52,MASKED,MASKED_UNFLAGGED,,,,HeCBench/results/llvm17_inject/jacobi/pointer/site302_bit52.out,,,,,,,,,,,,,,,,
302,53,MASKED,MASKED_UNFLAGGED,,,,HeCBench/results/llvm17_inject/jacobi/pointer/site302_bit53.out,,,,,,,,,,,,,,,,
302,54,MASKED,MASKED_UNFLAGGED,,,,HeCBench/results/llvm17_inject/jacobi/pointer/site302_bit54.out,,,,,,,,,,,,,,,,
302,55,MASKED,MASKED_UNFLAGGED,,,,HeCBench/results/llvm17_inject/jacobi/pointer/site302_bit55.out,,,,,,,,,,,,,,,,
302,56,MASKED,MASKED_UNFLAGGED,,,,HeCBench/results/llvm17_inject/jacobi/pointer/site302_bit56.out,,,,,,,,,,,,,,,,
302,57,MASKED,MASKED_UNFLAGGED,,,,HeCBench/results/llvm17_inject/jacobi/pointer/site302_bit57.out,,,,,,,,,,,,,,,,
302,58,MASKED,MASKED_UNFLAGGED,,,,HeCBench/results/llvm17_inject/jacobi/pointer/site302_bit58.out,,,,,,,,,,,,,,,,
302,59,MASKED,MASKED_UNFLAGGED,,,,HeCBench/results/llvm17_inject/jacobi/pointer/site302_bit59.out,,,,,,,,,,,,,,,,
302,60,MASKED,MASKED_UNFLAGGED,,,,HeCBench/results/llvm17_inject/jacobi/pointer/site302_bit60.out,,,,,,,,,,,,,,,,
302,61,MASKED,MASKED_UNFLAGGED,,,,HeCBench/results/llvm17_inject/jacobi/pointer/site302_bit61.out,,,,,,,,,,,,,,,,
302,62,MASKED,MASKED_UNFLAGGED,,,,HeCBench/results/llvm17_inject/jacobi/pointer/site302_bit62.out,,,,,,,,,,,,,,,,
302,63,MASKED,MASKED_UNFLAGGED,,,,HeCBench/results/llvm17_inject/jacobi/pointer/site302_bit63.out,,,,,,,,,,,,,,,,
303,0,MASKED,MASKED_UNFLAGGED,,,,HeCBench/results/llvm17_inject/jacobi/pointer/site303_bit0.out,,,,,,,,,,,,,,,,
303,1,MASKED,MASKED_UNFLAGGED,,,,HeCBench/results/llvm17_inject/jacobi/pointer/site303_bit1.out,,,,,,,,,,,,,,,,
303,2,MASKED,MASKED_UNFLAGGED,,,,HeCBench/results/llvm17_inject/jacobi/pointer/site303_bit2.out,,,,,,,,,,,,,,,,
303,3,MASKED,MASKED_UNFLAGGED,,,,HeCBench/results/llvm17_inject/jacobi/pointer/site303_bit3.out,,,,,,,,,,,,,,,,
303,4,MASKED,MASKED_UNFLAGGED,,,,HeCBench/results/llvm17_inject/jacobi/pointer/site303_bit4.out,,,,,,,,,,,,,,,,
303,5,MASKED,MASKED_UNFLAGGED,,,,HeCBench/results/llvm17_inject/jacobi/pointer/site303_bit5.out,,,,,,,,,,,,,,,,
303,6,MASKED,MASKED_UNFLAGGED,,,,HeCBench/results/llvm17_inject/jacobi/pointer/site303_bit6.out,,,,,,,,,,,,,,,,
303,7,MASKED,MASKED_UNFLAGGED,,,,HeCBench/results/llvm17_inject/jacobi/pointer/site303_bit7.out,,,,,,,,,,,,,,,,
303,8,MASKED,MASKED_UNFLAGGED,,,,HeCBench/results/llvm17_inject/jacobi/pointer/site303_bit8.out,,,,,,,,,,,,,,,,
303,9,MASKED,MASKED_UNFLAGGED,,,,HeCBench/results/llvm17_inject/jacobi/pointer/site303_bit9.out,,,,,,,,,,,,,,,,
303,10,MASKED,MASKED_UNFLAGGED,,,,HeCBench/results/llvm17_inject/jacobi/pointer/site303_bit10.out,,,,,,,,,,,,,,,,
303,11,MASKED,MASKED_UNFLAGGED,,,,HeCBench/results/llvm17_inject/jacobi/pointer/site303_bit11.out,,,,,,,,,,,,,,,,
303,12,MASKED,MASKED_UNFLAGGED,,,,HeCBench/results/llvm17_inject/jacobi/pointer/site303_bit12.out,,,,,,,,,,,,,,,,
303,13,MASKED,MASKED_UNFLAGGED,,,,HeCBench/results/llvm17_inject/jacobi/pointer/site303_bit13.out,,,,,,,,,,,,,,,,
303,14,MASKED,MASKED_UNFLAGGED,,,,HeCBench/results/llvm17_inject/jacobi/pointer/site303_bit14.out,,,,,,,,,,,,,,,,
303,15,MASKED,MASKED_UNFLAGGED,,,,HeCBench/results/llvm17_inject/jacobi/pointer/site303_bit15.out,,,,,,,,,,,,,,,,
303,16,MASKED,MASKED_UNFLAGGED,,,,HeCBench/results/llvm17_inject/jacobi/pointer/site303_bit16.out,,,,,,,,,,,,,,,,
303,17,MASKED,MASKED_UNFLAGGED,,,,HeCBench/results/llvm17_inject/jacobi/pointer/site303_bit17.out,,,,,,,,,,,,,,,,
303,18,MASKED,MASKED_UNFLAGGED,,,,HeCBench/results/llvm17_inject/jacobi/pointer/site303_bit18.out,,,,,,,,,,,,,,,,
303,19,MASKED,MASKED_UNFLAGGED,,,,HeCBench/results/llvm17_inject/jacobi/pointer/site303_bit19.out,,,,,,,,,,,,,,,,
303,20,MASKED,MASKED_UNFLAGGED,,,,HeCBench/results/llvm17_inject/jacobi/pointer/site303_bit20.out,,,,,,,,,,,,,,,,
303,21,MASKED,MASKED_UNFLAGGED,,,,HeCBench/results/llvm17_inject/jacobi/pointer/site303_bit21.out,,,,,,,,,,,,,,,,
303,22,MASKED,MASKED_UNFLAGGED,,,,HeCBench/results/llvm17_inject/jacobi/pointer/site303_bit22.out,,,,,,,,,,,,,,,,
303,23,MASKED,MASKED_UNFLAGGED,,,,HeCBench/results/llvm17_inject/jacobi/pointer/site303_bit23.out,,,,,,,,,,,,,,,,
303,24,MASKED,MASKED_UNFLAGGED,,,,HeCBench/results/llvm17_inject/jacobi/pointer/site303_bit24.out,,,,,,,,,,,,,,,,
303,25,MASKED,MASKED_UNFLAGGED,,,,HeCBench/results/llvm17_inject/jacobi/pointer/site303_bit25.out,,,,,,,,,,,,,,,,
303,26,MASKED,MASKED_UNFLAGGED,,,,HeCBench/results/llvm17_inject/jacobi/pointer/site303_bit26.out,,,,,,,,,,,,,,,,
303,27,MASKED,MASKED_UNFLAGGED,,,,HeCBench/results/llvm17_inject/jacobi/pointer/site303_bit27.out,,,,,,,,,,,,,,,,
303,28,MASKED,MASKED_UNFLAGGED,,,,HeCBench/results/llvm17_inject/jacobi/pointer/site303_bit28.out,,,,,,,,,,,,,,,,
303,29,MASKED,MASKED_UNFLAGGED,,,,HeCBench/results/llvm17_inject/jacobi/pointer/site303_bit29.out,,,,,,,,,,,,,,,,
303,30,MASKED,MASKED_UNFLAGGED,,,,HeCBench/results/llvm17_inject/jacobi/pointer/site303_bit30.out,,,,,,,,,,,,,,,,
303,31,MASKED,MASKED_UNFLAGGED,,,,HeCBench/results/llvm17_inject/jacobi/pointer/site303_bit31.out,,,,,,,,,,,,,,,,
303,32,MASKED,MASKED_UNFLAGGED,,,,HeCBench/results/llvm17_inject/jacobi/pointer/site303_bit32.out,,,,,,,,,,,,,,,,
303,33,MASKED,MASKED_UNFLAGGED,,,,HeCBench/results/llvm17_inject/jacobi/pointer/site303_bit33.out,,,,,,,,,,,,,,,,
303,34,MASKED,MASKED_UNFLAGGED,,,,HeCBench/results/llvm17_inject/jacobi/pointer/site303_bit34.out,,,,,,,,,,,,,,,,
303,35,MASKED,MASKED_UNFLAGGED,,,,HeCBench/results/llvm17_inject/jacobi/pointer/site303_bit35.out,,,,,,,,,,,,,,,,
303,36,MASKED,MASKED_UNFLAGGED,,,,HeCBench/results/llvm17_inject/jacobi/pointer/site303_bit36.out,,,,,,,,,,,,,,,,
303,37,MASKED,MASKED_UNFLAGGED,,,,HeCBench/results/llvm17_inject/jacobi/pointer/site303_bit37.out,,,,,,,,,,,,,,,,
303,38,MASKED,MASKED_UNFLAGGED,,,,HeCBench/results/llvm17_inject/jacobi/pointer/site303_bit38.out,,,,,,,,,,,,,,,,
303,39,MASKED,MASKED_UNFLAGGED,,,,HeCBench/results/llvm17_inject/jacobi/pointer/site303_bit39.out,,,,,,,,,,,,,,,,
303,40,MASKED,MASKED_UNFLAGGED,,,,HeCBench/results/llvm17_inject/jacobi/pointer/site303_bit40.out,,,,,,,,,,,,,,,,
303,41,MASKED,MASKED_UNFLAGGED,,,,HeCBench/results/llvm17_inject/jacobi/pointer/site303_bit41.out,,,,,,,,,,,,,,,,
303,42,MASKED,MASKED_UNFLAGGED,,,,HeCBench/results/llvm17_inject/jacobi/pointer/site303_bit42.out,,,,,,,,,,,,,,,,
303,43,MASKED,MASKED_UNFLAGGED,,,,HeCBench/results/llvm17_inject/jacobi/pointer/site303_bit43.out,,,,,,,,,,,,,,,,
303,44,MASKED,MASKED_UNFLAGGED,,,,HeCBench/results/llvm17_inject/jacobi/pointer/site303_bit44.out,,,,,,,,,,,,,,,,
303,45,MASKED,MASKED_UNFLAGGED,,,,HeCBench/results/llvm17_inject/jacobi/pointer/site303_bit45.out,,,,,,,,,,,,,,,,
303,46,MASKED,MASKED_UNFLAGGED,,,,HeCBench/results/llvm17_inject/jacobi/pointer/site303_bit46.out,,,,,,,,,,,,,,,,
303,47,MASKED,MASKED_UNFLAGGED,,,,HeCBench/results/llvm17_inject/jacobi/pointer/site303_bit47.out,,,,,,,,,,,,,,,,
303,48,MASKED,MASKED_UNFLAGGED,,,,HeCBench/results/llvm17_inject/jacobi/pointer/site303_bit48.out,,,,,,,,,,,,,,,,
303,49,MASKED,MASKED_UNFLAGGED,,,,HeCBench/results/llvm17_inject/jacobi/pointer/site303_bit49.out,,,,,,,,,,,,,,,,
303,50,MASKED,MASKED_UNFLAGGED,,,,HeCBench/results/llvm17_inject/jacobi/pointer/site303_bit50.out,,,,,,,,,,,,,,,,
303,51,MASKED,MASKED_UNFLAGGED,,,,HeCBench/results/llvm17_inject/jacobi/pointer/site303_bit51.out,,,,,,,,,,,,,,,,
303,52,MASKED,MASKED_UNFLAGGED,,,,HeCBench/results/llvm17_inject/jacobi/pointer/site303_bit52.out,,,,,,,,,,,,,,,,
303,53,MASKED,MASKED_UNFLAGGED,,,,HeCBench/results/llvm17_inject/jacobi/pointer/site303_bit53.out,,,,,,,,,,,,,,,,
303,54,MASKED,MASKED_UNFLAGGED,,,,HeCBench/results/llvm17_inject/jacobi/pointer/site303_bit54.out,,,,,,,,,,,,,,,,
303,55,MASKED,MASKED_UNFLAGGED,,,,HeCBench/results/llvm17_inject/jacobi/pointer/site303_bit55.out,,,,,,,,,,,,,,,,
303,56,MASKED,MASKED_UNFLAGGED,,,,HeCBench/results/llvm17_inject/jacobi/pointer/site303_bit56.out,,,,,,,,,,,,,,,,
303,57,MASKED,MASKED_UNFLAGGED,,,,HeCBench/results/llvm17_inject/jacobi/pointer/site303_bit57.out,,,,,,,,,,,,,,,,
303,58,MASKED,MASKED_UNFLAGGED,,,,HeCBench/results/llvm17_inject/jacobi/pointer/site303_bit58.out,,,,,,,,,,,,,,,,
303,59,MASKED,MASKED_UNFLAGGED,,,,HeCBench/results/llvm17_inject/jacobi/pointer/site303_bit59.out,,,,,,,,,,,,,,,,
303,60,MASKED,MASKED_UNFLAGGED,,,,HeCBench/results/llvm17_inject/jacobi/pointer/site303_bit60.out,,,,,,,,,,,,,,,,
303,61,MASKED,MASKED_UNFLAGGED,,,,HeCBench/results/llvm17_inject/jacobi/pointer/site303_bit61.out,,,,,,,,,,,,,,,,
303,62,MASKED,MASKED_UNFLAGGED,,,,HeCBench/results/llvm17_inject/jacobi/pointer/site303_bit62.out,,,,,,,,,,,,,,,,
303,63,MASKED,MASKED_UNFLAGGED,,,,HeCBench/results/llvm17_inject/jacobi/pointer/site303_bit63.out,,,,,,,,,,,,,,,,
310,0,MASKED,MASKED_UNFLAGGED,,,,HeCBench/results/llvm17_inject/jacobi/pointer/site310_bit0.out,,,,,,,,,,,,,,,,
310,1,MASKED,MASKED_UNFLAGGED,,,,HeCBench/results/llvm17_inject/jacobi/pointer/site310_bit1.out,,,,,,,,,,,,,,,,
310,2,MASKED,MASKED_UNFLAGGED,,,,HeCBench/results/llvm17_inject/jacobi/pointer/site310_bit2.out,,,,,,,,,,,,,,,,
310,3,MASKED,MASKED_UNFLAGGED,,,,HeCBench/results/llvm17_inject/jacobi/pointer/site310_bit3.out,,,,,,,,,,,,,,,,
310,4,MASKED,MASKED_UNFLAGGED,,,,HeCBench/results/llvm17_inject/jacobi/pointer/site310_bit4.out,,,,,,,,,,,,,,,,
310,5,MASKED,MASKED_UNFLAGGED,,,,HeCBench/results/llvm17_inject/jacobi/pointer/site310_bit5.out,,,,,,,,,,,,,,,,
310,6,MASKED,MASKED_UNFLAGGED,,,,HeCBench/results/llvm17_inject/jacobi/pointer/site310_bit6.out,,,,,,,,,,,,,,,,
310,7,MASKED,MASKED_UNFLAGGED,,,,HeCBench/results/llvm17_inject/jacobi/pointer/site310_bit7.out,,,,,,,,,,,,,,,,
310,8,MASKED,MASKED_UNFLAGGED,,,,HeCBench/results/llvm17_inject/jacobi/pointer/site310_bit8.out,,,,,,,,,,,,,,,,
310,9,MASKED,MASKED_UNFLAGGED,,,,HeCBench/results/llvm17_inject/jacobi/pointer/site310_bit9.out,,,,,,,,,,,,,,,,
310,10,MASKED,MASKED_UNFLAGGED,,,,HeCBench/results/llvm17_inject/jacobi/pointer/site310_bit10.out,,,,,,,,,,,,,,,,
310,11,MASKED,MASKED_UNFLAGGED,,,,HeCBench/results/llvm17_inject/jacobi/pointer/site310_bit11.out,,,,,,,,,,,,,,,,
310,12,MASKED,MASKED_UNFLAGGED,,,,HeCBench/results/llvm17_inject/jacobi/pointer/site310_bit12.out,,,,,,,,,,,,,,,,
310,13,MASKED,MASKED_UNFLAGGED,,,,HeCBench/results/llvm17_inject/jacobi/pointer/site310_bit13.out,,,,,,,,,,,,,,,,
310,14,MASKED,MASKED_UNFLAGGED,,,,HeCBench/results/llvm17_inject/jacobi/pointer/site310_bit14.out,,,,,,,,,,,,,,,,
310,15,MASKED,MASKED_UNFLAGGED,,,,HeCBench/results/llvm17_inject/jacobi/pointer/site310_bit15.out,,,,,,,,,,,,,,,,
310,16,MASKED,MASKED_UNFLAGGED,,,,HeCBench/results/llvm17_inject/jacobi/pointer/site310_bit16.out,,,,,,,,,,,,,,,,
310,17,MASKED,MASKED_UNFLAGGED,,,,HeCBench/results/llvm17_inject/jacobi/pointer/site310_bit17.out,,,,,,,,,,,,,,,,
310,18,MASKED,MASKED_UNFLAGGED,,,,HeCBench/results/llvm17_inject/jacobi/pointer/site310_bit18.out,,,,,,,,,,,,,,,,
310,19,MASKED,MASKED_UNFLAGGED,,,,HeCBench/results/llvm17_inject/jacobi/pointer/site310_bit19.out,,,,,,,,,,,,,,,,
310,20,MASKED,MASKED_UNFLAGGED,,,,HeCBench/results/llvm17_inject/jacobi/pointer/site310_bit20.out,,,,,,,,,,,,,,,,
310,21,MASKED,MASKED_UNFLAGGED,,,,HeCBench/results/llvm17_inject/jacobi/pointer/site310_bit21.out,,,,,,,,,,,,,,,,
310,22,MASKED,MASKED_UNFLAGGED,,,,HeCBench/results/llvm17_inject/jacobi/pointer/site310_bit22.out,,,,,,,,,,,,,,,,
310,23,MASKED,MASKED_UNFLAGGED,,,,HeCBench/results/llvm17_inject/jacobi/pointer/site310_bit23.out,,,,,,,,,,,,,,,,
310,24,MASKED,MASKED_UNFLAGGED,,,,HeCBench/results/llvm17_inject/jacobi/pointer/site310_bit24.out,,,,,,,,,,,,,,,,
310,25,MASKED,MASKED_UNFLAGGED,,,,HeCBench/results/llvm17_inject/jacobi/pointer/site310_bit25.out,,,,,,,,,,,,,,,,
310,26,MASKED,MASKED_UNFLAGGED,,,,HeCBench/results/llvm17_inject/jacobi/pointer/site310_bit26.out,,,,,,,,,,,,,,,,
310,27,MASKED,MASKED_UNFLAGGED,,,,HeCBench/results/llvm17_inject/jacobi/pointer/site310_bit27.out,,,,,,,,,,,,,,,,
310,28,MASKED,MASKED_UNFLAGGED,,,,HeCBench/results/llvm17_inject/jacobi/pointer/site310_bit28.out,,,,,,,,,,,,,,,,
310,29,MASKED,MASKED_UNFLAGGED,,,,HeCBench/results/llvm17_inject/jacobi/pointer/site310_bit29.out,,,,,,,,,,,,,,,,
310,30,MASKED,MASKED_UNFLAGGED,,,,HeCBench/results/llvm17_inject/jacobi/pointer/site310_bit30.out,,,,,,,,,,,,,,,,
310,31,MASKED,MASKED_UNFLAGGED,,,,HeCBench/results/llvm17_inject/jacobi/pointer/site310_bit31.out,,,,,,,,,,,,,,,,
310,32,MASKED,MASKED_UNFLAGGED,,,,HeCBench/results/llvm17_inject/jacobi/pointer/site310_bit32.out,,,,,,,,,,,,,,,,
310,33,MASKED,MASKED_UNFLAGGED,,,,HeCBench/results/llvm17_inject/jacobi/pointer/site310_bit33.out,,,,,,,,,,,,,,,,
310,34,MASKED,MASKED_UNFLAGGED,,,,HeCBench/results/llvm17_inject/jacobi/pointer/site310_bit34.out,,,,,,,,,,,,,,,,
310,35,MASKED,MASKED_UNFLAGGED,,,,HeCBench/results/llvm17_inject/jacobi/pointer/site310_bit35.out,,,,,,,,,,,,,,,,
310,36,MASKED,MASKED_UNFLAGGED,,,,HeCBench/results/llvm17_inject/jacobi/pointer/site310_bit36.out,,,,,,,,,,,,,,,,
310,37,MASKED,MASKED_UNFLAGGED,,,,HeCBench/results/llvm17_inject/jacobi/pointer/site310_bit37.out,,,,,,,,,,,,,,,,
310,38,MASKED,MASKED_UNFLAGGED,,,,HeCBench/results/llvm17_inject/jacobi/pointer/site310_bit38.out,,,,,,,,,,,,,,,,
310,39,MASKED,MASKED_UNFLAGGED,,,,HeCBench/results/llvm17_inject/jacobi/pointer/site310_bit39.out,,,,,,,,,,,,,,,,
310,40,MASKED,MASKED_UNFLAGGED,,,,HeCBench/results/llvm17_inject/jacobi/pointer/site310_bit40.out,,,,,,,,,,,,,,,,
310,41,MASKED,MASKED_UNFLAGGED,,,,HeCBench/results/llvm17_inject/jacobi/pointer/site310_bit41.out,,,,,,,,,,,,,,,,
310,42,MASKED,MASKED_UNFLAGGED,,,,HeCBench/results/llvm17_inject/jacobi/pointer/site310_bit42.out,,,,,,,,,,,,,,,,
310,43,MASKED,MASKED_UNFLAGGED,,,,HeCBench/results/llvm17_inject/jacobi/pointer/site310_bit43.out,,,,,,,,,,,,,,,,
310,44,MASKED,MASKED_UNFLAGGED,,,,HeCBench/results/llvm17_inject/jacobi/pointer/site310_bit44.out,,,,,,,,,,,,,,,,
310,45,MASKED,MASKED_UNFLAGGED,,,,HeCBench/results/llvm17_inject/jacobi/pointer/site310_bit45.out,,,,,,,,,,,,,,,,
310,46,MASKED,MASKED_UNFLAGGED,,,,HeCBench/results/llvm17_inject/jacobi/pointer/site310_bit46.out,,,,,,,,,,,,,,,,
310,47,MASKED,MASKED_UNFLAGGED,,,,HeCBench/results/llvm17_inject/jacobi/pointer/site310_bit47.out,,,,,,,,,,,,,,,,
310,48,MASKED,MASKED_UNFLAGGED,,,,HeCBench/results/llvm17_inject/jacobi/pointer/site310_bit48.out,,,,,,,,,,,,,,,,
310,49,MASKED,MASKED_UNFLAGGED,,,,HeCBench/results/llvm17_inject/jacobi/pointer/site310_bit49.out,,,,,,,,,,,,,,,,
310,50,MASKED,MASKED_UNFLAGGED,,,,HeCBench/results/llvm17_inject/jacobi/pointer/site310_bit50.out,,,,,,,,,,,,,,,,
310,51,MASKED,MASKED_UNFLAGGED,,,,HeCBench/results/llvm17_inject/jacobi/pointer/site310_bit51.out,,,,,,,,,,,,,,,,
310,52,MASKED,MASKED_UNFLAGGED,,,,HeCBench/results/llvm17_inject/jacobi/pointer/site310_bit52.out,,,,,,,,,,,,,,,,
310,53,MASKED,MASKED_UNFLAGGED,,,,HeCBench/results/llvm17_inject/jacobi/pointer/site310_bit53.out,,,,,,,,,,,,,,,,
310,54,MASKED,MASKED_UNFLAGGED,,,,HeCBench/results/llvm17_inject/jacobi/pointer/site310_bit54.out,,,,,,,,,,,,,,,,
310,55,MASKED,MASKED_UNFLAGGED,,,,HeCBench/results/llvm17_inject/jacobi/pointer/site310_bit55.out,,,,,,,,,,,,,,,,
310,56,MASKED,MASKED_UNFLAGGED,,,,HeCBench/results/llvm17_inject/jacobi/pointer/site310_bit56.out,,,,,,,,,,,,,,,,
310,57,MASKED,MASKED_UNFLAGGED,,,,HeCBench/results/llvm17_inject/jacobi/pointer/site310_bit57.out,,,,,,,,,,,,,,,,
310,58,MASKED,MASKED_UNFLAGGED,,,,HeCBench/results/llvm17_inject/jacobi/pointer/site310_bit58.out,,,,,,,,,,,,,,,,
310,59,MASKED,MASKED_UNFLAGGED,,,,HeCBench/results/llvm17_inject/jacobi/pointer/site310_bit59.out,,,,,,,,,,,,,,,,
310,60,MASKED,MASKED_UNFLAGGED,,,,HeCBench/results/llvm17_inject/jacobi/pointer/site310_bit60.out,,,,,,,,,,,,,,,,
310,61,MASKED,MASKED_UNFLAGGED,,,,HeCBench/results/llvm17_inject/jacobi/pointer/site310_bit61.out,,,,,,,,,,,,,,,,
310,62,MASKED,MASKED_UNFLAGGED,,,,HeCBench/results/llvm17_inject/jacobi/pointer/site310_bit62.out,,,,,,,,,,,,,,,,
310,63,MASKED,MASKED_UNFLAGGED,,,,HeCBench/results/llvm17_inject/jacobi/pointer/site310_bit63.out,,,,,,,,,,,,,,,,
312,0,MASKED,MASKED_UNFLAGGED,,,,HeCBench/results/llvm17_inject/jacobi/pointer/site312_bit0.out,,,,,,,,,,,,,,,,
312,1,MASKED,MASKED_UNFLAGGED,,,,HeCBench/results/llvm17_inject/jacobi/pointer/site312_bit1.out,,,,,,,,,,,,,,,,
312,2,MASKED,MASKED_UNFLAGGED,,,,HeCBench/results/llvm17_inject/jacobi/pointer/site312_bit2.out,,,,,,,,,,,,,,,,
312,3,MASKED,MASKED_UNFLAGGED,,,,HeCBench/results/llvm17_inject/jacobi/pointer/site312_bit3.out,,,,,,,,,,,,,,,,
312,4,MASKED,MASKED_UNFLAGGED,,,,HeCBench/results/llvm17_inject/jacobi/pointer/site312_bit4.out,,,,,,,,,,,,,,,,
312,5,MASKED,MASKED_UNFLAGGED,,,,HeCBench/results/llvm17_inject/jacobi/pointer/site312_bit5.out,,,,,,,,,,,,,,,,
312,6,MASKED,MASKED_UNFLAGGED,,,,HeCBench/results/llvm17_inject/jacobi/pointer/site312_bit6.out,,,,,,,,,,,,,,,,
312,7,MASKED,MASKED_UNFLAGGED,,,,HeCBench/results/llvm17_inject/jacobi/pointer/site312_bit7.out,,,,,,,,,,,,,,,,
312,8,MASKED,MASKED_UNFLAGGED,,,,HeCBench/results/llvm17_inject/jacobi/pointer/site312_bit8.out,,,,,,,,,,,,,,,,
312,9,MASKED,MASKED_UNFLAGGED,,,,HeCBench/results/llvm17_inject/jacobi/pointer/site312_bit9.out,,,,,,,,,,,,,,,,
312,10,MASKED,MASKED_UNFLAGGED,,,,HeCBench/results/llvm17_inject/jacobi/pointer/site312_bit10.out,,,,,,,,,,,,,,,,
312,11,MASKED,MASKED_UNFLAGGED,,,,HeCBench/results/llvm17_inject/jacobi/pointer/site312_bit11.out,,,,,,,,,,,,,,,,
312,12,MASKED,MASKED_UNFLAGGED,,,,HeCBench/results/llvm17_inject/jacobi/pointer/site312_bit12.out,,,,,,,,,,,,,,,,
312,13,MASKED,MASKED_UNFLAGGED,,,,HeCBench/results/llvm17_inject/jacobi/pointer/site312_bit13.out,,,,,,,,,,,,,,,,
312,14,MASKED,MASKED_UNFLAGGED,,,,HeCBench/results/llvm17_inject/jacobi/pointer/site312_bit14.out,,,,,,,,,,,,,,,,
312,15,MASKED,MASKED_UNFLAGGED,,,,HeCBench/results/llvm17_inject/jacobi/pointer/site312_bit15.out,,,,,,,,,,,,,,,,
312,16,MASKED,MASKED_UNFLAGGED,,,,HeCBench/results/llvm17_inject/jacobi/pointer/site312_bit16.out,,,,,,,,,,,,,,,,
312,17,MASKED,MASKED_UNFLAGGED,,,,HeCBench/results/llvm17_inject/jacobi/pointer/site312_bit17.out,,,,,,,,,,,,,,,,
312,18,MASKED,MASKED_UNFLAGGED,,,,HeCBench/results/llvm17_inject/jacobi/pointer/site312_bit18.out,,,,,,,,,,,,,,,,
312,19,MASKED,MASKED_UNFLAGGED,,,,HeCBench/results/llvm17_inject/jacobi/pointer/site312_bit19.out,,,,,,,,,,,,,,,,
312,20,MASKED,MASKED_UNFLAGGED,,,,HeCBench/results/llvm17_inject/jacobi/pointer/site312_bit20.out,,,,,,,,,,,,,,,,
312,21,MASKED,MASKED_UNFLAGGED,,,,HeCBench/results/llvm17_inject/jacobi/pointer/site312_bit21.out,,,,,,,,,,,,,,,,
312,22,MASKED,MASKED_UNFLAGGED,,,,HeCBench/results/llvm17_inject/jacobi/pointer/site312_bit22.out,,,,,,,,,,,,,,,,
312,23,MASKED,MASKED_UNFLAGGED,,,,HeCBench/results/llvm17_inject/jacobi/pointer/site312_bit23.out,,,,,,,,,,,,,,,,
312,24,MASKED,MASKED_UNFLAGGED,,,,HeCBench/results/llvm17_inject/jacobi/pointer/site312_bit24.out,,,,,,,,,,,,,,,,
312,25,MASKED,MASKED_UNFLAGGED,,,,HeCBench/results/llvm17_inject/jacobi/pointer/site312_bit25.out,,,,,,,,,,,,,,,,
312,26,MASKED,MASKED_UNFLAGGED,,,,HeCBench/results/llvm17_inject/jacobi/pointer/site312_bit26.out,,,,,,,,,,,,,,,,
312,27,MASKED,MASKED_UNFLAGGED,,,,HeCBench/results/llvm17_inject/jacobi/pointer/site312_bit27.out,,,,,,,,,,,,,,,,
312,28,MASKED,MASKED_UNFLAGGED,,,,HeCBench/results/llvm17_inject/jacobi/pointer/site312_bit28.out,,,,,,,,,,,,,,,,
312,29,MASKED,MASKED_UNFLAGGED,,,,HeCBench/results/llvm17_inject/jacobi/pointer/site312_bit29.out,,,,,,,,,,,,,,,,
312,30,MASKED,MASKED_UNFLAGGED,,,,HeCBench/results/llvm17_inject/jacobi/pointer/site312_bit30.out,,,,,,,,,,,,,,,,
312,31,MASKED,MASKED_UNFLAGGED,,,,HeCBench/results/llvm17_inject/jacobi/pointer/site312_bit31.out,,,,,,,,,,,,,,,,
312,32,MASKED,MASKED_UNFLAGGED,,,,HeCBench/results/llvm17_inject/jacobi/pointer/site312_bit32.out,,,,,,,,,,,,,,,,
312,33,MASKED,MASKED_UNFLAGGED,,,,HeCBench/results/llvm17_inject/jacobi/pointer/site312_bit33.out,,,,,,,,,,,,,,,,
312,34,MASKED,MASKED_UNFLAGGED,,,,HeCBench/results/llvm17_inject/jacobi/pointer/site312_bit34.out,,,,,,,,,,,,,,,,
312,35,MASKED,MASKED_UNFLAGGED,,,,HeCBench/results/llvm17_inject/jacobi/pointer/site312_bit35.out,,,,,,,,,,,,,,,,
312,36,MASKED,MASKED_UNFLAGGED,,,,HeCBench/results/llvm17_inject/jacobi/pointer/site312_bit36.out,,,,,,,,,,,,,,,,
312,37,MASKED,MASKED_UNFLAGGED,,,,HeCBench/results/llvm17_inject/jacobi/pointer/site312_bit37.out,,,,,,,,,,,,,,,,
312,38,MASKED,MASKED_UNFLAGGED,,,,HeCBench/results/llvm17_inject/jacobi/pointer/site312_bit38.out,,,,,,,,,,,,,,,,
312,39,MASKED,MASKED_UNFLAGGED,,,,HeCBench/results/llvm17_inject/jacobi/pointer/site312_bit39.out,,,,,,,,,,,,,,,,
312,40,MASKED,MASKED_UNFLAGGED,,,,HeCBench/results/llvm17_inject/jacobi/pointer/site312_bit40.out,,,,,,,,,,,,,,,,
312,41,MASKED,MASKED_UNFLAGGED,,,,HeCBench/results/llvm17_inject/jacobi/pointer/site312_bit41.out,,,,,,,,,,,,,,,,
312,42,MASKED,MASKED_UNFLAGGED,,,,HeCBench/results/llvm17_inject/jacobi/pointer/site312_bit42.out,,,,,,,,,,,,,,,,
312,43,MASKED,MASKED_UNFLAGGED,,,,HeCBench/results/llvm17_inject/jacobi/pointer/site312_bit43.out,,,,,,,,,,,,,,,,
312,44,MASKED,MASKED_UNFLAGGED,,,,HeCBench/results/llvm17_inject/jacobi/pointer/site312_bit44.out,,,,,,,,,,,,,,,,
312,45,MASKED,MASKED_UNFLAGGED,,,,HeCBench/results/llvm17_inject/jacobi/pointer/site312_bit45.out,,,,,,,,,,,,,,,,
312,46,MASKED,MASKED_UNFLAGGED,,,,HeCBench/results/llvm17_inject/jacobi/pointer/site312_bit46.out,,,,,,,,,,,,,,,,
312,47,MASKED,MASKED_UNFLAGGED,,,,HeCBench/results/llvm17_inject/jacobi/pointer/site312_bit47.out,,,,,,,,,,,,,,,,
312,48,MASKED,MASKED_UNFLAGGED,,,,HeCBench/results/llvm17_inject/jacobi/pointer/site312_bit48.out,,,,,,,,,,,,,,,,
312,49,MASKED,MASKED_UNFLAGGED,,,,HeCBench/results/llvm17_inject/jacobi/pointer/site312_bit49.out,,,,,,,,,,,,,,,,
312,50,MASKED,MASKED_UNFLAGGED,,,,HeCBench/results/llvm17_inject/jacobi/pointer/site312_bit50.out,,,,,,,,,,,,,,,,
312,51,MASKED,MASKED_UNFLAGGED,,,,HeCBench/results/llvm17_inject/jacobi/pointer/site312_bit51.out,,,,,,,,,,,,,,,,
312,52,MASKED,MASKED_UNFLAGGED,,,,HeCBench/results/llvm17_inject/jacobi/pointer/site312_bit52.out,,,,,,,,,,,,,,,,
312,53,MASKED,MASKED_UNFLAGGED,,,,HeCBench/results/llvm17_inject/jacobi/pointer/site312_bit53.out,,,,,,,,,,,,,,,,
312,54,MASKED,MASKED_UNFLAGGED,,,,HeCBench/results/llvm17_inject/jacobi/pointer/site312_bit54.out,,,,,,,,,,,,,,,,
312,55,MASKED,MASKED_UNFLAGGED,,,,HeCBench/results/llvm17_inject/jacobi/pointer/site312_bit55.out,,,,,,,,,,,,,,,,
312,56,MASKED,MASKED_UNFLAGGED,,,,HeCBench/results/llvm17_inject/jacobi/pointer/site312_bit56.out,,,,,,,,,,,,,,,,
312,57,MASKED,MASKED_UNFLAGGED,,,,HeCBench/results/llvm17_inject/jacobi/pointer/site312_bit57.out,,,,,,,,,,,,,,,,
312,58,MASKED,MASKED_UNFLAGGED,,,,HeCBench/results/llvm17_inject/jacobi/pointer/site312_bit58.out,,,,,,,,,,,,,,,,
312,59,MASKED,MASKED_UNFLAGGED,,,,HeCBench/results/llvm17_inject/jacobi/pointer/site312_bit59.out,,,,,,,,,,,,,,,,
312,60,MASKED,MASKED_UNFLAGGED,,,,HeCBench/results/llvm17_inject/jacobi/pointer/site312_bit60.out,,,,,,,,,,,,,,,,
312,61,MASKED,MASKED_UNFLAGGED,,,,HeCBench/results/llvm17_inject/jacobi/pointer/site312_bit61.out,,,,,,,,,,,,,,,,
312,62,MASKED,MASKED_UNFLAGGED,,,,HeCBench/results/llvm17_inject/jacobi/pointer/site312_bit62.out,,,,,,,,,,,,,,,,
312,63,MASKED,MASKED_UNFLAGGED,,,,HeCBench/results/llvm17_inject/jacobi/pointer/site312_bit63.out,,,,,,,,,,,,,,,,
317,0,MASKED,MASKED_UNFLAGGED,,,,HeCBench/results/llvm17_inject/jacobi/pointer/site317_bit0.out,,,,,,,,,,,,,,,,
317,1,MASKED,MASKED_UNFLAGGED,,,,HeCBench/results/llvm17_inject/jacobi/pointer/site317_bit1.out,,,,,,,,,,,,,,,,
317,2,MASKED,MASKED_UNFLAGGED,,,,HeCBench/results/llvm17_inject/jacobi/pointer/site317_bit2.out,,,,,,,,,,,,,,,,
317,3,MASKED,MASKED_UNFLAGGED,,,,HeCBench/results/llvm17_inject/jacobi/pointer/site317_bit3.out,,,,,,,,,,,,,,,,
317,4,MASKED,MASKED_UNFLAGGED,,,,HeCBench/results/llvm17_inject/jacobi/pointer/site317_bit4.out,,,,,,,,,,,,,,,,
317,5,MASKED,MASKED_UNFLAGGED,,,,HeCBench/results/llvm17_inject/jacobi/pointer/site317_bit5.out,,,,,,,,,,,,,,,,
317,6,MASKED,MASKED_UNFLAGGED,,,,HeCBench/results/llvm17_inject/jacobi/pointer/site317_bit6.out,,,,,,,,,,,,,,,,
317,7,MASKED,MASKED_UNFLAGGED,,,,HeCBench/results/llvm17_inject/jacobi/pointer/site317_bit7.out,,,,,,,,,,,,,,,,
317,8,MASKED,MASKED_UNFLAGGED,,,,HeCBench/results/llvm17_inject/jacobi/pointer/site317_bit8.out,,,,,,,,,,,,,,,,
317,9,MASKED,MASKED_UNFLAGGED,,,,HeCBench/results/llvm17_inject/jacobi/pointer/site317_bit9.out,,,,,,,,,,,,,,,,
317,10,MASKED,MASKED_UNFLAGGED,,,,HeCBench/results/llvm17_inject/jacobi/pointer/site317_bit10.out,,,,,,,,,,,,,,,,
317,11,MASKED,MASKED_UNFLAGGED,,,,HeCBench/results/llvm17_inject/jacobi/pointer/site317_bit11.out,,,,,,,,,,,,,,,,
317,12,MASKED,MASKED_UNFLAGGED,,,,HeCBench/results/llvm17_inject/jacobi/pointer/site317_bit12.out,,,,,,,,,,,,,,,,
317,13,MASKED,MASKED_UNFLAGGED,,,,HeCBench/results/llvm17_inject/jacobi/pointer/site317_bit13.out,,,,,,,,,,,,,,,,
317,14,MASKED,MASKED_UNFLAGGED,,,,HeCBench/results/llvm17_inject/jacobi/pointer/site317_bit14.out,,,,,,,,,,,,,,,,
317,15,MASKED,MASKED_UNFLAGGED,,,,HeCBench/results/llvm17_inject/jacobi/pointer/site317_bit15.out,,,,,,,,,,,,,,,,
317,16,MASKED,MASKED_UNFLAGGED,,,,HeCBench/results/llvm17_inject/jacobi/pointer/site317_bit16.out,,,,,,,,,,,,,,,,
317,17,MASKED,MASKED_UNFLAGGED,,,,HeCBench/results/llvm17_inject/jacobi/pointer/site317_bit17.out,,,,,,,,,,,,,,,,
317,18,MASKED,MASKED_UNFLAGGED,,,,HeCBench/results/llvm17_inject/jacobi/pointer/site317_bit18.out,,,,,,,,,,,,,,,,
317,19,MASKED,MASKED_UNFLAGGED,,,,HeCBench/results/llvm17_inject/jacobi/pointer/site317_bit19.out,,,,,,,,,,,,,,,,
317,20,MASKED,MASKED_UNFLAGGED,,,,HeCBench/results/llvm17_inject/jacobi/pointer/site317_bit20.out,,,,,,,,,,,,,,,,
317,21,MASKED,MASKED_UNFLAGGED,,,,HeCBench/results/llvm17_inject/jacobi/pointer/site317_bit21.out,,,,,,,,,,,,,,,,
317,22,MASKED,MASKED_UNFLAGGED,,,,HeCBench/results/llvm17_inject/jacobi/pointer/site317_bit22.out,,,,,,,,,,,,,,,,
317,23,MASKED,MASKED_UNFLAGGED,,,,HeCBench/results/llvm17_inject/jacobi/pointer/site317_bit23.out,,,,,,,,,,,,,,,,
317,24,MASKED,MASKED_UNFLAGGED,,,,HeCBench/results/llvm17_inject/jacobi/pointer/site317_bit24.out,,,,,,,,,,,,,,,,
317,25,MASKED,MASKED_UNFLAGGED,,,,HeCBench/results/llvm17_inject/jacobi/pointer/site317_bit25.out,,,,,,,,,,,,,,,,
317,26,MASKED,MASKED_UNFLAGGED,,,,HeCBench/results/llvm17_inject/jacobi/pointer/site317_bit26.out,,,,,,,,,,,,,,,,
317,27,MASKED,MASKED_UNFLAGGED,,,,HeCBench/results/llvm17_inject/jacobi/pointer/site317_bit27.out,,,,,,,,,,,,,,,,
317,28,MASKED,MASKED_UNFLAGGED,,,,HeCBench/results/llvm17_inject/jacobi/pointer/site317_bit28.out,,,,,,,,,,,,,,,,
317,29,MASKED,MASKED_UNFLAGGED,,,,HeCBench/results/llvm17_inject/jacobi/pointer/site317_bit29.out,,,,,,,,,,,,,,,,
317,30,MASKED,MASKED_UNFLAGGED,,,,HeCBench/results/llvm17_inject/jacobi/pointer/site317_bit30.out,,,,,,,,,,,,,,,,
317,31,MASKED,MASKED_UNFLAGGED,,,,HeCBench/results/llvm17_inject/jacobi/pointer/site317_bit31.out,,,,,,,,,,,,,,,,
317,32,MASKED,MASKED_UNFLAGGED,,,,HeCBench/results/llvm17_inject/jacobi/pointer/site317_bit32.out,,,,,,,,,,,,,,,,
317,33,MASKED,MASKED_UNFLAGGED,,,,HeCBench/results/llvm17_inject/jacobi/pointer/site317_bit33.out,,,,,,,,,,,,,,,,
317,34,MASKED,MASKED_UNFLAGGED,,,,HeCBench/results/llvm17_inject/jacobi/pointer/site317_bit34.out,,,,,,,,,,,,,,,,
317,35,MASKED,MASKED_UNFLAGGED,,,,HeCBench/results/llvm17_inject/jacobi/pointer/site317_bit35.out,,,,,,,,,,,,,,,,
317,36,MASKED,MASKED_UNFLAGGED,,,,HeCBench/results/llvm17_inject/jacobi/pointer/site317_bit36.out,,,,,,,,,,,,,,,,
317,37,MASKED,MASKED_UNFLAGGED,,,,HeCBench/results/llvm17_inject/jacobi/pointer/site317_bit37.out,,,,,,,,,,,,,,,,
317,38,MASKED,MASKED_UNFLAGGED,,,,HeCBench/results/llvm17_inject/jacobi/pointer/site317_bit38.out,,,,,,,,,,,,,,,,
317,39,MASKED,MASKED_UNFLAGGED,,,,HeCBench/results/llvm17_inject/jacobi/pointer/site317_bit39.out,,,,,,,,,,,,,,,,
317,40,MASKED,MASKED_UNFLAGGED,,,,HeCBench/results/llvm17_inject/jacobi/pointer/site317_bit40.out,,,,,,,,,,,,,,,,
317,41,MASKED,MASKED_UNFLAGGED,,,,HeCBench/results/llvm17_inject/jacobi/pointer/site317_bit41.out,,,,,,,,,,,,,,,,
317,42,MASKED,MASKED_UNFLAGGED,,,,HeCBench/results/llvm17_inject/jacobi/pointer/site317_bit42.out,,,,,,,,,,,,,,,,
317,43,MASKED,MASKED_UNFLAGGED,,,,HeCBench/results/llvm17_inject/jacobi/pointer/site317_bit43.out,,,,,,,,,,,,,,,,
317,44,MASKED,MASKED_UNFLAGGED,,,,HeCBench/results/llvm17_inject/jacobi/pointer/site317_bit44.out,,,,,,,,,,,,,,,,
317,45,MASKED,MASKED_UNFLAGGED,,,,HeCBench/results/llvm17_inject/jacobi/pointer/site317_bit45.out,,,,,,,,,,,,,,,,
317,46,MASKED,MASKED_UNFLAGGED,,,,HeCBench/results/llvm17_inject/jacobi/pointer/site317_bit46.out,,,,,,,,,,,,,,,,
317,47,MASKED,MASKED_UNFLAGGED,,,,HeCBench/results/llvm17_inject/jacobi/pointer/site317_bit47.out,,,,,,,,,,,,,,,,
317,48,MASKED,MASKED_UNFLAGGED,,,,HeCBench/results/llvm17_inject/jacobi/pointer/site317_bit48.out,,,,,,,,,,,,,,,,
317,49,MASKED,MASKED_UNFLAGGED,,,,HeCBench/results/llvm17_inject/jacobi/pointer/site317_bit49.out,,,,,,,,,,,,,,,,
317,50,MASKED,MASKED_UNFLAGGED,,,,HeCBench/results/llvm17_inject/jacobi/pointer/site317_bit50.out,,,,,,,,,,,,,,,,
317,51,MASKED,MASKED_UNFLAGGED,,,,HeCBench/results/llvm17_inject/jacobi/pointer/site317_bit51.out,,,,,,,,,,,,,,,,
317,52,MASKED,MASKED_UNFLAGGED,,,,HeCBench/results/llvm17_inject/jacobi/pointer/site317_bit52.out,,,,,,,,,,,,,,,,
317,53,MASKED,MASKED_UNFLAGGED,,,,HeCBench/results/llvm17_inject/jacobi/pointer/site317_bit53.out,,,,,,,,,,,,,,,,
317,54,MASKED,MASKED_UNFLAGGED,,,,HeCBench/results/llvm17_inject/jacobi/pointer/site317_bit54.out,,,,,,,,,,,,,,,,
317,55,MASKED,MASKED_UNFLAGGED,,,,HeCBench/results/llvm17_inject/jacobi/pointer/site317_bit55.out,,,,,,,,,,,,,,,,
317,56,MASKED,MASKED_UNFLAGGED,,,,HeCBench/results/llvm17_inject/jacobi/pointer/site317_bit56.out,,,,,,,,,,,,,,,,
317,57,MASKED,MASKED_UNFLAGGED,,,,HeCBench/results/llvm17_inject/jacobi/pointer/site317_bit57.out,,,,,,,,,,,,,,,,
317,58,MASKED,MASKED_UNFLAGGED,,,,HeCBench/results/llvm17_inject/jacobi/pointer/site317_bit58.out,,,,,,,,,,,,,,,,
317,59,MASKED,MASKED_UNFLAGGED,,,,HeCBench/results/llvm17_inject/jacobi/pointer/site317_bit59.out,,,,,,,,,,,,,,,,
317,60,MASKED,MASKED_UNFLAGGED,,,,HeCBench/results/llvm17_inject/jacobi/pointer/site317_bit60.out,,,,,,,,,,,,,,,,
317,61,MASKED,MASKED_UNFLAGGED,,,,HeCBench/results/llvm17_inject/jacobi/pointer/site317_bit61.out,,,,,,,,,,,,,,,,
317,62,MASKED,MASKED_UNFLAGGED,,,,HeCBench/results/llvm17_inject/jacobi/pointer/site317_bit62.out,,,,,,,,,,,,,,,,
317,63,MASKED,MASKED_UNFLAGGED,,,,HeCBench/results/llvm17_inject/jacobi/pointer/site317_bit63.out,,,,,,,,,,,,,,,,
323,0,MASKED,MASKED_UNFLAGGED,,,,HeCBench/results/llvm17_inject/jacobi/pointer/site323_bit0.out,,,,,,,,,,,,,,,,
323,1,MASKED,MASKED_UNFLAGGED,,,,HeCBench/results/llvm17_inject/jacobi/pointer/site323_bit1.out,,,,,,,,,,,,,,,,
323,2,MASKED,MASKED_UNFLAGGED,,,,HeCBench/results/llvm17_inject/jacobi/pointer/site323_bit2.out,,,,,,,,,,,,,,,,
323,3,MASKED,MASKED_UNFLAGGED,,,,HeCBench/results/llvm17_inject/jacobi/pointer/site323_bit3.out,,,,,,,,,,,,,,,,
323,4,MASKED,MASKED_UNFLAGGED,,,,HeCBench/results/llvm17_inject/jacobi/pointer/site323_bit4.out,,,,,,,,,,,,,,,,
323,5,MASKED,MASKED_UNFLAGGED,,,,HeCBench/results/llvm17_inject/jacobi/pointer/site323_bit5.out,,,,,,,,,,,,,,,,
323,6,MASKED,MASKED_UNFLAGGED,,,,HeCBench/results/llvm17_inject/jacobi/pointer/site323_bit6.out,,,,,,,,,,,,,,,,
323,7,MASKED,MASKED_UNFLAGGED,,,,HeCBench/results/llvm17_inject/jacobi/pointer/site323_bit7.out,,,,,,,,,,,,,,,,
323,8,MASKED,MASKED_UNFLAGGED,,,,HeCBench/results/llvm17_inject/jacobi/pointer/site323_bit8.out,,,,,,,,,,,,,,,,
323,9,MASKED,MASKED_UNFLAGGED,,,,HeCBench/results/llvm17_inject/jacobi/pointer/site323_bit9.out,,,,,,,,,,,,,,,,
323,10,MASKED,MASKED_UNFLAGGED,,,,HeCBench/results/llvm17_inject/jacobi/pointer/site323_bit10.out,,,,,,,,,,,,,,,,
323,11,MASKED,MASKED_UNFLAGGED,,,,HeCBench/results/llvm17_inject/jacobi/pointer/site323_bit11.out,,,,,,,,,,,,,,,,
323,12,MASKED,MASKED_UNFLAGGED,,,,HeCBench/results/llvm17_inject/jacobi/pointer/site323_bit12.out,,,,,,,,,,,,,,,,
323,13,MASKED,MASKED_UNFLAGGED,,,,HeCBench/results/llvm17_inject/jacobi/pointer/site323_bit13.out,,,,,,,,,,,,,,,,
323,14,MASKED,MASKED_UNFLAGGED,,,,HeCBench/results/llvm17_inject/jacobi/pointer/site323_bit14.out,,,,,,,,,,,,,,,,
323,15,MASKED,MASKED_UNFLAGGED,,,,HeCBench/results/llvm17_inject/jacobi/pointer/site323_bit15.out,,,,,,,,,,,,,,,,
323,16,MASKED,MASKED_UNFLAGGED,,,,HeCBench/results/llvm17_inject/jacobi/pointer/site323_bit16.out,,,,,,,,,,,,,,,,
323,17,MASKED,MASKED_UNFLAGGED,,,,HeCBench/results/llvm17_inject/jacobi/pointer/site323_bit17.out,,,,,,,,,,,,,,,,
323,18,MASKED,MASKED_UNFLAGGED,,,,HeCBench/results/llvm17_inject/jacobi/pointer/site323_bit18.out,,,,,,,,,,,,,,,,
323,19,MASKED,MASKED_UNFLAGGED,,,,HeCBench/results/llvm17_inject/jacobi/pointer/site323_bit19.out,,,,,,,,,,,,,,,,
323,20,MASKED,MASKED_UNFLAGGED,,,,HeCBench/results/llvm17_inject/jacobi/pointer/site323_bit20.out,,,,,,,,,,,,,,,,
323,21,MASKED,MASKED_UNFLAGGED,,,,HeCBench/results/llvm17_inject/jacobi/pointer/site323_bit21.out,,,,,,,,,,,,,,,,
323,22,MASKED,MASKED_UNFLAGGED,,,,HeCBench/results/llvm17_inject/jacobi/pointer/site323_bit22.out,,,,,,,,,,,,,,,,
323,23,MASKED,MASKED_UNFLAGGED,,,,HeCBench/results/llvm17_inject/jacobi/pointer/site323_bit23.out,,,,,,,,,,,,,,,,
323,24,MASKED,MASKED_UNFLAGGED,,,,HeCBench/results/llvm17_inject/jacobi/pointer/site323_bit24.out,,,,,,,,,,,,,,,,
323,25,MASKED,MASKED_UNFLAGGED,,,,HeCBench/results/llvm17_inject/jacobi/pointer/site323_bit25.out,,,,,,,,,,,,,,,,
323,26,MASKED,MASKED_UNFLAGGED,,,,HeCBench/results/llvm17_inject/jacobi/pointer/site323_bit26.out,,,,,,,,,,,,,,,,
323,27,MASKED,MASKED_UNFLAGGED,,,,HeCBench/results/llvm17_inject/jacobi/pointer/site323_bit27.out,,,,,,,,,,,,,,,,
323,28,MASKED,MASKED_UNFLAGGED,,,,HeCBench/results/llvm17_inject/jacobi/pointer/site323_bit28.out,,,,,,,,,,,,,,,,
323,29,MASKED,MASKED_UNFLAGGED,,,,HeCBench/results/llvm17_inject/jacobi/pointer/site323_bit29.out,,,,,,,,,,,,,,,,
323,30,MASKED,MASKED_UNFLAGGED,,,,HeCBench/results/llvm17_inject/jacobi/pointer/site323_bit30.out,,,,,,,,,,,,,,,,
323,31,MASKED,MASKED_UNFLAGGED,,,,HeCBench/results/llvm17_inject/jacobi/pointer/site323_bit31.out,,,,,,,,,,,,,,,,
323,32,MASKED,MASKED_UNFLAGGED,,,,HeCBench/results/llvm17_inject/jacobi/pointer/site323_bit32.out,,,,,,,,,,,,,,,,
323,33,MASKED,MASKED_UNFLAGGED,,,,HeCBench/results/llvm17_inject/jacobi/pointer/site323_bit33.out,,,,,,,,,,,,,,,,
323,34,MASKED,MASKED_UNFLAGGED,,,,HeCBench/results/llvm17_inject/jacobi/pointer/site323_bit34.out,,,,,,,,,,,,,,,,
323,35,MASKED,MASKED_UNFLAGGED,,,,HeCBench/results/llvm17_inject/jacobi/pointer/site323_bit35.out,,,,,,,,,,,,,,,,
323,36,MASKED,MASKED_UNFLAGGED,,,,HeCBench/results/llvm17_inject/jacobi/pointer/site323_bit36.out,,,,,,,,,,,,,,,,
323,37,MASKED,MASKED_UNFLAGGED,,,,HeCBench/results/llvm17_inject/jacobi/pointer/site323_bit37.out,,,,,,,,,,,,,,,,
323,38,MASKED,MASKED_UNFLAGGED,,,,HeCBench/results/llvm17_inject/jacobi/pointer/site323_bit38.out,,,,,,,,,,,,,,,,
323,39,MASKED,MASKED_UNFLAGGED,,,,HeCBench/results/llvm17_inject/jacobi/pointer/site323_bit39.out,,,,,,,,,,,,,,,,
323,40,MASKED,MASKED_UNFLAGGED,,,,HeCBench/results/llvm17_inject/jacobi/pointer/site323_bit40.out,,,,,,,,,,,,,,,,
323,41,MASKED,MASKED_UNFLAGGED,,,,HeCBench/results/llvm17_inject/jacobi/pointer/site323_bit41.out,,,,,,,,,,,,,,,,
323,42,MASKED,MASKED_UNFLAGGED,,,,HeCBench/results/llvm17_inject/jacobi/pointer/site323_bit42.out,,,,,,,,,,,,,,,,
323,43,MASKED,MASKED_UNFLAGGED,,,,HeCBench/results/llvm17_inject/jacobi/pointer/site323_bit43.out,,,,,,,,,,,,,,,,
323,44,MASKED,MASKED_UNFLAGGED,,,,HeCBench/results/llvm17_inject/jacobi/pointer/site323_bit44.out,,,,,,,,,,,,,,,,
323,45,MASKED,MASKED_UNFLAGGED,,,,HeCBench/results/llvm17_inject/jacobi/pointer/site323_bit45.out,,,,,,,,,,,,,,,,
323,46,MASKED,MASKED_UNFLAGGED,,,,HeCBench/results/llvm17_inject/jacobi/pointer/site323_bit46.out,,,,,,,,,,,,,,,,
323,47,MASKED,MASKED_UNFLAGGED,,,,HeCBench/results/llvm17_inject/jacobi/pointer/site323_bit47.out,,,,,,,,,,,,,,,,
323,48,MASKED,MASKED_UNFLAGGED,,,,HeCBench/results/llvm17_inject/jacobi/pointer/site323_bit48.out,,,,,,,,,,,,,,,,
323,49,MASKED,MASKED_UNFLAGGED,,,,HeCBench/results/llvm17_inject/jacobi/pointer/site323_bit49.out,,,,,,,,,,,,,,,,
323,50,MASKED,MASKED_UNFLAGGED,,,,HeCBench/results/llvm17_inject/jacobi/pointer/site323_bit50.out,,,,,,,,,,,,,,,,
323,51,MASKED,MASKED_UNFLAGGED,,,,HeCBench/results/llvm17_inject/jacobi/pointer/site323_bit51.out,,,,,,,,,,,,,,,,
323,52,MASKED,MASKED_UNFLAGGED,,,,HeCBench/results/llvm17_inject/jacobi/pointer/site323_bit52.out,,,,,,,,,,,,,,,,
323,53,MASKED,MASKED_UNFLAGGED,,,,HeCBench/results/llvm17_inject/jacobi/pointer/site323_bit53.out,,,,,,,,,,,,,,,,
323,54,MASKED,MASKED_UNFLAGGED,,,,HeCBench/results/llvm17_inject/jacobi/pointer/site323_bit54.out,,,,,,,,,,,,,,,,
323,55,MASKED,MASKED_UNFLAGGED,,,,HeCBench/results/llvm17_inject/jacobi/pointer/site323_bit55.out,,,,,,,,,,,,,,,,
323,56,MASKED,MASKED_UNFLAGGED,,,,HeCBench/results/llvm17_inject/jacobi/pointer/site323_bit56.out,,,,,,,,,,,,,,,,
323,57,MASKED,MASKED_UNFLAGGED,,,,HeCBench/results/llvm17_inject/jacobi/pointer/site323_bit57.out,,,,,,,,,,,,,,,,
323,58,MASKED,MASKED_UNFLAGGED,,,,HeCBench/results/llvm17_inject/jacobi/pointer/site323_bit58.out,,,,,,,,,,,,,,,,
323,59,MASKED,MASKED_UNFLAGGED,,,,HeCBench/results/llvm17_inject/jacobi/pointer/site323_bit59.out,,,,,,,,,,,,,,,,
323,60,MASKED,MASKED_UNFLAGGED,,,,HeCBench/results/llvm17_inject/jacobi/pointer/site323_bit60.out,,,,,,,,,,,,,,,,
323,61,MASKED,MASKED_UNFLAGGED,,,,HeCBench/results/llvm17_inject/jacobi/pointer/site323_bit61.out,,,,,,,,,,,,,,,,
323,62,MASKED,MASKED_UNFLAGGED,,,,HeCBench/results/llvm17_inject/jacobi/pointer/site323_bit62.out,,,,,,,,,,,,,,,,
323,63,MASKED,MASKED_UNFLAGGED,,,,HeCBench/results/llvm17_inject/jacobi/pointer/site323_bit63.out,,,,,,,,,,,,,,,,
348,0,MASKED,MASKED_UNFLAGGED,,,,HeCBench/results/llvm17_inject/jacobi/pointer/site348_bit0.out,,,,,,,,,,,,,,,,
348,1,MASKED,MASKED_UNFLAGGED,,,,HeCBench/results/llvm17_inject/jacobi/pointer/site348_bit1.out,,,,,,,,,,,,,,,,
348,2,MASKED,MASKED_UNFLAGGED,,,,HeCBench/results/llvm17_inject/jacobi/pointer/site348_bit2.out,,,,,,,,,,,,,,,,
348,3,MASKED,MASKED_UNFLAGGED,,,,HeCBench/results/llvm17_inject/jacobi/pointer/site348_bit3.out,,,,,,,,,,,,,,,,
348,4,MASKED,MASKED_UNFLAGGED,,,,HeCBench/results/llvm17_inject/jacobi/pointer/site348_bit4.out,,,,,,,,,,,,,,,,
348,5,MASKED,MASKED_UNFLAGGED,,,,HeCBench/results/llvm17_inject/jacobi/pointer/site348_bit5.out,,,,,,,,,,,,,,,,
348,6,MASKED,MASKED_UNFLAGGED,,,,HeCBench/results/llvm17_inject/jacobi/pointer/site348_bit6.out,,,,,,,,,,,,,,,,
348,7,MASKED,MASKED_UNFLAGGED,,,,HeCBench/results/llvm17_inject/jacobi/pointer/site348_bit7.out,,,,,,,,,,,,,,,,
348,8,MASKED,MASKED_UNFLAGGED,,,,HeCBench/results/llvm17_inject/jacobi/pointer/site348_bit8.out,,,,,,,,,,,,,,,,
348,9,MASKED,MASKED_UNFLAGGED,,,,HeCBench/results/llvm17_inject/jacobi/pointer/site348_bit9.out,,,,,,,,,,,,,,,,
348,10,MASKED,MASKED_UNFLAGGED,,,,HeCBench/results/llvm17_inject/jacobi/pointer/site348_bit10.out,,,,,,,,,,,,,,,,
348,11,MASKED,MASKED_UNFLAGGED,,,,HeCBench/results/llvm17_inject/jacobi/pointer/site348_bit11.out,,,,,,,,,,,,,,,,
348,12,MASKED,MASKED_UNFLAGGED,,,,HeCBench/results/llvm17_inject/jacobi/pointer/site348_bit12.out,,,,,,,,,,,,,,,,
348,13,MASKED,MASKED_UNFLAGGED,,,,HeCBench/results/llvm17_inject/jacobi/pointer/site348_bit13.out,,,,,,,,,,,,,,,,
348,14,MASKED,MASKED_UNFLAGGED,,,,HeCBench/results/llvm17_inject/jacobi/pointer/site348_bit14.out,,,,,,,,,,,,,,,,
348,15,MASKED,MASKED_UNFLAGGED,,,,HeCBench/results/llvm17_inject/jacobi/pointer/site348_bit15.out,,,,,,,,,,,,,,,,
348,16,MASKED,MASKED_UNFLAGGED,,,,HeCBench/results/llvm17_inject/jacobi/pointer/site348_bit16.out,,,,,,,,,,,,,,,,
348,17,MASKED,MASKED_UNFLAGGED,,,,HeCBench/results/llvm17_inject/jacobi/pointer/site348_bit17.out,,,,,,,,,,,,,,,,
348,18,MASKED,MASKED_UNFLAGGED,,,,HeCBench/results/llvm17_inject/jacobi/pointer/site348_bit18.out,,,,,,,,,,,,,,,,
348,19,MASKED,MASKED_UNFLAGGED,,,,HeCBench/results/llvm17_inject/jacobi/pointer/site348_bit19.out,,,,,,,,,,,,,,,,
348,20,MASKED,MASKED_UNFLAGGED,,,,HeCBench/results/llvm17_inject/jacobi/pointer/site348_bit20.out,,,,,,,,,,,,,,,,
348,21,MASKED,MASKED_UNFLAGGED,,,,HeCBench/results/llvm17_inject/jacobi/pointer/site348_bit21.out,,,,,,,,,,,,,,,,
348,22,MASKED,MASKED_UNFLAGGED,,,,HeCBench/results/llvm17_inject/jacobi/pointer/site348_bit22.out,,,,,,,,,,,,,,,,
348,23,MASKED,MASKED_UNFLAGGED,,,,HeCBench/results/llvm17_inject/jacobi/pointer/site348_bit23.out,,,,,,,,,,,,,,,,
348,24,MASKED,MASKED_UNFLAGGED,,,,HeCBench/results/llvm17_inject/jacobi/pointer/site348_bit24.out,,,,,,,,,,,,,,,,
348,25,MASKED,MASKED_UNFLAGGED,,,,HeCBench/results/llvm17_inject/jacobi/pointer/site348_bit25.out,,,,,,,,,,,,,,,,
348,26,MASKED,MASKED_UNFLAGGED,,,,HeCBench/results/llvm17_inject/jacobi/pointer/site348_bit26.out,,,,,,,,,,,,,,,,
348,27,MASKED,MASKED_UNFLAGGED,,,,HeCBench/results/llvm17_inject/jacobi/pointer/site348_bit27.out,,,,,,,,,,,,,,,,
348,28,MASKED,MASKED_UNFLAGGED,,,,HeCBench/results/llvm17_inject/jacobi/pointer/site348_bit28.out,,,,,,,,,,,,,,,,
348,29,MASKED,MASKED_UNFLAGGED,,,,HeCBench/results/llvm17_inject/jacobi/pointer/site348_bit29.out,,,,,,,,,,,,,,,,
348,30,MASKED,MASKED_UNFLAGGED,,,,HeCBench/results/llvm17_inject/jacobi/pointer/site348_bit30.out,,,,,,,,,,,,,,,,
348,31,MASKED,MASKED_UNFLAGGED,,,,HeCBench/results/llvm17_inject/jacobi/pointer/site348_bit31.out,,,,,,,,,,,,,,,,
348,32,MASKED,MASKED_UNFLAGGED,,,,HeCBench/results/llvm17_inject/jacobi/pointer/site348_bit32.out,,,,,,,,,,,,,,,,
348,33,MASKED,MASKED_UNFLAGGED,,,,HeCBench/results/llvm17_inject/jacobi/pointer/site348_bit33.out,,,,,,,,,,,,,,,,
348,34,MASKED,MASKED_UNFLAGGED,,,,HeCBench/results/llvm17_inject/jacobi/pointer/site348_bit34.out,,,,,,,,,,,,,,,,
348,35,MASKED,MASKED_UNFLAGGED,,,,HeCBench/results/llvm17_inject/jacobi/pointer/site348_bit35.out,,,,,,,,,,,,,,,,
348,36,MASKED,MASKED_UNFLAGGED,,,,HeCBench/results/llvm17_inject/jacobi/pointer/site348_bit36.out,,,,,,,,,,,,,,,,
348,37,MASKED,MASKED_UNFLAGGED,,,,HeCBench/results/llvm17_inject/jacobi/pointer/site348_bit37.out,,,,,,,,,,,,,,,,
348,38,MASKED,MASKED_UNFLAGGED,,,,HeCBench/results/llvm17_inject/jacobi/pointer/site348_bit38.out,,,,,,,,,,,,,,,,
348,39,MASKED,MASKED_UNFLAGGED,,,,HeCBench/results/llvm17_inject/jacobi/pointer/site348_bit39.out,,,,,,,,,,,,,,,,
348,40,MASKED,MASKED_UNFLAGGED,,,,HeCBench/results/llvm17_inject/jacobi/pointer/site348_bit40.out,,,,,,,,,,,,,,,,
348,41,MASKED,MASKED_UNFLAGGED,,,,HeCBench/results/llvm17_inject/jacobi/pointer/site348_bit41.out,,,,,,,,,,,,,,,,
348,42,MASKED,MASKED_UNFLAGGED,,,,HeCBench/results/llvm17_inject/jacobi/pointer/site348_bit42.out,,,,,,,,,,,,,,,,
348,43,MASKED,MASKED_UNFLAGGED,,,,HeCBench/results/llvm17_inject/jacobi/pointer/site348_bit43.out,,,,,,,,,,,,,,,,
348,44,MASKED,MASKED_UNFLAGGED,,,,HeCBench/results/llvm17_inject/jacobi/pointer/site348_bit44.out,,,,,,,,,,,,,,,,
348,45,MASKED,MASKED_UNFLAGGED,,,,HeCBench/results/llvm17_inject/jacobi/pointer/site348_bit45.out,,,,,,,,,,,,,,,,
348,46,MASKED,MASKED_UNFLAGGED,,,,HeCBench/results/llvm17_inject/jacobi/pointer/site348_bit46.out,,,,,,,,,,,,,,,,
348,47,MASKED,MASKED_UNFLAGGED,,,,HeCBench/results/llvm17_inject/jacobi/pointer/site348_bit47.out,,,,,,,,,,,,,,,,
348,48,MASKED,MASKED_UNFLAGGED,,,,HeCBench/results/llvm17_inject/jacobi/pointer/site348_bit48.out,,,,,,,,,,,,,,,,
348,49,MASKED,MASKED_UNFLAGGED,,,,HeCBench/results/llvm17_inject/jacobi/pointer/site348_bit49.out,,,,,,,,,,,,,,,,
348,50,MASKED,MASKED_UNFLAGGED,,,,HeCBench/results/llvm17_inject/jacobi/pointer/site348_bit50.out,,,,,,,,,,,,,,,,
348,51,MASKED,MASKED_UNFLAGGED,,,,HeCBench/results/llvm17_inject/jacobi/pointer/site348_bit51.out,,,,,,,,,,,,,,,,
348,52,MASKED,MASKED_UNFLAGGED,,,,HeCBench/results/llvm17_inject/jacobi/pointer/site348_bit52.out,,,,,,,,,,,,,,,,
348,53,MASKED,MASKED_UNFLAGGED,,,,HeCBench/results/llvm17_inject/jacobi/pointer/site348_bit53.out,,,,,,,,,,,,,,,,
348,54,MASKED,MASKED_UNFLAGGED,,,,HeCBench/results/llvm17_inject/jacobi/pointer/site348_bit54.out,,,,,,,,,,,,,,,,
348,55,MASKED,MASKED_UNFLAGGED,,,,HeCBench/results/llvm17_inject/jacobi/pointer/site348_bit55.out,,,,,,,,,,,,,,,,
348,56,MASKED,MASKED_UNFLAGGED,,,,HeCBench/results/llvm17_inject/jacobi/pointer/site348_bit56.out,,,,,,,,,,,,,,,,
348,57,MASKED,MASKED_UNFLAGGED,,,,HeCBench/results/llvm17_inject/jacobi/pointer/site348_bit57.out,,,,,,,,,,,,,,,,
348,58,MASKED,MASKED_UNFLAGGED,,,,HeCBench/results/llvm17_inject/jacobi/pointer/site348_bit58.out,,,,,,,,,,,,,,,,
348,59,MASKED,MASKED_UNFLAGGED,,,,HeCBench/results/llvm17_inject/jacobi/pointer/site348_bit59.out,,,,,,,,,,,,,,,,
348,60,MASKED,MASKED_UNFLAGGED,,,,HeCBench/results/llvm17_inject/jacobi/pointer/site348_bit60.out,,,,,,,,,,,,,,,,
348,61,MASKED,MASKED_UNFLAGGED,,,,HeCBench/results/llvm17_inject/jacobi/pointer/site348_bit61.out,,,,,,,,,,,,,,,,
348,62,MASKED,MASKED_UNFLAGGED,,,,HeCBench/results/llvm17_inject/jacobi/pointer/site348_bit62.out,,,,,,,,,,,,,,,,
348,63,MASKED,MASKED_UNFLAGGED,,,,HeCBench/results/llvm17_inject/jacobi/pointer/site348_bit63.out,,,,,,,,,,,,,,,,
349,0,MASKED,MASKED_UNFLAGGED,,,,HeCBench/results/llvm17_inject/jacobi/pointer/site349_bit0.out,,,,,,,,,,,,,,,,
349,1,MASKED,MASKED_UNFLAGGED,,,,HeCBench/results/llvm17_inject/jacobi/pointer/site349_bit1.out,,,,,,,,,,,,,,,,
349,2,MASKED,MASKED_UNFLAGGED,,,,HeCBench/results/llvm17_inject/jacobi/pointer/site349_bit2.out,,,,,,,,,,,,,,,,
349,3,MASKED,MASKED_UNFLAGGED,,,,HeCBench/results/llvm17_inject/jacobi/pointer/site349_bit3.out,,,,,,,,,,,,,,,,
349,4,MASKED,MASKED_UNFLAGGED,,,,HeCBench/results/llvm17_inject/jacobi/pointer/site349_bit4.out,,,,,,,,,,,,,,,,
349,5,MASKED,MASKED_UNFLAGGED,,,,HeCBench/results/llvm17_inject/jacobi/pointer/site349_bit5.out,,,,,,,,,,,,,,,,
349,6,MASKED,MASKED_UNFLAGGED,,,,HeCBench/results/llvm17_inject/jacobi/pointer/site349_bit6.out,,,,,,,,,,,,,,,,
349,7,MASKED,MASKED_UNFLAGGED,,,,HeCBench/results/llvm17_inject/jacobi/pointer/site349_bit7.out,,,,,,,,,,,,,,,,
349,8,MASKED,MASKED_UNFLAGGED,,,,HeCBench/results/llvm17_inject/jacobi/pointer/site349_bit8.out,,,,,,,,,,,,,,,,
349,9,MASKED,MASKED_UNFLAGGED,,,,HeCBench/results/llvm17_inject/jacobi/pointer/site349_bit9.out,,,,,,,,,,,,,,,,
349,10,MASKED,MASKED_UNFLAGGED,,,,HeCBench/results/llvm17_inject/jacobi/pointer/site349_bit10.out,,,,,,,,,,,,,,,,
349,11,MASKED,MASKED_UNFLAGGED,,,,HeCBench/results/llvm17_inject/jacobi/pointer/site349_bit11.out,,,,,,,,,,,,,,,,
349,12,MASKED,MASKED_UNFLAGGED,,,,HeCBench/results/llvm17_inject/jacobi/pointer/site349_bit12.out,,,,,,,,,,,,,,,,
349,13,MASKED,MASKED_UNFLAGGED,,,,HeCBench/results/llvm17_inject/jacobi/pointer/site349_bit13.out,,,,,,,,,,,,,,,,
349,14,MASKED,MASKED_UNFLAGGED,,,,HeCBench/results/llvm17_inject/jacobi/pointer/site349_bit14.out,,,,,,,,,,,,,,,,
349,15,MASKED,MASKED_UNFLAGGED,,,,HeCBench/results/llvm17_inject/jacobi/pointer/site349_bit15.out,,,,,,,,,,,,,,,,
349,16,MASKED,MASKED_UNFLAGGED,,,,HeCBench/results/llvm17_inject/jacobi/pointer/site349_bit16.out,,,,,,,,,,,,,,,,
349,17,MASKED,MASKED_UNFLAGGED,,,,HeCBench/results/llvm17_inject/jacobi/pointer/site349_bit17.out,,,,,,,,,,,,,,,,
349,18,MASKED,MASKED_UNFLAGGED,,,,HeCBench/results/llvm17_inject/jacobi/pointer/site349_bit18.out,,,,,,,,,,,,,,,,
349,19,MASKED,MASKED_UNFLAGGED,,,,HeCBench/results/llvm17_inject/jacobi/pointer/site349_bit19.out,,,,,,,,,,,,,,,,
349,20,MASKED,MASKED_UNFLAGGED,,,,HeCBench/results/llvm17_inject/jacobi/pointer/site349_bit20.out,,,,,,,,,,,,,,,,
349,21,MASKED,MASKED_UNFLAGGED,,,,HeCBench/results/llvm17_inject/jacobi/pointer/site349_bit21.out,,,,,,,,,,,,,,,,
349,22,MASKED,MASKED_UNFLAGGED,,,,HeCBench/results/llvm17_inject/jacobi/pointer/site349_bit22.out,,,,,,,,,,,,,,,,
349,23,MASKED,MASKED_UNFLAGGED,,,,HeCBench/results/llvm17_inject/jacobi/pointer/site349_bit23.out,,,,,,,,,,,,,,,,
349,24,MASKED,MASKED_UNFLAGGED,,,,HeCBench/results/llvm17_inject/jacobi/pointer/site349_bit24.out,,,,,,,,,,,,,,,,
349,25,MASKED,MASKED_UNFLAGGED,,,,HeCBench/results/llvm17_inject/jacobi/pointer/site349_bit25.out,,,,,,,,,,,,,,,,
349,26,MASKED,MASKED_UNFLAGGED,,,,HeCBench/results/llvm17_inject/jacobi/pointer/site349_bit26.out,,,,,,,,,,,,,,,,
349,27,MASKED,MASKED_UNFLAGGED,,,,HeCBench/results/llvm17_inject/jacobi/pointer/site349_bit27.out,,,,,,,,,,,,,,,,
349,28,MASKED,MASKED_UNFLAGGED,,,,HeCBench/results/llvm17_inject/jacobi/pointer/site349_bit28.out,,,,,,,,,,,,,,,,
349,29,MASKED,MASKED_UNFLAGGED,,,,HeCBench/results/llvm17_inject/jacobi/pointer/site349_bit29.out,,,,,,,,,,,,,,,,
349,30,MASKED,MASKED_UNFLAGGED,,,,HeCBench/results/llvm17_inject/jacobi/pointer/site349_bit30.out,,,,,,,,,,,,,,,,
349,31,MASKED,MASKED_UNFLAGGED,,,,HeCBench/results/llvm17_inject/jacobi/pointer/site349_bit31.out,,,,,,,,,,,,,,,,
349,32,MASKED,MASKED_UNFLAGGED,,,,HeCBench/results/llvm17_inject/jacobi/pointer/site349_bit32.out,,,,,,,,,,,,,,,,
349,33,MASKED,MASKED_UNFLAGGED,,,,HeCBench/results/llvm17_inject/jacobi/pointer/site349_bit33.out,,,,,,,,,,,,,,,,
349,34,MASKED,MASKED_UNFLAGGED,,,,HeCBench/results/llvm17_inject/jacobi/pointer/site349_bit34.out,,,,,,,,,,,,,,,,
349,35,MASKED,MASKED_UNFLAGGED,,,,HeCBench/results/llvm17_inject/jacobi/pointer/site349_bit35.out,,,,,,,,,,,,,,,,
349,36,MASKED,MASKED_UNFLAGGED,,,,HeCBench/results/llvm17_inject/jacobi/pointer/site349_bit36.out,,,,,,,,,,,,,,,,
349,37,MASKED,MASKED_UNFLAGGED,,,,HeCBench/results/llvm17_inject/jacobi/pointer/site349_bit37.out,,,,,,,,,,,,,,,,
349,38,MASKED,MASKED_UNFLAGGED,,,,HeCBench/results/llvm17_inject/jacobi/pointer/site349_bit38.out,,,,,,,,,,,,,,,,
349,39,MASKED,MASKED_UNFLAGGED,,,,HeCBench/results/llvm17_inject/jacobi/pointer/site349_bit39.out,,,,,,,,,,,,,,,,
349,40,MASKED,MASKED_UNFLAGGED,,,,HeCBench/results/llvm17_inject/jacobi/pointer/site349_bit40.out,,,,,,,,,,,,,,,,
349,41,MASKED,MASKED_UNFLAGGED,,,,HeCBench/results/llvm17_inject/jacobi/pointer/site349_bit41.out,,,,,,,,,,,,,,,,
349,42,MASKED,MASKED_UNFLAGGED,,,,HeCBench/results/llvm17_inject/jacobi/pointer/site349_bit42.out,,,,,,,,,,,,,,,,
349,43,MASKED,MASKED_UNFLAGGED,,,,HeCBench/results/llvm17_inject/jacobi/pointer/site349_bit43.out,,,,,,,,,,,,,,,,
349,44,MASKED,MASKED_UNFLAGGED,,,,HeCBench/results/llvm17_inject/jacobi/pointer/site349_bit44.out,,,,,,,,,,,,,,,,
349,45,MASKED,MASKED_UNFLAGGED,,,,HeCBench/results/llvm17_inject/jacobi/pointer/site349_bit45.out,,,,,,,,,,,,,,,,
349,46,MASKED,MASKED_UNFLAGGED,,,,HeCBench/results/llvm17_inject/jacobi/pointer/site349_bit46.out,,,,,,,,,,,,,,,,
349,47,MASKED,MASKED_UNFLAGGED,,,,HeCBench/results/llvm17_inject/jacobi/pointer/site349_bit47.out,,,,,,,,,,,,,,,,
349,48,MASKED,MASKED_UNFLAGGED,,,,HeCBench/results/llvm17_inject/jacobi/pointer/site349_bit48.out,,,,,,,,,,,,,,,,
349,49,MASKED,MASKED_UNFLAGGED,,,,HeCBench/results/llvm17_inject/jacobi/pointer/site349_bit49.out,,,,,,,,,,,,,,,,
349,50,MASKED,MASKED_UNFLAGGED,,,,HeCBench/results/llvm17_inject/jacobi/pointer/site349_bit50.out,,,,,,,,,,,,,,,,
349,51,MASKED,MASKED_UNFLAGGED,,,,HeCBench/results/llvm17_inject/jacobi/pointer/site349_bit51.out,,,,,,,,,,,,,,,,
349,52,MASKED,MASKED_UNFLAGGED,,,,HeCBench/results/llvm17_inject/jacobi/pointer/site349_bit52.out,,,,,,,,,,,,,,,,
349,53,MASKED,MASKED_UNFLAGGED,,,,HeCBench/results/llvm17_inject/jacobi/pointer/site349_bit53.out,,,,,,,,,,,,,,,,
349,54,MASKED,MASKED_UNFLAGGED,,,,HeCBench/results/llvm17_inject/jacobi/pointer/site349_bit54.out,,,,,,,,,,,,,,,,
349,55,MASKED,MASKED_UNFLAGGED,,,,HeCBench/results/llvm17_inject/jacobi/pointer/site349_bit55.out,,,,,,,,,,,,,,,,
349,56,MASKED,MASKED_UNFLAGGED,,,,HeCBench/results/llvm17_inject/jacobi/pointer/site349_bit56.out,,,,,,,,,,,,,,,,
349,57,MASKED,MASKED_UNFLAGGED,,,,HeCBench/results/llvm17_inject/jacobi/pointer/site349_bit57.out,,,,,,,,,,,,,,,,
349,58,MASKED,MASKED_UNFLAGGED,,,,HeCBench/results/llvm17_inject/jacobi/pointer/site349_bit58.out,,,,,,,,,,,,,,,,
349,59,MASKED,MASKED_UNFLAGGED,,,,HeCBench/results/llvm17_inject/jacobi/pointer/site349_bit59.out,,,,,,,,,,,,,,,,
349,60,MASKED,MASKED_UNFLAGGED,,,,HeCBench/results/llvm17_inject/jacobi/pointer/site349_bit60.out,,,,,,,,,,,,,,,,
349,61,MASKED,MASKED_UNFLAGGED,,,,HeCBench/results/llvm17_inject/jacobi/pointer/site349_bit61.out,,,,,,,,,,,,,,,,
349,62,MASKED,MASKED_UNFLAGGED,,,,HeCBench/results/llvm17_inject/jacobi/pointer/site349_bit62.out,,,,,,,,,,,,,,,,
349,63,MASKED,MASKED_UNFLAGGED,,,,HeCBench/results/llvm17_inject/jacobi/pointer/site349_bit63.out,,,,,,,,,,,,,,,,
364,0,MASKED,MASKED_UNFLAGGED,,,,HeCBench/results/llvm17_inject/jacobi/pointer/site364_bit0.out,,,,,,,,,,,,,,,,
364,1,MASKED,MASKED_UNFLAGGED,,,,HeCBench/results/llvm17_inject/jacobi/pointer/site364_bit1.out,,,,,,,,,,,,,,,,
364,2,MASKED,MASKED_UNFLAGGED,,,,HeCBench/results/llvm17_inject/jacobi/pointer/site364_bit2.out,,,,,,,,,,,,,,,,
364,3,MASKED,MASKED_UNFLAGGED,,,,HeCBench/results/llvm17_inject/jacobi/pointer/site364_bit3.out,,,,,,,,,,,,,,,,
364,4,MASKED,MASKED_UNFLAGGED,,,,HeCBench/results/llvm17_inject/jacobi/pointer/site364_bit4.out,,,,,,,,,,,,,,,,
364,5,MASKED,MASKED_UNFLAGGED,,,,HeCBench/results/llvm17_inject/jacobi/pointer/site364_bit5.out,,,,,,,,,,,,,,,,
364,6,MASKED,MASKED_UNFLAGGED,,,,HeCBench/results/llvm17_inject/jacobi/pointer/site364_bit6.out,,,,,,,,,,,,,,,,
364,7,MASKED,MASKED_UNFLAGGED,,,,HeCBench/results/llvm17_inject/jacobi/pointer/site364_bit7.out,,,,,,,,,,,,,,,,
364,8,MASKED,MASKED_UNFLAGGED,,,,HeCBench/results/llvm17_inject/jacobi/pointer/site364_bit8.out,,,,,,,,,,,,,,,,
364,9,MASKED,MASKED_UNFLAGGED,,,,HeCBench/results/llvm17_inject/jacobi/pointer/site364_bit9.out,,,,,,,,,,,,,,,,
364,10,MASKED,MASKED_UNFLAGGED,,,,HeCBench/results/llvm17_inject/jacobi/pointer/site364_bit10.out,,,,,,,,,,,,,,,,
364,11,MASKED,MASKED_UNFLAGGED,,,,HeCBench/results/llvm17_inject/jacobi/pointer/site364_bit11.out,,,,,,,,,,,,,,,,
364,12,MASKED,MASKED_UNFLAGGED,,,,HeCBench/results/llvm17_inject/jacobi/pointer/site364_bit12.out,,,,,,,,,,,,,,,,
364,13,MASKED,MASKED_UNFLAGGED,,,,HeCBench/results/llvm17_inject/jacobi/pointer/site364_bit13.out,,,,,,,,,,,,,,,,
364,14,MASKED,MASKED_UNFLAGGED,,,,HeCBench/results/llvm17_inject/jacobi/pointer/site364_bit14.out,,,,,,,,,,,,,,,,
364,15,MASKED,MASKED_UNFLAGGED,,,,HeCBench/results/llvm17_inject/jacobi/pointer/site364_bit15.out,,,,,,,,,,,,,,,,
364,16,MASKED,MASKED_UNFLAGGED,,,,HeCBench/results/llvm17_inject/jacobi/pointer/site364_bit16.out,,,,,,,,,,,,,,,,
364,17,MASKED,MASKED_UNFLAGGED,,,,HeCBench/results/llvm17_inject/jacobi/pointer/site364_bit17.out,,,,,,,,,,,,,,,,
364,18,MASKED,MASKED_UNFLAGGED,,,,HeCBench/results/llvm17_inject/jacobi/pointer/site364_bit18.out,,,,,,,,,,,,,,,,
364,19,MASKED,MASKED_UNFLAGGED,,,,HeCBench/results/llvm17_inject/jacobi/pointer/site364_bit19.out,,,,,,,,,,,,,,,,
364,20,MASKED,MASKED_UNFLAGGED,,,,HeCBench/results/llvm17_inject/jacobi/pointer/site364_bit20.out,,,,,,,,,,,,,,,,
364,21,MASKED,MASKED_UNFLAGGED,,,,HeCBench/results/llvm17_inject/jacobi/pointer/site364_bit21.out,,,,,,,,,,,,,,,,
364,22,MASKED,MASKED_UNFLAGGED,,,,HeCBench/results/llvm17_inject/jacobi/pointer/site364_bit22.out,,,,,,,,,,,,,,,,
364,23,MASKED,MASKED_UNFLAGGED,,,,HeCBench/results/llvm17_inject/jacobi/pointer/site364_bit23.out,,,,,,,,,,,,,,,,
364,24,MASKED,MASKED_UNFLAGGED,,,,HeCBench/results/llvm17_inject/jacobi/pointer/site364_bit24.out,,,,,,,,,,,,,,,,
364,25,MASKED,MASKED_UNFLAGGED,,,,HeCBench/results/llvm17_inject/jacobi/pointer/site364_bit25.out,,,,,,,,,,,,,,,,
364,26,MASKED,MASKED_UNFLAGGED,,,,HeCBench/results/llvm17_inject/jacobi/pointer/site364_bit26.out,,,,,,,,,,,,,,,,
364,27,MASKED,MASKED_UNFLAGGED,,,,HeCBench/results/llvm17_inject/jacobi/pointer/site364_bit27.out,,,,,,,,,,,,,,,,
364,28,MASKED,MASKED_UNFLAGGED,,,,HeCBench/results/llvm17_inject/jacobi/pointer/site364_bit28.out,,,,,,,,,,,,,,,,
364,29,MASKED,MASKED_UNFLAGGED,,,,HeCBench/results/llvm17_inject/jacobi/pointer/site364_bit29.out,,,,,,,,,,,,,,,,
364,30,MASKED,MASKED_UNFLAGGED,,,,HeCBench/results/llvm17_inject/jacobi/pointer/site364_bit30.out,,,,,,,,,,,,,,,,
364,31,MASKED,MASKED_UNFLAGGED,,,,HeCBench/results/llvm17_inject/jacobi/pointer/site364_bit31.out,,,,,,,,,,,,,,,,
364,32,MASKED,MASKED_UNFLAGGED,,,,HeCBench/results/llvm17_inject/jacobi/pointer/site364_bit32.out,,,,,,,,,,,,,,,,
364,33,MASKED,MASKED_UNFLAGGED,,,,HeCBench/results/llvm17_inject/jacobi/pointer/site364_bit33.out,,,,,,,,,,,,,,,,
364,34,MASKED,MASKED_UNFLAGGED,,,,HeCBench/results/llvm17_inject/jacobi/pointer/site364_bit34.out,,,,,,,,,,,,,,,,
364,35,MASKED,MASKED_UNFLAGGED,,,,HeCBench/results/llvm17_inject/jacobi/pointer/site364_bit35.out,,,,,,,,,,,,,,,,
364,36,MASKED,MASKED_UNFLAGGED,,,,HeCBench/results/llvm17_inject/jacobi/pointer/site364_bit36.out,,,,,,,,,,,,,,,,
364,37,MASKED,MASKED_UNFLAGGED,,,,HeCBench/results/llvm17_inject/jacobi/pointer/site364_bit37.out,,,,,,,,,,,,,,,,
364,38,MASKED,MASKED_UNFLAGGED,,,,HeCBench/results/llvm17_inject/jacobi/pointer/site364_bit38.out,,,,,,,,,,,,,,,,
364,39,MASKED,MASKED_UNFLAGGED,,,,HeCBench/results/llvm17_inject/jacobi/pointer/site364_bit39.out,,,,,,,,,,,,,,,,
364,40,MASKED,MASKED_UNFLAGGED,,,,HeCBench/results/llvm17_inject/jacobi/pointer/site364_bit40.out,,,,,,,,,,,,,,,,
364,41,MASKED,MASKED_UNFLAGGED,,,,HeCBench/results/llvm17_inject/jacobi/pointer/site364_bit41.out,,,,,,,,,,,,,,,,
364,42,MASKED,MASKED_UNFLAGGED,,,,HeCBench/results/llvm17_inject/jacobi/pointer/site364_bit42.out,,,,,,,,,,,,,,,,
364,43,MASKED,MASKED_UNFLAGGED,,,,HeCBench/results/llvm17_inject/jacobi/pointer/site364_bit43.out,,,,,,,,,,,,,,,,
364,44,MASKED,MASKED_UNFLAGGED,,,,HeCBench/results/llvm17_inject/jacobi/pointer/site364_bit44.out,,,,,,,,,,,,,,,,
364,45,MASKED,MASKED_UNFLAGGED,,,,HeCBench/results/llvm17_inject/jacobi/pointer/site364_bit45.out,,,,,,,,,,,,,,,,
364,46,MASKED,MASKED_UNFLAGGED,,,,HeCBench/results/llvm17_inject/jacobi/pointer/site364_bit46.out,,,,,,,,,,,,,,,,
364,47,MASKED,MASKED_UNFLAGGED,,,,HeCBench/results/llvm17_inject/jacobi/pointer/site364_bit47.out,,,,,,,,,,,,,,,,
364,48,MASKED,MASKED_UNFLAGGED,,,,HeCBench/results/llvm17_inject/jacobi/pointer/site364_bit48.out,,,,,,,,,,,,,,,,
364,49,MASKED,MASKED_UNFLAGGED,,,,HeCBench/results/llvm17_inject/jacobi/pointer/site364_bit49.out,,,,,,,,,,,,,,,,
364,50,MASKED,MASKED_UNFLAGGED,,,,HeCBench/results/llvm17_inject/jacobi/pointer/site364_bit50.out,,,,,,,,,,,,,,,,
364,51,MASKED,MASKED_UNFLAGGED,,,,HeCBench/results/llvm17_inject/jacobi/pointer/site364_bit51.out,,,,,,,,,,,,,,,,
364,52,MASKED,MASKED_UNFLAGGED,,,,HeCBench/results/llvm17_inject/jacobi/pointer/site364_bit52.out,,,,,,,,,,,,,,,,
364,53,MASKED,MASKED_UNFLAGGED,,,,HeCBench/results/llvm17_inject/jacobi/pointer/site364_bit53.out,,,,,,,,,,,,,,,,
364,54,MASKED,MASKED_UNFLAGGED,,,,HeCBench/results/llvm17_inject/jacobi/pointer/site364_bit54.out,,,,,,,,,,,,,,,,
364,55,MASKED,MASKED_UNFLAGGED,,,,HeCBench/results/llvm17_inject/jacobi/pointer/site364_bit55.out,,,,,,,,,,,,,,,,
364,56,MASKED,MASKED_UNFLAGGED,,,,HeCBench/results/llvm17_inject/jacobi/pointer/site364_bit56.out,,,,,,,,,,,,,,,,
364,57,MASKED,MASKED_UNFLAGGED,,,,HeCBench/results/llvm17_inject/jacobi/pointer/site364_bit57.out,,,,,,,,,,,,,,,,
364,58,MASKED,MASKED_UNFLAGGED,,,,HeCBench/results/llvm17_inject/jacobi/pointer/site364_bit58.out,,,,,,,,,,,,,,,,
364,59,MASKED,MASKED_UNFLAGGED,,,,HeCBench/results/llvm17_inject/jacobi/pointer/site364_bit59.out,,,,,,,,,,,,,,,,
364,60,MASKED,MASKED_UNFLAGGED,,,,HeCBench/results/llvm17_inject/jacobi/pointer/site364_bit60.out,,,,,,,,,,,,,,,,
364,61,MASKED,MASKED_UNFLAGGED,,,,HeCBench/results/llvm17_inject/jacobi/pointer/site364_bit61.out,,,,,,,,,,,,,,,,
364,62,MASKED,MASKED_UNFLAGGED,,,,HeCBench/results/llvm17_inject/jacobi/pointer/site364_bit62.out,,,,,,,,,,,,,,,,
364,63,MASKED,MASKED_UNFLAGGED,,,,HeCBench/results/llvm17_inject/jacobi/pointer/site364_bit63.out,,,,,,,,,,,,,,,,
376,0,MASKED,MASKED_UNFLAGGED,,,,HeCBench/results/llvm17_inject/jacobi/pointer/site376_bit0.out,,,,,,,,,,,,,,,,
376,1,MASKED,MASKED_UNFLAGGED,,,,HeCBench/results/llvm17_inject/jacobi/pointer/site376_bit1.out,,,,,,,,,,,,,,,,
376,2,MASKED,MASKED_UNFLAGGED,,,,HeCBench/results/llvm17_inject/jacobi/pointer/site376_bit2.out,,,,,,,,,,,,,,,,
376,3,MASKED,MASKED_UNFLAGGED,,,,HeCBench/results/llvm17_inject/jacobi/pointer/site376_bit3.out,,,,,,,,,,,,,,,,
376,4,MASKED,MASKED_UNFLAGGED,,,,HeCBench/results/llvm17_inject/jacobi/pointer/site376_bit4.out,,,,,,,,,,,,,,,,
376,5,MASKED,MASKED_UNFLAGGED,,,,HeCBench/results/llvm17_inject/jacobi/pointer/site376_bit5.out,,,,,,,,,,,,,,,,
376,6,MASKED,MASKED_UNFLAGGED,,,,HeCBench/results/llvm17_inject/jacobi/pointer/site376_bit6.out,,,,,,,,,,,,,,,,
376,7,MASKED,MASKED_UNFLAGGED,,,,HeCBench/results/llvm17_inject/jacobi/pointer/site376_bit7.out,,,,,,,,,,,,,,,,
376,8,MASKED,MASKED_UNFLAGGED,,,,HeCBench/results/llvm17_inject/jacobi/pointer/site376_bit8.out,,,,,,,,,,,,,,,,
376,9,MASKED,MASKED_UNFLAGGED,,,,HeCBench/results/llvm17_inject/jacobi/pointer/site376_bit9.out,,,,,,,,,,,,,,,,
376,10,MASKED,MASKED_UNFLAGGED,,,,HeCBench/results/llvm17_inject/jacobi/pointer/site376_bit10.out,,,,,,,,,,,,,,,,
376,11,MASKED,MASKED_UNFLAGGED,,,,HeCBench/results/llvm17_inject/jacobi/pointer/site376_bit11.out,,,,,,,,,,,,,,,,
376,12,MASKED,MASKED_UNFLAGGED,,,,HeCBench/results/llvm17_inject/jacobi/pointer/site376_bit12.out,,,,,,,,,,,,,,,,
376,13,MASKED,MASKED_UNFLAGGED,,,,HeCBench/results/llvm17_inject/jacobi/pointer/site376_bit13.out,,,,,,,,,,,,,,,,
376,14,MASKED,MASKED_UNFLAGGED,,,,HeCBench/results/llvm17_inject/jacobi/pointer/site376_bit14.out,,,,,,,,,,,,,,,,
376,15,MASKED,MASKED_UNFLAGGED,,,,HeCBench/results/llvm17_inject/jacobi/pointer/site376_bit15.out,,,,,,,,,,,,,,,,
376,16,MASKED,MASKED_UNFLAGGED,,,,HeCBench/results/llvm17_inject/jacobi/pointer/site376_bit16.out,,,,,,,,,,,,,,,,
376,17,MASKED,MASKED_UNFLAGGED,,,,HeCBench/results/llvm17_inject/jacobi/pointer/site376_bit17.out,,,,,,,,,,,,,,,,
376,18,MASKED,MASKED_UNFLAGGED,,,,HeCBench/results/llvm17_inject/jacobi/pointer/site376_bit18.out,,,,,,,,,,,,,,,,
376,19,MASKED,MASKED_UNFLAGGED,,,,HeCBench/results/llvm17_inject/jacobi/pointer/site376_bit19.out,,,,,,,,,,,,,,,,
376,20,MASKED,MASKED_UNFLAGGED,,,,HeCBench/results/llvm17_inject/jacobi/pointer/site376_bit20.out,,,,,,,,,,,,,,,,
376,21,MASKED,MASKED_UNFLAGGED,,,,HeCBench/results/llvm17_inject/jacobi/pointer/site376_bit21.out,,,,,,,,,,,,,,,,
376,22,MASKED,MASKED_UNFLAGGED,,,,HeCBench/results/llvm17_inject/jacobi/pointer/site376_bit22.out,,,,,,,,,,,,,,,,
376,23,MASKED,MASKED_UNFLAGGED,,,,HeCBench/results/llvm17_inject/jacobi/pointer/site376_bit23.out,,,,,,,,,,,,,,,,
376,24,MASKED,MASKED_UNFLAGGED,,,,HeCBench/results/llvm17_inject/jacobi/pointer/site376_bit24.out,,,,,,,,,,,,,,,,
376,25,MASKED,MASKED_UNFLAGGED,,,,HeCBench/results/llvm17_inject/jacobi/pointer/site376_bit25.out,,,,,,,,,,,,,,,,
376,26,MASKED,MASKED_UNFLAGGED,,,,HeCBench/results/llvm17_inject/jacobi/pointer/site376_bit26.out,,,,,,,,,,,,,,,,
376,27,MASKED,MASKED_UNFLAGGED,,,,HeCBench/results/llvm17_inject/jacobi/pointer/site376_bit27.out,,,,,,,,,,,,,,,,
376,28,MASKED,MASKED_UNFLAGGED,,,,HeCBench/results/llvm17_inject/jacobi/pointer/site376_bit28.out,,,,,,,,,,,,,,,,
376,29,MASKED,MASKED_UNFLAGGED,,,,HeCBench/results/llvm17_inject/jacobi/pointer/site376_bit29.out,,,,,,,,,,,,,,,,
376,30,MASKED,MASKED_UNFLAGGED,,,,HeCBench/results/llvm17_inject/jacobi/pointer/site376_bit30.out,,,,,,,,,,,,,,,,
376,31,MASKED,MASKED_UNFLAGGED,,,,HeCBench/results/llvm17_inject/jacobi/pointer/site376_bit31.out,,,,,,,,,,,,,,,,
376,32,MASKED,MASKED_UNFLAGGED,,,,HeCBench/results/llvm17_inject/jacobi/pointer/site376_bit32.out,,,,,,,,,,,,,,,,
376,33,MASKED,MASKED_UNFLAGGED,,,,HeCBench/results/llvm17_inject/jacobi/pointer/site376_bit33.out,,,,,,,,,,,,,,,,
376,34,MASKED,MASKED_UNFLAGGED,,,,HeCBench/results/llvm17_inject/jacobi/pointer/site376_bit34.out,,,,,,,,,,,,,,,,
376,35,MASKED,MASKED_UNFLAGGED,,,,HeCBench/results/llvm17_inject/jacobi/pointer/site376_bit35.out,,,,,,,,,,,,,,,,
376,36,MASKED,MASKED_UNFLAGGED,,,,HeCBench/results/llvm17_inject/jacobi/pointer/site376_bit36.out,,,,,,,,,,,,,,,,
376,37,MASKED,MASKED_UNFLAGGED,,,,HeCBench/results/llvm17_inject/jacobi/pointer/site376_bit37.out,,,,,,,,,,,,,,,,
376,38,MASKED,MASKED_UNFLAGGED,,,,HeCBench/results/llvm17_inject/jacobi/pointer/site376_bit38.out,,,,,,,,,,,,,,,,
376,39,MASKED,MASKED_UNFLAGGED,,,,HeCBench/results/llvm17_inject/jacobi/pointer/site376_bit39.out,,,,,,,,,,,,,,,,
376,40,MASKED,MASKED_UNFLAGGED,,,,HeCBench/results/llvm17_inject/jacobi/pointer/site376_bit40.out,,,,,,,,,,,,,,,,
376,41,MASKED,MASKED_UNFLAGGED,,,,HeCBench/results/llvm17_inject/jacobi/pointer/site376_bit41.out,,,,,,,,,,,,,,,,
376,42,MASKED,MASKED_UNFLAGGED,,,,HeCBench/results/llvm17_inject/jacobi/pointer/site376_bit42.out,,,,,,,,,,,,,,,,
376,43,MASKED,MASKED_UNFLAGGED,,,,HeCBench/results/llvm17_inject/jacobi/pointer/site376_bit43.out,,,,,,,,,,,,,,,,
376,44,MASKED,MASKED_UNFLAGGED,,,,HeCBench/results/llvm17_inject/jacobi/pointer/site376_bit44.out,,,,,,,,,,,,,,,,
376,45,MASKED,MASKED_UNFLAGGED,,,,HeCBench/results/llvm17_inject/jacobi/pointer/site376_bit45.out,,,,,,,,,,,,,,,,
376,46,MASKED,MASKED_UNFLAGGED,,,,HeCBench/results/llvm17_inject/jacobi/pointer/site376_bit46.out,,,,,,,,,,,,,,,,
376,47,MASKED,MASKED_UNFLAGGED,,,,HeCBench/results/llvm17_inject/jacobi/pointer/site376_bit47.out,,,,,,,,,,,,,,,,
376,48,MASKED,MASKED_UNFLAGGED,,,,HeCBench/results/llvm17_inject/jacobi/pointer/site376_bit48.out,,,,,,,,,,,,,,,,
376,49,MASKED,MASKED_UNFLAGGED,,,,HeCBench/results/llvm17_inject/jacobi/pointer/site376_bit49.out,,,,,,,,,,,,,,,,
376,50,MASKED,MASKED_UNFLAGGED,,,,HeCBench/results/llvm17_inject/jacobi/pointer/site376_bit50.out,,,,,,,,,,,,,,,,
376,51,MASKED,MASKED_UNFLAGGED,,,,HeCBench/results/llvm17_inject/jacobi/pointer/site376_bit51.out,,,,,,,,,,,,,,,,
376,52,MASKED,MASKED_UNFLAGGED,,,,HeCBench/results/llvm17_inject/jacobi/pointer/site376_bit52.out,,,,,,,,,,,,,,,,
376,53,MASKED,MASKED_UNFLAGGED,,,,HeCBench/results/llvm17_inject/jacobi/pointer/site376_bit53.out,,,,,,,,,,,,,,,,
376,54,MASKED,MASKED_UNFLAGGED,,,,HeCBench/results/llvm17_inject/jacobi/pointer/site376_bit54.out,,,,,,,,,,,,,,,,
376,55,MASKED,MASKED_UNFLAGGED,,,,HeCBench/results/llvm17_inject/jacobi/pointer/site376_bit55.out,,,,,,,,,,,,,,,,
376,56,MASKED,MASKED_UNFLAGGED,,,,HeCBench/results/llvm17_inject/jacobi/pointer/site376_bit56.out,,,,,,,,,,,,,,,,
376,57,MASKED,MASKED_UNFLAGGED,,,,HeCBench/results/llvm17_inject/jacobi/pointer/site376_bit57.out,,,,,,,,,,,,,,,,
376,58,MASKED,MASKED_UNFLAGGED,,,,HeCBench/results/llvm17_inject/jacobi/pointer/site376_bit58.out,,,,,,,,,,,,,,,,
376,59,MASKED,MASKED_UNFLAGGED,,,,HeCBench/results/llvm17_inject/jacobi/pointer/site376_bit59.out,,,,,,,,,,,,,,,,
376,60,MASKED,MASKED_UNFLAGGED,,,,HeCBench/results/llvm17_inject/jacobi/pointer/site376_bit60.out,,,,,,,,,,,,,,,,
376,61,MASKED,MASKED_UNFLAGGED,,,,HeCBench/results/llvm17_inject/jacobi/pointer/site376_bit61.out,,,,,,,,,,,,,,,,
376,62,MASKED,MASKED_UNFLAGGED,,,,HeCBench/results/llvm17_inject/jacobi/pointer/site376_bit62.out,,,,,,,,,,,,,,,,
376,63,MASKED,MASKED_UNFLAGGED,,,,HeCBench/results/llvm17_inject/jacobi/pointer/site376_bit63.out,,,,,,,,,,,,,,,,
384,0,MASKED,MASKED_UNFLAGGED,,,,HeCBench/results/llvm17_inject/jacobi/pointer/site384_bit0.out,,,,,,,,,,,,,,,,
384,1,MASKED,MASKED_UNFLAGGED,,,,HeCBench/results/llvm17_inject/jacobi/pointer/site384_bit1.out,,,,,,,,,,,,,,,,
384,2,MASKED,MASKED_UNFLAGGED,,,,HeCBench/results/llvm17_inject/jacobi/pointer/site384_bit2.out,,,,,,,,,,,,,,,,
384,3,MASKED,MASKED_UNFLAGGED,,,,HeCBench/results/llvm17_inject/jacobi/pointer/site384_bit3.out,,,,,,,,,,,,,,,,
384,4,MASKED,MASKED_UNFLAGGED,,,,HeCBench/results/llvm17_inject/jacobi/pointer/site384_bit4.out,,,,,,,,,,,,,,,,
384,5,MASKED,MASKED_UNFLAGGED,,,,HeCBench/results/llvm17_inject/jacobi/pointer/site384_bit5.out,,,,,,,,,,,,,,,,
384,6,MASKED,MASKED_UNFLAGGED,,,,HeCBench/results/llvm17_inject/jacobi/pointer/site384_bit6.out,,,,,,,,,,,,,,,,
384,7,MASKED,MASKED_UNFLAGGED,,,,HeCBench/results/llvm17_inject/jacobi/pointer/site384_bit7.out,,,,,,,,,,,,,,,,
384,8,MASKED,MASKED_UNFLAGGED,,,,HeCBench/results/llvm17_inject/jacobi/pointer/site384_bit8.out,,,,,,,,,,,,,,,,
384,9,MASKED,MASKED_UNFLAGGED,,,,HeCBench/results/llvm17_inject/jacobi/pointer/site384_bit9.out,,,,,,,,,,,,,,,,
384,10,MASKED,MASKED_UNFLAGGED,,,,HeCBench/results/llvm17_inject/jacobi/pointer/site384_bit10.out,,,,,,,,,,,,,,,,
384,11,MASKED,MASKED_UNFLAGGED,,,,HeCBench/results/llvm17_inject/jacobi/pointer/site384_bit11.out,,,,,,,,,,,,,,,,
384,12,MASKED,MASKED_UNFLAGGED,,,,HeCBench/results/llvm17_inject/jacobi/pointer/site384_bit12.out,,,,,,,,,,,,,,,,
384,13,MASKED,MASKED_UNFLAGGED,,,,HeCBench/results/llvm17_inject/jacobi/pointer/site384_bit13.out,,,,,,,,,,,,,,,,
384,14,MASKED,MASKED_UNFLAGGED,,,,HeCBench/results/llvm17_inject/jacobi/pointer/site384_bit14.out,,,,,,,,,,,,,,,,
384,15,MASKED,MASKED_UNFLAGGED,,,,HeCBench/results/llvm17_inject/jacobi/pointer/site384_bit15.out,,,,,,,,,,,,,,,,
384,16,MASKED,MASKED_UNFLAGGED,,,,HeCBench/results/llvm17_inject/jacobi/pointer/site384_bit16.out,,,,,,,,,,,,,,,,
384,17,MASKED,MASKED_UNFLAGGED,,,,HeCBench/results/llvm17_inject/jacobi/pointer/site384_bit17.out,,,,,,,,,,,,,,,,
384,18,MASKED,MASKED_UNFLAGGED,,,,HeCBench/results/llvm17_inject/jacobi/pointer/site384_bit18.out,,,,,,,,,,,,,,,,
384,19,MASKED,MASKED_UNFLAGGED,,,,HeCBench/results/llvm17_inject/jacobi/pointer/site384_bit19.out,,,,,,,,,,,,,,,,
384,20,MASKED,MASKED_UNFLAGGED,,,,HeCBench/results/llvm17_inject/jacobi/pointer/site384_bit20.out,,,,,,,,,,,,,,,,
384,21,MASKED,MASKED_UNFLAGGED,,,,HeCBench/results/llvm17_inject/jacobi/pointer/site384_bit21.out,,,,,,,,,,,,,,,,
384,22,MASKED,MASKED_UNFLAGGED,,,,HeCBench/results/llvm17_inject/jacobi/pointer/site384_bit22.out,,,,,,,,,,,,,,,,
384,23,MASKED,MASKED_UNFLAGGED,,,,HeCBench/results/llvm17_inject/jacobi/pointer/site384_bit23.out,,,,,,,,,,,,,,,,
384,24,MASKED,MASKED_UNFLAGGED,,,,HeCBench/results/llvm17_inject/jacobi/pointer/site384_bit24.out,,,,,,,,,,,,,,,,
384,25,MASKED,MASKED_UNFLAGGED,,,,HeCBench/results/llvm17_inject/jacobi/pointer/site384_bit25.out,,,,,,,,,,,,,,,,
384,26,MASKED,MASKED_UNFLAGGED,,,,HeCBench/results/llvm17_inject/jacobi/pointer/site384_bit26.out,,,,,,,,,,,,,,,,
384,27,MASKED,MASKED_UNFLAGGED,,,,HeCBench/results/llvm17_inject/jacobi/pointer/site384_bit27.out,,,,,,,,,,,,,,,,
384,28,MASKED,MASKED_UNFLAGGED,,,,HeCBench/results/llvm17_inject/jacobi/pointer/site384_bit28.out,,,,,,,,,,,,,,,,
384,29,MASKED,MASKED_UNFLAGGED,,,,HeCBench/results/llvm17_inject/jacobi/pointer/site384_bit29.out,,,,,,,,,,,,,,,,
384,30,MASKED,MASKED_UNFLAGGED,,,,HeCBench/results/llvm17_inject/jacobi/pointer/site384_bit30.out,,,,,,,,,,,,,,,,
384,31,MASKED,MASKED_UNFLAGGED,,,,HeCBench/results/llvm17_inject/jacobi/pointer/site384_bit31.out,,,,,,,,,,,,,,,,
384,32,MASKED,MASKED_UNFLAGGED,,,,HeCBench/results/llvm17_inject/jacobi/pointer/site384_bit32.out,,,,,,,,,,,,,,,,
384,33,MASKED,MASKED_UNFLAGGED,,,,HeCBench/results/llvm17_inject/jacobi/pointer/site384_bit33.out,,,,,,,,,,,,,,,,
384,34,MASKED,MASKED_UNFLAGGED,,,,HeCBench/results/llvm17_inject/jacobi/pointer/site384_bit34.out,,,,,,,,,,,,,,,,
384,35,MASKED,MASKED_UNFLAGGED,,,,HeCBench/results/llvm17_inject/jacobi/pointer/site384_bit35.out,,,,,,,,,,,,,,,,
384,36,MASKED,MASKED_UNFLAGGED,,,,HeCBench/results/llvm17_inject/jacobi/pointer/site384_bit36.out,,,,,,,,,,,,,,,,
384,37,MASKED,MASKED_UNFLAGGED,,,,HeCBench/results/llvm17_inject/jacobi/pointer/site384_bit37.out,,,,,,,,,,,,,,,,
384,38,MASKED,MASKED_UNFLAGGED,,,,HeCBench/results/llvm17_inject/jacobi/pointer/site384_bit38.out,,,,,,,,,,,,,,,,
384,39,MASKED,MASKED_UNFLAGGED,,,,HeCBench/results/llvm17_inject/jacobi/pointer/site384_bit39.out,,,,,,,,,,,,,,,,
384,40,MASKED,MASKED_UNFLAGGED,,,,HeCBench/results/llvm17_inject/jacobi/pointer/site384_bit40.out,,,,,,,,,,,,,,,,
384,41,MASKED,MASKED_UNFLAGGED,,,,HeCBench/results/llvm17_inject/jacobi/pointer/site384_bit41.out,,,,,,,,,,,,,,,,
384,42,MASKED,MASKED_UNFLAGGED,,,,HeCBench/results/llvm17_inject/jacobi/pointer/site384_bit42.out,,,,,,,,,,,,,,,,
384,43,MASKED,MASKED_UNFLAGGED,,,,HeCBench/results/llvm17_inject/jacobi/pointer/site384_bit43.out,,,,,,,,,,,,,,,,
384,44,MASKED,MASKED_UNFLAGGED,,,,HeCBench/results/llvm17_inject/jacobi/pointer/site384_bit44.out,,,,,,,,,,,,,,,,
384,45,MASKED,MASKED_UNFLAGGED,,,,HeCBench/results/llvm17_inject/jacobi/pointer/site384_bit45.out,,,,,,,,,,,,,,,,
384,46,MASKED,MASKED_UNFLAGGED,,,,HeCBench/results/llvm17_inject/jacobi/pointer/site384_bit46.out,,,,,,,,,,,,,,,,
384,47,MASKED,MASKED_UNFLAGGED,,,,HeCBench/results/llvm17_inject/jacobi/pointer/site384_bit47.out,,,,,,,,,,,,,,,,
384,48,MASKED,MASKED_UNFLAGGED,,,,HeCBench/results/llvm17_inject/jacobi/pointer/site384_bit48.out,,,,,,,,,,,,,,,,
384,49,MASKED,MASKED_UNFLAGGED,,,,HeCBench/results/llvm17_inject/jacobi/pointer/site384_bit49.out,,,,,,,,,,,,,,,,
384,50,MASKED,MASKED_UNFLAGGED,,,,HeCBench/results/llvm17_inject/jacobi/pointer/site384_bit50.out,,,,,,,,,,,,,,,,
384,51,MASKED,MASKED_UNFLAGGED,,,,HeCBench/results/llvm17_inject/jacobi/pointer/site384_bit51.out,,,,,,,,,,,,,,,,
384,52,MASKED,MASKED_UNFLAGGED,,,,HeCBench/results/llvm17_inject/jacobi/pointer/site384_bit52.out,,,,,,,,,,,,,,,,
384,53,MASKED,MASKED_UNFLAGGED,,,,HeCBench/results/llvm17_inject/jacobi/pointer/site384_bit53.out,,,,,,,,,,,,,,,,
384,54,MASKED,MASKED_UNFLAGGED,,,,HeCBench/results/llvm17_inject/jacobi/pointer/site384_bit54.out,,,,,,,,,,,,,,,,
384,55,MASKED,MASKED_UNFLAGGED,,,,HeCBench/results/llvm17_inject/jacobi/pointer/site384_bit55.out,,,,,,,,,,,,,,,,
384,56,MASKED,MASKED_UNFLAGGED,,,,HeCBench/results/llvm17_inject/jacobi/pointer/site384_bit56.out,,,,,,,,,,,,,,,,
384,57,MASKED,MASKED_UNFLAGGED,,,,HeCBench/results/llvm17_inject/jacobi/pointer/site384_bit57.out,,,,,,,,,,,,,,,,
384,58,MASKED,MASKED_UNFLAGGED,,,,HeCBench/results/llvm17_inject/jacobi/pointer/site384_bit58.out,,,,,,,,,,,,,,,,
384,59,MASKED,MASKED_UNFLAGGED,,,,HeCBench/results/llvm17_inject/jacobi/pointer/site384_bit59.out,,,,,,,,,,,,,,,,
384,60,MASKED,MASKED_UNFLAGGED,,,,HeCBench/results/llvm17_inject/jacobi/pointer/site384_bit60.out,,,,,,,,,,,,,,,,
384,61,MASKED,MASKED_UNFLAGGED,,,,HeCBench/results/llvm17_inject/jacobi/pointer/site384_bit61.out,,,,,,,,,,,,,,,,
384,62,MASKED,MASKED_UNFLAGGED,,,,HeCBench/results/llvm17_inject/jacobi/pointer/site384_bit62.out,,,,,,,,,,,,,,,,
384,63,MASKED,MASKED_UNFLAGGED,,,,HeCBench/results/llvm17_inject/jacobi/pointer/site384_bit63.out,,,,,,,,,,,,,,,,
386,0,MASKED,MASKED_UNFLAGGED,,,,HeCBench/results/llvm17_inject/jacobi/pointer/site386_bit0.out,,,,,,,,,,,,,,,,
386,1,MASKED,MASKED_UNFLAGGED,,,,HeCBench/results/llvm17_inject/jacobi/pointer/site386_bit1.out,,,,,,,,,,,,,,,,
386,2,MASKED,MASKED_UNFLAGGED,,,,HeCBench/results/llvm17_inject/jacobi/pointer/site386_bit2.out,,,,,,,,,,,,,,,,
386,3,MASKED,MASKED_UNFLAGGED,,,,HeCBench/results/llvm17_inject/jacobi/pointer/site386_bit3.out,,,,,,,,,,,,,,,,
386,4,MASKED,MASKED_UNFLAGGED,,,,HeCBench/results/llvm17_inject/jacobi/pointer/site386_bit4.out,,,,,,,,,,,,,,,,
386,5,MASKED,MASKED_UNFLAGGED,,,,HeCBench/results/llvm17_inject/jacobi/pointer/site386_bit5.out,,,,,,,,,,,,,,,,
386,6,MASKED,MASKED_UNFLAGGED,,,,HeCBench/results/llvm17_inject/jacobi/pointer/site386_bit6.out,,,,,,,,,,,,,,,,
386,7,MASKED,MASKED_UNFLAGGED,,,,HeCBench/results/llvm17_inject/jacobi/pointer/site386_bit7.out,,,,,,,,,,,,,,,,
386,8,MASKED,MASKED_UNFLAGGED,,,,HeCBench/results/llvm17_inject/jacobi/pointer/site386_bit8.out,,,,,,,,,,,,,,,,
386,9,MASKED,MASKED_UNFLAGGED,,,,HeCBench/results/llvm17_inject/jacobi/pointer/site386_bit9.out,,,,,,,,,,,,,,,,
386,10,MASKED,MASKED_UNFLAGGED,,,,HeCBench/results/llvm17_inject/jacobi/pointer/site386_bit10.out,,,,,,,,,,,,,,,,
386,11,MASKED,MASKED_UNFLAGGED,,,,HeCBench/results/llvm17_inject/jacobi/pointer/site386_bit11.out,,,,,,,,,,,,,,,,
386,12,MASKED,MASKED_UNFLAGGED,,,,HeCBench/results/llvm17_inject/jacobi/pointer/site386_bit12.out,,,,,,,,,,,,,,,,
386,13,MASKED,MASKED_UNFLAGGED,,,,HeCBench/results/llvm17_inject/jacobi/pointer/site386_bit13.out,,,,,,,,,,,,,,,,
386,14,MASKED,MASKED_UNFLAGGED,,,,HeCBench/results/llvm17_inject/jacobi/pointer/site386_bit14.out,,,,,,,,,,,,,,,,
386,15,MASKED,MASKED_UNFLAGGED,,,,HeCBench/results/llvm17_inject/jacobi/pointer/site386_bit15.out,,,,,,,,,,,,,,,,
386,16,MASKED,MASKED_UNFLAGGED,,,,HeCBench/results/llvm17_inject/jacobi/pointer/site386_bit16.out,,,,,,,,,,,,,,,,
386,17,MASKED,MASKED_UNFLAGGED,,,,HeCBench/results/llvm17_inject/jacobi/pointer/site386_bit17.out,,,,,,,,,,,,,,,,
386,18,MASKED,MASKED_UNFLAGGED,,,,HeCBench/results/llvm17_inject/jacobi/pointer/site386_bit18.out,,,,,,,,,,,,,,,,
386,19,MASKED,MASKED_UNFLAGGED,,,,HeCBench/results/llvm17_inject/jacobi/pointer/site386_bit19.out,,,,,,,,,,,,,,,,
386,20,MASKED,MASKED_UNFLAGGED,,,,HeCBench/results/llvm17_inject/jacobi/pointer/site386_bit20.out,,,,,,,,,,,,,,,,
386,21,MASKED,MASKED_UNFLAGGED,,,,HeCBench/results/llvm17_inject/jacobi/pointer/site386_bit21.out,,,,,,,,,,,,,,,,
386,22,MASKED,MASKED_UNFLAGGED,,,,HeCBench/results/llvm17_inject/jacobi/pointer/site386_bit22.out,,,,,,,,,,,,,,,,
386,23,MASKED,MASKED_UNFLAGGED,,,,HeCBench/results/llvm17_inject/jacobi/pointer/site386_bit23.out,,,,,,,,,,,,,,,,
386,24,MASKED,MASKED_UNFLAGGED,,,,HeCBench/results/llvm17_inject/jacobi/pointer/site386_bit24.out,,,,,,,,,,,,,,,,
386,25,MASKED,MASKED_UNFLAGGED,,,,HeCBench/results/llvm17_inject/jacobi/pointer/site386_bit25.out,,,,,,,,,,,,,,,,
386,26,MASKED,MASKED_UNFLAGGED,,,,HeCBench/results/llvm17_inject/jacobi/pointer/site386_bit26.out,,,,,,,,,,,,,,,,
386,27,MASKED,MASKED_UNFLAGGED,,,,HeCBench/results/llvm17_inject/jacobi/pointer/site386_bit27.out,,,,,,,,,,,,,,,,
386,28,MASKED,MASKED_UNFLAGGED,,,,HeCBench/results/llvm17_inject/jacobi/pointer/site386_bit28.out,,,,,,,,,,,,,,,,
386,29,MASKED,MASKED_UNFLAGGED,,,,HeCBench/results/llvm17_inject/jacobi/pointer/site386_bit29.out,,,,,,,,,,,,,,,,
386,30,MASKED,MASKED_UNFLAGGED,,,,HeCBench/results/llvm17_inject/jacobi/pointer/site386_bit30.out,,,,,,,,,,,,,,,,
386,31,MASKED,MASKED_UNFLAGGED,,,,HeCBench/results/llvm17_inject/jacobi/pointer/site386_bit31.out,,,,,,,,,,,,,,,,
386,32,MASKED,MASKED_UNFLAGGED,,,,HeCBench/results/llvm17_inject/jacobi/pointer/site386_bit32.out,,,,,,,,,,,,,,,,
386,33,MASKED,MASKED_UNFLAGGED,,,,HeCBench/results/llvm17_inject/jacobi/pointer/site386_bit33.out,,,,,,,,,,,,,,,,
386,34,MASKED,MASKED_UNFLAGGED,,,,HeCBench/results/llvm17_inject/jacobi/pointer/site386_bit34.out,,,,,,,,,,,,,,,,
386,35,MASKED,MASKED_UNFLAGGED,,,,HeCBench/results/llvm17_inject/jacobi/pointer/site386_bit35.out,,,,,,,,,,,,,,,,
386,36,MASKED,MASKED_UNFLAGGED,,,,HeCBench/results/llvm17_inject/jacobi/pointer/site386_bit36.out,,,,,,,,,,,,,,,,
386,37,MASKED,MASKED_UNFLAGGED,,,,HeCBench/results/llvm17_inject/jacobi/pointer/site386_bit37.out,,,,,,,,,,,,,,,,
386,38,MASKED,MASKED_UNFLAGGED,,,,HeCBench/results/llvm17_inject/jacobi/pointer/site386_bit38.out,,,,,,,,,,,,,,,,
386,39,MASKED,MASKED_UNFLAGGED,,,,HeCBench/results/llvm17_inject/jacobi/pointer/site386_bit39.out,,,,,,,,,,,,,,,,
386,40,MASKED,MASKED_UNFLAGGED,,,,HeCBench/results/llvm17_inject/jacobi/pointer/site386_bit40.out,,,,,,,,,,,,,,,,
386,41,MASKED,MASKED_UNFLAGGED,,,,HeCBench/results/llvm17_inject/jacobi/pointer/site386_bit41.out,,,,,,,,,,,,,,,,
386,42,MASKED,MASKED_UNFLAGGED,,,,HeCBench/results/llvm17_inject/jacobi/pointer/site386_bit42.out,,,,,,,,,,,,,,,,
386,43,MASKED,MASKED_UNFLAGGED,,,,HeCBench/results/llvm17_inject/jacobi/pointer/site386_bit43.out,,,,,,,,,,,,,,,,
386,44,MASKED,MASKED_UNFLAGGED,,,,HeCBench/results/llvm17_inject/jacobi/pointer/site386_bit44.out,,,,,,,,,,,,,,,,
386,45,MASKED,MASKED_UNFLAGGED,,,,HeCBench/results/llvm17_inject/jacobi/pointer/site386_bit45.out,,,,,,,,,,,,,,,,
386,46,MASKED,MASKED_UNFLAGGED,,,,HeCBench/results/llvm17_inject/jacobi/pointer/site386_bit46.out,,,,,,,,,,,,,,,,
386,47,MASKED,MASKED_UNFLAGGED,,,,HeCBench/results/llvm17_inject/jacobi/pointer/site386_bit47.out,,,,,,,,,,,,,,,,
386,48,MASKED,MASKED_UNFLAGGED,,,,HeCBench/results/llvm17_inject/jacobi/pointer/site386_bit48.out,,,,,,,,,,,,,,,,
386,49,MASKED,MASKED_UNFLAGGED,,,,HeCBench/results/llvm17_inject/jacobi/pointer/site386_bit49.out,,,,,,,,,,,,,,,,
386,50,MASKED,MASKED_UNFLAGGED,,,,HeCBench/results/llvm17_inject/jacobi/pointer/site386_bit50.out,,,,,,,,,,,,,,,,
386,51,MASKED,MASKED_UNFLAGGED,,,,HeCBench/results/llvm17_inject/jacobi/pointer/site386_bit51.out,,,,,,,,,,,,,,,,
386,52,MASKED,MASKED_UNFLAGGED,,,,HeCBench/results/llvm17_inject/jacobi/pointer/site386_bit52.out,,,,,,,,,,,,,,,,
386,53,MASKED,MASKED_UNFLAGGED,,,,HeCBench/results/llvm17_inject/jacobi/pointer/site386_bit53.out,,,,,,,,,,,,,,,,
386,54,MASKED,MASKED_UNFLAGGED,,,,HeCBench/results/llvm17_inject/jacobi/pointer/site386_bit54.out,,,,,,,,,,,,,,,,
386,55,MASKED,MASKED_UNFLAGGED,,,,HeCBench/results/llvm17_inject/jacobi/pointer/site386_bit55.out,,,,,,,,,,,,,,,,
386,56,MASKED,MASKED_UNFLAGGED,,,,HeCBench/results/llvm17_inject/jacobi/pointer/site386_bit56.out,,,,,,,,,,,,,,,,
386,57,MASKED,MASKED_UNFLAGGED,,,,HeCBench/results/llvm17_inject/jacobi/pointer/site386_bit57.out,,,,,,,,,,,,,,,,
386,58,MASKED,MASKED_UNFLAGGED,,,,HeCBench/results/llvm17_inject/jacobi/pointer/site386_bit58.out,,,,,,,,,,,,,,,,
386,59,MASKED,MASKED_UNFLAGGED,,,,HeCBench/results/llvm17_inject/jacobi/pointer/site386_bit59.out,,,,,,,,,,,,,,,,
386,60,MASKED,MASKED_UNFLAGGED,,,,HeCBench/results/llvm17_inject/jacobi/pointer/site386_bit60.out,,,,,,,,,,,,,,,,
386,61,MASKED,MASKED_UNFLAGGED,,,,HeCBench/results/llvm17_inject/jacobi/pointer/site386_bit61.out,,,,,,,,,,,,,,,,
386,62,MASKED,MASKED_UNFLAGGED,,,,HeCBench/results/llvm17_inject/jacobi/pointer/site386_bit62.out,,,,,,,,,,,,,,,,
386,63,MASKED,MASKED_UNFLAGGED,,,,HeCBench/results/llvm17_inject/jacobi/pointer/site386_bit63.out,,,,,,,,,,,,,,,,
388,0,MASKED,MASKED_UNFLAGGED,,,,HeCBench/results/llvm17_inject/jacobi/pointer/site388_bit0.out,,,,,,,,,,,,,,,,
388,1,MASKED,MASKED_UNFLAGGED,,,,HeCBench/results/llvm17_inject/jacobi/pointer/site388_bit1.out,,,,,,,,,,,,,,,,
388,2,MASKED,MASKED_UNFLAGGED,,,,HeCBench/results/llvm17_inject/jacobi/pointer/site388_bit2.out,,,,,,,,,,,,,,,,
388,3,MASKED,MASKED_UNFLAGGED,,,,HeCBench/results/llvm17_inject/jacobi/pointer/site388_bit3.out,,,,,,,,,,,,,,,,
388,4,MASKED,MASKED_UNFLAGGED,,,,HeCBench/results/llvm17_inject/jacobi/pointer/site388_bit4.out,,,,,,,,,,,,,,,,
388,5,MASKED,MASKED_UNFLAGGED,,,,HeCBench/results/llvm17_inject/jacobi/pointer/site388_bit5.out,,,,,,,,,,,,,,,,
388,6,MASKED,MASKED_UNFLAGGED,,,,HeCBench/results/llvm17_inject/jacobi/pointer/site388_bit6.out,,,,,,,,,,,,,,,,
388,7,MASKED,MASKED_UNFLAGGED,,,,HeCBench/results/llvm17_inject/jacobi/pointer/site388_bit7.out,,,,,,,,,,,,,,,,
388,8,MASKED,MASKED_UNFLAGGED,,,,HeCBench/results/llvm17_inject/jacobi/pointer/site388_bit8.out,,,,,,,,,,,,,,,,
388,9,MASKED,MASKED_UNFLAGGED,,,,HeCBench/results/llvm17_inject/jacobi/pointer/site388_bit9.out,,,,,,,,,,,,,,,,
388,10,MASKED,MASKED_UNFLAGGED,,,,HeCBench/results/llvm17_inject/jacobi/pointer/site388_bit10.out,,,,,,,,,,,,,,,,
388,11,MASKED,MASKED_UNFLAGGED,,,,HeCBench/results/llvm17_inject/jacobi/pointer/site388_bit11.out,,,,,,,,,,,,,,,,
388,12,MASKED,MASKED_UNFLAGGED,,,,HeCBench/results/llvm17_inject/jacobi/pointer/site388_bit12.out,,,,,,,,,,,,,,,,
388,13,MASKED,MASKED_UNFLAGGED,,,,HeCBench/results/llvm17_inject/jacobi/pointer/site388_bit13.out,,,,,,,,,,,,,,,,
388,14,MASKED,MASKED_UNFLAGGED,,,,HeCBench/results/llvm17_inject/jacobi/pointer/site388_bit14.out,,,,,,,,,,,,,,,,
388,15,MASKED,MASKED_UNFLAGGED,,,,HeCBench/results/llvm17_inject/jacobi/pointer/site388_bit15.out,,,,,,,,,,,,,,,,
388,16,MASKED,MASKED_UNFLAGGED,,,,HeCBench/results/llvm17_inject/jacobi/pointer/site388_bit16.out,,,,,,,,,,,,,,,,
388,17,MASKED,MASKED_UNFLAGGED,,,,HeCBench/results/llvm17_inject/jacobi/pointer/site388_bit17.out,,,,,,,,,,,,,,,,
388,18,MASKED,MASKED_UNFLAGGED,,,,HeCBench/results/llvm17_inject/jacobi/pointer/site388_bit18.out,,,,,,,,,,,,,,,,
388,19,MASKED,MASKED_UNFLAGGED,,,,HeCBench/results/llvm17_inject/jacobi/pointer/site388_bit19.out,,,,,,,,,,,,,,,,
388,20,MASKED,MASKED_UNFLAGGED,,,,HeCBench/results/llvm17_inject/jacobi/pointer/site388_bit20.out,,,,,,,,,,,,,,,,
388,21,MASKED,MASKED_UNFLAGGED,,,,HeCBench/results/llvm17_inject/jacobi/pointer/site388_bit21.out,,,,,,,,,,,,,,,,
388,22,MASKED,MASKED_UNFLAGGED,,,,HeCBench/results/llvm17_inject/jacobi/pointer/site388_bit22.out,,,,,,,,,,,,,,,,
388,23,MASKED,MASKED_UNFLAGGED,,,,HeCBench/results/llvm17_inject/jacobi/pointer/site388_bit23.out,,,,,,,,,,,,,,,,
388,24,MASKED,MASKED_UNFLAGGED,,,,HeCBench/results/llvm17_inject/jacobi/pointer/site388_bit24.out,,,,,,,,,,,,,,,,
388,25,MASKED,MASKED_UNFLAGGED,,,,HeCBench/results/llvm17_inject/jacobi/pointer/site388_bit25.out,,,,,,,,,,,,,,,,
388,26,MASKED,MASKED_UNFLAGGED,,,,HeCBench/results/llvm17_inject/jacobi/pointer/site388_bit26.out,,,,,,,,,,,,,,,,
388,27,MASKED,MASKED_UNFLAGGED,,,,HeCBench/results/llvm17_inject/jacobi/pointer/site388_bit27.out,,,,,,,,,,,,,,,,
388,28,MASKED,MASKED_UNFLAGGED,,,,HeCBench/results/llvm17_inject/jacobi/pointer/site388_bit28.out,,,,,,,,,,,,,,,,
388,29,MASKED,MASKED_UNFLAGGED,,,,HeCBench/results/llvm17_inject/jacobi/pointer/site388_bit29.out,,,,,,,,,,,,,,,,
388,30,MASKED,MASKED_UNFLAGGED,,,,HeCBench/results/llvm17_inject/jacobi/pointer/site388_bit30.out,,,,,,,,,,,,,,,,
388,31,MASKED,MASKED_UNFLAGGED,,,,HeCBench/results/llvm17_inject/jacobi/pointer/site388_bit31.out,,,,,,,,,,,,,,,,
388,32,MASKED,MASKED_UNFLAGGED,,,,HeCBench/results/llvm17_inject/jacobi/pointer/site388_bit32.out,,,,,,,,,,,,,,,,
388,33,MASKED,MASKED_UNFLAGGED,,,,HeCBench/results/llvm17_inject/jacobi/pointer/site388_bit33.out,,,,,,,,,,,,,,,,
388,34,MASKED,MASKED_UNFLAGGED,,,,HeCBench/results/llvm17_inject/jacobi/pointer/site388_bit34.out,,,,,,,,,,,,,,,,
388,35,MASKED,MASKED_UNFLAGGED,,,,HeCBench/results/llvm17_inject/jacobi/pointer/site388_bit35.out,,,,,,,,,,,,,,,,
388,36,MASKED,MASKED_UNFLAGGED,,,,HeCBench/results/llvm17_inject/jacobi/pointer/site388_bit36.out,,,,,,,,,,,,,,,,
388,37,MASKED,MASKED_UNFLAGGED,,,,HeCBench/results/llvm17_inject/jacobi/pointer/site388_bit37.out,,,,,,,,,,,,,,,,
388,38,MASKED,MASKED_UNFLAGGED,,,,HeCBench/results/llvm17_inject/jacobi/pointer/site388_bit38.out,,,,,,,,,,,,,,,,
388,39,MASKED,MASKED_UNFLAGGED,,,,HeCBench/results/llvm17_inject/jacobi/pointer/site388_bit39.out,,,,,,,,,,,,,,,,
388,40,MASKED,MASKED_UNFLAGGED,,,,HeCBench/results/llvm17_inject/jacobi/pointer/site388_bit40.out,,,,,,,,,,,,,,,,
388,41,MASKED,MASKED_UNFLAGGED,,,,HeCBench/results/llvm17_inject/jacobi/pointer/site388_bit41.out,,,,,,,,,,,,,,,,
388,42,MASKED,MASKED_UNFLAGGED,,,,HeCBench/results/llvm17_inject/jacobi/pointer/site388_bit42.out,,,,,,,,,,,,,,,,
388,43,MASKED,MASKED_UNFLAGGED,,,,HeCBench/results/llvm17_inject/jacobi/pointer/site388_bit43.out,,,,,,,,,,,,,,,,
388,44,MASKED,MASKED_UNFLAGGED,,,,HeCBench/results/llvm17_inject/jacobi/pointer/site388_bit44.out,,,,,,,,,,,,,,,,
388,45,MASKED,MASKED_UNFLAGGED,,,,HeCBench/results/llvm17_inject/jacobi/pointer/site388_bit45.out,,,,,,,,,,,,,,,,
388,46,MASKED,MASKED_UNFLAGGED,,,,HeCBench/results/llvm17_inject/jacobi/pointer/site388_bit46.out,,,,,,,,,,,,,,,,
388,47,MASKED,MASKED_UNFLAGGED,,,,HeCBench/results/llvm17_inject/jacobi/pointer/site388_bit47.out,,,,,,,,,,,,,,,,
388,48,MASKED,MASKED_UNFLAGGED,,,,HeCBench/results/llvm17_inject/jacobi/pointer/site388_bit48.out,,,,,,,,,,,,,,,,
388,49,MASKED,MASKED_UNFLAGGED,,,,HeCBench/results/llvm17_inject/jacobi/pointer/site388_bit49.out,,,,,,,,,,,,,,,,
388,50,MASKED,MASKED_UNFLAGGED,,,,HeCBench/results/llvm17_inject/jacobi/pointer/site388_bit50.out,,,,,,,,,,,,,,,,
388,51,MASKED,MASKED_UNFLAGGED,,,,HeCBench/results/llvm17_inject/jacobi/pointer/site388_bit51.out,,,,,,,,,,,,,,,,
388,52,MASKED,MASKED_UNFLAGGED,,,,HeCBench/results/llvm17_inject/jacobi/pointer/site388_bit52.out,,,,,,,,,,,,,,,,
388,53,MASKED,MASKED_UNFLAGGED,,,,HeCBench/results/llvm17_inject/jacobi/pointer/site388_bit53.out,,,,,,,,,,,,,,,,
388,54,MASKED,MASKED_UNFLAGGED,,,,HeCBench/results/llvm17_inject/jacobi/pointer/site388_bit54.out,,,,,,,,,,,,,,,,
388,55,MASKED,MASKED_UNFLAGGED,,,,HeCBench/results/llvm17_inject/jacobi/pointer/site388_bit55.out,,,,,,,,,,,,,,,,
388,56,MASKED,MASKED_UNFLAGGED,,,,HeCBench/results/llvm17_inject/jacobi/pointer/site388_bit56.out,,,,,,,,,,,,,,,,
388,57,MASKED,MASKED_UNFLAGGED,,,,HeCBench/results/llvm17_inject/jacobi/pointer/site388_bit57.out,,,,,,,,,,,,,,,,
388,58,MASKED,MASKED_UNFLAGGED,,,,HeCBench/results/llvm17_inject/jacobi/pointer/site388_bit58.out,,,,,,,,,,,,,,,,
388,59,MASKED,MASKED_UNFLAGGED,,,,HeCBench/results/llvm17_inject/jacobi/pointer/site388_bit59.out,,,,,,,,,,,,,,,,
388,60,MASKED,MASKED_UNFLAGGED,,,,HeCBench/results/llvm17_inject/jacobi/pointer/site388_bit60.out,,,,,,,,,,,,,,,,
388,61,MASKED,MASKED_UNFLAGGED,,,,HeCBench/results/llvm17_inject/jacobi/pointer/site388_bit61.out,,,,,,,,,,,,,,,,
388,62,MASKED,MASKED_UNFLAGGED,,,,HeCBench/results/llvm17_inject/jacobi/pointer/site388_bit62.out,,,,,,,,,,,,,,,,
388,63,MASKED,MASKED_UNFLAGGED,,,,HeCBench/results/llvm17_inject/jacobi/pointer/site388_bit63.out,,,,,,,,,,,,,,,,
389,0,MASKED,MASKED_UNFLAGGED,,,,HeCBench/results/llvm17_inject/jacobi/pointer/site389_bit0.out,,,,,,,,,,,,,,,,
389,1,MASKED,MASKED_UNFLAGGED,,,,HeCBench/results/llvm17_inject/jacobi/pointer/site389_bit1.out,,,,,,,,,,,,,,,,
389,2,MASKED,MASKED_UNFLAGGED,,,,HeCBench/results/llvm17_inject/jacobi/pointer/site389_bit2.out,,,,,,,,,,,,,,,,
389,3,MASKED,MASKED_UNFLAGGED,,,,HeCBench/results/llvm17_inject/jacobi/pointer/site389_bit3.out,,,,,,,,,,,,,,,,
389,4,MASKED,MASKED_UNFLAGGED,,,,HeCBench/results/llvm17_inject/jacobi/pointer/site389_bit4.out,,,,,,,,,,,,,,,,
389,5,MASKED,MASKED_UNFLAGGED,,,,HeCBench/results/llvm17_inject/jacobi/pointer/site389_bit5.out,,,,,,,,,,,,,,,,
389,6,MASKED,MASKED_UNFLAGGED,,,,HeCBench/results/llvm17_inject/jacobi/pointer/site389_bit6.out,,,,,,,,,,,,,,,,
389,7,MASKED,MASKED_UNFLAGGED,,,,HeCBench/results/llvm17_inject/jacobi/pointer/site389_bit7.out,,,,,,,,,,,,,,,,
389,8,MASKED,MASKED_UNFLAGGED,,,,HeCBench/results/llvm17_inject/jacobi/pointer/site389_bit8.out,,,,,,,,,,,,,,,,
389,9,MASKED,MASKED_UNFLAGGED,,,,HeCBench/results/llvm17_inject/jacobi/pointer/site389_bit9.out,,,,,,,,,,,,,,,,
389,10,MASKED,MASKED_UNFLAGGED,,,,HeCBench/results/llvm17_inject/jacobi/pointer/site389_bit10.out,,,,,,,,,,,,,,,,
389,11,MASKED,MASKED_UNFLAGGED,,,,HeCBench/results/llvm17_inject/jacobi/pointer/site389_bit11.out,,,,,,,,,,,,,,,,
389,12,MASKED,MASKED_UNFLAGGED,,,,HeCBench/results/llvm17_inject/jacobi/pointer/site389_bit12.out,,,,,,,,,,,,,,,,
389,13,MASKED,MASKED_UNFLAGGED,,,,HeCBench/results/llvm17_inject/jacobi/pointer/site389_bit13.out,,,,,,,,,,,,,,,,
389,14,MASKED,MASKED_UNFLAGGED,,,,HeCBench/results/llvm17_inject/jacobi/pointer/site389_bit14.out,,,,,,,,,,,,,,,,
389,15,MASKED,MASKED_UNFLAGGED,,,,HeCBench/results/llvm17_inject/jacobi/pointer/site389_bit15.out,,,,,,,,,,,,,,,,
389,16,MASKED,MASKED_UNFLAGGED,,,,HeCBench/results/llvm17_inject/jacobi/pointer/site389_bit16.out,,,,,,,,,,,,,,,,
389,17,MASKED,MASKED_UNFLAGGED,,,,HeCBench/results/llvm17_inject/jacobi/pointer/site389_bit17.out,,,,,,,,,,,,,,,,
389,18,MASKED,MASKED_UNFLAGGED,,,,HeCBench/results/llvm17_inject/jacobi/pointer/site389_bit18.out,,,,,,,,,,,,,,,,
389,19,MASKED,MASKED_UNFLAGGED,,,,HeCBench/results/llvm17_inject/jacobi/pointer/site389_bit19.out,,,,,,,,,,,,,,,,
389,20,MASKED,MASKED_UNFLAGGED,,,,HeCBench/results/llvm17_inject/jacobi/pointer/site389_bit20.out,,,,,,,,,,,,,,,,
389,21,MASKED,MASKED_UNFLAGGED,,,,HeCBench/results/llvm17_inject/jacobi/pointer/site389_bit21.out,,,,,,,,,,,,,,,,
389,22,MASKED,MASKED_UNFLAGGED,,,,HeCBench/results/llvm17_inject/jacobi/pointer/site389_bit22.out,,,,,,,,,,,,,,,,
389,23,MASKED,MASKED_UNFLAGGED,,,,HeCBench/results/llvm17_inject/jacobi/pointer/site389_bit23.out,,,,,,,,,,,,,,,,
389,24,MASKED,MASKED_UNFLAGGED,,,,HeCBench/results/llvm17_inject/jacobi/pointer/site389_bit24.out,,,,,,,,,,,,,,,,
389,25,MASKED,MASKED_UNFLAGGED,,,,HeCBench/results/llvm17_inject/jacobi/pointer/site389_bit25.out,,,,,,,,,,,,,,,,
389,26,MASKED,MASKED_UNFLAGGED,,,,HeCBench/results/llvm17_inject/jacobi/pointer/site389_bit26.out,,,,,,,,,,,,,,,,
389,27,MASKED,MASKED_UNFLAGGED,,,,HeCBench/results/llvm17_inject/jacobi/pointer/site389_bit27.out,,,,,,,,,,,,,,,,
389,28,MASKED,MASKED_UNFLAGGED,,,,HeCBench/results/llvm17_inject/jacobi/pointer/site389_bit28.out,,,,,,,,,,,,,,,,
389,29,MASKED,MASKED_UNFLAGGED,,,,HeCBench/results/llvm17_inject/jacobi/pointer/site389_bit29.out,,,,,,,,,,,,,,,,
389,30,MASKED,MASKED_UNFLAGGED,,,,HeCBench/results/llvm17_inject/jacobi/pointer/site389_bit30.out,,,,,,,,,,,,,,,,
389,31,MASKED,MASKED_UNFLAGGED,,,,HeCBench/results/llvm17_inject/jacobi/pointer/site389_bit31.out,,,,,,,,,,,,,,,,
389,32,MASKED,MASKED_UNFLAGGED,,,,HeCBench/results/llvm17_inject/jacobi/pointer/site389_bit32.out,,,,,,,,,,,,,,,,
389,33,MASKED,MASKED_UNFLAGGED,,,,HeCBench/results/llvm17_inject/jacobi/pointer/site389_bit33.out,,,,,,,,,,,,,,,,
389,34,MASKED,MASKED_UNFLAGGED,,,,HeCBench/results/llvm17_inject/jacobi/pointer/site389_bit34.out,,,,,,,,,,,,,,,,
389,35,MASKED,MASKED_UNFLAGGED,,,,HeCBench/results/llvm17_inject/jacobi/pointer/site389_bit35.out,,,,,,,,,,,,,,,,
389,36,MASKED,MASKED_UNFLAGGED,,,,HeCBench/results/llvm17_inject/jacobi/pointer/site389_bit36.out,,,,,,,,,,,,,,,,
389,37,MASKED,MASKED_UNFLAGGED,,,,HeCBench/results/llvm17_inject/jacobi/pointer/site389_bit37.out,,,,,,,,,,,,,,,,
389,38,MASKED,MASKED_UNFLAGGED,,,,HeCBench/results/llvm17_inject/jacobi/pointer/site389_bit38.out,,,,,,,,,,,,,,,,
389,39,MASKED,MASKED_UNFLAGGED,,,,HeCBench/results/llvm17_inject/jacobi/pointer/site389_bit39.out,,,,,,,,,,,,,,,,
389,40,MASKED,MASKED_UNFLAGGED,,,,HeCBench/results/llvm17_inject/jacobi/pointer/site389_bit40.out,,,,,,,,,,,,,,,,
389,41,MASKED,MASKED_UNFLAGGED,,,,HeCBench/results/llvm17_inject/jacobi/pointer/site389_bit41.out,,,,,,,,,,,,,,,,
389,42,MASKED,MASKED_UNFLAGGED,,,,HeCBench/results/llvm17_inject/jacobi/pointer/site389_bit42.out,,,,,,,,,,,,,,,,
389,43,MASKED,MASKED_UNFLAGGED,,,,HeCBench/results/llvm17_inject/jacobi/pointer/site389_bit43.out,,,,,,,,,,,,,,,,
389,44,MASKED,MASKED_UNFLAGGED,,,,HeCBench/results/llvm17_inject/jacobi/pointer/site389_bit44.out,,,,,,,,,,,,,,,,
389,45,MASKED,MASKED_UNFLAGGED,,,,HeCBench/results/llvm17_inject/jacobi/pointer/site389_bit45.out,,,,,,,,,,,,,,,,
389,46,MASKED,MASKED_UNFLAGGED,,,,HeCBench/results/llvm17_inject/jacobi/pointer/site389_bit46.out,,,,,,,,,,,,,,,,
389,47,MASKED,MASKED_UNFLAGGED,,,,HeCBench/results/llvm17_inject/jacobi/pointer/site389_bit47.out,,,,,,,,,,,,,,,,
389,48,MASKED,MASKED_UNFLAGGED,,,,HeCBench/results/llvm17_inject/jacobi/pointer/site389_bit48.out,,,,,,,,,,,,,,,,
389,49,MASKED,MASKED_UNFLAGGED,,,,HeCBench/results/llvm17_inject/jacobi/pointer/site389_bit49.out,,,,,,,,,,,,,,,,
389,50,MASKED,MASKED_UNFLAGGED,,,,HeCBench/results/llvm17_inject/jacobi/pointer/site389_bit50.out,,,,,,,,,,,,,,,,
389,51,MASKED,MASKED_UNFLAGGED,,,,HeCBench/results/llvm17_inject/jacobi/pointer/site389_bit51.out,,,,,,,,,,,,,,,,
389,52,MASKED,MASKED_UNFLAGGED,,,,HeCBench/results/llvm17_inject/jacobi/pointer/site389_bit52.out,,,,,,,,,,,,,,,,
389,53,MASKED,MASKED_UNFLAGGED,,,,HeCBench/results/llvm17_inject/jacobi/pointer/site389_bit53.out,,,,,,,,,,,,,,,,
389,54,MASKED,MASKED_UNFLAGGED,,,,HeCBench/results/llvm17_inject/jacobi/pointer/site389_bit54.out,,,,,,,,,,,,,,,,
389,55,MASKED,MASKED_UNFLAGGED,,,,HeCBench/results/llvm17_inject/jacobi/pointer/site389_bit55.out,,,,,,,,,,,,,,,,
389,56,MASKED,MASKED_UNFLAGGED,,,,HeCBench/results/llvm17_inject/jacobi/pointer/site389_bit56.out,,,,,,,,,,,,,,,,
389,57,MASKED,MASKED_UNFLAGGED,,,,HeCBench/results/llvm17_inject/jacobi/pointer/site389_bit57.out,,,,,,,,,,,,,,,,
389,58,MASKED,MASKED_UNFLAGGED,,,,HeCBench/results/llvm17_inject/jacobi/pointer/site389_bit58.out,,,,,,,,,,,,,,,,
389,59,MASKED,MASKED_UNFLAGGED,,,,HeCBench/results/llvm17_inject/jacobi/pointer/site389_bit59.out,,,,,,,,,,,,,,,,
389,60,MASKED,MASKED_UNFLAGGED,,,,HeCBench/results/llvm17_inject/jacobi/pointer/site389_bit60.out,,,,,,,,,,,,,,,,
389,61,MASKED,MASKED_UNFLAGGED,,,,HeCBench/results/llvm17_inject/jacobi/pointer/site389_bit61.out,,,,,,,,,,,,,,,,
389,62,MASKED,MASKED_UNFLAGGED,,,,HeCBench/results/llvm17_inject/jacobi/pointer/site389_bit62.out,,,,,,,,,,,,,,,,
389,63,MASKED,MASKED_UNFLAGGED,,,,HeCBench/results/llvm17_inject/jacobi/pointer/site389_bit63.out,,,,,,,,,,,,,,,,
391,0,MASKED,MASKED_UNFLAGGED,,,,HeCBench/results/llvm17_inject/jacobi/pointer/site391_bit0.out,,,,,,,,,,,,,,,,
391,1,MASKED,MASKED_UNFLAGGED,,,,HeCBench/results/llvm17_inject/jacobi/pointer/site391_bit1.out,,,,,,,,,,,,,,,,
391,2,MASKED,MASKED_UNFLAGGED,,,,HeCBench/results/llvm17_inject/jacobi/pointer/site391_bit2.out,,,,,,,,,,,,,,,,
391,3,MASKED,MASKED_UNFLAGGED,,,,HeCBench/results/llvm17_inject/jacobi/pointer/site391_bit3.out,,,,,,,,,,,,,,,,
391,4,MASKED,MASKED_UNFLAGGED,,,,HeCBench/results/llvm17_inject/jacobi/pointer/site391_bit4.out,,,,,,,,,,,,,,,,
391,5,MASKED,MASKED_UNFLAGGED,,,,HeCBench/results/llvm17_inject/jacobi/pointer/site391_bit5.out,,,,,,,,,,,,,,,,
391,6,MASKED,MASKED_UNFLAGGED,,,,HeCBench/results/llvm17_inject/jacobi/pointer/site391_bit6.out,,,,,,,,,,,,,,,,
391,7,MASKED,MASKED_UNFLAGGED,,,,HeCBench/results/llvm17_inject/jacobi/pointer/site391_bit7.out,,,,,,,,,,,,,,,,
391,8,MASKED,MASKED_UNFLAGGED,,,,HeCBench/results/llvm17_inject/jacobi/pointer/site391_bit8.out,,,,,,,,,,,,,,,,
391,9,MASKED,MASKED_UNFLAGGED,,,,HeCBench/results/llvm17_inject/jacobi/pointer/site391_bit9.out,,,,,,,,,,,,,,,,
391,10,MASKED,MASKED_UNFLAGGED,,,,HeCBench/results/llvm17_inject/jacobi/pointer/site391_bit10.out,,,,,,,,,,,,,,,,
391,11,MASKED,MASKED_UNFLAGGED,,,,HeCBench/results/llvm17_inject/jacobi/pointer/site391_bit11.out,,,,,,,,,,,,,,,,
391,12,MASKED,MASKED_UNFLAGGED,,,,HeCBench/results/llvm17_inject/jacobi/pointer/site391_bit12.out,,,,,,,,,,,,,,,,
391,13,MASKED,MASKED_UNFLAGGED,,,,HeCBench/results/llvm17_inject/jacobi/pointer/site391_bit13.out,,,,,,,,,,,,,,,,
391,14,MASKED,MASKED_UNFLAGGED,,,,HeCBench/results/llvm17_inject/jacobi/pointer/site391_bit14.out,,,,,,,,,,,,,,,,
391,15,MASKED,MASKED_UNFLAGGED,,,,HeCBench/results/llvm17_inject/jacobi/pointer/site391_bit15.out,,,,,,,,,,,,,,,,
391,16,MASKED,MASKED_UNFLAGGED,,,,HeCBench/results/llvm17_inject/jacobi/pointer/site391_bit16.out,,,,,,,,,,,,,,,,
391,17,MASKED,MASKED_UNFLAGGED,,,,HeCBench/results/llvm17_inject/jacobi/pointer/site391_bit17.out,,,,,,,,,,,,,,,,
391,18,MASKED,MASKED_UNFLAGGED,,,,HeCBench/results/llvm17_inject/jacobi/pointer/site391_bit18.out,,,,,,,,,,,,,,,,
391,19,MASKED,MASKED_UNFLAGGED,,,,HeCBench/results/llvm17_inject/jacobi/pointer/site391_bit19.out,,,,,,,,,,,,,,,,
391,20,MASKED,MASKED_UNFLAGGED,,,,HeCBench/results/llvm17_inject/jacobi/pointer/site391_bit20.out,,,,,,,,,,,,,,,,
391,21,MASKED,MASKED_UNFLAGGED,,,,HeCBench/results/llvm17_inject/jacobi/pointer/site391_bit21.out,,,,,,,,,,,,,,,,
391,22,MASKED,MASKED_UNFLAGGED,,,,HeCBench/results/llvm17_inject/jacobi/pointer/site391_bit22.out,,,,,,,,,,,,,,,,
391,23,MASKED,MASKED_UNFLAGGED,,,,HeCBench/results/llvm17_inject/jacobi/pointer/site391_bit23.out,,,,,,,,,,,,,,,,
391,24,MASKED,MASKED_UNFLAGGED,,,,HeCBench/results/llvm17_inject/jacobi/pointer/site391_bit24.out,,,,,,,,,,,,,,,,
391,25,MASKED,MASKED_UNFLAGGED,,,,HeCBench/results/llvm17_inject/jacobi/pointer/site391_bit25.out,,,,,,,,,,,,,,,,
391,26,MASKED,MASKED_UNFLAGGED,,,,HeCBench/results/llvm17_inject/jacobi/pointer/site391_bit26.out,,,,,,,,,,,,,,,,
391,27,MASKED,MASKED_UNFLAGGED,,,,HeCBench/results/llvm17_inject/jacobi/pointer/site391_bit27.out,,,,,,,,,,,,,,,,
391,28,MASKED,MASKED_UNFLAGGED,,,,HeCBench/results/llvm17_inject/jacobi/pointer/site391_bit28.out,,,,,,,,,,,,,,,,
391,29,MASKED,MASKED_UNFLAGGED,,,,HeCBench/results/llvm17_inject/jacobi/pointer/site391_bit29.out,,,,,,,,,,,,,,,,
391,30,MASKED,MASKED_UNFLAGGED,,,,HeCBench/results/llvm17_inject/jacobi/pointer/site391_bit30.out,,,,,,,,,,,,,,,,
391,31,MASKED,MASKED_UNFLAGGED,,,,HeCBench/results/llvm17_inject/jacobi/pointer/site391_bit31.out,,,,,,,,,,,,,,,,
391,32,MASKED,MASKED_UNFLAGGED,,,,HeCBench/results/llvm17_inject/jacobi/pointer/site391_bit32.out,,,,,,,,,,,,,,,,
391,33,MASKED,MASKED_UNFLAGGED,,,,HeCBench/results/llvm17_inject/jacobi/pointer/site391_bit33.out,,,,,,,,,,,,,,,,
391,34,MASKED,MASKED_UNFLAGGED,,,,HeCBench/results/llvm17_inject/jacobi/pointer/site391_bit34.out,,,,,,,,,,,,,,,,
391,35,MASKED,MASKED_UNFLAGGED,,,,HeCBench/results/llvm17_inject/jacobi/pointer/site391_bit35.out,,,,,,,,,,,,,,,,
391,36,MASKED,MASKED_UNFLAGGED,,,,HeCBench/results/llvm17_inject/jacobi/pointer/site391_bit36.out,,,,,,,,,,,,,,,,
391,37,MASKED,MASKED_UNFLAGGED,,,,HeCBench/results/llvm17_inject/jacobi/pointer/site391_bit37.out,,,,,,,,,,,,,,,,
391,38,MASKED,MASKED_UNFLAGGED,,,,HeCBench/results/llvm17_inject/jacobi/pointer/site391_bit38.out,,,,,,,,,,,,,,,,
391,39,MASKED,MASKED_UNFLAGGED,,,,HeCBench/results/llvm17_inject/jacobi/pointer/site391_bit39.out,,,,,,,,,,,,,,,,
391,40,MASKED,MASKED_UNFLAGGED,,,,HeCBench/results/llvm17_inject/jacobi/pointer/site391_bit40.out,,,,,,,,,,,,,,,,
391,41,MASKED,MASKED_UNFLAGGED,,,,HeCBench/results/llvm17_inject/jacobi/pointer/site391_bit41.out,,,,,,,,,,,,,,,,
391,42,MASKED,MASKED_UNFLAGGED,,,,HeCBench/results/llvm17_inject/jacobi/pointer/site391_bit42.out,,,,,,,,,,,,,,,,
391,43,MASKED,MASKED_UNFLAGGED,,,,HeCBench/results/llvm17_inject/jacobi/pointer/site391_bit43.out,,,,,,,,,,,,,,,,
391,44,MASKED,MASKED_UNFLAGGED,,,,HeCBench/results/llvm17_inject/jacobi/pointer/site391_bit44.out,,,,,,,,,,,,,,,,
391,45,MASKED,MASKED_UNFLAGGED,,,,HeCBench/results/llvm17_inject/jacobi/pointer/site391_bit45.out,,,,,,,,,,,,,,,,
391,46,MASKED,MASKED_UNFLAGGED,,,,HeCBench/results/llvm17_inject/jacobi/pointer/site391_bit46.out,,,,,,,,,,,,,,,,
391,47,MASKED,MASKED_UNFLAGGED,,,,HeCBench/results/llvm17_inject/jacobi/pointer/site391_bit47.out,,,,,,,,,,,,,,,,
391,48,MASKED,MASKED_UNFLAGGED,,,,HeCBench/results/llvm17_inject/jacobi/pointer/site391_bit48.out,,,,,,,,,,,,,,,,
391,49,MASKED,MASKED_UNFLAGGED,,,,HeCBench/results/llvm17_inject/jacobi/pointer/site391_bit49.out,,,,,,,,,,,,,,,,
391,50,MASKED,MASKED_UNFLAGGED,,,,HeCBench/results/llvm17_inject/jacobi/pointer/site391_bit50.out,,,,,,,,,,,,,,,,
391,51,MASKED,MASKED_UNFLAGGED,,,,HeCBench/results/llvm17_inject/jacobi/pointer/site391_bit51.out,,,,,,,,,,,,,,,,
391,52,MASKED,MASKED_UNFLAGGED,,,,HeCBench/results/llvm17_inject/jacobi/pointer/site391_bit52.out,,,,,,,,,,,,,,,,
391,53,MASKED,MASKED_UNFLAGGED,,,,HeCBench/results/llvm17_inject/jacobi/pointer/site391_bit53.out,,,,,,,,,,,,,,,,
391,54,MASKED,MASKED_UNFLAGGED,,,,HeCBench/results/llvm17_inject/jacobi/pointer/site391_bit54.out,,,,,,,,,,,,,,,,
391,55,MASKED,MASKED_UNFLAGGED,,,,HeCBench/results/llvm17_inject/jacobi/pointer/site391_bit55.out,,,,,,,,,,,,,,,,
391,56,MASKED,MASKED_UNFLAGGED,,,,HeCBench/results/llvm17_inject/jacobi/pointer/site391_bit56.out,,,,,,,,,,,,,,,,
391,57,MASKED,MASKED_UNFLAGGED,,,,HeCBench/results/llvm17_inject/jacobi/pointer/site391_bit57.out,,,,,,,,,,,,,,,,
391,58,MASKED,MASKED_UNFLAGGED,,,,HeCBench/results/llvm17_inject/jacobi/pointer/site391_bit58.out,,,,,,,,,,,,,,,,
391,59,MASKED,MASKED_UNFLAGGED,,,,HeCBench/results/llvm17_inject/jacobi/pointer/site391_bit59.out,,,,,,,,,,,,,,,,
391,60,MASKED,MASKED_UNFLAGGED,,,,HeCBench/results/llvm17_inject/jacobi/pointer/site391_bit60.out,,,,,,,,,,,,,,,,
391,61,MASKED,MASKED_UNFLAGGED,,,,HeCBench/results/llvm17_inject/jacobi/pointer/site391_bit61.out,,,,,,,,,,,,,,,,
391,62,MASKED,MASKED_UNFLAGGED,,,,HeCBench/results/llvm17_inject/jacobi/pointer/site391_bit62.out,,,,,,,,,,,,,,,,
391,63,MASKED,MASKED_UNFLAGGED,,,,HeCBench/results/llvm17_inject/jacobi/pointer/site391_bit63.out,,,,,,,,,,,,,,,,
393,0,MASKED,MASKED_UNFLAGGED,,,,HeCBench/results/llvm17_inject/jacobi/pointer/site393_bit0.out,,,,,,,,,,,,,,,,
393,1,MASKED,MASKED_UNFLAGGED,,,,HeCBench/results/llvm17_inject/jacobi/pointer/site393_bit1.out,,,,,,,,,,,,,,,,
393,2,MASKED,MASKED_UNFLAGGED,,,,HeCBench/results/llvm17_inject/jacobi/pointer/site393_bit2.out,,,,,,,,,,,,,,,,
393,3,MASKED,MASKED_UNFLAGGED,,,,HeCBench/results/llvm17_inject/jacobi/pointer/site393_bit3.out,,,,,,,,,,,,,,,,
393,4,MASKED,MASKED_UNFLAGGED,,,,HeCBench/results/llvm17_inject/jacobi/pointer/site393_bit4.out,,,,,,,,,,,,,,,,
393,5,MASKED,MASKED_UNFLAGGED,,,,HeCBench/results/llvm17_inject/jacobi/pointer/site393_bit5.out,,,,,,,,,,,,,,,,
393,6,MASKED,MASKED_UNFLAGGED,,,,HeCBench/results/llvm17_inject/jacobi/pointer/site393_bit6.out,,,,,,,,,,,,,,,,
393,7,MASKED,MASKED_UNFLAGGED,,,,HeCBench/results/llvm17_inject/jacobi/pointer/site393_bit7.out,,,,,,,,,,,,,,,,
393,8,MASKED,MASKED_UNFLAGGED,,,,HeCBench/results/llvm17_inject/jacobi/pointer/site393_bit8.out,,,,,,,,,,,,,,,,
393,9,MASKED,MASKED_UNFLAGGED,,,,HeCBench/results/llvm17_inject/jacobi/pointer/site393_bit9.out,,,,,,,,,,,,,,,,
393,10,MASKED,MASKED_UNFLAGGED,,,,HeCBench/results/llvm17_inject/jacobi/pointer/site393_bit10.out,,,,,,,,,,,,,,,,
393,11,MASKED,MASKED_UNFLAGGED,,,,HeCBench/results/llvm17_inject/jacobi/pointer/site393_bit11.out,,,,,,,,,,,,,,,,
393,12,MASKED,MASKED_UNFLAGGED,,,,HeCBench/results/llvm17_inject/jacobi/pointer/site393_bit12.out,,,,,,,,,,,,,,,,
393,13,MASKED,MASKED_UNFLAGGED,,,,HeCBench/results/llvm17_inject/jacobi/pointer/site393_bit13.out,,,,,,,,,,,,,,,,
393,14,MASKED,MASKED_UNFLAGGED,,,,HeCBench/results/llvm17_inject/jacobi/pointer/site393_bit14.out,,,,,,,,,,,,,,,,
393,15,MASKED,MASKED_UNFLAGGED,,,,HeCBench/results/llvm17_inject/jacobi/pointer/site393_bit15.out,,,,,,,,,,,,,,,,
393,16,MASKED,MASKED_UNFLAGGED,,,,HeCBench/results/llvm17_inject/jacobi/pointer/site393_bit16.out,,,,,,,,,,,,,,,,
393,17,MASKED,MASKED_UNFLAGGED,,,,HeCBench/results/llvm17_inject/jacobi/pointer/site393_bit17.out,,,,,,,,,,,,,,,,
393,18,MASKED,MASKED_UNFLAGGED,,,,HeCBench/results/llvm17_inject/jacobi/pointer/site393_bit18.out,,,,,,,,,,,,,,,,
393,19,MASKED,MASKED_UNFLAGGED,,,,HeCBench/results/llvm17_inject/jacobi/pointer/site393_bit19.out,,,,,,,,,,,,,,,,
393,20,MASKED,MASKED_UNFLAGGED,,,,HeCBench/results/llvm17_inject/jacobi/pointer/site393_bit20.out,,,,,,,,,,,,,,,,
393,21,MASKED,MASKED_UNFLAGGED,,,,HeCBench/results/llvm17_inject/jacobi/pointer/site393_bit21.out,,,,,,,,,,,,,,,,
393,22,MASKED,MASKED_UNFLAGGED,,,,HeCBench/results/llvm17_inject/jacobi/pointer/site393_bit22.out,,,,,,,,,,,,,,,,
393,23,MASKED,MASKED_UNFLAGGED,,,,HeCBench/results/llvm17_inject/jacobi/pointer/site393_bit23.out,,,,,,,,,,,,,,,,
393,24,MASKED,MASKED_UNFLAGGED,,,,HeCBench/results/llvm17_inject/jacobi/pointer/site393_bit24.out,,,,,,,,,,,,,,,,
393,25,MASKED,MASKED_UNFLAGGED,,,,HeCBench/results/llvm17_inject/jacobi/pointer/site393_bit25.out,,,,,,,,,,,,,,,,
393,26,MASKED,MASKED_UNFLAGGED,,,,HeCBench/results/llvm17_inject/jacobi/pointer/site393_bit26.out,,,,,,,,,,,,,,,,
393,27,MASKED,MASKED_UNFLAGGED,,,,HeCBench/results/llvm17_inject/jacobi/pointer/site393_bit27.out,,,,,,,,,,,,,,,,
393,28,MASKED,MASKED_UNFLAGGED,,,,HeCBench/results/llvm17_inject/jacobi/pointer/site393_bit28.out,,,,,,,,,,,,,,,,
393,29,MASKED,MASKED_UNFLAGGED,,,,HeCBench/results/llvm17_inject/jacobi/pointer/site393_bit29.out,,,,,,,,,,,,,,,,
393,30,MASKED,MASKED_UNFLAGGED,,,,HeCBench/results/llvm17_inject/jacobi/pointer/site393_bit30.out,,,,,,,,,,,,,,,,
393,31,MASKED,MASKED_UNFLAGGED,,,,HeCBench/results/llvm17_inject/jacobi/pointer/site393_bit31.out,,,,,,,,,,,,,,,,
393,32,MASKED,MASKED_UNFLAGGED,,,,HeCBench/results/llvm17_inject/jacobi/pointer/site393_bit32.out,,,,,,,,,,,,,,,,
393,33,MASKED,MASKED_UNFLAGGED,,,,HeCBench/results/llvm17_inject/jacobi/pointer/site393_bit33.out,,,,,,,,,,,,,,,,
393,34,MASKED,MASKED_UNFLAGGED,,,,HeCBench/results/llvm17_inject/jacobi/pointer/site393_bit34.out,,,,,,,,,,,,,,,,
393,35,MASKED,MASKED_UNFLAGGED,,,,HeCBench/results/llvm17_inject/jacobi/pointer/site393_bit35.out,,,,,,,,,,,,,,,,
393,36,MASKED,MASKED_UNFLAGGED,,,,HeCBench/results/llvm17_inject/jacobi/pointer/site393_bit36.out,,,,,,,,,,,,,,,,
393,37,MASKED,MASKED_UNFLAGGED,,,,HeCBench/results/llvm17_inject/jacobi/pointer/site393_bit37.out,,,,,,,,,,,,,,,,
393,38,MASKED,MASKED_UNFLAGGED,,,,HeCBench/results/llvm17_inject/jacobi/pointer/site393_bit38.out,,,,,,,,,,,,,,,,
393,39,MASKED,MASKED_UNFLAGGED,,,,HeCBench/results/llvm17_inject/jacobi/pointer/site393_bit39.out,,,,,,,,,,,,,,,,
393,40,MASKED,MASKED_UNFLAGGED,,,,HeCBench/results/llvm17_inject/jacobi/pointer/site393_bit40.out,,,,,,,,,,,,,,,,
393,41,MASKED,MASKED_UNFLAGGED,,,,HeCBench/results/llvm17_inject/jacobi/pointer/site393_bit41.out,,,,,,,,,,,,,,,,
393,42,MASKED,MASKED_UNFLAGGED,,,,HeCBench/results/llvm17_inject/jacobi/pointer/site393_bit42.out,,,,,,,,,,,,,,,,
393,43,MASKED,MASKED_UNFLAGGED,,,,HeCBench/results/llvm17_inject/jacobi/pointer/site393_bit43.out,,,,,,,,,,,,,,,,
393,44,MASKED,MASKED_UNFLAGGED,,,,HeCBench/results/llvm17_inject/jacobi/pointer/site393_bit44.out,,,,,,,,,,,,,,,,
393,45,MASKED,MASKED_UNFLAGGED,,,,HeCBench/results/llvm17_inject/jacobi/pointer/site393_bit45.out,,,,,,,,,,,,,,,,
393,46,MASKED,MASKED_UNFLAGGED,,,,HeCBench/results/llvm17_inject/jacobi/pointer/site393_bit46.out,,,,,,,,,,,,,,,,
393,47,MASKED,MASKED_UNFLAGGED,,,,HeCBench/results/llvm17_inject/jacobi/pointer/site393_bit47.out,,,,,,,,,,,,,,,,
393,48,MASKED,MASKED_UNFLAGGED,,,,HeCBench/results/llvm17_inject/jacobi/pointer/site393_bit48.out,,,,,,,,,,,,,,,,
393,49,MASKED,MASKED_UNFLAGGED,,,,HeCBench/results/llvm17_inject/jacobi/pointer/site393_bit49.out,,,,,,,,,,,,,,,,
393,50,MASKED,MASKED_UNFLAGGED,,,,HeCBench/results/llvm17_inject/jacobi/pointer/site393_bit50.out,,,,,,,,,,,,,,,,
393,51,MASKED,MASKED_UNFLAGGED,,,,HeCBench/results/llvm17_inject/jacobi/pointer/site393_bit51.out,,,,,,,,,,,,,,,,
393,52,MASKED,MASKED_UNFLAGGED,,,,HeCBench/results/llvm17_inject/jacobi/pointer/site393_bit52.out,,,,,,,,,,,,,,,,
393,53,MASKED,MASKED_UNFLAGGED,,,,HeCBench/results/llvm17_inject/jacobi/pointer/site393_bit53.out,,,,,,,,,,,,,,,,
393,54,MASKED,MASKED_UNFLAGGED,,,,HeCBench/results/llvm17_inject/jacobi/pointer/site393_bit54.out,,,,,,,,,,,,,,,,
393,55,MASKED,MASKED_UNFLAGGED,,,,HeCBench/results/llvm17_inject/jacobi/pointer/site393_bit55.out,,,,,,,,,,,,,,,,
393,56,MASKED,MASKED_UNFLAGGED,,,,HeCBench/results/llvm17_inject/jacobi/pointer/site393_bit56.out,,,,,,,,,,,,,,,,
393,57,MASKED,MASKED_UNFLAGGED,,,,HeCBench/results/llvm17_inject/jacobi/pointer/site393_bit57.out,,,,,,,,,,,,,,,,
393,58,MASKED,MASKED_UNFLAGGED,,,,HeCBench/results/llvm17_inject/jacobi/pointer/site393_bit58.out,,,,,,,,,,,,,,,,
393,59,MASKED,MASKED_UNFLAGGED,,,,HeCBench/results/llvm17_inject/jacobi/pointer/site393_bit59.out,,,,,,,,,,,,,,,,
393,60,MASKED,MASKED_UNFLAGGED,,,,HeCBench/results/llvm17_inject/jacobi/pointer/site393_bit60.out,,,,,,,,,,,,,,,,
393,61,MASKED,MASKED_UNFLAGGED,,,,HeCBench/results/llvm17_inject/jacobi/pointer/site393_bit61.out,,,,,,,,,,,,,,,,
393,62,MASKED,MASKED_UNFLAGGED,,,,HeCBench/results/llvm17_inject/jacobi/pointer/site393_bit62.out,,,,,,,,,,,,,,,,
393,63,MASKED,MASKED_UNFLAGGED,,,,HeCBench/results/llvm17_inject/jacobi/pointer/site393_bit63.out,,,,,,,,,,,,,,,,
400,0,MASKED,MASKED_UNFLAGGED,,,,HeCBench/results/llvm17_inject/jacobi/pointer/site400_bit0.out,,,,,,,,,,,,,,,,
400,1,MASKED,MASKED_UNFLAGGED,,,,HeCBench/results/llvm17_inject/jacobi/pointer/site400_bit1.out,,,,,,,,,,,,,,,,
400,2,MASKED,MASKED_UNFLAGGED,,,,HeCBench/results/llvm17_inject/jacobi/pointer/site400_bit2.out,,,,,,,,,,,,,,,,
400,3,MASKED,MASKED_UNFLAGGED,,,,HeCBench/results/llvm17_inject/jacobi/pointer/site400_bit3.out,,,,,,,,,,,,,,,,
400,4,MASKED,MASKED_UNFLAGGED,,,,HeCBench/results/llvm17_inject/jacobi/pointer/site400_bit4.out,,,,,,,,,,,,,,,,
400,5,MASKED,MASKED_UNFLAGGED,,,,HeCBench/results/llvm17_inject/jacobi/pointer/site400_bit5.out,,,,,,,,,,,,,,,,
400,6,MASKED,MASKED_UNFLAGGED,,,,HeCBench/results/llvm17_inject/jacobi/pointer/site400_bit6.out,,,,,,,,,,,,,,,,
400,7,MASKED,MASKED_UNFLAGGED,,,,HeCBench/results/llvm17_inject/jacobi/pointer/site400_bit7.out,,,,,,,,,,,,,,,,
400,8,MASKED,MASKED_UNFLAGGED,,,,HeCBench/results/llvm17_inject/jacobi/pointer/site400_bit8.out,,,,,,,,,,,,,,,,
400,9,MASKED,MASKED_UNFLAGGED,,,,HeCBench/results/llvm17_inject/jacobi/pointer/site400_bit9.out,,,,,,,,,,,,,,,,
400,10,MASKED,MASKED_UNFLAGGED,,,,HeCBench/results/llvm17_inject/jacobi/pointer/site400_bit10.out,,,,,,,,,,,,,,,,
400,11,MASKED,MASKED_UNFLAGGED,,,,HeCBench/results/llvm17_inject/jacobi/pointer/site400_bit11.out,,,,,,,,,,,,,,,,
400,12,MASKED,MASKED_UNFLAGGED,,,,HeCBench/results/llvm17_inject/jacobi/pointer/site400_bit12.out,,,,,,,,,,,,,,,,
400,13,MASKED,MASKED_UNFLAGGED,,,,HeCBench/results/llvm17_inject/jacobi/pointer/site400_bit13.out,,,,,,,,,,,,,,,,
400,14,MASKED,MASKED_UNFLAGGED,,,,HeCBench/results/llvm17_inject/jacobi/pointer/site400_bit14.out,,,,,,,,,,,,,,,,
400,15,MASKED,MASKED_UNFLAGGED,,,,HeCBench/results/llvm17_inject/jacobi/pointer/site400_bit15.out,,,,,,,,,,,,,,,,
400,16,MASKED,MASKED_UNFLAGGED,,,,HeCBench/results/llvm17_inject/jacobi/pointer/site400_bit16.out,,,,,,,,,,,,,,,,
400,17,MASKED,MASKED_UNFLAGGED,,,,HeCBench/results/llvm17_inject/jacobi/pointer/site400_bit17.out,,,,,,,,,,,,,,,,
400,18,MASKED,MASKED_UNFLAGGED,,,,HeCBench/results/llvm17_inject/jacobi/pointer/site400_bit18.out,,,,,,,,,,,,,,,,
400,19,MASKED,MASKED_UNFLAGGED,,,,HeCBench/results/llvm17_inject/jacobi/pointer/site400_bit19.out,,,,,,,,,,,,,,,,
400,20,MASKED,MASKED_UNFLAGGED,,,,HeCBench/results/llvm17_inject/jacobi/pointer/site400_bit20.out,,,,,,,,,,,,,,,,
400,21,MASKED,MASKED_UNFLAGGED,,,,HeCBench/results/llvm17_inject/jacobi/pointer/site400_bit21.out,,,,,,,,,,,,,,,,
400,22,MASKED,MASKED_UNFLAGGED,,,,HeCBench/results/llvm17_inject/jacobi/pointer/site400_bit22.out,,,,,,,,,,,,,,,,
400,23,MASKED,MASKED_UNFLAGGED,,,,HeCBench/results/llvm17_inject/jacobi/pointer/site400_bit23.out,,,,,,,,,,,,,,,,
400,24,MASKED,MASKED_UNFLAGGED,,,,HeCBench/results/llvm17_inject/jacobi/pointer/site400_bit24.out,,,,,,,,,,,,,,,,
400,25,MASKED,MASKED_UNFLAGGED,,,,HeCBench/results/llvm17_inject/jacobi/pointer/site400_bit25.out,,,,,,,,,,,,,,,,
400,26,MASKED,MASKED_UNFLAGGED,,,,HeCBench/results/llvm17_inject/jacobi/pointer/site400_bit26.out,,,,,,,,,,,,,,,,
400,27,MASKED,MASKED_UNFLAGGED,,,,HeCBench/results/llvm17_inject/jacobi/pointer/site400_bit27.out,,,,,,,,,,,,,,,,
400,28,MASKED,MASKED_UNFLAGGED,,,,HeCBench/results/llvm17_inject/jacobi/pointer/site400_bit28.out,,,,,,,,,,,,,,,,
400,29,MASKED,MASKED_UNFLAGGED,,,,HeCBench/results/llvm17_inject/jacobi/pointer/site400_bit29.out,,,,,,,,,,,,,,,,
400,30,MASKED,MASKED_UNFLAGGED,,,,HeCBench/results/llvm17_inject/jacobi/pointer/site400_bit30.out,,,,,,,,,,,,,,,,
400,31,MASKED,MASKED_UNFLAGGED,,,,HeCBench/results/llvm17_inject/jacobi/pointer/site400_bit31.out,,,,,,,,,,,,,,,,
400,32,MASKED,MASKED_UNFLAGGED,,,,HeCBench/results/llvm17_inject/jacobi/pointer/site400_bit32.out,,,,,,,,,,,,,,,,
400,33,MASKED,MASKED_UNFLAGGED,,,,HeCBench/results/llvm17_inject/jacobi/pointer/site400_bit33.out,,,,,,,,,,,,,,,,
400,34,MASKED,MASKED_UNFLAGGED,,,,HeCBench/results/llvm17_inject/jacobi/pointer/site400_bit34.out,,,,,,,,,,,,,,,,
400,35,MASKED,MASKED_UNFLAGGED,,,,HeCBench/results/llvm17_inject/jacobi/pointer/site400_bit35.out,,,,,,,,,,,,,,,,
400,36,MASKED,MASKED_UNFLAGGED,,,,HeCBench/results/llvm17_inject/jacobi/pointer/site400_bit36.out,,,,,,,,,,,,,,,,
400,37,MASKED,MASKED_UNFLAGGED,,,,HeCBench/results/llvm17_inject/jacobi/pointer/site400_bit37.out,,,,,,,,,,,,,,,,
400,38,MASKED,MASKED_UNFLAGGED,,,,HeCBench/results/llvm17_inject/jacobi/pointer/site400_bit38.out,,,,,,,,,,,,,,,,
400,39,MASKED,MASKED_UNFLAGGED,,,,HeCBench/results/llvm17_inject/jacobi/pointer/site400_bit39.out,,,,,,,,,,,,,,,,
400,40,MASKED,MASKED_UNFLAGGED,,,,HeCBench/results/llvm17_inject/jacobi/pointer/site400_bit40.out,,,,,,,,,,,,,,,,
400,41,MASKED,MASKED_UNFLAGGED,,,,HeCBench/results/llvm17_inject/jacobi/pointer/site400_bit41.out,,,,,,,,,,,,,,,,
400,42,MASKED,MASKED_UNFLAGGED,,,,HeCBench/results/llvm17_inject/jacobi/pointer/site400_bit42.out,,,,,,,,,,,,,,,,
400,43,MASKED,MASKED_UNFLAGGED,,,,HeCBench/results/llvm17_inject/jacobi/pointer/site400_bit43.out,,,,,,,,,,,,,,,,
400,44,MASKED,MASKED_UNFLAGGED,,,,HeCBench/results/llvm17_inject/jacobi/pointer/site400_bit44.out,,,,,,,,,,,,,,,,
400,45,MASKED,MASKED_UNFLAGGED,,,,HeCBench/results/llvm17_inject/jacobi/pointer/site400_bit45.out,,,,,,,,,,,,,,,,
400,46,MASKED,MASKED_UNFLAGGED,,,,HeCBench/results/llvm17_inject/jacobi/pointer/site400_bit46.out,,,,,,,,,,,,,,,,
400,47,MASKED,MASKED_UNFLAGGED,,,,HeCBench/results/llvm17_inject/jacobi/pointer/site400_bit47.out,,,,,,,,,,,,,,,,
400,48,MASKED,MASKED_UNFLAGGED,,,,HeCBench/results/llvm17_inject/jacobi/pointer/site400_bit48.out,,,,,,,,,,,,,,,,
400,49,MASKED,MASKED_UNFLAGGED,,,,HeCBench/results/llvm17_inject/jacobi/pointer/site400_bit49.out,,,,,,,,,,,,,,,,
400,50,MASKED,MASKED_UNFLAGGED,,,,HeCBench/results/llvm17_inject/jacobi/pointer/site400_bit50.out,,,,,,,,,,,,,,,,
400,51,MASKED,MASKED_UNFLAGGED,,,,HeCBench/results/llvm17_inject/jacobi/pointer/site400_bit51.out,,,,,,,,,,,,,,,,
400,52,MASKED,MASKED_UNFLAGGED,,,,HeCBench/results/llvm17_inject/jacobi/pointer/site400_bit52.out,,,,,,,,,,,,,,,,
400,53,MASKED,MASKED_UNFLAGGED,,,,HeCBench/results/llvm17_inject/jacobi/pointer/site400_bit53.out,,,,,,,,,,,,,,,,
400,54,MASKED,MASKED_UNFLAGGED,,,,HeCBench/results/llvm17_inject/jacobi/pointer/site400_bit54.out,,,,,,,,,,,,,,,,
400,55,MASKED,MASKED_UNFLAGGED,,,,HeCBench/results/llvm17_inject/jacobi/pointer/site400_bit55.out,,,,,,,,,,,,,,,,
400,56,MASKED,MASKED_UNFLAGGED,,,,HeCBench/results/llvm17_inject/jacobi/pointer/site400_bit56.out,,,,,,,,,,,,,,,,
400,57,MASKED,MASKED_UNFLAGGED,,,,HeCBench/results/llvm17_inject/jacobi/pointer/site400_bit57.out,,,,,,,,,,,,,,,,
400,58,MASKED,MASKED_UNFLAGGED,,,,HeCBench/results/llvm17_inject/jacobi/pointer/site400_bit58.out,,,,,,,,,,,,,,,,
400,59,MASKED,MASKED_UNFLAGGED,,,,HeCBench/results/llvm17_inject/jacobi/pointer/site400_bit59.out,,,,,,,,,,,,,,,,
400,60,MASKED,MASKED_UNFLAGGED,,,,HeCBench/results/llvm17_inject/jacobi/pointer/site400_bit60.out,,,,,,,,,,,,,,,,
400,61,MASKED,MASKED_UNFLAGGED,,,,HeCBench/results/llvm17_inject/jacobi/pointer/site400_bit61.out,,,,,,,,,,,,,,,,
400,62,MASKED,MASKED_UNFLAGGED,,,,HeCBench/results/llvm17_inject/jacobi/pointer/site400_bit62.out,,,,,,,,,,,,,,,,
400,63,MASKED,MASKED_UNFLAGGED,,,,HeCBench/results/llvm17_inject/jacobi/pointer/site400_bit63.out,,,,,,,,,,,,,,,,
407,0,MASKED,MASKED_UNFLAGGED,,,,HeCBench/results/llvm17_inject/jacobi/pointer/site407_bit0.out,,,,,,,,,,,,,,,,
407,1,MASKED,MASKED_UNFLAGGED,,,,HeCBench/results/llvm17_inject/jacobi/pointer/site407_bit1.out,,,,,,,,,,,,,,,,
407,2,MASKED,MASKED_UNFLAGGED,,,,HeCBench/results/llvm17_inject/jacobi/pointer/site407_bit2.out,,,,,,,,,,,,,,,,
407,3,MASKED,MASKED_UNFLAGGED,,,,HeCBench/results/llvm17_inject/jacobi/pointer/site407_bit3.out,,,,,,,,,,,,,,,,
407,4,MASKED,MASKED_UNFLAGGED,,,,HeCBench/results/llvm17_inject/jacobi/pointer/site407_bit4.out,,,,,,,,,,,,,,,,
407,5,MASKED,MASKED_UNFLAGGED,,,,HeCBench/results/llvm17_inject/jacobi/pointer/site407_bit5.out,,,,,,,,,,,,,,,,
407,6,MASKED,MASKED_UNFLAGGED,,,,HeCBench/results/llvm17_inject/jacobi/pointer/site407_bit6.out,,,,,,,,,,,,,,,,
407,7,MASKED,MASKED_UNFLAGGED,,,,HeCBench/results/llvm17_inject/jacobi/pointer/site407_bit7.out,,,,,,,,,,,,,,,,
407,8,MASKED,MASKED_UNFLAGGED,,,,HeCBench/results/llvm17_inject/jacobi/pointer/site407_bit8.out,,,,,,,,,,,,,,,,
407,9,MASKED,MASKED_UNFLAGGED,,,,HeCBench/results/llvm17_inject/jacobi/pointer/site407_bit9.out,,,,,,,,,,,,,,,,
407,10,MASKED,MASKED_UNFLAGGED,,,,HeCBench/results/llvm17_inject/jacobi/pointer/site407_bit10.out,,,,,,,,,,,,,,,,
407,11,MASKED,MASKED_UNFLAGGED,,,,HeCBench/results/llvm17_inject/jacobi/pointer/site407_bit11.out,,,,,,,,,,,,,,,,
407,12,MASKED,MASKED_UNFLAGGED,,,,HeCBench/results/llvm17_inject/jacobi/pointer/site407_bit12.out,,,,,,,,,,,,,,,,
407,13,MASKED,MASKED_UNFLAGGED,,,,HeCBench/results/llvm17_inject/jacobi/pointer/site407_bit13.out,,,,,,,,,,,,,,,,
407,14,MASKED,MASKED_UNFLAGGED,,,,HeCBench/results/llvm17_inject/jacobi/pointer/site407_bit14.out,,,,,,,,,,,,,,,,
407,15,MASKED,MASKED_UNFLAGGED,,,,HeCBench/results/llvm17_inject/jacobi/pointer/site407_bit15.out,,,,,,,,,,,,,,,,
407,16,MASKED,MASKED_UNFLAGGED,,,,HeCBench/results/llvm17_inject/jacobi/pointer/site407_bit16.out,,,,,,,,,,,,,,,,
407,17,MASKED,MASKED_UNFLAGGED,,,,HeCBench/results/llvm17_inject/jacobi/pointer/site407_bit17.out,,,,,,,,,,,,,,,,
407,18,MASKED,MASKED_UNFLAGGED,,,,HeCBench/results/llvm17_inject/jacobi/pointer/site407_bit18.out,,,,,,,,,,,,,,,,
407,19,MASKED,MASKED_UNFLAGGED,,,,HeCBench/results/llvm17_inject/jacobi/pointer/site407_bit19.out,,,,,,,,,,,,,,,,
407,20,MASKED,MASKED_UNFLAGGED,,,,HeCBench/results/llvm17_inject/jacobi/pointer/site407_bit20.out,,,,,,,,,,,,,,,,
407,21,MASKED,MASKED_UNFLAGGED,,,,HeCBench/results/llvm17_inject/jacobi/pointer/site407_bit21.out,,,,,,,,,,,,,,,,
407,22,MASKED,MASKED_UNFLAGGED,,,,HeCBench/results/llvm17_inject/jacobi/pointer/site407_bit22.out,,,,,,,,,,,,,,,,
407,23,MASKED,MASKED_UNFLAGGED,,,,HeCBench/results/llvm17_inject/jacobi/pointer/site407_bit23.out,,,,,,,,,,,,,,,,
407,24,MASKED,MASKED_UNFLAGGED,,,,HeCBench/results/llvm17_inject/jacobi/pointer/site407_bit24.out,,,,,,,,,,,,,,,,
407,25,MASKED,MASKED_UNFLAGGED,,,,HeCBench/results/llvm17_inject/jacobi/pointer/site407_bit25.out,,,,,,,,,,,,,,,,
407,26,MASKED,MASKED_UNFLAGGED,,,,HeCBench/results/llvm17_inject/jacobi/pointer/site407_bit26.out,,,,,,,,,,,,,,,,
407,27,MASKED,MASKED_UNFLAGGED,,,,HeCBench/results/llvm17_inject/jacobi/pointer/site407_bit27.out,,,,,,,,,,,,,,,,
407,28,MASKED,MASKED_UNFLAGGED,,,,HeCBench/results/llvm17_inject/jacobi/pointer/site407_bit28.out,,,,,,,,,,,,,,,,
407,29,MASKED,MASKED_UNFLAGGED,,,,HeCBench/results/llvm17_inject/jacobi/pointer/site407_bit29.out,,,,,,,,,,,,,,,,
407,30,MASKED,MASKED_UNFLAGGED,,,,HeCBench/results/llvm17_inject/jacobi/pointer/site407_bit30.out,,,,,,,,,,,,,,,,
407,31,MASKED,MASKED_UNFLAGGED,,,,HeCBench/results/llvm17_inject/jacobi/pointer/site407_bit31.out,,,,,,,,,,,,,,,,
407,32,MASKED,MASKED_UNFLAGGED,,,,HeCBench/results/llvm17_inject/jacobi/pointer/site407_bit32.out,,,,,,,,,,,,,,,,
407,33,MASKED,MASKED_UNFLAGGED,,,,HeCBench/results/llvm17_inject/jacobi/pointer/site407_bit33.out,,,,,,,,,,,,,,,,
407,34,MASKED,MASKED_UNFLAGGED,,,,HeCBench/results/llvm17_inject/jacobi/pointer/site407_bit34.out,,,,,,,,,,,,,,,,
407,35,MASKED,MASKED_UNFLAGGED,,,,HeCBench/results/llvm17_inject/jacobi/pointer/site407_bit35.out,,,,,,,,,,,,,,,,
407,36,MASKED,MASKED_UNFLAGGED,,,,HeCBench/results/llvm17_inject/jacobi/pointer/site407_bit36.out,,,,,,,,,,,,,,,,
407,37,MASKED,MASKED_UNFLAGGED,,,,HeCBench/results/llvm17_inject/jacobi/pointer/site407_bit37.out,,,,,,,,,,,,,,,,
407,38,MASKED,MASKED_UNFLAGGED,,,,HeCBench/results/llvm17_inject/jacobi/pointer/site407_bit38.out,,,,,,,,,,,,,,,,
407,39,MASKED,MASKED_UNFLAGGED,,,,HeCBench/results/llvm17_inject/jacobi/pointer/site407_bit39.out,,,,,,,,,,,,,,,,
407,40,MASKED,MASKED_UNFLAGGED,,,,HeCBench/results/llvm17_inject/jacobi/pointer/site407_bit40.out,,,,,,,,,,,,,,,,
407,41,MASKED,MASKED_UNFLAGGED,,,,HeCBench/results/llvm17_inject/jacobi/pointer/site407_bit41.out,,,,,,,,,,,,,,,,
407,42,MASKED,MASKED_UNFLAGGED,,,,HeCBench/results/llvm17_inject/jacobi/pointer/site407_bit42.out,,,,,,,,,,,,,,,,
407,43,MASKED,MASKED_UNFLAGGED,,,,HeCBench/results/llvm17_inject/jacobi/pointer/site407_bit43.out,,,,,,,,,,,,,,,,
407,44,MASKED,MASKED_UNFLAGGED,,,,HeCBench/results/llvm17_inject/jacobi/pointer/site407_bit44.out,,,,,,,,,,,,,,,,
407,45,MASKED,MASKED_UNFLAGGED,,,,HeCBench/results/llvm17_inject/jacobi/pointer/site407_bit45.out,,,,,,,,,,,,,,,,
407,46,MASKED,MASKED_UNFLAGGED,,,,HeCBench/results/llvm17_inject/jacobi/pointer/site407_bit46.out,,,,,,,,,,,,,,,,
407,47,MASKED,MASKED_UNFLAGGED,,,,HeCBench/results/llvm17_inject/jacobi/pointer/site407_bit47.out,,,,,,,,,,,,,,,,
407,48,MASKED,MASKED_UNFLAGGED,,,,HeCBench/results/llvm17_inject/jacobi/pointer/site407_bit48.out,,,,,,,,,,,,,,,,
407,49,MASKED,MASKED_UNFLAGGED,,,,HeCBench/results/llvm17_inject/jacobi/pointer/site407_bit49.out,,,,,,,,,,,,,,,,
407,50,MASKED,MASKED_UNFLAGGED,,,,HeCBench/results/llvm17_inject/jacobi/pointer/site407_bit50.out,,,,,,,,,,,,,,,,
407,51,MASKED,MASKED_UNFLAGGED,,,,HeCBench/results/llvm17_inject/jacobi/pointer/site407_bit51.out,,,,,,,,,,,,,,,,
407,52,MASKED,MASKED_UNFLAGGED,,,,HeCBench/results/llvm17_inject/jacobi/pointer/site407_bit52.out,,,,,,,,,,,,,,,,
407,53,MASKED,MASKED_UNFLAGGED,,,,HeCBench/results/llvm17_inject/jacobi/pointer/site407_bit53.out,,,,,,,,,,,,,,,,
407,54,MASKED,MASKED_UNFLAGGED,,,,HeCBench/results/llvm17_inject/jacobi/pointer/site407_bit54.out,,,,,,,,,,,,,,,,
407,55,MASKED,MASKED_UNFLAGGED,,,,HeCBench/results/llvm17_inject/jacobi/pointer/site407_bit55.out,,,,,,,,,,,,,,,,
407,56,MASKED,MASKED_UNFLAGGED,,,,HeCBench/results/llvm17_inject/jacobi/pointer/site407_bit56.out,,,,,,,,,,,,,,,,
407,57,MASKED,MASKED_UNFLAGGED,,,,HeCBench/results/llvm17_inject/jacobi/pointer/site407_bit57.out,,,,,,,,,,,,,,,,
407,58,MASKED,MASKED_UNFLAGGED,,,,HeCBench/results/llvm17_inject/jacobi/pointer/site407_bit58.out,,,,,,,,,,,,,,,,
407,59,MASKED,MASKED_UNFLAGGED,,,,HeCBench/results/llvm17_inject/jacobi/pointer/site407_bit59.out,,,,,,,,,,,,,,,,
407,60,MASKED,MASKED_UNFLAGGED,,,,HeCBench/results/llvm17_inject/jacobi/pointer/site407_bit60.out,,,,,,,,,,,,,,,,
407,61,MASKED,MASKED_UNFLAGGED,,,,HeCBench/results/llvm17_inject/jacobi/pointer/site407_bit61.out,,,,,,,,,,,,,,,,
407,62,MASKED,MASKED_UNFLAGGED,,,,HeCBench/results/llvm17_inject/jacobi/pointer/site407_bit62.out,,,,,,,,,,,,,,,,
407,63,MASKED,MASKED_UNFLAGGED,,,,HeCBench/results/llvm17_inject/jacobi/pointer/site407_bit63.out,,,,,,,,,,,,,,,,
408,0,MASKED,MASKED_UNFLAGGED,,,,HeCBench/results/llvm17_inject/jacobi/pointer/site408_bit0.out,,,,,,,,,,,,,,,,
408,1,MASKED,MASKED_UNFLAGGED,,,,HeCBench/results/llvm17_inject/jacobi/pointer/site408_bit1.out,,,,,,,,,,,,,,,,
408,2,MASKED,MASKED_UNFLAGGED,,,,HeCBench/results/llvm17_inject/jacobi/pointer/site408_bit2.out,,,,,,,,,,,,,,,,
408,3,MASKED,MASKED_UNFLAGGED,,,,HeCBench/results/llvm17_inject/jacobi/pointer/site408_bit3.out,,,,,,,,,,,,,,,,
408,4,MASKED,MASKED_UNFLAGGED,,,,HeCBench/results/llvm17_inject/jacobi/pointer/site408_bit4.out,,,,,,,,,,,,,,,,
408,5,MASKED,MASKED_UNFLAGGED,,,,HeCBench/results/llvm17_inject/jacobi/pointer/site408_bit5.out,,,,,,,,,,,,,,,,
408,6,MASKED,MASKED_UNFLAGGED,,,,HeCBench/results/llvm17_inject/jacobi/pointer/site408_bit6.out,,,,,,,,,,,,,,,,
408,7,MASKED,MASKED_UNFLAGGED,,,,HeCBench/results/llvm17_inject/jacobi/pointer/site408_bit7.out,,,,,,,,,,,,,,,,
408,8,MASKED,MASKED_UNFLAGGED,,,,HeCBench/results/llvm17_inject/jacobi/pointer/site408_bit8.out,,,,,,,,,,,,,,,,
408,9,MASKED,MASKED_UNFLAGGED,,,,HeCBench/results/llvm17_inject/jacobi/pointer/site408_bit9.out,,,,,,,,,,,,,,,,
408,10,MASKED,MASKED_UNFLAGGED,,,,HeCBench/results/llvm17_inject/jacobi/pointer/site408_bit10.out,,,,,,,,,,,,,,,,
408,11,MASKED,MASKED_UNFLAGGED,,,,HeCBench/results/llvm17_inject/jacobi/pointer/site408_bit11.out,,,,,,,,,,,,,,,,
408,12,MASKED,MASKED_UNFLAGGED,,,,HeCBench/results/llvm17_inject/jacobi/pointer/site408_bit12.out,,,,,,,,,,,,,,,,
408,13,MASKED,MASKED_UNFLAGGED,,,,HeCBench/results/llvm17_inject/jacobi/pointer/site408_bit13.out,,,,,,,,,,,,,,,,
408,14,MASKED,MASKED_UNFLAGGED,,,,HeCBench/results/llvm17_inject/jacobi/pointer/site408_bit14.out,,,,,,,,,,,,,,,,
408,15,MASKED,MASKED_UNFLAGGED,,,,HeCBench/results/llvm17_inject/jacobi/pointer/site408_bit15.out,,,,,,,,,,,,,,,,
408,16,MASKED,MASKED_UNFLAGGED,,,,HeCBench/results/llvm17_inject/jacobi/pointer/site408_bit16.out,,,,,,,,,,,,,,,,
408,17,MASKED,MASKED_UNFLAGGED,,,,HeCBench/results/llvm17_inject/jacobi/pointer/site408_bit17.out,,,,,,,,,,,,,,,,
408,18,MASKED,MASKED_UNFLAGGED,,,,HeCBench/results/llvm17_inject/jacobi/pointer/site408_bit18.out,,,,,,,,,,,,,,,,
408,19,MASKED,MASKED_UNFLAGGED,,,,HeCBench/results/llvm17_inject/jacobi/pointer/site408_bit19.out,,,,,,,,,,,,,,,,
408,20,MASKED,MASKED_UNFLAGGED,,,,HeCBench/results/llvm17_inject/jacobi/pointer/site408_bit20.out,,,,,,,,,,,,,,,,
408,21,MASKED,MASKED_UNFLAGGED,,,,HeCBench/results/llvm17_inject/jacobi/pointer/site408_bit21.out,,,,,,,,,,,,,,,,
408,22,MASKED,MASKED_UNFLAGGED,,,,HeCBench/results/llvm17_inject/jacobi/pointer/site408_bit22.out,,,,,,,,,,,,,,,,
408,23,MASKED,MASKED_UNFLAGGED,,,,HeCBench/results/llvm17_inject/jacobi/pointer/site408_bit23.out,,,,,,,,,,,,,,,,
408,24,MASKED,MASKED_UNFLAGGED,,,,HeCBench/results/llvm17_inject/jacobi/pointer/site408_bit24.out,,,,,,,,,,,,,,,,
408,25,MASKED,MASKED_UNFLAGGED,,,,HeCBench/results/llvm17_inject/jacobi/pointer/site408_bit25.out,,,,,,,,,,,,,,,,
408,26,MASKED,MASKED_UNFLAGGED,,,,HeCBench/results/llvm17_inject/jacobi/pointer/site408_bit26.out,,,,,,,,,,,,,,,,
408,27,MASKED,MASKED_UNFLAGGED,,,,HeCBench/results/llvm17_inject/jacobi/pointer/site408_bit27.out,,,,,,,,,,,,,,,,
408,28,MASKED,MASKED_UNFLAGGED,,,,HeCBench/results/llvm17_inject/jacobi/pointer/site408_bit28.out,,,,,,,,,,,,,,,,
408,29,MASKED,MASKED_UNFLAGGED,,,,HeCBench/results/llvm17_inject/jacobi/pointer/site408_bit29.out,,,,,,,,,,,,,,,,
408,30,MASKED,MASKED_UNFLAGGED,,,,HeCBench/results/llvm17_inject/jacobi/pointer/site408_bit30.out,,,,,,,,,,,,,,,,
408,31,MASKED,MASKED_UNFLAGGED,,,,HeCBench/results/llvm17_inject/jacobi/pointer/site408_bit31.out,,,,,,,,,,,,,,,,
408,32,MASKED,MASKED_UNFLAGGED,,,,HeCBench/results/llvm17_inject/jacobi/pointer/site408_bit32.out,,,,,,,,,,,,,,,,
408,33,MASKED,MASKED_UNFLAGGED,,,,HeCBench/results/llvm17_inject/jacobi/pointer/site408_bit33.out,,,,,,,,,,,,,,,,
408,34,MASKED,MASKED_UNFLAGGED,,,,HeCBench/results/llvm17_inject/jacobi/pointer/site408_bit34.out,,,,,,,,,,,,,,,,
408,35,MASKED,MASKED_UNFLAGGED,,,,HeCBench/results/llvm17_inject/jacobi/pointer/site408_bit35.out,,,,,,,,,,,,,,,,
408,36,MASKED,MASKED_UNFLAGGED,,,,HeCBench/results/llvm17_inject/jacobi/pointer/site408_bit36.out,,,,,,,,,,,,,,,,
408,37,MASKED,MASKED_UNFLAGGED,,,,HeCBench/results/llvm17_inject/jacobi/pointer/site408_bit37.out,,,,,,,,,,,,,,,,
408,38,MASKED,MASKED_UNFLAGGED,,,,HeCBench/results/llvm17_inject/jacobi/pointer/site408_bit38.out,,,,,,,,,,,,,,,,
408,39,MASKED,MASKED_UNFLAGGED,,,,HeCBench/results/llvm17_inject/jacobi/pointer/site408_bit39.out,,,,,,,,,,,,,,,,
408,40,MASKED,MASKED_UNFLAGGED,,,,HeCBench/results/llvm17_inject/jacobi/pointer/site408_bit40.out,,,,,,,,,,,,,,,,
408,41,MASKED,MASKED_UNFLAGGED,,,,HeCBench/results/llvm17_inject/jacobi/pointer/site408_bit41.out,,,,,,,,,,,,,,,,
408,42,MASKED,MASKED_UNFLAGGED,,,,HeCBench/results/llvm17_inject/jacobi/pointer/site408_bit42.out,,,,,,,,,,,,,,,,
408,43,MASKED,MASKED_UNFLAGGED,,,,HeCBench/results/llvm17_inject/jacobi/pointer/site408_bit43.out,,,,,,,,,,,,,,,,
408,44,MASKED,MASKED_UNFLAGGED,,,,HeCBench/results/llvm17_inject/jacobi/pointer/site408_bit44.out,,,,,,,,,,,,,,,,
408,45,MASKED,MASKED_UNFLAGGED,,,,HeCBench/results/llvm17_inject/jacobi/pointer/site408_bit45.out,,,,,,,,,,,,,,,,
408,46,MASKED,MASKED_UNFLAGGED,,,,HeCBench/results/llvm17_inject/jacobi/pointer/site408_bit46.out,,,,,,,,,,,,,,,,
408,47,MASKED,MASKED_UNFLAGGED,,,,HeCBench/results/llvm17_inject/jacobi/pointer/site408_bit47.out,,,,,,,,,,,,,,,,
408,48,MASKED,MASKED_UNFLAGGED,,,,HeCBench/results/llvm17_inject/jacobi/pointer/site408_bit48.out,,,,,,,,,,,,,,,,
408,49,MASKED,MASKED_UNFLAGGED,,,,HeCBench/results/llvm17_inject/jacobi/pointer/site408_bit49.out,,,,,,,,,,,,,,,,
408,50,MASKED,MASKED_UNFLAGGED,,,,HeCBench/results/llvm17_inject/jacobi/pointer/site408_bit50.out,,,,,,,,,,,,,,,,
408,51,MASKED,MASKED_UNFLAGGED,,,,HeCBench/results/llvm17_inject/jacobi/pointer/site408_bit51.out,,,,,,,,,,,,,,,,
408,52,MASKED,MASKED_UNFLAGGED,,,,HeCBench/results/llvm17_inject/jacobi/pointer/site408_bit52.out,,,,,,,,,,,,,,,,
408,53,MASKED,MASKED_UNFLAGGED,,,,HeCBench/results/llvm17_inject/jacobi/pointer/site408_bit53.out,,,,,,,,,,,,,,,,
408,54,MASKED,MASKED_UNFLAGGED,,,,HeCBench/results/llvm17_inject/jacobi/pointer/site408_bit54.out,,,,,,,,,,,,,,,,
408,55,MASKED,MASKED_UNFLAGGED,,,,HeCBench/results/llvm17_inject/jacobi/pointer/site408_bit55.out,,,,,,,,,,,,,,,,
408,56,MASKED,MASKED_UNFLAGGED,,,,HeCBench/results/llvm17_inject/jacobi/pointer/site408_bit56.out,,,,,,,,,,,,,,,,
408,57,MASKED,MASKED_UNFLAGGED,,,,HeCBench/results/llvm17_inject/jacobi/pointer/site408_bit57.out,,,,,,,,,,,,,,,,
408,58,MASKED,MASKED_UNFLAGGED,,,,HeCBench/results/llvm17_inject/jacobi/pointer/site408_bit58.out,,,,,,,,,,,,,,,,
408,59,MASKED,MASKED_UNFLAGGED,,,,HeCBench/results/llvm17_inject/jacobi/pointer/site408_bit59.out,,,,,,,,,,,,,,,,
408,60,MASKED,MASKED_UNFLAGGED,,,,HeCBench/results/llvm17_inject/jacobi/pointer/site408_bit60.out,,,,,,,,,,,,,,,,
408,61,MASKED,MASKED_UNFLAGGED,,,,HeCBench/results/llvm17_inject/jacobi/pointer/site408_bit61.out,,,,,,,,,,,,,,,,
408,62,MASKED,MASKED_UNFLAGGED,,,,HeCBench/results/llvm17_inject/jacobi/pointer/site408_bit62.out,,,,,,,,,,,,,,,,
408,63,MASKED,MASKED_UNFLAGGED,,,,HeCBench/results/llvm17_inject/jacobi/pointer/site408_bit63.out,,,,,,,,,,,,,,,,
414,0,MASKED,MASKED_UNFLAGGED,,,,HeCBench/results/llvm17_inject/jacobi/pointer/site414_bit0.out,,,,,,,,,,,,,,,,
414,1,MASKED,MASKED_UNFLAGGED,,,,HeCBench/results/llvm17_inject/jacobi/pointer/site414_bit1.out,,,,,,,,,,,,,,,,
414,2,MASKED,MASKED_UNFLAGGED,,,,HeCBench/results/llvm17_inject/jacobi/pointer/site414_bit2.out,,,,,,,,,,,,,,,,
414,3,MASKED,MASKED_UNFLAGGED,,,,HeCBench/results/llvm17_inject/jacobi/pointer/site414_bit3.out,,,,,,,,,,,,,,,,
414,4,MASKED,MASKED_UNFLAGGED,,,,HeCBench/results/llvm17_inject/jacobi/pointer/site414_bit4.out,,,,,,,,,,,,,,,,
414,5,MASKED,MASKED_UNFLAGGED,,,,HeCBench/results/llvm17_inject/jacobi/pointer/site414_bit5.out,,,,,,,,,,,,,,,,
414,6,MASKED,MASKED_UNFLAGGED,,,,HeCBench/results/llvm17_inject/jacobi/pointer/site414_bit6.out,,,,,,,,,,,,,,,,
414,7,MASKED,MASKED_UNFLAGGED,,,,HeCBench/results/llvm17_inject/jacobi/pointer/site414_bit7.out,,,,,,,,,,,,,,,,
414,8,MASKED,MASKED_UNFLAGGED,,,,HeCBench/results/llvm17_inject/jacobi/pointer/site414_bit8.out,,,,,,,,,,,,,,,,
414,9,MASKED,MASKED_UNFLAGGED,,,,HeCBench/results/llvm17_inject/jacobi/pointer/site414_bit9.out,,,,,,,,,,,,,,,,
414,10,MASKED,MASKED_UNFLAGGED,,,,HeCBench/results/llvm17_inject/jacobi/pointer/site414_bit10.out,,,,,,,,,,,,,,,,
414,11,MASKED,MASKED_UNFLAGGED,,,,HeCBench/results/llvm17_inject/jacobi/pointer/site414_bit11.out,,,,,,,,,,,,,,,,
414,12,MASKED,MASKED_UNFLAGGED,,,,HeCBench/results/llvm17_inject/jacobi/pointer/site414_bit12.out,,,,,,,,,,,,,,,,
414,13,MASKED,MASKED_UNFLAGGED,,,,HeCBench/results/llvm17_inject/jacobi/pointer/site414_bit13.out,,,,,,,,,,,,,,,,
414,14,MASKED,MASKED_UNFLAGGED,,,,HeCBench/results/llvm17_inject/jacobi/pointer/site414_bit14.out,,,,,,,,,,,,,,,,
414,15,MASKED,MASKED_UNFLAGGED,,,,HeCBench/results/llvm17_inject/jacobi/pointer/site414_bit15.out,,,,,,,,,,,,,,,,
414,16,MASKED,MASKED_UNFLAGGED,,,,HeCBench/results/llvm17_inject/jacobi/pointer/site414_bit16.out,,,,,,,,,,,,,,,,
414,17,MASKED,MASKED_UNFLAGGED,,,,HeCBench/results/llvm17_inject/jacobi/pointer/site414_bit17.out,,,,,,,,,,,,,,,,
414,18,MASKED,MASKED_UNFLAGGED,,,,HeCBench/results/llvm17_inject/jacobi/pointer/site414_bit18.out,,,,,,,,,,,,,,,,
414,19,MASKED,MASKED_UNFLAGGED,,,,HeCBench/results/llvm17_inject/jacobi/pointer/site414_bit19.out,,,,,,,,,,,,,,,,
414,20,MASKED,MASKED_UNFLAGGED,,,,HeCBench/results/llvm17_inject/jacobi/pointer/site414_bit20.out,,,,,,,,,,,,,,,,
414,21,MASKED,MASKED_UNFLAGGED,,,,HeCBench/results/llvm17_inject/jacobi/pointer/site414_bit21.out,,,,,,,,,,,,,,,,
414,22,MASKED,MASKED_UNFLAGGED,,,,HeCBench/results/llvm17_inject/jacobi/pointer/site414_bit22.out,,,,,,,,,,,,,,,,
414,23,MASKED,MASKED_UNFLAGGED,,,,HeCBench/results/llvm17_inject/jacobi/pointer/site414_bit23.out,,,,,,,,,,,,,,,,
414,24,MASKED,MASKED_UNFLAGGED,,,,HeCBench/results/llvm17_inject/jacobi/pointer/site414_bit24.out,,,,,,,,,,,,,,,,
414,25,MASKED,MASKED_UNFLAGGED,,,,HeCBench/results/llvm17_inject/jacobi/pointer/site414_bit25.out,,,,,,,,,,,,,,,,
414,26,MASKED,MASKED_UNFLAGGED,,,,HeCBench/results/llvm17_inject/jacobi/pointer/site414_bit26.out,,,,,,,,,,,,,,,,
414,27,MASKED,MASKED_UNFLAGGED,,,,HeCBench/results/llvm17_inject/jacobi/pointer/site414_bit27.out,,,,,,,,,,,,,,,,
414,28,MASKED,MASKED_UNFLAGGED,,,,HeCBench/results/llvm17_inject/jacobi/pointer/site414_bit28.out,,,,,,,,,,,,,,,,
414,29,MASKED,MASKED_UNFLAGGED,,,,HeCBench/results/llvm17_inject/jacobi/pointer/site414_bit29.out,,,,,,,,,,,,,,,,
414,30,MASKED,MASKED_UNFLAGGED,,,,HeCBench/results/llvm17_inject/jacobi/pointer/site414_bit30.out,,,,,,,,,,,,,,,,
414,31,MASKED,MASKED_UNFLAGGED,,,,HeCBench/results/llvm17_inject/jacobi/pointer/site414_bit31.out,,,,,,,,,,,,,,,,
414,32,MASKED,MASKED_UNFLAGGED,,,,HeCBench/results/llvm17_inject/jacobi/pointer/site414_bit32.out,,,,,,,,,,,,,,,,
414,33,MASKED,MASKED_UNFLAGGED,,,,HeCBench/results/llvm17_inject/jacobi/pointer/site414_bit33.out,,,,,,,,,,,,,,,,
414,34,MASKED,MASKED_UNFLAGGED,,,,HeCBench/results/llvm17_inject/jacobi/pointer/site414_bit34.out,,,,,,,,,,,,,,,,
414,35,MASKED,MASKED_UNFLAGGED,,,,HeCBench/results/llvm17_inject/jacobi/pointer/site414_bit35.out,,,,,,,,,,,,,,,,
414,36,MASKED,MASKED_UNFLAGGED,,,,HeCBench/results/llvm17_inject/jacobi/pointer/site414_bit36.out,,,,,,,,,,,,,,,,
414,37,MASKED,MASKED_UNFLAGGED,,,,HeCBench/results/llvm17_inject/jacobi/pointer/site414_bit37.out,,,,,,,,,,,,,,,,
414,38,MASKED,MASKED_UNFLAGGED,,,,HeCBench/results/llvm17_inject/jacobi/pointer/site414_bit38.out,,,,,,,,,,,,,,,,
414,39,MASKED,MASKED_UNFLAGGED,,,,HeCBench/results/llvm17_inject/jacobi/pointer/site414_bit39.out,,,,,,,,,,,,,,,,
414,40,MASKED,MASKED_UNFLAGGED,,,,HeCBench/results/llvm17_inject/jacobi/pointer/site414_bit40.out,,,,,,,,,,,,,,,,
414,41,MASKED,MASKED_UNFLAGGED,,,,HeCBench/results/llvm17_inject/jacobi/pointer/site414_bit41.out,,,,,,,,,,,,,,,,
414,42,MASKED,MASKED_UNFLAGGED,,,,HeCBench/results/llvm17_inject/jacobi/pointer/site414_bit42.out,,,,,,,,,,,,,,,,
414,43,MASKED,MASKED_UNFLAGGED,,,,HeCBench/results/llvm17_inject/jacobi/pointer/site414_bit43.out,,,,,,,,,,,,,,,,
414,44,MASKED,MASKED_UNFLAGGED,,,,HeCBench/results/llvm17_inject/jacobi/pointer/site414_bit44.out,,,,,,,,,,,,,,,,
414,45,MASKED,MASKED_UNFLAGGED,,,,HeCBench/results/llvm17_inject/jacobi/pointer/site414_bit45.out,,,,,,,,,,,,,,,,
414,46,MASKED,MASKED_UNFLAGGED,,,,HeCBench/results/llvm17_inject/jacobi/pointer/site414_bit46.out,,,,,,,,,,,,,,,,
414,47,MASKED,MASKED_UNFLAGGED,,,,HeCBench/results/llvm17_inject/jacobi/pointer/site414_bit47.out,,,,,,,,,,,,,,,,
414,48,MASKED,MASKED_UNFLAGGED,,,,HeCBench/results/llvm17_inject/jacobi/pointer/site414_bit48.out,,,,,,,,,,,,,,,,
414,49,MASKED,MASKED_UNFLAGGED,,,,HeCBench/results/llvm17_inject/jacobi/pointer/site414_bit49.out,,,,,,,,,,,,,,,,
414,50,MASKED,MASKED_UNFLAGGED,,,,HeCBench/results/llvm17_inject/jacobi/pointer/site414_bit50.out,,,,,,,,,,,,,,,,
414,51,MASKED,MASKED_UNFLAGGED,,,,HeCBench/results/llvm17_inject/jacobi/pointer/site414_bit51.out,,,,,,,,,,,,,,,,
414,52,MASKED,MASKED_UNFLAGGED,,,,HeCBench/results/llvm17_inject/jacobi/pointer/site414_bit52.out,,,,,,,,,,,,,,,,
414,53,MASKED,MASKED_UNFLAGGED,,,,HeCBench/results/llvm17_inject/jacobi/pointer/site414_bit53.out,,,,,,,,,,,,,,,,
414,54,MASKED,MASKED_UNFLAGGED,,,,HeCBench/results/llvm17_inject/jacobi/pointer/site414_bit54.out,,,,,,,,,,,,,,,,
414,55,MASKED,MASKED_UNFLAGGED,,,,HeCBench/results/llvm17_inject/jacobi/pointer/site414_bit55.out,,,,,,,,,,,,,,,,
414,56,MASKED,MASKED_UNFLAGGED,,,,HeCBench/results/llvm17_inject/jacobi/pointer/site414_bit56.out,,,,,,,,,,,,,,,,
414,57,MASKED,MASKED_UNFLAGGED,,,,HeCBench/results/llvm17_inject/jacobi/pointer/site414_bit57.out,,,,,,,,,,,,,,,,
414,58,MASKED,MASKED_UNFLAGGED,,,,HeCBench/results/llvm17_inject/jacobi/pointer/site414_bit58.out,,,,,,,,,,,,,,,,
414,59,MASKED,MASKED_UNFLAGGED,,,,HeCBench/results/llvm17_inject/jacobi/pointer/site414_bit59.out,,,,,,,,,,,,,,,,
414,60,MASKED,MASKED_UNFLAGGED,,,,HeCBench/results/llvm17_inject/jacobi/pointer/site414_bit60.out,,,,,,,,,,,,,,,,
414,61,MASKED,MASKED_UNFLAGGED,,,,HeCBench/results/llvm17_inject/jacobi/pointer/site414_bit61.out,,,,,,,,,,,,,,,,
414,62,MASKED,MASKED_UNFLAGGED,,,,HeCBench/results/llvm17_inject/jacobi/pointer/site414_bit62.out,,,,,,,,,,,,,,,,
414,63,MASKED,MASKED_UNFLAGGED,,,,HeCBench/results/llvm17_inject/jacobi/pointer/site414_bit63.out,,,,,,,,,,,,,,,,
416,0,MASKED,MASKED_UNFLAGGED,,,,HeCBench/results/llvm17_inject/jacobi/pointer/site416_bit0.out,,,,,,,,,,,,,,,,
416,1,MASKED,MASKED_UNFLAGGED,,,,HeCBench/results/llvm17_inject/jacobi/pointer/site416_bit1.out,,,,,,,,,,,,,,,,
416,2,MASKED,MASKED_UNFLAGGED,,,,HeCBench/results/llvm17_inject/jacobi/pointer/site416_bit2.out,,,,,,,,,,,,,,,,
416,3,MASKED,MASKED_UNFLAGGED,,,,HeCBench/results/llvm17_inject/jacobi/pointer/site416_bit3.out,,,,,,,,,,,,,,,,
416,4,MASKED,MASKED_UNFLAGGED,,,,HeCBench/results/llvm17_inject/jacobi/pointer/site416_bit4.out,,,,,,,,,,,,,,,,
416,5,MASKED,MASKED_UNFLAGGED,,,,HeCBench/results/llvm17_inject/jacobi/pointer/site416_bit5.out,,,,,,,,,,,,,,,,
416,6,MASKED,MASKED_UNFLAGGED,,,,HeCBench/results/llvm17_inject/jacobi/pointer/site416_bit6.out,,,,,,,,,,,,,,,,
416,7,MASKED,MASKED_UNFLAGGED,,,,HeCBench/results/llvm17_inject/jacobi/pointer/site416_bit7.out,,,,,,,,,,,,,,,,
416,8,MASKED,MASKED_UNFLAGGED,,,,HeCBench/results/llvm17_inject/jacobi/pointer/site416_bit8.out,,,,,,,,,,,,,,,,
416,9,MASKED,MASKED_UNFLAGGED,,,,HeCBench/results/llvm17_inject/jacobi/pointer/site416_bit9.out,,,,,,,,,,,,,,,,
416,10,MASKED,MASKED_UNFLAGGED,,,,HeCBench/results/llvm17_inject/jacobi/pointer/site416_bit10.out,,,,,,,,,,,,,,,,
416,11,MASKED,MASKED_UNFLAGGED,,,,HeCBench/results/llvm17_inject/jacobi/pointer/site416_bit11.out,,,,,,,,,,,,,,,,
416,12,MASKED,MASKED_UNFLAGGED,,,,HeCBench/results/llvm17_inject/jacobi/pointer/site416_bit12.out,,,,,,,,,,,,,,,,
416,13,MASKED,MASKED_UNFLAGGED,,,,HeCBench/results/llvm17_inject/jacobi/pointer/site416_bit13.out,,,,,,,,,,,,,,,,
416,14,MASKED,MASKED_UNFLAGGED,,,,HeCBench/results/llvm17_inject/jacobi/pointer/site416_bit14.out,,,,,,,,,,,,,,,,
416,15,MASKED,MASKED_UNFLAGGED,,,,HeCBench/results/llvm17_inject/jacobi/pointer/site416_bit15.out,,,,,,,,,,,,,,,,
416,16,MASKED,MASKED_UNFLAGGED,,,,HeCBench/results/llvm17_inject/jacobi/pointer/site416_bit16.out,,,,,,,,,,,,,,,,
416,17,MASKED,MASKED_UNFLAGGED,,,,HeCBench/results/llvm17_inject/jacobi/pointer/site416_bit17.out,,,,,,,,,,,,,,,,
416,18,MASKED,MASKED_UNFLAGGED,,,,HeCBench/results/llvm17_inject/jacobi/pointer/site416_bit18.out,,,,,,,,,,,,,,,,
416,19,MASKED,MASKED_UNFLAGGED,,,,HeCBench/results/llvm17_inject/jacobi/pointer/site416_bit19.out,,,,,,,,,,,,,,,,
416,20,MASKED,MASKED_UNFLAGGED,,,,HeCBench/results/llvm17_inject/jacobi/pointer/site416_bit20.out,,,,,,,,,,,,,,,,
416,21,MASKED,MASKED_UNFLAGGED,,,,HeCBench/results/llvm17_inject/jacobi/pointer/site416_bit21.out,,,,,,,,,,,,,,,,
416,22,MASKED,MASKED_UNFLAGGED,,,,HeCBench/results/llvm17_inject/jacobi/pointer/site416_bit22.out,,,,,,,,,,,,,,,,
416,23,MASKED,MASKED_UNFLAGGED,,,,HeCBench/results/llvm17_inject/jacobi/pointer/site416_bit23.out,,,,,,,,,,,,,,,,
416,24,MASKED,MASKED_UNFLAGGED,,,,HeCBench/results/llvm17_inject/jacobi/pointer/site416_bit24.out,,,,,,,,,,,,,,,,
416,25,MASKED,MASKED_UNFLAGGED,,,,HeCBench/results/llvm17_inject/jacobi/pointer/site416_bit25.out,,,,,,,,,,,,,,,,
416,26,MASKED,MASKED_UNFLAGGED,,,,HeCBench/results/llvm17_inject/jacobi/pointer/site416_bit26.out,,,,,,,,,,,,,,,,
416,27,MASKED,MASKED_UNFLAGGED,,,,HeCBench/results/llvm17_inject/jacobi/pointer/site416_bit27.out,,,,,,,,,,,,,,,,
416,28,MASKED,MASKED_UNFLAGGED,,,,HeCBench/results/llvm17_inject/jacobi/pointer/site416_bit28.out,,,,,,,,,,,,,,,,
416,29,MASKED,MASKED_UNFLAGGED,,,,HeCBench/results/llvm17_inject/jacobi/pointer/site416_bit29.out,,,,,,,,,,,,,,,,
416,30,MASKED,MASKED_UNFLAGGED,,,,HeCBench/results/llvm17_inject/jacobi/pointer/site416_bit30.out,,,,,,,,,,,,,,,,
416,31,MASKED,MASKED_UNFLAGGED,,,,HeCBench/results/llvm17_inject/jacobi/pointer/site416_bit31.out,,,,,,,,,,,,,,,,
416,32,MASKED,MASKED_UNFLAGGED,,,,HeCBench/results/llvm17_inject/jacobi/pointer/site416_bit32.out,,,,,,,,,,,,,,,,
416,33,MASKED,MASKED_UNFLAGGED,,,,HeCBench/results/llvm17_inject/jacobi/pointer/site416_bit33.out,,,,,,,,,,,,,,,,
416,34,MASKED,MASKED_UNFLAGGED,,,,HeCBench/results/llvm17_inject/jacobi/pointer/site416_bit34.out,,,,,,,,,,,,,,,,
416,35,MASKED,MASKED_UNFLAGGED,,,,HeCBench/results/llvm17_inject/jacobi/pointer/site416_bit35.out,,,,,,,,,,,,,,,,
416,36,MASKED,MASKED_UNFLAGGED,,,,HeCBench/results/llvm17_inject/jacobi/pointer/site416_bit36.out,,,,,,,,,,,,,,,,
416,37,MASKED,MASKED_UNFLAGGED,,,,HeCBench/results/llvm17_inject/jacobi/pointer/site416_bit37.out,,,,,,,,,,,,,,,,
416,38,MASKED,MASKED_UNFLAGGED,,,,HeCBench/results/llvm17_inject/jacobi/pointer/site416_bit38.out,,,,,,,,,,,,,,,,
416,39,MASKED,MASKED_UNFLAGGED,,,,HeCBench/results/llvm17_inject/jacobi/pointer/site416_bit39.out,,,,,,,,,,,,,,,,
416,40,MASKED,MASKED_UNFLAGGED,,,,HeCBench/results/llvm17_inject/jacobi/pointer/site416_bit40.out,,,,,,,,,,,,,,,,
416,41,MASKED,MASKED_UNFLAGGED,,,,HeCBench/results/llvm17_inject/jacobi/pointer/site416_bit41.out,,,,,,,,,,,,,,,,
416,42,MASKED,MASKED_UNFLAGGED,,,,HeCBench/results/llvm17_inject/jacobi/pointer/site416_bit42.out,,,,,,,,,,,,,,,,
416,43,MASKED,MASKED_UNFLAGGED,,,,HeCBench/results/llvm17_inject/jacobi/pointer/site416_bit43.out,,,,,,,,,,,,,,,,
416,44,MASKED,MASKED_UNFLAGGED,,,,HeCBench/results/llvm17_inject/jacobi/pointer/site416_bit44.out,,,,,,,,,,,,,,,,
416,45,MASKED,MASKED_UNFLAGGED,,,,HeCBench/results/llvm17_inject/jacobi/pointer/site416_bit45.out,,,,,,,,,,,,,,,,
416,46,MASKED,MASKED_UNFLAGGED,,,,HeCBench/results/llvm17_inject/jacobi/pointer/site416_bit46.out,,,,,,,,,,,,,,,,
416,47,MASKED,MASKED_UNFLAGGED,,,,HeCBench/results/llvm17_inject/jacobi/pointer/site416_bit47.out,,,,,,,,,,,,,,,,
416,48,MASKED,MASKED_UNFLAGGED,,,,HeCBench/results/llvm17_inject/jacobi/pointer/site416_bit48.out,,,,,,,,,,,,,,,,
416,49,MASKED,MASKED_UNFLAGGED,,,,HeCBench/results/llvm17_inject/jacobi/pointer/site416_bit49.out,,,,,,,,,,,,,,,,
416,50,MASKED,MASKED_UNFLAGGED,,,,HeCBench/results/llvm17_inject/jacobi/pointer/site416_bit50.out,,,,,,,,,,,,,,,,
416,51,MASKED,MASKED_UNFLAGGED,,,,HeCBench/results/llvm17_inject/jacobi/pointer/site416_bit51.out,,,,,,,,,,,,,,,,
416,52,MASKED,MASKED_UNFLAGGED,,,,HeCBench/results/llvm17_inject/jacobi/pointer/site416_bit52.out,,,,,,,,,,,,,,,,
416,53,MASKED,MASKED_UNFLAGGED,,,,HeCBench/results/llvm17_inject/jacobi/pointer/site416_bit53.out,,,,,,,,,,,,,,,,
416,54,MASKED,MASKED_UNFLAGGED,,,,HeCBench/results/llvm17_inject/jacobi/pointer/site416_bit54.out,,,,,,,,,,,,,,,,
416,55,MASKED,MASKED_UNFLAGGED,,,,HeCBench/results/llvm17_inject/jacobi/pointer/site416_bit55.out,,,,,,,,,,,,,,,,
416,56,MASKED,MASKED_UNFLAGGED,,,,HeCBench/results/llvm17_inject/jacobi/pointer/site416_bit56.out,,,,,,,,,,,,,,,,
416,57,MASKED,MASKED_UNFLAGGED,,,,HeCBench/results/llvm17_inject/jacobi/pointer/site416_bit57.out,,,,,,,,,,,,,,,,
416,58,MASKED,MASKED_UNFLAGGED,,,,HeCBench/results/llvm17_inject/jacobi/pointer/site416_bit58.out,,,,,,,,,,,,,,,,
416,59,MASKED,MASKED_UNFLAGGED,,,,HeCBench/results/llvm17_inject/jacobi/pointer/site416_bit59.out,,,,,,,,,,,,,,,,
416,60,MASKED,MASKED_UNFLAGGED,,,,HeCBench/results/llvm17_inject/jacobi/pointer/site416_bit60.out,,,,,,,,,,,,,,,,
416,61,MASKED,MASKED_UNFLAGGED,,,,HeCBench/results/llvm17_inject/jacobi/pointer/site416_bit61.out,,,,,,,,,,,,,,,,
416,62,MASKED,MASKED_UNFLAGGED,,,,HeCBench/results/llvm17_inject/jacobi/pointer/site416_bit62.out,,,,,,,,,,,,,,,,
416,63,MASKED,MASKED_UNFLAGGED,,,,HeCBench/results/llvm17_inject/jacobi/pointer/site416_bit63.out,,,,,,,,,,,,,,,,
423,0,MASKED,MASKED_UNFLAGGED,,,,HeCBench/results/llvm17_inject/jacobi/pointer/site423_bit0.out,,,,,,,,,,,,,,,,
423,1,MASKED,MASKED_UNFLAGGED,,,,HeCBench/results/llvm17_inject/jacobi/pointer/site423_bit1.out,,,,,,,,,,,,,,,,
423,2,MASKED,MASKED_UNFLAGGED,,,,HeCBench/results/llvm17_inject/jacobi/pointer/site423_bit2.out,,,,,,,,,,,,,,,,
423,3,MASKED,MASKED_UNFLAGGED,,,,HeCBench/results/llvm17_inject/jacobi/pointer/site423_bit3.out,,,,,,,,,,,,,,,,
423,4,MASKED,MASKED_UNFLAGGED,,,,HeCBench/results/llvm17_inject/jacobi/pointer/site423_bit4.out,,,,,,,,,,,,,,,,
423,5,MASKED,MASKED_UNFLAGGED,,,,HeCBench/results/llvm17_inject/jacobi/pointer/site423_bit5.out,,,,,,,,,,,,,,,,
423,6,MASKED,MASKED_UNFLAGGED,,,,HeCBench/results/llvm17_inject/jacobi/pointer/site423_bit6.out,,,,,,,,,,,,,,,,
423,7,MASKED,MASKED_UNFLAGGED,,,,HeCBench/results/llvm17_inject/jacobi/pointer/site423_bit7.out,,,,,,,,,,,,,,,,
423,8,MASKED,MASKED_UNFLAGGED,,,,HeCBench/results/llvm17_inject/jacobi/pointer/site423_bit8.out,,,,,,,,,,,,,,,,
423,9,MASKED,MASKED_UNFLAGGED,,,,HeCBench/results/llvm17_inject/jacobi/pointer/site423_bit9.out,,,,,,,,,,,,,,,,
423,10,MASKED,MASKED_UNFLAGGED,,,,HeCBench/results/llvm17_inject/jacobi/pointer/site423_bit10.out,,,,,,,,,,,,,,,,
423,11,MASKED,MASKED_UNFLAGGED,,,,HeCBench/results/llvm17_inject/jacobi/pointer/site423_bit11.out,,,,,,,,,,,,,,,,
423,12,MASKED,MASKED_UNFLAGGED,,,,HeCBench/results/llvm17_inject/jacobi/pointer/site423_bit12.out,,,,,,,,,,,,,,,,
423,13,MASKED,MASKED_UNFLAGGED,,,,HeCBench/results/llvm17_inject/jacobi/pointer/site423_bit13.out,,,,,,,,,,,,,,,,
423,14,MASKED,MASKED_UNFLAGGED,,,,HeCBench/results/llvm17_inject/jacobi/pointer/site423_bit14.out,,,,,,,,,,,,,,,,
423,15,MASKED,MASKED_UNFLAGGED,,,,HeCBench/results/llvm17_inject/jacobi/pointer/site423_bit15.out,,,,,,,,,,,,,,,,
423,16,MASKED,MASKED_UNFLAGGED,,,,HeCBench/results/llvm17_inject/jacobi/pointer/site423_bit16.out,,,,,,,,,,,,,,,,
423,17,MASKED,MASKED_UNFLAGGED,,,,HeCBench/results/llvm17_inject/jacobi/pointer/site423_bit17.out,,,,,,,,,,,,,,,,
423,18,MASKED,MASKED_UNFLAGGED,,,,HeCBench/results/llvm17_inject/jacobi/pointer/site423_bit18.out,,,,,,,,,,,,,,,,
423,19,MASKED,MASKED_UNFLAGGED,,,,HeCBench/results/llvm17_inject/jacobi/pointer/site423_bit19.out,,,,,,,,,,,,,,,,
423,20,MASKED,MASKED_UNFLAGGED,,,,HeCBench/results/llvm17_inject/jacobi/pointer/site423_bit20.out,,,,,,,,,,,,,,,,
423,21,MASKED,MASKED_UNFLAGGED,,,,HeCBench/results/llvm17_inject/jacobi/pointer/site423_bit21.out,,,,,,,,,,,,,,,,
423,22,MASKED,MASKED_UNFLAGGED,,,,HeCBench/results/llvm17_inject/jacobi/pointer/site423_bit22.out,,,,,,,,,,,,,,,,
423,23,MASKED,MASKED_UNFLAGGED,,,,HeCBench/results/llvm17_inject/jacobi/pointer/site423_bit23.out,,,,,,,,,,,,,,,,
423,24,MASKED,MASKED_UNFLAGGED,,,,HeCBench/results/llvm17_inject/jacobi/pointer/site423_bit24.out,,,,,,,,,,,,,,,,
423,25,MASKED,MASKED_UNFLAGGED,,,,HeCBench/results/llvm17_inject/jacobi/pointer/site423_bit25.out,,,,,,,,,,,,,,,,
423,26,MASKED,MASKED_UNFLAGGED,,,,HeCBench/results/llvm17_inject/jacobi/pointer/site423_bit26.out,,,,,,,,,,,,,,,,
423,27,MASKED,MASKED_UNFLAGGED,,,,HeCBench/results/llvm17_inject/jacobi/pointer/site423_bit27.out,,,,,,,,,,,,,,,,
423,28,MASKED,MASKED_UNFLAGGED,,,,HeCBench/results/llvm17_inject/jacobi/pointer/site423_bit28.out,,,,,,,,,,,,,,,,
423,29,MASKED,MASKED_UNFLAGGED,,,,HeCBench/results/llvm17_inject/jacobi/pointer/site423_bit29.out,,,,,,,,,,,,,,,,
423,30,MASKED,MASKED_UNFLAGGED,,,,HeCBench/results/llvm17_inject/jacobi/pointer/site423_bit30.out,,,,,,,,,,,,,,,,
423,31,MASKED,MASKED_UNFLAGGED,,,,HeCBench/results/llvm17_inject/jacobi/pointer/site423_bit31.out,,,,,,,,,,,,,,,,
423,32,MASKED,MASKED_UNFLAGGED,,,,HeCBench/results/llvm17_inject/jacobi/pointer/site423_bit32.out,,,,,,,,,,,,,,,,
423,33,MASKED,MASKED_UNFLAGGED,,,,HeCBench/results/llvm17_inject/jacobi/pointer/site423_bit33.out,,,,,,,,,,,,,,,,
423,34,MASKED,MASKED_UNFLAGGED,,,,HeCBench/results/llvm17_inject/jacobi/pointer/site423_bit34.out,,,,,,,,,,,,,,,,
423,35,MASKED,MASKED_UNFLAGGED,,,,HeCBench/results/llvm17_inject/jacobi/pointer/site423_bit35.out,,,,,,,,,,,,,,,,
423,36,MASKED,MASKED_UNFLAGGED,,,,HeCBench/results/llvm17_inject/jacobi/pointer/site423_bit36.out,,,,,,,,,,,,,,,,
423,37,MASKED,MASKED_UNFLAGGED,,,,HeCBench/results/llvm17_inject/jacobi/pointer/site423_bit37.out,,,,,,,,,,,,,,,,
423,38,MASKED,MASKED_UNFLAGGED,,,,HeCBench/results/llvm17_inject/jacobi/pointer/site423_bit38.out,,,,,,,,,,,,,,,,
423,39,MASKED,MASKED_UNFLAGGED,,,,HeCBench/results/llvm17_inject/jacobi/pointer/site423_bit39.out,,,,,,,,,,,,,,,,
423,40,MASKED,MASKED_UNFLAGGED,,,,HeCBench/results/llvm17_inject/jacobi/pointer/site423_bit40.out,,,,,,,,,,,,,,,,
423,41,MASKED,MASKED_UNFLAGGED,,,,HeCBench/results/llvm17_inject/jacobi/pointer/site423_bit41.out,,,,,,,,,,,,,,,,
423,42,MASKED,MASKED_UNFLAGGED,,,,HeCBench/results/llvm17_inject/jacobi/pointer/site423_bit42.out,,,,,,,,,,,,,,,,
423,43,MASKED,MASKED_UNFLAGGED,,,,HeCBench/results/llvm17_inject/jacobi/pointer/site423_bit43.out,,,,,,,,,,,,,,,,
423,44,MASKED,MASKED_UNFLAGGED,,,,HeCBench/results/llvm17_inject/jacobi/pointer/site423_bit44.out,,,,,,,,,,,,,,,,
423,45,MASKED,MASKED_UNFLAGGED,,,,HeCBench/results/llvm17_inject/jacobi/pointer/site423_bit45.out,,,,,,,,,,,,,,,,
423,46,MASKED,MASKED_UNFLAGGED,,,,HeCBench/results/llvm17_inject/jacobi/pointer/site423_bit46.out,,,,,,,,,,,,,,,,
423,47,MASKED,MASKED_UNFLAGGED,,,,HeCBench/results/llvm17_inject/jacobi/pointer/site423_bit47.out,,,,,,,,,,,,,,,,
423,48,MASKED,MASKED_UNFLAGGED,,,,HeCBench/results/llvm17_inject/jacobi/pointer/site423_bit48.out,,,,,,,,,,,,,,,,
423,49,MASKED,MASKED_UNFLAGGED,,,,HeCBench/results/llvm17_inject/jacobi/pointer/site423_bit49.out,,,,,,,,,,,,,,,,
423,50,MASKED,MASKED_UNFLAGGED,,,,HeCBench/results/llvm17_inject/jacobi/pointer/site423_bit50.out,,,,,,,,,,,,,,,,
423,51,MASKED,MASKED_UNFLAGGED,,,,HeCBench/results/llvm17_inject/jacobi/pointer/site423_bit51.out,,,,,,,,,,,,,,,,
423,52,MASKED,MASKED_UNFLAGGED,,,,HeCBench/results/llvm17_inject/jacobi/pointer/site423_bit52.out,,,,,,,,,,,,,,,,
423,53,MASKED,MASKED_UNFLAGGED,,,,HeCBench/results/llvm17_inject/jacobi/pointer/site423_bit53.out,,,,,,,,,,,,,,,,
423,54,MASKED,MASKED_UNFLAGGED,,,,HeCBench/results/llvm17_inject/jacobi/pointer/site423_bit54.out,,,,,,,,,,,,,,,,
423,55,MASKED,MASKED_UNFLAGGED,,,,HeCBench/results/llvm17_inject/jacobi/pointer/site423_bit55.out,,,,,,,,,,,,,,,,
423,56,MASKED,MASKED_UNFLAGGED,,,,HeCBench/results/llvm17_inject/jacobi/pointer/site423_bit56.out,,,,,,,,,,,,,,,,
423,57,MASKED,MASKED_UNFLAGGED,,,,HeCBench/results/llvm17_inject/jacobi/pointer/site423_bit57.out,,,,,,,,,,,,,,,,
423,58,MASKED,MASKED_UNFLAGGED,,,,HeCBench/results/llvm17_inject/jacobi/pointer/site423_bit58.out,,,,,,,,,,,,,,,,
423,59,MASKED,MASKED_UNFLAGGED,,,,HeCBench/results/llvm17_inject/jacobi/pointer/site423_bit59.out,,,,,,,,,,,,,,,,
423,60,MASKED,MASKED_UNFLAGGED,,,,HeCBench/results/llvm17_inject/jacobi/pointer/site423_bit60.out,,,,,,,,,,,,,,,,
423,61,MASKED,MASKED_UNFLAGGED,,,,HeCBench/results/llvm17_inject/jacobi/pointer/site423_bit61.out,,,,,,,,,,,,,,,,
423,62,MASKED,MASKED_UNFLAGGED,,,,HeCBench/results/llvm17_inject/jacobi/pointer/site423_bit62.out,,,,,,,,,,,,,,,,
423,63,MASKED,MASKED_UNFLAGGED,,,,HeCBench/results/llvm17_inject/jacobi/pointer/site423_bit63.out,,,,,,,,,,,,,,,,
446,0,MASKED,MASKED_UNFLAGGED,,,,HeCBench/results/llvm17_inject/jacobi/pointer/site446_bit0.out,,,,,,,,,,,,,,,,
446,1,MASKED,MASKED_UNFLAGGED,,,,HeCBench/results/llvm17_inject/jacobi/pointer/site446_bit1.out,,,,,,,,,,,,,,,,
446,2,MASKED,MASKED_UNFLAGGED,,,,HeCBench/results/llvm17_inject/jacobi/pointer/site446_bit2.out,,,,,,,,,,,,,,,,
446,3,MASKED,MASKED_UNFLAGGED,,,,HeCBench/results/llvm17_inject/jacobi/pointer/site446_bit3.out,,,,,,,,,,,,,,,,
446,4,MASKED,MASKED_UNFLAGGED,,,,HeCBench/results/llvm17_inject/jacobi/pointer/site446_bit4.out,,,,,,,,,,,,,,,,
446,5,MASKED,MASKED_UNFLAGGED,,,,HeCBench/results/llvm17_inject/jacobi/pointer/site446_bit5.out,,,,,,,,,,,,,,,,
446,6,MASKED,MASKED_UNFLAGGED,,,,HeCBench/results/llvm17_inject/jacobi/pointer/site446_bit6.out,,,,,,,,,,,,,,,,
446,7,MASKED,MASKED_UNFLAGGED,,,,HeCBench/results/llvm17_inject/jacobi/pointer/site446_bit7.out,,,,,,,,,,,,,,,,
446,8,MASKED,MASKED_UNFLAGGED,,,,HeCBench/results/llvm17_inject/jacobi/pointer/site446_bit8.out,,,,,,,,,,,,,,,,
446,9,MASKED,MASKED_UNFLAGGED,,,,HeCBench/results/llvm17_inject/jacobi/pointer/site446_bit9.out,,,,,,,,,,,,,,,,
446,10,MASKED,MASKED_UNFLAGGED,,,,HeCBench/results/llvm17_inject/jacobi/pointer/site446_bit10.out,,,,,,,,,,,,,,,,
446,11,MASKED,MASKED_UNFLAGGED,,,,HeCBench/results/llvm17_inject/jacobi/pointer/site446_bit11.out,,,,,,,,,,,,,,,,
446,12,MASKED,MASKED_UNFLAGGED,,,,HeCBench/results/llvm17_inject/jacobi/pointer/site446_bit12.out,,,,,,,,,,,,,,,,
446,13,MASKED,MASKED_UNFLAGGED,,,,HeCBench/results/llvm17_inject/jacobi/pointer/site446_bit13.out,,,,,,,,,,,,,,,,
446,14,MASKED,MASKED_UNFLAGGED,,,,HeCBench/results/llvm17_inject/jacobi/pointer/site446_bit14.out,,,,,,,,,,,,,,,,
446,15,MASKED,MASKED_UNFLAGGED,,,,HeCBench/results/llvm17_inject/jacobi/pointer/site446_bit15.out,,,,,,,,,,,,,,,,
446,16,MASKED,MASKED_UNFLAGGED,,,,HeCBench/results/llvm17_inject/jacobi/pointer/site446_bit16.out,,,,,,,,,,,,,,,,
446,17,MASKED,MASKED_UNFLAGGED,,,,HeCBench/results/llvm17_inject/jacobi/pointer/site446_bit17.out,,,,,,,,,,,,,,,,
446,18,MASKED,MASKED_UNFLAGGED,,,,HeCBench/results/llvm17_inject/jacobi/pointer/site446_bit18.out,,,,,,,,,,,,,,,,
446,19,MASKED,MASKED_UNFLAGGED,,,,HeCBench/results/llvm17_inject/jacobi/pointer/site446_bit19.out,,,,,,,,,,,,,,,,
446,20,MASKED,MASKED_UNFLAGGED,,,,HeCBench/results/llvm17_inject/jacobi/pointer/site446_bit20.out,,,,,,,,,,,,,,,,
446,21,MASKED,MASKED_UNFLAGGED,,,,HeCBench/results/llvm17_inject/jacobi/pointer/site446_bit21.out,,,,,,,,,,,,,,,,
446,22,MASKED,MASKED_UNFLAGGED,,,,HeCBench/results/llvm17_inject/jacobi/pointer/site446_bit22.out,,,,,,,,,,,,,,,,
446,23,MASKED,MASKED_UNFLAGGED,,,,HeCBench/results/llvm17_inject/jacobi/pointer/site446_bit23.out,,,,,,,,,,,,,,,,
446,24,MASKED,MASKED_UNFLAGGED,,,,HeCBench/results/llvm17_inject/jacobi/pointer/site446_bit24.out,,,,,,,,,,,,,,,,
446,25,MASKED,MASKED_UNFLAGGED,,,,HeCBench/results/llvm17_inject/jacobi/pointer/site446_bit25.out,,,,,,,,,,,,,,,,
446,26,MASKED,MASKED_UNFLAGGED,,,,HeCBench/results/llvm17_inject/jacobi/pointer/site446_bit26.out,,,,,,,,,,,,,,,,
446,27,MASKED,MASKED_UNFLAGGED,,,,HeCBench/results/llvm17_inject/jacobi/pointer/site446_bit27.out,,,,,,,,,,,,,,,,
446,28,MASKED,MASKED_UNFLAGGED,,,,HeCBench/results/llvm17_inject/jacobi/pointer/site446_bit28.out,,,,,,,,,,,,,,,,
446,29,MASKED,MASKED_UNFLAGGED,,,,HeCBench/results/llvm17_inject/jacobi/pointer/site446_bit29.out,,,,,,,,,,,,,,,,
446,30,MASKED,MASKED_UNFLAGGED,,,,HeCBench/results/llvm17_inject/jacobi/pointer/site446_bit30.out,,,,,,,,,,,,,,,,
446,31,MASKED,MASKED_UNFLAGGED,,,,HeCBench/results/llvm17_inject/jacobi/pointer/site446_bit31.out,,,,,,,,,,,,,,,,
446,32,MASKED,MASKED_UNFLAGGED,,,,HeCBench/results/llvm17_inject/jacobi/pointer/site446_bit32.out,,,,,,,,,,,,,,,,
446,33,MASKED,MASKED_UNFLAGGED,,,,HeCBench/results/llvm17_inject/jacobi/pointer/site446_bit33.out,,,,,,,,,,,,,,,,
446,34,MASKED,MASKED_UNFLAGGED,,,,HeCBench/results/llvm17_inject/jacobi/pointer/site446_bit34.out,,,,,,,,,,,,,,,,
446,35,MASKED,MASKED_UNFLAGGED,,,,HeCBench/results/llvm17_inject/jacobi/pointer/site446_bit35.out,,,,,,,,,,,,,,,,
446,36,MASKED,MASKED_UNFLAGGED,,,,HeCBench/results/llvm17_inject/jacobi/pointer/site446_bit36.out,,,,,,,,,,,,,,,,
446,37,MASKED,MASKED_UNFLAGGED,,,,HeCBench/results/llvm17_inject/jacobi/pointer/site446_bit37.out,,,,,,,,,,,,,,,,
446,38,MASKED,MASKED_UNFLAGGED,,,,HeCBench/results/llvm17_inject/jacobi/pointer/site446_bit38.out,,,,,,,,,,,,,,,,
446,39,MASKED,MASKED_UNFLAGGED,,,,HeCBench/results/llvm17_inject/jacobi/pointer/site446_bit39.out,,,,,,,,,,,,,,,,
446,40,MASKED,MASKED_UNFLAGGED,,,,HeCBench/results/llvm17_inject/jacobi/pointer/site446_bit40.out,,,,,,,,,,,,,,,,
446,41,MASKED,MASKED_UNFLAGGED,,,,HeCBench/results/llvm17_inject/jacobi/pointer/site446_bit41.out,,,,,,,,,,,,,,,,
446,42,MASKED,MASKED_UNFLAGGED,,,,HeCBench/results/llvm17_inject/jacobi/pointer/site446_bit42.out,,,,,,,,,,,,,,,,
446,43,MASKED,MASKED_UNFLAGGED,,,,HeCBench/results/llvm17_inject/jacobi/pointer/site446_bit43.out,,,,,,,,,,,,,,,,
446,44,MASKED,MASKED_UNFLAGGED,,,,HeCBench/results/llvm17_inject/jacobi/pointer/site446_bit44.out,,,,,,,,,,,,,,,,
446,45,MASKED,MASKED_UNFLAGGED,,,,HeCBench/results/llvm17_inject/jacobi/pointer/site446_bit45.out,,,,,,,,,,,,,,,,
446,46,MASKED,MASKED_UNFLAGGED,,,,HeCBench/results/llvm17_inject/jacobi/pointer/site446_bit46.out,,,,,,,,,,,,,,,,
446,47,MASKED,MASKED_UNFLAGGED,,,,HeCBench/results/llvm17_inject/jacobi/pointer/site446_bit47.out,,,,,,,,,,,,,,,,
446,48,MASKED,MASKED_UNFLAGGED,,,,HeCBench/results/llvm17_inject/jacobi/pointer/site446_bit48.out,,,,,,,,,,,,,,,,
446,49,MASKED,MASKED_UNFLAGGED,,,,HeCBench/results/llvm17_inject/jacobi/pointer/site446_bit49.out,,,,,,,,,,,,,,,,
446,50,MASKED,MASKED_UNFLAGGED,,,,HeCBench/results/llvm17_inject/jacobi/pointer/site446_bit50.out,,,,,,,,,,,,,,,,
446,51,MASKED,MASKED_UNFLAGGED,,,,HeCBench/results/llvm17_inject/jacobi/pointer/site446_bit51.out,,,,,,,,,,,,,,,,
446,52,MASKED,MASKED_UNFLAGGED,,,,HeCBench/results/llvm17_inject/jacobi/pointer/site446_bit52.out,,,,,,,,,,,,,,,,
446,53,MASKED,MASKED_UNFLAGGED,,,,HeCBench/results/llvm17_inject/jacobi/pointer/site446_bit53.out,,,,,,,,,,,,,,,,
446,54,MASKED,MASKED_UNFLAGGED,,,,HeCBench/results/llvm17_inject/jacobi/pointer/site446_bit54.out,,,,,,,,,,,,,,,,
446,55,MASKED,MASKED_UNFLAGGED,,,,HeCBench/results/llvm17_inject/jacobi/pointer/site446_bit55.out,,,,,,,,,,,,,,,,
446,56,MASKED,MASKED_UNFLAGGED,,,,HeCBench/results/llvm17_inject/jacobi/pointer/site446_bit56.out,,,,,,,,,,,,,,,,
446,57,MASKED,MASKED_UNFLAGGED,,,,HeCBench/results/llvm17_inject/jacobi/pointer/site446_bit57.out,,,,,,,,,,,,,,,,
446,58,MASKED,MASKED_UNFLAGGED,,,,HeCBench/results/llvm17_inject/jacobi/pointer/site446_bit58.out,,,,,,,,,,,,,,,,
446,59,MASKED,MASKED_UNFLAGGED,,,,HeCBench/results/llvm17_inject/jacobi/pointer/site446_bit59.out,,,,,,,,,,,,,,,,
446,60,MASKED,MASKED_UNFLAGGED,,,,HeCBench/results/llvm17_inject/jacobi/pointer/site446_bit60.out,,,,,,,,,,,,,,,,
446,61,MASKED,MASKED_UNFLAGGED,,,,HeCBench/results/llvm17_inject/jacobi/pointer/site446_bit61.out,,,,,,,,,,,,,,,,
446,62,MASKED,MASKED_UNFLAGGED,,,,HeCBench/results/llvm17_inject/jacobi/pointer/site446_bit62.out,,,,,,,,,,,,,,,,
446,63,MASKED,MASKED_UNFLAGGED,,,,HeCBench/results/llvm17_inject/jacobi/pointer/site446_bit63.out,,,,,,,,,,,,,,,,
447,0,MASKED,MASKED_UNFLAGGED,,,,HeCBench/results/llvm17_inject/jacobi/pointer/site447_bit0.out,,,,,,,,,,,,,,,,
447,1,MASKED,MASKED_UNFLAGGED,,,,HeCBench/results/llvm17_inject/jacobi/pointer/site447_bit1.out,,,,,,,,,,,,,,,,
447,2,MASKED,MASKED_UNFLAGGED,,,,HeCBench/results/llvm17_inject/jacobi/pointer/site447_bit2.out,,,,,,,,,,,,,,,,
447,3,MASKED,MASKED_UNFLAGGED,,,,HeCBench/results/llvm17_inject/jacobi/pointer/site447_bit3.out,,,,,,,,,,,,,,,,
447,4,MASKED,MASKED_UNFLAGGED,,,,HeCBench/results/llvm17_inject/jacobi/pointer/site447_bit4.out,,,,,,,,,,,,,,,,
447,5,MASKED,MASKED_UNFLAGGED,,,,HeCBench/results/llvm17_inject/jacobi/pointer/site447_bit5.out,,,,,,,,,,,,,,,,
447,6,MASKED,MASKED_UNFLAGGED,,,,HeCBench/results/llvm17_inject/jacobi/pointer/site447_bit6.out,,,,,,,,,,,,,,,,
447,7,MASKED,MASKED_UNFLAGGED,,,,HeCBench/results/llvm17_inject/jacobi/pointer/site447_bit7.out,,,,,,,,,,,,,,,,
447,8,MASKED,MASKED_UNFLAGGED,,,,HeCBench/results/llvm17_inject/jacobi/pointer/site447_bit8.out,,,,,,,,,,,,,,,,
447,9,MASKED,MASKED_UNFLAGGED,,,,HeCBench/results/llvm17_inject/jacobi/pointer/site447_bit9.out,,,,,,,,,,,,,,,,
447,10,MASKED,MASKED_UNFLAGGED,,,,HeCBench/results/llvm17_inject/jacobi/pointer/site447_bit10.out,,,,,,,,,,,,,,,,
447,11,MASKED,MASKED_UNFLAGGED,,,,HeCBench/results/llvm17_inject/jacobi/pointer/site447_bit11.out,,,,,,,,,,,,,,,,
447,12,MASKED,MASKED_UNFLAGGED,,,,HeCBench/results/llvm17_inject/jacobi/pointer/site447_bit12.out,,,,,,,,,,,,,,,,
447,13,MASKED,MASKED_UNFLAGGED,,,,HeCBench/results/llvm17_inject/jacobi/pointer/site447_bit13.out,,,,,,,,,,,,,,,,
447,14,MASKED,MASKED_UNFLAGGED,,,,HeCBench/results/llvm17_inject/jacobi/pointer/site447_bit14.out,,,,,,,,,,,,,,,,
447,15,MASKED,MASKED_UNFLAGGED,,,,HeCBench/results/llvm17_inject/jacobi/pointer/site447_bit15.out,,,,,,,,,,,,,,,,
447,16,MASKED,MASKED_UNFLAGGED,,,,HeCBench/results/llvm17_inject/jacobi/pointer/site447_bit16.out,,,,,,,,,,,,,,,,
447,17,MASKED,MASKED_UNFLAGGED,,,,HeCBench/results/llvm17_inject/jacobi/pointer/site447_bit17.out,,,,,,,,,,,,,,,,
447,18,MASKED,MASKED_UNFLAGGED,,,,HeCBench/results/llvm17_inject/jacobi/pointer/site447_bit18.out,,,,,,,,,,,,,,,,
447,19,MASKED,MASKED_UNFLAGGED,,,,HeCBench/results/llvm17_inject/jacobi/pointer/site447_bit19.out,,,,,,,,,,,,,,,,
447,20,MASKED,MASKED_UNFLAGGED,,,,HeCBench/results/llvm17_inject/jacobi/pointer/site447_bit20.out,,,,,,,,,,,,,,,,
447,21,MASKED,MASKED_UNFLAGGED,,,,HeCBench/results/llvm17_inject/jacobi/pointer/site447_bit21.out,,,,,,,,,,,,,,,,
447,22,MASKED,MASKED_UNFLAGGED,,,,HeCBench/results/llvm17_inject/jacobi/pointer/site447_bit22.out,,,,,,,,,,,,,,,,
447,23,MASKED,MASKED_UNFLAGGED,,,,HeCBench/results/llvm17_inject/jacobi/pointer/site447_bit23.out,,,,,,,,,,,,,,,,
447,24,MASKED,MASKED_UNFLAGGED,,,,HeCBench/results/llvm17_inject/jacobi/pointer/site447_bit24.out,,,,,,,,,,,,,,,,
447,25,MASKED,MASKED_UNFLAGGED,,,,HeCBench/results/llvm17_inject/jacobi/pointer/site447_bit25.out,,,,,,,,,,,,,,,,
447,26,MASKED,MASKED_UNFLAGGED,,,,HeCBench/results/llvm17_inject/jacobi/pointer/site447_bit26.out,,,,,,,,,,,,,,,,
447,27,MASKED,MASKED_UNFLAGGED,,,,HeCBench/results/llvm17_inject/jacobi/pointer/site447_bit27.out,,,,,,,,,,,,,,,,
447,28,MASKED,MASKED_UNFLAGGED,,,,HeCBench/results/llvm17_inject/jacobi/pointer/site447_bit28.out,,,,,,,,,,,,,,,,
447,29,MASKED,MASKED_UNFLAGGED,,,,HeCBench/results/llvm17_inject/jacobi/pointer/site447_bit29.out,,,,,,,,,,,,,,,,
447,30,MASKED,MASKED_UNFLAGGED,,,,HeCBench/results/llvm17_inject/jacobi/pointer/site447_bit30.out,,,,,,,,,,,,,,,,
447,31,MASKED,MASKED_UNFLAGGED,,,,HeCBench/results/llvm17_inject/jacobi/pointer/site447_bit31.out,,,,,,,,,,,,,,,,
447,32,MASKED,MASKED_UNFLAGGED,,,,HeCBench/results/llvm17_inject/jacobi/pointer/site447_bit32.out,,,,,,,,,,,,,,,,
447,33,MASKED,MASKED_UNFLAGGED,,,,HeCBench/results/llvm17_inject/jacobi/pointer/site447_bit33.out,,,,,,,,,,,,,,,,
447,34,MASKED,MASKED_UNFLAGGED,,,,HeCBench/results/llvm17_inject/jacobi/pointer/site447_bit34.out,,,,,,,,,,,,,,,,
447,35,MASKED,MASKED_UNFLAGGED,,,,HeCBench/results/llvm17_inject/jacobi/pointer/site447_bit35.out,,,,,,,,,,,,,,,,
447,36,MASKED,MASKED_UNFLAGGED,,,,HeCBench/results/llvm17_inject/jacobi/pointer/site447_bit36.out,,,,,,,,,,,,,,,,
447,37,MASKED,MASKED_UNFLAGGED,,,,HeCBench/results/llvm17_inject/jacobi/pointer/site447_bit37.out,,,,,,,,,,,,,,,,
447,38,MASKED,MASKED_UNFLAGGED,,,,HeCBench/results/llvm17_inject/jacobi/pointer/site447_bit38.out,,,,,,,,,,,,,,,,
447,39,MASKED,MASKED_UNFLAGGED,,,,HeCBench/results/llvm17_inject/jacobi/pointer/site447_bit39.out,,,,,,,,,,,,,,,,
447,40,MASKED,MASKED_UNFLAGGED,,,,HeCBench/results/llvm17_inject/jacobi/pointer/site447_bit40.out,,,,,,,,,,,,,,,,
447,41,MASKED,MASKED_UNFLAGGED,,,,HeCBench/results/llvm17_inject/jacobi/pointer/site447_bit41.out,,,,,,,,,,,,,,,,
447,42,MASKED,MASKED_UNFLAGGED,,,,HeCBench/results/llvm17_inject/jacobi/pointer/site447_bit42.out,,,,,,,,,,,,,,,,
447,43,MASKED,MASKED_UNFLAGGED,,,,HeCBench/results/llvm17_inject/jacobi/pointer/site447_bit43.out,,,,,,,,,,,,,,,,
447,44,MASKED,MASKED_UNFLAGGED,,,,HeCBench/results/llvm17_inject/jacobi/pointer/site447_bit44.out,,,,,,,,,,,,,,,,
447,45,MASKED,MASKED_UNFLAGGED,,,,HeCBench/results/llvm17_inject/jacobi/pointer/site447_bit45.out,,,,,,,,,,,,,,,,
447,46,MASKED,MASKED_UNFLAGGED,,,,HeCBench/results/llvm17_inject/jacobi/pointer/site447_bit46.out,,,,,,,,,,,,,,,,
447,47,MASKED,MASKED_UNFLAGGED,,,,HeCBench/results/llvm17_inject/jacobi/pointer/site447_bit47.out,,,,,,,,,,,,,,,,
447,48,MASKED,MASKED_UNFLAGGED,,,,HeCBench/results/llvm17_inject/jacobi/pointer/site447_bit48.out,,,,,,,,,,,,,,,,
447,49,MASKED,MASKED_UNFLAGGED,,,,HeCBench/results/llvm17_inject/jacobi/pointer/site447_bit49.out,,,,,,,,,,,,,,,,
447,50,MASKED,MASKED_UNFLAGGED,,,,HeCBench/results/llvm17_inject/jacobi/pointer/site447_bit50.out,,,,,,,,,,,,,,,,
447,51,MASKED,MASKED_UNFLAGGED,,,,HeCBench/results/llvm17_inject/jacobi/pointer/site447_bit51.out,,,,,,,,,,,,,,,,
447,52,MASKED,MASKED_UNFLAGGED,,,,HeCBench/results/llvm17_inject/jacobi/pointer/site447_bit52.out,,,,,,,,,,,,,,,,
447,53,MASKED,MASKED_UNFLAGGED,,,,HeCBench/results/llvm17_inject/jacobi/pointer/site447_bit53.out,,,,,,,,,,,,,,,,
447,54,MASKED,MASKED_UNFLAGGED,,,,HeCBench/results/llvm17_inject/jacobi/pointer/site447_bit54.out,,,,,,,,,,,,,,,,
447,55,MASKED,MASKED_UNFLAGGED,,,,HeCBench/results/llvm17_inject/jacobi/pointer/site447_bit55.out,,,,,,,,,,,,,,,,
447,56,MASKED,MASKED_UNFLAGGED,,,,HeCBench/results/llvm17_inject/jacobi/pointer/site447_bit56.out,,,,,,,,,,,,,,,,
447,57,MASKED,MASKED_UNFLAGGED,,,,HeCBench/results/llvm17_inject/jacobi/pointer/site447_bit57.out,,,,,,,,,,,,,,,,
447,58,MASKED,MASKED_UNFLAGGED,,,,HeCBench/results/llvm17_inject/jacobi/pointer/site447_bit58.out,,,,,,,,,,,,,,,,
447,59,MASKED,MASKED_UNFLAGGED,,,,HeCBench/results/llvm17_inject/jacobi/pointer/site447_bit59.out,,,,,,,,,,,,,,,,
447,60,MASKED,MASKED_UNFLAGGED,,,,HeCBench/results/llvm17_inject/jacobi/pointer/site447_bit60.out,,,,,,,,,,,,,,,,
447,61,MASKED,MASKED_UNFLAGGED,,,,HeCBench/results/llvm17_inject/jacobi/pointer/site447_bit61.out,,,,,,,,,,,,,,,,
447,62,MASKED,MASKED_UNFLAGGED,,,,HeCBench/results/llvm17_inject/jacobi/pointer/site447_bit62.out,,,,,,,,,,,,,,,,
447,63,MASKED,MASKED_UNFLAGGED,,,,HeCBench/results/llvm17_inject/jacobi/pointer/site447_bit63.out,,,,,,,,,,,,,,,,
462,0,MASKED,MASKED_UNFLAGGED,,,,HeCBench/results/llvm17_inject/jacobi/pointer/site462_bit0.out,,,,,,,,,,,,,,,,
462,1,MASKED,MASKED_UNFLAGGED,,,,HeCBench/results/llvm17_inject/jacobi/pointer/site462_bit1.out,,,,,,,,,,,,,,,,
462,2,MASKED,MASKED_UNFLAGGED,,,,HeCBench/results/llvm17_inject/jacobi/pointer/site462_bit2.out,,,,,,,,,,,,,,,,
462,3,MASKED,MASKED_UNFLAGGED,,,,HeCBench/results/llvm17_inject/jacobi/pointer/site462_bit3.out,,,,,,,,,,,,,,,,
462,4,MASKED,MASKED_UNFLAGGED,,,,HeCBench/results/llvm17_inject/jacobi/pointer/site462_bit4.out,,,,,,,,,,,,,,,,
462,5,MASKED,MASKED_UNFLAGGED,,,,HeCBench/results/llvm17_inject/jacobi/pointer/site462_bit5.out,,,,,,,,,,,,,,,,
462,6,MASKED,MASKED_UNFLAGGED,,,,HeCBench/results/llvm17_inject/jacobi/pointer/site462_bit6.out,,,,,,,,,,,,,,,,
462,7,MASKED,MASKED_UNFLAGGED,,,,HeCBench/results/llvm17_inject/jacobi/pointer/site462_bit7.out,,,,,,,,,,,,,,,,
462,8,MASKED,MASKED_UNFLAGGED,,,,HeCBench/results/llvm17_inject/jacobi/pointer/site462_bit8.out,,,,,,,,,,,,,,,,
462,9,MASKED,MASKED_UNFLAGGED,,,,HeCBench/results/llvm17_inject/jacobi/pointer/site462_bit9.out,,,,,,,,,,,,,,,,
462,10,MASKED,MASKED_UNFLAGGED,,,,HeCBench/results/llvm17_inject/jacobi/pointer/site462_bit10.out,,,,,,,,,,,,,,,,
462,11,MASKED,MASKED_UNFLAGGED,,,,HeCBench/results/llvm17_inject/jacobi/pointer/site462_bit11.out,,,,,,,,,,,,,,,,
462,12,MASKED,MASKED_UNFLAGGED,,,,HeCBench/results/llvm17_inject/jacobi/pointer/site462_bit12.out,,,,,,,,,,,,,,,,
462,13,MASKED,MASKED_UNFLAGGED,,,,HeCBench/results/llvm17_inject/jacobi/pointer/site462_bit13.out,,,,,,,,,,,,,,,,
462,14,MASKED,MASKED_UNFLAGGED,,,,HeCBench/results/llvm17_inject/jacobi/pointer/site462_bit14.out,,,,,,,,,,,,,,,,
462,15,MASKED,MASKED_UNFLAGGED,,,,HeCBench/results/llvm17_inject/jacobi/pointer/site462_bit15.out,,,,,,,,,,,,,,,,
462,16,MASKED,MASKED_UNFLAGGED,,,,HeCBench/results/llvm17_inject/jacobi/pointer/site462_bit16.out,,,,,,,,,,,,,,,,
462,17,MASKED,MASKED_UNFLAGGED,,,,HeCBench/results/llvm17_inject/jacobi/pointer/site462_bit17.out,,,,,,,,,,,,,,,,
462,18,MASKED,MASKED_UNFLAGGED,,,,HeCBench/results/llvm17_inject/jacobi/pointer/site462_bit18.out,,,,,,,,,,,,,,,,
462,19,MASKED,MASKED_UNFLAGGED,,,,HeCBench/results/llvm17_inject/jacobi/pointer/site462_bit19.out,,,,,,,,,,,,,,,,
462,20,MASKED,MASKED_UNFLAGGED,,,,HeCBench/results/llvm17_inject/jacobi/pointer/site462_bit20.out,,,,,,,,,,,,,,,,
462,21,MASKED,MASKED_UNFLAGGED,,,,HeCBench/results/llvm17_inject/jacobi/pointer/site462_bit21.out,,,,,,,,,,,,,,,,
462,22,MASKED,MASKED_UNFLAGGED,,,,HeCBench/results/llvm17_inject/jacobi/pointer/site462_bit22.out,,,,,,,,,,,,,,,,
462,23,MASKED,MASKED_UNFLAGGED,,,,HeCBench/results/llvm17_inject/jacobi/pointer/site462_bit23.out,,,,,,,,,,,,,,,,
462,24,MASKED,MASKED_UNFLAGGED,,,,HeCBench/results/llvm17_inject/jacobi/pointer/site462_bit24.out,,,,,,,,,,,,,,,,
462,25,MASKED,MASKED_UNFLAGGED,,,,HeCBench/results/llvm17_inject/jacobi/pointer/site462_bit25.out,,,,,,,,,,,,,,,,
462,26,MASKED,MASKED_UNFLAGGED,,,,HeCBench/results/llvm17_inject/jacobi/pointer/site462_bit26.out,,,,,,,,,,,,,,,,
462,27,MASKED,MASKED_UNFLAGGED,,,,HeCBench/results/llvm17_inject/jacobi/pointer/site462_bit27.out,,,,,,,,,,,,,,,,
462,28,MASKED,MASKED_UNFLAGGED,,,,HeCBench/results/llvm17_inject/jacobi/pointer/site462_bit28.out,,,,,,,,,,,,,,,,
462,29,MASKED,MASKED_UNFLAGGED,,,,HeCBench/results/llvm17_inject/jacobi/pointer/site462_bit29.out,,,,,,,,,,,,,,,,
462,30,MASKED,MASKED_UNFLAGGED,,,,HeCBench/results/llvm17_inject/jacobi/pointer/site462_bit30.out,,,,,,,,,,,,,,,,
462,31,MASKED,MASKED_UNFLAGGED,,,,HeCBench/results/llvm17_inject/jacobi/pointer/site462_bit31.out,,,,,,,,,,,,,,,,
462,32,MASKED,MASKED_UNFLAGGED,,,,HeCBench/results/llvm17_inject/jacobi/pointer/site462_bit32.out,,,,,,,,,,,,,,,,
462,33,MASKED,MASKED_UNFLAGGED,,,,HeCBench/results/llvm17_inject/jacobi/pointer/site462_bit33.out,,,,,,,,,,,,,,,,
462,34,MASKED,MASKED_UNFLAGGED,,,,HeCBench/results/llvm17_inject/jacobi/pointer/site462_bit34.out,,,,,,,,,,,,,,,,
462,35,MASKED,MASKED_UNFLAGGED,,,,HeCBench/results/llvm17_inject/jacobi/pointer/site462_bit35.out,,,,,,,,,,,,,,,,
462,36,MASKED,MASKED_UNFLAGGED,,,,HeCBench/results/llvm17_inject/jacobi/pointer/site462_bit36.out,,,,,,,,,,,,,,,,
462,37,MASKED,MASKED_UNFLAGGED,,,,HeCBench/results/llvm17_inject/jacobi/pointer/site462_bit37.out,,,,,,,,,,,,,,,,
462,38,MASKED,MASKED_UNFLAGGED,,,,HeCBench/results/llvm17_inject/jacobi/pointer/site462_bit38.out,,,,,,,,,,,,,,,,
462,39,MASKED,MASKED_UNFLAGGED,,,,HeCBench/results/llvm17_inject/jacobi/pointer/site462_bit39.out,,,,,,,,,,,,,,,,
462,40,MASKED,MASKED_UNFLAGGED,,,,HeCBench/results/llvm17_inject/jacobi/pointer/site462_bit40.out,,,,,,,,,,,,,,,,
462,41,MASKED,MASKED_UNFLAGGED,,,,HeCBench/results/llvm17_inject/jacobi/pointer/site462_bit41.out,,,,,,,,,,,,,,,,
462,42,MASKED,MASKED_UNFLAGGED,,,,HeCBench/results/llvm17_inject/jacobi/pointer/site462_bit42.out,,,,,,,,,,,,,,,,
462,43,MASKED,MASKED_UNFLAGGED,,,,HeCBench/results/llvm17_inject/jacobi/pointer/site462_bit43.out,,,,,,,,,,,,,,,,
462,44,MASKED,MASKED_UNFLAGGED,,,,HeCBench/results/llvm17_inject/jacobi/pointer/site462_bit44.out,,,,,,,,,,,,,,,,
462,45,MASKED,MASKED_UNFLAGGED,,,,HeCBench/results/llvm17_inject/jacobi/pointer/site462_bit45.out,,,,,,,,,,,,,,,,
462,46,MASKED,MASKED_UNFLAGGED,,,,HeCBench/results/llvm17_inject/jacobi/pointer/site462_bit46.out,,,,,,,,,,,,,,,,
462,47,MASKED,MASKED_UNFLAGGED,,,,HeCBench/results/llvm17_inject/jacobi/pointer/site462_bit47.out,,,,,,,,,,,,,,,,
462,48,MASKED,MASKED_UNFLAGGED,,,,HeCBench/results/llvm17_inject/jacobi/pointer/site462_bit48.out,,,,,,,,,,,,,,,,
462,49,MASKED,MASKED_UNFLAGGED,,,,HeCBench/results/llvm17_inject/jacobi/pointer/site462_bit49.out,,,,,,,,,,,,,,,,
462,50,MASKED,MASKED_UNFLAGGED,,,,HeCBench/results/llvm17_inject/jacobi/pointer/site462_bit50.out,,,,,,,,,,,,,,,,
462,51,MASKED,MASKED_UNFLAGGED,,,,HeCBench/results/llvm17_inject/jacobi/pointer/site462_bit51.out,,,,,,,,,,,,,,,,
462,52,MASKED,MASKED_UNFLAGGED,,,,HeCBench/results/llvm17_inject/jacobi/pointer/site462_bit52.out,,,,,,,,,,,,,,,,
462,53,MASKED,MASKED_UNFLAGGED,,,,HeCBench/results/llvm17_inject/jacobi/pointer/site462_bit53.out,,,,,,,,,,,,,,,,
462,54,MASKED,MASKED_UNFLAGGED,,,,HeCBench/results/llvm17_inject/jacobi/pointer/site462_bit54.out,,,,,,,,,,,,,,,,
462,55,MASKED,MASKED_UNFLAGGED,,,,HeCBench/results/llvm17_inject/jacobi/pointer/site462_bit55.out,,,,,,,,,,,,,,,,
462,56,MASKED,MASKED_UNFLAGGED,,,,HeCBench/results/llvm17_inject/jacobi/pointer/site462_bit56.out,,,,,,,,,,,,,,,,
462,57,MASKED,MASKED_UNFLAGGED,,,,HeCBench/results/llvm17_inject/jacobi/pointer/site462_bit57.out,,,,,,,,,,,,,,,,
462,58,MASKED,MASKED_UNFLAGGED,,,,HeCBench/results/llvm17_inject/jacobi/pointer/site462_bit58.out,,,,,,,,,,,,,,,,
462,59,MASKED,MASKED_UNFLAGGED,,,,HeCBench/results/llvm17_inject/jacobi/pointer/site462_bit59.out,,,,,,,,,,,,,,,,
462,60,MASKED,MASKED_UNFLAGGED,,,,HeCBench/results/llvm17_inject/jacobi/pointer/site462_bit60.out,,,,,,,,,,,,,,,,
462,61,MASKED,MASKED_UNFLAGGED,,,,HeCBench/results/llvm17_inject/jacobi/pointer/site462_bit61.out,,,,,,,,,,,,,,,,
462,62,MASKED,MASKED_UNFLAGGED,,,,HeCBench/results/llvm17_inject/jacobi/pointer/site462_bit62.out,,,,,,,,,,,,,,,,
462,63,MASKED,MASKED_UNFLAGGED,,,,HeCBench/results/llvm17_inject/jacobi/pointer/site462_bit63.out,,,,,,,,,,,,,,,,
474,0,MASKED,MASKED_UNFLAGGED,,,,HeCBench/results/llvm17_inject/jacobi/pointer/site474_bit0.out,,,,,,,,,,,,,,,,
474,1,MASKED,MASKED_UNFLAGGED,,,,HeCBench/results/llvm17_inject/jacobi/pointer/site474_bit1.out,,,,,,,,,,,,,,,,
474,2,MASKED,MASKED_UNFLAGGED,,,,HeCBench/results/llvm17_inject/jacobi/pointer/site474_bit2.out,,,,,,,,,,,,,,,,
474,3,MASKED,MASKED_UNFLAGGED,,,,HeCBench/results/llvm17_inject/jacobi/pointer/site474_bit3.out,,,,,,,,,,,,,,,,
474,4,MASKED,MASKED_UNFLAGGED,,,,HeCBench/results/llvm17_inject/jacobi/pointer/site474_bit4.out,,,,,,,,,,,,,,,,
474,5,MASKED,MASKED_UNFLAGGED,,,,HeCBench/results/llvm17_inject/jacobi/pointer/site474_bit5.out,,,,,,,,,,,,,,,,
474,6,MASKED,MASKED_UNFLAGGED,,,,HeCBench/results/llvm17_inject/jacobi/pointer/site474_bit6.out,,,,,,,,,,,,,,,,
474,7,MASKED,MASKED_UNFLAGGED,,,,HeCBench/results/llvm17_inject/jacobi/pointer/site474_bit7.out,,,,,,,,,,,,,,,,
474,8,MASKED,MASKED_UNFLAGGED,,,,HeCBench/results/llvm17_inject/jacobi/pointer/site474_bit8.out,,,,,,,,,,,,,,,,
474,9,MASKED,MASKED_UNFLAGGED,,,,HeCBench/results/llvm17_inject/jacobi/pointer/site474_bit9.out,,,,,,,,,,,,,,,,
474,10,MASKED,MASKED_UNFLAGGED,,,,HeCBench/results/llvm17_inject/jacobi/pointer/site474_bit10.out,,,,,,,,,,,,,,,,
474,11,MASKED,MASKED_UNFLAGGED,,,,HeCBench/results/llvm17_inject/jacobi/pointer/site474_bit11.out,,,,,,,,,,,,,,,,
474,12,MASKED,MASKED_UNFLAGGED,,,,HeCBench/results/llvm17_inject/jacobi/pointer/site474_bit12.out,,,,,,,,,,,,,,,,
474,13,MASKED,MASKED_UNFLAGGED,,,,HeCBench/results/llvm17_inject/jacobi/pointer/site474_bit13.out,,,,,,,,,,,,,,,,
474,14,MASKED,MASKED_UNFLAGGED,,,,HeCBench/results/llvm17_inject/jacobi/pointer/site474_bit14.out,,,,,,,,,,,,,,,,
474,15,MASKED,MASKED_UNFLAGGED,,,,HeCBench/results/llvm17_inject/jacobi/pointer/site474_bit15.out,,,,,,,,,,,,,,,,
474,16,MASKED,MASKED_UNFLAGGED,,,,HeCBench/results/llvm17_inject/jacobi/pointer/site474_bit16.out,,,,,,,,,,,,,,,,
474,17,MASKED,MASKED_UNFLAGGED,,,,HeCBench/results/llvm17_inject/jacobi/pointer/site474_bit17.out,,,,,,,,,,,,,,,,
474,18,MASKED,MASKED_UNFLAGGED,,,,HeCBench/results/llvm17_inject/jacobi/pointer/site474_bit18.out,,,,,,,,,,,,,,,,
474,19,MASKED,MASKED_UNFLAGGED,,,,HeCBench/results/llvm17_inject/jacobi/pointer/site474_bit19.out,,,,,,,,,,,,,,,,
474,20,MASKED,MASKED_UNFLAGGED,,,,HeCBench/results/llvm17_inject/jacobi/pointer/site474_bit20.out,,,,,,,,,,,,,,,,
474,21,MASKED,MASKED_UNFLAGGED,,,,HeCBench/results/llvm17_inject/jacobi/pointer/site474_bit21.out,,,,,,,,,,,,,,,,
474,22,MASKED,MASKED_UNFLAGGED,,,,HeCBench/results/llvm17_inject/jacobi/pointer/site474_bit22.out,,,,,,,,,,,,,,,,
474,23,MASKED,MASKED_UNFLAGGED,,,,HeCBench/results/llvm17_inject/jacobi/pointer/site474_bit23.out,,,,,,,,,,,,,,,,
474,24,MASKED,MASKED_UNFLAGGED,,,,HeCBench/results/llvm17_inject/jacobi/pointer/site474_bit24.out,,,,,,,,,,,,,,,,
474,25,MASKED,MASKED_UNFLAGGED,,,,HeCBench/results/llvm17_inject/jacobi/pointer/site474_bit25.out,,,,,,,,,,,,,,,,
474,26,MASKED,MASKED_UNFLAGGED,,,,HeCBench/results/llvm17_inject/jacobi/pointer/site474_bit26.out,,,,,,,,,,,,,,,,
474,27,MASKED,MASKED_UNFLAGGED,,,,HeCBench/results/llvm17_inject/jacobi/pointer/site474_bit27.out,,,,,,,,,,,,,,,,
474,28,MASKED,MASKED_UNFLAGGED,,,,HeCBench/results/llvm17_inject/jacobi/pointer/site474_bit28.out,,,,,,,,,,,,,,,,
474,29,MASKED,MASKED_UNFLAGGED,,,,HeCBench/results/llvm17_inject/jacobi/pointer/site474_bit29.out,,,,,,,,,,,,,,,,
474,30,MASKED,MASKED_UNFLAGGED,,,,HeCBench/results/llvm17_inject/jacobi/pointer/site474_bit30.out,,,,,,,,,,,,,,,,
474,31,MASKED,MASKED_UNFLAGGED,,,,HeCBench/results/llvm17_inject/jacobi/pointer/site474_bit31.out,,,,,,,,,,,,,,,,
474,32,MASKED,MASKED_UNFLAGGED,,,,HeCBench/results/llvm17_inject/jacobi/pointer/site474_bit32.out,,,,,,,,,,,,,,,,
474,33,MASKED,MASKED_UNFLAGGED,,,,HeCBench/results/llvm17_inject/jacobi/pointer/site474_bit33.out,,,,,,,,,,,,,,,,
474,34,MASKED,MASKED_UNFLAGGED,,,,HeCBench/results/llvm17_inject/jacobi/pointer/site474_bit34.out,,,,,,,,,,,,,,,,
474,35,MASKED,MASKED_UNFLAGGED,,,,HeCBench/results/llvm17_inject/jacobi/pointer/site474_bit35.out,,,,,,,,,,,,,,,,
474,36,MASKED,MASKED_UNFLAGGED,,,,HeCBench/results/llvm17_inject/jacobi/pointer/site474_bit36.out,,,,,,,,,,,,,,,,
474,37,MASKED,MASKED_UNFLAGGED,,,,HeCBench/results/llvm17_inject/jacobi/pointer/site474_bit37.out,,,,,,,,,,,,,,,,
474,38,MASKED,MASKED_UNFLAGGED,,,,HeCBench/results/llvm17_inject/jacobi/pointer/site474_bit38.out,,,,,,,,,,,,,,,,
474,39,MASKED,MASKED_UNFLAGGED,,,,HeCBench/results/llvm17_inject/jacobi/pointer/site474_bit39.out,,,,,,,,,,,,,,,,
474,40,MASKED,MASKED_UNFLAGGED,,,,HeCBench/results/llvm17_inject/jacobi/pointer/site474_bit40.out,,,,,,,,,,,,,,,,
474,41,MASKED,MASKED_UNFLAGGED,,,,HeCBench/results/llvm17_inject/jacobi/pointer/site474_bit41.out,,,,,,,,,,,,,,,,
474,42,MASKED,MASKED_UNFLAGGED,,,,HeCBench/results/llvm17_inject/jacobi/pointer/site474_bit42.out,,,,,,,,,,,,,,,,
474,43,MASKED,MASKED_UNFLAGGED,,,,HeCBench/results/llvm17_inject/jacobi/pointer/site474_bit43.out,,,,,,,,,,,,,,,,
474,44,MASKED,MASKED_UNFLAGGED,,,,HeCBench/results/llvm17_inject/jacobi/pointer/site474_bit44.out,,,,,,,,,,,,,,,,
474,45,MASKED,MASKED_UNFLAGGED,,,,HeCBench/results/llvm17_inject/jacobi/pointer/site474_bit45.out,,,,,,,,,,,,,,,,
474,46,MASKED,MASKED_UNFLAGGED,,,,HeCBench/results/llvm17_inject/jacobi/pointer/site474_bit46.out,,,,,,,,,,,,,,,,
474,47,MASKED,MASKED_UNFLAGGED,,,,HeCBench/results/llvm17_inject/jacobi/pointer/site474_bit47.out,,,,,,,,,,,,,,,,
474,48,MASKED,MASKED_UNFLAGGED,,,,HeCBench/results/llvm17_inject/jacobi/pointer/site474_bit48.out,,,,,,,,,,,,,,,,
474,49,MASKED,MASKED_UNFLAGGED,,,,HeCBench/results/llvm17_inject/jacobi/pointer/site474_bit49.out,,,,,,,,,,,,,,,,
474,50,MASKED,MASKED_UNFLAGGED,,,,HeCBench/results/llvm17_inject/jacobi/pointer/site474_bit50.out,,,,,,,,,,,,,,,,
474,51,MASKED,MASKED_UNFLAGGED,,,,HeCBench/results/llvm17_inject/jacobi/pointer/site474_bit51.out,,,,,,,,,,,,,,,,
474,52,MASKED,MASKED_UNFLAGGED,,,,HeCBench/results/llvm17_inject/jacobi/pointer/site474_bit52.out,,,,,,,,,,,,,,,,
474,53,MASKED,MASKED_UNFLAGGED,,,,HeCBench/results/llvm17_inject/jacobi/pointer/site474_bit53.out,,,,,,,,,,,,,,,,
474,54,MASKED,MASKED_UNFLAGGED,,,,HeCBench/results/llvm17_inject/jacobi/pointer/site474_bit54.out,,,,,,,,,,,,,,,,
474,55,MASKED,MASKED_UNFLAGGED,,,,HeCBench/results/llvm17_inject/jacobi/pointer/site474_bit55.out,,,,,,,,,,,,,,,,
474,56,MASKED,MASKED_UNFLAGGED,,,,HeCBench/results/llvm17_inject/jacobi/pointer/site474_bit56.out,,,,,,,,,,,,,,,,
474,57,MASKED,MASKED_UNFLAGGED,,,,HeCBench/results/llvm17_inject/jacobi/pointer/site474_bit57.out,,,,,,,,,,,,,,,,
474,58,MASKED,MASKED_UNFLAGGED,,,,HeCBench/results/llvm17_inject/jacobi/pointer/site474_bit58.out,,,,,,,,,,,,,,,,
474,59,MASKED,MASKED_UNFLAGGED,,,,HeCBench/results/llvm17_inject/jacobi/pointer/site474_bit59.out,,,,,,,,,,,,,,,,
474,60,MASKED,MASKED_UNFLAGGED,,,,HeCBench/results/llvm17_inject/jacobi/pointer/site474_bit60.out,,,,,,,,,,,,,,,,
474,61,MASKED,MASKED_UNFLAGGED,,,,HeCBench/results/llvm17_inject/jacobi/pointer/site474_bit61.out,,,,,,,,,,,,,,,,
474,62,MASKED,MASKED_UNFLAGGED,,,,HeCBench/results/llvm17_inject/jacobi/pointer/site474_bit62.out,,,,,,,,,,,,,,,,
474,63,MASKED,MASKED_UNFLAGGED,,,,HeCBench/results/llvm17_inject/jacobi/pointer/site474_bit63.out,,,,,,,,,,,,,,,,
482,0,MASKED,MASKED_UNFLAGGED,,,,HeCBench/results/llvm17_inject/jacobi/pointer/site482_bit0.out,,,,,,,,,,,,,,,,
482,1,MASKED,MASKED_UNFLAGGED,,,,HeCBench/results/llvm17_inject/jacobi/pointer/site482_bit1.out,,,,,,,,,,,,,,,,
482,2,MASKED,MASKED_UNFLAGGED,,,,HeCBench/results/llvm17_inject/jacobi/pointer/site482_bit2.out,,,,,,,,,,,,,,,,
482,3,MASKED,MASKED_UNFLAGGED,,,,HeCBench/results/llvm17_inject/jacobi/pointer/site482_bit3.out,,,,,,,,,,,,,,,,
482,4,MASKED,MASKED_UNFLAGGED,,,,HeCBench/results/llvm17_inject/jacobi/pointer/site482_bit4.out,,,,,,,,,,,,,,,,
482,5,MASKED,MASKED_UNFLAGGED,,,,HeCBench/results/llvm17_inject/jacobi/pointer/site482_bit5.out,,,,,,,,,,,,,,,,
482,6,MASKED,MASKED_UNFLAGGED,,,,HeCBench/results/llvm17_inject/jacobi/pointer/site482_bit6.out,,,,,,,,,,,,,,,,
482,7,MASKED,MASKED_UNFLAGGED,,,,HeCBench/results/llvm17_inject/jacobi/pointer/site482_bit7.out,,,,,,,,,,,,,,,,
482,8,MASKED,MASKED_UNFLAGGED,,,,HeCBench/results/llvm17_inject/jacobi/pointer/site482_bit8.out,,,,,,,,,,,,,,,,
482,9,MASKED,MASKED_UNFLAGGED,,,,HeCBench/results/llvm17_inject/jacobi/pointer/site482_bit9.out,,,,,,,,,,,,,,,,
482,10,MASKED,MASKED_UNFLAGGED,,,,HeCBench/results/llvm17_inject/jacobi/pointer/site482_bit10.out,,,,,,,,,,,,,,,,
482,11,MASKED,MASKED_UNFLAGGED,,,,HeCBench/results/llvm17_inject/jacobi/pointer/site482_bit11.out,,,,,,,,,,,,,,,,
482,12,MASKED,MASKED_UNFLAGGED,,,,HeCBench/results/llvm17_inject/jacobi/pointer/site482_bit12.out,,,,,,,,,,,,,,,,
482,13,MASKED,MASKED_UNFLAGGED,,,,HeCBench/results/llvm17_inject/jacobi/pointer/site482_bit13.out,,,,,,,,,,,,,,,,
482,14,MASKED,MASKED_UNFLAGGED,,,,HeCBench/results/llvm17_inject/jacobi/pointer/site482_bit14.out,,,,,,,,,,,,,,,,
482,15,MASKED,MASKED_UNFLAGGED,,,,HeCBench/results/llvm17_inject/jacobi/pointer/site482_bit15.out,,,,,,,,,,,,,,,,
482,16,MASKED,MASKED_UNFLAGGED,,,,HeCBench/results/llvm17_inject/jacobi/pointer/site482_bit16.out,,,,,,,,,,,,,,,,
482,17,MASKED,MASKED_UNFLAGGED,,,,HeCBench/results/llvm17_inject/jacobi/pointer/site482_bit17.out,,,,,,,,,,,,,,,,
482,18,MASKED,MASKED_UNFLAGGED,,,,HeCBench/results/llvm17_inject/jacobi/pointer/site482_bit18.out,,,,,,,,,,,,,,,,
482,19,MASKED,MASKED_UNFLAGGED,,,,HeCBench/results/llvm17_inject/jacobi/pointer/site482_bit19.out,,,,,,,,,,,,,,,,
482,20,MASKED,MASKED_UNFLAGGED,,,,HeCBench/results/llvm17_inject/jacobi/pointer/site482_bit20.out,,,,,,,,,,,,,,,,
482,21,MASKED,MASKED_UNFLAGGED,,,,HeCBench/results/llvm17_inject/jacobi/pointer/site482_bit21.out,,,,,,,,,,,,,,,,
482,22,MASKED,MASKED_UNFLAGGED,,,,HeCBench/results/llvm17_inject/jacobi/pointer/site482_bit22.out,,,,,,,,,,,,,,,,
482,23,MASKED,MASKED_UNFLAGGED,,,,HeCBench/results/llvm17_inject/jacobi/pointer/site482_bit23.out,,,,,,,,,,,,,,,,
482,24,MASKED,MASKED_UNFLAGGED,,,,HeCBench/results/llvm17_inject/jacobi/pointer/site482_bit24.out,,,,,,,,,,,,,,,,
482,25,MASKED,MASKED_UNFLAGGED,,,,HeCBench/results/llvm17_inject/jacobi/pointer/site482_bit25.out,,,,,,,,,,,,,,,,
482,26,MASKED,MASKED_UNFLAGGED,,,,HeCBench/results/llvm17_inject/jacobi/pointer/site482_bit26.out,,,,,,,,,,,,,,,,
482,27,MASKED,MASKED_UNFLAGGED,,,,HeCBench/results/llvm17_inject/jacobi/pointer/site482_bit27.out,,,,,,,,,,,,,,,,
482,28,MASKED,MASKED_UNFLAGGED,,,,HeCBench/results/llvm17_inject/jacobi/pointer/site482_bit28.out,,,,,,,,,,,,,,,,
482,29,MASKED,MASKED_UNFLAGGED,,,,HeCBench/results/llvm17_inject/jacobi/pointer/site482_bit29.out,,,,,,,,,,,,,,,,
482,30,MASKED,MASKED_UNFLAGGED,,,,HeCBench/results/llvm17_inject/jacobi/pointer/site482_bit30.out,,,,,,,,,,,,,,,,
482,31,MASKED,MASKED_UNFLAGGED,,,,HeCBench/results/llvm17_inject/jacobi/pointer/site482_bit31.out,,,,,,,,,,,,,,,,
482,32,MASKED,MASKED_UNFLAGGED,,,,HeCBench/results/llvm17_inject/jacobi/pointer/site482_bit32.out,,,,,,,,,,,,,,,,
482,33,MASKED,MASKED_UNFLAGGED,,,,HeCBench/results/llvm17_inject/jacobi/pointer/site482_bit33.out,,,,,,,,,,,,,,,,
482,34,MASKED,MASKED_UNFLAGGED,,,,HeCBench/results/llvm17_inject/jacobi/pointer/site482_bit34.out,,,,,,,,,,,,,,,,
482,35,MASKED,MASKED_UNFLAGGED,,,,HeCBench/results/llvm17_inject/jacobi/pointer/site482_bit35.out,,,,,,,,,,,,,,,,
482,36,MASKED,MASKED_UNFLAGGED,,,,HeCBench/results/llvm17_inject/jacobi/pointer/site482_bit36.out,,,,,,,,,,,,,,,,
482,37,MASKED,MASKED_UNFLAGGED,,,,HeCBench/results/llvm17_inject/jacobi/pointer/site482_bit37.out,,,,,,,,,,,,,,,,
482,38,MASKED,MASKED_UNFLAGGED,,,,HeCBench/results/llvm17_inject/jacobi/pointer/site482_bit38.out,,,,,,,,,,,,,,,,
482,39,MASKED,MASKED_UNFLAGGED,,,,HeCBench/results/llvm17_inject/jacobi/pointer/site482_bit39.out,,,,,,,,,,,,,,,,
482,40,MASKED,MASKED_UNFLAGGED,,,,HeCBench/results/llvm17_inject/jacobi/pointer/site482_bit40.out,,,,,,,,,,,,,,,,
482,41,MASKED,MASKED_UNFLAGGED,,,,HeCBench/results/llvm17_inject/jacobi/pointer/site482_bit41.out,,,,,,,,,,,,,,,,
482,42,MASKED,MASKED_UNFLAGGED,,,,HeCBench/results/llvm17_inject/jacobi/pointer/site482_bit42.out,,,,,,,,,,,,,,,,
482,43,MASKED,MASKED_UNFLAGGED,,,,HeCBench/results/llvm17_inject/jacobi/pointer/site482_bit43.out,,,,,,,,,,,,,,,,
482,44,MASKED,MASKED_UNFLAGGED,,,,HeCBench/results/llvm17_inject/jacobi/pointer/site482_bit44.out,,,,,,,,,,,,,,,,
482,45,MASKED,MASKED_UNFLAGGED,,,,HeCBench/results/llvm17_inject/jacobi/pointer/site482_bit45.out,,,,,,,,,,,,,,,,
482,46,MASKED,MASKED_UNFLAGGED,,,,HeCBench/results/llvm17_inject/jacobi/pointer/site482_bit46.out,,,,,,,,,,,,,,,,
482,47,MASKED,MASKED_UNFLAGGED,,,,HeCBench/results/llvm17_inject/jacobi/pointer/site482_bit47.out,,,,,,,,,,,,,,,,
482,48,MASKED,MASKED_UNFLAGGED,,,,HeCBench/results/llvm17_inject/jacobi/pointer/site482_bit48.out,,,,,,,,,,,,,,,,
482,49,MASKED,MASKED_UNFLAGGED,,,,HeCBench/results/llvm17_inject/jacobi/pointer/site482_bit49.out,,,,,,,,,,,,,,,,
482,50,MASKED,MASKED_UNFLAGGED,,,,HeCBench/results/llvm17_inject/jacobi/pointer/site482_bit50.out,,,,,,,,,,,,,,,,
482,51,MASKED,MASKED_UNFLAGGED,,,,HeCBench/results/llvm17_inject/jacobi/pointer/site482_bit51.out,,,,,,,,,,,,,,,,
482,52,MASKED,MASKED_UNFLAGGED,,,,HeCBench/results/llvm17_inject/jacobi/pointer/site482_bit52.out,,,,,,,,,,,,,,,,
482,53,MASKED,MASKED_UNFLAGGED,,,,HeCBench/results/llvm17_inject/jacobi/pointer/site482_bit53.out,,,,,,,,,,,,,,,,
482,54,MASKED,MASKED_UNFLAGGED,,,,HeCBench/results/llvm17_inject/jacobi/pointer/site482_bit54.out,,,,,,,,,,,,,,,,
482,55,MASKED,MASKED_UNFLAGGED,,,,HeCBench/results/llvm17_inject/jacobi/pointer/site482_bit55.out,,,,,,,,,,,,,,,,
482,56,MASKED,MASKED_UNFLAGGED,,,,HeCBench/results/llvm17_inject/jacobi/pointer/site482_bit56.out,,,,,,,,,,,,,,,,
482,57,MASKED,MASKED_UNFLAGGED,,,,HeCBench/results/llvm17_inject/jacobi/pointer/site482_bit57.out,,,,,,,,,,,,,,,,
482,58,MASKED,MASKED_UNFLAGGED,,,,HeCBench/results/llvm17_inject/jacobi/pointer/site482_bit58.out,,,,,,,,,,,,,,,,
482,59,MASKED,MASKED_UNFLAGGED,,,,HeCBench/results/llvm17_inject/jacobi/pointer/site482_bit59.out,,,,,,,,,,,,,,,,
482,60,MASKED,MASKED_UNFLAGGED,,,,HeCBench/results/llvm17_inject/jacobi/pointer/site482_bit60.out,,,,,,,,,,,,,,,,
482,61,MASKED,MASKED_UNFLAGGED,,,,HeCBench/results/llvm17_inject/jacobi/pointer/site482_bit61.out,,,,,,,,,,,,,,,,
482,62,MASKED,MASKED_UNFLAGGED,,,,HeCBench/results/llvm17_inject/jacobi/pointer/site482_bit62.out,,,,,,,,,,,,,,,,
482,63,MASKED,MASKED_UNFLAGGED,,,,HeCBench/results/llvm17_inject/jacobi/pointer/site482_bit63.out,,,,,,,,,,,,,,,,
484,0,MASKED,MASKED_UNFLAGGED,,,,HeCBench/results/llvm17_inject/jacobi/pointer/site484_bit0.out,,,,,,,,,,,,,,,,
484,1,MASKED,MASKED_UNFLAGGED,,,,HeCBench/results/llvm17_inject/jacobi/pointer/site484_bit1.out,,,,,,,,,,,,,,,,
484,2,MASKED,MASKED_UNFLAGGED,,,,HeCBench/results/llvm17_inject/jacobi/pointer/site484_bit2.out,,,,,,,,,,,,,,,,
484,3,MASKED,MASKED_UNFLAGGED,,,,HeCBench/results/llvm17_inject/jacobi/pointer/site484_bit3.out,,,,,,,,,,,,,,,,
484,4,MASKED,MASKED_UNFLAGGED,,,,HeCBench/results/llvm17_inject/jacobi/pointer/site484_bit4.out,,,,,,,,,,,,,,,,
484,5,MASKED,MASKED_UNFLAGGED,,,,HeCBench/results/llvm17_inject/jacobi/pointer/site484_bit5.out,,,,,,,,,,,,,,,,
484,6,MASKED,MASKED_UNFLAGGED,,,,HeCBench/results/llvm17_inject/jacobi/pointer/site484_bit6.out,,,,,,,,,,,,,,,,
484,7,MASKED,MASKED_UNFLAGGED,,,,HeCBench/results/llvm17_inject/jacobi/pointer/site484_bit7.out,,,,,,,,,,,,,,,,
484,8,MASKED,MASKED_UNFLAGGED,,,,HeCBench/results/llvm17_inject/jacobi/pointer/site484_bit8.out,,,,,,,,,,,,,,,,
484,9,MASKED,MASKED_UNFLAGGED,,,,HeCBench/results/llvm17_inject/jacobi/pointer/site484_bit9.out,,,,,,,,,,,,,,,,
484,10,MASKED,MASKED_UNFLAGGED,,,,HeCBench/results/llvm17_inject/jacobi/pointer/site484_bit10.out,,,,,,,,,,,,,,,,
484,11,MASKED,MASKED_UNFLAGGED,,,,HeCBench/results/llvm17_inject/jacobi/pointer/site484_bit11.out,,,,,,,,,,,,,,,,
484,12,MASKED,MASKED_UNFLAGGED,,,,HeCBench/results/llvm17_inject/jacobi/pointer/site484_bit12.out,,,,,,,,,,,,,,,,
484,13,MASKED,MASKED_UNFLAGGED,,,,HeCBench/results/llvm17_inject/jacobi/pointer/site484_bit13.out,,,,,,,,,,,,,,,,
484,14,MASKED,MASKED_UNFLAGGED,,,,HeCBench/results/llvm17_inject/jacobi/pointer/site484_bit14.out,,,,,,,,,,,,,,,,
484,15,MASKED,MASKED_UNFLAGGED,,,,HeCBench/results/llvm17_inject/jacobi/pointer/site484_bit15.out,,,,,,,,,,,,,,,,
484,16,MASKED,MASKED_UNFLAGGED,,,,HeCBench/results/llvm17_inject/jacobi/pointer/site484_bit16.out,,,,,,,,,,,,,,,,
484,17,MASKED,MASKED_UNFLAGGED,,,,HeCBench/results/llvm17_inject/jacobi/pointer/site484_bit17.out,,,,,,,,,,,,,,,,
484,18,MASKED,MASKED_UNFLAGGED,,,,HeCBench/results/llvm17_inject/jacobi/pointer/site484_bit18.out,,,,,,,,,,,,,,,,
484,19,MASKED,MASKED_UNFLAGGED,,,,HeCBench/results/llvm17_inject/jacobi/pointer/site484_bit19.out,,,,,,,,,,,,,,,,
484,20,MASKED,MASKED_UNFLAGGED,,,,HeCBench/results/llvm17_inject/jacobi/pointer/site484_bit20.out,,,,,,,,,,,,,,,,
484,21,MASKED,MASKED_UNFLAGGED,,,,HeCBench/results/llvm17_inject/jacobi/pointer/site484_bit21.out,,,,,,,,,,,,,,,,
484,22,MASKED,MASKED_UNFLAGGED,,,,HeCBench/results/llvm17_inject/jacobi/pointer/site484_bit22.out,,,,,,,,,,,,,,,,
484,23,MASKED,MASKED_UNFLAGGED,,,,HeCBench/results/llvm17_inject/jacobi/pointer/site484_bit23.out,,,,,,,,,,,,,,,,
484,24,MASKED,MASKED_UNFLAGGED,,,,HeCBench/results/llvm17_inject/jacobi/pointer/site484_bit24.out,,,,,,,,,,,,,,,,
484,25,MASKED,MASKED_UNFLAGGED,,,,HeCBench/results/llvm17_inject/jacobi/pointer/site484_bit25.out,,,,,,,,,,,,,,,,
484,26,MASKED,MASKED_UNFLAGGED,,,,HeCBench/results/llvm17_inject/jacobi/pointer/site484_bit26.out,,,,,,,,,,,,,,,,
484,27,MASKED,MASKED_UNFLAGGED,,,,HeCBench/results/llvm17_inject/jacobi/pointer/site484_bit27.out,,,,,,,,,,,,,,,,
484,28,MASKED,MASKED_UNFLAGGED,,,,HeCBench/results/llvm17_inject/jacobi/pointer/site484_bit28.out,,,,,,,,,,,,,,,,
484,29,MASKED,MASKED_UNFLAGGED,,,,HeCBench/results/llvm17_inject/jacobi/pointer/site484_bit29.out,,,,,,,,,,,,,,,,
484,30,MASKED,MASKED_UNFLAGGED,,,,HeCBench/results/llvm17_inject/jacobi/pointer/site484_bit30.out,,,,,,,,,,,,,,,,
484,31,MASKED,MASKED_UNFLAGGED,,,,HeCBench/results/llvm17_inject/jacobi/pointer/site484_bit31.out,,,,,,,,,,,,,,,,
484,32,MASKED,MASKED_UNFLAGGED,,,,HeCBench/results/llvm17_inject/jacobi/pointer/site484_bit32.out,,,,,,,,,,,,,,,,
484,33,MASKED,MASKED_UNFLAGGED,,,,HeCBench/results/llvm17_inject/jacobi/pointer/site484_bit33.out,,,,,,,,,,,,,,,,
484,34,MASKED,MASKED_UNFLAGGED,,,,HeCBench/results/llvm17_inject/jacobi/pointer/site484_bit34.out,,,,,,,,,,,,,,,,
484,35,MASKED,MASKED_UNFLAGGED,,,,HeCBench/results/llvm17_inject/jacobi/pointer/site484_bit35.out,,,,,,,,,,,,,,,,
484,36,MASKED,MASKED_UNFLAGGED,,,,HeCBench/results/llvm17_inject/jacobi/pointer/site484_bit36.out,,,,,,,,,,,,,,,,
484,37,MASKED,MASKED_UNFLAGGED,,,,HeCBench/results/llvm17_inject/jacobi/pointer/site484_bit37.out,,,,,,,,,,,,,,,,
484,38,MASKED,MASKED_UNFLAGGED,,,,HeCBench/results/llvm17_inject/jacobi/pointer/site484_bit38.out,,,,,,,,,,,,,,,,
484,39,MASKED,MASKED_UNFLAGGED,,,,HeCBench/results/llvm17_inject/jacobi/pointer/site484_bit39.out,,,,,,,,,,,,,,,,
484,40,MASKED,MASKED_UNFLAGGED,,,,HeCBench/results/llvm17_inject/jacobi/pointer/site484_bit40.out,,,,,,,,,,,,,,,,
484,41,MASKED,MASKED_UNFLAGGED,,,,HeCBench/results/llvm17_inject/jacobi/pointer/site484_bit41.out,,,,,,,,,,,,,,,,
484,42,MASKED,MASKED_UNFLAGGED,,,,HeCBench/results/llvm17_inject/jacobi/pointer/site484_bit42.out,,,,,,,,,,,,,,,,
484,43,MASKED,MASKED_UNFLAGGED,,,,HeCBench/results/llvm17_inject/jacobi/pointer/site484_bit43.out,,,,,,,,,,,,,,,,
484,44,MASKED,MASKED_UNFLAGGED,,,,HeCBench/results/llvm17_inject/jacobi/pointer/site484_bit44.out,,,,,,,,,,,,,,,,
484,45,MASKED,MASKED_UNFLAGGED,,,,HeCBench/results/llvm17_inject/jacobi/pointer/site484_bit45.out,,,,,,,,,,,,,,,,
484,46,MASKED,MASKED_UNFLAGGED,,,,HeCBench/results/llvm17_inject/jacobi/pointer/site484_bit46.out,,,,,,,,,,,,,,,,
484,47,MASKED,MASKED_UNFLAGGED,,,,HeCBench/results/llvm17_inject/jacobi/pointer/site484_bit47.out,,,,,,,,,,,,,,,,
484,48,MASKED,MASKED_UNFLAGGED,,,,HeCBench/results/llvm17_inject/jacobi/pointer/site484_bit48.out,,,,,,,,,,,,,,,,
484,49,MASKED,MASKED_UNFLAGGED,,,,HeCBench/results/llvm17_inject/jacobi/pointer/site484_bit49.out,,,,,,,,,,,,,,,,
484,50,MASKED,MASKED_UNFLAGGED,,,,HeCBench/results/llvm17_inject/jacobi/pointer/site484_bit50.out,,,,,,,,,,,,,,,,
484,51,MASKED,MASKED_UNFLAGGED,,,,HeCBench/results/llvm17_inject/jacobi/pointer/site484_bit51.out,,,,,,,,,,,,,,,,
484,52,MASKED,MASKED_UNFLAGGED,,,,HeCBench/results/llvm17_inject/jacobi/pointer/site484_bit52.out,,,,,,,,,,,,,,,,
484,53,MASKED,MASKED_UNFLAGGED,,,,HeCBench/results/llvm17_inject/jacobi/pointer/site484_bit53.out,,,,,,,,,,,,,,,,
484,54,MASKED,MASKED_UNFLAGGED,,,,HeCBench/results/llvm17_inject/jacobi/pointer/site484_bit54.out,,,,,,,,,,,,,,,,
484,55,MASKED,MASKED_UNFLAGGED,,,,HeCBench/results/llvm17_inject/jacobi/pointer/site484_bit55.out,,,,,,,,,,,,,,,,
484,56,MASKED,MASKED_UNFLAGGED,,,,HeCBench/results/llvm17_inject/jacobi/pointer/site484_bit56.out,,,,,,,,,,,,,,,,
484,57,MASKED,MASKED_UNFLAGGED,,,,HeCBench/results/llvm17_inject/jacobi/pointer/site484_bit57.out,,,,,,,,,,,,,,,,
484,58,MASKED,MASKED_UNFLAGGED,,,,HeCBench/results/llvm17_inject/jacobi/pointer/site484_bit58.out,,,,,,,,,,,,,,,,
484,59,MASKED,MASKED_UNFLAGGED,,,,HeCBench/results/llvm17_inject/jacobi/pointer/site484_bit59.out,,,,,,,,,,,,,,,,
484,60,MASKED,MASKED_UNFLAGGED,,,,HeCBench/results/llvm17_inject/jacobi/pointer/site484_bit60.out,,,,,,,,,,,,,,,,
484,61,MASKED,MASKED_UNFLAGGED,,,,HeCBench/results/llvm17_inject/jacobi/pointer/site484_bit61.out,,,,,,,,,,,,,,,,
484,62,MASKED,MASKED_UNFLAGGED,,,,HeCBench/results/llvm17_inject/jacobi/pointer/site484_bit62.out,,,,,,,,,,,,,,,,
484,63,MASKED,MASKED_UNFLAGGED,,,,HeCBench/results/llvm17_inject/jacobi/pointer/site484_bit63.out,,,,,,,,,,,,,,,,
486,0,MASKED,MASKED_UNFLAGGED,,,,HeCBench/results/llvm17_inject/jacobi/pointer/site486_bit0.out,,,,,,,,,,,,,,,,
486,1,MASKED,MASKED_UNFLAGGED,,,,HeCBench/results/llvm17_inject/jacobi/pointer/site486_bit1.out,,,,,,,,,,,,,,,,
486,2,MASKED,MASKED_UNFLAGGED,,,,HeCBench/results/llvm17_inject/jacobi/pointer/site486_bit2.out,,,,,,,,,,,,,,,,
486,3,MASKED,MASKED_UNFLAGGED,,,,HeCBench/results/llvm17_inject/jacobi/pointer/site486_bit3.out,,,,,,,,,,,,,,,,
486,4,MASKED,MASKED_UNFLAGGED,,,,HeCBench/results/llvm17_inject/jacobi/pointer/site486_bit4.out,,,,,,,,,,,,,,,,
486,5,MASKED,MASKED_UNFLAGGED,,,,HeCBench/results/llvm17_inject/jacobi/pointer/site486_bit5.out,,,,,,,,,,,,,,,,
486,6,MASKED,MASKED_UNFLAGGED,,,,HeCBench/results/llvm17_inject/jacobi/pointer/site486_bit6.out,,,,,,,,,,,,,,,,
486,7,MASKED,MASKED_UNFLAGGED,,,,HeCBench/results/llvm17_inject/jacobi/pointer/site486_bit7.out,,,,,,,,,,,,,,,,
486,8,MASKED,MASKED_UNFLAGGED,,,,HeCBench/results/llvm17_inject/jacobi/pointer/site486_bit8.out,,,,,,,,,,,,,,,,
486,9,MASKED,MASKED_UNFLAGGED,,,,HeCBench/results/llvm17_inject/jacobi/pointer/site486_bit9.out,,,,,,,,,,,,,,,,
486,10,MASKED,MASKED_UNFLAGGED,,,,HeCBench/results/llvm17_inject/jacobi/pointer/site486_bit10.out,,,,,,,,,,,,,,,,
486,11,MASKED,MASKED_UNFLAGGED,,,,HeCBench/results/llvm17_inject/jacobi/pointer/site486_bit11.out,,,,,,,,,,,,,,,,
486,12,MASKED,MASKED_UNFLAGGED,,,,HeCBench/results/llvm17_inject/jacobi/pointer/site486_bit12.out,,,,,,,,,,,,,,,,
486,13,MASKED,MASKED_UNFLAGGED,,,,HeCBench/results/llvm17_inject/jacobi/pointer/site486_bit13.out,,,,,,,,,,,,,,,,
486,14,MASKED,MASKED_UNFLAGGED,,,,HeCBench/results/llvm17_inject/jacobi/pointer/site486_bit14.out,,,,,,,,,,,,,,,,
486,15,MASKED,MASKED_UNFLAGGED,,,,HeCBench/results/llvm17_inject/jacobi/pointer/site486_bit15.out,,,,,,,,,,,,,,,,
486,16,MASKED,MASKED_UNFLAGGED,,,,HeCBench/results/llvm17_inject/jacobi/pointer/site486_bit16.out,,,,,,,,,,,,,,,,
486,17,MASKED,MASKED_UNFLAGGED,,,,HeCBench/results/llvm17_inject/jacobi/pointer/site486_bit17.out,,,,,,,,,,,,,,,,
486,18,MASKED,MASKED_UNFLAGGED,,,,HeCBench/results/llvm17_inject/jacobi/pointer/site486_bit18.out,,,,,,,,,,,,,,,,
486,19,MASKED,MASKED_UNFLAGGED,,,,HeCBench/results/llvm17_inject/jacobi/pointer/site486_bit19.out,,,,,,,,,,,,,,,,
486,20,MASKED,MASKED_UNFLAGGED,,,,HeCBench/results/llvm17_inject/jacobi/pointer/site486_bit20.out,,,,,,,,,,,,,,,,
486,21,MASKED,MASKED_UNFLAGGED,,,,HeCBench/results/llvm17_inject/jacobi/pointer/site486_bit21.out,,,,,,,,,,,,,,,,
486,22,MASKED,MASKED_UNFLAGGED,,,,HeCBench/results/llvm17_inject/jacobi/pointer/site486_bit22.out,,,,,,,,,,,,,,,,
486,23,MASKED,MASKED_UNFLAGGED,,,,HeCBench/results/llvm17_inject/jacobi/pointer/site486_bit23.out,,,,,,,,,,,,,,,,
486,24,MASKED,MASKED_UNFLAGGED,,,,HeCBench/results/llvm17_inject/jacobi/pointer/site486_bit24.out,,,,,,,,,,,,,,,,
486,25,MASKED,MASKED_UNFLAGGED,,,,HeCBench/results/llvm17_inject/jacobi/pointer/site486_bit25.out,,,,,,,,,,,,,,,,
486,26,MASKED,MASKED_UNFLAGGED,,,,HeCBench/results/llvm17_inject/jacobi/pointer/site486_bit26.out,,,,,,,,,,,,,,,,
486,27,MASKED,MASKED_UNFLAGGED,,,,HeCBench/results/llvm17_inject/jacobi/pointer/site486_bit27.out,,,,,,,,,,,,,,,,
486,28,MASKED,MASKED_UNFLAGGED,,,,HeCBench/results/llvm17_inject/jacobi/pointer/site486_bit28.out,,,,,,,,,,,,,,,,
486,29,MASKED,MASKED_UNFLAGGED,,,,HeCBench/results/llvm17_inject/jacobi/pointer/site486_bit29.out,,,,,,,,,,,,,,,,
486,30,MASKED,MASKED_UNFLAGGED,,,,HeCBench/results/llvm17_inject/jacobi/pointer/site486_bit30.out,,,,,,,,,,,,,,,,
486,31,MASKED,MASKED_UNFLAGGED,,,,HeCBench/results/llvm17_inject/jacobi/pointer/site486_bit31.out,,,,,,,,,,,,,,,,
486,32,MASKED,MASKED_UNFLAGGED,,,,HeCBench/results/llvm17_inject/jacobi/pointer/site486_bit32.out,,,,,,,,,,,,,,,,
486,33,MASKED,MASKED_UNFLAGGED,,,,HeCBench/results/llvm17_inject/jacobi/pointer/site486_bit33.out,,,,,,,,,,,,,,,,
486,34,MASKED,MASKED_UNFLAGGED,,,,HeCBench/results/llvm17_inject/jacobi/pointer/site486_bit34.out,,,,,,,,,,,,,,,,
486,35,MASKED,MASKED_UNFLAGGED,,,,HeCBench/results/llvm17_inject/jacobi/pointer/site486_bit35.out,,,,,,,,,,,,,,,,
486,36,MASKED,MASKED_UNFLAGGED,,,,HeCBench/results/llvm17_inject/jacobi/pointer/site486_bit36.out,,,,,,,,,,,,,,,,
486,37,MASKED,MASKED_UNFLAGGED,,,,HeCBench/results/llvm17_inject/jacobi/pointer/site486_bit37.out,,,,,,,,,,,,,,,,
486,38,MASKED,MASKED_UNFLAGGED,,,,HeCBench/results/llvm17_inject/jacobi/pointer/site486_bit38.out,,,,,,,,,,,,,,,,
486,39,MASKED,MASKED_UNFLAGGED,,,,HeCBench/results/llvm17_inject/jacobi/pointer/site486_bit39.out,,,,,,,,,,,,,,,,
486,40,MASKED,MASKED_UNFLAGGED,,,,HeCBench/results/llvm17_inject/jacobi/pointer/site486_bit40.out,,,,,,,,,,,,,,,,
486,41,MASKED,MASKED_UNFLAGGED,,,,HeCBench/results/llvm17_inject/jacobi/pointer/site486_bit41.out,,,,,,,,,,,,,,,,
486,42,MASKED,MASKED_UNFLAGGED,,,,HeCBench/results/llvm17_inject/jacobi/pointer/site486_bit42.out,,,,,,,,,,,,,,,,
486,43,MASKED,MASKED_UNFLAGGED,,,,HeCBench/results/llvm17_inject/jacobi/pointer/site486_bit43.out,,,,,,,,,,,,,,,,
486,44,MASKED,MASKED_UNFLAGGED,,,,HeCBench/results/llvm17_inject/jacobi/pointer/site486_bit44.out,,,,,,,,,,,,,,,,
486,45,MASKED,MASKED_UNFLAGGED,,,,HeCBench/results/llvm17_inject/jacobi/pointer/site486_bit45.out,,,,,,,,,,,,,,,,
486,46,MASKED,MASKED_UNFLAGGED,,,,HeCBench/results/llvm17_inject/jacobi/pointer/site486_bit46.out,,,,,,,,,,,,,,,,
486,47,MASKED,MASKED_UNFLAGGED,,,,HeCBench/results/llvm17_inject/jacobi/pointer/site486_bit47.out,,,,,,,,,,,,,,,,
486,48,MASKED,MASKED_UNFLAGGED,,,,HeCBench/results/llvm17_inject/jacobi/pointer/site486_bit48.out,,,,,,,,,,,,,,,,
486,49,MASKED,MASKED_UNFLAGGED,,,,HeCBench/results/llvm17_inject/jacobi/pointer/site486_bit49.out,,,,,,,,,,,,,,,,
486,50,MASKED,MASKED_UNFLAGGED,,,,HeCBench/results/llvm17_inject/jacobi/pointer/site486_bit50.out,,,,,,,,,,,,,,,,
486,51,MASKED,MASKED_UNFLAGGED,,,,HeCBench/results/llvm17_inject/jacobi/pointer/site486_bit51.out,,,,,,,,,,,,,,,,
486,52,MASKED,MASKED_UNFLAGGED,,,,HeCBench/results/llvm17_inject/jacobi/pointer/site486_bit52.out,,,,,,,,,,,,,,,,
486,53,MASKED,MASKED_UNFLAGGED,,,,HeCBench/results/llvm17_inject/jacobi/pointer/site486_bit53.out,,,,,,,,,,,,,,,,
486,54,MASKED,MASKED_UNFLAGGED,,,,HeCBench/results/llvm17_inject/jacobi/pointer/site486_bit54.out,,,,,,,,,,,,,,,,
486,55,MASKED,MASKED_UNFLAGGED,,,,HeCBench/results/llvm17_inject/jacobi/pointer/site486_bit55.out,,,,,,,,,,,,,,,,
486,56,MASKED,MASKED_UNFLAGGED,,,,HeCBench/results/llvm17_inject/jacobi/pointer/site486_bit56.out,,,,,,,,,,,,,,,,
486,57,MASKED,MASKED_UNFLAGGED,,,,HeCBench/results/llvm17_inject/jacobi/pointer/site486_bit57.out,,,,,,,,,,,,,,,,
486,58,MASKED,MASKED_UNFLAGGED,,,,HeCBench/results/llvm17_inject/jacobi/pointer/site486_bit58.out,,,,,,,,,,,,,,,,
486,59,MASKED,MASKED_UNFLAGGED,,,,HeCBench/results/llvm17_inject/jacobi/pointer/site486_bit59.out,,,,,,,,,,,,,,,,
486,60,MASKED,MASKED_UNFLAGGED,,,,HeCBench/results/llvm17_inject/jacobi/pointer/site486_bit60.out,,,,,,,,,,,,,,,,
486,61,MASKED,MASKED_UNFLAGGED,,,,HeCBench/results/llvm17_inject/jacobi/pointer/site486_bit61.out,,,,,,,,,,,,,,,,
486,62,MASKED,MASKED_UNFLAGGED,,,,HeCBench/results/llvm17_inject/jacobi/pointer/site486_bit62.out,,,,,,,,,,,,,,,,
486,63,MASKED,MASKED_UNFLAGGED,,,,HeCBench/results/llvm17_inject/jacobi/pointer/site486_bit63.out,,,,,,,,,,,,,,,,
487,0,MASKED,MASKED_UNFLAGGED,,,,HeCBench/results/llvm17_inject/jacobi/pointer/site487_bit0.out,,,,,,,,,,,,,,,,
487,1,MASKED,MASKED_UNFLAGGED,,,,HeCBench/results/llvm17_inject/jacobi/pointer/site487_bit1.out,,,,,,,,,,,,,,,,
487,2,MASKED,MASKED_UNFLAGGED,,,,HeCBench/results/llvm17_inject/jacobi/pointer/site487_bit2.out,,,,,,,,,,,,,,,,
487,3,MASKED,MASKED_UNFLAGGED,,,,HeCBench/results/llvm17_inject/jacobi/pointer/site487_bit3.out,,,,,,,,,,,,,,,,
487,4,MASKED,MASKED_UNFLAGGED,,,,HeCBench/results/llvm17_inject/jacobi/pointer/site487_bit4.out,,,,,,,,,,,,,,,,
487,5,MASKED,MASKED_UNFLAGGED,,,,HeCBench/results/llvm17_inject/jacobi/pointer/site487_bit5.out,,,,,,,,,,,,,,,,
487,6,MASKED,MASKED_UNFLAGGED,,,,HeCBench/results/llvm17_inject/jacobi/pointer/site487_bit6.out,,,,,,,,,,,,,,,,
487,7,MASKED,MASKED_UNFLAGGED,,,,HeCBench/results/llvm17_inject/jacobi/pointer/site487_bit7.out,,,,,,,,,,,,,,,,
487,8,MASKED,MASKED_UNFLAGGED,,,,HeCBench/results/llvm17_inject/jacobi/pointer/site487_bit8.out,,,,,,,,,,,,,,,,
487,9,MASKED,MASKED_UNFLAGGED,,,,HeCBench/results/llvm17_inject/jacobi/pointer/site487_bit9.out,,,,,,,,,,,,,,,,
487,10,MASKED,MASKED_UNFLAGGED,,,,HeCBench/results/llvm17_inject/jacobi/pointer/site487_bit10.out,,,,,,,,,,,,,,,,
487,11,MASKED,MASKED_UNFLAGGED,,,,HeCBench/results/llvm17_inject/jacobi/pointer/site487_bit11.out,,,,,,,,,,,,,,,,
487,12,MASKED,MASKED_UNFLAGGED,,,,HeCBench/results/llvm17_inject/jacobi/pointer/site487_bit12.out,,,,,,,,,,,,,,,,
487,13,MASKED,MASKED_UNFLAGGED,,,,HeCBench/results/llvm17_inject/jacobi/pointer/site487_bit13.out,,,,,,,,,,,,,,,,
487,14,MASKED,MASKED_UNFLAGGED,,,,HeCBench/results/llvm17_inject/jacobi/pointer/site487_bit14.out,,,,,,,,,,,,,,,,
487,15,MASKED,MASKED_UNFLAGGED,,,,HeCBench/results/llvm17_inject/jacobi/pointer/site487_bit15.out,,,,,,,,,,,,,,,,
487,16,MASKED,MASKED_UNFLAGGED,,,,HeCBench/results/llvm17_inject/jacobi/pointer/site487_bit16.out,,,,,,,,,,,,,,,,
487,17,MASKED,MASKED_UNFLAGGED,,,,HeCBench/results/llvm17_inject/jacobi/pointer/site487_bit17.out,,,,,,,,,,,,,,,,
487,18,MASKED,MASKED_UNFLAGGED,,,,HeCBench/results/llvm17_inject/jacobi/pointer/site487_bit18.out,,,,,,,,,,,,,,,,
487,19,MASKED,MASKED_UNFLAGGED,,,,HeCBench/results/llvm17_inject/jacobi/pointer/site487_bit19.out,,,,,,,,,,,,,,,,
487,20,MASKED,MASKED_UNFLAGGED,,,,HeCBench/results/llvm17_inject/jacobi/pointer/site487_bit20.out,,,,,,,,,,,,,,,,
487,21,MASKED,MASKED_UNFLAGGED,,,,HeCBench/results/llvm17_inject/jacobi/pointer/site487_bit21.out,,,,,,,,,,,,,,,,
487,22,MASKED,MASKED_UNFLAGGED,,,,HeCBench/results/llvm17_inject/jacobi/pointer/site487_bit22.out,,,,,,,,,,,,,,,,
487,23,MASKED,MASKED_UNFLAGGED,,,,HeCBench/results/llvm17_inject/jacobi/pointer/site487_bit23.out,,,,,,,,,,,,,,,,
487,24,MASKED,MASKED_UNFLAGGED,,,,HeCBench/results/llvm17_inject/jacobi/pointer/site487_bit24.out,,,,,,,,,,,,,,,,
487,25,MASKED,MASKED_UNFLAGGED,,,,HeCBench/results/llvm17_inject/jacobi/pointer/site487_bit25.out,,,,,,,,,,,,,,,,
487,26,MASKED,MASKED_UNFLAGGED,,,,HeCBench/results/llvm17_inject/jacobi/pointer/site487_bit26.out,,,,,,,,,,,,,,,,
487,27,MASKED,MASKED_UNFLAGGED,,,,HeCBench/results/llvm17_inject/jacobi/pointer/site487_bit27.out,,,,,,,,,,,,,,,,
487,28,MASKED,MASKED_UNFLAGGED,,,,HeCBench/results/llvm17_inject/jacobi/pointer/site487_bit28.out,,,,,,,,,,,,,,,,
487,29,MASKED,MASKED_UNFLAGGED,,,,HeCBench/results/llvm17_inject/jacobi/pointer/site487_bit29.out,,,,,,,,,,,,,,,,
487,30,MASKED,MASKED_UNFLAGGED,,,,HeCBench/results/llvm17_inject/jacobi/pointer/site487_bit30.out,,,,,,,,,,,,,,,,
487,31,MASKED,MASKED_UNFLAGGED,,,,HeCBench/results/llvm17_inject/jacobi/pointer/site487_bit31.out,,,,,,,,,,,,,,,,
487,32,MASKED,MASKED_UNFLAGGED,,,,HeCBench/results/llvm17_inject/jacobi/pointer/site487_bit32.out,,,,,,,,,,,,,,,,
487,33,MASKED,MASKED_UNFLAGGED,,,,HeCBench/results/llvm17_inject/jacobi/pointer/site487_bit33.out,,,,,,,,,,,,,,,,
487,34,MASKED,MASKED_UNFLAGGED,,,,HeCBench/results/llvm17_inject/jacobi/pointer/site487_bit34.out,,,,,,,,,,,,,,,,
487,35,MASKED,MASKED_UNFLAGGED,,,,HeCBench/results/llvm17_inject/jacobi/pointer/site487_bit35.out,,,,,,,,,,,,,,,,
487,36,MASKED,MASKED_UNFLAGGED,,,,HeCBench/results/llvm17_inject/jacobi/pointer/site487_bit36.out,,,,,,,,,,,,,,,,
487,37,MASKED,MASKED_UNFLAGGED,,,,HeCBench/results/llvm17_inject/jacobi/pointer/site487_bit37.out,,,,,,,,,,,,,,,,
487,38,MASKED,MASKED_UNFLAGGED,,,,HeCBench/results/llvm17_inject/jacobi/pointer/site487_bit38.out,,,,,,,,,,,,,,,,
487,39,MASKED,MASKED_UNFLAGGED,,,,HeCBench/results/llvm17_inject/jacobi/pointer/site487_bit39.out,,,,,,,,,,,,,,,,
487,40,MASKED,MASKED_UNFLAGGED,,,,HeCBench/results/llvm17_inject/jacobi/pointer/site487_bit40.out,,,,,,,,,,,,,,,,
487,41,MASKED,MASKED_UNFLAGGED,,,,HeCBench/results/llvm17_inject/jacobi/pointer/site487_bit41.out,,,,,,,,,,,,,,,,
487,42,MASKED,MASKED_UNFLAGGED,,,,HeCBench/results/llvm17_inject/jacobi/pointer/site487_bit42.out,,,,,,,,,,,,,,,,
487,43,MASKED,MASKED_UNFLAGGED,,,,HeCBench/results/llvm17_inject/jacobi/pointer/site487_bit43.out,,,,,,,,,,,,,,,,
487,44,MASKED,MASKED_UNFLAGGED,,,,HeCBench/results/llvm17_inject/jacobi/pointer/site487_bit44.out,,,,,,,,,,,,,,,,
487,45,MASKED,MASKED_UNFLAGGED,,,,HeCBench/results/llvm17_inject/jacobi/pointer/site487_bit45.out,,,,,,,,,,,,,,,,
487,46,MASKED,MASKED_UNFLAGGED,,,,HeCBench/results/llvm17_inject/jacobi/pointer/site487_bit46.out,,,,,,,,,,,,,,,,
487,47,MASKED,MASKED_UNFLAGGED,,,,HeCBench/results/llvm17_inject/jacobi/pointer/site487_bit47.out,,,,,,,,,,,,,,,,
487,48,MASKED,MASKED_UNFLAGGED,,,,HeCBench/results/llvm17_inject/jacobi/pointer/site487_bit48.out,,,,,,,,,,,,,,,,
487,49,MASKED,MASKED_UNFLAGGED,,,,HeCBench/results/llvm17_inject/jacobi/pointer/site487_bit49.out,,,,,,,,,,,,,,,,
487,50,MASKED,MASKED_UNFLAGGED,,,,HeCBench/results/llvm17_inject/jacobi/pointer/site487_bit50.out,,,,,,,,,,,,,,,,
487,51,MASKED,MASKED_UNFLAGGED,,,,HeCBench/results/llvm17_inject/jacobi/pointer/site487_bit51.out,,,,,,,,,,,,,,,,
487,52,MASKED,MASKED_UNFLAGGED,,,,HeCBench/results/llvm17_inject/jacobi/pointer/site487_bit52.out,,,,,,,,,,,,,,,,
487,53,MASKED,MASKED_UNFLAGGED,,,,HeCBench/results/llvm17_inject/jacobi/pointer/site487_bit53.out,,,,,,,,,,,,,,,,
487,54,MASKED,MASKED_UNFLAGGED,,,,HeCBench/results/llvm17_inject/jacobi/pointer/site487_bit54.out,,,,,,,,,,,,,,,,
487,55,MASKED,MASKED_UNFLAGGED,,,,HeCBench/results/llvm17_inject/jacobi/pointer/site487_bit55.out,,,,,,,,,,,,,,,,
487,56,MASKED,MASKED_UNFLAGGED,,,,HeCBench/results/llvm17_inject/jacobi/pointer/site487_bit56.out,,,,,,,,,,,,,,,,
487,57,MASKED,MASKED_UNFLAGGED,,,,HeCBench/results/llvm17_inject/jacobi/pointer/site487_bit57.out,,,,,,,,,,,,,,,,
487,58,MASKED,MASKED_UNFLAGGED,,,,HeCBench/results/llvm17_inject/jacobi/pointer/site487_bit58.out,,,,,,,,,,,,,,,,
487,59,MASKED,MASKED_UNFLAGGED,,,,HeCBench/results/llvm17_inject/jacobi/pointer/site487_bit59.out,,,,,,,,,,,,,,,,
487,60,MASKED,MASKED_UNFLAGGED,,,,HeCBench/results/llvm17_inject/jacobi/pointer/site487_bit60.out,,,,,,,,,,,,,,,,
487,61,MASKED,MASKED_UNFLAGGED,,,,HeCBench/results/llvm17_inject/jacobi/pointer/site487_bit61.out,,,,,,,,,,,,,,,,
487,62,MASKED,MASKED_UNFLAGGED,,,,HeCBench/results/llvm17_inject/jacobi/pointer/site487_bit62.out,,,,,,,,,,,,,,,,
487,63,MASKED,MASKED_UNFLAGGED,,,,HeCBench/results/llvm17_inject/jacobi/pointer/site487_bit63.out,,,,,,,,,,,,,,,,
489,0,MASKED,MASKED_UNFLAGGED,,,,HeCBench/results/llvm17_inject/jacobi/pointer/site489_bit0.out,,,,,,,,,,,,,,,,
489,1,MASKED,MASKED_UNFLAGGED,,,,HeCBench/results/llvm17_inject/jacobi/pointer/site489_bit1.out,,,,,,,,,,,,,,,,
489,2,MASKED,MASKED_UNFLAGGED,,,,HeCBench/results/llvm17_inject/jacobi/pointer/site489_bit2.out,,,,,,,,,,,,,,,,
489,3,MASKED,MASKED_UNFLAGGED,,,,HeCBench/results/llvm17_inject/jacobi/pointer/site489_bit3.out,,,,,,,,,,,,,,,,
489,4,MASKED,MASKED_UNFLAGGED,,,,HeCBench/results/llvm17_inject/jacobi/pointer/site489_bit4.out,,,,,,,,,,,,,,,,
489,5,MASKED,MASKED_UNFLAGGED,,,,HeCBench/results/llvm17_inject/jacobi/pointer/site489_bit5.out,,,,,,,,,,,,,,,,
489,6,MASKED,MASKED_UNFLAGGED,,,,HeCBench/results/llvm17_inject/jacobi/pointer/site489_bit6.out,,,,,,,,,,,,,,,,
489,7,MASKED,MASKED_UNFLAGGED,,,,HeCBench/results/llvm17_inject/jacobi/pointer/site489_bit7.out,,,,,,,,,,,,,,,,
489,8,MASKED,MASKED_UNFLAGGED,,,,HeCBench/results/llvm17_inject/jacobi/pointer/site489_bit8.out,,,,,,,,,,,,,,,,
489,9,MASKED,MASKED_UNFLAGGED,,,,HeCBench/results/llvm17_inject/jacobi/pointer/site489_bit9.out,,,,,,,,,,,,,,,,
489,10,MASKED,MASKED_UNFLAGGED,,,,HeCBench/results/llvm17_inject/jacobi/pointer/site489_bit10.out,,,,,,,,,,,,,,,,
489,11,MASKED,MASKED_UNFLAGGED,,,,HeCBench/results/llvm17_inject/jacobi/pointer/site489_bit11.out,,,,,,,,,,,,,,,,
489,12,MASKED,MASKED_UNFLAGGED,,,,HeCBench/results/llvm17_inject/jacobi/pointer/site489_bit12.out,,,,,,,,,,,,,,,,
489,13,MASKED,MASKED_UNFLAGGED,,,,HeCBench/results/llvm17_inject/jacobi/pointer/site489_bit13.out,,,,,,,,,,,,,,,,
489,14,MASKED,MASKED_UNFLAGGED,,,,HeCBench/results/llvm17_inject/jacobi/pointer/site489_bit14.out,,,,,,,,,,,,,,,,
489,15,MASKED,MASKED_UNFLAGGED,,,,HeCBench/results/llvm17_inject/jacobi/pointer/site489_bit15.out,,,,,,,,,,,,,,,,
489,16,MASKED,MASKED_UNFLAGGED,,,,HeCBench/results/llvm17_inject/jacobi/pointer/site489_bit16.out,,,,,,,,,,,,,,,,
489,17,MASKED,MASKED_UNFLAGGED,,,,HeCBench/results/llvm17_inject/jacobi/pointer/site489_bit17.out,,,,,,,,,,,,,,,,
489,18,MASKED,MASKED_UNFLAGGED,,,,HeCBench/results/llvm17_inject/jacobi/pointer/site489_bit18.out,,,,,,,,,,,,,,,,
489,19,MASKED,MASKED_UNFLAGGED,,,,HeCBench/results/llvm17_inject/jacobi/pointer/site489_bit19.out,,,,,,,,,,,,,,,,
489,20,MASKED,MASKED_UNFLAGGED,,,,HeCBench/results/llvm17_inject/jacobi/pointer/site489_bit20.out,,,,,,,,,,,,,,,,
489,21,MASKED,MASKED_UNFLAGGED,,,,HeCBench/results/llvm17_inject/jacobi/pointer/site489_bit21.out,,,,,,,,,,,,,,,,
489,22,MASKED,MASKED_UNFLAGGED,,,,HeCBench/results/llvm17_inject/jacobi/pointer/site489_bit22.out,,,,,,,,,,,,,,,,
489,23,MASKED,MASKED_UNFLAGGED,,,,HeCBench/results/llvm17_inject/jacobi/pointer/site489_bit23.out,,,,,,,,,,,,,,,,
489,24,MASKED,MASKED_UNFLAGGED,,,,HeCBench/results/llvm17_inject/jacobi/pointer/site489_bit24.out,,,,,,,,,,,,,,,,
489,25,MASKED,MASKED_UNFLAGGED,,,,HeCBench/results/llvm17_inject/jacobi/pointer/site489_bit25.out,,,,,,,,,,,,,,,,
489,26,MASKED,MASKED_UNFLAGGED,,,,HeCBench/results/llvm17_inject/jacobi/pointer/site489_bit26.out,,,,,,,,,,,,,,,,
489,27,MASKED,MASKED_UNFLAGGED,,,,HeCBench/results/llvm17_inject/jacobi/pointer/site489_bit27.out,,,,,,,,,,,,,,,,
489,28,MASKED,MASKED_UNFLAGGED,,,,HeCBench/results/llvm17_inject/jacobi/pointer/site489_bit28.out,,,,,,,,,,,,,,,,
489,29,MASKED,MASKED_UNFLAGGED,,,,HeCBench/results/llvm17_inject/jacobi/pointer/site489_bit29.out,,,,,,,,,,,,,,,,
489,30,MASKED,MASKED_UNFLAGGED,,,,HeCBench/results/llvm17_inject/jacobi/pointer/site489_bit30.out,,,,,,,,,,,,,,,,
489,31,MASKED,MASKED_UNFLAGGED,,,,HeCBench/results/llvm17_inject/jacobi/pointer/site489_bit31.out,,,,,,,,,,,,,,,,
489,32,MASKED,MASKED_UNFLAGGED,,,,HeCBench/results/llvm17_inject/jacobi/pointer/site489_bit32.out,,,,,,,,,,,,,,,,
489,33,MASKED,MASKED_UNFLAGGED,,,,HeCBench/results/llvm17_inject/jacobi/pointer/site489_bit33.out,,,,,,,,,,,,,,,,
489,34,MASKED,MASKED_UNFLAGGED,,,,HeCBench/results/llvm17_inject/jacobi/pointer/site489_bit34.out,,,,,,,,,,,,,,,,
489,35,MASKED,MASKED_UNFLAGGED,,,,HeCBench/results/llvm17_inject/jacobi/pointer/site489_bit35.out,,,,,,,,,,,,,,,,
489,36,MASKED,MASKED_UNFLAGGED,,,,HeCBench/results/llvm17_inject/jacobi/pointer/site489_bit36.out,,,,,,,,,,,,,,,,
489,37,MASKED,MASKED_UNFLAGGED,,,,HeCBench/results/llvm17_inject/jacobi/pointer/site489_bit37.out,,,,,,,,,,,,,,,,
489,38,MASKED,MASKED_UNFLAGGED,,,,HeCBench/results/llvm17_inject/jacobi/pointer/site489_bit38.out,,,,,,,,,,,,,,,,
489,39,MASKED,MASKED_UNFLAGGED,,,,HeCBench/results/llvm17_inject/jacobi/pointer/site489_bit39.out,,,,,,,,,,,,,,,,
489,40,MASKED,MASKED_UNFLAGGED,,,,HeCBench/results/llvm17_inject/jacobi/pointer/site489_bit40.out,,,,,,,,,,,,,,,,
489,41,MASKED,MASKED_UNFLAGGED,,,,HeCBench/results/llvm17_inject/jacobi/pointer/site489_bit41.out,,,,,,,,,,,,,,,,
489,42,MASKED,MASKED_UNFLAGGED,,,,HeCBench/results/llvm17_inject/jacobi/pointer/site489_bit42.out,,,,,,,,,,,,,,,,
489,43,MASKED,MASKED_UNFLAGGED,,,,HeCBench/results/llvm17_inject/jacobi/pointer/site489_bit43.out,,,,,,,,,,,,,,,,
489,44,MASKED,MASKED_UNFLAGGED,,,,HeCBench/results/llvm17_inject/jacobi/pointer/site489_bit44.out,,,,,,,,,,,,,,,,
489,45,MASKED,MASKED_UNFLAGGED,,,,HeCBench/results/llvm17_inject/jacobi/pointer/site489_bit45.out,,,,,,,,,,,,,,,,
489,46,MASKED,MASKED_UNFLAGGED,,,,HeCBench/results/llvm17_inject/jacobi/pointer/site489_bit46.out,,,,,,,,,,,,,,,,
489,47,MASKED,MASKED_UNFLAGGED,,,,HeCBench/results/llvm17_inject/jacobi/pointer/site489_bit47.out,,,,,,,,,,,,,,,,
489,48,MASKED,MASKED_UNFLAGGED,,,,HeCBench/results/llvm17_inject/jacobi/pointer/site489_bit48.out,,,,,,,,,,,,,,,,
489,49,MASKED,MASKED_UNFLAGGED,,,,HeCBench/results/llvm17_inject/jacobi/pointer/site489_bit49.out,,,,,,,,,,,,,,,,
489,50,MASKED,MASKED_UNFLAGGED,,,,HeCBench/results/llvm17_inject/jacobi/pointer/site489_bit50.out,,,,,,,,,,,,,,,,
489,51,MASKED,MASKED_UNFLAGGED,,,,HeCBench/results/llvm17_inject/jacobi/pointer/site489_bit51.out,,,,,,,,,,,,,,,,
489,52,MASKED,MASKED_UNFLAGGED,,,,HeCBench/results/llvm17_inject/jacobi/pointer/site489_bit52.out,,,,,,,,,,,,,,,,
489,53,MASKED,MASKED_UNFLAGGED,,,,HeCBench/results/llvm17_inject/jacobi/pointer/site489_bit53.out,,,,,,,,,,,,,,,,
489,54,MASKED,MASKED_UNFLAGGED,,,,HeCBench/results/llvm17_inject/jacobi/pointer/site489_bit54.out,,,,,,,,,,,,,,,,
489,55,MASKED,MASKED_UNFLAGGED,,,,HeCBench/results/llvm17_inject/jacobi/pointer/site489_bit55.out,,,,,,,,,,,,,,,,
489,56,MASKED,MASKED_UNFLAGGED,,,,HeCBench/results/llvm17_inject/jacobi/pointer/site489_bit56.out,,,,,,,,,,,,,,,,
489,57,MASKED,MASKED_UNFLAGGED,,,,HeCBench/results/llvm17_inject/jacobi/pointer/site489_bit57.out,,,,,,,,,,,,,,,,
489,58,MASKED,MASKED_UNFLAGGED,,,,HeCBench/results/llvm17_inject/jacobi/pointer/site489_bit58.out,,,,,,,,,,,,,,,,
489,59,MASKED,MASKED_UNFLAGGED,,,,HeCBench/results/llvm17_inject/jacobi/pointer/site489_bit59.out,,,,,,,,,,,,,,,,
489,60,MASKED,MASKED_UNFLAGGED,,,,HeCBench/results/llvm17_inject/jacobi/pointer/site489_bit60.out,,,,,,,,,,,,,,,,
489,61,MASKED,MASKED_UNFLAGGED,,,,HeCBench/results/llvm17_inject/jacobi/pointer/site489_bit61.out,,,,,,,,,,,,,,,,
489,62,MASKED,MASKED_UNFLAGGED,,,,HeCBench/results/llvm17_inject/jacobi/pointer/site489_bit62.out,,,,,,,,,,,,,,,,
489,63,MASKED,MASKED_UNFLAGGED,,,,HeCBench/results/llvm17_inject/jacobi/pointer/site489_bit63.out,,,,,,,,,,,,,,,,
491,0,MASKED,MASKED_UNFLAGGED,,,,HeCBench/results/llvm17_inject/jacobi/pointer/site491_bit0.out,,,,,,,,,,,,,,,,
491,1,MASKED,MASKED_UNFLAGGED,,,,HeCBench/results/llvm17_inject/jacobi/pointer/site491_bit1.out,,,,,,,,,,,,,,,,
491,2,MASKED,MASKED_UNFLAGGED,,,,HeCBench/results/llvm17_inject/jacobi/pointer/site491_bit2.out,,,,,,,,,,,,,,,,
491,3,MASKED,MASKED_UNFLAGGED,,,,HeCBench/results/llvm17_inject/jacobi/pointer/site491_bit3.out,,,,,,,,,,,,,,,,
491,4,MASKED,MASKED_UNFLAGGED,,,,HeCBench/results/llvm17_inject/jacobi/pointer/site491_bit4.out,,,,,,,,,,,,,,,,
491,5,MASKED,MASKED_UNFLAGGED,,,,HeCBench/results/llvm17_inject/jacobi/pointer/site491_bit5.out,,,,,,,,,,,,,,,,
491,6,MASKED,MASKED_UNFLAGGED,,,,HeCBench/results/llvm17_inject/jacobi/pointer/site491_bit6.out,,,,,,,,,,,,,,,,
491,7,MASKED,MASKED_UNFLAGGED,,,,HeCBench/results/llvm17_inject/jacobi/pointer/site491_bit7.out,,,,,,,,,,,,,,,,
491,8,MASKED,MASKED_UNFLAGGED,,,,HeCBench/results/llvm17_inject/jacobi/pointer/site491_bit8.out,,,,,,,,,,,,,,,,
491,9,MASKED,MASKED_UNFLAGGED,,,,HeCBench/results/llvm17_inject/jacobi/pointer/site491_bit9.out,,,,,,,,,,,,,,,,
491,10,MASKED,MASKED_UNFLAGGED,,,,HeCBench/results/llvm17_inject/jacobi/pointer/site491_bit10.out,,,,,,,,,,,,,,,,
491,11,MASKED,MASKED_UNFLAGGED,,,,HeCBench/results/llvm17_inject/jacobi/pointer/site491_bit11.out,,,,,,,,,,,,,,,,
491,12,MASKED,MASKED_UNFLAGGED,,,,HeCBench/results/llvm17_inject/jacobi/pointer/site491_bit12.out,,,,,,,,,,,,,,,,
491,13,MASKED,MASKED_UNFLAGGED,,,,HeCBench/results/llvm17_inject/jacobi/pointer/site491_bit13.out,,,,,,,,,,,,,,,,
491,14,MASKED,MASKED_UNFLAGGED,,,,HeCBench/results/llvm17_inject/jacobi/pointer/site491_bit14.out,,,,,,,,,,,,,,,,
491,15,MASKED,MASKED_UNFLAGGED,,,,HeCBench/results/llvm17_inject/jacobi/pointer/site491_bit15.out,,,,,,,,,,,,,,,,
491,16,MASKED,MASKED_UNFLAGGED,,,,HeCBench/results/llvm17_inject/jacobi/pointer/site491_bit16.out,,,,,,,,,,,,,,,,
491,17,MASKED,MASKED_UNFLAGGED,,,,HeCBench/results/llvm17_inject/jacobi/pointer/site491_bit17.out,,,,,,,,,,,,,,,,
491,18,MASKED,MASKED_UNFLAGGED,,,,HeCBench/results/llvm17_inject/jacobi/pointer/site491_bit18.out,,,,,,,,,,,,,,,,
491,19,MASKED,MASKED_UNFLAGGED,,,,HeCBench/results/llvm17_inject/jacobi/pointer/site491_bit19.out,,,,,,,,,,,,,,,,
491,20,MASKED,MASKED_UNFLAGGED,,,,HeCBench/results/llvm17_inject/jacobi/pointer/site491_bit20.out,,,,,,,,,,,,,,,,
491,21,MASKED,MASKED_UNFLAGGED,,,,HeCBench/results/llvm17_inject/jacobi/pointer/site491_bit21.out,,,,,,,,,,,,,,,,
491,22,MASKED,MASKED_UNFLAGGED,,,,HeCBench/results/llvm17_inject/jacobi/pointer/site491_bit22.out,,,,,,,,,,,,,,,,
491,23,MASKED,MASKED_UNFLAGGED,,,,HeCBench/results/llvm17_inject/jacobi/pointer/site491_bit23.out,,,,,,,,,,,,,,,,
491,24,MASKED,MASKED_UNFLAGGED,,,,HeCBench/results/llvm17_inject/jacobi/pointer/site491_bit24.out,,,,,,,,,,,,,,,,
491,25,MASKED,MASKED_UNFLAGGED,,,,HeCBench/results/llvm17_inject/jacobi/pointer/site491_bit25.out,,,,,,,,,,,,,,,,
491,26,MASKED,MASKED_UNFLAGGED,,,,HeCBench/results/llvm17_inject/jacobi/pointer/site491_bit26.out,,,,,,,,,,,,,,,,
491,27,MASKED,MASKED_UNFLAGGED,,,,HeCBench/results/llvm17_inject/jacobi/pointer/site491_bit27.out,,,,,,,,,,,,,,,,
491,28,MASKED,MASKED_UNFLAGGED,,,,HeCBench/results/llvm17_inject/jacobi/pointer/site491_bit28.out,,,,,,,,,,,,,,,,
491,29,MASKED,MASKED_UNFLAGGED,,,,HeCBench/results/llvm17_inject/jacobi/pointer/site491_bit29.out,,,,,,,,,,,,,,,,
491,30,MASKED,MASKED_UNFLAGGED,,,,HeCBench/results/llvm17_inject/jacobi/pointer/site491_bit30.out,,,,,,,,,,,,,,,,
491,31,MASKED,MASKED_UNFLAGGED,,,,HeCBench/results/llvm17_inject/jacobi/pointer/site491_bit31.out,,,,,,,,,,,,,,,,
491,32,MASKED,MASKED_UNFLAGGED,,,,HeCBench/results/llvm17_inject/jacobi/pointer/site491_bit32.out,,,,,,,,,,,,,,,,
491,33,MASKED,MASKED_UNFLAGGED,,,,HeCBench/results/llvm17_inject/jacobi/pointer/site491_bit33.out,,,,,,,,,,,,,,,,
491,34,MASKED,MASKED_UNFLAGGED,,,,HeCBench/results/llvm17_inject/jacobi/pointer/site491_bit34.out,,,,,,,,,,,,,,,,
491,35,MASKED,MASKED_UNFLAGGED,,,,HeCBench/results/llvm17_inject/jacobi/pointer/site491_bit35.out,,,,,,,,,,,,,,,,
491,36,MASKED,MASKED_UNFLAGGED,,,,HeCBench/results/llvm17_inject/jacobi/pointer/site491_bit36.out,,,,,,,,,,,,,,,,
491,37,MASKED,MASKED_UNFLAGGED,,,,HeCBench/results/llvm17_inject/jacobi/pointer/site491_bit37.out,,,,,,,,,,,,,,,,
491,38,MASKED,MASKED_UNFLAGGED,,,,HeCBench/results/llvm17_inject/jacobi/pointer/site491_bit38.out,,,,,,,,,,,,,,,,
491,39,MASKED,MASKED_UNFLAGGED,,,,HeCBench/results/llvm17_inject/jacobi/pointer/site491_bit39.out,,,,,,,,,,,,,,,,
491,40,MASKED,MASKED_UNFLAGGED,,,,HeCBench/results/llvm17_inject/jacobi/pointer/site491_bit40.out,,,,,,,,,,,,,,,,
491,41,MASKED,MASKED_UNFLAGGED,,,,HeCBench/results/llvm17_inject/jacobi/pointer/site491_bit41.out,,,,,,,,,,,,,,,,
491,42,MASKED,MASKED_UNFLAGGED,,,,HeCBench/results/llvm17_inject/jacobi/pointer/site491_bit42.out,,,,,,,,,,,,,,,,
491,43,MASKED,MASKED_UNFLAGGED,,,,HeCBench/results/llvm17_inject/jacobi/pointer/site491_bit43.out,,,,,,,,,,,,,,,,
491,44,MASKED,MASKED_UNFLAGGED,,,,HeCBench/results/llvm17_inject/jacobi/pointer/site491_bit44.out,,,,,,,,,,,,,,,,
491,45,MASKED,MASKED_UNFLAGGED,,,,HeCBench/results/llvm17_inject/jacobi/pointer/site491_bit45.out,,,,,,,,,,,,,,,,
491,46,MASKED,MASKED_UNFLAGGED,,,,HeCBench/results/llvm17_inject/jacobi/pointer/site491_bit46.out,,,,,,,,,,,,,,,,
491,47,MASKED,MASKED_UNFLAGGED,,,,HeCBench/results/llvm17_inject/jacobi/pointer/site491_bit47.out,,,,,,,,,,,,,,,,
491,48,MASKED,MASKED_UNFLAGGED,,,,HeCBench/results/llvm17_inject/jacobi/pointer/site491_bit48.out,,,,,,,,,,,,,,,,
491,49,MASKED,MASKED_UNFLAGGED,,,,HeCBench/results/llvm17_inject/jacobi/pointer/site491_bit49.out,,,,,,,,,,,,,,,,
491,50,MASKED,MASKED_UNFLAGGED,,,,HeCBench/results/llvm17_inject/jacobi/pointer/site491_bit50.out,,,,,,,,,,,,,,,,
491,51,MASKED,MASKED_UNFLAGGED,,,,HeCBench/results/llvm17_inject/jacobi/pointer/site491_bit51.out,,,,,,,,,,,,,,,,
491,52,MASKED,MASKED_UNFLAGGED,,,,HeCBench/results/llvm17_inject/jacobi/pointer/site491_bit52.out,,,,,,,,,,,,,,,,
491,53,MASKED,MASKED_UNFLAGGED,,,,HeCBench/results/llvm17_inject/jacobi/pointer/site491_bit53.out,,,,,,,,,,,,,,,,
491,54,MASKED,MASKED_UNFLAGGED,,,,HeCBench/results/llvm17_inject/jacobi/pointer/site491_bit54.out,,,,,,,,,,,,,,,,
491,55,MASKED,MASKED_UNFLAGGED,,,,HeCBench/results/llvm17_inject/jacobi/pointer/site491_bit55.out,,,,,,,,,,,,,,,,
491,56,MASKED,MASKED_UNFLAGGED,,,,HeCBench/results/llvm17_inject/jacobi/pointer/site491_bit56.out,,,,,,,,,,,,,,,,
491,57,MASKED,MASKED_UNFLAGGED,,,,HeCBench/results/llvm17_inject/jacobi/pointer/site491_bit57.out,,,,,,,,,,,,,,,,
491,58,MASKED,MASKED_UNFLAGGED,,,,HeCBench/results/llvm17_inject/jacobi/pointer/site491_bit58.out,,,,,,,,,,,,,,,,
491,59,MASKED,MASKED_UNFLAGGED,,,,HeCBench/results/llvm17_inject/jacobi/pointer/site491_bit59.out,,,,,,,,,,,,,,,,
491,60,MASKED,MASKED_UNFLAGGED,,,,HeCBench/results/llvm17_inject/jacobi/pointer/site491_bit60.out,,,,,,,,,,,,,,,,
491,61,MASKED,MASKED_UNFLAGGED,,,,HeCBench/results/llvm17_inject/jacobi/pointer/site491_bit61.out,,,,,,,,,,,,,,,,
491,62,MASKED,MASKED_UNFLAGGED,,,,HeCBench/results/llvm17_inject/jacobi/pointer/site491_bit62.out,,,,,,,,,,,,,,,,
491,63,MASKED,MASKED_UNFLAGGED,,,,HeCBench/results/llvm17_inject/jacobi/pointer/site491_bit63.out,,,,,,,,,,,,,,,,
498,0,MASKED,MASKED_UNFLAGGED,,,,HeCBench/results/llvm17_inject/jacobi/pointer/site498_bit0.out,,,,,,,,,,,,,,,,
498,1,MASKED,MASKED_UNFLAGGED,,,,HeCBench/results/llvm17_inject/jacobi/pointer/site498_bit1.out,,,,,,,,,,,,,,,,
498,2,MASKED,MASKED_UNFLAGGED,,,,HeCBench/results/llvm17_inject/jacobi/pointer/site498_bit2.out,,,,,,,,,,,,,,,,
498,3,MASKED,MASKED_UNFLAGGED,,,,HeCBench/results/llvm17_inject/jacobi/pointer/site498_bit3.out,,,,,,,,,,,,,,,,
498,4,MASKED,MASKED_UNFLAGGED,,,,HeCBench/results/llvm17_inject/jacobi/pointer/site498_bit4.out,,,,,,,,,,,,,,,,
498,5,MASKED,MASKED_UNFLAGGED,,,,HeCBench/results/llvm17_inject/jacobi/pointer/site498_bit5.out,,,,,,,,,,,,,,,,
498,6,MASKED,MASKED_UNFLAGGED,,,,HeCBench/results/llvm17_inject/jacobi/pointer/site498_bit6.out,,,,,,,,,,,,,,,,
498,7,MASKED,MASKED_UNFLAGGED,,,,HeCBench/results/llvm17_inject/jacobi/pointer/site498_bit7.out,,,,,,,,,,,,,,,,
498,8,MASKED,MASKED_UNFLAGGED,,,,HeCBench/results/llvm17_inject/jacobi/pointer/site498_bit8.out,,,,,,,,,,,,,,,,
498,9,MASKED,MASKED_UNFLAGGED,,,,HeCBench/results/llvm17_inject/jacobi/pointer/site498_bit9.out,,,,,,,,,,,,,,,,
498,10,MASKED,MASKED_UNFLAGGED,,,,HeCBench/results/llvm17_inject/jacobi/pointer/site498_bit10.out,,,,,,,,,,,,,,,,
498,11,MASKED,MASKED_UNFLAGGED,,,,HeCBench/results/llvm17_inject/jacobi/pointer/site498_bit11.out,,,,,,,,,,,,,,,,
498,12,MASKED,MASKED_UNFLAGGED,,,,HeCBench/results/llvm17_inject/jacobi/pointer/site498_bit12.out,,,,,,,,,,,,,,,,
498,13,MASKED,MASKED_UNFLAGGED,,,,HeCBench/results/llvm17_inject/jacobi/pointer/site498_bit13.out,,,,,,,,,,,,,,,,
498,14,MASKED,MASKED_UNFLAGGED,,,,HeCBench/results/llvm17_inject/jacobi/pointer/site498_bit14.out,,,,,,,,,,,,,,,,
498,15,MASKED,MASKED_UNFLAGGED,,,,HeCBench/results/llvm17_inject/jacobi/pointer/site498_bit15.out,,,,,,,,,,,,,,,,
498,16,MASKED,MASKED_UNFLAGGED,,,,HeCBench/results/llvm17_inject/jacobi/pointer/site498_bit16.out,,,,,,,,,,,,,,,,
498,17,MASKED,MASKED_UNFLAGGED,,,,HeCBench/results/llvm17_inject/jacobi/pointer/site498_bit17.out,,,,,,,,,,,,,,,,
498,18,MASKED,MASKED_UNFLAGGED,,,,HeCBench/results/llvm17_inject/jacobi/pointer/site498_bit18.out,,,,,,,,,,,,,,,,
498,19,MASKED,MASKED_UNFLAGGED,,,,HeCBench/results/llvm17_inject/jacobi/pointer/site498_bit19.out,,,,,,,,,,,,,,,,
498,20,MASKED,MASKED_UNFLAGGED,,,,HeCBench/results/llvm17_inject/jacobi/pointer/site498_bit20.out,,,,,,,,,,,,,,,,
498,21,MASKED,MASKED_UNFLAGGED,,,,HeCBench/results/llvm17_inject/jacobi/pointer/site498_bit21.out,,,,,,,,,,,,,,,,
498,22,MASKED,MASKED_UNFLAGGED,,,,HeCBench/results/llvm17_inject/jacobi/pointer/site498_bit22.out,,,,,,,,,,,,,,,,
498,23,MASKED,MASKED_UNFLAGGED,,,,HeCBench/results/llvm17_inject/jacobi/pointer/site498_bit23.out,,,,,,,,,,,,,,,,
498,24,MASKED,MASKED_UNFLAGGED,,,,HeCBench/results/llvm17_inject/jacobi/pointer/site498_bit24.out,,,,,,,,,,,,,,,,
498,25,MASKED,MASKED_UNFLAGGED,,,,HeCBench/results/llvm17_inject/jacobi/pointer/site498_bit25.out,,,,,,,,,,,,,,,,
498,26,MASKED,MASKED_UNFLAGGED,,,,HeCBench/results/llvm17_inject/jacobi/pointer/site498_bit26.out,,,,,,,,,,,,,,,,
498,27,MASKED,MASKED_UNFLAGGED,,,,HeCBench/results/llvm17_inject/jacobi/pointer/site498_bit27.out,,,,,,,,,,,,,,,,
498,28,MASKED,MASKED_UNFLAGGED,,,,HeCBench/results/llvm17_inject/jacobi/pointer/site498_bit28.out,,,,,,,,,,,,,,,,
498,29,MASKED,MASKED_UNFLAGGED,,,,HeCBench/results/llvm17_inject/jacobi/pointer/site498_bit29.out,,,,,,,,,,,,,,,,
498,30,MASKED,MASKED_UNFLAGGED,,,,HeCBench/results/llvm17_inject/jacobi/pointer/site498_bit30.out,,,,,,,,,,,,,,,,
498,31,MASKED,MASKED_UNFLAGGED,,,,HeCBench/results/llvm17_inject/jacobi/pointer/site498_bit31.out,,,,,,,,,,,,,,,,
498,32,MASKED,MASKED_UNFLAGGED,,,,HeCBench/results/llvm17_inject/jacobi/pointer/site498_bit32.out,,,,,,,,,,,,,,,,
498,33,MASKED,MASKED_UNFLAGGED,,,,HeCBench/results/llvm17_inject/jacobi/pointer/site498_bit33.out,,,,,,,,,,,,,,,,
498,34,MASKED,MASKED_UNFLAGGED,,,,HeCBench/results/llvm17_inject/jacobi/pointer/site498_bit34.out,,,,,,,,,,,,,,,,
498,35,MASKED,MASKED_UNFLAGGED,,,,HeCBench/results/llvm17_inject/jacobi/pointer/site498_bit35.out,,,,,,,,,,,,,,,,
498,36,MASKED,MASKED_UNFLAGGED,,,,HeCBench/results/llvm17_inject/jacobi/pointer/site498_bit36.out,,,,,,,,,,,,,,,,
498,37,MASKED,MASKED_UNFLAGGED,,,,HeCBench/results/llvm17_inject/jacobi/pointer/site498_bit37.out,,,,,,,,,,,,,,,,
498,38,MASKED,MASKED_UNFLAGGED,,,,HeCBench/results/llvm17_inject/jacobi/pointer/site498_bit38.out,,,,,,,,,,,,,,,,
498,39,MASKED,MASKED_UNFLAGGED,,,,HeCBench/results/llvm17_inject/jacobi/pointer/site498_bit39.out,,,,,,,,,,,,,,,,
498,40,MASKED,MASKED_UNFLAGGED,,,,HeCBench/results/llvm17_inject/jacobi/pointer/site498_bit40.out,,,,,,,,,,,,,,,,
498,41,MASKED,MASKED_UNFLAGGED,,,,HeCBench/results/llvm17_inject/jacobi/pointer/site498_bit41.out,,,,,,,,,,,,,,,,
498,42,MASKED,MASKED_UNFLAGGED,,,,HeCBench/results/llvm17_inject/jacobi/pointer/site498_bit42.out,,,,,,,,,,,,,,,,
498,43,MASKED,MASKED_UNFLAGGED,,,,HeCBench/results/llvm17_inject/jacobi/pointer/site498_bit43.out,,,,,,,,,,,,,,,,
498,44,MASKED,MASKED_UNFLAGGED,,,,HeCBench/results/llvm17_inject/jacobi/pointer/site498_bit44.out,,,,,,,,,,,,,,,,
498,45,MASKED,MASKED_UNFLAGGED,,,,HeCBench/results/llvm17_inject/jacobi/pointer/site498_bit45.out,,,,,,,,,,,,,,,,
498,46,MASKED,MASKED_UNFLAGGED,,,,HeCBench/results/llvm17_inject/jacobi/pointer/site498_bit46.out,,,,,,,,,,,,,,,,
498,47,MASKED,MASKED_UNFLAGGED,,,,HeCBench/results/llvm17_inject/jacobi/pointer/site498_bit47.out,,,,,,,,,,,,,,,,
498,48,MASKED,MASKED_UNFLAGGED,,,,HeCBench/results/llvm17_inject/jacobi/pointer/site498_bit48.out,,,,,,,,,,,,,,,,
498,49,MASKED,MASKED_UNFLAGGED,,,,HeCBench/results/llvm17_inject/jacobi/pointer/site498_bit49.out,,,,,,,,,,,,,,,,
498,50,MASKED,MASKED_UNFLAGGED,,,,HeCBench/results/llvm17_inject/jacobi/pointer/site498_bit50.out,,,,,,,,,,,,,,,,
498,51,MASKED,MASKED_UNFLAGGED,,,,HeCBench/results/llvm17_inject/jacobi/pointer/site498_bit51.out,,,,,,,,,,,,,,,,
498,52,MASKED,MASKED_UNFLAGGED,,,,HeCBench/results/llvm17_inject/jacobi/pointer/site498_bit52.out,,,,,,,,,,,,,,,,
498,53,MASKED,MASKED_UNFLAGGED,,,,HeCBench/results/llvm17_inject/jacobi/pointer/site498_bit53.out,,,,,,,,,,,,,,,,
498,54,MASKED,MASKED_UNFLAGGED,,,,HeCBench/results/llvm17_inject/jacobi/pointer/site498_bit54.out,,,,,,,,,,,,,,,,
498,55,MASKED,MASKED_UNFLAGGED,,,,HeCBench/results/llvm17_inject/jacobi/pointer/site498_bit55.out,,,,,,,,,,,,,,,,
498,56,MASKED,MASKED_UNFLAGGED,,,,HeCBench/results/llvm17_inject/jacobi/pointer/site498_bit56.out,,,,,,,,,,,,,,,,
498,57,MASKED,MASKED_UNFLAGGED,,,,HeCBench/results/llvm17_inject/jacobi/pointer/site498_bit57.out,,,,,,,,,,,,,,,,
498,58,MASKED,MASKED_UNFLAGGED,,,,HeCBench/results/llvm17_inject/jacobi/pointer/site498_bit58.out,,,,,,,,,,,,,,,,
498,59,MASKED,MASKED_UNFLAGGED,,,,HeCBench/results/llvm17_inject/jacobi/pointer/site498_bit59.out,,,,,,,,,,,,,,,,
498,60,MASKED,MASKED_UNFLAGGED,,,,HeCBench/results/llvm17_inject/jacobi/pointer/site498_bit60.out,,,,,,,,,,,,,,,,
498,61,MASKED,MASKED_UNFLAGGED,,,,HeCBench/results/llvm17_inject/jacobi/pointer/site498_bit61.out,,,,,,,,,,,,,,,,
498,62,MASKED,MASKED_UNFLAGGED,,,,HeCBench/results/llvm17_inject/jacobi/pointer/site498_bit62.out,,,,,,,,,,,,,,,,
498,63,MASKED,MASKED_UNFLAGGED,,,,HeCBench/results/llvm17_inject/jacobi/pointer/site498_bit63.out,,,,,,,,,,,,,,,,
532,0,MASKED,MASKED_UNFLAGGED,,,,HeCBench/results/llvm17_inject/jacobi/pointer/site532_bit0.out,,,,,,,,,,,,,,,,
532,1,MASKED,MASKED_UNFLAGGED,,,,HeCBench/results/llvm17_inject/jacobi/pointer/site532_bit1.out,,,,,,,,,,,,,,,,
532,2,MASKED,MASKED_UNFLAGGED,,,,HeCBench/results/llvm17_inject/jacobi/pointer/site532_bit2.out,,,,,,,,,,,,,,,,
532,3,MASKED,MASKED_UNFLAGGED,,,,HeCBench/results/llvm17_inject/jacobi/pointer/site532_bit3.out,,,,,,,,,,,,,,,,
532,4,MASKED,MASKED_UNFLAGGED,,,,HeCBench/results/llvm17_inject/jacobi/pointer/site532_bit4.out,,,,,,,,,,,,,,,,
532,5,MASKED,MASKED_UNFLAGGED,,,,HeCBench/results/llvm17_inject/jacobi/pointer/site532_bit5.out,,,,,,,,,,,,,,,,
532,6,MASKED,MASKED_UNFLAGGED,,,,HeCBench/results/llvm17_inject/jacobi/pointer/site532_bit6.out,,,,,,,,,,,,,,,,
532,7,MASKED,MASKED_UNFLAGGED,,,,HeCBench/results/llvm17_inject/jacobi/pointer/site532_bit7.out,,,,,,,,,,,,,,,,
532,8,MASKED,MASKED_UNFLAGGED,,,,HeCBench/results/llvm17_inject/jacobi/pointer/site532_bit8.out,,,,,,,,,,,,,,,,
532,9,MASKED,MASKED_UNFLAGGED,,,,HeCBench/results/llvm17_inject/jacobi/pointer/site532_bit9.out,,,,,,,,,,,,,,,,
532,10,MASKED,MASKED_UNFLAGGED,,,,HeCBench/results/llvm17_inject/jacobi/pointer/site532_bit10.out,,,,,,,,,,,,,,,,
532,11,MASKED,MASKED_UNFLAGGED,,,,HeCBench/results/llvm17_inject/jacobi/pointer/site532_bit11.out,,,,,,,,,,,,,,,,
532,12,MASKED,MASKED_UNFLAGGED,,,,HeCBench/results/llvm17_inject/jacobi/pointer/site532_bit12.out,,,,,,,,,,,,,,,,
532,13,MASKED,MASKED_UNFLAGGED,,,,HeCBench/results/llvm17_inject/jacobi/pointer/site532_bit13.out,,,,,,,,,,,,,,,,
532,14,MASKED,MASKED_UNFLAGGED,,,,HeCBench/results/llvm17_inject/jacobi/pointer/site532_bit14.out,,,,,,,,,,,,,,,,
532,15,MASKED,MASKED_UNFLAGGED,,,,HeCBench/results/llvm17_inject/jacobi/pointer/site532_bit15.out,,,,,,,,,,,,,,,,
532,16,MASKED,MASKED_UNFLAGGED,,,,HeCBench/results/llvm17_inject/jacobi/pointer/site532_bit16.out,,,,,,,,,,,,,,,,
532,17,MASKED,MASKED_UNFLAGGED,,,,HeCBench/results/llvm17_inject/jacobi/pointer/site532_bit17.out,,,,,,,,,,,,,,,,
532,18,MASKED,MASKED_UNFLAGGED,,,,HeCBench/results/llvm17_inject/jacobi/pointer/site532_bit18.out,,,,,,,,,,,,,,,,
532,19,MASKED,MASKED_UNFLAGGED,,,,HeCBench/results/llvm17_inject/jacobi/pointer/site532_bit19.out,,,,,,,,,,,,,,,,
532,20,MASKED,MASKED_UNFLAGGED,,,,HeCBench/results/llvm17_inject/jacobi/pointer/site532_bit20.out,,,,,,,,,,,,,,,,
532,21,MASKED,MASKED_UNFLAGGED,,,,HeCBench/results/llvm17_inject/jacobi/pointer/site532_bit21.out,,,,,,,,,,,,,,,,
532,22,MASKED,MASKED_UNFLAGGED,,,,HeCBench/results/llvm17_inject/jacobi/pointer/site532_bit22.out,,,,,,,,,,,,,,,,
532,23,MASKED,MASKED_UNFLAGGED,,,,HeCBench/results/llvm17_inject/jacobi/pointer/site532_bit23.out,,,,,,,,,,,,,,,,
532,24,MASKED,MASKED_UNFLAGGED,,,,HeCBench/results/llvm17_inject/jacobi/pointer/site532_bit24.out,,,,,,,,,,,,,,,,
532,25,MASKED,MASKED_UNFLAGGED,,,,HeCBench/results/llvm17_inject/jacobi/pointer/site532_bit25.out,,,,,,,,,,,,,,,,
532,26,MASKED,MASKED_UNFLAGGED,,,,HeCBench/results/llvm17_inject/jacobi/pointer/site532_bit26.out,,,,,,,,,,,,,,,,
532,27,MASKED,MASKED_UNFLAGGED,,,,HeCBench/results/llvm17_inject/jacobi/pointer/site532_bit27.out,,,,,,,,,,,,,,,,
532,28,MASKED,MASKED_UNFLAGGED,,,,HeCBench/results/llvm17_inject/jacobi/pointer/site532_bit28.out,,,,,,,,,,,,,,,,
532,29,MASKED,MASKED_UNFLAGGED,,,,HeCBench/results/llvm17_inject/jacobi/pointer/site532_bit29.out,,,,,,,,,,,,,,,,
532,30,MASKED,MASKED_UNFLAGGED,,,,HeCBench/results/llvm17_inject/jacobi/pointer/site532_bit30.out,,,,,,,,,,,,,,,,
532,31,MASKED,MASKED_UNFLAGGED,,,,HeCBench/results/llvm17_inject/jacobi/pointer/site532_bit31.out,,,,,,,,,,,,,,,,
532,32,MASKED,MASKED_UNFLAGGED,,,,HeCBench/results/llvm17_inject/jacobi/pointer/site532_bit32.out,,,,,,,,,,,,,,,,
532,33,MASKED,MASKED_UNFLAGGED,,,,HeCBench/results/llvm17_inject/jacobi/pointer/site532_bit33.out,,,,,,,,,,,,,,,,
532,34,MASKED,MASKED_UNFLAGGED,,,,HeCBench/results/llvm17_inject/jacobi/pointer/site532_bit34.out,,,,,,,,,,,,,,,,
532,35,MASKED,MASKED_UNFLAGGED,,,,HeCBench/results/llvm17_inject/jacobi/pointer/site532_bit35.out,,,,,,,,,,,,,,,,
532,36,MASKED,MASKED_UNFLAGGED,,,,HeCBench/results/llvm17_inject/jacobi/pointer/site532_bit36.out,,,,,,,,,,,,,,,,
532,37,MASKED,MASKED_UNFLAGGED,,,,HeCBench/results/llvm17_inject/jacobi/pointer/site532_bit37.out,,,,,,,,,,,,,,,,
532,38,MASKED,MASKED_UNFLAGGED,,,,HeCBench/results/llvm17_inject/jacobi/pointer/site532_bit38.out,,,,,,,,,,,,,,,,
532,39,MASKED,MASKED_UNFLAGGED,,,,HeCBench/results/llvm17_inject/jacobi/pointer/site532_bit39.out,,,,,,,,,,,,,,,,
532,40,MASKED,MASKED_UNFLAGGED,,,,HeCBench/results/llvm17_inject/jacobi/pointer/site532_bit40.out,,,,,,,,,,,,,,,,
532,41,MASKED,MASKED_UNFLAGGED,,,,HeCBench/results/llvm17_inject/jacobi/pointer/site532_bit41.out,,,,,,,,,,,,,,,,
532,42,MASKED,MASKED_UNFLAGGED,,,,HeCBench/results/llvm17_inject/jacobi/pointer/site532_bit42.out,,,,,,,,,,,,,,,,
532,43,MASKED,MASKED_UNFLAGGED,,,,HeCBench/results/llvm17_inject/jacobi/pointer/site532_bit43.out,,,,,,,,,,,,,,,,
532,44,MASKED,MASKED_UNFLAGGED,,,,HeCBench/results/llvm17_inject/jacobi/pointer/site532_bit44.out,,,,,,,,,,,,,,,,
532,45,MASKED,MASKED_UNFLAGGED,,,,HeCBench/results/llvm17_inject/jacobi/pointer/site532_bit45.out,,,,,,,,,,,,,,,,
532,46,MASKED,MASKED_UNFLAGGED,,,,HeCBench/results/llvm17_inject/jacobi/pointer/site532_bit46.out,,,,,,,,,,,,,,,,
532,47,MASKED,MASKED_UNFLAGGED,,,,HeCBench/results/llvm17_inject/jacobi/pointer/site532_bit47.out,,,,,,,,,,,,,,,,
532,48,MASKED,MASKED_UNFLAGGED,,,,HeCBench/results/llvm17_inject/jacobi/pointer/site532_bit48.out,,,,,,,,,,,,,,,,
532,49,MASKED,MASKED_UNFLAGGED,,,,HeCBench/results/llvm17_inject/jacobi/pointer/site532_bit49.out,,,,,,,,,,,,,,,,
532,50,MASKED,MASKED_UNFLAGGED,,,,HeCBench/results/llvm17_inject/jacobi/pointer/site532_bit50.out,,,,,,,,,,,,,,,,
532,51,MASKED,MASKED_UNFLAGGED,,,,HeCBench/results/llvm17_inject/jacobi/pointer/site532_bit51.out,,,,,,,,,,,,,,,,
532,52,MASKED,MASKED_UNFLAGGED,,,,HeCBench/results/llvm17_inject/jacobi/pointer/site532_bit52.out,,,,,,,,,,,,,,,,
532,53,MASKED,MASKED_UNFLAGGED,,,,HeCBench/results/llvm17_inject/jacobi/pointer/site532_bit53.out,,,,,,,,,,,,,,,,
532,54,MASKED,MASKED_UNFLAGGED,,,,HeCBench/results/llvm17_inject/jacobi/pointer/site532_bit54.out,,,,,,,,,,,,,,,,
532,55,MASKED,MASKED_UNFLAGGED,,,,HeCBench/results/llvm17_inject/jacobi/pointer/site532_bit55.out,,,,,,,,,,,,,,,,
532,56,MASKED,MASKED_UNFLAGGED,,,,HeCBench/results/llvm17_inject/jacobi/pointer/site532_bit56.out,,,,,,,,,,,,,,,,
532,57,MASKED,MASKED_UNFLAGGED,,,,HeCBench/results/llvm17_inject/jacobi/pointer/site532_bit57.out,,,,,,,,,,,,,,,,
532,58,MASKED,MASKED_UNFLAGGED,,,,HeCBench/results/llvm17_inject/jacobi/pointer/site532_bit58.out,,,,,,,,,,,,,,,,
532,59,MASKED,MASKED_UNFLAGGED,,,,HeCBench/results/llvm17_inject/jacobi/pointer/site532_bit59.out,,,,,,,,,,,,,,,,
532,60,MASKED,MASKED_UNFLAGGED,,,,HeCBench/results/llvm17_inject/jacobi/pointer/site532_bit60.out,,,,,,,,,,,,,,,,
532,61,MASKED,MASKED_UNFLAGGED,,,,HeCBench/results/llvm17_inject/jacobi/pointer/site532_bit61.out,,,,,,,,,,,,,,,,
532,62,MASKED,MASKED_UNFLAGGED,,,,HeCBench/results/llvm17_inject/jacobi/pointer/site532_bit62.out,,,,,,,,,,,,,,,,
532,63,MASKED,MASKED_UNFLAGGED,,,,HeCBench/results/llvm17_inject/jacobi/pointer/site532_bit63.out,,,,,,,,,,,,,,,,
541,0,MASKED,MASKED_UNFLAGGED,,,,HeCBench/results/llvm17_inject/jacobi/pointer/site541_bit0.out,,,,,,,,,,,,,,,,
541,1,MASKED,MASKED_UNFLAGGED,,,,HeCBench/results/llvm17_inject/jacobi/pointer/site541_bit1.out,,,,,,,,,,,,,,,,
541,2,MASKED,MASKED_UNFLAGGED,,,,HeCBench/results/llvm17_inject/jacobi/pointer/site541_bit2.out,,,,,,,,,,,,,,,,
541,3,MASKED,MASKED_UNFLAGGED,,,,HeCBench/results/llvm17_inject/jacobi/pointer/site541_bit3.out,,,,,,,,,,,,,,,,
541,4,MASKED,MASKED_UNFLAGGED,,,,HeCBench/results/llvm17_inject/jacobi/pointer/site541_bit4.out,,,,,,,,,,,,,,,,
541,5,MASKED,MASKED_UNFLAGGED,,,,HeCBench/results/llvm17_inject/jacobi/pointer/site541_bit5.out,,,,,,,,,,,,,,,,
541,6,MASKED,MASKED_UNFLAGGED,,,,HeCBench/results/llvm17_inject/jacobi/pointer/site541_bit6.out,,,,,,,,,,,,,,,,
541,7,MASKED,MASKED_UNFLAGGED,,,,HeCBench/results/llvm17_inject/jacobi/pointer/site541_bit7.out,,,,,,,,,,,,,,,,
541,8,MASKED,MASKED_UNFLAGGED,,,,HeCBench/results/llvm17_inject/jacobi/pointer/site541_bit8.out,,,,,,,,,,,,,,,,
541,9,MASKED,MASKED_UNFLAGGED,,,,HeCBench/results/llvm17_inject/jacobi/pointer/site541_bit9.out,,,,,,,,,,,,,,,,
541,10,MASKED,MASKED_UNFLAGGED,,,,HeCBench/results/llvm17_inject/jacobi/pointer/site541_bit10.out,,,,,,,,,,,,,,,,
541,11,MASKED,MASKED_UNFLAGGED,,,,HeCBench/results/llvm17_inject/jacobi/pointer/site541_bit11.out,,,,,,,,,,,,,,,,
541,12,MASKED,MASKED_UNFLAGGED,,,,HeCBench/results/llvm17_inject/jacobi/pointer/site541_bit12.out,,,,,,,,,,,,,,,,
541,13,MASKED,MASKED_UNFLAGGED,,,,HeCBench/results/llvm17_inject/jacobi/pointer/site541_bit13.out,,,,,,,,,,,,,,,,
541,14,MASKED,MASKED_UNFLAGGED,,,,HeCBench/results/llvm17_inject/jacobi/pointer/site541_bit14.out,,,,,,,,,,,,,,,,
541,15,MASKED,MASKED_UNFLAGGED,,,,HeCBench/results/llvm17_inject/jacobi/pointer/site541_bit15.out,,,,,,,,,,,,,,,,
541,16,MASKED,MASKED_UNFLAGGED,,,,HeCBench/results/llvm17_inject/jacobi/pointer/site541_bit16.out,,,,,,,,,,,,,,,,
541,17,MASKED,MASKED_UNFLAGGED,,,,HeCBench/results/llvm17_inject/jacobi/pointer/site541_bit17.out,,,,,,,,,,,,,,,,
541,18,MASKED,MASKED_UNFLAGGED,,,,HeCBench/results/llvm17_inject/jacobi/pointer/site541_bit18.out,,,,,,,,,,,,,,,,
541,19,MASKED,MASKED_UNFLAGGED,,,,HeCBench/results/llvm17_inject/jacobi/pointer/site541_bit19.out,,,,,,,,,,,,,,,,
541,20,MASKED,MASKED_UNFLAGGED,,,,HeCBench/results/llvm17_inject/jacobi/pointer/site541_bit20.out,,,,,,,,,,,,,,,,
541,21,MASKED,MASKED_UNFLAGGED,,,,HeCBench/results/llvm17_inject/jacobi/pointer/site541_bit21.out,,,,,,,,,,,,,,,,
541,22,MASKED,MASKED_UNFLAGGED,,,,HeCBench/results/llvm17_inject/jacobi/pointer/site541_bit22.out,,,,,,,,,,,,,,,,
541,23,MASKED,MASKED_UNFLAGGED,,,,HeCBench/results/llvm17_inject/jacobi/pointer/site541_bit23.out,,,,,,,,,,,,,,,,
541,24,MASKED,MASKED_UNFLAGGED,,,,HeCBench/results/llvm17_inject/jacobi/pointer/site541_bit24.out,,,,,,,,,,,,,,,,
541,25,MASKED,MASKED_UNFLAGGED,,,,HeCBench/results/llvm17_inject/jacobi/pointer/site541_bit25.out,,,,,,,,,,,,,,,,
541,26,MASKED,MASKED_UNFLAGGED,,,,HeCBench/results/llvm17_inject/jacobi/pointer/site541_bit26.out,,,,,,,,,,,,,,,,
541,27,MASKED,MASKED_UNFLAGGED,,,,HeCBench/results/llvm17_inject/jacobi/pointer/site541_bit27.out,,,,,,,,,,,,,,,,
541,28,MASKED,MASKED_UNFLAGGED,,,,HeCBench/results/llvm17_inject/jacobi/pointer/site541_bit28.out,,,,,,,,,,,,,,,,
541,29,MASKED,MASKED_UNFLAGGED,,,,HeCBench/results/llvm17_inject/jacobi/pointer/site541_bit29.out,,,,,,,,,,,,,,,,
541,30,MASKED,MASKED_UNFLAGGED,,,,HeCBench/results/llvm17_inject/jacobi/pointer/site541_bit30.out,,,,,,,,,,,,,,,,
541,31,MASKED,MASKED_UNFLAGGED,,,,HeCBench/results/llvm17_inject/jacobi/pointer/site541_bit31.out,,,,,,,,,,,,,,,,
541,32,MASKED,MASKED_UNFLAGGED,,,,HeCBench/results/llvm17_inject/jacobi/pointer/site541_bit32.out,,,,,,,,,,,,,,,,
541,33,MASKED,MASKED_UNFLAGGED,,,,HeCBench/results/llvm17_inject/jacobi/pointer/site541_bit33.out,,,,,,,,,,,,,,,,
541,34,MASKED,MASKED_UNFLAGGED,,,,HeCBench/results/llvm17_inject/jacobi/pointer/site541_bit34.out,,,,,,,,,,,,,,,,
541,35,MASKED,MASKED_UNFLAGGED,,,,HeCBench/results/llvm17_inject/jacobi/pointer/site541_bit35.out,,,,,,,,,,,,,,,,
541,36,MASKED,MASKED_UNFLAGGED,,,,HeCBench/results/llvm17_inject/jacobi/pointer/site541_bit36.out,,,,,,,,,,,,,,,,
541,37,MASKED,MASKED_UNFLAGGED,,,,HeCBench/results/llvm17_inject/jacobi/pointer/site541_bit37.out,,,,,,,,,,,,,,,,
541,38,MASKED,MASKED_UNFLAGGED,,,,HeCBench/results/llvm17_inject/jacobi/pointer/site541_bit38.out,,,,,,,,,,,,,,,,
541,39,MASKED,MASKED_UNFLAGGED,,,,HeCBench/results/llvm17_inject/jacobi/pointer/site541_bit39.out,,,,,,,,,,,,,,,,
541,40,MASKED,MASKED_UNFLAGGED,,,,HeCBench/results/llvm17_inject/jacobi/pointer/site541_bit40.out,,,,,,,,,,,,,,,,
541,41,MASKED,MASKED_UNFLAGGED,,,,HeCBench/results/llvm17_inject/jacobi/pointer/site541_bit41.out,,,,,,,,,,,,,,,,
541,42,MASKED,MASKED_UNFLAGGED,,,,HeCBench/results/llvm17_inject/jacobi/pointer/site541_bit42.out,,,,,,,,,,,,,,,,
541,43,MASKED,MASKED_UNFLAGGED,,,,HeCBench/results/llvm17_inject/jacobi/pointer/site541_bit43.out,,,,,,,,,,,,,,,,
541,44,MASKED,MASKED_UNFLAGGED,,,,HeCBench/results/llvm17_inject/jacobi/pointer/site541_bit44.out,,,,,,,,,,,,,,,,
541,45,MASKED,MASKED_UNFLAGGED,,,,HeCBench/results/llvm17_inject/jacobi/pointer/site541_bit45.out,,,,,,,,,,,,,,,,
541,46,MASKED,MASKED_UNFLAGGED,,,,HeCBench/results/llvm17_inject/jacobi/pointer/site541_bit46.out,,,,,,,,,,,,,,,,
541,47,MASKED,MASKED_UNFLAGGED,,,,HeCBench/results/llvm17_inject/jacobi/pointer/site541_bit47.out,,,,,,,,,,,,,,,,
541,48,MASKED,MASKED_UNFLAGGED,,,,HeCBench/results/llvm17_inject/jacobi/pointer/site541_bit48.out,,,,,,,,,,,,,,,,
541,49,MASKED,MASKED_UNFLAGGED,,,,HeCBench/results/llvm17_inject/jacobi/pointer/site541_bit49.out,,,,,,,,,,,,,,,,
541,50,MASKED,MASKED_UNFLAGGED,,,,HeCBench/results/llvm17_inject/jacobi/pointer/site541_bit50.out,,,,,,,,,,,,,,,,
541,51,MASKED,MASKED_UNFLAGGED,,,,HeCBench/results/llvm17_inject/jacobi/pointer/site541_bit51.out,,,,,,,,,,,,,,,,
541,52,MASKED,MASKED_UNFLAGGED,,,,HeCBench/results/llvm17_inject/jacobi/pointer/site541_bit52.out,,,,,,,,,,,,,,,,
541,53,MASKED,MASKED_UNFLAGGED,,,,HeCBench/results/llvm17_inject/jacobi/pointer/site541_bit53.out,,,,,,,,,,,,,,,,
541,54,MASKED,MASKED_UNFLAGGED,,,,HeCBench/results/llvm17_inject/jacobi/pointer/site541_bit54.out,,,,,,,,,,,,,,,,
541,55,MASKED,MASKED_UNFLAGGED,,,,HeCBench/results/llvm17_inject/jacobi/pointer/site541_bit55.out,,,,,,,,,,,,,,,,
541,56,MASKED,MASKED_UNFLAGGED,,,,HeCBench/results/llvm17_inject/jacobi/pointer/site541_bit56.out,,,,,,,,,,,,,,,,
541,57,MASKED,MASKED_UNFLAGGED,,,,HeCBench/results/llvm17_inject/jacobi/pointer/site541_bit57.out,,,,,,,,,,,,,,,,
541,58,MASKED,MASKED_UNFLAGGED,,,,HeCBench/results/llvm17_inject/jacobi/pointer/site541_bit58.out,,,,,,,,,,,,,,,,
541,59,MASKED,MASKED_UNFLAGGED,,,,HeCBench/results/llvm17_inject/jacobi/pointer/site541_bit59.out,,,,,,,,,,,,,,,,
541,60,MASKED,MASKED_UNFLAGGED,,,,HeCBench/results/llvm17_inject/jacobi/pointer/site541_bit60.out,,,,,,,,,,,,,,,,
541,61,MASKED,MASKED_UNFLAGGED,,,,HeCBench/results/llvm17_inject/jacobi/pointer/site541_bit61.out,,,,,,,,,,,,,,,,
541,62,MASKED,MASKED_UNFLAGGED,,,,HeCBench/results/llvm17_inject/jacobi/pointer/site541_bit62.out,,,,,,,,,,,,,,,,
541,63,MASKED,MASKED_UNFLAGGED,,,,HeCBench/results/llvm17_inject/jacobi/pointer/site541_bit63.out,,,,,,,,,,,,,,,,
544,0,MASKED,MASKED_UNFLAGGED,,,,HeCBench/results/llvm17_inject/jacobi/pointer/site544_bit0.out,,,,,,,,,,,,,,,,
544,1,MASKED,MASKED_UNFLAGGED,,,,HeCBench/results/llvm17_inject/jacobi/pointer/site544_bit1.out,,,,,,,,,,,,,,,,
544,2,MASKED,MASKED_UNFLAGGED,,,,HeCBench/results/llvm17_inject/jacobi/pointer/site544_bit2.out,,,,,,,,,,,,,,,,
544,3,MASKED,MASKED_UNFLAGGED,,,,HeCBench/results/llvm17_inject/jacobi/pointer/site544_bit3.out,,,,,,,,,,,,,,,,
544,4,MASKED,MASKED_UNFLAGGED,,,,HeCBench/results/llvm17_inject/jacobi/pointer/site544_bit4.out,,,,,,,,,,,,,,,,
544,5,MASKED,MASKED_UNFLAGGED,,,,HeCBench/results/llvm17_inject/jacobi/pointer/site544_bit5.out,,,,,,,,,,,,,,,,
544,6,MASKED,MASKED_UNFLAGGED,,,,HeCBench/results/llvm17_inject/jacobi/pointer/site544_bit6.out,,,,,,,,,,,,,,,,
544,7,MASKED,MASKED_UNFLAGGED,,,,HeCBench/results/llvm17_inject/jacobi/pointer/site544_bit7.out,,,,,,,,,,,,,,,,
544,8,MASKED,MASKED_UNFLAGGED,,,,HeCBench/results/llvm17_inject/jacobi/pointer/site544_bit8.out,,,,,,,,,,,,,,,,
544,9,MASKED,MASKED_UNFLAGGED,,,,HeCBench/results/llvm17_inject/jacobi/pointer/site544_bit9.out,,,,,,,,,,,,,,,,
544,10,MASKED,MASKED_UNFLAGGED,,,,HeCBench/results/llvm17_inject/jacobi/pointer/site544_bit10.out,,,,,,,,,,,,,,,,
544,11,MASKED,MASKED_UNFLAGGED,,,,HeCBench/results/llvm17_inject/jacobi/pointer/site544_bit11.out,,,,,,,,,,,,,,,,
544,12,MASKED,MASKED_UNFLAGGED,,,,HeCBench/results/llvm17_inject/jacobi/pointer/site544_bit12.out,,,,,,,,,,,,,,,,
544,13,MASKED,MASKED_UNFLAGGED,,,,HeCBench/results/llvm17_inject/jacobi/pointer/site544_bit13.out,,,,,,,,,,,,,,,,
544,14,MASKED,MASKED_UNFLAGGED,,,,HeCBench/results/llvm17_inject/jacobi/pointer/site544_bit14.out,,,,,,,,,,,,,,,,
544,15,MASKED,MASKED_UNFLAGGED,,,,HeCBench/results/llvm17_inject/jacobi/pointer/site544_bit15.out,,,,,,,,,,,,,,,,
544,16,MASKED,MASKED_UNFLAGGED,,,,HeCBench/results/llvm17_inject/jacobi/pointer/site544_bit16.out,,,,,,,,,,,,,,,,
544,17,MASKED,MASKED_UNFLAGGED,,,,HeCBench/results/llvm17_inject/jacobi/pointer/site544_bit17.out,,,,,,,,,,,,,,,,
544,18,MASKED,MASKED_UNFLAGGED,,,,HeCBench/results/llvm17_inject/jacobi/pointer/site544_bit18.out,,,,,,,,,,,,,,,,
544,19,MASKED,MASKED_UNFLAGGED,,,,HeCBench/results/llvm17_inject/jacobi/pointer/site544_bit19.out,,,,,,,,,,,,,,,,
544,20,MASKED,MASKED_UNFLAGGED,,,,HeCBench/results/llvm17_inject/jacobi/pointer/site544_bit20.out,,,,,,,,,,,,,,,,
544,21,MASKED,MASKED_UNFLAGGED,,,,HeCBench/results/llvm17_inject/jacobi/pointer/site544_bit21.out,,,,,,,,,,,,,,,,
544,22,MASKED,MASKED_UNFLAGGED,,,,HeCBench/results/llvm17_inject/jacobi/pointer/site544_bit22.out,,,,,,,,,,,,,,,,
544,23,MASKED,MASKED_UNFLAGGED,,,,HeCBench/results/llvm17_inject/jacobi/pointer/site544_bit23.out,,,,,,,,,,,,,,,,
544,24,MASKED,MASKED_UNFLAGGED,,,,HeCBench/results/llvm17_inject/jacobi/pointer/site544_bit24.out,,,,,,,,,,,,,,,,
544,25,MASKED,MASKED_UNFLAGGED,,,,HeCBench/results/llvm17_inject/jacobi/pointer/site544_bit25.out,,,,,,,,,,,,,,,,
544,26,MASKED,MASKED_UNFLAGGED,,,,HeCBench/results/llvm17_inject/jacobi/pointer/site544_bit26.out,,,,,,,,,,,,,,,,
544,27,MASKED,MASKED_UNFLAGGED,,,,HeCBench/results/llvm17_inject/jacobi/pointer/site544_bit27.out,,,,,,,,,,,,,,,,
544,28,MASKED,MASKED_UNFLAGGED,,,,HeCBench/results/llvm17_inject/jacobi/pointer/site544_bit28.out,,,,,,,,,,,,,,,,
544,29,MASKED,MASKED_UNFLAGGED,,,,HeCBench/results/llvm17_inject/jacobi/pointer/site544_bit29.out,,,,,,,,,,,,,,,,
544,30,MASKED,MASKED_UNFLAGGED,,,,HeCBench/results/llvm17_inject/jacobi/pointer/site544_bit30.out,,,,,,,,,,,,,,,,
544,31,MASKED,MASKED_UNFLAGGED,,,,HeCBench/results/llvm17_inject/jacobi/pointer/site544_bit31.out,,,,,,,,,,,,,,,,
544,32,MASKED,MASKED_UNFLAGGED,,,,HeCBench/results/llvm17_inject/jacobi/pointer/site544_bit32.out,,,,,,,,,,,,,,,,
544,33,MASKED,MASKED_UNFLAGGED,,,,HeCBench/results/llvm17_inject/jacobi/pointer/site544_bit33.out,,,,,,,,,,,,,,,,
544,34,MASKED,MASKED_UNFLAGGED,,,,HeCBench/results/llvm17_inject/jacobi/pointer/site544_bit34.out,,,,,,,,,,,,,,,,
544,35,MASKED,MASKED_UNFLAGGED,,,,HeCBench/results/llvm17_inject/jacobi/pointer/site544_bit35.out,,,,,,,,,,,,,,,,
544,36,MASKED,MASKED_UNFLAGGED,,,,HeCBench/results/llvm17_inject/jacobi/pointer/site544_bit36.out,,,,,,,,,,,,,,,,
544,37,MASKED,MASKED_UNFLAGGED,,,,HeCBench/results/llvm17_inject/jacobi/pointer/site544_bit37.out,,,,,,,,,,,,,,,,
544,38,MASKED,MASKED_UNFLAGGED,,,,HeCBench/results/llvm17_inject/jacobi/pointer/site544_bit38.out,,,,,,,,,,,,,,,,
544,39,MASKED,MASKED_UNFLAGGED,,,,HeCBench/results/llvm17_inject/jacobi/pointer/site544_bit39.out,,,,,,,,,,,,,,,,
544,40,MASKED,MASKED_UNFLAGGED,,,,HeCBench/results/llvm17_inject/jacobi/pointer/site544_bit40.out,,,,,,,,,,,,,,,,
544,41,MASKED,MASKED_UNFLAGGED,,,,HeCBench/results/llvm17_inject/jacobi/pointer/site544_bit41.out,,,,,,,,,,,,,,,,
544,42,MASKED,MASKED_UNFLAGGED,,,,HeCBench/results/llvm17_inject/jacobi/pointer/site544_bit42.out,,,,,,,,,,,,,,,,
544,43,MASKED,MASKED_UNFLAGGED,,,,HeCBench/results/llvm17_inject/jacobi/pointer/site544_bit43.out,,,,,,,,,,,,,,,,
544,44,MASKED,MASKED_UNFLAGGED,,,,HeCBench/results/llvm17_inject/jacobi/pointer/site544_bit44.out,,,,,,,,,,,,,,,,
544,45,MASKED,MASKED_UNFLAGGED,,,,HeCBench/results/llvm17_inject/jacobi/pointer/site544_bit45.out,,,,,,,,,,,,,,,,
544,46,MASKED,MASKED_UNFLAGGED,,,,HeCBench/results/llvm17_inject/jacobi/pointer/site544_bit46.out,,,,,,,,,,,,,,,,
544,47,MASKED,MASKED_UNFLAGGED,,,,HeCBench/results/llvm17_inject/jacobi/pointer/site544_bit47.out,,,,,,,,,,,,,,,,
544,48,MASKED,MASKED_UNFLAGGED,,,,HeCBench/results/llvm17_inject/jacobi/pointer/site544_bit48.out,,,,,,,,,,,,,,,,
544,49,MASKED,MASKED_UNFLAGGED,,,,HeCBench/results/llvm17_inject/jacobi/pointer/site544_bit49.out,,,,,,,,,,,,,,,,
544,50,MASKED,MASKED_UNFLAGGED,,,,HeCBench/results/llvm17_inject/jacobi/pointer/site544_bit50.out,,,,,,,,,,,,,,,,
544,51,MASKED,MASKED_UNFLAGGED,,,,HeCBench/results/llvm17_inject/jacobi/pointer/site544_bit51.out,,,,,,,,,,,,,,,,
544,52,MASKED,MASKED_UNFLAGGED,,,,HeCBench/results/llvm17_inject/jacobi/pointer/site544_bit52.out,,,,,,,,,,,,,,,,
544,53,MASKED,MASKED_UNFLAGGED,,,,HeCBench/results/llvm17_inject/jacobi/pointer/site544_bit53.out,,,,,,,,,,,,,,,,
544,54,MASKED,MASKED_UNFLAGGED,,,,HeCBench/results/llvm17_inject/jacobi/pointer/site544_bit54.out,,,,,,,,,,,,,,,,
544,55,MASKED,MASKED_UNFLAGGED,,,,HeCBench/results/llvm17_inject/jacobi/pointer/site544_bit55.out,,,,,,,,,,,,,,,,
544,56,MASKED,MASKED_UNFLAGGED,,,,HeCBench/results/llvm17_inject/jacobi/pointer/site544_bit56.out,,,,,,,,,,,,,,,,
544,57,MASKED,MASKED_UNFLAGGED,,,,HeCBench/results/llvm17_inject/jacobi/pointer/site544_bit57.out,,,,,,,,,,,,,,,,
544,58,MASKED,MASKED_UNFLAGGED,,,,HeCBench/results/llvm17_inject/jacobi/pointer/site544_bit58.out,,,,,,,,,,,,,,,,
544,59,MASKED,MASKED_UNFLAGGED,,,,HeCBench/results/llvm17_inject/jacobi/pointer/site544_bit59.out,,,,,,,,,,,,,,,,
544,60,MASKED,MASKED_UNFLAGGED,,,,HeCBench/results/llvm17_inject/jacobi/pointer/site544_bit60.out,,,,,,,,,,,,,,,,
544,61,MASKED,MASKED_UNFLAGGED,,,,HeCBench/results/llvm17_inject/jacobi/pointer/site544_bit61.out,,,,,,,,,,,,,,,,
544,62,MASKED,MASKED_UNFLAGGED,,,,HeCBench/results/llvm17_inject/jacobi/pointer/site544_bit62.out,,,,,,,,,,,,,,,,
544,63,MASKED,MASKED_UNFLAGGED,,,,HeCBench/results/llvm17_inject/jacobi/pointer/site544_bit63.out,,,,,,,,,,,,,,,,
546,0,MASKED,MASKED_UNFLAGGED,,,,HeCBench/results/llvm17_inject/jacobi/pointer/site546_bit0.out,,,,,,,,,,,,,,,,
546,1,MASKED,MASKED_UNFLAGGED,,,,HeCBench/results/llvm17_inject/jacobi/pointer/site546_bit1.out,,,,,,,,,,,,,,,,
546,2,MASKED,MASKED_UNFLAGGED,,,,HeCBench/results/llvm17_inject/jacobi/pointer/site546_bit2.out,,,,,,,,,,,,,,,,
546,3,MASKED,MASKED_UNFLAGGED,,,,HeCBench/results/llvm17_inject/jacobi/pointer/site546_bit3.out,,,,,,,,,,,,,,,,
546,4,MASKED,MASKED_UNFLAGGED,,,,HeCBench/results/llvm17_inject/jacobi/pointer/site546_bit4.out,,,,,,,,,,,,,,,,
546,5,MASKED,MASKED_UNFLAGGED,,,,HeCBench/results/llvm17_inject/jacobi/pointer/site546_bit5.out,,,,,,,,,,,,,,,,
546,6,MASKED,MASKED_UNFLAGGED,,,,HeCBench/results/llvm17_inject/jacobi/pointer/site546_bit6.out,,,,,,,,,,,,,,,,
546,7,MASKED,MASKED_UNFLAGGED,,,,HeCBench/results/llvm17_inject/jacobi/pointer/site546_bit7.out,,,,,,,,,,,,,,,,
546,8,MASKED,MASKED_UNFLAGGED,,,,HeCBench/results/llvm17_inject/jacobi/pointer/site546_bit8.out,,,,,,,,,,,,,,,,
546,9,MASKED,MASKED_UNFLAGGED,,,,HeCBench/results/llvm17_inject/jacobi/pointer/site546_bit9.out,,,,,,,,,,,,,,,,
546,10,MASKED,MASKED_UNFLAGGED,,,,HeCBench/results/llvm17_inject/jacobi/pointer/site546_bit10.out,,,,,,,,,,,,,,,,
546,11,MASKED,MASKED_UNFLAGGED,,,,HeCBench/results/llvm17_inject/jacobi/pointer/site546_bit11.out,,,,,,,,,,,,,,,,
546,12,MASKED,MASKED_UNFLAGGED,,,,HeCBench/results/llvm17_inject/jacobi/pointer/site546_bit12.out,,,,,,,,,,,,,,,,
546,13,MASKED,MASKED_UNFLAGGED,,,,HeCBench/results/llvm17_inject/jacobi/pointer/site546_bit13.out,,,,,,,,,,,,,,,,
546,14,MASKED,MASKED_UNFLAGGED,,,,HeCBench/results/llvm17_inject/jacobi/pointer/site546_bit14.out,,,,,,,,,,,,,,,,
546,15,MASKED,MASKED_UNFLAGGED,,,,HeCBench/results/llvm17_inject/jacobi/pointer/site546_bit15.out,,,,,,,,,,,,,,,,
546,16,MASKED,MASKED_UNFLAGGED,,,,HeCBench/results/llvm17_inject/jacobi/pointer/site546_bit16.out,,,,,,,,,,,,,,,,
546,17,MASKED,MASKED_UNFLAGGED,,,,HeCBench/results/llvm17_inject/jacobi/pointer/site546_bit17.out,,,,,,,,,,,,,,,,
546,18,MASKED,MASKED_UNFLAGGED,,,,HeCBench/results/llvm17_inject/jacobi/pointer/site546_bit18.out,,,,,,,,,,,,,,,,
546,19,MASKED,MASKED_UNFLAGGED,,,,HeCBench/results/llvm17_inject/jacobi/pointer/site546_bit19.out,,,,,,,,,,,,,,,,
546,20,MASKED,MASKED_UNFLAGGED,,,,HeCBench/results/llvm17_inject/jacobi/pointer/site546_bit20.out,,,,,,,,,,,,,,,,
546,21,MASKED,MASKED_UNFLAGGED,,,,HeCBench/results/llvm17_inject/jacobi/pointer/site546_bit21.out,,,,,,,,,,,,,,,,
546,22,MASKED,MASKED_UNFLAGGED,,,,HeCBench/results/llvm17_inject/jacobi/pointer/site546_bit22.out,,,,,,,,,,,,,,,,
546,23,MASKED,MASKED_UNFLAGGED,,,,HeCBench/results/llvm17_inject/jacobi/pointer/site546_bit23.out,,,,,,,,,,,,,,,,
546,24,MASKED,MASKED_UNFLAGGED,,,,HeCBench/results/llvm17_inject/jacobi/pointer/site546_bit24.out,,,,,,,,,,,,,,,,
546,25,MASKED,MASKED_UNFLAGGED,,,,HeCBench/results/llvm17_inject/jacobi/pointer/site546_bit25.out,,,,,,,,,,,,,,,,
546,26,MASKED,MASKED_UNFLAGGED,,,,HeCBench/results/llvm17_inject/jacobi/pointer/site546_bit26.out,,,,,,,,,,,,,,,,
546,27,MASKED,MASKED_UNFLAGGED,,,,HeCBench/results/llvm17_inject/jacobi/pointer/site546_bit27.out,,,,,,,,,,,,,,,,
546,28,MASKED,MASKED_UNFLAGGED,,,,HeCBench/results/llvm17_inject/jacobi/pointer/site546_bit28.out,,,,,,,,,,,,,,,,
546,29,MASKED,MASKED_UNFLAGGED,,,,HeCBench/results/llvm17_inject/jacobi/pointer/site546_bit29.out,,,,,,,,,,,,,,,,
546,30,MASKED,MASKED_UNFLAGGED,,,,HeCBench/results/llvm17_inject/jacobi/pointer/site546_bit30.out,,,,,,,,,,,,,,,,
546,31,MASKED,MASKED_UNFLAGGED,,,,HeCBench/results/llvm17_inject/jacobi/pointer/site546_bit31.out,,,,,,,,,,,,,,,,
546,32,MASKED,MASKED_UNFLAGGED,,,,HeCBench/results/llvm17_inject/jacobi/pointer/site546_bit32.out,,,,,,,,,,,,,,,,
546,33,MASKED,MASKED_UNFLAGGED,,,,HeCBench/results/llvm17_inject/jacobi/pointer/site546_bit33.out,,,,,,,,,,,,,,,,
546,34,MASKED,MASKED_UNFLAGGED,,,,HeCBench/results/llvm17_inject/jacobi/pointer/site546_bit34.out,,,,,,,,,,,,,,,,
546,35,MASKED,MASKED_UNFLAGGED,,,,HeCBench/results/llvm17_inject/jacobi/pointer/site546_bit35.out,,,,,,,,,,,,,,,,
546,36,MASKED,MASKED_UNFLAGGED,,,,HeCBench/results/llvm17_inject/jacobi/pointer/site546_bit36.out,,,,,,,,,,,,,,,,
546,37,MASKED,MASKED_UNFLAGGED,,,,HeCBench/results/llvm17_inject/jacobi/pointer/site546_bit37.out,,,,,,,,,,,,,,,,
546,38,MASKED,MASKED_UNFLAGGED,,,,HeCBench/results/llvm17_inject/jacobi/pointer/site546_bit38.out,,,,,,,,,,,,,,,,
546,39,MASKED,MASKED_UNFLAGGED,,,,HeCBench/results/llvm17_inject/jacobi/pointer/site546_bit39.out,,,,,,,,,,,,,,,,
546,40,MASKED,MASKED_UNFLAGGED,,,,HeCBench/results/llvm17_inject/jacobi/pointer/site546_bit40.out,,,,,,,,,,,,,,,,
546,41,MASKED,MASKED_UNFLAGGED,,,,HeCBench/results/llvm17_inject/jacobi/pointer/site546_bit41.out,,,,,,,,,,,,,,,,
546,42,MASKED,MASKED_UNFLAGGED,,,,HeCBench/results/llvm17_inject/jacobi/pointer/site546_bit42.out,,,,,,,,,,,,,,,,
546,43,MASKED,MASKED_UNFLAGGED,,,,HeCBench/results/llvm17_inject/jacobi/pointer/site546_bit43.out,,,,,,,,,,,,,,,,
546,44,MASKED,MASKED_UNFLAGGED,,,,HeCBench/results/llvm17_inject/jacobi/pointer/site546_bit44.out,,,,,,,,,,,,,,,,
546,45,MASKED,MASKED_UNFLAGGED,,,,HeCBench/results/llvm17_inject/jacobi/pointer/site546_bit45.out,,,,,,,,,,,,,,,,
546,46,MASKED,MASKED_UNFLAGGED,,,,HeCBench/results/llvm17_inject/jacobi/pointer/site546_bit46.out,,,,,,,,,,,,,,,,
546,47,MASKED,MASKED_UNFLAGGED,,,,HeCBench/results/llvm17_inject/jacobi/pointer/site546_bit47.out,,,,,,,,,,,,,,,,
546,48,MASKED,MASKED_UNFLAGGED,,,,HeCBench/results/llvm17_inject/jacobi/pointer/site546_bit48.out,,,,,,,,,,,,,,,,
546,49,MASKED,MASKED_UNFLAGGED,,,,HeCBench/results/llvm17_inject/jacobi/pointer/site546_bit49.out,,,,,,,,,,,,,,,,
546,50,MASKED,MASKED_UNFLAGGED,,,,HeCBench/results/llvm17_inject/jacobi/pointer/site546_bit50.out,,,,,,,,,,,,,,,,
546,51,MASKED,MASKED_UNFLAGGED,,,,HeCBench/results/llvm17_inject/jacobi/pointer/site546_bit51.out,,,,,,,,,,,,,,,,
546,52,MASKED,MASKED_UNFLAGGED,,,,HeCBench/results/llvm17_inject/jacobi/pointer/site546_bit52.out,,,,,,,,,,,,,,,,
546,53,MASKED,MASKED_UNFLAGGED,,,,HeCBench/results/llvm17_inject/jacobi/pointer/site546_bit53.out,,,,,,,,,,,,,,,,
546,54,MASKED,MASKED_UNFLAGGED,,,,HeCBench/results/llvm17_inject/jacobi/pointer/site546_bit54.out,,,,,,,,,,,,,,,,
546,55,MASKED,MASKED_UNFLAGGED,,,,HeCBench/results/llvm17_inject/jacobi/pointer/site546_bit55.out,,,,,,,,,,,,,,,,
546,56,MASKED,MASKED_UNFLAGGED,,,,HeCBench/results/llvm17_inject/jacobi/pointer/site546_bit56.out,,,,,,,,,,,,,,,,
546,57,MASKED,MASKED_UNFLAGGED,,,,HeCBench/results/llvm17_inject/jacobi/pointer/site546_bit57.out,,,,,,,,,,,,,,,,
546,58,MASKED,MASKED_UNFLAGGED,,,,HeCBench/results/llvm17_inject/jacobi/pointer/site546_bit58.out,,,,,,,,,,,,,,,,
546,59,MASKED,MASKED_UNFLAGGED,,,,HeCBench/results/llvm17_inject/jacobi/pointer/site546_bit59.out,,,,,,,,,,,,,,,,
546,60,MASKED,MASKED_UNFLAGGED,,,,HeCBench/results/llvm17_inject/jacobi/pointer/site546_bit60.out,,,,,,,,,,,,,,,,
546,61,MASKED,MASKED_UNFLAGGED,,,,HeCBench/results/llvm17_inject/jacobi/pointer/site546_bit61.out,,,,,,,,,,,,,,,,
546,62,MASKED,MASKED_UNFLAGGED,,,,HeCBench/results/llvm17_inject/jacobi/pointer/site546_bit62.out,,,,,,,,,,,,,,,,
546,63,MASKED,MASKED_UNFLAGGED,,,,HeCBench/results/llvm17_inject/jacobi/pointer/site546_bit63.out,,,,,,,,,,,,,,,,
548,0,MASKED,MASKED_UNFLAGGED,,,,HeCBench/results/llvm17_inject/jacobi/pointer/site548_bit0.out,,,,,,,,,,,,,,,,
548,1,MASKED,MASKED_UNFLAGGED,,,,HeCBench/results/llvm17_inject/jacobi/pointer/site548_bit1.out,,,,,,,,,,,,,,,,
548,2,MASKED,MASKED_UNFLAGGED,,,,HeCBench/results/llvm17_inject/jacobi/pointer/site548_bit2.out,,,,,,,,,,,,,,,,
548,3,MASKED,MASKED_UNFLAGGED,,,,HeCBench/results/llvm17_inject/jacobi/pointer/site548_bit3.out,,,,,,,,,,,,,,,,
548,4,MASKED,MASKED_UNFLAGGED,,,,HeCBench/results/llvm17_inject/jacobi/pointer/site548_bit4.out,,,,,,,,,,,,,,,,
548,5,MASKED,MASKED_UNFLAGGED,,,,HeCBench/results/llvm17_inject/jacobi/pointer/site548_bit5.out,,,,,,,,,,,,,,,,
548,6,MASKED,MASKED_UNFLAGGED,,,,HeCBench/results/llvm17_inject/jacobi/pointer/site548_bit6.out,,,,,,,,,,,,,,,,
548,7,MASKED,MASKED_UNFLAGGED,,,,HeCBench/results/llvm17_inject/jacobi/pointer/site548_bit7.out,,,,,,,,,,,,,,,,
548,8,MASKED,MASKED_UNFLAGGED,,,,HeCBench/results/llvm17_inject/jacobi/pointer/site548_bit8.out,,,,,,,,,,,,,,,,
548,9,MASKED,MASKED_UNFLAGGED,,,,HeCBench/results/llvm17_inject/jacobi/pointer/site548_bit9.out,,,,,,,,,,,,,,,,
548,10,MASKED,MASKED_UNFLAGGED,,,,HeCBench/results/llvm17_inject/jacobi/pointer/site548_bit10.out,,,,,,,,,,,,,,,,
548,11,MASKED,MASKED_UNFLAGGED,,,,HeCBench/results/llvm17_inject/jacobi/pointer/site548_bit11.out,,,,,,,,,,,,,,,,
548,12,MASKED,MASKED_UNFLAGGED,,,,HeCBench/results/llvm17_inject/jacobi/pointer/site548_bit12.out,,,,,,,,,,,,,,,,
548,13,MASKED,MASKED_UNFLAGGED,,,,HeCBench/results/llvm17_inject/jacobi/pointer/site548_bit13.out,,,,,,,,,,,,,,,,
548,14,MASKED,MASKED_UNFLAGGED,,,,HeCBench/results/llvm17_inject/jacobi/pointer/site548_bit14.out,,,,,,,,,,,,,,,,
548,15,MASKED,MASKED_UNFLAGGED,,,,HeCBench/results/llvm17_inject/jacobi/pointer/site548_bit15.out,,,,,,,,,,,,,,,,
548,16,MASKED,MASKED_UNFLAGGED,,,,HeCBench/results/llvm17_inject/jacobi/pointer/site548_bit16.out,,,,,,,,,,,,,,,,
548,17,MASKED,MASKED_UNFLAGGED,,,,HeCBench/results/llvm17_inject/jacobi/pointer/site548_bit17.out,,,,,,,,,,,,,,,,
548,18,MASKED,MASKED_UNFLAGGED,,,,HeCBench/results/llvm17_inject/jacobi/pointer/site548_bit18.out,,,,,,,,,,,,,,,,
548,19,MASKED,MASKED_UNFLAGGED,,,,HeCBench/results/llvm17_inject/jacobi/pointer/site548_bit19.out,,,,,,,,,,,,,,,,
548,20,MASKED,MASKED_UNFLAGGED,,,,HeCBench/results/llvm17_inject/jacobi/pointer/site548_bit20.out,,,,,,,,,,,,,,,,
548,21,MASKED,MASKED_UNFLAGGED,,,,HeCBench/results/llvm17_inject/jacobi/pointer/site548_bit21.out,,,,,,,,,,,,,,,,
548,22,MASKED,MASKED_UNFLAGGED,,,,HeCBench/results/llvm17_inject/jacobi/pointer/site548_bit22.out,,,,,,,,,,,,,,,,
548,23,MASKED,MASKED_UNFLAGGED,,,,HeCBench/results/llvm17_inject/jacobi/pointer/site548_bit23.out,,,,,,,,,,,,,,,,
548,24,MASKED,MASKED_UNFLAGGED,,,,HeCBench/results/llvm17_inject/jacobi/pointer/site548_bit24.out,,,,,,,,,,,,,,,,
548,25,MASKED,MASKED_UNFLAGGED,,,,HeCBench/results/llvm17_inject/jacobi/pointer/site548_bit25.out,,,,,,,,,,,,,,,,
548,26,MASKED,MASKED_UNFLAGGED,,,,HeCBench/results/llvm17_inject/jacobi/pointer/site548_bit26.out,,,,,,,,,,,,,,,,
548,27,MASKED,MASKED_UNFLAGGED,,,,HeCBench/results/llvm17_inject/jacobi/pointer/site548_bit27.out,,,,,,,,,,,,,,,,
548,28,MASKED,MASKED_UNFLAGGED,,,,HeCBench/results/llvm17_inject/jacobi/pointer/site548_bit28.out,,,,,,,,,,,,,,,,
548,29,MASKED,MASKED_UNFLAGGED,,,,HeCBench/results/llvm17_inject/jacobi/pointer/site548_bit29.out,,,,,,,,,,,,,,,,
548,30,MASKED,MASKED_UNFLAGGED,,,,HeCBench/results/llvm17_inject/jacobi/pointer/site548_bit30.out,,,,,,,,,,,,,,,,
548,31,MASKED,MASKED_UNFLAGGED,,,,HeCBench/results/llvm17_inject/jacobi/pointer/site548_bit31.out,,,,,,,,,,,,,,,,
548,32,MASKED,MASKED_UNFLAGGED,,,,HeCBench/results/llvm17_inject/jacobi/pointer/site548_bit32.out,,,,,,,,,,,,,,,,
548,33,MASKED,MASKED_UNFLAGGED,,,,HeCBench/results/llvm17_inject/jacobi/pointer/site548_bit33.out,,,,,,,,,,,,,,,,
548,34,MASKED,MASKED_UNFLAGGED,,,,HeCBench/results/llvm17_inject/jacobi/pointer/site548_bit34.out,,,,,,,,,,,,,,,,
548,35,MASKED,MASKED_UNFLAGGED,,,,HeCBench/results/llvm17_inject/jacobi/pointer/site548_bit35.out,,,,,,,,,,,,,,,,
548,36,MASKED,MASKED_UNFLAGGED,,,,HeCBench/results/llvm17_inject/jacobi/pointer/site548_bit36.out,,,,,,,,,,,,,,,,
548,37,MASKED,MASKED_UNFLAGGED,,,,HeCBench/results/llvm17_inject/jacobi/pointer/site548_bit37.out,,,,,,,,,,,,,,,,
548,38,MASKED,MASKED_UNFLAGGED,,,,HeCBench/results/llvm17_inject/jacobi/pointer/site548_bit38.out,,,,,,,,,,,,,,,,
548,39,MASKED,MASKED_UNFLAGGED,,,,HeCBench/results/llvm17_inject/jacobi/pointer/site548_bit39.out,,,,,,,,,,,,,,,,
548,40,MASKED,MASKED_UNFLAGGED,,,,HeCBench/results/llvm17_inject/jacobi/pointer/site548_bit40.out,,,,,,,,,,,,,,,,
548,41,MASKED,MASKED_UNFLAGGED,,,,HeCBench/results/llvm17_inject/jacobi/pointer/site548_bit41.out,,,,,,,,,,,,,,,,
548,42,MASKED,MASKED_UNFLAGGED,,,,HeCBench/results/llvm17_inject/jacobi/pointer/site548_bit42.out,,,,,,,,,,,,,,,,
548,43,MASKED,MASKED_UNFLAGGED,,,,HeCBench/results/llvm17_inject/jacobi/pointer/site548_bit43.out,,,,,,,,,,,,,,,,
548,44,MASKED,MASKED_UNFLAGGED,,,,HeCBench/results/llvm17_inject/jacobi/pointer/site548_bit44.out,,,,,,,,,,,,,,,,
548,45,MASKED,MASKED_UNFLAGGED,,,,HeCBench/results/llvm17_inject/jacobi/pointer/site548_bit45.out,,,,,,,,,,,,,,,,
548,46,MASKED,MASKED_UNFLAGGED,,,,HeCBench/results/llvm17_inject/jacobi/pointer/site548_bit46.out,,,,,,,,,,,,,,,,
548,47,MASKED,MASKED_UNFLAGGED,,,,HeCBench/results/llvm17_inject/jacobi/pointer/site548_bit47.out,,,,,,,,,,,,,,,,
548,48,MASKED,MASKED_UNFLAGGED,,,,HeCBench/results/llvm17_inject/jacobi/pointer/site548_bit48.out,,,,,,,,,,,,,,,,
548,49,MASKED,MASKED_UNFLAGGED,,,,HeCBench/results/llvm17_inject/jacobi/pointer/site548_bit49.out,,,,,,,,,,,,,,,,
548,50,MASKED,MASKED_UNFLAGGED,,,,HeCBench/results/llvm17_inject/jacobi/pointer/site548_bit50.out,,,,,,,,,,,,,,,,
548,51,MASKED,MASKED_UNFLAGGED,,,,HeCBench/results/llvm17_inject/jacobi/pointer/site548_bit51.out,,,,,,,,,,,,,,,,
548,52,MASKED,MASKED_UNFLAGGED,,,,HeCBench/results/llvm17_inject/jacobi/pointer/site548_bit52.out,,,,,,,,,,,,,,,,
548,53,MASKED,MASKED_UNFLAGGED,,,,HeCBench/results/llvm17_inject/jacobi/pointer/site548_bit53.out,,,,,,,,,,,,,,,,
548,54,MASKED,MASKED_UNFLAGGED,,,,HeCBench/results/llvm17_inject/jacobi/pointer/site548_bit54.out,,,,,,,,,,,,,,,,
548,55,MASKED,MASKED_UNFLAGGED,,,,HeCBench/results/llvm17_inject/jacobi/pointer/site548_bit55.out,,,,,,,,,,,,,,,,
548,56,MASKED,MASKED_UNFLAGGED,,,,HeCBench/results/llvm17_inject/jacobi/pointer/site548_bit56.out,,,,,,,,,,,,,,,,
548,57,MASKED,MASKED_UNFLAGGED,,,,HeCBench/results/llvm17_inject/jacobi/pointer/site548_bit57.out,,,,,,,,,,,,,,,,
548,58,MASKED,MASKED_UNFLAGGED,,,,HeCBench/results/llvm17_inject/jacobi/pointer/site548_bit58.out,,,,,,,,,,,,,,,,
548,59,MASKED,MASKED_UNFLAGGED,,,,HeCBench/results/llvm17_inject/jacobi/pointer/site548_bit59.out,,,,,,,,,,,,,,,,
548,60,MASKED,MASKED_UNFLAGGED,,,,HeCBench/results/llvm17_inject/jacobi/pointer/site548_bit60.out,,,,,,,,,,,,,,,,
548,61,MASKED,MASKED_UNFLAGGED,,,,HeCBench/results/llvm17_inject/jacobi/pointer/site548_bit61.out,,,,,,,,,,,,,,,,
548,62,MASKED,MASKED_UNFLAGGED,,,,HeCBench/results/llvm17_inject/jacobi/pointer/site548_bit62.out,,,,,,,,,,,,,,,,
548,63,MASKED,MASKED_UNFLAGGED,,,,HeCBench/results/llvm17_inject/jacobi/pointer/site548_bit63.out,,,,,,,,,,,,,,,,
549,0,MASKED,MASKED_UNFLAGGED,,,,HeCBench/results/llvm17_inject/jacobi/pointer/site549_bit0.out,,,,,,,,,,,,,,,,
549,1,MASKED,MASKED_UNFLAGGED,,,,HeCBench/results/llvm17_inject/jacobi/pointer/site549_bit1.out,,,,,,,,,,,,,,,,
549,2,MASKED,MASKED_UNFLAGGED,,,,HeCBench/results/llvm17_inject/jacobi/pointer/site549_bit2.out,,,,,,,,,,,,,,,,
549,3,MASKED,MASKED_UNFLAGGED,,,,HeCBench/results/llvm17_inject/jacobi/pointer/site549_bit3.out,,,,,,,,,,,,,,,,
549,4,MASKED,MASKED_UNFLAGGED,,,,HeCBench/results/llvm17_inject/jacobi/pointer/site549_bit4.out,,,,,,,,,,,,,,,,
549,5,MASKED,MASKED_UNFLAGGED,,,,HeCBench/results/llvm17_inject/jacobi/pointer/site549_bit5.out,,,,,,,,,,,,,,,,
549,6,MASKED,MASKED_UNFLAGGED,,,,HeCBench/results/llvm17_inject/jacobi/pointer/site549_bit6.out,,,,,,,,,,,,,,,,
549,7,MASKED,MASKED_UNFLAGGED,,,,HeCBench/results/llvm17_inject/jacobi/pointer/site549_bit7.out,,,,,,,,,,,,,,,,
549,8,MASKED,MASKED_UNFLAGGED,,,,HeCBench/results/llvm17_inject/jacobi/pointer/site549_bit8.out,,,,,,,,,,,,,,,,
549,9,MASKED,MASKED_UNFLAGGED,,,,HeCBench/results/llvm17_inject/jacobi/pointer/site549_bit9.out,,,,,,,,,,,,,,,,
549,10,MASKED,MASKED_UNFLAGGED,,,,HeCBench/results/llvm17_inject/jacobi/pointer/site549_bit10.out,,,,,,,,,,,,,,,,
549,11,MASKED,MASKED_UNFLAGGED,,,,HeCBench/results/llvm17_inject/jacobi/pointer/site549_bit11.out,,,,,,,,,,,,,,,,
549,12,MASKED,MASKED_UNFLAGGED,,,,HeCBench/results/llvm17_inject/jacobi/pointer/site549_bit12.out,,,,,,,,,,,,,,,,
549,13,MASKED,MASKED_UNFLAGGED,,,,HeCBench/results/llvm17_inject/jacobi/pointer/site549_bit13.out,,,,,,,,,,,,,,,,
549,14,MASKED,MASKED_UNFLAGGED,,,,HeCBench/results/llvm17_inject/jacobi/pointer/site549_bit14.out,,,,,,,,,,,,,,,,
549,15,MASKED,MASKED_UNFLAGGED,,,,HeCBench/results/llvm17_inject/jacobi/pointer/site549_bit15.out,,,,,,,,,,,,,,,,
549,16,MASKED,MASKED_UNFLAGGED,,,,HeCBench/results/llvm17_inject/jacobi/pointer/site549_bit16.out,,,,,,,,,,,,,,,,
549,17,MASKED,MASKED_UNFLAGGED,,,,HeCBench/results/llvm17_inject/jacobi/pointer/site549_bit17.out,,,,,,,,,,,,,,,,
549,18,MASKED,MASKED_UNFLAGGED,,,,HeCBench/results/llvm17_inject/jacobi/pointer/site549_bit18.out,,,,,,,,,,,,,,,,
549,19,MASKED,MASKED_UNFLAGGED,,,,HeCBench/results/llvm17_inject/jacobi/pointer/site549_bit19.out,,,,,,,,,,,,,,,,
549,20,MASKED,MASKED_UNFLAGGED,,,,HeCBench/results/llvm17_inject/jacobi/pointer/site549_bit20.out,,,,,,,,,,,,,,,,
549,21,MASKED,MASKED_UNFLAGGED,,,,HeCBench/results/llvm17_inject/jacobi/pointer/site549_bit21.out,,,,,,,,,,,,,,,,
549,22,MASKED,MASKED_UNFLAGGED,,,,HeCBench/results/llvm17_inject/jacobi/pointer/site549_bit22.out,,,,,,,,,,,,,,,,
549,23,MASKED,MASKED_UNFLAGGED,,,,HeCBench/results/llvm17_inject/jacobi/pointer/site549_bit23.out,,,,,,,,,,,,,,,,
549,24,MASKED,MASKED_UNFLAGGED,,,,HeCBench/results/llvm17_inject/jacobi/pointer/site549_bit24.out,,,,,,,,,,,,,,,,
549,25,MASKED,MASKED_UNFLAGGED,,,,HeCBench/results/llvm17_inject/jacobi/pointer/site549_bit25.out,,,,,,,,,,,,,,,,
549,26,MASKED,MASKED_UNFLAGGED,,,,HeCBench/results/llvm17_inject/jacobi/pointer/site549_bit26.out,,,,,,,,,,,,,,,,
549,27,MASKED,MASKED_UNFLAGGED,,,,HeCBench/results/llvm17_inject/jacobi/pointer/site549_bit27.out,,,,,,,,,,,,,,,,
549,28,MASKED,MASKED_UNFLAGGED,,,,HeCBench/results/llvm17_inject/jacobi/pointer/site549_bit28.out,,,,,,,,,,,,,,,,
549,29,MASKED,MASKED_UNFLAGGED,,,,HeCBench/results/llvm17_inject/jacobi/pointer/site549_bit29.out,,,,,,,,,,,,,,,,
549,30,MASKED,MASKED_UNFLAGGED,,,,HeCBench/results/llvm17_inject/jacobi/pointer/site549_bit30.out,,,,,,,,,,,,,,,,
549,31,MASKED,MASKED_UNFLAGGED,,,,HeCBench/results/llvm17_inject/jacobi/pointer/site549_bit31.out,,,,,,,,,,,,,,,,
549,32,MASKED,MASKED_UNFLAGGED,,,,HeCBench/results/llvm17_inject/jacobi/pointer/site549_bit32.out,,,,,,,,,,,,,,,,
549,33,MASKED,MASKED_UNFLAGGED,,,,HeCBench/results/llvm17_inject/jacobi/pointer/site549_bit33.out,,,,,,,,,,,,,,,,
549,34,MASKED,MASKED_UNFLAGGED,,,,HeCBench/results/llvm17_inject/jacobi/pointer/site549_bit34.out,,,,,,,,,,,,,,,,
549,35,MASKED,MASKED_UNFLAGGED,,,,HeCBench/results/llvm17_inject/jacobi/pointer/site549_bit35.out,,,,,,,,,,,,,,,,
549,36,MASKED,MASKED_UNFLAGGED,,,,HeCBench/results/llvm17_inject/jacobi/pointer/site549_bit36.out,,,,,,,,,,,,,,,,
549,37,MASKED,MASKED_UNFLAGGED,,,,HeCBench/results/llvm17_inject/jacobi/pointer/site549_bit37.out,,,,,,,,,,,,,,,,
549,38,MASKED,MASKED_UNFLAGGED,,,,HeCBench/results/llvm17_inject/jacobi/pointer/site549_bit38.out,,,,,,,,,,,,,,,,
549,39,MASKED,MASKED_UNFLAGGED,,,,HeCBench/results/llvm17_inject/jacobi/pointer/site549_bit39.out,,,,,,,,,,,,,,,,
549,40,MASKED,MASKED_UNFLAGGED,,,,HeCBench/results/llvm17_inject/jacobi/pointer/site549_bit40.out,,,,,,,,,,,,,,,,
549,41,MASKED,MASKED_UNFLAGGED,,,,HeCBench/results/llvm17_inject/jacobi/pointer/site549_bit41.out,,,,,,,,,,,,,,,,
549,42,MASKED,MASKED_UNFLAGGED,,,,HeCBench/results/llvm17_inject/jacobi/pointer/site549_bit42.out,,,,,,,,,,,,,,,,
549,43,MASKED,MASKED_UNFLAGGED,,,,HeCBench/results/llvm17_inject/jacobi/pointer/site549_bit43.out,,,,,,,,,,,,,,,,
549,44,MASKED,MASKED_UNFLAGGED,,,,HeCBench/results/llvm17_inject/jacobi/pointer/site549_bit44.out,,,,,,,,,,,,,,,,
549,45,MASKED,MASKED_UNFLAGGED,,,,HeCBench/results/llvm17_inject/jacobi/pointer/site549_bit45.out,,,,,,,,,,,,,,,,
549,46,MASKED,MASKED_UNFLAGGED,,,,HeCBench/results/llvm17_inject/jacobi/pointer/site549_bit46.out,,,,,,,,,,,,,,,,
549,47,MASKED,MASKED_UNFLAGGED,,,,HeCBench/results/llvm17_inject/jacobi/pointer/site549_bit47.out,,,,,,,,,,,,,,,,
549,48,MASKED,MASKED_UNFLAGGED,,,,HeCBench/results/llvm17_inject/jacobi/pointer/site549_bit48.out,,,,,,,,,,,,,,,,
549,49,MASKED,MASKED_UNFLAGGED,,,,HeCBench/results/llvm17_inject/jacobi/pointer/site549_bit49.out,,,,,,,,,,,,,,,,
549,50,MASKED,MASKED_UNFLAGGED,,,,HeCBench/results/llvm17_inject/jacobi/pointer/site549_bit50.out,,,,,,,,,,,,,,,,
549,51,MASKED,MASKED_UNFLAGGED,,,,HeCBench/results/llvm17_inject/jacobi/pointer/site549_bit51.out,,,,,,,,,,,,,,,,
549,52,MASKED,MASKED_UNFLAGGED,,,,HeCBench/results/llvm17_inject/jacobi/pointer/site549_bit52.out,,,,,,,,,,,,,,,,
549,53,MASKED,MASKED_UNFLAGGED,,,,HeCBench/results/llvm17_inject/jacobi/pointer/site549_bit53.out,,,,,,,,,,,,,,,,
549,54,MASKED,MASKED_UNFLAGGED,,,,HeCBench/results/llvm17_inject/jacobi/pointer/site549_bit54.out,,,,,,,,,,,,,,,,
549,55,MASKED,MASKED_UNFLAGGED,,,,HeCBench/results/llvm17_inject/jacobi/pointer/site549_bit55.out,,,,,,,,,,,,,,,,
549,56,MASKED,MASKED_UNFLAGGED,,,,HeCBench/results/llvm17_inject/jacobi/pointer/site549_bit56.out,,,,,,,,,,,,,,,,
549,57,MASKED,MASKED_UNFLAGGED,,,,HeCBench/results/llvm17_inject/jacobi/pointer/site549_bit57.out,,,,,,,,,,,,,,,,
549,58,MASKED,MASKED_UNFLAGGED,,,,HeCBench/results/llvm17_inject/jacobi/pointer/site549_bit58.out,,,,,,,,,,,,,,,,
549,59,MASKED,MASKED_UNFLAGGED,,,,HeCBench/results/llvm17_inject/jacobi/pointer/site549_bit59.out,,,,,,,,,,,,,,,,
549,60,MASKED,MASKED_UNFLAGGED,,,,HeCBench/results/llvm17_inject/jacobi/pointer/site549_bit60.out,,,,,,,,,,,,,,,,
549,61,MASKED,MASKED_UNFLAGGED,,,,HeCBench/results/llvm17_inject/jacobi/pointer/site549_bit61.out,,,,,,,,,,,,,,,,
549,62,MASKED,MASKED_UNFLAGGED,,,,HeCBench/results/llvm17_inject/jacobi/pointer/site549_bit62.out,,,,,,,,,,,,,,,,
549,63,MASKED,MASKED_UNFLAGGED,,,,HeCBench/results/llvm17_inject/jacobi/pointer/site549_bit63.out,,,,,,,,,,,,,,,,
551,0,MASKED,MASKED_UNFLAGGED,,,,HeCBench/results/llvm17_inject/jacobi/pointer/site551_bit0.out,,,,,,,,,,,,,,,,
551,1,MASKED,MASKED_UNFLAGGED,,,,HeCBench/results/llvm17_inject/jacobi/pointer/site551_bit1.out,,,,,,,,,,,,,,,,
551,2,MASKED,MASKED_UNFLAGGED,,,,HeCBench/results/llvm17_inject/jacobi/pointer/site551_bit2.out,,,,,,,,,,,,,,,,
551,3,MASKED,MASKED_UNFLAGGED,,,,HeCBench/results/llvm17_inject/jacobi/pointer/site551_bit3.out,,,,,,,,,,,,,,,,
551,4,MASKED,MASKED_UNFLAGGED,,,,HeCBench/results/llvm17_inject/jacobi/pointer/site551_bit4.out,,,,,,,,,,,,,,,,
551,5,MASKED,MASKED_UNFLAGGED,,,,HeCBench/results/llvm17_inject/jacobi/pointer/site551_bit5.out,,,,,,,,,,,,,,,,
551,6,MASKED,MASKED_UNFLAGGED,,,,HeCBench/results/llvm17_inject/jacobi/pointer/site551_bit6.out,,,,,,,,,,,,,,,,
551,7,MASKED,MASKED_UNFLAGGED,,,,HeCBench/results/llvm17_inject/jacobi/pointer/site551_bit7.out,,,,,,,,,,,,,,,,
551,8,MASKED,MASKED_UNFLAGGED,,,,HeCBench/results/llvm17_inject/jacobi/pointer/site551_bit8.out,,,,,,,,,,,,,,,,
551,9,MASKED,MASKED_UNFLAGGED,,,,HeCBench/results/llvm17_inject/jacobi/pointer/site551_bit9.out,,,,,,,,,,,,,,,,
551,10,MASKED,MASKED_UNFLAGGED,,,,HeCBench/results/llvm17_inject/jacobi/pointer/site551_bit10.out,,,,,,,,,,,,,,,,
551,11,MASKED,MASKED_UNFLAGGED,,,,HeCBench/results/llvm17_inject/jacobi/pointer/site551_bit11.out,,,,,,,,,,,,,,,,
551,12,MASKED,MASKED_UNFLAGGED,,,,HeCBench/results/llvm17_inject/jacobi/pointer/site551_bit12.out,,,,,,,,,,,,,,,,
551,13,MASKED,MASKED_UNFLAGGED,,,,HeCBench/results/llvm17_inject/jacobi/pointer/site551_bit13.out,,,,,,,,,,,,,,,,
551,14,MASKED,MASKED_UNFLAGGED,,,,HeCBench/results/llvm17_inject/jacobi/pointer/site551_bit14.out,,,,,,,,,,,,,,,,
551,15,MASKED,MASKED_UNFLAGGED,,,,HeCBench/results/llvm17_inject/jacobi/pointer/site551_bit15.out,,,,,,,,,,,,,,,,
551,16,MASKED,MASKED_UNFLAGGED,,,,HeCBench/results/llvm17_inject/jacobi/pointer/site551_bit16.out,,,,,,,,,,,,,,,,
551,17,MASKED,MASKED_UNFLAGGED,,,,HeCBench/results/llvm17_inject/jacobi/pointer/site551_bit17.out,,,,,,,,,,,,,,,,
551,18,MASKED,MASKED_UNFLAGGED,,,,HeCBench/results/llvm17_inject/jacobi/pointer/site551_bit18.out,,,,,,,,,,,,,,,,
551,19,MASKED,MASKED_UNFLAGGED,,,,HeCBench/results/llvm17_inject/jacobi/pointer/site551_bit19.out,,,,,,,,,,,,,,,,
551,20,MASKED,MASKED_UNFLAGGED,,,,HeCBench/results/llvm17_inject/jacobi/pointer/site551_bit20.out,,,,,,,,,,,,,,,,
551,21,MASKED,MASKED_UNFLAGGED,,,,HeCBench/results/llvm17_inject/jacobi/pointer/site551_bit21.out,,,,,,,,,,,,,,,,
551,22,MASKED,MASKED_UNFLAGGED,,,,HeCBench/results/llvm17_inject/jacobi/pointer/site551_bit22.out,,,,,,,,,,,,,,,,
551,23,MASKED,MASKED_UNFLAGGED,,,,HeCBench/results/llvm17_inject/jacobi/pointer/site551_bit23.out,,,,,,,,,,,,,,,,
551,24,MASKED,MASKED_UNFLAGGED,,,,HeCBench/results/llvm17_inject/jacobi/pointer/site551_bit24.out,,,,,,,,,,,,,,,,
551,25,MASKED,MASKED_UNFLAGGED,,,,HeCBench/results/llvm17_inject/jacobi/pointer/site551_bit25.out,,,,,,,,,,,,,,,,
551,26,MASKED,MASKED_UNFLAGGED,,,,HeCBench/results/llvm17_inject/jacobi/pointer/site551_bit26.out,,,,,,,,,,,,,,,,
551,27,MASKED,MASKED_UNFLAGGED,,,,HeCBench/results/llvm17_inject/jacobi/pointer/site551_bit27.out,,,,,,,,,,,,,,,,
551,28,MASKED,MASKED_UNFLAGGED,,,,HeCBench/results/llvm17_inject/jacobi/pointer/site551_bit28.out,,,,,,,,,,,,,,,,
551,29,MASKED,MASKED_UNFLAGGED,,,,HeCBench/results/llvm17_inject/jacobi/pointer/site551_bit29.out,,,,,,,,,,,,,,,,
551,30,MASKED,MASKED_UNFLAGGED,,,,HeCBench/results/llvm17_inject/jacobi/pointer/site551_bit30.out,,,,,,,,,,,,,,,,
551,31,MASKED,MASKED_UNFLAGGED,,,,HeCBench/results/llvm17_inject/jacobi/pointer/site551_bit31.out,,,,,,,,,,,,,,,,
551,32,MASKED,MASKED_UNFLAGGED,,,,HeCBench/results/llvm17_inject/jacobi/pointer/site551_bit32.out,,,,,,,,,,,,,,,,
551,33,MASKED,MASKED_UNFLAGGED,,,,HeCBench/results/llvm17_inject/jacobi/pointer/site551_bit33.out,,,,,,,,,,,,,,,,
551,34,MASKED,MASKED_UNFLAGGED,,,,HeCBench/results/llvm17_inject/jacobi/pointer/site551_bit34.out,,,,,,,,,,,,,,,,
551,35,MASKED,MASKED_UNFLAGGED,,,,HeCBench/results/llvm17_inject/jacobi/pointer/site551_bit35.out,,,,,,,,,,,,,,,,
551,36,MASKED,MASKED_UNFLAGGED,,,,HeCBench/results/llvm17_inject/jacobi/pointer/site551_bit36.out,,,,,,,,,,,,,,,,
551,37,MASKED,MASKED_UNFLAGGED,,,,HeCBench/results/llvm17_inject/jacobi/pointer/site551_bit37.out,,,,,,,,,,,,,,,,
551,38,MASKED,MASKED_UNFLAGGED,,,,HeCBench/results/llvm17_inject/jacobi/pointer/site551_bit38.out,,,,,,,,,,,,,,,,
551,39,MASKED,MASKED_UNFLAGGED,,,,HeCBench/results/llvm17_inject/jacobi/pointer/site551_bit39.out,,,,,,,,,,,,,,,,
551,40,MASKED,MASKED_UNFLAGGED,,,,HeCBench/results/llvm17_inject/jacobi/pointer/site551_bit40.out,,,,,,,,,,,,,,,,
551,41,MASKED,MASKED_UNFLAGGED,,,,HeCBench/results/llvm17_inject/jacobi/pointer/site551_bit41.out,,,,,,,,,,,,,,,,
551,42,MASKED,MASKED_UNFLAGGED,,,,HeCBench/results/llvm17_inject/jacobi/pointer/site551_bit42.out,,,,,,,,,,,,,,,,
551,43,MASKED,MASKED_UNFLAGGED,,,,HeCBench/results/llvm17_inject/jacobi/pointer/site551_bit43.out,,,,,,,,,,,,,,,,
551,44,MASKED,MASKED_UNFLAGGED,,,,HeCBench/results/llvm17_inject/jacobi/pointer/site551_bit44.out,,,,,,,,,,,,,,,,
551,45,MASKED,MASKED_UNFLAGGED,,,,HeCBench/results/llvm17_inject/jacobi/pointer/site551_bit45.out,,,,,,,,,,,,,,,,
551,46,MASKED,MASKED_UNFLAGGED,,,,HeCBench/results/llvm17_inject/jacobi/pointer/site551_bit46.out,,,,,,,,,,,,,,,,
551,47,MASKED,MASKED_UNFLAGGED,,,,HeCBench/results/llvm17_inject/jacobi/pointer/site551_bit47.out,,,,,,,,,,,,,,,,
551,48,MASKED,MASKED_UNFLAGGED,,,,HeCBench/results/llvm17_inject/jacobi/pointer/site551_bit48.out,,,,,,,,,,,,,,,,
551,49,MASKED,MASKED_UNFLAGGED,,,,HeCBench/results/llvm17_inject/jacobi/pointer/site551_bit49.out,,,,,,,,,,,,,,,,
551,50,MASKED,MASKED_UNFLAGGED,,,,HeCBench/results/llvm17_inject/jacobi/pointer/site551_bit50.out,,,,,,,,,,,,,,,,
551,51,MASKED,MASKED_UNFLAGGED,,,,HeCBench/results/llvm17_inject/jacobi/pointer/site551_bit51.out,,,,,,,,,,,,,,,,
551,52,MASKED,MASKED_UNFLAGGED,,,,HeCBench/results/llvm17_inject/jacobi/pointer/site551_bit52.out,,,,,,,,,,,,,,,,
551,53,MASKED,MASKED_UNFLAGGED,,,,HeCBench/results/llvm17_inject/jacobi/pointer/site551_bit53.out,,,,,,,,,,,,,,,,
551,54,MASKED,MASKED_UNFLAGGED,,,,HeCBench/results/llvm17_inject/jacobi/pointer/site551_bit54.out,,,,,,,,,,,,,,,,
551,55,MASKED,MASKED_UNFLAGGED,,,,HeCBench/results/llvm17_inject/jacobi/pointer/site551_bit55.out,,,,,,,,,,,,,,,,
551,56,MASKED,MASKED_UNFLAGGED,,,,HeCBench/results/llvm17_inject/jacobi/pointer/site551_bit56.out,,,,,,,,,,,,,,,,
551,57,MASKED,MASKED_UNFLAGGED,,,,HeCBench/results/llvm17_inject/jacobi/pointer/site551_bit57.out,,,,,,,,,,,,,,,,
551,58,MASKED,MASKED_UNFLAGGED,,,,HeCBench/results/llvm17_inject/jacobi/pointer/site551_bit58.out,,,,,,,,,,,,,,,,
551,59,MASKED,MASKED_UNFLAGGED,,,,HeCBench/results/llvm17_inject/jacobi/pointer/site551_bit59.out,,,,,,,,,,,,,,,,
551,60,MASKED,MASKED_UNFLAGGED,,,,HeCBench/results/llvm17_inject/jacobi/pointer/site551_bit60.out,,,,,,,,,,,,,,,,
551,61,MASKED,MASKED_UNFLAGGED,,,,HeCBench/results/llvm17_inject/jacobi/pointer/site551_bit61.out,,,,,,,,,,,,,,,,
551,62,MASKED,MASKED_UNFLAGGED,,,,HeCBench/results/llvm17_inject/jacobi/pointer/site551_bit62.out,,,,,,,,,,,,,,,,
551,63,MASKED,MASKED_UNFLAGGED,,,,HeCBench/results/llvm17_inject/jacobi/pointer/site551_bit63.out,,,,,,,,,,,,,,,,
560,0,MASKED,MASKED_UNFLAGGED,,,,HeCBench/results/llvm17_inject/jacobi/pointer/site560_bit0.out,,,,,,,,,,,,,,,,
560,1,MASKED,MASKED_UNFLAGGED,,,,HeCBench/results/llvm17_inject/jacobi/pointer/site560_bit1.out,,,,,,,,,,,,,,,,
560,2,MASKED,MASKED_UNFLAGGED,,,,HeCBench/results/llvm17_inject/jacobi/pointer/site560_bit2.out,,,,,,,,,,,,,,,,
560,3,MASKED,MASKED_UNFLAGGED,,,,HeCBench/results/llvm17_inject/jacobi/pointer/site560_bit3.out,,,,,,,,,,,,,,,,
560,4,MASKED,MASKED_UNFLAGGED,,,,HeCBench/results/llvm17_inject/jacobi/pointer/site560_bit4.out,,,,,,,,,,,,,,,,
560,5,MASKED,MASKED_UNFLAGGED,,,,HeCBench/results/llvm17_inject/jacobi/pointer/site560_bit5.out,,,,,,,,,,,,,,,,
560,6,MASKED,MASKED_UNFLAGGED,,,,HeCBench/results/llvm17_inject/jacobi/pointer/site560_bit6.out,,,,,,,,,,,,,,,,
560,7,MASKED,MASKED_UNFLAGGED,,,,HeCBench/results/llvm17_inject/jacobi/pointer/site560_bit7.out,,,,,,,,,,,,,,,,
560,8,MASKED,MASKED_UNFLAGGED,,,,HeCBench/results/llvm17_inject/jacobi/pointer/site560_bit8.out,,,,,,,,,,,,,,,,
560,9,MASKED,MASKED_UNFLAGGED,,,,HeCBench/results/llvm17_inject/jacobi/pointer/site560_bit9.out,,,,,,,,,,,,,,,,
560,10,MASKED,MASKED_UNFLAGGED,,,,HeCBench/results/llvm17_inject/jacobi/pointer/site560_bit10.out,,,,,,,,,,,,,,,,
560,11,MASKED,MASKED_UNFLAGGED,,,,HeCBench/results/llvm17_inject/jacobi/pointer/site560_bit11.out,,,,,,,,,,,,,,,,
560,12,MASKED,MASKED_UNFLAGGED,,,,HeCBench/results/llvm17_inject/jacobi/pointer/site560_bit12.out,,,,,,,,,,,,,,,,
560,13,MASKED,MASKED_UNFLAGGED,,,,HeCBench/results/llvm17_inject/jacobi/pointer/site560_bit13.out,,,,,,,,,,,,,,,,
560,14,MASKED,MASKED_UNFLAGGED,,,,HeCBench/results/llvm17_inject/jacobi/pointer/site560_bit14.out,,,,,,,,,,,,,,,,
560,15,MASKED,MASKED_UNFLAGGED,,,,HeCBench/results/llvm17_inject/jacobi/pointer/site560_bit15.out,,,,,,,,,,,,,,,,
560,16,MASKED,MASKED_UNFLAGGED,,,,HeCBench/results/llvm17_inject/jacobi/pointer/site560_bit16.out,,,,,,,,,,,,,,,,
560,17,MASKED,MASKED_UNFLAGGED,,,,HeCBench/results/llvm17_inject/jacobi/pointer/site560_bit17.out,,,,,,,,,,,,,,,,
560,18,MASKED,MASKED_UNFLAGGED,,,,HeCBench/results/llvm17_inject/jacobi/pointer/site560_bit18.out,,,,,,,,,,,,,,,,
560,19,MASKED,MASKED_UNFLAGGED,,,,HeCBench/results/llvm17_inject/jacobi/pointer/site560_bit19.out,,,,,,,,,,,,,,,,
560,20,MASKED,MASKED_UNFLAGGED,,,,HeCBench/results/llvm17_inject/jacobi/pointer/site560_bit20.out,,,,,,,,,,,,,,,,
560,21,MASKED,MASKED_UNFLAGGED,,,,HeCBench/results/llvm17_inject/jacobi/pointer/site560_bit21.out,,,,,,,,,,,,,,,,
560,22,MASKED,MASKED_UNFLAGGED,,,,HeCBench/results/llvm17_inject/jacobi/pointer/site560_bit22.out,,,,,,,,,,,,,,,,
560,23,MASKED,MASKED_UNFLAGGED,,,,HeCBench/results/llvm17_inject/jacobi/pointer/site560_bit23.out,,,,,,,,,,,,,,,,
560,24,MASKED,MASKED_UNFLAGGED,,,,HeCBench/results/llvm17_inject/jacobi/pointer/site560_bit24.out,,,,,,,,,,,,,,,,
560,25,MASKED,MASKED_UNFLAGGED,,,,HeCBench/results/llvm17_inject/jacobi/pointer/site560_bit25.out,,,,,,,,,,,,,,,,
560,26,MASKED,MASKED_UNFLAGGED,,,,HeCBench/results/llvm17_inject/jacobi/pointer/site560_bit26.out,,,,,,,,,,,,,,,,
560,27,MASKED,MASKED_UNFLAGGED,,,,HeCBench/results/llvm17_inject/jacobi/pointer/site560_bit27.out,,,,,,,,,,,,,,,,
560,28,MASKED,MASKED_UNFLAGGED,,,,HeCBench/results/llvm17_inject/jacobi/pointer/site560_bit28.out,,,,,,,,,,,,,,,,
560,29,MASKED,MASKED_UNFLAGGED,,,,HeCBench/results/llvm17_inject/jacobi/pointer/site560_bit29.out,,,,,,,,,,,,,,,,
560,30,MASKED,MASKED_UNFLAGGED,,,,HeCBench/results/llvm17_inject/jacobi/pointer/site560_bit30.out,,,,,,,,,,,,,,,,
560,31,MASKED,MASKED_UNFLAGGED,,,,HeCBench/results/llvm17_inject/jacobi/pointer/site560_bit31.out,,,,,,,,,,,,,,,,
560,32,MASKED,MASKED_UNFLAGGED,,,,HeCBench/results/llvm17_inject/jacobi/pointer/site560_bit32.out,,,,,,,,,,,,,,,,
560,33,MASKED,MASKED_UNFLAGGED,,,,HeCBench/results/llvm17_inject/jacobi/pointer/site560_bit33.out,,,,,,,,,,,,,,,,
560,34,MASKED,MASKED_UNFLAGGED,,,,HeCBench/results/llvm17_inject/jacobi/pointer/site560_bit34.out,,,,,,,,,,,,,,,,
560,35,MASKED,MASKED_UNFLAGGED,,,,HeCBench/results/llvm17_inject/jacobi/pointer/site560_bit35.out,,,,,,,,,,,,,,,,
560,36,MASKED,MASKED_UNFLAGGED,,,,HeCBench/results/llvm17_inject/jacobi/pointer/site560_bit36.out,,,,,,,,,,,,,,,,
560,37,MASKED,MASKED_UNFLAGGED,,,,HeCBench/results/llvm17_inject/jacobi/pointer/site560_bit37.out,,,,,,,,,,,,,,,,
560,38,MASKED,MASKED_UNFLAGGED,,,,HeCBench/results/llvm17_inject/jacobi/pointer/site560_bit38.out,,,,,,,,,,,,,,,,
560,39,MASKED,MASKED_UNFLAGGED,,,,HeCBench/results/llvm17_inject/jacobi/pointer/site560_bit39.out,,,,,,,,,,,,,,,,
560,40,MASKED,MASKED_UNFLAGGED,,,,HeCBench/results/llvm17_inject/jacobi/pointer/site560_bit40.out,,,,,,,,,,,,,,,,
560,41,MASKED,MASKED_UNFLAGGED,,,,HeCBench/results/llvm17_inject/jacobi/pointer/site560_bit41.out,,,,,,,,,,,,,,,,
560,42,MASKED,MASKED_UNFLAGGED,,,,HeCBench/results/llvm17_inject/jacobi/pointer/site560_bit42.out,,,,,,,,,,,,,,,,
560,43,MASKED,MASKED_UNFLAGGED,,,,HeCBench/results/llvm17_inject/jacobi/pointer/site560_bit43.out,,,,,,,,,,,,,,,,
560,44,MASKED,MASKED_UNFLAGGED,,,,HeCBench/results/llvm17_inject/jacobi/pointer/site560_bit44.out,,,,,,,,,,,,,,,,
560,45,MASKED,MASKED_UNFLAGGED,,,,HeCBench/results/llvm17_inject/jacobi/pointer/site560_bit45.out,,,,,,,,,,,,,,,,
560,46,MASKED,MASKED_UNFLAGGED,,,,HeCBench/results/llvm17_inject/jacobi/pointer/site560_bit46.out,,,,,,,,,,,,,,,,
560,47,MASKED,MASKED_UNFLAGGED,,,,HeCBench/results/llvm17_inject/jacobi/pointer/site560_bit47.out,,,,,,,,,,,,,,,,
560,48,MASKED,MASKED_UNFLAGGED,,,,HeCBench/results/llvm17_inject/jacobi/pointer/site560_bit48.out,,,,,,,,,,,,,,,,
560,49,MASKED,MASKED_UNFLAGGED,,,,HeCBench/results/llvm17_inject/jacobi/pointer/site560_bit49.out,,,,,,,,,,,,,,,,
560,50,MASKED,MASKED_UNFLAGGED,,,,HeCBench/results/llvm17_inject/jacobi/pointer/site560_bit50.out,,,,,,,,,,,,,,,,
560,51,MASKED,MASKED_UNFLAGGED,,,,HeCBench/results/llvm17_inject/jacobi/pointer/site560_bit51.out,,,,,,,,,,,,,,,,
560,52,MASKED,MASKED_UNFLAGGED,,,,HeCBench/results/llvm17_inject/jacobi/pointer/site560_bit52.out,,,,,,,,,,,,,,,,
560,53,MASKED,MASKED_UNFLAGGED,,,,HeCBench/results/llvm17_inject/jacobi/pointer/site560_bit53.out,,,,,,,,,,,,,,,,
560,54,MASKED,MASKED_UNFLAGGED,,,,HeCBench/results/llvm17_inject/jacobi/pointer/site560_bit54.out,,,,,,,,,,,,,,,,
560,55,MASKED,MASKED_UNFLAGGED,,,,HeCBench/results/llvm17_inject/jacobi/pointer/site560_bit55.out,,,,,,,,,,,,,,,,
560,56,MASKED,MASKED_UNFLAGGED,,,,HeCBench/results/llvm17_inject/jacobi/pointer/site560_bit56.out,,,,,,,,,,,,,,,,
560,57,MASKED,MASKED_UNFLAGGED,,,,HeCBench/results/llvm17_inject/jacobi/pointer/site560_bit57.out,,,,,,,,,,,,,,,,
560,58,MASKED,MASKED_UNFLAGGED,,,,HeCBench/results/llvm17_inject/jacobi/pointer/site560_bit58.out,,,,,,,,,,,,,,,,
560,59,MASKED,MASKED_UNFLAGGED,,,,HeCBench/results/llvm17_inject/jacobi/pointer/site560_bit59.out,,,,,,,,,,,,,,,,
560,60,MASKED,MASKED_UNFLAGGED,,,,HeCBench/results/llvm17_inject/jacobi/pointer/site560_bit60.out,,,,,,,,,,,,,,,,
560,61,MASKED,MASKED_UNFLAGGED,,,,HeCBench/results/llvm17_inject/jacobi/pointer/site560_bit61.out,,,,,,,,,,,,,,,,
560,62,MASKED,MASKED_UNFLAGGED,,,,HeCBench/results/llvm17_inject/jacobi/pointer/site560_bit62.out,,,,,,,,,,,,,,,,
560,63,MASKED,MASKED_UNFLAGGED,,,,HeCBench/results/llvm17_inject/jacobi/pointer/site560_bit63.out,,,,,,,,,,,,,,,,
563,0,MASKED,MASKED_UNFLAGGED,,,,HeCBench/results/llvm17_inject/jacobi/pointer/site563_bit0.out,,,,,,,,,,,,,,,,
563,1,MASKED,MASKED_UNFLAGGED,,,,HeCBench/results/llvm17_inject/jacobi/pointer/site563_bit1.out,,,,,,,,,,,,,,,,
563,2,MASKED,MASKED_UNFLAGGED,,,,HeCBench/results/llvm17_inject/jacobi/pointer/site563_bit2.out,,,,,,,,,,,,,,,,
563,3,MASKED,MASKED_UNFLAGGED,,,,HeCBench/results/llvm17_inject/jacobi/pointer/site563_bit3.out,,,,,,,,,,,,,,,,
563,4,MASKED,MASKED_UNFLAGGED,,,,HeCBench/results/llvm17_inject/jacobi/pointer/site563_bit4.out,,,,,,,,,,,,,,,,
563,5,MASKED,MASKED_UNFLAGGED,,,,HeCBench/results/llvm17_inject/jacobi/pointer/site563_bit5.out,,,,,,,,,,,,,,,,
563,6,MASKED,MASKED_UNFLAGGED,,,,HeCBench/results/llvm17_inject/jacobi/pointer/site563_bit6.out,,,,,,,,,,,,,,,,
563,7,MASKED,MASKED_UNFLAGGED,,,,HeCBench/results/llvm17_inject/jacobi/pointer/site563_bit7.out,,,,,,,,,,,,,,,,
563,8,MASKED,MASKED_UNFLAGGED,,,,HeCBench/results/llvm17_inject/jacobi/pointer/site563_bit8.out,,,,,,,,,,,,,,,,
563,9,MASKED,MASKED_UNFLAGGED,,,,HeCBench/results/llvm17_inject/jacobi/pointer/site563_bit9.out,,,,,,,,,,,,,,,,
563,10,MASKED,MASKED_UNFLAGGED,,,,HeCBench/results/llvm17_inject/jacobi/pointer/site563_bit10.out,,,,,,,,,,,,,,,,
563,11,MASKED,MASKED_UNFLAGGED,,,,HeCBench/results/llvm17_inject/jacobi/pointer/site563_bit11.out,,,,,,,,,,,,,,,,
563,12,MASKED,MASKED_UNFLAGGED,,,,HeCBench/results/llvm17_inject/jacobi/pointer/site563_bit12.out,,,,,,,,,,,,,,,,
563,13,MASKED,MASKED_UNFLAGGED,,,,HeCBench/results/llvm17_inject/jacobi/pointer/site563_bit13.out,,,,,,,,,,,,,,,,
563,14,MASKED,MASKED_UNFLAGGED,,,,HeCBench/results/llvm17_inject/jacobi/pointer/site563_bit14.out,,,,,,,,,,,,,,,,
563,15,MASKED,MASKED_UNFLAGGED,,,,HeCBench/results/llvm17_inject/jacobi/pointer/site563_bit15.out,,,,,,,,,,,,,,,,
563,16,MASKED,MASKED_UNFLAGGED,,,,HeCBench/results/llvm17_inject/jacobi/pointer/site563_bit16.out,,,,,,,,,,,,,,,,
563,17,MASKED,MASKED_UNFLAGGED,,,,HeCBench/results/llvm17_inject/jacobi/pointer/site563_bit17.out,,,,,,,,,,,,,,,,
563,18,MASKED,MASKED_UNFLAGGED,,,,HeCBench/results/llvm17_inject/jacobi/pointer/site563_bit18.out,,,,,,,,,,,,,,,,
563,19,MASKED,MASKED_UNFLAGGED,,,,HeCBench/results/llvm17_inject/jacobi/pointer/site563_bit19.out,,,,,,,,,,,,,,,,
563,20,MASKED,MASKED_UNFLAGGED,,,,HeCBench/results/llvm17_inject/jacobi/pointer/site563_bit20.out,,,,,,,,,,,,,,,,
563,21,MASKED,MASKED_UNFLAGGED,,,,HeCBench/results/llvm17_inject/jacobi/pointer/site563_bit21.out,,,,,,,,,,,,,,,,
563,22,MASKED,MASKED_UNFLAGGED,,,,HeCBench/results/llvm17_inject/jacobi/pointer/site563_bit22.out,,,,,,,,,,,,,,,,
563,23,MASKED,MASKED_UNFLAGGED,,,,HeCBench/results/llvm17_inject/jacobi/pointer/site563_bit23.out,,,,,,,,,,,,,,,,
563,24,MASKED,MASKED_UNFLAGGED,,,,HeCBench/results/llvm17_inject/jacobi/pointer/site563_bit24.out,,,,,,,,,,,,,,,,
563,25,MASKED,MASKED_UNFLAGGED,,,,HeCBench/results/llvm17_inject/jacobi/pointer/site563_bit25.out,,,,,,,,,,,,,,,,
563,26,MASKED,MASKED_UNFLAGGED,,,,HeCBench/results/llvm17_inject/jacobi/pointer/site563_bit26.out,,,,,,,,,,,,,,,,
563,27,MASKED,MASKED_UNFLAGGED,,,,HeCBench/results/llvm17_inject/jacobi/pointer/site563_bit27.out,,,,,,,,,,,,,,,,
563,28,MASKED,MASKED_UNFLAGGED,,,,HeCBench/results/llvm17_inject/jacobi/pointer/site563_bit28.out,,,,,,,,,,,,,,,,
563,29,MASKED,MASKED_UNFLAGGED,,,,HeCBench/results/llvm17_inject/jacobi/pointer/site563_bit29.out,,,,,,,,,,,,,,,,
563,30,MASKED,MASKED_UNFLAGGED,,,,HeCBench/results/llvm17_inject/jacobi/pointer/site563_bit30.out,,,,,,,,,,,,,,,,
563,31,MASKED,MASKED_UNFLAGGED,,,,HeCBench/results/llvm17_inject/jacobi/pointer/site563_bit31.out,,,,,,,,,,,,,,,,
563,32,MASKED,MASKED_UNFLAGGED,,,,HeCBench/results/llvm17_inject/jacobi/pointer/site563_bit32.out,,,,,,,,,,,,,,,,
563,33,MASKED,MASKED_UNFLAGGED,,,,HeCBench/results/llvm17_inject/jacobi/pointer/site563_bit33.out,,,,,,,,,,,,,,,,
563,34,MASKED,MASKED_UNFLAGGED,,,,HeCBench/results/llvm17_inject/jacobi/pointer/site563_bit34.out,,,,,,,,,,,,,,,,
563,35,MASKED,MASKED_UNFLAGGED,,,,HeCBench/results/llvm17_inject/jacobi/pointer/site563_bit35.out,,,,,,,,,,,,,,,,
563,36,MASKED,MASKED_UNFLAGGED,,,,HeCBench/results/llvm17_inject/jacobi/pointer/site563_bit36.out,,,,,,,,,,,,,,,,
563,37,MASKED,MASKED_UNFLAGGED,,,,HeCBench/results/llvm17_inject/jacobi/pointer/site563_bit37.out,,,,,,,,,,,,,,,,
563,38,MASKED,MASKED_UNFLAGGED,,,,HeCBench/results/llvm17_inject/jacobi/pointer/site563_bit38.out,,,,,,,,,,,,,,,,
563,39,MASKED,MASKED_UNFLAGGED,,,,HeCBench/results/llvm17_inject/jacobi/pointer/site563_bit39.out,,,,,,,,,,,,,,,,
563,40,MASKED,MASKED_UNFLAGGED,,,,HeCBench/results/llvm17_inject/jacobi/pointer/site563_bit40.out,,,,,,,,,,,,,,,,
563,41,MASKED,MASKED_UNFLAGGED,,,,HeCBench/results/llvm17_inject/jacobi/pointer/site563_bit41.out,,,,,,,,,,,,,,,,
563,42,MASKED,MASKED_UNFLAGGED,,,,HeCBench/results/llvm17_inject/jacobi/pointer/site563_bit42.out,,,,,,,,,,,,,,,,
563,43,MASKED,MASKED_UNFLAGGED,,,,HeCBench/results/llvm17_inject/jacobi/pointer/site563_bit43.out,,,,,,,,,,,,,,,,
563,44,MASKED,MASKED_UNFLAGGED,,,,HeCBench/results/llvm17_inject/jacobi/pointer/site563_bit44.out,,,,,,,,,,,,,,,,
563,45,MASKED,MASKED_UNFLAGGED,,,,HeCBench/results/llvm17_inject/jacobi/pointer/site563_bit45.out,,,,,,,,,,,,,,,,
563,46,MASKED,MASKED_UNFLAGGED,,,,HeCBench/results/llvm17_inject/jacobi/pointer/site563_bit46.out,,,,,,,,,,,,,,,,
563,47,MASKED,MASKED_UNFLAGGED,,,,HeCBench/results/llvm17_inject/jacobi/pointer/site563_bit47.out,,,,,,,,,,,,,,,,
563,48,MASKED,MASKED_UNFLAGGED,,,,HeCBench/results/llvm17_inject/jacobi/pointer/site563_bit48.out,,,,,,,,,,,,,,,,
563,49,MASKED,MASKED_UNFLAGGED,,,,HeCBench/results/llvm17_inject/jacobi/pointer/site563_bit49.out,,,,,,,,,,,,,,,,
563,50,MASKED,MASKED_UNFLAGGED,,,,HeCBench/results/llvm17_inject/jacobi/pointer/site563_bit50.out,,,,,,,,,,,,,,,,
563,51,MASKED,MASKED_UNFLAGGED,,,,HeCBench/results/llvm17_inject/jacobi/pointer/site563_bit51.out,,,,,,,,,,,,,,,,
563,52,MASKED,MASKED_UNFLAGGED,,,,HeCBench/results/llvm17_inject/jacobi/pointer/site563_bit52.out,,,,,,,,,,,,,,,,
563,53,MASKED,MASKED_UNFLAGGED,,,,HeCBench/results/llvm17_inject/jacobi/pointer/site563_bit53.out,,,,,,,,,,,,,,,,
563,54,MASKED,MASKED_UNFLAGGED,,,,HeCBench/results/llvm17_inject/jacobi/pointer/site563_bit54.out,,,,,,,,,,,,,,,,
563,55,MASKED,MASKED_UNFLAGGED,,,,HeCBench/results/llvm17_inject/jacobi/pointer/site563_bit55.out,,,,,,,,,,,,,,,,
563,56,MASKED,MASKED_UNFLAGGED,,,,HeCBench/results/llvm17_inject/jacobi/pointer/site563_bit56.out,,,,,,,,,,,,,,,,
563,57,MASKED,MASKED_UNFLAGGED,,,,HeCBench/results/llvm17_inject/jacobi/pointer/site563_bit57.out,,,,,,,,,,,,,,,,
563,58,MASKED,MASKED_UNFLAGGED,,,,HeCBench/results/llvm17_inject/jacobi/pointer/site563_bit58.out,,,,,,,,,,,,,,,,
563,59,MASKED,MASKED_UNFLAGGED,,,,HeCBench/results/llvm17_inject/jacobi/pointer/site563_bit59.out,,,,,,,,,,,,,,,,
563,60,MASKED,MASKED_UNFLAGGED,,,,HeCBench/results/llvm17_inject/jacobi/pointer/site563_bit60.out,,,,,,,,,,,,,,,,
563,61,MASKED,MASKED_UNFLAGGED,,,,HeCBench/results/llvm17_inject/jacobi/pointer/site563_bit61.out,,,,,,,,,,,,,,,,
563,62,MASKED,MASKED_UNFLAGGED,,,,HeCBench/results/llvm17_inject/jacobi/pointer/site563_bit62.out,,,,,,,,,,,,,,,,
563,63,MASKED,MASKED_UNFLAGGED,,,,HeCBench/results/llvm17_inject/jacobi/pointer/site563_bit63.out,,,,,,,,,,,,,,,,
565,0,MASKED,MASKED_UNFLAGGED,,,,HeCBench/results/llvm17_inject/jacobi/pointer/site565_bit0.out,,,,,,,,,,,,,,,,
565,1,MASKED,MASKED_UNFLAGGED,,,,HeCBench/results/llvm17_inject/jacobi/pointer/site565_bit1.out,,,,,,,,,,,,,,,,
565,2,MASKED,MASKED_UNFLAGGED,,,,HeCBench/results/llvm17_inject/jacobi/pointer/site565_bit2.out,,,,,,,,,,,,,,,,
565,3,MASKED,MASKED_UNFLAGGED,,,,HeCBench/results/llvm17_inject/jacobi/pointer/site565_bit3.out,,,,,,,,,,,,,,,,
565,4,MASKED,MASKED_UNFLAGGED,,,,HeCBench/results/llvm17_inject/jacobi/pointer/site565_bit4.out,,,,,,,,,,,,,,,,
565,5,MASKED,MASKED_UNFLAGGED,,,,HeCBench/results/llvm17_inject/jacobi/pointer/site565_bit5.out,,,,,,,,,,,,,,,,
565,6,MASKED,MASKED_UNFLAGGED,,,,HeCBench/results/llvm17_inject/jacobi/pointer/site565_bit6.out,,,,,,,,,,,,,,,,
565,7,MASKED,MASKED_UNFLAGGED,,,,HeCBench/results/llvm17_inject/jacobi/pointer/site565_bit7.out,,,,,,,,,,,,,,,,
565,8,MASKED,MASKED_UNFLAGGED,,,,HeCBench/results/llvm17_inject/jacobi/pointer/site565_bit8.out,,,,,,,,,,,,,,,,
565,9,MASKED,MASKED_UNFLAGGED,,,,HeCBench/results/llvm17_inject/jacobi/pointer/site565_bit9.out,,,,,,,,,,,,,,,,
565,10,MASKED,MASKED_UNFLAGGED,,,,HeCBench/results/llvm17_inject/jacobi/pointer/site565_bit10.out,,,,,,,,,,,,,,,,
565,11,MASKED,MASKED_UNFLAGGED,,,,HeCBench/results/llvm17_inject/jacobi/pointer/site565_bit11.out,,,,,,,,,,,,,,,,
565,12,MASKED,MASKED_UNFLAGGED,,,,HeCBench/results/llvm17_inject/jacobi/pointer/site565_bit12.out,,,,,,,,,,,,,,,,
565,13,MASKED,MASKED_UNFLAGGED,,,,HeCBench/results/llvm17_inject/jacobi/pointer/site565_bit13.out,,,,,,,,,,,,,,,,
565,14,MASKED,MASKED_UNFLAGGED,,,,HeCBench/results/llvm17_inject/jacobi/pointer/site565_bit14.out,,,,,,,,,,,,,,,,
565,15,MASKED,MASKED_UNFLAGGED,,,,HeCBench/results/llvm17_inject/jacobi/pointer/site565_bit15.out,,,,,,,,,,,,,,,,
565,16,MASKED,MASKED_UNFLAGGED,,,,HeCBench/results/llvm17_inject/jacobi/pointer/site565_bit16.out,,,,,,,,,,,,,,,,
565,17,MASKED,MASKED_UNFLAGGED,,,,HeCBench/results/llvm17_inject/jacobi/pointer/site565_bit17.out,,,,,,,,,,,,,,,,
565,18,MASKED,MASKED_UNFLAGGED,,,,HeCBench/results/llvm17_inject/jacobi/pointer/site565_bit18.out,,,,,,,,,,,,,,,,
565,19,MASKED,MASKED_UNFLAGGED,,,,HeCBench/results/llvm17_inject/jacobi/pointer/site565_bit19.out,,,,,,,,,,,,,,,,
565,20,MASKED,MASKED_UNFLAGGED,,,,HeCBench/results/llvm17_inject/jacobi/pointer/site565_bit20.out,,,,,,,,,,,,,,,,
565,21,MASKED,MASKED_UNFLAGGED,,,,HeCBench/results/llvm17_inject/jacobi/pointer/site565_bit21.out,,,,,,,,,,,,,,,,
565,22,MASKED,MASKED_UNFLAGGED,,,,HeCBench/results/llvm17_inject/jacobi/pointer/site565_bit22.out,,,,,,,,,,,,,,,,
565,23,MASKED,MASKED_UNFLAGGED,,,,HeCBench/results/llvm17_inject/jacobi/pointer/site565_bit23.out,,,,,,,,,,,,,,,,
565,24,MASKED,MASKED_UNFLAGGED,,,,HeCBench/results/llvm17_inject/jacobi/pointer/site565_bit24.out,,,,,,,,,,,,,,,,
565,25,MASKED,MASKED_UNFLAGGED,,,,HeCBench/results/llvm17_inject/jacobi/pointer/site565_bit25.out,,,,,,,,,,,,,,,,
565,26,MASKED,MASKED_UNFLAGGED,,,,HeCBench/results/llvm17_inject/jacobi/pointer/site565_bit26.out,,,,,,,,,,,,,,,,
565,27,MASKED,MASKED_UNFLAGGED,,,,HeCBench/results/llvm17_inject/jacobi/pointer/site565_bit27.out,,,,,,,,,,,,,,,,
565,28,MASKED,MASKED_UNFLAGGED,,,,HeCBench/results/llvm17_inject/jacobi/pointer/site565_bit28.out,,,,,,,,,,,,,,,,
565,29,MASKED,MASKED_UNFLAGGED,,,,HeCBench/results/llvm17_inject/jacobi/pointer/site565_bit29.out,,,,,,,,,,,,,,,,
565,30,MASKED,MASKED_UNFLAGGED,,,,HeCBench/results/llvm17_inject/jacobi/pointer/site565_bit30.out,,,,,,,,,,,,,,,,
565,31,MASKED,MASKED_UNFLAGGED,,,,HeCBench/results/llvm17_inject/jacobi/pointer/site565_bit31.out,,,,,,,,,,,,,,,,
565,32,MASKED,MASKED_UNFLAGGED,,,,HeCBench/results/llvm17_inject/jacobi/pointer/site565_bit32.out,,,,,,,,,,,,,,,,
565,33,MASKED,MASKED_UNFLAGGED,,,,HeCBench/results/llvm17_inject/jacobi/pointer/site565_bit33.out,,,,,,,,,,,,,,,,
565,34,MASKED,MASKED_UNFLAGGED,,,,HeCBench/results/llvm17_inject/jacobi/pointer/site565_bit34.out,,,,,,,,,,,,,,,,
565,35,MASKED,MASKED_UNFLAGGED,,,,HeCBench/results/llvm17_inject/jacobi/pointer/site565_bit35.out,,,,,,,,,,,,,,,,
565,36,MASKED,MASKED_UNFLAGGED,,,,HeCBench/results/llvm17_inject/jacobi/pointer/site565_bit36.out,,,,,,,,,,,,,,,,
565,37,MASKED,MASKED_UNFLAGGED,,,,HeCBench/results/llvm17_inject/jacobi/pointer/site565_bit37.out,,,,,,,,,,,,,,,,
565,38,MASKED,MASKED_UNFLAGGED,,,,HeCBench/results/llvm17_inject/jacobi/pointer/site565_bit38.out,,,,,,,,,,,,,,,,
565,39,MASKED,MASKED_UNFLAGGED,,,,HeCBench/results/llvm17_inject/jacobi/pointer/site565_bit39.out,,,,,,,,,,,,,,,,
565,40,MASKED,MASKED_UNFLAGGED,,,,HeCBench/results/llvm17_inject/jacobi/pointer/site565_bit40.out,,,,,,,,,,,,,,,,
565,41,MASKED,MASKED_UNFLAGGED,,,,HeCBench/results/llvm17_inject/jacobi/pointer/site565_bit41.out,,,,,,,,,,,,,,,,
565,42,MASKED,MASKED_UNFLAGGED,,,,HeCBench/results/llvm17_inject/jacobi/pointer/site565_bit42.out,,,,,,,,,,,,,,,,
565,43,MASKED,MASKED_UNFLAGGED,,,,HeCBench/results/llvm17_inject/jacobi/pointer/site565_bit43.out,,,,,,,,,,,,,,,,
565,44,MASKED,MASKED_UNFLAGGED,,,,HeCBench/results/llvm17_inject/jacobi/pointer/site565_bit44.out,,,,,,,,,,,,,,,,
565,45,MASKED,MASKED_UNFLAGGED,,,,HeCBench/results/llvm17_inject/jacobi/pointer/site565_bit45.out,,,,,,,,,,,,,,,,
565,46,MASKED,MASKED_UNFLAGGED,,,,HeCBench/results/llvm17_inject/jacobi/pointer/site565_bit46.out,,,,,,,,,,,,,,,,
565,47,MASKED,MASKED_UNFLAGGED,,,,HeCBench/results/llvm17_inject/jacobi/pointer/site565_bit47.out,,,,,,,,,,,,,,,,
565,48,MASKED,MASKED_UNFLAGGED,,,,HeCBench/results/llvm17_inject/jacobi/pointer/site565_bit48.out,,,,,,,,,,,,,,,,
565,49,MASKED,MASKED_UNFLAGGED,,,,HeCBench/results/llvm17_inject/jacobi/pointer/site565_bit49.out,,,,,,,,,,,,,,,,
565,50,MASKED,MASKED_UNFLAGGED,,,,HeCBench/results/llvm17_inject/jacobi/pointer/site565_bit50.out,,,,,,,,,,,,,,,,
565,51,MASKED,MASKED_UNFLAGGED,,,,HeCBench/results/llvm17_inject/jacobi/pointer/site565_bit51.out,,,,,,,,,,,,,,,,
565,52,MASKED,MASKED_UNFLAGGED,,,,HeCBench/results/llvm17_inject/jacobi/pointer/site565_bit52.out,,,,,,,,,,,,,,,,
565,53,MASKED,MASKED_UNFLAGGED,,,,HeCBench/results/llvm17_inject/jacobi/pointer/site565_bit53.out,,,,,,,,,,,,,,,,
565,54,MASKED,MASKED_UNFLAGGED,,,,HeCBench/results/llvm17_inject/jacobi/pointer/site565_bit54.out,,,,,,,,,,,,,,,,
565,55,MASKED,MASKED_UNFLAGGED,,,,HeCBench/results/llvm17_inject/jacobi/pointer/site565_bit55.out,,,,,,,,,,,,,,,,
565,56,MASKED,MASKED_UNFLAGGED,,,,HeCBench/results/llvm17_inject/jacobi/pointer/site565_bit56.out,,,,,,,,,,,,,,,,
565,57,MASKED,MASKED_UNFLAGGED,,,,HeCBench/results/llvm17_inject/jacobi/pointer/site565_bit57.out,,,,,,,,,,,,,,,,
565,58,MASKED,MASKED_UNFLAGGED,,,,HeCBench/results/llvm17_inject/jacobi/pointer/site565_bit58.out,,,,,,,,,,,,,,,,
565,59,MASKED,MASKED_UNFLAGGED,,,,HeCBench/results/llvm17_inject/jacobi/pointer/site565_bit59.out,,,,,,,,,,,,,,,,
565,60,MASKED,MASKED_UNFLAGGED,,,,HeCBench/results/llvm17_inject/jacobi/pointer/site565_bit60.out,,,,,,,,,,,,,,,,
565,61,MASKED,MASKED_UNFLAGGED,,,,HeCBench/results/llvm17_inject/jacobi/pointer/site565_bit61.out,,,,,,,,,,,,,,,,
565,62,MASKED,MASKED_UNFLAGGED,,,,HeCBench/results/llvm17_inject/jacobi/pointer/site565_bit62.out,,,,,,,,,,,,,,,,
565,63,MASKED,MASKED_UNFLAGGED,,,,HeCBench/results/llvm17_inject/jacobi/pointer/site565_bit63.out,,,,,,,,,,,,,,,,
567,0,MASKED,MASKED_UNFLAGGED,,,,HeCBench/results/llvm17_inject/jacobi/pointer/site567_bit0.out,,,,,,,,,,,,,,,,
567,1,MASKED,MASKED_UNFLAGGED,,,,HeCBench/results/llvm17_inject/jacobi/pointer/site567_bit1.out,,,,,,,,,,,,,,,,
567,2,MASKED,MASKED_UNFLAGGED,,,,HeCBench/results/llvm17_inject/jacobi/pointer/site567_bit2.out,,,,,,,,,,,,,,,,
567,3,MASKED,MASKED_UNFLAGGED,,,,HeCBench/results/llvm17_inject/jacobi/pointer/site567_bit3.out,,,,,,,,,,,,,,,,
567,4,MASKED,MASKED_UNFLAGGED,,,,HeCBench/results/llvm17_inject/jacobi/pointer/site567_bit4.out,,,,,,,,,,,,,,,,
567,5,MASKED,MASKED_UNFLAGGED,,,,HeCBench/results/llvm17_inject/jacobi/pointer/site567_bit5.out,,,,,,,,,,,,,,,,
567,6,MASKED,MASKED_UNFLAGGED,,,,HeCBench/results/llvm17_inject/jacobi/pointer/site567_bit6.out,,,,,,,,,,,,,,,,
567,7,MASKED,MASKED_UNFLAGGED,,,,HeCBench/results/llvm17_inject/jacobi/pointer/site567_bit7.out,,,,,,,,,,,,,,,,
567,8,MASKED,MASKED_UNFLAGGED,,,,HeCBench/results/llvm17_inject/jacobi/pointer/site567_bit8.out,,,,,,,,,,,,,,,,
567,9,MASKED,MASKED_UNFLAGGED,,,,HeCBench/results/llvm17_inject/jacobi/pointer/site567_bit9.out,,,,,,,,,,,,,,,,
567,10,MASKED,MASKED_UNFLAGGED,,,,HeCBench/results/llvm17_inject/jacobi/pointer/site567_bit10.out,,,,,,,,,,,,,,,,
567,11,MASKED,MASKED_UNFLAGGED,,,,HeCBench/results/llvm17_inject/jacobi/pointer/site567_bit11.out,,,,,,,,,,,,,,,,
567,12,MASKED,MASKED_UNFLAGGED,,,,HeCBench/results/llvm17_inject/jacobi/pointer/site567_bit12.out,,,,,,,,,,,,,,,,
567,13,MASKED,MASKED_UNFLAGGED,,,,HeCBench/results/llvm17_inject/jacobi/pointer/site567_bit13.out,,,,,,,,,,,,,,,,
567,14,MASKED,MASKED_UNFLAGGED,,,,HeCBench/results/llvm17_inject/jacobi/pointer/site567_bit14.out,,,,,,,,,,,,,,,,
567,15,MASKED,MASKED_UNFLAGGED,,,,HeCBench/results/llvm17_inject/jacobi/pointer/site567_bit15.out,,,,,,,,,,,,,,,,
567,16,MASKED,MASKED_UNFLAGGED,,,,HeCBench/results/llvm17_inject/jacobi/pointer/site567_bit16.out,,,,,,,,,,,,,,,,
567,17,MASKED,MASKED_UNFLAGGED,,,,HeCBench/results/llvm17_inject/jacobi/pointer/site567_bit17.out,,,,,,,,,,,,,,,,
567,18,MASKED,MASKED_UNFLAGGED,,,,HeCBench/results/llvm17_inject/jacobi/pointer/site567_bit18.out,,,,,,,,,,,,,,,,
567,19,MASKED,MASKED_UNFLAGGED,,,,HeCBench/results/llvm17_inject/jacobi/pointer/site567_bit19.out,,,,,,,,,,,,,,,,
567,20,MASKED,MASKED_UNFLAGGED,,,,HeCBench/results/llvm17_inject/jacobi/pointer/site567_bit20.out,,,,,,,,,,,,,,,,
567,21,MASKED,MASKED_UNFLAGGED,,,,HeCBench/results/llvm17_inject/jacobi/pointer/site567_bit21.out,,,,,,,,,,,,,,,,
567,22,MASKED,MASKED_UNFLAGGED,,,,HeCBench/results/llvm17_inject/jacobi/pointer/site567_bit22.out,,,,,,,,,,,,,,,,
567,23,MASKED,MASKED_UNFLAGGED,,,,HeCBench/results/llvm17_inject/jacobi/pointer/site567_bit23.out,,,,,,,,,,,,,,,,
567,24,MASKED,MASKED_UNFLAGGED,,,,HeCBench/results/llvm17_inject/jacobi/pointer/site567_bit24.out,,,,,,,,,,,,,,,,
567,25,MASKED,MASKED_UNFLAGGED,,,,HeCBench/results/llvm17_inject/jacobi/pointer/site567_bit25.out,,,,,,,,,,,,,,,,
567,26,MASKED,MASKED_UNFLAGGED,,,,HeCBench/results/llvm17_inject/jacobi/pointer/site567_bit26.out,,,,,,,,,,,,,,,,
567,27,MASKED,MASKED_UNFLAGGED,,,,HeCBench/results/llvm17_inject/jacobi/pointer/site567_bit27.out,,,,,,,,,,,,,,,,
567,28,MASKED,MASKED_UNFLAGGED,,,,HeCBench/results/llvm17_inject/jacobi/pointer/site567_bit28.out,,,,,,,,,,,,,,,,
567,29,MASKED,MASKED_UNFLAGGED,,,,HeCBench/results/llvm17_inject/jacobi/pointer/site567_bit29.out,,,,,,,,,,,,,,,,
567,30,MASKED,MASKED_UNFLAGGED,,,,HeCBench/results/llvm17_inject/jacobi/pointer/site567_bit30.out,,,,,,,,,,,,,,,,
567,31,MASKED,MASKED_UNFLAGGED,,,,HeCBench/results/llvm17_inject/jacobi/pointer/site567_bit31.out,,,,,,,,,,,,,,,,
567,32,MASKED,MASKED_UNFLAGGED,,,,HeCBench/results/llvm17_inject/jacobi/pointer/site567_bit32.out,,,,,,,,,,,,,,,,
567,33,MASKED,MASKED_UNFLAGGED,,,,HeCBench/results/llvm17_inject/jacobi/pointer/site567_bit33.out,,,,,,,,,,,,,,,,
567,34,MASKED,MASKED_UNFLAGGED,,,,HeCBench/results/llvm17_inject/jacobi/pointer/site567_bit34.out,,,,,,,,,,,,,,,,
567,35,MASKED,MASKED_UNFLAGGED,,,,HeCBench/results/llvm17_inject/jacobi/pointer/site567_bit35.out,,,,,,,,,,,,,,,,
567,36,MASKED,MASKED_UNFLAGGED,,,,HeCBench/results/llvm17_inject/jacobi/pointer/site567_bit36.out,,,,,,,,,,,,,,,,
567,37,MASKED,MASKED_UNFLAGGED,,,,HeCBench/results/llvm17_inject/jacobi/pointer/site567_bit37.out,,,,,,,,,,,,,,,,
567,38,MASKED,MASKED_UNFLAGGED,,,,HeCBench/results/llvm17_inject/jacobi/pointer/site567_bit38.out,,,,,,,,,,,,,,,,
567,39,MASKED,MASKED_UNFLAGGED,,,,HeCBench/results/llvm17_inject/jacobi/pointer/site567_bit39.out,,,,,,,,,,,,,,,,
567,40,MASKED,MASKED_UNFLAGGED,,,,HeCBench/results/llvm17_inject/jacobi/pointer/site567_bit40.out,,,,,,,,,,,,,,,,
567,41,MASKED,MASKED_UNFLAGGED,,,,HeCBench/results/llvm17_inject/jacobi/pointer/site567_bit41.out,,,,,,,,,,,,,,,,
567,42,MASKED,MASKED_UNFLAGGED,,,,HeCBench/results/llvm17_inject/jacobi/pointer/site567_bit42.out,,,,,,,,,,,,,,,,
567,43,MASKED,MASKED_UNFLAGGED,,,,HeCBench/results/llvm17_inject/jacobi/pointer/site567_bit43.out,,,,,,,,,,,,,,,,
567,44,MASKED,MASKED_UNFLAGGED,,,,HeCBench/results/llvm17_inject/jacobi/pointer/site567_bit44.out,,,,,,,,,,,,,,,,
567,45,MASKED,MASKED_UNFLAGGED,,,,HeCBench/results/llvm17_inject/jacobi/pointer/site567_bit45.out,,,,,,,,,,,,,,,,
567,46,MASKED,MASKED_UNFLAGGED,,,,HeCBench/results/llvm17_inject/jacobi/pointer/site567_bit46.out,,,,,,,,,,,,,,,,
567,47,MASKED,MASKED_UNFLAGGED,,,,HeCBench/results/llvm17_inject/jacobi/pointer/site567_bit47.out,,,,,,,,,,,,,,,,
567,48,MASKED,MASKED_UNFLAGGED,,,,HeCBench/results/llvm17_inject/jacobi/pointer/site567_bit48.out,,,,,,,,,,,,,,,,
567,49,MASKED,MASKED_UNFLAGGED,,,,HeCBench/results/llvm17_inject/jacobi/pointer/site567_bit49.out,,,,,,,,,,,,,,,,
567,50,MASKED,MASKED_UNFLAGGED,,,,HeCBench/results/llvm17_inject/jacobi/pointer/site567_bit50.out,,,,,,,,,,,,,,,,
567,51,MASKED,MASKED_UNFLAGGED,,,,HeCBench/results/llvm17_inject/jacobi/pointer/site567_bit51.out,,,,,,,,,,,,,,,,
567,52,MASKED,MASKED_UNFLAGGED,,,,HeCBench/results/llvm17_inject/jacobi/pointer/site567_bit52.out,,,,,,,,,,,,,,,,
567,53,MASKED,MASKED_UNFLAGGED,,,,HeCBench/results/llvm17_inject/jacobi/pointer/site567_bit53.out,,,,,,,,,,,,,,,,
567,54,MASKED,MASKED_UNFLAGGED,,,,HeCBench/results/llvm17_inject/jacobi/pointer/site567_bit54.out,,,,,,,,,,,,,,,,
567,55,MASKED,MASKED_UNFLAGGED,,,,HeCBench/results/llvm17_inject/jacobi/pointer/site567_bit55.out,,,,,,,,,,,,,,,,
567,56,MASKED,MASKED_UNFLAGGED,,,,HeCBench/results/llvm17_inject/jacobi/pointer/site567_bit56.out,,,,,,,,,,,,,,,,
567,57,MASKED,MASKED_UNFLAGGED,,,,HeCBench/results/llvm17_inject/jacobi/pointer/site567_bit57.out,,,,,,,,,,,,,,,,
567,58,MASKED,MASKED_UNFLAGGED,,,,HeCBench/results/llvm17_inject/jacobi/pointer/site567_bit58.out,,,,,,,,,,,,,,,,
567,59,MASKED,MASKED_UNFLAGGED,,,,HeCBench/results/llvm17_inject/jacobi/pointer/site567_bit59.out,,,,,,,,,,,,,,,,
567,60,MASKED,MASKED_UNFLAGGED,,,,HeCBench/results/llvm17_inject/jacobi/pointer/site567_bit60.out,,,,,,,,,,,,,,,,
567,61,MASKED,MASKED_UNFLAGGED,,,,HeCBench/results/llvm17_inject/jacobi/pointer/site567_bit61.out,,,,,,,,,,,,,,,,
567,62,MASKED,MASKED_UNFLAGGED,,,,HeCBench/results/llvm17_inject/jacobi/pointer/site567_bit62.out,,,,,,,,,,,,,,,,
567,63,MASKED,MASKED_UNFLAGGED,,,,HeCBench/results/llvm17_inject/jacobi/pointer/site567_bit63.out,,,,,,,,,,,,,,,,
568,0,MASKED,MASKED_UNFLAGGED,,,,HeCBench/results/llvm17_inject/jacobi/pointer/site568_bit0.out,,,,,,,,,,,,,,,,
568,1,MASKED,MASKED_UNFLAGGED,,,,HeCBench/results/llvm17_inject/jacobi/pointer/site568_bit1.out,,,,,,,,,,,,,,,,
568,2,MASKED,MASKED_UNFLAGGED,,,,HeCBench/results/llvm17_inject/jacobi/pointer/site568_bit2.out,,,,,,,,,,,,,,,,
568,3,MASKED,MASKED_UNFLAGGED,,,,HeCBench/results/llvm17_inject/jacobi/pointer/site568_bit3.out,,,,,,,,,,,,,,,,
568,4,MASKED,MASKED_UNFLAGGED,,,,HeCBench/results/llvm17_inject/jacobi/pointer/site568_bit4.out,,,,,,,,,,,,,,,,
568,5,MASKED,MASKED_UNFLAGGED,,,,HeCBench/results/llvm17_inject/jacobi/pointer/site568_bit5.out,,,,,,,,,,,,,,,,
568,6,MASKED,MASKED_UNFLAGGED,,,,HeCBench/results/llvm17_inject/jacobi/pointer/site568_bit6.out,,,,,,,,,,,,,,,,
568,7,MASKED,MASKED_UNFLAGGED,,,,HeCBench/results/llvm17_inject/jacobi/pointer/site568_bit7.out,,,,,,,,,,,,,,,,
568,8,MASKED,MASKED_UNFLAGGED,,,,HeCBench/results/llvm17_inject/jacobi/pointer/site568_bit8.out,,,,,,,,,,,,,,,,
568,9,MASKED,MASKED_UNFLAGGED,,,,HeCBench/results/llvm17_inject/jacobi/pointer/site568_bit9.out,,,,,,,,,,,,,,,,
568,10,MASKED,MASKED_UNFLAGGED,,,,HeCBench/results/llvm17_inject/jacobi/pointer/site568_bit10.out,,,,,,,,,,,,,,,,
568,11,MASKED,MASKED_UNFLAGGED,,,,HeCBench/results/llvm17_inject/jacobi/pointer/site568_bit11.out,,,,,,,,,,,,,,,,
568,12,MASKED,MASKED_UNFLAGGED,,,,HeCBench/results/llvm17_inject/jacobi/pointer/site568_bit12.out,,,,,,,,,,,,,,,,
568,13,MASKED,MASKED_UNFLAGGED,,,,HeCBench/results/llvm17_inject/jacobi/pointer/site568_bit13.out,,,,,,,,,,,,,,,,
568,14,MASKED,MASKED_UNFLAGGED,,,,HeCBench/results/llvm17_inject/jacobi/pointer/site568_bit14.out,,,,,,,,,,,,,,,,
568,15,MASKED,MASKED_UNFLAGGED,,,,HeCBench/results/llvm17_inject/jacobi/pointer/site568_bit15.out,,,,,,,,,,,,,,,,
568,16,MASKED,MASKED_UNFLAGGED,,,,HeCBench/results/llvm17_inject/jacobi/pointer/site568_bit16.out,,,,,,,,,,,,,,,,
568,17,MASKED,MASKED_UNFLAGGED,,,,HeCBench/results/llvm17_inject/jacobi/pointer/site568_bit17.out,,,,,,,,,,,,,,,,
568,18,MASKED,MASKED_UNFLAGGED,,,,HeCBench/results/llvm17_inject/jacobi/pointer/site568_bit18.out,,,,,,,,,,,,,,,,
568,19,MASKED,MASKED_UNFLAGGED,,,,HeCBench/results/llvm17_inject/jacobi/pointer/site568_bit19.out,,,,,,,,,,,,,,,,
568,20,MASKED,MASKED_UNFLAGGED,,,,HeCBench/results/llvm17_inject/jacobi/pointer/site568_bit20.out,,,,,,,,,,,,,,,,
568,21,MASKED,MASKED_UNFLAGGED,,,,HeCBench/results/llvm17_inject/jacobi/pointer/site568_bit21.out,,,,,,,,,,,,,,,,
568,22,MASKED,MASKED_UNFLAGGED,,,,HeCBench/results/llvm17_inject/jacobi/pointer/site568_bit22.out,,,,,,,,,,,,,,,,
568,23,MASKED,MASKED_UNFLAGGED,,,,HeCBench/results/llvm17_inject/jacobi/pointer/site568_bit23.out,,,,,,,,,,,,,,,,
568,24,MASKED,MASKED_UNFLAGGED,,,,HeCBench/results/llvm17_inject/jacobi/pointer/site568_bit24.out,,,,,,,,,,,,,,,,
568,25,MASKED,MASKED_UNFLAGGED,,,,HeCBench/results/llvm17_inject/jacobi/pointer/site568_bit25.out,,,,,,,,,,,,,,,,
568,26,MASKED,MASKED_UNFLAGGED,,,,HeCBench/results/llvm17_inject/jacobi/pointer/site568_bit26.out,,,,,,,,,,,,,,,,
568,27,MASKED,MASKED_UNFLAGGED,,,,HeCBench/results/llvm17_inject/jacobi/pointer/site568_bit27.out,,,,,,,,,,,,,,,,
568,28,MASKED,MASKED_UNFLAGGED,,,,HeCBench/results/llvm17_inject/jacobi/pointer/site568_bit28.out,,,,,,,,,,,,,,,,
568,29,MASKED,MASKED_UNFLAGGED,,,,HeCBench/results/llvm17_inject/jacobi/pointer/site568_bit29.out,,,,,,,,,,,,,,,,
568,30,MASKED,MASKED_UNFLAGGED,,,,HeCBench/results/llvm17_inject/jacobi/pointer/site568_bit30.out,,,,,,,,,,,,,,,,
568,31,MASKED,MASKED_UNFLAGGED,,,,HeCBench/results/llvm17_inject/jacobi/pointer/site568_bit31.out,,,,,,,,,,,,,,,,
568,32,MASKED,MASKED_UNFLAGGED,,,,HeCBench/results/llvm17_inject/jacobi/pointer/site568_bit32.out,,,,,,,,,,,,,,,,
568,33,MASKED,MASKED_UNFLAGGED,,,,HeCBench/results/llvm17_inject/jacobi/pointer/site568_bit33.out,,,,,,,,,,,,,,,,
568,34,MASKED,MASKED_UNFLAGGED,,,,HeCBench/results/llvm17_inject/jacobi/pointer/site568_bit34.out,,,,,,,,,,,,,,,,
568,35,MASKED,MASKED_UNFLAGGED,,,,HeCBench/results/llvm17_inject/jacobi/pointer/site568_bit35.out,,,,,,,,,,,,,,,,
568,36,MASKED,MASKED_UNFLAGGED,,,,HeCBench/results/llvm17_inject/jacobi/pointer/site568_bit36.out,,,,,,,,,,,,,,,,
568,37,MASKED,MASKED_UNFLAGGED,,,,HeCBench/results/llvm17_inject/jacobi/pointer/site568_bit37.out,,,,,,,,,,,,,,,,
568,38,MASKED,MASKED_UNFLAGGED,,,,HeCBench/results/llvm17_inject/jacobi/pointer/site568_bit38.out,,,,,,,,,,,,,,,,
568,39,MASKED,MASKED_UNFLAGGED,,,,HeCBench/results/llvm17_inject/jacobi/pointer/site568_bit39.out,,,,,,,,,,,,,,,,
568,40,MASKED,MASKED_UNFLAGGED,,,,HeCBench/results/llvm17_inject/jacobi/pointer/site568_bit40.out,,,,,,,,,,,,,,,,
568,41,MASKED,MASKED_UNFLAGGED,,,,HeCBench/results/llvm17_inject/jacobi/pointer/site568_bit41.out,,,,,,,,,,,,,,,,
568,42,MASKED,MASKED_UNFLAGGED,,,,HeCBench/results/llvm17_inject/jacobi/pointer/site568_bit42.out,,,,,,,,,,,,,,,,
568,43,MASKED,MASKED_UNFLAGGED,,,,HeCBench/results/llvm17_inject/jacobi/pointer/site568_bit43.out,,,,,,,,,,,,,,,,
568,44,MASKED,MASKED_UNFLAGGED,,,,HeCBench/results/llvm17_inject/jacobi/pointer/site568_bit44.out,,,,,,,,,,,,,,,,
568,45,MASKED,MASKED_UNFLAGGED,,,,HeCBench/results/llvm17_inject/jacobi/pointer/site568_bit45.out,,,,,,,,,,,,,,,,
568,46,MASKED,MASKED_UNFLAGGED,,,,HeCBench/results/llvm17_inject/jacobi/pointer/site568_bit46.out,,,,,,,,,,,,,,,,
568,47,MASKED,MASKED_UNFLAGGED,,,,HeCBench/results/llvm17_inject/jacobi/pointer/site568_bit47.out,,,,,,,,,,,,,,,,
568,48,MASKED,MASKED_UNFLAGGED,,,,HeCBench/results/llvm17_inject/jacobi/pointer/site568_bit48.out,,,,,,,,,,,,,,,,
568,49,MASKED,MASKED_UNFLAGGED,,,,HeCBench/results/llvm17_inject/jacobi/pointer/site568_bit49.out,,,,,,,,,,,,,,,,
568,50,MASKED,MASKED_UNFLAGGED,,,,HeCBench/results/llvm17_inject/jacobi/pointer/site568_bit50.out,,,,,,,,,,,,,,,,
568,51,MASKED,MASKED_UNFLAGGED,,,,HeCBench/results/llvm17_inject/jacobi/pointer/site568_bit51.out,,,,,,,,,,,,,,,,
568,52,MASKED,MASKED_UNFLAGGED,,,,HeCBench/results/llvm17_inject/jacobi/pointer/site568_bit52.out,,,,,,,,,,,,,,,,
568,53,MASKED,MASKED_UNFLAGGED,,,,HeCBench/results/llvm17_inject/jacobi/pointer/site568_bit53.out,,,,,,,,,,,,,,,,
568,54,MASKED,MASKED_UNFLAGGED,,,,HeCBench/results/llvm17_inject/jacobi/pointer/site568_bit54.out,,,,,,,,,,,,,,,,
568,55,MASKED,MASKED_UNFLAGGED,,,,HeCBench/results/llvm17_inject/jacobi/pointer/site568_bit55.out,,,,,,,,,,,,,,,,
568,56,MASKED,MASKED_UNFLAGGED,,,,HeCBench/results/llvm17_inject/jacobi/pointer/site568_bit56.out,,,,,,,,,,,,,,,,
568,57,MASKED,MASKED_UNFLAGGED,,,,HeCBench/results/llvm17_inject/jacobi/pointer/site568_bit57.out,,,,,,,,,,,,,,,,
568,58,MASKED,MASKED_UNFLAGGED,,,,HeCBench/results/llvm17_inject/jacobi/pointer/site568_bit58.out,,,,,,,,,,,,,,,,
568,59,MASKED,MASKED_UNFLAGGED,,,,HeCBench/results/llvm17_inject/jacobi/pointer/site568_bit59.out,,,,,,,,,,,,,,,,
568,60,MASKED,MASKED_UNFLAGGED,,,,HeCBench/results/llvm17_inject/jacobi/pointer/site568_bit60.out,,,,,,,,,,,,,,,,
568,61,MASKED,MASKED_UNFLAGGED,,,,HeCBench/results/llvm17_inject/jacobi/pointer/site568_bit61.out,,,,,,,,,,,,,,,,
568,62,MASKED,MASKED_UNFLAGGED,,,,HeCBench/results/llvm17_inject/jacobi/pointer/site568_bit62.out,,,,,,,,,,,,,,,,
568,63,MASKED,MASKED_UNFLAGGED,,,,HeCBench/results/llvm17_inject/jacobi/pointer/site568_bit63.out,,,,,,,,,,,,,,,,
570,0,MASKED,MASKED_UNFLAGGED,,,,HeCBench/results/llvm17_inject/jacobi/pointer/site570_bit0.out,,,,,,,,,,,,,,,,
570,1,MASKED,MASKED_UNFLAGGED,,,,HeCBench/results/llvm17_inject/jacobi/pointer/site570_bit1.out,,,,,,,,,,,,,,,,
570,2,MASKED,MASKED_UNFLAGGED,,,,HeCBench/results/llvm17_inject/jacobi/pointer/site570_bit2.out,,,,,,,,,,,,,,,,
570,3,MASKED,MASKED_UNFLAGGED,,,,HeCBench/results/llvm17_inject/jacobi/pointer/site570_bit3.out,,,,,,,,,,,,,,,,
570,4,MASKED,MASKED_UNFLAGGED,,,,HeCBench/results/llvm17_inject/jacobi/pointer/site570_bit4.out,,,,,,,,,,,,,,,,
570,5,MASKED,MASKED_UNFLAGGED,,,,HeCBench/results/llvm17_inject/jacobi/pointer/site570_bit5.out,,,,,,,,,,,,,,,,
570,6,MASKED,MASKED_UNFLAGGED,,,,HeCBench/results/llvm17_inject/jacobi/pointer/site570_bit6.out,,,,,,,,,,,,,,,,
570,7,MASKED,MASKED_UNFLAGGED,,,,HeCBench/results/llvm17_inject/jacobi/pointer/site570_bit7.out,,,,,,,,,,,,,,,,
570,8,MASKED,MASKED_UNFLAGGED,,,,HeCBench/results/llvm17_inject/jacobi/pointer/site570_bit8.out,,,,,,,,,,,,,,,,
570,9,MASKED,MASKED_UNFLAGGED,,,,HeCBench/results/llvm17_inject/jacobi/pointer/site570_bit9.out,,,,,,,,,,,,,,,,
570,10,MASKED,MASKED_UNFLAGGED,,,,HeCBench/results/llvm17_inject/jacobi/pointer/site570_bit10.out,,,,,,,,,,,,,,,,
570,11,MASKED,MASKED_UNFLAGGED,,,,HeCBench/results/llvm17_inject/jacobi/pointer/site570_bit11.out,,,,,,,,,,,,,,,,
570,12,MASKED,MASKED_UNFLAGGED,,,,HeCBench/results/llvm17_inject/jacobi/pointer/site570_bit12.out,,,,,,,,,,,,,,,,
570,13,MASKED,MASKED_UNFLAGGED,,,,HeCBench/results/llvm17_inject/jacobi/pointer/site570_bit13.out,,,,,,,,,,,,,,,,
570,14,MASKED,MASKED_UNFLAGGED,,,,HeCBench/results/llvm17_inject/jacobi/pointer/site570_bit14.out,,,,,,,,,,,,,,,,
570,15,MASKED,MASKED_UNFLAGGED,,,,HeCBench/results/llvm17_inject/jacobi/pointer/site570_bit15.out,,,,,,,,,,,,,,,,
570,16,MASKED,MASKED_UNFLAGGED,,,,HeCBench/results/llvm17_inject/jacobi/pointer/site570_bit16.out,,,,,,,,,,,,,,,,
570,17,MASKED,MASKED_UNFLAGGED,,,,HeCBench/results/llvm17_inject/jacobi/pointer/site570_bit17.out,,,,,,,,,,,,,,,,
570,18,MASKED,MASKED_UNFLAGGED,,,,HeCBench/results/llvm17_inject/jacobi/pointer/site570_bit18.out,,,,,,,,,,,,,,,,
570,19,MASKED,MASKED_UNFLAGGED,,,,HeCBench/results/llvm17_inject/jacobi/pointer/site570_bit19.out,,,,,,,,,,,,,,,,
570,20,MASKED,MASKED_UNFLAGGED,,,,HeCBench/results/llvm17_inject/jacobi/pointer/site570_bit20.out,,,,,,,,,,,,,,,,
570,21,MASKED,MASKED_UNFLAGGED,,,,HeCBench/results/llvm17_inject/jacobi/pointer/site570_bit21.out,,,,,,,,,,,,,,,,
570,22,MASKED,MASKED_UNFLAGGED,,,,HeCBench/results/llvm17_inject/jacobi/pointer/site570_bit22.out,,,,,,,,,,,,,,,,
570,23,MASKED,MASKED_UNFLAGGED,,,,HeCBench/results/llvm17_inject/jacobi/pointer/site570_bit23.out,,,,,,,,,,,,,,,,
570,24,MASKED,MASKED_UNFLAGGED,,,,HeCBench/results/llvm17_inject/jacobi/pointer/site570_bit24.out,,,,,,,,,,,,,,,,
570,25,MASKED,MASKED_UNFLAGGED,,,,HeCBench/results/llvm17_inject/jacobi/pointer/site570_bit25.out,,,,,,,,,,,,,,,,
570,26,MASKED,MASKED_UNFLAGGED,,,,HeCBench/results/llvm17_inject/jacobi/pointer/site570_bit26.out,,,,,,,,,,,,,,,,
570,27,MASKED,MASKED_UNFLAGGED,,,,HeCBench/results/llvm17_inject/jacobi/pointer/site570_bit27.out,,,,,,,,,,,,,,,,
570,28,MASKED,MASKED_UNFLAGGED,,,,HeCBench/results/llvm17_inject/jacobi/pointer/site570_bit28.out,,,,,,,,,,,,,,,,
570,29,MASKED,MASKED_UNFLAGGED,,,,HeCBench/results/llvm17_inject/jacobi/pointer/site570_bit29.out,,,,,,,,,,,,,,,,
570,30,MASKED,MASKED_UNFLAGGED,,,,HeCBench/results/llvm17_inject/jacobi/pointer/site570_bit30.out,,,,,,,,,,,,,,,,
570,31,MASKED,MASKED_UNFLAGGED,,,,HeCBench/results/llvm17_inject/jacobi/pointer/site570_bit31.out,,,,,,,,,,,,,,,,
570,32,MASKED,MASKED_UNFLAGGED,,,,HeCBench/results/llvm17_inject/jacobi/pointer/site570_bit32.out,,,,,,,,,,,,,,,,
570,33,MASKED,MASKED_UNFLAGGED,,,,HeCBench/results/llvm17_inject/jacobi/pointer/site570_bit33.out,,,,,,,,,,,,,,,,
570,34,MASKED,MASKED_UNFLAGGED,,,,HeCBench/results/llvm17_inject/jacobi/pointer/site570_bit34.out,,,,,,,,,,,,,,,,
570,35,MASKED,MASKED_UNFLAGGED,,,,HeCBench/results/llvm17_inject/jacobi/pointer/site570_bit35.out,,,,,,,,,,,,,,,,
570,36,MASKED,MASKED_UNFLAGGED,,,,HeCBench/results/llvm17_inject/jacobi/pointer/site570_bit36.out,,,,,,,,,,,,,,,,
570,37,MASKED,MASKED_UNFLAGGED,,,,HeCBench/results/llvm17_inject/jacobi/pointer/site570_bit37.out,,,,,,,,,,,,,,,,
570,38,MASKED,MASKED_UNFLAGGED,,,,HeCBench/results/llvm17_inject/jacobi/pointer/site570_bit38.out,,,,,,,,,,,,,,,,
570,39,MASKED,MASKED_UNFLAGGED,,,,HeCBench/results/llvm17_inject/jacobi/pointer/site570_bit39.out,,,,,,,,,,,,,,,,
570,40,MASKED,MASKED_UNFLAGGED,,,,HeCBench/results/llvm17_inject/jacobi/pointer/site570_bit40.out,,,,,,,,,,,,,,,,
570,41,MASKED,MASKED_UNFLAGGED,,,,HeCBench/results/llvm17_inject/jacobi/pointer/site570_bit41.out,,,,,,,,,,,,,,,,
570,42,MASKED,MASKED_UNFLAGGED,,,,HeCBench/results/llvm17_inject/jacobi/pointer/site570_bit42.out,,,,,,,,,,,,,,,,
570,43,MASKED,MASKED_UNFLAGGED,,,,HeCBench/results/llvm17_inject/jacobi/pointer/site570_bit43.out,,,,,,,,,,,,,,,,
570,44,MASKED,MASKED_UNFLAGGED,,,,HeCBench/results/llvm17_inject/jacobi/pointer/site570_bit44.out,,,,,,,,,,,,,,,,
570,45,MASKED,MASKED_UNFLAGGED,,,,HeCBench/results/llvm17_inject/jacobi/pointer/site570_bit45.out,,,,,,,,,,,,,,,,
570,46,MASKED,MASKED_UNFLAGGED,,,,HeCBench/results/llvm17_inject/jacobi/pointer/site570_bit46.out,,,,,,,,,,,,,,,,
570,47,MASKED,MASKED_UNFLAGGED,,,,HeCBench/results/llvm17_inject/jacobi/pointer/site570_bit47.out,,,,,,,,,,,,,,,,
570,48,MASKED,MASKED_UNFLAGGED,,,,HeCBench/results/llvm17_inject/jacobi/pointer/site570_bit48.out,,,,,,,,,,,,,,,,
570,49,MASKED,MASKED_UNFLAGGED,,,,HeCBench/results/llvm17_inject/jacobi/pointer/site570_bit49.out,,,,,,,,,,,,,,,,
570,50,MASKED,MASKED_UNFLAGGED,,,,HeCBench/results/llvm17_inject/jacobi/pointer/site570_bit50.out,,,,,,,,,,,,,,,,
570,51,MASKED,MASKED_UNFLAGGED,,,,HeCBench/results/llvm17_inject/jacobi/pointer/site570_bit51.out,,,,,,,,,,,,,,,,
570,52,MASKED,MASKED_UNFLAGGED,,,,HeCBench/results/llvm17_inject/jacobi/pointer/site570_bit52.out,,,,,,,,,,,,,,,,
570,53,MASKED,MASKED_UNFLAGGED,,,,HeCBench/results/llvm17_inject/jacobi/pointer/site570_bit53.out,,,,,,,,,,,,,,,,
570,54,MASKED,MASKED_UNFLAGGED,,,,HeCBench/results/llvm17_inject/jacobi/pointer/site570_bit54.out,,,,,,,,,,,,,,,,
570,55,MASKED,MASKED_UNFLAGGED,,,,HeCBench/results/llvm17_inject/jacobi/pointer/site570_bit55.out,,,,,,,,,,,,,,,,
570,56,MASKED,MASKED_UNFLAGGED,,,,HeCBench/results/llvm17_inject/jacobi/pointer/site570_bit56.out,,,,,,,,,,,,,,,,
570,57,MASKED,MASKED_UNFLAGGED,,,,HeCBench/results/llvm17_inject/jacobi/pointer/site570_bit57.out,,,,,,,,,,,,,,,,
570,58,MASKED,MASKED_UNFLAGGED,,,,HeCBench/results/llvm17_inject/jacobi/pointer/site570_bit58.out,,,,,,,,,,,,,,,,
570,59,MASKED,MASKED_UNFLAGGED,,,,HeCBench/results/llvm17_inject/jacobi/pointer/site570_bit59.out,,,,,,,,,,,,,,,,
570,60,MASKED,MASKED_UNFLAGGED,,,,HeCBench/results/llvm17_inject/jacobi/pointer/site570_bit60.out,,,,,,,,,,,,,,,,
570,61,MASKED,MASKED_UNFLAGGED,,,,HeCBench/results/llvm17_inject/jacobi/pointer/site570_bit61.out,,,,,,,,,,,,,,,,
570,62,MASKED,MASKED_UNFLAGGED,,,,HeCBench/results/llvm17_inject/jacobi/pointer/site570_bit62.out,,,,,,,,,,,,,,,,
570,63,MASKED,MASKED_UNFLAGGED,,,,HeCBench/results/llvm17_inject/jacobi/pointer/site570_bit63.out,,,,,,,,,,,,,,,,
579,0,MASKED,MASKED_UNFLAGGED,,,,HeCBench/results/llvm17_inject/jacobi/pointer/site579_bit0.out,,,,,,,,,,,,,,,,
579,1,MASKED,MASKED_UNFLAGGED,,,,HeCBench/results/llvm17_inject/jacobi/pointer/site579_bit1.out,,,,,,,,,,,,,,,,
579,2,MASKED,MASKED_UNFLAGGED,,,,HeCBench/results/llvm17_inject/jacobi/pointer/site579_bit2.out,,,,,,,,,,,,,,,,
579,3,MASKED,MASKED_UNFLAGGED,,,,HeCBench/results/llvm17_inject/jacobi/pointer/site579_bit3.out,,,,,,,,,,,,,,,,
579,4,MASKED,MASKED_UNFLAGGED,,,,HeCBench/results/llvm17_inject/jacobi/pointer/site579_bit4.out,,,,,,,,,,,,,,,,
579,5,MASKED,MASKED_UNFLAGGED,,,,HeCBench/results/llvm17_inject/jacobi/pointer/site579_bit5.out,,,,,,,,,,,,,,,,
579,6,MASKED,MASKED_UNFLAGGED,,,,HeCBench/results/llvm17_inject/jacobi/pointer/site579_bit6.out,,,,,,,,,,,,,,,,
579,7,MASKED,MASKED_UNFLAGGED,,,,HeCBench/results/llvm17_inject/jacobi/pointer/site579_bit7.out,,,,,,,,,,,,,,,,
579,8,MASKED,MASKED_UNFLAGGED,,,,HeCBench/results/llvm17_inject/jacobi/pointer/site579_bit8.out,,,,,,,,,,,,,,,,
579,9,MASKED,MASKED_UNFLAGGED,,,,HeCBench/results/llvm17_inject/jacobi/pointer/site579_bit9.out,,,,,,,,,,,,,,,,
579,10,MASKED,MASKED_UNFLAGGED,,,,HeCBench/results/llvm17_inject/jacobi/pointer/site579_bit10.out,,,,,,,,,,,,,,,,
579,11,MASKED,MASKED_UNFLAGGED,,,,HeCBench/results/llvm17_inject/jacobi/pointer/site579_bit11.out,,,,,,,,,,,,,,,,
579,12,MASKED,MASKED_UNFLAGGED,,,,HeCBench/results/llvm17_inject/jacobi/pointer/site579_bit12.out,,,,,,,,,,,,,,,,
579,13,MASKED,MASKED_UNFLAGGED,,,,HeCBench/results/llvm17_inject/jacobi/pointer/site579_bit13.out,,,,,,,,,,,,,,,,
579,14,MASKED,MASKED_UNFLAGGED,,,,HeCBench/results/llvm17_inject/jacobi/pointer/site579_bit14.out,,,,,,,,,,,,,,,,
579,15,MASKED,MASKED_UNFLAGGED,,,,HeCBench/results/llvm17_inject/jacobi/pointer/site579_bit15.out,,,,,,,,,,,,,,,,
579,16,MASKED,MASKED_UNFLAGGED,,,,HeCBench/results/llvm17_inject/jacobi/pointer/site579_bit16.out,,,,,,,,,,,,,,,,
579,17,MASKED,MASKED_UNFLAGGED,,,,HeCBench/results/llvm17_inject/jacobi/pointer/site579_bit17.out,,,,,,,,,,,,,,,,
579,18,MASKED,MASKED_UNFLAGGED,,,,HeCBench/results/llvm17_inject/jacobi/pointer/site579_bit18.out,,,,,,,,,,,,,,,,
579,19,MASKED,MASKED_UNFLAGGED,,,,HeCBench/results/llvm17_inject/jacobi/pointer/site579_bit19.out,,,,,,,,,,,,,,,,
579,20,MASKED,MASKED_UNFLAGGED,,,,HeCBench/results/llvm17_inject/jacobi/pointer/site579_bit20.out,,,,,,,,,,,,,,,,
579,21,MASKED,MASKED_UNFLAGGED,,,,HeCBench/results/llvm17_inject/jacobi/pointer/site579_bit21.out,,,,,,,,,,,,,,,,
579,22,MASKED,MASKED_UNFLAGGED,,,,HeCBench/results/llvm17_inject/jacobi/pointer/site579_bit22.out,,,,,,,,,,,,,,,,
579,23,MASKED,MASKED_UNFLAGGED,,,,HeCBench/results/llvm17_inject/jacobi/pointer/site579_bit23.out,,,,,,,,,,,,,,,,
579,24,MASKED,MASKED_UNFLAGGED,,,,HeCBench/results/llvm17_inject/jacobi/pointer/site579_bit24.out,,,,,,,,,,,,,,,,
579,25,MASKED,MASKED_UNFLAGGED,,,,HeCBench/results/llvm17_inject/jacobi/pointer/site579_bit25.out,,,,,,,,,,,,,,,,
579,26,MASKED,MASKED_UNFLAGGED,,,,HeCBench/results/llvm17_inject/jacobi/pointer/site579_bit26.out,,,,,,,,,,,,,,,,
579,27,MASKED,MASKED_UNFLAGGED,,,,HeCBench/results/llvm17_inject/jacobi/pointer/site579_bit27.out,,,,,,,,,,,,,,,,
579,28,MASKED,MASKED_UNFLAGGED,,,,HeCBench/results/llvm17_inject/jacobi/pointer/site579_bit28.out,,,,,,,,,,,,,,,,
579,29,MASKED,MASKED_UNFLAGGED,,,,HeCBench/results/llvm17_inject/jacobi/pointer/site579_bit29.out,,,,,,,,,,,,,,,,
579,30,MASKED,MASKED_UNFLAGGED,,,,HeCBench/results/llvm17_inject/jacobi/pointer/site579_bit30.out,,,,,,,,,,,,,,,,
579,31,MASKED,MASKED_UNFLAGGED,,,,HeCBench/results/llvm17_inject/jacobi/pointer/site579_bit31.out,,,,,,,,,,,,,,,,
579,32,MASKED,MASKED_UNFLAGGED,,,,HeCBench/results/llvm17_inject/jacobi/pointer/site579_bit32.out,,,,,,,,,,,,,,,,
579,33,MASKED,MASKED_UNFLAGGED,,,,HeCBench/results/llvm17_inject/jacobi/pointer/site579_bit33.out,,,,,,,,,,,,,,,,
579,34,MASKED,MASKED_UNFLAGGED,,,,HeCBench/results/llvm17_inject/jacobi/pointer/site579_bit34.out,,,,,,,,,,,,,,,,
579,35,MASKED,MASKED_UNFLAGGED,,,,HeCBench/results/llvm17_inject/jacobi/pointer/site579_bit35.out,,,,,,,,,,,,,,,,
579,36,MASKED,MASKED_UNFLAGGED,,,,HeCBench/results/llvm17_inject/jacobi/pointer/site579_bit36.out,,,,,,,,,,,,,,,,
579,37,MASKED,MASKED_UNFLAGGED,,,,HeCBench/results/llvm17_inject/jacobi/pointer/site579_bit37.out,,,,,,,,,,,,,,,,
579,38,MASKED,MASKED_UNFLAGGED,,,,HeCBench/results/llvm17_inject/jacobi/pointer/site579_bit38.out,,,,,,,,,,,,,,,,
579,39,MASKED,MASKED_UNFLAGGED,,,,HeCBench/results/llvm17_inject/jacobi/pointer/site579_bit39.out,,,,,,,,,,,,,,,,
579,40,MASKED,MASKED_UNFLAGGED,,,,HeCBench/results/llvm17_inject/jacobi/pointer/site579_bit40.out,,,,,,,,,,,,,,,,
579,41,MASKED,MASKED_UNFLAGGED,,,,HeCBench/results/llvm17_inject/jacobi/pointer/site579_bit41.out,,,,,,,,,,,,,,,,
579,42,MASKED,MASKED_UNFLAGGED,,,,HeCBench/results/llvm17_inject/jacobi/pointer/site579_bit42.out,,,,,,,,,,,,,,,,
579,43,MASKED,MASKED_UNFLAGGED,,,,HeCBench/results/llvm17_inject/jacobi/pointer/site579_bit43.out,,,,,,,,,,,,,,,,
579,44,MASKED,MASKED_UNFLAGGED,,,,HeCBench/results/llvm17_inject/jacobi/pointer/site579_bit44.out,,,,,,,,,,,,,,,,
579,45,MASKED,MASKED_UNFLAGGED,,,,HeCBench/results/llvm17_inject/jacobi/pointer/site579_bit45.out,,,,,,,,,,,,,,,,
579,46,MASKED,MASKED_UNFLAGGED,,,,HeCBench/results/llvm17_inject/jacobi/pointer/site579_bit46.out,,,,,,,,,,,,,,,,
579,47,MASKED,MASKED_UNFLAGGED,,,,HeCBench/results/llvm17_inject/jacobi/pointer/site579_bit47.out,,,,,,,,,,,,,,,,
579,48,MASKED,MASKED_UNFLAGGED,,,,HeCBench/results/llvm17_inject/jacobi/pointer/site579_bit48.out,,,,,,,,,,,,,,,,
579,49,MASKED,MASKED_UNFLAGGED,,,,HeCBench/results/llvm17_inject/jacobi/pointer/site579_bit49.out,,,,,,,,,,,,,,,,
579,50,MASKED,MASKED_UNFLAGGED,,,,HeCBench/results/llvm17_inject/jacobi/pointer/site579_bit50.out,,,,,,,,,,,,,,,,
579,51,MASKED,MASKED_UNFLAGGED,,,,HeCBench/results/llvm17_inject/jacobi/pointer/site579_bit51.out,,,,,,,,,,,,,,,,
579,52,MASKED,MASKED_UNFLAGGED,,,,HeCBench/results/llvm17_inject/jacobi/pointer/site579_bit52.out,,,,,,,,,,,,,,,,
579,53,MASKED,MASKED_UNFLAGGED,,,,HeCBench/results/llvm17_inject/jacobi/pointer/site579_bit53.out,,,,,,,,,,,,,,,,
579,54,MASKED,MASKED_UNFLAGGED,,,,HeCBench/results/llvm17_inject/jacobi/pointer/site579_bit54.out,,,,,,,,,,,,,,,,
579,55,MASKED,MASKED_UNFLAGGED,,,,HeCBench/results/llvm17_inject/jacobi/pointer/site579_bit55.out,,,,,,,,,,,,,,,,
579,56,MASKED,MASKED_UNFLAGGED,,,,HeCBench/results/llvm17_inject/jacobi/pointer/site579_bit56.out,,,,,,,,,,,,,,,,
579,57,MASKED,MASKED_UNFLAGGED,,,,HeCBench/results/llvm17_inject/jacobi/pointer/site579_bit57.out,,,,,,,,,,,,,,,,
579,58,MASKED,MASKED_UNFLAGGED,,,,HeCBench/results/llvm17_inject/jacobi/pointer/site579_bit58.out,,,,,,,,,,,,,,,,
579,59,MASKED,MASKED_UNFLAGGED,,,,HeCBench/results/llvm17_inject/jacobi/pointer/site579_bit59.out,,,,,,,,,,,,,,,,
579,60,MASKED,MASKED_UNFLAGGED,,,,HeCBench/results/llvm17_inject/jacobi/pointer/site579_bit60.out,,,,,,,,,,,,,,,,
579,61,MASKED,MASKED_UNFLAGGED,,,,HeCBench/results/llvm17_inject/jacobi/pointer/site579_bit61.out,,,,,,,,,,,,,,,,
579,62,MASKED,MASKED_UNFLAGGED,,,,HeCBench/results/llvm17_inject/jacobi/pointer/site579_bit62.out,,,,,,,,,,,,,,,,
579,63,MASKED,MASKED_UNFLAGGED,,,,HeCBench/results/llvm17_inject/jacobi/pointer/site579_bit63.out,,,,,,,,,,,,,,,,
