index,site_id,bit_index,bitwidth,type_kind,opcode
1,7,0,64,ptr,store
2,7,1,64,ptr,store
3,7,2,64,ptr,store
4,7,3,64,ptr,store
5,7,4,64,ptr,store
6,7,5,64,ptr,store
7,7,6,64,ptr,store
8,7,7,64,ptr,store
9,7,8,64,ptr,store
10,7,9,64,ptr,store
11,7,10,64,ptr,store
12,7,11,64,ptr,store
13,7,12,64,ptr,store
14,7,13,64,ptr,store
15,7,14,64,ptr,store
16,7,15,64,ptr,store
17,7,16,64,ptr,store
18,7,17,64,ptr,store
19,7,18,64,ptr,store
20,7,19,64,ptr,store
21,7,20,64,ptr,store
22,7,21,64,ptr,store
23,7,22,64,ptr,store
24,7,23,64,ptr,store
25,7,24,64,ptr,store
26,7,25,64,ptr,store
27,7,26,64,ptr,store
28,7,27,64,ptr,store
29,7,28,64,ptr,store
30,7,29,64,ptr,store
31,7,30,64,ptr,store
32,7,31,64,ptr,store
33,7,32,64,ptr,store
34,7,33,64,ptr,store
35,7,34,64,ptr,store
36,7,35,64,ptr,store
37,7,36,64,ptr,store
38,7,37,64,ptr,store
39,7,38,64,ptr,store
40,7,39,64,ptr,store
41,7,40,64,ptr,store
42,7,41,64,ptr,store
43,7,42,64,ptr,store
44,7,43,64,ptr,store
45,7,44,64,ptr,store
46,7,45,64,ptr,store
47,7,46,64,ptr,store
48,7,47,64,ptr,store
49,7,48,64,ptr,store
50,7,49,64,ptr,store
51,7,50,64,ptr,store
52,7,51,64,ptr,store
53,7,52,64,ptr,store
54,7,53,64,ptr,store
55,7,54,64,ptr,store
56,7,55,64,ptr,store
57,7,56,64,ptr,store
58,7,57,64,ptr,store
59,7,58,64,ptr,store
60,7,59,64,ptr,store
61,7,60,64,ptr,store
62,7,61,64,ptr,store
63,7,62,64,ptr,store
64,7,63,64,ptr,store
65,8,0,64,ptr,store
66,8,1,64,ptr,store
67,8,2,64,ptr,store
68,8,3,64,ptr,store
69,8,4,64,ptr,store
70,8,5,64,ptr,store
71,8,6,64,ptr,store
72,8,7,64,ptr,store
73,8,8,64,ptr,store
74,8,9,64,ptr,store
75,8,10,64,ptr,store
76,8,11,64,ptr,store
77,8,12,64,ptr,store
78,8,13,64,ptr,store
79,8,14,64,ptr,store
80,8,15,64,ptr,store
81,8,16,64,ptr,store
82,8,17,64,ptr,store
83,8,18,64,ptr,store
84,8,19,64,ptr,store
85,8,20,64,ptr,store
86,8,21,64,ptr,store
87,8,22,64,ptr,store
88,8,23,64,ptr,store
89,8,24,64,ptr,store
90,8,25,64,ptr,store
91,8,26,64,ptr,store
92,8,27,64,ptr,store
93,8,28,64,ptr,store
94,8,29,64,ptr,store
95,8,30,64,ptr,store
96,8,31,64,ptr,store
97,8,32,64,ptr,store
98,8,33,64,ptr,store
99,8,34,64,ptr,store
100,8,35,64,ptr,store
101,8,36,64,ptr,store
102,8,37,64,ptr,store
103,8,38,64,ptr,store
104,8,39,64,ptr,store
105,8,40,64,ptr,store
106,8,41,64,ptr,store
107,8,42,64,ptr,store
108,8,43,64,ptr,store
109,8,44,64,ptr,store
110,8,45,64,ptr,store
111,8,46,64,ptr,store
112,8,47,64,ptr,store
113,8,48,64,ptr,store
114,8,49,64,ptr,store
115,8,50,64,ptr,store
116,8,51,64,ptr,store
117,8,52,64,ptr,store
118,8,53,64,ptr,store
119,8,54,64,ptr,store
120,8,55,64,ptr,store
121,8,56,64,ptr,store
122,8,57,64,ptr,store
123,8,58,64,ptr,store
124,8,59,64,ptr,store
125,8,60,64,ptr,store
126,8,61,64,ptr,store
127,8,62,64,ptr,store
128,8,63,64,ptr,store
129,9,0,64,ptr,store
130,9,1,64,ptr,store
131,9,2,64,ptr,store
132,9,3,64,ptr,store
133,9,4,64,ptr,store
134,9,5,64,ptr,store
135,9,6,64,ptr,store
136,9,7,64,ptr,store
137,9,8,64,ptr,store
138,9,9,64,ptr,store
139,9,10,64,ptr,store
140,9,11,64,ptr,store
141,9,12,64,ptr,store
142,9,13,64,ptr,store
143,9,14,64,ptr,store
144,9,15,64,ptr,store
145,9,16,64,ptr,store
146,9,17,64,ptr,store
147,9,18,64,ptr,store
148,9,19,64,ptr,store
149,9,20,64,ptr,store
150,9,21,64,ptr,store
151,9,22,64,ptr,store
152,9,23,64,ptr,store
153,9,24,64,ptr,store
154,9,25,64,ptr,store
155,9,26,64,ptr,store
156,9,27,64,ptr,store
157,9,28,64,ptr,store
158,9,29,64,ptr,store
159,9,30,64,ptr,store
160,9,31,64,ptr,store
161,9,32,64,ptr,store
162,9,33,64,ptr,store
163,9,34,64,ptr,store
164,9,35,64,ptr,store
165,9,36,64,ptr,store
166,9,37,64,ptr,store
167,9,38,64,ptr,store
168,9,39,64,ptr,store
169,9,40,64,ptr,store
170,9,41,64,ptr,store
171,9,42,64,ptr,store
172,9,43,64,ptr,store
173,9,44,64,ptr,store
174,9,45,64,ptr,store
175,9,46,64,ptr,store
176,9,47,64,ptr,store
177,9,48,64,ptr,store
178,9,49,64,ptr,store
179,9,50,64,ptr,store
180,9,51,64,ptr,store
181,9,52,64,ptr,store
182,9,53,64,ptr,store
183,9,54,64,ptr,store
184,9,55,64,ptr,store
185,9,56,64,ptr,store
186,9,57,64,ptr,store
187,9,58,64,ptr,store
188,9,59,64,ptr,store
189,9,60,64,ptr,store
190,9,61,64,ptr,store
191,9,62,64,ptr,store
192,9,63,64,ptr,store
193,10,0,64,ptr,store
194,10,1,64,ptr,store
195,10,2,64,ptr,store
196,10,3,64,ptr,store
197,10,4,64,ptr,store
198,10,5,64,ptr,store
199,10,6,64,ptr,store
200,10,7,64,ptr,store
201,10,8,64,ptr,store
202,10,9,64,ptr,store
203,10,10,64,ptr,store
204,10,11,64,ptr,store
205,10,12,64,ptr,store
206,10,13,64,ptr,store
207,10,14,64,ptr,store
208,10,15,64,ptr,store
209,10,16,64,ptr,store
210,10,17,64,ptr,store
211,10,18,64,ptr,store
212,10,19,64,ptr,store
213,10,20,64,ptr,store
214,10,21,64,ptr,store
215,10,22,64,ptr,store
216,10,23,64,ptr,store
217,10,24,64,ptr,store
218,10,25,64,ptr,store
219,10,26,64,ptr,store
220,10,27,64,ptr,store
221,10,28,64,ptr,store
222,10,29,64,ptr,store
223,10,30,64,ptr,store
224,10,31,64,ptr,store
225,10,32,64,ptr,store
226,10,33,64,ptr,store
227,10,34,64,ptr,store
228,10,35,64,ptr,store
229,10,36,64,ptr,store
230,10,37,64,ptr,store
231,10,38,64,ptr,store
232,10,39,64,ptr,store
233,10,40,64,ptr,store
234,10,41,64,ptr,store
235,10,42,64,ptr,store
236,10,43,64,ptr,store
237,10,44,64,ptr,store
238,10,45,64,ptr,store
239,10,46,64,ptr,store
240,10,47,64,ptr,store
241,10,48,64,ptr,store
242,10,49,64,ptr,store
243,10,50,64,ptr,store
244,10,51,64,ptr,store
245,10,52,64,ptr,store
246,10,53,64,ptr,store
247,10,54,64,ptr,store
248,10,55,64,ptr,store
249,10,56,64,ptr,store
250,10,57,64,ptr,store
251,10,58,64,ptr,store
252,10,59,64,ptr,store
253,10,60,64,ptr,store
254,10,61,64,ptr,store
255,10,62,64,ptr,store
256,10,63,64,ptr,store
257,11,0,64,ptr,store
258,11,1,64,ptr,store
259,11,2,64,ptr,store
260,11,3,64,ptr,store
261,11,4,64,ptr,store
262,11,5,64,ptr,store
263,11,6,64,ptr,store
264,11,7,64,ptr,store
265,11,8,64,ptr,store
266,11,9,64,ptr,store
267,11,10,64,ptr,store
268,11,11,64,ptr,store
269,11,12,64,ptr,store
270,11,13,64,ptr,store
271,11,14,64,ptr,store
272,11,15,64,ptr,store
273,11,16,64,ptr,store
274,11,17,64,ptr,store
275,11,18,64,ptr,store
276,11,19,64,ptr,store
277,11,20,64,ptr,store
278,11,21,64,ptr,store
279,11,22,64,ptr,store
280,11,23,64,ptr,store
281,11,24,64,ptr,store
282,11,25,64,ptr,store
283,11,26,64,ptr,store
284,11,27,64,ptr,store
285,11,28,64,ptr,store
286,11,29,64,ptr,store
287,11,30,64,ptr,store
288,11,31,64,ptr,store
289,11,32,64,ptr,store
290,11,33,64,ptr,store
291,11,34,64,ptr,store
292,11,35,64,ptr,store
293,11,36,64,ptr,store
294,11,37,64,ptr,store
295,11,38,64,ptr,store
296,11,39,64,ptr,store
297,11,40,64,ptr,store
298,11,41,64,ptr,store
299,11,42,64,ptr,store
300,11,43,64,ptr,store
301,11,44,64,ptr,store
302,11,45,64,ptr,store
303,11,46,64,ptr,store
304,11,47,64,ptr,store
305,11,48,64,ptr,store
306,11,49,64,ptr,store
307,11,50,64,ptr,store
308,11,51,64,ptr,store
309,11,52,64,ptr,store
310,11,53,64,ptr,store
311,11,54,64,ptr,store
312,11,55,64,ptr,store
313,11,56,64,ptr,store
314,11,57,64,ptr,store
315,11,58,64,ptr,store
316,11,59,64,ptr,store
317,11,60,64,ptr,store
318,11,61,64,ptr,store
319,11,62,64,ptr,store
320,11,63,64,ptr,store
321,12,0,64,ptr,store
322,12,1,64,ptr,store
323,12,2,64,ptr,store
324,12,3,64,ptr,store
325,12,4,64,ptr,store
326,12,5,64,ptr,store
327,12,6,64,ptr,store
328,12,7,64,ptr,store
329,12,8,64,ptr,store
330,12,9,64,ptr,store
331,12,10,64,ptr,store
332,12,11,64,ptr,store
333,12,12,64,ptr,store
334,12,13,64,ptr,store
335,12,14,64,ptr,store
336,12,15,64,ptr,store
337,12,16,64,ptr,store
338,12,17,64,ptr,store
339,12,18,64,ptr,store
340,12,19,64,ptr,store
341,12,20,64,ptr,store
342,12,21,64,ptr,store
343,12,22,64,ptr,store
344,12,23,64,ptr,store
345,12,24,64,ptr,store
346,12,25,64,ptr,store
347,12,26,64,ptr,store
348,12,27,64,ptr,store
349,12,28,64,ptr,store
350,12,29,64,ptr,store
351,12,30,64,ptr,store
352,12,31,64,ptr,store
353,12,32,64,ptr,store
354,12,33,64,ptr,store
355,12,34,64,ptr,store
356,12,35,64,ptr,store
357,12,36,64,ptr,store
358,12,37,64,ptr,store
359,12,38,64,ptr,store
360,12,39,64,ptr,store
361,12,40,64,ptr,store
362,12,41,64,ptr,store
363,12,42,64,ptr,store
364,12,43,64,ptr,store
365,12,44,64,ptr,store
366,12,45,64,ptr,store
367,12,46,64,ptr,store
368,12,47,64,ptr,store
369,12,48,64,ptr,store
370,12,49,64,ptr,store
371,12,50,64,ptr,store
372,12,51,64,ptr,store
373,12,52,64,ptr,store
374,12,53,64,ptr,store
375,12,54,64,ptr,store
376,12,55,64,ptr,store
377,12,56,64,ptr,store
378,12,57,64,ptr,store
379,12,58,64,ptr,store
380,12,59,64,ptr,store
381,12,60,64,ptr,store
382,12,61,64,ptr,store
383,12,62,64,ptr,store
384,12,63,64,ptr,store
385,13,0,64,ptr,getelementptr
386,13,1,64,ptr,getelementptr
387,13,2,64,ptr,getelementptr
388,13,3,64,ptr,getelementptr
389,13,4,64,ptr,getelementptr
390,13,5,64,ptr,getelementptr
391,13,6,64,ptr,getelementptr
392,13,7,64,ptr,getelementptr
393,13,8,64,ptr,getelementptr
394,13,9,64,ptr,getelementptr
395,13,10,64,ptr,getelementptr
396,13,11,64,ptr,getelementptr
397,13,12,64,ptr,getelementptr
398,13,13,64,ptr,getelementptr
399,13,14,64,ptr,getelementptr
400,13,15,64,ptr,getelementptr
401,13,16,64,ptr,getelementptr
402,13,17,64,ptr,getelementptr
403,13,18,64,ptr,getelementptr
404,13,19,64,ptr,getelementptr
405,13,20,64,ptr,getelementptr
406,13,21,64,ptr,getelementptr
407,13,22,64,ptr,getelementptr
408,13,23,64,ptr,getelementptr
409,13,24,64,ptr,getelementptr
410,13,25,64,ptr,getelementptr
411,13,26,64,ptr,getelementptr
412,13,27,64,ptr,getelementptr
413,13,28,64,ptr,getelementptr
414,13,29,64,ptr,getelementptr
415,13,30,64,ptr,getelementptr
416,13,31,64,ptr,getelementptr
417,13,32,64,ptr,getelementptr
418,13,33,64,ptr,getelementptr
419,13,34,64,ptr,getelementptr
420,13,35,64,ptr,getelementptr
421,13,36,64,ptr,getelementptr
422,13,37,64,ptr,getelementptr
423,13,38,64,ptr,getelementptr
424,13,39,64,ptr,getelementptr
425,13,40,64,ptr,getelementptr
426,13,41,64,ptr,getelementptr
427,13,42,64,ptr,getelementptr
428,13,43,64,ptr,getelementptr
429,13,44,64,ptr,getelementptr
430,13,45,64,ptr,getelementptr
431,13,46,64,ptr,getelementptr
432,13,47,64,ptr,getelementptr
433,13,48,64,ptr,getelementptr
434,13,49,64,ptr,getelementptr
435,13,50,64,ptr,getelementptr
436,13,51,64,ptr,getelementptr
437,13,52,64,ptr,getelementptr
438,13,53,64,ptr,getelementptr
439,13,54,64,ptr,getelementptr
440,13,55,64,ptr,getelementptr
441,13,56,64,ptr,getelementptr
442,13,57,64,ptr,getelementptr
443,13,58,64,ptr,getelementptr
444,13,59,64,ptr,getelementptr
445,13,60,64,ptr,getelementptr
446,13,61,64,ptr,getelementptr
447,13,62,64,ptr,getelementptr
448,13,63,64,ptr,getelementptr
449,14,0,64,ptr,load
450,14,1,64,ptr,load
451,14,2,64,ptr,load
452,14,3,64,ptr,load
453,14,4,64,ptr,load
454,14,5,64,ptr,load
455,14,6,64,ptr,load
456,14,7,64,ptr,load
457,14,8,64,ptr,load
458,14,9,64,ptr,load
459,14,10,64,ptr,load
460,14,11,64,ptr,load
461,14,12,64,ptr,load
462,14,13,64,ptr,load
463,14,14,64,ptr,load
464,14,15,64,ptr,load
465,14,16,64,ptr,load
466,14,17,64,ptr,load
467,14,18,64,ptr,load
468,14,19,64,ptr,load
469,14,20,64,ptr,load
470,14,21,64,ptr,load
471,14,22,64,ptr,load
472,14,23,64,ptr,load
473,14,24,64,ptr,load
474,14,25,64,ptr,load
475,14,26,64,ptr,load
476,14,27,64,ptr,load
477,14,28,64,ptr,load
478,14,29,64,ptr,load
479,14,30,64,ptr,load
480,14,31,64,ptr,load
481,14,32,64,ptr,load
482,14,33,64,ptr,load
483,14,34,64,ptr,load
484,14,35,64,ptr,load
485,14,36,64,ptr,load
486,14,37,64,ptr,load
487,14,38,64,ptr,load
488,14,39,64,ptr,load
489,14,40,64,ptr,load
490,14,41,64,ptr,load
491,14,42,64,ptr,load
492,14,43,64,ptr,load
493,14,44,64,ptr,load
494,14,45,64,ptr,load
495,14,46,64,ptr,load
496,14,47,64,ptr,load
497,14,48,64,ptr,load
498,14,49,64,ptr,load
499,14,50,64,ptr,load
500,14,51,64,ptr,load
501,14,52,64,ptr,load
502,14,53,64,ptr,load
503,14,54,64,ptr,load
504,14,55,64,ptr,load
505,14,56,64,ptr,load
506,14,57,64,ptr,load
507,14,58,64,ptr,load
508,14,59,64,ptr,load
509,14,60,64,ptr,load
510,14,61,64,ptr,load
511,14,62,64,ptr,load
512,14,63,64,ptr,load
513,15,0,64,ptr,store
514,15,1,64,ptr,store
515,15,2,64,ptr,store
516,15,3,64,ptr,store
517,15,4,64,ptr,store
518,15,5,64,ptr,store
519,15,6,64,ptr,store
520,15,7,64,ptr,store
521,15,8,64,ptr,store
522,15,9,64,ptr,store
523,15,10,64,ptr,store
524,15,11,64,ptr,store
525,15,12,64,ptr,store
526,15,13,64,ptr,store
527,15,14,64,ptr,store
528,15,15,64,ptr,store
529,15,16,64,ptr,store
530,15,17,64,ptr,store
531,15,18,64,ptr,store
532,15,19,64,ptr,store
533,15,20,64,ptr,store
534,15,21,64,ptr,store
535,15,22,64,ptr,store
536,15,23,64,ptr,store
537,15,24,64,ptr,store
538,15,25,64,ptr,store
539,15,26,64,ptr,store
540,15,27,64,ptr,store
541,15,28,64,ptr,store
542,15,29,64,ptr,store
543,15,30,64,ptr,store
544,15,31,64,ptr,store
545,15,32,64,ptr,store
546,15,33,64,ptr,store
547,15,34,64,ptr,store
548,15,35,64,ptr,store
549,15,36,64,ptr,store
550,15,37,64,ptr,store
551,15,38,64,ptr,store
552,15,39,64,ptr,store
553,15,40,64,ptr,store
554,15,41,64,ptr,store
555,15,42,64,ptr,store
556,15,43,64,ptr,store
557,15,44,64,ptr,store
558,15,45,64,ptr,store
559,15,46,64,ptr,store
560,15,47,64,ptr,store
561,15,48,64,ptr,store
562,15,49,64,ptr,store
563,15,50,64,ptr,store
564,15,51,64,ptr,store
565,15,52,64,ptr,store
566,15,53,64,ptr,store
567,15,54,64,ptr,store
568,15,55,64,ptr,store
569,15,56,64,ptr,store
570,15,57,64,ptr,store
571,15,58,64,ptr,store
572,15,59,64,ptr,store
573,15,60,64,ptr,store
574,15,61,64,ptr,store
575,15,62,64,ptr,store
576,15,63,64,ptr,store
577,16,0,64,ptr,getelementptr
578,16,1,64,ptr,getelementptr
579,16,2,64,ptr,getelementptr
580,16,3,64,ptr,getelementptr
581,16,4,64,ptr,getelementptr
582,16,5,64,ptr,getelementptr
583,16,6,64,ptr,getelementptr
584,16,7,64,ptr,getelementptr
585,16,8,64,ptr,getelementptr
586,16,9,64,ptr,getelementptr
587,16,10,64,ptr,getelementptr
588,16,11,64,ptr,getelementptr
589,16,12,64,ptr,getelementptr
590,16,13,64,ptr,getelementptr
591,16,14,64,ptr,getelementptr
592,16,15,64,ptr,getelementptr
593,16,16,64,ptr,getelementptr
594,16,17,64,ptr,getelementptr
595,16,18,64,ptr,getelementptr
596,16,19,64,ptr,getelementptr
597,16,20,64,ptr,getelementptr
598,16,21,64,ptr,getelementptr
599,16,22,64,ptr,getelementptr
600,16,23,64,ptr,getelementptr
601,16,24,64,ptr,getelementptr
602,16,25,64,ptr,getelementptr
603,16,26,64,ptr,getelementptr
604,16,27,64,ptr,getelementptr
605,16,28,64,ptr,getelementptr
606,16,29,64,ptr,getelementptr
607,16,30,64,ptr,getelementptr
608,16,31,64,ptr,getelementptr
609,16,32,64,ptr,getelementptr
610,16,33,64,ptr,getelementptr
611,16,34,64,ptr,getelementptr
612,16,35,64,ptr,getelementptr
613,16,36,64,ptr,getelementptr
614,16,37,64,ptr,getelementptr
615,16,38,64,ptr,getelementptr
616,16,39,64,ptr,getelementptr
617,16,40,64,ptr,getelementptr
618,16,41,64,ptr,getelementptr
619,16,42,64,ptr,getelementptr
620,16,43,64,ptr,getelementptr
621,16,44,64,ptr,getelementptr
622,16,45,64,ptr,getelementptr
623,16,46,64,ptr,getelementptr
624,16,47,64,ptr,getelementptr
625,16,48,64,ptr,getelementptr
626,16,49,64,ptr,getelementptr
627,16,50,64,ptr,getelementptr
628,16,51,64,ptr,getelementptr
629,16,52,64,ptr,getelementptr
630,16,53,64,ptr,getelementptr
631,16,54,64,ptr,getelementptr
632,16,55,64,ptr,getelementptr
633,16,56,64,ptr,getelementptr
634,16,57,64,ptr,getelementptr
635,16,58,64,ptr,getelementptr
636,16,59,64,ptr,getelementptr
637,16,60,64,ptr,getelementptr
638,16,61,64,ptr,getelementptr
639,16,62,64,ptr,getelementptr
640,16,63,64,ptr,getelementptr
641,17,0,64,ptr,load
642,17,1,64,ptr,load
643,17,2,64,ptr,load
644,17,3,64,ptr,load
645,17,4,64,ptr,load
646,17,5,64,ptr,load
647,17,6,64,ptr,load
648,17,7,64,ptr,load
649,17,8,64,ptr,load
650,17,9,64,ptr,load
651,17,10,64,ptr,load
652,17,11,64,ptr,load
653,17,12,64,ptr,load
654,17,13,64,ptr,load
655,17,14,64,ptr,load
656,17,15,64,ptr,load
657,17,16,64,ptr,load
658,17,17,64,ptr,load
659,17,18,64,ptr,load
660,17,19,64,ptr,load
661,17,20,64,ptr,load
662,17,21,64,ptr,load
663,17,22,64,ptr,load
664,17,23,64,ptr,load
665,17,24,64,ptr,load
666,17,25,64,ptr,load
667,17,26,64,ptr,load
668,17,27,64,ptr,load
669,17,28,64,ptr,load
670,17,29,64,ptr,load
671,17,30,64,ptr,load
672,17,31,64,ptr,load
673,17,32,64,ptr,load
674,17,33,64,ptr,load
675,17,34,64,ptr,load
676,17,35,64,ptr,load
677,17,36,64,ptr,load
678,17,37,64,ptr,load
679,17,38,64,ptr,load
680,17,39,64,ptr,load
681,17,40,64,ptr,load
682,17,41,64,ptr,load
683,17,42,64,ptr,load
684,17,43,64,ptr,load
685,17,44,64,ptr,load
686,17,45,64,ptr,load
687,17,46,64,ptr,load
688,17,47,64,ptr,load
689,17,48,64,ptr,load
690,17,49,64,ptr,load
691,17,50,64,ptr,load
692,17,51,64,ptr,load
693,17,52,64,ptr,load
694,17,53,64,ptr,load
695,17,54,64,ptr,load
696,17,55,64,ptr,load
697,17,56,64,ptr,load
698,17,57,64,ptr,load
699,17,58,64,ptr,load
700,17,59,64,ptr,load
701,17,60,64,ptr,load
702,17,61,64,ptr,load
703,17,62,64,ptr,load
704,17,63,64,ptr,load
705,18,0,64,ptr,store
706,18,1,64,ptr,store
707,18,2,64,ptr,store
708,18,3,64,ptr,store
709,18,4,64,ptr,store
710,18,5,64,ptr,store
711,18,6,64,ptr,store
712,18,7,64,ptr,store
713,18,8,64,ptr,store
714,18,9,64,ptr,store
715,18,10,64,ptr,store
716,18,11,64,ptr,store
717,18,12,64,ptr,store
718,18,13,64,ptr,store
719,18,14,64,ptr,store
720,18,15,64,ptr,store
721,18,16,64,ptr,store
722,18,17,64,ptr,store
723,18,18,64,ptr,store
724,18,19,64,ptr,store
725,18,20,64,ptr,store
726,18,21,64,ptr,store
727,18,22,64,ptr,store
728,18,23,64,ptr,store
729,18,24,64,ptr,store
730,18,25,64,ptr,store
731,18,26,64,ptr,store
732,18,27,64,ptr,store
733,18,28,64,ptr,store
734,18,29,64,ptr,store
735,18,30,64,ptr,store
736,18,31,64,ptr,store
737,18,32,64,ptr,store
738,18,33,64,ptr,store
739,18,34,64,ptr,store
740,18,35,64,ptr,store
741,18,36,64,ptr,store
742,18,37,64,ptr,store
743,18,38,64,ptr,store
744,18,39,64,ptr,store
745,18,40,64,ptr,store
746,18,41,64,ptr,store
747,18,42,64,ptr,store
748,18,43,64,ptr,store
749,18,44,64,ptr,store
750,18,45,64,ptr,store
751,18,46,64,ptr,store
752,18,47,64,ptr,store
753,18,48,64,ptr,store
754,18,49,64,ptr,store
755,18,50,64,ptr,store
756,18,51,64,ptr,store
757,18,52,64,ptr,store
758,18,53,64,ptr,store
759,18,54,64,ptr,store
760,18,55,64,ptr,store
761,18,56,64,ptr,store
762,18,57,64,ptr,store
763,18,58,64,ptr,store
764,18,59,64,ptr,store
765,18,60,64,ptr,store
766,18,61,64,ptr,store
767,18,62,64,ptr,store
768,18,63,64,ptr,store
769,19,0,64,ptr,getelementptr
770,19,1,64,ptr,getelementptr
771,19,2,64,ptr,getelementptr
772,19,3,64,ptr,getelementptr
773,19,4,64,ptr,getelementptr
774,19,5,64,ptr,getelementptr
775,19,6,64,ptr,getelementptr
776,19,7,64,ptr,getelementptr
777,19,8,64,ptr,getelementptr
778,19,9,64,ptr,getelementptr
779,19,10,64,ptr,getelementptr
780,19,11,64,ptr,getelementptr
781,19,12,64,ptr,getelementptr
782,19,13,64,ptr,getelementptr
783,19,14,64,ptr,getelementptr
784,19,15,64,ptr,getelementptr
785,19,16,64,ptr,getelementptr
786,19,17,64,ptr,getelementptr
787,19,18,64,ptr,getelementptr
788,19,19,64,ptr,getelementptr
789,19,20,64,ptr,getelementptr
790,19,21,64,ptr,getelementptr
791,19,22,64,ptr,getelementptr
792,19,23,64,ptr,getelementptr
793,19,24,64,ptr,getelementptr
794,19,25,64,ptr,getelementptr
795,19,26,64,ptr,getelementptr
796,19,27,64,ptr,getelementptr
797,19,28,64,ptr,getelementptr
798,19,29,64,ptr,getelementptr
799,19,30,64,ptr,getelementptr
800,19,31,64,ptr,getelementptr
801,19,32,64,ptr,getelementptr
802,19,33,64,ptr,getelementptr
803,19,34,64,ptr,getelementptr
804,19,35,64,ptr,getelementptr
805,19,36,64,ptr,getelementptr
806,19,37,64,ptr,getelementptr
807,19,38,64,ptr,getelementptr
808,19,39,64,ptr,getelementptr
809,19,40,64,ptr,getelementptr
810,19,41,64,ptr,getelementptr
811,19,42,64,ptr,getelementptr
812,19,43,64,ptr,getelementptr
813,19,44,64,ptr,getelementptr
814,19,45,64,ptr,getelementptr
815,19,46,64,ptr,getelementptr
816,19,47,64,ptr,getelementptr
817,19,48,64,ptr,getelementptr
818,19,49,64,ptr,getelementptr
819,19,50,64,ptr,getelementptr
820,19,51,64,ptr,getelementptr
821,19,52,64,ptr,getelementptr
822,19,53,64,ptr,getelementptr
823,19,54,64,ptr,getelementptr
824,19,55,64,ptr,getelementptr
825,19,56,64,ptr,getelementptr
826,19,57,64,ptr,getelementptr
827,19,58,64,ptr,getelementptr
828,19,59,64,ptr,getelementptr
829,19,60,64,ptr,getelementptr
830,19,61,64,ptr,getelementptr
831,19,62,64,ptr,getelementptr
832,19,63,64,ptr,getelementptr
833,20,0,64,ptr,load
834,20,1,64,ptr,load
835,20,2,64,ptr,load
836,20,3,64,ptr,load
837,20,4,64,ptr,load
838,20,5,64,ptr,load
839,20,6,64,ptr,load
840,20,7,64,ptr,load
841,20,8,64,ptr,load
842,20,9,64,ptr,load
843,20,10,64,ptr,load
844,20,11,64,ptr,load
845,20,12,64,ptr,load
846,20,13,64,ptr,load
847,20,14,64,ptr,load
848,20,15,64,ptr,load
849,20,16,64,ptr,load
850,20,17,64,ptr,load
851,20,18,64,ptr,load
852,20,19,64,ptr,load
853,20,20,64,ptr,load
854,20,21,64,ptr,load
855,20,22,64,ptr,load
856,20,23,64,ptr,load
857,20,24,64,ptr,load
858,20,25,64,ptr,load
859,20,26,64,ptr,load
860,20,27,64,ptr,load
861,20,28,64,ptr,load
862,20,29,64,ptr,load
863,20,30,64,ptr,load
864,20,31,64,ptr,load
865,20,32,64,ptr,load
866,20,33,64,ptr,load
867,20,34,64,ptr,load
868,20,35,64,ptr,load
869,20,36,64,ptr,load
870,20,37,64,ptr,load
871,20,38,64,ptr,load
872,20,39,64,ptr,load
873,20,40,64,ptr,load
874,20,41,64,ptr,load
875,20,42,64,ptr,load
876,20,43,64,ptr,load
877,20,44,64,ptr,load
878,20,45,64,ptr,load
879,20,46,64,ptr,load
880,20,47,64,ptr,load
881,20,48,64,ptr,load
882,20,49,64,ptr,load
883,20,50,64,ptr,load
884,20,51,64,ptr,load
885,20,52,64,ptr,load
886,20,53,64,ptr,load
887,20,54,64,ptr,load
888,20,55,64,ptr,load
889,20,56,64,ptr,load
890,20,57,64,ptr,load
891,20,58,64,ptr,load
892,20,59,64,ptr,load
893,20,60,64,ptr,load
894,20,61,64,ptr,load
895,20,62,64,ptr,load
896,20,63,64,ptr,load
897,22,0,64,ptr,store
898,22,1,64,ptr,store
899,22,2,64,ptr,store
900,22,3,64,ptr,store
901,22,4,64,ptr,store
902,22,5,64,ptr,store
903,22,6,64,ptr,store
904,22,7,64,ptr,store
905,22,8,64,ptr,store
906,22,9,64,ptr,store
907,22,10,64,ptr,store
908,22,11,64,ptr,store
909,22,12,64,ptr,store
910,22,13,64,ptr,store
911,22,14,64,ptr,store
912,22,15,64,ptr,store
913,22,16,64,ptr,store
914,22,17,64,ptr,store
915,22,18,64,ptr,store
916,22,19,64,ptr,store
917,22,20,64,ptr,store
918,22,21,64,ptr,store
919,22,22,64,ptr,store
920,22,23,64,ptr,store
921,22,24,64,ptr,store
922,22,25,64,ptr,store
923,22,26,64,ptr,store
924,22,27,64,ptr,store
925,22,28,64,ptr,store
926,22,29,64,ptr,store
927,22,30,64,ptr,store
928,22,31,64,ptr,store
929,22,32,64,ptr,store
930,22,33,64,ptr,store
931,22,34,64,ptr,store
932,22,35,64,ptr,store
933,22,36,64,ptr,store
934,22,37,64,ptr,store
935,22,38,64,ptr,store
936,22,39,64,ptr,store
937,22,40,64,ptr,store
938,22,41,64,ptr,store
939,22,42,64,ptr,store
940,22,43,64,ptr,store
941,22,44,64,ptr,store
942,22,45,64,ptr,store
943,22,46,64,ptr,store
944,22,47,64,ptr,store
945,22,48,64,ptr,store
946,22,49,64,ptr,store
947,22,50,64,ptr,store
948,22,51,64,ptr,store
949,22,52,64,ptr,store
950,22,53,64,ptr,store
951,22,54,64,ptr,store
952,22,55,64,ptr,store
953,22,56,64,ptr,store
954,22,57,64,ptr,store
955,22,58,64,ptr,store
956,22,59,64,ptr,store
957,22,60,64,ptr,store
958,22,61,64,ptr,store
959,22,62,64,ptr,store
960,22,63,64,ptr,store
961,23,0,64,ptr,store
962,23,1,64,ptr,store
963,23,2,64,ptr,store
964,23,3,64,ptr,store
965,23,4,64,ptr,store
966,23,5,64,ptr,store
967,23,6,64,ptr,store
968,23,7,64,ptr,store
969,23,8,64,ptr,store
970,23,9,64,ptr,store
971,23,10,64,ptr,store
972,23,11,64,ptr,store
973,23,12,64,ptr,store
974,23,13,64,ptr,store
975,23,14,64,ptr,store
976,23,15,64,ptr,store
977,23,16,64,ptr,store
978,23,17,64,ptr,store
979,23,18,64,ptr,store
980,23,19,64,ptr,store
981,23,20,64,ptr,store
982,23,21,64,ptr,store
983,23,22,64,ptr,store
984,23,23,64,ptr,store
985,23,24,64,ptr,store
986,23,25,64,ptr,store
987,23,26,64,ptr,store
988,23,27,64,ptr,store
989,23,28,64,ptr,store
990,23,29,64,ptr,store
991,23,30,64,ptr,store
992,23,31,64,ptr,store
993,23,32,64,ptr,store
994,23,33,64,ptr,store
995,23,34,64,ptr,store
996,23,35,64,ptr,store
997,23,36,64,ptr,store
998,23,37,64,ptr,store
999,23,38,64,ptr,store
1000,23,39,64,ptr,store
1001,23,40,64,ptr,store
1002,23,41,64,ptr,store
1003,23,42,64,ptr,store
1004,23,43,64,ptr,store
1005,23,44,64,ptr,store
1006,23,45,64,ptr,store
1007,23,46,64,ptr,store
1008,23,47,64,ptr,store
1009,23,48,64,ptr,store
1010,23,49,64,ptr,store
1011,23,50,64,ptr,store
1012,23,51,64,ptr,store
1013,23,52,64,ptr,store
1014,23,53,64,ptr,store
1015,23,54,64,ptr,store
1016,23,55,64,ptr,store
1017,23,56,64,ptr,store
1018,23,57,64,ptr,store
1019,23,58,64,ptr,store
1020,23,59,64,ptr,store
1021,23,60,64,ptr,store
1022,23,61,64,ptr,store
1023,23,62,64,ptr,store
1024,23,63,64,ptr,store
1025,24,0,64,ptr,getelementptr
1026,24,1,64,ptr,getelementptr
1027,24,2,64,ptr,getelementptr
1028,24,3,64,ptr,getelementptr
1029,24,4,64,ptr,getelementptr
1030,24,5,64,ptr,getelementptr
1031,24,6,64,ptr,getelementptr
1032,24,7,64,ptr,getelementptr
1033,24,8,64,ptr,getelementptr
1034,24,9,64,ptr,getelementptr
1035,24,10,64,ptr,getelementptr
1036,24,11,64,ptr,getelementptr
1037,24,12,64,ptr,getelementptr
1038,24,13,64,ptr,getelementptr
1039,24,14,64,ptr,getelementptr
1040,24,15,64,ptr,getelementptr
1041,24,16,64,ptr,getelementptr
1042,24,17,64,ptr,getelementptr
1043,24,18,64,ptr,getelementptr
1044,24,19,64,ptr,getelementptr
1045,24,20,64,ptr,getelementptr
1046,24,21,64,ptr,getelementptr
1047,24,22,64,ptr,getelementptr
1048,24,23,64,ptr,getelementptr
1049,24,24,64,ptr,getelementptr
1050,24,25,64,ptr,getelementptr
1051,24,26,64,ptr,getelementptr
1052,24,27,64,ptr,getelementptr
1053,24,28,64,ptr,getelementptr
1054,24,29,64,ptr,getelementptr
1055,24,30,64,ptr,getelementptr
1056,24,31,64,ptr,getelementptr
1057,24,32,64,ptr,getelementptr
1058,24,33,64,ptr,getelementptr
1059,24,34,64,ptr,getelementptr
1060,24,35,64,ptr,getelementptr
1061,24,36,64,ptr,getelementptr
1062,24,37,64,ptr,getelementptr
1063,24,38,64,ptr,getelementptr
1064,24,39,64,ptr,getelementptr
1065,24,40,64,ptr,getelementptr
1066,24,41,64,ptr,getelementptr
1067,24,42,64,ptr,getelementptr
1068,24,43,64,ptr,getelementptr
1069,24,44,64,ptr,getelementptr
1070,24,45,64,ptr,getelementptr
1071,24,46,64,ptr,getelementptr
1072,24,47,64,ptr,getelementptr
1073,24,48,64,ptr,getelementptr
1074,24,49,64,ptr,getelementptr
1075,24,50,64,ptr,getelementptr
1076,24,51,64,ptr,getelementptr
1077,24,52,64,ptr,getelementptr
1078,24,53,64,ptr,getelementptr
1079,24,54,64,ptr,getelementptr
1080,24,55,64,ptr,getelementptr
1081,24,56,64,ptr,getelementptr
1082,24,57,64,ptr,getelementptr
1083,24,58,64,ptr,getelementptr
1084,24,59,64,ptr,getelementptr
1085,24,60,64,ptr,getelementptr
1086,24,61,64,ptr,getelementptr
1087,24,62,64,ptr,getelementptr
1088,24,63,64,ptr,getelementptr
1089,25,0,64,ptr,load
1090,25,1,64,ptr,load
1091,25,2,64,ptr,load
1092,25,3,64,ptr,load
1093,25,4,64,ptr,load
1094,25,5,64,ptr,load
1095,25,6,64,ptr,load
1096,25,7,64,ptr,load
1097,25,8,64,ptr,load
1098,25,9,64,ptr,load
1099,25,10,64,ptr,load
1100,25,11,64,ptr,load
1101,25,12,64,ptr,load
1102,25,13,64,ptr,load
1103,25,14,64,ptr,load
1104,25,15,64,ptr,load
1105,25,16,64,ptr,load
1106,25,17,64,ptr,load
1107,25,18,64,ptr,load
1108,25,19,64,ptr,load
1109,25,20,64,ptr,load
1110,25,21,64,ptr,load
1111,25,22,64,ptr,load
1112,25,23,64,ptr,load
1113,25,24,64,ptr,load
1114,25,25,64,ptr,load
1115,25,26,64,ptr,load
1116,25,27,64,ptr,load
1117,25,28,64,ptr,load
1118,25,29,64,ptr,load
1119,25,30,64,ptr,load
1120,25,31,64,ptr,load
1121,25,32,64,ptr,load
1122,25,33,64,ptr,load
1123,25,34,64,ptr,load
1124,25,35,64,ptr,load
1125,25,36,64,ptr,load
1126,25,37,64,ptr,load
1127,25,38,64,ptr,load
1128,25,39,64,ptr,load
1129,25,40,64,ptr,load
1130,25,41,64,ptr,load
1131,25,42,64,ptr,load
1132,25,43,64,ptr,load
1133,25,44,64,ptr,load
1134,25,45,64,ptr,load
1135,25,46,64,ptr,load
1136,25,47,64,ptr,load
1137,25,48,64,ptr,load
1138,25,49,64,ptr,load
1139,25,50,64,ptr,load
1140,25,51,64,ptr,load
1141,25,52,64,ptr,load
1142,25,53,64,ptr,load
1143,25,54,64,ptr,load
1144,25,55,64,ptr,load
1145,25,56,64,ptr,load
1146,25,57,64,ptr,load
1147,25,58,64,ptr,load
1148,25,59,64,ptr,load
1149,25,60,64,ptr,load
1150,25,61,64,ptr,load
1151,25,62,64,ptr,load
1152,25,63,64,ptr,load
1153,27,0,64,ptr,store
1154,27,1,64,ptr,store
1155,27,2,64,ptr,store
1156,27,3,64,ptr,store
1157,27,4,64,ptr,store
1158,27,5,64,ptr,store
1159,27,6,64,ptr,store
1160,27,7,64,ptr,store
1161,27,8,64,ptr,store
1162,27,9,64,ptr,store
1163,27,10,64,ptr,store
1164,27,11,64,ptr,store
1165,27,12,64,ptr,store
1166,27,13,64,ptr,store
1167,27,14,64,ptr,store
1168,27,15,64,ptr,store
1169,27,16,64,ptr,store
1170,27,17,64,ptr,store
1171,27,18,64,ptr,store
1172,27,19,64,ptr,store
1173,27,20,64,ptr,store
1174,27,21,64,ptr,store
1175,27,22,64,ptr,store
1176,27,23,64,ptr,store
1177,27,24,64,ptr,store
1178,27,25,64,ptr,store
1179,27,26,64,ptr,store
1180,27,27,64,ptr,store
1181,27,28,64,ptr,store
1182,27,29,64,ptr,store
1183,27,30,64,ptr,store
1184,27,31,64,ptr,store
1185,27,32,64,ptr,store
1186,27,33,64,ptr,store
1187,27,34,64,ptr,store
1188,27,35,64,ptr,store
1189,27,36,64,ptr,store
1190,27,37,64,ptr,store
1191,27,38,64,ptr,store
1192,27,39,64,ptr,store
1193,27,40,64,ptr,store
1194,27,41,64,ptr,store
1195,27,42,64,ptr,store
1196,27,43,64,ptr,store
1197,27,44,64,ptr,store
1198,27,45,64,ptr,store
1199,27,46,64,ptr,store
1200,27,47,64,ptr,store
1201,27,48,64,ptr,store
1202,27,49,64,ptr,store
1203,27,50,64,ptr,store
1204,27,51,64,ptr,store
1205,27,52,64,ptr,store
1206,27,53,64,ptr,store
1207,27,54,64,ptr,store
1208,27,55,64,ptr,store
1209,27,56,64,ptr,store
1210,27,57,64,ptr,store
1211,27,58,64,ptr,store
1212,27,59,64,ptr,store
1213,27,60,64,ptr,store
1214,27,61,64,ptr,store
1215,27,62,64,ptr,store
1216,27,63,64,ptr,store
1217,28,0,64,ptr,store
1218,28,1,64,ptr,store
1219,28,2,64,ptr,store
1220,28,3,64,ptr,store
1221,28,4,64,ptr,store
1222,28,5,64,ptr,store
1223,28,6,64,ptr,store
1224,28,7,64,ptr,store
1225,28,8,64,ptr,store
1226,28,9,64,ptr,store
1227,28,10,64,ptr,store
1228,28,11,64,ptr,store
1229,28,12,64,ptr,store
1230,28,13,64,ptr,store
1231,28,14,64,ptr,store
1232,28,15,64,ptr,store
1233,28,16,64,ptr,store
1234,28,17,64,ptr,store
1235,28,18,64,ptr,store
1236,28,19,64,ptr,store
1237,28,20,64,ptr,store
1238,28,21,64,ptr,store
1239,28,22,64,ptr,store
1240,28,23,64,ptr,store
1241,28,24,64,ptr,store
1242,28,25,64,ptr,store
1243,28,26,64,ptr,store
1244,28,27,64,ptr,store
1245,28,28,64,ptr,store
1246,28,29,64,ptr,store
1247,28,30,64,ptr,store
1248,28,31,64,ptr,store
1249,28,32,64,ptr,store
1250,28,33,64,ptr,store
1251,28,34,64,ptr,store
1252,28,35,64,ptr,store
1253,28,36,64,ptr,store
1254,28,37,64,ptr,store
1255,28,38,64,ptr,store
1256,28,39,64,ptr,store
1257,28,40,64,ptr,store
1258,28,41,64,ptr,store
1259,28,42,64,ptr,store
1260,28,43,64,ptr,store
1261,28,44,64,ptr,store
1262,28,45,64,ptr,store
1263,28,46,64,ptr,store
1264,28,47,64,ptr,store
1265,28,48,64,ptr,store
1266,28,49,64,ptr,store
1267,28,50,64,ptr,store
1268,28,51,64,ptr,store
1269,28,52,64,ptr,store
1270,28,53,64,ptr,store
1271,28,54,64,ptr,store
1272,28,55,64,ptr,store
1273,28,56,64,ptr,store
1274,28,57,64,ptr,store
1275,28,58,64,ptr,store
1276,28,59,64,ptr,store
1277,28,60,64,ptr,store
1278,28,61,64,ptr,store
1279,28,62,64,ptr,store
1280,28,63,64,ptr,store
1281,48,0,64,ptr,store
1282,48,1,64,ptr,store
1283,48,2,64,ptr,store
1284,48,3,64,ptr,store
1285,48,4,64,ptr,store
1286,48,5,64,ptr,store
1287,48,6,64,ptr,store
1288,48,7,64,ptr,store
1289,48,8,64,ptr,store
1290,48,9,64,ptr,store
1291,48,10,64,ptr,store
1292,48,11,64,ptr,store
1293,48,12,64,ptr,store
1294,48,13,64,ptr,store
1295,48,14,64,ptr,store
1296,48,15,64,ptr,store
1297,48,16,64,ptr,store
1298,48,17,64,ptr,store
1299,48,18,64,ptr,store
1300,48,19,64,ptr,store
1301,48,20,64,ptr,store
1302,48,21,64,ptr,store
1303,48,22,64,ptr,store
1304,48,23,64,ptr,store
1305,48,24,64,ptr,store
1306,48,25,64,ptr,store
1307,48,26,64,ptr,store
1308,48,27,64,ptr,store
1309,48,28,64,ptr,store
1310,48,29,64,ptr,store
1311,48,30,64,ptr,store
1312,48,31,64,ptr,store
1313,48,32,64,ptr,store
1314,48,33,64,ptr,store
1315,48,34,64,ptr,store
1316,48,35,64,ptr,store
1317,48,36,64,ptr,store
1318,48,37,64,ptr,store
1319,48,38,64,ptr,store
1320,48,39,64,ptr,store
1321,48,40,64,ptr,store
1322,48,41,64,ptr,store
1323,48,42,64,ptr,store
1324,48,43,64,ptr,store
1325,48,44,64,ptr,store
1326,48,45,64,ptr,store
1327,48,46,64,ptr,store
1328,48,47,64,ptr,store
1329,48,48,64,ptr,store
1330,48,49,64,ptr,store
1331,48,50,64,ptr,store
1332,48,51,64,ptr,store
1333,48,52,64,ptr,store
1334,48,53,64,ptr,store
1335,48,54,64,ptr,store
1336,48,55,64,ptr,store
1337,48,56,64,ptr,store
1338,48,57,64,ptr,store
1339,48,58,64,ptr,store
1340,48,59,64,ptr,store
1341,48,60,64,ptr,store
1342,48,61,64,ptr,store
1343,48,62,64,ptr,store
1344,48,63,64,ptr,store
1345,49,0,64,ptr,store
1346,49,1,64,ptr,store
1347,49,2,64,ptr,store
1348,49,3,64,ptr,store
1349,49,4,64,ptr,store
1350,49,5,64,ptr,store
1351,49,6,64,ptr,store
1352,49,7,64,ptr,store
1353,49,8,64,ptr,store
1354,49,9,64,ptr,store
1355,49,10,64,ptr,store
1356,49,11,64,ptr,store
1357,49,12,64,ptr,store
1358,49,13,64,ptr,store
1359,49,14,64,ptr,store
1360,49,15,64,ptr,store
1361,49,16,64,ptr,store
1362,49,17,64,ptr,store
1363,49,18,64,ptr,store
1364,49,19,64,ptr,store
1365,49,20,64,ptr,store
1366,49,21,64,ptr,store
1367,49,22,64,ptr,store
1368,49,23,64,ptr,store
1369,49,24,64,ptr,store
1370,49,25,64,ptr,store
1371,49,26,64,ptr,store
1372,49,27,64,ptr,store
1373,49,28,64,ptr,store
1374,49,29,64,ptr,store
1375,49,30,64,ptr,store
1376,49,31,64,ptr,store
1377,49,32,64,ptr,store
1378,49,33,64,ptr,store
1379,49,34,64,ptr,store
1380,49,35,64,ptr,store
1381,49,36,64,ptr,store
1382,49,37,64,ptr,store
1383,49,38,64,ptr,store
1384,49,39,64,ptr,store
1385,49,40,64,ptr,store
1386,49,41,64,ptr,store
1387,49,42,64,ptr,store
1388,49,43,64,ptr,store
1389,49,44,64,ptr,store
1390,49,45,64,ptr,store
1391,49,46,64,ptr,store
1392,49,47,64,ptr,store
1393,49,48,64,ptr,store
1394,49,49,64,ptr,store
1395,49,50,64,ptr,store
1396,49,51,64,ptr,store
1397,49,52,64,ptr,store
1398,49,53,64,ptr,store
1399,49,54,64,ptr,store
1400,49,55,64,ptr,store
1401,49,56,64,ptr,store
1402,49,57,64,ptr,store
1403,49,58,64,ptr,store
1404,49,59,64,ptr,store
1405,49,60,64,ptr,store
1406,49,61,64,ptr,store
1407,49,62,64,ptr,store
1408,49,63,64,ptr,store
1409,52,0,64,ptr,store
1410,52,1,64,ptr,store
1411,52,2,64,ptr,store
1412,52,3,64,ptr,store
1413,52,4,64,ptr,store
1414,52,5,64,ptr,store
1415,52,6,64,ptr,store
1416,52,7,64,ptr,store
1417,52,8,64,ptr,store
1418,52,9,64,ptr,store
1419,52,10,64,ptr,store
1420,52,11,64,ptr,store
1421,52,12,64,ptr,store
1422,52,13,64,ptr,store
1423,52,14,64,ptr,store
1424,52,15,64,ptr,store
1425,52,16,64,ptr,store
1426,52,17,64,ptr,store
1427,52,18,64,ptr,store
1428,52,19,64,ptr,store
1429,52,20,64,ptr,store
1430,52,21,64,ptr,store
1431,52,22,64,ptr,store
1432,52,23,64,ptr,store
1433,52,24,64,ptr,store
1434,52,25,64,ptr,store
1435,52,26,64,ptr,store
1436,52,27,64,ptr,store
1437,52,28,64,ptr,store
1438,52,29,64,ptr,store
1439,52,30,64,ptr,store
1440,52,31,64,ptr,store
1441,52,32,64,ptr,store
1442,52,33,64,ptr,store
1443,52,34,64,ptr,store
1444,52,35,64,ptr,store
1445,52,36,64,ptr,store
1446,52,37,64,ptr,store
1447,52,38,64,ptr,store
1448,52,39,64,ptr,store
1449,52,40,64,ptr,store
1450,52,41,64,ptr,store
1451,52,42,64,ptr,store
1452,52,43,64,ptr,store
1453,52,44,64,ptr,store
1454,52,45,64,ptr,store
1455,52,46,64,ptr,store
1456,52,47,64,ptr,store
1457,52,48,64,ptr,store
1458,52,49,64,ptr,store
1459,52,50,64,ptr,store
1460,52,51,64,ptr,store
1461,52,52,64,ptr,store
1462,52,53,64,ptr,store
1463,52,54,64,ptr,store
1464,52,55,64,ptr,store
1465,52,56,64,ptr,store
1466,52,57,64,ptr,store
1467,52,58,64,ptr,store
1468,52,59,64,ptr,store
1469,52,60,64,ptr,store
1470,52,61,64,ptr,store
1471,52,62,64,ptr,store
1472,52,63,64,ptr,store
1473,53,0,64,ptr,load
1474,53,1,64,ptr,load
1475,53,2,64,ptr,load
1476,53,3,64,ptr,load
1477,53,4,64,ptr,load
1478,53,5,64,ptr,load
1479,53,6,64,ptr,load
1480,53,7,64,ptr,load
1481,53,8,64,ptr,load
1482,53,9,64,ptr,load
1483,53,10,64,ptr,load
1484,53,11,64,ptr,load
1485,53,12,64,ptr,load
1486,53,13,64,ptr,load
1487,53,14,64,ptr,load
1488,53,15,64,ptr,load
1489,53,16,64,ptr,load
1490,53,17,64,ptr,load
1491,53,18,64,ptr,load
1492,53,19,64,ptr,load
1493,53,20,64,ptr,load
1494,53,21,64,ptr,load
1495,53,22,64,ptr,load
1496,53,23,64,ptr,load
1497,53,24,64,ptr,load
1498,53,25,64,ptr,load
1499,53,26,64,ptr,load
1500,53,27,64,ptr,load
1501,53,28,64,ptr,load
1502,53,29,64,ptr,load
1503,53,30,64,ptr,load
1504,53,31,64,ptr,load
1505,53,32,64,ptr,load
1506,53,33,64,ptr,load
1507,53,34,64,ptr,load
1508,53,35,64,ptr,load
1509,53,36,64,ptr,load
1510,53,37,64,ptr,load
1511,53,38,64,ptr,load
1512,53,39,64,ptr,load
1513,53,40,64,ptr,load
1514,53,41,64,ptr,load
1515,53,42,64,ptr,load
1516,53,43,64,ptr,load
1517,53,44,64,ptr,load
1518,53,45,64,ptr,load
1519,53,46,64,ptr,load
1520,53,47,64,ptr,load
1521,53,48,64,ptr,load
1522,53,49,64,ptr,load
1523,53,50,64,ptr,load
1524,53,51,64,ptr,load
1525,53,52,64,ptr,load
1526,53,53,64,ptr,load
1527,53,54,64,ptr,load
1528,53,55,64,ptr,load
1529,53,56,64,ptr,load
1530,53,57,64,ptr,load
1531,53,58,64,ptr,load
1532,53,59,64,ptr,load
1533,53,60,64,ptr,load
1534,53,61,64,ptr,load
1535,53,62,64,ptr,load
1536,53,63,64,ptr,load
1537,60,0,64,ptr,store
1538,60,1,64,ptr,store
1539,60,2,64,ptr,store
1540,60,3,64,ptr,store
1541,60,4,64,ptr,store
1542,60,5,64,ptr,store
1543,60,6,64,ptr,store
1544,60,7,64,ptr,store
1545,60,8,64,ptr,store
1546,60,9,64,ptr,store
1547,60,10,64,ptr,store
1548,60,11,64,ptr,store
1549,60,12,64,ptr,store
1550,60,13,64,ptr,store
1551,60,14,64,ptr,store
1552,60,15,64,ptr,store
1553,60,16,64,ptr,store
1554,60,17,64,ptr,store
1555,60,18,64,ptr,store
1556,60,19,64,ptr,store
1557,60,20,64,ptr,store
1558,60,21,64,ptr,store
1559,60,22,64,ptr,store
1560,60,23,64,ptr,store
1561,60,24,64,ptr,store
1562,60,25,64,ptr,store
1563,60,26,64,ptr,store
1564,60,27,64,ptr,store
1565,60,28,64,ptr,store
1566,60,29,64,ptr,store
1567,60,30,64,ptr,store
1568,60,31,64,ptr,store
1569,60,32,64,ptr,store
1570,60,33,64,ptr,store
1571,60,34,64,ptr,store
1572,60,35,64,ptr,store
1573,60,36,64,ptr,store
1574,60,37,64,ptr,store
1575,60,38,64,ptr,store
1576,60,39,64,ptr,store
1577,60,40,64,ptr,store
1578,60,41,64,ptr,store
1579,60,42,64,ptr,store
1580,60,43,64,ptr,store
1581,60,44,64,ptr,store
1582,60,45,64,ptr,store
1583,60,46,64,ptr,store
1584,60,47,64,ptr,store
1585,60,48,64,ptr,store
1586,60,49,64,ptr,store
1587,60,50,64,ptr,store
1588,60,51,64,ptr,store
1589,60,52,64,ptr,store
1590,60,53,64,ptr,store
1591,60,54,64,ptr,store
1592,60,55,64,ptr,store
1593,60,56,64,ptr,store
1594,60,57,64,ptr,store
1595,60,58,64,ptr,store
1596,60,59,64,ptr,store
1597,60,60,64,ptr,store
1598,60,61,64,ptr,store
1599,60,62,64,ptr,store
1600,60,63,64,ptr,store
1601,61,0,64,ptr,store
1602,61,1,64,ptr,store
1603,61,2,64,ptr,store
1604,61,3,64,ptr,store
1605,61,4,64,ptr,store
1606,61,5,64,ptr,store
1607,61,6,64,ptr,store
1608,61,7,64,ptr,store
1609,61,8,64,ptr,store
1610,61,9,64,ptr,store
1611,61,10,64,ptr,store
1612,61,11,64,ptr,store
1613,61,12,64,ptr,store
1614,61,13,64,ptr,store
1615,61,14,64,ptr,store
1616,61,15,64,ptr,store
1617,61,16,64,ptr,store
1618,61,17,64,ptr,store
1619,61,18,64,ptr,store
1620,61,19,64,ptr,store
1621,61,20,64,ptr,store
1622,61,21,64,ptr,store
1623,61,22,64,ptr,store
1624,61,23,64,ptr,store
1625,61,24,64,ptr,store
1626,61,25,64,ptr,store
1627,61,26,64,ptr,store
1628,61,27,64,ptr,store
1629,61,28,64,ptr,store
1630,61,29,64,ptr,store
1631,61,30,64,ptr,store
1632,61,31,64,ptr,store
1633,61,32,64,ptr,store
1634,61,33,64,ptr,store
1635,61,34,64,ptr,store
1636,61,35,64,ptr,store
1637,61,36,64,ptr,store
1638,61,37,64,ptr,store
1639,61,38,64,ptr,store
1640,61,39,64,ptr,store
1641,61,40,64,ptr,store
1642,61,41,64,ptr,store
1643,61,42,64,ptr,store
1644,61,43,64,ptr,store
1645,61,44,64,ptr,store
1646,61,45,64,ptr,store
1647,61,46,64,ptr,store
1648,61,47,64,ptr,store
1649,61,48,64,ptr,store
1650,61,49,64,ptr,store
1651,61,50,64,ptr,store
1652,61,51,64,ptr,store
1653,61,52,64,ptr,store
1654,61,53,64,ptr,store
1655,61,54,64,ptr,store
1656,61,55,64,ptr,store
1657,61,56,64,ptr,store
1658,61,57,64,ptr,store
1659,61,58,64,ptr,store
1660,61,59,64,ptr,store
1661,61,60,64,ptr,store
1662,61,61,64,ptr,store
1663,61,62,64,ptr,store
1664,61,63,64,ptr,store
1665,62,0,64,ptr,load
1666,62,1,64,ptr,load
1667,62,2,64,ptr,load
1668,62,3,64,ptr,load
1669,62,4,64,ptr,load
1670,62,5,64,ptr,load
1671,62,6,64,ptr,load
1672,62,7,64,ptr,load
1673,62,8,64,ptr,load
1674,62,9,64,ptr,load
1675,62,10,64,ptr,load
1676,62,11,64,ptr,load
1677,62,12,64,ptr,load
1678,62,13,64,ptr,load
1679,62,14,64,ptr,load
1680,62,15,64,ptr,load
1681,62,16,64,ptr,load
1682,62,17,64,ptr,load
1683,62,18,64,ptr,load
1684,62,19,64,ptr,load
1685,62,20,64,ptr,load
1686,62,21,64,ptr,load
1687,62,22,64,ptr,load
1688,62,23,64,ptr,load
1689,62,24,64,ptr,load
1690,62,25,64,ptr,load
1691,62,26,64,ptr,load
1692,62,27,64,ptr,load
1693,62,28,64,ptr,load
1694,62,29,64,ptr,load
1695,62,30,64,ptr,load
1696,62,31,64,ptr,load
1697,62,32,64,ptr,load
1698,62,33,64,ptr,load
1699,62,34,64,ptr,load
1700,62,35,64,ptr,load
1701,62,36,64,ptr,load
1702,62,37,64,ptr,load
1703,62,38,64,ptr,load
1704,62,39,64,ptr,load
1705,62,40,64,ptr,load
1706,62,41,64,ptr,load
1707,62,42,64,ptr,load
1708,62,43,64,ptr,load
1709,62,44,64,ptr,load
1710,62,45,64,ptr,load
1711,62,46,64,ptr,load
1712,62,47,64,ptr,load
1713,62,48,64,ptr,load
1714,62,49,64,ptr,load
1715,62,50,64,ptr,load
1716,62,51,64,ptr,load
1717,62,52,64,ptr,load
1718,62,53,64,ptr,load
1719,62,54,64,ptr,load
1720,62,55,64,ptr,load
1721,62,56,64,ptr,load
1722,62,57,64,ptr,load
1723,62,58,64,ptr,load
1724,62,59,64,ptr,load
1725,62,60,64,ptr,load
1726,62,61,64,ptr,load
1727,62,62,64,ptr,load
1728,62,63,64,ptr,load
1729,65,0,64,ptr,load
1730,65,1,64,ptr,load
1731,65,2,64,ptr,load
1732,65,3,64,ptr,load
1733,65,4,64,ptr,load
1734,65,5,64,ptr,load
1735,65,6,64,ptr,load
1736,65,7,64,ptr,load
1737,65,8,64,ptr,load
1738,65,9,64,ptr,load
1739,65,10,64,ptr,load
1740,65,11,64,ptr,load
1741,65,12,64,ptr,load
1742,65,13,64,ptr,load
1743,65,14,64,ptr,load
1744,65,15,64,ptr,load
1745,65,16,64,ptr,load
1746,65,17,64,ptr,load
1747,65,18,64,ptr,load
1748,65,19,64,ptr,load
1749,65,20,64,ptr,load
1750,65,21,64,ptr,load
1751,65,22,64,ptr,load
1752,65,23,64,ptr,load
1753,65,24,64,ptr,load
1754,65,25,64,ptr,load
1755,65,26,64,ptr,load
1756,65,27,64,ptr,load
1757,65,28,64,ptr,load
1758,65,29,64,ptr,load
1759,65,30,64,ptr,load
1760,65,31,64,ptr,load
1761,65,32,64,ptr,load
1762,65,33,64,ptr,load
1763,65,34,64,ptr,load
1764,65,35,64,ptr,load
1765,65,36,64,ptr,load
1766,65,37,64,ptr,load
1767,65,38,64,ptr,load
1768,65,39,64,ptr,load
1769,65,40,64,ptr,load
1770,65,41,64,ptr,load
1771,65,42,64,ptr,load
1772,65,43,64,ptr,load
1773,65,44,64,ptr,load
1774,65,45,64,ptr,load
1775,65,46,64,ptr,load
1776,65,47,64,ptr,load
1777,65,48,64,ptr,load
1778,65,49,64,ptr,load
1779,65,50,64,ptr,load
1780,65,51,64,ptr,load
1781,65,52,64,ptr,load
1782,65,53,64,ptr,load
1783,65,54,64,ptr,load
1784,65,55,64,ptr,load
1785,65,56,64,ptr,load
1786,65,57,64,ptr,load
1787,65,58,64,ptr,load
1788,65,59,64,ptr,load
1789,65,60,64,ptr,load
1790,65,61,64,ptr,load
1791,65,62,64,ptr,load
1792,65,63,64,ptr,load
1793,67,0,64,ptr,load
1794,67,1,64,ptr,load
1795,67,2,64,ptr,load
1796,67,3,64,ptr,load
1797,67,4,64,ptr,load
1798,67,5,64,ptr,load
1799,67,6,64,ptr,load
1800,67,7,64,ptr,load
1801,67,8,64,ptr,load
1802,67,9,64,ptr,load
1803,67,10,64,ptr,load
1804,67,11,64,ptr,load
1805,67,12,64,ptr,load
1806,67,13,64,ptr,load
1807,67,14,64,ptr,load
1808,67,15,64,ptr,load
1809,67,16,64,ptr,load
1810,67,17,64,ptr,load
1811,67,18,64,ptr,load
1812,67,19,64,ptr,load
1813,67,20,64,ptr,load
1814,67,21,64,ptr,load
1815,67,22,64,ptr,load
1816,67,23,64,ptr,load
1817,67,24,64,ptr,load
1818,67,25,64,ptr,load
1819,67,26,64,ptr,load
1820,67,27,64,ptr,load
1821,67,28,64,ptr,load
1822,67,29,64,ptr,load
1823,67,30,64,ptr,load
1824,67,31,64,ptr,load
1825,67,32,64,ptr,load
1826,67,33,64,ptr,load
1827,67,34,64,ptr,load
1828,67,35,64,ptr,load
1829,67,36,64,ptr,load
1830,67,37,64,ptr,load
1831,67,38,64,ptr,load
1832,67,39,64,ptr,load
1833,67,40,64,ptr,load
1834,67,41,64,ptr,load
1835,67,42,64,ptr,load
1836,67,43,64,ptr,load
1837,67,44,64,ptr,load
1838,67,45,64,ptr,load
1839,67,46,64,ptr,load
1840,67,47,64,ptr,load
1841,67,48,64,ptr,load
1842,67,49,64,ptr,load
1843,67,50,64,ptr,load
1844,67,51,64,ptr,load
1845,67,52,64,ptr,load
1846,67,53,64,ptr,load
1847,67,54,64,ptr,load
1848,67,55,64,ptr,load
1849,67,56,64,ptr,load
1850,67,57,64,ptr,load
1851,67,58,64,ptr,load
1852,67,59,64,ptr,load
1853,67,60,64,ptr,load
1854,67,61,64,ptr,load
1855,67,62,64,ptr,load
1856,67,63,64,ptr,load
1857,68,0,64,ptr,store
1858,68,1,64,ptr,store
1859,68,2,64,ptr,store
1860,68,3,64,ptr,store
1861,68,4,64,ptr,store
1862,68,5,64,ptr,store
1863,68,6,64,ptr,store
1864,68,7,64,ptr,store
1865,68,8,64,ptr,store
1866,68,9,64,ptr,store
1867,68,10,64,ptr,store
1868,68,11,64,ptr,store
1869,68,12,64,ptr,store
1870,68,13,64,ptr,store
1871,68,14,64,ptr,store
1872,68,15,64,ptr,store
1873,68,16,64,ptr,store
1874,68,17,64,ptr,store
1875,68,18,64,ptr,store
1876,68,19,64,ptr,store
1877,68,20,64,ptr,store
1878,68,21,64,ptr,store
1879,68,22,64,ptr,store
1880,68,23,64,ptr,store
1881,68,24,64,ptr,store
1882,68,25,64,ptr,store
1883,68,26,64,ptr,store
1884,68,27,64,ptr,store
1885,68,28,64,ptr,store
1886,68,29,64,ptr,store
1887,68,30,64,ptr,store
1888,68,31,64,ptr,store
1889,68,32,64,ptr,store
1890,68,33,64,ptr,store
1891,68,34,64,ptr,store
1892,68,35,64,ptr,store
1893,68,36,64,ptr,store
1894,68,37,64,ptr,store
1895,68,38,64,ptr,store
1896,68,39,64,ptr,store
1897,68,40,64,ptr,store
1898,68,41,64,ptr,store
1899,68,42,64,ptr,store
1900,68,43,64,ptr,store
1901,68,44,64,ptr,store
1902,68,45,64,ptr,store
1903,68,46,64,ptr,store
1904,68,47,64,ptr,store
1905,68,48,64,ptr,store
1906,68,49,64,ptr,store
1907,68,50,64,ptr,store
1908,68,51,64,ptr,store
1909,68,52,64,ptr,store
1910,68,53,64,ptr,store
1911,68,54,64,ptr,store
1912,68,55,64,ptr,store
1913,68,56,64,ptr,store
1914,68,57,64,ptr,store
1915,68,58,64,ptr,store
1916,68,59,64,ptr,store
1917,68,60,64,ptr,store
1918,68,61,64,ptr,store
1919,68,62,64,ptr,store
1920,68,63,64,ptr,store
1921,69,0,64,ptr,load
1922,69,1,64,ptr,load
1923,69,2,64,ptr,load
1924,69,3,64,ptr,load
1925,69,4,64,ptr,load
1926,69,5,64,ptr,load
1927,69,6,64,ptr,load
1928,69,7,64,ptr,load
1929,69,8,64,ptr,load
1930,69,9,64,ptr,load
1931,69,10,64,ptr,load
1932,69,11,64,ptr,load
1933,69,12,64,ptr,load
1934,69,13,64,ptr,load
1935,69,14,64,ptr,load
1936,69,15,64,ptr,load
1937,69,16,64,ptr,load
1938,69,17,64,ptr,load
1939,69,18,64,ptr,load
1940,69,19,64,ptr,load
1941,69,20,64,ptr,load
1942,69,21,64,ptr,load
1943,69,22,64,ptr,load
1944,69,23,64,ptr,load
1945,69,24,64,ptr,load
1946,69,25,64,ptr,load
1947,69,26,64,ptr,load
1948,69,27,64,ptr,load
1949,69,28,64,ptr,load
1950,69,29,64,ptr,load
1951,69,30,64,ptr,load
1952,69,31,64,ptr,load
1953,69,32,64,ptr,load
1954,69,33,64,ptr,load
1955,69,34,64,ptr,load
1956,69,35,64,ptr,load
1957,69,36,64,ptr,load
1958,69,37,64,ptr,load
1959,69,38,64,ptr,load
1960,69,39,64,ptr,load
1961,69,40,64,ptr,load
1962,69,41,64,ptr,load
1963,69,42,64,ptr,load
1964,69,43,64,ptr,load
1965,69,44,64,ptr,load
1966,69,45,64,ptr,load
1967,69,46,64,ptr,load
1968,69,47,64,ptr,load
1969,69,48,64,ptr,load
1970,69,49,64,ptr,load
1971,69,50,64,ptr,load
1972,69,51,64,ptr,load
1973,69,52,64,ptr,load
1974,69,53,64,ptr,load
1975,69,54,64,ptr,load
1976,69,55,64,ptr,load
1977,69,56,64,ptr,load
1978,69,57,64,ptr,load
1979,69,58,64,ptr,load
1980,69,59,64,ptr,load
1981,69,60,64,ptr,load
1982,69,61,64,ptr,load
1983,69,62,64,ptr,load
1984,69,63,64,ptr,load
1985,70,0,64,ptr,load
1986,70,1,64,ptr,load
1987,70,2,64,ptr,load
1988,70,3,64,ptr,load
1989,70,4,64,ptr,load
1990,70,5,64,ptr,load
1991,70,6,64,ptr,load
1992,70,7,64,ptr,load
1993,70,8,64,ptr,load
1994,70,9,64,ptr,load
1995,70,10,64,ptr,load
1996,70,11,64,ptr,load
1997,70,12,64,ptr,load
1998,70,13,64,ptr,load
1999,70,14,64,ptr,load
2000,70,15,64,ptr,load
2001,70,16,64,ptr,load
2002,70,17,64,ptr,load
2003,70,18,64,ptr,load
2004,70,19,64,ptr,load
2005,70,20,64,ptr,load
2006,70,21,64,ptr,load
2007,70,22,64,ptr,load
2008,70,23,64,ptr,load
2009,70,24,64,ptr,load
2010,70,25,64,ptr,load
2011,70,26,64,ptr,load
2012,70,27,64,ptr,load
2013,70,28,64,ptr,load
2014,70,29,64,ptr,load
2015,70,30,64,ptr,load
2016,70,31,64,ptr,load
2017,70,32,64,ptr,load
2018,70,33,64,ptr,load
2019,70,34,64,ptr,load
2020,70,35,64,ptr,load
2021,70,36,64,ptr,load
2022,70,37,64,ptr,load
2023,70,38,64,ptr,load
2024,70,39,64,ptr,load
2025,70,40,64,ptr,load
2026,70,41,64,ptr,load
2027,70,42,64,ptr,load
2028,70,43,64,ptr,load
2029,70,44,64,ptr,load
2030,70,45,64,ptr,load
2031,70,46,64,ptr,load
2032,70,47,64,ptr,load
2033,70,48,64,ptr,load
2034,70,49,64,ptr,load
2035,70,50,64,ptr,load
2036,70,51,64,ptr,load
2037,70,52,64,ptr,load
2038,70,53,64,ptr,load
2039,70,54,64,ptr,load
2040,70,55,64,ptr,load
2041,70,56,64,ptr,load
2042,70,57,64,ptr,load
2043,70,58,64,ptr,load
2044,70,59,64,ptr,load
2045,70,60,64,ptr,load
2046,70,61,64,ptr,load
2047,70,62,64,ptr,load
2048,70,63,64,ptr,load
2049,71,0,64,ptr,store
2050,71,1,64,ptr,store
2051,71,2,64,ptr,store
2052,71,3,64,ptr,store
2053,71,4,64,ptr,store
2054,71,5,64,ptr,store
2055,71,6,64,ptr,store
2056,71,7,64,ptr,store
2057,71,8,64,ptr,store
2058,71,9,64,ptr,store
2059,71,10,64,ptr,store
2060,71,11,64,ptr,store
2061,71,12,64,ptr,store
2062,71,13,64,ptr,store
2063,71,14,64,ptr,store
2064,71,15,64,ptr,store
2065,71,16,64,ptr,store
2066,71,17,64,ptr,store
2067,71,18,64,ptr,store
2068,71,19,64,ptr,store
2069,71,20,64,ptr,store
2070,71,21,64,ptr,store
2071,71,22,64,ptr,store
2072,71,23,64,ptr,store
2073,71,24,64,ptr,store
2074,71,25,64,ptr,store
2075,71,26,64,ptr,store
2076,71,27,64,ptr,store
2077,71,28,64,ptr,store
2078,71,29,64,ptr,store
2079,71,30,64,ptr,store
2080,71,31,64,ptr,store
2081,71,32,64,ptr,store
2082,71,33,64,ptr,store
2083,71,34,64,ptr,store
2084,71,35,64,ptr,store
2085,71,36,64,ptr,store
2086,71,37,64,ptr,store
2087,71,38,64,ptr,store
2088,71,39,64,ptr,store
2089,71,40,64,ptr,store
2090,71,41,64,ptr,store
2091,71,42,64,ptr,store
2092,71,43,64,ptr,store
2093,71,44,64,ptr,store
2094,71,45,64,ptr,store
2095,71,46,64,ptr,store
2096,71,47,64,ptr,store
2097,71,48,64,ptr,store
2098,71,49,64,ptr,store
2099,71,50,64,ptr,store
2100,71,51,64,ptr,store
2101,71,52,64,ptr,store
2102,71,53,64,ptr,store
2103,71,54,64,ptr,store
2104,71,55,64,ptr,store
2105,71,56,64,ptr,store
2106,71,57,64,ptr,store
2107,71,58,64,ptr,store
2108,71,59,64,ptr,store
2109,71,60,64,ptr,store
2110,71,61,64,ptr,store
2111,71,62,64,ptr,store
2112,71,63,64,ptr,store
2113,78,0,64,ptr,store
2114,78,1,64,ptr,store
2115,78,2,64,ptr,store
2116,78,3,64,ptr,store
2117,78,4,64,ptr,store
2118,78,5,64,ptr,store
2119,78,6,64,ptr,store
2120,78,7,64,ptr,store
2121,78,8,64,ptr,store
2122,78,9,64,ptr,store
2123,78,10,64,ptr,store
2124,78,11,64,ptr,store
2125,78,12,64,ptr,store
2126,78,13,64,ptr,store
2127,78,14,64,ptr,store
2128,78,15,64,ptr,store
2129,78,16,64,ptr,store
2130,78,17,64,ptr,store
2131,78,18,64,ptr,store
2132,78,19,64,ptr,store
2133,78,20,64,ptr,store
2134,78,21,64,ptr,store
2135,78,22,64,ptr,store
2136,78,23,64,ptr,store
2137,78,24,64,ptr,store
2138,78,25,64,ptr,store
2139,78,26,64,ptr,store
2140,78,27,64,ptr,store
2141,78,28,64,ptr,store
2142,78,29,64,ptr,store
2143,78,30,64,ptr,store
2144,78,31,64,ptr,store
2145,78,32,64,ptr,store
2146,78,33,64,ptr,store
2147,78,34,64,ptr,store
2148,78,35,64,ptr,store
2149,78,36,64,ptr,store
2150,78,37,64,ptr,store
2151,78,38,64,ptr,store
2152,78,39,64,ptr,store
2153,78,40,64,ptr,store
2154,78,41,64,ptr,store
2155,78,42,64,ptr,store
2156,78,43,64,ptr,store
2157,78,44,64,ptr,store
2158,78,45,64,ptr,store
2159,78,46,64,ptr,store
2160,78,47,64,ptr,store
2161,78,48,64,ptr,store
2162,78,49,64,ptr,store
2163,78,50,64,ptr,store
2164,78,51,64,ptr,store
2165,78,52,64,ptr,store
2166,78,53,64,ptr,store
2167,78,54,64,ptr,store
2168,78,55,64,ptr,store
2169,78,56,64,ptr,store
2170,78,57,64,ptr,store
2171,78,58,64,ptr,store
2172,78,59,64,ptr,store
2173,78,60,64,ptr,store
2174,78,61,64,ptr,store
2175,78,62,64,ptr,store
2176,78,63,64,ptr,store
2177,79,0,64,ptr,store
2178,79,1,64,ptr,store
2179,79,2,64,ptr,store
2180,79,3,64,ptr,store
2181,79,4,64,ptr,store
2182,79,5,64,ptr,store
2183,79,6,64,ptr,store
2184,79,7,64,ptr,store
2185,79,8,64,ptr,store
2186,79,9,64,ptr,store
2187,79,10,64,ptr,store
2188,79,11,64,ptr,store
2189,79,12,64,ptr,store
2190,79,13,64,ptr,store
2191,79,14,64,ptr,store
2192,79,15,64,ptr,store
2193,79,16,64,ptr,store
2194,79,17,64,ptr,store
2195,79,18,64,ptr,store
2196,79,19,64,ptr,store
2197,79,20,64,ptr,store
2198,79,21,64,ptr,store
2199,79,22,64,ptr,store
2200,79,23,64,ptr,store
2201,79,24,64,ptr,store
2202,79,25,64,ptr,store
2203,79,26,64,ptr,store
2204,79,27,64,ptr,store
2205,79,28,64,ptr,store
2206,79,29,64,ptr,store
2207,79,30,64,ptr,store
2208,79,31,64,ptr,store
2209,79,32,64,ptr,store
2210,79,33,64,ptr,store
2211,79,34,64,ptr,store
2212,79,35,64,ptr,store
2213,79,36,64,ptr,store
2214,79,37,64,ptr,store
2215,79,38,64,ptr,store
2216,79,39,64,ptr,store
2217,79,40,64,ptr,store
2218,79,41,64,ptr,store
2219,79,42,64,ptr,store
2220,79,43,64,ptr,store
2221,79,44,64,ptr,store
2222,79,45,64,ptr,store
2223,79,46,64,ptr,store
2224,79,47,64,ptr,store
2225,79,48,64,ptr,store
2226,79,49,64,ptr,store
2227,79,50,64,ptr,store
2228,79,51,64,ptr,store
2229,79,52,64,ptr,store
2230,79,53,64,ptr,store
2231,79,54,64,ptr,store
2232,79,55,64,ptr,store
2233,79,56,64,ptr,store
2234,79,57,64,ptr,store
2235,79,58,64,ptr,store
2236,79,59,64,ptr,store
2237,79,60,64,ptr,store
2238,79,61,64,ptr,store
2239,79,62,64,ptr,store
2240,79,63,64,ptr,store
2241,80,0,64,ptr,load
2242,80,1,64,ptr,load
2243,80,2,64,ptr,load
2244,80,3,64,ptr,load
2245,80,4,64,ptr,load
2246,80,5,64,ptr,load
2247,80,6,64,ptr,load
2248,80,7,64,ptr,load
2249,80,8,64,ptr,load
2250,80,9,64,ptr,load
2251,80,10,64,ptr,load
2252,80,11,64,ptr,load
2253,80,12,64,ptr,load
2254,80,13,64,ptr,load
2255,80,14,64,ptr,load
2256,80,15,64,ptr,load
2257,80,16,64,ptr,load
2258,80,17,64,ptr,load
2259,80,18,64,ptr,load
2260,80,19,64,ptr,load
2261,80,20,64,ptr,load
2262,80,21,64,ptr,load
2263,80,22,64,ptr,load
2264,80,23,64,ptr,load
2265,80,24,64,ptr,load
2266,80,25,64,ptr,load
2267,80,26,64,ptr,load
2268,80,27,64,ptr,load
2269,80,28,64,ptr,load
2270,80,29,64,ptr,load
2271,80,30,64,ptr,load
2272,80,31,64,ptr,load
2273,80,32,64,ptr,load
2274,80,33,64,ptr,load
2275,80,34,64,ptr,load
2276,80,35,64,ptr,load
2277,80,36,64,ptr,load
2278,80,37,64,ptr,load
2279,80,38,64,ptr,load
2280,80,39,64,ptr,load
2281,80,40,64,ptr,load
2282,80,41,64,ptr,load
2283,80,42,64,ptr,load
2284,80,43,64,ptr,load
2285,80,44,64,ptr,load
2286,80,45,64,ptr,load
2287,80,46,64,ptr,load
2288,80,47,64,ptr,load
2289,80,48,64,ptr,load
2290,80,49,64,ptr,load
2291,80,50,64,ptr,load
2292,80,51,64,ptr,load
2293,80,52,64,ptr,load
2294,80,53,64,ptr,load
2295,80,54,64,ptr,load
2296,80,55,64,ptr,load
2297,80,56,64,ptr,load
2298,80,57,64,ptr,load
2299,80,58,64,ptr,load
2300,80,59,64,ptr,load
2301,80,60,64,ptr,load
2302,80,61,64,ptr,load
2303,80,62,64,ptr,load
2304,80,63,64,ptr,load
2305,83,0,64,ptr,load
2306,83,1,64,ptr,load
2307,83,2,64,ptr,load
2308,83,3,64,ptr,load
2309,83,4,64,ptr,load
2310,83,5,64,ptr,load
2311,83,6,64,ptr,load
2312,83,7,64,ptr,load
2313,83,8,64,ptr,load
2314,83,9,64,ptr,load
2315,83,10,64,ptr,load
2316,83,11,64,ptr,load
2317,83,12,64,ptr,load
2318,83,13,64,ptr,load
2319,83,14,64,ptr,load
2320,83,15,64,ptr,load
2321,83,16,64,ptr,load
2322,83,17,64,ptr,load
2323,83,18,64,ptr,load
2324,83,19,64,ptr,load
2325,83,20,64,ptr,load
2326,83,21,64,ptr,load
2327,83,22,64,ptr,load
2328,83,23,64,ptr,load
2329,83,24,64,ptr,load
2330,83,25,64,ptr,load
2331,83,26,64,ptr,load
2332,83,27,64,ptr,load
2333,83,28,64,ptr,load
2334,83,29,64,ptr,load
2335,83,30,64,ptr,load
2336,83,31,64,ptr,load
2337,83,32,64,ptr,load
2338,83,33,64,ptr,load
2339,83,34,64,ptr,load
2340,83,35,64,ptr,load
2341,83,36,64,ptr,load
2342,83,37,64,ptr,load
2343,83,38,64,ptr,load
2344,83,39,64,ptr,load
2345,83,40,64,ptr,load
2346,83,41,64,ptr,load
2347,83,42,64,ptr,load
2348,83,43,64,ptr,load
2349,83,44,64,ptr,load
2350,83,45,64,ptr,load
2351,83,46,64,ptr,load
2352,83,47,64,ptr,load
2353,83,48,64,ptr,load
2354,83,49,64,ptr,load
2355,83,50,64,ptr,load
2356,83,51,64,ptr,load
2357,83,52,64,ptr,load
2358,83,53,64,ptr,load
2359,83,54,64,ptr,load
2360,83,55,64,ptr,load
2361,83,56,64,ptr,load
2362,83,57,64,ptr,load
2363,83,58,64,ptr,load
2364,83,59,64,ptr,load
2365,83,60,64,ptr,load
2366,83,61,64,ptr,load
2367,83,62,64,ptr,load
2368,83,63,64,ptr,load
2369,85,0,64,ptr,load
2370,85,1,64,ptr,load
2371,85,2,64,ptr,load
2372,85,3,64,ptr,load
2373,85,4,64,ptr,load
2374,85,5,64,ptr,load
2375,85,6,64,ptr,load
2376,85,7,64,ptr,load
2377,85,8,64,ptr,load
2378,85,9,64,ptr,load
2379,85,10,64,ptr,load
2380,85,11,64,ptr,load
2381,85,12,64,ptr,load
2382,85,13,64,ptr,load
2383,85,14,64,ptr,load
2384,85,15,64,ptr,load
2385,85,16,64,ptr,load
2386,85,17,64,ptr,load
2387,85,18,64,ptr,load
2388,85,19,64,ptr,load
2389,85,20,64,ptr,load
2390,85,21,64,ptr,load
2391,85,22,64,ptr,load
2392,85,23,64,ptr,load
2393,85,24,64,ptr,load
2394,85,25,64,ptr,load
2395,85,26,64,ptr,load
2396,85,27,64,ptr,load
2397,85,28,64,ptr,load
2398,85,29,64,ptr,load
2399,85,30,64,ptr,load
2400,85,31,64,ptr,load
2401,85,32,64,ptr,load
2402,85,33,64,ptr,load
2403,85,34,64,ptr,load
2404,85,35,64,ptr,load
2405,85,36,64,ptr,load
2406,85,37,64,ptr,load
2407,85,38,64,ptr,load
2408,85,39,64,ptr,load
2409,85,40,64,ptr,load
2410,85,41,64,ptr,load
2411,85,42,64,ptr,load
2412,85,43,64,ptr,load
2413,85,44,64,ptr,load
2414,85,45,64,ptr,load
2415,85,46,64,ptr,load
2416,85,47,64,ptr,load
2417,85,48,64,ptr,load
2418,85,49,64,ptr,load
2419,85,50,64,ptr,load
2420,85,51,64,ptr,load
2421,85,52,64,ptr,load
2422,85,53,64,ptr,load
2423,85,54,64,ptr,load
2424,85,55,64,ptr,load
2425,85,56,64,ptr,load
2426,85,57,64,ptr,load
2427,85,58,64,ptr,load
2428,85,59,64,ptr,load
2429,85,60,64,ptr,load
2430,85,61,64,ptr,load
2431,85,62,64,ptr,load
2432,85,63,64,ptr,load
2433,86,0,64,ptr,store
2434,86,1,64,ptr,store
2435,86,2,64,ptr,store
2436,86,3,64,ptr,store
2437,86,4,64,ptr,store
2438,86,5,64,ptr,store
2439,86,6,64,ptr,store
2440,86,7,64,ptr,store
2441,86,8,64,ptr,store
2442,86,9,64,ptr,store
2443,86,10,64,ptr,store
2444,86,11,64,ptr,store
2445,86,12,64,ptr,store
2446,86,13,64,ptr,store
2447,86,14,64,ptr,store
2448,86,15,64,ptr,store
2449,86,16,64,ptr,store
2450,86,17,64,ptr,store
2451,86,18,64,ptr,store
2452,86,19,64,ptr,store
2453,86,20,64,ptr,store
2454,86,21,64,ptr,store
2455,86,22,64,ptr,store
2456,86,23,64,ptr,store
2457,86,24,64,ptr,store
2458,86,25,64,ptr,store
2459,86,26,64,ptr,store
2460,86,27,64,ptr,store
2461,86,28,64,ptr,store
2462,86,29,64,ptr,store
2463,86,30,64,ptr,store
2464,86,31,64,ptr,store
2465,86,32,64,ptr,store
2466,86,33,64,ptr,store
2467,86,34,64,ptr,store
2468,86,35,64,ptr,store
2469,86,36,64,ptr,store
2470,86,37,64,ptr,store
2471,86,38,64,ptr,store
2472,86,39,64,ptr,store
2473,86,40,64,ptr,store
2474,86,41,64,ptr,store
2475,86,42,64,ptr,store
2476,86,43,64,ptr,store
2477,86,44,64,ptr,store
2478,86,45,64,ptr,store
2479,86,46,64,ptr,store
2480,86,47,64,ptr,store
2481,86,48,64,ptr,store
2482,86,49,64,ptr,store
2483,86,50,64,ptr,store
2484,86,51,64,ptr,store
2485,86,52,64,ptr,store
2486,86,53,64,ptr,store
2487,86,54,64,ptr,store
2488,86,55,64,ptr,store
2489,86,56,64,ptr,store
2490,86,57,64,ptr,store
2491,86,58,64,ptr,store
2492,86,59,64,ptr,store
2493,86,60,64,ptr,store
2494,86,61,64,ptr,store
2495,86,62,64,ptr,store
2496,86,63,64,ptr,store
2497,87,0,64,ptr,load
2498,87,1,64,ptr,load
2499,87,2,64,ptr,load
2500,87,3,64,ptr,load
2501,87,4,64,ptr,load
2502,87,5,64,ptr,load
2503,87,6,64,ptr,load
2504,87,7,64,ptr,load
2505,87,8,64,ptr,load
2506,87,9,64,ptr,load
2507,87,10,64,ptr,load
2508,87,11,64,ptr,load
2509,87,12,64,ptr,load
2510,87,13,64,ptr,load
2511,87,14,64,ptr,load
2512,87,15,64,ptr,load
2513,87,16,64,ptr,load
2514,87,17,64,ptr,load
2515,87,18,64,ptr,load
2516,87,19,64,ptr,load
2517,87,20,64,ptr,load
2518,87,21,64,ptr,load
2519,87,22,64,ptr,load
2520,87,23,64,ptr,load
2521,87,24,64,ptr,load
2522,87,25,64,ptr,load
2523,87,26,64,ptr,load
2524,87,27,64,ptr,load
2525,87,28,64,ptr,load
2526,87,29,64,ptr,load
2527,87,30,64,ptr,load
2528,87,31,64,ptr,load
2529,87,32,64,ptr,load
2530,87,33,64,ptr,load
2531,87,34,64,ptr,load
2532,87,35,64,ptr,load
2533,87,36,64,ptr,load
2534,87,37,64,ptr,load
2535,87,38,64,ptr,load
2536,87,39,64,ptr,load
2537,87,40,64,ptr,load
2538,87,41,64,ptr,load
2539,87,42,64,ptr,load
2540,87,43,64,ptr,load
2541,87,44,64,ptr,load
2542,87,45,64,ptr,load
2543,87,46,64,ptr,load
2544,87,47,64,ptr,load
2545,87,48,64,ptr,load
2546,87,49,64,ptr,load
2547,87,50,64,ptr,load
2548,87,51,64,ptr,load
2549,87,52,64,ptr,load
2550,87,53,64,ptr,load
2551,87,54,64,ptr,load
2552,87,55,64,ptr,load
2553,87,56,64,ptr,load
2554,87,57,64,ptr,load
2555,87,58,64,ptr,load
2556,87,59,64,ptr,load
2557,87,60,64,ptr,load
2558,87,61,64,ptr,load
2559,87,62,64,ptr,load
2560,87,63,64,ptr,load
2561,88,0,64,ptr,load
2562,88,1,64,ptr,load
2563,88,2,64,ptr,load
2564,88,3,64,ptr,load
2565,88,4,64,ptr,load
2566,88,5,64,ptr,load
2567,88,6,64,ptr,load
2568,88,7,64,ptr,load
2569,88,8,64,ptr,load
2570,88,9,64,ptr,load
2571,88,10,64,ptr,load
2572,88,11,64,ptr,load
2573,88,12,64,ptr,load
2574,88,13,64,ptr,load
2575,88,14,64,ptr,load
2576,88,15,64,ptr,load
2577,88,16,64,ptr,load
2578,88,17,64,ptr,load
2579,88,18,64,ptr,load
2580,88,19,64,ptr,load
2581,88,20,64,ptr,load
2582,88,21,64,ptr,load
2583,88,22,64,ptr,load
2584,88,23,64,ptr,load
2585,88,24,64,ptr,load
2586,88,25,64,ptr,load
2587,88,26,64,ptr,load
2588,88,27,64,ptr,load
2589,88,28,64,ptr,load
2590,88,29,64,ptr,load
2591,88,30,64,ptr,load
2592,88,31,64,ptr,load
2593,88,32,64,ptr,load
2594,88,33,64,ptr,load
2595,88,34,64,ptr,load
2596,88,35,64,ptr,load
2597,88,36,64,ptr,load
2598,88,37,64,ptr,load
2599,88,38,64,ptr,load
2600,88,39,64,ptr,load
2601,88,40,64,ptr,load
2602,88,41,64,ptr,load
2603,88,42,64,ptr,load
2604,88,43,64,ptr,load
2605,88,44,64,ptr,load
2606,88,45,64,ptr,load
2607,88,46,64,ptr,load
2608,88,47,64,ptr,load
2609,88,48,64,ptr,load
2610,88,49,64,ptr,load
2611,88,50,64,ptr,load
2612,88,51,64,ptr,load
2613,88,52,64,ptr,load
2614,88,53,64,ptr,load
2615,88,54,64,ptr,load
2616,88,55,64,ptr,load
2617,88,56,64,ptr,load
2618,88,57,64,ptr,load
2619,88,58,64,ptr,load
2620,88,59,64,ptr,load
2621,88,60,64,ptr,load
2622,88,61,64,ptr,load
2623,88,62,64,ptr,load
2624,88,63,64,ptr,load
2625,89,0,64,ptr,store
2626,89,1,64,ptr,store
2627,89,2,64,ptr,store
2628,89,3,64,ptr,store
2629,89,4,64,ptr,store
2630,89,5,64,ptr,store
2631,89,6,64,ptr,store
2632,89,7,64,ptr,store
2633,89,8,64,ptr,store
2634,89,9,64,ptr,store
2635,89,10,64,ptr,store
2636,89,11,64,ptr,store
2637,89,12,64,ptr,store
2638,89,13,64,ptr,store
2639,89,14,64,ptr,store
2640,89,15,64,ptr,store
2641,89,16,64,ptr,store
2642,89,17,64,ptr,store
2643,89,18,64,ptr,store
2644,89,19,64,ptr,store
2645,89,20,64,ptr,store
2646,89,21,64,ptr,store
2647,89,22,64,ptr,store
2648,89,23,64,ptr,store
2649,89,24,64,ptr,store
2650,89,25,64,ptr,store
2651,89,26,64,ptr,store
2652,89,27,64,ptr,store
2653,89,28,64,ptr,store
2654,89,29,64,ptr,store
2655,89,30,64,ptr,store
2656,89,31,64,ptr,store
2657,89,32,64,ptr,store
2658,89,33,64,ptr,store
2659,89,34,64,ptr,store
2660,89,35,64,ptr,store
2661,89,36,64,ptr,store
2662,89,37,64,ptr,store
2663,89,38,64,ptr,store
2664,89,39,64,ptr,store
2665,89,40,64,ptr,store
2666,89,41,64,ptr,store
2667,89,42,64,ptr,store
2668,89,43,64,ptr,store
2669,89,44,64,ptr,store
2670,89,45,64,ptr,store
2671,89,46,64,ptr,store
2672,89,47,64,ptr,store
2673,89,48,64,ptr,store
2674,89,49,64,ptr,store
2675,89,50,64,ptr,store
2676,89,51,64,ptr,store
2677,89,52,64,ptr,store
2678,89,53,64,ptr,store
2679,89,54,64,ptr,store
2680,89,55,64,ptr,store
2681,89,56,64,ptr,store
2682,89,57,64,ptr,store
2683,89,58,64,ptr,store
2684,89,59,64,ptr,store
2685,89,60,64,ptr,store
2686,89,61,64,ptr,store
2687,89,62,64,ptr,store
2688,89,63,64,ptr,store
2689,90,0,64,ptr,load
2690,90,1,64,ptr,load
2691,90,2,64,ptr,load
2692,90,3,64,ptr,load
2693,90,4,64,ptr,load
2694,90,5,64,ptr,load
2695,90,6,64,ptr,load
2696,90,7,64,ptr,load
2697,90,8,64,ptr,load
2698,90,9,64,ptr,load
2699,90,10,64,ptr,load
2700,90,11,64,ptr,load
2701,90,12,64,ptr,load
2702,90,13,64,ptr,load
2703,90,14,64,ptr,load
2704,90,15,64,ptr,load
2705,90,16,64,ptr,load
2706,90,17,64,ptr,load
2707,90,18,64,ptr,load
2708,90,19,64,ptr,load
2709,90,20,64,ptr,load
2710,90,21,64,ptr,load
2711,90,22,64,ptr,load
2712,90,23,64,ptr,load
2713,90,24,64,ptr,load
2714,90,25,64,ptr,load
2715,90,26,64,ptr,load
2716,90,27,64,ptr,load
2717,90,28,64,ptr,load
2718,90,29,64,ptr,load
2719,90,30,64,ptr,load
2720,90,31,64,ptr,load
2721,90,32,64,ptr,load
2722,90,33,64,ptr,load
2723,90,34,64,ptr,load
2724,90,35,64,ptr,load
2725,90,36,64,ptr,load
2726,90,37,64,ptr,load
2727,90,38,64,ptr,load
2728,90,39,64,ptr,load
2729,90,40,64,ptr,load
2730,90,41,64,ptr,load
2731,90,42,64,ptr,load
2732,90,43,64,ptr,load
2733,90,44,64,ptr,load
2734,90,45,64,ptr,load
2735,90,46,64,ptr,load
2736,90,47,64,ptr,load
2737,90,48,64,ptr,load
2738,90,49,64,ptr,load
2739,90,50,64,ptr,load
2740,90,51,64,ptr,load
2741,90,52,64,ptr,load
2742,90,53,64,ptr,load
2743,90,54,64,ptr,load
2744,90,55,64,ptr,load
2745,90,56,64,ptr,load
2746,90,57,64,ptr,load
2747,90,58,64,ptr,load
2748,90,59,64,ptr,load
2749,90,60,64,ptr,load
2750,90,61,64,ptr,load
2751,90,62,64,ptr,load
2752,90,63,64,ptr,load
2753,91,0,64,ptr,getelementptr
2754,91,1,64,ptr,getelementptr
2755,91,2,64,ptr,getelementptr
2756,91,3,64,ptr,getelementptr
2757,91,4,64,ptr,getelementptr
2758,91,5,64,ptr,getelementptr
2759,91,6,64,ptr,getelementptr
2760,91,7,64,ptr,getelementptr
2761,91,8,64,ptr,getelementptr
2762,91,9,64,ptr,getelementptr
2763,91,10,64,ptr,getelementptr
2764,91,11,64,ptr,getelementptr
2765,91,12,64,ptr,getelementptr
2766,91,13,64,ptr,getelementptr
2767,91,14,64,ptr,getelementptr
2768,91,15,64,ptr,getelementptr
2769,91,16,64,ptr,getelementptr
2770,91,17,64,ptr,getelementptr
2771,91,18,64,ptr,getelementptr
2772,91,19,64,ptr,getelementptr
2773,91,20,64,ptr,getelementptr
2774,91,21,64,ptr,getelementptr
2775,91,22,64,ptr,getelementptr
2776,91,23,64,ptr,getelementptr
2777,91,24,64,ptr,getelementptr
2778,91,25,64,ptr,getelementptr
2779,91,26,64,ptr,getelementptr
2780,91,27,64,ptr,getelementptr
2781,91,28,64,ptr,getelementptr
2782,91,29,64,ptr,getelementptr
2783,91,30,64,ptr,getelementptr
2784,91,31,64,ptr,getelementptr
2785,91,32,64,ptr,getelementptr
2786,91,33,64,ptr,getelementptr
2787,91,34,64,ptr,getelementptr
2788,91,35,64,ptr,getelementptr
2789,91,36,64,ptr,getelementptr
2790,91,37,64,ptr,getelementptr
2791,91,38,64,ptr,getelementptr
2792,91,39,64,ptr,getelementptr
2793,91,40,64,ptr,getelementptr
2794,91,41,64,ptr,getelementptr
2795,91,42,64,ptr,getelementptr
2796,91,43,64,ptr,getelementptr
2797,91,44,64,ptr,getelementptr
2798,91,45,64,ptr,getelementptr
2799,91,46,64,ptr,getelementptr
2800,91,47,64,ptr,getelementptr
2801,91,48,64,ptr,getelementptr
2802,91,49,64,ptr,getelementptr
2803,91,50,64,ptr,getelementptr
2804,91,51,64,ptr,getelementptr
2805,91,52,64,ptr,getelementptr
2806,91,53,64,ptr,getelementptr
2807,91,54,64,ptr,getelementptr
2808,91,55,64,ptr,getelementptr
2809,91,56,64,ptr,getelementptr
2810,91,57,64,ptr,getelementptr
2811,91,58,64,ptr,getelementptr
2812,91,59,64,ptr,getelementptr
2813,91,60,64,ptr,getelementptr
2814,91,61,64,ptr,getelementptr
2815,91,62,64,ptr,getelementptr
2816,91,63,64,ptr,getelementptr
2817,92,0,64,ptr,load
2818,92,1,64,ptr,load
2819,92,2,64,ptr,load
2820,92,3,64,ptr,load
2821,92,4,64,ptr,load
2822,92,5,64,ptr,load
2823,92,6,64,ptr,load
2824,92,7,64,ptr,load
2825,92,8,64,ptr,load
2826,92,9,64,ptr,load
2827,92,10,64,ptr,load
2828,92,11,64,ptr,load
2829,92,12,64,ptr,load
2830,92,13,64,ptr,load
2831,92,14,64,ptr,load
2832,92,15,64,ptr,load
2833,92,16,64,ptr,load
2834,92,17,64,ptr,load
2835,92,18,64,ptr,load
2836,92,19,64,ptr,load
2837,92,20,64,ptr,load
2838,92,21,64,ptr,load
2839,92,22,64,ptr,load
2840,92,23,64,ptr,load
2841,92,24,64,ptr,load
2842,92,25,64,ptr,load
2843,92,26,64,ptr,load
2844,92,27,64,ptr,load
2845,92,28,64,ptr,load
2846,92,29,64,ptr,load
2847,92,30,64,ptr,load
2848,92,31,64,ptr,load
2849,92,32,64,ptr,load
2850,92,33,64,ptr,load
2851,92,34,64,ptr,load
2852,92,35,64,ptr,load
2853,92,36,64,ptr,load
2854,92,37,64,ptr,load
2855,92,38,64,ptr,load
2856,92,39,64,ptr,load
2857,92,40,64,ptr,load
2858,92,41,64,ptr,load
2859,92,42,64,ptr,load
2860,92,43,64,ptr,load
2861,92,44,64,ptr,load
2862,92,45,64,ptr,load
2863,92,46,64,ptr,load
2864,92,47,64,ptr,load
2865,92,48,64,ptr,load
2866,92,49,64,ptr,load
2867,92,50,64,ptr,load
2868,92,51,64,ptr,load
2869,92,52,64,ptr,load
2870,92,53,64,ptr,load
2871,92,54,64,ptr,load
2872,92,55,64,ptr,load
2873,92,56,64,ptr,load
2874,92,57,64,ptr,load
2875,92,58,64,ptr,load
2876,92,59,64,ptr,load
2877,92,60,64,ptr,load
2878,92,61,64,ptr,load
2879,92,62,64,ptr,load
2880,92,63,64,ptr,load
2881,93,0,64,ptr,load
2882,93,1,64,ptr,load
2883,93,2,64,ptr,load
2884,93,3,64,ptr,load
2885,93,4,64,ptr,load
2886,93,5,64,ptr,load
2887,93,6,64,ptr,load
2888,93,7,64,ptr,load
2889,93,8,64,ptr,load
2890,93,9,64,ptr,load
2891,93,10,64,ptr,load
2892,93,11,64,ptr,load
2893,93,12,64,ptr,load
2894,93,13,64,ptr,load
2895,93,14,64,ptr,load
2896,93,15,64,ptr,load
2897,93,16,64,ptr,load
2898,93,17,64,ptr,load
2899,93,18,64,ptr,load
2900,93,19,64,ptr,load
2901,93,20,64,ptr,load
2902,93,21,64,ptr,load
2903,93,22,64,ptr,load
2904,93,23,64,ptr,load
2905,93,24,64,ptr,load
2906,93,25,64,ptr,load
2907,93,26,64,ptr,load
2908,93,27,64,ptr,load
2909,93,28,64,ptr,load
2910,93,29,64,ptr,load
2911,93,30,64,ptr,load
2912,93,31,64,ptr,load
2913,93,32,64,ptr,load
2914,93,33,64,ptr,load
2915,93,34,64,ptr,load
2916,93,35,64,ptr,load
2917,93,36,64,ptr,load
2918,93,37,64,ptr,load
2919,93,38,64,ptr,load
2920,93,39,64,ptr,load
2921,93,40,64,ptr,load
2922,93,41,64,ptr,load
2923,93,42,64,ptr,load
2924,93,43,64,ptr,load
2925,93,44,64,ptr,load
2926,93,45,64,ptr,load
2927,93,46,64,ptr,load
2928,93,47,64,ptr,load
2929,93,48,64,ptr,load
2930,93,49,64,ptr,load
2931,93,50,64,ptr,load
2932,93,51,64,ptr,load
2933,93,52,64,ptr,load
2934,93,53,64,ptr,load
2935,93,54,64,ptr,load
2936,93,55,64,ptr,load
2937,93,56,64,ptr,load
2938,93,57,64,ptr,load
2939,93,58,64,ptr,load
2940,93,59,64,ptr,load
2941,93,60,64,ptr,load
2942,93,61,64,ptr,load
2943,93,62,64,ptr,load
2944,93,63,64,ptr,load
2945,94,0,64,ptr,getelementptr
2946,94,1,64,ptr,getelementptr
2947,94,2,64,ptr,getelementptr
2948,94,3,64,ptr,getelementptr
2949,94,4,64,ptr,getelementptr
2950,94,5,64,ptr,getelementptr
2951,94,6,64,ptr,getelementptr
2952,94,7,64,ptr,getelementptr
2953,94,8,64,ptr,getelementptr
2954,94,9,64,ptr,getelementptr
2955,94,10,64,ptr,getelementptr
2956,94,11,64,ptr,getelementptr
2957,94,12,64,ptr,getelementptr
2958,94,13,64,ptr,getelementptr
2959,94,14,64,ptr,getelementptr
2960,94,15,64,ptr,getelementptr
2961,94,16,64,ptr,getelementptr
2962,94,17,64,ptr,getelementptr
2963,94,18,64,ptr,getelementptr
2964,94,19,64,ptr,getelementptr
2965,94,20,64,ptr,getelementptr
2966,94,21,64,ptr,getelementptr
2967,94,22,64,ptr,getelementptr
2968,94,23,64,ptr,getelementptr
2969,94,24,64,ptr,getelementptr
2970,94,25,64,ptr,getelementptr
2971,94,26,64,ptr,getelementptr
2972,94,27,64,ptr,getelementptr
2973,94,28,64,ptr,getelementptr
2974,94,29,64,ptr,getelementptr
2975,94,30,64,ptr,getelementptr
2976,94,31,64,ptr,getelementptr
2977,94,32,64,ptr,getelementptr
2978,94,33,64,ptr,getelementptr
2979,94,34,64,ptr,getelementptr
2980,94,35,64,ptr,getelementptr
2981,94,36,64,ptr,getelementptr
2982,94,37,64,ptr,getelementptr
2983,94,38,64,ptr,getelementptr
2984,94,39,64,ptr,getelementptr
2985,94,40,64,ptr,getelementptr
2986,94,41,64,ptr,getelementptr
2987,94,42,64,ptr,getelementptr
2988,94,43,64,ptr,getelementptr
2989,94,44,64,ptr,getelementptr
2990,94,45,64,ptr,getelementptr
2991,94,46,64,ptr,getelementptr
2992,94,47,64,ptr,getelementptr
2993,94,48,64,ptr,getelementptr
2994,94,49,64,ptr,getelementptr
2995,94,50,64,ptr,getelementptr
2996,94,51,64,ptr,getelementptr
2997,94,52,64,ptr,getelementptr
2998,94,53,64,ptr,getelementptr
2999,94,54,64,ptr,getelementptr
3000,94,55,64,ptr,getelementptr
3001,94,56,64,ptr,getelementptr
3002,94,57,64,ptr,getelementptr
3003,94,58,64,ptr,getelementptr
3004,94,59,64,ptr,getelementptr
3005,94,60,64,ptr,getelementptr
3006,94,61,64,ptr,getelementptr
3007,94,62,64,ptr,getelementptr
3008,94,63,64,ptr,getelementptr
3009,95,0,64,ptr,load
3010,95,1,64,ptr,load
3011,95,2,64,ptr,load
3012,95,3,64,ptr,load
3013,95,4,64,ptr,load
3014,95,5,64,ptr,load
3015,95,6,64,ptr,load
3016,95,7,64,ptr,load
3017,95,8,64,ptr,load
3018,95,9,64,ptr,load
3019,95,10,64,ptr,load
3020,95,11,64,ptr,load
3021,95,12,64,ptr,load
3022,95,13,64,ptr,load
3023,95,14,64,ptr,load
3024,95,15,64,ptr,load
3025,95,16,64,ptr,load
3026,95,17,64,ptr,load
3027,95,18,64,ptr,load
3028,95,19,64,ptr,load
3029,95,20,64,ptr,load
3030,95,21,64,ptr,load
3031,95,22,64,ptr,load
3032,95,23,64,ptr,load
3033,95,24,64,ptr,load
3034,95,25,64,ptr,load
3035,95,26,64,ptr,load
3036,95,27,64,ptr,load
3037,95,28,64,ptr,load
3038,95,29,64,ptr,load
3039,95,30,64,ptr,load
3040,95,31,64,ptr,load
3041,95,32,64,ptr,load
3042,95,33,64,ptr,load
3043,95,34,64,ptr,load
3044,95,35,64,ptr,load
3045,95,36,64,ptr,load
3046,95,37,64,ptr,load
3047,95,38,64,ptr,load
3048,95,39,64,ptr,load
3049,95,40,64,ptr,load
3050,95,41,64,ptr,load
3051,95,42,64,ptr,load
3052,95,43,64,ptr,load
3053,95,44,64,ptr,load
3054,95,45,64,ptr,load
3055,95,46,64,ptr,load
3056,95,47,64,ptr,load
3057,95,48,64,ptr,load
3058,95,49,64,ptr,load
3059,95,50,64,ptr,load
3060,95,51,64,ptr,load
3061,95,52,64,ptr,load
3062,95,53,64,ptr,load
3063,95,54,64,ptr,load
3064,95,55,64,ptr,load
3065,95,56,64,ptr,load
3066,95,57,64,ptr,load
3067,95,58,64,ptr,load
3068,95,59,64,ptr,load
3069,95,60,64,ptr,load
3070,95,61,64,ptr,load
3071,95,62,64,ptr,load
3072,95,63,64,ptr,load
3073,96,0,64,ptr,store
3074,96,1,64,ptr,store
3075,96,2,64,ptr,store
3076,96,3,64,ptr,store
3077,96,4,64,ptr,store
3078,96,5,64,ptr,store
3079,96,6,64,ptr,store
3080,96,7,64,ptr,store
3081,96,8,64,ptr,store
3082,96,9,64,ptr,store
3083,96,10,64,ptr,store
3084,96,11,64,ptr,store
3085,96,12,64,ptr,store
3086,96,13,64,ptr,store
3087,96,14,64,ptr,store
3088,96,15,64,ptr,store
3089,96,16,64,ptr,store
3090,96,17,64,ptr,store
3091,96,18,64,ptr,store
3092,96,19,64,ptr,store
3093,96,20,64,ptr,store
3094,96,21,64,ptr,store
3095,96,22,64,ptr,store
3096,96,23,64,ptr,store
3097,96,24,64,ptr,store
3098,96,25,64,ptr,store
3099,96,26,64,ptr,store
3100,96,27,64,ptr,store
3101,96,28,64,ptr,store
3102,96,29,64,ptr,store
3103,96,30,64,ptr,store
3104,96,31,64,ptr,store
3105,96,32,64,ptr,store
3106,96,33,64,ptr,store
3107,96,34,64,ptr,store
3108,96,35,64,ptr,store
3109,96,36,64,ptr,store
3110,96,37,64,ptr,store
3111,96,38,64,ptr,store
3112,96,39,64,ptr,store
3113,96,40,64,ptr,store
3114,96,41,64,ptr,store
3115,96,42,64,ptr,store
3116,96,43,64,ptr,store
3117,96,44,64,ptr,store
3118,96,45,64,ptr,store
3119,96,46,64,ptr,store
3120,96,47,64,ptr,store
3121,96,48,64,ptr,store
3122,96,49,64,ptr,store
3123,96,50,64,ptr,store
3124,96,51,64,ptr,store
3125,96,52,64,ptr,store
3126,96,53,64,ptr,store
3127,96,54,64,ptr,store
3128,96,55,64,ptr,store
3129,96,56,64,ptr,store
3130,96,57,64,ptr,store
3131,96,58,64,ptr,store
3132,96,59,64,ptr,store
3133,96,60,64,ptr,store
3134,96,61,64,ptr,store
3135,96,62,64,ptr,store
3136,96,63,64,ptr,store
3137,97,0,64,ptr,load
3138,97,1,64,ptr,load
3139,97,2,64,ptr,load
3140,97,3,64,ptr,load
3141,97,4,64,ptr,load
3142,97,5,64,ptr,load
3143,97,6,64,ptr,load
3144,97,7,64,ptr,load
3145,97,8,64,ptr,load
3146,97,9,64,ptr,load
3147,97,10,64,ptr,load
3148,97,11,64,ptr,load
3149,97,12,64,ptr,load
3150,97,13,64,ptr,load
3151,97,14,64,ptr,load
3152,97,15,64,ptr,load
3153,97,16,64,ptr,load
3154,97,17,64,ptr,load
3155,97,18,64,ptr,load
3156,97,19,64,ptr,load
3157,97,20,64,ptr,load
3158,97,21,64,ptr,load
3159,97,22,64,ptr,load
3160,97,23,64,ptr,load
3161,97,24,64,ptr,load
3162,97,25,64,ptr,load
3163,97,26,64,ptr,load
3164,97,27,64,ptr,load
3165,97,28,64,ptr,load
3166,97,29,64,ptr,load
3167,97,30,64,ptr,load
3168,97,31,64,ptr,load
3169,97,32,64,ptr,load
3170,97,33,64,ptr,load
3171,97,34,64,ptr,load
3172,97,35,64,ptr,load
3173,97,36,64,ptr,load
3174,97,37,64,ptr,load
3175,97,38,64,ptr,load
3176,97,39,64,ptr,load
3177,97,40,64,ptr,load
3178,97,41,64,ptr,load
3179,97,42,64,ptr,load
3180,97,43,64,ptr,load
3181,97,44,64,ptr,load
3182,97,45,64,ptr,load
3183,97,46,64,ptr,load
3184,97,47,64,ptr,load
3185,97,48,64,ptr,load
3186,97,49,64,ptr,load
3187,97,50,64,ptr,load
3188,97,51,64,ptr,load
3189,97,52,64,ptr,load
3190,97,53,64,ptr,load
3191,97,54,64,ptr,load
3192,97,55,64,ptr,load
3193,97,56,64,ptr,load
3194,97,57,64,ptr,load
3195,97,58,64,ptr,load
3196,97,59,64,ptr,load
3197,97,60,64,ptr,load
3198,97,61,64,ptr,load
3199,97,62,64,ptr,load
3200,97,63,64,ptr,load
3201,98,0,64,ptr,load
3202,98,1,64,ptr,load
3203,98,2,64,ptr,load
3204,98,3,64,ptr,load
3205,98,4,64,ptr,load
3206,98,5,64,ptr,load
3207,98,6,64,ptr,load
3208,98,7,64,ptr,load
3209,98,8,64,ptr,load
3210,98,9,64,ptr,load
3211,98,10,64,ptr,load
3212,98,11,64,ptr,load
3213,98,12,64,ptr,load
3214,98,13,64,ptr,load
3215,98,14,64,ptr,load
3216,98,15,64,ptr,load
3217,98,16,64,ptr,load
3218,98,17,64,ptr,load
3219,98,18,64,ptr,load
3220,98,19,64,ptr,load
3221,98,20,64,ptr,load
3222,98,21,64,ptr,load
3223,98,22,64,ptr,load
3224,98,23,64,ptr,load
3225,98,24,64,ptr,load
3226,98,25,64,ptr,load
3227,98,26,64,ptr,load
3228,98,27,64,ptr,load
3229,98,28,64,ptr,load
3230,98,29,64,ptr,load
3231,98,30,64,ptr,load
3232,98,31,64,ptr,load
3233,98,32,64,ptr,load
3234,98,33,64,ptr,load
3235,98,34,64,ptr,load
3236,98,35,64,ptr,load
3237,98,36,64,ptr,load
3238,98,37,64,ptr,load
3239,98,38,64,ptr,load
3240,98,39,64,ptr,load
3241,98,40,64,ptr,load
3242,98,41,64,ptr,load
3243,98,42,64,ptr,load
3244,98,43,64,ptr,load
3245,98,44,64,ptr,load
3246,98,45,64,ptr,load
3247,98,46,64,ptr,load
3248,98,47,64,ptr,load
3249,98,48,64,ptr,load
3250,98,49,64,ptr,load
3251,98,50,64,ptr,load
3252,98,51,64,ptr,load
3253,98,52,64,ptr,load
3254,98,53,64,ptr,load
3255,98,54,64,ptr,load
3256,98,55,64,ptr,load
3257,98,56,64,ptr,load
3258,98,57,64,ptr,load
3259,98,58,64,ptr,load
3260,98,59,64,ptr,load
3261,98,60,64,ptr,load
3262,98,61,64,ptr,load
3263,98,62,64,ptr,load
3264,98,63,64,ptr,load
3265,99,0,64,ptr,getelementptr
3266,99,1,64,ptr,getelementptr
3267,99,2,64,ptr,getelementptr
3268,99,3,64,ptr,getelementptr
3269,99,4,64,ptr,getelementptr
3270,99,5,64,ptr,getelementptr
3271,99,6,64,ptr,getelementptr
3272,99,7,64,ptr,getelementptr
3273,99,8,64,ptr,getelementptr
3274,99,9,64,ptr,getelementptr
3275,99,10,64,ptr,getelementptr
3276,99,11,64,ptr,getelementptr
3277,99,12,64,ptr,getelementptr
3278,99,13,64,ptr,getelementptr
3279,99,14,64,ptr,getelementptr
3280,99,15,64,ptr,getelementptr
3281,99,16,64,ptr,getelementptr
3282,99,17,64,ptr,getelementptr
3283,99,18,64,ptr,getelementptr
3284,99,19,64,ptr,getelementptr
3285,99,20,64,ptr,getelementptr
3286,99,21,64,ptr,getelementptr
3287,99,22,64,ptr,getelementptr
3288,99,23,64,ptr,getelementptr
3289,99,24,64,ptr,getelementptr
3290,99,25,64,ptr,getelementptr
3291,99,26,64,ptr,getelementptr
3292,99,27,64,ptr,getelementptr
3293,99,28,64,ptr,getelementptr
3294,99,29,64,ptr,getelementptr
3295,99,30,64,ptr,getelementptr
3296,99,31,64,ptr,getelementptr
3297,99,32,64,ptr,getelementptr
3298,99,33,64,ptr,getelementptr
3299,99,34,64,ptr,getelementptr
3300,99,35,64,ptr,getelementptr
3301,99,36,64,ptr,getelementptr
3302,99,37,64,ptr,getelementptr
3303,99,38,64,ptr,getelementptr
3304,99,39,64,ptr,getelementptr
3305,99,40,64,ptr,getelementptr
3306,99,41,64,ptr,getelementptr
3307,99,42,64,ptr,getelementptr
3308,99,43,64,ptr,getelementptr
3309,99,44,64,ptr,getelementptr
3310,99,45,64,ptr,getelementptr
3311,99,46,64,ptr,getelementptr
3312,99,47,64,ptr,getelementptr
3313,99,48,64,ptr,getelementptr
3314,99,49,64,ptr,getelementptr
3315,99,50,64,ptr,getelementptr
3316,99,51,64,ptr,getelementptr
3317,99,52,64,ptr,getelementptr
3318,99,53,64,ptr,getelementptr
3319,99,54,64,ptr,getelementptr
3320,99,55,64,ptr,getelementptr
3321,99,56,64,ptr,getelementptr
3322,99,57,64,ptr,getelementptr
3323,99,58,64,ptr,getelementptr
3324,99,59,64,ptr,getelementptr
3325,99,60,64,ptr,getelementptr
3326,99,61,64,ptr,getelementptr
3327,99,62,64,ptr,getelementptr
3328,99,63,64,ptr,getelementptr
3329,100,0,64,ptr,store
3330,100,1,64,ptr,store
3331,100,2,64,ptr,store
3332,100,3,64,ptr,store
3333,100,4,64,ptr,store
3334,100,5,64,ptr,store
3335,100,6,64,ptr,store
3336,100,7,64,ptr,store
3337,100,8,64,ptr,store
3338,100,9,64,ptr,store
3339,100,10,64,ptr,store
3340,100,11,64,ptr,store
3341,100,12,64,ptr,store
3342,100,13,64,ptr,store
3343,100,14,64,ptr,store
3344,100,15,64,ptr,store
3345,100,16,64,ptr,store
3346,100,17,64,ptr,store
3347,100,18,64,ptr,store
3348,100,19,64,ptr,store
3349,100,20,64,ptr,store
3350,100,21,64,ptr,store
3351,100,22,64,ptr,store
3352,100,23,64,ptr,store
3353,100,24,64,ptr,store
3354,100,25,64,ptr,store
3355,100,26,64,ptr,store
3356,100,27,64,ptr,store
3357,100,28,64,ptr,store
3358,100,29,64,ptr,store
3359,100,30,64,ptr,store
3360,100,31,64,ptr,store
3361,100,32,64,ptr,store
3362,100,33,64,ptr,store
3363,100,34,64,ptr,store
3364,100,35,64,ptr,store
3365,100,36,64,ptr,store
3366,100,37,64,ptr,store
3367,100,38,64,ptr,store
3368,100,39,64,ptr,store
3369,100,40,64,ptr,store
3370,100,41,64,ptr,store
3371,100,42,64,ptr,store
3372,100,43,64,ptr,store
3373,100,44,64,ptr,store
3374,100,45,64,ptr,store
3375,100,46,64,ptr,store
3376,100,47,64,ptr,store
3377,100,48,64,ptr,store
3378,100,49,64,ptr,store
3379,100,50,64,ptr,store
3380,100,51,64,ptr,store
3381,100,52,64,ptr,store
3382,100,53,64,ptr,store
3383,100,54,64,ptr,store
3384,100,55,64,ptr,store
3385,100,56,64,ptr,store
3386,100,57,64,ptr,store
3387,100,58,64,ptr,store
3388,100,59,64,ptr,store
3389,100,60,64,ptr,store
3390,100,61,64,ptr,store
3391,100,62,64,ptr,store
3392,100,63,64,ptr,store
3393,101,0,64,ptr,load
3394,101,1,64,ptr,load
3395,101,2,64,ptr,load
3396,101,3,64,ptr,load
3397,101,4,64,ptr,load
3398,101,5,64,ptr,load
3399,101,6,64,ptr,load
3400,101,7,64,ptr,load
3401,101,8,64,ptr,load
3402,101,9,64,ptr,load
3403,101,10,64,ptr,load
3404,101,11,64,ptr,load
3405,101,12,64,ptr,load
3406,101,13,64,ptr,load
3407,101,14,64,ptr,load
3408,101,15,64,ptr,load
3409,101,16,64,ptr,load
3410,101,17,64,ptr,load
3411,101,18,64,ptr,load
3412,101,19,64,ptr,load
3413,101,20,64,ptr,load
3414,101,21,64,ptr,load
3415,101,22,64,ptr,load
3416,101,23,64,ptr,load
3417,101,24,64,ptr,load
3418,101,25,64,ptr,load
3419,101,26,64,ptr,load
3420,101,27,64,ptr,load
3421,101,28,64,ptr,load
3422,101,29,64,ptr,load
3423,101,30,64,ptr,load
3424,101,31,64,ptr,load
3425,101,32,64,ptr,load
3426,101,33,64,ptr,load
3427,101,34,64,ptr,load
3428,101,35,64,ptr,load
3429,101,36,64,ptr,load
3430,101,37,64,ptr,load
3431,101,38,64,ptr,load
3432,101,39,64,ptr,load
3433,101,40,64,ptr,load
3434,101,41,64,ptr,load
3435,101,42,64,ptr,load
3436,101,43,64,ptr,load
3437,101,44,64,ptr,load
3438,101,45,64,ptr,load
3439,101,46,64,ptr,load
3440,101,47,64,ptr,load
3441,101,48,64,ptr,load
3442,101,49,64,ptr,load
3443,101,50,64,ptr,load
3444,101,51,64,ptr,load
3445,101,52,64,ptr,load
3446,101,53,64,ptr,load
3447,101,54,64,ptr,load
3448,101,55,64,ptr,load
3449,101,56,64,ptr,load
3450,101,57,64,ptr,load
3451,101,58,64,ptr,load
3452,101,59,64,ptr,load
3453,101,60,64,ptr,load
3454,101,61,64,ptr,load
3455,101,62,64,ptr,load
3456,101,63,64,ptr,load
3457,102,0,64,ptr,store
3458,102,1,64,ptr,store
3459,102,2,64,ptr,store
3460,102,3,64,ptr,store
3461,102,4,64,ptr,store
3462,102,5,64,ptr,store
3463,102,6,64,ptr,store
3464,102,7,64,ptr,store
3465,102,8,64,ptr,store
3466,102,9,64,ptr,store
3467,102,10,64,ptr,store
3468,102,11,64,ptr,store
3469,102,12,64,ptr,store
3470,102,13,64,ptr,store
3471,102,14,64,ptr,store
3472,102,15,64,ptr,store
3473,102,16,64,ptr,store
3474,102,17,64,ptr,store
3475,102,18,64,ptr,store
3476,102,19,64,ptr,store
3477,102,20,64,ptr,store
3478,102,21,64,ptr,store
3479,102,22,64,ptr,store
3480,102,23,64,ptr,store
3481,102,24,64,ptr,store
3482,102,25,64,ptr,store
3483,102,26,64,ptr,store
3484,102,27,64,ptr,store
3485,102,28,64,ptr,store
3486,102,29,64,ptr,store
3487,102,30,64,ptr,store
3488,102,31,64,ptr,store
3489,102,32,64,ptr,store
3490,102,33,64,ptr,store
3491,102,34,64,ptr,store
3492,102,35,64,ptr,store
3493,102,36,64,ptr,store
3494,102,37,64,ptr,store
3495,102,38,64,ptr,store
3496,102,39,64,ptr,store
3497,102,40,64,ptr,store
3498,102,41,64,ptr,store
3499,102,42,64,ptr,store
3500,102,43,64,ptr,store
3501,102,44,64,ptr,store
3502,102,45,64,ptr,store
3503,102,46,64,ptr,store
3504,102,47,64,ptr,store
3505,102,48,64,ptr,store
3506,102,49,64,ptr,store
3507,102,50,64,ptr,store
3508,102,51,64,ptr,store
3509,102,52,64,ptr,store
3510,102,53,64,ptr,store
3511,102,54,64,ptr,store
3512,102,55,64,ptr,store
3513,102,56,64,ptr,store
3514,102,57,64,ptr,store
3515,102,58,64,ptr,store
3516,102,59,64,ptr,store
3517,102,60,64,ptr,store
3518,102,61,64,ptr,store
3519,102,62,64,ptr,store
3520,102,63,64,ptr,store
3521,103,0,64,ptr,store
3522,103,1,64,ptr,store
3523,103,2,64,ptr,store
3524,103,3,64,ptr,store
3525,103,4,64,ptr,store
3526,103,5,64,ptr,store
3527,103,6,64,ptr,store
3528,103,7,64,ptr,store
3529,103,8,64,ptr,store
3530,103,9,64,ptr,store
3531,103,10,64,ptr,store
3532,103,11,64,ptr,store
3533,103,12,64,ptr,store
3534,103,13,64,ptr,store
3535,103,14,64,ptr,store
3536,103,15,64,ptr,store
3537,103,16,64,ptr,store
3538,103,17,64,ptr,store
3539,103,18,64,ptr,store
3540,103,19,64,ptr,store
3541,103,20,64,ptr,store
3542,103,21,64,ptr,store
3543,103,22,64,ptr,store
3544,103,23,64,ptr,store
3545,103,24,64,ptr,store
3546,103,25,64,ptr,store
3547,103,26,64,ptr,store
3548,103,27,64,ptr,store
3549,103,28,64,ptr,store
3550,103,29,64,ptr,store
3551,103,30,64,ptr,store
3552,103,31,64,ptr,store
3553,103,32,64,ptr,store
3554,103,33,64,ptr,store
3555,103,34,64,ptr,store
3556,103,35,64,ptr,store
3557,103,36,64,ptr,store
3558,103,37,64,ptr,store
3559,103,38,64,ptr,store
3560,103,39,64,ptr,store
3561,103,40,64,ptr,store
3562,103,41,64,ptr,store
3563,103,42,64,ptr,store
3564,103,43,64,ptr,store
3565,103,44,64,ptr,store
3566,103,45,64,ptr,store
3567,103,46,64,ptr,store
3568,103,47,64,ptr,store
3569,103,48,64,ptr,store
3570,103,49,64,ptr,store
3571,103,50,64,ptr,store
3572,103,51,64,ptr,store
3573,103,52,64,ptr,store
3574,103,53,64,ptr,store
3575,103,54,64,ptr,store
3576,103,55,64,ptr,store
3577,103,56,64,ptr,store
3578,103,57,64,ptr,store
3579,103,58,64,ptr,store
3580,103,59,64,ptr,store
3581,103,60,64,ptr,store
3582,103,61,64,ptr,store
3583,103,62,64,ptr,store
3584,103,63,64,ptr,store
3585,104,0,64,ptr,store
3586,104,1,64,ptr,store
3587,104,2,64,ptr,store
3588,104,3,64,ptr,store
3589,104,4,64,ptr,store
3590,104,5,64,ptr,store
3591,104,6,64,ptr,store
3592,104,7,64,ptr,store
3593,104,8,64,ptr,store
3594,104,9,64,ptr,store
3595,104,10,64,ptr,store
3596,104,11,64,ptr,store
3597,104,12,64,ptr,store
3598,104,13,64,ptr,store
3599,104,14,64,ptr,store
3600,104,15,64,ptr,store
3601,104,16,64,ptr,store
3602,104,17,64,ptr,store
3603,104,18,64,ptr,store
3604,104,19,64,ptr,store
3605,104,20,64,ptr,store
3606,104,21,64,ptr,store
3607,104,22,64,ptr,store
3608,104,23,64,ptr,store
3609,104,24,64,ptr,store
3610,104,25,64,ptr,store
3611,104,26,64,ptr,store
3612,104,27,64,ptr,store
3613,104,28,64,ptr,store
3614,104,29,64,ptr,store
3615,104,30,64,ptr,store
3616,104,31,64,ptr,store
3617,104,32,64,ptr,store
3618,104,33,64,ptr,store
3619,104,34,64,ptr,store
3620,104,35,64,ptr,store
3621,104,36,64,ptr,store
3622,104,37,64,ptr,store
3623,104,38,64,ptr,store
3624,104,39,64,ptr,store
3625,104,40,64,ptr,store
3626,104,41,64,ptr,store
3627,104,42,64,ptr,store
3628,104,43,64,ptr,store
3629,104,44,64,ptr,store
3630,104,45,64,ptr,store
3631,104,46,64,ptr,store
3632,104,47,64,ptr,store
3633,104,48,64,ptr,store
3634,104,49,64,ptr,store
3635,104,50,64,ptr,store
3636,104,51,64,ptr,store
3637,104,52,64,ptr,store
3638,104,53,64,ptr,store
3639,104,54,64,ptr,store
3640,104,55,64,ptr,store
3641,104,56,64,ptr,store
3642,104,57,64,ptr,store
3643,104,58,64,ptr,store
3644,104,59,64,ptr,store
3645,104,60,64,ptr,store
3646,104,61,64,ptr,store
3647,104,62,64,ptr,store
3648,104,63,64,ptr,store
3649,105,0,64,ptr,load
3650,105,1,64,ptr,load
3651,105,2,64,ptr,load
3652,105,3,64,ptr,load
3653,105,4,64,ptr,load
3654,105,5,64,ptr,load
3655,105,6,64,ptr,load
3656,105,7,64,ptr,load
3657,105,8,64,ptr,load
3658,105,9,64,ptr,load
3659,105,10,64,ptr,load
3660,105,11,64,ptr,load
3661,105,12,64,ptr,load
3662,105,13,64,ptr,load
3663,105,14,64,ptr,load
3664,105,15,64,ptr,load
3665,105,16,64,ptr,load
3666,105,17,64,ptr,load
3667,105,18,64,ptr,load
3668,105,19,64,ptr,load
3669,105,20,64,ptr,load
3670,105,21,64,ptr,load
3671,105,22,64,ptr,load
3672,105,23,64,ptr,load
3673,105,24,64,ptr,load
3674,105,25,64,ptr,load
3675,105,26,64,ptr,load
3676,105,27,64,ptr,load
3677,105,28,64,ptr,load
3678,105,29,64,ptr,load
3679,105,30,64,ptr,load
3680,105,31,64,ptr,load
3681,105,32,64,ptr,load
3682,105,33,64,ptr,load
3683,105,34,64,ptr,load
3684,105,35,64,ptr,load
3685,105,36,64,ptr,load
3686,105,37,64,ptr,load
3687,105,38,64,ptr,load
3688,105,39,64,ptr,load
3689,105,40,64,ptr,load
3690,105,41,64,ptr,load
3691,105,42,64,ptr,load
3692,105,43,64,ptr,load
3693,105,44,64,ptr,load
3694,105,45,64,ptr,load
3695,105,46,64,ptr,load
3696,105,47,64,ptr,load
3697,105,48,64,ptr,load
3698,105,49,64,ptr,load
3699,105,50,64,ptr,load
3700,105,51,64,ptr,load
3701,105,52,64,ptr,load
3702,105,53,64,ptr,load
3703,105,54,64,ptr,load
3704,105,55,64,ptr,load
3705,105,56,64,ptr,load
3706,105,57,64,ptr,load
3707,105,58,64,ptr,load
3708,105,59,64,ptr,load
3709,105,60,64,ptr,load
3710,105,61,64,ptr,load
3711,105,62,64,ptr,load
3712,105,63,64,ptr,load
3713,106,0,64,ptr,store
3714,106,1,64,ptr,store
3715,106,2,64,ptr,store
3716,106,3,64,ptr,store
3717,106,4,64,ptr,store
3718,106,5,64,ptr,store
3719,106,6,64,ptr,store
3720,106,7,64,ptr,store
3721,106,8,64,ptr,store
3722,106,9,64,ptr,store
3723,106,10,64,ptr,store
3724,106,11,64,ptr,store
3725,106,12,64,ptr,store
3726,106,13,64,ptr,store
3727,106,14,64,ptr,store
3728,106,15,64,ptr,store
3729,106,16,64,ptr,store
3730,106,17,64,ptr,store
3731,106,18,64,ptr,store
3732,106,19,64,ptr,store
3733,106,20,64,ptr,store
3734,106,21,64,ptr,store
3735,106,22,64,ptr,store
3736,106,23,64,ptr,store
3737,106,24,64,ptr,store
3738,106,25,64,ptr,store
3739,106,26,64,ptr,store
3740,106,27,64,ptr,store
3741,106,28,64,ptr,store
3742,106,29,64,ptr,store
3743,106,30,64,ptr,store
3744,106,31,64,ptr,store
3745,106,32,64,ptr,store
3746,106,33,64,ptr,store
3747,106,34,64,ptr,store
3748,106,35,64,ptr,store
3749,106,36,64,ptr,store
3750,106,37,64,ptr,store
3751,106,38,64,ptr,store
3752,106,39,64,ptr,store
3753,106,40,64,ptr,store
3754,106,41,64,ptr,store
3755,106,42,64,ptr,store
3756,106,43,64,ptr,store
3757,106,44,64,ptr,store
3758,106,45,64,ptr,store
3759,106,46,64,ptr,store
3760,106,47,64,ptr,store
3761,106,48,64,ptr,store
3762,106,49,64,ptr,store
3763,106,50,64,ptr,store
3764,106,51,64,ptr,store
3765,106,52,64,ptr,store
3766,106,53,64,ptr,store
3767,106,54,64,ptr,store
3768,106,55,64,ptr,store
3769,106,56,64,ptr,store
3770,106,57,64,ptr,store
3771,106,58,64,ptr,store
3772,106,59,64,ptr,store
3773,106,60,64,ptr,store
3774,106,61,64,ptr,store
3775,106,62,64,ptr,store
3776,106,63,64,ptr,store
3777,107,0,64,ptr,load
3778,107,1,64,ptr,load
3779,107,2,64,ptr,load
3780,107,3,64,ptr,load
3781,107,4,64,ptr,load
3782,107,5,64,ptr,load
3783,107,6,64,ptr,load
3784,107,7,64,ptr,load
3785,107,8,64,ptr,load
3786,107,9,64,ptr,load
3787,107,10,64,ptr,load
3788,107,11,64,ptr,load
3789,107,12,64,ptr,load
3790,107,13,64,ptr,load
3791,107,14,64,ptr,load
3792,107,15,64,ptr,load
3793,107,16,64,ptr,load
3794,107,17,64,ptr,load
3795,107,18,64,ptr,load
3796,107,19,64,ptr,load
3797,107,20,64,ptr,load
3798,107,21,64,ptr,load
3799,107,22,64,ptr,load
3800,107,23,64,ptr,load
3801,107,24,64,ptr,load
3802,107,25,64,ptr,load
3803,107,26,64,ptr,load
3804,107,27,64,ptr,load
3805,107,28,64,ptr,load
3806,107,29,64,ptr,load
3807,107,30,64,ptr,load
3808,107,31,64,ptr,load
3809,107,32,64,ptr,load
3810,107,33,64,ptr,load
3811,107,34,64,ptr,load
3812,107,35,64,ptr,load
3813,107,36,64,ptr,load
3814,107,37,64,ptr,load
3815,107,38,64,ptr,load
3816,107,39,64,ptr,load
3817,107,40,64,ptr,load
3818,107,41,64,ptr,load
3819,107,42,64,ptr,load
3820,107,43,64,ptr,load
3821,107,44,64,ptr,load
3822,107,45,64,ptr,load
3823,107,46,64,ptr,load
3824,107,47,64,ptr,load
3825,107,48,64,ptr,load
3826,107,49,64,ptr,load
3827,107,50,64,ptr,load
3828,107,51,64,ptr,load
3829,107,52,64,ptr,load
3830,107,53,64,ptr,load
3831,107,54,64,ptr,load
3832,107,55,64,ptr,load
3833,107,56,64,ptr,load
3834,107,57,64,ptr,load
3835,107,58,64,ptr,load
3836,107,59,64,ptr,load
3837,107,60,64,ptr,load
3838,107,61,64,ptr,load
3839,107,62,64,ptr,load
3840,107,63,64,ptr,load
3841,108,0,64,ptr,load
3842,108,1,64,ptr,load
3843,108,2,64,ptr,load
3844,108,3,64,ptr,load
3845,108,4,64,ptr,load
3846,108,5,64,ptr,load
3847,108,6,64,ptr,load
3848,108,7,64,ptr,load
3849,108,8,64,ptr,load
3850,108,9,64,ptr,load
3851,108,10,64,ptr,load
3852,108,11,64,ptr,load
3853,108,12,64,ptr,load
3854,108,13,64,ptr,load
3855,108,14,64,ptr,load
3856,108,15,64,ptr,load
3857,108,16,64,ptr,load
3858,108,17,64,ptr,load
3859,108,18,64,ptr,load
3860,108,19,64,ptr,load
3861,108,20,64,ptr,load
3862,108,21,64,ptr,load
3863,108,22,64,ptr,load
3864,108,23,64,ptr,load
3865,108,24,64,ptr,load
3866,108,25,64,ptr,load
3867,108,26,64,ptr,load
3868,108,27,64,ptr,load
3869,108,28,64,ptr,load
3870,108,29,64,ptr,load
3871,108,30,64,ptr,load
3872,108,31,64,ptr,load
3873,108,32,64,ptr,load
3874,108,33,64,ptr,load
3875,108,34,64,ptr,load
3876,108,35,64,ptr,load
3877,108,36,64,ptr,load
3878,108,37,64,ptr,load
3879,108,38,64,ptr,load
3880,108,39,64,ptr,load
3881,108,40,64,ptr,load
3882,108,41,64,ptr,load
3883,108,42,64,ptr,load
3884,108,43,64,ptr,load
3885,108,44,64,ptr,load
3886,108,45,64,ptr,load
3887,108,46,64,ptr,load
3888,108,47,64,ptr,load
3889,108,48,64,ptr,load
3890,108,49,64,ptr,load
3891,108,50,64,ptr,load
3892,108,51,64,ptr,load
3893,108,52,64,ptr,load
3894,108,53,64,ptr,load
3895,108,54,64,ptr,load
3896,108,55,64,ptr,load
3897,108,56,64,ptr,load
3898,108,57,64,ptr,load
3899,108,58,64,ptr,load
3900,108,59,64,ptr,load
3901,108,60,64,ptr,load
3902,108,61,64,ptr,load
3903,108,62,64,ptr,load
3904,108,63,64,ptr,load
3905,109,0,64,ptr,load
3906,109,1,64,ptr,load
3907,109,2,64,ptr,load
3908,109,3,64,ptr,load
3909,109,4,64,ptr,load
3910,109,5,64,ptr,load
3911,109,6,64,ptr,load
3912,109,7,64,ptr,load
3913,109,8,64,ptr,load
3914,109,9,64,ptr,load
3915,109,10,64,ptr,load
3916,109,11,64,ptr,load
3917,109,12,64,ptr,load
3918,109,13,64,ptr,load
3919,109,14,64,ptr,load
3920,109,15,64,ptr,load
3921,109,16,64,ptr,load
3922,109,17,64,ptr,load
3923,109,18,64,ptr,load
3924,109,19,64,ptr,load
3925,109,20,64,ptr,load
3926,109,21,64,ptr,load
3927,109,22,64,ptr,load
3928,109,23,64,ptr,load
3929,109,24,64,ptr,load
3930,109,25,64,ptr,load
3931,109,26,64,ptr,load
3932,109,27,64,ptr,load
3933,109,28,64,ptr,load
3934,109,29,64,ptr,load
3935,109,30,64,ptr,load
3936,109,31,64,ptr,load
3937,109,32,64,ptr,load
3938,109,33,64,ptr,load
3939,109,34,64,ptr,load
3940,109,35,64,ptr,load
3941,109,36,64,ptr,load
3942,109,37,64,ptr,load
3943,109,38,64,ptr,load
3944,109,39,64,ptr,load
3945,109,40,64,ptr,load
3946,109,41,64,ptr,load
3947,109,42,64,ptr,load
3948,109,43,64,ptr,load
3949,109,44,64,ptr,load
3950,109,45,64,ptr,load
3951,109,46,64,ptr,load
3952,109,47,64,ptr,load
3953,109,48,64,ptr,load
3954,109,49,64,ptr,load
3955,109,50,64,ptr,load
3956,109,51,64,ptr,load
3957,109,52,64,ptr,load
3958,109,53,64,ptr,load
3959,109,54,64,ptr,load
3960,109,55,64,ptr,load
3961,109,56,64,ptr,load
3962,109,57,64,ptr,load
3963,109,58,64,ptr,load
3964,109,59,64,ptr,load
3965,109,60,64,ptr,load
3966,109,61,64,ptr,load
3967,109,62,64,ptr,load
3968,109,63,64,ptr,load
3969,110,0,64,ptr,store
3970,110,1,64,ptr,store
3971,110,2,64,ptr,store
3972,110,3,64,ptr,store
3973,110,4,64,ptr,store
3974,110,5,64,ptr,store
3975,110,6,64,ptr,store
3976,110,7,64,ptr,store
3977,110,8,64,ptr,store
3978,110,9,64,ptr,store
3979,110,10,64,ptr,store
3980,110,11,64,ptr,store
3981,110,12,64,ptr,store
3982,110,13,64,ptr,store
3983,110,14,64,ptr,store
3984,110,15,64,ptr,store
3985,110,16,64,ptr,store
3986,110,17,64,ptr,store
3987,110,18,64,ptr,store
3988,110,19,64,ptr,store
3989,110,20,64,ptr,store
3990,110,21,64,ptr,store
3991,110,22,64,ptr,store
3992,110,23,64,ptr,store
3993,110,24,64,ptr,store
3994,110,25,64,ptr,store
3995,110,26,64,ptr,store
3996,110,27,64,ptr,store
3997,110,28,64,ptr,store
3998,110,29,64,ptr,store
3999,110,30,64,ptr,store
4000,110,31,64,ptr,store
4001,110,32,64,ptr,store
4002,110,33,64,ptr,store
4003,110,34,64,ptr,store
4004,110,35,64,ptr,store
4005,110,36,64,ptr,store
4006,110,37,64,ptr,store
4007,110,38,64,ptr,store
4008,110,39,64,ptr,store
4009,110,40,64,ptr,store
4010,110,41,64,ptr,store
4011,110,42,64,ptr,store
4012,110,43,64,ptr,store
4013,110,44,64,ptr,store
4014,110,45,64,ptr,store
4015,110,46,64,ptr,store
4016,110,47,64,ptr,store
4017,110,48,64,ptr,store
4018,110,49,64,ptr,store
4019,110,50,64,ptr,store
4020,110,51,64,ptr,store
4021,110,52,64,ptr,store
4022,110,53,64,ptr,store
4023,110,54,64,ptr,store
4024,110,55,64,ptr,store
4025,110,56,64,ptr,store
4026,110,57,64,ptr,store
4027,110,58,64,ptr,store
4028,110,59,64,ptr,store
4029,110,60,64,ptr,store
4030,110,61,64,ptr,store
4031,110,62,64,ptr,store
4032,110,63,64,ptr,store
4033,111,0,64,ptr,load
4034,111,1,64,ptr,load
4035,111,2,64,ptr,load
4036,111,3,64,ptr,load
4037,111,4,64,ptr,load
4038,111,5,64,ptr,load
4039,111,6,64,ptr,load
4040,111,7,64,ptr,load
4041,111,8,64,ptr,load
4042,111,9,64,ptr,load
4043,111,10,64,ptr,load
4044,111,11,64,ptr,load
4045,111,12,64,ptr,load
4046,111,13,64,ptr,load
4047,111,14,64,ptr,load
4048,111,15,64,ptr,load
4049,111,16,64,ptr,load
4050,111,17,64,ptr,load
4051,111,18,64,ptr,load
4052,111,19,64,ptr,load
4053,111,20,64,ptr,load
4054,111,21,64,ptr,load
4055,111,22,64,ptr,load
4056,111,23,64,ptr,load
4057,111,24,64,ptr,load
4058,111,25,64,ptr,load
4059,111,26,64,ptr,load
4060,111,27,64,ptr,load
4061,111,28,64,ptr,load
4062,111,29,64,ptr,load
4063,111,30,64,ptr,load
4064,111,31,64,ptr,load
4065,111,32,64,ptr,load
4066,111,33,64,ptr,load
4067,111,34,64,ptr,load
4068,111,35,64,ptr,load
4069,111,36,64,ptr,load
4070,111,37,64,ptr,load
4071,111,38,64,ptr,load
4072,111,39,64,ptr,load
4073,111,40,64,ptr,load
4074,111,41,64,ptr,load
4075,111,42,64,ptr,load
4076,111,43,64,ptr,load
4077,111,44,64,ptr,load
4078,111,45,64,ptr,load
4079,111,46,64,ptr,load
4080,111,47,64,ptr,load
4081,111,48,64,ptr,load
4082,111,49,64,ptr,load
4083,111,50,64,ptr,load
4084,111,51,64,ptr,load
4085,111,52,64,ptr,load
4086,111,53,64,ptr,load
4087,111,54,64,ptr,load
4088,111,55,64,ptr,load
4089,111,56,64,ptr,load
4090,111,57,64,ptr,load
4091,111,58,64,ptr,load
4092,111,59,64,ptr,load
4093,111,60,64,ptr,load
4094,111,61,64,ptr,load
4095,111,62,64,ptr,load
4096,111,63,64,ptr,load
4097,112,0,64,ptr,load
4098,112,1,64,ptr,load
4099,112,2,64,ptr,load
4100,112,3,64,ptr,load
4101,112,4,64,ptr,load
4102,112,5,64,ptr,load
4103,112,6,64,ptr,load
4104,112,7,64,ptr,load
4105,112,8,64,ptr,load
4106,112,9,64,ptr,load
4107,112,10,64,ptr,load
4108,112,11,64,ptr,load
4109,112,12,64,ptr,load
4110,112,13,64,ptr,load
4111,112,14,64,ptr,load
4112,112,15,64,ptr,load
4113,112,16,64,ptr,load
4114,112,17,64,ptr,load
4115,112,18,64,ptr,load
4116,112,19,64,ptr,load
4117,112,20,64,ptr,load
4118,112,21,64,ptr,load
4119,112,22,64,ptr,load
4120,112,23,64,ptr,load
4121,112,24,64,ptr,load
4122,112,25,64,ptr,load
4123,112,26,64,ptr,load
4124,112,27,64,ptr,load
4125,112,28,64,ptr,load
4126,112,29,64,ptr,load
4127,112,30,64,ptr,load
4128,112,31,64,ptr,load
4129,112,32,64,ptr,load
4130,112,33,64,ptr,load
4131,112,34,64,ptr,load
4132,112,35,64,ptr,load
4133,112,36,64,ptr,load
4134,112,37,64,ptr,load
4135,112,38,64,ptr,load
4136,112,39,64,ptr,load
4137,112,40,64,ptr,load
4138,112,41,64,ptr,load
4139,112,42,64,ptr,load
4140,112,43,64,ptr,load
4141,112,44,64,ptr,load
4142,112,45,64,ptr,load
4143,112,46,64,ptr,load
4144,112,47,64,ptr,load
4145,112,48,64,ptr,load
4146,112,49,64,ptr,load
4147,112,50,64,ptr,load
4148,112,51,64,ptr,load
4149,112,52,64,ptr,load
4150,112,53,64,ptr,load
4151,112,54,64,ptr,load
4152,112,55,64,ptr,load
4153,112,56,64,ptr,load
4154,112,57,64,ptr,load
4155,112,58,64,ptr,load
4156,112,59,64,ptr,load
4157,112,60,64,ptr,load
4158,112,61,64,ptr,load
4159,112,62,64,ptr,load
4160,112,63,64,ptr,load
4161,113,0,64,ptr,store
4162,113,1,64,ptr,store
4163,113,2,64,ptr,store
4164,113,3,64,ptr,store
4165,113,4,64,ptr,store
4166,113,5,64,ptr,store
4167,113,6,64,ptr,store
4168,113,7,64,ptr,store
4169,113,8,64,ptr,store
4170,113,9,64,ptr,store
4171,113,10,64,ptr,store
4172,113,11,64,ptr,store
4173,113,12,64,ptr,store
4174,113,13,64,ptr,store
4175,113,14,64,ptr,store
4176,113,15,64,ptr,store
4177,113,16,64,ptr,store
4178,113,17,64,ptr,store
4179,113,18,64,ptr,store
4180,113,19,64,ptr,store
4181,113,20,64,ptr,store
4182,113,21,64,ptr,store
4183,113,22,64,ptr,store
4184,113,23,64,ptr,store
4185,113,24,64,ptr,store
4186,113,25,64,ptr,store
4187,113,26,64,ptr,store
4188,113,27,64,ptr,store
4189,113,28,64,ptr,store
4190,113,29,64,ptr,store
4191,113,30,64,ptr,store
4192,113,31,64,ptr,store
4193,113,32,64,ptr,store
4194,113,33,64,ptr,store
4195,113,34,64,ptr,store
4196,113,35,64,ptr,store
4197,113,36,64,ptr,store
4198,113,37,64,ptr,store
4199,113,38,64,ptr,store
4200,113,39,64,ptr,store
4201,113,40,64,ptr,store
4202,113,41,64,ptr,store
4203,113,42,64,ptr,store
4204,113,43,64,ptr,store
4205,113,44,64,ptr,store
4206,113,45,64,ptr,store
4207,113,46,64,ptr,store
4208,113,47,64,ptr,store
4209,113,48,64,ptr,store
4210,113,49,64,ptr,store
4211,113,50,64,ptr,store
4212,113,51,64,ptr,store
4213,113,52,64,ptr,store
4214,113,53,64,ptr,store
4215,113,54,64,ptr,store
4216,113,55,64,ptr,store
4217,113,56,64,ptr,store
4218,113,57,64,ptr,store
4219,113,58,64,ptr,store
4220,113,59,64,ptr,store
4221,113,60,64,ptr,store
4222,113,61,64,ptr,store
4223,113,62,64,ptr,store
4224,113,63,64,ptr,store
4225,114,0,64,ptr,load
4226,114,1,64,ptr,load
4227,114,2,64,ptr,load
4228,114,3,64,ptr,load
4229,114,4,64,ptr,load
4230,114,5,64,ptr,load
4231,114,6,64,ptr,load
4232,114,7,64,ptr,load
4233,114,8,64,ptr,load
4234,114,9,64,ptr,load
4235,114,10,64,ptr,load
4236,114,11,64,ptr,load
4237,114,12,64,ptr,load
4238,114,13,64,ptr,load
4239,114,14,64,ptr,load
4240,114,15,64,ptr,load
4241,114,16,64,ptr,load
4242,114,17,64,ptr,load
4243,114,18,64,ptr,load
4244,114,19,64,ptr,load
4245,114,20,64,ptr,load
4246,114,21,64,ptr,load
4247,114,22,64,ptr,load
4248,114,23,64,ptr,load
4249,114,24,64,ptr,load
4250,114,25,64,ptr,load
4251,114,26,64,ptr,load
4252,114,27,64,ptr,load
4253,114,28,64,ptr,load
4254,114,29,64,ptr,load
4255,114,30,64,ptr,load
4256,114,31,64,ptr,load
4257,114,32,64,ptr,load
4258,114,33,64,ptr,load
4259,114,34,64,ptr,load
4260,114,35,64,ptr,load
4261,114,36,64,ptr,load
4262,114,37,64,ptr,load
4263,114,38,64,ptr,load
4264,114,39,64,ptr,load
4265,114,40,64,ptr,load
4266,114,41,64,ptr,load
4267,114,42,64,ptr,load
4268,114,43,64,ptr,load
4269,114,44,64,ptr,load
4270,114,45,64,ptr,load
4271,114,46,64,ptr,load
4272,114,47,64,ptr,load
4273,114,48,64,ptr,load
4274,114,49,64,ptr,load
4275,114,50,64,ptr,load
4276,114,51,64,ptr,load
4277,114,52,64,ptr,load
4278,114,53,64,ptr,load
4279,114,54,64,ptr,load
4280,114,55,64,ptr,load
4281,114,56,64,ptr,load
4282,114,57,64,ptr,load
4283,114,58,64,ptr,load
4284,114,59,64,ptr,load
4285,114,60,64,ptr,load
4286,114,61,64,ptr,load
4287,114,62,64,ptr,load
4288,114,63,64,ptr,load
4289,115,0,64,ptr,load
4290,115,1,64,ptr,load
4291,115,2,64,ptr,load
4292,115,3,64,ptr,load
4293,115,4,64,ptr,load
4294,115,5,64,ptr,load
4295,115,6,64,ptr,load
4296,115,7,64,ptr,load
4297,115,8,64,ptr,load
4298,115,9,64,ptr,load
4299,115,10,64,ptr,load
4300,115,11,64,ptr,load
4301,115,12,64,ptr,load
4302,115,13,64,ptr,load
4303,115,14,64,ptr,load
4304,115,15,64,ptr,load
4305,115,16,64,ptr,load
4306,115,17,64,ptr,load
4307,115,18,64,ptr,load
4308,115,19,64,ptr,load
4309,115,20,64,ptr,load
4310,115,21,64,ptr,load
4311,115,22,64,ptr,load
4312,115,23,64,ptr,load
4313,115,24,64,ptr,load
4314,115,25,64,ptr,load
4315,115,26,64,ptr,load
4316,115,27,64,ptr,load
4317,115,28,64,ptr,load
4318,115,29,64,ptr,load
4319,115,30,64,ptr,load
4320,115,31,64,ptr,load
4321,115,32,64,ptr,load
4322,115,33,64,ptr,load
4323,115,34,64,ptr,load
4324,115,35,64,ptr,load
4325,115,36,64,ptr,load
4326,115,37,64,ptr,load
4327,115,38,64,ptr,load
4328,115,39,64,ptr,load
4329,115,40,64,ptr,load
4330,115,41,64,ptr,load
4331,115,42,64,ptr,load
4332,115,43,64,ptr,load
4333,115,44,64,ptr,load
4334,115,45,64,ptr,load
4335,115,46,64,ptr,load
4336,115,47,64,ptr,load
4337,115,48,64,ptr,load
4338,115,49,64,ptr,load
4339,115,50,64,ptr,load
4340,115,51,64,ptr,load
4341,115,52,64,ptr,load
4342,115,53,64,ptr,load
4343,115,54,64,ptr,load
4344,115,55,64,ptr,load
4345,115,56,64,ptr,load
4346,115,57,64,ptr,load
4347,115,58,64,ptr,load
4348,115,59,64,ptr,load
4349,115,60,64,ptr,load
4350,115,61,64,ptr,load
4351,115,62,64,ptr,load
4352,115,63,64,ptr,load
4353,116,0,64,ptr,load
4354,116,1,64,ptr,load
4355,116,2,64,ptr,load
4356,116,3,64,ptr,load
4357,116,4,64,ptr,load
4358,116,5,64,ptr,load
4359,116,6,64,ptr,load
4360,116,7,64,ptr,load
4361,116,8,64,ptr,load
4362,116,9,64,ptr,load
4363,116,10,64,ptr,load
4364,116,11,64,ptr,load
4365,116,12,64,ptr,load
4366,116,13,64,ptr,load
4367,116,14,64,ptr,load
4368,116,15,64,ptr,load
4369,116,16,64,ptr,load
4370,116,17,64,ptr,load
4371,116,18,64,ptr,load
4372,116,19,64,ptr,load
4373,116,20,64,ptr,load
4374,116,21,64,ptr,load
4375,116,22,64,ptr,load
4376,116,23,64,ptr,load
4377,116,24,64,ptr,load
4378,116,25,64,ptr,load
4379,116,26,64,ptr,load
4380,116,27,64,ptr,load
4381,116,28,64,ptr,load
4382,116,29,64,ptr,load
4383,116,30,64,ptr,load
4384,116,31,64,ptr,load
4385,116,32,64,ptr,load
4386,116,33,64,ptr,load
4387,116,34,64,ptr,load
4388,116,35,64,ptr,load
4389,116,36,64,ptr,load
4390,116,37,64,ptr,load
4391,116,38,64,ptr,load
4392,116,39,64,ptr,load
4393,116,40,64,ptr,load
4394,116,41,64,ptr,load
4395,116,42,64,ptr,load
4396,116,43,64,ptr,load
4397,116,44,64,ptr,load
4398,116,45,64,ptr,load
4399,116,46,64,ptr,load
4400,116,47,64,ptr,load
4401,116,48,64,ptr,load
4402,116,49,64,ptr,load
4403,116,50,64,ptr,load
4404,116,51,64,ptr,load
4405,116,52,64,ptr,load
4406,116,53,64,ptr,load
4407,116,54,64,ptr,load
4408,116,55,64,ptr,load
4409,116,56,64,ptr,load
4410,116,57,64,ptr,load
4411,116,58,64,ptr,load
4412,116,59,64,ptr,load
4413,116,60,64,ptr,load
4414,116,61,64,ptr,load
4415,116,62,64,ptr,load
4416,116,63,64,ptr,load
4417,117,0,64,ptr,getelementptr
4418,117,1,64,ptr,getelementptr
4419,117,2,64,ptr,getelementptr
4420,117,3,64,ptr,getelementptr
4421,117,4,64,ptr,getelementptr
4422,117,5,64,ptr,getelementptr
4423,117,6,64,ptr,getelementptr
4424,117,7,64,ptr,getelementptr
4425,117,8,64,ptr,getelementptr
4426,117,9,64,ptr,getelementptr
4427,117,10,64,ptr,getelementptr
4428,117,11,64,ptr,getelementptr
4429,117,12,64,ptr,getelementptr
4430,117,13,64,ptr,getelementptr
4431,117,14,64,ptr,getelementptr
4432,117,15,64,ptr,getelementptr
4433,117,16,64,ptr,getelementptr
4434,117,17,64,ptr,getelementptr
4435,117,18,64,ptr,getelementptr
4436,117,19,64,ptr,getelementptr
4437,117,20,64,ptr,getelementptr
4438,117,21,64,ptr,getelementptr
4439,117,22,64,ptr,getelementptr
4440,117,23,64,ptr,getelementptr
4441,117,24,64,ptr,getelementptr
4442,117,25,64,ptr,getelementptr
4443,117,26,64,ptr,getelementptr
4444,117,27,64,ptr,getelementptr
4445,117,28,64,ptr,getelementptr
4446,117,29,64,ptr,getelementptr
4447,117,30,64,ptr,getelementptr
4448,117,31,64,ptr,getelementptr
4449,117,32,64,ptr,getelementptr
4450,117,33,64,ptr,getelementptr
4451,117,34,64,ptr,getelementptr
4452,117,35,64,ptr,getelementptr
4453,117,36,64,ptr,getelementptr
4454,117,37,64,ptr,getelementptr
4455,117,38,64,ptr,getelementptr
4456,117,39,64,ptr,getelementptr
4457,117,40,64,ptr,getelementptr
4458,117,41,64,ptr,getelementptr
4459,117,42,64,ptr,getelementptr
4460,117,43,64,ptr,getelementptr
4461,117,44,64,ptr,getelementptr
4462,117,45,64,ptr,getelementptr
4463,117,46,64,ptr,getelementptr
4464,117,47,64,ptr,getelementptr
4465,117,48,64,ptr,getelementptr
4466,117,49,64,ptr,getelementptr
4467,117,50,64,ptr,getelementptr
4468,117,51,64,ptr,getelementptr
4469,117,52,64,ptr,getelementptr
4470,117,53,64,ptr,getelementptr
4471,117,54,64,ptr,getelementptr
4472,117,55,64,ptr,getelementptr
4473,117,56,64,ptr,getelementptr
4474,117,57,64,ptr,getelementptr
4475,117,58,64,ptr,getelementptr
4476,117,59,64,ptr,getelementptr
4477,117,60,64,ptr,getelementptr
4478,117,61,64,ptr,getelementptr
4479,117,62,64,ptr,getelementptr
4480,117,63,64,ptr,getelementptr
4481,118,0,64,ptr,load
4482,118,1,64,ptr,load
4483,118,2,64,ptr,load
4484,118,3,64,ptr,load
4485,118,4,64,ptr,load
4486,118,5,64,ptr,load
4487,118,6,64,ptr,load
4488,118,7,64,ptr,load
4489,118,8,64,ptr,load
4490,118,9,64,ptr,load
4491,118,10,64,ptr,load
4492,118,11,64,ptr,load
4493,118,12,64,ptr,load
4494,118,13,64,ptr,load
4495,118,14,64,ptr,load
4496,118,15,64,ptr,load
4497,118,16,64,ptr,load
4498,118,17,64,ptr,load
4499,118,18,64,ptr,load
4500,118,19,64,ptr,load
4501,118,20,64,ptr,load
4502,118,21,64,ptr,load
4503,118,22,64,ptr,load
4504,118,23,64,ptr,load
4505,118,24,64,ptr,load
4506,118,25,64,ptr,load
4507,118,26,64,ptr,load
4508,118,27,64,ptr,load
4509,118,28,64,ptr,load
4510,118,29,64,ptr,load
4511,118,30,64,ptr,load
4512,118,31,64,ptr,load
4513,118,32,64,ptr,load
4514,118,33,64,ptr,load
4515,118,34,64,ptr,load
4516,118,35,64,ptr,load
4517,118,36,64,ptr,load
4518,118,37,64,ptr,load
4519,118,38,64,ptr,load
4520,118,39,64,ptr,load
4521,118,40,64,ptr,load
4522,118,41,64,ptr,load
4523,118,42,64,ptr,load
4524,118,43,64,ptr,load
4525,118,44,64,ptr,load
4526,118,45,64,ptr,load
4527,118,46,64,ptr,load
4528,118,47,64,ptr,load
4529,118,48,64,ptr,load
4530,118,49,64,ptr,load
4531,118,50,64,ptr,load
4532,118,51,64,ptr,load
4533,118,52,64,ptr,load
4534,118,53,64,ptr,load
4535,118,54,64,ptr,load
4536,118,55,64,ptr,load
4537,118,56,64,ptr,load
4538,118,57,64,ptr,load
4539,118,58,64,ptr,load
4540,118,59,64,ptr,load
4541,118,60,64,ptr,load
4542,118,61,64,ptr,load
4543,118,62,64,ptr,load
4544,118,63,64,ptr,load
4545,119,0,64,ptr,load
4546,119,1,64,ptr,load
4547,119,2,64,ptr,load
4548,119,3,64,ptr,load
4549,119,4,64,ptr,load
4550,119,5,64,ptr,load
4551,119,6,64,ptr,load
4552,119,7,64,ptr,load
4553,119,8,64,ptr,load
4554,119,9,64,ptr,load
4555,119,10,64,ptr,load
4556,119,11,64,ptr,load
4557,119,12,64,ptr,load
4558,119,13,64,ptr,load
4559,119,14,64,ptr,load
4560,119,15,64,ptr,load
4561,119,16,64,ptr,load
4562,119,17,64,ptr,load
4563,119,18,64,ptr,load
4564,119,19,64,ptr,load
4565,119,20,64,ptr,load
4566,119,21,64,ptr,load
4567,119,22,64,ptr,load
4568,119,23,64,ptr,load
4569,119,24,64,ptr,load
4570,119,25,64,ptr,load
4571,119,26,64,ptr,load
4572,119,27,64,ptr,load
4573,119,28,64,ptr,load
4574,119,29,64,ptr,load
4575,119,30,64,ptr,load
4576,119,31,64,ptr,load
4577,119,32,64,ptr,load
4578,119,33,64,ptr,load
4579,119,34,64,ptr,load
4580,119,35,64,ptr,load
4581,119,36,64,ptr,load
4582,119,37,64,ptr,load
4583,119,38,64,ptr,load
4584,119,39,64,ptr,load
4585,119,40,64,ptr,load
4586,119,41,64,ptr,load
4587,119,42,64,ptr,load
4588,119,43,64,ptr,load
4589,119,44,64,ptr,load
4590,119,45,64,ptr,load
4591,119,46,64,ptr,load
4592,119,47,64,ptr,load
4593,119,48,64,ptr,load
4594,119,49,64,ptr,load
4595,119,50,64,ptr,load
4596,119,51,64,ptr,load
4597,119,52,64,ptr,load
4598,119,53,64,ptr,load
4599,119,54,64,ptr,load
4600,119,55,64,ptr,load
4601,119,56,64,ptr,load
4602,119,57,64,ptr,load
4603,119,58,64,ptr,load
4604,119,59,64,ptr,load
4605,119,60,64,ptr,load
4606,119,61,64,ptr,load
4607,119,62,64,ptr,load
4608,119,63,64,ptr,load
4609,120,0,64,ptr,getelementptr
4610,120,1,64,ptr,getelementptr
4611,120,2,64,ptr,getelementptr
4612,120,3,64,ptr,getelementptr
4613,120,4,64,ptr,getelementptr
4614,120,5,64,ptr,getelementptr
4615,120,6,64,ptr,getelementptr
4616,120,7,64,ptr,getelementptr
4617,120,8,64,ptr,getelementptr
4618,120,9,64,ptr,getelementptr
4619,120,10,64,ptr,getelementptr
4620,120,11,64,ptr,getelementptr
4621,120,12,64,ptr,getelementptr
4622,120,13,64,ptr,getelementptr
4623,120,14,64,ptr,getelementptr
4624,120,15,64,ptr,getelementptr
4625,120,16,64,ptr,getelementptr
4626,120,17,64,ptr,getelementptr
4627,120,18,64,ptr,getelementptr
4628,120,19,64,ptr,getelementptr
4629,120,20,64,ptr,getelementptr
4630,120,21,64,ptr,getelementptr
4631,120,22,64,ptr,getelementptr
4632,120,23,64,ptr,getelementptr
4633,120,24,64,ptr,getelementptr
4634,120,25,64,ptr,getelementptr
4635,120,26,64,ptr,getelementptr
4636,120,27,64,ptr,getelementptr
4637,120,28,64,ptr,getelementptr
4638,120,29,64,ptr,getelementptr
4639,120,30,64,ptr,getelementptr
4640,120,31,64,ptr,getelementptr
4641,120,32,64,ptr,getelementptr
4642,120,33,64,ptr,getelementptr
4643,120,34,64,ptr,getelementptr
4644,120,35,64,ptr,getelementptr
4645,120,36,64,ptr,getelementptr
4646,120,37,64,ptr,getelementptr
4647,120,38,64,ptr,getelementptr
4648,120,39,64,ptr,getelementptr
4649,120,40,64,ptr,getelementptr
4650,120,41,64,ptr,getelementptr
4651,120,42,64,ptr,getelementptr
4652,120,43,64,ptr,getelementptr
4653,120,44,64,ptr,getelementptr
4654,120,45,64,ptr,getelementptr
4655,120,46,64,ptr,getelementptr
4656,120,47,64,ptr,getelementptr
4657,120,48,64,ptr,getelementptr
4658,120,49,64,ptr,getelementptr
4659,120,50,64,ptr,getelementptr
4660,120,51,64,ptr,getelementptr
4661,120,52,64,ptr,getelementptr
4662,120,53,64,ptr,getelementptr
4663,120,54,64,ptr,getelementptr
4664,120,55,64,ptr,getelementptr
4665,120,56,64,ptr,getelementptr
4666,120,57,64,ptr,getelementptr
4667,120,58,64,ptr,getelementptr
4668,120,59,64,ptr,getelementptr
4669,120,60,64,ptr,getelementptr
4670,120,61,64,ptr,getelementptr
4671,120,62,64,ptr,getelementptr
4672,120,63,64,ptr,getelementptr
4673,121,0,64,ptr,load
4674,121,1,64,ptr,load
4675,121,2,64,ptr,load
4676,121,3,64,ptr,load
4677,121,4,64,ptr,load
4678,121,5,64,ptr,load
4679,121,6,64,ptr,load
4680,121,7,64,ptr,load
4681,121,8,64,ptr,load
4682,121,9,64,ptr,load
4683,121,10,64,ptr,load
4684,121,11,64,ptr,load
4685,121,12,64,ptr,load
4686,121,13,64,ptr,load
4687,121,14,64,ptr,load
4688,121,15,64,ptr,load
4689,121,16,64,ptr,load
4690,121,17,64,ptr,load
4691,121,18,64,ptr,load
4692,121,19,64,ptr,load
4693,121,20,64,ptr,load
4694,121,21,64,ptr,load
4695,121,22,64,ptr,load
4696,121,23,64,ptr,load
4697,121,24,64,ptr,load
4698,121,25,64,ptr,load
4699,121,26,64,ptr,load
4700,121,27,64,ptr,load
4701,121,28,64,ptr,load
4702,121,29,64,ptr,load
4703,121,30,64,ptr,load
4704,121,31,64,ptr,load
4705,121,32,64,ptr,load
4706,121,33,64,ptr,load
4707,121,34,64,ptr,load
4708,121,35,64,ptr,load
4709,121,36,64,ptr,load
4710,121,37,64,ptr,load
4711,121,38,64,ptr,load
4712,121,39,64,ptr,load
4713,121,40,64,ptr,load
4714,121,41,64,ptr,load
4715,121,42,64,ptr,load
4716,121,43,64,ptr,load
4717,121,44,64,ptr,load
4718,121,45,64,ptr,load
4719,121,46,64,ptr,load
4720,121,47,64,ptr,load
4721,121,48,64,ptr,load
4722,121,49,64,ptr,load
4723,121,50,64,ptr,load
4724,121,51,64,ptr,load
4725,121,52,64,ptr,load
4726,121,53,64,ptr,load
4727,121,54,64,ptr,load
4728,121,55,64,ptr,load
4729,121,56,64,ptr,load
4730,121,57,64,ptr,load
4731,121,58,64,ptr,load
4732,121,59,64,ptr,load
4733,121,60,64,ptr,load
4734,121,61,64,ptr,load
4735,121,62,64,ptr,load
4736,121,63,64,ptr,load
4737,122,0,64,ptr,getelementptr
4738,122,1,64,ptr,getelementptr
4739,122,2,64,ptr,getelementptr
4740,122,3,64,ptr,getelementptr
4741,122,4,64,ptr,getelementptr
4742,122,5,64,ptr,getelementptr
4743,122,6,64,ptr,getelementptr
4744,122,7,64,ptr,getelementptr
4745,122,8,64,ptr,getelementptr
4746,122,9,64,ptr,getelementptr
4747,122,10,64,ptr,getelementptr
4748,122,11,64,ptr,getelementptr
4749,122,12,64,ptr,getelementptr
4750,122,13,64,ptr,getelementptr
4751,122,14,64,ptr,getelementptr
4752,122,15,64,ptr,getelementptr
4753,122,16,64,ptr,getelementptr
4754,122,17,64,ptr,getelementptr
4755,122,18,64,ptr,getelementptr
4756,122,19,64,ptr,getelementptr
4757,122,20,64,ptr,getelementptr
4758,122,21,64,ptr,getelementptr
4759,122,22,64,ptr,getelementptr
4760,122,23,64,ptr,getelementptr
4761,122,24,64,ptr,getelementptr
4762,122,25,64,ptr,getelementptr
4763,122,26,64,ptr,getelementptr
4764,122,27,64,ptr,getelementptr
4765,122,28,64,ptr,getelementptr
4766,122,29,64,ptr,getelementptr
4767,122,30,64,ptr,getelementptr
4768,122,31,64,ptr,getelementptr
4769,122,32,64,ptr,getelementptr
4770,122,33,64,ptr,getelementptr
4771,122,34,64,ptr,getelementptr
4772,122,35,64,ptr,getelementptr
4773,122,36,64,ptr,getelementptr
4774,122,37,64,ptr,getelementptr
4775,122,38,64,ptr,getelementptr
4776,122,39,64,ptr,getelementptr
4777,122,40,64,ptr,getelementptr
4778,122,41,64,ptr,getelementptr
4779,122,42,64,ptr,getelementptr
4780,122,43,64,ptr,getelementptr
4781,122,44,64,ptr,getelementptr
4782,122,45,64,ptr,getelementptr
4783,122,46,64,ptr,getelementptr
4784,122,47,64,ptr,getelementptr
4785,122,48,64,ptr,getelementptr
4786,122,49,64,ptr,getelementptr
4787,122,50,64,ptr,getelementptr
4788,122,51,64,ptr,getelementptr
4789,122,52,64,ptr,getelementptr
4790,122,53,64,ptr,getelementptr
4791,122,54,64,ptr,getelementptr
4792,122,55,64,ptr,getelementptr
4793,122,56,64,ptr,getelementptr
4794,122,57,64,ptr,getelementptr
4795,122,58,64,ptr,getelementptr
4796,122,59,64,ptr,getelementptr
4797,122,60,64,ptr,getelementptr
4798,122,61,64,ptr,getelementptr
4799,122,62,64,ptr,getelementptr
4800,122,63,64,ptr,getelementptr
4801,123,0,64,ptr,load
4802,123,1,64,ptr,load
4803,123,2,64,ptr,load
4804,123,3,64,ptr,load
4805,123,4,64,ptr,load
4806,123,5,64,ptr,load
4807,123,6,64,ptr,load
4808,123,7,64,ptr,load
4809,123,8,64,ptr,load
4810,123,9,64,ptr,load
4811,123,10,64,ptr,load
4812,123,11,64,ptr,load
4813,123,12,64,ptr,load
4814,123,13,64,ptr,load
4815,123,14,64,ptr,load
4816,123,15,64,ptr,load
4817,123,16,64,ptr,load
4818,123,17,64,ptr,load
4819,123,18,64,ptr,load
4820,123,19,64,ptr,load
4821,123,20,64,ptr,load
4822,123,21,64,ptr,load
4823,123,22,64,ptr,load
4824,123,23,64,ptr,load
4825,123,24,64,ptr,load
4826,123,25,64,ptr,load
4827,123,26,64,ptr,load
4828,123,27,64,ptr,load
4829,123,28,64,ptr,load
4830,123,29,64,ptr,load
4831,123,30,64,ptr,load
4832,123,31,64,ptr,load
4833,123,32,64,ptr,load
4834,123,33,64,ptr,load
4835,123,34,64,ptr,load
4836,123,35,64,ptr,load
4837,123,36,64,ptr,load
4838,123,37,64,ptr,load
4839,123,38,64,ptr,load
4840,123,39,64,ptr,load
4841,123,40,64,ptr,load
4842,123,41,64,ptr,load
4843,123,42,64,ptr,load
4844,123,43,64,ptr,load
4845,123,44,64,ptr,load
4846,123,45,64,ptr,load
4847,123,46,64,ptr,load
4848,123,47,64,ptr,load
4849,123,48,64,ptr,load
4850,123,49,64,ptr,load
4851,123,50,64,ptr,load
4852,123,51,64,ptr,load
4853,123,52,64,ptr,load
4854,123,53,64,ptr,load
4855,123,54,64,ptr,load
4856,123,55,64,ptr,load
4857,123,56,64,ptr,load
4858,123,57,64,ptr,load
4859,123,58,64,ptr,load
4860,123,59,64,ptr,load
4861,123,60,64,ptr,load
4862,123,61,64,ptr,load
4863,123,62,64,ptr,load
4864,123,63,64,ptr,load
4865,124,0,64,ptr,load
4866,124,1,64,ptr,load
4867,124,2,64,ptr,load
4868,124,3,64,ptr,load
4869,124,4,64,ptr,load
4870,124,5,64,ptr,load
4871,124,6,64,ptr,load
4872,124,7,64,ptr,load
4873,124,8,64,ptr,load
4874,124,9,64,ptr,load
4875,124,10,64,ptr,load
4876,124,11,64,ptr,load
4877,124,12,64,ptr,load
4878,124,13,64,ptr,load
4879,124,14,64,ptr,load
4880,124,15,64,ptr,load
4881,124,16,64,ptr,load
4882,124,17,64,ptr,load
4883,124,18,64,ptr,load
4884,124,19,64,ptr,load
4885,124,20,64,ptr,load
4886,124,21,64,ptr,load
4887,124,22,64,ptr,load
4888,124,23,64,ptr,load
4889,124,24,64,ptr,load
4890,124,25,64,ptr,load
4891,124,26,64,ptr,load
4892,124,27,64,ptr,load
4893,124,28,64,ptr,load
4894,124,29,64,ptr,load
4895,124,30,64,ptr,load
4896,124,31,64,ptr,load
4897,124,32,64,ptr,load
4898,124,33,64,ptr,load
4899,124,34,64,ptr,load
4900,124,35,64,ptr,load
4901,124,36,64,ptr,load
4902,124,37,64,ptr,load
4903,124,38,64,ptr,load
4904,124,39,64,ptr,load
4905,124,40,64,ptr,load
4906,124,41,64,ptr,load
4907,124,42,64,ptr,load
4908,124,43,64,ptr,load
4909,124,44,64,ptr,load
4910,124,45,64,ptr,load
4911,124,46,64,ptr,load
4912,124,47,64,ptr,load
4913,124,48,64,ptr,load
4914,124,49,64,ptr,load
4915,124,50,64,ptr,load
4916,124,51,64,ptr,load
4917,124,52,64,ptr,load
4918,124,53,64,ptr,load
4919,124,54,64,ptr,load
4920,124,55,64,ptr,load
4921,124,56,64,ptr,load
4922,124,57,64,ptr,load
4923,124,58,64,ptr,load
4924,124,59,64,ptr,load
4925,124,60,64,ptr,load
4926,124,61,64,ptr,load
4927,124,62,64,ptr,load
4928,124,63,64,ptr,load
4929,125,0,64,ptr,getelementptr
4930,125,1,64,ptr,getelementptr
4931,125,2,64,ptr,getelementptr
4932,125,3,64,ptr,getelementptr
4933,125,4,64,ptr,getelementptr
4934,125,5,64,ptr,getelementptr
4935,125,6,64,ptr,getelementptr
4936,125,7,64,ptr,getelementptr
4937,125,8,64,ptr,getelementptr
4938,125,9,64,ptr,getelementptr
4939,125,10,64,ptr,getelementptr
4940,125,11,64,ptr,getelementptr
4941,125,12,64,ptr,getelementptr
4942,125,13,64,ptr,getelementptr
4943,125,14,64,ptr,getelementptr
4944,125,15,64,ptr,getelementptr
4945,125,16,64,ptr,getelementptr
4946,125,17,64,ptr,getelementptr
4947,125,18,64,ptr,getelementptr
4948,125,19,64,ptr,getelementptr
4949,125,20,64,ptr,getelementptr
4950,125,21,64,ptr,getelementptr
4951,125,22,64,ptr,getelementptr
4952,125,23,64,ptr,getelementptr
4953,125,24,64,ptr,getelementptr
4954,125,25,64,ptr,getelementptr
4955,125,26,64,ptr,getelementptr
4956,125,27,64,ptr,getelementptr
4957,125,28,64,ptr,getelementptr
4958,125,29,64,ptr,getelementptr
4959,125,30,64,ptr,getelementptr
4960,125,31,64,ptr,getelementptr
4961,125,32,64,ptr,getelementptr
4962,125,33,64,ptr,getelementptr
4963,125,34,64,ptr,getelementptr
4964,125,35,64,ptr,getelementptr
4965,125,36,64,ptr,getelementptr
4966,125,37,64,ptr,getelementptr
4967,125,38,64,ptr,getelementptr
4968,125,39,64,ptr,getelementptr
4969,125,40,64,ptr,getelementptr
4970,125,41,64,ptr,getelementptr
4971,125,42,64,ptr,getelementptr
4972,125,43,64,ptr,getelementptr
4973,125,44,64,ptr,getelementptr
4974,125,45,64,ptr,getelementptr
4975,125,46,64,ptr,getelementptr
4976,125,47,64,ptr,getelementptr
4977,125,48,64,ptr,getelementptr
4978,125,49,64,ptr,getelementptr
4979,125,50,64,ptr,getelementptr
4980,125,51,64,ptr,getelementptr
4981,125,52,64,ptr,getelementptr
4982,125,53,64,ptr,getelementptr
4983,125,54,64,ptr,getelementptr
4984,125,55,64,ptr,getelementptr
4985,125,56,64,ptr,getelementptr
4986,125,57,64,ptr,getelementptr
4987,125,58,64,ptr,getelementptr
4988,125,59,64,ptr,getelementptr
4989,125,60,64,ptr,getelementptr
4990,125,61,64,ptr,getelementptr
4991,125,62,64,ptr,getelementptr
4992,125,63,64,ptr,getelementptr
4993,126,0,64,ptr,load
4994,126,1,64,ptr,load
4995,126,2,64,ptr,load
4996,126,3,64,ptr,load
4997,126,4,64,ptr,load
4998,126,5,64,ptr,load
4999,126,6,64,ptr,load
5000,126,7,64,ptr,load
5001,126,8,64,ptr,load
5002,126,9,64,ptr,load
5003,126,10,64,ptr,load
5004,126,11,64,ptr,load
5005,126,12,64,ptr,load
5006,126,13,64,ptr,load
5007,126,14,64,ptr,load
5008,126,15,64,ptr,load
5009,126,16,64,ptr,load
5010,126,17,64,ptr,load
5011,126,18,64,ptr,load
5012,126,19,64,ptr,load
5013,126,20,64,ptr,load
5014,126,21,64,ptr,load
5015,126,22,64,ptr,load
5016,126,23,64,ptr,load
5017,126,24,64,ptr,load
5018,126,25,64,ptr,load
5019,126,26,64,ptr,load
5020,126,27,64,ptr,load
5021,126,28,64,ptr,load
5022,126,29,64,ptr,load
5023,126,30,64,ptr,load
5024,126,31,64,ptr,load
5025,126,32,64,ptr,load
5026,126,33,64,ptr,load
5027,126,34,64,ptr,load
5028,126,35,64,ptr,load
5029,126,36,64,ptr,load
5030,126,37,64,ptr,load
5031,126,38,64,ptr,load
5032,126,39,64,ptr,load
5033,126,40,64,ptr,load
5034,126,41,64,ptr,load
5035,126,42,64,ptr,load
5036,126,43,64,ptr,load
5037,126,44,64,ptr,load
5038,126,45,64,ptr,load
5039,126,46,64,ptr,load
5040,126,47,64,ptr,load
5041,126,48,64,ptr,load
5042,126,49,64,ptr,load
5043,126,50,64,ptr,load
5044,126,51,64,ptr,load
5045,126,52,64,ptr,load
5046,126,53,64,ptr,load
5047,126,54,64,ptr,load
5048,126,55,64,ptr,load
5049,126,56,64,ptr,load
5050,126,57,64,ptr,load
5051,126,58,64,ptr,load
5052,126,59,64,ptr,load
5053,126,60,64,ptr,load
5054,126,61,64,ptr,load
5055,126,62,64,ptr,load
5056,126,63,64,ptr,load
5057,127,0,64,ptr,load
5058,127,1,64,ptr,load
5059,127,2,64,ptr,load
5060,127,3,64,ptr,load
5061,127,4,64,ptr,load
5062,127,5,64,ptr,load
5063,127,6,64,ptr,load
5064,127,7,64,ptr,load
5065,127,8,64,ptr,load
5066,127,9,64,ptr,load
5067,127,10,64,ptr,load
5068,127,11,64,ptr,load
5069,127,12,64,ptr,load
5070,127,13,64,ptr,load
5071,127,14,64,ptr,load
5072,127,15,64,ptr,load
5073,127,16,64,ptr,load
5074,127,17,64,ptr,load
5075,127,18,64,ptr,load
5076,127,19,64,ptr,load
5077,127,20,64,ptr,load
5078,127,21,64,ptr,load
5079,127,22,64,ptr,load
5080,127,23,64,ptr,load
5081,127,24,64,ptr,load
5082,127,25,64,ptr,load
5083,127,26,64,ptr,load
5084,127,27,64,ptr,load
5085,127,28,64,ptr,load
5086,127,29,64,ptr,load
5087,127,30,64,ptr,load
5088,127,31,64,ptr,load
5089,127,32,64,ptr,load
5090,127,33,64,ptr,load
5091,127,34,64,ptr,load
5092,127,35,64,ptr,load
5093,127,36,64,ptr,load
5094,127,37,64,ptr,load
5095,127,38,64,ptr,load
5096,127,39,64,ptr,load
5097,127,40,64,ptr,load
5098,127,41,64,ptr,load
5099,127,42,64,ptr,load
5100,127,43,64,ptr,load
5101,127,44,64,ptr,load
5102,127,45,64,ptr,load
5103,127,46,64,ptr,load
5104,127,47,64,ptr,load
5105,127,48,64,ptr,load
5106,127,49,64,ptr,load
5107,127,50,64,ptr,load
5108,127,51,64,ptr,load
5109,127,52,64,ptr,load
5110,127,53,64,ptr,load
5111,127,54,64,ptr,load
5112,127,55,64,ptr,load
5113,127,56,64,ptr,load
5114,127,57,64,ptr,load
5115,127,58,64,ptr,load
5116,127,59,64,ptr,load
5117,127,60,64,ptr,load
5118,127,61,64,ptr,load
5119,127,62,64,ptr,load
5120,127,63,64,ptr,load
5121,129,0,64,ptr,load
5122,129,1,64,ptr,load
5123,129,2,64,ptr,load
5124,129,3,64,ptr,load
5125,129,4,64,ptr,load
5126,129,5,64,ptr,load
5127,129,6,64,ptr,load
5128,129,7,64,ptr,load
5129,129,8,64,ptr,load
5130,129,9,64,ptr,load
5131,129,10,64,ptr,load
5132,129,11,64,ptr,load
5133,129,12,64,ptr,load
5134,129,13,64,ptr,load
5135,129,14,64,ptr,load
5136,129,15,64,ptr,load
5137,129,16,64,ptr,load
5138,129,17,64,ptr,load
5139,129,18,64,ptr,load
5140,129,19,64,ptr,load
5141,129,20,64,ptr,load
5142,129,21,64,ptr,load
5143,129,22,64,ptr,load
5144,129,23,64,ptr,load
5145,129,24,64,ptr,load
5146,129,25,64,ptr,load
5147,129,26,64,ptr,load
5148,129,27,64,ptr,load
5149,129,28,64,ptr,load
5150,129,29,64,ptr,load
5151,129,30,64,ptr,load
5152,129,31,64,ptr,load
5153,129,32,64,ptr,load
5154,129,33,64,ptr,load
5155,129,34,64,ptr,load
5156,129,35,64,ptr,load
5157,129,36,64,ptr,load
5158,129,37,64,ptr,load
5159,129,38,64,ptr,load
5160,129,39,64,ptr,load
5161,129,40,64,ptr,load
5162,129,41,64,ptr,load
5163,129,42,64,ptr,load
5164,129,43,64,ptr,load
5165,129,44,64,ptr,load
5166,129,45,64,ptr,load
5167,129,46,64,ptr,load
5168,129,47,64,ptr,load
5169,129,48,64,ptr,load
5170,129,49,64,ptr,load
5171,129,50,64,ptr,load
5172,129,51,64,ptr,load
5173,129,52,64,ptr,load
5174,129,53,64,ptr,load
5175,129,54,64,ptr,load
5176,129,55,64,ptr,load
5177,129,56,64,ptr,load
5178,129,57,64,ptr,load
5179,129,58,64,ptr,load
5180,129,59,64,ptr,load
5181,129,60,64,ptr,load
5182,129,61,64,ptr,load
5183,129,62,64,ptr,load
5184,129,63,64,ptr,load
5185,131,0,64,ptr,load
5186,131,1,64,ptr,load
5187,131,2,64,ptr,load
5188,131,3,64,ptr,load
5189,131,4,64,ptr,load
5190,131,5,64,ptr,load
5191,131,6,64,ptr,load
5192,131,7,64,ptr,load
5193,131,8,64,ptr,load
5194,131,9,64,ptr,load
5195,131,10,64,ptr,load
5196,131,11,64,ptr,load
5197,131,12,64,ptr,load
5198,131,13,64,ptr,load
5199,131,14,64,ptr,load
5200,131,15,64,ptr,load
5201,131,16,64,ptr,load
5202,131,17,64,ptr,load
5203,131,18,64,ptr,load
5204,131,19,64,ptr,load
5205,131,20,64,ptr,load
5206,131,21,64,ptr,load
5207,131,22,64,ptr,load
5208,131,23,64,ptr,load
5209,131,24,64,ptr,load
5210,131,25,64,ptr,load
5211,131,26,64,ptr,load
5212,131,27,64,ptr,load
5213,131,28,64,ptr,load
5214,131,29,64,ptr,load
5215,131,30,64,ptr,load
5216,131,31,64,ptr,load
5217,131,32,64,ptr,load
5218,131,33,64,ptr,load
5219,131,34,64,ptr,load
5220,131,35,64,ptr,load
5221,131,36,64,ptr,load
5222,131,37,64,ptr,load
5223,131,38,64,ptr,load
5224,131,39,64,ptr,load
5225,131,40,64,ptr,load
5226,131,41,64,ptr,load
5227,131,42,64,ptr,load
5228,131,43,64,ptr,load
5229,131,44,64,ptr,load
5230,131,45,64,ptr,load
5231,131,46,64,ptr,load
5232,131,47,64,ptr,load
5233,131,48,64,ptr,load
5234,131,49,64,ptr,load
5235,131,50,64,ptr,load
5236,131,51,64,ptr,load
5237,131,52,64,ptr,load
5238,131,53,64,ptr,load
5239,131,54,64,ptr,load
5240,131,55,64,ptr,load
5241,131,56,64,ptr,load
5242,131,57,64,ptr,load
5243,131,58,64,ptr,load
5244,131,59,64,ptr,load
5245,131,60,64,ptr,load
5246,131,61,64,ptr,load
5247,131,62,64,ptr,load
5248,131,63,64,ptr,load
5249,132,0,64,ptr,store
5250,132,1,64,ptr,store
5251,132,2,64,ptr,store
5252,132,3,64,ptr,store
5253,132,4,64,ptr,store
5254,132,5,64,ptr,store
5255,132,6,64,ptr,store
5256,132,7,64,ptr,store
5257,132,8,64,ptr,store
5258,132,9,64,ptr,store
5259,132,10,64,ptr,store
5260,132,11,64,ptr,store
5261,132,12,64,ptr,store
5262,132,13,64,ptr,store
5263,132,14,64,ptr,store
5264,132,15,64,ptr,store
5265,132,16,64,ptr,store
5266,132,17,64,ptr,store
5267,132,18,64,ptr,store
5268,132,19,64,ptr,store
5269,132,20,64,ptr,store
5270,132,21,64,ptr,store
5271,132,22,64,ptr,store
5272,132,23,64,ptr,store
5273,132,24,64,ptr,store
5274,132,25,64,ptr,store
5275,132,26,64,ptr,store
5276,132,27,64,ptr,store
5277,132,28,64,ptr,store
5278,132,29,64,ptr,store
5279,132,30,64,ptr,store
5280,132,31,64,ptr,store
5281,132,32,64,ptr,store
5282,132,33,64,ptr,store
5283,132,34,64,ptr,store
5284,132,35,64,ptr,store
5285,132,36,64,ptr,store
5286,132,37,64,ptr,store
5287,132,38,64,ptr,store
5288,132,39,64,ptr,store
5289,132,40,64,ptr,store
5290,132,41,64,ptr,store
5291,132,42,64,ptr,store
5292,132,43,64,ptr,store
5293,132,44,64,ptr,store
5294,132,45,64,ptr,store
5295,132,46,64,ptr,store
5296,132,47,64,ptr,store
5297,132,48,64,ptr,store
5298,132,49,64,ptr,store
5299,132,50,64,ptr,store
5300,132,51,64,ptr,store
5301,132,52,64,ptr,store
5302,132,53,64,ptr,store
5303,132,54,64,ptr,store
5304,132,55,64,ptr,store
5305,132,56,64,ptr,store
5306,132,57,64,ptr,store
5307,132,58,64,ptr,store
5308,132,59,64,ptr,store
5309,132,60,64,ptr,store
5310,132,61,64,ptr,store
5311,132,62,64,ptr,store
5312,132,63,64,ptr,store
5313,133,0,64,ptr,load
5314,133,1,64,ptr,load
5315,133,2,64,ptr,load
5316,133,3,64,ptr,load
5317,133,4,64,ptr,load
5318,133,5,64,ptr,load
5319,133,6,64,ptr,load
5320,133,7,64,ptr,load
5321,133,8,64,ptr,load
5322,133,9,64,ptr,load
5323,133,10,64,ptr,load
5324,133,11,64,ptr,load
5325,133,12,64,ptr,load
5326,133,13,64,ptr,load
5327,133,14,64,ptr,load
5328,133,15,64,ptr,load
5329,133,16,64,ptr,load
5330,133,17,64,ptr,load
5331,133,18,64,ptr,load
5332,133,19,64,ptr,load
5333,133,20,64,ptr,load
5334,133,21,64,ptr,load
5335,133,22,64,ptr,load
5336,133,23,64,ptr,load
5337,133,24,64,ptr,load
5338,133,25,64,ptr,load
5339,133,26,64,ptr,load
5340,133,27,64,ptr,load
5341,133,28,64,ptr,load
5342,133,29,64,ptr,load
5343,133,30,64,ptr,load
5344,133,31,64,ptr,load
5345,133,32,64,ptr,load
5346,133,33,64,ptr,load
5347,133,34,64,ptr,load
5348,133,35,64,ptr,load
5349,133,36,64,ptr,load
5350,133,37,64,ptr,load
5351,133,38,64,ptr,load
5352,133,39,64,ptr,load
5353,133,40,64,ptr,load
5354,133,41,64,ptr,load
5355,133,42,64,ptr,load
5356,133,43,64,ptr,load
5357,133,44,64,ptr,load
5358,133,45,64,ptr,load
5359,133,46,64,ptr,load
5360,133,47,64,ptr,load
5361,133,48,64,ptr,load
5362,133,49,64,ptr,load
5363,133,50,64,ptr,load
5364,133,51,64,ptr,load
5365,133,52,64,ptr,load
5366,133,53,64,ptr,load
5367,133,54,64,ptr,load
5368,133,55,64,ptr,load
5369,133,56,64,ptr,load
5370,133,57,64,ptr,load
5371,133,58,64,ptr,load
5372,133,59,64,ptr,load
5373,133,60,64,ptr,load
5374,133,61,64,ptr,load
5375,133,62,64,ptr,load
5376,133,63,64,ptr,load
5377,134,0,64,ptr,store
5378,134,1,64,ptr,store
5379,134,2,64,ptr,store
5380,134,3,64,ptr,store
5381,134,4,64,ptr,store
5382,134,5,64,ptr,store
5383,134,6,64,ptr,store
5384,134,7,64,ptr,store
5385,134,8,64,ptr,store
5386,134,9,64,ptr,store
5387,134,10,64,ptr,store
5388,134,11,64,ptr,store
5389,134,12,64,ptr,store
5390,134,13,64,ptr,store
5391,134,14,64,ptr,store
5392,134,15,64,ptr,store
5393,134,16,64,ptr,store
5394,134,17,64,ptr,store
5395,134,18,64,ptr,store
5396,134,19,64,ptr,store
5397,134,20,64,ptr,store
5398,134,21,64,ptr,store
5399,134,22,64,ptr,store
5400,134,23,64,ptr,store
5401,134,24,64,ptr,store
5402,134,25,64,ptr,store
5403,134,26,64,ptr,store
5404,134,27,64,ptr,store
5405,134,28,64,ptr,store
5406,134,29,64,ptr,store
5407,134,30,64,ptr,store
5408,134,31,64,ptr,store
5409,134,32,64,ptr,store
5410,134,33,64,ptr,store
5411,134,34,64,ptr,store
5412,134,35,64,ptr,store
5413,134,36,64,ptr,store
5414,134,37,64,ptr,store
5415,134,38,64,ptr,store
5416,134,39,64,ptr,store
5417,134,40,64,ptr,store
5418,134,41,64,ptr,store
5419,134,42,64,ptr,store
5420,134,43,64,ptr,store
5421,134,44,64,ptr,store
5422,134,45,64,ptr,store
5423,134,46,64,ptr,store
5424,134,47,64,ptr,store
5425,134,48,64,ptr,store
5426,134,49,64,ptr,store
5427,134,50,64,ptr,store
5428,134,51,64,ptr,store
5429,134,52,64,ptr,store
5430,134,53,64,ptr,store
5431,134,54,64,ptr,store
5432,134,55,64,ptr,store
5433,134,56,64,ptr,store
5434,134,57,64,ptr,store
5435,134,58,64,ptr,store
5436,134,59,64,ptr,store
5437,134,60,64,ptr,store
5438,134,61,64,ptr,store
5439,134,62,64,ptr,store
5440,134,63,64,ptr,store
5441,135,0,64,ptr,load
5442,135,1,64,ptr,load
5443,135,2,64,ptr,load
5444,135,3,64,ptr,load
5445,135,4,64,ptr,load
5446,135,5,64,ptr,load
5447,135,6,64,ptr,load
5448,135,7,64,ptr,load
5449,135,8,64,ptr,load
5450,135,9,64,ptr,load
5451,135,10,64,ptr,load
5452,135,11,64,ptr,load
5453,135,12,64,ptr,load
5454,135,13,64,ptr,load
5455,135,14,64,ptr,load
5456,135,15,64,ptr,load
5457,135,16,64,ptr,load
5458,135,17,64,ptr,load
5459,135,18,64,ptr,load
5460,135,19,64,ptr,load
5461,135,20,64,ptr,load
5462,135,21,64,ptr,load
5463,135,22,64,ptr,load
5464,135,23,64,ptr,load
5465,135,24,64,ptr,load
5466,135,25,64,ptr,load
5467,135,26,64,ptr,load
5468,135,27,64,ptr,load
5469,135,28,64,ptr,load
5470,135,29,64,ptr,load
5471,135,30,64,ptr,load
5472,135,31,64,ptr,load
5473,135,32,64,ptr,load
5474,135,33,64,ptr,load
5475,135,34,64,ptr,load
5476,135,35,64,ptr,load
5477,135,36,64,ptr,load
5478,135,37,64,ptr,load
5479,135,38,64,ptr,load
5480,135,39,64,ptr,load
5481,135,40,64,ptr,load
5482,135,41,64,ptr,load
5483,135,42,64,ptr,load
5484,135,43,64,ptr,load
5485,135,44,64,ptr,load
5486,135,45,64,ptr,load
5487,135,46,64,ptr,load
5488,135,47,64,ptr,load
5489,135,48,64,ptr,load
5490,135,49,64,ptr,load
5491,135,50,64,ptr,load
5492,135,51,64,ptr,load
5493,135,52,64,ptr,load
5494,135,53,64,ptr,load
5495,135,54,64,ptr,load
5496,135,55,64,ptr,load
5497,135,56,64,ptr,load
5498,135,57,64,ptr,load
5499,135,58,64,ptr,load
5500,135,59,64,ptr,load
5501,135,60,64,ptr,load
5502,135,61,64,ptr,load
5503,135,62,64,ptr,load
5504,135,63,64,ptr,load
5505,136,0,64,ptr,store
5506,136,1,64,ptr,store
5507,136,2,64,ptr,store
5508,136,3,64,ptr,store
5509,136,4,64,ptr,store
5510,136,5,64,ptr,store
5511,136,6,64,ptr,store
5512,136,7,64,ptr,store
5513,136,8,64,ptr,store
5514,136,9,64,ptr,store
5515,136,10,64,ptr,store
5516,136,11,64,ptr,store
5517,136,12,64,ptr,store
5518,136,13,64,ptr,store
5519,136,14,64,ptr,store
5520,136,15,64,ptr,store
5521,136,16,64,ptr,store
5522,136,17,64,ptr,store
5523,136,18,64,ptr,store
5524,136,19,64,ptr,store
5525,136,20,64,ptr,store
5526,136,21,64,ptr,store
5527,136,22,64,ptr,store
5528,136,23,64,ptr,store
5529,136,24,64,ptr,store
5530,136,25,64,ptr,store
5531,136,26,64,ptr,store
5532,136,27,64,ptr,store
5533,136,28,64,ptr,store
5534,136,29,64,ptr,store
5535,136,30,64,ptr,store
5536,136,31,64,ptr,store
5537,136,32,64,ptr,store
5538,136,33,64,ptr,store
5539,136,34,64,ptr,store
5540,136,35,64,ptr,store
5541,136,36,64,ptr,store
5542,136,37,64,ptr,store
5543,136,38,64,ptr,store
5544,136,39,64,ptr,store
5545,136,40,64,ptr,store
5546,136,41,64,ptr,store
5547,136,42,64,ptr,store
5548,136,43,64,ptr,store
5549,136,44,64,ptr,store
5550,136,45,64,ptr,store
5551,136,46,64,ptr,store
5552,136,47,64,ptr,store
5553,136,48,64,ptr,store
5554,136,49,64,ptr,store
5555,136,50,64,ptr,store
5556,136,51,64,ptr,store
5557,136,52,64,ptr,store
5558,136,53,64,ptr,store
5559,136,54,64,ptr,store
5560,136,55,64,ptr,store
5561,136,56,64,ptr,store
5562,136,57,64,ptr,store
5563,136,58,64,ptr,store
5564,136,59,64,ptr,store
5565,136,60,64,ptr,store
5566,136,61,64,ptr,store
5567,136,62,64,ptr,store
5568,136,63,64,ptr,store
5569,137,0,64,ptr,load
5570,137,1,64,ptr,load
5571,137,2,64,ptr,load
5572,137,3,64,ptr,load
5573,137,4,64,ptr,load
5574,137,5,64,ptr,load
5575,137,6,64,ptr,load
5576,137,7,64,ptr,load
5577,137,8,64,ptr,load
5578,137,9,64,ptr,load
5579,137,10,64,ptr,load
5580,137,11,64,ptr,load
5581,137,12,64,ptr,load
5582,137,13,64,ptr,load
5583,137,14,64,ptr,load
5584,137,15,64,ptr,load
5585,137,16,64,ptr,load
5586,137,17,64,ptr,load
5587,137,18,64,ptr,load
5588,137,19,64,ptr,load
5589,137,20,64,ptr,load
5590,137,21,64,ptr,load
5591,137,22,64,ptr,load
5592,137,23,64,ptr,load
5593,137,24,64,ptr,load
5594,137,25,64,ptr,load
5595,137,26,64,ptr,load
5596,137,27,64,ptr,load
5597,137,28,64,ptr,load
5598,137,29,64,ptr,load
5599,137,30,64,ptr,load
5600,137,31,64,ptr,load
5601,137,32,64,ptr,load
5602,137,33,64,ptr,load
5603,137,34,64,ptr,load
5604,137,35,64,ptr,load
5605,137,36,64,ptr,load
5606,137,37,64,ptr,load
5607,137,38,64,ptr,load
5608,137,39,64,ptr,load
5609,137,40,64,ptr,load
5610,137,41,64,ptr,load
5611,137,42,64,ptr,load
5612,137,43,64,ptr,load
5613,137,44,64,ptr,load
5614,137,45,64,ptr,load
5615,137,46,64,ptr,load
5616,137,47,64,ptr,load
5617,137,48,64,ptr,load
5618,137,49,64,ptr,load
5619,137,50,64,ptr,load
5620,137,51,64,ptr,load
5621,137,52,64,ptr,load
5622,137,53,64,ptr,load
5623,137,54,64,ptr,load
5624,137,55,64,ptr,load
5625,137,56,64,ptr,load
5626,137,57,64,ptr,load
5627,137,58,64,ptr,load
5628,137,59,64,ptr,load
5629,137,60,64,ptr,load
5630,137,61,64,ptr,load
5631,137,62,64,ptr,load
5632,137,63,64,ptr,load
5633,138,0,64,ptr,store
5634,138,1,64,ptr,store
5635,138,2,64,ptr,store
5636,138,3,64,ptr,store
5637,138,4,64,ptr,store
5638,138,5,64,ptr,store
5639,138,6,64,ptr,store
5640,138,7,64,ptr,store
5641,138,8,64,ptr,store
5642,138,9,64,ptr,store
5643,138,10,64,ptr,store
5644,138,11,64,ptr,store
5645,138,12,64,ptr,store
5646,138,13,64,ptr,store
5647,138,14,64,ptr,store
5648,138,15,64,ptr,store
5649,138,16,64,ptr,store
5650,138,17,64,ptr,store
5651,138,18,64,ptr,store
5652,138,19,64,ptr,store
5653,138,20,64,ptr,store
5654,138,21,64,ptr,store
5655,138,22,64,ptr,store
5656,138,23,64,ptr,store
5657,138,24,64,ptr,store
5658,138,25,64,ptr,store
5659,138,26,64,ptr,store
5660,138,27,64,ptr,store
5661,138,28,64,ptr,store
5662,138,29,64,ptr,store
5663,138,30,64,ptr,store
5664,138,31,64,ptr,store
5665,138,32,64,ptr,store
5666,138,33,64,ptr,store
5667,138,34,64,ptr,store
5668,138,35,64,ptr,store
5669,138,36,64,ptr,store
5670,138,37,64,ptr,store
5671,138,38,64,ptr,store
5672,138,39,64,ptr,store
5673,138,40,64,ptr,store
5674,138,41,64,ptr,store
5675,138,42,64,ptr,store
5676,138,43,64,ptr,store
5677,138,44,64,ptr,store
5678,138,45,64,ptr,store
5679,138,46,64,ptr,store
5680,138,47,64,ptr,store
5681,138,48,64,ptr,store
5682,138,49,64,ptr,store
5683,138,50,64,ptr,store
5684,138,51,64,ptr,store
5685,138,52,64,ptr,store
5686,138,53,64,ptr,store
5687,138,54,64,ptr,store
5688,138,55,64,ptr,store
5689,138,56,64,ptr,store
5690,138,57,64,ptr,store
5691,138,58,64,ptr,store
5692,138,59,64,ptr,store
5693,138,60,64,ptr,store
5694,138,61,64,ptr,store
5695,138,62,64,ptr,store
5696,138,63,64,ptr,store
5697,139,0,64,ptr,store
5698,139,1,64,ptr,store
5699,139,2,64,ptr,store
5700,139,3,64,ptr,store
5701,139,4,64,ptr,store
5702,139,5,64,ptr,store
5703,139,6,64,ptr,store
5704,139,7,64,ptr,store
5705,139,8,64,ptr,store
5706,139,9,64,ptr,store
5707,139,10,64,ptr,store
5708,139,11,64,ptr,store
5709,139,12,64,ptr,store
5710,139,13,64,ptr,store
5711,139,14,64,ptr,store
5712,139,15,64,ptr,store
5713,139,16,64,ptr,store
5714,139,17,64,ptr,store
5715,139,18,64,ptr,store
5716,139,19,64,ptr,store
5717,139,20,64,ptr,store
5718,139,21,64,ptr,store
5719,139,22,64,ptr,store
5720,139,23,64,ptr,store
5721,139,24,64,ptr,store
5722,139,25,64,ptr,store
5723,139,26,64,ptr,store
5724,139,27,64,ptr,store
5725,139,28,64,ptr,store
5726,139,29,64,ptr,store
5727,139,30,64,ptr,store
5728,139,31,64,ptr,store
5729,139,32,64,ptr,store
5730,139,33,64,ptr,store
5731,139,34,64,ptr,store
5732,139,35,64,ptr,store
5733,139,36,64,ptr,store
5734,139,37,64,ptr,store
5735,139,38,64,ptr,store
5736,139,39,64,ptr,store
5737,139,40,64,ptr,store
5738,139,41,64,ptr,store
5739,139,42,64,ptr,store
5740,139,43,64,ptr,store
5741,139,44,64,ptr,store
5742,139,45,64,ptr,store
5743,139,46,64,ptr,store
5744,139,47,64,ptr,store
5745,139,48,64,ptr,store
5746,139,49,64,ptr,store
5747,139,50,64,ptr,store
5748,139,51,64,ptr,store
5749,139,52,64,ptr,store
5750,139,53,64,ptr,store
5751,139,54,64,ptr,store
5752,139,55,64,ptr,store
5753,139,56,64,ptr,store
5754,139,57,64,ptr,store
5755,139,58,64,ptr,store
5756,139,59,64,ptr,store
5757,139,60,64,ptr,store
5758,139,61,64,ptr,store
5759,139,62,64,ptr,store
5760,139,63,64,ptr,store
5761,140,0,64,ptr,load
5762,140,1,64,ptr,load
5763,140,2,64,ptr,load
5764,140,3,64,ptr,load
5765,140,4,64,ptr,load
5766,140,5,64,ptr,load
5767,140,6,64,ptr,load
5768,140,7,64,ptr,load
5769,140,8,64,ptr,load
5770,140,9,64,ptr,load
5771,140,10,64,ptr,load
5772,140,11,64,ptr,load
5773,140,12,64,ptr,load
5774,140,13,64,ptr,load
5775,140,14,64,ptr,load
5776,140,15,64,ptr,load
5777,140,16,64,ptr,load
5778,140,17,64,ptr,load
5779,140,18,64,ptr,load
5780,140,19,64,ptr,load
5781,140,20,64,ptr,load
5782,140,21,64,ptr,load
5783,140,22,64,ptr,load
5784,140,23,64,ptr,load
5785,140,24,64,ptr,load
5786,140,25,64,ptr,load
5787,140,26,64,ptr,load
5788,140,27,64,ptr,load
5789,140,28,64,ptr,load
5790,140,29,64,ptr,load
5791,140,30,64,ptr,load
5792,140,31,64,ptr,load
5793,140,32,64,ptr,load
5794,140,33,64,ptr,load
5795,140,34,64,ptr,load
5796,140,35,64,ptr,load
5797,140,36,64,ptr,load
5798,140,37,64,ptr,load
5799,140,38,64,ptr,load
5800,140,39,64,ptr,load
5801,140,40,64,ptr,load
5802,140,41,64,ptr,load
5803,140,42,64,ptr,load
5804,140,43,64,ptr,load
5805,140,44,64,ptr,load
5806,140,45,64,ptr,load
5807,140,46,64,ptr,load
5808,140,47,64,ptr,load
5809,140,48,64,ptr,load
5810,140,49,64,ptr,load
5811,140,50,64,ptr,load
5812,140,51,64,ptr,load
5813,140,52,64,ptr,load
5814,140,53,64,ptr,load
5815,140,54,64,ptr,load
5816,140,55,64,ptr,load
5817,140,56,64,ptr,load
5818,140,57,64,ptr,load
5819,140,58,64,ptr,load
5820,140,59,64,ptr,load
5821,140,60,64,ptr,load
5822,140,61,64,ptr,load
5823,140,62,64,ptr,load
5824,140,63,64,ptr,load
5825,141,0,64,ptr,store
5826,141,1,64,ptr,store
5827,141,2,64,ptr,store
5828,141,3,64,ptr,store
5829,141,4,64,ptr,store
5830,141,5,64,ptr,store
5831,141,6,64,ptr,store
5832,141,7,64,ptr,store
5833,141,8,64,ptr,store
5834,141,9,64,ptr,store
5835,141,10,64,ptr,store
5836,141,11,64,ptr,store
5837,141,12,64,ptr,store
5838,141,13,64,ptr,store
5839,141,14,64,ptr,store
5840,141,15,64,ptr,store
5841,141,16,64,ptr,store
5842,141,17,64,ptr,store
5843,141,18,64,ptr,store
5844,141,19,64,ptr,store
5845,141,20,64,ptr,store
5846,141,21,64,ptr,store
5847,141,22,64,ptr,store
5848,141,23,64,ptr,store
5849,141,24,64,ptr,store
5850,141,25,64,ptr,store
5851,141,26,64,ptr,store
5852,141,27,64,ptr,store
5853,141,28,64,ptr,store
5854,141,29,64,ptr,store
5855,141,30,64,ptr,store
5856,141,31,64,ptr,store
5857,141,32,64,ptr,store
5858,141,33,64,ptr,store
5859,141,34,64,ptr,store
5860,141,35,64,ptr,store
5861,141,36,64,ptr,store
5862,141,37,64,ptr,store
5863,141,38,64,ptr,store
5864,141,39,64,ptr,store
5865,141,40,64,ptr,store
5866,141,41,64,ptr,store
5867,141,42,64,ptr,store
5868,141,43,64,ptr,store
5869,141,44,64,ptr,store
5870,141,45,64,ptr,store
5871,141,46,64,ptr,store
5872,141,47,64,ptr,store
5873,141,48,64,ptr,store
5874,141,49,64,ptr,store
5875,141,50,64,ptr,store
5876,141,51,64,ptr,store
5877,141,52,64,ptr,store
5878,141,53,64,ptr,store
5879,141,54,64,ptr,store
5880,141,55,64,ptr,store
5881,141,56,64,ptr,store
5882,141,57,64,ptr,store
5883,141,58,64,ptr,store
5884,141,59,64,ptr,store
5885,141,60,64,ptr,store
5886,141,61,64,ptr,store
5887,141,62,64,ptr,store
5888,141,63,64,ptr,store
5889,142,0,64,ptr,store
5890,142,1,64,ptr,store
5891,142,2,64,ptr,store
5892,142,3,64,ptr,store
5893,142,4,64,ptr,store
5894,142,5,64,ptr,store
5895,142,6,64,ptr,store
5896,142,7,64,ptr,store
5897,142,8,64,ptr,store
5898,142,9,64,ptr,store
5899,142,10,64,ptr,store
5900,142,11,64,ptr,store
5901,142,12,64,ptr,store
5902,142,13,64,ptr,store
5903,142,14,64,ptr,store
5904,142,15,64,ptr,store
5905,142,16,64,ptr,store
5906,142,17,64,ptr,store
5907,142,18,64,ptr,store
5908,142,19,64,ptr,store
5909,142,20,64,ptr,store
5910,142,21,64,ptr,store
5911,142,22,64,ptr,store
5912,142,23,64,ptr,store
5913,142,24,64,ptr,store
5914,142,25,64,ptr,store
5915,142,26,64,ptr,store
5916,142,27,64,ptr,store
5917,142,28,64,ptr,store
5918,142,29,64,ptr,store
5919,142,30,64,ptr,store
5920,142,31,64,ptr,store
5921,142,32,64,ptr,store
5922,142,33,64,ptr,store
5923,142,34,64,ptr,store
5924,142,35,64,ptr,store
5925,142,36,64,ptr,store
5926,142,37,64,ptr,store
5927,142,38,64,ptr,store
5928,142,39,64,ptr,store
5929,142,40,64,ptr,store
5930,142,41,64,ptr,store
5931,142,42,64,ptr,store
5932,142,43,64,ptr,store
5933,142,44,64,ptr,store
5934,142,45,64,ptr,store
5935,142,46,64,ptr,store
5936,142,47,64,ptr,store
5937,142,48,64,ptr,store
5938,142,49,64,ptr,store
5939,142,50,64,ptr,store
5940,142,51,64,ptr,store
5941,142,52,64,ptr,store
5942,142,53,64,ptr,store
5943,142,54,64,ptr,store
5944,142,55,64,ptr,store
5945,142,56,64,ptr,store
5946,142,57,64,ptr,store
5947,142,58,64,ptr,store
5948,142,59,64,ptr,store
5949,142,60,64,ptr,store
5950,142,61,64,ptr,store
5951,142,62,64,ptr,store
5952,142,63,64,ptr,store
5953,143,0,64,ptr,load
5954,143,1,64,ptr,load
5955,143,2,64,ptr,load
5956,143,3,64,ptr,load
5957,143,4,64,ptr,load
5958,143,5,64,ptr,load
5959,143,6,64,ptr,load
5960,143,7,64,ptr,load
5961,143,8,64,ptr,load
5962,143,9,64,ptr,load
5963,143,10,64,ptr,load
5964,143,11,64,ptr,load
5965,143,12,64,ptr,load
5966,143,13,64,ptr,load
5967,143,14,64,ptr,load
5968,143,15,64,ptr,load
5969,143,16,64,ptr,load
5970,143,17,64,ptr,load
5971,143,18,64,ptr,load
5972,143,19,64,ptr,load
5973,143,20,64,ptr,load
5974,143,21,64,ptr,load
5975,143,22,64,ptr,load
5976,143,23,64,ptr,load
5977,143,24,64,ptr,load
5978,143,25,64,ptr,load
5979,143,26,64,ptr,load
5980,143,27,64,ptr,load
5981,143,28,64,ptr,load
5982,143,29,64,ptr,load
5983,143,30,64,ptr,load
5984,143,31,64,ptr,load
5985,143,32,64,ptr,load
5986,143,33,64,ptr,load
5987,143,34,64,ptr,load
5988,143,35,64,ptr,load
5989,143,36,64,ptr,load
5990,143,37,64,ptr,load
5991,143,38,64,ptr,load
5992,143,39,64,ptr,load
5993,143,40,64,ptr,load
5994,143,41,64,ptr,load
5995,143,42,64,ptr,load
5996,143,43,64,ptr,load
5997,143,44,64,ptr,load
5998,143,45,64,ptr,load
5999,143,46,64,ptr,load
6000,143,47,64,ptr,load
6001,143,48,64,ptr,load
6002,143,49,64,ptr,load
6003,143,50,64,ptr,load
6004,143,51,64,ptr,load
6005,143,52,64,ptr,load
6006,143,53,64,ptr,load
6007,143,54,64,ptr,load
6008,143,55,64,ptr,load
6009,143,56,64,ptr,load
6010,143,57,64,ptr,load
6011,143,58,64,ptr,load
6012,143,59,64,ptr,load
6013,143,60,64,ptr,load
6014,143,61,64,ptr,load
6015,143,62,64,ptr,load
6016,143,63,64,ptr,load
6017,144,0,64,ptr,load
6018,144,1,64,ptr,load
6019,144,2,64,ptr,load
6020,144,3,64,ptr,load
6021,144,4,64,ptr,load
6022,144,5,64,ptr,load
6023,144,6,64,ptr,load
6024,144,7,64,ptr,load
6025,144,8,64,ptr,load
6026,144,9,64,ptr,load
6027,144,10,64,ptr,load
6028,144,11,64,ptr,load
6029,144,12,64,ptr,load
6030,144,13,64,ptr,load
6031,144,14,64,ptr,load
6032,144,15,64,ptr,load
6033,144,16,64,ptr,load
6034,144,17,64,ptr,load
6035,144,18,64,ptr,load
6036,144,19,64,ptr,load
6037,144,20,64,ptr,load
6038,144,21,64,ptr,load
6039,144,22,64,ptr,load
6040,144,23,64,ptr,load
6041,144,24,64,ptr,load
6042,144,25,64,ptr,load
6043,144,26,64,ptr,load
6044,144,27,64,ptr,load
6045,144,28,64,ptr,load
6046,144,29,64,ptr,load
6047,144,30,64,ptr,load
6048,144,31,64,ptr,load
6049,144,32,64,ptr,load
6050,144,33,64,ptr,load
6051,144,34,64,ptr,load
6052,144,35,64,ptr,load
6053,144,36,64,ptr,load
6054,144,37,64,ptr,load
6055,144,38,64,ptr,load
6056,144,39,64,ptr,load
6057,144,40,64,ptr,load
6058,144,41,64,ptr,load
6059,144,42,64,ptr,load
6060,144,43,64,ptr,load
6061,144,44,64,ptr,load
6062,144,45,64,ptr,load
6063,144,46,64,ptr,load
6064,144,47,64,ptr,load
6065,144,48,64,ptr,load
6066,144,49,64,ptr,load
6067,144,50,64,ptr,load
6068,144,51,64,ptr,load
6069,144,52,64,ptr,load
6070,144,53,64,ptr,load
6071,144,54,64,ptr,load
6072,144,55,64,ptr,load
6073,144,56,64,ptr,load
6074,144,57,64,ptr,load
6075,144,58,64,ptr,load
6076,144,59,64,ptr,load
6077,144,60,64,ptr,load
6078,144,61,64,ptr,load
6079,144,62,64,ptr,load
6080,144,63,64,ptr,load
6081,146,0,64,ptr,load
6082,146,1,64,ptr,load
6083,146,2,64,ptr,load
6084,146,3,64,ptr,load
6085,146,4,64,ptr,load
6086,146,5,64,ptr,load
6087,146,6,64,ptr,load
6088,146,7,64,ptr,load
6089,146,8,64,ptr,load
6090,146,9,64,ptr,load
6091,146,10,64,ptr,load
6092,146,11,64,ptr,load
6093,146,12,64,ptr,load
6094,146,13,64,ptr,load
6095,146,14,64,ptr,load
6096,146,15,64,ptr,load
6097,146,16,64,ptr,load
6098,146,17,64,ptr,load
6099,146,18,64,ptr,load
6100,146,19,64,ptr,load
6101,146,20,64,ptr,load
6102,146,21,64,ptr,load
6103,146,22,64,ptr,load
6104,146,23,64,ptr,load
6105,146,24,64,ptr,load
6106,146,25,64,ptr,load
6107,146,26,64,ptr,load
6108,146,27,64,ptr,load
6109,146,28,64,ptr,load
6110,146,29,64,ptr,load
6111,146,30,64,ptr,load
6112,146,31,64,ptr,load
6113,146,32,64,ptr,load
6114,146,33,64,ptr,load
6115,146,34,64,ptr,load
6116,146,35,64,ptr,load
6117,146,36,64,ptr,load
6118,146,37,64,ptr,load
6119,146,38,64,ptr,load
6120,146,39,64,ptr,load
6121,146,40,64,ptr,load
6122,146,41,64,ptr,load
6123,146,42,64,ptr,load
6124,146,43,64,ptr,load
6125,146,44,64,ptr,load
6126,146,45,64,ptr,load
6127,146,46,64,ptr,load
6128,146,47,64,ptr,load
6129,146,48,64,ptr,load
6130,146,49,64,ptr,load
6131,146,50,64,ptr,load
6132,146,51,64,ptr,load
6133,146,52,64,ptr,load
6134,146,53,64,ptr,load
6135,146,54,64,ptr,load
6136,146,55,64,ptr,load
6137,146,56,64,ptr,load
6138,146,57,64,ptr,load
6139,146,58,64,ptr,load
6140,146,59,64,ptr,load
6141,146,60,64,ptr,load
6142,146,61,64,ptr,load
6143,146,62,64,ptr,load
6144,146,63,64,ptr,load
6145,147,0,64,ptr,load
6146,147,1,64,ptr,load
6147,147,2,64,ptr,load
6148,147,3,64,ptr,load
6149,147,4,64,ptr,load
6150,147,5,64,ptr,load
6151,147,6,64,ptr,load
6152,147,7,64,ptr,load
6153,147,8,64,ptr,load
6154,147,9,64,ptr,load
6155,147,10,64,ptr,load
6156,147,11,64,ptr,load
6157,147,12,64,ptr,load
6158,147,13,64,ptr,load
6159,147,14,64,ptr,load
6160,147,15,64,ptr,load
6161,147,16,64,ptr,load
6162,147,17,64,ptr,load
6163,147,18,64,ptr,load
6164,147,19,64,ptr,load
6165,147,20,64,ptr,load
6166,147,21,64,ptr,load
6167,147,22,64,ptr,load
6168,147,23,64,ptr,load
6169,147,24,64,ptr,load
6170,147,25,64,ptr,load
6171,147,26,64,ptr,load
6172,147,27,64,ptr,load
6173,147,28,64,ptr,load
6174,147,29,64,ptr,load
6175,147,30,64,ptr,load
6176,147,31,64,ptr,load
6177,147,32,64,ptr,load
6178,147,33,64,ptr,load
6179,147,34,64,ptr,load
6180,147,35,64,ptr,load
6181,147,36,64,ptr,load
6182,147,37,64,ptr,load
6183,147,38,64,ptr,load
6184,147,39,64,ptr,load
6185,147,40,64,ptr,load
6186,147,41,64,ptr,load
6187,147,42,64,ptr,load
6188,147,43,64,ptr,load
6189,147,44,64,ptr,load
6190,147,45,64,ptr,load
6191,147,46,64,ptr,load
6192,147,47,64,ptr,load
6193,147,48,64,ptr,load
6194,147,49,64,ptr,load
6195,147,50,64,ptr,load
6196,147,51,64,ptr,load
6197,147,52,64,ptr,load
6198,147,53,64,ptr,load
6199,147,54,64,ptr,load
6200,147,55,64,ptr,load
6201,147,56,64,ptr,load
6202,147,57,64,ptr,load
6203,147,58,64,ptr,load
6204,147,59,64,ptr,load
6205,147,60,64,ptr,load
6206,147,61,64,ptr,load
6207,147,62,64,ptr,load
6208,147,63,64,ptr,load
6209,148,0,64,ptr,store
6210,148,1,64,ptr,store
6211,148,2,64,ptr,store
6212,148,3,64,ptr,store
6213,148,4,64,ptr,store
6214,148,5,64,ptr,store
6215,148,6,64,ptr,store
6216,148,7,64,ptr,store
6217,148,8,64,ptr,store
6218,148,9,64,ptr,store
6219,148,10,64,ptr,store
6220,148,11,64,ptr,store
6221,148,12,64,ptr,store
6222,148,13,64,ptr,store
6223,148,14,64,ptr,store
6224,148,15,64,ptr,store
6225,148,16,64,ptr,store
6226,148,17,64,ptr,store
6227,148,18,64,ptr,store
6228,148,19,64,ptr,store
6229,148,20,64,ptr,store
6230,148,21,64,ptr,store
6231,148,22,64,ptr,store
6232,148,23,64,ptr,store
6233,148,24,64,ptr,store
6234,148,25,64,ptr,store
6235,148,26,64,ptr,store
6236,148,27,64,ptr,store
6237,148,28,64,ptr,store
6238,148,29,64,ptr,store
6239,148,30,64,ptr,store
6240,148,31,64,ptr,store
6241,148,32,64,ptr,store
6242,148,33,64,ptr,store
6243,148,34,64,ptr,store
6244,148,35,64,ptr,store
6245,148,36,64,ptr,store
6246,148,37,64,ptr,store
6247,148,38,64,ptr,store
6248,148,39,64,ptr,store
6249,148,40,64,ptr,store
6250,148,41,64,ptr,store
6251,148,42,64,ptr,store
6252,148,43,64,ptr,store
6253,148,44,64,ptr,store
6254,148,45,64,ptr,store
6255,148,46,64,ptr,store
6256,148,47,64,ptr,store
6257,148,48,64,ptr,store
6258,148,49,64,ptr,store
6259,148,50,64,ptr,store
6260,148,51,64,ptr,store
6261,148,52,64,ptr,store
6262,148,53,64,ptr,store
6263,148,54,64,ptr,store
6264,148,55,64,ptr,store
6265,148,56,64,ptr,store
6266,148,57,64,ptr,store
6267,148,58,64,ptr,store
6268,148,59,64,ptr,store
6269,148,60,64,ptr,store
6270,148,61,64,ptr,store
6271,148,62,64,ptr,store
6272,148,63,64,ptr,store
6273,149,0,64,ptr,load
6274,149,1,64,ptr,load
6275,149,2,64,ptr,load
6276,149,3,64,ptr,load
6277,149,4,64,ptr,load
6278,149,5,64,ptr,load
6279,149,6,64,ptr,load
6280,149,7,64,ptr,load
6281,149,8,64,ptr,load
6282,149,9,64,ptr,load
6283,149,10,64,ptr,load
6284,149,11,64,ptr,load
6285,149,12,64,ptr,load
6286,149,13,64,ptr,load
6287,149,14,64,ptr,load
6288,149,15,64,ptr,load
6289,149,16,64,ptr,load
6290,149,17,64,ptr,load
6291,149,18,64,ptr,load
6292,149,19,64,ptr,load
6293,149,20,64,ptr,load
6294,149,21,64,ptr,load
6295,149,22,64,ptr,load
6296,149,23,64,ptr,load
6297,149,24,64,ptr,load
6298,149,25,64,ptr,load
6299,149,26,64,ptr,load
6300,149,27,64,ptr,load
6301,149,28,64,ptr,load
6302,149,29,64,ptr,load
6303,149,30,64,ptr,load
6304,149,31,64,ptr,load
6305,149,32,64,ptr,load
6306,149,33,64,ptr,load
6307,149,34,64,ptr,load
6308,149,35,64,ptr,load
6309,149,36,64,ptr,load
6310,149,37,64,ptr,load
6311,149,38,64,ptr,load
6312,149,39,64,ptr,load
6313,149,40,64,ptr,load
6314,149,41,64,ptr,load
6315,149,42,64,ptr,load
6316,149,43,64,ptr,load
6317,149,44,64,ptr,load
6318,149,45,64,ptr,load
6319,149,46,64,ptr,load
6320,149,47,64,ptr,load
6321,149,48,64,ptr,load
6322,149,49,64,ptr,load
6323,149,50,64,ptr,load
6324,149,51,64,ptr,load
6325,149,52,64,ptr,load
6326,149,53,64,ptr,load
6327,149,54,64,ptr,load
6328,149,55,64,ptr,load
6329,149,56,64,ptr,load
6330,149,57,64,ptr,load
6331,149,58,64,ptr,load
6332,149,59,64,ptr,load
6333,149,60,64,ptr,load
6334,149,61,64,ptr,load
6335,149,62,64,ptr,load
6336,149,63,64,ptr,load
6337,150,0,64,ptr,load
6338,150,1,64,ptr,load
6339,150,2,64,ptr,load
6340,150,3,64,ptr,load
6341,150,4,64,ptr,load
6342,150,5,64,ptr,load
6343,150,6,64,ptr,load
6344,150,7,64,ptr,load
6345,150,8,64,ptr,load
6346,150,9,64,ptr,load
6347,150,10,64,ptr,load
6348,150,11,64,ptr,load
6349,150,12,64,ptr,load
6350,150,13,64,ptr,load
6351,150,14,64,ptr,load
6352,150,15,64,ptr,load
6353,150,16,64,ptr,load
6354,150,17,64,ptr,load
6355,150,18,64,ptr,load
6356,150,19,64,ptr,load
6357,150,20,64,ptr,load
6358,150,21,64,ptr,load
6359,150,22,64,ptr,load
6360,150,23,64,ptr,load
6361,150,24,64,ptr,load
6362,150,25,64,ptr,load
6363,150,26,64,ptr,load
6364,150,27,64,ptr,load
6365,150,28,64,ptr,load
6366,150,29,64,ptr,load
6367,150,30,64,ptr,load
6368,150,31,64,ptr,load
6369,150,32,64,ptr,load
6370,150,33,64,ptr,load
6371,150,34,64,ptr,load
6372,150,35,64,ptr,load
6373,150,36,64,ptr,load
6374,150,37,64,ptr,load
6375,150,38,64,ptr,load
6376,150,39,64,ptr,load
6377,150,40,64,ptr,load
6378,150,41,64,ptr,load
6379,150,42,64,ptr,load
6380,150,43,64,ptr,load
6381,150,44,64,ptr,load
6382,150,45,64,ptr,load
6383,150,46,64,ptr,load
6384,150,47,64,ptr,load
6385,150,48,64,ptr,load
6386,150,49,64,ptr,load
6387,150,50,64,ptr,load
6388,150,51,64,ptr,load
6389,150,52,64,ptr,load
6390,150,53,64,ptr,load
6391,150,54,64,ptr,load
6392,150,55,64,ptr,load
6393,150,56,64,ptr,load
6394,150,57,64,ptr,load
6395,150,58,64,ptr,load
6396,150,59,64,ptr,load
6397,150,60,64,ptr,load
6398,150,61,64,ptr,load
6399,150,62,64,ptr,load
6400,150,63,64,ptr,load
6401,151,0,64,ptr,load
6402,151,1,64,ptr,load
6403,151,2,64,ptr,load
6404,151,3,64,ptr,load
6405,151,4,64,ptr,load
6406,151,5,64,ptr,load
6407,151,6,64,ptr,load
6408,151,7,64,ptr,load
6409,151,8,64,ptr,load
6410,151,9,64,ptr,load
6411,151,10,64,ptr,load
6412,151,11,64,ptr,load
6413,151,12,64,ptr,load
6414,151,13,64,ptr,load
6415,151,14,64,ptr,load
6416,151,15,64,ptr,load
6417,151,16,64,ptr,load
6418,151,17,64,ptr,load
6419,151,18,64,ptr,load
6420,151,19,64,ptr,load
6421,151,20,64,ptr,load
6422,151,21,64,ptr,load
6423,151,22,64,ptr,load
6424,151,23,64,ptr,load
6425,151,24,64,ptr,load
6426,151,25,64,ptr,load
6427,151,26,64,ptr,load
6428,151,27,64,ptr,load
6429,151,28,64,ptr,load
6430,151,29,64,ptr,load
6431,151,30,64,ptr,load
6432,151,31,64,ptr,load
6433,151,32,64,ptr,load
6434,151,33,64,ptr,load
6435,151,34,64,ptr,load
6436,151,35,64,ptr,load
6437,151,36,64,ptr,load
6438,151,37,64,ptr,load
6439,151,38,64,ptr,load
6440,151,39,64,ptr,load
6441,151,40,64,ptr,load
6442,151,41,64,ptr,load
6443,151,42,64,ptr,load
6444,151,43,64,ptr,load
6445,151,44,64,ptr,load
6446,151,45,64,ptr,load
6447,151,46,64,ptr,load
6448,151,47,64,ptr,load
6449,151,48,64,ptr,load
6450,151,49,64,ptr,load
6451,151,50,64,ptr,load
6452,151,51,64,ptr,load
6453,151,52,64,ptr,load
6454,151,53,64,ptr,load
6455,151,54,64,ptr,load
6456,151,55,64,ptr,load
6457,151,56,64,ptr,load
6458,151,57,64,ptr,load
6459,151,58,64,ptr,load
6460,151,59,64,ptr,load
6461,151,60,64,ptr,load
6462,151,61,64,ptr,load
6463,151,62,64,ptr,load
6464,151,63,64,ptr,load
6465,152,0,64,ptr,store
6466,152,1,64,ptr,store
6467,152,2,64,ptr,store
6468,152,3,64,ptr,store
6469,152,4,64,ptr,store
6470,152,5,64,ptr,store
6471,152,6,64,ptr,store
6472,152,7,64,ptr,store
6473,152,8,64,ptr,store
6474,152,9,64,ptr,store
6475,152,10,64,ptr,store
6476,152,11,64,ptr,store
6477,152,12,64,ptr,store
6478,152,13,64,ptr,store
6479,152,14,64,ptr,store
6480,152,15,64,ptr,store
6481,152,16,64,ptr,store
6482,152,17,64,ptr,store
6483,152,18,64,ptr,store
6484,152,19,64,ptr,store
6485,152,20,64,ptr,store
6486,152,21,64,ptr,store
6487,152,22,64,ptr,store
6488,152,23,64,ptr,store
6489,152,24,64,ptr,store
6490,152,25,64,ptr,store
6491,152,26,64,ptr,store
6492,152,27,64,ptr,store
6493,152,28,64,ptr,store
6494,152,29,64,ptr,store
6495,152,30,64,ptr,store
6496,152,31,64,ptr,store
6497,152,32,64,ptr,store
6498,152,33,64,ptr,store
6499,152,34,64,ptr,store
6500,152,35,64,ptr,store
6501,152,36,64,ptr,store
6502,152,37,64,ptr,store
6503,152,38,64,ptr,store
6504,152,39,64,ptr,store
6505,152,40,64,ptr,store
6506,152,41,64,ptr,store
6507,152,42,64,ptr,store
6508,152,43,64,ptr,store
6509,152,44,64,ptr,store
6510,152,45,64,ptr,store
6511,152,46,64,ptr,store
6512,152,47,64,ptr,store
6513,152,48,64,ptr,store
6514,152,49,64,ptr,store
6515,152,50,64,ptr,store
6516,152,51,64,ptr,store
6517,152,52,64,ptr,store
6518,152,53,64,ptr,store
6519,152,54,64,ptr,store
6520,152,55,64,ptr,store
6521,152,56,64,ptr,store
6522,152,57,64,ptr,store
6523,152,58,64,ptr,store
6524,152,59,64,ptr,store
6525,152,60,64,ptr,store
6526,152,61,64,ptr,store
6527,152,62,64,ptr,store
6528,152,63,64,ptr,store
6529,153,0,64,ptr,load
6530,153,1,64,ptr,load
6531,153,2,64,ptr,load
6532,153,3,64,ptr,load
6533,153,4,64,ptr,load
6534,153,5,64,ptr,load
6535,153,6,64,ptr,load
6536,153,7,64,ptr,load
6537,153,8,64,ptr,load
6538,153,9,64,ptr,load
6539,153,10,64,ptr,load
6540,153,11,64,ptr,load
6541,153,12,64,ptr,load
6542,153,13,64,ptr,load
6543,153,14,64,ptr,load
6544,153,15,64,ptr,load
6545,153,16,64,ptr,load
6546,153,17,64,ptr,load
6547,153,18,64,ptr,load
6548,153,19,64,ptr,load
6549,153,20,64,ptr,load
6550,153,21,64,ptr,load
6551,153,22,64,ptr,load
6552,153,23,64,ptr,load
6553,153,24,64,ptr,load
6554,153,25,64,ptr,load
6555,153,26,64,ptr,load
6556,153,27,64,ptr,load
6557,153,28,64,ptr,load
6558,153,29,64,ptr,load
6559,153,30,64,ptr,load
6560,153,31,64,ptr,load
6561,153,32,64,ptr,load
6562,153,33,64,ptr,load
6563,153,34,64,ptr,load
6564,153,35,64,ptr,load
6565,153,36,64,ptr,load
6566,153,37,64,ptr,load
6567,153,38,64,ptr,load
6568,153,39,64,ptr,load
6569,153,40,64,ptr,load
6570,153,41,64,ptr,load
6571,153,42,64,ptr,load
6572,153,43,64,ptr,load
6573,153,44,64,ptr,load
6574,153,45,64,ptr,load
6575,153,46,64,ptr,load
6576,153,47,64,ptr,load
6577,153,48,64,ptr,load
6578,153,49,64,ptr,load
6579,153,50,64,ptr,load
6580,153,51,64,ptr,load
6581,153,52,64,ptr,load
6582,153,53,64,ptr,load
6583,153,54,64,ptr,load
6584,153,55,64,ptr,load
6585,153,56,64,ptr,load
6586,153,57,64,ptr,load
6587,153,58,64,ptr,load
6588,153,59,64,ptr,load
6589,153,60,64,ptr,load
6590,153,61,64,ptr,load
6591,153,62,64,ptr,load
6592,153,63,64,ptr,load
6593,154,0,64,ptr,store
6594,154,1,64,ptr,store
6595,154,2,64,ptr,store
6596,154,3,64,ptr,store
6597,154,4,64,ptr,store
6598,154,5,64,ptr,store
6599,154,6,64,ptr,store
6600,154,7,64,ptr,store
6601,154,8,64,ptr,store
6602,154,9,64,ptr,store
6603,154,10,64,ptr,store
6604,154,11,64,ptr,store
6605,154,12,64,ptr,store
6606,154,13,64,ptr,store
6607,154,14,64,ptr,store
6608,154,15,64,ptr,store
6609,154,16,64,ptr,store
6610,154,17,64,ptr,store
6611,154,18,64,ptr,store
6612,154,19,64,ptr,store
6613,154,20,64,ptr,store
6614,154,21,64,ptr,store
6615,154,22,64,ptr,store
6616,154,23,64,ptr,store
6617,154,24,64,ptr,store
6618,154,25,64,ptr,store
6619,154,26,64,ptr,store
6620,154,27,64,ptr,store
6621,154,28,64,ptr,store
6622,154,29,64,ptr,store
6623,154,30,64,ptr,store
6624,154,31,64,ptr,store
6625,154,32,64,ptr,store
6626,154,33,64,ptr,store
6627,154,34,64,ptr,store
6628,154,35,64,ptr,store
6629,154,36,64,ptr,store
6630,154,37,64,ptr,store
6631,154,38,64,ptr,store
6632,154,39,64,ptr,store
6633,154,40,64,ptr,store
6634,154,41,64,ptr,store
6635,154,42,64,ptr,store
6636,154,43,64,ptr,store
6637,154,44,64,ptr,store
6638,154,45,64,ptr,store
6639,154,46,64,ptr,store
6640,154,47,64,ptr,store
6641,154,48,64,ptr,store
6642,154,49,64,ptr,store
6643,154,50,64,ptr,store
6644,154,51,64,ptr,store
6645,154,52,64,ptr,store
6646,154,53,64,ptr,store
6647,154,54,64,ptr,store
6648,154,55,64,ptr,store
6649,154,56,64,ptr,store
6650,154,57,64,ptr,store
6651,154,58,64,ptr,store
6652,154,59,64,ptr,store
6653,154,60,64,ptr,store
6654,154,61,64,ptr,store
6655,154,62,64,ptr,store
6656,154,63,64,ptr,store
6657,155,0,64,ptr,load
6658,155,1,64,ptr,load
6659,155,2,64,ptr,load
6660,155,3,64,ptr,load
6661,155,4,64,ptr,load
6662,155,5,64,ptr,load
6663,155,6,64,ptr,load
6664,155,7,64,ptr,load
6665,155,8,64,ptr,load
6666,155,9,64,ptr,load
6667,155,10,64,ptr,load
6668,155,11,64,ptr,load
6669,155,12,64,ptr,load
6670,155,13,64,ptr,load
6671,155,14,64,ptr,load
6672,155,15,64,ptr,load
6673,155,16,64,ptr,load
6674,155,17,64,ptr,load
6675,155,18,64,ptr,load
6676,155,19,64,ptr,load
6677,155,20,64,ptr,load
6678,155,21,64,ptr,load
6679,155,22,64,ptr,load
6680,155,23,64,ptr,load
6681,155,24,64,ptr,load
6682,155,25,64,ptr,load
6683,155,26,64,ptr,load
6684,155,27,64,ptr,load
6685,155,28,64,ptr,load
6686,155,29,64,ptr,load
6687,155,30,64,ptr,load
6688,155,31,64,ptr,load
6689,155,32,64,ptr,load
6690,155,33,64,ptr,load
6691,155,34,64,ptr,load
6692,155,35,64,ptr,load
6693,155,36,64,ptr,load
6694,155,37,64,ptr,load
6695,155,38,64,ptr,load
6696,155,39,64,ptr,load
6697,155,40,64,ptr,load
6698,155,41,64,ptr,load
6699,155,42,64,ptr,load
6700,155,43,64,ptr,load
6701,155,44,64,ptr,load
6702,155,45,64,ptr,load
6703,155,46,64,ptr,load
6704,155,47,64,ptr,load
6705,155,48,64,ptr,load
6706,155,49,64,ptr,load
6707,155,50,64,ptr,load
6708,155,51,64,ptr,load
6709,155,52,64,ptr,load
6710,155,53,64,ptr,load
6711,155,54,64,ptr,load
6712,155,55,64,ptr,load
6713,155,56,64,ptr,load
6714,155,57,64,ptr,load
6715,155,58,64,ptr,load
6716,155,59,64,ptr,load
6717,155,60,64,ptr,load
6718,155,61,64,ptr,load
6719,155,62,64,ptr,load
6720,155,63,64,ptr,load
6721,157,0,64,ptr,load
6722,157,1,64,ptr,load
6723,157,2,64,ptr,load
6724,157,3,64,ptr,load
6725,157,4,64,ptr,load
6726,157,5,64,ptr,load
6727,157,6,64,ptr,load
6728,157,7,64,ptr,load
6729,157,8,64,ptr,load
6730,157,9,64,ptr,load
6731,157,10,64,ptr,load
6732,157,11,64,ptr,load
6733,157,12,64,ptr,load
6734,157,13,64,ptr,load
6735,157,14,64,ptr,load
6736,157,15,64,ptr,load
6737,157,16,64,ptr,load
6738,157,17,64,ptr,load
6739,157,18,64,ptr,load
6740,157,19,64,ptr,load
6741,157,20,64,ptr,load
6742,157,21,64,ptr,load
6743,157,22,64,ptr,load
6744,157,23,64,ptr,load
6745,157,24,64,ptr,load
6746,157,25,64,ptr,load
6747,157,26,64,ptr,load
6748,157,27,64,ptr,load
6749,157,28,64,ptr,load
6750,157,29,64,ptr,load
6751,157,30,64,ptr,load
6752,157,31,64,ptr,load
6753,157,32,64,ptr,load
6754,157,33,64,ptr,load
6755,157,34,64,ptr,load
6756,157,35,64,ptr,load
6757,157,36,64,ptr,load
6758,157,37,64,ptr,load
6759,157,38,64,ptr,load
6760,157,39,64,ptr,load
6761,157,40,64,ptr,load
6762,157,41,64,ptr,load
6763,157,42,64,ptr,load
6764,157,43,64,ptr,load
6765,157,44,64,ptr,load
6766,157,45,64,ptr,load
6767,157,46,64,ptr,load
6768,157,47,64,ptr,load
6769,157,48,64,ptr,load
6770,157,49,64,ptr,load
6771,157,50,64,ptr,load
6772,157,51,64,ptr,load
6773,157,52,64,ptr,load
6774,157,53,64,ptr,load
6775,157,54,64,ptr,load
6776,157,55,64,ptr,load
6777,157,56,64,ptr,load
6778,157,57,64,ptr,load
6779,157,58,64,ptr,load
6780,157,59,64,ptr,load
6781,157,60,64,ptr,load
6782,157,61,64,ptr,load
6783,157,62,64,ptr,load
6784,157,63,64,ptr,load
6785,158,0,64,ptr,load
6786,158,1,64,ptr,load
6787,158,2,64,ptr,load
6788,158,3,64,ptr,load
6789,158,4,64,ptr,load
6790,158,5,64,ptr,load
6791,158,6,64,ptr,load
6792,158,7,64,ptr,load
6793,158,8,64,ptr,load
6794,158,9,64,ptr,load
6795,158,10,64,ptr,load
6796,158,11,64,ptr,load
6797,158,12,64,ptr,load
6798,158,13,64,ptr,load
6799,158,14,64,ptr,load
6800,158,15,64,ptr,load
6801,158,16,64,ptr,load
6802,158,17,64,ptr,load
6803,158,18,64,ptr,load
6804,158,19,64,ptr,load
6805,158,20,64,ptr,load
6806,158,21,64,ptr,load
6807,158,22,64,ptr,load
6808,158,23,64,ptr,load
6809,158,24,64,ptr,load
6810,158,25,64,ptr,load
6811,158,26,64,ptr,load
6812,158,27,64,ptr,load
6813,158,28,64,ptr,load
6814,158,29,64,ptr,load
6815,158,30,64,ptr,load
6816,158,31,64,ptr,load
6817,158,32,64,ptr,load
6818,158,33,64,ptr,load
6819,158,34,64,ptr,load
6820,158,35,64,ptr,load
6821,158,36,64,ptr,load
6822,158,37,64,ptr,load
6823,158,38,64,ptr,load
6824,158,39,64,ptr,load
6825,158,40,64,ptr,load
6826,158,41,64,ptr,load
6827,158,42,64,ptr,load
6828,158,43,64,ptr,load
6829,158,44,64,ptr,load
6830,158,45,64,ptr,load
6831,158,46,64,ptr,load
6832,158,47,64,ptr,load
6833,158,48,64,ptr,load
6834,158,49,64,ptr,load
6835,158,50,64,ptr,load
6836,158,51,64,ptr,load
6837,158,52,64,ptr,load
6838,158,53,64,ptr,load
6839,158,54,64,ptr,load
6840,158,55,64,ptr,load
6841,158,56,64,ptr,load
6842,158,57,64,ptr,load
6843,158,58,64,ptr,load
6844,158,59,64,ptr,load
6845,158,60,64,ptr,load
6846,158,61,64,ptr,load
6847,158,62,64,ptr,load
6848,158,63,64,ptr,load
6849,160,0,64,ptr,load
6850,160,1,64,ptr,load
6851,160,2,64,ptr,load
6852,160,3,64,ptr,load
6853,160,4,64,ptr,load
6854,160,5,64,ptr,load
6855,160,6,64,ptr,load
6856,160,7,64,ptr,load
6857,160,8,64,ptr,load
6858,160,9,64,ptr,load
6859,160,10,64,ptr,load
6860,160,11,64,ptr,load
6861,160,12,64,ptr,load
6862,160,13,64,ptr,load
6863,160,14,64,ptr,load
6864,160,15,64,ptr,load
6865,160,16,64,ptr,load
6866,160,17,64,ptr,load
6867,160,18,64,ptr,load
6868,160,19,64,ptr,load
6869,160,20,64,ptr,load
6870,160,21,64,ptr,load
6871,160,22,64,ptr,load
6872,160,23,64,ptr,load
6873,160,24,64,ptr,load
6874,160,25,64,ptr,load
6875,160,26,64,ptr,load
6876,160,27,64,ptr,load
6877,160,28,64,ptr,load
6878,160,29,64,ptr,load
6879,160,30,64,ptr,load
6880,160,31,64,ptr,load
6881,160,32,64,ptr,load
6882,160,33,64,ptr,load
6883,160,34,64,ptr,load
6884,160,35,64,ptr,load
6885,160,36,64,ptr,load
6886,160,37,64,ptr,load
6887,160,38,64,ptr,load
6888,160,39,64,ptr,load
6889,160,40,64,ptr,load
6890,160,41,64,ptr,load
6891,160,42,64,ptr,load
6892,160,43,64,ptr,load
6893,160,44,64,ptr,load
6894,160,45,64,ptr,load
6895,160,46,64,ptr,load
6896,160,47,64,ptr,load
6897,160,48,64,ptr,load
6898,160,49,64,ptr,load
6899,160,50,64,ptr,load
6900,160,51,64,ptr,load
6901,160,52,64,ptr,load
6902,160,53,64,ptr,load
6903,160,54,64,ptr,load
6904,160,55,64,ptr,load
6905,160,56,64,ptr,load
6906,160,57,64,ptr,load
6907,160,58,64,ptr,load
6908,160,59,64,ptr,load
6909,160,60,64,ptr,load
6910,160,61,64,ptr,load
6911,160,62,64,ptr,load
6912,160,63,64,ptr,load
6913,161,0,64,ptr,load
6914,161,1,64,ptr,load
6915,161,2,64,ptr,load
6916,161,3,64,ptr,load
6917,161,4,64,ptr,load
6918,161,5,64,ptr,load
6919,161,6,64,ptr,load
6920,161,7,64,ptr,load
6921,161,8,64,ptr,load
6922,161,9,64,ptr,load
6923,161,10,64,ptr,load
6924,161,11,64,ptr,load
6925,161,12,64,ptr,load
6926,161,13,64,ptr,load
6927,161,14,64,ptr,load
6928,161,15,64,ptr,load
6929,161,16,64,ptr,load
6930,161,17,64,ptr,load
6931,161,18,64,ptr,load
6932,161,19,64,ptr,load
6933,161,20,64,ptr,load
6934,161,21,64,ptr,load
6935,161,22,64,ptr,load
6936,161,23,64,ptr,load
6937,161,24,64,ptr,load
6938,161,25,64,ptr,load
6939,161,26,64,ptr,load
6940,161,27,64,ptr,load
6941,161,28,64,ptr,load
6942,161,29,64,ptr,load
6943,161,30,64,ptr,load
6944,161,31,64,ptr,load
6945,161,32,64,ptr,load
6946,161,33,64,ptr,load
6947,161,34,64,ptr,load
6948,161,35,64,ptr,load
6949,161,36,64,ptr,load
6950,161,37,64,ptr,load
6951,161,38,64,ptr,load
6952,161,39,64,ptr,load
6953,161,40,64,ptr,load
6954,161,41,64,ptr,load
6955,161,42,64,ptr,load
6956,161,43,64,ptr,load
6957,161,44,64,ptr,load
6958,161,45,64,ptr,load
6959,161,46,64,ptr,load
6960,161,47,64,ptr,load
6961,161,48,64,ptr,load
6962,161,49,64,ptr,load
6963,161,50,64,ptr,load
6964,161,51,64,ptr,load
6965,161,52,64,ptr,load
6966,161,53,64,ptr,load
6967,161,54,64,ptr,load
6968,161,55,64,ptr,load
6969,161,56,64,ptr,load
6970,161,57,64,ptr,load
6971,161,58,64,ptr,load
6972,161,59,64,ptr,load
6973,161,60,64,ptr,load
6974,161,61,64,ptr,load
6975,161,62,64,ptr,load
6976,161,63,64,ptr,load
6977,163,0,64,ptr,store
6978,163,1,64,ptr,store
6979,163,2,64,ptr,store
6980,163,3,64,ptr,store
6981,163,4,64,ptr,store
6982,163,5,64,ptr,store
6983,163,6,64,ptr,store
6984,163,7,64,ptr,store
6985,163,8,64,ptr,store
6986,163,9,64,ptr,store
6987,163,10,64,ptr,store
6988,163,11,64,ptr,store
6989,163,12,64,ptr,store
6990,163,13,64,ptr,store
6991,163,14,64,ptr,store
6992,163,15,64,ptr,store
6993,163,16,64,ptr,store
6994,163,17,64,ptr,store
6995,163,18,64,ptr,store
6996,163,19,64,ptr,store
6997,163,20,64,ptr,store
6998,163,21,64,ptr,store
6999,163,22,64,ptr,store
7000,163,23,64,ptr,store
7001,163,24,64,ptr,store
7002,163,25,64,ptr,store
7003,163,26,64,ptr,store
7004,163,27,64,ptr,store
7005,163,28,64,ptr,store
7006,163,29,64,ptr,store
7007,163,30,64,ptr,store
7008,163,31,64,ptr,store
7009,163,32,64,ptr,store
7010,163,33,64,ptr,store
7011,163,34,64,ptr,store
7012,163,35,64,ptr,store
7013,163,36,64,ptr,store
7014,163,37,64,ptr,store
7015,163,38,64,ptr,store
7016,163,39,64,ptr,store
7017,163,40,64,ptr,store
7018,163,41,64,ptr,store
7019,163,42,64,ptr,store
7020,163,43,64,ptr,store
7021,163,44,64,ptr,store
7022,163,45,64,ptr,store
7023,163,46,64,ptr,store
7024,163,47,64,ptr,store
7025,163,48,64,ptr,store
7026,163,49,64,ptr,store
7027,163,50,64,ptr,store
7028,163,51,64,ptr,store
7029,163,52,64,ptr,store
7030,163,53,64,ptr,store
7031,163,54,64,ptr,store
7032,163,55,64,ptr,store
7033,163,56,64,ptr,store
7034,163,57,64,ptr,store
7035,163,58,64,ptr,store
7036,163,59,64,ptr,store
7037,163,60,64,ptr,store
7038,163,61,64,ptr,store
7039,163,62,64,ptr,store
7040,163,63,64,ptr,store
7041,176,0,64,ptr,store
7042,176,1,64,ptr,store
7043,176,2,64,ptr,store
7044,176,3,64,ptr,store
7045,176,4,64,ptr,store
7046,176,5,64,ptr,store
7047,176,6,64,ptr,store
7048,176,7,64,ptr,store
7049,176,8,64,ptr,store
7050,176,9,64,ptr,store
7051,176,10,64,ptr,store
7052,176,11,64,ptr,store
7053,176,12,64,ptr,store
7054,176,13,64,ptr,store
7055,176,14,64,ptr,store
7056,176,15,64,ptr,store
7057,176,16,64,ptr,store
7058,176,17,64,ptr,store
7059,176,18,64,ptr,store
7060,176,19,64,ptr,store
7061,176,20,64,ptr,store
7062,176,21,64,ptr,store
7063,176,22,64,ptr,store
7064,176,23,64,ptr,store
7065,176,24,64,ptr,store
7066,176,25,64,ptr,store
7067,176,26,64,ptr,store
7068,176,27,64,ptr,store
7069,176,28,64,ptr,store
7070,176,29,64,ptr,store
7071,176,30,64,ptr,store
7072,176,31,64,ptr,store
7073,176,32,64,ptr,store
7074,176,33,64,ptr,store
7075,176,34,64,ptr,store
7076,176,35,64,ptr,store
7077,176,36,64,ptr,store
7078,176,37,64,ptr,store
7079,176,38,64,ptr,store
7080,176,39,64,ptr,store
7081,176,40,64,ptr,store
7082,176,41,64,ptr,store
7083,176,42,64,ptr,store
7084,176,43,64,ptr,store
7085,176,44,64,ptr,store
7086,176,45,64,ptr,store
7087,176,46,64,ptr,store
7088,176,47,64,ptr,store
7089,176,48,64,ptr,store
7090,176,49,64,ptr,store
7091,176,50,64,ptr,store
7092,176,51,64,ptr,store
7093,176,52,64,ptr,store
7094,176,53,64,ptr,store
7095,176,54,64,ptr,store
7096,176,55,64,ptr,store
7097,176,56,64,ptr,store
7098,176,57,64,ptr,store
7099,176,58,64,ptr,store
7100,176,59,64,ptr,store
7101,176,60,64,ptr,store
7102,176,61,64,ptr,store
7103,176,62,64,ptr,store
7104,176,63,64,ptr,store
7105,204,0,64,ptr,store
7106,204,1,64,ptr,store
7107,204,2,64,ptr,store
7108,204,3,64,ptr,store
7109,204,4,64,ptr,store
7110,204,5,64,ptr,store
7111,204,6,64,ptr,store
7112,204,7,64,ptr,store
7113,204,8,64,ptr,store
7114,204,9,64,ptr,store
7115,204,10,64,ptr,store
7116,204,11,64,ptr,store
7117,204,12,64,ptr,store
7118,204,13,64,ptr,store
7119,204,14,64,ptr,store
7120,204,15,64,ptr,store
7121,204,16,64,ptr,store
7122,204,17,64,ptr,store
7123,204,18,64,ptr,store
7124,204,19,64,ptr,store
7125,204,20,64,ptr,store
7126,204,21,64,ptr,store
7127,204,22,64,ptr,store
7128,204,23,64,ptr,store
7129,204,24,64,ptr,store
7130,204,25,64,ptr,store
7131,204,26,64,ptr,store
7132,204,27,64,ptr,store
7133,204,28,64,ptr,store
7134,204,29,64,ptr,store
7135,204,30,64,ptr,store
7136,204,31,64,ptr,store
7137,204,32,64,ptr,store
7138,204,33,64,ptr,store
7139,204,34,64,ptr,store
7140,204,35,64,ptr,store
7141,204,36,64,ptr,store
7142,204,37,64,ptr,store
7143,204,38,64,ptr,store
7144,204,39,64,ptr,store
7145,204,40,64,ptr,store
7146,204,41,64,ptr,store
7147,204,42,64,ptr,store
7148,204,43,64,ptr,store
7149,204,44,64,ptr,store
7150,204,45,64,ptr,store
7151,204,46,64,ptr,store
7152,204,47,64,ptr,store
7153,204,48,64,ptr,store
7154,204,49,64,ptr,store
7155,204,50,64,ptr,store
7156,204,51,64,ptr,store
7157,204,52,64,ptr,store
7158,204,53,64,ptr,store
7159,204,54,64,ptr,store
7160,204,55,64,ptr,store
7161,204,56,64,ptr,store
7162,204,57,64,ptr,store
7163,204,58,64,ptr,store
7164,204,59,64,ptr,store
7165,204,60,64,ptr,store
7166,204,61,64,ptr,store
7167,204,62,64,ptr,store
7168,204,63,64,ptr,store
7169,205,0,64,ptr,store
7170,205,1,64,ptr,store
7171,205,2,64,ptr,store
7172,205,3,64,ptr,store
7173,205,4,64,ptr,store
7174,205,5,64,ptr,store
7175,205,6,64,ptr,store
7176,205,7,64,ptr,store
7177,205,8,64,ptr,store
7178,205,9,64,ptr,store
7179,205,10,64,ptr,store
7180,205,11,64,ptr,store
7181,205,12,64,ptr,store
7182,205,13,64,ptr,store
7183,205,14,64,ptr,store
7184,205,15,64,ptr,store
7185,205,16,64,ptr,store
7186,205,17,64,ptr,store
7187,205,18,64,ptr,store
7188,205,19,64,ptr,store
7189,205,20,64,ptr,store
7190,205,21,64,ptr,store
7191,205,22,64,ptr,store
7192,205,23,64,ptr,store
7193,205,24,64,ptr,store
7194,205,25,64,ptr,store
7195,205,26,64,ptr,store
7196,205,27,64,ptr,store
7197,205,28,64,ptr,store
7198,205,29,64,ptr,store
7199,205,30,64,ptr,store
7200,205,31,64,ptr,store
7201,205,32,64,ptr,store
7202,205,33,64,ptr,store
7203,205,34,64,ptr,store
7204,205,35,64,ptr,store
7205,205,36,64,ptr,store
7206,205,37,64,ptr,store
7207,205,38,64,ptr,store
7208,205,39,64,ptr,store
7209,205,40,64,ptr,store
7210,205,41,64,ptr,store
7211,205,42,64,ptr,store
7212,205,43,64,ptr,store
7213,205,44,64,ptr,store
7214,205,45,64,ptr,store
7215,205,46,64,ptr,store
7216,205,47,64,ptr,store
7217,205,48,64,ptr,store
7218,205,49,64,ptr,store
7219,205,50,64,ptr,store
7220,205,51,64,ptr,store
7221,205,52,64,ptr,store
7222,205,53,64,ptr,store
7223,205,54,64,ptr,store
7224,205,55,64,ptr,store
7225,205,56,64,ptr,store
7226,205,57,64,ptr,store
7227,205,58,64,ptr,store
7228,205,59,64,ptr,store
7229,205,60,64,ptr,store
7230,205,61,64,ptr,store
7231,205,62,64,ptr,store
7232,205,63,64,ptr,store
7233,206,0,64,ptr,load
7234,206,1,64,ptr,load
7235,206,2,64,ptr,load
7236,206,3,64,ptr,load
7237,206,4,64,ptr,load
7238,206,5,64,ptr,load
7239,206,6,64,ptr,load
7240,206,7,64,ptr,load
7241,206,8,64,ptr,load
7242,206,9,64,ptr,load
7243,206,10,64,ptr,load
7244,206,11,64,ptr,load
7245,206,12,64,ptr,load
7246,206,13,64,ptr,load
7247,206,14,64,ptr,load
7248,206,15,64,ptr,load
7249,206,16,64,ptr,load
7250,206,17,64,ptr,load
7251,206,18,64,ptr,load
7252,206,19,64,ptr,load
7253,206,20,64,ptr,load
7254,206,21,64,ptr,load
7255,206,22,64,ptr,load
7256,206,23,64,ptr,load
7257,206,24,64,ptr,load
7258,206,25,64,ptr,load
7259,206,26,64,ptr,load
7260,206,27,64,ptr,load
7261,206,28,64,ptr,load
7262,206,29,64,ptr,load
7263,206,30,64,ptr,load
7264,206,31,64,ptr,load
7265,206,32,64,ptr,load
7266,206,33,64,ptr,load
7267,206,34,64,ptr,load
7268,206,35,64,ptr,load
7269,206,36,64,ptr,load
7270,206,37,64,ptr,load
7271,206,38,64,ptr,load
7272,206,39,64,ptr,load
7273,206,40,64,ptr,load
7274,206,41,64,ptr,load
7275,206,42,64,ptr,load
7276,206,43,64,ptr,load
7277,206,44,64,ptr,load
7278,206,45,64,ptr,load
7279,206,46,64,ptr,load
7280,206,47,64,ptr,load
7281,206,48,64,ptr,load
7282,206,49,64,ptr,load
7283,206,50,64,ptr,load
7284,206,51,64,ptr,load
7285,206,52,64,ptr,load
7286,206,53,64,ptr,load
7287,206,54,64,ptr,load
7288,206,55,64,ptr,load
7289,206,56,64,ptr,load
7290,206,57,64,ptr,load
7291,206,58,64,ptr,load
7292,206,59,64,ptr,load
7293,206,60,64,ptr,load
7294,206,61,64,ptr,load
7295,206,62,64,ptr,load
7296,206,63,64,ptr,load
7297,207,0,64,ptr,load
7298,207,1,64,ptr,load
7299,207,2,64,ptr,load
7300,207,3,64,ptr,load
7301,207,4,64,ptr,load
7302,207,5,64,ptr,load
7303,207,6,64,ptr,load
7304,207,7,64,ptr,load
7305,207,8,64,ptr,load
7306,207,9,64,ptr,load
7307,207,10,64,ptr,load
7308,207,11,64,ptr,load
7309,207,12,64,ptr,load
7310,207,13,64,ptr,load
7311,207,14,64,ptr,load
7312,207,15,64,ptr,load
7313,207,16,64,ptr,load
7314,207,17,64,ptr,load
7315,207,18,64,ptr,load
7316,207,19,64,ptr,load
7317,207,20,64,ptr,load
7318,207,21,64,ptr,load
7319,207,22,64,ptr,load
7320,207,23,64,ptr,load
7321,207,24,64,ptr,load
7322,207,25,64,ptr,load
7323,207,26,64,ptr,load
7324,207,27,64,ptr,load
7325,207,28,64,ptr,load
7326,207,29,64,ptr,load
7327,207,30,64,ptr,load
7328,207,31,64,ptr,load
7329,207,32,64,ptr,load
7330,207,33,64,ptr,load
7331,207,34,64,ptr,load
7332,207,35,64,ptr,load
7333,207,36,64,ptr,load
7334,207,37,64,ptr,load
7335,207,38,64,ptr,load
7336,207,39,64,ptr,load
7337,207,40,64,ptr,load
7338,207,41,64,ptr,load
7339,207,42,64,ptr,load
7340,207,43,64,ptr,load
7341,207,44,64,ptr,load
7342,207,45,64,ptr,load
7343,207,46,64,ptr,load
7344,207,47,64,ptr,load
7345,207,48,64,ptr,load
7346,207,49,64,ptr,load
7347,207,50,64,ptr,load
7348,207,51,64,ptr,load
7349,207,52,64,ptr,load
7350,207,53,64,ptr,load
7351,207,54,64,ptr,load
7352,207,55,64,ptr,load
7353,207,56,64,ptr,load
7354,207,57,64,ptr,load
7355,207,58,64,ptr,load
7356,207,59,64,ptr,load
7357,207,60,64,ptr,load
7358,207,61,64,ptr,load
7359,207,62,64,ptr,load
7360,207,63,64,ptr,load
7361,210,0,64,ptr,store
7362,210,1,64,ptr,store
7363,210,2,64,ptr,store
7364,210,3,64,ptr,store
7365,210,4,64,ptr,store
7366,210,5,64,ptr,store
7367,210,6,64,ptr,store
7368,210,7,64,ptr,store
7369,210,8,64,ptr,store
7370,210,9,64,ptr,store
7371,210,10,64,ptr,store
7372,210,11,64,ptr,store
7373,210,12,64,ptr,store
7374,210,13,64,ptr,store
7375,210,14,64,ptr,store
7376,210,15,64,ptr,store
7377,210,16,64,ptr,store
7378,210,17,64,ptr,store
7379,210,18,64,ptr,store
7380,210,19,64,ptr,store
7381,210,20,64,ptr,store
7382,210,21,64,ptr,store
7383,210,22,64,ptr,store
7384,210,23,64,ptr,store
7385,210,24,64,ptr,store
7386,210,25,64,ptr,store
7387,210,26,64,ptr,store
7388,210,27,64,ptr,store
7389,210,28,64,ptr,store
7390,210,29,64,ptr,store
7391,210,30,64,ptr,store
7392,210,31,64,ptr,store
7393,210,32,64,ptr,store
7394,210,33,64,ptr,store
7395,210,34,64,ptr,store
7396,210,35,64,ptr,store
7397,210,36,64,ptr,store
7398,210,37,64,ptr,store
7399,210,38,64,ptr,store
7400,210,39,64,ptr,store
7401,210,40,64,ptr,store
7402,210,41,64,ptr,store
7403,210,42,64,ptr,store
7404,210,43,64,ptr,store
7405,210,44,64,ptr,store
7406,210,45,64,ptr,store
7407,210,46,64,ptr,store
7408,210,47,64,ptr,store
7409,210,48,64,ptr,store
7410,210,49,64,ptr,store
7411,210,50,64,ptr,store
7412,210,51,64,ptr,store
7413,210,52,64,ptr,store
7414,210,53,64,ptr,store
7415,210,54,64,ptr,store
7416,210,55,64,ptr,store
7417,210,56,64,ptr,store
7418,210,57,64,ptr,store
7419,210,58,64,ptr,store
7420,210,59,64,ptr,store
7421,210,60,64,ptr,store
7422,210,61,64,ptr,store
7423,210,62,64,ptr,store
7424,210,63,64,ptr,store
7425,211,0,64,ptr,load
7426,211,1,64,ptr,load
7427,211,2,64,ptr,load
7428,211,3,64,ptr,load
7429,211,4,64,ptr,load
7430,211,5,64,ptr,load
7431,211,6,64,ptr,load
7432,211,7,64,ptr,load
7433,211,8,64,ptr,load
7434,211,9,64,ptr,load
7435,211,10,64,ptr,load
7436,211,11,64,ptr,load
7437,211,12,64,ptr,load
7438,211,13,64,ptr,load
7439,211,14,64,ptr,load
7440,211,15,64,ptr,load
7441,211,16,64,ptr,load
7442,211,17,64,ptr,load
7443,211,18,64,ptr,load
7444,211,19,64,ptr,load
7445,211,20,64,ptr,load
7446,211,21,64,ptr,load
7447,211,22,64,ptr,load
7448,211,23,64,ptr,load
7449,211,24,64,ptr,load
7450,211,25,64,ptr,load
7451,211,26,64,ptr,load
7452,211,27,64,ptr,load
7453,211,28,64,ptr,load
7454,211,29,64,ptr,load
7455,211,30,64,ptr,load
7456,211,31,64,ptr,load
7457,211,32,64,ptr,load
7458,211,33,64,ptr,load
7459,211,34,64,ptr,load
7460,211,35,64,ptr,load
7461,211,36,64,ptr,load
7462,211,37,64,ptr,load
7463,211,38,64,ptr,load
7464,211,39,64,ptr,load
7465,211,40,64,ptr,load
7466,211,41,64,ptr,load
7467,211,42,64,ptr,load
7468,211,43,64,ptr,load
7469,211,44,64,ptr,load
7470,211,45,64,ptr,load
7471,211,46,64,ptr,load
7472,211,47,64,ptr,load
7473,211,48,64,ptr,load
7474,211,49,64,ptr,load
7475,211,50,64,ptr,load
7476,211,51,64,ptr,load
7477,211,52,64,ptr,load
7478,211,53,64,ptr,load
7479,211,54,64,ptr,load
7480,211,55,64,ptr,load
7481,211,56,64,ptr,load
7482,211,57,64,ptr,load
7483,211,58,64,ptr,load
7484,211,59,64,ptr,load
7485,211,60,64,ptr,load
7486,211,61,64,ptr,load
7487,211,62,64,ptr,load
7488,211,63,64,ptr,load
7489,214,0,64,ptr,store
7490,214,1,64,ptr,store
7491,214,2,64,ptr,store
7492,214,3,64,ptr,store
7493,214,4,64,ptr,store
7494,214,5,64,ptr,store
7495,214,6,64,ptr,store
7496,214,7,64,ptr,store
7497,214,8,64,ptr,store
7498,214,9,64,ptr,store
7499,214,10,64,ptr,store
7500,214,11,64,ptr,store
7501,214,12,64,ptr,store
7502,214,13,64,ptr,store
7503,214,14,64,ptr,store
7504,214,15,64,ptr,store
7505,214,16,64,ptr,store
7506,214,17,64,ptr,store
7507,214,18,64,ptr,store
7508,214,19,64,ptr,store
7509,214,20,64,ptr,store
7510,214,21,64,ptr,store
7511,214,22,64,ptr,store
7512,214,23,64,ptr,store
7513,214,24,64,ptr,store
7514,214,25,64,ptr,store
7515,214,26,64,ptr,store
7516,214,27,64,ptr,store
7517,214,28,64,ptr,store
7518,214,29,64,ptr,store
7519,214,30,64,ptr,store
7520,214,31,64,ptr,store
7521,214,32,64,ptr,store
7522,214,33,64,ptr,store
7523,214,34,64,ptr,store
7524,214,35,64,ptr,store
7525,214,36,64,ptr,store
7526,214,37,64,ptr,store
7527,214,38,64,ptr,store
7528,214,39,64,ptr,store
7529,214,40,64,ptr,store
7530,214,41,64,ptr,store
7531,214,42,64,ptr,store
7532,214,43,64,ptr,store
7533,214,44,64,ptr,store
7534,214,45,64,ptr,store
7535,214,46,64,ptr,store
7536,214,47,64,ptr,store
7537,214,48,64,ptr,store
7538,214,49,64,ptr,store
7539,214,50,64,ptr,store
7540,214,51,64,ptr,store
7541,214,52,64,ptr,store
7542,214,53,64,ptr,store
7543,214,54,64,ptr,store
7544,214,55,64,ptr,store
7545,214,56,64,ptr,store
7546,214,57,64,ptr,store
7547,214,58,64,ptr,store
7548,214,59,64,ptr,store
7549,214,60,64,ptr,store
7550,214,61,64,ptr,store
7551,214,62,64,ptr,store
7552,214,63,64,ptr,store
7553,215,0,64,ptr,load
7554,215,1,64,ptr,load
7555,215,2,64,ptr,load
7556,215,3,64,ptr,load
7557,215,4,64,ptr,load
7558,215,5,64,ptr,load
7559,215,6,64,ptr,load
7560,215,7,64,ptr,load
7561,215,8,64,ptr,load
7562,215,9,64,ptr,load
7563,215,10,64,ptr,load
7564,215,11,64,ptr,load
7565,215,12,64,ptr,load
7566,215,13,64,ptr,load
7567,215,14,64,ptr,load
7568,215,15,64,ptr,load
7569,215,16,64,ptr,load
7570,215,17,64,ptr,load
7571,215,18,64,ptr,load
7572,215,19,64,ptr,load
7573,215,20,64,ptr,load
7574,215,21,64,ptr,load
7575,215,22,64,ptr,load
7576,215,23,64,ptr,load
7577,215,24,64,ptr,load
7578,215,25,64,ptr,load
7579,215,26,64,ptr,load
7580,215,27,64,ptr,load
7581,215,28,64,ptr,load
7582,215,29,64,ptr,load
7583,215,30,64,ptr,load
7584,215,31,64,ptr,load
7585,215,32,64,ptr,load
7586,215,33,64,ptr,load
7587,215,34,64,ptr,load
7588,215,35,64,ptr,load
7589,215,36,64,ptr,load
7590,215,37,64,ptr,load
7591,215,38,64,ptr,load
7592,215,39,64,ptr,load
7593,215,40,64,ptr,load
7594,215,41,64,ptr,load
7595,215,42,64,ptr,load
7596,215,43,64,ptr,load
7597,215,44,64,ptr,load
7598,215,45,64,ptr,load
7599,215,46,64,ptr,load
7600,215,47,64,ptr,load
7601,215,48,64,ptr,load
7602,215,49,64,ptr,load
7603,215,50,64,ptr,load
7604,215,51,64,ptr,load
7605,215,52,64,ptr,load
7606,215,53,64,ptr,load
7607,215,54,64,ptr,load
7608,215,55,64,ptr,load
7609,215,56,64,ptr,load
7610,215,57,64,ptr,load
7611,215,58,64,ptr,load
7612,215,59,64,ptr,load
7613,215,60,64,ptr,load
7614,215,61,64,ptr,load
7615,215,62,64,ptr,load
7616,215,63,64,ptr,load
7617,221,0,64,ptr,store
7618,221,1,64,ptr,store
7619,221,2,64,ptr,store
7620,221,3,64,ptr,store
7621,221,4,64,ptr,store
7622,221,5,64,ptr,store
7623,221,6,64,ptr,store
7624,221,7,64,ptr,store
7625,221,8,64,ptr,store
7626,221,9,64,ptr,store
7627,221,10,64,ptr,store
7628,221,11,64,ptr,store
7629,221,12,64,ptr,store
7630,221,13,64,ptr,store
7631,221,14,64,ptr,store
7632,221,15,64,ptr,store
7633,221,16,64,ptr,store
7634,221,17,64,ptr,store
7635,221,18,64,ptr,store
7636,221,19,64,ptr,store
7637,221,20,64,ptr,store
7638,221,21,64,ptr,store
7639,221,22,64,ptr,store
7640,221,23,64,ptr,store
7641,221,24,64,ptr,store
7642,221,25,64,ptr,store
7643,221,26,64,ptr,store
7644,221,27,64,ptr,store
7645,221,28,64,ptr,store
7646,221,29,64,ptr,store
7647,221,30,64,ptr,store
7648,221,31,64,ptr,store
7649,221,32,64,ptr,store
7650,221,33,64,ptr,store
7651,221,34,64,ptr,store
7652,221,35,64,ptr,store
7653,221,36,64,ptr,store
7654,221,37,64,ptr,store
7655,221,38,64,ptr,store
7656,221,39,64,ptr,store
7657,221,40,64,ptr,store
7658,221,41,64,ptr,store
7659,221,42,64,ptr,store
7660,221,43,64,ptr,store
7661,221,44,64,ptr,store
7662,221,45,64,ptr,store
7663,221,46,64,ptr,store
7664,221,47,64,ptr,store
7665,221,48,64,ptr,store
7666,221,49,64,ptr,store
7667,221,50,64,ptr,store
7668,221,51,64,ptr,store
7669,221,52,64,ptr,store
7670,221,53,64,ptr,store
7671,221,54,64,ptr,store
7672,221,55,64,ptr,store
7673,221,56,64,ptr,store
7674,221,57,64,ptr,store
7675,221,58,64,ptr,store
7676,221,59,64,ptr,store
7677,221,60,64,ptr,store
7678,221,61,64,ptr,store
7679,221,62,64,ptr,store
7680,221,63,64,ptr,store
7681,222,0,64,ptr,store
7682,222,1,64,ptr,store
7683,222,2,64,ptr,store
7684,222,3,64,ptr,store
7685,222,4,64,ptr,store
7686,222,5,64,ptr,store
7687,222,6,64,ptr,store
7688,222,7,64,ptr,store
7689,222,8,64,ptr,store
7690,222,9,64,ptr,store
7691,222,10,64,ptr,store
7692,222,11,64,ptr,store
7693,222,12,64,ptr,store
7694,222,13,64,ptr,store
7695,222,14,64,ptr,store
7696,222,15,64,ptr,store
7697,222,16,64,ptr,store
7698,222,17,64,ptr,store
7699,222,18,64,ptr,store
7700,222,19,64,ptr,store
7701,222,20,64,ptr,store
7702,222,21,64,ptr,store
7703,222,22,64,ptr,store
7704,222,23,64,ptr,store
7705,222,24,64,ptr,store
7706,222,25,64,ptr,store
7707,222,26,64,ptr,store
7708,222,27,64,ptr,store
7709,222,28,64,ptr,store
7710,222,29,64,ptr,store
7711,222,30,64,ptr,store
7712,222,31,64,ptr,store
7713,222,32,64,ptr,store
7714,222,33,64,ptr,store
7715,222,34,64,ptr,store
7716,222,35,64,ptr,store
7717,222,36,64,ptr,store
7718,222,37,64,ptr,store
7719,222,38,64,ptr,store
7720,222,39,64,ptr,store
7721,222,40,64,ptr,store
7722,222,41,64,ptr,store
7723,222,42,64,ptr,store
7724,222,43,64,ptr,store
7725,222,44,64,ptr,store
7726,222,45,64,ptr,store
7727,222,46,64,ptr,store
7728,222,47,64,ptr,store
7729,222,48,64,ptr,store
7730,222,49,64,ptr,store
7731,222,50,64,ptr,store
7732,222,51,64,ptr,store
7733,222,52,64,ptr,store
7734,222,53,64,ptr,store
7735,222,54,64,ptr,store
7736,222,55,64,ptr,store
7737,222,56,64,ptr,store
7738,222,57,64,ptr,store
7739,222,58,64,ptr,store
7740,222,59,64,ptr,store
7741,222,60,64,ptr,store
7742,222,61,64,ptr,store
7743,222,62,64,ptr,store
7744,222,63,64,ptr,store
7745,223,0,64,ptr,load
7746,223,1,64,ptr,load
7747,223,2,64,ptr,load
7748,223,3,64,ptr,load
7749,223,4,64,ptr,load
7750,223,5,64,ptr,load
7751,223,6,64,ptr,load
7752,223,7,64,ptr,load
7753,223,8,64,ptr,load
7754,223,9,64,ptr,load
7755,223,10,64,ptr,load
7756,223,11,64,ptr,load
7757,223,12,64,ptr,load
7758,223,13,64,ptr,load
7759,223,14,64,ptr,load
7760,223,15,64,ptr,load
7761,223,16,64,ptr,load
7762,223,17,64,ptr,load
7763,223,18,64,ptr,load
7764,223,19,64,ptr,load
7765,223,20,64,ptr,load
7766,223,21,64,ptr,load
7767,223,22,64,ptr,load
7768,223,23,64,ptr,load
7769,223,24,64,ptr,load
7770,223,25,64,ptr,load
7771,223,26,64,ptr,load
7772,223,27,64,ptr,load
7773,223,28,64,ptr,load
7774,223,29,64,ptr,load
7775,223,30,64,ptr,load
7776,223,31,64,ptr,load
7777,223,32,64,ptr,load
7778,223,33,64,ptr,load
7779,223,34,64,ptr,load
7780,223,35,64,ptr,load
7781,223,36,64,ptr,load
7782,223,37,64,ptr,load
7783,223,38,64,ptr,load
7784,223,39,64,ptr,load
7785,223,40,64,ptr,load
7786,223,41,64,ptr,load
7787,223,42,64,ptr,load
7788,223,43,64,ptr,load
7789,223,44,64,ptr,load
7790,223,45,64,ptr,load
7791,223,46,64,ptr,load
7792,223,47,64,ptr,load
7793,223,48,64,ptr,load
7794,223,49,64,ptr,load
7795,223,50,64,ptr,load
7796,223,51,64,ptr,load
7797,223,52,64,ptr,load
7798,223,53,64,ptr,load
7799,223,54,64,ptr,load
7800,223,55,64,ptr,load
7801,223,56,64,ptr,load
7802,223,57,64,ptr,load
7803,223,58,64,ptr,load
7804,223,59,64,ptr,load
7805,223,60,64,ptr,load
7806,223,61,64,ptr,load
7807,223,62,64,ptr,load
7808,223,63,64,ptr,load
7809,224,0,64,ptr,load
7810,224,1,64,ptr,load
7811,224,2,64,ptr,load
7812,224,3,64,ptr,load
7813,224,4,64,ptr,load
7814,224,5,64,ptr,load
7815,224,6,64,ptr,load
7816,224,7,64,ptr,load
7817,224,8,64,ptr,load
7818,224,9,64,ptr,load
7819,224,10,64,ptr,load
7820,224,11,64,ptr,load
7821,224,12,64,ptr,load
7822,224,13,64,ptr,load
7823,224,14,64,ptr,load
7824,224,15,64,ptr,load
7825,224,16,64,ptr,load
7826,224,17,64,ptr,load
7827,224,18,64,ptr,load
7828,224,19,64,ptr,load
7829,224,20,64,ptr,load
7830,224,21,64,ptr,load
7831,224,22,64,ptr,load
7832,224,23,64,ptr,load
7833,224,24,64,ptr,load
7834,224,25,64,ptr,load
7835,224,26,64,ptr,load
7836,224,27,64,ptr,load
7837,224,28,64,ptr,load
7838,224,29,64,ptr,load
7839,224,30,64,ptr,load
7840,224,31,64,ptr,load
7841,224,32,64,ptr,load
7842,224,33,64,ptr,load
7843,224,34,64,ptr,load
7844,224,35,64,ptr,load
7845,224,36,64,ptr,load
7846,224,37,64,ptr,load
7847,224,38,64,ptr,load
7848,224,39,64,ptr,load
7849,224,40,64,ptr,load
7850,224,41,64,ptr,load
7851,224,42,64,ptr,load
7852,224,43,64,ptr,load
7853,224,44,64,ptr,load
7854,224,45,64,ptr,load
7855,224,46,64,ptr,load
7856,224,47,64,ptr,load
7857,224,48,64,ptr,load
7858,224,49,64,ptr,load
7859,224,50,64,ptr,load
7860,224,51,64,ptr,load
7861,224,52,64,ptr,load
7862,224,53,64,ptr,load
7863,224,54,64,ptr,load
7864,224,55,64,ptr,load
7865,224,56,64,ptr,load
7866,224,57,64,ptr,load
7867,224,58,64,ptr,load
7868,224,59,64,ptr,load
7869,224,60,64,ptr,load
7870,224,61,64,ptr,load
7871,224,62,64,ptr,load
7872,224,63,64,ptr,load
7873,228,0,64,ptr,store
7874,228,1,64,ptr,store
7875,228,2,64,ptr,store
7876,228,3,64,ptr,store
7877,228,4,64,ptr,store
7878,228,5,64,ptr,store
7879,228,6,64,ptr,store
7880,228,7,64,ptr,store
7881,228,8,64,ptr,store
7882,228,9,64,ptr,store
7883,228,10,64,ptr,store
7884,228,11,64,ptr,store
7885,228,12,64,ptr,store
7886,228,13,64,ptr,store
7887,228,14,64,ptr,store
7888,228,15,64,ptr,store
7889,228,16,64,ptr,store
7890,228,17,64,ptr,store
7891,228,18,64,ptr,store
7892,228,19,64,ptr,store
7893,228,20,64,ptr,store
7894,228,21,64,ptr,store
7895,228,22,64,ptr,store
7896,228,23,64,ptr,store
7897,228,24,64,ptr,store
7898,228,25,64,ptr,store
7899,228,26,64,ptr,store
7900,228,27,64,ptr,store
7901,228,28,64,ptr,store
7902,228,29,64,ptr,store
7903,228,30,64,ptr,store
7904,228,31,64,ptr,store
7905,228,32,64,ptr,store
7906,228,33,64,ptr,store
7907,228,34,64,ptr,store
7908,228,35,64,ptr,store
7909,228,36,64,ptr,store
7910,228,37,64,ptr,store
7911,228,38,64,ptr,store
7912,228,39,64,ptr,store
7913,228,40,64,ptr,store
7914,228,41,64,ptr,store
7915,228,42,64,ptr,store
7916,228,43,64,ptr,store
7917,228,44,64,ptr,store
7918,228,45,64,ptr,store
7919,228,46,64,ptr,store
7920,228,47,64,ptr,store
7921,228,48,64,ptr,store
7922,228,49,64,ptr,store
7923,228,50,64,ptr,store
7924,228,51,64,ptr,store
7925,228,52,64,ptr,store
7926,228,53,64,ptr,store
7927,228,54,64,ptr,store
7928,228,55,64,ptr,store
7929,228,56,64,ptr,store
7930,228,57,64,ptr,store
7931,228,58,64,ptr,store
7932,228,59,64,ptr,store
7933,228,60,64,ptr,store
7934,228,61,64,ptr,store
7935,228,62,64,ptr,store
7936,228,63,64,ptr,store
7937,229,0,64,ptr,store
7938,229,1,64,ptr,store
7939,229,2,64,ptr,store
7940,229,3,64,ptr,store
7941,229,4,64,ptr,store
7942,229,5,64,ptr,store
7943,229,6,64,ptr,store
7944,229,7,64,ptr,store
7945,229,8,64,ptr,store
7946,229,9,64,ptr,store
7947,229,10,64,ptr,store
7948,229,11,64,ptr,store
7949,229,12,64,ptr,store
7950,229,13,64,ptr,store
7951,229,14,64,ptr,store
7952,229,15,64,ptr,store
7953,229,16,64,ptr,store
7954,229,17,64,ptr,store
7955,229,18,64,ptr,store
7956,229,19,64,ptr,store
7957,229,20,64,ptr,store
7958,229,21,64,ptr,store
7959,229,22,64,ptr,store
7960,229,23,64,ptr,store
7961,229,24,64,ptr,store
7962,229,25,64,ptr,store
7963,229,26,64,ptr,store
7964,229,27,64,ptr,store
7965,229,28,64,ptr,store
7966,229,29,64,ptr,store
7967,229,30,64,ptr,store
7968,229,31,64,ptr,store
7969,229,32,64,ptr,store
7970,229,33,64,ptr,store
7971,229,34,64,ptr,store
7972,229,35,64,ptr,store
7973,229,36,64,ptr,store
7974,229,37,64,ptr,store
7975,229,38,64,ptr,store
7976,229,39,64,ptr,store
7977,229,40,64,ptr,store
7978,229,41,64,ptr,store
7979,229,42,64,ptr,store
7980,229,43,64,ptr,store
7981,229,44,64,ptr,store
7982,229,45,64,ptr,store
7983,229,46,64,ptr,store
7984,229,47,64,ptr,store
7985,229,48,64,ptr,store
7986,229,49,64,ptr,store
7987,229,50,64,ptr,store
7988,229,51,64,ptr,store
7989,229,52,64,ptr,store
7990,229,53,64,ptr,store
7991,229,54,64,ptr,store
7992,229,55,64,ptr,store
7993,229,56,64,ptr,store
7994,229,57,64,ptr,store
7995,229,58,64,ptr,store
7996,229,59,64,ptr,store
7997,229,60,64,ptr,store
7998,229,61,64,ptr,store
7999,229,62,64,ptr,store
8000,229,63,64,ptr,store
8001,230,0,64,ptr,load
8002,230,1,64,ptr,load
8003,230,2,64,ptr,load
8004,230,3,64,ptr,load
8005,230,4,64,ptr,load
8006,230,5,64,ptr,load
8007,230,6,64,ptr,load
8008,230,7,64,ptr,load
8009,230,8,64,ptr,load
8010,230,9,64,ptr,load
8011,230,10,64,ptr,load
8012,230,11,64,ptr,load
8013,230,12,64,ptr,load
8014,230,13,64,ptr,load
8015,230,14,64,ptr,load
8016,230,15,64,ptr,load
8017,230,16,64,ptr,load
8018,230,17,64,ptr,load
8019,230,18,64,ptr,load
8020,230,19,64,ptr,load
8021,230,20,64,ptr,load
8022,230,21,64,ptr,load
8023,230,22,64,ptr,load
8024,230,23,64,ptr,load
8025,230,24,64,ptr,load
8026,230,25,64,ptr,load
8027,230,26,64,ptr,load
8028,230,27,64,ptr,load
8029,230,28,64,ptr,load
8030,230,29,64,ptr,load
8031,230,30,64,ptr,load
8032,230,31,64,ptr,load
8033,230,32,64,ptr,load
8034,230,33,64,ptr,load
8035,230,34,64,ptr,load
8036,230,35,64,ptr,load
8037,230,36,64,ptr,load
8038,230,37,64,ptr,load
8039,230,38,64,ptr,load
8040,230,39,64,ptr,load
8041,230,40,64,ptr,load
8042,230,41,64,ptr,load
8043,230,42,64,ptr,load
8044,230,43,64,ptr,load
8045,230,44,64,ptr,load
8046,230,45,64,ptr,load
8047,230,46,64,ptr,load
8048,230,47,64,ptr,load
8049,230,48,64,ptr,load
8050,230,49,64,ptr,load
8051,230,50,64,ptr,load
8052,230,51,64,ptr,load
8053,230,52,64,ptr,load
8054,230,53,64,ptr,load
8055,230,54,64,ptr,load
8056,230,55,64,ptr,load
8057,230,56,64,ptr,load
8058,230,57,64,ptr,load
8059,230,58,64,ptr,load
8060,230,59,64,ptr,load
8061,230,60,64,ptr,load
8062,230,61,64,ptr,load
8063,230,62,64,ptr,load
8064,230,63,64,ptr,load
8065,232,0,64,ptr,load
8066,232,1,64,ptr,load
8067,232,2,64,ptr,load
8068,232,3,64,ptr,load
8069,232,4,64,ptr,load
8070,232,5,64,ptr,load
8071,232,6,64,ptr,load
8072,232,7,64,ptr,load
8073,232,8,64,ptr,load
8074,232,9,64,ptr,load
8075,232,10,64,ptr,load
8076,232,11,64,ptr,load
8077,232,12,64,ptr,load
8078,232,13,64,ptr,load
8079,232,14,64,ptr,load
8080,232,15,64,ptr,load
8081,232,16,64,ptr,load
8082,232,17,64,ptr,load
8083,232,18,64,ptr,load
8084,232,19,64,ptr,load
8085,232,20,64,ptr,load
8086,232,21,64,ptr,load
8087,232,22,64,ptr,load
8088,232,23,64,ptr,load
8089,232,24,64,ptr,load
8090,232,25,64,ptr,load
8091,232,26,64,ptr,load
8092,232,27,64,ptr,load
8093,232,28,64,ptr,load
8094,232,29,64,ptr,load
8095,232,30,64,ptr,load
8096,232,31,64,ptr,load
8097,232,32,64,ptr,load
8098,232,33,64,ptr,load
8099,232,34,64,ptr,load
8100,232,35,64,ptr,load
8101,232,36,64,ptr,load
8102,232,37,64,ptr,load
8103,232,38,64,ptr,load
8104,232,39,64,ptr,load
8105,232,40,64,ptr,load
8106,232,41,64,ptr,load
8107,232,42,64,ptr,load
8108,232,43,64,ptr,load
8109,232,44,64,ptr,load
8110,232,45,64,ptr,load
8111,232,46,64,ptr,load
8112,232,47,64,ptr,load
8113,232,48,64,ptr,load
8114,232,49,64,ptr,load
8115,232,50,64,ptr,load
8116,232,51,64,ptr,load
8117,232,52,64,ptr,load
8118,232,53,64,ptr,load
8119,232,54,64,ptr,load
8120,232,55,64,ptr,load
8121,232,56,64,ptr,load
8122,232,57,64,ptr,load
8123,232,58,64,ptr,load
8124,232,59,64,ptr,load
8125,232,60,64,ptr,load
8126,232,61,64,ptr,load
8127,232,62,64,ptr,load
8128,232,63,64,ptr,load
8129,243,0,64,ptr,store
8130,243,1,64,ptr,store
8131,243,2,64,ptr,store
8132,243,3,64,ptr,store
8133,243,4,64,ptr,store
8134,243,5,64,ptr,store
8135,243,6,64,ptr,store
8136,243,7,64,ptr,store
8137,243,8,64,ptr,store
8138,243,9,64,ptr,store
8139,243,10,64,ptr,store
8140,243,11,64,ptr,store
8141,243,12,64,ptr,store
8142,243,13,64,ptr,store
8143,243,14,64,ptr,store
8144,243,15,64,ptr,store
8145,243,16,64,ptr,store
8146,243,17,64,ptr,store
8147,243,18,64,ptr,store
8148,243,19,64,ptr,store
8149,243,20,64,ptr,store
8150,243,21,64,ptr,store
8151,243,22,64,ptr,store
8152,243,23,64,ptr,store
8153,243,24,64,ptr,store
8154,243,25,64,ptr,store
8155,243,26,64,ptr,store
8156,243,27,64,ptr,store
8157,243,28,64,ptr,store
8158,243,29,64,ptr,store
8159,243,30,64,ptr,store
8160,243,31,64,ptr,store
8161,243,32,64,ptr,store
8162,243,33,64,ptr,store
8163,243,34,64,ptr,store
8164,243,35,64,ptr,store
8165,243,36,64,ptr,store
8166,243,37,64,ptr,store
8167,243,38,64,ptr,store
8168,243,39,64,ptr,store
8169,243,40,64,ptr,store
8170,243,41,64,ptr,store
8171,243,42,64,ptr,store
8172,243,43,64,ptr,store
8173,243,44,64,ptr,store
8174,243,45,64,ptr,store
8175,243,46,64,ptr,store
8176,243,47,64,ptr,store
8177,243,48,64,ptr,store
8178,243,49,64,ptr,store
8179,243,50,64,ptr,store
8180,243,51,64,ptr,store
8181,243,52,64,ptr,store
8182,243,53,64,ptr,store
8183,243,54,64,ptr,store
8184,243,55,64,ptr,store
8185,243,56,64,ptr,store
8186,243,57,64,ptr,store
8187,243,58,64,ptr,store
8188,243,59,64,ptr,store
8189,243,60,64,ptr,store
8190,243,61,64,ptr,store
8191,243,62,64,ptr,store
8192,243,63,64,ptr,store
8193,244,0,64,ptr,store
8194,244,1,64,ptr,store
8195,244,2,64,ptr,store
8196,244,3,64,ptr,store
8197,244,4,64,ptr,store
8198,244,5,64,ptr,store
8199,244,6,64,ptr,store
8200,244,7,64,ptr,store
8201,244,8,64,ptr,store
8202,244,9,64,ptr,store
8203,244,10,64,ptr,store
8204,244,11,64,ptr,store
8205,244,12,64,ptr,store
8206,244,13,64,ptr,store
8207,244,14,64,ptr,store
8208,244,15,64,ptr,store
8209,244,16,64,ptr,store
8210,244,17,64,ptr,store
8211,244,18,64,ptr,store
8212,244,19,64,ptr,store
8213,244,20,64,ptr,store
8214,244,21,64,ptr,store
8215,244,22,64,ptr,store
8216,244,23,64,ptr,store
8217,244,24,64,ptr,store
8218,244,25,64,ptr,store
8219,244,26,64,ptr,store
8220,244,27,64,ptr,store
8221,244,28,64,ptr,store
8222,244,29,64,ptr,store
8223,244,30,64,ptr,store
8224,244,31,64,ptr,store
8225,244,32,64,ptr,store
8226,244,33,64,ptr,store
8227,244,34,64,ptr,store
8228,244,35,64,ptr,store
8229,244,36,64,ptr,store
8230,244,37,64,ptr,store
8231,244,38,64,ptr,store
8232,244,39,64,ptr,store
8233,244,40,64,ptr,store
8234,244,41,64,ptr,store
8235,244,42,64,ptr,store
8236,244,43,64,ptr,store
8237,244,44,64,ptr,store
8238,244,45,64,ptr,store
8239,244,46,64,ptr,store
8240,244,47,64,ptr,store
8241,244,48,64,ptr,store
8242,244,49,64,ptr,store
8243,244,50,64,ptr,store
8244,244,51,64,ptr,store
8245,244,52,64,ptr,store
8246,244,53,64,ptr,store
8247,244,54,64,ptr,store
8248,244,55,64,ptr,store
8249,244,56,64,ptr,store
8250,244,57,64,ptr,store
8251,244,58,64,ptr,store
8252,244,59,64,ptr,store
8253,244,60,64,ptr,store
8254,244,61,64,ptr,store
8255,244,62,64,ptr,store
8256,244,63,64,ptr,store
8257,245,0,64,ptr,store
8258,245,1,64,ptr,store
8259,245,2,64,ptr,store
8260,245,3,64,ptr,store
8261,245,4,64,ptr,store
8262,245,5,64,ptr,store
8263,245,6,64,ptr,store
8264,245,7,64,ptr,store
8265,245,8,64,ptr,store
8266,245,9,64,ptr,store
8267,245,10,64,ptr,store
8268,245,11,64,ptr,store
8269,245,12,64,ptr,store
8270,245,13,64,ptr,store
8271,245,14,64,ptr,store
8272,245,15,64,ptr,store
8273,245,16,64,ptr,store
8274,245,17,64,ptr,store
8275,245,18,64,ptr,store
8276,245,19,64,ptr,store
8277,245,20,64,ptr,store
8278,245,21,64,ptr,store
8279,245,22,64,ptr,store
8280,245,23,64,ptr,store
8281,245,24,64,ptr,store
8282,245,25,64,ptr,store
8283,245,26,64,ptr,store
8284,245,27,64,ptr,store
8285,245,28,64,ptr,store
8286,245,29,64,ptr,store
8287,245,30,64,ptr,store
8288,245,31,64,ptr,store
8289,245,32,64,ptr,store
8290,245,33,64,ptr,store
8291,245,34,64,ptr,store
8292,245,35,64,ptr,store
8293,245,36,64,ptr,store
8294,245,37,64,ptr,store
8295,245,38,64,ptr,store
8296,245,39,64,ptr,store
8297,245,40,64,ptr,store
8298,245,41,64,ptr,store
8299,245,42,64,ptr,store
8300,245,43,64,ptr,store
8301,245,44,64,ptr,store
8302,245,45,64,ptr,store
8303,245,46,64,ptr,store
8304,245,47,64,ptr,store
8305,245,48,64,ptr,store
8306,245,49,64,ptr,store
8307,245,50,64,ptr,store
8308,245,51,64,ptr,store
8309,245,52,64,ptr,store
8310,245,53,64,ptr,store
8311,245,54,64,ptr,store
8312,245,55,64,ptr,store
8313,245,56,64,ptr,store
8314,245,57,64,ptr,store
8315,245,58,64,ptr,store
8316,245,59,64,ptr,store
8317,245,60,64,ptr,store
8318,245,61,64,ptr,store
8319,245,62,64,ptr,store
8320,245,63,64,ptr,store
8321,246,0,64,ptr,load
8322,246,1,64,ptr,load
8323,246,2,64,ptr,load
8324,246,3,64,ptr,load
8325,246,4,64,ptr,load
8326,246,5,64,ptr,load
8327,246,6,64,ptr,load
8328,246,7,64,ptr,load
8329,246,8,64,ptr,load
8330,246,9,64,ptr,load
8331,246,10,64,ptr,load
8332,246,11,64,ptr,load
8333,246,12,64,ptr,load
8334,246,13,64,ptr,load
8335,246,14,64,ptr,load
8336,246,15,64,ptr,load
8337,246,16,64,ptr,load
8338,246,17,64,ptr,load
8339,246,18,64,ptr,load
8340,246,19,64,ptr,load
8341,246,20,64,ptr,load
8342,246,21,64,ptr,load
8343,246,22,64,ptr,load
8344,246,23,64,ptr,load
8345,246,24,64,ptr,load
8346,246,25,64,ptr,load
8347,246,26,64,ptr,load
8348,246,27,64,ptr,load
8349,246,28,64,ptr,load
8350,246,29,64,ptr,load
8351,246,30,64,ptr,load
8352,246,31,64,ptr,load
8353,246,32,64,ptr,load
8354,246,33,64,ptr,load
8355,246,34,64,ptr,load
8356,246,35,64,ptr,load
8357,246,36,64,ptr,load
8358,246,37,64,ptr,load
8359,246,38,64,ptr,load
8360,246,39,64,ptr,load
8361,246,40,64,ptr,load
8362,246,41,64,ptr,load
8363,246,42,64,ptr,load
8364,246,43,64,ptr,load
8365,246,44,64,ptr,load
8366,246,45,64,ptr,load
8367,246,46,64,ptr,load
8368,246,47,64,ptr,load
8369,246,48,64,ptr,load
8370,246,49,64,ptr,load
8371,246,50,64,ptr,load
8372,246,51,64,ptr,load
8373,246,52,64,ptr,load
8374,246,53,64,ptr,load
8375,246,54,64,ptr,load
8376,246,55,64,ptr,load
8377,246,56,64,ptr,load
8378,246,57,64,ptr,load
8379,246,58,64,ptr,load
8380,246,59,64,ptr,load
8381,246,60,64,ptr,load
8382,246,61,64,ptr,load
8383,246,62,64,ptr,load
8384,246,63,64,ptr,load
8385,247,0,64,ptr,load
8386,247,1,64,ptr,load
8387,247,2,64,ptr,load
8388,247,3,64,ptr,load
8389,247,4,64,ptr,load
8390,247,5,64,ptr,load
8391,247,6,64,ptr,load
8392,247,7,64,ptr,load
8393,247,8,64,ptr,load
8394,247,9,64,ptr,load
8395,247,10,64,ptr,load
8396,247,11,64,ptr,load
8397,247,12,64,ptr,load
8398,247,13,64,ptr,load
8399,247,14,64,ptr,load
8400,247,15,64,ptr,load
8401,247,16,64,ptr,load
8402,247,17,64,ptr,load
8403,247,18,64,ptr,load
8404,247,19,64,ptr,load
8405,247,20,64,ptr,load
8406,247,21,64,ptr,load
8407,247,22,64,ptr,load
8408,247,23,64,ptr,load
8409,247,24,64,ptr,load
8410,247,25,64,ptr,load
8411,247,26,64,ptr,load
8412,247,27,64,ptr,load
8413,247,28,64,ptr,load
8414,247,29,64,ptr,load
8415,247,30,64,ptr,load
8416,247,31,64,ptr,load
8417,247,32,64,ptr,load
8418,247,33,64,ptr,load
8419,247,34,64,ptr,load
8420,247,35,64,ptr,load
8421,247,36,64,ptr,load
8422,247,37,64,ptr,load
8423,247,38,64,ptr,load
8424,247,39,64,ptr,load
8425,247,40,64,ptr,load
8426,247,41,64,ptr,load
8427,247,42,64,ptr,load
8428,247,43,64,ptr,load
8429,247,44,64,ptr,load
8430,247,45,64,ptr,load
8431,247,46,64,ptr,load
8432,247,47,64,ptr,load
8433,247,48,64,ptr,load
8434,247,49,64,ptr,load
8435,247,50,64,ptr,load
8436,247,51,64,ptr,load
8437,247,52,64,ptr,load
8438,247,53,64,ptr,load
8439,247,54,64,ptr,load
8440,247,55,64,ptr,load
8441,247,56,64,ptr,load
8442,247,57,64,ptr,load
8443,247,58,64,ptr,load
8444,247,59,64,ptr,load
8445,247,60,64,ptr,load
8446,247,61,64,ptr,load
8447,247,62,64,ptr,load
8448,247,63,64,ptr,load
8449,248,0,64,ptr,load
8450,248,1,64,ptr,load
8451,248,2,64,ptr,load
8452,248,3,64,ptr,load
8453,248,4,64,ptr,load
8454,248,5,64,ptr,load
8455,248,6,64,ptr,load
8456,248,7,64,ptr,load
8457,248,8,64,ptr,load
8458,248,9,64,ptr,load
8459,248,10,64,ptr,load
8460,248,11,64,ptr,load
8461,248,12,64,ptr,load
8462,248,13,64,ptr,load
8463,248,14,64,ptr,load
8464,248,15,64,ptr,load
8465,248,16,64,ptr,load
8466,248,17,64,ptr,load
8467,248,18,64,ptr,load
8468,248,19,64,ptr,load
8469,248,20,64,ptr,load
8470,248,21,64,ptr,load
8471,248,22,64,ptr,load
8472,248,23,64,ptr,load
8473,248,24,64,ptr,load
8474,248,25,64,ptr,load
8475,248,26,64,ptr,load
8476,248,27,64,ptr,load
8477,248,28,64,ptr,load
8478,248,29,64,ptr,load
8479,248,30,64,ptr,load
8480,248,31,64,ptr,load
8481,248,32,64,ptr,load
8482,248,33,64,ptr,load
8483,248,34,64,ptr,load
8484,248,35,64,ptr,load
8485,248,36,64,ptr,load
8486,248,37,64,ptr,load
8487,248,38,64,ptr,load
8488,248,39,64,ptr,load
8489,248,40,64,ptr,load
8490,248,41,64,ptr,load
8491,248,42,64,ptr,load
8492,248,43,64,ptr,load
8493,248,44,64,ptr,load
8494,248,45,64,ptr,load
8495,248,46,64,ptr,load
8496,248,47,64,ptr,load
8497,248,48,64,ptr,load
8498,248,49,64,ptr,load
8499,248,50,64,ptr,load
8500,248,51,64,ptr,load
8501,248,52,64,ptr,load
8502,248,53,64,ptr,load
8503,248,54,64,ptr,load
8504,248,55,64,ptr,load
8505,248,56,64,ptr,load
8506,248,57,64,ptr,load
8507,248,58,64,ptr,load
8508,248,59,64,ptr,load
8509,248,60,64,ptr,load
8510,248,61,64,ptr,load
8511,248,62,64,ptr,load
8512,248,63,64,ptr,load
8513,256,0,64,ptr,store
8514,256,1,64,ptr,store
8515,256,2,64,ptr,store
8516,256,3,64,ptr,store
8517,256,4,64,ptr,store
8518,256,5,64,ptr,store
8519,256,6,64,ptr,store
8520,256,7,64,ptr,store
8521,256,8,64,ptr,store
8522,256,9,64,ptr,store
8523,256,10,64,ptr,store
8524,256,11,64,ptr,store
8525,256,12,64,ptr,store
8526,256,13,64,ptr,store
8527,256,14,64,ptr,store
8528,256,15,64,ptr,store
8529,256,16,64,ptr,store
8530,256,17,64,ptr,store
8531,256,18,64,ptr,store
8532,256,19,64,ptr,store
8533,256,20,64,ptr,store
8534,256,21,64,ptr,store
8535,256,22,64,ptr,store
8536,256,23,64,ptr,store
8537,256,24,64,ptr,store
8538,256,25,64,ptr,store
8539,256,26,64,ptr,store
8540,256,27,64,ptr,store
8541,256,28,64,ptr,store
8542,256,29,64,ptr,store
8543,256,30,64,ptr,store
8544,256,31,64,ptr,store
8545,256,32,64,ptr,store
8546,256,33,64,ptr,store
8547,256,34,64,ptr,store
8548,256,35,64,ptr,store
8549,256,36,64,ptr,store
8550,256,37,64,ptr,store
8551,256,38,64,ptr,store
8552,256,39,64,ptr,store
8553,256,40,64,ptr,store
8554,256,41,64,ptr,store
8555,256,42,64,ptr,store
8556,256,43,64,ptr,store
8557,256,44,64,ptr,store
8558,256,45,64,ptr,store
8559,256,46,64,ptr,store
8560,256,47,64,ptr,store
8561,256,48,64,ptr,store
8562,256,49,64,ptr,store
8563,256,50,64,ptr,store
8564,256,51,64,ptr,store
8565,256,52,64,ptr,store
8566,256,53,64,ptr,store
8567,256,54,64,ptr,store
8568,256,55,64,ptr,store
8569,256,56,64,ptr,store
8570,256,57,64,ptr,store
8571,256,58,64,ptr,store
8572,256,59,64,ptr,store
8573,256,60,64,ptr,store
8574,256,61,64,ptr,store
8575,256,62,64,ptr,store
8576,256,63,64,ptr,store
8577,257,0,64,ptr,store
8578,257,1,64,ptr,store
8579,257,2,64,ptr,store
8580,257,3,64,ptr,store
8581,257,4,64,ptr,store
8582,257,5,64,ptr,store
8583,257,6,64,ptr,store
8584,257,7,64,ptr,store
8585,257,8,64,ptr,store
8586,257,9,64,ptr,store
8587,257,10,64,ptr,store
8588,257,11,64,ptr,store
8589,257,12,64,ptr,store
8590,257,13,64,ptr,store
8591,257,14,64,ptr,store
8592,257,15,64,ptr,store
8593,257,16,64,ptr,store
8594,257,17,64,ptr,store
8595,257,18,64,ptr,store
8596,257,19,64,ptr,store
8597,257,20,64,ptr,store
8598,257,21,64,ptr,store
8599,257,22,64,ptr,store
8600,257,23,64,ptr,store
8601,257,24,64,ptr,store
8602,257,25,64,ptr,store
8603,257,26,64,ptr,store
8604,257,27,64,ptr,store
8605,257,28,64,ptr,store
8606,257,29,64,ptr,store
8607,257,30,64,ptr,store
8608,257,31,64,ptr,store
8609,257,32,64,ptr,store
8610,257,33,64,ptr,store
8611,257,34,64,ptr,store
8612,257,35,64,ptr,store
8613,257,36,64,ptr,store
8614,257,37,64,ptr,store
8615,257,38,64,ptr,store
8616,257,39,64,ptr,store
8617,257,40,64,ptr,store
8618,257,41,64,ptr,store
8619,257,42,64,ptr,store
8620,257,43,64,ptr,store
8621,257,44,64,ptr,store
8622,257,45,64,ptr,store
8623,257,46,64,ptr,store
8624,257,47,64,ptr,store
8625,257,48,64,ptr,store
8626,257,49,64,ptr,store
8627,257,50,64,ptr,store
8628,257,51,64,ptr,store
8629,257,52,64,ptr,store
8630,257,53,64,ptr,store
8631,257,54,64,ptr,store
8632,257,55,64,ptr,store
8633,257,56,64,ptr,store
8634,257,57,64,ptr,store
8635,257,58,64,ptr,store
8636,257,59,64,ptr,store
8637,257,60,64,ptr,store
8638,257,61,64,ptr,store
8639,257,62,64,ptr,store
8640,257,63,64,ptr,store
8641,258,0,64,ptr,store
8642,258,1,64,ptr,store
8643,258,2,64,ptr,store
8644,258,3,64,ptr,store
8645,258,4,64,ptr,store
8646,258,5,64,ptr,store
8647,258,6,64,ptr,store
8648,258,7,64,ptr,store
8649,258,8,64,ptr,store
8650,258,9,64,ptr,store
8651,258,10,64,ptr,store
8652,258,11,64,ptr,store
8653,258,12,64,ptr,store
8654,258,13,64,ptr,store
8655,258,14,64,ptr,store
8656,258,15,64,ptr,store
8657,258,16,64,ptr,store
8658,258,17,64,ptr,store
8659,258,18,64,ptr,store
8660,258,19,64,ptr,store
8661,258,20,64,ptr,store
8662,258,21,64,ptr,store
8663,258,22,64,ptr,store
8664,258,23,64,ptr,store
8665,258,24,64,ptr,store
8666,258,25,64,ptr,store
8667,258,26,64,ptr,store
8668,258,27,64,ptr,store
8669,258,28,64,ptr,store
8670,258,29,64,ptr,store
8671,258,30,64,ptr,store
8672,258,31,64,ptr,store
8673,258,32,64,ptr,store
8674,258,33,64,ptr,store
8675,258,34,64,ptr,store
8676,258,35,64,ptr,store
8677,258,36,64,ptr,store
8678,258,37,64,ptr,store
8679,258,38,64,ptr,store
8680,258,39,64,ptr,store
8681,258,40,64,ptr,store
8682,258,41,64,ptr,store
8683,258,42,64,ptr,store
8684,258,43,64,ptr,store
8685,258,44,64,ptr,store
8686,258,45,64,ptr,store
8687,258,46,64,ptr,store
8688,258,47,64,ptr,store
8689,258,48,64,ptr,store
8690,258,49,64,ptr,store
8691,258,50,64,ptr,store
8692,258,51,64,ptr,store
8693,258,52,64,ptr,store
8694,258,53,64,ptr,store
8695,258,54,64,ptr,store
8696,258,55,64,ptr,store
8697,258,56,64,ptr,store
8698,258,57,64,ptr,store
8699,258,58,64,ptr,store
8700,258,59,64,ptr,store
8701,258,60,64,ptr,store
8702,258,61,64,ptr,store
8703,258,62,64,ptr,store
8704,258,63,64,ptr,store
8705,259,0,64,ptr,load
8706,259,1,64,ptr,load
8707,259,2,64,ptr,load
8708,259,3,64,ptr,load
8709,259,4,64,ptr,load
8710,259,5,64,ptr,load
8711,259,6,64,ptr,load
8712,259,7,64,ptr,load
8713,259,8,64,ptr,load
8714,259,9,64,ptr,load
8715,259,10,64,ptr,load
8716,259,11,64,ptr,load
8717,259,12,64,ptr,load
8718,259,13,64,ptr,load
8719,259,14,64,ptr,load
8720,259,15,64,ptr,load
8721,259,16,64,ptr,load
8722,259,17,64,ptr,load
8723,259,18,64,ptr,load
8724,259,19,64,ptr,load
8725,259,20,64,ptr,load
8726,259,21,64,ptr,load
8727,259,22,64,ptr,load
8728,259,23,64,ptr,load
8729,259,24,64,ptr,load
8730,259,25,64,ptr,load
8731,259,26,64,ptr,load
8732,259,27,64,ptr,load
8733,259,28,64,ptr,load
8734,259,29,64,ptr,load
8735,259,30,64,ptr,load
8736,259,31,64,ptr,load
8737,259,32,64,ptr,load
8738,259,33,64,ptr,load
8739,259,34,64,ptr,load
8740,259,35,64,ptr,load
8741,259,36,64,ptr,load
8742,259,37,64,ptr,load
8743,259,38,64,ptr,load
8744,259,39,64,ptr,load
8745,259,40,64,ptr,load
8746,259,41,64,ptr,load
8747,259,42,64,ptr,load
8748,259,43,64,ptr,load
8749,259,44,64,ptr,load
8750,259,45,64,ptr,load
8751,259,46,64,ptr,load
8752,259,47,64,ptr,load
8753,259,48,64,ptr,load
8754,259,49,64,ptr,load
8755,259,50,64,ptr,load
8756,259,51,64,ptr,load
8757,259,52,64,ptr,load
8758,259,53,64,ptr,load
8759,259,54,64,ptr,load
8760,259,55,64,ptr,load
8761,259,56,64,ptr,load
8762,259,57,64,ptr,load
8763,259,58,64,ptr,load
8764,259,59,64,ptr,load
8765,259,60,64,ptr,load
8766,259,61,64,ptr,load
8767,259,62,64,ptr,load
8768,259,63,64,ptr,load
8769,261,0,64,ptr,load
8770,261,1,64,ptr,load
8771,261,2,64,ptr,load
8772,261,3,64,ptr,load
8773,261,4,64,ptr,load
8774,261,5,64,ptr,load
8775,261,6,64,ptr,load
8776,261,7,64,ptr,load
8777,261,8,64,ptr,load
8778,261,9,64,ptr,load
8779,261,10,64,ptr,load
8780,261,11,64,ptr,load
8781,261,12,64,ptr,load
8782,261,13,64,ptr,load
8783,261,14,64,ptr,load
8784,261,15,64,ptr,load
8785,261,16,64,ptr,load
8786,261,17,64,ptr,load
8787,261,18,64,ptr,load
8788,261,19,64,ptr,load
8789,261,20,64,ptr,load
8790,261,21,64,ptr,load
8791,261,22,64,ptr,load
8792,261,23,64,ptr,load
8793,261,24,64,ptr,load
8794,261,25,64,ptr,load
8795,261,26,64,ptr,load
8796,261,27,64,ptr,load
8797,261,28,64,ptr,load
8798,261,29,64,ptr,load
8799,261,30,64,ptr,load
8800,261,31,64,ptr,load
8801,261,32,64,ptr,load
8802,261,33,64,ptr,load
8803,261,34,64,ptr,load
8804,261,35,64,ptr,load
8805,261,36,64,ptr,load
8806,261,37,64,ptr,load
8807,261,38,64,ptr,load
8808,261,39,64,ptr,load
8809,261,40,64,ptr,load
8810,261,41,64,ptr,load
8811,261,42,64,ptr,load
8812,261,43,64,ptr,load
8813,261,44,64,ptr,load
8814,261,45,64,ptr,load
8815,261,46,64,ptr,load
8816,261,47,64,ptr,load
8817,261,48,64,ptr,load
8818,261,49,64,ptr,load
8819,261,50,64,ptr,load
8820,261,51,64,ptr,load
8821,261,52,64,ptr,load
8822,261,53,64,ptr,load
8823,261,54,64,ptr,load
8824,261,55,64,ptr,load
8825,261,56,64,ptr,load
8826,261,57,64,ptr,load
8827,261,58,64,ptr,load
8828,261,59,64,ptr,load
8829,261,60,64,ptr,load
8830,261,61,64,ptr,load
8831,261,62,64,ptr,load
8832,261,63,64,ptr,load
8833,262,0,64,ptr,store
8834,262,1,64,ptr,store
8835,262,2,64,ptr,store
8836,262,3,64,ptr,store
8837,262,4,64,ptr,store
8838,262,5,64,ptr,store
8839,262,6,64,ptr,store
8840,262,7,64,ptr,store
8841,262,8,64,ptr,store
8842,262,9,64,ptr,store
8843,262,10,64,ptr,store
8844,262,11,64,ptr,store
8845,262,12,64,ptr,store
8846,262,13,64,ptr,store
8847,262,14,64,ptr,store
8848,262,15,64,ptr,store
8849,262,16,64,ptr,store
8850,262,17,64,ptr,store
8851,262,18,64,ptr,store
8852,262,19,64,ptr,store
8853,262,20,64,ptr,store
8854,262,21,64,ptr,store
8855,262,22,64,ptr,store
8856,262,23,64,ptr,store
8857,262,24,64,ptr,store
8858,262,25,64,ptr,store
8859,262,26,64,ptr,store
8860,262,27,64,ptr,store
8861,262,28,64,ptr,store
8862,262,29,64,ptr,store
8863,262,30,64,ptr,store
8864,262,31,64,ptr,store
8865,262,32,64,ptr,store
8866,262,33,64,ptr,store
8867,262,34,64,ptr,store
8868,262,35,64,ptr,store
8869,262,36,64,ptr,store
8870,262,37,64,ptr,store
8871,262,38,64,ptr,store
8872,262,39,64,ptr,store
8873,262,40,64,ptr,store
8874,262,41,64,ptr,store
8875,262,42,64,ptr,store
8876,262,43,64,ptr,store
8877,262,44,64,ptr,store
8878,262,45,64,ptr,store
8879,262,46,64,ptr,store
8880,262,47,64,ptr,store
8881,262,48,64,ptr,store
8882,262,49,64,ptr,store
8883,262,50,64,ptr,store
8884,262,51,64,ptr,store
8885,262,52,64,ptr,store
8886,262,53,64,ptr,store
8887,262,54,64,ptr,store
8888,262,55,64,ptr,store
8889,262,56,64,ptr,store
8890,262,57,64,ptr,store
8891,262,58,64,ptr,store
8892,262,59,64,ptr,store
8893,262,60,64,ptr,store
8894,262,61,64,ptr,store
8895,262,62,64,ptr,store
8896,262,63,64,ptr,store
8897,264,0,64,ptr,load
8898,264,1,64,ptr,load
8899,264,2,64,ptr,load
8900,264,3,64,ptr,load
8901,264,4,64,ptr,load
8902,264,5,64,ptr,load
8903,264,6,64,ptr,load
8904,264,7,64,ptr,load
8905,264,8,64,ptr,load
8906,264,9,64,ptr,load
8907,264,10,64,ptr,load
8908,264,11,64,ptr,load
8909,264,12,64,ptr,load
8910,264,13,64,ptr,load
8911,264,14,64,ptr,load
8912,264,15,64,ptr,load
8913,264,16,64,ptr,load
8914,264,17,64,ptr,load
8915,264,18,64,ptr,load
8916,264,19,64,ptr,load
8917,264,20,64,ptr,load
8918,264,21,64,ptr,load
8919,264,22,64,ptr,load
8920,264,23,64,ptr,load
8921,264,24,64,ptr,load
8922,264,25,64,ptr,load
8923,264,26,64,ptr,load
8924,264,27,64,ptr,load
8925,264,28,64,ptr,load
8926,264,29,64,ptr,load
8927,264,30,64,ptr,load
8928,264,31,64,ptr,load
8929,264,32,64,ptr,load
8930,264,33,64,ptr,load
8931,264,34,64,ptr,load
8932,264,35,64,ptr,load
8933,264,36,64,ptr,load
8934,264,37,64,ptr,load
8935,264,38,64,ptr,load
8936,264,39,64,ptr,load
8937,264,40,64,ptr,load
8938,264,41,64,ptr,load
8939,264,42,64,ptr,load
8940,264,43,64,ptr,load
8941,264,44,64,ptr,load
8942,264,45,64,ptr,load
8943,264,46,64,ptr,load
8944,264,47,64,ptr,load
8945,264,48,64,ptr,load
8946,264,49,64,ptr,load
8947,264,50,64,ptr,load
8948,264,51,64,ptr,load
8949,264,52,64,ptr,load
8950,264,53,64,ptr,load
8951,264,54,64,ptr,load
8952,264,55,64,ptr,load
8953,264,56,64,ptr,load
8954,264,57,64,ptr,load
8955,264,58,64,ptr,load
8956,264,59,64,ptr,load
8957,264,60,64,ptr,load
8958,264,61,64,ptr,load
8959,264,62,64,ptr,load
8960,264,63,64,ptr,load
8961,265,0,64,ptr,store
8962,265,1,64,ptr,store
8963,265,2,64,ptr,store
8964,265,3,64,ptr,store
8965,265,4,64,ptr,store
8966,265,5,64,ptr,store
8967,265,6,64,ptr,store
8968,265,7,64,ptr,store
8969,265,8,64,ptr,store
8970,265,9,64,ptr,store
8971,265,10,64,ptr,store
8972,265,11,64,ptr,store
8973,265,12,64,ptr,store
8974,265,13,64,ptr,store
8975,265,14,64,ptr,store
8976,265,15,64,ptr,store
8977,265,16,64,ptr,store
8978,265,17,64,ptr,store
8979,265,18,64,ptr,store
8980,265,19,64,ptr,store
8981,265,20,64,ptr,store
8982,265,21,64,ptr,store
8983,265,22,64,ptr,store
8984,265,23,64,ptr,store
8985,265,24,64,ptr,store
8986,265,25,64,ptr,store
8987,265,26,64,ptr,store
8988,265,27,64,ptr,store
8989,265,28,64,ptr,store
8990,265,29,64,ptr,store
8991,265,30,64,ptr,store
8992,265,31,64,ptr,store
8993,265,32,64,ptr,store
8994,265,33,64,ptr,store
8995,265,34,64,ptr,store
8996,265,35,64,ptr,store
8997,265,36,64,ptr,store
8998,265,37,64,ptr,store
8999,265,38,64,ptr,store
9000,265,39,64,ptr,store
9001,265,40,64,ptr,store
9002,265,41,64,ptr,store
9003,265,42,64,ptr,store
9004,265,43,64,ptr,store
9005,265,44,64,ptr,store
9006,265,45,64,ptr,store
9007,265,46,64,ptr,store
9008,265,47,64,ptr,store
9009,265,48,64,ptr,store
9010,265,49,64,ptr,store
9011,265,50,64,ptr,store
9012,265,51,64,ptr,store
9013,265,52,64,ptr,store
9014,265,53,64,ptr,store
9015,265,54,64,ptr,store
9016,265,55,64,ptr,store
9017,265,56,64,ptr,store
9018,265,57,64,ptr,store
9019,265,58,64,ptr,store
9020,265,59,64,ptr,store
9021,265,60,64,ptr,store
9022,265,61,64,ptr,store
9023,265,62,64,ptr,store
9024,265,63,64,ptr,store
9025,278,0,64,ptr,store
9026,278,1,64,ptr,store
9027,278,2,64,ptr,store
9028,278,3,64,ptr,store
9029,278,4,64,ptr,store
9030,278,5,64,ptr,store
9031,278,6,64,ptr,store
9032,278,7,64,ptr,store
9033,278,8,64,ptr,store
9034,278,9,64,ptr,store
9035,278,10,64,ptr,store
9036,278,11,64,ptr,store
9037,278,12,64,ptr,store
9038,278,13,64,ptr,store
9039,278,14,64,ptr,store
9040,278,15,64,ptr,store
9041,278,16,64,ptr,store
9042,278,17,64,ptr,store
9043,278,18,64,ptr,store
9044,278,19,64,ptr,store
9045,278,20,64,ptr,store
9046,278,21,64,ptr,store
9047,278,22,64,ptr,store
9048,278,23,64,ptr,store
9049,278,24,64,ptr,store
9050,278,25,64,ptr,store
9051,278,26,64,ptr,store
9052,278,27,64,ptr,store
9053,278,28,64,ptr,store
9054,278,29,64,ptr,store
9055,278,30,64,ptr,store
9056,278,31,64,ptr,store
9057,278,32,64,ptr,store
9058,278,33,64,ptr,store
9059,278,34,64,ptr,store
9060,278,35,64,ptr,store
9061,278,36,64,ptr,store
9062,278,37,64,ptr,store
9063,278,38,64,ptr,store
9064,278,39,64,ptr,store
9065,278,40,64,ptr,store
9066,278,41,64,ptr,store
9067,278,42,64,ptr,store
9068,278,43,64,ptr,store
9069,278,44,64,ptr,store
9070,278,45,64,ptr,store
9071,278,46,64,ptr,store
9072,278,47,64,ptr,store
9073,278,48,64,ptr,store
9074,278,49,64,ptr,store
9075,278,50,64,ptr,store
9076,278,51,64,ptr,store
9077,278,52,64,ptr,store
9078,278,53,64,ptr,store
9079,278,54,64,ptr,store
9080,278,55,64,ptr,store
9081,278,56,64,ptr,store
9082,278,57,64,ptr,store
9083,278,58,64,ptr,store
9084,278,59,64,ptr,store
9085,278,60,64,ptr,store
9086,278,61,64,ptr,store
9087,278,62,64,ptr,store
9088,278,63,64,ptr,store
9089,285,0,64,ptr,load
9090,285,1,64,ptr,load
9091,285,2,64,ptr,load
9092,285,3,64,ptr,load
9093,285,4,64,ptr,load
9094,285,5,64,ptr,load
9095,285,6,64,ptr,load
9096,285,7,64,ptr,load
9097,285,8,64,ptr,load
9098,285,9,64,ptr,load
9099,285,10,64,ptr,load
9100,285,11,64,ptr,load
9101,285,12,64,ptr,load
9102,285,13,64,ptr,load
9103,285,14,64,ptr,load
9104,285,15,64,ptr,load
9105,285,16,64,ptr,load
9106,285,17,64,ptr,load
9107,285,18,64,ptr,load
9108,285,19,64,ptr,load
9109,285,20,64,ptr,load
9110,285,21,64,ptr,load
9111,285,22,64,ptr,load
9112,285,23,64,ptr,load
9113,285,24,64,ptr,load
9114,285,25,64,ptr,load
9115,285,26,64,ptr,load
9116,285,27,64,ptr,load
9117,285,28,64,ptr,load
9118,285,29,64,ptr,load
9119,285,30,64,ptr,load
9120,285,31,64,ptr,load
9121,285,32,64,ptr,load
9122,285,33,64,ptr,load
9123,285,34,64,ptr,load
9124,285,35,64,ptr,load
9125,285,36,64,ptr,load
9126,285,37,64,ptr,load
9127,285,38,64,ptr,load
9128,285,39,64,ptr,load
9129,285,40,64,ptr,load
9130,285,41,64,ptr,load
9131,285,42,64,ptr,load
9132,285,43,64,ptr,load
9133,285,44,64,ptr,load
9134,285,45,64,ptr,load
9135,285,46,64,ptr,load
9136,285,47,64,ptr,load
9137,285,48,64,ptr,load
9138,285,49,64,ptr,load
9139,285,50,64,ptr,load
9140,285,51,64,ptr,load
9141,285,52,64,ptr,load
9142,285,53,64,ptr,load
9143,285,54,64,ptr,load
9144,285,55,64,ptr,load
9145,285,56,64,ptr,load
9146,285,57,64,ptr,load
9147,285,58,64,ptr,load
9148,285,59,64,ptr,load
9149,285,60,64,ptr,load
9150,285,61,64,ptr,load
9151,285,62,64,ptr,load
9152,285,63,64,ptr,load
9153,286,0,64,ptr,load
9154,286,1,64,ptr,load
9155,286,2,64,ptr,load
9156,286,3,64,ptr,load
9157,286,4,64,ptr,load
9158,286,5,64,ptr,load
9159,286,6,64,ptr,load
9160,286,7,64,ptr,load
9161,286,8,64,ptr,load
9162,286,9,64,ptr,load
9163,286,10,64,ptr,load
9164,286,11,64,ptr,load
9165,286,12,64,ptr,load
9166,286,13,64,ptr,load
9167,286,14,64,ptr,load
9168,286,15,64,ptr,load
9169,286,16,64,ptr,load
9170,286,17,64,ptr,load
9171,286,18,64,ptr,load
9172,286,19,64,ptr,load
9173,286,20,64,ptr,load
9174,286,21,64,ptr,load
9175,286,22,64,ptr,load
9176,286,23,64,ptr,load
9177,286,24,64,ptr,load
9178,286,25,64,ptr,load
9179,286,26,64,ptr,load
9180,286,27,64,ptr,load
9181,286,28,64,ptr,load
9182,286,29,64,ptr,load
9183,286,30,64,ptr,load
9184,286,31,64,ptr,load
9185,286,32,64,ptr,load
9186,286,33,64,ptr,load
9187,286,34,64,ptr,load
9188,286,35,64,ptr,load
9189,286,36,64,ptr,load
9190,286,37,64,ptr,load
9191,286,38,64,ptr,load
9192,286,39,64,ptr,load
9193,286,40,64,ptr,load
9194,286,41,64,ptr,load
9195,286,42,64,ptr,load
9196,286,43,64,ptr,load
9197,286,44,64,ptr,load
9198,286,45,64,ptr,load
9199,286,46,64,ptr,load
9200,286,47,64,ptr,load
9201,286,48,64,ptr,load
9202,286,49,64,ptr,load
9203,286,50,64,ptr,load
9204,286,51,64,ptr,load
9205,286,52,64,ptr,load
9206,286,53,64,ptr,load
9207,286,54,64,ptr,load
9208,286,55,64,ptr,load
9209,286,56,64,ptr,load
9210,286,57,64,ptr,load
9211,286,58,64,ptr,load
9212,286,59,64,ptr,load
9213,286,60,64,ptr,load
9214,286,61,64,ptr,load
9215,286,62,64,ptr,load
9216,286,63,64,ptr,load
9217,287,0,64,ptr,load
9218,287,1,64,ptr,load
9219,287,2,64,ptr,load
9220,287,3,64,ptr,load
9221,287,4,64,ptr,load
9222,287,5,64,ptr,load
9223,287,6,64,ptr,load
9224,287,7,64,ptr,load
9225,287,8,64,ptr,load
9226,287,9,64,ptr,load
9227,287,10,64,ptr,load
9228,287,11,64,ptr,load
9229,287,12,64,ptr,load
9230,287,13,64,ptr,load
9231,287,14,64,ptr,load
9232,287,15,64,ptr,load
9233,287,16,64,ptr,load
9234,287,17,64,ptr,load
9235,287,18,64,ptr,load
9236,287,19,64,ptr,load
9237,287,20,64,ptr,load
9238,287,21,64,ptr,load
9239,287,22,64,ptr,load
9240,287,23,64,ptr,load
9241,287,24,64,ptr,load
9242,287,25,64,ptr,load
9243,287,26,64,ptr,load
9244,287,27,64,ptr,load
9245,287,28,64,ptr,load
9246,287,29,64,ptr,load
9247,287,30,64,ptr,load
9248,287,31,64,ptr,load
9249,287,32,64,ptr,load
9250,287,33,64,ptr,load
9251,287,34,64,ptr,load
9252,287,35,64,ptr,load
9253,287,36,64,ptr,load
9254,287,37,64,ptr,load
9255,287,38,64,ptr,load
9256,287,39,64,ptr,load
9257,287,40,64,ptr,load
9258,287,41,64,ptr,load
9259,287,42,64,ptr,load
9260,287,43,64,ptr,load
9261,287,44,64,ptr,load
9262,287,45,64,ptr,load
9263,287,46,64,ptr,load
9264,287,47,64,ptr,load
9265,287,48,64,ptr,load
9266,287,49,64,ptr,load
9267,287,50,64,ptr,load
9268,287,51,64,ptr,load
9269,287,52,64,ptr,load
9270,287,53,64,ptr,load
9271,287,54,64,ptr,load
9272,287,55,64,ptr,load
9273,287,56,64,ptr,load
9274,287,57,64,ptr,load
9275,287,58,64,ptr,load
9276,287,59,64,ptr,load
9277,287,60,64,ptr,load
9278,287,61,64,ptr,load
9279,287,62,64,ptr,load
9280,287,63,64,ptr,load
9281,290,0,64,ptr,load
9282,290,1,64,ptr,load
9283,290,2,64,ptr,load
9284,290,3,64,ptr,load
9285,290,4,64,ptr,load
9286,290,5,64,ptr,load
9287,290,6,64,ptr,load
9288,290,7,64,ptr,load
9289,290,8,64,ptr,load
9290,290,9,64,ptr,load
9291,290,10,64,ptr,load
9292,290,11,64,ptr,load
9293,290,12,64,ptr,load
9294,290,13,64,ptr,load
9295,290,14,64,ptr,load
9296,290,15,64,ptr,load
9297,290,16,64,ptr,load
9298,290,17,64,ptr,load
9299,290,18,64,ptr,load
9300,290,19,64,ptr,load
9301,290,20,64,ptr,load
9302,290,21,64,ptr,load
9303,290,22,64,ptr,load
9304,290,23,64,ptr,load
9305,290,24,64,ptr,load
9306,290,25,64,ptr,load
9307,290,26,64,ptr,load
9308,290,27,64,ptr,load
9309,290,28,64,ptr,load
9310,290,29,64,ptr,load
9311,290,30,64,ptr,load
9312,290,31,64,ptr,load
9313,290,32,64,ptr,load
9314,290,33,64,ptr,load
9315,290,34,64,ptr,load
9316,290,35,64,ptr,load
9317,290,36,64,ptr,load
9318,290,37,64,ptr,load
9319,290,38,64,ptr,load
9320,290,39,64,ptr,load
9321,290,40,64,ptr,load
9322,290,41,64,ptr,load
9323,290,42,64,ptr,load
9324,290,43,64,ptr,load
9325,290,44,64,ptr,load
9326,290,45,64,ptr,load
9327,290,46,64,ptr,load
9328,290,47,64,ptr,load
9329,290,48,64,ptr,load
9330,290,49,64,ptr,load
9331,290,50,64,ptr,load
9332,290,51,64,ptr,load
9333,290,52,64,ptr,load
9334,290,53,64,ptr,load
9335,290,54,64,ptr,load
9336,290,55,64,ptr,load
9337,290,56,64,ptr,load
9338,290,57,64,ptr,load
9339,290,58,64,ptr,load
9340,290,59,64,ptr,load
9341,290,60,64,ptr,load
9342,290,61,64,ptr,load
9343,290,62,64,ptr,load
9344,290,63,64,ptr,load
9345,306,0,64,ptr,load
9346,306,1,64,ptr,load
9347,306,2,64,ptr,load
9348,306,3,64,ptr,load
9349,306,4,64,ptr,load
9350,306,5,64,ptr,load
9351,306,6,64,ptr,load
9352,306,7,64,ptr,load
9353,306,8,64,ptr,load
9354,306,9,64,ptr,load
9355,306,10,64,ptr,load
9356,306,11,64,ptr,load
9357,306,12,64,ptr,load
9358,306,13,64,ptr,load
9359,306,14,64,ptr,load
9360,306,15,64,ptr,load
9361,306,16,64,ptr,load
9362,306,17,64,ptr,load
9363,306,18,64,ptr,load
9364,306,19,64,ptr,load
9365,306,20,64,ptr,load
9366,306,21,64,ptr,load
9367,306,22,64,ptr,load
9368,306,23,64,ptr,load
9369,306,24,64,ptr,load
9370,306,25,64,ptr,load
9371,306,26,64,ptr,load
9372,306,27,64,ptr,load
9373,306,28,64,ptr,load
9374,306,29,64,ptr,load
9375,306,30,64,ptr,load
9376,306,31,64,ptr,load
9377,306,32,64,ptr,load
9378,306,33,64,ptr,load
9379,306,34,64,ptr,load
9380,306,35,64,ptr,load
9381,306,36,64,ptr,load
9382,306,37,64,ptr,load
9383,306,38,64,ptr,load
9384,306,39,64,ptr,load
9385,306,40,64,ptr,load
9386,306,41,64,ptr,load
9387,306,42,64,ptr,load
9388,306,43,64,ptr,load
9389,306,44,64,ptr,load
9390,306,45,64,ptr,load
9391,306,46,64,ptr,load
9392,306,47,64,ptr,load
9393,306,48,64,ptr,load
9394,306,49,64,ptr,load
9395,306,50,64,ptr,load
9396,306,51,64,ptr,load
9397,306,52,64,ptr,load
9398,306,53,64,ptr,load
9399,306,54,64,ptr,load
9400,306,55,64,ptr,load
9401,306,56,64,ptr,load
9402,306,57,64,ptr,load
9403,306,58,64,ptr,load
9404,306,59,64,ptr,load
9405,306,60,64,ptr,load
9406,306,61,64,ptr,load
9407,306,62,64,ptr,load
9408,306,63,64,ptr,load
9409,307,0,64,ptr,load
9410,307,1,64,ptr,load
9411,307,2,64,ptr,load
9412,307,3,64,ptr,load
9413,307,4,64,ptr,load
9414,307,5,64,ptr,load
9415,307,6,64,ptr,load
9416,307,7,64,ptr,load
9417,307,8,64,ptr,load
9418,307,9,64,ptr,load
9419,307,10,64,ptr,load
9420,307,11,64,ptr,load
9421,307,12,64,ptr,load
9422,307,13,64,ptr,load
9423,307,14,64,ptr,load
9424,307,15,64,ptr,load
9425,307,16,64,ptr,load
9426,307,17,64,ptr,load
9427,307,18,64,ptr,load
9428,307,19,64,ptr,load
9429,307,20,64,ptr,load
9430,307,21,64,ptr,load
9431,307,22,64,ptr,load
9432,307,23,64,ptr,load
9433,307,24,64,ptr,load
9434,307,25,64,ptr,load
9435,307,26,64,ptr,load
9436,307,27,64,ptr,load
9437,307,28,64,ptr,load
9438,307,29,64,ptr,load
9439,307,30,64,ptr,load
9440,307,31,64,ptr,load
9441,307,32,64,ptr,load
9442,307,33,64,ptr,load
9443,307,34,64,ptr,load
9444,307,35,64,ptr,load
9445,307,36,64,ptr,load
9446,307,37,64,ptr,load
9447,307,38,64,ptr,load
9448,307,39,64,ptr,load
9449,307,40,64,ptr,load
9450,307,41,64,ptr,load
9451,307,42,64,ptr,load
9452,307,43,64,ptr,load
9453,307,44,64,ptr,load
9454,307,45,64,ptr,load
9455,307,46,64,ptr,load
9456,307,47,64,ptr,load
9457,307,48,64,ptr,load
9458,307,49,64,ptr,load
9459,307,50,64,ptr,load
9460,307,51,64,ptr,load
9461,307,52,64,ptr,load
9462,307,53,64,ptr,load
9463,307,54,64,ptr,load
9464,307,55,64,ptr,load
9465,307,56,64,ptr,load
9466,307,57,64,ptr,load
9467,307,58,64,ptr,load
9468,307,59,64,ptr,load
9469,307,60,64,ptr,load
9470,307,61,64,ptr,load
9471,307,62,64,ptr,load
9472,307,63,64,ptr,load
9473,308,0,64,ptr,load
9474,308,1,64,ptr,load
9475,308,2,64,ptr,load
9476,308,3,64,ptr,load
9477,308,4,64,ptr,load
9478,308,5,64,ptr,load
9479,308,6,64,ptr,load
9480,308,7,64,ptr,load
9481,308,8,64,ptr,load
9482,308,9,64,ptr,load
9483,308,10,64,ptr,load
9484,308,11,64,ptr,load
9485,308,12,64,ptr,load
9486,308,13,64,ptr,load
9487,308,14,64,ptr,load
9488,308,15,64,ptr,load
9489,308,16,64,ptr,load
9490,308,17,64,ptr,load
9491,308,18,64,ptr,load
9492,308,19,64,ptr,load
9493,308,20,64,ptr,load
9494,308,21,64,ptr,load
9495,308,22,64,ptr,load
9496,308,23,64,ptr,load
9497,308,24,64,ptr,load
9498,308,25,64,ptr,load
9499,308,26,64,ptr,load
9500,308,27,64,ptr,load
9501,308,28,64,ptr,load
9502,308,29,64,ptr,load
9503,308,30,64,ptr,load
9504,308,31,64,ptr,load
9505,308,32,64,ptr,load
9506,308,33,64,ptr,load
9507,308,34,64,ptr,load
9508,308,35,64,ptr,load
9509,308,36,64,ptr,load
9510,308,37,64,ptr,load
9511,308,38,64,ptr,load
9512,308,39,64,ptr,load
9513,308,40,64,ptr,load
9514,308,41,64,ptr,load
9515,308,42,64,ptr,load
9516,308,43,64,ptr,load
9517,308,44,64,ptr,load
9518,308,45,64,ptr,load
9519,308,46,64,ptr,load
9520,308,47,64,ptr,load
9521,308,48,64,ptr,load
9522,308,49,64,ptr,load
9523,308,50,64,ptr,load
9524,308,51,64,ptr,load
9525,308,52,64,ptr,load
9526,308,53,64,ptr,load
9527,308,54,64,ptr,load
9528,308,55,64,ptr,load
9529,308,56,64,ptr,load
9530,308,57,64,ptr,load
9531,308,58,64,ptr,load
9532,308,59,64,ptr,load
9533,308,60,64,ptr,load
9534,308,61,64,ptr,load
9535,308,62,64,ptr,load
9536,308,63,64,ptr,load
9537,319,0,64,ptr,load
9538,319,1,64,ptr,load
9539,319,2,64,ptr,load
9540,319,3,64,ptr,load
9541,319,4,64,ptr,load
9542,319,5,64,ptr,load
9543,319,6,64,ptr,load
9544,319,7,64,ptr,load
9545,319,8,64,ptr,load
9546,319,9,64,ptr,load
9547,319,10,64,ptr,load
9548,319,11,64,ptr,load
9549,319,12,64,ptr,load
9550,319,13,64,ptr,load
9551,319,14,64,ptr,load
9552,319,15,64,ptr,load
9553,319,16,64,ptr,load
9554,319,17,64,ptr,load
9555,319,18,64,ptr,load
9556,319,19,64,ptr,load
9557,319,20,64,ptr,load
9558,319,21,64,ptr,load
9559,319,22,64,ptr,load
9560,319,23,64,ptr,load
9561,319,24,64,ptr,load
9562,319,25,64,ptr,load
9563,319,26,64,ptr,load
9564,319,27,64,ptr,load
9565,319,28,64,ptr,load
9566,319,29,64,ptr,load
9567,319,30,64,ptr,load
9568,319,31,64,ptr,load
9569,319,32,64,ptr,load
9570,319,33,64,ptr,load
9571,319,34,64,ptr,load
9572,319,35,64,ptr,load
9573,319,36,64,ptr,load
9574,319,37,64,ptr,load
9575,319,38,64,ptr,load
9576,319,39,64,ptr,load
9577,319,40,64,ptr,load
9578,319,41,64,ptr,load
9579,319,42,64,ptr,load
9580,319,43,64,ptr,load
9581,319,44,64,ptr,load
9582,319,45,64,ptr,load
9583,319,46,64,ptr,load
9584,319,47,64,ptr,load
9585,319,48,64,ptr,load
9586,319,49,64,ptr,load
9587,319,50,64,ptr,load
9588,319,51,64,ptr,load
9589,319,52,64,ptr,load
9590,319,53,64,ptr,load
9591,319,54,64,ptr,load
9592,319,55,64,ptr,load
9593,319,56,64,ptr,load
9594,319,57,64,ptr,load
9595,319,58,64,ptr,load
9596,319,59,64,ptr,load
9597,319,60,64,ptr,load
9598,319,61,64,ptr,load
9599,319,62,64,ptr,load
9600,319,63,64,ptr,load
9601,320,0,64,ptr,load
9602,320,1,64,ptr,load
9603,320,2,64,ptr,load
9604,320,3,64,ptr,load
9605,320,4,64,ptr,load
9606,320,5,64,ptr,load
9607,320,6,64,ptr,load
9608,320,7,64,ptr,load
9609,320,8,64,ptr,load
9610,320,9,64,ptr,load
9611,320,10,64,ptr,load
9612,320,11,64,ptr,load
9613,320,12,64,ptr,load
9614,320,13,64,ptr,load
9615,320,14,64,ptr,load
9616,320,15,64,ptr,load
9617,320,16,64,ptr,load
9618,320,17,64,ptr,load
9619,320,18,64,ptr,load
9620,320,19,64,ptr,load
9621,320,20,64,ptr,load
9622,320,21,64,ptr,load
9623,320,22,64,ptr,load
9624,320,23,64,ptr,load
9625,320,24,64,ptr,load
9626,320,25,64,ptr,load
9627,320,26,64,ptr,load
9628,320,27,64,ptr,load
9629,320,28,64,ptr,load
9630,320,29,64,ptr,load
9631,320,30,64,ptr,load
9632,320,31,64,ptr,load
9633,320,32,64,ptr,load
9634,320,33,64,ptr,load
9635,320,34,64,ptr,load
9636,320,35,64,ptr,load
9637,320,36,64,ptr,load
9638,320,37,64,ptr,load
9639,320,38,64,ptr,load
9640,320,39,64,ptr,load
9641,320,40,64,ptr,load
9642,320,41,64,ptr,load
9643,320,42,64,ptr,load
9644,320,43,64,ptr,load
9645,320,44,64,ptr,load
9646,320,45,64,ptr,load
9647,320,46,64,ptr,load
9648,320,47,64,ptr,load
9649,320,48,64,ptr,load
9650,320,49,64,ptr,load
9651,320,50,64,ptr,load
9652,320,51,64,ptr,load
9653,320,52,64,ptr,load
9654,320,53,64,ptr,load
9655,320,54,64,ptr,load
9656,320,55,64,ptr,load
9657,320,56,64,ptr,load
9658,320,57,64,ptr,load
9659,320,58,64,ptr,load
9660,320,59,64,ptr,load
9661,320,60,64,ptr,load
9662,320,61,64,ptr,load
9663,320,62,64,ptr,load
9664,320,63,64,ptr,load
9665,333,0,64,ptr,load
9666,333,1,64,ptr,load
9667,333,2,64,ptr,load
9668,333,3,64,ptr,load
9669,333,4,64,ptr,load
9670,333,5,64,ptr,load
9671,333,6,64,ptr,load
9672,333,7,64,ptr,load
9673,333,8,64,ptr,load
9674,333,9,64,ptr,load
9675,333,10,64,ptr,load
9676,333,11,64,ptr,load
9677,333,12,64,ptr,load
9678,333,13,64,ptr,load
9679,333,14,64,ptr,load
9680,333,15,64,ptr,load
9681,333,16,64,ptr,load
9682,333,17,64,ptr,load
9683,333,18,64,ptr,load
9684,333,19,64,ptr,load
9685,333,20,64,ptr,load
9686,333,21,64,ptr,load
9687,333,22,64,ptr,load
9688,333,23,64,ptr,load
9689,333,24,64,ptr,load
9690,333,25,64,ptr,load
9691,333,26,64,ptr,load
9692,333,27,64,ptr,load
9693,333,28,64,ptr,load
9694,333,29,64,ptr,load
9695,333,30,64,ptr,load
9696,333,31,64,ptr,load
9697,333,32,64,ptr,load
9698,333,33,64,ptr,load
9699,333,34,64,ptr,load
9700,333,35,64,ptr,load
9701,333,36,64,ptr,load
9702,333,37,64,ptr,load
9703,333,38,64,ptr,load
9704,333,39,64,ptr,load
9705,333,40,64,ptr,load
9706,333,41,64,ptr,load
9707,333,42,64,ptr,load
9708,333,43,64,ptr,load
9709,333,44,64,ptr,load
9710,333,45,64,ptr,load
9711,333,46,64,ptr,load
9712,333,47,64,ptr,load
9713,333,48,64,ptr,load
9714,333,49,64,ptr,load
9715,333,50,64,ptr,load
9716,333,51,64,ptr,load
9717,333,52,64,ptr,load
9718,333,53,64,ptr,load
9719,333,54,64,ptr,load
9720,333,55,64,ptr,load
9721,333,56,64,ptr,load
9722,333,57,64,ptr,load
9723,333,58,64,ptr,load
9724,333,59,64,ptr,load
9725,333,60,64,ptr,load
9726,333,61,64,ptr,load
9727,333,62,64,ptr,load
9728,333,63,64,ptr,load
9729,334,0,64,ptr,load
9730,334,1,64,ptr,load
9731,334,2,64,ptr,load
9732,334,3,64,ptr,load
9733,334,4,64,ptr,load
9734,334,5,64,ptr,load
9735,334,6,64,ptr,load
9736,334,7,64,ptr,load
9737,334,8,64,ptr,load
9738,334,9,64,ptr,load
9739,334,10,64,ptr,load
9740,334,11,64,ptr,load
9741,334,12,64,ptr,load
9742,334,13,64,ptr,load
9743,334,14,64,ptr,load
9744,334,15,64,ptr,load
9745,334,16,64,ptr,load
9746,334,17,64,ptr,load
9747,334,18,64,ptr,load
9748,334,19,64,ptr,load
9749,334,20,64,ptr,load
9750,334,21,64,ptr,load
9751,334,22,64,ptr,load
9752,334,23,64,ptr,load
9753,334,24,64,ptr,load
9754,334,25,64,ptr,load
9755,334,26,64,ptr,load
9756,334,27,64,ptr,load
9757,334,28,64,ptr,load
9758,334,29,64,ptr,load
9759,334,30,64,ptr,load
9760,334,31,64,ptr,load
9761,334,32,64,ptr,load
9762,334,33,64,ptr,load
9763,334,34,64,ptr,load
9764,334,35,64,ptr,load
9765,334,36,64,ptr,load
9766,334,37,64,ptr,load
9767,334,38,64,ptr,load
9768,334,39,64,ptr,load
9769,334,40,64,ptr,load
9770,334,41,64,ptr,load
9771,334,42,64,ptr,load
9772,334,43,64,ptr,load
9773,334,44,64,ptr,load
9774,334,45,64,ptr,load
9775,334,46,64,ptr,load
9776,334,47,64,ptr,load
9777,334,48,64,ptr,load
9778,334,49,64,ptr,load
9779,334,50,64,ptr,load
9780,334,51,64,ptr,load
9781,334,52,64,ptr,load
9782,334,53,64,ptr,load
9783,334,54,64,ptr,load
9784,334,55,64,ptr,load
9785,334,56,64,ptr,load
9786,334,57,64,ptr,load
9787,334,58,64,ptr,load
9788,334,59,64,ptr,load
9789,334,60,64,ptr,load
9790,334,61,64,ptr,load
9791,334,62,64,ptr,load
9792,334,63,64,ptr,load
9793,335,0,64,ptr,load
9794,335,1,64,ptr,load
9795,335,2,64,ptr,load
9796,335,3,64,ptr,load
9797,335,4,64,ptr,load
9798,335,5,64,ptr,load
9799,335,6,64,ptr,load
9800,335,7,64,ptr,load
9801,335,8,64,ptr,load
9802,335,9,64,ptr,load
9803,335,10,64,ptr,load
9804,335,11,64,ptr,load
9805,335,12,64,ptr,load
9806,335,13,64,ptr,load
9807,335,14,64,ptr,load
9808,335,15,64,ptr,load
9809,335,16,64,ptr,load
9810,335,17,64,ptr,load
9811,335,18,64,ptr,load
9812,335,19,64,ptr,load
9813,335,20,64,ptr,load
9814,335,21,64,ptr,load
9815,335,22,64,ptr,load
9816,335,23,64,ptr,load
9817,335,24,64,ptr,load
9818,335,25,64,ptr,load
9819,335,26,64,ptr,load
9820,335,27,64,ptr,load
9821,335,28,64,ptr,load
9822,335,29,64,ptr,load
9823,335,30,64,ptr,load
9824,335,31,64,ptr,load
9825,335,32,64,ptr,load
9826,335,33,64,ptr,load
9827,335,34,64,ptr,load
9828,335,35,64,ptr,load
9829,335,36,64,ptr,load
9830,335,37,64,ptr,load
9831,335,38,64,ptr,load
9832,335,39,64,ptr,load
9833,335,40,64,ptr,load
9834,335,41,64,ptr,load
9835,335,42,64,ptr,load
9836,335,43,64,ptr,load
9837,335,44,64,ptr,load
9838,335,45,64,ptr,load
9839,335,46,64,ptr,load
9840,335,47,64,ptr,load
9841,335,48,64,ptr,load
9842,335,49,64,ptr,load
9843,335,50,64,ptr,load
9844,335,51,64,ptr,load
9845,335,52,64,ptr,load
9846,335,53,64,ptr,load
9847,335,54,64,ptr,load
9848,335,55,64,ptr,load
9849,335,56,64,ptr,load
9850,335,57,64,ptr,load
9851,335,58,64,ptr,load
9852,335,59,64,ptr,load
9853,335,60,64,ptr,load
9854,335,61,64,ptr,load
9855,335,62,64,ptr,load
9856,335,63,64,ptr,load
9857,350,0,64,ptr,load
9858,350,1,64,ptr,load
9859,350,2,64,ptr,load
9860,350,3,64,ptr,load
9861,350,4,64,ptr,load
9862,350,5,64,ptr,load
9863,350,6,64,ptr,load
9864,350,7,64,ptr,load
9865,350,8,64,ptr,load
9866,350,9,64,ptr,load
9867,350,10,64,ptr,load
9868,350,11,64,ptr,load
9869,350,12,64,ptr,load
9870,350,13,64,ptr,load
9871,350,14,64,ptr,load
9872,350,15,64,ptr,load
9873,350,16,64,ptr,load
9874,350,17,64,ptr,load
9875,350,18,64,ptr,load
9876,350,19,64,ptr,load
9877,350,20,64,ptr,load
9878,350,21,64,ptr,load
9879,350,22,64,ptr,load
9880,350,23,64,ptr,load
9881,350,24,64,ptr,load
9882,350,25,64,ptr,load
9883,350,26,64,ptr,load
9884,350,27,64,ptr,load
9885,350,28,64,ptr,load
9886,350,29,64,ptr,load
9887,350,30,64,ptr,load
9888,350,31,64,ptr,load
9889,350,32,64,ptr,load
9890,350,33,64,ptr,load
9891,350,34,64,ptr,load
9892,350,35,64,ptr,load
9893,350,36,64,ptr,load
9894,350,37,64,ptr,load
9895,350,38,64,ptr,load
9896,350,39,64,ptr,load
9897,350,40,64,ptr,load
9898,350,41,64,ptr,load
9899,350,42,64,ptr,load
9900,350,43,64,ptr,load
9901,350,44,64,ptr,load
9902,350,45,64,ptr,load
9903,350,46,64,ptr,load
9904,350,47,64,ptr,load
9905,350,48,64,ptr,load
9906,350,49,64,ptr,load
9907,350,50,64,ptr,load
9908,350,51,64,ptr,load
9909,350,52,64,ptr,load
9910,350,53,64,ptr,load
9911,350,54,64,ptr,load
9912,350,55,64,ptr,load
9913,350,56,64,ptr,load
9914,350,57,64,ptr,load
9915,350,58,64,ptr,load
9916,350,59,64,ptr,load
9917,350,60,64,ptr,load
9918,350,61,64,ptr,load
9919,350,62,64,ptr,load
9920,350,63,64,ptr,load
9921,351,0,64,ptr,load
9922,351,1,64,ptr,load
9923,351,2,64,ptr,load
9924,351,3,64,ptr,load
9925,351,4,64,ptr,load
9926,351,5,64,ptr,load
9927,351,6,64,ptr,load
9928,351,7,64,ptr,load
9929,351,8,64,ptr,load
9930,351,9,64,ptr,load
9931,351,10,64,ptr,load
9932,351,11,64,ptr,load
9933,351,12,64,ptr,load
9934,351,13,64,ptr,load
9935,351,14,64,ptr,load
9936,351,15,64,ptr,load
9937,351,16,64,ptr,load
9938,351,17,64,ptr,load
9939,351,18,64,ptr,load
9940,351,19,64,ptr,load
9941,351,20,64,ptr,load
9942,351,21,64,ptr,load
9943,351,22,64,ptr,load
9944,351,23,64,ptr,load
9945,351,24,64,ptr,load
9946,351,25,64,ptr,load
9947,351,26,64,ptr,load
9948,351,27,64,ptr,load
9949,351,28,64,ptr,load
9950,351,29,64,ptr,load
9951,351,30,64,ptr,load
9952,351,31,64,ptr,load
9953,351,32,64,ptr,load
9954,351,33,64,ptr,load
9955,351,34,64,ptr,load
9956,351,35,64,ptr,load
9957,351,36,64,ptr,load
9958,351,37,64,ptr,load
9959,351,38,64,ptr,load
9960,351,39,64,ptr,load
9961,351,40,64,ptr,load
9962,351,41,64,ptr,load
9963,351,42,64,ptr,load
9964,351,43,64,ptr,load
9965,351,44,64,ptr,load
9966,351,45,64,ptr,load
9967,351,46,64,ptr,load
9968,351,47,64,ptr,load
9969,351,48,64,ptr,load
9970,351,49,64,ptr,load
9971,351,50,64,ptr,load
9972,351,51,64,ptr,load
9973,351,52,64,ptr,load
9974,351,53,64,ptr,load
9975,351,54,64,ptr,load
9976,351,55,64,ptr,load
9977,351,56,64,ptr,load
9978,351,57,64,ptr,load
9979,351,58,64,ptr,load
9980,351,59,64,ptr,load
9981,351,60,64,ptr,load
9982,351,61,64,ptr,load
9983,351,62,64,ptr,load
9984,351,63,64,ptr,load
9985,352,0,64,ptr,load
9986,352,1,64,ptr,load
9987,352,2,64,ptr,load
9988,352,3,64,ptr,load
9989,352,4,64,ptr,load
9990,352,5,64,ptr,load
9991,352,6,64,ptr,load
9992,352,7,64,ptr,load
9993,352,8,64,ptr,load
9994,352,9,64,ptr,load
9995,352,10,64,ptr,load
9996,352,11,64,ptr,load
9997,352,12,64,ptr,load
9998,352,13,64,ptr,load
9999,352,14,64,ptr,load
10000,352,15,64,ptr,load
10001,352,16,64,ptr,load
10002,352,17,64,ptr,load
10003,352,18,64,ptr,load
10004,352,19,64,ptr,load
10005,352,20,64,ptr,load
10006,352,21,64,ptr,load
10007,352,22,64,ptr,load
10008,352,23,64,ptr,load
10009,352,24,64,ptr,load
10010,352,25,64,ptr,load
10011,352,26,64,ptr,load
10012,352,27,64,ptr,load
10013,352,28,64,ptr,load
10014,352,29,64,ptr,load
10015,352,30,64,ptr,load
10016,352,31,64,ptr,load
10017,352,32,64,ptr,load
10018,352,33,64,ptr,load
10019,352,34,64,ptr,load
10020,352,35,64,ptr,load
10021,352,36,64,ptr,load
10022,352,37,64,ptr,load
10023,352,38,64,ptr,load
10024,352,39,64,ptr,load
10025,352,40,64,ptr,load
10026,352,41,64,ptr,load
10027,352,42,64,ptr,load
10028,352,43,64,ptr,load
10029,352,44,64,ptr,load
10030,352,45,64,ptr,load
10031,352,46,64,ptr,load
10032,352,47,64,ptr,load
10033,352,48,64,ptr,load
10034,352,49,64,ptr,load
10035,352,50,64,ptr,load
10036,352,51,64,ptr,load
10037,352,52,64,ptr,load
10038,352,53,64,ptr,load
10039,352,54,64,ptr,load
10040,352,55,64,ptr,load
10041,352,56,64,ptr,load
10042,352,57,64,ptr,load
10043,352,58,64,ptr,load
10044,352,59,64,ptr,load
10045,352,60,64,ptr,load
10046,352,61,64,ptr,load
10047,352,62,64,ptr,load
10048,352,63,64,ptr,load
10049,397,0,64,ptr,load
10050,397,1,64,ptr,load
10051,397,2,64,ptr,load
10052,397,3,64,ptr,load
10053,397,4,64,ptr,load
10054,397,5,64,ptr,load
10055,397,6,64,ptr,load
10056,397,7,64,ptr,load
10057,397,8,64,ptr,load
10058,397,9,64,ptr,load
10059,397,10,64,ptr,load
10060,397,11,64,ptr,load
10061,397,12,64,ptr,load
10062,397,13,64,ptr,load
10063,397,14,64,ptr,load
10064,397,15,64,ptr,load
10065,397,16,64,ptr,load
10066,397,17,64,ptr,load
10067,397,18,64,ptr,load
10068,397,19,64,ptr,load
10069,397,20,64,ptr,load
10070,397,21,64,ptr,load
10071,397,22,64,ptr,load
10072,397,23,64,ptr,load
10073,397,24,64,ptr,load
10074,397,25,64,ptr,load
10075,397,26,64,ptr,load
10076,397,27,64,ptr,load
10077,397,28,64,ptr,load
10078,397,29,64,ptr,load
10079,397,30,64,ptr,load
10080,397,31,64,ptr,load
10081,397,32,64,ptr,load
10082,397,33,64,ptr,load
10083,397,34,64,ptr,load
10084,397,35,64,ptr,load
10085,397,36,64,ptr,load
10086,397,37,64,ptr,load
10087,397,38,64,ptr,load
10088,397,39,64,ptr,load
10089,397,40,64,ptr,load
10090,397,41,64,ptr,load
10091,397,42,64,ptr,load
10092,397,43,64,ptr,load
10093,397,44,64,ptr,load
10094,397,45,64,ptr,load
10095,397,46,64,ptr,load
10096,397,47,64,ptr,load
10097,397,48,64,ptr,load
10098,397,49,64,ptr,load
10099,397,50,64,ptr,load
10100,397,51,64,ptr,load
10101,397,52,64,ptr,load
10102,397,53,64,ptr,load
10103,397,54,64,ptr,load
10104,397,55,64,ptr,load
10105,397,56,64,ptr,load
10106,397,57,64,ptr,load
10107,397,58,64,ptr,load
10108,397,59,64,ptr,load
10109,397,60,64,ptr,load
10110,397,61,64,ptr,load
10111,397,62,64,ptr,load
10112,397,63,64,ptr,load
10113,399,0,64,ptr,load
10114,399,1,64,ptr,load
10115,399,2,64,ptr,load
10116,399,3,64,ptr,load
10117,399,4,64,ptr,load
10118,399,5,64,ptr,load
10119,399,6,64,ptr,load
10120,399,7,64,ptr,load
10121,399,8,64,ptr,load
10122,399,9,64,ptr,load
10123,399,10,64,ptr,load
10124,399,11,64,ptr,load
10125,399,12,64,ptr,load
10126,399,13,64,ptr,load
10127,399,14,64,ptr,load
10128,399,15,64,ptr,load
10129,399,16,64,ptr,load
10130,399,17,64,ptr,load
10131,399,18,64,ptr,load
10132,399,19,64,ptr,load
10133,399,20,64,ptr,load
10134,399,21,64,ptr,load
10135,399,22,64,ptr,load
10136,399,23,64,ptr,load
10137,399,24,64,ptr,load
10138,399,25,64,ptr,load
10139,399,26,64,ptr,load
10140,399,27,64,ptr,load
10141,399,28,64,ptr,load
10142,399,29,64,ptr,load
10143,399,30,64,ptr,load
10144,399,31,64,ptr,load
10145,399,32,64,ptr,load
10146,399,33,64,ptr,load
10147,399,34,64,ptr,load
10148,399,35,64,ptr,load
10149,399,36,64,ptr,load
10150,399,37,64,ptr,load
10151,399,38,64,ptr,load
10152,399,39,64,ptr,load
10153,399,40,64,ptr,load
10154,399,41,64,ptr,load
10155,399,42,64,ptr,load
10156,399,43,64,ptr,load
10157,399,44,64,ptr,load
10158,399,45,64,ptr,load
10159,399,46,64,ptr,load
10160,399,47,64,ptr,load
10161,399,48,64,ptr,load
10162,399,49,64,ptr,load
10163,399,50,64,ptr,load
10164,399,51,64,ptr,load
10165,399,52,64,ptr,load
10166,399,53,64,ptr,load
10167,399,54,64,ptr,load
10168,399,55,64,ptr,load
10169,399,56,64,ptr,load
10170,399,57,64,ptr,load
10171,399,58,64,ptr,load
10172,399,59,64,ptr,load
10173,399,60,64,ptr,load
10174,399,61,64,ptr,load
10175,399,62,64,ptr,load
10176,399,63,64,ptr,load
10177,403,0,64,ptr,load
10178,403,1,64,ptr,load
10179,403,2,64,ptr,load
10180,403,3,64,ptr,load
10181,403,4,64,ptr,load
10182,403,5,64,ptr,load
10183,403,6,64,ptr,load
10184,403,7,64,ptr,load
10185,403,8,64,ptr,load
10186,403,9,64,ptr,load
10187,403,10,64,ptr,load
10188,403,11,64,ptr,load
10189,403,12,64,ptr,load
10190,403,13,64,ptr,load
10191,403,14,64,ptr,load
10192,403,15,64,ptr,load
10193,403,16,64,ptr,load
10194,403,17,64,ptr,load
10195,403,18,64,ptr,load
10196,403,19,64,ptr,load
10197,403,20,64,ptr,load
10198,403,21,64,ptr,load
10199,403,22,64,ptr,load
10200,403,23,64,ptr,load
10201,403,24,64,ptr,load
10202,403,25,64,ptr,load
10203,403,26,64,ptr,load
10204,403,27,64,ptr,load
10205,403,28,64,ptr,load
10206,403,29,64,ptr,load
10207,403,30,64,ptr,load
10208,403,31,64,ptr,load
10209,403,32,64,ptr,load
10210,403,33,64,ptr,load
10211,403,34,64,ptr,load
10212,403,35,64,ptr,load
10213,403,36,64,ptr,load
10214,403,37,64,ptr,load
10215,403,38,64,ptr,load
10216,403,39,64,ptr,load
10217,403,40,64,ptr,load
10218,403,41,64,ptr,load
10219,403,42,64,ptr,load
10220,403,43,64,ptr,load
10221,403,44,64,ptr,load
10222,403,45,64,ptr,load
10223,403,46,64,ptr,load
10224,403,47,64,ptr,load
10225,403,48,64,ptr,load
10226,403,49,64,ptr,load
10227,403,50,64,ptr,load
10228,403,51,64,ptr,load
10229,403,52,64,ptr,load
10230,403,53,64,ptr,load
10231,403,54,64,ptr,load
10232,403,55,64,ptr,load
10233,403,56,64,ptr,load
10234,403,57,64,ptr,load
10235,403,58,64,ptr,load
10236,403,59,64,ptr,load
10237,403,60,64,ptr,load
10238,403,61,64,ptr,load
10239,403,62,64,ptr,load
10240,403,63,64,ptr,load
10241,410,0,64,ptr,load
10242,410,1,64,ptr,load
10243,410,2,64,ptr,load
10244,410,3,64,ptr,load
10245,410,4,64,ptr,load
10246,410,5,64,ptr,load
10247,410,6,64,ptr,load
10248,410,7,64,ptr,load
10249,410,8,64,ptr,load
10250,410,9,64,ptr,load
10251,410,10,64,ptr,load
10252,410,11,64,ptr,load
10253,410,12,64,ptr,load
10254,410,13,64,ptr,load
10255,410,14,64,ptr,load
10256,410,15,64,ptr,load
10257,410,16,64,ptr,load
10258,410,17,64,ptr,load
10259,410,18,64,ptr,load
10260,410,19,64,ptr,load
10261,410,20,64,ptr,load
10262,410,21,64,ptr,load
10263,410,22,64,ptr,load
10264,410,23,64,ptr,load
10265,410,24,64,ptr,load
10266,410,25,64,ptr,load
10267,410,26,64,ptr,load
10268,410,27,64,ptr,load
10269,410,28,64,ptr,load
10270,410,29,64,ptr,load
10271,410,30,64,ptr,load
10272,410,31,64,ptr,load
10273,410,32,64,ptr,load
10274,410,33,64,ptr,load
10275,410,34,64,ptr,load
10276,410,35,64,ptr,load
10277,410,36,64,ptr,load
10278,410,37,64,ptr,load
10279,410,38,64,ptr,load
10280,410,39,64,ptr,load
10281,410,40,64,ptr,load
10282,410,41,64,ptr,load
10283,410,42,64,ptr,load
10284,410,43,64,ptr,load
10285,410,44,64,ptr,load
10286,410,45,64,ptr,load
10287,410,46,64,ptr,load
10288,410,47,64,ptr,load
10289,410,48,64,ptr,load
10290,410,49,64,ptr,load
10291,410,50,64,ptr,load
10292,410,51,64,ptr,load
10293,410,52,64,ptr,load
10294,410,53,64,ptr,load
10295,410,54,64,ptr,load
10296,410,55,64,ptr,load
10297,410,56,64,ptr,load
10298,410,57,64,ptr,load
10299,410,58,64,ptr,load
10300,410,59,64,ptr,load
10301,410,60,64,ptr,load
10302,410,61,64,ptr,load
10303,410,62,64,ptr,load
10304,410,63,64,ptr,load
10305,425,0,64,ptr,load
10306,425,1,64,ptr,load
10307,425,2,64,ptr,load
10308,425,3,64,ptr,load
10309,425,4,64,ptr,load
10310,425,5,64,ptr,load
10311,425,6,64,ptr,load
10312,425,7,64,ptr,load
10313,425,8,64,ptr,load
10314,425,9,64,ptr,load
10315,425,10,64,ptr,load
10316,425,11,64,ptr,load
10317,425,12,64,ptr,load
10318,425,13,64,ptr,load
10319,425,14,64,ptr,load
10320,425,15,64,ptr,load
10321,425,16,64,ptr,load
10322,425,17,64,ptr,load
10323,425,18,64,ptr,load
10324,425,19,64,ptr,load
10325,425,20,64,ptr,load
10326,425,21,64,ptr,load
10327,425,22,64,ptr,load
10328,425,23,64,ptr,load
10329,425,24,64,ptr,load
10330,425,25,64,ptr,load
10331,425,26,64,ptr,load
10332,425,27,64,ptr,load
10333,425,28,64,ptr,load
10334,425,29,64,ptr,load
10335,425,30,64,ptr,load
10336,425,31,64,ptr,load
10337,425,32,64,ptr,load
10338,425,33,64,ptr,load
10339,425,34,64,ptr,load
10340,425,35,64,ptr,load
10341,425,36,64,ptr,load
10342,425,37,64,ptr,load
10343,425,38,64,ptr,load
10344,425,39,64,ptr,load
10345,425,40,64,ptr,load
10346,425,41,64,ptr,load
10347,425,42,64,ptr,load
10348,425,43,64,ptr,load
10349,425,44,64,ptr,load
10350,425,45,64,ptr,load
10351,425,46,64,ptr,load
10352,425,47,64,ptr,load
10353,425,48,64,ptr,load
10354,425,49,64,ptr,load
10355,425,50,64,ptr,load
10356,425,51,64,ptr,load
10357,425,52,64,ptr,load
10358,425,53,64,ptr,load
10359,425,54,64,ptr,load
10360,425,55,64,ptr,load
10361,425,56,64,ptr,load
10362,425,57,64,ptr,load
10363,425,58,64,ptr,load
10364,425,59,64,ptr,load
10365,425,60,64,ptr,load
10366,425,61,64,ptr,load
10367,425,62,64,ptr,load
10368,425,63,64,ptr,load
10369,428,0,64,ptr,load
10370,428,1,64,ptr,load
10371,428,2,64,ptr,load
10372,428,3,64,ptr,load
10373,428,4,64,ptr,load
10374,428,5,64,ptr,load
10375,428,6,64,ptr,load
10376,428,7,64,ptr,load
10377,428,8,64,ptr,load
10378,428,9,64,ptr,load
10379,428,10,64,ptr,load
10380,428,11,64,ptr,load
10381,428,12,64,ptr,load
10382,428,13,64,ptr,load
10383,428,14,64,ptr,load
10384,428,15,64,ptr,load
10385,428,16,64,ptr,load
10386,428,17,64,ptr,load
10387,428,18,64,ptr,load
10388,428,19,64,ptr,load
10389,428,20,64,ptr,load
10390,428,21,64,ptr,load
10391,428,22,64,ptr,load
10392,428,23,64,ptr,load
10393,428,24,64,ptr,load
10394,428,25,64,ptr,load
10395,428,26,64,ptr,load
10396,428,27,64,ptr,load
10397,428,28,64,ptr,load
10398,428,29,64,ptr,load
10399,428,30,64,ptr,load
10400,428,31,64,ptr,load
10401,428,32,64,ptr,load
10402,428,33,64,ptr,load
10403,428,34,64,ptr,load
10404,428,35,64,ptr,load
10405,428,36,64,ptr,load
10406,428,37,64,ptr,load
10407,428,38,64,ptr,load
10408,428,39,64,ptr,load
10409,428,40,64,ptr,load
10410,428,41,64,ptr,load
10411,428,42,64,ptr,load
10412,428,43,64,ptr,load
10413,428,44,64,ptr,load
10414,428,45,64,ptr,load
10415,428,46,64,ptr,load
10416,428,47,64,ptr,load
10417,428,48,64,ptr,load
10418,428,49,64,ptr,load
10419,428,50,64,ptr,load
10420,428,51,64,ptr,load
10421,428,52,64,ptr,load
10422,428,53,64,ptr,load
10423,428,54,64,ptr,load
10424,428,55,64,ptr,load
10425,428,56,64,ptr,load
10426,428,57,64,ptr,load
10427,428,58,64,ptr,load
10428,428,59,64,ptr,load
10429,428,60,64,ptr,load
10430,428,61,64,ptr,load
10431,428,62,64,ptr,load
10432,428,63,64,ptr,load
