:3:rocdevice.cpp            :465 : 1568577486026 us:  Initializing HSA stack.
:3:rocdevice.cpp            :551 : 1568577573640 us:  Enumerated GPU agents = 1
:3:rocdevice.cpp            :230 : 1568577573954 us:  Numa selects cpu agent[3]=0x2c9110(fine=0x2c9320,coarse=0x2c9e60) for gpu agent=0x2cac30 CPU<->GPU XGMI=1
:3:rocsettings.cpp          :284 : 1568577574289 us:  Using dev kernel arg wa = 0
:3:comgrctx.cpp             :33  : 1568577574453 us:  Loading COMGR library.
:3:comgrctx.cpp             :128 : 1568577574623 us:  Loaded COMGR library version 3.0.
:3:rocdevice.cpp            :1785: 1568577584028 us:  Gfx Major/Minor/Stepping: 9/0/10
:3:rocdevice.cpp            :1787: 1568577584318 us:  HMM support: 1, XNACK: 0, Direct host access: 1
:3:rocdevice.cpp            :1789: 1568577584500 us:  Max SDMA Read Mask: 0x1e, Max SDMA Write Mask: 0x1f
:3:hip_context.cpp          :54  : 1568577585543 us:  Direct Dispatch: 1
:3:hip_fatbin.cpp           :427 : 1568577585906 us:  Searching for code objects, HIP_FORCE_SPIRV_CODEOBJECT: 0
:3:hip_fatbin.cpp           :435 : 1568577586068 us:  Using Native code object: gfx90a:sramecc+:xnack-
:3:hip_memory.cpp           :756 : 1568577586219 us:  [32m hipMalloc ( 0x7fffffff5c10, 30720000 ) [0m
:3:rocdevice.cpp            :2411: 1568577586387 us:  Device=0x6e3170, freeMem_ = 0xffd2b4000
:3:hip_memory.cpp           :758 : 1568577586511 us:  hipMalloc: Returned hipSuccess : 0x7ffeabc00000: duration: 292 us
:3:hip_memory.cpp           :795 : 1568577586636 us:  [32m hipMemcpy ( 0x7ffeabc00000, 0x7fffdffec010, 30720000, hipMemcpyHostToDevice ) [0m
:3:rocdevice.cpp            :3048: 1568577587040 us:  Number of allocated hardware queues with low priority: 0, with normal priority: 0, with high priority: 0, maximum per priority is: 4
:3:rocdevice.cpp            :3129: 1568577591532 us:  Created SWq=0x7fffe204a000 to map on HWq=0x7ffec5800000 with size 16384 with priority 1, cooperative: 0
:3:rocdevice.cpp            :3222: 1568577591912 us:  acquireQueue refCount: 0x7ffec5800000 (1)
:3:devprogram.cpp           :2658: 1568578241637 us:  Using Code Object V5.
:3:rocvirtual.hpp           :56  : 1568578246104 us:  Host active wait for Signal = (0x7fffd89ff780) for -1 ns
:3:rocvirtual.cpp           :533 : 1568578247350 us:  Set Handler: handle(0x7fffd89fd600), timestamp(0xe182d0)
:3:rocvirtual.hpp           :56  : 1568578247494 us:  Host active wait for Signal = (0x7fffd89fd600) for -1 ns
:3:hip_memory.cpp           :796 : 1568578247761 us:  hipMemcpy: Returned hipSuccess : : duration: 661125 us
:3:hip_memory.cpp           :756 : 1568578247924 us:  [32m hipMalloc ( 0x7fffffff5c08, 24576 ) [0m
:3:rocvirtual.cpp           :226 : 1568578247541 us:  Handler: value(0), timestamp(0x9eedc0), handle(0x7fffd89fd600)
:3:rocdevice.cpp            :2411: 1568578248111 us:  Device=0x6e3170, freeMem_ = 0xffd2ae000
:3:hip_memory.cpp           :758 : 1568578248396 us:  hipMalloc: Returned hipSuccess : 0x7ffec4a00000: duration: 472 us
:3:hip_memory.cpp           :795 : 1568578248549 us:  [32m hipMemcpy ( 0x7ffec4a00000, 0x290e70, 24576, hipMemcpyHostToDevice ) [0m
:3:rocvirtual.cpp           :533 : 1568578248865 us:  Set Handler: handle(0x7fffd89fd680), timestamp(0xe181c0)
:3:rocvirtual.hpp           :56  : 1568578248992 us:  Host active wait for Signal = (0x7fffd89fd680) for -1 ns
:3:hip_memory.cpp           :796 : 1568578249123 us:  hipMemcpy: Returned hipSuccess : : duration: 574 us
:3:hip_memory.cpp           :756 : 1568578249229 us:  [32m hipMalloc ( 0x7fffffff5c00, 30720000 ) [0m
:3:rocvirtual.cpp           :226 : 1568578249030 us:  Handler: value(0), timestamp(0x9770d0), handle(0x7fffd89fd680)
:3:rocdevice.cpp            :2411: 1568578249422 us:  Device=0x6e3170, freeMem_ = 0xffb562000
:3:hip_memory.cpp           :758 : 1568578249698 us:  hipMalloc: Returned hipSuccess : 0x7ffe85c00000: duration: 469 us
:3:hip_memory.cpp           :756 : 1568578249789 us:  [32m hipMalloc ( 0x7fffffff5bf8, 36 ) [0m
:3:rocdevice.cpp            :2411: 1568578249902 us:  Device=0x6e3170, freeMem_ = 0xffb561fdc
:3:hip_memory.cpp           :758 : 1568578249983 us:  hipMalloc: Returned hipSuccess : 0x7ffec4a06000: duration: 194 us
:3:hip_memory.cpp           :795 : 1568578250100 us:  [32m hipMemcpy ( 0x7ffec4a06000, 0x28ddc0, 36, hipMemcpyHostToDevice ) [0m
:3:rocvirtual.cpp           :762 : 1568578250303 us:  Arg0: uchar* src = ptr:0x7ffec5006000
:3:rocvirtual.cpp           :762 : 1568578250386 us:  Arg1: uchar* dst = ptr:0x7ffec4a06000
:3:rocvirtual.cpp           :853 : 1568578250499 us:  Arg2: ulong size = val:36
:3:rocvirtual.cpp           :853 : 1568578250581 us:  Arg3: uint remainder = val:4
:3:rocvirtual.cpp           :853 : 1568578250725 us:  Arg4: uint aligned_size = val:16
:3:rocvirtual.cpp           :853 : 1568578250807 us:  Arg5: ulong end_ptr = val:140732197265440
:3:rocvirtual.cpp           :853 : 1568578250912 us:  Arg6: uint next_chunk = val:512
:3:rocvirtual.cpp           :3236: 1568578250996 us:  ShaderName : __amd_rocclr_copyBuffer
:3:rocvirtual.cpp           :3449: 1568578251101 us:  KernargSegmentByteSize = 304 KernargSegmentAlignment = 128
:3:rocvirtual.cpp           :533 : 1568578251183 us:  Set Handler: handle(0x7fffd89fd700), timestamp(0xe22dd0)
:3:rocvirtual.hpp           :56  : 1568578251306 us:  Host active wait for Signal = (0x7fffd89fd700) for -1 ns
:3:hip_memory.cpp           :796 : 1568578251393 us:  hipMemcpy: Returned hipSuccess : : duration: 1293 us
:3:hip_memory.cpp           :3476: 1568578251525 us:  [32m hipMemset ( 0x7ffe85c00000, 0, 30720000 ) [0m
:3:rocvirtual.cpp           :762 : 1568578251630 us:  Arg0: void* buf = ptr:0x7ffe85c00000
:3:rocvirtual.cpp           :778 : 1568578251787 us:  Arg0: void* buf = ptr:0x7ffe85c00000 obj:[0x7ffe85c00000-0x7ffe8794c000]
:3:rocvirtual.cpp           :762 : 1568578251869 us:  Arg1: uchar* pattern = ptr:0x7ffec5600200
:3:rocvirtual.cpp           :853 : 1568578251981 us:  Arg2: uint pattern_size = val:1
:3:rocvirtual.cpp           :853 : 1568578252098 us:  Arg3: uint alignment = val:16
:3:rocvirtual.cpp           :853 : 1568578252185 us:  Arg4: ulong end_ptr = val:140731173093376
:3:rocvirtual.cpp           :853 : 1568578252303 us:  Arg5: uint next_chunk = val:28160
:3:rocvirtual.cpp           :3236: 1568578252412 us:  ShaderName : __amd_rocclr_fillBufferAligned
:3:rocvirtual.cpp           :3449: 1568578252479 us:  KernargSegmentByteSize = 296 KernargSegmentAlignment = 128
:3:hip_memory.cpp           :3477: 1568578252563 us:  hipMemset: Returned hipSuccess : 
:3:hip_device_runtime.cpp   :641 : 1568578252651 us:  [32m hipDeviceSynchronize (  ) [0m
:3:rocvirtual.cpp           :533 : 1568578252728 us:  Set Handler: handle(0x7fffd89fd780), timestamp(0xe22cc0)
:3:rocvirtual.hpp           :56  : 1568578252807 us:  Host active wait for Signal = (0x7fffd89fd780) for -1 ns
:3:hip_device_runtime.cpp   :645 : 1568578252885 us:  hipDeviceSynchronize: Returned hipSuccess : 
:3:hip_platform.cpp         :237 : 1568578252999 us:  [32m __hipPushCallConfiguration ( {8,1,1}, {128,1,1}, 0, stream:<null> ) [0m
:3:hip_platform.cpp         :241 : 1568578253166 us:  __hipPushCallConfiguration: Returned hipSuccess : 
:3:hip_platform.cpp         :246 : 1568578253243 us:  [32m __hipPopCallConfiguration ( {3964667986,32767,128}, {2118224,0,4294925536}, 0x7fffffff5a30, 0x7fffffff5a28 ) [0m
:3:hip_platform.cpp         :255 : 1568578253402 us:  __hipPopCallConfiguration: Returned hipSuccess : 
:3:hip_module.cpp           :744 : 1568578253530 us:  [32m hipLaunchKernel ( 0x200fe0, {8,1,1}, {128,1,1}, 0x7fffffff59e0, 0, stream:<null> ) [0m
:3:rocvirtual.cpp           :226 : 1568578251347 us:  Handler: value(0), timestamp(0x73be30), handle(0x7fffd89fd700)
:3:rocvirtual.cpp           :226 : 1568578253773 us:  Handler: value(0), timestamp(0x73bfe0), handle(0x7fffd89fd780)
:3:devprogram.cpp           :2658: 1568578253780 us:  Using Code Object V5.
:3:rocvirtual.cpp           :762 : 1568578254277 us:  Arg0:   = ptr:0x7ffeabc00000
:3:rocvirtual.cpp           :778 : 1568578254348 us:  Arg0:   = ptr:0x7ffeabc00000 obj:[0x7ffeabc00000-0x7ffead94c000]
:3:rocvirtual.cpp           :762 : 1568578254419 us:  Arg1:   = ptr:0x7ffec4a00000
:3:rocvirtual.cpp           :778 : 1568578254494 us:  Arg1:   = ptr:0x7ffec4a00000 obj:[0x7ffec4a00000-0x7ffec4a06000]
:3:rocvirtual.cpp           :762 : 1568578254599 us:  Arg2:   = ptr:0x7ffe85c00000
:3:rocvirtual.cpp           :778 : 1568578254676 us:  Arg2:   = ptr:0x7ffe85c00000 obj:[0x7ffe85c00000-0x7ffe8794c000]
:3:rocvirtual.cpp           :853 : 1568578254750 us:  Arg3:   = val:768
:3:rocvirtual.cpp           :762 : 1568578254814 us:  Arg4:   = ptr:0x7ffec4a06000
:3:rocvirtual.cpp           :778 : 1568578254896 us:  Arg4:   = ptr:0x7ffec4a06000 obj:[0x7ffec4a06000-0x7ffec4a06024]
:3:rocvirtual.cpp           :3236: 1568578254966 us:  ShaderName : void dense_esuhm<float>(float const*, float const*, float*, int, int const*)
:3:rocdevice.cpp            :3322: 1568578257832 us:  Created hostcall buffer 0x7ffe94600000 for hardware queue 0x7ffec5800000
:3:devhostcall.cpp          :428 : 1568578258142 us:  Launched hostcall listener at 0xd7e330
:3:devhostcall.cpp          :441 : 1568578258260 us:  Registered hostcall buffer 0x7ffe94600000 with listener 0xd7e330
:3:rocvirtual.cpp           :853 : 1568578258402 us:  Arg0: ulong heap_to_initialize = val:140732197269504
:3:rocvirtual.cpp           :853 : 1568578258485 us:  Arg1: ulong initial_blocks = val:140731131887616
:3:rocvirtual.cpp           :853 : 1568578258559 us:  Arg2: uint heap_size = val:131072
:3:rocvirtual.cpp           :853 : 1568578258635 us:  Arg3: uint number_of_initial_blocks = val:4
:3:rocvirtual.cpp           :3236: 1568578258708 us:  ShaderName : __amd_rocclr_initHeap
:3:rocvirtual.cpp           :3449: 1568578258781 us:  KernargSegmentByteSize = 24 KernargSegmentAlignment = 128
:3:rocvirtual.hpp           :56  : 1568578258869 us:  Host active wait for Signal = (0x7fffd89ff480) for -1 ns
:3:rocvirtual.cpp           :3449: 1568578258939 us:  KernargSegmentByteSize = 296 KernargSegmentAlignment = 128
:3:hip_module.cpp           :745 : 1568578259010 us:  hipLaunchKernel: Returned hipSuccess : : duration: 5480 us
:3:hip_device_runtime.cpp   :641 : 1568578259080 us:  [32m hipDeviceSynchronize (  ) [0m
:3:rocvirtual.cpp           :533 : 1568578259157 us:  Set Handler: handle(0x7fffd89fd800), timestamp(0xe22bf0)
:3:rocvirtual.hpp           :56  : 1568578259233 us:  Host active wait for Signal = (0x7fffd89fd800) for -1 ns
:3:hip_device_runtime.cpp   :645 : 1568578259414 us:  hipDeviceSynchronize: Returned hipSuccess : 
:3:hip_memory.cpp           :795 : 1568578259490 us:  [32m hipMemcpy ( 0x7fffde29f010, 0x7ffe85c00000, 30720000, hipMemcpyDeviceToHost ) [0m
:3:rocvirtual.cpp           :226 : 1568578259416 us:  Handler: value(0), timestamp(0xd1a290), handle(0x7fffd89fd800)
:3:rocvirtual.hpp           :56  : 1568578266080 us:  Host active wait for Signal = (0x7fffd89ff380) for -1 ns
:3:rocvirtual.cpp           :533 : 1568578267266 us:  Set Handler: handle(0x7fffd89fd100), timestamp(0xf3ab80)
:3:rocvirtual.hpp           :56  : 1568578267386 us:  Host active wait for Signal = (0x7fffd89fd100) for -1 ns
:3:hip_memory.cpp           :796 : 1568578267646 us:  hipMemcpy: Returned hipSuccess : : duration: 8156 us
:3:hip_memory.cpp           :3476: 1568578267802 us:  [32m hipMemset ( 0x7ffe85c00000, 0, 30720000 ) [0m
:3:rocvirtual.cpp           :762 : 1568578267922 us:  Arg0: void* buf = ptr:0x7ffe85c00000
:3:rocvirtual.cpp           :778 : 1568578268069 us:  Arg0: void* buf = ptr:0x7ffe85c00000 obj:[0x7ffe85c00000-0x7ffe8794c000]
:3:rocvirtual.cpp           :762 : 1568578268186 us:  Arg1: uchar* pattern = ptr:0x7ffec5600000
:3:rocvirtual.cpp           :853 : 1568578268280 us:  Arg2: uint pattern_size = val:1
:3:rocvirtual.cpp           :853 : 1568578268394 us:  Arg3: uint alignment = val:16
:3:rocvirtual.cpp           :853 : 1568578268514 us:  Arg4: ulong end_ptr = val:140731173093376
:3:rocvirtual.cpp           :853 : 1568578268598 us:  Arg5: uint next_chunk = val:28160
:3:rocvirtual.cpp           :3236: 1568578268699 us:  ShaderName : __amd_rocclr_fillBufferAligned
:3:rocvirtual.cpp           :3449: 1568578268816 us:  KernargSegmentByteSize = 296 KernargSegmentAlignment = 128
:3:hip_memory.cpp           :3477: 1568578268911 us:  hipMemset: Returned hipSuccess : 
:3:hip_device_runtime.cpp   :641 : 1568578269030 us:  [32m hipDeviceSynchronize (  ) [0m
:3:rocvirtual.cpp           :533 : 1568578269151 us:  Set Handler: handle(0x7fffd89fd080), timestamp(0xdc5f30)
:3:rocvirtual.hpp           :56  : 1568578269239 us:  Host active wait for Signal = (0x7fffd89fd080) for -1 ns
:3:hip_device_runtime.cpp   :645 : 1568578269323 us:  hipDeviceSynchronize: Returned hipSuccess : 
:3:hip_platform.cpp         :237 : 1568578269414 us:  [32m __hipPushCallConfiguration ( {8,1,1}, {128,1,1}, 0, stream:<null> ) [0m
:3:hip_platform.cpp         :241 : 1568578269585 us:  __hipPushCallConfiguration: Returned hipSuccess : 
:3:hip_platform.cpp         :246 : 1568578269675 us:  [32m __hipPopCallConfiguration ( {3964667986,32767,128}, {2118224,0,4294925536}, 0x7fffffff5a30, 0x7fffffff5a28 ) [0m
:3:hip_platform.cpp         :255 : 1568578269873 us:  __hipPopCallConfiguration: Returned hipSuccess : 
:3:hip_module.cpp           :744 : 1568578269956 us:  [32m hipLaunchKernel ( 0x200fe8, {8,1,1}, {128,1,1}, 0x7fffffff59e0, 0, stream:<null> ) [0m
:3:rocvirtual.cpp           :762 : 1568578270121 us:  Arg0:   = ptr:0x7ffeabc00000
:3:rocvirtual.cpp           :778 : 1568578270211 us:  Arg0:   = ptr:0x7ffeabc00000 obj:[0x7ffeabc00000-0x7ffead94c000]
:3:rocvirtual.cpp           :762 : 1568578270326 us:  Arg1:   = ptr:0x7ffec4a00000
:3:rocvirtual.cpp           :778 : 1568578270404 us:  Arg1:   = ptr:0x7ffec4a00000 obj:[0x7ffec4a00000-0x7ffec4a06000]
:3:rocvirtual.cpp           :762 : 1568578270484 us:  Arg2:   = ptr:0x7ffe85c00000
:3:rocvirtual.cpp           :778 : 1568578270568 us:  Arg2:   = ptr:0x7ffe85c00000 obj:[0x7ffe85c00000-0x7ffe8794c000]
:3:rocvirtual.cpp           :853 : 1568578270636 us:  Arg3:   = val:768
:3:rocvirtual.cpp           :762 : 1568578270734 us:  Arg4:   = ptr:0x7ffec4a06000
:3:rocvirtual.cpp           :778 : 1568578270812 us:  Arg4:   = ptr:0x7ffec4a06000 obj:[0x7ffec4a06000-0x7ffec4a06024]
:3:rocvirtual.cpp           :3236: 1568578270898 us:  ShaderName : void dense_esuhm2<float>(float const*, float const*, float*, int, int const*)
:3:rocvirtual.cpp           :3449: 1568578271077 us:  KernargSegmentByteSize = 296 KernargSegmentAlignment = 128
:3:hip_module.cpp           :745 : 1568578271159 us:  hipLaunchKernel: Returned hipSuccess : : duration: 1203 us
:3:hip_device_runtime.cpp   :641 : 1568578271246 us:  [32m hipDeviceSynchronize (  ) [0m
:3:rocvirtual.cpp           :226 : 1568578267422 us:  Handler: value(0), timestamp(0xef43a0), handle(0x7fffd89fd100)
:3:rocvirtual.cpp           :533 : 1568578271331 us:  Set Handler: handle(0x7fffd89fd000), timestamp(0xdc6250)
:3:rocvirtual.hpp           :56  : 1568578271526 us:  Host active wait for Signal = (0x7fffd89fd000) for -1 ns
:3:hip_device_runtime.cpp   :645 : 1568578271619 us:  hipDeviceSynchronize: Returned hipSuccess : 
:3:rocvirtual.cpp           :226 : 1568578271450 us:  Handler: value(0), timestamp(0xef4410), handle(0x7fffd89fd080)
:3:rocvirtual.cpp           :226 : 1568578271807 us:  Handler: value(0), timestamp(0xef4480), handle(0x7fffd89fd000)
:3:hip_memory.cpp           :795 : 1568578271720 us:  [32m hipMemcpy ( 0x7fffdc552010, 0x7ffe85c00000, 30720000, hipMemcpyDeviceToHost ) [0m
:3:rocvirtual.hpp           :56  : 1568578276132 us:  Host active wait for Signal = (0x7fffd89ff180) for -1 ns
:3:rocvirtual.cpp           :533 : 1568578277308 us:  Set Handler: handle(0x7fffd89fcf80), timestamp(0xef3b70)
:3:rocvirtual.hpp           :56  : 1568578277430 us:  Host active wait for Signal = (0x7fffd89fcf80) for -1 ns
:3:hip_memory.cpp           :796 : 1568578277532 us:  hipMemcpy: Returned hipSuccess : : duration: 5812 us
:3:hip_memory.cpp           :3476: 1568578277666 us:  [32m hipMemset ( 0x7ffe85c00000, 0, 30720000 ) [0m
:3:rocvirtual.cpp           :762 : 1568578277746 us:  Arg0: void* buf = ptr:0x7ffe85c00000
:3:rocvirtual.cpp           :778 : 1568578277827 us:  Arg0: void* buf = ptr:0x7ffe85c00000 obj:[0x7ffe85c00000-0x7ffe8794c000]
:3:rocvirtual.cpp           :762 : 1568578277931 us:  Arg1: uchar* pattern = ptr:0x7ffec5600000
:3:rocvirtual.cpp           :853 : 1568578278001 us:  Arg2: uint pattern_size = val:1
:3:rocvirtual.cpp           :853 : 1568578278097 us:  Arg3: uint alignment = val:16
:3:rocvirtual.cpp           :853 : 1568578278166 us:  Arg4: ulong end_ptr = val:140731173093376
:3:rocvirtual.cpp           :853 : 1568578278255 us:  Arg5: uint next_chunk = val:28160
:3:rocvirtual.cpp           :3236: 1568578278355 us:  ShaderName : __amd_rocclr_fillBufferAligned
:3:rocvirtual.cpp           :3449: 1568578278427 us:  KernargSegmentByteSize = 296 KernargSegmentAlignment = 128
:3:hip_memory.cpp           :3477: 1568578278509 us:  hipMemset: Returned hipSuccess : 
:3:hip_device_runtime.cpp   :641 : 1568578278629 us:  [32m hipDeviceSynchronize (  ) [0m
:3:rocvirtual.cpp           :533 : 1568578278725 us:  Set Handler: handle(0x7fffd89fcf00), timestamp(0xf3a870)
:3:rocvirtual.hpp           :56  : 1568578278807 us:  Host active wait for Signal = (0x7fffd89fcf00) for -1 ns
:3:hip_device_runtime.cpp   :645 : 1568578278890 us:  hipDeviceSynchronize: Returned hipSuccess : 
:3:hip_platform.cpp         :237 : 1568578278974 us:  [32m __hipPushCallConfiguration ( {8,1,1}, {128,1,1}, 0, stream:<null> ) [0m
:3:hip_platform.cpp         :241 : 1568578279133 us:  __hipPushCallConfiguration: Returned hipSuccess : 
:3:hip_platform.cpp         :246 : 1568578279232 us:  [32m __hipPopCallConfiguration ( {3964667986,32767,128}, {2118224,0,4294925536}, 0x7fffffff5a30, 0x7fffffff5a28 ) [0m
:3:hip_platform.cpp         :255 : 1568578279402 us:  __hipPopCallConfiguration: Returned hipSuccess : 
:3:hip_module.cpp           :744 : 1568578279525 us:  [32m hipLaunchKernel ( 0x200ff0, {8,1,1}, {128,1,1}, 0x7fffffff59e0, 0, stream:<null> ) [0m
:3:rocvirtual.cpp           :762 : 1568578279722 us:  Arg0:   = ptr:0x7ffeabc00000
:3:rocvirtual.cpp           :778 : 1568578279838 us:  Arg0:   = ptr:0x7ffeabc00000 obj:[0x7ffeabc00000-0x7ffead94c000]
:3:rocvirtual.cpp           :762 : 1568578279922 us:  Arg1:   = ptr:0x7ffec4a00000
:3:rocvirtual.cpp           :778 : 1568578280032 us:  Arg1:   = ptr:0x7ffec4a00000 obj:[0x7ffec4a00000-0x7ffec4a06000]
:3:rocvirtual.cpp           :762 : 1568578280112 us:  Arg2:   = ptr:0x7ffe85c00000
:3:rocvirtual.cpp           :778 : 1568578280193 us:  Arg2:   = ptr:0x7ffe85c00000 obj:[0x7ffe85c00000-0x7ffe8794c000]
:3:rocvirtual.cpp           :853 : 1568578280277 us:  Arg3:   = val:768
:3:rocvirtual.cpp           :762 : 1568578280360 us:  Arg4:   = ptr:0x7ffec4a06000
:3:rocvirtual.cpp           :778 : 1568578280438 us:  Arg4:   = ptr:0x7ffec4a06000 obj:[0x7ffec4a06000-0x7ffec4a06024]
:3:rocvirtual.cpp           :3236: 1568578280524 us:  ShaderName : void dense_esuhm3<float>(float const*, float const*, float*, int, int const*)
:3:rocvirtual.cpp           :3449: 1568578280715 us:  KernargSegmentByteSize = 296 KernargSegmentAlignment = 128
:3:hip_module.cpp           :745 : 1568578280816 us:  hipLaunchKernel: Returned hipSuccess : : duration: 1291 us
:3:hip_device_runtime.cpp   :641 : 1568578280901 us:  [32m hipDeviceSynchronize (  ) [0m
:3:rocvirtual.cpp           :226 : 1568578277485 us:  Handler: value(0), timestamp(0xef4480), handle(0x7fffd89fcf80)
:3:rocvirtual.cpp           :533 : 1568578280987 us:  Set Handler: handle(0x7fffd89fce80), timestamp(0xef41d0)
:3:rocvirtual.hpp           :56  : 1568578281161 us:  Host active wait for Signal = (0x7fffd89fce80) for -1 ns
:3:hip_device_runtime.cpp   :645 : 1568578281273 us:  hipDeviceSynchronize: Returned hipSuccess : 
:3:rocvirtual.cpp           :226 : 1568578281084 us:  Handler: value(0), timestamp(0xef44f0), handle(0x7fffd89fcf00)
:3:hip_memory.cpp           :795 : 1568578281341 us:  [32m hipMemcpy ( 0x7fffda805010, 0x7ffe85c00000, 30720000, hipMemcpyDeviceToHost ) [0m
:3:rocvirtual.cpp           :226 : 1568578281434 us:  Handler: value(0), timestamp(0xf0fb00), handle(0x7fffd89fce80)
:3:rocvirtual.hpp           :56  : 1568578285624 us:  Host active wait for Signal = (0x7fffd89fef80) for -1 ns
:3:rocvirtual.cpp           :533 : 1568578286799 us:  Set Handler: handle(0x7fffd89fce00), timestamp(0xe1b3d0)
:3:rocvirtual.hpp           :56  : 1568578286889 us:  Host active wait for Signal = (0x7fffd89fce00) for -1 ns
:3:hip_memory.cpp           :796 : 1568578287127 us:  hipMemcpy: Returned hipSuccess : : duration: 5786 us
:3:rocvirtual.cpp           :226 : 1568578286933 us:  Handler: value(0), timestamp(0xf0fb70), handle(0x7fffd89fce00)
:3:hip_memory.cpp           :3476: 1568578308581 us:  [32m hipMemset ( 0x7ffe85c00000, 0, 30720000 ) [0m
:3:rocvirtual.cpp           :762 : 1568578308765 us:  Arg0: void* buf = ptr:0x7ffe85c00000
:3:rocvirtual.cpp           :778 : 1568578308939 us:  Arg0: void* buf = ptr:0x7ffe85c00000 obj:[0x7ffe85c00000-0x7ffe8794c000]
:3:rocvirtual.cpp           :762 : 1568578309102 us:  Arg1: uchar* pattern = ptr:0x7ffec5600000
:3:rocvirtual.cpp           :853 : 1568578309262 us:  Arg2: uint pattern_size = val:1
:3:rocvirtual.cpp           :853 : 1568578309422 us:  Arg3: uint alignment = val:16
:3:rocvirtual.cpp           :853 : 1568578309521 us:  Arg4: ulong end_ptr = val:140731173093376
:3:rocvirtual.cpp           :853 : 1568578309752 us:  Arg5: uint next_chunk = val:28160
:3:rocvirtual.cpp           :3236: 1568578309869 us:  ShaderName : __amd_rocclr_fillBufferAligned
:3:rocvirtual.cpp           :3449: 1568578310021 us:  KernargSegmentByteSize = 296 KernargSegmentAlignment = 128
:3:hip_memory.cpp           :3477: 1568578310111 us:  hipMemset: Returned hipSuccess : 
:3:hip_device_runtime.cpp   :641 : 1568578310238 us:  [32m hipDeviceSynchronize (  ) [0m
:3:rocvirtual.cpp           :533 : 1568578310340 us:  Set Handler: handle(0x7fffd89fcd80), timestamp(0xef4150)
:3:rocvirtual.hpp           :56  : 1568578310491 us:  Host active wait for Signal = (0x7fffd89fcd80) for -1 ns
:3:hip_device_runtime.cpp   :645 : 1568578310564 us:  hipDeviceSynchronize: Returned hipSuccess : 
:3:hip_platform.cpp         :237 : 1568578310686 us:  [32m __hipPushCallConfiguration ( {8,1,1}, {256,1,1}, 0, stream:<null> ) [0m
:3:hip_platform.cpp         :241 : 1568578310878 us:  __hipPushCallConfiguration: Returned hipSuccess : 
:3:hip_platform.cpp         :246 : 1568578310958 us:  [32m __hipPopCallConfiguration ( {3964667986,32767,256}, {2118224,0,4294925536}, 0x7fffffff5a30, 0x7fffffff5a28 ) [0m
:3:hip_platform.cpp         :255 : 1568578311147 us:  __hipPopCallConfiguration: Returned hipSuccess : 
:3:hip_module.cpp           :744 : 1568578311263 us:  [32m hipLaunchKernel ( 0x200fe0, {8,1,1}, {256,1,1}, 0x7fffffff59e0, 0, stream:<null> ) [0m
:3:rocvirtual.cpp           :762 : 1568578311456 us:  Arg0:   = ptr:0x7ffeabc00000
:3:rocvirtual.cpp           :778 : 1568578311536 us:  Arg0:   = ptr:0x7ffeabc00000 obj:[0x7ffeabc00000-0x7ffead94c000]
:3:rocvirtual.cpp           :762 : 1568578311693 us:  Arg1:   = ptr:0x7ffec4a00000
:3:rocvirtual.cpp           :778 : 1568578311794 us:  Arg1:   = ptr:0x7ffec4a00000 obj:[0x7ffec4a00000-0x7ffec4a06000]
:3:rocvirtual.cpp           :762 : 1568578311908 us:  Arg2:   = ptr:0x7ffe85c00000
:3:rocvirtual.cpp           :778 : 1568578312029 us:  Arg2:   = ptr:0x7ffe85c00000 obj:[0x7ffe85c00000-0x7ffe8794c000]
:3:rocvirtual.cpp           :853 : 1568578312146 us:  Arg3:   = val:768
:3:rocvirtual.cpp           :762 : 1568578312233 us:  Arg4:   = ptr:0x7ffec4a06000
:3:rocvirtual.cpp           :778 : 1568578312386 us:  Arg4:   = ptr:0x7ffec4a06000 obj:[0x7ffec4a06000-0x7ffec4a06024]
:3:rocvirtual.cpp           :3236: 1568578312499 us:  ShaderName : void dense_esuhm<float>(float const*, float const*, float*, int, int const*)
:3:rocvirtual.cpp           :3449: 1568578312718 us:  KernargSegmentByteSize = 296 KernargSegmentAlignment = 128
:3:hip_module.cpp           :745 : 1568578312872 us:  hipLaunchKernel: Returned hipSuccess : : duration: 1609 us
:3:hip_device_runtime.cpp   :641 : 1568578312952 us:  [32m hipDeviceSynchronize (  ) [0m
:3:rocvirtual.cpp           :533 : 1568578313066 us:  Set Handler: handle(0x7fffd89fcd00), timestamp(0xe27ff0)
:3:rocvirtual.hpp           :56  : 1568578313147 us:  Host active wait for Signal = (0x7fffd89fcd00) for -1 ns
:3:hip_device_runtime.cpp   :645 : 1568578313241 us:  hipDeviceSynchronize: Returned hipSuccess : 
:3:hip_memory.cpp           :795 : 1568578313365 us:  [32m hipMemcpy ( 0x7fffde29f010, 0x7ffe85c00000, 30720000, hipMemcpyDeviceToHost ) [0m
:3:rocvirtual.hpp           :56  : 1568578313544 us:  Host active wait for Signal = (0x7fffd89fed80) for -1 ns
:3:rocvirtual.cpp           :226 : 1568578310532 us:  Handler: value(0), timestamp(0xf0fbe0), handle(0x7fffd89fcd80)
:3:rocvirtual.cpp           :226 : 1568578313742 us:  Handler: value(0), timestamp(0xf0fb00), handle(0x7fffd89fcd00)
:3:rocvirtual.cpp           :533 : 1568578314717 us:  Set Handler: handle(0x7fffd89fcc80), timestamp(0xf3ab00)
:3:rocvirtual.hpp           :56  : 1568578314807 us:  Host active wait for Signal = (0x7fffd89fcc80) for -1 ns
:3:hip_memory.cpp           :796 : 1568578314891 us:  hipMemcpy: Returned hipSuccess : : duration: 1526 us
:3:hip_memory.cpp           :3476: 1568578315018 us:  [32m hipMemset ( 0x7ffe85c00000, 0, 30720000 ) [0m
:3:rocvirtual.cpp           :762 : 1568578315144 us:  Arg0: void* buf = ptr:0x7ffe85c00000
:3:rocvirtual.cpp           :778 : 1568578315242 us:  Arg0: void* buf = ptr:0x7ffe85c00000 obj:[0x7ffe85c00000-0x7ffe8794c000]
:3:rocvirtual.cpp           :762 : 1568578315314 us:  Arg1: uchar* pattern = ptr:0x7ffec5600000
:3:rocvirtual.cpp           :853 : 1568578315395 us:  Arg2: uint pattern_size = val:1
:3:rocvirtual.cpp           :853 : 1568578315472 us:  Arg3: uint alignment = val:16
:3:rocvirtual.cpp           :853 : 1568578315571 us:  Arg4: ulong end_ptr = val:140731173093376
:3:rocvirtual.cpp           :853 : 1568578315678 us:  Arg5: uint next_chunk = val:28160
:3:rocvirtual.cpp           :3236: 1568578315755 us:  ShaderName : __amd_rocclr_fillBufferAligned
:3:rocvirtual.cpp           :3449: 1568578315879 us:  KernargSegmentByteSize = 296 KernargSegmentAlignment = 128
:3:hip_memory.cpp           :3477: 1568578315994 us:  hipMemset: Returned hipSuccess : 
:3:hip_device_runtime.cpp   :641 : 1568578316083 us:  [32m hipDeviceSynchronize (  ) [0m
:3:rocvirtual.cpp           :226 : 1568578314842 us:  Handler: value(0), timestamp(0xe28380), handle(0x7fffd89fcc80)
:3:rocvirtual.cpp           :533 : 1568578316167 us:  Set Handler: handle(0x7fffd89fcc00), timestamp(0xef3f10)
:3:rocvirtual.hpp           :56  : 1568578316363 us:  Host active wait for Signal = (0x7fffd89fcc00) for -1 ns
:3:hip_device_runtime.cpp   :645 : 1568578316471 us:  hipDeviceSynchronize: Returned hipSuccess : 
:3:hip_platform.cpp         :237 : 1568578316553 us:  [32m __hipPushCallConfiguration ( {8,1,1}, {256,1,1}, 0, stream:<null> ) [0m
:3:hip_platform.cpp         :241 : 1568578316706 us:  __hipPushCallConfiguration: Returned hipSuccess : 
:3:rocvirtual.cpp           :226 : 1568578316383 us:  Handler: value(0), timestamp(0xf0fb00), handle(0x7fffd89fcc00)
:3:hip_platform.cpp         :246 : 1568578316817 us:  [32m __hipPopCallConfiguration ( {3964667986,32767,256}, {2118224,0,4294925536}, 0x7fffffff5a30, 0x7fffffff5a28 ) [0m
:3:hip_platform.cpp         :255 : 1568578317062 us:  __hipPopCallConfiguration: Returned hipSuccess : 
:3:hip_module.cpp           :744 : 1568578317132 us:  [32m hipLaunchKernel ( 0x200fe8, {8,1,1}, {256,1,1}, 0x7fffffff59e0, 0, stream:<null> ) [0m
:3:rocvirtual.cpp           :762 : 1568578317313 us:  Arg0:   = ptr:0x7ffeabc00000
:3:rocvirtual.cpp           :778 : 1568578317386 us:  Arg0:   = ptr:0x7ffeabc00000 obj:[0x7ffeabc00000-0x7ffead94c000]
:3:rocvirtual.cpp           :762 : 1568578317460 us:  Arg1:   = ptr:0x7ffec4a00000
:3:rocvirtual.cpp           :778 : 1568578317535 us:  Arg1:   = ptr:0x7ffec4a00000 obj:[0x7ffec4a00000-0x7ffec4a06000]
:3:rocvirtual.cpp           :762 : 1568578317616 us:  Arg2:   = ptr:0x7ffe85c00000
:3:rocvirtual.cpp           :778 : 1568578317685 us:  Arg2:   = ptr:0x7ffe85c00000 obj:[0x7ffe85c00000-0x7ffe8794c000]
:3:rocvirtual.cpp           :853 : 1568578317750 us:  Arg3:   = val:768
:3:rocvirtual.cpp           :762 : 1568578317815 us:  Arg4:   = ptr:0x7ffec4a06000
:3:rocvirtual.cpp           :778 : 1568578317883 us:  Arg4:   = ptr:0x7ffec4a06000 obj:[0x7ffec4a06000-0x7ffec4a06024]
:3:rocvirtual.cpp           :3236: 1568578317957 us:  ShaderName : void dense_esuhm2<float>(float const*, float const*, float*, int, int const*)
:3:rocvirtual.cpp           :3449: 1568578318087 us:  KernargSegmentByteSize = 296 KernargSegmentAlignment = 128
:3:hip_module.cpp           :745 : 1568578318163 us:  hipLaunchKernel: Returned hipSuccess : : duration: 1031 us
:3:hip_device_runtime.cpp   :641 : 1568578318230 us:  [32m hipDeviceSynchronize (  ) [0m
:3:rocvirtual.cpp           :533 : 1568578318314 us:  Set Handler: handle(0x7fffd89fcb80), timestamp(0xe27f30)
:3:rocvirtual.hpp           :56  : 1568578318381 us:  Host active wait for Signal = (0x7fffd89fcb80) for -1 ns
:3:hip_device_runtime.cpp   :645 : 1568578318453 us:  hipDeviceSynchronize: Returned hipSuccess : 
:3:rocvirtual.cpp           :226 : 1568578318401 us:  Handler: value(0), timestamp(0xe27c50), handle(0x7fffd89fcb80)
:3:hip_memory.cpp           :795 : 1568578318538 us:  [32m hipMemcpy ( 0x7fffdc552010, 0x7ffe85c00000, 30720000, hipMemcpyDeviceToHost ) [0m
:3:rocvirtual.hpp           :56  : 1568578318763 us:  Host active wait for Signal = (0x7fffd89feb80) for -1 ns
:3:rocvirtual.cpp           :533 : 1568578319935 us:  Set Handler: handle(0x7fffd89fcb00), timestamp(0xe28300)
:3:rocvirtual.hpp           :56  : 1568578320044 us:  Host active wait for Signal = (0x7fffd89fcb00) for -1 ns
:3:hip_memory.cpp           :796 : 1568578320123 us:  hipMemcpy: Returned hipSuccess : : duration: 1585 us
:3:hip_memory.cpp           :3476: 1568578320216 us:  [32m hipMemset ( 0x7ffe85c00000, 0, 30720000 ) [0m
:3:rocvirtual.cpp           :762 : 1568578320324 us:  Arg0: void* buf = ptr:0x7ffe85c00000
:3:rocvirtual.cpp           :778 : 1568578320429 us:  Arg0: void* buf = ptr:0x7ffe85c00000 obj:[0x7ffe85c00000-0x7ffe8794c000]
:3:rocvirtual.cpp           :762 : 1568578320497 us:  Arg1: uchar* pattern = ptr:0x7ffec5600000
:3:rocvirtual.cpp           :853 : 1568578320572 us:  Arg2: uint pattern_size = val:1
:3:rocvirtual.cpp           :853 : 1568578320653 us:  Arg3: uint alignment = val:16
:3:rocvirtual.cpp           :853 : 1568578320721 us:  Arg4: ulong end_ptr = val:140731173093376
:3:rocvirtual.cpp           :853 : 1568578320824 us:  Arg5: uint next_chunk = val:28160
:3:rocvirtual.cpp           :3236: 1568578320892 us:  ShaderName : __amd_rocclr_fillBufferAligned
:3:rocvirtual.cpp           :3449: 1568578320959 us:  KernargSegmentByteSize = 296 KernargSegmentAlignment = 128
:3:hip_memory.cpp           :3477: 1568578321038 us:  hipMemset: Returned hipSuccess : 
:3:hip_device_runtime.cpp   :641 : 1568578321106 us:  [32m hipDeviceSynchronize (  ) [0m
:3:rocvirtual.cpp           :226 : 1568578320066 us:  Handler: value(0), timestamp(0xe27c50), handle(0x7fffd89fcb00)
:3:rocvirtual.cpp           :533 : 1568578321177 us:  Set Handler: handle(0x7fffd89fca80), timestamp(0xe0a880)
:3:rocvirtual.hpp           :56  : 1568578321327 us:  Host active wait for Signal = (0x7fffd89fca80) for -1 ns
:3:hip_device_runtime.cpp   :645 : 1568578321414 us:  hipDeviceSynchronize: Returned hipSuccess : 
:3:hip_platform.cpp         :237 : 1568578321488 us:  [32m __hipPushCallConfiguration ( {8,1,1}, {256,1,1}, 0, stream:<null> ) [0m
:3:hip_platform.cpp         :241 : 1568578321621 us:  __hipPushCallConfiguration: Returned hipSuccess : 
:3:hip_platform.cpp         :246 : 1568578321692 us:  [32m __hipPopCallConfiguration ( {3964667986,32767,256}, {2118224,0,4294925536}, 0x7fffffff5a30, 0x7fffffff5a28 ) [0m
:3:hip_platform.cpp         :255 : 1568578321861 us:  __hipPopCallConfiguration: Returned hipSuccess : 
:3:hip_module.cpp           :744 : 1568578321926 us:  [32m hipLaunchKernel ( 0x200ff0, {8,1,1}, {256,1,1}, 0x7fffffff59e0, 0, stream:<null> ) [0m
:3:rocvirtual.cpp           :226 : 1568578321347 us:  Handler: value(0), timestamp(0xe0a7d0), handle(0x7fffd89fca80)
:3:rocvirtual.cpp           :762 : 1568578322058 us:  Arg0:   = ptr:0x7ffeabc00000
:3:rocvirtual.cpp           :778 : 1568578322219 us:  Arg0:   = ptr:0x7ffeabc00000 obj:[0x7ffeabc00000-0x7ffead94c000]
:3:rocvirtual.cpp           :762 : 1568578322288 us:  Arg1:   = ptr:0x7ffec4a00000
:3:rocvirtual.cpp           :778 : 1568578322361 us:  Arg1:   = ptr:0x7ffec4a00000 obj:[0x7ffec4a00000-0x7ffec4a06000]
:3:rocvirtual.cpp           :762 : 1568578322428 us:  Arg2:   = ptr:0x7ffe85c00000
:3:rocvirtual.cpp           :778 : 1568578322509 us:  Arg2:   = ptr:0x7ffe85c00000 obj:[0x7ffe85c00000-0x7ffe8794c000]
:3:rocvirtual.cpp           :853 : 1568578322579 us:  Arg3:   = val:768
:3:rocvirtual.cpp           :762 : 1568578322647 us:  Arg4:   = ptr:0x7ffec4a06000
:3:rocvirtual.cpp           :778 : 1568578322713 us:  Arg4:   = ptr:0x7ffec4a06000 obj:[0x7ffec4a06000-0x7ffec4a06024]
:3:rocvirtual.cpp           :3236: 1568578322788 us:  ShaderName : void dense_esuhm3<float>(float const*, float const*, float*, int, int const*)
:3:rocvirtual.cpp           :3449: 1568578322938 us:  KernargSegmentByteSize = 296 KernargSegmentAlignment = 128
:3:hip_module.cpp           :745 : 1568578323007 us:  hipLaunchKernel: Returned hipSuccess : : duration: 1081 us
:3:hip_device_runtime.cpp   :641 : 1568578323072 us:  [32m hipDeviceSynchronize (  ) [0m
:3:rocvirtual.cpp           :533 : 1568578323144 us:  Set Handler: handle(0x7fffd89fca00), timestamp(0xe0a5f0)
:3:rocvirtual.hpp           :56  : 1568578323220 us:  Host active wait for Signal = (0x7fffd89fca00) for -1 ns
:3:hip_device_runtime.cpp   :645 : 1568578323286 us:  hipDeviceSynchronize: Returned hipSuccess : 
:3:rocvirtual.cpp           :226 : 1568578323239 us:  Handler: value(0), timestamp(0xef3e50), handle(0x7fffd89fca00)
:3:hip_memory.cpp           :795 : 1568578323356 us:  [32m hipMemcpy ( 0x7fffda805010, 0x7ffe85c00000, 30720000, hipMemcpyDeviceToHost ) [0m
:3:rocvirtual.hpp           :56  : 1568578323601 us:  Host active wait for Signal = (0x7fffd89fe980) for -1 ns
:3:rocvirtual.cpp           :533 : 1568578324772 us:  Set Handler: handle(0x7fffd89fc980), timestamp(0xe27dd0)
:3:rocvirtual.hpp           :56  : 1568578324842 us:  Host active wait for Signal = (0x7fffd89fc980) for -1 ns
:3:hip_memory.cpp           :796 : 1568578324909 us:  hipMemcpy: Returned hipSuccess : : duration: 1553 us
:3:rocvirtual.cpp           :226 : 1568578324861 us:  Handler: value(0), timestamp(0xe0a9d0), handle(0x7fffd89fc980)
:3:hip_memory.cpp           :3476: 1568578368317 us:  [32m hipMemset ( 0x7ffe85c00000, 0, 30720000 ) [0m
:3:rocvirtual.cpp           :762 : 1568578368487 us:  Arg0: void* buf = ptr:0x7ffe85c00000
:3:rocvirtual.cpp           :778 : 1568578368666 us:  Arg0: void* buf = ptr:0x7ffe85c00000 obj:[0x7ffe85c00000-0x7ffe8794c000]
:3:rocvirtual.cpp           :762 : 1568578368807 us:  Arg1: uchar* pattern = ptr:0x7ffec5600000
:3:rocvirtual.cpp           :853 : 1568578368975 us:  Arg2: uint pattern_size = val:1
:3:rocvirtual.cpp           :853 : 1568578369077 us:  Arg3: uint alignment = val:16
:3:rocvirtual.cpp           :853 : 1568578369242 us:  Arg4: ulong end_ptr = val:140731173093376
:3:rocvirtual.cpp           :853 : 1568578369394 us:  Arg5: uint next_chunk = val:28160
:3:rocvirtual.cpp           :3236: 1568578369560 us:  ShaderName : __amd_rocclr_fillBufferAligned
:3:rocvirtual.cpp           :3449: 1568578369628 us:  KernargSegmentByteSize = 296 KernargSegmentAlignment = 128
:3:hip_memory.cpp           :3477: 1568578369782 us:  hipMemset: Returned hipSuccess : 
:3:hip_device_runtime.cpp   :641 : 1568578369898 us:  [32m hipDeviceSynchronize (  ) [0m
:3:rocvirtual.cpp           :533 : 1568578370028 us:  Set Handler: handle(0x7fffd89fc900), timestamp(0xe281b0)
:3:rocvirtual.hpp           :56  : 1568578370145 us:  Host active wait for Signal = (0x7fffd89fc900) for -1 ns
:3:hip_device_runtime.cpp   :645 : 1568578370300 us:  hipDeviceSynchronize: Returned hipSuccess : 
:3:hip_platform.cpp         :237 : 1568578370383 us:  [32m __hipPushCallConfiguration ( {8,1,1}, {512,1,1}, 0, stream:<null> ) [0m
:3:hip_platform.cpp         :241 : 1568578370598 us:  __hipPushCallConfiguration: Returned hipSuccess : 
:3:hip_platform.cpp         :246 : 1568578370696 us:  [32m __hipPopCallConfiguration ( {3964667986,32767,512}, {2118224,0,4294925536}, 0x7fffffff5a30, 0x7fffffff5a28 ) [0m
:3:hip_platform.cpp         :255 : 1568578370933 us:  __hipPopCallConfiguration: Returned hipSuccess : 
:3:hip_module.cpp           :744 : 1568578371016 us:  [32m hipLaunchKernel ( 0x200fe0, {8,1,1}, {512,1,1}, 0x7fffffff59e0, 0, stream:<null> ) [0m
:3:rocvirtual.cpp           :762 : 1568578371185 us:  Arg0:   = ptr:0x7ffeabc00000
:3:rocvirtual.cpp           :778 : 1568578371268 us:  Arg0:   = ptr:0x7ffeabc00000 obj:[0x7ffeabc00000-0x7ffead94c000]
:3:rocvirtual.cpp           :762 : 1568578371357 us:  Arg1:   = ptr:0x7ffec4a00000
:3:rocvirtual.cpp           :778 : 1568578371438 us:  Arg1:   = ptr:0x7ffec4a00000 obj:[0x7ffec4a00000-0x7ffec4a06000]
:3:rocvirtual.cpp           :762 : 1568578371547 us:  Arg2:   = ptr:0x7ffe85c00000
:3:rocvirtual.cpp           :778 : 1568578371693 us:  Arg2:   = ptr:0x7ffe85c00000 obj:[0x7ffe85c00000-0x7ffe8794c000]
:3:rocvirtual.cpp           :853 : 1568578371792 us:  Arg3:   = val:768
:3:rocvirtual.cpp           :762 : 1568578371882 us:  Arg4:   = ptr:0x7ffec4a06000
:3:rocvirtual.cpp           :778 : 1568578371982 us:  Arg4:   = ptr:0x7ffec4a06000 obj:[0x7ffec4a06000-0x7ffec4a06024]
:3:rocvirtual.cpp           :3236: 1568578372064 us:  ShaderName : void dense_esuhm<float>(float const*, float const*, float*, int, int const*)
:3:rocvirtual.cpp           :3449: 1568578372307 us:  KernargSegmentByteSize = 296 KernargSegmentAlignment = 128
:3:hip_module.cpp           :745 : 1568578372423 us:  hipLaunchKernel: Returned hipSuccess : : duration: 1407 us
:3:hip_device_runtime.cpp   :641 : 1568578372541 us:  [32m hipDeviceSynchronize (  ) [0m
:3:rocvirtual.cpp           :533 : 1568578372661 us:  Set Handler: handle(0x7fffd89fc880), timestamp(0xd0add0)
:3:rocvirtual.hpp           :56  : 1568578372778 us:  Host active wait for Signal = (0x7fffd89fc880) for -1 ns
:3:hip_device_runtime.cpp   :645 : 1568578372864 us:  hipDeviceSynchronize: Returned hipSuccess : 
:3:hip_memory.cpp           :795 : 1568578372960 us:  [32m hipMemcpy ( 0x7fffde29f010, 0x7ffe85c00000, 30720000, hipMemcpyDeviceToHost ) [0m
:3:rocvirtual.hpp           :56  : 1568578373183 us:  Host active wait for Signal = (0x7fffd89fe780) for -1 ns
:3:rocvirtual.cpp           :226 : 1568578370188 us:  Handler: value(0), timestamp(0xe28100), handle(0x7fffd89fc900)
:3:rocvirtual.cpp           :226 : 1568578373390 us:  Handler: value(0), timestamp(0xd0ad20), handle(0x7fffd89fc880)
:3:rocvirtual.cpp           :533 : 1568578374356 us:  Set Handler: handle(0x7fffd89fc800), timestamp(0xdc6090)
:3:rocvirtual.hpp           :56  : 1568578374479 us:  Host active wait for Signal = (0x7fffd89fc800) for -1 ns
:3:hip_memory.cpp           :796 : 1568578374548 us:  hipMemcpy: Returned hipSuccess : : duration: 1588 us
:3:hip_memory.cpp           :3476: 1568578374646 us:  [32m hipMemset ( 0x7ffe85c00000, 0, 30720000 ) [0m
:3:rocvirtual.cpp           :762 : 1568578374729 us:  Arg0: void* buf = ptr:0x7ffe85c00000
:3:rocvirtual.cpp           :778 : 1568578374810 us:  Arg0: void* buf = ptr:0x7ffe85c00000 obj:[0x7ffe85c00000-0x7ffe8794c000]
:3:rocvirtual.cpp           :762 : 1568578374924 us:  Arg1: uchar* pattern = ptr:0x7ffec5600000
:3:rocvirtual.cpp           :853 : 1568578375041 us:  Arg2: uint pattern_size = val:1
:3:rocvirtual.cpp           :853 : 1568578375123 us:  Arg3: uint alignment = val:16
:3:rocvirtual.cpp           :853 : 1568578375197 us:  Arg4: ulong end_ptr = val:140731173093376
:3:rocvirtual.cpp           :853 : 1568578375279 us:  Arg5: uint next_chunk = val:28160
:3:rocvirtual.cpp           :3236: 1568578375364 us:  ShaderName : __amd_rocclr_fillBufferAligned
:3:rocvirtual.cpp           :3449: 1568578375435 us:  KernargSegmentByteSize = 296 KernargSegmentAlignment = 128
:3:hip_memory.cpp           :3477: 1568578375505 us:  hipMemset: Returned hipSuccess : 
:3:hip_device_runtime.cpp   :641 : 1568578375586 us:  [32m hipDeviceSynchronize (  ) [0m
:3:rocvirtual.cpp           :533 : 1568578375680 us:  Set Handler: handle(0x7fffd89fc780), timestamp(0xd83440)
:3:rocvirtual.hpp           :56  : 1568578375749 us:  Host active wait for Signal = (0x7fffd89fc780) for -1 ns
:3:hip_device_runtime.cpp   :645 : 1568578375820 us:  hipDeviceSynchronize: Returned hipSuccess : 
:3:hip_platform.cpp         :237 : 1568578375885 us:  [32m __hipPushCallConfiguration ( {8,1,1}, {512,1,1}, 0, stream:<null> ) [0m
:3:hip_platform.cpp         :241 : 1568578376035 us:  __hipPushCallConfiguration: Returned hipSuccess : 
:3:hip_platform.cpp         :246 : 1568578376117 us:  [32m __hipPopCallConfiguration ( {3964667986,32767,512}, {2118224,0,4294925536}, 0x7fffffff5a30, 0x7fffffff5a28 ) [0m
:3:hip_platform.cpp         :255 : 1568578376262 us:  __hipPopCallConfiguration: Returned hipSuccess : 
:3:hip_module.cpp           :744 : 1568578376345 us:  [32m hipLaunchKernel ( 0x200fe8, {8,1,1}, {512,1,1}, 0x7fffffff59e0, 0, stream:<null> ) [0m
:3:rocvirtual.cpp           :226 : 1568578374515 us:  Handler: value(0), timestamp(0xd0b160), handle(0x7fffd89fc800)
:3:rocvirtual.cpp           :762 : 1568578376495 us:  Arg0:   = ptr:0x7ffeabc00000
:3:rocvirtual.cpp           :778 : 1568578376646 us:  Arg0:   = ptr:0x7ffeabc00000 obj:[0x7ffeabc00000-0x7ffead94c000]
:3:rocvirtual.cpp           :762 : 1568578376750 us:  Arg1:   = ptr:0x7ffec4a00000
:3:rocvirtual.cpp           :778 : 1568578376844 us:  Arg1:   = ptr:0x7ffec4a00000 obj:[0x7ffec4a00000-0x7ffec4a06000]
:3:rocvirtual.cpp           :762 : 1568578376922 us:  Arg2:   = ptr:0x7ffe85c00000
:3:rocvirtual.cpp           :778 : 1568578376990 us:  Arg2:   = ptr:0x7ffe85c00000 obj:[0x7ffe85c00000-0x7ffe8794c000]
:3:rocvirtual.cpp           :853 : 1568578377066 us:  Arg3:   = val:768
:3:rocvirtual.cpp           :762 : 1568578377134 us:  Arg4:   = ptr:0x7ffec4a06000
:3:rocvirtual.cpp           :778 : 1568578377229 us:  Arg4:   = ptr:0x7ffec4a06000 obj:[0x7ffec4a06000-0x7ffec4a06024]
:3:rocvirtual.cpp           :3236: 1568578377295 us:  ShaderName : void dense_esuhm2<float>(float const*, float const*, float*, int, int const*)
:3:rocvirtual.cpp           :3449: 1568578377467 us:  KernargSegmentByteSize = 296 KernargSegmentAlignment = 128
:3:hip_module.cpp           :745 : 1568578377536 us:  hipLaunchKernel: Returned hipSuccess : : duration: 1191 us
:3:hip_device_runtime.cpp   :641 : 1568578377614 us:  [32m hipDeviceSynchronize (  ) [0m
:3:rocvirtual.cpp           :226 : 1568578376585 us:  Handler: value(0), timestamp(0xd0ad20), handle(0x7fffd89fc780)
:3:rocvirtual.cpp           :533 : 1568578377685 us:  Set Handler: handle(0x7fffd89fc700), timestamp(0xd0aca0)
:3:rocvirtual.hpp           :56  : 1568578377829 us:  Host active wait for Signal = (0x7fffd89fc700) for -1 ns
:3:hip_device_runtime.cpp   :645 : 1568578377900 us:  hipDeviceSynchronize: Returned hipSuccess : 
:3:rocvirtual.cpp           :226 : 1568578377849 us:  Handler: value(0), timestamp(0xe0ad50), handle(0x7fffd89fc700)
:3:hip_memory.cpp           :795 : 1568578377981 us:  [32m hipMemcpy ( 0x7fffdc552010, 0x7ffe85c00000, 30720000, hipMemcpyDeviceToHost ) [0m
:3:rocvirtual.hpp           :56  : 1568578378206 us:  Host active wait for Signal = (0x7fffd89fe580) for -1 ns
:3:rocvirtual.cpp           :533 : 1568578379378 us:  Set Handler: handle(0x7fffd89fc680), timestamp(0xe0ad10)
:3:rocvirtual.hpp           :56  : 1568578379458 us:  Host active wait for Signal = (0x7fffd89fc680) for -1 ns
:3:hip_memory.cpp           :796 : 1568578379536 us:  hipMemcpy: Returned hipSuccess : : duration: 1555 us
:3:hip_memory.cpp           :3476: 1568578379614 us:  [32m hipMemset ( 0x7ffe85c00000, 0, 30720000 ) [0m
:3:rocvirtual.cpp           :762 : 1568578379720 us:  Arg0: void* buf = ptr:0x7ffe85c00000
:3:rocvirtual.cpp           :778 : 1568578379790 us:  Arg0: void* buf = ptr:0x7ffe85c00000 obj:[0x7ffe85c00000-0x7ffe8794c000]
:3:rocvirtual.cpp           :762 : 1568578379906 us:  Arg1: uchar* pattern = ptr:0x7ffec5600000
:3:rocvirtual.cpp           :853 : 1568578379973 us:  Arg2: uint pattern_size = val:1
:3:rocvirtual.cpp           :853 : 1568578380051 us:  Arg3: uint alignment = val:16
:3:rocvirtual.cpp           :853 : 1568578380120 us:  Arg4: ulong end_ptr = val:140731173093376
:3:rocvirtual.cpp           :853 : 1568578380194 us:  Arg5: uint next_chunk = val:28160
:3:rocvirtual.cpp           :3236: 1568578380274 us:  ShaderName : __amd_rocclr_fillBufferAligned
:3:rocvirtual.cpp           :3449: 1568578380383 us:  KernargSegmentByteSize = 296 KernargSegmentAlignment = 128
:3:hip_memory.cpp           :3477: 1568578380459 us:  hipMemset: Returned hipSuccess : 
:3:hip_device_runtime.cpp   :641 : 1568578380528 us:  [32m hipDeviceSynchronize (  ) [0m
:3:rocvirtual.cpp           :226 : 1568578379478 us:  Handler: value(0), timestamp(0xe0ad50), handle(0x7fffd89fc680)
:3:rocvirtual.cpp           :533 : 1568578380603 us:  Set Handler: handle(0x7fffd89fc600), timestamp(0xe0abc0)
:3:rocvirtual.hpp           :56  : 1568578380791 us:  Host active wait for Signal = (0x7fffd89fc600) for -1 ns
:3:hip_device_runtime.cpp   :645 : 1568578380874 us:  hipDeviceSynchronize: Returned hipSuccess : 
:3:hip_platform.cpp         :237 : 1568578380943 us:  [32m __hipPushCallConfiguration ( {8,1,1}, {512,1,1}, 0, stream:<null> ) [0m
:3:hip_platform.cpp         :241 : 1568578381123 us:  __hipPushCallConfiguration: Returned hipSuccess : 
:3:hip_platform.cpp         :246 : 1568578381208 us:  [32m __hipPopCallConfiguration ( {3964667986,32767,512}, {2118224,0,4294925536}, 0x7fffffff5a30, 0x7fffffff5a28 ) [0m
:3:hip_platform.cpp         :255 : 1568578381345 us:  __hipPopCallConfiguration: Returned hipSuccess : 
:3:hip_module.cpp           :744 : 1568578381419 us:  [32m hipLaunchKernel ( 0x200ff0, {8,1,1}, {512,1,1}, 0x7fffffff59e0, 0, stream:<null> ) [0m
:3:rocvirtual.cpp           :226 : 1568578380811 us:  Handler: value(0), timestamp(0xe0ab10), handle(0x7fffd89fc600)
:3:rocvirtual.cpp           :762 : 1568578381568 us:  Arg0:   = ptr:0x7ffeabc00000
:3:rocvirtual.cpp           :778 : 1568578381705 us:  Arg0:   = ptr:0x7ffeabc00000 obj:[0x7ffeabc00000-0x7ffead94c000]
:3:rocvirtual.cpp           :762 : 1568578381771 us:  Arg1:   = ptr:0x7ffec4a00000
:3:rocvirtual.cpp           :778 : 1568578381845 us:  Arg1:   = ptr:0x7ffec4a00000 obj:[0x7ffec4a00000-0x7ffec4a06000]
:3:rocvirtual.cpp           :762 : 1568578381911 us:  Arg2:   = ptr:0x7ffe85c00000
:3:rocvirtual.cpp           :778 : 1568578381974 us:  Arg2:   = ptr:0x7ffe85c00000 obj:[0x7ffe85c00000-0x7ffe8794c000]
:3:rocvirtual.cpp           :853 : 1568578382043 us:  Arg3:   = val:768
:3:rocvirtual.cpp           :762 : 1568578382113 us:  Arg4:   = ptr:0x7ffec4a06000
:3:rocvirtual.cpp           :778 : 1568578382192 us:  Arg4:   = ptr:0x7ffec4a06000 obj:[0x7ffec4a06000-0x7ffec4a06024]
:3:rocvirtual.cpp           :3236: 1568578382257 us:  ShaderName : void dense_esuhm3<float>(float const*, float const*, float*, int, int const*)
:3:rocvirtual.cpp           :3449: 1568578382393 us:  KernargSegmentByteSize = 296 KernargSegmentAlignment = 128
:3:hip_module.cpp           :745 : 1568578382458 us:  hipLaunchKernel: Returned hipSuccess : : duration: 1039 us
:3:hip_device_runtime.cpp   :641 : 1568578382536 us:  [32m hipDeviceSynchronize (  ) [0m
:3:rocvirtual.cpp           :533 : 1568578382610 us:  Set Handler: handle(0x7fffd89fc580), timestamp(0xd835e0)
:3:rocvirtual.hpp           :56  : 1568578382675 us:  Host active wait for Signal = (0x7fffd89fc580) for -1 ns
:3:hip_device_runtime.cpp   :645 : 1568578382743 us:  hipDeviceSynchronize: Returned hipSuccess : 
:3:hip_memory.cpp           :795 : 1568578382816 us:  [32m hipMemcpy ( 0x7fffda805010, 0x7ffe85c00000, 30720000, hipMemcpyDeviceToHost ) [0m
:3:rocvirtual.cpp           :226 : 1568578382694 us:  Handler: value(0), timestamp(0xd0b230), handle(0x7fffd89fc580)
:3:rocvirtual.hpp           :56  : 1568578382983 us:  Host active wait for Signal = (0x7fffd89fe380) for -1 ns
:3:rocvirtual.cpp           :533 : 1568578384154 us:  Set Handler: handle(0x7fffd89fc500), timestamp(0xd0b0a0)
:3:rocvirtual.hpp           :56  : 1568578384241 us:  Host active wait for Signal = (0x7fffd89fc500) for -1 ns
:3:hip_memory.cpp           :796 : 1568578384332 us:  hipMemcpy: Returned hipSuccess : : duration: 1516 us
:3:rocvirtual.cpp           :226 : 1568578384260 us:  Handler: value(0), timestamp(0xd83790), handle(0x7fffd89fc500)
:3:hip_memory.cpp           :3476: 1568578404052 us:  [32m hipMemset ( 0x7ffe85c00000, 0, 30720000 ) [0m
:3:rocvirtual.cpp           :762 : 1568578404214 us:  Arg0: void* buf = ptr:0x7ffe85c00000
:3:rocvirtual.cpp           :778 : 1568578404374 us:  Arg0: void* buf = ptr:0x7ffe85c00000 obj:[0x7ffe85c00000-0x7ffe8794c000]
:3:rocvirtual.cpp           :762 : 1568578404498 us:  Arg1: uchar* pattern = ptr:0x7ffec5600000
:3:rocvirtual.cpp           :853 : 1568578404607 us:  Arg2: uint pattern_size = val:1
:3:rocvirtual.cpp           :853 : 1568578404725 us:  Arg3: uint alignment = val:16
:3:rocvirtual.cpp           :853 : 1568578404846 us:  Arg4: ulong end_ptr = val:140731173093376
:3:rocvirtual.cpp           :853 : 1568578404929 us:  Arg5: uint next_chunk = val:28160
:3:rocvirtual.cpp           :3236: 1568578405048 us:  ShaderName : __amd_rocclr_fillBufferAligned
:3:rocvirtual.cpp           :3449: 1568578405144 us:  KernargSegmentByteSize = 296 KernargSegmentAlignment = 128
:3:hip_memory.cpp           :3477: 1568578405230 us:  hipMemset: Returned hipSuccess : 
:3:hip_device_runtime.cpp   :641 : 1568578405347 us:  [32m hipDeviceSynchronize (  ) [0m
:3:rocvirtual.cpp           :533 : 1568578405450 us:  Set Handler: handle(0x7fffd89fc480), timestamp(0xd83a20)
:3:rocvirtual.hpp           :56  : 1568578405545 us:  Host active wait for Signal = (0x7fffd89fc480) for -1 ns
:3:hip_device_runtime.cpp   :645 : 1568578405662 us:  hipDeviceSynchronize: Returned hipSuccess : 
:3:hip_platform.cpp         :237 : 1568578405744 us:  [32m __hipPushCallConfiguration ( {8,1,1}, {1024,1,1}, 0, stream:<null> ) [0m
:3:hip_platform.cpp         :241 : 1568578405939 us:  __hipPushCallConfiguration: Returned hipSuccess : 
:3:hip_platform.cpp         :246 : 1568578406022 us:  [32m __hipPopCallConfiguration ( {3964667986,32767,1024}, {2118224,0,4294925536}, 0x7fffffff5a30, 0x7fffffff5a28 ) [0m
:3:hip_platform.cpp         :255 : 1568578406188 us:  __hipPopCallConfiguration: Returned hipSuccess : 
:3:hip_module.cpp           :744 : 1568578406288 us:  [32m hipLaunchKernel ( 0x200fe0, {8,1,1}, {1024,1,1}, 0x7fffffff59e0, 0, stream:<null> ) [0m
:3:rocvirtual.cpp           :762 : 1568578406499 us:  Arg0:   = ptr:0x7ffeabc00000
:3:rocvirtual.cpp           :778 : 1568578406596 us:  Arg0:   = ptr:0x7ffeabc00000 obj:[0x7ffeabc00000-0x7ffead94c000]
:3:rocvirtual.cpp           :762 : 1568578406680 us:  Arg1:   = ptr:0x7ffec4a00000
:3:rocvirtual.cpp           :778 : 1568578406777 us:  Arg1:   = ptr:0x7ffec4a00000 obj:[0x7ffec4a00000-0x7ffec4a06000]
:3:rocvirtual.cpp           :762 : 1568578406900 us:  Arg2:   = ptr:0x7ffe85c00000
:3:rocvirtual.cpp           :778 : 1568578406981 us:  Arg2:   = ptr:0x7ffe85c00000 obj:[0x7ffe85c00000-0x7ffe8794c000]
:3:rocvirtual.cpp           :853 : 1568578407078 us:  Arg3:   = val:768
:3:rocvirtual.cpp           :762 : 1568578407149 us:  Arg4:   = ptr:0x7ffec4a06000
:3:rocvirtual.cpp           :778 : 1568578407231 us:  Arg4:   = ptr:0x7ffec4a06000 obj:[0x7ffec4a06000-0x7ffec4a06024]
:3:rocvirtual.cpp           :3236: 1568578407316 us:  ShaderName : void dense_esuhm<float>(float const*, float const*, float*, int, int const*)
:3:rocvirtual.cpp           :3449: 1568578407479 us:  KernargSegmentByteSize = 296 KernargSegmentAlignment = 128
:3:hip_module.cpp           :745 : 1568578407588 us:  hipLaunchKernel: Returned hipSuccess : : duration: 1300 us
:3:hip_device_runtime.cpp   :641 : 1568578407681 us:  [32m hipDeviceSynchronize (  ) [0m
:3:rocvirtual.cpp           :533 : 1568578407774 us:  Set Handler: handle(0x7fffd89fc400), timestamp(0xeff200)
:3:rocvirtual.hpp           :56  : 1568578407891 us:  Host active wait for Signal = (0x7fffd89fc400) for -1 ns
:3:hip_device_runtime.cpp   :645 : 1568578407972 us:  hipDeviceSynchronize: Returned hipSuccess : 
:3:hip_memory.cpp           :795 : 1568578408057 us:  [32m hipMemcpy ( 0x7fffde29f010, 0x7ffe85c00000, 30720000, hipMemcpyDeviceToHost ) [0m
:3:rocvirtual.hpp           :56  : 1568578408228 us:  Host active wait for Signal = (0x7fffd89fe180) for -1 ns
:3:rocvirtual.cpp           :226 : 1568578405568 us:  Handler: value(0), timestamp(0xd0b230), handle(0x7fffd89fc480)
:3:rocvirtual.cpp           :226 : 1568578408421 us:  Handler: value(0), timestamp(0xeff150), handle(0x7fffd89fc400)
:3:rocvirtual.cpp           :533 : 1568578409400 us:  Set Handler: handle(0x7fffd89fc380), timestamp(0xd835a0)
:3:rocvirtual.hpp           :56  : 1568578409486 us:  Host active wait for Signal = (0x7fffd89fc380) for -1 ns
:3:hip_memory.cpp           :796 : 1568578409581 us:  hipMemcpy: Returned hipSuccess : : duration: 1524 us
:3:hip_memory.cpp           :3476: 1568578409665 us:  [32m hipMemset ( 0x7ffe85c00000, 0, 30720000 ) [0m
:3:rocvirtual.cpp           :762 : 1568578409787 us:  Arg0: void* buf = ptr:0x7ffe85c00000
:3:rocvirtual.cpp           :778 : 1568578409881 us:  Arg0: void* buf = ptr:0x7ffe85c00000 obj:[0x7ffe85c00000-0x7ffe8794c000]
:3:rocvirtual.cpp           :762 : 1568578409962 us:  Arg1: uchar* pattern = ptr:0x7ffec5600000
:3:rocvirtual.cpp           :853 : 1568578410043 us:  Arg2: uint pattern_size = val:1
:3:rocvirtual.cpp           :853 : 1568578410125 us:  Arg3: uint alignment = val:16
:3:rocvirtual.cpp           :853 : 1568578410204 us:  Arg4: ulong end_ptr = val:140731173093376
:3:rocvirtual.cpp           :853 : 1568578410304 us:  Arg5: uint next_chunk = val:28160
:3:rocvirtual.cpp           :3236: 1568578410385 us:  ShaderName : __amd_rocclr_fillBufferAligned
:3:rocvirtual.cpp           :3449: 1568578410480 us:  KernargSegmentByteSize = 296 KernargSegmentAlignment = 128
:3:hip_memory.cpp           :3477: 1568578410564 us:  hipMemset: Returned hipSuccess : 
:3:hip_device_runtime.cpp   :641 : 1568578410685 us:  [32m hipDeviceSynchronize (  ) [0m
:3:rocvirtual.cpp           :226 : 1568578409508 us:  Handler: value(0), timestamp(0xeff3d0), handle(0x7fffd89fc380)
:3:rocvirtual.cpp           :533 : 1568578410759 us:  Set Handler: handle(0x7fffd89fc300), timestamp(0xd0b040)
:3:rocvirtual.hpp           :56  : 1568578410952 us:  Host active wait for Signal = (0x7fffd89fc300) for -1 ns
:3:hip_device_runtime.cpp   :645 : 1568578411034 us:  hipDeviceSynchronize: Returned hipSuccess : 
:3:hip_platform.cpp         :237 : 1568578411120 us:  [32m __hipPushCallConfiguration ( {8,1,1}, {1024,1,1}, 0, stream:<null> ) [0m
:3:hip_platform.cpp         :241 : 1568578411255 us:  __hipPushCallConfiguration: Returned hipSuccess : 
:3:hip_platform.cpp         :246 : 1568578411326 us:  [32m __hipPopCallConfiguration ( {3964667986,32767,1024}, {2118224,0,4294925536}, 0x7fffffff5a30, 0x7fffffff5a28 ) [0m
:3:hip_platform.cpp         :255 : 1568578411480 us:  __hipPopCallConfiguration: Returned hipSuccess : 
:3:hip_module.cpp           :744 : 1568578411553 us:  [32m hipLaunchKernel ( 0x200fe8, {8,1,1}, {1024,1,1}, 0x7fffffff59e0, 0, stream:<null> ) [0m
:3:rocvirtual.cpp           :226 : 1568578410987 us:  Handler: value(0), timestamp(0xeff150), handle(0x7fffd89fc300)
:3:rocvirtual.cpp           :762 : 1568578411728 us:  Arg0:   = ptr:0x7ffeabc00000
:3:rocvirtual.cpp           :778 : 1568578411899 us:  Arg0:   = ptr:0x7ffeabc00000 obj:[0x7ffeabc00000-0x7ffead94c000]
:3:rocvirtual.cpp           :762 : 1568578411980 us:  Arg1:   = ptr:0x7ffec4a00000
:3:rocvirtual.cpp           :778 : 1568578412048 us:  Arg1:   = ptr:0x7ffec4a00000 obj:[0x7ffec4a00000-0x7ffec4a06000]
:3:rocvirtual.cpp           :762 : 1568578412119 us:  Arg2:   = ptr:0x7ffe85c00000
:3:rocvirtual.cpp           :778 : 1568578412233 us:  Arg2:   = ptr:0x7ffe85c00000 obj:[0x7ffe85c00000-0x7ffe8794c000]
:3:rocvirtual.cpp           :853 : 1568578412300 us:  Arg3:   = val:768
:3:rocvirtual.cpp           :762 : 1568578412365 us:  Arg4:   = ptr:0x7ffec4a06000
:3:rocvirtual.cpp           :778 : 1568578412434 us:  Arg4:   = ptr:0x7ffec4a06000 obj:[0x7ffec4a06000-0x7ffec4a06024]
:3:rocvirtual.cpp           :3236: 1568578412513 us:  ShaderName : void dense_esuhm2<float>(float const*, float const*, float*, int, int const*)
:3:rocvirtual.cpp           :3449: 1568578412660 us:  KernargSegmentByteSize = 296 KernargSegmentAlignment = 128
:3:hip_module.cpp           :745 : 1568578412737 us:  hipLaunchKernel: Returned hipSuccess : : duration: 1184 us
:3:hip_device_runtime.cpp   :641 : 1568578412802 us:  [32m hipDeviceSynchronize (  ) [0m
:3:rocvirtual.cpp           :533 : 1568578412916 us:  Set Handler: handle(0x7fffd89fc280), timestamp(0xd836b0)
:3:rocvirtual.hpp           :56  : 1568578413001 us:  Host active wait for Signal = (0x7fffd89fc280) for -1 ns
:3:hip_device_runtime.cpp   :645 : 1568578413072 us:  hipDeviceSynchronize: Returned hipSuccess : 
:3:rocvirtual.cpp           :226 : 1568578413023 us:  Handler: value(0), timestamp(0xd0ac20), handle(0x7fffd89fc280)
:3:hip_memory.cpp           :795 : 1568578413141 us:  [32m hipMemcpy ( 0x7fffdc552010, 0x7ffe85c00000, 30720000, hipMemcpyDeviceToHost ) [0m
:3:rocvirtual.hpp           :56  : 1568578413426 us:  Host active wait for Signal = (0x7fffd89fdf80) for -1 ns
:3:rocvirtual.cpp           :533 : 1568578414598 us:  Set Handler: handle(0x7fffd89fc200), timestamp(0xeff350)
:3:rocvirtual.hpp           :56  : 1568578414667 us:  Host active wait for Signal = (0x7fffd89fc200) for -1 ns
:3:hip_memory.cpp           :796 : 1568578414772 us:  hipMemcpy: Returned hipSuccess : : duration: 1631 us
:3:hip_memory.cpp           :3476: 1568578414844 us:  [32m hipMemset ( 0x7ffe85c00000, 0, 30720000 ) [0m
:3:rocvirtual.cpp           :762 : 1568578414926 us:  Arg0: void* buf = ptr:0x7ffe85c00000
:3:rocvirtual.cpp           :778 : 1568578414998 us:  Arg0: void* buf = ptr:0x7ffe85c00000 obj:[0x7ffe85c00000-0x7ffe8794c000]
:3:rocvirtual.cpp           :762 : 1568578415068 us:  Arg1: uchar* pattern = ptr:0x7ffec5600000
:3:rocvirtual.cpp           :853 : 1568578415139 us:  Arg2: uint pattern_size = val:1
:3:rocvirtual.cpp           :853 : 1568578415208 us:  Arg3: uint alignment = val:16
:3:rocvirtual.cpp           :853 : 1568578415289 us:  Arg4: ulong end_ptr = val:140731173093376
:3:rocvirtual.cpp           :853 : 1568578415354 us:  Arg5: uint next_chunk = val:28160
:3:rocvirtual.cpp           :3236: 1568578415421 us:  ShaderName : __amd_rocclr_fillBufferAligned
:3:rocvirtual.cpp           :3449: 1568578415485 us:  KernargSegmentByteSize = 296 KernargSegmentAlignment = 128
:3:hip_memory.cpp           :3477: 1568578415554 us:  hipMemset: Returned hipSuccess : 
:3:hip_device_runtime.cpp   :641 : 1568578415631 us:  [32m hipDeviceSynchronize (  ) [0m
:3:rocvirtual.cpp           :226 : 1568578414689 us:  Handler: value(0), timestamp(0xefef00), handle(0x7fffd89fc200)
:3:rocvirtual.cpp           :533 : 1568578415743 us:  Set Handler: handle(0x7fffd89fc180), timestamp(0xeff6f0)
:3:rocvirtual.hpp           :56  : 1568578415904 us:  Host active wait for Signal = (0x7fffd89fc180) for -1 ns
:3:hip_device_runtime.cpp   :645 : 1568578415971 us:  hipDeviceSynchronize: Returned hipSuccess : 
:3:hip_platform.cpp         :237 : 1568578416048 us:  [32m __hipPushCallConfiguration ( {8,1,1}, {1024,1,1}, 0, stream:<null> ) [0m
:3:hip_platform.cpp         :241 : 1568578416199 us:  __hipPushCallConfiguration: Returned hipSuccess : 
:3:hip_platform.cpp         :246 : 1568578416270 us:  [32m __hipPopCallConfiguration ( {3964667986,32767,1024}, {2118224,0,4294925536}, 0x7fffffff5a30, 0x7fffffff5a28 ) [0m
:3:hip_platform.cpp         :255 : 1568578416419 us:  __hipPopCallConfiguration: Returned hipSuccess : 
:3:hip_module.cpp           :744 : 1568578416508 us:  [32m hipLaunchKernel ( 0x200ff0, {8,1,1}, {1024,1,1}, 0x7fffffff59e0, 0, stream:<null> ) [0m
:3:rocvirtual.cpp           :226 : 1568578415924 us:  Handler: value(0), timestamp(0xeff640), handle(0x7fffd89fc180)
:3:rocvirtual.cpp           :762 : 1568578416655 us:  Arg0:   = ptr:0x7ffeabc00000
:3:rocvirtual.cpp           :778 : 1568578416851 us:  Arg0:   = ptr:0x7ffeabc00000 obj:[0x7ffeabc00000-0x7ffead94c000]
:3:rocvirtual.cpp           :762 : 1568578416918 us:  Arg1:   = ptr:0x7ffec4a00000
:3:rocvirtual.cpp           :778 : 1568578417018 us:  Arg1:   = ptr:0x7ffec4a00000 obj:[0x7ffec4a00000-0x7ffec4a06000]
:3:rocvirtual.cpp           :762 : 1568578417084 us:  Arg2:   = ptr:0x7ffe85c00000
:3:rocvirtual.cpp           :778 : 1568578417154 us:  Arg2:   = ptr:0x7ffe85c00000 obj:[0x7ffe85c00000-0x7ffe8794c000]
:3:rocvirtual.cpp           :853 : 1568578417268 us:  Arg3:   = val:768
:3:rocvirtual.cpp           :762 : 1568578417336 us:  Arg4:   = ptr:0x7ffec4a06000
:3:rocvirtual.cpp           :778 : 1568578417401 us:  Arg4:   = ptr:0x7ffec4a06000 obj:[0x7ffec4a06000-0x7ffec4a06024]
:3:rocvirtual.cpp           :3236: 1568578417466 us:  ShaderName : void dense_esuhm3<float>(float const*, float const*, float*, int, int const*)
:3:rocvirtual.cpp           :3449: 1568578417616 us:  KernargSegmentByteSize = 296 KernargSegmentAlignment = 128
:3:hip_module.cpp           :745 : 1568578417688 us:  hipLaunchKernel: Returned hipSuccess : : duration: 1180 us
:3:hip_device_runtime.cpp   :641 : 1568578417753 us:  [32m hipDeviceSynchronize (  ) [0m
:3:rocvirtual.cpp           :533 : 1568578417830 us:  Set Handler: handle(0x7fffd89fc100), timestamp(0xeff460)
:3:rocvirtual.hpp           :56  : 1568578417904 us:  Host active wait for Signal = (0x7fffd89fc100) for -1 ns
:3:hip_device_runtime.cpp   :645 : 1568578417985 us:  hipDeviceSynchronize: Returned hipSuccess : 
:3:rocvirtual.cpp           :226 : 1568578417923 us:  Handler: value(0), timestamp(0xd0af80), handle(0x7fffd89fc100)
:3:hip_memory.cpp           :795 : 1568578418056 us:  [32m hipMemcpy ( 0x7fffda805010, 0x7ffe85c00000, 30720000, hipMemcpyDeviceToHost ) [0m
:3:rocvirtual.hpp           :56  : 1568578418275 us:  Host active wait for Signal = (0x7fffd89fdd80) for -1 ns
:3:rocvirtual.cpp           :533 : 1568578419445 us:  Set Handler: handle(0x7fffd89fc080), timestamp(0xeff390)
:3:rocvirtual.hpp           :56  : 1568578419511 us:  Host active wait for Signal = (0x7fffd89fc080) for -1 ns
:3:hip_memory.cpp           :796 : 1568578419594 us:  hipMemcpy: Returned hipSuccess : : duration: 1538 us
:3:rocvirtual.cpp           :226 : 1568578419531 us:  Handler: value(0), timestamp(0xd838b0), handle(0x7fffd89fc080)
:3:hip_memory.cpp           :772 : 1568578439106 us:  [32m hipFree ( 0x7ffeabc00000 ) [0m
:3:rocdevice.cpp            :2411: 1568578439308 us:  Device=0x6e3170, freeMem_ = 0xffd2adfdc
:3:hip_memory.cpp           :774 : 1568578439459 us:  hipFree: Returned hipSuccess : 
:3:hip_memory.cpp           :772 : 1568578439570 us:  [32m hipFree ( 0x7ffec4a00000 ) [0m
:3:rocdevice.cpp            :2411: 1568578439676 us:  Device=0x6e3170, freeMem_ = 0xffd2b3fdc
:3:hip_memory.cpp           :774 : 1568578439754 us:  hipFree: Returned hipSuccess : 
:3:hip_memory.cpp           :772 : 1568578439871 us:  [32m hipFree ( 0x7ffe85c00000 ) [0m
:3:rocdevice.cpp            :2411: 1568578440035 us:  Device=0x6e3170, freeMem_ = 0xffeffffdc
:3:hip_memory.cpp           :774 : 1568578440150 us:  hipFree: Returned hipSuccess : 
:3:hip_memory.cpp           :772 : 1568578440262 us:  [32m hipFree ( 0x7ffec4a06000 ) [0m
:3:rocdevice.cpp            :2411: 1568578440362 us:  Device=0x6e3170, freeMem_ = 0xfff000000
:3:hip_memory.cpp           :774 : 1568578440478 us:  hipFree: Returned hipSuccess : 
:3:hip_memory.cpp           :756 : 1568581367240 us:  [32m hipMalloc ( 0x7fffffff5c10, 81920000 ) [0m
:3:rocdevice.cpp            :2411: 1568581368120 us:  Device=0x6e3170, freeMem_ = 0xffa1e0000
:3:hip_memory.cpp           :758 : 1568581368555 us:  hipMalloc: Returned hipSuccess : 0x7ffe62000000: duration: 1315 us
:3:hip_memory.cpp           :795 : 1568581368720 us:  [32m hipMemcpy ( 0x7ffe62000000, 0x7fffdcf18010, 81920000, hipMemcpyHostToDevice ) [0m
:3:rocvirtual.hpp           :56  : 1568581369419 us:  Host active wait for Signal = (0x7fffd89fdc80) for -1 ns
:3:rocvirtual.hpp           :56  : 1568581371105 us:  Host active wait for Signal = (0x7fffd89fdc00) for -1 ns
:3:rocvirtual.hpp           :56  : 1568581372543 us:  Host active wait for Signal = (0x7fffd89fdb80) for -1 ns
:3:rocvirtual.cpp           :533 : 1568581373146 us:  Set Handler: handle(0x7fffd89fc000), timestamp(0x28daa0)
:3:rocvirtual.hpp           :56  : 1568581373440 us:  Host active wait for Signal = (0x7fffd89fc000) for -1 ns
:3:hip_memory.cpp           :796 : 1568581373581 us:  hipMemcpy: Returned hipSuccess : : duration: 4861 us
:3:hip_memory.cpp           :756 : 1568581373714 us:  [32m hipMalloc ( 0x7fffffff5c08, 65536 ) [0m
:3:rocdevice.cpp            :2411: 1568581373859 us:  Device=0x6e3170, freeMem_ = 0xffa1d0000
:3:hip_memory.cpp           :758 : 1568581373982 us:  hipMalloc: Returned hipSuccess : 0x7ffec4a27000: duration: 268 us
:3:hip_memory.cpp           :795 : 1568581374133 us:  [32m hipMemcpy ( 0x7ffec4a27000, 0x106a320, 65536, hipMemcpyHostToDevice ) [0m
:3:rocvirtual.cpp           :533 : 1568581374385 us:  Set Handler: handle(0x7fffd89fbf80), timestamp(0xdce9d0)
:3:rocvirtual.hpp           :56  : 1568581374556 us:  Host active wait for Signal = (0x7fffd89fbf80) for -1 ns
:3:hip_memory.cpp           :796 : 1568581374654 us:  hipMemcpy: Returned hipSuccess : : duration: 521 us
:3:hip_memory.cpp           :756 : 1568581374774 us:  [32m hipMalloc ( 0x7fffffff5c00, 81920000 ) [0m
:3:rocvirtual.cpp           :226 : 1568581373502 us:  Handler: value(0), timestamp(0x732010), handle(0x7fffd89fc000)
:3:rocdevice.cpp            :2411: 1568581374901 us:  Device=0x6e3170, freeMem_ = 0xff53b0000
:3:hip_memory.cpp           :758 : 1568581375153 us:  hipMalloc: Returned hipSuccess : 0x7ffe5ce00000: duration: 379 us
:3:hip_memory.cpp           :756 : 1568581375245 us:  [32m hipMalloc ( 0x7fffffff5bf8, 36 ) [0m
:3:rocdevice.cpp            :2411: 1568581375345 us:  Device=0x6e3170, freeMem_ = 0xff53affdc
:3:hip_memory.cpp           :758 : 1568581375447 us:  hipMalloc: Returned hipSuccess : 0x7ffec4a00000: duration: 202 us
:3:hip_memory.cpp           :795 : 1568581375531 us:  [32m hipMemcpy ( 0x7ffec4a00000, 0x28ddc0, 36, hipMemcpyHostToDevice ) [0m
:3:rocvirtual.cpp           :762 : 1568581375782 us:  Arg0: uchar* src = ptr:0x7ffec5016100
:3:rocvirtual.cpp           :762 : 1568581375882 us:  Arg1: uchar* dst = ptr:0x7ffec4a00000
:3:rocvirtual.cpp           :853 : 1568581375976 us:  Arg2: ulong size = val:36
:3:rocvirtual.cpp           :853 : 1568581376095 us:  Arg3: uint remainder = val:4
:3:rocvirtual.cpp           :853 : 1568581376197 us:  Arg4: uint aligned_size = val:16
:3:rocvirtual.cpp           :853 : 1568581376316 us:  Arg5: ulong end_ptr = val:140732197240864
:3:rocvirtual.cpp           :853 : 1568581376432 us:  Arg6: uint next_chunk = val:512
:3:rocvirtual.cpp           :3236: 1568581376558 us:  ShaderName : __amd_rocclr_copyBuffer
:3:rocvirtual.cpp           :3449: 1568581376677 us:  KernargSegmentByteSize = 304 KernargSegmentAlignment = 128
:3:rocvirtual.cpp           :533 : 1568581376786 us:  Set Handler: handle(0x7fffd89fbf00), timestamp(0xdcec80)
:3:rocvirtual.hpp           :56  : 1568581376864 us:  Host active wait for Signal = (0x7fffd89fbf00) for -1 ns
:3:hip_memory.cpp           :796 : 1568581376968 us:  hipMemcpy: Returned hipSuccess : : duration: 1437 us
:3:hip_memory.cpp           :3476: 1568581377091 us:  [32m hipMemset ( 0x7ffe5ce00000, 0, 81920000 ) [0m
:3:rocvirtual.cpp           :762 : 1568581377181 us:  Arg0: void* buf = ptr:0x7ffe5ce00000
:3:rocvirtual.cpp           :778 : 1568581377279 us:  Arg0: void* buf = ptr:0x7ffe5ce00000 obj:[0x7ffe5ce00000-0x7ffe61c20000]
:3:rocvirtual.cpp           :762 : 1568581377359 us:  Arg1: uchar* pattern = ptr:0x7ffec5600200
:3:rocvirtual.cpp           :853 : 1568581377452 us:  Arg2: uint pattern_size = val:1
:3:rocvirtual.cpp           :853 : 1568581377542 us:  Arg3: uint alignment = val:16
:3:rocvirtual.cpp           :853 : 1568581377661 us:  Arg4: ulong end_ptr = val:140730538524672
:3:rocvirtual.cpp           :853 : 1568581377776 us:  Arg5: uint next_chunk = val:28160
:3:rocvirtual.cpp           :3236: 1568581377877 us:  ShaderName : __amd_rocclr_fillBufferAligned
:3:rocvirtual.cpp           :3449: 1568581377971 us:  KernargSegmentByteSize = 296 KernargSegmentAlignment = 128
:3:hip_memory.cpp           :3477: 1568581378106 us:  hipMemset: Returned hipSuccess : 
:3:hip_device_runtime.cpp   :641 : 1568581378192 us:  [32m hipDeviceSynchronize (  ) [0m
:3:rocvirtual.cpp           :226 : 1568581375070 us:  Handler: value(0), timestamp(0x6e97a0), handle(0x7fffd89fbf80)
:3:rocvirtual.cpp           :533 : 1568581378313 us:  Set Handler: handle(0x7fffd89fbe80), timestamp(0xc93900)
:3:rocvirtual.hpp           :56  : 1568581378512 us:  Host active wait for Signal = (0x7fffd89fbe80) for -1 ns
:3:hip_device_runtime.cpp   :645 : 1568581378596 us:  hipDeviceSynchronize: Returned hipSuccess : 
:3:rocvirtual.cpp           :226 : 1568581378397 us:  Handler: value(0), timestamp(0xeff530), handle(0x7fffd89fbf00)
:3:rocvirtual.cpp           :226 : 1568581378812 us:  Handler: value(0), timestamp(0xc93830), handle(0x7fffd89fbe80)
:3:hip_platform.cpp         :237 : 1568581378715 us:  [32m __hipPushCallConfiguration ( {8,1,1}, {128,1,1}, 0, stream:<null> ) [0m
:3:hip_platform.cpp         :241 : 1568581379050 us:  __hipPushCallConfiguration: Returned hipSuccess : 
:3:hip_platform.cpp         :246 : 1568581379119 us:  [32m __hipPopCallConfiguration ( {3964667986,32767,128}, {2118224,0,4294925536}, 0x7fffffff5a30, 0x7fffffff5a28 ) [0m
:3:hip_platform.cpp         :255 : 1568581379247 us:  __hipPopCallConfiguration: Returned hipSuccess : 
:3:hip_module.cpp           :744 : 1568581379339 us:  [32m hipLaunchKernel ( 0x200fe0, {8,1,1}, {128,1,1}, 0x7fffffff59e0, 0, stream:<null> ) [0m
:3:rocvirtual.cpp           :762 : 1568581379483 us:  Arg0:   = ptr:0x7ffe62000000
:3:rocvirtual.cpp           :778 : 1568581379582 us:  Arg0:   = ptr:0x7ffe62000000 obj:[0x7ffe62000000-0x7ffe66e20000]
:3:rocvirtual.cpp           :762 : 1568581379656 us:  Arg1:   = ptr:0x7ffec4a27000
:3:rocvirtual.cpp           :778 : 1568581379736 us:  Arg1:   = ptr:0x7ffec4a27000 obj:[0x7ffec4a27000-0x7ffec4a37000]
:3:rocvirtual.cpp           :762 : 1568581379837 us:  Arg2:   = ptr:0x7ffe5ce00000
:3:rocvirtual.cpp           :778 : 1568581379900 us:  Arg2:   = ptr:0x7ffe5ce00000 obj:[0x7ffe5ce00000-0x7ffe61c20000]
:3:rocvirtual.cpp           :853 : 1568581380002 us:  Arg3:   = val:2048
:3:rocvirtual.cpp           :762 : 1568581380103 us:  Arg4:   = ptr:0x7ffec4a00000
:3:rocvirtual.cpp           :778 : 1568581380180 us:  Arg4:   = ptr:0x7ffec4a00000 obj:[0x7ffec4a00000-0x7ffec4a00024]
:3:rocvirtual.cpp           :3236: 1568581380280 us:  ShaderName : void dense_esuhm<float>(float const*, float const*, float*, int, int const*)
:3:rocvirtual.cpp           :3449: 1568581380416 us:  KernargSegmentByteSize = 296 KernargSegmentAlignment = 128
:3:hip_module.cpp           :745 : 1568581380485 us:  hipLaunchKernel: Returned hipSuccess : : duration: 1146 us
:3:hip_device_runtime.cpp   :641 : 1568581380574 us:  [32m hipDeviceSynchronize (  ) [0m
:3:rocvirtual.cpp           :533 : 1568581380660 us:  Set Handler: handle(0x7fffd89fbe00), timestamp(0x977010)
:3:rocvirtual.hpp           :56  : 1568581380722 us:  Host active wait for Signal = (0x7fffd89fbe00) for -1 ns
:3:hip_device_runtime.cpp   :645 : 1568581380792 us:  hipDeviceSynchronize: Returned hipSuccess : 
:3:rocvirtual.cpp           :226 : 1568581380742 us:  Handler: value(0), timestamp(0xdce890), handle(0x7fffd89fbe00)
:3:hip_memory.cpp           :795 : 1568581380897 us:  [32m hipMemcpy ( 0x7ffe7c1df010, 0x7ffe5ce00000, 81920000, hipMemcpyDeviceToHost ) [0m
:3:rocvirtual.hpp           :56  : 1568581385332 us:  Host active wait for Signal = (0x7fffd89ff800) for -1 ns
:3:rocvirtual.hpp           :56  : 1568581390787 us:  Host active wait for Signal = (0x7fffd89ff780) for -1 ns
:3:rocvirtual.hpp           :56  : 1568581393908 us:  Host active wait for Signal = (0x7fffd89fd880) for -1 ns
:3:rocvirtual.cpp           :533 : 1568581394480 us:  Set Handler: handle(0x7fffd89fd600), timestamp(0xe182d0)
:3:rocvirtual.hpp           :56  : 1568581395026 us:  Host active wait for Signal = (0x7fffd89fd600) for -1 ns
:3:hip_memory.cpp           :796 : 1568581395126 us:  hipMemcpy: Returned hipSuccess : : duration: 14229 us
:3:hip_memory.cpp           :3476: 1568581395271 us:  [32m hipMemset ( 0x7ffe5ce00000, 0, 81920000 ) [0m
:3:rocvirtual.cpp           :762 : 1568581395371 us:  Arg0: void* buf = ptr:0x7ffe5ce00000
:3:rocvirtual.cpp           :778 : 1568581395453 us:  Arg0: void* buf = ptr:0x7ffe5ce00000 obj:[0x7ffe5ce00000-0x7ffe61c20000]
:3:rocvirtual.cpp           :762 : 1568581395585 us:  Arg1: uchar* pattern = ptr:0x7ffec5600000
:3:rocvirtual.cpp           :853 : 1568581395735 us:  Arg2: uint pattern_size = val:1
:3:rocvirtual.cpp           :853 : 1568581395854 us:  Arg3: uint alignment = val:16
:3:rocvirtual.cpp           :853 : 1568581395978 us:  Arg4: ulong end_ptr = val:140730538524672
:3:rocvirtual.cpp           :853 : 1568581396085 us:  Arg5: uint next_chunk = val:28160
:3:rocvirtual.cpp           :3236: 1568581396240 us:  ShaderName : __amd_rocclr_fillBufferAligned
:3:rocvirtual.cpp           :3449: 1568581396327 us:  KernargSegmentByteSize = 296 KernargSegmentAlignment = 128
:3:hip_memory.cpp           :3477: 1568581396398 us:  hipMemset: Returned hipSuccess : 
:3:hip_device_runtime.cpp   :641 : 1568581396497 us:  [32m hipDeviceSynchronize (  ) [0m
:3:rocvirtual.cpp           :533 : 1568581396642 us:  Set Handler: handle(0x7fffd89fd680), timestamp(0xe181c0)
:3:rocvirtual.hpp           :56  : 1568581396741 us:  Host active wait for Signal = (0x7fffd89fd680) for -1 ns
:3:hip_device_runtime.cpp   :645 : 1568581396866 us:  hipDeviceSynchronize: Returned hipSuccess : 
:3:hip_platform.cpp         :237 : 1568581396946 us:  [32m __hipPushCallConfiguration ( {8,1,1}, {128,1,1}, 0, stream:<null> ) [0m
:3:hip_platform.cpp         :241 : 1568581397149 us:  __hipPushCallConfiguration: Returned hipSuccess : 
:3:hip_platform.cpp         :246 : 1568581397296 us:  [32m __hipPopCallConfiguration ( {3964667986,32767,128}, {2118224,0,4294925536}, 0x7fffffff5a30, 0x7fffffff5a28 ) [0m
:3:hip_platform.cpp         :255 : 1568581397497 us:  __hipPopCallConfiguration: Returned hipSuccess : 
:3:hip_module.cpp           :744 : 1568581397572 us:  [32m hipLaunchKernel ( 0x200fe8, {8,1,1}, {128,1,1}, 0x7fffffff59e0, 0, stream:<null> ) [0m
:3:rocvirtual.cpp           :762 : 1568581397787 us:  Arg0:   = ptr:0x7ffe62000000
:3:rocvirtual.cpp           :778 : 1568581397905 us:  Arg0:   = ptr:0x7ffe62000000 obj:[0x7ffe62000000-0x7ffe66e20000]
:3:rocvirtual.cpp           :762 : 1568581397971 us:  Arg1:   = ptr:0x7ffec4a27000
:3:rocvirtual.cpp           :778 : 1568581398090 us:  Arg1:   = ptr:0x7ffec4a27000 obj:[0x7ffec4a27000-0x7ffec4a37000]
:3:rocvirtual.cpp           :762 : 1568581398171 us:  Arg2:   = ptr:0x7ffe5ce00000
:3:rocvirtual.cpp           :778 : 1568581398292 us:  Arg2:   = ptr:0x7ffe5ce00000 obj:[0x7ffe5ce00000-0x7ffe61c20000]
:3:rocvirtual.cpp           :853 : 1568581398377 us:  Arg3:   = val:2048
:3:rocvirtual.cpp           :762 : 1568581398463 us:  Arg4:   = ptr:0x7ffec4a00000
:3:rocvirtual.cpp           :778 : 1568581398548 us:  Arg4:   = ptr:0x7ffec4a00000 obj:[0x7ffec4a00000-0x7ffec4a00024]
:3:rocvirtual.cpp           :3236: 1568581398645 us:  ShaderName : void dense_esuhm2<float>(float const*, float const*, float*, int, int const*)
:3:rocvirtual.cpp           :3449: 1568581398814 us:  KernargSegmentByteSize = 296 KernargSegmentAlignment = 128
:3:hip_module.cpp           :745 : 1568581398896 us:  hipLaunchKernel: Returned hipSuccess : : duration: 1324 us
:3:hip_device_runtime.cpp   :641 : 1568581398987 us:  [32m hipDeviceSynchronize (  ) [0m
:3:rocvirtual.cpp           :533 : 1568581399080 us:  Set Handler: handle(0x7fffd89fd700), timestamp(0xe22dd0)
:3:rocvirtual.hpp           :56  : 1568581399167 us:  Host active wait for Signal = (0x7fffd89fd700) for -1 ns
:3:hip_device_runtime.cpp   :645 : 1568581399263 us:  hipDeviceSynchronize: Returned hipSuccess : 
:3:rocvirtual.cpp           :226 : 1568581395041 us:  Handler: value(0), timestamp(0x7320f0), handle(0x7fffd89fd600)
:3:hip_memory.cpp           :795 : 1568581399359 us:  [32m hipMemcpy ( 0x7ffe773be010, 0x7ffe5ce00000, 81920000, hipMemcpyDeviceToHost ) [0m
:3:rocvirtual.cpp           :226 : 1568581399459 us:  Handler: value(0), timestamp(0x9770d0), handle(0x7fffd89fd680)
:3:rocvirtual.cpp           :226 : 1568581399806 us:  Handler: value(0), timestamp(0x73be30), handle(0x7fffd89fd700)
:3:rocvirtual.hpp           :56  : 1568581403855 us:  Host active wait for Signal = (0x7fffd89ff680) for -1 ns
:3:rocvirtual.hpp           :56  : 1568581409296 us:  Host active wait for Signal = (0x7fffd89ff480) for -1 ns
:3:rocvirtual.hpp           :56  : 1568581412413 us:  Host active wait for Signal = (0x7fffd89fd900) for -1 ns
:3:rocvirtual.cpp           :533 : 1568581412986 us:  Set Handler: handle(0x7fffd89fd800), timestamp(0xe22bf0)
:3:rocvirtual.hpp           :56  : 1568581413172 us:  Host active wait for Signal = (0x7fffd89fd800) for -1 ns
:3:hip_memory.cpp           :796 : 1568581413334 us:  hipMemcpy: Returned hipSuccess : : duration: 13975 us
:3:hip_memory.cpp           :3476: 1568581413475 us:  [32m hipMemset ( 0x7ffe5ce00000, 0, 81920000 ) [0m
:3:rocvirtual.cpp           :762 : 1568581413597 us:  Arg0: void* buf = ptr:0x7ffe5ce00000
:3:rocvirtual.cpp           :778 : 1568581413679 us:  Arg0: void* buf = ptr:0x7ffe5ce00000 obj:[0x7ffe5ce00000-0x7ffe61c20000]
:3:rocvirtual.cpp           :762 : 1568581413772 us:  Arg1: uchar* pattern = ptr:0x7ffec5600000
:3:rocvirtual.cpp           :853 : 1568581413888 us:  Arg2: uint pattern_size = val:1
:3:rocvirtual.cpp           :853 : 1568581413985 us:  Arg3: uint alignment = val:16
:3:rocvirtual.cpp           :853 : 1568581414103 us:  Arg4: ulong end_ptr = val:140730538524672
:3:rocvirtual.cpp           :853 : 1568581414194 us:  Arg5: uint next_chunk = val:28160
:3:rocvirtual.cpp           :3236: 1568581414277 us:  ShaderName : __amd_rocclr_fillBufferAligned
:3:rocvirtual.cpp           :3449: 1568581414396 us:  KernargSegmentByteSize = 296 KernargSegmentAlignment = 128
:3:hip_memory.cpp           :3477: 1568581414493 us:  hipMemset: Returned hipSuccess : 
:3:hip_device_runtime.cpp   :641 : 1568581414571 us:  [32m hipDeviceSynchronize (  ) [0m
:3:rocvirtual.cpp           :533 : 1568581414670 us:  Set Handler: handle(0x7fffd89fd100), timestamp(0xf3ab80)
:3:rocvirtual.hpp           :56  : 1568581414751 us:  Host active wait for Signal = (0x7fffd89fd100) for -1 ns
:3:hip_device_runtime.cpp   :645 : 1568581414833 us:  hipDeviceSynchronize: Returned hipSuccess : 
:3:hip_platform.cpp         :237 : 1568581414912 us:  [32m __hipPushCallConfiguration ( {8,1,1}, {128,1,1}, 0, stream:<null> ) [0m
:3:hip_platform.cpp         :241 : 1568581415107 us:  __hipPushCallConfiguration: Returned hipSuccess : 
:3:hip_platform.cpp         :246 : 1568581415223 us:  [32m __hipPopCallConfiguration ( {3964667986,32767,128}, {2118224,0,4294925536}, 0x7fffffff5a30, 0x7fffffff5a28 ) [0m
:3:hip_platform.cpp         :255 : 1568581415406 us:  __hipPopCallConfiguration: Returned hipSuccess : 
:3:hip_module.cpp           :744 : 1568581415494 us:  [32m hipLaunchKernel ( 0x200ff0, {8,1,1}, {128,1,1}, 0x7fffffff59e0, 0, stream:<null> ) [0m
:3:rocvirtual.cpp           :762 : 1568581415663 us:  Arg0:   = ptr:0x7ffe62000000
:3:rocvirtual.cpp           :778 : 1568581415762 us:  Arg0:   = ptr:0x7ffe62000000 obj:[0x7ffe62000000-0x7ffe66e20000]
:3:rocvirtual.cpp           :762 : 1568581415882 us:  Arg1:   = ptr:0x7ffec4a27000
:3:rocvirtual.cpp           :778 : 1568581415979 us:  Arg1:   = ptr:0x7ffec4a27000 obj:[0x7ffec4a27000-0x7ffec4a37000]
:3:rocvirtual.cpp           :762 : 1568581416071 us:  Arg2:   = ptr:0x7ffe5ce00000
:3:rocvirtual.cpp           :778 : 1568581416153 us:  Arg2:   = ptr:0x7ffe5ce00000 obj:[0x7ffe5ce00000-0x7ffe61c20000]
:3:rocvirtual.cpp           :853 : 1568581416248 us:  Arg3:   = val:2048
:3:rocvirtual.cpp           :762 : 1568581416337 us:  Arg4:   = ptr:0x7ffec4a00000
:3:rocvirtual.cpp           :778 : 1568581416456 us:  Arg4:   = ptr:0x7ffec4a00000 obj:[0x7ffec4a00000-0x7ffec4a00024]
:3:rocvirtual.cpp           :3236: 1568581416572 us:  ShaderName : void dense_esuhm3<float>(float const*, float const*, float*, int, int const*)
:3:rocvirtual.cpp           :3449: 1568581416769 us:  KernargSegmentByteSize = 296 KernargSegmentAlignment = 128
:3:hip_module.cpp           :745 : 1568581416880 us:  hipLaunchKernel: Returned hipSuccess : : duration: 1386 us
:3:hip_device_runtime.cpp   :641 : 1568581416972 us:  [32m hipDeviceSynchronize (  ) [0m
:3:rocvirtual.cpp           :533 : 1568581417081 us:  Set Handler: handle(0x7fffd89fd080), timestamp(0xdc5f30)
:3:rocvirtual.hpp           :56  : 1568581417150 us:  Host active wait for Signal = (0x7fffd89fd080) for -1 ns
:3:hip_device_runtime.cpp   :645 : 1568581417222 us:  hipDeviceSynchronize: Returned hipSuccess : 
:3:rocvirtual.cpp           :226 : 1568581413188 us:  Handler: value(0), timestamp(0x73bfe0), handle(0x7fffd89fd800)
:3:hip_memory.cpp           :795 : 1568581417294 us:  [32m hipMemcpy ( 0x7ffe7259d010, 0x7ffe5ce00000, 81920000, hipMemcpyDeviceToHost ) [0m
:3:rocvirtual.cpp           :226 : 1568581417429 us:  Handler: value(0), timestamp(0xef43a0), handle(0x7fffd89fd100)
:3:rocvirtual.cpp           :226 : 1568581417635 us:  Handler: value(0), timestamp(0xef4410), handle(0x7fffd89fd080)
:3:rocvirtual.hpp           :56  : 1568581421711 us:  Host active wait for Signal = (0x7fffd89ff380) for -1 ns
:3:rocvirtual.hpp           :56  : 1568581427103 us:  Host active wait for Signal = (0x7fffd89ff180) for -1 ns
:3:rocvirtual.hpp           :56  : 1568581430183 us:  Host active wait for Signal = (0x7fffd89fd980) for -1 ns
:3:rocvirtual.cpp           :533 : 1568581430755 us:  Set Handler: handle(0x7fffd89fcf00), timestamp(0xf3a870)
:3:rocvirtual.hpp           :56  : 1568581430895 us:  Host active wait for Signal = (0x7fffd89fcf00) for -1 ns
:3:hip_memory.cpp           :796 : 1568581431067 us:  hipMemcpy: Returned hipSuccess : : duration: 13773 us
:3:rocvirtual.cpp           :226 : 1568581430910 us:  Handler: value(0), timestamp(0x9eedc0), handle(0x7fffd89fcf00)
:3:hip_memory.cpp           :3476: 1568581481905 us:  [32m hipMemset ( 0x7ffe5ce00000, 0, 81920000 ) [0m
:3:rocvirtual.cpp           :762 : 1568581482068 us:  Arg0: void* buf = ptr:0x7ffe5ce00000
:3:rocvirtual.cpp           :778 : 1568581482198 us:  Arg0: void* buf = ptr:0x7ffe5ce00000 obj:[0x7ffe5ce00000-0x7ffe61c20000]
:3:rocvirtual.cpp           :762 : 1568581482314 us:  Arg1: uchar* pattern = ptr:0x7ffec5600000
:3:rocvirtual.cpp           :853 : 1568581482423 us:  Arg2: uint pattern_size = val:1
:3:rocvirtual.cpp           :853 : 1568581482522 us:  Arg3: uint alignment = val:16
:3:rocvirtual.cpp           :853 : 1568581482634 us:  Arg4: ulong end_ptr = val:140730538524672
:3:rocvirtual.cpp           :853 : 1568581482725 us:  Arg5: uint next_chunk = val:28160
:3:rocvirtual.cpp           :3236: 1568581482814 us:  ShaderName : __amd_rocclr_fillBufferAligned
:3:rocvirtual.cpp           :3449: 1568581482914 us:  KernargSegmentByteSize = 296 KernargSegmentAlignment = 128
:3:hip_memory.cpp           :3477: 1568581483005 us:  hipMemset: Returned hipSuccess : 
:3:hip_device_runtime.cpp   :641 : 1568581483098 us:  [32m hipDeviceSynchronize (  ) [0m
:3:rocvirtual.cpp           :533 : 1568581483184 us:  Set Handler: handle(0x7fffd89fce80), timestamp(0xef41d0)
:3:rocvirtual.hpp           :56  : 1568581483275 us:  Host active wait for Signal = (0x7fffd89fce80) for -1 ns
:3:hip_device_runtime.cpp   :645 : 1568581483369 us:  hipDeviceSynchronize: Returned hipSuccess : 
:3:hip_platform.cpp         :237 : 1568581483463 us:  [32m __hipPushCallConfiguration ( {8,1,1}, {256,1,1}, 0, stream:<null> ) [0m
:3:hip_platform.cpp         :241 : 1568581483628 us:  __hipPushCallConfiguration: Returned hipSuccess : 
:3:hip_platform.cpp         :246 : 1568581483702 us:  [32m __hipPopCallConfiguration ( {3964667986,32767,256}, {2118224,0,4294925536}, 0x7fffffff5a30, 0x7fffffff5a28 ) [0m
:3:hip_platform.cpp         :255 : 1568581483862 us:  __hipPopCallConfiguration: Returned hipSuccess : 
:3:hip_module.cpp           :744 : 1568581483939 us:  [32m hipLaunchKernel ( 0x200fe0, {8,1,1}, {256,1,1}, 0x7fffffff59e0, 0, stream:<null> ) [0m
:3:rocvirtual.cpp           :762 : 1568581484160 us:  Arg0:   = ptr:0x7ffe62000000
:3:rocvirtual.cpp           :778 : 1568581484248 us:  Arg0:   = ptr:0x7ffe62000000 obj:[0x7ffe62000000-0x7ffe66e20000]
:3:rocvirtual.cpp           :762 : 1568581484338 us:  Arg1:   = ptr:0x7ffec4a27000
:3:rocvirtual.cpp           :778 : 1568581484420 us:  Arg1:   = ptr:0x7ffec4a27000 obj:[0x7ffec4a27000-0x7ffec4a37000]
:3:rocvirtual.cpp           :762 : 1568581484503 us:  Arg2:   = ptr:0x7ffe5ce00000
:3:rocvirtual.cpp           :778 : 1568581484569 us:  Arg2:   = ptr:0x7ffe5ce00000 obj:[0x7ffe5ce00000-0x7ffe61c20000]
:3:rocvirtual.cpp           :853 : 1568581484646 us:  Arg3:   = val:2048
:3:rocvirtual.cpp           :762 : 1568581484744 us:  Arg4:   = ptr:0x7ffec4a00000
:3:rocvirtual.cpp           :778 : 1568581484829 us:  Arg4:   = ptr:0x7ffec4a00000 obj:[0x7ffec4a00000-0x7ffec4a00024]
:3:rocvirtual.cpp           :3236: 1568581484945 us:  ShaderName : void dense_esuhm<float>(float const*, float const*, float*, int, int const*)
:3:rocvirtual.cpp           :3449: 1568581485126 us:  KernargSegmentByteSize = 296 KernargSegmentAlignment = 128
:3:hip_module.cpp           :745 : 1568581485209 us:  hipLaunchKernel: Returned hipSuccess : : duration: 1270 us
:3:hip_device_runtime.cpp   :641 : 1568581485326 us:  [32m hipDeviceSynchronize (  ) [0m
:3:rocvirtual.cpp           :533 : 1568581485426 us:  Set Handler: handle(0x7fffd89fcf80), timestamp(0xef3b70)
:3:rocvirtual.hpp           :56  : 1568581485520 us:  Host active wait for Signal = (0x7fffd89fcf80) for -1 ns
:3:hip_device_runtime.cpp   :645 : 1568581485598 us:  hipDeviceSynchronize: Returned hipSuccess : 
:3:rocvirtual.cpp           :226 : 1568581483285 us:  Handler: value(0), timestamp(0xef44f0), handle(0x7fffd89fce80)
:3:hip_memory.cpp           :795 : 1568581485683 us:  [32m hipMemcpy ( 0x7ffe7c1df010, 0x7ffe5ce00000, 81920000, hipMemcpyDeviceToHost ) [0m
:3:rocvirtual.cpp           :226 : 1568581485781 us:  Handler: value(0), timestamp(0xef4480), handle(0x7fffd89fcf80)
:3:rocvirtual.hpp           :56  : 1568581485951 us:  Host active wait for Signal = (0x7fffd89fef80) for -1 ns
:3:rocvirtual.hpp           :56  : 1568581487231 us:  Host active wait for Signal = (0x7fffd89fda00) for -1 ns
:3:rocvirtual.hpp           :56  : 1568581488508 us:  Host active wait for Signal = (0x7fffd89fdb00) for -1 ns
:3:rocvirtual.cpp           :533 : 1568581489078 us:  Set Handler: handle(0x7fffd89fcd00), timestamp(0xe27ff0)
:3:rocvirtual.hpp           :56  : 1568581489169 us:  Host active wait for Signal = (0x7fffd89fcd00) for -1 ns
:3:hip_memory.cpp           :796 : 1568581489285 us:  hipMemcpy: Returned hipSuccess : : duration: 3602 us
:3:hip_memory.cpp           :3476: 1568581489374 us:  [32m hipMemset ( 0x7ffe5ce00000, 0, 81920000 ) [0m
:3:rocvirtual.cpp           :762 : 1568581489458 us:  Arg0: void* buf = ptr:0x7ffe5ce00000
:3:rocvirtual.cpp           :778 : 1568581489525 us:  Arg0: void* buf = ptr:0x7ffe5ce00000 obj:[0x7ffe5ce00000-0x7ffe61c20000]
:3:rocvirtual.cpp           :762 : 1568581489603 us:  Arg1: uchar* pattern = ptr:0x7ffec5600000
:3:rocvirtual.cpp           :853 : 1568581489699 us:  Arg2: uint pattern_size = val:1
:3:rocvirtual.cpp           :853 : 1568581489798 us:  Arg3: uint alignment = val:16
:3:rocvirtual.cpp           :853 : 1568581489890 us:  Arg4: ulong end_ptr = val:140730538524672
:3:rocvirtual.cpp           :853 : 1568581489972 us:  Arg5: uint next_chunk = val:28160
:3:rocvirtual.cpp           :3236: 1568581490051 us:  ShaderName : __amd_rocclr_fillBufferAligned
:3:rocvirtual.cpp           :3449: 1568581490136 us:  KernargSegmentByteSize = 296 KernargSegmentAlignment = 128
:3:hip_memory.cpp           :3477: 1568581490218 us:  hipMemset: Returned hipSuccess : 
:3:hip_device_runtime.cpp   :641 : 1568581490300 us:  [32m hipDeviceSynchronize (  ) [0m
:3:rocvirtual.cpp           :533 : 1568581490376 us:  Set Handler: handle(0x7fffd89fcc80), timestamp(0xf3ab00)
:3:rocvirtual.hpp           :56  : 1568581490464 us:  Host active wait for Signal = (0x7fffd89fcc80) for -1 ns
:3:hip_device_runtime.cpp   :645 : 1568581490550 us:  hipDeviceSynchronize: Returned hipSuccess : 
:3:hip_platform.cpp         :237 : 1568581490634 us:  [32m __hipPushCallConfiguration ( {8,1,1}, {256,1,1}, 0, stream:<null> ) [0m
:3:hip_platform.cpp         :241 : 1568581490781 us:  __hipPushCallConfiguration: Returned hipSuccess : 
:3:hip_platform.cpp         :246 : 1568581490854 us:  [32m __hipPopCallConfiguration ( {3964667986,32767,256}, {2118224,0,4294925536}, 0x7fffffff5a30, 0x7fffffff5a28 ) [0m
:3:hip_platform.cpp         :255 : 1568581491002 us:  __hipPopCallConfiguration: Returned hipSuccess : 
:3:hip_module.cpp           :744 : 1568581491075 us:  [32m hipLaunchKernel ( 0x200fe8, {8,1,1}, {256,1,1}, 0x7fffffff59e0, 0, stream:<null> ) [0m
:3:rocvirtual.cpp           :762 : 1568581491221 us:  Arg0:   = ptr:0x7ffe62000000
:3:rocvirtual.cpp           :778 : 1568581491303 us:  Arg0:   = ptr:0x7ffe62000000 obj:[0x7ffe62000000-0x7ffe66e20000]
:3:rocvirtual.cpp           :762 : 1568581491381 us:  Arg1:   = ptr:0x7ffec4a27000
:3:rocvirtual.cpp           :778 : 1568581491449 us:  Arg1:   = ptr:0x7ffec4a27000 obj:[0x7ffec4a27000-0x7ffec4a37000]
:3:rocvirtual.cpp           :762 : 1568581491532 us:  Arg2:   = ptr:0x7ffe5ce00000
:3:rocvirtual.cpp           :778 : 1568581491626 us:  Arg2:   = ptr:0x7ffe5ce00000 obj:[0x7ffe5ce00000-0x7ffe61c20000]
:3:rocvirtual.cpp           :853 : 1568581491710 us:  Arg3:   = val:2048
:3:rocvirtual.cpp           :762 : 1568581491782 us:  Arg4:   = ptr:0x7ffec4a00000
:3:rocvirtual.cpp           :778 : 1568581491850 us:  Arg4:   = ptr:0x7ffec4a00000 obj:[0x7ffec4a00000-0x7ffec4a00024]
:3:rocvirtual.cpp           :3236: 1568581491922 us:  ShaderName : void dense_esuhm2<float>(float const*, float const*, float*, int, int const*)
:3:rocvirtual.cpp           :3449: 1568581492101 us:  KernargSegmentByteSize = 296 KernargSegmentAlignment = 128
:3:hip_module.cpp           :745 : 1568581492173 us:  hipLaunchKernel: Returned hipSuccess : : duration: 1098 us
:3:hip_device_runtime.cpp   :641 : 1568581492247 us:  [32m hipDeviceSynchronize (  ) [0m
:3:rocvirtual.cpp           :533 : 1568581492322 us:  Set Handler: handle(0x7fffd89fcc00), timestamp(0xef3f10)
:3:rocvirtual.hpp           :56  : 1568581492393 us:  Host active wait for Signal = (0x7fffd89fcc00) for -1 ns
:3:hip_device_runtime.cpp   :645 : 1568581492476 us:  hipDeviceSynchronize: Returned hipSuccess : 
:3:hip_memory.cpp           :795 : 1568581492562 us:  [32m hipMemcpy ( 0x7ffe773be010, 0x7ffe5ce00000, 81920000, hipMemcpyDeviceToHost ) [0m
:3:rocvirtual.cpp           :226 : 1568581489181 us:  Handler: value(0), timestamp(0xf0fb70), handle(0x7fffd89fcd00)
:3:rocvirtual.hpp           :56  : 1568581492707 us:  Host active wait for Signal = (0x7fffd89fed80) for -1 ns
:3:rocvirtual.cpp           :226 : 1568581492785 us:  Handler: value(0), timestamp(0xe28380), handle(0x7fffd89fcc80)
:3:rocvirtual.cpp           :226 : 1568581492942 us:  Handler: value(0), timestamp(0xf0fb00), handle(0x7fffd89fcc00)
:3:rocvirtual.hpp           :56  : 1568581493986 us:  Host active wait for Signal = (0x7fffd89feb80) for -1 ns
:3:rocvirtual.hpp           :56  : 1568581495263 us:  Host active wait for Signal = (0x7fffd89fdd00) for -1 ns
:3:rocvirtual.cpp           :533 : 1568581495833 us:  Set Handler: handle(0x7fffd89fca80), timestamp(0xe0a880)
:3:rocvirtual.hpp           :56  : 1568581495924 us:  Host active wait for Signal = (0x7fffd89fca80) for -1 ns
:3:hip_memory.cpp           :796 : 1568581496037 us:  hipMemcpy: Returned hipSuccess : : duration: 3475 us
:3:hip_memory.cpp           :3476: 1568581496150 us:  [32m hipMemset ( 0x7ffe5ce00000, 0, 81920000 ) [0m
:3:rocvirtual.cpp           :762 : 1568581496256 us:  Arg0: void* buf = ptr:0x7ffe5ce00000
:3:rocvirtual.cpp           :778 : 1568581496331 us:  Arg0: void* buf = ptr:0x7ffe5ce00000 obj:[0x7ffe5ce00000-0x7ffe61c20000]
:3:rocvirtual.cpp           :762 : 1568581496451 us:  Arg1: uchar* pattern = ptr:0x7ffec5600000
:3:rocvirtual.cpp           :853 : 1568581496523 us:  Arg2: uint pattern_size = val:1
:3:rocvirtual.cpp           :853 : 1568581496616 us:  Arg3: uint alignment = val:16
:3:rocvirtual.cpp           :853 : 1568581496699 us:  Arg4: ulong end_ptr = val:140730538524672
:3:rocvirtual.cpp           :853 : 1568581496803 us:  Arg5: uint next_chunk = val:28160
:3:rocvirtual.cpp           :3236: 1568581496891 us:  ShaderName : __amd_rocclr_fillBufferAligned
:3:rocvirtual.cpp           :3449: 1568581496977 us:  KernargSegmentByteSize = 296 KernargSegmentAlignment = 128
:3:hip_memory.cpp           :3477: 1568581497052 us:  hipMemset: Returned hipSuccess : 
:3:hip_device_runtime.cpp   :641 : 1568581497157 us:  [32m hipDeviceSynchronize (  ) [0m
:3:rocvirtual.cpp           :533 : 1568581497233 us:  Set Handler: handle(0x7fffd89fca00), timestamp(0xe0a5f0)
:3:rocvirtual.hpp           :56  : 1568581497320 us:  Host active wait for Signal = (0x7fffd89fca00) for -1 ns
:3:hip_device_runtime.cpp   :645 : 1568581497390 us:  hipDeviceSynchronize: Returned hipSuccess : 
:3:hip_platform.cpp         :237 : 1568581497460 us:  [32m __hipPushCallConfiguration ( {8,1,1}, {256,1,1}, 0, stream:<null> ) [0m
:3:hip_platform.cpp         :241 : 1568581497606 us:  __hipPushCallConfiguration: Returned hipSuccess : 
:3:hip_platform.cpp         :246 : 1568581497703 us:  [32m __hipPopCallConfiguration ( {3964667986,32767,256}, {2118224,0,4294925536}, 0x7fffffff5a30, 0x7fffffff5a28 ) [0m
:3:hip_platform.cpp         :255 : 1568581497851 us:  __hipPopCallConfiguration: Returned hipSuccess : 
:3:hip_module.cpp           :744 : 1568581497918 us:  [32m hipLaunchKernel ( 0x200ff0, {8,1,1}, {256,1,1}, 0x7fffffff59e0, 0, stream:<null> ) [0m
:3:rocvirtual.cpp           :762 : 1568581498085 us:  Arg0:   = ptr:0x7ffe62000000
:3:rocvirtual.cpp           :778 : 1568581498154 us:  Arg0:   = ptr:0x7ffe62000000 obj:[0x7ffe62000000-0x7ffe66e20000]
:3:rocvirtual.cpp           :762 : 1568581498232 us:  Arg1:   = ptr:0x7ffec4a27000
:3:rocvirtual.cpp           :778 : 1568581498305 us:  Arg1:   = ptr:0x7ffec4a27000 obj:[0x7ffec4a27000-0x7ffec4a37000]
:3:rocvirtual.cpp           :762 : 1568581498376 us:  Arg2:   = ptr:0x7ffe5ce00000
:3:rocvirtual.cpp           :778 : 1568581498458 us:  Arg2:   = ptr:0x7ffe5ce00000 obj:[0x7ffe5ce00000-0x7ffe61c20000]
:3:rocvirtual.cpp           :853 : 1568581498521 us:  Arg3:   = val:2048
:3:rocvirtual.cpp           :762 : 1568581498601 us:  Arg4:   = ptr:0x7ffec4a00000
:3:rocvirtual.cpp           :778 : 1568581498677 us:  Arg4:   = ptr:0x7ffec4a00000 obj:[0x7ffec4a00000-0x7ffec4a00024]
:3:rocvirtual.cpp           :3236: 1568581498745 us:  ShaderName : void dense_esuhm3<float>(float const*, float const*, float*, int, int const*)
:3:rocvirtual.cpp           :3449: 1568581498894 us:  KernargSegmentByteSize = 296 KernargSegmentAlignment = 128
:3:hip_module.cpp           :745 : 1568581498961 us:  hipLaunchKernel: Returned hipSuccess : : duration: 1043 us
:3:hip_device_runtime.cpp   :641 : 1568581499040 us:  [32m hipDeviceSynchronize (  ) [0m
:3:rocvirtual.cpp           :226 : 1568581495939 us:  Handler: value(0), timestamp(0xf0fbe0), handle(0x7fffd89fca80)
:3:rocvirtual.cpp           :533 : 1568581499114 us:  Set Handler: handle(0x7fffd89fcb00), timestamp(0xe28300)
:3:rocvirtual.hpp           :56  : 1568581499284 us:  Host active wait for Signal = (0x7fffd89fcb00) for -1 ns
:3:hip_device_runtime.cpp   :645 : 1568581499361 us:  hipDeviceSynchronize: Returned hipSuccess : 
:3:rocvirtual.cpp           :226 : 1568581499220 us:  Handler: value(0), timestamp(0xe0a7d0), handle(0x7fffd89fca00)
:3:rocvirtual.cpp           :226 : 1568581499505 us:  Handler: value(0), timestamp(0xe27c50), handle(0x7fffd89fcb00)
:3:hip_memory.cpp           :795 : 1568581499433 us:  [32m hipMemcpy ( 0x7ffe7259d010, 0x7ffe5ce00000, 81920000, hipMemcpyDeviceToHost ) [0m
:3:rocvirtual.hpp           :56  : 1568581499760 us:  Host active wait for Signal = (0x7fffd89fe980) for -1 ns
:3:rocvirtual.hpp           :56  : 1568581501040 us:  Host active wait for Signal = (0x7fffd89fde00) for -1 ns
:3:rocvirtual.hpp           :56  : 1568581502316 us:  Host active wait for Signal = (0x7fffd89fde80) for -1 ns
:3:rocvirtual.cpp           :533 : 1568581502886 us:  Set Handler: handle(0x7fffd89fc880), timestamp(0xd0add0)
:3:rocvirtual.hpp           :56  : 1568581502966 us:  Host active wait for Signal = (0x7fffd89fc880) for -1 ns
:3:hip_memory.cpp           :796 : 1568581503041 us:  hipMemcpy: Returned hipSuccess : : duration: 3608 us
:3:rocvirtual.cpp           :226 : 1568581502981 us:  Handler: value(0), timestamp(0xe27c50), handle(0x7fffd89fc880)
:3:hip_memory.cpp           :3476: 1568581553604 us:  [32m hipMemset ( 0x7ffe5ce00000, 0, 81920000 ) [0m
:3:rocvirtual.cpp           :762 : 1568581553762 us:  Arg0: void* buf = ptr:0x7ffe5ce00000
:3:rocvirtual.cpp           :778 : 1568581553949 us:  Arg0: void* buf = ptr:0x7ffe5ce00000 obj:[0x7ffe5ce00000-0x7ffe61c20000]
:3:rocvirtual.cpp           :762 : 1568581554086 us:  Arg1: uchar* pattern = ptr:0x7ffec5600000
:3:rocvirtual.cpp           :853 : 1568581554217 us:  Arg2: uint pattern_size = val:1
:3:rocvirtual.cpp           :853 : 1568581554522 us:  Arg3: uint alignment = val:16
:3:rocvirtual.cpp           :853 : 1568581554629 us:  Arg4: ulong end_ptr = val:140730538524672
:3:rocvirtual.cpp           :853 : 1568581554766 us:  Arg5: uint next_chunk = val:28160
:3:rocvirtual.cpp           :3236: 1568581554865 us:  ShaderName : __amd_rocclr_fillBufferAligned
:3:rocvirtual.cpp           :3449: 1568581554957 us:  KernargSegmentByteSize = 296 KernargSegmentAlignment = 128
:3:hip_memory.cpp           :3477: 1568581555042 us:  hipMemset: Returned hipSuccess : 
:3:hip_device_runtime.cpp   :641 : 1568581555145 us:  [32m hipDeviceSynchronize (  ) [0m
:3:rocvirtual.cpp           :533 : 1568581555244 us:  Set Handler: handle(0x7fffd89fc800), timestamp(0xdc6090)
:3:rocvirtual.hpp           :56  : 1568581555330 us:  Host active wait for Signal = (0x7fffd89fc800) for -1 ns
:3:hip_device_runtime.cpp   :645 : 1568581555411 us:  hipDeviceSynchronize: Returned hipSuccess : 
:3:hip_platform.cpp         :237 : 1568581555510 us:  [32m __hipPushCallConfiguration ( {8,1,1}, {512,1,1}, 0, stream:<null> ) [0m
:3:hip_platform.cpp         :241 : 1568581555726 us:  __hipPushCallConfiguration: Returned hipSuccess : 
:3:hip_platform.cpp         :246 : 1568581555881 us:  [32m __hipPopCallConfiguration ( {3964667986,32767,512}, {2118224,0,4294925536}, 0x7fffffff5a30, 0x7fffffff5a28 ) [0m
:3:hip_platform.cpp         :255 : 1568581556120 us:  __hipPopCallConfiguration: Returned hipSuccess : 
:3:hip_module.cpp           :744 : 1568581556238 us:  [32m hipLaunchKernel ( 0x200fe0, {8,1,1}, {512,1,1}, 0x7fffffff59e0, 0, stream:<null> ) [0m
:3:rocvirtual.cpp           :762 : 1568581556509 us:  Arg0:   = ptr:0x7ffe62000000
:3:rocvirtual.cpp           :778 : 1568581556632 us:  Arg0:   = ptr:0x7ffe62000000 obj:[0x7ffe62000000-0x7ffe66e20000]
:3:rocvirtual.cpp           :762 : 1568581556735 us:  Arg1:   = ptr:0x7ffec4a27000
:3:rocvirtual.cpp           :778 : 1568581556818 us:  Arg1:   = ptr:0x7ffec4a27000 obj:[0x7ffec4a27000-0x7ffec4a37000]
:3:rocvirtual.cpp           :762 : 1568581556904 us:  Arg2:   = ptr:0x7ffe5ce00000
:3:rocvirtual.cpp           :778 : 1568581556997 us:  Arg2:   = ptr:0x7ffe5ce00000 obj:[0x7ffe5ce00000-0x7ffe61c20000]
:3:rocvirtual.cpp           :853 : 1568581557100 us:  Arg3:   = val:2048
:3:rocvirtual.cpp           :762 : 1568581557218 us:  Arg4:   = ptr:0x7ffec4a00000
:3:rocvirtual.cpp           :778 : 1568581557312 us:  Arg4:   = ptr:0x7ffec4a00000 obj:[0x7ffec4a00000-0x7ffec4a00024]
:3:rocvirtual.cpp           :3236: 1568581557437 us:  ShaderName : void dense_esuhm<float>(float const*, float const*, float*, int, int const*)
:3:rocvirtual.cpp           :3449: 1568581557633 us:  KernargSegmentByteSize = 296 KernargSegmentAlignment = 128
:3:hip_module.cpp           :745 : 1568581557729 us:  hipLaunchKernel: Returned hipSuccess : : duration: 1491 us
:3:hip_device_runtime.cpp   :641 : 1568581557823 us:  [32m hipDeviceSynchronize (  ) [0m
:3:rocvirtual.cpp           :533 : 1568581557924 us:  Set Handler: handle(0x7fffd89fc780), timestamp(0xd83440)
:3:rocvirtual.hpp           :56  : 1568581558043 us:  Host active wait for Signal = (0x7fffd89fc780) for -1 ns
:3:hip_device_runtime.cpp   :645 : 1568581558136 us:  hipDeviceSynchronize: Returned hipSuccess : 
:3:hip_memory.cpp           :795 : 1568581558246 us:  [32m hipMemcpy ( 0x7ffe7c1df010, 0x7ffe5ce00000, 81920000, hipMemcpyDeviceToHost ) [0m
:3:rocvirtual.hpp           :56  : 1568581558447 us:  Host active wait for Signal = (0x7fffd89fe780) for -1 ns
:3:rocvirtual.cpp           :226 : 1568581555340 us:  Handler: value(0), timestamp(0xd0b160), handle(0x7fffd89fc800)
:3:rocvirtual.cpp           :226 : 1568581558638 us:  Handler: value(0), timestamp(0xd0ad20), handle(0x7fffd89fc780)
:3:rocvirtual.hpp           :56  : 1568581559727 us:  Host active wait for Signal = (0x7fffd89fe580) for -1 ns
:3:rocvirtual.hpp           :56  : 1568581561002 us:  Host active wait for Signal = (0x7fffd89fdf00) for -1 ns
:3:rocvirtual.cpp           :533 : 1568581561572 us:  Set Handler: handle(0x7fffd89fc600), timestamp(0xe0abc0)
:3:rocvirtual.hpp           :56  : 1568581561678 us:  Host active wait for Signal = (0x7fffd89fc600) for -1 ns
:3:hip_memory.cpp           :796 : 1568581561779 us:  hipMemcpy: Returned hipSuccess : : duration: 3533 us
:3:hip_memory.cpp           :3476: 1568581561871 us:  [32m hipMemset ( 0x7ffe5ce00000, 0, 81920000 ) [0m
:3:rocvirtual.cpp           :762 : 1568581561958 us:  Arg0: void* buf = ptr:0x7ffe5ce00000
:3:rocvirtual.cpp           :778 : 1568581562048 us:  Arg0: void* buf = ptr:0x7ffe5ce00000 obj:[0x7ffe5ce00000-0x7ffe61c20000]
:3:rocvirtual.cpp           :762 : 1568581562147 us:  Arg1: uchar* pattern = ptr:0x7ffec5600000
:3:rocvirtual.cpp           :853 : 1568581562233 us:  Arg2: uint pattern_size = val:1
:3:rocvirtual.cpp           :853 : 1568581562316 us:  Arg3: uint alignment = val:16
:3:rocvirtual.cpp           :853 : 1568581562402 us:  Arg4: ulong end_ptr = val:140730538524672
:3:rocvirtual.cpp           :853 : 1568581562484 us:  Arg5: uint next_chunk = val:28160
:3:rocvirtual.cpp           :3236: 1568581562564 us:  ShaderName : __amd_rocclr_fillBufferAligned
:3:rocvirtual.cpp           :3449: 1568581562646 us:  KernargSegmentByteSize = 296 KernargSegmentAlignment = 128
:3:hip_memory.cpp           :3477: 1568581562717 us:  hipMemset: Returned hipSuccess : 
:3:hip_device_runtime.cpp   :641 : 1568581562833 us:  [32m hipDeviceSynchronize (  ) [0m
:3:rocvirtual.cpp           :533 : 1568581562904 us:  Set Handler: handle(0x7fffd89fc580), timestamp(0xd835e0)
:3:rocvirtual.hpp           :56  : 1568581562970 us:  Host active wait for Signal = (0x7fffd89fc580) for -1 ns
:3:hip_device_runtime.cpp   :645 : 1568581563048 us:  hipDeviceSynchronize: Returned hipSuccess : 
:3:hip_platform.cpp         :237 : 1568581563135 us:  [32m __hipPushCallConfiguration ( {8,1,1}, {512,1,1}, 0, stream:<null> ) [0m
:3:hip_platform.cpp         :241 : 1568581563312 us:  __hipPushCallConfiguration: Returned hipSuccess : 
:3:hip_platform.cpp         :246 : 1568581563375 us:  [32m __hipPopCallConfiguration ( {3964667986,32767,512}, {2118224,0,4294925536}, 0x7fffffff5a30, 0x7fffffff5a28 ) [0m
:3:hip_platform.cpp         :255 : 1568581563527 us:  __hipPopCallConfiguration: Returned hipSuccess : 
:3:hip_module.cpp           :744 : 1568581563634 us:  [32m hipLaunchKernel ( 0x200fe8, {8,1,1}, {512,1,1}, 0x7fffffff59e0, 0, stream:<null> ) [0m
:3:rocvirtual.cpp           :762 : 1568581563832 us:  Arg0:   = ptr:0x7ffe62000000
:3:rocvirtual.cpp           :778 : 1568581563916 us:  Arg0:   = ptr:0x7ffe62000000 obj:[0x7ffe62000000-0x7ffe66e20000]
:3:rocvirtual.cpp           :762 : 1568581564023 us:  Arg1:   = ptr:0x7ffec4a27000
:3:rocvirtual.cpp           :778 : 1568581564136 us:  Arg1:   = ptr:0x7ffec4a27000 obj:[0x7ffec4a27000-0x7ffec4a37000]
:3:rocvirtual.cpp           :762 : 1568581564238 us:  Arg2:   = ptr:0x7ffe5ce00000
:3:rocvirtual.cpp           :778 : 1568581564316 us:  Arg2:   = ptr:0x7ffe5ce00000 obj:[0x7ffe5ce00000-0x7ffe61c20000]
:3:rocvirtual.cpp           :853 : 1568581564419 us:  Arg3:   = val:2048
:3:rocvirtual.cpp           :762 : 1568581564486 us:  Arg4:   = ptr:0x7ffec4a00000
:3:rocvirtual.cpp           :778 : 1568581564578 us:  Arg4:   = ptr:0x7ffec4a00000 obj:[0x7ffec4a00000-0x7ffec4a00024]
:3:rocvirtual.cpp           :3236: 1568581564655 us:  ShaderName : void dense_esuhm2<float>(float const*, float const*, float*, int, int const*)
:3:rocvirtual.cpp           :3449: 1568581564833 us:  KernargSegmentByteSize = 296 KernargSegmentAlignment = 128
:3:hip_module.cpp           :745 : 1568581564905 us:  hipLaunchKernel: Returned hipSuccess : : duration: 1271 us
:3:hip_device_runtime.cpp   :641 : 1568581565019 us:  [32m hipDeviceSynchronize (  ) [0m
:3:rocvirtual.cpp           :533 : 1568581565091 us:  Set Handler: handle(0x7fffd89fc680), timestamp(0xe0ad10)
:3:rocvirtual.hpp           :56  : 1568581565169 us:  Host active wait for Signal = (0x7fffd89fc680) for -1 ns
:3:hip_device_runtime.cpp   :645 : 1568581565235 us:  hipDeviceSynchronize: Returned hipSuccess : 
:3:rocvirtual.cpp           :226 : 1568581561688 us:  Handler: value(0), timestamp(0xe28100), handle(0x7fffd89fc600)
:3:hip_memory.cpp           :795 : 1568581565309 us:  [32m hipMemcpy ( 0x7ffe773be010, 0x7ffe5ce00000, 81920000, hipMemcpyDeviceToHost ) [0m
:3:rocvirtual.cpp           :226 : 1568581565409 us:  Handler: value(0), timestamp(0xe0ab10), handle(0x7fffd89fc580)
:3:rocvirtual.cpp           :226 : 1568581565637 us:  Handler: value(0), timestamp(0xe0ad50), handle(0x7fffd89fc680)
:3:rocvirtual.hpp           :56  : 1568581565576 us:  Host active wait for Signal = (0x7fffd89fe380) for -1 ns
:3:rocvirtual.hpp           :56  : 1568581566853 us:  Host active wait for Signal = (0x7fffd89fe000) for -1 ns
:3:rocvirtual.hpp           :56  : 1568581568129 us:  Host active wait for Signal = (0x7fffd89fe080) for -1 ns
:3:rocvirtual.cpp           :533 : 1568581568698 us:  Set Handler: handle(0x7fffd89fc400), timestamp(0xeff200)
:3:rocvirtual.hpp           :56  : 1568581568775 us:  Host active wait for Signal = (0x7fffd89fc400) for -1 ns
:3:hip_memory.cpp           :796 : 1568581568880 us:  hipMemcpy: Returned hipSuccess : : duration: 3571 us
:3:hip_memory.cpp           :3476: 1568581568969 us:  [32m hipMemset ( 0x7ffe5ce00000, 0, 81920000 ) [0m
:3:rocvirtual.cpp           :762 : 1568581569059 us:  Arg0: void* buf = ptr:0x7ffe5ce00000
:3:rocvirtual.cpp           :778 : 1568581569147 us:  Arg0: void* buf = ptr:0x7ffe5ce00000 obj:[0x7ffe5ce00000-0x7ffe61c20000]
:3:rocvirtual.cpp           :762 : 1568581569211 us:  Arg1: uchar* pattern = ptr:0x7ffec5600000
:3:rocvirtual.cpp           :853 : 1568581569285 us:  Arg2: uint pattern_size = val:1
:3:rocvirtual.cpp           :853 : 1568581569360 us:  Arg3: uint alignment = val:16
:3:rocvirtual.cpp           :853 : 1568581569434 us:  Arg4: ulong end_ptr = val:140730538524672
:3:rocvirtual.cpp           :853 : 1568581569504 us:  Arg5: uint next_chunk = val:28160
:3:rocvirtual.cpp           :3236: 1568581569575 us:  ShaderName : __amd_rocclr_fillBufferAligned
:3:rocvirtual.cpp           :3449: 1568581569661 us:  KernargSegmentByteSize = 296 KernargSegmentAlignment = 128
:3:hip_memory.cpp           :3477: 1568581569742 us:  hipMemset: Returned hipSuccess : 
:3:hip_device_runtime.cpp   :641 : 1568581569807 us:  [32m hipDeviceSynchronize (  ) [0m
:3:rocvirtual.cpp           :226 : 1568581568784 us:  Handler: value(0), timestamp(0xd83790), handle(0x7fffd89fc400)
:3:rocvirtual.cpp           :533 : 1568581569879 us:  Set Handler: handle(0x7fffd89fc380), timestamp(0xd835a0)
:3:rocvirtual.hpp           :56  : 1568581570046 us:  Host active wait for Signal = (0x7fffd89fc380) for -1 ns
:3:hip_device_runtime.cpp   :645 : 1568581570122 us:  hipDeviceSynchronize: Returned hipSuccess : 
:3:hip_platform.cpp         :237 : 1568581570186 us:  [32m __hipPushCallConfiguration ( {8,1,1}, {512,1,1}, 0, stream:<null> ) [0m
:3:hip_platform.cpp         :241 : 1568581570323 us:  __hipPushCallConfiguration: Returned hipSuccess : 
:3:hip_platform.cpp         :246 : 1568581570397 us:  [32m __hipPopCallConfiguration ( {3964667986,32767,512}, {2118224,0,4294925536}, 0x7fffffff5a30, 0x7fffffff5a28 ) [0m
:3:hip_platform.cpp         :255 : 1568581570548 us:  __hipPopCallConfiguration: Returned hipSuccess : 
:3:hip_module.cpp           :744 : 1568581570613 us:  [32m hipLaunchKernel ( 0x200ff0, {8,1,1}, {512,1,1}, 0x7fffffff59e0, 0, stream:<null> ) [0m
:3:rocvirtual.cpp           :226 : 1568581570054 us:  Handler: value(0), timestamp(0xeff3d0), handle(0x7fffd89fc380)
:3:rocvirtual.cpp           :762 : 1568581570759 us:  Arg0:   = ptr:0x7ffe62000000
:3:rocvirtual.cpp           :778 : 1568581570914 us:  Arg0:   = ptr:0x7ffe62000000 obj:[0x7ffe62000000-0x7ffe66e20000]
:3:rocvirtual.cpp           :762 : 1568581570982 us:  Arg1:   = ptr:0x7ffec4a27000
:3:rocvirtual.cpp           :778 : 1568581571047 us:  Arg1:   = ptr:0x7ffec4a27000 obj:[0x7ffec4a27000-0x7ffec4a37000]
:3:rocvirtual.cpp           :762 : 1568581571114 us:  Arg2:   = ptr:0x7ffe5ce00000
:3:rocvirtual.cpp           :778 : 1568581571190 us:  Arg2:   = ptr:0x7ffe5ce00000 obj:[0x7ffe5ce00000-0x7ffe61c20000]
:3:rocvirtual.cpp           :853 : 1568581571259 us:  Arg3:   = val:2048
:3:rocvirtual.cpp           :762 : 1568581571335 us:  Arg4:   = ptr:0x7ffec4a00000
:3:rocvirtual.cpp           :778 : 1568581571403 us:  Arg4:   = ptr:0x7ffec4a00000 obj:[0x7ffec4a00000-0x7ffec4a00024]
:3:rocvirtual.cpp           :3236: 1568581571472 us:  ShaderName : void dense_esuhm3<float>(float const*, float const*, float*, int, int const*)
:3:rocvirtual.cpp           :3449: 1568581571617 us:  KernargSegmentByteSize = 296 KernargSegmentAlignment = 128
:3:hip_module.cpp           :745 : 1568581571692 us:  hipLaunchKernel: Returned hipSuccess : : duration: 1079 us
:3:hip_device_runtime.cpp   :641 : 1568581571758 us:  [32m hipDeviceSynchronize (  ) [0m
:3:rocvirtual.cpp           :533 : 1568581571828 us:  Set Handler: handle(0x7fffd89fc300), timestamp(0xd0b040)
:3:rocvirtual.hpp           :56  : 1568581571906 us:  Host active wait for Signal = (0x7fffd89fc300) for -1 ns
:3:hip_device_runtime.cpp   :645 : 1568581571973 us:  hipDeviceSynchronize: Returned hipSuccess : 
:3:hip_memory.cpp           :795 : 1568581572044 us:  [32m hipMemcpy ( 0x7ffe7259d010, 0x7ffe5ce00000, 81920000, hipMemcpyDeviceToHost ) [0m
:3:rocvirtual.cpp           :226 : 1568581571915 us:  Handler: value(0), timestamp(0xeff150), handle(0x7fffd89fc300)
:3:rocvirtual.hpp           :56  : 1568581572185 us:  Host active wait for Signal = (0x7fffd89fe180) for -1 ns
:3:rocvirtual.hpp           :56  : 1568581573464 us:  Host active wait for Signal = (0x7fffd89fdf80) for -1 ns
:3:rocvirtual.hpp           :56  : 1568581574739 us:  Host active wait for Signal = (0x7fffd89fe100) for -1 ns
:3:rocvirtual.cpp           :533 : 1568581575307 us:  Set Handler: handle(0x7fffd89fc180), timestamp(0xeff6f0)
:3:rocvirtual.hpp           :56  : 1568581575394 us:  Host active wait for Signal = (0x7fffd89fc180) for -1 ns
:3:hip_memory.cpp           :796 : 1568581575478 us:  hipMemcpy: Returned hipSuccess : : duration: 3434 us
:3:rocvirtual.cpp           :226 : 1568581575403 us:  Handler: value(0), timestamp(0xd0b230), handle(0x7fffd89fc180)
:3:hip_memory.cpp           :3476: 1568581624286 us:  [32m hipMemset ( 0x7ffe5ce00000, 0, 81920000 ) [0m
:3:rocvirtual.cpp           :762 : 1568581624456 us:  Arg0: void* buf = ptr:0x7ffe5ce00000
:3:rocvirtual.cpp           :778 : 1568581624613 us:  Arg0: void* buf = ptr:0x7ffe5ce00000 obj:[0x7ffe5ce00000-0x7ffe61c20000]
:3:rocvirtual.cpp           :762 : 1568581624743 us:  Arg1: uchar* pattern = ptr:0x7ffec5600000
:3:rocvirtual.cpp           :853 : 1568581624883 us:  Arg2: uint pattern_size = val:1
:3:rocvirtual.cpp           :853 : 1568581625013 us:  Arg3: uint alignment = val:16
:3:rocvirtual.cpp           :853 : 1568581625170 us:  Arg4: ulong end_ptr = val:140730538524672
:3:rocvirtual.cpp           :853 : 1568581625301 us:  Arg5: uint next_chunk = val:28160
:3:rocvirtual.cpp           :3236: 1568581625394 us:  ShaderName : __amd_rocclr_fillBufferAligned
:3:rocvirtual.cpp           :3449: 1568581625508 us:  KernargSegmentByteSize = 296 KernargSegmentAlignment = 128
:3:hip_memory.cpp           :3477: 1568581625639 us:  hipMemset: Returned hipSuccess : 
:3:hip_device_runtime.cpp   :641 : 1568581625762 us:  [32m hipDeviceSynchronize (  ) [0m
:3:rocvirtual.cpp           :533 : 1568581625876 us:  Set Handler: handle(0x7fffd89fc100), timestamp(0xeff460)
:3:rocvirtual.hpp           :56  : 1568581625972 us:  Host active wait for Signal = (0x7fffd89fc100) for -1 ns
:3:hip_device_runtime.cpp   :645 : 1568581626070 us:  hipDeviceSynchronize: Returned hipSuccess : 
:3:hip_platform.cpp         :237 : 1568581626157 us:  [32m __hipPushCallConfiguration ( {8,1,1}, {1024,1,1}, 0, stream:<null> ) [0m
:3:hip_platform.cpp         :241 : 1568581626341 us:  __hipPushCallConfiguration: Returned hipSuccess : 
:3:hip_platform.cpp         :246 : 1568581626455 us:  [32m __hipPopCallConfiguration ( {3964667986,32767,1024}, {2118224,0,4294925536}, 0x7fffffff5a30, 0x7fffffff5a28 ) [0m
:3:hip_platform.cpp         :255 : 1568581626661 us:  __hipPopCallConfiguration: Returned hipSuccess : 
:3:hip_module.cpp           :744 : 1568581626761 us:  [32m hipLaunchKernel ( 0x200fe0, {8,1,1}, {1024,1,1}, 0x7fffffff59e0, 0, stream:<null> ) [0m
:3:rocvirtual.cpp           :762 : 1568581626922 us:  Arg0:   = ptr:0x7ffe62000000
:3:rocvirtual.cpp           :778 : 1568581627020 us:  Arg0:   = ptr:0x7ffe62000000 obj:[0x7ffe62000000-0x7ffe66e20000]
:3:rocvirtual.cpp           :762 : 1568581627136 us:  Arg1:   = ptr:0x7ffec4a27000
:3:rocvirtual.cpp           :778 : 1568581627205 us:  Arg1:   = ptr:0x7ffec4a27000 obj:[0x7ffec4a27000-0x7ffec4a37000]
:3:rocvirtual.cpp           :762 : 1568581627279 us:  Arg2:   = ptr:0x7ffe5ce00000
:3:rocvirtual.cpp           :778 : 1568581627374 us:  Arg2:   = ptr:0x7ffe5ce00000 obj:[0x7ffe5ce00000-0x7ffe61c20000]
:3:rocvirtual.cpp           :853 : 1568581627453 us:  Arg3:   = val:2048
:3:rocvirtual.cpp           :762 : 1568581627583 us:  Arg4:   = ptr:0x7ffec4a00000
:3:rocvirtual.cpp           :778 : 1568581627699 us:  Arg4:   = ptr:0x7ffec4a00000 obj:[0x7ffec4a00000-0x7ffec4a00024]
:3:rocvirtual.cpp           :3236: 1568581627795 us:  ShaderName : void dense_esuhm<float>(float const*, float const*, float*, int, int const*)
:3:rocvirtual.cpp           :3449: 1568581628002 us:  KernargSegmentByteSize = 296 KernargSegmentAlignment = 128
:3:hip_module.cpp           :745 : 1568581628118 us:  hipLaunchKernel: Returned hipSuccess : : duration: 1357 us
:3:hip_device_runtime.cpp   :641 : 1568581628218 us:  [32m hipDeviceSynchronize (  ) [0m
:3:rocvirtual.cpp           :226 : 1568581625981 us:  Handler: value(0), timestamp(0xeff640), handle(0x7fffd89fc100)
:3:rocvirtual.cpp           :533 : 1568581628304 us:  Set Handler: handle(0x7fffd89fc200), timestamp(0xeff350)
:3:rocvirtual.hpp           :56  : 1568581628534 us:  Host active wait for Signal = (0x7fffd89fc200) for -1 ns
:3:hip_device_runtime.cpp   :645 : 1568581628654 us:  hipDeviceSynchronize: Returned hipSuccess : 
:3:hip_memory.cpp           :795 : 1568581628764 us:  [32m hipMemcpy ( 0x7ffe7c1df010, 0x7ffe5ce00000, 81920000, hipMemcpyDeviceToHost ) [0m
:3:rocvirtual.hpp           :56  : 1568581628986 us:  Host active wait for Signal = (0x7fffd89fdd80) for -1 ns
:3:rocvirtual.cpp           :226 : 1568581628542 us:  Handler: value(0), timestamp(0xefef00), handle(0x7fffd89fc200)
:3:rocvirtual.hpp           :56  : 1568581630263 us:  Host active wait for Signal = (0x7fffd89fdc80) for -1 ns
:3:rocvirtual.hpp           :56  : 1568581631539 us:  Host active wait for Signal = (0x7fffd89fdc00) for -1 ns
:3:rocvirtual.cpp           :533 : 1568581632110 us:  Set Handler: handle(0x7fffd89fc080), timestamp(0xeff390)
:3:rocvirtual.hpp           :56  : 1568581632205 us:  Host active wait for Signal = (0x7fffd89fc080) for -1 ns
:3:hip_memory.cpp           :796 : 1568581632341 us:  hipMemcpy: Returned hipSuccess : : duration: 3577 us
:3:hip_memory.cpp           :3476: 1568581632482 us:  [32m hipMemset ( 0x7ffe5ce00000, 0, 81920000 ) [0m
:3:rocvirtual.cpp           :762 : 1568581632619 us:  Arg0: void* buf = ptr:0x7ffe5ce00000
:3:rocvirtual.cpp           :778 : 1568581632716 us:  Arg0: void* buf = ptr:0x7ffe5ce00000 obj:[0x7ffe5ce00000-0x7ffe61c20000]
:3:rocvirtual.cpp           :762 : 1568581632823 us:  Arg1: uchar* pattern = ptr:0x7ffec5600000
:3:rocvirtual.cpp           :853 : 1568581632933 us:  Arg2: uint pattern_size = val:1
:3:rocvirtual.cpp           :853 : 1568581633007 us:  Arg3: uint alignment = val:16
:3:rocvirtual.cpp           :853 : 1568581633115 us:  Arg4: ulong end_ptr = val:140730538524672
:3:rocvirtual.cpp           :853 : 1568581633209 us:  Arg5: uint next_chunk = val:28160
:3:rocvirtual.cpp           :3236: 1568581633296 us:  ShaderName : __amd_rocclr_fillBufferAligned
:3:rocvirtual.cpp           :3449: 1568581633387 us:  KernargSegmentByteSize = 296 KernargSegmentAlignment = 128
:3:hip_memory.cpp           :3477: 1568581633481 us:  hipMemset: Returned hipSuccess : 
:3:hip_device_runtime.cpp   :641 : 1568581633552 us:  [32m hipDeviceSynchronize (  ) [0m
:3:rocvirtual.cpp           :533 : 1568581633652 us:  Set Handler: handle(0x7fffd89fc000), timestamp(0x28daa0)
:3:rocvirtual.hpp           :56  : 1568581633738 us:  Host active wait for Signal = (0x7fffd89fc000) for -1 ns
:3:hip_device_runtime.cpp   :645 : 1568581633845 us:  hipDeviceSynchronize: Returned hipSuccess : 
:3:hip_platform.cpp         :237 : 1568581633926 us:  [32m __hipPushCallConfiguration ( {8,1,1}, {1024,1,1}, 0, stream:<null> ) [0m
:3:hip_platform.cpp         :241 : 1568581634084 us:  __hipPushCallConfiguration: Returned hipSuccess : 
:3:hip_platform.cpp         :246 : 1568581634172 us:  [32m __hipPopCallConfiguration ( {3964667986,32767,1024}, {2118224,0,4294925536}, 0x7fffffff5a30, 0x7fffffff5a28 ) [0m
:3:hip_platform.cpp         :255 : 1568581634310 us:  __hipPopCallConfiguration: Returned hipSuccess : 
:3:hip_module.cpp           :744 : 1568581634379 us:  [32m hipLaunchKernel ( 0x200fe8, {8,1,1}, {1024,1,1}, 0x7fffffff59e0, 0, stream:<null> ) [0m
:3:rocvirtual.cpp           :762 : 1568581634542 us:  Arg0:   = ptr:0x7ffe62000000
:3:rocvirtual.cpp           :778 : 1568581634608 us:  Arg0:   = ptr:0x7ffe62000000 obj:[0x7ffe62000000-0x7ffe66e20000]
:3:rocvirtual.cpp           :762 : 1568581634676 us:  Arg1:   = ptr:0x7ffec4a27000
:3:rocvirtual.cpp           :778 : 1568581634749 us:  Arg1:   = ptr:0x7ffec4a27000 obj:[0x7ffec4a27000-0x7ffec4a37000]
:3:rocvirtual.cpp           :762 : 1568581634832 us:  Arg2:   = ptr:0x7ffe5ce00000
:3:rocvirtual.cpp           :778 : 1568581634908 us:  Arg2:   = ptr:0x7ffe5ce00000 obj:[0x7ffe5ce00000-0x7ffe61c20000]
:3:rocvirtual.cpp           :853 : 1568581634968 us:  Arg3:   = val:2048
:3:rocvirtual.cpp           :762 : 1568581635036 us:  Arg4:   = ptr:0x7ffec4a00000
:3:rocvirtual.cpp           :778 : 1568581635106 us:  Arg4:   = ptr:0x7ffec4a00000 obj:[0x7ffec4a00000-0x7ffec4a00024]
:3:rocvirtual.cpp           :3236: 1568581635190 us:  ShaderName : void dense_esuhm2<float>(float const*, float const*, float*, int, int const*)
:3:rocvirtual.cpp           :3449: 1568581635331 us:  KernargSegmentByteSize = 296 KernargSegmentAlignment = 128
:3:hip_module.cpp           :745 : 1568581635398 us:  hipLaunchKernel: Returned hipSuccess : : duration: 1019 us
:3:hip_device_runtime.cpp   :641 : 1568581635464 us:  [32m hipDeviceSynchronize (  ) [0m
:3:rocvirtual.cpp           :226 : 1568581632220 us:  Handler: value(0), timestamp(0xd838b0), handle(0x7fffd89fc080)
:3:rocvirtual.cpp           :533 : 1568581635545 us:  Set Handler: handle(0x7fffd89fc280), timestamp(0xd836b0)
:3:rocvirtual.hpp           :56  : 1568581635724 us:  Host active wait for Signal = (0x7fffd89fc280) for -1 ns
:3:hip_device_runtime.cpp   :645 : 1568581635826 us:  hipDeviceSynchronize: Returned hipSuccess : 
:3:hip_memory.cpp           :795 : 1568581635895 us:  [32m hipMemcpy ( 0x7ffe773be010, 0x7ffe5ce00000, 81920000, hipMemcpyDeviceToHost ) [0m
:3:rocvirtual.cpp           :226 : 1568581635658 us:  Handler: value(0), timestamp(0x732010), handle(0x7fffd89fc000)
:3:rocvirtual.cpp           :226 : 1568581636162 us:  Handler: value(0), timestamp(0xe0a9d0), handle(0x7fffd89fc280)
:3:rocvirtual.hpp           :56  : 1568581636079 us:  Host active wait for Signal = (0x7fffd89fda80) for -1 ns
:3:rocvirtual.hpp           :56  : 1568581637358 us:  Host active wait for Signal = (0x7fffd89fdb80) for -1 ns
:3:rocvirtual.hpp           :56  : 1568581638633 us:  Host active wait for Signal = (0x7fffd89fe200) for -1 ns
:3:rocvirtual.cpp           :533 : 1568581639202 us:  Set Handler: handle(0x7fffd89fbe00), timestamp(0x977010)
:3:rocvirtual.hpp           :56  : 1568581639302 us:  Host active wait for Signal = (0x7fffd89fbe00) for -1 ns
:3:hip_memory.cpp           :796 : 1568581639383 us:  hipMemcpy: Returned hipSuccess : : duration: 3488 us
:3:hip_memory.cpp           :3476: 1568581639458 us:  [32m hipMemset ( 0x7ffe5ce00000, 0, 81920000 ) [0m
:3:rocvirtual.cpp           :762 : 1568581639532 us:  Arg0: void* buf = ptr:0x7ffe5ce00000
:3:rocvirtual.cpp           :778 : 1568581639625 us:  Arg0: void* buf = ptr:0x7ffe5ce00000 obj:[0x7ffe5ce00000-0x7ffe61c20000]
:3:rocvirtual.cpp           :762 : 1568581639718 us:  Arg1: uchar* pattern = ptr:0x7ffec5600000
:3:rocvirtual.cpp           :853 : 1568581639822 us:  Arg2: uint pattern_size = val:1
:3:rocvirtual.cpp           :853 : 1568581639908 us:  Arg3: uint alignment = val:16
:3:rocvirtual.cpp           :853 : 1568581640022 us:  Arg4: ulong end_ptr = val:140730538524672
:3:rocvirtual.cpp           :853 : 1568581640160 us:  Arg5: uint next_chunk = val:28160
:3:rocvirtual.cpp           :3236: 1568581640254 us:  ShaderName : __amd_rocclr_fillBufferAligned
:3:rocvirtual.cpp           :3449: 1568581640340 us:  KernargSegmentByteSize = 296 KernargSegmentAlignment = 128
:3:hip_memory.cpp           :3477: 1568581640445 us:  hipMemset: Returned hipSuccess : 
:3:hip_device_runtime.cpp   :641 : 1568581640524 us:  [32m hipDeviceSynchronize (  ) [0m
:3:rocvirtual.cpp           :533 : 1568581640612 us:  Set Handler: handle(0x7fffd89fbe80), timestamp(0xc93900)
:3:rocvirtual.hpp           :56  : 1568581640694 us:  Host active wait for Signal = (0x7fffd89fbe80) for -1 ns
:3:hip_device_runtime.cpp   :645 : 1568581640770 us:  hipDeviceSynchronize: Returned hipSuccess : 
:3:hip_platform.cpp         :237 : 1568581640849 us:  [32m __hipPushCallConfiguration ( {8,1,1}, {1024,1,1}, 0, stream:<null> ) [0m
:3:hip_platform.cpp         :241 : 1568581641001 us:  __hipPushCallConfiguration: Returned hipSuccess : 
:3:hip_platform.cpp         :246 : 1568581641070 us:  [32m __hipPopCallConfiguration ( {3964667986,32767,1024}, {2118224,0,4294925536}, 0x7fffffff5a30, 0x7fffffff5a28 ) [0m
:3:hip_platform.cpp         :255 : 1568581641221 us:  __hipPopCallConfiguration: Returned hipSuccess : 
:3:hip_module.cpp           :744 : 1568581641292 us:  [32m hipLaunchKernel ( 0x200ff0, {8,1,1}, {1024,1,1}, 0x7fffffff59e0, 0, stream:<null> ) [0m
:3:rocvirtual.cpp           :226 : 1568581639314 us:  Handler: value(0), timestamp(0x6e97a0), handle(0x7fffd89fbe00)
:3:rocvirtual.cpp           :762 : 1568581641439 us:  Arg0:   = ptr:0x7ffe62000000
:3:rocvirtual.cpp           :778 : 1568581641593 us:  Arg0:   = ptr:0x7ffe62000000 obj:[0x7ffe62000000-0x7ffe66e20000]
:3:rocvirtual.cpp           :762 : 1568581641665 us:  Arg1:   = ptr:0x7ffec4a27000
:3:rocvirtual.cpp           :778 : 1568581641743 us:  Arg1:   = ptr:0x7ffec4a27000 obj:[0x7ffec4a27000-0x7ffec4a37000]
:3:rocvirtual.cpp           :762 : 1568581641814 us:  Arg2:   = ptr:0x7ffe5ce00000
:3:rocvirtual.cpp           :778 : 1568581641884 us:  Arg2:   = ptr:0x7ffe5ce00000 obj:[0x7ffe5ce00000-0x7ffe61c20000]
:3:rocvirtual.cpp           :853 : 1568581641948 us:  Arg3:   = val:2048
:3:rocvirtual.cpp           :762 : 1568581642015 us:  Arg4:   = ptr:0x7ffec4a00000
:3:rocvirtual.cpp           :778 : 1568581642105 us:  Arg4:   = ptr:0x7ffec4a00000 obj:[0x7ffec4a00000-0x7ffec4a00024]
:3:rocvirtual.cpp           :3236: 1568581642182 us:  ShaderName : void dense_esuhm3<float>(float const*, float const*, float*, int, int const*)
:3:rocvirtual.cpp           :3449: 1568581642311 us:  KernargSegmentByteSize = 296 KernargSegmentAlignment = 128
:3:hip_module.cpp           :745 : 1568581642382 us:  hipLaunchKernel: Returned hipSuccess : : duration: 1090 us
:3:hip_device_runtime.cpp   :641 : 1568581642477 us:  [32m hipDeviceSynchronize (  ) [0m
:3:rocvirtual.cpp           :226 : 1568581641529 us:  Handler: value(0), timestamp(0xc93830), handle(0x7fffd89fbe80)
:3:rocvirtual.cpp           :533 : 1568581642548 us:  Set Handler: handle(0x7fffd89fbf00), timestamp(0xdcec80)
:3:rocvirtual.hpp           :56  : 1568581642688 us:  Host active wait for Signal = (0x7fffd89fbf00) for -1 ns
:3:hip_device_runtime.cpp   :645 : 1568581642753 us:  hipDeviceSynchronize: Returned hipSuccess : 
:3:rocvirtual.cpp           :226 : 1568581642696 us:  Handler: value(0), timestamp(0xeff530), handle(0x7fffd89fbf00)
:3:hip_memory.cpp           :795 : 1568581642839 us:  [32m hipMemcpy ( 0x7ffe7259d010, 0x7ffe5ce00000, 81920000, hipMemcpyDeviceToHost ) [0m
:3:rocvirtual.hpp           :56  : 1568581643051 us:  Host active wait for Signal = (0x7fffd89fd880) for -1 ns
:3:rocvirtual.hpp           :56  : 1568581644328 us:  Host active wait for Signal = (0x7fffd89ff780) for -1 ns
:3:rocvirtual.hpp           :56  : 1568581645604 us:  Host active wait for Signal = (0x7fffd89ff800) for -1 ns
:3:rocvirtual.cpp           :533 : 1568581646173 us:  Set Handler: handle(0x7fffd89fd700), timestamp(0xe22dd0)
:3:rocvirtual.hpp           :56  : 1568581646260 us:  Host active wait for Signal = (0x7fffd89fd700) for -1 ns
:3:hip_memory.cpp           :796 : 1568581646337 us:  hipMemcpy: Returned hipSuccess : : duration: 3498 us
:3:rocvirtual.cpp           :226 : 1568581646276 us:  Handler: value(0), timestamp(0xeff530), handle(0x7fffd89fd700)
:3:hip_memory.cpp           :772 : 1568581695415 us:  [32m hipFree ( 0x7ffe62000000 ) [0m
:3:rocdevice.cpp            :2411: 1568581695657 us:  Device=0x6e3170, freeMem_ = 0xffa1cffdc
:3:hip_memory.cpp           :774 : 1568581695813 us:  hipFree: Returned hipSuccess : 
:3:hip_memory.cpp           :772 : 1568581695959 us:  [32m hipFree ( 0x7ffec4a27000 ) [0m
:3:rocdevice.cpp            :2411: 1568581696117 us:  Device=0x6e3170, freeMem_ = 0xffa1dffdc
:3:hip_memory.cpp           :774 : 1568581696217 us:  hipFree: Returned hipSuccess : 
:3:hip_memory.cpp           :772 : 1568581696335 us:  [32m hipFree ( 0x7ffe5ce00000 ) [0m
:3:rocdevice.cpp            :2411: 1568581696487 us:  Device=0x6e3170, freeMem_ = 0xffeffffdc
:3:hip_memory.cpp           :774 : 1568581696603 us:  hipFree: Returned hipSuccess : 
:3:hip_memory.cpp           :772 : 1568581696700 us:  [32m hipFree ( 0x7ffec4a00000 ) [0m
:3:rocdevice.cpp            :2411: 1568581696819 us:  Device=0x6e3170, freeMem_ = 0xfff000000
:3:hip_memory.cpp           :774 : 1568581696915 us:  hipFree: Returned hipSuccess : 
:3:hip_memory.cpp           :756 : 1568599232191 us:  [32m hipMalloc ( 0x7fffffff5c10, 491520000 ) [0m
:3:rocdevice.cpp            :2411: 1568599232919 us:  Device=0x6e3170, freeMem_ = 0xfe1b40000
:3:hip_memory.cpp           :758 : 1568599233244 us:  hipMalloc: Returned hipSuccess : 0x7ffdbc200000: duration: 1053 us
:3:hip_memory.cpp           :795 : 1568599233378 us:  [32m hipMemcpy ( 0x7ffdbc200000, 0x7ffe4eb3f010, 491520000, hipMemcpyHostToDevice ) [0m
:3:rocvirtual.hpp           :56  : 1568599234062 us:  Host active wait for Signal = (0x7fffd89ff680) for -1 ns
:3:rocvirtual.hpp           :56  : 1568599235793 us:  Host active wait for Signal = (0x7fffd89ff480) for -1 ns
:3:rocvirtual.hpp           :56  : 1568599237491 us:  Host active wait for Signal = (0x7fffd89fd900) for -1 ns
:3:rocvirtual.hpp           :56  : 1568599239133 us:  Host active wait for Signal = (0x7fffd89fe280) for -1 ns
:3:rocvirtual.hpp           :56  : 1568599240776 us:  Host active wait for Signal = (0x7fffd89fe300) for -1 ns
:3:rocvirtual.hpp           :56  : 1568599242424 us:  Host active wait for Signal = (0x7fffd89fe400) for -1 ns
:3:rocvirtual.hpp           :56  : 1568599244047 us:  Host active wait for Signal = (0x7fffd89ff380) for -1 ns
:3:rocvirtual.hpp           :56  : 1568599245664 us:  Host active wait for Signal = (0x7fffd89ff180) for -1 ns
:3:rocvirtual.hpp           :56  : 1568599247279 us:  Host active wait for Signal = (0x7fffd89fd980) for -1 ns
:3:rocvirtual.hpp           :56  : 1568599248894 us:  Host active wait for Signal = (0x7fffd89fe480) for -1 ns
:3:rocvirtual.hpp           :56  : 1568599250510 us:  Host active wait for Signal = (0x7fffd89fe500) for -1 ns
:3:rocvirtual.hpp           :56  : 1568599252132 us:  Host active wait for Signal = (0x7fffd89fe600) for -1 ns
:3:rocvirtual.hpp           :56  : 1568599253753 us:  Host active wait for Signal = (0x7fffd89fef80) for -1 ns
:3:rocvirtual.hpp           :56  : 1568599255372 us:  Host active wait for Signal = (0x7fffd89fda00) for -1 ns
:3:rocvirtual.hpp           :56  : 1568599256881 us:  Host active wait for Signal = (0x7fffd89fdb00) for -1 ns
:3:rocvirtual.cpp           :533 : 1568599257758 us:  Set Handler: handle(0x7fffd89fcd00), timestamp(0xe27ff0)
:3:rocvirtual.hpp           :56  : 1568599258090 us:  Host active wait for Signal = (0x7fffd89fcd00) for -1 ns
:3:hip_memory.cpp           :796 : 1568599258257 us:  hipMemcpy: Returned hipSuccess : : duration: 24879 us
:3:hip_memory.cpp           :756 : 1568599258400 us:  [32m hipMalloc ( 0x7fffffff5c08, 393216 ) [0m
:3:rocdevice.cpp            :2411: 1568599258569 us:  Device=0x6e3170, freeMem_ = 0xfe1ae0000
:3:hip_memory.cpp           :758 : 1568599258658 us:  hipMalloc: Returned hipSuccess : 0x7ffec4a27000: duration: 258 us
:3:hip_memory.cpp           :795 : 1568599258749 us:  [32m hipMemcpy ( 0x7ffec4a27000, 0xe840b0, 393216, hipMemcpyHostToDevice ) [0m
:3:rocvirtual.cpp           :226 : 1568599258111 us:  Handler: value(0), timestamp(0xf0fb70), handle(0x7fffd89fcd00)
:3:rocvirtual.cpp           :533 : 1568599259006 us:  Set Handler: handle(0x7fffd89fcc00), timestamp(0xef3f10)
:3:rocvirtual.hpp           :56  : 1568599259223 us:  Host active wait for Signal = (0x7fffd89fcc00) for -1 ns
:3:hip_memory.cpp           :796 : 1568599259325 us:  hipMemcpy: Returned hipSuccess : : duration: 576 us
:3:hip_memory.cpp           :756 : 1568599259394 us:  [32m hipMalloc ( 0x7fffffff5c00, 491520000 ) [0m
:3:rocvirtual.cpp           :226 : 1568599259230 us:  Handler: value(0), timestamp(0x73bfe0), handle(0x7fffd89fcc00)
:3:rocdevice.cpp            :2411: 1568599259518 us:  Device=0x6e3170, freeMem_ = 0xfc4620000
:3:hip_memory.cpp           :758 : 1568599259775 us:  hipMalloc: Returned hipSuccess : 0x7ffd9ea00000: duration: 381 us
:3:hip_memory.cpp           :756 : 1568599259896 us:  [32m hipMalloc ( 0x7fffffff5bf8, 36 ) [0m
:3:rocdevice.cpp            :2411: 1568599259993 us:  Device=0x6e3170, freeMem_ = 0xfc461ffdc
:3:hip_memory.cpp           :758 : 1568599260112 us:  hipMalloc: Returned hipSuccess : 0x7ffec4a00000: duration: 216 us
:3:hip_memory.cpp           :795 : 1568599260241 us:  [32m hipMemcpy ( 0x7ffec4a00000, 0x28ddc0, 36, hipMemcpyHostToDevice ) [0m
:3:rocvirtual.cpp           :762 : 1568599260487 us:  Arg0: uchar* src = ptr:0x7ffec5076200
:3:rocvirtual.cpp           :762 : 1568599260566 us:  Arg1: uchar* dst = ptr:0x7ffec4a00000
:3:rocvirtual.cpp           :853 : 1568599260664 us:  Arg2: ulong size = val:36
:3:rocvirtual.cpp           :853 : 1568599260767 us:  Arg3: uint remainder = val:4
:3:rocvirtual.cpp           :853 : 1568599260890 us:  Arg4: uint aligned_size = val:16
:3:rocvirtual.cpp           :853 : 1568599261008 us:  Arg5: ulong end_ptr = val:140732197240864
:3:rocvirtual.cpp           :853 : 1568599261117 us:  Arg6: uint next_chunk = val:512
:3:rocvirtual.cpp           :3236: 1568599261209 us:  ShaderName : __amd_rocclr_copyBuffer
:3:rocvirtual.cpp           :3449: 1568599261331 us:  KernargSegmentByteSize = 304 KernargSegmentAlignment = 128
:3:rocvirtual.cpp           :533 : 1568599261451 us:  Set Handler: handle(0x7fffd89fcc80), timestamp(0xf3ab00)
:3:rocvirtual.hpp           :56  : 1568599261576 us:  Host active wait for Signal = (0x7fffd89fcc80) for -1 ns
:3:hip_memory.cpp           :796 : 1568599261663 us:  hipMemcpy: Returned hipSuccess : : duration: 1422 us
:3:hip_memory.cpp           :3476: 1568599261755 us:  [32m hipMemset ( 0x7ffd9ea00000, 0, 491520000 ) [0m
:3:rocvirtual.cpp           :762 : 1568599261886 us:  Arg0: void* buf = ptr:0x7ffd9ea00000
:3:rocvirtual.cpp           :778 : 1568599262009 us:  Arg0: void* buf = ptr:0x7ffd9ea00000 obj:[0x7ffd9ea00000-0x7ffdbbec0000]
:3:rocvirtual.cpp           :762 : 1568599262099 us:  Arg1: uchar* pattern = ptr:0x7ffec5600200
:3:rocvirtual.cpp           :853 : 1568599262223 us:  Arg2: uint pattern_size = val:1
:3:rocvirtual.cpp           :853 : 1568599262303 us:  Arg3: uint alignment = val:16
:3:rocvirtual.cpp           :853 : 1568599262395 us:  Arg4: ulong end_ptr = val:140727756259328
:3:rocvirtual.cpp           :853 : 1568599262478 us:  Arg5: uint next_chunk = val:28160
:3:rocvirtual.cpp           :3236: 1568599262572 us:  ShaderName : __amd_rocclr_fillBufferAligned
:3:rocvirtual.cpp           :3449: 1568599262659 us:  KernargSegmentByteSize = 296 KernargSegmentAlignment = 128
:3:hip_memory.cpp           :3477: 1568599262748 us:  hipMemset: Returned hipSuccess : 
:3:hip_device_runtime.cpp   :641 : 1568599262831 us:  [32m hipDeviceSynchronize (  ) [0m
:3:rocvirtual.cpp           :533 : 1568599262930 us:  Set Handler: handle(0x7fffd89fcf80), timestamp(0xef3b70)
:3:rocvirtual.hpp           :56  : 1568599263011 us:  Host active wait for Signal = (0x7fffd89fcf80) for -1 ns
:3:rocvirtual.cpp           :226 : 1568599261586 us:  Handler: value(0), timestamp(0xef44f0), handle(0x7fffd89fcc80)
:3:hip_device_runtime.cpp   :645 : 1568599263213 us:  hipDeviceSynchronize: Returned hipSuccess : 
:3:hip_platform.cpp         :237 : 1568599263316 us:  [32m __hipPushCallConfiguration ( {8,1,1}, {128,1,1}, 0, stream:<null> ) [0m
:3:hip_platform.cpp         :241 : 1568599263489 us:  __hipPushCallConfiguration: Returned hipSuccess : 
:3:hip_platform.cpp         :246 : 1568599263574 us:  [32m __hipPopCallConfiguration ( {3964667986,32767,128}, {2118224,0,4294925536}, 0x7fffffff5a30, 0x7fffffff5a28 ) [0m
:3:hip_platform.cpp         :255 : 1568599263760 us:  __hipPopCallConfiguration: Returned hipSuccess : 
:3:rocvirtual.cpp           :226 : 1568599263237 us:  Handler: value(0), timestamp(0xe28860), handle(0x7fffd89fcf80)
:3:hip_module.cpp           :744 : 1568599263835 us:  [32m hipLaunchKernel ( 0x200fe0, {8,1,1}, {128,1,1}, 0x7fffffff59e0, 0, stream:<null> ) [0m
:3:rocvirtual.cpp           :762 : 1568599264145 us:  Arg0:   = ptr:0x7ffdbc200000
:3:rocvirtual.cpp           :778 : 1568599264213 us:  Arg0:   = ptr:0x7ffdbc200000 obj:[0x7ffdbc200000-0x7ffdd96c0000]
:3:rocvirtual.cpp           :762 : 1568599264292 us:  Arg1:   = ptr:0x7ffec4a27000
:3:rocvirtual.cpp           :778 : 1568599264361 us:  Arg1:   = ptr:0x7ffec4a27000 obj:[0x7ffec4a27000-0x7ffec4a87000]
:3:rocvirtual.cpp           :762 : 1568599264444 us:  Arg2:   = ptr:0x7ffd9ea00000
:3:rocvirtual.cpp           :778 : 1568599264522 us:  Arg2:   = ptr:0x7ffd9ea00000 obj:[0x7ffd9ea00000-0x7ffdbbec0000]
:3:rocvirtual.cpp           :853 : 1568599264586 us:  Arg3:   = val:12288
:3:rocvirtual.cpp           :762 : 1568599264653 us:  Arg4:   = ptr:0x7ffec4a00000
:3:rocvirtual.cpp           :778 : 1568599264715 us:  Arg4:   = ptr:0x7ffec4a00000 obj:[0x7ffec4a00000-0x7ffec4a00024]
:3:rocvirtual.cpp           :3236: 1568599264789 us:  ShaderName : void dense_esuhm<float>(float const*, float const*, float*, int, int const*)
:3:rocvirtual.cpp           :3449: 1568599264966 us:  KernargSegmentByteSize = 296 KernargSegmentAlignment = 128
:3:hip_module.cpp           :745 : 1568599265029 us:  hipLaunchKernel: Returned hipSuccess : : duration: 1194 us
:3:hip_device_runtime.cpp   :641 : 1568599265098 us:  [32m hipDeviceSynchronize (  ) [0m
:3:rocvirtual.cpp           :533 : 1568599265177 us:  Set Handler: handle(0x7fffd89fce80), timestamp(0xef41d0)
:3:rocvirtual.hpp           :56  : 1568599265256 us:  Host active wait for Signal = (0x7fffd89fce80) for -1 ns
:3:hip_device_runtime.cpp   :645 : 1568599266171 us:  hipDeviceSynchronize: Returned hipSuccess : 
:3:hip_memory.cpp           :795 : 1568599266247 us:  [32m hipMemcpy ( 0x7ffe3167e010, 0x7ffd9ea00000, 491520000, hipMemcpyDeviceToHost ) [0m
:3:rocvirtual.cpp           :226 : 1568599266173 us:  Handler: value(0), timestamp(0x9eedc0), handle(0x7fffd89fce80)
:3:rocvirtual.hpp           :56  : 1568599270415 us:  Host active wait for Signal = (0x7fffd89fdd00) for -1 ns
:3:rocvirtual.hpp           :56  : 1568599275668 us:  Host active wait for Signal = (0x7fffd89feb80) for -1 ns
:3:rocvirtual.hpp           :56  : 1568599280919 us:  Host active wait for Signal = (0x7fffd89fed80) for -1 ns
:3:rocvirtual.hpp           :56  : 1568599286175 us:  Host active wait for Signal = (0x7fffd89fe980) for -1 ns
:3:rocvirtual.hpp           :56  : 1568599291452 us:  Host active wait for Signal = (0x7fffd89fde00) for -1 ns
:3:rocvirtual.hpp           :56  : 1568599296706 us:  Host active wait for Signal = (0x7fffd89fde80) for -1 ns
:3:rocvirtual.hpp           :56  : 1568599301972 us:  Host active wait for Signal = (0x7fffd89fe700) for -1 ns
:3:rocvirtual.hpp           :56  : 1568599307226 us:  Host active wait for Signal = (0x7fffd89fe800) for -1 ns
:3:rocvirtual.hpp           :56  : 1568599312493 us:  Host active wait for Signal = (0x7fffd89fe880) for -1 ns
:3:rocvirtual.hpp           :56  : 1568599317625 us:  Host active wait for Signal = (0x7fffd89fe780) for -1 ns
:3:rocvirtual.hpp           :56  : 1568599322703 us:  Host active wait for Signal = (0x7fffd89fe580) for -1 ns
:3:rocvirtual.hpp           :56  : 1568599327774 us:  Host active wait for Signal = (0x7fffd89fdf00) for -1 ns
:3:rocvirtual.hpp           :56  : 1568599332864 us:  Host active wait for Signal = (0x7fffd89fe900) for -1 ns
:3:rocvirtual.hpp           :56  : 1568599337944 us:  Host active wait for Signal = (0x7fffd89fea00) for -1 ns
:3:rocvirtual.hpp           :56  : 1568599341668 us:  Host active wait for Signal = (0x7fffd89fea80) for -1 ns
:3:rocvirtual.cpp           :533 : 1568599342503 us:  Set Handler: handle(0x7fffd89fc680), timestamp(0xe0ad10)
:3:rocvirtual.hpp           :56  : 1568599342802 us:  Host active wait for Signal = (0x7fffd89fc680) for -1 ns
:3:hip_memory.cpp           :796 : 1568599342995 us:  hipMemcpy: Returned hipSuccess : : duration: 76748 us
:3:hip_memory.cpp           :3476: 1568599343074 us:  [32m hipMemset ( 0x7ffd9ea00000, 0, 491520000 ) [0m
:3:rocvirtual.cpp           :762 : 1568599343232 us:  Arg0: void* buf = ptr:0x7ffd9ea00000
:3:rocvirtual.cpp           :778 : 1568599343353 us:  Arg0: void* buf = ptr:0x7ffd9ea00000 obj:[0x7ffd9ea00000-0x7ffdbbec0000]
:3:rocvirtual.cpp           :762 : 1568599343474 us:  Arg1: uchar* pattern = ptr:0x7ffec5600000
:3:rocvirtual.cpp           :853 : 1568599343589 us:  Arg2: uint pattern_size = val:1
:3:rocvirtual.cpp           :853 : 1568599343743 us:  Arg3: uint alignment = val:16
:3:rocvirtual.cpp           :853 : 1568599343889 us:  Arg4: ulong end_ptr = val:140727756259328
:3:rocvirtual.cpp           :853 : 1568599344032 us:  Arg5: uint next_chunk = val:28160
:3:rocvirtual.cpp           :3236: 1568599344152 us:  ShaderName : __amd_rocclr_fillBufferAligned
:3:rocvirtual.cpp           :3449: 1568599344288 us:  KernargSegmentByteSize = 296 KernargSegmentAlignment = 128
:3:hip_memory.cpp           :3477: 1568599344377 us:  hipMemset: Returned hipSuccess : 
:3:hip_device_runtime.cpp   :641 : 1568599344529 us:  [32m hipDeviceSynchronize (  ) [0m
:3:rocvirtual.cpp           :533 : 1568599344619 us:  Set Handler: handle(0x7fffd89fc580), timestamp(0xd835e0)
:3:rocvirtual.hpp           :56  : 1568599344752 us:  Host active wait for Signal = (0x7fffd89fc580) for -1 ns
:3:hip_device_runtime.cpp   :645 : 1568599344834 us:  hipDeviceSynchronize: Returned hipSuccess : 
:3:hip_platform.cpp         :237 : 1568599344936 us:  [32m __hipPushCallConfiguration ( {8,1,1}, {128,1,1}, 0, stream:<null> ) [0m
:3:hip_platform.cpp         :241 : 1568599345102 us:  __hipPushCallConfiguration: Returned hipSuccess : 
:3:hip_platform.cpp         :246 : 1568599345221 us:  [32m __hipPopCallConfiguration ( {3964667986,32767,128}, {2118224,0,4294925536}, 0x7fffffff5a30, 0x7fffffff5a28 ) [0m
:3:hip_platform.cpp         :255 : 1568599345423 us:  __hipPopCallConfiguration: Returned hipSuccess : 
:3:hip_module.cpp           :744 : 1568599345560 us:  [32m hipLaunchKernel ( 0x200fe8, {8,1,1}, {128,1,1}, 0x7fffffff59e0, 0, stream:<null> ) [0m
:3:rocvirtual.cpp           :762 : 1568599345769 us:  Arg0:   = ptr:0x7ffdbc200000
:3:rocvirtual.cpp           :778 : 1568599345848 us:  Arg0:   = ptr:0x7ffdbc200000 obj:[0x7ffdbc200000-0x7ffdd96c0000]
:3:rocvirtual.cpp           :762 : 1568599345964 us:  Arg1:   = ptr:0x7ffec4a27000
:3:rocvirtual.cpp           :778 : 1568599346081 us:  Arg1:   = ptr:0x7ffec4a27000 obj:[0x7ffec4a27000-0x7ffec4a87000]
:3:rocvirtual.cpp           :762 : 1568599346165 us:  Arg2:   = ptr:0x7ffd9ea00000
:3:rocvirtual.cpp           :778 : 1568599346243 us:  Arg2:   = ptr:0x7ffd9ea00000 obj:[0x7ffd9ea00000-0x7ffdbbec0000]
:3:rocvirtual.cpp           :853 : 1568599346328 us:  Arg3:   = val:12288
:3:rocvirtual.cpp           :762 : 1568599346415 us:  Arg4:   = ptr:0x7ffec4a00000
:3:rocvirtual.cpp           :778 : 1568599346498 us:  Arg4:   = ptr:0x7ffec4a00000 obj:[0x7ffec4a00000-0x7ffec4a00024]
:3:rocvirtual.cpp           :3236: 1568599346576 us:  ShaderName : void dense_esuhm2<float>(float const*, float const*, float*, int, int const*)
:3:rocvirtual.cpp           :3449: 1568599346731 us:  KernargSegmentByteSize = 296 KernargSegmentAlignment = 128
:3:hip_module.cpp           :745 : 1568599346846 us:  hipLaunchKernel: Returned hipSuccess : : duration: 1286 us
:3:hip_device_runtime.cpp   :641 : 1568599346964 us:  [32m hipDeviceSynchronize (  ) [0m
:3:rocvirtual.cpp           :533 : 1568599347047 us:  Set Handler: handle(0x7fffd89fc600), timestamp(0xe0abc0)
:3:rocvirtual.hpp           :56  : 1568599347111 us:  Host active wait for Signal = (0x7fffd89fc600) for -1 ns
:3:rocvirtual.cpp           :226 : 1568599342818 us:  Handler: value(0), timestamp(0xf0fbe0), handle(0x7fffd89fc680)
:3:rocvirtual.cpp           :226 : 1568599347299 us:  Handler: value(0), timestamp(0xe0ab10), handle(0x7fffd89fc580)
:3:hip_device_runtime.cpp   :645 : 1568599347810 us:  hipDeviceSynchronize: Returned hipSuccess : 
:3:hip_memory.cpp           :795 : 1568599347902 us:  [32m hipMemcpy ( 0x7ffe141bd010, 0x7ffd9ea00000, 491520000, hipMemcpyDeviceToHost ) [0m
:3:rocvirtual.cpp           :226 : 1568599347811 us:  Handler: value(0), timestamp(0xe28100), handle(0x7fffd89fc600)
:3:rocvirtual.hpp           :56  : 1568599351932 us:  Host active wait for Signal = (0x7fffd89fe080) for -1 ns
:3:rocvirtual.hpp           :56  : 1568599357062 us:  Host active wait for Signal = (0x7fffd89fe000) for -1 ns
:3:rocvirtual.hpp           :56  : 1568599362178 us:  Host active wait for Signal = (0x7fffd89fe380) for -1 ns
:3:rocvirtual.hpp           :56  : 1568599367311 us:  Host active wait for Signal = (0x7fffd89fe180) for -1 ns
:3:rocvirtual.hpp           :56  : 1568599372422 us:  Host active wait for Signal = (0x7fffd89fdf80) for -1 ns
:3:rocvirtual.hpp           :56  : 1568599377567 us:  Host active wait for Signal = (0x7fffd89fe100) for -1 ns
:3:rocvirtual.hpp           :56  : 1568599382651 us:  Host active wait for Signal = (0x7fffd89feb00) for -1 ns
:3:rocvirtual.hpp           :56  : 1568599387727 us:  Host active wait for Signal = (0x7fffd89fec00) for -1 ns
:3:rocvirtual.hpp           :56  : 1568599392791 us:  Host active wait for Signal = (0x7fffd89fec80) for -1 ns
:3:rocvirtual.hpp           :56  : 1568599397868 us:  Host active wait for Signal = (0x7fffd89fdd80) for -1 ns
:3:rocvirtual.hpp           :56  : 1568599402936 us:  Host active wait for Signal = (0x7fffd89fdc80) for -1 ns
:3:rocvirtual.hpp           :56  : 1568599407985 us:  Host active wait for Signal = (0x7fffd89fdc00) for -1 ns
:3:rocvirtual.hpp           :56  : 1568599413040 us:  Host active wait for Signal = (0x7fffd89fed00) for -1 ns
:3:rocvirtual.hpp           :56  : 1568599418107 us:  Host active wait for Signal = (0x7fffd89fee00) for -1 ns
:3:rocvirtual.hpp           :56  : 1568599421845 us:  Host active wait for Signal = (0x7fffd89fee80) for -1 ns
:3:rocvirtual.cpp           :533 : 1568599422682 us:  Set Handler: handle(0x7fffd89fc280), timestamp(0xd836b0)
:3:rocvirtual.hpp           :56  : 1568599422884 us:  Host active wait for Signal = (0x7fffd89fc280) for -1 ns
:3:hip_memory.cpp           :796 : 1568599423014 us:  hipMemcpy: Returned hipSuccess : : duration: 75112 us
:3:hip_memory.cpp           :3476: 1568599423189 us:  [32m hipMemset ( 0x7ffd9ea00000, 0, 491520000 ) [0m
:3:rocvirtual.cpp           :762 : 1568599423291 us:  Arg0: void* buf = ptr:0x7ffd9ea00000
:3:rocvirtual.cpp           :778 : 1568599423435 us:  Arg0: void* buf = ptr:0x7ffd9ea00000 obj:[0x7ffd9ea00000-0x7ffdbbec0000]
:3:rocvirtual.cpp           :762 : 1568599423512 us:  Arg1: uchar* pattern = ptr:0x7ffec5600000
:3:rocvirtual.cpp           :853 : 1568599423635 us:  Arg2: uint pattern_size = val:1
:3:rocvirtual.cpp           :853 : 1568599423780 us:  Arg3: uint alignment = val:16
:3:rocvirtual.cpp           :853 : 1568599423937 us:  Arg4: ulong end_ptr = val:140727756259328
:3:rocvirtual.cpp           :853 : 1568599424047 us:  Arg5: uint next_chunk = val:28160
:3:rocvirtual.cpp           :3236: 1568599424168 us:  ShaderName : __amd_rocclr_fillBufferAligned
:3:rocvirtual.cpp           :3449: 1568599424284 us:  KernargSegmentByteSize = 296 KernargSegmentAlignment = 128
:3:hip_memory.cpp           :3477: 1568599424445 us:  hipMemset: Returned hipSuccess : 
:3:hip_device_runtime.cpp   :641 : 1568599424518 us:  [32m hipDeviceSynchronize (  ) [0m
:3:rocvirtual.cpp           :533 : 1568599424677 us:  Set Handler: handle(0x7fffd89fc000), timestamp(0x28daa0)
:3:rocvirtual.hpp           :56  : 1568599424775 us:  Host active wait for Signal = (0x7fffd89fc000) for -1 ns
:3:hip_device_runtime.cpp   :645 : 1568599424910 us:  hipDeviceSynchronize: Returned hipSuccess : 
:3:hip_platform.cpp         :237 : 1568599424993 us:  [32m __hipPushCallConfiguration ( {8,1,1}, {128,1,1}, 0, stream:<null> ) [0m
:3:hip_platform.cpp         :241 : 1568599425157 us:  __hipPushCallConfiguration: Returned hipSuccess : 
:3:hip_platform.cpp         :246 : 1568599425243 us:  [32m __hipPopCallConfiguration ( {3964667986,32767,128}, {2118224,0,4294925536}, 0x7fffffff5a30, 0x7fffffff5a28 ) [0m
:3:hip_platform.cpp         :255 : 1568599425482 us:  __hipPopCallConfiguration: Returned hipSuccess : 
:3:hip_module.cpp           :744 : 1568599425574 us:  [32m hipLaunchKernel ( 0x200ff0, {8,1,1}, {128,1,1}, 0x7fffffff59e0, 0, stream:<null> ) [0m
:3:rocvirtual.cpp           :762 : 1568599425790 us:  Arg0:   = ptr:0x7ffdbc200000
:3:rocvirtual.cpp           :778 : 1568599425874 us:  Arg0:   = ptr:0x7ffdbc200000 obj:[0x7ffdbc200000-0x7ffdd96c0000]
:3:rocvirtual.cpp           :762 : 1568599425954 us:  Arg1:   = ptr:0x7ffec4a27000
:3:rocvirtual.cpp           :778 : 1568599426072 us:  Arg1:   = ptr:0x7ffec4a27000 obj:[0x7ffec4a27000-0x7ffec4a87000]
:3:rocvirtual.cpp           :762 : 1568599426188 us:  Arg2:   = ptr:0x7ffd9ea00000
:3:rocvirtual.cpp           :778 : 1568599426270 us:  Arg2:   = ptr:0x7ffd9ea00000 obj:[0x7ffd9ea00000-0x7ffdbbec0000]
:3:rocvirtual.cpp           :853 : 1568599426349 us:  Arg3:   = val:12288
:3:rocvirtual.cpp           :762 : 1568599426437 us:  Arg4:   = ptr:0x7ffec4a00000
:3:rocvirtual.cpp           :778 : 1568599426532 us:  Arg4:   = ptr:0x7ffec4a00000 obj:[0x7ffec4a00000-0x7ffec4a00024]
:3:rocvirtual.cpp           :3236: 1568599426615 us:  ShaderName : void dense_esuhm3<float>(float const*, float const*, float*, int, int const*)
:3:rocvirtual.cpp           :3449: 1568599426759 us:  KernargSegmentByteSize = 296 KernargSegmentAlignment = 128
:3:hip_module.cpp           :745 : 1568599426837 us:  hipLaunchKernel: Returned hipSuccess : : duration: 1263 us
:3:hip_device_runtime.cpp   :641 : 1568599426959 us:  [32m hipDeviceSynchronize (  ) [0m
:3:rocvirtual.cpp           :533 : 1568599427078 us:  Set Handler: handle(0x7fffd89fc080), timestamp(0xeff390)
:3:rocvirtual.hpp           :56  : 1568599427161 us:  Host active wait for Signal = (0x7fffd89fc080) for -1 ns
:3:rocvirtual.cpp           :226 : 1568599422900 us:  Handler: value(0), timestamp(0x732010), handle(0x7fffd89fc280)
:3:rocvirtual.cpp           :226 : 1568599427337 us:  Handler: value(0), timestamp(0xeff640), handle(0x7fffd89fc000)
:3:hip_device_runtime.cpp   :645 : 1568599428700 us:  hipDeviceSynchronize: Returned hipSuccess : 
:3:hip_memory.cpp           :795 : 1568599428811 us:  [32m hipMemcpy ( 0x7ffdf6cfc010, 0x7ffd9ea00000, 491520000, hipMemcpyDeviceToHost ) [0m
:3:rocvirtual.cpp           :226 : 1568599428700 us:  Handler: value(0), timestamp(0xd0b230), handle(0x7fffd89fc080)
:3:rocvirtual.hpp           :56  : 1568599432861 us:  Host active wait for Signal = (0x7fffd89fe200) for -1 ns
:3:rocvirtual.hpp           :56  : 1568599438000 us:  Host active wait for Signal = (0x7fffd89fdb80) for -1 ns
:3:rocvirtual.hpp           :56  : 1568599443131 us:  Host active wait for Signal = (0x7fffd89fda80) for -1 ns
:3:rocvirtual.hpp           :56  : 1568599448256 us:  Host active wait for Signal = (0x7fffd89fd880) for -1 ns
:3:rocvirtual.hpp           :56  : 1568599453393 us:  Host active wait for Signal = (0x7fffd89ff780) for -1 ns
:3:rocvirtual.hpp           :56  : 1568599458483 us:  Host active wait for Signal = (0x7fffd89ff800) for -1 ns
:3:rocvirtual.hpp           :56  : 1568599463537 us:  Host active wait for Signal = (0x7fffd89fef00) for -1 ns
:3:rocvirtual.hpp           :56  : 1568599468599 us:  Host active wait for Signal = (0x7fffd89ff680) for -1 ns
:3:rocvirtual.hpp           :56  : 1568599473631 us:  Host active wait for Signal = (0x7fffd89ff480) for -1 ns
:3:rocvirtual.hpp           :56  : 1568599478682 us:  Host active wait for Signal = (0x7fffd89fd900) for -1 ns
:3:rocvirtual.hpp           :56  : 1568599483735 us:  Host active wait for Signal = (0x7fffd89fe280) for -1 ns
:3:rocvirtual.hpp           :56  : 1568599488782 us:  Host active wait for Signal = (0x7fffd89fe300) for -1 ns
:3:rocvirtual.hpp           :56  : 1568599493834 us:  Host active wait for Signal = (0x7fffd89fe400) for -1 ns
:3:rocvirtual.hpp           :56  : 1568599498859 us:  Host active wait for Signal = (0x7fffd89ff380) for -1 ns
:3:rocvirtual.hpp           :56  : 1568599502580 us:  Host active wait for Signal = (0x7fffd89ff180) for -1 ns
:3:rocvirtual.cpp           :533 : 1568599503417 us:  Set Handler: handle(0x7fffd89fd700), timestamp(0xe22dd0)
:3:rocvirtual.hpp           :56  : 1568599503575 us:  Host active wait for Signal = (0x7fffd89fd700) for -1 ns
:3:hip_memory.cpp           :796 : 1568599503773 us:  hipMemcpy: Returned hipSuccess : : duration: 74962 us
:3:rocvirtual.cpp           :226 : 1568599503592 us:  Handler: value(0), timestamp(0x6e97a0), handle(0x7fffd89fd700)
:3:hip_memory.cpp           :3476: 1568599795909 us:  [32m hipMemset ( 0x7ffd9ea00000, 0, 491520000 ) [0m
:3:rocvirtual.cpp           :762 : 1568599796266 us:  Arg0: void* buf = ptr:0x7ffd9ea00000
:3:rocvirtual.cpp           :778 : 1568599796467 us:  Arg0: void* buf = ptr:0x7ffd9ea00000 obj:[0x7ffd9ea00000-0x7ffdbbec0000]
:3:rocvirtual.cpp           :762 : 1568599796637 us:  Arg1: uchar* pattern = ptr:0x7ffec5600000
:3:rocvirtual.cpp           :853 : 1568599796829 us:  Arg2: uint pattern_size = val:1
:3:rocvirtual.cpp           :853 : 1568599796973 us:  Arg3: uint alignment = val:16
:3:rocvirtual.cpp           :853 : 1568599797169 us:  Arg4: ulong end_ptr = val:140727756259328
:3:rocvirtual.cpp           :853 : 1568599797321 us:  Arg5: uint next_chunk = val:28160
:3:rocvirtual.cpp           :3236: 1568599797473 us:  ShaderName : __amd_rocclr_fillBufferAligned
:3:rocvirtual.cpp           :3449: 1568599797598 us:  KernargSegmentByteSize = 296 KernargSegmentAlignment = 128
:3:hip_memory.cpp           :3477: 1568599797738 us:  hipMemset: Returned hipSuccess : 
:3:hip_device_runtime.cpp   :641 : 1568599797827 us:  [32m hipDeviceSynchronize (  ) [0m
:3:rocvirtual.cpp           :533 : 1568599797996 us:  Set Handler: handle(0x7fffd89fbf00), timestamp(0xdcec80)
:3:rocvirtual.hpp           :56  : 1568599798081 us:  Host active wait for Signal = (0x7fffd89fbf00) for -1 ns
:3:hip_device_runtime.cpp   :645 : 1568599798227 us:  hipDeviceSynchronize: Returned hipSuccess : 
:3:hip_platform.cpp         :237 : 1568599798309 us:  [32m __hipPushCallConfiguration ( {8,1,1}, {256,1,1}, 0, stream:<null> ) [0m
:3:hip_platform.cpp         :241 : 1568599798505 us:  __hipPushCallConfiguration: Returned hipSuccess : 
:3:hip_platform.cpp         :246 : 1568599798594 us:  [32m __hipPopCallConfiguration ( {3964667986,32767,256}, {2118224,0,4294925536}, 0x7fffffff5a30, 0x7fffffff5a28 ) [0m
:3:hip_platform.cpp         :255 : 1568599798835 us:  __hipPopCallConfiguration: Returned hipSuccess : 
:3:rocvirtual.cpp           :226 : 1568599798205 us:  Handler: value(0), timestamp(0xeff530), handle(0x7fffd89fbf00)
:3:hip_module.cpp           :744 : 1568599798928 us:  [32m hipLaunchKernel ( 0x200fe0, {8,1,1}, {256,1,1}, 0x7fffffff59e0, 0, stream:<null> ) [0m
:3:rocvirtual.cpp           :762 : 1568599799271 us:  Arg0:   = ptr:0x7ffdbc200000
:3:rocvirtual.cpp           :778 : 1568599799349 us:  Arg0:   = ptr:0x7ffdbc200000 obj:[0x7ffdbc200000-0x7ffdd96c0000]
:3:rocvirtual.cpp           :762 : 1568599799449 us:  Arg1:   = ptr:0x7ffec4a27000
:3:rocvirtual.cpp           :778 : 1568599799584 us:  Arg1:   = ptr:0x7ffec4a27000 obj:[0x7ffec4a27000-0x7ffec4a87000]
:3:rocvirtual.cpp           :762 : 1568599799707 us:  Arg2:   = ptr:0x7ffd9ea00000
:3:rocvirtual.cpp           :778 : 1568599799807 us:  Arg2:   = ptr:0x7ffd9ea00000 obj:[0x7ffd9ea00000-0x7ffdbbec0000]
:3:rocvirtual.cpp           :853 : 1568599799895 us:  Arg3:   = val:12288
:3:rocvirtual.cpp           :762 : 1568599799993 us:  Arg4:   = ptr:0x7ffec4a00000
:3:rocvirtual.cpp           :778 : 1568599800079 us:  Arg4:   = ptr:0x7ffec4a00000 obj:[0x7ffec4a00000-0x7ffec4a00024]
:3:rocvirtual.cpp           :3236: 1568599800194 us:  ShaderName : void dense_esuhm<float>(float const*, float const*, float*, int, int const*)
:3:rocvirtual.cpp           :3449: 1568599800350 us:  KernargSegmentByteSize = 296 KernargSegmentAlignment = 128
:3:hip_module.cpp           :745 : 1568599800479 us:  hipLaunchKernel: Returned hipSuccess : : duration: 1551 us
:3:hip_device_runtime.cpp   :641 : 1568599800597 us:  [32m hipDeviceSynchronize (  ) [0m
:3:rocvirtual.cpp           :533 : 1568599800683 us:  Set Handler: handle(0x7fffd89fbe80), timestamp(0xc93900)
:3:rocvirtual.hpp           :56  : 1568599800760 us:  Host active wait for Signal = (0x7fffd89fbe80) for -1 ns
:3:hip_device_runtime.cpp   :645 : 1568599801194 us:  hipDeviceSynchronize: Returned hipSuccess : 
:3:hip_memory.cpp           :795 : 1568599801295 us:  [32m hipMemcpy ( 0x7ffe3167e010, 0x7ffd9ea00000, 491520000, hipMemcpyDeviceToHost ) [0m
:3:rocvirtual.cpp           :226 : 1568599801196 us:  Handler: value(0), timestamp(0xc93830), handle(0x7fffd89fbe80)
:3:rocvirtual.hpp           :56  : 1568599801495 us:  Host active wait for Signal = (0x7fffd89fe600) for -1 ns
:3:rocvirtual.hpp           :56  : 1568599802777 us:  Host active wait for Signal = (0x7fffd89fef80) for -1 ns
:3:rocvirtual.hpp           :56  : 1568599804053 us:  Host active wait for Signal = (0x7fffd89fda00) for -1 ns
:3:rocvirtual.hpp           :56  : 1568599805331 us:  Host active wait for Signal = (0x7fffd89fdb00) for -1 ns
:3:rocvirtual.hpp           :56  : 1568599806606 us:  Host active wait for Signal = (0x7fffd89fe500) for -1 ns
:3:rocvirtual.hpp           :56  : 1568599807883 us:  Host active wait for Signal = (0x7fffd89fe680) for -1 ns
:3:rocvirtual.hpp           :56  : 1568599809159 us:  Host active wait for Signal = (0x7fffd89fe480) for -1 ns
:3:rocvirtual.hpp           :56  : 1568599810437 us:  Host active wait for Signal = (0x7fffd89fd980) for -1 ns
:3:rocvirtual.hpp           :56  : 1568599811713 us:  Host active wait for Signal = (0x7fffd89ff000) for -1 ns
:3:rocvirtual.hpp           :56  : 1568599812989 us:  Host active wait for Signal = (0x7fffd89ff080) for -1 ns
:3:rocvirtual.hpp           :56  : 1568599814264 us:  Host active wait for Signal = (0x7fffd89fdd00) for -1 ns
:3:rocvirtual.hpp           :56  : 1568599815540 us:  Host active wait for Signal = (0x7fffd89feb80) for -1 ns
:3:rocvirtual.hpp           :56  : 1568599816816 us:  Host active wait for Signal = (0x7fffd89fed80) for -1 ns
:3:rocvirtual.hpp           :56  : 1568599818092 us:  Host active wait for Signal = (0x7fffd89fe980) for -1 ns
:3:rocvirtual.hpp           :56  : 1568599819367 us:  Host active wait for Signal = (0x7fffd89fde00) for -1 ns
:3:rocvirtual.cpp           :533 : 1568599820199 us:  Set Handler: handle(0x7fffd89fce80), timestamp(0xef41d0)
:3:rocvirtual.hpp           :56  : 1568599820351 us:  Host active wait for Signal = (0x7fffd89fce80) for -1 ns
:3:hip_memory.cpp           :796 : 1568599820480 us:  hipMemcpy: Returned hipSuccess : : duration: 19185 us
:3:hip_memory.cpp           :3476: 1568599820658 us:  [32m hipMemset ( 0x7ffd9ea00000, 0, 491520000 ) [0m
:3:rocvirtual.cpp           :762 : 1568599820838 us:  Arg0: void* buf = ptr:0x7ffd9ea00000
:3:rocvirtual.cpp           :778 : 1568599820969 us:  Arg0: void* buf = ptr:0x7ffd9ea00000 obj:[0x7ffd9ea00000-0x7ffdbbec0000]
:3:rocvirtual.cpp           :762 : 1568599821059 us:  Arg1: uchar* pattern = ptr:0x7ffec5600000
:3:rocvirtual.cpp           :853 : 1568599821185 us:  Arg2: uint pattern_size = val:1
:3:rocvirtual.cpp           :853 : 1568599821304 us:  Arg3: uint alignment = val:16
:3:rocvirtual.cpp           :853 : 1568599821428 us:  Arg4: ulong end_ptr = val:140727756259328
:3:rocvirtual.cpp           :853 : 1568599821527 us:  Arg5: uint next_chunk = val:28160
:3:rocvirtual.cpp           :3236: 1568599821635 us:  ShaderName : __amd_rocclr_fillBufferAligned
:3:rocvirtual.cpp           :3449: 1568599821722 us:  KernargSegmentByteSize = 296 KernargSegmentAlignment = 128
:3:hip_memory.cpp           :3477: 1568599821818 us:  hipMemset: Returned hipSuccess : 
:3:hip_device_runtime.cpp   :641 : 1568599821937 us:  [32m hipDeviceSynchronize (  ) [0m
:3:rocvirtual.cpp           :533 : 1568599822041 us:  Set Handler: handle(0x7fffd89fcf80), timestamp(0xef3b70)
:3:rocvirtual.hpp           :56  : 1568599822108 us:  Host active wait for Signal = (0x7fffd89fcf80) for -1 ns
:3:rocvirtual.cpp           :226 : 1568599820364 us:  Handler: value(0), timestamp(0xe28860), handle(0x7fffd89fce80)
:3:hip_device_runtime.cpp   :645 : 1568599822282 us:  hipDeviceSynchronize: Returned hipSuccess : 
:3:hip_platform.cpp         :237 : 1568599822430 us:  [32m __hipPushCallConfiguration ( {8,1,1}, {256,1,1}, 0, stream:<null> ) [0m
:3:hip_platform.cpp         :241 : 1568599822580 us:  __hipPushCallConfiguration: Returned hipSuccess : 
:3:hip_platform.cpp         :246 : 1568599822677 us:  [32m __hipPopCallConfiguration ( {3964667986,32767,256}, {2118224,0,4294925536}, 0x7fffffff5a30, 0x7fffffff5a28 ) [0m
:3:hip_platform.cpp         :255 : 1568599822845 us:  __hipPopCallConfiguration: Returned hipSuccess : 
:3:hip_module.cpp           :744 : 1568599822940 us:  [32m hipLaunchKernel ( 0x200fe8, {8,1,1}, {256,1,1}, 0x7fffffff59e0, 0, stream:<null> ) [0m
:3:rocvirtual.cpp           :762 : 1568599823099 us:  Arg0:   = ptr:0x7ffdbc200000
:3:rocvirtual.cpp           :778 : 1568599823187 us:  Arg0:   = ptr:0x7ffdbc200000 obj:[0x7ffdbc200000-0x7ffdd96c0000]
:3:rocvirtual.cpp           :762 : 1568599823277 us:  Arg1:   = ptr:0x7ffec4a27000
:3:rocvirtual.cpp           :778 : 1568599823347 us:  Arg1:   = ptr:0x7ffec4a27000 obj:[0x7ffec4a27000-0x7ffec4a87000]
:3:rocvirtual.cpp           :762 : 1568599823443 us:  Arg2:   = ptr:0x7ffd9ea00000
:3:rocvirtual.cpp           :778 : 1568599823526 us:  Arg2:   = ptr:0x7ffd9ea00000 obj:[0x7ffd9ea00000-0x7ffdbbec0000]
:3:rocvirtual.cpp           :853 : 1568599823635 us:  Arg3:   = val:12288
:3:rocvirtual.cpp           :762 : 1568599823749 us:  Arg4:   = ptr:0x7ffec4a00000
:3:rocvirtual.cpp           :778 : 1568599823880 us:  Arg4:   = ptr:0x7ffec4a00000 obj:[0x7ffec4a00000-0x7ffec4a00024]
:3:rocvirtual.cpp           :3236: 1568599823984 us:  ShaderName : void dense_esuhm2<float>(float const*, float const*, float*, int, int const*)
:3:rocvirtual.cpp           :3449: 1568599824148 us:  KernargSegmentByteSize = 296 KernargSegmentAlignment = 128
:3:hip_module.cpp           :745 : 1568599824241 us:  hipLaunchKernel: Returned hipSuccess : : duration: 1301 us
:3:hip_device_runtime.cpp   :641 : 1568599824346 us:  [32m hipDeviceSynchronize (  ) [0m
:3:rocvirtual.cpp           :533 : 1568599824470 us:  Set Handler: handle(0x7fffd89fcc80), timestamp(0xf3ab00)
:3:rocvirtual.hpp           :56  : 1568599824595 us:  Host active wait for Signal = (0x7fffd89fcc80) for -1 ns
:3:rocvirtual.cpp           :226 : 1568599822329 us:  Handler: value(0), timestamp(0xef44f0), handle(0x7fffd89fcf80)
:3:hip_device_runtime.cpp   :645 : 1568599824803 us:  hipDeviceSynchronize: Returned hipSuccess : 
:3:rocvirtual.cpp           :226 : 1568599824804 us:  Handler: value(0), timestamp(0x73bfe0), handle(0x7fffd89fcc80)
:3:hip_memory.cpp           :795 : 1568599824921 us:  [32m hipMemcpy ( 0x7ffe141bd010, 0x7ffd9ea00000, 491520000, hipMemcpyDeviceToHost ) [0m
:3:rocvirtual.hpp           :56  : 1568599825201 us:  Host active wait for Signal = (0x7fffd89fe880) for -1 ns
:3:rocvirtual.hpp           :56  : 1568599826482 us:  Host active wait for Signal = (0x7fffd89fe780) for -1 ns
:3:rocvirtual.hpp           :56  : 1568599827758 us:  Host active wait for Signal = (0x7fffd89fe580) for -1 ns
:3:rocvirtual.hpp           :56  : 1568599829035 us:  Host active wait for Signal = (0x7fffd89fdf00) for -1 ns
:3:rocvirtual.hpp           :56  : 1568599830311 us:  Host active wait for Signal = (0x7fffd89fe900) for -1 ns
:3:rocvirtual.hpp           :56  : 1568599831586 us:  Host active wait for Signal = (0x7fffd89fea00) for -1 ns
:3:rocvirtual.hpp           :56  : 1568599832863 us:  Host active wait for Signal = (0x7fffd89fea80) for -1 ns
:3:rocvirtual.hpp           :56  : 1568599834139 us:  Host active wait for Signal = (0x7fffd89fe800) for -1 ns
:3:rocvirtual.hpp           :56  : 1568599835415 us:  Host active wait for Signal = (0x7fffd89fe700) for -1 ns
:3:rocvirtual.hpp           :56  : 1568599836691 us:  Host active wait for Signal = (0x7fffd89fde80) for -1 ns
:3:rocvirtual.hpp           :56  : 1568599837966 us:  Host active wait for Signal = (0x7fffd89fe080) for -1 ns
:3:rocvirtual.hpp           :56  : 1568599839241 us:  Host active wait for Signal = (0x7fffd89fe000) for -1 ns
:3:rocvirtual.hpp           :56  : 1568599840516 us:  Host active wait for Signal = (0x7fffd89fe380) for -1 ns
:3:rocvirtual.hpp           :56  : 1568599841791 us:  Host active wait for Signal = (0x7fffd89fe180) for -1 ns
:3:rocvirtual.hpp           :56  : 1568599843067 us:  Host active wait for Signal = (0x7fffd89fdf80) for -1 ns
:3:rocvirtual.cpp           :533 : 1568599843897 us:  Set Handler: handle(0x7fffd89fc600), timestamp(0xe0abc0)
:3:rocvirtual.hpp           :56  : 1568599844245 us:  Host active wait for Signal = (0x7fffd89fc600) for -1 ns
:3:hip_memory.cpp           :796 : 1568599844375 us:  hipMemcpy: Returned hipSuccess : : duration: 19454 us
:3:hip_memory.cpp           :3476: 1568599844496 us:  [32m hipMemset ( 0x7ffd9ea00000, 0, 491520000 ) [0m
:3:rocvirtual.cpp           :762 : 1568599844638 us:  Arg0: void* buf = ptr:0x7ffd9ea00000
:3:rocvirtual.cpp           :778 : 1568599844761 us:  Arg0: void* buf = ptr:0x7ffd9ea00000 obj:[0x7ffd9ea00000-0x7ffdbbec0000]
:3:rocvirtual.cpp           :762 : 1568599844881 us:  Arg1: uchar* pattern = ptr:0x7ffec5600000
:3:rocvirtual.cpp           :853 : 1568599844975 us:  Arg2: uint pattern_size = val:1
:3:rocvirtual.cpp           :853 : 1568599845079 us:  Arg3: uint alignment = val:16
:3:rocvirtual.cpp           :853 : 1568599845170 us:  Arg4: ulong end_ptr = val:140727756259328
:3:rocvirtual.cpp           :853 : 1568599845289 us:  Arg5: uint next_chunk = val:28160
:3:rocvirtual.cpp           :3236: 1568599845393 us:  ShaderName : __amd_rocclr_fillBufferAligned
:3:rocvirtual.cpp           :3449: 1568599845481 us:  KernargSegmentByteSize = 296 KernargSegmentAlignment = 128
:3:hip_memory.cpp           :3477: 1568599845554 us:  hipMemset: Returned hipSuccess : 
:3:hip_device_runtime.cpp   :641 : 1568599845640 us:  [32m hipDeviceSynchronize (  ) [0m
:3:rocvirtual.cpp           :533 : 1568599845761 us:  Set Handler: handle(0x7fffd89fc580), timestamp(0xd835e0)
:3:rocvirtual.hpp           :56  : 1568599845864 us:  Host active wait for Signal = (0x7fffd89fc580) for -1 ns
:3:rocvirtual.cpp           :226 : 1568599844258 us:  Handler: value(0), timestamp(0x73bfe0), handle(0x7fffd89fc600)
:3:hip_device_runtime.cpp   :645 : 1568599846008 us:  hipDeviceSynchronize: Returned hipSuccess : 
:3:hip_platform.cpp         :237 : 1568599846171 us:  [32m __hipPushCallConfiguration ( {8,1,1}, {256,1,1}, 0, stream:<null> ) [0m
:3:hip_platform.cpp         :241 : 1568599846339 us:  __hipPushCallConfiguration: Returned hipSuccess : 
:3:hip_platform.cpp         :246 : 1568599846418 us:  [32m __hipPopCallConfiguration ( {3964667986,32767,256}, {2118224,0,4294925536}, 0x7fffffff5a30, 0x7fffffff5a28 ) [0m
:3:hip_platform.cpp         :255 : 1568599846575 us:  __hipPopCallConfiguration: Returned hipSuccess : 
:3:hip_module.cpp           :744 : 1568599846667 us:  [32m hipLaunchKernel ( 0x200ff0, {8,1,1}, {256,1,1}, 0x7fffffff59e0, 0, stream:<null> ) [0m
:3:rocvirtual.cpp           :762 : 1568599846852 us:  Arg0:   = ptr:0x7ffdbc200000
:3:rocvirtual.cpp           :778 : 1568599846924 us:  Arg0:   = ptr:0x7ffdbc200000 obj:[0x7ffdbc200000-0x7ffdd96c0000]
:3:rocvirtual.cpp           :762 : 1568599847013 us:  Arg1:   = ptr:0x7ffec4a27000
:3:rocvirtual.cpp           :778 : 1568599847083 us:  Arg1:   = ptr:0x7ffec4a27000 obj:[0x7ffec4a27000-0x7ffec4a87000]
:3:rocvirtual.cpp           :762 : 1568599847183 us:  Arg2:   = ptr:0x7ffd9ea00000
:3:rocvirtual.cpp           :778 : 1568599847282 us:  Arg2:   = ptr:0x7ffd9ea00000 obj:[0x7ffd9ea00000-0x7ffdbbec0000]
:3:rocvirtual.cpp           :853 : 1568599847354 us:  Arg3:   = val:12288
:3:rocvirtual.cpp           :762 : 1568599847430 us:  Arg4:   = ptr:0x7ffec4a00000
:3:rocvirtual.cpp           :778 : 1568599847527 us:  Arg4:   = ptr:0x7ffec4a00000 obj:[0x7ffec4a00000-0x7ffec4a00024]
:3:rocvirtual.cpp           :3236: 1568599847620 us:  ShaderName : void dense_esuhm3<float>(float const*, float const*, float*, int, int const*)
:3:rocvirtual.cpp           :3449: 1568599847769 us:  KernargSegmentByteSize = 296 KernargSegmentAlignment = 128
:3:hip_module.cpp           :745 : 1568599847849 us:  hipLaunchKernel: Returned hipSuccess : : duration: 1182 us
:3:hip_device_runtime.cpp   :641 : 1568599847970 us:  [32m hipDeviceSynchronize (  ) [0m
:3:rocvirtual.cpp           :533 : 1568599848084 us:  Set Handler: handle(0x7fffd89fc680), timestamp(0xe0ad10)
:3:rocvirtual.hpp           :56  : 1568599848172 us:  Host active wait for Signal = (0x7fffd89fc680) for -1 ns
:3:rocvirtual.cpp           :226 : 1568599846082 us:  Handler: value(0), timestamp(0xe0ab10), handle(0x7fffd89fc580)
:3:hip_device_runtime.cpp   :645 : 1568599848924 us:  hipDeviceSynchronize: Returned hipSuccess : 
:3:hip_memory.cpp           :795 : 1568599849013 us:  [32m hipMemcpy ( 0x7ffdf6cfc010, 0x7ffd9ea00000, 491520000, hipMemcpyDeviceToHost ) [0m
:3:rocvirtual.cpp           :226 : 1568599848925 us:  Handler: value(0), timestamp(0xf0fbe0), handle(0x7fffd89fc680)
:3:rocvirtual.hpp           :56  : 1568599849197 us:  Host active wait for Signal = (0x7fffd89fec80) for -1 ns
:3:rocvirtual.hpp           :56  : 1568599850479 us:  Host active wait for Signal = (0x7fffd89fdd80) for -1 ns
:3:rocvirtual.hpp           :56  : 1568599851753 us:  Host active wait for Signal = (0x7fffd89fdc80) for -1 ns
:3:rocvirtual.hpp           :56  : 1568599853028 us:  Host active wait for Signal = (0x7fffd89fdc00) for -1 ns
:3:rocvirtual.hpp           :56  : 1568599854303 us:  Host active wait for Signal = (0x7fffd89fed00) for -1 ns
:3:rocvirtual.hpp           :56  : 1568599855578 us:  Host active wait for Signal = (0x7fffd89fee00) for -1 ns
:3:rocvirtual.hpp           :56  : 1568599856854 us:  Host active wait for Signal = (0x7fffd89fee80) for -1 ns
:3:rocvirtual.hpp           :56  : 1568599858130 us:  Host active wait for Signal = (0x7fffd89fec00) for -1 ns
:3:rocvirtual.hpp           :56  : 1568599859405 us:  Host active wait for Signal = (0x7fffd89feb00) for -1 ns
:3:rocvirtual.hpp           :56  : 1568599860681 us:  Host active wait for Signal = (0x7fffd89fe100) for -1 ns
:3:rocvirtual.hpp           :56  : 1568599861956 us:  Host active wait for Signal = (0x7fffd89fe200) for -1 ns
:3:rocvirtual.hpp           :56  : 1568599863231 us:  Host active wait for Signal = (0x7fffd89fdb80) for -1 ns
:3:rocvirtual.hpp           :56  : 1568599864506 us:  Host active wait for Signal = (0x7fffd89fda80) for -1 ns
:3:rocvirtual.hpp           :56  : 1568599865781 us:  Host active wait for Signal = (0x7fffd89fd880) for -1 ns
:3:rocvirtual.hpp           :56  : 1568599867057 us:  Host active wait for Signal = (0x7fffd89ff780) for -1 ns
:3:rocvirtual.cpp           :533 : 1568599867888 us:  Set Handler: handle(0x7fffd89fc080), timestamp(0xeff390)
:3:rocvirtual.hpp           :56  : 1568599868056 us:  Host active wait for Signal = (0x7fffd89fc080) for -1 ns
:3:hip_memory.cpp           :796 : 1568599868183 us:  hipMemcpy: Returned hipSuccess : : duration: 19170 us
:3:rocvirtual.cpp           :226 : 1568599868071 us:  Handler: value(0), timestamp(0xf0fb70), handle(0x7fffd89fc080)
:3:hip_memory.cpp           :3476: 1568600155724 us:  [32m hipMemset ( 0x7ffd9ea00000, 0, 491520000 ) [0m
:3:rocvirtual.cpp           :762 : 1568600156063 us:  Arg0: void* buf = ptr:0x7ffd9ea00000
:3:rocvirtual.cpp           :778 : 1568600156237 us:  Arg0: void* buf = ptr:0x7ffd9ea00000 obj:[0x7ffd9ea00000-0x7ffdbbec0000]
:3:rocvirtual.cpp           :762 : 1568600156389 us:  Arg1: uchar* pattern = ptr:0x7ffec5600000
:3:rocvirtual.cpp           :853 : 1568600156560 us:  Arg2: uint pattern_size = val:1
:3:rocvirtual.cpp           :853 : 1568600156711 us:  Arg3: uint alignment = val:16
:3:rocvirtual.cpp           :853 : 1568600156869 us:  Arg4: ulong end_ptr = val:140727756259328
:3:rocvirtual.cpp           :853 : 1568600157022 us:  Arg5: uint next_chunk = val:28160
:3:rocvirtual.cpp           :3236: 1568600157158 us:  ShaderName : __amd_rocclr_fillBufferAligned
:3:rocvirtual.cpp           :3449: 1568600157292 us:  KernargSegmentByteSize = 296 KernargSegmentAlignment = 128
:3:hip_memory.cpp           :3477: 1568600157445 us:  hipMemset: Returned hipSuccess : 
:3:hip_device_runtime.cpp   :641 : 1568600157568 us:  [32m hipDeviceSynchronize (  ) [0m
:3:rocvirtual.cpp           :533 : 1568600157697 us:  Set Handler: handle(0x7fffd89fc000), timestamp(0x28daa0)
:3:rocvirtual.hpp           :56  : 1568600157816 us:  Host active wait for Signal = (0x7fffd89fc000) for -1 ns
:3:hip_device_runtime.cpp   :645 : 1568600157917 us:  hipDeviceSynchronize: Returned hipSuccess : 
:3:hip_platform.cpp         :237 : 1568600158037 us:  [32m __hipPushCallConfiguration ( {8,1,1}, {512,1,1}, 0, stream:<null> ) [0m
:3:hip_platform.cpp         :241 : 1568600158216 us:  __hipPushCallConfiguration: Returned hipSuccess : 
:3:hip_platform.cpp         :246 : 1568600158321 us:  [32m __hipPopCallConfiguration ( {3964667986,32767,512}, {2118224,0,4294925536}, 0x7fffffff5a30, 0x7fffffff5a28 ) [0m
:3:hip_platform.cpp         :255 : 1568600158490 us:  __hipPopCallConfiguration: Returned hipSuccess : 
:3:rocvirtual.cpp           :226 : 1568600157919 us:  Handler: value(0), timestamp(0xeff640), handle(0x7fffd89fc000)
:3:hip_module.cpp           :744 : 1568600158567 us:  [32m hipLaunchKernel ( 0x200fe0, {8,1,1}, {512,1,1}, 0x7fffffff59e0, 0, stream:<null> ) [0m
:3:rocvirtual.cpp           :762 : 1568600158858 us:  Arg0:   = ptr:0x7ffdbc200000
:3:rocvirtual.cpp           :778 : 1568600158974 us:  Arg0:   = ptr:0x7ffdbc200000 obj:[0x7ffdbc200000-0x7ffdd96c0000]
:3:rocvirtual.cpp           :762 : 1568600159060 us:  Arg1:   = ptr:0x7ffec4a27000
:3:rocvirtual.cpp           :778 : 1568600159139 us:  Arg1:   = ptr:0x7ffec4a27000 obj:[0x7ffec4a27000-0x7ffec4a87000]
:3:rocvirtual.cpp           :762 : 1568600159235 us:  Arg2:   = ptr:0x7ffd9ea00000
:3:rocvirtual.cpp           :778 : 1568600159334 us:  Arg2:   = ptr:0x7ffd9ea00000 obj:[0x7ffd9ea00000-0x7ffdbbec0000]
:3:rocvirtual.cpp           :853 : 1568600159452 us:  Arg3:   = val:12288
:3:rocvirtual.cpp           :762 : 1568600159526 us:  Arg4:   = ptr:0x7ffec4a00000
:3:rocvirtual.cpp           :778 : 1568600159630 us:  Arg4:   = ptr:0x7ffec4a00000 obj:[0x7ffec4a00000-0x7ffec4a00024]
:3:rocvirtual.cpp           :3236: 1568600159728 us:  ShaderName : void dense_esuhm<float>(float const*, float const*, float*, int, int const*)
:3:rocvirtual.cpp           :3449: 1568600159874 us:  KernargSegmentByteSize = 296 KernargSegmentAlignment = 128
:3:hip_module.cpp           :745 : 1568600159952 us:  hipLaunchKernel: Returned hipSuccess : : duration: 1385 us
:3:hip_device_runtime.cpp   :641 : 1568600160057 us:  [32m hipDeviceSynchronize (  ) [0m
:3:rocvirtual.cpp           :533 : 1568600160180 us:  Set Handler: handle(0x7fffd89fc280), timestamp(0xd836b0)
:3:rocvirtual.hpp           :56  : 1568600160263 us:  Host active wait for Signal = (0x7fffd89fc280) for -1 ns
:3:hip_device_runtime.cpp   :645 : 1568600160369 us:  hipDeviceSynchronize: Returned hipSuccess : 
:3:hip_memory.cpp           :795 : 1568600160464 us:  [32m hipMemcpy ( 0x7ffe3167e010, 0x7ffd9ea00000, 491520000, hipMemcpyDeviceToHost ) [0m
:3:rocvirtual.cpp           :226 : 1568600160371 us:  Handler: value(0), timestamp(0x732010), handle(0x7fffd89fc280)
:3:rocvirtual.hpp           :56  : 1568600160693 us:  Host active wait for Signal = (0x7fffd89ff480) for -1 ns
:3:rocvirtual.hpp           :56  : 1568600161976 us:  Host active wait for Signal = (0x7fffd89fd900) for -1 ns
:3:rocvirtual.hpp           :56  : 1568600163253 us:  Host active wait for Signal = (0x7fffd89fe280) for -1 ns
:3:rocvirtual.hpp           :56  : 1568600164529 us:  Host active wait for Signal = (0x7fffd89fe300) for -1 ns
:3:rocvirtual.hpp           :56  : 1568600165805 us:  Host active wait for Signal = (0x7fffd89fe400) for -1 ns
:3:rocvirtual.hpp           :56  : 1568600167080 us:  Host active wait for Signal = (0x7fffd89ff380) for -1 ns
:3:rocvirtual.hpp           :56  : 1568600168357 us:  Host active wait for Signal = (0x7fffd89ff180) for -1 ns
:3:rocvirtual.hpp           :56  : 1568600169635 us:  Host active wait for Signal = (0x7fffd89ff680) for -1 ns
:3:rocvirtual.hpp           :56  : 1568600170910 us:  Host active wait for Signal = (0x7fffd89fef00) for -1 ns
:3:rocvirtual.hpp           :56  : 1568600172186 us:  Host active wait for Signal = (0x7fffd89ff800) for -1 ns
:3:rocvirtual.hpp           :56  : 1568600173461 us:  Host active wait for Signal = (0x7fffd89fe600) for -1 ns
:3:rocvirtual.hpp           :56  : 1568600174737 us:  Host active wait for Signal = (0x7fffd89fef80) for -1 ns
:3:rocvirtual.hpp           :56  : 1568600176013 us:  Host active wait for Signal = (0x7fffd89fda00) for -1 ns
:3:rocvirtual.hpp           :56  : 1568600177288 us:  Host active wait for Signal = (0x7fffd89fdb00) for -1 ns
:3:rocvirtual.hpp           :56  : 1568600178563 us:  Host active wait for Signal = (0x7fffd89fe500) for -1 ns
:3:rocvirtual.cpp           :533 : 1568600179394 us:  Set Handler: handle(0x7fffd89fbe80), timestamp(0xc93900)
:3:rocvirtual.hpp           :56  : 1568600179565 us:  Host active wait for Signal = (0x7fffd89fbe80) for -1 ns
:3:hip_memory.cpp           :796 : 1568600179734 us:  hipMemcpy: Returned hipSuccess : : duration: 19270 us
:3:hip_memory.cpp           :3476: 1568600179907 us:  [32m hipMemset ( 0x7ffd9ea00000, 0, 491520000 ) [0m
:3:rocvirtual.cpp           :762 : 1568600179993 us:  Arg0: void* buf = ptr:0x7ffd9ea00000
:3:rocvirtual.cpp           :778 : 1568600180083 us:  Arg0: void* buf = ptr:0x7ffd9ea00000 obj:[0x7ffd9ea00000-0x7ffdbbec0000]
:3:rocvirtual.cpp           :762 : 1568600180203 us:  Arg1: uchar* pattern = ptr:0x7ffec5600000
:3:rocvirtual.cpp           :853 : 1568600180326 us:  Arg2: uint pattern_size = val:1
:3:rocvirtual.cpp           :853 : 1568600180442 us:  Arg3: uint alignment = val:16
:3:rocvirtual.cpp           :853 : 1568600180538 us:  Arg4: ulong end_ptr = val:140727756259328
:3:rocvirtual.cpp           :853 : 1568600180654 us:  Arg5: uint next_chunk = val:28160
:3:rocvirtual.cpp           :3236: 1568600180772 us:  ShaderName : __amd_rocclr_fillBufferAligned
:3:rocvirtual.cpp           :3449: 1568600180889 us:  KernargSegmentByteSize = 296 KernargSegmentAlignment = 128
:3:hip_memory.cpp           :3477: 1568600180991 us:  hipMemset: Returned hipSuccess : 
:3:hip_device_runtime.cpp   :641 : 1568600181087 us:  [32m hipDeviceSynchronize (  ) [0m
:3:rocvirtual.cpp           :533 : 1568600181177 us:  Set Handler: handle(0x7fffd89fbf00), timestamp(0xdcec80)
:3:rocvirtual.hpp           :56  : 1568600181261 us:  Host active wait for Signal = (0x7fffd89fbf00) for -1 ns
:3:rocvirtual.cpp           :226 : 1568600179579 us:  Handler: value(0), timestamp(0xd0b160), handle(0x7fffd89fbe80)
:3:hip_device_runtime.cpp   :645 : 1568600181439 us:  hipDeviceSynchronize: Returned hipSuccess : 
:3:hip_platform.cpp         :237 : 1568600181595 us:  [32m __hipPushCallConfiguration ( {8,1,1}, {512,1,1}, 0, stream:<null> ) [0m
:3:hip_platform.cpp         :241 : 1568600181757 us:  __hipPushCallConfiguration: Returned hipSuccess : 
:3:hip_platform.cpp         :246 : 1568600181851 us:  [32m __hipPopCallConfiguration ( {3964667986,32767,512}, {2118224,0,4294925536}, 0x7fffffff5a30, 0x7fffffff5a28 ) [0m
:3:hip_platform.cpp         :255 : 1568600182017 us:  __hipPopCallConfiguration: Returned hipSuccess : 
:3:hip_module.cpp           :744 : 1568600182105 us:  [32m hipLaunchKernel ( 0x200fe8, {8,1,1}, {512,1,1}, 0x7fffffff59e0, 0, stream:<null> ) [0m
:3:rocvirtual.cpp           :762 : 1568600182251 us:  Arg0:   = ptr:0x7ffdbc200000
:3:rocvirtual.cpp           :778 : 1568600182335 us:  Arg0:   = ptr:0x7ffdbc200000 obj:[0x7ffdbc200000-0x7ffdd96c0000]
:3:rocvirtual.cpp           :762 : 1568600182425 us:  Arg1:   = ptr:0x7ffec4a27000
:3:rocvirtual.cpp           :778 : 1568600182511 us:  Arg1:   = ptr:0x7ffec4a27000 obj:[0x7ffec4a27000-0x7ffec4a87000]
:3:rocvirtual.cpp           :762 : 1568600182602 us:  Arg2:   = ptr:0x7ffd9ea00000
:3:rocvirtual.cpp           :778 : 1568600182681 us:  Arg2:   = ptr:0x7ffd9ea00000 obj:[0x7ffd9ea00000-0x7ffdbbec0000]
:3:rocvirtual.cpp           :853 : 1568600182763 us:  Arg3:   = val:12288
:3:rocvirtual.cpp           :762 : 1568600182876 us:  Arg4:   = ptr:0x7ffec4a00000
:3:rocvirtual.cpp           :778 : 1568600182961 us:  Arg4:   = ptr:0x7ffec4a00000 obj:[0x7ffec4a00000-0x7ffec4a00024]
:3:rocvirtual.cpp           :3236: 1568600183040 us:  ShaderName : void dense_esuhm2<float>(float const*, float const*, float*, int, int const*)
:3:rocvirtual.cpp           :3449: 1568600183216 us:  KernargSegmentByteSize = 296 KernargSegmentAlignment = 128
:3:hip_module.cpp           :745 : 1568600183298 us:  hipLaunchKernel: Returned hipSuccess : : duration: 1193 us
:3:hip_device_runtime.cpp   :641 : 1568600183395 us:  [32m hipDeviceSynchronize (  ) [0m
:3:rocvirtual.cpp           :533 : 1568600183477 us:  Set Handler: handle(0x7fffd89fd700), timestamp(0xe22dd0)
:3:rocvirtual.hpp           :56  : 1568600183572 us:  Host active wait for Signal = (0x7fffd89fd700) for -1 ns
:3:hip_device_runtime.cpp   :645 : 1568600183695 us:  hipDeviceSynchronize: Returned hipSuccess : 
:3:hip_memory.cpp           :795 : 1568600183776 us:  [32m hipMemcpy ( 0x7ffe141bd010, 0x7ffd9ea00000, 491520000, hipMemcpyDeviceToHost ) [0m
:3:rocvirtual.cpp           :226 : 1568600181512 us:  Handler: value(0), timestamp(0xeff530), handle(0x7fffd89fbf00)
:3:rocvirtual.hpp           :56  : 1568600183956 us:  Host active wait for Signal = (0x7fffd89ff000) for -1 ns
:3:rocvirtual.cpp           :226 : 1568600184039 us:  Handler: value(0), timestamp(0x6e97a0), handle(0x7fffd89fd700)
:3:rocvirtual.hpp           :56  : 1568600185237 us:  Host active wait for Signal = (0x7fffd89ff080) for -1 ns
:3:rocvirtual.hpp           :56  : 1568600186512 us:  Host active wait for Signal = (0x7fffd89fdd00) for -1 ns
:3:rocvirtual.hpp           :56  : 1568600187789 us:  Host active wait for Signal = (0x7fffd89feb80) for -1 ns
:3:rocvirtual.hpp           :56  : 1568600189064 us:  Host active wait for Signal = (0x7fffd89fed80) for -1 ns
:3:rocvirtual.hpp           :56  : 1568600190339 us:  Host active wait for Signal = (0x7fffd89fe980) for -1 ns
:3:rocvirtual.hpp           :56  : 1568600191615 us:  Host active wait for Signal = (0x7fffd89fde00) for -1 ns
:3:rocvirtual.hpp           :56  : 1568600192891 us:  Host active wait for Signal = (0x7fffd89fd980) for -1 ns
:3:rocvirtual.hpp           :56  : 1568600194167 us:  Host active wait for Signal = (0x7fffd89fe480) for -1 ns
:3:rocvirtual.hpp           :56  : 1568600195442 us:  Host active wait for Signal = (0x7fffd89fe680) for -1 ns
:3:rocvirtual.hpp           :56  : 1568600196717 us:  Host active wait for Signal = (0x7fffd89fe880) for -1 ns
:3:rocvirtual.hpp           :56  : 1568600197993 us:  Host active wait for Signal = (0x7fffd89fe780) for -1 ns
:3:rocvirtual.hpp           :56  : 1568600199268 us:  Host active wait for Signal = (0x7fffd89fe580) for -1 ns
:3:rocvirtual.hpp           :56  : 1568600200543 us:  Host active wait for Signal = (0x7fffd89fdf00) for -1 ns
:3:rocvirtual.hpp           :56  : 1568600201818 us:  Host active wait for Signal = (0x7fffd89fe900) for -1 ns
:3:rocvirtual.cpp           :533 : 1568600202650 us:  Set Handler: handle(0x7fffd89fcc80), timestamp(0xf3ab00)
:3:rocvirtual.hpp           :56  : 1568600202766 us:  Host active wait for Signal = (0x7fffd89fcc80) for -1 ns
:3:hip_memory.cpp           :796 : 1568600202879 us:  hipMemcpy: Returned hipSuccess : : duration: 19103 us
:3:hip_memory.cpp           :3476: 1568600203203 us:  [32m hipMemset ( 0x7ffd9ea00000, 0, 491520000 ) [0m
:3:rocvirtual.cpp           :762 : 1568600203327 us:  Arg0: void* buf = ptr:0x7ffd9ea00000
:3:rocvirtual.cpp           :778 : 1568600203409 us:  Arg0: void* buf = ptr:0x7ffd9ea00000 obj:[0x7ffd9ea00000-0x7ffdbbec0000]
:3:rocvirtual.cpp           :762 : 1568600203504 us:  Arg1: uchar* pattern = ptr:0x7ffec5600000
:3:rocvirtual.cpp           :853 : 1568600203632 us:  Arg2: uint pattern_size = val:1
:3:rocvirtual.cpp           :853 : 1568600203784 us:  Arg3: uint alignment = val:16
:3:rocvirtual.cpp           :853 : 1568600203900 us:  Arg4: ulong end_ptr = val:140727756259328
:3:rocvirtual.cpp           :853 : 1568600204052 us:  Arg5: uint next_chunk = val:28160
:3:rocvirtual.cpp           :3236: 1568600204170 us:  ShaderName : __amd_rocclr_fillBufferAligned
:3:rocvirtual.cpp           :3449: 1568600204288 us:  KernargSegmentByteSize = 296 KernargSegmentAlignment = 128
:3:hip_memory.cpp           :3477: 1568600204406 us:  hipMemset: Returned hipSuccess : 
:3:hip_device_runtime.cpp   :641 : 1568600204506 us:  [32m hipDeviceSynchronize (  ) [0m
:3:rocvirtual.cpp           :226 : 1568600202781 us:  Handler: value(0), timestamp(0xe27c50), handle(0x7fffd89fcc80)
:3:rocvirtual.cpp           :533 : 1568600204594 us:  Set Handler: handle(0x7fffd89fcf80), timestamp(0xef3b70)
:3:rocvirtual.hpp           :56  : 1568600204774 us:  Host active wait for Signal = (0x7fffd89fcf80) for -1 ns
:3:hip_device_runtime.cpp   :645 : 1568600204891 us:  hipDeviceSynchronize: Returned hipSuccess : 
:3:hip_platform.cpp         :237 : 1568600204992 us:  [32m __hipPushCallConfiguration ( {8,1,1}, {512,1,1}, 0, stream:<null> ) [0m
:3:hip_platform.cpp         :241 : 1568600205157 us:  __hipPushCallConfiguration: Returned hipSuccess : 
:3:hip_platform.cpp         :246 : 1568600205241 us:  [32m __hipPopCallConfiguration ( {3964667986,32767,512}, {2118224,0,4294925536}, 0x7fffffff5a30, 0x7fffffff5a28 ) [0m
:3:hip_platform.cpp         :255 : 1568600205409 us:  __hipPopCallConfiguration: Returned hipSuccess : 
:3:hip_module.cpp           :744 : 1568600205496 us:  [32m hipLaunchKernel ( 0x200ff0, {8,1,1}, {512,1,1}, 0x7fffffff59e0, 0, stream:<null> ) [0m
:3:rocvirtual.cpp           :762 : 1568600205663 us:  Arg0:   = ptr:0x7ffdbc200000
:3:rocvirtual.cpp           :778 : 1568600205747 us:  Arg0:   = ptr:0x7ffdbc200000 obj:[0x7ffdbc200000-0x7ffdd96c0000]
:3:rocvirtual.cpp           :762 : 1568600205829 us:  Arg1:   = ptr:0x7ffec4a27000
:3:rocvirtual.cpp           :778 : 1568600205918 us:  Arg1:   = ptr:0x7ffec4a27000 obj:[0x7ffec4a27000-0x7ffec4a87000]
:3:rocvirtual.cpp           :762 : 1568600206003 us:  Arg2:   = ptr:0x7ffd9ea00000
:3:rocvirtual.cpp           :778 : 1568600206090 us:  Arg2:   = ptr:0x7ffd9ea00000 obj:[0x7ffd9ea00000-0x7ffdbbec0000]
:3:rocvirtual.cpp           :853 : 1568600206170 us:  Arg3:   = val:12288
:3:rocvirtual.cpp           :762 : 1568600206261 us:  Arg4:   = ptr:0x7ffec4a00000
:3:rocvirtual.cpp           :778 : 1568600206358 us:  Arg4:   = ptr:0x7ffec4a00000 obj:[0x7ffec4a00000-0x7ffec4a00024]
:3:rocvirtual.cpp           :3236: 1568600206441 us:  ShaderName : void dense_esuhm3<float>(float const*, float const*, float*, int, int const*)
:3:rocvirtual.cpp           :3449: 1568600206636 us:  KernargSegmentByteSize = 296 KernargSegmentAlignment = 128
:3:hip_module.cpp           :745 : 1568600206720 us:  hipLaunchKernel: Returned hipSuccess : : duration: 1224 us
:3:hip_device_runtime.cpp   :641 : 1568600206804 us:  [32m hipDeviceSynchronize (  ) [0m
:3:rocvirtual.cpp           :226 : 1568600204855 us:  Handler: value(0), timestamp(0xef44f0), handle(0x7fffd89fcf80)
:3:rocvirtual.cpp           :533 : 1568600206901 us:  Set Handler: handle(0x7fffd89fce80), timestamp(0xef41d0)
:3:rocvirtual.hpp           :56  : 1568600207076 us:  Host active wait for Signal = (0x7fffd89fce80) for -1 ns
:3:hip_device_runtime.cpp   :645 : 1568600207388 us:  hipDeviceSynchronize: Returned hipSuccess : 
:3:rocvirtual.cpp           :226 : 1568600207390 us:  Handler: value(0), timestamp(0xe28860), handle(0x7fffd89fce80)
:3:hip_memory.cpp           :795 : 1568600207469 us:  [32m hipMemcpy ( 0x7ffdf6cfc010, 0x7ffd9ea00000, 491520000, hipMemcpyDeviceToHost ) [0m
:3:rocvirtual.hpp           :56  : 1568600207742 us:  Host active wait for Signal = (0x7fffd89fe700) for -1 ns
:3:rocvirtual.hpp           :56  : 1568600209022 us:  Host active wait for Signal = (0x7fffd89fde80) for -1 ns
:3:rocvirtual.hpp           :56  : 1568600210297 us:  Host active wait for Signal = (0x7fffd89fe080) for -1 ns
:3:rocvirtual.hpp           :56  : 1568600211573 us:  Host active wait for Signal = (0x7fffd89fe000) for -1 ns
:3:rocvirtual.hpp           :56  : 1568600212849 us:  Host active wait for Signal = (0x7fffd89fe380) for -1 ns
:3:rocvirtual.hpp           :56  : 1568600214124 us:  Host active wait for Signal = (0x7fffd89fe180) for -1 ns
:3:rocvirtual.hpp           :56  : 1568600215400 us:  Host active wait for Signal = (0x7fffd89fdf80) for -1 ns
:3:rocvirtual.hpp           :56  : 1568600216676 us:  Host active wait for Signal = (0x7fffd89fe800) for -1 ns
:3:rocvirtual.hpp           :56  : 1568600217951 us:  Host active wait for Signal = (0x7fffd89fea80) for -1 ns
:3:rocvirtual.hpp           :56  : 1568600219226 us:  Host active wait for Signal = (0x7fffd89fea00) for -1 ns
:3:rocvirtual.hpp           :56  : 1568600220502 us:  Host active wait for Signal = (0x7fffd89fec80) for -1 ns
:3:rocvirtual.hpp           :56  : 1568600221777 us:  Host active wait for Signal = (0x7fffd89fdd80) for -1 ns
:3:rocvirtual.hpp           :56  : 1568600223052 us:  Host active wait for Signal = (0x7fffd89fdc80) for -1 ns
:3:rocvirtual.hpp           :56  : 1568600224327 us:  Host active wait for Signal = (0x7fffd89fdc00) for -1 ns
:3:rocvirtual.hpp           :56  : 1568600225602 us:  Host active wait for Signal = (0x7fffd89fed00) for -1 ns
:3:rocvirtual.cpp           :533 : 1568600226432 us:  Set Handler: handle(0x7fffd89fc680), timestamp(0xe0ad10)
:3:rocvirtual.hpp           :56  : 1568600226553 us:  Host active wait for Signal = (0x7fffd89fc680) for -1 ns
:3:hip_memory.cpp           :796 : 1568600226650 us:  hipMemcpy: Returned hipSuccess : : duration: 19181 us
:3:rocvirtual.cpp           :226 : 1568600226565 us:  Handler: value(0), timestamp(0xe28860), handle(0x7fffd89fc680)
:3:hip_memory.cpp           :3476: 1568600515368 us:  [32m hipMemset ( 0x7ffd9ea00000, 0, 491520000 ) [0m
:3:rocvirtual.cpp           :762 : 1568600515660 us:  Arg0: void* buf = ptr:0x7ffd9ea00000
:3:rocvirtual.cpp           :778 : 1568600515763 us:  Arg0: void* buf = ptr:0x7ffd9ea00000 obj:[0x7ffd9ea00000-0x7ffdbbec0000]
:3:rocvirtual.cpp           :762 : 1568600515917 us:  Arg1: uchar* pattern = ptr:0x7ffec5600000
:3:rocvirtual.cpp           :853 : 1568600516073 us:  Arg2: uint pattern_size = val:1
:3:rocvirtual.cpp           :853 : 1568600516245 us:  Arg3: uint alignment = val:16
:3:rocvirtual.cpp           :853 : 1568600516404 us:  Arg4: ulong end_ptr = val:140727756259328
:3:rocvirtual.cpp           :853 : 1568600516591 us:  Arg5: uint next_chunk = val:28160
:3:rocvirtual.cpp           :3236: 1568600516729 us:  ShaderName : __amd_rocclr_fillBufferAligned
:3:rocvirtual.cpp           :3449: 1568600516880 us:  KernargSegmentByteSize = 296 KernargSegmentAlignment = 128
:3:hip_memory.cpp           :3477: 1568600517012 us:  hipMemset: Returned hipSuccess : 
:3:hip_device_runtime.cpp   :641 : 1568600517152 us:  [32m hipDeviceSynchronize (  ) [0m
:3:rocvirtual.cpp           :533 : 1568600517246 us:  Set Handler: handle(0x7fffd89fc580), timestamp(0xd835e0)
:3:rocvirtual.hpp           :56  : 1568600517397 us:  Host active wait for Signal = (0x7fffd89fc580) for -1 ns
:3:hip_device_runtime.cpp   :645 : 1568600517518 us:  hipDeviceSynchronize: Returned hipSuccess : 
:3:hip_platform.cpp         :237 : 1568600517644 us:  [32m __hipPushCallConfiguration ( {8,1,1}, {1024,1,1}, 0, stream:<null> ) [0m
:3:hip_platform.cpp         :241 : 1568600517837 us:  __hipPushCallConfiguration: Returned hipSuccess : 
:3:hip_platform.cpp         :246 : 1568600517919 us:  [32m __hipPopCallConfiguration ( {3964667986,32767,1024}, {2118224,0,4294925536}, 0x7fffffff5a30, 0x7fffffff5a28 ) [0m
:3:hip_platform.cpp         :255 : 1568600518099 us:  __hipPopCallConfiguration: Returned hipSuccess : 
:3:hip_module.cpp           :744 : 1568600518186 us:  [32m hipLaunchKernel ( 0x200fe0, {8,1,1}, {1024,1,1}, 0x7fffffff59e0, 0, stream:<null> ) [0m
:3:rocvirtual.cpp           :762 : 1568600518362 us:  Arg0:   = ptr:0x7ffdbc200000
:3:rocvirtual.cpp           :778 : 1568600518443 us:  Arg0:   = ptr:0x7ffdbc200000 obj:[0x7ffdbc200000-0x7ffdd96c0000]
:3:rocvirtual.cpp           :762 : 1568600518526 us:  Arg1:   = ptr:0x7ffec4a27000
:3:rocvirtual.cpp           :778 : 1568600518610 us:  Arg1:   = ptr:0x7ffec4a27000 obj:[0x7ffec4a27000-0x7ffec4a87000]
:3:rocvirtual.cpp           :762 : 1568600518697 us:  Arg2:   = ptr:0x7ffd9ea00000
:3:rocvirtual.cpp           :778 : 1568600518813 us:  Arg2:   = ptr:0x7ffd9ea00000 obj:[0x7ffd9ea00000-0x7ffdbbec0000]
:3:rocvirtual.cpp           :853 : 1568600518902 us:  Arg3:   = val:12288
:3:rocvirtual.cpp           :762 : 1568600518984 us:  Arg4:   = ptr:0x7ffec4a00000
:3:rocvirtual.cpp           :778 : 1568600519065 us:  Arg4:   = ptr:0x7ffec4a00000 obj:[0x7ffec4a00000-0x7ffec4a00024]
:3:rocvirtual.cpp           :3236: 1568600519163 us:  ShaderName : void dense_esuhm<float>(float const*, float const*, float*, int, int const*)
:3:rocvirtual.cpp           :3449: 1568600519358 us:  KernargSegmentByteSize = 296 KernargSegmentAlignment = 128
:3:hip_module.cpp           :745 : 1568600519457 us:  hipLaunchKernel: Returned hipSuccess : : duration: 1271 us
:3:hip_device_runtime.cpp   :641 : 1568600519537 us:  [32m hipDeviceSynchronize (  ) [0m
:3:rocvirtual.cpp           :533 : 1568600519625 us:  Set Handler: handle(0x7fffd89fc600), timestamp(0xe0abc0)
:3:rocvirtual.hpp           :56  : 1568600519722 us:  Host active wait for Signal = (0x7fffd89fc600) for -1 ns
:3:hip_device_runtime.cpp   :645 : 1568600519801 us:  hipDeviceSynchronize: Returned hipSuccess : 
:3:hip_memory.cpp           :795 : 1568600519922 us:  [32m hipMemcpy ( 0x7ffe3167e010, 0x7ffd9ea00000, 491520000, hipMemcpyDeviceToHost ) [0m
:3:rocvirtual.cpp           :226 : 1568600517474 us:  Handler: value(0), timestamp(0xe0ab10), handle(0x7fffd89fc580)
:3:rocvirtual.hpp           :56  : 1568600520131 us:  Host active wait for Signal = (0x7fffd89feb00) for -1 ns
:3:rocvirtual.cpp           :226 : 1568600520225 us:  Handler: value(0), timestamp(0x73bfe0), handle(0x7fffd89fc600)
:3:rocvirtual.hpp           :56  : 1568600521415 us:  Host active wait for Signal = (0x7fffd89fe100) for -1 ns
:3:rocvirtual.hpp           :56  : 1568600522691 us:  Host active wait for Signal = (0x7fffd89fe200) for -1 ns
:3:rocvirtual.hpp           :56  : 1568600523968 us:  Host active wait for Signal = (0x7fffd89fdb80) for -1 ns
:3:rocvirtual.hpp           :56  : 1568600525244 us:  Host active wait for Signal = (0x7fffd89fda80) for -1 ns
:3:rocvirtual.hpp           :56  : 1568600526522 us:  Host active wait for Signal = (0x7fffd89fd880) for -1 ns
:3:rocvirtual.hpp           :56  : 1568600527799 us:  Host active wait for Signal = (0x7fffd89ff780) for -1 ns
:3:rocvirtual.hpp           :56  : 1568600529077 us:  Host active wait for Signal = (0x7fffd89fec00) for -1 ns
:3:rocvirtual.hpp           :56  : 1568600530353 us:  Host active wait for Signal = (0x7fffd89fee80) for -1 ns
:3:rocvirtual.hpp           :56  : 1568600531628 us:  Host active wait for Signal = (0x7fffd89fee00) for -1 ns
:3:rocvirtual.hpp           :56  : 1568600532903 us:  Host active wait for Signal = (0x7fffd89ff480) for -1 ns
:3:rocvirtual.hpp           :56  : 1568600534179 us:  Host active wait for Signal = (0x7fffd89fd900) for -1 ns
:3:rocvirtual.hpp           :56  : 1568600535455 us:  Host active wait for Signal = (0x7fffd89fe280) for -1 ns
:3:rocvirtual.hpp           :56  : 1568600536730 us:  Host active wait for Signal = (0x7fffd89fe300) for -1 ns
:3:rocvirtual.hpp           :56  : 1568600538005 us:  Host active wait for Signal = (0x7fffd89fe400) for -1 ns
:3:rocvirtual.cpp           :533 : 1568600538836 us:  Set Handler: handle(0x7fffd89fc280), timestamp(0xd836b0)
:3:rocvirtual.hpp           :56  : 1568600538959 us:  Host active wait for Signal = (0x7fffd89fc280) for -1 ns
:3:hip_memory.cpp           :796 : 1568600539034 us:  hipMemcpy: Returned hipSuccess : : duration: 19112 us
:3:hip_memory.cpp           :3476: 1568600539125 us:  [32m hipMemset ( 0x7ffd9ea00000, 0, 491520000 ) [0m
:3:rocvirtual.cpp           :762 : 1568600539230 us:  Arg0: void* buf = ptr:0x7ffd9ea00000
:3:rocvirtual.cpp           :778 : 1568600539345 us:  Arg0: void* buf = ptr:0x7ffd9ea00000 obj:[0x7ffd9ea00000-0x7ffdbbec0000]
:3:rocvirtual.cpp           :762 : 1568600539465 us:  Arg1: uchar* pattern = ptr:0x7ffec5600000
:3:rocvirtual.cpp           :853 : 1568600539532 us:  Arg2: uint pattern_size = val:1
:3:rocvirtual.cpp           :853 : 1568600539633 us:  Arg3: uint alignment = val:16
:3:rocvirtual.cpp           :853 : 1568600539749 us:  Arg4: ulong end_ptr = val:140727756259328
:3:rocvirtual.cpp           :853 : 1568600539868 us:  Arg5: uint next_chunk = val:28160
:3:rocvirtual.cpp           :3236: 1568600539981 us:  ShaderName : __amd_rocclr_fillBufferAligned
:3:rocvirtual.cpp           :3449: 1568600540104 us:  KernargSegmentByteSize = 296 KernargSegmentAlignment = 128
:3:hip_memory.cpp           :3477: 1568600540187 us:  hipMemset: Returned hipSuccess : 
:3:hip_device_runtime.cpp   :641 : 1568600540305 us:  [32m hipDeviceSynchronize (  ) [0m
:3:rocvirtual.cpp           :533 : 1568600540427 us:  Set Handler: handle(0x7fffd89fc000), timestamp(0x28daa0)
:3:rocvirtual.hpp           :56  : 1568600540533 us:  Host active wait for Signal = (0x7fffd89fc000) for -1 ns
:3:rocvirtual.cpp           :226 : 1568600538972 us:  Handler: value(0), timestamp(0xe0a7d0), handle(0x7fffd89fc280)
:3:hip_device_runtime.cpp   :645 : 1568600540630 us:  hipDeviceSynchronize: Returned hipSuccess : 
:3:hip_platform.cpp         :237 : 1568600540804 us:  [32m __hipPushCallConfiguration ( {8,1,1}, {1024,1,1}, 0, stream:<null> ) [0m
:3:hip_platform.cpp         :241 : 1568600541018 us:  __hipPushCallConfiguration: Returned hipSuccess : 
:3:hip_platform.cpp         :246 : 1568600541106 us:  [32m __hipPopCallConfiguration ( {3964667986,32767,1024}, {2118224,0,4294925536}, 0x7fffffff5a30, 0x7fffffff5a28 ) [0m
:3:hip_platform.cpp         :255 : 1568600541277 us:  __hipPopCallConfiguration: Returned hipSuccess : 
:3:hip_module.cpp           :744 : 1568600541358 us:  [32m hipLaunchKernel ( 0x200fe8, {8,1,1}, {1024,1,1}, 0x7fffffff59e0, 0, stream:<null> ) [0m
:3:rocvirtual.cpp           :762 : 1568600541520 us:  Arg0:   = ptr:0x7ffdbc200000
:3:rocvirtual.cpp           :778 : 1568600541602 us:  Arg0:   = ptr:0x7ffdbc200000 obj:[0x7ffdbc200000-0x7ffdd96c0000]
:3:rocvirtual.cpp           :762 : 1568600541682 us:  Arg1:   = ptr:0x7ffec4a27000
:3:rocvirtual.cpp           :778 : 1568600541768 us:  Arg1:   = ptr:0x7ffec4a27000 obj:[0x7ffec4a27000-0x7ffec4a87000]
:3:rocvirtual.cpp           :762 : 1568600541858 us:  Arg2:   = ptr:0x7ffd9ea00000
:3:rocvirtual.cpp           :778 : 1568600541948 us:  Arg2:   = ptr:0x7ffd9ea00000 obj:[0x7ffd9ea00000-0x7ffdbbec0000]
:3:rocvirtual.cpp           :853 : 1568600542029 us:  Arg3:   = val:12288
:3:rocvirtual.cpp           :762 : 1568600542115 us:  Arg4:   = ptr:0x7ffec4a00000
:3:rocvirtual.cpp           :778 : 1568600542184 us:  Arg4:   = ptr:0x7ffec4a00000 obj:[0x7ffec4a00000-0x7ffec4a00024]
:3:rocvirtual.cpp           :3236: 1568600542264 us:  ShaderName : void dense_esuhm2<float>(float const*, float const*, float*, int, int const*)
:3:rocvirtual.cpp           :3449: 1568600542443 us:  KernargSegmentByteSize = 296 KernargSegmentAlignment = 128
:3:hip_module.cpp           :745 : 1568600542521 us:  hipLaunchKernel: Returned hipSuccess : : duration: 1163 us
:3:hip_device_runtime.cpp   :641 : 1568600542621 us:  [32m hipDeviceSynchronize (  ) [0m
:3:rocvirtual.cpp           :226 : 1568600540723 us:  Handler: value(0), timestamp(0xeff640), handle(0x7fffd89fc000)
:3:rocvirtual.cpp           :533 : 1568600542705 us:  Set Handler: handle(0x7fffd89fc080), timestamp(0xeff390)
:3:rocvirtual.hpp           :56  : 1568600542902 us:  Host active wait for Signal = (0x7fffd89fc080) for -1 ns
:3:hip_device_runtime.cpp   :645 : 1568600542983 us:  hipDeviceSynchronize: Returned hipSuccess : 
:3:rocvirtual.cpp           :226 : 1568600542911 us:  Handler: value(0), timestamp(0xf0fb70), handle(0x7fffd89fc080)
:3:hip_memory.cpp           :795 : 1568600543069 us:  [32m hipMemcpy ( 0x7ffe141bd010, 0x7ffd9ea00000, 491520000, hipMemcpyDeviceToHost ) [0m
:3:rocvirtual.hpp           :56  : 1568600543323 us:  Host active wait for Signal = (0x7fffd89fef00) for -1 ns
:3:rocvirtual.hpp           :56  : 1568600544604 us:  Host active wait for Signal = (0x7fffd89ff800) for -1 ns
:3:rocvirtual.hpp           :56  : 1568600545880 us:  Host active wait for Signal = (0x7fffd89fe600) for -1 ns
:3:rocvirtual.hpp           :56  : 1568600547155 us:  Host active wait for Signal = (0x7fffd89fef80) for -1 ns
:3:rocvirtual.hpp           :56  : 1568600548430 us:  Host active wait for Signal = (0x7fffd89fda00) for -1 ns
:3:rocvirtual.hpp           :56  : 1568600549707 us:  Host active wait for Signal = (0x7fffd89fdb00) for -1 ns
:3:rocvirtual.hpp           :56  : 1568600550982 us:  Host active wait for Signal = (0x7fffd89fe500) for -1 ns
:3:rocvirtual.hpp           :56  : 1568600552259 us:  Host active wait for Signal = (0x7fffd89ff680) for -1 ns
:3:rocvirtual.hpp           :56  : 1568600553534 us:  Host active wait for Signal = (0x7fffd89ff180) for -1 ns
:3:rocvirtual.hpp           :56  : 1568600554810 us:  Host active wait for Signal = (0x7fffd89ff380) for -1 ns
:3:rocvirtual.hpp           :56  : 1568600556085 us:  Host active wait for Signal = (0x7fffd89ff000) for -1 ns
:3:rocvirtual.hpp           :56  : 1568600557361 us:  Host active wait for Signal = (0x7fffd89ff080) for -1 ns
:3:rocvirtual.hpp           :56  : 1568600558636 us:  Host active wait for Signal = (0x7fffd89fdd00) for -1 ns
:3:rocvirtual.hpp           :56  : 1568600559911 us:  Host active wait for Signal = (0x7fffd89feb80) for -1 ns
:3:rocvirtual.hpp           :56  : 1568600561186 us:  Host active wait for Signal = (0x7fffd89fed80) for -1 ns
:3:rocvirtual.cpp           :533 : 1568600562017 us:  Set Handler: handle(0x7fffd89fd700), timestamp(0xe22dd0)
:3:rocvirtual.hpp           :56  : 1568600562187 us:  Host active wait for Signal = (0x7fffd89fd700) for -1 ns
:3:hip_memory.cpp           :796 : 1568600562449 us:  hipMemcpy: Returned hipSuccess : : duration: 19380 us
:3:hip_memory.cpp           :3476: 1568600562526 us:  [32m hipMemset ( 0x7ffd9ea00000, 0, 491520000 ) [0m
:3:rocvirtual.cpp           :762 : 1568600562633 us:  Arg0: void* buf = ptr:0x7ffd9ea00000
:3:rocvirtual.cpp           :778 : 1568600562736 us:  Arg0: void* buf = ptr:0x7ffd9ea00000 obj:[0x7ffd9ea00000-0x7ffdbbec0000]
:3:rocvirtual.cpp           :762 : 1568600562851 us:  Arg1: uchar* pattern = ptr:0x7ffec5600000
:3:rocvirtual.cpp           :853 : 1568600562980 us:  Arg2: uint pattern_size = val:1
:3:rocvirtual.cpp           :853 : 1568600563058 us:  Arg3: uint alignment = val:16
:3:rocvirtual.cpp           :853 : 1568600563150 us:  Arg4: ulong end_ptr = val:140727756259328
:3:rocvirtual.cpp           :853 : 1568600563243 us:  Arg5: uint next_chunk = val:28160
:3:rocvirtual.cpp           :3236: 1568600563341 us:  ShaderName : __amd_rocclr_fillBufferAligned
:3:rocvirtual.cpp           :3449: 1568600563409 us:  KernargSegmentByteSize = 296 KernargSegmentAlignment = 128
:3:hip_memory.cpp           :3477: 1568600563505 us:  hipMemset: Returned hipSuccess : 
:3:hip_device_runtime.cpp   :641 : 1568600563602 us:  [32m hipDeviceSynchronize (  ) [0m
:3:rocvirtual.cpp           :533 : 1568600563755 us:  Set Handler: handle(0x7fffd89fbf00), timestamp(0xdcec80)
:3:rocvirtual.hpp           :56  : 1568600563872 us:  Host active wait for Signal = (0x7fffd89fbf00) for -1 ns
:3:hip_device_runtime.cpp   :645 : 1568600563977 us:  hipDeviceSynchronize: Returned hipSuccess : 
:3:hip_platform.cpp         :237 : 1568600564056 us:  [32m __hipPushCallConfiguration ( {8,1,1}, {1024,1,1}, 0, stream:<null> ) [0m
:3:hip_platform.cpp         :241 : 1568600564204 us:  __hipPushCallConfiguration: Returned hipSuccess : 
:3:hip_platform.cpp         :246 : 1568600564320 us:  [32m __hipPopCallConfiguration ( {3964667986,32767,1024}, {2118224,0,4294925536}, 0x7fffffff5a30, 0x7fffffff5a28 ) [0m
:3:hip_platform.cpp         :255 : 1568600564505 us:  __hipPopCallConfiguration: Returned hipSuccess : 
:3:hip_module.cpp           :744 : 1568600564587 us:  [32m hipLaunchKernel ( 0x200ff0, {8,1,1}, {1024,1,1}, 0x7fffffff59e0, 0, stream:<null> ) [0m
:3:rocvirtual.cpp           :762 : 1568600564762 us:  Arg0:   = ptr:0x7ffdbc200000
:3:rocvirtual.cpp           :778 : 1568600564859 us:  Arg0:   = ptr:0x7ffdbc200000 obj:[0x7ffdbc200000-0x7ffdd96c0000]
:3:rocvirtual.cpp           :762 : 1568600564927 us:  Arg1:   = ptr:0x7ffec4a27000
:3:rocvirtual.cpp           :778 : 1568600565009 us:  Arg1:   = ptr:0x7ffec4a27000 obj:[0x7ffec4a27000-0x7ffec4a87000]
:3:rocvirtual.cpp           :762 : 1568600565086 us:  Arg2:   = ptr:0x7ffd9ea00000
:3:rocvirtual.cpp           :778 : 1568600565173 us:  Arg2:   = ptr:0x7ffd9ea00000 obj:[0x7ffd9ea00000-0x7ffdbbec0000]
:3:rocvirtual.cpp           :853 : 1568600565288 us:  Arg3:   = val:12288
:3:rocvirtual.cpp           :762 : 1568600565377 us:  Arg4:   = ptr:0x7ffec4a00000
:3:rocvirtual.cpp           :778 : 1568600565459 us:  Arg4:   = ptr:0x7ffec4a00000 obj:[0x7ffec4a00000-0x7ffec4a00024]
:3:rocvirtual.cpp           :3236: 1568600565546 us:  ShaderName : void dense_esuhm3<float>(float const*, float const*, float*, int, int const*)
:3:rocvirtual.cpp           :3449: 1568600565695 us:  KernargSegmentByteSize = 296 KernargSegmentAlignment = 128
:3:hip_module.cpp           :745 : 1568600565795 us:  hipLaunchKernel: Returned hipSuccess : : duration: 1208 us
:3:hip_device_runtime.cpp   :641 : 1568600565877 us:  [32m hipDeviceSynchronize (  ) [0m
:3:rocvirtual.cpp           :533 : 1568600565955 us:  Set Handler: handle(0x7fffd89fbe80), timestamp(0xc93900)
:3:rocvirtual.hpp           :56  : 1568600566054 us:  Host active wait for Signal = (0x7fffd89fbe80) for -1 ns
:3:rocvirtual.cpp           :226 : 1568600562203 us:  Handler: value(0), timestamp(0xf0fb70), handle(0x7fffd89fd700)
:3:hip_device_runtime.cpp   :645 : 1568600566199 us:  hipDeviceSynchronize: Returned hipSuccess : 
:3:hip_memory.cpp           :795 : 1568600566348 us:  [32m hipMemcpy ( 0x7ffdf6cfc010, 0x7ffd9ea00000, 491520000, hipMemcpyDeviceToHost ) [0m
:3:rocvirtual.hpp           :56  : 1568600566519 us:  Host active wait for Signal = (0x7fffd89fe480) for -1 ns
:3:rocvirtual.cpp           :226 : 1568600566256 us:  Handler: value(0), timestamp(0xeff530), handle(0x7fffd89fbf00)
:3:rocvirtual.cpp           :226 : 1568600566674 us:  Handler: value(0), timestamp(0xd0b160), handle(0x7fffd89fbe80)
:3:rocvirtual.hpp           :56  : 1568600567800 us:  Host active wait for Signal = (0x7fffd89fe680) for -1 ns
:3:rocvirtual.hpp           :56  : 1568600569076 us:  Host active wait for Signal = (0x7fffd89fe880) for -1 ns
:3:rocvirtual.hpp           :56  : 1568600570351 us:  Host active wait for Signal = (0x7fffd89fe780) for -1 ns
:3:rocvirtual.hpp           :56  : 1568600571626 us:  Host active wait for Signal = (0x7fffd89fe580) for -1 ns
:3:rocvirtual.hpp           :56  : 1568600572901 us:  Host active wait for Signal = (0x7fffd89fdf00) for -1 ns
:3:rocvirtual.hpp           :56  : 1568600574176 us:  Host active wait for Signal = (0x7fffd89fe900) for -1 ns
:3:rocvirtual.hpp           :56  : 1568600575452 us:  Host active wait for Signal = (0x7fffd89fd980) for -1 ns
:3:rocvirtual.hpp           :56  : 1568600576727 us:  Host active wait for Signal = (0x7fffd89fde00) for -1 ns
:3:rocvirtual.hpp           :56  : 1568600578002 us:  Host active wait for Signal = (0x7fffd89fe980) for -1 ns
:3:rocvirtual.hpp           :56  : 1568600579278 us:  Host active wait for Signal = (0x7fffd89fe700) for -1 ns
:3:rocvirtual.hpp           :56  : 1568600580553 us:  Host active wait for Signal = (0x7fffd89fde80) for -1 ns
:3:rocvirtual.hpp           :56  : 1568600581828 us:  Host active wait for Signal = (0x7fffd89fe080) for -1 ns
:3:rocvirtual.hpp           :56  : 1568600583104 us:  Host active wait for Signal = (0x7fffd89fe000) for -1 ns
:3:rocvirtual.hpp           :56  : 1568600584379 us:  Host active wait for Signal = (0x7fffd89fe380) for -1 ns
:3:rocvirtual.cpp           :533 : 1568600585209 us:  Set Handler: handle(0x7fffd89fce80), timestamp(0xef41d0)
:3:rocvirtual.hpp           :56  : 1568600585357 us:  Host active wait for Signal = (0x7fffd89fce80) for -1 ns
:3:hip_memory.cpp           :796 : 1568600585522 us:  hipMemcpy: Returned hipSuccess : : duration: 19174 us
:3:rocvirtual.cpp           :226 : 1568600585372 us:  Handler: value(0), timestamp(0xef44f0), handle(0x7fffd89fce80)
:3:hip_memory.cpp           :772 : 1568600869343 us:  [32m hipFree ( 0x7ffdbc200000 ) [0m
:3:rocdevice.cpp            :2411: 1568600869575 us:  Device=0x6e3170, freeMem_ = 0xfe1adffdc
:3:hip_memory.cpp           :774 : 1568600869731 us:  hipFree: Returned hipSuccess : 
:3:hip_memory.cpp           :772 : 1568600869843 us:  [32m hipFree ( 0x7ffec4a27000 ) [0m
:3:rocdevice.cpp            :2411: 1568600869981 us:  Device=0x6e3170, freeMem_ = 0xfe1b3ffdc
:3:hip_memory.cpp           :774 : 1568600870114 us:  hipFree: Returned hipSuccess : 
:3:hip_memory.cpp           :772 : 1568600870220 us:  [32m hipFree ( 0x7ffd9ea00000 ) [0m
:3:rocdevice.cpp            :2411: 1568600870353 us:  Device=0x6e3170, freeMem_ = 0xffeffffdc
:3:hip_memory.cpp           :774 : 1568600870450 us:  hipFree: Returned hipSuccess : 
:3:hip_memory.cpp           :772 : 1568600870537 us:  [32m hipFree ( 0x7ffec4a00000 ) [0m
:3:rocdevice.cpp            :2411: 1568600870631 us:  Device=0x6e3170, freeMem_ = 0xfff000000
:3:hip_memory.cpp           :774 : 1568600870719 us:  hipFree: Returned hipSuccess : 
:3:rocdevice.cpp            :3254: 1568600940085 us:  releaseQueue refCount:0x7ffec5800000 (0)
:3:rocdevice.cpp            :278 : 1568600941161 us:  Deleting hostcall buffer 0x7ffe94600000 for hardware queue 0x7ffec5800000
:3:devhostcall.cpp          :460 : 1568600941462 us:  Terminated hostcall listener
:3:rocdevice.cpp            :283 : 1568600942597 us:  Deleting hardware queue 0x7ffec5800000 with refCount 0
