:3:rocdevice.cpp            :465 : 1568662401059 us:  Initializing HSA stack.
:3:rocdevice.cpp            :551 : 1568662489225 us:  Enumerated GPU agents = 1
:3:rocdevice.cpp            :230 : 1568662489604 us:  Numa selects cpu agent[3]=0x2c9110(fine=0x2c9320,coarse=0x2c9e60) for gpu agent=0x2cac30 CPU<->GPU XGMI=1
:3:rocsettings.cpp          :284 : 1568662490037 us:  Using dev kernel arg wa = 0
:3:comgrctx.cpp             :33  : 1568662490198 us:  Loading COMGR library.
:3:comgrctx.cpp             :128 : 1568662490338 us:  Loaded COMGR library version 3.0.
:3:rocdevice.cpp            :1785: 1568662490817 us:  Gfx Major/Minor/Stepping: 9/0/10
:3:rocdevice.cpp            :1787: 1568662490951 us:  HMM support: 1, XNACK: 0, Direct host access: 1
:3:rocdevice.cpp            :1789: 1568662491059 us:  Max SDMA Read Mask: 0x1e, Max SDMA Write Mask: 0x1f
:3:hip_context.cpp          :54  : 1568662492247 us:  Direct Dispatch: 1
:3:hip_fatbin.cpp           :427 : 1568662492432 us:  Searching for code objects, HIP_FORCE_SPIRV_CODEOBJECT: 0
:3:hip_fatbin.cpp           :435 : 1568662492621 us:  Using Native code object: gfx90a:sramecc+:xnack-
:3:hip_memory.cpp           :756 : 1568662492778 us:  [32m hipMalloc ( 0x7fffffff5c00, 30720000 ) [0m
:3:rocdevice.cpp            :2411: 1568662492978 us:  Device=0x6e3170, freeMem_ = 0xffd2b4000
:3:hip_memory.cpp           :758 : 1568662493100 us:  hipMalloc: Returned hipSuccess : 0x7ffeabc00000: duration: 322 us
:3:hip_memory.cpp           :795 : 1568662493201 us:  [32m hipMemcpy ( 0x7ffeabc00000, 0x7fffdffec010, 30720000, hipMemcpyHostToDevice ) [0m
:3:rocdevice.cpp            :3048: 1568662493420 us:  Number of allocated hardware queues with low priority: 0, with normal priority: 0, with high priority: 0, maximum per priority is: 4
:3:rocdevice.cpp            :3129: 1568662497976 us:  Created SWq=0x7fffe204a000 to map on HWq=0x7ffec5800000 with size 16384 with priority 1, cooperative: 0
:3:rocdevice.cpp            :3222: 1568662498211 us:  acquireQueue refCount: 0x7ffec5800000 (1)
:3:devprogram.cpp           :2658: 1568662740824 us:  Using Code Object V5.
:3:rocvirtual.hpp           :56  : 1568662745121 us:  Host active wait for Signal = (0x7fffd89ff780) for -1 ns
:3:rocvirtual.cpp           :533 : 1568662746362 us:  Set Handler: handle(0x7fffd89fd600), timestamp(0xe182d0)
:3:rocvirtual.hpp           :56  : 1568662746530 us:  Host active wait for Signal = (0x7fffd89fd600) for -1 ns
:3:hip_memory.cpp           :796 : 1568662746669 us:  hipMemcpy: Returned hipSuccess : : duration: 253468 us
:3:hip_memory.cpp           :756 : 1568662747024 us:  [32m hipMalloc ( 0x7fffffff5bf8, 24576 ) [0m
:3:rocvirtual.cpp           :226 : 1568662746611 us:  Handler: value(0), timestamp(0x9eedc0), handle(0x7fffd89fd600)
:3:rocdevice.cpp            :2411: 1568662747170 us:  Device=0x6e3170, freeMem_ = 0xffd2ae000
:3:hip_memory.cpp           :758 : 1568662747437 us:  hipMalloc: Returned hipSuccess : 0x7ffec4a00000: duration: 413 us
:3:hip_memory.cpp           :795 : 1568662747566 us:  [32m hipMemcpy ( 0x7ffec4a00000, 0x290e70, 24576, hipMemcpyHostToDevice ) [0m
:3:rocvirtual.cpp           :533 : 1568662747900 us:  Set Handler: handle(0x7fffd89fd680), timestamp(0xe181c0)
:3:rocvirtual.hpp           :56  : 1568662748054 us:  Host active wait for Signal = (0x7fffd89fd680) for -1 ns
:3:hip_memory.cpp           :796 : 1568662748175 us:  hipMemcpy: Returned hipSuccess : : duration: 609 us
:3:hip_memory.cpp           :756 : 1568662748267 us:  [32m hipMalloc ( 0x7fffffff5bf0, 30720000 ) [0m
:3:rocvirtual.cpp           :226 : 1568662748108 us:  Handler: value(0), timestamp(0x9770d0), handle(0x7fffd89fd680)
:3:rocdevice.cpp            :2411: 1568662748439 us:  Device=0x6e3170, freeMem_ = 0xffb562000
:3:hip_memory.cpp           :758 : 1568662748710 us:  hipMalloc: Returned hipSuccess : 0x7ffe85c00000: duration: 443 us
:3:hip_memory.cpp           :756 : 1568662748797 us:  [32m hipMalloc ( 0x7fffffff5be8, 36 ) [0m
:3:rocdevice.cpp            :2411: 1568662748904 us:  Device=0x6e3170, freeMem_ = 0xffb561fdc
:3:hip_memory.cpp           :758 : 1568662748989 us:  hipMalloc: Returned hipSuccess : 0x7ffec4a06000: duration: 192 us
:3:hip_memory.cpp           :795 : 1568662749086 us:  [32m hipMemcpy ( 0x7ffec4a06000, 0x28ddc0, 36, hipMemcpyHostToDevice ) [0m
:3:rocvirtual.cpp           :762 : 1568662749317 us:  Arg0: uchar* src = ptr:0x7ffec5006000
:3:rocvirtual.cpp           :762 : 1568662749401 us:  Arg1: uchar* dst = ptr:0x7ffec4a06000
:3:rocvirtual.cpp           :853 : 1568662749503 us:  Arg2: ulong size = val:36
:3:rocvirtual.cpp           :853 : 1568662749586 us:  Arg3: uint remainder = val:4
:3:rocvirtual.cpp           :853 : 1568662749669 us:  Arg4: uint aligned_size = val:16
:3:rocvirtual.cpp           :853 : 1568662749759 us:  Arg5: ulong end_ptr = val:140732197265440
:3:rocvirtual.cpp           :853 : 1568662749889 us:  Arg6: uint next_chunk = val:512
:3:rocvirtual.cpp           :3236: 1568662749990 us:  ShaderName : __amd_rocclr_copyBuffer
:3:rocvirtual.cpp           :3449: 1568662750074 us:  KernargSegmentByteSize = 304 KernargSegmentAlignment = 128
:3:rocvirtual.cpp           :533 : 1568662750199 us:  Set Handler: handle(0x7fffd89fd700), timestamp(0xe22dd0)
:3:rocvirtual.hpp           :56  : 1568662750302 us:  Host active wait for Signal = (0x7fffd89fd700) for -1 ns
:3:hip_memory.cpp           :796 : 1568662750380 us:  hipMemcpy: Returned hipSuccess : : duration: 1294 us
:3:hip_memory.cpp           :3476: 1568662750480 us:  [32m hipMemset ( 0x7ffe85c00000, 0, 30720000 ) [0m
:3:rocvirtual.cpp           :762 : 1568662750572 us:  Arg0: void* buf = ptr:0x7ffe85c00000
:3:rocvirtual.cpp           :778 : 1568662750666 us:  Arg0: void* buf = ptr:0x7ffe85c00000 obj:[0x7ffe85c00000-0x7ffe8794c000]
:3:rocvirtual.cpp           :762 : 1568662750773 us:  Arg1: uchar* pattern = ptr:0x7ffec5600200
:3:rocvirtual.cpp           :853 : 1568662750862 us:  Arg2: uint pattern_size = val:1
:3:rocvirtual.cpp           :853 : 1568662750947 us:  Arg3: uint alignment = val:16
:3:rocvirtual.cpp           :853 : 1568662751034 us:  Arg4: ulong end_ptr = val:140731173093376
:3:rocvirtual.cpp           :853 : 1568662751135 us:  Arg5: uint next_chunk = val:28160
:3:rocvirtual.cpp           :3236: 1568662751207 us:  ShaderName : __amd_rocclr_fillBufferAligned
:3:rocvirtual.cpp           :3449: 1568662751294 us:  KernargSegmentByteSize = 296 KernargSegmentAlignment = 128
:3:hip_memory.cpp           :3477: 1568662751384 us:  hipMemset: Returned hipSuccess : 
:3:hip_device_runtime.cpp   :641 : 1568662751458 us:  [32m hipDeviceSynchronize (  ) [0m
:3:rocvirtual.cpp           :533 : 1568662751556 us:  Set Handler: handle(0x7fffd89fd780), timestamp(0xe22cc0)
:3:rocvirtual.hpp           :56  : 1568662751634 us:  Host active wait for Signal = (0x7fffd89fd780) for -1 ns
:3:hip_device_runtime.cpp   :645 : 1568662751716 us:  hipDeviceSynchronize: Returned hipSuccess : 
:3:hip_platform.cpp         :237 : 1568662751801 us:  [32m __hipPushCallConfiguration ( {8,1,1}, {128,1,1}, 0, stream:<null> ) [0m
:3:hip_platform.cpp         :241 : 1568662751990 us:  __hipPushCallConfiguration: Returned hipSuccess : 
:3:hip_platform.cpp         :246 : 1568662752089 us:  [32m __hipPopCallConfiguration ( {3964667986,32767,128}, {2118224,0,4294925520}, 0x7fffffff5a20, 0x7fffffff5a18 ) [0m
:3:hip_platform.cpp         :255 : 1568662752252 us:  __hipPopCallConfiguration: Returned hipSuccess : 
:3:hip_module.cpp           :744 : 1568662752333 us:  [32m hipLaunchKernel ( 0x200fe0, {8,1,1}, {128,1,1}, 0x7fffffff59d0, 0, stream:<null> ) [0m
:3:rocvirtual.cpp           :226 : 1568662750338 us:  Handler: value(0), timestamp(0x73be30), handle(0x7fffd89fd700)
:3:rocvirtual.cpp           :226 : 1568662752594 us:  Handler: value(0), timestamp(0x73bfe0), handle(0x7fffd89fd780)
:3:devprogram.cpp           :2658: 1568662752599 us:  Using Code Object V5.
:3:rocvirtual.cpp           :762 : 1568662753241 us:  Arg0:   = ptr:0x7ffeabc00000
:3:rocvirtual.cpp           :778 : 1568662753328 us:  Arg0:   = ptr:0x7ffeabc00000 obj:[0x7ffeabc00000-0x7ffead94c000]
:3:rocvirtual.cpp           :762 : 1568662753407 us:  Arg1:   = ptr:0x7ffec4a00000
:3:rocvirtual.cpp           :778 : 1568662753481 us:  Arg1:   = ptr:0x7ffec4a00000 obj:[0x7ffec4a00000-0x7ffec4a06000]
:3:rocvirtual.cpp           :762 : 1568662753594 us:  Arg2:   = ptr:0x7ffe85c00000
:3:rocvirtual.cpp           :778 : 1568662753660 us:  Arg2:   = ptr:0x7ffe85c00000 obj:[0x7ffe85c00000-0x7ffe8794c000]
:3:rocvirtual.cpp           :853 : 1568662753747 us:  Arg3:   = val:768
:3:rocvirtual.cpp           :762 : 1568662753814 us:  Arg4:   = ptr:0x7ffec4a06000
:3:rocvirtual.cpp           :778 : 1568662753891 us:  Arg4:   = ptr:0x7ffec4a06000 obj:[0x7ffec4a06000-0x7ffec4a06024]
:3:rocvirtual.cpp           :3236: 1568662753966 us:  ShaderName : void dense_esuhm<float>(float const*, float const*, float*, int, int const*)
:3:rocdevice.cpp            :3322: 1568662756563 us:  Created hostcall buffer 0x7ffe94600000 for hardware queue 0x7ffec5800000
:3:devhostcall.cpp          :428 : 1568662756922 us:  Launched hostcall listener at 0xd7e330
:3:devhostcall.cpp          :441 : 1568662757003 us:  Registered hostcall buffer 0x7ffe94600000 with listener 0xd7e330
:3:rocvirtual.cpp           :853 : 1568662757108 us:  Arg0: ulong heap_to_initialize = val:140732197269504
:3:rocvirtual.cpp           :853 : 1568662757218 us:  Arg1: ulong initial_blocks = val:140731131887616
:3:rocvirtual.cpp           :853 : 1568662757342 us:  Arg2: uint heap_size = val:131072
:3:rocvirtual.cpp           :853 : 1568662757414 us:  Arg3: uint number_of_initial_blocks = val:4
:3:rocvirtual.cpp           :3236: 1568662757524 us:  ShaderName : __amd_rocclr_initHeap
:3:rocvirtual.cpp           :3449: 1568662757611 us:  KernargSegmentByteSize = 24 KernargSegmentAlignment = 128
:3:rocvirtual.hpp           :56  : 1568662757684 us:  Host active wait for Signal = (0x7fffd89ff480) for -1 ns
:3:rocvirtual.cpp           :3449: 1568662757765 us:  KernargSegmentByteSize = 296 KernargSegmentAlignment = 128
:3:hip_module.cpp           :745 : 1568662757846 us:  hipLaunchKernel: Returned hipSuccess : : duration: 5513 us
:3:hip_device_runtime.cpp   :641 : 1568662757914 us:  [32m hipDeviceSynchronize (  ) [0m
:3:rocvirtual.cpp           :533 : 1568662757989 us:  Set Handler: handle(0x7fffd89fd800), timestamp(0xe22bf0)
:3:rocvirtual.hpp           :56  : 1568662758073 us:  Host active wait for Signal = (0x7fffd89fd800) for -1 ns
:3:hip_device_runtime.cpp   :645 : 1568662758247 us:  hipDeviceSynchronize: Returned hipSuccess : 
:3:hip_memory.cpp           :795 : 1568662758321 us:  [32m hipMemcpy ( 0x7fffde29f010, 0x7ffe85c00000, 30720000, hipMemcpyDeviceToHost ) [0m
:3:rocvirtual.cpp           :226 : 1568662758249 us:  Handler: value(0), timestamp(0xd1a120), handle(0x7fffd89fd800)
:3:rocvirtual.hpp           :56  : 1568662764659 us:  Host active wait for Signal = (0x7fffd89ff380) for -1 ns
:3:rocvirtual.cpp           :533 : 1568662765843 us:  Set Handler: handle(0x7fffd89fd100), timestamp(0xef3b80)
:3:rocvirtual.hpp           :56  : 1568662765973 us:  Host active wait for Signal = (0x7fffd89fd100) for -1 ns
:3:hip_memory.cpp           :796 : 1568662766113 us:  hipMemcpy: Returned hipSuccess : : duration: 7792 us
:3:hip_memory.cpp           :3476: 1568662766428 us:  [32m hipMemset ( 0x7ffe85c00000, 0, 30720000 ) [0m
:3:rocvirtual.cpp           :762 : 1568662766527 us:  Arg0: void* buf = ptr:0x7ffe85c00000
:3:rocvirtual.cpp           :778 : 1568662766621 us:  Arg0: void* buf = ptr:0x7ffe85c00000 obj:[0x7ffe85c00000-0x7ffe8794c000]
:3:rocvirtual.cpp           :762 : 1568662766718 us:  Arg1: uchar* pattern = ptr:0x7ffec5600000
:3:rocvirtual.cpp           :853 : 1568662766810 us:  Arg2: uint pattern_size = val:1
:3:rocvirtual.cpp           :853 : 1568662766912 us:  Arg3: uint alignment = val:16
:3:rocvirtual.cpp           :853 : 1568662767000 us:  Arg4: ulong end_ptr = val:140731173093376
:3:rocvirtual.cpp           :853 : 1568662767099 us:  Arg5: uint next_chunk = val:28160
:3:rocvirtual.cpp           :3236: 1568662767222 us:  ShaderName : __amd_rocclr_fillBufferAligned
:3:rocvirtual.cpp           :3449: 1568662767339 us:  KernargSegmentByteSize = 296 KernargSegmentAlignment = 128
:3:hip_memory.cpp           :3477: 1568662767432 us:  hipMemset: Returned hipSuccess : 
:3:hip_device_runtime.cpp   :641 : 1568662767524 us:  [32m hipDeviceSynchronize (  ) [0m
:3:rocvirtual.cpp           :533 : 1568662767648 us:  Set Handler: handle(0x7fffd89fd080), timestamp(0xdc5cc0)
:3:rocvirtual.hpp           :56  : 1568662767771 us:  Host active wait for Signal = (0x7fffd89fd080) for -1 ns
:3:hip_device_runtime.cpp   :645 : 1568662767894 us:  hipDeviceSynchronize: Returned hipSuccess : 
:3:hip_platform.cpp         :237 : 1568662767981 us:  [32m __hipPushCallConfiguration ( {8,1,1}, {128,1,1}, 0, stream:<null> ) [0m
:3:hip_platform.cpp         :241 : 1568662768182 us:  __hipPushCallConfiguration: Returned hipSuccess : 
:3:hip_platform.cpp         :246 : 1568662768272 us:  [32m __hipPopCallConfiguration ( {3964667986,32767,128}, {2118224,0,4294925520}, 0x7fffffff5a20, 0x7fffffff5a18 ) [0m
:3:hip_platform.cpp         :255 : 1568662768482 us:  __hipPopCallConfiguration: Returned hipSuccess : 
:3:rocvirtual.cpp           :226 : 1568662766030 us:  Handler: value(0), timestamp(0xef4220), handle(0x7fffd89fd100)
:3:hip_module.cpp           :744 : 1568662768567 us:  [32m hipLaunchKernel ( 0x200fe8, {8,1,1}, {128,1,1}, 0x7fffffff59d0, 0, stream:<null> ) [0m
:3:rocvirtual.cpp           :762 : 1568662768917 us:  Arg0:   = ptr:0x7ffeabc00000
:3:rocvirtual.cpp           :778 : 1568662769007 us:  Arg0:   = ptr:0x7ffeabc00000 obj:[0x7ffeabc00000-0x7ffead94c000]
:3:rocvirtual.cpp           :762 : 1568662769108 us:  Arg1:   = ptr:0x7ffec4a00000
:3:rocvirtual.cpp           :778 : 1568662769200 us:  Arg1:   = ptr:0x7ffec4a00000 obj:[0x7ffec4a00000-0x7ffec4a06000]
:3:rocvirtual.cpp           :762 : 1568662769285 us:  Arg2:   = ptr:0x7ffe85c00000
:3:rocvirtual.cpp           :778 : 1568662769353 us:  Arg2:   = ptr:0x7ffe85c00000 obj:[0x7ffe85c00000-0x7ffe8794c000]
:3:rocvirtual.cpp           :853 : 1568662769442 us:  Arg3:   = val:768
:3:rocvirtual.cpp           :762 : 1568662769506 us:  Arg4:   = ptr:0x7ffec4a06000
:3:rocvirtual.cpp           :778 : 1568662769630 us:  Arg4:   = ptr:0x7ffec4a06000 obj:[0x7ffec4a06000-0x7ffec4a06024]
:3:rocvirtual.cpp           :226 : 1568662768683 us:  Handler: value(0), timestamp(0xef4290), handle(0x7fffd89fd080)
:3:rocvirtual.cpp           :3236: 1568662769703 us:  ShaderName : void dense_esuhm2<float>(float const*, float const*, float*, int, int const*)
:3:rocvirtual.cpp           :3449: 1568662769945 us:  KernargSegmentByteSize = 296 KernargSegmentAlignment = 128
:3:hip_module.cpp           :745 : 1568662770028 us:  hipLaunchKernel: Returned hipSuccess : : duration: 1461 us
:3:hip_device_runtime.cpp   :641 : 1568662770100 us:  [32m hipDeviceSynchronize (  ) [0m
:3:rocvirtual.cpp           :533 : 1568662770192 us:  Set Handler: handle(0x7fffd89fd000), timestamp(0xdc5c40)
:3:rocvirtual.hpp           :56  : 1568662770262 us:  Host active wait for Signal = (0x7fffd89fd000) for -1 ns
:3:hip_device_runtime.cpp   :645 : 1568662770327 us:  hipDeviceSynchronize: Returned hipSuccess : 
:3:hip_memory.cpp           :795 : 1568662770413 us:  [32m hipMemcpy ( 0x7fffdc552010, 0x7ffe85c00000, 30720000, hipMemcpyDeviceToHost ) [0m
:3:rocvirtual.cpp           :226 : 1568662770285 us:  Handler: value(0), timestamp(0xef4300), handle(0x7fffd89fd000)
:3:rocvirtual.hpp           :56  : 1568662774325 us:  Host active wait for Signal = (0x7fffd89ff180) for -1 ns
:3:rocvirtual.cpp           :533 : 1568662775499 us:  Set Handler: handle(0x7fffd89fcf80), timestamp(0xdc5da0)
:3:rocvirtual.hpp           :56  : 1568662775634 us:  Host active wait for Signal = (0x7fffd89fcf80) for -1 ns
:3:hip_memory.cpp           :796 : 1568662775754 us:  hipMemcpy: Returned hipSuccess : : duration: 5341 us
:3:hip_memory.cpp           :3476: 1568662775826 us:  [32m hipMemset ( 0x7ffe85c00000, 0, 30720000 ) [0m
:3:rocvirtual.cpp           :762 : 1568662775926 us:  Arg0: void* buf = ptr:0x7ffe85c00000
:3:rocvirtual.cpp           :778 : 1568662776024 us:  Arg0: void* buf = ptr:0x7ffe85c00000 obj:[0x7ffe85c00000-0x7ffe8794c000]
:3:rocvirtual.cpp           :762 : 1568662776113 us:  Arg1: uchar* pattern = ptr:0x7ffec5600000
:3:rocvirtual.cpp           :853 : 1568662776228 us:  Arg2: uint pattern_size = val:1
:3:rocvirtual.cpp           :853 : 1568662776327 us:  Arg3: uint alignment = val:16
:3:rocvirtual.cpp           :853 : 1568662776405 us:  Arg4: ulong end_ptr = val:140731173093376
:3:rocvirtual.cpp           :853 : 1568662776505 us:  Arg5: uint next_chunk = val:28160
:3:rocvirtual.cpp           :3236: 1568662776591 us:  ShaderName : __amd_rocclr_fillBufferAligned
:3:rocvirtual.cpp           :3449: 1568662776672 us:  KernargSegmentByteSize = 296 KernargSegmentAlignment = 128
:3:hip_memory.cpp           :3477: 1568662776742 us:  hipMemset: Returned hipSuccess : 
:3:hip_device_runtime.cpp   :641 : 1568662776864 us:  [32m hipDeviceSynchronize (  ) [0m
:3:rocvirtual.cpp           :226 : 1568662775676 us:  Handler: value(0), timestamp(0xef4370), handle(0x7fffd89fcf80)
:3:rocvirtual.cpp           :533 : 1568662776963 us:  Set Handler: handle(0x7fffd89fcf00), timestamp(0xdc5f60)
:3:rocvirtual.hpp           :56  : 1568662777168 us:  Host active wait for Signal = (0x7fffd89fcf00) for -1 ns
:3:hip_device_runtime.cpp   :645 : 1568662777267 us:  hipDeviceSynchronize: Returned hipSuccess : 
:3:hip_platform.cpp         :237 : 1568662777369 us:  [32m __hipPushCallConfiguration ( {8,1,1}, {128,1,1}, 0, stream:<null> ) [0m
:3:hip_platform.cpp         :241 : 1568662777539 us:  __hipPushCallConfiguration: Returned hipSuccess : 
:3:hip_platform.cpp         :246 : 1568662777638 us:  [32m __hipPopCallConfiguration ( {3964667986,32767,128}, {2118224,0,4294925520}, 0x7fffffff5a20, 0x7fffffff5a18 ) [0m
:3:hip_platform.cpp         :255 : 1568662777814 us:  __hipPopCallConfiguration: Returned hipSuccess : 
:3:rocvirtual.cpp           :226 : 1568662777209 us:  Handler: value(0), timestamp(0xef43e0), handle(0x7fffd89fcf00)
:3:hip_module.cpp           :744 : 1568662777887 us:  [32m hipLaunchKernel ( 0x200ff0, {8,1,1}, {128,1,1}, 0x7fffffff59d0, 0, stream:<null> ) [0m
:3:rocvirtual.cpp           :762 : 1568662778176 us:  Arg0:   = ptr:0x7ffeabc00000
:3:rocvirtual.cpp           :778 : 1568662778245 us:  Arg0:   = ptr:0x7ffeabc00000 obj:[0x7ffeabc00000-0x7ffead94c000]
:3:rocvirtual.cpp           :762 : 1568662778348 us:  Arg1:   = ptr:0x7ffec4a00000
:3:rocvirtual.cpp           :778 : 1568662778430 us:  Arg1:   = ptr:0x7ffec4a00000 obj:[0x7ffec4a00000-0x7ffec4a06000]
:3:rocvirtual.cpp           :762 : 1568662778503 us:  Arg2:   = ptr:0x7ffe85c00000
:3:rocvirtual.cpp           :778 : 1568662778574 us:  Arg2:   = ptr:0x7ffe85c00000 obj:[0x7ffe85c00000-0x7ffe8794c000]
:3:rocvirtual.cpp           :853 : 1568662778649 us:  Arg3:   = val:768
:3:rocvirtual.cpp           :762 : 1568662778720 us:  Arg4:   = ptr:0x7ffec4a06000
:3:rocvirtual.cpp           :778 : 1568662778805 us:  Arg4:   = ptr:0x7ffec4a06000 obj:[0x7ffec4a06000-0x7ffec4a06024]
:3:rocvirtual.cpp           :3236: 1568662778878 us:  ShaderName : void dense_esuhm3<float>(float const*, float const*, float*, int, int const*)
:3:rocvirtual.cpp           :3449: 1568662779029 us:  KernargSegmentByteSize = 296 KernargSegmentAlignment = 128
:3:hip_module.cpp           :745 : 1568662779107 us:  hipLaunchKernel: Returned hipSuccess : : duration: 1220 us
:3:hip_device_runtime.cpp   :641 : 1568662779188 us:  [32m hipDeviceSynchronize (  ) [0m
:3:rocvirtual.cpp           :533 : 1568662779263 us:  Set Handler: handle(0x7fffd89fce80), timestamp(0xef3860)
:3:rocvirtual.hpp           :56  : 1568662779337 us:  Host active wait for Signal = (0x7fffd89fce80) for -1 ns
:3:hip_device_runtime.cpp   :645 : 1568662779408 us:  hipDeviceSynchronize: Returned hipSuccess : 
:3:hip_memory.cpp           :795 : 1568662779475 us:  [32m hipMemcpy ( 0x7fffda805010, 0x7ffe85c00000, 30720000, hipMemcpyDeviceToHost ) [0m
:3:rocvirtual.cpp           :226 : 1568662779372 us:  Handler: value(0), timestamp(0xef4450), handle(0x7fffd89fce80)
:3:rocvirtual.hpp           :56  : 1568662783366 us:  Host active wait for Signal = (0x7fffd89fef80) for -1 ns
:3:rocvirtual.cpp           :533 : 1568662784540 us:  Set Handler: handle(0x7fffd89fce00), timestamp(0xf3ad40)
:3:rocvirtual.hpp           :56  : 1568662784705 us:  Host active wait for Signal = (0x7fffd89fce00) for -1 ns
:3:hip_memory.cpp           :796 : 1568662784846 us:  hipMemcpy: Returned hipSuccess : : duration: 5371 us
:3:rocvirtual.cpp           :226 : 1568662784760 us:  Handler: value(0), timestamp(0xef44c0), handle(0x7fffd89fce00)
:3:hip_memory.cpp           :3476: 1568662802921 us:  [32m hipMemset ( 0x7ffe85c00000, 0, 30720000 ) [0m
:3:rocvirtual.cpp           :762 : 1568662803126 us:  Arg0: void* buf = ptr:0x7ffe85c00000
:3:rocvirtual.cpp           :778 : 1568662803251 us:  Arg0: void* buf = ptr:0x7ffe85c00000 obj:[0x7ffe85c00000-0x7ffe8794c000]
:3:rocvirtual.cpp           :762 : 1568662803357 us:  Arg1: uchar* pattern = ptr:0x7ffec5600000
:3:rocvirtual.cpp           :853 : 1568662803587 us:  Arg2: uint pattern_size = val:1
:3:rocvirtual.cpp           :853 : 1568662803755 us:  Arg3: uint alignment = val:16
:3:rocvirtual.cpp           :853 : 1568662803879 us:  Arg4: ulong end_ptr = val:140731173093376
:3:rocvirtual.cpp           :853 : 1568662804030 us:  Arg5: uint next_chunk = val:28160
:3:rocvirtual.cpp           :3236: 1568662804144 us:  ShaderName : __amd_rocclr_fillBufferAligned
:3:rocvirtual.cpp           :3449: 1568662804298 us:  KernargSegmentByteSize = 296 KernargSegmentAlignment = 128
:3:hip_memory.cpp           :3477: 1568662804395 us:  hipMemset: Returned hipSuccess : 
:3:hip_device_runtime.cpp   :641 : 1568662804518 us:  [32m hipDeviceSynchronize (  ) [0m
:3:rocvirtual.cpp           :533 : 1568662804635 us:  Set Handler: handle(0x7fffd89fcd80), timestamp(0xef41e0)
:3:rocvirtual.hpp           :56  : 1568662804721 us:  Host active wait for Signal = (0x7fffd89fcd80) for -1 ns
:3:hip_device_runtime.cpp   :645 : 1568662804802 us:  hipDeviceSynchronize: Returned hipSuccess : 
:3:hip_platform.cpp         :237 : 1568662804894 us:  [32m __hipPushCallConfiguration ( {8,1,1}, {256,1,1}, 0, stream:<null> ) [0m
:3:hip_platform.cpp         :241 : 1568662805053 us:  __hipPushCallConfiguration: Returned hipSuccess : 
:3:hip_platform.cpp         :246 : 1568662805169 us:  [32m __hipPopCallConfiguration ( {3964667986,32767,256}, {2118224,0,4294925520}, 0x7fffffff5a20, 0x7fffffff5a18 ) [0m
:3:hip_platform.cpp         :255 : 1568662805340 us:  __hipPopCallConfiguration: Returned hipSuccess : 
:3:hip_module.cpp           :744 : 1568662805440 us:  [32m hipLaunchKernel ( 0x200fe0, {8,1,1}, {256,1,1}, 0x7fffffff59d0, 0, stream:<null> ) [0m
:3:rocvirtual.cpp           :762 : 1568662805597 us:  Arg0:   = ptr:0x7ffeabc00000
:3:rocvirtual.cpp           :778 : 1568662805676 us:  Arg0:   = ptr:0x7ffeabc00000 obj:[0x7ffeabc00000-0x7ffead94c000]
:3:rocvirtual.cpp           :762 : 1568662805800 us:  Arg1:   = ptr:0x7ffec4a00000
:3:rocvirtual.cpp           :778 : 1568662805895 us:  Arg1:   = ptr:0x7ffec4a00000 obj:[0x7ffec4a00000-0x7ffec4a06000]
:3:rocvirtual.cpp           :762 : 1568662805966 us:  Arg2:   = ptr:0x7ffe85c00000
:3:rocvirtual.cpp           :778 : 1568662806080 us:  Arg2:   = ptr:0x7ffe85c00000 obj:[0x7ffe85c00000-0x7ffe8794c000]
:3:rocvirtual.cpp           :853 : 1568662806201 us:  Arg3:   = val:768
:3:rocvirtual.cpp           :762 : 1568662806280 us:  Arg4:   = ptr:0x7ffec4a06000
:3:rocvirtual.cpp           :778 : 1568662806369 us:  Arg4:   = ptr:0x7ffec4a06000 obj:[0x7ffec4a06000-0x7ffec4a06024]
:3:rocvirtual.cpp           :3236: 1568662806448 us:  ShaderName : void dense_esuhm<float>(float const*, float const*, float*, int, int const*)
:3:rocvirtual.cpp           :3449: 1568662806624 us:  KernargSegmentByteSize = 296 KernargSegmentAlignment = 128
:3:hip_module.cpp           :745 : 1568662806739 us:  hipLaunchKernel: Returned hipSuccess : : duration: 1299 us
:3:hip_device_runtime.cpp   :641 : 1568662806825 us:  [32m hipDeviceSynchronize (  ) [0m
:3:rocvirtual.cpp           :533 : 1568662806909 us:  Set Handler: handle(0x7fffd89fcd00), timestamp(0xe27e30)
:3:rocvirtual.hpp           :56  : 1568662807002 us:  Host active wait for Signal = (0x7fffd89fcd00) for -1 ns
:3:hip_device_runtime.cpp   :645 : 1568662807084 us:  hipDeviceSynchronize: Returned hipSuccess : 
:3:rocvirtual.cpp           :226 : 1568662804762 us:  Handler: value(0), timestamp(0xef4450), handle(0x7fffd89fcd80)
:3:rocvirtual.cpp           :226 : 1568662807460 us:  Handler: value(0), timestamp(0xd1a0b0), handle(0x7fffd89fcd00)
:3:hip_memory.cpp           :795 : 1568662807351 us:  [32m hipMemcpy ( 0x7fffde29f010, 0x7ffe85c00000, 30720000, hipMemcpyDeviceToHost ) [0m
:3:rocvirtual.hpp           :56  : 1568662807755 us:  Host active wait for Signal = (0x7fffd89fed80) for -1 ns
:3:rocvirtual.cpp           :533 : 1568662808930 us:  Set Handler: handle(0x7fffd89fcc80), timestamp(0xef3a00)
:3:rocvirtual.hpp           :56  : 1568662809014 us:  Host active wait for Signal = (0x7fffd89fcc80) for -1 ns
:3:hip_memory.cpp           :796 : 1568662809092 us:  hipMemcpy: Returned hipSuccess : : duration: 1741 us
:3:hip_memory.cpp           :3476: 1568662809233 us:  [32m hipMemset ( 0x7ffe85c00000, 0, 30720000 ) [0m
:3:rocvirtual.cpp           :762 : 1568662809340 us:  Arg0: void* buf = ptr:0x7ffe85c00000
:3:rocvirtual.cpp           :778 : 1568662809404 us:  Arg0: void* buf = ptr:0x7ffe85c00000 obj:[0x7ffe85c00000-0x7ffe8794c000]
:3:rocvirtual.cpp           :762 : 1568662809482 us:  Arg1: uchar* pattern = ptr:0x7ffec5600000
:3:rocvirtual.cpp           :853 : 1568662809550 us:  Arg2: uint pattern_size = val:1
:3:rocvirtual.cpp           :853 : 1568662809624 us:  Arg3: uint alignment = val:16
:3:rocvirtual.cpp           :853 : 1568662809699 us:  Arg4: ulong end_ptr = val:140731173093376
:3:rocvirtual.cpp           :853 : 1568662809770 us:  Arg5: uint next_chunk = val:28160
:3:rocvirtual.cpp           :3236: 1568662809837 us:  ShaderName : __amd_rocclr_fillBufferAligned
:3:rocvirtual.cpp           :3449: 1568662809905 us:  KernargSegmentByteSize = 296 KernargSegmentAlignment = 128
:3:rocvirtual.cpp           :226 : 1568662809052 us:  Handler: value(0), timestamp(0xd1a0b0), handle(0x7fffd89fcc80)
:3:hip_memory.cpp           :3477: 1568662809976 us:  hipMemset: Returned hipSuccess : 
:3:hip_device_runtime.cpp   :641 : 1568662810165 us:  [32m hipDeviceSynchronize (  ) [0m
:3:rocvirtual.cpp           :533 : 1568662810285 us:  Set Handler: handle(0x7fffd89fcc00), timestamp(0xe27d70)
:3:rocvirtual.hpp           :56  : 1568662810352 us:  Host active wait for Signal = (0x7fffd89fcc00) for -1 ns
:3:hip_device_runtime.cpp   :645 : 1568662810433 us:  hipDeviceSynchronize: Returned hipSuccess : 
:3:rocvirtual.cpp           :226 : 1568662810373 us:  Handler: value(0), timestamp(0xef4300), handle(0x7fffd89fcc00)
:3:hip_platform.cpp         :237 : 1568662810510 us:  [32m __hipPushCallConfiguration ( {8,1,1}, {256,1,1}, 0, stream:<null> ) [0m
:3:hip_platform.cpp         :241 : 1568662810738 us:  __hipPushCallConfiguration: Returned hipSuccess : 
:3:hip_platform.cpp         :246 : 1568662810811 us:  [32m __hipPopCallConfiguration ( {3964667986,32767,256}, {2118224,0,4294925520}, 0x7fffffff5a20, 0x7fffffff5a18 ) [0m
:3:hip_platform.cpp         :255 : 1568662810945 us:  __hipPopCallConfiguration: Returned hipSuccess : 
:3:hip_module.cpp           :744 : 1568662811016 us:  [32m hipLaunchKernel ( 0x200fe8, {8,1,1}, {256,1,1}, 0x7fffffff59d0, 0, stream:<null> ) [0m
:3:rocvirtual.cpp           :762 : 1568662811171 us:  Arg0:   = ptr:0x7ffeabc00000
:3:rocvirtual.cpp           :778 : 1568662811245 us:  Arg0:   = ptr:0x7ffeabc00000 obj:[0x7ffeabc00000-0x7ffead94c000]
:3:rocvirtual.cpp           :762 : 1568662811314 us:  Arg1:   = ptr:0x7ffec4a00000
:3:rocvirtual.cpp           :778 : 1568662811378 us:  Arg1:   = ptr:0x7ffec4a00000 obj:[0x7ffec4a00000-0x7ffec4a06000]
:3:rocvirtual.cpp           :762 : 1568662811443 us:  Arg2:   = ptr:0x7ffe85c00000
:3:rocvirtual.cpp           :778 : 1568662811507 us:  Arg2:   = ptr:0x7ffe85c00000 obj:[0x7ffe85c00000-0x7ffe8794c000]
:3:rocvirtual.cpp           :853 : 1568662811587 us:  Arg3:   = val:768
:3:rocvirtual.cpp           :762 : 1568662811656 us:  Arg4:   = ptr:0x7ffec4a06000
:3:rocvirtual.cpp           :778 : 1568662811741 us:  Arg4:   = ptr:0x7ffec4a06000 obj:[0x7ffec4a06000-0x7ffec4a06024]
:3:rocvirtual.cpp           :3236: 1568662811815 us:  ShaderName : void dense_esuhm2<float>(float const*, float const*, float*, int, int const*)
:3:rocvirtual.cpp           :3449: 1568662811960 us:  KernargSegmentByteSize = 296 KernargSegmentAlignment = 128
:3:hip_module.cpp           :745 : 1568662812047 us:  hipLaunchKernel: Returned hipSuccess : : duration: 1031 us
:3:hip_device_runtime.cpp   :641 : 1568662812111 us:  [32m hipDeviceSynchronize (  ) [0m
:3:rocvirtual.cpp           :533 : 1568662812183 us:  Set Handler: handle(0x7fffd89fcb80), timestamp(0xe281b0)
:3:rocvirtual.hpp           :56  : 1568662812251 us:  Host active wait for Signal = (0x7fffd89fcb80) for -1 ns
:3:hip_device_runtime.cpp   :645 : 1568662812362 us:  hipDeviceSynchronize: Returned hipSuccess : 
:3:rocvirtual.cpp           :226 : 1568662812273 us:  Handler: value(0), timestamp(0xe28100), handle(0x7fffd89fcb80)
:3:hip_memory.cpp           :795 : 1568662812439 us:  [32m hipMemcpy ( 0x7fffdc552010, 0x7ffe85c00000, 30720000, hipMemcpyDeviceToHost ) [0m
:3:rocvirtual.hpp           :56  : 1568662812674 us:  Host active wait for Signal = (0x7fffd89feb80) for -1 ns
:3:rocvirtual.cpp           :533 : 1568662813848 us:  Set Handler: handle(0x7fffd89fcb00), timestamp(0xef3ea0)
:3:rocvirtual.hpp           :56  : 1568662813927 us:  Host active wait for Signal = (0x7fffd89fcb00) for -1 ns
:3:hip_memory.cpp           :796 : 1568662813999 us:  hipMemcpy: Returned hipSuccess : : duration: 1560 us
:3:rocvirtual.cpp           :226 : 1568662813964 us:  Handler: value(0), timestamp(0xe28100), handle(0x7fffd89fcb00)
:3:hip_memory.cpp           :3476: 1568662814074 us:  [32m hipMemset ( 0x7ffe85c00000, 0, 30720000 ) [0m
:3:rocvirtual.cpp           :762 : 1568662814237 us:  Arg0: void* buf = ptr:0x7ffe85c00000
:3:rocvirtual.cpp           :778 : 1568662814306 us:  Arg0: void* buf = ptr:0x7ffe85c00000 obj:[0x7ffe85c00000-0x7ffe8794c000]
:3:rocvirtual.cpp           :762 : 1568662814377 us:  Arg1: uchar* pattern = ptr:0x7ffec5600000
:3:rocvirtual.cpp           :853 : 1568662814443 us:  Arg2: uint pattern_size = val:1
:3:rocvirtual.cpp           :853 : 1568662814511 us:  Arg3: uint alignment = val:16
:3:rocvirtual.cpp           :853 : 1568662814578 us:  Arg4: ulong end_ptr = val:140731173093376
:3:rocvirtual.cpp           :853 : 1568662814654 us:  Arg5: uint next_chunk = val:28160
:3:rocvirtual.cpp           :3236: 1568662814718 us:  ShaderName : __amd_rocclr_fillBufferAligned
:3:rocvirtual.cpp           :3449: 1568662814791 us:  KernargSegmentByteSize = 296 KernargSegmentAlignment = 128
:3:hip_memory.cpp           :3477: 1568662814860 us:  hipMemset: Returned hipSuccess : 
:3:hip_device_runtime.cpp   :641 : 1568662814932 us:  [32m hipDeviceSynchronize (  ) [0m
:3:rocvirtual.cpp           :533 : 1568662815003 us:  Set Handler: handle(0x7fffd89fca80), timestamp(0xe28370)
:3:rocvirtual.hpp           :56  : 1568662815073 us:  Host active wait for Signal = (0x7fffd89fca80) for -1 ns
:3:hip_device_runtime.cpp   :645 : 1568662815162 us:  hipDeviceSynchronize: Returned hipSuccess : 
:3:hip_platform.cpp         :237 : 1568662815236 us:  [32m __hipPushCallConfiguration ( {8,1,1}, {256,1,1}, 0, stream:<null> ) [0m
:3:hip_platform.cpp         :241 : 1568662815364 us:  __hipPushCallConfiguration: Returned hipSuccess : 
:3:rocvirtual.cpp           :226 : 1568662815095 us:  Handler: value(0), timestamp(0xe282c0), handle(0x7fffd89fca80)
:3:hip_platform.cpp         :246 : 1568662815432 us:  [32m __hipPopCallConfiguration ( {3964667986,32767,256}, {2118224,0,4294925520}, 0x7fffffff5a20, 0x7fffffff5a18 ) [0m
:3:hip_platform.cpp         :255 : 1568662815670 us:  __hipPopCallConfiguration: Returned hipSuccess : 
:3:hip_module.cpp           :744 : 1568662815740 us:  [32m hipLaunchKernel ( 0x200ff0, {8,1,1}, {256,1,1}, 0x7fffffff59d0, 0, stream:<null> ) [0m
:3:rocvirtual.cpp           :762 : 1568662815872 us:  Arg0:   = ptr:0x7ffeabc00000
:3:rocvirtual.cpp           :778 : 1568662815963 us:  Arg0:   = ptr:0x7ffeabc00000 obj:[0x7ffeabc00000-0x7ffead94c000]
:3:rocvirtual.cpp           :762 : 1568662816032 us:  Arg1:   = ptr:0x7ffec4a00000
:3:rocvirtual.cpp           :778 : 1568662816139 us:  Arg1:   = ptr:0x7ffec4a00000 obj:[0x7ffec4a00000-0x7ffec4a06000]
:3:rocvirtual.cpp           :762 : 1568662816204 us:  Arg2:   = ptr:0x7ffe85c00000
:3:rocvirtual.cpp           :778 : 1568662816279 us:  Arg2:   = ptr:0x7ffe85c00000 obj:[0x7ffe85c00000-0x7ffe8794c000]
:3:rocvirtual.cpp           :853 : 1568662816345 us:  Arg3:   = val:768
:3:rocvirtual.cpp           :762 : 1568662816417 us:  Arg4:   = ptr:0x7ffec4a06000
:3:rocvirtual.cpp           :778 : 1568662816483 us:  Arg4:   = ptr:0x7ffec4a06000 obj:[0x7ffec4a06000-0x7ffec4a06024]
:3:rocvirtual.cpp           :3236: 1568662816554 us:  ShaderName : void dense_esuhm3<float>(float const*, float const*, float*, int, int const*)
:3:rocvirtual.cpp           :3449: 1568662816691 us:  KernargSegmentByteSize = 296 KernargSegmentAlignment = 128
:3:hip_module.cpp           :745 : 1568662816756 us:  hipLaunchKernel: Returned hipSuccess : : duration: 1016 us
:3:hip_device_runtime.cpp   :641 : 1568662816823 us:  [32m hipDeviceSynchronize (  ) [0m
:3:rocvirtual.cpp           :533 : 1568662816895 us:  Set Handler: handle(0x7fffd89fca00), timestamp(0xe0a820)
:3:rocvirtual.hpp           :56  : 1568662816966 us:  Host active wait for Signal = (0x7fffd89fca00) for -1 ns
:3:hip_device_runtime.cpp   :645 : 1568662817034 us:  hipDeviceSynchronize: Returned hipSuccess : 
:3:hip_memory.cpp           :795 : 1568662817107 us:  [32m hipMemcpy ( 0x7fffda805010, 0x7ffe85c00000, 30720000, hipMemcpyDeviceToHost ) [0m
:3:rocvirtual.hpp           :56  : 1568662817255 us:  Host active wait for Signal = (0x7fffd89fe980) for -1 ns
:3:rocvirtual.cpp           :226 : 1568662816987 us:  Handler: value(0), timestamp(0xe0a770), handle(0x7fffd89fca00)
:3:rocvirtual.cpp           :533 : 1568662818425 us:  Set Handler: handle(0x7fffd89fc980), timestamp(0xef4040)
:3:rocvirtual.hpp           :56  : 1568662818493 us:  Host active wait for Signal = (0x7fffd89fc980) for -1 ns
:3:hip_memory.cpp           :796 : 1568662818564 us:  hipMemcpy: Returned hipSuccess : : duration: 1457 us
:3:rocvirtual.cpp           :226 : 1568662818515 us:  Handler: value(0), timestamp(0xe0abb0), handle(0x7fffd89fc980)
:3:hip_memory.cpp           :3476: 1568662860827 us:  [32m hipMemset ( 0x7ffe85c00000, 0, 30720000 ) [0m
:3:rocvirtual.cpp           :762 : 1568662860966 us:  Arg0: void* buf = ptr:0x7ffe85c00000
:3:rocvirtual.cpp           :778 : 1568662861179 us:  Arg0: void* buf = ptr:0x7ffe85c00000 obj:[0x7ffe85c00000-0x7ffe8794c000]
:3:rocvirtual.cpp           :762 : 1568662861288 us:  Arg1: uchar* pattern = ptr:0x7ffec5600000
:3:rocvirtual.cpp           :853 : 1568662861492 us:  Arg2: uint pattern_size = val:1
:3:rocvirtual.cpp           :853 : 1568662861636 us:  Arg3: uint alignment = val:16
:3:rocvirtual.cpp           :853 : 1568662861816 us:  Arg4: ulong end_ptr = val:140731173093376
:3:rocvirtual.cpp           :853 : 1568662861896 us:  Arg5: uint next_chunk = val:28160
:3:rocvirtual.cpp           :3236: 1568662862010 us:  ShaderName : __amd_rocclr_fillBufferAligned
:3:rocvirtual.cpp           :3449: 1568662862146 us:  KernargSegmentByteSize = 296 KernargSegmentAlignment = 128
:3:hip_memory.cpp           :3477: 1568662862347 us:  hipMemset: Returned hipSuccess : 
:3:hip_device_runtime.cpp   :641 : 1568662862441 us:  [32m hipDeviceSynchronize (  ) [0m
:3:rocvirtual.cpp           :533 : 1568662862587 us:  Set Handler: handle(0x7fffd89fc900), timestamp(0xe27c90)
:3:rocvirtual.hpp           :56  : 1568662862656 us:  Host active wait for Signal = (0x7fffd89fc900) for -1 ns
:3:hip_device_runtime.cpp   :645 : 1568662862738 us:  hipDeviceSynchronize: Returned hipSuccess : 
:3:hip_platform.cpp         :237 : 1568662862817 us:  [32m __hipPushCallConfiguration ( {8,1,1}, {512,1,1}, 0, stream:<null> ) [0m
:3:hip_platform.cpp         :241 : 1568662862970 us:  __hipPushCallConfiguration: Returned hipSuccess : 
:3:hip_platform.cpp         :246 : 1568662863055 us:  [32m __hipPopCallConfiguration ( {3964667986,32767,512}, {2118224,0,4294925520}, 0x7fffffff5a20, 0x7fffffff5a18 ) [0m
:3:hip_platform.cpp         :255 : 1568662863196 us:  __hipPopCallConfiguration: Returned hipSuccess : 
:3:hip_module.cpp           :744 : 1568662863275 us:  [32m hipLaunchKernel ( 0x200fe0, {8,1,1}, {512,1,1}, 0x7fffffff59d0, 0, stream:<null> ) [0m
:3:rocvirtual.cpp           :762 : 1568662863456 us:  Arg0:   = ptr:0x7ffeabc00000
:3:rocvirtual.cpp           :778 : 1568662863526 us:  Arg0:   = ptr:0x7ffeabc00000 obj:[0x7ffeabc00000-0x7ffead94c000]
:3:rocvirtual.cpp           :762 : 1568662863603 us:  Arg1:   = ptr:0x7ffec4a00000
:3:rocvirtual.cpp           :778 : 1568662863736 us:  Arg1:   = ptr:0x7ffec4a00000 obj:[0x7ffec4a00000-0x7ffec4a06000]
:3:rocvirtual.cpp           :762 : 1568662863805 us:  Arg2:   = ptr:0x7ffe85c00000
:3:rocvirtual.cpp           :778 : 1568662863926 us:  Arg2:   = ptr:0x7ffe85c00000 obj:[0x7ffe85c00000-0x7ffe8794c000]
:3:rocvirtual.cpp           :853 : 1568662864035 us:  Arg3:   = val:768
:3:rocvirtual.cpp           :762 : 1568662864163 us:  Arg4:   = ptr:0x7ffec4a06000
:3:rocvirtual.cpp           :778 : 1568662864230 us:  Arg4:   = ptr:0x7ffec4a06000 obj:[0x7ffec4a06000-0x7ffec4a06024]
:3:rocvirtual.cpp           :3236: 1568662864354 us:  ShaderName : void dense_esuhm<float>(float const*, float const*, float*, int, int const*)
:3:rocvirtual.cpp           :3449: 1568662864563 us:  KernargSegmentByteSize = 296 KernargSegmentAlignment = 128
:3:hip_module.cpp           :745 : 1568662864637 us:  hipLaunchKernel: Returned hipSuccess : : duration: 1362 us
:3:hip_device_runtime.cpp   :641 : 1568662864716 us:  [32m hipDeviceSynchronize (  ) [0m
:3:rocvirtual.cpp           :226 : 1568662862683 us:  Handler: value(0), timestamp(0xe0a770), handle(0x7fffd89fc900)
:3:rocvirtual.cpp           :533 : 1568662864797 us:  Set Handler: handle(0x7fffd89fc880), timestamp(0xd0aca0)
:3:rocvirtual.hpp           :56  : 1568662864943 us:  Host active wait for Signal = (0x7fffd89fc880) for -1 ns
:3:hip_device_runtime.cpp   :645 : 1568662865015 us:  hipDeviceSynchronize: Returned hipSuccess : 
:3:rocvirtual.cpp           :226 : 1568662864964 us:  Handler: value(0), timestamp(0xd0abf0), handle(0x7fffd89fc880)
:3:hip_memory.cpp           :795 : 1568662865084 us:  [32m hipMemcpy ( 0x7fffde29f010, 0x7ffe85c00000, 30720000, hipMemcpyDeviceToHost ) [0m
:3:rocvirtual.hpp           :56  : 1568662865358 us:  Host active wait for Signal = (0x7fffd89fe780) for -1 ns
:3:rocvirtual.cpp           :533 : 1568662866530 us:  Set Handler: handle(0x7fffd89fc800), timestamp(0xe27df0)
:3:rocvirtual.hpp           :56  : 1568662866658 us:  Host active wait for Signal = (0x7fffd89fc800) for -1 ns
:3:hip_memory.cpp           :796 : 1568662866744 us:  hipMemcpy: Returned hipSuccess : : duration: 1660 us
:3:hip_memory.cpp           :3476: 1568662866822 us:  [32m hipMemset ( 0x7ffe85c00000, 0, 30720000 ) [0m
:3:rocvirtual.cpp           :226 : 1568662866695 us:  Handler: value(0), timestamp(0xd0abf0), handle(0x7fffd89fc800)
:3:rocvirtual.cpp           :762 : 1568662866892 us:  Arg0: void* buf = ptr:0x7ffe85c00000
:3:rocvirtual.cpp           :778 : 1568662867072 us:  Arg0: void* buf = ptr:0x7ffe85c00000 obj:[0x7ffe85c00000-0x7ffe8794c000]
:3:rocvirtual.cpp           :762 : 1568662867146 us:  Arg1: uchar* pattern = ptr:0x7ffec5600000
:3:rocvirtual.cpp           :853 : 1568662867234 us:  Arg2: uint pattern_size = val:1
:3:rocvirtual.cpp           :853 : 1568662867310 us:  Arg3: uint alignment = val:16
:3:rocvirtual.cpp           :853 : 1568662867383 us:  Arg4: ulong end_ptr = val:140731173093376
:3:rocvirtual.cpp           :853 : 1568662867457 us:  Arg5: uint next_chunk = val:28160
:3:rocvirtual.cpp           :3236: 1568662867528 us:  ShaderName : __amd_rocclr_fillBufferAligned
:3:rocvirtual.cpp           :3449: 1568662867609 us:  KernargSegmentByteSize = 296 KernargSegmentAlignment = 128
:3:hip_memory.cpp           :3477: 1568662867685 us:  hipMemset: Returned hipSuccess : 
:3:hip_device_runtime.cpp   :641 : 1568662867781 us:  [32m hipDeviceSynchronize (  ) [0m
:3:rocvirtual.cpp           :533 : 1568662867857 us:  Set Handler: handle(0x7fffd89fc780), timestamp(0xd0ab70)
:3:rocvirtual.hpp           :56  : 1568662867933 us:  Host active wait for Signal = (0x7fffd89fc780) for -1 ns
:3:hip_device_runtime.cpp   :645 : 1568662868029 us:  hipDeviceSynchronize: Returned hipSuccess : 
:3:hip_platform.cpp         :237 : 1568662868106 us:  [32m __hipPushCallConfiguration ( {8,1,1}, {512,1,1}, 0, stream:<null> ) [0m
:3:hip_platform.cpp         :241 : 1568662868253 us:  __hipPushCallConfiguration: Returned hipSuccess : 
:3:hip_platform.cpp         :246 : 1568662868320 us:  [32m __hipPopCallConfiguration ( {3964667986,32767,512}, {2118224,0,4294925520}, 0x7fffffff5a20, 0x7fffffff5a18 ) [0m
:3:hip_platform.cpp         :255 : 1568662868454 us:  __hipPopCallConfiguration: Returned hipSuccess : 
:3:hip_module.cpp           :744 : 1568662868554 us:  [32m hipLaunchKernel ( 0x200fe8, {8,1,1}, {512,1,1}, 0x7fffffff59d0, 0, stream:<null> ) [0m
:3:rocvirtual.cpp           :762 : 1568662868714 us:  Arg0:   = ptr:0x7ffeabc00000
:3:rocvirtual.cpp           :778 : 1568662868819 us:  Arg0:   = ptr:0x7ffeabc00000 obj:[0x7ffeabc00000-0x7ffead94c000]
:3:rocvirtual.cpp           :762 : 1568662868926 us:  Arg1:   = ptr:0x7ffec4a00000
:3:rocvirtual.cpp           :778 : 1568662868999 us:  Arg1:   = ptr:0x7ffec4a00000 obj:[0x7ffec4a00000-0x7ffec4a06000]
:3:rocvirtual.cpp           :762 : 1568662869077 us:  Arg2:   = ptr:0x7ffe85c00000
:3:rocvirtual.cpp           :778 : 1568662869147 us:  Arg2:   = ptr:0x7ffe85c00000 obj:[0x7ffe85c00000-0x7ffe8794c000]
:3:rocvirtual.cpp           :853 : 1568662869218 us:  Arg3:   = val:768
:3:rocvirtual.cpp           :762 : 1568662869294 us:  Arg4:   = ptr:0x7ffec4a06000
:3:rocvirtual.cpp           :778 : 1568662869377 us:  Arg4:   = ptr:0x7ffec4a06000 obj:[0x7ffec4a06000-0x7ffec4a06024]
:3:rocvirtual.cpp           :3236: 1568662869449 us:  ShaderName : void dense_esuhm2<float>(float const*, float const*, float*, int, int const*)
:3:rocvirtual.cpp           :3449: 1568662869622 us:  KernargSegmentByteSize = 296 KernargSegmentAlignment = 128
:3:hip_module.cpp           :745 : 1568662869691 us:  hipLaunchKernel: Returned hipSuccess : : duration: 1137 us
:3:hip_device_runtime.cpp   :641 : 1568662869758 us:  [32m hipDeviceSynchronize (  ) [0m
:3:rocvirtual.cpp           :533 : 1568662869849 us:  Set Handler: handle(0x7fffd89fc700), timestamp(0xd0b340)
:3:rocvirtual.hpp           :56  : 1568662869915 us:  Host active wait for Signal = (0x7fffd89fc700) for -1 ns
:3:hip_device_runtime.cpp   :645 : 1568662869986 us:  hipDeviceSynchronize: Returned hipSuccess : 
:3:rocvirtual.cpp           :226 : 1568662867958 us:  Handler: value(0), timestamp(0xe0ad70), handle(0x7fffd89fc780)
:3:hip_memory.cpp           :795 : 1568662870072 us:  [32m hipMemcpy ( 0x7fffdc552010, 0x7ffe85c00000, 30720000, hipMemcpyDeviceToHost ) [0m
:3:rocvirtual.cpp           :226 : 1568662870160 us:  Handler: value(0), timestamp(0xd0b270), handle(0x7fffd89fc700)
:3:rocvirtual.hpp           :56  : 1568662870303 us:  Host active wait for Signal = (0x7fffd89fe580) for -1 ns
:3:rocvirtual.cpp           :533 : 1568662871474 us:  Set Handler: handle(0x7fffd89fc680), timestamp(0xd0af60)
:3:rocvirtual.hpp           :56  : 1568662871544 us:  Host active wait for Signal = (0x7fffd89fc680) for -1 ns
:3:hip_memory.cpp           :796 : 1568662871627 us:  hipMemcpy: Returned hipSuccess : : duration: 1555 us
:3:hip_memory.cpp           :3476: 1568662871698 us:  [32m hipMemset ( 0x7ffe85c00000, 0, 30720000 ) [0m
:3:rocvirtual.cpp           :226 : 1568662871565 us:  Handler: value(0), timestamp(0xe27fe0), handle(0x7fffd89fc680)
:3:rocvirtual.cpp           :762 : 1568662871772 us:  Arg0: void* buf = ptr:0x7ffe85c00000
:3:rocvirtual.cpp           :778 : 1568662871926 us:  Arg0: void* buf = ptr:0x7ffe85c00000 obj:[0x7ffe85c00000-0x7ffe8794c000]
:3:rocvirtual.cpp           :762 : 1568662871989 us:  Arg1: uchar* pattern = ptr:0x7ffec5600000
:3:rocvirtual.cpp           :853 : 1568662872061 us:  Arg2: uint pattern_size = val:1
:3:rocvirtual.cpp           :853 : 1568662872125 us:  Arg3: uint alignment = val:16
:3:rocvirtual.cpp           :853 : 1568662872197 us:  Arg4: ulong end_ptr = val:140731173093376
:3:rocvirtual.cpp           :853 : 1568662872260 us:  Arg5: uint next_chunk = val:28160
:3:rocvirtual.cpp           :3236: 1568662872374 us:  ShaderName : __amd_rocclr_fillBufferAligned
:3:rocvirtual.cpp           :3449: 1568662872436 us:  KernargSegmentByteSize = 296 KernargSegmentAlignment = 128
:3:hip_memory.cpp           :3477: 1568662872518 us:  hipMemset: Returned hipSuccess : 
:3:hip_device_runtime.cpp   :641 : 1568662872584 us:  [32m hipDeviceSynchronize (  ) [0m
:3:rocvirtual.cpp           :533 : 1568662872675 us:  Set Handler: handle(0x7fffd89fc600), timestamp(0xe0aaf0)
:3:rocvirtual.hpp           :56  : 1568662872742 us:  Host active wait for Signal = (0x7fffd89fc600) for -1 ns
:3:hip_device_runtime.cpp   :645 : 1568662872816 us:  hipDeviceSynchronize: Returned hipSuccess : 
:3:hip_platform.cpp         :237 : 1568662872886 us:  [32m __hipPushCallConfiguration ( {8,1,1}, {512,1,1}, 0, stream:<null> ) [0m
:3:hip_platform.cpp         :241 : 1568662873035 us:  __hipPushCallConfiguration: Returned hipSuccess : 
:3:rocvirtual.cpp           :226 : 1568662872763 us:  Handler: value(0), timestamp(0xd0b270), handle(0x7fffd89fc600)
:3:hip_platform.cpp         :246 : 1568662873106 us:  [32m __hipPopCallConfiguration ( {3964667986,32767,512}, {2118224,0,4294925520}, 0x7fffffff5a20, 0x7fffffff5a18 ) [0m
:3:hip_platform.cpp         :255 : 1568662873326 us:  __hipPopCallConfiguration: Returned hipSuccess : 
:3:hip_module.cpp           :744 : 1568662873397 us:  [32m hipLaunchKernel ( 0x200ff0, {8,1,1}, {512,1,1}, 0x7fffffff59d0, 0, stream:<null> ) [0m
:3:rocvirtual.cpp           :762 : 1568662873531 us:  Arg0:   = ptr:0x7ffeabc00000
:3:rocvirtual.cpp           :778 : 1568662873595 us:  Arg0:   = ptr:0x7ffeabc00000 obj:[0x7ffeabc00000-0x7ffead94c000]
:3:rocvirtual.cpp           :762 : 1568662873671 us:  Arg1:   = ptr:0x7ffec4a00000
:3:rocvirtual.cpp           :778 : 1568662873736 us:  Arg1:   = ptr:0x7ffec4a00000 obj:[0x7ffec4a00000-0x7ffec4a06000]
:3:rocvirtual.cpp           :762 : 1568662873804 us:  Arg2:   = ptr:0x7ffe85c00000
:3:rocvirtual.cpp           :778 : 1568662873872 us:  Arg2:   = ptr:0x7ffe85c00000 obj:[0x7ffe85c00000-0x7ffe8794c000]
:3:rocvirtual.cpp           :853 : 1568662873945 us:  Arg3:   = val:768
:3:rocvirtual.cpp           :762 : 1568662874009 us:  Arg4:   = ptr:0x7ffec4a06000
:3:rocvirtual.cpp           :778 : 1568662874079 us:  Arg4:   = ptr:0x7ffec4a06000 obj:[0x7ffec4a06000-0x7ffec4a06024]
:3:rocvirtual.cpp           :3236: 1568662874139 us:  ShaderName : void dense_esuhm3<float>(float const*, float const*, float*, int, int const*)
:3:rocvirtual.cpp           :3449: 1568662874267 us:  KernargSegmentByteSize = 296 KernargSegmentAlignment = 128
:3:hip_module.cpp           :745 : 1568662874365 us:  hipLaunchKernel: Returned hipSuccess : : duration: 968 us
:3:hip_device_runtime.cpp   :641 : 1568662874448 us:  [32m hipDeviceSynchronize (  ) [0m
:3:rocvirtual.cpp           :533 : 1568662874525 us:  Set Handler: handle(0x7fffd89fc580), timestamp(0xe0aab0)
:3:rocvirtual.hpp           :56  : 1568662874592 us:  Host active wait for Signal = (0x7fffd89fc580) for -1 ns
:3:hip_device_runtime.cpp   :645 : 1568662874663 us:  hipDeviceSynchronize: Returned hipSuccess : 
:3:hip_memory.cpp           :795 : 1568662874739 us:  [32m hipMemcpy ( 0x7fffda805010, 0x7ffe85c00000, 30720000, hipMemcpyDeviceToHost ) [0m
:3:rocvirtual.hpp           :56  : 1568662874891 us:  Host active wait for Signal = (0x7fffd89fe380) for -1 ns
:3:rocvirtual.cpp           :226 : 1568662874613 us:  Handler: value(0), timestamp(0xd832f0), handle(0x7fffd89fc580)
:3:rocvirtual.cpp           :533 : 1568662876062 us:  Set Handler: handle(0x7fffd89fc500), timestamp(0xd0b2e0)
:3:rocvirtual.hpp           :56  : 1568662876143 us:  Host active wait for Signal = (0x7fffd89fc500) for -1 ns
:3:hip_memory.cpp           :796 : 1568662876223 us:  hipMemcpy: Returned hipSuccess : : duration: 1484 us
:3:rocvirtual.cpp           :226 : 1568662876164 us:  Handler: value(0), timestamp(0xd83670), handle(0x7fffd89fc500)
:3:hip_memory.cpp           :3476: 1568662894718 us:  [32m hipMemset ( 0x7ffe85c00000, 0, 30720000 ) [0m
:3:rocvirtual.cpp           :762 : 1568662894874 us:  Arg0: void* buf = ptr:0x7ffe85c00000
:3:rocvirtual.cpp           :778 : 1568662894964 us:  Arg0: void* buf = ptr:0x7ffe85c00000 obj:[0x7ffe85c00000-0x7ffe8794c000]
:3:rocvirtual.cpp           :762 : 1568662895210 us:  Arg1: uchar* pattern = ptr:0x7ffec5600000
:3:rocvirtual.cpp           :853 : 1568662895294 us:  Arg2: uint pattern_size = val:1
:3:rocvirtual.cpp           :853 : 1568662895403 us:  Arg3: uint alignment = val:16
:3:rocvirtual.cpp           :853 : 1568662895493 us:  Arg4: ulong end_ptr = val:140731173093376
:3:rocvirtual.cpp           :853 : 1568662895591 us:  Arg5: uint next_chunk = val:28160
:3:rocvirtual.cpp           :3236: 1568662895674 us:  ShaderName : __amd_rocclr_fillBufferAligned
:3:rocvirtual.cpp           :3449: 1568662895816 us:  KernargSegmentByteSize = 296 KernargSegmentAlignment = 128
:3:hip_memory.cpp           :3477: 1568662895927 us:  hipMemset: Returned hipSuccess : 
:3:hip_device_runtime.cpp   :641 : 1568662896302 us:  [32m hipDeviceSynchronize (  ) [0m
:3:rocvirtual.cpp           :533 : 1568662896369 us:  Set Handler: handle(0x7fffd89fc480), timestamp(0xd83920)
:3:rocvirtual.hpp           :56  : 1568662896489 us:  Host active wait for Signal = (0x7fffd89fc480) for -1 ns
:3:hip_device_runtime.cpp   :645 : 1568662896610 us:  hipDeviceSynchronize: Returned hipSuccess : 
:3:hip_platform.cpp         :237 : 1568662896740 us:  [32m __hipPushCallConfiguration ( {8,1,1}, {1024,1,1}, 0, stream:<null> ) [0m
:3:hip_platform.cpp         :241 : 1568662896951 us:  __hipPushCallConfiguration: Returned hipSuccess : 
:3:hip_platform.cpp         :246 : 1568662897056 us:  [32m __hipPopCallConfiguration ( {3964667986,32767,1024}, {2118224,0,4294925520}, 0x7fffffff5a20, 0x7fffffff5a18 ) [0m
:3:hip_platform.cpp         :255 : 1568662897198 us:  __hipPopCallConfiguration: Returned hipSuccess : 
:3:hip_module.cpp           :744 : 1568662897272 us:  [32m hipLaunchKernel ( 0x200fe0, {8,1,1}, {1024,1,1}, 0x7fffffff59d0, 0, stream:<null> ) [0m
:3:rocvirtual.cpp           :762 : 1568662897445 us:  Arg0:   = ptr:0x7ffeabc00000
:3:rocvirtual.cpp           :778 : 1568662897519 us:  Arg0:   = ptr:0x7ffeabc00000 obj:[0x7ffeabc00000-0x7ffead94c000]
:3:rocvirtual.cpp           :762 : 1568662897603 us:  Arg1:   = ptr:0x7ffec4a00000
:3:rocvirtual.cpp           :778 : 1568662897671 us:  Arg1:   = ptr:0x7ffec4a00000 obj:[0x7ffec4a00000-0x7ffec4a06000]
:3:rocvirtual.cpp           :762 : 1568662897780 us:  Arg2:   = ptr:0x7ffe85c00000
:3:rocvirtual.cpp           :778 : 1568662897857 us:  Arg2:   = ptr:0x7ffe85c00000 obj:[0x7ffe85c00000-0x7ffe8794c000]
:3:rocvirtual.cpp           :853 : 1568662897936 us:  Arg3:   = val:768
:3:rocvirtual.cpp           :762 : 1568662898004 us:  Arg4:   = ptr:0x7ffec4a06000
:3:rocvirtual.cpp           :778 : 1568662898075 us:  Arg4:   = ptr:0x7ffec4a06000 obj:[0x7ffec4a06000-0x7ffec4a06024]
:3:rocvirtual.cpp           :3236: 1568662898157 us:  ShaderName : void dense_esuhm<float>(float const*, float const*, float*, int, int const*)
:3:rocvirtual.cpp           :3449: 1568662898306 us:  KernargSegmentByteSize = 296 KernargSegmentAlignment = 128
:3:hip_module.cpp           :745 : 1568662898378 us:  hipLaunchKernel: Returned hipSuccess : : duration: 1106 us
:3:hip_device_runtime.cpp   :641 : 1568662898446 us:  [32m hipDeviceSynchronize (  ) [0m
:3:rocvirtual.cpp           :533 : 1568662898525 us:  Set Handler: handle(0x7fffd89fc400), timestamp(0xeff200)
:3:rocvirtual.hpp           :56  : 1568662898593 us:  Host active wait for Signal = (0x7fffd89fc400) for -1 ns
:3:hip_device_runtime.cpp   :645 : 1568662898662 us:  hipDeviceSynchronize: Returned hipSuccess : 
:3:hip_memory.cpp           :795 : 1568662898743 us:  [32m hipMemcpy ( 0x7fffde29f010, 0x7ffe85c00000, 30720000, hipMemcpyDeviceToHost ) [0m
:3:rocvirtual.hpp           :56  : 1568662898896 us:  Host active wait for Signal = (0x7fffd89fe180) for -1 ns
:3:rocvirtual.cpp           :226 : 1568662896534 us:  Handler: value(0), timestamp(0xd832f0), handle(0x7fffd89fc480)
:3:rocvirtual.cpp           :226 : 1568662899087 us:  Handler: value(0), timestamp(0xeff150), handle(0x7fffd89fc400)
:3:rocvirtual.cpp           :533 : 1568662900069 us:  Set Handler: handle(0x7fffd89fc380), timestamp(0xe0ab70)
:3:rocvirtual.hpp           :56  : 1568662900141 us:  Host active wait for Signal = (0x7fffd89fc380) for -1 ns
:3:hip_memory.cpp           :796 : 1568662900235 us:  hipMemcpy: Returned hipSuccess : : duration: 1492 us
:3:hip_memory.cpp           :3476: 1568662900300 us:  [32m hipMemset ( 0x7ffe85c00000, 0, 30720000 ) [0m
:3:rocvirtual.cpp           :762 : 1568662900374 us:  Arg0: void* buf = ptr:0x7ffe85c00000
:3:rocvirtual.cpp           :778 : 1568662900440 us:  Arg0: void* buf = ptr:0x7ffe85c00000 obj:[0x7ffe85c00000-0x7ffe8794c000]
:3:rocvirtual.cpp           :762 : 1568662900539 us:  Arg1: uchar* pattern = ptr:0x7ffec5600000
:3:rocvirtual.cpp           :853 : 1568662900626 us:  Arg2: uint pattern_size = val:1
:3:rocvirtual.cpp           :853 : 1568662900698 us:  Arg3: uint alignment = val:16
:3:rocvirtual.cpp           :853 : 1568662900804 us:  Arg4: ulong end_ptr = val:140731173093376
:3:rocvirtual.cpp           :853 : 1568662900911 us:  Arg5: uint next_chunk = val:28160
:3:rocvirtual.cpp           :3236: 1568662900985 us:  ShaderName : __amd_rocclr_fillBufferAligned
:3:rocvirtual.cpp           :3449: 1568662901059 us:  KernargSegmentByteSize = 296 KernargSegmentAlignment = 128
:3:hip_memory.cpp           :3477: 1568662901128 us:  hipMemset: Returned hipSuccess : 
:3:hip_device_runtime.cpp   :641 : 1568662901198 us:  [32m hipDeviceSynchronize (  ) [0m
:3:rocvirtual.cpp           :226 : 1568662900162 us:  Handler: value(0), timestamp(0xeff3a0), handle(0x7fffd89fc380)
:3:rocvirtual.cpp           :533 : 1568662901276 us:  Set Handler: handle(0x7fffd89fc300), timestamp(0xd0b100)
:3:rocvirtual.hpp           :56  : 1568662901432 us:  Host active wait for Signal = (0x7fffd89fc300) for -1 ns
:3:hip_device_runtime.cpp   :645 : 1568662901504 us:  hipDeviceSynchronize: Returned hipSuccess : 
:3:rocvirtual.cpp           :226 : 1568662901452 us:  Handler: value(0), timestamp(0xeff150), handle(0x7fffd89fc300)
:3:hip_platform.cpp         :237 : 1568662901611 us:  [32m __hipPushCallConfiguration ( {8,1,1}, {1024,1,1}, 0, stream:<null> ) [0m
:3:hip_platform.cpp         :241 : 1568662901831 us:  __hipPushCallConfiguration: Returned hipSuccess : 
:3:hip_platform.cpp         :246 : 1568662901900 us:  [32m __hipPopCallConfiguration ( {3964667986,32767,1024}, {2118224,0,4294925520}, 0x7fffffff5a20, 0x7fffffff5a18 ) [0m
:3:hip_platform.cpp         :255 : 1568662902042 us:  __hipPopCallConfiguration: Returned hipSuccess : 
:3:hip_module.cpp           :744 : 1568662902114 us:  [32m hipLaunchKernel ( 0x200fe8, {8,1,1}, {1024,1,1}, 0x7fffffff59d0, 0, stream:<null> ) [0m
:3:rocvirtual.cpp           :762 : 1568662902258 us:  Arg0:   = ptr:0x7ffeabc00000
:3:rocvirtual.cpp           :778 : 1568662902351 us:  Arg0:   = ptr:0x7ffeabc00000 obj:[0x7ffeabc00000-0x7ffead94c000]
:3:rocvirtual.cpp           :762 : 1568662902432 us:  Arg1:   = ptr:0x7ffec4a00000
:3:rocvirtual.cpp           :778 : 1568662902504 us:  Arg1:   = ptr:0x7ffec4a00000 obj:[0x7ffec4a00000-0x7ffec4a06000]
:3:rocvirtual.cpp           :762 : 1568662902575 us:  Arg2:   = ptr:0x7ffe85c00000
:3:rocvirtual.cpp           :778 : 1568662902641 us:  Arg2:   = ptr:0x7ffe85c00000 obj:[0x7ffe85c00000-0x7ffe8794c000]
:3:rocvirtual.cpp           :853 : 1568662902709 us:  Arg3:   = val:768
:3:rocvirtual.cpp           :762 : 1568662902776 us:  Arg4:   = ptr:0x7ffec4a06000
:3:rocvirtual.cpp           :778 : 1568662902849 us:  Arg4:   = ptr:0x7ffec4a06000 obj:[0x7ffec4a06000-0x7ffec4a06024]
:3:rocvirtual.cpp           :3236: 1568662902921 us:  ShaderName : void dense_esuhm2<float>(float const*, float const*, float*, int, int const*)
:3:rocvirtual.cpp           :3449: 1568662903052 us:  KernargSegmentByteSize = 296 KernargSegmentAlignment = 128
:3:hip_module.cpp           :745 : 1568662903128 us:  hipLaunchKernel: Returned hipSuccess : : duration: 1014 us
:3:hip_device_runtime.cpp   :641 : 1568662903194 us:  [32m hipDeviceSynchronize (  ) [0m
:3:rocvirtual.cpp           :533 : 1568662903270 us:  Set Handler: handle(0x7fffd89fc280), timestamp(0xeff0d0)
:3:rocvirtual.hpp           :56  : 1568662903335 us:  Host active wait for Signal = (0x7fffd89fc280) for -1 ns
:3:hip_device_runtime.cpp   :645 : 1568662903415 us:  hipDeviceSynchronize: Returned hipSuccess : 
:3:rocvirtual.cpp           :226 : 1568662903357 us:  Handler: value(0), timestamp(0xd83850), handle(0x7fffd89fc280)
:3:hip_memory.cpp           :795 : 1568662903480 us:  [32m hipMemcpy ( 0x7fffdc552010, 0x7ffe85c00000, 30720000, hipMemcpyDeviceToHost ) [0m
:3:rocvirtual.hpp           :56  : 1568662903740 us:  Host active wait for Signal = (0x7fffd89fdf80) for -1 ns
:3:rocvirtual.cpp           :533 : 1568662904910 us:  Set Handler: handle(0x7fffd89fc200), timestamp(0xeff320)
:3:rocvirtual.hpp           :56  : 1568662904987 us:  Host active wait for Signal = (0x7fffd89fc200) for -1 ns
:3:hip_memory.cpp           :796 : 1568662905059 us:  hipMemcpy: Returned hipSuccess : : duration: 1579 us
:3:hip_memory.cpp           :3476: 1568662905129 us:  [32m hipMemset ( 0x7ffe85c00000, 0, 30720000 ) [0m
:3:rocvirtual.cpp           :762 : 1568662905202 us:  Arg0: void* buf = ptr:0x7ffe85c00000
:3:rocvirtual.cpp           :778 : 1568662905277 us:  Arg0: void* buf = ptr:0x7ffe85c00000 obj:[0x7ffe85c00000-0x7ffe8794c000]
:3:rocvirtual.cpp           :762 : 1568662905351 us:  Arg1: uchar* pattern = ptr:0x7ffec5600000
:3:rocvirtual.cpp           :853 : 1568662905421 us:  Arg2: uint pattern_size = val:1
:3:rocvirtual.cpp           :853 : 1568662905486 us:  Arg3: uint alignment = val:16
:3:rocvirtual.cpp           :853 : 1568662905553 us:  Arg4: ulong end_ptr = val:140731173093376
:3:rocvirtual.cpp           :853 : 1568662905619 us:  Arg5: uint next_chunk = val:28160
:3:rocvirtual.cpp           :3236: 1568662905702 us:  ShaderName : __amd_rocclr_fillBufferAligned
:3:rocvirtual.cpp           :3449: 1568662905769 us:  KernargSegmentByteSize = 296 KernargSegmentAlignment = 128
:3:hip_memory.cpp           :3477: 1568662905844 us:  hipMemset: Returned hipSuccess : 
:3:hip_device_runtime.cpp   :641 : 1568662905915 us:  [32m hipDeviceSynchronize (  ) [0m
:3:rocvirtual.cpp           :533 : 1568662905991 us:  Set Handler: handle(0x7fffd89fc180), timestamp(0xeff6a0)
:3:rocvirtual.hpp           :56  : 1568662906057 us:  Host active wait for Signal = (0x7fffd89fc180) for -1 ns
:3:hip_device_runtime.cpp   :645 : 1568662906126 us:  hipDeviceSynchronize: Returned hipSuccess : 
:3:hip_platform.cpp         :237 : 1568662906192 us:  [32m __hipPushCallConfiguration ( {8,1,1}, {1024,1,1}, 0, stream:<null> ) [0m
:3:hip_platform.cpp         :241 : 1568662906320 us:  __hipPushCallConfiguration: Returned hipSuccess : 
:3:hip_platform.cpp         :246 : 1568662906419 us:  [32m __hipPopCallConfiguration ( {3964667986,32767,1024}, {2118224,0,4294925520}, 0x7fffffff5a20, 0x7fffffff5a18 ) [0m
:3:hip_platform.cpp         :255 : 1568662906569 us:  __hipPopCallConfiguration: Returned hipSuccess : 
:3:rocvirtual.cpp           :226 : 1568662905009 us:  Handler: value(0), timestamp(0xd83850), handle(0x7fffd89fc200)
:3:hip_module.cpp           :744 : 1568662906641 us:  [32m hipLaunchKernel ( 0x200ff0, {8,1,1}, {1024,1,1}, 0x7fffffff59d0, 0, stream:<null> ) [0m
:3:rocvirtual.cpp           :226 : 1568662906733 us:  Handler: value(0), timestamp(0xeff5f0), handle(0x7fffd89fc180)
:3:rocvirtual.cpp           :762 : 1568662906874 us:  Arg0:   = ptr:0x7ffeabc00000
:3:rocvirtual.cpp           :778 : 1568662907013 us:  Arg0:   = ptr:0x7ffeabc00000 obj:[0x7ffeabc00000-0x7ffead94c000]
:3:rocvirtual.cpp           :762 : 1568662907083 us:  Arg1:   = ptr:0x7ffec4a00000
:3:rocvirtual.cpp           :778 : 1568662907166 us:  Arg1:   = ptr:0x7ffec4a00000 obj:[0x7ffec4a00000-0x7ffec4a06000]
:3:rocvirtual.cpp           :762 : 1568662907236 us:  Arg2:   = ptr:0x7ffe85c00000
:3:rocvirtual.cpp           :778 : 1568662907304 us:  Arg2:   = ptr:0x7ffe85c00000 obj:[0x7ffe85c00000-0x7ffe8794c000]
:3:rocvirtual.cpp           :853 : 1568662907372 us:  Arg3:   = val:768
:3:rocvirtual.cpp           :762 : 1568662907440 us:  Arg4:   = ptr:0x7ffec4a06000
:3:rocvirtual.cpp           :778 : 1568662907507 us:  Arg4:   = ptr:0x7ffec4a06000 obj:[0x7ffec4a06000-0x7ffec4a06024]
:3:rocvirtual.cpp           :3236: 1568662907592 us:  ShaderName : void dense_esuhm3<float>(float const*, float const*, float*, int, int const*)
:3:rocvirtual.cpp           :3449: 1568662907731 us:  KernargSegmentByteSize = 296 KernargSegmentAlignment = 128
:3:hip_module.cpp           :745 : 1568662907802 us:  hipLaunchKernel: Returned hipSuccess : : duration: 1161 us
:3:hip_device_runtime.cpp   :641 : 1568662907869 us:  [32m hipDeviceSynchronize (  ) [0m
:3:rocvirtual.cpp           :533 : 1568662907941 us:  Set Handler: handle(0x7fffd89fc100), timestamp(0xd83720)
:3:rocvirtual.hpp           :56  : 1568662908020 us:  Host active wait for Signal = (0x7fffd89fc100) for -1 ns
:3:hip_device_runtime.cpp   :645 : 1568662908124 us:  hipDeviceSynchronize: Returned hipSuccess : 
:3:rocvirtual.cpp           :226 : 1568662908042 us:  Handler: value(0), timestamp(0xd837b0), handle(0x7fffd89fc100)
:3:hip_memory.cpp           :795 : 1568662908204 us:  [32m hipMemcpy ( 0x7fffda805010, 0x7ffe85c00000, 30720000, hipMemcpyDeviceToHost ) [0m
:3:rocvirtual.hpp           :56  : 1568662908427 us:  Host active wait for Signal = (0x7fffd89fdd80) for -1 ns
:3:rocvirtual.cpp           :533 : 1568662909598 us:  Set Handler: handle(0x7fffd89fc080), timestamp(0xeff4e0)
:3:rocvirtual.hpp           :56  : 1568662909671 us:  Host active wait for Signal = (0x7fffd89fc080) for -1 ns
:3:hip_memory.cpp           :796 : 1568662909744 us:  hipMemcpy: Returned hipSuccess : : duration: 1540 us
:3:rocvirtual.cpp           :226 : 1568662909692 us:  Handler: value(0), timestamp(0xd837b0), handle(0x7fffd89fc080)
:3:hip_memory.cpp           :772 : 1568662928173 us:  [32m hipFree ( 0x7ffeabc00000 ) [0m
:3:rocdevice.cpp            :2411: 1568662928391 us:  Device=0x6e3170, freeMem_ = 0xffd2adfdc
:3:hip_memory.cpp           :774 : 1568662928519 us:  hipFree: Returned hipSuccess : 
:3:hip_memory.cpp           :772 : 1568662928609 us:  [32m hipFree ( 0x7ffec4a00000 ) [0m
:3:rocdevice.cpp            :2411: 1568662928773 us:  Device=0x6e3170, freeMem_ = 0xffd2b3fdc
:3:hip_memory.cpp           :774 : 1568662928898 us:  hipFree: Returned hipSuccess : 
:3:hip_memory.cpp           :772 : 1568662928989 us:  [32m hipFree ( 0x7ffe85c00000 ) [0m
:3:rocdevice.cpp            :2411: 1568662929141 us:  Device=0x6e3170, freeMem_ = 0xffeffffdc
:3:hip_memory.cpp           :774 : 1568662929253 us:  hipFree: Returned hipSuccess : 
:3:hip_memory.cpp           :772 : 1568662929341 us:  [32m hipFree ( 0x7ffec4a06000 ) [0m
:3:rocdevice.cpp            :2411: 1568662929419 us:  Device=0x6e3170, freeMem_ = 0xfff000000
:3:hip_memory.cpp           :774 : 1568662929523 us:  hipFree: Returned hipSuccess : 
:3:hip_memory.cpp           :756 : 1568665871580 us:  [32m hipMalloc ( 0x7fffffff5c00, 81920000 ) [0m
:3:rocdevice.cpp            :2411: 1568665872162 us:  Device=0x6e3170, freeMem_ = 0xffa1e0000
:3:hip_memory.cpp           :758 : 1568665872343 us:  hipMalloc: Returned hipSuccess : 0x7ffe62000000: duration: 763 us
:3:hip_memory.cpp           :795 : 1568665872515 us:  [32m hipMemcpy ( 0x7ffe62000000, 0x7fffdcf18010, 81920000, hipMemcpyHostToDevice ) [0m
:3:rocvirtual.hpp           :56  : 1568665873093 us:  Host active wait for Signal = (0x7fffd89fdc80) for -1 ns
:3:rocvirtual.hpp           :56  : 1568665874674 us:  Host active wait for Signal = (0x7fffd89fdc00) for -1 ns
:3:rocvirtual.hpp           :56  : 1568665876090 us:  Host active wait for Signal = (0x7fffd89fdb80) for -1 ns
:3:rocvirtual.cpp           :533 : 1568665876695 us:  Set Handler: handle(0x7fffd89fc000), timestamp(0x28daa0)
:3:rocvirtual.hpp           :56  : 1568665876797 us:  Host active wait for Signal = (0x7fffd89fc000) for -1 ns
:3:hip_memory.cpp           :796 : 1568665876899 us:  hipMemcpy: Returned hipSuccess : : duration: 4384 us
:3:hip_memory.cpp           :756 : 1568665877005 us:  [32m hipMalloc ( 0x7fffffff5bf8, 65536 ) [0m
:3:rocdevice.cpp            :2411: 1568665877115 us:  Device=0x6e3170, freeMem_ = 0xffa1d0000
:3:hip_memory.cpp           :758 : 1568665877223 us:  hipMalloc: Returned hipSuccess : 0x7ffec4a27000: duration: 218 us
:3:hip_memory.cpp           :795 : 1568665877316 us:  [32m hipMemcpy ( 0x7ffec4a27000, 0x106a320, 65536, hipMemcpyHostToDevice ) [0m
:3:rocvirtual.cpp           :533 : 1568665877514 us:  Set Handler: handle(0x7fffd89fbf80), timestamp(0x977010)
:3:rocvirtual.hpp           :56  : 1568665877592 us:  Host active wait for Signal = (0x7fffd89fbf80) for -1 ns
:3:hip_memory.cpp           :796 : 1568665877681 us:  hipMemcpy: Returned hipSuccess : : duration: 365 us
:3:hip_memory.cpp           :756 : 1568665877774 us:  [32m hipMalloc ( 0x7fffffff5bf0, 81920000 ) [0m
:3:rocvirtual.cpp           :226 : 1568665876831 us:  Handler: value(0), timestamp(0x732010), handle(0x7fffd89fc000)
:3:rocdevice.cpp            :2411: 1568665877906 us:  Device=0x6e3170, freeMem_ = 0xff53b0000
:3:hip_memory.cpp           :758 : 1568665878126 us:  hipMalloc: Returned hipSuccess : 0x7ffe5ce00000: duration: 352 us
:3:hip_memory.cpp           :756 : 1568665878216 us:  [32m hipMalloc ( 0x7fffffff5be8, 36 ) [0m
:3:rocdevice.cpp            :2411: 1568665878328 us:  Device=0x6e3170, freeMem_ = 0xff53affdc
:3:hip_memory.cpp           :758 : 1568665878398 us:  hipMalloc: Returned hipSuccess : 0x7ffec4a00000: duration: 182 us
:3:hip_memory.cpp           :795 : 1568665878474 us:  [32m hipMemcpy ( 0x7ffec4a00000, 0x28ddc0, 36, hipMemcpyHostToDevice ) [0m
:3:rocvirtual.cpp           :762 : 1568665878618 us:  Arg0: uchar* src = ptr:0x7ffec5016100
:3:rocvirtual.cpp           :762 : 1568665878689 us:  Arg1: uchar* dst = ptr:0x7ffec4a00000
:3:rocvirtual.cpp           :853 : 1568665878777 us:  Arg2: ulong size = val:36
:3:rocvirtual.cpp           :853 : 1568665878852 us:  Arg3: uint remainder = val:4
:3:rocvirtual.cpp           :853 : 1568665878932 us:  Arg4: uint aligned_size = val:16
:3:rocvirtual.cpp           :853 : 1568665878999 us:  Arg5: ulong end_ptr = val:140732197240864
:3:rocvirtual.cpp           :853 : 1568665879068 us:  Arg6: uint next_chunk = val:512
:3:rocvirtual.cpp           :3236: 1568665879172 us:  ShaderName : __amd_rocclr_copyBuffer
:3:rocvirtual.cpp           :3449: 1568665879248 us:  KernargSegmentByteSize = 304 KernargSegmentAlignment = 128
:3:rocvirtual.cpp           :533 : 1568665879341 us:  Set Handler: handle(0x7fffd89fbf00), timestamp(0xdcebf0)
:3:rocvirtual.hpp           :56  : 1568665879414 us:  Host active wait for Signal = (0x7fffd89fbf00) for -1 ns
:3:hip_memory.cpp           :796 : 1568665879484 us:  hipMemcpy: Returned hipSuccess : : duration: 1010 us
:3:hip_memory.cpp           :3476: 1568665879580 us:  [32m hipMemset ( 0x7ffe5ce00000, 0, 81920000 ) [0m
:3:rocvirtual.cpp           :226 : 1568665878053 us:  Handler: value(0), timestamp(0x6e97a0), handle(0x7fffd89fbf80)
:3:rocvirtual.cpp           :762 : 1568665879659 us:  Arg0: void* buf = ptr:0x7ffe5ce00000
:3:rocvirtual.cpp           :778 : 1568665879851 us:  Arg0: void* buf = ptr:0x7ffe5ce00000 obj:[0x7ffe5ce00000-0x7ffe61c20000]
:3:rocvirtual.cpp           :762 : 1568665879943 us:  Arg1: uchar* pattern = ptr:0x7ffec5600200
:3:rocvirtual.cpp           :853 : 1568665880021 us:  Arg2: uint pattern_size = val:1
:3:rocvirtual.cpp           :853 : 1568665880091 us:  Arg3: uint alignment = val:16
:3:rocvirtual.cpp           :853 : 1568665880155 us:  Arg4: ulong end_ptr = val:140730538524672
:3:rocvirtual.cpp           :853 : 1568665880265 us:  Arg5: uint next_chunk = val:28160
:3:rocvirtual.cpp           :3236: 1568665880355 us:  ShaderName : __amd_rocclr_fillBufferAligned
:3:rocvirtual.cpp           :3449: 1568665880443 us:  KernargSegmentByteSize = 296 KernargSegmentAlignment = 128
:3:hip_memory.cpp           :3477: 1568665880526 us:  hipMemset: Returned hipSuccess : 
:3:hip_device_runtime.cpp   :641 : 1568665880617 us:  [32m hipDeviceSynchronize (  ) [0m
:3:rocvirtual.cpp           :226 : 1568665879788 us:  Handler: value(0), timestamp(0xdceb40), handle(0x7fffd89fbf00)
:3:rocvirtual.cpp           :533 : 1568665880690 us:  Set Handler: handle(0x7fffd89fbe80), timestamp(0x732200)
:3:rocvirtual.hpp           :56  : 1568665880863 us:  Host active wait for Signal = (0x7fffd89fbe80) for -1 ns
:3:hip_device_runtime.cpp   :645 : 1568665880960 us:  hipDeviceSynchronize: Returned hipSuccess : 
:3:rocvirtual.cpp           :226 : 1568665880884 us:  Handler: value(0), timestamp(0xefef10), handle(0x7fffd89fbe80)
:3:hip_platform.cpp         :237 : 1568665881051 us:  [32m __hipPushCallConfiguration ( {8,1,1}, {128,1,1}, 0, stream:<null> ) [0m
:3:hip_platform.cpp         :241 : 1568665881306 us:  __hipPushCallConfiguration: Returned hipSuccess : 
:3:hip_platform.cpp         :246 : 1568665881378 us:  [32m __hipPopCallConfiguration ( {3964667986,32767,128}, {2118224,0,4294925520}, 0x7fffffff5a20, 0x7fffffff5a18 ) [0m
:3:hip_platform.cpp         :255 : 1568665881537 us:  __hipPopCallConfiguration: Returned hipSuccess : 
:3:hip_module.cpp           :744 : 1568665881617 us:  [32m hipLaunchKernel ( 0x200fe0, {8,1,1}, {128,1,1}, 0x7fffffff59d0, 0, stream:<null> ) [0m
:3:rocvirtual.cpp           :762 : 1568665881778 us:  Arg0:   = ptr:0x7ffe62000000
:3:rocvirtual.cpp           :778 : 1568665881860 us:  Arg0:   = ptr:0x7ffe62000000 obj:[0x7ffe62000000-0x7ffe66e20000]
:3:rocvirtual.cpp           :762 : 1568665881931 us:  Arg1:   = ptr:0x7ffec4a27000
:3:rocvirtual.cpp           :778 : 1568665882002 us:  Arg1:   = ptr:0x7ffec4a27000 obj:[0x7ffec4a27000-0x7ffec4a37000]
:3:rocvirtual.cpp           :762 : 1568665882072 us:  Arg2:   = ptr:0x7ffe5ce00000
:3:rocvirtual.cpp           :778 : 1568665882140 us:  Arg2:   = ptr:0x7ffe5ce00000 obj:[0x7ffe5ce00000-0x7ffe61c20000]
:3:rocvirtual.cpp           :853 : 1568665882211 us:  Arg3:   = val:2048
:3:rocvirtual.cpp           :762 : 1568665882284 us:  Arg4:   = ptr:0x7ffec4a00000
:3:rocvirtual.cpp           :778 : 1568665882365 us:  Arg4:   = ptr:0x7ffec4a00000 obj:[0x7ffec4a00000-0x7ffec4a00024]
:3:rocvirtual.cpp           :3236: 1568665882428 us:  ShaderName : void dense_esuhm<float>(float const*, float const*, float*, int, int const*)
:3:rocvirtual.cpp           :3449: 1568665882570 us:  KernargSegmentByteSize = 296 KernargSegmentAlignment = 128
:3:hip_module.cpp           :745 : 1568665882654 us:  hipLaunchKernel: Returned hipSuccess : : duration: 1037 us
:3:hip_device_runtime.cpp   :641 : 1568665882726 us:  [32m hipDeviceSynchronize (  ) [0m
:3:rocvirtual.cpp           :533 : 1568665882802 us:  Set Handler: handle(0x7fffd89fbe00), timestamp(0xdceb00)
:3:rocvirtual.hpp           :56  : 1568665882876 us:  Host active wait for Signal = (0x7fffd89fbe00) for -1 ns
:3:hip_device_runtime.cpp   :645 : 1568665882948 us:  hipDeviceSynchronize: Returned hipSuccess : 
:3:rocvirtual.cpp           :226 : 1568665882897 us:  Handler: value(0), timestamp(0xdcee00), handle(0x7fffd89fbe00)
:3:hip_memory.cpp           :795 : 1568665883017 us:  [32m hipMemcpy ( 0x7ffe7c1df010, 0x7ffe5ce00000, 81920000, hipMemcpyDeviceToHost ) [0m
:3:rocvirtual.hpp           :56  : 1568665887337 us:  Host active wait for Signal = (0x7fffd89ff800) for -1 ns
:3:rocvirtual.hpp           :56  : 1568665892488 us:  Host active wait for Signal = (0x7fffd89ff780) for -1 ns
:3:rocvirtual.hpp           :56  : 1568665895499 us:  Host active wait for Signal = (0x7fffd89fd880) for -1 ns
:3:rocvirtual.cpp           :533 : 1568665896071 us:  Set Handler: handle(0x7fffd89fd600), timestamp(0xe182d0)
:3:rocvirtual.hpp           :56  : 1568665896273 us:  Host active wait for Signal = (0x7fffd89fd600) for -1 ns
:3:hip_memory.cpp           :796 : 1568665896379 us:  hipMemcpy: Returned hipSuccess : : duration: 13362 us
:3:hip_memory.cpp           :3476: 1568665896598 us:  [32m hipMemset ( 0x7ffe5ce00000, 0, 81920000 ) [0m
:3:rocvirtual.cpp           :762 : 1568665896701 us:  Arg0: void* buf = ptr:0x7ffe5ce00000
:3:rocvirtual.cpp           :778 : 1568665896808 us:  Arg0: void* buf = ptr:0x7ffe5ce00000 obj:[0x7ffe5ce00000-0x7ffe61c20000]
:3:rocvirtual.cpp           :762 : 1568665896929 us:  Arg1: uchar* pattern = ptr:0x7ffec5600000
:3:rocvirtual.cpp           :853 : 1568665897048 us:  Arg2: uint pattern_size = val:1
:3:rocvirtual.cpp           :853 : 1568665897129 us:  Arg3: uint alignment = val:16
:3:rocvirtual.cpp           :853 : 1568665897238 us:  Arg4: ulong end_ptr = val:140730538524672
:3:rocvirtual.cpp           :853 : 1568665897331 us:  Arg5: uint next_chunk = val:28160
:3:rocvirtual.cpp           :3236: 1568665897414 us:  ShaderName : __amd_rocclr_fillBufferAligned
:3:rocvirtual.cpp           :3449: 1568665897521 us:  KernargSegmentByteSize = 296 KernargSegmentAlignment = 128
:3:hip_memory.cpp           :3477: 1568665897598 us:  hipMemset: Returned hipSuccess : 
:3:hip_device_runtime.cpp   :641 : 1568665897668 us:  [32m hipDeviceSynchronize (  ) [0m
:3:rocvirtual.cpp           :533 : 1568665897746 us:  Set Handler: handle(0x7fffd89fd680), timestamp(0xe181c0)
:3:rocvirtual.hpp           :56  : 1568665897829 us:  Host active wait for Signal = (0x7fffd89fd680) for -1 ns
:3:hip_device_runtime.cpp   :645 : 1568665897899 us:  hipDeviceSynchronize: Returned hipSuccess : 
:3:hip_platform.cpp         :237 : 1568665897972 us:  [32m __hipPushCallConfiguration ( {8,1,1}, {128,1,1}, 0, stream:<null> ) [0m
:3:hip_platform.cpp         :241 : 1568665898162 us:  __hipPushCallConfiguration: Returned hipSuccess : 
:3:rocvirtual.cpp           :226 : 1568665896286 us:  Handler: value(0), timestamp(0xdcee00), handle(0x7fffd89fd600)
:3:hip_platform.cpp         :246 : 1568665898238 us:  [32m __hipPopCallConfiguration ( {3964667986,32767,128}, {2118224,0,4294925520}, 0x7fffffff5a20, 0x7fffffff5a18 ) [0m
:3:hip_platform.cpp         :255 : 1568665898508 us:  __hipPopCallConfiguration: Returned hipSuccess : 
:3:hip_module.cpp           :744 : 1568665898604 us:  [32m hipLaunchKernel ( 0x200fe8, {8,1,1}, {128,1,1}, 0x7fffffff59d0, 0, stream:<null> ) [0m
:3:rocvirtual.cpp           :762 : 1568665898767 us:  Arg0:   = ptr:0x7ffe62000000
:3:rocvirtual.cpp           :778 : 1568665898839 us:  Arg0:   = ptr:0x7ffe62000000 obj:[0x7ffe62000000-0x7ffe66e20000]
:3:rocvirtual.cpp           :762 : 1568665898909 us:  Arg1:   = ptr:0x7ffec4a27000
:3:rocvirtual.cpp           :778 : 1568665898974 us:  Arg1:   = ptr:0x7ffec4a27000 obj:[0x7ffec4a27000-0x7ffec4a37000]
:3:rocvirtual.cpp           :762 : 1568665899051 us:  Arg2:   = ptr:0x7ffe5ce00000
:3:rocvirtual.cpp           :778 : 1568665899120 us:  Arg2:   = ptr:0x7ffe5ce00000 obj:[0x7ffe5ce00000-0x7ffe61c20000]
:3:rocvirtual.cpp           :853 : 1568665899191 us:  Arg3:   = val:2048
:3:rocvirtual.cpp           :762 : 1568665899277 us:  Arg4:   = ptr:0x7ffec4a00000
:3:rocvirtual.cpp           :778 : 1568665899348 us:  Arg4:   = ptr:0x7ffec4a00000 obj:[0x7ffec4a00000-0x7ffec4a00024]
:3:rocvirtual.cpp           :3236: 1568665899420 us:  ShaderName : void dense_esuhm2<float>(float const*, float const*, float*, int, int const*)
:3:rocvirtual.cpp           :3449: 1568665899596 us:  KernargSegmentByteSize = 296 KernargSegmentAlignment = 128
:3:hip_module.cpp           :745 : 1568665899679 us:  hipLaunchKernel: Returned hipSuccess : : duration: 1075 us
:3:hip_device_runtime.cpp   :641 : 1568665899753 us:  [32m hipDeviceSynchronize (  ) [0m
:3:rocvirtual.cpp           :226 : 1568665898328 us:  Handler: value(0), timestamp(0x9770d0), handle(0x7fffd89fd680)
:3:rocvirtual.cpp           :533 : 1568665899850 us:  Set Handler: handle(0x7fffd89fd700), timestamp(0xe22dd0)
:3:rocvirtual.hpp           :56  : 1568665900044 us:  Host active wait for Signal = (0x7fffd89fd700) for -1 ns
:3:hip_device_runtime.cpp   :645 : 1568665900149 us:  hipDeviceSynchronize: Returned hipSuccess : 
:3:rocvirtual.cpp           :226 : 1568665900052 us:  Handler: value(0), timestamp(0x73be30), handle(0x7fffd89fd700)
:3:hip_memory.cpp           :795 : 1568665900243 us:  [32m hipMemcpy ( 0x7ffe773be010, 0x7ffe5ce00000, 81920000, hipMemcpyDeviceToHost ) [0m
:3:rocvirtual.hpp           :56  : 1568665904549 us:  Host active wait for Signal = (0x7fffd89ff680) for -1 ns
:3:rocvirtual.hpp           :56  : 1568665909676 us:  Host active wait for Signal = (0x7fffd89ff480) for -1 ns
:3:rocvirtual.hpp           :56  : 1568665912696 us:  Host active wait for Signal = (0x7fffd89fd900) for -1 ns
:3:rocvirtual.cpp           :533 : 1568665913267 us:  Set Handler: handle(0x7fffd89fd800), timestamp(0xe22bf0)
:3:rocvirtual.hpp           :56  : 1568665913403 us:  Host active wait for Signal = (0x7fffd89fd800) for -1 ns
:3:hip_memory.cpp           :796 : 1568665913534 us:  hipMemcpy: Returned hipSuccess : : duration: 13291 us
:3:hip_memory.cpp           :3476: 1568665913738 us:  [32m hipMemset ( 0x7ffe5ce00000, 0, 81920000 ) [0m
:3:rocvirtual.cpp           :762 : 1568665913851 us:  Arg0: void* buf = ptr:0x7ffe5ce00000
:3:rocvirtual.cpp           :778 : 1568665913945 us:  Arg0: void* buf = ptr:0x7ffe5ce00000 obj:[0x7ffe5ce00000-0x7ffe61c20000]
:3:rocvirtual.cpp           :762 : 1568665914026 us:  Arg1: uchar* pattern = ptr:0x7ffec5600000
:3:rocvirtual.cpp           :853 : 1568665914105 us:  Arg2: uint pattern_size = val:1
:3:rocvirtual.cpp           :853 : 1568665914227 us:  Arg3: uint alignment = val:16
:3:rocvirtual.cpp           :853 : 1568665914312 us:  Arg4: ulong end_ptr = val:140730538524672
:3:rocvirtual.cpp           :853 : 1568665914403 us:  Arg5: uint next_chunk = val:28160
:3:rocvirtual.cpp           :3236: 1568665914511 us:  ShaderName : __amd_rocclr_fillBufferAligned
:3:rocvirtual.cpp           :3449: 1568665914601 us:  KernargSegmentByteSize = 296 KernargSegmentAlignment = 128
:3:hip_memory.cpp           :3477: 1568665914678 us:  hipMemset: Returned hipSuccess : 
:3:hip_device_runtime.cpp   :641 : 1568665914749 us:  [32m hipDeviceSynchronize (  ) [0m
:3:rocvirtual.cpp           :533 : 1568665914835 us:  Set Handler: handle(0x7fffd89fd100), timestamp(0xef3b80)
:3:rocvirtual.hpp           :56  : 1568665914929 us:  Host active wait for Signal = (0x7fffd89fd100) for -1 ns
:3:hip_device_runtime.cpp   :645 : 1568665915014 us:  hipDeviceSynchronize: Returned hipSuccess : 
:3:rocvirtual.cpp           :226 : 1568665913416 us:  Handler: value(0), timestamp(0x73be30), handle(0x7fffd89fd800)
:3:hip_platform.cpp         :237 : 1568665915092 us:  [32m __hipPushCallConfiguration ( {8,1,1}, {128,1,1}, 0, stream:<null> ) [0m
:3:hip_platform.cpp         :241 : 1568665915336 us:  __hipPushCallConfiguration: Returned hipSuccess : 
:3:hip_platform.cpp         :246 : 1568665915411 us:  [32m __hipPopCallConfiguration ( {3964667986,32767,128}, {2118224,0,4294925520}, 0x7fffffff5a20, 0x7fffffff5a18 ) [0m
:3:hip_platform.cpp         :255 : 1568665915561 us:  __hipPopCallConfiguration: Returned hipSuccess : 
:3:rocvirtual.cpp           :226 : 1568665915197 us:  Handler: value(0), timestamp(0xef4220), handle(0x7fffd89fd100)
:3:hip_module.cpp           :744 : 1568665915635 us:  [32m hipLaunchKernel ( 0x200ff0, {8,1,1}, {128,1,1}, 0x7fffffff59d0, 0, stream:<null> ) [0m
:3:rocvirtual.cpp           :762 : 1568665915918 us:  Arg0:   = ptr:0x7ffe62000000
:3:rocvirtual.cpp           :778 : 1568665915980 us:  Arg0:   = ptr:0x7ffe62000000 obj:[0x7ffe62000000-0x7ffe66e20000]
:3:rocvirtual.cpp           :762 : 1568665916067 us:  Arg1:   = ptr:0x7ffec4a27000
:3:rocvirtual.cpp           :778 : 1568665916146 us:  Arg1:   = ptr:0x7ffec4a27000 obj:[0x7ffec4a27000-0x7ffec4a37000]
:3:rocvirtual.cpp           :762 : 1568665916254 us:  Arg2:   = ptr:0x7ffe5ce00000
:3:rocvirtual.cpp           :778 : 1568665916319 us:  Arg2:   = ptr:0x7ffe5ce00000 obj:[0x7ffe5ce00000-0x7ffe61c20000]
:3:rocvirtual.cpp           :853 : 1568665916408 us:  Arg3:   = val:2048
:3:rocvirtual.cpp           :762 : 1568665916481 us:  Arg4:   = ptr:0x7ffec4a00000
:3:rocvirtual.cpp           :778 : 1568665916594 us:  Arg4:   = ptr:0x7ffec4a00000 obj:[0x7ffec4a00000-0x7ffec4a00024]
:3:rocvirtual.cpp           :3236: 1568665916708 us:  ShaderName : void dense_esuhm3<float>(float const*, float const*, float*, int, int const*)
:3:rocvirtual.cpp           :3449: 1568665916882 us:  KernargSegmentByteSize = 296 KernargSegmentAlignment = 128
:3:hip_module.cpp           :745 : 1568665916959 us:  hipLaunchKernel: Returned hipSuccess : : duration: 1324 us
:3:hip_device_runtime.cpp   :641 : 1568665917024 us:  [32m hipDeviceSynchronize (  ) [0m
:3:rocvirtual.cpp           :533 : 1568665917097 us:  Set Handler: handle(0x7fffd89fd080), timestamp(0xdc5cc0)
:3:rocvirtual.hpp           :56  : 1568665917165 us:  Host active wait for Signal = (0x7fffd89fd080) for -1 ns
:3:hip_device_runtime.cpp   :645 : 1568665917279 us:  hipDeviceSynchronize: Returned hipSuccess : 
:3:rocvirtual.cpp           :226 : 1568665917281 us:  Handler: value(0), timestamp(0xef4290), handle(0x7fffd89fd080)
:3:hip_memory.cpp           :795 : 1568665917349 us:  [32m hipMemcpy ( 0x7ffe7259d010, 0x7ffe5ce00000, 81920000, hipMemcpyDeviceToHost ) [0m
:3:rocvirtual.hpp           :56  : 1568665921623 us:  Host active wait for Signal = (0x7fffd89ff380) for -1 ns
:3:rocvirtual.hpp           :56  : 1568665926795 us:  Host active wait for Signal = (0x7fffd89ff180) for -1 ns
:3:rocvirtual.hpp           :56  : 1568665929768 us:  Host active wait for Signal = (0x7fffd89fd980) for -1 ns
:3:rocvirtual.cpp           :533 : 1568665930340 us:  Set Handler: handle(0x7fffd89fcf00), timestamp(0xdc5f60)
:3:rocvirtual.hpp           :56  : 1568665930511 us:  Host active wait for Signal = (0x7fffd89fcf00) for -1 ns
:3:hip_memory.cpp           :796 : 1568665930610 us:  hipMemcpy: Returned hipSuccess : : duration: 13261 us
:3:rocvirtual.cpp           :226 : 1568665930524 us:  Handler: value(0), timestamp(0xef4290), handle(0x7fffd89fcf00)
:3:hip_memory.cpp           :3476: 1568665978093 us:  [32m hipMemset ( 0x7ffe5ce00000, 0, 81920000 ) [0m
:3:rocvirtual.cpp           :762 : 1568665978432 us:  Arg0: void* buf = ptr:0x7ffe5ce00000
:3:rocvirtual.cpp           :778 : 1568665978564 us:  Arg0: void* buf = ptr:0x7ffe5ce00000 obj:[0x7ffe5ce00000-0x7ffe61c20000]
:3:rocvirtual.cpp           :762 : 1568665978764 us:  Arg1: uchar* pattern = ptr:0x7ffec5600000
:3:rocvirtual.cpp           :853 : 1568665978885 us:  Arg2: uint pattern_size = val:1
:3:rocvirtual.cpp           :853 : 1568665979101 us:  Arg3: uint alignment = val:16
:3:rocvirtual.cpp           :853 : 1568665979212 us:  Arg4: ulong end_ptr = val:140730538524672
:3:rocvirtual.cpp           :853 : 1568665979326 us:  Arg5: uint next_chunk = val:28160
:3:rocvirtual.cpp           :3236: 1568665979418 us:  ShaderName : __amd_rocclr_fillBufferAligned
:3:rocvirtual.cpp           :3449: 1568665979495 us:  KernargSegmentByteSize = 296 KernargSegmentAlignment = 128
:3:hip_memory.cpp           :3477: 1568665979621 us:  hipMemset: Returned hipSuccess : 
:3:hip_device_runtime.cpp   :641 : 1568665979721 us:  [32m hipDeviceSynchronize (  ) [0m
:3:rocvirtual.cpp           :533 : 1568665979845 us:  Set Handler: handle(0x7fffd89fce80), timestamp(0xef3860)
:3:rocvirtual.hpp           :56  : 1568665979958 us:  Host active wait for Signal = (0x7fffd89fce80) for -1 ns
:3:hip_device_runtime.cpp   :645 : 1568665980066 us:  hipDeviceSynchronize: Returned hipSuccess : 
:3:hip_platform.cpp         :237 : 1568665980227 us:  [32m __hipPushCallConfiguration ( {8,1,1}, {256,1,1}, 0, stream:<null> ) [0m
:3:hip_platform.cpp         :241 : 1568665980424 us:  __hipPushCallConfiguration: Returned hipSuccess : 
:3:hip_platform.cpp         :246 : 1568665980525 us:  [32m __hipPopCallConfiguration ( {3964667986,32767,256}, {2118224,0,4294925520}, 0x7fffffff5a20, 0x7fffffff5a18 ) [0m
:3:hip_platform.cpp         :255 : 1568665980759 us:  __hipPopCallConfiguration: Returned hipSuccess : 
:3:hip_module.cpp           :744 : 1568665980843 us:  [32m hipLaunchKernel ( 0x200fe0, {8,1,1}, {256,1,1}, 0x7fffffff59d0, 0, stream:<null> ) [0m
:3:rocvirtual.cpp           :762 : 1568665980988 us:  Arg0:   = ptr:0x7ffe62000000
:3:rocvirtual.cpp           :778 : 1568665981080 us:  Arg0:   = ptr:0x7ffe62000000 obj:[0x7ffe62000000-0x7ffe66e20000]
:3:rocvirtual.cpp           :762 : 1568665981167 us:  Arg1:   = ptr:0x7ffec4a27000
:3:rocvirtual.cpp           :778 : 1568665981252 us:  Arg1:   = ptr:0x7ffec4a27000 obj:[0x7ffec4a27000-0x7ffec4a37000]
:3:rocvirtual.cpp           :762 : 1568665981375 us:  Arg2:   = ptr:0x7ffe5ce00000
:3:rocvirtual.cpp           :778 : 1568665981461 us:  Arg2:   = ptr:0x7ffe5ce00000 obj:[0x7ffe5ce00000-0x7ffe61c20000]
:3:rocvirtual.cpp           :853 : 1568665981543 us:  Arg3:   = val:2048
:3:rocvirtual.cpp           :762 : 1568665981619 us:  Arg4:   = ptr:0x7ffec4a00000
:3:rocvirtual.cpp           :778 : 1568665981694 us:  Arg4:   = ptr:0x7ffec4a00000 obj:[0x7ffec4a00000-0x7ffec4a00024]
:3:rocvirtual.cpp           :3236: 1568665981766 us:  ShaderName : void dense_esuhm<float>(float const*, float const*, float*, int, int const*)
:3:rocvirtual.cpp           :3449: 1568665981944 us:  KernargSegmentByteSize = 296 KernargSegmentAlignment = 128
:3:hip_module.cpp           :745 : 1568665982017 us:  hipLaunchKernel: Returned hipSuccess : : duration: 1174 us
:3:hip_device_runtime.cpp   :641 : 1568665982085 us:  [32m hipDeviceSynchronize (  ) [0m
:3:rocvirtual.cpp           :226 : 1568665979967 us:  Handler: value(0), timestamp(0xef43e0), handle(0x7fffd89fce80)
:3:rocvirtual.cpp           :533 : 1568665982177 us:  Set Handler: handle(0x7fffd89fcf80), timestamp(0xdc5da0)
:3:rocvirtual.hpp           :56  : 1568665982334 us:  Host active wait for Signal = (0x7fffd89fcf80) for -1 ns
:3:hip_device_runtime.cpp   :645 : 1568665982419 us:  hipDeviceSynchronize: Returned hipSuccess : 
:3:hip_memory.cpp           :795 : 1568665982529 us:  [32m hipMemcpy ( 0x7ffe7c1df010, 0x7ffe5ce00000, 81920000, hipMemcpyDeviceToHost ) [0m
:3:rocvirtual.hpp           :56  : 1568665982683 us:  Host active wait for Signal = (0x7fffd89fef80) for -1 ns
:3:rocvirtual.cpp           :226 : 1568665982342 us:  Handler: value(0), timestamp(0xef4370), handle(0x7fffd89fcf80)
:3:rocvirtual.hpp           :56  : 1568665983963 us:  Host active wait for Signal = (0x7fffd89fda00) for -1 ns
:3:rocvirtual.hpp           :56  : 1568665985240 us:  Host active wait for Signal = (0x7fffd89fdb00) for -1 ns
:3:rocvirtual.cpp           :533 : 1568665985809 us:  Set Handler: handle(0x7fffd89fcd00), timestamp(0xe27e30)
:3:rocvirtual.hpp           :56  : 1568665985921 us:  Host active wait for Signal = (0x7fffd89fcd00) for -1 ns
:3:hip_memory.cpp           :796 : 1568665986011 us:  hipMemcpy: Returned hipSuccess : : duration: 3482 us
:3:hip_memory.cpp           :3476: 1568665986081 us:  [32m hipMemset ( 0x7ffe5ce00000, 0, 81920000 ) [0m
:3:rocvirtual.cpp           :762 : 1568665986152 us:  Arg0: void* buf = ptr:0x7ffe5ce00000
:3:rocvirtual.cpp           :778 : 1568665986226 us:  Arg0: void* buf = ptr:0x7ffe5ce00000 obj:[0x7ffe5ce00000-0x7ffe61c20000]
:3:rocvirtual.cpp           :762 : 1568665986343 us:  Arg1: uchar* pattern = ptr:0x7ffec5600000
:3:rocvirtual.cpp           :853 : 1568665986412 us:  Arg2: uint pattern_size = val:1
:3:rocvirtual.cpp           :853 : 1568665986492 us:  Arg3: uint alignment = val:16
:3:rocvirtual.cpp           :853 : 1568665986560 us:  Arg4: ulong end_ptr = val:140730538524672
:3:rocvirtual.cpp           :853 : 1568665986634 us:  Arg5: uint next_chunk = val:28160
:3:rocvirtual.cpp           :3236: 1568665986699 us:  ShaderName : __amd_rocclr_fillBufferAligned
:3:rocvirtual.cpp           :3449: 1568665986813 us:  KernargSegmentByteSize = 296 KernargSegmentAlignment = 128
:3:hip_memory.cpp           :3477: 1568665986901 us:  hipMemset: Returned hipSuccess : 
:3:hip_device_runtime.cpp   :641 : 1568665986978 us:  [32m hipDeviceSynchronize (  ) [0m
:3:rocvirtual.cpp           :226 : 1568665985930 us:  Handler: value(0), timestamp(0xef44c0), handle(0x7fffd89fcd00)
:3:rocvirtual.cpp           :533 : 1568665987041 us:  Set Handler: handle(0x7fffd89fcc80), timestamp(0xef3a00)
:3:rocvirtual.hpp           :56  : 1568665987204 us:  Host active wait for Signal = (0x7fffd89fcc80) for -1 ns
:3:hip_device_runtime.cpp   :645 : 1568665987307 us:  hipDeviceSynchronize: Returned hipSuccess : 
:3:hip_platform.cpp         :237 : 1568665987391 us:  [32m __hipPushCallConfiguration ( {8,1,1}, {256,1,1}, 0, stream:<null> ) [0m
:3:hip_platform.cpp         :241 : 1568665987538 us:  __hipPushCallConfiguration: Returned hipSuccess : 
:3:hip_platform.cpp         :246 : 1568665987653 us:  [32m __hipPopCallConfiguration ( {3964667986,32767,256}, {2118224,0,4294925520}, 0x7fffffff5a20, 0x7fffffff5a18 ) [0m
:3:hip_platform.cpp         :255 : 1568665987808 us:  __hipPopCallConfiguration: Returned hipSuccess : 
:3:hip_module.cpp           :744 : 1568665987883 us:  [32m hipLaunchKernel ( 0x200fe8, {8,1,1}, {256,1,1}, 0x7fffffff59d0, 0, stream:<null> ) [0m
:3:rocvirtual.cpp           :762 : 1568665988040 us:  Arg0:   = ptr:0x7ffe62000000
:3:rocvirtual.cpp           :778 : 1568665988114 us:  Arg0:   = ptr:0x7ffe62000000 obj:[0x7ffe62000000-0x7ffe66e20000]
:3:rocvirtual.cpp           :762 : 1568665988180 us:  Arg1:   = ptr:0x7ffec4a27000
:3:rocvirtual.cpp           :778 : 1568665988251 us:  Arg1:   = ptr:0x7ffec4a27000 obj:[0x7ffec4a27000-0x7ffec4a37000]
:3:rocvirtual.cpp           :762 : 1568665988316 us:  Arg2:   = ptr:0x7ffe5ce00000
:3:rocvirtual.cpp           :778 : 1568665988384 us:  Arg2:   = ptr:0x7ffe5ce00000 obj:[0x7ffe5ce00000-0x7ffe61c20000]
:3:rocvirtual.cpp           :853 : 1568665988449 us:  Arg3:   = val:2048
:3:rocvirtual.cpp           :762 : 1568665988558 us:  Arg4:   = ptr:0x7ffec4a00000
:3:rocvirtual.cpp           :778 : 1568665988645 us:  Arg4:   = ptr:0x7ffec4a00000 obj:[0x7ffec4a00000-0x7ffec4a00024]
:3:rocvirtual.cpp           :3236: 1568665988732 us:  ShaderName : void dense_esuhm2<float>(float const*, float const*, float*, int, int const*)
:3:rocvirtual.cpp           :3449: 1568665988906 us:  KernargSegmentByteSize = 296 KernargSegmentAlignment = 128
:3:hip_module.cpp           :745 : 1568665988974 us:  hipLaunchKernel: Returned hipSuccess : : duration: 1091 us
:3:hip_device_runtime.cpp   :641 : 1568665989040 us:  [32m hipDeviceSynchronize (  ) [0m
:3:rocvirtual.cpp           :226 : 1568665987212 us:  Handler: value(0), timestamp(0xd1a0b0), handle(0x7fffd89fcc80)
:3:rocvirtual.cpp           :533 : 1568665989123 us:  Set Handler: handle(0x7fffd89fcc00), timestamp(0xe27d70)
:3:rocvirtual.hpp           :56  : 1568665989280 us:  Host active wait for Signal = (0x7fffd89fcc00) for -1 ns
:3:hip_device_runtime.cpp   :645 : 1568665989389 us:  hipDeviceSynchronize: Returned hipSuccess : 
:3:rocvirtual.cpp           :226 : 1568665989289 us:  Handler: value(0), timestamp(0xef4300), handle(0x7fffd89fcc00)
:3:hip_memory.cpp           :795 : 1568665989459 us:  [32m hipMemcpy ( 0x7ffe773be010, 0x7ffe5ce00000, 81920000, hipMemcpyDeviceToHost ) [0m
:3:rocvirtual.hpp           :56  : 1568665989688 us:  Host active wait for Signal = (0x7fffd89fed80) for -1 ns
:3:rocvirtual.hpp           :56  : 1568665990967 us:  Host active wait for Signal = (0x7fffd89feb80) for -1 ns
:3:rocvirtual.hpp           :56  : 1568665992244 us:  Host active wait for Signal = (0x7fffd89fdd00) for -1 ns
:3:rocvirtual.cpp           :533 : 1568665992813 us:  Set Handler: handle(0x7fffd89fca80), timestamp(0xe28370)
:3:rocvirtual.hpp           :56  : 1568665992890 us:  Host active wait for Signal = (0x7fffd89fca80) for -1 ns
:3:hip_memory.cpp           :796 : 1568665992979 us:  hipMemcpy: Returned hipSuccess : : duration: 3520 us
:3:hip_memory.cpp           :3476: 1568665993064 us:  [32m hipMemset ( 0x7ffe5ce00000, 0, 81920000 ) [0m
:3:rocvirtual.cpp           :762 : 1568665993129 us:  Arg0: void* buf = ptr:0x7ffe5ce00000
:3:rocvirtual.cpp           :778 : 1568665993200 us:  Arg0: void* buf = ptr:0x7ffe5ce00000 obj:[0x7ffe5ce00000-0x7ffe61c20000]
:3:rocvirtual.cpp           :762 : 1568665993278 us:  Arg1: uchar* pattern = ptr:0x7ffec5600000
:3:rocvirtual.cpp           :853 : 1568665993386 us:  Arg2: uint pattern_size = val:1
:3:rocvirtual.cpp           :853 : 1568665993449 us:  Arg3: uint alignment = val:16
:3:rocvirtual.cpp           :853 : 1568665993547 us:  Arg4: ulong end_ptr = val:140730538524672
:3:rocvirtual.cpp           :853 : 1568665993618 us:  Arg5: uint next_chunk = val:28160
:3:rocvirtual.cpp           :3236: 1568665993691 us:  ShaderName : __amd_rocclr_fillBufferAligned
:3:rocvirtual.cpp           :3449: 1568665993794 us:  KernargSegmentByteSize = 296 KernargSegmentAlignment = 128
:3:hip_memory.cpp           :3477: 1568665993884 us:  hipMemset: Returned hipSuccess : 
:3:hip_device_runtime.cpp   :641 : 1568665993954 us:  [32m hipDeviceSynchronize (  ) [0m
:3:rocvirtual.cpp           :533 : 1568665994027 us:  Set Handler: handle(0x7fffd89fca00), timestamp(0xe0a820)
:3:rocvirtual.hpp           :56  : 1568665994092 us:  Host active wait for Signal = (0x7fffd89fca00) for -1 ns
:3:hip_device_runtime.cpp   :645 : 1568665994167 us:  hipDeviceSynchronize: Returned hipSuccess : 
:3:hip_platform.cpp         :237 : 1568665994235 us:  [32m __hipPushCallConfiguration ( {8,1,1}, {256,1,1}, 0, stream:<null> ) [0m
:3:hip_platform.cpp         :241 : 1568665994371 us:  __hipPushCallConfiguration: Returned hipSuccess : 
:3:hip_platform.cpp         :246 : 1568665994457 us:  [32m __hipPopCallConfiguration ( {3964667986,32767,256}, {2118224,0,4294925520}, 0x7fffffff5a20, 0x7fffffff5a18 ) [0m
:3:hip_platform.cpp         :255 : 1568665994594 us:  __hipPopCallConfiguration: Returned hipSuccess : 
:3:hip_module.cpp           :744 : 1568665994659 us:  [32m hipLaunchKernel ( 0x200ff0, {8,1,1}, {256,1,1}, 0x7fffffff59d0, 0, stream:<null> ) [0m
:3:rocvirtual.cpp           :762 : 1568665994861 us:  Arg0:   = ptr:0x7ffe62000000
:3:rocvirtual.cpp           :778 : 1568665994935 us:  Arg0:   = ptr:0x7ffe62000000 obj:[0x7ffe62000000-0x7ffe66e20000]
:3:rocvirtual.cpp           :762 : 1568665995014 us:  Arg1:   = ptr:0x7ffec4a27000
:3:rocvirtual.cpp           :778 : 1568665995085 us:  Arg1:   = ptr:0x7ffec4a27000 obj:[0x7ffec4a27000-0x7ffec4a37000]
:3:rocvirtual.cpp           :762 : 1568665995151 us:  Arg2:   = ptr:0x7ffe5ce00000
:3:rocvirtual.cpp           :778 : 1568665995226 us:  Arg2:   = ptr:0x7ffe5ce00000 obj:[0x7ffe5ce00000-0x7ffe61c20000]
:3:rocvirtual.cpp           :853 : 1568665995295 us:  Arg3:   = val:2048
:3:rocvirtual.cpp           :762 : 1568665995364 us:  Arg4:   = ptr:0x7ffec4a00000
:3:rocvirtual.cpp           :778 : 1568665995427 us:  Arg4:   = ptr:0x7ffec4a00000 obj:[0x7ffec4a00000-0x7ffec4a00024]
:3:rocvirtual.cpp           :3236: 1568665995495 us:  ShaderName : void dense_esuhm3<float>(float const*, float const*, float*, int, int const*)
:3:rocvirtual.cpp           :3449: 1568665995643 us:  KernargSegmentByteSize = 296 KernargSegmentAlignment = 128
:3:rocvirtual.cpp           :226 : 1568665992900 us:  Handler: value(0), timestamp(0xef4300), handle(0x7fffd89fca80)
:3:hip_module.cpp           :745 : 1568665995709 us:  hipLaunchKernel: Returned hipSuccess : : duration: 1050 us
:3:hip_device_runtime.cpp   :641 : 1568665995871 us:  [32m hipDeviceSynchronize (  ) [0m
:3:rocvirtual.cpp           :226 : 1568665995797 us:  Handler: value(0), timestamp(0xe282c0), handle(0x7fffd89fca00)
:3:rocvirtual.cpp           :533 : 1568665995951 us:  Set Handler: handle(0x7fffd89fcb00), timestamp(0xef3ea0)
:3:rocvirtual.hpp           :56  : 1568665996103 us:  Host active wait for Signal = (0x7fffd89fcb00) for -1 ns
:3:hip_device_runtime.cpp   :645 : 1568665996166 us:  hipDeviceSynchronize: Returned hipSuccess : 
:3:rocvirtual.cpp           :226 : 1568665996110 us:  Handler: value(0), timestamp(0xe28100), handle(0x7fffd89fcb00)
:3:hip_memory.cpp           :795 : 1568665996239 us:  [32m hipMemcpy ( 0x7ffe7259d010, 0x7ffe5ce00000, 81920000, hipMemcpyDeviceToHost ) [0m
:3:rocvirtual.hpp           :56  : 1568665996515 us:  Host active wait for Signal = (0x7fffd89fe980) for -1 ns
:3:rocvirtual.hpp           :56  : 1568665997794 us:  Host active wait for Signal = (0x7fffd89fde00) for -1 ns
:3:rocvirtual.hpp           :56  : 1568665999071 us:  Host active wait for Signal = (0x7fffd89fde80) for -1 ns
:3:rocvirtual.cpp           :533 : 1568665999640 us:  Set Handler: handle(0x7fffd89fc880), timestamp(0xd0aca0)
:3:rocvirtual.hpp           :56  : 1568665999713 us:  Host active wait for Signal = (0x7fffd89fc880) for -1 ns
:3:hip_memory.cpp           :796 : 1568665999782 us:  hipMemcpy: Returned hipSuccess : : duration: 3543 us
:3:rocvirtual.cpp           :226 : 1568665999726 us:  Handler: value(0), timestamp(0xe28100), handle(0x7fffd89fc880)
:3:hip_memory.cpp           :3476: 1568666047047 us:  [32m hipMemset ( 0x7ffe5ce00000, 0, 81920000 ) [0m
:3:rocvirtual.cpp           :762 : 1568666047368 us:  Arg0: void* buf = ptr:0x7ffe5ce00000
:3:rocvirtual.cpp           :778 : 1568666047569 us:  Arg0: void* buf = ptr:0x7ffe5ce00000 obj:[0x7ffe5ce00000-0x7ffe61c20000]
:3:rocvirtual.cpp           :762 : 1568666047762 us:  Arg1: uchar* pattern = ptr:0x7ffec5600000
:3:rocvirtual.cpp           :853 : 1568666047954 us:  Arg2: uint pattern_size = val:1
:3:rocvirtual.cpp           :853 : 1568666048095 us:  Arg3: uint alignment = val:16
:3:rocvirtual.cpp           :853 : 1568666048266 us:  Arg4: ulong end_ptr = val:140730538524672
:3:rocvirtual.cpp           :853 : 1568666048391 us:  Arg5: uint next_chunk = val:28160
:3:rocvirtual.cpp           :3236: 1568666048570 us:  ShaderName : __amd_rocclr_fillBufferAligned
:3:rocvirtual.cpp           :3449: 1568666048696 us:  KernargSegmentByteSize = 296 KernargSegmentAlignment = 128
:3:hip_memory.cpp           :3477: 1568666048827 us:  hipMemset: Returned hipSuccess : 
:3:hip_device_runtime.cpp   :641 : 1568666048954 us:  [32m hipDeviceSynchronize (  ) [0m
:3:rocvirtual.cpp           :533 : 1568666049064 us:  Set Handler: handle(0x7fffd89fc800), timestamp(0xe27df0)
:3:rocvirtual.hpp           :56  : 1568666049157 us:  Host active wait for Signal = (0x7fffd89fc800) for -1 ns
:3:hip_device_runtime.cpp   :645 : 1568666049245 us:  hipDeviceSynchronize: Returned hipSuccess : 
:3:hip_platform.cpp         :237 : 1568666049354 us:  [32m __hipPushCallConfiguration ( {8,1,1}, {512,1,1}, 0, stream:<null> ) [0m
:3:hip_platform.cpp         :241 : 1568666049561 us:  __hipPushCallConfiguration: Returned hipSuccess : 
:3:hip_platform.cpp         :246 : 1568666049673 us:  [32m __hipPopCallConfiguration ( {3964667986,32767,512}, {2118224,0,4294925520}, 0x7fffffff5a20, 0x7fffffff5a18 ) [0m
:3:hip_platform.cpp         :255 : 1568666049891 us:  __hipPopCallConfiguration: Returned hipSuccess : 
:3:hip_module.cpp           :744 : 1568666050009 us:  [32m hipLaunchKernel ( 0x200fe0, {8,1,1}, {512,1,1}, 0x7fffffff59d0, 0, stream:<null> ) [0m
:3:rocvirtual.cpp           :762 : 1568666050234 us:  Arg0:   = ptr:0x7ffe62000000
:3:rocvirtual.cpp           :778 : 1568666050334 us:  Arg0:   = ptr:0x7ffe62000000 obj:[0x7ffe62000000-0x7ffe66e20000]
:3:rocvirtual.cpp           :762 : 1568666050420 us:  Arg1:   = ptr:0x7ffec4a27000
:3:rocvirtual.cpp           :778 : 1568666050493 us:  Arg1:   = ptr:0x7ffec4a27000 obj:[0x7ffec4a27000-0x7ffec4a37000]
:3:rocvirtual.cpp           :762 : 1568666050600 us:  Arg2:   = ptr:0x7ffe5ce00000
:3:rocvirtual.cpp           :778 : 1568666050673 us:  Arg2:   = ptr:0x7ffe5ce00000 obj:[0x7ffe5ce00000-0x7ffe61c20000]
:3:rocvirtual.cpp           :853 : 1568666050766 us:  Arg3:   = val:2048
:3:rocvirtual.cpp           :762 : 1568666050857 us:  Arg4:   = ptr:0x7ffec4a00000
:3:rocvirtual.cpp           :778 : 1568666050928 us:  Arg4:   = ptr:0x7ffec4a00000 obj:[0x7ffec4a00000-0x7ffec4a00024]
:3:rocvirtual.cpp           :3236: 1568666051006 us:  ShaderName : void dense_esuhm<float>(float const*, float const*, float*, int, int const*)
:3:rocvirtual.cpp           :3449: 1568666051188 us:  KernargSegmentByteSize = 296 KernargSegmentAlignment = 128
:3:hip_module.cpp           :745 : 1568666051275 us:  hipLaunchKernel: Returned hipSuccess : : duration: 1266 us
:3:hip_device_runtime.cpp   :641 : 1568666051358 us:  [32m hipDeviceSynchronize (  ) [0m
:3:rocvirtual.cpp           :226 : 1568666049166 us:  Handler: value(0), timestamp(0xd0abf0), handle(0x7fffd89fc800)
:3:rocvirtual.cpp           :533 : 1568666051428 us:  Set Handler: handle(0x7fffd89fc780), timestamp(0xd0ab70)
:3:rocvirtual.hpp           :56  : 1568666051612 us:  Host active wait for Signal = (0x7fffd89fc780) for -1 ns
:3:hip_device_runtime.cpp   :645 : 1568666051726 us:  hipDeviceSynchronize: Returned hipSuccess : 
:3:hip_memory.cpp           :795 : 1568666051811 us:  [32m hipMemcpy ( 0x7ffe7c1df010, 0x7ffe5ce00000, 81920000, hipMemcpyDeviceToHost ) [0m
:3:rocvirtual.hpp           :56  : 1568666052046 us:  Host active wait for Signal = (0x7fffd89fe780) for -1 ns
:3:rocvirtual.cpp           :226 : 1568666051620 us:  Handler: value(0), timestamp(0xe0ad70), handle(0x7fffd89fc780)
:3:rocvirtual.hpp           :56  : 1568666053325 us:  Host active wait for Signal = (0x7fffd89fe580) for -1 ns
:3:rocvirtual.hpp           :56  : 1568666054601 us:  Host active wait for Signal = (0x7fffd89fdf00) for -1 ns
:3:rocvirtual.cpp           :533 : 1568666055169 us:  Set Handler: handle(0x7fffd89fc600), timestamp(0xe0aaf0)
:3:rocvirtual.hpp           :56  : 1568666055248 us:  Host active wait for Signal = (0x7fffd89fc600) for -1 ns
:3:hip_memory.cpp           :796 : 1568666055370 us:  hipMemcpy: Returned hipSuccess : : duration: 3559 us
:3:hip_memory.cpp           :3476: 1568666055462 us:  [32m hipMemset ( 0x7ffe5ce00000, 0, 81920000 ) [0m
:3:rocvirtual.cpp           :762 : 1568666055558 us:  Arg0: void* buf = ptr:0x7ffe5ce00000
:3:rocvirtual.cpp           :778 : 1568666055637 us:  Arg0: void* buf = ptr:0x7ffe5ce00000 obj:[0x7ffe5ce00000-0x7ffe61c20000]
:3:rocvirtual.cpp           :762 : 1568666055710 us:  Arg1: uchar* pattern = ptr:0x7ffec5600000
:3:rocvirtual.cpp           :853 : 1568666055819 us:  Arg2: uint pattern_size = val:1
:3:rocvirtual.cpp           :853 : 1568666055887 us:  Arg3: uint alignment = val:16
:3:rocvirtual.cpp           :853 : 1568666055997 us:  Arg4: ulong end_ptr = val:140730538524672
:3:rocvirtual.cpp           :853 : 1568666056087 us:  Arg5: uint next_chunk = val:28160
:3:rocvirtual.cpp           :3236: 1568666056198 us:  ShaderName : __amd_rocclr_fillBufferAligned
:3:rocvirtual.cpp           :3449: 1568666056302 us:  KernargSegmentByteSize = 296 KernargSegmentAlignment = 128
:3:hip_memory.cpp           :3477: 1568666056381 us:  hipMemset: Returned hipSuccess : 
:3:hip_device_runtime.cpp   :641 : 1568666056487 us:  [32m hipDeviceSynchronize (  ) [0m
:3:rocvirtual.cpp           :533 : 1568666056561 us:  Set Handler: handle(0x7fffd89fc580), timestamp(0xe0aab0)
:3:rocvirtual.hpp           :56  : 1568666056645 us:  Host active wait for Signal = (0x7fffd89fc580) for -1 ns
:3:hip_device_runtime.cpp   :645 : 1568666056727 us:  hipDeviceSynchronize: Returned hipSuccess : 
:3:hip_platform.cpp         :237 : 1568666056805 us:  [32m __hipPushCallConfiguration ( {8,1,1}, {512,1,1}, 0, stream:<null> ) [0m
:3:hip_platform.cpp         :241 : 1568666057003 us:  __hipPushCallConfiguration: Returned hipSuccess : 
:3:hip_platform.cpp         :246 : 1568666057082 us:  [32m __hipPopCallConfiguration ( {3964667986,32767,512}, {2118224,0,4294925520}, 0x7fffffff5a20, 0x7fffffff5a18 ) [0m
:3:hip_platform.cpp         :255 : 1568666057225 us:  __hipPopCallConfiguration: Returned hipSuccess : 
:3:hip_module.cpp           :744 : 1568666057301 us:  [32m hipLaunchKernel ( 0x200fe8, {8,1,1}, {512,1,1}, 0x7fffffff59d0, 0, stream:<null> ) [0m
:3:rocvirtual.cpp           :762 : 1568666057497 us:  Arg0:   = ptr:0x7ffe62000000
:3:rocvirtual.cpp           :778 : 1568666057573 us:  Arg0:   = ptr:0x7ffe62000000 obj:[0x7ffe62000000-0x7ffe66e20000]
:3:rocvirtual.cpp           :762 : 1568666057646 us:  Arg1:   = ptr:0x7ffec4a27000
:3:rocvirtual.cpp           :778 : 1568666057724 us:  Arg1:   = ptr:0x7ffec4a27000 obj:[0x7ffec4a27000-0x7ffec4a37000]
:3:rocvirtual.cpp           :762 : 1568666057790 us:  Arg2:   = ptr:0x7ffe5ce00000
:3:rocvirtual.cpp           :778 : 1568666057861 us:  Arg2:   = ptr:0x7ffe5ce00000 obj:[0x7ffe5ce00000-0x7ffe61c20000]
:3:rocvirtual.cpp           :853 : 1568666057924 us:  Arg3:   = val:2048
:3:rocvirtual.cpp           :762 : 1568666058029 us:  Arg4:   = ptr:0x7ffec4a00000
:3:rocvirtual.cpp           :778 : 1568666058107 us:  Arg4:   = ptr:0x7ffec4a00000 obj:[0x7ffec4a00000-0x7ffec4a00024]
:3:rocvirtual.cpp           :3236: 1568666058185 us:  ShaderName : void dense_esuhm2<float>(float const*, float const*, float*, int, int const*)
:3:rocvirtual.cpp           :3449: 1568666058337 us:  KernargSegmentByteSize = 296 KernargSegmentAlignment = 128
:3:hip_module.cpp           :745 : 1568666058424 us:  hipLaunchKernel: Returned hipSuccess : : duration: 1123 us
:3:hip_device_runtime.cpp   :641 : 1568666058495 us:  [32m hipDeviceSynchronize (  ) [0m
:3:rocvirtual.cpp           :533 : 1568666058570 us:  Set Handler: handle(0x7fffd89fc680), timestamp(0xd0af60)
:3:rocvirtual.hpp           :56  : 1568666058641 us:  Host active wait for Signal = (0x7fffd89fc680) for -1 ns
:3:hip_device_runtime.cpp   :645 : 1568666058707 us:  hipDeviceSynchronize: Returned hipSuccess : 
:3:rocvirtual.cpp           :226 : 1568666055258 us:  Handler: value(0), timestamp(0xe0a770), handle(0x7fffd89fc600)
:3:hip_memory.cpp           :795 : 1568666058781 us:  [32m hipMemcpy ( 0x7ffe773be010, 0x7ffe5ce00000, 81920000, hipMemcpyDeviceToHost ) [0m
:3:rocvirtual.cpp           :226 : 1568666058873 us:  Handler: value(0), timestamp(0xd0b270), handle(0x7fffd89fc580)
:3:rocvirtual.cpp           :226 : 1568666059091 us:  Handler: value(0), timestamp(0xe27fe0), handle(0x7fffd89fc680)
:3:rocvirtual.hpp           :56  : 1568666059014 us:  Host active wait for Signal = (0x7fffd89fe380) for -1 ns
:3:rocvirtual.hpp           :56  : 1568666060293 us:  Host active wait for Signal = (0x7fffd89fe000) for -1 ns
:3:rocvirtual.hpp           :56  : 1568666061568 us:  Host active wait for Signal = (0x7fffd89fe080) for -1 ns
:3:rocvirtual.cpp           :533 : 1568666062137 us:  Set Handler: handle(0x7fffd89fc400), timestamp(0xeff200)
:3:rocvirtual.hpp           :56  : 1568666062225 us:  Host active wait for Signal = (0x7fffd89fc400) for -1 ns
:3:hip_memory.cpp           :796 : 1568666062303 us:  hipMemcpy: Returned hipSuccess : : duration: 3522 us
:3:hip_memory.cpp           :3476: 1568666062374 us:  [32m hipMemset ( 0x7ffe5ce00000, 0, 81920000 ) [0m
:3:rocvirtual.cpp           :762 : 1568666062455 us:  Arg0: void* buf = ptr:0x7ffe5ce00000
:3:rocvirtual.cpp           :778 : 1568666062535 us:  Arg0: void* buf = ptr:0x7ffe5ce00000 obj:[0x7ffe5ce00000-0x7ffe61c20000]
:3:rocvirtual.cpp           :762 : 1568666062613 us:  Arg1: uchar* pattern = ptr:0x7ffec5600000
:3:rocvirtual.cpp           :853 : 1568666062697 us:  Arg2: uint pattern_size = val:1
:3:rocvirtual.cpp           :853 : 1568666062770 us:  Arg3: uint alignment = val:16
:3:rocvirtual.cpp           :853 : 1568666062851 us:  Arg4: ulong end_ptr = val:140730538524672
:3:rocvirtual.cpp           :853 : 1568666062919 us:  Arg5: uint next_chunk = val:28160
:3:rocvirtual.cpp           :3236: 1568666062991 us:  ShaderName : __amd_rocclr_fillBufferAligned
:3:rocvirtual.cpp           :3449: 1568666063072 us:  KernargSegmentByteSize = 296 KernargSegmentAlignment = 128
:3:hip_memory.cpp           :3477: 1568666063142 us:  hipMemset: Returned hipSuccess : 
:3:hip_device_runtime.cpp   :641 : 1568666063212 us:  [32m hipDeviceSynchronize (  ) [0m
:3:rocvirtual.cpp           :226 : 1568666062608 us:  Handler: value(0), timestamp(0xd83670), handle(0x7fffd89fc400)
:3:rocvirtual.cpp           :533 : 1568666063286 us:  Set Handler: handle(0x7fffd89fc380), timestamp(0xe0ab70)
:3:rocvirtual.hpp           :56  : 1568666063440 us:  Host active wait for Signal = (0x7fffd89fc380) for -1 ns
:3:hip_device_runtime.cpp   :645 : 1568666063512 us:  hipDeviceSynchronize: Returned hipSuccess : 
:3:hip_platform.cpp         :237 : 1568666063604 us:  [32m __hipPushCallConfiguration ( {8,1,1}, {512,1,1}, 0, stream:<null> ) [0m
:3:hip_platform.cpp         :241 : 1568666063785 us:  __hipPushCallConfiguration: Returned hipSuccess : 
:3:hip_platform.cpp         :246 : 1568666063898 us:  [32m __hipPopCallConfiguration ( {3964667986,32767,512}, {2118224,0,4294925520}, 0x7fffffff5a20, 0x7fffffff5a18 ) [0m
:3:hip_platform.cpp         :255 : 1568666064098 us:  __hipPopCallConfiguration: Returned hipSuccess : 
:3:hip_module.cpp           :744 : 1568666064205 us:  [32m hipLaunchKernel ( 0x200ff0, {8,1,1}, {512,1,1}, 0x7fffffff59d0, 0, stream:<null> ) [0m
:3:rocvirtual.cpp           :762 : 1568666064356 us:  Arg0:   = ptr:0x7ffe62000000
:3:rocvirtual.cpp           :778 : 1568666064426 us:  Arg0:   = ptr:0x7ffe62000000 obj:[0x7ffe62000000-0x7ffe66e20000]
:3:rocvirtual.cpp           :762 : 1568666064513 us:  Arg1:   = ptr:0x7ffec4a27000
:3:rocvirtual.cpp           :778 : 1568666064593 us:  Arg1:   = ptr:0x7ffec4a27000 obj:[0x7ffec4a27000-0x7ffec4a37000]
:3:rocvirtual.cpp           :762 : 1568666064669 us:  Arg2:   = ptr:0x7ffe5ce00000
:3:rocvirtual.cpp           :778 : 1568666064745 us:  Arg2:   = ptr:0x7ffe5ce00000 obj:[0x7ffe5ce00000-0x7ffe61c20000]
:3:rocvirtual.cpp           :853 : 1568666064832 us:  Arg3:   = val:2048
:3:rocvirtual.cpp           :762 : 1568666064914 us:  Arg4:   = ptr:0x7ffec4a00000
:3:rocvirtual.cpp           :778 : 1568666064988 us:  Arg4:   = ptr:0x7ffec4a00000 obj:[0x7ffec4a00000-0x7ffec4a00024]
:3:rocvirtual.cpp           :3236: 1568666065063 us:  ShaderName : void dense_esuhm3<float>(float const*, float const*, float*, int, int const*)
:3:rocvirtual.cpp           :3449: 1568666065244 us:  KernargSegmentByteSize = 296 KernargSegmentAlignment = 128
:3:hip_module.cpp           :745 : 1568666065316 us:  hipLaunchKernel: Returned hipSuccess : : duration: 1111 us
:3:hip_device_runtime.cpp   :641 : 1568666065392 us:  [32m hipDeviceSynchronize (  ) [0m
:3:rocvirtual.cpp           :226 : 1568666063448 us:  Handler: value(0), timestamp(0xeff3a0), handle(0x7fffd89fc380)
:3:rocvirtual.cpp           :533 : 1568666065466 us:  Set Handler: handle(0x7fffd89fc300), timestamp(0xd0b100)
:3:rocvirtual.hpp           :56  : 1568666065624 us:  Host active wait for Signal = (0x7fffd89fc300) for -1 ns
:3:hip_device_runtime.cpp   :645 : 1568666065696 us:  hipDeviceSynchronize: Returned hipSuccess : 
:3:rocvirtual.cpp           :226 : 1568666065632 us:  Handler: value(0), timestamp(0xeff150), handle(0x7fffd89fc300)
:3:hip_memory.cpp           :795 : 1568666065760 us:  [32m hipMemcpy ( 0x7ffe7259d010, 0x7ffe5ce00000, 81920000, hipMemcpyDeviceToHost ) [0m
:3:rocvirtual.hpp           :56  : 1568666065995 us:  Host active wait for Signal = (0x7fffd89fe180) for -1 ns
:3:rocvirtual.hpp           :56  : 1568666067273 us:  Host active wait for Signal = (0x7fffd89fdf80) for -1 ns
:3:rocvirtual.hpp           :56  : 1568666068548 us:  Host active wait for Signal = (0x7fffd89fe100) for -1 ns
:3:rocvirtual.cpp           :533 : 1568666069116 us:  Set Handler: handle(0x7fffd89fc180), timestamp(0xeff6a0)
:3:rocvirtual.hpp           :56  : 1568666069209 us:  Host active wait for Signal = (0x7fffd89fc180) for -1 ns
:3:hip_memory.cpp           :796 : 1568666069298 us:  hipMemcpy: Returned hipSuccess : : duration: 3538 us
:3:rocvirtual.cpp           :226 : 1568666069638 us:  Handler: value(0), timestamp(0xeff5f0), handle(0x7fffd89fc180)
:3:hip_memory.cpp           :3476: 1568666116880 us:  [32m hipMemset ( 0x7ffe5ce00000, 0, 81920000 ) [0m
:3:rocvirtual.cpp           :762 : 1568666117227 us:  Arg0: void* buf = ptr:0x7ffe5ce00000
:3:rocvirtual.cpp           :778 : 1568666117367 us:  Arg0: void* buf = ptr:0x7ffe5ce00000 obj:[0x7ffe5ce00000-0x7ffe61c20000]
:3:rocvirtual.cpp           :762 : 1568666117510 us:  Arg1: uchar* pattern = ptr:0x7ffec5600000
:3:rocvirtual.cpp           :853 : 1568666117651 us:  Arg2: uint pattern_size = val:1
:3:rocvirtual.cpp           :853 : 1568666117797 us:  Arg3: uint alignment = val:16
:3:rocvirtual.cpp           :853 : 1568666117891 us:  Arg4: ulong end_ptr = val:140730538524672
:3:rocvirtual.cpp           :853 : 1568666118000 us:  Arg5: uint next_chunk = val:28160
:3:rocvirtual.cpp           :3236: 1568666118148 us:  ShaderName : __amd_rocclr_fillBufferAligned
:3:rocvirtual.cpp           :3449: 1568666118278 us:  KernargSegmentByteSize = 296 KernargSegmentAlignment = 128
:3:hip_memory.cpp           :3477: 1568666118364 us:  hipMemset: Returned hipSuccess : 
:3:hip_device_runtime.cpp   :641 : 1568666118482 us:  [32m hipDeviceSynchronize (  ) [0m
:3:rocvirtual.cpp           :533 : 1568666118561 us:  Set Handler: handle(0x7fffd89fc100), timestamp(0xd83720)
:3:rocvirtual.hpp           :56  : 1568666118641 us:  Host active wait for Signal = (0x7fffd89fc100) for -1 ns
:3:hip_device_runtime.cpp   :645 : 1568666118746 us:  hipDeviceSynchronize: Returned hipSuccess : 
:3:hip_platform.cpp         :237 : 1568666118868 us:  [32m __hipPushCallConfiguration ( {8,1,1}, {1024,1,1}, 0, stream:<null> ) [0m
:3:hip_platform.cpp         :241 : 1568666119022 us:  __hipPushCallConfiguration: Returned hipSuccess : 
:3:hip_platform.cpp         :246 : 1568666119145 us:  [32m __hipPopCallConfiguration ( {3964667986,32767,1024}, {2118224,0,4294925520}, 0x7fffffff5a20, 0x7fffffff5a18 ) [0m
:3:hip_platform.cpp         :255 : 1568666119296 us:  __hipPopCallConfiguration: Returned hipSuccess : 
:3:hip_module.cpp           :744 : 1568666119376 us:  [32m hipLaunchKernel ( 0x200fe0, {8,1,1}, {1024,1,1}, 0x7fffffff59d0, 0, stream:<null> ) [0m
:3:rocvirtual.cpp           :226 : 1568666118650 us:  Handler: value(0), timestamp(0xd83850), handle(0x7fffd89fc100)
:3:rocvirtual.cpp           :762 : 1568666119515 us:  Arg0:   = ptr:0x7ffe62000000
:3:rocvirtual.cpp           :778 : 1568666119704 us:  Arg0:   = ptr:0x7ffe62000000 obj:[0x7ffe62000000-0x7ffe66e20000]
:3:rocvirtual.cpp           :762 : 1568666119777 us:  Arg1:   = ptr:0x7ffec4a27000
:3:rocvirtual.cpp           :778 : 1568666119859 us:  Arg1:   = ptr:0x7ffec4a27000 obj:[0x7ffec4a27000-0x7ffec4a37000]
:3:rocvirtual.cpp           :762 : 1568666119928 us:  Arg2:   = ptr:0x7ffe5ce00000
:3:rocvirtual.cpp           :778 : 1568666120038 us:  Arg2:   = ptr:0x7ffe5ce00000 obj:[0x7ffe5ce00000-0x7ffe61c20000]
:3:rocvirtual.cpp           :853 : 1568666120102 us:  Arg3:   = val:2048
:3:rocvirtual.cpp           :762 : 1568666120210 us:  Arg4:   = ptr:0x7ffec4a00000
:3:rocvirtual.cpp           :778 : 1568666120299 us:  Arg4:   = ptr:0x7ffec4a00000 obj:[0x7ffec4a00000-0x7ffec4a00024]
:3:rocvirtual.cpp           :3236: 1568666120409 us:  ShaderName : void dense_esuhm<float>(float const*, float const*, float*, int, int const*)
:3:rocvirtual.cpp           :3449: 1568666120607 us:  KernargSegmentByteSize = 296 KernargSegmentAlignment = 128
:3:hip_module.cpp           :745 : 1568666120716 us:  hipLaunchKernel: Returned hipSuccess : : duration: 1340 us
:3:hip_device_runtime.cpp   :641 : 1568666120788 us:  [32m hipDeviceSynchronize (  ) [0m
:3:rocvirtual.cpp           :533 : 1568666120876 us:  Set Handler: handle(0x7fffd89fc200), timestamp(0xeff320)
:3:rocvirtual.hpp           :56  : 1568666120959 us:  Host active wait for Signal = (0x7fffd89fc200) for -1 ns
:3:hip_device_runtime.cpp   :645 : 1568666121045 us:  hipDeviceSynchronize: Returned hipSuccess : 
:3:hip_memory.cpp           :795 : 1568666121158 us:  [32m hipMemcpy ( 0x7ffe7c1df010, 0x7ffe5ce00000, 81920000, hipMemcpyDeviceToHost ) [0m
:3:rocvirtual.hpp           :56  : 1568666121347 us:  Host active wait for Signal = (0x7fffd89fdd80) for -1 ns
:3:rocvirtual.cpp           :226 : 1568666120969 us:  Handler: value(0), timestamp(0xd832f0), handle(0x7fffd89fc200)
:3:rocvirtual.hpp           :56  : 1568666122625 us:  Host active wait for Signal = (0x7fffd89fdc80) for -1 ns
:3:rocvirtual.hpp           :56  : 1568666123900 us:  Host active wait for Signal = (0x7fffd89fdc00) for -1 ns
:3:rocvirtual.cpp           :533 : 1568666124470 us:  Set Handler: handle(0x7fffd89fc080), timestamp(0xeff4e0)
:3:rocvirtual.hpp           :56  : 1568666124559 us:  Host active wait for Signal = (0x7fffd89fc080) for -1 ns
:3:hip_memory.cpp           :796 : 1568666124644 us:  hipMemcpy: Returned hipSuccess : : duration: 3486 us
:3:hip_memory.cpp           :3476: 1568666124760 us:  [32m hipMemset ( 0x7ffe5ce00000, 0, 81920000 ) [0m
:3:rocvirtual.cpp           :762 : 1568666124859 us:  Arg0: void* buf = ptr:0x7ffe5ce00000
:3:rocvirtual.cpp           :778 : 1568666124931 us:  Arg0: void* buf = ptr:0x7ffe5ce00000 obj:[0x7ffe5ce00000-0x7ffe61c20000]
:3:rocvirtual.cpp           :762 : 1568666125024 us:  Arg1: uchar* pattern = ptr:0x7ffec5600000
:3:rocvirtual.cpp           :853 : 1568666125097 us:  Arg2: uint pattern_size = val:1
:3:rocvirtual.cpp           :853 : 1568666125212 us:  Arg3: uint alignment = val:16
:3:rocvirtual.cpp           :853 : 1568666125282 us:  Arg4: ulong end_ptr = val:140730538524672
:3:rocvirtual.cpp           :853 : 1568666125394 us:  Arg5: uint next_chunk = val:28160
:3:rocvirtual.cpp           :3236: 1568666125467 us:  ShaderName : __amd_rocclr_fillBufferAligned
:3:rocvirtual.cpp           :3449: 1568666125547 us:  KernargSegmentByteSize = 296 KernargSegmentAlignment = 128
:3:hip_memory.cpp           :3477: 1568666125655 us:  hipMemset: Returned hipSuccess : 
:3:hip_device_runtime.cpp   :641 : 1568666125733 us:  [32m hipDeviceSynchronize (  ) [0m
:3:rocvirtual.cpp           :533 : 1568666125806 us:  Set Handler: handle(0x7fffd89fc000), timestamp(0x28daa0)
:3:rocvirtual.hpp           :56  : 1568666125879 us:  Host active wait for Signal = (0x7fffd89fc000) for -1 ns
:3:hip_device_runtime.cpp   :645 : 1568666125948 us:  hipDeviceSynchronize: Returned hipSuccess : 
:3:hip_platform.cpp         :237 : 1568666126020 us:  [32m __hipPushCallConfiguration ( {8,1,1}, {1024,1,1}, 0, stream:<null> ) [0m
:3:hip_platform.cpp         :241 : 1568666126167 us:  __hipPushCallConfiguration: Returned hipSuccess : 
:3:hip_platform.cpp         :246 : 1568666126236 us:  [32m __hipPopCallConfiguration ( {3964667986,32767,1024}, {2118224,0,4294925520}, 0x7fffffff5a20, 0x7fffffff5a18 ) [0m
:3:hip_platform.cpp         :255 : 1568666126389 us:  __hipPopCallConfiguration: Returned hipSuccess : 
:3:hip_module.cpp           :744 : 1568666126467 us:  [32m hipLaunchKernel ( 0x200fe8, {8,1,1}, {1024,1,1}, 0x7fffffff59d0, 0, stream:<null> ) [0m
:3:rocvirtual.cpp           :762 : 1568666126636 us:  Arg0:   = ptr:0x7ffe62000000
:3:rocvirtual.cpp           :778 : 1568666126722 us:  Arg0:   = ptr:0x7ffe62000000 obj:[0x7ffe62000000-0x7ffe66e20000]
:3:rocvirtual.cpp           :762 : 1568666126795 us:  Arg1:   = ptr:0x7ffec4a27000
:3:rocvirtual.cpp           :778 : 1568666126859 us:  Arg1:   = ptr:0x7ffec4a27000 obj:[0x7ffec4a27000-0x7ffec4a37000]
:3:rocvirtual.cpp           :762 : 1568666126930 us:  Arg2:   = ptr:0x7ffe5ce00000
:3:rocvirtual.cpp           :778 : 1568666127000 us:  Arg2:   = ptr:0x7ffe5ce00000 obj:[0x7ffe5ce00000-0x7ffe61c20000]
:3:rocvirtual.cpp           :853 : 1568666127075 us:  Arg3:   = val:2048
:3:rocvirtual.cpp           :762 : 1568666127153 us:  Arg4:   = ptr:0x7ffec4a00000
:3:rocvirtual.cpp           :778 : 1568666127222 us:  Arg4:   = ptr:0x7ffec4a00000 obj:[0x7ffec4a00000-0x7ffec4a00024]
:3:rocvirtual.cpp           :3236: 1568666127291 us:  ShaderName : void dense_esuhm2<float>(float const*, float const*, float*, int, int const*)
:3:rocvirtual.cpp           :3449: 1568666127429 us:  KernargSegmentByteSize = 296 KernargSegmentAlignment = 128
:3:hip_module.cpp           :745 : 1568666127503 us:  hipLaunchKernel: Returned hipSuccess : : duration: 1036 us
:3:hip_device_runtime.cpp   :641 : 1568666127589 us:  [32m hipDeviceSynchronize (  ) [0m
:3:rocvirtual.cpp           :533 : 1568666127703 us:  Set Handler: handle(0x7fffd89fc280), timestamp(0xeff0d0)
:3:rocvirtual.hpp           :56  : 1568666127775 us:  Host active wait for Signal = (0x7fffd89fc280) for -1 ns
:3:hip_device_runtime.cpp   :645 : 1568666127845 us:  hipDeviceSynchronize: Returned hipSuccess : 
:3:rocvirtual.cpp           :226 : 1568666124572 us:  Handler: value(0), timestamp(0xd837b0), handle(0x7fffd89fc080)
:3:hip_memory.cpp           :795 : 1568666127915 us:  [32m hipMemcpy ( 0x7ffe773be010, 0x7ffe5ce00000, 81920000, hipMemcpyDeviceToHost ) [0m
:3:rocvirtual.cpp           :226 : 1568666128008 us:  Handler: value(0), timestamp(0x732010), handle(0x7fffd89fc000)
:3:rocvirtual.cpp           :226 : 1568666128214 us:  Handler: value(0), timestamp(0xe0abb0), handle(0x7fffd89fc280)
:3:rocvirtual.hpp           :56  : 1568666128152 us:  Host active wait for Signal = (0x7fffd89fda80) for -1 ns
:3:rocvirtual.hpp           :56  : 1568666129431 us:  Host active wait for Signal = (0x7fffd89fdb80) for -1 ns
:3:rocvirtual.hpp           :56  : 1568666130706 us:  Host active wait for Signal = (0x7fffd89fe200) for -1 ns
:3:rocvirtual.cpp           :533 : 1568666131275 us:  Set Handler: handle(0x7fffd89fbe00), timestamp(0xdceb00)
:3:rocvirtual.hpp           :56  : 1568666131360 us:  Host active wait for Signal = (0x7fffd89fbe00) for -1 ns
:3:hip_memory.cpp           :796 : 1568666131430 us:  hipMemcpy: Returned hipSuccess : : duration: 3515 us
:3:hip_memory.cpp           :3476: 1568666131500 us:  [32m hipMemset ( 0x7ffe5ce00000, 0, 81920000 ) [0m
:3:rocvirtual.cpp           :762 : 1568666131592 us:  Arg0: void* buf = ptr:0x7ffe5ce00000
:3:rocvirtual.cpp           :778 : 1568666131676 us:  Arg0: void* buf = ptr:0x7ffe5ce00000 obj:[0x7ffe5ce00000-0x7ffe61c20000]
:3:rocvirtual.cpp           :762 : 1568666131753 us:  Arg1: uchar* pattern = ptr:0x7ffec5600000
:3:rocvirtual.cpp           :853 : 1568666131863 us:  Arg2: uint pattern_size = val:1
:3:rocvirtual.cpp           :853 : 1568666131966 us:  Arg3: uint alignment = val:16
:3:rocvirtual.cpp           :853 : 1568666132044 us:  Arg4: ulong end_ptr = val:140730538524672
:3:rocvirtual.cpp           :853 : 1568666132125 us:  Arg5: uint next_chunk = val:28160
:3:rocvirtual.cpp           :3236: 1568666132201 us:  ShaderName : __amd_rocclr_fillBufferAligned
:3:rocvirtual.cpp           :3449: 1568666132271 us:  KernargSegmentByteSize = 296 KernargSegmentAlignment = 128
:3:hip_memory.cpp           :3477: 1568666132383 us:  hipMemset: Returned hipSuccess : 
:3:hip_device_runtime.cpp   :641 : 1568666132456 us:  [32m hipDeviceSynchronize (  ) [0m
:3:rocvirtual.cpp           :533 : 1568666132531 us:  Set Handler: handle(0x7fffd89fbe80), timestamp(0x732200)
:3:rocvirtual.hpp           :56  : 1568666132617 us:  Host active wait for Signal = (0x7fffd89fbe80) for -1 ns
:3:hip_device_runtime.cpp   :645 : 1568666132702 us:  hipDeviceSynchronize: Returned hipSuccess : 
:3:hip_platform.cpp         :237 : 1568666132771 us:  [32m __hipPushCallConfiguration ( {8,1,1}, {1024,1,1}, 0, stream:<null> ) [0m
:3:hip_platform.cpp         :241 : 1568666132908 us:  __hipPushCallConfiguration: Returned hipSuccess : 
:3:hip_platform.cpp         :246 : 1568666133018 us:  [32m __hipPopCallConfiguration ( {3964667986,32767,1024}, {2118224,0,4294925520}, 0x7fffffff5a20, 0x7fffffff5a18 ) [0m
:3:hip_platform.cpp         :255 : 1568666133155 us:  __hipPopCallConfiguration: Returned hipSuccess : 
:3:hip_module.cpp           :744 : 1568666133230 us:  [32m hipLaunchKernel ( 0x200ff0, {8,1,1}, {1024,1,1}, 0x7fffffff59d0, 0, stream:<null> ) [0m
:3:rocvirtual.cpp           :762 : 1568666133383 us:  Arg0:   = ptr:0x7ffe62000000
:3:rocvirtual.cpp           :778 : 1568666133453 us:  Arg0:   = ptr:0x7ffe62000000 obj:[0x7ffe62000000-0x7ffe66e20000]
:3:rocvirtual.cpp           :762 : 1568666133528 us:  Arg1:   = ptr:0x7ffec4a27000
:3:rocvirtual.cpp           :778 : 1568666133600 us:  Arg1:   = ptr:0x7ffec4a27000 obj:[0x7ffec4a27000-0x7ffec4a37000]
:3:rocvirtual.cpp           :762 : 1568666133666 us:  Arg2:   = ptr:0x7ffe5ce00000
:3:rocvirtual.cpp           :778 : 1568666133735 us:  Arg2:   = ptr:0x7ffe5ce00000 obj:[0x7ffe5ce00000-0x7ffe61c20000]
:3:rocvirtual.cpp           :853 : 1568666133807 us:  Arg3:   = val:2048
:3:rocvirtual.cpp           :762 : 1568666133880 us:  Arg4:   = ptr:0x7ffec4a00000
:3:rocvirtual.cpp           :778 : 1568666133948 us:  Arg4:   = ptr:0x7ffec4a00000 obj:[0x7ffec4a00000-0x7ffec4a00024]
:3:rocvirtual.cpp           :3236: 1568666134029 us:  ShaderName : void dense_esuhm3<float>(float const*, float const*, float*, int, int const*)
:3:rocvirtual.cpp           :3449: 1568666134167 us:  KernargSegmentByteSize = 296 KernargSegmentAlignment = 128
:3:hip_module.cpp           :745 : 1568666134233 us:  hipLaunchKernel: Returned hipSuccess : : duration: 1003 us
:3:hip_device_runtime.cpp   :641 : 1568666134309 us:  [32m hipDeviceSynchronize (  ) [0m
:3:rocvirtual.cpp           :226 : 1568666131742 us:  Handler: value(0), timestamp(0x6e97a0), handle(0x7fffd89fbe00)
:3:rocvirtual.cpp           :533 : 1568666134411 us:  Set Handler: handle(0x7fffd89fbf00), timestamp(0xdcebf0)
:3:rocvirtual.hpp           :56  : 1568666134567 us:  Host active wait for Signal = (0x7fffd89fbf00) for -1 ns
:3:hip_device_runtime.cpp   :645 : 1568666134642 us:  hipDeviceSynchronize: Returned hipSuccess : 
:3:rocvirtual.cpp           :226 : 1568666134507 us:  Handler: value(0), timestamp(0xefef10), handle(0x7fffd89fbe80)
:3:rocvirtual.cpp           :226 : 1568666134792 us:  Handler: value(0), timestamp(0xdceb40), handle(0x7fffd89fbf00)
:3:hip_memory.cpp           :795 : 1568666134714 us:  [32m hipMemcpy ( 0x7ffe7259d010, 0x7ffe5ce00000, 81920000, hipMemcpyDeviceToHost ) [0m
:3:rocvirtual.hpp           :56  : 1568666135024 us:  Host active wait for Signal = (0x7fffd89fd880) for -1 ns
:3:rocvirtual.hpp           :56  : 1568666136301 us:  Host active wait for Signal = (0x7fffd89ff780) for -1 ns
:3:rocvirtual.hpp           :56  : 1568666137577 us:  Host active wait for Signal = (0x7fffd89ff800) for -1 ns
:3:rocvirtual.cpp           :533 : 1568666138146 us:  Set Handler: handle(0x7fffd89fd700), timestamp(0xe22dd0)
:3:rocvirtual.hpp           :56  : 1568666138224 us:  Host active wait for Signal = (0x7fffd89fd700) for -1 ns
:3:hip_memory.cpp           :796 : 1568666138301 us:  hipMemcpy: Returned hipSuccess : : duration: 3587 us
:3:rocvirtual.cpp           :226 : 1568666138915 us:  Handler: value(0), timestamp(0xdceb40), handle(0x7fffd89fd700)
:3:hip_memory.cpp           :772 : 1568666185913 us:  [32m hipFree ( 0x7ffe62000000 ) [0m
:3:rocdevice.cpp            :2411: 1568666186293 us:  Device=0x6e3170, freeMem_ = 0xffa1cffdc
:3:hip_memory.cpp           :774 : 1568666186477 us:  hipFree: Returned hipSuccess : 
:3:hip_memory.cpp           :772 : 1568666186565 us:  [32m hipFree ( 0x7ffec4a27000 ) [0m
:3:rocdevice.cpp            :2411: 1568666186853 us:  Device=0x6e3170, freeMem_ = 0xffa1dffdc
:3:hip_memory.cpp           :774 : 1568666186929 us:  hipFree: Returned hipSuccess : 
:3:hip_memory.cpp           :772 : 1568666187048 us:  [32m hipFree ( 0x7ffe5ce00000 ) [0m
:3:rocdevice.cpp            :2411: 1568666187167 us:  Device=0x6e3170, freeMem_ = 0xffeffffdc
:3:hip_memory.cpp           :774 : 1568666187245 us:  hipFree: Returned hipSuccess : 
:3:hip_memory.cpp           :772 : 1568666187340 us:  [32m hipFree ( 0x7ffec4a00000 ) [0m
:3:rocdevice.cpp            :2411: 1568666187434 us:  Device=0x6e3170, freeMem_ = 0xfff000000
:3:hip_memory.cpp           :774 : 1568666187567 us:  hipFree: Returned hipSuccess : 
:3:hip_memory.cpp           :756 : 1568683815820 us:  [32m hipMalloc ( 0x7fffffff5c00, 491520000 ) [0m
:3:rocdevice.cpp            :2411: 1568683816800 us:  Device=0x6e3170, freeMem_ = 0xfe1b40000
:3:hip_memory.cpp           :758 : 1568683817616 us:  hipMalloc: Returned hipSuccess : 0x7ffdbc200000: duration: 1796 us
:3:hip_memory.cpp           :795 : 1568683817892 us:  [32m hipMemcpy ( 0x7ffdbc200000, 0x7ffe4eb3f010, 491520000, hipMemcpyHostToDevice ) [0m
:3:rocvirtual.hpp           :56  : 1568683818525 us:  Host active wait for Signal = (0x7fffd89ff680) for -1 ns
:3:rocvirtual.hpp           :56  : 1568683820151 us:  Host active wait for Signal = (0x7fffd89ff480) for -1 ns
:3:rocvirtual.hpp           :56  : 1568683821739 us:  Host active wait for Signal = (0x7fffd89fd900) for -1 ns
:3:rocvirtual.hpp           :56  : 1568683823326 us:  Host active wait for Signal = (0x7fffd89fe280) for -1 ns
:3:rocvirtual.hpp           :56  : 1568683824919 us:  Host active wait for Signal = (0x7fffd89fe300) for -1 ns
:3:rocvirtual.hpp           :56  : 1568683826514 us:  Host active wait for Signal = (0x7fffd89fe400) for -1 ns
:3:rocvirtual.hpp           :56  : 1568683828128 us:  Host active wait for Signal = (0x7fffd89ff380) for -1 ns
:3:rocvirtual.hpp           :56  : 1568683829720 us:  Host active wait for Signal = (0x7fffd89ff180) for -1 ns
:3:rocvirtual.hpp           :56  : 1568683831316 us:  Host active wait for Signal = (0x7fffd89fd980) for -1 ns
:3:rocvirtual.hpp           :56  : 1568683832884 us:  Host active wait for Signal = (0x7fffd89fe480) for -1 ns
:3:rocvirtual.hpp           :56  : 1568683834460 us:  Host active wait for Signal = (0x7fffd89fe500) for -1 ns
:3:rocvirtual.hpp           :56  : 1568683836055 us:  Host active wait for Signal = (0x7fffd89fe600) for -1 ns
:3:rocvirtual.hpp           :56  : 1568683837623 us:  Host active wait for Signal = (0x7fffd89fef80) for -1 ns
:3:rocvirtual.hpp           :56  : 1568683839191 us:  Host active wait for Signal = (0x7fffd89fda00) for -1 ns
:3:rocvirtual.hpp           :56  : 1568683840674 us:  Host active wait for Signal = (0x7fffd89fdb00) for -1 ns
:3:rocvirtual.cpp           :533 : 1568683841552 us:  Set Handler: handle(0x7fffd89fcd00), timestamp(0xe27e30)
:3:rocvirtual.hpp           :56  : 1568683841740 us:  Host active wait for Signal = (0x7fffd89fcd00) for -1 ns
:3:hip_memory.cpp           :796 : 1568683841877 us:  hipMemcpy: Returned hipSuccess : : duration: 23985 us
:3:hip_memory.cpp           :756 : 1568683842026 us:  [32m hipMalloc ( 0x7fffffff5bf8, 393216 ) [0m
:3:rocdevice.cpp            :2411: 1568683842125 us:  Device=0x6e3170, freeMem_ = 0xfe1ae0000
:3:hip_memory.cpp           :758 : 1568683842242 us:  hipMalloc: Returned hipSuccess : 0x7ffec4a27000: duration: 216 us
:3:hip_memory.cpp           :795 : 1568683842335 us:  [32m hipMemcpy ( 0x7ffec4a27000, 0xe840b0, 393216, hipMemcpyHostToDevice ) [0m
:3:rocvirtual.cpp           :226 : 1568683841750 us:  Handler: value(0), timestamp(0xef44c0), handle(0x7fffd89fcd00)
:3:rocvirtual.cpp           :533 : 1568683842552 us:  Set Handler: handle(0x7fffd89fcc00), timestamp(0xe27d70)
:3:rocvirtual.hpp           :56  : 1568683842714 us:  Host active wait for Signal = (0x7fffd89fcc00) for -1 ns
:3:hip_memory.cpp           :796 : 1568683842790 us:  hipMemcpy: Returned hipSuccess : : duration: 455 us
:3:hip_memory.cpp           :756 : 1568683842881 us:  [32m hipMalloc ( 0x7fffffff5bf0, 491520000 ) [0m
:3:rocvirtual.cpp           :226 : 1568683842721 us:  Handler: value(0), timestamp(0x73be30), handle(0x7fffd89fcc00)
:3:rocdevice.cpp            :2411: 1568683842997 us:  Device=0x6e3170, freeMem_ = 0xfc4620000
:3:hip_memory.cpp           :758 : 1568683843178 us:  hipMalloc: Returned hipSuccess : 0x7ffd9ea00000: duration: 297 us
:3:hip_memory.cpp           :756 : 1568683843283 us:  [32m hipMalloc ( 0x7fffffff5be8, 36 ) [0m
:3:rocdevice.cpp            :2411: 1568683843358 us:  Device=0x6e3170, freeMem_ = 0xfc461ffdc
:3:hip_memory.cpp           :758 : 1568683843465 us:  hipMalloc: Returned hipSuccess : 0x7ffec4a00000: duration: 182 us
:3:hip_memory.cpp           :795 : 1568683843580 us:  [32m hipMemcpy ( 0x7ffec4a00000, 0x28ddc0, 36, hipMemcpyHostToDevice ) [0m
:3:rocvirtual.cpp           :762 : 1568683843754 us:  Arg0: uchar* src = ptr:0x7ffec5076200
:3:rocvirtual.cpp           :762 : 1568683843822 us:  Arg1: uchar* dst = ptr:0x7ffec4a00000
:3:rocvirtual.cpp           :853 : 1568683843898 us:  Arg2: ulong size = val:36
:3:rocvirtual.cpp           :853 : 1568683844030 us:  Arg3: uint remainder = val:4
:3:rocvirtual.cpp           :853 : 1568683844142 us:  Arg4: uint aligned_size = val:16
:3:rocvirtual.cpp           :853 : 1568683844242 us:  Arg5: ulong end_ptr = val:140732197240864
:3:rocvirtual.cpp           :853 : 1568683844314 us:  Arg6: uint next_chunk = val:512
:3:rocvirtual.cpp           :3236: 1568683844417 us:  ShaderName : __amd_rocclr_copyBuffer
:3:rocvirtual.cpp           :3449: 1568683844530 us:  KernargSegmentByteSize = 304 KernargSegmentAlignment = 128
:3:rocvirtual.cpp           :533 : 1568683844614 us:  Set Handler: handle(0x7fffd89fcc80), timestamp(0xef3a00)
:3:rocvirtual.hpp           :56  : 1568683844695 us:  Host active wait for Signal = (0x7fffd89fcc80) for -1 ns
:3:hip_memory.cpp           :796 : 1568683844803 us:  hipMemcpy: Returned hipSuccess : : duration: 1223 us
:3:hip_memory.cpp           :3476: 1568683844882 us:  [32m hipMemset ( 0x7ffd9ea00000, 0, 491520000 ) [0m
:3:rocvirtual.cpp           :226 : 1568683844704 us:  Handler: value(0), timestamp(0xef43e0), handle(0x7fffd89fcc80)
:3:rocvirtual.cpp           :762 : 1568683844965 us:  Arg0: void* buf = ptr:0x7ffd9ea00000
:3:rocvirtual.cpp           :778 : 1568683845110 us:  Arg0: void* buf = ptr:0x7ffd9ea00000 obj:[0x7ffd9ea00000-0x7ffdbbec0000]
:3:rocvirtual.cpp           :762 : 1568683845187 us:  Arg1: uchar* pattern = ptr:0x7ffec5600200
:3:rocvirtual.cpp           :853 : 1568683845253 us:  Arg2: uint pattern_size = val:1
:3:rocvirtual.cpp           :853 : 1568683845329 us:  Arg3: uint alignment = val:16
:3:rocvirtual.cpp           :853 : 1568683845396 us:  Arg4: ulong end_ptr = val:140727756259328
:3:rocvirtual.cpp           :853 : 1568683845501 us:  Arg5: uint next_chunk = val:28160
:3:rocvirtual.cpp           :3236: 1568683845572 us:  ShaderName : __amd_rocclr_fillBufferAligned
:3:rocvirtual.cpp           :3449: 1568683845679 us:  KernargSegmentByteSize = 296 KernargSegmentAlignment = 128
:3:hip_memory.cpp           :3477: 1568683845754 us:  hipMemset: Returned hipSuccess : 
:3:hip_device_runtime.cpp   :641 : 1568683845824 us:  [32m hipDeviceSynchronize (  ) [0m
:3:rocvirtual.cpp           :533 : 1568683845908 us:  Set Handler: handle(0x7fffd89fcf80), timestamp(0xdc5da0)
:3:rocvirtual.hpp           :56  : 1568683845985 us:  Host active wait for Signal = (0x7fffd89fcf80) for -1 ns
:3:hip_device_runtime.cpp   :645 : 1568683846202 us:  hipDeviceSynchronize: Returned hipSuccess : 
:3:rocvirtual.cpp           :226 : 1568683846204 us:  Handler: value(0), timestamp(0x9770d0), handle(0x7fffd89fcf80)
:3:hip_platform.cpp         :237 : 1568683846287 us:  [32m __hipPushCallConfiguration ( {8,1,1}, {128,1,1}, 0, stream:<null> ) [0m
:3:hip_platform.cpp         :241 : 1568683846516 us:  __hipPushCallConfiguration: Returned hipSuccess : 
:3:hip_platform.cpp         :246 : 1568683846608 us:  [32m __hipPopCallConfiguration ( {3964667986,32767,128}, {2118224,0,4294925520}, 0x7fffffff5a20, 0x7fffffff5a18 ) [0m
:3:hip_platform.cpp         :255 : 1568683846744 us:  __hipPopCallConfiguration: Returned hipSuccess : 
:3:hip_module.cpp           :744 : 1568683846847 us:  [32m hipLaunchKernel ( 0x200fe0, {8,1,1}, {128,1,1}, 0x7fffffff59d0, 0, stream:<null> ) [0m
:3:rocvirtual.cpp           :762 : 1568683847013 us:  Arg0:   = ptr:0x7ffdbc200000
:3:rocvirtual.cpp           :778 : 1568683847083 us:  Arg0:   = ptr:0x7ffdbc200000 obj:[0x7ffdbc200000-0x7ffdd96c0000]
:3:rocvirtual.cpp           :762 : 1568683847147 us:  Arg1:   = ptr:0x7ffec4a27000
:3:rocvirtual.cpp           :778 : 1568683847220 us:  Arg1:   = ptr:0x7ffec4a27000 obj:[0x7ffec4a27000-0x7ffec4a87000]
:3:rocvirtual.cpp           :762 : 1568683847283 us:  Arg2:   = ptr:0x7ffd9ea00000
:3:rocvirtual.cpp           :778 : 1568683847351 us:  Arg2:   = ptr:0x7ffd9ea00000 obj:[0x7ffd9ea00000-0x7ffdbbec0000]
:3:rocvirtual.cpp           :853 : 1568683847418 us:  Arg3:   = val:12288
:3:rocvirtual.cpp           :762 : 1568683847485 us:  Arg4:   = ptr:0x7ffec4a00000
:3:rocvirtual.cpp           :778 : 1568683847567 us:  Arg4:   = ptr:0x7ffec4a00000 obj:[0x7ffec4a00000-0x7ffec4a00024]
:3:rocvirtual.cpp           :3236: 1568683847636 us:  ShaderName : void dense_esuhm<float>(float const*, float const*, float*, int, int const*)
:3:rocvirtual.cpp           :3449: 1568683847818 us:  KernargSegmentByteSize = 296 KernargSegmentAlignment = 128
:3:hip_module.cpp           :745 : 1568683847897 us:  hipLaunchKernel: Returned hipSuccess : : duration: 1050 us
:3:hip_device_runtime.cpp   :641 : 1568683847965 us:  [32m hipDeviceSynchronize (  ) [0m
:3:rocvirtual.cpp           :533 : 1568683848047 us:  Set Handler: handle(0x7fffd89fce80), timestamp(0xef3860)
:3:rocvirtual.hpp           :56  : 1568683848114 us:  Host active wait for Signal = (0x7fffd89fce80) for -1 ns
:3:hip_device_runtime.cpp   :645 : 1568683849018 us:  hipDeviceSynchronize: Returned hipSuccess : 
:3:hip_memory.cpp           :795 : 1568683849093 us:  [32m hipMemcpy ( 0x7ffe3167e010, 0x7ffd9ea00000, 491520000, hipMemcpyDeviceToHost ) [0m
:3:rocvirtual.cpp           :226 : 1568683849020 us:  Handler: value(0), timestamp(0xef4290), handle(0x7fffd89fce80)
:3:rocvirtual.hpp           :56  : 1568683853198 us:  Host active wait for Signal = (0x7fffd89fdd00) for -1 ns
:3:rocvirtual.hpp           :56  : 1568683858276 us:  Host active wait for Signal = (0x7fffd89feb80) for -1 ns
:3:rocvirtual.hpp           :56  : 1568683863338 us:  Host active wait for Signal = (0x7fffd89fed80) for -1 ns
:3:rocvirtual.hpp           :56  : 1568683868442 us:  Host active wait for Signal = (0x7fffd89fe980) for -1 ns
:3:rocvirtual.hpp           :56  : 1568683873542 us:  Host active wait for Signal = (0x7fffd89fde00) for -1 ns
:3:rocvirtual.hpp           :56  : 1568683878635 us:  Host active wait for Signal = (0x7fffd89fde80) for -1 ns
:3:rocvirtual.hpp           :56  : 1568683883724 us:  Host active wait for Signal = (0x7fffd89fe700) for -1 ns
:3:rocvirtual.hpp           :56  : 1568683888750 us:  Host active wait for Signal = (0x7fffd89fe800) for -1 ns
:3:rocvirtual.hpp           :56  : 1568683893773 us:  Host active wait for Signal = (0x7fffd89fe880) for -1 ns
:3:rocvirtual.hpp           :56  : 1568683898763 us:  Host active wait for Signal = (0x7fffd89fe780) for -1 ns
:3:rocvirtual.hpp           :56  : 1568683903754 us:  Host active wait for Signal = (0x7fffd89fe580) for -1 ns
:3:rocvirtual.hpp           :56  : 1568683908786 us:  Host active wait for Signal = (0x7fffd89fdf00) for -1 ns
:3:rocvirtual.hpp           :56  : 1568683913788 us:  Host active wait for Signal = (0x7fffd89fe900) for -1 ns
:3:rocvirtual.hpp           :56  : 1568683918802 us:  Host active wait for Signal = (0x7fffd89fea00) for -1 ns
:3:rocvirtual.hpp           :56  : 1568683922480 us:  Host active wait for Signal = (0x7fffd89fea80) for -1 ns
:3:rocvirtual.cpp           :533 : 1568683923315 us:  Set Handler: handle(0x7fffd89fc680), timestamp(0xd0af60)
:3:rocvirtual.hpp           :56  : 1568683923486 us:  Host active wait for Signal = (0x7fffd89fc680) for -1 ns
:3:hip_memory.cpp           :796 : 1568683923669 us:  hipMemcpy: Returned hipSuccess : : duration: 74576 us
:3:hip_memory.cpp           :3476: 1568683923835 us:  [32m hipMemset ( 0x7ffd9ea00000, 0, 491520000 ) [0m
:3:rocvirtual.cpp           :762 : 1568683923999 us:  Arg0: void* buf = ptr:0x7ffd9ea00000
:3:rocvirtual.cpp           :778 : 1568683924139 us:  Arg0: void* buf = ptr:0x7ffd9ea00000 obj:[0x7ffd9ea00000-0x7ffdbbec0000]
:3:rocvirtual.cpp           :762 : 1568683924235 us:  Arg1: uchar* pattern = ptr:0x7ffec5600000
:3:rocvirtual.cpp           :853 : 1568683924365 us:  Arg2: uint pattern_size = val:1
:3:rocvirtual.cpp           :853 : 1568683924460 us:  Arg3: uint alignment = val:16
:3:rocvirtual.cpp           :853 : 1568683924569 us:  Arg4: ulong end_ptr = val:140727756259328
:3:rocvirtual.cpp           :853 : 1568683924679 us:  Arg5: uint next_chunk = val:28160
:3:rocvirtual.cpp           :3236: 1568683924819 us:  ShaderName : __amd_rocclr_fillBufferAligned
:3:rocvirtual.cpp           :3449: 1568683924927 us:  KernargSegmentByteSize = 296 KernargSegmentAlignment = 128
:3:hip_memory.cpp           :3477: 1568683925037 us:  hipMemset: Returned hipSuccess : 
:3:hip_device_runtime.cpp   :641 : 1568683925158 us:  [32m hipDeviceSynchronize (  ) [0m
:3:rocvirtual.cpp           :533 : 1568683925309 us:  Set Handler: handle(0x7fffd89fc580), timestamp(0xe0aab0)
:3:rocvirtual.hpp           :56  : 1568683925406 us:  Host active wait for Signal = (0x7fffd89fc580) for -1 ns
:3:hip_device_runtime.cpp   :645 : 1568683925563 us:  hipDeviceSynchronize: Returned hipSuccess : 
:3:rocvirtual.cpp           :226 : 1568683923499 us:  Handler: value(0), timestamp(0xef4300), handle(0x7fffd89fc680)
:3:hip_platform.cpp         :237 : 1568683925659 us:  [32m __hipPushCallConfiguration ( {8,1,1}, {128,1,1}, 0, stream:<null> ) [0m
:3:hip_platform.cpp         :241 : 1568683925924 us:  __hipPushCallConfiguration: Returned hipSuccess : 
:3:hip_platform.cpp         :246 : 1568683926007 us:  [32m __hipPopCallConfiguration ( {3964667986,32767,128}, {2118224,0,4294925520}, 0x7fffffff5a20, 0x7fffffff5a18 ) [0m
:3:hip_platform.cpp         :255 : 1568683926184 us:  __hipPopCallConfiguration: Returned hipSuccess : 
:3:rocvirtual.cpp           :226 : 1568683925759 us:  Handler: value(0), timestamp(0xd0b270), handle(0x7fffd89fc580)
:3:hip_module.cpp           :744 : 1568683926252 us:  [32m hipLaunchKernel ( 0x200fe8, {8,1,1}, {128,1,1}, 0x7fffffff59d0, 0, stream:<null> ) [0m
:3:rocvirtual.cpp           :762 : 1568683926537 us:  Arg0:   = ptr:0x7ffdbc200000
:3:rocvirtual.cpp           :778 : 1568683926641 us:  Arg0:   = ptr:0x7ffdbc200000 obj:[0x7ffdbc200000-0x7ffdd96c0000]
:3:rocvirtual.cpp           :762 : 1568683926712 us:  Arg1:   = ptr:0x7ffec4a27000
:3:rocvirtual.cpp           :778 : 1568683926782 us:  Arg1:   = ptr:0x7ffec4a27000 obj:[0x7ffec4a27000-0x7ffec4a87000]
:3:rocvirtual.cpp           :762 : 1568683926857 us:  Arg2:   = ptr:0x7ffd9ea00000
:3:rocvirtual.cpp           :778 : 1568683926921 us:  Arg2:   = ptr:0x7ffd9ea00000 obj:[0x7ffd9ea00000-0x7ffdbbec0000]
:3:rocvirtual.cpp           :853 : 1568683926992 us:  Arg3:   = val:12288
:3:rocvirtual.cpp           :762 : 1568683927070 us:  Arg4:   = ptr:0x7ffec4a00000
:3:rocvirtual.cpp           :778 : 1568683927140 us:  Arg4:   = ptr:0x7ffec4a00000 obj:[0x7ffec4a00000-0x7ffec4a00024]
:3:rocvirtual.cpp           :3236: 1568683927220 us:  ShaderName : void dense_esuhm2<float>(float const*, float const*, float*, int, int const*)
:3:rocvirtual.cpp           :3449: 1568683927366 us:  KernargSegmentByteSize = 296 KernargSegmentAlignment = 128
:3:hip_module.cpp           :745 : 1568683927449 us:  hipLaunchKernel: Returned hipSuccess : : duration: 1197 us
:3:hip_device_runtime.cpp   :641 : 1568683927518 us:  [32m hipDeviceSynchronize (  ) [0m
:3:rocvirtual.cpp           :533 : 1568683927601 us:  Set Handler: handle(0x7fffd89fc600), timestamp(0xe0aaf0)
:3:rocvirtual.hpp           :56  : 1568683927704 us:  Host active wait for Signal = (0x7fffd89fc600) for -1 ns
:3:hip_device_runtime.cpp   :645 : 1568683928396 us:  hipDeviceSynchronize: Returned hipSuccess : 
:3:hip_memory.cpp           :795 : 1568683928473 us:  [32m hipMemcpy ( 0x7ffe141bd010, 0x7ffd9ea00000, 491520000, hipMemcpyDeviceToHost ) [0m
:3:rocvirtual.cpp           :226 : 1568683928398 us:  Handler: value(0), timestamp(0xe0a770), handle(0x7fffd89fc600)
:3:rocvirtual.hpp           :56  : 1568683932702 us:  Host active wait for Signal = (0x7fffd89fe080) for -1 ns
:3:rocvirtual.hpp           :56  : 1568683937833 us:  Host active wait for Signal = (0x7fffd89fe000) for -1 ns
:3:rocvirtual.hpp           :56  : 1568683942919 us:  Host active wait for Signal = (0x7fffd89fe380) for -1 ns
:3:rocvirtual.hpp           :56  : 1568683947966 us:  Host active wait for Signal = (0x7fffd89fe180) for -1 ns
:3:rocvirtual.hpp           :56  : 1568683953058 us:  Host active wait for Signal = (0x7fffd89fdf80) for -1 ns
:3:rocvirtual.hpp           :56  : 1568683958166 us:  Host active wait for Signal = (0x7fffd89fe100) for -1 ns
:3:rocvirtual.hpp           :56  : 1568683963242 us:  Host active wait for Signal = (0x7fffd89feb00) for -1 ns
:3:rocvirtual.hpp           :56  : 1568683968301 us:  Host active wait for Signal = (0x7fffd89fec00) for -1 ns
:3:rocvirtual.hpp           :56  : 1568683973338 us:  Host active wait for Signal = (0x7fffd89fec80) for -1 ns
:3:rocvirtual.hpp           :56  : 1568683978350 us:  Host active wait for Signal = (0x7fffd89fdd80) for -1 ns
:3:rocvirtual.hpp           :56  : 1568683983362 us:  Host active wait for Signal = (0x7fffd89fdc80) for -1 ns
:3:rocvirtual.hpp           :56  : 1568683988379 us:  Host active wait for Signal = (0x7fffd89fdc00) for -1 ns
:3:rocvirtual.hpp           :56  : 1568683993419 us:  Host active wait for Signal = (0x7fffd89fed00) for -1 ns
:3:rocvirtual.hpp           :56  : 1568683998442 us:  Host active wait for Signal = (0x7fffd89fee00) for -1 ns
:3:rocvirtual.hpp           :56  : 1568684002145 us:  Host active wait for Signal = (0x7fffd89fee80) for -1 ns
:3:rocvirtual.cpp           :533 : 1568684002979 us:  Set Handler: handle(0x7fffd89fc280), timestamp(0xeff0d0)
:3:rocvirtual.hpp           :56  : 1568684003207 us:  Host active wait for Signal = (0x7fffd89fc280) for -1 ns
:3:hip_memory.cpp           :796 : 1568684003319 us:  hipMemcpy: Returned hipSuccess : : duration: 74846 us
:3:hip_memory.cpp           :3476: 1568684003447 us:  [32m hipMemset ( 0x7ffd9ea00000, 0, 491520000 ) [0m
:3:rocvirtual.cpp           :762 : 1568684003639 us:  Arg0: void* buf = ptr:0x7ffd9ea00000
:3:rocvirtual.cpp           :778 : 1568684003765 us:  Arg0: void* buf = ptr:0x7ffd9ea00000 obj:[0x7ffd9ea00000-0x7ffdbbec0000]
:3:rocvirtual.cpp           :762 : 1568684003897 us:  Arg1: uchar* pattern = ptr:0x7ffec5600000
:3:rocvirtual.cpp           :853 : 1568684004019 us:  Arg2: uint pattern_size = val:1
:3:rocvirtual.cpp           :853 : 1568684004142 us:  Arg3: uint alignment = val:16
:3:rocvirtual.cpp           :853 : 1568684004237 us:  Arg4: ulong end_ptr = val:140727756259328
:3:rocvirtual.cpp           :853 : 1568684004345 us:  Arg5: uint next_chunk = val:28160
:3:rocvirtual.cpp           :3236: 1568684004455 us:  ShaderName : __amd_rocclr_fillBufferAligned
:3:rocvirtual.cpp           :3449: 1568684004597 us:  KernargSegmentByteSize = 296 KernargSegmentAlignment = 128
:3:hip_memory.cpp           :3477: 1568684004675 us:  hipMemset: Returned hipSuccess : 
:3:hip_device_runtime.cpp   :641 : 1568684004776 us:  [32m hipDeviceSynchronize (  ) [0m
:3:rocvirtual.cpp           :533 : 1568684004894 us:  Set Handler: handle(0x7fffd89fc000), timestamp(0x28daa0)
:3:rocvirtual.hpp           :56  : 1568684005024 us:  Host active wait for Signal = (0x7fffd89fc000) for -1 ns
:3:rocvirtual.cpp           :226 : 1568684003220 us:  Handler: value(0), timestamp(0x732010), handle(0x7fffd89fc280)
:3:hip_device_runtime.cpp   :645 : 1568684005121 us:  hipDeviceSynchronize: Returned hipSuccess : 
:3:rocvirtual.cpp           :226 : 1568684005290 us:  Handler: value(0), timestamp(0xd83850), handle(0x7fffd89fc000)
:3:hip_platform.cpp         :237 : 1568684005379 us:  [32m __hipPushCallConfiguration ( {8,1,1}, {128,1,1}, 0, stream:<null> ) [0m
:3:hip_platform.cpp         :241 : 1568684005644 us:  __hipPushCallConfiguration: Returned hipSuccess : 
:3:hip_platform.cpp         :246 : 1568684005719 us:  [32m __hipPopCallConfiguration ( {3964667986,32767,128}, {2118224,0,4294925520}, 0x7fffffff5a20, 0x7fffffff5a18 ) [0m
:3:hip_platform.cpp         :255 : 1568684005878 us:  __hipPopCallConfiguration: Returned hipSuccess : 
:3:hip_module.cpp           :744 : 1568684005944 us:  [32m hipLaunchKernel ( 0x200ff0, {8,1,1}, {128,1,1}, 0x7fffffff59d0, 0, stream:<null> ) [0m
:3:rocvirtual.cpp           :762 : 1568684006113 us:  Arg0:   = ptr:0x7ffdbc200000
:3:rocvirtual.cpp           :778 : 1568684006192 us:  Arg0:   = ptr:0x7ffdbc200000 obj:[0x7ffdbc200000-0x7ffdd96c0000]
:3:rocvirtual.cpp           :762 : 1568684006297 us:  Arg1:   = ptr:0x7ffec4a27000
:3:rocvirtual.cpp           :778 : 1568684006367 us:  Arg1:   = ptr:0x7ffec4a27000 obj:[0x7ffec4a27000-0x7ffec4a87000]
:3:rocvirtual.cpp           :762 : 1568684006432 us:  Arg2:   = ptr:0x7ffd9ea00000
:3:rocvirtual.cpp           :778 : 1568684006510 us:  Arg2:   = ptr:0x7ffd9ea00000 obj:[0x7ffd9ea00000-0x7ffdbbec0000]
:3:rocvirtual.cpp           :853 : 1568684006574 us:  Arg3:   = val:12288
:3:rocvirtual.cpp           :762 : 1568684006645 us:  Arg4:   = ptr:0x7ffec4a00000
:3:rocvirtual.cpp           :778 : 1568684006724 us:  Arg4:   = ptr:0x7ffec4a00000 obj:[0x7ffec4a00000-0x7ffec4a00024]
:3:rocvirtual.cpp           :3236: 1568684006793 us:  ShaderName : void dense_esuhm3<float>(float const*, float const*, float*, int, int const*)
:3:rocvirtual.cpp           :3449: 1568684006950 us:  KernargSegmentByteSize = 296 KernargSegmentAlignment = 128
:3:hip_module.cpp           :745 : 1568684007023 us:  hipLaunchKernel: Returned hipSuccess : : duration: 1079 us
:3:hip_device_runtime.cpp   :641 : 1568684007109 us:  [32m hipDeviceSynchronize (  ) [0m
:3:rocvirtual.cpp           :533 : 1568684007183 us:  Set Handler: handle(0x7fffd89fc080), timestamp(0xeff4e0)
:3:rocvirtual.hpp           :56  : 1568684007257 us:  Host active wait for Signal = (0x7fffd89fc080) for -1 ns
:3:hip_device_runtime.cpp   :645 : 1568684008852 us:  hipDeviceSynchronize: Returned hipSuccess : 
:3:rocvirtual.cpp           :226 : 1568684008855 us:  Handler: value(0), timestamp(0xeff5f0), handle(0x7fffd89fc080)
:3:hip_memory.cpp           :795 : 1568684008940 us:  [32m hipMemcpy ( 0x7ffdf6cfc010, 0x7ffd9ea00000, 491520000, hipMemcpyDeviceToHost ) [0m
:3:rocvirtual.hpp           :56  : 1568684013154 us:  Host active wait for Signal = (0x7fffd89fe200) for -1 ns
:3:rocvirtual.hpp           :56  : 1568684018165 us:  Host active wait for Signal = (0x7fffd89fdb80) for -1 ns
:3:rocvirtual.hpp           :56  : 1568684023203 us:  Host active wait for Signal = (0x7fffd89fda80) for -1 ns
:3:rocvirtual.hpp           :56  : 1568684028217 us:  Host active wait for Signal = (0x7fffd89fd880) for -1 ns
:3:rocvirtual.hpp           :56  : 1568684033233 us:  Host active wait for Signal = (0x7fffd89ff780) for -1 ns
:3:rocvirtual.hpp           :56  : 1568684038231 us:  Host active wait for Signal = (0x7fffd89ff800) for -1 ns
:3:rocvirtual.hpp           :56  : 1568684043271 us:  Host active wait for Signal = (0x7fffd89fef00) for -1 ns
:3:rocvirtual.hpp           :56  : 1568684048269 us:  Host active wait for Signal = (0x7fffd89ff680) for -1 ns
:3:rocvirtual.hpp           :56  : 1568684053324 us:  Host active wait for Signal = (0x7fffd89ff480) for -1 ns
:3:rocvirtual.hpp           :56  : 1568684058360 us:  Host active wait for Signal = (0x7fffd89fd900) for -1 ns
:3:rocvirtual.hpp           :56  : 1568684063344 us:  Host active wait for Signal = (0x7fffd89fe280) for -1 ns
:3:rocvirtual.hpp           :56  : 1568684068279 us:  Host active wait for Signal = (0x7fffd89fe300) for -1 ns
:3:rocvirtual.hpp           :56  : 1568684073207 us:  Host active wait for Signal = (0x7fffd89fe400) for -1 ns
:3:rocvirtual.hpp           :56  : 1568684078137 us:  Host active wait for Signal = (0x7fffd89ff380) for -1 ns
:3:rocvirtual.hpp           :56  : 1568684081812 us:  Host active wait for Signal = (0x7fffd89ff180) for -1 ns
:3:rocvirtual.cpp           :533 : 1568684082646 us:  Set Handler: handle(0x7fffd89fd700), timestamp(0xe22dd0)
:3:rocvirtual.hpp           :56  : 1568684082813 us:  Host active wait for Signal = (0x7fffd89fd700) for -1 ns
:3:hip_memory.cpp           :796 : 1568684082941 us:  hipMemcpy: Returned hipSuccess : : duration: 74001 us
:3:rocvirtual.cpp           :226 : 1568684082825 us:  Handler: value(0), timestamp(0xdceb40), handle(0x7fffd89fd700)
:3:hip_memory.cpp           :3476: 1568684368768 us:  [32m hipMemset ( 0x7ffd9ea00000, 0, 491520000 ) [0m
:3:rocvirtual.cpp           :762 : 1568684369111 us:  Arg0: void* buf = ptr:0x7ffd9ea00000
:3:rocvirtual.cpp           :778 : 1568684369307 us:  Arg0: void* buf = ptr:0x7ffd9ea00000 obj:[0x7ffd9ea00000-0x7ffdbbec0000]
:3:rocvirtual.cpp           :762 : 1568684369440 us:  Arg1: uchar* pattern = ptr:0x7ffec5600000
:3:rocvirtual.cpp           :853 : 1568684369582 us:  Arg2: uint pattern_size = val:1
:3:rocvirtual.cpp           :853 : 1568684369679 us:  Arg3: uint alignment = val:16
:3:rocvirtual.cpp           :853 : 1568684369820 us:  Arg4: ulong end_ptr = val:140727756259328
:3:rocvirtual.cpp           :853 : 1568684369912 us:  Arg5: uint next_chunk = val:28160
:3:rocvirtual.cpp           :3236: 1568684370025 us:  ShaderName : __amd_rocclr_fillBufferAligned
:3:rocvirtual.cpp           :3449: 1568684370131 us:  KernargSegmentByteSize = 296 KernargSegmentAlignment = 128
:3:hip_memory.cpp           :3477: 1568684370247 us:  hipMemset: Returned hipSuccess : 
:3:hip_device_runtime.cpp   :641 : 1568684370336 us:  [32m hipDeviceSynchronize (  ) [0m
:3:rocvirtual.cpp           :533 : 1568684370490 us:  Set Handler: handle(0x7fffd89fbf00), timestamp(0xdcebf0)
:3:rocvirtual.hpp           :56  : 1568684370625 us:  Host active wait for Signal = (0x7fffd89fbf00) for -1 ns
:3:rocvirtual.cpp           :226 : 1568684370703 us:  Handler: value(0), timestamp(0xefef10), handle(0x7fffd89fbf00)
:3:hip_device_runtime.cpp   :645 : 1568684370704 us:  hipDeviceSynchronize: Returned hipSuccess : 
:3:hip_platform.cpp         :237 : 1568684370930 us:  [32m __hipPushCallConfiguration ( {8,1,1}, {256,1,1}, 0, stream:<null> ) [0m
:3:hip_platform.cpp         :241 : 1568684371079 us:  __hipPushCallConfiguration: Returned hipSuccess : 
:3:hip_platform.cpp         :246 : 1568684371157 us:  [32m __hipPopCallConfiguration ( {3964667986,32767,256}, {2118224,0,4294925520}, 0x7fffffff5a20, 0x7fffffff5a18 ) [0m
:3:hip_platform.cpp         :255 : 1568684371304 us:  __hipPopCallConfiguration: Returned hipSuccess : 
:3:hip_module.cpp           :744 : 1568684371402 us:  [32m hipLaunchKernel ( 0x200fe0, {8,1,1}, {256,1,1}, 0x7fffffff59d0, 0, stream:<null> ) [0m
:3:rocvirtual.cpp           :762 : 1568684371559 us:  Arg0:   = ptr:0x7ffdbc200000
:3:rocvirtual.cpp           :778 : 1568684371681 us:  Arg0:   = ptr:0x7ffdbc200000 obj:[0x7ffdbc200000-0x7ffdd96c0000]
:3:rocvirtual.cpp           :762 : 1568684371784 us:  Arg1:   = ptr:0x7ffec4a27000
:3:rocvirtual.cpp           :778 : 1568684371891 us:  Arg1:   = ptr:0x7ffec4a27000 obj:[0x7ffec4a27000-0x7ffec4a87000]
:3:rocvirtual.cpp           :762 : 1568684371964 us:  Arg2:   = ptr:0x7ffd9ea00000
:3:rocvirtual.cpp           :778 : 1568684372073 us:  Arg2:   = ptr:0x7ffd9ea00000 obj:[0x7ffd9ea00000-0x7ffdbbec0000]
:3:rocvirtual.cpp           :853 : 1568684372183 us:  Arg3:   = val:12288
:3:rocvirtual.cpp           :762 : 1568684372298 us:  Arg4:   = ptr:0x7ffec4a00000
:3:rocvirtual.cpp           :778 : 1568684372417 us:  Arg4:   = ptr:0x7ffec4a00000 obj:[0x7ffec4a00000-0x7ffec4a00024]
:3:rocvirtual.cpp           :3236: 1568684372498 us:  ShaderName : void dense_esuhm<float>(float const*, float const*, float*, int, int const*)
:3:rocvirtual.cpp           :3449: 1568684372678 us:  KernargSegmentByteSize = 296 KernargSegmentAlignment = 128
:3:hip_module.cpp           :745 : 1568684372751 us:  hipLaunchKernel: Returned hipSuccess : : duration: 1349 us
:3:hip_device_runtime.cpp   :641 : 1568684372823 us:  [32m hipDeviceSynchronize (  ) [0m
:3:rocvirtual.cpp           :533 : 1568684372931 us:  Set Handler: handle(0x7fffd89fbe80), timestamp(0x732200)
:3:rocvirtual.hpp           :56  : 1568684373010 us:  Host active wait for Signal = (0x7fffd89fbe80) for -1 ns
:3:hip_device_runtime.cpp   :645 : 1568684373428 us:  hipDeviceSynchronize: Returned hipSuccess : 
:3:hip_memory.cpp           :795 : 1568684373539 us:  [32m hipMemcpy ( 0x7ffe3167e010, 0x7ffd9ea00000, 491520000, hipMemcpyDeviceToHost ) [0m
:3:rocvirtual.cpp           :226 : 1568684373431 us:  Handler: value(0), timestamp(0x6e97a0), handle(0x7fffd89fbe80)
:3:rocvirtual.hpp           :56  : 1568684373731 us:  Host active wait for Signal = (0x7fffd89fe600) for -1 ns
:3:rocvirtual.hpp           :56  : 1568684375014 us:  Host active wait for Signal = (0x7fffd89fef80) for -1 ns
:3:rocvirtual.hpp           :56  : 1568684376290 us:  Host active wait for Signal = (0x7fffd89fda00) for -1 ns
:3:rocvirtual.hpp           :56  : 1568684377566 us:  Host active wait for Signal = (0x7fffd89fdb00) for -1 ns
:3:rocvirtual.hpp           :56  : 1568684378842 us:  Host active wait for Signal = (0x7fffd89fe500) for -1 ns
:3:rocvirtual.hpp           :56  : 1568684380118 us:  Host active wait for Signal = (0x7fffd89fe680) for -1 ns
:3:rocvirtual.hpp           :56  : 1568684381394 us:  Host active wait for Signal = (0x7fffd89fe480) for -1 ns
:3:rocvirtual.hpp           :56  : 1568684382672 us:  Host active wait for Signal = (0x7fffd89fd980) for -1 ns
:3:rocvirtual.hpp           :56  : 1568684383948 us:  Host active wait for Signal = (0x7fffd89ff000) for -1 ns
:3:rocvirtual.hpp           :56  : 1568684385223 us:  Host active wait for Signal = (0x7fffd89ff080) for -1 ns
:3:rocvirtual.hpp           :56  : 1568684386498 us:  Host active wait for Signal = (0x7fffd89fdd00) for -1 ns
:3:rocvirtual.hpp           :56  : 1568684387774 us:  Host active wait for Signal = (0x7fffd89feb80) for -1 ns
:3:rocvirtual.hpp           :56  : 1568684389049 us:  Host active wait for Signal = (0x7fffd89fed80) for -1 ns
:3:rocvirtual.hpp           :56  : 1568684390324 us:  Host active wait for Signal = (0x7fffd89fe980) for -1 ns
:3:rocvirtual.hpp           :56  : 1568684391600 us:  Host active wait for Signal = (0x7fffd89fde00) for -1 ns
:3:rocvirtual.cpp           :533 : 1568684392431 us:  Set Handler: handle(0x7fffd89fce80), timestamp(0xef3860)
:3:rocvirtual.hpp           :56  : 1568684392715 us:  Host active wait for Signal = (0x7fffd89fce80) for -1 ns
:3:hip_memory.cpp           :796 : 1568684392847 us:  hipMemcpy: Returned hipSuccess : : duration: 19308 us
:3:hip_memory.cpp           :3476: 1568684392970 us:  [32m hipMemset ( 0x7ffd9ea00000, 0, 491520000 ) [0m
:3:rocvirtual.cpp           :762 : 1568684393085 us:  Arg0: void* buf = ptr:0x7ffd9ea00000
:3:rocvirtual.cpp           :778 : 1568684393234 us:  Arg0: void* buf = ptr:0x7ffd9ea00000 obj:[0x7ffd9ea00000-0x7ffdbbec0000]
:3:rocvirtual.cpp           :762 : 1568684393377 us:  Arg1: uchar* pattern = ptr:0x7ffec5600000
:3:rocvirtual.cpp           :853 : 1568684393454 us:  Arg2: uint pattern_size = val:1
:3:rocvirtual.cpp           :853 : 1568684393523 us:  Arg3: uint alignment = val:16
:3:rocvirtual.cpp           :853 : 1568684393594 us:  Arg4: ulong end_ptr = val:140727756259328
:3:rocvirtual.cpp           :853 : 1568684393680 us:  Arg5: uint next_chunk = val:28160
:3:rocvirtual.cpp           :3236: 1568684393756 us:  ShaderName : __amd_rocclr_fillBufferAligned
:3:rocvirtual.cpp           :3449: 1568684393838 us:  KernargSegmentByteSize = 296 KernargSegmentAlignment = 128
:3:hip_memory.cpp           :3477: 1568684393949 us:  hipMemset: Returned hipSuccess : 
:3:hip_device_runtime.cpp   :641 : 1568684394014 us:  [32m hipDeviceSynchronize (  ) [0m
:3:rocvirtual.cpp           :226 : 1568684392727 us:  Handler: value(0), timestamp(0x9770d0), handle(0x7fffd89fce80)
:3:rocvirtual.cpp           :533 : 1568684394089 us:  Set Handler: handle(0x7fffd89fcf80), timestamp(0xdc5da0)
:3:rocvirtual.hpp           :56  : 1568684394304 us:  Host active wait for Signal = (0x7fffd89fcf80) for -1 ns
:3:hip_device_runtime.cpp   :645 : 1568684394392 us:  hipDeviceSynchronize: Returned hipSuccess : 
:3:hip_platform.cpp         :237 : 1568684394479 us:  [32m __hipPushCallConfiguration ( {8,1,1}, {256,1,1}, 0, stream:<null> ) [0m
:3:hip_platform.cpp         :241 : 1568684394636 us:  __hipPushCallConfiguration: Returned hipSuccess : 
:3:hip_platform.cpp         :246 : 1568684394714 us:  [32m __hipPopCallConfiguration ( {3964667986,32767,256}, {2118224,0,4294925520}, 0x7fffffff5a20, 0x7fffffff5a18 ) [0m
:3:hip_platform.cpp         :255 : 1568684394862 us:  __hipPopCallConfiguration: Returned hipSuccess : 
:3:rocvirtual.cpp           :226 : 1568684394393 us:  Handler: value(0), timestamp(0xef43e0), handle(0x7fffd89fcf80)
:3:hip_module.cpp           :744 : 1568684394939 us:  [32m hipLaunchKernel ( 0x200fe8, {8,1,1}, {256,1,1}, 0x7fffffff59d0, 0, stream:<null> ) [0m
:3:rocvirtual.cpp           :762 : 1568684395177 us:  Arg0:   = ptr:0x7ffdbc200000
:3:rocvirtual.cpp           :778 : 1568684395248 us:  Arg0:   = ptr:0x7ffdbc200000 obj:[0x7ffdbc200000-0x7ffdd96c0000]
:3:rocvirtual.cpp           :762 : 1568684395338 us:  Arg1:   = ptr:0x7ffec4a27000
:3:rocvirtual.cpp           :778 : 1568684395414 us:  Arg1:   = ptr:0x7ffec4a27000 obj:[0x7ffec4a27000-0x7ffec4a87000]
:3:rocvirtual.cpp           :762 : 1568684395496 us:  Arg2:   = ptr:0x7ffd9ea00000
:3:rocvirtual.cpp           :778 : 1568684395574 us:  Arg2:   = ptr:0x7ffd9ea00000 obj:[0x7ffd9ea00000-0x7ffdbbec0000]
:3:rocvirtual.cpp           :853 : 1568684395646 us:  Arg3:   = val:12288
:3:rocvirtual.cpp           :762 : 1568684395754 us:  Arg4:   = ptr:0x7ffec4a00000
:3:rocvirtual.cpp           :778 : 1568684395858 us:  Arg4:   = ptr:0x7ffec4a00000 obj:[0x7ffec4a00000-0x7ffec4a00024]
:3:rocvirtual.cpp           :3236: 1568684395932 us:  ShaderName : void dense_esuhm2<float>(float const*, float const*, float*, int, int const*)
:3:rocvirtual.cpp           :3449: 1568684396084 us:  KernargSegmentByteSize = 296 KernargSegmentAlignment = 128
:3:hip_module.cpp           :745 : 1568684396162 us:  hipLaunchKernel: Returned hipSuccess : : duration: 1223 us
:3:hip_device_runtime.cpp   :641 : 1568684396243 us:  [32m hipDeviceSynchronize (  ) [0m
:3:rocvirtual.cpp           :533 : 1568684396320 us:  Set Handler: handle(0x7fffd89fcc80), timestamp(0xef3a00)
:3:rocvirtual.hpp           :56  : 1568684396409 us:  Host active wait for Signal = (0x7fffd89fcc80) for -1 ns
:3:hip_device_runtime.cpp   :645 : 1568684396760 us:  hipDeviceSynchronize: Returned hipSuccess : 
:3:hip_memory.cpp           :795 : 1568684396836 us:  [32m hipMemcpy ( 0x7ffe141bd010, 0x7ffd9ea00000, 491520000, hipMemcpyDeviceToHost ) [0m
:3:rocvirtual.hpp           :56  : 1568684396990 us:  Host active wait for Signal = (0x7fffd89fe880) for -1 ns
:3:rocvirtual.cpp           :226 : 1568684396763 us:  Handler: value(0), timestamp(0x73be30), handle(0x7fffd89fcc80)
:3:rocvirtual.hpp           :56  : 1568684398271 us:  Host active wait for Signal = (0x7fffd89fe780) for -1 ns
:3:rocvirtual.hpp           :56  : 1568684399548 us:  Host active wait for Signal = (0x7fffd89fe580) for -1 ns
:3:rocvirtual.hpp           :56  : 1568684400825 us:  Host active wait for Signal = (0x7fffd89fdf00) for -1 ns
:3:rocvirtual.hpp           :56  : 1568684402101 us:  Host active wait for Signal = (0x7fffd89fe900) for -1 ns
:3:rocvirtual.hpp           :56  : 1568684403377 us:  Host active wait for Signal = (0x7fffd89fea00) for -1 ns
:3:rocvirtual.hpp           :56  : 1568684404653 us:  Host active wait for Signal = (0x7fffd89fea80) for -1 ns
:3:rocvirtual.hpp           :56  : 1568684405929 us:  Host active wait for Signal = (0x7fffd89fe800) for -1 ns
:3:rocvirtual.hpp           :56  : 1568684407205 us:  Host active wait for Signal = (0x7fffd89fe700) for -1 ns
:3:rocvirtual.hpp           :56  : 1568684408481 us:  Host active wait for Signal = (0x7fffd89fde80) for -1 ns
:3:rocvirtual.hpp           :56  : 1568684409757 us:  Host active wait for Signal = (0x7fffd89fe080) for -1 ns
:3:rocvirtual.hpp           :56  : 1568684411032 us:  Host active wait for Signal = (0x7fffd89fe000) for -1 ns
:3:rocvirtual.hpp           :56  : 1568684412309 us:  Host active wait for Signal = (0x7fffd89fe380) for -1 ns
:3:rocvirtual.hpp           :56  : 1568684413584 us:  Host active wait for Signal = (0x7fffd89fe180) for -1 ns
:3:rocvirtual.hpp           :56  : 1568684414860 us:  Host active wait for Signal = (0x7fffd89fdf80) for -1 ns
:3:rocvirtual.cpp           :533 : 1568684415690 us:  Set Handler: handle(0x7fffd89fc600), timestamp(0xe0aaf0)
:3:rocvirtual.hpp           :56  : 1568684415973 us:  Host active wait for Signal = (0x7fffd89fc600) for -1 ns
:3:hip_memory.cpp           :796 : 1568684416132 us:  hipMemcpy: Returned hipSuccess : : duration: 19296 us
:3:hip_memory.cpp           :3476: 1568684416246 us:  [32m hipMemset ( 0x7ffd9ea00000, 0, 491520000 ) [0m
:3:rocvirtual.cpp           :762 : 1568684416361 us:  Arg0: void* buf = ptr:0x7ffd9ea00000
:3:rocvirtual.cpp           :778 : 1568684416481 us:  Arg0: void* buf = ptr:0x7ffd9ea00000 obj:[0x7ffd9ea00000-0x7ffdbbec0000]
:3:rocvirtual.cpp           :762 : 1568684416609 us:  Arg1: uchar* pattern = ptr:0x7ffec5600000
:3:rocvirtual.cpp           :853 : 1568684416714 us:  Arg2: uint pattern_size = val:1
:3:rocvirtual.cpp           :853 : 1568684416785 us:  Arg3: uint alignment = val:16
:3:rocvirtual.cpp           :853 : 1568684416856 us:  Arg4: ulong end_ptr = val:140727756259328
:3:rocvirtual.cpp           :853 : 1568684416924 us:  Arg5: uint next_chunk = val:28160
:3:rocvirtual.cpp           :3236: 1568684416990 us:  ShaderName : __amd_rocclr_fillBufferAligned
:3:rocvirtual.cpp           :3449: 1568684417064 us:  KernargSegmentByteSize = 296 KernargSegmentAlignment = 128
:3:hip_memory.cpp           :3477: 1568684417146 us:  hipMemset: Returned hipSuccess : 
:3:hip_device_runtime.cpp   :641 : 1568684417254 us:  [32m hipDeviceSynchronize (  ) [0m
:3:rocvirtual.cpp           :533 : 1568684417320 us:  Set Handler: handle(0x7fffd89fc580), timestamp(0xe0aab0)
:3:rocvirtual.hpp           :56  : 1568684417393 us:  Host active wait for Signal = (0x7fffd89fc580) for -1 ns
:3:rocvirtual.cpp           :226 : 1568684415986 us:  Handler: value(0), timestamp(0xef44c0), handle(0x7fffd89fc600)
:3:hip_device_runtime.cpp   :645 : 1568684417595 us:  hipDeviceSynchronize: Returned hipSuccess : 
:3:hip_platform.cpp         :237 : 1568684417696 us:  [32m __hipPushCallConfiguration ( {8,1,1}, {256,1,1}, 0, stream:<null> ) [0m
:3:hip_platform.cpp         :241 : 1568684417852 us:  __hipPushCallConfiguration: Returned hipSuccess : 
:3:hip_platform.cpp         :246 : 1568684417928 us:  [32m __hipPopCallConfiguration ( {3964667986,32767,256}, {2118224,0,4294925520}, 0x7fffffff5a20, 0x7fffffff5a18 ) [0m
:3:hip_platform.cpp         :255 : 1568684418072 us:  __hipPopCallConfiguration: Returned hipSuccess : 
:3:rocvirtual.cpp           :226 : 1568684417623 us:  Handler: value(0), timestamp(0xd0b270), handle(0x7fffd89fc580)
:3:hip_module.cpp           :744 : 1568684418145 us:  [32m hipLaunchKernel ( 0x200ff0, {8,1,1}, {256,1,1}, 0x7fffffff59d0, 0, stream:<null> ) [0m
:3:rocvirtual.cpp           :762 : 1568684418386 us:  Arg0:   = ptr:0x7ffdbc200000
:3:rocvirtual.cpp           :778 : 1568684418451 us:  Arg0:   = ptr:0x7ffdbc200000 obj:[0x7ffdbc200000-0x7ffdd96c0000]
:3:rocvirtual.cpp           :762 : 1568684418520 us:  Arg1:   = ptr:0x7ffec4a27000
:3:rocvirtual.cpp           :778 : 1568684418613 us:  Arg1:   = ptr:0x7ffec4a27000 obj:[0x7ffec4a27000-0x7ffec4a87000]
:3:rocvirtual.cpp           :762 : 1568684418687 us:  Arg2:   = ptr:0x7ffd9ea00000
:3:rocvirtual.cpp           :778 : 1568684418768 us:  Arg2:   = ptr:0x7ffd9ea00000 obj:[0x7ffd9ea00000-0x7ffdbbec0000]
:3:rocvirtual.cpp           :853 : 1568684418839 us:  Arg3:   = val:12288
:3:rocvirtual.cpp           :762 : 1568684418906 us:  Arg4:   = ptr:0x7ffec4a00000
:3:rocvirtual.cpp           :778 : 1568684418980 us:  Arg4:   = ptr:0x7ffec4a00000 obj:[0x7ffec4a00000-0x7ffec4a00024]
:3:rocvirtual.cpp           :3236: 1568684419044 us:  ShaderName : void dense_esuhm3<float>(float const*, float const*, float*, int, int const*)
:3:rocvirtual.cpp           :3449: 1568684419195 us:  KernargSegmentByteSize = 296 KernargSegmentAlignment = 128
:3:hip_module.cpp           :745 : 1568684419272 us:  hipLaunchKernel: Returned hipSuccess : : duration: 1127 us
:3:hip_device_runtime.cpp   :641 : 1568684419344 us:  [32m hipDeviceSynchronize (  ) [0m
:3:rocvirtual.cpp           :533 : 1568684419416 us:  Set Handler: handle(0x7fffd89fc680), timestamp(0xd0af60)
:3:rocvirtual.hpp           :56  : 1568684419488 us:  Host active wait for Signal = (0x7fffd89fc680) for -1 ns
:3:hip_device_runtime.cpp   :645 : 1568684420329 us:  hipDeviceSynchronize: Returned hipSuccess : 
:3:hip_memory.cpp           :795 : 1568684420406 us:  [32m hipMemcpy ( 0x7ffdf6cfc010, 0x7ffd9ea00000, 491520000, hipMemcpyDeviceToHost ) [0m
:3:rocvirtual.hpp           :56  : 1568684420562 us:  Host active wait for Signal = (0x7fffd89fec80) for -1 ns
:3:rocvirtual.cpp           :226 : 1568684420332 us:  Handler: value(0), timestamp(0xef4300), handle(0x7fffd89fc680)
:3:rocvirtual.hpp           :56  : 1568684421843 us:  Host active wait for Signal = (0x7fffd89fdd80) for -1 ns
:3:rocvirtual.hpp           :56  : 1568684423119 us:  Host active wait for Signal = (0x7fffd89fdc80) for -1 ns
:3:rocvirtual.hpp           :56  : 1568684424393 us:  Host active wait for Signal = (0x7fffd89fdc00) for -1 ns
:3:rocvirtual.hpp           :56  : 1568684425669 us:  Host active wait for Signal = (0x7fffd89fed00) for -1 ns
:3:rocvirtual.hpp           :56  : 1568684426944 us:  Host active wait for Signal = (0x7fffd89fee00) for -1 ns
:3:rocvirtual.hpp           :56  : 1568684428219 us:  Host active wait for Signal = (0x7fffd89fee80) for -1 ns
:3:rocvirtual.hpp           :56  : 1568684429495 us:  Host active wait for Signal = (0x7fffd89fec00) for -1 ns
:3:rocvirtual.hpp           :56  : 1568684430772 us:  Host active wait for Signal = (0x7fffd89feb00) for -1 ns
:3:rocvirtual.hpp           :56  : 1568684432050 us:  Host active wait for Signal = (0x7fffd89fe100) for -1 ns
:3:rocvirtual.hpp           :56  : 1568684433325 us:  Host active wait for Signal = (0x7fffd89fe200) for -1 ns
:3:rocvirtual.hpp           :56  : 1568684434601 us:  Host active wait for Signal = (0x7fffd89fdb80) for -1 ns
:3:rocvirtual.hpp           :56  : 1568684435876 us:  Host active wait for Signal = (0x7fffd89fda80) for -1 ns
:3:rocvirtual.hpp           :56  : 1568684437151 us:  Host active wait for Signal = (0x7fffd89fd880) for -1 ns
:3:rocvirtual.hpp           :56  : 1568684438426 us:  Host active wait for Signal = (0x7fffd89ff780) for -1 ns
:3:rocvirtual.cpp           :533 : 1568684439257 us:  Set Handler: handle(0x7fffd89fc080), timestamp(0xeff4e0)
:3:rocvirtual.hpp           :56  : 1568684439430 us:  Host active wait for Signal = (0x7fffd89fc080) for -1 ns
:3:hip_memory.cpp           :796 : 1568684439527 us:  hipMemcpy: Returned hipSuccess : : duration: 19121 us
:3:rocvirtual.cpp           :226 : 1568684439443 us:  Handler: value(0), timestamp(0xd0abf0), handle(0x7fffd89fc080)
:3:hip_memory.cpp           :3476: 1568684722843 us:  [32m hipMemset ( 0x7ffd9ea00000, 0, 491520000 ) [0m
:3:rocvirtual.cpp           :762 : 1568684723223 us:  Arg0: void* buf = ptr:0x7ffd9ea00000
:3:rocvirtual.cpp           :778 : 1568684723387 us:  Arg0: void* buf = ptr:0x7ffd9ea00000 obj:[0x7ffd9ea00000-0x7ffdbbec0000]
:3:rocvirtual.cpp           :762 : 1568684723605 us:  Arg1: uchar* pattern = ptr:0x7ffec5600000
:3:rocvirtual.cpp           :853 : 1568684723751 us:  Arg2: uint pattern_size = val:1
:3:rocvirtual.cpp           :853 : 1568684723907 us:  Arg3: uint alignment = val:16
:3:rocvirtual.cpp           :853 : 1568684724033 us:  Arg4: ulong end_ptr = val:140727756259328
:3:rocvirtual.cpp           :853 : 1568684724154 us:  Arg5: uint next_chunk = val:28160
:3:rocvirtual.cpp           :3236: 1568684724331 us:  ShaderName : __amd_rocclr_fillBufferAligned
:3:rocvirtual.cpp           :3449: 1568684724436 us:  KernargSegmentByteSize = 296 KernargSegmentAlignment = 128
:3:hip_memory.cpp           :3477: 1568684724623 us:  hipMemset: Returned hipSuccess : 
:3:hip_device_runtime.cpp   :641 : 1568684724801 us:  [32m hipDeviceSynchronize (  ) [0m
:3:rocvirtual.cpp           :533 : 1568684724946 us:  Set Handler: handle(0x7fffd89fc000), timestamp(0x28daa0)
:3:rocvirtual.hpp           :56  : 1568684725089 us:  Host active wait for Signal = (0x7fffd89fc000) for -1 ns
:3:hip_device_runtime.cpp   :645 : 1568684725203 us:  hipDeviceSynchronize: Returned hipSuccess : 
:3:hip_platform.cpp         :237 : 1568684725326 us:  [32m __hipPushCallConfiguration ( {8,1,1}, {512,1,1}, 0, stream:<null> ) [0m
:3:hip_platform.cpp         :241 : 1568684725552 us:  __hipPushCallConfiguration: Returned hipSuccess : 
:3:hip_platform.cpp         :246 : 1568684725685 us:  [32m __hipPopCallConfiguration ( {3964667986,32767,512}, {2118224,0,4294925520}, 0x7fffffff5a20, 0x7fffffff5a18 ) [0m
:3:hip_platform.cpp         :255 : 1568684725906 us:  __hipPopCallConfiguration: Returned hipSuccess : 
:3:rocvirtual.cpp           :226 : 1568684725101 us:  Handler: value(0), timestamp(0xd83850), handle(0x7fffd89fc000)
:3:hip_module.cpp           :744 : 1568684725987 us:  [32m hipLaunchKernel ( 0x200fe0, {8,1,1}, {512,1,1}, 0x7fffffff59d0, 0, stream:<null> ) [0m
:3:rocvirtual.cpp           :762 : 1568684726260 us:  Arg0:   = ptr:0x7ffdbc200000
:3:rocvirtual.cpp           :778 : 1568684726382 us:  Arg0:   = ptr:0x7ffdbc200000 obj:[0x7ffdbc200000-0x7ffdd96c0000]
:3:rocvirtual.cpp           :762 : 1568684726456 us:  Arg1:   = ptr:0x7ffec4a27000
:3:rocvirtual.cpp           :778 : 1568684726532 us:  Arg1:   = ptr:0x7ffec4a27000 obj:[0x7ffec4a27000-0x7ffec4a87000]
:3:rocvirtual.cpp           :762 : 1568684726639 us:  Arg2:   = ptr:0x7ffd9ea00000
:3:rocvirtual.cpp           :778 : 1568684726715 us:  Arg2:   = ptr:0x7ffd9ea00000 obj:[0x7ffd9ea00000-0x7ffdbbec0000]
:3:rocvirtual.cpp           :853 : 1568684726818 us:  Arg3:   = val:12288
:3:rocvirtual.cpp           :762 : 1568684726889 us:  Arg4:   = ptr:0x7ffec4a00000
:3:rocvirtual.cpp           :778 : 1568684726958 us:  Arg4:   = ptr:0x7ffec4a00000 obj:[0x7ffec4a00000-0x7ffec4a00024]
:3:rocvirtual.cpp           :3236: 1568684727044 us:  ShaderName : void dense_esuhm<float>(float const*, float const*, float*, int, int const*)
:3:rocvirtual.cpp           :3449: 1568684727178 us:  KernargSegmentByteSize = 296 KernargSegmentAlignment = 128
:3:hip_module.cpp           :745 : 1568684727257 us:  hipLaunchKernel: Returned hipSuccess : : duration: 1270 us
:3:hip_device_runtime.cpp   :641 : 1568684727329 us:  [32m hipDeviceSynchronize (  ) [0m
:3:rocvirtual.cpp           :533 : 1568684727416 us:  Set Handler: handle(0x7fffd89fc280), timestamp(0xeff0d0)
:3:rocvirtual.hpp           :56  : 1568684727488 us:  Host active wait for Signal = (0x7fffd89fc280) for -1 ns
:3:hip_device_runtime.cpp   :645 : 1568684727677 us:  hipDeviceSynchronize: Returned hipSuccess : 
:3:hip_memory.cpp           :795 : 1568684727789 us:  [32m hipMemcpy ( 0x7ffe3167e010, 0x7ffd9ea00000, 491520000, hipMemcpyDeviceToHost ) [0m
:3:rocvirtual.hpp           :56  : 1568684727984 us:  Host active wait for Signal = (0x7fffd89ff480) for -1 ns
:3:rocvirtual.cpp           :226 : 1568684727680 us:  Handler: value(0), timestamp(0x732010), handle(0x7fffd89fc280)
:3:rocvirtual.hpp           :56  : 1568684729267 us:  Host active wait for Signal = (0x7fffd89fd900) for -1 ns
:3:rocvirtual.hpp           :56  : 1568684730543 us:  Host active wait for Signal = (0x7fffd89fe280) for -1 ns
:3:rocvirtual.hpp           :56  : 1568684731818 us:  Host active wait for Signal = (0x7fffd89fe300) for -1 ns
:3:rocvirtual.hpp           :56  : 1568684733095 us:  Host active wait for Signal = (0x7fffd89fe400) for -1 ns
:3:rocvirtual.hpp           :56  : 1568684734371 us:  Host active wait for Signal = (0x7fffd89ff380) for -1 ns
:3:rocvirtual.hpp           :56  : 1568684735648 us:  Host active wait for Signal = (0x7fffd89ff180) for -1 ns
:3:rocvirtual.hpp           :56  : 1568684736926 us:  Host active wait for Signal = (0x7fffd89ff680) for -1 ns
:3:rocvirtual.hpp           :56  : 1568684738202 us:  Host active wait for Signal = (0x7fffd89fef00) for -1 ns
:3:rocvirtual.hpp           :56  : 1568684739477 us:  Host active wait for Signal = (0x7fffd89ff800) for -1 ns
:3:rocvirtual.hpp           :56  : 1568684740753 us:  Host active wait for Signal = (0x7fffd89fe600) for -1 ns
:3:rocvirtual.hpp           :56  : 1568684742029 us:  Host active wait for Signal = (0x7fffd89fef80) for -1 ns
:3:rocvirtual.hpp           :56  : 1568684743305 us:  Host active wait for Signal = (0x7fffd89fda00) for -1 ns
:3:rocvirtual.hpp           :56  : 1568684744581 us:  Host active wait for Signal = (0x7fffd89fdb00) for -1 ns
:3:rocvirtual.hpp           :56  : 1568684745856 us:  Host active wait for Signal = (0x7fffd89fe500) for -1 ns
:3:rocvirtual.cpp           :533 : 1568684746686 us:  Set Handler: handle(0x7fffd89fbe80), timestamp(0x732200)
:3:rocvirtual.hpp           :56  : 1568684746815 us:  Host active wait for Signal = (0x7fffd89fbe80) for -1 ns
:3:hip_memory.cpp           :796 : 1568684746944 us:  hipMemcpy: Returned hipSuccess : : duration: 19155 us
:3:hip_memory.cpp           :3476: 1568684747194 us:  [32m hipMemset ( 0x7ffd9ea00000, 0, 491520000 ) [0m
:3:rocvirtual.cpp           :762 : 1568684747279 us:  Arg0: void* buf = ptr:0x7ffd9ea00000
:3:rocvirtual.cpp           :778 : 1568684747353 us:  Arg0: void* buf = ptr:0x7ffd9ea00000 obj:[0x7ffd9ea00000-0x7ffdbbec0000]
:3:rocvirtual.cpp           :762 : 1568684747439 us:  Arg1: uchar* pattern = ptr:0x7ffec5600000
:3:rocvirtual.cpp           :853 : 1568684747514 us:  Arg2: uint pattern_size = val:1
:3:rocvirtual.cpp           :853 : 1568684747630 us:  Arg3: uint alignment = val:16
:3:rocvirtual.cpp           :853 : 1568684747734 us:  Arg4: ulong end_ptr = val:140727756259328
:3:rocvirtual.cpp           :853 : 1568684747811 us:  Arg5: uint next_chunk = val:28160
:3:rocvirtual.cpp           :3236: 1568684747911 us:  ShaderName : __amd_rocclr_fillBufferAligned
:3:rocvirtual.cpp           :3449: 1568684747984 us:  KernargSegmentByteSize = 296 KernargSegmentAlignment = 128
:3:hip_memory.cpp           :3477: 1568684748073 us:  hipMemset: Returned hipSuccess : 
:3:hip_device_runtime.cpp   :641 : 1568684748180 us:  [32m hipDeviceSynchronize (  ) [0m
:3:rocvirtual.cpp           :533 : 1568684748265 us:  Set Handler: handle(0x7fffd89fbf00), timestamp(0xdcebf0)
:3:rocvirtual.hpp           :56  : 1568684748377 us:  Host active wait for Signal = (0x7fffd89fbf00) for -1 ns
:3:rocvirtual.cpp           :226 : 1568684746829 us:  Handler: value(0), timestamp(0xe28100), handle(0x7fffd89fbe80)
:3:hip_device_runtime.cpp   :645 : 1568684748522 us:  hipDeviceSynchronize: Returned hipSuccess : 
:3:hip_platform.cpp         :237 : 1568684748612 us:  [32m __hipPushCallConfiguration ( {8,1,1}, {512,1,1}, 0, stream:<null> ) [0m
:3:hip_platform.cpp         :241 : 1568684748805 us:  __hipPushCallConfiguration: Returned hipSuccess : 
:3:hip_platform.cpp         :246 : 1568684748881 us:  [32m __hipPopCallConfiguration ( {3964667986,32767,512}, {2118224,0,4294925520}, 0x7fffffff5a20, 0x7fffffff5a18 ) [0m
:3:hip_platform.cpp         :255 : 1568684749085 us:  __hipPopCallConfiguration: Returned hipSuccess : 
:3:hip_module.cpp           :744 : 1568684749152 us:  [32m hipLaunchKernel ( 0x200fe8, {8,1,1}, {512,1,1}, 0x7fffffff59d0, 0, stream:<null> ) [0m
:3:rocvirtual.cpp           :762 : 1568684749299 us:  Arg0:   = ptr:0x7ffdbc200000
:3:rocvirtual.cpp           :778 : 1568684749382 us:  Arg0:   = ptr:0x7ffdbc200000 obj:[0x7ffdbc200000-0x7ffdd96c0000]
:3:rocvirtual.cpp           :762 : 1568684749446 us:  Arg1:   = ptr:0x7ffec4a27000
:3:rocvirtual.cpp           :778 : 1568684749538 us:  Arg1:   = ptr:0x7ffec4a27000 obj:[0x7ffec4a27000-0x7ffec4a87000]
:3:rocvirtual.cpp           :762 : 1568684749603 us:  Arg2:   = ptr:0x7ffd9ea00000
:3:rocvirtual.cpp           :778 : 1568684749676 us:  Arg2:   = ptr:0x7ffd9ea00000 obj:[0x7ffd9ea00000-0x7ffdbbec0000]
:3:rocvirtual.cpp           :853 : 1568684749797 us:  Arg3:   = val:12288
:3:rocvirtual.cpp           :762 : 1568684749873 us:  Arg4:   = ptr:0x7ffec4a00000
:3:rocvirtual.cpp           :778 : 1568684749978 us:  Arg4:   = ptr:0x7ffec4a00000 obj:[0x7ffec4a00000-0x7ffec4a00024]
:3:rocvirtual.cpp           :3236: 1568684750049 us:  ShaderName : void dense_esuhm2<float>(float const*, float const*, float*, int, int const*)
:3:rocvirtual.cpp           :3449: 1568684750197 us:  KernargSegmentByteSize = 296 KernargSegmentAlignment = 128
:3:hip_module.cpp           :745 : 1568684750265 us:  hipLaunchKernel: Returned hipSuccess : : duration: 1113 us
:3:hip_device_runtime.cpp   :641 : 1568684750338 us:  [32m hipDeviceSynchronize (  ) [0m
:3:rocvirtual.cpp           :226 : 1568684748542 us:  Handler: value(0), timestamp(0xefef10), handle(0x7fffd89fbf00)
:3:rocvirtual.cpp           :533 : 1568684750417 us:  Set Handler: handle(0x7fffd89fd700), timestamp(0xe22dd0)
:3:rocvirtual.hpp           :56  : 1568684750579 us:  Host active wait for Signal = (0x7fffd89fd700) for -1 ns
:3:hip_device_runtime.cpp   :645 : 1568684750651 us:  hipDeviceSynchronize: Returned hipSuccess : 
:3:rocvirtual.cpp           :226 : 1568684750612 us:  Handler: value(0), timestamp(0xdceb40), handle(0x7fffd89fd700)
:3:hip_memory.cpp           :795 : 1568684750724 us:  [32m hipMemcpy ( 0x7ffe141bd010, 0x7ffd9ea00000, 491520000, hipMemcpyDeviceToHost ) [0m
:3:rocvirtual.hpp           :56  : 1568684750950 us:  Host active wait for Signal = (0x7fffd89ff000) for -1 ns
:3:rocvirtual.hpp           :56  : 1568684752232 us:  Host active wait for Signal = (0x7fffd89ff080) for -1 ns
:3:rocvirtual.hpp           :56  : 1568684753508 us:  Host active wait for Signal = (0x7fffd89fdd00) for -1 ns
:3:rocvirtual.hpp           :56  : 1568684754784 us:  Host active wait for Signal = (0x7fffd89feb80) for -1 ns
:3:rocvirtual.hpp           :56  : 1568684756060 us:  Host active wait for Signal = (0x7fffd89fed80) for -1 ns
:3:rocvirtual.hpp           :56  : 1568684757336 us:  Host active wait for Signal = (0x7fffd89fe980) for -1 ns
:3:rocvirtual.hpp           :56  : 1568684758612 us:  Host active wait for Signal = (0x7fffd89fde00) for -1 ns
:3:rocvirtual.hpp           :56  : 1568684759889 us:  Host active wait for Signal = (0x7fffd89fd980) for -1 ns
:3:rocvirtual.hpp           :56  : 1568684761164 us:  Host active wait for Signal = (0x7fffd89fe480) for -1 ns
:3:rocvirtual.hpp           :56  : 1568684762440 us:  Host active wait for Signal = (0x7fffd89fe680) for -1 ns
:3:rocvirtual.hpp           :56  : 1568684763716 us:  Host active wait for Signal = (0x7fffd89fe880) for -1 ns
:3:rocvirtual.hpp           :56  : 1568684764991 us:  Host active wait for Signal = (0x7fffd89fe780) for -1 ns
:3:rocvirtual.hpp           :56  : 1568684766266 us:  Host active wait for Signal = (0x7fffd89fe580) for -1 ns
:3:rocvirtual.hpp           :56  : 1568684767542 us:  Host active wait for Signal = (0x7fffd89fdf00) for -1 ns
:3:rocvirtual.hpp           :56  : 1568684768818 us:  Host active wait for Signal = (0x7fffd89fe900) for -1 ns
:3:rocvirtual.cpp           :533 : 1568684769648 us:  Set Handler: handle(0x7fffd89fcc80), timestamp(0xef3a00)
:3:rocvirtual.hpp           :56  : 1568684769802 us:  Host active wait for Signal = (0x7fffd89fcc80) for -1 ns
:3:hip_memory.cpp           :796 : 1568684769921 us:  hipMemcpy: Returned hipSuccess : : duration: 19197 us
:3:hip_memory.cpp           :3476: 1568684770057 us:  [32m hipMemset ( 0x7ffd9ea00000, 0, 491520000 ) [0m
:3:rocvirtual.cpp           :762 : 1568684770245 us:  Arg0: void* buf = ptr:0x7ffd9ea00000
:3:rocvirtual.cpp           :778 : 1568684770374 us:  Arg0: void* buf = ptr:0x7ffd9ea00000 obj:[0x7ffd9ea00000-0x7ffdbbec0000]
:3:rocvirtual.cpp           :762 : 1568684770442 us:  Arg1: uchar* pattern = ptr:0x7ffec5600000
:3:rocvirtual.cpp           :853 : 1568684770530 us:  Arg2: uint pattern_size = val:1
:3:rocvirtual.cpp           :853 : 1568684770614 us:  Arg3: uint alignment = val:16
:3:rocvirtual.cpp           :853 : 1568684770728 us:  Arg4: ulong end_ptr = val:140727756259328
:3:rocvirtual.cpp           :853 : 1568684770803 us:  Arg5: uint next_chunk = val:28160
:3:rocvirtual.cpp           :3236: 1568684770878 us:  ShaderName : __amd_rocclr_fillBufferAligned
:3:rocvirtual.cpp           :3449: 1568684770961 us:  KernargSegmentByteSize = 296 KernargSegmentAlignment = 128
:3:hip_memory.cpp           :3477: 1568684771033 us:  hipMemset: Returned hipSuccess : 
:3:hip_device_runtime.cpp   :641 : 1568684771099 us:  [32m hipDeviceSynchronize (  ) [0m
:3:rocvirtual.cpp           :226 : 1568684769815 us:  Handler: value(0), timestamp(0xdceb40), handle(0x7fffd89fcc80)
:3:rocvirtual.cpp           :533 : 1568684771176 us:  Set Handler: handle(0x7fffd89fcf80), timestamp(0xdc5da0)
:3:rocvirtual.hpp           :56  : 1568684771348 us:  Host active wait for Signal = (0x7fffd89fcf80) for -1 ns
:3:hip_device_runtime.cpp   :645 : 1568684771479 us:  hipDeviceSynchronize: Returned hipSuccess : 
:3:hip_platform.cpp         :237 : 1568684771575 us:  [32m __hipPushCallConfiguration ( {8,1,1}, {512,1,1}, 0, stream:<null> ) [0m
:3:hip_platform.cpp         :241 : 1568684771759 us:  __hipPushCallConfiguration: Returned hipSuccess : 
:3:hip_platform.cpp         :246 : 1568684771865 us:  [32m __hipPopCallConfiguration ( {3964667986,32767,512}, {2118224,0,4294925520}, 0x7fffffff5a20, 0x7fffffff5a18 ) [0m
:3:hip_platform.cpp         :255 : 1568684772047 us:  __hipPopCallConfiguration: Returned hipSuccess : 
:3:hip_module.cpp           :744 : 1568684772137 us:  [32m hipLaunchKernel ( 0x200ff0, {8,1,1}, {512,1,1}, 0x7fffffff59d0, 0, stream:<null> ) [0m
:3:rocvirtual.cpp           :762 : 1568684772286 us:  Arg0:   = ptr:0x7ffdbc200000
:3:rocvirtual.cpp           :778 : 1568684772358 us:  Arg0:   = ptr:0x7ffdbc200000 obj:[0x7ffdbc200000-0x7ffdd96c0000]
:3:rocvirtual.cpp           :762 : 1568684772428 us:  Arg1:   = ptr:0x7ffec4a27000
:3:rocvirtual.cpp           :778 : 1568684772497 us:  Arg1:   = ptr:0x7ffec4a27000 obj:[0x7ffec4a27000-0x7ffec4a87000]
:3:rocvirtual.cpp           :762 : 1568684772580 us:  Arg2:   = ptr:0x7ffd9ea00000
:3:rocvirtual.cpp           :778 : 1568684772645 us:  Arg2:   = ptr:0x7ffd9ea00000 obj:[0x7ffd9ea00000-0x7ffdbbec0000]
:3:rocvirtual.cpp           :853 : 1568684772715 us:  Arg3:   = val:12288
:3:rocvirtual.cpp           :762 : 1568684772816 us:  Arg4:   = ptr:0x7ffec4a00000
:3:rocvirtual.cpp           :778 : 1568684772908 us:  Arg4:   = ptr:0x7ffec4a00000 obj:[0x7ffec4a00000-0x7ffec4a00024]
:3:rocvirtual.cpp           :3236: 1568684773008 us:  ShaderName : void dense_esuhm3<float>(float const*, float const*, float*, int, int const*)
:3:rocvirtual.cpp           :3449: 1568684773150 us:  KernargSegmentByteSize = 296 KernargSegmentAlignment = 128
:3:hip_module.cpp           :745 : 1568684773270 us:  hipLaunchKernel: Returned hipSuccess : : duration: 1133 us
:3:hip_device_runtime.cpp   :641 : 1568684773338 us:  [32m hipDeviceSynchronize (  ) [0m
:3:rocvirtual.cpp           :226 : 1568684771480 us:  Handler: value(0), timestamp(0xef43e0), handle(0x7fffd89fcf80)
:3:rocvirtual.cpp           :533 : 1568684773413 us:  Set Handler: handle(0x7fffd89fce80), timestamp(0xef3860)
:3:rocvirtual.hpp           :56  : 1568684773576 us:  Host active wait for Signal = (0x7fffd89fce80) for -1 ns
:3:hip_device_runtime.cpp   :645 : 1568684773969 us:  hipDeviceSynchronize: Returned hipSuccess : 
:3:hip_memory.cpp           :795 : 1568684774044 us:  [32m hipMemcpy ( 0x7ffdf6cfc010, 0x7ffd9ea00000, 491520000, hipMemcpyDeviceToHost ) [0m
:3:rocvirtual.hpp           :56  : 1568684774209 us:  Host active wait for Signal = (0x7fffd89fe700) for -1 ns
:3:rocvirtual.cpp           :226 : 1568684773970 us:  Handler: value(0), timestamp(0x9770d0), handle(0x7fffd89fce80)
:3:rocvirtual.hpp           :56  : 1568684775490 us:  Host active wait for Signal = (0x7fffd89fde80) for -1 ns
:3:rocvirtual.hpp           :56  : 1568684776766 us:  Host active wait for Signal = (0x7fffd89fe080) for -1 ns
:3:rocvirtual.hpp           :56  : 1568684778041 us:  Host active wait for Signal = (0x7fffd89fe000) for -1 ns
:3:rocvirtual.hpp           :56  : 1568684779316 us:  Host active wait for Signal = (0x7fffd89fe380) for -1 ns
:3:rocvirtual.hpp           :56  : 1568684780591 us:  Host active wait for Signal = (0x7fffd89fe180) for -1 ns
:3:rocvirtual.hpp           :56  : 1568684781867 us:  Host active wait for Signal = (0x7fffd89fdf80) for -1 ns
:3:rocvirtual.hpp           :56  : 1568684783142 us:  Host active wait for Signal = (0x7fffd89fe800) for -1 ns
:3:rocvirtual.hpp           :56  : 1568684784417 us:  Host active wait for Signal = (0x7fffd89fea80) for -1 ns
:3:rocvirtual.hpp           :56  : 1568684785692 us:  Host active wait for Signal = (0x7fffd89fea00) for -1 ns
:3:rocvirtual.hpp           :56  : 1568684786967 us:  Host active wait for Signal = (0x7fffd89fec80) for -1 ns
:3:rocvirtual.hpp           :56  : 1568684788243 us:  Host active wait for Signal = (0x7fffd89fdd80) for -1 ns
:3:rocvirtual.hpp           :56  : 1568684789518 us:  Host active wait for Signal = (0x7fffd89fdc80) for -1 ns
:3:rocvirtual.hpp           :56  : 1568684790793 us:  Host active wait for Signal = (0x7fffd89fdc00) for -1 ns
:3:rocvirtual.hpp           :56  : 1568684792068 us:  Host active wait for Signal = (0x7fffd89fed00) for -1 ns
:3:rocvirtual.cpp           :533 : 1568684792898 us:  Set Handler: handle(0x7fffd89fc680), timestamp(0xd0af60)
:3:rocvirtual.hpp           :56  : 1568684793041 us:  Host active wait for Signal = (0x7fffd89fc680) for -1 ns
:3:hip_memory.cpp           :796 : 1568684793210 us:  hipMemcpy: Returned hipSuccess : : duration: 19166 us
:3:rocvirtual.cpp           :226 : 1568684793054 us:  Handler: value(0), timestamp(0xe282c0), handle(0x7fffd89fc680)
:3:hip_memory.cpp           :3476: 1568685076823 us:  [32m hipMemset ( 0x7ffd9ea00000, 0, 491520000 ) [0m
:3:rocvirtual.cpp           :762 : 1568685077033 us:  Arg0: void* buf = ptr:0x7ffd9ea00000
:3:rocvirtual.cpp           :778 : 1568685077225 us:  Arg0: void* buf = ptr:0x7ffd9ea00000 obj:[0x7ffd9ea00000-0x7ffdbbec0000]
:3:rocvirtual.cpp           :762 : 1568685077374 us:  Arg1: uchar* pattern = ptr:0x7ffec5600000
:3:rocvirtual.cpp           :853 : 1568685077544 us:  Arg2: uint pattern_size = val:1
:3:rocvirtual.cpp           :853 : 1568685077694 us:  Arg3: uint alignment = val:16
:3:rocvirtual.cpp           :853 : 1568685077838 us:  Arg4: ulong end_ptr = val:140727756259328
:3:rocvirtual.cpp           :853 : 1568685077924 us:  Arg5: uint next_chunk = val:28160
:3:rocvirtual.cpp           :3236: 1568685078025 us:  ShaderName : __amd_rocclr_fillBufferAligned
:3:rocvirtual.cpp           :3449: 1568685078117 us:  KernargSegmentByteSize = 296 KernargSegmentAlignment = 128
:3:hip_memory.cpp           :3477: 1568685078241 us:  hipMemset: Returned hipSuccess : 
:3:hip_device_runtime.cpp   :641 : 1568685078350 us:  [32m hipDeviceSynchronize (  ) [0m
:3:rocvirtual.cpp           :533 : 1568685078441 us:  Set Handler: handle(0x7fffd89fc580), timestamp(0xe0aab0)
:3:rocvirtual.hpp           :56  : 1568685078558 us:  Host active wait for Signal = (0x7fffd89fc580) for -1 ns
:3:hip_device_runtime.cpp   :645 : 1568685078700 us:  hipDeviceSynchronize: Returned hipSuccess : 
:3:hip_platform.cpp         :237 : 1568685078806 us:  [32m __hipPushCallConfiguration ( {8,1,1}, {1024,1,1}, 0, stream:<null> ) [0m
:3:hip_platform.cpp         :241 : 1568685078974 us:  __hipPushCallConfiguration: Returned hipSuccess : 
:3:rocvirtual.cpp           :226 : 1568685078704 us:  Handler: value(0), timestamp(0xd0b270), handle(0x7fffd89fc580)
:3:hip_platform.cpp         :246 : 1568685079055 us:  [32m __hipPopCallConfiguration ( {3964667986,32767,1024}, {2118224,0,4294925520}, 0x7fffffff5a20, 0x7fffffff5a18 ) [0m
:3:hip_platform.cpp         :255 : 1568685079298 us:  __hipPopCallConfiguration: Returned hipSuccess : 
:3:hip_module.cpp           :744 : 1568685079421 us:  [32m hipLaunchKernel ( 0x200fe0, {8,1,1}, {1024,1,1}, 0x7fffffff59d0, 0, stream:<null> ) [0m
:3:rocvirtual.cpp           :762 : 1568685079598 us:  Arg0:   = ptr:0x7ffdbc200000
:3:rocvirtual.cpp           :778 : 1568685079719 us:  Arg0:   = ptr:0x7ffdbc200000 obj:[0x7ffdbc200000-0x7ffdd96c0000]
:3:rocvirtual.cpp           :762 : 1568685079808 us:  Arg1:   = ptr:0x7ffec4a27000
:3:rocvirtual.cpp           :778 : 1568685079877 us:  Arg1:   = ptr:0x7ffec4a27000 obj:[0x7ffec4a27000-0x7ffec4a87000]
:3:rocvirtual.cpp           :762 : 1568685079998 us:  Arg2:   = ptr:0x7ffd9ea00000
:3:rocvirtual.cpp           :778 : 1568685080075 us:  Arg2:   = ptr:0x7ffd9ea00000 obj:[0x7ffd9ea00000-0x7ffdbbec0000]
:3:rocvirtual.cpp           :853 : 1568685080187 us:  Arg3:   = val:12288
:3:rocvirtual.cpp           :762 : 1568685080260 us:  Arg4:   = ptr:0x7ffec4a00000
:3:rocvirtual.cpp           :778 : 1568685080354 us:  Arg4:   = ptr:0x7ffec4a00000 obj:[0x7ffec4a00000-0x7ffec4a00024]
:3:rocvirtual.cpp           :3236: 1568685080423 us:  ShaderName : void dense_esuhm<float>(float const*, float const*, float*, int, int const*)
:3:rocvirtual.cpp           :3449: 1568685080568 us:  KernargSegmentByteSize = 296 KernargSegmentAlignment = 128
:3:hip_module.cpp           :745 : 1568685080648 us:  hipLaunchKernel: Returned hipSuccess : : duration: 1227 us
:3:hip_device_runtime.cpp   :641 : 1568685080748 us:  [32m hipDeviceSynchronize (  ) [0m
:3:rocvirtual.cpp           :533 : 1568685080824 us:  Set Handler: handle(0x7fffd89fc600), timestamp(0xe0aaf0)
:3:rocvirtual.hpp           :56  : 1568685080894 us:  Host active wait for Signal = (0x7fffd89fc600) for -1 ns
:3:hip_device_runtime.cpp   :645 : 1568685081004 us:  hipDeviceSynchronize: Returned hipSuccess : 
:3:rocvirtual.cpp           :226 : 1568685080914 us:  Handler: value(0), timestamp(0xef44c0), handle(0x7fffd89fc600)
:3:hip_memory.cpp           :795 : 1568685081076 us:  [32m hipMemcpy ( 0x7ffe3167e010, 0x7ffd9ea00000, 491520000, hipMemcpyDeviceToHost ) [0m
:3:rocvirtual.hpp           :56  : 1568685081339 us:  Host active wait for Signal = (0x7fffd89feb00) for -1 ns
:3:rocvirtual.hpp           :56  : 1568685082621 us:  Host active wait for Signal = (0x7fffd89fe100) for -1 ns
:3:rocvirtual.hpp           :56  : 1568685083897 us:  Host active wait for Signal = (0x7fffd89fe200) for -1 ns
:3:rocvirtual.hpp           :56  : 1568685085173 us:  Host active wait for Signal = (0x7fffd89fdb80) for -1 ns
:3:rocvirtual.hpp           :56  : 1568685086449 us:  Host active wait for Signal = (0x7fffd89fda80) for -1 ns
:3:rocvirtual.hpp           :56  : 1568685087725 us:  Host active wait for Signal = (0x7fffd89fd880) for -1 ns
:3:rocvirtual.hpp           :56  : 1568685089001 us:  Host active wait for Signal = (0x7fffd89ff780) for -1 ns
:3:rocvirtual.hpp           :56  : 1568685090278 us:  Host active wait for Signal = (0x7fffd89fec00) for -1 ns
:3:rocvirtual.hpp           :56  : 1568685091554 us:  Host active wait for Signal = (0x7fffd89fee80) for -1 ns
:3:rocvirtual.hpp           :56  : 1568685092829 us:  Host active wait for Signal = (0x7fffd89fee00) for -1 ns
:3:rocvirtual.hpp           :56  : 1568685094105 us:  Host active wait for Signal = (0x7fffd89ff480) for -1 ns
:3:rocvirtual.hpp           :56  : 1568685095380 us:  Host active wait for Signal = (0x7fffd89fd900) for -1 ns
:3:rocvirtual.hpp           :56  : 1568685096656 us:  Host active wait for Signal = (0x7fffd89fe280) for -1 ns
:3:rocvirtual.hpp           :56  : 1568685097931 us:  Host active wait for Signal = (0x7fffd89fe300) for -1 ns
:3:rocvirtual.hpp           :56  : 1568685099207 us:  Host active wait for Signal = (0x7fffd89fe400) for -1 ns
:3:rocvirtual.cpp           :533 : 1568685100037 us:  Set Handler: handle(0x7fffd89fc280), timestamp(0xeff0d0)
:3:rocvirtual.hpp           :56  : 1568685100217 us:  Host active wait for Signal = (0x7fffd89fc280) for -1 ns
:3:hip_memory.cpp           :796 : 1568685100359 us:  hipMemcpy: Returned hipSuccess : : duration: 19283 us
:3:hip_memory.cpp           :3476: 1568685100542 us:  [32m hipMemset ( 0x7ffd9ea00000, 0, 491520000 ) [0m
:3:rocvirtual.cpp           :762 : 1568685100670 us:  Arg0: void* buf = ptr:0x7ffd9ea00000
:3:rocvirtual.cpp           :778 : 1568685100780 us:  Arg0: void* buf = ptr:0x7ffd9ea00000 obj:[0x7ffd9ea00000-0x7ffdbbec0000]
:3:rocvirtual.cpp           :762 : 1568685100852 us:  Arg1: uchar* pattern = ptr:0x7ffec5600000
:3:rocvirtual.cpp           :853 : 1568685100940 us:  Arg2: uint pattern_size = val:1
:3:rocvirtual.cpp           :853 : 1568685101047 us:  Arg3: uint alignment = val:16
:3:rocvirtual.cpp           :853 : 1568685101174 us:  Arg4: ulong end_ptr = val:140727756259328
:3:rocvirtual.cpp           :853 : 1568685101278 us:  Arg5: uint next_chunk = val:28160
:3:rocvirtual.cpp           :3236: 1568685101359 us:  ShaderName : __amd_rocclr_fillBufferAligned
:3:rocvirtual.cpp           :3449: 1568685101425 us:  KernargSegmentByteSize = 296 KernargSegmentAlignment = 128
:3:hip_memory.cpp           :3477: 1568685101496 us:  hipMemset: Returned hipSuccess : 
:3:hip_device_runtime.cpp   :641 : 1568685101576 us:  [32m hipDeviceSynchronize (  ) [0m
:3:rocvirtual.cpp           :533 : 1568685101691 us:  Set Handler: handle(0x7fffd89fc000), timestamp(0x28daa0)
:3:rocvirtual.hpp           :56  : 1568685101758 us:  Host active wait for Signal = (0x7fffd89fc000) for -1 ns
:3:rocvirtual.cpp           :226 : 1568685100230 us:  Handler: value(0), timestamp(0xef44c0), handle(0x7fffd89fc280)
:3:hip_device_runtime.cpp   :645 : 1568685101941 us:  hipDeviceSynchronize: Returned hipSuccess : 
:3:rocvirtual.cpp           :226 : 1568685101942 us:  Handler: value(0), timestamp(0xd83850), handle(0x7fffd89fc000)
:3:hip_platform.cpp         :237 : 1568685102015 us:  [32m __hipPushCallConfiguration ( {8,1,1}, {1024,1,1}, 0, stream:<null> ) [0m
:3:hip_platform.cpp         :241 : 1568685102241 us:  __hipPushCallConfiguration: Returned hipSuccess : 
:3:hip_platform.cpp         :246 : 1568685102321 us:  [32m __hipPopCallConfiguration ( {3964667986,32767,1024}, {2118224,0,4294925520}, 0x7fffffff5a20, 0x7fffffff5a18 ) [0m
:3:hip_platform.cpp         :255 : 1568685102464 us:  __hipPopCallConfiguration: Returned hipSuccess : 
:3:hip_module.cpp           :744 : 1568685102537 us:  [32m hipLaunchKernel ( 0x200fe8, {8,1,1}, {1024,1,1}, 0x7fffffff59d0, 0, stream:<null> ) [0m
:3:rocvirtual.cpp           :762 : 1568685102717 us:  Arg0:   = ptr:0x7ffdbc200000
:3:rocvirtual.cpp           :778 : 1568685102788 us:  Arg0:   = ptr:0x7ffdbc200000 obj:[0x7ffdbc200000-0x7ffdd96c0000]
:3:rocvirtual.cpp           :762 : 1568685102878 us:  Arg1:   = ptr:0x7ffec4a27000
:3:rocvirtual.cpp           :778 : 1568685102950 us:  Arg1:   = ptr:0x7ffec4a27000 obj:[0x7ffec4a27000-0x7ffec4a87000]
:3:rocvirtual.cpp           :762 : 1568685103016 us:  Arg2:   = ptr:0x7ffd9ea00000
:3:rocvirtual.cpp           :778 : 1568685103088 us:  Arg2:   = ptr:0x7ffd9ea00000 obj:[0x7ffd9ea00000-0x7ffdbbec0000]
:3:rocvirtual.cpp           :853 : 1568685103159 us:  Arg3:   = val:12288
:3:rocvirtual.cpp           :762 : 1568685103240 us:  Arg4:   = ptr:0x7ffec4a00000
:3:rocvirtual.cpp           :778 : 1568685103307 us:  Arg4:   = ptr:0x7ffec4a00000 obj:[0x7ffec4a00000-0x7ffec4a00024]
:3:rocvirtual.cpp           :3236: 1568685103386 us:  ShaderName : void dense_esuhm2<float>(float const*, float const*, float*, int, int const*)
:3:rocvirtual.cpp           :3449: 1568685103535 us:  KernargSegmentByteSize = 296 KernargSegmentAlignment = 128
:3:hip_module.cpp           :745 : 1568685103612 us:  hipLaunchKernel: Returned hipSuccess : : duration: 1075 us
:3:hip_device_runtime.cpp   :641 : 1568685103690 us:  [32m hipDeviceSynchronize (  ) [0m
:3:rocvirtual.cpp           :533 : 1568685103792 us:  Set Handler: handle(0x7fffd89fc080), timestamp(0xeff4e0)
:3:rocvirtual.hpp           :56  : 1568685103865 us:  Host active wait for Signal = (0x7fffd89fc080) for -1 ns
:3:hip_device_runtime.cpp   :645 : 1568685103970 us:  hipDeviceSynchronize: Returned hipSuccess : 
:3:hip_memory.cpp           :795 : 1568685104084 us:  [32m hipMemcpy ( 0x7ffe141bd010, 0x7ffd9ea00000, 491520000, hipMemcpyDeviceToHost ) [0m
:3:rocvirtual.hpp           :56  : 1568685104274 us:  Host active wait for Signal = (0x7fffd89fef00) for -1 ns
:3:rocvirtual.cpp           :226 : 1568685103876 us:  Handler: value(0), timestamp(0xd0abf0), handle(0x7fffd89fc080)
:3:rocvirtual.hpp           :56  : 1568685105556 us:  Host active wait for Signal = (0x7fffd89ff800) for -1 ns
:3:rocvirtual.hpp           :56  : 1568685106832 us:  Host active wait for Signal = (0x7fffd89fe600) for -1 ns
:3:rocvirtual.hpp           :56  : 1568685108109 us:  Host active wait for Signal = (0x7fffd89fef80) for -1 ns
:3:rocvirtual.hpp           :56  : 1568685109385 us:  Host active wait for Signal = (0x7fffd89fda00) for -1 ns
:3:rocvirtual.hpp           :56  : 1568685110660 us:  Host active wait for Signal = (0x7fffd89fdb00) for -1 ns
:3:rocvirtual.hpp           :56  : 1568685111937 us:  Host active wait for Signal = (0x7fffd89fe500) for -1 ns
:3:rocvirtual.hpp           :56  : 1568685113213 us:  Host active wait for Signal = (0x7fffd89ff680) for -1 ns
:3:rocvirtual.hpp           :56  : 1568685114488 us:  Host active wait for Signal = (0x7fffd89ff180) for -1 ns
:3:rocvirtual.hpp           :56  : 1568685115764 us:  Host active wait for Signal = (0x7fffd89ff380) for -1 ns
:3:rocvirtual.hpp           :56  : 1568685117040 us:  Host active wait for Signal = (0x7fffd89ff000) for -1 ns
:3:rocvirtual.hpp           :56  : 1568685118315 us:  Host active wait for Signal = (0x7fffd89ff080) for -1 ns
:3:rocvirtual.hpp           :56  : 1568685119590 us:  Host active wait for Signal = (0x7fffd89fdd00) for -1 ns
:3:rocvirtual.hpp           :56  : 1568685120865 us:  Host active wait for Signal = (0x7fffd89feb80) for -1 ns
:3:rocvirtual.hpp           :56  : 1568685122141 us:  Host active wait for Signal = (0x7fffd89fed80) for -1 ns
:3:rocvirtual.cpp           :533 : 1568685122971 us:  Set Handler: handle(0x7fffd89fd700), timestamp(0xe22dd0)
:3:rocvirtual.hpp           :56  : 1568685123070 us:  Host active wait for Signal = (0x7fffd89fd700) for -1 ns
:3:hip_memory.cpp           :796 : 1568685123165 us:  hipMemcpy: Returned hipSuccess : : duration: 19081 us
:3:hip_memory.cpp           :3476: 1568685123511 us:  [32m hipMemset ( 0x7ffd9ea00000, 0, 491520000 ) [0m
:3:rocvirtual.cpp           :762 : 1568685123614 us:  Arg0: void* buf = ptr:0x7ffd9ea00000
:3:rocvirtual.cpp           :778 : 1568685123722 us:  Arg0: void* buf = ptr:0x7ffd9ea00000 obj:[0x7ffd9ea00000-0x7ffdbbec0000]
:3:rocvirtual.cpp           :762 : 1568685123852 us:  Arg1: uchar* pattern = ptr:0x7ffec5600000
:3:rocvirtual.cpp           :853 : 1568685123936 us:  Arg2: uint pattern_size = val:1
:3:rocvirtual.cpp           :853 : 1568685124029 us:  Arg3: uint alignment = val:16
:3:rocvirtual.cpp           :853 : 1568685124116 us:  Arg4: ulong end_ptr = val:140727756259328
:3:rocvirtual.cpp           :853 : 1568685124230 us:  Arg5: uint next_chunk = val:28160
:3:rocvirtual.cpp           :3236: 1568685124349 us:  ShaderName : __amd_rocclr_fillBufferAligned
:3:rocvirtual.cpp           :3449: 1568685124425 us:  KernargSegmentByteSize = 296 KernargSegmentAlignment = 128
:3:rocvirtual.cpp           :226 : 1568685123083 us:  Handler: value(0), timestamp(0xefef10), handle(0x7fffd89fd700)
:3:hip_memory.cpp           :3477: 1568685124494 us:  hipMemset: Returned hipSuccess : 
:3:hip_device_runtime.cpp   :641 : 1568685124652 us:  [32m hipDeviceSynchronize (  ) [0m
:3:rocvirtual.cpp           :533 : 1568685124779 us:  Set Handler: handle(0x7fffd89fbf00), timestamp(0xdcebf0)
:3:rocvirtual.hpp           :56  : 1568685124851 us:  Host active wait for Signal = (0x7fffd89fbf00) for -1 ns
:3:hip_device_runtime.cpp   :645 : 1568685124946 us:  hipDeviceSynchronize: Returned hipSuccess : 
:3:hip_platform.cpp         :237 : 1568685125051 us:  [32m __hipPushCallConfiguration ( {8,1,1}, {1024,1,1}, 0, stream:<null> ) [0m
:3:hip_platform.cpp         :241 : 1568685125191 us:  __hipPushCallConfiguration: Returned hipSuccess : 
:3:hip_platform.cpp         :246 : 1568685125269 us:  [32m __hipPopCallConfiguration ( {3964667986,32767,1024}, {2118224,0,4294925520}, 0x7fffffff5a20, 0x7fffffff5a18 ) [0m
:3:hip_platform.cpp         :255 : 1568685125455 us:  __hipPopCallConfiguration: Returned hipSuccess : 
:3:hip_module.cpp           :744 : 1568685125525 us:  [32m hipLaunchKernel ( 0x200ff0, {8,1,1}, {1024,1,1}, 0x7fffffff59d0, 0, stream:<null> ) [0m
:3:rocvirtual.cpp           :762 : 1568685125673 us:  Arg0:   = ptr:0x7ffdbc200000
:3:rocvirtual.cpp           :778 : 1568685125783 us:  Arg0:   = ptr:0x7ffdbc200000 obj:[0x7ffdbc200000-0x7ffdd96c0000]
:3:rocvirtual.cpp           :762 : 1568685125852 us:  Arg1:   = ptr:0x7ffec4a27000
:3:rocvirtual.cpp           :778 : 1568685125921 us:  Arg1:   = ptr:0x7ffec4a27000 obj:[0x7ffec4a27000-0x7ffec4a87000]
:3:rocvirtual.cpp           :762 : 1568685126002 us:  Arg2:   = ptr:0x7ffd9ea00000
:3:rocvirtual.cpp           :778 : 1568685126075 us:  Arg2:   = ptr:0x7ffd9ea00000 obj:[0x7ffd9ea00000-0x7ffdbbec0000]
:3:rocvirtual.cpp           :853 : 1568685126140 us:  Arg3:   = val:12288
:3:rocvirtual.cpp           :762 : 1568685126212 us:  Arg4:   = ptr:0x7ffec4a00000
:3:rocvirtual.cpp           :778 : 1568685126282 us:  Arg4:   = ptr:0x7ffec4a00000 obj:[0x7ffec4a00000-0x7ffec4a00024]
:3:rocvirtual.cpp           :3236: 1568685126359 us:  ShaderName : void dense_esuhm3<float>(float const*, float const*, float*, int, int const*)
:3:rocvirtual.cpp           :3449: 1568685126513 us:  KernargSegmentByteSize = 296 KernargSegmentAlignment = 128
:3:hip_module.cpp           :745 : 1568685126587 us:  hipLaunchKernel: Returned hipSuccess : : duration: 1062 us
:3:hip_device_runtime.cpp   :641 : 1568685126659 us:  [32m hipDeviceSynchronize (  ) [0m
:3:rocvirtual.cpp           :226 : 1568685124948 us:  Handler: value(0), timestamp(0xeff5f0), handle(0x7fffd89fbf00)
:3:rocvirtual.cpp           :533 : 1568685126757 us:  Set Handler: handle(0x7fffd89fbe80), timestamp(0x732200)
:3:rocvirtual.hpp           :56  : 1568685126928 us:  Host active wait for Signal = (0x7fffd89fbe80) for -1 ns
:3:hip_device_runtime.cpp   :645 : 1568685127002 us:  hipDeviceSynchronize: Returned hipSuccess : 
:3:rocvirtual.cpp           :226 : 1568685127003 us:  Handler: value(0), timestamp(0x6e97a0), handle(0x7fffd89fbe80)
:3:hip_memory.cpp           :795 : 1568685127073 us:  [32m hipMemcpy ( 0x7ffdf6cfc010, 0x7ffd9ea00000, 491520000, hipMemcpyDeviceToHost ) [0m
:3:rocvirtual.hpp           :56  : 1568685127299 us:  Host active wait for Signal = (0x7fffd89fe480) for -1 ns
:3:rocvirtual.hpp           :56  : 1568685128581 us:  Host active wait for Signal = (0x7fffd89fe680) for -1 ns
:3:rocvirtual.hpp           :56  : 1568685129856 us:  Host active wait for Signal = (0x7fffd89fe880) for -1 ns
:3:rocvirtual.hpp           :56  : 1568685131132 us:  Host active wait for Signal = (0x7fffd89fe780) for -1 ns
:3:rocvirtual.hpp           :56  : 1568685132407 us:  Host active wait for Signal = (0x7fffd89fe580) for -1 ns
:3:rocvirtual.hpp           :56  : 1568685133682 us:  Host active wait for Signal = (0x7fffd89fdf00) for -1 ns
:3:rocvirtual.hpp           :56  : 1568685134958 us:  Host active wait for Signal = (0x7fffd89fe900) for -1 ns
:3:rocvirtual.hpp           :56  : 1568685136234 us:  Host active wait for Signal = (0x7fffd89fd980) for -1 ns
:3:rocvirtual.hpp           :56  : 1568685137510 us:  Host active wait for Signal = (0x7fffd89fde00) for -1 ns
:3:rocvirtual.hpp           :56  : 1568685138785 us:  Host active wait for Signal = (0x7fffd89fe980) for -1 ns
:3:rocvirtual.hpp           :56  : 1568685140060 us:  Host active wait for Signal = (0x7fffd89fe700) for -1 ns
:3:rocvirtual.hpp           :56  : 1568685141336 us:  Host active wait for Signal = (0x7fffd89fde80) for -1 ns
:3:rocvirtual.hpp           :56  : 1568685142611 us:  Host active wait for Signal = (0x7fffd89fe080) for -1 ns
:3:rocvirtual.hpp           :56  : 1568685143886 us:  Host active wait for Signal = (0x7fffd89fe000) for -1 ns
:3:rocvirtual.hpp           :56  : 1568685145162 us:  Host active wait for Signal = (0x7fffd89fe380) for -1 ns
:3:rocvirtual.cpp           :533 : 1568685145992 us:  Set Handler: handle(0x7fffd89fce80), timestamp(0xef3860)
:3:rocvirtual.hpp           :56  : 1568685146174 us:  Host active wait for Signal = (0x7fffd89fce80) for -1 ns
:3:hip_memory.cpp           :796 : 1568685146269 us:  hipMemcpy: Returned hipSuccess : : duration: 19196 us
:3:rocvirtual.cpp           :226 : 1568685146187 us:  Handler: value(0), timestamp(0x6e97a0), handle(0x7fffd89fce80)
:3:hip_memory.cpp           :772 : 1568685427524 us:  [32m hipFree ( 0x7ffdbc200000 ) [0m
:3:rocdevice.cpp            :2411: 1568685427989 us:  Device=0x6e3170, freeMem_ = 0xfe1adffdc
:3:hip_memory.cpp           :774 : 1568685428303 us:  hipFree: Returned hipSuccess : 
:3:hip_memory.cpp           :772 : 1568685428509 us:  [32m hipFree ( 0x7ffec4a27000 ) [0m
:3:rocdevice.cpp            :2411: 1568685428641 us:  Device=0x6e3170, freeMem_ = 0xfe1b3ffdc
:3:hip_memory.cpp           :774 : 1568685428810 us:  hipFree: Returned hipSuccess : 
:3:hip_memory.cpp           :772 : 1568685428935 us:  [32m hipFree ( 0x7ffd9ea00000 ) [0m
:3:rocdevice.cpp            :2411: 1568685429114 us:  Device=0x6e3170, freeMem_ = 0xffeffffdc
:3:hip_memory.cpp           :774 : 1568685429238 us:  hipFree: Returned hipSuccess : 
:3:hip_memory.cpp           :772 : 1568685429394 us:  [32m hipFree ( 0x7ffec4a00000 ) [0m
:3:rocdevice.cpp            :2411: 1568685429499 us:  Device=0x6e3170, freeMem_ = 0xfff000000
:3:hip_memory.cpp           :774 : 1568685429593 us:  hipFree: Returned hipSuccess : 
:3:rocdevice.cpp            :3254: 1568685496095 us:  releaseQueue refCount:0x7ffec5800000 (0)
:3:rocdevice.cpp            :278 : 1568685497171 us:  Deleting hostcall buffer 0x7ffe94600000 for hardware queue 0x7ffec5800000
:3:devhostcall.cpp          :460 : 1568685497471 us:  Terminated hostcall listener
:3:rocdevice.cpp            :283 : 1568685498477 us:  Deleting hardware queue 0x7ffec5800000 with refCount 0
