site_id,site_class,opcode,type_kind,bitwidth,operand_index,function,source_file,source_line,source_column,signature_ordinal,semantic_key
1,result,call,int,64,-1,__assert_fail,/opt/rocm-6.4.2/include/hip/amd_detail/hip_assert.h,68,14,1,__assert_fail|result|call|int|64|-1|/opt/rocm-6.4.2/include/hip/amd_detail/hip_assert.h|68|14|1
2,result,load,int,8,-1,__assert_fail,/opt/rocm-6.4.2/include/hip/amd_detail/hip_assert.h,70,3,1,__assert_fail|result|load|int|8|-1|/opt/rocm-6.4.2/include/hip/amd_detail/hip_assert.h|70|3|1
3,pointer,load,ptr,64,0,__assert_fail,/opt/rocm-6.4.2/include/hip/amd_detail/hip_assert.h,70,3,1,__assert_fail|pointer|load|ptr|64|0|/opt/rocm-6.4.2/include/hip/amd_detail/hip_assert.h|70|3|1
4,result,icmp,int,1,-1,__assert_fail,/opt/rocm-6.4.2/include/hip/amd_detail/hip_assert.h,70,3,1,__assert_fail|result|icmp|int|1|-1|/opt/rocm-6.4.2/include/hip/amd_detail/hip_assert.h|70|3|1
5,operand,icmp,int,8,0,__assert_fail,/opt/rocm-6.4.2/include/hip/amd_detail/hip_assert.h,70,3,1,__assert_fail|operand|icmp|int|8|0|/opt/rocm-6.4.2/include/hip/amd_detail/hip_assert.h|70|3|1
6,result,ptrtoint,int,64,-1,__assert_fail,/opt/rocm-6.4.2/include/hip/amd_detail/hip_assert.h,70,3,1,__assert_fail|result|ptrtoint|int|64|-1|/opt/rocm-6.4.2/include/hip/amd_detail/hip_assert.h|70|3|1
7,pointer,ptrtoint,ptr,64,0,__assert_fail,/opt/rocm-6.4.2/include/hip/amd_detail/hip_assert.h,70,3,1,__assert_fail|pointer|ptrtoint|ptr|64|0|/opt/rocm-6.4.2/include/hip/amd_detail/hip_assert.h|70|3|1
8,result,ptrtoint,int,64,-1,__assert_fail,/opt/rocm-6.4.2/include/hip/amd_detail/hip_assert.h,70,3,2,__assert_fail|result|ptrtoint|int|64|-1|/opt/rocm-6.4.2/include/hip/amd_detail/hip_assert.h|70|3|2
9,pointer,ptrtoint,ptr,64,0,__assert_fail,/opt/rocm-6.4.2/include/hip/amd_detail/hip_assert.h,70,3,2,__assert_fail|pointer|ptrtoint|ptr|64|0|/opt/rocm-6.4.2/include/hip/amd_detail/hip_assert.h|70|3|2
10,result,sub,int,64,-1,__assert_fail,/opt/rocm-6.4.2/include/hip/amd_detail/hip_assert.h,70,3,1,__assert_fail|result|sub|int|64|-1|/opt/rocm-6.4.2/include/hip/amd_detail/hip_assert.h|70|3|1
11,operand,sub,int,64,0,__assert_fail,/opt/rocm-6.4.2/include/hip/amd_detail/hip_assert.h,70,3,1,__assert_fail|operand|sub|int|64|0|/opt/rocm-6.4.2/include/hip/amd_detail/hip_assert.h|70|3|1
12,operand,sub,int,64,1,__assert_fail,/opt/rocm-6.4.2/include/hip/amd_detail/hip_assert.h,70,3,1,__assert_fail|operand|sub|int|64|1|/opt/rocm-6.4.2/include/hip/amd_detail/hip_assert.h|70|3|1
13,result,trunc,int,32,-1,__assert_fail,/opt/rocm-6.4.2/include/hip/amd_detail/hip_assert.h,70,3,1,__assert_fail|result|trunc|int|32|-1|/opt/rocm-6.4.2/include/hip/amd_detail/hip_assert.h|70|3|1
14,operand,trunc,int,64,0,__assert_fail,/opt/rocm-6.4.2/include/hip/amd_detail/hip_assert.h,70,3,1,__assert_fail|operand|trunc|int|64|0|/opt/rocm-6.4.2/include/hip/amd_detail/hip_assert.h|70|3|1
15,result,load,int,64,-1,__assert_fail,/opt/rocm-6.4.2/include/hip/amd_detail/hip_assert.h,71,40,1,__assert_fail|result|load|int|64|-1|/opt/rocm-6.4.2/include/hip/amd_detail/hip_assert.h|71|40|1
16,pointer,load,ptr,64,0,__assert_fail,/opt/rocm-6.4.2/include/hip/amd_detail/hip_assert.h,71,40,2,__assert_fail|pointer|load|ptr|64|0|/opt/rocm-6.4.2/include/hip/amd_detail/hip_assert.h|71|40|2
17,result,load,int,32,-1,__assert_fail,/opt/rocm-6.4.2/include/hip/amd_detail/hip_assert.h,71,50,1,__assert_fail|result|load|int|32|-1|/opt/rocm-6.4.2/include/hip/amd_detail/hip_assert.h|71|50|1
18,pointer,load,ptr,64,0,__assert_fail,/opt/rocm-6.4.2/include/hip/amd_detail/hip_assert.h,71,50,3,__assert_fail|pointer|load|ptr|64|0|/opt/rocm-6.4.2/include/hip/amd_detail/hip_assert.h|71|50|3
19,result,sext,int,64,-1,__assert_fail,/opt/rocm-6.4.2/include/hip/amd_detail/hip_assert.h,71,50,1,__assert_fail|result|sext|int|64|-1|/opt/rocm-6.4.2/include/hip/amd_detail/hip_assert.h|71|50|1
20,operand,sext,int,32,0,__assert_fail,/opt/rocm-6.4.2/include/hip/amd_detail/hip_assert.h,71,50,1,__assert_fail|operand|sext|int|32|0|/opt/rocm-6.4.2/include/hip/amd_detail/hip_assert.h|71|50|1
21,result,call,int,64,-1,__assert_fail,/opt/rocm-6.4.2/include/hip/amd_detail/hip_assert.h,71,9,2,__assert_fail|result|call|int|64|-1|/opt/rocm-6.4.2/include/hip/amd_detail/hip_assert.h|71|9|2
22,operand,call,int,64,0,__assert_fail,/opt/rocm-6.4.2/include/hip/amd_detail/hip_assert.h,71,9,1,__assert_fail|operand|call|int|64|0|/opt/rocm-6.4.2/include/hip/amd_detail/hip_assert.h|71|9|1
23,pointer,call,ptr,64,1,__assert_fail,/opt/rocm-6.4.2/include/hip/amd_detail/hip_assert.h,71,9,1,__assert_fail|pointer|call|ptr|64|1|/opt/rocm-6.4.2/include/hip/amd_detail/hip_assert.h|71|9|1
24,operand,call,int,64,2,__assert_fail,/opt/rocm-6.4.2/include/hip/amd_detail/hip_assert.h,71,9,1,__assert_fail|operand|call|int|64|2|/opt/rocm-6.4.2/include/hip/amd_detail/hip_assert.h|71|9|1
25,result,load,int,8,-1,__assert_fail,/opt/rocm-6.4.2/include/hip/amd_detail/hip_assert.h,72,3,2,__assert_fail|result|load|int|8|-1|/opt/rocm-6.4.2/include/hip/amd_detail/hip_assert.h|72|3|2
26,pointer,load,ptr,64,0,__assert_fail,/opt/rocm-6.4.2/include/hip/amd_detail/hip_assert.h,72,3,4,__assert_fail|pointer|load|ptr|64|0|/opt/rocm-6.4.2/include/hip/amd_detail/hip_assert.h|72|3|4
27,result,icmp,int,1,-1,__assert_fail,/opt/rocm-6.4.2/include/hip/amd_detail/hip_assert.h,72,3,2,__assert_fail|result|icmp|int|1|-1|/opt/rocm-6.4.2/include/hip/amd_detail/hip_assert.h|72|3|2
28,operand,icmp,int,8,0,__assert_fail,/opt/rocm-6.4.2/include/hip/amd_detail/hip_assert.h,72,3,2,__assert_fail|operand|icmp|int|8|0|/opt/rocm-6.4.2/include/hip/amd_detail/hip_assert.h|72|3|2
29,result,ptrtoint,int,64,-1,__assert_fail,/opt/rocm-6.4.2/include/hip/amd_detail/hip_assert.h,72,3,3,__assert_fail|result|ptrtoint|int|64|-1|/opt/rocm-6.4.2/include/hip/amd_detail/hip_assert.h|72|3|3
30,pointer,ptrtoint,ptr,64,0,__assert_fail,/opt/rocm-6.4.2/include/hip/amd_detail/hip_assert.h,72,3,3,__assert_fail|pointer|ptrtoint|ptr|64|0|/opt/rocm-6.4.2/include/hip/amd_detail/hip_assert.h|72|3|3
31,result,ptrtoint,int,64,-1,__assert_fail,/opt/rocm-6.4.2/include/hip/amd_detail/hip_assert.h,72,3,4,__assert_fail|result|ptrtoint|int|64|-1|/opt/rocm-6.4.2/include/hip/amd_detail/hip_assert.h|72|3|4
32,pointer,ptrtoint,ptr,64,0,__assert_fail,/opt/rocm-6.4.2/include/hip/amd_detail/hip_assert.h,72,3,4,__assert_fail|pointer|ptrtoint|ptr|64|0|/opt/rocm-6.4.2/include/hip/amd_detail/hip_assert.h|72|3|4
33,result,sub,int,64,-1,__assert_fail,/opt/rocm-6.4.2/include/hip/amd_detail/hip_assert.h,72,3,2,__assert_fail|result|sub|int|64|-1|/opt/rocm-6.4.2/include/hip/amd_detail/hip_assert.h|72|3|2
34,operand,sub,int,64,0,__assert_fail,/opt/rocm-6.4.2/include/hip/amd_detail/hip_assert.h,72,3,2,__assert_fail|operand|sub|int|64|0|/opt/rocm-6.4.2/include/hip/amd_detail/hip_assert.h|72|3|2
35,operand,sub,int,64,1,__assert_fail,/opt/rocm-6.4.2/include/hip/amd_detail/hip_assert.h,72,3,2,__assert_fail|operand|sub|int|64|1|/opt/rocm-6.4.2/include/hip/amd_detail/hip_assert.h|72|3|2
36,result,trunc,int,32,-1,__assert_fail,/opt/rocm-6.4.2/include/hip/amd_detail/hip_assert.h,72,3,2,__assert_fail|result|trunc|int|32|-1|/opt/rocm-6.4.2/include/hip/amd_detail/hip_assert.h|72|3|2
37,operand,trunc,int,64,0,__assert_fail,/opt/rocm-6.4.2/include/hip/amd_detail/hip_assert.h,72,3,2,__assert_fail|operand|trunc|int|64|0|/opt/rocm-6.4.2/include/hip/amd_detail/hip_assert.h|72|3|2
38,result,load,int,64,-1,__assert_fail,/opt/rocm-6.4.2/include/hip/amd_detail/hip_assert.h,73,40,2,__assert_fail|result|load|int|64|-1|/opt/rocm-6.4.2/include/hip/amd_detail/hip_assert.h|73|40|2
39,pointer,load,ptr,64,0,__assert_fail,/opt/rocm-6.4.2/include/hip/amd_detail/hip_assert.h,73,40,5,__assert_fail|pointer|load|ptr|64|0|/opt/rocm-6.4.2/include/hip/amd_detail/hip_assert.h|73|40|5
40,result,load,int,32,-1,__assert_fail,/opt/rocm-6.4.2/include/hip/amd_detail/hip_assert.h,73,51,2,__assert_fail|result|load|int|32|-1|/opt/rocm-6.4.2/include/hip/amd_detail/hip_assert.h|73|51|2
41,pointer,load,ptr,64,0,__assert_fail,/opt/rocm-6.4.2/include/hip/amd_detail/hip_assert.h,73,51,6,__assert_fail|pointer|load|ptr|64|0|/opt/rocm-6.4.2/include/hip/amd_detail/hip_assert.h|73|51|6
42,result,sext,int,64,-1,__assert_fail,/opt/rocm-6.4.2/include/hip/amd_detail/hip_assert.h,73,51,2,__assert_fail|result|sext|int|64|-1|/opt/rocm-6.4.2/include/hip/amd_detail/hip_assert.h|73|51|2
43,operand,sext,int,32,0,__assert_fail,/opt/rocm-6.4.2/include/hip/amd_detail/hip_assert.h,73,51,2,__assert_fail|operand|sext|int|32|0|/opt/rocm-6.4.2/include/hip/amd_detail/hip_assert.h|73|51|2
44,result,call,int,64,-1,__assert_fail,/opt/rocm-6.4.2/include/hip/amd_detail/hip_assert.h,73,9,3,__assert_fail|result|call|int|64|-1|/opt/rocm-6.4.2/include/hip/amd_detail/hip_assert.h|73|9|3
45,operand,call,int,64,0,__assert_fail,/opt/rocm-6.4.2/include/hip/amd_detail/hip_assert.h,73,9,2,__assert_fail|operand|call|int|64|0|/opt/rocm-6.4.2/include/hip/amd_detail/hip_assert.h|73|9|2
46,pointer,call,ptr,64,1,__assert_fail,/opt/rocm-6.4.2/include/hip/amd_detail/hip_assert.h,73,9,2,__assert_fail|pointer|call|ptr|64|1|/opt/rocm-6.4.2/include/hip/amd_detail/hip_assert.h|73|9|2
47,operand,call,int,64,2,__assert_fail,/opt/rocm-6.4.2/include/hip/amd_detail/hip_assert.h,73,9,2,__assert_fail|operand|call|int|64|2|/opt/rocm-6.4.2/include/hip/amd_detail/hip_assert.h|73|9|2
48,result,load,int,64,-1,__assert_fail,/opt/rocm-6.4.2/include/hip/amd_detail/hip_assert.h,74,36,3,__assert_fail|result|load|int|64|-1|/opt/rocm-6.4.2/include/hip/amd_detail/hip_assert.h|74|36|3
49,pointer,load,ptr,64,0,__assert_fail,/opt/rocm-6.4.2/include/hip/amd_detail/hip_assert.h,74,36,7,__assert_fail|pointer|load|ptr|64|0|/opt/rocm-6.4.2/include/hip/amd_detail/hip_assert.h|74|36|7
50,result,load,int,32,-1,__assert_fail,/opt/rocm-6.4.2/include/hip/amd_detail/hip_assert.h,74,44,3,__assert_fail|result|load|int|32|-1|/opt/rocm-6.4.2/include/hip/amd_detail/hip_assert.h|74|44|3
51,pointer,load,ptr,64,0,__assert_fail,/opt/rocm-6.4.2/include/hip/amd_detail/hip_assert.h,74,44,8,__assert_fail|pointer|load|ptr|64|0|/opt/rocm-6.4.2/include/hip/amd_detail/hip_assert.h|74|44|8
52,result,zext,int,64,-1,__assert_fail,/opt/rocm-6.4.2/include/hip/amd_detail/hip_assert.h,74,44,1,__assert_fail|result|zext|int|64|-1|/opt/rocm-6.4.2/include/hip/amd_detail/hip_assert.h|74|44|1
53,operand,zext,int,32,0,__assert_fail,/opt/rocm-6.4.2/include/hip/amd_detail/hip_assert.h,74,44,1,__assert_fail|operand|zext|int|32|0|/opt/rocm-6.4.2/include/hip/amd_detail/hip_assert.h|74|44|1
54,result,call,int,64,-1,__assert_fail,/opt/rocm-6.4.2/include/hip/amd_detail/hip_assert.h,74,9,4,__assert_fail|result|call|int|64|-1|/opt/rocm-6.4.2/include/hip/amd_detail/hip_assert.h|74|9|4
55,operand,call,int,64,0,__assert_fail,/opt/rocm-6.4.2/include/hip/amd_detail/hip_assert.h,74,9,3,__assert_fail|operand|call|int|64|0|/opt/rocm-6.4.2/include/hip/amd_detail/hip_assert.h|74|9|3
56,operand,call,int,64,2,__assert_fail,/opt/rocm-6.4.2/include/hip/amd_detail/hip_assert.h,74,9,3,__assert_fail|operand|call|int|64|2|/opt/rocm-6.4.2/include/hip/amd_detail/hip_assert.h|74|9|3
57,result,load,int,8,-1,__assert_fail,/opt/rocm-6.4.2/include/hip/amd_detail/hip_assert.h,75,3,3,__assert_fail|result|load|int|8|-1|/opt/rocm-6.4.2/include/hip/amd_detail/hip_assert.h|75|3|3
58,pointer,load,ptr,64,0,__assert_fail,/opt/rocm-6.4.2/include/hip/amd_detail/hip_assert.h,75,3,9,__assert_fail|pointer|load|ptr|64|0|/opt/rocm-6.4.2/include/hip/amd_detail/hip_assert.h|75|3|9
59,result,icmp,int,1,-1,__assert_fail,/opt/rocm-6.4.2/include/hip/amd_detail/hip_assert.h,75,3,3,__assert_fail|result|icmp|int|1|-1|/opt/rocm-6.4.2/include/hip/amd_detail/hip_assert.h|75|3|3
60,operand,icmp,int,8,0,__assert_fail,/opt/rocm-6.4.2/include/hip/amd_detail/hip_assert.h,75,3,3,__assert_fail|operand|icmp|int|8|0|/opt/rocm-6.4.2/include/hip/amd_detail/hip_assert.h|75|3|3
61,result,ptrtoint,int,64,-1,__assert_fail,/opt/rocm-6.4.2/include/hip/amd_detail/hip_assert.h,75,3,5,__assert_fail|result|ptrtoint|int|64|-1|/opt/rocm-6.4.2/include/hip/amd_detail/hip_assert.h|75|3|5
62,pointer,ptrtoint,ptr,64,0,__assert_fail,/opt/rocm-6.4.2/include/hip/amd_detail/hip_assert.h,75,3,5,__assert_fail|pointer|ptrtoint|ptr|64|0|/opt/rocm-6.4.2/include/hip/amd_detail/hip_assert.h|75|3|5
63,result,ptrtoint,int,64,-1,__assert_fail,/opt/rocm-6.4.2/include/hip/amd_detail/hip_assert.h,75,3,6,__assert_fail|result|ptrtoint|int|64|-1|/opt/rocm-6.4.2/include/hip/amd_detail/hip_assert.h|75|3|6
64,pointer,ptrtoint,ptr,64,0,__assert_fail,/opt/rocm-6.4.2/include/hip/amd_detail/hip_assert.h,75,3,6,__assert_fail|pointer|ptrtoint|ptr|64|0|/opt/rocm-6.4.2/include/hip/amd_detail/hip_assert.h|75|3|6
65,result,sub,int,64,-1,__assert_fail,/opt/rocm-6.4.2/include/hip/amd_detail/hip_assert.h,75,3,3,__assert_fail|result|sub|int|64|-1|/opt/rocm-6.4.2/include/hip/amd_detail/hip_assert.h|75|3|3
66,operand,sub,int,64,0,__assert_fail,/opt/rocm-6.4.2/include/hip/amd_detail/hip_assert.h,75,3,3,__assert_fail|operand|sub|int|64|0|/opt/rocm-6.4.2/include/hip/amd_detail/hip_assert.h|75|3|3
67,operand,sub,int,64,1,__assert_fail,/opt/rocm-6.4.2/include/hip/amd_detail/hip_assert.h,75,3,3,__assert_fail|operand|sub|int|64|1|/opt/rocm-6.4.2/include/hip/amd_detail/hip_assert.h|75|3|3
68,result,trunc,int,32,-1,__assert_fail,/opt/rocm-6.4.2/include/hip/amd_detail/hip_assert.h,75,3,3,__assert_fail|result|trunc|int|32|-1|/opt/rocm-6.4.2/include/hip/amd_detail/hip_assert.h|75|3|3
69,operand,trunc,int,64,0,__assert_fail,/opt/rocm-6.4.2/include/hip/amd_detail/hip_assert.h,75,3,3,__assert_fail|operand|trunc|int|64|0|/opt/rocm-6.4.2/include/hip/amd_detail/hip_assert.h|75|3|3
70,result,load,int,64,-1,__assert_fail,/opt/rocm-6.4.2/include/hip/amd_detail/hip_assert.h,76,40,4,__assert_fail|result|load|int|64|-1|/opt/rocm-6.4.2/include/hip/amd_detail/hip_assert.h|76|40|4
71,pointer,load,ptr,64,0,__assert_fail,/opt/rocm-6.4.2/include/hip/amd_detail/hip_assert.h,76,40,10,__assert_fail|pointer|load|ptr|64|0|/opt/rocm-6.4.2/include/hip/amd_detail/hip_assert.h|76|40|10
72,result,load,int,32,-1,__assert_fail,/opt/rocm-6.4.2/include/hip/amd_detail/hip_assert.h,76,55,4,__assert_fail|result|load|int|32|-1|/opt/rocm-6.4.2/include/hip/amd_detail/hip_assert.h|76|55|4
73,pointer,load,ptr,64,0,__assert_fail,/opt/rocm-6.4.2/include/hip/amd_detail/hip_assert.h,76,55,11,__assert_fail|pointer|load|ptr|64|0|/opt/rocm-6.4.2/include/hip/amd_detail/hip_assert.h|76|55|11
74,result,sext,int,64,-1,__assert_fail,/opt/rocm-6.4.2/include/hip/amd_detail/hip_assert.h,76,55,3,__assert_fail|result|sext|int|64|-1|/opt/rocm-6.4.2/include/hip/amd_detail/hip_assert.h|76|55|3
75,operand,sext,int,32,0,__assert_fail,/opt/rocm-6.4.2/include/hip/amd_detail/hip_assert.h,76,55,3,__assert_fail|operand|sext|int|32|0|/opt/rocm-6.4.2/include/hip/amd_detail/hip_assert.h|76|55|3
76,result,call,int,64,-1,__assert_fail,/opt/rocm-6.4.2/include/hip/amd_detail/hip_assert.h,76,9,5,__assert_fail|result|call|int|64|-1|/opt/rocm-6.4.2/include/hip/amd_detail/hip_assert.h|76|9|5
77,operand,call,int,64,0,__assert_fail,/opt/rocm-6.4.2/include/hip/amd_detail/hip_assert.h,76,9,4,__assert_fail|operand|call|int|64|0|/opt/rocm-6.4.2/include/hip/amd_detail/hip_assert.h|76|9|4
78,pointer,call,ptr,64,1,__assert_fail,/opt/rocm-6.4.2/include/hip/amd_detail/hip_assert.h,76,9,3,__assert_fail|pointer|call|ptr|64|1|/opt/rocm-6.4.2/include/hip/amd_detail/hip_assert.h|76|9|3
79,operand,call,int,64,2,__assert_fail,/opt/rocm-6.4.2/include/hip/amd_detail/hip_assert.h,76,9,4,__assert_fail|operand|call|int|64|2|/opt/rocm-6.4.2/include/hip/amd_detail/hip_assert.h|76|9|4
80,result,load,int,8,-1,__assert_fail,/opt/rocm-6.4.2/include/hip/amd_detail/hip_assert.h,77,3,4,__assert_fail|result|load|int|8|-1|/opt/rocm-6.4.2/include/hip/amd_detail/hip_assert.h|77|3|4
81,pointer,load,ptr,64,0,__assert_fail,/opt/rocm-6.4.2/include/hip/amd_detail/hip_assert.h,77,3,12,__assert_fail|pointer|load|ptr|64|0|/opt/rocm-6.4.2/include/hip/amd_detail/hip_assert.h|77|3|12
82,result,icmp,int,1,-1,__assert_fail,/opt/rocm-6.4.2/include/hip/amd_detail/hip_assert.h,77,3,4,__assert_fail|result|icmp|int|1|-1|/opt/rocm-6.4.2/include/hip/amd_detail/hip_assert.h|77|3|4
83,operand,icmp,int,8,0,__assert_fail,/opt/rocm-6.4.2/include/hip/amd_detail/hip_assert.h,77,3,4,__assert_fail|operand|icmp|int|8|0|/opt/rocm-6.4.2/include/hip/amd_detail/hip_assert.h|77|3|4
84,result,ptrtoint,int,64,-1,__assert_fail,/opt/rocm-6.4.2/include/hip/amd_detail/hip_assert.h,77,3,7,__assert_fail|result|ptrtoint|int|64|-1|/opt/rocm-6.4.2/include/hip/amd_detail/hip_assert.h|77|3|7
85,pointer,ptrtoint,ptr,64,0,__assert_fail,/opt/rocm-6.4.2/include/hip/amd_detail/hip_assert.h,77,3,7,__assert_fail|pointer|ptrtoint|ptr|64|0|/opt/rocm-6.4.2/include/hip/amd_detail/hip_assert.h|77|3|7
86,result,ptrtoint,int,64,-1,__assert_fail,/opt/rocm-6.4.2/include/hip/amd_detail/hip_assert.h,77,3,8,__assert_fail|result|ptrtoint|int|64|-1|/opt/rocm-6.4.2/include/hip/amd_detail/hip_assert.h|77|3|8
87,pointer,ptrtoint,ptr,64,0,__assert_fail,/opt/rocm-6.4.2/include/hip/amd_detail/hip_assert.h,77,3,8,__assert_fail|pointer|ptrtoint|ptr|64|0|/opt/rocm-6.4.2/include/hip/amd_detail/hip_assert.h|77|3|8
88,result,sub,int,64,-1,__assert_fail,/opt/rocm-6.4.2/include/hip/amd_detail/hip_assert.h,77,3,4,__assert_fail|result|sub|int|64|-1|/opt/rocm-6.4.2/include/hip/amd_detail/hip_assert.h|77|3|4
89,operand,sub,int,64,0,__assert_fail,/opt/rocm-6.4.2/include/hip/amd_detail/hip_assert.h,77,3,4,__assert_fail|operand|sub|int|64|0|/opt/rocm-6.4.2/include/hip/amd_detail/hip_assert.h|77|3|4
90,operand,sub,int,64,1,__assert_fail,/opt/rocm-6.4.2/include/hip/amd_detail/hip_assert.h,77,3,4,__assert_fail|operand|sub|int|64|1|/opt/rocm-6.4.2/include/hip/amd_detail/hip_assert.h|77|3|4
91,result,trunc,int,32,-1,__assert_fail,/opt/rocm-6.4.2/include/hip/amd_detail/hip_assert.h,77,3,4,__assert_fail|result|trunc|int|32|-1|/opt/rocm-6.4.2/include/hip/amd_detail/hip_assert.h|77|3|4
92,operand,trunc,int,64,0,__assert_fail,/opt/rocm-6.4.2/include/hip/amd_detail/hip_assert.h,77,3,4,__assert_fail|operand|trunc|int|64|0|/opt/rocm-6.4.2/include/hip/amd_detail/hip_assert.h|77|3|4
93,result,load,int,64,-1,__assert_fail,/opt/rocm-6.4.2/include/hip/amd_detail/hip_assert.h,78,34,5,__assert_fail|result|load|int|64|-1|/opt/rocm-6.4.2/include/hip/amd_detail/hip_assert.h|78|34|5
94,pointer,load,ptr,64,0,__assert_fail,/opt/rocm-6.4.2/include/hip/amd_detail/hip_assert.h,78,34,13,__assert_fail|pointer|load|ptr|64|0|/opt/rocm-6.4.2/include/hip/amd_detail/hip_assert.h|78|34|13
95,result,load,int,32,-1,__assert_fail,/opt/rocm-6.4.2/include/hip/amd_detail/hip_assert.h,78,50,5,__assert_fail|result|load|int|32|-1|/opt/rocm-6.4.2/include/hip/amd_detail/hip_assert.h|78|50|5
96,pointer,load,ptr,64,0,__assert_fail,/opt/rocm-6.4.2/include/hip/amd_detail/hip_assert.h,78,50,14,__assert_fail|pointer|load|ptr|64|0|/opt/rocm-6.4.2/include/hip/amd_detail/hip_assert.h|78|50|14
97,result,sext,int,64,-1,__assert_fail,/opt/rocm-6.4.2/include/hip/amd_detail/hip_assert.h,78,50,4,__assert_fail|result|sext|int|64|-1|/opt/rocm-6.4.2/include/hip/amd_detail/hip_assert.h|78|50|4
98,operand,sext,int,32,0,__assert_fail,/opt/rocm-6.4.2/include/hip/amd_detail/hip_assert.h,78,50,4,__assert_fail|operand|sext|int|32|0|/opt/rocm-6.4.2/include/hip/amd_detail/hip_assert.h|78|50|4
99,result,call,int,64,-1,__assert_fail,/opt/rocm-6.4.2/include/hip/amd_detail/hip_assert.h,78,3,6,__assert_fail|result|call|int|64|-1|/opt/rocm-6.4.2/include/hip/amd_detail/hip_assert.h|78|3|6
100,operand,call,int,64,0,__assert_fail,/opt/rocm-6.4.2/include/hip/amd_detail/hip_assert.h,78,3,5,__assert_fail|operand|call|int|64|0|/opt/rocm-6.4.2/include/hip/amd_detail/hip_assert.h|78|3|5
101,pointer,call,ptr,64,1,__assert_fail,/opt/rocm-6.4.2/include/hip/amd_detail/hip_assert.h,78,3,4,__assert_fail|pointer|call|ptr|64|1|/opt/rocm-6.4.2/include/hip/amd_detail/hip_assert.h|78|3|4
102,operand,call,int,64,2,__assert_fail,/opt/rocm-6.4.2/include/hip/amd_detail/hip_assert.h,78,3,5,__assert_fail|operand|call|int|64|2|/opt/rocm-6.4.2/include/hip/amd_detail/hip_assert.h|78|3|5
103,result,call,int,64,-1,_Z9AoSKernelILi4096EEvPK9AppleTreePi,/opt/rocm-6.4.2/include/hip/amd_detail/amd_hip_runtime.h,270,58,1,_Z9AoSKernelILi4096EEvPK9AppleTreePi|result|call|int|64|-1|/opt/rocm-6.4.2/include/hip/amd_detail/amd_hip_runtime.h|270|58|1
104,result,trunc,int,32,-1,_Z9AoSKernelILi4096EEvPK9AppleTreePi,/opt/rocm-6.4.2/include/hip/amd_detail/amd_hip_runtime.h,270,58,1,_Z9AoSKernelILi4096EEvPK9AppleTreePi|result|trunc|int|32|-1|/opt/rocm-6.4.2/include/hip/amd_detail/amd_hip_runtime.h|270|58|1
105,operand,trunc,int,64,0,_Z9AoSKernelILi4096EEvPK9AppleTreePi,/opt/rocm-6.4.2/include/hip/amd_detail/amd_hip_runtime.h,270,58,1,_Z9AoSKernelILi4096EEvPK9AppleTreePi|operand|trunc|int|64|0|/opt/rocm-6.4.2/include/hip/amd_detail/amd_hip_runtime.h|270|58|1
106,result,call,int,64,-1,_Z9AoSKernelILi4096EEvPK9AppleTreePi,/opt/rocm-6.4.2/include/hip/amd_detail/amd_hip_runtime.h,275,58,2,_Z9AoSKernelILi4096EEvPK9AppleTreePi|result|call|int|64|-1|/opt/rocm-6.4.2/include/hip/amd_detail/amd_hip_runtime.h|275|58|2
107,result,trunc,int,32,-1,_Z9AoSKernelILi4096EEvPK9AppleTreePi,/opt/rocm-6.4.2/include/hip/amd_detail/amd_hip_runtime.h,275,58,2,_Z9AoSKernelILi4096EEvPK9AppleTreePi|result|trunc|int|32|-1|/opt/rocm-6.4.2/include/hip/amd_detail/amd_hip_runtime.h|275|58|2
108,operand,trunc,int,64,0,_Z9AoSKernelILi4096EEvPK9AppleTreePi,/opt/rocm-6.4.2/include/hip/amd_detail/amd_hip_runtime.h,275,58,2,_Z9AoSKernelILi4096EEvPK9AppleTreePi|operand|trunc|int|64|0|/opt/rocm-6.4.2/include/hip/amd_detail/amd_hip_runtime.h|275|58|2
109,result,mul,int,32,-1,_Z9AoSKernelILi4096EEvPK9AppleTreePi,/autofs/nccs-svm1_home2/mdunlavy/GPU_Fault_Injection/HeCBench/src/layout-hip/main.cu,43,25,1,_Z9AoSKernelILi4096EEvPK9AppleTreePi|result|mul|int|32|-1|/autofs/nccs-svm1_home2/mdunlavy/GPU_Fault_Injection/HeCBench/src/layout-hip/main.cu|43|25|1
110,operand,mul,int,32,0,_Z9AoSKernelILi4096EEvPK9AppleTreePi,/autofs/nccs-svm1_home2/mdunlavy/GPU_Fault_Injection/HeCBench/src/layout-hip/main.cu,43,25,1,_Z9AoSKernelILi4096EEvPK9AppleTreePi|operand|mul|int|32|0|/autofs/nccs-svm1_home2/mdunlavy/GPU_Fault_Injection/HeCBench/src/layout-hip/main.cu|43|25|1
111,operand,mul,int,32,1,_Z9AoSKernelILi4096EEvPK9AppleTreePi,/autofs/nccs-svm1_home2/mdunlavy/GPU_Fault_Injection/HeCBench/src/layout-hip/main.cu,43,25,1,_Z9AoSKernelILi4096EEvPK9AppleTreePi|operand|mul|int|32|1|/autofs/nccs-svm1_home2/mdunlavy/GPU_Fault_Injection/HeCBench/src/layout-hip/main.cu|43|25|1
112,result,call,int,64,-1,_Z9AoSKernelILi4096EEvPK9AppleTreePi,/opt/rocm-6.4.2/include/hip/amd_detail/amd_hip_runtime.h,265,59,3,_Z9AoSKernelILi4096EEvPK9AppleTreePi|result|call|int|64|-1|/opt/rocm-6.4.2/include/hip/amd_detail/amd_hip_runtime.h|265|59|3
113,result,trunc,int,32,-1,_Z9AoSKernelILi4096EEvPK9AppleTreePi,/opt/rocm-6.4.2/include/hip/amd_detail/amd_hip_runtime.h,265,59,3,_Z9AoSKernelILi4096EEvPK9AppleTreePi|result|trunc|int|32|-1|/opt/rocm-6.4.2/include/hip/amd_detail/amd_hip_runtime.h|265|59|3
114,operand,trunc,int,64,0,_Z9AoSKernelILi4096EEvPK9AppleTreePi,/opt/rocm-6.4.2/include/hip/amd_detail/amd_hip_runtime.h,265,59,3,_Z9AoSKernelILi4096EEvPK9AppleTreePi|operand|trunc|int|64|0|/opt/rocm-6.4.2/include/hip/amd_detail/amd_hip_runtime.h|265|59|3
115,result,add,int,32,-1,_Z9AoSKernelILi4096EEvPK9AppleTreePi,/autofs/nccs-svm1_home2/mdunlavy/GPU_Fault_Injection/HeCBench/src/layout-hip/main.cu,43,38,1,_Z9AoSKernelILi4096EEvPK9AppleTreePi|result|add|int|32|-1|/autofs/nccs-svm1_home2/mdunlavy/GPU_Fault_Injection/HeCBench/src/layout-hip/main.cu|43|38|1
116,operand,add,int,32,0,_Z9AoSKernelILi4096EEvPK9AppleTreePi,/autofs/nccs-svm1_home2/mdunlavy/GPU_Fault_Injection/HeCBench/src/layout-hip/main.cu,43,38,1,_Z9AoSKernelILi4096EEvPK9AppleTreePi|operand|add|int|32|0|/autofs/nccs-svm1_home2/mdunlavy/GPU_Fault_Injection/HeCBench/src/layout-hip/main.cu|43|38|1
117,operand,add,int,32,1,_Z9AoSKernelILi4096EEvPK9AppleTreePi,/autofs/nccs-svm1_home2/mdunlavy/GPU_Fault_Injection/HeCBench/src/layout-hip/main.cu,43,38,1,_Z9AoSKernelILi4096EEvPK9AppleTreePi|operand|add|int|32|1|/autofs/nccs-svm1_home2/mdunlavy/GPU_Fault_Injection/HeCBench/src/layout-hip/main.cu|43|38|1
118,result,load,int,32,-1,_Z9AoSKernelILi4096EEvPK9AppleTreePi,/autofs/nccs-svm1_home2/mdunlavy/GPU_Fault_Injection/HeCBench/src/layout-hip/main.cu,45,18,1,_Z9AoSKernelILi4096EEvPK9AppleTreePi|result|load|int|32|-1|/autofs/nccs-svm1_home2/mdunlavy/GPU_Fault_Injection/HeCBench/src/layout-hip/main.cu|45|18|1
119,pointer,load,ptr,64,0,_Z9AoSKernelILi4096EEvPK9AppleTreePi,/autofs/nccs-svm1_home2/mdunlavy/GPU_Fault_Injection/HeCBench/src/layout-hip/main.cu,45,18,1,_Z9AoSKernelILi4096EEvPK9AppleTreePi|pointer|load|ptr|64|0|/autofs/nccs-svm1_home2/mdunlavy/GPU_Fault_Injection/HeCBench/src/layout-hip/main.cu|45|18|1
120,result,icmp,int,1,-1,_Z9AoSKernelILi4096EEvPK9AppleTreePi,/autofs/nccs-svm1_home2/mdunlavy/GPU_Fault_Injection/HeCBench/src/layout-hip/main.cu,45,20,1,_Z9AoSKernelILi4096EEvPK9AppleTreePi|result|icmp|int|1|-1|/autofs/nccs-svm1_home2/mdunlavy/GPU_Fault_Injection/HeCBench/src/layout-hip/main.cu|45|20|1
121,operand,icmp,int,32,0,_Z9AoSKernelILi4096EEvPK9AppleTreePi,/autofs/nccs-svm1_home2/mdunlavy/GPU_Fault_Injection/HeCBench/src/layout-hip/main.cu,45,20,1,_Z9AoSKernelILi4096EEvPK9AppleTreePi|operand|icmp|int|32|0|/autofs/nccs-svm1_home2/mdunlavy/GPU_Fault_Injection/HeCBench/src/layout-hip/main.cu|45|20|1
122,result,load,int,32,-1,_Z9AoSKernelILi4096EEvPK9AppleTreePi,/autofs/nccs-svm1_home2/mdunlavy/GPU_Fault_Injection/HeCBench/src/layout-hip/main.cu,47,18,2,_Z9AoSKernelILi4096EEvPK9AppleTreePi|result|load|int|32|-1|/autofs/nccs-svm1_home2/mdunlavy/GPU_Fault_Injection/HeCBench/src/layout-hip/main.cu|47|18|2
123,pointer,load,ptr,64,0,_Z9AoSKernelILi4096EEvPK9AppleTreePi,/autofs/nccs-svm1_home2/mdunlavy/GPU_Fault_Injection/HeCBench/src/layout-hip/main.cu,47,18,2,_Z9AoSKernelILi4096EEvPK9AppleTreePi|pointer|load|ptr|64|0|/autofs/nccs-svm1_home2/mdunlavy/GPU_Fault_Injection/HeCBench/src/layout-hip/main.cu|47|18|2
124,result,zext,int,64,-1,_Z9AoSKernelILi4096EEvPK9AppleTreePi,/autofs/nccs-svm1_home2/mdunlavy/GPU_Fault_Injection/HeCBench/src/layout-hip/main.cu,47,12,1,_Z9AoSKernelILi4096EEvPK9AppleTreePi|result|zext|int|64|-1|/autofs/nccs-svm1_home2/mdunlavy/GPU_Fault_Injection/HeCBench/src/layout-hip/main.cu|47|12|1
125,operand,zext,int,32,0,_Z9AoSKernelILi4096EEvPK9AppleTreePi,/autofs/nccs-svm1_home2/mdunlavy/GPU_Fault_Injection/HeCBench/src/layout-hip/main.cu,47,12,1,_Z9AoSKernelILi4096EEvPK9AppleTreePi|operand|zext|int|32|0|/autofs/nccs-svm1_home2/mdunlavy/GPU_Fault_Injection/HeCBench/src/layout-hip/main.cu|47|12|1
126,result,load,int,32,-1,_Z9AoSKernelILi4096EEvPK9AppleTreePi,/autofs/nccs-svm1_home2/mdunlavy/GPU_Fault_Injection/HeCBench/src/layout-hip/main.cu,47,30,3,_Z9AoSKernelILi4096EEvPK9AppleTreePi|result|load|int|32|-1|/autofs/nccs-svm1_home2/mdunlavy/GPU_Fault_Injection/HeCBench/src/layout-hip/main.cu|47|30|3
127,pointer,load,ptr,64,0,_Z9AoSKernelILi4096EEvPK9AppleTreePi,/autofs/nccs-svm1_home2/mdunlavy/GPU_Fault_Injection/HeCBench/src/layout-hip/main.cu,47,30,3,_Z9AoSKernelILi4096EEvPK9AppleTreePi|pointer|load|ptr|64|0|/autofs/nccs-svm1_home2/mdunlavy/GPU_Fault_Injection/HeCBench/src/layout-hip/main.cu|47|30|3
128,result,sext,int,64,-1,_Z9AoSKernelILi4096EEvPK9AppleTreePi,/autofs/nccs-svm1_home2/mdunlavy/GPU_Fault_Injection/HeCBench/src/layout-hip/main.cu,47,12,1,_Z9AoSKernelILi4096EEvPK9AppleTreePi|result|sext|int|64|-1|/autofs/nccs-svm1_home2/mdunlavy/GPU_Fault_Injection/HeCBench/src/layout-hip/main.cu|47|12|1
129,operand,sext,int,32,0,_Z9AoSKernelILi4096EEvPK9AppleTreePi,/autofs/nccs-svm1_home2/mdunlavy/GPU_Fault_Injection/HeCBench/src/layout-hip/main.cu,47,12,1,_Z9AoSKernelILi4096EEvPK9AppleTreePi|operand|sext|int|32|0|/autofs/nccs-svm1_home2/mdunlavy/GPU_Fault_Injection/HeCBench/src/layout-hip/main.cu|47|12|1
130,result,load,int,32,-1,_Z9AoSKernelILi4096EEvPK9AppleTreePi,/autofs/nccs-svm1_home2/mdunlavy/GPU_Fault_Injection/HeCBench/src/layout-hip/main.cu,47,12,4,_Z9AoSKernelILi4096EEvPK9AppleTreePi|result|load|int|32|-1|/autofs/nccs-svm1_home2/mdunlavy/GPU_Fault_Injection/HeCBench/src/layout-hip/main.cu|47|12|4
131,pointer,load,ptr,64,0,_Z9AoSKernelILi4096EEvPK9AppleTreePi,/autofs/nccs-svm1_home2/mdunlavy/GPU_Fault_Injection/HeCBench/src/layout-hip/main.cu,47,12,4,_Z9AoSKernelILi4096EEvPK9AppleTreePi|pointer|load|ptr|64|0|/autofs/nccs-svm1_home2/mdunlavy/GPU_Fault_Injection/HeCBench/src/layout-hip/main.cu|47|12|4
132,result,load,int,32,-1,_Z9AoSKernelILi4096EEvPK9AppleTreePi,/autofs/nccs-svm1_home2/mdunlavy/GPU_Fault_Injection/HeCBench/src/layout-hip/main.cu,47,9,5,_Z9AoSKernelILi4096EEvPK9AppleTreePi|result|load|int|32|-1|/autofs/nccs-svm1_home2/mdunlavy/GPU_Fault_Injection/HeCBench/src/layout-hip/main.cu|47|9|5
133,pointer,load,ptr,64,0,_Z9AoSKernelILi4096EEvPK9AppleTreePi,/autofs/nccs-svm1_home2/mdunlavy/GPU_Fault_Injection/HeCBench/src/layout-hip/main.cu,47,9,5,_Z9AoSKernelILi4096EEvPK9AppleTreePi|pointer|load|ptr|64|0|/autofs/nccs-svm1_home2/mdunlavy/GPU_Fault_Injection/HeCBench/src/layout-hip/main.cu|47|9|5
134,result,add,int,32,-1,_Z9AoSKernelILi4096EEvPK9AppleTreePi,/autofs/nccs-svm1_home2/mdunlavy/GPU_Fault_Injection/HeCBench/src/layout-hip/main.cu,47,9,2,_Z9AoSKernelILi4096EEvPK9AppleTreePi|result|add|int|32|-1|/autofs/nccs-svm1_home2/mdunlavy/GPU_Fault_Injection/HeCBench/src/layout-hip/main.cu|47|9|2
135,operand,add,int,32,0,_Z9AoSKernelILi4096EEvPK9AppleTreePi,/autofs/nccs-svm1_home2/mdunlavy/GPU_Fault_Injection/HeCBench/src/layout-hip/main.cu,47,9,2,_Z9AoSKernelILi4096EEvPK9AppleTreePi|operand|add|int|32|0|/autofs/nccs-svm1_home2/mdunlavy/GPU_Fault_Injection/HeCBench/src/layout-hip/main.cu|47|9|2
136,operand,add,int,32,1,_Z9AoSKernelILi4096EEvPK9AppleTreePi,/autofs/nccs-svm1_home2/mdunlavy/GPU_Fault_Injection/HeCBench/src/layout-hip/main.cu,47,9,2,_Z9AoSKernelILi4096EEvPK9AppleTreePi|operand|add|int|32|1|/autofs/nccs-svm1_home2/mdunlavy/GPU_Fault_Injection/HeCBench/src/layout-hip/main.cu|47|9|2
137,result,load,int,32,-1,_Z9AoSKernelILi4096EEvPK9AppleTreePi,/autofs/nccs-svm1_home2/mdunlavy/GPU_Fault_Injection/HeCBench/src/layout-hip/main.cu,45,33,6,_Z9AoSKernelILi4096EEvPK9AppleTreePi|result|load|int|32|-1|/autofs/nccs-svm1_home2/mdunlavy/GPU_Fault_Injection/HeCBench/src/layout-hip/main.cu|45|33|6
138,pointer,load,ptr,64,0,_Z9AoSKernelILi4096EEvPK9AppleTreePi,/autofs/nccs-svm1_home2/mdunlavy/GPU_Fault_Injection/HeCBench/src/layout-hip/main.cu,45,33,6,_Z9AoSKernelILi4096EEvPK9AppleTreePi|pointer|load|ptr|64|0|/autofs/nccs-svm1_home2/mdunlavy/GPU_Fault_Injection/HeCBench/src/layout-hip/main.cu|45|33|6
139,result,add,int,32,-1,_Z9AoSKernelILi4096EEvPK9AppleTreePi,/autofs/nccs-svm1_home2/mdunlavy/GPU_Fault_Injection/HeCBench/src/layout-hip/main.cu,45,33,3,_Z9AoSKernelILi4096EEvPK9AppleTreePi|result|add|int|32|-1|/autofs/nccs-svm1_home2/mdunlavy/GPU_Fault_Injection/HeCBench/src/layout-hip/main.cu|45|33|3
140,operand,add,int,32,0,_Z9AoSKernelILi4096EEvPK9AppleTreePi,/autofs/nccs-svm1_home2/mdunlavy/GPU_Fault_Injection/HeCBench/src/layout-hip/main.cu,45,33,3,_Z9AoSKernelILi4096EEvPK9AppleTreePi|operand|add|int|32|0|/autofs/nccs-svm1_home2/mdunlavy/GPU_Fault_Injection/HeCBench/src/layout-hip/main.cu|45|33|3
141,result,load,int,32,-1,_Z9AoSKernelILi4096EEvPK9AppleTreePi,/autofs/nccs-svm1_home2/mdunlavy/GPU_Fault_Injection/HeCBench/src/layout-hip/main.cu,49,17,7,_Z9AoSKernelILi4096EEvPK9AppleTreePi|result|load|int|32|-1|/autofs/nccs-svm1_home2/mdunlavy/GPU_Fault_Injection/HeCBench/src/layout-hip/main.cu|49|17|7
142,pointer,load,ptr,64,0,_Z9AoSKernelILi4096EEvPK9AppleTreePi,/autofs/nccs-svm1_home2/mdunlavy/GPU_Fault_Injection/HeCBench/src/layout-hip/main.cu,49,17,7,_Z9AoSKernelILi4096EEvPK9AppleTreePi|pointer|load|ptr|64|0|/autofs/nccs-svm1_home2/mdunlavy/GPU_Fault_Injection/HeCBench/src/layout-hip/main.cu|49|17|7
143,result,load,int,32,-1,_Z9AoSKernelILi4096EEvPK9AppleTreePi,/autofs/nccs-svm1_home2/mdunlavy/GPU_Fault_Injection/HeCBench/src/layout-hip/main.cu,49,10,8,_Z9AoSKernelILi4096EEvPK9AppleTreePi|result|load|int|32|-1|/autofs/nccs-svm1_home2/mdunlavy/GPU_Fault_Injection/HeCBench/src/layout-hip/main.cu|49|10|8
144,pointer,load,ptr,64,0,_Z9AoSKernelILi4096EEvPK9AppleTreePi,/autofs/nccs-svm1_home2/mdunlavy/GPU_Fault_Injection/HeCBench/src/layout-hip/main.cu,49,10,8,_Z9AoSKernelILi4096EEvPK9AppleTreePi|pointer|load|ptr|64|0|/autofs/nccs-svm1_home2/mdunlavy/GPU_Fault_Injection/HeCBench/src/layout-hip/main.cu|49|10|8
145,result,zext,int,64,-1,_Z9AoSKernelILi4096EEvPK9AppleTreePi,/autofs/nccs-svm1_home2/mdunlavy/GPU_Fault_Injection/HeCBench/src/layout-hip/main.cu,49,3,2,_Z9AoSKernelILi4096EEvPK9AppleTreePi|result|zext|int|64|-1|/autofs/nccs-svm1_home2/mdunlavy/GPU_Fault_Injection/HeCBench/src/layout-hip/main.cu|49|3|2
146,operand,zext,int,32,0,_Z9AoSKernelILi4096EEvPK9AppleTreePi,/autofs/nccs-svm1_home2/mdunlavy/GPU_Fault_Injection/HeCBench/src/layout-hip/main.cu,49,3,2,_Z9AoSKernelILi4096EEvPK9AppleTreePi|operand|zext|int|32|0|/autofs/nccs-svm1_home2/mdunlavy/GPU_Fault_Injection/HeCBench/src/layout-hip/main.cu|49|3|2
147,result,call,int,64,-1,_Z9SoAKernelILi4096EEvPK13ApplesOnTreesPi,/opt/rocm-6.4.2/include/hip/amd_detail/amd_hip_runtime.h,270,58,1,_Z9SoAKernelILi4096EEvPK13ApplesOnTreesPi|result|call|int|64|-1|/opt/rocm-6.4.2/include/hip/amd_detail/amd_hip_runtime.h|270|58|1
148,result,trunc,int,32,-1,_Z9SoAKernelILi4096EEvPK13ApplesOnTreesPi,/opt/rocm-6.4.2/include/hip/amd_detail/amd_hip_runtime.h,270,58,1,_Z9SoAKernelILi4096EEvPK13ApplesOnTreesPi|result|trunc|int|32|-1|/opt/rocm-6.4.2/include/hip/amd_detail/amd_hip_runtime.h|270|58|1
149,operand,trunc,int,64,0,_Z9SoAKernelILi4096EEvPK13ApplesOnTreesPi,/opt/rocm-6.4.2/include/hip/amd_detail/amd_hip_runtime.h,270,58,1,_Z9SoAKernelILi4096EEvPK13ApplesOnTreesPi|operand|trunc|int|64|0|/opt/rocm-6.4.2/include/hip/amd_detail/amd_hip_runtime.h|270|58|1
150,result,call,int,64,-1,_Z9SoAKernelILi4096EEvPK13ApplesOnTreesPi,/opt/rocm-6.4.2/include/hip/amd_detail/amd_hip_runtime.h,275,58,2,_Z9SoAKernelILi4096EEvPK13ApplesOnTreesPi|result|call|int|64|-1|/opt/rocm-6.4.2/include/hip/amd_detail/amd_hip_runtime.h|275|58|2
151,result,trunc,int,32,-1,_Z9SoAKernelILi4096EEvPK13ApplesOnTreesPi,/opt/rocm-6.4.2/include/hip/amd_detail/amd_hip_runtime.h,275,58,2,_Z9SoAKernelILi4096EEvPK13ApplesOnTreesPi|result|trunc|int|32|-1|/opt/rocm-6.4.2/include/hip/amd_detail/amd_hip_runtime.h|275|58|2
152,operand,trunc,int,64,0,_Z9SoAKernelILi4096EEvPK13ApplesOnTreesPi,/opt/rocm-6.4.2/include/hip/amd_detail/amd_hip_runtime.h,275,58,2,_Z9SoAKernelILi4096EEvPK13ApplesOnTreesPi|operand|trunc|int|64|0|/opt/rocm-6.4.2/include/hip/amd_detail/amd_hip_runtime.h|275|58|2
153,result,mul,int,32,-1,_Z9SoAKernelILi4096EEvPK13ApplesOnTreesPi,/autofs/nccs-svm1_home2/mdunlavy/GPU_Fault_Injection/HeCBench/src/layout-hip/main.cu,57,25,1,_Z9SoAKernelILi4096EEvPK13ApplesOnTreesPi|result|mul|int|32|-1|/autofs/nccs-svm1_home2/mdunlavy/GPU_Fault_Injection/HeCBench/src/layout-hip/main.cu|57|25|1
154,operand,mul,int,32,0,_Z9SoAKernelILi4096EEvPK13ApplesOnTreesPi,/autofs/nccs-svm1_home2/mdunlavy/GPU_Fault_Injection/HeCBench/src/layout-hip/main.cu,57,25,1,_Z9SoAKernelILi4096EEvPK13ApplesOnTreesPi|operand|mul|int|32|0|/autofs/nccs-svm1_home2/mdunlavy/GPU_Fault_Injection/HeCBench/src/layout-hip/main.cu|57|25|1
155,operand,mul,int,32,1,_Z9SoAKernelILi4096EEvPK13ApplesOnTreesPi,/autofs/nccs-svm1_home2/mdunlavy/GPU_Fault_Injection/HeCBench/src/layout-hip/main.cu,57,25,1,_Z9SoAKernelILi4096EEvPK13ApplesOnTreesPi|operand|mul|int|32|1|/autofs/nccs-svm1_home2/mdunlavy/GPU_Fault_Injection/HeCBench/src/layout-hip/main.cu|57|25|1
156,result,call,int,64,-1,_Z9SoAKernelILi4096EEvPK13ApplesOnTreesPi,/opt/rocm-6.4.2/include/hip/amd_detail/amd_hip_runtime.h,265,59,3,_Z9SoAKernelILi4096EEvPK13ApplesOnTreesPi|result|call|int|64|-1|/opt/rocm-6.4.2/include/hip/amd_detail/amd_hip_runtime.h|265|59|3
157,result,trunc,int,32,-1,_Z9SoAKernelILi4096EEvPK13ApplesOnTreesPi,/opt/rocm-6.4.2/include/hip/amd_detail/amd_hip_runtime.h,265,59,3,_Z9SoAKernelILi4096EEvPK13ApplesOnTreesPi|result|trunc|int|32|-1|/opt/rocm-6.4.2/include/hip/amd_detail/amd_hip_runtime.h|265|59|3
158,operand,trunc,int,64,0,_Z9SoAKernelILi4096EEvPK13ApplesOnTreesPi,/opt/rocm-6.4.2/include/hip/amd_detail/amd_hip_runtime.h,265,59,3,_Z9SoAKernelILi4096EEvPK13ApplesOnTreesPi|operand|trunc|int|64|0|/opt/rocm-6.4.2/include/hip/amd_detail/amd_hip_runtime.h|265|59|3
159,result,add,int,32,-1,_Z9SoAKernelILi4096EEvPK13ApplesOnTreesPi,/autofs/nccs-svm1_home2/mdunlavy/GPU_Fault_Injection/HeCBench/src/layout-hip/main.cu,57,38,1,_Z9SoAKernelILi4096EEvPK13ApplesOnTreesPi|result|add|int|32|-1|/autofs/nccs-svm1_home2/mdunlavy/GPU_Fault_Injection/HeCBench/src/layout-hip/main.cu|57|38|1
160,operand,add,int,32,0,_Z9SoAKernelILi4096EEvPK13ApplesOnTreesPi,/autofs/nccs-svm1_home2/mdunlavy/GPU_Fault_Injection/HeCBench/src/layout-hip/main.cu,57,38,1,_Z9SoAKernelILi4096EEvPK13ApplesOnTreesPi|operand|add|int|32|0|/autofs/nccs-svm1_home2/mdunlavy/GPU_Fault_Injection/HeCBench/src/layout-hip/main.cu|57|38|1
161,operand,add,int,32,1,_Z9SoAKernelILi4096EEvPK13ApplesOnTreesPi,/autofs/nccs-svm1_home2/mdunlavy/GPU_Fault_Injection/HeCBench/src/layout-hip/main.cu,57,38,1,_Z9SoAKernelILi4096EEvPK13ApplesOnTreesPi|operand|add|int|32|1|/autofs/nccs-svm1_home2/mdunlavy/GPU_Fault_Injection/HeCBench/src/layout-hip/main.cu|57|38|1
162,result,load,int,32,-1,_Z9SoAKernelILi4096EEvPK13ApplesOnTreesPi,/autofs/nccs-svm1_home2/mdunlavy/GPU_Fault_Injection/HeCBench/src/layout-hip/main.cu,59,18,1,_Z9SoAKernelILi4096EEvPK13ApplesOnTreesPi|result|load|int|32|-1|/autofs/nccs-svm1_home2/mdunlavy/GPU_Fault_Injection/HeCBench/src/layout-hip/main.cu|59|18|1
163,pointer,load,ptr,64,0,_Z9SoAKernelILi4096EEvPK13ApplesOnTreesPi,/autofs/nccs-svm1_home2/mdunlavy/GPU_Fault_Injection/HeCBench/src/layout-hip/main.cu,59,18,1,_Z9SoAKernelILi4096EEvPK13ApplesOnTreesPi|pointer|load|ptr|64|0|/autofs/nccs-svm1_home2/mdunlavy/GPU_Fault_Injection/HeCBench/src/layout-hip/main.cu|59|18|1
164,result,icmp,int,1,-1,_Z9SoAKernelILi4096EEvPK13ApplesOnTreesPi,/autofs/nccs-svm1_home2/mdunlavy/GPU_Fault_Injection/HeCBench/src/layout-hip/main.cu,59,20,1,_Z9SoAKernelILi4096EEvPK13ApplesOnTreesPi|result|icmp|int|1|-1|/autofs/nccs-svm1_home2/mdunlavy/GPU_Fault_Injection/HeCBench/src/layout-hip/main.cu|59|20|1
165,operand,icmp,int,32,0,_Z9SoAKernelILi4096EEvPK13ApplesOnTreesPi,/autofs/nccs-svm1_home2/mdunlavy/GPU_Fault_Injection/HeCBench/src/layout-hip/main.cu,59,20,1,_Z9SoAKernelILi4096EEvPK13ApplesOnTreesPi|operand|icmp|int|32|0|/autofs/nccs-svm1_home2/mdunlavy/GPU_Fault_Injection/HeCBench/src/layout-hip/main.cu|59|20|1
166,result,load,int,32,-1,_Z9SoAKernelILi4096EEvPK13ApplesOnTreesPi,/autofs/nccs-svm1_home2/mdunlavy/GPU_Fault_Injection/HeCBench/src/layout-hip/main.cu,61,26,2,_Z9SoAKernelILi4096EEvPK13ApplesOnTreesPi|result|load|int|32|-1|/autofs/nccs-svm1_home2/mdunlavy/GPU_Fault_Injection/HeCBench/src/layout-hip/main.cu|61|26|2
167,pointer,load,ptr,64,0,_Z9SoAKernelILi4096EEvPK13ApplesOnTreesPi,/autofs/nccs-svm1_home2/mdunlavy/GPU_Fault_Injection/HeCBench/src/layout-hip/main.cu,61,26,2,_Z9SoAKernelILi4096EEvPK13ApplesOnTreesPi|pointer|load|ptr|64|0|/autofs/nccs-svm1_home2/mdunlavy/GPU_Fault_Injection/HeCBench/src/layout-hip/main.cu|61|26|2
168,result,sext,int,64,-1,_Z9SoAKernelILi4096EEvPK13ApplesOnTreesPi,/autofs/nccs-svm1_home2/mdunlavy/GPU_Fault_Injection/HeCBench/src/layout-hip/main.cu,61,12,1,_Z9SoAKernelILi4096EEvPK13ApplesOnTreesPi|result|sext|int|64|-1|/autofs/nccs-svm1_home2/mdunlavy/GPU_Fault_Injection/HeCBench/src/layout-hip/main.cu|61|12|1
169,operand,sext,int,32,0,_Z9SoAKernelILi4096EEvPK13ApplesOnTreesPi,/autofs/nccs-svm1_home2/mdunlavy/GPU_Fault_Injection/HeCBench/src/layout-hip/main.cu,61,12,1,_Z9SoAKernelILi4096EEvPK13ApplesOnTreesPi|operand|sext|int|32|0|/autofs/nccs-svm1_home2/mdunlavy/GPU_Fault_Injection/HeCBench/src/layout-hip/main.cu|61|12|1
170,result,load,int,32,-1,_Z9SoAKernelILi4096EEvPK13ApplesOnTreesPi,/autofs/nccs-svm1_home2/mdunlavy/GPU_Fault_Injection/HeCBench/src/layout-hip/main.cu,61,35,3,_Z9SoAKernelILi4096EEvPK13ApplesOnTreesPi|result|load|int|32|-1|/autofs/nccs-svm1_home2/mdunlavy/GPU_Fault_Injection/HeCBench/src/layout-hip/main.cu|61|35|3
171,pointer,load,ptr,64,0,_Z9SoAKernelILi4096EEvPK13ApplesOnTreesPi,/autofs/nccs-svm1_home2/mdunlavy/GPU_Fault_Injection/HeCBench/src/layout-hip/main.cu,61,35,3,_Z9SoAKernelILi4096EEvPK13ApplesOnTreesPi|pointer|load|ptr|64|0|/autofs/nccs-svm1_home2/mdunlavy/GPU_Fault_Injection/HeCBench/src/layout-hip/main.cu|61|35|3
172,result,zext,int,64,-1,_Z9SoAKernelILi4096EEvPK13ApplesOnTreesPi,/autofs/nccs-svm1_home2/mdunlavy/GPU_Fault_Injection/HeCBench/src/layout-hip/main.cu,61,12,1,_Z9SoAKernelILi4096EEvPK13ApplesOnTreesPi|result|zext|int|64|-1|/autofs/nccs-svm1_home2/mdunlavy/GPU_Fault_Injection/HeCBench/src/layout-hip/main.cu|61|12|1
173,operand,zext,int,32,0,_Z9SoAKernelILi4096EEvPK13ApplesOnTreesPi,/autofs/nccs-svm1_home2/mdunlavy/GPU_Fault_Injection/HeCBench/src/layout-hip/main.cu,61,12,1,_Z9SoAKernelILi4096EEvPK13ApplesOnTreesPi|operand|zext|int|32|0|/autofs/nccs-svm1_home2/mdunlavy/GPU_Fault_Injection/HeCBench/src/layout-hip/main.cu|61|12|1
174,result,load,int,32,-1,_Z9SoAKernelILi4096EEvPK13ApplesOnTreesPi,/autofs/nccs-svm1_home2/mdunlavy/GPU_Fault_Injection/HeCBench/src/layout-hip/main.cu,61,12,4,_Z9SoAKernelILi4096EEvPK13ApplesOnTreesPi|result|load|int|32|-1|/autofs/nccs-svm1_home2/mdunlavy/GPU_Fault_Injection/HeCBench/src/layout-hip/main.cu|61|12|4
175,pointer,load,ptr,64,0,_Z9SoAKernelILi4096EEvPK13ApplesOnTreesPi,/autofs/nccs-svm1_home2/mdunlavy/GPU_Fault_Injection/HeCBench/src/layout-hip/main.cu,61,12,4,_Z9SoAKernelILi4096EEvPK13ApplesOnTreesPi|pointer|load|ptr|64|0|/autofs/nccs-svm1_home2/mdunlavy/GPU_Fault_Injection/HeCBench/src/layout-hip/main.cu|61|12|4
176,result,load,int,32,-1,_Z9SoAKernelILi4096EEvPK13ApplesOnTreesPi,/autofs/nccs-svm1_home2/mdunlavy/GPU_Fault_Injection/HeCBench/src/layout-hip/main.cu,61,9,5,_Z9SoAKernelILi4096EEvPK13ApplesOnTreesPi|result|load|int|32|-1|/autofs/nccs-svm1_home2/mdunlavy/GPU_Fault_Injection/HeCBench/src/layout-hip/main.cu|61|9|5
177,pointer,load,ptr,64,0,_Z9SoAKernelILi4096EEvPK13ApplesOnTreesPi,/autofs/nccs-svm1_home2/mdunlavy/GPU_Fault_Injection/HeCBench/src/layout-hip/main.cu,61,9,5,_Z9SoAKernelILi4096EEvPK13ApplesOnTreesPi|pointer|load|ptr|64|0|/autofs/nccs-svm1_home2/mdunlavy/GPU_Fault_Injection/HeCBench/src/layout-hip/main.cu|61|9|5
178,result,add,int,32,-1,_Z9SoAKernelILi4096EEvPK13ApplesOnTreesPi,/autofs/nccs-svm1_home2/mdunlavy/GPU_Fault_Injection/HeCBench/src/layout-hip/main.cu,61,9,2,_Z9SoAKernelILi4096EEvPK13ApplesOnTreesPi|result|add|int|32|-1|/autofs/nccs-svm1_home2/mdunlavy/GPU_Fault_Injection/HeCBench/src/layout-hip/main.cu|61|9|2
179,operand,add,int,32,0,_Z9SoAKernelILi4096EEvPK13ApplesOnTreesPi,/autofs/nccs-svm1_home2/mdunlavy/GPU_Fault_Injection/HeCBench/src/layout-hip/main.cu,61,9,2,_Z9SoAKernelILi4096EEvPK13ApplesOnTreesPi|operand|add|int|32|0|/autofs/nccs-svm1_home2/mdunlavy/GPU_Fault_Injection/HeCBench/src/layout-hip/main.cu|61|9|2
180,operand,add,int,32,1,_Z9SoAKernelILi4096EEvPK13ApplesOnTreesPi,/autofs/nccs-svm1_home2/mdunlavy/GPU_Fault_Injection/HeCBench/src/layout-hip/main.cu,61,9,2,_Z9SoAKernelILi4096EEvPK13ApplesOnTreesPi|operand|add|int|32|1|/autofs/nccs-svm1_home2/mdunlavy/GPU_Fault_Injection/HeCBench/src/layout-hip/main.cu|61|9|2
181,result,load,int,32,-1,_Z9SoAKernelILi4096EEvPK13ApplesOnTreesPi,/autofs/nccs-svm1_home2/mdunlavy/GPU_Fault_Injection/HeCBench/src/layout-hip/main.cu,59,33,6,_Z9SoAKernelILi4096EEvPK13ApplesOnTreesPi|result|load|int|32|-1|/autofs/nccs-svm1_home2/mdunlavy/GPU_Fault_Injection/HeCBench/src/layout-hip/main.cu|59|33|6
182,pointer,load,ptr,64,0,_Z9SoAKernelILi4096EEvPK13ApplesOnTreesPi,/autofs/nccs-svm1_home2/mdunlavy/GPU_Fault_Injection/HeCBench/src/layout-hip/main.cu,59,33,6,_Z9SoAKernelILi4096EEvPK13ApplesOnTreesPi|pointer|load|ptr|64|0|/autofs/nccs-svm1_home2/mdunlavy/GPU_Fault_Injection/HeCBench/src/layout-hip/main.cu|59|33|6
183,result,add,int,32,-1,_Z9SoAKernelILi4096EEvPK13ApplesOnTreesPi,/autofs/nccs-svm1_home2/mdunlavy/GPU_Fault_Injection/HeCBench/src/layout-hip/main.cu,59,33,3,_Z9SoAKernelILi4096EEvPK13ApplesOnTreesPi|result|add|int|32|-1|/autofs/nccs-svm1_home2/mdunlavy/GPU_Fault_Injection/HeCBench/src/layout-hip/main.cu|59|33|3
184,operand,add,int,32,0,_Z9SoAKernelILi4096EEvPK13ApplesOnTreesPi,/autofs/nccs-svm1_home2/mdunlavy/GPU_Fault_Injection/HeCBench/src/layout-hip/main.cu,59,33,3,_Z9SoAKernelILi4096EEvPK13ApplesOnTreesPi|operand|add|int|32|0|/autofs/nccs-svm1_home2/mdunlavy/GPU_Fault_Injection/HeCBench/src/layout-hip/main.cu|59|33|3
185,result,load,int,32,-1,_Z9SoAKernelILi4096EEvPK13ApplesOnTreesPi,/autofs/nccs-svm1_home2/mdunlavy/GPU_Fault_Injection/HeCBench/src/layout-hip/main.cu,63,17,7,_Z9SoAKernelILi4096EEvPK13ApplesOnTreesPi|result|load|int|32|-1|/autofs/nccs-svm1_home2/mdunlavy/GPU_Fault_Injection/HeCBench/src/layout-hip/main.cu|63|17|7
186,pointer,load,ptr,64,0,_Z9SoAKernelILi4096EEvPK13ApplesOnTreesPi,/autofs/nccs-svm1_home2/mdunlavy/GPU_Fault_Injection/HeCBench/src/layout-hip/main.cu,63,17,7,_Z9SoAKernelILi4096EEvPK13ApplesOnTreesPi|pointer|load|ptr|64|0|/autofs/nccs-svm1_home2/mdunlavy/GPU_Fault_Injection/HeCBench/src/layout-hip/main.cu|63|17|7
187,result,load,int,32,-1,_Z9SoAKernelILi4096EEvPK13ApplesOnTreesPi,/autofs/nccs-svm1_home2/mdunlavy/GPU_Fault_Injection/HeCBench/src/layout-hip/main.cu,63,10,8,_Z9SoAKernelILi4096EEvPK13ApplesOnTreesPi|result|load|int|32|-1|/autofs/nccs-svm1_home2/mdunlavy/GPU_Fault_Injection/HeCBench/src/layout-hip/main.cu|63|10|8
188,pointer,load,ptr,64,0,_Z9SoAKernelILi4096EEvPK13ApplesOnTreesPi,/autofs/nccs-svm1_home2/mdunlavy/GPU_Fault_Injection/HeCBench/src/layout-hip/main.cu,63,10,8,_Z9SoAKernelILi4096EEvPK13ApplesOnTreesPi|pointer|load|ptr|64|0|/autofs/nccs-svm1_home2/mdunlavy/GPU_Fault_Injection/HeCBench/src/layout-hip/main.cu|63|10|8
189,result,zext,int,64,-1,_Z9SoAKernelILi4096EEvPK13ApplesOnTreesPi,/autofs/nccs-svm1_home2/mdunlavy/GPU_Fault_Injection/HeCBench/src/layout-hip/main.cu,63,3,2,_Z9SoAKernelILi4096EEvPK13ApplesOnTreesPi|result|zext|int|64|-1|/autofs/nccs-svm1_home2/mdunlavy/GPU_Fault_Injection/HeCBench/src/layout-hip/main.cu|63|3|2
190,operand,zext,int,32,0,_Z9SoAKernelILi4096EEvPK13ApplesOnTreesPi,/autofs/nccs-svm1_home2/mdunlavy/GPU_Fault_Injection/HeCBench/src/layout-hip/main.cu,63,3,2,_Z9SoAKernelILi4096EEvPK13ApplesOnTreesPi|operand|zext|int|32|0|/autofs/nccs-svm1_home2/mdunlavy/GPU_Fault_Injection/HeCBench/src/layout-hip/main.cu|63|3|2
191,result,call,int,32,-1,__ockl_get_local_id,,0,0,1,__ockl_get_local_id|result|call|int|32|-1||0|0|1
192,result,call,int,32,-1,__ockl_get_local_id,,0,0,2,__ockl_get_local_id|result|call|int|32|-1||0|0|2
193,result,call,int,32,-1,__ockl_get_local_id,,0,0,3,__ockl_get_local_id|result|call|int|32|-1||0|0|3
194,result,phi,int,32,-1,__ockl_get_local_id,,0,0,1,__ockl_get_local_id|result|phi|int|32|-1||0|0|1
195,result,zext,int,64,-1,__ockl_get_local_id,,0,0,1,__ockl_get_local_id|result|zext|int|64|-1||0|0|1
196,operand,zext,int,32,0,__ockl_get_local_id,,0,0,1,__ockl_get_local_id|operand|zext|int|32|0||0|0|1
197,result,extractelement,int,64,-1,__ockl_fprintf_stderr_begin,,0,0,1,__ockl_fprintf_stderr_begin|result|extractelement|int|64|-1||0|0|1
198,result,load,int,32,-1,__ockl_hostcall_preview,,0,0,1,__ockl_hostcall_preview|result|load|int|32|-1||0|0|1
199,result,icmp,int,1,-1,__ockl_hostcall_preview,,0,0,1,__ockl_hostcall_preview|result|icmp|int|1|-1||0|0|1
200,operand,icmp,int,32,0,__ockl_hostcall_preview,,0,0,1,__ockl_hostcall_preview|operand|icmp|int|32|0||0|0|1
201,result,select,int,64,-1,__ockl_hostcall_preview,,0,0,1,__ockl_hostcall_preview|result|select|int|64|-1||0|0|1
202,operand,select,int,1,0,__ockl_hostcall_preview,,0,0,1,__ockl_hostcall_preview|operand|select|int|1|0||0|0|1
203,result,load,int,64,-1,__ockl_hostcall_preview,,0,0,1,__ockl_hostcall_preview|result|load|int|64|-1||0|0|1
204,pointer,load,ptr,64,0,__ockl_hostcall_preview,,0,0,1,__ockl_hostcall_preview|pointer|load|ptr|64|0||0|0|1
205,result,call,int,32,-1,__ockl_hostcall_internal,,0,0,1,__ockl_hostcall_internal|result|call|int|32|-1||0|0|1
206,result,call,int,32,-1,__ockl_hostcall_internal,,0,0,2,__ockl_hostcall_internal|result|call|int|32|-1||0|0|2
207,operand,call,int,32,1,__ockl_hostcall_internal,,0,0,1,__ockl_hostcall_internal|operand|call|int|32|1||0|0|1
208,result,call,int,32,-1,__ockl_hostcall_internal,,0,0,3,__ockl_hostcall_internal|result|call|int|32|-1||0|0|3
209,operand,call,int,32,0,__ockl_hostcall_internal,,0,0,1,__ockl_hostcall_internal|operand|call|int|32|0||0|0|1
210,result,icmp,int,1,-1,__ockl_hostcall_internal,,0,0,1,__ockl_hostcall_internal|result|icmp|int|1|-1||0|0|1
211,operand,icmp,int,32,0,__ockl_hostcall_internal,,0,0,1,__ockl_hostcall_internal|operand|icmp|int|32|0||0|0|1
212,operand,icmp,int,32,1,__ockl_hostcall_internal,,0,0,1,__ockl_hostcall_internal|operand|icmp|int|32|1||0|0|1
213,result,load,int,64,-1,__ockl_hostcall_internal,,0,0,1,__ockl_hostcall_internal|result|load|int|64|-1||0|0|1
214,pointer,load,ptr,64,0,__ockl_hostcall_internal,,0,0,1,__ockl_hostcall_internal|pointer|load|ptr|64|0||0|0|1
215,result,load,int,64,-1,__ockl_hostcall_internal,,0,0,2,__ockl_hostcall_internal|result|load|int|64|-1||0|0|2
216,pointer,load,ptr,64,0,__ockl_hostcall_internal,,0,0,2,__ockl_hostcall_internal|pointer|load|ptr|64|0||0|0|2
217,result,and,int,64,-1,__ockl_hostcall_internal,,0,0,1,__ockl_hostcall_internal|result|and|int|64|-1||0|0|1
218,operand,and,int,64,0,__ockl_hostcall_internal,,0,0,1,__ockl_hostcall_internal|operand|and|int|64|0||0|0|1
219,operand,and,int,64,1,__ockl_hostcall_internal,,0,0,1,__ockl_hostcall_internal|operand|and|int|64|1||0|0|1
220,result,load,int,64,-1,__ockl_hostcall_internal,,0,0,3,__ockl_hostcall_internal|result|load|int|64|-1||0|0|3
221,pointer,load,ptr,64,0,__ockl_hostcall_internal,,0,0,3,__ockl_hostcall_internal|pointer|load|ptr|64|0||0|0|3
222,result,extractvalue,int,1,-1,__ockl_hostcall_internal,,0,0,1,__ockl_hostcall_internal|result|extractvalue|int|1|-1||0|0|1
223,result,extractvalue,int,64,-1,__ockl_hostcall_internal,,0,0,1,__ockl_hostcall_internal|result|extractvalue|int|64|-1||0|0|1
224,result,phi,int,64,-1,__ockl_hostcall_internal,,0,0,1,__ockl_hostcall_internal|result|phi|int|64|-1||0|0|1
225,result,load,int,64,-1,__ockl_hostcall_internal,,0,0,4,__ockl_hostcall_internal|result|load|int|64|-1||0|0|4
226,pointer,load,ptr,64,0,__ockl_hostcall_internal,,0,0,4,__ockl_hostcall_internal|pointer|load|ptr|64|0||0|0|4
227,result,and,int,64,-1,__ockl_hostcall_internal,,0,0,2,__ockl_hostcall_internal|result|and|int|64|-1||0|0|2
228,operand,and,int,64,0,__ockl_hostcall_internal,,0,0,2,__ockl_hostcall_internal|operand|and|int|64|0||0|0|2
229,operand,and,int,64,1,__ockl_hostcall_internal,,0,0,2,__ockl_hostcall_internal|operand|and|int|64|1||0|0|2
230,result,load,int,64,-1,__ockl_hostcall_internal,,0,0,5,__ockl_hostcall_internal|result|load|int|64|-1||0|0|5
231,pointer,load,ptr,64,0,__ockl_hostcall_internal,,0,0,5,__ockl_hostcall_internal|pointer|load|ptr|64|0||0|0|5
232,result,extractvalue,int,1,-1,__ockl_hostcall_internal,,0,0,2,__ockl_hostcall_internal|result|extractvalue|int|1|-1||0|0|2
233,result,extractvalue,int,64,-1,__ockl_hostcall_internal,,0,0,2,__ockl_hostcall_internal|result|extractvalue|int|64|-1||0|0|2
234,result,phi,int,64,-1,__ockl_hostcall_internal,,0,0,2,__ockl_hostcall_internal|result|phi|int|64|-1||0|0|2
235,result,trunc,int,32,-1,__ockl_hostcall_internal,,0,0,1,__ockl_hostcall_internal|result|trunc|int|32|-1||0|0|1
236,operand,trunc,int,64,0,__ockl_hostcall_internal,,0,0,1,__ockl_hostcall_internal|operand|trunc|int|64|0||0|0|1
237,result,lshr,int,64,-1,__ockl_hostcall_internal,,0,0,1,__ockl_hostcall_internal|result|lshr|int|64|-1||0|0|1
238,operand,lshr,int,64,0,__ockl_hostcall_internal,,0,0,1,__ockl_hostcall_internal|operand|lshr|int|64|0||0|0|1
239,result,trunc,int,32,-1,__ockl_hostcall_internal,,0,0,2,__ockl_hostcall_internal|result|trunc|int|32|-1||0|0|2
240,operand,trunc,int,64,0,__ockl_hostcall_internal,,0,0,2,__ockl_hostcall_internal|operand|trunc|int|64|0||0|0|2
241,result,call,int,32,-1,__ockl_hostcall_internal,,0,0,4,__ockl_hostcall_internal|result|call|int|32|-1||0|0|4
242,operand,call,int,32,0,__ockl_hostcall_internal,,0,0,2,__ockl_hostcall_internal|operand|call|int|32|0||0|0|2
243,result,call,int,32,-1,__ockl_hostcall_internal,,0,0,5,__ockl_hostcall_internal|result|call|int|32|-1||0|0|5
244,operand,call,int,32,0,__ockl_hostcall_internal,,0,0,3,__ockl_hostcall_internal|operand|call|int|32|0||0|0|3
245,result,zext,int,64,-1,__ockl_hostcall_internal,,0,0,1,__ockl_hostcall_internal|result|zext|int|64|-1||0|0|1
246,operand,zext,int,32,0,__ockl_hostcall_internal,,0,0,1,__ockl_hostcall_internal|operand|zext|int|32|0||0|0|1
247,result,shl,int,64,-1,__ockl_hostcall_internal,,0,0,1,__ockl_hostcall_internal|result|shl|int|64|-1||0|0|1
248,operand,shl,int,64,0,__ockl_hostcall_internal,,0,0,1,__ockl_hostcall_internal|operand|shl|int|64|0||0|0|1
249,result,zext,int,64,-1,__ockl_hostcall_internal,,0,0,2,__ockl_hostcall_internal|result|zext|int|64|-1||0|0|2
250,operand,zext,int,32,0,__ockl_hostcall_internal,,0,0,2,__ockl_hostcall_internal|operand|zext|int|32|0||0|0|2
251,result,or,int,64,-1,__ockl_hostcall_internal,,0,0,1,__ockl_hostcall_internal|result|or|int|64|-1||0|0|1
252,operand,or,int,64,0,__ockl_hostcall_internal,,0,0,1,__ockl_hostcall_internal|operand|or|int|64|0||0|0|1
253,operand,or,int,64,1,__ockl_hostcall_internal,,0,0,1,__ockl_hostcall_internal|operand|or|int|64|1||0|0|1
254,result,load,int,64,-1,__ockl_hostcall_internal,,0,0,6,__ockl_hostcall_internal|result|load|int|64|-1||0|0|6
255,pointer,load,ptr,64,0,__ockl_hostcall_internal,,0,0,6,__ockl_hostcall_internal|pointer|load|ptr|64|0||0|0|6
256,result,and,int,64,-1,__ockl_hostcall_internal,,0,0,3,__ockl_hostcall_internal|result|and|int|64|-1||0|0|3
257,operand,and,int,64,0,__ockl_hostcall_internal,,0,0,3,__ockl_hostcall_internal|operand|and|int|64|0||0|0|3
258,operand,and,int,64,1,__ockl_hostcall_internal,,0,0,3,__ockl_hostcall_internal|operand|and|int|64|1||0|0|3
259,result,call,int,64,-1,__ockl_hostcall_internal,,0,0,1,__ockl_hostcall_internal|result|call|int|64|-1||0|0|1
260,result,zext,int,64,-1,__ockl_hostcall_internal,,0,0,3,__ockl_hostcall_internal|result|zext|int|64|-1||0|0|3
261,operand,zext,int,32,0,__ockl_hostcall_internal,,0,0,3,__ockl_hostcall_internal|operand|zext|int|32|0||0|0|3
262,result,load,int,64,-1,__ockl_hostcall_internal,,0,0,7,__ockl_hostcall_internal|result|load|int|64|-1||0|0|7
263,pointer,load,ptr,64,0,__ockl_hostcall_internal,,0,0,7,__ockl_hostcall_internal|pointer|load|ptr|64|0||0|0|7
264,result,load,int,64,-1,__ockl_hostcall_internal,,0,0,8,__ockl_hostcall_internal|result|load|int|64|-1||0|0|8
265,pointer,load,ptr,64,0,__ockl_hostcall_internal,,0,0,8,__ockl_hostcall_internal|pointer|load|ptr|64|0||0|0|8
266,result,and,int,64,-1,__ockl_hostcall_internal,,0,0,4,__ockl_hostcall_internal|result|and|int|64|-1||0|0|4
267,operand,and,int,64,0,__ockl_hostcall_internal,,0,0,4,__ockl_hostcall_internal|operand|and|int|64|0||0|0|4
268,operand,and,int,64,1,__ockl_hostcall_internal,,0,0,4,__ockl_hostcall_internal|operand|and|int|64|1||0|0|4
269,result,extractvalue,int,1,-1,__ockl_hostcall_internal,,0,0,3,__ockl_hostcall_internal|result|extractvalue|int|1|-1||0|0|3
270,result,extractvalue,int,64,-1,__ockl_hostcall_internal,,0,0,3,__ockl_hostcall_internal|result|extractvalue|int|64|-1||0|0|3
271,result,extractvalue,int,1,-1,__ockl_hostcall_internal,,0,0,4,__ockl_hostcall_internal|result|extractvalue|int|1|-1||0|0|4
272,result,load,int,64,-1,__ockl_hostcall_internal,,0,0,9,__ockl_hostcall_internal|result|load|int|64|-1||0|0|9
273,pointer,load,ptr,64,0,__ockl_hostcall_internal,,0,0,9,__ockl_hostcall_internal|pointer|load|ptr|64|0||0|0|9
274,result,load,int,32,-1,__ockl_hostcall_internal,,0,0,1,__ockl_hostcall_internal|result|load|int|32|-1||0|0|1
275,pointer,load,ptr,64,0,__ockl_hostcall_internal,,0,0,10,__ockl_hostcall_internal|pointer|load|ptr|64|0||0|0|10
276,result,and,int,32,-1,__ockl_hostcall_internal,,0,0,1,__ockl_hostcall_internal|result|and|int|32|-1||0|0|1
277,operand,and,int,32,0,__ockl_hostcall_internal,,0,0,1,__ockl_hostcall_internal|operand|and|int|32|0||0|0|1
278,result,phi,int,32,-1,__ockl_hostcall_internal,,0,0,1,__ockl_hostcall_internal|result|phi|int|32|-1||0|0|1
279,result,call,int,32,-1,__ockl_hostcall_internal,,0,0,6,__ockl_hostcall_internal|result|call|int|32|-1||0|0|6
280,operand,call,int,32,0,__ockl_hostcall_internal,,0,0,4,__ockl_hostcall_internal|operand|call|int|32|0||0|0|4
281,result,icmp,int,1,-1,__ockl_hostcall_internal,,0,0,2,__ockl_hostcall_internal|result|icmp|int|1|-1||0|0|2
282,operand,icmp,int,32,0,__ockl_hostcall_internal,,0,0,2,__ockl_hostcall_internal|operand|icmp|int|32|0||0|0|2
283,result,load,int,64,-1,__ockl_hostcall_internal,,0,0,10,__ockl_hostcall_internal|result|load|int|64|-1||0|0|10
284,pointer,load,ptr,64,0,__ockl_hostcall_internal,,0,0,11,__ockl_hostcall_internal|pointer|load|ptr|64|0||0|0|11
285,result,load,int,64,-1,__ockl_hostcall_internal,,0,0,11,__ockl_hostcall_internal|result|load|int|64|-1||0|0|11
286,pointer,load,ptr,64,0,__ockl_hostcall_internal,,0,0,12,__ockl_hostcall_internal|pointer|load|ptr|64|0||0|0|12
287,result,load,int,64,-1,__ockl_hostcall_internal,,0,0,12,__ockl_hostcall_internal|result|load|int|64|-1||0|0|12
288,pointer,load,ptr,64,0,__ockl_hostcall_internal,,0,0,13,__ockl_hostcall_internal|pointer|load|ptr|64|0||0|0|13
289,result,add,int,64,-1,__ockl_hostcall_internal,,0,0,1,__ockl_hostcall_internal|result|add|int|64|-1||0|0|1
290,operand,add,int,64,0,__ockl_hostcall_internal,,0,0,1,__ockl_hostcall_internal|operand|add|int|64|0||0|0|1
291,result,add,int,64,-1,__ockl_hostcall_internal,,0,0,2,__ockl_hostcall_internal|result|add|int|64|-1||0|0|2
292,operand,add,int,64,0,__ockl_hostcall_internal,,0,0,2,__ockl_hostcall_internal|operand|add|int|64|0||0|0|2
293,operand,add,int,64,1,__ockl_hostcall_internal,,0,0,1,__ockl_hostcall_internal|operand|add|int|64|1||0|0|1
294,result,icmp,int,1,-1,__ockl_hostcall_internal,,0,0,3,__ockl_hostcall_internal|result|icmp|int|1|-1||0|0|3
295,operand,icmp,int,64,0,__ockl_hostcall_internal,,0,0,1,__ockl_hostcall_internal|operand|icmp|int|64|0||0|0|1
296,result,select,int,64,-1,__ockl_hostcall_internal,,0,0,1,__ockl_hostcall_internal|result|select|int|64|-1||0|0|1
297,operand,select,int,1,0,__ockl_hostcall_internal,,0,0,1,__ockl_hostcall_internal|operand|select|int|1|0||0|0|1
298,operand,select,int,64,1,__ockl_hostcall_internal,,0,0,1,__ockl_hostcall_internal|operand|select|int|64|1||0|0|1
299,operand,select,int,64,2,__ockl_hostcall_internal,,0,0,1,__ockl_hostcall_internal|operand|select|int|64|2||0|0|1
300,result,load,int,64,-1,__ockl_hostcall_internal,,0,0,13,__ockl_hostcall_internal|result|load|int|64|-1||0|0|13
301,pointer,load,ptr,64,0,__ockl_hostcall_internal,,0,0,14,__ockl_hostcall_internal|pointer|load|ptr|64|0||0|0|14
302,result,and,int,64,-1,__ockl_hostcall_internal,,0,0,5,__ockl_hostcall_internal|result|and|int|64|-1||0|0|5
303,operand,and,int,64,0,__ockl_hostcall_internal,,0,0,5,__ockl_hostcall_internal|operand|and|int|64|0||0|0|5
304,operand,and,int,64,1,__ockl_hostcall_internal,,0,0,5,__ockl_hostcall_internal|operand|and|int|64|1||0|0|5
305,result,extractvalue,int,1,-1,__ockl_hostcall_internal,,0,0,5,__ockl_hostcall_internal|result|extractvalue|int|1|-1||0|0|5
306,result,extractvalue,int,64,-1,__ockl_hostcall_internal,,0,0,4,__ockl_hostcall_internal|result|extractvalue|int|64|-1||0|0|4
307,result,extractvalue,int,1,-1,__ockl_hostcall_internal,,0,0,6,__ockl_hostcall_internal|result|extractvalue|int|1|-1||0|0|6
308,result,atomicrmw,int,64,-1,__ockl_hsa_signal_add,,0,0,1,__ockl_hsa_signal_add|result|atomicrmw|int|64|-1||0|0|1
309,pointer,atomicrmw,ptr,64,0,__ockl_hsa_signal_add,,0,0,1,__ockl_hsa_signal_add|pointer|atomicrmw|ptr|64|0||0|0|1
310,operand,atomicrmw,int,64,1,__ockl_hsa_signal_add,,0,0,1,__ockl_hsa_signal_add|operand|atomicrmw|int|64|1||0|0|1
311,result,atomicrmw,int,64,-1,__ockl_hsa_signal_add,,0,0,2,__ockl_hsa_signal_add|result|atomicrmw|int|64|-1||0|0|2
312,pointer,atomicrmw,ptr,64,0,__ockl_hsa_signal_add,,0,0,2,__ockl_hsa_signal_add|pointer|atomicrmw|ptr|64|0||0|0|2
313,operand,atomicrmw,int,64,1,__ockl_hsa_signal_add,,0,0,2,__ockl_hsa_signal_add|operand|atomicrmw|int|64|1||0|0|2
314,result,atomicrmw,int,64,-1,__ockl_hsa_signal_add,,0,0,3,__ockl_hsa_signal_add|result|atomicrmw|int|64|-1||0|0|3
315,pointer,atomicrmw,ptr,64,0,__ockl_hsa_signal_add,,0,0,3,__ockl_hsa_signal_add|pointer|atomicrmw|ptr|64|0||0|0|3
316,operand,atomicrmw,int,64,1,__ockl_hsa_signal_add,,0,0,3,__ockl_hsa_signal_add|operand|atomicrmw|int|64|1||0|0|3
317,result,atomicrmw,int,64,-1,__ockl_hsa_signal_add,,0,0,4,__ockl_hsa_signal_add|result|atomicrmw|int|64|-1||0|0|4
318,pointer,atomicrmw,ptr,64,0,__ockl_hsa_signal_add,,0,0,4,__ockl_hsa_signal_add|pointer|atomicrmw|ptr|64|0||0|0|4
319,operand,atomicrmw,int,64,1,__ockl_hsa_signal_add,,0,0,4,__ockl_hsa_signal_add|operand|atomicrmw|int|64|1||0|0|4
320,result,atomicrmw,int,64,-1,__ockl_hsa_signal_add,,0,0,5,__ockl_hsa_signal_add|result|atomicrmw|int|64|-1||0|0|5
321,pointer,atomicrmw,ptr,64,0,__ockl_hsa_signal_add,,0,0,5,__ockl_hsa_signal_add|pointer|atomicrmw|ptr|64|0||0|0|5
322,operand,atomicrmw,int,64,1,__ockl_hsa_signal_add,,0,0,5,__ockl_hsa_signal_add|operand|atomicrmw|int|64|1||0|0|5
323,result,load,int,64,-1,__ockl_hsa_signal_add,,0,0,1,__ockl_hsa_signal_add|result|load|int|64|-1||0|0|1
324,pointer,load,ptr,64,0,__ockl_hsa_signal_add,,0,0,1,__ockl_hsa_signal_add|pointer|load|ptr|64|0||0|0|1
325,result,icmp,int,1,-1,__ockl_hsa_signal_add,,0,0,1,__ockl_hsa_signal_add|result|icmp|int|1|-1||0|0|1
326,operand,icmp,int,64,0,__ockl_hsa_signal_add,,0,0,1,__ockl_hsa_signal_add|operand|icmp|int|64|0||0|0|1
327,result,load,int,32,-1,__ockl_hsa_signal_add,,0,0,1,__ockl_hsa_signal_add|result|load|int|32|-1||0|0|1
328,pointer,load,ptr,64,0,__ockl_hsa_signal_add,,0,0,2,__ockl_hsa_signal_add|pointer|load|ptr|64|0||0|0|2
329,result,zext,int,64,-1,__ockl_hsa_signal_add,,0,0,1,__ockl_hsa_signal_add|result|zext|int|64|-1||0|0|1
330,operand,zext,int,32,0,__ockl_hsa_signal_add,,0,0,1,__ockl_hsa_signal_add|operand|zext|int|32|0||0|0|1
331,result,load,int,32,-1,__ockl_hsa_signal_add,,0,0,2,__ockl_hsa_signal_add|result|load|int|32|-1||0|0|2
332,result,icmp,int,1,-1,__ockl_hsa_signal_add,,0,0,2,__ockl_hsa_signal_add|result|icmp|int|1|-1||0|0|2
333,operand,icmp,int,32,0,__ockl_hsa_signal_add,,0,0,1,__ockl_hsa_signal_add|operand|icmp|int|32|0||0|0|1
334,result,icmp,int,1,-1,__ockl_hsa_signal_add,,0,0,3,__ockl_hsa_signal_add|result|icmp|int|1|-1||0|0|3
335,operand,icmp,int,32,0,__ockl_hsa_signal_add,,0,0,2,__ockl_hsa_signal_add|operand|icmp|int|32|0||0|0|2
336,result,icmp,int,1,-1,__ockl_hsa_signal_add,,0,0,4,__ockl_hsa_signal_add|result|icmp|int|1|-1||0|0|4
337,operand,icmp,int,32,0,__ockl_hsa_signal_add,,0,0,3,__ockl_hsa_signal_add|operand|icmp|int|32|0||0|0|3
338,result,select,int,32,-1,__ockl_hsa_signal_add,,0,0,1,__ockl_hsa_signal_add|result|select|int|32|-1||0|0|1
339,operand,select,int,1,0,__ockl_hsa_signal_add,,0,0,1,__ockl_hsa_signal_add|operand|select|int|1|0||0|0|1
340,result,select,int,32,-1,__ockl_hsa_signal_add,,0,0,2,__ockl_hsa_signal_add|result|select|int|32|-1||0|0|2
341,operand,select,int,1,0,__ockl_hsa_signal_add,,0,0,2,__ockl_hsa_signal_add|operand|select|int|1|0||0|0|2
342,operand,select,int,32,2,__ockl_hsa_signal_add,,0,0,1,__ockl_hsa_signal_add|operand|select|int|32|2||0|0|1
343,result,select,int,32,-1,__ockl_hsa_signal_add,,0,0,3,__ockl_hsa_signal_add|result|select|int|32|-1||0|0|3
344,operand,select,int,1,0,__ockl_hsa_signal_add,,0,0,3,__ockl_hsa_signal_add|operand|select|int|1|0||0|0|3
345,operand,select,int,32,2,__ockl_hsa_signal_add,,0,0,2,__ockl_hsa_signal_add|operand|select|int|32|2||0|0|2
346,result,and,int,32,-1,__ockl_hsa_signal_add,,0,0,1,__ockl_hsa_signal_add|result|and|int|32|-1||0|0|1
347,operand,and,int,32,0,__ockl_hsa_signal_add,,0,0,1,__ockl_hsa_signal_add|operand|and|int|32|0||0|0|1
348,operand,and,int,32,1,__ockl_hsa_signal_add,,0,0,1,__ockl_hsa_signal_add|operand|and|int|32|1||0|0|1
349,result,call,int,32,-1,__ockl_hsa_signal_add,,0,0,1,__ockl_hsa_signal_add|result|call|int|32|-1||0|0|1
350,operand,call,int,32,0,__ockl_hsa_signal_add,,0,0,1,__ockl_hsa_signal_add|operand|call|int|32|0||0|0|1
351,result,icmp,int,1,-1,__ockl_fprintf_append_args,,0,0,1,__ockl_fprintf_append_args|result|icmp|int|1|-1||0|0|1
352,operand,icmp,int,32,0,__ockl_fprintf_append_args,,0,0,1,__ockl_fprintf_append_args|operand|icmp|int|32|0||0|0|1
353,result,or,int,64,-1,__ockl_fprintf_append_args,,0,0,1,__ockl_fprintf_append_args|result|or|int|64|-1||0|0|1
354,operand,or,int,64,0,__ockl_fprintf_append_args,,0,0,1,__ockl_fprintf_append_args|operand|or|int|64|0||0|0|1
355,result,select,int,64,-1,__ockl_fprintf_append_args,,0,0,1,__ockl_fprintf_append_args|result|select|int|64|-1||0|0|1
356,operand,select,int,1,0,__ockl_fprintf_append_args,,0,0,1,__ockl_fprintf_append_args|operand|select|int|1|0||0|0|1
357,operand,select,int,64,1,__ockl_fprintf_append_args,,0,0,1,__ockl_fprintf_append_args|operand|select|int|64|1||0|0|1
358,operand,select,int,64,2,__ockl_fprintf_append_args,,0,0,1,__ockl_fprintf_append_args|operand|select|int|64|2||0|0|1
359,result,and,int,64,-1,__ockl_fprintf_append_args,,0,0,1,__ockl_fprintf_append_args|result|and|int|64|-1||0|0|1
360,operand,and,int,64,0,__ockl_fprintf_append_args,,0,0,1,__ockl_fprintf_append_args|operand|and|int|64|0||0|0|1
361,result,zext,int,64,-1,__ockl_fprintf_append_args,,0,0,1,__ockl_fprintf_append_args|result|zext|int|64|-1||0|0|1
362,operand,zext,int,32,0,__ockl_fprintf_append_args,,0,0,1,__ockl_fprintf_append_args|operand|zext|int|32|0||0|0|1
363,result,shl,int,64,-1,__ockl_fprintf_append_args,,0,0,1,__ockl_fprintf_append_args|result|shl|int|64|-1||0|0|1
364,operand,shl,int,64,0,__ockl_fprintf_append_args,,0,0,1,__ockl_fprintf_append_args|operand|shl|int|64|0||0|0|1
365,result,or,int,64,-1,__ockl_fprintf_append_args,,0,0,2,__ockl_fprintf_append_args|result|or|int|64|-1||0|0|2
366,operand,or,int,64,0,__ockl_fprintf_append_args,,0,0,2,__ockl_fprintf_append_args|operand|or|int|64|0||0|0|2
367,operand,or,int,64,1,__ockl_fprintf_append_args,,0,0,1,__ockl_fprintf_append_args|operand|or|int|64|1||0|0|1
368,result,extractelement,int,64,-1,__ockl_fprintf_append_args,,0,0,1,__ockl_fprintf_append_args|result|extractelement|int|64|-1||0|0|1
369,result,icmp,int,1,-1,__ockl_fprintf_append_string_n,,0,0,1,__ockl_fprintf_append_string_n|result|icmp|int|1|-1||0|0|1
370,operand,icmp,int,32,0,__ockl_fprintf_append_string_n,,0,0,1,__ockl_fprintf_append_string_n|operand|icmp|int|32|0||0|0|1
371,result,or,int,64,-1,__ockl_fprintf_append_string_n,,0,0,1,__ockl_fprintf_append_string_n|result|or|int|64|-1||0|0|1
372,operand,or,int,64,0,__ockl_fprintf_append_string_n,,0,0,1,__ockl_fprintf_append_string_n|operand|or|int|64|0||0|0|1
373,result,select,int,64,-1,__ockl_fprintf_append_string_n,,0,0,1,__ockl_fprintf_append_string_n|result|select|int|64|-1||0|0|1
374,operand,select,int,1,0,__ockl_fprintf_append_string_n,,0,0,1,__ockl_fprintf_append_string_n|operand|select|int|1|0||0|0|1
375,operand,select,int,64,1,__ockl_fprintf_append_string_n,,0,0,1,__ockl_fprintf_append_string_n|operand|select|int|64|1||0|0|1
376,operand,select,int,64,2,__ockl_fprintf_append_string_n,,0,0,1,__ockl_fprintf_append_string_n|operand|select|int|64|2||0|0|1
377,result,icmp,int,1,-1,__ockl_fprintf_append_string_n,,0,0,2,__ockl_fprintf_append_string_n|result|icmp|int|1|-1||0|0|2
378,pointer,icmp,ptr,64,0,__ockl_fprintf_append_string_n,,0,0,1,__ockl_fprintf_append_string_n|pointer|icmp|ptr|64|0||0|0|1
379,result,and,int,64,-1,__ockl_fprintf_append_string_n,,0,0,1,__ockl_fprintf_append_string_n|result|and|int|64|-1||0|0|1
380,operand,and,int,64,0,__ockl_fprintf_append_string_n,,0,0,1,__ockl_fprintf_append_string_n|operand|and|int|64|0||0|0|1
381,result,or,int,64,-1,__ockl_fprintf_append_string_n,,0,0,2,__ockl_fprintf_append_string_n|result|or|int|64|-1||0|0|2
382,operand,or,int,64,0,__ockl_fprintf_append_string_n,,0,0,2,__ockl_fprintf_append_string_n|operand|or|int|64|0||0|0|2
383,result,and,int,64,-1,__ockl_fprintf_append_string_n,,0,0,2,__ockl_fprintf_append_string_n|result|and|int|64|-1||0|0|2
384,operand,and,int,64,0,__ockl_fprintf_append_string_n,,0,0,2,__ockl_fprintf_append_string_n|operand|and|int|64|0||0|0|2
385,result,and,int,64,-1,__ockl_fprintf_append_string_n,,0,0,3,__ockl_fprintf_append_string_n|result|and|int|64|-1||0|0|3
386,operand,and,int,64,0,__ockl_fprintf_append_string_n,,0,0,3,__ockl_fprintf_append_string_n|operand|and|int|64|0||0|0|3
387,result,phi,int,64,-1,__ockl_fprintf_append_string_n,,0,0,1,__ockl_fprintf_append_string_n|result|phi|int|64|-1||0|0|1
388,result,icmp,int,1,-1,__ockl_fprintf_append_string_n,,0,0,3,__ockl_fprintf_append_string_n|result|icmp|int|1|-1||0|0|3
389,operand,icmp,int,64,0,__ockl_fprintf_append_string_n,,0,0,1,__ockl_fprintf_append_string_n|operand|icmp|int|64|0||0|0|1
390,result,extractelement,int,64,-1,__ockl_fprintf_append_string_n,,0,0,1,__ockl_fprintf_append_string_n|result|extractelement|int|64|-1||0|0|1
391,result,or,int,64,-1,__ockl_fprintf_append_string_n,,0,0,3,__ockl_fprintf_append_string_n|result|or|int|64|-1||0|0|3
392,operand,or,int,64,0,__ockl_fprintf_append_string_n,,0,0,3,__ockl_fprintf_append_string_n|operand|or|int|64|0||0|0|3
393,operand,or,int,64,1,__ockl_fprintf_append_string_n,,0,0,1,__ockl_fprintf_append_string_n|operand|or|int|64|1||0|0|1
394,result,call,int,64,-1,__ockl_fprintf_append_string_n,,0,0,1,__ockl_fprintf_append_string_n|result|call|int|64|-1||0|0|1
395,operand,call,int,64,0,__ockl_fprintf_append_string_n,,0,0,1,__ockl_fprintf_append_string_n|operand|call|int|64|0||0|0|1
396,result,trunc,int,32,-1,__ockl_fprintf_append_string_n,,0,0,1,__ockl_fprintf_append_string_n|result|trunc|int|32|-1||0|0|1
397,operand,trunc,int,64,0,__ockl_fprintf_append_string_n,,0,0,1,__ockl_fprintf_append_string_n|operand|trunc|int|64|0||0|0|1
398,result,extractelement,int,64,-1,__ockl_fprintf_append_string_n,,0,0,2,__ockl_fprintf_append_string_n|result|extractelement|int|64|-1||0|0|2
399,result,icmp,int,1,-1,__ockl_fprintf_append_string_n,,0,0,4,__ockl_fprintf_append_string_n|result|icmp|int|1|-1||0|0|4
400,operand,icmp,int,64,0,__ockl_fprintf_append_string_n,,0,0,2,__ockl_fprintf_append_string_n|operand|icmp|int|64|0||0|0|2
401,result,icmp,int,1,-1,__ockl_fprintf_append_string_n,,0,0,5,__ockl_fprintf_append_string_n|result|icmp|int|1|-1||0|0|5
402,operand,icmp,int,64,0,__ockl_fprintf_append_string_n,,0,0,3,__ockl_fprintf_append_string_n|operand|icmp|int|64|0||0|0|3
403,result,load,int,8,-1,__ockl_fprintf_append_string_n,,0,0,1,__ockl_fprintf_append_string_n|result|load|int|8|-1||0|0|1
404,pointer,load,ptr,64,0,__ockl_fprintf_append_string_n,,0,0,1,__ockl_fprintf_append_string_n|pointer|load|ptr|64|0||0|0|1
405,result,zext,int,64,-1,__ockl_fprintf_append_string_n,,0,0,1,__ockl_fprintf_append_string_n|result|zext|int|64|-1||0|0|1
406,operand,zext,int,8,0,__ockl_fprintf_append_string_n,,0,0,1,__ockl_fprintf_append_string_n|operand|zext|int|8|0||0|0|1
407,result,load,int,8,-1,__ockl_fprintf_append_string_n,,0,0,2,__ockl_fprintf_append_string_n|result|load|int|8|-1||0|0|2
408,pointer,load,ptr,64,0,__ockl_fprintf_append_string_n,,0,0,2,__ockl_fprintf_append_string_n|pointer|load|ptr|64|0||0|0|2
409,result,zext,int,64,-1,__ockl_fprintf_append_string_n,,0,0,2,__ockl_fprintf_append_string_n|result|zext|int|64|-1||0|0|2
410,operand,zext,int,8,0,__ockl_fprintf_append_string_n,,0,0,2,__ockl_fprintf_append_string_n|operand|zext|int|8|0||0|0|2
411,result,shl,int,64,-1,__ockl_fprintf_append_string_n,,0,0,1,__ockl_fprintf_append_string_n|result|shl|int|64|-1||0|0|1
412,operand,shl,int,64,0,__ockl_fprintf_append_string_n,,0,0,1,__ockl_fprintf_append_string_n|operand|shl|int|64|0||0|0|1
413,result,or,int,64,-1,__ockl_fprintf_append_string_n,,0,0,4,__ockl_fprintf_append_string_n|result|or|int|64|-1||0|0|4
414,operand,or,int,64,0,__ockl_fprintf_append_string_n,,0,0,4,__ockl_fprintf_append_string_n|operand|or|int|64|0||0|0|4
415,operand,or,int,64,1,__ockl_fprintf_append_string_n,,0,0,2,__ockl_fprintf_append_string_n|operand|or|int|64|1||0|0|2
416,result,load,int,8,-1,__ockl_fprintf_append_string_n,,0,0,3,__ockl_fprintf_append_string_n|result|load|int|8|-1||0|0|3
417,pointer,load,ptr,64,0,__ockl_fprintf_append_string_n,,0,0,3,__ockl_fprintf_append_string_n|pointer|load|ptr|64|0||0|0|3
418,result,zext,int,64,-1,__ockl_fprintf_append_string_n,,0,0,3,__ockl_fprintf_append_string_n|result|zext|int|64|-1||0|0|3
419,operand,zext,int,8,0,__ockl_fprintf_append_string_n,,0,0,3,__ockl_fprintf_append_string_n|operand|zext|int|8|0||0|0|3
420,result,shl,int,64,-1,__ockl_fprintf_append_string_n,,0,0,2,__ockl_fprintf_append_string_n|result|shl|int|64|-1||0|0|2
421,operand,shl,int,64,0,__ockl_fprintf_append_string_n,,0,0,2,__ockl_fprintf_append_string_n|operand|shl|int|64|0||0|0|2
422,result,or,int,64,-1,__ockl_fprintf_append_string_n,,0,0,5,__ockl_fprintf_append_string_n|result|or|int|64|-1||0|0|5
423,operand,or,int,64,0,__ockl_fprintf_append_string_n,,0,0,5,__ockl_fprintf_append_string_n|operand|or|int|64|0||0|0|5
424,operand,or,int,64,1,__ockl_fprintf_append_string_n,,0,0,3,__ockl_fprintf_append_string_n|operand|or|int|64|1||0|0|3
425,result,load,int,8,-1,__ockl_fprintf_append_string_n,,0,0,4,__ockl_fprintf_append_string_n|result|load|int|8|-1||0|0|4
426,pointer,load,ptr,64,0,__ockl_fprintf_append_string_n,,0,0,4,__ockl_fprintf_append_string_n|pointer|load|ptr|64|0||0|0|4
427,result,zext,int,64,-1,__ockl_fprintf_append_string_n,,0,0,4,__ockl_fprintf_append_string_n|result|zext|int|64|-1||0|0|4
428,operand,zext,int,8,0,__ockl_fprintf_append_string_n,,0,0,4,__ockl_fprintf_append_string_n|operand|zext|int|8|0||0|0|4
429,result,shl,int,64,-1,__ockl_fprintf_append_string_n,,0,0,3,__ockl_fprintf_append_string_n|result|shl|int|64|-1||0|0|3
430,operand,shl,int,64,0,__ockl_fprintf_append_string_n,,0,0,3,__ockl_fprintf_append_string_n|operand|shl|int|64|0||0|0|3
431,result,or,int,64,-1,__ockl_fprintf_append_string_n,,0,0,6,__ockl_fprintf_append_string_n|result|or|int|64|-1||0|0|6
432,operand,or,int,64,0,__ockl_fprintf_append_string_n,,0,0,6,__ockl_fprintf_append_string_n|operand|or|int|64|0||0|0|6
433,operand,or,int,64,1,__ockl_fprintf_append_string_n,,0,0,4,__ockl_fprintf_append_string_n|operand|or|int|64|1||0|0|4
434,result,load,int,8,-1,__ockl_fprintf_append_string_n,,0,0,5,__ockl_fprintf_append_string_n|result|load|int|8|-1||0|0|5
435,pointer,load,ptr,64,0,__ockl_fprintf_append_string_n,,0,0,5,__ockl_fprintf_append_string_n|pointer|load|ptr|64|0||0|0|5
436,result,zext,int,64,-1,__ockl_fprintf_append_string_n,,0,0,5,__ockl_fprintf_append_string_n|result|zext|int|64|-1||0|0|5
437,operand,zext,int,8,0,__ockl_fprintf_append_string_n,,0,0,5,__ockl_fprintf_append_string_n|operand|zext|int|8|0||0|0|5
438,result,shl,int,64,-1,__ockl_fprintf_append_string_n,,0,0,4,__ockl_fprintf_append_string_n|result|shl|int|64|-1||0|0|4
439,operand,shl,int,64,0,__ockl_fprintf_append_string_n,,0,0,4,__ockl_fprintf_append_string_n|operand|shl|int|64|0||0|0|4
440,result,or,int,64,-1,__ockl_fprintf_append_string_n,,0,0,7,__ockl_fprintf_append_string_n|result|or|int|64|-1||0|0|7
441,operand,or,int,64,0,__ockl_fprintf_append_string_n,,0,0,7,__ockl_fprintf_append_string_n|operand|or|int|64|0||0|0|7
442,operand,or,int,64,1,__ockl_fprintf_append_string_n,,0,0,5,__ockl_fprintf_append_string_n|operand|or|int|64|1||0|0|5
443,result,load,int,8,-1,__ockl_fprintf_append_string_n,,0,0,6,__ockl_fprintf_append_string_n|result|load|int|8|-1||0|0|6
444,pointer,load,ptr,64,0,__ockl_fprintf_append_string_n,,0,0,6,__ockl_fprintf_append_string_n|pointer|load|ptr|64|0||0|0|6
445,result,zext,int,64,-1,__ockl_fprintf_append_string_n,,0,0,6,__ockl_fprintf_append_string_n|result|zext|int|64|-1||0|0|6
446,operand,zext,int,8,0,__ockl_fprintf_append_string_n,,0,0,6,__ockl_fprintf_append_string_n|operand|zext|int|8|0||0|0|6
447,result,shl,int,64,-1,__ockl_fprintf_append_string_n,,0,0,5,__ockl_fprintf_append_string_n|result|shl|int|64|-1||0|0|5
448,operand,shl,int,64,0,__ockl_fprintf_append_string_n,,0,0,5,__ockl_fprintf_append_string_n|operand|shl|int|64|0||0|0|5
449,result,or,int,64,-1,__ockl_fprintf_append_string_n,,0,0,8,__ockl_fprintf_append_string_n|result|or|int|64|-1||0|0|8
450,operand,or,int,64,0,__ockl_fprintf_append_string_n,,0,0,8,__ockl_fprintf_append_string_n|operand|or|int|64|0||0|0|8
451,operand,or,int,64,1,__ockl_fprintf_append_string_n,,0,0,6,__ockl_fprintf_append_string_n|operand|or|int|64|1||0|0|6
452,result,load,int,8,-1,__ockl_fprintf_append_string_n,,0,0,7,__ockl_fprintf_append_string_n|result|load|int|8|-1||0|0|7
453,pointer,load,ptr,64,0,__ockl_fprintf_append_string_n,,0,0,7,__ockl_fprintf_append_string_n|pointer|load|ptr|64|0||0|0|7
454,result,zext,int,64,-1,__ockl_fprintf_append_string_n,,0,0,7,__ockl_fprintf_append_string_n|result|zext|int|64|-1||0|0|7
455,operand,zext,int,8,0,__ockl_fprintf_append_string_n,,0,0,7,__ockl_fprintf_append_string_n|operand|zext|int|8|0||0|0|7
456,result,shl,int,64,-1,__ockl_fprintf_append_string_n,,0,0,6,__ockl_fprintf_append_string_n|result|shl|int|64|-1||0|0|6
457,operand,shl,int,64,0,__ockl_fprintf_append_string_n,,0,0,6,__ockl_fprintf_append_string_n|operand|shl|int|64|0||0|0|6
458,result,or,int,64,-1,__ockl_fprintf_append_string_n,,0,0,9,__ockl_fprintf_append_string_n|result|or|int|64|-1||0|0|9
459,operand,or,int,64,0,__ockl_fprintf_append_string_n,,0,0,9,__ockl_fprintf_append_string_n|operand|or|int|64|0||0|0|9
460,operand,or,int,64,1,__ockl_fprintf_append_string_n,,0,0,7,__ockl_fprintf_append_string_n|operand|or|int|64|1||0|0|7
461,result,load,int,8,-1,__ockl_fprintf_append_string_n,,0,0,8,__ockl_fprintf_append_string_n|result|load|int|8|-1||0|0|8
462,pointer,load,ptr,64,0,__ockl_fprintf_append_string_n,,0,0,8,__ockl_fprintf_append_string_n|pointer|load|ptr|64|0||0|0|8
463,result,zext,int,64,-1,__ockl_fprintf_append_string_n,,0,0,8,__ockl_fprintf_append_string_n|result|zext|int|64|-1||0|0|8
464,operand,zext,int,8,0,__ockl_fprintf_append_string_n,,0,0,8,__ockl_fprintf_append_string_n|operand|zext|int|8|0||0|0|8
465,result,shl,int,64,-1,__ockl_fprintf_append_string_n,,0,0,7,__ockl_fprintf_append_string_n|result|shl|int|64|-1||0|0|7
466,operand,shl,int,64,0,__ockl_fprintf_append_string_n,,0,0,7,__ockl_fprintf_append_string_n|operand|shl|int|64|0||0|0|7
467,result,or,int,64,-1,__ockl_fprintf_append_string_n,,0,0,10,__ockl_fprintf_append_string_n|result|or|int|64|-1||0|0|10
468,operand,or,int,64,0,__ockl_fprintf_append_string_n,,0,0,10,__ockl_fprintf_append_string_n|operand|or|int|64|0||0|0|10
469,operand,or,int,64,1,__ockl_fprintf_append_string_n,,0,0,8,__ockl_fprintf_append_string_n|operand|or|int|64|1||0|0|8
470,result,add,int,32,-1,__ockl_fprintf_append_string_n,,0,0,1,__ockl_fprintf_append_string_n|result|add|int|32|-1||0|0|1
471,operand,add,int,32,0,__ockl_fprintf_append_string_n,,0,0,1,__ockl_fprintf_append_string_n|operand|add|int|32|0||0|0|1
472,result,phi,int,32,-1,__ockl_fprintf_append_string_n,,0,0,1,__ockl_fprintf_append_string_n|result|phi|int|32|-1||0|0|1
473,result,phi,int,64,-1,__ockl_fprintf_append_string_n,,0,0,2,__ockl_fprintf_append_string_n|result|phi|int|64|-1||0|0|2
474,result,zext,int,64,-1,__ockl_fprintf_append_string_n,,0,0,9,__ockl_fprintf_append_string_n|result|zext|int|64|-1||0|0|9
475,operand,zext,int,32,0,__ockl_fprintf_append_string_n,,0,0,1,__ockl_fprintf_append_string_n|operand|zext|int|32|0||0|0|1
476,result,load,int,8,-1,__ockl_fprintf_append_string_n,,0,0,9,__ockl_fprintf_append_string_n|result|load|int|8|-1||0|0|9
477,pointer,load,ptr,64,0,__ockl_fprintf_append_string_n,,0,0,9,__ockl_fprintf_append_string_n|pointer|load|ptr|64|0||0|0|9
478,result,zext,int,64,-1,__ockl_fprintf_append_string_n,,0,0,10,__ockl_fprintf_append_string_n|result|zext|int|64|-1||0|0|10
479,operand,zext,int,8,0,__ockl_fprintf_append_string_n,,0,0,9,__ockl_fprintf_append_string_n|operand|zext|int|8|0||0|0|9
480,result,shl,int,32,-1,__ockl_fprintf_append_string_n,,0,0,1,__ockl_fprintf_append_string_n|result|shl|int|32|-1||0|0|1
481,operand,shl,int,32,0,__ockl_fprintf_append_string_n,,0,0,1,__ockl_fprintf_append_string_n|operand|shl|int|32|0||0|0|1
482,result,zext,int,64,-1,__ockl_fprintf_append_string_n,,0,0,11,__ockl_fprintf_append_string_n|result|zext|int|64|-1||0|0|11
483,operand,zext,int,32,0,__ockl_fprintf_append_string_n,,0,0,2,__ockl_fprintf_append_string_n|operand|zext|int|32|0||0|0|2
484,result,shl,int,64,-1,__ockl_fprintf_append_string_n,,0,0,8,__ockl_fprintf_append_string_n|result|shl|int|64|-1||0|0|8
485,operand,shl,int,64,0,__ockl_fprintf_append_string_n,,0,0,8,__ockl_fprintf_append_string_n|operand|shl|int|64|0||0|0|8
486,operand,shl,int,64,1,__ockl_fprintf_append_string_n,,0,0,1,__ockl_fprintf_append_string_n|operand|shl|int|64|1||0|0|1
487,result,or,int,64,-1,__ockl_fprintf_append_string_n,,0,0,11,__ockl_fprintf_append_string_n|result|or|int|64|-1||0|0|11
488,operand,or,int,64,0,__ockl_fprintf_append_string_n,,0,0,11,__ockl_fprintf_append_string_n|operand|or|int|64|0||0|0|11
489,operand,or,int,64,1,__ockl_fprintf_append_string_n,,0,0,9,__ockl_fprintf_append_string_n|operand|or|int|64|1||0|0|9
490,result,add,int,32,-1,__ockl_fprintf_append_string_n,,0,0,2,__ockl_fprintf_append_string_n|result|add|int|32|-1||0|0|2
491,operand,add,int,32,0,__ockl_fprintf_append_string_n,,0,0,2,__ockl_fprintf_append_string_n|operand|add|int|32|0||0|0|2
492,result,icmp,int,1,-1,__ockl_fprintf_append_string_n,,0,0,6,__ockl_fprintf_append_string_n|result|icmp|int|1|-1||0|0|6
493,operand,icmp,int,32,0,__ockl_fprintf_append_string_n,,0,0,2,__ockl_fprintf_append_string_n|operand|icmp|int|32|0||0|0|2
494,operand,icmp,int,32,1,__ockl_fprintf_append_string_n,,0,0,1,__ockl_fprintf_append_string_n|operand|icmp|int|32|1||0|0|1
495,result,phi,int,32,-1,__ockl_fprintf_append_string_n,,0,0,2,__ockl_fprintf_append_string_n|result|phi|int|32|-1||0|0|2
496,result,phi,int,64,-1,__ockl_fprintf_append_string_n,,0,0,3,__ockl_fprintf_append_string_n|result|phi|int|64|-1||0|0|3
497,result,icmp,int,1,-1,__ockl_fprintf_append_string_n,,0,0,7,__ockl_fprintf_append_string_n|result|icmp|int|1|-1||0|0|7
498,operand,icmp,int,32,0,__ockl_fprintf_append_string_n,,0,0,3,__ockl_fprintf_append_string_n|operand|icmp|int|32|0||0|0|3
499,result,icmp,int,1,-1,__ockl_fprintf_append_string_n,,0,0,8,__ockl_fprintf_append_string_n|result|icmp|int|1|-1||0|0|8
500,operand,icmp,int,32,0,__ockl_fprintf_append_string_n,,0,0,4,__ockl_fprintf_append_string_n|operand|icmp|int|32|0||0|0|4
501,result,load,int,8,-1,__ockl_fprintf_append_string_n,,0,0,10,__ockl_fprintf_append_string_n|result|load|int|8|-1||0|0|10
502,pointer,load,ptr,64,0,__ockl_fprintf_append_string_n,,0,0,10,__ockl_fprintf_append_string_n|pointer|load|ptr|64|0||0|0|10
503,result,zext,int,64,-1,__ockl_fprintf_append_string_n,,0,0,12,__ockl_fprintf_append_string_n|result|zext|int|64|-1||0|0|12
504,operand,zext,int,8,0,__ockl_fprintf_append_string_n,,0,0,10,__ockl_fprintf_append_string_n|operand|zext|int|8|0||0|0|10
505,result,load,int,8,-1,__ockl_fprintf_append_string_n,,0,0,11,__ockl_fprintf_append_string_n|result|load|int|8|-1||0|0|11
506,pointer,load,ptr,64,0,__ockl_fprintf_append_string_n,,0,0,11,__ockl_fprintf_append_string_n|pointer|load|ptr|64|0||0|0|11
507,result,zext,int,64,-1,__ockl_fprintf_append_string_n,,0,0,13,__ockl_fprintf_append_string_n|result|zext|int|64|-1||0|0|13
508,operand,zext,int,8,0,__ockl_fprintf_append_string_n,,0,0,11,__ockl_fprintf_append_string_n|operand|zext|int|8|0||0|0|11
509,result,shl,int,64,-1,__ockl_fprintf_append_string_n,,0,0,9,__ockl_fprintf_append_string_n|result|shl|int|64|-1||0|0|9
510,operand,shl,int,64,0,__ockl_fprintf_append_string_n,,0,0,9,__ockl_fprintf_append_string_n|operand|shl|int|64|0||0|0|9
511,result,or,int,64,-1,__ockl_fprintf_append_string_n,,0,0,12,__ockl_fprintf_append_string_n|result|or|int|64|-1||0|0|12
512,operand,or,int,64,0,__ockl_fprintf_append_string_n,,0,0,12,__ockl_fprintf_append_string_n|operand|or|int|64|0||0|0|12
513,operand,or,int,64,1,__ockl_fprintf_append_string_n,,0,0,10,__ockl_fprintf_append_string_n|operand|or|int|64|1||0|0|10
514,result,load,int,8,-1,__ockl_fprintf_append_string_n,,0,0,12,__ockl_fprintf_append_string_n|result|load|int|8|-1||0|0|12
515,pointer,load,ptr,64,0,__ockl_fprintf_append_string_n,,0,0,12,__ockl_fprintf_append_string_n|pointer|load|ptr|64|0||0|0|12
516,result,zext,int,64,-1,__ockl_fprintf_append_string_n,,0,0,14,__ockl_fprintf_append_string_n|result|zext|int|64|-1||0|0|14
517,operand,zext,int,8,0,__ockl_fprintf_append_string_n,,0,0,12,__ockl_fprintf_append_string_n|operand|zext|int|8|0||0|0|12
518,result,shl,int,64,-1,__ockl_fprintf_append_string_n,,0,0,10,__ockl_fprintf_append_string_n|result|shl|int|64|-1||0|0|10
519,operand,shl,int,64,0,__ockl_fprintf_append_string_n,,0,0,10,__ockl_fprintf_append_string_n|operand|shl|int|64|0||0|0|10
520,result,or,int,64,-1,__ockl_fprintf_append_string_n,,0,0,13,__ockl_fprintf_append_string_n|result|or|int|64|-1||0|0|13
521,operand,or,int,64,0,__ockl_fprintf_append_string_n,,0,0,13,__ockl_fprintf_append_string_n|operand|or|int|64|0||0|0|13
522,operand,or,int,64,1,__ockl_fprintf_append_string_n,,0,0,11,__ockl_fprintf_append_string_n|operand|or|int|64|1||0|0|11
523,result,load,int,8,-1,__ockl_fprintf_append_string_n,,0,0,13,__ockl_fprintf_append_string_n|result|load|int|8|-1||0|0|13
524,pointer,load,ptr,64,0,__ockl_fprintf_append_string_n,,0,0,13,__ockl_fprintf_append_string_n|pointer|load|ptr|64|0||0|0|13
525,result,zext,int,64,-1,__ockl_fprintf_append_string_n,,0,0,15,__ockl_fprintf_append_string_n|result|zext|int|64|-1||0|0|15
526,operand,zext,int,8,0,__ockl_fprintf_append_string_n,,0,0,13,__ockl_fprintf_append_string_n|operand|zext|int|8|0||0|0|13
527,result,shl,int,64,-1,__ockl_fprintf_append_string_n,,0,0,11,__ockl_fprintf_append_string_n|result|shl|int|64|-1||0|0|11
528,operand,shl,int,64,0,__ockl_fprintf_append_string_n,,0,0,11,__ockl_fprintf_append_string_n|operand|shl|int|64|0||0|0|11
529,result,or,int,64,-1,__ockl_fprintf_append_string_n,,0,0,14,__ockl_fprintf_append_string_n|result|or|int|64|-1||0|0|14
530,operand,or,int,64,0,__ockl_fprintf_append_string_n,,0,0,14,__ockl_fprintf_append_string_n|operand|or|int|64|0||0|0|14
531,operand,or,int,64,1,__ockl_fprintf_append_string_n,,0,0,12,__ockl_fprintf_append_string_n|operand|or|int|64|1||0|0|12
532,result,load,int,8,-1,__ockl_fprintf_append_string_n,,0,0,14,__ockl_fprintf_append_string_n|result|load|int|8|-1||0|0|14
533,pointer,load,ptr,64,0,__ockl_fprintf_append_string_n,,0,0,14,__ockl_fprintf_append_string_n|pointer|load|ptr|64|0||0|0|14
534,result,zext,int,64,-1,__ockl_fprintf_append_string_n,,0,0,16,__ockl_fprintf_append_string_n|result|zext|int|64|-1||0|0|16
535,operand,zext,int,8,0,__ockl_fprintf_append_string_n,,0,0,14,__ockl_fprintf_append_string_n|operand|zext|int|8|0||0|0|14
536,result,shl,int,64,-1,__ockl_fprintf_append_string_n,,0,0,12,__ockl_fprintf_append_string_n|result|shl|int|64|-1||0|0|12
537,operand,shl,int,64,0,__ockl_fprintf_append_string_n,,0,0,12,__ockl_fprintf_append_string_n|operand|shl|int|64|0||0|0|12
538,result,or,int,64,-1,__ockl_fprintf_append_string_n,,0,0,15,__ockl_fprintf_append_string_n|result|or|int|64|-1||0|0|15
539,operand,or,int,64,0,__ockl_fprintf_append_string_n,,0,0,15,__ockl_fprintf_append_string_n|operand|or|int|64|0||0|0|15
540,operand,or,int,64,1,__ockl_fprintf_append_string_n,,0,0,13,__ockl_fprintf_append_string_n|operand|or|int|64|1||0|0|13
541,result,load,int,8,-1,__ockl_fprintf_append_string_n,,0,0,15,__ockl_fprintf_append_string_n|result|load|int|8|-1||0|0|15
542,pointer,load,ptr,64,0,__ockl_fprintf_append_string_n,,0,0,15,__ockl_fprintf_append_string_n|pointer|load|ptr|64|0||0|0|15
543,result,zext,int,64,-1,__ockl_fprintf_append_string_n,,0,0,17,__ockl_fprintf_append_string_n|result|zext|int|64|-1||0|0|17
544,operand,zext,int,8,0,__ockl_fprintf_append_string_n,,0,0,15,__ockl_fprintf_append_string_n|operand|zext|int|8|0||0|0|15
545,result,shl,int,64,-1,__ockl_fprintf_append_string_n,,0,0,13,__ockl_fprintf_append_string_n|result|shl|int|64|-1||0|0|13
546,operand,shl,int,64,0,__ockl_fprintf_append_string_n,,0,0,13,__ockl_fprintf_append_string_n|operand|shl|int|64|0||0|0|13
547,result,or,int,64,-1,__ockl_fprintf_append_string_n,,0,0,16,__ockl_fprintf_append_string_n|result|or|int|64|-1||0|0|16
548,operand,or,int,64,0,__ockl_fprintf_append_string_n,,0,0,16,__ockl_fprintf_append_string_n|operand|or|int|64|0||0|0|16
549,operand,or,int,64,1,__ockl_fprintf_append_string_n,,0,0,14,__ockl_fprintf_append_string_n|operand|or|int|64|1||0|0|14
550,result,load,int,8,-1,__ockl_fprintf_append_string_n,,0,0,16,__ockl_fprintf_append_string_n|result|load|int|8|-1||0|0|16
551,pointer,load,ptr,64,0,__ockl_fprintf_append_string_n,,0,0,16,__ockl_fprintf_append_string_n|pointer|load|ptr|64|0||0|0|16
552,result,zext,int,64,-1,__ockl_fprintf_append_string_n,,0,0,18,__ockl_fprintf_append_string_n|result|zext|int|64|-1||0|0|18
553,operand,zext,int,8,0,__ockl_fprintf_append_string_n,,0,0,16,__ockl_fprintf_append_string_n|operand|zext|int|8|0||0|0|16
554,result,shl,int,64,-1,__ockl_fprintf_append_string_n,,0,0,14,__ockl_fprintf_append_string_n|result|shl|int|64|-1||0|0|14
555,operand,shl,int,64,0,__ockl_fprintf_append_string_n,,0,0,14,__ockl_fprintf_append_string_n|operand|shl|int|64|0||0|0|14
556,result,or,int,64,-1,__ockl_fprintf_append_string_n,,0,0,17,__ockl_fprintf_append_string_n|result|or|int|64|-1||0|0|17
557,operand,or,int,64,0,__ockl_fprintf_append_string_n,,0,0,17,__ockl_fprintf_append_string_n|operand|or|int|64|0||0|0|17
558,operand,or,int,64,1,__ockl_fprintf_append_string_n,,0,0,15,__ockl_fprintf_append_string_n|operand|or|int|64|1||0|0|15
559,result,load,int,8,-1,__ockl_fprintf_append_string_n,,0,0,17,__ockl_fprintf_append_string_n|result|load|int|8|-1||0|0|17
560,pointer,load,ptr,64,0,__ockl_fprintf_append_string_n,,0,0,17,__ockl_fprintf_append_string_n|pointer|load|ptr|64|0||0|0|17
561,result,zext,int,64,-1,__ockl_fprintf_append_string_n,,0,0,19,__ockl_fprintf_append_string_n|result|zext|int|64|-1||0|0|19
562,operand,zext,int,8,0,__ockl_fprintf_append_string_n,,0,0,17,__ockl_fprintf_append_string_n|operand|zext|int|8|0||0|0|17
563,result,shl,int,64,-1,__ockl_fprintf_append_string_n,,0,0,15,__ockl_fprintf_append_string_n|result|shl|int|64|-1||0|0|15
564,operand,shl,int,64,0,__ockl_fprintf_append_string_n,,0,0,15,__ockl_fprintf_append_string_n|operand|shl|int|64|0||0|0|15
565,result,or,int,64,-1,__ockl_fprintf_append_string_n,,0,0,18,__ockl_fprintf_append_string_n|result|or|int|64|-1||0|0|18
566,operand,or,int,64,0,__ockl_fprintf_append_string_n,,0,0,18,__ockl_fprintf_append_string_n|operand|or|int|64|0||0|0|18
567,operand,or,int,64,1,__ockl_fprintf_append_string_n,,0,0,16,__ockl_fprintf_append_string_n|operand|or|int|64|1||0|0|16
568,result,add,int,32,-1,__ockl_fprintf_append_string_n,,0,0,3,__ockl_fprintf_append_string_n|result|add|int|32|-1||0|0|3
569,operand,add,int,32,0,__ockl_fprintf_append_string_n,,0,0,3,__ockl_fprintf_append_string_n|operand|add|int|32|0||0|0|3
570,result,phi,int,32,-1,__ockl_fprintf_append_string_n,,0,0,3,__ockl_fprintf_append_string_n|result|phi|int|32|-1||0|0|3
571,result,phi,int,64,-1,__ockl_fprintf_append_string_n,,0,0,4,__ockl_fprintf_append_string_n|result|phi|int|64|-1||0|0|4
572,result,zext,int,64,-1,__ockl_fprintf_append_string_n,,0,0,20,__ockl_fprintf_append_string_n|result|zext|int|64|-1||0|0|20
573,operand,zext,int,32,0,__ockl_fprintf_append_string_n,,0,0,3,__ockl_fprintf_append_string_n|operand|zext|int|32|0||0|0|3
574,result,load,int,8,-1,__ockl_fprintf_append_string_n,,0,0,18,__ockl_fprintf_append_string_n|result|load|int|8|-1||0|0|18
575,pointer,load,ptr,64,0,__ockl_fprintf_append_string_n,,0,0,18,__ockl_fprintf_append_string_n|pointer|load|ptr|64|0||0|0|18
576,result,zext,int,64,-1,__ockl_fprintf_append_string_n,,0,0,21,__ockl_fprintf_append_string_n|result|zext|int|64|-1||0|0|21
577,operand,zext,int,8,0,__ockl_fprintf_append_string_n,,0,0,18,__ockl_fprintf_append_string_n|operand|zext|int|8|0||0|0|18
578,result,shl,int,32,-1,__ockl_fprintf_append_string_n,,0,0,2,__ockl_fprintf_append_string_n|result|shl|int|32|-1||0|0|2
579,operand,shl,int,32,0,__ockl_fprintf_append_string_n,,0,0,2,__ockl_fprintf_append_string_n|operand|shl|int|32|0||0|0|2
580,result,zext,int,64,-1,__ockl_fprintf_append_string_n,,0,0,22,__ockl_fprintf_append_string_n|result|zext|int|64|-1||0|0|22
581,operand,zext,int,32,0,__ockl_fprintf_append_string_n,,0,0,4,__ockl_fprintf_append_string_n|operand|zext|int|32|0||0|0|4
582,result,shl,int,64,-1,__ockl_fprintf_append_string_n,,0,0,16,__ockl_fprintf_append_string_n|result|shl|int|64|-1||0|0|16
583,operand,shl,int,64,0,__ockl_fprintf_append_string_n,,0,0,16,__ockl_fprintf_append_string_n|operand|shl|int|64|0||0|0|16
584,operand,shl,int,64,1,__ockl_fprintf_append_string_n,,0,0,2,__ockl_fprintf_append_string_n|operand|shl|int|64|1||0|0|2
585,result,or,int,64,-1,__ockl_fprintf_append_string_n,,0,0,19,__ockl_fprintf_append_string_n|result|or|int|64|-1||0|0|19
586,operand,or,int,64,0,__ockl_fprintf_append_string_n,,0,0,19,__ockl_fprintf_append_string_n|operand|or|int|64|0||0|0|19
587,operand,or,int,64,1,__ockl_fprintf_append_string_n,,0,0,17,__ockl_fprintf_append_string_n|operand|or|int|64|1||0|0|17
588,result,add,int,32,-1,__ockl_fprintf_append_string_n,,0,0,4,__ockl_fprintf_append_string_n|result|add|int|32|-1||0|0|4
589,operand,add,int,32,0,__ockl_fprintf_append_string_n,,0,0,4,__ockl_fprintf_append_string_n|operand|add|int|32|0||0|0|4
590,result,icmp,int,1,-1,__ockl_fprintf_append_string_n,,0,0,9,__ockl_fprintf_append_string_n|result|icmp|int|1|-1||0|0|9
591,operand,icmp,int,32,0,__ockl_fprintf_append_string_n,,0,0,5,__ockl_fprintf_append_string_n|operand|icmp|int|32|0||0|0|5
592,operand,icmp,int,32,1,__ockl_fprintf_append_string_n,,0,0,2,__ockl_fprintf_append_string_n|operand|icmp|int|32|1||0|0|2
593,result,phi,int,32,-1,__ockl_fprintf_append_string_n,,0,0,4,__ockl_fprintf_append_string_n|result|phi|int|32|-1||0|0|4
594,result,phi,int,64,-1,__ockl_fprintf_append_string_n,,0,0,5,__ockl_fprintf_append_string_n|result|phi|int|64|-1||0|0|5
595,result,icmp,int,1,-1,__ockl_fprintf_append_string_n,,0,0,10,__ockl_fprintf_append_string_n|result|icmp|int|1|-1||0|0|10
596,operand,icmp,int,32,0,__ockl_fprintf_append_string_n,,0,0,6,__ockl_fprintf_append_string_n|operand|icmp|int|32|0||0|0|6
597,result,icmp,int,1,-1,__ockl_fprintf_append_string_n,,0,0,11,__ockl_fprintf_append_string_n|result|icmp|int|1|-1||0|0|11
598,operand,icmp,int,32,0,__ockl_fprintf_append_string_n,,0,0,7,__ockl_fprintf_append_string_n|operand|icmp|int|32|0||0|0|7
599,result,load,int,8,-1,__ockl_fprintf_append_string_n,,0,0,19,__ockl_fprintf_append_string_n|result|load|int|8|-1||0|0|19
600,pointer,load,ptr,64,0,__ockl_fprintf_append_string_n,,0,0,19,__ockl_fprintf_append_string_n|pointer|load|ptr|64|0||0|0|19
601,result,zext,int,64,-1,__ockl_fprintf_append_string_n,,0,0,23,__ockl_fprintf_append_string_n|result|zext|int|64|-1||0|0|23
602,operand,zext,int,8,0,__ockl_fprintf_append_string_n,,0,0,19,__ockl_fprintf_append_string_n|operand|zext|int|8|0||0|0|19
603,result,load,int,8,-1,__ockl_fprintf_append_string_n,,0,0,20,__ockl_fprintf_append_string_n|result|load|int|8|-1||0|0|20
604,pointer,load,ptr,64,0,__ockl_fprintf_append_string_n,,0,0,20,__ockl_fprintf_append_string_n|pointer|load|ptr|64|0||0|0|20
605,result,zext,int,64,-1,__ockl_fprintf_append_string_n,,0,0,24,__ockl_fprintf_append_string_n|result|zext|int|64|-1||0|0|24
606,operand,zext,int,8,0,__ockl_fprintf_append_string_n,,0,0,20,__ockl_fprintf_append_string_n|operand|zext|int|8|0||0|0|20
607,result,shl,int,64,-1,__ockl_fprintf_append_string_n,,0,0,17,__ockl_fprintf_append_string_n|result|shl|int|64|-1||0|0|17
608,operand,shl,int,64,0,__ockl_fprintf_append_string_n,,0,0,17,__ockl_fprintf_append_string_n|operand|shl|int|64|0||0|0|17
609,result,or,int,64,-1,__ockl_fprintf_append_string_n,,0,0,20,__ockl_fprintf_append_string_n|result|or|int|64|-1||0|0|20
610,operand,or,int,64,0,__ockl_fprintf_append_string_n,,0,0,20,__ockl_fprintf_append_string_n|operand|or|int|64|0||0|0|20
611,operand,or,int,64,1,__ockl_fprintf_append_string_n,,0,0,18,__ockl_fprintf_append_string_n|operand|or|int|64|1||0|0|18
612,result,load,int,8,-1,__ockl_fprintf_append_string_n,,0,0,21,__ockl_fprintf_append_string_n|result|load|int|8|-1||0|0|21
613,pointer,load,ptr,64,0,__ockl_fprintf_append_string_n,,0,0,21,__ockl_fprintf_append_string_n|pointer|load|ptr|64|0||0|0|21
614,result,zext,int,64,-1,__ockl_fprintf_append_string_n,,0,0,25,__ockl_fprintf_append_string_n|result|zext|int|64|-1||0|0|25
615,operand,zext,int,8,0,__ockl_fprintf_append_string_n,,0,0,21,__ockl_fprintf_append_string_n|operand|zext|int|8|0||0|0|21
616,result,shl,int,64,-1,__ockl_fprintf_append_string_n,,0,0,18,__ockl_fprintf_append_string_n|result|shl|int|64|-1||0|0|18
617,operand,shl,int,64,0,__ockl_fprintf_append_string_n,,0,0,18,__ockl_fprintf_append_string_n|operand|shl|int|64|0||0|0|18
618,result,or,int,64,-1,__ockl_fprintf_append_string_n,,0,0,21,__ockl_fprintf_append_string_n|result|or|int|64|-1||0|0|21
619,operand,or,int,64,0,__ockl_fprintf_append_string_n,,0,0,21,__ockl_fprintf_append_string_n|operand|or|int|64|0||0|0|21
620,operand,or,int,64,1,__ockl_fprintf_append_string_n,,0,0,19,__ockl_fprintf_append_string_n|operand|or|int|64|1||0|0|19
621,result,load,int,8,-1,__ockl_fprintf_append_string_n,,0,0,22,__ockl_fprintf_append_string_n|result|load|int|8|-1||0|0|22
622,pointer,load,ptr,64,0,__ockl_fprintf_append_string_n,,0,0,22,__ockl_fprintf_append_string_n|pointer|load|ptr|64|0||0|0|22
623,result,zext,int,64,-1,__ockl_fprintf_append_string_n,,0,0,26,__ockl_fprintf_append_string_n|result|zext|int|64|-1||0|0|26
624,operand,zext,int,8,0,__ockl_fprintf_append_string_n,,0,0,22,__ockl_fprintf_append_string_n|operand|zext|int|8|0||0|0|22
625,result,shl,int,64,-1,__ockl_fprintf_append_string_n,,0,0,19,__ockl_fprintf_append_string_n|result|shl|int|64|-1||0|0|19
626,operand,shl,int,64,0,__ockl_fprintf_append_string_n,,0,0,19,__ockl_fprintf_append_string_n|operand|shl|int|64|0||0|0|19
627,result,or,int,64,-1,__ockl_fprintf_append_string_n,,0,0,22,__ockl_fprintf_append_string_n|result|or|int|64|-1||0|0|22
628,operand,or,int,64,0,__ockl_fprintf_append_string_n,,0,0,22,__ockl_fprintf_append_string_n|operand|or|int|64|0||0|0|22
629,operand,or,int,64,1,__ockl_fprintf_append_string_n,,0,0,20,__ockl_fprintf_append_string_n|operand|or|int|64|1||0|0|20
630,result,load,int,8,-1,__ockl_fprintf_append_string_n,,0,0,23,__ockl_fprintf_append_string_n|result|load|int|8|-1||0|0|23
631,pointer,load,ptr,64,0,__ockl_fprintf_append_string_n,,0,0,23,__ockl_fprintf_append_string_n|pointer|load|ptr|64|0||0|0|23
632,result,zext,int,64,-1,__ockl_fprintf_append_string_n,,0,0,27,__ockl_fprintf_append_string_n|result|zext|int|64|-1||0|0|27
633,operand,zext,int,8,0,__ockl_fprintf_append_string_n,,0,0,23,__ockl_fprintf_append_string_n|operand|zext|int|8|0||0|0|23
634,result,shl,int,64,-1,__ockl_fprintf_append_string_n,,0,0,20,__ockl_fprintf_append_string_n|result|shl|int|64|-1||0|0|20
635,operand,shl,int,64,0,__ockl_fprintf_append_string_n,,0,0,20,__ockl_fprintf_append_string_n|operand|shl|int|64|0||0|0|20
636,result,or,int,64,-1,__ockl_fprintf_append_string_n,,0,0,23,__ockl_fprintf_append_string_n|result|or|int|64|-1||0|0|23
637,operand,or,int,64,0,__ockl_fprintf_append_string_n,,0,0,23,__ockl_fprintf_append_string_n|operand|or|int|64|0||0|0|23
638,operand,or,int,64,1,__ockl_fprintf_append_string_n,,0,0,21,__ockl_fprintf_append_string_n|operand|or|int|64|1||0|0|21
639,result,load,int,8,-1,__ockl_fprintf_append_string_n,,0,0,24,__ockl_fprintf_append_string_n|result|load|int|8|-1||0|0|24
640,pointer,load,ptr,64,0,__ockl_fprintf_append_string_n,,0,0,24,__ockl_fprintf_append_string_n|pointer|load|ptr|64|0||0|0|24
641,result,zext,int,64,-1,__ockl_fprintf_append_string_n,,0,0,28,__ockl_fprintf_append_string_n|result|zext|int|64|-1||0|0|28
642,operand,zext,int,8,0,__ockl_fprintf_append_string_n,,0,0,24,__ockl_fprintf_append_string_n|operand|zext|int|8|0||0|0|24
643,result,shl,int,64,-1,__ockl_fprintf_append_string_n,,0,0,21,__ockl_fprintf_append_string_n|result|shl|int|64|-1||0|0|21
644,operand,shl,int,64,0,__ockl_fprintf_append_string_n,,0,0,21,__ockl_fprintf_append_string_n|operand|shl|int|64|0||0|0|21
645,result,or,int,64,-1,__ockl_fprintf_append_string_n,,0,0,24,__ockl_fprintf_append_string_n|result|or|int|64|-1||0|0|24
646,operand,or,int,64,0,__ockl_fprintf_append_string_n,,0,0,24,__ockl_fprintf_append_string_n|operand|or|int|64|0||0|0|24
647,operand,or,int,64,1,__ockl_fprintf_append_string_n,,0,0,22,__ockl_fprintf_append_string_n|operand|or|int|64|1||0|0|22
648,result,load,int,8,-1,__ockl_fprintf_append_string_n,,0,0,25,__ockl_fprintf_append_string_n|result|load|int|8|-1||0|0|25
649,pointer,load,ptr,64,0,__ockl_fprintf_append_string_n,,0,0,25,__ockl_fprintf_append_string_n|pointer|load|ptr|64|0||0|0|25
650,result,zext,int,64,-1,__ockl_fprintf_append_string_n,,0,0,29,__ockl_fprintf_append_string_n|result|zext|int|64|-1||0|0|29
651,operand,zext,int,8,0,__ockl_fprintf_append_string_n,,0,0,25,__ockl_fprintf_append_string_n|operand|zext|int|8|0||0|0|25
652,result,shl,int,64,-1,__ockl_fprintf_append_string_n,,0,0,22,__ockl_fprintf_append_string_n|result|shl|int|64|-1||0|0|22
653,operand,shl,int,64,0,__ockl_fprintf_append_string_n,,0,0,22,__ockl_fprintf_append_string_n|operand|shl|int|64|0||0|0|22
654,result,or,int,64,-1,__ockl_fprintf_append_string_n,,0,0,25,__ockl_fprintf_append_string_n|result|or|int|64|-1||0|0|25
655,operand,or,int,64,0,__ockl_fprintf_append_string_n,,0,0,25,__ockl_fprintf_append_string_n|operand|or|int|64|0||0|0|25
656,operand,or,int,64,1,__ockl_fprintf_append_string_n,,0,0,23,__ockl_fprintf_append_string_n|operand|or|int|64|1||0|0|23
657,result,load,int,8,-1,__ockl_fprintf_append_string_n,,0,0,26,__ockl_fprintf_append_string_n|result|load|int|8|-1||0|0|26
658,pointer,load,ptr,64,0,__ockl_fprintf_append_string_n,,0,0,26,__ockl_fprintf_append_string_n|pointer|load|ptr|64|0||0|0|26
659,result,zext,int,64,-1,__ockl_fprintf_append_string_n,,0,0,30,__ockl_fprintf_append_string_n|result|zext|int|64|-1||0|0|30
660,operand,zext,int,8,0,__ockl_fprintf_append_string_n,,0,0,26,__ockl_fprintf_append_string_n|operand|zext|int|8|0||0|0|26
661,result,shl,int,64,-1,__ockl_fprintf_append_string_n,,0,0,23,__ockl_fprintf_append_string_n|result|shl|int|64|-1||0|0|23
662,operand,shl,int,64,0,__ockl_fprintf_append_string_n,,0,0,23,__ockl_fprintf_append_string_n|operand|shl|int|64|0||0|0|23
663,result,or,int,64,-1,__ockl_fprintf_append_string_n,,0,0,26,__ockl_fprintf_append_string_n|result|or|int|64|-1||0|0|26
664,operand,or,int,64,0,__ockl_fprintf_append_string_n,,0,0,26,__ockl_fprintf_append_string_n|operand|or|int|64|0||0|0|26
665,operand,or,int,64,1,__ockl_fprintf_append_string_n,,0,0,24,__ockl_fprintf_append_string_n|operand|or|int|64|1||0|0|24
666,result,add,int,32,-1,__ockl_fprintf_append_string_n,,0,0,5,__ockl_fprintf_append_string_n|result|add|int|32|-1||0|0|5
667,operand,add,int,32,0,__ockl_fprintf_append_string_n,,0,0,5,__ockl_fprintf_append_string_n|operand|add|int|32|0||0|0|5
668,result,phi,int,32,-1,__ockl_fprintf_append_string_n,,0,0,5,__ockl_fprintf_append_string_n|result|phi|int|32|-1||0|0|5
669,result,phi,int,64,-1,__ockl_fprintf_append_string_n,,0,0,6,__ockl_fprintf_append_string_n|result|phi|int|64|-1||0|0|6
670,result,zext,int,64,-1,__ockl_fprintf_append_string_n,,0,0,31,__ockl_fprintf_append_string_n|result|zext|int|64|-1||0|0|31
671,operand,zext,int,32,0,__ockl_fprintf_append_string_n,,0,0,5,__ockl_fprintf_append_string_n|operand|zext|int|32|0||0|0|5
672,result,load,int,8,-1,__ockl_fprintf_append_string_n,,0,0,27,__ockl_fprintf_append_string_n|result|load|int|8|-1||0|0|27
673,pointer,load,ptr,64,0,__ockl_fprintf_append_string_n,,0,0,27,__ockl_fprintf_append_string_n|pointer|load|ptr|64|0||0|0|27
674,result,zext,int,64,-1,__ockl_fprintf_append_string_n,,0,0,32,__ockl_fprintf_append_string_n|result|zext|int|64|-1||0|0|32
675,operand,zext,int,8,0,__ockl_fprintf_append_string_n,,0,0,27,__ockl_fprintf_append_string_n|operand|zext|int|8|0||0|0|27
676,result,shl,int,32,-1,__ockl_fprintf_append_string_n,,0,0,3,__ockl_fprintf_append_string_n|result|shl|int|32|-1||0|0|3
677,operand,shl,int,32,0,__ockl_fprintf_append_string_n,,0,0,3,__ockl_fprintf_append_string_n|operand|shl|int|32|0||0|0|3
678,result,zext,int,64,-1,__ockl_fprintf_append_string_n,,0,0,33,__ockl_fprintf_append_string_n|result|zext|int|64|-1||0|0|33
679,operand,zext,int,32,0,__ockl_fprintf_append_string_n,,0,0,6,__ockl_fprintf_append_string_n|operand|zext|int|32|0||0|0|6
680,result,shl,int,64,-1,__ockl_fprintf_append_string_n,,0,0,24,__ockl_fprintf_append_string_n|result|shl|int|64|-1||0|0|24
681,operand,shl,int,64,0,__ockl_fprintf_append_string_n,,0,0,24,__ockl_fprintf_append_string_n|operand|shl|int|64|0||0|0|24
682,operand,shl,int,64,1,__ockl_fprintf_append_string_n,,0,0,3,__ockl_fprintf_append_string_n|operand|shl|int|64|1||0|0|3
683,result,or,int,64,-1,__ockl_fprintf_append_string_n,,0,0,27,__ockl_fprintf_append_string_n|result|or|int|64|-1||0|0|27
684,operand,or,int,64,0,__ockl_fprintf_append_string_n,,0,0,27,__ockl_fprintf_append_string_n|operand|or|int|64|0||0|0|27
685,operand,or,int,64,1,__ockl_fprintf_append_string_n,,0,0,25,__ockl_fprintf_append_string_n|operand|or|int|64|1||0|0|25
686,result,add,int,32,-1,__ockl_fprintf_append_string_n,,0,0,6,__ockl_fprintf_append_string_n|result|add|int|32|-1||0|0|6
687,operand,add,int,32,0,__ockl_fprintf_append_string_n,,0,0,6,__ockl_fprintf_append_string_n|operand|add|int|32|0||0|0|6
688,result,icmp,int,1,-1,__ockl_fprintf_append_string_n,,0,0,12,__ockl_fprintf_append_string_n|result|icmp|int|1|-1||0|0|12
689,operand,icmp,int,32,0,__ockl_fprintf_append_string_n,,0,0,8,__ockl_fprintf_append_string_n|operand|icmp|int|32|0||0|0|8
690,operand,icmp,int,32,1,__ockl_fprintf_append_string_n,,0,0,3,__ockl_fprintf_append_string_n|operand|icmp|int|32|1||0|0|3
691,result,phi,int,32,-1,__ockl_fprintf_append_string_n,,0,0,6,__ockl_fprintf_append_string_n|result|phi|int|32|-1||0|0|6
692,result,phi,int,64,-1,__ockl_fprintf_append_string_n,,0,0,7,__ockl_fprintf_append_string_n|result|phi|int|64|-1||0|0|7
693,result,icmp,int,1,-1,__ockl_fprintf_append_string_n,,0,0,13,__ockl_fprintf_append_string_n|result|icmp|int|1|-1||0|0|13
694,operand,icmp,int,32,0,__ockl_fprintf_append_string_n,,0,0,9,__ockl_fprintf_append_string_n|operand|icmp|int|32|0||0|0|9
695,result,icmp,int,1,-1,__ockl_fprintf_append_string_n,,0,0,14,__ockl_fprintf_append_string_n|result|icmp|int|1|-1||0|0|14
696,operand,icmp,int,32,0,__ockl_fprintf_append_string_n,,0,0,10,__ockl_fprintf_append_string_n|operand|icmp|int|32|0||0|0|10
697,result,load,int,8,-1,__ockl_fprintf_append_string_n,,0,0,28,__ockl_fprintf_append_string_n|result|load|int|8|-1||0|0|28
698,pointer,load,ptr,64,0,__ockl_fprintf_append_string_n,,0,0,28,__ockl_fprintf_append_string_n|pointer|load|ptr|64|0||0|0|28
699,result,zext,int,64,-1,__ockl_fprintf_append_string_n,,0,0,34,__ockl_fprintf_append_string_n|result|zext|int|64|-1||0|0|34
700,operand,zext,int,8,0,__ockl_fprintf_append_string_n,,0,0,28,__ockl_fprintf_append_string_n|operand|zext|int|8|0||0|0|28
701,result,load,int,8,-1,__ockl_fprintf_append_string_n,,0,0,29,__ockl_fprintf_append_string_n|result|load|int|8|-1||0|0|29
702,pointer,load,ptr,64,0,__ockl_fprintf_append_string_n,,0,0,29,__ockl_fprintf_append_string_n|pointer|load|ptr|64|0||0|0|29
703,result,zext,int,64,-1,__ockl_fprintf_append_string_n,,0,0,35,__ockl_fprintf_append_string_n|result|zext|int|64|-1||0|0|35
704,operand,zext,int,8,0,__ockl_fprintf_append_string_n,,0,0,29,__ockl_fprintf_append_string_n|operand|zext|int|8|0||0|0|29
705,result,shl,int,64,-1,__ockl_fprintf_append_string_n,,0,0,25,__ockl_fprintf_append_string_n|result|shl|int|64|-1||0|0|25
706,operand,shl,int,64,0,__ockl_fprintf_append_string_n,,0,0,25,__ockl_fprintf_append_string_n|operand|shl|int|64|0||0|0|25
707,result,or,int,64,-1,__ockl_fprintf_append_string_n,,0,0,28,__ockl_fprintf_append_string_n|result|or|int|64|-1||0|0|28
708,operand,or,int,64,0,__ockl_fprintf_append_string_n,,0,0,28,__ockl_fprintf_append_string_n|operand|or|int|64|0||0|0|28
709,operand,or,int,64,1,__ockl_fprintf_append_string_n,,0,0,26,__ockl_fprintf_append_string_n|operand|or|int|64|1||0|0|26
710,result,load,int,8,-1,__ockl_fprintf_append_string_n,,0,0,30,__ockl_fprintf_append_string_n|result|load|int|8|-1||0|0|30
711,pointer,load,ptr,64,0,__ockl_fprintf_append_string_n,,0,0,30,__ockl_fprintf_append_string_n|pointer|load|ptr|64|0||0|0|30
712,result,zext,int,64,-1,__ockl_fprintf_append_string_n,,0,0,36,__ockl_fprintf_append_string_n|result|zext|int|64|-1||0|0|36
713,operand,zext,int,8,0,__ockl_fprintf_append_string_n,,0,0,30,__ockl_fprintf_append_string_n|operand|zext|int|8|0||0|0|30
714,result,shl,int,64,-1,__ockl_fprintf_append_string_n,,0,0,26,__ockl_fprintf_append_string_n|result|shl|int|64|-1||0|0|26
715,operand,shl,int,64,0,__ockl_fprintf_append_string_n,,0,0,26,__ockl_fprintf_append_string_n|operand|shl|int|64|0||0|0|26
716,result,or,int,64,-1,__ockl_fprintf_append_string_n,,0,0,29,__ockl_fprintf_append_string_n|result|or|int|64|-1||0|0|29
717,operand,or,int,64,0,__ockl_fprintf_append_string_n,,0,0,29,__ockl_fprintf_append_string_n|operand|or|int|64|0||0|0|29
718,operand,or,int,64,1,__ockl_fprintf_append_string_n,,0,0,27,__ockl_fprintf_append_string_n|operand|or|int|64|1||0|0|27
719,result,load,int,8,-1,__ockl_fprintf_append_string_n,,0,0,31,__ockl_fprintf_append_string_n|result|load|int|8|-1||0|0|31
720,pointer,load,ptr,64,0,__ockl_fprintf_append_string_n,,0,0,31,__ockl_fprintf_append_string_n|pointer|load|ptr|64|0||0|0|31
721,result,zext,int,64,-1,__ockl_fprintf_append_string_n,,0,0,37,__ockl_fprintf_append_string_n|result|zext|int|64|-1||0|0|37
722,operand,zext,int,8,0,__ockl_fprintf_append_string_n,,0,0,31,__ockl_fprintf_append_string_n|operand|zext|int|8|0||0|0|31
723,result,shl,int,64,-1,__ockl_fprintf_append_string_n,,0,0,27,__ockl_fprintf_append_string_n|result|shl|int|64|-1||0|0|27
724,operand,shl,int,64,0,__ockl_fprintf_append_string_n,,0,0,27,__ockl_fprintf_append_string_n|operand|shl|int|64|0||0|0|27
725,result,or,int,64,-1,__ockl_fprintf_append_string_n,,0,0,30,__ockl_fprintf_append_string_n|result|or|int|64|-1||0|0|30
726,operand,or,int,64,0,__ockl_fprintf_append_string_n,,0,0,30,__ockl_fprintf_append_string_n|operand|or|int|64|0||0|0|30
727,operand,or,int,64,1,__ockl_fprintf_append_string_n,,0,0,28,__ockl_fprintf_append_string_n|operand|or|int|64|1||0|0|28
728,result,load,int,8,-1,__ockl_fprintf_append_string_n,,0,0,32,__ockl_fprintf_append_string_n|result|load|int|8|-1||0|0|32
729,pointer,load,ptr,64,0,__ockl_fprintf_append_string_n,,0,0,32,__ockl_fprintf_append_string_n|pointer|load|ptr|64|0||0|0|32
730,result,zext,int,64,-1,__ockl_fprintf_append_string_n,,0,0,38,__ockl_fprintf_append_string_n|result|zext|int|64|-1||0|0|38
731,operand,zext,int,8,0,__ockl_fprintf_append_string_n,,0,0,32,__ockl_fprintf_append_string_n|operand|zext|int|8|0||0|0|32
732,result,shl,int,64,-1,__ockl_fprintf_append_string_n,,0,0,28,__ockl_fprintf_append_string_n|result|shl|int|64|-1||0|0|28
733,operand,shl,int,64,0,__ockl_fprintf_append_string_n,,0,0,28,__ockl_fprintf_append_string_n|operand|shl|int|64|0||0|0|28
734,result,or,int,64,-1,__ockl_fprintf_append_string_n,,0,0,31,__ockl_fprintf_append_string_n|result|or|int|64|-1||0|0|31
735,operand,or,int,64,0,__ockl_fprintf_append_string_n,,0,0,31,__ockl_fprintf_append_string_n|operand|or|int|64|0||0|0|31
736,operand,or,int,64,1,__ockl_fprintf_append_string_n,,0,0,29,__ockl_fprintf_append_string_n|operand|or|int|64|1||0|0|29
737,result,load,int,8,-1,__ockl_fprintf_append_string_n,,0,0,33,__ockl_fprintf_append_string_n|result|load|int|8|-1||0|0|33
738,pointer,load,ptr,64,0,__ockl_fprintf_append_string_n,,0,0,33,__ockl_fprintf_append_string_n|pointer|load|ptr|64|0||0|0|33
739,result,zext,int,64,-1,__ockl_fprintf_append_string_n,,0,0,39,__ockl_fprintf_append_string_n|result|zext|int|64|-1||0|0|39
740,operand,zext,int,8,0,__ockl_fprintf_append_string_n,,0,0,33,__ockl_fprintf_append_string_n|operand|zext|int|8|0||0|0|33
741,result,shl,int,64,-1,__ockl_fprintf_append_string_n,,0,0,29,__ockl_fprintf_append_string_n|result|shl|int|64|-1||0|0|29
742,operand,shl,int,64,0,__ockl_fprintf_append_string_n,,0,0,29,__ockl_fprintf_append_string_n|operand|shl|int|64|0||0|0|29
743,result,or,int,64,-1,__ockl_fprintf_append_string_n,,0,0,32,__ockl_fprintf_append_string_n|result|or|int|64|-1||0|0|32
744,operand,or,int,64,0,__ockl_fprintf_append_string_n,,0,0,32,__ockl_fprintf_append_string_n|operand|or|int|64|0||0|0|32
745,operand,or,int,64,1,__ockl_fprintf_append_string_n,,0,0,30,__ockl_fprintf_append_string_n|operand|or|int|64|1||0|0|30
746,result,load,int,8,-1,__ockl_fprintf_append_string_n,,0,0,34,__ockl_fprintf_append_string_n|result|load|int|8|-1||0|0|34
747,pointer,load,ptr,64,0,__ockl_fprintf_append_string_n,,0,0,34,__ockl_fprintf_append_string_n|pointer|load|ptr|64|0||0|0|34
748,result,zext,int,64,-1,__ockl_fprintf_append_string_n,,0,0,40,__ockl_fprintf_append_string_n|result|zext|int|64|-1||0|0|40
749,operand,zext,int,8,0,__ockl_fprintf_append_string_n,,0,0,34,__ockl_fprintf_append_string_n|operand|zext|int|8|0||0|0|34
750,result,shl,int,64,-1,__ockl_fprintf_append_string_n,,0,0,30,__ockl_fprintf_append_string_n|result|shl|int|64|-1||0|0|30
751,operand,shl,int,64,0,__ockl_fprintf_append_string_n,,0,0,30,__ockl_fprintf_append_string_n|operand|shl|int|64|0||0|0|30
752,result,or,int,64,-1,__ockl_fprintf_append_string_n,,0,0,33,__ockl_fprintf_append_string_n|result|or|int|64|-1||0|0|33
753,operand,or,int,64,0,__ockl_fprintf_append_string_n,,0,0,33,__ockl_fprintf_append_string_n|operand|or|int|64|0||0|0|33
754,operand,or,int,64,1,__ockl_fprintf_append_string_n,,0,0,31,__ockl_fprintf_append_string_n|operand|or|int|64|1||0|0|31
755,result,load,int,8,-1,__ockl_fprintf_append_string_n,,0,0,35,__ockl_fprintf_append_string_n|result|load|int|8|-1||0|0|35
756,pointer,load,ptr,64,0,__ockl_fprintf_append_string_n,,0,0,35,__ockl_fprintf_append_string_n|pointer|load|ptr|64|0||0|0|35
757,result,zext,int,64,-1,__ockl_fprintf_append_string_n,,0,0,41,__ockl_fprintf_append_string_n|result|zext|int|64|-1||0|0|41
758,operand,zext,int,8,0,__ockl_fprintf_append_string_n,,0,0,35,__ockl_fprintf_append_string_n|operand|zext|int|8|0||0|0|35
759,result,shl,int,64,-1,__ockl_fprintf_append_string_n,,0,0,31,__ockl_fprintf_append_string_n|result|shl|int|64|-1||0|0|31
760,operand,shl,int,64,0,__ockl_fprintf_append_string_n,,0,0,31,__ockl_fprintf_append_string_n|operand|shl|int|64|0||0|0|31
761,result,or,int,64,-1,__ockl_fprintf_append_string_n,,0,0,34,__ockl_fprintf_append_string_n|result|or|int|64|-1||0|0|34
762,operand,or,int,64,0,__ockl_fprintf_append_string_n,,0,0,34,__ockl_fprintf_append_string_n|operand|or|int|64|0||0|0|34
763,operand,or,int,64,1,__ockl_fprintf_append_string_n,,0,0,32,__ockl_fprintf_append_string_n|operand|or|int|64|1||0|0|32
764,result,add,int,32,-1,__ockl_fprintf_append_string_n,,0,0,7,__ockl_fprintf_append_string_n|result|add|int|32|-1||0|0|7
765,operand,add,int,32,0,__ockl_fprintf_append_string_n,,0,0,7,__ockl_fprintf_append_string_n|operand|add|int|32|0||0|0|7
766,result,phi,int,32,-1,__ockl_fprintf_append_string_n,,0,0,7,__ockl_fprintf_append_string_n|result|phi|int|32|-1||0|0|7
767,result,phi,int,64,-1,__ockl_fprintf_append_string_n,,0,0,8,__ockl_fprintf_append_string_n|result|phi|int|64|-1||0|0|8
768,result,zext,int,64,-1,__ockl_fprintf_append_string_n,,0,0,42,__ockl_fprintf_append_string_n|result|zext|int|64|-1||0|0|42
769,operand,zext,int,32,0,__ockl_fprintf_append_string_n,,0,0,7,__ockl_fprintf_append_string_n|operand|zext|int|32|0||0|0|7
770,result,load,int,8,-1,__ockl_fprintf_append_string_n,,0,0,36,__ockl_fprintf_append_string_n|result|load|int|8|-1||0|0|36
771,pointer,load,ptr,64,0,__ockl_fprintf_append_string_n,,0,0,36,__ockl_fprintf_append_string_n|pointer|load|ptr|64|0||0|0|36
772,result,zext,int,64,-1,__ockl_fprintf_append_string_n,,0,0,43,__ockl_fprintf_append_string_n|result|zext|int|64|-1||0|0|43
773,operand,zext,int,8,0,__ockl_fprintf_append_string_n,,0,0,36,__ockl_fprintf_append_string_n|operand|zext|int|8|0||0|0|36
774,result,shl,int,32,-1,__ockl_fprintf_append_string_n,,0,0,4,__ockl_fprintf_append_string_n|result|shl|int|32|-1||0|0|4
775,operand,shl,int,32,0,__ockl_fprintf_append_string_n,,0,0,4,__ockl_fprintf_append_string_n|operand|shl|int|32|0||0|0|4
776,result,zext,int,64,-1,__ockl_fprintf_append_string_n,,0,0,44,__ockl_fprintf_append_string_n|result|zext|int|64|-1||0|0|44
777,operand,zext,int,32,0,__ockl_fprintf_append_string_n,,0,0,8,__ockl_fprintf_append_string_n|operand|zext|int|32|0||0|0|8
778,result,shl,int,64,-1,__ockl_fprintf_append_string_n,,0,0,32,__ockl_fprintf_append_string_n|result|shl|int|64|-1||0|0|32
779,operand,shl,int,64,0,__ockl_fprintf_append_string_n,,0,0,32,__ockl_fprintf_append_string_n|operand|shl|int|64|0||0|0|32
780,operand,shl,int,64,1,__ockl_fprintf_append_string_n,,0,0,4,__ockl_fprintf_append_string_n|operand|shl|int|64|1||0|0|4
781,result,or,int,64,-1,__ockl_fprintf_append_string_n,,0,0,35,__ockl_fprintf_append_string_n|result|or|int|64|-1||0|0|35
782,operand,or,int,64,0,__ockl_fprintf_append_string_n,,0,0,35,__ockl_fprintf_append_string_n|operand|or|int|64|0||0|0|35
783,operand,or,int,64,1,__ockl_fprintf_append_string_n,,0,0,33,__ockl_fprintf_append_string_n|operand|or|int|64|1||0|0|33
784,result,add,int,32,-1,__ockl_fprintf_append_string_n,,0,0,8,__ockl_fprintf_append_string_n|result|add|int|32|-1||0|0|8
785,operand,add,int,32,0,__ockl_fprintf_append_string_n,,0,0,8,__ockl_fprintf_append_string_n|operand|add|int|32|0||0|0|8
786,result,icmp,int,1,-1,__ockl_fprintf_append_string_n,,0,0,15,__ockl_fprintf_append_string_n|result|icmp|int|1|-1||0|0|15
787,operand,icmp,int,32,0,__ockl_fprintf_append_string_n,,0,0,11,__ockl_fprintf_append_string_n|operand|icmp|int|32|0||0|0|11
788,operand,icmp,int,32,1,__ockl_fprintf_append_string_n,,0,0,4,__ockl_fprintf_append_string_n|operand|icmp|int|32|1||0|0|4
789,result,phi,int,32,-1,__ockl_fprintf_append_string_n,,0,0,8,__ockl_fprintf_append_string_n|result|phi|int|32|-1||0|0|8
790,result,phi,int,64,-1,__ockl_fprintf_append_string_n,,0,0,9,__ockl_fprintf_append_string_n|result|phi|int|64|-1||0|0|9
791,result,icmp,int,1,-1,__ockl_fprintf_append_string_n,,0,0,16,__ockl_fprintf_append_string_n|result|icmp|int|1|-1||0|0|16
792,operand,icmp,int,32,0,__ockl_fprintf_append_string_n,,0,0,12,__ockl_fprintf_append_string_n|operand|icmp|int|32|0||0|0|12
793,result,icmp,int,1,-1,__ockl_fprintf_append_string_n,,0,0,17,__ockl_fprintf_append_string_n|result|icmp|int|1|-1||0|0|17
794,operand,icmp,int,32,0,__ockl_fprintf_append_string_n,,0,0,13,__ockl_fprintf_append_string_n|operand|icmp|int|32|0||0|0|13
795,result,load,int,8,-1,__ockl_fprintf_append_string_n,,0,0,37,__ockl_fprintf_append_string_n|result|load|int|8|-1||0|0|37
796,pointer,load,ptr,64,0,__ockl_fprintf_append_string_n,,0,0,37,__ockl_fprintf_append_string_n|pointer|load|ptr|64|0||0|0|37
797,result,zext,int,64,-1,__ockl_fprintf_append_string_n,,0,0,45,__ockl_fprintf_append_string_n|result|zext|int|64|-1||0|0|45
798,operand,zext,int,8,0,__ockl_fprintf_append_string_n,,0,0,37,__ockl_fprintf_append_string_n|operand|zext|int|8|0||0|0|37
799,result,load,int,8,-1,__ockl_fprintf_append_string_n,,0,0,38,__ockl_fprintf_append_string_n|result|load|int|8|-1||0|0|38
800,pointer,load,ptr,64,0,__ockl_fprintf_append_string_n,,0,0,38,__ockl_fprintf_append_string_n|pointer|load|ptr|64|0||0|0|38
801,result,zext,int,64,-1,__ockl_fprintf_append_string_n,,0,0,46,__ockl_fprintf_append_string_n|result|zext|int|64|-1||0|0|46
802,operand,zext,int,8,0,__ockl_fprintf_append_string_n,,0,0,38,__ockl_fprintf_append_string_n|operand|zext|int|8|0||0|0|38
803,result,shl,int,64,-1,__ockl_fprintf_append_string_n,,0,0,33,__ockl_fprintf_append_string_n|result|shl|int|64|-1||0|0|33
804,operand,shl,int,64,0,__ockl_fprintf_append_string_n,,0,0,33,__ockl_fprintf_append_string_n|operand|shl|int|64|0||0|0|33
805,result,or,int,64,-1,__ockl_fprintf_append_string_n,,0,0,36,__ockl_fprintf_append_string_n|result|or|int|64|-1||0|0|36
806,operand,or,int,64,0,__ockl_fprintf_append_string_n,,0,0,36,__ockl_fprintf_append_string_n|operand|or|int|64|0||0|0|36
807,operand,or,int,64,1,__ockl_fprintf_append_string_n,,0,0,34,__ockl_fprintf_append_string_n|operand|or|int|64|1||0|0|34
808,result,load,int,8,-1,__ockl_fprintf_append_string_n,,0,0,39,__ockl_fprintf_append_string_n|result|load|int|8|-1||0|0|39
809,pointer,load,ptr,64,0,__ockl_fprintf_append_string_n,,0,0,39,__ockl_fprintf_append_string_n|pointer|load|ptr|64|0||0|0|39
810,result,zext,int,64,-1,__ockl_fprintf_append_string_n,,0,0,47,__ockl_fprintf_append_string_n|result|zext|int|64|-1||0|0|47
811,operand,zext,int,8,0,__ockl_fprintf_append_string_n,,0,0,39,__ockl_fprintf_append_string_n|operand|zext|int|8|0||0|0|39
812,result,shl,int,64,-1,__ockl_fprintf_append_string_n,,0,0,34,__ockl_fprintf_append_string_n|result|shl|int|64|-1||0|0|34
813,operand,shl,int,64,0,__ockl_fprintf_append_string_n,,0,0,34,__ockl_fprintf_append_string_n|operand|shl|int|64|0||0|0|34
814,result,or,int,64,-1,__ockl_fprintf_append_string_n,,0,0,37,__ockl_fprintf_append_string_n|result|or|int|64|-1||0|0|37
815,operand,or,int,64,0,__ockl_fprintf_append_string_n,,0,0,37,__ockl_fprintf_append_string_n|operand|or|int|64|0||0|0|37
816,operand,or,int,64,1,__ockl_fprintf_append_string_n,,0,0,35,__ockl_fprintf_append_string_n|operand|or|int|64|1||0|0|35
817,result,load,int,8,-1,__ockl_fprintf_append_string_n,,0,0,40,__ockl_fprintf_append_string_n|result|load|int|8|-1||0|0|40
818,pointer,load,ptr,64,0,__ockl_fprintf_append_string_n,,0,0,40,__ockl_fprintf_append_string_n|pointer|load|ptr|64|0||0|0|40
819,result,zext,int,64,-1,__ockl_fprintf_append_string_n,,0,0,48,__ockl_fprintf_append_string_n|result|zext|int|64|-1||0|0|48
820,operand,zext,int,8,0,__ockl_fprintf_append_string_n,,0,0,40,__ockl_fprintf_append_string_n|operand|zext|int|8|0||0|0|40
821,result,shl,int,64,-1,__ockl_fprintf_append_string_n,,0,0,35,__ockl_fprintf_append_string_n|result|shl|int|64|-1||0|0|35
822,operand,shl,int,64,0,__ockl_fprintf_append_string_n,,0,0,35,__ockl_fprintf_append_string_n|operand|shl|int|64|0||0|0|35
823,result,or,int,64,-1,__ockl_fprintf_append_string_n,,0,0,38,__ockl_fprintf_append_string_n|result|or|int|64|-1||0|0|38
824,operand,or,int,64,0,__ockl_fprintf_append_string_n,,0,0,38,__ockl_fprintf_append_string_n|operand|or|int|64|0||0|0|38
825,operand,or,int,64,1,__ockl_fprintf_append_string_n,,0,0,36,__ockl_fprintf_append_string_n|operand|or|int|64|1||0|0|36
826,result,load,int,8,-1,__ockl_fprintf_append_string_n,,0,0,41,__ockl_fprintf_append_string_n|result|load|int|8|-1||0|0|41
827,pointer,load,ptr,64,0,__ockl_fprintf_append_string_n,,0,0,41,__ockl_fprintf_append_string_n|pointer|load|ptr|64|0||0|0|41
828,result,zext,int,64,-1,__ockl_fprintf_append_string_n,,0,0,49,__ockl_fprintf_append_string_n|result|zext|int|64|-1||0|0|49
829,operand,zext,int,8,0,__ockl_fprintf_append_string_n,,0,0,41,__ockl_fprintf_append_string_n|operand|zext|int|8|0||0|0|41
830,result,shl,int,64,-1,__ockl_fprintf_append_string_n,,0,0,36,__ockl_fprintf_append_string_n|result|shl|int|64|-1||0|0|36
831,operand,shl,int,64,0,__ockl_fprintf_append_string_n,,0,0,36,__ockl_fprintf_append_string_n|operand|shl|int|64|0||0|0|36
832,result,or,int,64,-1,__ockl_fprintf_append_string_n,,0,0,39,__ockl_fprintf_append_string_n|result|or|int|64|-1||0|0|39
833,operand,or,int,64,0,__ockl_fprintf_append_string_n,,0,0,39,__ockl_fprintf_append_string_n|operand|or|int|64|0||0|0|39
834,operand,or,int,64,1,__ockl_fprintf_append_string_n,,0,0,37,__ockl_fprintf_append_string_n|operand|or|int|64|1||0|0|37
835,result,load,int,8,-1,__ockl_fprintf_append_string_n,,0,0,42,__ockl_fprintf_append_string_n|result|load|int|8|-1||0|0|42
836,pointer,load,ptr,64,0,__ockl_fprintf_append_string_n,,0,0,42,__ockl_fprintf_append_string_n|pointer|load|ptr|64|0||0|0|42
837,result,zext,int,64,-1,__ockl_fprintf_append_string_n,,0,0,50,__ockl_fprintf_append_string_n|result|zext|int|64|-1||0|0|50
838,operand,zext,int,8,0,__ockl_fprintf_append_string_n,,0,0,42,__ockl_fprintf_append_string_n|operand|zext|int|8|0||0|0|42
839,result,shl,int,64,-1,__ockl_fprintf_append_string_n,,0,0,37,__ockl_fprintf_append_string_n|result|shl|int|64|-1||0|0|37
840,operand,shl,int,64,0,__ockl_fprintf_append_string_n,,0,0,37,__ockl_fprintf_append_string_n|operand|shl|int|64|0||0|0|37
841,result,or,int,64,-1,__ockl_fprintf_append_string_n,,0,0,40,__ockl_fprintf_append_string_n|result|or|int|64|-1||0|0|40
842,operand,or,int,64,0,__ockl_fprintf_append_string_n,,0,0,40,__ockl_fprintf_append_string_n|operand|or|int|64|0||0|0|40
843,operand,or,int,64,1,__ockl_fprintf_append_string_n,,0,0,38,__ockl_fprintf_append_string_n|operand|or|int|64|1||0|0|38
844,result,load,int,8,-1,__ockl_fprintf_append_string_n,,0,0,43,__ockl_fprintf_append_string_n|result|load|int|8|-1||0|0|43
845,pointer,load,ptr,64,0,__ockl_fprintf_append_string_n,,0,0,43,__ockl_fprintf_append_string_n|pointer|load|ptr|64|0||0|0|43
846,result,zext,int,64,-1,__ockl_fprintf_append_string_n,,0,0,51,__ockl_fprintf_append_string_n|result|zext|int|64|-1||0|0|51
847,operand,zext,int,8,0,__ockl_fprintf_append_string_n,,0,0,43,__ockl_fprintf_append_string_n|operand|zext|int|8|0||0|0|43
848,result,shl,int,64,-1,__ockl_fprintf_append_string_n,,0,0,38,__ockl_fprintf_append_string_n|result|shl|int|64|-1||0|0|38
849,operand,shl,int,64,0,__ockl_fprintf_append_string_n,,0,0,38,__ockl_fprintf_append_string_n|operand|shl|int|64|0||0|0|38
850,result,or,int,64,-1,__ockl_fprintf_append_string_n,,0,0,41,__ockl_fprintf_append_string_n|result|or|int|64|-1||0|0|41
851,operand,or,int,64,0,__ockl_fprintf_append_string_n,,0,0,41,__ockl_fprintf_append_string_n|operand|or|int|64|0||0|0|41
852,operand,or,int,64,1,__ockl_fprintf_append_string_n,,0,0,39,__ockl_fprintf_append_string_n|operand|or|int|64|1||0|0|39
853,result,load,int,8,-1,__ockl_fprintf_append_string_n,,0,0,44,__ockl_fprintf_append_string_n|result|load|int|8|-1||0|0|44
854,pointer,load,ptr,64,0,__ockl_fprintf_append_string_n,,0,0,44,__ockl_fprintf_append_string_n|pointer|load|ptr|64|0||0|0|44
855,result,zext,int,64,-1,__ockl_fprintf_append_string_n,,0,0,52,__ockl_fprintf_append_string_n|result|zext|int|64|-1||0|0|52
856,operand,zext,int,8,0,__ockl_fprintf_append_string_n,,0,0,44,__ockl_fprintf_append_string_n|operand|zext|int|8|0||0|0|44
857,result,shl,int,64,-1,__ockl_fprintf_append_string_n,,0,0,39,__ockl_fprintf_append_string_n|result|shl|int|64|-1||0|0|39
858,operand,shl,int,64,0,__ockl_fprintf_append_string_n,,0,0,39,__ockl_fprintf_append_string_n|operand|shl|int|64|0||0|0|39
859,result,or,int,64,-1,__ockl_fprintf_append_string_n,,0,0,42,__ockl_fprintf_append_string_n|result|or|int|64|-1||0|0|42
860,operand,or,int,64,0,__ockl_fprintf_append_string_n,,0,0,42,__ockl_fprintf_append_string_n|operand|or|int|64|0||0|0|42
861,operand,or,int,64,1,__ockl_fprintf_append_string_n,,0,0,40,__ockl_fprintf_append_string_n|operand|or|int|64|1||0|0|40
862,result,add,int,32,-1,__ockl_fprintf_append_string_n,,0,0,9,__ockl_fprintf_append_string_n|result|add|int|32|-1||0|0|9
863,operand,add,int,32,0,__ockl_fprintf_append_string_n,,0,0,9,__ockl_fprintf_append_string_n|operand|add|int|32|0||0|0|9
864,result,phi,int,32,-1,__ockl_fprintf_append_string_n,,0,0,9,__ockl_fprintf_append_string_n|result|phi|int|32|-1||0|0|9
865,result,phi,int,64,-1,__ockl_fprintf_append_string_n,,0,0,10,__ockl_fprintf_append_string_n|result|phi|int|64|-1||0|0|10
866,result,zext,int,64,-1,__ockl_fprintf_append_string_n,,0,0,53,__ockl_fprintf_append_string_n|result|zext|int|64|-1||0|0|53
867,operand,zext,int,32,0,__ockl_fprintf_append_string_n,,0,0,9,__ockl_fprintf_append_string_n|operand|zext|int|32|0||0|0|9
868,result,load,int,8,-1,__ockl_fprintf_append_string_n,,0,0,45,__ockl_fprintf_append_string_n|result|load|int|8|-1||0|0|45
869,pointer,load,ptr,64,0,__ockl_fprintf_append_string_n,,0,0,45,__ockl_fprintf_append_string_n|pointer|load|ptr|64|0||0|0|45
870,result,zext,int,64,-1,__ockl_fprintf_append_string_n,,0,0,54,__ockl_fprintf_append_string_n|result|zext|int|64|-1||0|0|54
871,operand,zext,int,8,0,__ockl_fprintf_append_string_n,,0,0,45,__ockl_fprintf_append_string_n|operand|zext|int|8|0||0|0|45
872,result,shl,int,32,-1,__ockl_fprintf_append_string_n,,0,0,5,__ockl_fprintf_append_string_n|result|shl|int|32|-1||0|0|5
873,operand,shl,int,32,0,__ockl_fprintf_append_string_n,,0,0,5,__ockl_fprintf_append_string_n|operand|shl|int|32|0||0|0|5
874,result,zext,int,64,-1,__ockl_fprintf_append_string_n,,0,0,55,__ockl_fprintf_append_string_n|result|zext|int|64|-1||0|0|55
875,operand,zext,int,32,0,__ockl_fprintf_append_string_n,,0,0,10,__ockl_fprintf_append_string_n|operand|zext|int|32|0||0|0|10
876,result,shl,int,64,-1,__ockl_fprintf_append_string_n,,0,0,40,__ockl_fprintf_append_string_n|result|shl|int|64|-1||0|0|40
877,operand,shl,int,64,0,__ockl_fprintf_append_string_n,,0,0,40,__ockl_fprintf_append_string_n|operand|shl|int|64|0||0|0|40
878,operand,shl,int,64,1,__ockl_fprintf_append_string_n,,0,0,5,__ockl_fprintf_append_string_n|operand|shl|int|64|1||0|0|5
879,result,or,int,64,-1,__ockl_fprintf_append_string_n,,0,0,43,__ockl_fprintf_append_string_n|result|or|int|64|-1||0|0|43
880,operand,or,int,64,0,__ockl_fprintf_append_string_n,,0,0,43,__ockl_fprintf_append_string_n|operand|or|int|64|0||0|0|43
881,operand,or,int,64,1,__ockl_fprintf_append_string_n,,0,0,41,__ockl_fprintf_append_string_n|operand|or|int|64|1||0|0|41
882,result,add,int,32,-1,__ockl_fprintf_append_string_n,,0,0,10,__ockl_fprintf_append_string_n|result|add|int|32|-1||0|0|10
883,operand,add,int,32,0,__ockl_fprintf_append_string_n,,0,0,10,__ockl_fprintf_append_string_n|operand|add|int|32|0||0|0|10
884,result,icmp,int,1,-1,__ockl_fprintf_append_string_n,,0,0,18,__ockl_fprintf_append_string_n|result|icmp|int|1|-1||0|0|18
885,operand,icmp,int,32,0,__ockl_fprintf_append_string_n,,0,0,14,__ockl_fprintf_append_string_n|operand|icmp|int|32|0||0|0|14
886,operand,icmp,int,32,1,__ockl_fprintf_append_string_n,,0,0,5,__ockl_fprintf_append_string_n|operand|icmp|int|32|1||0|0|5
887,result,phi,int,32,-1,__ockl_fprintf_append_string_n,,0,0,10,__ockl_fprintf_append_string_n|result|phi|int|32|-1||0|0|10
888,result,phi,int,64,-1,__ockl_fprintf_append_string_n,,0,0,11,__ockl_fprintf_append_string_n|result|phi|int|64|-1||0|0|11
889,result,icmp,int,1,-1,__ockl_fprintf_append_string_n,,0,0,19,__ockl_fprintf_append_string_n|result|icmp|int|1|-1||0|0|19
890,operand,icmp,int,32,0,__ockl_fprintf_append_string_n,,0,0,15,__ockl_fprintf_append_string_n|operand|icmp|int|32|0||0|0|15
891,result,icmp,int,1,-1,__ockl_fprintf_append_string_n,,0,0,20,__ockl_fprintf_append_string_n|result|icmp|int|1|-1||0|0|20
892,operand,icmp,int,32,0,__ockl_fprintf_append_string_n,,0,0,16,__ockl_fprintf_append_string_n|operand|icmp|int|32|0||0|0|16
893,result,load,int,8,-1,__ockl_fprintf_append_string_n,,0,0,46,__ockl_fprintf_append_string_n|result|load|int|8|-1||0|0|46
894,pointer,load,ptr,64,0,__ockl_fprintf_append_string_n,,0,0,46,__ockl_fprintf_append_string_n|pointer|load|ptr|64|0||0|0|46
895,result,zext,int,64,-1,__ockl_fprintf_append_string_n,,0,0,56,__ockl_fprintf_append_string_n|result|zext|int|64|-1||0|0|56
896,operand,zext,int,8,0,__ockl_fprintf_append_string_n,,0,0,46,__ockl_fprintf_append_string_n|operand|zext|int|8|0||0|0|46
897,result,load,int,8,-1,__ockl_fprintf_append_string_n,,0,0,47,__ockl_fprintf_append_string_n|result|load|int|8|-1||0|0|47
898,pointer,load,ptr,64,0,__ockl_fprintf_append_string_n,,0,0,47,__ockl_fprintf_append_string_n|pointer|load|ptr|64|0||0|0|47
899,result,zext,int,64,-1,__ockl_fprintf_append_string_n,,0,0,57,__ockl_fprintf_append_string_n|result|zext|int|64|-1||0|0|57
900,operand,zext,int,8,0,__ockl_fprintf_append_string_n,,0,0,47,__ockl_fprintf_append_string_n|operand|zext|int|8|0||0|0|47
901,result,shl,int,64,-1,__ockl_fprintf_append_string_n,,0,0,41,__ockl_fprintf_append_string_n|result|shl|int|64|-1||0|0|41
902,operand,shl,int,64,0,__ockl_fprintf_append_string_n,,0,0,41,__ockl_fprintf_append_string_n|operand|shl|int|64|0||0|0|41
903,result,or,int,64,-1,__ockl_fprintf_append_string_n,,0,0,44,__ockl_fprintf_append_string_n|result|or|int|64|-1||0|0|44
904,operand,or,int,64,0,__ockl_fprintf_append_string_n,,0,0,44,__ockl_fprintf_append_string_n|operand|or|int|64|0||0|0|44
905,operand,or,int,64,1,__ockl_fprintf_append_string_n,,0,0,42,__ockl_fprintf_append_string_n|operand|or|int|64|1||0|0|42
906,result,load,int,8,-1,__ockl_fprintf_append_string_n,,0,0,48,__ockl_fprintf_append_string_n|result|load|int|8|-1||0|0|48
907,pointer,load,ptr,64,0,__ockl_fprintf_append_string_n,,0,0,48,__ockl_fprintf_append_string_n|pointer|load|ptr|64|0||0|0|48
908,result,zext,int,64,-1,__ockl_fprintf_append_string_n,,0,0,58,__ockl_fprintf_append_string_n|result|zext|int|64|-1||0|0|58
909,operand,zext,int,8,0,__ockl_fprintf_append_string_n,,0,0,48,__ockl_fprintf_append_string_n|operand|zext|int|8|0||0|0|48
910,result,shl,int,64,-1,__ockl_fprintf_append_string_n,,0,0,42,__ockl_fprintf_append_string_n|result|shl|int|64|-1||0|0|42
911,operand,shl,int,64,0,__ockl_fprintf_append_string_n,,0,0,42,__ockl_fprintf_append_string_n|operand|shl|int|64|0||0|0|42
912,result,or,int,64,-1,__ockl_fprintf_append_string_n,,0,0,45,__ockl_fprintf_append_string_n|result|or|int|64|-1||0|0|45
913,operand,or,int,64,0,__ockl_fprintf_append_string_n,,0,0,45,__ockl_fprintf_append_string_n|operand|or|int|64|0||0|0|45
914,operand,or,int,64,1,__ockl_fprintf_append_string_n,,0,0,43,__ockl_fprintf_append_string_n|operand|or|int|64|1||0|0|43
915,result,load,int,8,-1,__ockl_fprintf_append_string_n,,0,0,49,__ockl_fprintf_append_string_n|result|load|int|8|-1||0|0|49
916,pointer,load,ptr,64,0,__ockl_fprintf_append_string_n,,0,0,49,__ockl_fprintf_append_string_n|pointer|load|ptr|64|0||0|0|49
917,result,zext,int,64,-1,__ockl_fprintf_append_string_n,,0,0,59,__ockl_fprintf_append_string_n|result|zext|int|64|-1||0|0|59
918,operand,zext,int,8,0,__ockl_fprintf_append_string_n,,0,0,49,__ockl_fprintf_append_string_n|operand|zext|int|8|0||0|0|49
919,result,shl,int,64,-1,__ockl_fprintf_append_string_n,,0,0,43,__ockl_fprintf_append_string_n|result|shl|int|64|-1||0|0|43
920,operand,shl,int,64,0,__ockl_fprintf_append_string_n,,0,0,43,__ockl_fprintf_append_string_n|operand|shl|int|64|0||0|0|43
921,result,or,int,64,-1,__ockl_fprintf_append_string_n,,0,0,46,__ockl_fprintf_append_string_n|result|or|int|64|-1||0|0|46
922,operand,or,int,64,0,__ockl_fprintf_append_string_n,,0,0,46,__ockl_fprintf_append_string_n|operand|or|int|64|0||0|0|46
923,operand,or,int,64,1,__ockl_fprintf_append_string_n,,0,0,44,__ockl_fprintf_append_string_n|operand|or|int|64|1||0|0|44
924,result,load,int,8,-1,__ockl_fprintf_append_string_n,,0,0,50,__ockl_fprintf_append_string_n|result|load|int|8|-1||0|0|50
925,pointer,load,ptr,64,0,__ockl_fprintf_append_string_n,,0,0,50,__ockl_fprintf_append_string_n|pointer|load|ptr|64|0||0|0|50
926,result,zext,int,64,-1,__ockl_fprintf_append_string_n,,0,0,60,__ockl_fprintf_append_string_n|result|zext|int|64|-1||0|0|60
927,operand,zext,int,8,0,__ockl_fprintf_append_string_n,,0,0,50,__ockl_fprintf_append_string_n|operand|zext|int|8|0||0|0|50
928,result,shl,int,64,-1,__ockl_fprintf_append_string_n,,0,0,44,__ockl_fprintf_append_string_n|result|shl|int|64|-1||0|0|44
929,operand,shl,int,64,0,__ockl_fprintf_append_string_n,,0,0,44,__ockl_fprintf_append_string_n|operand|shl|int|64|0||0|0|44
930,result,or,int,64,-1,__ockl_fprintf_append_string_n,,0,0,47,__ockl_fprintf_append_string_n|result|or|int|64|-1||0|0|47
931,operand,or,int,64,0,__ockl_fprintf_append_string_n,,0,0,47,__ockl_fprintf_append_string_n|operand|or|int|64|0||0|0|47
932,operand,or,int,64,1,__ockl_fprintf_append_string_n,,0,0,45,__ockl_fprintf_append_string_n|operand|or|int|64|1||0|0|45
933,result,load,int,8,-1,__ockl_fprintf_append_string_n,,0,0,51,__ockl_fprintf_append_string_n|result|load|int|8|-1||0|0|51
934,pointer,load,ptr,64,0,__ockl_fprintf_append_string_n,,0,0,51,__ockl_fprintf_append_string_n|pointer|load|ptr|64|0||0|0|51
935,result,zext,int,64,-1,__ockl_fprintf_append_string_n,,0,0,61,__ockl_fprintf_append_string_n|result|zext|int|64|-1||0|0|61
936,operand,zext,int,8,0,__ockl_fprintf_append_string_n,,0,0,51,__ockl_fprintf_append_string_n|operand|zext|int|8|0||0|0|51
937,result,shl,int,64,-1,__ockl_fprintf_append_string_n,,0,0,45,__ockl_fprintf_append_string_n|result|shl|int|64|-1||0|0|45
938,operand,shl,int,64,0,__ockl_fprintf_append_string_n,,0,0,45,__ockl_fprintf_append_string_n|operand|shl|int|64|0||0|0|45
939,result,or,int,64,-1,__ockl_fprintf_append_string_n,,0,0,48,__ockl_fprintf_append_string_n|result|or|int|64|-1||0|0|48
940,operand,or,int,64,0,__ockl_fprintf_append_string_n,,0,0,48,__ockl_fprintf_append_string_n|operand|or|int|64|0||0|0|48
941,operand,or,int,64,1,__ockl_fprintf_append_string_n,,0,0,46,__ockl_fprintf_append_string_n|operand|or|int|64|1||0|0|46
942,result,load,int,8,-1,__ockl_fprintf_append_string_n,,0,0,52,__ockl_fprintf_append_string_n|result|load|int|8|-1||0|0|52
943,pointer,load,ptr,64,0,__ockl_fprintf_append_string_n,,0,0,52,__ockl_fprintf_append_string_n|pointer|load|ptr|64|0||0|0|52
944,result,zext,int,64,-1,__ockl_fprintf_append_string_n,,0,0,62,__ockl_fprintf_append_string_n|result|zext|int|64|-1||0|0|62
945,operand,zext,int,8,0,__ockl_fprintf_append_string_n,,0,0,52,__ockl_fprintf_append_string_n|operand|zext|int|8|0||0|0|52
946,result,shl,int,64,-1,__ockl_fprintf_append_string_n,,0,0,46,__ockl_fprintf_append_string_n|result|shl|int|64|-1||0|0|46
947,operand,shl,int,64,0,__ockl_fprintf_append_string_n,,0,0,46,__ockl_fprintf_append_string_n|operand|shl|int|64|0||0|0|46
948,result,or,int,64,-1,__ockl_fprintf_append_string_n,,0,0,49,__ockl_fprintf_append_string_n|result|or|int|64|-1||0|0|49
949,operand,or,int,64,0,__ockl_fprintf_append_string_n,,0,0,49,__ockl_fprintf_append_string_n|operand|or|int|64|0||0|0|49
950,operand,or,int,64,1,__ockl_fprintf_append_string_n,,0,0,47,__ockl_fprintf_append_string_n|operand|or|int|64|1||0|0|47
951,result,load,int,8,-1,__ockl_fprintf_append_string_n,,0,0,53,__ockl_fprintf_append_string_n|result|load|int|8|-1||0|0|53
952,pointer,load,ptr,64,0,__ockl_fprintf_append_string_n,,0,0,53,__ockl_fprintf_append_string_n|pointer|load|ptr|64|0||0|0|53
953,result,zext,int,64,-1,__ockl_fprintf_append_string_n,,0,0,63,__ockl_fprintf_append_string_n|result|zext|int|64|-1||0|0|63
954,operand,zext,int,8,0,__ockl_fprintf_append_string_n,,0,0,53,__ockl_fprintf_append_string_n|operand|zext|int|8|0||0|0|53
955,result,shl,int,64,-1,__ockl_fprintf_append_string_n,,0,0,47,__ockl_fprintf_append_string_n|result|shl|int|64|-1||0|0|47
956,operand,shl,int,64,0,__ockl_fprintf_append_string_n,,0,0,47,__ockl_fprintf_append_string_n|operand|shl|int|64|0||0|0|47
957,result,or,int,64,-1,__ockl_fprintf_append_string_n,,0,0,50,__ockl_fprintf_append_string_n|result|or|int|64|-1||0|0|50
958,operand,or,int,64,0,__ockl_fprintf_append_string_n,,0,0,50,__ockl_fprintf_append_string_n|operand|or|int|64|0||0|0|50
959,operand,or,int,64,1,__ockl_fprintf_append_string_n,,0,0,48,__ockl_fprintf_append_string_n|operand|or|int|64|1||0|0|48
960,result,add,int,32,-1,__ockl_fprintf_append_string_n,,0,0,11,__ockl_fprintf_append_string_n|result|add|int|32|-1||0|0|11
961,operand,add,int,32,0,__ockl_fprintf_append_string_n,,0,0,11,__ockl_fprintf_append_string_n|operand|add|int|32|0||0|0|11
962,result,phi,int,32,-1,__ockl_fprintf_append_string_n,,0,0,11,__ockl_fprintf_append_string_n|result|phi|int|32|-1||0|0|11
963,result,phi,int,64,-1,__ockl_fprintf_append_string_n,,0,0,12,__ockl_fprintf_append_string_n|result|phi|int|64|-1||0|0|12
964,result,zext,int,64,-1,__ockl_fprintf_append_string_n,,0,0,64,__ockl_fprintf_append_string_n|result|zext|int|64|-1||0|0|64
965,operand,zext,int,32,0,__ockl_fprintf_append_string_n,,0,0,11,__ockl_fprintf_append_string_n|operand|zext|int|32|0||0|0|11
966,result,load,int,8,-1,__ockl_fprintf_append_string_n,,0,0,54,__ockl_fprintf_append_string_n|result|load|int|8|-1||0|0|54
967,pointer,load,ptr,64,0,__ockl_fprintf_append_string_n,,0,0,54,__ockl_fprintf_append_string_n|pointer|load|ptr|64|0||0|0|54
968,result,zext,int,64,-1,__ockl_fprintf_append_string_n,,0,0,65,__ockl_fprintf_append_string_n|result|zext|int|64|-1||0|0|65
969,operand,zext,int,8,0,__ockl_fprintf_append_string_n,,0,0,54,__ockl_fprintf_append_string_n|operand|zext|int|8|0||0|0|54
970,result,shl,int,32,-1,__ockl_fprintf_append_string_n,,0,0,6,__ockl_fprintf_append_string_n|result|shl|int|32|-1||0|0|6
971,operand,shl,int,32,0,__ockl_fprintf_append_string_n,,0,0,6,__ockl_fprintf_append_string_n|operand|shl|int|32|0||0|0|6
972,result,zext,int,64,-1,__ockl_fprintf_append_string_n,,0,0,66,__ockl_fprintf_append_string_n|result|zext|int|64|-1||0|0|66
973,operand,zext,int,32,0,__ockl_fprintf_append_string_n,,0,0,12,__ockl_fprintf_append_string_n|operand|zext|int|32|0||0|0|12
974,result,shl,int,64,-1,__ockl_fprintf_append_string_n,,0,0,48,__ockl_fprintf_append_string_n|result|shl|int|64|-1||0|0|48
975,operand,shl,int,64,0,__ockl_fprintf_append_string_n,,0,0,48,__ockl_fprintf_append_string_n|operand|shl|int|64|0||0|0|48
976,operand,shl,int,64,1,__ockl_fprintf_append_string_n,,0,0,6,__ockl_fprintf_append_string_n|operand|shl|int|64|1||0|0|6
977,result,or,int,64,-1,__ockl_fprintf_append_string_n,,0,0,51,__ockl_fprintf_append_string_n|result|or|int|64|-1||0|0|51
978,operand,or,int,64,0,__ockl_fprintf_append_string_n,,0,0,51,__ockl_fprintf_append_string_n|operand|or|int|64|0||0|0|51
979,operand,or,int,64,1,__ockl_fprintf_append_string_n,,0,0,49,__ockl_fprintf_append_string_n|operand|or|int|64|1||0|0|49
980,result,add,int,32,-1,__ockl_fprintf_append_string_n,,0,0,12,__ockl_fprintf_append_string_n|result|add|int|32|-1||0|0|12
981,operand,add,int,32,0,__ockl_fprintf_append_string_n,,0,0,12,__ockl_fprintf_append_string_n|operand|add|int|32|0||0|0|12
982,result,icmp,int,1,-1,__ockl_fprintf_append_string_n,,0,0,21,__ockl_fprintf_append_string_n|result|icmp|int|1|-1||0|0|21
983,operand,icmp,int,32,0,__ockl_fprintf_append_string_n,,0,0,17,__ockl_fprintf_append_string_n|operand|icmp|int|32|0||0|0|17
984,operand,icmp,int,32,1,__ockl_fprintf_append_string_n,,0,0,6,__ockl_fprintf_append_string_n|operand|icmp|int|32|1||0|0|6
985,result,phi,int,32,-1,__ockl_fprintf_append_string_n,,0,0,12,__ockl_fprintf_append_string_n|result|phi|int|32|-1||0|0|12
986,result,phi,int,64,-1,__ockl_fprintf_append_string_n,,0,0,13,__ockl_fprintf_append_string_n|result|phi|int|64|-1||0|0|13
987,result,icmp,int,1,-1,__ockl_fprintf_append_string_n,,0,0,22,__ockl_fprintf_append_string_n|result|icmp|int|1|-1||0|0|22
988,operand,icmp,int,32,0,__ockl_fprintf_append_string_n,,0,0,18,__ockl_fprintf_append_string_n|operand|icmp|int|32|0||0|0|18
989,result,icmp,int,1,-1,__ockl_fprintf_append_string_n,,0,0,23,__ockl_fprintf_append_string_n|result|icmp|int|1|-1||0|0|23
990,operand,icmp,int,32,0,__ockl_fprintf_append_string_n,,0,0,19,__ockl_fprintf_append_string_n|operand|icmp|int|32|0||0|0|19
991,result,load,int,8,-1,__ockl_fprintf_append_string_n,,0,0,55,__ockl_fprintf_append_string_n|result|load|int|8|-1||0|0|55
992,pointer,load,ptr,64,0,__ockl_fprintf_append_string_n,,0,0,55,__ockl_fprintf_append_string_n|pointer|load|ptr|64|0||0|0|55
993,result,zext,int,64,-1,__ockl_fprintf_append_string_n,,0,0,67,__ockl_fprintf_append_string_n|result|zext|int|64|-1||0|0|67
994,operand,zext,int,8,0,__ockl_fprintf_append_string_n,,0,0,55,__ockl_fprintf_append_string_n|operand|zext|int|8|0||0|0|55
995,result,load,int,8,-1,__ockl_fprintf_append_string_n,,0,0,56,__ockl_fprintf_append_string_n|result|load|int|8|-1||0|0|56
996,pointer,load,ptr,64,0,__ockl_fprintf_append_string_n,,0,0,56,__ockl_fprintf_append_string_n|pointer|load|ptr|64|0||0|0|56
997,result,zext,int,64,-1,__ockl_fprintf_append_string_n,,0,0,68,__ockl_fprintf_append_string_n|result|zext|int|64|-1||0|0|68
998,operand,zext,int,8,0,__ockl_fprintf_append_string_n,,0,0,56,__ockl_fprintf_append_string_n|operand|zext|int|8|0||0|0|56
999,result,shl,int,64,-1,__ockl_fprintf_append_string_n,,0,0,49,__ockl_fprintf_append_string_n|result|shl|int|64|-1||0|0|49
1000,operand,shl,int,64,0,__ockl_fprintf_append_string_n,,0,0,49,__ockl_fprintf_append_string_n|operand|shl|int|64|0||0|0|49
1001,result,or,int,64,-1,__ockl_fprintf_append_string_n,,0,0,52,__ockl_fprintf_append_string_n|result|or|int|64|-1||0|0|52
1002,operand,or,int,64,0,__ockl_fprintf_append_string_n,,0,0,52,__ockl_fprintf_append_string_n|operand|or|int|64|0||0|0|52
1003,operand,or,int,64,1,__ockl_fprintf_append_string_n,,0,0,50,__ockl_fprintf_append_string_n|operand|or|int|64|1||0|0|50
1004,result,load,int,8,-1,__ockl_fprintf_append_string_n,,0,0,57,__ockl_fprintf_append_string_n|result|load|int|8|-1||0|0|57
1005,pointer,load,ptr,64,0,__ockl_fprintf_append_string_n,,0,0,57,__ockl_fprintf_append_string_n|pointer|load|ptr|64|0||0|0|57
1006,result,zext,int,64,-1,__ockl_fprintf_append_string_n,,0,0,69,__ockl_fprintf_append_string_n|result|zext|int|64|-1||0|0|69
1007,operand,zext,int,8,0,__ockl_fprintf_append_string_n,,0,0,57,__ockl_fprintf_append_string_n|operand|zext|int|8|0||0|0|57
1008,result,shl,int,64,-1,__ockl_fprintf_append_string_n,,0,0,50,__ockl_fprintf_append_string_n|result|shl|int|64|-1||0|0|50
1009,operand,shl,int,64,0,__ockl_fprintf_append_string_n,,0,0,50,__ockl_fprintf_append_string_n|operand|shl|int|64|0||0|0|50
1010,result,or,int,64,-1,__ockl_fprintf_append_string_n,,0,0,53,__ockl_fprintf_append_string_n|result|or|int|64|-1||0|0|53
1011,operand,or,int,64,0,__ockl_fprintf_append_string_n,,0,0,53,__ockl_fprintf_append_string_n|operand|or|int|64|0||0|0|53
1012,operand,or,int,64,1,__ockl_fprintf_append_string_n,,0,0,51,__ockl_fprintf_append_string_n|operand|or|int|64|1||0|0|51
1013,result,load,int,8,-1,__ockl_fprintf_append_string_n,,0,0,58,__ockl_fprintf_append_string_n|result|load|int|8|-1||0|0|58
1014,pointer,load,ptr,64,0,__ockl_fprintf_append_string_n,,0,0,58,__ockl_fprintf_append_string_n|pointer|load|ptr|64|0||0|0|58
1015,result,zext,int,64,-1,__ockl_fprintf_append_string_n,,0,0,70,__ockl_fprintf_append_string_n|result|zext|int|64|-1||0|0|70
1016,operand,zext,int,8,0,__ockl_fprintf_append_string_n,,0,0,58,__ockl_fprintf_append_string_n|operand|zext|int|8|0||0|0|58
1017,result,shl,int,64,-1,__ockl_fprintf_append_string_n,,0,0,51,__ockl_fprintf_append_string_n|result|shl|int|64|-1||0|0|51
1018,operand,shl,int,64,0,__ockl_fprintf_append_string_n,,0,0,51,__ockl_fprintf_append_string_n|operand|shl|int|64|0||0|0|51
1019,result,or,int,64,-1,__ockl_fprintf_append_string_n,,0,0,54,__ockl_fprintf_append_string_n|result|or|int|64|-1||0|0|54
1020,operand,or,int,64,0,__ockl_fprintf_append_string_n,,0,0,54,__ockl_fprintf_append_string_n|operand|or|int|64|0||0|0|54
1021,operand,or,int,64,1,__ockl_fprintf_append_string_n,,0,0,52,__ockl_fprintf_append_string_n|operand|or|int|64|1||0|0|52
1022,result,load,int,8,-1,__ockl_fprintf_append_string_n,,0,0,59,__ockl_fprintf_append_string_n|result|load|int|8|-1||0|0|59
1023,pointer,load,ptr,64,0,__ockl_fprintf_append_string_n,,0,0,59,__ockl_fprintf_append_string_n|pointer|load|ptr|64|0||0|0|59
1024,result,zext,int,64,-1,__ockl_fprintf_append_string_n,,0,0,71,__ockl_fprintf_append_string_n|result|zext|int|64|-1||0|0|71
1025,operand,zext,int,8,0,__ockl_fprintf_append_string_n,,0,0,59,__ockl_fprintf_append_string_n|operand|zext|int|8|0||0|0|59
1026,result,shl,int,64,-1,__ockl_fprintf_append_string_n,,0,0,52,__ockl_fprintf_append_string_n|result|shl|int|64|-1||0|0|52
1027,operand,shl,int,64,0,__ockl_fprintf_append_string_n,,0,0,52,__ockl_fprintf_append_string_n|operand|shl|int|64|0||0|0|52
1028,result,or,int,64,-1,__ockl_fprintf_append_string_n,,0,0,55,__ockl_fprintf_append_string_n|result|or|int|64|-1||0|0|55
1029,operand,or,int,64,0,__ockl_fprintf_append_string_n,,0,0,55,__ockl_fprintf_append_string_n|operand|or|int|64|0||0|0|55
1030,operand,or,int,64,1,__ockl_fprintf_append_string_n,,0,0,53,__ockl_fprintf_append_string_n|operand|or|int|64|1||0|0|53
1031,result,load,int,8,-1,__ockl_fprintf_append_string_n,,0,0,60,__ockl_fprintf_append_string_n|result|load|int|8|-1||0|0|60
1032,pointer,load,ptr,64,0,__ockl_fprintf_append_string_n,,0,0,60,__ockl_fprintf_append_string_n|pointer|load|ptr|64|0||0|0|60
1033,result,zext,int,64,-1,__ockl_fprintf_append_string_n,,0,0,72,__ockl_fprintf_append_string_n|result|zext|int|64|-1||0|0|72
1034,operand,zext,int,8,0,__ockl_fprintf_append_string_n,,0,0,60,__ockl_fprintf_append_string_n|operand|zext|int|8|0||0|0|60
1035,result,shl,int,64,-1,__ockl_fprintf_append_string_n,,0,0,53,__ockl_fprintf_append_string_n|result|shl|int|64|-1||0|0|53
1036,operand,shl,int,64,0,__ockl_fprintf_append_string_n,,0,0,53,__ockl_fprintf_append_string_n|operand|shl|int|64|0||0|0|53
1037,result,or,int,64,-1,__ockl_fprintf_append_string_n,,0,0,56,__ockl_fprintf_append_string_n|result|or|int|64|-1||0|0|56
1038,operand,or,int,64,0,__ockl_fprintf_append_string_n,,0,0,56,__ockl_fprintf_append_string_n|operand|or|int|64|0||0|0|56
1039,operand,or,int,64,1,__ockl_fprintf_append_string_n,,0,0,54,__ockl_fprintf_append_string_n|operand|or|int|64|1||0|0|54
1040,result,load,int,8,-1,__ockl_fprintf_append_string_n,,0,0,61,__ockl_fprintf_append_string_n|result|load|int|8|-1||0|0|61
1041,pointer,load,ptr,64,0,__ockl_fprintf_append_string_n,,0,0,61,__ockl_fprintf_append_string_n|pointer|load|ptr|64|0||0|0|61
1042,result,zext,int,64,-1,__ockl_fprintf_append_string_n,,0,0,73,__ockl_fprintf_append_string_n|result|zext|int|64|-1||0|0|73
1043,operand,zext,int,8,0,__ockl_fprintf_append_string_n,,0,0,61,__ockl_fprintf_append_string_n|operand|zext|int|8|0||0|0|61
1044,result,shl,int,64,-1,__ockl_fprintf_append_string_n,,0,0,54,__ockl_fprintf_append_string_n|result|shl|int|64|-1||0|0|54
1045,operand,shl,int,64,0,__ockl_fprintf_append_string_n,,0,0,54,__ockl_fprintf_append_string_n|operand|shl|int|64|0||0|0|54
1046,result,or,int,64,-1,__ockl_fprintf_append_string_n,,0,0,57,__ockl_fprintf_append_string_n|result|or|int|64|-1||0|0|57
1047,operand,or,int,64,0,__ockl_fprintf_append_string_n,,0,0,57,__ockl_fprintf_append_string_n|operand|or|int|64|0||0|0|57
1048,operand,or,int,64,1,__ockl_fprintf_append_string_n,,0,0,55,__ockl_fprintf_append_string_n|operand|or|int|64|1||0|0|55
1049,result,load,int,8,-1,__ockl_fprintf_append_string_n,,0,0,62,__ockl_fprintf_append_string_n|result|load|int|8|-1||0|0|62
1050,pointer,load,ptr,64,0,__ockl_fprintf_append_string_n,,0,0,62,__ockl_fprintf_append_string_n|pointer|load|ptr|64|0||0|0|62
1051,result,zext,int,64,-1,__ockl_fprintf_append_string_n,,0,0,74,__ockl_fprintf_append_string_n|result|zext|int|64|-1||0|0|74
1052,operand,zext,int,8,0,__ockl_fprintf_append_string_n,,0,0,62,__ockl_fprintf_append_string_n|operand|zext|int|8|0||0|0|62
1053,result,shl,int,64,-1,__ockl_fprintf_append_string_n,,0,0,55,__ockl_fprintf_append_string_n|result|shl|int|64|-1||0|0|55
1054,operand,shl,int,64,0,__ockl_fprintf_append_string_n,,0,0,55,__ockl_fprintf_append_string_n|operand|shl|int|64|0||0|0|55
1055,result,or,int,64,-1,__ockl_fprintf_append_string_n,,0,0,58,__ockl_fprintf_append_string_n|result|or|int|64|-1||0|0|58
1056,operand,or,int,64,0,__ockl_fprintf_append_string_n,,0,0,58,__ockl_fprintf_append_string_n|operand|or|int|64|0||0|0|58
1057,operand,or,int,64,1,__ockl_fprintf_append_string_n,,0,0,56,__ockl_fprintf_append_string_n|operand|or|int|64|1||0|0|56
1058,result,phi,int,32,-1,__ockl_fprintf_append_string_n,,0,0,13,__ockl_fprintf_append_string_n|result|phi|int|32|-1||0|0|13
1059,result,phi,int,64,-1,__ockl_fprintf_append_string_n,,0,0,14,__ockl_fprintf_append_string_n|result|phi|int|64|-1||0|0|14
1060,result,zext,int,64,-1,__ockl_fprintf_append_string_n,,0,0,75,__ockl_fprintf_append_string_n|result|zext|int|64|-1||0|0|75
1061,operand,zext,int,32,0,__ockl_fprintf_append_string_n,,0,0,13,__ockl_fprintf_append_string_n|operand|zext|int|32|0||0|0|13
1062,result,load,int,8,-1,__ockl_fprintf_append_string_n,,0,0,63,__ockl_fprintf_append_string_n|result|load|int|8|-1||0|0|63
1063,pointer,load,ptr,64,0,__ockl_fprintf_append_string_n,,0,0,63,__ockl_fprintf_append_string_n|pointer|load|ptr|64|0||0|0|63
1064,result,zext,int,64,-1,__ockl_fprintf_append_string_n,,0,0,76,__ockl_fprintf_append_string_n|result|zext|int|64|-1||0|0|76
1065,operand,zext,int,8,0,__ockl_fprintf_append_string_n,,0,0,63,__ockl_fprintf_append_string_n|operand|zext|int|8|0||0|0|63
1066,result,shl,int,32,-1,__ockl_fprintf_append_string_n,,0,0,7,__ockl_fprintf_append_string_n|result|shl|int|32|-1||0|0|7
1067,operand,shl,int,32,0,__ockl_fprintf_append_string_n,,0,0,7,__ockl_fprintf_append_string_n|operand|shl|int|32|0||0|0|7
1068,result,zext,int,64,-1,__ockl_fprintf_append_string_n,,0,0,77,__ockl_fprintf_append_string_n|result|zext|int|64|-1||0|0|77
1069,operand,zext,int,32,0,__ockl_fprintf_append_string_n,,0,0,14,__ockl_fprintf_append_string_n|operand|zext|int|32|0||0|0|14
1070,result,shl,int,64,-1,__ockl_fprintf_append_string_n,,0,0,56,__ockl_fprintf_append_string_n|result|shl|int|64|-1||0|0|56
1071,operand,shl,int,64,0,__ockl_fprintf_append_string_n,,0,0,56,__ockl_fprintf_append_string_n|operand|shl|int|64|0||0|0|56
1072,operand,shl,int,64,1,__ockl_fprintf_append_string_n,,0,0,7,__ockl_fprintf_append_string_n|operand|shl|int|64|1||0|0|7
1073,result,or,int,64,-1,__ockl_fprintf_append_string_n,,0,0,59,__ockl_fprintf_append_string_n|result|or|int|64|-1||0|0|59
1074,operand,or,int,64,0,__ockl_fprintf_append_string_n,,0,0,59,__ockl_fprintf_append_string_n|operand|or|int|64|0||0|0|59
1075,operand,or,int,64,1,__ockl_fprintf_append_string_n,,0,0,57,__ockl_fprintf_append_string_n|operand|or|int|64|1||0|0|57
1076,result,add,int,32,-1,__ockl_fprintf_append_string_n,,0,0,13,__ockl_fprintf_append_string_n|result|add|int|32|-1||0|0|13
1077,operand,add,int,32,0,__ockl_fprintf_append_string_n,,0,0,13,__ockl_fprintf_append_string_n|operand|add|int|32|0||0|0|13
1078,result,icmp,int,1,-1,__ockl_fprintf_append_string_n,,0,0,24,__ockl_fprintf_append_string_n|result|icmp|int|1|-1||0|0|24
1079,operand,icmp,int,32,0,__ockl_fprintf_append_string_n,,0,0,20,__ockl_fprintf_append_string_n|operand|icmp|int|32|0||0|0|20
1080,operand,icmp,int,32,1,__ockl_fprintf_append_string_n,,0,0,7,__ockl_fprintf_append_string_n|operand|icmp|int|32|1||0|0|7
1081,result,phi,int,64,-1,__ockl_fprintf_append_string_n,,0,0,15,__ockl_fprintf_append_string_n|result|phi|int|64|-1||0|0|15
1082,result,shl,int,64,-1,__ockl_fprintf_append_string_n,,0,0,57,__ockl_fprintf_append_string_n|result|shl|int|64|-1||0|0|57
1083,operand,shl,int,64,0,__ockl_fprintf_append_string_n,,0,0,57,__ockl_fprintf_append_string_n|operand|shl|int|64|0||0|0|57
1084,result,add,int,64,-1,__ockl_fprintf_append_string_n,,0,0,1,__ockl_fprintf_append_string_n|result|add|int|64|-1||0|0|1
1085,operand,add,int,64,0,__ockl_fprintf_append_string_n,,0,0,1,__ockl_fprintf_append_string_n|operand|add|int|64|0||0|0|1
1086,result,and,int,64,-1,__ockl_fprintf_append_string_n,,0,0,4,__ockl_fprintf_append_string_n|result|and|int|64|-1||0|0|4
1087,operand,and,int,64,0,__ockl_fprintf_append_string_n,,0,0,4,__ockl_fprintf_append_string_n|operand|and|int|64|0||0|0|4
1088,result,and,int,64,-1,__ockl_fprintf_append_string_n,,0,0,5,__ockl_fprintf_append_string_n|result|and|int|64|-1||0|0|5
1089,operand,and,int,64,0,__ockl_fprintf_append_string_n,,0,0,5,__ockl_fprintf_append_string_n|operand|and|int|64|0||0|0|5
1090,result,or,int,64,-1,__ockl_fprintf_append_string_n,,0,0,60,__ockl_fprintf_append_string_n|result|or|int|64|-1||0|0|60
1091,operand,or,int,64,0,__ockl_fprintf_append_string_n,,0,0,60,__ockl_fprintf_append_string_n|operand|or|int|64|0||0|0|60
1092,operand,or,int,64,1,__ockl_fprintf_append_string_n,,0,0,58,__ockl_fprintf_append_string_n|operand|or|int|64|1||0|0|58
1093,result,sub,int,64,-1,__ockl_fprintf_append_string_n,,0,0,1,__ockl_fprintf_append_string_n|result|sub|int|64|-1||0|0|1
1094,operand,sub,int,64,0,__ockl_fprintf_append_string_n,,0,0,1,__ockl_fprintf_append_string_n|operand|sub|int|64|0||0|0|1
1095,operand,sub,int,64,1,__ockl_fprintf_append_string_n,,0,0,1,__ockl_fprintf_append_string_n|operand|sub|int|64|1||0|0|1
1096,result,icmp,int,1,-1,__ockl_fprintf_append_string_n,,0,0,25,__ockl_fprintf_append_string_n|result|icmp|int|1|-1||0|0|25
1097,operand,icmp,int,64,0,__ockl_fprintf_append_string_n,,0,0,4,__ockl_fprintf_append_string_n|operand|icmp|int|64|0||0|0|4
1098,result,extractelement,int,64,-1,__ockl_fprintf_append_string_n,,0,0,3,__ockl_fprintf_append_string_n|result|extractelement|int|64|-1||0|0|3
1099,result,load,int,32,-1,__ockl_get_local_size,,0,0,1,__ockl_get_local_size|result|load|int|32|-1||0|0|1
1100,result,icmp,int,1,-1,__ockl_get_local_size,,0,0,1,__ockl_get_local_size|result|icmp|int|1|-1||0|0|1
1101,operand,icmp,int,32,0,__ockl_get_local_size,,0,0,1,__ockl_get_local_size|operand|icmp|int|32|0||0|0|1
1102,result,call,int,32,-1,__ockl_get_local_size,,0,0,1,__ockl_get_local_size|result|call|int|32|-1||0|0|1
1103,result,load,int,16,-1,__ockl_get_local_size,,0,0,1,__ockl_get_local_size|result|load|int|16|-1||0|0|1
1104,pointer,load,ptr,64,0,__ockl_get_local_size,,0,0,1,__ockl_get_local_size|pointer|load|ptr|64|0||0|0|1
1105,result,zext,int,32,-1,__ockl_get_local_size,,0,0,1,__ockl_get_local_size|result|zext|int|32|-1||0|0|1
1106,operand,zext,int,16,0,__ockl_get_local_size,,0,0,1,__ockl_get_local_size|operand|zext|int|16|0||0|0|1
1107,result,load,int,32,-1,__ockl_get_local_size,,0,0,2,__ockl_get_local_size|result|load|int|32|-1||0|0|2
1108,pointer,load,ptr,64,0,__ockl_get_local_size,,0,0,2,__ockl_get_local_size|pointer|load|ptr|64|0||0|0|2
1109,result,mul,int,32,-1,__ockl_get_local_size,,0,0,1,__ockl_get_local_size|result|mul|int|32|-1||0|0|1
1110,operand,mul,int,32,0,__ockl_get_local_size,,0,0,1,__ockl_get_local_size|operand|mul|int|32|0||0|0|1
1111,operand,mul,int,32,1,__ockl_get_local_size,,0,0,1,__ockl_get_local_size|operand|mul|int|32|1||0|0|1
1112,result,sub,int,32,-1,__ockl_get_local_size,,0,0,1,__ockl_get_local_size|result|sub|int|32|-1||0|0|1
1113,operand,sub,int,32,0,__ockl_get_local_size,,0,0,1,__ockl_get_local_size|operand|sub|int|32|0||0|0|1
1114,operand,sub,int,32,1,__ockl_get_local_size,,0,0,1,__ockl_get_local_size|operand|sub|int|32|1||0|0|1
1115,result,call,int,32,-1,__ockl_get_local_size,,0,0,2,__ockl_get_local_size|result|call|int|32|-1||0|0|2
1116,operand,call,int,32,0,__ockl_get_local_size,,0,0,1,__ockl_get_local_size|operand|call|int|32|0||0|0|1
1117,operand,call,int,32,1,__ockl_get_local_size,,0,0,1,__ockl_get_local_size|operand|call|int|32|1||0|0|1
1118,result,zext,int,64,-1,__ockl_get_local_size,,0,0,1,__ockl_get_local_size|result|zext|int|64|-1||0|0|1
1119,operand,zext,int,32,0,__ockl_get_local_size,,0,0,1,__ockl_get_local_size|operand|zext|int|32|0||0|0|1
1120,result,call,int,32,-1,__ockl_get_local_size,,0,0,3,__ockl_get_local_size|result|call|int|32|-1||0|0|3
1121,result,load,int,32,-1,__ockl_get_local_size,,0,0,3,__ockl_get_local_size|result|load|int|32|-1||0|0|3
1122,pointer,load,ptr,64,0,__ockl_get_local_size,,0,0,3,__ockl_get_local_size|pointer|load|ptr|64|0||0|0|3
1123,result,icmp,int,1,-1,__ockl_get_local_size,,0,0,2,__ockl_get_local_size|result|icmp|int|1|-1||0|0|2
1124,operand,icmp,int,32,0,__ockl_get_local_size,,0,0,2,__ockl_get_local_size|operand|icmp|int|32|0||0|0|2
1125,operand,icmp,int,32,1,__ockl_get_local_size,,0,0,1,__ockl_get_local_size|operand|icmp|int|32|1||0|0|1
1126,result,select,int,64,-1,__ockl_get_local_size,,0,0,1,__ockl_get_local_size|result|select|int|64|-1||0|0|1
1127,operand,select,int,1,0,__ockl_get_local_size,,0,0,1,__ockl_get_local_size|operand|select|int|1|0||0|0|1
1128,result,load,int,16,-1,__ockl_get_local_size,,0,0,2,__ockl_get_local_size|result|load|int|16|-1||0|0|2
1129,pointer,load,ptr,64,0,__ockl_get_local_size,,0,0,4,__ockl_get_local_size|pointer|load|ptr|64|0||0|0|4
1130,result,zext,int,64,-1,__ockl_get_local_size,,0,0,2,__ockl_get_local_size|result|zext|int|64|-1||0|0|2
1131,operand,zext,int,16,0,__ockl_get_local_size,,0,0,2,__ockl_get_local_size|operand|zext|int|16|0||0|0|2
1132,result,load,int,32,-1,__ockl_get_local_size,,0,0,4,__ockl_get_local_size|result|load|int|32|-1||0|0|4
1133,result,icmp,int,1,-1,__ockl_get_local_size,,0,0,3,__ockl_get_local_size|result|icmp|int|1|-1||0|0|3
1134,operand,icmp,int,32,0,__ockl_get_local_size,,0,0,3,__ockl_get_local_size|operand|icmp|int|32|0||0|0|3
1135,result,call,int,32,-1,__ockl_get_local_size,,0,0,4,__ockl_get_local_size|result|call|int|32|-1||0|0|4
1136,result,load,int,16,-1,__ockl_get_local_size,,0,0,3,__ockl_get_local_size|result|load|int|16|-1||0|0|3
1137,pointer,load,ptr,64,0,__ockl_get_local_size,,0,0,5,__ockl_get_local_size|pointer|load|ptr|64|0||0|0|5
1138,result,zext,int,32,-1,__ockl_get_local_size,,0,0,2,__ockl_get_local_size|result|zext|int|32|-1||0|0|2
1139,operand,zext,int,16,0,__ockl_get_local_size,,0,0,3,__ockl_get_local_size|operand|zext|int|16|0||0|0|3
1140,result,load,int,32,-1,__ockl_get_local_size,,0,0,5,__ockl_get_local_size|result|load|int|32|-1||0|0|5
1141,pointer,load,ptr,64,0,__ockl_get_local_size,,0,0,6,__ockl_get_local_size|pointer|load|ptr|64|0||0|0|6
1142,result,mul,int,32,-1,__ockl_get_local_size,,0,0,2,__ockl_get_local_size|result|mul|int|32|-1||0|0|2
1143,operand,mul,int,32,0,__ockl_get_local_size,,0,0,2,__ockl_get_local_size|operand|mul|int|32|0||0|0|2
1144,operand,mul,int,32,1,__ockl_get_local_size,,0,0,2,__ockl_get_local_size|operand|mul|int|32|1||0|0|2
1145,result,sub,int,32,-1,__ockl_get_local_size,,0,0,2,__ockl_get_local_size|result|sub|int|32|-1||0|0|2
1146,operand,sub,int,32,0,__ockl_get_local_size,,0,0,2,__ockl_get_local_size|operand|sub|int|32|0||0|0|2
1147,operand,sub,int,32,1,__ockl_get_local_size,,0,0,2,__ockl_get_local_size|operand|sub|int|32|1||0|0|2
1148,result,call,int,32,-1,__ockl_get_local_size,,0,0,5,__ockl_get_local_size|result|call|int|32|-1||0|0|5
1149,operand,call,int,32,0,__ockl_get_local_size,,0,0,2,__ockl_get_local_size|operand|call|int|32|0||0|0|2
1150,operand,call,int,32,1,__ockl_get_local_size,,0,0,2,__ockl_get_local_size|operand|call|int|32|1||0|0|2
1151,result,zext,int,64,-1,__ockl_get_local_size,,0,0,3,__ockl_get_local_size|result|zext|int|64|-1||0|0|3
1152,operand,zext,int,32,0,__ockl_get_local_size,,0,0,2,__ockl_get_local_size|operand|zext|int|32|0||0|0|2
1153,result,call,int,32,-1,__ockl_get_local_size,,0,0,6,__ockl_get_local_size|result|call|int|32|-1||0|0|6
1154,result,load,int,32,-1,__ockl_get_local_size,,0,0,6,__ockl_get_local_size|result|load|int|32|-1||0|0|6
1155,pointer,load,ptr,64,0,__ockl_get_local_size,,0,0,7,__ockl_get_local_size|pointer|load|ptr|64|0||0|0|7
1156,result,icmp,int,1,-1,__ockl_get_local_size,,0,0,4,__ockl_get_local_size|result|icmp|int|1|-1||0|0|4
1157,operand,icmp,int,32,0,__ockl_get_local_size,,0,0,4,__ockl_get_local_size|operand|icmp|int|32|0||0|0|4
1158,operand,icmp,int,32,1,__ockl_get_local_size,,0,0,2,__ockl_get_local_size|operand|icmp|int|32|1||0|0|2
1159,result,select,int,64,-1,__ockl_get_local_size,,0,0,2,__ockl_get_local_size|result|select|int|64|-1||0|0|2
1160,operand,select,int,1,0,__ockl_get_local_size,,0,0,2,__ockl_get_local_size|operand|select|int|1|0||0|0|2
1161,result,load,int,16,-1,__ockl_get_local_size,,0,0,4,__ockl_get_local_size|result|load|int|16|-1||0|0|4
1162,pointer,load,ptr,64,0,__ockl_get_local_size,,0,0,8,__ockl_get_local_size|pointer|load|ptr|64|0||0|0|8
1163,result,zext,int,64,-1,__ockl_get_local_size,,0,0,4,__ockl_get_local_size|result|zext|int|64|-1||0|0|4
1164,operand,zext,int,16,0,__ockl_get_local_size,,0,0,4,__ockl_get_local_size|operand|zext|int|16|0||0|0|4
1165,result,load,int,32,-1,__ockl_get_local_size,,0,0,7,__ockl_get_local_size|result|load|int|32|-1||0|0|7
1166,result,icmp,int,1,-1,__ockl_get_local_size,,0,0,5,__ockl_get_local_size|result|icmp|int|1|-1||0|0|5
1167,operand,icmp,int,32,0,__ockl_get_local_size,,0,0,5,__ockl_get_local_size|operand|icmp|int|32|0||0|0|5
1168,result,call,int,32,-1,__ockl_get_local_size,,0,0,7,__ockl_get_local_size|result|call|int|32|-1||0|0|7
1169,result,load,int,16,-1,__ockl_get_local_size,,0,0,5,__ockl_get_local_size|result|load|int|16|-1||0|0|5
1170,pointer,load,ptr,64,0,__ockl_get_local_size,,0,0,9,__ockl_get_local_size|pointer|load|ptr|64|0||0|0|9
1171,result,zext,int,32,-1,__ockl_get_local_size,,0,0,3,__ockl_get_local_size|result|zext|int|32|-1||0|0|3
1172,operand,zext,int,16,0,__ockl_get_local_size,,0,0,5,__ockl_get_local_size|operand|zext|int|16|0||0|0|5
1173,result,load,int,32,-1,__ockl_get_local_size,,0,0,8,__ockl_get_local_size|result|load|int|32|-1||0|0|8
1174,pointer,load,ptr,64,0,__ockl_get_local_size,,0,0,10,__ockl_get_local_size|pointer|load|ptr|64|0||0|0|10
1175,result,mul,int,32,-1,__ockl_get_local_size,,0,0,3,__ockl_get_local_size|result|mul|int|32|-1||0|0|3
1176,operand,mul,int,32,0,__ockl_get_local_size,,0,0,3,__ockl_get_local_size|operand|mul|int|32|0||0|0|3
1177,operand,mul,int,32,1,__ockl_get_local_size,,0,0,3,__ockl_get_local_size|operand|mul|int|32|1||0|0|3
1178,result,sub,int,32,-1,__ockl_get_local_size,,0,0,3,__ockl_get_local_size|result|sub|int|32|-1||0|0|3
1179,operand,sub,int,32,0,__ockl_get_local_size,,0,0,3,__ockl_get_local_size|operand|sub|int|32|0||0|0|3
1180,operand,sub,int,32,1,__ockl_get_local_size,,0,0,3,__ockl_get_local_size|operand|sub|int|32|1||0|0|3
1181,result,call,int,32,-1,__ockl_get_local_size,,0,0,8,__ockl_get_local_size|result|call|int|32|-1||0|0|8
1182,operand,call,int,32,0,__ockl_get_local_size,,0,0,3,__ockl_get_local_size|operand|call|int|32|0||0|0|3
1183,operand,call,int,32,1,__ockl_get_local_size,,0,0,3,__ockl_get_local_size|operand|call|int|32|1||0|0|3
1184,result,zext,int,64,-1,__ockl_get_local_size,,0,0,5,__ockl_get_local_size|result|zext|int|64|-1||0|0|5
1185,operand,zext,int,32,0,__ockl_get_local_size,,0,0,3,__ockl_get_local_size|operand|zext|int|32|0||0|0|3
1186,result,call,int,32,-1,__ockl_get_local_size,,0,0,9,__ockl_get_local_size|result|call|int|32|-1||0|0|9
1187,result,load,int,32,-1,__ockl_get_local_size,,0,0,9,__ockl_get_local_size|result|load|int|32|-1||0|0|9
1188,pointer,load,ptr,64,0,__ockl_get_local_size,,0,0,11,__ockl_get_local_size|pointer|load|ptr|64|0||0|0|11
1189,result,icmp,int,1,-1,__ockl_get_local_size,,0,0,6,__ockl_get_local_size|result|icmp|int|1|-1||0|0|6
1190,operand,icmp,int,32,0,__ockl_get_local_size,,0,0,6,__ockl_get_local_size|operand|icmp|int|32|0||0|0|6
1191,operand,icmp,int,32,1,__ockl_get_local_size,,0,0,3,__ockl_get_local_size|operand|icmp|int|32|1||0|0|3
1192,result,select,int,64,-1,__ockl_get_local_size,,0,0,3,__ockl_get_local_size|result|select|int|64|-1||0|0|3
1193,operand,select,int,1,0,__ockl_get_local_size,,0,0,3,__ockl_get_local_size|operand|select|int|1|0||0|0|3
1194,result,load,int,16,-1,__ockl_get_local_size,,0,0,6,__ockl_get_local_size|result|load|int|16|-1||0|0|6
1195,pointer,load,ptr,64,0,__ockl_get_local_size,,0,0,12,__ockl_get_local_size|pointer|load|ptr|64|0||0|0|12
1196,result,zext,int,64,-1,__ockl_get_local_size,,0,0,6,__ockl_get_local_size|result|zext|int|64|-1||0|0|6
1197,operand,zext,int,16,0,__ockl_get_local_size,,0,0,6,__ockl_get_local_size|operand|zext|int|16|0||0|0|6
1198,result,phi,int,64,-1,__ockl_get_local_size,,0,0,1,__ockl_get_local_size|result|phi|int|64|-1||0|0|1
1199,result,call,int,32,-1,__ockl_get_group_id,,0,0,1,__ockl_get_group_id|result|call|int|32|-1||0|0|1
1200,result,call,int,32,-1,__ockl_get_group_id,,0,0,2,__ockl_get_group_id|result|call|int|32|-1||0|0|2
1201,result,call,int,32,-1,__ockl_get_group_id,,0,0,3,__ockl_get_group_id|result|call|int|32|-1||0|0|3
1202,result,phi,int,32,-1,__ockl_get_group_id,,0,0,1,__ockl_get_group_id|result|phi|int|32|-1||0|0|1
1203,result,zext,int,64,-1,__ockl_get_group_id,,0,0,1,__ockl_get_group_id|result|zext|int|64|-1||0|0|1
1204,operand,zext,int,32,0,__ockl_get_group_id,,0,0,1,__ockl_get_group_id|operand|zext|int|32|0||0|0|1
