index,site_id,bit_index,bitwidth,type_kind,opcode,site_class,operand_index
25,6,24,64,ptr,addrspacecast,pointer,0
26,6,25,64,ptr,addrspacecast,pointer,0
27,6,26,64,ptr,addrspacecast,pointer,0
28,6,27,64,ptr,addrspacecast,pointer,0
29,6,28,64,ptr,addrspacecast,pointer,0
30,6,29,64,ptr,addrspacecast,pointer,0
31,6,30,64,ptr,addrspacecast,pointer,0
32,6,31,64,ptr,addrspacecast,pointer,0
33,6,32,64,ptr,addrspacecast,pointer,0
34,6,33,64,ptr,addrspacecast,pointer,0
35,6,34,64,ptr,addrspacecast,pointer,0
36,6,35,64,ptr,addrspacecast,pointer,0
37,6,36,64,ptr,addrspacecast,pointer,0
38,6,37,64,ptr,addrspacecast,pointer,0
39,6,38,64,ptr,addrspacecast,pointer,0
40,6,39,64,ptr,addrspacecast,pointer,0
41,6,40,64,ptr,addrspacecast,pointer,0
42,6,41,64,ptr,addrspacecast,pointer,0
43,6,42,64,ptr,addrspacecast,pointer,0
44,6,43,64,ptr,addrspacecast,pointer,0
45,6,44,64,ptr,addrspacecast,pointer,0
46,6,45,64,ptr,addrspacecast,pointer,0
47,6,46,64,ptr,addrspacecast,pointer,0
48,6,47,64,ptr,addrspacecast,pointer,0
49,6,48,64,ptr,addrspacecast,pointer,0
50,6,49,64,ptr,addrspacecast,pointer,0
51,6,50,64,ptr,addrspacecast,pointer,0
52,6,51,64,ptr,addrspacecast,pointer,0
53,6,52,64,ptr,addrspacecast,pointer,0
54,6,53,64,ptr,addrspacecast,pointer,0
55,6,54,64,ptr,addrspacecast,pointer,0
56,6,55,64,ptr,addrspacecast,pointer,0
57,6,56,64,ptr,addrspacecast,pointer,0
58,6,57,64,ptr,addrspacecast,pointer,0
59,6,58,64,ptr,addrspacecast,pointer,0
60,6,59,64,ptr,addrspacecast,pointer,0
61,6,60,64,ptr,addrspacecast,pointer,0
62,6,61,64,ptr,addrspacecast,pointer,0
63,6,62,64,ptr,addrspacecast,pointer,0
64,6,63,64,ptr,addrspacecast,pointer,0
65,8,0,64,ptr,addrspacecast,pointer,0
66,8,1,64,ptr,addrspacecast,pointer,0
67,8,2,64,ptr,addrspacecast,pointer,0
68,8,3,64,ptr,addrspacecast,pointer,0
69,8,4,64,ptr,addrspacecast,pointer,0
70,8,5,64,ptr,addrspacecast,pointer,0
71,8,6,64,ptr,addrspacecast,pointer,0
72,8,7,64,ptr,addrspacecast,pointer,0
73,8,8,64,ptr,addrspacecast,pointer,0
74,8,9,64,ptr,addrspacecast,pointer,0
75,8,10,64,ptr,addrspacecast,pointer,0
76,8,11,64,ptr,addrspacecast,pointer,0
77,8,12,64,ptr,addrspacecast,pointer,0
78,8,13,64,ptr,addrspacecast,pointer,0
79,8,14,64,ptr,addrspacecast,pointer,0
80,8,15,64,ptr,addrspacecast,pointer,0
81,8,16,64,ptr,addrspacecast,pointer,0
82,8,17,64,ptr,addrspacecast,pointer,0
83,8,18,64,ptr,addrspacecast,pointer,0
84,8,19,64,ptr,addrspacecast,pointer,0
85,8,20,64,ptr,addrspacecast,pointer,0
86,8,21,64,ptr,addrspacecast,pointer,0
87,8,22,64,ptr,addrspacecast,pointer,0
88,8,23,64,ptr,addrspacecast,pointer,0
89,8,24,64,ptr,addrspacecast,pointer,0
90,8,25,64,ptr,addrspacecast,pointer,0
91,8,26,64,ptr,addrspacecast,pointer,0
92,8,27,64,ptr,addrspacecast,pointer,0
93,8,28,64,ptr,addrspacecast,pointer,0
94,8,29,64,ptr,addrspacecast,pointer,0
95,8,30,64,ptr,addrspacecast,pointer,0
96,8,31,64,ptr,addrspacecast,pointer,0
97,8,32,64,ptr,addrspacecast,pointer,0
98,8,33,64,ptr,addrspacecast,pointer,0
99,8,34,64,ptr,addrspacecast,pointer,0
100,8,35,64,ptr,addrspacecast,pointer,0
101,8,36,64,ptr,addrspacecast,pointer,0
102,8,37,64,ptr,addrspacecast,pointer,0
103,8,38,64,ptr,addrspacecast,pointer,0
104,8,39,64,ptr,addrspacecast,pointer,0
105,8,40,64,ptr,addrspacecast,pointer,0
106,8,41,64,ptr,addrspacecast,pointer,0
107,8,42,64,ptr,addrspacecast,pointer,0
108,8,43,64,ptr,addrspacecast,pointer,0
109,8,44,64,ptr,addrspacecast,pointer,0
110,8,45,64,ptr,addrspacecast,pointer,0
111,8,46,64,ptr,addrspacecast,pointer,0
112,8,47,64,ptr,addrspacecast,pointer,0
113,8,48,64,ptr,addrspacecast,pointer,0
114,8,49,64,ptr,addrspacecast,pointer,0
115,8,50,64,ptr,addrspacecast,pointer,0
116,8,51,64,ptr,addrspacecast,pointer,0
117,8,52,64,ptr,addrspacecast,pointer,0
118,8,53,64,ptr,addrspacecast,pointer,0
119,8,54,64,ptr,addrspacecast,pointer,0
120,8,55,64,ptr,addrspacecast,pointer,0
121,8,56,64,ptr,addrspacecast,pointer,0
122,8,57,64,ptr,addrspacecast,pointer,0
123,8,58,64,ptr,addrspacecast,pointer,0
124,8,59,64,ptr,addrspacecast,pointer,0
125,8,60,64,ptr,addrspacecast,pointer,0
126,8,61,64,ptr,addrspacecast,pointer,0
127,8,62,64,ptr,addrspacecast,pointer,0
128,8,63,64,ptr,addrspacecast,pointer,0
129,10,0,64,ptr,addrspacecast,pointer,0
130,10,1,64,ptr,addrspacecast,pointer,0
131,10,2,64,ptr,addrspacecast,pointer,0
132,10,3,64,ptr,addrspacecast,pointer,0
133,10,4,64,ptr,addrspacecast,pointer,0
134,10,5,64,ptr,addrspacecast,pointer,0
135,10,6,64,ptr,addrspacecast,pointer,0
136,10,7,64,ptr,addrspacecast,pointer,0
137,10,8,64,ptr,addrspacecast,pointer,0
138,10,9,64,ptr,addrspacecast,pointer,0
139,10,10,64,ptr,addrspacecast,pointer,0
140,10,11,64,ptr,addrspacecast,pointer,0
141,10,12,64,ptr,addrspacecast,pointer,0
142,10,13,64,ptr,addrspacecast,pointer,0
143,10,14,64,ptr,addrspacecast,pointer,0
144,10,15,64,ptr,addrspacecast,pointer,0
145,10,16,64,ptr,addrspacecast,pointer,0
146,10,17,64,ptr,addrspacecast,pointer,0
147,10,18,64,ptr,addrspacecast,pointer,0
148,10,19,64,ptr,addrspacecast,pointer,0
149,10,20,64,ptr,addrspacecast,pointer,0
150,10,21,64,ptr,addrspacecast,pointer,0
151,10,22,64,ptr,addrspacecast,pointer,0
152,10,23,64,ptr,addrspacecast,pointer,0
153,10,24,64,ptr,addrspacecast,pointer,0
154,10,25,64,ptr,addrspacecast,pointer,0
155,10,26,64,ptr,addrspacecast,pointer,0
156,10,27,64,ptr,addrspacecast,pointer,0
157,10,28,64,ptr,addrspacecast,pointer,0
158,10,29,64,ptr,addrspacecast,pointer,0
159,10,30,64,ptr,addrspacecast,pointer,0
160,10,31,64,ptr,addrspacecast,pointer,0
161,10,32,64,ptr,addrspacecast,pointer,0
162,10,33,64,ptr,addrspacecast,pointer,0
163,10,34,64,ptr,addrspacecast,pointer,0
164,10,35,64,ptr,addrspacecast,pointer,0
165,10,36,64,ptr,addrspacecast,pointer,0
166,10,37,64,ptr,addrspacecast,pointer,0
167,10,38,64,ptr,addrspacecast,pointer,0
168,10,39,64,ptr,addrspacecast,pointer,0
169,10,40,64,ptr,addrspacecast,pointer,0
170,10,41,64,ptr,addrspacecast,pointer,0
171,10,42,64,ptr,addrspacecast,pointer,0
172,10,43,64,ptr,addrspacecast,pointer,0
173,10,44,64,ptr,addrspacecast,pointer,0
174,10,45,64,ptr,addrspacecast,pointer,0
175,10,46,64,ptr,addrspacecast,pointer,0
176,10,47,64,ptr,addrspacecast,pointer,0
177,10,48,64,ptr,addrspacecast,pointer,0
178,10,49,64,ptr,addrspacecast,pointer,0
179,10,50,64,ptr,addrspacecast,pointer,0
180,10,51,64,ptr,addrspacecast,pointer,0
181,10,52,64,ptr,addrspacecast,pointer,0
182,10,53,64,ptr,addrspacecast,pointer,0
183,10,54,64,ptr,addrspacecast,pointer,0
184,10,55,64,ptr,addrspacecast,pointer,0
185,10,56,64,ptr,addrspacecast,pointer,0
186,10,57,64,ptr,addrspacecast,pointer,0
187,10,58,64,ptr,addrspacecast,pointer,0
188,10,59,64,ptr,addrspacecast,pointer,0
189,10,60,64,ptr,addrspacecast,pointer,0
190,10,61,64,ptr,addrspacecast,pointer,0
191,10,62,64,ptr,addrspacecast,pointer,0
192,10,63,64,ptr,addrspacecast,pointer,0
193,12,0,64,ptr,addrspacecast,pointer,0
194,12,1,64,ptr,addrspacecast,pointer,0
195,12,2,64,ptr,addrspacecast,pointer,0
196,12,3,64,ptr,addrspacecast,pointer,0
197,12,4,64,ptr,addrspacecast,pointer,0
198,12,5,64,ptr,addrspacecast,pointer,0
199,12,6,64,ptr,addrspacecast,pointer,0
200,12,7,64,ptr,addrspacecast,pointer,0
201,12,8,64,ptr,addrspacecast,pointer,0
202,12,9,64,ptr,addrspacecast,pointer,0
203,12,10,64,ptr,addrspacecast,pointer,0
204,12,11,64,ptr,addrspacecast,pointer,0
205,12,12,64,ptr,addrspacecast,pointer,0
206,12,13,64,ptr,addrspacecast,pointer,0
207,12,14,64,ptr,addrspacecast,pointer,0
208,12,15,64,ptr,addrspacecast,pointer,0
209,12,16,64,ptr,addrspacecast,pointer,0
210,12,17,64,ptr,addrspacecast,pointer,0
211,12,18,64,ptr,addrspacecast,pointer,0
212,12,19,64,ptr,addrspacecast,pointer,0
213,12,20,64,ptr,addrspacecast,pointer,0
214,12,21,64,ptr,addrspacecast,pointer,0
215,12,22,64,ptr,addrspacecast,pointer,0
216,12,23,64,ptr,addrspacecast,pointer,0
217,12,24,64,ptr,addrspacecast,pointer,0
218,12,25,64,ptr,addrspacecast,pointer,0
219,12,26,64,ptr,addrspacecast,pointer,0
220,12,27,64,ptr,addrspacecast,pointer,0
221,12,28,64,ptr,addrspacecast,pointer,0
222,12,29,64,ptr,addrspacecast,pointer,0
223,12,30,64,ptr,addrspacecast,pointer,0
224,12,31,64,ptr,addrspacecast,pointer,0
225,12,32,64,ptr,addrspacecast,pointer,0
226,12,33,64,ptr,addrspacecast,pointer,0
227,12,34,64,ptr,addrspacecast,pointer,0
228,12,35,64,ptr,addrspacecast,pointer,0
229,12,36,64,ptr,addrspacecast,pointer,0
230,12,37,64,ptr,addrspacecast,pointer,0
231,12,38,64,ptr,addrspacecast,pointer,0
232,12,39,64,ptr,addrspacecast,pointer,0
233,12,40,64,ptr,addrspacecast,pointer,0
234,12,41,64,ptr,addrspacecast,pointer,0
235,12,42,64,ptr,addrspacecast,pointer,0
236,12,43,64,ptr,addrspacecast,pointer,0
237,12,44,64,ptr,addrspacecast,pointer,0
238,12,45,64,ptr,addrspacecast,pointer,0
239,12,46,64,ptr,addrspacecast,pointer,0
240,12,47,64,ptr,addrspacecast,pointer,0
241,12,48,64,ptr,addrspacecast,pointer,0
242,12,49,64,ptr,addrspacecast,pointer,0
243,12,50,64,ptr,addrspacecast,pointer,0
244,12,51,64,ptr,addrspacecast,pointer,0
245,12,52,64,ptr,addrspacecast,pointer,0
246,12,53,64,ptr,addrspacecast,pointer,0
247,12,54,64,ptr,addrspacecast,pointer,0
248,12,55,64,ptr,addrspacecast,pointer,0
249,12,56,64,ptr,addrspacecast,pointer,0
250,12,57,64,ptr,addrspacecast,pointer,0
251,12,58,64,ptr,addrspacecast,pointer,0
252,12,59,64,ptr,addrspacecast,pointer,0
253,12,60,64,ptr,addrspacecast,pointer,0
254,12,61,64,ptr,addrspacecast,pointer,0
255,12,62,64,ptr,addrspacecast,pointer,0
256,12,63,64,ptr,addrspacecast,pointer,0
257,14,0,64,ptr,getelementptr,pointer,0
258,14,1,64,ptr,getelementptr,pointer,0
259,14,2,64,ptr,getelementptr,pointer,0
260,14,3,64,ptr,getelementptr,pointer,0
261,14,4,64,ptr,getelementptr,pointer,0
262,14,5,64,ptr,getelementptr,pointer,0
263,14,6,64,ptr,getelementptr,pointer,0
264,14,7,64,ptr,getelementptr,pointer,0
265,14,8,64,ptr,getelementptr,pointer,0
266,14,9,64,ptr,getelementptr,pointer,0
267,14,10,64,ptr,getelementptr,pointer,0
268,14,11,64,ptr,getelementptr,pointer,0
269,14,12,64,ptr,getelementptr,pointer,0
270,14,13,64,ptr,getelementptr,pointer,0
271,14,14,64,ptr,getelementptr,pointer,0
272,14,15,64,ptr,getelementptr,pointer,0
273,14,16,64,ptr,getelementptr,pointer,0
274,14,17,64,ptr,getelementptr,pointer,0
275,14,18,64,ptr,getelementptr,pointer,0
276,14,19,64,ptr,getelementptr,pointer,0
277,14,20,64,ptr,getelementptr,pointer,0
278,14,21,64,ptr,getelementptr,pointer,0
279,14,22,64,ptr,getelementptr,pointer,0
280,14,23,64,ptr,getelementptr,pointer,0
281,14,24,64,ptr,getelementptr,pointer,0
282,14,25,64,ptr,getelementptr,pointer,0
283,14,26,64,ptr,getelementptr,pointer,0
284,14,27,64,ptr,getelementptr,pointer,0
285,14,28,64,ptr,getelementptr,pointer,0
286,14,29,64,ptr,getelementptr,pointer,0
287,14,30,64,ptr,getelementptr,pointer,0
288,14,31,64,ptr,getelementptr,pointer,0
289,14,32,64,ptr,getelementptr,pointer,0
290,14,33,64,ptr,getelementptr,pointer,0
291,14,34,64,ptr,getelementptr,pointer,0
292,14,35,64,ptr,getelementptr,pointer,0
293,14,36,64,ptr,getelementptr,pointer,0
294,14,37,64,ptr,getelementptr,pointer,0
295,14,38,64,ptr,getelementptr,pointer,0
296,14,39,64,ptr,getelementptr,pointer,0
297,14,40,64,ptr,getelementptr,pointer,0
298,14,41,64,ptr,getelementptr,pointer,0
299,14,42,64,ptr,getelementptr,pointer,0
300,14,43,64,ptr,getelementptr,pointer,0
301,14,44,64,ptr,getelementptr,pointer,0
302,14,45,64,ptr,getelementptr,pointer,0
303,14,46,64,ptr,getelementptr,pointer,0
304,14,47,64,ptr,getelementptr,pointer,0
305,14,48,64,ptr,getelementptr,pointer,0
306,14,49,64,ptr,getelementptr,pointer,0
307,14,50,64,ptr,getelementptr,pointer,0
308,14,51,64,ptr,getelementptr,pointer,0
309,14,52,64,ptr,getelementptr,pointer,0
310,14,53,64,ptr,getelementptr,pointer,0
311,14,54,64,ptr,getelementptr,pointer,0
312,14,55,64,ptr,getelementptr,pointer,0
313,14,56,64,ptr,getelementptr,pointer,0
314,14,57,64,ptr,getelementptr,pointer,0
315,14,58,64,ptr,getelementptr,pointer,0
316,14,59,64,ptr,getelementptr,pointer,0
317,14,60,64,ptr,getelementptr,pointer,0
318,14,61,64,ptr,getelementptr,pointer,0
319,14,62,64,ptr,getelementptr,pointer,0
320,14,63,64,ptr,getelementptr,pointer,0
321,15,0,32,int,load,base,-1
322,15,1,32,int,load,base,-1
323,15,2,32,int,load,base,-1
324,15,3,32,int,load,base,-1
325,15,4,32,int,load,base,-1
326,15,5,32,int,load,base,-1
327,15,6,32,int,load,base,-1
328,15,7,32,int,load,base,-1
329,15,8,32,int,load,base,-1
330,15,9,32,int,load,base,-1
331,15,10,32,int,load,base,-1
332,15,11,32,int,load,base,-1
333,15,12,32,int,load,base,-1
334,15,13,32,int,load,base,-1
335,15,14,32,int,load,base,-1
336,15,15,32,int,load,base,-1
337,15,16,32,int,load,base,-1
338,15,17,32,int,load,base,-1
339,15,18,32,int,load,base,-1
340,15,19,32,int,load,base,-1
341,15,20,32,int,load,base,-1
342,15,21,32,int,load,base,-1
343,15,22,32,int,load,base,-1
344,15,23,32,int,load,base,-1
345,15,24,32,int,load,base,-1
346,15,25,32,int,load,base,-1
347,15,26,32,int,load,base,-1
348,15,27,32,int,load,base,-1
349,15,28,32,int,load,base,-1
350,15,29,32,int,load,base,-1
351,15,30,32,int,load,base,-1
352,15,31,32,int,load,base,-1
353,16,0,64,ptr,load,pointer,0
354,16,1,64,ptr,load,pointer,0
355,16,2,64,ptr,load,pointer,0
356,16,3,64,ptr,load,pointer,0
357,16,4,64,ptr,load,pointer,0
358,16,5,64,ptr,load,pointer,0
359,16,6,64,ptr,load,pointer,0
360,16,7,64,ptr,load,pointer,0
361,16,8,64,ptr,load,pointer,0
362,16,9,64,ptr,load,pointer,0
363,16,10,64,ptr,load,pointer,0
364,16,11,64,ptr,load,pointer,0
365,16,12,64,ptr,load,pointer,0
366,16,13,64,ptr,load,pointer,0
367,16,14,64,ptr,load,pointer,0
368,16,15,64,ptr,load,pointer,0
369,16,16,64,ptr,load,pointer,0
370,16,17,64,ptr,load,pointer,0
371,16,18,64,ptr,load,pointer,0
372,16,19,64,ptr,load,pointer,0
373,16,20,64,ptr,load,pointer,0
374,16,21,64,ptr,load,pointer,0
375,16,22,64,ptr,load,pointer,0
376,16,23,64,ptr,load,pointer,0
377,16,24,64,ptr,load,pointer,0
378,16,25,64,ptr,load,pointer,0
379,16,26,64,ptr,load,pointer,0
380,16,27,64,ptr,load,pointer,0
381,16,28,64,ptr,load,pointer,0
382,16,29,64,ptr,load,pointer,0
383,16,30,64,ptr,load,pointer,0
384,16,31,64,ptr,load,pointer,0
385,16,32,64,ptr,load,pointer,0
386,16,33,64,ptr,load,pointer,0
387,16,34,64,ptr,load,pointer,0
388,16,35,64,ptr,load,pointer,0
389,16,36,64,ptr,load,pointer,0
390,16,37,64,ptr,load,pointer,0
391,16,38,64,ptr,load,pointer,0
392,16,39,64,ptr,load,pointer,0
393,16,40,64,ptr,load,pointer,0
394,16,41,64,ptr,load,pointer,0
395,16,42,64,ptr,load,pointer,0
396,16,43,64,ptr,load,pointer,0
397,16,44,64,ptr,load,pointer,0
398,16,45,64,ptr,load,pointer,0
399,16,46,64,ptr,load,pointer,0
400,16,47,64,ptr,load,pointer,0
401,16,48,64,ptr,load,pointer,0
402,16,49,64,ptr,load,pointer,0
403,16,50,64,ptr,load,pointer,0
404,16,51,64,ptr,load,pointer,0
405,16,52,64,ptr,load,pointer,0
406,16,53,64,ptr,load,pointer,0
407,16,54,64,ptr,load,pointer,0
408,16,55,64,ptr,load,pointer,0
409,16,56,64,ptr,load,pointer,0
410,16,57,64,ptr,load,pointer,0
411,16,58,64,ptr,load,pointer,0
412,16,59,64,ptr,load,pointer,0
413,16,60,64,ptr,load,pointer,0
414,16,61,64,ptr,load,pointer,0
415,16,62,64,ptr,load,pointer,0
416,16,63,64,ptr,load,pointer,0
417,18,0,64,ptr,getelementptr,pointer,0
418,18,1,64,ptr,getelementptr,pointer,0
419,18,2,64,ptr,getelementptr,pointer,0
420,18,3,64,ptr,getelementptr,pointer,0
421,18,4,64,ptr,getelementptr,pointer,0
422,18,5,64,ptr,getelementptr,pointer,0
423,18,6,64,ptr,getelementptr,pointer,0
424,18,7,64,ptr,getelementptr,pointer,0
425,18,8,64,ptr,getelementptr,pointer,0
426,18,9,64,ptr,getelementptr,pointer,0
427,18,10,64,ptr,getelementptr,pointer,0
428,18,11,64,ptr,getelementptr,pointer,0
429,18,12,64,ptr,getelementptr,pointer,0
430,18,13,64,ptr,getelementptr,pointer,0
431,18,14,64,ptr,getelementptr,pointer,0
432,18,15,64,ptr,getelementptr,pointer,0
433,18,16,64,ptr,getelementptr,pointer,0
434,18,17,64,ptr,getelementptr,pointer,0
435,18,18,64,ptr,getelementptr,pointer,0
436,18,19,64,ptr,getelementptr,pointer,0
437,18,20,64,ptr,getelementptr,pointer,0
438,18,21,64,ptr,getelementptr,pointer,0
439,18,22,64,ptr,getelementptr,pointer,0
440,18,23,64,ptr,getelementptr,pointer,0
441,18,24,64,ptr,getelementptr,pointer,0
442,18,25,64,ptr,getelementptr,pointer,0
443,18,26,64,ptr,getelementptr,pointer,0
444,18,27,64,ptr,getelementptr,pointer,0
445,18,28,64,ptr,getelementptr,pointer,0
446,18,29,64,ptr,getelementptr,pointer,0
447,18,30,64,ptr,getelementptr,pointer,0
448,18,31,64,ptr,getelementptr,pointer,0
449,18,32,64,ptr,getelementptr,pointer,0
450,18,33,64,ptr,getelementptr,pointer,0
451,18,34,64,ptr,getelementptr,pointer,0
452,18,35,64,ptr,getelementptr,pointer,0
453,18,36,64,ptr,getelementptr,pointer,0
454,18,37,64,ptr,getelementptr,pointer,0
455,18,38,64,ptr,getelementptr,pointer,0
456,18,39,64,ptr,getelementptr,pointer,0
457,18,40,64,ptr,getelementptr,pointer,0
458,18,41,64,ptr,getelementptr,pointer,0
459,18,42,64,ptr,getelementptr,pointer,0
460,18,43,64,ptr,getelementptr,pointer,0
461,18,44,64,ptr,getelementptr,pointer,0
462,18,45,64,ptr,getelementptr,pointer,0
463,18,46,64,ptr,getelementptr,pointer,0
464,18,47,64,ptr,getelementptr,pointer,0
465,18,48,64,ptr,getelementptr,pointer,0
466,18,49,64,ptr,getelementptr,pointer,0
467,18,50,64,ptr,getelementptr,pointer,0
468,18,51,64,ptr,getelementptr,pointer,0
469,18,52,64,ptr,getelementptr,pointer,0
470,18,53,64,ptr,getelementptr,pointer,0
471,18,54,64,ptr,getelementptr,pointer,0
472,18,55,64,ptr,getelementptr,pointer,0
473,18,56,64,ptr,getelementptr,pointer,0
474,18,57,64,ptr,getelementptr,pointer,0
475,18,58,64,ptr,getelementptr,pointer,0
476,18,59,64,ptr,getelementptr,pointer,0
477,18,60,64,ptr,getelementptr,pointer,0
478,18,61,64,ptr,getelementptr,pointer,0
479,18,62,64,ptr,getelementptr,pointer,0
480,18,63,64,ptr,getelementptr,pointer,0
481,20,0,64,ptr,load,pointer,0
482,20,1,64,ptr,load,pointer,0
483,20,2,64,ptr,load,pointer,0
484,20,3,64,ptr,load,pointer,0
485,20,4,64,ptr,load,pointer,0
486,20,5,64,ptr,load,pointer,0
487,20,6,64,ptr,load,pointer,0
488,20,7,64,ptr,load,pointer,0
489,20,8,64,ptr,load,pointer,0
490,20,9,64,ptr,load,pointer,0
491,20,10,64,ptr,load,pointer,0
492,20,11,64,ptr,load,pointer,0
493,20,12,64,ptr,load,pointer,0
494,20,13,64,ptr,load,pointer,0
495,20,14,64,ptr,load,pointer,0
496,20,15,64,ptr,load,pointer,0
497,20,16,64,ptr,load,pointer,0
498,20,17,64,ptr,load,pointer,0
499,20,18,64,ptr,load,pointer,0
500,20,19,64,ptr,load,pointer,0
501,20,20,64,ptr,load,pointer,0
502,20,21,64,ptr,load,pointer,0
503,20,22,64,ptr,load,pointer,0
504,20,23,64,ptr,load,pointer,0
505,20,24,64,ptr,load,pointer,0
506,20,25,64,ptr,load,pointer,0
507,20,26,64,ptr,load,pointer,0
508,20,27,64,ptr,load,pointer,0
509,20,28,64,ptr,load,pointer,0
510,20,29,64,ptr,load,pointer,0
511,20,30,64,ptr,load,pointer,0
512,20,31,64,ptr,load,pointer,0
513,20,32,64,ptr,load,pointer,0
514,20,33,64,ptr,load,pointer,0
515,20,34,64,ptr,load,pointer,0
516,20,35,64,ptr,load,pointer,0
517,20,36,64,ptr,load,pointer,0
518,20,37,64,ptr,load,pointer,0
519,20,38,64,ptr,load,pointer,0
520,20,39,64,ptr,load,pointer,0
521,20,40,64,ptr,load,pointer,0
522,20,41,64,ptr,load,pointer,0
523,20,42,64,ptr,load,pointer,0
524,20,43,64,ptr,load,pointer,0
525,20,44,64,ptr,load,pointer,0
526,20,45,64,ptr,load,pointer,0
527,20,46,64,ptr,load,pointer,0
528,20,47,64,ptr,load,pointer,0
529,20,48,64,ptr,load,pointer,0
530,20,49,64,ptr,load,pointer,0
531,20,50,64,ptr,load,pointer,0
532,20,51,64,ptr,load,pointer,0
533,20,52,64,ptr,load,pointer,0
534,20,53,64,ptr,load,pointer,0
535,20,54,64,ptr,load,pointer,0
536,20,55,64,ptr,load,pointer,0
537,20,56,64,ptr,load,pointer,0
538,20,57,64,ptr,load,pointer,0
539,20,58,64,ptr,load,pointer,0
540,20,59,64,ptr,load,pointer,0
541,20,60,64,ptr,load,pointer,0
542,20,61,64,ptr,load,pointer,0
543,20,62,64,ptr,load,pointer,0
544,20,63,64,ptr,load,pointer,0
545,22,0,64,ptr,addrspacecast,pointer,0
546,22,1,64,ptr,addrspacecast,pointer,0
547,22,2,64,ptr,addrspacecast,pointer,0
548,22,3,64,ptr,addrspacecast,pointer,0
549,22,4,64,ptr,addrspacecast,pointer,0
550,22,5,64,ptr,addrspacecast,pointer,0
551,22,6,64,ptr,addrspacecast,pointer,0
552,22,7,64,ptr,addrspacecast,pointer,0
553,22,8,64,ptr,addrspacecast,pointer,0
554,22,9,64,ptr,addrspacecast,pointer,0
555,22,10,64,ptr,addrspacecast,pointer,0
556,22,11,64,ptr,addrspacecast,pointer,0
557,22,12,64,ptr,addrspacecast,pointer,0
558,22,13,64,ptr,addrspacecast,pointer,0
559,22,14,64,ptr,addrspacecast,pointer,0
560,22,15,64,ptr,addrspacecast,pointer,0
561,22,16,64,ptr,addrspacecast,pointer,0
562,22,17,64,ptr,addrspacecast,pointer,0
563,22,18,64,ptr,addrspacecast,pointer,0
564,22,19,64,ptr,addrspacecast,pointer,0
565,22,20,64,ptr,addrspacecast,pointer,0
566,22,21,64,ptr,addrspacecast,pointer,0
567,22,22,64,ptr,addrspacecast,pointer,0
568,22,23,64,ptr,addrspacecast,pointer,0
569,22,24,64,ptr,addrspacecast,pointer,0
570,22,25,64,ptr,addrspacecast,pointer,0
571,22,26,64,ptr,addrspacecast,pointer,0
572,22,27,64,ptr,addrspacecast,pointer,0
573,22,28,64,ptr,addrspacecast,pointer,0
574,22,29,64,ptr,addrspacecast,pointer,0
575,22,30,64,ptr,addrspacecast,pointer,0
576,22,31,64,ptr,addrspacecast,pointer,0
577,22,32,64,ptr,addrspacecast,pointer,0
578,22,33,64,ptr,addrspacecast,pointer,0
579,22,34,64,ptr,addrspacecast,pointer,0
580,22,35,64,ptr,addrspacecast,pointer,0
581,22,36,64,ptr,addrspacecast,pointer,0
582,22,37,64,ptr,addrspacecast,pointer,0
583,22,38,64,ptr,addrspacecast,pointer,0
584,22,39,64,ptr,addrspacecast,pointer,0
585,22,40,64,ptr,addrspacecast,pointer,0
586,22,41,64,ptr,addrspacecast,pointer,0
587,22,42,64,ptr,addrspacecast,pointer,0
588,22,43,64,ptr,addrspacecast,pointer,0
589,22,44,64,ptr,addrspacecast,pointer,0
590,22,45,64,ptr,addrspacecast,pointer,0
591,22,46,64,ptr,addrspacecast,pointer,0
592,22,47,64,ptr,addrspacecast,pointer,0
593,22,48,64,ptr,addrspacecast,pointer,0
594,22,49,64,ptr,addrspacecast,pointer,0
595,22,50,64,ptr,addrspacecast,pointer,0
596,22,51,64,ptr,addrspacecast,pointer,0
597,22,52,64,ptr,addrspacecast,pointer,0
598,22,53,64,ptr,addrspacecast,pointer,0
599,22,54,64,ptr,addrspacecast,pointer,0
600,22,55,64,ptr,addrspacecast,pointer,0
601,22,56,64,ptr,addrspacecast,pointer,0
602,22,57,64,ptr,addrspacecast,pointer,0
603,22,58,64,ptr,addrspacecast,pointer,0
604,22,59,64,ptr,addrspacecast,pointer,0
605,22,60,64,ptr,addrspacecast,pointer,0
606,22,61,64,ptr,addrspacecast,pointer,0
607,22,62,64,ptr,addrspacecast,pointer,0
608,22,63,64,ptr,addrspacecast,pointer,0
609,25,0,64,ptr,addrspacecast,pointer,0
610,25,1,64,ptr,addrspacecast,pointer,0
611,25,2,64,ptr,addrspacecast,pointer,0
612,25,3,64,ptr,addrspacecast,pointer,0
613,25,4,64,ptr,addrspacecast,pointer,0
614,25,5,64,ptr,addrspacecast,pointer,0
615,25,6,64,ptr,addrspacecast,pointer,0
616,25,7,64,ptr,addrspacecast,pointer,0
617,25,8,64,ptr,addrspacecast,pointer,0
618,25,9,64,ptr,addrspacecast,pointer,0
619,25,10,64,ptr,addrspacecast,pointer,0
620,25,11,64,ptr,addrspacecast,pointer,0
621,25,12,64,ptr,addrspacecast,pointer,0
622,25,13,64,ptr,addrspacecast,pointer,0
623,25,14,64,ptr,addrspacecast,pointer,0
624,25,15,64,ptr,addrspacecast,pointer,0
625,25,16,64,ptr,addrspacecast,pointer,0
626,25,17,64,ptr,addrspacecast,pointer,0
627,25,18,64,ptr,addrspacecast,pointer,0
628,25,19,64,ptr,addrspacecast,pointer,0
629,25,20,64,ptr,addrspacecast,pointer,0
630,25,21,64,ptr,addrspacecast,pointer,0
631,25,22,64,ptr,addrspacecast,pointer,0
632,25,23,64,ptr,addrspacecast,pointer,0
633,25,24,64,ptr,addrspacecast,pointer,0
634,25,25,64,ptr,addrspacecast,pointer,0
635,25,26,64,ptr,addrspacecast,pointer,0
636,25,27,64,ptr,addrspacecast,pointer,0
637,25,28,64,ptr,addrspacecast,pointer,0
638,25,29,64,ptr,addrspacecast,pointer,0
639,25,30,64,ptr,addrspacecast,pointer,0
640,25,31,64,ptr,addrspacecast,pointer,0
641,25,32,64,ptr,addrspacecast,pointer,0
642,25,33,64,ptr,addrspacecast,pointer,0
643,25,34,64,ptr,addrspacecast,pointer,0
644,25,35,64,ptr,addrspacecast,pointer,0
645,25,36,64,ptr,addrspacecast,pointer,0
646,25,37,64,ptr,addrspacecast,pointer,0
647,25,38,64,ptr,addrspacecast,pointer,0
648,25,39,64,ptr,addrspacecast,pointer,0
649,25,40,64,ptr,addrspacecast,pointer,0
650,25,41,64,ptr,addrspacecast,pointer,0
651,25,42,64,ptr,addrspacecast,pointer,0
652,25,43,64,ptr,addrspacecast,pointer,0
653,25,44,64,ptr,addrspacecast,pointer,0
654,25,45,64,ptr,addrspacecast,pointer,0
655,25,46,64,ptr,addrspacecast,pointer,0
656,25,47,64,ptr,addrspacecast,pointer,0
657,25,48,64,ptr,addrspacecast,pointer,0
658,25,49,64,ptr,addrspacecast,pointer,0
659,25,50,64,ptr,addrspacecast,pointer,0
660,25,51,64,ptr,addrspacecast,pointer,0
661,25,52,64,ptr,addrspacecast,pointer,0
662,25,53,64,ptr,addrspacecast,pointer,0
663,25,54,64,ptr,addrspacecast,pointer,0
664,25,55,64,ptr,addrspacecast,pointer,0
665,25,56,64,ptr,addrspacecast,pointer,0
666,25,57,64,ptr,addrspacecast,pointer,0
667,25,58,64,ptr,addrspacecast,pointer,0
668,25,59,64,ptr,addrspacecast,pointer,0
669,25,60,64,ptr,addrspacecast,pointer,0
670,25,61,64,ptr,addrspacecast,pointer,0
671,25,62,64,ptr,addrspacecast,pointer,0
672,25,63,64,ptr,addrspacecast,pointer,0
673,40,0,64,ptr,addrspacecast,pointer,0
674,40,1,64,ptr,addrspacecast,pointer,0
675,40,2,64,ptr,addrspacecast,pointer,0
676,40,3,64,ptr,addrspacecast,pointer,0
677,40,4,64,ptr,addrspacecast,pointer,0
678,40,5,64,ptr,addrspacecast,pointer,0
679,40,6,64,ptr,addrspacecast,pointer,0
680,40,7,64,ptr,addrspacecast,pointer,0
681,40,8,64,ptr,addrspacecast,pointer,0
682,40,9,64,ptr,addrspacecast,pointer,0
683,40,10,64,ptr,addrspacecast,pointer,0
684,40,11,64,ptr,addrspacecast,pointer,0
685,40,12,64,ptr,addrspacecast,pointer,0
686,40,13,64,ptr,addrspacecast,pointer,0
687,40,14,64,ptr,addrspacecast,pointer,0
688,40,15,64,ptr,addrspacecast,pointer,0
689,40,16,64,ptr,addrspacecast,pointer,0
690,40,17,64,ptr,addrspacecast,pointer,0
691,40,18,64,ptr,addrspacecast,pointer,0
692,40,19,64,ptr,addrspacecast,pointer,0
693,40,20,64,ptr,addrspacecast,pointer,0
694,40,21,64,ptr,addrspacecast,pointer,0
695,40,22,64,ptr,addrspacecast,pointer,0
696,40,23,64,ptr,addrspacecast,pointer,0
697,40,24,64,ptr,addrspacecast,pointer,0
698,40,25,64,ptr,addrspacecast,pointer,0
699,40,26,64,ptr,addrspacecast,pointer,0
700,40,27,64,ptr,addrspacecast,pointer,0
701,40,28,64,ptr,addrspacecast,pointer,0
702,40,29,64,ptr,addrspacecast,pointer,0
703,40,30,64,ptr,addrspacecast,pointer,0
704,40,31,64,ptr,addrspacecast,pointer,0
705,40,32,64,ptr,addrspacecast,pointer,0
706,40,33,64,ptr,addrspacecast,pointer,0
707,40,34,64,ptr,addrspacecast,pointer,0
708,40,35,64,ptr,addrspacecast,pointer,0
709,40,36,64,ptr,addrspacecast,pointer,0
710,40,37,64,ptr,addrspacecast,pointer,0
711,40,38,64,ptr,addrspacecast,pointer,0
712,40,39,64,ptr,addrspacecast,pointer,0
713,40,40,64,ptr,addrspacecast,pointer,0
714,40,41,64,ptr,addrspacecast,pointer,0
715,40,42,64,ptr,addrspacecast,pointer,0
716,40,43,64,ptr,addrspacecast,pointer,0
717,40,44,64,ptr,addrspacecast,pointer,0
718,40,45,64,ptr,addrspacecast,pointer,0
719,40,46,64,ptr,addrspacecast,pointer,0
720,40,47,64,ptr,addrspacecast,pointer,0
721,40,48,64,ptr,addrspacecast,pointer,0
722,40,49,64,ptr,addrspacecast,pointer,0
723,40,50,64,ptr,addrspacecast,pointer,0
724,40,51,64,ptr,addrspacecast,pointer,0
725,40,52,64,ptr,addrspacecast,pointer,0
726,40,53,64,ptr,addrspacecast,pointer,0
727,40,54,64,ptr,addrspacecast,pointer,0
728,40,55,64,ptr,addrspacecast,pointer,0
729,40,56,64,ptr,addrspacecast,pointer,0
730,40,57,64,ptr,addrspacecast,pointer,0
731,40,58,64,ptr,addrspacecast,pointer,0
732,40,59,64,ptr,addrspacecast,pointer,0
733,40,60,64,ptr,addrspacecast,pointer,0
734,40,61,64,ptr,addrspacecast,pointer,0
735,40,62,64,ptr,addrspacecast,pointer,0
736,40,63,64,ptr,addrspacecast,pointer,0
737,42,0,64,ptr,addrspacecast,pointer,0
738,42,1,64,ptr,addrspacecast,pointer,0
739,42,2,64,ptr,addrspacecast,pointer,0
740,42,3,64,ptr,addrspacecast,pointer,0
741,42,4,64,ptr,addrspacecast,pointer,0
742,42,5,64,ptr,addrspacecast,pointer,0
743,42,6,64,ptr,addrspacecast,pointer,0
744,42,7,64,ptr,addrspacecast,pointer,0
745,42,8,64,ptr,addrspacecast,pointer,0
746,42,9,64,ptr,addrspacecast,pointer,0
747,42,10,64,ptr,addrspacecast,pointer,0
748,42,11,64,ptr,addrspacecast,pointer,0
749,42,12,64,ptr,addrspacecast,pointer,0
750,42,13,64,ptr,addrspacecast,pointer,0
751,42,14,64,ptr,addrspacecast,pointer,0
752,42,15,64,ptr,addrspacecast,pointer,0
753,42,16,64,ptr,addrspacecast,pointer,0
754,42,17,64,ptr,addrspacecast,pointer,0
755,42,18,64,ptr,addrspacecast,pointer,0
756,42,19,64,ptr,addrspacecast,pointer,0
757,42,20,64,ptr,addrspacecast,pointer,0
758,42,21,64,ptr,addrspacecast,pointer,0
759,42,22,64,ptr,addrspacecast,pointer,0
760,42,23,64,ptr,addrspacecast,pointer,0
761,42,24,64,ptr,addrspacecast,pointer,0
762,42,25,64,ptr,addrspacecast,pointer,0
763,42,26,64,ptr,addrspacecast,pointer,0
764,42,27,64,ptr,addrspacecast,pointer,0
765,42,28,64,ptr,addrspacecast,pointer,0
766,42,29,64,ptr,addrspacecast,pointer,0
767,42,30,64,ptr,addrspacecast,pointer,0
768,42,31,64,ptr,addrspacecast,pointer,0
769,42,32,64,ptr,addrspacecast,pointer,0
770,42,33,64,ptr,addrspacecast,pointer,0
771,42,34,64,ptr,addrspacecast,pointer,0
772,42,35,64,ptr,addrspacecast,pointer,0
773,42,36,64,ptr,addrspacecast,pointer,0
774,42,37,64,ptr,addrspacecast,pointer,0
775,42,38,64,ptr,addrspacecast,pointer,0
776,42,39,64,ptr,addrspacecast,pointer,0
777,42,40,64,ptr,addrspacecast,pointer,0
778,42,41,64,ptr,addrspacecast,pointer,0
779,42,42,64,ptr,addrspacecast,pointer,0
780,42,43,64,ptr,addrspacecast,pointer,0
781,42,44,64,ptr,addrspacecast,pointer,0
782,42,45,64,ptr,addrspacecast,pointer,0
783,42,46,64,ptr,addrspacecast,pointer,0
784,42,47,64,ptr,addrspacecast,pointer,0
785,42,48,64,ptr,addrspacecast,pointer,0
786,42,49,64,ptr,addrspacecast,pointer,0
787,42,50,64,ptr,addrspacecast,pointer,0
788,42,51,64,ptr,addrspacecast,pointer,0
789,42,52,64,ptr,addrspacecast,pointer,0
790,42,53,64,ptr,addrspacecast,pointer,0
791,42,54,64,ptr,addrspacecast,pointer,0
792,42,55,64,ptr,addrspacecast,pointer,0
793,42,56,64,ptr,addrspacecast,pointer,0
794,42,57,64,ptr,addrspacecast,pointer,0
795,42,58,64,ptr,addrspacecast,pointer,0
796,42,59,64,ptr,addrspacecast,pointer,0
797,42,60,64,ptr,addrspacecast,pointer,0
798,42,61,64,ptr,addrspacecast,pointer,0
799,42,62,64,ptr,addrspacecast,pointer,0
800,42,63,64,ptr,addrspacecast,pointer,0
801,44,0,64,ptr,addrspacecast,pointer,0
802,44,1,64,ptr,addrspacecast,pointer,0
803,44,2,64,ptr,addrspacecast,pointer,0
804,44,3,64,ptr,addrspacecast,pointer,0
805,44,4,64,ptr,addrspacecast,pointer,0
806,44,5,64,ptr,addrspacecast,pointer,0
807,44,6,64,ptr,addrspacecast,pointer,0
808,44,7,64,ptr,addrspacecast,pointer,0
809,44,8,64,ptr,addrspacecast,pointer,0
810,44,9,64,ptr,addrspacecast,pointer,0
811,44,10,64,ptr,addrspacecast,pointer,0
812,44,11,64,ptr,addrspacecast,pointer,0
813,44,12,64,ptr,addrspacecast,pointer,0
814,44,13,64,ptr,addrspacecast,pointer,0
815,44,14,64,ptr,addrspacecast,pointer,0
816,44,15,64,ptr,addrspacecast,pointer,0
817,44,16,64,ptr,addrspacecast,pointer,0
818,44,17,64,ptr,addrspacecast,pointer,0
819,44,18,64,ptr,addrspacecast,pointer,0
820,44,19,64,ptr,addrspacecast,pointer,0
821,44,20,64,ptr,addrspacecast,pointer,0
822,44,21,64,ptr,addrspacecast,pointer,0
823,44,22,64,ptr,addrspacecast,pointer,0
824,44,23,64,ptr,addrspacecast,pointer,0
825,44,24,64,ptr,addrspacecast,pointer,0
826,44,25,64,ptr,addrspacecast,pointer,0
827,44,26,64,ptr,addrspacecast,pointer,0
828,44,27,64,ptr,addrspacecast,pointer,0
829,44,28,64,ptr,addrspacecast,pointer,0
830,44,29,64,ptr,addrspacecast,pointer,0
831,44,30,64,ptr,addrspacecast,pointer,0
832,44,31,64,ptr,addrspacecast,pointer,0
833,44,32,64,ptr,addrspacecast,pointer,0
834,44,33,64,ptr,addrspacecast,pointer,0
835,44,34,64,ptr,addrspacecast,pointer,0
836,44,35,64,ptr,addrspacecast,pointer,0
837,44,36,64,ptr,addrspacecast,pointer,0
838,44,37,64,ptr,addrspacecast,pointer,0
839,44,38,64,ptr,addrspacecast,pointer,0
840,44,39,64,ptr,addrspacecast,pointer,0
841,44,40,64,ptr,addrspacecast,pointer,0
842,44,41,64,ptr,addrspacecast,pointer,0
843,44,42,64,ptr,addrspacecast,pointer,0
844,44,43,64,ptr,addrspacecast,pointer,0
845,44,44,64,ptr,addrspacecast,pointer,0
846,44,45,64,ptr,addrspacecast,pointer,0
847,44,46,64,ptr,addrspacecast,pointer,0
848,44,47,64,ptr,addrspacecast,pointer,0
849,44,48,64,ptr,addrspacecast,pointer,0
850,44,49,64,ptr,addrspacecast,pointer,0
851,44,50,64,ptr,addrspacecast,pointer,0
852,44,51,64,ptr,addrspacecast,pointer,0
853,44,52,64,ptr,addrspacecast,pointer,0
854,44,53,64,ptr,addrspacecast,pointer,0
855,44,54,64,ptr,addrspacecast,pointer,0
856,44,55,64,ptr,addrspacecast,pointer,0
857,44,56,64,ptr,addrspacecast,pointer,0
858,44,57,64,ptr,addrspacecast,pointer,0
859,44,58,64,ptr,addrspacecast,pointer,0
860,44,59,64,ptr,addrspacecast,pointer,0
861,44,60,64,ptr,addrspacecast,pointer,0
862,44,61,64,ptr,addrspacecast,pointer,0
863,44,62,64,ptr,addrspacecast,pointer,0
864,44,63,64,ptr,addrspacecast,pointer,0
865,46,0,64,ptr,addrspacecast,pointer,0
866,46,1,64,ptr,addrspacecast,pointer,0
867,46,2,64,ptr,addrspacecast,pointer,0
868,46,3,64,ptr,addrspacecast,pointer,0
869,46,4,64,ptr,addrspacecast,pointer,0
870,46,5,64,ptr,addrspacecast,pointer,0
871,46,6,64,ptr,addrspacecast,pointer,0
872,46,7,64,ptr,addrspacecast,pointer,0
873,46,8,64,ptr,addrspacecast,pointer,0
874,46,9,64,ptr,addrspacecast,pointer,0
875,46,10,64,ptr,addrspacecast,pointer,0
876,46,11,64,ptr,addrspacecast,pointer,0
877,46,12,64,ptr,addrspacecast,pointer,0
878,46,13,64,ptr,addrspacecast,pointer,0
879,46,14,64,ptr,addrspacecast,pointer,0
880,46,15,64,ptr,addrspacecast,pointer,0
881,46,16,64,ptr,addrspacecast,pointer,0
882,46,17,64,ptr,addrspacecast,pointer,0
883,46,18,64,ptr,addrspacecast,pointer,0
884,46,19,64,ptr,addrspacecast,pointer,0
885,46,20,64,ptr,addrspacecast,pointer,0
886,46,21,64,ptr,addrspacecast,pointer,0
887,46,22,64,ptr,addrspacecast,pointer,0
888,46,23,64,ptr,addrspacecast,pointer,0
889,46,24,64,ptr,addrspacecast,pointer,0
890,46,25,64,ptr,addrspacecast,pointer,0
891,46,26,64,ptr,addrspacecast,pointer,0
892,46,27,64,ptr,addrspacecast,pointer,0
893,46,28,64,ptr,addrspacecast,pointer,0
894,46,29,64,ptr,addrspacecast,pointer,0
895,46,30,64,ptr,addrspacecast,pointer,0
896,46,31,64,ptr,addrspacecast,pointer,0
897,46,32,64,ptr,addrspacecast,pointer,0
898,46,33,64,ptr,addrspacecast,pointer,0
899,46,34,64,ptr,addrspacecast,pointer,0
900,46,35,64,ptr,addrspacecast,pointer,0
901,46,36,64,ptr,addrspacecast,pointer,0
902,46,37,64,ptr,addrspacecast,pointer,0
903,46,38,64,ptr,addrspacecast,pointer,0
904,46,39,64,ptr,addrspacecast,pointer,0
905,46,40,64,ptr,addrspacecast,pointer,0
906,46,41,64,ptr,addrspacecast,pointer,0
907,46,42,64,ptr,addrspacecast,pointer,0
908,46,43,64,ptr,addrspacecast,pointer,0
909,46,44,64,ptr,addrspacecast,pointer,0
910,46,45,64,ptr,addrspacecast,pointer,0
911,46,46,64,ptr,addrspacecast,pointer,0
912,46,47,64,ptr,addrspacecast,pointer,0
913,46,48,64,ptr,addrspacecast,pointer,0
914,46,49,64,ptr,addrspacecast,pointer,0
915,46,50,64,ptr,addrspacecast,pointer,0
916,46,51,64,ptr,addrspacecast,pointer,0
917,46,52,64,ptr,addrspacecast,pointer,0
918,46,53,64,ptr,addrspacecast,pointer,0
919,46,54,64,ptr,addrspacecast,pointer,0
920,46,55,64,ptr,addrspacecast,pointer,0
921,46,56,64,ptr,addrspacecast,pointer,0
922,46,57,64,ptr,addrspacecast,pointer,0
923,46,58,64,ptr,addrspacecast,pointer,0
924,46,59,64,ptr,addrspacecast,pointer,0
925,46,60,64,ptr,addrspacecast,pointer,0
926,46,61,64,ptr,addrspacecast,pointer,0
927,46,62,64,ptr,addrspacecast,pointer,0
928,46,63,64,ptr,addrspacecast,pointer,0
929,48,0,64,ptr,addrspacecast,pointer,0
930,48,1,64,ptr,addrspacecast,pointer,0
931,48,2,64,ptr,addrspacecast,pointer,0
932,48,3,64,ptr,addrspacecast,pointer,0
933,48,4,64,ptr,addrspacecast,pointer,0
934,48,5,64,ptr,addrspacecast,pointer,0
935,48,6,64,ptr,addrspacecast,pointer,0
936,48,7,64,ptr,addrspacecast,pointer,0
937,48,8,64,ptr,addrspacecast,pointer,0
938,48,9,64,ptr,addrspacecast,pointer,0
939,48,10,64,ptr,addrspacecast,pointer,0
940,48,11,64,ptr,addrspacecast,pointer,0
941,48,12,64,ptr,addrspacecast,pointer,0
942,48,13,64,ptr,addrspacecast,pointer,0
943,48,14,64,ptr,addrspacecast,pointer,0
944,48,15,64,ptr,addrspacecast,pointer,0
945,48,16,64,ptr,addrspacecast,pointer,0
946,48,17,64,ptr,addrspacecast,pointer,0
947,48,18,64,ptr,addrspacecast,pointer,0
948,48,19,64,ptr,addrspacecast,pointer,0
949,48,20,64,ptr,addrspacecast,pointer,0
950,48,21,64,ptr,addrspacecast,pointer,0
951,48,22,64,ptr,addrspacecast,pointer,0
952,48,23,64,ptr,addrspacecast,pointer,0
953,48,24,64,ptr,addrspacecast,pointer,0
954,48,25,64,ptr,addrspacecast,pointer,0
955,48,26,64,ptr,addrspacecast,pointer,0
956,48,27,64,ptr,addrspacecast,pointer,0
957,48,28,64,ptr,addrspacecast,pointer,0
958,48,29,64,ptr,addrspacecast,pointer,0
959,48,30,64,ptr,addrspacecast,pointer,0
960,48,31,64,ptr,addrspacecast,pointer,0
961,48,32,64,ptr,addrspacecast,pointer,0
962,48,33,64,ptr,addrspacecast,pointer,0
963,48,34,64,ptr,addrspacecast,pointer,0
964,48,35,64,ptr,addrspacecast,pointer,0
965,48,36,64,ptr,addrspacecast,pointer,0
966,48,37,64,ptr,addrspacecast,pointer,0
967,48,38,64,ptr,addrspacecast,pointer,0
968,48,39,64,ptr,addrspacecast,pointer,0
969,48,40,64,ptr,addrspacecast,pointer,0
970,48,41,64,ptr,addrspacecast,pointer,0
971,48,42,64,ptr,addrspacecast,pointer,0
972,48,43,64,ptr,addrspacecast,pointer,0
973,48,44,64,ptr,addrspacecast,pointer,0
974,48,45,64,ptr,addrspacecast,pointer,0
975,48,46,64,ptr,addrspacecast,pointer,0
976,48,47,64,ptr,addrspacecast,pointer,0
977,48,48,64,ptr,addrspacecast,pointer,0
978,48,49,64,ptr,addrspacecast,pointer,0
979,48,50,64,ptr,addrspacecast,pointer,0
980,48,51,64,ptr,addrspacecast,pointer,0
981,48,52,64,ptr,addrspacecast,pointer,0
982,48,53,64,ptr,addrspacecast,pointer,0
983,48,54,64,ptr,addrspacecast,pointer,0
984,48,55,64,ptr,addrspacecast,pointer,0
985,48,56,64,ptr,addrspacecast,pointer,0
986,48,57,64,ptr,addrspacecast,pointer,0
987,48,58,64,ptr,addrspacecast,pointer,0
988,48,59,64,ptr,addrspacecast,pointer,0
989,48,60,64,ptr,addrspacecast,pointer,0
990,48,61,64,ptr,addrspacecast,pointer,0
991,48,62,64,ptr,addrspacecast,pointer,0
992,48,63,64,ptr,addrspacecast,pointer,0
993,50,0,64,ptr,addrspacecast,pointer,0
994,50,1,64,ptr,addrspacecast,pointer,0
995,50,2,64,ptr,addrspacecast,pointer,0
996,50,3,64,ptr,addrspacecast,pointer,0
997,50,4,64,ptr,addrspacecast,pointer,0
998,50,5,64,ptr,addrspacecast,pointer,0
999,50,6,64,ptr,addrspacecast,pointer,0
1000,50,7,64,ptr,addrspacecast,pointer,0
1001,50,8,64,ptr,addrspacecast,pointer,0
1002,50,9,64,ptr,addrspacecast,pointer,0
1003,50,10,64,ptr,addrspacecast,pointer,0
1004,50,11,64,ptr,addrspacecast,pointer,0
1005,50,12,64,ptr,addrspacecast,pointer,0
1006,50,13,64,ptr,addrspacecast,pointer,0
1007,50,14,64,ptr,addrspacecast,pointer,0
1008,50,15,64,ptr,addrspacecast,pointer,0
1009,50,16,64,ptr,addrspacecast,pointer,0
1010,50,17,64,ptr,addrspacecast,pointer,0
1011,50,18,64,ptr,addrspacecast,pointer,0
1012,50,19,64,ptr,addrspacecast,pointer,0
1013,50,20,64,ptr,addrspacecast,pointer,0
1014,50,21,64,ptr,addrspacecast,pointer,0
1015,50,22,64,ptr,addrspacecast,pointer,0
1016,50,23,64,ptr,addrspacecast,pointer,0
1017,50,24,64,ptr,addrspacecast,pointer,0
1018,50,25,64,ptr,addrspacecast,pointer,0
1019,50,26,64,ptr,addrspacecast,pointer,0
1020,50,27,64,ptr,addrspacecast,pointer,0
1021,50,28,64,ptr,addrspacecast,pointer,0
1022,50,29,64,ptr,addrspacecast,pointer,0
1023,50,30,64,ptr,addrspacecast,pointer,0
1024,50,31,64,ptr,addrspacecast,pointer,0
1025,50,32,64,ptr,addrspacecast,pointer,0
1026,50,33,64,ptr,addrspacecast,pointer,0
1027,50,34,64,ptr,addrspacecast,pointer,0
1028,50,35,64,ptr,addrspacecast,pointer,0
1029,50,36,64,ptr,addrspacecast,pointer,0
1030,50,37,64,ptr,addrspacecast,pointer,0
1031,50,38,64,ptr,addrspacecast,pointer,0
1032,50,39,64,ptr,addrspacecast,pointer,0
1033,50,40,64,ptr,addrspacecast,pointer,0
1034,50,41,64,ptr,addrspacecast,pointer,0
1035,50,42,64,ptr,addrspacecast,pointer,0
1036,50,43,64,ptr,addrspacecast,pointer,0
1037,50,44,64,ptr,addrspacecast,pointer,0
1038,50,45,64,ptr,addrspacecast,pointer,0
1039,50,46,64,ptr,addrspacecast,pointer,0
1040,50,47,64,ptr,addrspacecast,pointer,0
1041,50,48,64,ptr,addrspacecast,pointer,0
1042,50,49,64,ptr,addrspacecast,pointer,0
1043,50,50,64,ptr,addrspacecast,pointer,0
1044,50,51,64,ptr,addrspacecast,pointer,0
1045,50,52,64,ptr,addrspacecast,pointer,0
1046,50,53,64,ptr,addrspacecast,pointer,0
1047,50,54,64,ptr,addrspacecast,pointer,0
1048,50,55,64,ptr,addrspacecast,pointer,0
1049,50,56,64,ptr,addrspacecast,pointer,0
1050,50,57,64,ptr,addrspacecast,pointer,0
1051,50,58,64,ptr,addrspacecast,pointer,0
1052,50,59,64,ptr,addrspacecast,pointer,0
1053,50,60,64,ptr,addrspacecast,pointer,0
1054,50,61,64,ptr,addrspacecast,pointer,0
1055,50,62,64,ptr,addrspacecast,pointer,0
1056,50,63,64,ptr,addrspacecast,pointer,0
1057,52,0,64,ptr,addrspacecast,pointer,0
1058,52,1,64,ptr,addrspacecast,pointer,0
1059,52,2,64,ptr,addrspacecast,pointer,0
1060,52,3,64,ptr,addrspacecast,pointer,0
1061,52,4,64,ptr,addrspacecast,pointer,0
1062,52,5,64,ptr,addrspacecast,pointer,0
1063,52,6,64,ptr,addrspacecast,pointer,0
1064,52,7,64,ptr,addrspacecast,pointer,0
1065,52,8,64,ptr,addrspacecast,pointer,0
1066,52,9,64,ptr,addrspacecast,pointer,0
1067,52,10,64,ptr,addrspacecast,pointer,0
1068,52,11,64,ptr,addrspacecast,pointer,0
1069,52,12,64,ptr,addrspacecast,pointer,0
1070,52,13,64,ptr,addrspacecast,pointer,0
1071,52,14,64,ptr,addrspacecast,pointer,0
1072,52,15,64,ptr,addrspacecast,pointer,0
1073,52,16,64,ptr,addrspacecast,pointer,0
1074,52,17,64,ptr,addrspacecast,pointer,0
1075,52,18,64,ptr,addrspacecast,pointer,0
1076,52,19,64,ptr,addrspacecast,pointer,0
1077,52,20,64,ptr,addrspacecast,pointer,0
1078,52,21,64,ptr,addrspacecast,pointer,0
1079,52,22,64,ptr,addrspacecast,pointer,0
1080,52,23,64,ptr,addrspacecast,pointer,0
1081,52,24,64,ptr,addrspacecast,pointer,0
1082,52,25,64,ptr,addrspacecast,pointer,0
1083,52,26,64,ptr,addrspacecast,pointer,0
1084,52,27,64,ptr,addrspacecast,pointer,0
1085,52,28,64,ptr,addrspacecast,pointer,0
1086,52,29,64,ptr,addrspacecast,pointer,0
1087,52,30,64,ptr,addrspacecast,pointer,0
1088,52,31,64,ptr,addrspacecast,pointer,0
1089,52,32,64,ptr,addrspacecast,pointer,0
1090,52,33,64,ptr,addrspacecast,pointer,0
1091,52,34,64,ptr,addrspacecast,pointer,0
1092,52,35,64,ptr,addrspacecast,pointer,0
1093,52,36,64,ptr,addrspacecast,pointer,0
1094,52,37,64,ptr,addrspacecast,pointer,0
1095,52,38,64,ptr,addrspacecast,pointer,0
1096,52,39,64,ptr,addrspacecast,pointer,0
1097,52,40,64,ptr,addrspacecast,pointer,0
1098,52,41,64,ptr,addrspacecast,pointer,0
1099,52,42,64,ptr,addrspacecast,pointer,0
1100,52,43,64,ptr,addrspacecast,pointer,0
1101,52,44,64,ptr,addrspacecast,pointer,0
1102,52,45,64,ptr,addrspacecast,pointer,0
1103,52,46,64,ptr,addrspacecast,pointer,0
1104,52,47,64,ptr,addrspacecast,pointer,0
1105,52,48,64,ptr,addrspacecast,pointer,0
1106,52,49,64,ptr,addrspacecast,pointer,0
1107,52,50,64,ptr,addrspacecast,pointer,0
1108,52,51,64,ptr,addrspacecast,pointer,0
1109,52,52,64,ptr,addrspacecast,pointer,0
1110,52,53,64,ptr,addrspacecast,pointer,0
1111,52,54,64,ptr,addrspacecast,pointer,0
1112,52,55,64,ptr,addrspacecast,pointer,0
1113,52,56,64,ptr,addrspacecast,pointer,0
1114,52,57,64,ptr,addrspacecast,pointer,0
1115,52,58,64,ptr,addrspacecast,pointer,0
1116,52,59,64,ptr,addrspacecast,pointer,0
1117,52,60,64,ptr,addrspacecast,pointer,0
1118,52,61,64,ptr,addrspacecast,pointer,0
1119,52,62,64,ptr,addrspacecast,pointer,0
1120,52,63,64,ptr,addrspacecast,pointer,0
1121,54,0,64,ptr,addrspacecast,pointer,0
1122,54,1,64,ptr,addrspacecast,pointer,0
1123,54,2,64,ptr,addrspacecast,pointer,0
1124,54,3,64,ptr,addrspacecast,pointer,0
1125,54,4,64,ptr,addrspacecast,pointer,0
1126,54,5,64,ptr,addrspacecast,pointer,0
1127,54,6,64,ptr,addrspacecast,pointer,0
1128,54,7,64,ptr,addrspacecast,pointer,0
1129,54,8,64,ptr,addrspacecast,pointer,0
1130,54,9,64,ptr,addrspacecast,pointer,0
1131,54,10,64,ptr,addrspacecast,pointer,0
1132,54,11,64,ptr,addrspacecast,pointer,0
1133,54,12,64,ptr,addrspacecast,pointer,0
1134,54,13,64,ptr,addrspacecast,pointer,0
1135,54,14,64,ptr,addrspacecast,pointer,0
1136,54,15,64,ptr,addrspacecast,pointer,0
1137,54,16,64,ptr,addrspacecast,pointer,0
1138,54,17,64,ptr,addrspacecast,pointer,0
1139,54,18,64,ptr,addrspacecast,pointer,0
1140,54,19,64,ptr,addrspacecast,pointer,0
1141,54,20,64,ptr,addrspacecast,pointer,0
1142,54,21,64,ptr,addrspacecast,pointer,0
1143,54,22,64,ptr,addrspacecast,pointer,0
1144,54,23,64,ptr,addrspacecast,pointer,0
1145,54,24,64,ptr,addrspacecast,pointer,0
1146,54,25,64,ptr,addrspacecast,pointer,0
1147,54,26,64,ptr,addrspacecast,pointer,0
1148,54,27,64,ptr,addrspacecast,pointer,0
1149,54,28,64,ptr,addrspacecast,pointer,0
1150,54,29,64,ptr,addrspacecast,pointer,0
1151,54,30,64,ptr,addrspacecast,pointer,0
1152,54,31,64,ptr,addrspacecast,pointer,0
1153,54,32,64,ptr,addrspacecast,pointer,0
1154,54,33,64,ptr,addrspacecast,pointer,0
1155,54,34,64,ptr,addrspacecast,pointer,0
1156,54,35,64,ptr,addrspacecast,pointer,0
1157,54,36,64,ptr,addrspacecast,pointer,0
1158,54,37,64,ptr,addrspacecast,pointer,0
1159,54,38,64,ptr,addrspacecast,pointer,0
1160,54,39,64,ptr,addrspacecast,pointer,0
1161,54,40,64,ptr,addrspacecast,pointer,0
1162,54,41,64,ptr,addrspacecast,pointer,0
1163,54,42,64,ptr,addrspacecast,pointer,0
1164,54,43,64,ptr,addrspacecast,pointer,0
1165,54,44,64,ptr,addrspacecast,pointer,0
1166,54,45,64,ptr,addrspacecast,pointer,0
1167,54,46,64,ptr,addrspacecast,pointer,0
1168,54,47,64,ptr,addrspacecast,pointer,0
1169,54,48,64,ptr,addrspacecast,pointer,0
1170,54,49,64,ptr,addrspacecast,pointer,0
1171,54,50,64,ptr,addrspacecast,pointer,0
1172,54,51,64,ptr,addrspacecast,pointer,0
1173,54,52,64,ptr,addrspacecast,pointer,0
1174,54,53,64,ptr,addrspacecast,pointer,0
1175,54,54,64,ptr,addrspacecast,pointer,0
1176,54,55,64,ptr,addrspacecast,pointer,0
1177,54,56,64,ptr,addrspacecast,pointer,0
1178,54,57,64,ptr,addrspacecast,pointer,0
1179,54,58,64,ptr,addrspacecast,pointer,0
1180,54,59,64,ptr,addrspacecast,pointer,0
1181,54,60,64,ptr,addrspacecast,pointer,0
1182,54,61,64,ptr,addrspacecast,pointer,0
1183,54,62,64,ptr,addrspacecast,pointer,0
1184,54,63,64,ptr,addrspacecast,pointer,0
1185,56,0,64,ptr,addrspacecast,pointer,0
1186,56,1,64,ptr,addrspacecast,pointer,0
1187,56,2,64,ptr,addrspacecast,pointer,0
1188,56,3,64,ptr,addrspacecast,pointer,0
1189,56,4,64,ptr,addrspacecast,pointer,0
1190,56,5,64,ptr,addrspacecast,pointer,0
1191,56,6,64,ptr,addrspacecast,pointer,0
1192,56,7,64,ptr,addrspacecast,pointer,0
1193,56,8,64,ptr,addrspacecast,pointer,0
1194,56,9,64,ptr,addrspacecast,pointer,0
1195,56,10,64,ptr,addrspacecast,pointer,0
1196,56,11,64,ptr,addrspacecast,pointer,0
1197,56,12,64,ptr,addrspacecast,pointer,0
1198,56,13,64,ptr,addrspacecast,pointer,0
1199,56,14,64,ptr,addrspacecast,pointer,0
1200,56,15,64,ptr,addrspacecast,pointer,0
1201,56,16,64,ptr,addrspacecast,pointer,0
1202,56,17,64,ptr,addrspacecast,pointer,0
1203,56,18,64,ptr,addrspacecast,pointer,0
1204,56,19,64,ptr,addrspacecast,pointer,0
1205,56,20,64,ptr,addrspacecast,pointer,0
1206,56,21,64,ptr,addrspacecast,pointer,0
1207,56,22,64,ptr,addrspacecast,pointer,0
1208,56,23,64,ptr,addrspacecast,pointer,0
1209,56,24,64,ptr,addrspacecast,pointer,0
1210,56,25,64,ptr,addrspacecast,pointer,0
1211,56,26,64,ptr,addrspacecast,pointer,0
1212,56,27,64,ptr,addrspacecast,pointer,0
1213,56,28,64,ptr,addrspacecast,pointer,0
1214,56,29,64,ptr,addrspacecast,pointer,0
1215,56,30,64,ptr,addrspacecast,pointer,0
1216,56,31,64,ptr,addrspacecast,pointer,0
1217,56,32,64,ptr,addrspacecast,pointer,0
1218,56,33,64,ptr,addrspacecast,pointer,0
1219,56,34,64,ptr,addrspacecast,pointer,0
1220,56,35,64,ptr,addrspacecast,pointer,0
1221,56,36,64,ptr,addrspacecast,pointer,0
1222,56,37,64,ptr,addrspacecast,pointer,0
1223,56,38,64,ptr,addrspacecast,pointer,0
1224,56,39,64,ptr,addrspacecast,pointer,0
1225,56,40,64,ptr,addrspacecast,pointer,0
1226,56,41,64,ptr,addrspacecast,pointer,0
1227,56,42,64,ptr,addrspacecast,pointer,0
1228,56,43,64,ptr,addrspacecast,pointer,0
1229,56,44,64,ptr,addrspacecast,pointer,0
1230,56,45,64,ptr,addrspacecast,pointer,0
1231,56,46,64,ptr,addrspacecast,pointer,0
1232,56,47,64,ptr,addrspacecast,pointer,0
1233,56,48,64,ptr,addrspacecast,pointer,0
1234,56,49,64,ptr,addrspacecast,pointer,0
1235,56,50,64,ptr,addrspacecast,pointer,0
1236,56,51,64,ptr,addrspacecast,pointer,0
1237,56,52,64,ptr,addrspacecast,pointer,0
1238,56,53,64,ptr,addrspacecast,pointer,0
1239,56,54,64,ptr,addrspacecast,pointer,0
1240,56,55,64,ptr,addrspacecast,pointer,0
1241,56,56,64,ptr,addrspacecast,pointer,0
1242,56,57,64,ptr,addrspacecast,pointer,0
1243,56,58,64,ptr,addrspacecast,pointer,0
1244,56,59,64,ptr,addrspacecast,pointer,0
1245,56,60,64,ptr,addrspacecast,pointer,0
1246,56,61,64,ptr,addrspacecast,pointer,0
1247,56,62,64,ptr,addrspacecast,pointer,0
1248,56,63,64,ptr,addrspacecast,pointer,0
1249,58,0,64,ptr,load,pointer,0
1250,58,1,64,ptr,load,pointer,0
1251,58,2,64,ptr,load,pointer,0
1252,58,3,64,ptr,load,pointer,0
1253,58,4,64,ptr,load,pointer,0
1254,58,5,64,ptr,load,pointer,0
1255,58,6,64,ptr,load,pointer,0
1256,58,7,64,ptr,load,pointer,0
1257,58,8,64,ptr,load,pointer,0
1258,58,9,64,ptr,load,pointer,0
1259,58,10,64,ptr,load,pointer,0
1260,58,11,64,ptr,load,pointer,0
1261,58,12,64,ptr,load,pointer,0
1262,58,13,64,ptr,load,pointer,0
1263,58,14,64,ptr,load,pointer,0
1264,58,15,64,ptr,load,pointer,0
1265,58,16,64,ptr,load,pointer,0
1266,58,17,64,ptr,load,pointer,0
1267,58,18,64,ptr,load,pointer,0
1268,58,19,64,ptr,load,pointer,0
1269,58,20,64,ptr,load,pointer,0
1270,58,21,64,ptr,load,pointer,0
1271,58,22,64,ptr,load,pointer,0
1272,58,23,64,ptr,load,pointer,0
1273,58,24,64,ptr,load,pointer,0
1274,58,25,64,ptr,load,pointer,0
1275,58,26,64,ptr,load,pointer,0
1276,58,27,64,ptr,load,pointer,0
1277,58,28,64,ptr,load,pointer,0
1278,58,29,64,ptr,load,pointer,0
1279,58,30,64,ptr,load,pointer,0
1280,58,31,64,ptr,load,pointer,0
1281,58,32,64,ptr,load,pointer,0
1282,58,33,64,ptr,load,pointer,0
1283,58,34,64,ptr,load,pointer,0
1284,58,35,64,ptr,load,pointer,0
1285,58,36,64,ptr,load,pointer,0
1286,58,37,64,ptr,load,pointer,0
1287,58,38,64,ptr,load,pointer,0
1288,58,39,64,ptr,load,pointer,0
1289,58,40,64,ptr,load,pointer,0
1290,58,41,64,ptr,load,pointer,0
1291,58,42,64,ptr,load,pointer,0
1292,58,43,64,ptr,load,pointer,0
1293,58,44,64,ptr,load,pointer,0
1294,58,45,64,ptr,load,pointer,0
1295,58,46,64,ptr,load,pointer,0
1296,58,47,64,ptr,load,pointer,0
1297,58,48,64,ptr,load,pointer,0
1298,58,49,64,ptr,load,pointer,0
1299,58,50,64,ptr,load,pointer,0
1300,58,51,64,ptr,load,pointer,0
1301,58,52,64,ptr,load,pointer,0
1302,58,53,64,ptr,load,pointer,0
1303,58,54,64,ptr,load,pointer,0
1304,58,55,64,ptr,load,pointer,0
1305,58,56,64,ptr,load,pointer,0
1306,58,57,64,ptr,load,pointer,0
1307,58,58,64,ptr,load,pointer,0
1308,58,59,64,ptr,load,pointer,0
1309,58,60,64,ptr,load,pointer,0
1310,58,61,64,ptr,load,pointer,0
1311,58,62,64,ptr,load,pointer,0
1312,58,63,64,ptr,load,pointer,0
1313,60,0,64,ptr,addrspacecast,pointer,0
1314,60,1,64,ptr,addrspacecast,pointer,0
1315,60,2,64,ptr,addrspacecast,pointer,0
1316,60,3,64,ptr,addrspacecast,pointer,0
1317,60,4,64,ptr,addrspacecast,pointer,0
1318,60,5,64,ptr,addrspacecast,pointer,0
1319,60,6,64,ptr,addrspacecast,pointer,0
1320,60,7,64,ptr,addrspacecast,pointer,0
1321,60,8,64,ptr,addrspacecast,pointer,0
1322,60,9,64,ptr,addrspacecast,pointer,0
1323,60,10,64,ptr,addrspacecast,pointer,0
1324,60,11,64,ptr,addrspacecast,pointer,0
1325,60,12,64,ptr,addrspacecast,pointer,0
1326,60,13,64,ptr,addrspacecast,pointer,0
1327,60,14,64,ptr,addrspacecast,pointer,0
1328,60,15,64,ptr,addrspacecast,pointer,0
1329,60,16,64,ptr,addrspacecast,pointer,0
1330,60,17,64,ptr,addrspacecast,pointer,0
1331,60,18,64,ptr,addrspacecast,pointer,0
1332,60,19,64,ptr,addrspacecast,pointer,0
1333,60,20,64,ptr,addrspacecast,pointer,0
1334,60,21,64,ptr,addrspacecast,pointer,0
1335,60,22,64,ptr,addrspacecast,pointer,0
1336,60,23,64,ptr,addrspacecast,pointer,0
1337,60,24,64,ptr,addrspacecast,pointer,0
1338,60,25,64,ptr,addrspacecast,pointer,0
1339,60,26,64,ptr,addrspacecast,pointer,0
1340,60,27,64,ptr,addrspacecast,pointer,0
1341,60,28,64,ptr,addrspacecast,pointer,0
1342,60,29,64,ptr,addrspacecast,pointer,0
1343,60,30,64,ptr,addrspacecast,pointer,0
1344,60,31,64,ptr,addrspacecast,pointer,0
1345,60,32,64,ptr,addrspacecast,pointer,0
1346,60,33,64,ptr,addrspacecast,pointer,0
1347,60,34,64,ptr,addrspacecast,pointer,0
1348,60,35,64,ptr,addrspacecast,pointer,0
1349,60,36,64,ptr,addrspacecast,pointer,0
1350,60,37,64,ptr,addrspacecast,pointer,0
1351,60,38,64,ptr,addrspacecast,pointer,0
1352,60,39,64,ptr,addrspacecast,pointer,0
1353,60,40,64,ptr,addrspacecast,pointer,0
1354,60,41,64,ptr,addrspacecast,pointer,0
1355,60,42,64,ptr,addrspacecast,pointer,0
1356,60,43,64,ptr,addrspacecast,pointer,0
1357,60,44,64,ptr,addrspacecast,pointer,0
1358,60,45,64,ptr,addrspacecast,pointer,0
1359,60,46,64,ptr,addrspacecast,pointer,0
1360,60,47,64,ptr,addrspacecast,pointer,0
1361,60,48,64,ptr,addrspacecast,pointer,0
1362,60,49,64,ptr,addrspacecast,pointer,0
1363,60,50,64,ptr,addrspacecast,pointer,0
1364,60,51,64,ptr,addrspacecast,pointer,0
1365,60,52,64,ptr,addrspacecast,pointer,0
1366,60,53,64,ptr,addrspacecast,pointer,0
1367,60,54,64,ptr,addrspacecast,pointer,0
1368,60,55,64,ptr,addrspacecast,pointer,0
1369,60,56,64,ptr,addrspacecast,pointer,0
1370,60,57,64,ptr,addrspacecast,pointer,0
1371,60,58,64,ptr,addrspacecast,pointer,0
1372,60,59,64,ptr,addrspacecast,pointer,0
1373,60,60,64,ptr,addrspacecast,pointer,0
1374,60,61,64,ptr,addrspacecast,pointer,0
1375,60,62,64,ptr,addrspacecast,pointer,0
1376,60,63,64,ptr,addrspacecast,pointer,0
1377,62,0,64,ptr,addrspacecast,pointer,0
1378,62,1,64,ptr,addrspacecast,pointer,0
1379,62,2,64,ptr,addrspacecast,pointer,0
1380,62,3,64,ptr,addrspacecast,pointer,0
1381,62,4,64,ptr,addrspacecast,pointer,0
1382,62,5,64,ptr,addrspacecast,pointer,0
1383,62,6,64,ptr,addrspacecast,pointer,0
1384,62,7,64,ptr,addrspacecast,pointer,0
1385,62,8,64,ptr,addrspacecast,pointer,0
1386,62,9,64,ptr,addrspacecast,pointer,0
1387,62,10,64,ptr,addrspacecast,pointer,0
1388,62,11,64,ptr,addrspacecast,pointer,0
1389,62,12,64,ptr,addrspacecast,pointer,0
1390,62,13,64,ptr,addrspacecast,pointer,0
1391,62,14,64,ptr,addrspacecast,pointer,0
1392,62,15,64,ptr,addrspacecast,pointer,0
1393,62,16,64,ptr,addrspacecast,pointer,0
1394,62,17,64,ptr,addrspacecast,pointer,0
1395,62,18,64,ptr,addrspacecast,pointer,0
1396,62,19,64,ptr,addrspacecast,pointer,0
1397,62,20,64,ptr,addrspacecast,pointer,0
1398,62,21,64,ptr,addrspacecast,pointer,0
1399,62,22,64,ptr,addrspacecast,pointer,0
1400,62,23,64,ptr,addrspacecast,pointer,0
1401,62,24,64,ptr,addrspacecast,pointer,0
1402,62,25,64,ptr,addrspacecast,pointer,0
1403,62,26,64,ptr,addrspacecast,pointer,0
1404,62,27,64,ptr,addrspacecast,pointer,0
1405,62,28,64,ptr,addrspacecast,pointer,0
1406,62,29,64,ptr,addrspacecast,pointer,0
1407,62,30,64,ptr,addrspacecast,pointer,0
1408,62,31,64,ptr,addrspacecast,pointer,0
1409,62,32,64,ptr,addrspacecast,pointer,0
1410,62,33,64,ptr,addrspacecast,pointer,0
1411,62,34,64,ptr,addrspacecast,pointer,0
1412,62,35,64,ptr,addrspacecast,pointer,0
1413,62,36,64,ptr,addrspacecast,pointer,0
1414,62,37,64,ptr,addrspacecast,pointer,0
1415,62,38,64,ptr,addrspacecast,pointer,0
1416,62,39,64,ptr,addrspacecast,pointer,0
1417,62,40,64,ptr,addrspacecast,pointer,0
1418,62,41,64,ptr,addrspacecast,pointer,0
1419,62,42,64,ptr,addrspacecast,pointer,0
1420,62,43,64,ptr,addrspacecast,pointer,0
1421,62,44,64,ptr,addrspacecast,pointer,0
1422,62,45,64,ptr,addrspacecast,pointer,0
1423,62,46,64,ptr,addrspacecast,pointer,0
1424,62,47,64,ptr,addrspacecast,pointer,0
1425,62,48,64,ptr,addrspacecast,pointer,0
1426,62,49,64,ptr,addrspacecast,pointer,0
1427,62,50,64,ptr,addrspacecast,pointer,0
1428,62,51,64,ptr,addrspacecast,pointer,0
1429,62,52,64,ptr,addrspacecast,pointer,0
1430,62,53,64,ptr,addrspacecast,pointer,0
1431,62,54,64,ptr,addrspacecast,pointer,0
1432,62,55,64,ptr,addrspacecast,pointer,0
1433,62,56,64,ptr,addrspacecast,pointer,0
1434,62,57,64,ptr,addrspacecast,pointer,0
1435,62,58,64,ptr,addrspacecast,pointer,0
1436,62,59,64,ptr,addrspacecast,pointer,0
1437,62,60,64,ptr,addrspacecast,pointer,0
1438,62,61,64,ptr,addrspacecast,pointer,0
1439,62,62,64,ptr,addrspacecast,pointer,0
1440,62,63,64,ptr,addrspacecast,pointer,0
1441,64,0,64,ptr,addrspacecast,pointer,0
1442,64,1,64,ptr,addrspacecast,pointer,0
1443,64,2,64,ptr,addrspacecast,pointer,0
1444,64,3,64,ptr,addrspacecast,pointer,0
1445,64,4,64,ptr,addrspacecast,pointer,0
1446,64,5,64,ptr,addrspacecast,pointer,0
1447,64,6,64,ptr,addrspacecast,pointer,0
1448,64,7,64,ptr,addrspacecast,pointer,0
1449,64,8,64,ptr,addrspacecast,pointer,0
1450,64,9,64,ptr,addrspacecast,pointer,0
1451,64,10,64,ptr,addrspacecast,pointer,0
1452,64,11,64,ptr,addrspacecast,pointer,0
1453,64,12,64,ptr,addrspacecast,pointer,0
1454,64,13,64,ptr,addrspacecast,pointer,0
1455,64,14,64,ptr,addrspacecast,pointer,0
1456,64,15,64,ptr,addrspacecast,pointer,0
1457,64,16,64,ptr,addrspacecast,pointer,0
1458,64,17,64,ptr,addrspacecast,pointer,0
1459,64,18,64,ptr,addrspacecast,pointer,0
1460,64,19,64,ptr,addrspacecast,pointer,0
1461,64,20,64,ptr,addrspacecast,pointer,0
1462,64,21,64,ptr,addrspacecast,pointer,0
1463,64,22,64,ptr,addrspacecast,pointer,0
1464,64,23,64,ptr,addrspacecast,pointer,0
1465,64,24,64,ptr,addrspacecast,pointer,0
1466,64,25,64,ptr,addrspacecast,pointer,0
1467,64,26,64,ptr,addrspacecast,pointer,0
1468,64,27,64,ptr,addrspacecast,pointer,0
1469,64,28,64,ptr,addrspacecast,pointer,0
1470,64,29,64,ptr,addrspacecast,pointer,0
1471,64,30,64,ptr,addrspacecast,pointer,0
1472,64,31,64,ptr,addrspacecast,pointer,0
1473,64,32,64,ptr,addrspacecast,pointer,0
1474,64,33,64,ptr,addrspacecast,pointer,0
1475,64,34,64,ptr,addrspacecast,pointer,0
1476,64,35,64,ptr,addrspacecast,pointer,0
1477,64,36,64,ptr,addrspacecast,pointer,0
1478,64,37,64,ptr,addrspacecast,pointer,0
1479,64,38,64,ptr,addrspacecast,pointer,0
1480,64,39,64,ptr,addrspacecast,pointer,0
1481,64,40,64,ptr,addrspacecast,pointer,0
1482,64,41,64,ptr,addrspacecast,pointer,0
1483,64,42,64,ptr,addrspacecast,pointer,0
1484,64,43,64,ptr,addrspacecast,pointer,0
1485,64,44,64,ptr,addrspacecast,pointer,0
1486,64,45,64,ptr,addrspacecast,pointer,0
1487,64,46,64,ptr,addrspacecast,pointer,0
1488,64,47,64,ptr,addrspacecast,pointer,0
1489,64,48,64,ptr,addrspacecast,pointer,0
1490,64,49,64,ptr,addrspacecast,pointer,0
1491,64,50,64,ptr,addrspacecast,pointer,0
1492,64,51,64,ptr,addrspacecast,pointer,0
1493,64,52,64,ptr,addrspacecast,pointer,0
1494,64,53,64,ptr,addrspacecast,pointer,0
1495,64,54,64,ptr,addrspacecast,pointer,0
1496,64,55,64,ptr,addrspacecast,pointer,0
1497,64,56,64,ptr,addrspacecast,pointer,0
1498,64,57,64,ptr,addrspacecast,pointer,0
1499,64,58,64,ptr,addrspacecast,pointer,0
1500,64,59,64,ptr,addrspacecast,pointer,0
1501,64,60,64,ptr,addrspacecast,pointer,0
1502,64,61,64,ptr,addrspacecast,pointer,0
1503,64,62,64,ptr,addrspacecast,pointer,0
1504,64,63,64,ptr,addrspacecast,pointer,0
1505,66,0,64,ptr,addrspacecast,pointer,0
1506,66,1,64,ptr,addrspacecast,pointer,0
1507,66,2,64,ptr,addrspacecast,pointer,0
1508,66,3,64,ptr,addrspacecast,pointer,0
1509,66,4,64,ptr,addrspacecast,pointer,0
1510,66,5,64,ptr,addrspacecast,pointer,0
1511,66,6,64,ptr,addrspacecast,pointer,0
1512,66,7,64,ptr,addrspacecast,pointer,0
1513,66,8,64,ptr,addrspacecast,pointer,0
1514,66,9,64,ptr,addrspacecast,pointer,0
1515,66,10,64,ptr,addrspacecast,pointer,0
1516,66,11,64,ptr,addrspacecast,pointer,0
1517,66,12,64,ptr,addrspacecast,pointer,0
1518,66,13,64,ptr,addrspacecast,pointer,0
1519,66,14,64,ptr,addrspacecast,pointer,0
1520,66,15,64,ptr,addrspacecast,pointer,0
1521,66,16,64,ptr,addrspacecast,pointer,0
1522,66,17,64,ptr,addrspacecast,pointer,0
1523,66,18,64,ptr,addrspacecast,pointer,0
1524,66,19,64,ptr,addrspacecast,pointer,0
1525,66,20,64,ptr,addrspacecast,pointer,0
1526,66,21,64,ptr,addrspacecast,pointer,0
1527,66,22,64,ptr,addrspacecast,pointer,0
1528,66,23,64,ptr,addrspacecast,pointer,0
1529,66,24,64,ptr,addrspacecast,pointer,0
1530,66,25,64,ptr,addrspacecast,pointer,0
1531,66,26,64,ptr,addrspacecast,pointer,0
1532,66,27,64,ptr,addrspacecast,pointer,0
1533,66,28,64,ptr,addrspacecast,pointer,0
1534,66,29,64,ptr,addrspacecast,pointer,0
1535,66,30,64,ptr,addrspacecast,pointer,0
1536,66,31,64,ptr,addrspacecast,pointer,0
1537,66,32,64,ptr,addrspacecast,pointer,0
1538,66,33,64,ptr,addrspacecast,pointer,0
1539,66,34,64,ptr,addrspacecast,pointer,0
1540,66,35,64,ptr,addrspacecast,pointer,0
1541,66,36,64,ptr,addrspacecast,pointer,0
1542,66,37,64,ptr,addrspacecast,pointer,0
1543,66,38,64,ptr,addrspacecast,pointer,0
1544,66,39,64,ptr,addrspacecast,pointer,0
1545,66,40,64,ptr,addrspacecast,pointer,0
1546,66,41,64,ptr,addrspacecast,pointer,0
1547,66,42,64,ptr,addrspacecast,pointer,0
1548,66,43,64,ptr,addrspacecast,pointer,0
1549,66,44,64,ptr,addrspacecast,pointer,0
1550,66,45,64,ptr,addrspacecast,pointer,0
1551,66,46,64,ptr,addrspacecast,pointer,0
1552,66,47,64,ptr,addrspacecast,pointer,0
1553,66,48,64,ptr,addrspacecast,pointer,0
1554,66,49,64,ptr,addrspacecast,pointer,0
1555,66,50,64,ptr,addrspacecast,pointer,0
1556,66,51,64,ptr,addrspacecast,pointer,0
1557,66,52,64,ptr,addrspacecast,pointer,0
1558,66,53,64,ptr,addrspacecast,pointer,0
1559,66,54,64,ptr,addrspacecast,pointer,0
1560,66,55,64,ptr,addrspacecast,pointer,0
1561,66,56,64,ptr,addrspacecast,pointer,0
1562,66,57,64,ptr,addrspacecast,pointer,0
1563,66,58,64,ptr,addrspacecast,pointer,0
1564,66,59,64,ptr,addrspacecast,pointer,0
1565,66,60,64,ptr,addrspacecast,pointer,0
1566,66,61,64,ptr,addrspacecast,pointer,0
1567,66,62,64,ptr,addrspacecast,pointer,0
1568,66,63,64,ptr,addrspacecast,pointer,0
1569,68,0,64,ptr,addrspacecast,pointer,0
1570,68,1,64,ptr,addrspacecast,pointer,0
1571,68,2,64,ptr,addrspacecast,pointer,0
1572,68,3,64,ptr,addrspacecast,pointer,0
1573,68,4,64,ptr,addrspacecast,pointer,0
1574,68,5,64,ptr,addrspacecast,pointer,0
1575,68,6,64,ptr,addrspacecast,pointer,0
1576,68,7,64,ptr,addrspacecast,pointer,0
1577,68,8,64,ptr,addrspacecast,pointer,0
1578,68,9,64,ptr,addrspacecast,pointer,0
1579,68,10,64,ptr,addrspacecast,pointer,0
1580,68,11,64,ptr,addrspacecast,pointer,0
1581,68,12,64,ptr,addrspacecast,pointer,0
1582,68,13,64,ptr,addrspacecast,pointer,0
1583,68,14,64,ptr,addrspacecast,pointer,0
1584,68,15,64,ptr,addrspacecast,pointer,0
1585,68,16,64,ptr,addrspacecast,pointer,0
1586,68,17,64,ptr,addrspacecast,pointer,0
1587,68,18,64,ptr,addrspacecast,pointer,0
1588,68,19,64,ptr,addrspacecast,pointer,0
1589,68,20,64,ptr,addrspacecast,pointer,0
1590,68,21,64,ptr,addrspacecast,pointer,0
1591,68,22,64,ptr,addrspacecast,pointer,0
1592,68,23,64,ptr,addrspacecast,pointer,0
1593,68,24,64,ptr,addrspacecast,pointer,0
1594,68,25,64,ptr,addrspacecast,pointer,0
1595,68,26,64,ptr,addrspacecast,pointer,0
1596,68,27,64,ptr,addrspacecast,pointer,0
1597,68,28,64,ptr,addrspacecast,pointer,0
1598,68,29,64,ptr,addrspacecast,pointer,0
1599,68,30,64,ptr,addrspacecast,pointer,0
1600,68,31,64,ptr,addrspacecast,pointer,0
1601,68,32,64,ptr,addrspacecast,pointer,0
1602,68,33,64,ptr,addrspacecast,pointer,0
1603,68,34,64,ptr,addrspacecast,pointer,0
1604,68,35,64,ptr,addrspacecast,pointer,0
1605,68,36,64,ptr,addrspacecast,pointer,0
1606,68,37,64,ptr,addrspacecast,pointer,0
1607,68,38,64,ptr,addrspacecast,pointer,0
1608,68,39,64,ptr,addrspacecast,pointer,0
1609,68,40,64,ptr,addrspacecast,pointer,0
1610,68,41,64,ptr,addrspacecast,pointer,0
1611,68,42,64,ptr,addrspacecast,pointer,0
1612,68,43,64,ptr,addrspacecast,pointer,0
1613,68,44,64,ptr,addrspacecast,pointer,0
1614,68,45,64,ptr,addrspacecast,pointer,0
1615,68,46,64,ptr,addrspacecast,pointer,0
1616,68,47,64,ptr,addrspacecast,pointer,0
1617,68,48,64,ptr,addrspacecast,pointer,0
1618,68,49,64,ptr,addrspacecast,pointer,0
1619,68,50,64,ptr,addrspacecast,pointer,0
1620,68,51,64,ptr,addrspacecast,pointer,0
1621,68,52,64,ptr,addrspacecast,pointer,0
1622,68,53,64,ptr,addrspacecast,pointer,0
1623,68,54,64,ptr,addrspacecast,pointer,0
1624,68,55,64,ptr,addrspacecast,pointer,0
1625,68,56,64,ptr,addrspacecast,pointer,0
1626,68,57,64,ptr,addrspacecast,pointer,0
1627,68,58,64,ptr,addrspacecast,pointer,0
1628,68,59,64,ptr,addrspacecast,pointer,0
1629,68,60,64,ptr,addrspacecast,pointer,0
1630,68,61,64,ptr,addrspacecast,pointer,0
1631,68,62,64,ptr,addrspacecast,pointer,0
1632,68,63,64,ptr,addrspacecast,pointer,0
1633,70,0,64,ptr,load,pointer,0
1634,70,1,64,ptr,load,pointer,0
1635,70,2,64,ptr,load,pointer,0
1636,70,3,64,ptr,load,pointer,0
1637,70,4,64,ptr,load,pointer,0
1638,70,5,64,ptr,load,pointer,0
1639,70,6,64,ptr,load,pointer,0
1640,70,7,64,ptr,load,pointer,0
1641,70,8,64,ptr,load,pointer,0
1642,70,9,64,ptr,load,pointer,0
1643,70,10,64,ptr,load,pointer,0
1644,70,11,64,ptr,load,pointer,0
1645,70,12,64,ptr,load,pointer,0
1646,70,13,64,ptr,load,pointer,0
1647,70,14,64,ptr,load,pointer,0
1648,70,15,64,ptr,load,pointer,0
1649,70,16,64,ptr,load,pointer,0
1650,70,17,64,ptr,load,pointer,0
1651,70,18,64,ptr,load,pointer,0
1652,70,19,64,ptr,load,pointer,0
1653,70,20,64,ptr,load,pointer,0
1654,70,21,64,ptr,load,pointer,0
1655,70,22,64,ptr,load,pointer,0
1656,70,23,64,ptr,load,pointer,0
1657,70,24,64,ptr,load,pointer,0
1658,70,25,64,ptr,load,pointer,0
1659,70,26,64,ptr,load,pointer,0
1660,70,27,64,ptr,load,pointer,0
1661,70,28,64,ptr,load,pointer,0
1662,70,29,64,ptr,load,pointer,0
1663,70,30,64,ptr,load,pointer,0
1664,70,31,64,ptr,load,pointer,0
1665,70,32,64,ptr,load,pointer,0
1666,70,33,64,ptr,load,pointer,0
1667,70,34,64,ptr,load,pointer,0
1668,70,35,64,ptr,load,pointer,0
1669,70,36,64,ptr,load,pointer,0
1670,70,37,64,ptr,load,pointer,0
1671,70,38,64,ptr,load,pointer,0
1672,70,39,64,ptr,load,pointer,0
1673,70,40,64,ptr,load,pointer,0
1674,70,41,64,ptr,load,pointer,0
1675,70,42,64,ptr,load,pointer,0
1676,70,43,64,ptr,load,pointer,0
1677,70,44,64,ptr,load,pointer,0
1678,70,45,64,ptr,load,pointer,0
1679,70,46,64,ptr,load,pointer,0
1680,70,47,64,ptr,load,pointer,0
1681,70,48,64,ptr,load,pointer,0
1682,70,49,64,ptr,load,pointer,0
1683,70,50,64,ptr,load,pointer,0
1684,70,51,64,ptr,load,pointer,0
1685,70,52,64,ptr,load,pointer,0
1686,70,53,64,ptr,load,pointer,0
1687,70,54,64,ptr,load,pointer,0
1688,70,55,64,ptr,load,pointer,0
1689,70,56,64,ptr,load,pointer,0
1690,70,57,64,ptr,load,pointer,0
1691,70,58,64,ptr,load,pointer,0
1692,70,59,64,ptr,load,pointer,0
1693,70,60,64,ptr,load,pointer,0
1694,70,61,64,ptr,load,pointer,0
1695,70,62,64,ptr,load,pointer,0
1696,70,63,64,ptr,load,pointer,0
1697,71,0,32,int,load,base,-1
1698,71,1,32,int,load,base,-1
1699,71,2,32,int,load,base,-1
1700,71,3,32,int,load,base,-1
1701,71,4,32,int,load,base,-1
1702,71,5,32,int,load,base,-1
1703,71,6,32,int,load,base,-1
1704,71,7,32,int,load,base,-1
1705,71,8,32,int,load,base,-1
1706,71,9,32,int,load,base,-1
1707,71,10,32,int,load,base,-1
1708,71,11,32,int,load,base,-1
1709,71,12,32,int,load,base,-1
1710,71,13,32,int,load,base,-1
1711,71,14,32,int,load,base,-1
1712,71,15,32,int,load,base,-1
1713,71,16,32,int,load,base,-1
1714,71,17,32,int,load,base,-1
1715,71,18,32,int,load,base,-1
1716,71,19,32,int,load,base,-1
1717,71,20,32,int,load,base,-1
1718,71,21,32,int,load,base,-1
1719,71,22,32,int,load,base,-1
1720,71,23,32,int,load,base,-1
1721,71,24,32,int,load,base,-1
1722,71,25,32,int,load,base,-1
1723,71,26,32,int,load,base,-1
1724,71,27,32,int,load,base,-1
1725,71,28,32,int,load,base,-1
1726,71,29,32,int,load,base,-1
1727,71,30,32,int,load,base,-1
1728,71,31,32,int,load,base,-1
1729,72,0,64,ptr,load,pointer,0
1730,72,1,64,ptr,load,pointer,0
1731,72,2,64,ptr,load,pointer,0
1732,72,3,64,ptr,load,pointer,0
1733,72,4,64,ptr,load,pointer,0
1734,72,5,64,ptr,load,pointer,0
1735,72,6,64,ptr,load,pointer,0
1736,72,7,64,ptr,load,pointer,0
1737,72,8,64,ptr,load,pointer,0
1738,72,9,64,ptr,load,pointer,0
1739,72,10,64,ptr,load,pointer,0
1740,72,11,64,ptr,load,pointer,0
1741,72,12,64,ptr,load,pointer,0
1742,72,13,64,ptr,load,pointer,0
1743,72,14,64,ptr,load,pointer,0
1744,72,15,64,ptr,load,pointer,0
1745,72,16,64,ptr,load,pointer,0
1746,72,17,64,ptr,load,pointer,0
1747,72,18,64,ptr,load,pointer,0
1748,72,19,64,ptr,load,pointer,0
1749,72,20,64,ptr,load,pointer,0
1750,72,21,64,ptr,load,pointer,0
1751,72,22,64,ptr,load,pointer,0
1752,72,23,64,ptr,load,pointer,0
1753,72,24,64,ptr,load,pointer,0
1754,72,25,64,ptr,load,pointer,0
1755,72,26,64,ptr,load,pointer,0
1756,72,27,64,ptr,load,pointer,0
1757,72,28,64,ptr,load,pointer,0
1758,72,29,64,ptr,load,pointer,0
1759,72,30,64,ptr,load,pointer,0
1760,72,31,64,ptr,load,pointer,0
1761,72,32,64,ptr,load,pointer,0
1762,72,33,64,ptr,load,pointer,0
1763,72,34,64,ptr,load,pointer,0
1764,72,35,64,ptr,load,pointer,0
1765,72,36,64,ptr,load,pointer,0
1766,72,37,64,ptr,load,pointer,0
1767,72,38,64,ptr,load,pointer,0
1768,72,39,64,ptr,load,pointer,0
1769,72,40,64,ptr,load,pointer,0
1770,72,41,64,ptr,load,pointer,0
1771,72,42,64,ptr,load,pointer,0
1772,72,43,64,ptr,load,pointer,0
1773,72,44,64,ptr,load,pointer,0
1774,72,45,64,ptr,load,pointer,0
1775,72,46,64,ptr,load,pointer,0
1776,72,47,64,ptr,load,pointer,0
1777,72,48,64,ptr,load,pointer,0
1778,72,49,64,ptr,load,pointer,0
1779,72,50,64,ptr,load,pointer,0
1780,72,51,64,ptr,load,pointer,0
1781,72,52,64,ptr,load,pointer,0
1782,72,53,64,ptr,load,pointer,0
1783,72,54,64,ptr,load,pointer,0
1784,72,55,64,ptr,load,pointer,0
1785,72,56,64,ptr,load,pointer,0
1786,72,57,64,ptr,load,pointer,0
1787,72,58,64,ptr,load,pointer,0
1788,72,59,64,ptr,load,pointer,0
1789,72,60,64,ptr,load,pointer,0
1790,72,61,64,ptr,load,pointer,0
1791,72,62,64,ptr,load,pointer,0
1792,72,63,64,ptr,load,pointer,0
1793,74,0,64,ptr,call,pointer,0
1794,74,1,64,ptr,call,pointer,0
1795,74,2,64,ptr,call,pointer,0
1796,74,3,64,ptr,call,pointer,0
1797,74,4,64,ptr,call,pointer,0
1798,74,5,64,ptr,call,pointer,0
1799,74,6,64,ptr,call,pointer,0
1800,74,7,64,ptr,call,pointer,0
1801,74,8,64,ptr,call,pointer,0
1802,74,9,64,ptr,call,pointer,0
1803,74,10,64,ptr,call,pointer,0
1804,74,11,64,ptr,call,pointer,0
1805,74,12,64,ptr,call,pointer,0
1806,74,13,64,ptr,call,pointer,0
1807,74,14,64,ptr,call,pointer,0
1808,74,15,64,ptr,call,pointer,0
1809,74,16,64,ptr,call,pointer,0
1810,74,17,64,ptr,call,pointer,0
1811,74,18,64,ptr,call,pointer,0
1812,74,19,64,ptr,call,pointer,0
1813,74,20,64,ptr,call,pointer,0
1814,74,21,64,ptr,call,pointer,0
1815,74,22,64,ptr,call,pointer,0
1816,74,23,64,ptr,call,pointer,0
1817,74,24,64,ptr,call,pointer,0
1818,74,25,64,ptr,call,pointer,0
1819,74,26,64,ptr,call,pointer,0
1820,74,27,64,ptr,call,pointer,0
1821,74,28,64,ptr,call,pointer,0
1822,74,29,64,ptr,call,pointer,0
1823,74,30,64,ptr,call,pointer,0
1824,74,31,64,ptr,call,pointer,0
1825,74,32,64,ptr,call,pointer,0
1826,74,33,64,ptr,call,pointer,0
1827,74,34,64,ptr,call,pointer,0
1828,74,35,64,ptr,call,pointer,0
1829,74,36,64,ptr,call,pointer,0
1830,74,37,64,ptr,call,pointer,0
1831,74,38,64,ptr,call,pointer,0
1832,74,39,64,ptr,call,pointer,0
1833,74,40,64,ptr,call,pointer,0
1834,74,41,64,ptr,call,pointer,0
1835,74,42,64,ptr,call,pointer,0
1836,74,43,64,ptr,call,pointer,0
1837,74,44,64,ptr,call,pointer,0
1838,74,45,64,ptr,call,pointer,0
1839,74,46,64,ptr,call,pointer,0
1840,74,47,64,ptr,call,pointer,0
1841,74,48,64,ptr,call,pointer,0
1842,74,49,64,ptr,call,pointer,0
1843,74,50,64,ptr,call,pointer,0
1844,74,51,64,ptr,call,pointer,0
1845,74,52,64,ptr,call,pointer,0
1846,74,53,64,ptr,call,pointer,0
1847,74,54,64,ptr,call,pointer,0
1848,74,55,64,ptr,call,pointer,0
1849,74,56,64,ptr,call,pointer,0
1850,74,57,64,ptr,call,pointer,0
1851,74,58,64,ptr,call,pointer,0
1852,74,59,64,ptr,call,pointer,0
1853,74,60,64,ptr,call,pointer,0
1854,74,61,64,ptr,call,pointer,0
1855,74,62,64,ptr,call,pointer,0
1856,74,63,64,ptr,call,pointer,0
1857,75,0,32,int,call,operand,1
1858,75,1,32,int,call,operand,1
1859,75,2,32,int,call,operand,1
1860,75,3,32,int,call,operand,1
1861,75,4,32,int,call,operand,1
1862,75,5,32,int,call,operand,1
1863,75,6,32,int,call,operand,1
1864,75,7,32,int,call,operand,1
1865,75,8,32,int,call,operand,1
1866,75,9,32,int,call,operand,1
1867,75,10,32,int,call,operand,1
1868,75,11,32,int,call,operand,1
1869,75,12,32,int,call,operand,1
1870,75,13,32,int,call,operand,1
1871,75,14,32,int,call,operand,1
1872,75,15,32,int,call,operand,1
1873,75,16,32,int,call,operand,1
1874,75,17,32,int,call,operand,1
1875,75,18,32,int,call,operand,1
1876,75,19,32,int,call,operand,1
1877,75,20,32,int,call,operand,1
1878,75,21,32,int,call,operand,1
1879,75,22,32,int,call,operand,1
1880,75,23,32,int,call,operand,1
1881,75,24,32,int,call,operand,1
1882,75,25,32,int,call,operand,1
1883,75,26,32,int,call,operand,1
1884,75,27,32,int,call,operand,1
1885,75,28,32,int,call,operand,1
1886,75,29,32,int,call,operand,1
1887,75,30,32,int,call,operand,1
1888,75,31,32,int,call,operand,1
1889,76,0,64,int,load,base,-1
1890,76,1,64,int,load,base,-1
1891,76,2,64,int,load,base,-1
1892,76,3,64,int,load,base,-1
1893,76,4,64,int,load,base,-1
1894,76,5,64,int,load,base,-1
1895,76,6,64,int,load,base,-1
1896,76,7,64,int,load,base,-1
1897,76,8,64,int,load,base,-1
1898,76,9,64,int,load,base,-1
1899,76,10,64,int,load,base,-1
1900,76,11,64,int,load,base,-1
1901,76,12,64,int,load,base,-1
1902,76,13,64,int,load,base,-1
1903,76,14,64,int,load,base,-1
1904,76,15,64,int,load,base,-1
1905,76,16,64,int,load,base,-1
1906,76,17,64,int,load,base,-1
1907,76,18,64,int,load,base,-1
1908,76,19,64,int,load,base,-1
1909,76,20,64,int,load,base,-1
1910,76,21,64,int,load,base,-1
1911,76,22,64,int,load,base,-1
1912,76,23,64,int,load,base,-1
1913,76,24,64,int,load,base,-1
1914,76,25,64,int,load,base,-1
1915,76,26,64,int,load,base,-1
1916,76,27,64,int,load,base,-1
1917,76,28,64,int,load,base,-1
1918,76,29,64,int,load,base,-1
1919,76,30,64,int,load,base,-1
1920,76,31,64,int,load,base,-1
1921,76,32,64,int,load,base,-1
1922,76,33,64,int,load,base,-1
1923,76,34,64,int,load,base,-1
1924,76,35,64,int,load,base,-1
1925,76,36,64,int,load,base,-1
1926,76,37,64,int,load,base,-1
1927,76,38,64,int,load,base,-1
1928,76,39,64,int,load,base,-1
1929,76,40,64,int,load,base,-1
1930,76,41,64,int,load,base,-1
1931,76,42,64,int,load,base,-1
1932,76,43,64,int,load,base,-1
1933,76,44,64,int,load,base,-1
1934,76,45,64,int,load,base,-1
1935,76,46,64,int,load,base,-1
1936,76,47,64,int,load,base,-1
1937,76,48,64,int,load,base,-1
1938,76,49,64,int,load,base,-1
1939,76,50,64,int,load,base,-1
1940,76,51,64,int,load,base,-1
1941,76,52,64,int,load,base,-1
1942,76,53,64,int,load,base,-1
1943,76,54,64,int,load,base,-1
1944,76,55,64,int,load,base,-1
1945,76,56,64,int,load,base,-1
1946,76,57,64,int,load,base,-1
1947,76,58,64,int,load,base,-1
1948,76,59,64,int,load,base,-1
1949,76,60,64,int,load,base,-1
1950,76,61,64,int,load,base,-1
1951,76,62,64,int,load,base,-1
1952,76,63,64,int,load,base,-1
1953,77,0,64,ptr,load,pointer,0
1954,77,1,64,ptr,load,pointer,0
1955,77,2,64,ptr,load,pointer,0
1956,77,3,64,ptr,load,pointer,0
1957,77,4,64,ptr,load,pointer,0
1958,77,5,64,ptr,load,pointer,0
1959,77,6,64,ptr,load,pointer,0
1960,77,7,64,ptr,load,pointer,0
1961,77,8,64,ptr,load,pointer,0
1962,77,9,64,ptr,load,pointer,0
1963,77,10,64,ptr,load,pointer,0
1964,77,11,64,ptr,load,pointer,0
1965,77,12,64,ptr,load,pointer,0
1966,77,13,64,ptr,load,pointer,0
1967,77,14,64,ptr,load,pointer,0
1968,77,15,64,ptr,load,pointer,0
1969,77,16,64,ptr,load,pointer,0
1970,77,17,64,ptr,load,pointer,0
1971,77,18,64,ptr,load,pointer,0
1972,77,19,64,ptr,load,pointer,0
1973,77,20,64,ptr,load,pointer,0
1974,77,21,64,ptr,load,pointer,0
1975,77,22,64,ptr,load,pointer,0
1976,77,23,64,ptr,load,pointer,0
1977,77,24,64,ptr,load,pointer,0
1978,77,25,64,ptr,load,pointer,0
1979,77,26,64,ptr,load,pointer,0
1980,77,27,64,ptr,load,pointer,0
1981,77,28,64,ptr,load,pointer,0
1982,77,29,64,ptr,load,pointer,0
1983,77,30,64,ptr,load,pointer,0
1984,77,31,64,ptr,load,pointer,0
1985,77,32,64,ptr,load,pointer,0
1986,77,33,64,ptr,load,pointer,0
1987,77,34,64,ptr,load,pointer,0
1988,77,35,64,ptr,load,pointer,0
1989,77,36,64,ptr,load,pointer,0
1990,77,37,64,ptr,load,pointer,0
1991,77,38,64,ptr,load,pointer,0
1992,77,39,64,ptr,load,pointer,0
1993,77,40,64,ptr,load,pointer,0
1994,77,41,64,ptr,load,pointer,0
1995,77,42,64,ptr,load,pointer,0
1996,77,43,64,ptr,load,pointer,0
1997,77,44,64,ptr,load,pointer,0
1998,77,45,64,ptr,load,pointer,0
1999,77,46,64,ptr,load,pointer,0
2000,77,47,64,ptr,load,pointer,0
2001,77,48,64,ptr,load,pointer,0
2002,77,49,64,ptr,load,pointer,0
2003,77,50,64,ptr,load,pointer,0
2004,77,51,64,ptr,load,pointer,0
2005,77,52,64,ptr,load,pointer,0
2006,77,53,64,ptr,load,pointer,0
2007,77,54,64,ptr,load,pointer,0
2008,77,55,64,ptr,load,pointer,0
2009,77,56,64,ptr,load,pointer,0
2010,77,57,64,ptr,load,pointer,0
2011,77,58,64,ptr,load,pointer,0
2012,77,59,64,ptr,load,pointer,0
2013,77,60,64,ptr,load,pointer,0
2014,77,61,64,ptr,load,pointer,0
2015,77,62,64,ptr,load,pointer,0
2016,77,63,64,ptr,load,pointer,0
2017,78,0,64,int,load,base,-1
2018,78,1,64,int,load,base,-1
2019,78,2,64,int,load,base,-1
2020,78,3,64,int,load,base,-1
2021,78,4,64,int,load,base,-1
2022,78,5,64,int,load,base,-1
2023,78,6,64,int,load,base,-1
2024,78,7,64,int,load,base,-1
2025,78,8,64,int,load,base,-1
2026,78,9,64,int,load,base,-1
2027,78,10,64,int,load,base,-1
2028,78,11,64,int,load,base,-1
2029,78,12,64,int,load,base,-1
2030,78,13,64,int,load,base,-1
2031,78,14,64,int,load,base,-1
2032,78,15,64,int,load,base,-1
2033,78,16,64,int,load,base,-1
2034,78,17,64,int,load,base,-1
2035,78,18,64,int,load,base,-1
2036,78,19,64,int,load,base,-1
2037,78,20,64,int,load,base,-1
2038,78,21,64,int,load,base,-1
2039,78,22,64,int,load,base,-1
2040,78,23,64,int,load,base,-1
2041,78,24,64,int,load,base,-1
2042,78,25,64,int,load,base,-1
2043,78,26,64,int,load,base,-1
2044,78,27,64,int,load,base,-1
2045,78,28,64,int,load,base,-1
2046,78,29,64,int,load,base,-1
2047,78,30,64,int,load,base,-1
2048,78,31,64,int,load,base,-1
2049,78,32,64,int,load,base,-1
2050,78,33,64,int,load,base,-1
2051,78,34,64,int,load,base,-1
2052,78,35,64,int,load,base,-1
2053,78,36,64,int,load,base,-1
2054,78,37,64,int,load,base,-1
2055,78,38,64,int,load,base,-1
2056,78,39,64,int,load,base,-1
2057,78,40,64,int,load,base,-1
2058,78,41,64,int,load,base,-1
2059,78,42,64,int,load,base,-1
2060,78,43,64,int,load,base,-1
2061,78,44,64,int,load,base,-1
2062,78,45,64,int,load,base,-1
2063,78,46,64,int,load,base,-1
2064,78,47,64,int,load,base,-1
2065,78,48,64,int,load,base,-1
2066,78,49,64,int,load,base,-1
2067,78,50,64,int,load,base,-1
2068,78,51,64,int,load,base,-1
2069,78,52,64,int,load,base,-1
2070,78,53,64,int,load,base,-1
2071,78,54,64,int,load,base,-1
2072,78,55,64,int,load,base,-1
2073,78,56,64,int,load,base,-1
2074,78,57,64,int,load,base,-1
2075,78,58,64,int,load,base,-1
2076,78,59,64,int,load,base,-1
2077,78,60,64,int,load,base,-1
2078,78,61,64,int,load,base,-1
2079,78,62,64,int,load,base,-1
2080,78,63,64,int,load,base,-1
2081,79,0,64,ptr,load,pointer,0
2082,79,1,64,ptr,load,pointer,0
2083,79,2,64,ptr,load,pointer,0
2084,79,3,64,ptr,load,pointer,0
2085,79,4,64,ptr,load,pointer,0
2086,79,5,64,ptr,load,pointer,0
2087,79,6,64,ptr,load,pointer,0
2088,79,7,64,ptr,load,pointer,0
2089,79,8,64,ptr,load,pointer,0
2090,79,9,64,ptr,load,pointer,0
2091,79,10,64,ptr,load,pointer,0
2092,79,11,64,ptr,load,pointer,0
2093,79,12,64,ptr,load,pointer,0
2094,79,13,64,ptr,load,pointer,0
2095,79,14,64,ptr,load,pointer,0
2096,79,15,64,ptr,load,pointer,0
2097,79,16,64,ptr,load,pointer,0
2098,79,17,64,ptr,load,pointer,0
2099,79,18,64,ptr,load,pointer,0
2100,79,19,64,ptr,load,pointer,0
2101,79,20,64,ptr,load,pointer,0
2102,79,21,64,ptr,load,pointer,0
2103,79,22,64,ptr,load,pointer,0
2104,79,23,64,ptr,load,pointer,0
2105,79,24,64,ptr,load,pointer,0
2106,79,25,64,ptr,load,pointer,0
2107,79,26,64,ptr,load,pointer,0
2108,79,27,64,ptr,load,pointer,0
2109,79,28,64,ptr,load,pointer,0
2110,79,29,64,ptr,load,pointer,0
2111,79,30,64,ptr,load,pointer,0
2112,79,31,64,ptr,load,pointer,0
2113,79,32,64,ptr,load,pointer,0
2114,79,33,64,ptr,load,pointer,0
2115,79,34,64,ptr,load,pointer,0
2116,79,35,64,ptr,load,pointer,0
2117,79,36,64,ptr,load,pointer,0
2118,79,37,64,ptr,load,pointer,0
2119,79,38,64,ptr,load,pointer,0
2120,79,39,64,ptr,load,pointer,0
2121,79,40,64,ptr,load,pointer,0
2122,79,41,64,ptr,load,pointer,0
2123,79,42,64,ptr,load,pointer,0
2124,79,43,64,ptr,load,pointer,0
2125,79,44,64,ptr,load,pointer,0
2126,79,45,64,ptr,load,pointer,0
2127,79,46,64,ptr,load,pointer,0
2128,79,47,64,ptr,load,pointer,0
2129,79,48,64,ptr,load,pointer,0
2130,79,49,64,ptr,load,pointer,0
2131,79,50,64,ptr,load,pointer,0
2132,79,51,64,ptr,load,pointer,0
2133,79,52,64,ptr,load,pointer,0
2134,79,53,64,ptr,load,pointer,0
2135,79,54,64,ptr,load,pointer,0
2136,79,55,64,ptr,load,pointer,0
2137,79,56,64,ptr,load,pointer,0
2138,79,57,64,ptr,load,pointer,0
2139,79,58,64,ptr,load,pointer,0
2140,79,59,64,ptr,load,pointer,0
2141,79,60,64,ptr,load,pointer,0
2142,79,61,64,ptr,load,pointer,0
2143,79,62,64,ptr,load,pointer,0
2144,79,63,64,ptr,load,pointer,0
2145,80,0,1,int,icmp,base,-1
2146,81,0,64,int,icmp,operand,0
2147,81,1,64,int,icmp,operand,0
2148,81,2,64,int,icmp,operand,0
2149,81,3,64,int,icmp,operand,0
2150,81,4,64,int,icmp,operand,0
2151,81,5,64,int,icmp,operand,0
2152,81,6,64,int,icmp,operand,0
2153,81,7,64,int,icmp,operand,0
2154,81,8,64,int,icmp,operand,0
2155,81,9,64,int,icmp,operand,0
2156,81,10,64,int,icmp,operand,0
2157,81,11,64,int,icmp,operand,0
2158,81,12,64,int,icmp,operand,0
2159,81,13,64,int,icmp,operand,0
2160,81,14,64,int,icmp,operand,0
2161,81,15,64,int,icmp,operand,0
2162,81,16,64,int,icmp,operand,0
2163,81,17,64,int,icmp,operand,0
2164,81,18,64,int,icmp,operand,0
2165,81,19,64,int,icmp,operand,0
2166,81,20,64,int,icmp,operand,0
2167,81,21,64,int,icmp,operand,0
2168,81,22,64,int,icmp,operand,0
2169,81,23,64,int,icmp,operand,0
2170,81,24,64,int,icmp,operand,0
2171,81,25,64,int,icmp,operand,0
2172,81,26,64,int,icmp,operand,0
2173,81,27,64,int,icmp,operand,0
2174,81,28,64,int,icmp,operand,0
2175,81,29,64,int,icmp,operand,0
2176,81,30,64,int,icmp,operand,0
2177,81,31,64,int,icmp,operand,0
2178,81,32,64,int,icmp,operand,0
2179,81,33,64,int,icmp,operand,0
2180,81,34,64,int,icmp,operand,0
2181,81,35,64,int,icmp,operand,0
2182,81,36,64,int,icmp,operand,0
2183,81,37,64,int,icmp,operand,0
2184,81,38,64,int,icmp,operand,0
2185,81,39,64,int,icmp,operand,0
2186,81,40,64,int,icmp,operand,0
2187,81,41,64,int,icmp,operand,0
2188,81,42,64,int,icmp,operand,0
2189,81,43,64,int,icmp,operand,0
2190,81,44,64,int,icmp,operand,0
2191,81,45,64,int,icmp,operand,0
2192,81,46,64,int,icmp,operand,0
2193,81,47,64,int,icmp,operand,0
2194,81,48,64,int,icmp,operand,0
2195,81,49,64,int,icmp,operand,0
2196,81,50,64,int,icmp,operand,0
2197,81,51,64,int,icmp,operand,0
2198,81,52,64,int,icmp,operand,0
2199,81,53,64,int,icmp,operand,0
2200,81,54,64,int,icmp,operand,0
2201,81,55,64,int,icmp,operand,0
2202,81,56,64,int,icmp,operand,0
2203,81,57,64,int,icmp,operand,0
2204,81,58,64,int,icmp,operand,0
2205,81,59,64,int,icmp,operand,0
2206,81,60,64,int,icmp,operand,0
2207,81,61,64,int,icmp,operand,0
2208,81,62,64,int,icmp,operand,0
2209,81,63,64,int,icmp,operand,0
2210,82,0,64,int,load,base,-1
2211,82,1,64,int,load,base,-1
2212,82,2,64,int,load,base,-1
2213,82,3,64,int,load,base,-1
2214,82,4,64,int,load,base,-1
2215,82,5,64,int,load,base,-1
2216,82,6,64,int,load,base,-1
2217,82,7,64,int,load,base,-1
2218,82,8,64,int,load,base,-1
2219,82,9,64,int,load,base,-1
2220,82,10,64,int,load,base,-1
2221,82,11,64,int,load,base,-1
2222,82,12,64,int,load,base,-1
2223,82,13,64,int,load,base,-1
2224,82,14,64,int,load,base,-1
2225,82,15,64,int,load,base,-1
2226,82,16,64,int,load,base,-1
2227,82,17,64,int,load,base,-1
2228,82,18,64,int,load,base,-1
2229,82,19,64,int,load,base,-1
2230,82,20,64,int,load,base,-1
2231,82,21,64,int,load,base,-1
2232,82,22,64,int,load,base,-1
2233,82,23,64,int,load,base,-1
2234,82,24,64,int,load,base,-1
2235,82,25,64,int,load,base,-1
2236,82,26,64,int,load,base,-1
2237,82,27,64,int,load,base,-1
2238,82,28,64,int,load,base,-1
2239,82,29,64,int,load,base,-1
2240,82,30,64,int,load,base,-1
2241,82,31,64,int,load,base,-1
2242,82,32,64,int,load,base,-1
2243,82,33,64,int,load,base,-1
2244,82,34,64,int,load,base,-1
2245,82,35,64,int,load,base,-1
2246,82,36,64,int,load,base,-1
2247,82,37,64,int,load,base,-1
2248,82,38,64,int,load,base,-1
2249,82,39,64,int,load,base,-1
2250,82,40,64,int,load,base,-1
2251,82,41,64,int,load,base,-1
2252,82,42,64,int,load,base,-1
2253,82,43,64,int,load,base,-1
2254,82,44,64,int,load,base,-1
2255,82,45,64,int,load,base,-1
2256,82,46,64,int,load,base,-1
2257,82,47,64,int,load,base,-1
2258,82,48,64,int,load,base,-1
2259,82,49,64,int,load,base,-1
2260,82,50,64,int,load,base,-1
2261,82,51,64,int,load,base,-1
2262,82,52,64,int,load,base,-1
2263,82,53,64,int,load,base,-1
2264,82,54,64,int,load,base,-1
2265,82,55,64,int,load,base,-1
2266,82,56,64,int,load,base,-1
2267,82,57,64,int,load,base,-1
2268,82,58,64,int,load,base,-1
2269,82,59,64,int,load,base,-1
2270,82,60,64,int,load,base,-1
2271,82,61,64,int,load,base,-1
2272,82,62,64,int,load,base,-1
2273,82,63,64,int,load,base,-1
2274,83,0,64,ptr,load,pointer,0
2275,83,1,64,ptr,load,pointer,0
2276,83,2,64,ptr,load,pointer,0
2277,83,3,64,ptr,load,pointer,0
2278,83,4,64,ptr,load,pointer,0
2279,83,5,64,ptr,load,pointer,0
2280,83,6,64,ptr,load,pointer,0
2281,83,7,64,ptr,load,pointer,0
2282,83,8,64,ptr,load,pointer,0
2283,83,9,64,ptr,load,pointer,0
2284,83,10,64,ptr,load,pointer,0
2285,83,11,64,ptr,load,pointer,0
2286,83,12,64,ptr,load,pointer,0
2287,83,13,64,ptr,load,pointer,0
2288,83,14,64,ptr,load,pointer,0
2289,83,15,64,ptr,load,pointer,0
2290,83,16,64,ptr,load,pointer,0
2291,83,17,64,ptr,load,pointer,0
2292,83,18,64,ptr,load,pointer,0
2293,83,19,64,ptr,load,pointer,0
2294,83,20,64,ptr,load,pointer,0
2295,83,21,64,ptr,load,pointer,0
2296,83,22,64,ptr,load,pointer,0
2297,83,23,64,ptr,load,pointer,0
2298,83,24,64,ptr,load,pointer,0
2299,83,25,64,ptr,load,pointer,0
2300,83,26,64,ptr,load,pointer,0
2301,83,27,64,ptr,load,pointer,0
2302,83,28,64,ptr,load,pointer,0
2303,83,29,64,ptr,load,pointer,0
2304,83,30,64,ptr,load,pointer,0
2305,83,31,64,ptr,load,pointer,0
2306,83,32,64,ptr,load,pointer,0
2307,83,33,64,ptr,load,pointer,0
2308,83,34,64,ptr,load,pointer,0
2309,83,35,64,ptr,load,pointer,0
2310,83,36,64,ptr,load,pointer,0
2311,83,37,64,ptr,load,pointer,0
2312,83,38,64,ptr,load,pointer,0
2313,83,39,64,ptr,load,pointer,0
2314,83,40,64,ptr,load,pointer,0
2315,83,41,64,ptr,load,pointer,0
2316,83,42,64,ptr,load,pointer,0
2317,83,43,64,ptr,load,pointer,0
2318,83,44,64,ptr,load,pointer,0
2319,83,45,64,ptr,load,pointer,0
2320,83,46,64,ptr,load,pointer,0
2321,83,47,64,ptr,load,pointer,0
2322,83,48,64,ptr,load,pointer,0
2323,83,49,64,ptr,load,pointer,0
2324,83,50,64,ptr,load,pointer,0
2325,83,51,64,ptr,load,pointer,0
2326,83,52,64,ptr,load,pointer,0
2327,83,53,64,ptr,load,pointer,0
2328,83,54,64,ptr,load,pointer,0
2329,83,55,64,ptr,load,pointer,0
2330,83,56,64,ptr,load,pointer,0
2331,83,57,64,ptr,load,pointer,0
2332,83,58,64,ptr,load,pointer,0
2333,83,59,64,ptr,load,pointer,0
2334,83,60,64,ptr,load,pointer,0
2335,83,61,64,ptr,load,pointer,0
2336,83,62,64,ptr,load,pointer,0
2337,83,63,64,ptr,load,pointer,0
2338,84,0,32,int,trunc,base,-1
2339,84,1,32,int,trunc,base,-1
2340,84,2,32,int,trunc,base,-1
2341,84,3,32,int,trunc,base,-1
2342,84,4,32,int,trunc,base,-1
2343,84,5,32,int,trunc,base,-1
2344,84,6,32,int,trunc,base,-1
2345,84,7,32,int,trunc,base,-1
2346,84,8,32,int,trunc,base,-1
2347,84,9,32,int,trunc,base,-1
2348,84,10,32,int,trunc,base,-1
2349,84,11,32,int,trunc,base,-1
2350,84,12,32,int,trunc,base,-1
2351,84,13,32,int,trunc,base,-1
2352,84,14,32,int,trunc,base,-1
2353,84,15,32,int,trunc,base,-1
2354,84,16,32,int,trunc,base,-1
2355,84,17,32,int,trunc,base,-1
2356,84,18,32,int,trunc,base,-1
2357,84,19,32,int,trunc,base,-1
2358,84,20,32,int,trunc,base,-1
2359,84,21,32,int,trunc,base,-1
2360,84,22,32,int,trunc,base,-1
2361,84,23,32,int,trunc,base,-1
2362,84,24,32,int,trunc,base,-1
2363,84,25,32,int,trunc,base,-1
2364,84,26,32,int,trunc,base,-1
2365,84,27,32,int,trunc,base,-1
2366,84,28,32,int,trunc,base,-1
2367,84,29,32,int,trunc,base,-1
2368,84,30,32,int,trunc,base,-1
2369,84,31,32,int,trunc,base,-1
2370,85,0,64,int,trunc,operand,0
2371,85,1,64,int,trunc,operand,0
2372,85,2,64,int,trunc,operand,0
2373,85,3,64,int,trunc,operand,0
2374,85,4,64,int,trunc,operand,0
2375,85,5,64,int,trunc,operand,0
2376,85,6,64,int,trunc,operand,0
2377,85,7,64,int,trunc,operand,0
2378,85,8,64,int,trunc,operand,0
2379,85,9,64,int,trunc,operand,0
2380,85,10,64,int,trunc,operand,0
2381,85,11,64,int,trunc,operand,0
2382,85,12,64,int,trunc,operand,0
2383,85,13,64,int,trunc,operand,0
2384,85,14,64,int,trunc,operand,0
2385,85,15,64,int,trunc,operand,0
2386,85,16,64,int,trunc,operand,0
2387,85,17,64,int,trunc,operand,0
2388,85,18,64,int,trunc,operand,0
2389,85,19,64,int,trunc,operand,0
2390,85,20,64,int,trunc,operand,0
2391,85,21,64,int,trunc,operand,0
2392,85,22,64,int,trunc,operand,0
2393,85,23,64,int,trunc,operand,0
2394,85,24,64,int,trunc,operand,0
2395,85,25,64,int,trunc,operand,0
2396,85,26,64,int,trunc,operand,0
2397,85,27,64,int,trunc,operand,0
2398,85,28,64,int,trunc,operand,0
2399,85,29,64,int,trunc,operand,0
2400,85,30,64,int,trunc,operand,0
2401,85,31,64,int,trunc,operand,0
2402,85,32,64,int,trunc,operand,0
2403,85,33,64,int,trunc,operand,0
2404,85,34,64,int,trunc,operand,0
2405,85,35,64,int,trunc,operand,0
2406,85,36,64,int,trunc,operand,0
2407,85,37,64,int,trunc,operand,0
2408,85,38,64,int,trunc,operand,0
2409,85,39,64,int,trunc,operand,0
2410,85,40,64,int,trunc,operand,0
2411,85,41,64,int,trunc,operand,0
2412,85,42,64,int,trunc,operand,0
2413,85,43,64,int,trunc,operand,0
2414,85,44,64,int,trunc,operand,0
2415,85,45,64,int,trunc,operand,0
2416,85,46,64,int,trunc,operand,0
2417,85,47,64,int,trunc,operand,0
2418,85,48,64,int,trunc,operand,0
2419,85,49,64,int,trunc,operand,0
2420,85,50,64,int,trunc,operand,0
2421,85,51,64,int,trunc,operand,0
2422,85,52,64,int,trunc,operand,0
2423,85,53,64,int,trunc,operand,0
2424,85,54,64,int,trunc,operand,0
2425,85,55,64,int,trunc,operand,0
2426,85,56,64,int,trunc,operand,0
2427,85,57,64,int,trunc,operand,0
2428,85,58,64,int,trunc,operand,0
2429,85,59,64,int,trunc,operand,0
2430,85,60,64,int,trunc,operand,0
2431,85,61,64,int,trunc,operand,0
2432,85,62,64,int,trunc,operand,0
2433,85,63,64,int,trunc,operand,0
2434,86,0,32,int,load,base,-1
2435,86,1,32,int,load,base,-1
2436,86,2,32,int,load,base,-1
2437,86,3,32,int,load,base,-1
2438,86,4,32,int,load,base,-1
2439,86,5,32,int,load,base,-1
2440,86,6,32,int,load,base,-1
2441,86,7,32,int,load,base,-1
2442,86,8,32,int,load,base,-1
2443,86,9,32,int,load,base,-1
2444,86,10,32,int,load,base,-1
2445,86,11,32,int,load,base,-1
2446,86,12,32,int,load,base,-1
2447,86,13,32,int,load,base,-1
2448,86,14,32,int,load,base,-1
2449,86,15,32,int,load,base,-1
2450,86,16,32,int,load,base,-1
2451,86,17,32,int,load,base,-1
2452,86,18,32,int,load,base,-1
2453,86,19,32,int,load,base,-1
2454,86,20,32,int,load,base,-1
2455,86,21,32,int,load,base,-1
2456,86,22,32,int,load,base,-1
2457,86,23,32,int,load,base,-1
2458,86,24,32,int,load,base,-1
2459,86,25,32,int,load,base,-1
2460,86,26,32,int,load,base,-1
2461,86,27,32,int,load,base,-1
2462,86,28,32,int,load,base,-1
2463,86,29,32,int,load,base,-1
2464,86,30,32,int,load,base,-1
2465,86,31,32,int,load,base,-1
2466,87,0,64,ptr,load,pointer,0
2467,87,1,64,ptr,load,pointer,0
2468,87,2,64,ptr,load,pointer,0
2469,87,3,64,ptr,load,pointer,0
2470,87,4,64,ptr,load,pointer,0
2471,87,5,64,ptr,load,pointer,0
2472,87,6,64,ptr,load,pointer,0
2473,87,7,64,ptr,load,pointer,0
2474,87,8,64,ptr,load,pointer,0
2475,87,9,64,ptr,load,pointer,0
2476,87,10,64,ptr,load,pointer,0
2477,87,11,64,ptr,load,pointer,0
2478,87,12,64,ptr,load,pointer,0
2479,87,13,64,ptr,load,pointer,0
2480,87,14,64,ptr,load,pointer,0
2481,87,15,64,ptr,load,pointer,0
2482,87,16,64,ptr,load,pointer,0
2483,87,17,64,ptr,load,pointer,0
2484,87,18,64,ptr,load,pointer,0
2485,87,19,64,ptr,load,pointer,0
2486,87,20,64,ptr,load,pointer,0
2487,87,21,64,ptr,load,pointer,0
2488,87,22,64,ptr,load,pointer,0
2489,87,23,64,ptr,load,pointer,0
2490,87,24,64,ptr,load,pointer,0
2491,87,25,64,ptr,load,pointer,0
2492,87,26,64,ptr,load,pointer,0
2493,87,27,64,ptr,load,pointer,0
2494,87,28,64,ptr,load,pointer,0
2495,87,29,64,ptr,load,pointer,0
2496,87,30,64,ptr,load,pointer,0
2497,87,31,64,ptr,load,pointer,0
2498,87,32,64,ptr,load,pointer,0
2499,87,33,64,ptr,load,pointer,0
2500,87,34,64,ptr,load,pointer,0
2501,87,35,64,ptr,load,pointer,0
2502,87,36,64,ptr,load,pointer,0
2503,87,37,64,ptr,load,pointer,0
2504,87,38,64,ptr,load,pointer,0
2505,87,39,64,ptr,load,pointer,0
2506,87,40,64,ptr,load,pointer,0
2507,87,41,64,ptr,load,pointer,0
2508,87,42,64,ptr,load,pointer,0
2509,87,43,64,ptr,load,pointer,0
2510,87,44,64,ptr,load,pointer,0
2511,87,45,64,ptr,load,pointer,0
2512,87,46,64,ptr,load,pointer,0
2513,87,47,64,ptr,load,pointer,0
2514,87,48,64,ptr,load,pointer,0
2515,87,49,64,ptr,load,pointer,0
2516,87,50,64,ptr,load,pointer,0
2517,87,51,64,ptr,load,pointer,0
2518,87,52,64,ptr,load,pointer,0
2519,87,53,64,ptr,load,pointer,0
2520,87,54,64,ptr,load,pointer,0
2521,87,55,64,ptr,load,pointer,0
2522,87,56,64,ptr,load,pointer,0
2523,87,57,64,ptr,load,pointer,0
2524,87,58,64,ptr,load,pointer,0
2525,87,59,64,ptr,load,pointer,0
2526,87,60,64,ptr,load,pointer,0
2527,87,61,64,ptr,load,pointer,0
2528,87,62,64,ptr,load,pointer,0
2529,87,63,64,ptr,load,pointer,0
2530,89,0,64,ptr,getelementptr,pointer,0
2531,89,1,64,ptr,getelementptr,pointer,0
2532,89,2,64,ptr,getelementptr,pointer,0
2533,89,3,64,ptr,getelementptr,pointer,0
2534,89,4,64,ptr,getelementptr,pointer,0
2535,89,5,64,ptr,getelementptr,pointer,0
2536,89,6,64,ptr,getelementptr,pointer,0
2537,89,7,64,ptr,getelementptr,pointer,0
2538,89,8,64,ptr,getelementptr,pointer,0
2539,89,9,64,ptr,getelementptr,pointer,0
2540,89,10,64,ptr,getelementptr,pointer,0
2541,89,11,64,ptr,getelementptr,pointer,0
2542,89,12,64,ptr,getelementptr,pointer,0
2543,89,13,64,ptr,getelementptr,pointer,0
2544,89,14,64,ptr,getelementptr,pointer,0
2545,89,15,64,ptr,getelementptr,pointer,0
2546,89,16,64,ptr,getelementptr,pointer,0
2547,89,17,64,ptr,getelementptr,pointer,0
2548,89,18,64,ptr,getelementptr,pointer,0
2549,89,19,64,ptr,getelementptr,pointer,0
2550,89,20,64,ptr,getelementptr,pointer,0
2551,89,21,64,ptr,getelementptr,pointer,0
2552,89,22,64,ptr,getelementptr,pointer,0
2553,89,23,64,ptr,getelementptr,pointer,0
2554,89,24,64,ptr,getelementptr,pointer,0
2555,89,25,64,ptr,getelementptr,pointer,0
2556,89,26,64,ptr,getelementptr,pointer,0
2557,89,27,64,ptr,getelementptr,pointer,0
2558,89,28,64,ptr,getelementptr,pointer,0
2559,89,29,64,ptr,getelementptr,pointer,0
2560,89,30,64,ptr,getelementptr,pointer,0
2561,89,31,64,ptr,getelementptr,pointer,0
2562,89,32,64,ptr,getelementptr,pointer,0
2563,89,33,64,ptr,getelementptr,pointer,0
2564,89,34,64,ptr,getelementptr,pointer,0
2565,89,35,64,ptr,getelementptr,pointer,0
2566,89,36,64,ptr,getelementptr,pointer,0
2567,89,37,64,ptr,getelementptr,pointer,0
2568,89,38,64,ptr,getelementptr,pointer,0
2569,89,39,64,ptr,getelementptr,pointer,0
2570,89,40,64,ptr,getelementptr,pointer,0
2571,89,41,64,ptr,getelementptr,pointer,0
2572,89,42,64,ptr,getelementptr,pointer,0
2573,89,43,64,ptr,getelementptr,pointer,0
2574,89,44,64,ptr,getelementptr,pointer,0
2575,89,45,64,ptr,getelementptr,pointer,0
2576,89,46,64,ptr,getelementptr,pointer,0
2577,89,47,64,ptr,getelementptr,pointer,0
2578,89,48,64,ptr,getelementptr,pointer,0
2579,89,49,64,ptr,getelementptr,pointer,0
2580,89,50,64,ptr,getelementptr,pointer,0
2581,89,51,64,ptr,getelementptr,pointer,0
2582,89,52,64,ptr,getelementptr,pointer,0
2583,89,53,64,ptr,getelementptr,pointer,0
2584,89,54,64,ptr,getelementptr,pointer,0
2585,89,55,64,ptr,getelementptr,pointer,0
2586,89,56,64,ptr,getelementptr,pointer,0
2587,89,57,64,ptr,getelementptr,pointer,0
2588,89,58,64,ptr,getelementptr,pointer,0
2589,89,59,64,ptr,getelementptr,pointer,0
2590,89,60,64,ptr,getelementptr,pointer,0
2591,89,61,64,ptr,getelementptr,pointer,0
2592,89,62,64,ptr,getelementptr,pointer,0
2593,89,63,64,ptr,getelementptr,pointer,0
2594,90,0,32,int,load,base,-1
2595,90,1,32,int,load,base,-1
2596,90,2,32,int,load,base,-1
2597,90,3,32,int,load,base,-1
2598,90,4,32,int,load,base,-1
2599,90,5,32,int,load,base,-1
2600,90,6,32,int,load,base,-1
2601,90,7,32,int,load,base,-1
2602,90,8,32,int,load,base,-1
2603,90,9,32,int,load,base,-1
2604,90,10,32,int,load,base,-1
2605,90,11,32,int,load,base,-1
2606,90,12,32,int,load,base,-1
2607,90,13,32,int,load,base,-1
2608,90,14,32,int,load,base,-1
2609,90,15,32,int,load,base,-1
2610,90,16,32,int,load,base,-1
2611,90,17,32,int,load,base,-1
2612,90,18,32,int,load,base,-1
2613,90,19,32,int,load,base,-1
2614,90,20,32,int,load,base,-1
2615,90,21,32,int,load,base,-1
2616,90,22,32,int,load,base,-1
2617,90,23,32,int,load,base,-1
2618,90,24,32,int,load,base,-1
2619,90,25,32,int,load,base,-1
2620,90,26,32,int,load,base,-1
2621,90,27,32,int,load,base,-1
2622,90,28,32,int,load,base,-1
2623,90,29,32,int,load,base,-1
2624,90,30,32,int,load,base,-1
2625,90,31,32,int,load,base,-1
2626,91,0,64,ptr,load,pointer,0
2627,91,1,64,ptr,load,pointer,0
2628,91,2,64,ptr,load,pointer,0
2629,91,3,64,ptr,load,pointer,0
2630,91,4,64,ptr,load,pointer,0
2631,91,5,64,ptr,load,pointer,0
2632,91,6,64,ptr,load,pointer,0
2633,91,7,64,ptr,load,pointer,0
2634,91,8,64,ptr,load,pointer,0
2635,91,9,64,ptr,load,pointer,0
2636,91,10,64,ptr,load,pointer,0
2637,91,11,64,ptr,load,pointer,0
2638,91,12,64,ptr,load,pointer,0
2639,91,13,64,ptr,load,pointer,0
2640,91,14,64,ptr,load,pointer,0
2641,91,15,64,ptr,load,pointer,0
2642,91,16,64,ptr,load,pointer,0
2643,91,17,64,ptr,load,pointer,0
2644,91,18,64,ptr,load,pointer,0
2645,91,19,64,ptr,load,pointer,0
2646,91,20,64,ptr,load,pointer,0
2647,91,21,64,ptr,load,pointer,0
2648,91,22,64,ptr,load,pointer,0
2649,91,23,64,ptr,load,pointer,0
2650,91,24,64,ptr,load,pointer,0
2651,91,25,64,ptr,load,pointer,0
2652,91,26,64,ptr,load,pointer,0
2653,91,27,64,ptr,load,pointer,0
2654,91,28,64,ptr,load,pointer,0
2655,91,29,64,ptr,load,pointer,0
2656,91,30,64,ptr,load,pointer,0
2657,91,31,64,ptr,load,pointer,0
2658,91,32,64,ptr,load,pointer,0
2659,91,33,64,ptr,load,pointer,0
2660,91,34,64,ptr,load,pointer,0
2661,91,35,64,ptr,load,pointer,0
2662,91,36,64,ptr,load,pointer,0
2663,91,37,64,ptr,load,pointer,0
2664,91,38,64,ptr,load,pointer,0
2665,91,39,64,ptr,load,pointer,0
2666,91,40,64,ptr,load,pointer,0
2667,91,41,64,ptr,load,pointer,0
2668,91,42,64,ptr,load,pointer,0
2669,91,43,64,ptr,load,pointer,0
2670,91,44,64,ptr,load,pointer,0
2671,91,45,64,ptr,load,pointer,0
2672,91,46,64,ptr,load,pointer,0
2673,91,47,64,ptr,load,pointer,0
2674,91,48,64,ptr,load,pointer,0
2675,91,49,64,ptr,load,pointer,0
2676,91,50,64,ptr,load,pointer,0
2677,91,51,64,ptr,load,pointer,0
2678,91,52,64,ptr,load,pointer,0
2679,91,53,64,ptr,load,pointer,0
2680,91,54,64,ptr,load,pointer,0
2681,91,55,64,ptr,load,pointer,0
2682,91,56,64,ptr,load,pointer,0
2683,91,57,64,ptr,load,pointer,0
2684,91,58,64,ptr,load,pointer,0
2685,91,59,64,ptr,load,pointer,0
2686,91,60,64,ptr,load,pointer,0
2687,91,61,64,ptr,load,pointer,0
2688,91,62,64,ptr,load,pointer,0
2689,91,63,64,ptr,load,pointer,0
2690,92,0,32,int,sdiv,base,-1
2691,92,1,32,int,sdiv,base,-1
2692,92,2,32,int,sdiv,base,-1
2693,92,3,32,int,sdiv,base,-1
2694,92,4,32,int,sdiv,base,-1
2695,92,5,32,int,sdiv,base,-1
2696,92,6,32,int,sdiv,base,-1
2697,92,7,32,int,sdiv,base,-1
2698,92,8,32,int,sdiv,base,-1
2699,92,9,32,int,sdiv,base,-1
2700,92,10,32,int,sdiv,base,-1
2701,92,11,32,int,sdiv,base,-1
2702,92,12,32,int,sdiv,base,-1
2703,92,13,32,int,sdiv,base,-1
2704,92,14,32,int,sdiv,base,-1
2705,92,15,32,int,sdiv,base,-1
2706,92,16,32,int,sdiv,base,-1
2707,92,17,32,int,sdiv,base,-1
2708,92,18,32,int,sdiv,base,-1
2709,92,19,32,int,sdiv,base,-1
2710,92,20,32,int,sdiv,base,-1
2711,92,21,32,int,sdiv,base,-1
2712,92,22,32,int,sdiv,base,-1
2713,92,23,32,int,sdiv,base,-1
2714,92,24,32,int,sdiv,base,-1
2715,92,25,32,int,sdiv,base,-1
2716,92,26,32,int,sdiv,base,-1
2717,92,27,32,int,sdiv,base,-1
2718,92,28,32,int,sdiv,base,-1
2719,92,29,32,int,sdiv,base,-1
2720,92,30,32,int,sdiv,base,-1
2721,92,31,32,int,sdiv,base,-1
2722,93,0,32,int,sdiv,operand,0
2723,93,1,32,int,sdiv,operand,0
2724,93,2,32,int,sdiv,operand,0
2725,93,3,32,int,sdiv,operand,0
2726,93,4,32,int,sdiv,operand,0
2727,93,5,32,int,sdiv,operand,0
2728,93,6,32,int,sdiv,operand,0
2729,93,7,32,int,sdiv,operand,0
2730,93,8,32,int,sdiv,operand,0
2731,93,9,32,int,sdiv,operand,0
2732,93,10,32,int,sdiv,operand,0
2733,93,11,32,int,sdiv,operand,0
2734,93,12,32,int,sdiv,operand,0
2735,93,13,32,int,sdiv,operand,0
2736,93,14,32,int,sdiv,operand,0
2737,93,15,32,int,sdiv,operand,0
2738,93,16,32,int,sdiv,operand,0
2739,93,17,32,int,sdiv,operand,0
2740,93,18,32,int,sdiv,operand,0
2741,93,19,32,int,sdiv,operand,0
2742,93,20,32,int,sdiv,operand,0
2743,93,21,32,int,sdiv,operand,0
2744,93,22,32,int,sdiv,operand,0
2745,93,23,32,int,sdiv,operand,0
2746,93,24,32,int,sdiv,operand,0
2747,93,25,32,int,sdiv,operand,0
2748,93,26,32,int,sdiv,operand,0
2749,93,27,32,int,sdiv,operand,0
2750,93,28,32,int,sdiv,operand,0
2751,93,29,32,int,sdiv,operand,0
2752,93,30,32,int,sdiv,operand,0
2753,93,31,32,int,sdiv,operand,0
2754,94,0,1,int,icmp,base,-1
2755,95,0,32,int,icmp,operand,0
2756,95,1,32,int,icmp,operand,0
2757,95,2,32,int,icmp,operand,0
2758,95,3,32,int,icmp,operand,0
2759,95,4,32,int,icmp,operand,0
2760,95,5,32,int,icmp,operand,0
2761,95,6,32,int,icmp,operand,0
2762,95,7,32,int,icmp,operand,0
2763,95,8,32,int,icmp,operand,0
2764,95,9,32,int,icmp,operand,0
2765,95,10,32,int,icmp,operand,0
2766,95,11,32,int,icmp,operand,0
2767,95,12,32,int,icmp,operand,0
2768,95,13,32,int,icmp,operand,0
2769,95,14,32,int,icmp,operand,0
2770,95,15,32,int,icmp,operand,0
2771,95,16,32,int,icmp,operand,0
2772,95,17,32,int,icmp,operand,0
2773,95,18,32,int,icmp,operand,0
2774,95,19,32,int,icmp,operand,0
2775,95,20,32,int,icmp,operand,0
2776,95,21,32,int,icmp,operand,0
2777,95,22,32,int,icmp,operand,0
2778,95,23,32,int,icmp,operand,0
2779,95,24,32,int,icmp,operand,0
2780,95,25,32,int,icmp,operand,0
2781,95,26,32,int,icmp,operand,0
2782,95,27,32,int,icmp,operand,0
2783,95,28,32,int,icmp,operand,0
2784,95,29,32,int,icmp,operand,0
2785,95,30,32,int,icmp,operand,0
2786,95,31,32,int,icmp,operand,0
2787,96,0,32,int,icmp,operand,1
2788,96,1,32,int,icmp,operand,1
2789,96,2,32,int,icmp,operand,1
2790,96,3,32,int,icmp,operand,1
2791,96,4,32,int,icmp,operand,1
2792,96,5,32,int,icmp,operand,1
2793,96,6,32,int,icmp,operand,1
2794,96,7,32,int,icmp,operand,1
2795,96,8,32,int,icmp,operand,1
2796,96,9,32,int,icmp,operand,1
2797,96,10,32,int,icmp,operand,1
2798,96,11,32,int,icmp,operand,1
2799,96,12,32,int,icmp,operand,1
2800,96,13,32,int,icmp,operand,1
2801,96,14,32,int,icmp,operand,1
2802,96,15,32,int,icmp,operand,1
2803,96,16,32,int,icmp,operand,1
2804,96,17,32,int,icmp,operand,1
2805,96,18,32,int,icmp,operand,1
2806,96,19,32,int,icmp,operand,1
2807,96,20,32,int,icmp,operand,1
2808,96,21,32,int,icmp,operand,1
2809,96,22,32,int,icmp,operand,1
2810,96,23,32,int,icmp,operand,1
2811,96,24,32,int,icmp,operand,1
2812,96,25,32,int,icmp,operand,1
2813,96,26,32,int,icmp,operand,1
2814,96,27,32,int,icmp,operand,1
2815,96,28,32,int,icmp,operand,1
2816,96,29,32,int,icmp,operand,1
2817,96,30,32,int,icmp,operand,1
2818,96,31,32,int,icmp,operand,1
2819,97,0,32,int,load,base,-1
2820,97,1,32,int,load,base,-1
2821,97,2,32,int,load,base,-1
2822,97,3,32,int,load,base,-1
2823,97,4,32,int,load,base,-1
2824,97,5,32,int,load,base,-1
2825,97,6,32,int,load,base,-1
2826,97,7,32,int,load,base,-1
2827,97,8,32,int,load,base,-1
2828,97,9,32,int,load,base,-1
2829,97,10,32,int,load,base,-1
2830,97,11,32,int,load,base,-1
2831,97,12,32,int,load,base,-1
2832,97,13,32,int,load,base,-1
2833,97,14,32,int,load,base,-1
2834,97,15,32,int,load,base,-1
2835,97,16,32,int,load,base,-1
2836,97,17,32,int,load,base,-1
2837,97,18,32,int,load,base,-1
2838,97,19,32,int,load,base,-1
2839,97,20,32,int,load,base,-1
2840,97,21,32,int,load,base,-1
2841,97,22,32,int,load,base,-1
2842,97,23,32,int,load,base,-1
2843,97,24,32,int,load,base,-1
2844,97,25,32,int,load,base,-1
2845,97,26,32,int,load,base,-1
2846,97,27,32,int,load,base,-1
2847,97,28,32,int,load,base,-1
2848,97,29,32,int,load,base,-1
2849,97,30,32,int,load,base,-1
2850,97,31,32,int,load,base,-1
2851,98,0,64,ptr,load,pointer,0
2852,98,1,64,ptr,load,pointer,0
2853,98,2,64,ptr,load,pointer,0
2854,98,3,64,ptr,load,pointer,0
2855,98,4,64,ptr,load,pointer,0
2856,98,5,64,ptr,load,pointer,0
2857,98,6,64,ptr,load,pointer,0
2858,98,7,64,ptr,load,pointer,0
2859,98,8,64,ptr,load,pointer,0
2860,98,9,64,ptr,load,pointer,0
2861,98,10,64,ptr,load,pointer,0
2862,98,11,64,ptr,load,pointer,0
2863,98,12,64,ptr,load,pointer,0
2864,98,13,64,ptr,load,pointer,0
2865,98,14,64,ptr,load,pointer,0
2866,98,15,64,ptr,load,pointer,0
2867,98,16,64,ptr,load,pointer,0
2868,98,17,64,ptr,load,pointer,0
2869,98,18,64,ptr,load,pointer,0
2870,98,19,64,ptr,load,pointer,0
2871,98,20,64,ptr,load,pointer,0
2872,98,21,64,ptr,load,pointer,0
2873,98,22,64,ptr,load,pointer,0
2874,98,23,64,ptr,load,pointer,0
2875,98,24,64,ptr,load,pointer,0
2876,98,25,64,ptr,load,pointer,0
2877,98,26,64,ptr,load,pointer,0
2878,98,27,64,ptr,load,pointer,0
2879,98,28,64,ptr,load,pointer,0
2880,98,29,64,ptr,load,pointer,0
2881,98,30,64,ptr,load,pointer,0
2882,98,31,64,ptr,load,pointer,0
2883,98,32,64,ptr,load,pointer,0
2884,98,33,64,ptr,load,pointer,0
2885,98,34,64,ptr,load,pointer,0
2886,98,35,64,ptr,load,pointer,0
2887,98,36,64,ptr,load,pointer,0
2888,98,37,64,ptr,load,pointer,0
2889,98,38,64,ptr,load,pointer,0
2890,98,39,64,ptr,load,pointer,0
2891,98,40,64,ptr,load,pointer,0
2892,98,41,64,ptr,load,pointer,0
2893,98,42,64,ptr,load,pointer,0
2894,98,43,64,ptr,load,pointer,0
2895,98,44,64,ptr,load,pointer,0
2896,98,45,64,ptr,load,pointer,0
2897,98,46,64,ptr,load,pointer,0
2898,98,47,64,ptr,load,pointer,0
2899,98,48,64,ptr,load,pointer,0
2900,98,49,64,ptr,load,pointer,0
2901,98,50,64,ptr,load,pointer,0
2902,98,51,64,ptr,load,pointer,0
2903,98,52,64,ptr,load,pointer,0
2904,98,53,64,ptr,load,pointer,0
2905,98,54,64,ptr,load,pointer,0
2906,98,55,64,ptr,load,pointer,0
2907,98,56,64,ptr,load,pointer,0
2908,98,57,64,ptr,load,pointer,0
2909,98,58,64,ptr,load,pointer,0
2910,98,59,64,ptr,load,pointer,0
2911,98,60,64,ptr,load,pointer,0
2912,98,61,64,ptr,load,pointer,0
2913,98,62,64,ptr,load,pointer,0
2914,98,63,64,ptr,load,pointer,0
2915,100,0,64,ptr,getelementptr,pointer,0
2916,100,1,64,ptr,getelementptr,pointer,0
2917,100,2,64,ptr,getelementptr,pointer,0
2918,100,3,64,ptr,getelementptr,pointer,0
2919,100,4,64,ptr,getelementptr,pointer,0
2920,100,5,64,ptr,getelementptr,pointer,0
2921,100,6,64,ptr,getelementptr,pointer,0
2922,100,7,64,ptr,getelementptr,pointer,0
2923,100,8,64,ptr,getelementptr,pointer,0
2924,100,9,64,ptr,getelementptr,pointer,0
2925,100,10,64,ptr,getelementptr,pointer,0
2926,100,11,64,ptr,getelementptr,pointer,0
2927,100,12,64,ptr,getelementptr,pointer,0
2928,100,13,64,ptr,getelementptr,pointer,0
2929,100,14,64,ptr,getelementptr,pointer,0
2930,100,15,64,ptr,getelementptr,pointer,0
2931,100,16,64,ptr,getelementptr,pointer,0
2932,100,17,64,ptr,getelementptr,pointer,0
2933,100,18,64,ptr,getelementptr,pointer,0
2934,100,19,64,ptr,getelementptr,pointer,0
2935,100,20,64,ptr,getelementptr,pointer,0
2936,100,21,64,ptr,getelementptr,pointer,0
2937,100,22,64,ptr,getelementptr,pointer,0
2938,100,23,64,ptr,getelementptr,pointer,0
2939,100,24,64,ptr,getelementptr,pointer,0
2940,100,25,64,ptr,getelementptr,pointer,0
2941,100,26,64,ptr,getelementptr,pointer,0
2942,100,27,64,ptr,getelementptr,pointer,0
2943,100,28,64,ptr,getelementptr,pointer,0
2944,100,29,64,ptr,getelementptr,pointer,0
2945,100,30,64,ptr,getelementptr,pointer,0
2946,100,31,64,ptr,getelementptr,pointer,0
2947,100,32,64,ptr,getelementptr,pointer,0
2948,100,33,64,ptr,getelementptr,pointer,0
2949,100,34,64,ptr,getelementptr,pointer,0
2950,100,35,64,ptr,getelementptr,pointer,0
2951,100,36,64,ptr,getelementptr,pointer,0
2952,100,37,64,ptr,getelementptr,pointer,0
2953,100,38,64,ptr,getelementptr,pointer,0
2954,100,39,64,ptr,getelementptr,pointer,0
2955,100,40,64,ptr,getelementptr,pointer,0
2956,100,41,64,ptr,getelementptr,pointer,0
2957,100,42,64,ptr,getelementptr,pointer,0
2958,100,43,64,ptr,getelementptr,pointer,0
2959,100,44,64,ptr,getelementptr,pointer,0
2960,100,45,64,ptr,getelementptr,pointer,0
2961,100,46,64,ptr,getelementptr,pointer,0
2962,100,47,64,ptr,getelementptr,pointer,0
2963,100,48,64,ptr,getelementptr,pointer,0
2964,100,49,64,ptr,getelementptr,pointer,0
2965,100,50,64,ptr,getelementptr,pointer,0
2966,100,51,64,ptr,getelementptr,pointer,0
2967,100,52,64,ptr,getelementptr,pointer,0
2968,100,53,64,ptr,getelementptr,pointer,0
2969,100,54,64,ptr,getelementptr,pointer,0
2970,100,55,64,ptr,getelementptr,pointer,0
2971,100,56,64,ptr,getelementptr,pointer,0
2972,100,57,64,ptr,getelementptr,pointer,0
2973,100,58,64,ptr,getelementptr,pointer,0
2974,100,59,64,ptr,getelementptr,pointer,0
2975,100,60,64,ptr,getelementptr,pointer,0
2976,100,61,64,ptr,getelementptr,pointer,0
2977,100,62,64,ptr,getelementptr,pointer,0
2978,100,63,64,ptr,getelementptr,pointer,0
2979,101,0,32,int,load,base,-1
2980,101,1,32,int,load,base,-1
2981,101,2,32,int,load,base,-1
2982,101,3,32,int,load,base,-1
2983,101,4,32,int,load,base,-1
2984,101,5,32,int,load,base,-1
2985,101,6,32,int,load,base,-1
2986,101,7,32,int,load,base,-1
2987,101,8,32,int,load,base,-1
2988,101,9,32,int,load,base,-1
2989,101,10,32,int,load,base,-1
2990,101,11,32,int,load,base,-1
2991,101,12,32,int,load,base,-1
2992,101,13,32,int,load,base,-1
2993,101,14,32,int,load,base,-1
2994,101,15,32,int,load,base,-1
2995,101,16,32,int,load,base,-1
2996,101,17,32,int,load,base,-1
2997,101,18,32,int,load,base,-1
2998,101,19,32,int,load,base,-1
2999,101,20,32,int,load,base,-1
3000,101,21,32,int,load,base,-1
3001,101,22,32,int,load,base,-1
3002,101,23,32,int,load,base,-1
3003,101,24,32,int,load,base,-1
3004,101,25,32,int,load,base,-1
3005,101,26,32,int,load,base,-1
3006,101,27,32,int,load,base,-1
3007,101,28,32,int,load,base,-1
3008,101,29,32,int,load,base,-1
3009,101,30,32,int,load,base,-1
3010,101,31,32,int,load,base,-1
3011,102,0,64,ptr,load,pointer,0
3012,102,1,64,ptr,load,pointer,0
3013,102,2,64,ptr,load,pointer,0
3014,102,3,64,ptr,load,pointer,0
3015,102,4,64,ptr,load,pointer,0
3016,102,5,64,ptr,load,pointer,0
3017,102,6,64,ptr,load,pointer,0
3018,102,7,64,ptr,load,pointer,0
3019,102,8,64,ptr,load,pointer,0
3020,102,9,64,ptr,load,pointer,0
3021,102,10,64,ptr,load,pointer,0
3022,102,11,64,ptr,load,pointer,0
3023,102,12,64,ptr,load,pointer,0
3024,102,13,64,ptr,load,pointer,0
3025,102,14,64,ptr,load,pointer,0
3026,102,15,64,ptr,load,pointer,0
3027,102,16,64,ptr,load,pointer,0
3028,102,17,64,ptr,load,pointer,0
3029,102,18,64,ptr,load,pointer,0
3030,102,19,64,ptr,load,pointer,0
3031,102,20,64,ptr,load,pointer,0
3032,102,21,64,ptr,load,pointer,0
3033,102,22,64,ptr,load,pointer,0
3034,102,23,64,ptr,load,pointer,0
3035,102,24,64,ptr,load,pointer,0
3036,102,25,64,ptr,load,pointer,0
3037,102,26,64,ptr,load,pointer,0
3038,102,27,64,ptr,load,pointer,0
3039,102,28,64,ptr,load,pointer,0
3040,102,29,64,ptr,load,pointer,0
3041,102,30,64,ptr,load,pointer,0
3042,102,31,64,ptr,load,pointer,0
3043,102,32,64,ptr,load,pointer,0
3044,102,33,64,ptr,load,pointer,0
3045,102,34,64,ptr,load,pointer,0
3046,102,35,64,ptr,load,pointer,0
3047,102,36,64,ptr,load,pointer,0
3048,102,37,64,ptr,load,pointer,0
3049,102,38,64,ptr,load,pointer,0
3050,102,39,64,ptr,load,pointer,0
3051,102,40,64,ptr,load,pointer,0
3052,102,41,64,ptr,load,pointer,0
3053,102,42,64,ptr,load,pointer,0
3054,102,43,64,ptr,load,pointer,0
3055,102,44,64,ptr,load,pointer,0
3056,102,45,64,ptr,load,pointer,0
3057,102,46,64,ptr,load,pointer,0
3058,102,47,64,ptr,load,pointer,0
3059,102,48,64,ptr,load,pointer,0
3060,102,49,64,ptr,load,pointer,0
3061,102,50,64,ptr,load,pointer,0
3062,102,51,64,ptr,load,pointer,0
3063,102,52,64,ptr,load,pointer,0
3064,102,53,64,ptr,load,pointer,0
3065,102,54,64,ptr,load,pointer,0
3066,102,55,64,ptr,load,pointer,0
3067,102,56,64,ptr,load,pointer,0
3068,102,57,64,ptr,load,pointer,0
3069,102,58,64,ptr,load,pointer,0
3070,102,59,64,ptr,load,pointer,0
3071,102,60,64,ptr,load,pointer,0
3072,102,61,64,ptr,load,pointer,0
3073,102,62,64,ptr,load,pointer,0
3074,102,63,64,ptr,load,pointer,0
3075,103,0,32,int,sub,base,-1
3076,103,1,32,int,sub,base,-1
3077,103,2,32,int,sub,base,-1
3078,103,3,32,int,sub,base,-1
3079,103,4,32,int,sub,base,-1
3080,103,5,32,int,sub,base,-1
3081,103,6,32,int,sub,base,-1
3082,103,7,32,int,sub,base,-1
3083,103,8,32,int,sub,base,-1
3084,103,9,32,int,sub,base,-1
3085,103,10,32,int,sub,base,-1
3086,103,11,32,int,sub,base,-1
3087,103,12,32,int,sub,base,-1
3088,103,13,32,int,sub,base,-1
3089,103,14,32,int,sub,base,-1
3090,103,15,32,int,sub,base,-1
3091,103,16,32,int,sub,base,-1
3092,103,17,32,int,sub,base,-1
3093,103,18,32,int,sub,base,-1
3094,103,19,32,int,sub,base,-1
3095,103,20,32,int,sub,base,-1
3096,103,21,32,int,sub,base,-1
3097,103,22,32,int,sub,base,-1
3098,103,23,32,int,sub,base,-1
3099,103,24,32,int,sub,base,-1
3100,103,25,32,int,sub,base,-1
3101,103,26,32,int,sub,base,-1
3102,103,27,32,int,sub,base,-1
3103,103,28,32,int,sub,base,-1
3104,103,29,32,int,sub,base,-1
3105,103,30,32,int,sub,base,-1
3106,103,31,32,int,sub,base,-1
3107,104,0,32,int,sub,operand,0
3108,104,1,32,int,sub,operand,0
3109,104,2,32,int,sub,operand,0
3110,104,3,32,int,sub,operand,0
3111,104,4,32,int,sub,operand,0
3112,104,5,32,int,sub,operand,0
3113,104,6,32,int,sub,operand,0
3114,104,7,32,int,sub,operand,0
3115,104,8,32,int,sub,operand,0
3116,104,9,32,int,sub,operand,0
3117,104,10,32,int,sub,operand,0
3118,104,11,32,int,sub,operand,0
3119,104,12,32,int,sub,operand,0
3120,104,13,32,int,sub,operand,0
3121,104,14,32,int,sub,operand,0
3122,104,15,32,int,sub,operand,0
3123,104,16,32,int,sub,operand,0
3124,104,17,32,int,sub,operand,0
3125,104,18,32,int,sub,operand,0
3126,104,19,32,int,sub,operand,0
3127,104,20,32,int,sub,operand,0
3128,104,21,32,int,sub,operand,0
3129,104,22,32,int,sub,operand,0
3130,104,23,32,int,sub,operand,0
3131,104,24,32,int,sub,operand,0
3132,104,25,32,int,sub,operand,0
3133,104,26,32,int,sub,operand,0
3134,104,27,32,int,sub,operand,0
3135,104,28,32,int,sub,operand,0
3136,104,29,32,int,sub,operand,0
3137,104,30,32,int,sub,operand,0
3138,104,31,32,int,sub,operand,0
3139,105,0,32,int,load,base,-1
3140,105,1,32,int,load,base,-1
3141,105,2,32,int,load,base,-1
3142,105,3,32,int,load,base,-1
3143,105,4,32,int,load,base,-1
3144,105,5,32,int,load,base,-1
3145,105,6,32,int,load,base,-1
3146,105,7,32,int,load,base,-1
3147,105,8,32,int,load,base,-1
3148,105,9,32,int,load,base,-1
3149,105,10,32,int,load,base,-1
3150,105,11,32,int,load,base,-1
3151,105,12,32,int,load,base,-1
3152,105,13,32,int,load,base,-1
3153,105,14,32,int,load,base,-1
3154,105,15,32,int,load,base,-1
3155,105,16,32,int,load,base,-1
3156,105,17,32,int,load,base,-1
3157,105,18,32,int,load,base,-1
3158,105,19,32,int,load,base,-1
3159,105,20,32,int,load,base,-1
3160,105,21,32,int,load,base,-1
3161,105,22,32,int,load,base,-1
3162,105,23,32,int,load,base,-1
3163,105,24,32,int,load,base,-1
3164,105,25,32,int,load,base,-1
3165,105,26,32,int,load,base,-1
3166,105,27,32,int,load,base,-1
3167,105,28,32,int,load,base,-1
3168,105,29,32,int,load,base,-1
3169,105,30,32,int,load,base,-1
3170,105,31,32,int,load,base,-1
3171,106,0,64,ptr,load,pointer,0
3172,106,1,64,ptr,load,pointer,0
3173,106,2,64,ptr,load,pointer,0
3174,106,3,64,ptr,load,pointer,0
3175,106,4,64,ptr,load,pointer,0
3176,106,5,64,ptr,load,pointer,0
3177,106,6,64,ptr,load,pointer,0
3178,106,7,64,ptr,load,pointer,0
3179,106,8,64,ptr,load,pointer,0
3180,106,9,64,ptr,load,pointer,0
3181,106,10,64,ptr,load,pointer,0
3182,106,11,64,ptr,load,pointer,0
3183,106,12,64,ptr,load,pointer,0
3184,106,13,64,ptr,load,pointer,0
3185,106,14,64,ptr,load,pointer,0
3186,106,15,64,ptr,load,pointer,0
3187,106,16,64,ptr,load,pointer,0
3188,106,17,64,ptr,load,pointer,0
3189,106,18,64,ptr,load,pointer,0
3190,106,19,64,ptr,load,pointer,0
3191,106,20,64,ptr,load,pointer,0
3192,106,21,64,ptr,load,pointer,0
3193,106,22,64,ptr,load,pointer,0
3194,106,23,64,ptr,load,pointer,0
3195,106,24,64,ptr,load,pointer,0
3196,106,25,64,ptr,load,pointer,0
3197,106,26,64,ptr,load,pointer,0
3198,106,27,64,ptr,load,pointer,0
3199,106,28,64,ptr,load,pointer,0
3200,106,29,64,ptr,load,pointer,0
3201,106,30,64,ptr,load,pointer,0
3202,106,31,64,ptr,load,pointer,0
3203,106,32,64,ptr,load,pointer,0
3204,106,33,64,ptr,load,pointer,0
3205,106,34,64,ptr,load,pointer,0
3206,106,35,64,ptr,load,pointer,0
3207,106,36,64,ptr,load,pointer,0
3208,106,37,64,ptr,load,pointer,0
3209,106,38,64,ptr,load,pointer,0
3210,106,39,64,ptr,load,pointer,0
3211,106,40,64,ptr,load,pointer,0
3212,106,41,64,ptr,load,pointer,0
3213,106,42,64,ptr,load,pointer,0
3214,106,43,64,ptr,load,pointer,0
3215,106,44,64,ptr,load,pointer,0
3216,106,45,64,ptr,load,pointer,0
3217,106,46,64,ptr,load,pointer,0
3218,106,47,64,ptr,load,pointer,0
3219,106,48,64,ptr,load,pointer,0
3220,106,49,64,ptr,load,pointer,0
3221,106,50,64,ptr,load,pointer,0
3222,106,51,64,ptr,load,pointer,0
3223,106,52,64,ptr,load,pointer,0
3224,106,53,64,ptr,load,pointer,0
3225,106,54,64,ptr,load,pointer,0
3226,106,55,64,ptr,load,pointer,0
3227,106,56,64,ptr,load,pointer,0
3228,106,57,64,ptr,load,pointer,0
3229,106,58,64,ptr,load,pointer,0
3230,106,59,64,ptr,load,pointer,0
3231,106,60,64,ptr,load,pointer,0
3232,106,61,64,ptr,load,pointer,0
3233,106,62,64,ptr,load,pointer,0
3234,106,63,64,ptr,load,pointer,0
3235,107,0,32,int,sub,base,-1
3236,107,1,32,int,sub,base,-1
3237,107,2,32,int,sub,base,-1
3238,107,3,32,int,sub,base,-1
3239,107,4,32,int,sub,base,-1
3240,107,5,32,int,sub,base,-1
3241,107,6,32,int,sub,base,-1
3242,107,7,32,int,sub,base,-1
3243,107,8,32,int,sub,base,-1
3244,107,9,32,int,sub,base,-1
3245,107,10,32,int,sub,base,-1
3246,107,11,32,int,sub,base,-1
3247,107,12,32,int,sub,base,-1
3248,107,13,32,int,sub,base,-1
3249,107,14,32,int,sub,base,-1
3250,107,15,32,int,sub,base,-1
3251,107,16,32,int,sub,base,-1
3252,107,17,32,int,sub,base,-1
3253,107,18,32,int,sub,base,-1
3254,107,19,32,int,sub,base,-1
3255,107,20,32,int,sub,base,-1
3256,107,21,32,int,sub,base,-1
3257,107,22,32,int,sub,base,-1
3258,107,23,32,int,sub,base,-1
3259,107,24,32,int,sub,base,-1
3260,107,25,32,int,sub,base,-1
3261,107,26,32,int,sub,base,-1
3262,107,27,32,int,sub,base,-1
3263,107,28,32,int,sub,base,-1
3264,107,29,32,int,sub,base,-1
3265,107,30,32,int,sub,base,-1
3266,107,31,32,int,sub,base,-1
3267,108,0,32,int,sub,operand,0
3268,108,1,32,int,sub,operand,0
3269,108,2,32,int,sub,operand,0
3270,108,3,32,int,sub,operand,0
3271,108,4,32,int,sub,operand,0
3272,108,5,32,int,sub,operand,0
3273,108,6,32,int,sub,operand,0
3274,108,7,32,int,sub,operand,0
3275,108,8,32,int,sub,operand,0
3276,108,9,32,int,sub,operand,0
3277,108,10,32,int,sub,operand,0
3278,108,11,32,int,sub,operand,0
3279,108,12,32,int,sub,operand,0
3280,108,13,32,int,sub,operand,0
3281,108,14,32,int,sub,operand,0
3282,108,15,32,int,sub,operand,0
3283,108,16,32,int,sub,operand,0
3284,108,17,32,int,sub,operand,0
3285,108,18,32,int,sub,operand,0
3286,108,19,32,int,sub,operand,0
3287,108,20,32,int,sub,operand,0
3288,108,21,32,int,sub,operand,0
3289,108,22,32,int,sub,operand,0
3290,108,23,32,int,sub,operand,0
3291,108,24,32,int,sub,operand,0
3292,108,25,32,int,sub,operand,0
3293,108,26,32,int,sub,operand,0
3294,108,27,32,int,sub,operand,0
3295,108,28,32,int,sub,operand,0
3296,108,29,32,int,sub,operand,0
3297,108,30,32,int,sub,operand,0
3298,108,31,32,int,sub,operand,0
3299,109,0,32,int,sub,operand,1
3300,109,1,32,int,sub,operand,1
3301,109,2,32,int,sub,operand,1
3302,109,3,32,int,sub,operand,1
3303,109,4,32,int,sub,operand,1
3304,109,5,32,int,sub,operand,1
3305,109,6,32,int,sub,operand,1
3306,109,7,32,int,sub,operand,1
3307,109,8,32,int,sub,operand,1
3308,109,9,32,int,sub,operand,1
3309,109,10,32,int,sub,operand,1
3310,109,11,32,int,sub,operand,1
3311,109,12,32,int,sub,operand,1
3312,109,13,32,int,sub,operand,1
3313,109,14,32,int,sub,operand,1
3314,109,15,32,int,sub,operand,1
3315,109,16,32,int,sub,operand,1
3316,109,17,32,int,sub,operand,1
3317,109,18,32,int,sub,operand,1
3318,109,19,32,int,sub,operand,1
3319,109,20,32,int,sub,operand,1
3320,109,21,32,int,sub,operand,1
3321,109,22,32,int,sub,operand,1
3322,109,23,32,int,sub,operand,1
3323,109,24,32,int,sub,operand,1
3324,109,25,32,int,sub,operand,1
3325,109,26,32,int,sub,operand,1
3326,109,27,32,int,sub,operand,1
3327,109,28,32,int,sub,operand,1
3328,109,29,32,int,sub,operand,1
3329,109,30,32,int,sub,operand,1
3330,109,31,32,int,sub,operand,1
3331,110,0,32,int,load,base,-1
3332,110,1,32,int,load,base,-1
3333,110,2,32,int,load,base,-1
3334,110,3,32,int,load,base,-1
3335,110,4,32,int,load,base,-1
3336,110,5,32,int,load,base,-1
3337,110,6,32,int,load,base,-1
3338,110,7,32,int,load,base,-1
3339,110,8,32,int,load,base,-1
3340,110,9,32,int,load,base,-1
3341,110,10,32,int,load,base,-1
3342,110,11,32,int,load,base,-1
3343,110,12,32,int,load,base,-1
3344,110,13,32,int,load,base,-1
3345,110,14,32,int,load,base,-1
3346,110,15,32,int,load,base,-1
3347,110,16,32,int,load,base,-1
3348,110,17,32,int,load,base,-1
3349,110,18,32,int,load,base,-1
3350,110,19,32,int,load,base,-1
3351,110,20,32,int,load,base,-1
3352,110,21,32,int,load,base,-1
3353,110,22,32,int,load,base,-1
3354,110,23,32,int,load,base,-1
3355,110,24,32,int,load,base,-1
3356,110,25,32,int,load,base,-1
3357,110,26,32,int,load,base,-1
3358,110,27,32,int,load,base,-1
3359,110,28,32,int,load,base,-1
3360,110,29,32,int,load,base,-1
3361,110,30,32,int,load,base,-1
3362,110,31,32,int,load,base,-1
3363,111,0,64,ptr,load,pointer,0
3364,111,1,64,ptr,load,pointer,0
3365,111,2,64,ptr,load,pointer,0
3366,111,3,64,ptr,load,pointer,0
3367,111,4,64,ptr,load,pointer,0
3368,111,5,64,ptr,load,pointer,0
3369,111,6,64,ptr,load,pointer,0
3370,111,7,64,ptr,load,pointer,0
3371,111,8,64,ptr,load,pointer,0
3372,111,9,64,ptr,load,pointer,0
3373,111,10,64,ptr,load,pointer,0
3374,111,11,64,ptr,load,pointer,0
3375,111,12,64,ptr,load,pointer,0
3376,111,13,64,ptr,load,pointer,0
3377,111,14,64,ptr,load,pointer,0
3378,111,15,64,ptr,load,pointer,0
3379,111,16,64,ptr,load,pointer,0
3380,111,17,64,ptr,load,pointer,0
3381,111,18,64,ptr,load,pointer,0
3382,111,19,64,ptr,load,pointer,0
3383,111,20,64,ptr,load,pointer,0
3384,111,21,64,ptr,load,pointer,0
3385,111,22,64,ptr,load,pointer,0
3386,111,23,64,ptr,load,pointer,0
3387,111,24,64,ptr,load,pointer,0
3388,111,25,64,ptr,load,pointer,0
3389,111,26,64,ptr,load,pointer,0
3390,111,27,64,ptr,load,pointer,0
3391,111,28,64,ptr,load,pointer,0
3392,111,29,64,ptr,load,pointer,0
3393,111,30,64,ptr,load,pointer,0
3394,111,31,64,ptr,load,pointer,0
3395,111,32,64,ptr,load,pointer,0
3396,111,33,64,ptr,load,pointer,0
3397,111,34,64,ptr,load,pointer,0
3398,111,35,64,ptr,load,pointer,0
3399,111,36,64,ptr,load,pointer,0
3400,111,37,64,ptr,load,pointer,0
3401,111,38,64,ptr,load,pointer,0
3402,111,39,64,ptr,load,pointer,0
3403,111,40,64,ptr,load,pointer,0
3404,111,41,64,ptr,load,pointer,0
3405,111,42,64,ptr,load,pointer,0
3406,111,43,64,ptr,load,pointer,0
3407,111,44,64,ptr,load,pointer,0
3408,111,45,64,ptr,load,pointer,0
3409,111,46,64,ptr,load,pointer,0
3410,111,47,64,ptr,load,pointer,0
3411,111,48,64,ptr,load,pointer,0
3412,111,49,64,ptr,load,pointer,0
3413,111,50,64,ptr,load,pointer,0
3414,111,51,64,ptr,load,pointer,0
3415,111,52,64,ptr,load,pointer,0
3416,111,53,64,ptr,load,pointer,0
3417,111,54,64,ptr,load,pointer,0
3418,111,55,64,ptr,load,pointer,0
3419,111,56,64,ptr,load,pointer,0
3420,111,57,64,ptr,load,pointer,0
3421,111,58,64,ptr,load,pointer,0
3422,111,59,64,ptr,load,pointer,0
3423,111,60,64,ptr,load,pointer,0
3424,111,61,64,ptr,load,pointer,0
3425,111,62,64,ptr,load,pointer,0
3426,111,63,64,ptr,load,pointer,0
3427,112,0,32,int,load,base,-1
3428,112,1,32,int,load,base,-1
3429,112,2,32,int,load,base,-1
3430,112,3,32,int,load,base,-1
3431,112,4,32,int,load,base,-1
3432,112,5,32,int,load,base,-1
3433,112,6,32,int,load,base,-1
3434,112,7,32,int,load,base,-1
3435,112,8,32,int,load,base,-1
3436,112,9,32,int,load,base,-1
3437,112,10,32,int,load,base,-1
3438,112,11,32,int,load,base,-1
3439,112,12,32,int,load,base,-1
3440,112,13,32,int,load,base,-1
3441,112,14,32,int,load,base,-1
3442,112,15,32,int,load,base,-1
3443,112,16,32,int,load,base,-1
3444,112,17,32,int,load,base,-1
3445,112,18,32,int,load,base,-1
3446,112,19,32,int,load,base,-1
3447,112,20,32,int,load,base,-1
3448,112,21,32,int,load,base,-1
3449,112,22,32,int,load,base,-1
3450,112,23,32,int,load,base,-1
3451,112,24,32,int,load,base,-1
3452,112,25,32,int,load,base,-1
3453,112,26,32,int,load,base,-1
3454,112,27,32,int,load,base,-1
3455,112,28,32,int,load,base,-1
3456,112,29,32,int,load,base,-1
3457,112,30,32,int,load,base,-1
3458,112,31,32,int,load,base,-1
3459,113,0,64,ptr,load,pointer,0
3460,113,1,64,ptr,load,pointer,0
3461,113,2,64,ptr,load,pointer,0
3462,113,3,64,ptr,load,pointer,0
3463,113,4,64,ptr,load,pointer,0
3464,113,5,64,ptr,load,pointer,0
3465,113,6,64,ptr,load,pointer,0
3466,113,7,64,ptr,load,pointer,0
3467,113,8,64,ptr,load,pointer,0
3468,113,9,64,ptr,load,pointer,0
3469,113,10,64,ptr,load,pointer,0
3470,113,11,64,ptr,load,pointer,0
3471,113,12,64,ptr,load,pointer,0
3472,113,13,64,ptr,load,pointer,0
3473,113,14,64,ptr,load,pointer,0
3474,113,15,64,ptr,load,pointer,0
3475,113,16,64,ptr,load,pointer,0
3476,113,17,64,ptr,load,pointer,0
3477,113,18,64,ptr,load,pointer,0
3478,113,19,64,ptr,load,pointer,0
3479,113,20,64,ptr,load,pointer,0
3480,113,21,64,ptr,load,pointer,0
3481,113,22,64,ptr,load,pointer,0
3482,113,23,64,ptr,load,pointer,0
3483,113,24,64,ptr,load,pointer,0
3484,113,25,64,ptr,load,pointer,0
3485,113,26,64,ptr,load,pointer,0
3486,113,27,64,ptr,load,pointer,0
3487,113,28,64,ptr,load,pointer,0
3488,113,29,64,ptr,load,pointer,0
3489,113,30,64,ptr,load,pointer,0
3490,113,31,64,ptr,load,pointer,0
3491,113,32,64,ptr,load,pointer,0
3492,113,33,64,ptr,load,pointer,0
3493,113,34,64,ptr,load,pointer,0
3494,113,35,64,ptr,load,pointer,0
3495,113,36,64,ptr,load,pointer,0
3496,113,37,64,ptr,load,pointer,0
3497,113,38,64,ptr,load,pointer,0
3498,113,39,64,ptr,load,pointer,0
3499,113,40,64,ptr,load,pointer,0
3500,113,41,64,ptr,load,pointer,0
3501,113,42,64,ptr,load,pointer,0
3502,113,43,64,ptr,load,pointer,0
3503,113,44,64,ptr,load,pointer,0
3504,113,45,64,ptr,load,pointer,0
3505,113,46,64,ptr,load,pointer,0
3506,113,47,64,ptr,load,pointer,0
3507,113,48,64,ptr,load,pointer,0
3508,113,49,64,ptr,load,pointer,0
3509,113,50,64,ptr,load,pointer,0
3510,113,51,64,ptr,load,pointer,0
3511,113,52,64,ptr,load,pointer,0
3512,113,53,64,ptr,load,pointer,0
3513,113,54,64,ptr,load,pointer,0
3514,113,55,64,ptr,load,pointer,0
3515,113,56,64,ptr,load,pointer,0
3516,113,57,64,ptr,load,pointer,0
3517,113,58,64,ptr,load,pointer,0
3518,113,59,64,ptr,load,pointer,0
3519,113,60,64,ptr,load,pointer,0
3520,113,61,64,ptr,load,pointer,0
3521,113,62,64,ptr,load,pointer,0
3522,113,63,64,ptr,load,pointer,0
3523,114,0,32,int,load,base,-1
3524,114,1,32,int,load,base,-1
3525,114,2,32,int,load,base,-1
3526,114,3,32,int,load,base,-1
3527,114,4,32,int,load,base,-1
3528,114,5,32,int,load,base,-1
3529,114,6,32,int,load,base,-1
3530,114,7,32,int,load,base,-1
3531,114,8,32,int,load,base,-1
3532,114,9,32,int,load,base,-1
3533,114,10,32,int,load,base,-1
3534,114,11,32,int,load,base,-1
3535,114,12,32,int,load,base,-1
3536,114,13,32,int,load,base,-1
3537,114,14,32,int,load,base,-1
3538,114,15,32,int,load,base,-1
3539,114,16,32,int,load,base,-1
3540,114,17,32,int,load,base,-1
3541,114,18,32,int,load,base,-1
3542,114,19,32,int,load,base,-1
3543,114,20,32,int,load,base,-1
3544,114,21,32,int,load,base,-1
3545,114,22,32,int,load,base,-1
3546,114,23,32,int,load,base,-1
3547,114,24,32,int,load,base,-1
3548,114,25,32,int,load,base,-1
3549,114,26,32,int,load,base,-1
3550,114,27,32,int,load,base,-1
3551,114,28,32,int,load,base,-1
3552,114,29,32,int,load,base,-1
3553,114,30,32,int,load,base,-1
3554,114,31,32,int,load,base,-1
3555,115,0,64,ptr,load,pointer,0
3556,115,1,64,ptr,load,pointer,0
3557,115,2,64,ptr,load,pointer,0
3558,115,3,64,ptr,load,pointer,0
3559,115,4,64,ptr,load,pointer,0
3560,115,5,64,ptr,load,pointer,0
3561,115,6,64,ptr,load,pointer,0
3562,115,7,64,ptr,load,pointer,0
3563,115,8,64,ptr,load,pointer,0
3564,115,9,64,ptr,load,pointer,0
3565,115,10,64,ptr,load,pointer,0
3566,115,11,64,ptr,load,pointer,0
3567,115,12,64,ptr,load,pointer,0
3568,115,13,64,ptr,load,pointer,0
3569,115,14,64,ptr,load,pointer,0
3570,115,15,64,ptr,load,pointer,0
3571,115,16,64,ptr,load,pointer,0
3572,115,17,64,ptr,load,pointer,0
3573,115,18,64,ptr,load,pointer,0
3574,115,19,64,ptr,load,pointer,0
3575,115,20,64,ptr,load,pointer,0
3576,115,21,64,ptr,load,pointer,0
3577,115,22,64,ptr,load,pointer,0
3578,115,23,64,ptr,load,pointer,0
3579,115,24,64,ptr,load,pointer,0
3580,115,25,64,ptr,load,pointer,0
3581,115,26,64,ptr,load,pointer,0
3582,115,27,64,ptr,load,pointer,0
3583,115,28,64,ptr,load,pointer,0
3584,115,29,64,ptr,load,pointer,0
3585,115,30,64,ptr,load,pointer,0
3586,115,31,64,ptr,load,pointer,0
3587,115,32,64,ptr,load,pointer,0
3588,115,33,64,ptr,load,pointer,0
3589,115,34,64,ptr,load,pointer,0
3590,115,35,64,ptr,load,pointer,0
3591,115,36,64,ptr,load,pointer,0
3592,115,37,64,ptr,load,pointer,0
3593,115,38,64,ptr,load,pointer,0
3594,115,39,64,ptr,load,pointer,0
3595,115,40,64,ptr,load,pointer,0
3596,115,41,64,ptr,load,pointer,0
3597,115,42,64,ptr,load,pointer,0
3598,115,43,64,ptr,load,pointer,0
3599,115,44,64,ptr,load,pointer,0
3600,115,45,64,ptr,load,pointer,0
3601,115,46,64,ptr,load,pointer,0
3602,115,47,64,ptr,load,pointer,0
3603,115,48,64,ptr,load,pointer,0
3604,115,49,64,ptr,load,pointer,0
3605,115,50,64,ptr,load,pointer,0
3606,115,51,64,ptr,load,pointer,0
3607,115,52,64,ptr,load,pointer,0
3608,115,53,64,ptr,load,pointer,0
3609,115,54,64,ptr,load,pointer,0
3610,115,55,64,ptr,load,pointer,0
3611,115,56,64,ptr,load,pointer,0
3612,115,57,64,ptr,load,pointer,0
3613,115,58,64,ptr,load,pointer,0
3614,115,59,64,ptr,load,pointer,0
3615,115,60,64,ptr,load,pointer,0
3616,115,61,64,ptr,load,pointer,0
3617,115,62,64,ptr,load,pointer,0
3618,115,63,64,ptr,load,pointer,0
3619,116,0,1,int,icmp,base,-1
3620,117,0,32,int,icmp,operand,0
3621,117,1,32,int,icmp,operand,0
3622,117,2,32,int,icmp,operand,0
3623,117,3,32,int,icmp,operand,0
3624,117,4,32,int,icmp,operand,0
3625,117,5,32,int,icmp,operand,0
3626,117,6,32,int,icmp,operand,0
3627,117,7,32,int,icmp,operand,0
3628,117,8,32,int,icmp,operand,0
3629,117,9,32,int,icmp,operand,0
3630,117,10,32,int,icmp,operand,0
3631,117,11,32,int,icmp,operand,0
3632,117,12,32,int,icmp,operand,0
3633,117,13,32,int,icmp,operand,0
3634,117,14,32,int,icmp,operand,0
3635,117,15,32,int,icmp,operand,0
3636,117,16,32,int,icmp,operand,0
3637,117,17,32,int,icmp,operand,0
3638,117,18,32,int,icmp,operand,0
3639,117,19,32,int,icmp,operand,0
3640,117,20,32,int,icmp,operand,0
3641,117,21,32,int,icmp,operand,0
3642,117,22,32,int,icmp,operand,0
3643,117,23,32,int,icmp,operand,0
3644,117,24,32,int,icmp,operand,0
3645,117,25,32,int,icmp,operand,0
3646,117,26,32,int,icmp,operand,0
3647,117,27,32,int,icmp,operand,0
3648,117,28,32,int,icmp,operand,0
3649,117,29,32,int,icmp,operand,0
3650,117,30,32,int,icmp,operand,0
3651,117,31,32,int,icmp,operand,0
3652,118,0,32,int,icmp,operand,1
3653,118,1,32,int,icmp,operand,1
3654,118,2,32,int,icmp,operand,1
3655,118,3,32,int,icmp,operand,1
3656,118,4,32,int,icmp,operand,1
3657,118,5,32,int,icmp,operand,1
3658,118,6,32,int,icmp,operand,1
3659,118,7,32,int,icmp,operand,1
3660,118,8,32,int,icmp,operand,1
3661,118,9,32,int,icmp,operand,1
3662,118,10,32,int,icmp,operand,1
3663,118,11,32,int,icmp,operand,1
3664,118,12,32,int,icmp,operand,1
3665,118,13,32,int,icmp,operand,1
3666,118,14,32,int,icmp,operand,1
3667,118,15,32,int,icmp,operand,1
3668,118,16,32,int,icmp,operand,1
3669,118,17,32,int,icmp,operand,1
3670,118,18,32,int,icmp,operand,1
3671,118,19,32,int,icmp,operand,1
3672,118,20,32,int,icmp,operand,1
3673,118,21,32,int,icmp,operand,1
3674,118,22,32,int,icmp,operand,1
3675,118,23,32,int,icmp,operand,1
3676,118,24,32,int,icmp,operand,1
3677,118,25,32,int,icmp,operand,1
3678,118,26,32,int,icmp,operand,1
3679,118,27,32,int,icmp,operand,1
3680,118,28,32,int,icmp,operand,1
3681,118,29,32,int,icmp,operand,1
3682,118,30,32,int,icmp,operand,1
3683,118,31,32,int,icmp,operand,1
3684,119,0,32,int,load,base,-1
3685,119,1,32,int,load,base,-1
3686,119,2,32,int,load,base,-1
3687,119,3,32,int,load,base,-1
3688,119,4,32,int,load,base,-1
3689,119,5,32,int,load,base,-1
3690,119,6,32,int,load,base,-1
3691,119,7,32,int,load,base,-1
3692,119,8,32,int,load,base,-1
3693,119,9,32,int,load,base,-1
3694,119,10,32,int,load,base,-1
3695,119,11,32,int,load,base,-1
3696,119,12,32,int,load,base,-1
3697,119,13,32,int,load,base,-1
3698,119,14,32,int,load,base,-1
3699,119,15,32,int,load,base,-1
3700,119,16,32,int,load,base,-1
3701,119,17,32,int,load,base,-1
3702,119,18,32,int,load,base,-1
3703,119,19,32,int,load,base,-1
3704,119,20,32,int,load,base,-1
3705,119,21,32,int,load,base,-1
3706,119,22,32,int,load,base,-1
3707,119,23,32,int,load,base,-1
3708,119,24,32,int,load,base,-1
3709,119,25,32,int,load,base,-1
3710,119,26,32,int,load,base,-1
3711,119,27,32,int,load,base,-1
3712,119,28,32,int,load,base,-1
3713,119,29,32,int,load,base,-1
3714,119,30,32,int,load,base,-1
3715,119,31,32,int,load,base,-1
3716,120,0,64,ptr,load,pointer,0
3717,120,1,64,ptr,load,pointer,0
3718,120,2,64,ptr,load,pointer,0
3719,120,3,64,ptr,load,pointer,0
3720,120,4,64,ptr,load,pointer,0
3721,120,5,64,ptr,load,pointer,0
3722,120,6,64,ptr,load,pointer,0
3723,120,7,64,ptr,load,pointer,0
3724,120,8,64,ptr,load,pointer,0
3725,120,9,64,ptr,load,pointer,0
3726,120,10,64,ptr,load,pointer,0
3727,120,11,64,ptr,load,pointer,0
3728,120,12,64,ptr,load,pointer,0
3729,120,13,64,ptr,load,pointer,0
3730,120,14,64,ptr,load,pointer,0
3731,120,15,64,ptr,load,pointer,0
3732,120,16,64,ptr,load,pointer,0
3733,120,17,64,ptr,load,pointer,0
3734,120,18,64,ptr,load,pointer,0
3735,120,19,64,ptr,load,pointer,0
3736,120,20,64,ptr,load,pointer,0
3737,120,21,64,ptr,load,pointer,0
3738,120,22,64,ptr,load,pointer,0
3739,120,23,64,ptr,load,pointer,0
3740,120,24,64,ptr,load,pointer,0
3741,120,25,64,ptr,load,pointer,0
3742,120,26,64,ptr,load,pointer,0
3743,120,27,64,ptr,load,pointer,0
3744,120,28,64,ptr,load,pointer,0
3745,120,29,64,ptr,load,pointer,0
3746,120,30,64,ptr,load,pointer,0
3747,120,31,64,ptr,load,pointer,0
3748,120,32,64,ptr,load,pointer,0
3749,120,33,64,ptr,load,pointer,0
3750,120,34,64,ptr,load,pointer,0
3751,120,35,64,ptr,load,pointer,0
3752,120,36,64,ptr,load,pointer,0
3753,120,37,64,ptr,load,pointer,0
3754,120,38,64,ptr,load,pointer,0
3755,120,39,64,ptr,load,pointer,0
3756,120,40,64,ptr,load,pointer,0
3757,120,41,64,ptr,load,pointer,0
3758,120,42,64,ptr,load,pointer,0
3759,120,43,64,ptr,load,pointer,0
3760,120,44,64,ptr,load,pointer,0
3761,120,45,64,ptr,load,pointer,0
3762,120,46,64,ptr,load,pointer,0
3763,120,47,64,ptr,load,pointer,0
3764,120,48,64,ptr,load,pointer,0
3765,120,49,64,ptr,load,pointer,0
3766,120,50,64,ptr,load,pointer,0
3767,120,51,64,ptr,load,pointer,0
3768,120,52,64,ptr,load,pointer,0
3769,120,53,64,ptr,load,pointer,0
3770,120,54,64,ptr,load,pointer,0
3771,120,55,64,ptr,load,pointer,0
3772,120,56,64,ptr,load,pointer,0
3773,120,57,64,ptr,load,pointer,0
3774,120,58,64,ptr,load,pointer,0
3775,120,59,64,ptr,load,pointer,0
3776,120,60,64,ptr,load,pointer,0
3777,120,61,64,ptr,load,pointer,0
3778,120,62,64,ptr,load,pointer,0
3779,120,63,64,ptr,load,pointer,0
3780,121,0,32,int,load,base,-1
3781,121,1,32,int,load,base,-1
3782,121,2,32,int,load,base,-1
3783,121,3,32,int,load,base,-1
3784,121,4,32,int,load,base,-1
3785,121,5,32,int,load,base,-1
3786,121,6,32,int,load,base,-1
3787,121,7,32,int,load,base,-1
3788,121,8,32,int,load,base,-1
3789,121,9,32,int,load,base,-1
3790,121,10,32,int,load,base,-1
3791,121,11,32,int,load,base,-1
3792,121,12,32,int,load,base,-1
3793,121,13,32,int,load,base,-1
3794,121,14,32,int,load,base,-1
3795,121,15,32,int,load,base,-1
3796,121,16,32,int,load,base,-1
3797,121,17,32,int,load,base,-1
3798,121,18,32,int,load,base,-1
3799,121,19,32,int,load,base,-1
3800,121,20,32,int,load,base,-1
3801,121,21,32,int,load,base,-1
3802,121,22,32,int,load,base,-1
3803,121,23,32,int,load,base,-1
3804,121,24,32,int,load,base,-1
3805,121,25,32,int,load,base,-1
3806,121,26,32,int,load,base,-1
3807,121,27,32,int,load,base,-1
3808,121,28,32,int,load,base,-1
3809,121,29,32,int,load,base,-1
3810,121,30,32,int,load,base,-1
3811,121,31,32,int,load,base,-1
3812,122,0,64,ptr,load,pointer,0
3813,122,1,64,ptr,load,pointer,0
3814,122,2,64,ptr,load,pointer,0
3815,122,3,64,ptr,load,pointer,0
3816,122,4,64,ptr,load,pointer,0
3817,122,5,64,ptr,load,pointer,0
3818,122,6,64,ptr,load,pointer,0
3819,122,7,64,ptr,load,pointer,0
3820,122,8,64,ptr,load,pointer,0
3821,122,9,64,ptr,load,pointer,0
3822,122,10,64,ptr,load,pointer,0
3823,122,11,64,ptr,load,pointer,0
3824,122,12,64,ptr,load,pointer,0
3825,122,13,64,ptr,load,pointer,0
3826,122,14,64,ptr,load,pointer,0
3827,122,15,64,ptr,load,pointer,0
3828,122,16,64,ptr,load,pointer,0
3829,122,17,64,ptr,load,pointer,0
3830,122,18,64,ptr,load,pointer,0
3831,122,19,64,ptr,load,pointer,0
3832,122,20,64,ptr,load,pointer,0
3833,122,21,64,ptr,load,pointer,0
3834,122,22,64,ptr,load,pointer,0
3835,122,23,64,ptr,load,pointer,0
3836,122,24,64,ptr,load,pointer,0
3837,122,25,64,ptr,load,pointer,0
3838,122,26,64,ptr,load,pointer,0
3839,122,27,64,ptr,load,pointer,0
3840,122,28,64,ptr,load,pointer,0
3841,122,29,64,ptr,load,pointer,0
3842,122,30,64,ptr,load,pointer,0
3843,122,31,64,ptr,load,pointer,0
3844,122,32,64,ptr,load,pointer,0
3845,122,33,64,ptr,load,pointer,0
3846,122,34,64,ptr,load,pointer,0
3847,122,35,64,ptr,load,pointer,0
3848,122,36,64,ptr,load,pointer,0
3849,122,37,64,ptr,load,pointer,0
3850,122,38,64,ptr,load,pointer,0
3851,122,39,64,ptr,load,pointer,0
3852,122,40,64,ptr,load,pointer,0
3853,122,41,64,ptr,load,pointer,0
3854,122,42,64,ptr,load,pointer,0
3855,122,43,64,ptr,load,pointer,0
3856,122,44,64,ptr,load,pointer,0
3857,122,45,64,ptr,load,pointer,0
3858,122,46,64,ptr,load,pointer,0
3859,122,47,64,ptr,load,pointer,0
3860,122,48,64,ptr,load,pointer,0
3861,122,49,64,ptr,load,pointer,0
3862,122,50,64,ptr,load,pointer,0
3863,122,51,64,ptr,load,pointer,0
3864,122,52,64,ptr,load,pointer,0
3865,122,53,64,ptr,load,pointer,0
3866,122,54,64,ptr,load,pointer,0
3867,122,55,64,ptr,load,pointer,0
3868,122,56,64,ptr,load,pointer,0
3869,122,57,64,ptr,load,pointer,0
3870,122,58,64,ptr,load,pointer,0
3871,122,59,64,ptr,load,pointer,0
3872,122,60,64,ptr,load,pointer,0
3873,122,61,64,ptr,load,pointer,0
3874,122,62,64,ptr,load,pointer,0
3875,122,63,64,ptr,load,pointer,0
3876,123,0,32,int,sub,base,-1
3877,123,1,32,int,sub,base,-1
3878,123,2,32,int,sub,base,-1
3879,123,3,32,int,sub,base,-1
3880,123,4,32,int,sub,base,-1
3881,123,5,32,int,sub,base,-1
3882,123,6,32,int,sub,base,-1
3883,123,7,32,int,sub,base,-1
3884,123,8,32,int,sub,base,-1
3885,123,9,32,int,sub,base,-1
3886,123,10,32,int,sub,base,-1
3887,123,11,32,int,sub,base,-1
3888,123,12,32,int,sub,base,-1
3889,123,13,32,int,sub,base,-1
3890,123,14,32,int,sub,base,-1
3891,123,15,32,int,sub,base,-1
3892,123,16,32,int,sub,base,-1
3893,123,17,32,int,sub,base,-1
3894,123,18,32,int,sub,base,-1
3895,123,19,32,int,sub,base,-1
3896,123,20,32,int,sub,base,-1
3897,123,21,32,int,sub,base,-1
3898,123,22,32,int,sub,base,-1
3899,123,23,32,int,sub,base,-1
3900,123,24,32,int,sub,base,-1
3901,123,25,32,int,sub,base,-1
3902,123,26,32,int,sub,base,-1
3903,123,27,32,int,sub,base,-1
3904,123,28,32,int,sub,base,-1
3905,123,29,32,int,sub,base,-1
3906,123,30,32,int,sub,base,-1
3907,123,31,32,int,sub,base,-1
3908,124,0,32,int,sub,operand,0
3909,124,1,32,int,sub,operand,0
3910,124,2,32,int,sub,operand,0
3911,124,3,32,int,sub,operand,0
3912,124,4,32,int,sub,operand,0
3913,124,5,32,int,sub,operand,0
3914,124,6,32,int,sub,operand,0
3915,124,7,32,int,sub,operand,0
3916,124,8,32,int,sub,operand,0
3917,124,9,32,int,sub,operand,0
3918,124,10,32,int,sub,operand,0
3919,124,11,32,int,sub,operand,0
3920,124,12,32,int,sub,operand,0
3921,124,13,32,int,sub,operand,0
3922,124,14,32,int,sub,operand,0
3923,124,15,32,int,sub,operand,0
3924,124,16,32,int,sub,operand,0
3925,124,17,32,int,sub,operand,0
3926,124,18,32,int,sub,operand,0
3927,124,19,32,int,sub,operand,0
3928,124,20,32,int,sub,operand,0
3929,124,21,32,int,sub,operand,0
3930,124,22,32,int,sub,operand,0
3931,124,23,32,int,sub,operand,0
3932,124,24,32,int,sub,operand,0
3933,124,25,32,int,sub,operand,0
3934,124,26,32,int,sub,operand,0
3935,124,27,32,int,sub,operand,0
3936,124,28,32,int,sub,operand,0
3937,124,29,32,int,sub,operand,0
3938,124,30,32,int,sub,operand,0
3939,124,31,32,int,sub,operand,0
3940,125,0,32,int,sub,operand,1
3941,125,1,32,int,sub,operand,1
3942,125,2,32,int,sub,operand,1
3943,125,3,32,int,sub,operand,1
3944,125,4,32,int,sub,operand,1
3945,125,5,32,int,sub,operand,1
3946,125,6,32,int,sub,operand,1
3947,125,7,32,int,sub,operand,1
3948,125,8,32,int,sub,operand,1
3949,125,9,32,int,sub,operand,1
3950,125,10,32,int,sub,operand,1
3951,125,11,32,int,sub,operand,1
3952,125,12,32,int,sub,operand,1
3953,125,13,32,int,sub,operand,1
3954,125,14,32,int,sub,operand,1
3955,125,15,32,int,sub,operand,1
3956,125,16,32,int,sub,operand,1
3957,125,17,32,int,sub,operand,1
3958,125,18,32,int,sub,operand,1
3959,125,19,32,int,sub,operand,1
3960,125,20,32,int,sub,operand,1
3961,125,21,32,int,sub,operand,1
3962,125,22,32,int,sub,operand,1
3963,125,23,32,int,sub,operand,1
3964,125,24,32,int,sub,operand,1
3965,125,25,32,int,sub,operand,1
3966,125,26,32,int,sub,operand,1
3967,125,27,32,int,sub,operand,1
3968,125,28,32,int,sub,operand,1
3969,125,29,32,int,sub,operand,1
3970,125,30,32,int,sub,operand,1
3971,125,31,32,int,sub,operand,1
3972,127,0,64,ptr,getelementptr,pointer,0
3973,127,1,64,ptr,getelementptr,pointer,0
3974,127,2,64,ptr,getelementptr,pointer,0
3975,127,3,64,ptr,getelementptr,pointer,0
3976,127,4,64,ptr,getelementptr,pointer,0
3977,127,5,64,ptr,getelementptr,pointer,0
3978,127,6,64,ptr,getelementptr,pointer,0
3979,127,7,64,ptr,getelementptr,pointer,0
3980,127,8,64,ptr,getelementptr,pointer,0
3981,127,9,64,ptr,getelementptr,pointer,0
3982,127,10,64,ptr,getelementptr,pointer,0
3983,127,11,64,ptr,getelementptr,pointer,0
3984,127,12,64,ptr,getelementptr,pointer,0
3985,127,13,64,ptr,getelementptr,pointer,0
3986,127,14,64,ptr,getelementptr,pointer,0
3987,127,15,64,ptr,getelementptr,pointer,0
3988,127,16,64,ptr,getelementptr,pointer,0
3989,127,17,64,ptr,getelementptr,pointer,0
3990,127,18,64,ptr,getelementptr,pointer,0
3991,127,19,64,ptr,getelementptr,pointer,0
3992,127,20,64,ptr,getelementptr,pointer,0
3993,127,21,64,ptr,getelementptr,pointer,0
3994,127,22,64,ptr,getelementptr,pointer,0
3995,127,23,64,ptr,getelementptr,pointer,0
3996,127,24,64,ptr,getelementptr,pointer,0
3997,127,25,64,ptr,getelementptr,pointer,0
3998,127,26,64,ptr,getelementptr,pointer,0
3999,127,27,64,ptr,getelementptr,pointer,0
4000,127,28,64,ptr,getelementptr,pointer,0
4001,127,29,64,ptr,getelementptr,pointer,0
4002,127,30,64,ptr,getelementptr,pointer,0
4003,127,31,64,ptr,getelementptr,pointer,0
4004,127,32,64,ptr,getelementptr,pointer,0
4005,127,33,64,ptr,getelementptr,pointer,0
4006,127,34,64,ptr,getelementptr,pointer,0
4007,127,35,64,ptr,getelementptr,pointer,0
4008,127,36,64,ptr,getelementptr,pointer,0
4009,127,37,64,ptr,getelementptr,pointer,0
4010,127,38,64,ptr,getelementptr,pointer,0
4011,127,39,64,ptr,getelementptr,pointer,0
4012,127,40,64,ptr,getelementptr,pointer,0
4013,127,41,64,ptr,getelementptr,pointer,0
4014,127,42,64,ptr,getelementptr,pointer,0
4015,127,43,64,ptr,getelementptr,pointer,0
4016,127,44,64,ptr,getelementptr,pointer,0
4017,127,45,64,ptr,getelementptr,pointer,0
4018,127,46,64,ptr,getelementptr,pointer,0
4019,127,47,64,ptr,getelementptr,pointer,0
4020,127,48,64,ptr,getelementptr,pointer,0
4021,127,49,64,ptr,getelementptr,pointer,0
4022,127,50,64,ptr,getelementptr,pointer,0
4023,127,51,64,ptr,getelementptr,pointer,0
4024,127,52,64,ptr,getelementptr,pointer,0
4025,127,53,64,ptr,getelementptr,pointer,0
4026,127,54,64,ptr,getelementptr,pointer,0
4027,127,55,64,ptr,getelementptr,pointer,0
4028,127,56,64,ptr,getelementptr,pointer,0
4029,127,57,64,ptr,getelementptr,pointer,0
4030,127,58,64,ptr,getelementptr,pointer,0
4031,127,59,64,ptr,getelementptr,pointer,0
4032,127,60,64,ptr,getelementptr,pointer,0
4033,127,61,64,ptr,getelementptr,pointer,0
4034,127,62,64,ptr,getelementptr,pointer,0
4035,127,63,64,ptr,getelementptr,pointer,0
4036,129,0,64,ptr,load,pointer,0
4037,129,1,64,ptr,load,pointer,0
4038,129,2,64,ptr,load,pointer,0
4039,129,3,64,ptr,load,pointer,0
4040,129,4,64,ptr,load,pointer,0
4041,129,5,64,ptr,load,pointer,0
4042,129,6,64,ptr,load,pointer,0
4043,129,7,64,ptr,load,pointer,0
4044,129,8,64,ptr,load,pointer,0
4045,129,9,64,ptr,load,pointer,0
4046,129,10,64,ptr,load,pointer,0
4047,129,11,64,ptr,load,pointer,0
4048,129,12,64,ptr,load,pointer,0
4049,129,13,64,ptr,load,pointer,0
4050,129,14,64,ptr,load,pointer,0
4051,129,15,64,ptr,load,pointer,0
4052,129,16,64,ptr,load,pointer,0
4053,129,17,64,ptr,load,pointer,0
4054,129,18,64,ptr,load,pointer,0
4055,129,19,64,ptr,load,pointer,0
4056,129,20,64,ptr,load,pointer,0
4057,129,21,64,ptr,load,pointer,0
4058,129,22,64,ptr,load,pointer,0
4059,129,23,64,ptr,load,pointer,0
4060,129,24,64,ptr,load,pointer,0
4061,129,25,64,ptr,load,pointer,0
4062,129,26,64,ptr,load,pointer,0
4063,129,27,64,ptr,load,pointer,0
4064,129,28,64,ptr,load,pointer,0
4065,129,29,64,ptr,load,pointer,0
4066,129,30,64,ptr,load,pointer,0
4067,129,31,64,ptr,load,pointer,0
4068,129,32,64,ptr,load,pointer,0
4069,129,33,64,ptr,load,pointer,0
4070,129,34,64,ptr,load,pointer,0
4071,129,35,64,ptr,load,pointer,0
4072,129,36,64,ptr,load,pointer,0
4073,129,37,64,ptr,load,pointer,0
4074,129,38,64,ptr,load,pointer,0
4075,129,39,64,ptr,load,pointer,0
4076,129,40,64,ptr,load,pointer,0
4077,129,41,64,ptr,load,pointer,0
4078,129,42,64,ptr,load,pointer,0
4079,129,43,64,ptr,load,pointer,0
4080,129,44,64,ptr,load,pointer,0
4081,129,45,64,ptr,load,pointer,0
4082,129,46,64,ptr,load,pointer,0
4083,129,47,64,ptr,load,pointer,0
4084,129,48,64,ptr,load,pointer,0
4085,129,49,64,ptr,load,pointer,0
4086,129,50,64,ptr,load,pointer,0
4087,129,51,64,ptr,load,pointer,0
4088,129,52,64,ptr,load,pointer,0
4089,129,53,64,ptr,load,pointer,0
4090,129,54,64,ptr,load,pointer,0
4091,129,55,64,ptr,load,pointer,0
4092,129,56,64,ptr,load,pointer,0
4093,129,57,64,ptr,load,pointer,0
4094,129,58,64,ptr,load,pointer,0
4095,129,59,64,ptr,load,pointer,0
4096,129,60,64,ptr,load,pointer,0
4097,129,61,64,ptr,load,pointer,0
4098,129,62,64,ptr,load,pointer,0
4099,129,63,64,ptr,load,pointer,0
4100,130,0,32,int,load,base,-1
4101,130,1,32,int,load,base,-1
4102,130,2,32,int,load,base,-1
4103,130,3,32,int,load,base,-1
4104,130,4,32,int,load,base,-1
4105,130,5,32,int,load,base,-1
4106,130,6,32,int,load,base,-1
4107,130,7,32,int,load,base,-1
4108,130,8,32,int,load,base,-1
4109,130,9,32,int,load,base,-1
4110,130,10,32,int,load,base,-1
4111,130,11,32,int,load,base,-1
4112,130,12,32,int,load,base,-1
4113,130,13,32,int,load,base,-1
4114,130,14,32,int,load,base,-1
4115,130,15,32,int,load,base,-1
4116,130,16,32,int,load,base,-1
4117,130,17,32,int,load,base,-1
4118,130,18,32,int,load,base,-1
4119,130,19,32,int,load,base,-1
4120,130,20,32,int,load,base,-1
4121,130,21,32,int,load,base,-1
4122,130,22,32,int,load,base,-1
4123,130,23,32,int,load,base,-1
4124,130,24,32,int,load,base,-1
4125,130,25,32,int,load,base,-1
4126,130,26,32,int,load,base,-1
4127,130,27,32,int,load,base,-1
4128,130,28,32,int,load,base,-1
4129,130,29,32,int,load,base,-1
4130,130,30,32,int,load,base,-1
4131,130,31,32,int,load,base,-1
4132,131,0,64,ptr,load,pointer,0
4133,131,1,64,ptr,load,pointer,0
4134,131,2,64,ptr,load,pointer,0
4135,131,3,64,ptr,load,pointer,0
4136,131,4,64,ptr,load,pointer,0
4137,131,5,64,ptr,load,pointer,0
4138,131,6,64,ptr,load,pointer,0
4139,131,7,64,ptr,load,pointer,0
4140,131,8,64,ptr,load,pointer,0
4141,131,9,64,ptr,load,pointer,0
4142,131,10,64,ptr,load,pointer,0
4143,131,11,64,ptr,load,pointer,0
4144,131,12,64,ptr,load,pointer,0
4145,131,13,64,ptr,load,pointer,0
4146,131,14,64,ptr,load,pointer,0
4147,131,15,64,ptr,load,pointer,0
4148,131,16,64,ptr,load,pointer,0
4149,131,17,64,ptr,load,pointer,0
4150,131,18,64,ptr,load,pointer,0
4151,131,19,64,ptr,load,pointer,0
4152,131,20,64,ptr,load,pointer,0
4153,131,21,64,ptr,load,pointer,0
4154,131,22,64,ptr,load,pointer,0
4155,131,23,64,ptr,load,pointer,0
4156,131,24,64,ptr,load,pointer,0
4157,131,25,64,ptr,load,pointer,0
4158,131,26,64,ptr,load,pointer,0
4159,131,27,64,ptr,load,pointer,0
4160,131,28,64,ptr,load,pointer,0
4161,131,29,64,ptr,load,pointer,0
4162,131,30,64,ptr,load,pointer,0
4163,131,31,64,ptr,load,pointer,0
4164,131,32,64,ptr,load,pointer,0
4165,131,33,64,ptr,load,pointer,0
4166,131,34,64,ptr,load,pointer,0
4167,131,35,64,ptr,load,pointer,0
4168,131,36,64,ptr,load,pointer,0
4169,131,37,64,ptr,load,pointer,0
4170,131,38,64,ptr,load,pointer,0
4171,131,39,64,ptr,load,pointer,0
4172,131,40,64,ptr,load,pointer,0
4173,131,41,64,ptr,load,pointer,0
4174,131,42,64,ptr,load,pointer,0
4175,131,43,64,ptr,load,pointer,0
4176,131,44,64,ptr,load,pointer,0
4177,131,45,64,ptr,load,pointer,0
4178,131,46,64,ptr,load,pointer,0
4179,131,47,64,ptr,load,pointer,0
4180,131,48,64,ptr,load,pointer,0
4181,131,49,64,ptr,load,pointer,0
4182,131,50,64,ptr,load,pointer,0
4183,131,51,64,ptr,load,pointer,0
4184,131,52,64,ptr,load,pointer,0
4185,131,53,64,ptr,load,pointer,0
4186,131,54,64,ptr,load,pointer,0
4187,131,55,64,ptr,load,pointer,0
4188,131,56,64,ptr,load,pointer,0
4189,131,57,64,ptr,load,pointer,0
4190,131,58,64,ptr,load,pointer,0
4191,131,59,64,ptr,load,pointer,0
4192,131,60,64,ptr,load,pointer,0
4193,131,61,64,ptr,load,pointer,0
4194,131,62,64,ptr,load,pointer,0
4195,131,63,64,ptr,load,pointer,0
4196,133,0,64,ptr,getelementptr,pointer,0
4197,133,1,64,ptr,getelementptr,pointer,0
4198,133,2,64,ptr,getelementptr,pointer,0
4199,133,3,64,ptr,getelementptr,pointer,0
4200,133,4,64,ptr,getelementptr,pointer,0
4201,133,5,64,ptr,getelementptr,pointer,0
4202,133,6,64,ptr,getelementptr,pointer,0
4203,133,7,64,ptr,getelementptr,pointer,0
4204,133,8,64,ptr,getelementptr,pointer,0
4205,133,9,64,ptr,getelementptr,pointer,0
4206,133,10,64,ptr,getelementptr,pointer,0
4207,133,11,64,ptr,getelementptr,pointer,0
4208,133,12,64,ptr,getelementptr,pointer,0
4209,133,13,64,ptr,getelementptr,pointer,0
4210,133,14,64,ptr,getelementptr,pointer,0
4211,133,15,64,ptr,getelementptr,pointer,0
4212,133,16,64,ptr,getelementptr,pointer,0
4213,133,17,64,ptr,getelementptr,pointer,0
4214,133,18,64,ptr,getelementptr,pointer,0
4215,133,19,64,ptr,getelementptr,pointer,0
4216,133,20,64,ptr,getelementptr,pointer,0
4217,133,21,64,ptr,getelementptr,pointer,0
4218,133,22,64,ptr,getelementptr,pointer,0
4219,133,23,64,ptr,getelementptr,pointer,0
4220,133,24,64,ptr,getelementptr,pointer,0
4221,133,25,64,ptr,getelementptr,pointer,0
4222,133,26,64,ptr,getelementptr,pointer,0
4223,133,27,64,ptr,getelementptr,pointer,0
4224,133,28,64,ptr,getelementptr,pointer,0
4225,133,29,64,ptr,getelementptr,pointer,0
4226,133,30,64,ptr,getelementptr,pointer,0
4227,133,31,64,ptr,getelementptr,pointer,0
4228,133,32,64,ptr,getelementptr,pointer,0
4229,133,33,64,ptr,getelementptr,pointer,0
4230,133,34,64,ptr,getelementptr,pointer,0
4231,133,35,64,ptr,getelementptr,pointer,0
4232,133,36,64,ptr,getelementptr,pointer,0
4233,133,37,64,ptr,getelementptr,pointer,0
4234,133,38,64,ptr,getelementptr,pointer,0
4235,133,39,64,ptr,getelementptr,pointer,0
4236,133,40,64,ptr,getelementptr,pointer,0
4237,133,41,64,ptr,getelementptr,pointer,0
4238,133,42,64,ptr,getelementptr,pointer,0
4239,133,43,64,ptr,getelementptr,pointer,0
4240,133,44,64,ptr,getelementptr,pointer,0
4241,133,45,64,ptr,getelementptr,pointer,0
4242,133,46,64,ptr,getelementptr,pointer,0
4243,133,47,64,ptr,getelementptr,pointer,0
4244,133,48,64,ptr,getelementptr,pointer,0
4245,133,49,64,ptr,getelementptr,pointer,0
4246,133,50,64,ptr,getelementptr,pointer,0
4247,133,51,64,ptr,getelementptr,pointer,0
4248,133,52,64,ptr,getelementptr,pointer,0
4249,133,53,64,ptr,getelementptr,pointer,0
4250,133,54,64,ptr,getelementptr,pointer,0
4251,133,55,64,ptr,getelementptr,pointer,0
4252,133,56,64,ptr,getelementptr,pointer,0
4253,133,57,64,ptr,getelementptr,pointer,0
4254,133,58,64,ptr,getelementptr,pointer,0
4255,133,59,64,ptr,getelementptr,pointer,0
4256,133,60,64,ptr,getelementptr,pointer,0
4257,133,61,64,ptr,getelementptr,pointer,0
4258,133,62,64,ptr,getelementptr,pointer,0
4259,133,63,64,ptr,getelementptr,pointer,0
4260,134,0,32,int,load,base,-1
4261,134,1,32,int,load,base,-1
4262,134,2,32,int,load,base,-1
4263,134,3,32,int,load,base,-1
4264,134,4,32,int,load,base,-1
4265,134,5,32,int,load,base,-1
4266,134,6,32,int,load,base,-1
4267,134,7,32,int,load,base,-1
4268,134,8,32,int,load,base,-1
4269,134,9,32,int,load,base,-1
4270,134,10,32,int,load,base,-1
4271,134,11,32,int,load,base,-1
4272,134,12,32,int,load,base,-1
4273,134,13,32,int,load,base,-1
4274,134,14,32,int,load,base,-1
4275,134,15,32,int,load,base,-1
4276,134,16,32,int,load,base,-1
4277,134,17,32,int,load,base,-1
4278,134,18,32,int,load,base,-1
4279,134,19,32,int,load,base,-1
4280,134,20,32,int,load,base,-1
4281,134,21,32,int,load,base,-1
4282,134,22,32,int,load,base,-1
4283,134,23,32,int,load,base,-1
4284,134,24,32,int,load,base,-1
4285,134,25,32,int,load,base,-1
4286,134,26,32,int,load,base,-1
4287,134,27,32,int,load,base,-1
4288,134,28,32,int,load,base,-1
4289,134,29,32,int,load,base,-1
4290,134,30,32,int,load,base,-1
4291,134,31,32,int,load,base,-1
4292,135,0,64,ptr,load,pointer,0
4293,135,1,64,ptr,load,pointer,0
4294,135,2,64,ptr,load,pointer,0
4295,135,3,64,ptr,load,pointer,0
4296,135,4,64,ptr,load,pointer,0
4297,135,5,64,ptr,load,pointer,0
4298,135,6,64,ptr,load,pointer,0
4299,135,7,64,ptr,load,pointer,0
4300,135,8,64,ptr,load,pointer,0
4301,135,9,64,ptr,load,pointer,0
4302,135,10,64,ptr,load,pointer,0
4303,135,11,64,ptr,load,pointer,0
4304,135,12,64,ptr,load,pointer,0
4305,135,13,64,ptr,load,pointer,0
4306,135,14,64,ptr,load,pointer,0
4307,135,15,64,ptr,load,pointer,0
4308,135,16,64,ptr,load,pointer,0
4309,135,17,64,ptr,load,pointer,0
4310,135,18,64,ptr,load,pointer,0
4311,135,19,64,ptr,load,pointer,0
4312,135,20,64,ptr,load,pointer,0
4313,135,21,64,ptr,load,pointer,0
4314,135,22,64,ptr,load,pointer,0
4315,135,23,64,ptr,load,pointer,0
4316,135,24,64,ptr,load,pointer,0
4317,135,25,64,ptr,load,pointer,0
4318,135,26,64,ptr,load,pointer,0
4319,135,27,64,ptr,load,pointer,0
4320,135,28,64,ptr,load,pointer,0
4321,135,29,64,ptr,load,pointer,0
4322,135,30,64,ptr,load,pointer,0
4323,135,31,64,ptr,load,pointer,0
4324,135,32,64,ptr,load,pointer,0
4325,135,33,64,ptr,load,pointer,0
4326,135,34,64,ptr,load,pointer,0
4327,135,35,64,ptr,load,pointer,0
4328,135,36,64,ptr,load,pointer,0
4329,135,37,64,ptr,load,pointer,0
4330,135,38,64,ptr,load,pointer,0
4331,135,39,64,ptr,load,pointer,0
4332,135,40,64,ptr,load,pointer,0
4333,135,41,64,ptr,load,pointer,0
4334,135,42,64,ptr,load,pointer,0
4335,135,43,64,ptr,load,pointer,0
4336,135,44,64,ptr,load,pointer,0
4337,135,45,64,ptr,load,pointer,0
4338,135,46,64,ptr,load,pointer,0
4339,135,47,64,ptr,load,pointer,0
4340,135,48,64,ptr,load,pointer,0
4341,135,49,64,ptr,load,pointer,0
4342,135,50,64,ptr,load,pointer,0
4343,135,51,64,ptr,load,pointer,0
4344,135,52,64,ptr,load,pointer,0
4345,135,53,64,ptr,load,pointer,0
4346,135,54,64,ptr,load,pointer,0
4347,135,55,64,ptr,load,pointer,0
4348,135,56,64,ptr,load,pointer,0
4349,135,57,64,ptr,load,pointer,0
4350,135,58,64,ptr,load,pointer,0
4351,135,59,64,ptr,load,pointer,0
4352,135,60,64,ptr,load,pointer,0
4353,135,61,64,ptr,load,pointer,0
4354,135,62,64,ptr,load,pointer,0
4355,135,63,64,ptr,load,pointer,0
4356,136,0,32,int,mul,base,-1
4357,136,1,32,int,mul,base,-1
4358,136,2,32,int,mul,base,-1
4359,136,3,32,int,mul,base,-1
4360,136,4,32,int,mul,base,-1
4361,136,5,32,int,mul,base,-1
4362,136,6,32,int,mul,base,-1
4363,136,7,32,int,mul,base,-1
4364,136,8,32,int,mul,base,-1
4365,136,9,32,int,mul,base,-1
4366,136,10,32,int,mul,base,-1
4367,136,11,32,int,mul,base,-1
4368,136,12,32,int,mul,base,-1
4369,136,13,32,int,mul,base,-1
4370,136,14,32,int,mul,base,-1
4371,136,15,32,int,mul,base,-1
4372,136,16,32,int,mul,base,-1
4373,136,17,32,int,mul,base,-1
4374,136,18,32,int,mul,base,-1
4375,136,19,32,int,mul,base,-1
4376,136,20,32,int,mul,base,-1
4377,136,21,32,int,mul,base,-1
4378,136,22,32,int,mul,base,-1
4379,136,23,32,int,mul,base,-1
4380,136,24,32,int,mul,base,-1
4381,136,25,32,int,mul,base,-1
4382,136,26,32,int,mul,base,-1
4383,136,27,32,int,mul,base,-1
4384,136,28,32,int,mul,base,-1
4385,136,29,32,int,mul,base,-1
4386,136,30,32,int,mul,base,-1
4387,136,31,32,int,mul,base,-1
4388,137,0,32,int,mul,operand,0
4389,137,1,32,int,mul,operand,0
4390,137,2,32,int,mul,operand,0
4391,137,3,32,int,mul,operand,0
4392,137,4,32,int,mul,operand,0
4393,137,5,32,int,mul,operand,0
4394,137,6,32,int,mul,operand,0
4395,137,7,32,int,mul,operand,0
4396,137,8,32,int,mul,operand,0
4397,137,9,32,int,mul,operand,0
4398,137,10,32,int,mul,operand,0
4399,137,11,32,int,mul,operand,0
4400,137,12,32,int,mul,operand,0
4401,137,13,32,int,mul,operand,0
4402,137,14,32,int,mul,operand,0
4403,137,15,32,int,mul,operand,0
4404,137,16,32,int,mul,operand,0
4405,137,17,32,int,mul,operand,0
4406,137,18,32,int,mul,operand,0
4407,137,19,32,int,mul,operand,0
4408,137,20,32,int,mul,operand,0
4409,137,21,32,int,mul,operand,0
4410,137,22,32,int,mul,operand,0
4411,137,23,32,int,mul,operand,0
4412,137,24,32,int,mul,operand,0
4413,137,25,32,int,mul,operand,0
4414,137,26,32,int,mul,operand,0
4415,137,27,32,int,mul,operand,0
4416,137,28,32,int,mul,operand,0
4417,137,29,32,int,mul,operand,0
4418,137,30,32,int,mul,operand,0
4419,137,31,32,int,mul,operand,0
4420,138,0,32,int,mul,operand,1
4421,138,1,32,int,mul,operand,1
4422,138,2,32,int,mul,operand,1
4423,138,3,32,int,mul,operand,1
4424,138,4,32,int,mul,operand,1
4425,138,5,32,int,mul,operand,1
4426,138,6,32,int,mul,operand,1
4427,138,7,32,int,mul,operand,1
4428,138,8,32,int,mul,operand,1
4429,138,9,32,int,mul,operand,1
4430,138,10,32,int,mul,operand,1
4431,138,11,32,int,mul,operand,1
4432,138,12,32,int,mul,operand,1
4433,138,13,32,int,mul,operand,1
4434,138,14,32,int,mul,operand,1
4435,138,15,32,int,mul,operand,1
4436,138,16,32,int,mul,operand,1
4437,138,17,32,int,mul,operand,1
4438,138,18,32,int,mul,operand,1
4439,138,19,32,int,mul,operand,1
4440,138,20,32,int,mul,operand,1
4441,138,21,32,int,mul,operand,1
4442,138,22,32,int,mul,operand,1
4443,138,23,32,int,mul,operand,1
4444,138,24,32,int,mul,operand,1
4445,138,25,32,int,mul,operand,1
4446,138,26,32,int,mul,operand,1
4447,138,27,32,int,mul,operand,1
4448,138,28,32,int,mul,operand,1
4449,138,29,32,int,mul,operand,1
4450,138,30,32,int,mul,operand,1
4451,138,31,32,int,mul,operand,1
4452,139,0,32,int,load,base,-1
4453,139,1,32,int,load,base,-1
4454,139,2,32,int,load,base,-1
4455,139,3,32,int,load,base,-1
4456,139,4,32,int,load,base,-1
4457,139,5,32,int,load,base,-1
4458,139,6,32,int,load,base,-1
4459,139,7,32,int,load,base,-1
4460,139,8,32,int,load,base,-1
4461,139,9,32,int,load,base,-1
4462,139,10,32,int,load,base,-1
4463,139,11,32,int,load,base,-1
4464,139,12,32,int,load,base,-1
4465,139,13,32,int,load,base,-1
4466,139,14,32,int,load,base,-1
4467,139,15,32,int,load,base,-1
4468,139,16,32,int,load,base,-1
4469,139,17,32,int,load,base,-1
4470,139,18,32,int,load,base,-1
4471,139,19,32,int,load,base,-1
4472,139,20,32,int,load,base,-1
4473,139,21,32,int,load,base,-1
4474,139,22,32,int,load,base,-1
4475,139,23,32,int,load,base,-1
4476,139,24,32,int,load,base,-1
4477,139,25,32,int,load,base,-1
4478,139,26,32,int,load,base,-1
4479,139,27,32,int,load,base,-1
4480,139,28,32,int,load,base,-1
4481,139,29,32,int,load,base,-1
4482,139,30,32,int,load,base,-1
4483,139,31,32,int,load,base,-1
4484,140,0,64,ptr,load,pointer,0
4485,140,1,64,ptr,load,pointer,0
4486,140,2,64,ptr,load,pointer,0
4487,140,3,64,ptr,load,pointer,0
4488,140,4,64,ptr,load,pointer,0
4489,140,5,64,ptr,load,pointer,0
4490,140,6,64,ptr,load,pointer,0
4491,140,7,64,ptr,load,pointer,0
4492,140,8,64,ptr,load,pointer,0
4493,140,9,64,ptr,load,pointer,0
4494,140,10,64,ptr,load,pointer,0
4495,140,11,64,ptr,load,pointer,0
4496,140,12,64,ptr,load,pointer,0
4497,140,13,64,ptr,load,pointer,0
4498,140,14,64,ptr,load,pointer,0
4499,140,15,64,ptr,load,pointer,0
4500,140,16,64,ptr,load,pointer,0
4501,140,17,64,ptr,load,pointer,0
4502,140,18,64,ptr,load,pointer,0
4503,140,19,64,ptr,load,pointer,0
4504,140,20,64,ptr,load,pointer,0
4505,140,21,64,ptr,load,pointer,0
4506,140,22,64,ptr,load,pointer,0
4507,140,23,64,ptr,load,pointer,0
4508,140,24,64,ptr,load,pointer,0
4509,140,25,64,ptr,load,pointer,0
4510,140,26,64,ptr,load,pointer,0
4511,140,27,64,ptr,load,pointer,0
4512,140,28,64,ptr,load,pointer,0
4513,140,29,64,ptr,load,pointer,0
4514,140,30,64,ptr,load,pointer,0
4515,140,31,64,ptr,load,pointer,0
4516,140,32,64,ptr,load,pointer,0
4517,140,33,64,ptr,load,pointer,0
4518,140,34,64,ptr,load,pointer,0
4519,140,35,64,ptr,load,pointer,0
4520,140,36,64,ptr,load,pointer,0
4521,140,37,64,ptr,load,pointer,0
4522,140,38,64,ptr,load,pointer,0
4523,140,39,64,ptr,load,pointer,0
4524,140,40,64,ptr,load,pointer,0
4525,140,41,64,ptr,load,pointer,0
4526,140,42,64,ptr,load,pointer,0
4527,140,43,64,ptr,load,pointer,0
4528,140,44,64,ptr,load,pointer,0
4529,140,45,64,ptr,load,pointer,0
4530,140,46,64,ptr,load,pointer,0
4531,140,47,64,ptr,load,pointer,0
4532,140,48,64,ptr,load,pointer,0
4533,140,49,64,ptr,load,pointer,0
4534,140,50,64,ptr,load,pointer,0
4535,140,51,64,ptr,load,pointer,0
4536,140,52,64,ptr,load,pointer,0
4537,140,53,64,ptr,load,pointer,0
4538,140,54,64,ptr,load,pointer,0
4539,140,55,64,ptr,load,pointer,0
4540,140,56,64,ptr,load,pointer,0
4541,140,57,64,ptr,load,pointer,0
4542,140,58,64,ptr,load,pointer,0
4543,140,59,64,ptr,load,pointer,0
4544,140,60,64,ptr,load,pointer,0
4545,140,61,64,ptr,load,pointer,0
4546,140,62,64,ptr,load,pointer,0
4547,140,63,64,ptr,load,pointer,0
4548,141,0,32,int,add,base,-1
4549,141,1,32,int,add,base,-1
4550,141,2,32,int,add,base,-1
4551,141,3,32,int,add,base,-1
4552,141,4,32,int,add,base,-1
4553,141,5,32,int,add,base,-1
4554,141,6,32,int,add,base,-1
4555,141,7,32,int,add,base,-1
4556,141,8,32,int,add,base,-1
4557,141,9,32,int,add,base,-1
4558,141,10,32,int,add,base,-1
4559,141,11,32,int,add,base,-1
4560,141,12,32,int,add,base,-1
4561,141,13,32,int,add,base,-1
4562,141,14,32,int,add,base,-1
4563,141,15,32,int,add,base,-1
4564,141,16,32,int,add,base,-1
4565,141,17,32,int,add,base,-1
4566,141,18,32,int,add,base,-1
4567,141,19,32,int,add,base,-1
4568,141,20,32,int,add,base,-1
4569,141,21,32,int,add,base,-1
4570,141,22,32,int,add,base,-1
4571,141,23,32,int,add,base,-1
4572,141,24,32,int,add,base,-1
4573,141,25,32,int,add,base,-1
4574,141,26,32,int,add,base,-1
4575,141,27,32,int,add,base,-1
4576,141,28,32,int,add,base,-1
4577,141,29,32,int,add,base,-1
4578,141,30,32,int,add,base,-1
4579,141,31,32,int,add,base,-1
4580,142,0,32,int,add,operand,0
4581,142,1,32,int,add,operand,0
4582,142,2,32,int,add,operand,0
4583,142,3,32,int,add,operand,0
4584,142,4,32,int,add,operand,0
4585,142,5,32,int,add,operand,0
4586,142,6,32,int,add,operand,0
4587,142,7,32,int,add,operand,0
4588,142,8,32,int,add,operand,0
4589,142,9,32,int,add,operand,0
4590,142,10,32,int,add,operand,0
4591,142,11,32,int,add,operand,0
4592,142,12,32,int,add,operand,0
4593,142,13,32,int,add,operand,0
4594,142,14,32,int,add,operand,0
4595,142,15,32,int,add,operand,0
4596,142,16,32,int,add,operand,0
4597,142,17,32,int,add,operand,0
4598,142,18,32,int,add,operand,0
4599,142,19,32,int,add,operand,0
4600,142,20,32,int,add,operand,0
4601,142,21,32,int,add,operand,0
4602,142,22,32,int,add,operand,0
4603,142,23,32,int,add,operand,0
4604,142,24,32,int,add,operand,0
4605,142,25,32,int,add,operand,0
4606,142,26,32,int,add,operand,0
4607,142,27,32,int,add,operand,0
4608,142,28,32,int,add,operand,0
4609,142,29,32,int,add,operand,0
4610,142,30,32,int,add,operand,0
4611,142,31,32,int,add,operand,0
4612,143,0,32,int,add,operand,1
4613,143,1,32,int,add,operand,1
4614,143,2,32,int,add,operand,1
4615,143,3,32,int,add,operand,1
4616,143,4,32,int,add,operand,1
4617,143,5,32,int,add,operand,1
4618,143,6,32,int,add,operand,1
4619,143,7,32,int,add,operand,1
4620,143,8,32,int,add,operand,1
4621,143,9,32,int,add,operand,1
4622,143,10,32,int,add,operand,1
4623,143,11,32,int,add,operand,1
4624,143,12,32,int,add,operand,1
4625,143,13,32,int,add,operand,1
4626,143,14,32,int,add,operand,1
4627,143,15,32,int,add,operand,1
4628,143,16,32,int,add,operand,1
4629,143,17,32,int,add,operand,1
4630,143,18,32,int,add,operand,1
4631,143,19,32,int,add,operand,1
4632,143,20,32,int,add,operand,1
4633,143,21,32,int,add,operand,1
4634,143,22,32,int,add,operand,1
4635,143,23,32,int,add,operand,1
4636,143,24,32,int,add,operand,1
4637,143,25,32,int,add,operand,1
4638,143,26,32,int,add,operand,1
4639,143,27,32,int,add,operand,1
4640,143,28,32,int,add,operand,1
4641,143,29,32,int,add,operand,1
4642,143,30,32,int,add,operand,1
4643,143,31,32,int,add,operand,1
4644,144,0,64,int,sext,base,-1
4645,144,1,64,int,sext,base,-1
4646,144,2,64,int,sext,base,-1
4647,144,3,64,int,sext,base,-1
4648,144,4,64,int,sext,base,-1
4649,144,5,64,int,sext,base,-1
4650,144,6,64,int,sext,base,-1
4651,144,7,64,int,sext,base,-1
4652,144,8,64,int,sext,base,-1
4653,144,9,64,int,sext,base,-1
4654,144,10,64,int,sext,base,-1
4655,144,11,64,int,sext,base,-1
4656,144,12,64,int,sext,base,-1
4657,144,13,64,int,sext,base,-1
4658,144,14,64,int,sext,base,-1
4659,144,15,64,int,sext,base,-1
4660,144,16,64,int,sext,base,-1
4661,144,17,64,int,sext,base,-1
4662,144,18,64,int,sext,base,-1
4663,144,19,64,int,sext,base,-1
4664,144,20,64,int,sext,base,-1
4665,144,21,64,int,sext,base,-1
4666,144,22,64,int,sext,base,-1
4667,144,23,64,int,sext,base,-1
4668,144,24,64,int,sext,base,-1
4669,144,25,64,int,sext,base,-1
4670,144,26,64,int,sext,base,-1
4671,144,27,64,int,sext,base,-1
4672,144,28,64,int,sext,base,-1
4673,144,29,64,int,sext,base,-1
4674,144,30,64,int,sext,base,-1
4675,144,31,64,int,sext,base,-1
4676,144,32,64,int,sext,base,-1
4677,144,33,64,int,sext,base,-1
4678,144,34,64,int,sext,base,-1
4679,144,35,64,int,sext,base,-1
4680,144,36,64,int,sext,base,-1
4681,144,37,64,int,sext,base,-1
4682,144,38,64,int,sext,base,-1
4683,144,39,64,int,sext,base,-1
4684,144,40,64,int,sext,base,-1
4685,144,41,64,int,sext,base,-1
4686,144,42,64,int,sext,base,-1
4687,144,43,64,int,sext,base,-1
4688,144,44,64,int,sext,base,-1
4689,144,45,64,int,sext,base,-1
4690,144,46,64,int,sext,base,-1
4691,144,47,64,int,sext,base,-1
4692,144,48,64,int,sext,base,-1
4693,144,49,64,int,sext,base,-1
4694,144,50,64,int,sext,base,-1
4695,144,51,64,int,sext,base,-1
4696,144,52,64,int,sext,base,-1
4697,144,53,64,int,sext,base,-1
4698,144,54,64,int,sext,base,-1
4699,144,55,64,int,sext,base,-1
4700,144,56,64,int,sext,base,-1
4701,144,57,64,int,sext,base,-1
4702,144,58,64,int,sext,base,-1
4703,144,59,64,int,sext,base,-1
4704,144,60,64,int,sext,base,-1
4705,144,61,64,int,sext,base,-1
4706,144,62,64,int,sext,base,-1
4707,144,63,64,int,sext,base,-1
4708,145,0,32,int,sext,operand,0
4709,145,1,32,int,sext,operand,0
4710,145,2,32,int,sext,operand,0
4711,145,3,32,int,sext,operand,0
4712,145,4,32,int,sext,operand,0
4713,145,5,32,int,sext,operand,0
4714,145,6,32,int,sext,operand,0
4715,145,7,32,int,sext,operand,0
4716,145,8,32,int,sext,operand,0
4717,145,9,32,int,sext,operand,0
4718,145,10,32,int,sext,operand,0
4719,145,11,32,int,sext,operand,0
4720,145,12,32,int,sext,operand,0
4721,145,13,32,int,sext,operand,0
4722,145,14,32,int,sext,operand,0
4723,145,15,32,int,sext,operand,0
4724,145,16,32,int,sext,operand,0
4725,145,17,32,int,sext,operand,0
4726,145,18,32,int,sext,operand,0
4727,145,19,32,int,sext,operand,0
4728,145,20,32,int,sext,operand,0
4729,145,21,32,int,sext,operand,0
4730,145,22,32,int,sext,operand,0
4731,145,23,32,int,sext,operand,0
4732,145,24,32,int,sext,operand,0
4733,145,25,32,int,sext,operand,0
4734,145,26,32,int,sext,operand,0
4735,145,27,32,int,sext,operand,0
4736,145,28,32,int,sext,operand,0
4737,145,29,32,int,sext,operand,0
4738,145,30,32,int,sext,operand,0
4739,145,31,32,int,sext,operand,0
4740,147,0,64,ptr,getelementptr,pointer,0
4741,147,1,64,ptr,getelementptr,pointer,0
4742,147,2,64,ptr,getelementptr,pointer,0
4743,147,3,64,ptr,getelementptr,pointer,0
4744,147,4,64,ptr,getelementptr,pointer,0
4745,147,5,64,ptr,getelementptr,pointer,0
4746,147,6,64,ptr,getelementptr,pointer,0
4747,147,7,64,ptr,getelementptr,pointer,0
4748,147,8,64,ptr,getelementptr,pointer,0
4749,147,9,64,ptr,getelementptr,pointer,0
4750,147,10,64,ptr,getelementptr,pointer,0
4751,147,11,64,ptr,getelementptr,pointer,0
4752,147,12,64,ptr,getelementptr,pointer,0
4753,147,13,64,ptr,getelementptr,pointer,0
4754,147,14,64,ptr,getelementptr,pointer,0
4755,147,15,64,ptr,getelementptr,pointer,0
4756,147,16,64,ptr,getelementptr,pointer,0
4757,147,17,64,ptr,getelementptr,pointer,0
4758,147,18,64,ptr,getelementptr,pointer,0
4759,147,19,64,ptr,getelementptr,pointer,0
4760,147,20,64,ptr,getelementptr,pointer,0
4761,147,21,64,ptr,getelementptr,pointer,0
4762,147,22,64,ptr,getelementptr,pointer,0
4763,147,23,64,ptr,getelementptr,pointer,0
4764,147,24,64,ptr,getelementptr,pointer,0
4765,147,25,64,ptr,getelementptr,pointer,0
4766,147,26,64,ptr,getelementptr,pointer,0
4767,147,27,64,ptr,getelementptr,pointer,0
4768,147,28,64,ptr,getelementptr,pointer,0
4769,147,29,64,ptr,getelementptr,pointer,0
4770,147,30,64,ptr,getelementptr,pointer,0
4771,147,31,64,ptr,getelementptr,pointer,0
4772,147,32,64,ptr,getelementptr,pointer,0
4773,147,33,64,ptr,getelementptr,pointer,0
4774,147,34,64,ptr,getelementptr,pointer,0
4775,147,35,64,ptr,getelementptr,pointer,0
4776,147,36,64,ptr,getelementptr,pointer,0
4777,147,37,64,ptr,getelementptr,pointer,0
4778,147,38,64,ptr,getelementptr,pointer,0
4779,147,39,64,ptr,getelementptr,pointer,0
4780,147,40,64,ptr,getelementptr,pointer,0
4781,147,41,64,ptr,getelementptr,pointer,0
4782,147,42,64,ptr,getelementptr,pointer,0
4783,147,43,64,ptr,getelementptr,pointer,0
4784,147,44,64,ptr,getelementptr,pointer,0
4785,147,45,64,ptr,getelementptr,pointer,0
4786,147,46,64,ptr,getelementptr,pointer,0
4787,147,47,64,ptr,getelementptr,pointer,0
4788,147,48,64,ptr,getelementptr,pointer,0
4789,147,49,64,ptr,getelementptr,pointer,0
4790,147,50,64,ptr,getelementptr,pointer,0
4791,147,51,64,ptr,getelementptr,pointer,0
4792,147,52,64,ptr,getelementptr,pointer,0
4793,147,53,64,ptr,getelementptr,pointer,0
4794,147,54,64,ptr,getelementptr,pointer,0
4795,147,55,64,ptr,getelementptr,pointer,0
4796,147,56,64,ptr,getelementptr,pointer,0
4797,147,57,64,ptr,getelementptr,pointer,0
4798,147,58,64,ptr,getelementptr,pointer,0
4799,147,59,64,ptr,getelementptr,pointer,0
4800,147,60,64,ptr,getelementptr,pointer,0
4801,147,61,64,ptr,getelementptr,pointer,0
4802,147,62,64,ptr,getelementptr,pointer,0
4803,147,63,64,ptr,getelementptr,pointer,0
4804,148,0,64,int,getelementptr,operand,1
4805,148,1,64,int,getelementptr,operand,1
4806,148,2,64,int,getelementptr,operand,1
4807,148,3,64,int,getelementptr,operand,1
4808,148,4,64,int,getelementptr,operand,1
4809,148,5,64,int,getelementptr,operand,1
4810,148,6,64,int,getelementptr,operand,1
4811,148,7,64,int,getelementptr,operand,1
4812,148,8,64,int,getelementptr,operand,1
4813,148,9,64,int,getelementptr,operand,1
4814,148,10,64,int,getelementptr,operand,1
4815,148,11,64,int,getelementptr,operand,1
4816,148,12,64,int,getelementptr,operand,1
4817,148,13,64,int,getelementptr,operand,1
4818,148,14,64,int,getelementptr,operand,1
4819,148,15,64,int,getelementptr,operand,1
4820,148,16,64,int,getelementptr,operand,1
4821,148,17,64,int,getelementptr,operand,1
4822,148,18,64,int,getelementptr,operand,1
4823,148,19,64,int,getelementptr,operand,1
4824,148,20,64,int,getelementptr,operand,1
4825,148,21,64,int,getelementptr,operand,1
4826,148,22,64,int,getelementptr,operand,1
4827,148,23,64,int,getelementptr,operand,1
4828,148,24,64,int,getelementptr,operand,1
4829,148,25,64,int,getelementptr,operand,1
4830,148,26,64,int,getelementptr,operand,1
4831,148,27,64,int,getelementptr,operand,1
4832,148,28,64,int,getelementptr,operand,1
4833,148,29,64,int,getelementptr,operand,1
4834,148,30,64,int,getelementptr,operand,1
4835,148,31,64,int,getelementptr,operand,1
4836,148,32,64,int,getelementptr,operand,1
4837,148,33,64,int,getelementptr,operand,1
4838,148,34,64,int,getelementptr,operand,1
4839,148,35,64,int,getelementptr,operand,1
4840,148,36,64,int,getelementptr,operand,1
4841,148,37,64,int,getelementptr,operand,1
4842,148,38,64,int,getelementptr,operand,1
4843,148,39,64,int,getelementptr,operand,1
4844,148,40,64,int,getelementptr,operand,1
4845,148,41,64,int,getelementptr,operand,1
4846,148,42,64,int,getelementptr,operand,1
4847,148,43,64,int,getelementptr,operand,1
4848,148,44,64,int,getelementptr,operand,1
4849,148,45,64,int,getelementptr,operand,1
4850,148,46,64,int,getelementptr,operand,1
4851,148,47,64,int,getelementptr,operand,1
4852,148,48,64,int,getelementptr,operand,1
4853,148,49,64,int,getelementptr,operand,1
4854,148,50,64,int,getelementptr,operand,1
4855,148,51,64,int,getelementptr,operand,1
4856,148,52,64,int,getelementptr,operand,1
4857,148,53,64,int,getelementptr,operand,1
4858,148,54,64,int,getelementptr,operand,1
4859,148,55,64,int,getelementptr,operand,1
4860,148,56,64,int,getelementptr,operand,1
4861,148,57,64,int,getelementptr,operand,1
4862,148,58,64,int,getelementptr,operand,1
4863,148,59,64,int,getelementptr,operand,1
4864,148,60,64,int,getelementptr,operand,1
4865,148,61,64,int,getelementptr,operand,1
4866,148,62,64,int,getelementptr,operand,1
4867,148,63,64,int,getelementptr,operand,1
4868,149,0,32,float,load,base,-1
4869,149,1,32,float,load,base,-1
4870,149,2,32,float,load,base,-1
4871,149,3,32,float,load,base,-1
4872,149,4,32,float,load,base,-1
4873,149,5,32,float,load,base,-1
4874,149,6,32,float,load,base,-1
4875,149,7,32,float,load,base,-1
4876,149,8,32,float,load,base,-1
4877,149,9,32,float,load,base,-1
4878,149,10,32,float,load,base,-1
4879,149,11,32,float,load,base,-1
4880,149,12,32,float,load,base,-1
4881,149,13,32,float,load,base,-1
4882,149,14,32,float,load,base,-1
4883,149,15,32,float,load,base,-1
4884,149,16,32,float,load,base,-1
4885,149,17,32,float,load,base,-1
4886,149,18,32,float,load,base,-1
4887,149,19,32,float,load,base,-1
4888,149,20,32,float,load,base,-1
4889,149,21,32,float,load,base,-1
4890,149,22,32,float,load,base,-1
4891,149,23,32,float,load,base,-1
4892,149,24,32,float,load,base,-1
4893,149,25,32,float,load,base,-1
4894,149,26,32,float,load,base,-1
4895,149,27,32,float,load,base,-1
4896,149,28,32,float,load,base,-1
4897,149,29,32,float,load,base,-1
4898,149,30,32,float,load,base,-1
4899,149,31,32,float,load,base,-1
4900,150,0,64,ptr,load,pointer,0
4901,150,1,64,ptr,load,pointer,0
4902,150,2,64,ptr,load,pointer,0
4903,150,3,64,ptr,load,pointer,0
4904,150,4,64,ptr,load,pointer,0
4905,150,5,64,ptr,load,pointer,0
4906,150,6,64,ptr,load,pointer,0
4907,150,7,64,ptr,load,pointer,0
4908,150,8,64,ptr,load,pointer,0
4909,150,9,64,ptr,load,pointer,0
4910,150,10,64,ptr,load,pointer,0
4911,150,11,64,ptr,load,pointer,0
4912,150,12,64,ptr,load,pointer,0
4913,150,13,64,ptr,load,pointer,0
4914,150,14,64,ptr,load,pointer,0
4915,150,15,64,ptr,load,pointer,0
4916,150,16,64,ptr,load,pointer,0
4917,150,17,64,ptr,load,pointer,0
4918,150,18,64,ptr,load,pointer,0
4919,150,19,64,ptr,load,pointer,0
4920,150,20,64,ptr,load,pointer,0
4921,150,21,64,ptr,load,pointer,0
4922,150,22,64,ptr,load,pointer,0
4923,150,23,64,ptr,load,pointer,0
4924,150,24,64,ptr,load,pointer,0
4925,150,25,64,ptr,load,pointer,0
4926,150,26,64,ptr,load,pointer,0
4927,150,27,64,ptr,load,pointer,0
4928,150,28,64,ptr,load,pointer,0
4929,150,29,64,ptr,load,pointer,0
4930,150,30,64,ptr,load,pointer,0
4931,150,31,64,ptr,load,pointer,0
4932,150,32,64,ptr,load,pointer,0
4933,150,33,64,ptr,load,pointer,0
4934,150,34,64,ptr,load,pointer,0
4935,150,35,64,ptr,load,pointer,0
4936,150,36,64,ptr,load,pointer,0
4937,150,37,64,ptr,load,pointer,0
4938,150,38,64,ptr,load,pointer,0
4939,150,39,64,ptr,load,pointer,0
4940,150,40,64,ptr,load,pointer,0
4941,150,41,64,ptr,load,pointer,0
4942,150,42,64,ptr,load,pointer,0
4943,150,43,64,ptr,load,pointer,0
4944,150,44,64,ptr,load,pointer,0
4945,150,45,64,ptr,load,pointer,0
4946,150,46,64,ptr,load,pointer,0
4947,150,47,64,ptr,load,pointer,0
4948,150,48,64,ptr,load,pointer,0
4949,150,49,64,ptr,load,pointer,0
4950,150,50,64,ptr,load,pointer,0
4951,150,51,64,ptr,load,pointer,0
4952,150,52,64,ptr,load,pointer,0
4953,150,53,64,ptr,load,pointer,0
4954,150,54,64,ptr,load,pointer,0
4955,150,55,64,ptr,load,pointer,0
4956,150,56,64,ptr,load,pointer,0
4957,150,57,64,ptr,load,pointer,0
4958,150,58,64,ptr,load,pointer,0
4959,150,59,64,ptr,load,pointer,0
4960,150,60,64,ptr,load,pointer,0
4961,150,61,64,ptr,load,pointer,0
4962,150,62,64,ptr,load,pointer,0
4963,150,63,64,ptr,load,pointer,0
4964,152,0,64,ptr,getelementptr,pointer,0
4965,152,1,64,ptr,getelementptr,pointer,0
4966,152,2,64,ptr,getelementptr,pointer,0
4967,152,3,64,ptr,getelementptr,pointer,0
4968,152,4,64,ptr,getelementptr,pointer,0
4969,152,5,64,ptr,getelementptr,pointer,0
4970,152,6,64,ptr,getelementptr,pointer,0
4971,152,7,64,ptr,getelementptr,pointer,0
4972,152,8,64,ptr,getelementptr,pointer,0
4973,152,9,64,ptr,getelementptr,pointer,0
4974,152,10,64,ptr,getelementptr,pointer,0
4975,152,11,64,ptr,getelementptr,pointer,0
4976,152,12,64,ptr,getelementptr,pointer,0
4977,152,13,64,ptr,getelementptr,pointer,0
4978,152,14,64,ptr,getelementptr,pointer,0
4979,152,15,64,ptr,getelementptr,pointer,0
4980,152,16,64,ptr,getelementptr,pointer,0
4981,152,17,64,ptr,getelementptr,pointer,0
4982,152,18,64,ptr,getelementptr,pointer,0
4983,152,19,64,ptr,getelementptr,pointer,0
4984,152,20,64,ptr,getelementptr,pointer,0
4985,152,21,64,ptr,getelementptr,pointer,0
4986,152,22,64,ptr,getelementptr,pointer,0
4987,152,23,64,ptr,getelementptr,pointer,0
4988,152,24,64,ptr,getelementptr,pointer,0
4989,152,25,64,ptr,getelementptr,pointer,0
4990,152,26,64,ptr,getelementptr,pointer,0
4991,152,27,64,ptr,getelementptr,pointer,0
4992,152,28,64,ptr,getelementptr,pointer,0
4993,152,29,64,ptr,getelementptr,pointer,0
4994,152,30,64,ptr,getelementptr,pointer,0
4995,152,31,64,ptr,getelementptr,pointer,0
4996,152,32,64,ptr,getelementptr,pointer,0
4997,152,33,64,ptr,getelementptr,pointer,0
4998,152,34,64,ptr,getelementptr,pointer,0
4999,152,35,64,ptr,getelementptr,pointer,0
5000,152,36,64,ptr,getelementptr,pointer,0
5001,152,37,64,ptr,getelementptr,pointer,0
5002,152,38,64,ptr,getelementptr,pointer,0
5003,152,39,64,ptr,getelementptr,pointer,0
5004,152,40,64,ptr,getelementptr,pointer,0
5005,152,41,64,ptr,getelementptr,pointer,0
5006,152,42,64,ptr,getelementptr,pointer,0
5007,152,43,64,ptr,getelementptr,pointer,0
5008,152,44,64,ptr,getelementptr,pointer,0
5009,152,45,64,ptr,getelementptr,pointer,0
5010,152,46,64,ptr,getelementptr,pointer,0
5011,152,47,64,ptr,getelementptr,pointer,0
5012,152,48,64,ptr,getelementptr,pointer,0
5013,152,49,64,ptr,getelementptr,pointer,0
5014,152,50,64,ptr,getelementptr,pointer,0
5015,152,51,64,ptr,getelementptr,pointer,0
5016,152,52,64,ptr,getelementptr,pointer,0
5017,152,53,64,ptr,getelementptr,pointer,0
5018,152,54,64,ptr,getelementptr,pointer,0
5019,152,55,64,ptr,getelementptr,pointer,0
5020,152,56,64,ptr,getelementptr,pointer,0
5021,152,57,64,ptr,getelementptr,pointer,0
5022,152,58,64,ptr,getelementptr,pointer,0
5023,152,59,64,ptr,getelementptr,pointer,0
5024,152,60,64,ptr,getelementptr,pointer,0
5025,152,61,64,ptr,getelementptr,pointer,0
5026,152,62,64,ptr,getelementptr,pointer,0
5027,152,63,64,ptr,getelementptr,pointer,0
5028,154,0,64,ptr,load,pointer,0
5029,154,1,64,ptr,load,pointer,0
5030,154,2,64,ptr,load,pointer,0
5031,154,3,64,ptr,load,pointer,0
5032,154,4,64,ptr,load,pointer,0
5033,154,5,64,ptr,load,pointer,0
5034,154,6,64,ptr,load,pointer,0
5035,154,7,64,ptr,load,pointer,0
5036,154,8,64,ptr,load,pointer,0
5037,154,9,64,ptr,load,pointer,0
5038,154,10,64,ptr,load,pointer,0
5039,154,11,64,ptr,load,pointer,0
5040,154,12,64,ptr,load,pointer,0
5041,154,13,64,ptr,load,pointer,0
5042,154,14,64,ptr,load,pointer,0
5043,154,15,64,ptr,load,pointer,0
5044,154,16,64,ptr,load,pointer,0
5045,154,17,64,ptr,load,pointer,0
5046,154,18,64,ptr,load,pointer,0
5047,154,19,64,ptr,load,pointer,0
5048,154,20,64,ptr,load,pointer,0
5049,154,21,64,ptr,load,pointer,0
5050,154,22,64,ptr,load,pointer,0
5051,154,23,64,ptr,load,pointer,0
5052,154,24,64,ptr,load,pointer,0
5053,154,25,64,ptr,load,pointer,0
5054,154,26,64,ptr,load,pointer,0
5055,154,27,64,ptr,load,pointer,0
5056,154,28,64,ptr,load,pointer,0
5057,154,29,64,ptr,load,pointer,0
5058,154,30,64,ptr,load,pointer,0
5059,154,31,64,ptr,load,pointer,0
5060,154,32,64,ptr,load,pointer,0
5061,154,33,64,ptr,load,pointer,0
5062,154,34,64,ptr,load,pointer,0
5063,154,35,64,ptr,load,pointer,0
5064,154,36,64,ptr,load,pointer,0
5065,154,37,64,ptr,load,pointer,0
5066,154,38,64,ptr,load,pointer,0
5067,154,39,64,ptr,load,pointer,0
5068,154,40,64,ptr,load,pointer,0
5069,154,41,64,ptr,load,pointer,0
5070,154,42,64,ptr,load,pointer,0
5071,154,43,64,ptr,load,pointer,0
5072,154,44,64,ptr,load,pointer,0
5073,154,45,64,ptr,load,pointer,0
5074,154,46,64,ptr,load,pointer,0
5075,154,47,64,ptr,load,pointer,0
5076,154,48,64,ptr,load,pointer,0
5077,154,49,64,ptr,load,pointer,0
5078,154,50,64,ptr,load,pointer,0
5079,154,51,64,ptr,load,pointer,0
5080,154,52,64,ptr,load,pointer,0
5081,154,53,64,ptr,load,pointer,0
5082,154,54,64,ptr,load,pointer,0
5083,154,55,64,ptr,load,pointer,0
5084,154,56,64,ptr,load,pointer,0
5085,154,57,64,ptr,load,pointer,0
5086,154,58,64,ptr,load,pointer,0
5087,154,59,64,ptr,load,pointer,0
5088,154,60,64,ptr,load,pointer,0
5089,154,61,64,ptr,load,pointer,0
5090,154,62,64,ptr,load,pointer,0
5091,154,63,64,ptr,load,pointer,0
5092,155,0,32,int,load,base,-1
5093,155,1,32,int,load,base,-1
5094,155,2,32,int,load,base,-1
5095,155,3,32,int,load,base,-1
5096,155,4,32,int,load,base,-1
5097,155,5,32,int,load,base,-1
5098,155,6,32,int,load,base,-1
5099,155,7,32,int,load,base,-1
5100,155,8,32,int,load,base,-1
5101,155,9,32,int,load,base,-1
5102,155,10,32,int,load,base,-1
5103,155,11,32,int,load,base,-1
5104,155,12,32,int,load,base,-1
5105,155,13,32,int,load,base,-1
5106,155,14,32,int,load,base,-1
5107,155,15,32,int,load,base,-1
5108,155,16,32,int,load,base,-1
5109,155,17,32,int,load,base,-1
5110,155,18,32,int,load,base,-1
5111,155,19,32,int,load,base,-1
5112,155,20,32,int,load,base,-1
5113,155,21,32,int,load,base,-1
5114,155,22,32,int,load,base,-1
5115,155,23,32,int,load,base,-1
5116,155,24,32,int,load,base,-1
5117,155,25,32,int,load,base,-1
5118,155,26,32,int,load,base,-1
5119,155,27,32,int,load,base,-1
5120,155,28,32,int,load,base,-1
5121,155,29,32,int,load,base,-1
5122,155,30,32,int,load,base,-1
5123,155,31,32,int,load,base,-1
5124,156,0,64,ptr,load,pointer,0
5125,156,1,64,ptr,load,pointer,0
5126,156,2,64,ptr,load,pointer,0
5127,156,3,64,ptr,load,pointer,0
5128,156,4,64,ptr,load,pointer,0
5129,156,5,64,ptr,load,pointer,0
5130,156,6,64,ptr,load,pointer,0
5131,156,7,64,ptr,load,pointer,0
5132,156,8,64,ptr,load,pointer,0
5133,156,9,64,ptr,load,pointer,0
5134,156,10,64,ptr,load,pointer,0
5135,156,11,64,ptr,load,pointer,0
5136,156,12,64,ptr,load,pointer,0
5137,156,13,64,ptr,load,pointer,0
5138,156,14,64,ptr,load,pointer,0
5139,156,15,64,ptr,load,pointer,0
5140,156,16,64,ptr,load,pointer,0
5141,156,17,64,ptr,load,pointer,0
5142,156,18,64,ptr,load,pointer,0
5143,156,19,64,ptr,load,pointer,0
5144,156,20,64,ptr,load,pointer,0
5145,156,21,64,ptr,load,pointer,0
5146,156,22,64,ptr,load,pointer,0
5147,156,23,64,ptr,load,pointer,0
5148,156,24,64,ptr,load,pointer,0
5149,156,25,64,ptr,load,pointer,0
5150,156,26,64,ptr,load,pointer,0
5151,156,27,64,ptr,load,pointer,0
5152,156,28,64,ptr,load,pointer,0
5153,156,29,64,ptr,load,pointer,0
5154,156,30,64,ptr,load,pointer,0
5155,156,31,64,ptr,load,pointer,0
5156,156,32,64,ptr,load,pointer,0
5157,156,33,64,ptr,load,pointer,0
5158,156,34,64,ptr,load,pointer,0
5159,156,35,64,ptr,load,pointer,0
5160,156,36,64,ptr,load,pointer,0
5161,156,37,64,ptr,load,pointer,0
5162,156,38,64,ptr,load,pointer,0
5163,156,39,64,ptr,load,pointer,0
5164,156,40,64,ptr,load,pointer,0
5165,156,41,64,ptr,load,pointer,0
5166,156,42,64,ptr,load,pointer,0
5167,156,43,64,ptr,load,pointer,0
5168,156,44,64,ptr,load,pointer,0
5169,156,45,64,ptr,load,pointer,0
5170,156,46,64,ptr,load,pointer,0
5171,156,47,64,ptr,load,pointer,0
5172,156,48,64,ptr,load,pointer,0
5173,156,49,64,ptr,load,pointer,0
5174,156,50,64,ptr,load,pointer,0
5175,156,51,64,ptr,load,pointer,0
5176,156,52,64,ptr,load,pointer,0
5177,156,53,64,ptr,load,pointer,0
5178,156,54,64,ptr,load,pointer,0
5179,156,55,64,ptr,load,pointer,0
5180,156,56,64,ptr,load,pointer,0
5181,156,57,64,ptr,load,pointer,0
5182,156,58,64,ptr,load,pointer,0
5183,156,59,64,ptr,load,pointer,0
5184,156,60,64,ptr,load,pointer,0
5185,156,61,64,ptr,load,pointer,0
5186,156,62,64,ptr,load,pointer,0
5187,156,63,64,ptr,load,pointer,0
5188,157,0,32,int,load,base,-1
5189,157,1,32,int,load,base,-1
5190,157,2,32,int,load,base,-1
5191,157,3,32,int,load,base,-1
5192,157,4,32,int,load,base,-1
5193,157,5,32,int,load,base,-1
5194,157,6,32,int,load,base,-1
5195,157,7,32,int,load,base,-1
5196,157,8,32,int,load,base,-1
5197,157,9,32,int,load,base,-1
5198,157,10,32,int,load,base,-1
5199,157,11,32,int,load,base,-1
5200,157,12,32,int,load,base,-1
5201,157,13,32,int,load,base,-1
5202,157,14,32,int,load,base,-1
5203,157,15,32,int,load,base,-1
5204,157,16,32,int,load,base,-1
5205,157,17,32,int,load,base,-1
5206,157,18,32,int,load,base,-1
5207,157,19,32,int,load,base,-1
5208,157,20,32,int,load,base,-1
5209,157,21,32,int,load,base,-1
5210,157,22,32,int,load,base,-1
5211,157,23,32,int,load,base,-1
5212,157,24,32,int,load,base,-1
5213,157,25,32,int,load,base,-1
5214,157,26,32,int,load,base,-1
5215,157,27,32,int,load,base,-1
5216,157,28,32,int,load,base,-1
5217,157,29,32,int,load,base,-1
5218,157,30,32,int,load,base,-1
5219,157,31,32,int,load,base,-1
5220,158,0,64,ptr,load,pointer,0
5221,158,1,64,ptr,load,pointer,0
5222,158,2,64,ptr,load,pointer,0
5223,158,3,64,ptr,load,pointer,0
5224,158,4,64,ptr,load,pointer,0
5225,158,5,64,ptr,load,pointer,0
5226,158,6,64,ptr,load,pointer,0
5227,158,7,64,ptr,load,pointer,0
5228,158,8,64,ptr,load,pointer,0
5229,158,9,64,ptr,load,pointer,0
5230,158,10,64,ptr,load,pointer,0
5231,158,11,64,ptr,load,pointer,0
5232,158,12,64,ptr,load,pointer,0
5233,158,13,64,ptr,load,pointer,0
5234,158,14,64,ptr,load,pointer,0
5235,158,15,64,ptr,load,pointer,0
5236,158,16,64,ptr,load,pointer,0
5237,158,17,64,ptr,load,pointer,0
5238,158,18,64,ptr,load,pointer,0
5239,158,19,64,ptr,load,pointer,0
5240,158,20,64,ptr,load,pointer,0
5241,158,21,64,ptr,load,pointer,0
5242,158,22,64,ptr,load,pointer,0
5243,158,23,64,ptr,load,pointer,0
5244,158,24,64,ptr,load,pointer,0
5245,158,25,64,ptr,load,pointer,0
5246,158,26,64,ptr,load,pointer,0
5247,158,27,64,ptr,load,pointer,0
5248,158,28,64,ptr,load,pointer,0
5249,158,29,64,ptr,load,pointer,0
5250,158,30,64,ptr,load,pointer,0
5251,158,31,64,ptr,load,pointer,0
5252,158,32,64,ptr,load,pointer,0
5253,158,33,64,ptr,load,pointer,0
5254,158,34,64,ptr,load,pointer,0
5255,158,35,64,ptr,load,pointer,0
5256,158,36,64,ptr,load,pointer,0
5257,158,37,64,ptr,load,pointer,0
5258,158,38,64,ptr,load,pointer,0
5259,158,39,64,ptr,load,pointer,0
5260,158,40,64,ptr,load,pointer,0
5261,158,41,64,ptr,load,pointer,0
5262,158,42,64,ptr,load,pointer,0
5263,158,43,64,ptr,load,pointer,0
5264,158,44,64,ptr,load,pointer,0
5265,158,45,64,ptr,load,pointer,0
5266,158,46,64,ptr,load,pointer,0
5267,158,47,64,ptr,load,pointer,0
5268,158,48,64,ptr,load,pointer,0
5269,158,49,64,ptr,load,pointer,0
5270,158,50,64,ptr,load,pointer,0
5271,158,51,64,ptr,load,pointer,0
5272,158,52,64,ptr,load,pointer,0
5273,158,53,64,ptr,load,pointer,0
5274,158,54,64,ptr,load,pointer,0
5275,158,55,64,ptr,load,pointer,0
5276,158,56,64,ptr,load,pointer,0
5277,158,57,64,ptr,load,pointer,0
5278,158,58,64,ptr,load,pointer,0
5279,158,59,64,ptr,load,pointer,0
5280,158,60,64,ptr,load,pointer,0
5281,158,61,64,ptr,load,pointer,0
5282,158,62,64,ptr,load,pointer,0
5283,158,63,64,ptr,load,pointer,0
5284,159,0,32,int,sub,base,-1
5285,159,1,32,int,sub,base,-1
5286,159,2,32,int,sub,base,-1
5287,159,3,32,int,sub,base,-1
5288,159,4,32,int,sub,base,-1
5289,159,5,32,int,sub,base,-1
5290,159,6,32,int,sub,base,-1
5291,159,7,32,int,sub,base,-1
5292,159,8,32,int,sub,base,-1
5293,159,9,32,int,sub,base,-1
5294,159,10,32,int,sub,base,-1
5295,159,11,32,int,sub,base,-1
5296,159,12,32,int,sub,base,-1
5297,159,13,32,int,sub,base,-1
5298,159,14,32,int,sub,base,-1
5299,159,15,32,int,sub,base,-1
5300,159,16,32,int,sub,base,-1
5301,159,17,32,int,sub,base,-1
5302,159,18,32,int,sub,base,-1
5303,159,19,32,int,sub,base,-1
5304,159,20,32,int,sub,base,-1
5305,159,21,32,int,sub,base,-1
5306,159,22,32,int,sub,base,-1
5307,159,23,32,int,sub,base,-1
5308,159,24,32,int,sub,base,-1
5309,159,25,32,int,sub,base,-1
5310,159,26,32,int,sub,base,-1
5311,159,27,32,int,sub,base,-1
5312,159,28,32,int,sub,base,-1
5313,159,29,32,int,sub,base,-1
5314,159,30,32,int,sub,base,-1
5315,159,31,32,int,sub,base,-1
5316,160,0,32,int,sub,operand,0
5317,160,1,32,int,sub,operand,0
5318,160,2,32,int,sub,operand,0
5319,160,3,32,int,sub,operand,0
5320,160,4,32,int,sub,operand,0
5321,160,5,32,int,sub,operand,0
5322,160,6,32,int,sub,operand,0
5323,160,7,32,int,sub,operand,0
5324,160,8,32,int,sub,operand,0
5325,160,9,32,int,sub,operand,0
5326,160,10,32,int,sub,operand,0
5327,160,11,32,int,sub,operand,0
5328,160,12,32,int,sub,operand,0
5329,160,13,32,int,sub,operand,0
5330,160,14,32,int,sub,operand,0
5331,160,15,32,int,sub,operand,0
5332,160,16,32,int,sub,operand,0
5333,160,17,32,int,sub,operand,0
5334,160,18,32,int,sub,operand,0
5335,160,19,32,int,sub,operand,0
5336,160,20,32,int,sub,operand,0
5337,160,21,32,int,sub,operand,0
5338,160,22,32,int,sub,operand,0
5339,160,23,32,int,sub,operand,0
5340,160,24,32,int,sub,operand,0
5341,160,25,32,int,sub,operand,0
5342,160,26,32,int,sub,operand,0
5343,160,27,32,int,sub,operand,0
5344,160,28,32,int,sub,operand,0
5345,160,29,32,int,sub,operand,0
5346,160,30,32,int,sub,operand,0
5347,160,31,32,int,sub,operand,0
5348,161,0,32,int,sub,operand,1
5349,161,1,32,int,sub,operand,1
5350,161,2,32,int,sub,operand,1
5351,161,3,32,int,sub,operand,1
5352,161,4,32,int,sub,operand,1
5353,161,5,32,int,sub,operand,1
5354,161,6,32,int,sub,operand,1
5355,161,7,32,int,sub,operand,1
5356,161,8,32,int,sub,operand,1
5357,161,9,32,int,sub,operand,1
5358,161,10,32,int,sub,operand,1
5359,161,11,32,int,sub,operand,1
5360,161,12,32,int,sub,operand,1
5361,161,13,32,int,sub,operand,1
5362,161,14,32,int,sub,operand,1
5363,161,15,32,int,sub,operand,1
5364,161,16,32,int,sub,operand,1
5365,161,17,32,int,sub,operand,1
5366,161,18,32,int,sub,operand,1
5367,161,19,32,int,sub,operand,1
5368,161,20,32,int,sub,operand,1
5369,161,21,32,int,sub,operand,1
5370,161,22,32,int,sub,operand,1
5371,161,23,32,int,sub,operand,1
5372,161,24,32,int,sub,operand,1
5373,161,25,32,int,sub,operand,1
5374,161,26,32,int,sub,operand,1
5375,161,27,32,int,sub,operand,1
5376,161,28,32,int,sub,operand,1
5377,161,29,32,int,sub,operand,1
5378,161,30,32,int,sub,operand,1
5379,161,31,32,int,sub,operand,1
5380,163,0,64,ptr,getelementptr,pointer,0
5381,163,1,64,ptr,getelementptr,pointer,0
5382,163,2,64,ptr,getelementptr,pointer,0
5383,163,3,64,ptr,getelementptr,pointer,0
5384,163,4,64,ptr,getelementptr,pointer,0
5385,163,5,64,ptr,getelementptr,pointer,0
5386,163,6,64,ptr,getelementptr,pointer,0
5387,163,7,64,ptr,getelementptr,pointer,0
5388,163,8,64,ptr,getelementptr,pointer,0
5389,163,9,64,ptr,getelementptr,pointer,0
5390,163,10,64,ptr,getelementptr,pointer,0
5391,163,11,64,ptr,getelementptr,pointer,0
5392,163,12,64,ptr,getelementptr,pointer,0
5393,163,13,64,ptr,getelementptr,pointer,0
5394,163,14,64,ptr,getelementptr,pointer,0
5395,163,15,64,ptr,getelementptr,pointer,0
5396,163,16,64,ptr,getelementptr,pointer,0
5397,163,17,64,ptr,getelementptr,pointer,0
5398,163,18,64,ptr,getelementptr,pointer,0
5399,163,19,64,ptr,getelementptr,pointer,0
5400,163,20,64,ptr,getelementptr,pointer,0
5401,163,21,64,ptr,getelementptr,pointer,0
5402,163,22,64,ptr,getelementptr,pointer,0
5403,163,23,64,ptr,getelementptr,pointer,0
5404,163,24,64,ptr,getelementptr,pointer,0
5405,163,25,64,ptr,getelementptr,pointer,0
5406,163,26,64,ptr,getelementptr,pointer,0
5407,163,27,64,ptr,getelementptr,pointer,0
5408,163,28,64,ptr,getelementptr,pointer,0
5409,163,29,64,ptr,getelementptr,pointer,0
5410,163,30,64,ptr,getelementptr,pointer,0
5411,163,31,64,ptr,getelementptr,pointer,0
5412,163,32,64,ptr,getelementptr,pointer,0
5413,163,33,64,ptr,getelementptr,pointer,0
5414,163,34,64,ptr,getelementptr,pointer,0
5415,163,35,64,ptr,getelementptr,pointer,0
5416,163,36,64,ptr,getelementptr,pointer,0
5417,163,37,64,ptr,getelementptr,pointer,0
5418,163,38,64,ptr,getelementptr,pointer,0
5419,163,39,64,ptr,getelementptr,pointer,0
5420,163,40,64,ptr,getelementptr,pointer,0
5421,163,41,64,ptr,getelementptr,pointer,0
5422,163,42,64,ptr,getelementptr,pointer,0
5423,163,43,64,ptr,getelementptr,pointer,0
5424,163,44,64,ptr,getelementptr,pointer,0
5425,163,45,64,ptr,getelementptr,pointer,0
5426,163,46,64,ptr,getelementptr,pointer,0
5427,163,47,64,ptr,getelementptr,pointer,0
5428,163,48,64,ptr,getelementptr,pointer,0
5429,163,49,64,ptr,getelementptr,pointer,0
5430,163,50,64,ptr,getelementptr,pointer,0
5431,163,51,64,ptr,getelementptr,pointer,0
5432,163,52,64,ptr,getelementptr,pointer,0
5433,163,53,64,ptr,getelementptr,pointer,0
5434,163,54,64,ptr,getelementptr,pointer,0
5435,163,55,64,ptr,getelementptr,pointer,0
5436,163,56,64,ptr,getelementptr,pointer,0
5437,163,57,64,ptr,getelementptr,pointer,0
5438,163,58,64,ptr,getelementptr,pointer,0
5439,163,59,64,ptr,getelementptr,pointer,0
5440,163,60,64,ptr,getelementptr,pointer,0
5441,163,61,64,ptr,getelementptr,pointer,0
5442,163,62,64,ptr,getelementptr,pointer,0
5443,163,63,64,ptr,getelementptr,pointer,0
5444,164,0,32,int,load,base,-1
5445,164,1,32,int,load,base,-1
5446,164,2,32,int,load,base,-1
5447,164,3,32,int,load,base,-1
5448,164,4,32,int,load,base,-1
5449,164,5,32,int,load,base,-1
5450,164,6,32,int,load,base,-1
5451,164,7,32,int,load,base,-1
5452,164,8,32,int,load,base,-1
5453,164,9,32,int,load,base,-1
5454,164,10,32,int,load,base,-1
5455,164,11,32,int,load,base,-1
5456,164,12,32,int,load,base,-1
5457,164,13,32,int,load,base,-1
5458,164,14,32,int,load,base,-1
5459,164,15,32,int,load,base,-1
5460,164,16,32,int,load,base,-1
5461,164,17,32,int,load,base,-1
5462,164,18,32,int,load,base,-1
5463,164,19,32,int,load,base,-1
5464,164,20,32,int,load,base,-1
5465,164,21,32,int,load,base,-1
5466,164,22,32,int,load,base,-1
5467,164,23,32,int,load,base,-1
5468,164,24,32,int,load,base,-1
5469,164,25,32,int,load,base,-1
5470,164,26,32,int,load,base,-1
5471,164,27,32,int,load,base,-1
5472,164,28,32,int,load,base,-1
5473,164,29,32,int,load,base,-1
5474,164,30,32,int,load,base,-1
5475,164,31,32,int,load,base,-1
5476,165,0,64,ptr,load,pointer,0
5477,165,1,64,ptr,load,pointer,0
5478,165,2,64,ptr,load,pointer,0
5479,165,3,64,ptr,load,pointer,0
5480,165,4,64,ptr,load,pointer,0
5481,165,5,64,ptr,load,pointer,0
5482,165,6,64,ptr,load,pointer,0
5483,165,7,64,ptr,load,pointer,0
5484,165,8,64,ptr,load,pointer,0
5485,165,9,64,ptr,load,pointer,0
5486,165,10,64,ptr,load,pointer,0
5487,165,11,64,ptr,load,pointer,0
5488,165,12,64,ptr,load,pointer,0
5489,165,13,64,ptr,load,pointer,0
5490,165,14,64,ptr,load,pointer,0
5491,165,15,64,ptr,load,pointer,0
5492,165,16,64,ptr,load,pointer,0
5493,165,17,64,ptr,load,pointer,0
5494,165,18,64,ptr,load,pointer,0
5495,165,19,64,ptr,load,pointer,0
5496,165,20,64,ptr,load,pointer,0
5497,165,21,64,ptr,load,pointer,0
5498,165,22,64,ptr,load,pointer,0
5499,165,23,64,ptr,load,pointer,0
5500,165,24,64,ptr,load,pointer,0
5501,165,25,64,ptr,load,pointer,0
5502,165,26,64,ptr,load,pointer,0
5503,165,27,64,ptr,load,pointer,0
5504,165,28,64,ptr,load,pointer,0
5505,165,29,64,ptr,load,pointer,0
5506,165,30,64,ptr,load,pointer,0
5507,165,31,64,ptr,load,pointer,0
5508,165,32,64,ptr,load,pointer,0
5509,165,33,64,ptr,load,pointer,0
5510,165,34,64,ptr,load,pointer,0
5511,165,35,64,ptr,load,pointer,0
5512,165,36,64,ptr,load,pointer,0
5513,165,37,64,ptr,load,pointer,0
5514,165,38,64,ptr,load,pointer,0
5515,165,39,64,ptr,load,pointer,0
5516,165,40,64,ptr,load,pointer,0
5517,165,41,64,ptr,load,pointer,0
5518,165,42,64,ptr,load,pointer,0
5519,165,43,64,ptr,load,pointer,0
5520,165,44,64,ptr,load,pointer,0
5521,165,45,64,ptr,load,pointer,0
5522,165,46,64,ptr,load,pointer,0
5523,165,47,64,ptr,load,pointer,0
5524,165,48,64,ptr,load,pointer,0
5525,165,49,64,ptr,load,pointer,0
5526,165,50,64,ptr,load,pointer,0
5527,165,51,64,ptr,load,pointer,0
5528,165,52,64,ptr,load,pointer,0
5529,165,53,64,ptr,load,pointer,0
5530,165,54,64,ptr,load,pointer,0
5531,165,55,64,ptr,load,pointer,0
5532,165,56,64,ptr,load,pointer,0
5533,165,57,64,ptr,load,pointer,0
5534,165,58,64,ptr,load,pointer,0
5535,165,59,64,ptr,load,pointer,0
5536,165,60,64,ptr,load,pointer,0
5537,165,61,64,ptr,load,pointer,0
5538,165,62,64,ptr,load,pointer,0
5539,165,63,64,ptr,load,pointer,0
5540,166,0,32,int,mul,base,-1
5541,166,1,32,int,mul,base,-1
5542,166,2,32,int,mul,base,-1
5543,166,3,32,int,mul,base,-1
5544,166,4,32,int,mul,base,-1
5545,166,5,32,int,mul,base,-1
5546,166,6,32,int,mul,base,-1
5547,166,7,32,int,mul,base,-1
5548,166,8,32,int,mul,base,-1
5549,166,9,32,int,mul,base,-1
5550,166,10,32,int,mul,base,-1
5551,166,11,32,int,mul,base,-1
5552,166,12,32,int,mul,base,-1
5553,166,13,32,int,mul,base,-1
5554,166,14,32,int,mul,base,-1
5555,166,15,32,int,mul,base,-1
5556,166,16,32,int,mul,base,-1
5557,166,17,32,int,mul,base,-1
5558,166,18,32,int,mul,base,-1
5559,166,19,32,int,mul,base,-1
5560,166,20,32,int,mul,base,-1
5561,166,21,32,int,mul,base,-1
5562,166,22,32,int,mul,base,-1
5563,166,23,32,int,mul,base,-1
5564,166,24,32,int,mul,base,-1
5565,166,25,32,int,mul,base,-1
5566,166,26,32,int,mul,base,-1
5567,166,27,32,int,mul,base,-1
5568,166,28,32,int,mul,base,-1
5569,166,29,32,int,mul,base,-1
5570,166,30,32,int,mul,base,-1
5571,166,31,32,int,mul,base,-1
5572,167,0,32,int,mul,operand,0
5573,167,1,32,int,mul,operand,0
5574,167,2,32,int,mul,operand,0
5575,167,3,32,int,mul,operand,0
5576,167,4,32,int,mul,operand,0
5577,167,5,32,int,mul,operand,0
5578,167,6,32,int,mul,operand,0
5579,167,7,32,int,mul,operand,0
5580,167,8,32,int,mul,operand,0
5581,167,9,32,int,mul,operand,0
5582,167,10,32,int,mul,operand,0
5583,167,11,32,int,mul,operand,0
5584,167,12,32,int,mul,operand,0
5585,167,13,32,int,mul,operand,0
5586,167,14,32,int,mul,operand,0
5587,167,15,32,int,mul,operand,0
5588,167,16,32,int,mul,operand,0
5589,167,17,32,int,mul,operand,0
5590,167,18,32,int,mul,operand,0
5591,167,19,32,int,mul,operand,0
5592,167,20,32,int,mul,operand,0
5593,167,21,32,int,mul,operand,0
5594,167,22,32,int,mul,operand,0
5595,167,23,32,int,mul,operand,0
5596,167,24,32,int,mul,operand,0
5597,167,25,32,int,mul,operand,0
5598,167,26,32,int,mul,operand,0
5599,167,27,32,int,mul,operand,0
5600,167,28,32,int,mul,operand,0
5601,167,29,32,int,mul,operand,0
5602,167,30,32,int,mul,operand,0
5603,167,31,32,int,mul,operand,0
5604,168,0,32,int,mul,operand,1
5605,168,1,32,int,mul,operand,1
5606,168,2,32,int,mul,operand,1
5607,168,3,32,int,mul,operand,1
5608,168,4,32,int,mul,operand,1
5609,168,5,32,int,mul,operand,1
5610,168,6,32,int,mul,operand,1
5611,168,7,32,int,mul,operand,1
5612,168,8,32,int,mul,operand,1
5613,168,9,32,int,mul,operand,1
5614,168,10,32,int,mul,operand,1
5615,168,11,32,int,mul,operand,1
5616,168,12,32,int,mul,operand,1
5617,168,13,32,int,mul,operand,1
5618,168,14,32,int,mul,operand,1
5619,168,15,32,int,mul,operand,1
5620,168,16,32,int,mul,operand,1
5621,168,17,32,int,mul,operand,1
5622,168,18,32,int,mul,operand,1
5623,168,19,32,int,mul,operand,1
5624,168,20,32,int,mul,operand,1
5625,168,21,32,int,mul,operand,1
5626,168,22,32,int,mul,operand,1
5627,168,23,32,int,mul,operand,1
5628,168,24,32,int,mul,operand,1
5629,168,25,32,int,mul,operand,1
5630,168,26,32,int,mul,operand,1
5631,168,27,32,int,mul,operand,1
5632,168,28,32,int,mul,operand,1
5633,168,29,32,int,mul,operand,1
5634,168,30,32,int,mul,operand,1
5635,168,31,32,int,mul,operand,1
5636,169,0,32,int,load,base,-1
5637,169,1,32,int,load,base,-1
5638,169,2,32,int,load,base,-1
5639,169,3,32,int,load,base,-1
5640,169,4,32,int,load,base,-1
5641,169,5,32,int,load,base,-1
5642,169,6,32,int,load,base,-1
5643,169,7,32,int,load,base,-1
5644,169,8,32,int,load,base,-1
5645,169,9,32,int,load,base,-1
5646,169,10,32,int,load,base,-1
5647,169,11,32,int,load,base,-1
5648,169,12,32,int,load,base,-1
5649,169,13,32,int,load,base,-1
5650,169,14,32,int,load,base,-1
5651,169,15,32,int,load,base,-1
5652,169,16,32,int,load,base,-1
5653,169,17,32,int,load,base,-1
5654,169,18,32,int,load,base,-1
5655,169,19,32,int,load,base,-1
5656,169,20,32,int,load,base,-1
5657,169,21,32,int,load,base,-1
5658,169,22,32,int,load,base,-1
5659,169,23,32,int,load,base,-1
5660,169,24,32,int,load,base,-1
5661,169,25,32,int,load,base,-1
5662,169,26,32,int,load,base,-1
5663,169,27,32,int,load,base,-1
5664,169,28,32,int,load,base,-1
5665,169,29,32,int,load,base,-1
5666,169,30,32,int,load,base,-1
5667,169,31,32,int,load,base,-1
5668,170,0,64,ptr,load,pointer,0
5669,170,1,64,ptr,load,pointer,0
5670,170,2,64,ptr,load,pointer,0
5671,170,3,64,ptr,load,pointer,0
5672,170,4,64,ptr,load,pointer,0
5673,170,5,64,ptr,load,pointer,0
5674,170,6,64,ptr,load,pointer,0
5675,170,7,64,ptr,load,pointer,0
5676,170,8,64,ptr,load,pointer,0
5677,170,9,64,ptr,load,pointer,0
5678,170,10,64,ptr,load,pointer,0
5679,170,11,64,ptr,load,pointer,0
5680,170,12,64,ptr,load,pointer,0
5681,170,13,64,ptr,load,pointer,0
5682,170,14,64,ptr,load,pointer,0
5683,170,15,64,ptr,load,pointer,0
5684,170,16,64,ptr,load,pointer,0
5685,170,17,64,ptr,load,pointer,0
5686,170,18,64,ptr,load,pointer,0
5687,170,19,64,ptr,load,pointer,0
5688,170,20,64,ptr,load,pointer,0
5689,170,21,64,ptr,load,pointer,0
5690,170,22,64,ptr,load,pointer,0
5691,170,23,64,ptr,load,pointer,0
5692,170,24,64,ptr,load,pointer,0
5693,170,25,64,ptr,load,pointer,0
5694,170,26,64,ptr,load,pointer,0
5695,170,27,64,ptr,load,pointer,0
5696,170,28,64,ptr,load,pointer,0
5697,170,29,64,ptr,load,pointer,0
5698,170,30,64,ptr,load,pointer,0
5699,170,31,64,ptr,load,pointer,0
5700,170,32,64,ptr,load,pointer,0
5701,170,33,64,ptr,load,pointer,0
5702,170,34,64,ptr,load,pointer,0
5703,170,35,64,ptr,load,pointer,0
5704,170,36,64,ptr,load,pointer,0
5705,170,37,64,ptr,load,pointer,0
5706,170,38,64,ptr,load,pointer,0
5707,170,39,64,ptr,load,pointer,0
5708,170,40,64,ptr,load,pointer,0
5709,170,41,64,ptr,load,pointer,0
5710,170,42,64,ptr,load,pointer,0
5711,170,43,64,ptr,load,pointer,0
5712,170,44,64,ptr,load,pointer,0
5713,170,45,64,ptr,load,pointer,0
5714,170,46,64,ptr,load,pointer,0
5715,170,47,64,ptr,load,pointer,0
5716,170,48,64,ptr,load,pointer,0
5717,170,49,64,ptr,load,pointer,0
5718,170,50,64,ptr,load,pointer,0
5719,170,51,64,ptr,load,pointer,0
5720,170,52,64,ptr,load,pointer,0
5721,170,53,64,ptr,load,pointer,0
5722,170,54,64,ptr,load,pointer,0
5723,170,55,64,ptr,load,pointer,0
5724,170,56,64,ptr,load,pointer,0
5725,170,57,64,ptr,load,pointer,0
5726,170,58,64,ptr,load,pointer,0
5727,170,59,64,ptr,load,pointer,0
5728,170,60,64,ptr,load,pointer,0
5729,170,61,64,ptr,load,pointer,0
5730,170,62,64,ptr,load,pointer,0
5731,170,63,64,ptr,load,pointer,0
5732,171,0,32,int,add,base,-1
5733,171,1,32,int,add,base,-1
5734,171,2,32,int,add,base,-1
5735,171,3,32,int,add,base,-1
5736,171,4,32,int,add,base,-1
5737,171,5,32,int,add,base,-1
5738,171,6,32,int,add,base,-1
5739,171,7,32,int,add,base,-1
5740,171,8,32,int,add,base,-1
5741,171,9,32,int,add,base,-1
5742,171,10,32,int,add,base,-1
5743,171,11,32,int,add,base,-1
5744,171,12,32,int,add,base,-1
5745,171,13,32,int,add,base,-1
5746,171,14,32,int,add,base,-1
5747,171,15,32,int,add,base,-1
5748,171,16,32,int,add,base,-1
5749,171,17,32,int,add,base,-1
5750,171,18,32,int,add,base,-1
5751,171,19,32,int,add,base,-1
5752,171,20,32,int,add,base,-1
5753,171,21,32,int,add,base,-1
5754,171,22,32,int,add,base,-1
5755,171,23,32,int,add,base,-1
5756,171,24,32,int,add,base,-1
5757,171,25,32,int,add,base,-1
5758,171,26,32,int,add,base,-1
5759,171,27,32,int,add,base,-1
5760,171,28,32,int,add,base,-1
5761,171,29,32,int,add,base,-1
5762,171,30,32,int,add,base,-1
5763,171,31,32,int,add,base,-1
5764,172,0,32,int,add,operand,0
5765,172,1,32,int,add,operand,0
5766,172,2,32,int,add,operand,0
5767,172,3,32,int,add,operand,0
5768,172,4,32,int,add,operand,0
5769,172,5,32,int,add,operand,0
5770,172,6,32,int,add,operand,0
5771,172,7,32,int,add,operand,0
5772,172,8,32,int,add,operand,0
5773,172,9,32,int,add,operand,0
5774,172,10,32,int,add,operand,0
5775,172,11,32,int,add,operand,0
5776,172,12,32,int,add,operand,0
5777,172,13,32,int,add,operand,0
5778,172,14,32,int,add,operand,0
5779,172,15,32,int,add,operand,0
5780,172,16,32,int,add,operand,0
5781,172,17,32,int,add,operand,0
5782,172,18,32,int,add,operand,0
5783,172,19,32,int,add,operand,0
5784,172,20,32,int,add,operand,0
5785,172,21,32,int,add,operand,0
5786,172,22,32,int,add,operand,0
5787,172,23,32,int,add,operand,0
5788,172,24,32,int,add,operand,0
5789,172,25,32,int,add,operand,0
5790,172,26,32,int,add,operand,0
5791,172,27,32,int,add,operand,0
5792,172,28,32,int,add,operand,0
5793,172,29,32,int,add,operand,0
5794,172,30,32,int,add,operand,0
5795,172,31,32,int,add,operand,0
5796,173,0,32,int,add,operand,1
5797,173,1,32,int,add,operand,1
5798,173,2,32,int,add,operand,1
5799,173,3,32,int,add,operand,1
5800,173,4,32,int,add,operand,1
5801,173,5,32,int,add,operand,1
5802,173,6,32,int,add,operand,1
5803,173,7,32,int,add,operand,1
5804,173,8,32,int,add,operand,1
5805,173,9,32,int,add,operand,1
5806,173,10,32,int,add,operand,1
5807,173,11,32,int,add,operand,1
5808,173,12,32,int,add,operand,1
5809,173,13,32,int,add,operand,1
5810,173,14,32,int,add,operand,1
5811,173,15,32,int,add,operand,1
5812,173,16,32,int,add,operand,1
5813,173,17,32,int,add,operand,1
5814,173,18,32,int,add,operand,1
5815,173,19,32,int,add,operand,1
5816,173,20,32,int,add,operand,1
5817,173,21,32,int,add,operand,1
5818,173,22,32,int,add,operand,1
5819,173,23,32,int,add,operand,1
5820,173,24,32,int,add,operand,1
5821,173,25,32,int,add,operand,1
5822,173,26,32,int,add,operand,1
5823,173,27,32,int,add,operand,1
5824,173,28,32,int,add,operand,1
5825,173,29,32,int,add,operand,1
5826,173,30,32,int,add,operand,1
5827,173,31,32,int,add,operand,1
5828,174,0,64,int,sext,base,-1
5829,174,1,64,int,sext,base,-1
5830,174,2,64,int,sext,base,-1
5831,174,3,64,int,sext,base,-1
5832,174,4,64,int,sext,base,-1
5833,174,5,64,int,sext,base,-1
5834,174,6,64,int,sext,base,-1
5835,174,7,64,int,sext,base,-1
5836,174,8,64,int,sext,base,-1
5837,174,9,64,int,sext,base,-1
5838,174,10,64,int,sext,base,-1
5839,174,11,64,int,sext,base,-1
5840,174,12,64,int,sext,base,-1
5841,174,13,64,int,sext,base,-1
5842,174,14,64,int,sext,base,-1
5843,174,15,64,int,sext,base,-1
5844,174,16,64,int,sext,base,-1
5845,174,17,64,int,sext,base,-1
5846,174,18,64,int,sext,base,-1
5847,174,19,64,int,sext,base,-1
5848,174,20,64,int,sext,base,-1
5849,174,21,64,int,sext,base,-1
5850,174,22,64,int,sext,base,-1
5851,174,23,64,int,sext,base,-1
5852,174,24,64,int,sext,base,-1
5853,174,25,64,int,sext,base,-1
5854,174,26,64,int,sext,base,-1
5855,174,27,64,int,sext,base,-1
5856,174,28,64,int,sext,base,-1
5857,174,29,64,int,sext,base,-1
5858,174,30,64,int,sext,base,-1
5859,174,31,64,int,sext,base,-1
5860,174,32,64,int,sext,base,-1
5861,174,33,64,int,sext,base,-1
5862,174,34,64,int,sext,base,-1
5863,174,35,64,int,sext,base,-1
5864,174,36,64,int,sext,base,-1
5865,174,37,64,int,sext,base,-1
5866,174,38,64,int,sext,base,-1
5867,174,39,64,int,sext,base,-1
5868,174,40,64,int,sext,base,-1
5869,174,41,64,int,sext,base,-1
5870,174,42,64,int,sext,base,-1
5871,174,43,64,int,sext,base,-1
5872,174,44,64,int,sext,base,-1
5873,174,45,64,int,sext,base,-1
5874,174,46,64,int,sext,base,-1
5875,174,47,64,int,sext,base,-1
5876,174,48,64,int,sext,base,-1
5877,174,49,64,int,sext,base,-1
5878,174,50,64,int,sext,base,-1
5879,174,51,64,int,sext,base,-1
5880,174,52,64,int,sext,base,-1
5881,174,53,64,int,sext,base,-1
5882,174,54,64,int,sext,base,-1
5883,174,55,64,int,sext,base,-1
5884,174,56,64,int,sext,base,-1
5885,174,57,64,int,sext,base,-1
5886,174,58,64,int,sext,base,-1
5887,174,59,64,int,sext,base,-1
5888,174,60,64,int,sext,base,-1
5889,174,61,64,int,sext,base,-1
5890,174,62,64,int,sext,base,-1
5891,174,63,64,int,sext,base,-1
5892,175,0,32,int,sext,operand,0
5893,175,1,32,int,sext,operand,0
5894,175,2,32,int,sext,operand,0
5895,175,3,32,int,sext,operand,0
5896,175,4,32,int,sext,operand,0
5897,175,5,32,int,sext,operand,0
5898,175,6,32,int,sext,operand,0
5899,175,7,32,int,sext,operand,0
5900,175,8,32,int,sext,operand,0
5901,175,9,32,int,sext,operand,0
5902,175,10,32,int,sext,operand,0
5903,175,11,32,int,sext,operand,0
5904,175,12,32,int,sext,operand,0
5905,175,13,32,int,sext,operand,0
5906,175,14,32,int,sext,operand,0
5907,175,15,32,int,sext,operand,0
5908,175,16,32,int,sext,operand,0
5909,175,17,32,int,sext,operand,0
5910,175,18,32,int,sext,operand,0
5911,175,19,32,int,sext,operand,0
5912,175,20,32,int,sext,operand,0
5913,175,21,32,int,sext,operand,0
5914,175,22,32,int,sext,operand,0
5915,175,23,32,int,sext,operand,0
5916,175,24,32,int,sext,operand,0
5917,175,25,32,int,sext,operand,0
5918,175,26,32,int,sext,operand,0
5919,175,27,32,int,sext,operand,0
5920,175,28,32,int,sext,operand,0
5921,175,29,32,int,sext,operand,0
5922,175,30,32,int,sext,operand,0
5923,175,31,32,int,sext,operand,0
5924,177,0,64,ptr,getelementptr,pointer,0
5925,177,1,64,ptr,getelementptr,pointer,0
5926,177,2,64,ptr,getelementptr,pointer,0
5927,177,3,64,ptr,getelementptr,pointer,0
5928,177,4,64,ptr,getelementptr,pointer,0
5929,177,5,64,ptr,getelementptr,pointer,0
5930,177,6,64,ptr,getelementptr,pointer,0
5931,177,7,64,ptr,getelementptr,pointer,0
5932,177,8,64,ptr,getelementptr,pointer,0
5933,177,9,64,ptr,getelementptr,pointer,0
5934,177,10,64,ptr,getelementptr,pointer,0
5935,177,11,64,ptr,getelementptr,pointer,0
5936,177,12,64,ptr,getelementptr,pointer,0
5937,177,13,64,ptr,getelementptr,pointer,0
5938,177,14,64,ptr,getelementptr,pointer,0
5939,177,15,64,ptr,getelementptr,pointer,0
5940,177,16,64,ptr,getelementptr,pointer,0
5941,177,17,64,ptr,getelementptr,pointer,0
5942,177,18,64,ptr,getelementptr,pointer,0
5943,177,19,64,ptr,getelementptr,pointer,0
5944,177,20,64,ptr,getelementptr,pointer,0
5945,177,21,64,ptr,getelementptr,pointer,0
5946,177,22,64,ptr,getelementptr,pointer,0
5947,177,23,64,ptr,getelementptr,pointer,0
5948,177,24,64,ptr,getelementptr,pointer,0
5949,177,25,64,ptr,getelementptr,pointer,0
5950,177,26,64,ptr,getelementptr,pointer,0
5951,177,27,64,ptr,getelementptr,pointer,0
5952,177,28,64,ptr,getelementptr,pointer,0
5953,177,29,64,ptr,getelementptr,pointer,0
5954,177,30,64,ptr,getelementptr,pointer,0
5955,177,31,64,ptr,getelementptr,pointer,0
5956,177,32,64,ptr,getelementptr,pointer,0
5957,177,33,64,ptr,getelementptr,pointer,0
5958,177,34,64,ptr,getelementptr,pointer,0
5959,177,35,64,ptr,getelementptr,pointer,0
5960,177,36,64,ptr,getelementptr,pointer,0
5961,177,37,64,ptr,getelementptr,pointer,0
5962,177,38,64,ptr,getelementptr,pointer,0
5963,177,39,64,ptr,getelementptr,pointer,0
5964,177,40,64,ptr,getelementptr,pointer,0
5965,177,41,64,ptr,getelementptr,pointer,0
5966,177,42,64,ptr,getelementptr,pointer,0
5967,177,43,64,ptr,getelementptr,pointer,0
5968,177,44,64,ptr,getelementptr,pointer,0
5969,177,45,64,ptr,getelementptr,pointer,0
5970,177,46,64,ptr,getelementptr,pointer,0
5971,177,47,64,ptr,getelementptr,pointer,0
5972,177,48,64,ptr,getelementptr,pointer,0
5973,177,49,64,ptr,getelementptr,pointer,0
5974,177,50,64,ptr,getelementptr,pointer,0
5975,177,51,64,ptr,getelementptr,pointer,0
5976,177,52,64,ptr,getelementptr,pointer,0
5977,177,53,64,ptr,getelementptr,pointer,0
5978,177,54,64,ptr,getelementptr,pointer,0
5979,177,55,64,ptr,getelementptr,pointer,0
5980,177,56,64,ptr,getelementptr,pointer,0
5981,177,57,64,ptr,getelementptr,pointer,0
5982,177,58,64,ptr,getelementptr,pointer,0
5983,177,59,64,ptr,getelementptr,pointer,0
5984,177,60,64,ptr,getelementptr,pointer,0
5985,177,61,64,ptr,getelementptr,pointer,0
5986,177,62,64,ptr,getelementptr,pointer,0
5987,177,63,64,ptr,getelementptr,pointer,0
5988,178,0,64,int,getelementptr,operand,1
5989,178,1,64,int,getelementptr,operand,1
5990,178,2,64,int,getelementptr,operand,1
5991,178,3,64,int,getelementptr,operand,1
5992,178,4,64,int,getelementptr,operand,1
5993,178,5,64,int,getelementptr,operand,1
5994,178,6,64,int,getelementptr,operand,1
5995,178,7,64,int,getelementptr,operand,1
5996,178,8,64,int,getelementptr,operand,1
5997,178,9,64,int,getelementptr,operand,1
5998,178,10,64,int,getelementptr,operand,1
5999,178,11,64,int,getelementptr,operand,1
6000,178,12,64,int,getelementptr,operand,1
6001,178,13,64,int,getelementptr,operand,1
6002,178,14,64,int,getelementptr,operand,1
6003,178,15,64,int,getelementptr,operand,1
6004,178,16,64,int,getelementptr,operand,1
6005,178,17,64,int,getelementptr,operand,1
6006,178,18,64,int,getelementptr,operand,1
6007,178,19,64,int,getelementptr,operand,1
6008,178,20,64,int,getelementptr,operand,1
6009,178,21,64,int,getelementptr,operand,1
6010,178,22,64,int,getelementptr,operand,1
6011,178,23,64,int,getelementptr,operand,1
6012,178,24,64,int,getelementptr,operand,1
6013,178,25,64,int,getelementptr,operand,1
6014,178,26,64,int,getelementptr,operand,1
6015,178,27,64,int,getelementptr,operand,1
6016,178,28,64,int,getelementptr,operand,1
6017,178,29,64,int,getelementptr,operand,1
6018,178,30,64,int,getelementptr,operand,1
6019,178,31,64,int,getelementptr,operand,1
6020,178,32,64,int,getelementptr,operand,1
6021,178,33,64,int,getelementptr,operand,1
6022,178,34,64,int,getelementptr,operand,1
6023,178,35,64,int,getelementptr,operand,1
6024,178,36,64,int,getelementptr,operand,1
6025,178,37,64,int,getelementptr,operand,1
6026,178,38,64,int,getelementptr,operand,1
6027,178,39,64,int,getelementptr,operand,1
6028,178,40,64,int,getelementptr,operand,1
6029,178,41,64,int,getelementptr,operand,1
6030,178,42,64,int,getelementptr,operand,1
6031,178,43,64,int,getelementptr,operand,1
6032,178,44,64,int,getelementptr,operand,1
6033,178,45,64,int,getelementptr,operand,1
6034,178,46,64,int,getelementptr,operand,1
6035,178,47,64,int,getelementptr,operand,1
6036,178,48,64,int,getelementptr,operand,1
6037,178,49,64,int,getelementptr,operand,1
6038,178,50,64,int,getelementptr,operand,1
6039,178,51,64,int,getelementptr,operand,1
6040,178,52,64,int,getelementptr,operand,1
6041,178,53,64,int,getelementptr,operand,1
6042,178,54,64,int,getelementptr,operand,1
6043,178,55,64,int,getelementptr,operand,1
6044,178,56,64,int,getelementptr,operand,1
6045,178,57,64,int,getelementptr,operand,1
6046,178,58,64,int,getelementptr,operand,1
6047,178,59,64,int,getelementptr,operand,1
6048,178,60,64,int,getelementptr,operand,1
6049,178,61,64,int,getelementptr,operand,1
6050,178,62,64,int,getelementptr,operand,1
6051,178,63,64,int,getelementptr,operand,1
6052,179,0,32,float,load,base,-1
6053,179,1,32,float,load,base,-1
6054,179,2,32,float,load,base,-1
6055,179,3,32,float,load,base,-1
6056,179,4,32,float,load,base,-1
6057,179,5,32,float,load,base,-1
6058,179,6,32,float,load,base,-1
6059,179,7,32,float,load,base,-1
6060,179,8,32,float,load,base,-1
6061,179,9,32,float,load,base,-1
6062,179,10,32,float,load,base,-1
6063,179,11,32,float,load,base,-1
6064,179,12,32,float,load,base,-1
6065,179,13,32,float,load,base,-1
6066,179,14,32,float,load,base,-1
6067,179,15,32,float,load,base,-1
6068,179,16,32,float,load,base,-1
6069,179,17,32,float,load,base,-1
6070,179,18,32,float,load,base,-1
6071,179,19,32,float,load,base,-1
6072,179,20,32,float,load,base,-1
6073,179,21,32,float,load,base,-1
6074,179,22,32,float,load,base,-1
6075,179,23,32,float,load,base,-1
6076,179,24,32,float,load,base,-1
6077,179,25,32,float,load,base,-1
6078,179,26,32,float,load,base,-1
6079,179,27,32,float,load,base,-1
6080,179,28,32,float,load,base,-1
6081,179,29,32,float,load,base,-1
6082,179,30,32,float,load,base,-1
6083,179,31,32,float,load,base,-1
6084,180,0,64,ptr,load,pointer,0
6085,180,1,64,ptr,load,pointer,0
6086,180,2,64,ptr,load,pointer,0
6087,180,3,64,ptr,load,pointer,0
6088,180,4,64,ptr,load,pointer,0
6089,180,5,64,ptr,load,pointer,0
6090,180,6,64,ptr,load,pointer,0
6091,180,7,64,ptr,load,pointer,0
6092,180,8,64,ptr,load,pointer,0
6093,180,9,64,ptr,load,pointer,0
6094,180,10,64,ptr,load,pointer,0
6095,180,11,64,ptr,load,pointer,0
6096,180,12,64,ptr,load,pointer,0
6097,180,13,64,ptr,load,pointer,0
6098,180,14,64,ptr,load,pointer,0
6099,180,15,64,ptr,load,pointer,0
6100,180,16,64,ptr,load,pointer,0
6101,180,17,64,ptr,load,pointer,0
6102,180,18,64,ptr,load,pointer,0
6103,180,19,64,ptr,load,pointer,0
6104,180,20,64,ptr,load,pointer,0
6105,180,21,64,ptr,load,pointer,0
6106,180,22,64,ptr,load,pointer,0
6107,180,23,64,ptr,load,pointer,0
6108,180,24,64,ptr,load,pointer,0
6109,180,25,64,ptr,load,pointer,0
6110,180,26,64,ptr,load,pointer,0
6111,180,27,64,ptr,load,pointer,0
6112,180,28,64,ptr,load,pointer,0
6113,180,29,64,ptr,load,pointer,0
6114,180,30,64,ptr,load,pointer,0
6115,180,31,64,ptr,load,pointer,0
6116,180,32,64,ptr,load,pointer,0
6117,180,33,64,ptr,load,pointer,0
6118,180,34,64,ptr,load,pointer,0
6119,180,35,64,ptr,load,pointer,0
6120,180,36,64,ptr,load,pointer,0
6121,180,37,64,ptr,load,pointer,0
6122,180,38,64,ptr,load,pointer,0
6123,180,39,64,ptr,load,pointer,0
6124,180,40,64,ptr,load,pointer,0
6125,180,41,64,ptr,load,pointer,0
6126,180,42,64,ptr,load,pointer,0
6127,180,43,64,ptr,load,pointer,0
6128,180,44,64,ptr,load,pointer,0
6129,180,45,64,ptr,load,pointer,0
6130,180,46,64,ptr,load,pointer,0
6131,180,47,64,ptr,load,pointer,0
6132,180,48,64,ptr,load,pointer,0
6133,180,49,64,ptr,load,pointer,0
6134,180,50,64,ptr,load,pointer,0
6135,180,51,64,ptr,load,pointer,0
6136,180,52,64,ptr,load,pointer,0
6137,180,53,64,ptr,load,pointer,0
6138,180,54,64,ptr,load,pointer,0
6139,180,55,64,ptr,load,pointer,0
6140,180,56,64,ptr,load,pointer,0
6141,180,57,64,ptr,load,pointer,0
6142,180,58,64,ptr,load,pointer,0
6143,180,59,64,ptr,load,pointer,0
6144,180,60,64,ptr,load,pointer,0
6145,180,61,64,ptr,load,pointer,0
6146,180,62,64,ptr,load,pointer,0
6147,180,63,64,ptr,load,pointer,0
6148,182,0,64,ptr,getelementptr,pointer,0
6149,182,1,64,ptr,getelementptr,pointer,0
6150,182,2,64,ptr,getelementptr,pointer,0
6151,182,3,64,ptr,getelementptr,pointer,0
6152,182,4,64,ptr,getelementptr,pointer,0
6153,182,5,64,ptr,getelementptr,pointer,0
6154,182,6,64,ptr,getelementptr,pointer,0
6155,182,7,64,ptr,getelementptr,pointer,0
6156,182,8,64,ptr,getelementptr,pointer,0
6157,182,9,64,ptr,getelementptr,pointer,0
6158,182,10,64,ptr,getelementptr,pointer,0
6159,182,11,64,ptr,getelementptr,pointer,0
6160,182,12,64,ptr,getelementptr,pointer,0
6161,182,13,64,ptr,getelementptr,pointer,0
6162,182,14,64,ptr,getelementptr,pointer,0
6163,182,15,64,ptr,getelementptr,pointer,0
6164,182,16,64,ptr,getelementptr,pointer,0
6165,182,17,64,ptr,getelementptr,pointer,0
6166,182,18,64,ptr,getelementptr,pointer,0
6167,182,19,64,ptr,getelementptr,pointer,0
6168,182,20,64,ptr,getelementptr,pointer,0
6169,182,21,64,ptr,getelementptr,pointer,0
6170,182,22,64,ptr,getelementptr,pointer,0
6171,182,23,64,ptr,getelementptr,pointer,0
6172,182,24,64,ptr,getelementptr,pointer,0
6173,182,25,64,ptr,getelementptr,pointer,0
6174,182,26,64,ptr,getelementptr,pointer,0
6175,182,27,64,ptr,getelementptr,pointer,0
6176,182,28,64,ptr,getelementptr,pointer,0
6177,182,29,64,ptr,getelementptr,pointer,0
6178,182,30,64,ptr,getelementptr,pointer,0
6179,182,31,64,ptr,getelementptr,pointer,0
6180,182,32,64,ptr,getelementptr,pointer,0
6181,182,33,64,ptr,getelementptr,pointer,0
6182,182,34,64,ptr,getelementptr,pointer,0
6183,182,35,64,ptr,getelementptr,pointer,0
6184,182,36,64,ptr,getelementptr,pointer,0
6185,182,37,64,ptr,getelementptr,pointer,0
6186,182,38,64,ptr,getelementptr,pointer,0
6187,182,39,64,ptr,getelementptr,pointer,0
6188,182,40,64,ptr,getelementptr,pointer,0
6189,182,41,64,ptr,getelementptr,pointer,0
6190,182,42,64,ptr,getelementptr,pointer,0
6191,182,43,64,ptr,getelementptr,pointer,0
6192,182,44,64,ptr,getelementptr,pointer,0
6193,182,45,64,ptr,getelementptr,pointer,0
6194,182,46,64,ptr,getelementptr,pointer,0
6195,182,47,64,ptr,getelementptr,pointer,0
6196,182,48,64,ptr,getelementptr,pointer,0
6197,182,49,64,ptr,getelementptr,pointer,0
6198,182,50,64,ptr,getelementptr,pointer,0
6199,182,51,64,ptr,getelementptr,pointer,0
6200,182,52,64,ptr,getelementptr,pointer,0
6201,182,53,64,ptr,getelementptr,pointer,0
6202,182,54,64,ptr,getelementptr,pointer,0
6203,182,55,64,ptr,getelementptr,pointer,0
6204,182,56,64,ptr,getelementptr,pointer,0
6205,182,57,64,ptr,getelementptr,pointer,0
6206,182,58,64,ptr,getelementptr,pointer,0
6207,182,59,64,ptr,getelementptr,pointer,0
6208,182,60,64,ptr,getelementptr,pointer,0
6209,182,61,64,ptr,getelementptr,pointer,0
6210,182,62,64,ptr,getelementptr,pointer,0
6211,182,63,64,ptr,getelementptr,pointer,0
6212,184,0,64,ptr,load,pointer,0
6213,184,1,64,ptr,load,pointer,0
6214,184,2,64,ptr,load,pointer,0
6215,184,3,64,ptr,load,pointer,0
6216,184,4,64,ptr,load,pointer,0
6217,184,5,64,ptr,load,pointer,0
6218,184,6,64,ptr,load,pointer,0
6219,184,7,64,ptr,load,pointer,0
6220,184,8,64,ptr,load,pointer,0
6221,184,9,64,ptr,load,pointer,0
6222,184,10,64,ptr,load,pointer,0
6223,184,11,64,ptr,load,pointer,0
6224,184,12,64,ptr,load,pointer,0
6225,184,13,64,ptr,load,pointer,0
6226,184,14,64,ptr,load,pointer,0
6227,184,15,64,ptr,load,pointer,0
6228,184,16,64,ptr,load,pointer,0
6229,184,17,64,ptr,load,pointer,0
6230,184,18,64,ptr,load,pointer,0
6231,184,19,64,ptr,load,pointer,0
6232,184,20,64,ptr,load,pointer,0
6233,184,21,64,ptr,load,pointer,0
6234,184,22,64,ptr,load,pointer,0
6235,184,23,64,ptr,load,pointer,0
6236,184,24,64,ptr,load,pointer,0
6237,184,25,64,ptr,load,pointer,0
6238,184,26,64,ptr,load,pointer,0
6239,184,27,64,ptr,load,pointer,0
6240,184,28,64,ptr,load,pointer,0
6241,184,29,64,ptr,load,pointer,0
6242,184,30,64,ptr,load,pointer,0
6243,184,31,64,ptr,load,pointer,0
6244,184,32,64,ptr,load,pointer,0
6245,184,33,64,ptr,load,pointer,0
6246,184,34,64,ptr,load,pointer,0
6247,184,35,64,ptr,load,pointer,0
6248,184,36,64,ptr,load,pointer,0
6249,184,37,64,ptr,load,pointer,0
6250,184,38,64,ptr,load,pointer,0
6251,184,39,64,ptr,load,pointer,0
6252,184,40,64,ptr,load,pointer,0
6253,184,41,64,ptr,load,pointer,0
6254,184,42,64,ptr,load,pointer,0
6255,184,43,64,ptr,load,pointer,0
6256,184,44,64,ptr,load,pointer,0
6257,184,45,64,ptr,load,pointer,0
6258,184,46,64,ptr,load,pointer,0
6259,184,47,64,ptr,load,pointer,0
6260,184,48,64,ptr,load,pointer,0
6261,184,49,64,ptr,load,pointer,0
6262,184,50,64,ptr,load,pointer,0
6263,184,51,64,ptr,load,pointer,0
6264,184,52,64,ptr,load,pointer,0
6265,184,53,64,ptr,load,pointer,0
6266,184,54,64,ptr,load,pointer,0
6267,184,55,64,ptr,load,pointer,0
6268,184,56,64,ptr,load,pointer,0
6269,184,57,64,ptr,load,pointer,0
6270,184,58,64,ptr,load,pointer,0
6271,184,59,64,ptr,load,pointer,0
6272,184,60,64,ptr,load,pointer,0
6273,184,61,64,ptr,load,pointer,0
6274,184,62,64,ptr,load,pointer,0
6275,184,63,64,ptr,load,pointer,0
6276,185,0,32,int,load,base,-1
6277,185,1,32,int,load,base,-1
6278,185,2,32,int,load,base,-1
6279,185,3,32,int,load,base,-1
6280,185,4,32,int,load,base,-1
6281,185,5,32,int,load,base,-1
6282,185,6,32,int,load,base,-1
6283,185,7,32,int,load,base,-1
6284,185,8,32,int,load,base,-1
6285,185,9,32,int,load,base,-1
6286,185,10,32,int,load,base,-1
6287,185,11,32,int,load,base,-1
6288,185,12,32,int,load,base,-1
6289,185,13,32,int,load,base,-1
6290,185,14,32,int,load,base,-1
6291,185,15,32,int,load,base,-1
6292,185,16,32,int,load,base,-1
6293,185,17,32,int,load,base,-1
6294,185,18,32,int,load,base,-1
6295,185,19,32,int,load,base,-1
6296,185,20,32,int,load,base,-1
6297,185,21,32,int,load,base,-1
6298,185,22,32,int,load,base,-1
6299,185,23,32,int,load,base,-1
6300,185,24,32,int,load,base,-1
6301,185,25,32,int,load,base,-1
6302,185,26,32,int,load,base,-1
6303,185,27,32,int,load,base,-1
6304,185,28,32,int,load,base,-1
6305,185,29,32,int,load,base,-1
6306,185,30,32,int,load,base,-1
6307,185,31,32,int,load,base,-1
6308,186,0,64,ptr,load,pointer,0
6309,186,1,64,ptr,load,pointer,0
6310,186,2,64,ptr,load,pointer,0
6311,186,3,64,ptr,load,pointer,0
6312,186,4,64,ptr,load,pointer,0
6313,186,5,64,ptr,load,pointer,0
6314,186,6,64,ptr,load,pointer,0
6315,186,7,64,ptr,load,pointer,0
6316,186,8,64,ptr,load,pointer,0
6317,186,9,64,ptr,load,pointer,0
6318,186,10,64,ptr,load,pointer,0
6319,186,11,64,ptr,load,pointer,0
6320,186,12,64,ptr,load,pointer,0
6321,186,13,64,ptr,load,pointer,0
6322,186,14,64,ptr,load,pointer,0
6323,186,15,64,ptr,load,pointer,0
6324,186,16,64,ptr,load,pointer,0
6325,186,17,64,ptr,load,pointer,0
6326,186,18,64,ptr,load,pointer,0
6327,186,19,64,ptr,load,pointer,0
6328,186,20,64,ptr,load,pointer,0
6329,186,21,64,ptr,load,pointer,0
6330,186,22,64,ptr,load,pointer,0
6331,186,23,64,ptr,load,pointer,0
6332,186,24,64,ptr,load,pointer,0
6333,186,25,64,ptr,load,pointer,0
6334,186,26,64,ptr,load,pointer,0
6335,186,27,64,ptr,load,pointer,0
6336,186,28,64,ptr,load,pointer,0
6337,186,29,64,ptr,load,pointer,0
6338,186,30,64,ptr,load,pointer,0
6339,186,31,64,ptr,load,pointer,0
6340,186,32,64,ptr,load,pointer,0
6341,186,33,64,ptr,load,pointer,0
6342,186,34,64,ptr,load,pointer,0
6343,186,35,64,ptr,load,pointer,0
6344,186,36,64,ptr,load,pointer,0
6345,186,37,64,ptr,load,pointer,0
6346,186,38,64,ptr,load,pointer,0
6347,186,39,64,ptr,load,pointer,0
6348,186,40,64,ptr,load,pointer,0
6349,186,41,64,ptr,load,pointer,0
6350,186,42,64,ptr,load,pointer,0
6351,186,43,64,ptr,load,pointer,0
6352,186,44,64,ptr,load,pointer,0
6353,186,45,64,ptr,load,pointer,0
6354,186,46,64,ptr,load,pointer,0
6355,186,47,64,ptr,load,pointer,0
6356,186,48,64,ptr,load,pointer,0
6357,186,49,64,ptr,load,pointer,0
6358,186,50,64,ptr,load,pointer,0
6359,186,51,64,ptr,load,pointer,0
6360,186,52,64,ptr,load,pointer,0
6361,186,53,64,ptr,load,pointer,0
6362,186,54,64,ptr,load,pointer,0
6363,186,55,64,ptr,load,pointer,0
6364,186,56,64,ptr,load,pointer,0
6365,186,57,64,ptr,load,pointer,0
6366,186,58,64,ptr,load,pointer,0
6367,186,59,64,ptr,load,pointer,0
6368,186,60,64,ptr,load,pointer,0
6369,186,61,64,ptr,load,pointer,0
6370,186,62,64,ptr,load,pointer,0
6371,186,63,64,ptr,load,pointer,0
6372,188,0,64,ptr,getelementptr,pointer,0
6373,188,1,64,ptr,getelementptr,pointer,0
6374,188,2,64,ptr,getelementptr,pointer,0
6375,188,3,64,ptr,getelementptr,pointer,0
6376,188,4,64,ptr,getelementptr,pointer,0
6377,188,5,64,ptr,getelementptr,pointer,0
6378,188,6,64,ptr,getelementptr,pointer,0
6379,188,7,64,ptr,getelementptr,pointer,0
6380,188,8,64,ptr,getelementptr,pointer,0
6381,188,9,64,ptr,getelementptr,pointer,0
6382,188,10,64,ptr,getelementptr,pointer,0
6383,188,11,64,ptr,getelementptr,pointer,0
6384,188,12,64,ptr,getelementptr,pointer,0
6385,188,13,64,ptr,getelementptr,pointer,0
6386,188,14,64,ptr,getelementptr,pointer,0
6387,188,15,64,ptr,getelementptr,pointer,0
6388,188,16,64,ptr,getelementptr,pointer,0
6389,188,17,64,ptr,getelementptr,pointer,0
6390,188,18,64,ptr,getelementptr,pointer,0
6391,188,19,64,ptr,getelementptr,pointer,0
6392,188,20,64,ptr,getelementptr,pointer,0
6393,188,21,64,ptr,getelementptr,pointer,0
6394,188,22,64,ptr,getelementptr,pointer,0
6395,188,23,64,ptr,getelementptr,pointer,0
6396,188,24,64,ptr,getelementptr,pointer,0
6397,188,25,64,ptr,getelementptr,pointer,0
6398,188,26,64,ptr,getelementptr,pointer,0
6399,188,27,64,ptr,getelementptr,pointer,0
6400,188,28,64,ptr,getelementptr,pointer,0
6401,188,29,64,ptr,getelementptr,pointer,0
6402,188,30,64,ptr,getelementptr,pointer,0
6403,188,31,64,ptr,getelementptr,pointer,0
6404,188,32,64,ptr,getelementptr,pointer,0
6405,188,33,64,ptr,getelementptr,pointer,0
6406,188,34,64,ptr,getelementptr,pointer,0
6407,188,35,64,ptr,getelementptr,pointer,0
6408,188,36,64,ptr,getelementptr,pointer,0
6409,188,37,64,ptr,getelementptr,pointer,0
6410,188,38,64,ptr,getelementptr,pointer,0
6411,188,39,64,ptr,getelementptr,pointer,0
6412,188,40,64,ptr,getelementptr,pointer,0
6413,188,41,64,ptr,getelementptr,pointer,0
6414,188,42,64,ptr,getelementptr,pointer,0
6415,188,43,64,ptr,getelementptr,pointer,0
6416,188,44,64,ptr,getelementptr,pointer,0
6417,188,45,64,ptr,getelementptr,pointer,0
6418,188,46,64,ptr,getelementptr,pointer,0
6419,188,47,64,ptr,getelementptr,pointer,0
6420,188,48,64,ptr,getelementptr,pointer,0
6421,188,49,64,ptr,getelementptr,pointer,0
6422,188,50,64,ptr,getelementptr,pointer,0
6423,188,51,64,ptr,getelementptr,pointer,0
6424,188,52,64,ptr,getelementptr,pointer,0
6425,188,53,64,ptr,getelementptr,pointer,0
6426,188,54,64,ptr,getelementptr,pointer,0
6427,188,55,64,ptr,getelementptr,pointer,0
6428,188,56,64,ptr,getelementptr,pointer,0
6429,188,57,64,ptr,getelementptr,pointer,0
6430,188,58,64,ptr,getelementptr,pointer,0
6431,188,59,64,ptr,getelementptr,pointer,0
6432,188,60,64,ptr,getelementptr,pointer,0
6433,188,61,64,ptr,getelementptr,pointer,0
6434,188,62,64,ptr,getelementptr,pointer,0
6435,188,63,64,ptr,getelementptr,pointer,0
6436,189,0,32,int,load,base,-1
6437,189,1,32,int,load,base,-1
6438,189,2,32,int,load,base,-1
6439,189,3,32,int,load,base,-1
6440,189,4,32,int,load,base,-1
6441,189,5,32,int,load,base,-1
6442,189,6,32,int,load,base,-1
6443,189,7,32,int,load,base,-1
6444,189,8,32,int,load,base,-1
6445,189,9,32,int,load,base,-1
6446,189,10,32,int,load,base,-1
6447,189,11,32,int,load,base,-1
6448,189,12,32,int,load,base,-1
6449,189,13,32,int,load,base,-1
6450,189,14,32,int,load,base,-1
6451,189,15,32,int,load,base,-1
6452,189,16,32,int,load,base,-1
6453,189,17,32,int,load,base,-1
6454,189,18,32,int,load,base,-1
6455,189,19,32,int,load,base,-1
6456,189,20,32,int,load,base,-1
6457,189,21,32,int,load,base,-1
6458,189,22,32,int,load,base,-1
6459,189,23,32,int,load,base,-1
6460,189,24,32,int,load,base,-1
6461,189,25,32,int,load,base,-1
6462,189,26,32,int,load,base,-1
6463,189,27,32,int,load,base,-1
6464,189,28,32,int,load,base,-1
6465,189,29,32,int,load,base,-1
6466,189,30,32,int,load,base,-1
6467,189,31,32,int,load,base,-1
6468,190,0,64,ptr,load,pointer,0
6469,190,1,64,ptr,load,pointer,0
6470,190,2,64,ptr,load,pointer,0
6471,190,3,64,ptr,load,pointer,0
6472,190,4,64,ptr,load,pointer,0
6473,190,5,64,ptr,load,pointer,0
6474,190,6,64,ptr,load,pointer,0
6475,190,7,64,ptr,load,pointer,0
6476,190,8,64,ptr,load,pointer,0
6477,190,9,64,ptr,load,pointer,0
6478,190,10,64,ptr,load,pointer,0
6479,190,11,64,ptr,load,pointer,0
6480,190,12,64,ptr,load,pointer,0
6481,190,13,64,ptr,load,pointer,0
6482,190,14,64,ptr,load,pointer,0
6483,190,15,64,ptr,load,pointer,0
6484,190,16,64,ptr,load,pointer,0
6485,190,17,64,ptr,load,pointer,0
6486,190,18,64,ptr,load,pointer,0
6487,190,19,64,ptr,load,pointer,0
6488,190,20,64,ptr,load,pointer,0
6489,190,21,64,ptr,load,pointer,0
6490,190,22,64,ptr,load,pointer,0
6491,190,23,64,ptr,load,pointer,0
6492,190,24,64,ptr,load,pointer,0
6493,190,25,64,ptr,load,pointer,0
6494,190,26,64,ptr,load,pointer,0
6495,190,27,64,ptr,load,pointer,0
6496,190,28,64,ptr,load,pointer,0
6497,190,29,64,ptr,load,pointer,0
6498,190,30,64,ptr,load,pointer,0
6499,190,31,64,ptr,load,pointer,0
6500,190,32,64,ptr,load,pointer,0
6501,190,33,64,ptr,load,pointer,0
6502,190,34,64,ptr,load,pointer,0
6503,190,35,64,ptr,load,pointer,0
6504,190,36,64,ptr,load,pointer,0
6505,190,37,64,ptr,load,pointer,0
6506,190,38,64,ptr,load,pointer,0
6507,190,39,64,ptr,load,pointer,0
6508,190,40,64,ptr,load,pointer,0
6509,190,41,64,ptr,load,pointer,0
6510,190,42,64,ptr,load,pointer,0
6511,190,43,64,ptr,load,pointer,0
6512,190,44,64,ptr,load,pointer,0
6513,190,45,64,ptr,load,pointer,0
6514,190,46,64,ptr,load,pointer,0
6515,190,47,64,ptr,load,pointer,0
6516,190,48,64,ptr,load,pointer,0
6517,190,49,64,ptr,load,pointer,0
6518,190,50,64,ptr,load,pointer,0
6519,190,51,64,ptr,load,pointer,0
6520,190,52,64,ptr,load,pointer,0
6521,190,53,64,ptr,load,pointer,0
6522,190,54,64,ptr,load,pointer,0
6523,190,55,64,ptr,load,pointer,0
6524,190,56,64,ptr,load,pointer,0
6525,190,57,64,ptr,load,pointer,0
6526,190,58,64,ptr,load,pointer,0
6527,190,59,64,ptr,load,pointer,0
6528,190,60,64,ptr,load,pointer,0
6529,190,61,64,ptr,load,pointer,0
6530,190,62,64,ptr,load,pointer,0
6531,190,63,64,ptr,load,pointer,0
6532,191,0,32,int,mul,base,-1
6533,191,1,32,int,mul,base,-1
6534,191,2,32,int,mul,base,-1
6535,191,3,32,int,mul,base,-1
6536,191,4,32,int,mul,base,-1
6537,191,5,32,int,mul,base,-1
6538,191,6,32,int,mul,base,-1
6539,191,7,32,int,mul,base,-1
6540,191,8,32,int,mul,base,-1
6541,191,9,32,int,mul,base,-1
6542,191,10,32,int,mul,base,-1
6543,191,11,32,int,mul,base,-1
6544,191,12,32,int,mul,base,-1
6545,191,13,32,int,mul,base,-1
6546,191,14,32,int,mul,base,-1
6547,191,15,32,int,mul,base,-1
6548,191,16,32,int,mul,base,-1
6549,191,17,32,int,mul,base,-1
6550,191,18,32,int,mul,base,-1
6551,191,19,32,int,mul,base,-1
6552,191,20,32,int,mul,base,-1
6553,191,21,32,int,mul,base,-1
6554,191,22,32,int,mul,base,-1
6555,191,23,32,int,mul,base,-1
6556,191,24,32,int,mul,base,-1
6557,191,25,32,int,mul,base,-1
6558,191,26,32,int,mul,base,-1
6559,191,27,32,int,mul,base,-1
6560,191,28,32,int,mul,base,-1
6561,191,29,32,int,mul,base,-1
6562,191,30,32,int,mul,base,-1
6563,191,31,32,int,mul,base,-1
6564,192,0,32,int,mul,operand,0
6565,192,1,32,int,mul,operand,0
6566,192,2,32,int,mul,operand,0
6567,192,3,32,int,mul,operand,0
6568,192,4,32,int,mul,operand,0
6569,192,5,32,int,mul,operand,0
6570,192,6,32,int,mul,operand,0
6571,192,7,32,int,mul,operand,0
6572,192,8,32,int,mul,operand,0
6573,192,9,32,int,mul,operand,0
6574,192,10,32,int,mul,operand,0
6575,192,11,32,int,mul,operand,0
6576,192,12,32,int,mul,operand,0
6577,192,13,32,int,mul,operand,0
6578,192,14,32,int,mul,operand,0
6579,192,15,32,int,mul,operand,0
6580,192,16,32,int,mul,operand,0
6581,192,17,32,int,mul,operand,0
6582,192,18,32,int,mul,operand,0
6583,192,19,32,int,mul,operand,0
6584,192,20,32,int,mul,operand,0
6585,192,21,32,int,mul,operand,0
6586,192,22,32,int,mul,operand,0
6587,192,23,32,int,mul,operand,0
6588,192,24,32,int,mul,operand,0
6589,192,25,32,int,mul,operand,0
6590,192,26,32,int,mul,operand,0
6591,192,27,32,int,mul,operand,0
6592,192,28,32,int,mul,operand,0
6593,192,29,32,int,mul,operand,0
6594,192,30,32,int,mul,operand,0
6595,192,31,32,int,mul,operand,0
6596,193,0,32,int,mul,operand,1
6597,193,1,32,int,mul,operand,1
6598,193,2,32,int,mul,operand,1
6599,193,3,32,int,mul,operand,1
6600,193,4,32,int,mul,operand,1
6601,193,5,32,int,mul,operand,1
6602,193,6,32,int,mul,operand,1
6603,193,7,32,int,mul,operand,1
6604,193,8,32,int,mul,operand,1
6605,193,9,32,int,mul,operand,1
6606,193,10,32,int,mul,operand,1
6607,193,11,32,int,mul,operand,1
6608,193,12,32,int,mul,operand,1
6609,193,13,32,int,mul,operand,1
6610,193,14,32,int,mul,operand,1
6611,193,15,32,int,mul,operand,1
6612,193,16,32,int,mul,operand,1
6613,193,17,32,int,mul,operand,1
6614,193,18,32,int,mul,operand,1
6615,193,19,32,int,mul,operand,1
6616,193,20,32,int,mul,operand,1
6617,193,21,32,int,mul,operand,1
6618,193,22,32,int,mul,operand,1
6619,193,23,32,int,mul,operand,1
6620,193,24,32,int,mul,operand,1
6621,193,25,32,int,mul,operand,1
6622,193,26,32,int,mul,operand,1
6623,193,27,32,int,mul,operand,1
6624,193,28,32,int,mul,operand,1
6625,193,29,32,int,mul,operand,1
6626,193,30,32,int,mul,operand,1
6627,193,31,32,int,mul,operand,1
6628,194,0,32,int,load,base,-1
6629,194,1,32,int,load,base,-1
6630,194,2,32,int,load,base,-1
6631,194,3,32,int,load,base,-1
6632,194,4,32,int,load,base,-1
6633,194,5,32,int,load,base,-1
6634,194,6,32,int,load,base,-1
6635,194,7,32,int,load,base,-1
6636,194,8,32,int,load,base,-1
6637,194,9,32,int,load,base,-1
6638,194,10,32,int,load,base,-1
6639,194,11,32,int,load,base,-1
6640,194,12,32,int,load,base,-1
6641,194,13,32,int,load,base,-1
6642,194,14,32,int,load,base,-1
6643,194,15,32,int,load,base,-1
6644,194,16,32,int,load,base,-1
6645,194,17,32,int,load,base,-1
6646,194,18,32,int,load,base,-1
6647,194,19,32,int,load,base,-1
6648,194,20,32,int,load,base,-1
6649,194,21,32,int,load,base,-1
6650,194,22,32,int,load,base,-1
6651,194,23,32,int,load,base,-1
6652,194,24,32,int,load,base,-1
6653,194,25,32,int,load,base,-1
6654,194,26,32,int,load,base,-1
6655,194,27,32,int,load,base,-1
6656,194,28,32,int,load,base,-1
6657,194,29,32,int,load,base,-1
6658,194,30,32,int,load,base,-1
6659,194,31,32,int,load,base,-1
6660,195,0,64,ptr,load,pointer,0
6661,195,1,64,ptr,load,pointer,0
6662,195,2,64,ptr,load,pointer,0
6663,195,3,64,ptr,load,pointer,0
6664,195,4,64,ptr,load,pointer,0
6665,195,5,64,ptr,load,pointer,0
6666,195,6,64,ptr,load,pointer,0
6667,195,7,64,ptr,load,pointer,0
6668,195,8,64,ptr,load,pointer,0
6669,195,9,64,ptr,load,pointer,0
6670,195,10,64,ptr,load,pointer,0
6671,195,11,64,ptr,load,pointer,0
6672,195,12,64,ptr,load,pointer,0
6673,195,13,64,ptr,load,pointer,0
6674,195,14,64,ptr,load,pointer,0
6675,195,15,64,ptr,load,pointer,0
6676,195,16,64,ptr,load,pointer,0
6677,195,17,64,ptr,load,pointer,0
6678,195,18,64,ptr,load,pointer,0
6679,195,19,64,ptr,load,pointer,0
6680,195,20,64,ptr,load,pointer,0
6681,195,21,64,ptr,load,pointer,0
6682,195,22,64,ptr,load,pointer,0
6683,195,23,64,ptr,load,pointer,0
6684,195,24,64,ptr,load,pointer,0
6685,195,25,64,ptr,load,pointer,0
6686,195,26,64,ptr,load,pointer,0
6687,195,27,64,ptr,load,pointer,0
6688,195,28,64,ptr,load,pointer,0
6689,195,29,64,ptr,load,pointer,0
6690,195,30,64,ptr,load,pointer,0
6691,195,31,64,ptr,load,pointer,0
6692,195,32,64,ptr,load,pointer,0
6693,195,33,64,ptr,load,pointer,0
6694,195,34,64,ptr,load,pointer,0
6695,195,35,64,ptr,load,pointer,0
6696,195,36,64,ptr,load,pointer,0
6697,195,37,64,ptr,load,pointer,0
6698,195,38,64,ptr,load,pointer,0
6699,195,39,64,ptr,load,pointer,0
6700,195,40,64,ptr,load,pointer,0
6701,195,41,64,ptr,load,pointer,0
6702,195,42,64,ptr,load,pointer,0
6703,195,43,64,ptr,load,pointer,0
6704,195,44,64,ptr,load,pointer,0
6705,195,45,64,ptr,load,pointer,0
6706,195,46,64,ptr,load,pointer,0
6707,195,47,64,ptr,load,pointer,0
6708,195,48,64,ptr,load,pointer,0
6709,195,49,64,ptr,load,pointer,0
6710,195,50,64,ptr,load,pointer,0
6711,195,51,64,ptr,load,pointer,0
6712,195,52,64,ptr,load,pointer,0
6713,195,53,64,ptr,load,pointer,0
6714,195,54,64,ptr,load,pointer,0
6715,195,55,64,ptr,load,pointer,0
6716,195,56,64,ptr,load,pointer,0
6717,195,57,64,ptr,load,pointer,0
6718,195,58,64,ptr,load,pointer,0
6719,195,59,64,ptr,load,pointer,0
6720,195,60,64,ptr,load,pointer,0
6721,195,61,64,ptr,load,pointer,0
6722,195,62,64,ptr,load,pointer,0
6723,195,63,64,ptr,load,pointer,0
6724,196,0,32,int,add,base,-1
6725,196,1,32,int,add,base,-1
6726,196,2,32,int,add,base,-1
6727,196,3,32,int,add,base,-1
6728,196,4,32,int,add,base,-1
6729,196,5,32,int,add,base,-1
6730,196,6,32,int,add,base,-1
6731,196,7,32,int,add,base,-1
6732,196,8,32,int,add,base,-1
6733,196,9,32,int,add,base,-1
6734,196,10,32,int,add,base,-1
6735,196,11,32,int,add,base,-1
6736,196,12,32,int,add,base,-1
6737,196,13,32,int,add,base,-1
6738,196,14,32,int,add,base,-1
6739,196,15,32,int,add,base,-1
6740,196,16,32,int,add,base,-1
6741,196,17,32,int,add,base,-1
6742,196,18,32,int,add,base,-1
6743,196,19,32,int,add,base,-1
6744,196,20,32,int,add,base,-1
6745,196,21,32,int,add,base,-1
6746,196,22,32,int,add,base,-1
6747,196,23,32,int,add,base,-1
6748,196,24,32,int,add,base,-1
6749,196,25,32,int,add,base,-1
6750,196,26,32,int,add,base,-1
6751,196,27,32,int,add,base,-1
6752,196,28,32,int,add,base,-1
6753,196,29,32,int,add,base,-1
6754,196,30,32,int,add,base,-1
6755,196,31,32,int,add,base,-1
6756,197,0,32,int,add,operand,0
6757,197,1,32,int,add,operand,0
6758,197,2,32,int,add,operand,0
6759,197,3,32,int,add,operand,0
6760,197,4,32,int,add,operand,0
6761,197,5,32,int,add,operand,0
6762,197,6,32,int,add,operand,0
6763,197,7,32,int,add,operand,0
6764,197,8,32,int,add,operand,0
6765,197,9,32,int,add,operand,0
6766,197,10,32,int,add,operand,0
6767,197,11,32,int,add,operand,0
6768,197,12,32,int,add,operand,0
6769,197,13,32,int,add,operand,0
6770,197,14,32,int,add,operand,0
6771,197,15,32,int,add,operand,0
6772,197,16,32,int,add,operand,0
6773,197,17,32,int,add,operand,0
6774,197,18,32,int,add,operand,0
6775,197,19,32,int,add,operand,0
6776,197,20,32,int,add,operand,0
6777,197,21,32,int,add,operand,0
6778,197,22,32,int,add,operand,0
6779,197,23,32,int,add,operand,0
6780,197,24,32,int,add,operand,0
6781,197,25,32,int,add,operand,0
6782,197,26,32,int,add,operand,0
6783,197,27,32,int,add,operand,0
6784,197,28,32,int,add,operand,0
6785,197,29,32,int,add,operand,0
6786,197,30,32,int,add,operand,0
6787,197,31,32,int,add,operand,0
6788,198,0,32,int,add,operand,1
6789,198,1,32,int,add,operand,1
6790,198,2,32,int,add,operand,1
6791,198,3,32,int,add,operand,1
6792,198,4,32,int,add,operand,1
6793,198,5,32,int,add,operand,1
6794,198,6,32,int,add,operand,1
6795,198,7,32,int,add,operand,1
6796,198,8,32,int,add,operand,1
6797,198,9,32,int,add,operand,1
6798,198,10,32,int,add,operand,1
6799,198,11,32,int,add,operand,1
6800,198,12,32,int,add,operand,1
6801,198,13,32,int,add,operand,1
6802,198,14,32,int,add,operand,1
6803,198,15,32,int,add,operand,1
6804,198,16,32,int,add,operand,1
6805,198,17,32,int,add,operand,1
6806,198,18,32,int,add,operand,1
6807,198,19,32,int,add,operand,1
6808,198,20,32,int,add,operand,1
6809,198,21,32,int,add,operand,1
6810,198,22,32,int,add,operand,1
6811,198,23,32,int,add,operand,1
6812,198,24,32,int,add,operand,1
6813,198,25,32,int,add,operand,1
6814,198,26,32,int,add,operand,1
6815,198,27,32,int,add,operand,1
6816,198,28,32,int,add,operand,1
6817,198,29,32,int,add,operand,1
6818,198,30,32,int,add,operand,1
6819,198,31,32,int,add,operand,1
6820,199,0,64,int,sext,base,-1
6821,199,1,64,int,sext,base,-1
6822,199,2,64,int,sext,base,-1
6823,199,3,64,int,sext,base,-1
6824,199,4,64,int,sext,base,-1
6825,199,5,64,int,sext,base,-1
6826,199,6,64,int,sext,base,-1
6827,199,7,64,int,sext,base,-1
6828,199,8,64,int,sext,base,-1
6829,199,9,64,int,sext,base,-1
6830,199,10,64,int,sext,base,-1
6831,199,11,64,int,sext,base,-1
6832,199,12,64,int,sext,base,-1
6833,199,13,64,int,sext,base,-1
6834,199,14,64,int,sext,base,-1
6835,199,15,64,int,sext,base,-1
6836,199,16,64,int,sext,base,-1
6837,199,17,64,int,sext,base,-1
6838,199,18,64,int,sext,base,-1
6839,199,19,64,int,sext,base,-1
6840,199,20,64,int,sext,base,-1
6841,199,21,64,int,sext,base,-1
6842,199,22,64,int,sext,base,-1
6843,199,23,64,int,sext,base,-1
6844,199,24,64,int,sext,base,-1
6845,199,25,64,int,sext,base,-1
6846,199,26,64,int,sext,base,-1
6847,199,27,64,int,sext,base,-1
6848,199,28,64,int,sext,base,-1
6849,199,29,64,int,sext,base,-1
6850,199,30,64,int,sext,base,-1
6851,199,31,64,int,sext,base,-1
6852,199,32,64,int,sext,base,-1
6853,199,33,64,int,sext,base,-1
6854,199,34,64,int,sext,base,-1
6855,199,35,64,int,sext,base,-1
6856,199,36,64,int,sext,base,-1
6857,199,37,64,int,sext,base,-1
6858,199,38,64,int,sext,base,-1
6859,199,39,64,int,sext,base,-1
6860,199,40,64,int,sext,base,-1
6861,199,41,64,int,sext,base,-1
6862,199,42,64,int,sext,base,-1
6863,199,43,64,int,sext,base,-1
6864,199,44,64,int,sext,base,-1
6865,199,45,64,int,sext,base,-1
6866,199,46,64,int,sext,base,-1
6867,199,47,64,int,sext,base,-1
6868,199,48,64,int,sext,base,-1
6869,199,49,64,int,sext,base,-1
6870,199,50,64,int,sext,base,-1
6871,199,51,64,int,sext,base,-1
6872,199,52,64,int,sext,base,-1
6873,199,53,64,int,sext,base,-1
6874,199,54,64,int,sext,base,-1
6875,199,55,64,int,sext,base,-1
6876,199,56,64,int,sext,base,-1
6877,199,57,64,int,sext,base,-1
6878,199,58,64,int,sext,base,-1
6879,199,59,64,int,sext,base,-1
6880,199,60,64,int,sext,base,-1
6881,199,61,64,int,sext,base,-1
6882,199,62,64,int,sext,base,-1
6883,199,63,64,int,sext,base,-1
6884,200,0,32,int,sext,operand,0
6885,200,1,32,int,sext,operand,0
6886,200,2,32,int,sext,operand,0
6887,200,3,32,int,sext,operand,0
6888,200,4,32,int,sext,operand,0
6889,200,5,32,int,sext,operand,0
6890,200,6,32,int,sext,operand,0
6891,200,7,32,int,sext,operand,0
6892,200,8,32,int,sext,operand,0
6893,200,9,32,int,sext,operand,0
6894,200,10,32,int,sext,operand,0
6895,200,11,32,int,sext,operand,0
6896,200,12,32,int,sext,operand,0
6897,200,13,32,int,sext,operand,0
6898,200,14,32,int,sext,operand,0
6899,200,15,32,int,sext,operand,0
6900,200,16,32,int,sext,operand,0
6901,200,17,32,int,sext,operand,0
6902,200,18,32,int,sext,operand,0
6903,200,19,32,int,sext,operand,0
6904,200,20,32,int,sext,operand,0
6905,200,21,32,int,sext,operand,0
6906,200,22,32,int,sext,operand,0
6907,200,23,32,int,sext,operand,0
6908,200,24,32,int,sext,operand,0
6909,200,25,32,int,sext,operand,0
6910,200,26,32,int,sext,operand,0
6911,200,27,32,int,sext,operand,0
6912,200,28,32,int,sext,operand,0
6913,200,29,32,int,sext,operand,0
6914,200,30,32,int,sext,operand,0
6915,200,31,32,int,sext,operand,0
6916,202,0,64,ptr,getelementptr,pointer,0
6917,202,1,64,ptr,getelementptr,pointer,0
6918,202,2,64,ptr,getelementptr,pointer,0
6919,202,3,64,ptr,getelementptr,pointer,0
6920,202,4,64,ptr,getelementptr,pointer,0
6921,202,5,64,ptr,getelementptr,pointer,0
6922,202,6,64,ptr,getelementptr,pointer,0
6923,202,7,64,ptr,getelementptr,pointer,0
6924,202,8,64,ptr,getelementptr,pointer,0
6925,202,9,64,ptr,getelementptr,pointer,0
6926,202,10,64,ptr,getelementptr,pointer,0
6927,202,11,64,ptr,getelementptr,pointer,0
6928,202,12,64,ptr,getelementptr,pointer,0
6929,202,13,64,ptr,getelementptr,pointer,0
6930,202,14,64,ptr,getelementptr,pointer,0
6931,202,15,64,ptr,getelementptr,pointer,0
6932,202,16,64,ptr,getelementptr,pointer,0
6933,202,17,64,ptr,getelementptr,pointer,0
6934,202,18,64,ptr,getelementptr,pointer,0
6935,202,19,64,ptr,getelementptr,pointer,0
6936,202,20,64,ptr,getelementptr,pointer,0
6937,202,21,64,ptr,getelementptr,pointer,0
6938,202,22,64,ptr,getelementptr,pointer,0
6939,202,23,64,ptr,getelementptr,pointer,0
6940,202,24,64,ptr,getelementptr,pointer,0
6941,202,25,64,ptr,getelementptr,pointer,0
6942,202,26,64,ptr,getelementptr,pointer,0
6943,202,27,64,ptr,getelementptr,pointer,0
6944,202,28,64,ptr,getelementptr,pointer,0
6945,202,29,64,ptr,getelementptr,pointer,0
6946,202,30,64,ptr,getelementptr,pointer,0
6947,202,31,64,ptr,getelementptr,pointer,0
6948,202,32,64,ptr,getelementptr,pointer,0
6949,202,33,64,ptr,getelementptr,pointer,0
6950,202,34,64,ptr,getelementptr,pointer,0
6951,202,35,64,ptr,getelementptr,pointer,0
6952,202,36,64,ptr,getelementptr,pointer,0
6953,202,37,64,ptr,getelementptr,pointer,0
6954,202,38,64,ptr,getelementptr,pointer,0
6955,202,39,64,ptr,getelementptr,pointer,0
6956,202,40,64,ptr,getelementptr,pointer,0
6957,202,41,64,ptr,getelementptr,pointer,0
6958,202,42,64,ptr,getelementptr,pointer,0
6959,202,43,64,ptr,getelementptr,pointer,0
6960,202,44,64,ptr,getelementptr,pointer,0
6961,202,45,64,ptr,getelementptr,pointer,0
6962,202,46,64,ptr,getelementptr,pointer,0
6963,202,47,64,ptr,getelementptr,pointer,0
6964,202,48,64,ptr,getelementptr,pointer,0
6965,202,49,64,ptr,getelementptr,pointer,0
6966,202,50,64,ptr,getelementptr,pointer,0
6967,202,51,64,ptr,getelementptr,pointer,0
6968,202,52,64,ptr,getelementptr,pointer,0
6969,202,53,64,ptr,getelementptr,pointer,0
6970,202,54,64,ptr,getelementptr,pointer,0
6971,202,55,64,ptr,getelementptr,pointer,0
6972,202,56,64,ptr,getelementptr,pointer,0
6973,202,57,64,ptr,getelementptr,pointer,0
6974,202,58,64,ptr,getelementptr,pointer,0
6975,202,59,64,ptr,getelementptr,pointer,0
6976,202,60,64,ptr,getelementptr,pointer,0
6977,202,61,64,ptr,getelementptr,pointer,0
6978,202,62,64,ptr,getelementptr,pointer,0
6979,202,63,64,ptr,getelementptr,pointer,0
6980,203,0,64,int,getelementptr,operand,1
6981,203,1,64,int,getelementptr,operand,1
6982,203,2,64,int,getelementptr,operand,1
6983,203,3,64,int,getelementptr,operand,1
6984,203,4,64,int,getelementptr,operand,1
6985,203,5,64,int,getelementptr,operand,1
6986,203,6,64,int,getelementptr,operand,1
6987,203,7,64,int,getelementptr,operand,1
6988,203,8,64,int,getelementptr,operand,1
6989,203,9,64,int,getelementptr,operand,1
6990,203,10,64,int,getelementptr,operand,1
6991,203,11,64,int,getelementptr,operand,1
6992,203,12,64,int,getelementptr,operand,1
6993,203,13,64,int,getelementptr,operand,1
6994,203,14,64,int,getelementptr,operand,1
6995,203,15,64,int,getelementptr,operand,1
6996,203,16,64,int,getelementptr,operand,1
6997,203,17,64,int,getelementptr,operand,1
6998,203,18,64,int,getelementptr,operand,1
6999,203,19,64,int,getelementptr,operand,1
7000,203,20,64,int,getelementptr,operand,1
7001,203,21,64,int,getelementptr,operand,1
7002,203,22,64,int,getelementptr,operand,1
7003,203,23,64,int,getelementptr,operand,1
7004,203,24,64,int,getelementptr,operand,1
7005,203,25,64,int,getelementptr,operand,1
7006,203,26,64,int,getelementptr,operand,1
7007,203,27,64,int,getelementptr,operand,1
7008,203,28,64,int,getelementptr,operand,1
7009,203,29,64,int,getelementptr,operand,1
7010,203,30,64,int,getelementptr,operand,1
7011,203,31,64,int,getelementptr,operand,1
7012,203,32,64,int,getelementptr,operand,1
7013,203,33,64,int,getelementptr,operand,1
7014,203,34,64,int,getelementptr,operand,1
7015,203,35,64,int,getelementptr,operand,1
7016,203,36,64,int,getelementptr,operand,1
7017,203,37,64,int,getelementptr,operand,1
7018,203,38,64,int,getelementptr,operand,1
7019,203,39,64,int,getelementptr,operand,1
7020,203,40,64,int,getelementptr,operand,1
7021,203,41,64,int,getelementptr,operand,1
7022,203,42,64,int,getelementptr,operand,1
7023,203,43,64,int,getelementptr,operand,1
7024,203,44,64,int,getelementptr,operand,1
7025,203,45,64,int,getelementptr,operand,1
7026,203,46,64,int,getelementptr,operand,1
7027,203,47,64,int,getelementptr,operand,1
7028,203,48,64,int,getelementptr,operand,1
7029,203,49,64,int,getelementptr,operand,1
7030,203,50,64,int,getelementptr,operand,1
7031,203,51,64,int,getelementptr,operand,1
7032,203,52,64,int,getelementptr,operand,1
7033,203,53,64,int,getelementptr,operand,1
7034,203,54,64,int,getelementptr,operand,1
7035,203,55,64,int,getelementptr,operand,1
7036,203,56,64,int,getelementptr,operand,1
7037,203,57,64,int,getelementptr,operand,1
7038,203,58,64,int,getelementptr,operand,1
7039,203,59,64,int,getelementptr,operand,1
7040,203,60,64,int,getelementptr,operand,1
7041,203,61,64,int,getelementptr,operand,1
7042,203,62,64,int,getelementptr,operand,1
7043,203,63,64,int,getelementptr,operand,1
7044,205,0,64,ptr,getelementptr,pointer,0
7045,205,1,64,ptr,getelementptr,pointer,0
7046,205,2,64,ptr,getelementptr,pointer,0
7047,205,3,64,ptr,getelementptr,pointer,0
7048,205,4,64,ptr,getelementptr,pointer,0
7049,205,5,64,ptr,getelementptr,pointer,0
7050,205,6,64,ptr,getelementptr,pointer,0
7051,205,7,64,ptr,getelementptr,pointer,0
7052,205,8,64,ptr,getelementptr,pointer,0
7053,205,9,64,ptr,getelementptr,pointer,0
7054,205,10,64,ptr,getelementptr,pointer,0
7055,205,11,64,ptr,getelementptr,pointer,0
7056,205,12,64,ptr,getelementptr,pointer,0
7057,205,13,64,ptr,getelementptr,pointer,0
7058,205,14,64,ptr,getelementptr,pointer,0
7059,205,15,64,ptr,getelementptr,pointer,0
7060,205,16,64,ptr,getelementptr,pointer,0
7061,205,17,64,ptr,getelementptr,pointer,0
7062,205,18,64,ptr,getelementptr,pointer,0
7063,205,19,64,ptr,getelementptr,pointer,0
7064,205,20,64,ptr,getelementptr,pointer,0
7065,205,21,64,ptr,getelementptr,pointer,0
7066,205,22,64,ptr,getelementptr,pointer,0
7067,205,23,64,ptr,getelementptr,pointer,0
7068,205,24,64,ptr,getelementptr,pointer,0
7069,205,25,64,ptr,getelementptr,pointer,0
7070,205,26,64,ptr,getelementptr,pointer,0
7071,205,27,64,ptr,getelementptr,pointer,0
7072,205,28,64,ptr,getelementptr,pointer,0
7073,205,29,64,ptr,getelementptr,pointer,0
7074,205,30,64,ptr,getelementptr,pointer,0
7075,205,31,64,ptr,getelementptr,pointer,0
7076,205,32,64,ptr,getelementptr,pointer,0
7077,205,33,64,ptr,getelementptr,pointer,0
7078,205,34,64,ptr,getelementptr,pointer,0
7079,205,35,64,ptr,getelementptr,pointer,0
7080,205,36,64,ptr,getelementptr,pointer,0
7081,205,37,64,ptr,getelementptr,pointer,0
7082,205,38,64,ptr,getelementptr,pointer,0
7083,205,39,64,ptr,getelementptr,pointer,0
7084,205,40,64,ptr,getelementptr,pointer,0
7085,205,41,64,ptr,getelementptr,pointer,0
7086,205,42,64,ptr,getelementptr,pointer,0
7087,205,43,64,ptr,getelementptr,pointer,0
7088,205,44,64,ptr,getelementptr,pointer,0
7089,205,45,64,ptr,getelementptr,pointer,0
7090,205,46,64,ptr,getelementptr,pointer,0
7091,205,47,64,ptr,getelementptr,pointer,0
7092,205,48,64,ptr,getelementptr,pointer,0
7093,205,49,64,ptr,getelementptr,pointer,0
7094,205,50,64,ptr,getelementptr,pointer,0
7095,205,51,64,ptr,getelementptr,pointer,0
7096,205,52,64,ptr,getelementptr,pointer,0
7097,205,53,64,ptr,getelementptr,pointer,0
7098,205,54,64,ptr,getelementptr,pointer,0
7099,205,55,64,ptr,getelementptr,pointer,0
7100,205,56,64,ptr,getelementptr,pointer,0
7101,205,57,64,ptr,getelementptr,pointer,0
7102,205,58,64,ptr,getelementptr,pointer,0
7103,205,59,64,ptr,getelementptr,pointer,0
7104,205,60,64,ptr,getelementptr,pointer,0
7105,205,61,64,ptr,getelementptr,pointer,0
7106,205,62,64,ptr,getelementptr,pointer,0
7107,205,63,64,ptr,getelementptr,pointer,0
7108,207,0,64,ptr,load,pointer,0
7109,207,1,64,ptr,load,pointer,0
7110,207,2,64,ptr,load,pointer,0
7111,207,3,64,ptr,load,pointer,0
7112,207,4,64,ptr,load,pointer,0
7113,207,5,64,ptr,load,pointer,0
7114,207,6,64,ptr,load,pointer,0
7115,207,7,64,ptr,load,pointer,0
7116,207,8,64,ptr,load,pointer,0
7117,207,9,64,ptr,load,pointer,0
7118,207,10,64,ptr,load,pointer,0
7119,207,11,64,ptr,load,pointer,0
7120,207,12,64,ptr,load,pointer,0
7121,207,13,64,ptr,load,pointer,0
7122,207,14,64,ptr,load,pointer,0
7123,207,15,64,ptr,load,pointer,0
7124,207,16,64,ptr,load,pointer,0
7125,207,17,64,ptr,load,pointer,0
7126,207,18,64,ptr,load,pointer,0
7127,207,19,64,ptr,load,pointer,0
7128,207,20,64,ptr,load,pointer,0
7129,207,21,64,ptr,load,pointer,0
7130,207,22,64,ptr,load,pointer,0
7131,207,23,64,ptr,load,pointer,0
7132,207,24,64,ptr,load,pointer,0
7133,207,25,64,ptr,load,pointer,0
7134,207,26,64,ptr,load,pointer,0
7135,207,27,64,ptr,load,pointer,0
7136,207,28,64,ptr,load,pointer,0
7137,207,29,64,ptr,load,pointer,0
7138,207,30,64,ptr,load,pointer,0
7139,207,31,64,ptr,load,pointer,0
7140,207,32,64,ptr,load,pointer,0
7141,207,33,64,ptr,load,pointer,0
7142,207,34,64,ptr,load,pointer,0
7143,207,35,64,ptr,load,pointer,0
7144,207,36,64,ptr,load,pointer,0
7145,207,37,64,ptr,load,pointer,0
7146,207,38,64,ptr,load,pointer,0
7147,207,39,64,ptr,load,pointer,0
7148,207,40,64,ptr,load,pointer,0
7149,207,41,64,ptr,load,pointer,0
7150,207,42,64,ptr,load,pointer,0
7151,207,43,64,ptr,load,pointer,0
7152,207,44,64,ptr,load,pointer,0
7153,207,45,64,ptr,load,pointer,0
7154,207,46,64,ptr,load,pointer,0
7155,207,47,64,ptr,load,pointer,0
7156,207,48,64,ptr,load,pointer,0
7157,207,49,64,ptr,load,pointer,0
7158,207,50,64,ptr,load,pointer,0
7159,207,51,64,ptr,load,pointer,0
7160,207,52,64,ptr,load,pointer,0
7161,207,53,64,ptr,load,pointer,0
7162,207,54,64,ptr,load,pointer,0
7163,207,55,64,ptr,load,pointer,0
7164,207,56,64,ptr,load,pointer,0
7165,207,57,64,ptr,load,pointer,0
7166,207,58,64,ptr,load,pointer,0
7167,207,59,64,ptr,load,pointer,0
7168,207,60,64,ptr,load,pointer,0
7169,207,61,64,ptr,load,pointer,0
7170,207,62,64,ptr,load,pointer,0
7171,207,63,64,ptr,load,pointer,0
7172,208,0,32,int,load,base,-1
7173,208,1,32,int,load,base,-1
7174,208,2,32,int,load,base,-1
7175,208,3,32,int,load,base,-1
7176,208,4,32,int,load,base,-1
7177,208,5,32,int,load,base,-1
7178,208,6,32,int,load,base,-1
7179,208,7,32,int,load,base,-1
7180,208,8,32,int,load,base,-1
7181,208,9,32,int,load,base,-1
7182,208,10,32,int,load,base,-1
7183,208,11,32,int,load,base,-1
7184,208,12,32,int,load,base,-1
7185,208,13,32,int,load,base,-1
7186,208,14,32,int,load,base,-1
7187,208,15,32,int,load,base,-1
7188,208,16,32,int,load,base,-1
7189,208,17,32,int,load,base,-1
7190,208,18,32,int,load,base,-1
7191,208,19,32,int,load,base,-1
7192,208,20,32,int,load,base,-1
7193,208,21,32,int,load,base,-1
7194,208,22,32,int,load,base,-1
7195,208,23,32,int,load,base,-1
7196,208,24,32,int,load,base,-1
7197,208,25,32,int,load,base,-1
7198,208,26,32,int,load,base,-1
7199,208,27,32,int,load,base,-1
7200,208,28,32,int,load,base,-1
7201,208,29,32,int,load,base,-1
7202,208,30,32,int,load,base,-1
7203,208,31,32,int,load,base,-1
7204,209,0,64,ptr,load,pointer,0
7205,209,1,64,ptr,load,pointer,0
7206,209,2,64,ptr,load,pointer,0
7207,209,3,64,ptr,load,pointer,0
7208,209,4,64,ptr,load,pointer,0
7209,209,5,64,ptr,load,pointer,0
7210,209,6,64,ptr,load,pointer,0
7211,209,7,64,ptr,load,pointer,0
7212,209,8,64,ptr,load,pointer,0
7213,209,9,64,ptr,load,pointer,0
7214,209,10,64,ptr,load,pointer,0
7215,209,11,64,ptr,load,pointer,0
7216,209,12,64,ptr,load,pointer,0
7217,209,13,64,ptr,load,pointer,0
7218,209,14,64,ptr,load,pointer,0
7219,209,15,64,ptr,load,pointer,0
7220,209,16,64,ptr,load,pointer,0
7221,209,17,64,ptr,load,pointer,0
7222,209,18,64,ptr,load,pointer,0
7223,209,19,64,ptr,load,pointer,0
7224,209,20,64,ptr,load,pointer,0
7225,209,21,64,ptr,load,pointer,0
7226,209,22,64,ptr,load,pointer,0
7227,209,23,64,ptr,load,pointer,0
7228,209,24,64,ptr,load,pointer,0
7229,209,25,64,ptr,load,pointer,0
7230,209,26,64,ptr,load,pointer,0
7231,209,27,64,ptr,load,pointer,0
7232,209,28,64,ptr,load,pointer,0
7233,209,29,64,ptr,load,pointer,0
7234,209,30,64,ptr,load,pointer,0
7235,209,31,64,ptr,load,pointer,0
7236,209,32,64,ptr,load,pointer,0
7237,209,33,64,ptr,load,pointer,0
7238,209,34,64,ptr,load,pointer,0
7239,209,35,64,ptr,load,pointer,0
7240,209,36,64,ptr,load,pointer,0
7241,209,37,64,ptr,load,pointer,0
7242,209,38,64,ptr,load,pointer,0
7243,209,39,64,ptr,load,pointer,0
7244,209,40,64,ptr,load,pointer,0
7245,209,41,64,ptr,load,pointer,0
7246,209,42,64,ptr,load,pointer,0
7247,209,43,64,ptr,load,pointer,0
7248,209,44,64,ptr,load,pointer,0
7249,209,45,64,ptr,load,pointer,0
7250,209,46,64,ptr,load,pointer,0
7251,209,47,64,ptr,load,pointer,0
7252,209,48,64,ptr,load,pointer,0
7253,209,49,64,ptr,load,pointer,0
7254,209,50,64,ptr,load,pointer,0
7255,209,51,64,ptr,load,pointer,0
7256,209,52,64,ptr,load,pointer,0
7257,209,53,64,ptr,load,pointer,0
7258,209,54,64,ptr,load,pointer,0
7259,209,55,64,ptr,load,pointer,0
7260,209,56,64,ptr,load,pointer,0
7261,209,57,64,ptr,load,pointer,0
7262,209,58,64,ptr,load,pointer,0
7263,209,59,64,ptr,load,pointer,0
7264,209,60,64,ptr,load,pointer,0
7265,209,61,64,ptr,load,pointer,0
7266,209,62,64,ptr,load,pointer,0
7267,209,63,64,ptr,load,pointer,0
7268,211,0,64,ptr,getelementptr,pointer,0
7269,211,1,64,ptr,getelementptr,pointer,0
7270,211,2,64,ptr,getelementptr,pointer,0
7271,211,3,64,ptr,getelementptr,pointer,0
7272,211,4,64,ptr,getelementptr,pointer,0
7273,211,5,64,ptr,getelementptr,pointer,0
7274,211,6,64,ptr,getelementptr,pointer,0
7275,211,7,64,ptr,getelementptr,pointer,0
7276,211,8,64,ptr,getelementptr,pointer,0
7277,211,9,64,ptr,getelementptr,pointer,0
7278,211,10,64,ptr,getelementptr,pointer,0
7279,211,11,64,ptr,getelementptr,pointer,0
7280,211,12,64,ptr,getelementptr,pointer,0
7281,211,13,64,ptr,getelementptr,pointer,0
7282,211,14,64,ptr,getelementptr,pointer,0
7283,211,15,64,ptr,getelementptr,pointer,0
7284,211,16,64,ptr,getelementptr,pointer,0
7285,211,17,64,ptr,getelementptr,pointer,0
7286,211,18,64,ptr,getelementptr,pointer,0
7287,211,19,64,ptr,getelementptr,pointer,0
7288,211,20,64,ptr,getelementptr,pointer,0
7289,211,21,64,ptr,getelementptr,pointer,0
7290,211,22,64,ptr,getelementptr,pointer,0
7291,211,23,64,ptr,getelementptr,pointer,0
7292,211,24,64,ptr,getelementptr,pointer,0
7293,211,25,64,ptr,getelementptr,pointer,0
7294,211,26,64,ptr,getelementptr,pointer,0
7295,211,27,64,ptr,getelementptr,pointer,0
7296,211,28,64,ptr,getelementptr,pointer,0
7297,211,29,64,ptr,getelementptr,pointer,0
7298,211,30,64,ptr,getelementptr,pointer,0
7299,211,31,64,ptr,getelementptr,pointer,0
7300,211,32,64,ptr,getelementptr,pointer,0
7301,211,33,64,ptr,getelementptr,pointer,0
7302,211,34,64,ptr,getelementptr,pointer,0
7303,211,35,64,ptr,getelementptr,pointer,0
7304,211,36,64,ptr,getelementptr,pointer,0
7305,211,37,64,ptr,getelementptr,pointer,0
7306,211,38,64,ptr,getelementptr,pointer,0
7307,211,39,64,ptr,getelementptr,pointer,0
7308,211,40,64,ptr,getelementptr,pointer,0
7309,211,41,64,ptr,getelementptr,pointer,0
7310,211,42,64,ptr,getelementptr,pointer,0
7311,211,43,64,ptr,getelementptr,pointer,0
7312,211,44,64,ptr,getelementptr,pointer,0
7313,211,45,64,ptr,getelementptr,pointer,0
7314,211,46,64,ptr,getelementptr,pointer,0
7315,211,47,64,ptr,getelementptr,pointer,0
7316,211,48,64,ptr,getelementptr,pointer,0
7317,211,49,64,ptr,getelementptr,pointer,0
7318,211,50,64,ptr,getelementptr,pointer,0
7319,211,51,64,ptr,getelementptr,pointer,0
7320,211,52,64,ptr,getelementptr,pointer,0
7321,211,53,64,ptr,getelementptr,pointer,0
7322,211,54,64,ptr,getelementptr,pointer,0
7323,211,55,64,ptr,getelementptr,pointer,0
7324,211,56,64,ptr,getelementptr,pointer,0
7325,211,57,64,ptr,getelementptr,pointer,0
7326,211,58,64,ptr,getelementptr,pointer,0
7327,211,59,64,ptr,getelementptr,pointer,0
7328,211,60,64,ptr,getelementptr,pointer,0
7329,211,61,64,ptr,getelementptr,pointer,0
7330,211,62,64,ptr,getelementptr,pointer,0
7331,211,63,64,ptr,getelementptr,pointer,0
7332,212,0,32,int,load,base,-1
7333,212,1,32,int,load,base,-1
7334,212,2,32,int,load,base,-1
7335,212,3,32,int,load,base,-1
7336,212,4,32,int,load,base,-1
7337,212,5,32,int,load,base,-1
7338,212,6,32,int,load,base,-1
7339,212,7,32,int,load,base,-1
7340,212,8,32,int,load,base,-1
7341,212,9,32,int,load,base,-1
7342,212,10,32,int,load,base,-1
7343,212,11,32,int,load,base,-1
7344,212,12,32,int,load,base,-1
7345,212,13,32,int,load,base,-1
7346,212,14,32,int,load,base,-1
7347,212,15,32,int,load,base,-1
7348,212,16,32,int,load,base,-1
7349,212,17,32,int,load,base,-1
7350,212,18,32,int,load,base,-1
7351,212,19,32,int,load,base,-1
7352,212,20,32,int,load,base,-1
7353,212,21,32,int,load,base,-1
7354,212,22,32,int,load,base,-1
7355,212,23,32,int,load,base,-1
7356,212,24,32,int,load,base,-1
7357,212,25,32,int,load,base,-1
7358,212,26,32,int,load,base,-1
7359,212,27,32,int,load,base,-1
7360,212,28,32,int,load,base,-1
7361,212,29,32,int,load,base,-1
7362,212,30,32,int,load,base,-1
7363,212,31,32,int,load,base,-1
7364,213,0,64,ptr,load,pointer,0
7365,213,1,64,ptr,load,pointer,0
7366,213,2,64,ptr,load,pointer,0
7367,213,3,64,ptr,load,pointer,0
7368,213,4,64,ptr,load,pointer,0
7369,213,5,64,ptr,load,pointer,0
7370,213,6,64,ptr,load,pointer,0
7371,213,7,64,ptr,load,pointer,0
7372,213,8,64,ptr,load,pointer,0
7373,213,9,64,ptr,load,pointer,0
7374,213,10,64,ptr,load,pointer,0
7375,213,11,64,ptr,load,pointer,0
7376,213,12,64,ptr,load,pointer,0
7377,213,13,64,ptr,load,pointer,0
7378,213,14,64,ptr,load,pointer,0
7379,213,15,64,ptr,load,pointer,0
7380,213,16,64,ptr,load,pointer,0
7381,213,17,64,ptr,load,pointer,0
7382,213,18,64,ptr,load,pointer,0
7383,213,19,64,ptr,load,pointer,0
7384,213,20,64,ptr,load,pointer,0
7385,213,21,64,ptr,load,pointer,0
7386,213,22,64,ptr,load,pointer,0
7387,213,23,64,ptr,load,pointer,0
7388,213,24,64,ptr,load,pointer,0
7389,213,25,64,ptr,load,pointer,0
7390,213,26,64,ptr,load,pointer,0
7391,213,27,64,ptr,load,pointer,0
7392,213,28,64,ptr,load,pointer,0
7393,213,29,64,ptr,load,pointer,0
7394,213,30,64,ptr,load,pointer,0
7395,213,31,64,ptr,load,pointer,0
7396,213,32,64,ptr,load,pointer,0
7397,213,33,64,ptr,load,pointer,0
7398,213,34,64,ptr,load,pointer,0
7399,213,35,64,ptr,load,pointer,0
7400,213,36,64,ptr,load,pointer,0
7401,213,37,64,ptr,load,pointer,0
7402,213,38,64,ptr,load,pointer,0
7403,213,39,64,ptr,load,pointer,0
7404,213,40,64,ptr,load,pointer,0
7405,213,41,64,ptr,load,pointer,0
7406,213,42,64,ptr,load,pointer,0
7407,213,43,64,ptr,load,pointer,0
7408,213,44,64,ptr,load,pointer,0
7409,213,45,64,ptr,load,pointer,0
7410,213,46,64,ptr,load,pointer,0
7411,213,47,64,ptr,load,pointer,0
7412,213,48,64,ptr,load,pointer,0
7413,213,49,64,ptr,load,pointer,0
7414,213,50,64,ptr,load,pointer,0
7415,213,51,64,ptr,load,pointer,0
7416,213,52,64,ptr,load,pointer,0
7417,213,53,64,ptr,load,pointer,0
7418,213,54,64,ptr,load,pointer,0
7419,213,55,64,ptr,load,pointer,0
7420,213,56,64,ptr,load,pointer,0
7421,213,57,64,ptr,load,pointer,0
7422,213,58,64,ptr,load,pointer,0
7423,213,59,64,ptr,load,pointer,0
7424,213,60,64,ptr,load,pointer,0
7425,213,61,64,ptr,load,pointer,0
7426,213,62,64,ptr,load,pointer,0
7427,213,63,64,ptr,load,pointer,0
7428,214,0,32,int,mul,base,-1
7429,214,1,32,int,mul,base,-1
7430,214,2,32,int,mul,base,-1
7431,214,3,32,int,mul,base,-1
7432,214,4,32,int,mul,base,-1
7433,214,5,32,int,mul,base,-1
7434,214,6,32,int,mul,base,-1
7435,214,7,32,int,mul,base,-1
7436,214,8,32,int,mul,base,-1
7437,214,9,32,int,mul,base,-1
7438,214,10,32,int,mul,base,-1
7439,214,11,32,int,mul,base,-1
7440,214,12,32,int,mul,base,-1
7441,214,13,32,int,mul,base,-1
7442,214,14,32,int,mul,base,-1
7443,214,15,32,int,mul,base,-1
7444,214,16,32,int,mul,base,-1
7445,214,17,32,int,mul,base,-1
7446,214,18,32,int,mul,base,-1
7447,214,19,32,int,mul,base,-1
7448,214,20,32,int,mul,base,-1
7449,214,21,32,int,mul,base,-1
7450,214,22,32,int,mul,base,-1
7451,214,23,32,int,mul,base,-1
7452,214,24,32,int,mul,base,-1
7453,214,25,32,int,mul,base,-1
7454,214,26,32,int,mul,base,-1
7455,214,27,32,int,mul,base,-1
7456,214,28,32,int,mul,base,-1
7457,214,29,32,int,mul,base,-1
7458,214,30,32,int,mul,base,-1
7459,214,31,32,int,mul,base,-1
7460,215,0,32,int,mul,operand,0
7461,215,1,32,int,mul,operand,0
7462,215,2,32,int,mul,operand,0
7463,215,3,32,int,mul,operand,0
7464,215,4,32,int,mul,operand,0
7465,215,5,32,int,mul,operand,0
7466,215,6,32,int,mul,operand,0
7467,215,7,32,int,mul,operand,0
7468,215,8,32,int,mul,operand,0
7469,215,9,32,int,mul,operand,0
7470,215,10,32,int,mul,operand,0
7471,215,11,32,int,mul,operand,0
7472,215,12,32,int,mul,operand,0
7473,215,13,32,int,mul,operand,0
7474,215,14,32,int,mul,operand,0
7475,215,15,32,int,mul,operand,0
7476,215,16,32,int,mul,operand,0
7477,215,17,32,int,mul,operand,0
7478,215,18,32,int,mul,operand,0
7479,215,19,32,int,mul,operand,0
7480,215,20,32,int,mul,operand,0
7481,215,21,32,int,mul,operand,0
7482,215,22,32,int,mul,operand,0
7483,215,23,32,int,mul,operand,0
7484,215,24,32,int,mul,operand,0
7485,215,25,32,int,mul,operand,0
7486,215,26,32,int,mul,operand,0
7487,215,27,32,int,mul,operand,0
7488,215,28,32,int,mul,operand,0
7489,215,29,32,int,mul,operand,0
7490,215,30,32,int,mul,operand,0
7491,215,31,32,int,mul,operand,0
7492,216,0,32,int,mul,operand,1
7493,216,1,32,int,mul,operand,1
7494,216,2,32,int,mul,operand,1
7495,216,3,32,int,mul,operand,1
7496,216,4,32,int,mul,operand,1
7497,216,5,32,int,mul,operand,1
7498,216,6,32,int,mul,operand,1
7499,216,7,32,int,mul,operand,1
7500,216,8,32,int,mul,operand,1
7501,216,9,32,int,mul,operand,1
7502,216,10,32,int,mul,operand,1
7503,216,11,32,int,mul,operand,1
7504,216,12,32,int,mul,operand,1
7505,216,13,32,int,mul,operand,1
7506,216,14,32,int,mul,operand,1
7507,216,15,32,int,mul,operand,1
7508,216,16,32,int,mul,operand,1
7509,216,17,32,int,mul,operand,1
7510,216,18,32,int,mul,operand,1
7511,216,19,32,int,mul,operand,1
7512,216,20,32,int,mul,operand,1
7513,216,21,32,int,mul,operand,1
7514,216,22,32,int,mul,operand,1
7515,216,23,32,int,mul,operand,1
7516,216,24,32,int,mul,operand,1
7517,216,25,32,int,mul,operand,1
7518,216,26,32,int,mul,operand,1
7519,216,27,32,int,mul,operand,1
7520,216,28,32,int,mul,operand,1
7521,216,29,32,int,mul,operand,1
7522,216,30,32,int,mul,operand,1
7523,216,31,32,int,mul,operand,1
7524,217,0,32,int,load,base,-1
7525,217,1,32,int,load,base,-1
7526,217,2,32,int,load,base,-1
7527,217,3,32,int,load,base,-1
7528,217,4,32,int,load,base,-1
7529,217,5,32,int,load,base,-1
7530,217,6,32,int,load,base,-1
7531,217,7,32,int,load,base,-1
7532,217,8,32,int,load,base,-1
7533,217,9,32,int,load,base,-1
7534,217,10,32,int,load,base,-1
7535,217,11,32,int,load,base,-1
7536,217,12,32,int,load,base,-1
7537,217,13,32,int,load,base,-1
7538,217,14,32,int,load,base,-1
7539,217,15,32,int,load,base,-1
7540,217,16,32,int,load,base,-1
7541,217,17,32,int,load,base,-1
7542,217,18,32,int,load,base,-1
7543,217,19,32,int,load,base,-1
7544,217,20,32,int,load,base,-1
7545,217,21,32,int,load,base,-1
7546,217,22,32,int,load,base,-1
7547,217,23,32,int,load,base,-1
7548,217,24,32,int,load,base,-1
7549,217,25,32,int,load,base,-1
7550,217,26,32,int,load,base,-1
7551,217,27,32,int,load,base,-1
7552,217,28,32,int,load,base,-1
7553,217,29,32,int,load,base,-1
7554,217,30,32,int,load,base,-1
7555,217,31,32,int,load,base,-1
7556,218,0,64,ptr,load,pointer,0
7557,218,1,64,ptr,load,pointer,0
7558,218,2,64,ptr,load,pointer,0
7559,218,3,64,ptr,load,pointer,0
7560,218,4,64,ptr,load,pointer,0
7561,218,5,64,ptr,load,pointer,0
7562,218,6,64,ptr,load,pointer,0
7563,218,7,64,ptr,load,pointer,0
7564,218,8,64,ptr,load,pointer,0
7565,218,9,64,ptr,load,pointer,0
7566,218,10,64,ptr,load,pointer,0
7567,218,11,64,ptr,load,pointer,0
7568,218,12,64,ptr,load,pointer,0
7569,218,13,64,ptr,load,pointer,0
7570,218,14,64,ptr,load,pointer,0
7571,218,15,64,ptr,load,pointer,0
7572,218,16,64,ptr,load,pointer,0
7573,218,17,64,ptr,load,pointer,0
7574,218,18,64,ptr,load,pointer,0
7575,218,19,64,ptr,load,pointer,0
7576,218,20,64,ptr,load,pointer,0
7577,218,21,64,ptr,load,pointer,0
7578,218,22,64,ptr,load,pointer,0
7579,218,23,64,ptr,load,pointer,0
7580,218,24,64,ptr,load,pointer,0
7581,218,25,64,ptr,load,pointer,0
7582,218,26,64,ptr,load,pointer,0
7583,218,27,64,ptr,load,pointer,0
7584,218,28,64,ptr,load,pointer,0
7585,218,29,64,ptr,load,pointer,0
7586,218,30,64,ptr,load,pointer,0
7587,218,31,64,ptr,load,pointer,0
7588,218,32,64,ptr,load,pointer,0
7589,218,33,64,ptr,load,pointer,0
7590,218,34,64,ptr,load,pointer,0
7591,218,35,64,ptr,load,pointer,0
7592,218,36,64,ptr,load,pointer,0
7593,218,37,64,ptr,load,pointer,0
7594,218,38,64,ptr,load,pointer,0
7595,218,39,64,ptr,load,pointer,0
7596,218,40,64,ptr,load,pointer,0
7597,218,41,64,ptr,load,pointer,0
7598,218,42,64,ptr,load,pointer,0
7599,218,43,64,ptr,load,pointer,0
7600,218,44,64,ptr,load,pointer,0
7601,218,45,64,ptr,load,pointer,0
7602,218,46,64,ptr,load,pointer,0
7603,218,47,64,ptr,load,pointer,0
7604,218,48,64,ptr,load,pointer,0
7605,218,49,64,ptr,load,pointer,0
7606,218,50,64,ptr,load,pointer,0
7607,218,51,64,ptr,load,pointer,0
7608,218,52,64,ptr,load,pointer,0
7609,218,53,64,ptr,load,pointer,0
7610,218,54,64,ptr,load,pointer,0
7611,218,55,64,ptr,load,pointer,0
7612,218,56,64,ptr,load,pointer,0
7613,218,57,64,ptr,load,pointer,0
7614,218,58,64,ptr,load,pointer,0
7615,218,59,64,ptr,load,pointer,0
7616,218,60,64,ptr,load,pointer,0
7617,218,61,64,ptr,load,pointer,0
7618,218,62,64,ptr,load,pointer,0
7619,218,63,64,ptr,load,pointer,0
7620,219,0,32,int,load,base,-1
7621,219,1,32,int,load,base,-1
7622,219,2,32,int,load,base,-1
7623,219,3,32,int,load,base,-1
7624,219,4,32,int,load,base,-1
7625,219,5,32,int,load,base,-1
7626,219,6,32,int,load,base,-1
7627,219,7,32,int,load,base,-1
7628,219,8,32,int,load,base,-1
7629,219,9,32,int,load,base,-1
7630,219,10,32,int,load,base,-1
7631,219,11,32,int,load,base,-1
7632,219,12,32,int,load,base,-1
7633,219,13,32,int,load,base,-1
7634,219,14,32,int,load,base,-1
7635,219,15,32,int,load,base,-1
7636,219,16,32,int,load,base,-1
7637,219,17,32,int,load,base,-1
7638,219,18,32,int,load,base,-1
7639,219,19,32,int,load,base,-1
7640,219,20,32,int,load,base,-1
7641,219,21,32,int,load,base,-1
7642,219,22,32,int,load,base,-1
7643,219,23,32,int,load,base,-1
7644,219,24,32,int,load,base,-1
7645,219,25,32,int,load,base,-1
7646,219,26,32,int,load,base,-1
7647,219,27,32,int,load,base,-1
7648,219,28,32,int,load,base,-1
7649,219,29,32,int,load,base,-1
7650,219,30,32,int,load,base,-1
7651,219,31,32,int,load,base,-1
7652,220,0,64,ptr,load,pointer,0
7653,220,1,64,ptr,load,pointer,0
7654,220,2,64,ptr,load,pointer,0
7655,220,3,64,ptr,load,pointer,0
7656,220,4,64,ptr,load,pointer,0
7657,220,5,64,ptr,load,pointer,0
7658,220,6,64,ptr,load,pointer,0
7659,220,7,64,ptr,load,pointer,0
7660,220,8,64,ptr,load,pointer,0
7661,220,9,64,ptr,load,pointer,0
7662,220,10,64,ptr,load,pointer,0
7663,220,11,64,ptr,load,pointer,0
7664,220,12,64,ptr,load,pointer,0
7665,220,13,64,ptr,load,pointer,0
7666,220,14,64,ptr,load,pointer,0
7667,220,15,64,ptr,load,pointer,0
7668,220,16,64,ptr,load,pointer,0
7669,220,17,64,ptr,load,pointer,0
7670,220,18,64,ptr,load,pointer,0
7671,220,19,64,ptr,load,pointer,0
7672,220,20,64,ptr,load,pointer,0
7673,220,21,64,ptr,load,pointer,0
7674,220,22,64,ptr,load,pointer,0
7675,220,23,64,ptr,load,pointer,0
7676,220,24,64,ptr,load,pointer,0
7677,220,25,64,ptr,load,pointer,0
7678,220,26,64,ptr,load,pointer,0
7679,220,27,64,ptr,load,pointer,0
7680,220,28,64,ptr,load,pointer,0
7681,220,29,64,ptr,load,pointer,0
7682,220,30,64,ptr,load,pointer,0
7683,220,31,64,ptr,load,pointer,0
7684,220,32,64,ptr,load,pointer,0
7685,220,33,64,ptr,load,pointer,0
7686,220,34,64,ptr,load,pointer,0
7687,220,35,64,ptr,load,pointer,0
7688,220,36,64,ptr,load,pointer,0
7689,220,37,64,ptr,load,pointer,0
7690,220,38,64,ptr,load,pointer,0
7691,220,39,64,ptr,load,pointer,0
7692,220,40,64,ptr,load,pointer,0
7693,220,41,64,ptr,load,pointer,0
7694,220,42,64,ptr,load,pointer,0
7695,220,43,64,ptr,load,pointer,0
7696,220,44,64,ptr,load,pointer,0
7697,220,45,64,ptr,load,pointer,0
7698,220,46,64,ptr,load,pointer,0
7699,220,47,64,ptr,load,pointer,0
7700,220,48,64,ptr,load,pointer,0
7701,220,49,64,ptr,load,pointer,0
7702,220,50,64,ptr,load,pointer,0
7703,220,51,64,ptr,load,pointer,0
7704,220,52,64,ptr,load,pointer,0
7705,220,53,64,ptr,load,pointer,0
7706,220,54,64,ptr,load,pointer,0
7707,220,55,64,ptr,load,pointer,0
7708,220,56,64,ptr,load,pointer,0
7709,220,57,64,ptr,load,pointer,0
7710,220,58,64,ptr,load,pointer,0
7711,220,59,64,ptr,load,pointer,0
7712,220,60,64,ptr,load,pointer,0
7713,220,61,64,ptr,load,pointer,0
7714,220,62,64,ptr,load,pointer,0
7715,220,63,64,ptr,load,pointer,0
7716,221,0,32,int,sub,base,-1
7717,221,1,32,int,sub,base,-1
7718,221,2,32,int,sub,base,-1
7719,221,3,32,int,sub,base,-1
7720,221,4,32,int,sub,base,-1
7721,221,5,32,int,sub,base,-1
7722,221,6,32,int,sub,base,-1
7723,221,7,32,int,sub,base,-1
7724,221,8,32,int,sub,base,-1
7725,221,9,32,int,sub,base,-1
7726,221,10,32,int,sub,base,-1
7727,221,11,32,int,sub,base,-1
7728,221,12,32,int,sub,base,-1
7729,221,13,32,int,sub,base,-1
7730,221,14,32,int,sub,base,-1
7731,221,15,32,int,sub,base,-1
7732,221,16,32,int,sub,base,-1
7733,221,17,32,int,sub,base,-1
7734,221,18,32,int,sub,base,-1
7735,221,19,32,int,sub,base,-1
7736,221,20,32,int,sub,base,-1
7737,221,21,32,int,sub,base,-1
7738,221,22,32,int,sub,base,-1
7739,221,23,32,int,sub,base,-1
7740,221,24,32,int,sub,base,-1
7741,221,25,32,int,sub,base,-1
7742,221,26,32,int,sub,base,-1
7743,221,27,32,int,sub,base,-1
7744,221,28,32,int,sub,base,-1
7745,221,29,32,int,sub,base,-1
7746,221,30,32,int,sub,base,-1
7747,221,31,32,int,sub,base,-1
7748,222,0,32,int,sub,operand,0
7749,222,1,32,int,sub,operand,0
7750,222,2,32,int,sub,operand,0
7751,222,3,32,int,sub,operand,0
7752,222,4,32,int,sub,operand,0
7753,222,5,32,int,sub,operand,0
7754,222,6,32,int,sub,operand,0
7755,222,7,32,int,sub,operand,0
7756,222,8,32,int,sub,operand,0
7757,222,9,32,int,sub,operand,0
7758,222,10,32,int,sub,operand,0
7759,222,11,32,int,sub,operand,0
7760,222,12,32,int,sub,operand,0
7761,222,13,32,int,sub,operand,0
7762,222,14,32,int,sub,operand,0
7763,222,15,32,int,sub,operand,0
7764,222,16,32,int,sub,operand,0
7765,222,17,32,int,sub,operand,0
7766,222,18,32,int,sub,operand,0
7767,222,19,32,int,sub,operand,0
7768,222,20,32,int,sub,operand,0
7769,222,21,32,int,sub,operand,0
7770,222,22,32,int,sub,operand,0
7771,222,23,32,int,sub,operand,0
7772,222,24,32,int,sub,operand,0
7773,222,25,32,int,sub,operand,0
7774,222,26,32,int,sub,operand,0
7775,222,27,32,int,sub,operand,0
7776,222,28,32,int,sub,operand,0
7777,222,29,32,int,sub,operand,0
7778,222,30,32,int,sub,operand,0
7779,222,31,32,int,sub,operand,0
7780,223,0,32,int,sub,operand,1
7781,223,1,32,int,sub,operand,1
7782,223,2,32,int,sub,operand,1
7783,223,3,32,int,sub,operand,1
7784,223,4,32,int,sub,operand,1
7785,223,5,32,int,sub,operand,1
7786,223,6,32,int,sub,operand,1
7787,223,7,32,int,sub,operand,1
7788,223,8,32,int,sub,operand,1
7789,223,9,32,int,sub,operand,1
7790,223,10,32,int,sub,operand,1
7791,223,11,32,int,sub,operand,1
7792,223,12,32,int,sub,operand,1
7793,223,13,32,int,sub,operand,1
7794,223,14,32,int,sub,operand,1
7795,223,15,32,int,sub,operand,1
7796,223,16,32,int,sub,operand,1
7797,223,17,32,int,sub,operand,1
7798,223,18,32,int,sub,operand,1
7799,223,19,32,int,sub,operand,1
7800,223,20,32,int,sub,operand,1
7801,223,21,32,int,sub,operand,1
7802,223,22,32,int,sub,operand,1
7803,223,23,32,int,sub,operand,1
7804,223,24,32,int,sub,operand,1
7805,223,25,32,int,sub,operand,1
7806,223,26,32,int,sub,operand,1
7807,223,27,32,int,sub,operand,1
7808,223,28,32,int,sub,operand,1
7809,223,29,32,int,sub,operand,1
7810,223,30,32,int,sub,operand,1
7811,223,31,32,int,sub,operand,1
7812,224,0,32,int,add,base,-1
7813,224,1,32,int,add,base,-1
7814,224,2,32,int,add,base,-1
7815,224,3,32,int,add,base,-1
7816,224,4,32,int,add,base,-1
7817,224,5,32,int,add,base,-1
7818,224,6,32,int,add,base,-1
7819,224,7,32,int,add,base,-1
7820,224,8,32,int,add,base,-1
7821,224,9,32,int,add,base,-1
7822,224,10,32,int,add,base,-1
7823,224,11,32,int,add,base,-1
7824,224,12,32,int,add,base,-1
7825,224,13,32,int,add,base,-1
7826,224,14,32,int,add,base,-1
7827,224,15,32,int,add,base,-1
7828,224,16,32,int,add,base,-1
7829,224,17,32,int,add,base,-1
7830,224,18,32,int,add,base,-1
7831,224,19,32,int,add,base,-1
7832,224,20,32,int,add,base,-1
7833,224,21,32,int,add,base,-1
7834,224,22,32,int,add,base,-1
7835,224,23,32,int,add,base,-1
7836,224,24,32,int,add,base,-1
7837,224,25,32,int,add,base,-1
7838,224,26,32,int,add,base,-1
7839,224,27,32,int,add,base,-1
7840,224,28,32,int,add,base,-1
7841,224,29,32,int,add,base,-1
7842,224,30,32,int,add,base,-1
7843,224,31,32,int,add,base,-1
7844,225,0,32,int,add,operand,0
7845,225,1,32,int,add,operand,0
7846,225,2,32,int,add,operand,0
7847,225,3,32,int,add,operand,0
7848,225,4,32,int,add,operand,0
7849,225,5,32,int,add,operand,0
7850,225,6,32,int,add,operand,0
7851,225,7,32,int,add,operand,0
7852,225,8,32,int,add,operand,0
7853,225,9,32,int,add,operand,0
7854,225,10,32,int,add,operand,0
7855,225,11,32,int,add,operand,0
7856,225,12,32,int,add,operand,0
7857,225,13,32,int,add,operand,0
7858,225,14,32,int,add,operand,0
7859,225,15,32,int,add,operand,0
7860,225,16,32,int,add,operand,0
7861,225,17,32,int,add,operand,0
7862,225,18,32,int,add,operand,0
7863,225,19,32,int,add,operand,0
7864,225,20,32,int,add,operand,0
7865,225,21,32,int,add,operand,0
7866,225,22,32,int,add,operand,0
7867,225,23,32,int,add,operand,0
7868,225,24,32,int,add,operand,0
7869,225,25,32,int,add,operand,0
7870,225,26,32,int,add,operand,0
7871,225,27,32,int,add,operand,0
7872,225,28,32,int,add,operand,0
7873,225,29,32,int,add,operand,0
7874,225,30,32,int,add,operand,0
7875,225,31,32,int,add,operand,0
7876,226,0,32,int,add,operand,1
7877,226,1,32,int,add,operand,1
7878,226,2,32,int,add,operand,1
7879,226,3,32,int,add,operand,1
7880,226,4,32,int,add,operand,1
7881,226,5,32,int,add,operand,1
7882,226,6,32,int,add,operand,1
7883,226,7,32,int,add,operand,1
7884,226,8,32,int,add,operand,1
7885,226,9,32,int,add,operand,1
7886,226,10,32,int,add,operand,1
7887,226,11,32,int,add,operand,1
7888,226,12,32,int,add,operand,1
7889,226,13,32,int,add,operand,1
7890,226,14,32,int,add,operand,1
7891,226,15,32,int,add,operand,1
7892,226,16,32,int,add,operand,1
7893,226,17,32,int,add,operand,1
7894,226,18,32,int,add,operand,1
7895,226,19,32,int,add,operand,1
7896,226,20,32,int,add,operand,1
7897,226,21,32,int,add,operand,1
7898,226,22,32,int,add,operand,1
7899,226,23,32,int,add,operand,1
7900,226,24,32,int,add,operand,1
7901,226,25,32,int,add,operand,1
7902,226,26,32,int,add,operand,1
7903,226,27,32,int,add,operand,1
7904,226,28,32,int,add,operand,1
7905,226,29,32,int,add,operand,1
7906,226,30,32,int,add,operand,1
7907,226,31,32,int,add,operand,1
7908,227,0,64,int,sext,base,-1
7909,227,1,64,int,sext,base,-1
7910,227,2,64,int,sext,base,-1
7911,227,3,64,int,sext,base,-1
7912,227,4,64,int,sext,base,-1
7913,227,5,64,int,sext,base,-1
7914,227,6,64,int,sext,base,-1
7915,227,7,64,int,sext,base,-1
7916,227,8,64,int,sext,base,-1
7917,227,9,64,int,sext,base,-1
7918,227,10,64,int,sext,base,-1
7919,227,11,64,int,sext,base,-1
7920,227,12,64,int,sext,base,-1
7921,227,13,64,int,sext,base,-1
7922,227,14,64,int,sext,base,-1
7923,227,15,64,int,sext,base,-1
7924,227,16,64,int,sext,base,-1
7925,227,17,64,int,sext,base,-1
7926,227,18,64,int,sext,base,-1
7927,227,19,64,int,sext,base,-1
7928,227,20,64,int,sext,base,-1
7929,227,21,64,int,sext,base,-1
7930,227,22,64,int,sext,base,-1
7931,227,23,64,int,sext,base,-1
7932,227,24,64,int,sext,base,-1
7933,227,25,64,int,sext,base,-1
7934,227,26,64,int,sext,base,-1
7935,227,27,64,int,sext,base,-1
7936,227,28,64,int,sext,base,-1
7937,227,29,64,int,sext,base,-1
7938,227,30,64,int,sext,base,-1
7939,227,31,64,int,sext,base,-1
7940,227,32,64,int,sext,base,-1
7941,227,33,64,int,sext,base,-1
7942,227,34,64,int,sext,base,-1
7943,227,35,64,int,sext,base,-1
7944,227,36,64,int,sext,base,-1
7945,227,37,64,int,sext,base,-1
7946,227,38,64,int,sext,base,-1
7947,227,39,64,int,sext,base,-1
7948,227,40,64,int,sext,base,-1
7949,227,41,64,int,sext,base,-1
7950,227,42,64,int,sext,base,-1
7951,227,43,64,int,sext,base,-1
7952,227,44,64,int,sext,base,-1
7953,227,45,64,int,sext,base,-1
7954,227,46,64,int,sext,base,-1
7955,227,47,64,int,sext,base,-1
7956,227,48,64,int,sext,base,-1
7957,227,49,64,int,sext,base,-1
7958,227,50,64,int,sext,base,-1
7959,227,51,64,int,sext,base,-1
7960,227,52,64,int,sext,base,-1
7961,227,53,64,int,sext,base,-1
7962,227,54,64,int,sext,base,-1
7963,227,55,64,int,sext,base,-1
7964,227,56,64,int,sext,base,-1
7965,227,57,64,int,sext,base,-1
7966,227,58,64,int,sext,base,-1
7967,227,59,64,int,sext,base,-1
7968,227,60,64,int,sext,base,-1
7969,227,61,64,int,sext,base,-1
7970,227,62,64,int,sext,base,-1
7971,227,63,64,int,sext,base,-1
7972,228,0,32,int,sext,operand,0
7973,228,1,32,int,sext,operand,0
7974,228,2,32,int,sext,operand,0
7975,228,3,32,int,sext,operand,0
7976,228,4,32,int,sext,operand,0
7977,228,5,32,int,sext,operand,0
7978,228,6,32,int,sext,operand,0
7979,228,7,32,int,sext,operand,0
7980,228,8,32,int,sext,operand,0
7981,228,9,32,int,sext,operand,0
7982,228,10,32,int,sext,operand,0
7983,228,11,32,int,sext,operand,0
7984,228,12,32,int,sext,operand,0
7985,228,13,32,int,sext,operand,0
7986,228,14,32,int,sext,operand,0
7987,228,15,32,int,sext,operand,0
7988,228,16,32,int,sext,operand,0
7989,228,17,32,int,sext,operand,0
7990,228,18,32,int,sext,operand,0
7991,228,19,32,int,sext,operand,0
7992,228,20,32,int,sext,operand,0
7993,228,21,32,int,sext,operand,0
7994,228,22,32,int,sext,operand,0
7995,228,23,32,int,sext,operand,0
7996,228,24,32,int,sext,operand,0
7997,228,25,32,int,sext,operand,0
7998,228,26,32,int,sext,operand,0
7999,228,27,32,int,sext,operand,0
8000,228,28,32,int,sext,operand,0
8001,228,29,32,int,sext,operand,0
8002,228,30,32,int,sext,operand,0
8003,228,31,32,int,sext,operand,0
8004,230,0,64,ptr,getelementptr,pointer,0
8005,230,1,64,ptr,getelementptr,pointer,0
8006,230,2,64,ptr,getelementptr,pointer,0
8007,230,3,64,ptr,getelementptr,pointer,0
8008,230,4,64,ptr,getelementptr,pointer,0
8009,230,5,64,ptr,getelementptr,pointer,0
8010,230,6,64,ptr,getelementptr,pointer,0
8011,230,7,64,ptr,getelementptr,pointer,0
8012,230,8,64,ptr,getelementptr,pointer,0
8013,230,9,64,ptr,getelementptr,pointer,0
8014,230,10,64,ptr,getelementptr,pointer,0
8015,230,11,64,ptr,getelementptr,pointer,0
8016,230,12,64,ptr,getelementptr,pointer,0
8017,230,13,64,ptr,getelementptr,pointer,0
8018,230,14,64,ptr,getelementptr,pointer,0
8019,230,15,64,ptr,getelementptr,pointer,0
8020,230,16,64,ptr,getelementptr,pointer,0
8021,230,17,64,ptr,getelementptr,pointer,0
8022,230,18,64,ptr,getelementptr,pointer,0
8023,230,19,64,ptr,getelementptr,pointer,0
8024,230,20,64,ptr,getelementptr,pointer,0
8025,230,21,64,ptr,getelementptr,pointer,0
8026,230,22,64,ptr,getelementptr,pointer,0
8027,230,23,64,ptr,getelementptr,pointer,0
8028,230,24,64,ptr,getelementptr,pointer,0
8029,230,25,64,ptr,getelementptr,pointer,0
8030,230,26,64,ptr,getelementptr,pointer,0
8031,230,27,64,ptr,getelementptr,pointer,0
8032,230,28,64,ptr,getelementptr,pointer,0
8033,230,29,64,ptr,getelementptr,pointer,0
8034,230,30,64,ptr,getelementptr,pointer,0
8035,230,31,64,ptr,getelementptr,pointer,0
8036,230,32,64,ptr,getelementptr,pointer,0
8037,230,33,64,ptr,getelementptr,pointer,0
8038,230,34,64,ptr,getelementptr,pointer,0
8039,230,35,64,ptr,getelementptr,pointer,0
8040,230,36,64,ptr,getelementptr,pointer,0
8041,230,37,64,ptr,getelementptr,pointer,0
8042,230,38,64,ptr,getelementptr,pointer,0
8043,230,39,64,ptr,getelementptr,pointer,0
8044,230,40,64,ptr,getelementptr,pointer,0
8045,230,41,64,ptr,getelementptr,pointer,0
8046,230,42,64,ptr,getelementptr,pointer,0
8047,230,43,64,ptr,getelementptr,pointer,0
8048,230,44,64,ptr,getelementptr,pointer,0
8049,230,45,64,ptr,getelementptr,pointer,0
8050,230,46,64,ptr,getelementptr,pointer,0
8051,230,47,64,ptr,getelementptr,pointer,0
8052,230,48,64,ptr,getelementptr,pointer,0
8053,230,49,64,ptr,getelementptr,pointer,0
8054,230,50,64,ptr,getelementptr,pointer,0
8055,230,51,64,ptr,getelementptr,pointer,0
8056,230,52,64,ptr,getelementptr,pointer,0
8057,230,53,64,ptr,getelementptr,pointer,0
8058,230,54,64,ptr,getelementptr,pointer,0
8059,230,55,64,ptr,getelementptr,pointer,0
8060,230,56,64,ptr,getelementptr,pointer,0
8061,230,57,64,ptr,getelementptr,pointer,0
8062,230,58,64,ptr,getelementptr,pointer,0
8063,230,59,64,ptr,getelementptr,pointer,0
8064,230,60,64,ptr,getelementptr,pointer,0
8065,230,61,64,ptr,getelementptr,pointer,0
8066,230,62,64,ptr,getelementptr,pointer,0
8067,230,63,64,ptr,getelementptr,pointer,0
8068,231,0,64,int,getelementptr,operand,1
8069,231,1,64,int,getelementptr,operand,1
8070,231,2,64,int,getelementptr,operand,1
8071,231,3,64,int,getelementptr,operand,1
8072,231,4,64,int,getelementptr,operand,1
8073,231,5,64,int,getelementptr,operand,1
8074,231,6,64,int,getelementptr,operand,1
8075,231,7,64,int,getelementptr,operand,1
8076,231,8,64,int,getelementptr,operand,1
8077,231,9,64,int,getelementptr,operand,1
8078,231,10,64,int,getelementptr,operand,1
8079,231,11,64,int,getelementptr,operand,1
8080,231,12,64,int,getelementptr,operand,1
8081,231,13,64,int,getelementptr,operand,1
8082,231,14,64,int,getelementptr,operand,1
8083,231,15,64,int,getelementptr,operand,1
8084,231,16,64,int,getelementptr,operand,1
8085,231,17,64,int,getelementptr,operand,1
8086,231,18,64,int,getelementptr,operand,1
8087,231,19,64,int,getelementptr,operand,1
8088,231,20,64,int,getelementptr,operand,1
8089,231,21,64,int,getelementptr,operand,1
8090,231,22,64,int,getelementptr,operand,1
8091,231,23,64,int,getelementptr,operand,1
8092,231,24,64,int,getelementptr,operand,1
8093,231,25,64,int,getelementptr,operand,1
8094,231,26,64,int,getelementptr,operand,1
8095,231,27,64,int,getelementptr,operand,1
8096,231,28,64,int,getelementptr,operand,1
8097,231,29,64,int,getelementptr,operand,1
8098,231,30,64,int,getelementptr,operand,1
8099,231,31,64,int,getelementptr,operand,1
8100,231,32,64,int,getelementptr,operand,1
8101,231,33,64,int,getelementptr,operand,1
8102,231,34,64,int,getelementptr,operand,1
8103,231,35,64,int,getelementptr,operand,1
8104,231,36,64,int,getelementptr,operand,1
8105,231,37,64,int,getelementptr,operand,1
8106,231,38,64,int,getelementptr,operand,1
8107,231,39,64,int,getelementptr,operand,1
8108,231,40,64,int,getelementptr,operand,1
8109,231,41,64,int,getelementptr,operand,1
8110,231,42,64,int,getelementptr,operand,1
8111,231,43,64,int,getelementptr,operand,1
8112,231,44,64,int,getelementptr,operand,1
8113,231,45,64,int,getelementptr,operand,1
8114,231,46,64,int,getelementptr,operand,1
8115,231,47,64,int,getelementptr,operand,1
8116,231,48,64,int,getelementptr,operand,1
8117,231,49,64,int,getelementptr,operand,1
8118,231,50,64,int,getelementptr,operand,1
8119,231,51,64,int,getelementptr,operand,1
8120,231,52,64,int,getelementptr,operand,1
8121,231,53,64,int,getelementptr,operand,1
8122,231,54,64,int,getelementptr,operand,1
8123,231,55,64,int,getelementptr,operand,1
8124,231,56,64,int,getelementptr,operand,1
8125,231,57,64,int,getelementptr,operand,1
8126,231,58,64,int,getelementptr,operand,1
8127,231,59,64,int,getelementptr,operand,1
8128,231,60,64,int,getelementptr,operand,1
8129,231,61,64,int,getelementptr,operand,1
8130,231,62,64,int,getelementptr,operand,1
8131,231,63,64,int,getelementptr,operand,1
8132,232,0,32,float,load,base,-1
8133,232,1,32,float,load,base,-1
8134,232,2,32,float,load,base,-1
8135,232,3,32,float,load,base,-1
8136,232,4,32,float,load,base,-1
8137,232,5,32,float,load,base,-1
8138,232,6,32,float,load,base,-1
8139,232,7,32,float,load,base,-1
8140,232,8,32,float,load,base,-1
8141,232,9,32,float,load,base,-1
8142,232,10,32,float,load,base,-1
8143,232,11,32,float,load,base,-1
8144,232,12,32,float,load,base,-1
8145,232,13,32,float,load,base,-1
8146,232,14,32,float,load,base,-1
8147,232,15,32,float,load,base,-1
8148,232,16,32,float,load,base,-1
8149,232,17,32,float,load,base,-1
8150,232,18,32,float,load,base,-1
8151,232,19,32,float,load,base,-1
8152,232,20,32,float,load,base,-1
8153,232,21,32,float,load,base,-1
8154,232,22,32,float,load,base,-1
8155,232,23,32,float,load,base,-1
8156,232,24,32,float,load,base,-1
8157,232,25,32,float,load,base,-1
8158,232,26,32,float,load,base,-1
8159,232,27,32,float,load,base,-1
8160,232,28,32,float,load,base,-1
8161,232,29,32,float,load,base,-1
8162,232,30,32,float,load,base,-1
8163,232,31,32,float,load,base,-1
8164,233,0,64,ptr,load,pointer,0
8165,233,1,64,ptr,load,pointer,0
8166,233,2,64,ptr,load,pointer,0
8167,233,3,64,ptr,load,pointer,0
8168,233,4,64,ptr,load,pointer,0
8169,233,5,64,ptr,load,pointer,0
8170,233,6,64,ptr,load,pointer,0
8171,233,7,64,ptr,load,pointer,0
8172,233,8,64,ptr,load,pointer,0
8173,233,9,64,ptr,load,pointer,0
8174,233,10,64,ptr,load,pointer,0
8175,233,11,64,ptr,load,pointer,0
8176,233,12,64,ptr,load,pointer,0
8177,233,13,64,ptr,load,pointer,0
8178,233,14,64,ptr,load,pointer,0
8179,233,15,64,ptr,load,pointer,0
8180,233,16,64,ptr,load,pointer,0
8181,233,17,64,ptr,load,pointer,0
8182,233,18,64,ptr,load,pointer,0
8183,233,19,64,ptr,load,pointer,0
8184,233,20,64,ptr,load,pointer,0
8185,233,21,64,ptr,load,pointer,0
8186,233,22,64,ptr,load,pointer,0
8187,233,23,64,ptr,load,pointer,0
8188,233,24,64,ptr,load,pointer,0
8189,233,25,64,ptr,load,pointer,0
8190,233,26,64,ptr,load,pointer,0
8191,233,27,64,ptr,load,pointer,0
8192,233,28,64,ptr,load,pointer,0
8193,233,29,64,ptr,load,pointer,0
8194,233,30,64,ptr,load,pointer,0
8195,233,31,64,ptr,load,pointer,0
8196,233,32,64,ptr,load,pointer,0
8197,233,33,64,ptr,load,pointer,0
8198,233,34,64,ptr,load,pointer,0
8199,233,35,64,ptr,load,pointer,0
8200,233,36,64,ptr,load,pointer,0
8201,233,37,64,ptr,load,pointer,0
8202,233,38,64,ptr,load,pointer,0
8203,233,39,64,ptr,load,pointer,0
8204,233,40,64,ptr,load,pointer,0
8205,233,41,64,ptr,load,pointer,0
8206,233,42,64,ptr,load,pointer,0
8207,233,43,64,ptr,load,pointer,0
8208,233,44,64,ptr,load,pointer,0
8209,233,45,64,ptr,load,pointer,0
8210,233,46,64,ptr,load,pointer,0
8211,233,47,64,ptr,load,pointer,0
8212,233,48,64,ptr,load,pointer,0
8213,233,49,64,ptr,load,pointer,0
8214,233,50,64,ptr,load,pointer,0
8215,233,51,64,ptr,load,pointer,0
8216,233,52,64,ptr,load,pointer,0
8217,233,53,64,ptr,load,pointer,0
8218,233,54,64,ptr,load,pointer,0
8219,233,55,64,ptr,load,pointer,0
8220,233,56,64,ptr,load,pointer,0
8221,233,57,64,ptr,load,pointer,0
8222,233,58,64,ptr,load,pointer,0
8223,233,59,64,ptr,load,pointer,0
8224,233,60,64,ptr,load,pointer,0
8225,233,61,64,ptr,load,pointer,0
8226,233,62,64,ptr,load,pointer,0
8227,233,63,64,ptr,load,pointer,0
8228,235,0,64,ptr,getelementptr,pointer,0
8229,235,1,64,ptr,getelementptr,pointer,0
8230,235,2,64,ptr,getelementptr,pointer,0
8231,235,3,64,ptr,getelementptr,pointer,0
8232,235,4,64,ptr,getelementptr,pointer,0
8233,235,5,64,ptr,getelementptr,pointer,0
8234,235,6,64,ptr,getelementptr,pointer,0
8235,235,7,64,ptr,getelementptr,pointer,0
8236,235,8,64,ptr,getelementptr,pointer,0
8237,235,9,64,ptr,getelementptr,pointer,0
8238,235,10,64,ptr,getelementptr,pointer,0
8239,235,11,64,ptr,getelementptr,pointer,0
8240,235,12,64,ptr,getelementptr,pointer,0
8241,235,13,64,ptr,getelementptr,pointer,0
8242,235,14,64,ptr,getelementptr,pointer,0
8243,235,15,64,ptr,getelementptr,pointer,0
8244,235,16,64,ptr,getelementptr,pointer,0
8245,235,17,64,ptr,getelementptr,pointer,0
8246,235,18,64,ptr,getelementptr,pointer,0
8247,235,19,64,ptr,getelementptr,pointer,0
8248,235,20,64,ptr,getelementptr,pointer,0
8249,235,21,64,ptr,getelementptr,pointer,0
8250,235,22,64,ptr,getelementptr,pointer,0
8251,235,23,64,ptr,getelementptr,pointer,0
8252,235,24,64,ptr,getelementptr,pointer,0
8253,235,25,64,ptr,getelementptr,pointer,0
8254,235,26,64,ptr,getelementptr,pointer,0
8255,235,27,64,ptr,getelementptr,pointer,0
8256,235,28,64,ptr,getelementptr,pointer,0
8257,235,29,64,ptr,getelementptr,pointer,0
8258,235,30,64,ptr,getelementptr,pointer,0
8259,235,31,64,ptr,getelementptr,pointer,0
8260,235,32,64,ptr,getelementptr,pointer,0
8261,235,33,64,ptr,getelementptr,pointer,0
8262,235,34,64,ptr,getelementptr,pointer,0
8263,235,35,64,ptr,getelementptr,pointer,0
8264,235,36,64,ptr,getelementptr,pointer,0
8265,235,37,64,ptr,getelementptr,pointer,0
8266,235,38,64,ptr,getelementptr,pointer,0
8267,235,39,64,ptr,getelementptr,pointer,0
8268,235,40,64,ptr,getelementptr,pointer,0
8269,235,41,64,ptr,getelementptr,pointer,0
8270,235,42,64,ptr,getelementptr,pointer,0
8271,235,43,64,ptr,getelementptr,pointer,0
8272,235,44,64,ptr,getelementptr,pointer,0
8273,235,45,64,ptr,getelementptr,pointer,0
8274,235,46,64,ptr,getelementptr,pointer,0
8275,235,47,64,ptr,getelementptr,pointer,0
8276,235,48,64,ptr,getelementptr,pointer,0
8277,235,49,64,ptr,getelementptr,pointer,0
8278,235,50,64,ptr,getelementptr,pointer,0
8279,235,51,64,ptr,getelementptr,pointer,0
8280,235,52,64,ptr,getelementptr,pointer,0
8281,235,53,64,ptr,getelementptr,pointer,0
8282,235,54,64,ptr,getelementptr,pointer,0
8283,235,55,64,ptr,getelementptr,pointer,0
8284,235,56,64,ptr,getelementptr,pointer,0
8285,235,57,64,ptr,getelementptr,pointer,0
8286,235,58,64,ptr,getelementptr,pointer,0
8287,235,59,64,ptr,getelementptr,pointer,0
8288,235,60,64,ptr,getelementptr,pointer,0
8289,235,61,64,ptr,getelementptr,pointer,0
8290,235,62,64,ptr,getelementptr,pointer,0
8291,235,63,64,ptr,getelementptr,pointer,0
8292,237,0,64,ptr,load,pointer,0
8293,237,1,64,ptr,load,pointer,0
8294,237,2,64,ptr,load,pointer,0
8295,237,3,64,ptr,load,pointer,0
8296,237,4,64,ptr,load,pointer,0
8297,237,5,64,ptr,load,pointer,0
8298,237,6,64,ptr,load,pointer,0
8299,237,7,64,ptr,load,pointer,0
8300,237,8,64,ptr,load,pointer,0
8301,237,9,64,ptr,load,pointer,0
8302,237,10,64,ptr,load,pointer,0
8303,237,11,64,ptr,load,pointer,0
8304,237,12,64,ptr,load,pointer,0
8305,237,13,64,ptr,load,pointer,0
8306,237,14,64,ptr,load,pointer,0
8307,237,15,64,ptr,load,pointer,0
8308,237,16,64,ptr,load,pointer,0
8309,237,17,64,ptr,load,pointer,0
8310,237,18,64,ptr,load,pointer,0
8311,237,19,64,ptr,load,pointer,0
8312,237,20,64,ptr,load,pointer,0
8313,237,21,64,ptr,load,pointer,0
8314,237,22,64,ptr,load,pointer,0
8315,237,23,64,ptr,load,pointer,0
8316,237,24,64,ptr,load,pointer,0
8317,237,25,64,ptr,load,pointer,0
8318,237,26,64,ptr,load,pointer,0
8319,237,27,64,ptr,load,pointer,0
8320,237,28,64,ptr,load,pointer,0
8321,237,29,64,ptr,load,pointer,0
8322,237,30,64,ptr,load,pointer,0
8323,237,31,64,ptr,load,pointer,0
8324,237,32,64,ptr,load,pointer,0
8325,237,33,64,ptr,load,pointer,0
8326,237,34,64,ptr,load,pointer,0
8327,237,35,64,ptr,load,pointer,0
8328,237,36,64,ptr,load,pointer,0
8329,237,37,64,ptr,load,pointer,0
8330,237,38,64,ptr,load,pointer,0
8331,237,39,64,ptr,load,pointer,0
8332,237,40,64,ptr,load,pointer,0
8333,237,41,64,ptr,load,pointer,0
8334,237,42,64,ptr,load,pointer,0
8335,237,43,64,ptr,load,pointer,0
8336,237,44,64,ptr,load,pointer,0
8337,237,45,64,ptr,load,pointer,0
8338,237,46,64,ptr,load,pointer,0
8339,237,47,64,ptr,load,pointer,0
8340,237,48,64,ptr,load,pointer,0
8341,237,49,64,ptr,load,pointer,0
8342,237,50,64,ptr,load,pointer,0
8343,237,51,64,ptr,load,pointer,0
8344,237,52,64,ptr,load,pointer,0
8345,237,53,64,ptr,load,pointer,0
8346,237,54,64,ptr,load,pointer,0
8347,237,55,64,ptr,load,pointer,0
8348,237,56,64,ptr,load,pointer,0
8349,237,57,64,ptr,load,pointer,0
8350,237,58,64,ptr,load,pointer,0
8351,237,59,64,ptr,load,pointer,0
8352,237,60,64,ptr,load,pointer,0
8353,237,61,64,ptr,load,pointer,0
8354,237,62,64,ptr,load,pointer,0
8355,237,63,64,ptr,load,pointer,0
8356,238,0,32,int,load,base,-1
8357,238,1,32,int,load,base,-1
8358,238,2,32,int,load,base,-1
8359,238,3,32,int,load,base,-1
8360,238,4,32,int,load,base,-1
8361,238,5,32,int,load,base,-1
8362,238,6,32,int,load,base,-1
8363,238,7,32,int,load,base,-1
8364,238,8,32,int,load,base,-1
8365,238,9,32,int,load,base,-1
8366,238,10,32,int,load,base,-1
8367,238,11,32,int,load,base,-1
8368,238,12,32,int,load,base,-1
8369,238,13,32,int,load,base,-1
8370,238,14,32,int,load,base,-1
8371,238,15,32,int,load,base,-1
8372,238,16,32,int,load,base,-1
8373,238,17,32,int,load,base,-1
8374,238,18,32,int,load,base,-1
8375,238,19,32,int,load,base,-1
8376,238,20,32,int,load,base,-1
8377,238,21,32,int,load,base,-1
8378,238,22,32,int,load,base,-1
8379,238,23,32,int,load,base,-1
8380,238,24,32,int,load,base,-1
8381,238,25,32,int,load,base,-1
8382,238,26,32,int,load,base,-1
8383,238,27,32,int,load,base,-1
8384,238,28,32,int,load,base,-1
8385,238,29,32,int,load,base,-1
8386,238,30,32,int,load,base,-1
8387,238,31,32,int,load,base,-1
8388,239,0,64,ptr,load,pointer,0
8389,239,1,64,ptr,load,pointer,0
8390,239,2,64,ptr,load,pointer,0
8391,239,3,64,ptr,load,pointer,0
8392,239,4,64,ptr,load,pointer,0
8393,239,5,64,ptr,load,pointer,0
8394,239,6,64,ptr,load,pointer,0
8395,239,7,64,ptr,load,pointer,0
8396,239,8,64,ptr,load,pointer,0
8397,239,9,64,ptr,load,pointer,0
8398,239,10,64,ptr,load,pointer,0
8399,239,11,64,ptr,load,pointer,0
8400,239,12,64,ptr,load,pointer,0
8401,239,13,64,ptr,load,pointer,0
8402,239,14,64,ptr,load,pointer,0
8403,239,15,64,ptr,load,pointer,0
8404,239,16,64,ptr,load,pointer,0
8405,239,17,64,ptr,load,pointer,0
8406,239,18,64,ptr,load,pointer,0
8407,239,19,64,ptr,load,pointer,0
8408,239,20,64,ptr,load,pointer,0
8409,239,21,64,ptr,load,pointer,0
8410,239,22,64,ptr,load,pointer,0
8411,239,23,64,ptr,load,pointer,0
8412,239,24,64,ptr,load,pointer,0
8413,239,25,64,ptr,load,pointer,0
8414,239,26,64,ptr,load,pointer,0
8415,239,27,64,ptr,load,pointer,0
8416,239,28,64,ptr,load,pointer,0
8417,239,29,64,ptr,load,pointer,0
8418,239,30,64,ptr,load,pointer,0
8419,239,31,64,ptr,load,pointer,0
8420,239,32,64,ptr,load,pointer,0
8421,239,33,64,ptr,load,pointer,0
8422,239,34,64,ptr,load,pointer,0
8423,239,35,64,ptr,load,pointer,0
8424,239,36,64,ptr,load,pointer,0
8425,239,37,64,ptr,load,pointer,0
8426,239,38,64,ptr,load,pointer,0
8427,239,39,64,ptr,load,pointer,0
8428,239,40,64,ptr,load,pointer,0
8429,239,41,64,ptr,load,pointer,0
8430,239,42,64,ptr,load,pointer,0
8431,239,43,64,ptr,load,pointer,0
8432,239,44,64,ptr,load,pointer,0
8433,239,45,64,ptr,load,pointer,0
8434,239,46,64,ptr,load,pointer,0
8435,239,47,64,ptr,load,pointer,0
8436,239,48,64,ptr,load,pointer,0
8437,239,49,64,ptr,load,pointer,0
8438,239,50,64,ptr,load,pointer,0
8439,239,51,64,ptr,load,pointer,0
8440,239,52,64,ptr,load,pointer,0
8441,239,53,64,ptr,load,pointer,0
8442,239,54,64,ptr,load,pointer,0
8443,239,55,64,ptr,load,pointer,0
8444,239,56,64,ptr,load,pointer,0
8445,239,57,64,ptr,load,pointer,0
8446,239,58,64,ptr,load,pointer,0
8447,239,59,64,ptr,load,pointer,0
8448,239,60,64,ptr,load,pointer,0
8449,239,61,64,ptr,load,pointer,0
8450,239,62,64,ptr,load,pointer,0
8451,239,63,64,ptr,load,pointer,0
8452,240,0,32,int,load,base,-1
8453,240,1,32,int,load,base,-1
8454,240,2,32,int,load,base,-1
8455,240,3,32,int,load,base,-1
8456,240,4,32,int,load,base,-1
8457,240,5,32,int,load,base,-1
8458,240,6,32,int,load,base,-1
8459,240,7,32,int,load,base,-1
8460,240,8,32,int,load,base,-1
8461,240,9,32,int,load,base,-1
8462,240,10,32,int,load,base,-1
8463,240,11,32,int,load,base,-1
8464,240,12,32,int,load,base,-1
8465,240,13,32,int,load,base,-1
8466,240,14,32,int,load,base,-1
8467,240,15,32,int,load,base,-1
8468,240,16,32,int,load,base,-1
8469,240,17,32,int,load,base,-1
8470,240,18,32,int,load,base,-1
8471,240,19,32,int,load,base,-1
8472,240,20,32,int,load,base,-1
8473,240,21,32,int,load,base,-1
8474,240,22,32,int,load,base,-1
8475,240,23,32,int,load,base,-1
8476,240,24,32,int,load,base,-1
8477,240,25,32,int,load,base,-1
8478,240,26,32,int,load,base,-1
8479,240,27,32,int,load,base,-1
8480,240,28,32,int,load,base,-1
8481,240,29,32,int,load,base,-1
8482,240,30,32,int,load,base,-1
8483,240,31,32,int,load,base,-1
8484,241,0,64,ptr,load,pointer,0
8485,241,1,64,ptr,load,pointer,0
8486,241,2,64,ptr,load,pointer,0
8487,241,3,64,ptr,load,pointer,0
8488,241,4,64,ptr,load,pointer,0
8489,241,5,64,ptr,load,pointer,0
8490,241,6,64,ptr,load,pointer,0
8491,241,7,64,ptr,load,pointer,0
8492,241,8,64,ptr,load,pointer,0
8493,241,9,64,ptr,load,pointer,0
8494,241,10,64,ptr,load,pointer,0
8495,241,11,64,ptr,load,pointer,0
8496,241,12,64,ptr,load,pointer,0
8497,241,13,64,ptr,load,pointer,0
8498,241,14,64,ptr,load,pointer,0
8499,241,15,64,ptr,load,pointer,0
8500,241,16,64,ptr,load,pointer,0
8501,241,17,64,ptr,load,pointer,0
8502,241,18,64,ptr,load,pointer,0
8503,241,19,64,ptr,load,pointer,0
8504,241,20,64,ptr,load,pointer,0
8505,241,21,64,ptr,load,pointer,0
8506,241,22,64,ptr,load,pointer,0
8507,241,23,64,ptr,load,pointer,0
8508,241,24,64,ptr,load,pointer,0
8509,241,25,64,ptr,load,pointer,0
8510,241,26,64,ptr,load,pointer,0
8511,241,27,64,ptr,load,pointer,0
8512,241,28,64,ptr,load,pointer,0
8513,241,29,64,ptr,load,pointer,0
8514,241,30,64,ptr,load,pointer,0
8515,241,31,64,ptr,load,pointer,0
8516,241,32,64,ptr,load,pointer,0
8517,241,33,64,ptr,load,pointer,0
8518,241,34,64,ptr,load,pointer,0
8519,241,35,64,ptr,load,pointer,0
8520,241,36,64,ptr,load,pointer,0
8521,241,37,64,ptr,load,pointer,0
8522,241,38,64,ptr,load,pointer,0
8523,241,39,64,ptr,load,pointer,0
8524,241,40,64,ptr,load,pointer,0
8525,241,41,64,ptr,load,pointer,0
8526,241,42,64,ptr,load,pointer,0
8527,241,43,64,ptr,load,pointer,0
8528,241,44,64,ptr,load,pointer,0
8529,241,45,64,ptr,load,pointer,0
8530,241,46,64,ptr,load,pointer,0
8531,241,47,64,ptr,load,pointer,0
8532,241,48,64,ptr,load,pointer,0
8533,241,49,64,ptr,load,pointer,0
8534,241,50,64,ptr,load,pointer,0
8535,241,51,64,ptr,load,pointer,0
8536,241,52,64,ptr,load,pointer,0
8537,241,53,64,ptr,load,pointer,0
8538,241,54,64,ptr,load,pointer,0
8539,241,55,64,ptr,load,pointer,0
8540,241,56,64,ptr,load,pointer,0
8541,241,57,64,ptr,load,pointer,0
8542,241,58,64,ptr,load,pointer,0
8543,241,59,64,ptr,load,pointer,0
8544,241,60,64,ptr,load,pointer,0
8545,241,61,64,ptr,load,pointer,0
8546,241,62,64,ptr,load,pointer,0
8547,241,63,64,ptr,load,pointer,0
8548,242,0,32,int,sub,base,-1
8549,242,1,32,int,sub,base,-1
8550,242,2,32,int,sub,base,-1
8551,242,3,32,int,sub,base,-1
8552,242,4,32,int,sub,base,-1
8553,242,5,32,int,sub,base,-1
8554,242,6,32,int,sub,base,-1
8555,242,7,32,int,sub,base,-1
8556,242,8,32,int,sub,base,-1
8557,242,9,32,int,sub,base,-1
8558,242,10,32,int,sub,base,-1
8559,242,11,32,int,sub,base,-1
8560,242,12,32,int,sub,base,-1
8561,242,13,32,int,sub,base,-1
8562,242,14,32,int,sub,base,-1
8563,242,15,32,int,sub,base,-1
8564,242,16,32,int,sub,base,-1
8565,242,17,32,int,sub,base,-1
8566,242,18,32,int,sub,base,-1
8567,242,19,32,int,sub,base,-1
8568,242,20,32,int,sub,base,-1
8569,242,21,32,int,sub,base,-1
8570,242,22,32,int,sub,base,-1
8571,242,23,32,int,sub,base,-1
8572,242,24,32,int,sub,base,-1
8573,242,25,32,int,sub,base,-1
8574,242,26,32,int,sub,base,-1
8575,242,27,32,int,sub,base,-1
8576,242,28,32,int,sub,base,-1
8577,242,29,32,int,sub,base,-1
8578,242,30,32,int,sub,base,-1
8579,242,31,32,int,sub,base,-1
8580,243,0,32,int,sub,operand,0
8581,243,1,32,int,sub,operand,0
8582,243,2,32,int,sub,operand,0
8583,243,3,32,int,sub,operand,0
8584,243,4,32,int,sub,operand,0
8585,243,5,32,int,sub,operand,0
8586,243,6,32,int,sub,operand,0
8587,243,7,32,int,sub,operand,0
8588,243,8,32,int,sub,operand,0
8589,243,9,32,int,sub,operand,0
8590,243,10,32,int,sub,operand,0
8591,243,11,32,int,sub,operand,0
8592,243,12,32,int,sub,operand,0
8593,243,13,32,int,sub,operand,0
8594,243,14,32,int,sub,operand,0
8595,243,15,32,int,sub,operand,0
8596,243,16,32,int,sub,operand,0
8597,243,17,32,int,sub,operand,0
8598,243,18,32,int,sub,operand,0
8599,243,19,32,int,sub,operand,0
8600,243,20,32,int,sub,operand,0
8601,243,21,32,int,sub,operand,0
8602,243,22,32,int,sub,operand,0
8603,243,23,32,int,sub,operand,0
8604,243,24,32,int,sub,operand,0
8605,243,25,32,int,sub,operand,0
8606,243,26,32,int,sub,operand,0
8607,243,27,32,int,sub,operand,0
8608,243,28,32,int,sub,operand,0
8609,243,29,32,int,sub,operand,0
8610,243,30,32,int,sub,operand,0
8611,243,31,32,int,sub,operand,0
8612,244,0,32,int,sub,operand,1
8613,244,1,32,int,sub,operand,1
8614,244,2,32,int,sub,operand,1
8615,244,3,32,int,sub,operand,1
8616,244,4,32,int,sub,operand,1
8617,244,5,32,int,sub,operand,1
8618,244,6,32,int,sub,operand,1
8619,244,7,32,int,sub,operand,1
8620,244,8,32,int,sub,operand,1
8621,244,9,32,int,sub,operand,1
8622,244,10,32,int,sub,operand,1
8623,244,11,32,int,sub,operand,1
8624,244,12,32,int,sub,operand,1
8625,244,13,32,int,sub,operand,1
8626,244,14,32,int,sub,operand,1
8627,244,15,32,int,sub,operand,1
8628,244,16,32,int,sub,operand,1
8629,244,17,32,int,sub,operand,1
8630,244,18,32,int,sub,operand,1
8631,244,19,32,int,sub,operand,1
8632,244,20,32,int,sub,operand,1
8633,244,21,32,int,sub,operand,1
8634,244,22,32,int,sub,operand,1
8635,244,23,32,int,sub,operand,1
8636,244,24,32,int,sub,operand,1
8637,244,25,32,int,sub,operand,1
8638,244,26,32,int,sub,operand,1
8639,244,27,32,int,sub,operand,1
8640,244,28,32,int,sub,operand,1
8641,244,29,32,int,sub,operand,1
8642,244,30,32,int,sub,operand,1
8643,244,31,32,int,sub,operand,1
8644,246,0,64,ptr,getelementptr,pointer,0
8645,246,1,64,ptr,getelementptr,pointer,0
8646,246,2,64,ptr,getelementptr,pointer,0
8647,246,3,64,ptr,getelementptr,pointer,0
8648,246,4,64,ptr,getelementptr,pointer,0
8649,246,5,64,ptr,getelementptr,pointer,0
8650,246,6,64,ptr,getelementptr,pointer,0
8651,246,7,64,ptr,getelementptr,pointer,0
8652,246,8,64,ptr,getelementptr,pointer,0
8653,246,9,64,ptr,getelementptr,pointer,0
8654,246,10,64,ptr,getelementptr,pointer,0
8655,246,11,64,ptr,getelementptr,pointer,0
8656,246,12,64,ptr,getelementptr,pointer,0
8657,246,13,64,ptr,getelementptr,pointer,0
8658,246,14,64,ptr,getelementptr,pointer,0
8659,246,15,64,ptr,getelementptr,pointer,0
8660,246,16,64,ptr,getelementptr,pointer,0
8661,246,17,64,ptr,getelementptr,pointer,0
8662,246,18,64,ptr,getelementptr,pointer,0
8663,246,19,64,ptr,getelementptr,pointer,0
8664,246,20,64,ptr,getelementptr,pointer,0
8665,246,21,64,ptr,getelementptr,pointer,0
8666,246,22,64,ptr,getelementptr,pointer,0
8667,246,23,64,ptr,getelementptr,pointer,0
8668,246,24,64,ptr,getelementptr,pointer,0
8669,246,25,64,ptr,getelementptr,pointer,0
8670,246,26,64,ptr,getelementptr,pointer,0
8671,246,27,64,ptr,getelementptr,pointer,0
8672,246,28,64,ptr,getelementptr,pointer,0
8673,246,29,64,ptr,getelementptr,pointer,0
8674,246,30,64,ptr,getelementptr,pointer,0
8675,246,31,64,ptr,getelementptr,pointer,0
8676,246,32,64,ptr,getelementptr,pointer,0
8677,246,33,64,ptr,getelementptr,pointer,0
8678,246,34,64,ptr,getelementptr,pointer,0
8679,246,35,64,ptr,getelementptr,pointer,0
8680,246,36,64,ptr,getelementptr,pointer,0
8681,246,37,64,ptr,getelementptr,pointer,0
8682,246,38,64,ptr,getelementptr,pointer,0
8683,246,39,64,ptr,getelementptr,pointer,0
8684,246,40,64,ptr,getelementptr,pointer,0
8685,246,41,64,ptr,getelementptr,pointer,0
8686,246,42,64,ptr,getelementptr,pointer,0
8687,246,43,64,ptr,getelementptr,pointer,0
8688,246,44,64,ptr,getelementptr,pointer,0
8689,246,45,64,ptr,getelementptr,pointer,0
8690,246,46,64,ptr,getelementptr,pointer,0
8691,246,47,64,ptr,getelementptr,pointer,0
8692,246,48,64,ptr,getelementptr,pointer,0
8693,246,49,64,ptr,getelementptr,pointer,0
8694,246,50,64,ptr,getelementptr,pointer,0
8695,246,51,64,ptr,getelementptr,pointer,0
8696,246,52,64,ptr,getelementptr,pointer,0
8697,246,53,64,ptr,getelementptr,pointer,0
8698,246,54,64,ptr,getelementptr,pointer,0
8699,246,55,64,ptr,getelementptr,pointer,0
8700,246,56,64,ptr,getelementptr,pointer,0
8701,246,57,64,ptr,getelementptr,pointer,0
8702,246,58,64,ptr,getelementptr,pointer,0
8703,246,59,64,ptr,getelementptr,pointer,0
8704,246,60,64,ptr,getelementptr,pointer,0
8705,246,61,64,ptr,getelementptr,pointer,0
8706,246,62,64,ptr,getelementptr,pointer,0
8707,246,63,64,ptr,getelementptr,pointer,0
8708,247,0,32,int,load,base,-1
8709,247,1,32,int,load,base,-1
8710,247,2,32,int,load,base,-1
8711,247,3,32,int,load,base,-1
8712,247,4,32,int,load,base,-1
8713,247,5,32,int,load,base,-1
8714,247,6,32,int,load,base,-1
8715,247,7,32,int,load,base,-1
8716,247,8,32,int,load,base,-1
8717,247,9,32,int,load,base,-1
8718,247,10,32,int,load,base,-1
8719,247,11,32,int,load,base,-1
8720,247,12,32,int,load,base,-1
8721,247,13,32,int,load,base,-1
8722,247,14,32,int,load,base,-1
8723,247,15,32,int,load,base,-1
8724,247,16,32,int,load,base,-1
8725,247,17,32,int,load,base,-1
8726,247,18,32,int,load,base,-1
8727,247,19,32,int,load,base,-1
8728,247,20,32,int,load,base,-1
8729,247,21,32,int,load,base,-1
8730,247,22,32,int,load,base,-1
8731,247,23,32,int,load,base,-1
8732,247,24,32,int,load,base,-1
8733,247,25,32,int,load,base,-1
8734,247,26,32,int,load,base,-1
8735,247,27,32,int,load,base,-1
8736,247,28,32,int,load,base,-1
8737,247,29,32,int,load,base,-1
8738,247,30,32,int,load,base,-1
8739,247,31,32,int,load,base,-1
8740,248,0,64,ptr,load,pointer,0
8741,248,1,64,ptr,load,pointer,0
8742,248,2,64,ptr,load,pointer,0
8743,248,3,64,ptr,load,pointer,0
8744,248,4,64,ptr,load,pointer,0
8745,248,5,64,ptr,load,pointer,0
8746,248,6,64,ptr,load,pointer,0
8747,248,7,64,ptr,load,pointer,0
8748,248,8,64,ptr,load,pointer,0
8749,248,9,64,ptr,load,pointer,0
8750,248,10,64,ptr,load,pointer,0
8751,248,11,64,ptr,load,pointer,0
8752,248,12,64,ptr,load,pointer,0
8753,248,13,64,ptr,load,pointer,0
8754,248,14,64,ptr,load,pointer,0
8755,248,15,64,ptr,load,pointer,0
8756,248,16,64,ptr,load,pointer,0
8757,248,17,64,ptr,load,pointer,0
8758,248,18,64,ptr,load,pointer,0
8759,248,19,64,ptr,load,pointer,0
8760,248,20,64,ptr,load,pointer,0
8761,248,21,64,ptr,load,pointer,0
8762,248,22,64,ptr,load,pointer,0
8763,248,23,64,ptr,load,pointer,0
8764,248,24,64,ptr,load,pointer,0
8765,248,25,64,ptr,load,pointer,0
8766,248,26,64,ptr,load,pointer,0
8767,248,27,64,ptr,load,pointer,0
8768,248,28,64,ptr,load,pointer,0
8769,248,29,64,ptr,load,pointer,0
8770,248,30,64,ptr,load,pointer,0
8771,248,31,64,ptr,load,pointer,0
8772,248,32,64,ptr,load,pointer,0
8773,248,33,64,ptr,load,pointer,0
8774,248,34,64,ptr,load,pointer,0
8775,248,35,64,ptr,load,pointer,0
8776,248,36,64,ptr,load,pointer,0
8777,248,37,64,ptr,load,pointer,0
8778,248,38,64,ptr,load,pointer,0
8779,248,39,64,ptr,load,pointer,0
8780,248,40,64,ptr,load,pointer,0
8781,248,41,64,ptr,load,pointer,0
8782,248,42,64,ptr,load,pointer,0
8783,248,43,64,ptr,load,pointer,0
8784,248,44,64,ptr,load,pointer,0
8785,248,45,64,ptr,load,pointer,0
8786,248,46,64,ptr,load,pointer,0
8787,248,47,64,ptr,load,pointer,0
8788,248,48,64,ptr,load,pointer,0
8789,248,49,64,ptr,load,pointer,0
8790,248,50,64,ptr,load,pointer,0
8791,248,51,64,ptr,load,pointer,0
8792,248,52,64,ptr,load,pointer,0
8793,248,53,64,ptr,load,pointer,0
8794,248,54,64,ptr,load,pointer,0
8795,248,55,64,ptr,load,pointer,0
8796,248,56,64,ptr,load,pointer,0
8797,248,57,64,ptr,load,pointer,0
8798,248,58,64,ptr,load,pointer,0
8799,248,59,64,ptr,load,pointer,0
8800,248,60,64,ptr,load,pointer,0
8801,248,61,64,ptr,load,pointer,0
8802,248,62,64,ptr,load,pointer,0
8803,248,63,64,ptr,load,pointer,0
8804,249,0,32,int,mul,base,-1
8805,249,1,32,int,mul,base,-1
8806,249,2,32,int,mul,base,-1
8807,249,3,32,int,mul,base,-1
8808,249,4,32,int,mul,base,-1
8809,249,5,32,int,mul,base,-1
8810,249,6,32,int,mul,base,-1
8811,249,7,32,int,mul,base,-1
8812,249,8,32,int,mul,base,-1
8813,249,9,32,int,mul,base,-1
8814,249,10,32,int,mul,base,-1
8815,249,11,32,int,mul,base,-1
8816,249,12,32,int,mul,base,-1
8817,249,13,32,int,mul,base,-1
8818,249,14,32,int,mul,base,-1
8819,249,15,32,int,mul,base,-1
8820,249,16,32,int,mul,base,-1
8821,249,17,32,int,mul,base,-1
8822,249,18,32,int,mul,base,-1
8823,249,19,32,int,mul,base,-1
8824,249,20,32,int,mul,base,-1
8825,249,21,32,int,mul,base,-1
8826,249,22,32,int,mul,base,-1
8827,249,23,32,int,mul,base,-1
8828,249,24,32,int,mul,base,-1
8829,249,25,32,int,mul,base,-1
8830,249,26,32,int,mul,base,-1
8831,249,27,32,int,mul,base,-1
8832,249,28,32,int,mul,base,-1
8833,249,29,32,int,mul,base,-1
8834,249,30,32,int,mul,base,-1
8835,249,31,32,int,mul,base,-1
8836,250,0,32,int,mul,operand,0
8837,250,1,32,int,mul,operand,0
8838,250,2,32,int,mul,operand,0
8839,250,3,32,int,mul,operand,0
8840,250,4,32,int,mul,operand,0
8841,250,5,32,int,mul,operand,0
8842,250,6,32,int,mul,operand,0
8843,250,7,32,int,mul,operand,0
8844,250,8,32,int,mul,operand,0
8845,250,9,32,int,mul,operand,0
8846,250,10,32,int,mul,operand,0
8847,250,11,32,int,mul,operand,0
8848,250,12,32,int,mul,operand,0
8849,250,13,32,int,mul,operand,0
8850,250,14,32,int,mul,operand,0
8851,250,15,32,int,mul,operand,0
8852,250,16,32,int,mul,operand,0
8853,250,17,32,int,mul,operand,0
8854,250,18,32,int,mul,operand,0
8855,250,19,32,int,mul,operand,0
8856,250,20,32,int,mul,operand,0
8857,250,21,32,int,mul,operand,0
8858,250,22,32,int,mul,operand,0
8859,250,23,32,int,mul,operand,0
8860,250,24,32,int,mul,operand,0
8861,250,25,32,int,mul,operand,0
8862,250,26,32,int,mul,operand,0
8863,250,27,32,int,mul,operand,0
8864,250,28,32,int,mul,operand,0
8865,250,29,32,int,mul,operand,0
8866,250,30,32,int,mul,operand,0
8867,250,31,32,int,mul,operand,0
8868,251,0,32,int,mul,operand,1
8869,251,1,32,int,mul,operand,1
8870,251,2,32,int,mul,operand,1
8871,251,3,32,int,mul,operand,1
8872,251,4,32,int,mul,operand,1
8873,251,5,32,int,mul,operand,1
8874,251,6,32,int,mul,operand,1
8875,251,7,32,int,mul,operand,1
8876,251,8,32,int,mul,operand,1
8877,251,9,32,int,mul,operand,1
8878,251,10,32,int,mul,operand,1
8879,251,11,32,int,mul,operand,1
8880,251,12,32,int,mul,operand,1
8881,251,13,32,int,mul,operand,1
8882,251,14,32,int,mul,operand,1
8883,251,15,32,int,mul,operand,1
8884,251,16,32,int,mul,operand,1
8885,251,17,32,int,mul,operand,1
8886,251,18,32,int,mul,operand,1
8887,251,19,32,int,mul,operand,1
8888,251,20,32,int,mul,operand,1
8889,251,21,32,int,mul,operand,1
8890,251,22,32,int,mul,operand,1
8891,251,23,32,int,mul,operand,1
8892,251,24,32,int,mul,operand,1
8893,251,25,32,int,mul,operand,1
8894,251,26,32,int,mul,operand,1
8895,251,27,32,int,mul,operand,1
8896,251,28,32,int,mul,operand,1
8897,251,29,32,int,mul,operand,1
8898,251,30,32,int,mul,operand,1
8899,251,31,32,int,mul,operand,1
8900,252,0,32,int,load,base,-1
8901,252,1,32,int,load,base,-1
8902,252,2,32,int,load,base,-1
8903,252,3,32,int,load,base,-1
8904,252,4,32,int,load,base,-1
8905,252,5,32,int,load,base,-1
8906,252,6,32,int,load,base,-1
8907,252,7,32,int,load,base,-1
8908,252,8,32,int,load,base,-1
8909,252,9,32,int,load,base,-1
8910,252,10,32,int,load,base,-1
8911,252,11,32,int,load,base,-1
8912,252,12,32,int,load,base,-1
8913,252,13,32,int,load,base,-1
8914,252,14,32,int,load,base,-1
8915,252,15,32,int,load,base,-1
8916,252,16,32,int,load,base,-1
8917,252,17,32,int,load,base,-1
8918,252,18,32,int,load,base,-1
8919,252,19,32,int,load,base,-1
8920,252,20,32,int,load,base,-1
8921,252,21,32,int,load,base,-1
8922,252,22,32,int,load,base,-1
8923,252,23,32,int,load,base,-1
8924,252,24,32,int,load,base,-1
8925,252,25,32,int,load,base,-1
8926,252,26,32,int,load,base,-1
8927,252,27,32,int,load,base,-1
8928,252,28,32,int,load,base,-1
8929,252,29,32,int,load,base,-1
8930,252,30,32,int,load,base,-1
8931,252,31,32,int,load,base,-1
8932,253,0,64,ptr,load,pointer,0
8933,253,1,64,ptr,load,pointer,0
8934,253,2,64,ptr,load,pointer,0
8935,253,3,64,ptr,load,pointer,0
8936,253,4,64,ptr,load,pointer,0
8937,253,5,64,ptr,load,pointer,0
8938,253,6,64,ptr,load,pointer,0
8939,253,7,64,ptr,load,pointer,0
8940,253,8,64,ptr,load,pointer,0
8941,253,9,64,ptr,load,pointer,0
8942,253,10,64,ptr,load,pointer,0
8943,253,11,64,ptr,load,pointer,0
8944,253,12,64,ptr,load,pointer,0
8945,253,13,64,ptr,load,pointer,0
8946,253,14,64,ptr,load,pointer,0
8947,253,15,64,ptr,load,pointer,0
8948,253,16,64,ptr,load,pointer,0
8949,253,17,64,ptr,load,pointer,0
8950,253,18,64,ptr,load,pointer,0
8951,253,19,64,ptr,load,pointer,0
8952,253,20,64,ptr,load,pointer,0
8953,253,21,64,ptr,load,pointer,0
8954,253,22,64,ptr,load,pointer,0
8955,253,23,64,ptr,load,pointer,0
8956,253,24,64,ptr,load,pointer,0
8957,253,25,64,ptr,load,pointer,0
8958,253,26,64,ptr,load,pointer,0
8959,253,27,64,ptr,load,pointer,0
8960,253,28,64,ptr,load,pointer,0
8961,253,29,64,ptr,load,pointer,0
8962,253,30,64,ptr,load,pointer,0
8963,253,31,64,ptr,load,pointer,0
8964,253,32,64,ptr,load,pointer,0
8965,253,33,64,ptr,load,pointer,0
8966,253,34,64,ptr,load,pointer,0
8967,253,35,64,ptr,load,pointer,0
8968,253,36,64,ptr,load,pointer,0
8969,253,37,64,ptr,load,pointer,0
8970,253,38,64,ptr,load,pointer,0
8971,253,39,64,ptr,load,pointer,0
8972,253,40,64,ptr,load,pointer,0
8973,253,41,64,ptr,load,pointer,0
8974,253,42,64,ptr,load,pointer,0
8975,253,43,64,ptr,load,pointer,0
8976,253,44,64,ptr,load,pointer,0
8977,253,45,64,ptr,load,pointer,0
8978,253,46,64,ptr,load,pointer,0
8979,253,47,64,ptr,load,pointer,0
8980,253,48,64,ptr,load,pointer,0
8981,253,49,64,ptr,load,pointer,0
8982,253,50,64,ptr,load,pointer,0
8983,253,51,64,ptr,load,pointer,0
8984,253,52,64,ptr,load,pointer,0
8985,253,53,64,ptr,load,pointer,0
8986,253,54,64,ptr,load,pointer,0
8987,253,55,64,ptr,load,pointer,0
8988,253,56,64,ptr,load,pointer,0
8989,253,57,64,ptr,load,pointer,0
8990,253,58,64,ptr,load,pointer,0
8991,253,59,64,ptr,load,pointer,0
8992,253,60,64,ptr,load,pointer,0
8993,253,61,64,ptr,load,pointer,0
8994,253,62,64,ptr,load,pointer,0
8995,253,63,64,ptr,load,pointer,0
8996,254,0,32,int,add,base,-1
8997,254,1,32,int,add,base,-1
8998,254,2,32,int,add,base,-1
8999,254,3,32,int,add,base,-1
9000,254,4,32,int,add,base,-1
9001,254,5,32,int,add,base,-1
9002,254,6,32,int,add,base,-1
9003,254,7,32,int,add,base,-1
9004,254,8,32,int,add,base,-1
9005,254,9,32,int,add,base,-1
9006,254,10,32,int,add,base,-1
9007,254,11,32,int,add,base,-1
9008,254,12,32,int,add,base,-1
9009,254,13,32,int,add,base,-1
9010,254,14,32,int,add,base,-1
9011,254,15,32,int,add,base,-1
9012,254,16,32,int,add,base,-1
9013,254,17,32,int,add,base,-1
9014,254,18,32,int,add,base,-1
9015,254,19,32,int,add,base,-1
9016,254,20,32,int,add,base,-1
9017,254,21,32,int,add,base,-1
9018,254,22,32,int,add,base,-1
9019,254,23,32,int,add,base,-1
9020,254,24,32,int,add,base,-1
9021,254,25,32,int,add,base,-1
9022,254,26,32,int,add,base,-1
9023,254,27,32,int,add,base,-1
9024,254,28,32,int,add,base,-1
9025,254,29,32,int,add,base,-1
9026,254,30,32,int,add,base,-1
9027,254,31,32,int,add,base,-1
9028,255,0,32,int,add,operand,0
9029,255,1,32,int,add,operand,0
9030,255,2,32,int,add,operand,0
9031,255,3,32,int,add,operand,0
9032,255,4,32,int,add,operand,0
9033,255,5,32,int,add,operand,0
9034,255,6,32,int,add,operand,0
9035,255,7,32,int,add,operand,0
9036,255,8,32,int,add,operand,0
9037,255,9,32,int,add,operand,0
9038,255,10,32,int,add,operand,0
9039,255,11,32,int,add,operand,0
9040,255,12,32,int,add,operand,0
9041,255,13,32,int,add,operand,0
9042,255,14,32,int,add,operand,0
9043,255,15,32,int,add,operand,0
9044,255,16,32,int,add,operand,0
9045,255,17,32,int,add,operand,0
9046,255,18,32,int,add,operand,0
9047,255,19,32,int,add,operand,0
9048,255,20,32,int,add,operand,0
9049,255,21,32,int,add,operand,0
9050,255,22,32,int,add,operand,0
9051,255,23,32,int,add,operand,0
9052,255,24,32,int,add,operand,0
9053,255,25,32,int,add,operand,0
9054,255,26,32,int,add,operand,0
9055,255,27,32,int,add,operand,0
9056,255,28,32,int,add,operand,0
9057,255,29,32,int,add,operand,0
9058,255,30,32,int,add,operand,0
9059,255,31,32,int,add,operand,0
9060,256,0,32,int,add,operand,1
9061,256,1,32,int,add,operand,1
9062,256,2,32,int,add,operand,1
9063,256,3,32,int,add,operand,1
9064,256,4,32,int,add,operand,1
9065,256,5,32,int,add,operand,1
9066,256,6,32,int,add,operand,1
9067,256,7,32,int,add,operand,1
9068,256,8,32,int,add,operand,1
9069,256,9,32,int,add,operand,1
9070,256,10,32,int,add,operand,1
9071,256,11,32,int,add,operand,1
9072,256,12,32,int,add,operand,1
9073,256,13,32,int,add,operand,1
9074,256,14,32,int,add,operand,1
9075,256,15,32,int,add,operand,1
9076,256,16,32,int,add,operand,1
9077,256,17,32,int,add,operand,1
9078,256,18,32,int,add,operand,1
9079,256,19,32,int,add,operand,1
9080,256,20,32,int,add,operand,1
9081,256,21,32,int,add,operand,1
9082,256,22,32,int,add,operand,1
9083,256,23,32,int,add,operand,1
9084,256,24,32,int,add,operand,1
9085,256,25,32,int,add,operand,1
9086,256,26,32,int,add,operand,1
9087,256,27,32,int,add,operand,1
9088,256,28,32,int,add,operand,1
9089,256,29,32,int,add,operand,1
9090,256,30,32,int,add,operand,1
9091,256,31,32,int,add,operand,1
9092,257,0,64,int,sext,base,-1
9093,257,1,64,int,sext,base,-1
9094,257,2,64,int,sext,base,-1
9095,257,3,64,int,sext,base,-1
9096,257,4,64,int,sext,base,-1
9097,257,5,64,int,sext,base,-1
9098,257,6,64,int,sext,base,-1
9099,257,7,64,int,sext,base,-1
9100,257,8,64,int,sext,base,-1
9101,257,9,64,int,sext,base,-1
9102,257,10,64,int,sext,base,-1
9103,257,11,64,int,sext,base,-1
9104,257,12,64,int,sext,base,-1
9105,257,13,64,int,sext,base,-1
9106,257,14,64,int,sext,base,-1
9107,257,15,64,int,sext,base,-1
9108,257,16,64,int,sext,base,-1
9109,257,17,64,int,sext,base,-1
9110,257,18,64,int,sext,base,-1
9111,257,19,64,int,sext,base,-1
9112,257,20,64,int,sext,base,-1
9113,257,21,64,int,sext,base,-1
9114,257,22,64,int,sext,base,-1
9115,257,23,64,int,sext,base,-1
9116,257,24,64,int,sext,base,-1
9117,257,25,64,int,sext,base,-1
9118,257,26,64,int,sext,base,-1
9119,257,27,64,int,sext,base,-1
9120,257,28,64,int,sext,base,-1
9121,257,29,64,int,sext,base,-1
9122,257,30,64,int,sext,base,-1
9123,257,31,64,int,sext,base,-1
9124,257,32,64,int,sext,base,-1
9125,257,33,64,int,sext,base,-1
9126,257,34,64,int,sext,base,-1
9127,257,35,64,int,sext,base,-1
9128,257,36,64,int,sext,base,-1
9129,257,37,64,int,sext,base,-1
9130,257,38,64,int,sext,base,-1
9131,257,39,64,int,sext,base,-1
9132,257,40,64,int,sext,base,-1
9133,257,41,64,int,sext,base,-1
9134,257,42,64,int,sext,base,-1
9135,257,43,64,int,sext,base,-1
9136,257,44,64,int,sext,base,-1
9137,257,45,64,int,sext,base,-1
9138,257,46,64,int,sext,base,-1
9139,257,47,64,int,sext,base,-1
9140,257,48,64,int,sext,base,-1
9141,257,49,64,int,sext,base,-1
9142,257,50,64,int,sext,base,-1
9143,257,51,64,int,sext,base,-1
9144,257,52,64,int,sext,base,-1
9145,257,53,64,int,sext,base,-1
9146,257,54,64,int,sext,base,-1
9147,257,55,64,int,sext,base,-1
9148,257,56,64,int,sext,base,-1
9149,257,57,64,int,sext,base,-1
9150,257,58,64,int,sext,base,-1
9151,257,59,64,int,sext,base,-1
9152,257,60,64,int,sext,base,-1
9153,257,61,64,int,sext,base,-1
9154,257,62,64,int,sext,base,-1
9155,257,63,64,int,sext,base,-1
9156,258,0,32,int,sext,operand,0
9157,258,1,32,int,sext,operand,0
9158,258,2,32,int,sext,operand,0
9159,258,3,32,int,sext,operand,0
9160,258,4,32,int,sext,operand,0
9161,258,5,32,int,sext,operand,0
9162,258,6,32,int,sext,operand,0
9163,258,7,32,int,sext,operand,0
9164,258,8,32,int,sext,operand,0
9165,258,9,32,int,sext,operand,0
9166,258,10,32,int,sext,operand,0
9167,258,11,32,int,sext,operand,0
9168,258,12,32,int,sext,operand,0
9169,258,13,32,int,sext,operand,0
9170,258,14,32,int,sext,operand,0
9171,258,15,32,int,sext,operand,0
9172,258,16,32,int,sext,operand,0
9173,258,17,32,int,sext,operand,0
9174,258,18,32,int,sext,operand,0
9175,258,19,32,int,sext,operand,0
9176,258,20,32,int,sext,operand,0
9177,258,21,32,int,sext,operand,0
9178,258,22,32,int,sext,operand,0
9179,258,23,32,int,sext,operand,0
9180,258,24,32,int,sext,operand,0
9181,258,25,32,int,sext,operand,0
9182,258,26,32,int,sext,operand,0
9183,258,27,32,int,sext,operand,0
9184,258,28,32,int,sext,operand,0
9185,258,29,32,int,sext,operand,0
9186,258,30,32,int,sext,operand,0
9187,258,31,32,int,sext,operand,0
9188,260,0,64,ptr,getelementptr,pointer,0
9189,260,1,64,ptr,getelementptr,pointer,0
9190,260,2,64,ptr,getelementptr,pointer,0
9191,260,3,64,ptr,getelementptr,pointer,0
9192,260,4,64,ptr,getelementptr,pointer,0
9193,260,5,64,ptr,getelementptr,pointer,0
9194,260,6,64,ptr,getelementptr,pointer,0
9195,260,7,64,ptr,getelementptr,pointer,0
9196,260,8,64,ptr,getelementptr,pointer,0
9197,260,9,64,ptr,getelementptr,pointer,0
9198,260,10,64,ptr,getelementptr,pointer,0
9199,260,11,64,ptr,getelementptr,pointer,0
9200,260,12,64,ptr,getelementptr,pointer,0
9201,260,13,64,ptr,getelementptr,pointer,0
9202,260,14,64,ptr,getelementptr,pointer,0
9203,260,15,64,ptr,getelementptr,pointer,0
9204,260,16,64,ptr,getelementptr,pointer,0
9205,260,17,64,ptr,getelementptr,pointer,0
9206,260,18,64,ptr,getelementptr,pointer,0
9207,260,19,64,ptr,getelementptr,pointer,0
9208,260,20,64,ptr,getelementptr,pointer,0
9209,260,21,64,ptr,getelementptr,pointer,0
9210,260,22,64,ptr,getelementptr,pointer,0
9211,260,23,64,ptr,getelementptr,pointer,0
9212,260,24,64,ptr,getelementptr,pointer,0
9213,260,25,64,ptr,getelementptr,pointer,0
9214,260,26,64,ptr,getelementptr,pointer,0
9215,260,27,64,ptr,getelementptr,pointer,0
9216,260,28,64,ptr,getelementptr,pointer,0
9217,260,29,64,ptr,getelementptr,pointer,0
9218,260,30,64,ptr,getelementptr,pointer,0
9219,260,31,64,ptr,getelementptr,pointer,0
9220,260,32,64,ptr,getelementptr,pointer,0
9221,260,33,64,ptr,getelementptr,pointer,0
9222,260,34,64,ptr,getelementptr,pointer,0
9223,260,35,64,ptr,getelementptr,pointer,0
9224,260,36,64,ptr,getelementptr,pointer,0
9225,260,37,64,ptr,getelementptr,pointer,0
9226,260,38,64,ptr,getelementptr,pointer,0
9227,260,39,64,ptr,getelementptr,pointer,0
9228,260,40,64,ptr,getelementptr,pointer,0
9229,260,41,64,ptr,getelementptr,pointer,0
9230,260,42,64,ptr,getelementptr,pointer,0
9231,260,43,64,ptr,getelementptr,pointer,0
9232,260,44,64,ptr,getelementptr,pointer,0
9233,260,45,64,ptr,getelementptr,pointer,0
9234,260,46,64,ptr,getelementptr,pointer,0
9235,260,47,64,ptr,getelementptr,pointer,0
9236,260,48,64,ptr,getelementptr,pointer,0
9237,260,49,64,ptr,getelementptr,pointer,0
9238,260,50,64,ptr,getelementptr,pointer,0
9239,260,51,64,ptr,getelementptr,pointer,0
9240,260,52,64,ptr,getelementptr,pointer,0
9241,260,53,64,ptr,getelementptr,pointer,0
9242,260,54,64,ptr,getelementptr,pointer,0
9243,260,55,64,ptr,getelementptr,pointer,0
9244,260,56,64,ptr,getelementptr,pointer,0
9245,260,57,64,ptr,getelementptr,pointer,0
9246,260,58,64,ptr,getelementptr,pointer,0
9247,260,59,64,ptr,getelementptr,pointer,0
9248,260,60,64,ptr,getelementptr,pointer,0
9249,260,61,64,ptr,getelementptr,pointer,0
9250,260,62,64,ptr,getelementptr,pointer,0
9251,260,63,64,ptr,getelementptr,pointer,0
9252,261,0,64,int,getelementptr,operand,1
9253,261,1,64,int,getelementptr,operand,1
9254,261,2,64,int,getelementptr,operand,1
9255,261,3,64,int,getelementptr,operand,1
9256,261,4,64,int,getelementptr,operand,1
9257,261,5,64,int,getelementptr,operand,1
9258,261,6,64,int,getelementptr,operand,1
9259,261,7,64,int,getelementptr,operand,1
9260,261,8,64,int,getelementptr,operand,1
9261,261,9,64,int,getelementptr,operand,1
9262,261,10,64,int,getelementptr,operand,1
9263,261,11,64,int,getelementptr,operand,1
9264,261,12,64,int,getelementptr,operand,1
9265,261,13,64,int,getelementptr,operand,1
9266,261,14,64,int,getelementptr,operand,1
9267,261,15,64,int,getelementptr,operand,1
9268,261,16,64,int,getelementptr,operand,1
9269,261,17,64,int,getelementptr,operand,1
9270,261,18,64,int,getelementptr,operand,1
9271,261,19,64,int,getelementptr,operand,1
9272,261,20,64,int,getelementptr,operand,1
9273,261,21,64,int,getelementptr,operand,1
9274,261,22,64,int,getelementptr,operand,1
9275,261,23,64,int,getelementptr,operand,1
9276,261,24,64,int,getelementptr,operand,1
9277,261,25,64,int,getelementptr,operand,1
9278,261,26,64,int,getelementptr,operand,1
9279,261,27,64,int,getelementptr,operand,1
9280,261,28,64,int,getelementptr,operand,1
9281,261,29,64,int,getelementptr,operand,1
9282,261,30,64,int,getelementptr,operand,1
9283,261,31,64,int,getelementptr,operand,1
9284,261,32,64,int,getelementptr,operand,1
9285,261,33,64,int,getelementptr,operand,1
9286,261,34,64,int,getelementptr,operand,1
9287,261,35,64,int,getelementptr,operand,1
9288,261,36,64,int,getelementptr,operand,1
9289,261,37,64,int,getelementptr,operand,1
9290,261,38,64,int,getelementptr,operand,1
9291,261,39,64,int,getelementptr,operand,1
9292,261,40,64,int,getelementptr,operand,1
9293,261,41,64,int,getelementptr,operand,1
9294,261,42,64,int,getelementptr,operand,1
9295,261,43,64,int,getelementptr,operand,1
9296,261,44,64,int,getelementptr,operand,1
9297,261,45,64,int,getelementptr,operand,1
9298,261,46,64,int,getelementptr,operand,1
9299,261,47,64,int,getelementptr,operand,1
9300,261,48,64,int,getelementptr,operand,1
9301,261,49,64,int,getelementptr,operand,1
9302,261,50,64,int,getelementptr,operand,1
9303,261,51,64,int,getelementptr,operand,1
9304,261,52,64,int,getelementptr,operand,1
9305,261,53,64,int,getelementptr,operand,1
9306,261,54,64,int,getelementptr,operand,1
9307,261,55,64,int,getelementptr,operand,1
9308,261,56,64,int,getelementptr,operand,1
9309,261,57,64,int,getelementptr,operand,1
9310,261,58,64,int,getelementptr,operand,1
9311,261,59,64,int,getelementptr,operand,1
9312,261,60,64,int,getelementptr,operand,1
9313,261,61,64,int,getelementptr,operand,1
9314,261,62,64,int,getelementptr,operand,1
9315,261,63,64,int,getelementptr,operand,1
9316,263,0,64,ptr,getelementptr,pointer,0
9317,263,1,64,ptr,getelementptr,pointer,0
9318,263,2,64,ptr,getelementptr,pointer,0
9319,263,3,64,ptr,getelementptr,pointer,0
9320,263,4,64,ptr,getelementptr,pointer,0
9321,263,5,64,ptr,getelementptr,pointer,0
9322,263,6,64,ptr,getelementptr,pointer,0
9323,263,7,64,ptr,getelementptr,pointer,0
9324,263,8,64,ptr,getelementptr,pointer,0
9325,263,9,64,ptr,getelementptr,pointer,0
9326,263,10,64,ptr,getelementptr,pointer,0
9327,263,11,64,ptr,getelementptr,pointer,0
9328,263,12,64,ptr,getelementptr,pointer,0
9329,263,13,64,ptr,getelementptr,pointer,0
9330,263,14,64,ptr,getelementptr,pointer,0
9331,263,15,64,ptr,getelementptr,pointer,0
9332,263,16,64,ptr,getelementptr,pointer,0
9333,263,17,64,ptr,getelementptr,pointer,0
9334,263,18,64,ptr,getelementptr,pointer,0
9335,263,19,64,ptr,getelementptr,pointer,0
9336,263,20,64,ptr,getelementptr,pointer,0
9337,263,21,64,ptr,getelementptr,pointer,0
9338,263,22,64,ptr,getelementptr,pointer,0
9339,263,23,64,ptr,getelementptr,pointer,0
9340,263,24,64,ptr,getelementptr,pointer,0
9341,263,25,64,ptr,getelementptr,pointer,0
9342,263,26,64,ptr,getelementptr,pointer,0
9343,263,27,64,ptr,getelementptr,pointer,0
9344,263,28,64,ptr,getelementptr,pointer,0
9345,263,29,64,ptr,getelementptr,pointer,0
9346,263,30,64,ptr,getelementptr,pointer,0
9347,263,31,64,ptr,getelementptr,pointer,0
9348,263,32,64,ptr,getelementptr,pointer,0
9349,263,33,64,ptr,getelementptr,pointer,0
9350,263,34,64,ptr,getelementptr,pointer,0
9351,263,35,64,ptr,getelementptr,pointer,0
9352,263,36,64,ptr,getelementptr,pointer,0
9353,263,37,64,ptr,getelementptr,pointer,0
9354,263,38,64,ptr,getelementptr,pointer,0
9355,263,39,64,ptr,getelementptr,pointer,0
9356,263,40,64,ptr,getelementptr,pointer,0
9357,263,41,64,ptr,getelementptr,pointer,0
9358,263,42,64,ptr,getelementptr,pointer,0
9359,263,43,64,ptr,getelementptr,pointer,0
9360,263,44,64,ptr,getelementptr,pointer,0
9361,263,45,64,ptr,getelementptr,pointer,0
9362,263,46,64,ptr,getelementptr,pointer,0
9363,263,47,64,ptr,getelementptr,pointer,0
9364,263,48,64,ptr,getelementptr,pointer,0
9365,263,49,64,ptr,getelementptr,pointer,0
9366,263,50,64,ptr,getelementptr,pointer,0
9367,263,51,64,ptr,getelementptr,pointer,0
9368,263,52,64,ptr,getelementptr,pointer,0
9369,263,53,64,ptr,getelementptr,pointer,0
9370,263,54,64,ptr,getelementptr,pointer,0
9371,263,55,64,ptr,getelementptr,pointer,0
9372,263,56,64,ptr,getelementptr,pointer,0
9373,263,57,64,ptr,getelementptr,pointer,0
9374,263,58,64,ptr,getelementptr,pointer,0
9375,263,59,64,ptr,getelementptr,pointer,0
9376,263,60,64,ptr,getelementptr,pointer,0
9377,263,61,64,ptr,getelementptr,pointer,0
9378,263,62,64,ptr,getelementptr,pointer,0
9379,263,63,64,ptr,getelementptr,pointer,0
9380,265,0,64,ptr,load,pointer,0
9381,265,1,64,ptr,load,pointer,0
9382,265,2,64,ptr,load,pointer,0
9383,265,3,64,ptr,load,pointer,0
9384,265,4,64,ptr,load,pointer,0
9385,265,5,64,ptr,load,pointer,0
9386,265,6,64,ptr,load,pointer,0
9387,265,7,64,ptr,load,pointer,0
9388,265,8,64,ptr,load,pointer,0
9389,265,9,64,ptr,load,pointer,0
9390,265,10,64,ptr,load,pointer,0
9391,265,11,64,ptr,load,pointer,0
9392,265,12,64,ptr,load,pointer,0
9393,265,13,64,ptr,load,pointer,0
9394,265,14,64,ptr,load,pointer,0
9395,265,15,64,ptr,load,pointer,0
9396,265,16,64,ptr,load,pointer,0
9397,265,17,64,ptr,load,pointer,0
9398,265,18,64,ptr,load,pointer,0
9399,265,19,64,ptr,load,pointer,0
9400,265,20,64,ptr,load,pointer,0
9401,265,21,64,ptr,load,pointer,0
9402,265,22,64,ptr,load,pointer,0
9403,265,23,64,ptr,load,pointer,0
9404,265,24,64,ptr,load,pointer,0
9405,265,25,64,ptr,load,pointer,0
9406,265,26,64,ptr,load,pointer,0
9407,265,27,64,ptr,load,pointer,0
9408,265,28,64,ptr,load,pointer,0
9409,265,29,64,ptr,load,pointer,0
9410,265,30,64,ptr,load,pointer,0
9411,265,31,64,ptr,load,pointer,0
9412,265,32,64,ptr,load,pointer,0
9413,265,33,64,ptr,load,pointer,0
9414,265,34,64,ptr,load,pointer,0
9415,265,35,64,ptr,load,pointer,0
9416,265,36,64,ptr,load,pointer,0
9417,265,37,64,ptr,load,pointer,0
9418,265,38,64,ptr,load,pointer,0
9419,265,39,64,ptr,load,pointer,0
9420,265,40,64,ptr,load,pointer,0
9421,265,41,64,ptr,load,pointer,0
9422,265,42,64,ptr,load,pointer,0
9423,265,43,64,ptr,load,pointer,0
9424,265,44,64,ptr,load,pointer,0
9425,265,45,64,ptr,load,pointer,0
9426,265,46,64,ptr,load,pointer,0
9427,265,47,64,ptr,load,pointer,0
9428,265,48,64,ptr,load,pointer,0
9429,265,49,64,ptr,load,pointer,0
9430,265,50,64,ptr,load,pointer,0
9431,265,51,64,ptr,load,pointer,0
9432,265,52,64,ptr,load,pointer,0
9433,265,53,64,ptr,load,pointer,0
9434,265,54,64,ptr,load,pointer,0
9435,265,55,64,ptr,load,pointer,0
9436,265,56,64,ptr,load,pointer,0
9437,265,57,64,ptr,load,pointer,0
9438,265,58,64,ptr,load,pointer,0
9439,265,59,64,ptr,load,pointer,0
9440,265,60,64,ptr,load,pointer,0
9441,265,61,64,ptr,load,pointer,0
9442,265,62,64,ptr,load,pointer,0
9443,265,63,64,ptr,load,pointer,0
9444,266,0,32,int,load,base,-1
9445,266,1,32,int,load,base,-1
9446,266,2,32,int,load,base,-1
9447,266,3,32,int,load,base,-1
9448,266,4,32,int,load,base,-1
9449,266,5,32,int,load,base,-1
9450,266,6,32,int,load,base,-1
9451,266,7,32,int,load,base,-1
9452,266,8,32,int,load,base,-1
9453,266,9,32,int,load,base,-1
9454,266,10,32,int,load,base,-1
9455,266,11,32,int,load,base,-1
9456,266,12,32,int,load,base,-1
9457,266,13,32,int,load,base,-1
9458,266,14,32,int,load,base,-1
9459,266,15,32,int,load,base,-1
9460,266,16,32,int,load,base,-1
9461,266,17,32,int,load,base,-1
9462,266,18,32,int,load,base,-1
9463,266,19,32,int,load,base,-1
9464,266,20,32,int,load,base,-1
9465,266,21,32,int,load,base,-1
9466,266,22,32,int,load,base,-1
9467,266,23,32,int,load,base,-1
9468,266,24,32,int,load,base,-1
9469,266,25,32,int,load,base,-1
9470,266,26,32,int,load,base,-1
9471,266,27,32,int,load,base,-1
9472,266,28,32,int,load,base,-1
9473,266,29,32,int,load,base,-1
9474,266,30,32,int,load,base,-1
9475,266,31,32,int,load,base,-1
9476,267,0,64,ptr,load,pointer,0
9477,267,1,64,ptr,load,pointer,0
9478,267,2,64,ptr,load,pointer,0
9479,267,3,64,ptr,load,pointer,0
9480,267,4,64,ptr,load,pointer,0
9481,267,5,64,ptr,load,pointer,0
9482,267,6,64,ptr,load,pointer,0
9483,267,7,64,ptr,load,pointer,0
9484,267,8,64,ptr,load,pointer,0
9485,267,9,64,ptr,load,pointer,0
9486,267,10,64,ptr,load,pointer,0
9487,267,11,64,ptr,load,pointer,0
9488,267,12,64,ptr,load,pointer,0
9489,267,13,64,ptr,load,pointer,0
9490,267,14,64,ptr,load,pointer,0
9491,267,15,64,ptr,load,pointer,0
9492,267,16,64,ptr,load,pointer,0
9493,267,17,64,ptr,load,pointer,0
9494,267,18,64,ptr,load,pointer,0
9495,267,19,64,ptr,load,pointer,0
9496,267,20,64,ptr,load,pointer,0
9497,267,21,64,ptr,load,pointer,0
9498,267,22,64,ptr,load,pointer,0
9499,267,23,64,ptr,load,pointer,0
9500,267,24,64,ptr,load,pointer,0
9501,267,25,64,ptr,load,pointer,0
9502,267,26,64,ptr,load,pointer,0
9503,267,27,64,ptr,load,pointer,0
9504,267,28,64,ptr,load,pointer,0
9505,267,29,64,ptr,load,pointer,0
9506,267,30,64,ptr,load,pointer,0
9507,267,31,64,ptr,load,pointer,0
9508,267,32,64,ptr,load,pointer,0
9509,267,33,64,ptr,load,pointer,0
9510,267,34,64,ptr,load,pointer,0
9511,267,35,64,ptr,load,pointer,0
9512,267,36,64,ptr,load,pointer,0
9513,267,37,64,ptr,load,pointer,0
9514,267,38,64,ptr,load,pointer,0
9515,267,39,64,ptr,load,pointer,0
9516,267,40,64,ptr,load,pointer,0
9517,267,41,64,ptr,load,pointer,0
9518,267,42,64,ptr,load,pointer,0
9519,267,43,64,ptr,load,pointer,0
9520,267,44,64,ptr,load,pointer,0
9521,267,45,64,ptr,load,pointer,0
9522,267,46,64,ptr,load,pointer,0
9523,267,47,64,ptr,load,pointer,0
9524,267,48,64,ptr,load,pointer,0
9525,267,49,64,ptr,load,pointer,0
9526,267,50,64,ptr,load,pointer,0
9527,267,51,64,ptr,load,pointer,0
9528,267,52,64,ptr,load,pointer,0
9529,267,53,64,ptr,load,pointer,0
9530,267,54,64,ptr,load,pointer,0
9531,267,55,64,ptr,load,pointer,0
9532,267,56,64,ptr,load,pointer,0
9533,267,57,64,ptr,load,pointer,0
9534,267,58,64,ptr,load,pointer,0
9535,267,59,64,ptr,load,pointer,0
9536,267,60,64,ptr,load,pointer,0
9537,267,61,64,ptr,load,pointer,0
9538,267,62,64,ptr,load,pointer,0
9539,267,63,64,ptr,load,pointer,0
9540,269,0,64,ptr,getelementptr,pointer,0
9541,269,1,64,ptr,getelementptr,pointer,0
9542,269,2,64,ptr,getelementptr,pointer,0
9543,269,3,64,ptr,getelementptr,pointer,0
9544,269,4,64,ptr,getelementptr,pointer,0
9545,269,5,64,ptr,getelementptr,pointer,0
9546,269,6,64,ptr,getelementptr,pointer,0
9547,269,7,64,ptr,getelementptr,pointer,0
9548,269,8,64,ptr,getelementptr,pointer,0
9549,269,9,64,ptr,getelementptr,pointer,0
9550,269,10,64,ptr,getelementptr,pointer,0
9551,269,11,64,ptr,getelementptr,pointer,0
9552,269,12,64,ptr,getelementptr,pointer,0
9553,269,13,64,ptr,getelementptr,pointer,0
9554,269,14,64,ptr,getelementptr,pointer,0
9555,269,15,64,ptr,getelementptr,pointer,0
9556,269,16,64,ptr,getelementptr,pointer,0
9557,269,17,64,ptr,getelementptr,pointer,0
9558,269,18,64,ptr,getelementptr,pointer,0
9559,269,19,64,ptr,getelementptr,pointer,0
9560,269,20,64,ptr,getelementptr,pointer,0
9561,269,21,64,ptr,getelementptr,pointer,0
9562,269,22,64,ptr,getelementptr,pointer,0
9563,269,23,64,ptr,getelementptr,pointer,0
9564,269,24,64,ptr,getelementptr,pointer,0
9565,269,25,64,ptr,getelementptr,pointer,0
9566,269,26,64,ptr,getelementptr,pointer,0
9567,269,27,64,ptr,getelementptr,pointer,0
9568,269,28,64,ptr,getelementptr,pointer,0
9569,269,29,64,ptr,getelementptr,pointer,0
9570,269,30,64,ptr,getelementptr,pointer,0
9571,269,31,64,ptr,getelementptr,pointer,0
9572,269,32,64,ptr,getelementptr,pointer,0
9573,269,33,64,ptr,getelementptr,pointer,0
9574,269,34,64,ptr,getelementptr,pointer,0
9575,269,35,64,ptr,getelementptr,pointer,0
9576,269,36,64,ptr,getelementptr,pointer,0
9577,269,37,64,ptr,getelementptr,pointer,0
9578,269,38,64,ptr,getelementptr,pointer,0
9579,269,39,64,ptr,getelementptr,pointer,0
9580,269,40,64,ptr,getelementptr,pointer,0
9581,269,41,64,ptr,getelementptr,pointer,0
9582,269,42,64,ptr,getelementptr,pointer,0
9583,269,43,64,ptr,getelementptr,pointer,0
9584,269,44,64,ptr,getelementptr,pointer,0
9585,269,45,64,ptr,getelementptr,pointer,0
9586,269,46,64,ptr,getelementptr,pointer,0
9587,269,47,64,ptr,getelementptr,pointer,0
9588,269,48,64,ptr,getelementptr,pointer,0
9589,269,49,64,ptr,getelementptr,pointer,0
9590,269,50,64,ptr,getelementptr,pointer,0
9591,269,51,64,ptr,getelementptr,pointer,0
9592,269,52,64,ptr,getelementptr,pointer,0
9593,269,53,64,ptr,getelementptr,pointer,0
9594,269,54,64,ptr,getelementptr,pointer,0
9595,269,55,64,ptr,getelementptr,pointer,0
9596,269,56,64,ptr,getelementptr,pointer,0
9597,269,57,64,ptr,getelementptr,pointer,0
9598,269,58,64,ptr,getelementptr,pointer,0
9599,269,59,64,ptr,getelementptr,pointer,0
9600,269,60,64,ptr,getelementptr,pointer,0
9601,269,61,64,ptr,getelementptr,pointer,0
9602,269,62,64,ptr,getelementptr,pointer,0
9603,269,63,64,ptr,getelementptr,pointer,0
9604,270,0,32,int,load,base,-1
9605,270,1,32,int,load,base,-1
9606,270,2,32,int,load,base,-1
9607,270,3,32,int,load,base,-1
9608,270,4,32,int,load,base,-1
9609,270,5,32,int,load,base,-1
9610,270,6,32,int,load,base,-1
9611,270,7,32,int,load,base,-1
9612,270,8,32,int,load,base,-1
9613,270,9,32,int,load,base,-1
9614,270,10,32,int,load,base,-1
9615,270,11,32,int,load,base,-1
9616,270,12,32,int,load,base,-1
9617,270,13,32,int,load,base,-1
9618,270,14,32,int,load,base,-1
9619,270,15,32,int,load,base,-1
9620,270,16,32,int,load,base,-1
9621,270,17,32,int,load,base,-1
9622,270,18,32,int,load,base,-1
9623,270,19,32,int,load,base,-1
9624,270,20,32,int,load,base,-1
9625,270,21,32,int,load,base,-1
9626,270,22,32,int,load,base,-1
9627,270,23,32,int,load,base,-1
9628,270,24,32,int,load,base,-1
9629,270,25,32,int,load,base,-1
9630,270,26,32,int,load,base,-1
9631,270,27,32,int,load,base,-1
9632,270,28,32,int,load,base,-1
9633,270,29,32,int,load,base,-1
9634,270,30,32,int,load,base,-1
9635,270,31,32,int,load,base,-1
9636,271,0,64,ptr,load,pointer,0
9637,271,1,64,ptr,load,pointer,0
9638,271,2,64,ptr,load,pointer,0
9639,271,3,64,ptr,load,pointer,0
9640,271,4,64,ptr,load,pointer,0
9641,271,5,64,ptr,load,pointer,0
9642,271,6,64,ptr,load,pointer,0
9643,271,7,64,ptr,load,pointer,0
9644,271,8,64,ptr,load,pointer,0
9645,271,9,64,ptr,load,pointer,0
9646,271,10,64,ptr,load,pointer,0
9647,271,11,64,ptr,load,pointer,0
9648,271,12,64,ptr,load,pointer,0
9649,271,13,64,ptr,load,pointer,0
9650,271,14,64,ptr,load,pointer,0
9651,271,15,64,ptr,load,pointer,0
9652,271,16,64,ptr,load,pointer,0
9653,271,17,64,ptr,load,pointer,0
9654,271,18,64,ptr,load,pointer,0
9655,271,19,64,ptr,load,pointer,0
9656,271,20,64,ptr,load,pointer,0
9657,271,21,64,ptr,load,pointer,0
9658,271,22,64,ptr,load,pointer,0
9659,271,23,64,ptr,load,pointer,0
9660,271,24,64,ptr,load,pointer,0
9661,271,25,64,ptr,load,pointer,0
9662,271,26,64,ptr,load,pointer,0
9663,271,27,64,ptr,load,pointer,0
9664,271,28,64,ptr,load,pointer,0
9665,271,29,64,ptr,load,pointer,0
9666,271,30,64,ptr,load,pointer,0
9667,271,31,64,ptr,load,pointer,0
9668,271,32,64,ptr,load,pointer,0
9669,271,33,64,ptr,load,pointer,0
9670,271,34,64,ptr,load,pointer,0
9671,271,35,64,ptr,load,pointer,0
9672,271,36,64,ptr,load,pointer,0
9673,271,37,64,ptr,load,pointer,0
9674,271,38,64,ptr,load,pointer,0
9675,271,39,64,ptr,load,pointer,0
9676,271,40,64,ptr,load,pointer,0
9677,271,41,64,ptr,load,pointer,0
9678,271,42,64,ptr,load,pointer,0
9679,271,43,64,ptr,load,pointer,0
9680,271,44,64,ptr,load,pointer,0
9681,271,45,64,ptr,load,pointer,0
9682,271,46,64,ptr,load,pointer,0
9683,271,47,64,ptr,load,pointer,0
9684,271,48,64,ptr,load,pointer,0
9685,271,49,64,ptr,load,pointer,0
9686,271,50,64,ptr,load,pointer,0
9687,271,51,64,ptr,load,pointer,0
9688,271,52,64,ptr,load,pointer,0
9689,271,53,64,ptr,load,pointer,0
9690,271,54,64,ptr,load,pointer,0
9691,271,55,64,ptr,load,pointer,0
9692,271,56,64,ptr,load,pointer,0
9693,271,57,64,ptr,load,pointer,0
9694,271,58,64,ptr,load,pointer,0
9695,271,59,64,ptr,load,pointer,0
9696,271,60,64,ptr,load,pointer,0
9697,271,61,64,ptr,load,pointer,0
9698,271,62,64,ptr,load,pointer,0
9699,271,63,64,ptr,load,pointer,0
9700,272,0,32,int,mul,base,-1
9701,272,1,32,int,mul,base,-1
9702,272,2,32,int,mul,base,-1
9703,272,3,32,int,mul,base,-1
9704,272,4,32,int,mul,base,-1
9705,272,5,32,int,mul,base,-1
9706,272,6,32,int,mul,base,-1
9707,272,7,32,int,mul,base,-1
9708,272,8,32,int,mul,base,-1
9709,272,9,32,int,mul,base,-1
9710,272,10,32,int,mul,base,-1
9711,272,11,32,int,mul,base,-1
9712,272,12,32,int,mul,base,-1
9713,272,13,32,int,mul,base,-1
9714,272,14,32,int,mul,base,-1
9715,272,15,32,int,mul,base,-1
9716,272,16,32,int,mul,base,-1
9717,272,17,32,int,mul,base,-1
9718,272,18,32,int,mul,base,-1
9719,272,19,32,int,mul,base,-1
9720,272,20,32,int,mul,base,-1
9721,272,21,32,int,mul,base,-1
9722,272,22,32,int,mul,base,-1
9723,272,23,32,int,mul,base,-1
9724,272,24,32,int,mul,base,-1
9725,272,25,32,int,mul,base,-1
9726,272,26,32,int,mul,base,-1
9727,272,27,32,int,mul,base,-1
9728,272,28,32,int,mul,base,-1
9729,272,29,32,int,mul,base,-1
9730,272,30,32,int,mul,base,-1
9731,272,31,32,int,mul,base,-1
9732,273,0,32,int,mul,operand,0
9733,273,1,32,int,mul,operand,0
9734,273,2,32,int,mul,operand,0
9735,273,3,32,int,mul,operand,0
9736,273,4,32,int,mul,operand,0
9737,273,5,32,int,mul,operand,0
9738,273,6,32,int,mul,operand,0
9739,273,7,32,int,mul,operand,0
9740,273,8,32,int,mul,operand,0
9741,273,9,32,int,mul,operand,0
9742,273,10,32,int,mul,operand,0
9743,273,11,32,int,mul,operand,0
9744,273,12,32,int,mul,operand,0
9745,273,13,32,int,mul,operand,0
9746,273,14,32,int,mul,operand,0
9747,273,15,32,int,mul,operand,0
9748,273,16,32,int,mul,operand,0
9749,273,17,32,int,mul,operand,0
9750,273,18,32,int,mul,operand,0
9751,273,19,32,int,mul,operand,0
9752,273,20,32,int,mul,operand,0
9753,273,21,32,int,mul,operand,0
9754,273,22,32,int,mul,operand,0
9755,273,23,32,int,mul,operand,0
9756,273,24,32,int,mul,operand,0
9757,273,25,32,int,mul,operand,0
9758,273,26,32,int,mul,operand,0
9759,273,27,32,int,mul,operand,0
9760,273,28,32,int,mul,operand,0
9761,273,29,32,int,mul,operand,0
9762,273,30,32,int,mul,operand,0
9763,273,31,32,int,mul,operand,0
9764,274,0,32,int,mul,operand,1
9765,274,1,32,int,mul,operand,1
9766,274,2,32,int,mul,operand,1
9767,274,3,32,int,mul,operand,1
9768,274,4,32,int,mul,operand,1
9769,274,5,32,int,mul,operand,1
9770,274,6,32,int,mul,operand,1
9771,274,7,32,int,mul,operand,1
9772,274,8,32,int,mul,operand,1
9773,274,9,32,int,mul,operand,1
9774,274,10,32,int,mul,operand,1
9775,274,11,32,int,mul,operand,1
9776,274,12,32,int,mul,operand,1
9777,274,13,32,int,mul,operand,1
9778,274,14,32,int,mul,operand,1
9779,274,15,32,int,mul,operand,1
9780,274,16,32,int,mul,operand,1
9781,274,17,32,int,mul,operand,1
9782,274,18,32,int,mul,operand,1
9783,274,19,32,int,mul,operand,1
9784,274,20,32,int,mul,operand,1
9785,274,21,32,int,mul,operand,1
9786,274,22,32,int,mul,operand,1
9787,274,23,32,int,mul,operand,1
9788,274,24,32,int,mul,operand,1
9789,274,25,32,int,mul,operand,1
9790,274,26,32,int,mul,operand,1
9791,274,27,32,int,mul,operand,1
9792,274,28,32,int,mul,operand,1
9793,274,29,32,int,mul,operand,1
9794,274,30,32,int,mul,operand,1
9795,274,31,32,int,mul,operand,1
9796,275,0,32,int,load,base,-1
9797,275,1,32,int,load,base,-1
9798,275,2,32,int,load,base,-1
9799,275,3,32,int,load,base,-1
9800,275,4,32,int,load,base,-1
9801,275,5,32,int,load,base,-1
9802,275,6,32,int,load,base,-1
9803,275,7,32,int,load,base,-1
9804,275,8,32,int,load,base,-1
9805,275,9,32,int,load,base,-1
9806,275,10,32,int,load,base,-1
9807,275,11,32,int,load,base,-1
9808,275,12,32,int,load,base,-1
9809,275,13,32,int,load,base,-1
9810,275,14,32,int,load,base,-1
9811,275,15,32,int,load,base,-1
9812,275,16,32,int,load,base,-1
9813,275,17,32,int,load,base,-1
9814,275,18,32,int,load,base,-1
9815,275,19,32,int,load,base,-1
9816,275,20,32,int,load,base,-1
9817,275,21,32,int,load,base,-1
9818,275,22,32,int,load,base,-1
9819,275,23,32,int,load,base,-1
9820,275,24,32,int,load,base,-1
9821,275,25,32,int,load,base,-1
9822,275,26,32,int,load,base,-1
9823,275,27,32,int,load,base,-1
9824,275,28,32,int,load,base,-1
9825,275,29,32,int,load,base,-1
9826,275,30,32,int,load,base,-1
9827,275,31,32,int,load,base,-1
9828,276,0,64,ptr,load,pointer,0
9829,276,1,64,ptr,load,pointer,0
9830,276,2,64,ptr,load,pointer,0
9831,276,3,64,ptr,load,pointer,0
9832,276,4,64,ptr,load,pointer,0
9833,276,5,64,ptr,load,pointer,0
9834,276,6,64,ptr,load,pointer,0
9835,276,7,64,ptr,load,pointer,0
9836,276,8,64,ptr,load,pointer,0
9837,276,9,64,ptr,load,pointer,0
9838,276,10,64,ptr,load,pointer,0
9839,276,11,64,ptr,load,pointer,0
9840,276,12,64,ptr,load,pointer,0
9841,276,13,64,ptr,load,pointer,0
9842,276,14,64,ptr,load,pointer,0
9843,276,15,64,ptr,load,pointer,0
9844,276,16,64,ptr,load,pointer,0
9845,276,17,64,ptr,load,pointer,0
9846,276,18,64,ptr,load,pointer,0
9847,276,19,64,ptr,load,pointer,0
9848,276,20,64,ptr,load,pointer,0
9849,276,21,64,ptr,load,pointer,0
9850,276,22,64,ptr,load,pointer,0
9851,276,23,64,ptr,load,pointer,0
9852,276,24,64,ptr,load,pointer,0
9853,276,25,64,ptr,load,pointer,0
9854,276,26,64,ptr,load,pointer,0
9855,276,27,64,ptr,load,pointer,0
9856,276,28,64,ptr,load,pointer,0
9857,276,29,64,ptr,load,pointer,0
9858,276,30,64,ptr,load,pointer,0
9859,276,31,64,ptr,load,pointer,0
9860,276,32,64,ptr,load,pointer,0
9861,276,33,64,ptr,load,pointer,0
9862,276,34,64,ptr,load,pointer,0
9863,276,35,64,ptr,load,pointer,0
9864,276,36,64,ptr,load,pointer,0
9865,276,37,64,ptr,load,pointer,0
9866,276,38,64,ptr,load,pointer,0
9867,276,39,64,ptr,load,pointer,0
9868,276,40,64,ptr,load,pointer,0
9869,276,41,64,ptr,load,pointer,0
9870,276,42,64,ptr,load,pointer,0
9871,276,43,64,ptr,load,pointer,0
9872,276,44,64,ptr,load,pointer,0
9873,276,45,64,ptr,load,pointer,0
9874,276,46,64,ptr,load,pointer,0
9875,276,47,64,ptr,load,pointer,0
9876,276,48,64,ptr,load,pointer,0
9877,276,49,64,ptr,load,pointer,0
9878,276,50,64,ptr,load,pointer,0
9879,276,51,64,ptr,load,pointer,0
9880,276,52,64,ptr,load,pointer,0
9881,276,53,64,ptr,load,pointer,0
9882,276,54,64,ptr,load,pointer,0
9883,276,55,64,ptr,load,pointer,0
9884,276,56,64,ptr,load,pointer,0
9885,276,57,64,ptr,load,pointer,0
9886,276,58,64,ptr,load,pointer,0
9887,276,59,64,ptr,load,pointer,0
9888,276,60,64,ptr,load,pointer,0
9889,276,61,64,ptr,load,pointer,0
9890,276,62,64,ptr,load,pointer,0
9891,276,63,64,ptr,load,pointer,0
9892,277,0,32,int,add,base,-1
9893,277,1,32,int,add,base,-1
9894,277,2,32,int,add,base,-1
9895,277,3,32,int,add,base,-1
9896,277,4,32,int,add,base,-1
9897,277,5,32,int,add,base,-1
9898,277,6,32,int,add,base,-1
9899,277,7,32,int,add,base,-1
9900,277,8,32,int,add,base,-1
9901,277,9,32,int,add,base,-1
9902,277,10,32,int,add,base,-1
9903,277,11,32,int,add,base,-1
9904,277,12,32,int,add,base,-1
9905,277,13,32,int,add,base,-1
9906,277,14,32,int,add,base,-1
9907,277,15,32,int,add,base,-1
9908,277,16,32,int,add,base,-1
9909,277,17,32,int,add,base,-1
9910,277,18,32,int,add,base,-1
9911,277,19,32,int,add,base,-1
9912,277,20,32,int,add,base,-1
9913,277,21,32,int,add,base,-1
9914,277,22,32,int,add,base,-1
9915,277,23,32,int,add,base,-1
9916,277,24,32,int,add,base,-1
9917,277,25,32,int,add,base,-1
9918,277,26,32,int,add,base,-1
9919,277,27,32,int,add,base,-1
9920,277,28,32,int,add,base,-1
9921,277,29,32,int,add,base,-1
9922,277,30,32,int,add,base,-1
9923,277,31,32,int,add,base,-1
9924,278,0,32,int,add,operand,0
9925,278,1,32,int,add,operand,0
9926,278,2,32,int,add,operand,0
9927,278,3,32,int,add,operand,0
9928,278,4,32,int,add,operand,0
9929,278,5,32,int,add,operand,0
9930,278,6,32,int,add,operand,0
9931,278,7,32,int,add,operand,0
9932,278,8,32,int,add,operand,0
9933,278,9,32,int,add,operand,0
9934,278,10,32,int,add,operand,0
9935,278,11,32,int,add,operand,0
9936,278,12,32,int,add,operand,0
9937,278,13,32,int,add,operand,0
9938,278,14,32,int,add,operand,0
9939,278,15,32,int,add,operand,0
9940,278,16,32,int,add,operand,0
9941,278,17,32,int,add,operand,0
9942,278,18,32,int,add,operand,0
9943,278,19,32,int,add,operand,0
9944,278,20,32,int,add,operand,0
9945,278,21,32,int,add,operand,0
9946,278,22,32,int,add,operand,0
9947,278,23,32,int,add,operand,0
9948,278,24,32,int,add,operand,0
9949,278,25,32,int,add,operand,0
9950,278,26,32,int,add,operand,0
9951,278,27,32,int,add,operand,0
9952,278,28,32,int,add,operand,0
9953,278,29,32,int,add,operand,0
9954,278,30,32,int,add,operand,0
9955,278,31,32,int,add,operand,0
9956,279,0,32,int,add,operand,1
9957,279,1,32,int,add,operand,1
9958,279,2,32,int,add,operand,1
9959,279,3,32,int,add,operand,1
9960,279,4,32,int,add,operand,1
9961,279,5,32,int,add,operand,1
9962,279,6,32,int,add,operand,1
9963,279,7,32,int,add,operand,1
9964,279,8,32,int,add,operand,1
9965,279,9,32,int,add,operand,1
9966,279,10,32,int,add,operand,1
9967,279,11,32,int,add,operand,1
9968,279,12,32,int,add,operand,1
9969,279,13,32,int,add,operand,1
9970,279,14,32,int,add,operand,1
9971,279,15,32,int,add,operand,1
9972,279,16,32,int,add,operand,1
9973,279,17,32,int,add,operand,1
9974,279,18,32,int,add,operand,1
9975,279,19,32,int,add,operand,1
9976,279,20,32,int,add,operand,1
9977,279,21,32,int,add,operand,1
9978,279,22,32,int,add,operand,1
9979,279,23,32,int,add,operand,1
9980,279,24,32,int,add,operand,1
9981,279,25,32,int,add,operand,1
9982,279,26,32,int,add,operand,1
9983,279,27,32,int,add,operand,1
9984,279,28,32,int,add,operand,1
9985,279,29,32,int,add,operand,1
9986,279,30,32,int,add,operand,1
9987,279,31,32,int,add,operand,1
9988,280,0,64,int,sext,base,-1
9989,280,1,64,int,sext,base,-1
9990,280,2,64,int,sext,base,-1
9991,280,3,64,int,sext,base,-1
9992,280,4,64,int,sext,base,-1
9993,280,5,64,int,sext,base,-1
9994,280,6,64,int,sext,base,-1
9995,280,7,64,int,sext,base,-1
9996,280,8,64,int,sext,base,-1
9997,280,9,64,int,sext,base,-1
9998,280,10,64,int,sext,base,-1
9999,280,11,64,int,sext,base,-1
10000,280,12,64,int,sext,base,-1
10001,280,13,64,int,sext,base,-1
10002,280,14,64,int,sext,base,-1
10003,280,15,64,int,sext,base,-1
10004,280,16,64,int,sext,base,-1
10005,280,17,64,int,sext,base,-1
10006,280,18,64,int,sext,base,-1
10007,280,19,64,int,sext,base,-1
10008,280,20,64,int,sext,base,-1
10009,280,21,64,int,sext,base,-1
10010,280,22,64,int,sext,base,-1
10011,280,23,64,int,sext,base,-1
10012,280,24,64,int,sext,base,-1
10013,280,25,64,int,sext,base,-1
10014,280,26,64,int,sext,base,-1
10015,280,27,64,int,sext,base,-1
10016,280,28,64,int,sext,base,-1
10017,280,29,64,int,sext,base,-1
10018,280,30,64,int,sext,base,-1
10019,280,31,64,int,sext,base,-1
10020,280,32,64,int,sext,base,-1
10021,280,33,64,int,sext,base,-1
10022,280,34,64,int,sext,base,-1
10023,280,35,64,int,sext,base,-1
10024,280,36,64,int,sext,base,-1
10025,280,37,64,int,sext,base,-1
10026,280,38,64,int,sext,base,-1
10027,280,39,64,int,sext,base,-1
10028,280,40,64,int,sext,base,-1
10029,280,41,64,int,sext,base,-1
10030,280,42,64,int,sext,base,-1
10031,280,43,64,int,sext,base,-1
10032,280,44,64,int,sext,base,-1
10033,280,45,64,int,sext,base,-1
10034,280,46,64,int,sext,base,-1
10035,280,47,64,int,sext,base,-1
10036,280,48,64,int,sext,base,-1
10037,280,49,64,int,sext,base,-1
10038,280,50,64,int,sext,base,-1
10039,280,51,64,int,sext,base,-1
10040,280,52,64,int,sext,base,-1
10041,280,53,64,int,sext,base,-1
10042,280,54,64,int,sext,base,-1
10043,280,55,64,int,sext,base,-1
10044,280,56,64,int,sext,base,-1
10045,280,57,64,int,sext,base,-1
10046,280,58,64,int,sext,base,-1
10047,280,59,64,int,sext,base,-1
10048,280,60,64,int,sext,base,-1
10049,280,61,64,int,sext,base,-1
10050,280,62,64,int,sext,base,-1
10051,280,63,64,int,sext,base,-1
10052,281,0,32,int,sext,operand,0
10053,281,1,32,int,sext,operand,0
10054,281,2,32,int,sext,operand,0
10055,281,3,32,int,sext,operand,0
10056,281,4,32,int,sext,operand,0
10057,281,5,32,int,sext,operand,0
10058,281,6,32,int,sext,operand,0
10059,281,7,32,int,sext,operand,0
10060,281,8,32,int,sext,operand,0
10061,281,9,32,int,sext,operand,0
10062,281,10,32,int,sext,operand,0
10063,281,11,32,int,sext,operand,0
10064,281,12,32,int,sext,operand,0
10065,281,13,32,int,sext,operand,0
10066,281,14,32,int,sext,operand,0
10067,281,15,32,int,sext,operand,0
10068,281,16,32,int,sext,operand,0
10069,281,17,32,int,sext,operand,0
10070,281,18,32,int,sext,operand,0
10071,281,19,32,int,sext,operand,0
10072,281,20,32,int,sext,operand,0
10073,281,21,32,int,sext,operand,0
10074,281,22,32,int,sext,operand,0
10075,281,23,32,int,sext,operand,0
10076,281,24,32,int,sext,operand,0
10077,281,25,32,int,sext,operand,0
10078,281,26,32,int,sext,operand,0
10079,281,27,32,int,sext,operand,0
10080,281,28,32,int,sext,operand,0
10081,281,29,32,int,sext,operand,0
10082,281,30,32,int,sext,operand,0
10083,281,31,32,int,sext,operand,0
10084,283,0,64,ptr,getelementptr,pointer,0
10085,283,1,64,ptr,getelementptr,pointer,0
10086,283,2,64,ptr,getelementptr,pointer,0
10087,283,3,64,ptr,getelementptr,pointer,0
10088,283,4,64,ptr,getelementptr,pointer,0
10089,283,5,64,ptr,getelementptr,pointer,0
10090,283,6,64,ptr,getelementptr,pointer,0
10091,283,7,64,ptr,getelementptr,pointer,0
10092,283,8,64,ptr,getelementptr,pointer,0
10093,283,9,64,ptr,getelementptr,pointer,0
10094,283,10,64,ptr,getelementptr,pointer,0
10095,283,11,64,ptr,getelementptr,pointer,0
10096,283,12,64,ptr,getelementptr,pointer,0
10097,283,13,64,ptr,getelementptr,pointer,0
10098,283,14,64,ptr,getelementptr,pointer,0
10099,283,15,64,ptr,getelementptr,pointer,0
10100,283,16,64,ptr,getelementptr,pointer,0
10101,283,17,64,ptr,getelementptr,pointer,0
10102,283,18,64,ptr,getelementptr,pointer,0
10103,283,19,64,ptr,getelementptr,pointer,0
10104,283,20,64,ptr,getelementptr,pointer,0
10105,283,21,64,ptr,getelementptr,pointer,0
10106,283,22,64,ptr,getelementptr,pointer,0
10107,283,23,64,ptr,getelementptr,pointer,0
10108,283,24,64,ptr,getelementptr,pointer,0
10109,283,25,64,ptr,getelementptr,pointer,0
10110,283,26,64,ptr,getelementptr,pointer,0
10111,283,27,64,ptr,getelementptr,pointer,0
10112,283,28,64,ptr,getelementptr,pointer,0
10113,283,29,64,ptr,getelementptr,pointer,0
10114,283,30,64,ptr,getelementptr,pointer,0
10115,283,31,64,ptr,getelementptr,pointer,0
10116,283,32,64,ptr,getelementptr,pointer,0
10117,283,33,64,ptr,getelementptr,pointer,0
10118,283,34,64,ptr,getelementptr,pointer,0
10119,283,35,64,ptr,getelementptr,pointer,0
10120,283,36,64,ptr,getelementptr,pointer,0
10121,283,37,64,ptr,getelementptr,pointer,0
10122,283,38,64,ptr,getelementptr,pointer,0
10123,283,39,64,ptr,getelementptr,pointer,0
10124,283,40,64,ptr,getelementptr,pointer,0
10125,283,41,64,ptr,getelementptr,pointer,0
10126,283,42,64,ptr,getelementptr,pointer,0
10127,283,43,64,ptr,getelementptr,pointer,0
10128,283,44,64,ptr,getelementptr,pointer,0
10129,283,45,64,ptr,getelementptr,pointer,0
10130,283,46,64,ptr,getelementptr,pointer,0
10131,283,47,64,ptr,getelementptr,pointer,0
10132,283,48,64,ptr,getelementptr,pointer,0
10133,283,49,64,ptr,getelementptr,pointer,0
10134,283,50,64,ptr,getelementptr,pointer,0
10135,283,51,64,ptr,getelementptr,pointer,0
10136,283,52,64,ptr,getelementptr,pointer,0
10137,283,53,64,ptr,getelementptr,pointer,0
10138,283,54,64,ptr,getelementptr,pointer,0
10139,283,55,64,ptr,getelementptr,pointer,0
10140,283,56,64,ptr,getelementptr,pointer,0
10141,283,57,64,ptr,getelementptr,pointer,0
10142,283,58,64,ptr,getelementptr,pointer,0
10143,283,59,64,ptr,getelementptr,pointer,0
10144,283,60,64,ptr,getelementptr,pointer,0
10145,283,61,64,ptr,getelementptr,pointer,0
10146,283,62,64,ptr,getelementptr,pointer,0
10147,283,63,64,ptr,getelementptr,pointer,0
10148,284,0,64,int,getelementptr,operand,1
10149,284,1,64,int,getelementptr,operand,1
10150,284,2,64,int,getelementptr,operand,1
10151,284,3,64,int,getelementptr,operand,1
10152,284,4,64,int,getelementptr,operand,1
10153,284,5,64,int,getelementptr,operand,1
10154,284,6,64,int,getelementptr,operand,1
10155,284,7,64,int,getelementptr,operand,1
10156,284,8,64,int,getelementptr,operand,1
10157,284,9,64,int,getelementptr,operand,1
10158,284,10,64,int,getelementptr,operand,1
10159,284,11,64,int,getelementptr,operand,1
10160,284,12,64,int,getelementptr,operand,1
10161,284,13,64,int,getelementptr,operand,1
10162,284,14,64,int,getelementptr,operand,1
10163,284,15,64,int,getelementptr,operand,1
10164,284,16,64,int,getelementptr,operand,1
10165,284,17,64,int,getelementptr,operand,1
10166,284,18,64,int,getelementptr,operand,1
10167,284,19,64,int,getelementptr,operand,1
10168,284,20,64,int,getelementptr,operand,1
10169,284,21,64,int,getelementptr,operand,1
10170,284,22,64,int,getelementptr,operand,1
10171,284,23,64,int,getelementptr,operand,1
10172,284,24,64,int,getelementptr,operand,1
10173,284,25,64,int,getelementptr,operand,1
10174,284,26,64,int,getelementptr,operand,1
10175,284,27,64,int,getelementptr,operand,1
10176,284,28,64,int,getelementptr,operand,1
10177,284,29,64,int,getelementptr,operand,1
10178,284,30,64,int,getelementptr,operand,1
10179,284,31,64,int,getelementptr,operand,1
10180,284,32,64,int,getelementptr,operand,1
10181,284,33,64,int,getelementptr,operand,1
10182,284,34,64,int,getelementptr,operand,1
10183,284,35,64,int,getelementptr,operand,1
10184,284,36,64,int,getelementptr,operand,1
10185,284,37,64,int,getelementptr,operand,1
10186,284,38,64,int,getelementptr,operand,1
10187,284,39,64,int,getelementptr,operand,1
10188,284,40,64,int,getelementptr,operand,1
10189,284,41,64,int,getelementptr,operand,1
10190,284,42,64,int,getelementptr,operand,1
10191,284,43,64,int,getelementptr,operand,1
10192,284,44,64,int,getelementptr,operand,1
10193,284,45,64,int,getelementptr,operand,1
10194,284,46,64,int,getelementptr,operand,1
10195,284,47,64,int,getelementptr,operand,1
10196,284,48,64,int,getelementptr,operand,1
10197,284,49,64,int,getelementptr,operand,1
10198,284,50,64,int,getelementptr,operand,1
10199,284,51,64,int,getelementptr,operand,1
10200,284,52,64,int,getelementptr,operand,1
10201,284,53,64,int,getelementptr,operand,1
10202,284,54,64,int,getelementptr,operand,1
10203,284,55,64,int,getelementptr,operand,1
10204,284,56,64,int,getelementptr,operand,1
10205,284,57,64,int,getelementptr,operand,1
10206,284,58,64,int,getelementptr,operand,1
10207,284,59,64,int,getelementptr,operand,1
10208,284,60,64,int,getelementptr,operand,1
10209,284,61,64,int,getelementptr,operand,1
10210,284,62,64,int,getelementptr,operand,1
10211,284,63,64,int,getelementptr,operand,1
10212,285,0,32,float,load,base,-1
10213,285,1,32,float,load,base,-1
10214,285,2,32,float,load,base,-1
10215,285,3,32,float,load,base,-1
10216,285,4,32,float,load,base,-1
10217,285,5,32,float,load,base,-1
10218,285,6,32,float,load,base,-1
10219,285,7,32,float,load,base,-1
10220,285,8,32,float,load,base,-1
10221,285,9,32,float,load,base,-1
10222,285,10,32,float,load,base,-1
10223,285,11,32,float,load,base,-1
10224,285,12,32,float,load,base,-1
10225,285,13,32,float,load,base,-1
10226,285,14,32,float,load,base,-1
10227,285,15,32,float,load,base,-1
10228,285,16,32,float,load,base,-1
10229,285,17,32,float,load,base,-1
10230,285,18,32,float,load,base,-1
10231,285,19,32,float,load,base,-1
10232,285,20,32,float,load,base,-1
10233,285,21,32,float,load,base,-1
10234,285,22,32,float,load,base,-1
10235,285,23,32,float,load,base,-1
10236,285,24,32,float,load,base,-1
10237,285,25,32,float,load,base,-1
10238,285,26,32,float,load,base,-1
10239,285,27,32,float,load,base,-1
10240,285,28,32,float,load,base,-1
10241,285,29,32,float,load,base,-1
10242,285,30,32,float,load,base,-1
10243,285,31,32,float,load,base,-1
10244,286,0,64,ptr,load,pointer,0
10245,286,1,64,ptr,load,pointer,0
10246,286,2,64,ptr,load,pointer,0
10247,286,3,64,ptr,load,pointer,0
10248,286,4,64,ptr,load,pointer,0
10249,286,5,64,ptr,load,pointer,0
10250,286,6,64,ptr,load,pointer,0
10251,286,7,64,ptr,load,pointer,0
10252,286,8,64,ptr,load,pointer,0
10253,286,9,64,ptr,load,pointer,0
10254,286,10,64,ptr,load,pointer,0
10255,286,11,64,ptr,load,pointer,0
10256,286,12,64,ptr,load,pointer,0
10257,286,13,64,ptr,load,pointer,0
10258,286,14,64,ptr,load,pointer,0
10259,286,15,64,ptr,load,pointer,0
10260,286,16,64,ptr,load,pointer,0
10261,286,17,64,ptr,load,pointer,0
10262,286,18,64,ptr,load,pointer,0
10263,286,19,64,ptr,load,pointer,0
10264,286,20,64,ptr,load,pointer,0
10265,286,21,64,ptr,load,pointer,0
10266,286,22,64,ptr,load,pointer,0
10267,286,23,64,ptr,load,pointer,0
10268,286,24,64,ptr,load,pointer,0
10269,286,25,64,ptr,load,pointer,0
10270,286,26,64,ptr,load,pointer,0
10271,286,27,64,ptr,load,pointer,0
10272,286,28,64,ptr,load,pointer,0
10273,286,29,64,ptr,load,pointer,0
10274,286,30,64,ptr,load,pointer,0
10275,286,31,64,ptr,load,pointer,0
10276,286,32,64,ptr,load,pointer,0
10277,286,33,64,ptr,load,pointer,0
10278,286,34,64,ptr,load,pointer,0
10279,286,35,64,ptr,load,pointer,0
10280,286,36,64,ptr,load,pointer,0
10281,286,37,64,ptr,load,pointer,0
10282,286,38,64,ptr,load,pointer,0
10283,286,39,64,ptr,load,pointer,0
10284,286,40,64,ptr,load,pointer,0
10285,286,41,64,ptr,load,pointer,0
10286,286,42,64,ptr,load,pointer,0
10287,286,43,64,ptr,load,pointer,0
10288,286,44,64,ptr,load,pointer,0
10289,286,45,64,ptr,load,pointer,0
10290,286,46,64,ptr,load,pointer,0
10291,286,47,64,ptr,load,pointer,0
10292,286,48,64,ptr,load,pointer,0
10293,286,49,64,ptr,load,pointer,0
10294,286,50,64,ptr,load,pointer,0
10295,286,51,64,ptr,load,pointer,0
10296,286,52,64,ptr,load,pointer,0
10297,286,53,64,ptr,load,pointer,0
10298,286,54,64,ptr,load,pointer,0
10299,286,55,64,ptr,load,pointer,0
10300,286,56,64,ptr,load,pointer,0
10301,286,57,64,ptr,load,pointer,0
10302,286,58,64,ptr,load,pointer,0
10303,286,59,64,ptr,load,pointer,0
10304,286,60,64,ptr,load,pointer,0
10305,286,61,64,ptr,load,pointer,0
10306,286,62,64,ptr,load,pointer,0
10307,286,63,64,ptr,load,pointer,0
10308,288,0,64,ptr,getelementptr,pointer,0
10309,288,1,64,ptr,getelementptr,pointer,0
10310,288,2,64,ptr,getelementptr,pointer,0
10311,288,3,64,ptr,getelementptr,pointer,0
10312,288,4,64,ptr,getelementptr,pointer,0
10313,288,5,64,ptr,getelementptr,pointer,0
10314,288,6,64,ptr,getelementptr,pointer,0
10315,288,7,64,ptr,getelementptr,pointer,0
10316,288,8,64,ptr,getelementptr,pointer,0
10317,288,9,64,ptr,getelementptr,pointer,0
10318,288,10,64,ptr,getelementptr,pointer,0
10319,288,11,64,ptr,getelementptr,pointer,0
10320,288,12,64,ptr,getelementptr,pointer,0
10321,288,13,64,ptr,getelementptr,pointer,0
10322,288,14,64,ptr,getelementptr,pointer,0
10323,288,15,64,ptr,getelementptr,pointer,0
10324,288,16,64,ptr,getelementptr,pointer,0
10325,288,17,64,ptr,getelementptr,pointer,0
10326,288,18,64,ptr,getelementptr,pointer,0
10327,288,19,64,ptr,getelementptr,pointer,0
10328,288,20,64,ptr,getelementptr,pointer,0
10329,288,21,64,ptr,getelementptr,pointer,0
10330,288,22,64,ptr,getelementptr,pointer,0
10331,288,23,64,ptr,getelementptr,pointer,0
10332,288,24,64,ptr,getelementptr,pointer,0
10333,288,25,64,ptr,getelementptr,pointer,0
10334,288,26,64,ptr,getelementptr,pointer,0
10335,288,27,64,ptr,getelementptr,pointer,0
10336,288,28,64,ptr,getelementptr,pointer,0
10337,288,29,64,ptr,getelementptr,pointer,0
10338,288,30,64,ptr,getelementptr,pointer,0
10339,288,31,64,ptr,getelementptr,pointer,0
10340,288,32,64,ptr,getelementptr,pointer,0
10341,288,33,64,ptr,getelementptr,pointer,0
10342,288,34,64,ptr,getelementptr,pointer,0
10343,288,35,64,ptr,getelementptr,pointer,0
10344,288,36,64,ptr,getelementptr,pointer,0
10345,288,37,64,ptr,getelementptr,pointer,0
10346,288,38,64,ptr,getelementptr,pointer,0
10347,288,39,64,ptr,getelementptr,pointer,0
10348,288,40,64,ptr,getelementptr,pointer,0
10349,288,41,64,ptr,getelementptr,pointer,0
10350,288,42,64,ptr,getelementptr,pointer,0
10351,288,43,64,ptr,getelementptr,pointer,0
10352,288,44,64,ptr,getelementptr,pointer,0
10353,288,45,64,ptr,getelementptr,pointer,0
10354,288,46,64,ptr,getelementptr,pointer,0
10355,288,47,64,ptr,getelementptr,pointer,0
10356,288,48,64,ptr,getelementptr,pointer,0
10357,288,49,64,ptr,getelementptr,pointer,0
10358,288,50,64,ptr,getelementptr,pointer,0
10359,288,51,64,ptr,getelementptr,pointer,0
10360,288,52,64,ptr,getelementptr,pointer,0
10361,288,53,64,ptr,getelementptr,pointer,0
10362,288,54,64,ptr,getelementptr,pointer,0
10363,288,55,64,ptr,getelementptr,pointer,0
10364,288,56,64,ptr,getelementptr,pointer,0
10365,288,57,64,ptr,getelementptr,pointer,0
10366,288,58,64,ptr,getelementptr,pointer,0
10367,288,59,64,ptr,getelementptr,pointer,0
10368,288,60,64,ptr,getelementptr,pointer,0
10369,288,61,64,ptr,getelementptr,pointer,0
10370,288,62,64,ptr,getelementptr,pointer,0
10371,288,63,64,ptr,getelementptr,pointer,0
10372,290,0,64,ptr,load,pointer,0
10373,290,1,64,ptr,load,pointer,0
10374,290,2,64,ptr,load,pointer,0
10375,290,3,64,ptr,load,pointer,0
10376,290,4,64,ptr,load,pointer,0
10377,290,5,64,ptr,load,pointer,0
10378,290,6,64,ptr,load,pointer,0
10379,290,7,64,ptr,load,pointer,0
10380,290,8,64,ptr,load,pointer,0
10381,290,9,64,ptr,load,pointer,0
10382,290,10,64,ptr,load,pointer,0
10383,290,11,64,ptr,load,pointer,0
10384,290,12,64,ptr,load,pointer,0
10385,290,13,64,ptr,load,pointer,0
10386,290,14,64,ptr,load,pointer,0
10387,290,15,64,ptr,load,pointer,0
10388,290,16,64,ptr,load,pointer,0
10389,290,17,64,ptr,load,pointer,0
10390,290,18,64,ptr,load,pointer,0
10391,290,19,64,ptr,load,pointer,0
10392,290,20,64,ptr,load,pointer,0
10393,290,21,64,ptr,load,pointer,0
10394,290,22,64,ptr,load,pointer,0
10395,290,23,64,ptr,load,pointer,0
10396,290,24,64,ptr,load,pointer,0
10397,290,25,64,ptr,load,pointer,0
10398,290,26,64,ptr,load,pointer,0
10399,290,27,64,ptr,load,pointer,0
10400,290,28,64,ptr,load,pointer,0
10401,290,29,64,ptr,load,pointer,0
10402,290,30,64,ptr,load,pointer,0
10403,290,31,64,ptr,load,pointer,0
10404,290,32,64,ptr,load,pointer,0
10405,290,33,64,ptr,load,pointer,0
10406,290,34,64,ptr,load,pointer,0
10407,290,35,64,ptr,load,pointer,0
10408,290,36,64,ptr,load,pointer,0
10409,290,37,64,ptr,load,pointer,0
10410,290,38,64,ptr,load,pointer,0
10411,290,39,64,ptr,load,pointer,0
10412,290,40,64,ptr,load,pointer,0
10413,290,41,64,ptr,load,pointer,0
10414,290,42,64,ptr,load,pointer,0
10415,290,43,64,ptr,load,pointer,0
10416,290,44,64,ptr,load,pointer,0
10417,290,45,64,ptr,load,pointer,0
10418,290,46,64,ptr,load,pointer,0
10419,290,47,64,ptr,load,pointer,0
10420,290,48,64,ptr,load,pointer,0
10421,290,49,64,ptr,load,pointer,0
10422,290,50,64,ptr,load,pointer,0
10423,290,51,64,ptr,load,pointer,0
10424,290,52,64,ptr,load,pointer,0
10425,290,53,64,ptr,load,pointer,0
10426,290,54,64,ptr,load,pointer,0
10427,290,55,64,ptr,load,pointer,0
10428,290,56,64,ptr,load,pointer,0
10429,290,57,64,ptr,load,pointer,0
10430,290,58,64,ptr,load,pointer,0
10431,290,59,64,ptr,load,pointer,0
10432,290,60,64,ptr,load,pointer,0
10433,290,61,64,ptr,load,pointer,0
10434,290,62,64,ptr,load,pointer,0
10435,290,63,64,ptr,load,pointer,0
10436,291,0,32,int,load,base,-1
10437,291,1,32,int,load,base,-1
10438,291,2,32,int,load,base,-1
10439,291,3,32,int,load,base,-1
10440,291,4,32,int,load,base,-1
10441,291,5,32,int,load,base,-1
10442,291,6,32,int,load,base,-1
10443,291,7,32,int,load,base,-1
10444,291,8,32,int,load,base,-1
10445,291,9,32,int,load,base,-1
10446,291,10,32,int,load,base,-1
10447,291,11,32,int,load,base,-1
10448,291,12,32,int,load,base,-1
10449,291,13,32,int,load,base,-1
10450,291,14,32,int,load,base,-1
10451,291,15,32,int,load,base,-1
10452,291,16,32,int,load,base,-1
10453,291,17,32,int,load,base,-1
10454,291,18,32,int,load,base,-1
10455,291,19,32,int,load,base,-1
10456,291,20,32,int,load,base,-1
10457,291,21,32,int,load,base,-1
10458,291,22,32,int,load,base,-1
10459,291,23,32,int,load,base,-1
10460,291,24,32,int,load,base,-1
10461,291,25,32,int,load,base,-1
10462,291,26,32,int,load,base,-1
10463,291,27,32,int,load,base,-1
10464,291,28,32,int,load,base,-1
10465,291,29,32,int,load,base,-1
10466,291,30,32,int,load,base,-1
10467,291,31,32,int,load,base,-1
10468,292,0,64,ptr,load,pointer,0
10469,292,1,64,ptr,load,pointer,0
10470,292,2,64,ptr,load,pointer,0
10471,292,3,64,ptr,load,pointer,0
10472,292,4,64,ptr,load,pointer,0
10473,292,5,64,ptr,load,pointer,0
10474,292,6,64,ptr,load,pointer,0
10475,292,7,64,ptr,load,pointer,0
10476,292,8,64,ptr,load,pointer,0
10477,292,9,64,ptr,load,pointer,0
10478,292,10,64,ptr,load,pointer,0
10479,292,11,64,ptr,load,pointer,0
10480,292,12,64,ptr,load,pointer,0
10481,292,13,64,ptr,load,pointer,0
10482,292,14,64,ptr,load,pointer,0
10483,292,15,64,ptr,load,pointer,0
10484,292,16,64,ptr,load,pointer,0
10485,292,17,64,ptr,load,pointer,0
10486,292,18,64,ptr,load,pointer,0
10487,292,19,64,ptr,load,pointer,0
10488,292,20,64,ptr,load,pointer,0
10489,292,21,64,ptr,load,pointer,0
10490,292,22,64,ptr,load,pointer,0
10491,292,23,64,ptr,load,pointer,0
10492,292,24,64,ptr,load,pointer,0
10493,292,25,64,ptr,load,pointer,0
10494,292,26,64,ptr,load,pointer,0
10495,292,27,64,ptr,load,pointer,0
10496,292,28,64,ptr,load,pointer,0
10497,292,29,64,ptr,load,pointer,0
10498,292,30,64,ptr,load,pointer,0
10499,292,31,64,ptr,load,pointer,0
10500,292,32,64,ptr,load,pointer,0
10501,292,33,64,ptr,load,pointer,0
10502,292,34,64,ptr,load,pointer,0
10503,292,35,64,ptr,load,pointer,0
10504,292,36,64,ptr,load,pointer,0
10505,292,37,64,ptr,load,pointer,0
10506,292,38,64,ptr,load,pointer,0
10507,292,39,64,ptr,load,pointer,0
10508,292,40,64,ptr,load,pointer,0
10509,292,41,64,ptr,load,pointer,0
10510,292,42,64,ptr,load,pointer,0
10511,292,43,64,ptr,load,pointer,0
10512,292,44,64,ptr,load,pointer,0
10513,292,45,64,ptr,load,pointer,0
10514,292,46,64,ptr,load,pointer,0
10515,292,47,64,ptr,load,pointer,0
10516,292,48,64,ptr,load,pointer,0
10517,292,49,64,ptr,load,pointer,0
10518,292,50,64,ptr,load,pointer,0
10519,292,51,64,ptr,load,pointer,0
10520,292,52,64,ptr,load,pointer,0
10521,292,53,64,ptr,load,pointer,0
10522,292,54,64,ptr,load,pointer,0
10523,292,55,64,ptr,load,pointer,0
10524,292,56,64,ptr,load,pointer,0
10525,292,57,64,ptr,load,pointer,0
10526,292,58,64,ptr,load,pointer,0
10527,292,59,64,ptr,load,pointer,0
10528,292,60,64,ptr,load,pointer,0
10529,292,61,64,ptr,load,pointer,0
10530,292,62,64,ptr,load,pointer,0
10531,292,63,64,ptr,load,pointer,0
10532,294,0,64,ptr,getelementptr,pointer,0
10533,294,1,64,ptr,getelementptr,pointer,0
10534,294,2,64,ptr,getelementptr,pointer,0
10535,294,3,64,ptr,getelementptr,pointer,0
10536,294,4,64,ptr,getelementptr,pointer,0
10537,294,5,64,ptr,getelementptr,pointer,0
10538,294,6,64,ptr,getelementptr,pointer,0
10539,294,7,64,ptr,getelementptr,pointer,0
10540,294,8,64,ptr,getelementptr,pointer,0
10541,294,9,64,ptr,getelementptr,pointer,0
10542,294,10,64,ptr,getelementptr,pointer,0
10543,294,11,64,ptr,getelementptr,pointer,0
10544,294,12,64,ptr,getelementptr,pointer,0
10545,294,13,64,ptr,getelementptr,pointer,0
10546,294,14,64,ptr,getelementptr,pointer,0
10547,294,15,64,ptr,getelementptr,pointer,0
10548,294,16,64,ptr,getelementptr,pointer,0
10549,294,17,64,ptr,getelementptr,pointer,0
10550,294,18,64,ptr,getelementptr,pointer,0
10551,294,19,64,ptr,getelementptr,pointer,0
10552,294,20,64,ptr,getelementptr,pointer,0
10553,294,21,64,ptr,getelementptr,pointer,0
10554,294,22,64,ptr,getelementptr,pointer,0
10555,294,23,64,ptr,getelementptr,pointer,0
10556,294,24,64,ptr,getelementptr,pointer,0
10557,294,25,64,ptr,getelementptr,pointer,0
10558,294,26,64,ptr,getelementptr,pointer,0
10559,294,27,64,ptr,getelementptr,pointer,0
10560,294,28,64,ptr,getelementptr,pointer,0
10561,294,29,64,ptr,getelementptr,pointer,0
10562,294,30,64,ptr,getelementptr,pointer,0
10563,294,31,64,ptr,getelementptr,pointer,0
10564,294,32,64,ptr,getelementptr,pointer,0
10565,294,33,64,ptr,getelementptr,pointer,0
10566,294,34,64,ptr,getelementptr,pointer,0
10567,294,35,64,ptr,getelementptr,pointer,0
10568,294,36,64,ptr,getelementptr,pointer,0
10569,294,37,64,ptr,getelementptr,pointer,0
10570,294,38,64,ptr,getelementptr,pointer,0
10571,294,39,64,ptr,getelementptr,pointer,0
10572,294,40,64,ptr,getelementptr,pointer,0
10573,294,41,64,ptr,getelementptr,pointer,0
10574,294,42,64,ptr,getelementptr,pointer,0
10575,294,43,64,ptr,getelementptr,pointer,0
10576,294,44,64,ptr,getelementptr,pointer,0
10577,294,45,64,ptr,getelementptr,pointer,0
10578,294,46,64,ptr,getelementptr,pointer,0
10579,294,47,64,ptr,getelementptr,pointer,0
10580,294,48,64,ptr,getelementptr,pointer,0
10581,294,49,64,ptr,getelementptr,pointer,0
10582,294,50,64,ptr,getelementptr,pointer,0
10583,294,51,64,ptr,getelementptr,pointer,0
10584,294,52,64,ptr,getelementptr,pointer,0
10585,294,53,64,ptr,getelementptr,pointer,0
10586,294,54,64,ptr,getelementptr,pointer,0
10587,294,55,64,ptr,getelementptr,pointer,0
10588,294,56,64,ptr,getelementptr,pointer,0
10589,294,57,64,ptr,getelementptr,pointer,0
10590,294,58,64,ptr,getelementptr,pointer,0
10591,294,59,64,ptr,getelementptr,pointer,0
10592,294,60,64,ptr,getelementptr,pointer,0
10593,294,61,64,ptr,getelementptr,pointer,0
10594,294,62,64,ptr,getelementptr,pointer,0
10595,294,63,64,ptr,getelementptr,pointer,0
10596,295,0,32,int,load,base,-1
10597,295,1,32,int,load,base,-1
10598,295,2,32,int,load,base,-1
10599,295,3,32,int,load,base,-1
10600,295,4,32,int,load,base,-1
10601,295,5,32,int,load,base,-1
10602,295,6,32,int,load,base,-1
10603,295,7,32,int,load,base,-1
10604,295,8,32,int,load,base,-1
10605,295,9,32,int,load,base,-1
10606,295,10,32,int,load,base,-1
10607,295,11,32,int,load,base,-1
10608,295,12,32,int,load,base,-1
10609,295,13,32,int,load,base,-1
10610,295,14,32,int,load,base,-1
10611,295,15,32,int,load,base,-1
10612,295,16,32,int,load,base,-1
10613,295,17,32,int,load,base,-1
10614,295,18,32,int,load,base,-1
10615,295,19,32,int,load,base,-1
10616,295,20,32,int,load,base,-1
10617,295,21,32,int,load,base,-1
10618,295,22,32,int,load,base,-1
10619,295,23,32,int,load,base,-1
10620,295,24,32,int,load,base,-1
10621,295,25,32,int,load,base,-1
10622,295,26,32,int,load,base,-1
10623,295,27,32,int,load,base,-1
10624,295,28,32,int,load,base,-1
10625,295,29,32,int,load,base,-1
10626,295,30,32,int,load,base,-1
10627,295,31,32,int,load,base,-1
10628,296,0,64,ptr,load,pointer,0
10629,296,1,64,ptr,load,pointer,0
10630,296,2,64,ptr,load,pointer,0
10631,296,3,64,ptr,load,pointer,0
10632,296,4,64,ptr,load,pointer,0
10633,296,5,64,ptr,load,pointer,0
10634,296,6,64,ptr,load,pointer,0
10635,296,7,64,ptr,load,pointer,0
10636,296,8,64,ptr,load,pointer,0
10637,296,9,64,ptr,load,pointer,0
10638,296,10,64,ptr,load,pointer,0
10639,296,11,64,ptr,load,pointer,0
10640,296,12,64,ptr,load,pointer,0
10641,296,13,64,ptr,load,pointer,0
10642,296,14,64,ptr,load,pointer,0
10643,296,15,64,ptr,load,pointer,0
10644,296,16,64,ptr,load,pointer,0
10645,296,17,64,ptr,load,pointer,0
10646,296,18,64,ptr,load,pointer,0
10647,296,19,64,ptr,load,pointer,0
10648,296,20,64,ptr,load,pointer,0
10649,296,21,64,ptr,load,pointer,0
10650,296,22,64,ptr,load,pointer,0
10651,296,23,64,ptr,load,pointer,0
10652,296,24,64,ptr,load,pointer,0
10653,296,25,64,ptr,load,pointer,0
10654,296,26,64,ptr,load,pointer,0
10655,296,27,64,ptr,load,pointer,0
10656,296,28,64,ptr,load,pointer,0
10657,296,29,64,ptr,load,pointer,0
10658,296,30,64,ptr,load,pointer,0
10659,296,31,64,ptr,load,pointer,0
10660,296,32,64,ptr,load,pointer,0
10661,296,33,64,ptr,load,pointer,0
10662,296,34,64,ptr,load,pointer,0
10663,296,35,64,ptr,load,pointer,0
10664,296,36,64,ptr,load,pointer,0
10665,296,37,64,ptr,load,pointer,0
10666,296,38,64,ptr,load,pointer,0
10667,296,39,64,ptr,load,pointer,0
10668,296,40,64,ptr,load,pointer,0
10669,296,41,64,ptr,load,pointer,0
10670,296,42,64,ptr,load,pointer,0
10671,296,43,64,ptr,load,pointer,0
10672,296,44,64,ptr,load,pointer,0
10673,296,45,64,ptr,load,pointer,0
10674,296,46,64,ptr,load,pointer,0
10675,296,47,64,ptr,load,pointer,0
10676,296,48,64,ptr,load,pointer,0
10677,296,49,64,ptr,load,pointer,0
10678,296,50,64,ptr,load,pointer,0
10679,296,51,64,ptr,load,pointer,0
10680,296,52,64,ptr,load,pointer,0
10681,296,53,64,ptr,load,pointer,0
10682,296,54,64,ptr,load,pointer,0
10683,296,55,64,ptr,load,pointer,0
10684,296,56,64,ptr,load,pointer,0
10685,296,57,64,ptr,load,pointer,0
10686,296,58,64,ptr,load,pointer,0
10687,296,59,64,ptr,load,pointer,0
10688,296,60,64,ptr,load,pointer,0
10689,296,61,64,ptr,load,pointer,0
10690,296,62,64,ptr,load,pointer,0
10691,296,63,64,ptr,load,pointer,0
10692,297,0,32,int,mul,base,-1
10693,297,1,32,int,mul,base,-1
10694,297,2,32,int,mul,base,-1
10695,297,3,32,int,mul,base,-1
10696,297,4,32,int,mul,base,-1
10697,297,5,32,int,mul,base,-1
10698,297,6,32,int,mul,base,-1
10699,297,7,32,int,mul,base,-1
10700,297,8,32,int,mul,base,-1
10701,297,9,32,int,mul,base,-1
10702,297,10,32,int,mul,base,-1
10703,297,11,32,int,mul,base,-1
10704,297,12,32,int,mul,base,-1
10705,297,13,32,int,mul,base,-1
10706,297,14,32,int,mul,base,-1
10707,297,15,32,int,mul,base,-1
10708,297,16,32,int,mul,base,-1
10709,297,17,32,int,mul,base,-1
10710,297,18,32,int,mul,base,-1
10711,297,19,32,int,mul,base,-1
10712,297,20,32,int,mul,base,-1
10713,297,21,32,int,mul,base,-1
10714,297,22,32,int,mul,base,-1
10715,297,23,32,int,mul,base,-1
10716,297,24,32,int,mul,base,-1
10717,297,25,32,int,mul,base,-1
10718,297,26,32,int,mul,base,-1
10719,297,27,32,int,mul,base,-1
10720,297,28,32,int,mul,base,-1
10721,297,29,32,int,mul,base,-1
10722,297,30,32,int,mul,base,-1
10723,297,31,32,int,mul,base,-1
10724,298,0,32,int,mul,operand,0
10725,298,1,32,int,mul,operand,0
10726,298,2,32,int,mul,operand,0
10727,298,3,32,int,mul,operand,0
10728,298,4,32,int,mul,operand,0
10729,298,5,32,int,mul,operand,0
10730,298,6,32,int,mul,operand,0
10731,298,7,32,int,mul,operand,0
10732,298,8,32,int,mul,operand,0
10733,298,9,32,int,mul,operand,0
10734,298,10,32,int,mul,operand,0
10735,298,11,32,int,mul,operand,0
10736,298,12,32,int,mul,operand,0
10737,298,13,32,int,mul,operand,0
10738,298,14,32,int,mul,operand,0
10739,298,15,32,int,mul,operand,0
10740,298,16,32,int,mul,operand,0
10741,298,17,32,int,mul,operand,0
10742,298,18,32,int,mul,operand,0
10743,298,19,32,int,mul,operand,0
10744,298,20,32,int,mul,operand,0
10745,298,21,32,int,mul,operand,0
10746,298,22,32,int,mul,operand,0
10747,298,23,32,int,mul,operand,0
10748,298,24,32,int,mul,operand,0
10749,298,25,32,int,mul,operand,0
10750,298,26,32,int,mul,operand,0
10751,298,27,32,int,mul,operand,0
10752,298,28,32,int,mul,operand,0
10753,298,29,32,int,mul,operand,0
10754,298,30,32,int,mul,operand,0
10755,298,31,32,int,mul,operand,0
10756,299,0,32,int,mul,operand,1
10757,299,1,32,int,mul,operand,1
10758,299,2,32,int,mul,operand,1
10759,299,3,32,int,mul,operand,1
10760,299,4,32,int,mul,operand,1
10761,299,5,32,int,mul,operand,1
10762,299,6,32,int,mul,operand,1
10763,299,7,32,int,mul,operand,1
10764,299,8,32,int,mul,operand,1
10765,299,9,32,int,mul,operand,1
10766,299,10,32,int,mul,operand,1
10767,299,11,32,int,mul,operand,1
10768,299,12,32,int,mul,operand,1
10769,299,13,32,int,mul,operand,1
10770,299,14,32,int,mul,operand,1
10771,299,15,32,int,mul,operand,1
10772,299,16,32,int,mul,operand,1
10773,299,17,32,int,mul,operand,1
10774,299,18,32,int,mul,operand,1
10775,299,19,32,int,mul,operand,1
10776,299,20,32,int,mul,operand,1
10777,299,21,32,int,mul,operand,1
10778,299,22,32,int,mul,operand,1
10779,299,23,32,int,mul,operand,1
10780,299,24,32,int,mul,operand,1
10781,299,25,32,int,mul,operand,1
10782,299,26,32,int,mul,operand,1
10783,299,27,32,int,mul,operand,1
10784,299,28,32,int,mul,operand,1
10785,299,29,32,int,mul,operand,1
10786,299,30,32,int,mul,operand,1
10787,299,31,32,int,mul,operand,1
10788,300,0,32,int,load,base,-1
10789,300,1,32,int,load,base,-1
10790,300,2,32,int,load,base,-1
10791,300,3,32,int,load,base,-1
10792,300,4,32,int,load,base,-1
10793,300,5,32,int,load,base,-1
10794,300,6,32,int,load,base,-1
10795,300,7,32,int,load,base,-1
10796,300,8,32,int,load,base,-1
10797,300,9,32,int,load,base,-1
10798,300,10,32,int,load,base,-1
10799,300,11,32,int,load,base,-1
10800,300,12,32,int,load,base,-1
10801,300,13,32,int,load,base,-1
10802,300,14,32,int,load,base,-1
10803,300,15,32,int,load,base,-1
10804,300,16,32,int,load,base,-1
10805,300,17,32,int,load,base,-1
10806,300,18,32,int,load,base,-1
10807,300,19,32,int,load,base,-1
10808,300,20,32,int,load,base,-1
10809,300,21,32,int,load,base,-1
10810,300,22,32,int,load,base,-1
10811,300,23,32,int,load,base,-1
10812,300,24,32,int,load,base,-1
10813,300,25,32,int,load,base,-1
10814,300,26,32,int,load,base,-1
10815,300,27,32,int,load,base,-1
10816,300,28,32,int,load,base,-1
10817,300,29,32,int,load,base,-1
10818,300,30,32,int,load,base,-1
10819,300,31,32,int,load,base,-1
10820,301,0,64,ptr,load,pointer,0
10821,301,1,64,ptr,load,pointer,0
10822,301,2,64,ptr,load,pointer,0
10823,301,3,64,ptr,load,pointer,0
10824,301,4,64,ptr,load,pointer,0
10825,301,5,64,ptr,load,pointer,0
10826,301,6,64,ptr,load,pointer,0
10827,301,7,64,ptr,load,pointer,0
10828,301,8,64,ptr,load,pointer,0
10829,301,9,64,ptr,load,pointer,0
10830,301,10,64,ptr,load,pointer,0
10831,301,11,64,ptr,load,pointer,0
10832,301,12,64,ptr,load,pointer,0
10833,301,13,64,ptr,load,pointer,0
10834,301,14,64,ptr,load,pointer,0
10835,301,15,64,ptr,load,pointer,0
10836,301,16,64,ptr,load,pointer,0
10837,301,17,64,ptr,load,pointer,0
10838,301,18,64,ptr,load,pointer,0
10839,301,19,64,ptr,load,pointer,0
10840,301,20,64,ptr,load,pointer,0
10841,301,21,64,ptr,load,pointer,0
10842,301,22,64,ptr,load,pointer,0
10843,301,23,64,ptr,load,pointer,0
10844,301,24,64,ptr,load,pointer,0
10845,301,25,64,ptr,load,pointer,0
10846,301,26,64,ptr,load,pointer,0
10847,301,27,64,ptr,load,pointer,0
10848,301,28,64,ptr,load,pointer,0
10849,301,29,64,ptr,load,pointer,0
10850,301,30,64,ptr,load,pointer,0
10851,301,31,64,ptr,load,pointer,0
10852,301,32,64,ptr,load,pointer,0
10853,301,33,64,ptr,load,pointer,0
10854,301,34,64,ptr,load,pointer,0
10855,301,35,64,ptr,load,pointer,0
10856,301,36,64,ptr,load,pointer,0
10857,301,37,64,ptr,load,pointer,0
10858,301,38,64,ptr,load,pointer,0
10859,301,39,64,ptr,load,pointer,0
10860,301,40,64,ptr,load,pointer,0
10861,301,41,64,ptr,load,pointer,0
10862,301,42,64,ptr,load,pointer,0
10863,301,43,64,ptr,load,pointer,0
10864,301,44,64,ptr,load,pointer,0
10865,301,45,64,ptr,load,pointer,0
10866,301,46,64,ptr,load,pointer,0
10867,301,47,64,ptr,load,pointer,0
10868,301,48,64,ptr,load,pointer,0
10869,301,49,64,ptr,load,pointer,0
10870,301,50,64,ptr,load,pointer,0
10871,301,51,64,ptr,load,pointer,0
10872,301,52,64,ptr,load,pointer,0
10873,301,53,64,ptr,load,pointer,0
10874,301,54,64,ptr,load,pointer,0
10875,301,55,64,ptr,load,pointer,0
10876,301,56,64,ptr,load,pointer,0
10877,301,57,64,ptr,load,pointer,0
10878,301,58,64,ptr,load,pointer,0
10879,301,59,64,ptr,load,pointer,0
10880,301,60,64,ptr,load,pointer,0
10881,301,61,64,ptr,load,pointer,0
10882,301,62,64,ptr,load,pointer,0
10883,301,63,64,ptr,load,pointer,0
10884,302,0,32,int,load,base,-1
10885,302,1,32,int,load,base,-1
10886,302,2,32,int,load,base,-1
10887,302,3,32,int,load,base,-1
10888,302,4,32,int,load,base,-1
10889,302,5,32,int,load,base,-1
10890,302,6,32,int,load,base,-1
10891,302,7,32,int,load,base,-1
10892,302,8,32,int,load,base,-1
10893,302,9,32,int,load,base,-1
10894,302,10,32,int,load,base,-1
10895,302,11,32,int,load,base,-1
10896,302,12,32,int,load,base,-1
10897,302,13,32,int,load,base,-1
10898,302,14,32,int,load,base,-1
10899,302,15,32,int,load,base,-1
10900,302,16,32,int,load,base,-1
10901,302,17,32,int,load,base,-1
10902,302,18,32,int,load,base,-1
10903,302,19,32,int,load,base,-1
10904,302,20,32,int,load,base,-1
10905,302,21,32,int,load,base,-1
10906,302,22,32,int,load,base,-1
10907,302,23,32,int,load,base,-1
10908,302,24,32,int,load,base,-1
10909,302,25,32,int,load,base,-1
10910,302,26,32,int,load,base,-1
10911,302,27,32,int,load,base,-1
10912,302,28,32,int,load,base,-1
10913,302,29,32,int,load,base,-1
10914,302,30,32,int,load,base,-1
10915,302,31,32,int,load,base,-1
10916,303,0,64,ptr,load,pointer,0
10917,303,1,64,ptr,load,pointer,0
10918,303,2,64,ptr,load,pointer,0
10919,303,3,64,ptr,load,pointer,0
10920,303,4,64,ptr,load,pointer,0
10921,303,5,64,ptr,load,pointer,0
10922,303,6,64,ptr,load,pointer,0
10923,303,7,64,ptr,load,pointer,0
10924,303,8,64,ptr,load,pointer,0
10925,303,9,64,ptr,load,pointer,0
10926,303,10,64,ptr,load,pointer,0
10927,303,11,64,ptr,load,pointer,0
10928,303,12,64,ptr,load,pointer,0
10929,303,13,64,ptr,load,pointer,0
10930,303,14,64,ptr,load,pointer,0
10931,303,15,64,ptr,load,pointer,0
10932,303,16,64,ptr,load,pointer,0
10933,303,17,64,ptr,load,pointer,0
10934,303,18,64,ptr,load,pointer,0
10935,303,19,64,ptr,load,pointer,0
10936,303,20,64,ptr,load,pointer,0
10937,303,21,64,ptr,load,pointer,0
10938,303,22,64,ptr,load,pointer,0
10939,303,23,64,ptr,load,pointer,0
10940,303,24,64,ptr,load,pointer,0
10941,303,25,64,ptr,load,pointer,0
10942,303,26,64,ptr,load,pointer,0
10943,303,27,64,ptr,load,pointer,0
10944,303,28,64,ptr,load,pointer,0
10945,303,29,64,ptr,load,pointer,0
10946,303,30,64,ptr,load,pointer,0
10947,303,31,64,ptr,load,pointer,0
10948,303,32,64,ptr,load,pointer,0
10949,303,33,64,ptr,load,pointer,0
10950,303,34,64,ptr,load,pointer,0
10951,303,35,64,ptr,load,pointer,0
10952,303,36,64,ptr,load,pointer,0
10953,303,37,64,ptr,load,pointer,0
10954,303,38,64,ptr,load,pointer,0
10955,303,39,64,ptr,load,pointer,0
10956,303,40,64,ptr,load,pointer,0
10957,303,41,64,ptr,load,pointer,0
10958,303,42,64,ptr,load,pointer,0
10959,303,43,64,ptr,load,pointer,0
10960,303,44,64,ptr,load,pointer,0
10961,303,45,64,ptr,load,pointer,0
10962,303,46,64,ptr,load,pointer,0
10963,303,47,64,ptr,load,pointer,0
10964,303,48,64,ptr,load,pointer,0
10965,303,49,64,ptr,load,pointer,0
10966,303,50,64,ptr,load,pointer,0
10967,303,51,64,ptr,load,pointer,0
10968,303,52,64,ptr,load,pointer,0
10969,303,53,64,ptr,load,pointer,0
10970,303,54,64,ptr,load,pointer,0
10971,303,55,64,ptr,load,pointer,0
10972,303,56,64,ptr,load,pointer,0
10973,303,57,64,ptr,load,pointer,0
10974,303,58,64,ptr,load,pointer,0
10975,303,59,64,ptr,load,pointer,0
10976,303,60,64,ptr,load,pointer,0
10977,303,61,64,ptr,load,pointer,0
10978,303,62,64,ptr,load,pointer,0
10979,303,63,64,ptr,load,pointer,0
10980,304,0,32,int,sub,base,-1
10981,304,1,32,int,sub,base,-1
10982,304,2,32,int,sub,base,-1
10983,304,3,32,int,sub,base,-1
10984,304,4,32,int,sub,base,-1
10985,304,5,32,int,sub,base,-1
10986,304,6,32,int,sub,base,-1
10987,304,7,32,int,sub,base,-1
10988,304,8,32,int,sub,base,-1
10989,304,9,32,int,sub,base,-1
10990,304,10,32,int,sub,base,-1
10991,304,11,32,int,sub,base,-1
10992,304,12,32,int,sub,base,-1
10993,304,13,32,int,sub,base,-1
10994,304,14,32,int,sub,base,-1
10995,304,15,32,int,sub,base,-1
10996,304,16,32,int,sub,base,-1
10997,304,17,32,int,sub,base,-1
10998,304,18,32,int,sub,base,-1
10999,304,19,32,int,sub,base,-1
11000,304,20,32,int,sub,base,-1
11001,304,21,32,int,sub,base,-1
11002,304,22,32,int,sub,base,-1
11003,304,23,32,int,sub,base,-1
11004,304,24,32,int,sub,base,-1
11005,304,25,32,int,sub,base,-1
11006,304,26,32,int,sub,base,-1
11007,304,27,32,int,sub,base,-1
11008,304,28,32,int,sub,base,-1
11009,304,29,32,int,sub,base,-1
11010,304,30,32,int,sub,base,-1
11011,304,31,32,int,sub,base,-1
11012,305,0,32,int,sub,operand,0
11013,305,1,32,int,sub,operand,0
11014,305,2,32,int,sub,operand,0
11015,305,3,32,int,sub,operand,0
11016,305,4,32,int,sub,operand,0
11017,305,5,32,int,sub,operand,0
11018,305,6,32,int,sub,operand,0
11019,305,7,32,int,sub,operand,0
11020,305,8,32,int,sub,operand,0
11021,305,9,32,int,sub,operand,0
11022,305,10,32,int,sub,operand,0
11023,305,11,32,int,sub,operand,0
11024,305,12,32,int,sub,operand,0
11025,305,13,32,int,sub,operand,0
11026,305,14,32,int,sub,operand,0
11027,305,15,32,int,sub,operand,0
11028,305,16,32,int,sub,operand,0
11029,305,17,32,int,sub,operand,0
11030,305,18,32,int,sub,operand,0
11031,305,19,32,int,sub,operand,0
11032,305,20,32,int,sub,operand,0
11033,305,21,32,int,sub,operand,0
11034,305,22,32,int,sub,operand,0
11035,305,23,32,int,sub,operand,0
11036,305,24,32,int,sub,operand,0
11037,305,25,32,int,sub,operand,0
11038,305,26,32,int,sub,operand,0
11039,305,27,32,int,sub,operand,0
11040,305,28,32,int,sub,operand,0
11041,305,29,32,int,sub,operand,0
11042,305,30,32,int,sub,operand,0
11043,305,31,32,int,sub,operand,0
11044,306,0,32,int,sub,operand,1
11045,306,1,32,int,sub,operand,1
11046,306,2,32,int,sub,operand,1
11047,306,3,32,int,sub,operand,1
11048,306,4,32,int,sub,operand,1
11049,306,5,32,int,sub,operand,1
11050,306,6,32,int,sub,operand,1
11051,306,7,32,int,sub,operand,1
11052,306,8,32,int,sub,operand,1
11053,306,9,32,int,sub,operand,1
11054,306,10,32,int,sub,operand,1
11055,306,11,32,int,sub,operand,1
11056,306,12,32,int,sub,operand,1
11057,306,13,32,int,sub,operand,1
11058,306,14,32,int,sub,operand,1
11059,306,15,32,int,sub,operand,1
11060,306,16,32,int,sub,operand,1
11061,306,17,32,int,sub,operand,1
11062,306,18,32,int,sub,operand,1
11063,306,19,32,int,sub,operand,1
11064,306,20,32,int,sub,operand,1
11065,306,21,32,int,sub,operand,1
11066,306,22,32,int,sub,operand,1
11067,306,23,32,int,sub,operand,1
11068,306,24,32,int,sub,operand,1
11069,306,25,32,int,sub,operand,1
11070,306,26,32,int,sub,operand,1
11071,306,27,32,int,sub,operand,1
11072,306,28,32,int,sub,operand,1
11073,306,29,32,int,sub,operand,1
11074,306,30,32,int,sub,operand,1
11075,306,31,32,int,sub,operand,1
11076,307,0,32,int,add,base,-1
11077,307,1,32,int,add,base,-1
11078,307,2,32,int,add,base,-1
11079,307,3,32,int,add,base,-1
11080,307,4,32,int,add,base,-1
11081,307,5,32,int,add,base,-1
11082,307,6,32,int,add,base,-1
11083,307,7,32,int,add,base,-1
11084,307,8,32,int,add,base,-1
11085,307,9,32,int,add,base,-1
11086,307,10,32,int,add,base,-1
11087,307,11,32,int,add,base,-1
11088,307,12,32,int,add,base,-1
11089,307,13,32,int,add,base,-1
11090,307,14,32,int,add,base,-1
11091,307,15,32,int,add,base,-1
11092,307,16,32,int,add,base,-1
11093,307,17,32,int,add,base,-1
11094,307,18,32,int,add,base,-1
11095,307,19,32,int,add,base,-1
11096,307,20,32,int,add,base,-1
11097,307,21,32,int,add,base,-1
11098,307,22,32,int,add,base,-1
11099,307,23,32,int,add,base,-1
11100,307,24,32,int,add,base,-1
11101,307,25,32,int,add,base,-1
11102,307,26,32,int,add,base,-1
11103,307,27,32,int,add,base,-1
11104,307,28,32,int,add,base,-1
11105,307,29,32,int,add,base,-1
11106,307,30,32,int,add,base,-1
11107,307,31,32,int,add,base,-1
11108,308,0,32,int,add,operand,0
11109,308,1,32,int,add,operand,0
11110,308,2,32,int,add,operand,0
11111,308,3,32,int,add,operand,0
11112,308,4,32,int,add,operand,0
11113,308,5,32,int,add,operand,0
11114,308,6,32,int,add,operand,0
11115,308,7,32,int,add,operand,0
11116,308,8,32,int,add,operand,0
11117,308,9,32,int,add,operand,0
11118,308,10,32,int,add,operand,0
11119,308,11,32,int,add,operand,0
11120,308,12,32,int,add,operand,0
11121,308,13,32,int,add,operand,0
11122,308,14,32,int,add,operand,0
11123,308,15,32,int,add,operand,0
11124,308,16,32,int,add,operand,0
11125,308,17,32,int,add,operand,0
11126,308,18,32,int,add,operand,0
11127,308,19,32,int,add,operand,0
11128,308,20,32,int,add,operand,0
11129,308,21,32,int,add,operand,0
11130,308,22,32,int,add,operand,0
11131,308,23,32,int,add,operand,0
11132,308,24,32,int,add,operand,0
11133,308,25,32,int,add,operand,0
11134,308,26,32,int,add,operand,0
11135,308,27,32,int,add,operand,0
11136,308,28,32,int,add,operand,0
11137,308,29,32,int,add,operand,0
11138,308,30,32,int,add,operand,0
11139,308,31,32,int,add,operand,0
11140,309,0,32,int,add,operand,1
11141,309,1,32,int,add,operand,1
11142,309,2,32,int,add,operand,1
11143,309,3,32,int,add,operand,1
11144,309,4,32,int,add,operand,1
11145,309,5,32,int,add,operand,1
11146,309,6,32,int,add,operand,1
11147,309,7,32,int,add,operand,1
11148,309,8,32,int,add,operand,1
11149,309,9,32,int,add,operand,1
11150,309,10,32,int,add,operand,1
11151,309,11,32,int,add,operand,1
11152,309,12,32,int,add,operand,1
11153,309,13,32,int,add,operand,1
11154,309,14,32,int,add,operand,1
11155,309,15,32,int,add,operand,1
11156,309,16,32,int,add,operand,1
11157,309,17,32,int,add,operand,1
11158,309,18,32,int,add,operand,1
11159,309,19,32,int,add,operand,1
11160,309,20,32,int,add,operand,1
11161,309,21,32,int,add,operand,1
11162,309,22,32,int,add,operand,1
11163,309,23,32,int,add,operand,1
11164,309,24,32,int,add,operand,1
11165,309,25,32,int,add,operand,1
11166,309,26,32,int,add,operand,1
11167,309,27,32,int,add,operand,1
11168,309,28,32,int,add,operand,1
11169,309,29,32,int,add,operand,1
11170,309,30,32,int,add,operand,1
11171,309,31,32,int,add,operand,1
11172,310,0,64,int,sext,base,-1
11173,310,1,64,int,sext,base,-1
11174,310,2,64,int,sext,base,-1
11175,310,3,64,int,sext,base,-1
11176,310,4,64,int,sext,base,-1
11177,310,5,64,int,sext,base,-1
11178,310,6,64,int,sext,base,-1
11179,310,7,64,int,sext,base,-1
11180,310,8,64,int,sext,base,-1
11181,310,9,64,int,sext,base,-1
11182,310,10,64,int,sext,base,-1
11183,310,11,64,int,sext,base,-1
11184,310,12,64,int,sext,base,-1
11185,310,13,64,int,sext,base,-1
11186,310,14,64,int,sext,base,-1
11187,310,15,64,int,sext,base,-1
11188,310,16,64,int,sext,base,-1
11189,310,17,64,int,sext,base,-1
11190,310,18,64,int,sext,base,-1
11191,310,19,64,int,sext,base,-1
11192,310,20,64,int,sext,base,-1
11193,310,21,64,int,sext,base,-1
11194,310,22,64,int,sext,base,-1
11195,310,23,64,int,sext,base,-1
11196,310,24,64,int,sext,base,-1
11197,310,25,64,int,sext,base,-1
11198,310,26,64,int,sext,base,-1
11199,310,27,64,int,sext,base,-1
11200,310,28,64,int,sext,base,-1
11201,310,29,64,int,sext,base,-1
11202,310,30,64,int,sext,base,-1
11203,310,31,64,int,sext,base,-1
11204,310,32,64,int,sext,base,-1
11205,310,33,64,int,sext,base,-1
11206,310,34,64,int,sext,base,-1
11207,310,35,64,int,sext,base,-1
11208,310,36,64,int,sext,base,-1
11209,310,37,64,int,sext,base,-1
11210,310,38,64,int,sext,base,-1
11211,310,39,64,int,sext,base,-1
11212,310,40,64,int,sext,base,-1
11213,310,41,64,int,sext,base,-1
11214,310,42,64,int,sext,base,-1
11215,310,43,64,int,sext,base,-1
11216,310,44,64,int,sext,base,-1
11217,310,45,64,int,sext,base,-1
11218,310,46,64,int,sext,base,-1
11219,310,47,64,int,sext,base,-1
11220,310,48,64,int,sext,base,-1
11221,310,49,64,int,sext,base,-1
11222,310,50,64,int,sext,base,-1
11223,310,51,64,int,sext,base,-1
11224,310,52,64,int,sext,base,-1
11225,310,53,64,int,sext,base,-1
11226,310,54,64,int,sext,base,-1
11227,310,55,64,int,sext,base,-1
11228,310,56,64,int,sext,base,-1
11229,310,57,64,int,sext,base,-1
11230,310,58,64,int,sext,base,-1
11231,310,59,64,int,sext,base,-1
11232,310,60,64,int,sext,base,-1
11233,310,61,64,int,sext,base,-1
11234,310,62,64,int,sext,base,-1
11235,310,63,64,int,sext,base,-1
11236,311,0,32,int,sext,operand,0
11237,311,1,32,int,sext,operand,0
11238,311,2,32,int,sext,operand,0
11239,311,3,32,int,sext,operand,0
11240,311,4,32,int,sext,operand,0
11241,311,5,32,int,sext,operand,0
11242,311,6,32,int,sext,operand,0
11243,311,7,32,int,sext,operand,0
11244,311,8,32,int,sext,operand,0
11245,311,9,32,int,sext,operand,0
11246,311,10,32,int,sext,operand,0
11247,311,11,32,int,sext,operand,0
11248,311,12,32,int,sext,operand,0
11249,311,13,32,int,sext,operand,0
11250,311,14,32,int,sext,operand,0
11251,311,15,32,int,sext,operand,0
11252,311,16,32,int,sext,operand,0
11253,311,17,32,int,sext,operand,0
11254,311,18,32,int,sext,operand,0
11255,311,19,32,int,sext,operand,0
11256,311,20,32,int,sext,operand,0
11257,311,21,32,int,sext,operand,0
11258,311,22,32,int,sext,operand,0
11259,311,23,32,int,sext,operand,0
11260,311,24,32,int,sext,operand,0
11261,311,25,32,int,sext,operand,0
11262,311,26,32,int,sext,operand,0
11263,311,27,32,int,sext,operand,0
11264,311,28,32,int,sext,operand,0
11265,311,29,32,int,sext,operand,0
11266,311,30,32,int,sext,operand,0
11267,311,31,32,int,sext,operand,0
11268,313,0,64,ptr,getelementptr,pointer,0
11269,313,1,64,ptr,getelementptr,pointer,0
11270,313,2,64,ptr,getelementptr,pointer,0
11271,313,3,64,ptr,getelementptr,pointer,0
11272,313,4,64,ptr,getelementptr,pointer,0
11273,313,5,64,ptr,getelementptr,pointer,0
11274,313,6,64,ptr,getelementptr,pointer,0
11275,313,7,64,ptr,getelementptr,pointer,0
11276,313,8,64,ptr,getelementptr,pointer,0
11277,313,9,64,ptr,getelementptr,pointer,0
11278,313,10,64,ptr,getelementptr,pointer,0
11279,313,11,64,ptr,getelementptr,pointer,0
11280,313,12,64,ptr,getelementptr,pointer,0
11281,313,13,64,ptr,getelementptr,pointer,0
11282,313,14,64,ptr,getelementptr,pointer,0
11283,313,15,64,ptr,getelementptr,pointer,0
11284,313,16,64,ptr,getelementptr,pointer,0
11285,313,17,64,ptr,getelementptr,pointer,0
11286,313,18,64,ptr,getelementptr,pointer,0
11287,313,19,64,ptr,getelementptr,pointer,0
11288,313,20,64,ptr,getelementptr,pointer,0
11289,313,21,64,ptr,getelementptr,pointer,0
11290,313,22,64,ptr,getelementptr,pointer,0
11291,313,23,64,ptr,getelementptr,pointer,0
11292,313,24,64,ptr,getelementptr,pointer,0
11293,313,25,64,ptr,getelementptr,pointer,0
11294,313,26,64,ptr,getelementptr,pointer,0
11295,313,27,64,ptr,getelementptr,pointer,0
11296,313,28,64,ptr,getelementptr,pointer,0
11297,313,29,64,ptr,getelementptr,pointer,0
11298,313,30,64,ptr,getelementptr,pointer,0
11299,313,31,64,ptr,getelementptr,pointer,0
11300,313,32,64,ptr,getelementptr,pointer,0
11301,313,33,64,ptr,getelementptr,pointer,0
11302,313,34,64,ptr,getelementptr,pointer,0
11303,313,35,64,ptr,getelementptr,pointer,0
11304,313,36,64,ptr,getelementptr,pointer,0
11305,313,37,64,ptr,getelementptr,pointer,0
11306,313,38,64,ptr,getelementptr,pointer,0
11307,313,39,64,ptr,getelementptr,pointer,0
11308,313,40,64,ptr,getelementptr,pointer,0
11309,313,41,64,ptr,getelementptr,pointer,0
11310,313,42,64,ptr,getelementptr,pointer,0
11311,313,43,64,ptr,getelementptr,pointer,0
11312,313,44,64,ptr,getelementptr,pointer,0
11313,313,45,64,ptr,getelementptr,pointer,0
11314,313,46,64,ptr,getelementptr,pointer,0
11315,313,47,64,ptr,getelementptr,pointer,0
11316,313,48,64,ptr,getelementptr,pointer,0
11317,313,49,64,ptr,getelementptr,pointer,0
11318,313,50,64,ptr,getelementptr,pointer,0
11319,313,51,64,ptr,getelementptr,pointer,0
11320,313,52,64,ptr,getelementptr,pointer,0
11321,313,53,64,ptr,getelementptr,pointer,0
11322,313,54,64,ptr,getelementptr,pointer,0
11323,313,55,64,ptr,getelementptr,pointer,0
11324,313,56,64,ptr,getelementptr,pointer,0
11325,313,57,64,ptr,getelementptr,pointer,0
11326,313,58,64,ptr,getelementptr,pointer,0
11327,313,59,64,ptr,getelementptr,pointer,0
11328,313,60,64,ptr,getelementptr,pointer,0
11329,313,61,64,ptr,getelementptr,pointer,0
11330,313,62,64,ptr,getelementptr,pointer,0
11331,313,63,64,ptr,getelementptr,pointer,0
11332,314,0,64,int,getelementptr,operand,1
11333,314,1,64,int,getelementptr,operand,1
11334,314,2,64,int,getelementptr,operand,1
11335,314,3,64,int,getelementptr,operand,1
11336,314,4,64,int,getelementptr,operand,1
11337,314,5,64,int,getelementptr,operand,1
11338,314,6,64,int,getelementptr,operand,1
11339,314,7,64,int,getelementptr,operand,1
11340,314,8,64,int,getelementptr,operand,1
11341,314,9,64,int,getelementptr,operand,1
11342,314,10,64,int,getelementptr,operand,1
11343,314,11,64,int,getelementptr,operand,1
11344,314,12,64,int,getelementptr,operand,1
11345,314,13,64,int,getelementptr,operand,1
11346,314,14,64,int,getelementptr,operand,1
11347,314,15,64,int,getelementptr,operand,1
11348,314,16,64,int,getelementptr,operand,1
11349,314,17,64,int,getelementptr,operand,1
11350,314,18,64,int,getelementptr,operand,1
11351,314,19,64,int,getelementptr,operand,1
11352,314,20,64,int,getelementptr,operand,1
11353,314,21,64,int,getelementptr,operand,1
11354,314,22,64,int,getelementptr,operand,1
11355,314,23,64,int,getelementptr,operand,1
11356,314,24,64,int,getelementptr,operand,1
11357,314,25,64,int,getelementptr,operand,1
11358,314,26,64,int,getelementptr,operand,1
11359,314,27,64,int,getelementptr,operand,1
11360,314,28,64,int,getelementptr,operand,1
11361,314,29,64,int,getelementptr,operand,1
11362,314,30,64,int,getelementptr,operand,1
11363,314,31,64,int,getelementptr,operand,1
11364,314,32,64,int,getelementptr,operand,1
11365,314,33,64,int,getelementptr,operand,1
11366,314,34,64,int,getelementptr,operand,1
11367,314,35,64,int,getelementptr,operand,1
11368,314,36,64,int,getelementptr,operand,1
11369,314,37,64,int,getelementptr,operand,1
11370,314,38,64,int,getelementptr,operand,1
11371,314,39,64,int,getelementptr,operand,1
11372,314,40,64,int,getelementptr,operand,1
11373,314,41,64,int,getelementptr,operand,1
11374,314,42,64,int,getelementptr,operand,1
11375,314,43,64,int,getelementptr,operand,1
11376,314,44,64,int,getelementptr,operand,1
11377,314,45,64,int,getelementptr,operand,1
11378,314,46,64,int,getelementptr,operand,1
11379,314,47,64,int,getelementptr,operand,1
11380,314,48,64,int,getelementptr,operand,1
11381,314,49,64,int,getelementptr,operand,1
11382,314,50,64,int,getelementptr,operand,1
11383,314,51,64,int,getelementptr,operand,1
11384,314,52,64,int,getelementptr,operand,1
11385,314,53,64,int,getelementptr,operand,1
11386,314,54,64,int,getelementptr,operand,1
11387,314,55,64,int,getelementptr,operand,1
11388,314,56,64,int,getelementptr,operand,1
11389,314,57,64,int,getelementptr,operand,1
11390,314,58,64,int,getelementptr,operand,1
11391,314,59,64,int,getelementptr,operand,1
11392,314,60,64,int,getelementptr,operand,1
11393,314,61,64,int,getelementptr,operand,1
11394,314,62,64,int,getelementptr,operand,1
11395,314,63,64,int,getelementptr,operand,1
11396,315,0,32,float,load,base,-1
11397,315,1,32,float,load,base,-1
11398,315,2,32,float,load,base,-1
11399,315,3,32,float,load,base,-1
11400,315,4,32,float,load,base,-1
11401,315,5,32,float,load,base,-1
11402,315,6,32,float,load,base,-1
11403,315,7,32,float,load,base,-1
11404,315,8,32,float,load,base,-1
11405,315,9,32,float,load,base,-1
11406,315,10,32,float,load,base,-1
11407,315,11,32,float,load,base,-1
11408,315,12,32,float,load,base,-1
11409,315,13,32,float,load,base,-1
11410,315,14,32,float,load,base,-1
11411,315,15,32,float,load,base,-1
11412,315,16,32,float,load,base,-1
11413,315,17,32,float,load,base,-1
11414,315,18,32,float,load,base,-1
11415,315,19,32,float,load,base,-1
11416,315,20,32,float,load,base,-1
11417,315,21,32,float,load,base,-1
11418,315,22,32,float,load,base,-1
11419,315,23,32,float,load,base,-1
11420,315,24,32,float,load,base,-1
11421,315,25,32,float,load,base,-1
11422,315,26,32,float,load,base,-1
11423,315,27,32,float,load,base,-1
11424,315,28,32,float,load,base,-1
11425,315,29,32,float,load,base,-1
11426,315,30,32,float,load,base,-1
11427,315,31,32,float,load,base,-1
11428,316,0,64,ptr,load,pointer,0
11429,316,1,64,ptr,load,pointer,0
11430,316,2,64,ptr,load,pointer,0
11431,316,3,64,ptr,load,pointer,0
11432,316,4,64,ptr,load,pointer,0
11433,316,5,64,ptr,load,pointer,0
11434,316,6,64,ptr,load,pointer,0
11435,316,7,64,ptr,load,pointer,0
11436,316,8,64,ptr,load,pointer,0
11437,316,9,64,ptr,load,pointer,0
11438,316,10,64,ptr,load,pointer,0
11439,316,11,64,ptr,load,pointer,0
11440,316,12,64,ptr,load,pointer,0
11441,316,13,64,ptr,load,pointer,0
11442,316,14,64,ptr,load,pointer,0
11443,316,15,64,ptr,load,pointer,0
11444,316,16,64,ptr,load,pointer,0
11445,316,17,64,ptr,load,pointer,0
11446,316,18,64,ptr,load,pointer,0
11447,316,19,64,ptr,load,pointer,0
11448,316,20,64,ptr,load,pointer,0
11449,316,21,64,ptr,load,pointer,0
11450,316,22,64,ptr,load,pointer,0
11451,316,23,64,ptr,load,pointer,0
11452,316,24,64,ptr,load,pointer,0
11453,316,25,64,ptr,load,pointer,0
11454,316,26,64,ptr,load,pointer,0
11455,316,27,64,ptr,load,pointer,0
11456,316,28,64,ptr,load,pointer,0
11457,316,29,64,ptr,load,pointer,0
11458,316,30,64,ptr,load,pointer,0
11459,316,31,64,ptr,load,pointer,0
11460,316,32,64,ptr,load,pointer,0
11461,316,33,64,ptr,load,pointer,0
11462,316,34,64,ptr,load,pointer,0
11463,316,35,64,ptr,load,pointer,0
11464,316,36,64,ptr,load,pointer,0
11465,316,37,64,ptr,load,pointer,0
11466,316,38,64,ptr,load,pointer,0
11467,316,39,64,ptr,load,pointer,0
11468,316,40,64,ptr,load,pointer,0
11469,316,41,64,ptr,load,pointer,0
11470,316,42,64,ptr,load,pointer,0
11471,316,43,64,ptr,load,pointer,0
11472,316,44,64,ptr,load,pointer,0
11473,316,45,64,ptr,load,pointer,0
11474,316,46,64,ptr,load,pointer,0
11475,316,47,64,ptr,load,pointer,0
11476,316,48,64,ptr,load,pointer,0
11477,316,49,64,ptr,load,pointer,0
11478,316,50,64,ptr,load,pointer,0
11479,316,51,64,ptr,load,pointer,0
11480,316,52,64,ptr,load,pointer,0
11481,316,53,64,ptr,load,pointer,0
11482,316,54,64,ptr,load,pointer,0
11483,316,55,64,ptr,load,pointer,0
11484,316,56,64,ptr,load,pointer,0
11485,316,57,64,ptr,load,pointer,0
11486,316,58,64,ptr,load,pointer,0
11487,316,59,64,ptr,load,pointer,0
11488,316,60,64,ptr,load,pointer,0
11489,316,61,64,ptr,load,pointer,0
11490,316,62,64,ptr,load,pointer,0
11491,316,63,64,ptr,load,pointer,0
11492,318,0,64,ptr,getelementptr,pointer,0
11493,318,1,64,ptr,getelementptr,pointer,0
11494,318,2,64,ptr,getelementptr,pointer,0
11495,318,3,64,ptr,getelementptr,pointer,0
11496,318,4,64,ptr,getelementptr,pointer,0
11497,318,5,64,ptr,getelementptr,pointer,0
11498,318,6,64,ptr,getelementptr,pointer,0
11499,318,7,64,ptr,getelementptr,pointer,0
11500,318,8,64,ptr,getelementptr,pointer,0
11501,318,9,64,ptr,getelementptr,pointer,0
11502,318,10,64,ptr,getelementptr,pointer,0
11503,318,11,64,ptr,getelementptr,pointer,0
11504,318,12,64,ptr,getelementptr,pointer,0
11505,318,13,64,ptr,getelementptr,pointer,0
11506,318,14,64,ptr,getelementptr,pointer,0
11507,318,15,64,ptr,getelementptr,pointer,0
11508,318,16,64,ptr,getelementptr,pointer,0
11509,318,17,64,ptr,getelementptr,pointer,0
11510,318,18,64,ptr,getelementptr,pointer,0
11511,318,19,64,ptr,getelementptr,pointer,0
11512,318,20,64,ptr,getelementptr,pointer,0
11513,318,21,64,ptr,getelementptr,pointer,0
11514,318,22,64,ptr,getelementptr,pointer,0
11515,318,23,64,ptr,getelementptr,pointer,0
11516,318,24,64,ptr,getelementptr,pointer,0
11517,318,25,64,ptr,getelementptr,pointer,0
11518,318,26,64,ptr,getelementptr,pointer,0
11519,318,27,64,ptr,getelementptr,pointer,0
11520,318,28,64,ptr,getelementptr,pointer,0
11521,318,29,64,ptr,getelementptr,pointer,0
11522,318,30,64,ptr,getelementptr,pointer,0
11523,318,31,64,ptr,getelementptr,pointer,0
11524,318,32,64,ptr,getelementptr,pointer,0
11525,318,33,64,ptr,getelementptr,pointer,0
11526,318,34,64,ptr,getelementptr,pointer,0
11527,318,35,64,ptr,getelementptr,pointer,0
11528,318,36,64,ptr,getelementptr,pointer,0
11529,318,37,64,ptr,getelementptr,pointer,0
11530,318,38,64,ptr,getelementptr,pointer,0
11531,318,39,64,ptr,getelementptr,pointer,0
11532,318,40,64,ptr,getelementptr,pointer,0
11533,318,41,64,ptr,getelementptr,pointer,0
11534,318,42,64,ptr,getelementptr,pointer,0
11535,318,43,64,ptr,getelementptr,pointer,0
11536,318,44,64,ptr,getelementptr,pointer,0
11537,318,45,64,ptr,getelementptr,pointer,0
11538,318,46,64,ptr,getelementptr,pointer,0
11539,318,47,64,ptr,getelementptr,pointer,0
11540,318,48,64,ptr,getelementptr,pointer,0
11541,318,49,64,ptr,getelementptr,pointer,0
11542,318,50,64,ptr,getelementptr,pointer,0
11543,318,51,64,ptr,getelementptr,pointer,0
11544,318,52,64,ptr,getelementptr,pointer,0
11545,318,53,64,ptr,getelementptr,pointer,0
11546,318,54,64,ptr,getelementptr,pointer,0
11547,318,55,64,ptr,getelementptr,pointer,0
11548,318,56,64,ptr,getelementptr,pointer,0
11549,318,57,64,ptr,getelementptr,pointer,0
11550,318,58,64,ptr,getelementptr,pointer,0
11551,318,59,64,ptr,getelementptr,pointer,0
11552,318,60,64,ptr,getelementptr,pointer,0
11553,318,61,64,ptr,getelementptr,pointer,0
11554,318,62,64,ptr,getelementptr,pointer,0
11555,318,63,64,ptr,getelementptr,pointer,0
11556,320,0,64,ptr,load,pointer,0
11557,320,1,64,ptr,load,pointer,0
11558,320,2,64,ptr,load,pointer,0
11559,320,3,64,ptr,load,pointer,0
11560,320,4,64,ptr,load,pointer,0
11561,320,5,64,ptr,load,pointer,0
11562,320,6,64,ptr,load,pointer,0
11563,320,7,64,ptr,load,pointer,0
11564,320,8,64,ptr,load,pointer,0
11565,320,9,64,ptr,load,pointer,0
11566,320,10,64,ptr,load,pointer,0
11567,320,11,64,ptr,load,pointer,0
11568,320,12,64,ptr,load,pointer,0
11569,320,13,64,ptr,load,pointer,0
11570,320,14,64,ptr,load,pointer,0
11571,320,15,64,ptr,load,pointer,0
11572,320,16,64,ptr,load,pointer,0
11573,320,17,64,ptr,load,pointer,0
11574,320,18,64,ptr,load,pointer,0
11575,320,19,64,ptr,load,pointer,0
11576,320,20,64,ptr,load,pointer,0
11577,320,21,64,ptr,load,pointer,0
11578,320,22,64,ptr,load,pointer,0
11579,320,23,64,ptr,load,pointer,0
11580,320,24,64,ptr,load,pointer,0
11581,320,25,64,ptr,load,pointer,0
11582,320,26,64,ptr,load,pointer,0
11583,320,27,64,ptr,load,pointer,0
11584,320,28,64,ptr,load,pointer,0
11585,320,29,64,ptr,load,pointer,0
11586,320,30,64,ptr,load,pointer,0
11587,320,31,64,ptr,load,pointer,0
11588,320,32,64,ptr,load,pointer,0
11589,320,33,64,ptr,load,pointer,0
11590,320,34,64,ptr,load,pointer,0
11591,320,35,64,ptr,load,pointer,0
11592,320,36,64,ptr,load,pointer,0
11593,320,37,64,ptr,load,pointer,0
11594,320,38,64,ptr,load,pointer,0
11595,320,39,64,ptr,load,pointer,0
11596,320,40,64,ptr,load,pointer,0
11597,320,41,64,ptr,load,pointer,0
11598,320,42,64,ptr,load,pointer,0
11599,320,43,64,ptr,load,pointer,0
11600,320,44,64,ptr,load,pointer,0
11601,320,45,64,ptr,load,pointer,0
11602,320,46,64,ptr,load,pointer,0
11603,320,47,64,ptr,load,pointer,0
11604,320,48,64,ptr,load,pointer,0
11605,320,49,64,ptr,load,pointer,0
11606,320,50,64,ptr,load,pointer,0
11607,320,51,64,ptr,load,pointer,0
11608,320,52,64,ptr,load,pointer,0
11609,320,53,64,ptr,load,pointer,0
11610,320,54,64,ptr,load,pointer,0
11611,320,55,64,ptr,load,pointer,0
11612,320,56,64,ptr,load,pointer,0
11613,320,57,64,ptr,load,pointer,0
11614,320,58,64,ptr,load,pointer,0
11615,320,59,64,ptr,load,pointer,0
11616,320,60,64,ptr,load,pointer,0
11617,320,61,64,ptr,load,pointer,0
11618,320,62,64,ptr,load,pointer,0
11619,320,63,64,ptr,load,pointer,0
11620,321,0,32,int,load,base,-1
11621,321,1,32,int,load,base,-1
11622,321,2,32,int,load,base,-1
11623,321,3,32,int,load,base,-1
11624,321,4,32,int,load,base,-1
11625,321,5,32,int,load,base,-1
11626,321,6,32,int,load,base,-1
11627,321,7,32,int,load,base,-1
11628,321,8,32,int,load,base,-1
11629,321,9,32,int,load,base,-1
11630,321,10,32,int,load,base,-1
11631,321,11,32,int,load,base,-1
11632,321,12,32,int,load,base,-1
11633,321,13,32,int,load,base,-1
11634,321,14,32,int,load,base,-1
11635,321,15,32,int,load,base,-1
11636,321,16,32,int,load,base,-1
11637,321,17,32,int,load,base,-1
11638,321,18,32,int,load,base,-1
11639,321,19,32,int,load,base,-1
11640,321,20,32,int,load,base,-1
11641,321,21,32,int,load,base,-1
11642,321,22,32,int,load,base,-1
11643,321,23,32,int,load,base,-1
11644,321,24,32,int,load,base,-1
11645,321,25,32,int,load,base,-1
11646,321,26,32,int,load,base,-1
11647,321,27,32,int,load,base,-1
11648,321,28,32,int,load,base,-1
11649,321,29,32,int,load,base,-1
11650,321,30,32,int,load,base,-1
11651,321,31,32,int,load,base,-1
11652,322,0,64,ptr,load,pointer,0
11653,322,1,64,ptr,load,pointer,0
11654,322,2,64,ptr,load,pointer,0
11655,322,3,64,ptr,load,pointer,0
11656,322,4,64,ptr,load,pointer,0
11657,322,5,64,ptr,load,pointer,0
11658,322,6,64,ptr,load,pointer,0
11659,322,7,64,ptr,load,pointer,0
11660,322,8,64,ptr,load,pointer,0
11661,322,9,64,ptr,load,pointer,0
11662,322,10,64,ptr,load,pointer,0
11663,322,11,64,ptr,load,pointer,0
11664,322,12,64,ptr,load,pointer,0
11665,322,13,64,ptr,load,pointer,0
11666,322,14,64,ptr,load,pointer,0
11667,322,15,64,ptr,load,pointer,0
11668,322,16,64,ptr,load,pointer,0
11669,322,17,64,ptr,load,pointer,0
11670,322,18,64,ptr,load,pointer,0
11671,322,19,64,ptr,load,pointer,0
11672,322,20,64,ptr,load,pointer,0
11673,322,21,64,ptr,load,pointer,0
11674,322,22,64,ptr,load,pointer,0
11675,322,23,64,ptr,load,pointer,0
11676,322,24,64,ptr,load,pointer,0
11677,322,25,64,ptr,load,pointer,0
11678,322,26,64,ptr,load,pointer,0
11679,322,27,64,ptr,load,pointer,0
11680,322,28,64,ptr,load,pointer,0
11681,322,29,64,ptr,load,pointer,0
11682,322,30,64,ptr,load,pointer,0
11683,322,31,64,ptr,load,pointer,0
11684,322,32,64,ptr,load,pointer,0
11685,322,33,64,ptr,load,pointer,0
11686,322,34,64,ptr,load,pointer,0
11687,322,35,64,ptr,load,pointer,0
11688,322,36,64,ptr,load,pointer,0
11689,322,37,64,ptr,load,pointer,0
11690,322,38,64,ptr,load,pointer,0
11691,322,39,64,ptr,load,pointer,0
11692,322,40,64,ptr,load,pointer,0
11693,322,41,64,ptr,load,pointer,0
11694,322,42,64,ptr,load,pointer,0
11695,322,43,64,ptr,load,pointer,0
11696,322,44,64,ptr,load,pointer,0
11697,322,45,64,ptr,load,pointer,0
11698,322,46,64,ptr,load,pointer,0
11699,322,47,64,ptr,load,pointer,0
11700,322,48,64,ptr,load,pointer,0
11701,322,49,64,ptr,load,pointer,0
11702,322,50,64,ptr,load,pointer,0
11703,322,51,64,ptr,load,pointer,0
11704,322,52,64,ptr,load,pointer,0
11705,322,53,64,ptr,load,pointer,0
11706,322,54,64,ptr,load,pointer,0
11707,322,55,64,ptr,load,pointer,0
11708,322,56,64,ptr,load,pointer,0
11709,322,57,64,ptr,load,pointer,0
11710,322,58,64,ptr,load,pointer,0
11711,322,59,64,ptr,load,pointer,0
11712,322,60,64,ptr,load,pointer,0
11713,322,61,64,ptr,load,pointer,0
11714,322,62,64,ptr,load,pointer,0
11715,322,63,64,ptr,load,pointer,0
11716,324,0,64,ptr,getelementptr,pointer,0
11717,324,1,64,ptr,getelementptr,pointer,0
11718,324,2,64,ptr,getelementptr,pointer,0
11719,324,3,64,ptr,getelementptr,pointer,0
11720,324,4,64,ptr,getelementptr,pointer,0
11721,324,5,64,ptr,getelementptr,pointer,0
11722,324,6,64,ptr,getelementptr,pointer,0
11723,324,7,64,ptr,getelementptr,pointer,0
11724,324,8,64,ptr,getelementptr,pointer,0
11725,324,9,64,ptr,getelementptr,pointer,0
11726,324,10,64,ptr,getelementptr,pointer,0
11727,324,11,64,ptr,getelementptr,pointer,0
11728,324,12,64,ptr,getelementptr,pointer,0
11729,324,13,64,ptr,getelementptr,pointer,0
11730,324,14,64,ptr,getelementptr,pointer,0
11731,324,15,64,ptr,getelementptr,pointer,0
11732,324,16,64,ptr,getelementptr,pointer,0
11733,324,17,64,ptr,getelementptr,pointer,0
11734,324,18,64,ptr,getelementptr,pointer,0
11735,324,19,64,ptr,getelementptr,pointer,0
11736,324,20,64,ptr,getelementptr,pointer,0
11737,324,21,64,ptr,getelementptr,pointer,0
11738,324,22,64,ptr,getelementptr,pointer,0
11739,324,23,64,ptr,getelementptr,pointer,0
11740,324,24,64,ptr,getelementptr,pointer,0
11741,324,25,64,ptr,getelementptr,pointer,0
11742,324,26,64,ptr,getelementptr,pointer,0
11743,324,27,64,ptr,getelementptr,pointer,0
11744,324,28,64,ptr,getelementptr,pointer,0
11745,324,29,64,ptr,getelementptr,pointer,0
11746,324,30,64,ptr,getelementptr,pointer,0
11747,324,31,64,ptr,getelementptr,pointer,0
11748,324,32,64,ptr,getelementptr,pointer,0
11749,324,33,64,ptr,getelementptr,pointer,0
11750,324,34,64,ptr,getelementptr,pointer,0
11751,324,35,64,ptr,getelementptr,pointer,0
11752,324,36,64,ptr,getelementptr,pointer,0
11753,324,37,64,ptr,getelementptr,pointer,0
11754,324,38,64,ptr,getelementptr,pointer,0
11755,324,39,64,ptr,getelementptr,pointer,0
11756,324,40,64,ptr,getelementptr,pointer,0
11757,324,41,64,ptr,getelementptr,pointer,0
11758,324,42,64,ptr,getelementptr,pointer,0
11759,324,43,64,ptr,getelementptr,pointer,0
11760,324,44,64,ptr,getelementptr,pointer,0
11761,324,45,64,ptr,getelementptr,pointer,0
11762,324,46,64,ptr,getelementptr,pointer,0
11763,324,47,64,ptr,getelementptr,pointer,0
11764,324,48,64,ptr,getelementptr,pointer,0
11765,324,49,64,ptr,getelementptr,pointer,0
11766,324,50,64,ptr,getelementptr,pointer,0
11767,324,51,64,ptr,getelementptr,pointer,0
11768,324,52,64,ptr,getelementptr,pointer,0
11769,324,53,64,ptr,getelementptr,pointer,0
11770,324,54,64,ptr,getelementptr,pointer,0
11771,324,55,64,ptr,getelementptr,pointer,0
11772,324,56,64,ptr,getelementptr,pointer,0
11773,324,57,64,ptr,getelementptr,pointer,0
11774,324,58,64,ptr,getelementptr,pointer,0
11775,324,59,64,ptr,getelementptr,pointer,0
11776,324,60,64,ptr,getelementptr,pointer,0
11777,324,61,64,ptr,getelementptr,pointer,0
11778,324,62,64,ptr,getelementptr,pointer,0
11779,324,63,64,ptr,getelementptr,pointer,0
11780,325,0,32,int,load,base,-1
11781,325,1,32,int,load,base,-1
11782,325,2,32,int,load,base,-1
11783,325,3,32,int,load,base,-1
11784,325,4,32,int,load,base,-1
11785,325,5,32,int,load,base,-1
11786,325,6,32,int,load,base,-1
11787,325,7,32,int,load,base,-1
11788,325,8,32,int,load,base,-1
11789,325,9,32,int,load,base,-1
11790,325,10,32,int,load,base,-1
11791,325,11,32,int,load,base,-1
11792,325,12,32,int,load,base,-1
11793,325,13,32,int,load,base,-1
11794,325,14,32,int,load,base,-1
11795,325,15,32,int,load,base,-1
11796,325,16,32,int,load,base,-1
11797,325,17,32,int,load,base,-1
11798,325,18,32,int,load,base,-1
11799,325,19,32,int,load,base,-1
11800,325,20,32,int,load,base,-1
11801,325,21,32,int,load,base,-1
11802,325,22,32,int,load,base,-1
11803,325,23,32,int,load,base,-1
11804,325,24,32,int,load,base,-1
11805,325,25,32,int,load,base,-1
11806,325,26,32,int,load,base,-1
11807,325,27,32,int,load,base,-1
11808,325,28,32,int,load,base,-1
11809,325,29,32,int,load,base,-1
11810,325,30,32,int,load,base,-1
11811,325,31,32,int,load,base,-1
11812,326,0,64,ptr,load,pointer,0
11813,326,1,64,ptr,load,pointer,0
11814,326,2,64,ptr,load,pointer,0
11815,326,3,64,ptr,load,pointer,0
11816,326,4,64,ptr,load,pointer,0
11817,326,5,64,ptr,load,pointer,0
11818,326,6,64,ptr,load,pointer,0
11819,326,7,64,ptr,load,pointer,0
11820,326,8,64,ptr,load,pointer,0
11821,326,9,64,ptr,load,pointer,0
11822,326,10,64,ptr,load,pointer,0
11823,326,11,64,ptr,load,pointer,0
11824,326,12,64,ptr,load,pointer,0
11825,326,13,64,ptr,load,pointer,0
11826,326,14,64,ptr,load,pointer,0
11827,326,15,64,ptr,load,pointer,0
11828,326,16,64,ptr,load,pointer,0
11829,326,17,64,ptr,load,pointer,0
11830,326,18,64,ptr,load,pointer,0
11831,326,19,64,ptr,load,pointer,0
11832,326,20,64,ptr,load,pointer,0
11833,326,21,64,ptr,load,pointer,0
11834,326,22,64,ptr,load,pointer,0
11835,326,23,64,ptr,load,pointer,0
11836,326,24,64,ptr,load,pointer,0
11837,326,25,64,ptr,load,pointer,0
11838,326,26,64,ptr,load,pointer,0
11839,326,27,64,ptr,load,pointer,0
11840,326,28,64,ptr,load,pointer,0
11841,326,29,64,ptr,load,pointer,0
11842,326,30,64,ptr,load,pointer,0
11843,326,31,64,ptr,load,pointer,0
11844,326,32,64,ptr,load,pointer,0
11845,326,33,64,ptr,load,pointer,0
11846,326,34,64,ptr,load,pointer,0
11847,326,35,64,ptr,load,pointer,0
11848,326,36,64,ptr,load,pointer,0
11849,326,37,64,ptr,load,pointer,0
11850,326,38,64,ptr,load,pointer,0
11851,326,39,64,ptr,load,pointer,0
11852,326,40,64,ptr,load,pointer,0
11853,326,41,64,ptr,load,pointer,0
11854,326,42,64,ptr,load,pointer,0
11855,326,43,64,ptr,load,pointer,0
11856,326,44,64,ptr,load,pointer,0
11857,326,45,64,ptr,load,pointer,0
11858,326,46,64,ptr,load,pointer,0
11859,326,47,64,ptr,load,pointer,0
11860,326,48,64,ptr,load,pointer,0
11861,326,49,64,ptr,load,pointer,0
11862,326,50,64,ptr,load,pointer,0
11863,326,51,64,ptr,load,pointer,0
11864,326,52,64,ptr,load,pointer,0
11865,326,53,64,ptr,load,pointer,0
11866,326,54,64,ptr,load,pointer,0
11867,326,55,64,ptr,load,pointer,0
11868,326,56,64,ptr,load,pointer,0
11869,326,57,64,ptr,load,pointer,0
11870,326,58,64,ptr,load,pointer,0
11871,326,59,64,ptr,load,pointer,0
11872,326,60,64,ptr,load,pointer,0
11873,326,61,64,ptr,load,pointer,0
11874,326,62,64,ptr,load,pointer,0
11875,326,63,64,ptr,load,pointer,0
11876,327,0,32,int,mul,base,-1
11877,327,1,32,int,mul,base,-1
11878,327,2,32,int,mul,base,-1
11879,327,3,32,int,mul,base,-1
11880,327,4,32,int,mul,base,-1
11881,327,5,32,int,mul,base,-1
11882,327,6,32,int,mul,base,-1
11883,327,7,32,int,mul,base,-1
11884,327,8,32,int,mul,base,-1
11885,327,9,32,int,mul,base,-1
11886,327,10,32,int,mul,base,-1
11887,327,11,32,int,mul,base,-1
11888,327,12,32,int,mul,base,-1
11889,327,13,32,int,mul,base,-1
11890,327,14,32,int,mul,base,-1
11891,327,15,32,int,mul,base,-1
11892,327,16,32,int,mul,base,-1
11893,327,17,32,int,mul,base,-1
11894,327,18,32,int,mul,base,-1
11895,327,19,32,int,mul,base,-1
11896,327,20,32,int,mul,base,-1
11897,327,21,32,int,mul,base,-1
11898,327,22,32,int,mul,base,-1
11899,327,23,32,int,mul,base,-1
11900,327,24,32,int,mul,base,-1
11901,327,25,32,int,mul,base,-1
11902,327,26,32,int,mul,base,-1
11903,327,27,32,int,mul,base,-1
11904,327,28,32,int,mul,base,-1
11905,327,29,32,int,mul,base,-1
11906,327,30,32,int,mul,base,-1
11907,327,31,32,int,mul,base,-1
11908,328,0,32,int,mul,operand,0
11909,328,1,32,int,mul,operand,0
11910,328,2,32,int,mul,operand,0
11911,328,3,32,int,mul,operand,0
11912,328,4,32,int,mul,operand,0
11913,328,5,32,int,mul,operand,0
11914,328,6,32,int,mul,operand,0
11915,328,7,32,int,mul,operand,0
11916,328,8,32,int,mul,operand,0
11917,328,9,32,int,mul,operand,0
11918,328,10,32,int,mul,operand,0
11919,328,11,32,int,mul,operand,0
11920,328,12,32,int,mul,operand,0
11921,328,13,32,int,mul,operand,0
11922,328,14,32,int,mul,operand,0
11923,328,15,32,int,mul,operand,0
11924,328,16,32,int,mul,operand,0
11925,328,17,32,int,mul,operand,0
11926,328,18,32,int,mul,operand,0
11927,328,19,32,int,mul,operand,0
11928,328,20,32,int,mul,operand,0
11929,328,21,32,int,mul,operand,0
11930,328,22,32,int,mul,operand,0
11931,328,23,32,int,mul,operand,0
11932,328,24,32,int,mul,operand,0
11933,328,25,32,int,mul,operand,0
11934,328,26,32,int,mul,operand,0
11935,328,27,32,int,mul,operand,0
11936,328,28,32,int,mul,operand,0
11937,328,29,32,int,mul,operand,0
11938,328,30,32,int,mul,operand,0
11939,328,31,32,int,mul,operand,0
11940,329,0,32,int,mul,operand,1
11941,329,1,32,int,mul,operand,1
11942,329,2,32,int,mul,operand,1
11943,329,3,32,int,mul,operand,1
11944,329,4,32,int,mul,operand,1
11945,329,5,32,int,mul,operand,1
11946,329,6,32,int,mul,operand,1
11947,329,7,32,int,mul,operand,1
11948,329,8,32,int,mul,operand,1
11949,329,9,32,int,mul,operand,1
11950,329,10,32,int,mul,operand,1
11951,329,11,32,int,mul,operand,1
11952,329,12,32,int,mul,operand,1
11953,329,13,32,int,mul,operand,1
11954,329,14,32,int,mul,operand,1
11955,329,15,32,int,mul,operand,1
11956,329,16,32,int,mul,operand,1
11957,329,17,32,int,mul,operand,1
11958,329,18,32,int,mul,operand,1
11959,329,19,32,int,mul,operand,1
11960,329,20,32,int,mul,operand,1
11961,329,21,32,int,mul,operand,1
11962,329,22,32,int,mul,operand,1
11963,329,23,32,int,mul,operand,1
11964,329,24,32,int,mul,operand,1
11965,329,25,32,int,mul,operand,1
11966,329,26,32,int,mul,operand,1
11967,329,27,32,int,mul,operand,1
11968,329,28,32,int,mul,operand,1
11969,329,29,32,int,mul,operand,1
11970,329,30,32,int,mul,operand,1
11971,329,31,32,int,mul,operand,1
11972,330,0,32,int,load,base,-1
11973,330,1,32,int,load,base,-1
11974,330,2,32,int,load,base,-1
11975,330,3,32,int,load,base,-1
11976,330,4,32,int,load,base,-1
11977,330,5,32,int,load,base,-1
11978,330,6,32,int,load,base,-1
11979,330,7,32,int,load,base,-1
11980,330,8,32,int,load,base,-1
11981,330,9,32,int,load,base,-1
11982,330,10,32,int,load,base,-1
11983,330,11,32,int,load,base,-1
11984,330,12,32,int,load,base,-1
11985,330,13,32,int,load,base,-1
11986,330,14,32,int,load,base,-1
11987,330,15,32,int,load,base,-1
11988,330,16,32,int,load,base,-1
11989,330,17,32,int,load,base,-1
11990,330,18,32,int,load,base,-1
11991,330,19,32,int,load,base,-1
11992,330,20,32,int,load,base,-1
11993,330,21,32,int,load,base,-1
11994,330,22,32,int,load,base,-1
11995,330,23,32,int,load,base,-1
11996,330,24,32,int,load,base,-1
11997,330,25,32,int,load,base,-1
11998,330,26,32,int,load,base,-1
11999,330,27,32,int,load,base,-1
12000,330,28,32,int,load,base,-1
12001,330,29,32,int,load,base,-1
12002,330,30,32,int,load,base,-1
12003,330,31,32,int,load,base,-1
12004,331,0,64,ptr,load,pointer,0
12005,331,1,64,ptr,load,pointer,0
12006,331,2,64,ptr,load,pointer,0
12007,331,3,64,ptr,load,pointer,0
12008,331,4,64,ptr,load,pointer,0
12009,331,5,64,ptr,load,pointer,0
12010,331,6,64,ptr,load,pointer,0
12011,331,7,64,ptr,load,pointer,0
12012,331,8,64,ptr,load,pointer,0
12013,331,9,64,ptr,load,pointer,0
12014,331,10,64,ptr,load,pointer,0
12015,331,11,64,ptr,load,pointer,0
12016,331,12,64,ptr,load,pointer,0
12017,331,13,64,ptr,load,pointer,0
12018,331,14,64,ptr,load,pointer,0
12019,331,15,64,ptr,load,pointer,0
12020,331,16,64,ptr,load,pointer,0
12021,331,17,64,ptr,load,pointer,0
12022,331,18,64,ptr,load,pointer,0
12023,331,19,64,ptr,load,pointer,0
12024,331,20,64,ptr,load,pointer,0
12025,331,21,64,ptr,load,pointer,0
12026,331,22,64,ptr,load,pointer,0
12027,331,23,64,ptr,load,pointer,0
12028,331,24,64,ptr,load,pointer,0
12029,331,25,64,ptr,load,pointer,0
12030,331,26,64,ptr,load,pointer,0
12031,331,27,64,ptr,load,pointer,0
12032,331,28,64,ptr,load,pointer,0
12033,331,29,64,ptr,load,pointer,0
12034,331,30,64,ptr,load,pointer,0
12035,331,31,64,ptr,load,pointer,0
12036,331,32,64,ptr,load,pointer,0
12037,331,33,64,ptr,load,pointer,0
12038,331,34,64,ptr,load,pointer,0
12039,331,35,64,ptr,load,pointer,0
12040,331,36,64,ptr,load,pointer,0
12041,331,37,64,ptr,load,pointer,0
12042,331,38,64,ptr,load,pointer,0
12043,331,39,64,ptr,load,pointer,0
12044,331,40,64,ptr,load,pointer,0
12045,331,41,64,ptr,load,pointer,0
12046,331,42,64,ptr,load,pointer,0
12047,331,43,64,ptr,load,pointer,0
12048,331,44,64,ptr,load,pointer,0
12049,331,45,64,ptr,load,pointer,0
12050,331,46,64,ptr,load,pointer,0
12051,331,47,64,ptr,load,pointer,0
12052,331,48,64,ptr,load,pointer,0
12053,331,49,64,ptr,load,pointer,0
12054,331,50,64,ptr,load,pointer,0
12055,331,51,64,ptr,load,pointer,0
12056,331,52,64,ptr,load,pointer,0
12057,331,53,64,ptr,load,pointer,0
12058,331,54,64,ptr,load,pointer,0
12059,331,55,64,ptr,load,pointer,0
12060,331,56,64,ptr,load,pointer,0
12061,331,57,64,ptr,load,pointer,0
12062,331,58,64,ptr,load,pointer,0
12063,331,59,64,ptr,load,pointer,0
12064,331,60,64,ptr,load,pointer,0
12065,331,61,64,ptr,load,pointer,0
12066,331,62,64,ptr,load,pointer,0
12067,331,63,64,ptr,load,pointer,0
12068,332,0,32,int,add,base,-1
12069,332,1,32,int,add,base,-1
12070,332,2,32,int,add,base,-1
12071,332,3,32,int,add,base,-1
12072,332,4,32,int,add,base,-1
12073,332,5,32,int,add,base,-1
12074,332,6,32,int,add,base,-1
12075,332,7,32,int,add,base,-1
12076,332,8,32,int,add,base,-1
12077,332,9,32,int,add,base,-1
12078,332,10,32,int,add,base,-1
12079,332,11,32,int,add,base,-1
12080,332,12,32,int,add,base,-1
12081,332,13,32,int,add,base,-1
12082,332,14,32,int,add,base,-1
12083,332,15,32,int,add,base,-1
12084,332,16,32,int,add,base,-1
12085,332,17,32,int,add,base,-1
12086,332,18,32,int,add,base,-1
12087,332,19,32,int,add,base,-1
12088,332,20,32,int,add,base,-1
12089,332,21,32,int,add,base,-1
12090,332,22,32,int,add,base,-1
12091,332,23,32,int,add,base,-1
12092,332,24,32,int,add,base,-1
12093,332,25,32,int,add,base,-1
12094,332,26,32,int,add,base,-1
12095,332,27,32,int,add,base,-1
12096,332,28,32,int,add,base,-1
12097,332,29,32,int,add,base,-1
12098,332,30,32,int,add,base,-1
12099,332,31,32,int,add,base,-1
12100,333,0,32,int,add,operand,0
12101,333,1,32,int,add,operand,0
12102,333,2,32,int,add,operand,0
12103,333,3,32,int,add,operand,0
12104,333,4,32,int,add,operand,0
12105,333,5,32,int,add,operand,0
12106,333,6,32,int,add,operand,0
12107,333,7,32,int,add,operand,0
12108,333,8,32,int,add,operand,0
12109,333,9,32,int,add,operand,0
12110,333,10,32,int,add,operand,0
12111,333,11,32,int,add,operand,0
12112,333,12,32,int,add,operand,0
12113,333,13,32,int,add,operand,0
12114,333,14,32,int,add,operand,0
12115,333,15,32,int,add,operand,0
12116,333,16,32,int,add,operand,0
12117,333,17,32,int,add,operand,0
12118,333,18,32,int,add,operand,0
12119,333,19,32,int,add,operand,0
12120,333,20,32,int,add,operand,0
12121,333,21,32,int,add,operand,0
12122,333,22,32,int,add,operand,0
12123,333,23,32,int,add,operand,0
12124,333,24,32,int,add,operand,0
12125,333,25,32,int,add,operand,0
12126,333,26,32,int,add,operand,0
12127,333,27,32,int,add,operand,0
12128,333,28,32,int,add,operand,0
12129,333,29,32,int,add,operand,0
12130,333,30,32,int,add,operand,0
12131,333,31,32,int,add,operand,0
12132,334,0,32,int,add,operand,1
12133,334,1,32,int,add,operand,1
12134,334,2,32,int,add,operand,1
12135,334,3,32,int,add,operand,1
12136,334,4,32,int,add,operand,1
12137,334,5,32,int,add,operand,1
12138,334,6,32,int,add,operand,1
12139,334,7,32,int,add,operand,1
12140,334,8,32,int,add,operand,1
12141,334,9,32,int,add,operand,1
12142,334,10,32,int,add,operand,1
12143,334,11,32,int,add,operand,1
12144,334,12,32,int,add,operand,1
12145,334,13,32,int,add,operand,1
12146,334,14,32,int,add,operand,1
12147,334,15,32,int,add,operand,1
12148,334,16,32,int,add,operand,1
12149,334,17,32,int,add,operand,1
12150,334,18,32,int,add,operand,1
12151,334,19,32,int,add,operand,1
12152,334,20,32,int,add,operand,1
12153,334,21,32,int,add,operand,1
12154,334,22,32,int,add,operand,1
12155,334,23,32,int,add,operand,1
12156,334,24,32,int,add,operand,1
12157,334,25,32,int,add,operand,1
12158,334,26,32,int,add,operand,1
12159,334,27,32,int,add,operand,1
12160,334,28,32,int,add,operand,1
12161,334,29,32,int,add,operand,1
12162,334,30,32,int,add,operand,1
12163,334,31,32,int,add,operand,1
12164,335,0,64,int,sext,base,-1
12165,335,1,64,int,sext,base,-1
12166,335,2,64,int,sext,base,-1
12167,335,3,64,int,sext,base,-1
12168,335,4,64,int,sext,base,-1
12169,335,5,64,int,sext,base,-1
12170,335,6,64,int,sext,base,-1
12171,335,7,64,int,sext,base,-1
12172,335,8,64,int,sext,base,-1
12173,335,9,64,int,sext,base,-1
12174,335,10,64,int,sext,base,-1
12175,335,11,64,int,sext,base,-1
12176,335,12,64,int,sext,base,-1
12177,335,13,64,int,sext,base,-1
12178,335,14,64,int,sext,base,-1
12179,335,15,64,int,sext,base,-1
12180,335,16,64,int,sext,base,-1
12181,335,17,64,int,sext,base,-1
12182,335,18,64,int,sext,base,-1
12183,335,19,64,int,sext,base,-1
12184,335,20,64,int,sext,base,-1
12185,335,21,64,int,sext,base,-1
12186,335,22,64,int,sext,base,-1
12187,335,23,64,int,sext,base,-1
12188,335,24,64,int,sext,base,-1
12189,335,25,64,int,sext,base,-1
12190,335,26,64,int,sext,base,-1
12191,335,27,64,int,sext,base,-1
12192,335,28,64,int,sext,base,-1
12193,335,29,64,int,sext,base,-1
12194,335,30,64,int,sext,base,-1
12195,335,31,64,int,sext,base,-1
12196,335,32,64,int,sext,base,-1
12197,335,33,64,int,sext,base,-1
12198,335,34,64,int,sext,base,-1
12199,335,35,64,int,sext,base,-1
12200,335,36,64,int,sext,base,-1
12201,335,37,64,int,sext,base,-1
12202,335,38,64,int,sext,base,-1
12203,335,39,64,int,sext,base,-1
12204,335,40,64,int,sext,base,-1
12205,335,41,64,int,sext,base,-1
12206,335,42,64,int,sext,base,-1
12207,335,43,64,int,sext,base,-1
12208,335,44,64,int,sext,base,-1
12209,335,45,64,int,sext,base,-1
12210,335,46,64,int,sext,base,-1
12211,335,47,64,int,sext,base,-1
12212,335,48,64,int,sext,base,-1
12213,335,49,64,int,sext,base,-1
12214,335,50,64,int,sext,base,-1
12215,335,51,64,int,sext,base,-1
12216,335,52,64,int,sext,base,-1
12217,335,53,64,int,sext,base,-1
12218,335,54,64,int,sext,base,-1
12219,335,55,64,int,sext,base,-1
12220,335,56,64,int,sext,base,-1
12221,335,57,64,int,sext,base,-1
12222,335,58,64,int,sext,base,-1
12223,335,59,64,int,sext,base,-1
12224,335,60,64,int,sext,base,-1
12225,335,61,64,int,sext,base,-1
12226,335,62,64,int,sext,base,-1
12227,335,63,64,int,sext,base,-1
12228,336,0,32,int,sext,operand,0
12229,336,1,32,int,sext,operand,0
12230,336,2,32,int,sext,operand,0
12231,336,3,32,int,sext,operand,0
12232,336,4,32,int,sext,operand,0
12233,336,5,32,int,sext,operand,0
12234,336,6,32,int,sext,operand,0
12235,336,7,32,int,sext,operand,0
12236,336,8,32,int,sext,operand,0
12237,336,9,32,int,sext,operand,0
12238,336,10,32,int,sext,operand,0
12239,336,11,32,int,sext,operand,0
12240,336,12,32,int,sext,operand,0
12241,336,13,32,int,sext,operand,0
12242,336,14,32,int,sext,operand,0
12243,336,15,32,int,sext,operand,0
12244,336,16,32,int,sext,operand,0
12245,336,17,32,int,sext,operand,0
12246,336,18,32,int,sext,operand,0
12247,336,19,32,int,sext,operand,0
12248,336,20,32,int,sext,operand,0
12249,336,21,32,int,sext,operand,0
12250,336,22,32,int,sext,operand,0
12251,336,23,32,int,sext,operand,0
12252,336,24,32,int,sext,operand,0
12253,336,25,32,int,sext,operand,0
12254,336,26,32,int,sext,operand,0
12255,336,27,32,int,sext,operand,0
12256,336,28,32,int,sext,operand,0
12257,336,29,32,int,sext,operand,0
12258,336,30,32,int,sext,operand,0
12259,336,31,32,int,sext,operand,0
12260,338,0,64,ptr,getelementptr,pointer,0
12261,338,1,64,ptr,getelementptr,pointer,0
12262,338,2,64,ptr,getelementptr,pointer,0
12263,338,3,64,ptr,getelementptr,pointer,0
12264,338,4,64,ptr,getelementptr,pointer,0
12265,338,5,64,ptr,getelementptr,pointer,0
12266,338,6,64,ptr,getelementptr,pointer,0
12267,338,7,64,ptr,getelementptr,pointer,0
12268,338,8,64,ptr,getelementptr,pointer,0
12269,338,9,64,ptr,getelementptr,pointer,0
12270,338,10,64,ptr,getelementptr,pointer,0
12271,338,11,64,ptr,getelementptr,pointer,0
12272,338,12,64,ptr,getelementptr,pointer,0
12273,338,13,64,ptr,getelementptr,pointer,0
12274,338,14,64,ptr,getelementptr,pointer,0
12275,338,15,64,ptr,getelementptr,pointer,0
12276,338,16,64,ptr,getelementptr,pointer,0
12277,338,17,64,ptr,getelementptr,pointer,0
12278,338,18,64,ptr,getelementptr,pointer,0
12279,338,19,64,ptr,getelementptr,pointer,0
12280,338,20,64,ptr,getelementptr,pointer,0
12281,338,21,64,ptr,getelementptr,pointer,0
12282,338,22,64,ptr,getelementptr,pointer,0
12283,338,23,64,ptr,getelementptr,pointer,0
12284,338,24,64,ptr,getelementptr,pointer,0
12285,338,25,64,ptr,getelementptr,pointer,0
12286,338,26,64,ptr,getelementptr,pointer,0
12287,338,27,64,ptr,getelementptr,pointer,0
12288,338,28,64,ptr,getelementptr,pointer,0
12289,338,29,64,ptr,getelementptr,pointer,0
12290,338,30,64,ptr,getelementptr,pointer,0
12291,338,31,64,ptr,getelementptr,pointer,0
12292,338,32,64,ptr,getelementptr,pointer,0
12293,338,33,64,ptr,getelementptr,pointer,0
12294,338,34,64,ptr,getelementptr,pointer,0
12295,338,35,64,ptr,getelementptr,pointer,0
12296,338,36,64,ptr,getelementptr,pointer,0
12297,338,37,64,ptr,getelementptr,pointer,0
12298,338,38,64,ptr,getelementptr,pointer,0
12299,338,39,64,ptr,getelementptr,pointer,0
12300,338,40,64,ptr,getelementptr,pointer,0
12301,338,41,64,ptr,getelementptr,pointer,0
12302,338,42,64,ptr,getelementptr,pointer,0
12303,338,43,64,ptr,getelementptr,pointer,0
12304,338,44,64,ptr,getelementptr,pointer,0
12305,338,45,64,ptr,getelementptr,pointer,0
12306,338,46,64,ptr,getelementptr,pointer,0
12307,338,47,64,ptr,getelementptr,pointer,0
12308,338,48,64,ptr,getelementptr,pointer,0
12309,338,49,64,ptr,getelementptr,pointer,0
12310,338,50,64,ptr,getelementptr,pointer,0
12311,338,51,64,ptr,getelementptr,pointer,0
12312,338,52,64,ptr,getelementptr,pointer,0
12313,338,53,64,ptr,getelementptr,pointer,0
12314,338,54,64,ptr,getelementptr,pointer,0
12315,338,55,64,ptr,getelementptr,pointer,0
12316,338,56,64,ptr,getelementptr,pointer,0
12317,338,57,64,ptr,getelementptr,pointer,0
12318,338,58,64,ptr,getelementptr,pointer,0
12319,338,59,64,ptr,getelementptr,pointer,0
12320,338,60,64,ptr,getelementptr,pointer,0
12321,338,61,64,ptr,getelementptr,pointer,0
12322,338,62,64,ptr,getelementptr,pointer,0
12323,338,63,64,ptr,getelementptr,pointer,0
12324,339,0,64,int,getelementptr,operand,1
12325,339,1,64,int,getelementptr,operand,1
12326,339,2,64,int,getelementptr,operand,1
12327,339,3,64,int,getelementptr,operand,1
12328,339,4,64,int,getelementptr,operand,1
12329,339,5,64,int,getelementptr,operand,1
12330,339,6,64,int,getelementptr,operand,1
12331,339,7,64,int,getelementptr,operand,1
12332,339,8,64,int,getelementptr,operand,1
12333,339,9,64,int,getelementptr,operand,1
12334,339,10,64,int,getelementptr,operand,1
12335,339,11,64,int,getelementptr,operand,1
12336,339,12,64,int,getelementptr,operand,1
12337,339,13,64,int,getelementptr,operand,1
12338,339,14,64,int,getelementptr,operand,1
12339,339,15,64,int,getelementptr,operand,1
12340,339,16,64,int,getelementptr,operand,1
12341,339,17,64,int,getelementptr,operand,1
12342,339,18,64,int,getelementptr,operand,1
12343,339,19,64,int,getelementptr,operand,1
12344,339,20,64,int,getelementptr,operand,1
12345,339,21,64,int,getelementptr,operand,1
12346,339,22,64,int,getelementptr,operand,1
12347,339,23,64,int,getelementptr,operand,1
12348,339,24,64,int,getelementptr,operand,1
12349,339,25,64,int,getelementptr,operand,1
12350,339,26,64,int,getelementptr,operand,1
12351,339,27,64,int,getelementptr,operand,1
12352,339,28,64,int,getelementptr,operand,1
12353,339,29,64,int,getelementptr,operand,1
12354,339,30,64,int,getelementptr,operand,1
12355,339,31,64,int,getelementptr,operand,1
12356,339,32,64,int,getelementptr,operand,1
12357,339,33,64,int,getelementptr,operand,1
12358,339,34,64,int,getelementptr,operand,1
12359,339,35,64,int,getelementptr,operand,1
12360,339,36,64,int,getelementptr,operand,1
12361,339,37,64,int,getelementptr,operand,1
12362,339,38,64,int,getelementptr,operand,1
12363,339,39,64,int,getelementptr,operand,1
12364,339,40,64,int,getelementptr,operand,1
12365,339,41,64,int,getelementptr,operand,1
12366,339,42,64,int,getelementptr,operand,1
12367,339,43,64,int,getelementptr,operand,1
12368,339,44,64,int,getelementptr,operand,1
12369,339,45,64,int,getelementptr,operand,1
12370,339,46,64,int,getelementptr,operand,1
12371,339,47,64,int,getelementptr,operand,1
12372,339,48,64,int,getelementptr,operand,1
12373,339,49,64,int,getelementptr,operand,1
12374,339,50,64,int,getelementptr,operand,1
12375,339,51,64,int,getelementptr,operand,1
12376,339,52,64,int,getelementptr,operand,1
12377,339,53,64,int,getelementptr,operand,1
12378,339,54,64,int,getelementptr,operand,1
12379,339,55,64,int,getelementptr,operand,1
12380,339,56,64,int,getelementptr,operand,1
12381,339,57,64,int,getelementptr,operand,1
12382,339,58,64,int,getelementptr,operand,1
12383,339,59,64,int,getelementptr,operand,1
12384,339,60,64,int,getelementptr,operand,1
12385,339,61,64,int,getelementptr,operand,1
12386,339,62,64,int,getelementptr,operand,1
12387,339,63,64,int,getelementptr,operand,1
12388,340,0,32,int,load,base,-1
12389,340,1,32,int,load,base,-1
12390,340,2,32,int,load,base,-1
12391,340,3,32,int,load,base,-1
12392,340,4,32,int,load,base,-1
12393,340,5,32,int,load,base,-1
12394,340,6,32,int,load,base,-1
12395,340,7,32,int,load,base,-1
12396,340,8,32,int,load,base,-1
12397,340,9,32,int,load,base,-1
12398,340,10,32,int,load,base,-1
12399,340,11,32,int,load,base,-1
12400,340,12,32,int,load,base,-1
12401,340,13,32,int,load,base,-1
12402,340,14,32,int,load,base,-1
12403,340,15,32,int,load,base,-1
12404,340,16,32,int,load,base,-1
12405,340,17,32,int,load,base,-1
12406,340,18,32,int,load,base,-1
12407,340,19,32,int,load,base,-1
12408,340,20,32,int,load,base,-1
12409,340,21,32,int,load,base,-1
12410,340,22,32,int,load,base,-1
12411,340,23,32,int,load,base,-1
12412,340,24,32,int,load,base,-1
12413,340,25,32,int,load,base,-1
12414,340,26,32,int,load,base,-1
12415,340,27,32,int,load,base,-1
12416,340,28,32,int,load,base,-1
12417,340,29,32,int,load,base,-1
12418,340,30,32,int,load,base,-1
12419,340,31,32,int,load,base,-1
12420,341,0,64,ptr,load,pointer,0
12421,341,1,64,ptr,load,pointer,0
12422,341,2,64,ptr,load,pointer,0
12423,341,3,64,ptr,load,pointer,0
12424,341,4,64,ptr,load,pointer,0
12425,341,5,64,ptr,load,pointer,0
12426,341,6,64,ptr,load,pointer,0
12427,341,7,64,ptr,load,pointer,0
12428,341,8,64,ptr,load,pointer,0
12429,341,9,64,ptr,load,pointer,0
12430,341,10,64,ptr,load,pointer,0
12431,341,11,64,ptr,load,pointer,0
12432,341,12,64,ptr,load,pointer,0
12433,341,13,64,ptr,load,pointer,0
12434,341,14,64,ptr,load,pointer,0
12435,341,15,64,ptr,load,pointer,0
12436,341,16,64,ptr,load,pointer,0
12437,341,17,64,ptr,load,pointer,0
12438,341,18,64,ptr,load,pointer,0
12439,341,19,64,ptr,load,pointer,0
12440,341,20,64,ptr,load,pointer,0
12441,341,21,64,ptr,load,pointer,0
12442,341,22,64,ptr,load,pointer,0
12443,341,23,64,ptr,load,pointer,0
12444,341,24,64,ptr,load,pointer,0
12445,341,25,64,ptr,load,pointer,0
12446,341,26,64,ptr,load,pointer,0
12447,341,27,64,ptr,load,pointer,0
12448,341,28,64,ptr,load,pointer,0
12449,341,29,64,ptr,load,pointer,0
12450,341,30,64,ptr,load,pointer,0
12451,341,31,64,ptr,load,pointer,0
12452,341,32,64,ptr,load,pointer,0
12453,341,33,64,ptr,load,pointer,0
12454,341,34,64,ptr,load,pointer,0
12455,341,35,64,ptr,load,pointer,0
12456,341,36,64,ptr,load,pointer,0
12457,341,37,64,ptr,load,pointer,0
12458,341,38,64,ptr,load,pointer,0
12459,341,39,64,ptr,load,pointer,0
12460,341,40,64,ptr,load,pointer,0
12461,341,41,64,ptr,load,pointer,0
12462,341,42,64,ptr,load,pointer,0
12463,341,43,64,ptr,load,pointer,0
12464,341,44,64,ptr,load,pointer,0
12465,341,45,64,ptr,load,pointer,0
12466,341,46,64,ptr,load,pointer,0
12467,341,47,64,ptr,load,pointer,0
12468,341,48,64,ptr,load,pointer,0
12469,341,49,64,ptr,load,pointer,0
12470,341,50,64,ptr,load,pointer,0
12471,341,51,64,ptr,load,pointer,0
12472,341,52,64,ptr,load,pointer,0
12473,341,53,64,ptr,load,pointer,0
12474,341,54,64,ptr,load,pointer,0
12475,341,55,64,ptr,load,pointer,0
12476,341,56,64,ptr,load,pointer,0
12477,341,57,64,ptr,load,pointer,0
12478,341,58,64,ptr,load,pointer,0
12479,341,59,64,ptr,load,pointer,0
12480,341,60,64,ptr,load,pointer,0
12481,341,61,64,ptr,load,pointer,0
12482,341,62,64,ptr,load,pointer,0
12483,341,63,64,ptr,load,pointer,0
12484,342,0,32,int,add,base,-1
12485,342,1,32,int,add,base,-1
12486,342,2,32,int,add,base,-1
12487,342,3,32,int,add,base,-1
12488,342,4,32,int,add,base,-1
12489,342,5,32,int,add,base,-1
12490,342,6,32,int,add,base,-1
12491,342,7,32,int,add,base,-1
12492,342,8,32,int,add,base,-1
12493,342,9,32,int,add,base,-1
12494,342,10,32,int,add,base,-1
12495,342,11,32,int,add,base,-1
12496,342,12,32,int,add,base,-1
12497,342,13,32,int,add,base,-1
12498,342,14,32,int,add,base,-1
12499,342,15,32,int,add,base,-1
12500,342,16,32,int,add,base,-1
12501,342,17,32,int,add,base,-1
12502,342,18,32,int,add,base,-1
12503,342,19,32,int,add,base,-1
12504,342,20,32,int,add,base,-1
12505,342,21,32,int,add,base,-1
12506,342,22,32,int,add,base,-1
12507,342,23,32,int,add,base,-1
12508,342,24,32,int,add,base,-1
12509,342,25,32,int,add,base,-1
12510,342,26,32,int,add,base,-1
12511,342,27,32,int,add,base,-1
12512,342,28,32,int,add,base,-1
12513,342,29,32,int,add,base,-1
12514,342,30,32,int,add,base,-1
12515,342,31,32,int,add,base,-1
12516,343,0,32,int,add,operand,0
12517,343,1,32,int,add,operand,0
12518,343,2,32,int,add,operand,0
12519,343,3,32,int,add,operand,0
12520,343,4,32,int,add,operand,0
12521,343,5,32,int,add,operand,0
12522,343,6,32,int,add,operand,0
12523,343,7,32,int,add,operand,0
12524,343,8,32,int,add,operand,0
12525,343,9,32,int,add,operand,0
12526,343,10,32,int,add,operand,0
12527,343,11,32,int,add,operand,0
12528,343,12,32,int,add,operand,0
12529,343,13,32,int,add,operand,0
12530,343,14,32,int,add,operand,0
12531,343,15,32,int,add,operand,0
12532,343,16,32,int,add,operand,0
12533,343,17,32,int,add,operand,0
12534,343,18,32,int,add,operand,0
12535,343,19,32,int,add,operand,0
12536,343,20,32,int,add,operand,0
12537,343,21,32,int,add,operand,0
12538,343,22,32,int,add,operand,0
12539,343,23,32,int,add,operand,0
12540,343,24,32,int,add,operand,0
12541,343,25,32,int,add,operand,0
12542,343,26,32,int,add,operand,0
12543,343,27,32,int,add,operand,0
12544,343,28,32,int,add,operand,0
12545,343,29,32,int,add,operand,0
12546,343,30,32,int,add,operand,0
12547,343,31,32,int,add,operand,0
12548,356,0,64,ptr,addrspacecast,pointer,0
12549,356,1,64,ptr,addrspacecast,pointer,0
12550,356,2,64,ptr,addrspacecast,pointer,0
12551,356,3,64,ptr,addrspacecast,pointer,0
12552,356,4,64,ptr,addrspacecast,pointer,0
12553,356,5,64,ptr,addrspacecast,pointer,0
12554,356,6,64,ptr,addrspacecast,pointer,0
12555,356,7,64,ptr,addrspacecast,pointer,0
12556,356,8,64,ptr,addrspacecast,pointer,0
12557,356,9,64,ptr,addrspacecast,pointer,0
12558,356,10,64,ptr,addrspacecast,pointer,0
12559,356,11,64,ptr,addrspacecast,pointer,0
12560,356,12,64,ptr,addrspacecast,pointer,0
12561,356,13,64,ptr,addrspacecast,pointer,0
12562,356,14,64,ptr,addrspacecast,pointer,0
12563,356,15,64,ptr,addrspacecast,pointer,0
12564,356,16,64,ptr,addrspacecast,pointer,0
12565,356,17,64,ptr,addrspacecast,pointer,0
12566,356,18,64,ptr,addrspacecast,pointer,0
12567,356,19,64,ptr,addrspacecast,pointer,0
12568,356,20,64,ptr,addrspacecast,pointer,0
12569,356,21,64,ptr,addrspacecast,pointer,0
12570,356,22,64,ptr,addrspacecast,pointer,0
12571,356,23,64,ptr,addrspacecast,pointer,0
12572,356,24,64,ptr,addrspacecast,pointer,0
12573,356,25,64,ptr,addrspacecast,pointer,0
12574,356,26,64,ptr,addrspacecast,pointer,0
12575,356,27,64,ptr,addrspacecast,pointer,0
12576,356,28,64,ptr,addrspacecast,pointer,0
12577,356,29,64,ptr,addrspacecast,pointer,0
12578,356,30,64,ptr,addrspacecast,pointer,0
12579,356,31,64,ptr,addrspacecast,pointer,0
12580,356,32,64,ptr,addrspacecast,pointer,0
12581,356,33,64,ptr,addrspacecast,pointer,0
12582,356,34,64,ptr,addrspacecast,pointer,0
12583,356,35,64,ptr,addrspacecast,pointer,0
12584,356,36,64,ptr,addrspacecast,pointer,0
12585,356,37,64,ptr,addrspacecast,pointer,0
12586,356,38,64,ptr,addrspacecast,pointer,0
12587,356,39,64,ptr,addrspacecast,pointer,0
12588,356,40,64,ptr,addrspacecast,pointer,0
12589,356,41,64,ptr,addrspacecast,pointer,0
12590,356,42,64,ptr,addrspacecast,pointer,0
12591,356,43,64,ptr,addrspacecast,pointer,0
12592,356,44,64,ptr,addrspacecast,pointer,0
12593,356,45,64,ptr,addrspacecast,pointer,0
12594,356,46,64,ptr,addrspacecast,pointer,0
12595,356,47,64,ptr,addrspacecast,pointer,0
12596,356,48,64,ptr,addrspacecast,pointer,0
12597,356,49,64,ptr,addrspacecast,pointer,0
12598,356,50,64,ptr,addrspacecast,pointer,0
12599,356,51,64,ptr,addrspacecast,pointer,0
12600,356,52,64,ptr,addrspacecast,pointer,0
12601,356,53,64,ptr,addrspacecast,pointer,0
12602,356,54,64,ptr,addrspacecast,pointer,0
12603,356,55,64,ptr,addrspacecast,pointer,0
12604,356,56,64,ptr,addrspacecast,pointer,0
12605,356,57,64,ptr,addrspacecast,pointer,0
12606,356,58,64,ptr,addrspacecast,pointer,0
12607,356,59,64,ptr,addrspacecast,pointer,0
12608,356,60,64,ptr,addrspacecast,pointer,0
12609,356,61,64,ptr,addrspacecast,pointer,0
12610,356,62,64,ptr,addrspacecast,pointer,0
12611,356,63,64,ptr,addrspacecast,pointer,0
12612,358,0,64,ptr,addrspacecast,pointer,0
12613,358,1,64,ptr,addrspacecast,pointer,0
12614,358,2,64,ptr,addrspacecast,pointer,0
12615,358,3,64,ptr,addrspacecast,pointer,0
12616,358,4,64,ptr,addrspacecast,pointer,0
12617,358,5,64,ptr,addrspacecast,pointer,0
12618,358,6,64,ptr,addrspacecast,pointer,0
12619,358,7,64,ptr,addrspacecast,pointer,0
12620,358,8,64,ptr,addrspacecast,pointer,0
12621,358,9,64,ptr,addrspacecast,pointer,0
12622,358,10,64,ptr,addrspacecast,pointer,0
12623,358,11,64,ptr,addrspacecast,pointer,0
12624,358,12,64,ptr,addrspacecast,pointer,0
12625,358,13,64,ptr,addrspacecast,pointer,0
12626,358,14,64,ptr,addrspacecast,pointer,0
12627,358,15,64,ptr,addrspacecast,pointer,0
12628,358,16,64,ptr,addrspacecast,pointer,0
12629,358,17,64,ptr,addrspacecast,pointer,0
12630,358,18,64,ptr,addrspacecast,pointer,0
12631,358,19,64,ptr,addrspacecast,pointer,0
12632,358,20,64,ptr,addrspacecast,pointer,0
12633,358,21,64,ptr,addrspacecast,pointer,0
12634,358,22,64,ptr,addrspacecast,pointer,0
12635,358,23,64,ptr,addrspacecast,pointer,0
12636,358,24,64,ptr,addrspacecast,pointer,0
12637,358,25,64,ptr,addrspacecast,pointer,0
12638,358,26,64,ptr,addrspacecast,pointer,0
12639,358,27,64,ptr,addrspacecast,pointer,0
12640,358,28,64,ptr,addrspacecast,pointer,0
12641,358,29,64,ptr,addrspacecast,pointer,0
12642,358,30,64,ptr,addrspacecast,pointer,0
12643,358,31,64,ptr,addrspacecast,pointer,0
12644,358,32,64,ptr,addrspacecast,pointer,0
12645,358,33,64,ptr,addrspacecast,pointer,0
12646,358,34,64,ptr,addrspacecast,pointer,0
12647,358,35,64,ptr,addrspacecast,pointer,0
12648,358,36,64,ptr,addrspacecast,pointer,0
12649,358,37,64,ptr,addrspacecast,pointer,0
12650,358,38,64,ptr,addrspacecast,pointer,0
12651,358,39,64,ptr,addrspacecast,pointer,0
12652,358,40,64,ptr,addrspacecast,pointer,0
12653,358,41,64,ptr,addrspacecast,pointer,0
12654,358,42,64,ptr,addrspacecast,pointer,0
12655,358,43,64,ptr,addrspacecast,pointer,0
12656,358,44,64,ptr,addrspacecast,pointer,0
12657,358,45,64,ptr,addrspacecast,pointer,0
12658,358,46,64,ptr,addrspacecast,pointer,0
12659,358,47,64,ptr,addrspacecast,pointer,0
12660,358,48,64,ptr,addrspacecast,pointer,0
12661,358,49,64,ptr,addrspacecast,pointer,0
12662,358,50,64,ptr,addrspacecast,pointer,0
12663,358,51,64,ptr,addrspacecast,pointer,0
12664,358,52,64,ptr,addrspacecast,pointer,0
12665,358,53,64,ptr,addrspacecast,pointer,0
12666,358,54,64,ptr,addrspacecast,pointer,0
12667,358,55,64,ptr,addrspacecast,pointer,0
12668,358,56,64,ptr,addrspacecast,pointer,0
12669,358,57,64,ptr,addrspacecast,pointer,0
12670,358,58,64,ptr,addrspacecast,pointer,0
12671,358,59,64,ptr,addrspacecast,pointer,0
12672,358,60,64,ptr,addrspacecast,pointer,0
12673,358,61,64,ptr,addrspacecast,pointer,0
12674,358,62,64,ptr,addrspacecast,pointer,0
12675,358,63,64,ptr,addrspacecast,pointer,0
12676,360,0,64,ptr,addrspacecast,pointer,0
12677,360,1,64,ptr,addrspacecast,pointer,0
12678,360,2,64,ptr,addrspacecast,pointer,0
12679,360,3,64,ptr,addrspacecast,pointer,0
12680,360,4,64,ptr,addrspacecast,pointer,0
12681,360,5,64,ptr,addrspacecast,pointer,0
12682,360,6,64,ptr,addrspacecast,pointer,0
12683,360,7,64,ptr,addrspacecast,pointer,0
12684,360,8,64,ptr,addrspacecast,pointer,0
12685,360,9,64,ptr,addrspacecast,pointer,0
12686,360,10,64,ptr,addrspacecast,pointer,0
12687,360,11,64,ptr,addrspacecast,pointer,0
12688,360,12,64,ptr,addrspacecast,pointer,0
12689,360,13,64,ptr,addrspacecast,pointer,0
12690,360,14,64,ptr,addrspacecast,pointer,0
12691,360,15,64,ptr,addrspacecast,pointer,0
12692,360,16,64,ptr,addrspacecast,pointer,0
12693,360,17,64,ptr,addrspacecast,pointer,0
12694,360,18,64,ptr,addrspacecast,pointer,0
12695,360,19,64,ptr,addrspacecast,pointer,0
12696,360,20,64,ptr,addrspacecast,pointer,0
12697,360,21,64,ptr,addrspacecast,pointer,0
12698,360,22,64,ptr,addrspacecast,pointer,0
12699,360,23,64,ptr,addrspacecast,pointer,0
12700,360,24,64,ptr,addrspacecast,pointer,0
12701,360,25,64,ptr,addrspacecast,pointer,0
12702,360,26,64,ptr,addrspacecast,pointer,0
12703,360,27,64,ptr,addrspacecast,pointer,0
12704,360,28,64,ptr,addrspacecast,pointer,0
12705,360,29,64,ptr,addrspacecast,pointer,0
12706,360,30,64,ptr,addrspacecast,pointer,0
12707,360,31,64,ptr,addrspacecast,pointer,0
12708,360,32,64,ptr,addrspacecast,pointer,0
12709,360,33,64,ptr,addrspacecast,pointer,0
12710,360,34,64,ptr,addrspacecast,pointer,0
12711,360,35,64,ptr,addrspacecast,pointer,0
12712,360,36,64,ptr,addrspacecast,pointer,0
12713,360,37,64,ptr,addrspacecast,pointer,0
12714,360,38,64,ptr,addrspacecast,pointer,0
12715,360,39,64,ptr,addrspacecast,pointer,0
12716,360,40,64,ptr,addrspacecast,pointer,0
12717,360,41,64,ptr,addrspacecast,pointer,0
12718,360,42,64,ptr,addrspacecast,pointer,0
12719,360,43,64,ptr,addrspacecast,pointer,0
12720,360,44,64,ptr,addrspacecast,pointer,0
12721,360,45,64,ptr,addrspacecast,pointer,0
12722,360,46,64,ptr,addrspacecast,pointer,0
12723,360,47,64,ptr,addrspacecast,pointer,0
12724,360,48,64,ptr,addrspacecast,pointer,0
12725,360,49,64,ptr,addrspacecast,pointer,0
12726,360,50,64,ptr,addrspacecast,pointer,0
12727,360,51,64,ptr,addrspacecast,pointer,0
12728,360,52,64,ptr,addrspacecast,pointer,0
12729,360,53,64,ptr,addrspacecast,pointer,0
12730,360,54,64,ptr,addrspacecast,pointer,0
12731,360,55,64,ptr,addrspacecast,pointer,0
12732,360,56,64,ptr,addrspacecast,pointer,0
12733,360,57,64,ptr,addrspacecast,pointer,0
12734,360,58,64,ptr,addrspacecast,pointer,0
12735,360,59,64,ptr,addrspacecast,pointer,0
12736,360,60,64,ptr,addrspacecast,pointer,0
12737,360,61,64,ptr,addrspacecast,pointer,0
12738,360,62,64,ptr,addrspacecast,pointer,0
12739,360,63,64,ptr,addrspacecast,pointer,0
12740,362,0,64,ptr,addrspacecast,pointer,0
12741,362,1,64,ptr,addrspacecast,pointer,0
12742,362,2,64,ptr,addrspacecast,pointer,0
12743,362,3,64,ptr,addrspacecast,pointer,0
12744,362,4,64,ptr,addrspacecast,pointer,0
12745,362,5,64,ptr,addrspacecast,pointer,0
12746,362,6,64,ptr,addrspacecast,pointer,0
12747,362,7,64,ptr,addrspacecast,pointer,0
12748,362,8,64,ptr,addrspacecast,pointer,0
12749,362,9,64,ptr,addrspacecast,pointer,0
12750,362,10,64,ptr,addrspacecast,pointer,0
12751,362,11,64,ptr,addrspacecast,pointer,0
12752,362,12,64,ptr,addrspacecast,pointer,0
12753,362,13,64,ptr,addrspacecast,pointer,0
12754,362,14,64,ptr,addrspacecast,pointer,0
12755,362,15,64,ptr,addrspacecast,pointer,0
12756,362,16,64,ptr,addrspacecast,pointer,0
12757,362,17,64,ptr,addrspacecast,pointer,0
12758,362,18,64,ptr,addrspacecast,pointer,0
12759,362,19,64,ptr,addrspacecast,pointer,0
12760,362,20,64,ptr,addrspacecast,pointer,0
12761,362,21,64,ptr,addrspacecast,pointer,0
12762,362,22,64,ptr,addrspacecast,pointer,0
12763,362,23,64,ptr,addrspacecast,pointer,0
12764,362,24,64,ptr,addrspacecast,pointer,0
12765,362,25,64,ptr,addrspacecast,pointer,0
12766,362,26,64,ptr,addrspacecast,pointer,0
12767,362,27,64,ptr,addrspacecast,pointer,0
12768,362,28,64,ptr,addrspacecast,pointer,0
12769,362,29,64,ptr,addrspacecast,pointer,0
12770,362,30,64,ptr,addrspacecast,pointer,0
12771,362,31,64,ptr,addrspacecast,pointer,0
12772,362,32,64,ptr,addrspacecast,pointer,0
12773,362,33,64,ptr,addrspacecast,pointer,0
12774,362,34,64,ptr,addrspacecast,pointer,0
12775,362,35,64,ptr,addrspacecast,pointer,0
12776,362,36,64,ptr,addrspacecast,pointer,0
12777,362,37,64,ptr,addrspacecast,pointer,0
12778,362,38,64,ptr,addrspacecast,pointer,0
12779,362,39,64,ptr,addrspacecast,pointer,0
12780,362,40,64,ptr,addrspacecast,pointer,0
12781,362,41,64,ptr,addrspacecast,pointer,0
12782,362,42,64,ptr,addrspacecast,pointer,0
12783,362,43,64,ptr,addrspacecast,pointer,0
12784,362,44,64,ptr,addrspacecast,pointer,0
12785,362,45,64,ptr,addrspacecast,pointer,0
12786,362,46,64,ptr,addrspacecast,pointer,0
12787,362,47,64,ptr,addrspacecast,pointer,0
12788,362,48,64,ptr,addrspacecast,pointer,0
12789,362,49,64,ptr,addrspacecast,pointer,0
12790,362,50,64,ptr,addrspacecast,pointer,0
12791,362,51,64,ptr,addrspacecast,pointer,0
12792,362,52,64,ptr,addrspacecast,pointer,0
12793,362,53,64,ptr,addrspacecast,pointer,0
12794,362,54,64,ptr,addrspacecast,pointer,0
12795,362,55,64,ptr,addrspacecast,pointer,0
12796,362,56,64,ptr,addrspacecast,pointer,0
12797,362,57,64,ptr,addrspacecast,pointer,0
12798,362,58,64,ptr,addrspacecast,pointer,0
12799,362,59,64,ptr,addrspacecast,pointer,0
12800,362,60,64,ptr,addrspacecast,pointer,0
12801,362,61,64,ptr,addrspacecast,pointer,0
12802,362,62,64,ptr,addrspacecast,pointer,0
12803,362,63,64,ptr,addrspacecast,pointer,0
12804,364,0,64,ptr,addrspacecast,pointer,0
12805,364,1,64,ptr,addrspacecast,pointer,0
12806,364,2,64,ptr,addrspacecast,pointer,0
12807,364,3,64,ptr,addrspacecast,pointer,0
12808,364,4,64,ptr,addrspacecast,pointer,0
12809,364,5,64,ptr,addrspacecast,pointer,0
12810,364,6,64,ptr,addrspacecast,pointer,0
12811,364,7,64,ptr,addrspacecast,pointer,0
12812,364,8,64,ptr,addrspacecast,pointer,0
12813,364,9,64,ptr,addrspacecast,pointer,0
12814,364,10,64,ptr,addrspacecast,pointer,0
12815,364,11,64,ptr,addrspacecast,pointer,0
12816,364,12,64,ptr,addrspacecast,pointer,0
12817,364,13,64,ptr,addrspacecast,pointer,0
12818,364,14,64,ptr,addrspacecast,pointer,0
12819,364,15,64,ptr,addrspacecast,pointer,0
12820,364,16,64,ptr,addrspacecast,pointer,0
12821,364,17,64,ptr,addrspacecast,pointer,0
12822,364,18,64,ptr,addrspacecast,pointer,0
12823,364,19,64,ptr,addrspacecast,pointer,0
12824,364,20,64,ptr,addrspacecast,pointer,0
12825,364,21,64,ptr,addrspacecast,pointer,0
12826,364,22,64,ptr,addrspacecast,pointer,0
12827,364,23,64,ptr,addrspacecast,pointer,0
12828,364,24,64,ptr,addrspacecast,pointer,0
12829,364,25,64,ptr,addrspacecast,pointer,0
12830,364,26,64,ptr,addrspacecast,pointer,0
12831,364,27,64,ptr,addrspacecast,pointer,0
12832,364,28,64,ptr,addrspacecast,pointer,0
12833,364,29,64,ptr,addrspacecast,pointer,0
12834,364,30,64,ptr,addrspacecast,pointer,0
12835,364,31,64,ptr,addrspacecast,pointer,0
12836,364,32,64,ptr,addrspacecast,pointer,0
12837,364,33,64,ptr,addrspacecast,pointer,0
12838,364,34,64,ptr,addrspacecast,pointer,0
12839,364,35,64,ptr,addrspacecast,pointer,0
12840,364,36,64,ptr,addrspacecast,pointer,0
12841,364,37,64,ptr,addrspacecast,pointer,0
12842,364,38,64,ptr,addrspacecast,pointer,0
12843,364,39,64,ptr,addrspacecast,pointer,0
12844,364,40,64,ptr,addrspacecast,pointer,0
12845,364,41,64,ptr,addrspacecast,pointer,0
12846,364,42,64,ptr,addrspacecast,pointer,0
12847,364,43,64,ptr,addrspacecast,pointer,0
12848,364,44,64,ptr,addrspacecast,pointer,0
12849,364,45,64,ptr,addrspacecast,pointer,0
12850,364,46,64,ptr,addrspacecast,pointer,0
12851,364,47,64,ptr,addrspacecast,pointer,0
12852,364,48,64,ptr,addrspacecast,pointer,0
12853,364,49,64,ptr,addrspacecast,pointer,0
12854,364,50,64,ptr,addrspacecast,pointer,0
12855,364,51,64,ptr,addrspacecast,pointer,0
12856,364,52,64,ptr,addrspacecast,pointer,0
12857,364,53,64,ptr,addrspacecast,pointer,0
12858,364,54,64,ptr,addrspacecast,pointer,0
12859,364,55,64,ptr,addrspacecast,pointer,0
12860,364,56,64,ptr,addrspacecast,pointer,0
12861,364,57,64,ptr,addrspacecast,pointer,0
12862,364,58,64,ptr,addrspacecast,pointer,0
12863,364,59,64,ptr,addrspacecast,pointer,0
12864,364,60,64,ptr,addrspacecast,pointer,0
12865,364,61,64,ptr,addrspacecast,pointer,0
12866,364,62,64,ptr,addrspacecast,pointer,0
12867,364,63,64,ptr,addrspacecast,pointer,0
12868,366,0,64,ptr,addrspacecast,pointer,0
12869,366,1,64,ptr,addrspacecast,pointer,0
12870,366,2,64,ptr,addrspacecast,pointer,0
12871,366,3,64,ptr,addrspacecast,pointer,0
12872,366,4,64,ptr,addrspacecast,pointer,0
12873,366,5,64,ptr,addrspacecast,pointer,0
12874,366,6,64,ptr,addrspacecast,pointer,0
12875,366,7,64,ptr,addrspacecast,pointer,0
12876,366,8,64,ptr,addrspacecast,pointer,0
12877,366,9,64,ptr,addrspacecast,pointer,0
12878,366,10,64,ptr,addrspacecast,pointer,0
12879,366,11,64,ptr,addrspacecast,pointer,0
12880,366,12,64,ptr,addrspacecast,pointer,0
12881,366,13,64,ptr,addrspacecast,pointer,0
12882,366,14,64,ptr,addrspacecast,pointer,0
12883,366,15,64,ptr,addrspacecast,pointer,0
12884,366,16,64,ptr,addrspacecast,pointer,0
12885,366,17,64,ptr,addrspacecast,pointer,0
12886,366,18,64,ptr,addrspacecast,pointer,0
12887,366,19,64,ptr,addrspacecast,pointer,0
12888,366,20,64,ptr,addrspacecast,pointer,0
12889,366,21,64,ptr,addrspacecast,pointer,0
12890,366,22,64,ptr,addrspacecast,pointer,0
12891,366,23,64,ptr,addrspacecast,pointer,0
12892,366,24,64,ptr,addrspacecast,pointer,0
12893,366,25,64,ptr,addrspacecast,pointer,0
12894,366,26,64,ptr,addrspacecast,pointer,0
12895,366,27,64,ptr,addrspacecast,pointer,0
12896,366,28,64,ptr,addrspacecast,pointer,0
12897,366,29,64,ptr,addrspacecast,pointer,0
12898,366,30,64,ptr,addrspacecast,pointer,0
12899,366,31,64,ptr,addrspacecast,pointer,0
12900,366,32,64,ptr,addrspacecast,pointer,0
12901,366,33,64,ptr,addrspacecast,pointer,0
12902,366,34,64,ptr,addrspacecast,pointer,0
12903,366,35,64,ptr,addrspacecast,pointer,0
12904,366,36,64,ptr,addrspacecast,pointer,0
12905,366,37,64,ptr,addrspacecast,pointer,0
12906,366,38,64,ptr,addrspacecast,pointer,0
12907,366,39,64,ptr,addrspacecast,pointer,0
12908,366,40,64,ptr,addrspacecast,pointer,0
12909,366,41,64,ptr,addrspacecast,pointer,0
12910,366,42,64,ptr,addrspacecast,pointer,0
12911,366,43,64,ptr,addrspacecast,pointer,0
12912,366,44,64,ptr,addrspacecast,pointer,0
12913,366,45,64,ptr,addrspacecast,pointer,0
12914,366,46,64,ptr,addrspacecast,pointer,0
12915,366,47,64,ptr,addrspacecast,pointer,0
12916,366,48,64,ptr,addrspacecast,pointer,0
12917,366,49,64,ptr,addrspacecast,pointer,0
12918,366,50,64,ptr,addrspacecast,pointer,0
12919,366,51,64,ptr,addrspacecast,pointer,0
12920,366,52,64,ptr,addrspacecast,pointer,0
12921,366,53,64,ptr,addrspacecast,pointer,0
12922,366,54,64,ptr,addrspacecast,pointer,0
12923,366,55,64,ptr,addrspacecast,pointer,0
12924,366,56,64,ptr,addrspacecast,pointer,0
12925,366,57,64,ptr,addrspacecast,pointer,0
12926,366,58,64,ptr,addrspacecast,pointer,0
12927,366,59,64,ptr,addrspacecast,pointer,0
12928,366,60,64,ptr,addrspacecast,pointer,0
12929,366,61,64,ptr,addrspacecast,pointer,0
12930,366,62,64,ptr,addrspacecast,pointer,0
12931,366,63,64,ptr,addrspacecast,pointer,0
12932,368,0,64,ptr,addrspacecast,pointer,0
12933,368,1,64,ptr,addrspacecast,pointer,0
12934,368,2,64,ptr,addrspacecast,pointer,0
12935,368,3,64,ptr,addrspacecast,pointer,0
12936,368,4,64,ptr,addrspacecast,pointer,0
12937,368,5,64,ptr,addrspacecast,pointer,0
12938,368,6,64,ptr,addrspacecast,pointer,0
12939,368,7,64,ptr,addrspacecast,pointer,0
12940,368,8,64,ptr,addrspacecast,pointer,0
12941,368,9,64,ptr,addrspacecast,pointer,0
12942,368,10,64,ptr,addrspacecast,pointer,0
12943,368,11,64,ptr,addrspacecast,pointer,0
12944,368,12,64,ptr,addrspacecast,pointer,0
12945,368,13,64,ptr,addrspacecast,pointer,0
12946,368,14,64,ptr,addrspacecast,pointer,0
12947,368,15,64,ptr,addrspacecast,pointer,0
12948,368,16,64,ptr,addrspacecast,pointer,0
12949,368,17,64,ptr,addrspacecast,pointer,0
12950,368,18,64,ptr,addrspacecast,pointer,0
12951,368,19,64,ptr,addrspacecast,pointer,0
12952,368,20,64,ptr,addrspacecast,pointer,0
12953,368,21,64,ptr,addrspacecast,pointer,0
12954,368,22,64,ptr,addrspacecast,pointer,0
12955,368,23,64,ptr,addrspacecast,pointer,0
12956,368,24,64,ptr,addrspacecast,pointer,0
12957,368,25,64,ptr,addrspacecast,pointer,0
12958,368,26,64,ptr,addrspacecast,pointer,0
12959,368,27,64,ptr,addrspacecast,pointer,0
12960,368,28,64,ptr,addrspacecast,pointer,0
12961,368,29,64,ptr,addrspacecast,pointer,0
12962,368,30,64,ptr,addrspacecast,pointer,0
12963,368,31,64,ptr,addrspacecast,pointer,0
12964,368,32,64,ptr,addrspacecast,pointer,0
12965,368,33,64,ptr,addrspacecast,pointer,0
12966,368,34,64,ptr,addrspacecast,pointer,0
12967,368,35,64,ptr,addrspacecast,pointer,0
12968,368,36,64,ptr,addrspacecast,pointer,0
12969,368,37,64,ptr,addrspacecast,pointer,0
12970,368,38,64,ptr,addrspacecast,pointer,0
12971,368,39,64,ptr,addrspacecast,pointer,0
12972,368,40,64,ptr,addrspacecast,pointer,0
12973,368,41,64,ptr,addrspacecast,pointer,0
12974,368,42,64,ptr,addrspacecast,pointer,0
12975,368,43,64,ptr,addrspacecast,pointer,0
12976,368,44,64,ptr,addrspacecast,pointer,0
12977,368,45,64,ptr,addrspacecast,pointer,0
12978,368,46,64,ptr,addrspacecast,pointer,0
12979,368,47,64,ptr,addrspacecast,pointer,0
12980,368,48,64,ptr,addrspacecast,pointer,0
12981,368,49,64,ptr,addrspacecast,pointer,0
12982,368,50,64,ptr,addrspacecast,pointer,0
12983,368,51,64,ptr,addrspacecast,pointer,0
12984,368,52,64,ptr,addrspacecast,pointer,0
12985,368,53,64,ptr,addrspacecast,pointer,0
12986,368,54,64,ptr,addrspacecast,pointer,0
12987,368,55,64,ptr,addrspacecast,pointer,0
12988,368,56,64,ptr,addrspacecast,pointer,0
12989,368,57,64,ptr,addrspacecast,pointer,0
12990,368,58,64,ptr,addrspacecast,pointer,0
12991,368,59,64,ptr,addrspacecast,pointer,0
12992,368,60,64,ptr,addrspacecast,pointer,0
12993,368,61,64,ptr,addrspacecast,pointer,0
12994,368,62,64,ptr,addrspacecast,pointer,0
12995,368,63,64,ptr,addrspacecast,pointer,0
12996,370,0,64,ptr,addrspacecast,pointer,0
12997,370,1,64,ptr,addrspacecast,pointer,0
12998,370,2,64,ptr,addrspacecast,pointer,0
12999,370,3,64,ptr,addrspacecast,pointer,0
13000,370,4,64,ptr,addrspacecast,pointer,0
13001,370,5,64,ptr,addrspacecast,pointer,0
13002,370,6,64,ptr,addrspacecast,pointer,0
13003,370,7,64,ptr,addrspacecast,pointer,0
13004,370,8,64,ptr,addrspacecast,pointer,0
13005,370,9,64,ptr,addrspacecast,pointer,0
13006,370,10,64,ptr,addrspacecast,pointer,0
13007,370,11,64,ptr,addrspacecast,pointer,0
13008,370,12,64,ptr,addrspacecast,pointer,0
13009,370,13,64,ptr,addrspacecast,pointer,0
13010,370,14,64,ptr,addrspacecast,pointer,0
13011,370,15,64,ptr,addrspacecast,pointer,0
13012,370,16,64,ptr,addrspacecast,pointer,0
13013,370,17,64,ptr,addrspacecast,pointer,0
13014,370,18,64,ptr,addrspacecast,pointer,0
13015,370,19,64,ptr,addrspacecast,pointer,0
13016,370,20,64,ptr,addrspacecast,pointer,0
13017,370,21,64,ptr,addrspacecast,pointer,0
13018,370,22,64,ptr,addrspacecast,pointer,0
13019,370,23,64,ptr,addrspacecast,pointer,0
13020,370,24,64,ptr,addrspacecast,pointer,0
13021,370,25,64,ptr,addrspacecast,pointer,0
13022,370,26,64,ptr,addrspacecast,pointer,0
13023,370,27,64,ptr,addrspacecast,pointer,0
13024,370,28,64,ptr,addrspacecast,pointer,0
13025,370,29,64,ptr,addrspacecast,pointer,0
13026,370,30,64,ptr,addrspacecast,pointer,0
13027,370,31,64,ptr,addrspacecast,pointer,0
13028,370,32,64,ptr,addrspacecast,pointer,0
13029,370,33,64,ptr,addrspacecast,pointer,0
13030,370,34,64,ptr,addrspacecast,pointer,0
13031,370,35,64,ptr,addrspacecast,pointer,0
13032,370,36,64,ptr,addrspacecast,pointer,0
13033,370,37,64,ptr,addrspacecast,pointer,0
13034,370,38,64,ptr,addrspacecast,pointer,0
13035,370,39,64,ptr,addrspacecast,pointer,0
13036,370,40,64,ptr,addrspacecast,pointer,0
13037,370,41,64,ptr,addrspacecast,pointer,0
13038,370,42,64,ptr,addrspacecast,pointer,0
13039,370,43,64,ptr,addrspacecast,pointer,0
13040,370,44,64,ptr,addrspacecast,pointer,0
13041,370,45,64,ptr,addrspacecast,pointer,0
13042,370,46,64,ptr,addrspacecast,pointer,0
13043,370,47,64,ptr,addrspacecast,pointer,0
13044,370,48,64,ptr,addrspacecast,pointer,0
13045,370,49,64,ptr,addrspacecast,pointer,0
13046,370,50,64,ptr,addrspacecast,pointer,0
13047,370,51,64,ptr,addrspacecast,pointer,0
13048,370,52,64,ptr,addrspacecast,pointer,0
13049,370,53,64,ptr,addrspacecast,pointer,0
13050,370,54,64,ptr,addrspacecast,pointer,0
13051,370,55,64,ptr,addrspacecast,pointer,0
13052,370,56,64,ptr,addrspacecast,pointer,0
13053,370,57,64,ptr,addrspacecast,pointer,0
13054,370,58,64,ptr,addrspacecast,pointer,0
13055,370,59,64,ptr,addrspacecast,pointer,0
13056,370,60,64,ptr,addrspacecast,pointer,0
13057,370,61,64,ptr,addrspacecast,pointer,0
13058,370,62,64,ptr,addrspacecast,pointer,0
13059,370,63,64,ptr,addrspacecast,pointer,0
13060,372,0,64,ptr,addrspacecast,pointer,0
13061,372,1,64,ptr,addrspacecast,pointer,0
13062,372,2,64,ptr,addrspacecast,pointer,0
13063,372,3,64,ptr,addrspacecast,pointer,0
13064,372,4,64,ptr,addrspacecast,pointer,0
13065,372,5,64,ptr,addrspacecast,pointer,0
13066,372,6,64,ptr,addrspacecast,pointer,0
13067,372,7,64,ptr,addrspacecast,pointer,0
13068,372,8,64,ptr,addrspacecast,pointer,0
13069,372,9,64,ptr,addrspacecast,pointer,0
13070,372,10,64,ptr,addrspacecast,pointer,0
13071,372,11,64,ptr,addrspacecast,pointer,0
13072,372,12,64,ptr,addrspacecast,pointer,0
13073,372,13,64,ptr,addrspacecast,pointer,0
13074,372,14,64,ptr,addrspacecast,pointer,0
13075,372,15,64,ptr,addrspacecast,pointer,0
13076,372,16,64,ptr,addrspacecast,pointer,0
13077,372,17,64,ptr,addrspacecast,pointer,0
13078,372,18,64,ptr,addrspacecast,pointer,0
13079,372,19,64,ptr,addrspacecast,pointer,0
13080,372,20,64,ptr,addrspacecast,pointer,0
13081,372,21,64,ptr,addrspacecast,pointer,0
13082,372,22,64,ptr,addrspacecast,pointer,0
13083,372,23,64,ptr,addrspacecast,pointer,0
13084,372,24,64,ptr,addrspacecast,pointer,0
13085,372,25,64,ptr,addrspacecast,pointer,0
13086,372,26,64,ptr,addrspacecast,pointer,0
13087,372,27,64,ptr,addrspacecast,pointer,0
13088,372,28,64,ptr,addrspacecast,pointer,0
13089,372,29,64,ptr,addrspacecast,pointer,0
13090,372,30,64,ptr,addrspacecast,pointer,0
13091,372,31,64,ptr,addrspacecast,pointer,0
13092,372,32,64,ptr,addrspacecast,pointer,0
13093,372,33,64,ptr,addrspacecast,pointer,0
13094,372,34,64,ptr,addrspacecast,pointer,0
13095,372,35,64,ptr,addrspacecast,pointer,0
13096,372,36,64,ptr,addrspacecast,pointer,0
13097,372,37,64,ptr,addrspacecast,pointer,0
13098,372,38,64,ptr,addrspacecast,pointer,0
13099,372,39,64,ptr,addrspacecast,pointer,0
13100,372,40,64,ptr,addrspacecast,pointer,0
13101,372,41,64,ptr,addrspacecast,pointer,0
13102,372,42,64,ptr,addrspacecast,pointer,0
13103,372,43,64,ptr,addrspacecast,pointer,0
13104,372,44,64,ptr,addrspacecast,pointer,0
13105,372,45,64,ptr,addrspacecast,pointer,0
13106,372,46,64,ptr,addrspacecast,pointer,0
13107,372,47,64,ptr,addrspacecast,pointer,0
13108,372,48,64,ptr,addrspacecast,pointer,0
13109,372,49,64,ptr,addrspacecast,pointer,0
13110,372,50,64,ptr,addrspacecast,pointer,0
13111,372,51,64,ptr,addrspacecast,pointer,0
13112,372,52,64,ptr,addrspacecast,pointer,0
13113,372,53,64,ptr,addrspacecast,pointer,0
13114,372,54,64,ptr,addrspacecast,pointer,0
13115,372,55,64,ptr,addrspacecast,pointer,0
13116,372,56,64,ptr,addrspacecast,pointer,0
13117,372,57,64,ptr,addrspacecast,pointer,0
13118,372,58,64,ptr,addrspacecast,pointer,0
13119,372,59,64,ptr,addrspacecast,pointer,0
13120,372,60,64,ptr,addrspacecast,pointer,0
13121,372,61,64,ptr,addrspacecast,pointer,0
13122,372,62,64,ptr,addrspacecast,pointer,0
13123,372,63,64,ptr,addrspacecast,pointer,0
13124,374,0,64,ptr,addrspacecast,pointer,0
13125,374,1,64,ptr,addrspacecast,pointer,0
13126,374,2,64,ptr,addrspacecast,pointer,0
13127,374,3,64,ptr,addrspacecast,pointer,0
13128,374,4,64,ptr,addrspacecast,pointer,0
13129,374,5,64,ptr,addrspacecast,pointer,0
13130,374,6,64,ptr,addrspacecast,pointer,0
13131,374,7,64,ptr,addrspacecast,pointer,0
13132,374,8,64,ptr,addrspacecast,pointer,0
13133,374,9,64,ptr,addrspacecast,pointer,0
13134,374,10,64,ptr,addrspacecast,pointer,0
13135,374,11,64,ptr,addrspacecast,pointer,0
13136,374,12,64,ptr,addrspacecast,pointer,0
13137,374,13,64,ptr,addrspacecast,pointer,0
13138,374,14,64,ptr,addrspacecast,pointer,0
13139,374,15,64,ptr,addrspacecast,pointer,0
13140,374,16,64,ptr,addrspacecast,pointer,0
13141,374,17,64,ptr,addrspacecast,pointer,0
13142,374,18,64,ptr,addrspacecast,pointer,0
13143,374,19,64,ptr,addrspacecast,pointer,0
13144,374,20,64,ptr,addrspacecast,pointer,0
13145,374,21,64,ptr,addrspacecast,pointer,0
13146,374,22,64,ptr,addrspacecast,pointer,0
13147,374,23,64,ptr,addrspacecast,pointer,0
13148,374,24,64,ptr,addrspacecast,pointer,0
13149,374,25,64,ptr,addrspacecast,pointer,0
13150,374,26,64,ptr,addrspacecast,pointer,0
13151,374,27,64,ptr,addrspacecast,pointer,0
13152,374,28,64,ptr,addrspacecast,pointer,0
13153,374,29,64,ptr,addrspacecast,pointer,0
13154,374,30,64,ptr,addrspacecast,pointer,0
13155,374,31,64,ptr,addrspacecast,pointer,0
13156,374,32,64,ptr,addrspacecast,pointer,0
13157,374,33,64,ptr,addrspacecast,pointer,0
13158,374,34,64,ptr,addrspacecast,pointer,0
13159,374,35,64,ptr,addrspacecast,pointer,0
13160,374,36,64,ptr,addrspacecast,pointer,0
13161,374,37,64,ptr,addrspacecast,pointer,0
13162,374,38,64,ptr,addrspacecast,pointer,0
13163,374,39,64,ptr,addrspacecast,pointer,0
13164,374,40,64,ptr,addrspacecast,pointer,0
13165,374,41,64,ptr,addrspacecast,pointer,0
13166,374,42,64,ptr,addrspacecast,pointer,0
13167,374,43,64,ptr,addrspacecast,pointer,0
13168,374,44,64,ptr,addrspacecast,pointer,0
13169,374,45,64,ptr,addrspacecast,pointer,0
13170,374,46,64,ptr,addrspacecast,pointer,0
13171,374,47,64,ptr,addrspacecast,pointer,0
13172,374,48,64,ptr,addrspacecast,pointer,0
13173,374,49,64,ptr,addrspacecast,pointer,0
13174,374,50,64,ptr,addrspacecast,pointer,0
13175,374,51,64,ptr,addrspacecast,pointer,0
13176,374,52,64,ptr,addrspacecast,pointer,0
13177,374,53,64,ptr,addrspacecast,pointer,0
13178,374,54,64,ptr,addrspacecast,pointer,0
13179,374,55,64,ptr,addrspacecast,pointer,0
13180,374,56,64,ptr,addrspacecast,pointer,0
13181,374,57,64,ptr,addrspacecast,pointer,0
13182,374,58,64,ptr,addrspacecast,pointer,0
13183,374,59,64,ptr,addrspacecast,pointer,0
13184,374,60,64,ptr,addrspacecast,pointer,0
13185,374,61,64,ptr,addrspacecast,pointer,0
13186,374,62,64,ptr,addrspacecast,pointer,0
13187,374,63,64,ptr,addrspacecast,pointer,0
13188,376,0,64,ptr,addrspacecast,pointer,0
13189,376,1,64,ptr,addrspacecast,pointer,0
13190,376,2,64,ptr,addrspacecast,pointer,0
13191,376,3,64,ptr,addrspacecast,pointer,0
13192,376,4,64,ptr,addrspacecast,pointer,0
13193,376,5,64,ptr,addrspacecast,pointer,0
13194,376,6,64,ptr,addrspacecast,pointer,0
13195,376,7,64,ptr,addrspacecast,pointer,0
13196,376,8,64,ptr,addrspacecast,pointer,0
13197,376,9,64,ptr,addrspacecast,pointer,0
13198,376,10,64,ptr,addrspacecast,pointer,0
13199,376,11,64,ptr,addrspacecast,pointer,0
13200,376,12,64,ptr,addrspacecast,pointer,0
13201,376,13,64,ptr,addrspacecast,pointer,0
13202,376,14,64,ptr,addrspacecast,pointer,0
13203,376,15,64,ptr,addrspacecast,pointer,0
13204,376,16,64,ptr,addrspacecast,pointer,0
13205,376,17,64,ptr,addrspacecast,pointer,0
13206,376,18,64,ptr,addrspacecast,pointer,0
13207,376,19,64,ptr,addrspacecast,pointer,0
13208,376,20,64,ptr,addrspacecast,pointer,0
13209,376,21,64,ptr,addrspacecast,pointer,0
13210,376,22,64,ptr,addrspacecast,pointer,0
13211,376,23,64,ptr,addrspacecast,pointer,0
13212,376,24,64,ptr,addrspacecast,pointer,0
13213,376,25,64,ptr,addrspacecast,pointer,0
13214,376,26,64,ptr,addrspacecast,pointer,0
13215,376,27,64,ptr,addrspacecast,pointer,0
13216,376,28,64,ptr,addrspacecast,pointer,0
13217,376,29,64,ptr,addrspacecast,pointer,0
13218,376,30,64,ptr,addrspacecast,pointer,0
13219,376,31,64,ptr,addrspacecast,pointer,0
13220,376,32,64,ptr,addrspacecast,pointer,0
13221,376,33,64,ptr,addrspacecast,pointer,0
13222,376,34,64,ptr,addrspacecast,pointer,0
13223,376,35,64,ptr,addrspacecast,pointer,0
13224,376,36,64,ptr,addrspacecast,pointer,0
13225,376,37,64,ptr,addrspacecast,pointer,0
13226,376,38,64,ptr,addrspacecast,pointer,0
13227,376,39,64,ptr,addrspacecast,pointer,0
13228,376,40,64,ptr,addrspacecast,pointer,0
13229,376,41,64,ptr,addrspacecast,pointer,0
13230,376,42,64,ptr,addrspacecast,pointer,0
13231,376,43,64,ptr,addrspacecast,pointer,0
13232,376,44,64,ptr,addrspacecast,pointer,0
13233,376,45,64,ptr,addrspacecast,pointer,0
13234,376,46,64,ptr,addrspacecast,pointer,0
13235,376,47,64,ptr,addrspacecast,pointer,0
13236,376,48,64,ptr,addrspacecast,pointer,0
13237,376,49,64,ptr,addrspacecast,pointer,0
13238,376,50,64,ptr,addrspacecast,pointer,0
13239,376,51,64,ptr,addrspacecast,pointer,0
13240,376,52,64,ptr,addrspacecast,pointer,0
13241,376,53,64,ptr,addrspacecast,pointer,0
13242,376,54,64,ptr,addrspacecast,pointer,0
13243,376,55,64,ptr,addrspacecast,pointer,0
13244,376,56,64,ptr,addrspacecast,pointer,0
13245,376,57,64,ptr,addrspacecast,pointer,0
13246,376,58,64,ptr,addrspacecast,pointer,0
13247,376,59,64,ptr,addrspacecast,pointer,0
13248,376,60,64,ptr,addrspacecast,pointer,0
13249,376,61,64,ptr,addrspacecast,pointer,0
13250,376,62,64,ptr,addrspacecast,pointer,0
13251,376,63,64,ptr,addrspacecast,pointer,0
13252,379,0,64,ptr,addrspacecast,pointer,0
13253,379,1,64,ptr,addrspacecast,pointer,0
13254,379,2,64,ptr,addrspacecast,pointer,0
13255,379,3,64,ptr,addrspacecast,pointer,0
13256,379,4,64,ptr,addrspacecast,pointer,0
13257,379,5,64,ptr,addrspacecast,pointer,0
13258,379,6,64,ptr,addrspacecast,pointer,0
13259,379,7,64,ptr,addrspacecast,pointer,0
13260,379,8,64,ptr,addrspacecast,pointer,0
13261,379,9,64,ptr,addrspacecast,pointer,0
13262,379,10,64,ptr,addrspacecast,pointer,0
13263,379,11,64,ptr,addrspacecast,pointer,0
13264,379,12,64,ptr,addrspacecast,pointer,0
13265,379,13,64,ptr,addrspacecast,pointer,0
13266,379,14,64,ptr,addrspacecast,pointer,0
13267,379,15,64,ptr,addrspacecast,pointer,0
13268,379,16,64,ptr,addrspacecast,pointer,0
13269,379,17,64,ptr,addrspacecast,pointer,0
13270,379,18,64,ptr,addrspacecast,pointer,0
13271,379,19,64,ptr,addrspacecast,pointer,0
13272,379,20,64,ptr,addrspacecast,pointer,0
13273,379,21,64,ptr,addrspacecast,pointer,0
13274,379,22,64,ptr,addrspacecast,pointer,0
13275,379,23,64,ptr,addrspacecast,pointer,0
13276,379,24,64,ptr,addrspacecast,pointer,0
13277,379,25,64,ptr,addrspacecast,pointer,0
13278,379,26,64,ptr,addrspacecast,pointer,0
13279,379,27,64,ptr,addrspacecast,pointer,0
13280,379,28,64,ptr,addrspacecast,pointer,0
13281,379,29,64,ptr,addrspacecast,pointer,0
13282,379,30,64,ptr,addrspacecast,pointer,0
13283,379,31,64,ptr,addrspacecast,pointer,0
13284,379,32,64,ptr,addrspacecast,pointer,0
13285,379,33,64,ptr,addrspacecast,pointer,0
13286,379,34,64,ptr,addrspacecast,pointer,0
13287,379,35,64,ptr,addrspacecast,pointer,0
13288,379,36,64,ptr,addrspacecast,pointer,0
13289,379,37,64,ptr,addrspacecast,pointer,0
13290,379,38,64,ptr,addrspacecast,pointer,0
13291,379,39,64,ptr,addrspacecast,pointer,0
13292,379,40,64,ptr,addrspacecast,pointer,0
13293,379,41,64,ptr,addrspacecast,pointer,0
13294,379,42,64,ptr,addrspacecast,pointer,0
13295,379,43,64,ptr,addrspacecast,pointer,0
13296,379,44,64,ptr,addrspacecast,pointer,0
13297,379,45,64,ptr,addrspacecast,pointer,0
13298,379,46,64,ptr,addrspacecast,pointer,0
13299,379,47,64,ptr,addrspacecast,pointer,0
13300,379,48,64,ptr,addrspacecast,pointer,0
13301,379,49,64,ptr,addrspacecast,pointer,0
13302,379,50,64,ptr,addrspacecast,pointer,0
13303,379,51,64,ptr,addrspacecast,pointer,0
13304,379,52,64,ptr,addrspacecast,pointer,0
13305,379,53,64,ptr,addrspacecast,pointer,0
13306,379,54,64,ptr,addrspacecast,pointer,0
13307,379,55,64,ptr,addrspacecast,pointer,0
13308,379,56,64,ptr,addrspacecast,pointer,0
13309,379,57,64,ptr,addrspacecast,pointer,0
13310,379,58,64,ptr,addrspacecast,pointer,0
13311,379,59,64,ptr,addrspacecast,pointer,0
13312,379,60,64,ptr,addrspacecast,pointer,0
13313,379,61,64,ptr,addrspacecast,pointer,0
13314,379,62,64,ptr,addrspacecast,pointer,0
13315,379,63,64,ptr,addrspacecast,pointer,0
13316,382,0,64,ptr,addrspacecast,pointer,0
13317,382,1,64,ptr,addrspacecast,pointer,0
13318,382,2,64,ptr,addrspacecast,pointer,0
13319,382,3,64,ptr,addrspacecast,pointer,0
13320,382,4,64,ptr,addrspacecast,pointer,0
13321,382,5,64,ptr,addrspacecast,pointer,0
13322,382,6,64,ptr,addrspacecast,pointer,0
13323,382,7,64,ptr,addrspacecast,pointer,0
13324,382,8,64,ptr,addrspacecast,pointer,0
13325,382,9,64,ptr,addrspacecast,pointer,0
13326,382,10,64,ptr,addrspacecast,pointer,0
13327,382,11,64,ptr,addrspacecast,pointer,0
13328,382,12,64,ptr,addrspacecast,pointer,0
13329,382,13,64,ptr,addrspacecast,pointer,0
13330,382,14,64,ptr,addrspacecast,pointer,0
13331,382,15,64,ptr,addrspacecast,pointer,0
13332,382,16,64,ptr,addrspacecast,pointer,0
13333,382,17,64,ptr,addrspacecast,pointer,0
13334,382,18,64,ptr,addrspacecast,pointer,0
13335,382,19,64,ptr,addrspacecast,pointer,0
13336,382,20,64,ptr,addrspacecast,pointer,0
13337,382,21,64,ptr,addrspacecast,pointer,0
13338,382,22,64,ptr,addrspacecast,pointer,0
13339,382,23,64,ptr,addrspacecast,pointer,0
13340,382,24,64,ptr,addrspacecast,pointer,0
13341,382,25,64,ptr,addrspacecast,pointer,0
13342,382,26,64,ptr,addrspacecast,pointer,0
13343,382,27,64,ptr,addrspacecast,pointer,0
13344,382,28,64,ptr,addrspacecast,pointer,0
13345,382,29,64,ptr,addrspacecast,pointer,0
13346,382,30,64,ptr,addrspacecast,pointer,0
13347,382,31,64,ptr,addrspacecast,pointer,0
13348,382,32,64,ptr,addrspacecast,pointer,0
13349,382,33,64,ptr,addrspacecast,pointer,0
13350,382,34,64,ptr,addrspacecast,pointer,0
13351,382,35,64,ptr,addrspacecast,pointer,0
13352,382,36,64,ptr,addrspacecast,pointer,0
13353,382,37,64,ptr,addrspacecast,pointer,0
13354,382,38,64,ptr,addrspacecast,pointer,0
13355,382,39,64,ptr,addrspacecast,pointer,0
13356,382,40,64,ptr,addrspacecast,pointer,0
13357,382,41,64,ptr,addrspacecast,pointer,0
13358,382,42,64,ptr,addrspacecast,pointer,0
13359,382,43,64,ptr,addrspacecast,pointer,0
13360,382,44,64,ptr,addrspacecast,pointer,0
13361,382,45,64,ptr,addrspacecast,pointer,0
13362,382,46,64,ptr,addrspacecast,pointer,0
13363,382,47,64,ptr,addrspacecast,pointer,0
13364,382,48,64,ptr,addrspacecast,pointer,0
13365,382,49,64,ptr,addrspacecast,pointer,0
13366,382,50,64,ptr,addrspacecast,pointer,0
13367,382,51,64,ptr,addrspacecast,pointer,0
13368,382,52,64,ptr,addrspacecast,pointer,0
13369,382,53,64,ptr,addrspacecast,pointer,0
13370,382,54,64,ptr,addrspacecast,pointer,0
13371,382,55,64,ptr,addrspacecast,pointer,0
13372,382,56,64,ptr,addrspacecast,pointer,0
13373,382,57,64,ptr,addrspacecast,pointer,0
13374,382,58,64,ptr,addrspacecast,pointer,0
13375,382,59,64,ptr,addrspacecast,pointer,0
13376,382,60,64,ptr,addrspacecast,pointer,0
13377,382,61,64,ptr,addrspacecast,pointer,0
13378,382,62,64,ptr,addrspacecast,pointer,0
13379,382,63,64,ptr,addrspacecast,pointer,0
13380,384,0,64,ptr,load,pointer,0
13381,384,1,64,ptr,load,pointer,0
13382,384,2,64,ptr,load,pointer,0
13383,384,3,64,ptr,load,pointer,0
13384,384,4,64,ptr,load,pointer,0
13385,384,5,64,ptr,load,pointer,0
13386,384,6,64,ptr,load,pointer,0
13387,384,7,64,ptr,load,pointer,0
13388,384,8,64,ptr,load,pointer,0
13389,384,9,64,ptr,load,pointer,0
13390,384,10,64,ptr,load,pointer,0
13391,384,11,64,ptr,load,pointer,0
13392,384,12,64,ptr,load,pointer,0
13393,384,13,64,ptr,load,pointer,0
13394,384,14,64,ptr,load,pointer,0
13395,384,15,64,ptr,load,pointer,0
13396,384,16,64,ptr,load,pointer,0
13397,384,17,64,ptr,load,pointer,0
13398,384,18,64,ptr,load,pointer,0
13399,384,19,64,ptr,load,pointer,0
13400,384,20,64,ptr,load,pointer,0
13401,384,21,64,ptr,load,pointer,0
13402,384,22,64,ptr,load,pointer,0
13403,384,23,64,ptr,load,pointer,0
13404,384,24,64,ptr,load,pointer,0
13405,384,25,64,ptr,load,pointer,0
13406,384,26,64,ptr,load,pointer,0
13407,384,27,64,ptr,load,pointer,0
13408,384,28,64,ptr,load,pointer,0
13409,384,29,64,ptr,load,pointer,0
13410,384,30,64,ptr,load,pointer,0
13411,384,31,64,ptr,load,pointer,0
13412,384,32,64,ptr,load,pointer,0
13413,384,33,64,ptr,load,pointer,0
13414,384,34,64,ptr,load,pointer,0
13415,384,35,64,ptr,load,pointer,0
13416,384,36,64,ptr,load,pointer,0
13417,384,37,64,ptr,load,pointer,0
13418,384,38,64,ptr,load,pointer,0
13419,384,39,64,ptr,load,pointer,0
13420,384,40,64,ptr,load,pointer,0
13421,384,41,64,ptr,load,pointer,0
13422,384,42,64,ptr,load,pointer,0
13423,384,43,64,ptr,load,pointer,0
13424,384,44,64,ptr,load,pointer,0
13425,384,45,64,ptr,load,pointer,0
13426,384,46,64,ptr,load,pointer,0
13427,384,47,64,ptr,load,pointer,0
13428,384,48,64,ptr,load,pointer,0
13429,384,49,64,ptr,load,pointer,0
13430,384,50,64,ptr,load,pointer,0
13431,384,51,64,ptr,load,pointer,0
13432,384,52,64,ptr,load,pointer,0
13433,384,53,64,ptr,load,pointer,0
13434,384,54,64,ptr,load,pointer,0
13435,384,55,64,ptr,load,pointer,0
13436,384,56,64,ptr,load,pointer,0
13437,384,57,64,ptr,load,pointer,0
13438,384,58,64,ptr,load,pointer,0
13439,384,59,64,ptr,load,pointer,0
13440,384,60,64,ptr,load,pointer,0
13441,384,61,64,ptr,load,pointer,0
13442,384,62,64,ptr,load,pointer,0
13443,384,63,64,ptr,load,pointer,0
13444,391,0,64,ptr,addrspacecast,pointer,0
13445,391,1,64,ptr,addrspacecast,pointer,0
13446,391,2,64,ptr,addrspacecast,pointer,0
13447,391,3,64,ptr,addrspacecast,pointer,0
13448,391,4,64,ptr,addrspacecast,pointer,0
13449,391,5,64,ptr,addrspacecast,pointer,0
13450,391,6,64,ptr,addrspacecast,pointer,0
13451,391,7,64,ptr,addrspacecast,pointer,0
13452,391,8,64,ptr,addrspacecast,pointer,0
13453,391,9,64,ptr,addrspacecast,pointer,0
13454,391,10,64,ptr,addrspacecast,pointer,0
13455,391,11,64,ptr,addrspacecast,pointer,0
13456,391,12,64,ptr,addrspacecast,pointer,0
13457,391,13,64,ptr,addrspacecast,pointer,0
13458,391,14,64,ptr,addrspacecast,pointer,0
13459,391,15,64,ptr,addrspacecast,pointer,0
13460,391,16,64,ptr,addrspacecast,pointer,0
13461,391,17,64,ptr,addrspacecast,pointer,0
13462,391,18,64,ptr,addrspacecast,pointer,0
13463,391,19,64,ptr,addrspacecast,pointer,0
13464,391,20,64,ptr,addrspacecast,pointer,0
13465,391,21,64,ptr,addrspacecast,pointer,0
13466,391,22,64,ptr,addrspacecast,pointer,0
13467,391,23,64,ptr,addrspacecast,pointer,0
13468,391,24,64,ptr,addrspacecast,pointer,0
13469,391,25,64,ptr,addrspacecast,pointer,0
13470,391,26,64,ptr,addrspacecast,pointer,0
13471,391,27,64,ptr,addrspacecast,pointer,0
13472,391,28,64,ptr,addrspacecast,pointer,0
13473,391,29,64,ptr,addrspacecast,pointer,0
13474,391,30,64,ptr,addrspacecast,pointer,0
13475,391,31,64,ptr,addrspacecast,pointer,0
13476,391,32,64,ptr,addrspacecast,pointer,0
13477,391,33,64,ptr,addrspacecast,pointer,0
13478,391,34,64,ptr,addrspacecast,pointer,0
13479,391,35,64,ptr,addrspacecast,pointer,0
13480,391,36,64,ptr,addrspacecast,pointer,0
13481,391,37,64,ptr,addrspacecast,pointer,0
13482,391,38,64,ptr,addrspacecast,pointer,0
13483,391,39,64,ptr,addrspacecast,pointer,0
13484,391,40,64,ptr,addrspacecast,pointer,0
13485,391,41,64,ptr,addrspacecast,pointer,0
13486,391,42,64,ptr,addrspacecast,pointer,0
13487,391,43,64,ptr,addrspacecast,pointer,0
13488,391,44,64,ptr,addrspacecast,pointer,0
13489,391,45,64,ptr,addrspacecast,pointer,0
13490,391,46,64,ptr,addrspacecast,pointer,0
13491,391,47,64,ptr,addrspacecast,pointer,0
13492,391,48,64,ptr,addrspacecast,pointer,0
13493,391,49,64,ptr,addrspacecast,pointer,0
13494,391,50,64,ptr,addrspacecast,pointer,0
13495,391,51,64,ptr,addrspacecast,pointer,0
13496,391,52,64,ptr,addrspacecast,pointer,0
13497,391,53,64,ptr,addrspacecast,pointer,0
13498,391,54,64,ptr,addrspacecast,pointer,0
13499,391,55,64,ptr,addrspacecast,pointer,0
13500,391,56,64,ptr,addrspacecast,pointer,0
13501,391,57,64,ptr,addrspacecast,pointer,0
13502,391,58,64,ptr,addrspacecast,pointer,0
13503,391,59,64,ptr,addrspacecast,pointer,0
13504,391,60,64,ptr,addrspacecast,pointer,0
13505,391,61,64,ptr,addrspacecast,pointer,0
13506,391,62,64,ptr,addrspacecast,pointer,0
13507,391,63,64,ptr,addrspacecast,pointer,0
13508,393,0,64,ptr,addrspacecast,pointer,0
13509,393,1,64,ptr,addrspacecast,pointer,0
13510,393,2,64,ptr,addrspacecast,pointer,0
13511,393,3,64,ptr,addrspacecast,pointer,0
13512,393,4,64,ptr,addrspacecast,pointer,0
13513,393,5,64,ptr,addrspacecast,pointer,0
13514,393,6,64,ptr,addrspacecast,pointer,0
13515,393,7,64,ptr,addrspacecast,pointer,0
13516,393,8,64,ptr,addrspacecast,pointer,0
13517,393,9,64,ptr,addrspacecast,pointer,0
13518,393,10,64,ptr,addrspacecast,pointer,0
13519,393,11,64,ptr,addrspacecast,pointer,0
13520,393,12,64,ptr,addrspacecast,pointer,0
13521,393,13,64,ptr,addrspacecast,pointer,0
13522,393,14,64,ptr,addrspacecast,pointer,0
13523,393,15,64,ptr,addrspacecast,pointer,0
13524,393,16,64,ptr,addrspacecast,pointer,0
13525,393,17,64,ptr,addrspacecast,pointer,0
13526,393,18,64,ptr,addrspacecast,pointer,0
13527,393,19,64,ptr,addrspacecast,pointer,0
13528,393,20,64,ptr,addrspacecast,pointer,0
13529,393,21,64,ptr,addrspacecast,pointer,0
13530,393,22,64,ptr,addrspacecast,pointer,0
13531,393,23,64,ptr,addrspacecast,pointer,0
13532,393,24,64,ptr,addrspacecast,pointer,0
13533,393,25,64,ptr,addrspacecast,pointer,0
13534,393,26,64,ptr,addrspacecast,pointer,0
13535,393,27,64,ptr,addrspacecast,pointer,0
13536,393,28,64,ptr,addrspacecast,pointer,0
13537,393,29,64,ptr,addrspacecast,pointer,0
13538,393,30,64,ptr,addrspacecast,pointer,0
13539,393,31,64,ptr,addrspacecast,pointer,0
13540,393,32,64,ptr,addrspacecast,pointer,0
13541,393,33,64,ptr,addrspacecast,pointer,0
13542,393,34,64,ptr,addrspacecast,pointer,0
13543,393,35,64,ptr,addrspacecast,pointer,0
13544,393,36,64,ptr,addrspacecast,pointer,0
13545,393,37,64,ptr,addrspacecast,pointer,0
13546,393,38,64,ptr,addrspacecast,pointer,0
13547,393,39,64,ptr,addrspacecast,pointer,0
13548,393,40,64,ptr,addrspacecast,pointer,0
13549,393,41,64,ptr,addrspacecast,pointer,0
13550,393,42,64,ptr,addrspacecast,pointer,0
13551,393,43,64,ptr,addrspacecast,pointer,0
13552,393,44,64,ptr,addrspacecast,pointer,0
13553,393,45,64,ptr,addrspacecast,pointer,0
13554,393,46,64,ptr,addrspacecast,pointer,0
13555,393,47,64,ptr,addrspacecast,pointer,0
13556,393,48,64,ptr,addrspacecast,pointer,0
13557,393,49,64,ptr,addrspacecast,pointer,0
13558,393,50,64,ptr,addrspacecast,pointer,0
13559,393,51,64,ptr,addrspacecast,pointer,0
13560,393,52,64,ptr,addrspacecast,pointer,0
13561,393,53,64,ptr,addrspacecast,pointer,0
13562,393,54,64,ptr,addrspacecast,pointer,0
13563,393,55,64,ptr,addrspacecast,pointer,0
13564,393,56,64,ptr,addrspacecast,pointer,0
13565,393,57,64,ptr,addrspacecast,pointer,0
13566,393,58,64,ptr,addrspacecast,pointer,0
13567,393,59,64,ptr,addrspacecast,pointer,0
13568,393,60,64,ptr,addrspacecast,pointer,0
13569,393,61,64,ptr,addrspacecast,pointer,0
13570,393,62,64,ptr,addrspacecast,pointer,0
13571,393,63,64,ptr,addrspacecast,pointer,0
13572,395,0,64,ptr,addrspacecast,pointer,0
13573,395,1,64,ptr,addrspacecast,pointer,0
13574,395,2,64,ptr,addrspacecast,pointer,0
13575,395,3,64,ptr,addrspacecast,pointer,0
13576,395,4,64,ptr,addrspacecast,pointer,0
13577,395,5,64,ptr,addrspacecast,pointer,0
13578,395,6,64,ptr,addrspacecast,pointer,0
13579,395,7,64,ptr,addrspacecast,pointer,0
13580,395,8,64,ptr,addrspacecast,pointer,0
13581,395,9,64,ptr,addrspacecast,pointer,0
13582,395,10,64,ptr,addrspacecast,pointer,0
13583,395,11,64,ptr,addrspacecast,pointer,0
13584,395,12,64,ptr,addrspacecast,pointer,0
13585,395,13,64,ptr,addrspacecast,pointer,0
13586,395,14,64,ptr,addrspacecast,pointer,0
13587,395,15,64,ptr,addrspacecast,pointer,0
13588,395,16,64,ptr,addrspacecast,pointer,0
13589,395,17,64,ptr,addrspacecast,pointer,0
13590,395,18,64,ptr,addrspacecast,pointer,0
13591,395,19,64,ptr,addrspacecast,pointer,0
13592,395,20,64,ptr,addrspacecast,pointer,0
13593,395,21,64,ptr,addrspacecast,pointer,0
13594,395,22,64,ptr,addrspacecast,pointer,0
13595,395,23,64,ptr,addrspacecast,pointer,0
13596,395,24,64,ptr,addrspacecast,pointer,0
13597,395,25,64,ptr,addrspacecast,pointer,0
13598,395,26,64,ptr,addrspacecast,pointer,0
13599,395,27,64,ptr,addrspacecast,pointer,0
13600,395,28,64,ptr,addrspacecast,pointer,0
13601,395,29,64,ptr,addrspacecast,pointer,0
13602,395,30,64,ptr,addrspacecast,pointer,0
13603,395,31,64,ptr,addrspacecast,pointer,0
13604,395,32,64,ptr,addrspacecast,pointer,0
13605,395,33,64,ptr,addrspacecast,pointer,0
13606,395,34,64,ptr,addrspacecast,pointer,0
13607,395,35,64,ptr,addrspacecast,pointer,0
13608,395,36,64,ptr,addrspacecast,pointer,0
13609,395,37,64,ptr,addrspacecast,pointer,0
13610,395,38,64,ptr,addrspacecast,pointer,0
13611,395,39,64,ptr,addrspacecast,pointer,0
13612,395,40,64,ptr,addrspacecast,pointer,0
13613,395,41,64,ptr,addrspacecast,pointer,0
13614,395,42,64,ptr,addrspacecast,pointer,0
13615,395,43,64,ptr,addrspacecast,pointer,0
13616,395,44,64,ptr,addrspacecast,pointer,0
13617,395,45,64,ptr,addrspacecast,pointer,0
13618,395,46,64,ptr,addrspacecast,pointer,0
13619,395,47,64,ptr,addrspacecast,pointer,0
13620,395,48,64,ptr,addrspacecast,pointer,0
13621,395,49,64,ptr,addrspacecast,pointer,0
13622,395,50,64,ptr,addrspacecast,pointer,0
13623,395,51,64,ptr,addrspacecast,pointer,0
13624,395,52,64,ptr,addrspacecast,pointer,0
13625,395,53,64,ptr,addrspacecast,pointer,0
13626,395,54,64,ptr,addrspacecast,pointer,0
13627,395,55,64,ptr,addrspacecast,pointer,0
13628,395,56,64,ptr,addrspacecast,pointer,0
13629,395,57,64,ptr,addrspacecast,pointer,0
13630,395,58,64,ptr,addrspacecast,pointer,0
13631,395,59,64,ptr,addrspacecast,pointer,0
13632,395,60,64,ptr,addrspacecast,pointer,0
13633,395,61,64,ptr,addrspacecast,pointer,0
13634,395,62,64,ptr,addrspacecast,pointer,0
13635,395,63,64,ptr,addrspacecast,pointer,0
13636,397,0,64,ptr,load,pointer,0
13637,397,1,64,ptr,load,pointer,0
13638,397,2,64,ptr,load,pointer,0
13639,397,3,64,ptr,load,pointer,0
13640,397,4,64,ptr,load,pointer,0
13641,397,5,64,ptr,load,pointer,0
13642,397,6,64,ptr,load,pointer,0
13643,397,7,64,ptr,load,pointer,0
13644,397,8,64,ptr,load,pointer,0
13645,397,9,64,ptr,load,pointer,0
13646,397,10,64,ptr,load,pointer,0
13647,397,11,64,ptr,load,pointer,0
13648,397,12,64,ptr,load,pointer,0
13649,397,13,64,ptr,load,pointer,0
13650,397,14,64,ptr,load,pointer,0
13651,397,15,64,ptr,load,pointer,0
13652,397,16,64,ptr,load,pointer,0
13653,397,17,64,ptr,load,pointer,0
13654,397,18,64,ptr,load,pointer,0
13655,397,19,64,ptr,load,pointer,0
13656,397,20,64,ptr,load,pointer,0
13657,397,21,64,ptr,load,pointer,0
13658,397,22,64,ptr,load,pointer,0
13659,397,23,64,ptr,load,pointer,0
13660,397,24,64,ptr,load,pointer,0
13661,397,25,64,ptr,load,pointer,0
13662,397,26,64,ptr,load,pointer,0
13663,397,27,64,ptr,load,pointer,0
13664,397,28,64,ptr,load,pointer,0
13665,397,29,64,ptr,load,pointer,0
13666,397,30,64,ptr,load,pointer,0
13667,397,31,64,ptr,load,pointer,0
13668,397,32,64,ptr,load,pointer,0
13669,397,33,64,ptr,load,pointer,0
13670,397,34,64,ptr,load,pointer,0
13671,397,35,64,ptr,load,pointer,0
13672,397,36,64,ptr,load,pointer,0
13673,397,37,64,ptr,load,pointer,0
13674,397,38,64,ptr,load,pointer,0
13675,397,39,64,ptr,load,pointer,0
13676,397,40,64,ptr,load,pointer,0
13677,397,41,64,ptr,load,pointer,0
13678,397,42,64,ptr,load,pointer,0
13679,397,43,64,ptr,load,pointer,0
13680,397,44,64,ptr,load,pointer,0
13681,397,45,64,ptr,load,pointer,0
13682,397,46,64,ptr,load,pointer,0
13683,397,47,64,ptr,load,pointer,0
13684,397,48,64,ptr,load,pointer,0
13685,397,49,64,ptr,load,pointer,0
13686,397,50,64,ptr,load,pointer,0
13687,397,51,64,ptr,load,pointer,0
13688,397,52,64,ptr,load,pointer,0
13689,397,53,64,ptr,load,pointer,0
13690,397,54,64,ptr,load,pointer,0
13691,397,55,64,ptr,load,pointer,0
13692,397,56,64,ptr,load,pointer,0
13693,397,57,64,ptr,load,pointer,0
13694,397,58,64,ptr,load,pointer,0
13695,397,59,64,ptr,load,pointer,0
13696,397,60,64,ptr,load,pointer,0
13697,397,61,64,ptr,load,pointer,0
13698,397,62,64,ptr,load,pointer,0
13699,397,63,64,ptr,load,pointer,0
13700,398,0,32,int,load,base,-1
13701,398,1,32,int,load,base,-1
13702,398,2,32,int,load,base,-1
13703,398,3,32,int,load,base,-1
13704,398,4,32,int,load,base,-1
13705,398,5,32,int,load,base,-1
13706,398,6,32,int,load,base,-1
13707,398,7,32,int,load,base,-1
13708,398,8,32,int,load,base,-1
13709,398,9,32,int,load,base,-1
13710,398,10,32,int,load,base,-1
13711,398,11,32,int,load,base,-1
13712,398,12,32,int,load,base,-1
13713,398,13,32,int,load,base,-1
13714,398,14,32,int,load,base,-1
13715,398,15,32,int,load,base,-1
13716,398,16,32,int,load,base,-1
13717,398,17,32,int,load,base,-1
13718,398,18,32,int,load,base,-1
13719,398,19,32,int,load,base,-1
13720,398,20,32,int,load,base,-1
13721,398,21,32,int,load,base,-1
13722,398,22,32,int,load,base,-1
13723,398,23,32,int,load,base,-1
13724,398,24,32,int,load,base,-1
13725,398,25,32,int,load,base,-1
13726,398,26,32,int,load,base,-1
13727,398,27,32,int,load,base,-1
13728,398,28,32,int,load,base,-1
13729,398,29,32,int,load,base,-1
13730,398,30,32,int,load,base,-1
13731,398,31,32,int,load,base,-1
13732,399,0,64,ptr,load,pointer,0
13733,399,1,64,ptr,load,pointer,0
13734,399,2,64,ptr,load,pointer,0
13735,399,3,64,ptr,load,pointer,0
13736,399,4,64,ptr,load,pointer,0
13737,399,5,64,ptr,load,pointer,0
13738,399,6,64,ptr,load,pointer,0
13739,399,7,64,ptr,load,pointer,0
13740,399,8,64,ptr,load,pointer,0
13741,399,9,64,ptr,load,pointer,0
13742,399,10,64,ptr,load,pointer,0
13743,399,11,64,ptr,load,pointer,0
13744,399,12,64,ptr,load,pointer,0
13745,399,13,64,ptr,load,pointer,0
13746,399,14,64,ptr,load,pointer,0
13747,399,15,64,ptr,load,pointer,0
13748,399,16,64,ptr,load,pointer,0
13749,399,17,64,ptr,load,pointer,0
13750,399,18,64,ptr,load,pointer,0
13751,399,19,64,ptr,load,pointer,0
13752,399,20,64,ptr,load,pointer,0
13753,399,21,64,ptr,load,pointer,0
13754,399,22,64,ptr,load,pointer,0
13755,399,23,64,ptr,load,pointer,0
13756,399,24,64,ptr,load,pointer,0
13757,399,25,64,ptr,load,pointer,0
13758,399,26,64,ptr,load,pointer,0
13759,399,27,64,ptr,load,pointer,0
13760,399,28,64,ptr,load,pointer,0
13761,399,29,64,ptr,load,pointer,0
13762,399,30,64,ptr,load,pointer,0
13763,399,31,64,ptr,load,pointer,0
13764,399,32,64,ptr,load,pointer,0
13765,399,33,64,ptr,load,pointer,0
13766,399,34,64,ptr,load,pointer,0
13767,399,35,64,ptr,load,pointer,0
13768,399,36,64,ptr,load,pointer,0
13769,399,37,64,ptr,load,pointer,0
13770,399,38,64,ptr,load,pointer,0
13771,399,39,64,ptr,load,pointer,0
13772,399,40,64,ptr,load,pointer,0
13773,399,41,64,ptr,load,pointer,0
13774,399,42,64,ptr,load,pointer,0
13775,399,43,64,ptr,load,pointer,0
13776,399,44,64,ptr,load,pointer,0
13777,399,45,64,ptr,load,pointer,0
13778,399,46,64,ptr,load,pointer,0
13779,399,47,64,ptr,load,pointer,0
13780,399,48,64,ptr,load,pointer,0
13781,399,49,64,ptr,load,pointer,0
13782,399,50,64,ptr,load,pointer,0
13783,399,51,64,ptr,load,pointer,0
13784,399,52,64,ptr,load,pointer,0
13785,399,53,64,ptr,load,pointer,0
13786,399,54,64,ptr,load,pointer,0
13787,399,55,64,ptr,load,pointer,0
13788,399,56,64,ptr,load,pointer,0
13789,399,57,64,ptr,load,pointer,0
13790,399,58,64,ptr,load,pointer,0
13791,399,59,64,ptr,load,pointer,0
13792,399,60,64,ptr,load,pointer,0
13793,399,61,64,ptr,load,pointer,0
13794,399,62,64,ptr,load,pointer,0
13795,399,63,64,ptr,load,pointer,0
13796,401,0,64,ptr,addrspacecast,pointer,0
13797,401,1,64,ptr,addrspacecast,pointer,0
13798,401,2,64,ptr,addrspacecast,pointer,0
13799,401,3,64,ptr,addrspacecast,pointer,0
13800,401,4,64,ptr,addrspacecast,pointer,0
13801,401,5,64,ptr,addrspacecast,pointer,0
13802,401,6,64,ptr,addrspacecast,pointer,0
13803,401,7,64,ptr,addrspacecast,pointer,0
13804,401,8,64,ptr,addrspacecast,pointer,0
13805,401,9,64,ptr,addrspacecast,pointer,0
13806,401,10,64,ptr,addrspacecast,pointer,0
13807,401,11,64,ptr,addrspacecast,pointer,0
13808,401,12,64,ptr,addrspacecast,pointer,0
13809,401,13,64,ptr,addrspacecast,pointer,0
13810,401,14,64,ptr,addrspacecast,pointer,0
13811,401,15,64,ptr,addrspacecast,pointer,0
13812,401,16,64,ptr,addrspacecast,pointer,0
13813,401,17,64,ptr,addrspacecast,pointer,0
13814,401,18,64,ptr,addrspacecast,pointer,0
13815,401,19,64,ptr,addrspacecast,pointer,0
13816,401,20,64,ptr,addrspacecast,pointer,0
13817,401,21,64,ptr,addrspacecast,pointer,0
13818,401,22,64,ptr,addrspacecast,pointer,0
13819,401,23,64,ptr,addrspacecast,pointer,0
13820,401,24,64,ptr,addrspacecast,pointer,0
13821,401,25,64,ptr,addrspacecast,pointer,0
13822,401,26,64,ptr,addrspacecast,pointer,0
13823,401,27,64,ptr,addrspacecast,pointer,0
13824,401,28,64,ptr,addrspacecast,pointer,0
13825,401,29,64,ptr,addrspacecast,pointer,0
13826,401,30,64,ptr,addrspacecast,pointer,0
13827,401,31,64,ptr,addrspacecast,pointer,0
13828,401,32,64,ptr,addrspacecast,pointer,0
13829,401,33,64,ptr,addrspacecast,pointer,0
13830,401,34,64,ptr,addrspacecast,pointer,0
13831,401,35,64,ptr,addrspacecast,pointer,0
13832,401,36,64,ptr,addrspacecast,pointer,0
13833,401,37,64,ptr,addrspacecast,pointer,0
13834,401,38,64,ptr,addrspacecast,pointer,0
13835,401,39,64,ptr,addrspacecast,pointer,0
13836,401,40,64,ptr,addrspacecast,pointer,0
13837,401,41,64,ptr,addrspacecast,pointer,0
13838,401,42,64,ptr,addrspacecast,pointer,0
13839,401,43,64,ptr,addrspacecast,pointer,0
13840,401,44,64,ptr,addrspacecast,pointer,0
13841,401,45,64,ptr,addrspacecast,pointer,0
13842,401,46,64,ptr,addrspacecast,pointer,0
13843,401,47,64,ptr,addrspacecast,pointer,0
13844,401,48,64,ptr,addrspacecast,pointer,0
13845,401,49,64,ptr,addrspacecast,pointer,0
13846,401,50,64,ptr,addrspacecast,pointer,0
13847,401,51,64,ptr,addrspacecast,pointer,0
13848,401,52,64,ptr,addrspacecast,pointer,0
13849,401,53,64,ptr,addrspacecast,pointer,0
13850,401,54,64,ptr,addrspacecast,pointer,0
13851,401,55,64,ptr,addrspacecast,pointer,0
13852,401,56,64,ptr,addrspacecast,pointer,0
13853,401,57,64,ptr,addrspacecast,pointer,0
13854,401,58,64,ptr,addrspacecast,pointer,0
13855,401,59,64,ptr,addrspacecast,pointer,0
13856,401,60,64,ptr,addrspacecast,pointer,0
13857,401,61,64,ptr,addrspacecast,pointer,0
13858,401,62,64,ptr,addrspacecast,pointer,0
13859,401,63,64,ptr,addrspacecast,pointer,0
13860,403,0,64,ptr,addrspacecast,pointer,0
13861,403,1,64,ptr,addrspacecast,pointer,0
13862,403,2,64,ptr,addrspacecast,pointer,0
13863,403,3,64,ptr,addrspacecast,pointer,0
13864,403,4,64,ptr,addrspacecast,pointer,0
13865,403,5,64,ptr,addrspacecast,pointer,0
13866,403,6,64,ptr,addrspacecast,pointer,0
13867,403,7,64,ptr,addrspacecast,pointer,0
13868,403,8,64,ptr,addrspacecast,pointer,0
13869,403,9,64,ptr,addrspacecast,pointer,0
13870,403,10,64,ptr,addrspacecast,pointer,0
13871,403,11,64,ptr,addrspacecast,pointer,0
13872,403,12,64,ptr,addrspacecast,pointer,0
13873,403,13,64,ptr,addrspacecast,pointer,0
13874,403,14,64,ptr,addrspacecast,pointer,0
13875,403,15,64,ptr,addrspacecast,pointer,0
13876,403,16,64,ptr,addrspacecast,pointer,0
13877,403,17,64,ptr,addrspacecast,pointer,0
13878,403,18,64,ptr,addrspacecast,pointer,0
13879,403,19,64,ptr,addrspacecast,pointer,0
13880,403,20,64,ptr,addrspacecast,pointer,0
13881,403,21,64,ptr,addrspacecast,pointer,0
13882,403,22,64,ptr,addrspacecast,pointer,0
13883,403,23,64,ptr,addrspacecast,pointer,0
13884,403,24,64,ptr,addrspacecast,pointer,0
13885,403,25,64,ptr,addrspacecast,pointer,0
13886,403,26,64,ptr,addrspacecast,pointer,0
13887,403,27,64,ptr,addrspacecast,pointer,0
13888,403,28,64,ptr,addrspacecast,pointer,0
13889,403,29,64,ptr,addrspacecast,pointer,0
13890,403,30,64,ptr,addrspacecast,pointer,0
13891,403,31,64,ptr,addrspacecast,pointer,0
13892,403,32,64,ptr,addrspacecast,pointer,0
13893,403,33,64,ptr,addrspacecast,pointer,0
13894,403,34,64,ptr,addrspacecast,pointer,0
13895,403,35,64,ptr,addrspacecast,pointer,0
13896,403,36,64,ptr,addrspacecast,pointer,0
13897,403,37,64,ptr,addrspacecast,pointer,0
13898,403,38,64,ptr,addrspacecast,pointer,0
13899,403,39,64,ptr,addrspacecast,pointer,0
13900,403,40,64,ptr,addrspacecast,pointer,0
13901,403,41,64,ptr,addrspacecast,pointer,0
13902,403,42,64,ptr,addrspacecast,pointer,0
13903,403,43,64,ptr,addrspacecast,pointer,0
13904,403,44,64,ptr,addrspacecast,pointer,0
13905,403,45,64,ptr,addrspacecast,pointer,0
13906,403,46,64,ptr,addrspacecast,pointer,0
13907,403,47,64,ptr,addrspacecast,pointer,0
13908,403,48,64,ptr,addrspacecast,pointer,0
13909,403,49,64,ptr,addrspacecast,pointer,0
13910,403,50,64,ptr,addrspacecast,pointer,0
13911,403,51,64,ptr,addrspacecast,pointer,0
13912,403,52,64,ptr,addrspacecast,pointer,0
13913,403,53,64,ptr,addrspacecast,pointer,0
13914,403,54,64,ptr,addrspacecast,pointer,0
13915,403,55,64,ptr,addrspacecast,pointer,0
13916,403,56,64,ptr,addrspacecast,pointer,0
13917,403,57,64,ptr,addrspacecast,pointer,0
13918,403,58,64,ptr,addrspacecast,pointer,0
13919,403,59,64,ptr,addrspacecast,pointer,0
13920,403,60,64,ptr,addrspacecast,pointer,0
13921,403,61,64,ptr,addrspacecast,pointer,0
13922,403,62,64,ptr,addrspacecast,pointer,0
13923,403,63,64,ptr,addrspacecast,pointer,0
13924,405,0,64,ptr,load,pointer,0
13925,405,1,64,ptr,load,pointer,0
13926,405,2,64,ptr,load,pointer,0
13927,405,3,64,ptr,load,pointer,0
13928,405,4,64,ptr,load,pointer,0
13929,405,5,64,ptr,load,pointer,0
13930,405,6,64,ptr,load,pointer,0
13931,405,7,64,ptr,load,pointer,0
13932,405,8,64,ptr,load,pointer,0
13933,405,9,64,ptr,load,pointer,0
13934,405,10,64,ptr,load,pointer,0
13935,405,11,64,ptr,load,pointer,0
13936,405,12,64,ptr,load,pointer,0
13937,405,13,64,ptr,load,pointer,0
13938,405,14,64,ptr,load,pointer,0
13939,405,15,64,ptr,load,pointer,0
13940,405,16,64,ptr,load,pointer,0
13941,405,17,64,ptr,load,pointer,0
13942,405,18,64,ptr,load,pointer,0
13943,405,19,64,ptr,load,pointer,0
13944,405,20,64,ptr,load,pointer,0
13945,405,21,64,ptr,load,pointer,0
13946,405,22,64,ptr,load,pointer,0
13947,405,23,64,ptr,load,pointer,0
13948,405,24,64,ptr,load,pointer,0
13949,405,25,64,ptr,load,pointer,0
13950,405,26,64,ptr,load,pointer,0
13951,405,27,64,ptr,load,pointer,0
13952,405,28,64,ptr,load,pointer,0
13953,405,29,64,ptr,load,pointer,0
13954,405,30,64,ptr,load,pointer,0
13955,405,31,64,ptr,load,pointer,0
13956,405,32,64,ptr,load,pointer,0
13957,405,33,64,ptr,load,pointer,0
13958,405,34,64,ptr,load,pointer,0
13959,405,35,64,ptr,load,pointer,0
13960,405,36,64,ptr,load,pointer,0
13961,405,37,64,ptr,load,pointer,0
13962,405,38,64,ptr,load,pointer,0
13963,405,39,64,ptr,load,pointer,0
13964,405,40,64,ptr,load,pointer,0
13965,405,41,64,ptr,load,pointer,0
13966,405,42,64,ptr,load,pointer,0
13967,405,43,64,ptr,load,pointer,0
13968,405,44,64,ptr,load,pointer,0
13969,405,45,64,ptr,load,pointer,0
13970,405,46,64,ptr,load,pointer,0
13971,405,47,64,ptr,load,pointer,0
13972,405,48,64,ptr,load,pointer,0
13973,405,49,64,ptr,load,pointer,0
13974,405,50,64,ptr,load,pointer,0
13975,405,51,64,ptr,load,pointer,0
13976,405,52,64,ptr,load,pointer,0
13977,405,53,64,ptr,load,pointer,0
13978,405,54,64,ptr,load,pointer,0
13979,405,55,64,ptr,load,pointer,0
13980,405,56,64,ptr,load,pointer,0
13981,405,57,64,ptr,load,pointer,0
13982,405,58,64,ptr,load,pointer,0
13983,405,59,64,ptr,load,pointer,0
13984,405,60,64,ptr,load,pointer,0
13985,405,61,64,ptr,load,pointer,0
13986,405,62,64,ptr,load,pointer,0
13987,405,63,64,ptr,load,pointer,0
13988,407,0,64,ptr,getelementptr,pointer,0
13989,407,1,64,ptr,getelementptr,pointer,0
13990,407,2,64,ptr,getelementptr,pointer,0
13991,407,3,64,ptr,getelementptr,pointer,0
13992,407,4,64,ptr,getelementptr,pointer,0
13993,407,5,64,ptr,getelementptr,pointer,0
13994,407,6,64,ptr,getelementptr,pointer,0
13995,407,7,64,ptr,getelementptr,pointer,0
13996,407,8,64,ptr,getelementptr,pointer,0
13997,407,9,64,ptr,getelementptr,pointer,0
13998,407,10,64,ptr,getelementptr,pointer,0
13999,407,11,64,ptr,getelementptr,pointer,0
14000,407,12,64,ptr,getelementptr,pointer,0
14001,407,13,64,ptr,getelementptr,pointer,0
14002,407,14,64,ptr,getelementptr,pointer,0
14003,407,15,64,ptr,getelementptr,pointer,0
14004,407,16,64,ptr,getelementptr,pointer,0
14005,407,17,64,ptr,getelementptr,pointer,0
14006,407,18,64,ptr,getelementptr,pointer,0
14007,407,19,64,ptr,getelementptr,pointer,0
14008,407,20,64,ptr,getelementptr,pointer,0
14009,407,21,64,ptr,getelementptr,pointer,0
14010,407,22,64,ptr,getelementptr,pointer,0
14011,407,23,64,ptr,getelementptr,pointer,0
14012,407,24,64,ptr,getelementptr,pointer,0
14013,407,25,64,ptr,getelementptr,pointer,0
14014,407,26,64,ptr,getelementptr,pointer,0
14015,407,27,64,ptr,getelementptr,pointer,0
14016,407,28,64,ptr,getelementptr,pointer,0
14017,407,29,64,ptr,getelementptr,pointer,0
14018,407,30,64,ptr,getelementptr,pointer,0
14019,407,31,64,ptr,getelementptr,pointer,0
14020,407,32,64,ptr,getelementptr,pointer,0
14021,407,33,64,ptr,getelementptr,pointer,0
14022,407,34,64,ptr,getelementptr,pointer,0
14023,407,35,64,ptr,getelementptr,pointer,0
14024,407,36,64,ptr,getelementptr,pointer,0
14025,407,37,64,ptr,getelementptr,pointer,0
14026,407,38,64,ptr,getelementptr,pointer,0
14027,407,39,64,ptr,getelementptr,pointer,0
14028,407,40,64,ptr,getelementptr,pointer,0
14029,407,41,64,ptr,getelementptr,pointer,0
14030,407,42,64,ptr,getelementptr,pointer,0
14031,407,43,64,ptr,getelementptr,pointer,0
14032,407,44,64,ptr,getelementptr,pointer,0
14033,407,45,64,ptr,getelementptr,pointer,0
14034,407,46,64,ptr,getelementptr,pointer,0
14035,407,47,64,ptr,getelementptr,pointer,0
14036,407,48,64,ptr,getelementptr,pointer,0
14037,407,49,64,ptr,getelementptr,pointer,0
14038,407,50,64,ptr,getelementptr,pointer,0
14039,407,51,64,ptr,getelementptr,pointer,0
14040,407,52,64,ptr,getelementptr,pointer,0
14041,407,53,64,ptr,getelementptr,pointer,0
14042,407,54,64,ptr,getelementptr,pointer,0
14043,407,55,64,ptr,getelementptr,pointer,0
14044,407,56,64,ptr,getelementptr,pointer,0
14045,407,57,64,ptr,getelementptr,pointer,0
14046,407,58,64,ptr,getelementptr,pointer,0
14047,407,59,64,ptr,getelementptr,pointer,0
14048,407,60,64,ptr,getelementptr,pointer,0
14049,407,61,64,ptr,getelementptr,pointer,0
14050,407,62,64,ptr,getelementptr,pointer,0
14051,407,63,64,ptr,getelementptr,pointer,0
14052,408,0,32,int,load,base,-1
14053,408,1,32,int,load,base,-1
14054,408,2,32,int,load,base,-1
14055,408,3,32,int,load,base,-1
14056,408,4,32,int,load,base,-1
14057,408,5,32,int,load,base,-1
14058,408,6,32,int,load,base,-1
14059,408,7,32,int,load,base,-1
14060,408,8,32,int,load,base,-1
14061,408,9,32,int,load,base,-1
14062,408,10,32,int,load,base,-1
14063,408,11,32,int,load,base,-1
14064,408,12,32,int,load,base,-1
14065,408,13,32,int,load,base,-1
14066,408,14,32,int,load,base,-1
14067,408,15,32,int,load,base,-1
14068,408,16,32,int,load,base,-1
14069,408,17,32,int,load,base,-1
14070,408,18,32,int,load,base,-1
14071,408,19,32,int,load,base,-1
14072,408,20,32,int,load,base,-1
14073,408,21,32,int,load,base,-1
14074,408,22,32,int,load,base,-1
14075,408,23,32,int,load,base,-1
14076,408,24,32,int,load,base,-1
14077,408,25,32,int,load,base,-1
14078,408,26,32,int,load,base,-1
14079,408,27,32,int,load,base,-1
14080,408,28,32,int,load,base,-1
14081,408,29,32,int,load,base,-1
14082,408,30,32,int,load,base,-1
14083,408,31,32,int,load,base,-1
14084,409,0,64,ptr,load,pointer,0
14085,409,1,64,ptr,load,pointer,0
14086,409,2,64,ptr,load,pointer,0
14087,409,3,64,ptr,load,pointer,0
14088,409,4,64,ptr,load,pointer,0
14089,409,5,64,ptr,load,pointer,0
14090,409,6,64,ptr,load,pointer,0
14091,409,7,64,ptr,load,pointer,0
14092,409,8,64,ptr,load,pointer,0
14093,409,9,64,ptr,load,pointer,0
14094,409,10,64,ptr,load,pointer,0
14095,409,11,64,ptr,load,pointer,0
14096,409,12,64,ptr,load,pointer,0
14097,409,13,64,ptr,load,pointer,0
14098,409,14,64,ptr,load,pointer,0
14099,409,15,64,ptr,load,pointer,0
14100,409,16,64,ptr,load,pointer,0
14101,409,17,64,ptr,load,pointer,0
14102,409,18,64,ptr,load,pointer,0
14103,409,19,64,ptr,load,pointer,0
14104,409,20,64,ptr,load,pointer,0
14105,409,21,64,ptr,load,pointer,0
14106,409,22,64,ptr,load,pointer,0
14107,409,23,64,ptr,load,pointer,0
14108,409,24,64,ptr,load,pointer,0
14109,409,25,64,ptr,load,pointer,0
14110,409,26,64,ptr,load,pointer,0
14111,409,27,64,ptr,load,pointer,0
14112,409,28,64,ptr,load,pointer,0
14113,409,29,64,ptr,load,pointer,0
14114,409,30,64,ptr,load,pointer,0
14115,409,31,64,ptr,load,pointer,0
14116,409,32,64,ptr,load,pointer,0
14117,409,33,64,ptr,load,pointer,0
14118,409,34,64,ptr,load,pointer,0
14119,409,35,64,ptr,load,pointer,0
14120,409,36,64,ptr,load,pointer,0
14121,409,37,64,ptr,load,pointer,0
14122,409,38,64,ptr,load,pointer,0
14123,409,39,64,ptr,load,pointer,0
14124,409,40,64,ptr,load,pointer,0
14125,409,41,64,ptr,load,pointer,0
14126,409,42,64,ptr,load,pointer,0
14127,409,43,64,ptr,load,pointer,0
14128,409,44,64,ptr,load,pointer,0
14129,409,45,64,ptr,load,pointer,0
14130,409,46,64,ptr,load,pointer,0
14131,409,47,64,ptr,load,pointer,0
14132,409,48,64,ptr,load,pointer,0
14133,409,49,64,ptr,load,pointer,0
14134,409,50,64,ptr,load,pointer,0
14135,409,51,64,ptr,load,pointer,0
14136,409,52,64,ptr,load,pointer,0
14137,409,53,64,ptr,load,pointer,0
14138,409,54,64,ptr,load,pointer,0
14139,409,55,64,ptr,load,pointer,0
14140,409,56,64,ptr,load,pointer,0
14141,409,57,64,ptr,load,pointer,0
14142,409,58,64,ptr,load,pointer,0
14143,409,59,64,ptr,load,pointer,0
14144,409,60,64,ptr,load,pointer,0
14145,409,61,64,ptr,load,pointer,0
14146,409,62,64,ptr,load,pointer,0
14147,409,63,64,ptr,load,pointer,0
14148,410,0,64,int,sext,base,-1
14149,410,1,64,int,sext,base,-1
14150,410,2,64,int,sext,base,-1
14151,410,3,64,int,sext,base,-1
14152,410,4,64,int,sext,base,-1
14153,410,5,64,int,sext,base,-1
14154,410,6,64,int,sext,base,-1
14155,410,7,64,int,sext,base,-1
14156,410,8,64,int,sext,base,-1
14157,410,9,64,int,sext,base,-1
14158,410,10,64,int,sext,base,-1
14159,410,11,64,int,sext,base,-1
14160,410,12,64,int,sext,base,-1
14161,410,13,64,int,sext,base,-1
14162,410,14,64,int,sext,base,-1
14163,410,15,64,int,sext,base,-1
14164,410,16,64,int,sext,base,-1
14165,410,17,64,int,sext,base,-1
14166,410,18,64,int,sext,base,-1
14167,410,19,64,int,sext,base,-1
14168,410,20,64,int,sext,base,-1
14169,410,21,64,int,sext,base,-1
14170,410,22,64,int,sext,base,-1
14171,410,23,64,int,sext,base,-1
14172,410,24,64,int,sext,base,-1
14173,410,25,64,int,sext,base,-1
14174,410,26,64,int,sext,base,-1
14175,410,27,64,int,sext,base,-1
14176,410,28,64,int,sext,base,-1
14177,410,29,64,int,sext,base,-1
14178,410,30,64,int,sext,base,-1
14179,410,31,64,int,sext,base,-1
14180,410,32,64,int,sext,base,-1
14181,410,33,64,int,sext,base,-1
14182,410,34,64,int,sext,base,-1
14183,410,35,64,int,sext,base,-1
14184,410,36,64,int,sext,base,-1
14185,410,37,64,int,sext,base,-1
14186,410,38,64,int,sext,base,-1
14187,410,39,64,int,sext,base,-1
14188,410,40,64,int,sext,base,-1
14189,410,41,64,int,sext,base,-1
14190,410,42,64,int,sext,base,-1
14191,410,43,64,int,sext,base,-1
14192,410,44,64,int,sext,base,-1
14193,410,45,64,int,sext,base,-1
14194,410,46,64,int,sext,base,-1
14195,410,47,64,int,sext,base,-1
14196,410,48,64,int,sext,base,-1
14197,410,49,64,int,sext,base,-1
14198,410,50,64,int,sext,base,-1
14199,410,51,64,int,sext,base,-1
14200,410,52,64,int,sext,base,-1
14201,410,53,64,int,sext,base,-1
14202,410,54,64,int,sext,base,-1
14203,410,55,64,int,sext,base,-1
14204,410,56,64,int,sext,base,-1
14205,410,57,64,int,sext,base,-1
14206,410,58,64,int,sext,base,-1
14207,410,59,64,int,sext,base,-1
14208,410,60,64,int,sext,base,-1
14209,410,61,64,int,sext,base,-1
14210,410,62,64,int,sext,base,-1
14211,410,63,64,int,sext,base,-1
14212,411,0,32,int,sext,operand,0
14213,411,1,32,int,sext,operand,0
14214,411,2,32,int,sext,operand,0
14215,411,3,32,int,sext,operand,0
14216,411,4,32,int,sext,operand,0
14217,411,5,32,int,sext,operand,0
14218,411,6,32,int,sext,operand,0
14219,411,7,32,int,sext,operand,0
14220,411,8,32,int,sext,operand,0
14221,411,9,32,int,sext,operand,0
14222,411,10,32,int,sext,operand,0
14223,411,11,32,int,sext,operand,0
14224,411,12,32,int,sext,operand,0
14225,411,13,32,int,sext,operand,0
14226,411,14,32,int,sext,operand,0
14227,411,15,32,int,sext,operand,0
14228,411,16,32,int,sext,operand,0
14229,411,17,32,int,sext,operand,0
14230,411,18,32,int,sext,operand,0
14231,411,19,32,int,sext,operand,0
14232,411,20,32,int,sext,operand,0
14233,411,21,32,int,sext,operand,0
14234,411,22,32,int,sext,operand,0
14235,411,23,32,int,sext,operand,0
14236,411,24,32,int,sext,operand,0
14237,411,25,32,int,sext,operand,0
14238,411,26,32,int,sext,operand,0
14239,411,27,32,int,sext,operand,0
14240,411,28,32,int,sext,operand,0
14241,411,29,32,int,sext,operand,0
14242,411,30,32,int,sext,operand,0
14243,411,31,32,int,sext,operand,0
14244,413,0,64,ptr,getelementptr,pointer,0
14245,413,1,64,ptr,getelementptr,pointer,0
14246,413,2,64,ptr,getelementptr,pointer,0
14247,413,3,64,ptr,getelementptr,pointer,0
14248,413,4,64,ptr,getelementptr,pointer,0
14249,413,5,64,ptr,getelementptr,pointer,0
14250,413,6,64,ptr,getelementptr,pointer,0
14251,413,7,64,ptr,getelementptr,pointer,0
14252,413,8,64,ptr,getelementptr,pointer,0
14253,413,9,64,ptr,getelementptr,pointer,0
14254,413,10,64,ptr,getelementptr,pointer,0
14255,413,11,64,ptr,getelementptr,pointer,0
14256,413,12,64,ptr,getelementptr,pointer,0
14257,413,13,64,ptr,getelementptr,pointer,0
14258,413,14,64,ptr,getelementptr,pointer,0
14259,413,15,64,ptr,getelementptr,pointer,0
14260,413,16,64,ptr,getelementptr,pointer,0
14261,413,17,64,ptr,getelementptr,pointer,0
14262,413,18,64,ptr,getelementptr,pointer,0
14263,413,19,64,ptr,getelementptr,pointer,0
14264,413,20,64,ptr,getelementptr,pointer,0
14265,413,21,64,ptr,getelementptr,pointer,0
14266,413,22,64,ptr,getelementptr,pointer,0
14267,413,23,64,ptr,getelementptr,pointer,0
14268,413,24,64,ptr,getelementptr,pointer,0
14269,413,25,64,ptr,getelementptr,pointer,0
14270,413,26,64,ptr,getelementptr,pointer,0
14271,413,27,64,ptr,getelementptr,pointer,0
14272,413,28,64,ptr,getelementptr,pointer,0
14273,413,29,64,ptr,getelementptr,pointer,0
14274,413,30,64,ptr,getelementptr,pointer,0
14275,413,31,64,ptr,getelementptr,pointer,0
14276,413,32,64,ptr,getelementptr,pointer,0
14277,413,33,64,ptr,getelementptr,pointer,0
14278,413,34,64,ptr,getelementptr,pointer,0
14279,413,35,64,ptr,getelementptr,pointer,0
14280,413,36,64,ptr,getelementptr,pointer,0
14281,413,37,64,ptr,getelementptr,pointer,0
14282,413,38,64,ptr,getelementptr,pointer,0
14283,413,39,64,ptr,getelementptr,pointer,0
14284,413,40,64,ptr,getelementptr,pointer,0
14285,413,41,64,ptr,getelementptr,pointer,0
14286,413,42,64,ptr,getelementptr,pointer,0
14287,413,43,64,ptr,getelementptr,pointer,0
14288,413,44,64,ptr,getelementptr,pointer,0
14289,413,45,64,ptr,getelementptr,pointer,0
14290,413,46,64,ptr,getelementptr,pointer,0
14291,413,47,64,ptr,getelementptr,pointer,0
14292,413,48,64,ptr,getelementptr,pointer,0
14293,413,49,64,ptr,getelementptr,pointer,0
14294,413,50,64,ptr,getelementptr,pointer,0
14295,413,51,64,ptr,getelementptr,pointer,0
14296,413,52,64,ptr,getelementptr,pointer,0
14297,413,53,64,ptr,getelementptr,pointer,0
14298,413,54,64,ptr,getelementptr,pointer,0
14299,413,55,64,ptr,getelementptr,pointer,0
14300,413,56,64,ptr,getelementptr,pointer,0
14301,413,57,64,ptr,getelementptr,pointer,0
14302,413,58,64,ptr,getelementptr,pointer,0
14303,413,59,64,ptr,getelementptr,pointer,0
14304,413,60,64,ptr,getelementptr,pointer,0
14305,413,61,64,ptr,getelementptr,pointer,0
14306,413,62,64,ptr,getelementptr,pointer,0
14307,413,63,64,ptr,getelementptr,pointer,0
14308,414,0,64,int,getelementptr,operand,2
14309,414,1,64,int,getelementptr,operand,2
14310,414,2,64,int,getelementptr,operand,2
14311,414,3,64,int,getelementptr,operand,2
14312,414,4,64,int,getelementptr,operand,2
14313,414,5,64,int,getelementptr,operand,2
14314,414,6,64,int,getelementptr,operand,2
14315,414,7,64,int,getelementptr,operand,2
14316,414,8,64,int,getelementptr,operand,2
14317,414,9,64,int,getelementptr,operand,2
14318,414,10,64,int,getelementptr,operand,2
14319,414,11,64,int,getelementptr,operand,2
14320,414,12,64,int,getelementptr,operand,2
14321,414,13,64,int,getelementptr,operand,2
14322,414,14,64,int,getelementptr,operand,2
14323,414,15,64,int,getelementptr,operand,2
14324,414,16,64,int,getelementptr,operand,2
14325,414,17,64,int,getelementptr,operand,2
14326,414,18,64,int,getelementptr,operand,2
14327,414,19,64,int,getelementptr,operand,2
14328,414,20,64,int,getelementptr,operand,2
14329,414,21,64,int,getelementptr,operand,2
14330,414,22,64,int,getelementptr,operand,2
14331,414,23,64,int,getelementptr,operand,2
14332,414,24,64,int,getelementptr,operand,2
14333,414,25,64,int,getelementptr,operand,2
14334,414,26,64,int,getelementptr,operand,2
14335,414,27,64,int,getelementptr,operand,2
14336,414,28,64,int,getelementptr,operand,2
14337,414,29,64,int,getelementptr,operand,2
14338,414,30,64,int,getelementptr,operand,2
14339,414,31,64,int,getelementptr,operand,2
14340,414,32,64,int,getelementptr,operand,2
14341,414,33,64,int,getelementptr,operand,2
14342,414,34,64,int,getelementptr,operand,2
14343,414,35,64,int,getelementptr,operand,2
14344,414,36,64,int,getelementptr,operand,2
14345,414,37,64,int,getelementptr,operand,2
14346,414,38,64,int,getelementptr,operand,2
14347,414,39,64,int,getelementptr,operand,2
14348,414,40,64,int,getelementptr,operand,2
14349,414,41,64,int,getelementptr,operand,2
14350,414,42,64,int,getelementptr,operand,2
14351,414,43,64,int,getelementptr,operand,2
14352,414,44,64,int,getelementptr,operand,2
14353,414,45,64,int,getelementptr,operand,2
14354,414,46,64,int,getelementptr,operand,2
14355,414,47,64,int,getelementptr,operand,2
14356,414,48,64,int,getelementptr,operand,2
14357,414,49,64,int,getelementptr,operand,2
14358,414,50,64,int,getelementptr,operand,2
14359,414,51,64,int,getelementptr,operand,2
14360,414,52,64,int,getelementptr,operand,2
14361,414,53,64,int,getelementptr,operand,2
14362,414,54,64,int,getelementptr,operand,2
14363,414,55,64,int,getelementptr,operand,2
14364,414,56,64,int,getelementptr,operand,2
14365,414,57,64,int,getelementptr,operand,2
14366,414,58,64,int,getelementptr,operand,2
14367,414,59,64,int,getelementptr,operand,2
14368,414,60,64,int,getelementptr,operand,2
14369,414,61,64,int,getelementptr,operand,2
14370,414,62,64,int,getelementptr,operand,2
14371,414,63,64,int,getelementptr,operand,2
14372,415,0,64,int,call,base,-1
14373,415,1,64,int,call,base,-1
14374,415,2,64,int,call,base,-1
14375,415,3,64,int,call,base,-1
14376,415,4,64,int,call,base,-1
14377,415,5,64,int,call,base,-1
14378,415,6,64,int,call,base,-1
14379,415,7,64,int,call,base,-1
14380,415,8,64,int,call,base,-1
14381,415,9,64,int,call,base,-1
14382,415,10,64,int,call,base,-1
14383,415,11,64,int,call,base,-1
14384,415,12,64,int,call,base,-1
14385,415,13,64,int,call,base,-1
14386,415,14,64,int,call,base,-1
14387,415,15,64,int,call,base,-1
14388,415,16,64,int,call,base,-1
14389,415,17,64,int,call,base,-1
14390,415,18,64,int,call,base,-1
14391,415,19,64,int,call,base,-1
14392,415,20,64,int,call,base,-1
14393,415,21,64,int,call,base,-1
14394,415,22,64,int,call,base,-1
14395,415,23,64,int,call,base,-1
14396,415,24,64,int,call,base,-1
14397,415,25,64,int,call,base,-1
14398,415,26,64,int,call,base,-1
14399,415,27,64,int,call,base,-1
14400,415,28,64,int,call,base,-1
14401,415,29,64,int,call,base,-1
14402,415,30,64,int,call,base,-1
14403,415,31,64,int,call,base,-1
14404,415,32,64,int,call,base,-1
14405,415,33,64,int,call,base,-1
14406,415,34,64,int,call,base,-1
14407,415,35,64,int,call,base,-1
14408,415,36,64,int,call,base,-1
14409,415,37,64,int,call,base,-1
14410,415,38,64,int,call,base,-1
14411,415,39,64,int,call,base,-1
14412,415,40,64,int,call,base,-1
14413,415,41,64,int,call,base,-1
14414,415,42,64,int,call,base,-1
14415,415,43,64,int,call,base,-1
14416,415,44,64,int,call,base,-1
14417,415,45,64,int,call,base,-1
14418,415,46,64,int,call,base,-1
14419,415,47,64,int,call,base,-1
14420,415,48,64,int,call,base,-1
14421,415,49,64,int,call,base,-1
14422,415,50,64,int,call,base,-1
14423,415,51,64,int,call,base,-1
14424,415,52,64,int,call,base,-1
14425,415,53,64,int,call,base,-1
14426,415,54,64,int,call,base,-1
14427,415,55,64,int,call,base,-1
14428,415,56,64,int,call,base,-1
14429,415,57,64,int,call,base,-1
14430,415,58,64,int,call,base,-1
14431,415,59,64,int,call,base,-1
14432,415,60,64,int,call,base,-1
14433,415,61,64,int,call,base,-1
14434,415,62,64,int,call,base,-1
14435,415,63,64,int,call,base,-1
14436,418,0,64,ptr,addrspacecast,pointer,0
14437,418,1,64,ptr,addrspacecast,pointer,0
14438,418,2,64,ptr,addrspacecast,pointer,0
14439,418,3,64,ptr,addrspacecast,pointer,0
14440,418,4,64,ptr,addrspacecast,pointer,0
14441,418,5,64,ptr,addrspacecast,pointer,0
14442,418,6,64,ptr,addrspacecast,pointer,0
14443,418,7,64,ptr,addrspacecast,pointer,0
14444,418,8,64,ptr,addrspacecast,pointer,0
14445,418,9,64,ptr,addrspacecast,pointer,0
14446,418,10,64,ptr,addrspacecast,pointer,0
14447,418,11,64,ptr,addrspacecast,pointer,0
14448,418,12,64,ptr,addrspacecast,pointer,0
14449,418,13,64,ptr,addrspacecast,pointer,0
14450,418,14,64,ptr,addrspacecast,pointer,0
14451,418,15,64,ptr,addrspacecast,pointer,0
14452,418,16,64,ptr,addrspacecast,pointer,0
14453,418,17,64,ptr,addrspacecast,pointer,0
14454,418,18,64,ptr,addrspacecast,pointer,0
14455,418,19,64,ptr,addrspacecast,pointer,0
14456,418,20,64,ptr,addrspacecast,pointer,0
14457,418,21,64,ptr,addrspacecast,pointer,0
14458,418,22,64,ptr,addrspacecast,pointer,0
14459,418,23,64,ptr,addrspacecast,pointer,0
14460,418,24,64,ptr,addrspacecast,pointer,0
14461,418,25,64,ptr,addrspacecast,pointer,0
14462,418,26,64,ptr,addrspacecast,pointer,0
14463,418,27,64,ptr,addrspacecast,pointer,0
14464,418,28,64,ptr,addrspacecast,pointer,0
14465,418,29,64,ptr,addrspacecast,pointer,0
14466,418,30,64,ptr,addrspacecast,pointer,0
14467,418,31,64,ptr,addrspacecast,pointer,0
14468,418,32,64,ptr,addrspacecast,pointer,0
14469,418,33,64,ptr,addrspacecast,pointer,0
14470,418,34,64,ptr,addrspacecast,pointer,0
14471,418,35,64,ptr,addrspacecast,pointer,0
14472,418,36,64,ptr,addrspacecast,pointer,0
14473,418,37,64,ptr,addrspacecast,pointer,0
14474,418,38,64,ptr,addrspacecast,pointer,0
14475,418,39,64,ptr,addrspacecast,pointer,0
14476,418,40,64,ptr,addrspacecast,pointer,0
14477,418,41,64,ptr,addrspacecast,pointer,0
14478,418,42,64,ptr,addrspacecast,pointer,0
14479,418,43,64,ptr,addrspacecast,pointer,0
14480,418,44,64,ptr,addrspacecast,pointer,0
14481,418,45,64,ptr,addrspacecast,pointer,0
14482,418,46,64,ptr,addrspacecast,pointer,0
14483,418,47,64,ptr,addrspacecast,pointer,0
14484,418,48,64,ptr,addrspacecast,pointer,0
14485,418,49,64,ptr,addrspacecast,pointer,0
14486,418,50,64,ptr,addrspacecast,pointer,0
14487,418,51,64,ptr,addrspacecast,pointer,0
14488,418,52,64,ptr,addrspacecast,pointer,0
14489,418,53,64,ptr,addrspacecast,pointer,0
14490,418,54,64,ptr,addrspacecast,pointer,0
14491,418,55,64,ptr,addrspacecast,pointer,0
14492,418,56,64,ptr,addrspacecast,pointer,0
14493,418,57,64,ptr,addrspacecast,pointer,0
14494,418,58,64,ptr,addrspacecast,pointer,0
14495,418,59,64,ptr,addrspacecast,pointer,0
14496,418,60,64,ptr,addrspacecast,pointer,0
14497,418,61,64,ptr,addrspacecast,pointer,0
14498,418,62,64,ptr,addrspacecast,pointer,0
14499,418,63,64,ptr,addrspacecast,pointer,0
14500,419,0,64,int,call,base,-1
14501,419,1,64,int,call,base,-1
14502,419,2,64,int,call,base,-1
14503,419,3,64,int,call,base,-1
14504,419,4,64,int,call,base,-1
14505,419,5,64,int,call,base,-1
14506,419,6,64,int,call,base,-1
14507,419,7,64,int,call,base,-1
14508,419,8,64,int,call,base,-1
14509,419,9,64,int,call,base,-1
14510,419,10,64,int,call,base,-1
14511,419,11,64,int,call,base,-1
14512,419,12,64,int,call,base,-1
14513,419,13,64,int,call,base,-1
14514,419,14,64,int,call,base,-1
14515,419,15,64,int,call,base,-1
14516,419,16,64,int,call,base,-1
14517,419,17,64,int,call,base,-1
14518,419,18,64,int,call,base,-1
14519,419,19,64,int,call,base,-1
14520,419,20,64,int,call,base,-1
14521,419,21,64,int,call,base,-1
14522,419,22,64,int,call,base,-1
14523,419,23,64,int,call,base,-1
14524,419,24,64,int,call,base,-1
14525,419,25,64,int,call,base,-1
14526,419,26,64,int,call,base,-1
14527,419,27,64,int,call,base,-1
14528,419,28,64,int,call,base,-1
14529,419,29,64,int,call,base,-1
14530,419,30,64,int,call,base,-1
14531,419,31,64,int,call,base,-1
14532,419,32,64,int,call,base,-1
14533,419,33,64,int,call,base,-1
14534,419,34,64,int,call,base,-1
14535,419,35,64,int,call,base,-1
14536,419,36,64,int,call,base,-1
14537,419,37,64,int,call,base,-1
14538,419,38,64,int,call,base,-1
14539,419,39,64,int,call,base,-1
14540,419,40,64,int,call,base,-1
14541,419,41,64,int,call,base,-1
14542,419,42,64,int,call,base,-1
14543,419,43,64,int,call,base,-1
14544,419,44,64,int,call,base,-1
14545,419,45,64,int,call,base,-1
14546,419,46,64,int,call,base,-1
14547,419,47,64,int,call,base,-1
14548,419,48,64,int,call,base,-1
14549,419,49,64,int,call,base,-1
14550,419,50,64,int,call,base,-1
14551,419,51,64,int,call,base,-1
14552,419,52,64,int,call,base,-1
14553,419,53,64,int,call,base,-1
14554,419,54,64,int,call,base,-1
14555,419,55,64,int,call,base,-1
14556,419,56,64,int,call,base,-1
14557,419,57,64,int,call,base,-1
14558,419,58,64,int,call,base,-1
14559,419,59,64,int,call,base,-1
14560,419,60,64,int,call,base,-1
14561,419,61,64,int,call,base,-1
14562,419,62,64,int,call,base,-1
14563,419,63,64,int,call,base,-1
14564,423,0,64,ptr,addrspacecast,pointer,0
14565,423,1,64,ptr,addrspacecast,pointer,0
14566,423,2,64,ptr,addrspacecast,pointer,0
14567,423,3,64,ptr,addrspacecast,pointer,0
14568,423,4,64,ptr,addrspacecast,pointer,0
14569,423,5,64,ptr,addrspacecast,pointer,0
14570,423,6,64,ptr,addrspacecast,pointer,0
14571,423,7,64,ptr,addrspacecast,pointer,0
14572,423,8,64,ptr,addrspacecast,pointer,0
14573,423,9,64,ptr,addrspacecast,pointer,0
14574,423,10,64,ptr,addrspacecast,pointer,0
14575,423,11,64,ptr,addrspacecast,pointer,0
14576,423,12,64,ptr,addrspacecast,pointer,0
14577,423,13,64,ptr,addrspacecast,pointer,0
14578,423,14,64,ptr,addrspacecast,pointer,0
14579,423,15,64,ptr,addrspacecast,pointer,0
14580,423,16,64,ptr,addrspacecast,pointer,0
14581,423,17,64,ptr,addrspacecast,pointer,0
14582,423,18,64,ptr,addrspacecast,pointer,0
14583,423,19,64,ptr,addrspacecast,pointer,0
14584,423,20,64,ptr,addrspacecast,pointer,0
14585,423,21,64,ptr,addrspacecast,pointer,0
14586,423,22,64,ptr,addrspacecast,pointer,0
14587,423,23,64,ptr,addrspacecast,pointer,0
14588,423,24,64,ptr,addrspacecast,pointer,0
14589,423,25,64,ptr,addrspacecast,pointer,0
14590,423,26,64,ptr,addrspacecast,pointer,0
14591,423,27,64,ptr,addrspacecast,pointer,0
14592,423,28,64,ptr,addrspacecast,pointer,0
14593,423,29,64,ptr,addrspacecast,pointer,0
14594,423,30,64,ptr,addrspacecast,pointer,0
14595,423,31,64,ptr,addrspacecast,pointer,0
14596,423,32,64,ptr,addrspacecast,pointer,0
14597,423,33,64,ptr,addrspacecast,pointer,0
14598,423,34,64,ptr,addrspacecast,pointer,0
14599,423,35,64,ptr,addrspacecast,pointer,0
14600,423,36,64,ptr,addrspacecast,pointer,0
14601,423,37,64,ptr,addrspacecast,pointer,0
14602,423,38,64,ptr,addrspacecast,pointer,0
14603,423,39,64,ptr,addrspacecast,pointer,0
14604,423,40,64,ptr,addrspacecast,pointer,0
14605,423,41,64,ptr,addrspacecast,pointer,0
14606,423,42,64,ptr,addrspacecast,pointer,0
14607,423,43,64,ptr,addrspacecast,pointer,0
14608,423,44,64,ptr,addrspacecast,pointer,0
14609,423,45,64,ptr,addrspacecast,pointer,0
14610,423,46,64,ptr,addrspacecast,pointer,0
14611,423,47,64,ptr,addrspacecast,pointer,0
14612,423,48,64,ptr,addrspacecast,pointer,0
14613,423,49,64,ptr,addrspacecast,pointer,0
14614,423,50,64,ptr,addrspacecast,pointer,0
14615,423,51,64,ptr,addrspacecast,pointer,0
14616,423,52,64,ptr,addrspacecast,pointer,0
14617,423,53,64,ptr,addrspacecast,pointer,0
14618,423,54,64,ptr,addrspacecast,pointer,0
14619,423,55,64,ptr,addrspacecast,pointer,0
14620,423,56,64,ptr,addrspacecast,pointer,0
14621,423,57,64,ptr,addrspacecast,pointer,0
14622,423,58,64,ptr,addrspacecast,pointer,0
14623,423,59,64,ptr,addrspacecast,pointer,0
14624,423,60,64,ptr,addrspacecast,pointer,0
14625,423,61,64,ptr,addrspacecast,pointer,0
14626,423,62,64,ptr,addrspacecast,pointer,0
14627,423,63,64,ptr,addrspacecast,pointer,0
14628,425,0,64,ptr,addrspacecast,pointer,0
14629,425,1,64,ptr,addrspacecast,pointer,0
14630,425,2,64,ptr,addrspacecast,pointer,0
14631,425,3,64,ptr,addrspacecast,pointer,0
14632,425,4,64,ptr,addrspacecast,pointer,0
14633,425,5,64,ptr,addrspacecast,pointer,0
14634,425,6,64,ptr,addrspacecast,pointer,0
14635,425,7,64,ptr,addrspacecast,pointer,0
14636,425,8,64,ptr,addrspacecast,pointer,0
14637,425,9,64,ptr,addrspacecast,pointer,0
14638,425,10,64,ptr,addrspacecast,pointer,0
14639,425,11,64,ptr,addrspacecast,pointer,0
14640,425,12,64,ptr,addrspacecast,pointer,0
14641,425,13,64,ptr,addrspacecast,pointer,0
14642,425,14,64,ptr,addrspacecast,pointer,0
14643,425,15,64,ptr,addrspacecast,pointer,0
14644,425,16,64,ptr,addrspacecast,pointer,0
14645,425,17,64,ptr,addrspacecast,pointer,0
14646,425,18,64,ptr,addrspacecast,pointer,0
14647,425,19,64,ptr,addrspacecast,pointer,0
14648,425,20,64,ptr,addrspacecast,pointer,0
14649,425,21,64,ptr,addrspacecast,pointer,0
14650,425,22,64,ptr,addrspacecast,pointer,0
14651,425,23,64,ptr,addrspacecast,pointer,0
14652,425,24,64,ptr,addrspacecast,pointer,0
14653,425,25,64,ptr,addrspacecast,pointer,0
14654,425,26,64,ptr,addrspacecast,pointer,0
14655,425,27,64,ptr,addrspacecast,pointer,0
14656,425,28,64,ptr,addrspacecast,pointer,0
14657,425,29,64,ptr,addrspacecast,pointer,0
14658,425,30,64,ptr,addrspacecast,pointer,0
14659,425,31,64,ptr,addrspacecast,pointer,0
14660,425,32,64,ptr,addrspacecast,pointer,0
14661,425,33,64,ptr,addrspacecast,pointer,0
14662,425,34,64,ptr,addrspacecast,pointer,0
14663,425,35,64,ptr,addrspacecast,pointer,0
14664,425,36,64,ptr,addrspacecast,pointer,0
14665,425,37,64,ptr,addrspacecast,pointer,0
14666,425,38,64,ptr,addrspacecast,pointer,0
14667,425,39,64,ptr,addrspacecast,pointer,0
14668,425,40,64,ptr,addrspacecast,pointer,0
14669,425,41,64,ptr,addrspacecast,pointer,0
14670,425,42,64,ptr,addrspacecast,pointer,0
14671,425,43,64,ptr,addrspacecast,pointer,0
14672,425,44,64,ptr,addrspacecast,pointer,0
14673,425,45,64,ptr,addrspacecast,pointer,0
14674,425,46,64,ptr,addrspacecast,pointer,0
14675,425,47,64,ptr,addrspacecast,pointer,0
14676,425,48,64,ptr,addrspacecast,pointer,0
14677,425,49,64,ptr,addrspacecast,pointer,0
14678,425,50,64,ptr,addrspacecast,pointer,0
14679,425,51,64,ptr,addrspacecast,pointer,0
14680,425,52,64,ptr,addrspacecast,pointer,0
14681,425,53,64,ptr,addrspacecast,pointer,0
14682,425,54,64,ptr,addrspacecast,pointer,0
14683,425,55,64,ptr,addrspacecast,pointer,0
14684,425,56,64,ptr,addrspacecast,pointer,0
14685,425,57,64,ptr,addrspacecast,pointer,0
14686,425,58,64,ptr,addrspacecast,pointer,0
14687,425,59,64,ptr,addrspacecast,pointer,0
14688,425,60,64,ptr,addrspacecast,pointer,0
14689,425,61,64,ptr,addrspacecast,pointer,0
14690,425,62,64,ptr,addrspacecast,pointer,0
14691,425,63,64,ptr,addrspacecast,pointer,0
14692,427,0,64,ptr,load,pointer,0
14693,427,1,64,ptr,load,pointer,0
14694,427,2,64,ptr,load,pointer,0
14695,427,3,64,ptr,load,pointer,0
14696,427,4,64,ptr,load,pointer,0
14697,427,5,64,ptr,load,pointer,0
14698,427,6,64,ptr,load,pointer,0
14699,427,7,64,ptr,load,pointer,0
14700,427,8,64,ptr,load,pointer,0
14701,427,9,64,ptr,load,pointer,0
14702,427,10,64,ptr,load,pointer,0
14703,427,11,64,ptr,load,pointer,0
14704,427,12,64,ptr,load,pointer,0
14705,427,13,64,ptr,load,pointer,0
14706,427,14,64,ptr,load,pointer,0
14707,427,15,64,ptr,load,pointer,0
14708,427,16,64,ptr,load,pointer,0
14709,427,17,64,ptr,load,pointer,0
14710,427,18,64,ptr,load,pointer,0
14711,427,19,64,ptr,load,pointer,0
14712,427,20,64,ptr,load,pointer,0
14713,427,21,64,ptr,load,pointer,0
14714,427,22,64,ptr,load,pointer,0
14715,427,23,64,ptr,load,pointer,0
14716,427,24,64,ptr,load,pointer,0
14717,427,25,64,ptr,load,pointer,0
14718,427,26,64,ptr,load,pointer,0
14719,427,27,64,ptr,load,pointer,0
14720,427,28,64,ptr,load,pointer,0
14721,427,29,64,ptr,load,pointer,0
14722,427,30,64,ptr,load,pointer,0
14723,427,31,64,ptr,load,pointer,0
14724,427,32,64,ptr,load,pointer,0
14725,427,33,64,ptr,load,pointer,0
14726,427,34,64,ptr,load,pointer,0
14727,427,35,64,ptr,load,pointer,0
14728,427,36,64,ptr,load,pointer,0
14729,427,37,64,ptr,load,pointer,0
14730,427,38,64,ptr,load,pointer,0
14731,427,39,64,ptr,load,pointer,0
14732,427,40,64,ptr,load,pointer,0
14733,427,41,64,ptr,load,pointer,0
14734,427,42,64,ptr,load,pointer,0
14735,427,43,64,ptr,load,pointer,0
14736,427,44,64,ptr,load,pointer,0
14737,427,45,64,ptr,load,pointer,0
14738,427,46,64,ptr,load,pointer,0
14739,427,47,64,ptr,load,pointer,0
14740,427,48,64,ptr,load,pointer,0
14741,427,49,64,ptr,load,pointer,0
14742,427,50,64,ptr,load,pointer,0
14743,427,51,64,ptr,load,pointer,0
14744,427,52,64,ptr,load,pointer,0
14745,427,53,64,ptr,load,pointer,0
14746,427,54,64,ptr,load,pointer,0
14747,427,55,64,ptr,load,pointer,0
14748,427,56,64,ptr,load,pointer,0
14749,427,57,64,ptr,load,pointer,0
14750,427,58,64,ptr,load,pointer,0
14751,427,59,64,ptr,load,pointer,0
14752,427,60,64,ptr,load,pointer,0
14753,427,61,64,ptr,load,pointer,0
14754,427,62,64,ptr,load,pointer,0
14755,427,63,64,ptr,load,pointer,0
14756,428,0,64,int,load,base,-1
14757,428,1,64,int,load,base,-1
14758,428,2,64,int,load,base,-1
14759,428,3,64,int,load,base,-1
14760,428,4,64,int,load,base,-1
14761,428,5,64,int,load,base,-1
14762,428,6,64,int,load,base,-1
14763,428,7,64,int,load,base,-1
14764,428,8,64,int,load,base,-1
14765,428,9,64,int,load,base,-1
14766,428,10,64,int,load,base,-1
14767,428,11,64,int,load,base,-1
14768,428,12,64,int,load,base,-1
14769,428,13,64,int,load,base,-1
14770,428,14,64,int,load,base,-1
14771,428,15,64,int,load,base,-1
14772,428,16,64,int,load,base,-1
14773,428,17,64,int,load,base,-1
14774,428,18,64,int,load,base,-1
14775,428,19,64,int,load,base,-1
14776,428,20,64,int,load,base,-1
14777,428,21,64,int,load,base,-1
14778,428,22,64,int,load,base,-1
14779,428,23,64,int,load,base,-1
14780,428,24,64,int,load,base,-1
14781,428,25,64,int,load,base,-1
14782,428,26,64,int,load,base,-1
14783,428,27,64,int,load,base,-1
14784,428,28,64,int,load,base,-1
14785,428,29,64,int,load,base,-1
14786,428,30,64,int,load,base,-1
14787,428,31,64,int,load,base,-1
14788,428,32,64,int,load,base,-1
14789,428,33,64,int,load,base,-1
14790,428,34,64,int,load,base,-1
14791,428,35,64,int,load,base,-1
14792,428,36,64,int,load,base,-1
14793,428,37,64,int,load,base,-1
14794,428,38,64,int,load,base,-1
14795,428,39,64,int,load,base,-1
14796,428,40,64,int,load,base,-1
14797,428,41,64,int,load,base,-1
14798,428,42,64,int,load,base,-1
14799,428,43,64,int,load,base,-1
14800,428,44,64,int,load,base,-1
14801,428,45,64,int,load,base,-1
14802,428,46,64,int,load,base,-1
14803,428,47,64,int,load,base,-1
14804,428,48,64,int,load,base,-1
14805,428,49,64,int,load,base,-1
14806,428,50,64,int,load,base,-1
14807,428,51,64,int,load,base,-1
14808,428,52,64,int,load,base,-1
14809,428,53,64,int,load,base,-1
14810,428,54,64,int,load,base,-1
14811,428,55,64,int,load,base,-1
14812,428,56,64,int,load,base,-1
14813,428,57,64,int,load,base,-1
14814,428,58,64,int,load,base,-1
14815,428,59,64,int,load,base,-1
14816,428,60,64,int,load,base,-1
14817,428,61,64,int,load,base,-1
14818,428,62,64,int,load,base,-1
14819,428,63,64,int,load,base,-1
14820,429,0,64,ptr,load,pointer,0
14821,429,1,64,ptr,load,pointer,0
14822,429,2,64,ptr,load,pointer,0
14823,429,3,64,ptr,load,pointer,0
14824,429,4,64,ptr,load,pointer,0
14825,429,5,64,ptr,load,pointer,0
14826,429,6,64,ptr,load,pointer,0
14827,429,7,64,ptr,load,pointer,0
14828,429,8,64,ptr,load,pointer,0
14829,429,9,64,ptr,load,pointer,0
14830,429,10,64,ptr,load,pointer,0
14831,429,11,64,ptr,load,pointer,0
14832,429,12,64,ptr,load,pointer,0
14833,429,13,64,ptr,load,pointer,0
14834,429,14,64,ptr,load,pointer,0
14835,429,15,64,ptr,load,pointer,0
14836,429,16,64,ptr,load,pointer,0
14837,429,17,64,ptr,load,pointer,0
14838,429,18,64,ptr,load,pointer,0
14839,429,19,64,ptr,load,pointer,0
14840,429,20,64,ptr,load,pointer,0
14841,429,21,64,ptr,load,pointer,0
14842,429,22,64,ptr,load,pointer,0
14843,429,23,64,ptr,load,pointer,0
14844,429,24,64,ptr,load,pointer,0
14845,429,25,64,ptr,load,pointer,0
14846,429,26,64,ptr,load,pointer,0
14847,429,27,64,ptr,load,pointer,0
14848,429,28,64,ptr,load,pointer,0
14849,429,29,64,ptr,load,pointer,0
14850,429,30,64,ptr,load,pointer,0
14851,429,31,64,ptr,load,pointer,0
14852,429,32,64,ptr,load,pointer,0
14853,429,33,64,ptr,load,pointer,0
14854,429,34,64,ptr,load,pointer,0
14855,429,35,64,ptr,load,pointer,0
14856,429,36,64,ptr,load,pointer,0
14857,429,37,64,ptr,load,pointer,0
14858,429,38,64,ptr,load,pointer,0
14859,429,39,64,ptr,load,pointer,0
14860,429,40,64,ptr,load,pointer,0
14861,429,41,64,ptr,load,pointer,0
14862,429,42,64,ptr,load,pointer,0
14863,429,43,64,ptr,load,pointer,0
14864,429,44,64,ptr,load,pointer,0
14865,429,45,64,ptr,load,pointer,0
14866,429,46,64,ptr,load,pointer,0
14867,429,47,64,ptr,load,pointer,0
14868,429,48,64,ptr,load,pointer,0
14869,429,49,64,ptr,load,pointer,0
14870,429,50,64,ptr,load,pointer,0
14871,429,51,64,ptr,load,pointer,0
14872,429,52,64,ptr,load,pointer,0
14873,429,53,64,ptr,load,pointer,0
14874,429,54,64,ptr,load,pointer,0
14875,429,55,64,ptr,load,pointer,0
14876,429,56,64,ptr,load,pointer,0
14877,429,57,64,ptr,load,pointer,0
14878,429,58,64,ptr,load,pointer,0
14879,429,59,64,ptr,load,pointer,0
14880,429,60,64,ptr,load,pointer,0
14881,429,61,64,ptr,load,pointer,0
14882,429,62,64,ptr,load,pointer,0
14883,429,63,64,ptr,load,pointer,0
14884,432,0,64,ptr,addrspacecast,pointer,0
14885,432,1,64,ptr,addrspacecast,pointer,0
14886,432,2,64,ptr,addrspacecast,pointer,0
14887,432,3,64,ptr,addrspacecast,pointer,0
14888,432,4,64,ptr,addrspacecast,pointer,0
14889,432,5,64,ptr,addrspacecast,pointer,0
14890,432,6,64,ptr,addrspacecast,pointer,0
14891,432,7,64,ptr,addrspacecast,pointer,0
14892,432,8,64,ptr,addrspacecast,pointer,0
14893,432,9,64,ptr,addrspacecast,pointer,0
14894,432,10,64,ptr,addrspacecast,pointer,0
14895,432,11,64,ptr,addrspacecast,pointer,0
14896,432,12,64,ptr,addrspacecast,pointer,0
14897,432,13,64,ptr,addrspacecast,pointer,0
14898,432,14,64,ptr,addrspacecast,pointer,0
14899,432,15,64,ptr,addrspacecast,pointer,0
14900,432,16,64,ptr,addrspacecast,pointer,0
14901,432,17,64,ptr,addrspacecast,pointer,0
14902,432,18,64,ptr,addrspacecast,pointer,0
14903,432,19,64,ptr,addrspacecast,pointer,0
14904,432,20,64,ptr,addrspacecast,pointer,0
14905,432,21,64,ptr,addrspacecast,pointer,0
14906,432,22,64,ptr,addrspacecast,pointer,0
14907,432,23,64,ptr,addrspacecast,pointer,0
14908,432,24,64,ptr,addrspacecast,pointer,0
14909,432,25,64,ptr,addrspacecast,pointer,0
14910,432,26,64,ptr,addrspacecast,pointer,0
14911,432,27,64,ptr,addrspacecast,pointer,0
14912,432,28,64,ptr,addrspacecast,pointer,0
14913,432,29,64,ptr,addrspacecast,pointer,0
14914,432,30,64,ptr,addrspacecast,pointer,0
14915,432,31,64,ptr,addrspacecast,pointer,0
14916,432,32,64,ptr,addrspacecast,pointer,0
14917,432,33,64,ptr,addrspacecast,pointer,0
14918,432,34,64,ptr,addrspacecast,pointer,0
14919,432,35,64,ptr,addrspacecast,pointer,0
14920,432,36,64,ptr,addrspacecast,pointer,0
14921,432,37,64,ptr,addrspacecast,pointer,0
14922,432,38,64,ptr,addrspacecast,pointer,0
14923,432,39,64,ptr,addrspacecast,pointer,0
14924,432,40,64,ptr,addrspacecast,pointer,0
14925,432,41,64,ptr,addrspacecast,pointer,0
14926,432,42,64,ptr,addrspacecast,pointer,0
14927,432,43,64,ptr,addrspacecast,pointer,0
14928,432,44,64,ptr,addrspacecast,pointer,0
14929,432,45,64,ptr,addrspacecast,pointer,0
14930,432,46,64,ptr,addrspacecast,pointer,0
14931,432,47,64,ptr,addrspacecast,pointer,0
14932,432,48,64,ptr,addrspacecast,pointer,0
14933,432,49,64,ptr,addrspacecast,pointer,0
14934,432,50,64,ptr,addrspacecast,pointer,0
14935,432,51,64,ptr,addrspacecast,pointer,0
14936,432,52,64,ptr,addrspacecast,pointer,0
14937,432,53,64,ptr,addrspacecast,pointer,0
14938,432,54,64,ptr,addrspacecast,pointer,0
14939,432,55,64,ptr,addrspacecast,pointer,0
14940,432,56,64,ptr,addrspacecast,pointer,0
14941,432,57,64,ptr,addrspacecast,pointer,0
14942,432,58,64,ptr,addrspacecast,pointer,0
14943,432,59,64,ptr,addrspacecast,pointer,0
14944,432,60,64,ptr,addrspacecast,pointer,0
14945,432,61,64,ptr,addrspacecast,pointer,0
14946,432,62,64,ptr,addrspacecast,pointer,0
14947,432,63,64,ptr,addrspacecast,pointer,0
14948,434,0,64,int,extractelement,base,-1
14949,434,1,64,int,extractelement,base,-1
14950,434,2,64,int,extractelement,base,-1
14951,434,3,64,int,extractelement,base,-1
14952,434,4,64,int,extractelement,base,-1
14953,434,5,64,int,extractelement,base,-1
14954,434,6,64,int,extractelement,base,-1
14955,434,7,64,int,extractelement,base,-1
14956,434,8,64,int,extractelement,base,-1
14957,434,9,64,int,extractelement,base,-1
14958,434,10,64,int,extractelement,base,-1
14959,434,11,64,int,extractelement,base,-1
14960,434,12,64,int,extractelement,base,-1
14961,434,13,64,int,extractelement,base,-1
14962,434,14,64,int,extractelement,base,-1
14963,434,15,64,int,extractelement,base,-1
14964,434,16,64,int,extractelement,base,-1
14965,434,17,64,int,extractelement,base,-1
14966,434,18,64,int,extractelement,base,-1
14967,434,19,64,int,extractelement,base,-1
14968,434,20,64,int,extractelement,base,-1
14969,434,21,64,int,extractelement,base,-1
14970,434,22,64,int,extractelement,base,-1
14971,434,23,64,int,extractelement,base,-1
14972,434,24,64,int,extractelement,base,-1
14973,434,25,64,int,extractelement,base,-1
14974,434,26,64,int,extractelement,base,-1
14975,434,27,64,int,extractelement,base,-1
14976,434,28,64,int,extractelement,base,-1
14977,434,29,64,int,extractelement,base,-1
14978,434,30,64,int,extractelement,base,-1
14979,434,31,64,int,extractelement,base,-1
14980,434,32,64,int,extractelement,base,-1
14981,434,33,64,int,extractelement,base,-1
14982,434,34,64,int,extractelement,base,-1
14983,434,35,64,int,extractelement,base,-1
14984,434,36,64,int,extractelement,base,-1
14985,434,37,64,int,extractelement,base,-1
14986,434,38,64,int,extractelement,base,-1
14987,434,39,64,int,extractelement,base,-1
14988,434,40,64,int,extractelement,base,-1
14989,434,41,64,int,extractelement,base,-1
14990,434,42,64,int,extractelement,base,-1
14991,434,43,64,int,extractelement,base,-1
14992,434,44,64,int,extractelement,base,-1
14993,434,45,64,int,extractelement,base,-1
14994,434,46,64,int,extractelement,base,-1
14995,434,47,64,int,extractelement,base,-1
14996,434,48,64,int,extractelement,base,-1
14997,434,49,64,int,extractelement,base,-1
14998,434,50,64,int,extractelement,base,-1
14999,434,51,64,int,extractelement,base,-1
15000,434,52,64,int,extractelement,base,-1
15001,434,53,64,int,extractelement,base,-1
15002,434,54,64,int,extractelement,base,-1
15003,434,55,64,int,extractelement,base,-1
15004,434,56,64,int,extractelement,base,-1
15005,434,57,64,int,extractelement,base,-1
15006,434,58,64,int,extractelement,base,-1
15007,434,59,64,int,extractelement,base,-1
15008,434,60,64,int,extractelement,base,-1
15009,434,61,64,int,extractelement,base,-1
15010,434,62,64,int,extractelement,base,-1
15011,434,63,64,int,extractelement,base,-1
15012,439,0,64,ptr,addrspacecast,pointer,0
15013,439,1,64,ptr,addrspacecast,pointer,0
15014,439,2,64,ptr,addrspacecast,pointer,0
15015,439,3,64,ptr,addrspacecast,pointer,0
15016,439,4,64,ptr,addrspacecast,pointer,0
15017,439,5,64,ptr,addrspacecast,pointer,0
15018,439,6,64,ptr,addrspacecast,pointer,0
15019,439,7,64,ptr,addrspacecast,pointer,0
15020,439,8,64,ptr,addrspacecast,pointer,0
15021,439,9,64,ptr,addrspacecast,pointer,0
15022,439,10,64,ptr,addrspacecast,pointer,0
15023,439,11,64,ptr,addrspacecast,pointer,0
15024,439,12,64,ptr,addrspacecast,pointer,0
15025,439,13,64,ptr,addrspacecast,pointer,0
15026,439,14,64,ptr,addrspacecast,pointer,0
15027,439,15,64,ptr,addrspacecast,pointer,0
15028,439,16,64,ptr,addrspacecast,pointer,0
15029,439,17,64,ptr,addrspacecast,pointer,0
15030,439,18,64,ptr,addrspacecast,pointer,0
15031,439,19,64,ptr,addrspacecast,pointer,0
15032,439,20,64,ptr,addrspacecast,pointer,0
15033,439,21,64,ptr,addrspacecast,pointer,0
15034,439,22,64,ptr,addrspacecast,pointer,0
15035,439,23,64,ptr,addrspacecast,pointer,0
15036,439,24,64,ptr,addrspacecast,pointer,0
15037,439,25,64,ptr,addrspacecast,pointer,0
15038,439,26,64,ptr,addrspacecast,pointer,0
15039,439,27,64,ptr,addrspacecast,pointer,0
15040,439,28,64,ptr,addrspacecast,pointer,0
15041,439,29,64,ptr,addrspacecast,pointer,0
15042,439,30,64,ptr,addrspacecast,pointer,0
15043,439,31,64,ptr,addrspacecast,pointer,0
15044,439,32,64,ptr,addrspacecast,pointer,0
15045,439,33,64,ptr,addrspacecast,pointer,0
15046,439,34,64,ptr,addrspacecast,pointer,0
15047,439,35,64,ptr,addrspacecast,pointer,0
15048,439,36,64,ptr,addrspacecast,pointer,0
15049,439,37,64,ptr,addrspacecast,pointer,0
15050,439,38,64,ptr,addrspacecast,pointer,0
15051,439,39,64,ptr,addrspacecast,pointer,0
15052,439,40,64,ptr,addrspacecast,pointer,0
15053,439,41,64,ptr,addrspacecast,pointer,0
15054,439,42,64,ptr,addrspacecast,pointer,0
15055,439,43,64,ptr,addrspacecast,pointer,0
15056,439,44,64,ptr,addrspacecast,pointer,0
15057,439,45,64,ptr,addrspacecast,pointer,0
15058,439,46,64,ptr,addrspacecast,pointer,0
15059,439,47,64,ptr,addrspacecast,pointer,0
15060,439,48,64,ptr,addrspacecast,pointer,0
15061,439,49,64,ptr,addrspacecast,pointer,0
15062,439,50,64,ptr,addrspacecast,pointer,0
15063,439,51,64,ptr,addrspacecast,pointer,0
15064,439,52,64,ptr,addrspacecast,pointer,0
15065,439,53,64,ptr,addrspacecast,pointer,0
15066,439,54,64,ptr,addrspacecast,pointer,0
15067,439,55,64,ptr,addrspacecast,pointer,0
15068,439,56,64,ptr,addrspacecast,pointer,0
15069,439,57,64,ptr,addrspacecast,pointer,0
15070,439,58,64,ptr,addrspacecast,pointer,0
15071,439,59,64,ptr,addrspacecast,pointer,0
15072,439,60,64,ptr,addrspacecast,pointer,0
15073,439,61,64,ptr,addrspacecast,pointer,0
15074,439,62,64,ptr,addrspacecast,pointer,0
15075,439,63,64,ptr,addrspacecast,pointer,0
15076,441,0,64,ptr,addrspacecast,pointer,0
15077,441,1,64,ptr,addrspacecast,pointer,0
15078,441,2,64,ptr,addrspacecast,pointer,0
15079,441,3,64,ptr,addrspacecast,pointer,0
15080,441,4,64,ptr,addrspacecast,pointer,0
15081,441,5,64,ptr,addrspacecast,pointer,0
15082,441,6,64,ptr,addrspacecast,pointer,0
15083,441,7,64,ptr,addrspacecast,pointer,0
15084,441,8,64,ptr,addrspacecast,pointer,0
15085,441,9,64,ptr,addrspacecast,pointer,0
15086,441,10,64,ptr,addrspacecast,pointer,0
15087,441,11,64,ptr,addrspacecast,pointer,0
15088,441,12,64,ptr,addrspacecast,pointer,0
15089,441,13,64,ptr,addrspacecast,pointer,0
15090,441,14,64,ptr,addrspacecast,pointer,0
15091,441,15,64,ptr,addrspacecast,pointer,0
15092,441,16,64,ptr,addrspacecast,pointer,0
15093,441,17,64,ptr,addrspacecast,pointer,0
15094,441,18,64,ptr,addrspacecast,pointer,0
15095,441,19,64,ptr,addrspacecast,pointer,0
15096,441,20,64,ptr,addrspacecast,pointer,0
15097,441,21,64,ptr,addrspacecast,pointer,0
15098,441,22,64,ptr,addrspacecast,pointer,0
15099,441,23,64,ptr,addrspacecast,pointer,0
15100,441,24,64,ptr,addrspacecast,pointer,0
15101,441,25,64,ptr,addrspacecast,pointer,0
15102,441,26,64,ptr,addrspacecast,pointer,0
15103,441,27,64,ptr,addrspacecast,pointer,0
15104,441,28,64,ptr,addrspacecast,pointer,0
15105,441,29,64,ptr,addrspacecast,pointer,0
15106,441,30,64,ptr,addrspacecast,pointer,0
15107,441,31,64,ptr,addrspacecast,pointer,0
15108,441,32,64,ptr,addrspacecast,pointer,0
15109,441,33,64,ptr,addrspacecast,pointer,0
15110,441,34,64,ptr,addrspacecast,pointer,0
15111,441,35,64,ptr,addrspacecast,pointer,0
15112,441,36,64,ptr,addrspacecast,pointer,0
15113,441,37,64,ptr,addrspacecast,pointer,0
15114,441,38,64,ptr,addrspacecast,pointer,0
15115,441,39,64,ptr,addrspacecast,pointer,0
15116,441,40,64,ptr,addrspacecast,pointer,0
15117,441,41,64,ptr,addrspacecast,pointer,0
15118,441,42,64,ptr,addrspacecast,pointer,0
15119,441,43,64,ptr,addrspacecast,pointer,0
15120,441,44,64,ptr,addrspacecast,pointer,0
15121,441,45,64,ptr,addrspacecast,pointer,0
15122,441,46,64,ptr,addrspacecast,pointer,0
15123,441,47,64,ptr,addrspacecast,pointer,0
15124,441,48,64,ptr,addrspacecast,pointer,0
15125,441,49,64,ptr,addrspacecast,pointer,0
15126,441,50,64,ptr,addrspacecast,pointer,0
15127,441,51,64,ptr,addrspacecast,pointer,0
15128,441,52,64,ptr,addrspacecast,pointer,0
15129,441,53,64,ptr,addrspacecast,pointer,0
15130,441,54,64,ptr,addrspacecast,pointer,0
15131,441,55,64,ptr,addrspacecast,pointer,0
15132,441,56,64,ptr,addrspacecast,pointer,0
15133,441,57,64,ptr,addrspacecast,pointer,0
15134,441,58,64,ptr,addrspacecast,pointer,0
15135,441,59,64,ptr,addrspacecast,pointer,0
15136,441,60,64,ptr,addrspacecast,pointer,0
15137,441,61,64,ptr,addrspacecast,pointer,0
15138,441,62,64,ptr,addrspacecast,pointer,0
15139,441,63,64,ptr,addrspacecast,pointer,0
15140,443,0,64,ptr,load,pointer,0
15141,443,1,64,ptr,load,pointer,0
15142,443,2,64,ptr,load,pointer,0
15143,443,3,64,ptr,load,pointer,0
15144,443,4,64,ptr,load,pointer,0
15145,443,5,64,ptr,load,pointer,0
15146,443,6,64,ptr,load,pointer,0
15147,443,7,64,ptr,load,pointer,0
15148,443,8,64,ptr,load,pointer,0
15149,443,9,64,ptr,load,pointer,0
15150,443,10,64,ptr,load,pointer,0
15151,443,11,64,ptr,load,pointer,0
15152,443,12,64,ptr,load,pointer,0
15153,443,13,64,ptr,load,pointer,0
15154,443,14,64,ptr,load,pointer,0
15155,443,15,64,ptr,load,pointer,0
15156,443,16,64,ptr,load,pointer,0
15157,443,17,64,ptr,load,pointer,0
15158,443,18,64,ptr,load,pointer,0
15159,443,19,64,ptr,load,pointer,0
15160,443,20,64,ptr,load,pointer,0
15161,443,21,64,ptr,load,pointer,0
15162,443,22,64,ptr,load,pointer,0
15163,443,23,64,ptr,load,pointer,0
15164,443,24,64,ptr,load,pointer,0
15165,443,25,64,ptr,load,pointer,0
15166,443,26,64,ptr,load,pointer,0
15167,443,27,64,ptr,load,pointer,0
15168,443,28,64,ptr,load,pointer,0
15169,443,29,64,ptr,load,pointer,0
15170,443,30,64,ptr,load,pointer,0
15171,443,31,64,ptr,load,pointer,0
15172,443,32,64,ptr,load,pointer,0
15173,443,33,64,ptr,load,pointer,0
15174,443,34,64,ptr,load,pointer,0
15175,443,35,64,ptr,load,pointer,0
15176,443,36,64,ptr,load,pointer,0
15177,443,37,64,ptr,load,pointer,0
15178,443,38,64,ptr,load,pointer,0
15179,443,39,64,ptr,load,pointer,0
15180,443,40,64,ptr,load,pointer,0
15181,443,41,64,ptr,load,pointer,0
15182,443,42,64,ptr,load,pointer,0
15183,443,43,64,ptr,load,pointer,0
15184,443,44,64,ptr,load,pointer,0
15185,443,45,64,ptr,load,pointer,0
15186,443,46,64,ptr,load,pointer,0
15187,443,47,64,ptr,load,pointer,0
15188,443,48,64,ptr,load,pointer,0
15189,443,49,64,ptr,load,pointer,0
15190,443,50,64,ptr,load,pointer,0
15191,443,51,64,ptr,load,pointer,0
15192,443,52,64,ptr,load,pointer,0
15193,443,53,64,ptr,load,pointer,0
15194,443,54,64,ptr,load,pointer,0
15195,443,55,64,ptr,load,pointer,0
15196,443,56,64,ptr,load,pointer,0
15197,443,57,64,ptr,load,pointer,0
15198,443,58,64,ptr,load,pointer,0
15199,443,59,64,ptr,load,pointer,0
15200,443,60,64,ptr,load,pointer,0
15201,443,61,64,ptr,load,pointer,0
15202,443,62,64,ptr,load,pointer,0
15203,443,63,64,ptr,load,pointer,0
15204,445,0,64,ptr,getelementptr,pointer,0
15205,445,1,64,ptr,getelementptr,pointer,0
15206,445,2,64,ptr,getelementptr,pointer,0
15207,445,3,64,ptr,getelementptr,pointer,0
15208,445,4,64,ptr,getelementptr,pointer,0
15209,445,5,64,ptr,getelementptr,pointer,0
15210,445,6,64,ptr,getelementptr,pointer,0
15211,445,7,64,ptr,getelementptr,pointer,0
15212,445,8,64,ptr,getelementptr,pointer,0
15213,445,9,64,ptr,getelementptr,pointer,0
15214,445,10,64,ptr,getelementptr,pointer,0
15215,445,11,64,ptr,getelementptr,pointer,0
15216,445,12,64,ptr,getelementptr,pointer,0
15217,445,13,64,ptr,getelementptr,pointer,0
15218,445,14,64,ptr,getelementptr,pointer,0
15219,445,15,64,ptr,getelementptr,pointer,0
15220,445,16,64,ptr,getelementptr,pointer,0
15221,445,17,64,ptr,getelementptr,pointer,0
15222,445,18,64,ptr,getelementptr,pointer,0
15223,445,19,64,ptr,getelementptr,pointer,0
15224,445,20,64,ptr,getelementptr,pointer,0
15225,445,21,64,ptr,getelementptr,pointer,0
15226,445,22,64,ptr,getelementptr,pointer,0
15227,445,23,64,ptr,getelementptr,pointer,0
15228,445,24,64,ptr,getelementptr,pointer,0
15229,445,25,64,ptr,getelementptr,pointer,0
15230,445,26,64,ptr,getelementptr,pointer,0
15231,445,27,64,ptr,getelementptr,pointer,0
15232,445,28,64,ptr,getelementptr,pointer,0
15233,445,29,64,ptr,getelementptr,pointer,0
15234,445,30,64,ptr,getelementptr,pointer,0
15235,445,31,64,ptr,getelementptr,pointer,0
15236,445,32,64,ptr,getelementptr,pointer,0
15237,445,33,64,ptr,getelementptr,pointer,0
15238,445,34,64,ptr,getelementptr,pointer,0
15239,445,35,64,ptr,getelementptr,pointer,0
15240,445,36,64,ptr,getelementptr,pointer,0
15241,445,37,64,ptr,getelementptr,pointer,0
15242,445,38,64,ptr,getelementptr,pointer,0
15243,445,39,64,ptr,getelementptr,pointer,0
15244,445,40,64,ptr,getelementptr,pointer,0
15245,445,41,64,ptr,getelementptr,pointer,0
15246,445,42,64,ptr,getelementptr,pointer,0
15247,445,43,64,ptr,getelementptr,pointer,0
15248,445,44,64,ptr,getelementptr,pointer,0
15249,445,45,64,ptr,getelementptr,pointer,0
15250,445,46,64,ptr,getelementptr,pointer,0
15251,445,47,64,ptr,getelementptr,pointer,0
15252,445,48,64,ptr,getelementptr,pointer,0
15253,445,49,64,ptr,getelementptr,pointer,0
15254,445,50,64,ptr,getelementptr,pointer,0
15255,445,51,64,ptr,getelementptr,pointer,0
15256,445,52,64,ptr,getelementptr,pointer,0
15257,445,53,64,ptr,getelementptr,pointer,0
15258,445,54,64,ptr,getelementptr,pointer,0
15259,445,55,64,ptr,getelementptr,pointer,0
15260,445,56,64,ptr,getelementptr,pointer,0
15261,445,57,64,ptr,getelementptr,pointer,0
15262,445,58,64,ptr,getelementptr,pointer,0
15263,445,59,64,ptr,getelementptr,pointer,0
15264,445,60,64,ptr,getelementptr,pointer,0
15265,445,61,64,ptr,getelementptr,pointer,0
15266,445,62,64,ptr,getelementptr,pointer,0
15267,445,63,64,ptr,getelementptr,pointer,0
15268,446,0,64,int,load,base,-1
15269,446,1,64,int,load,base,-1
15270,446,2,64,int,load,base,-1
15271,446,3,64,int,load,base,-1
15272,446,4,64,int,load,base,-1
15273,446,5,64,int,load,base,-1
15274,446,6,64,int,load,base,-1
15275,446,7,64,int,load,base,-1
15276,446,8,64,int,load,base,-1
15277,446,9,64,int,load,base,-1
15278,446,10,64,int,load,base,-1
15279,446,11,64,int,load,base,-1
15280,446,12,64,int,load,base,-1
15281,446,13,64,int,load,base,-1
15282,446,14,64,int,load,base,-1
15283,446,15,64,int,load,base,-1
15284,446,16,64,int,load,base,-1
15285,446,17,64,int,load,base,-1
15286,446,18,64,int,load,base,-1
15287,446,19,64,int,load,base,-1
15288,446,20,64,int,load,base,-1
15289,446,21,64,int,load,base,-1
15290,446,22,64,int,load,base,-1
15291,446,23,64,int,load,base,-1
15292,446,24,64,int,load,base,-1
15293,446,25,64,int,load,base,-1
15294,446,26,64,int,load,base,-1
15295,446,27,64,int,load,base,-1
15296,446,28,64,int,load,base,-1
15297,446,29,64,int,load,base,-1
15298,446,30,64,int,load,base,-1
15299,446,31,64,int,load,base,-1
15300,446,32,64,int,load,base,-1
15301,446,33,64,int,load,base,-1
15302,446,34,64,int,load,base,-1
15303,446,35,64,int,load,base,-1
15304,446,36,64,int,load,base,-1
15305,446,37,64,int,load,base,-1
15306,446,38,64,int,load,base,-1
15307,446,39,64,int,load,base,-1
15308,446,40,64,int,load,base,-1
15309,446,41,64,int,load,base,-1
15310,446,42,64,int,load,base,-1
15311,446,43,64,int,load,base,-1
15312,446,44,64,int,load,base,-1
15313,446,45,64,int,load,base,-1
15314,446,46,64,int,load,base,-1
15315,446,47,64,int,load,base,-1
15316,446,48,64,int,load,base,-1
15317,446,49,64,int,load,base,-1
15318,446,50,64,int,load,base,-1
15319,446,51,64,int,load,base,-1
15320,446,52,64,int,load,base,-1
15321,446,53,64,int,load,base,-1
15322,446,54,64,int,load,base,-1
15323,446,55,64,int,load,base,-1
15324,446,56,64,int,load,base,-1
15325,446,57,64,int,load,base,-1
15326,446,58,64,int,load,base,-1
15327,446,59,64,int,load,base,-1
15328,446,60,64,int,load,base,-1
15329,446,61,64,int,load,base,-1
15330,446,62,64,int,load,base,-1
15331,446,63,64,int,load,base,-1
15332,447,0,64,ptr,load,pointer,0
15333,447,1,64,ptr,load,pointer,0
15334,447,2,64,ptr,load,pointer,0
15335,447,3,64,ptr,load,pointer,0
15336,447,4,64,ptr,load,pointer,0
15337,447,5,64,ptr,load,pointer,0
15338,447,6,64,ptr,load,pointer,0
15339,447,7,64,ptr,load,pointer,0
15340,447,8,64,ptr,load,pointer,0
15341,447,9,64,ptr,load,pointer,0
15342,447,10,64,ptr,load,pointer,0
15343,447,11,64,ptr,load,pointer,0
15344,447,12,64,ptr,load,pointer,0
15345,447,13,64,ptr,load,pointer,0
15346,447,14,64,ptr,load,pointer,0
15347,447,15,64,ptr,load,pointer,0
15348,447,16,64,ptr,load,pointer,0
15349,447,17,64,ptr,load,pointer,0
15350,447,18,64,ptr,load,pointer,0
15351,447,19,64,ptr,load,pointer,0
15352,447,20,64,ptr,load,pointer,0
15353,447,21,64,ptr,load,pointer,0
15354,447,22,64,ptr,load,pointer,0
15355,447,23,64,ptr,load,pointer,0
15356,447,24,64,ptr,load,pointer,0
15357,447,25,64,ptr,load,pointer,0
15358,447,26,64,ptr,load,pointer,0
15359,447,27,64,ptr,load,pointer,0
15360,447,28,64,ptr,load,pointer,0
15361,447,29,64,ptr,load,pointer,0
15362,447,30,64,ptr,load,pointer,0
15363,447,31,64,ptr,load,pointer,0
15364,447,32,64,ptr,load,pointer,0
15365,447,33,64,ptr,load,pointer,0
15366,447,34,64,ptr,load,pointer,0
15367,447,35,64,ptr,load,pointer,0
15368,447,36,64,ptr,load,pointer,0
15369,447,37,64,ptr,load,pointer,0
15370,447,38,64,ptr,load,pointer,0
15371,447,39,64,ptr,load,pointer,0
15372,447,40,64,ptr,load,pointer,0
15373,447,41,64,ptr,load,pointer,0
15374,447,42,64,ptr,load,pointer,0
15375,447,43,64,ptr,load,pointer,0
15376,447,44,64,ptr,load,pointer,0
15377,447,45,64,ptr,load,pointer,0
15378,447,46,64,ptr,load,pointer,0
15379,447,47,64,ptr,load,pointer,0
15380,447,48,64,ptr,load,pointer,0
15381,447,49,64,ptr,load,pointer,0
15382,447,50,64,ptr,load,pointer,0
15383,447,51,64,ptr,load,pointer,0
15384,447,52,64,ptr,load,pointer,0
15385,447,53,64,ptr,load,pointer,0
15386,447,54,64,ptr,load,pointer,0
15387,447,55,64,ptr,load,pointer,0
15388,447,56,64,ptr,load,pointer,0
15389,447,57,64,ptr,load,pointer,0
15390,447,58,64,ptr,load,pointer,0
15391,447,59,64,ptr,load,pointer,0
15392,447,60,64,ptr,load,pointer,0
15393,447,61,64,ptr,load,pointer,0
15394,447,62,64,ptr,load,pointer,0
15395,447,63,64,ptr,load,pointer,0
15396,454,0,64,ptr,addrspacecast,pointer,0
15397,454,1,64,ptr,addrspacecast,pointer,0
15398,454,2,64,ptr,addrspacecast,pointer,0
15399,454,3,64,ptr,addrspacecast,pointer,0
15400,454,4,64,ptr,addrspacecast,pointer,0
15401,454,5,64,ptr,addrspacecast,pointer,0
15402,454,6,64,ptr,addrspacecast,pointer,0
15403,454,7,64,ptr,addrspacecast,pointer,0
15404,454,8,64,ptr,addrspacecast,pointer,0
15405,454,9,64,ptr,addrspacecast,pointer,0
15406,454,10,64,ptr,addrspacecast,pointer,0
15407,454,11,64,ptr,addrspacecast,pointer,0
15408,454,12,64,ptr,addrspacecast,pointer,0
15409,454,13,64,ptr,addrspacecast,pointer,0
15410,454,14,64,ptr,addrspacecast,pointer,0
15411,454,15,64,ptr,addrspacecast,pointer,0
15412,454,16,64,ptr,addrspacecast,pointer,0
15413,454,17,64,ptr,addrspacecast,pointer,0
15414,454,18,64,ptr,addrspacecast,pointer,0
15415,454,19,64,ptr,addrspacecast,pointer,0
15416,454,20,64,ptr,addrspacecast,pointer,0
15417,454,21,64,ptr,addrspacecast,pointer,0
15418,454,22,64,ptr,addrspacecast,pointer,0
15419,454,23,64,ptr,addrspacecast,pointer,0
15420,454,24,64,ptr,addrspacecast,pointer,0
15421,454,25,64,ptr,addrspacecast,pointer,0
15422,454,26,64,ptr,addrspacecast,pointer,0
15423,454,27,64,ptr,addrspacecast,pointer,0
15424,454,28,64,ptr,addrspacecast,pointer,0
15425,454,29,64,ptr,addrspacecast,pointer,0
15426,454,30,64,ptr,addrspacecast,pointer,0
15427,454,31,64,ptr,addrspacecast,pointer,0
15428,454,32,64,ptr,addrspacecast,pointer,0
15429,454,33,64,ptr,addrspacecast,pointer,0
15430,454,34,64,ptr,addrspacecast,pointer,0
15431,454,35,64,ptr,addrspacecast,pointer,0
15432,454,36,64,ptr,addrspacecast,pointer,0
15433,454,37,64,ptr,addrspacecast,pointer,0
15434,454,38,64,ptr,addrspacecast,pointer,0
15435,454,39,64,ptr,addrspacecast,pointer,0
15436,454,40,64,ptr,addrspacecast,pointer,0
15437,454,41,64,ptr,addrspacecast,pointer,0
15438,454,42,64,ptr,addrspacecast,pointer,0
15439,454,43,64,ptr,addrspacecast,pointer,0
15440,454,44,64,ptr,addrspacecast,pointer,0
15441,454,45,64,ptr,addrspacecast,pointer,0
15442,454,46,64,ptr,addrspacecast,pointer,0
15443,454,47,64,ptr,addrspacecast,pointer,0
15444,454,48,64,ptr,addrspacecast,pointer,0
15445,454,49,64,ptr,addrspacecast,pointer,0
15446,454,50,64,ptr,addrspacecast,pointer,0
15447,454,51,64,ptr,addrspacecast,pointer,0
15448,454,52,64,ptr,addrspacecast,pointer,0
15449,454,53,64,ptr,addrspacecast,pointer,0
15450,454,54,64,ptr,addrspacecast,pointer,0
15451,454,55,64,ptr,addrspacecast,pointer,0
15452,454,56,64,ptr,addrspacecast,pointer,0
15453,454,57,64,ptr,addrspacecast,pointer,0
15454,454,58,64,ptr,addrspacecast,pointer,0
15455,454,59,64,ptr,addrspacecast,pointer,0
15456,454,60,64,ptr,addrspacecast,pointer,0
15457,454,61,64,ptr,addrspacecast,pointer,0
15458,454,62,64,ptr,addrspacecast,pointer,0
15459,454,63,64,ptr,addrspacecast,pointer,0
15460,456,0,64,ptr,addrspacecast,pointer,0
15461,456,1,64,ptr,addrspacecast,pointer,0
15462,456,2,64,ptr,addrspacecast,pointer,0
15463,456,3,64,ptr,addrspacecast,pointer,0
15464,456,4,64,ptr,addrspacecast,pointer,0
15465,456,5,64,ptr,addrspacecast,pointer,0
15466,456,6,64,ptr,addrspacecast,pointer,0
15467,456,7,64,ptr,addrspacecast,pointer,0
15468,456,8,64,ptr,addrspacecast,pointer,0
15469,456,9,64,ptr,addrspacecast,pointer,0
15470,456,10,64,ptr,addrspacecast,pointer,0
15471,456,11,64,ptr,addrspacecast,pointer,0
15472,456,12,64,ptr,addrspacecast,pointer,0
15473,456,13,64,ptr,addrspacecast,pointer,0
15474,456,14,64,ptr,addrspacecast,pointer,0
15475,456,15,64,ptr,addrspacecast,pointer,0
15476,456,16,64,ptr,addrspacecast,pointer,0
15477,456,17,64,ptr,addrspacecast,pointer,0
15478,456,18,64,ptr,addrspacecast,pointer,0
15479,456,19,64,ptr,addrspacecast,pointer,0
15480,456,20,64,ptr,addrspacecast,pointer,0
15481,456,21,64,ptr,addrspacecast,pointer,0
15482,456,22,64,ptr,addrspacecast,pointer,0
15483,456,23,64,ptr,addrspacecast,pointer,0
15484,456,24,64,ptr,addrspacecast,pointer,0
15485,456,25,64,ptr,addrspacecast,pointer,0
15486,456,26,64,ptr,addrspacecast,pointer,0
15487,456,27,64,ptr,addrspacecast,pointer,0
15488,456,28,64,ptr,addrspacecast,pointer,0
15489,456,29,64,ptr,addrspacecast,pointer,0
15490,456,30,64,ptr,addrspacecast,pointer,0
15491,456,31,64,ptr,addrspacecast,pointer,0
15492,456,32,64,ptr,addrspacecast,pointer,0
15493,456,33,64,ptr,addrspacecast,pointer,0
15494,456,34,64,ptr,addrspacecast,pointer,0
15495,456,35,64,ptr,addrspacecast,pointer,0
15496,456,36,64,ptr,addrspacecast,pointer,0
15497,456,37,64,ptr,addrspacecast,pointer,0
15498,456,38,64,ptr,addrspacecast,pointer,0
15499,456,39,64,ptr,addrspacecast,pointer,0
15500,456,40,64,ptr,addrspacecast,pointer,0
15501,456,41,64,ptr,addrspacecast,pointer,0
15502,456,42,64,ptr,addrspacecast,pointer,0
15503,456,43,64,ptr,addrspacecast,pointer,0
15504,456,44,64,ptr,addrspacecast,pointer,0
15505,456,45,64,ptr,addrspacecast,pointer,0
15506,456,46,64,ptr,addrspacecast,pointer,0
15507,456,47,64,ptr,addrspacecast,pointer,0
15508,456,48,64,ptr,addrspacecast,pointer,0
15509,456,49,64,ptr,addrspacecast,pointer,0
15510,456,50,64,ptr,addrspacecast,pointer,0
15511,456,51,64,ptr,addrspacecast,pointer,0
15512,456,52,64,ptr,addrspacecast,pointer,0
15513,456,53,64,ptr,addrspacecast,pointer,0
15514,456,54,64,ptr,addrspacecast,pointer,0
15515,456,55,64,ptr,addrspacecast,pointer,0
15516,456,56,64,ptr,addrspacecast,pointer,0
15517,456,57,64,ptr,addrspacecast,pointer,0
15518,456,58,64,ptr,addrspacecast,pointer,0
15519,456,59,64,ptr,addrspacecast,pointer,0
15520,456,60,64,ptr,addrspacecast,pointer,0
15521,456,61,64,ptr,addrspacecast,pointer,0
15522,456,62,64,ptr,addrspacecast,pointer,0
15523,456,63,64,ptr,addrspacecast,pointer,0
15524,458,0,64,ptr,addrspacecast,pointer,0
15525,458,1,64,ptr,addrspacecast,pointer,0
15526,458,2,64,ptr,addrspacecast,pointer,0
15527,458,3,64,ptr,addrspacecast,pointer,0
15528,458,4,64,ptr,addrspacecast,pointer,0
15529,458,5,64,ptr,addrspacecast,pointer,0
15530,458,6,64,ptr,addrspacecast,pointer,0
15531,458,7,64,ptr,addrspacecast,pointer,0
15532,458,8,64,ptr,addrspacecast,pointer,0
15533,458,9,64,ptr,addrspacecast,pointer,0
15534,458,10,64,ptr,addrspacecast,pointer,0
15535,458,11,64,ptr,addrspacecast,pointer,0
15536,458,12,64,ptr,addrspacecast,pointer,0
15537,458,13,64,ptr,addrspacecast,pointer,0
15538,458,14,64,ptr,addrspacecast,pointer,0
15539,458,15,64,ptr,addrspacecast,pointer,0
15540,458,16,64,ptr,addrspacecast,pointer,0
15541,458,17,64,ptr,addrspacecast,pointer,0
15542,458,18,64,ptr,addrspacecast,pointer,0
15543,458,19,64,ptr,addrspacecast,pointer,0
15544,458,20,64,ptr,addrspacecast,pointer,0
15545,458,21,64,ptr,addrspacecast,pointer,0
15546,458,22,64,ptr,addrspacecast,pointer,0
15547,458,23,64,ptr,addrspacecast,pointer,0
15548,458,24,64,ptr,addrspacecast,pointer,0
15549,458,25,64,ptr,addrspacecast,pointer,0
15550,458,26,64,ptr,addrspacecast,pointer,0
15551,458,27,64,ptr,addrspacecast,pointer,0
15552,458,28,64,ptr,addrspacecast,pointer,0
15553,458,29,64,ptr,addrspacecast,pointer,0
15554,458,30,64,ptr,addrspacecast,pointer,0
15555,458,31,64,ptr,addrspacecast,pointer,0
15556,458,32,64,ptr,addrspacecast,pointer,0
15557,458,33,64,ptr,addrspacecast,pointer,0
15558,458,34,64,ptr,addrspacecast,pointer,0
15559,458,35,64,ptr,addrspacecast,pointer,0
15560,458,36,64,ptr,addrspacecast,pointer,0
15561,458,37,64,ptr,addrspacecast,pointer,0
15562,458,38,64,ptr,addrspacecast,pointer,0
15563,458,39,64,ptr,addrspacecast,pointer,0
15564,458,40,64,ptr,addrspacecast,pointer,0
15565,458,41,64,ptr,addrspacecast,pointer,0
15566,458,42,64,ptr,addrspacecast,pointer,0
15567,458,43,64,ptr,addrspacecast,pointer,0
15568,458,44,64,ptr,addrspacecast,pointer,0
15569,458,45,64,ptr,addrspacecast,pointer,0
15570,458,46,64,ptr,addrspacecast,pointer,0
15571,458,47,64,ptr,addrspacecast,pointer,0
15572,458,48,64,ptr,addrspacecast,pointer,0
15573,458,49,64,ptr,addrspacecast,pointer,0
15574,458,50,64,ptr,addrspacecast,pointer,0
15575,458,51,64,ptr,addrspacecast,pointer,0
15576,458,52,64,ptr,addrspacecast,pointer,0
15577,458,53,64,ptr,addrspacecast,pointer,0
15578,458,54,64,ptr,addrspacecast,pointer,0
15579,458,55,64,ptr,addrspacecast,pointer,0
15580,458,56,64,ptr,addrspacecast,pointer,0
15581,458,57,64,ptr,addrspacecast,pointer,0
15582,458,58,64,ptr,addrspacecast,pointer,0
15583,458,59,64,ptr,addrspacecast,pointer,0
15584,458,60,64,ptr,addrspacecast,pointer,0
15585,458,61,64,ptr,addrspacecast,pointer,0
15586,458,62,64,ptr,addrspacecast,pointer,0
15587,458,63,64,ptr,addrspacecast,pointer,0
15588,460,0,64,ptr,addrspacecast,pointer,0
15589,460,1,64,ptr,addrspacecast,pointer,0
15590,460,2,64,ptr,addrspacecast,pointer,0
15591,460,3,64,ptr,addrspacecast,pointer,0
15592,460,4,64,ptr,addrspacecast,pointer,0
15593,460,5,64,ptr,addrspacecast,pointer,0
15594,460,6,64,ptr,addrspacecast,pointer,0
15595,460,7,64,ptr,addrspacecast,pointer,0
15596,460,8,64,ptr,addrspacecast,pointer,0
15597,460,9,64,ptr,addrspacecast,pointer,0
15598,460,10,64,ptr,addrspacecast,pointer,0
15599,460,11,64,ptr,addrspacecast,pointer,0
15600,460,12,64,ptr,addrspacecast,pointer,0
15601,460,13,64,ptr,addrspacecast,pointer,0
15602,460,14,64,ptr,addrspacecast,pointer,0
15603,460,15,64,ptr,addrspacecast,pointer,0
15604,460,16,64,ptr,addrspacecast,pointer,0
15605,460,17,64,ptr,addrspacecast,pointer,0
15606,460,18,64,ptr,addrspacecast,pointer,0
15607,460,19,64,ptr,addrspacecast,pointer,0
15608,460,20,64,ptr,addrspacecast,pointer,0
15609,460,21,64,ptr,addrspacecast,pointer,0
15610,460,22,64,ptr,addrspacecast,pointer,0
15611,460,23,64,ptr,addrspacecast,pointer,0
15612,460,24,64,ptr,addrspacecast,pointer,0
15613,460,25,64,ptr,addrspacecast,pointer,0
15614,460,26,64,ptr,addrspacecast,pointer,0
15615,460,27,64,ptr,addrspacecast,pointer,0
15616,460,28,64,ptr,addrspacecast,pointer,0
15617,460,29,64,ptr,addrspacecast,pointer,0
15618,460,30,64,ptr,addrspacecast,pointer,0
15619,460,31,64,ptr,addrspacecast,pointer,0
15620,460,32,64,ptr,addrspacecast,pointer,0
15621,460,33,64,ptr,addrspacecast,pointer,0
15622,460,34,64,ptr,addrspacecast,pointer,0
15623,460,35,64,ptr,addrspacecast,pointer,0
15624,460,36,64,ptr,addrspacecast,pointer,0
15625,460,37,64,ptr,addrspacecast,pointer,0
15626,460,38,64,ptr,addrspacecast,pointer,0
15627,460,39,64,ptr,addrspacecast,pointer,0
15628,460,40,64,ptr,addrspacecast,pointer,0
15629,460,41,64,ptr,addrspacecast,pointer,0
15630,460,42,64,ptr,addrspacecast,pointer,0
15631,460,43,64,ptr,addrspacecast,pointer,0
15632,460,44,64,ptr,addrspacecast,pointer,0
15633,460,45,64,ptr,addrspacecast,pointer,0
15634,460,46,64,ptr,addrspacecast,pointer,0
15635,460,47,64,ptr,addrspacecast,pointer,0
15636,460,48,64,ptr,addrspacecast,pointer,0
15637,460,49,64,ptr,addrspacecast,pointer,0
15638,460,50,64,ptr,addrspacecast,pointer,0
15639,460,51,64,ptr,addrspacecast,pointer,0
15640,460,52,64,ptr,addrspacecast,pointer,0
15641,460,53,64,ptr,addrspacecast,pointer,0
15642,460,54,64,ptr,addrspacecast,pointer,0
15643,460,55,64,ptr,addrspacecast,pointer,0
15644,460,56,64,ptr,addrspacecast,pointer,0
15645,460,57,64,ptr,addrspacecast,pointer,0
15646,460,58,64,ptr,addrspacecast,pointer,0
15647,460,59,64,ptr,addrspacecast,pointer,0
15648,460,60,64,ptr,addrspacecast,pointer,0
15649,460,61,64,ptr,addrspacecast,pointer,0
15650,460,62,64,ptr,addrspacecast,pointer,0
15651,460,63,64,ptr,addrspacecast,pointer,0
15652,462,0,64,ptr,addrspacecast,pointer,0
15653,462,1,64,ptr,addrspacecast,pointer,0
15654,462,2,64,ptr,addrspacecast,pointer,0
15655,462,3,64,ptr,addrspacecast,pointer,0
15656,462,4,64,ptr,addrspacecast,pointer,0
15657,462,5,64,ptr,addrspacecast,pointer,0
15658,462,6,64,ptr,addrspacecast,pointer,0
15659,462,7,64,ptr,addrspacecast,pointer,0
15660,462,8,64,ptr,addrspacecast,pointer,0
15661,462,9,64,ptr,addrspacecast,pointer,0
15662,462,10,64,ptr,addrspacecast,pointer,0
15663,462,11,64,ptr,addrspacecast,pointer,0
15664,462,12,64,ptr,addrspacecast,pointer,0
15665,462,13,64,ptr,addrspacecast,pointer,0
15666,462,14,64,ptr,addrspacecast,pointer,0
15667,462,15,64,ptr,addrspacecast,pointer,0
15668,462,16,64,ptr,addrspacecast,pointer,0
15669,462,17,64,ptr,addrspacecast,pointer,0
15670,462,18,64,ptr,addrspacecast,pointer,0
15671,462,19,64,ptr,addrspacecast,pointer,0
15672,462,20,64,ptr,addrspacecast,pointer,0
15673,462,21,64,ptr,addrspacecast,pointer,0
15674,462,22,64,ptr,addrspacecast,pointer,0
15675,462,23,64,ptr,addrspacecast,pointer,0
15676,462,24,64,ptr,addrspacecast,pointer,0
15677,462,25,64,ptr,addrspacecast,pointer,0
15678,462,26,64,ptr,addrspacecast,pointer,0
15679,462,27,64,ptr,addrspacecast,pointer,0
15680,462,28,64,ptr,addrspacecast,pointer,0
15681,462,29,64,ptr,addrspacecast,pointer,0
15682,462,30,64,ptr,addrspacecast,pointer,0
15683,462,31,64,ptr,addrspacecast,pointer,0
15684,462,32,64,ptr,addrspacecast,pointer,0
15685,462,33,64,ptr,addrspacecast,pointer,0
15686,462,34,64,ptr,addrspacecast,pointer,0
15687,462,35,64,ptr,addrspacecast,pointer,0
15688,462,36,64,ptr,addrspacecast,pointer,0
15689,462,37,64,ptr,addrspacecast,pointer,0
15690,462,38,64,ptr,addrspacecast,pointer,0
15691,462,39,64,ptr,addrspacecast,pointer,0
15692,462,40,64,ptr,addrspacecast,pointer,0
15693,462,41,64,ptr,addrspacecast,pointer,0
15694,462,42,64,ptr,addrspacecast,pointer,0
15695,462,43,64,ptr,addrspacecast,pointer,0
15696,462,44,64,ptr,addrspacecast,pointer,0
15697,462,45,64,ptr,addrspacecast,pointer,0
15698,462,46,64,ptr,addrspacecast,pointer,0
15699,462,47,64,ptr,addrspacecast,pointer,0
15700,462,48,64,ptr,addrspacecast,pointer,0
15701,462,49,64,ptr,addrspacecast,pointer,0
15702,462,50,64,ptr,addrspacecast,pointer,0
15703,462,51,64,ptr,addrspacecast,pointer,0
15704,462,52,64,ptr,addrspacecast,pointer,0
15705,462,53,64,ptr,addrspacecast,pointer,0
15706,462,54,64,ptr,addrspacecast,pointer,0
15707,462,55,64,ptr,addrspacecast,pointer,0
15708,462,56,64,ptr,addrspacecast,pointer,0
15709,462,57,64,ptr,addrspacecast,pointer,0
15710,462,58,64,ptr,addrspacecast,pointer,0
15711,462,59,64,ptr,addrspacecast,pointer,0
15712,462,60,64,ptr,addrspacecast,pointer,0
15713,462,61,64,ptr,addrspacecast,pointer,0
15714,462,62,64,ptr,addrspacecast,pointer,0
15715,462,63,64,ptr,addrspacecast,pointer,0
15716,464,0,64,ptr,load,pointer,0
15717,464,1,64,ptr,load,pointer,0
15718,464,2,64,ptr,load,pointer,0
15719,464,3,64,ptr,load,pointer,0
15720,464,4,64,ptr,load,pointer,0
15721,464,5,64,ptr,load,pointer,0
15722,464,6,64,ptr,load,pointer,0
15723,464,7,64,ptr,load,pointer,0
15724,464,8,64,ptr,load,pointer,0
15725,464,9,64,ptr,load,pointer,0
15726,464,10,64,ptr,load,pointer,0
15727,464,11,64,ptr,load,pointer,0
15728,464,12,64,ptr,load,pointer,0
15729,464,13,64,ptr,load,pointer,0
15730,464,14,64,ptr,load,pointer,0
15731,464,15,64,ptr,load,pointer,0
15732,464,16,64,ptr,load,pointer,0
15733,464,17,64,ptr,load,pointer,0
15734,464,18,64,ptr,load,pointer,0
15735,464,19,64,ptr,load,pointer,0
15736,464,20,64,ptr,load,pointer,0
15737,464,21,64,ptr,load,pointer,0
15738,464,22,64,ptr,load,pointer,0
15739,464,23,64,ptr,load,pointer,0
15740,464,24,64,ptr,load,pointer,0
15741,464,25,64,ptr,load,pointer,0
15742,464,26,64,ptr,load,pointer,0
15743,464,27,64,ptr,load,pointer,0
15744,464,28,64,ptr,load,pointer,0
15745,464,29,64,ptr,load,pointer,0
15746,464,30,64,ptr,load,pointer,0
15747,464,31,64,ptr,load,pointer,0
15748,464,32,64,ptr,load,pointer,0
15749,464,33,64,ptr,load,pointer,0
15750,464,34,64,ptr,load,pointer,0
15751,464,35,64,ptr,load,pointer,0
15752,464,36,64,ptr,load,pointer,0
15753,464,37,64,ptr,load,pointer,0
15754,464,38,64,ptr,load,pointer,0
15755,464,39,64,ptr,load,pointer,0
15756,464,40,64,ptr,load,pointer,0
15757,464,41,64,ptr,load,pointer,0
15758,464,42,64,ptr,load,pointer,0
15759,464,43,64,ptr,load,pointer,0
15760,464,44,64,ptr,load,pointer,0
15761,464,45,64,ptr,load,pointer,0
15762,464,46,64,ptr,load,pointer,0
15763,464,47,64,ptr,load,pointer,0
15764,464,48,64,ptr,load,pointer,0
15765,464,49,64,ptr,load,pointer,0
15766,464,50,64,ptr,load,pointer,0
15767,464,51,64,ptr,load,pointer,0
15768,464,52,64,ptr,load,pointer,0
15769,464,53,64,ptr,load,pointer,0
15770,464,54,64,ptr,load,pointer,0
15771,464,55,64,ptr,load,pointer,0
15772,464,56,64,ptr,load,pointer,0
15773,464,57,64,ptr,load,pointer,0
15774,464,58,64,ptr,load,pointer,0
15775,464,59,64,ptr,load,pointer,0
15776,464,60,64,ptr,load,pointer,0
15777,464,61,64,ptr,load,pointer,0
15778,464,62,64,ptr,load,pointer,0
15779,464,63,64,ptr,load,pointer,0
15780,466,0,64,ptr,load,pointer,0
15781,466,1,64,ptr,load,pointer,0
15782,466,2,64,ptr,load,pointer,0
15783,466,3,64,ptr,load,pointer,0
15784,466,4,64,ptr,load,pointer,0
15785,466,5,64,ptr,load,pointer,0
15786,466,6,64,ptr,load,pointer,0
15787,466,7,64,ptr,load,pointer,0
15788,466,8,64,ptr,load,pointer,0
15789,466,9,64,ptr,load,pointer,0
15790,466,10,64,ptr,load,pointer,0
15791,466,11,64,ptr,load,pointer,0
15792,466,12,64,ptr,load,pointer,0
15793,466,13,64,ptr,load,pointer,0
15794,466,14,64,ptr,load,pointer,0
15795,466,15,64,ptr,load,pointer,0
15796,466,16,64,ptr,load,pointer,0
15797,466,17,64,ptr,load,pointer,0
15798,466,18,64,ptr,load,pointer,0
15799,466,19,64,ptr,load,pointer,0
15800,466,20,64,ptr,load,pointer,0
15801,466,21,64,ptr,load,pointer,0
15802,466,22,64,ptr,load,pointer,0
15803,466,23,64,ptr,load,pointer,0
15804,466,24,64,ptr,load,pointer,0
15805,466,25,64,ptr,load,pointer,0
15806,466,26,64,ptr,load,pointer,0
15807,466,27,64,ptr,load,pointer,0
15808,466,28,64,ptr,load,pointer,0
15809,466,29,64,ptr,load,pointer,0
15810,466,30,64,ptr,load,pointer,0
15811,466,31,64,ptr,load,pointer,0
15812,466,32,64,ptr,load,pointer,0
15813,466,33,64,ptr,load,pointer,0
15814,466,34,64,ptr,load,pointer,0
15815,466,35,64,ptr,load,pointer,0
15816,466,36,64,ptr,load,pointer,0
15817,466,37,64,ptr,load,pointer,0
15818,466,38,64,ptr,load,pointer,0
15819,466,39,64,ptr,load,pointer,0
15820,466,40,64,ptr,load,pointer,0
15821,466,41,64,ptr,load,pointer,0
15822,466,42,64,ptr,load,pointer,0
15823,466,43,64,ptr,load,pointer,0
15824,466,44,64,ptr,load,pointer,0
15825,466,45,64,ptr,load,pointer,0
15826,466,46,64,ptr,load,pointer,0
15827,466,47,64,ptr,load,pointer,0
15828,466,48,64,ptr,load,pointer,0
15829,466,49,64,ptr,load,pointer,0
15830,466,50,64,ptr,load,pointer,0
15831,466,51,64,ptr,load,pointer,0
15832,466,52,64,ptr,load,pointer,0
15833,466,53,64,ptr,load,pointer,0
15834,466,54,64,ptr,load,pointer,0
15835,466,55,64,ptr,load,pointer,0
15836,466,56,64,ptr,load,pointer,0
15837,466,57,64,ptr,load,pointer,0
15838,466,58,64,ptr,load,pointer,0
15839,466,59,64,ptr,load,pointer,0
15840,466,60,64,ptr,load,pointer,0
15841,466,61,64,ptr,load,pointer,0
15842,466,62,64,ptr,load,pointer,0
15843,466,63,64,ptr,load,pointer,0
15844,468,0,64,ptr,load,pointer,0
15845,468,1,64,ptr,load,pointer,0
15846,468,2,64,ptr,load,pointer,0
15847,468,3,64,ptr,load,pointer,0
15848,468,4,64,ptr,load,pointer,0
15849,468,5,64,ptr,load,pointer,0
15850,468,6,64,ptr,load,pointer,0
15851,468,7,64,ptr,load,pointer,0
15852,468,8,64,ptr,load,pointer,0
15853,468,9,64,ptr,load,pointer,0
15854,468,10,64,ptr,load,pointer,0
15855,468,11,64,ptr,load,pointer,0
15856,468,12,64,ptr,load,pointer,0
15857,468,13,64,ptr,load,pointer,0
15858,468,14,64,ptr,load,pointer,0
15859,468,15,64,ptr,load,pointer,0
15860,468,16,64,ptr,load,pointer,0
15861,468,17,64,ptr,load,pointer,0
15862,468,18,64,ptr,load,pointer,0
15863,468,19,64,ptr,load,pointer,0
15864,468,20,64,ptr,load,pointer,0
15865,468,21,64,ptr,load,pointer,0
15866,468,22,64,ptr,load,pointer,0
15867,468,23,64,ptr,load,pointer,0
15868,468,24,64,ptr,load,pointer,0
15869,468,25,64,ptr,load,pointer,0
15870,468,26,64,ptr,load,pointer,0
15871,468,27,64,ptr,load,pointer,0
15872,468,28,64,ptr,load,pointer,0
15873,468,29,64,ptr,load,pointer,0
15874,468,30,64,ptr,load,pointer,0
15875,468,31,64,ptr,load,pointer,0
15876,468,32,64,ptr,load,pointer,0
15877,468,33,64,ptr,load,pointer,0
15878,468,34,64,ptr,load,pointer,0
15879,468,35,64,ptr,load,pointer,0
15880,468,36,64,ptr,load,pointer,0
15881,468,37,64,ptr,load,pointer,0
15882,468,38,64,ptr,load,pointer,0
15883,468,39,64,ptr,load,pointer,0
15884,468,40,64,ptr,load,pointer,0
15885,468,41,64,ptr,load,pointer,0
15886,468,42,64,ptr,load,pointer,0
15887,468,43,64,ptr,load,pointer,0
15888,468,44,64,ptr,load,pointer,0
15889,468,45,64,ptr,load,pointer,0
15890,468,46,64,ptr,load,pointer,0
15891,468,47,64,ptr,load,pointer,0
15892,468,48,64,ptr,load,pointer,0
15893,468,49,64,ptr,load,pointer,0
15894,468,50,64,ptr,load,pointer,0
15895,468,51,64,ptr,load,pointer,0
15896,468,52,64,ptr,load,pointer,0
15897,468,53,64,ptr,load,pointer,0
15898,468,54,64,ptr,load,pointer,0
15899,468,55,64,ptr,load,pointer,0
15900,468,56,64,ptr,load,pointer,0
15901,468,57,64,ptr,load,pointer,0
15902,468,58,64,ptr,load,pointer,0
15903,468,59,64,ptr,load,pointer,0
15904,468,60,64,ptr,load,pointer,0
15905,468,61,64,ptr,load,pointer,0
15906,468,62,64,ptr,load,pointer,0
15907,468,63,64,ptr,load,pointer,0
15908,470,0,64,ptr,load,pointer,0
15909,470,1,64,ptr,load,pointer,0
15910,470,2,64,ptr,load,pointer,0
15911,470,3,64,ptr,load,pointer,0
15912,470,4,64,ptr,load,pointer,0
15913,470,5,64,ptr,load,pointer,0
15914,470,6,64,ptr,load,pointer,0
15915,470,7,64,ptr,load,pointer,0
15916,470,8,64,ptr,load,pointer,0
15917,470,9,64,ptr,load,pointer,0
15918,470,10,64,ptr,load,pointer,0
15919,470,11,64,ptr,load,pointer,0
15920,470,12,64,ptr,load,pointer,0
15921,470,13,64,ptr,load,pointer,0
15922,470,14,64,ptr,load,pointer,0
15923,470,15,64,ptr,load,pointer,0
15924,470,16,64,ptr,load,pointer,0
15925,470,17,64,ptr,load,pointer,0
15926,470,18,64,ptr,load,pointer,0
15927,470,19,64,ptr,load,pointer,0
15928,470,20,64,ptr,load,pointer,0
15929,470,21,64,ptr,load,pointer,0
15930,470,22,64,ptr,load,pointer,0
15931,470,23,64,ptr,load,pointer,0
15932,470,24,64,ptr,load,pointer,0
15933,470,25,64,ptr,load,pointer,0
15934,470,26,64,ptr,load,pointer,0
15935,470,27,64,ptr,load,pointer,0
15936,470,28,64,ptr,load,pointer,0
15937,470,29,64,ptr,load,pointer,0
15938,470,30,64,ptr,load,pointer,0
15939,470,31,64,ptr,load,pointer,0
15940,470,32,64,ptr,load,pointer,0
15941,470,33,64,ptr,load,pointer,0
15942,470,34,64,ptr,load,pointer,0
15943,470,35,64,ptr,load,pointer,0
15944,470,36,64,ptr,load,pointer,0
15945,470,37,64,ptr,load,pointer,0
15946,470,38,64,ptr,load,pointer,0
15947,470,39,64,ptr,load,pointer,0
15948,470,40,64,ptr,load,pointer,0
15949,470,41,64,ptr,load,pointer,0
15950,470,42,64,ptr,load,pointer,0
15951,470,43,64,ptr,load,pointer,0
15952,470,44,64,ptr,load,pointer,0
15953,470,45,64,ptr,load,pointer,0
15954,470,46,64,ptr,load,pointer,0
15955,470,47,64,ptr,load,pointer,0
15956,470,48,64,ptr,load,pointer,0
15957,470,49,64,ptr,load,pointer,0
15958,470,50,64,ptr,load,pointer,0
15959,470,51,64,ptr,load,pointer,0
15960,470,52,64,ptr,load,pointer,0
15961,470,53,64,ptr,load,pointer,0
15962,470,54,64,ptr,load,pointer,0
15963,470,55,64,ptr,load,pointer,0
15964,470,56,64,ptr,load,pointer,0
15965,470,57,64,ptr,load,pointer,0
15966,470,58,64,ptr,load,pointer,0
15967,470,59,64,ptr,load,pointer,0
15968,470,60,64,ptr,load,pointer,0
15969,470,61,64,ptr,load,pointer,0
15970,470,62,64,ptr,load,pointer,0
15971,470,63,64,ptr,load,pointer,0
15972,472,0,64,ptr,addrspacecast,pointer,0
15973,472,1,64,ptr,addrspacecast,pointer,0
15974,472,2,64,ptr,addrspacecast,pointer,0
15975,472,3,64,ptr,addrspacecast,pointer,0
15976,472,4,64,ptr,addrspacecast,pointer,0
15977,472,5,64,ptr,addrspacecast,pointer,0
15978,472,6,64,ptr,addrspacecast,pointer,0
15979,472,7,64,ptr,addrspacecast,pointer,0
15980,472,8,64,ptr,addrspacecast,pointer,0
15981,472,9,64,ptr,addrspacecast,pointer,0
15982,472,10,64,ptr,addrspacecast,pointer,0
15983,472,11,64,ptr,addrspacecast,pointer,0
15984,472,12,64,ptr,addrspacecast,pointer,0
15985,472,13,64,ptr,addrspacecast,pointer,0
15986,472,14,64,ptr,addrspacecast,pointer,0
15987,472,15,64,ptr,addrspacecast,pointer,0
15988,472,16,64,ptr,addrspacecast,pointer,0
15989,472,17,64,ptr,addrspacecast,pointer,0
15990,472,18,64,ptr,addrspacecast,pointer,0
15991,472,19,64,ptr,addrspacecast,pointer,0
15992,472,20,64,ptr,addrspacecast,pointer,0
15993,472,21,64,ptr,addrspacecast,pointer,0
15994,472,22,64,ptr,addrspacecast,pointer,0
15995,472,23,64,ptr,addrspacecast,pointer,0
15996,472,24,64,ptr,addrspacecast,pointer,0
15997,472,25,64,ptr,addrspacecast,pointer,0
15998,472,26,64,ptr,addrspacecast,pointer,0
15999,472,27,64,ptr,addrspacecast,pointer,0
16000,472,28,64,ptr,addrspacecast,pointer,0
16001,472,29,64,ptr,addrspacecast,pointer,0
16002,472,30,64,ptr,addrspacecast,pointer,0
16003,472,31,64,ptr,addrspacecast,pointer,0
16004,472,32,64,ptr,addrspacecast,pointer,0
16005,472,33,64,ptr,addrspacecast,pointer,0
16006,472,34,64,ptr,addrspacecast,pointer,0
16007,472,35,64,ptr,addrspacecast,pointer,0
16008,472,36,64,ptr,addrspacecast,pointer,0
16009,472,37,64,ptr,addrspacecast,pointer,0
16010,472,38,64,ptr,addrspacecast,pointer,0
16011,472,39,64,ptr,addrspacecast,pointer,0
16012,472,40,64,ptr,addrspacecast,pointer,0
16013,472,41,64,ptr,addrspacecast,pointer,0
16014,472,42,64,ptr,addrspacecast,pointer,0
16015,472,43,64,ptr,addrspacecast,pointer,0
16016,472,44,64,ptr,addrspacecast,pointer,0
16017,472,45,64,ptr,addrspacecast,pointer,0
16018,472,46,64,ptr,addrspacecast,pointer,0
16019,472,47,64,ptr,addrspacecast,pointer,0
16020,472,48,64,ptr,addrspacecast,pointer,0
16021,472,49,64,ptr,addrspacecast,pointer,0
16022,472,50,64,ptr,addrspacecast,pointer,0
16023,472,51,64,ptr,addrspacecast,pointer,0
16024,472,52,64,ptr,addrspacecast,pointer,0
16025,472,53,64,ptr,addrspacecast,pointer,0
16026,472,54,64,ptr,addrspacecast,pointer,0
16027,472,55,64,ptr,addrspacecast,pointer,0
16028,472,56,64,ptr,addrspacecast,pointer,0
16029,472,57,64,ptr,addrspacecast,pointer,0
16030,472,58,64,ptr,addrspacecast,pointer,0
16031,472,59,64,ptr,addrspacecast,pointer,0
16032,472,60,64,ptr,addrspacecast,pointer,0
16033,472,61,64,ptr,addrspacecast,pointer,0
16034,472,62,64,ptr,addrspacecast,pointer,0
16035,472,63,64,ptr,addrspacecast,pointer,0
16036,477,0,64,ptr,addrspacecast,pointer,0
16037,477,1,64,ptr,addrspacecast,pointer,0
16038,477,2,64,ptr,addrspacecast,pointer,0
16039,477,3,64,ptr,addrspacecast,pointer,0
16040,477,4,64,ptr,addrspacecast,pointer,0
16041,477,5,64,ptr,addrspacecast,pointer,0
16042,477,6,64,ptr,addrspacecast,pointer,0
16043,477,7,64,ptr,addrspacecast,pointer,0
16044,477,8,64,ptr,addrspacecast,pointer,0
16045,477,9,64,ptr,addrspacecast,pointer,0
16046,477,10,64,ptr,addrspacecast,pointer,0
16047,477,11,64,ptr,addrspacecast,pointer,0
16048,477,12,64,ptr,addrspacecast,pointer,0
16049,477,13,64,ptr,addrspacecast,pointer,0
16050,477,14,64,ptr,addrspacecast,pointer,0
16051,477,15,64,ptr,addrspacecast,pointer,0
16052,477,16,64,ptr,addrspacecast,pointer,0
16053,477,17,64,ptr,addrspacecast,pointer,0
16054,477,18,64,ptr,addrspacecast,pointer,0
16055,477,19,64,ptr,addrspacecast,pointer,0
16056,477,20,64,ptr,addrspacecast,pointer,0
16057,477,21,64,ptr,addrspacecast,pointer,0
16058,477,22,64,ptr,addrspacecast,pointer,0
16059,477,23,64,ptr,addrspacecast,pointer,0
16060,477,24,64,ptr,addrspacecast,pointer,0
16061,477,25,64,ptr,addrspacecast,pointer,0
16062,477,26,64,ptr,addrspacecast,pointer,0
16063,477,27,64,ptr,addrspacecast,pointer,0
16064,477,28,64,ptr,addrspacecast,pointer,0
16065,477,29,64,ptr,addrspacecast,pointer,0
16066,477,30,64,ptr,addrspacecast,pointer,0
16067,477,31,64,ptr,addrspacecast,pointer,0
16068,477,32,64,ptr,addrspacecast,pointer,0
16069,477,33,64,ptr,addrspacecast,pointer,0
16070,477,34,64,ptr,addrspacecast,pointer,0
16071,477,35,64,ptr,addrspacecast,pointer,0
16072,477,36,64,ptr,addrspacecast,pointer,0
16073,477,37,64,ptr,addrspacecast,pointer,0
16074,477,38,64,ptr,addrspacecast,pointer,0
16075,477,39,64,ptr,addrspacecast,pointer,0
16076,477,40,64,ptr,addrspacecast,pointer,0
16077,477,41,64,ptr,addrspacecast,pointer,0
16078,477,42,64,ptr,addrspacecast,pointer,0
16079,477,43,64,ptr,addrspacecast,pointer,0
16080,477,44,64,ptr,addrspacecast,pointer,0
16081,477,45,64,ptr,addrspacecast,pointer,0
16082,477,46,64,ptr,addrspacecast,pointer,0
16083,477,47,64,ptr,addrspacecast,pointer,0
16084,477,48,64,ptr,addrspacecast,pointer,0
16085,477,49,64,ptr,addrspacecast,pointer,0
16086,477,50,64,ptr,addrspacecast,pointer,0
16087,477,51,64,ptr,addrspacecast,pointer,0
16088,477,52,64,ptr,addrspacecast,pointer,0
16089,477,53,64,ptr,addrspacecast,pointer,0
16090,477,54,64,ptr,addrspacecast,pointer,0
16091,477,55,64,ptr,addrspacecast,pointer,0
16092,477,56,64,ptr,addrspacecast,pointer,0
16093,477,57,64,ptr,addrspacecast,pointer,0
16094,477,58,64,ptr,addrspacecast,pointer,0
16095,477,59,64,ptr,addrspacecast,pointer,0
16096,477,60,64,ptr,addrspacecast,pointer,0
16097,477,61,64,ptr,addrspacecast,pointer,0
16098,477,62,64,ptr,addrspacecast,pointer,0
16099,477,63,64,ptr,addrspacecast,pointer,0
16100,479,0,64,ptr,addrspacecast,pointer,0
16101,479,1,64,ptr,addrspacecast,pointer,0
16102,479,2,64,ptr,addrspacecast,pointer,0
16103,479,3,64,ptr,addrspacecast,pointer,0
16104,479,4,64,ptr,addrspacecast,pointer,0
16105,479,5,64,ptr,addrspacecast,pointer,0
16106,479,6,64,ptr,addrspacecast,pointer,0
16107,479,7,64,ptr,addrspacecast,pointer,0
16108,479,8,64,ptr,addrspacecast,pointer,0
16109,479,9,64,ptr,addrspacecast,pointer,0
16110,479,10,64,ptr,addrspacecast,pointer,0
16111,479,11,64,ptr,addrspacecast,pointer,0
16112,479,12,64,ptr,addrspacecast,pointer,0
16113,479,13,64,ptr,addrspacecast,pointer,0
16114,479,14,64,ptr,addrspacecast,pointer,0
16115,479,15,64,ptr,addrspacecast,pointer,0
16116,479,16,64,ptr,addrspacecast,pointer,0
16117,479,17,64,ptr,addrspacecast,pointer,0
16118,479,18,64,ptr,addrspacecast,pointer,0
16119,479,19,64,ptr,addrspacecast,pointer,0
16120,479,20,64,ptr,addrspacecast,pointer,0
16121,479,21,64,ptr,addrspacecast,pointer,0
16122,479,22,64,ptr,addrspacecast,pointer,0
16123,479,23,64,ptr,addrspacecast,pointer,0
16124,479,24,64,ptr,addrspacecast,pointer,0
16125,479,25,64,ptr,addrspacecast,pointer,0
16126,479,26,64,ptr,addrspacecast,pointer,0
16127,479,27,64,ptr,addrspacecast,pointer,0
16128,479,28,64,ptr,addrspacecast,pointer,0
16129,479,29,64,ptr,addrspacecast,pointer,0
16130,479,30,64,ptr,addrspacecast,pointer,0
16131,479,31,64,ptr,addrspacecast,pointer,0
16132,479,32,64,ptr,addrspacecast,pointer,0
16133,479,33,64,ptr,addrspacecast,pointer,0
16134,479,34,64,ptr,addrspacecast,pointer,0
16135,479,35,64,ptr,addrspacecast,pointer,0
16136,479,36,64,ptr,addrspacecast,pointer,0
16137,479,37,64,ptr,addrspacecast,pointer,0
16138,479,38,64,ptr,addrspacecast,pointer,0
16139,479,39,64,ptr,addrspacecast,pointer,0
16140,479,40,64,ptr,addrspacecast,pointer,0
16141,479,41,64,ptr,addrspacecast,pointer,0
16142,479,42,64,ptr,addrspacecast,pointer,0
16143,479,43,64,ptr,addrspacecast,pointer,0
16144,479,44,64,ptr,addrspacecast,pointer,0
16145,479,45,64,ptr,addrspacecast,pointer,0
16146,479,46,64,ptr,addrspacecast,pointer,0
16147,479,47,64,ptr,addrspacecast,pointer,0
16148,479,48,64,ptr,addrspacecast,pointer,0
16149,479,49,64,ptr,addrspacecast,pointer,0
16150,479,50,64,ptr,addrspacecast,pointer,0
16151,479,51,64,ptr,addrspacecast,pointer,0
16152,479,52,64,ptr,addrspacecast,pointer,0
16153,479,53,64,ptr,addrspacecast,pointer,0
16154,479,54,64,ptr,addrspacecast,pointer,0
16155,479,55,64,ptr,addrspacecast,pointer,0
16156,479,56,64,ptr,addrspacecast,pointer,0
16157,479,57,64,ptr,addrspacecast,pointer,0
16158,479,58,64,ptr,addrspacecast,pointer,0
16159,479,59,64,ptr,addrspacecast,pointer,0
16160,479,60,64,ptr,addrspacecast,pointer,0
16161,479,61,64,ptr,addrspacecast,pointer,0
16162,479,62,64,ptr,addrspacecast,pointer,0
16163,479,63,64,ptr,addrspacecast,pointer,0
16164,481,0,64,ptr,addrspacecast,pointer,0
16165,481,1,64,ptr,addrspacecast,pointer,0
16166,481,2,64,ptr,addrspacecast,pointer,0
16167,481,3,64,ptr,addrspacecast,pointer,0
16168,481,4,64,ptr,addrspacecast,pointer,0
16169,481,5,64,ptr,addrspacecast,pointer,0
16170,481,6,64,ptr,addrspacecast,pointer,0
16171,481,7,64,ptr,addrspacecast,pointer,0
16172,481,8,64,ptr,addrspacecast,pointer,0
16173,481,9,64,ptr,addrspacecast,pointer,0
16174,481,10,64,ptr,addrspacecast,pointer,0
16175,481,11,64,ptr,addrspacecast,pointer,0
16176,481,12,64,ptr,addrspacecast,pointer,0
16177,481,13,64,ptr,addrspacecast,pointer,0
16178,481,14,64,ptr,addrspacecast,pointer,0
16179,481,15,64,ptr,addrspacecast,pointer,0
16180,481,16,64,ptr,addrspacecast,pointer,0
16181,481,17,64,ptr,addrspacecast,pointer,0
16182,481,18,64,ptr,addrspacecast,pointer,0
16183,481,19,64,ptr,addrspacecast,pointer,0
16184,481,20,64,ptr,addrspacecast,pointer,0
16185,481,21,64,ptr,addrspacecast,pointer,0
16186,481,22,64,ptr,addrspacecast,pointer,0
16187,481,23,64,ptr,addrspacecast,pointer,0
16188,481,24,64,ptr,addrspacecast,pointer,0
16189,481,25,64,ptr,addrspacecast,pointer,0
16190,481,26,64,ptr,addrspacecast,pointer,0
16191,481,27,64,ptr,addrspacecast,pointer,0
16192,481,28,64,ptr,addrspacecast,pointer,0
16193,481,29,64,ptr,addrspacecast,pointer,0
16194,481,30,64,ptr,addrspacecast,pointer,0
16195,481,31,64,ptr,addrspacecast,pointer,0
16196,481,32,64,ptr,addrspacecast,pointer,0
16197,481,33,64,ptr,addrspacecast,pointer,0
16198,481,34,64,ptr,addrspacecast,pointer,0
16199,481,35,64,ptr,addrspacecast,pointer,0
16200,481,36,64,ptr,addrspacecast,pointer,0
16201,481,37,64,ptr,addrspacecast,pointer,0
16202,481,38,64,ptr,addrspacecast,pointer,0
16203,481,39,64,ptr,addrspacecast,pointer,0
16204,481,40,64,ptr,addrspacecast,pointer,0
16205,481,41,64,ptr,addrspacecast,pointer,0
16206,481,42,64,ptr,addrspacecast,pointer,0
16207,481,43,64,ptr,addrspacecast,pointer,0
16208,481,44,64,ptr,addrspacecast,pointer,0
16209,481,45,64,ptr,addrspacecast,pointer,0
16210,481,46,64,ptr,addrspacecast,pointer,0
16211,481,47,64,ptr,addrspacecast,pointer,0
16212,481,48,64,ptr,addrspacecast,pointer,0
16213,481,49,64,ptr,addrspacecast,pointer,0
16214,481,50,64,ptr,addrspacecast,pointer,0
16215,481,51,64,ptr,addrspacecast,pointer,0
16216,481,52,64,ptr,addrspacecast,pointer,0
16217,481,53,64,ptr,addrspacecast,pointer,0
16218,481,54,64,ptr,addrspacecast,pointer,0
16219,481,55,64,ptr,addrspacecast,pointer,0
16220,481,56,64,ptr,addrspacecast,pointer,0
16221,481,57,64,ptr,addrspacecast,pointer,0
16222,481,58,64,ptr,addrspacecast,pointer,0
16223,481,59,64,ptr,addrspacecast,pointer,0
16224,481,60,64,ptr,addrspacecast,pointer,0
16225,481,61,64,ptr,addrspacecast,pointer,0
16226,481,62,64,ptr,addrspacecast,pointer,0
16227,481,63,64,ptr,addrspacecast,pointer,0
16228,483,0,64,ptr,load,pointer,0
16229,483,1,64,ptr,load,pointer,0
16230,483,2,64,ptr,load,pointer,0
16231,483,3,64,ptr,load,pointer,0
16232,483,4,64,ptr,load,pointer,0
16233,483,5,64,ptr,load,pointer,0
16234,483,6,64,ptr,load,pointer,0
16235,483,7,64,ptr,load,pointer,0
16236,483,8,64,ptr,load,pointer,0
16237,483,9,64,ptr,load,pointer,0
16238,483,10,64,ptr,load,pointer,0
16239,483,11,64,ptr,load,pointer,0
16240,483,12,64,ptr,load,pointer,0
16241,483,13,64,ptr,load,pointer,0
16242,483,14,64,ptr,load,pointer,0
16243,483,15,64,ptr,load,pointer,0
16244,483,16,64,ptr,load,pointer,0
16245,483,17,64,ptr,load,pointer,0
16246,483,18,64,ptr,load,pointer,0
16247,483,19,64,ptr,load,pointer,0
16248,483,20,64,ptr,load,pointer,0
16249,483,21,64,ptr,load,pointer,0
16250,483,22,64,ptr,load,pointer,0
16251,483,23,64,ptr,load,pointer,0
16252,483,24,64,ptr,load,pointer,0
16253,483,25,64,ptr,load,pointer,0
16254,483,26,64,ptr,load,pointer,0
16255,483,27,64,ptr,load,pointer,0
16256,483,28,64,ptr,load,pointer,0
16257,483,29,64,ptr,load,pointer,0
16258,483,30,64,ptr,load,pointer,0
16259,483,31,64,ptr,load,pointer,0
16260,483,32,64,ptr,load,pointer,0
16261,483,33,64,ptr,load,pointer,0
16262,483,34,64,ptr,load,pointer,0
16263,483,35,64,ptr,load,pointer,0
16264,483,36,64,ptr,load,pointer,0
16265,483,37,64,ptr,load,pointer,0
16266,483,38,64,ptr,load,pointer,0
16267,483,39,64,ptr,load,pointer,0
16268,483,40,64,ptr,load,pointer,0
16269,483,41,64,ptr,load,pointer,0
16270,483,42,64,ptr,load,pointer,0
16271,483,43,64,ptr,load,pointer,0
16272,483,44,64,ptr,load,pointer,0
16273,483,45,64,ptr,load,pointer,0
16274,483,46,64,ptr,load,pointer,0
16275,483,47,64,ptr,load,pointer,0
16276,483,48,64,ptr,load,pointer,0
16277,483,49,64,ptr,load,pointer,0
16278,483,50,64,ptr,load,pointer,0
16279,483,51,64,ptr,load,pointer,0
16280,483,52,64,ptr,load,pointer,0
16281,483,53,64,ptr,load,pointer,0
16282,483,54,64,ptr,load,pointer,0
16283,483,55,64,ptr,load,pointer,0
16284,483,56,64,ptr,load,pointer,0
16285,483,57,64,ptr,load,pointer,0
16286,483,58,64,ptr,load,pointer,0
16287,483,59,64,ptr,load,pointer,0
16288,483,60,64,ptr,load,pointer,0
16289,483,61,64,ptr,load,pointer,0
16290,483,62,64,ptr,load,pointer,0
16291,483,63,64,ptr,load,pointer,0
16292,485,0,64,ptr,load,pointer,0
16293,485,1,64,ptr,load,pointer,0
16294,485,2,64,ptr,load,pointer,0
16295,485,3,64,ptr,load,pointer,0
16296,485,4,64,ptr,load,pointer,0
16297,485,5,64,ptr,load,pointer,0
16298,485,6,64,ptr,load,pointer,0
16299,485,7,64,ptr,load,pointer,0
16300,485,8,64,ptr,load,pointer,0
16301,485,9,64,ptr,load,pointer,0
16302,485,10,64,ptr,load,pointer,0
16303,485,11,64,ptr,load,pointer,0
16304,485,12,64,ptr,load,pointer,0
16305,485,13,64,ptr,load,pointer,0
16306,485,14,64,ptr,load,pointer,0
16307,485,15,64,ptr,load,pointer,0
16308,485,16,64,ptr,load,pointer,0
16309,485,17,64,ptr,load,pointer,0
16310,485,18,64,ptr,load,pointer,0
16311,485,19,64,ptr,load,pointer,0
16312,485,20,64,ptr,load,pointer,0
16313,485,21,64,ptr,load,pointer,0
16314,485,22,64,ptr,load,pointer,0
16315,485,23,64,ptr,load,pointer,0
16316,485,24,64,ptr,load,pointer,0
16317,485,25,64,ptr,load,pointer,0
16318,485,26,64,ptr,load,pointer,0
16319,485,27,64,ptr,load,pointer,0
16320,485,28,64,ptr,load,pointer,0
16321,485,29,64,ptr,load,pointer,0
16322,485,30,64,ptr,load,pointer,0
16323,485,31,64,ptr,load,pointer,0
16324,485,32,64,ptr,load,pointer,0
16325,485,33,64,ptr,load,pointer,0
16326,485,34,64,ptr,load,pointer,0
16327,485,35,64,ptr,load,pointer,0
16328,485,36,64,ptr,load,pointer,0
16329,485,37,64,ptr,load,pointer,0
16330,485,38,64,ptr,load,pointer,0
16331,485,39,64,ptr,load,pointer,0
16332,485,40,64,ptr,load,pointer,0
16333,485,41,64,ptr,load,pointer,0
16334,485,42,64,ptr,load,pointer,0
16335,485,43,64,ptr,load,pointer,0
16336,485,44,64,ptr,load,pointer,0
16337,485,45,64,ptr,load,pointer,0
16338,485,46,64,ptr,load,pointer,0
16339,485,47,64,ptr,load,pointer,0
16340,485,48,64,ptr,load,pointer,0
16341,485,49,64,ptr,load,pointer,0
16342,485,50,64,ptr,load,pointer,0
16343,485,51,64,ptr,load,pointer,0
16344,485,52,64,ptr,load,pointer,0
16345,485,53,64,ptr,load,pointer,0
16346,485,54,64,ptr,load,pointer,0
16347,485,55,64,ptr,load,pointer,0
16348,485,56,64,ptr,load,pointer,0
16349,485,57,64,ptr,load,pointer,0
16350,485,58,64,ptr,load,pointer,0
16351,485,59,64,ptr,load,pointer,0
16352,485,60,64,ptr,load,pointer,0
16353,485,61,64,ptr,load,pointer,0
16354,485,62,64,ptr,load,pointer,0
16355,485,63,64,ptr,load,pointer,0
16356,487,0,64,ptr,load,pointer,0
16357,487,1,64,ptr,load,pointer,0
16358,487,2,64,ptr,load,pointer,0
16359,487,3,64,ptr,load,pointer,0
16360,487,4,64,ptr,load,pointer,0
16361,487,5,64,ptr,load,pointer,0
16362,487,6,64,ptr,load,pointer,0
16363,487,7,64,ptr,load,pointer,0
16364,487,8,64,ptr,load,pointer,0
16365,487,9,64,ptr,load,pointer,0
16366,487,10,64,ptr,load,pointer,0
16367,487,11,64,ptr,load,pointer,0
16368,487,12,64,ptr,load,pointer,0
16369,487,13,64,ptr,load,pointer,0
16370,487,14,64,ptr,load,pointer,0
16371,487,15,64,ptr,load,pointer,0
16372,487,16,64,ptr,load,pointer,0
16373,487,17,64,ptr,load,pointer,0
16374,487,18,64,ptr,load,pointer,0
16375,487,19,64,ptr,load,pointer,0
16376,487,20,64,ptr,load,pointer,0
16377,487,21,64,ptr,load,pointer,0
16378,487,22,64,ptr,load,pointer,0
16379,487,23,64,ptr,load,pointer,0
16380,487,24,64,ptr,load,pointer,0
16381,487,25,64,ptr,load,pointer,0
16382,487,26,64,ptr,load,pointer,0
16383,487,27,64,ptr,load,pointer,0
16384,487,28,64,ptr,load,pointer,0
16385,487,29,64,ptr,load,pointer,0
16386,487,30,64,ptr,load,pointer,0
16387,487,31,64,ptr,load,pointer,0
16388,487,32,64,ptr,load,pointer,0
16389,487,33,64,ptr,load,pointer,0
16390,487,34,64,ptr,load,pointer,0
16391,487,35,64,ptr,load,pointer,0
16392,487,36,64,ptr,load,pointer,0
16393,487,37,64,ptr,load,pointer,0
16394,487,38,64,ptr,load,pointer,0
16395,487,39,64,ptr,load,pointer,0
16396,487,40,64,ptr,load,pointer,0
16397,487,41,64,ptr,load,pointer,0
16398,487,42,64,ptr,load,pointer,0
16399,487,43,64,ptr,load,pointer,0
16400,487,44,64,ptr,load,pointer,0
16401,487,45,64,ptr,load,pointer,0
16402,487,46,64,ptr,load,pointer,0
16403,487,47,64,ptr,load,pointer,0
16404,487,48,64,ptr,load,pointer,0
16405,487,49,64,ptr,load,pointer,0
16406,487,50,64,ptr,load,pointer,0
16407,487,51,64,ptr,load,pointer,0
16408,487,52,64,ptr,load,pointer,0
16409,487,53,64,ptr,load,pointer,0
16410,487,54,64,ptr,load,pointer,0
16411,487,55,64,ptr,load,pointer,0
16412,487,56,64,ptr,load,pointer,0
16413,487,57,64,ptr,load,pointer,0
16414,487,58,64,ptr,load,pointer,0
16415,487,59,64,ptr,load,pointer,0
16416,487,60,64,ptr,load,pointer,0
16417,487,61,64,ptr,load,pointer,0
16418,487,62,64,ptr,load,pointer,0
16419,487,63,64,ptr,load,pointer,0
16420,491,0,64,ptr,addrspacecast,pointer,0
16421,491,1,64,ptr,addrspacecast,pointer,0
16422,491,2,64,ptr,addrspacecast,pointer,0
16423,491,3,64,ptr,addrspacecast,pointer,0
16424,491,4,64,ptr,addrspacecast,pointer,0
16425,491,5,64,ptr,addrspacecast,pointer,0
16426,491,6,64,ptr,addrspacecast,pointer,0
16427,491,7,64,ptr,addrspacecast,pointer,0
16428,491,8,64,ptr,addrspacecast,pointer,0
16429,491,9,64,ptr,addrspacecast,pointer,0
16430,491,10,64,ptr,addrspacecast,pointer,0
16431,491,11,64,ptr,addrspacecast,pointer,0
16432,491,12,64,ptr,addrspacecast,pointer,0
16433,491,13,64,ptr,addrspacecast,pointer,0
16434,491,14,64,ptr,addrspacecast,pointer,0
16435,491,15,64,ptr,addrspacecast,pointer,0
16436,491,16,64,ptr,addrspacecast,pointer,0
16437,491,17,64,ptr,addrspacecast,pointer,0
16438,491,18,64,ptr,addrspacecast,pointer,0
16439,491,19,64,ptr,addrspacecast,pointer,0
16440,491,20,64,ptr,addrspacecast,pointer,0
16441,491,21,64,ptr,addrspacecast,pointer,0
16442,491,22,64,ptr,addrspacecast,pointer,0
16443,491,23,64,ptr,addrspacecast,pointer,0
16444,491,24,64,ptr,addrspacecast,pointer,0
16445,491,25,64,ptr,addrspacecast,pointer,0
16446,491,26,64,ptr,addrspacecast,pointer,0
16447,491,27,64,ptr,addrspacecast,pointer,0
16448,491,28,64,ptr,addrspacecast,pointer,0
16449,491,29,64,ptr,addrspacecast,pointer,0
16450,491,30,64,ptr,addrspacecast,pointer,0
16451,491,31,64,ptr,addrspacecast,pointer,0
16452,491,32,64,ptr,addrspacecast,pointer,0
16453,491,33,64,ptr,addrspacecast,pointer,0
16454,491,34,64,ptr,addrspacecast,pointer,0
16455,491,35,64,ptr,addrspacecast,pointer,0
16456,491,36,64,ptr,addrspacecast,pointer,0
16457,491,37,64,ptr,addrspacecast,pointer,0
16458,491,38,64,ptr,addrspacecast,pointer,0
16459,491,39,64,ptr,addrspacecast,pointer,0
16460,491,40,64,ptr,addrspacecast,pointer,0
16461,491,41,64,ptr,addrspacecast,pointer,0
16462,491,42,64,ptr,addrspacecast,pointer,0
16463,491,43,64,ptr,addrspacecast,pointer,0
16464,491,44,64,ptr,addrspacecast,pointer,0
16465,491,45,64,ptr,addrspacecast,pointer,0
16466,491,46,64,ptr,addrspacecast,pointer,0
16467,491,47,64,ptr,addrspacecast,pointer,0
16468,491,48,64,ptr,addrspacecast,pointer,0
16469,491,49,64,ptr,addrspacecast,pointer,0
16470,491,50,64,ptr,addrspacecast,pointer,0
16471,491,51,64,ptr,addrspacecast,pointer,0
16472,491,52,64,ptr,addrspacecast,pointer,0
16473,491,53,64,ptr,addrspacecast,pointer,0
16474,491,54,64,ptr,addrspacecast,pointer,0
16475,491,55,64,ptr,addrspacecast,pointer,0
16476,491,56,64,ptr,addrspacecast,pointer,0
16477,491,57,64,ptr,addrspacecast,pointer,0
16478,491,58,64,ptr,addrspacecast,pointer,0
16479,491,59,64,ptr,addrspacecast,pointer,0
16480,491,60,64,ptr,addrspacecast,pointer,0
16481,491,61,64,ptr,addrspacecast,pointer,0
16482,491,62,64,ptr,addrspacecast,pointer,0
16483,491,63,64,ptr,addrspacecast,pointer,0
16484,493,0,64,ptr,addrspacecast,pointer,0
16485,493,1,64,ptr,addrspacecast,pointer,0
16486,493,2,64,ptr,addrspacecast,pointer,0
16487,493,3,64,ptr,addrspacecast,pointer,0
16488,493,4,64,ptr,addrspacecast,pointer,0
16489,493,5,64,ptr,addrspacecast,pointer,0
16490,493,6,64,ptr,addrspacecast,pointer,0
16491,493,7,64,ptr,addrspacecast,pointer,0
16492,493,8,64,ptr,addrspacecast,pointer,0
16493,493,9,64,ptr,addrspacecast,pointer,0
16494,493,10,64,ptr,addrspacecast,pointer,0
16495,493,11,64,ptr,addrspacecast,pointer,0
16496,493,12,64,ptr,addrspacecast,pointer,0
16497,493,13,64,ptr,addrspacecast,pointer,0
16498,493,14,64,ptr,addrspacecast,pointer,0
16499,493,15,64,ptr,addrspacecast,pointer,0
16500,493,16,64,ptr,addrspacecast,pointer,0
16501,493,17,64,ptr,addrspacecast,pointer,0
16502,493,18,64,ptr,addrspacecast,pointer,0
16503,493,19,64,ptr,addrspacecast,pointer,0
16504,493,20,64,ptr,addrspacecast,pointer,0
16505,493,21,64,ptr,addrspacecast,pointer,0
16506,493,22,64,ptr,addrspacecast,pointer,0
16507,493,23,64,ptr,addrspacecast,pointer,0
16508,493,24,64,ptr,addrspacecast,pointer,0
16509,493,25,64,ptr,addrspacecast,pointer,0
16510,493,26,64,ptr,addrspacecast,pointer,0
16511,493,27,64,ptr,addrspacecast,pointer,0
16512,493,28,64,ptr,addrspacecast,pointer,0
16513,493,29,64,ptr,addrspacecast,pointer,0
16514,493,30,64,ptr,addrspacecast,pointer,0
16515,493,31,64,ptr,addrspacecast,pointer,0
16516,493,32,64,ptr,addrspacecast,pointer,0
16517,493,33,64,ptr,addrspacecast,pointer,0
16518,493,34,64,ptr,addrspacecast,pointer,0
16519,493,35,64,ptr,addrspacecast,pointer,0
16520,493,36,64,ptr,addrspacecast,pointer,0
16521,493,37,64,ptr,addrspacecast,pointer,0
16522,493,38,64,ptr,addrspacecast,pointer,0
16523,493,39,64,ptr,addrspacecast,pointer,0
16524,493,40,64,ptr,addrspacecast,pointer,0
16525,493,41,64,ptr,addrspacecast,pointer,0
16526,493,42,64,ptr,addrspacecast,pointer,0
16527,493,43,64,ptr,addrspacecast,pointer,0
16528,493,44,64,ptr,addrspacecast,pointer,0
16529,493,45,64,ptr,addrspacecast,pointer,0
16530,493,46,64,ptr,addrspacecast,pointer,0
16531,493,47,64,ptr,addrspacecast,pointer,0
16532,493,48,64,ptr,addrspacecast,pointer,0
16533,493,49,64,ptr,addrspacecast,pointer,0
16534,493,50,64,ptr,addrspacecast,pointer,0
16535,493,51,64,ptr,addrspacecast,pointer,0
16536,493,52,64,ptr,addrspacecast,pointer,0
16537,493,53,64,ptr,addrspacecast,pointer,0
16538,493,54,64,ptr,addrspacecast,pointer,0
16539,493,55,64,ptr,addrspacecast,pointer,0
16540,493,56,64,ptr,addrspacecast,pointer,0
16541,493,57,64,ptr,addrspacecast,pointer,0
16542,493,58,64,ptr,addrspacecast,pointer,0
16543,493,59,64,ptr,addrspacecast,pointer,0
16544,493,60,64,ptr,addrspacecast,pointer,0
16545,493,61,64,ptr,addrspacecast,pointer,0
16546,493,62,64,ptr,addrspacecast,pointer,0
16547,493,63,64,ptr,addrspacecast,pointer,0
16548,495,0,64,ptr,load,pointer,0
16549,495,1,64,ptr,load,pointer,0
16550,495,2,64,ptr,load,pointer,0
16551,495,3,64,ptr,load,pointer,0
16552,495,4,64,ptr,load,pointer,0
16553,495,5,64,ptr,load,pointer,0
16554,495,6,64,ptr,load,pointer,0
16555,495,7,64,ptr,load,pointer,0
16556,495,8,64,ptr,load,pointer,0
16557,495,9,64,ptr,load,pointer,0
16558,495,10,64,ptr,load,pointer,0
16559,495,11,64,ptr,load,pointer,0
16560,495,12,64,ptr,load,pointer,0
16561,495,13,64,ptr,load,pointer,0
16562,495,14,64,ptr,load,pointer,0
16563,495,15,64,ptr,load,pointer,0
16564,495,16,64,ptr,load,pointer,0
16565,495,17,64,ptr,load,pointer,0
16566,495,18,64,ptr,load,pointer,0
16567,495,19,64,ptr,load,pointer,0
16568,495,20,64,ptr,load,pointer,0
16569,495,21,64,ptr,load,pointer,0
16570,495,22,64,ptr,load,pointer,0
16571,495,23,64,ptr,load,pointer,0
16572,495,24,64,ptr,load,pointer,0
16573,495,25,64,ptr,load,pointer,0
16574,495,26,64,ptr,load,pointer,0
16575,495,27,64,ptr,load,pointer,0
16576,495,28,64,ptr,load,pointer,0
16577,495,29,64,ptr,load,pointer,0
16578,495,30,64,ptr,load,pointer,0
16579,495,31,64,ptr,load,pointer,0
16580,495,32,64,ptr,load,pointer,0
16581,495,33,64,ptr,load,pointer,0
16582,495,34,64,ptr,load,pointer,0
16583,495,35,64,ptr,load,pointer,0
16584,495,36,64,ptr,load,pointer,0
16585,495,37,64,ptr,load,pointer,0
16586,495,38,64,ptr,load,pointer,0
16587,495,39,64,ptr,load,pointer,0
16588,495,40,64,ptr,load,pointer,0
16589,495,41,64,ptr,load,pointer,0
16590,495,42,64,ptr,load,pointer,0
16591,495,43,64,ptr,load,pointer,0
16592,495,44,64,ptr,load,pointer,0
16593,495,45,64,ptr,load,pointer,0
16594,495,46,64,ptr,load,pointer,0
16595,495,47,64,ptr,load,pointer,0
16596,495,48,64,ptr,load,pointer,0
16597,495,49,64,ptr,load,pointer,0
16598,495,50,64,ptr,load,pointer,0
16599,495,51,64,ptr,load,pointer,0
16600,495,52,64,ptr,load,pointer,0
16601,495,53,64,ptr,load,pointer,0
16602,495,54,64,ptr,load,pointer,0
16603,495,55,64,ptr,load,pointer,0
16604,495,56,64,ptr,load,pointer,0
16605,495,57,64,ptr,load,pointer,0
16606,495,58,64,ptr,load,pointer,0
16607,495,59,64,ptr,load,pointer,0
16608,495,60,64,ptr,load,pointer,0
16609,495,61,64,ptr,load,pointer,0
16610,495,62,64,ptr,load,pointer,0
16611,495,63,64,ptr,load,pointer,0
16612,497,0,64,ptr,load,pointer,0
16613,497,1,64,ptr,load,pointer,0
16614,497,2,64,ptr,load,pointer,0
16615,497,3,64,ptr,load,pointer,0
16616,497,4,64,ptr,load,pointer,0
16617,497,5,64,ptr,load,pointer,0
16618,497,6,64,ptr,load,pointer,0
16619,497,7,64,ptr,load,pointer,0
16620,497,8,64,ptr,load,pointer,0
16621,497,9,64,ptr,load,pointer,0
16622,497,10,64,ptr,load,pointer,0
16623,497,11,64,ptr,load,pointer,0
16624,497,12,64,ptr,load,pointer,0
16625,497,13,64,ptr,load,pointer,0
16626,497,14,64,ptr,load,pointer,0
16627,497,15,64,ptr,load,pointer,0
16628,497,16,64,ptr,load,pointer,0
16629,497,17,64,ptr,load,pointer,0
16630,497,18,64,ptr,load,pointer,0
16631,497,19,64,ptr,load,pointer,0
16632,497,20,64,ptr,load,pointer,0
16633,497,21,64,ptr,load,pointer,0
16634,497,22,64,ptr,load,pointer,0
16635,497,23,64,ptr,load,pointer,0
16636,497,24,64,ptr,load,pointer,0
16637,497,25,64,ptr,load,pointer,0
16638,497,26,64,ptr,load,pointer,0
16639,497,27,64,ptr,load,pointer,0
16640,497,28,64,ptr,load,pointer,0
16641,497,29,64,ptr,load,pointer,0
16642,497,30,64,ptr,load,pointer,0
16643,497,31,64,ptr,load,pointer,0
16644,497,32,64,ptr,load,pointer,0
16645,497,33,64,ptr,load,pointer,0
16646,497,34,64,ptr,load,pointer,0
16647,497,35,64,ptr,load,pointer,0
16648,497,36,64,ptr,load,pointer,0
16649,497,37,64,ptr,load,pointer,0
16650,497,38,64,ptr,load,pointer,0
16651,497,39,64,ptr,load,pointer,0
16652,497,40,64,ptr,load,pointer,0
16653,497,41,64,ptr,load,pointer,0
16654,497,42,64,ptr,load,pointer,0
16655,497,43,64,ptr,load,pointer,0
16656,497,44,64,ptr,load,pointer,0
16657,497,45,64,ptr,load,pointer,0
16658,497,46,64,ptr,load,pointer,0
16659,497,47,64,ptr,load,pointer,0
16660,497,48,64,ptr,load,pointer,0
16661,497,49,64,ptr,load,pointer,0
16662,497,50,64,ptr,load,pointer,0
16663,497,51,64,ptr,load,pointer,0
16664,497,52,64,ptr,load,pointer,0
16665,497,53,64,ptr,load,pointer,0
16666,497,54,64,ptr,load,pointer,0
16667,497,55,64,ptr,load,pointer,0
16668,497,56,64,ptr,load,pointer,0
16669,497,57,64,ptr,load,pointer,0
16670,497,58,64,ptr,load,pointer,0
16671,497,59,64,ptr,load,pointer,0
16672,497,60,64,ptr,load,pointer,0
16673,497,61,64,ptr,load,pointer,0
16674,497,62,64,ptr,load,pointer,0
16675,497,63,64,ptr,load,pointer,0
16676,502,0,64,ptr,addrspacecast,pointer,0
16677,502,1,64,ptr,addrspacecast,pointer,0
16678,502,2,64,ptr,addrspacecast,pointer,0
16679,502,3,64,ptr,addrspacecast,pointer,0
16680,502,4,64,ptr,addrspacecast,pointer,0
16681,502,5,64,ptr,addrspacecast,pointer,0
16682,502,6,64,ptr,addrspacecast,pointer,0
16683,502,7,64,ptr,addrspacecast,pointer,0
16684,502,8,64,ptr,addrspacecast,pointer,0
16685,502,9,64,ptr,addrspacecast,pointer,0
16686,502,10,64,ptr,addrspacecast,pointer,0
16687,502,11,64,ptr,addrspacecast,pointer,0
16688,502,12,64,ptr,addrspacecast,pointer,0
16689,502,13,64,ptr,addrspacecast,pointer,0
16690,502,14,64,ptr,addrspacecast,pointer,0
16691,502,15,64,ptr,addrspacecast,pointer,0
16692,502,16,64,ptr,addrspacecast,pointer,0
16693,502,17,64,ptr,addrspacecast,pointer,0
16694,502,18,64,ptr,addrspacecast,pointer,0
16695,502,19,64,ptr,addrspacecast,pointer,0
16696,502,20,64,ptr,addrspacecast,pointer,0
16697,502,21,64,ptr,addrspacecast,pointer,0
16698,502,22,64,ptr,addrspacecast,pointer,0
16699,502,23,64,ptr,addrspacecast,pointer,0
16700,502,24,64,ptr,addrspacecast,pointer,0
16701,502,25,64,ptr,addrspacecast,pointer,0
16702,502,26,64,ptr,addrspacecast,pointer,0
16703,502,27,64,ptr,addrspacecast,pointer,0
16704,502,28,64,ptr,addrspacecast,pointer,0
16705,502,29,64,ptr,addrspacecast,pointer,0
16706,502,30,64,ptr,addrspacecast,pointer,0
16707,502,31,64,ptr,addrspacecast,pointer,0
16708,502,32,64,ptr,addrspacecast,pointer,0
16709,502,33,64,ptr,addrspacecast,pointer,0
16710,502,34,64,ptr,addrspacecast,pointer,0
16711,502,35,64,ptr,addrspacecast,pointer,0
16712,502,36,64,ptr,addrspacecast,pointer,0
16713,502,37,64,ptr,addrspacecast,pointer,0
16714,502,38,64,ptr,addrspacecast,pointer,0
16715,502,39,64,ptr,addrspacecast,pointer,0
16716,502,40,64,ptr,addrspacecast,pointer,0
16717,502,41,64,ptr,addrspacecast,pointer,0
16718,502,42,64,ptr,addrspacecast,pointer,0
16719,502,43,64,ptr,addrspacecast,pointer,0
16720,502,44,64,ptr,addrspacecast,pointer,0
16721,502,45,64,ptr,addrspacecast,pointer,0
16722,502,46,64,ptr,addrspacecast,pointer,0
16723,502,47,64,ptr,addrspacecast,pointer,0
16724,502,48,64,ptr,addrspacecast,pointer,0
16725,502,49,64,ptr,addrspacecast,pointer,0
16726,502,50,64,ptr,addrspacecast,pointer,0
16727,502,51,64,ptr,addrspacecast,pointer,0
16728,502,52,64,ptr,addrspacecast,pointer,0
16729,502,53,64,ptr,addrspacecast,pointer,0
16730,502,54,64,ptr,addrspacecast,pointer,0
16731,502,55,64,ptr,addrspacecast,pointer,0
16732,502,56,64,ptr,addrspacecast,pointer,0
16733,502,57,64,ptr,addrspacecast,pointer,0
16734,502,58,64,ptr,addrspacecast,pointer,0
16735,502,59,64,ptr,addrspacecast,pointer,0
16736,502,60,64,ptr,addrspacecast,pointer,0
16737,502,61,64,ptr,addrspacecast,pointer,0
16738,502,62,64,ptr,addrspacecast,pointer,0
16739,502,63,64,ptr,addrspacecast,pointer,0
16740,504,0,64,ptr,addrspacecast,pointer,0
16741,504,1,64,ptr,addrspacecast,pointer,0
16742,504,2,64,ptr,addrspacecast,pointer,0
16743,504,3,64,ptr,addrspacecast,pointer,0
16744,504,4,64,ptr,addrspacecast,pointer,0
16745,504,5,64,ptr,addrspacecast,pointer,0
16746,504,6,64,ptr,addrspacecast,pointer,0
16747,504,7,64,ptr,addrspacecast,pointer,0
16748,504,8,64,ptr,addrspacecast,pointer,0
16749,504,9,64,ptr,addrspacecast,pointer,0
16750,504,10,64,ptr,addrspacecast,pointer,0
16751,504,11,64,ptr,addrspacecast,pointer,0
16752,504,12,64,ptr,addrspacecast,pointer,0
16753,504,13,64,ptr,addrspacecast,pointer,0
16754,504,14,64,ptr,addrspacecast,pointer,0
16755,504,15,64,ptr,addrspacecast,pointer,0
16756,504,16,64,ptr,addrspacecast,pointer,0
16757,504,17,64,ptr,addrspacecast,pointer,0
16758,504,18,64,ptr,addrspacecast,pointer,0
16759,504,19,64,ptr,addrspacecast,pointer,0
16760,504,20,64,ptr,addrspacecast,pointer,0
16761,504,21,64,ptr,addrspacecast,pointer,0
16762,504,22,64,ptr,addrspacecast,pointer,0
16763,504,23,64,ptr,addrspacecast,pointer,0
16764,504,24,64,ptr,addrspacecast,pointer,0
16765,504,25,64,ptr,addrspacecast,pointer,0
16766,504,26,64,ptr,addrspacecast,pointer,0
16767,504,27,64,ptr,addrspacecast,pointer,0
16768,504,28,64,ptr,addrspacecast,pointer,0
16769,504,29,64,ptr,addrspacecast,pointer,0
16770,504,30,64,ptr,addrspacecast,pointer,0
16771,504,31,64,ptr,addrspacecast,pointer,0
16772,504,32,64,ptr,addrspacecast,pointer,0
16773,504,33,64,ptr,addrspacecast,pointer,0
16774,504,34,64,ptr,addrspacecast,pointer,0
16775,504,35,64,ptr,addrspacecast,pointer,0
16776,504,36,64,ptr,addrspacecast,pointer,0
16777,504,37,64,ptr,addrspacecast,pointer,0
16778,504,38,64,ptr,addrspacecast,pointer,0
16779,504,39,64,ptr,addrspacecast,pointer,0
16780,504,40,64,ptr,addrspacecast,pointer,0
16781,504,41,64,ptr,addrspacecast,pointer,0
16782,504,42,64,ptr,addrspacecast,pointer,0
16783,504,43,64,ptr,addrspacecast,pointer,0
16784,504,44,64,ptr,addrspacecast,pointer,0
16785,504,45,64,ptr,addrspacecast,pointer,0
16786,504,46,64,ptr,addrspacecast,pointer,0
16787,504,47,64,ptr,addrspacecast,pointer,0
16788,504,48,64,ptr,addrspacecast,pointer,0
16789,504,49,64,ptr,addrspacecast,pointer,0
16790,504,50,64,ptr,addrspacecast,pointer,0
16791,504,51,64,ptr,addrspacecast,pointer,0
16792,504,52,64,ptr,addrspacecast,pointer,0
16793,504,53,64,ptr,addrspacecast,pointer,0
16794,504,54,64,ptr,addrspacecast,pointer,0
16795,504,55,64,ptr,addrspacecast,pointer,0
16796,504,56,64,ptr,addrspacecast,pointer,0
16797,504,57,64,ptr,addrspacecast,pointer,0
16798,504,58,64,ptr,addrspacecast,pointer,0
16799,504,59,64,ptr,addrspacecast,pointer,0
16800,504,60,64,ptr,addrspacecast,pointer,0
16801,504,61,64,ptr,addrspacecast,pointer,0
16802,504,62,64,ptr,addrspacecast,pointer,0
16803,504,63,64,ptr,addrspacecast,pointer,0
16804,506,0,64,ptr,addrspacecast,pointer,0
16805,506,1,64,ptr,addrspacecast,pointer,0
16806,506,2,64,ptr,addrspacecast,pointer,0
16807,506,3,64,ptr,addrspacecast,pointer,0
16808,506,4,64,ptr,addrspacecast,pointer,0
16809,506,5,64,ptr,addrspacecast,pointer,0
16810,506,6,64,ptr,addrspacecast,pointer,0
16811,506,7,64,ptr,addrspacecast,pointer,0
16812,506,8,64,ptr,addrspacecast,pointer,0
16813,506,9,64,ptr,addrspacecast,pointer,0
16814,506,10,64,ptr,addrspacecast,pointer,0
16815,506,11,64,ptr,addrspacecast,pointer,0
16816,506,12,64,ptr,addrspacecast,pointer,0
16817,506,13,64,ptr,addrspacecast,pointer,0
16818,506,14,64,ptr,addrspacecast,pointer,0
16819,506,15,64,ptr,addrspacecast,pointer,0
16820,506,16,64,ptr,addrspacecast,pointer,0
16821,506,17,64,ptr,addrspacecast,pointer,0
16822,506,18,64,ptr,addrspacecast,pointer,0
16823,506,19,64,ptr,addrspacecast,pointer,0
16824,506,20,64,ptr,addrspacecast,pointer,0
16825,506,21,64,ptr,addrspacecast,pointer,0
16826,506,22,64,ptr,addrspacecast,pointer,0
16827,506,23,64,ptr,addrspacecast,pointer,0
16828,506,24,64,ptr,addrspacecast,pointer,0
16829,506,25,64,ptr,addrspacecast,pointer,0
16830,506,26,64,ptr,addrspacecast,pointer,0
16831,506,27,64,ptr,addrspacecast,pointer,0
16832,506,28,64,ptr,addrspacecast,pointer,0
16833,506,29,64,ptr,addrspacecast,pointer,0
16834,506,30,64,ptr,addrspacecast,pointer,0
16835,506,31,64,ptr,addrspacecast,pointer,0
16836,506,32,64,ptr,addrspacecast,pointer,0
16837,506,33,64,ptr,addrspacecast,pointer,0
16838,506,34,64,ptr,addrspacecast,pointer,0
16839,506,35,64,ptr,addrspacecast,pointer,0
16840,506,36,64,ptr,addrspacecast,pointer,0
16841,506,37,64,ptr,addrspacecast,pointer,0
16842,506,38,64,ptr,addrspacecast,pointer,0
16843,506,39,64,ptr,addrspacecast,pointer,0
16844,506,40,64,ptr,addrspacecast,pointer,0
16845,506,41,64,ptr,addrspacecast,pointer,0
16846,506,42,64,ptr,addrspacecast,pointer,0
16847,506,43,64,ptr,addrspacecast,pointer,0
16848,506,44,64,ptr,addrspacecast,pointer,0
16849,506,45,64,ptr,addrspacecast,pointer,0
16850,506,46,64,ptr,addrspacecast,pointer,0
16851,506,47,64,ptr,addrspacecast,pointer,0
16852,506,48,64,ptr,addrspacecast,pointer,0
16853,506,49,64,ptr,addrspacecast,pointer,0
16854,506,50,64,ptr,addrspacecast,pointer,0
16855,506,51,64,ptr,addrspacecast,pointer,0
16856,506,52,64,ptr,addrspacecast,pointer,0
16857,506,53,64,ptr,addrspacecast,pointer,0
16858,506,54,64,ptr,addrspacecast,pointer,0
16859,506,55,64,ptr,addrspacecast,pointer,0
16860,506,56,64,ptr,addrspacecast,pointer,0
16861,506,57,64,ptr,addrspacecast,pointer,0
16862,506,58,64,ptr,addrspacecast,pointer,0
16863,506,59,64,ptr,addrspacecast,pointer,0
16864,506,60,64,ptr,addrspacecast,pointer,0
16865,506,61,64,ptr,addrspacecast,pointer,0
16866,506,62,64,ptr,addrspacecast,pointer,0
16867,506,63,64,ptr,addrspacecast,pointer,0
16868,508,0,64,ptr,load,pointer,0
16869,508,1,64,ptr,load,pointer,0
16870,508,2,64,ptr,load,pointer,0
16871,508,3,64,ptr,load,pointer,0
16872,508,4,64,ptr,load,pointer,0
16873,508,5,64,ptr,load,pointer,0
16874,508,6,64,ptr,load,pointer,0
16875,508,7,64,ptr,load,pointer,0
16876,508,8,64,ptr,load,pointer,0
16877,508,9,64,ptr,load,pointer,0
16878,508,10,64,ptr,load,pointer,0
16879,508,11,64,ptr,load,pointer,0
16880,508,12,64,ptr,load,pointer,0
16881,508,13,64,ptr,load,pointer,0
16882,508,14,64,ptr,load,pointer,0
16883,508,15,64,ptr,load,pointer,0
16884,508,16,64,ptr,load,pointer,0
16885,508,17,64,ptr,load,pointer,0
16886,508,18,64,ptr,load,pointer,0
16887,508,19,64,ptr,load,pointer,0
16888,508,20,64,ptr,load,pointer,0
16889,508,21,64,ptr,load,pointer,0
16890,508,22,64,ptr,load,pointer,0
16891,508,23,64,ptr,load,pointer,0
16892,508,24,64,ptr,load,pointer,0
16893,508,25,64,ptr,load,pointer,0
16894,508,26,64,ptr,load,pointer,0
16895,508,27,64,ptr,load,pointer,0
16896,508,28,64,ptr,load,pointer,0
16897,508,29,64,ptr,load,pointer,0
16898,508,30,64,ptr,load,pointer,0
16899,508,31,64,ptr,load,pointer,0
16900,508,32,64,ptr,load,pointer,0
16901,508,33,64,ptr,load,pointer,0
16902,508,34,64,ptr,load,pointer,0
16903,508,35,64,ptr,load,pointer,0
16904,508,36,64,ptr,load,pointer,0
16905,508,37,64,ptr,load,pointer,0
16906,508,38,64,ptr,load,pointer,0
16907,508,39,64,ptr,load,pointer,0
16908,508,40,64,ptr,load,pointer,0
16909,508,41,64,ptr,load,pointer,0
16910,508,42,64,ptr,load,pointer,0
16911,508,43,64,ptr,load,pointer,0
16912,508,44,64,ptr,load,pointer,0
16913,508,45,64,ptr,load,pointer,0
16914,508,46,64,ptr,load,pointer,0
16915,508,47,64,ptr,load,pointer,0
16916,508,48,64,ptr,load,pointer,0
16917,508,49,64,ptr,load,pointer,0
16918,508,50,64,ptr,load,pointer,0
16919,508,51,64,ptr,load,pointer,0
16920,508,52,64,ptr,load,pointer,0
16921,508,53,64,ptr,load,pointer,0
16922,508,54,64,ptr,load,pointer,0
16923,508,55,64,ptr,load,pointer,0
16924,508,56,64,ptr,load,pointer,0
16925,508,57,64,ptr,load,pointer,0
16926,508,58,64,ptr,load,pointer,0
16927,508,59,64,ptr,load,pointer,0
16928,508,60,64,ptr,load,pointer,0
16929,508,61,64,ptr,load,pointer,0
16930,508,62,64,ptr,load,pointer,0
16931,508,63,64,ptr,load,pointer,0
16932,510,0,64,ptr,load,pointer,0
16933,510,1,64,ptr,load,pointer,0
16934,510,2,64,ptr,load,pointer,0
16935,510,3,64,ptr,load,pointer,0
16936,510,4,64,ptr,load,pointer,0
16937,510,5,64,ptr,load,pointer,0
16938,510,6,64,ptr,load,pointer,0
16939,510,7,64,ptr,load,pointer,0
16940,510,8,64,ptr,load,pointer,0
16941,510,9,64,ptr,load,pointer,0
16942,510,10,64,ptr,load,pointer,0
16943,510,11,64,ptr,load,pointer,0
16944,510,12,64,ptr,load,pointer,0
16945,510,13,64,ptr,load,pointer,0
16946,510,14,64,ptr,load,pointer,0
16947,510,15,64,ptr,load,pointer,0
16948,510,16,64,ptr,load,pointer,0
16949,510,17,64,ptr,load,pointer,0
16950,510,18,64,ptr,load,pointer,0
16951,510,19,64,ptr,load,pointer,0
16952,510,20,64,ptr,load,pointer,0
16953,510,21,64,ptr,load,pointer,0
16954,510,22,64,ptr,load,pointer,0
16955,510,23,64,ptr,load,pointer,0
16956,510,24,64,ptr,load,pointer,0
16957,510,25,64,ptr,load,pointer,0
16958,510,26,64,ptr,load,pointer,0
16959,510,27,64,ptr,load,pointer,0
16960,510,28,64,ptr,load,pointer,0
16961,510,29,64,ptr,load,pointer,0
16962,510,30,64,ptr,load,pointer,0
16963,510,31,64,ptr,load,pointer,0
16964,510,32,64,ptr,load,pointer,0
16965,510,33,64,ptr,load,pointer,0
16966,510,34,64,ptr,load,pointer,0
16967,510,35,64,ptr,load,pointer,0
16968,510,36,64,ptr,load,pointer,0
16969,510,37,64,ptr,load,pointer,0
16970,510,38,64,ptr,load,pointer,0
16971,510,39,64,ptr,load,pointer,0
16972,510,40,64,ptr,load,pointer,0
16973,510,41,64,ptr,load,pointer,0
16974,510,42,64,ptr,load,pointer,0
16975,510,43,64,ptr,load,pointer,0
16976,510,44,64,ptr,load,pointer,0
16977,510,45,64,ptr,load,pointer,0
16978,510,46,64,ptr,load,pointer,0
16979,510,47,64,ptr,load,pointer,0
16980,510,48,64,ptr,load,pointer,0
16981,510,49,64,ptr,load,pointer,0
16982,510,50,64,ptr,load,pointer,0
16983,510,51,64,ptr,load,pointer,0
16984,510,52,64,ptr,load,pointer,0
16985,510,53,64,ptr,load,pointer,0
16986,510,54,64,ptr,load,pointer,0
16987,510,55,64,ptr,load,pointer,0
16988,510,56,64,ptr,load,pointer,0
16989,510,57,64,ptr,load,pointer,0
16990,510,58,64,ptr,load,pointer,0
16991,510,59,64,ptr,load,pointer,0
16992,510,60,64,ptr,load,pointer,0
16993,510,61,64,ptr,load,pointer,0
16994,510,62,64,ptr,load,pointer,0
16995,510,63,64,ptr,load,pointer,0
16996,512,0,64,ptr,load,pointer,0
16997,512,1,64,ptr,load,pointer,0
16998,512,2,64,ptr,load,pointer,0
16999,512,3,64,ptr,load,pointer,0
17000,512,4,64,ptr,load,pointer,0
17001,512,5,64,ptr,load,pointer,0
17002,512,6,64,ptr,load,pointer,0
17003,512,7,64,ptr,load,pointer,0
17004,512,8,64,ptr,load,pointer,0
17005,512,9,64,ptr,load,pointer,0
17006,512,10,64,ptr,load,pointer,0
17007,512,11,64,ptr,load,pointer,0
17008,512,12,64,ptr,load,pointer,0
17009,512,13,64,ptr,load,pointer,0
17010,512,14,64,ptr,load,pointer,0
17011,512,15,64,ptr,load,pointer,0
17012,512,16,64,ptr,load,pointer,0
17013,512,17,64,ptr,load,pointer,0
17014,512,18,64,ptr,load,pointer,0
17015,512,19,64,ptr,load,pointer,0
17016,512,20,64,ptr,load,pointer,0
17017,512,21,64,ptr,load,pointer,0
17018,512,22,64,ptr,load,pointer,0
17019,512,23,64,ptr,load,pointer,0
17020,512,24,64,ptr,load,pointer,0
17021,512,25,64,ptr,load,pointer,0
17022,512,26,64,ptr,load,pointer,0
17023,512,27,64,ptr,load,pointer,0
17024,512,28,64,ptr,load,pointer,0
17025,512,29,64,ptr,load,pointer,0
17026,512,30,64,ptr,load,pointer,0
17027,512,31,64,ptr,load,pointer,0
17028,512,32,64,ptr,load,pointer,0
17029,512,33,64,ptr,load,pointer,0
17030,512,34,64,ptr,load,pointer,0
17031,512,35,64,ptr,load,pointer,0
17032,512,36,64,ptr,load,pointer,0
17033,512,37,64,ptr,load,pointer,0
17034,512,38,64,ptr,load,pointer,0
17035,512,39,64,ptr,load,pointer,0
17036,512,40,64,ptr,load,pointer,0
17037,512,41,64,ptr,load,pointer,0
17038,512,42,64,ptr,load,pointer,0
17039,512,43,64,ptr,load,pointer,0
17040,512,44,64,ptr,load,pointer,0
17041,512,45,64,ptr,load,pointer,0
17042,512,46,64,ptr,load,pointer,0
17043,512,47,64,ptr,load,pointer,0
17044,512,48,64,ptr,load,pointer,0
17045,512,49,64,ptr,load,pointer,0
17046,512,50,64,ptr,load,pointer,0
17047,512,51,64,ptr,load,pointer,0
17048,512,52,64,ptr,load,pointer,0
17049,512,53,64,ptr,load,pointer,0
17050,512,54,64,ptr,load,pointer,0
17051,512,55,64,ptr,load,pointer,0
17052,512,56,64,ptr,load,pointer,0
17053,512,57,64,ptr,load,pointer,0
17054,512,58,64,ptr,load,pointer,0
17055,512,59,64,ptr,load,pointer,0
17056,512,60,64,ptr,load,pointer,0
17057,512,61,64,ptr,load,pointer,0
17058,512,62,64,ptr,load,pointer,0
17059,512,63,64,ptr,load,pointer,0
17060,513,0,64,int,call,base,-1
17061,513,1,64,int,call,base,-1
17062,513,2,64,int,call,base,-1
17063,513,3,64,int,call,base,-1
17064,513,4,64,int,call,base,-1
17065,513,5,64,int,call,base,-1
17066,513,6,64,int,call,base,-1
17067,513,7,64,int,call,base,-1
17068,513,8,64,int,call,base,-1
17069,513,9,64,int,call,base,-1
17070,513,10,64,int,call,base,-1
17071,513,11,64,int,call,base,-1
17072,513,12,64,int,call,base,-1
17073,513,13,64,int,call,base,-1
17074,513,14,64,int,call,base,-1
17075,513,15,64,int,call,base,-1
17076,513,16,64,int,call,base,-1
17077,513,17,64,int,call,base,-1
17078,513,18,64,int,call,base,-1
17079,513,19,64,int,call,base,-1
17080,513,20,64,int,call,base,-1
17081,513,21,64,int,call,base,-1
17082,513,22,64,int,call,base,-1
17083,513,23,64,int,call,base,-1
17084,513,24,64,int,call,base,-1
17085,513,25,64,int,call,base,-1
17086,513,26,64,int,call,base,-1
17087,513,27,64,int,call,base,-1
17088,513,28,64,int,call,base,-1
17089,513,29,64,int,call,base,-1
17090,513,30,64,int,call,base,-1
17091,513,31,64,int,call,base,-1
17092,513,32,64,int,call,base,-1
17093,513,33,64,int,call,base,-1
17094,513,34,64,int,call,base,-1
17095,513,35,64,int,call,base,-1
17096,513,36,64,int,call,base,-1
17097,513,37,64,int,call,base,-1
17098,513,38,64,int,call,base,-1
17099,513,39,64,int,call,base,-1
17100,513,40,64,int,call,base,-1
17101,513,41,64,int,call,base,-1
17102,513,42,64,int,call,base,-1
17103,513,43,64,int,call,base,-1
17104,513,44,64,int,call,base,-1
17105,513,45,64,int,call,base,-1
17106,513,46,64,int,call,base,-1
17107,513,47,64,int,call,base,-1
17108,513,48,64,int,call,base,-1
17109,513,49,64,int,call,base,-1
17110,513,50,64,int,call,base,-1
17111,513,51,64,int,call,base,-1
17112,513,52,64,int,call,base,-1
17113,513,53,64,int,call,base,-1
17114,513,54,64,int,call,base,-1
17115,513,55,64,int,call,base,-1
17116,513,56,64,int,call,base,-1
17117,513,57,64,int,call,base,-1
17118,513,58,64,int,call,base,-1
17119,513,59,64,int,call,base,-1
17120,513,60,64,int,call,base,-1
17121,513,61,64,int,call,base,-1
17122,513,62,64,int,call,base,-1
17123,513,63,64,int,call,base,-1
17124,516,0,64,ptr,addrspacecast,pointer,0
17125,516,1,64,ptr,addrspacecast,pointer,0
17126,516,2,64,ptr,addrspacecast,pointer,0
17127,516,3,64,ptr,addrspacecast,pointer,0
17128,516,4,64,ptr,addrspacecast,pointer,0
17129,516,5,64,ptr,addrspacecast,pointer,0
17130,516,6,64,ptr,addrspacecast,pointer,0
17131,516,7,64,ptr,addrspacecast,pointer,0
17132,516,8,64,ptr,addrspacecast,pointer,0
17133,516,9,64,ptr,addrspacecast,pointer,0
17134,516,10,64,ptr,addrspacecast,pointer,0
17135,516,11,64,ptr,addrspacecast,pointer,0
17136,516,12,64,ptr,addrspacecast,pointer,0
17137,516,13,64,ptr,addrspacecast,pointer,0
17138,516,14,64,ptr,addrspacecast,pointer,0
17139,516,15,64,ptr,addrspacecast,pointer,0
17140,516,16,64,ptr,addrspacecast,pointer,0
17141,516,17,64,ptr,addrspacecast,pointer,0
17142,516,18,64,ptr,addrspacecast,pointer,0
17143,516,19,64,ptr,addrspacecast,pointer,0
17144,516,20,64,ptr,addrspacecast,pointer,0
17145,516,21,64,ptr,addrspacecast,pointer,0
17146,516,22,64,ptr,addrspacecast,pointer,0
17147,516,23,64,ptr,addrspacecast,pointer,0
17148,516,24,64,ptr,addrspacecast,pointer,0
17149,516,25,64,ptr,addrspacecast,pointer,0
17150,516,26,64,ptr,addrspacecast,pointer,0
17151,516,27,64,ptr,addrspacecast,pointer,0
17152,516,28,64,ptr,addrspacecast,pointer,0
17153,516,29,64,ptr,addrspacecast,pointer,0
17154,516,30,64,ptr,addrspacecast,pointer,0
17155,516,31,64,ptr,addrspacecast,pointer,0
17156,516,32,64,ptr,addrspacecast,pointer,0
17157,516,33,64,ptr,addrspacecast,pointer,0
17158,516,34,64,ptr,addrspacecast,pointer,0
17159,516,35,64,ptr,addrspacecast,pointer,0
17160,516,36,64,ptr,addrspacecast,pointer,0
17161,516,37,64,ptr,addrspacecast,pointer,0
17162,516,38,64,ptr,addrspacecast,pointer,0
17163,516,39,64,ptr,addrspacecast,pointer,0
17164,516,40,64,ptr,addrspacecast,pointer,0
17165,516,41,64,ptr,addrspacecast,pointer,0
17166,516,42,64,ptr,addrspacecast,pointer,0
17167,516,43,64,ptr,addrspacecast,pointer,0
17168,516,44,64,ptr,addrspacecast,pointer,0
17169,516,45,64,ptr,addrspacecast,pointer,0
17170,516,46,64,ptr,addrspacecast,pointer,0
17171,516,47,64,ptr,addrspacecast,pointer,0
17172,516,48,64,ptr,addrspacecast,pointer,0
17173,516,49,64,ptr,addrspacecast,pointer,0
17174,516,50,64,ptr,addrspacecast,pointer,0
17175,516,51,64,ptr,addrspacecast,pointer,0
17176,516,52,64,ptr,addrspacecast,pointer,0
17177,516,53,64,ptr,addrspacecast,pointer,0
17178,516,54,64,ptr,addrspacecast,pointer,0
17179,516,55,64,ptr,addrspacecast,pointer,0
17180,516,56,64,ptr,addrspacecast,pointer,0
17181,516,57,64,ptr,addrspacecast,pointer,0
17182,516,58,64,ptr,addrspacecast,pointer,0
17183,516,59,64,ptr,addrspacecast,pointer,0
17184,516,60,64,ptr,addrspacecast,pointer,0
17185,516,61,64,ptr,addrspacecast,pointer,0
17186,516,62,64,ptr,addrspacecast,pointer,0
17187,516,63,64,ptr,addrspacecast,pointer,0
17188,517,0,64,int,call,base,-1
17189,517,1,64,int,call,base,-1
17190,517,2,64,int,call,base,-1
17191,517,3,64,int,call,base,-1
17192,517,4,64,int,call,base,-1
17193,517,5,64,int,call,base,-1
17194,517,6,64,int,call,base,-1
17195,517,7,64,int,call,base,-1
17196,517,8,64,int,call,base,-1
17197,517,9,64,int,call,base,-1
17198,517,10,64,int,call,base,-1
17199,517,11,64,int,call,base,-1
17200,517,12,64,int,call,base,-1
17201,517,13,64,int,call,base,-1
17202,517,14,64,int,call,base,-1
17203,517,15,64,int,call,base,-1
17204,517,16,64,int,call,base,-1
17205,517,17,64,int,call,base,-1
17206,517,18,64,int,call,base,-1
17207,517,19,64,int,call,base,-1
17208,517,20,64,int,call,base,-1
17209,517,21,64,int,call,base,-1
17210,517,22,64,int,call,base,-1
17211,517,23,64,int,call,base,-1
17212,517,24,64,int,call,base,-1
17213,517,25,64,int,call,base,-1
17214,517,26,64,int,call,base,-1
17215,517,27,64,int,call,base,-1
17216,517,28,64,int,call,base,-1
17217,517,29,64,int,call,base,-1
17218,517,30,64,int,call,base,-1
17219,517,31,64,int,call,base,-1
17220,517,32,64,int,call,base,-1
17221,517,33,64,int,call,base,-1
17222,517,34,64,int,call,base,-1
17223,517,35,64,int,call,base,-1
17224,517,36,64,int,call,base,-1
17225,517,37,64,int,call,base,-1
17226,517,38,64,int,call,base,-1
17227,517,39,64,int,call,base,-1
17228,517,40,64,int,call,base,-1
17229,517,41,64,int,call,base,-1
17230,517,42,64,int,call,base,-1
17231,517,43,64,int,call,base,-1
17232,517,44,64,int,call,base,-1
17233,517,45,64,int,call,base,-1
17234,517,46,64,int,call,base,-1
17235,517,47,64,int,call,base,-1
17236,517,48,64,int,call,base,-1
17237,517,49,64,int,call,base,-1
17238,517,50,64,int,call,base,-1
17239,517,51,64,int,call,base,-1
17240,517,52,64,int,call,base,-1
17241,517,53,64,int,call,base,-1
17242,517,54,64,int,call,base,-1
17243,517,55,64,int,call,base,-1
17244,517,56,64,int,call,base,-1
17245,517,57,64,int,call,base,-1
17246,517,58,64,int,call,base,-1
17247,517,59,64,int,call,base,-1
17248,517,60,64,int,call,base,-1
17249,517,61,64,int,call,base,-1
17250,517,62,64,int,call,base,-1
17251,517,63,64,int,call,base,-1
17252,521,0,64,ptr,addrspacecast,pointer,0
17253,521,1,64,ptr,addrspacecast,pointer,0
17254,521,2,64,ptr,addrspacecast,pointer,0
17255,521,3,64,ptr,addrspacecast,pointer,0
17256,521,4,64,ptr,addrspacecast,pointer,0
17257,521,5,64,ptr,addrspacecast,pointer,0
17258,521,6,64,ptr,addrspacecast,pointer,0
17259,521,7,64,ptr,addrspacecast,pointer,0
17260,521,8,64,ptr,addrspacecast,pointer,0
17261,521,9,64,ptr,addrspacecast,pointer,0
17262,521,10,64,ptr,addrspacecast,pointer,0
17263,521,11,64,ptr,addrspacecast,pointer,0
17264,521,12,64,ptr,addrspacecast,pointer,0
17265,521,13,64,ptr,addrspacecast,pointer,0
17266,521,14,64,ptr,addrspacecast,pointer,0
17267,521,15,64,ptr,addrspacecast,pointer,0
17268,521,16,64,ptr,addrspacecast,pointer,0
17269,521,17,64,ptr,addrspacecast,pointer,0
17270,521,18,64,ptr,addrspacecast,pointer,0
17271,521,19,64,ptr,addrspacecast,pointer,0
17272,521,20,64,ptr,addrspacecast,pointer,0
17273,521,21,64,ptr,addrspacecast,pointer,0
17274,521,22,64,ptr,addrspacecast,pointer,0
17275,521,23,64,ptr,addrspacecast,pointer,0
17276,521,24,64,ptr,addrspacecast,pointer,0
17277,521,25,64,ptr,addrspacecast,pointer,0
17278,521,26,64,ptr,addrspacecast,pointer,0
17279,521,27,64,ptr,addrspacecast,pointer,0
17280,521,28,64,ptr,addrspacecast,pointer,0
17281,521,29,64,ptr,addrspacecast,pointer,0
17282,521,30,64,ptr,addrspacecast,pointer,0
17283,521,31,64,ptr,addrspacecast,pointer,0
17284,521,32,64,ptr,addrspacecast,pointer,0
17285,521,33,64,ptr,addrspacecast,pointer,0
17286,521,34,64,ptr,addrspacecast,pointer,0
17287,521,35,64,ptr,addrspacecast,pointer,0
17288,521,36,64,ptr,addrspacecast,pointer,0
17289,521,37,64,ptr,addrspacecast,pointer,0
17290,521,38,64,ptr,addrspacecast,pointer,0
17291,521,39,64,ptr,addrspacecast,pointer,0
17292,521,40,64,ptr,addrspacecast,pointer,0
17293,521,41,64,ptr,addrspacecast,pointer,0
17294,521,42,64,ptr,addrspacecast,pointer,0
17295,521,43,64,ptr,addrspacecast,pointer,0
17296,521,44,64,ptr,addrspacecast,pointer,0
17297,521,45,64,ptr,addrspacecast,pointer,0
17298,521,46,64,ptr,addrspacecast,pointer,0
17299,521,47,64,ptr,addrspacecast,pointer,0
17300,521,48,64,ptr,addrspacecast,pointer,0
17301,521,49,64,ptr,addrspacecast,pointer,0
17302,521,50,64,ptr,addrspacecast,pointer,0
17303,521,51,64,ptr,addrspacecast,pointer,0
17304,521,52,64,ptr,addrspacecast,pointer,0
17305,521,53,64,ptr,addrspacecast,pointer,0
17306,521,54,64,ptr,addrspacecast,pointer,0
17307,521,55,64,ptr,addrspacecast,pointer,0
17308,521,56,64,ptr,addrspacecast,pointer,0
17309,521,57,64,ptr,addrspacecast,pointer,0
17310,521,58,64,ptr,addrspacecast,pointer,0
17311,521,59,64,ptr,addrspacecast,pointer,0
17312,521,60,64,ptr,addrspacecast,pointer,0
17313,521,61,64,ptr,addrspacecast,pointer,0
17314,521,62,64,ptr,addrspacecast,pointer,0
17315,521,63,64,ptr,addrspacecast,pointer,0
17316,523,0,64,ptr,addrspacecast,pointer,0
17317,523,1,64,ptr,addrspacecast,pointer,0
17318,523,2,64,ptr,addrspacecast,pointer,0
17319,523,3,64,ptr,addrspacecast,pointer,0
17320,523,4,64,ptr,addrspacecast,pointer,0
17321,523,5,64,ptr,addrspacecast,pointer,0
17322,523,6,64,ptr,addrspacecast,pointer,0
17323,523,7,64,ptr,addrspacecast,pointer,0
17324,523,8,64,ptr,addrspacecast,pointer,0
17325,523,9,64,ptr,addrspacecast,pointer,0
17326,523,10,64,ptr,addrspacecast,pointer,0
17327,523,11,64,ptr,addrspacecast,pointer,0
17328,523,12,64,ptr,addrspacecast,pointer,0
17329,523,13,64,ptr,addrspacecast,pointer,0
17330,523,14,64,ptr,addrspacecast,pointer,0
17331,523,15,64,ptr,addrspacecast,pointer,0
17332,523,16,64,ptr,addrspacecast,pointer,0
17333,523,17,64,ptr,addrspacecast,pointer,0
17334,523,18,64,ptr,addrspacecast,pointer,0
17335,523,19,64,ptr,addrspacecast,pointer,0
17336,523,20,64,ptr,addrspacecast,pointer,0
17337,523,21,64,ptr,addrspacecast,pointer,0
17338,523,22,64,ptr,addrspacecast,pointer,0
17339,523,23,64,ptr,addrspacecast,pointer,0
17340,523,24,64,ptr,addrspacecast,pointer,0
17341,523,25,64,ptr,addrspacecast,pointer,0
17342,523,26,64,ptr,addrspacecast,pointer,0
17343,523,27,64,ptr,addrspacecast,pointer,0
17344,523,28,64,ptr,addrspacecast,pointer,0
17345,523,29,64,ptr,addrspacecast,pointer,0
17346,523,30,64,ptr,addrspacecast,pointer,0
17347,523,31,64,ptr,addrspacecast,pointer,0
17348,523,32,64,ptr,addrspacecast,pointer,0
17349,523,33,64,ptr,addrspacecast,pointer,0
17350,523,34,64,ptr,addrspacecast,pointer,0
17351,523,35,64,ptr,addrspacecast,pointer,0
17352,523,36,64,ptr,addrspacecast,pointer,0
17353,523,37,64,ptr,addrspacecast,pointer,0
17354,523,38,64,ptr,addrspacecast,pointer,0
17355,523,39,64,ptr,addrspacecast,pointer,0
17356,523,40,64,ptr,addrspacecast,pointer,0
17357,523,41,64,ptr,addrspacecast,pointer,0
17358,523,42,64,ptr,addrspacecast,pointer,0
17359,523,43,64,ptr,addrspacecast,pointer,0
17360,523,44,64,ptr,addrspacecast,pointer,0
17361,523,45,64,ptr,addrspacecast,pointer,0
17362,523,46,64,ptr,addrspacecast,pointer,0
17363,523,47,64,ptr,addrspacecast,pointer,0
17364,523,48,64,ptr,addrspacecast,pointer,0
17365,523,49,64,ptr,addrspacecast,pointer,0
17366,523,50,64,ptr,addrspacecast,pointer,0
17367,523,51,64,ptr,addrspacecast,pointer,0
17368,523,52,64,ptr,addrspacecast,pointer,0
17369,523,53,64,ptr,addrspacecast,pointer,0
17370,523,54,64,ptr,addrspacecast,pointer,0
17371,523,55,64,ptr,addrspacecast,pointer,0
17372,523,56,64,ptr,addrspacecast,pointer,0
17373,523,57,64,ptr,addrspacecast,pointer,0
17374,523,58,64,ptr,addrspacecast,pointer,0
17375,523,59,64,ptr,addrspacecast,pointer,0
17376,523,60,64,ptr,addrspacecast,pointer,0
17377,523,61,64,ptr,addrspacecast,pointer,0
17378,523,62,64,ptr,addrspacecast,pointer,0
17379,523,63,64,ptr,addrspacecast,pointer,0
17380,525,0,64,ptr,load,pointer,0
17381,525,1,64,ptr,load,pointer,0
17382,525,2,64,ptr,load,pointer,0
17383,525,3,64,ptr,load,pointer,0
17384,525,4,64,ptr,load,pointer,0
17385,525,5,64,ptr,load,pointer,0
17386,525,6,64,ptr,load,pointer,0
17387,525,7,64,ptr,load,pointer,0
17388,525,8,64,ptr,load,pointer,0
17389,525,9,64,ptr,load,pointer,0
17390,525,10,64,ptr,load,pointer,0
17391,525,11,64,ptr,load,pointer,0
17392,525,12,64,ptr,load,pointer,0
17393,525,13,64,ptr,load,pointer,0
17394,525,14,64,ptr,load,pointer,0
17395,525,15,64,ptr,load,pointer,0
17396,525,16,64,ptr,load,pointer,0
17397,525,17,64,ptr,load,pointer,0
17398,525,18,64,ptr,load,pointer,0
17399,525,19,64,ptr,load,pointer,0
17400,525,20,64,ptr,load,pointer,0
17401,525,21,64,ptr,load,pointer,0
17402,525,22,64,ptr,load,pointer,0
17403,525,23,64,ptr,load,pointer,0
17404,525,24,64,ptr,load,pointer,0
17405,525,25,64,ptr,load,pointer,0
17406,525,26,64,ptr,load,pointer,0
17407,525,27,64,ptr,load,pointer,0
17408,525,28,64,ptr,load,pointer,0
17409,525,29,64,ptr,load,pointer,0
17410,525,30,64,ptr,load,pointer,0
17411,525,31,64,ptr,load,pointer,0
17412,525,32,64,ptr,load,pointer,0
17413,525,33,64,ptr,load,pointer,0
17414,525,34,64,ptr,load,pointer,0
17415,525,35,64,ptr,load,pointer,0
17416,525,36,64,ptr,load,pointer,0
17417,525,37,64,ptr,load,pointer,0
17418,525,38,64,ptr,load,pointer,0
17419,525,39,64,ptr,load,pointer,0
17420,525,40,64,ptr,load,pointer,0
17421,525,41,64,ptr,load,pointer,0
17422,525,42,64,ptr,load,pointer,0
17423,525,43,64,ptr,load,pointer,0
17424,525,44,64,ptr,load,pointer,0
17425,525,45,64,ptr,load,pointer,0
17426,525,46,64,ptr,load,pointer,0
17427,525,47,64,ptr,load,pointer,0
17428,525,48,64,ptr,load,pointer,0
17429,525,49,64,ptr,load,pointer,0
17430,525,50,64,ptr,load,pointer,0
17431,525,51,64,ptr,load,pointer,0
17432,525,52,64,ptr,load,pointer,0
17433,525,53,64,ptr,load,pointer,0
17434,525,54,64,ptr,load,pointer,0
17435,525,55,64,ptr,load,pointer,0
17436,525,56,64,ptr,load,pointer,0
17437,525,57,64,ptr,load,pointer,0
17438,525,58,64,ptr,load,pointer,0
17439,525,59,64,ptr,load,pointer,0
17440,525,60,64,ptr,load,pointer,0
17441,525,61,64,ptr,load,pointer,0
17442,525,62,64,ptr,load,pointer,0
17443,525,63,64,ptr,load,pointer,0
17444,526,0,64,int,load,base,-1
17445,526,1,64,int,load,base,-1
17446,526,2,64,int,load,base,-1
17447,526,3,64,int,load,base,-1
17448,526,4,64,int,load,base,-1
17449,526,5,64,int,load,base,-1
17450,526,6,64,int,load,base,-1
17451,526,7,64,int,load,base,-1
17452,526,8,64,int,load,base,-1
17453,526,9,64,int,load,base,-1
17454,526,10,64,int,load,base,-1
17455,526,11,64,int,load,base,-1
17456,526,12,64,int,load,base,-1
17457,526,13,64,int,load,base,-1
17458,526,14,64,int,load,base,-1
17459,526,15,64,int,load,base,-1
17460,526,16,64,int,load,base,-1
17461,526,17,64,int,load,base,-1
17462,526,18,64,int,load,base,-1
17463,526,19,64,int,load,base,-1
17464,526,20,64,int,load,base,-1
17465,526,21,64,int,load,base,-1
17466,526,22,64,int,load,base,-1
17467,526,23,64,int,load,base,-1
17468,526,24,64,int,load,base,-1
17469,526,25,64,int,load,base,-1
17470,526,26,64,int,load,base,-1
17471,526,27,64,int,load,base,-1
17472,526,28,64,int,load,base,-1
17473,526,29,64,int,load,base,-1
17474,526,30,64,int,load,base,-1
17475,526,31,64,int,load,base,-1
17476,526,32,64,int,load,base,-1
17477,526,33,64,int,load,base,-1
17478,526,34,64,int,load,base,-1
17479,526,35,64,int,load,base,-1
17480,526,36,64,int,load,base,-1
17481,526,37,64,int,load,base,-1
17482,526,38,64,int,load,base,-1
17483,526,39,64,int,load,base,-1
17484,526,40,64,int,load,base,-1
17485,526,41,64,int,load,base,-1
17486,526,42,64,int,load,base,-1
17487,526,43,64,int,load,base,-1
17488,526,44,64,int,load,base,-1
17489,526,45,64,int,load,base,-1
17490,526,46,64,int,load,base,-1
17491,526,47,64,int,load,base,-1
17492,526,48,64,int,load,base,-1
17493,526,49,64,int,load,base,-1
17494,526,50,64,int,load,base,-1
17495,526,51,64,int,load,base,-1
17496,526,52,64,int,load,base,-1
17497,526,53,64,int,load,base,-1
17498,526,54,64,int,load,base,-1
17499,526,55,64,int,load,base,-1
17500,526,56,64,int,load,base,-1
17501,526,57,64,int,load,base,-1
17502,526,58,64,int,load,base,-1
17503,526,59,64,int,load,base,-1
17504,526,60,64,int,load,base,-1
17505,526,61,64,int,load,base,-1
17506,526,62,64,int,load,base,-1
17507,526,63,64,int,load,base,-1
17508,527,0,64,ptr,load,pointer,0
17509,527,1,64,ptr,load,pointer,0
17510,527,2,64,ptr,load,pointer,0
17511,527,3,64,ptr,load,pointer,0
17512,527,4,64,ptr,load,pointer,0
17513,527,5,64,ptr,load,pointer,0
17514,527,6,64,ptr,load,pointer,0
17515,527,7,64,ptr,load,pointer,0
17516,527,8,64,ptr,load,pointer,0
17517,527,9,64,ptr,load,pointer,0
17518,527,10,64,ptr,load,pointer,0
17519,527,11,64,ptr,load,pointer,0
17520,527,12,64,ptr,load,pointer,0
17521,527,13,64,ptr,load,pointer,0
17522,527,14,64,ptr,load,pointer,0
17523,527,15,64,ptr,load,pointer,0
17524,527,16,64,ptr,load,pointer,0
17525,527,17,64,ptr,load,pointer,0
17526,527,18,64,ptr,load,pointer,0
17527,527,19,64,ptr,load,pointer,0
17528,527,20,64,ptr,load,pointer,0
17529,527,21,64,ptr,load,pointer,0
17530,527,22,64,ptr,load,pointer,0
17531,527,23,64,ptr,load,pointer,0
17532,527,24,64,ptr,load,pointer,0
17533,527,25,64,ptr,load,pointer,0
17534,527,26,64,ptr,load,pointer,0
17535,527,27,64,ptr,load,pointer,0
17536,527,28,64,ptr,load,pointer,0
17537,527,29,64,ptr,load,pointer,0
17538,527,30,64,ptr,load,pointer,0
17539,527,31,64,ptr,load,pointer,0
17540,527,32,64,ptr,load,pointer,0
17541,527,33,64,ptr,load,pointer,0
17542,527,34,64,ptr,load,pointer,0
17543,527,35,64,ptr,load,pointer,0
17544,527,36,64,ptr,load,pointer,0
17545,527,37,64,ptr,load,pointer,0
17546,527,38,64,ptr,load,pointer,0
17547,527,39,64,ptr,load,pointer,0
17548,527,40,64,ptr,load,pointer,0
17549,527,41,64,ptr,load,pointer,0
17550,527,42,64,ptr,load,pointer,0
17551,527,43,64,ptr,load,pointer,0
17552,527,44,64,ptr,load,pointer,0
17553,527,45,64,ptr,load,pointer,0
17554,527,46,64,ptr,load,pointer,0
17555,527,47,64,ptr,load,pointer,0
17556,527,48,64,ptr,load,pointer,0
17557,527,49,64,ptr,load,pointer,0
17558,527,50,64,ptr,load,pointer,0
17559,527,51,64,ptr,load,pointer,0
17560,527,52,64,ptr,load,pointer,0
17561,527,53,64,ptr,load,pointer,0
17562,527,54,64,ptr,load,pointer,0
17563,527,55,64,ptr,load,pointer,0
17564,527,56,64,ptr,load,pointer,0
17565,527,57,64,ptr,load,pointer,0
17566,527,58,64,ptr,load,pointer,0
17567,527,59,64,ptr,load,pointer,0
17568,527,60,64,ptr,load,pointer,0
17569,527,61,64,ptr,load,pointer,0
17570,527,62,64,ptr,load,pointer,0
17571,527,63,64,ptr,load,pointer,0
17572,530,0,64,ptr,addrspacecast,pointer,0
17573,530,1,64,ptr,addrspacecast,pointer,0
17574,530,2,64,ptr,addrspacecast,pointer,0
17575,530,3,64,ptr,addrspacecast,pointer,0
17576,530,4,64,ptr,addrspacecast,pointer,0
17577,530,5,64,ptr,addrspacecast,pointer,0
17578,530,6,64,ptr,addrspacecast,pointer,0
17579,530,7,64,ptr,addrspacecast,pointer,0
17580,530,8,64,ptr,addrspacecast,pointer,0
17581,530,9,64,ptr,addrspacecast,pointer,0
17582,530,10,64,ptr,addrspacecast,pointer,0
17583,530,11,64,ptr,addrspacecast,pointer,0
17584,530,12,64,ptr,addrspacecast,pointer,0
17585,530,13,64,ptr,addrspacecast,pointer,0
17586,530,14,64,ptr,addrspacecast,pointer,0
17587,530,15,64,ptr,addrspacecast,pointer,0
17588,530,16,64,ptr,addrspacecast,pointer,0
17589,530,17,64,ptr,addrspacecast,pointer,0
17590,530,18,64,ptr,addrspacecast,pointer,0
17591,530,19,64,ptr,addrspacecast,pointer,0
17592,530,20,64,ptr,addrspacecast,pointer,0
17593,530,21,64,ptr,addrspacecast,pointer,0
17594,530,22,64,ptr,addrspacecast,pointer,0
17595,530,23,64,ptr,addrspacecast,pointer,0
17596,530,24,64,ptr,addrspacecast,pointer,0
17597,530,25,64,ptr,addrspacecast,pointer,0
17598,530,26,64,ptr,addrspacecast,pointer,0
17599,530,27,64,ptr,addrspacecast,pointer,0
17600,530,28,64,ptr,addrspacecast,pointer,0
17601,530,29,64,ptr,addrspacecast,pointer,0
17602,530,30,64,ptr,addrspacecast,pointer,0
17603,530,31,64,ptr,addrspacecast,pointer,0
17604,530,32,64,ptr,addrspacecast,pointer,0
17605,530,33,64,ptr,addrspacecast,pointer,0
17606,530,34,64,ptr,addrspacecast,pointer,0
17607,530,35,64,ptr,addrspacecast,pointer,0
17608,530,36,64,ptr,addrspacecast,pointer,0
17609,530,37,64,ptr,addrspacecast,pointer,0
17610,530,38,64,ptr,addrspacecast,pointer,0
17611,530,39,64,ptr,addrspacecast,pointer,0
17612,530,40,64,ptr,addrspacecast,pointer,0
17613,530,41,64,ptr,addrspacecast,pointer,0
17614,530,42,64,ptr,addrspacecast,pointer,0
17615,530,43,64,ptr,addrspacecast,pointer,0
17616,530,44,64,ptr,addrspacecast,pointer,0
17617,530,45,64,ptr,addrspacecast,pointer,0
17618,530,46,64,ptr,addrspacecast,pointer,0
17619,530,47,64,ptr,addrspacecast,pointer,0
17620,530,48,64,ptr,addrspacecast,pointer,0
17621,530,49,64,ptr,addrspacecast,pointer,0
17622,530,50,64,ptr,addrspacecast,pointer,0
17623,530,51,64,ptr,addrspacecast,pointer,0
17624,530,52,64,ptr,addrspacecast,pointer,0
17625,530,53,64,ptr,addrspacecast,pointer,0
17626,530,54,64,ptr,addrspacecast,pointer,0
17627,530,55,64,ptr,addrspacecast,pointer,0
17628,530,56,64,ptr,addrspacecast,pointer,0
17629,530,57,64,ptr,addrspacecast,pointer,0
17630,530,58,64,ptr,addrspacecast,pointer,0
17631,530,59,64,ptr,addrspacecast,pointer,0
17632,530,60,64,ptr,addrspacecast,pointer,0
17633,530,61,64,ptr,addrspacecast,pointer,0
17634,530,62,64,ptr,addrspacecast,pointer,0
17635,530,63,64,ptr,addrspacecast,pointer,0
17636,532,0,64,int,extractelement,base,-1
17637,532,1,64,int,extractelement,base,-1
17638,532,2,64,int,extractelement,base,-1
17639,532,3,64,int,extractelement,base,-1
17640,532,4,64,int,extractelement,base,-1
17641,532,5,64,int,extractelement,base,-1
17642,532,6,64,int,extractelement,base,-1
17643,532,7,64,int,extractelement,base,-1
17644,532,8,64,int,extractelement,base,-1
17645,532,9,64,int,extractelement,base,-1
17646,532,10,64,int,extractelement,base,-1
17647,532,11,64,int,extractelement,base,-1
17648,532,12,64,int,extractelement,base,-1
17649,532,13,64,int,extractelement,base,-1
17650,532,14,64,int,extractelement,base,-1
17651,532,15,64,int,extractelement,base,-1
17652,532,16,64,int,extractelement,base,-1
17653,532,17,64,int,extractelement,base,-1
17654,532,18,64,int,extractelement,base,-1
17655,532,19,64,int,extractelement,base,-1
17656,532,20,64,int,extractelement,base,-1
17657,532,21,64,int,extractelement,base,-1
17658,532,22,64,int,extractelement,base,-1
17659,532,23,64,int,extractelement,base,-1
17660,532,24,64,int,extractelement,base,-1
17661,532,25,64,int,extractelement,base,-1
17662,532,26,64,int,extractelement,base,-1
17663,532,27,64,int,extractelement,base,-1
17664,532,28,64,int,extractelement,base,-1
17665,532,29,64,int,extractelement,base,-1
17666,532,30,64,int,extractelement,base,-1
17667,532,31,64,int,extractelement,base,-1
17668,532,32,64,int,extractelement,base,-1
17669,532,33,64,int,extractelement,base,-1
17670,532,34,64,int,extractelement,base,-1
17671,532,35,64,int,extractelement,base,-1
17672,532,36,64,int,extractelement,base,-1
17673,532,37,64,int,extractelement,base,-1
17674,532,38,64,int,extractelement,base,-1
17675,532,39,64,int,extractelement,base,-1
17676,532,40,64,int,extractelement,base,-1
17677,532,41,64,int,extractelement,base,-1
17678,532,42,64,int,extractelement,base,-1
17679,532,43,64,int,extractelement,base,-1
17680,532,44,64,int,extractelement,base,-1
17681,532,45,64,int,extractelement,base,-1
17682,532,46,64,int,extractelement,base,-1
17683,532,47,64,int,extractelement,base,-1
17684,532,48,64,int,extractelement,base,-1
17685,532,49,64,int,extractelement,base,-1
17686,532,50,64,int,extractelement,base,-1
17687,532,51,64,int,extractelement,base,-1
17688,532,52,64,int,extractelement,base,-1
17689,532,53,64,int,extractelement,base,-1
17690,532,54,64,int,extractelement,base,-1
17691,532,55,64,int,extractelement,base,-1
17692,532,56,64,int,extractelement,base,-1
17693,532,57,64,int,extractelement,base,-1
17694,532,58,64,int,extractelement,base,-1
17695,532,59,64,int,extractelement,base,-1
17696,532,60,64,int,extractelement,base,-1
17697,532,61,64,int,extractelement,base,-1
17698,532,62,64,int,extractelement,base,-1
17699,532,63,64,int,extractelement,base,-1
17700,534,0,64,int,call,base,-1
17701,534,1,64,int,call,base,-1
17702,534,2,64,int,call,base,-1
17703,534,3,64,int,call,base,-1
17704,534,4,64,int,call,base,-1
17705,534,5,64,int,call,base,-1
17706,534,6,64,int,call,base,-1
17707,534,7,64,int,call,base,-1
17708,534,8,64,int,call,base,-1
17709,534,9,64,int,call,base,-1
17710,534,10,64,int,call,base,-1
17711,534,11,64,int,call,base,-1
17712,534,12,64,int,call,base,-1
17713,534,13,64,int,call,base,-1
17714,534,14,64,int,call,base,-1
17715,534,15,64,int,call,base,-1
17716,534,16,64,int,call,base,-1
17717,534,17,64,int,call,base,-1
17718,534,18,64,int,call,base,-1
17719,534,19,64,int,call,base,-1
17720,534,20,64,int,call,base,-1
17721,534,21,64,int,call,base,-1
17722,534,22,64,int,call,base,-1
17723,534,23,64,int,call,base,-1
17724,534,24,64,int,call,base,-1
17725,534,25,64,int,call,base,-1
17726,534,26,64,int,call,base,-1
17727,534,27,64,int,call,base,-1
17728,534,28,64,int,call,base,-1
17729,534,29,64,int,call,base,-1
17730,534,30,64,int,call,base,-1
17731,534,31,64,int,call,base,-1
17732,534,32,64,int,call,base,-1
17733,534,33,64,int,call,base,-1
17734,534,34,64,int,call,base,-1
17735,534,35,64,int,call,base,-1
17736,534,36,64,int,call,base,-1
17737,534,37,64,int,call,base,-1
17738,534,38,64,int,call,base,-1
17739,534,39,64,int,call,base,-1
17740,534,40,64,int,call,base,-1
17741,534,41,64,int,call,base,-1
17742,534,42,64,int,call,base,-1
17743,534,43,64,int,call,base,-1
17744,534,44,64,int,call,base,-1
17745,534,45,64,int,call,base,-1
17746,534,46,64,int,call,base,-1
17747,534,47,64,int,call,base,-1
17748,534,48,64,int,call,base,-1
17749,534,49,64,int,call,base,-1
17750,534,50,64,int,call,base,-1
17751,534,51,64,int,call,base,-1
17752,534,52,64,int,call,base,-1
17753,534,53,64,int,call,base,-1
17754,534,54,64,int,call,base,-1
17755,534,55,64,int,call,base,-1
17756,534,56,64,int,call,base,-1
17757,534,57,64,int,call,base,-1
17758,534,58,64,int,call,base,-1
17759,534,59,64,int,call,base,-1
17760,534,60,64,int,call,base,-1
17761,534,61,64,int,call,base,-1
17762,534,62,64,int,call,base,-1
17763,534,63,64,int,call,base,-1
17764,537,0,64,ptr,addrspacecast,pointer,0
17765,537,1,64,ptr,addrspacecast,pointer,0
17766,537,2,64,ptr,addrspacecast,pointer,0
17767,537,3,64,ptr,addrspacecast,pointer,0
17768,537,4,64,ptr,addrspacecast,pointer,0
17769,537,5,64,ptr,addrspacecast,pointer,0
17770,537,6,64,ptr,addrspacecast,pointer,0
17771,537,7,64,ptr,addrspacecast,pointer,0
17772,537,8,64,ptr,addrspacecast,pointer,0
17773,537,9,64,ptr,addrspacecast,pointer,0
17774,537,10,64,ptr,addrspacecast,pointer,0
17775,537,11,64,ptr,addrspacecast,pointer,0
17776,537,12,64,ptr,addrspacecast,pointer,0
17777,537,13,64,ptr,addrspacecast,pointer,0
17778,537,14,64,ptr,addrspacecast,pointer,0
17779,537,15,64,ptr,addrspacecast,pointer,0
17780,537,16,64,ptr,addrspacecast,pointer,0
17781,537,17,64,ptr,addrspacecast,pointer,0
17782,537,18,64,ptr,addrspacecast,pointer,0
17783,537,19,64,ptr,addrspacecast,pointer,0
17784,537,20,64,ptr,addrspacecast,pointer,0
17785,537,21,64,ptr,addrspacecast,pointer,0
17786,537,22,64,ptr,addrspacecast,pointer,0
17787,537,23,64,ptr,addrspacecast,pointer,0
17788,537,24,64,ptr,addrspacecast,pointer,0
17789,537,25,64,ptr,addrspacecast,pointer,0
17790,537,26,64,ptr,addrspacecast,pointer,0
17791,537,27,64,ptr,addrspacecast,pointer,0
17792,537,28,64,ptr,addrspacecast,pointer,0
17793,537,29,64,ptr,addrspacecast,pointer,0
17794,537,30,64,ptr,addrspacecast,pointer,0
17795,537,31,64,ptr,addrspacecast,pointer,0
17796,537,32,64,ptr,addrspacecast,pointer,0
17797,537,33,64,ptr,addrspacecast,pointer,0
17798,537,34,64,ptr,addrspacecast,pointer,0
17799,537,35,64,ptr,addrspacecast,pointer,0
17800,537,36,64,ptr,addrspacecast,pointer,0
17801,537,37,64,ptr,addrspacecast,pointer,0
17802,537,38,64,ptr,addrspacecast,pointer,0
17803,537,39,64,ptr,addrspacecast,pointer,0
17804,537,40,64,ptr,addrspacecast,pointer,0
17805,537,41,64,ptr,addrspacecast,pointer,0
17806,537,42,64,ptr,addrspacecast,pointer,0
17807,537,43,64,ptr,addrspacecast,pointer,0
17808,537,44,64,ptr,addrspacecast,pointer,0
17809,537,45,64,ptr,addrspacecast,pointer,0
17810,537,46,64,ptr,addrspacecast,pointer,0
17811,537,47,64,ptr,addrspacecast,pointer,0
17812,537,48,64,ptr,addrspacecast,pointer,0
17813,537,49,64,ptr,addrspacecast,pointer,0
17814,537,50,64,ptr,addrspacecast,pointer,0
17815,537,51,64,ptr,addrspacecast,pointer,0
17816,537,52,64,ptr,addrspacecast,pointer,0
17817,537,53,64,ptr,addrspacecast,pointer,0
17818,537,54,64,ptr,addrspacecast,pointer,0
17819,537,55,64,ptr,addrspacecast,pointer,0
17820,537,56,64,ptr,addrspacecast,pointer,0
17821,537,57,64,ptr,addrspacecast,pointer,0
17822,537,58,64,ptr,addrspacecast,pointer,0
17823,537,59,64,ptr,addrspacecast,pointer,0
17824,537,60,64,ptr,addrspacecast,pointer,0
17825,537,61,64,ptr,addrspacecast,pointer,0
17826,537,62,64,ptr,addrspacecast,pointer,0
17827,537,63,64,ptr,addrspacecast,pointer,0
17828,538,0,64,int,call,base,-1
17829,538,1,64,int,call,base,-1
17830,538,2,64,int,call,base,-1
17831,538,3,64,int,call,base,-1
17832,538,4,64,int,call,base,-1
17833,538,5,64,int,call,base,-1
17834,538,6,64,int,call,base,-1
17835,538,7,64,int,call,base,-1
17836,538,8,64,int,call,base,-1
17837,538,9,64,int,call,base,-1
17838,538,10,64,int,call,base,-1
17839,538,11,64,int,call,base,-1
17840,538,12,64,int,call,base,-1
17841,538,13,64,int,call,base,-1
17842,538,14,64,int,call,base,-1
17843,538,15,64,int,call,base,-1
17844,538,16,64,int,call,base,-1
17845,538,17,64,int,call,base,-1
17846,538,18,64,int,call,base,-1
17847,538,19,64,int,call,base,-1
17848,538,20,64,int,call,base,-1
17849,538,21,64,int,call,base,-1
17850,538,22,64,int,call,base,-1
17851,538,23,64,int,call,base,-1
17852,538,24,64,int,call,base,-1
17853,538,25,64,int,call,base,-1
17854,538,26,64,int,call,base,-1
17855,538,27,64,int,call,base,-1
17856,538,28,64,int,call,base,-1
17857,538,29,64,int,call,base,-1
17858,538,30,64,int,call,base,-1
17859,538,31,64,int,call,base,-1
17860,538,32,64,int,call,base,-1
17861,538,33,64,int,call,base,-1
17862,538,34,64,int,call,base,-1
17863,538,35,64,int,call,base,-1
17864,538,36,64,int,call,base,-1
17865,538,37,64,int,call,base,-1
17866,538,38,64,int,call,base,-1
17867,538,39,64,int,call,base,-1
17868,538,40,64,int,call,base,-1
17869,538,41,64,int,call,base,-1
17870,538,42,64,int,call,base,-1
17871,538,43,64,int,call,base,-1
17872,538,44,64,int,call,base,-1
17873,538,45,64,int,call,base,-1
17874,538,46,64,int,call,base,-1
17875,538,47,64,int,call,base,-1
17876,538,48,64,int,call,base,-1
17877,538,49,64,int,call,base,-1
17878,538,50,64,int,call,base,-1
17879,538,51,64,int,call,base,-1
17880,538,52,64,int,call,base,-1
17881,538,53,64,int,call,base,-1
17882,538,54,64,int,call,base,-1
17883,538,55,64,int,call,base,-1
17884,538,56,64,int,call,base,-1
17885,538,57,64,int,call,base,-1
17886,538,58,64,int,call,base,-1
17887,538,59,64,int,call,base,-1
17888,538,60,64,int,call,base,-1
17889,538,61,64,int,call,base,-1
17890,538,62,64,int,call,base,-1
17891,538,63,64,int,call,base,-1
17892,541,0,64,ptr,addrspacecast,pointer,0
17893,541,1,64,ptr,addrspacecast,pointer,0
17894,541,2,64,ptr,addrspacecast,pointer,0
17895,541,3,64,ptr,addrspacecast,pointer,0
17896,541,4,64,ptr,addrspacecast,pointer,0
17897,541,5,64,ptr,addrspacecast,pointer,0
17898,541,6,64,ptr,addrspacecast,pointer,0
17899,541,7,64,ptr,addrspacecast,pointer,0
17900,541,8,64,ptr,addrspacecast,pointer,0
17901,541,9,64,ptr,addrspacecast,pointer,0
17902,541,10,64,ptr,addrspacecast,pointer,0
17903,541,11,64,ptr,addrspacecast,pointer,0
17904,541,12,64,ptr,addrspacecast,pointer,0
17905,541,13,64,ptr,addrspacecast,pointer,0
17906,541,14,64,ptr,addrspacecast,pointer,0
17907,541,15,64,ptr,addrspacecast,pointer,0
17908,541,16,64,ptr,addrspacecast,pointer,0
17909,541,17,64,ptr,addrspacecast,pointer,0
17910,541,18,64,ptr,addrspacecast,pointer,0
17911,541,19,64,ptr,addrspacecast,pointer,0
17912,541,20,64,ptr,addrspacecast,pointer,0
17913,541,21,64,ptr,addrspacecast,pointer,0
17914,541,22,64,ptr,addrspacecast,pointer,0
17915,541,23,64,ptr,addrspacecast,pointer,0
17916,541,24,64,ptr,addrspacecast,pointer,0
17917,541,25,64,ptr,addrspacecast,pointer,0
17918,541,26,64,ptr,addrspacecast,pointer,0
17919,541,27,64,ptr,addrspacecast,pointer,0
17920,541,28,64,ptr,addrspacecast,pointer,0
17921,541,29,64,ptr,addrspacecast,pointer,0
17922,541,30,64,ptr,addrspacecast,pointer,0
17923,541,31,64,ptr,addrspacecast,pointer,0
17924,541,32,64,ptr,addrspacecast,pointer,0
17925,541,33,64,ptr,addrspacecast,pointer,0
17926,541,34,64,ptr,addrspacecast,pointer,0
17927,541,35,64,ptr,addrspacecast,pointer,0
17928,541,36,64,ptr,addrspacecast,pointer,0
17929,541,37,64,ptr,addrspacecast,pointer,0
17930,541,38,64,ptr,addrspacecast,pointer,0
17931,541,39,64,ptr,addrspacecast,pointer,0
17932,541,40,64,ptr,addrspacecast,pointer,0
17933,541,41,64,ptr,addrspacecast,pointer,0
17934,541,42,64,ptr,addrspacecast,pointer,0
17935,541,43,64,ptr,addrspacecast,pointer,0
17936,541,44,64,ptr,addrspacecast,pointer,0
17937,541,45,64,ptr,addrspacecast,pointer,0
17938,541,46,64,ptr,addrspacecast,pointer,0
17939,541,47,64,ptr,addrspacecast,pointer,0
17940,541,48,64,ptr,addrspacecast,pointer,0
17941,541,49,64,ptr,addrspacecast,pointer,0
17942,541,50,64,ptr,addrspacecast,pointer,0
17943,541,51,64,ptr,addrspacecast,pointer,0
17944,541,52,64,ptr,addrspacecast,pointer,0
17945,541,53,64,ptr,addrspacecast,pointer,0
17946,541,54,64,ptr,addrspacecast,pointer,0
17947,541,55,64,ptr,addrspacecast,pointer,0
17948,541,56,64,ptr,addrspacecast,pointer,0
17949,541,57,64,ptr,addrspacecast,pointer,0
17950,541,58,64,ptr,addrspacecast,pointer,0
17951,541,59,64,ptr,addrspacecast,pointer,0
17952,541,60,64,ptr,addrspacecast,pointer,0
17953,541,61,64,ptr,addrspacecast,pointer,0
17954,541,62,64,ptr,addrspacecast,pointer,0
17955,541,63,64,ptr,addrspacecast,pointer,0
17956,543,0,64,int,extractelement,base,-1
17957,543,1,64,int,extractelement,base,-1
17958,543,2,64,int,extractelement,base,-1
17959,543,3,64,int,extractelement,base,-1
17960,543,4,64,int,extractelement,base,-1
17961,543,5,64,int,extractelement,base,-1
17962,543,6,64,int,extractelement,base,-1
17963,543,7,64,int,extractelement,base,-1
17964,543,8,64,int,extractelement,base,-1
17965,543,9,64,int,extractelement,base,-1
17966,543,10,64,int,extractelement,base,-1
17967,543,11,64,int,extractelement,base,-1
17968,543,12,64,int,extractelement,base,-1
17969,543,13,64,int,extractelement,base,-1
17970,543,14,64,int,extractelement,base,-1
17971,543,15,64,int,extractelement,base,-1
17972,543,16,64,int,extractelement,base,-1
17973,543,17,64,int,extractelement,base,-1
17974,543,18,64,int,extractelement,base,-1
17975,543,19,64,int,extractelement,base,-1
17976,543,20,64,int,extractelement,base,-1
17977,543,21,64,int,extractelement,base,-1
17978,543,22,64,int,extractelement,base,-1
17979,543,23,64,int,extractelement,base,-1
17980,543,24,64,int,extractelement,base,-1
17981,543,25,64,int,extractelement,base,-1
17982,543,26,64,int,extractelement,base,-1
17983,543,27,64,int,extractelement,base,-1
17984,543,28,64,int,extractelement,base,-1
17985,543,29,64,int,extractelement,base,-1
17986,543,30,64,int,extractelement,base,-1
17987,543,31,64,int,extractelement,base,-1
17988,543,32,64,int,extractelement,base,-1
17989,543,33,64,int,extractelement,base,-1
17990,543,34,64,int,extractelement,base,-1
17991,543,35,64,int,extractelement,base,-1
17992,543,36,64,int,extractelement,base,-1
17993,543,37,64,int,extractelement,base,-1
17994,543,38,64,int,extractelement,base,-1
17995,543,39,64,int,extractelement,base,-1
17996,543,40,64,int,extractelement,base,-1
17997,543,41,64,int,extractelement,base,-1
17998,543,42,64,int,extractelement,base,-1
17999,543,43,64,int,extractelement,base,-1
18000,543,44,64,int,extractelement,base,-1
18001,543,45,64,int,extractelement,base,-1
18002,543,46,64,int,extractelement,base,-1
18003,543,47,64,int,extractelement,base,-1
18004,543,48,64,int,extractelement,base,-1
18005,543,49,64,int,extractelement,base,-1
18006,543,50,64,int,extractelement,base,-1
18007,543,51,64,int,extractelement,base,-1
18008,543,52,64,int,extractelement,base,-1
18009,543,53,64,int,extractelement,base,-1
18010,543,54,64,int,extractelement,base,-1
18011,543,55,64,int,extractelement,base,-1
18012,543,56,64,int,extractelement,base,-1
18013,543,57,64,int,extractelement,base,-1
18014,543,58,64,int,extractelement,base,-1
18015,543,59,64,int,extractelement,base,-1
18016,543,60,64,int,extractelement,base,-1
18017,543,61,64,int,extractelement,base,-1
18018,543,62,64,int,extractelement,base,-1
18019,543,63,64,int,extractelement,base,-1
18020,545,0,64,int,call,base,-1
18021,545,1,64,int,call,base,-1
18022,545,2,64,int,call,base,-1
18023,545,3,64,int,call,base,-1
18024,545,4,64,int,call,base,-1
18025,545,5,64,int,call,base,-1
18026,545,6,64,int,call,base,-1
18027,545,7,64,int,call,base,-1
18028,545,8,64,int,call,base,-1
18029,545,9,64,int,call,base,-1
18030,545,10,64,int,call,base,-1
18031,545,11,64,int,call,base,-1
18032,545,12,64,int,call,base,-1
18033,545,13,64,int,call,base,-1
18034,545,14,64,int,call,base,-1
18035,545,15,64,int,call,base,-1
18036,545,16,64,int,call,base,-1
18037,545,17,64,int,call,base,-1
18038,545,18,64,int,call,base,-1
18039,545,19,64,int,call,base,-1
18040,545,20,64,int,call,base,-1
18041,545,21,64,int,call,base,-1
18042,545,22,64,int,call,base,-1
18043,545,23,64,int,call,base,-1
18044,545,24,64,int,call,base,-1
18045,545,25,64,int,call,base,-1
18046,545,26,64,int,call,base,-1
18047,545,27,64,int,call,base,-1
18048,545,28,64,int,call,base,-1
18049,545,29,64,int,call,base,-1
18050,545,30,64,int,call,base,-1
18051,545,31,64,int,call,base,-1
18052,545,32,64,int,call,base,-1
18053,545,33,64,int,call,base,-1
18054,545,34,64,int,call,base,-1
18055,545,35,64,int,call,base,-1
18056,545,36,64,int,call,base,-1
18057,545,37,64,int,call,base,-1
18058,545,38,64,int,call,base,-1
18059,545,39,64,int,call,base,-1
18060,545,40,64,int,call,base,-1
18061,545,41,64,int,call,base,-1
18062,545,42,64,int,call,base,-1
18063,545,43,64,int,call,base,-1
18064,545,44,64,int,call,base,-1
18065,545,45,64,int,call,base,-1
18066,545,46,64,int,call,base,-1
18067,545,47,64,int,call,base,-1
18068,545,48,64,int,call,base,-1
18069,545,49,64,int,call,base,-1
18070,545,50,64,int,call,base,-1
18071,545,51,64,int,call,base,-1
18072,545,52,64,int,call,base,-1
18073,545,53,64,int,call,base,-1
18074,545,54,64,int,call,base,-1
18075,545,55,64,int,call,base,-1
18076,545,56,64,int,call,base,-1
18077,545,57,64,int,call,base,-1
18078,545,58,64,int,call,base,-1
18079,545,59,64,int,call,base,-1
18080,545,60,64,int,call,base,-1
18081,545,61,64,int,call,base,-1
18082,545,62,64,int,call,base,-1
18083,545,63,64,int,call,base,-1
18084,548,0,64,ptr,addrspacecast,pointer,0
18085,548,1,64,ptr,addrspacecast,pointer,0
18086,548,2,64,ptr,addrspacecast,pointer,0
18087,548,3,64,ptr,addrspacecast,pointer,0
18088,548,4,64,ptr,addrspacecast,pointer,0
18089,548,5,64,ptr,addrspacecast,pointer,0
18090,548,6,64,ptr,addrspacecast,pointer,0
18091,548,7,64,ptr,addrspacecast,pointer,0
18092,548,8,64,ptr,addrspacecast,pointer,0
18093,548,9,64,ptr,addrspacecast,pointer,0
18094,548,10,64,ptr,addrspacecast,pointer,0
18095,548,11,64,ptr,addrspacecast,pointer,0
18096,548,12,64,ptr,addrspacecast,pointer,0
18097,548,13,64,ptr,addrspacecast,pointer,0
18098,548,14,64,ptr,addrspacecast,pointer,0
18099,548,15,64,ptr,addrspacecast,pointer,0
18100,548,16,64,ptr,addrspacecast,pointer,0
18101,548,17,64,ptr,addrspacecast,pointer,0
18102,548,18,64,ptr,addrspacecast,pointer,0
18103,548,19,64,ptr,addrspacecast,pointer,0
18104,548,20,64,ptr,addrspacecast,pointer,0
18105,548,21,64,ptr,addrspacecast,pointer,0
18106,548,22,64,ptr,addrspacecast,pointer,0
18107,548,23,64,ptr,addrspacecast,pointer,0
18108,548,24,64,ptr,addrspacecast,pointer,0
18109,548,25,64,ptr,addrspacecast,pointer,0
18110,548,26,64,ptr,addrspacecast,pointer,0
18111,548,27,64,ptr,addrspacecast,pointer,0
18112,548,28,64,ptr,addrspacecast,pointer,0
18113,548,29,64,ptr,addrspacecast,pointer,0
18114,548,30,64,ptr,addrspacecast,pointer,0
18115,548,31,64,ptr,addrspacecast,pointer,0
18116,548,32,64,ptr,addrspacecast,pointer,0
18117,548,33,64,ptr,addrspacecast,pointer,0
18118,548,34,64,ptr,addrspacecast,pointer,0
18119,548,35,64,ptr,addrspacecast,pointer,0
18120,548,36,64,ptr,addrspacecast,pointer,0
18121,548,37,64,ptr,addrspacecast,pointer,0
18122,548,38,64,ptr,addrspacecast,pointer,0
18123,548,39,64,ptr,addrspacecast,pointer,0
18124,548,40,64,ptr,addrspacecast,pointer,0
18125,548,41,64,ptr,addrspacecast,pointer,0
18126,548,42,64,ptr,addrspacecast,pointer,0
18127,548,43,64,ptr,addrspacecast,pointer,0
18128,548,44,64,ptr,addrspacecast,pointer,0
18129,548,45,64,ptr,addrspacecast,pointer,0
18130,548,46,64,ptr,addrspacecast,pointer,0
18131,548,47,64,ptr,addrspacecast,pointer,0
18132,548,48,64,ptr,addrspacecast,pointer,0
18133,548,49,64,ptr,addrspacecast,pointer,0
18134,548,50,64,ptr,addrspacecast,pointer,0
18135,548,51,64,ptr,addrspacecast,pointer,0
18136,548,52,64,ptr,addrspacecast,pointer,0
18137,548,53,64,ptr,addrspacecast,pointer,0
18138,548,54,64,ptr,addrspacecast,pointer,0
18139,548,55,64,ptr,addrspacecast,pointer,0
18140,548,56,64,ptr,addrspacecast,pointer,0
18141,548,57,64,ptr,addrspacecast,pointer,0
18142,548,58,64,ptr,addrspacecast,pointer,0
18143,548,59,64,ptr,addrspacecast,pointer,0
18144,548,60,64,ptr,addrspacecast,pointer,0
18145,548,61,64,ptr,addrspacecast,pointer,0
18146,548,62,64,ptr,addrspacecast,pointer,0
18147,548,63,64,ptr,addrspacecast,pointer,0
18148,549,0,64,int,call,base,-1
18149,549,1,64,int,call,base,-1
18150,549,2,64,int,call,base,-1
18151,549,3,64,int,call,base,-1
18152,549,4,64,int,call,base,-1
18153,549,5,64,int,call,base,-1
18154,549,6,64,int,call,base,-1
18155,549,7,64,int,call,base,-1
18156,549,8,64,int,call,base,-1
18157,549,9,64,int,call,base,-1
18158,549,10,64,int,call,base,-1
18159,549,11,64,int,call,base,-1
18160,549,12,64,int,call,base,-1
18161,549,13,64,int,call,base,-1
18162,549,14,64,int,call,base,-1
18163,549,15,64,int,call,base,-1
18164,549,16,64,int,call,base,-1
18165,549,17,64,int,call,base,-1
18166,549,18,64,int,call,base,-1
18167,549,19,64,int,call,base,-1
18168,549,20,64,int,call,base,-1
18169,549,21,64,int,call,base,-1
18170,549,22,64,int,call,base,-1
18171,549,23,64,int,call,base,-1
18172,549,24,64,int,call,base,-1
18173,549,25,64,int,call,base,-1
18174,549,26,64,int,call,base,-1
18175,549,27,64,int,call,base,-1
18176,549,28,64,int,call,base,-1
18177,549,29,64,int,call,base,-1
18178,549,30,64,int,call,base,-1
18179,549,31,64,int,call,base,-1
18180,549,32,64,int,call,base,-1
18181,549,33,64,int,call,base,-1
18182,549,34,64,int,call,base,-1
18183,549,35,64,int,call,base,-1
18184,549,36,64,int,call,base,-1
18185,549,37,64,int,call,base,-1
18186,549,38,64,int,call,base,-1
18187,549,39,64,int,call,base,-1
18188,549,40,64,int,call,base,-1
18189,549,41,64,int,call,base,-1
18190,549,42,64,int,call,base,-1
18191,549,43,64,int,call,base,-1
18192,549,44,64,int,call,base,-1
18193,549,45,64,int,call,base,-1
18194,549,46,64,int,call,base,-1
18195,549,47,64,int,call,base,-1
18196,549,48,64,int,call,base,-1
18197,549,49,64,int,call,base,-1
18198,549,50,64,int,call,base,-1
18199,549,51,64,int,call,base,-1
18200,549,52,64,int,call,base,-1
18201,549,53,64,int,call,base,-1
18202,549,54,64,int,call,base,-1
18203,549,55,64,int,call,base,-1
18204,549,56,64,int,call,base,-1
18205,549,57,64,int,call,base,-1
18206,549,58,64,int,call,base,-1
18207,549,59,64,int,call,base,-1
18208,549,60,64,int,call,base,-1
18209,549,61,64,int,call,base,-1
18210,549,62,64,int,call,base,-1
18211,549,63,64,int,call,base,-1
18212,552,0,64,ptr,addrspacecast,pointer,0
18213,552,1,64,ptr,addrspacecast,pointer,0
18214,552,2,64,ptr,addrspacecast,pointer,0
18215,552,3,64,ptr,addrspacecast,pointer,0
18216,552,4,64,ptr,addrspacecast,pointer,0
18217,552,5,64,ptr,addrspacecast,pointer,0
18218,552,6,64,ptr,addrspacecast,pointer,0
18219,552,7,64,ptr,addrspacecast,pointer,0
18220,552,8,64,ptr,addrspacecast,pointer,0
18221,552,9,64,ptr,addrspacecast,pointer,0
18222,552,10,64,ptr,addrspacecast,pointer,0
18223,552,11,64,ptr,addrspacecast,pointer,0
18224,552,12,64,ptr,addrspacecast,pointer,0
18225,552,13,64,ptr,addrspacecast,pointer,0
18226,552,14,64,ptr,addrspacecast,pointer,0
18227,552,15,64,ptr,addrspacecast,pointer,0
18228,552,16,64,ptr,addrspacecast,pointer,0
18229,552,17,64,ptr,addrspacecast,pointer,0
18230,552,18,64,ptr,addrspacecast,pointer,0
18231,552,19,64,ptr,addrspacecast,pointer,0
18232,552,20,64,ptr,addrspacecast,pointer,0
18233,552,21,64,ptr,addrspacecast,pointer,0
18234,552,22,64,ptr,addrspacecast,pointer,0
18235,552,23,64,ptr,addrspacecast,pointer,0
18236,552,24,64,ptr,addrspacecast,pointer,0
18237,552,25,64,ptr,addrspacecast,pointer,0
18238,552,26,64,ptr,addrspacecast,pointer,0
18239,552,27,64,ptr,addrspacecast,pointer,0
18240,552,28,64,ptr,addrspacecast,pointer,0
18241,552,29,64,ptr,addrspacecast,pointer,0
18242,552,30,64,ptr,addrspacecast,pointer,0
18243,552,31,64,ptr,addrspacecast,pointer,0
18244,552,32,64,ptr,addrspacecast,pointer,0
18245,552,33,64,ptr,addrspacecast,pointer,0
18246,552,34,64,ptr,addrspacecast,pointer,0
18247,552,35,64,ptr,addrspacecast,pointer,0
18248,552,36,64,ptr,addrspacecast,pointer,0
18249,552,37,64,ptr,addrspacecast,pointer,0
18250,552,38,64,ptr,addrspacecast,pointer,0
18251,552,39,64,ptr,addrspacecast,pointer,0
18252,552,40,64,ptr,addrspacecast,pointer,0
18253,552,41,64,ptr,addrspacecast,pointer,0
18254,552,42,64,ptr,addrspacecast,pointer,0
18255,552,43,64,ptr,addrspacecast,pointer,0
18256,552,44,64,ptr,addrspacecast,pointer,0
18257,552,45,64,ptr,addrspacecast,pointer,0
18258,552,46,64,ptr,addrspacecast,pointer,0
18259,552,47,64,ptr,addrspacecast,pointer,0
18260,552,48,64,ptr,addrspacecast,pointer,0
18261,552,49,64,ptr,addrspacecast,pointer,0
18262,552,50,64,ptr,addrspacecast,pointer,0
18263,552,51,64,ptr,addrspacecast,pointer,0
18264,552,52,64,ptr,addrspacecast,pointer,0
18265,552,53,64,ptr,addrspacecast,pointer,0
18266,552,54,64,ptr,addrspacecast,pointer,0
18267,552,55,64,ptr,addrspacecast,pointer,0
18268,552,56,64,ptr,addrspacecast,pointer,0
18269,552,57,64,ptr,addrspacecast,pointer,0
18270,552,58,64,ptr,addrspacecast,pointer,0
18271,552,59,64,ptr,addrspacecast,pointer,0
18272,552,60,64,ptr,addrspacecast,pointer,0
18273,552,61,64,ptr,addrspacecast,pointer,0
18274,552,62,64,ptr,addrspacecast,pointer,0
18275,552,63,64,ptr,addrspacecast,pointer,0
18276,554,0,64,int,extractelement,base,-1
18277,554,1,64,int,extractelement,base,-1
18278,554,2,64,int,extractelement,base,-1
18279,554,3,64,int,extractelement,base,-1
18280,554,4,64,int,extractelement,base,-1
18281,554,5,64,int,extractelement,base,-1
18282,554,6,64,int,extractelement,base,-1
18283,554,7,64,int,extractelement,base,-1
18284,554,8,64,int,extractelement,base,-1
18285,554,9,64,int,extractelement,base,-1
18286,554,10,64,int,extractelement,base,-1
18287,554,11,64,int,extractelement,base,-1
18288,554,12,64,int,extractelement,base,-1
18289,554,13,64,int,extractelement,base,-1
18290,554,14,64,int,extractelement,base,-1
18291,554,15,64,int,extractelement,base,-1
18292,554,16,64,int,extractelement,base,-1
18293,554,17,64,int,extractelement,base,-1
18294,554,18,64,int,extractelement,base,-1
18295,554,19,64,int,extractelement,base,-1
18296,554,20,64,int,extractelement,base,-1
18297,554,21,64,int,extractelement,base,-1
18298,554,22,64,int,extractelement,base,-1
18299,554,23,64,int,extractelement,base,-1
18300,554,24,64,int,extractelement,base,-1
18301,554,25,64,int,extractelement,base,-1
18302,554,26,64,int,extractelement,base,-1
18303,554,27,64,int,extractelement,base,-1
18304,554,28,64,int,extractelement,base,-1
18305,554,29,64,int,extractelement,base,-1
18306,554,30,64,int,extractelement,base,-1
18307,554,31,64,int,extractelement,base,-1
18308,554,32,64,int,extractelement,base,-1
18309,554,33,64,int,extractelement,base,-1
18310,554,34,64,int,extractelement,base,-1
18311,554,35,64,int,extractelement,base,-1
18312,554,36,64,int,extractelement,base,-1
18313,554,37,64,int,extractelement,base,-1
18314,554,38,64,int,extractelement,base,-1
18315,554,39,64,int,extractelement,base,-1
18316,554,40,64,int,extractelement,base,-1
18317,554,41,64,int,extractelement,base,-1
18318,554,42,64,int,extractelement,base,-1
18319,554,43,64,int,extractelement,base,-1
18320,554,44,64,int,extractelement,base,-1
18321,554,45,64,int,extractelement,base,-1
18322,554,46,64,int,extractelement,base,-1
18323,554,47,64,int,extractelement,base,-1
18324,554,48,64,int,extractelement,base,-1
18325,554,49,64,int,extractelement,base,-1
18326,554,50,64,int,extractelement,base,-1
18327,554,51,64,int,extractelement,base,-1
18328,554,52,64,int,extractelement,base,-1
18329,554,53,64,int,extractelement,base,-1
18330,554,54,64,int,extractelement,base,-1
18331,554,55,64,int,extractelement,base,-1
18332,554,56,64,int,extractelement,base,-1
18333,554,57,64,int,extractelement,base,-1
18334,554,58,64,int,extractelement,base,-1
18335,554,59,64,int,extractelement,base,-1
18336,554,60,64,int,extractelement,base,-1
18337,554,61,64,int,extractelement,base,-1
18338,554,62,64,int,extractelement,base,-1
18339,554,63,64,int,extractelement,base,-1
18340,556,0,64,int,call,base,-1
18341,556,1,64,int,call,base,-1
18342,556,2,64,int,call,base,-1
18343,556,3,64,int,call,base,-1
18344,556,4,64,int,call,base,-1
18345,556,5,64,int,call,base,-1
18346,556,6,64,int,call,base,-1
18347,556,7,64,int,call,base,-1
18348,556,8,64,int,call,base,-1
18349,556,9,64,int,call,base,-1
18350,556,10,64,int,call,base,-1
18351,556,11,64,int,call,base,-1
18352,556,12,64,int,call,base,-1
18353,556,13,64,int,call,base,-1
18354,556,14,64,int,call,base,-1
18355,556,15,64,int,call,base,-1
18356,556,16,64,int,call,base,-1
18357,556,17,64,int,call,base,-1
18358,556,18,64,int,call,base,-1
18359,556,19,64,int,call,base,-1
18360,556,20,64,int,call,base,-1
18361,556,21,64,int,call,base,-1
18362,556,22,64,int,call,base,-1
18363,556,23,64,int,call,base,-1
18364,556,24,64,int,call,base,-1
18365,556,25,64,int,call,base,-1
18366,556,26,64,int,call,base,-1
18367,556,27,64,int,call,base,-1
18368,556,28,64,int,call,base,-1
18369,556,29,64,int,call,base,-1
18370,556,30,64,int,call,base,-1
18371,556,31,64,int,call,base,-1
18372,556,32,64,int,call,base,-1
18373,556,33,64,int,call,base,-1
18374,556,34,64,int,call,base,-1
18375,556,35,64,int,call,base,-1
18376,556,36,64,int,call,base,-1
18377,556,37,64,int,call,base,-1
18378,556,38,64,int,call,base,-1
18379,556,39,64,int,call,base,-1
18380,556,40,64,int,call,base,-1
18381,556,41,64,int,call,base,-1
18382,556,42,64,int,call,base,-1
18383,556,43,64,int,call,base,-1
18384,556,44,64,int,call,base,-1
18385,556,45,64,int,call,base,-1
18386,556,46,64,int,call,base,-1
18387,556,47,64,int,call,base,-1
18388,556,48,64,int,call,base,-1
18389,556,49,64,int,call,base,-1
18390,556,50,64,int,call,base,-1
18391,556,51,64,int,call,base,-1
18392,556,52,64,int,call,base,-1
18393,556,53,64,int,call,base,-1
18394,556,54,64,int,call,base,-1
18395,556,55,64,int,call,base,-1
18396,556,56,64,int,call,base,-1
18397,556,57,64,int,call,base,-1
18398,556,58,64,int,call,base,-1
18399,556,59,64,int,call,base,-1
18400,556,60,64,int,call,base,-1
18401,556,61,64,int,call,base,-1
18402,556,62,64,int,call,base,-1
18403,556,63,64,int,call,base,-1
18404,559,0,64,ptr,addrspacecast,pointer,0
18405,559,1,64,ptr,addrspacecast,pointer,0
18406,559,2,64,ptr,addrspacecast,pointer,0
18407,559,3,64,ptr,addrspacecast,pointer,0
18408,559,4,64,ptr,addrspacecast,pointer,0
18409,559,5,64,ptr,addrspacecast,pointer,0
18410,559,6,64,ptr,addrspacecast,pointer,0
18411,559,7,64,ptr,addrspacecast,pointer,0
18412,559,8,64,ptr,addrspacecast,pointer,0
18413,559,9,64,ptr,addrspacecast,pointer,0
18414,559,10,64,ptr,addrspacecast,pointer,0
18415,559,11,64,ptr,addrspacecast,pointer,0
18416,559,12,64,ptr,addrspacecast,pointer,0
18417,559,13,64,ptr,addrspacecast,pointer,0
18418,559,14,64,ptr,addrspacecast,pointer,0
18419,559,15,64,ptr,addrspacecast,pointer,0
18420,559,16,64,ptr,addrspacecast,pointer,0
18421,559,17,64,ptr,addrspacecast,pointer,0
18422,559,18,64,ptr,addrspacecast,pointer,0
18423,559,19,64,ptr,addrspacecast,pointer,0
18424,559,20,64,ptr,addrspacecast,pointer,0
18425,559,21,64,ptr,addrspacecast,pointer,0
18426,559,22,64,ptr,addrspacecast,pointer,0
18427,559,23,64,ptr,addrspacecast,pointer,0
18428,559,24,64,ptr,addrspacecast,pointer,0
18429,559,25,64,ptr,addrspacecast,pointer,0
18430,559,26,64,ptr,addrspacecast,pointer,0
18431,559,27,64,ptr,addrspacecast,pointer,0
18432,559,28,64,ptr,addrspacecast,pointer,0
18433,559,29,64,ptr,addrspacecast,pointer,0
18434,559,30,64,ptr,addrspacecast,pointer,0
18435,559,31,64,ptr,addrspacecast,pointer,0
18436,559,32,64,ptr,addrspacecast,pointer,0
18437,559,33,64,ptr,addrspacecast,pointer,0
18438,559,34,64,ptr,addrspacecast,pointer,0
18439,559,35,64,ptr,addrspacecast,pointer,0
18440,559,36,64,ptr,addrspacecast,pointer,0
18441,559,37,64,ptr,addrspacecast,pointer,0
18442,559,38,64,ptr,addrspacecast,pointer,0
18443,559,39,64,ptr,addrspacecast,pointer,0
18444,559,40,64,ptr,addrspacecast,pointer,0
18445,559,41,64,ptr,addrspacecast,pointer,0
18446,559,42,64,ptr,addrspacecast,pointer,0
18447,559,43,64,ptr,addrspacecast,pointer,0
18448,559,44,64,ptr,addrspacecast,pointer,0
18449,559,45,64,ptr,addrspacecast,pointer,0
18450,559,46,64,ptr,addrspacecast,pointer,0
18451,559,47,64,ptr,addrspacecast,pointer,0
18452,559,48,64,ptr,addrspacecast,pointer,0
18453,559,49,64,ptr,addrspacecast,pointer,0
18454,559,50,64,ptr,addrspacecast,pointer,0
18455,559,51,64,ptr,addrspacecast,pointer,0
18456,559,52,64,ptr,addrspacecast,pointer,0
18457,559,53,64,ptr,addrspacecast,pointer,0
18458,559,54,64,ptr,addrspacecast,pointer,0
18459,559,55,64,ptr,addrspacecast,pointer,0
18460,559,56,64,ptr,addrspacecast,pointer,0
18461,559,57,64,ptr,addrspacecast,pointer,0
18462,559,58,64,ptr,addrspacecast,pointer,0
18463,559,59,64,ptr,addrspacecast,pointer,0
18464,559,60,64,ptr,addrspacecast,pointer,0
18465,559,61,64,ptr,addrspacecast,pointer,0
18466,559,62,64,ptr,addrspacecast,pointer,0
18467,559,63,64,ptr,addrspacecast,pointer,0
18468,560,0,64,int,call,base,-1
18469,560,1,64,int,call,base,-1
18470,560,2,64,int,call,base,-1
18471,560,3,64,int,call,base,-1
18472,560,4,64,int,call,base,-1
18473,560,5,64,int,call,base,-1
18474,560,6,64,int,call,base,-1
18475,560,7,64,int,call,base,-1
18476,560,8,64,int,call,base,-1
18477,560,9,64,int,call,base,-1
18478,560,10,64,int,call,base,-1
18479,560,11,64,int,call,base,-1
18480,560,12,64,int,call,base,-1
18481,560,13,64,int,call,base,-1
18482,560,14,64,int,call,base,-1
18483,560,15,64,int,call,base,-1
18484,560,16,64,int,call,base,-1
18485,560,17,64,int,call,base,-1
18486,560,18,64,int,call,base,-1
18487,560,19,64,int,call,base,-1
18488,560,20,64,int,call,base,-1
18489,560,21,64,int,call,base,-1
18490,560,22,64,int,call,base,-1
18491,560,23,64,int,call,base,-1
18492,560,24,64,int,call,base,-1
18493,560,25,64,int,call,base,-1
18494,560,26,64,int,call,base,-1
18495,560,27,64,int,call,base,-1
18496,560,28,64,int,call,base,-1
18497,560,29,64,int,call,base,-1
18498,560,30,64,int,call,base,-1
18499,560,31,64,int,call,base,-1
18500,560,32,64,int,call,base,-1
18501,560,33,64,int,call,base,-1
18502,560,34,64,int,call,base,-1
18503,560,35,64,int,call,base,-1
18504,560,36,64,int,call,base,-1
18505,560,37,64,int,call,base,-1
18506,560,38,64,int,call,base,-1
18507,560,39,64,int,call,base,-1
18508,560,40,64,int,call,base,-1
18509,560,41,64,int,call,base,-1
18510,560,42,64,int,call,base,-1
18511,560,43,64,int,call,base,-1
18512,560,44,64,int,call,base,-1
18513,560,45,64,int,call,base,-1
18514,560,46,64,int,call,base,-1
18515,560,47,64,int,call,base,-1
18516,560,48,64,int,call,base,-1
18517,560,49,64,int,call,base,-1
18518,560,50,64,int,call,base,-1
18519,560,51,64,int,call,base,-1
18520,560,52,64,int,call,base,-1
18521,560,53,64,int,call,base,-1
18522,560,54,64,int,call,base,-1
18523,560,55,64,int,call,base,-1
18524,560,56,64,int,call,base,-1
18525,560,57,64,int,call,base,-1
18526,560,58,64,int,call,base,-1
18527,560,59,64,int,call,base,-1
18528,560,60,64,int,call,base,-1
18529,560,61,64,int,call,base,-1
18530,560,62,64,int,call,base,-1
18531,560,63,64,int,call,base,-1
18532,563,0,64,ptr,addrspacecast,pointer,0
18533,563,1,64,ptr,addrspacecast,pointer,0
18534,563,2,64,ptr,addrspacecast,pointer,0
18535,563,3,64,ptr,addrspacecast,pointer,0
18536,563,4,64,ptr,addrspacecast,pointer,0
18537,563,5,64,ptr,addrspacecast,pointer,0
18538,563,6,64,ptr,addrspacecast,pointer,0
18539,563,7,64,ptr,addrspacecast,pointer,0
18540,563,8,64,ptr,addrspacecast,pointer,0
18541,563,9,64,ptr,addrspacecast,pointer,0
18542,563,10,64,ptr,addrspacecast,pointer,0
18543,563,11,64,ptr,addrspacecast,pointer,0
18544,563,12,64,ptr,addrspacecast,pointer,0
18545,563,13,64,ptr,addrspacecast,pointer,0
18546,563,14,64,ptr,addrspacecast,pointer,0
18547,563,15,64,ptr,addrspacecast,pointer,0
18548,563,16,64,ptr,addrspacecast,pointer,0
18549,563,17,64,ptr,addrspacecast,pointer,0
18550,563,18,64,ptr,addrspacecast,pointer,0
18551,563,19,64,ptr,addrspacecast,pointer,0
18552,563,20,64,ptr,addrspacecast,pointer,0
18553,563,21,64,ptr,addrspacecast,pointer,0
18554,563,22,64,ptr,addrspacecast,pointer,0
18555,563,23,64,ptr,addrspacecast,pointer,0
18556,563,24,64,ptr,addrspacecast,pointer,0
18557,563,25,64,ptr,addrspacecast,pointer,0
18558,563,26,64,ptr,addrspacecast,pointer,0
18559,563,27,64,ptr,addrspacecast,pointer,0
18560,563,28,64,ptr,addrspacecast,pointer,0
18561,563,29,64,ptr,addrspacecast,pointer,0
18562,563,30,64,ptr,addrspacecast,pointer,0
18563,563,31,64,ptr,addrspacecast,pointer,0
18564,563,32,64,ptr,addrspacecast,pointer,0
18565,563,33,64,ptr,addrspacecast,pointer,0
18566,563,34,64,ptr,addrspacecast,pointer,0
18567,563,35,64,ptr,addrspacecast,pointer,0
18568,563,36,64,ptr,addrspacecast,pointer,0
18569,563,37,64,ptr,addrspacecast,pointer,0
18570,563,38,64,ptr,addrspacecast,pointer,0
18571,563,39,64,ptr,addrspacecast,pointer,0
18572,563,40,64,ptr,addrspacecast,pointer,0
18573,563,41,64,ptr,addrspacecast,pointer,0
18574,563,42,64,ptr,addrspacecast,pointer,0
18575,563,43,64,ptr,addrspacecast,pointer,0
18576,563,44,64,ptr,addrspacecast,pointer,0
18577,563,45,64,ptr,addrspacecast,pointer,0
18578,563,46,64,ptr,addrspacecast,pointer,0
18579,563,47,64,ptr,addrspacecast,pointer,0
18580,563,48,64,ptr,addrspacecast,pointer,0
18581,563,49,64,ptr,addrspacecast,pointer,0
18582,563,50,64,ptr,addrspacecast,pointer,0
18583,563,51,64,ptr,addrspacecast,pointer,0
18584,563,52,64,ptr,addrspacecast,pointer,0
18585,563,53,64,ptr,addrspacecast,pointer,0
18586,563,54,64,ptr,addrspacecast,pointer,0
18587,563,55,64,ptr,addrspacecast,pointer,0
18588,563,56,64,ptr,addrspacecast,pointer,0
18589,563,57,64,ptr,addrspacecast,pointer,0
18590,563,58,64,ptr,addrspacecast,pointer,0
18591,563,59,64,ptr,addrspacecast,pointer,0
18592,563,60,64,ptr,addrspacecast,pointer,0
18593,563,61,64,ptr,addrspacecast,pointer,0
18594,563,62,64,ptr,addrspacecast,pointer,0
18595,563,63,64,ptr,addrspacecast,pointer,0
18596,565,0,64,int,extractelement,base,-1
18597,565,1,64,int,extractelement,base,-1
18598,565,2,64,int,extractelement,base,-1
18599,565,3,64,int,extractelement,base,-1
18600,565,4,64,int,extractelement,base,-1
18601,565,5,64,int,extractelement,base,-1
18602,565,6,64,int,extractelement,base,-1
18603,565,7,64,int,extractelement,base,-1
18604,565,8,64,int,extractelement,base,-1
18605,565,9,64,int,extractelement,base,-1
18606,565,10,64,int,extractelement,base,-1
18607,565,11,64,int,extractelement,base,-1
18608,565,12,64,int,extractelement,base,-1
18609,565,13,64,int,extractelement,base,-1
18610,565,14,64,int,extractelement,base,-1
18611,565,15,64,int,extractelement,base,-1
18612,565,16,64,int,extractelement,base,-1
18613,565,17,64,int,extractelement,base,-1
18614,565,18,64,int,extractelement,base,-1
18615,565,19,64,int,extractelement,base,-1
18616,565,20,64,int,extractelement,base,-1
18617,565,21,64,int,extractelement,base,-1
18618,565,22,64,int,extractelement,base,-1
18619,565,23,64,int,extractelement,base,-1
18620,565,24,64,int,extractelement,base,-1
18621,565,25,64,int,extractelement,base,-1
18622,565,26,64,int,extractelement,base,-1
18623,565,27,64,int,extractelement,base,-1
18624,565,28,64,int,extractelement,base,-1
18625,565,29,64,int,extractelement,base,-1
18626,565,30,64,int,extractelement,base,-1
18627,565,31,64,int,extractelement,base,-1
18628,565,32,64,int,extractelement,base,-1
18629,565,33,64,int,extractelement,base,-1
18630,565,34,64,int,extractelement,base,-1
18631,565,35,64,int,extractelement,base,-1
18632,565,36,64,int,extractelement,base,-1
18633,565,37,64,int,extractelement,base,-1
18634,565,38,64,int,extractelement,base,-1
18635,565,39,64,int,extractelement,base,-1
18636,565,40,64,int,extractelement,base,-1
18637,565,41,64,int,extractelement,base,-1
18638,565,42,64,int,extractelement,base,-1
18639,565,43,64,int,extractelement,base,-1
18640,565,44,64,int,extractelement,base,-1
18641,565,45,64,int,extractelement,base,-1
18642,565,46,64,int,extractelement,base,-1
18643,565,47,64,int,extractelement,base,-1
18644,565,48,64,int,extractelement,base,-1
18645,565,49,64,int,extractelement,base,-1
18646,565,50,64,int,extractelement,base,-1
18647,565,51,64,int,extractelement,base,-1
18648,565,52,64,int,extractelement,base,-1
18649,565,53,64,int,extractelement,base,-1
18650,565,54,64,int,extractelement,base,-1
18651,565,55,64,int,extractelement,base,-1
18652,565,56,64,int,extractelement,base,-1
18653,565,57,64,int,extractelement,base,-1
18654,565,58,64,int,extractelement,base,-1
18655,565,59,64,int,extractelement,base,-1
18656,565,60,64,int,extractelement,base,-1
18657,565,61,64,int,extractelement,base,-1
18658,565,62,64,int,extractelement,base,-1
18659,565,63,64,int,extractelement,base,-1
18660,567,0,64,int,call,base,-1
18661,567,1,64,int,call,base,-1
18662,567,2,64,int,call,base,-1
18663,567,3,64,int,call,base,-1
18664,567,4,64,int,call,base,-1
18665,567,5,64,int,call,base,-1
18666,567,6,64,int,call,base,-1
18667,567,7,64,int,call,base,-1
18668,567,8,64,int,call,base,-1
18669,567,9,64,int,call,base,-1
18670,567,10,64,int,call,base,-1
18671,567,11,64,int,call,base,-1
18672,567,12,64,int,call,base,-1
18673,567,13,64,int,call,base,-1
18674,567,14,64,int,call,base,-1
18675,567,15,64,int,call,base,-1
18676,567,16,64,int,call,base,-1
18677,567,17,64,int,call,base,-1
18678,567,18,64,int,call,base,-1
18679,567,19,64,int,call,base,-1
18680,567,20,64,int,call,base,-1
18681,567,21,64,int,call,base,-1
18682,567,22,64,int,call,base,-1
18683,567,23,64,int,call,base,-1
18684,567,24,64,int,call,base,-1
18685,567,25,64,int,call,base,-1
18686,567,26,64,int,call,base,-1
18687,567,27,64,int,call,base,-1
18688,567,28,64,int,call,base,-1
18689,567,29,64,int,call,base,-1
18690,567,30,64,int,call,base,-1
18691,567,31,64,int,call,base,-1
18692,567,32,64,int,call,base,-1
18693,567,33,64,int,call,base,-1
18694,567,34,64,int,call,base,-1
18695,567,35,64,int,call,base,-1
18696,567,36,64,int,call,base,-1
18697,567,37,64,int,call,base,-1
18698,567,38,64,int,call,base,-1
18699,567,39,64,int,call,base,-1
18700,567,40,64,int,call,base,-1
18701,567,41,64,int,call,base,-1
18702,567,42,64,int,call,base,-1
18703,567,43,64,int,call,base,-1
18704,567,44,64,int,call,base,-1
18705,567,45,64,int,call,base,-1
18706,567,46,64,int,call,base,-1
18707,567,47,64,int,call,base,-1
18708,567,48,64,int,call,base,-1
18709,567,49,64,int,call,base,-1
18710,567,50,64,int,call,base,-1
18711,567,51,64,int,call,base,-1
18712,567,52,64,int,call,base,-1
18713,567,53,64,int,call,base,-1
18714,567,54,64,int,call,base,-1
18715,567,55,64,int,call,base,-1
18716,567,56,64,int,call,base,-1
18717,567,57,64,int,call,base,-1
18718,567,58,64,int,call,base,-1
18719,567,59,64,int,call,base,-1
18720,567,60,64,int,call,base,-1
18721,567,61,64,int,call,base,-1
18722,567,62,64,int,call,base,-1
18723,567,63,64,int,call,base,-1
18724,570,0,64,ptr,addrspacecast,pointer,0
18725,570,1,64,ptr,addrspacecast,pointer,0
18726,570,2,64,ptr,addrspacecast,pointer,0
18727,570,3,64,ptr,addrspacecast,pointer,0
18728,570,4,64,ptr,addrspacecast,pointer,0
18729,570,5,64,ptr,addrspacecast,pointer,0
18730,570,6,64,ptr,addrspacecast,pointer,0
18731,570,7,64,ptr,addrspacecast,pointer,0
18732,570,8,64,ptr,addrspacecast,pointer,0
18733,570,9,64,ptr,addrspacecast,pointer,0
18734,570,10,64,ptr,addrspacecast,pointer,0
18735,570,11,64,ptr,addrspacecast,pointer,0
18736,570,12,64,ptr,addrspacecast,pointer,0
18737,570,13,64,ptr,addrspacecast,pointer,0
18738,570,14,64,ptr,addrspacecast,pointer,0
18739,570,15,64,ptr,addrspacecast,pointer,0
18740,570,16,64,ptr,addrspacecast,pointer,0
18741,570,17,64,ptr,addrspacecast,pointer,0
18742,570,18,64,ptr,addrspacecast,pointer,0
18743,570,19,64,ptr,addrspacecast,pointer,0
18744,570,20,64,ptr,addrspacecast,pointer,0
18745,570,21,64,ptr,addrspacecast,pointer,0
18746,570,22,64,ptr,addrspacecast,pointer,0
18747,570,23,64,ptr,addrspacecast,pointer,0
18748,570,24,64,ptr,addrspacecast,pointer,0
18749,570,25,64,ptr,addrspacecast,pointer,0
18750,570,26,64,ptr,addrspacecast,pointer,0
18751,570,27,64,ptr,addrspacecast,pointer,0
18752,570,28,64,ptr,addrspacecast,pointer,0
18753,570,29,64,ptr,addrspacecast,pointer,0
18754,570,30,64,ptr,addrspacecast,pointer,0
18755,570,31,64,ptr,addrspacecast,pointer,0
18756,570,32,64,ptr,addrspacecast,pointer,0
18757,570,33,64,ptr,addrspacecast,pointer,0
18758,570,34,64,ptr,addrspacecast,pointer,0
18759,570,35,64,ptr,addrspacecast,pointer,0
18760,570,36,64,ptr,addrspacecast,pointer,0
18761,570,37,64,ptr,addrspacecast,pointer,0
18762,570,38,64,ptr,addrspacecast,pointer,0
18763,570,39,64,ptr,addrspacecast,pointer,0
18764,570,40,64,ptr,addrspacecast,pointer,0
18765,570,41,64,ptr,addrspacecast,pointer,0
18766,570,42,64,ptr,addrspacecast,pointer,0
18767,570,43,64,ptr,addrspacecast,pointer,0
18768,570,44,64,ptr,addrspacecast,pointer,0
18769,570,45,64,ptr,addrspacecast,pointer,0
18770,570,46,64,ptr,addrspacecast,pointer,0
18771,570,47,64,ptr,addrspacecast,pointer,0
18772,570,48,64,ptr,addrspacecast,pointer,0
18773,570,49,64,ptr,addrspacecast,pointer,0
18774,570,50,64,ptr,addrspacecast,pointer,0
18775,570,51,64,ptr,addrspacecast,pointer,0
18776,570,52,64,ptr,addrspacecast,pointer,0
18777,570,53,64,ptr,addrspacecast,pointer,0
18778,570,54,64,ptr,addrspacecast,pointer,0
18779,570,55,64,ptr,addrspacecast,pointer,0
18780,570,56,64,ptr,addrspacecast,pointer,0
18781,570,57,64,ptr,addrspacecast,pointer,0
18782,570,58,64,ptr,addrspacecast,pointer,0
18783,570,59,64,ptr,addrspacecast,pointer,0
18784,570,60,64,ptr,addrspacecast,pointer,0
18785,570,61,64,ptr,addrspacecast,pointer,0
18786,570,62,64,ptr,addrspacecast,pointer,0
18787,570,63,64,ptr,addrspacecast,pointer,0
18788,571,0,64,int,call,base,-1
18789,571,1,64,int,call,base,-1
18790,571,2,64,int,call,base,-1
18791,571,3,64,int,call,base,-1
18792,571,4,64,int,call,base,-1
18793,571,5,64,int,call,base,-1
18794,571,6,64,int,call,base,-1
18795,571,7,64,int,call,base,-1
18796,571,8,64,int,call,base,-1
18797,571,9,64,int,call,base,-1
18798,571,10,64,int,call,base,-1
18799,571,11,64,int,call,base,-1
18800,571,12,64,int,call,base,-1
18801,571,13,64,int,call,base,-1
18802,571,14,64,int,call,base,-1
18803,571,15,64,int,call,base,-1
18804,571,16,64,int,call,base,-1
18805,571,17,64,int,call,base,-1
18806,571,18,64,int,call,base,-1
18807,571,19,64,int,call,base,-1
18808,571,20,64,int,call,base,-1
18809,571,21,64,int,call,base,-1
18810,571,22,64,int,call,base,-1
18811,571,23,64,int,call,base,-1
18812,571,24,64,int,call,base,-1
18813,571,25,64,int,call,base,-1
18814,571,26,64,int,call,base,-1
18815,571,27,64,int,call,base,-1
18816,571,28,64,int,call,base,-1
18817,571,29,64,int,call,base,-1
18818,571,30,64,int,call,base,-1
18819,571,31,64,int,call,base,-1
18820,571,32,64,int,call,base,-1
18821,571,33,64,int,call,base,-1
18822,571,34,64,int,call,base,-1
18823,571,35,64,int,call,base,-1
18824,571,36,64,int,call,base,-1
18825,571,37,64,int,call,base,-1
18826,571,38,64,int,call,base,-1
18827,571,39,64,int,call,base,-1
18828,571,40,64,int,call,base,-1
18829,571,41,64,int,call,base,-1
18830,571,42,64,int,call,base,-1
18831,571,43,64,int,call,base,-1
18832,571,44,64,int,call,base,-1
18833,571,45,64,int,call,base,-1
18834,571,46,64,int,call,base,-1
18835,571,47,64,int,call,base,-1
18836,571,48,64,int,call,base,-1
18837,571,49,64,int,call,base,-1
18838,571,50,64,int,call,base,-1
18839,571,51,64,int,call,base,-1
18840,571,52,64,int,call,base,-1
18841,571,53,64,int,call,base,-1
18842,571,54,64,int,call,base,-1
18843,571,55,64,int,call,base,-1
18844,571,56,64,int,call,base,-1
18845,571,57,64,int,call,base,-1
18846,571,58,64,int,call,base,-1
18847,571,59,64,int,call,base,-1
18848,571,60,64,int,call,base,-1
18849,571,61,64,int,call,base,-1
18850,571,62,64,int,call,base,-1
18851,571,63,64,int,call,base,-1
18852,574,0,64,ptr,addrspacecast,pointer,0
18853,574,1,64,ptr,addrspacecast,pointer,0
18854,574,2,64,ptr,addrspacecast,pointer,0
18855,574,3,64,ptr,addrspacecast,pointer,0
18856,574,4,64,ptr,addrspacecast,pointer,0
18857,574,5,64,ptr,addrspacecast,pointer,0
18858,574,6,64,ptr,addrspacecast,pointer,0
18859,574,7,64,ptr,addrspacecast,pointer,0
18860,574,8,64,ptr,addrspacecast,pointer,0
18861,574,9,64,ptr,addrspacecast,pointer,0
18862,574,10,64,ptr,addrspacecast,pointer,0
18863,574,11,64,ptr,addrspacecast,pointer,0
18864,574,12,64,ptr,addrspacecast,pointer,0
18865,574,13,64,ptr,addrspacecast,pointer,0
18866,574,14,64,ptr,addrspacecast,pointer,0
18867,574,15,64,ptr,addrspacecast,pointer,0
18868,574,16,64,ptr,addrspacecast,pointer,0
18869,574,17,64,ptr,addrspacecast,pointer,0
18870,574,18,64,ptr,addrspacecast,pointer,0
18871,574,19,64,ptr,addrspacecast,pointer,0
18872,574,20,64,ptr,addrspacecast,pointer,0
18873,574,21,64,ptr,addrspacecast,pointer,0
18874,574,22,64,ptr,addrspacecast,pointer,0
18875,574,23,64,ptr,addrspacecast,pointer,0
18876,574,24,64,ptr,addrspacecast,pointer,0
18877,574,25,64,ptr,addrspacecast,pointer,0
18878,574,26,64,ptr,addrspacecast,pointer,0
18879,574,27,64,ptr,addrspacecast,pointer,0
18880,574,28,64,ptr,addrspacecast,pointer,0
18881,574,29,64,ptr,addrspacecast,pointer,0
18882,574,30,64,ptr,addrspacecast,pointer,0
18883,574,31,64,ptr,addrspacecast,pointer,0
18884,574,32,64,ptr,addrspacecast,pointer,0
18885,574,33,64,ptr,addrspacecast,pointer,0
18886,574,34,64,ptr,addrspacecast,pointer,0
18887,574,35,64,ptr,addrspacecast,pointer,0
18888,574,36,64,ptr,addrspacecast,pointer,0
18889,574,37,64,ptr,addrspacecast,pointer,0
18890,574,38,64,ptr,addrspacecast,pointer,0
18891,574,39,64,ptr,addrspacecast,pointer,0
18892,574,40,64,ptr,addrspacecast,pointer,0
18893,574,41,64,ptr,addrspacecast,pointer,0
18894,574,42,64,ptr,addrspacecast,pointer,0
18895,574,43,64,ptr,addrspacecast,pointer,0
18896,574,44,64,ptr,addrspacecast,pointer,0
18897,574,45,64,ptr,addrspacecast,pointer,0
18898,574,46,64,ptr,addrspacecast,pointer,0
18899,574,47,64,ptr,addrspacecast,pointer,0
18900,574,48,64,ptr,addrspacecast,pointer,0
18901,574,49,64,ptr,addrspacecast,pointer,0
18902,574,50,64,ptr,addrspacecast,pointer,0
18903,574,51,64,ptr,addrspacecast,pointer,0
18904,574,52,64,ptr,addrspacecast,pointer,0
18905,574,53,64,ptr,addrspacecast,pointer,0
18906,574,54,64,ptr,addrspacecast,pointer,0
18907,574,55,64,ptr,addrspacecast,pointer,0
18908,574,56,64,ptr,addrspacecast,pointer,0
18909,574,57,64,ptr,addrspacecast,pointer,0
18910,574,58,64,ptr,addrspacecast,pointer,0
18911,574,59,64,ptr,addrspacecast,pointer,0
18912,574,60,64,ptr,addrspacecast,pointer,0
18913,574,61,64,ptr,addrspacecast,pointer,0
18914,574,62,64,ptr,addrspacecast,pointer,0
18915,574,63,64,ptr,addrspacecast,pointer,0
18916,576,0,64,int,extractelement,base,-1
18917,576,1,64,int,extractelement,base,-1
18918,576,2,64,int,extractelement,base,-1
18919,576,3,64,int,extractelement,base,-1
18920,576,4,64,int,extractelement,base,-1
18921,576,5,64,int,extractelement,base,-1
18922,576,6,64,int,extractelement,base,-1
18923,576,7,64,int,extractelement,base,-1
18924,576,8,64,int,extractelement,base,-1
18925,576,9,64,int,extractelement,base,-1
18926,576,10,64,int,extractelement,base,-1
18927,576,11,64,int,extractelement,base,-1
18928,576,12,64,int,extractelement,base,-1
18929,576,13,64,int,extractelement,base,-1
18930,576,14,64,int,extractelement,base,-1
18931,576,15,64,int,extractelement,base,-1
18932,576,16,64,int,extractelement,base,-1
18933,576,17,64,int,extractelement,base,-1
18934,576,18,64,int,extractelement,base,-1
18935,576,19,64,int,extractelement,base,-1
18936,576,20,64,int,extractelement,base,-1
18937,576,21,64,int,extractelement,base,-1
18938,576,22,64,int,extractelement,base,-1
18939,576,23,64,int,extractelement,base,-1
18940,576,24,64,int,extractelement,base,-1
18941,576,25,64,int,extractelement,base,-1
18942,576,26,64,int,extractelement,base,-1
18943,576,27,64,int,extractelement,base,-1
18944,576,28,64,int,extractelement,base,-1
18945,576,29,64,int,extractelement,base,-1
18946,576,30,64,int,extractelement,base,-1
18947,576,31,64,int,extractelement,base,-1
18948,576,32,64,int,extractelement,base,-1
18949,576,33,64,int,extractelement,base,-1
18950,576,34,64,int,extractelement,base,-1
18951,576,35,64,int,extractelement,base,-1
18952,576,36,64,int,extractelement,base,-1
18953,576,37,64,int,extractelement,base,-1
18954,576,38,64,int,extractelement,base,-1
18955,576,39,64,int,extractelement,base,-1
18956,576,40,64,int,extractelement,base,-1
18957,576,41,64,int,extractelement,base,-1
18958,576,42,64,int,extractelement,base,-1
18959,576,43,64,int,extractelement,base,-1
18960,576,44,64,int,extractelement,base,-1
18961,576,45,64,int,extractelement,base,-1
18962,576,46,64,int,extractelement,base,-1
18963,576,47,64,int,extractelement,base,-1
18964,576,48,64,int,extractelement,base,-1
18965,576,49,64,int,extractelement,base,-1
18966,576,50,64,int,extractelement,base,-1
18967,576,51,64,int,extractelement,base,-1
18968,576,52,64,int,extractelement,base,-1
18969,576,53,64,int,extractelement,base,-1
18970,576,54,64,int,extractelement,base,-1
18971,576,55,64,int,extractelement,base,-1
18972,576,56,64,int,extractelement,base,-1
18973,576,57,64,int,extractelement,base,-1
18974,576,58,64,int,extractelement,base,-1
18975,576,59,64,int,extractelement,base,-1
18976,576,60,64,int,extractelement,base,-1
18977,576,61,64,int,extractelement,base,-1
18978,576,62,64,int,extractelement,base,-1
18979,576,63,64,int,extractelement,base,-1
18980,578,0,64,int,call,base,-1
18981,578,1,64,int,call,base,-1
18982,578,2,64,int,call,base,-1
18983,578,3,64,int,call,base,-1
18984,578,4,64,int,call,base,-1
18985,578,5,64,int,call,base,-1
18986,578,6,64,int,call,base,-1
18987,578,7,64,int,call,base,-1
18988,578,8,64,int,call,base,-1
18989,578,9,64,int,call,base,-1
18990,578,10,64,int,call,base,-1
18991,578,11,64,int,call,base,-1
18992,578,12,64,int,call,base,-1
18993,578,13,64,int,call,base,-1
18994,578,14,64,int,call,base,-1
18995,578,15,64,int,call,base,-1
18996,578,16,64,int,call,base,-1
18997,578,17,64,int,call,base,-1
18998,578,18,64,int,call,base,-1
18999,578,19,64,int,call,base,-1
19000,578,20,64,int,call,base,-1
19001,578,21,64,int,call,base,-1
19002,578,22,64,int,call,base,-1
19003,578,23,64,int,call,base,-1
19004,578,24,64,int,call,base,-1
19005,578,25,64,int,call,base,-1
19006,578,26,64,int,call,base,-1
19007,578,27,64,int,call,base,-1
19008,578,28,64,int,call,base,-1
19009,578,29,64,int,call,base,-1
19010,578,30,64,int,call,base,-1
19011,578,31,64,int,call,base,-1
19012,578,32,64,int,call,base,-1
19013,578,33,64,int,call,base,-1
19014,578,34,64,int,call,base,-1
19015,578,35,64,int,call,base,-1
19016,578,36,64,int,call,base,-1
19017,578,37,64,int,call,base,-1
19018,578,38,64,int,call,base,-1
19019,578,39,64,int,call,base,-1
19020,578,40,64,int,call,base,-1
19021,578,41,64,int,call,base,-1
19022,578,42,64,int,call,base,-1
19023,578,43,64,int,call,base,-1
19024,578,44,64,int,call,base,-1
19025,578,45,64,int,call,base,-1
19026,578,46,64,int,call,base,-1
19027,578,47,64,int,call,base,-1
19028,578,48,64,int,call,base,-1
19029,578,49,64,int,call,base,-1
19030,578,50,64,int,call,base,-1
19031,578,51,64,int,call,base,-1
19032,578,52,64,int,call,base,-1
19033,578,53,64,int,call,base,-1
19034,578,54,64,int,call,base,-1
19035,578,55,64,int,call,base,-1
19036,578,56,64,int,call,base,-1
19037,578,57,64,int,call,base,-1
19038,578,58,64,int,call,base,-1
19039,578,59,64,int,call,base,-1
19040,578,60,64,int,call,base,-1
19041,578,61,64,int,call,base,-1
19042,578,62,64,int,call,base,-1
19043,578,63,64,int,call,base,-1
19044,581,0,64,ptr,addrspacecast,pointer,0
19045,581,1,64,ptr,addrspacecast,pointer,0
19046,581,2,64,ptr,addrspacecast,pointer,0
19047,581,3,64,ptr,addrspacecast,pointer,0
19048,581,4,64,ptr,addrspacecast,pointer,0
19049,581,5,64,ptr,addrspacecast,pointer,0
19050,581,6,64,ptr,addrspacecast,pointer,0
19051,581,7,64,ptr,addrspacecast,pointer,0
19052,581,8,64,ptr,addrspacecast,pointer,0
19053,581,9,64,ptr,addrspacecast,pointer,0
19054,581,10,64,ptr,addrspacecast,pointer,0
19055,581,11,64,ptr,addrspacecast,pointer,0
19056,581,12,64,ptr,addrspacecast,pointer,0
19057,581,13,64,ptr,addrspacecast,pointer,0
19058,581,14,64,ptr,addrspacecast,pointer,0
19059,581,15,64,ptr,addrspacecast,pointer,0
19060,581,16,64,ptr,addrspacecast,pointer,0
19061,581,17,64,ptr,addrspacecast,pointer,0
19062,581,18,64,ptr,addrspacecast,pointer,0
19063,581,19,64,ptr,addrspacecast,pointer,0
19064,581,20,64,ptr,addrspacecast,pointer,0
19065,581,21,64,ptr,addrspacecast,pointer,0
19066,581,22,64,ptr,addrspacecast,pointer,0
19067,581,23,64,ptr,addrspacecast,pointer,0
19068,581,24,64,ptr,addrspacecast,pointer,0
19069,581,25,64,ptr,addrspacecast,pointer,0
19070,581,26,64,ptr,addrspacecast,pointer,0
19071,581,27,64,ptr,addrspacecast,pointer,0
19072,581,28,64,ptr,addrspacecast,pointer,0
19073,581,29,64,ptr,addrspacecast,pointer,0
19074,581,30,64,ptr,addrspacecast,pointer,0
19075,581,31,64,ptr,addrspacecast,pointer,0
19076,581,32,64,ptr,addrspacecast,pointer,0
19077,581,33,64,ptr,addrspacecast,pointer,0
19078,581,34,64,ptr,addrspacecast,pointer,0
19079,581,35,64,ptr,addrspacecast,pointer,0
19080,581,36,64,ptr,addrspacecast,pointer,0
19081,581,37,64,ptr,addrspacecast,pointer,0
19082,581,38,64,ptr,addrspacecast,pointer,0
19083,581,39,64,ptr,addrspacecast,pointer,0
19084,581,40,64,ptr,addrspacecast,pointer,0
19085,581,41,64,ptr,addrspacecast,pointer,0
19086,581,42,64,ptr,addrspacecast,pointer,0
19087,581,43,64,ptr,addrspacecast,pointer,0
19088,581,44,64,ptr,addrspacecast,pointer,0
19089,581,45,64,ptr,addrspacecast,pointer,0
19090,581,46,64,ptr,addrspacecast,pointer,0
19091,581,47,64,ptr,addrspacecast,pointer,0
19092,581,48,64,ptr,addrspacecast,pointer,0
19093,581,49,64,ptr,addrspacecast,pointer,0
19094,581,50,64,ptr,addrspacecast,pointer,0
19095,581,51,64,ptr,addrspacecast,pointer,0
19096,581,52,64,ptr,addrspacecast,pointer,0
19097,581,53,64,ptr,addrspacecast,pointer,0
19098,581,54,64,ptr,addrspacecast,pointer,0
19099,581,55,64,ptr,addrspacecast,pointer,0
19100,581,56,64,ptr,addrspacecast,pointer,0
19101,581,57,64,ptr,addrspacecast,pointer,0
19102,581,58,64,ptr,addrspacecast,pointer,0
19103,581,59,64,ptr,addrspacecast,pointer,0
19104,581,60,64,ptr,addrspacecast,pointer,0
19105,581,61,64,ptr,addrspacecast,pointer,0
19106,581,62,64,ptr,addrspacecast,pointer,0
19107,581,63,64,ptr,addrspacecast,pointer,0
19108,582,0,64,int,call,base,-1
19109,582,1,64,int,call,base,-1
19110,582,2,64,int,call,base,-1
19111,582,3,64,int,call,base,-1
19112,582,4,64,int,call,base,-1
19113,582,5,64,int,call,base,-1
19114,582,6,64,int,call,base,-1
19115,582,7,64,int,call,base,-1
19116,582,8,64,int,call,base,-1
19117,582,9,64,int,call,base,-1
19118,582,10,64,int,call,base,-1
19119,582,11,64,int,call,base,-1
19120,582,12,64,int,call,base,-1
19121,582,13,64,int,call,base,-1
19122,582,14,64,int,call,base,-1
19123,582,15,64,int,call,base,-1
19124,582,16,64,int,call,base,-1
19125,582,17,64,int,call,base,-1
19126,582,18,64,int,call,base,-1
19127,582,19,64,int,call,base,-1
19128,582,20,64,int,call,base,-1
19129,582,21,64,int,call,base,-1
19130,582,22,64,int,call,base,-1
19131,582,23,64,int,call,base,-1
19132,582,24,64,int,call,base,-1
19133,582,25,64,int,call,base,-1
19134,582,26,64,int,call,base,-1
19135,582,27,64,int,call,base,-1
19136,582,28,64,int,call,base,-1
19137,582,29,64,int,call,base,-1
19138,582,30,64,int,call,base,-1
19139,582,31,64,int,call,base,-1
19140,582,32,64,int,call,base,-1
19141,582,33,64,int,call,base,-1
19142,582,34,64,int,call,base,-1
19143,582,35,64,int,call,base,-1
19144,582,36,64,int,call,base,-1
19145,582,37,64,int,call,base,-1
19146,582,38,64,int,call,base,-1
19147,582,39,64,int,call,base,-1
19148,582,40,64,int,call,base,-1
19149,582,41,64,int,call,base,-1
19150,582,42,64,int,call,base,-1
19151,582,43,64,int,call,base,-1
19152,582,44,64,int,call,base,-1
19153,582,45,64,int,call,base,-1
19154,582,46,64,int,call,base,-1
19155,582,47,64,int,call,base,-1
19156,582,48,64,int,call,base,-1
19157,582,49,64,int,call,base,-1
19158,582,50,64,int,call,base,-1
19159,582,51,64,int,call,base,-1
19160,582,52,64,int,call,base,-1
19161,582,53,64,int,call,base,-1
19162,582,54,64,int,call,base,-1
19163,582,55,64,int,call,base,-1
19164,582,56,64,int,call,base,-1
19165,582,57,64,int,call,base,-1
19166,582,58,64,int,call,base,-1
19167,582,59,64,int,call,base,-1
19168,582,60,64,int,call,base,-1
19169,582,61,64,int,call,base,-1
19170,582,62,64,int,call,base,-1
19171,582,63,64,int,call,base,-1
19172,585,0,64,ptr,addrspacecast,pointer,0
19173,585,1,64,ptr,addrspacecast,pointer,0
19174,585,2,64,ptr,addrspacecast,pointer,0
19175,585,3,64,ptr,addrspacecast,pointer,0
19176,585,4,64,ptr,addrspacecast,pointer,0
19177,585,5,64,ptr,addrspacecast,pointer,0
19178,585,6,64,ptr,addrspacecast,pointer,0
19179,585,7,64,ptr,addrspacecast,pointer,0
19180,585,8,64,ptr,addrspacecast,pointer,0
19181,585,9,64,ptr,addrspacecast,pointer,0
19182,585,10,64,ptr,addrspacecast,pointer,0
19183,585,11,64,ptr,addrspacecast,pointer,0
19184,585,12,64,ptr,addrspacecast,pointer,0
19185,585,13,64,ptr,addrspacecast,pointer,0
19186,585,14,64,ptr,addrspacecast,pointer,0
19187,585,15,64,ptr,addrspacecast,pointer,0
19188,585,16,64,ptr,addrspacecast,pointer,0
19189,585,17,64,ptr,addrspacecast,pointer,0
19190,585,18,64,ptr,addrspacecast,pointer,0
19191,585,19,64,ptr,addrspacecast,pointer,0
19192,585,20,64,ptr,addrspacecast,pointer,0
19193,585,21,64,ptr,addrspacecast,pointer,0
19194,585,22,64,ptr,addrspacecast,pointer,0
19195,585,23,64,ptr,addrspacecast,pointer,0
19196,585,24,64,ptr,addrspacecast,pointer,0
19197,585,25,64,ptr,addrspacecast,pointer,0
19198,585,26,64,ptr,addrspacecast,pointer,0
19199,585,27,64,ptr,addrspacecast,pointer,0
19200,585,28,64,ptr,addrspacecast,pointer,0
19201,585,29,64,ptr,addrspacecast,pointer,0
19202,585,30,64,ptr,addrspacecast,pointer,0
19203,585,31,64,ptr,addrspacecast,pointer,0
19204,585,32,64,ptr,addrspacecast,pointer,0
19205,585,33,64,ptr,addrspacecast,pointer,0
19206,585,34,64,ptr,addrspacecast,pointer,0
19207,585,35,64,ptr,addrspacecast,pointer,0
19208,585,36,64,ptr,addrspacecast,pointer,0
19209,585,37,64,ptr,addrspacecast,pointer,0
19210,585,38,64,ptr,addrspacecast,pointer,0
19211,585,39,64,ptr,addrspacecast,pointer,0
19212,585,40,64,ptr,addrspacecast,pointer,0
19213,585,41,64,ptr,addrspacecast,pointer,0
19214,585,42,64,ptr,addrspacecast,pointer,0
19215,585,43,64,ptr,addrspacecast,pointer,0
19216,585,44,64,ptr,addrspacecast,pointer,0
19217,585,45,64,ptr,addrspacecast,pointer,0
19218,585,46,64,ptr,addrspacecast,pointer,0
19219,585,47,64,ptr,addrspacecast,pointer,0
19220,585,48,64,ptr,addrspacecast,pointer,0
19221,585,49,64,ptr,addrspacecast,pointer,0
19222,585,50,64,ptr,addrspacecast,pointer,0
19223,585,51,64,ptr,addrspacecast,pointer,0
19224,585,52,64,ptr,addrspacecast,pointer,0
19225,585,53,64,ptr,addrspacecast,pointer,0
19226,585,54,64,ptr,addrspacecast,pointer,0
19227,585,55,64,ptr,addrspacecast,pointer,0
19228,585,56,64,ptr,addrspacecast,pointer,0
19229,585,57,64,ptr,addrspacecast,pointer,0
19230,585,58,64,ptr,addrspacecast,pointer,0
19231,585,59,64,ptr,addrspacecast,pointer,0
19232,585,60,64,ptr,addrspacecast,pointer,0
19233,585,61,64,ptr,addrspacecast,pointer,0
19234,585,62,64,ptr,addrspacecast,pointer,0
19235,585,63,64,ptr,addrspacecast,pointer,0
19236,587,0,64,int,extractelement,base,-1
19237,587,1,64,int,extractelement,base,-1
19238,587,2,64,int,extractelement,base,-1
19239,587,3,64,int,extractelement,base,-1
19240,587,4,64,int,extractelement,base,-1
19241,587,5,64,int,extractelement,base,-1
19242,587,6,64,int,extractelement,base,-1
19243,587,7,64,int,extractelement,base,-1
19244,587,8,64,int,extractelement,base,-1
19245,587,9,64,int,extractelement,base,-1
19246,587,10,64,int,extractelement,base,-1
19247,587,11,64,int,extractelement,base,-1
19248,587,12,64,int,extractelement,base,-1
19249,587,13,64,int,extractelement,base,-1
19250,587,14,64,int,extractelement,base,-1
19251,587,15,64,int,extractelement,base,-1
19252,587,16,64,int,extractelement,base,-1
19253,587,17,64,int,extractelement,base,-1
19254,587,18,64,int,extractelement,base,-1
19255,587,19,64,int,extractelement,base,-1
19256,587,20,64,int,extractelement,base,-1
19257,587,21,64,int,extractelement,base,-1
19258,587,22,64,int,extractelement,base,-1
19259,587,23,64,int,extractelement,base,-1
19260,587,24,64,int,extractelement,base,-1
19261,587,25,64,int,extractelement,base,-1
19262,587,26,64,int,extractelement,base,-1
19263,587,27,64,int,extractelement,base,-1
19264,587,28,64,int,extractelement,base,-1
19265,587,29,64,int,extractelement,base,-1
19266,587,30,64,int,extractelement,base,-1
19267,587,31,64,int,extractelement,base,-1
19268,587,32,64,int,extractelement,base,-1
19269,587,33,64,int,extractelement,base,-1
19270,587,34,64,int,extractelement,base,-1
19271,587,35,64,int,extractelement,base,-1
19272,587,36,64,int,extractelement,base,-1
19273,587,37,64,int,extractelement,base,-1
19274,587,38,64,int,extractelement,base,-1
19275,587,39,64,int,extractelement,base,-1
19276,587,40,64,int,extractelement,base,-1
19277,587,41,64,int,extractelement,base,-1
19278,587,42,64,int,extractelement,base,-1
19279,587,43,64,int,extractelement,base,-1
19280,587,44,64,int,extractelement,base,-1
19281,587,45,64,int,extractelement,base,-1
19282,587,46,64,int,extractelement,base,-1
19283,587,47,64,int,extractelement,base,-1
19284,587,48,64,int,extractelement,base,-1
19285,587,49,64,int,extractelement,base,-1
19286,587,50,64,int,extractelement,base,-1
19287,587,51,64,int,extractelement,base,-1
19288,587,52,64,int,extractelement,base,-1
19289,587,53,64,int,extractelement,base,-1
19290,587,54,64,int,extractelement,base,-1
19291,587,55,64,int,extractelement,base,-1
19292,587,56,64,int,extractelement,base,-1
19293,587,57,64,int,extractelement,base,-1
19294,587,58,64,int,extractelement,base,-1
19295,587,59,64,int,extractelement,base,-1
19296,587,60,64,int,extractelement,base,-1
19297,587,61,64,int,extractelement,base,-1
19298,587,62,64,int,extractelement,base,-1
19299,587,63,64,int,extractelement,base,-1
19300,595,0,64,ptr,addrspacecast,pointer,0
19301,595,1,64,ptr,addrspacecast,pointer,0
19302,595,2,64,ptr,addrspacecast,pointer,0
19303,595,3,64,ptr,addrspacecast,pointer,0
19304,595,4,64,ptr,addrspacecast,pointer,0
19305,595,5,64,ptr,addrspacecast,pointer,0
19306,595,6,64,ptr,addrspacecast,pointer,0
19307,595,7,64,ptr,addrspacecast,pointer,0
19308,595,8,64,ptr,addrspacecast,pointer,0
19309,595,9,64,ptr,addrspacecast,pointer,0
19310,595,10,64,ptr,addrspacecast,pointer,0
19311,595,11,64,ptr,addrspacecast,pointer,0
19312,595,12,64,ptr,addrspacecast,pointer,0
19313,595,13,64,ptr,addrspacecast,pointer,0
19314,595,14,64,ptr,addrspacecast,pointer,0
19315,595,15,64,ptr,addrspacecast,pointer,0
19316,595,16,64,ptr,addrspacecast,pointer,0
19317,595,17,64,ptr,addrspacecast,pointer,0
19318,595,18,64,ptr,addrspacecast,pointer,0
19319,595,19,64,ptr,addrspacecast,pointer,0
19320,595,20,64,ptr,addrspacecast,pointer,0
19321,595,21,64,ptr,addrspacecast,pointer,0
19322,595,22,64,ptr,addrspacecast,pointer,0
19323,595,23,64,ptr,addrspacecast,pointer,0
19324,595,24,64,ptr,addrspacecast,pointer,0
19325,595,25,64,ptr,addrspacecast,pointer,0
19326,595,26,64,ptr,addrspacecast,pointer,0
19327,595,27,64,ptr,addrspacecast,pointer,0
19328,595,28,64,ptr,addrspacecast,pointer,0
19329,595,29,64,ptr,addrspacecast,pointer,0
19330,595,30,64,ptr,addrspacecast,pointer,0
19331,595,31,64,ptr,addrspacecast,pointer,0
19332,595,32,64,ptr,addrspacecast,pointer,0
19333,595,33,64,ptr,addrspacecast,pointer,0
19334,595,34,64,ptr,addrspacecast,pointer,0
19335,595,35,64,ptr,addrspacecast,pointer,0
19336,595,36,64,ptr,addrspacecast,pointer,0
19337,595,37,64,ptr,addrspacecast,pointer,0
19338,595,38,64,ptr,addrspacecast,pointer,0
19339,595,39,64,ptr,addrspacecast,pointer,0
19340,595,40,64,ptr,addrspacecast,pointer,0
19341,595,41,64,ptr,addrspacecast,pointer,0
19342,595,42,64,ptr,addrspacecast,pointer,0
19343,595,43,64,ptr,addrspacecast,pointer,0
19344,595,44,64,ptr,addrspacecast,pointer,0
19345,595,45,64,ptr,addrspacecast,pointer,0
19346,595,46,64,ptr,addrspacecast,pointer,0
19347,595,47,64,ptr,addrspacecast,pointer,0
19348,595,48,64,ptr,addrspacecast,pointer,0
19349,595,49,64,ptr,addrspacecast,pointer,0
19350,595,50,64,ptr,addrspacecast,pointer,0
19351,595,51,64,ptr,addrspacecast,pointer,0
19352,595,52,64,ptr,addrspacecast,pointer,0
19353,595,53,64,ptr,addrspacecast,pointer,0
19354,595,54,64,ptr,addrspacecast,pointer,0
19355,595,55,64,ptr,addrspacecast,pointer,0
19356,595,56,64,ptr,addrspacecast,pointer,0
19357,595,57,64,ptr,addrspacecast,pointer,0
19358,595,58,64,ptr,addrspacecast,pointer,0
19359,595,59,64,ptr,addrspacecast,pointer,0
19360,595,60,64,ptr,addrspacecast,pointer,0
19361,595,61,64,ptr,addrspacecast,pointer,0
19362,595,62,64,ptr,addrspacecast,pointer,0
19363,595,63,64,ptr,addrspacecast,pointer,0
19364,597,0,64,ptr,addrspacecast,pointer,0
19365,597,1,64,ptr,addrspacecast,pointer,0
19366,597,2,64,ptr,addrspacecast,pointer,0
19367,597,3,64,ptr,addrspacecast,pointer,0
19368,597,4,64,ptr,addrspacecast,pointer,0
19369,597,5,64,ptr,addrspacecast,pointer,0
19370,597,6,64,ptr,addrspacecast,pointer,0
19371,597,7,64,ptr,addrspacecast,pointer,0
19372,597,8,64,ptr,addrspacecast,pointer,0
19373,597,9,64,ptr,addrspacecast,pointer,0
19374,597,10,64,ptr,addrspacecast,pointer,0
19375,597,11,64,ptr,addrspacecast,pointer,0
19376,597,12,64,ptr,addrspacecast,pointer,0
19377,597,13,64,ptr,addrspacecast,pointer,0
19378,597,14,64,ptr,addrspacecast,pointer,0
19379,597,15,64,ptr,addrspacecast,pointer,0
19380,597,16,64,ptr,addrspacecast,pointer,0
19381,597,17,64,ptr,addrspacecast,pointer,0
19382,597,18,64,ptr,addrspacecast,pointer,0
19383,597,19,64,ptr,addrspacecast,pointer,0
19384,597,20,64,ptr,addrspacecast,pointer,0
19385,597,21,64,ptr,addrspacecast,pointer,0
19386,597,22,64,ptr,addrspacecast,pointer,0
19387,597,23,64,ptr,addrspacecast,pointer,0
19388,597,24,64,ptr,addrspacecast,pointer,0
19389,597,25,64,ptr,addrspacecast,pointer,0
19390,597,26,64,ptr,addrspacecast,pointer,0
19391,597,27,64,ptr,addrspacecast,pointer,0
19392,597,28,64,ptr,addrspacecast,pointer,0
19393,597,29,64,ptr,addrspacecast,pointer,0
19394,597,30,64,ptr,addrspacecast,pointer,0
19395,597,31,64,ptr,addrspacecast,pointer,0
19396,597,32,64,ptr,addrspacecast,pointer,0
19397,597,33,64,ptr,addrspacecast,pointer,0
19398,597,34,64,ptr,addrspacecast,pointer,0
19399,597,35,64,ptr,addrspacecast,pointer,0
19400,597,36,64,ptr,addrspacecast,pointer,0
19401,597,37,64,ptr,addrspacecast,pointer,0
19402,597,38,64,ptr,addrspacecast,pointer,0
19403,597,39,64,ptr,addrspacecast,pointer,0
19404,597,40,64,ptr,addrspacecast,pointer,0
19405,597,41,64,ptr,addrspacecast,pointer,0
19406,597,42,64,ptr,addrspacecast,pointer,0
19407,597,43,64,ptr,addrspacecast,pointer,0
19408,597,44,64,ptr,addrspacecast,pointer,0
19409,597,45,64,ptr,addrspacecast,pointer,0
19410,597,46,64,ptr,addrspacecast,pointer,0
19411,597,47,64,ptr,addrspacecast,pointer,0
19412,597,48,64,ptr,addrspacecast,pointer,0
19413,597,49,64,ptr,addrspacecast,pointer,0
19414,597,50,64,ptr,addrspacecast,pointer,0
19415,597,51,64,ptr,addrspacecast,pointer,0
19416,597,52,64,ptr,addrspacecast,pointer,0
19417,597,53,64,ptr,addrspacecast,pointer,0
19418,597,54,64,ptr,addrspacecast,pointer,0
19419,597,55,64,ptr,addrspacecast,pointer,0
19420,597,56,64,ptr,addrspacecast,pointer,0
19421,597,57,64,ptr,addrspacecast,pointer,0
19422,597,58,64,ptr,addrspacecast,pointer,0
19423,597,59,64,ptr,addrspacecast,pointer,0
19424,597,60,64,ptr,addrspacecast,pointer,0
19425,597,61,64,ptr,addrspacecast,pointer,0
19426,597,62,64,ptr,addrspacecast,pointer,0
19427,597,63,64,ptr,addrspacecast,pointer,0
19428,599,0,64,ptr,addrspacecast,pointer,0
19429,599,1,64,ptr,addrspacecast,pointer,0
19430,599,2,64,ptr,addrspacecast,pointer,0
19431,599,3,64,ptr,addrspacecast,pointer,0
19432,599,4,64,ptr,addrspacecast,pointer,0
19433,599,5,64,ptr,addrspacecast,pointer,0
19434,599,6,64,ptr,addrspacecast,pointer,0
19435,599,7,64,ptr,addrspacecast,pointer,0
19436,599,8,64,ptr,addrspacecast,pointer,0
19437,599,9,64,ptr,addrspacecast,pointer,0
19438,599,10,64,ptr,addrspacecast,pointer,0
19439,599,11,64,ptr,addrspacecast,pointer,0
19440,599,12,64,ptr,addrspacecast,pointer,0
19441,599,13,64,ptr,addrspacecast,pointer,0
19442,599,14,64,ptr,addrspacecast,pointer,0
19443,599,15,64,ptr,addrspacecast,pointer,0
19444,599,16,64,ptr,addrspacecast,pointer,0
19445,599,17,64,ptr,addrspacecast,pointer,0
19446,599,18,64,ptr,addrspacecast,pointer,0
19447,599,19,64,ptr,addrspacecast,pointer,0
19448,599,20,64,ptr,addrspacecast,pointer,0
19449,599,21,64,ptr,addrspacecast,pointer,0
19450,599,22,64,ptr,addrspacecast,pointer,0
19451,599,23,64,ptr,addrspacecast,pointer,0
19452,599,24,64,ptr,addrspacecast,pointer,0
19453,599,25,64,ptr,addrspacecast,pointer,0
19454,599,26,64,ptr,addrspacecast,pointer,0
19455,599,27,64,ptr,addrspacecast,pointer,0
19456,599,28,64,ptr,addrspacecast,pointer,0
19457,599,29,64,ptr,addrspacecast,pointer,0
19458,599,30,64,ptr,addrspacecast,pointer,0
19459,599,31,64,ptr,addrspacecast,pointer,0
19460,599,32,64,ptr,addrspacecast,pointer,0
19461,599,33,64,ptr,addrspacecast,pointer,0
19462,599,34,64,ptr,addrspacecast,pointer,0
19463,599,35,64,ptr,addrspacecast,pointer,0
19464,599,36,64,ptr,addrspacecast,pointer,0
19465,599,37,64,ptr,addrspacecast,pointer,0
19466,599,38,64,ptr,addrspacecast,pointer,0
19467,599,39,64,ptr,addrspacecast,pointer,0
19468,599,40,64,ptr,addrspacecast,pointer,0
19469,599,41,64,ptr,addrspacecast,pointer,0
19470,599,42,64,ptr,addrspacecast,pointer,0
19471,599,43,64,ptr,addrspacecast,pointer,0
19472,599,44,64,ptr,addrspacecast,pointer,0
19473,599,45,64,ptr,addrspacecast,pointer,0
19474,599,46,64,ptr,addrspacecast,pointer,0
19475,599,47,64,ptr,addrspacecast,pointer,0
19476,599,48,64,ptr,addrspacecast,pointer,0
19477,599,49,64,ptr,addrspacecast,pointer,0
19478,599,50,64,ptr,addrspacecast,pointer,0
19479,599,51,64,ptr,addrspacecast,pointer,0
19480,599,52,64,ptr,addrspacecast,pointer,0
19481,599,53,64,ptr,addrspacecast,pointer,0
19482,599,54,64,ptr,addrspacecast,pointer,0
19483,599,55,64,ptr,addrspacecast,pointer,0
19484,599,56,64,ptr,addrspacecast,pointer,0
19485,599,57,64,ptr,addrspacecast,pointer,0
19486,599,58,64,ptr,addrspacecast,pointer,0
19487,599,59,64,ptr,addrspacecast,pointer,0
19488,599,60,64,ptr,addrspacecast,pointer,0
19489,599,61,64,ptr,addrspacecast,pointer,0
19490,599,62,64,ptr,addrspacecast,pointer,0
19491,599,63,64,ptr,addrspacecast,pointer,0
19492,601,0,64,ptr,addrspacecast,pointer,0
19493,601,1,64,ptr,addrspacecast,pointer,0
19494,601,2,64,ptr,addrspacecast,pointer,0
19495,601,3,64,ptr,addrspacecast,pointer,0
19496,601,4,64,ptr,addrspacecast,pointer,0
19497,601,5,64,ptr,addrspacecast,pointer,0
19498,601,6,64,ptr,addrspacecast,pointer,0
19499,601,7,64,ptr,addrspacecast,pointer,0
19500,601,8,64,ptr,addrspacecast,pointer,0
19501,601,9,64,ptr,addrspacecast,pointer,0
19502,601,10,64,ptr,addrspacecast,pointer,0
19503,601,11,64,ptr,addrspacecast,pointer,0
19504,601,12,64,ptr,addrspacecast,pointer,0
19505,601,13,64,ptr,addrspacecast,pointer,0
19506,601,14,64,ptr,addrspacecast,pointer,0
19507,601,15,64,ptr,addrspacecast,pointer,0
19508,601,16,64,ptr,addrspacecast,pointer,0
19509,601,17,64,ptr,addrspacecast,pointer,0
19510,601,18,64,ptr,addrspacecast,pointer,0
19511,601,19,64,ptr,addrspacecast,pointer,0
19512,601,20,64,ptr,addrspacecast,pointer,0
19513,601,21,64,ptr,addrspacecast,pointer,0
19514,601,22,64,ptr,addrspacecast,pointer,0
19515,601,23,64,ptr,addrspacecast,pointer,0
19516,601,24,64,ptr,addrspacecast,pointer,0
19517,601,25,64,ptr,addrspacecast,pointer,0
19518,601,26,64,ptr,addrspacecast,pointer,0
19519,601,27,64,ptr,addrspacecast,pointer,0
19520,601,28,64,ptr,addrspacecast,pointer,0
19521,601,29,64,ptr,addrspacecast,pointer,0
19522,601,30,64,ptr,addrspacecast,pointer,0
19523,601,31,64,ptr,addrspacecast,pointer,0
19524,601,32,64,ptr,addrspacecast,pointer,0
19525,601,33,64,ptr,addrspacecast,pointer,0
19526,601,34,64,ptr,addrspacecast,pointer,0
19527,601,35,64,ptr,addrspacecast,pointer,0
19528,601,36,64,ptr,addrspacecast,pointer,0
19529,601,37,64,ptr,addrspacecast,pointer,0
19530,601,38,64,ptr,addrspacecast,pointer,0
19531,601,39,64,ptr,addrspacecast,pointer,0
19532,601,40,64,ptr,addrspacecast,pointer,0
19533,601,41,64,ptr,addrspacecast,pointer,0
19534,601,42,64,ptr,addrspacecast,pointer,0
19535,601,43,64,ptr,addrspacecast,pointer,0
19536,601,44,64,ptr,addrspacecast,pointer,0
19537,601,45,64,ptr,addrspacecast,pointer,0
19538,601,46,64,ptr,addrspacecast,pointer,0
19539,601,47,64,ptr,addrspacecast,pointer,0
19540,601,48,64,ptr,addrspacecast,pointer,0
19541,601,49,64,ptr,addrspacecast,pointer,0
19542,601,50,64,ptr,addrspacecast,pointer,0
19543,601,51,64,ptr,addrspacecast,pointer,0
19544,601,52,64,ptr,addrspacecast,pointer,0
19545,601,53,64,ptr,addrspacecast,pointer,0
19546,601,54,64,ptr,addrspacecast,pointer,0
19547,601,55,64,ptr,addrspacecast,pointer,0
19548,601,56,64,ptr,addrspacecast,pointer,0
19549,601,57,64,ptr,addrspacecast,pointer,0
19550,601,58,64,ptr,addrspacecast,pointer,0
19551,601,59,64,ptr,addrspacecast,pointer,0
19552,601,60,64,ptr,addrspacecast,pointer,0
19553,601,61,64,ptr,addrspacecast,pointer,0
19554,601,62,64,ptr,addrspacecast,pointer,0
19555,601,63,64,ptr,addrspacecast,pointer,0
19556,603,0,64,ptr,addrspacecast,pointer,0
19557,603,1,64,ptr,addrspacecast,pointer,0
19558,603,2,64,ptr,addrspacecast,pointer,0
19559,603,3,64,ptr,addrspacecast,pointer,0
19560,603,4,64,ptr,addrspacecast,pointer,0
19561,603,5,64,ptr,addrspacecast,pointer,0
19562,603,6,64,ptr,addrspacecast,pointer,0
19563,603,7,64,ptr,addrspacecast,pointer,0
19564,603,8,64,ptr,addrspacecast,pointer,0
19565,603,9,64,ptr,addrspacecast,pointer,0
19566,603,10,64,ptr,addrspacecast,pointer,0
19567,603,11,64,ptr,addrspacecast,pointer,0
19568,603,12,64,ptr,addrspacecast,pointer,0
19569,603,13,64,ptr,addrspacecast,pointer,0
19570,603,14,64,ptr,addrspacecast,pointer,0
19571,603,15,64,ptr,addrspacecast,pointer,0
19572,603,16,64,ptr,addrspacecast,pointer,0
19573,603,17,64,ptr,addrspacecast,pointer,0
19574,603,18,64,ptr,addrspacecast,pointer,0
19575,603,19,64,ptr,addrspacecast,pointer,0
19576,603,20,64,ptr,addrspacecast,pointer,0
19577,603,21,64,ptr,addrspacecast,pointer,0
19578,603,22,64,ptr,addrspacecast,pointer,0
19579,603,23,64,ptr,addrspacecast,pointer,0
19580,603,24,64,ptr,addrspacecast,pointer,0
19581,603,25,64,ptr,addrspacecast,pointer,0
19582,603,26,64,ptr,addrspacecast,pointer,0
19583,603,27,64,ptr,addrspacecast,pointer,0
19584,603,28,64,ptr,addrspacecast,pointer,0
19585,603,29,64,ptr,addrspacecast,pointer,0
19586,603,30,64,ptr,addrspacecast,pointer,0
19587,603,31,64,ptr,addrspacecast,pointer,0
19588,603,32,64,ptr,addrspacecast,pointer,0
19589,603,33,64,ptr,addrspacecast,pointer,0
19590,603,34,64,ptr,addrspacecast,pointer,0
19591,603,35,64,ptr,addrspacecast,pointer,0
19592,603,36,64,ptr,addrspacecast,pointer,0
19593,603,37,64,ptr,addrspacecast,pointer,0
19594,603,38,64,ptr,addrspacecast,pointer,0
19595,603,39,64,ptr,addrspacecast,pointer,0
19596,603,40,64,ptr,addrspacecast,pointer,0
19597,603,41,64,ptr,addrspacecast,pointer,0
19598,603,42,64,ptr,addrspacecast,pointer,0
19599,603,43,64,ptr,addrspacecast,pointer,0
19600,603,44,64,ptr,addrspacecast,pointer,0
19601,603,45,64,ptr,addrspacecast,pointer,0
19602,603,46,64,ptr,addrspacecast,pointer,0
19603,603,47,64,ptr,addrspacecast,pointer,0
19604,603,48,64,ptr,addrspacecast,pointer,0
19605,603,49,64,ptr,addrspacecast,pointer,0
19606,603,50,64,ptr,addrspacecast,pointer,0
19607,603,51,64,ptr,addrspacecast,pointer,0
19608,603,52,64,ptr,addrspacecast,pointer,0
19609,603,53,64,ptr,addrspacecast,pointer,0
19610,603,54,64,ptr,addrspacecast,pointer,0
19611,603,55,64,ptr,addrspacecast,pointer,0
19612,603,56,64,ptr,addrspacecast,pointer,0
19613,603,57,64,ptr,addrspacecast,pointer,0
19614,603,58,64,ptr,addrspacecast,pointer,0
19615,603,59,64,ptr,addrspacecast,pointer,0
19616,603,60,64,ptr,addrspacecast,pointer,0
19617,603,61,64,ptr,addrspacecast,pointer,0
19618,603,62,64,ptr,addrspacecast,pointer,0
19619,603,63,64,ptr,addrspacecast,pointer,0
19620,605,0,64,ptr,addrspacecast,pointer,0
19621,605,1,64,ptr,addrspacecast,pointer,0
19622,605,2,64,ptr,addrspacecast,pointer,0
19623,605,3,64,ptr,addrspacecast,pointer,0
19624,605,4,64,ptr,addrspacecast,pointer,0
19625,605,5,64,ptr,addrspacecast,pointer,0
19626,605,6,64,ptr,addrspacecast,pointer,0
19627,605,7,64,ptr,addrspacecast,pointer,0
19628,605,8,64,ptr,addrspacecast,pointer,0
19629,605,9,64,ptr,addrspacecast,pointer,0
19630,605,10,64,ptr,addrspacecast,pointer,0
19631,605,11,64,ptr,addrspacecast,pointer,0
19632,605,12,64,ptr,addrspacecast,pointer,0
19633,605,13,64,ptr,addrspacecast,pointer,0
19634,605,14,64,ptr,addrspacecast,pointer,0
19635,605,15,64,ptr,addrspacecast,pointer,0
19636,605,16,64,ptr,addrspacecast,pointer,0
19637,605,17,64,ptr,addrspacecast,pointer,0
19638,605,18,64,ptr,addrspacecast,pointer,0
19639,605,19,64,ptr,addrspacecast,pointer,0
19640,605,20,64,ptr,addrspacecast,pointer,0
19641,605,21,64,ptr,addrspacecast,pointer,0
19642,605,22,64,ptr,addrspacecast,pointer,0
19643,605,23,64,ptr,addrspacecast,pointer,0
19644,605,24,64,ptr,addrspacecast,pointer,0
19645,605,25,64,ptr,addrspacecast,pointer,0
19646,605,26,64,ptr,addrspacecast,pointer,0
19647,605,27,64,ptr,addrspacecast,pointer,0
19648,605,28,64,ptr,addrspacecast,pointer,0
19649,605,29,64,ptr,addrspacecast,pointer,0
19650,605,30,64,ptr,addrspacecast,pointer,0
19651,605,31,64,ptr,addrspacecast,pointer,0
19652,605,32,64,ptr,addrspacecast,pointer,0
19653,605,33,64,ptr,addrspacecast,pointer,0
19654,605,34,64,ptr,addrspacecast,pointer,0
19655,605,35,64,ptr,addrspacecast,pointer,0
19656,605,36,64,ptr,addrspacecast,pointer,0
19657,605,37,64,ptr,addrspacecast,pointer,0
19658,605,38,64,ptr,addrspacecast,pointer,0
19659,605,39,64,ptr,addrspacecast,pointer,0
19660,605,40,64,ptr,addrspacecast,pointer,0
19661,605,41,64,ptr,addrspacecast,pointer,0
19662,605,42,64,ptr,addrspacecast,pointer,0
19663,605,43,64,ptr,addrspacecast,pointer,0
19664,605,44,64,ptr,addrspacecast,pointer,0
19665,605,45,64,ptr,addrspacecast,pointer,0
19666,605,46,64,ptr,addrspacecast,pointer,0
19667,605,47,64,ptr,addrspacecast,pointer,0
19668,605,48,64,ptr,addrspacecast,pointer,0
19669,605,49,64,ptr,addrspacecast,pointer,0
19670,605,50,64,ptr,addrspacecast,pointer,0
19671,605,51,64,ptr,addrspacecast,pointer,0
19672,605,52,64,ptr,addrspacecast,pointer,0
19673,605,53,64,ptr,addrspacecast,pointer,0
19674,605,54,64,ptr,addrspacecast,pointer,0
19675,605,55,64,ptr,addrspacecast,pointer,0
19676,605,56,64,ptr,addrspacecast,pointer,0
19677,605,57,64,ptr,addrspacecast,pointer,0
19678,605,58,64,ptr,addrspacecast,pointer,0
19679,605,59,64,ptr,addrspacecast,pointer,0
19680,605,60,64,ptr,addrspacecast,pointer,0
19681,605,61,64,ptr,addrspacecast,pointer,0
19682,605,62,64,ptr,addrspacecast,pointer,0
19683,605,63,64,ptr,addrspacecast,pointer,0
19684,607,0,64,ptr,load,pointer,0
19685,607,1,64,ptr,load,pointer,0
19686,607,2,64,ptr,load,pointer,0
19687,607,3,64,ptr,load,pointer,0
19688,607,4,64,ptr,load,pointer,0
19689,607,5,64,ptr,load,pointer,0
19690,607,6,64,ptr,load,pointer,0
19691,607,7,64,ptr,load,pointer,0
19692,607,8,64,ptr,load,pointer,0
19693,607,9,64,ptr,load,pointer,0
19694,607,10,64,ptr,load,pointer,0
19695,607,11,64,ptr,load,pointer,0
19696,607,12,64,ptr,load,pointer,0
19697,607,13,64,ptr,load,pointer,0
19698,607,14,64,ptr,load,pointer,0
19699,607,15,64,ptr,load,pointer,0
19700,607,16,64,ptr,load,pointer,0
19701,607,17,64,ptr,load,pointer,0
19702,607,18,64,ptr,load,pointer,0
19703,607,19,64,ptr,load,pointer,0
19704,607,20,64,ptr,load,pointer,0
19705,607,21,64,ptr,load,pointer,0
19706,607,22,64,ptr,load,pointer,0
19707,607,23,64,ptr,load,pointer,0
19708,607,24,64,ptr,load,pointer,0
19709,607,25,64,ptr,load,pointer,0
19710,607,26,64,ptr,load,pointer,0
19711,607,27,64,ptr,load,pointer,0
19712,607,28,64,ptr,load,pointer,0
19713,607,29,64,ptr,load,pointer,0
19714,607,30,64,ptr,load,pointer,0
19715,607,31,64,ptr,load,pointer,0
19716,607,32,64,ptr,load,pointer,0
19717,607,33,64,ptr,load,pointer,0
19718,607,34,64,ptr,load,pointer,0
19719,607,35,64,ptr,load,pointer,0
19720,607,36,64,ptr,load,pointer,0
19721,607,37,64,ptr,load,pointer,0
19722,607,38,64,ptr,load,pointer,0
19723,607,39,64,ptr,load,pointer,0
19724,607,40,64,ptr,load,pointer,0
19725,607,41,64,ptr,load,pointer,0
19726,607,42,64,ptr,load,pointer,0
19727,607,43,64,ptr,load,pointer,0
19728,607,44,64,ptr,load,pointer,0
19729,607,45,64,ptr,load,pointer,0
19730,607,46,64,ptr,load,pointer,0
19731,607,47,64,ptr,load,pointer,0
19732,607,48,64,ptr,load,pointer,0
19733,607,49,64,ptr,load,pointer,0
19734,607,50,64,ptr,load,pointer,0
19735,607,51,64,ptr,load,pointer,0
19736,607,52,64,ptr,load,pointer,0
19737,607,53,64,ptr,load,pointer,0
19738,607,54,64,ptr,load,pointer,0
19739,607,55,64,ptr,load,pointer,0
19740,607,56,64,ptr,load,pointer,0
19741,607,57,64,ptr,load,pointer,0
19742,607,58,64,ptr,load,pointer,0
19743,607,59,64,ptr,load,pointer,0
19744,607,60,64,ptr,load,pointer,0
19745,607,61,64,ptr,load,pointer,0
19746,607,62,64,ptr,load,pointer,0
19747,607,63,64,ptr,load,pointer,0
19748,609,0,64,ptr,getelementptr,pointer,0
19749,609,1,64,ptr,getelementptr,pointer,0
19750,609,2,64,ptr,getelementptr,pointer,0
19751,609,3,64,ptr,getelementptr,pointer,0
19752,609,4,64,ptr,getelementptr,pointer,0
19753,609,5,64,ptr,getelementptr,pointer,0
19754,609,6,64,ptr,getelementptr,pointer,0
19755,609,7,64,ptr,getelementptr,pointer,0
19756,609,8,64,ptr,getelementptr,pointer,0
19757,609,9,64,ptr,getelementptr,pointer,0
19758,609,10,64,ptr,getelementptr,pointer,0
19759,609,11,64,ptr,getelementptr,pointer,0
19760,609,12,64,ptr,getelementptr,pointer,0
19761,609,13,64,ptr,getelementptr,pointer,0
19762,609,14,64,ptr,getelementptr,pointer,0
19763,609,15,64,ptr,getelementptr,pointer,0
19764,609,16,64,ptr,getelementptr,pointer,0
19765,609,17,64,ptr,getelementptr,pointer,0
19766,609,18,64,ptr,getelementptr,pointer,0
19767,609,19,64,ptr,getelementptr,pointer,0
19768,609,20,64,ptr,getelementptr,pointer,0
19769,609,21,64,ptr,getelementptr,pointer,0
19770,609,22,64,ptr,getelementptr,pointer,0
19771,609,23,64,ptr,getelementptr,pointer,0
19772,609,24,64,ptr,getelementptr,pointer,0
19773,609,25,64,ptr,getelementptr,pointer,0
19774,609,26,64,ptr,getelementptr,pointer,0
19775,609,27,64,ptr,getelementptr,pointer,0
19776,609,28,64,ptr,getelementptr,pointer,0
19777,609,29,64,ptr,getelementptr,pointer,0
19778,609,30,64,ptr,getelementptr,pointer,0
19779,609,31,64,ptr,getelementptr,pointer,0
19780,609,32,64,ptr,getelementptr,pointer,0
19781,609,33,64,ptr,getelementptr,pointer,0
19782,609,34,64,ptr,getelementptr,pointer,0
19783,609,35,64,ptr,getelementptr,pointer,0
19784,609,36,64,ptr,getelementptr,pointer,0
19785,609,37,64,ptr,getelementptr,pointer,0
19786,609,38,64,ptr,getelementptr,pointer,0
19787,609,39,64,ptr,getelementptr,pointer,0
19788,609,40,64,ptr,getelementptr,pointer,0
19789,609,41,64,ptr,getelementptr,pointer,0
19790,609,42,64,ptr,getelementptr,pointer,0
19791,609,43,64,ptr,getelementptr,pointer,0
19792,609,44,64,ptr,getelementptr,pointer,0
19793,609,45,64,ptr,getelementptr,pointer,0
19794,609,46,64,ptr,getelementptr,pointer,0
19795,609,47,64,ptr,getelementptr,pointer,0
19796,609,48,64,ptr,getelementptr,pointer,0
19797,609,49,64,ptr,getelementptr,pointer,0
19798,609,50,64,ptr,getelementptr,pointer,0
19799,609,51,64,ptr,getelementptr,pointer,0
19800,609,52,64,ptr,getelementptr,pointer,0
19801,609,53,64,ptr,getelementptr,pointer,0
19802,609,54,64,ptr,getelementptr,pointer,0
19803,609,55,64,ptr,getelementptr,pointer,0
19804,609,56,64,ptr,getelementptr,pointer,0
19805,609,57,64,ptr,getelementptr,pointer,0
19806,609,58,64,ptr,getelementptr,pointer,0
19807,609,59,64,ptr,getelementptr,pointer,0
19808,609,60,64,ptr,getelementptr,pointer,0
19809,609,61,64,ptr,getelementptr,pointer,0
19810,609,62,64,ptr,getelementptr,pointer,0
19811,609,63,64,ptr,getelementptr,pointer,0
19812,611,0,64,ptr,load,pointer,0
19813,611,1,64,ptr,load,pointer,0
19814,611,2,64,ptr,load,pointer,0
19815,611,3,64,ptr,load,pointer,0
19816,611,4,64,ptr,load,pointer,0
19817,611,5,64,ptr,load,pointer,0
19818,611,6,64,ptr,load,pointer,0
19819,611,7,64,ptr,load,pointer,0
19820,611,8,64,ptr,load,pointer,0
19821,611,9,64,ptr,load,pointer,0
19822,611,10,64,ptr,load,pointer,0
19823,611,11,64,ptr,load,pointer,0
19824,611,12,64,ptr,load,pointer,0
19825,611,13,64,ptr,load,pointer,0
19826,611,14,64,ptr,load,pointer,0
19827,611,15,64,ptr,load,pointer,0
19828,611,16,64,ptr,load,pointer,0
19829,611,17,64,ptr,load,pointer,0
19830,611,18,64,ptr,load,pointer,0
19831,611,19,64,ptr,load,pointer,0
19832,611,20,64,ptr,load,pointer,0
19833,611,21,64,ptr,load,pointer,0
19834,611,22,64,ptr,load,pointer,0
19835,611,23,64,ptr,load,pointer,0
19836,611,24,64,ptr,load,pointer,0
19837,611,25,64,ptr,load,pointer,0
19838,611,26,64,ptr,load,pointer,0
19839,611,27,64,ptr,load,pointer,0
19840,611,28,64,ptr,load,pointer,0
19841,611,29,64,ptr,load,pointer,0
19842,611,30,64,ptr,load,pointer,0
19843,611,31,64,ptr,load,pointer,0
19844,611,32,64,ptr,load,pointer,0
19845,611,33,64,ptr,load,pointer,0
19846,611,34,64,ptr,load,pointer,0
19847,611,35,64,ptr,load,pointer,0
19848,611,36,64,ptr,load,pointer,0
19849,611,37,64,ptr,load,pointer,0
19850,611,38,64,ptr,load,pointer,0
19851,611,39,64,ptr,load,pointer,0
19852,611,40,64,ptr,load,pointer,0
19853,611,41,64,ptr,load,pointer,0
19854,611,42,64,ptr,load,pointer,0
19855,611,43,64,ptr,load,pointer,0
19856,611,44,64,ptr,load,pointer,0
19857,611,45,64,ptr,load,pointer,0
19858,611,46,64,ptr,load,pointer,0
19859,611,47,64,ptr,load,pointer,0
19860,611,48,64,ptr,load,pointer,0
19861,611,49,64,ptr,load,pointer,0
19862,611,50,64,ptr,load,pointer,0
19863,611,51,64,ptr,load,pointer,0
19864,611,52,64,ptr,load,pointer,0
19865,611,53,64,ptr,load,pointer,0
19866,611,54,64,ptr,load,pointer,0
19867,611,55,64,ptr,load,pointer,0
19868,611,56,64,ptr,load,pointer,0
19869,611,57,64,ptr,load,pointer,0
19870,611,58,64,ptr,load,pointer,0
19871,611,59,64,ptr,load,pointer,0
19872,611,60,64,ptr,load,pointer,0
19873,611,61,64,ptr,load,pointer,0
19874,611,62,64,ptr,load,pointer,0
19875,611,63,64,ptr,load,pointer,0
19876,613,0,64,ptr,getelementptr,pointer,0
19877,613,1,64,ptr,getelementptr,pointer,0
19878,613,2,64,ptr,getelementptr,pointer,0
19879,613,3,64,ptr,getelementptr,pointer,0
19880,613,4,64,ptr,getelementptr,pointer,0
19881,613,5,64,ptr,getelementptr,pointer,0
19882,613,6,64,ptr,getelementptr,pointer,0
19883,613,7,64,ptr,getelementptr,pointer,0
19884,613,8,64,ptr,getelementptr,pointer,0
19885,613,9,64,ptr,getelementptr,pointer,0
19886,613,10,64,ptr,getelementptr,pointer,0
19887,613,11,64,ptr,getelementptr,pointer,0
19888,613,12,64,ptr,getelementptr,pointer,0
19889,613,13,64,ptr,getelementptr,pointer,0
19890,613,14,64,ptr,getelementptr,pointer,0
19891,613,15,64,ptr,getelementptr,pointer,0
19892,613,16,64,ptr,getelementptr,pointer,0
19893,613,17,64,ptr,getelementptr,pointer,0
19894,613,18,64,ptr,getelementptr,pointer,0
19895,613,19,64,ptr,getelementptr,pointer,0
19896,613,20,64,ptr,getelementptr,pointer,0
19897,613,21,64,ptr,getelementptr,pointer,0
19898,613,22,64,ptr,getelementptr,pointer,0
19899,613,23,64,ptr,getelementptr,pointer,0
19900,613,24,64,ptr,getelementptr,pointer,0
19901,613,25,64,ptr,getelementptr,pointer,0
19902,613,26,64,ptr,getelementptr,pointer,0
19903,613,27,64,ptr,getelementptr,pointer,0
19904,613,28,64,ptr,getelementptr,pointer,0
19905,613,29,64,ptr,getelementptr,pointer,0
19906,613,30,64,ptr,getelementptr,pointer,0
19907,613,31,64,ptr,getelementptr,pointer,0
19908,613,32,64,ptr,getelementptr,pointer,0
19909,613,33,64,ptr,getelementptr,pointer,0
19910,613,34,64,ptr,getelementptr,pointer,0
19911,613,35,64,ptr,getelementptr,pointer,0
19912,613,36,64,ptr,getelementptr,pointer,0
19913,613,37,64,ptr,getelementptr,pointer,0
19914,613,38,64,ptr,getelementptr,pointer,0
19915,613,39,64,ptr,getelementptr,pointer,0
19916,613,40,64,ptr,getelementptr,pointer,0
19917,613,41,64,ptr,getelementptr,pointer,0
19918,613,42,64,ptr,getelementptr,pointer,0
19919,613,43,64,ptr,getelementptr,pointer,0
19920,613,44,64,ptr,getelementptr,pointer,0
19921,613,45,64,ptr,getelementptr,pointer,0
19922,613,46,64,ptr,getelementptr,pointer,0
19923,613,47,64,ptr,getelementptr,pointer,0
19924,613,48,64,ptr,getelementptr,pointer,0
19925,613,49,64,ptr,getelementptr,pointer,0
19926,613,50,64,ptr,getelementptr,pointer,0
19927,613,51,64,ptr,getelementptr,pointer,0
19928,613,52,64,ptr,getelementptr,pointer,0
19929,613,53,64,ptr,getelementptr,pointer,0
19930,613,54,64,ptr,getelementptr,pointer,0
19931,613,55,64,ptr,getelementptr,pointer,0
19932,613,56,64,ptr,getelementptr,pointer,0
19933,613,57,64,ptr,getelementptr,pointer,0
19934,613,58,64,ptr,getelementptr,pointer,0
19935,613,59,64,ptr,getelementptr,pointer,0
19936,613,60,64,ptr,getelementptr,pointer,0
19937,613,61,64,ptr,getelementptr,pointer,0
19938,613,62,64,ptr,getelementptr,pointer,0
19939,613,63,64,ptr,getelementptr,pointer,0
19940,615,0,64,ptr,load,pointer,0
19941,615,1,64,ptr,load,pointer,0
19942,615,2,64,ptr,load,pointer,0
19943,615,3,64,ptr,load,pointer,0
19944,615,4,64,ptr,load,pointer,0
19945,615,5,64,ptr,load,pointer,0
19946,615,6,64,ptr,load,pointer,0
19947,615,7,64,ptr,load,pointer,0
19948,615,8,64,ptr,load,pointer,0
19949,615,9,64,ptr,load,pointer,0
19950,615,10,64,ptr,load,pointer,0
19951,615,11,64,ptr,load,pointer,0
19952,615,12,64,ptr,load,pointer,0
19953,615,13,64,ptr,load,pointer,0
19954,615,14,64,ptr,load,pointer,0
19955,615,15,64,ptr,load,pointer,0
19956,615,16,64,ptr,load,pointer,0
19957,615,17,64,ptr,load,pointer,0
19958,615,18,64,ptr,load,pointer,0
19959,615,19,64,ptr,load,pointer,0
19960,615,20,64,ptr,load,pointer,0
19961,615,21,64,ptr,load,pointer,0
19962,615,22,64,ptr,load,pointer,0
19963,615,23,64,ptr,load,pointer,0
19964,615,24,64,ptr,load,pointer,0
19965,615,25,64,ptr,load,pointer,0
19966,615,26,64,ptr,load,pointer,0
19967,615,27,64,ptr,load,pointer,0
19968,615,28,64,ptr,load,pointer,0
19969,615,29,64,ptr,load,pointer,0
19970,615,30,64,ptr,load,pointer,0
19971,615,31,64,ptr,load,pointer,0
19972,615,32,64,ptr,load,pointer,0
19973,615,33,64,ptr,load,pointer,0
19974,615,34,64,ptr,load,pointer,0
19975,615,35,64,ptr,load,pointer,0
19976,615,36,64,ptr,load,pointer,0
19977,615,37,64,ptr,load,pointer,0
19978,615,38,64,ptr,load,pointer,0
19979,615,39,64,ptr,load,pointer,0
19980,615,40,64,ptr,load,pointer,0
19981,615,41,64,ptr,load,pointer,0
19982,615,42,64,ptr,load,pointer,0
19983,615,43,64,ptr,load,pointer,0
19984,615,44,64,ptr,load,pointer,0
19985,615,45,64,ptr,load,pointer,0
19986,615,46,64,ptr,load,pointer,0
19987,615,47,64,ptr,load,pointer,0
19988,615,48,64,ptr,load,pointer,0
19989,615,49,64,ptr,load,pointer,0
19990,615,50,64,ptr,load,pointer,0
19991,615,51,64,ptr,load,pointer,0
19992,615,52,64,ptr,load,pointer,0
19993,615,53,64,ptr,load,pointer,0
19994,615,54,64,ptr,load,pointer,0
19995,615,55,64,ptr,load,pointer,0
19996,615,56,64,ptr,load,pointer,0
19997,615,57,64,ptr,load,pointer,0
19998,615,58,64,ptr,load,pointer,0
19999,615,59,64,ptr,load,pointer,0
20000,615,60,64,ptr,load,pointer,0
20001,615,61,64,ptr,load,pointer,0
20002,615,62,64,ptr,load,pointer,0
20003,615,63,64,ptr,load,pointer,0
20004,617,0,64,ptr,getelementptr,pointer,0
20005,617,1,64,ptr,getelementptr,pointer,0
20006,617,2,64,ptr,getelementptr,pointer,0
20007,617,3,64,ptr,getelementptr,pointer,0
20008,617,4,64,ptr,getelementptr,pointer,0
20009,617,5,64,ptr,getelementptr,pointer,0
20010,617,6,64,ptr,getelementptr,pointer,0
20011,617,7,64,ptr,getelementptr,pointer,0
20012,617,8,64,ptr,getelementptr,pointer,0
20013,617,9,64,ptr,getelementptr,pointer,0
20014,617,10,64,ptr,getelementptr,pointer,0
20015,617,11,64,ptr,getelementptr,pointer,0
20016,617,12,64,ptr,getelementptr,pointer,0
20017,617,13,64,ptr,getelementptr,pointer,0
20018,617,14,64,ptr,getelementptr,pointer,0
20019,617,15,64,ptr,getelementptr,pointer,0
20020,617,16,64,ptr,getelementptr,pointer,0
20021,617,17,64,ptr,getelementptr,pointer,0
20022,617,18,64,ptr,getelementptr,pointer,0
20023,617,19,64,ptr,getelementptr,pointer,0
20024,617,20,64,ptr,getelementptr,pointer,0
20025,617,21,64,ptr,getelementptr,pointer,0
20026,617,22,64,ptr,getelementptr,pointer,0
20027,617,23,64,ptr,getelementptr,pointer,0
20028,617,24,64,ptr,getelementptr,pointer,0
20029,617,25,64,ptr,getelementptr,pointer,0
20030,617,26,64,ptr,getelementptr,pointer,0
20031,617,27,64,ptr,getelementptr,pointer,0
20032,617,28,64,ptr,getelementptr,pointer,0
20033,617,29,64,ptr,getelementptr,pointer,0
20034,617,30,64,ptr,getelementptr,pointer,0
20035,617,31,64,ptr,getelementptr,pointer,0
20036,617,32,64,ptr,getelementptr,pointer,0
20037,617,33,64,ptr,getelementptr,pointer,0
20038,617,34,64,ptr,getelementptr,pointer,0
20039,617,35,64,ptr,getelementptr,pointer,0
20040,617,36,64,ptr,getelementptr,pointer,0
20041,617,37,64,ptr,getelementptr,pointer,0
20042,617,38,64,ptr,getelementptr,pointer,0
20043,617,39,64,ptr,getelementptr,pointer,0
20044,617,40,64,ptr,getelementptr,pointer,0
20045,617,41,64,ptr,getelementptr,pointer,0
20046,617,42,64,ptr,getelementptr,pointer,0
20047,617,43,64,ptr,getelementptr,pointer,0
20048,617,44,64,ptr,getelementptr,pointer,0
20049,617,45,64,ptr,getelementptr,pointer,0
20050,617,46,64,ptr,getelementptr,pointer,0
20051,617,47,64,ptr,getelementptr,pointer,0
20052,617,48,64,ptr,getelementptr,pointer,0
20053,617,49,64,ptr,getelementptr,pointer,0
20054,617,50,64,ptr,getelementptr,pointer,0
20055,617,51,64,ptr,getelementptr,pointer,0
20056,617,52,64,ptr,getelementptr,pointer,0
20057,617,53,64,ptr,getelementptr,pointer,0
20058,617,54,64,ptr,getelementptr,pointer,0
20059,617,55,64,ptr,getelementptr,pointer,0
20060,617,56,64,ptr,getelementptr,pointer,0
20061,617,57,64,ptr,getelementptr,pointer,0
20062,617,58,64,ptr,getelementptr,pointer,0
20063,617,59,64,ptr,getelementptr,pointer,0
20064,617,60,64,ptr,getelementptr,pointer,0
20065,617,61,64,ptr,getelementptr,pointer,0
20066,617,62,64,ptr,getelementptr,pointer,0
20067,617,63,64,ptr,getelementptr,pointer,0
20068,619,0,64,ptr,getelementptr,pointer,0
20069,619,1,64,ptr,getelementptr,pointer,0
20070,619,2,64,ptr,getelementptr,pointer,0
20071,619,3,64,ptr,getelementptr,pointer,0
20072,619,4,64,ptr,getelementptr,pointer,0
20073,619,5,64,ptr,getelementptr,pointer,0
20074,619,6,64,ptr,getelementptr,pointer,0
20075,619,7,64,ptr,getelementptr,pointer,0
20076,619,8,64,ptr,getelementptr,pointer,0
20077,619,9,64,ptr,getelementptr,pointer,0
20078,619,10,64,ptr,getelementptr,pointer,0
20079,619,11,64,ptr,getelementptr,pointer,0
20080,619,12,64,ptr,getelementptr,pointer,0
20081,619,13,64,ptr,getelementptr,pointer,0
20082,619,14,64,ptr,getelementptr,pointer,0
20083,619,15,64,ptr,getelementptr,pointer,0
20084,619,16,64,ptr,getelementptr,pointer,0
20085,619,17,64,ptr,getelementptr,pointer,0
20086,619,18,64,ptr,getelementptr,pointer,0
20087,619,19,64,ptr,getelementptr,pointer,0
20088,619,20,64,ptr,getelementptr,pointer,0
20089,619,21,64,ptr,getelementptr,pointer,0
20090,619,22,64,ptr,getelementptr,pointer,0
20091,619,23,64,ptr,getelementptr,pointer,0
20092,619,24,64,ptr,getelementptr,pointer,0
20093,619,25,64,ptr,getelementptr,pointer,0
20094,619,26,64,ptr,getelementptr,pointer,0
20095,619,27,64,ptr,getelementptr,pointer,0
20096,619,28,64,ptr,getelementptr,pointer,0
20097,619,29,64,ptr,getelementptr,pointer,0
20098,619,30,64,ptr,getelementptr,pointer,0
20099,619,31,64,ptr,getelementptr,pointer,0
20100,619,32,64,ptr,getelementptr,pointer,0
20101,619,33,64,ptr,getelementptr,pointer,0
20102,619,34,64,ptr,getelementptr,pointer,0
20103,619,35,64,ptr,getelementptr,pointer,0
20104,619,36,64,ptr,getelementptr,pointer,0
20105,619,37,64,ptr,getelementptr,pointer,0
20106,619,38,64,ptr,getelementptr,pointer,0
20107,619,39,64,ptr,getelementptr,pointer,0
20108,619,40,64,ptr,getelementptr,pointer,0
20109,619,41,64,ptr,getelementptr,pointer,0
20110,619,42,64,ptr,getelementptr,pointer,0
20111,619,43,64,ptr,getelementptr,pointer,0
20112,619,44,64,ptr,getelementptr,pointer,0
20113,619,45,64,ptr,getelementptr,pointer,0
20114,619,46,64,ptr,getelementptr,pointer,0
20115,619,47,64,ptr,getelementptr,pointer,0
20116,619,48,64,ptr,getelementptr,pointer,0
20117,619,49,64,ptr,getelementptr,pointer,0
20118,619,50,64,ptr,getelementptr,pointer,0
20119,619,51,64,ptr,getelementptr,pointer,0
20120,619,52,64,ptr,getelementptr,pointer,0
20121,619,53,64,ptr,getelementptr,pointer,0
20122,619,54,64,ptr,getelementptr,pointer,0
20123,619,55,64,ptr,getelementptr,pointer,0
20124,619,56,64,ptr,getelementptr,pointer,0
20125,619,57,64,ptr,getelementptr,pointer,0
20126,619,58,64,ptr,getelementptr,pointer,0
20127,619,59,64,ptr,getelementptr,pointer,0
20128,619,60,64,ptr,getelementptr,pointer,0
20129,619,61,64,ptr,getelementptr,pointer,0
20130,619,62,64,ptr,getelementptr,pointer,0
20131,619,63,64,ptr,getelementptr,pointer,0
20132,621,0,64,ptr,load,pointer,0
20133,621,1,64,ptr,load,pointer,0
20134,621,2,64,ptr,load,pointer,0
20135,621,3,64,ptr,load,pointer,0
20136,621,4,64,ptr,load,pointer,0
20137,621,5,64,ptr,load,pointer,0
20138,621,6,64,ptr,load,pointer,0
20139,621,7,64,ptr,load,pointer,0
20140,621,8,64,ptr,load,pointer,0
20141,621,9,64,ptr,load,pointer,0
20142,621,10,64,ptr,load,pointer,0
20143,621,11,64,ptr,load,pointer,0
20144,621,12,64,ptr,load,pointer,0
20145,621,13,64,ptr,load,pointer,0
20146,621,14,64,ptr,load,pointer,0
20147,621,15,64,ptr,load,pointer,0
20148,621,16,64,ptr,load,pointer,0
20149,621,17,64,ptr,load,pointer,0
20150,621,18,64,ptr,load,pointer,0
20151,621,19,64,ptr,load,pointer,0
20152,621,20,64,ptr,load,pointer,0
20153,621,21,64,ptr,load,pointer,0
20154,621,22,64,ptr,load,pointer,0
20155,621,23,64,ptr,load,pointer,0
20156,621,24,64,ptr,load,pointer,0
20157,621,25,64,ptr,load,pointer,0
20158,621,26,64,ptr,load,pointer,0
20159,621,27,64,ptr,load,pointer,0
20160,621,28,64,ptr,load,pointer,0
20161,621,29,64,ptr,load,pointer,0
20162,621,30,64,ptr,load,pointer,0
20163,621,31,64,ptr,load,pointer,0
20164,621,32,64,ptr,load,pointer,0
20165,621,33,64,ptr,load,pointer,0
20166,621,34,64,ptr,load,pointer,0
20167,621,35,64,ptr,load,pointer,0
20168,621,36,64,ptr,load,pointer,0
20169,621,37,64,ptr,load,pointer,0
20170,621,38,64,ptr,load,pointer,0
20171,621,39,64,ptr,load,pointer,0
20172,621,40,64,ptr,load,pointer,0
20173,621,41,64,ptr,load,pointer,0
20174,621,42,64,ptr,load,pointer,0
20175,621,43,64,ptr,load,pointer,0
20176,621,44,64,ptr,load,pointer,0
20177,621,45,64,ptr,load,pointer,0
20178,621,46,64,ptr,load,pointer,0
20179,621,47,64,ptr,load,pointer,0
20180,621,48,64,ptr,load,pointer,0
20181,621,49,64,ptr,load,pointer,0
20182,621,50,64,ptr,load,pointer,0
20183,621,51,64,ptr,load,pointer,0
20184,621,52,64,ptr,load,pointer,0
20185,621,53,64,ptr,load,pointer,0
20186,621,54,64,ptr,load,pointer,0
20187,621,55,64,ptr,load,pointer,0
20188,621,56,64,ptr,load,pointer,0
20189,621,57,64,ptr,load,pointer,0
20190,621,58,64,ptr,load,pointer,0
20191,621,59,64,ptr,load,pointer,0
20192,621,60,64,ptr,load,pointer,0
20193,621,61,64,ptr,load,pointer,0
20194,621,62,64,ptr,load,pointer,0
20195,621,63,64,ptr,load,pointer,0
20196,627,0,64,ptr,addrspacecast,pointer,0
20197,627,1,64,ptr,addrspacecast,pointer,0
20198,627,2,64,ptr,addrspacecast,pointer,0
20199,627,3,64,ptr,addrspacecast,pointer,0
20200,627,4,64,ptr,addrspacecast,pointer,0
20201,627,5,64,ptr,addrspacecast,pointer,0
20202,627,6,64,ptr,addrspacecast,pointer,0
20203,627,7,64,ptr,addrspacecast,pointer,0
20204,627,8,64,ptr,addrspacecast,pointer,0
20205,627,9,64,ptr,addrspacecast,pointer,0
20206,627,10,64,ptr,addrspacecast,pointer,0
20207,627,11,64,ptr,addrspacecast,pointer,0
20208,627,12,64,ptr,addrspacecast,pointer,0
20209,627,13,64,ptr,addrspacecast,pointer,0
20210,627,14,64,ptr,addrspacecast,pointer,0
20211,627,15,64,ptr,addrspacecast,pointer,0
20212,627,16,64,ptr,addrspacecast,pointer,0
20213,627,17,64,ptr,addrspacecast,pointer,0
20214,627,18,64,ptr,addrspacecast,pointer,0
20215,627,19,64,ptr,addrspacecast,pointer,0
20216,627,20,64,ptr,addrspacecast,pointer,0
20217,627,21,64,ptr,addrspacecast,pointer,0
20218,627,22,64,ptr,addrspacecast,pointer,0
20219,627,23,64,ptr,addrspacecast,pointer,0
20220,627,24,64,ptr,addrspacecast,pointer,0
20221,627,25,64,ptr,addrspacecast,pointer,0
20222,627,26,64,ptr,addrspacecast,pointer,0
20223,627,27,64,ptr,addrspacecast,pointer,0
20224,627,28,64,ptr,addrspacecast,pointer,0
20225,627,29,64,ptr,addrspacecast,pointer,0
20226,627,30,64,ptr,addrspacecast,pointer,0
20227,627,31,64,ptr,addrspacecast,pointer,0
20228,627,32,64,ptr,addrspacecast,pointer,0
20229,627,33,64,ptr,addrspacecast,pointer,0
20230,627,34,64,ptr,addrspacecast,pointer,0
20231,627,35,64,ptr,addrspacecast,pointer,0
20232,627,36,64,ptr,addrspacecast,pointer,0
20233,627,37,64,ptr,addrspacecast,pointer,0
20234,627,38,64,ptr,addrspacecast,pointer,0
20235,627,39,64,ptr,addrspacecast,pointer,0
20236,627,40,64,ptr,addrspacecast,pointer,0
20237,627,41,64,ptr,addrspacecast,pointer,0
20238,627,42,64,ptr,addrspacecast,pointer,0
20239,627,43,64,ptr,addrspacecast,pointer,0
20240,627,44,64,ptr,addrspacecast,pointer,0
20241,627,45,64,ptr,addrspacecast,pointer,0
20242,627,46,64,ptr,addrspacecast,pointer,0
20243,627,47,64,ptr,addrspacecast,pointer,0
20244,627,48,64,ptr,addrspacecast,pointer,0
20245,627,49,64,ptr,addrspacecast,pointer,0
20246,627,50,64,ptr,addrspacecast,pointer,0
20247,627,51,64,ptr,addrspacecast,pointer,0
20248,627,52,64,ptr,addrspacecast,pointer,0
20249,627,53,64,ptr,addrspacecast,pointer,0
20250,627,54,64,ptr,addrspacecast,pointer,0
20251,627,55,64,ptr,addrspacecast,pointer,0
20252,627,56,64,ptr,addrspacecast,pointer,0
20253,627,57,64,ptr,addrspacecast,pointer,0
20254,627,58,64,ptr,addrspacecast,pointer,0
20255,627,59,64,ptr,addrspacecast,pointer,0
20256,627,60,64,ptr,addrspacecast,pointer,0
20257,627,61,64,ptr,addrspacecast,pointer,0
20258,627,62,64,ptr,addrspacecast,pointer,0
20259,627,63,64,ptr,addrspacecast,pointer,0
20260,629,0,64,ptr,addrspacecast,pointer,0
20261,629,1,64,ptr,addrspacecast,pointer,0
20262,629,2,64,ptr,addrspacecast,pointer,0
20263,629,3,64,ptr,addrspacecast,pointer,0
20264,629,4,64,ptr,addrspacecast,pointer,0
20265,629,5,64,ptr,addrspacecast,pointer,0
20266,629,6,64,ptr,addrspacecast,pointer,0
20267,629,7,64,ptr,addrspacecast,pointer,0
20268,629,8,64,ptr,addrspacecast,pointer,0
20269,629,9,64,ptr,addrspacecast,pointer,0
20270,629,10,64,ptr,addrspacecast,pointer,0
20271,629,11,64,ptr,addrspacecast,pointer,0
20272,629,12,64,ptr,addrspacecast,pointer,0
20273,629,13,64,ptr,addrspacecast,pointer,0
20274,629,14,64,ptr,addrspacecast,pointer,0
20275,629,15,64,ptr,addrspacecast,pointer,0
20276,629,16,64,ptr,addrspacecast,pointer,0
20277,629,17,64,ptr,addrspacecast,pointer,0
20278,629,18,64,ptr,addrspacecast,pointer,0
20279,629,19,64,ptr,addrspacecast,pointer,0
20280,629,20,64,ptr,addrspacecast,pointer,0
20281,629,21,64,ptr,addrspacecast,pointer,0
20282,629,22,64,ptr,addrspacecast,pointer,0
20283,629,23,64,ptr,addrspacecast,pointer,0
20284,629,24,64,ptr,addrspacecast,pointer,0
20285,629,25,64,ptr,addrspacecast,pointer,0
20286,629,26,64,ptr,addrspacecast,pointer,0
20287,629,27,64,ptr,addrspacecast,pointer,0
20288,629,28,64,ptr,addrspacecast,pointer,0
20289,629,29,64,ptr,addrspacecast,pointer,0
20290,629,30,64,ptr,addrspacecast,pointer,0
20291,629,31,64,ptr,addrspacecast,pointer,0
20292,629,32,64,ptr,addrspacecast,pointer,0
20293,629,33,64,ptr,addrspacecast,pointer,0
20294,629,34,64,ptr,addrspacecast,pointer,0
20295,629,35,64,ptr,addrspacecast,pointer,0
20296,629,36,64,ptr,addrspacecast,pointer,0
20297,629,37,64,ptr,addrspacecast,pointer,0
20298,629,38,64,ptr,addrspacecast,pointer,0
20299,629,39,64,ptr,addrspacecast,pointer,0
20300,629,40,64,ptr,addrspacecast,pointer,0
20301,629,41,64,ptr,addrspacecast,pointer,0
20302,629,42,64,ptr,addrspacecast,pointer,0
20303,629,43,64,ptr,addrspacecast,pointer,0
20304,629,44,64,ptr,addrspacecast,pointer,0
20305,629,45,64,ptr,addrspacecast,pointer,0
20306,629,46,64,ptr,addrspacecast,pointer,0
20307,629,47,64,ptr,addrspacecast,pointer,0
20308,629,48,64,ptr,addrspacecast,pointer,0
20309,629,49,64,ptr,addrspacecast,pointer,0
20310,629,50,64,ptr,addrspacecast,pointer,0
20311,629,51,64,ptr,addrspacecast,pointer,0
20312,629,52,64,ptr,addrspacecast,pointer,0
20313,629,53,64,ptr,addrspacecast,pointer,0
20314,629,54,64,ptr,addrspacecast,pointer,0
20315,629,55,64,ptr,addrspacecast,pointer,0
20316,629,56,64,ptr,addrspacecast,pointer,0
20317,629,57,64,ptr,addrspacecast,pointer,0
20318,629,58,64,ptr,addrspacecast,pointer,0
20319,629,59,64,ptr,addrspacecast,pointer,0
20320,629,60,64,ptr,addrspacecast,pointer,0
20321,629,61,64,ptr,addrspacecast,pointer,0
20322,629,62,64,ptr,addrspacecast,pointer,0
20323,629,63,64,ptr,addrspacecast,pointer,0
20324,631,0,64,ptr,addrspacecast,pointer,0
20325,631,1,64,ptr,addrspacecast,pointer,0
20326,631,2,64,ptr,addrspacecast,pointer,0
20327,631,3,64,ptr,addrspacecast,pointer,0
20328,631,4,64,ptr,addrspacecast,pointer,0
20329,631,5,64,ptr,addrspacecast,pointer,0
20330,631,6,64,ptr,addrspacecast,pointer,0
20331,631,7,64,ptr,addrspacecast,pointer,0
20332,631,8,64,ptr,addrspacecast,pointer,0
20333,631,9,64,ptr,addrspacecast,pointer,0
20334,631,10,64,ptr,addrspacecast,pointer,0
20335,631,11,64,ptr,addrspacecast,pointer,0
20336,631,12,64,ptr,addrspacecast,pointer,0
20337,631,13,64,ptr,addrspacecast,pointer,0
20338,631,14,64,ptr,addrspacecast,pointer,0
20339,631,15,64,ptr,addrspacecast,pointer,0
20340,631,16,64,ptr,addrspacecast,pointer,0
20341,631,17,64,ptr,addrspacecast,pointer,0
20342,631,18,64,ptr,addrspacecast,pointer,0
20343,631,19,64,ptr,addrspacecast,pointer,0
20344,631,20,64,ptr,addrspacecast,pointer,0
20345,631,21,64,ptr,addrspacecast,pointer,0
20346,631,22,64,ptr,addrspacecast,pointer,0
20347,631,23,64,ptr,addrspacecast,pointer,0
20348,631,24,64,ptr,addrspacecast,pointer,0
20349,631,25,64,ptr,addrspacecast,pointer,0
20350,631,26,64,ptr,addrspacecast,pointer,0
20351,631,27,64,ptr,addrspacecast,pointer,0
20352,631,28,64,ptr,addrspacecast,pointer,0
20353,631,29,64,ptr,addrspacecast,pointer,0
20354,631,30,64,ptr,addrspacecast,pointer,0
20355,631,31,64,ptr,addrspacecast,pointer,0
20356,631,32,64,ptr,addrspacecast,pointer,0
20357,631,33,64,ptr,addrspacecast,pointer,0
20358,631,34,64,ptr,addrspacecast,pointer,0
20359,631,35,64,ptr,addrspacecast,pointer,0
20360,631,36,64,ptr,addrspacecast,pointer,0
20361,631,37,64,ptr,addrspacecast,pointer,0
20362,631,38,64,ptr,addrspacecast,pointer,0
20363,631,39,64,ptr,addrspacecast,pointer,0
20364,631,40,64,ptr,addrspacecast,pointer,0
20365,631,41,64,ptr,addrspacecast,pointer,0
20366,631,42,64,ptr,addrspacecast,pointer,0
20367,631,43,64,ptr,addrspacecast,pointer,0
20368,631,44,64,ptr,addrspacecast,pointer,0
20369,631,45,64,ptr,addrspacecast,pointer,0
20370,631,46,64,ptr,addrspacecast,pointer,0
20371,631,47,64,ptr,addrspacecast,pointer,0
20372,631,48,64,ptr,addrspacecast,pointer,0
20373,631,49,64,ptr,addrspacecast,pointer,0
20374,631,50,64,ptr,addrspacecast,pointer,0
20375,631,51,64,ptr,addrspacecast,pointer,0
20376,631,52,64,ptr,addrspacecast,pointer,0
20377,631,53,64,ptr,addrspacecast,pointer,0
20378,631,54,64,ptr,addrspacecast,pointer,0
20379,631,55,64,ptr,addrspacecast,pointer,0
20380,631,56,64,ptr,addrspacecast,pointer,0
20381,631,57,64,ptr,addrspacecast,pointer,0
20382,631,58,64,ptr,addrspacecast,pointer,0
20383,631,59,64,ptr,addrspacecast,pointer,0
20384,631,60,64,ptr,addrspacecast,pointer,0
20385,631,61,64,ptr,addrspacecast,pointer,0
20386,631,62,64,ptr,addrspacecast,pointer,0
20387,631,63,64,ptr,addrspacecast,pointer,0
20388,633,0,64,ptr,addrspacecast,pointer,0
20389,633,1,64,ptr,addrspacecast,pointer,0
20390,633,2,64,ptr,addrspacecast,pointer,0
20391,633,3,64,ptr,addrspacecast,pointer,0
20392,633,4,64,ptr,addrspacecast,pointer,0
20393,633,5,64,ptr,addrspacecast,pointer,0
20394,633,6,64,ptr,addrspacecast,pointer,0
20395,633,7,64,ptr,addrspacecast,pointer,0
20396,633,8,64,ptr,addrspacecast,pointer,0
20397,633,9,64,ptr,addrspacecast,pointer,0
20398,633,10,64,ptr,addrspacecast,pointer,0
20399,633,11,64,ptr,addrspacecast,pointer,0
20400,633,12,64,ptr,addrspacecast,pointer,0
20401,633,13,64,ptr,addrspacecast,pointer,0
20402,633,14,64,ptr,addrspacecast,pointer,0
20403,633,15,64,ptr,addrspacecast,pointer,0
20404,633,16,64,ptr,addrspacecast,pointer,0
20405,633,17,64,ptr,addrspacecast,pointer,0
20406,633,18,64,ptr,addrspacecast,pointer,0
20407,633,19,64,ptr,addrspacecast,pointer,0
20408,633,20,64,ptr,addrspacecast,pointer,0
20409,633,21,64,ptr,addrspacecast,pointer,0
20410,633,22,64,ptr,addrspacecast,pointer,0
20411,633,23,64,ptr,addrspacecast,pointer,0
20412,633,24,64,ptr,addrspacecast,pointer,0
20413,633,25,64,ptr,addrspacecast,pointer,0
20414,633,26,64,ptr,addrspacecast,pointer,0
20415,633,27,64,ptr,addrspacecast,pointer,0
20416,633,28,64,ptr,addrspacecast,pointer,0
20417,633,29,64,ptr,addrspacecast,pointer,0
20418,633,30,64,ptr,addrspacecast,pointer,0
20419,633,31,64,ptr,addrspacecast,pointer,0
20420,633,32,64,ptr,addrspacecast,pointer,0
20421,633,33,64,ptr,addrspacecast,pointer,0
20422,633,34,64,ptr,addrspacecast,pointer,0
20423,633,35,64,ptr,addrspacecast,pointer,0
20424,633,36,64,ptr,addrspacecast,pointer,0
20425,633,37,64,ptr,addrspacecast,pointer,0
20426,633,38,64,ptr,addrspacecast,pointer,0
20427,633,39,64,ptr,addrspacecast,pointer,0
20428,633,40,64,ptr,addrspacecast,pointer,0
20429,633,41,64,ptr,addrspacecast,pointer,0
20430,633,42,64,ptr,addrspacecast,pointer,0
20431,633,43,64,ptr,addrspacecast,pointer,0
20432,633,44,64,ptr,addrspacecast,pointer,0
20433,633,45,64,ptr,addrspacecast,pointer,0
20434,633,46,64,ptr,addrspacecast,pointer,0
20435,633,47,64,ptr,addrspacecast,pointer,0
20436,633,48,64,ptr,addrspacecast,pointer,0
20437,633,49,64,ptr,addrspacecast,pointer,0
20438,633,50,64,ptr,addrspacecast,pointer,0
20439,633,51,64,ptr,addrspacecast,pointer,0
20440,633,52,64,ptr,addrspacecast,pointer,0
20441,633,53,64,ptr,addrspacecast,pointer,0
20442,633,54,64,ptr,addrspacecast,pointer,0
20443,633,55,64,ptr,addrspacecast,pointer,0
20444,633,56,64,ptr,addrspacecast,pointer,0
20445,633,57,64,ptr,addrspacecast,pointer,0
20446,633,58,64,ptr,addrspacecast,pointer,0
20447,633,59,64,ptr,addrspacecast,pointer,0
20448,633,60,64,ptr,addrspacecast,pointer,0
20449,633,61,64,ptr,addrspacecast,pointer,0
20450,633,62,64,ptr,addrspacecast,pointer,0
20451,633,63,64,ptr,addrspacecast,pointer,0
20452,635,0,64,ptr,load,pointer,0
20453,635,1,64,ptr,load,pointer,0
20454,635,2,64,ptr,load,pointer,0
20455,635,3,64,ptr,load,pointer,0
20456,635,4,64,ptr,load,pointer,0
20457,635,5,64,ptr,load,pointer,0
20458,635,6,64,ptr,load,pointer,0
20459,635,7,64,ptr,load,pointer,0
20460,635,8,64,ptr,load,pointer,0
20461,635,9,64,ptr,load,pointer,0
20462,635,10,64,ptr,load,pointer,0
20463,635,11,64,ptr,load,pointer,0
20464,635,12,64,ptr,load,pointer,0
20465,635,13,64,ptr,load,pointer,0
20466,635,14,64,ptr,load,pointer,0
20467,635,15,64,ptr,load,pointer,0
20468,635,16,64,ptr,load,pointer,0
20469,635,17,64,ptr,load,pointer,0
20470,635,18,64,ptr,load,pointer,0
20471,635,19,64,ptr,load,pointer,0
20472,635,20,64,ptr,load,pointer,0
20473,635,21,64,ptr,load,pointer,0
20474,635,22,64,ptr,load,pointer,0
20475,635,23,64,ptr,load,pointer,0
20476,635,24,64,ptr,load,pointer,0
20477,635,25,64,ptr,load,pointer,0
20478,635,26,64,ptr,load,pointer,0
20479,635,27,64,ptr,load,pointer,0
20480,635,28,64,ptr,load,pointer,0
20481,635,29,64,ptr,load,pointer,0
20482,635,30,64,ptr,load,pointer,0
20483,635,31,64,ptr,load,pointer,0
20484,635,32,64,ptr,load,pointer,0
20485,635,33,64,ptr,load,pointer,0
20486,635,34,64,ptr,load,pointer,0
20487,635,35,64,ptr,load,pointer,0
20488,635,36,64,ptr,load,pointer,0
20489,635,37,64,ptr,load,pointer,0
20490,635,38,64,ptr,load,pointer,0
20491,635,39,64,ptr,load,pointer,0
20492,635,40,64,ptr,load,pointer,0
20493,635,41,64,ptr,load,pointer,0
20494,635,42,64,ptr,load,pointer,0
20495,635,43,64,ptr,load,pointer,0
20496,635,44,64,ptr,load,pointer,0
20497,635,45,64,ptr,load,pointer,0
20498,635,46,64,ptr,load,pointer,0
20499,635,47,64,ptr,load,pointer,0
20500,635,48,64,ptr,load,pointer,0
20501,635,49,64,ptr,load,pointer,0
20502,635,50,64,ptr,load,pointer,0
20503,635,51,64,ptr,load,pointer,0
20504,635,52,64,ptr,load,pointer,0
20505,635,53,64,ptr,load,pointer,0
20506,635,54,64,ptr,load,pointer,0
20507,635,55,64,ptr,load,pointer,0
20508,635,56,64,ptr,load,pointer,0
20509,635,57,64,ptr,load,pointer,0
20510,635,58,64,ptr,load,pointer,0
20511,635,59,64,ptr,load,pointer,0
20512,635,60,64,ptr,load,pointer,0
20513,635,61,64,ptr,load,pointer,0
20514,635,62,64,ptr,load,pointer,0
20515,635,63,64,ptr,load,pointer,0
20516,637,0,64,ptr,getelementptr,pointer,0
20517,637,1,64,ptr,getelementptr,pointer,0
20518,637,2,64,ptr,getelementptr,pointer,0
20519,637,3,64,ptr,getelementptr,pointer,0
20520,637,4,64,ptr,getelementptr,pointer,0
20521,637,5,64,ptr,getelementptr,pointer,0
20522,637,6,64,ptr,getelementptr,pointer,0
20523,637,7,64,ptr,getelementptr,pointer,0
20524,637,8,64,ptr,getelementptr,pointer,0
20525,637,9,64,ptr,getelementptr,pointer,0
20526,637,10,64,ptr,getelementptr,pointer,0
20527,637,11,64,ptr,getelementptr,pointer,0
20528,637,12,64,ptr,getelementptr,pointer,0
20529,637,13,64,ptr,getelementptr,pointer,0
20530,637,14,64,ptr,getelementptr,pointer,0
20531,637,15,64,ptr,getelementptr,pointer,0
20532,637,16,64,ptr,getelementptr,pointer,0
20533,637,17,64,ptr,getelementptr,pointer,0
20534,637,18,64,ptr,getelementptr,pointer,0
20535,637,19,64,ptr,getelementptr,pointer,0
20536,637,20,64,ptr,getelementptr,pointer,0
20537,637,21,64,ptr,getelementptr,pointer,0
20538,637,22,64,ptr,getelementptr,pointer,0
20539,637,23,64,ptr,getelementptr,pointer,0
20540,637,24,64,ptr,getelementptr,pointer,0
20541,637,25,64,ptr,getelementptr,pointer,0
20542,637,26,64,ptr,getelementptr,pointer,0
20543,637,27,64,ptr,getelementptr,pointer,0
20544,637,28,64,ptr,getelementptr,pointer,0
20545,637,29,64,ptr,getelementptr,pointer,0
20546,637,30,64,ptr,getelementptr,pointer,0
20547,637,31,64,ptr,getelementptr,pointer,0
20548,637,32,64,ptr,getelementptr,pointer,0
20549,637,33,64,ptr,getelementptr,pointer,0
20550,637,34,64,ptr,getelementptr,pointer,0
20551,637,35,64,ptr,getelementptr,pointer,0
20552,637,36,64,ptr,getelementptr,pointer,0
20553,637,37,64,ptr,getelementptr,pointer,0
20554,637,38,64,ptr,getelementptr,pointer,0
20555,637,39,64,ptr,getelementptr,pointer,0
20556,637,40,64,ptr,getelementptr,pointer,0
20557,637,41,64,ptr,getelementptr,pointer,0
20558,637,42,64,ptr,getelementptr,pointer,0
20559,637,43,64,ptr,getelementptr,pointer,0
20560,637,44,64,ptr,getelementptr,pointer,0
20561,637,45,64,ptr,getelementptr,pointer,0
20562,637,46,64,ptr,getelementptr,pointer,0
20563,637,47,64,ptr,getelementptr,pointer,0
20564,637,48,64,ptr,getelementptr,pointer,0
20565,637,49,64,ptr,getelementptr,pointer,0
20566,637,50,64,ptr,getelementptr,pointer,0
20567,637,51,64,ptr,getelementptr,pointer,0
20568,637,52,64,ptr,getelementptr,pointer,0
20569,637,53,64,ptr,getelementptr,pointer,0
20570,637,54,64,ptr,getelementptr,pointer,0
20571,637,55,64,ptr,getelementptr,pointer,0
20572,637,56,64,ptr,getelementptr,pointer,0
20573,637,57,64,ptr,getelementptr,pointer,0
20574,637,58,64,ptr,getelementptr,pointer,0
20575,637,59,64,ptr,getelementptr,pointer,0
20576,637,60,64,ptr,getelementptr,pointer,0
20577,637,61,64,ptr,getelementptr,pointer,0
20578,637,62,64,ptr,getelementptr,pointer,0
20579,637,63,64,ptr,getelementptr,pointer,0
20580,639,0,64,ptr,getelementptr,pointer,0
20581,639,1,64,ptr,getelementptr,pointer,0
20582,639,2,64,ptr,getelementptr,pointer,0
20583,639,3,64,ptr,getelementptr,pointer,0
20584,639,4,64,ptr,getelementptr,pointer,0
20585,639,5,64,ptr,getelementptr,pointer,0
20586,639,6,64,ptr,getelementptr,pointer,0
20587,639,7,64,ptr,getelementptr,pointer,0
20588,639,8,64,ptr,getelementptr,pointer,0
20589,639,9,64,ptr,getelementptr,pointer,0
20590,639,10,64,ptr,getelementptr,pointer,0
20591,639,11,64,ptr,getelementptr,pointer,0
20592,639,12,64,ptr,getelementptr,pointer,0
20593,639,13,64,ptr,getelementptr,pointer,0
20594,639,14,64,ptr,getelementptr,pointer,0
20595,639,15,64,ptr,getelementptr,pointer,0
20596,639,16,64,ptr,getelementptr,pointer,0
20597,639,17,64,ptr,getelementptr,pointer,0
20598,639,18,64,ptr,getelementptr,pointer,0
20599,639,19,64,ptr,getelementptr,pointer,0
20600,639,20,64,ptr,getelementptr,pointer,0
20601,639,21,64,ptr,getelementptr,pointer,0
20602,639,22,64,ptr,getelementptr,pointer,0
20603,639,23,64,ptr,getelementptr,pointer,0
20604,639,24,64,ptr,getelementptr,pointer,0
20605,639,25,64,ptr,getelementptr,pointer,0
20606,639,26,64,ptr,getelementptr,pointer,0
20607,639,27,64,ptr,getelementptr,pointer,0
20608,639,28,64,ptr,getelementptr,pointer,0
20609,639,29,64,ptr,getelementptr,pointer,0
20610,639,30,64,ptr,getelementptr,pointer,0
20611,639,31,64,ptr,getelementptr,pointer,0
20612,639,32,64,ptr,getelementptr,pointer,0
20613,639,33,64,ptr,getelementptr,pointer,0
20614,639,34,64,ptr,getelementptr,pointer,0
20615,639,35,64,ptr,getelementptr,pointer,0
20616,639,36,64,ptr,getelementptr,pointer,0
20617,639,37,64,ptr,getelementptr,pointer,0
20618,639,38,64,ptr,getelementptr,pointer,0
20619,639,39,64,ptr,getelementptr,pointer,0
20620,639,40,64,ptr,getelementptr,pointer,0
20621,639,41,64,ptr,getelementptr,pointer,0
20622,639,42,64,ptr,getelementptr,pointer,0
20623,639,43,64,ptr,getelementptr,pointer,0
20624,639,44,64,ptr,getelementptr,pointer,0
20625,639,45,64,ptr,getelementptr,pointer,0
20626,639,46,64,ptr,getelementptr,pointer,0
20627,639,47,64,ptr,getelementptr,pointer,0
20628,639,48,64,ptr,getelementptr,pointer,0
20629,639,49,64,ptr,getelementptr,pointer,0
20630,639,50,64,ptr,getelementptr,pointer,0
20631,639,51,64,ptr,getelementptr,pointer,0
20632,639,52,64,ptr,getelementptr,pointer,0
20633,639,53,64,ptr,getelementptr,pointer,0
20634,639,54,64,ptr,getelementptr,pointer,0
20635,639,55,64,ptr,getelementptr,pointer,0
20636,639,56,64,ptr,getelementptr,pointer,0
20637,639,57,64,ptr,getelementptr,pointer,0
20638,639,58,64,ptr,getelementptr,pointer,0
20639,639,59,64,ptr,getelementptr,pointer,0
20640,639,60,64,ptr,getelementptr,pointer,0
20641,639,61,64,ptr,getelementptr,pointer,0
20642,639,62,64,ptr,getelementptr,pointer,0
20643,639,63,64,ptr,getelementptr,pointer,0
20644,641,0,64,ptr,load,pointer,0
20645,641,1,64,ptr,load,pointer,0
20646,641,2,64,ptr,load,pointer,0
20647,641,3,64,ptr,load,pointer,0
20648,641,4,64,ptr,load,pointer,0
20649,641,5,64,ptr,load,pointer,0
20650,641,6,64,ptr,load,pointer,0
20651,641,7,64,ptr,load,pointer,0
20652,641,8,64,ptr,load,pointer,0
20653,641,9,64,ptr,load,pointer,0
20654,641,10,64,ptr,load,pointer,0
20655,641,11,64,ptr,load,pointer,0
20656,641,12,64,ptr,load,pointer,0
20657,641,13,64,ptr,load,pointer,0
20658,641,14,64,ptr,load,pointer,0
20659,641,15,64,ptr,load,pointer,0
20660,641,16,64,ptr,load,pointer,0
20661,641,17,64,ptr,load,pointer,0
20662,641,18,64,ptr,load,pointer,0
20663,641,19,64,ptr,load,pointer,0
20664,641,20,64,ptr,load,pointer,0
20665,641,21,64,ptr,load,pointer,0
20666,641,22,64,ptr,load,pointer,0
20667,641,23,64,ptr,load,pointer,0
20668,641,24,64,ptr,load,pointer,0
20669,641,25,64,ptr,load,pointer,0
20670,641,26,64,ptr,load,pointer,0
20671,641,27,64,ptr,load,pointer,0
20672,641,28,64,ptr,load,pointer,0
20673,641,29,64,ptr,load,pointer,0
20674,641,30,64,ptr,load,pointer,0
20675,641,31,64,ptr,load,pointer,0
20676,641,32,64,ptr,load,pointer,0
20677,641,33,64,ptr,load,pointer,0
20678,641,34,64,ptr,load,pointer,0
20679,641,35,64,ptr,load,pointer,0
20680,641,36,64,ptr,load,pointer,0
20681,641,37,64,ptr,load,pointer,0
20682,641,38,64,ptr,load,pointer,0
20683,641,39,64,ptr,load,pointer,0
20684,641,40,64,ptr,load,pointer,0
20685,641,41,64,ptr,load,pointer,0
20686,641,42,64,ptr,load,pointer,0
20687,641,43,64,ptr,load,pointer,0
20688,641,44,64,ptr,load,pointer,0
20689,641,45,64,ptr,load,pointer,0
20690,641,46,64,ptr,load,pointer,0
20691,641,47,64,ptr,load,pointer,0
20692,641,48,64,ptr,load,pointer,0
20693,641,49,64,ptr,load,pointer,0
20694,641,50,64,ptr,load,pointer,0
20695,641,51,64,ptr,load,pointer,0
20696,641,52,64,ptr,load,pointer,0
20697,641,53,64,ptr,load,pointer,0
20698,641,54,64,ptr,load,pointer,0
20699,641,55,64,ptr,load,pointer,0
20700,641,56,64,ptr,load,pointer,0
20701,641,57,64,ptr,load,pointer,0
20702,641,58,64,ptr,load,pointer,0
20703,641,59,64,ptr,load,pointer,0
20704,641,60,64,ptr,load,pointer,0
20705,641,61,64,ptr,load,pointer,0
20706,641,62,64,ptr,load,pointer,0
20707,641,63,64,ptr,load,pointer,0
20708,643,0,64,ptr,getelementptr,pointer,0
20709,643,1,64,ptr,getelementptr,pointer,0
20710,643,2,64,ptr,getelementptr,pointer,0
20711,643,3,64,ptr,getelementptr,pointer,0
20712,643,4,64,ptr,getelementptr,pointer,0
20713,643,5,64,ptr,getelementptr,pointer,0
20714,643,6,64,ptr,getelementptr,pointer,0
20715,643,7,64,ptr,getelementptr,pointer,0
20716,643,8,64,ptr,getelementptr,pointer,0
20717,643,9,64,ptr,getelementptr,pointer,0
20718,643,10,64,ptr,getelementptr,pointer,0
20719,643,11,64,ptr,getelementptr,pointer,0
20720,643,12,64,ptr,getelementptr,pointer,0
20721,643,13,64,ptr,getelementptr,pointer,0
20722,643,14,64,ptr,getelementptr,pointer,0
20723,643,15,64,ptr,getelementptr,pointer,0
20724,643,16,64,ptr,getelementptr,pointer,0
20725,643,17,64,ptr,getelementptr,pointer,0
20726,643,18,64,ptr,getelementptr,pointer,0
20727,643,19,64,ptr,getelementptr,pointer,0
20728,643,20,64,ptr,getelementptr,pointer,0
20729,643,21,64,ptr,getelementptr,pointer,0
20730,643,22,64,ptr,getelementptr,pointer,0
20731,643,23,64,ptr,getelementptr,pointer,0
20732,643,24,64,ptr,getelementptr,pointer,0
20733,643,25,64,ptr,getelementptr,pointer,0
20734,643,26,64,ptr,getelementptr,pointer,0
20735,643,27,64,ptr,getelementptr,pointer,0
20736,643,28,64,ptr,getelementptr,pointer,0
20737,643,29,64,ptr,getelementptr,pointer,0
20738,643,30,64,ptr,getelementptr,pointer,0
20739,643,31,64,ptr,getelementptr,pointer,0
20740,643,32,64,ptr,getelementptr,pointer,0
20741,643,33,64,ptr,getelementptr,pointer,0
20742,643,34,64,ptr,getelementptr,pointer,0
20743,643,35,64,ptr,getelementptr,pointer,0
20744,643,36,64,ptr,getelementptr,pointer,0
20745,643,37,64,ptr,getelementptr,pointer,0
20746,643,38,64,ptr,getelementptr,pointer,0
20747,643,39,64,ptr,getelementptr,pointer,0
20748,643,40,64,ptr,getelementptr,pointer,0
20749,643,41,64,ptr,getelementptr,pointer,0
20750,643,42,64,ptr,getelementptr,pointer,0
20751,643,43,64,ptr,getelementptr,pointer,0
20752,643,44,64,ptr,getelementptr,pointer,0
20753,643,45,64,ptr,getelementptr,pointer,0
20754,643,46,64,ptr,getelementptr,pointer,0
20755,643,47,64,ptr,getelementptr,pointer,0
20756,643,48,64,ptr,getelementptr,pointer,0
20757,643,49,64,ptr,getelementptr,pointer,0
20758,643,50,64,ptr,getelementptr,pointer,0
20759,643,51,64,ptr,getelementptr,pointer,0
20760,643,52,64,ptr,getelementptr,pointer,0
20761,643,53,64,ptr,getelementptr,pointer,0
20762,643,54,64,ptr,getelementptr,pointer,0
20763,643,55,64,ptr,getelementptr,pointer,0
20764,643,56,64,ptr,getelementptr,pointer,0
20765,643,57,64,ptr,getelementptr,pointer,0
20766,643,58,64,ptr,getelementptr,pointer,0
20767,643,59,64,ptr,getelementptr,pointer,0
20768,643,60,64,ptr,getelementptr,pointer,0
20769,643,61,64,ptr,getelementptr,pointer,0
20770,643,62,64,ptr,getelementptr,pointer,0
20771,643,63,64,ptr,getelementptr,pointer,0
20772,645,0,64,ptr,load,pointer,0
20773,645,1,64,ptr,load,pointer,0
20774,645,2,64,ptr,load,pointer,0
20775,645,3,64,ptr,load,pointer,0
20776,645,4,64,ptr,load,pointer,0
20777,645,5,64,ptr,load,pointer,0
20778,645,6,64,ptr,load,pointer,0
20779,645,7,64,ptr,load,pointer,0
20780,645,8,64,ptr,load,pointer,0
20781,645,9,64,ptr,load,pointer,0
20782,645,10,64,ptr,load,pointer,0
20783,645,11,64,ptr,load,pointer,0
20784,645,12,64,ptr,load,pointer,0
20785,645,13,64,ptr,load,pointer,0
20786,645,14,64,ptr,load,pointer,0
20787,645,15,64,ptr,load,pointer,0
20788,645,16,64,ptr,load,pointer,0
20789,645,17,64,ptr,load,pointer,0
20790,645,18,64,ptr,load,pointer,0
20791,645,19,64,ptr,load,pointer,0
20792,645,20,64,ptr,load,pointer,0
20793,645,21,64,ptr,load,pointer,0
20794,645,22,64,ptr,load,pointer,0
20795,645,23,64,ptr,load,pointer,0
20796,645,24,64,ptr,load,pointer,0
20797,645,25,64,ptr,load,pointer,0
20798,645,26,64,ptr,load,pointer,0
20799,645,27,64,ptr,load,pointer,0
20800,645,28,64,ptr,load,pointer,0
20801,645,29,64,ptr,load,pointer,0
20802,645,30,64,ptr,load,pointer,0
20803,645,31,64,ptr,load,pointer,0
20804,645,32,64,ptr,load,pointer,0
20805,645,33,64,ptr,load,pointer,0
20806,645,34,64,ptr,load,pointer,0
20807,645,35,64,ptr,load,pointer,0
20808,645,36,64,ptr,load,pointer,0
20809,645,37,64,ptr,load,pointer,0
20810,645,38,64,ptr,load,pointer,0
20811,645,39,64,ptr,load,pointer,0
20812,645,40,64,ptr,load,pointer,0
20813,645,41,64,ptr,load,pointer,0
20814,645,42,64,ptr,load,pointer,0
20815,645,43,64,ptr,load,pointer,0
20816,645,44,64,ptr,load,pointer,0
20817,645,45,64,ptr,load,pointer,0
20818,645,46,64,ptr,load,pointer,0
20819,645,47,64,ptr,load,pointer,0
20820,645,48,64,ptr,load,pointer,0
20821,645,49,64,ptr,load,pointer,0
20822,645,50,64,ptr,load,pointer,0
20823,645,51,64,ptr,load,pointer,0
20824,645,52,64,ptr,load,pointer,0
20825,645,53,64,ptr,load,pointer,0
20826,645,54,64,ptr,load,pointer,0
20827,645,55,64,ptr,load,pointer,0
20828,645,56,64,ptr,load,pointer,0
20829,645,57,64,ptr,load,pointer,0
20830,645,58,64,ptr,load,pointer,0
20831,645,59,64,ptr,load,pointer,0
20832,645,60,64,ptr,load,pointer,0
20833,645,61,64,ptr,load,pointer,0
20834,645,62,64,ptr,load,pointer,0
20835,645,63,64,ptr,load,pointer,0
20836,647,0,64,ptr,getelementptr,pointer,0
20837,647,1,64,ptr,getelementptr,pointer,0
20838,647,2,64,ptr,getelementptr,pointer,0
20839,647,3,64,ptr,getelementptr,pointer,0
20840,647,4,64,ptr,getelementptr,pointer,0
20841,647,5,64,ptr,getelementptr,pointer,0
20842,647,6,64,ptr,getelementptr,pointer,0
20843,647,7,64,ptr,getelementptr,pointer,0
20844,647,8,64,ptr,getelementptr,pointer,0
20845,647,9,64,ptr,getelementptr,pointer,0
20846,647,10,64,ptr,getelementptr,pointer,0
20847,647,11,64,ptr,getelementptr,pointer,0
20848,647,12,64,ptr,getelementptr,pointer,0
20849,647,13,64,ptr,getelementptr,pointer,0
20850,647,14,64,ptr,getelementptr,pointer,0
20851,647,15,64,ptr,getelementptr,pointer,0
20852,647,16,64,ptr,getelementptr,pointer,0
20853,647,17,64,ptr,getelementptr,pointer,0
20854,647,18,64,ptr,getelementptr,pointer,0
20855,647,19,64,ptr,getelementptr,pointer,0
20856,647,20,64,ptr,getelementptr,pointer,0
20857,647,21,64,ptr,getelementptr,pointer,0
20858,647,22,64,ptr,getelementptr,pointer,0
20859,647,23,64,ptr,getelementptr,pointer,0
20860,647,24,64,ptr,getelementptr,pointer,0
20861,647,25,64,ptr,getelementptr,pointer,0
20862,647,26,64,ptr,getelementptr,pointer,0
20863,647,27,64,ptr,getelementptr,pointer,0
20864,647,28,64,ptr,getelementptr,pointer,0
20865,647,29,64,ptr,getelementptr,pointer,0
20866,647,30,64,ptr,getelementptr,pointer,0
20867,647,31,64,ptr,getelementptr,pointer,0
20868,647,32,64,ptr,getelementptr,pointer,0
20869,647,33,64,ptr,getelementptr,pointer,0
20870,647,34,64,ptr,getelementptr,pointer,0
20871,647,35,64,ptr,getelementptr,pointer,0
20872,647,36,64,ptr,getelementptr,pointer,0
20873,647,37,64,ptr,getelementptr,pointer,0
20874,647,38,64,ptr,getelementptr,pointer,0
20875,647,39,64,ptr,getelementptr,pointer,0
20876,647,40,64,ptr,getelementptr,pointer,0
20877,647,41,64,ptr,getelementptr,pointer,0
20878,647,42,64,ptr,getelementptr,pointer,0
20879,647,43,64,ptr,getelementptr,pointer,0
20880,647,44,64,ptr,getelementptr,pointer,0
20881,647,45,64,ptr,getelementptr,pointer,0
20882,647,46,64,ptr,getelementptr,pointer,0
20883,647,47,64,ptr,getelementptr,pointer,0
20884,647,48,64,ptr,getelementptr,pointer,0
20885,647,49,64,ptr,getelementptr,pointer,0
20886,647,50,64,ptr,getelementptr,pointer,0
20887,647,51,64,ptr,getelementptr,pointer,0
20888,647,52,64,ptr,getelementptr,pointer,0
20889,647,53,64,ptr,getelementptr,pointer,0
20890,647,54,64,ptr,getelementptr,pointer,0
20891,647,55,64,ptr,getelementptr,pointer,0
20892,647,56,64,ptr,getelementptr,pointer,0
20893,647,57,64,ptr,getelementptr,pointer,0
20894,647,58,64,ptr,getelementptr,pointer,0
20895,647,59,64,ptr,getelementptr,pointer,0
20896,647,60,64,ptr,getelementptr,pointer,0
20897,647,61,64,ptr,getelementptr,pointer,0
20898,647,62,64,ptr,getelementptr,pointer,0
20899,647,63,64,ptr,getelementptr,pointer,0
20900,649,0,64,ptr,load,pointer,0
20901,649,1,64,ptr,load,pointer,0
20902,649,2,64,ptr,load,pointer,0
20903,649,3,64,ptr,load,pointer,0
20904,649,4,64,ptr,load,pointer,0
20905,649,5,64,ptr,load,pointer,0
20906,649,6,64,ptr,load,pointer,0
20907,649,7,64,ptr,load,pointer,0
20908,649,8,64,ptr,load,pointer,0
20909,649,9,64,ptr,load,pointer,0
20910,649,10,64,ptr,load,pointer,0
20911,649,11,64,ptr,load,pointer,0
20912,649,12,64,ptr,load,pointer,0
20913,649,13,64,ptr,load,pointer,0
20914,649,14,64,ptr,load,pointer,0
20915,649,15,64,ptr,load,pointer,0
20916,649,16,64,ptr,load,pointer,0
20917,649,17,64,ptr,load,pointer,0
20918,649,18,64,ptr,load,pointer,0
20919,649,19,64,ptr,load,pointer,0
20920,649,20,64,ptr,load,pointer,0
20921,649,21,64,ptr,load,pointer,0
20922,649,22,64,ptr,load,pointer,0
20923,649,23,64,ptr,load,pointer,0
20924,649,24,64,ptr,load,pointer,0
20925,649,25,64,ptr,load,pointer,0
20926,649,26,64,ptr,load,pointer,0
20927,649,27,64,ptr,load,pointer,0
20928,649,28,64,ptr,load,pointer,0
20929,649,29,64,ptr,load,pointer,0
20930,649,30,64,ptr,load,pointer,0
20931,649,31,64,ptr,load,pointer,0
20932,649,32,64,ptr,load,pointer,0
20933,649,33,64,ptr,load,pointer,0
20934,649,34,64,ptr,load,pointer,0
20935,649,35,64,ptr,load,pointer,0
20936,649,36,64,ptr,load,pointer,0
20937,649,37,64,ptr,load,pointer,0
20938,649,38,64,ptr,load,pointer,0
20939,649,39,64,ptr,load,pointer,0
20940,649,40,64,ptr,load,pointer,0
20941,649,41,64,ptr,load,pointer,0
20942,649,42,64,ptr,load,pointer,0
20943,649,43,64,ptr,load,pointer,0
20944,649,44,64,ptr,load,pointer,0
20945,649,45,64,ptr,load,pointer,0
20946,649,46,64,ptr,load,pointer,0
20947,649,47,64,ptr,load,pointer,0
20948,649,48,64,ptr,load,pointer,0
20949,649,49,64,ptr,load,pointer,0
20950,649,50,64,ptr,load,pointer,0
20951,649,51,64,ptr,load,pointer,0
20952,649,52,64,ptr,load,pointer,0
20953,649,53,64,ptr,load,pointer,0
20954,649,54,64,ptr,load,pointer,0
20955,649,55,64,ptr,load,pointer,0
20956,649,56,64,ptr,load,pointer,0
20957,649,57,64,ptr,load,pointer,0
20958,649,58,64,ptr,load,pointer,0
20959,649,59,64,ptr,load,pointer,0
20960,649,60,64,ptr,load,pointer,0
20961,649,61,64,ptr,load,pointer,0
20962,649,62,64,ptr,load,pointer,0
20963,649,63,64,ptr,load,pointer,0
20964,654,0,64,ptr,addrspacecast,pointer,0
20965,654,1,64,ptr,addrspacecast,pointer,0
20966,654,2,64,ptr,addrspacecast,pointer,0
20967,654,3,64,ptr,addrspacecast,pointer,0
20968,654,4,64,ptr,addrspacecast,pointer,0
20969,654,5,64,ptr,addrspacecast,pointer,0
20970,654,6,64,ptr,addrspacecast,pointer,0
20971,654,7,64,ptr,addrspacecast,pointer,0
20972,654,8,64,ptr,addrspacecast,pointer,0
20973,654,9,64,ptr,addrspacecast,pointer,0
20974,654,10,64,ptr,addrspacecast,pointer,0
20975,654,11,64,ptr,addrspacecast,pointer,0
20976,654,12,64,ptr,addrspacecast,pointer,0
20977,654,13,64,ptr,addrspacecast,pointer,0
20978,654,14,64,ptr,addrspacecast,pointer,0
20979,654,15,64,ptr,addrspacecast,pointer,0
20980,654,16,64,ptr,addrspacecast,pointer,0
20981,654,17,64,ptr,addrspacecast,pointer,0
20982,654,18,64,ptr,addrspacecast,pointer,0
20983,654,19,64,ptr,addrspacecast,pointer,0
20984,654,20,64,ptr,addrspacecast,pointer,0
20985,654,21,64,ptr,addrspacecast,pointer,0
20986,654,22,64,ptr,addrspacecast,pointer,0
20987,654,23,64,ptr,addrspacecast,pointer,0
20988,654,24,64,ptr,addrspacecast,pointer,0
20989,654,25,64,ptr,addrspacecast,pointer,0
20990,654,26,64,ptr,addrspacecast,pointer,0
20991,654,27,64,ptr,addrspacecast,pointer,0
20992,654,28,64,ptr,addrspacecast,pointer,0
20993,654,29,64,ptr,addrspacecast,pointer,0
20994,654,30,64,ptr,addrspacecast,pointer,0
20995,654,31,64,ptr,addrspacecast,pointer,0
20996,654,32,64,ptr,addrspacecast,pointer,0
20997,654,33,64,ptr,addrspacecast,pointer,0
20998,654,34,64,ptr,addrspacecast,pointer,0
20999,654,35,64,ptr,addrspacecast,pointer,0
21000,654,36,64,ptr,addrspacecast,pointer,0
21001,654,37,64,ptr,addrspacecast,pointer,0
21002,654,38,64,ptr,addrspacecast,pointer,0
21003,654,39,64,ptr,addrspacecast,pointer,0
21004,654,40,64,ptr,addrspacecast,pointer,0
21005,654,41,64,ptr,addrspacecast,pointer,0
21006,654,42,64,ptr,addrspacecast,pointer,0
21007,654,43,64,ptr,addrspacecast,pointer,0
21008,654,44,64,ptr,addrspacecast,pointer,0
21009,654,45,64,ptr,addrspacecast,pointer,0
21010,654,46,64,ptr,addrspacecast,pointer,0
21011,654,47,64,ptr,addrspacecast,pointer,0
21012,654,48,64,ptr,addrspacecast,pointer,0
21013,654,49,64,ptr,addrspacecast,pointer,0
21014,654,50,64,ptr,addrspacecast,pointer,0
21015,654,51,64,ptr,addrspacecast,pointer,0
21016,654,52,64,ptr,addrspacecast,pointer,0
21017,654,53,64,ptr,addrspacecast,pointer,0
21018,654,54,64,ptr,addrspacecast,pointer,0
21019,654,55,64,ptr,addrspacecast,pointer,0
21020,654,56,64,ptr,addrspacecast,pointer,0
21021,654,57,64,ptr,addrspacecast,pointer,0
21022,654,58,64,ptr,addrspacecast,pointer,0
21023,654,59,64,ptr,addrspacecast,pointer,0
21024,654,60,64,ptr,addrspacecast,pointer,0
21025,654,61,64,ptr,addrspacecast,pointer,0
21026,654,62,64,ptr,addrspacecast,pointer,0
21027,654,63,64,ptr,addrspacecast,pointer,0
21028,656,0,64,ptr,addrspacecast,pointer,0
21029,656,1,64,ptr,addrspacecast,pointer,0
21030,656,2,64,ptr,addrspacecast,pointer,0
21031,656,3,64,ptr,addrspacecast,pointer,0
21032,656,4,64,ptr,addrspacecast,pointer,0
21033,656,5,64,ptr,addrspacecast,pointer,0
21034,656,6,64,ptr,addrspacecast,pointer,0
21035,656,7,64,ptr,addrspacecast,pointer,0
21036,656,8,64,ptr,addrspacecast,pointer,0
21037,656,9,64,ptr,addrspacecast,pointer,0
21038,656,10,64,ptr,addrspacecast,pointer,0
21039,656,11,64,ptr,addrspacecast,pointer,0
21040,656,12,64,ptr,addrspacecast,pointer,0
21041,656,13,64,ptr,addrspacecast,pointer,0
21042,656,14,64,ptr,addrspacecast,pointer,0
21043,656,15,64,ptr,addrspacecast,pointer,0
21044,656,16,64,ptr,addrspacecast,pointer,0
21045,656,17,64,ptr,addrspacecast,pointer,0
21046,656,18,64,ptr,addrspacecast,pointer,0
21047,656,19,64,ptr,addrspacecast,pointer,0
21048,656,20,64,ptr,addrspacecast,pointer,0
21049,656,21,64,ptr,addrspacecast,pointer,0
21050,656,22,64,ptr,addrspacecast,pointer,0
21051,656,23,64,ptr,addrspacecast,pointer,0
21052,656,24,64,ptr,addrspacecast,pointer,0
21053,656,25,64,ptr,addrspacecast,pointer,0
21054,656,26,64,ptr,addrspacecast,pointer,0
21055,656,27,64,ptr,addrspacecast,pointer,0
21056,656,28,64,ptr,addrspacecast,pointer,0
21057,656,29,64,ptr,addrspacecast,pointer,0
21058,656,30,64,ptr,addrspacecast,pointer,0
21059,656,31,64,ptr,addrspacecast,pointer,0
21060,656,32,64,ptr,addrspacecast,pointer,0
21061,656,33,64,ptr,addrspacecast,pointer,0
21062,656,34,64,ptr,addrspacecast,pointer,0
21063,656,35,64,ptr,addrspacecast,pointer,0
21064,656,36,64,ptr,addrspacecast,pointer,0
21065,656,37,64,ptr,addrspacecast,pointer,0
21066,656,38,64,ptr,addrspacecast,pointer,0
21067,656,39,64,ptr,addrspacecast,pointer,0
21068,656,40,64,ptr,addrspacecast,pointer,0
21069,656,41,64,ptr,addrspacecast,pointer,0
21070,656,42,64,ptr,addrspacecast,pointer,0
21071,656,43,64,ptr,addrspacecast,pointer,0
21072,656,44,64,ptr,addrspacecast,pointer,0
21073,656,45,64,ptr,addrspacecast,pointer,0
21074,656,46,64,ptr,addrspacecast,pointer,0
21075,656,47,64,ptr,addrspacecast,pointer,0
21076,656,48,64,ptr,addrspacecast,pointer,0
21077,656,49,64,ptr,addrspacecast,pointer,0
21078,656,50,64,ptr,addrspacecast,pointer,0
21079,656,51,64,ptr,addrspacecast,pointer,0
21080,656,52,64,ptr,addrspacecast,pointer,0
21081,656,53,64,ptr,addrspacecast,pointer,0
21082,656,54,64,ptr,addrspacecast,pointer,0
21083,656,55,64,ptr,addrspacecast,pointer,0
21084,656,56,64,ptr,addrspacecast,pointer,0
21085,656,57,64,ptr,addrspacecast,pointer,0
21086,656,58,64,ptr,addrspacecast,pointer,0
21087,656,59,64,ptr,addrspacecast,pointer,0
21088,656,60,64,ptr,addrspacecast,pointer,0
21089,656,61,64,ptr,addrspacecast,pointer,0
21090,656,62,64,ptr,addrspacecast,pointer,0
21091,656,63,64,ptr,addrspacecast,pointer,0
21092,658,0,64,ptr,addrspacecast,pointer,0
21093,658,1,64,ptr,addrspacecast,pointer,0
21094,658,2,64,ptr,addrspacecast,pointer,0
21095,658,3,64,ptr,addrspacecast,pointer,0
21096,658,4,64,ptr,addrspacecast,pointer,0
21097,658,5,64,ptr,addrspacecast,pointer,0
21098,658,6,64,ptr,addrspacecast,pointer,0
21099,658,7,64,ptr,addrspacecast,pointer,0
21100,658,8,64,ptr,addrspacecast,pointer,0
21101,658,9,64,ptr,addrspacecast,pointer,0
21102,658,10,64,ptr,addrspacecast,pointer,0
21103,658,11,64,ptr,addrspacecast,pointer,0
21104,658,12,64,ptr,addrspacecast,pointer,0
21105,658,13,64,ptr,addrspacecast,pointer,0
21106,658,14,64,ptr,addrspacecast,pointer,0
21107,658,15,64,ptr,addrspacecast,pointer,0
21108,658,16,64,ptr,addrspacecast,pointer,0
21109,658,17,64,ptr,addrspacecast,pointer,0
21110,658,18,64,ptr,addrspacecast,pointer,0
21111,658,19,64,ptr,addrspacecast,pointer,0
21112,658,20,64,ptr,addrspacecast,pointer,0
21113,658,21,64,ptr,addrspacecast,pointer,0
21114,658,22,64,ptr,addrspacecast,pointer,0
21115,658,23,64,ptr,addrspacecast,pointer,0
21116,658,24,64,ptr,addrspacecast,pointer,0
21117,658,25,64,ptr,addrspacecast,pointer,0
21118,658,26,64,ptr,addrspacecast,pointer,0
21119,658,27,64,ptr,addrspacecast,pointer,0
21120,658,28,64,ptr,addrspacecast,pointer,0
21121,658,29,64,ptr,addrspacecast,pointer,0
21122,658,30,64,ptr,addrspacecast,pointer,0
21123,658,31,64,ptr,addrspacecast,pointer,0
21124,658,32,64,ptr,addrspacecast,pointer,0
21125,658,33,64,ptr,addrspacecast,pointer,0
21126,658,34,64,ptr,addrspacecast,pointer,0
21127,658,35,64,ptr,addrspacecast,pointer,0
21128,658,36,64,ptr,addrspacecast,pointer,0
21129,658,37,64,ptr,addrspacecast,pointer,0
21130,658,38,64,ptr,addrspacecast,pointer,0
21131,658,39,64,ptr,addrspacecast,pointer,0
21132,658,40,64,ptr,addrspacecast,pointer,0
21133,658,41,64,ptr,addrspacecast,pointer,0
21134,658,42,64,ptr,addrspacecast,pointer,0
21135,658,43,64,ptr,addrspacecast,pointer,0
21136,658,44,64,ptr,addrspacecast,pointer,0
21137,658,45,64,ptr,addrspacecast,pointer,0
21138,658,46,64,ptr,addrspacecast,pointer,0
21139,658,47,64,ptr,addrspacecast,pointer,0
21140,658,48,64,ptr,addrspacecast,pointer,0
21141,658,49,64,ptr,addrspacecast,pointer,0
21142,658,50,64,ptr,addrspacecast,pointer,0
21143,658,51,64,ptr,addrspacecast,pointer,0
21144,658,52,64,ptr,addrspacecast,pointer,0
21145,658,53,64,ptr,addrspacecast,pointer,0
21146,658,54,64,ptr,addrspacecast,pointer,0
21147,658,55,64,ptr,addrspacecast,pointer,0
21148,658,56,64,ptr,addrspacecast,pointer,0
21149,658,57,64,ptr,addrspacecast,pointer,0
21150,658,58,64,ptr,addrspacecast,pointer,0
21151,658,59,64,ptr,addrspacecast,pointer,0
21152,658,60,64,ptr,addrspacecast,pointer,0
21153,658,61,64,ptr,addrspacecast,pointer,0
21154,658,62,64,ptr,addrspacecast,pointer,0
21155,658,63,64,ptr,addrspacecast,pointer,0
21156,660,0,64,ptr,load,pointer,0
21157,660,1,64,ptr,load,pointer,0
21158,660,2,64,ptr,load,pointer,0
21159,660,3,64,ptr,load,pointer,0
21160,660,4,64,ptr,load,pointer,0
21161,660,5,64,ptr,load,pointer,0
21162,660,6,64,ptr,load,pointer,0
21163,660,7,64,ptr,load,pointer,0
21164,660,8,64,ptr,load,pointer,0
21165,660,9,64,ptr,load,pointer,0
21166,660,10,64,ptr,load,pointer,0
21167,660,11,64,ptr,load,pointer,0
21168,660,12,64,ptr,load,pointer,0
21169,660,13,64,ptr,load,pointer,0
21170,660,14,64,ptr,load,pointer,0
21171,660,15,64,ptr,load,pointer,0
21172,660,16,64,ptr,load,pointer,0
21173,660,17,64,ptr,load,pointer,0
21174,660,18,64,ptr,load,pointer,0
21175,660,19,64,ptr,load,pointer,0
21176,660,20,64,ptr,load,pointer,0
21177,660,21,64,ptr,load,pointer,0
21178,660,22,64,ptr,load,pointer,0
21179,660,23,64,ptr,load,pointer,0
21180,660,24,64,ptr,load,pointer,0
21181,660,25,64,ptr,load,pointer,0
21182,660,26,64,ptr,load,pointer,0
21183,660,27,64,ptr,load,pointer,0
21184,660,28,64,ptr,load,pointer,0
21185,660,29,64,ptr,load,pointer,0
21186,660,30,64,ptr,load,pointer,0
21187,660,31,64,ptr,load,pointer,0
21188,660,32,64,ptr,load,pointer,0
21189,660,33,64,ptr,load,pointer,0
21190,660,34,64,ptr,load,pointer,0
21191,660,35,64,ptr,load,pointer,0
21192,660,36,64,ptr,load,pointer,0
21193,660,37,64,ptr,load,pointer,0
21194,660,38,64,ptr,load,pointer,0
21195,660,39,64,ptr,load,pointer,0
21196,660,40,64,ptr,load,pointer,0
21197,660,41,64,ptr,load,pointer,0
21198,660,42,64,ptr,load,pointer,0
21199,660,43,64,ptr,load,pointer,0
21200,660,44,64,ptr,load,pointer,0
21201,660,45,64,ptr,load,pointer,0
21202,660,46,64,ptr,load,pointer,0
21203,660,47,64,ptr,load,pointer,0
21204,660,48,64,ptr,load,pointer,0
21205,660,49,64,ptr,load,pointer,0
21206,660,50,64,ptr,load,pointer,0
21207,660,51,64,ptr,load,pointer,0
21208,660,52,64,ptr,load,pointer,0
21209,660,53,64,ptr,load,pointer,0
21210,660,54,64,ptr,load,pointer,0
21211,660,55,64,ptr,load,pointer,0
21212,660,56,64,ptr,load,pointer,0
21213,660,57,64,ptr,load,pointer,0
21214,660,58,64,ptr,load,pointer,0
21215,660,59,64,ptr,load,pointer,0
21216,660,60,64,ptr,load,pointer,0
21217,660,61,64,ptr,load,pointer,0
21218,660,62,64,ptr,load,pointer,0
21219,660,63,64,ptr,load,pointer,0
21220,662,0,64,ptr,getelementptr,pointer,0
21221,662,1,64,ptr,getelementptr,pointer,0
21222,662,2,64,ptr,getelementptr,pointer,0
21223,662,3,64,ptr,getelementptr,pointer,0
21224,662,4,64,ptr,getelementptr,pointer,0
21225,662,5,64,ptr,getelementptr,pointer,0
21226,662,6,64,ptr,getelementptr,pointer,0
21227,662,7,64,ptr,getelementptr,pointer,0
21228,662,8,64,ptr,getelementptr,pointer,0
21229,662,9,64,ptr,getelementptr,pointer,0
21230,662,10,64,ptr,getelementptr,pointer,0
21231,662,11,64,ptr,getelementptr,pointer,0
21232,662,12,64,ptr,getelementptr,pointer,0
21233,662,13,64,ptr,getelementptr,pointer,0
21234,662,14,64,ptr,getelementptr,pointer,0
21235,662,15,64,ptr,getelementptr,pointer,0
21236,662,16,64,ptr,getelementptr,pointer,0
21237,662,17,64,ptr,getelementptr,pointer,0
21238,662,18,64,ptr,getelementptr,pointer,0
21239,662,19,64,ptr,getelementptr,pointer,0
21240,662,20,64,ptr,getelementptr,pointer,0
21241,662,21,64,ptr,getelementptr,pointer,0
21242,662,22,64,ptr,getelementptr,pointer,0
21243,662,23,64,ptr,getelementptr,pointer,0
21244,662,24,64,ptr,getelementptr,pointer,0
21245,662,25,64,ptr,getelementptr,pointer,0
21246,662,26,64,ptr,getelementptr,pointer,0
21247,662,27,64,ptr,getelementptr,pointer,0
21248,662,28,64,ptr,getelementptr,pointer,0
21249,662,29,64,ptr,getelementptr,pointer,0
21250,662,30,64,ptr,getelementptr,pointer,0
21251,662,31,64,ptr,getelementptr,pointer,0
21252,662,32,64,ptr,getelementptr,pointer,0
21253,662,33,64,ptr,getelementptr,pointer,0
21254,662,34,64,ptr,getelementptr,pointer,0
21255,662,35,64,ptr,getelementptr,pointer,0
21256,662,36,64,ptr,getelementptr,pointer,0
21257,662,37,64,ptr,getelementptr,pointer,0
21258,662,38,64,ptr,getelementptr,pointer,0
21259,662,39,64,ptr,getelementptr,pointer,0
21260,662,40,64,ptr,getelementptr,pointer,0
21261,662,41,64,ptr,getelementptr,pointer,0
21262,662,42,64,ptr,getelementptr,pointer,0
21263,662,43,64,ptr,getelementptr,pointer,0
21264,662,44,64,ptr,getelementptr,pointer,0
21265,662,45,64,ptr,getelementptr,pointer,0
21266,662,46,64,ptr,getelementptr,pointer,0
21267,662,47,64,ptr,getelementptr,pointer,0
21268,662,48,64,ptr,getelementptr,pointer,0
21269,662,49,64,ptr,getelementptr,pointer,0
21270,662,50,64,ptr,getelementptr,pointer,0
21271,662,51,64,ptr,getelementptr,pointer,0
21272,662,52,64,ptr,getelementptr,pointer,0
21273,662,53,64,ptr,getelementptr,pointer,0
21274,662,54,64,ptr,getelementptr,pointer,0
21275,662,55,64,ptr,getelementptr,pointer,0
21276,662,56,64,ptr,getelementptr,pointer,0
21277,662,57,64,ptr,getelementptr,pointer,0
21278,662,58,64,ptr,getelementptr,pointer,0
21279,662,59,64,ptr,getelementptr,pointer,0
21280,662,60,64,ptr,getelementptr,pointer,0
21281,662,61,64,ptr,getelementptr,pointer,0
21282,662,62,64,ptr,getelementptr,pointer,0
21283,662,63,64,ptr,getelementptr,pointer,0
21284,664,0,64,ptr,getelementptr,pointer,0
21285,664,1,64,ptr,getelementptr,pointer,0
21286,664,2,64,ptr,getelementptr,pointer,0
21287,664,3,64,ptr,getelementptr,pointer,0
21288,664,4,64,ptr,getelementptr,pointer,0
21289,664,5,64,ptr,getelementptr,pointer,0
21290,664,6,64,ptr,getelementptr,pointer,0
21291,664,7,64,ptr,getelementptr,pointer,0
21292,664,8,64,ptr,getelementptr,pointer,0
21293,664,9,64,ptr,getelementptr,pointer,0
21294,664,10,64,ptr,getelementptr,pointer,0
21295,664,11,64,ptr,getelementptr,pointer,0
21296,664,12,64,ptr,getelementptr,pointer,0
21297,664,13,64,ptr,getelementptr,pointer,0
21298,664,14,64,ptr,getelementptr,pointer,0
21299,664,15,64,ptr,getelementptr,pointer,0
21300,664,16,64,ptr,getelementptr,pointer,0
21301,664,17,64,ptr,getelementptr,pointer,0
21302,664,18,64,ptr,getelementptr,pointer,0
21303,664,19,64,ptr,getelementptr,pointer,0
21304,664,20,64,ptr,getelementptr,pointer,0
21305,664,21,64,ptr,getelementptr,pointer,0
21306,664,22,64,ptr,getelementptr,pointer,0
21307,664,23,64,ptr,getelementptr,pointer,0
21308,664,24,64,ptr,getelementptr,pointer,0
21309,664,25,64,ptr,getelementptr,pointer,0
21310,664,26,64,ptr,getelementptr,pointer,0
21311,664,27,64,ptr,getelementptr,pointer,0
21312,664,28,64,ptr,getelementptr,pointer,0
21313,664,29,64,ptr,getelementptr,pointer,0
21314,664,30,64,ptr,getelementptr,pointer,0
21315,664,31,64,ptr,getelementptr,pointer,0
21316,664,32,64,ptr,getelementptr,pointer,0
21317,664,33,64,ptr,getelementptr,pointer,0
21318,664,34,64,ptr,getelementptr,pointer,0
21319,664,35,64,ptr,getelementptr,pointer,0
21320,664,36,64,ptr,getelementptr,pointer,0
21321,664,37,64,ptr,getelementptr,pointer,0
21322,664,38,64,ptr,getelementptr,pointer,0
21323,664,39,64,ptr,getelementptr,pointer,0
21324,664,40,64,ptr,getelementptr,pointer,0
21325,664,41,64,ptr,getelementptr,pointer,0
21326,664,42,64,ptr,getelementptr,pointer,0
21327,664,43,64,ptr,getelementptr,pointer,0
21328,664,44,64,ptr,getelementptr,pointer,0
21329,664,45,64,ptr,getelementptr,pointer,0
21330,664,46,64,ptr,getelementptr,pointer,0
21331,664,47,64,ptr,getelementptr,pointer,0
21332,664,48,64,ptr,getelementptr,pointer,0
21333,664,49,64,ptr,getelementptr,pointer,0
21334,664,50,64,ptr,getelementptr,pointer,0
21335,664,51,64,ptr,getelementptr,pointer,0
21336,664,52,64,ptr,getelementptr,pointer,0
21337,664,53,64,ptr,getelementptr,pointer,0
21338,664,54,64,ptr,getelementptr,pointer,0
21339,664,55,64,ptr,getelementptr,pointer,0
21340,664,56,64,ptr,getelementptr,pointer,0
21341,664,57,64,ptr,getelementptr,pointer,0
21342,664,58,64,ptr,getelementptr,pointer,0
21343,664,59,64,ptr,getelementptr,pointer,0
21344,664,60,64,ptr,getelementptr,pointer,0
21345,664,61,64,ptr,getelementptr,pointer,0
21346,664,62,64,ptr,getelementptr,pointer,0
21347,664,63,64,ptr,getelementptr,pointer,0
21348,666,0,64,ptr,load,pointer,0
21349,666,1,64,ptr,load,pointer,0
21350,666,2,64,ptr,load,pointer,0
21351,666,3,64,ptr,load,pointer,0
21352,666,4,64,ptr,load,pointer,0
21353,666,5,64,ptr,load,pointer,0
21354,666,6,64,ptr,load,pointer,0
21355,666,7,64,ptr,load,pointer,0
21356,666,8,64,ptr,load,pointer,0
21357,666,9,64,ptr,load,pointer,0
21358,666,10,64,ptr,load,pointer,0
21359,666,11,64,ptr,load,pointer,0
21360,666,12,64,ptr,load,pointer,0
21361,666,13,64,ptr,load,pointer,0
21362,666,14,64,ptr,load,pointer,0
21363,666,15,64,ptr,load,pointer,0
21364,666,16,64,ptr,load,pointer,0
21365,666,17,64,ptr,load,pointer,0
21366,666,18,64,ptr,load,pointer,0
21367,666,19,64,ptr,load,pointer,0
21368,666,20,64,ptr,load,pointer,0
21369,666,21,64,ptr,load,pointer,0
21370,666,22,64,ptr,load,pointer,0
21371,666,23,64,ptr,load,pointer,0
21372,666,24,64,ptr,load,pointer,0
21373,666,25,64,ptr,load,pointer,0
21374,666,26,64,ptr,load,pointer,0
21375,666,27,64,ptr,load,pointer,0
21376,666,28,64,ptr,load,pointer,0
21377,666,29,64,ptr,load,pointer,0
21378,666,30,64,ptr,load,pointer,0
21379,666,31,64,ptr,load,pointer,0
21380,666,32,64,ptr,load,pointer,0
21381,666,33,64,ptr,load,pointer,0
21382,666,34,64,ptr,load,pointer,0
21383,666,35,64,ptr,load,pointer,0
21384,666,36,64,ptr,load,pointer,0
21385,666,37,64,ptr,load,pointer,0
21386,666,38,64,ptr,load,pointer,0
21387,666,39,64,ptr,load,pointer,0
21388,666,40,64,ptr,load,pointer,0
21389,666,41,64,ptr,load,pointer,0
21390,666,42,64,ptr,load,pointer,0
21391,666,43,64,ptr,load,pointer,0
21392,666,44,64,ptr,load,pointer,0
21393,666,45,64,ptr,load,pointer,0
21394,666,46,64,ptr,load,pointer,0
21395,666,47,64,ptr,load,pointer,0
21396,666,48,64,ptr,load,pointer,0
21397,666,49,64,ptr,load,pointer,0
21398,666,50,64,ptr,load,pointer,0
21399,666,51,64,ptr,load,pointer,0
21400,666,52,64,ptr,load,pointer,0
21401,666,53,64,ptr,load,pointer,0
21402,666,54,64,ptr,load,pointer,0
21403,666,55,64,ptr,load,pointer,0
21404,666,56,64,ptr,load,pointer,0
21405,666,57,64,ptr,load,pointer,0
21406,666,58,64,ptr,load,pointer,0
21407,666,59,64,ptr,load,pointer,0
21408,666,60,64,ptr,load,pointer,0
21409,666,61,64,ptr,load,pointer,0
21410,666,62,64,ptr,load,pointer,0
21411,666,63,64,ptr,load,pointer,0
21412,668,0,64,ptr,getelementptr,pointer,0
21413,668,1,64,ptr,getelementptr,pointer,0
21414,668,2,64,ptr,getelementptr,pointer,0
21415,668,3,64,ptr,getelementptr,pointer,0
21416,668,4,64,ptr,getelementptr,pointer,0
21417,668,5,64,ptr,getelementptr,pointer,0
21418,668,6,64,ptr,getelementptr,pointer,0
21419,668,7,64,ptr,getelementptr,pointer,0
21420,668,8,64,ptr,getelementptr,pointer,0
21421,668,9,64,ptr,getelementptr,pointer,0
21422,668,10,64,ptr,getelementptr,pointer,0
21423,668,11,64,ptr,getelementptr,pointer,0
21424,668,12,64,ptr,getelementptr,pointer,0
21425,668,13,64,ptr,getelementptr,pointer,0
21426,668,14,64,ptr,getelementptr,pointer,0
21427,668,15,64,ptr,getelementptr,pointer,0
21428,668,16,64,ptr,getelementptr,pointer,0
21429,668,17,64,ptr,getelementptr,pointer,0
21430,668,18,64,ptr,getelementptr,pointer,0
21431,668,19,64,ptr,getelementptr,pointer,0
21432,668,20,64,ptr,getelementptr,pointer,0
21433,668,21,64,ptr,getelementptr,pointer,0
21434,668,22,64,ptr,getelementptr,pointer,0
21435,668,23,64,ptr,getelementptr,pointer,0
21436,668,24,64,ptr,getelementptr,pointer,0
21437,668,25,64,ptr,getelementptr,pointer,0
21438,668,26,64,ptr,getelementptr,pointer,0
21439,668,27,64,ptr,getelementptr,pointer,0
21440,668,28,64,ptr,getelementptr,pointer,0
21441,668,29,64,ptr,getelementptr,pointer,0
21442,668,30,64,ptr,getelementptr,pointer,0
21443,668,31,64,ptr,getelementptr,pointer,0
21444,668,32,64,ptr,getelementptr,pointer,0
21445,668,33,64,ptr,getelementptr,pointer,0
21446,668,34,64,ptr,getelementptr,pointer,0
21447,668,35,64,ptr,getelementptr,pointer,0
21448,668,36,64,ptr,getelementptr,pointer,0
21449,668,37,64,ptr,getelementptr,pointer,0
21450,668,38,64,ptr,getelementptr,pointer,0
21451,668,39,64,ptr,getelementptr,pointer,0
21452,668,40,64,ptr,getelementptr,pointer,0
21453,668,41,64,ptr,getelementptr,pointer,0
21454,668,42,64,ptr,getelementptr,pointer,0
21455,668,43,64,ptr,getelementptr,pointer,0
21456,668,44,64,ptr,getelementptr,pointer,0
21457,668,45,64,ptr,getelementptr,pointer,0
21458,668,46,64,ptr,getelementptr,pointer,0
21459,668,47,64,ptr,getelementptr,pointer,0
21460,668,48,64,ptr,getelementptr,pointer,0
21461,668,49,64,ptr,getelementptr,pointer,0
21462,668,50,64,ptr,getelementptr,pointer,0
21463,668,51,64,ptr,getelementptr,pointer,0
21464,668,52,64,ptr,getelementptr,pointer,0
21465,668,53,64,ptr,getelementptr,pointer,0
21466,668,54,64,ptr,getelementptr,pointer,0
21467,668,55,64,ptr,getelementptr,pointer,0
21468,668,56,64,ptr,getelementptr,pointer,0
21469,668,57,64,ptr,getelementptr,pointer,0
21470,668,58,64,ptr,getelementptr,pointer,0
21471,668,59,64,ptr,getelementptr,pointer,0
21472,668,60,64,ptr,getelementptr,pointer,0
21473,668,61,64,ptr,getelementptr,pointer,0
21474,668,62,64,ptr,getelementptr,pointer,0
21475,668,63,64,ptr,getelementptr,pointer,0
21476,670,0,64,ptr,load,pointer,0
21477,670,1,64,ptr,load,pointer,0
21478,670,2,64,ptr,load,pointer,0
21479,670,3,64,ptr,load,pointer,0
21480,670,4,64,ptr,load,pointer,0
21481,670,5,64,ptr,load,pointer,0
21482,670,6,64,ptr,load,pointer,0
21483,670,7,64,ptr,load,pointer,0
21484,670,8,64,ptr,load,pointer,0
21485,670,9,64,ptr,load,pointer,0
21486,670,10,64,ptr,load,pointer,0
21487,670,11,64,ptr,load,pointer,0
21488,670,12,64,ptr,load,pointer,0
21489,670,13,64,ptr,load,pointer,0
21490,670,14,64,ptr,load,pointer,0
21491,670,15,64,ptr,load,pointer,0
21492,670,16,64,ptr,load,pointer,0
21493,670,17,64,ptr,load,pointer,0
21494,670,18,64,ptr,load,pointer,0
21495,670,19,64,ptr,load,pointer,0
21496,670,20,64,ptr,load,pointer,0
21497,670,21,64,ptr,load,pointer,0
21498,670,22,64,ptr,load,pointer,0
21499,670,23,64,ptr,load,pointer,0
21500,670,24,64,ptr,load,pointer,0
21501,670,25,64,ptr,load,pointer,0
21502,670,26,64,ptr,load,pointer,0
21503,670,27,64,ptr,load,pointer,0
21504,670,28,64,ptr,load,pointer,0
21505,670,29,64,ptr,load,pointer,0
21506,670,30,64,ptr,load,pointer,0
21507,670,31,64,ptr,load,pointer,0
21508,670,32,64,ptr,load,pointer,0
21509,670,33,64,ptr,load,pointer,0
21510,670,34,64,ptr,load,pointer,0
21511,670,35,64,ptr,load,pointer,0
21512,670,36,64,ptr,load,pointer,0
21513,670,37,64,ptr,load,pointer,0
21514,670,38,64,ptr,load,pointer,0
21515,670,39,64,ptr,load,pointer,0
21516,670,40,64,ptr,load,pointer,0
21517,670,41,64,ptr,load,pointer,0
21518,670,42,64,ptr,load,pointer,0
21519,670,43,64,ptr,load,pointer,0
21520,670,44,64,ptr,load,pointer,0
21521,670,45,64,ptr,load,pointer,0
21522,670,46,64,ptr,load,pointer,0
21523,670,47,64,ptr,load,pointer,0
21524,670,48,64,ptr,load,pointer,0
21525,670,49,64,ptr,load,pointer,0
21526,670,50,64,ptr,load,pointer,0
21527,670,51,64,ptr,load,pointer,0
21528,670,52,64,ptr,load,pointer,0
21529,670,53,64,ptr,load,pointer,0
21530,670,54,64,ptr,load,pointer,0
21531,670,55,64,ptr,load,pointer,0
21532,670,56,64,ptr,load,pointer,0
21533,670,57,64,ptr,load,pointer,0
21534,670,58,64,ptr,load,pointer,0
21535,670,59,64,ptr,load,pointer,0
21536,670,60,64,ptr,load,pointer,0
21537,670,61,64,ptr,load,pointer,0
21538,670,62,64,ptr,load,pointer,0
21539,670,63,64,ptr,load,pointer,0
21540,676,0,64,ptr,addrspacecast,pointer,0
21541,676,1,64,ptr,addrspacecast,pointer,0
21542,676,2,64,ptr,addrspacecast,pointer,0
21543,676,3,64,ptr,addrspacecast,pointer,0
21544,676,4,64,ptr,addrspacecast,pointer,0
21545,676,5,64,ptr,addrspacecast,pointer,0
21546,676,6,64,ptr,addrspacecast,pointer,0
21547,676,7,64,ptr,addrspacecast,pointer,0
21548,676,8,64,ptr,addrspacecast,pointer,0
21549,676,9,64,ptr,addrspacecast,pointer,0
21550,676,10,64,ptr,addrspacecast,pointer,0
21551,676,11,64,ptr,addrspacecast,pointer,0
21552,676,12,64,ptr,addrspacecast,pointer,0
21553,676,13,64,ptr,addrspacecast,pointer,0
21554,676,14,64,ptr,addrspacecast,pointer,0
21555,676,15,64,ptr,addrspacecast,pointer,0
21556,676,16,64,ptr,addrspacecast,pointer,0
21557,676,17,64,ptr,addrspacecast,pointer,0
21558,676,18,64,ptr,addrspacecast,pointer,0
21559,676,19,64,ptr,addrspacecast,pointer,0
21560,676,20,64,ptr,addrspacecast,pointer,0
21561,676,21,64,ptr,addrspacecast,pointer,0
21562,676,22,64,ptr,addrspacecast,pointer,0
21563,676,23,64,ptr,addrspacecast,pointer,0
21564,676,24,64,ptr,addrspacecast,pointer,0
21565,676,25,64,ptr,addrspacecast,pointer,0
21566,676,26,64,ptr,addrspacecast,pointer,0
21567,676,27,64,ptr,addrspacecast,pointer,0
21568,676,28,64,ptr,addrspacecast,pointer,0
21569,676,29,64,ptr,addrspacecast,pointer,0
21570,676,30,64,ptr,addrspacecast,pointer,0
21571,676,31,64,ptr,addrspacecast,pointer,0
21572,676,32,64,ptr,addrspacecast,pointer,0
21573,676,33,64,ptr,addrspacecast,pointer,0
21574,676,34,64,ptr,addrspacecast,pointer,0
21575,676,35,64,ptr,addrspacecast,pointer,0
21576,676,36,64,ptr,addrspacecast,pointer,0
21577,676,37,64,ptr,addrspacecast,pointer,0
21578,676,38,64,ptr,addrspacecast,pointer,0
21579,676,39,64,ptr,addrspacecast,pointer,0
21580,676,40,64,ptr,addrspacecast,pointer,0
21581,676,41,64,ptr,addrspacecast,pointer,0
21582,676,42,64,ptr,addrspacecast,pointer,0
21583,676,43,64,ptr,addrspacecast,pointer,0
21584,676,44,64,ptr,addrspacecast,pointer,0
21585,676,45,64,ptr,addrspacecast,pointer,0
21586,676,46,64,ptr,addrspacecast,pointer,0
21587,676,47,64,ptr,addrspacecast,pointer,0
21588,676,48,64,ptr,addrspacecast,pointer,0
21589,676,49,64,ptr,addrspacecast,pointer,0
21590,676,50,64,ptr,addrspacecast,pointer,0
21591,676,51,64,ptr,addrspacecast,pointer,0
21592,676,52,64,ptr,addrspacecast,pointer,0
21593,676,53,64,ptr,addrspacecast,pointer,0
21594,676,54,64,ptr,addrspacecast,pointer,0
21595,676,55,64,ptr,addrspacecast,pointer,0
21596,676,56,64,ptr,addrspacecast,pointer,0
21597,676,57,64,ptr,addrspacecast,pointer,0
21598,676,58,64,ptr,addrspacecast,pointer,0
21599,676,59,64,ptr,addrspacecast,pointer,0
21600,676,60,64,ptr,addrspacecast,pointer,0
21601,676,61,64,ptr,addrspacecast,pointer,0
21602,676,62,64,ptr,addrspacecast,pointer,0
21603,676,63,64,ptr,addrspacecast,pointer,0
21604,678,0,64,ptr,addrspacecast,pointer,0
21605,678,1,64,ptr,addrspacecast,pointer,0
21606,678,2,64,ptr,addrspacecast,pointer,0
21607,678,3,64,ptr,addrspacecast,pointer,0
21608,678,4,64,ptr,addrspacecast,pointer,0
21609,678,5,64,ptr,addrspacecast,pointer,0
21610,678,6,64,ptr,addrspacecast,pointer,0
21611,678,7,64,ptr,addrspacecast,pointer,0
21612,678,8,64,ptr,addrspacecast,pointer,0
21613,678,9,64,ptr,addrspacecast,pointer,0
21614,678,10,64,ptr,addrspacecast,pointer,0
21615,678,11,64,ptr,addrspacecast,pointer,0
21616,678,12,64,ptr,addrspacecast,pointer,0
21617,678,13,64,ptr,addrspacecast,pointer,0
21618,678,14,64,ptr,addrspacecast,pointer,0
21619,678,15,64,ptr,addrspacecast,pointer,0
21620,678,16,64,ptr,addrspacecast,pointer,0
21621,678,17,64,ptr,addrspacecast,pointer,0
21622,678,18,64,ptr,addrspacecast,pointer,0
21623,678,19,64,ptr,addrspacecast,pointer,0
21624,678,20,64,ptr,addrspacecast,pointer,0
21625,678,21,64,ptr,addrspacecast,pointer,0
21626,678,22,64,ptr,addrspacecast,pointer,0
21627,678,23,64,ptr,addrspacecast,pointer,0
21628,678,24,64,ptr,addrspacecast,pointer,0
21629,678,25,64,ptr,addrspacecast,pointer,0
21630,678,26,64,ptr,addrspacecast,pointer,0
21631,678,27,64,ptr,addrspacecast,pointer,0
21632,678,28,64,ptr,addrspacecast,pointer,0
21633,678,29,64,ptr,addrspacecast,pointer,0
21634,678,30,64,ptr,addrspacecast,pointer,0
21635,678,31,64,ptr,addrspacecast,pointer,0
21636,678,32,64,ptr,addrspacecast,pointer,0
21637,678,33,64,ptr,addrspacecast,pointer,0
21638,678,34,64,ptr,addrspacecast,pointer,0
21639,678,35,64,ptr,addrspacecast,pointer,0
21640,678,36,64,ptr,addrspacecast,pointer,0
21641,678,37,64,ptr,addrspacecast,pointer,0
21642,678,38,64,ptr,addrspacecast,pointer,0
21643,678,39,64,ptr,addrspacecast,pointer,0
21644,678,40,64,ptr,addrspacecast,pointer,0
21645,678,41,64,ptr,addrspacecast,pointer,0
21646,678,42,64,ptr,addrspacecast,pointer,0
21647,678,43,64,ptr,addrspacecast,pointer,0
21648,678,44,64,ptr,addrspacecast,pointer,0
21649,678,45,64,ptr,addrspacecast,pointer,0
21650,678,46,64,ptr,addrspacecast,pointer,0
21651,678,47,64,ptr,addrspacecast,pointer,0
21652,678,48,64,ptr,addrspacecast,pointer,0
21653,678,49,64,ptr,addrspacecast,pointer,0
21654,678,50,64,ptr,addrspacecast,pointer,0
21655,678,51,64,ptr,addrspacecast,pointer,0
21656,678,52,64,ptr,addrspacecast,pointer,0
21657,678,53,64,ptr,addrspacecast,pointer,0
21658,678,54,64,ptr,addrspacecast,pointer,0
21659,678,55,64,ptr,addrspacecast,pointer,0
21660,678,56,64,ptr,addrspacecast,pointer,0
21661,678,57,64,ptr,addrspacecast,pointer,0
21662,678,58,64,ptr,addrspacecast,pointer,0
21663,678,59,64,ptr,addrspacecast,pointer,0
21664,678,60,64,ptr,addrspacecast,pointer,0
21665,678,61,64,ptr,addrspacecast,pointer,0
21666,678,62,64,ptr,addrspacecast,pointer,0
21667,678,63,64,ptr,addrspacecast,pointer,0
21668,680,0,64,ptr,addrspacecast,pointer,0
21669,680,1,64,ptr,addrspacecast,pointer,0
21670,680,2,64,ptr,addrspacecast,pointer,0
21671,680,3,64,ptr,addrspacecast,pointer,0
21672,680,4,64,ptr,addrspacecast,pointer,0
21673,680,5,64,ptr,addrspacecast,pointer,0
21674,680,6,64,ptr,addrspacecast,pointer,0
21675,680,7,64,ptr,addrspacecast,pointer,0
21676,680,8,64,ptr,addrspacecast,pointer,0
21677,680,9,64,ptr,addrspacecast,pointer,0
21678,680,10,64,ptr,addrspacecast,pointer,0
21679,680,11,64,ptr,addrspacecast,pointer,0
21680,680,12,64,ptr,addrspacecast,pointer,0
21681,680,13,64,ptr,addrspacecast,pointer,0
21682,680,14,64,ptr,addrspacecast,pointer,0
21683,680,15,64,ptr,addrspacecast,pointer,0
21684,680,16,64,ptr,addrspacecast,pointer,0
21685,680,17,64,ptr,addrspacecast,pointer,0
21686,680,18,64,ptr,addrspacecast,pointer,0
21687,680,19,64,ptr,addrspacecast,pointer,0
21688,680,20,64,ptr,addrspacecast,pointer,0
21689,680,21,64,ptr,addrspacecast,pointer,0
21690,680,22,64,ptr,addrspacecast,pointer,0
21691,680,23,64,ptr,addrspacecast,pointer,0
21692,680,24,64,ptr,addrspacecast,pointer,0
21693,680,25,64,ptr,addrspacecast,pointer,0
21694,680,26,64,ptr,addrspacecast,pointer,0
21695,680,27,64,ptr,addrspacecast,pointer,0
21696,680,28,64,ptr,addrspacecast,pointer,0
21697,680,29,64,ptr,addrspacecast,pointer,0
21698,680,30,64,ptr,addrspacecast,pointer,0
21699,680,31,64,ptr,addrspacecast,pointer,0
21700,680,32,64,ptr,addrspacecast,pointer,0
21701,680,33,64,ptr,addrspacecast,pointer,0
21702,680,34,64,ptr,addrspacecast,pointer,0
21703,680,35,64,ptr,addrspacecast,pointer,0
21704,680,36,64,ptr,addrspacecast,pointer,0
21705,680,37,64,ptr,addrspacecast,pointer,0
21706,680,38,64,ptr,addrspacecast,pointer,0
21707,680,39,64,ptr,addrspacecast,pointer,0
21708,680,40,64,ptr,addrspacecast,pointer,0
21709,680,41,64,ptr,addrspacecast,pointer,0
21710,680,42,64,ptr,addrspacecast,pointer,0
21711,680,43,64,ptr,addrspacecast,pointer,0
21712,680,44,64,ptr,addrspacecast,pointer,0
21713,680,45,64,ptr,addrspacecast,pointer,0
21714,680,46,64,ptr,addrspacecast,pointer,0
21715,680,47,64,ptr,addrspacecast,pointer,0
21716,680,48,64,ptr,addrspacecast,pointer,0
21717,680,49,64,ptr,addrspacecast,pointer,0
21718,680,50,64,ptr,addrspacecast,pointer,0
21719,680,51,64,ptr,addrspacecast,pointer,0
21720,680,52,64,ptr,addrspacecast,pointer,0
21721,680,53,64,ptr,addrspacecast,pointer,0
21722,680,54,64,ptr,addrspacecast,pointer,0
21723,680,55,64,ptr,addrspacecast,pointer,0
21724,680,56,64,ptr,addrspacecast,pointer,0
21725,680,57,64,ptr,addrspacecast,pointer,0
21726,680,58,64,ptr,addrspacecast,pointer,0
21727,680,59,64,ptr,addrspacecast,pointer,0
21728,680,60,64,ptr,addrspacecast,pointer,0
21729,680,61,64,ptr,addrspacecast,pointer,0
21730,680,62,64,ptr,addrspacecast,pointer,0
21731,680,63,64,ptr,addrspacecast,pointer,0
21732,682,0,64,ptr,addrspacecast,pointer,0
21733,682,1,64,ptr,addrspacecast,pointer,0
21734,682,2,64,ptr,addrspacecast,pointer,0
21735,682,3,64,ptr,addrspacecast,pointer,0
21736,682,4,64,ptr,addrspacecast,pointer,0
21737,682,5,64,ptr,addrspacecast,pointer,0
21738,682,6,64,ptr,addrspacecast,pointer,0
21739,682,7,64,ptr,addrspacecast,pointer,0
21740,682,8,64,ptr,addrspacecast,pointer,0
21741,682,9,64,ptr,addrspacecast,pointer,0
21742,682,10,64,ptr,addrspacecast,pointer,0
21743,682,11,64,ptr,addrspacecast,pointer,0
21744,682,12,64,ptr,addrspacecast,pointer,0
21745,682,13,64,ptr,addrspacecast,pointer,0
21746,682,14,64,ptr,addrspacecast,pointer,0
21747,682,15,64,ptr,addrspacecast,pointer,0
21748,682,16,64,ptr,addrspacecast,pointer,0
21749,682,17,64,ptr,addrspacecast,pointer,0
21750,682,18,64,ptr,addrspacecast,pointer,0
21751,682,19,64,ptr,addrspacecast,pointer,0
21752,682,20,64,ptr,addrspacecast,pointer,0
21753,682,21,64,ptr,addrspacecast,pointer,0
21754,682,22,64,ptr,addrspacecast,pointer,0
21755,682,23,64,ptr,addrspacecast,pointer,0
21756,682,24,64,ptr,addrspacecast,pointer,0
21757,682,25,64,ptr,addrspacecast,pointer,0
21758,682,26,64,ptr,addrspacecast,pointer,0
21759,682,27,64,ptr,addrspacecast,pointer,0
21760,682,28,64,ptr,addrspacecast,pointer,0
21761,682,29,64,ptr,addrspacecast,pointer,0
21762,682,30,64,ptr,addrspacecast,pointer,0
21763,682,31,64,ptr,addrspacecast,pointer,0
21764,682,32,64,ptr,addrspacecast,pointer,0
21765,682,33,64,ptr,addrspacecast,pointer,0
21766,682,34,64,ptr,addrspacecast,pointer,0
21767,682,35,64,ptr,addrspacecast,pointer,0
21768,682,36,64,ptr,addrspacecast,pointer,0
21769,682,37,64,ptr,addrspacecast,pointer,0
21770,682,38,64,ptr,addrspacecast,pointer,0
21771,682,39,64,ptr,addrspacecast,pointer,0
21772,682,40,64,ptr,addrspacecast,pointer,0
21773,682,41,64,ptr,addrspacecast,pointer,0
21774,682,42,64,ptr,addrspacecast,pointer,0
21775,682,43,64,ptr,addrspacecast,pointer,0
21776,682,44,64,ptr,addrspacecast,pointer,0
21777,682,45,64,ptr,addrspacecast,pointer,0
21778,682,46,64,ptr,addrspacecast,pointer,0
21779,682,47,64,ptr,addrspacecast,pointer,0
21780,682,48,64,ptr,addrspacecast,pointer,0
21781,682,49,64,ptr,addrspacecast,pointer,0
21782,682,50,64,ptr,addrspacecast,pointer,0
21783,682,51,64,ptr,addrspacecast,pointer,0
21784,682,52,64,ptr,addrspacecast,pointer,0
21785,682,53,64,ptr,addrspacecast,pointer,0
21786,682,54,64,ptr,addrspacecast,pointer,0
21787,682,55,64,ptr,addrspacecast,pointer,0
21788,682,56,64,ptr,addrspacecast,pointer,0
21789,682,57,64,ptr,addrspacecast,pointer,0
21790,682,58,64,ptr,addrspacecast,pointer,0
21791,682,59,64,ptr,addrspacecast,pointer,0
21792,682,60,64,ptr,addrspacecast,pointer,0
21793,682,61,64,ptr,addrspacecast,pointer,0
21794,682,62,64,ptr,addrspacecast,pointer,0
21795,682,63,64,ptr,addrspacecast,pointer,0
21796,684,0,64,ptr,load,pointer,0
21797,684,1,64,ptr,load,pointer,0
21798,684,2,64,ptr,load,pointer,0
21799,684,3,64,ptr,load,pointer,0
21800,684,4,64,ptr,load,pointer,0
21801,684,5,64,ptr,load,pointer,0
21802,684,6,64,ptr,load,pointer,0
21803,684,7,64,ptr,load,pointer,0
21804,684,8,64,ptr,load,pointer,0
21805,684,9,64,ptr,load,pointer,0
21806,684,10,64,ptr,load,pointer,0
21807,684,11,64,ptr,load,pointer,0
21808,684,12,64,ptr,load,pointer,0
21809,684,13,64,ptr,load,pointer,0
21810,684,14,64,ptr,load,pointer,0
21811,684,15,64,ptr,load,pointer,0
21812,684,16,64,ptr,load,pointer,0
21813,684,17,64,ptr,load,pointer,0
21814,684,18,64,ptr,load,pointer,0
21815,684,19,64,ptr,load,pointer,0
21816,684,20,64,ptr,load,pointer,0
21817,684,21,64,ptr,load,pointer,0
21818,684,22,64,ptr,load,pointer,0
21819,684,23,64,ptr,load,pointer,0
21820,684,24,64,ptr,load,pointer,0
21821,684,25,64,ptr,load,pointer,0
21822,684,26,64,ptr,load,pointer,0
21823,684,27,64,ptr,load,pointer,0
21824,684,28,64,ptr,load,pointer,0
21825,684,29,64,ptr,load,pointer,0
21826,684,30,64,ptr,load,pointer,0
21827,684,31,64,ptr,load,pointer,0
21828,684,32,64,ptr,load,pointer,0
21829,684,33,64,ptr,load,pointer,0
21830,684,34,64,ptr,load,pointer,0
21831,684,35,64,ptr,load,pointer,0
21832,684,36,64,ptr,load,pointer,0
21833,684,37,64,ptr,load,pointer,0
21834,684,38,64,ptr,load,pointer,0
21835,684,39,64,ptr,load,pointer,0
21836,684,40,64,ptr,load,pointer,0
21837,684,41,64,ptr,load,pointer,0
21838,684,42,64,ptr,load,pointer,0
21839,684,43,64,ptr,load,pointer,0
21840,684,44,64,ptr,load,pointer,0
21841,684,45,64,ptr,load,pointer,0
21842,684,46,64,ptr,load,pointer,0
21843,684,47,64,ptr,load,pointer,0
21844,684,48,64,ptr,load,pointer,0
21845,684,49,64,ptr,load,pointer,0
21846,684,50,64,ptr,load,pointer,0
21847,684,51,64,ptr,load,pointer,0
21848,684,52,64,ptr,load,pointer,0
21849,684,53,64,ptr,load,pointer,0
21850,684,54,64,ptr,load,pointer,0
21851,684,55,64,ptr,load,pointer,0
21852,684,56,64,ptr,load,pointer,0
21853,684,57,64,ptr,load,pointer,0
21854,684,58,64,ptr,load,pointer,0
21855,684,59,64,ptr,load,pointer,0
21856,684,60,64,ptr,load,pointer,0
21857,684,61,64,ptr,load,pointer,0
21858,684,62,64,ptr,load,pointer,0
21859,684,63,64,ptr,load,pointer,0
