:3:rocdevice.cpp            :465 : 4393565932903 us: [pid:4164447 tid: 0x7fbf38fc0200] Initializing HSA stack.
:3:rocdevice.cpp            :551 : 4393567392874 us: [pid:4164447 tid: 0x7fbf38fc0200] Enumerated GPU agents = 1
:3:rocdevice.cpp            :230 : 4393567392934 us: [pid:4164447 tid: 0x7fbf38fc0200] Numa selects cpu agent[0]=0x19d49bd0(fine=0x19dcf880,coarse=0x19dc9ed0) for gpu agent=0x19dd92d0 CPU<->GPU XGMI=0
:3:rocsettings.cpp          :284 : 4393567392947 us: [pid:4164447 tid: 0x7fbf38fc0200] Using dev kernel arg wa = 0
:3:comgrctx.cpp             :33  : 4393567392954 us: [pid:4164447 tid: 0x7fbf38fc0200] Loading COMGR library.
:3:comgrctx.cpp             :128 : 4393567392992 us: [pid:4164447 tid: 0x7fbf38fc0200] Loaded COMGR library version 3.0.
:3:rocdevice.cpp            :1785: 4393567393514 us: [pid:4164447 tid: 0x7fbf38fc0200] Gfx Major/Minor/Stepping: 9/0/10
:3:rocdevice.cpp            :1787: 4393567393525 us: [pid:4164447 tid: 0x7fbf38fc0200] HMM support: 1, XNACK: 0, Direct host access: 0
:3:rocdevice.cpp            :1789: 4393567393534 us: [pid:4164447 tid: 0x7fbf38fc0200] Max SDMA Read Mask: 0x1e, Max SDMA Write Mask: 0x1f
:4:rocdevice.cpp            :2210: 4393567393888 us: [pid:4164447 tid: 0x7fbf38fc0200] Allocate hsa host memory 0x7fbf1d400000, size 0x100000, numa_node = 0
:4:rocdevice.cpp            :2210: 4393567451183 us: [pid:4164447 tid: 0x7fbf38fc0200] Allocate hsa host memory 0x7fbf1ce00000, size 0x400000, numa_node = 0
:4:rocdevice.cpp            :2210: 4393567451324 us: [pid:4164447 tid: 0x7fbf38fc0200] Allocate hsa host memory 0x7fbf4340c000, size 0x38, numa_node = 0
:3:hip_context.cpp          :54  : 4393567451352 us: [pid:4164447 tid: 0x7fbf38fc0200] Direct Dispatch: 1
:3:hip_fatbin.cpp           :427 : 4393567451980 us: [pid:4164447 tid: 0x7fbf38fc0200] Searching for code objects, HIP_FORCE_SPIRV_CODEOBJECT: 0
:3:hip_fatbin.cpp           :435 : 4393567452383 us: [pid:4164447 tid: 0x7fbf38fc0200] Using Native code object: gfx90a:sramecc+:xnack-
:3:hip_memory.cpp           :756 : 4393567452427 us: [pid:4164447 tid: 0x7fbf38fc0200] [32m hipMalloc ( 0x7ffc814d4340, 30720000 ) [0m
:4:rocdevice.cpp            :2371: 4393567452515 us: [pid:4164447 tid: 0x7fbf38fc0200] Allocate hsa device memory 0x7fbe03a00000, size 0x1d4c000, hsa_mem_flags 0x0h
:3:rocdevice.cpp            :2411: 4393567452830 us: [pid:4164447 tid: 0x7fbf38fc0200] Device=0x19ec3500, freeMem_ = 0xffd2b4000
:3:hip_memory.cpp           :758 : 4393567452843 us: [pid:4164447 tid: 0x7fbf38fc0200] hipMalloc: Returned hipSuccess : 0x7fbe03a00000: duration: 416 us
:3:hip_memory.cpp           :795 : 4393567452867 us: [pid:4164447 tid: 0x7fbf38fc0200] [32m hipMemcpy ( 0x7fbe03a00000, 0x7fbf3726b010, 30720000, hipMemcpyHostToDevice ) [0m
:3:rocdevice.cpp            :3048: 4393567452886 us: [pid:4164447 tid: 0x7fbf38fc0200] Number of allocated hardware queues with low priority: 0, with normal priority: 0, with high priority: 0, maximum per priority is: 4
:3:rocdevice.cpp            :3129: 4393567463645 us: [pid:4164447 tid: 0x7fbf38fc0200] Created SWq=0x7fbf2fd32000 to map on HWq=0x7fbf1cc00000 with size 16384 with priority 1, cooperative: 0
:3:rocdevice.cpp            :3222: 4393567463672 us: [pid:4164447 tid: 0x7fbf38fc0200] acquireQueue refCount: 0x7fbf1cc00000 (1)
:4:rocdevice.cpp            :2210: 4393567464063 us: [pid:4164447 tid: 0x7fbf38fc0200] Allocate hsa host memory 0x7fbf1ca00000, size 0x100000, numa_node = 0
:3:devprogram.cpp           :2658: 4393567771624 us: [pid:4164447 tid: 0x7fbf38fc0200] Using Code Object V5.
:4:rocdevice.cpp            :2210: 4393569124713 us: [pid:4164447 tid: 0x7fbf38fc0200] Allocate hsa host memory 0x7fbf1c400000, size 0x400000, numa_node = 0
:4:command.cpp              :359 : 4393569124884 us: [pid:4164447 tid: 0x7fbf38fc0200] Command (CopyHostToDevice) enqueued: 0x1a52bb30
:4:rocblit.cpp              :1803: 4393569124906 us: [pid:4164447 tid: 0x7fbf38fc0200] Unpinned write path, Async = 0
:4:rocmemory.cpp            :1018: 4393569125787 us: [pid:4164447 tid: 0x7fbf38fc0200] Locking to pool 0x19dc9ed0, size 0x1d4d000, HostPtr = 0x7fbf3726b000, DevPtr = 0x7fbf3726b000
:4:rocblit.cpp              :623 : 4393569125818 us: [pid:4164447 tid: 0x7fbf38fc0200] HSA Copy Using Pinned resource size 30720000
:4:rocblit.cpp              :680 : 4393569125830 us: [pid:4164447 tid: 0x7fbf38fc0200] HSA Async Copy staged H2D
:4:rocblit.cpp              :503 : 4393569125843 us: [pid:4164447 tid: 0x7fbf38fc0200] Last copy mask 0x0
:4:rocblit.cpp              :509 : 4393569125849 us: [pid:4164447 tid: 0x7fbf38fc0200] Query copy engine status 0, free_engine mask 0x1f
:4:rocblit.cpp              :520 : 4393569125857 us: [pid:4164447 tid: 0x7fbf38fc0200] HSA Async Copy on copy_engine=0x1, dst=0x7fbe03a00000, src=0x7fbf3726b010, size=30720000, forceSDMA=0, wait_event=0x0, completion_signal=0x7fbf2fbff780
:4:rocvirtual.cpp           :622 : 4393569131756 us: [pid:4164447 tid: 0x7fbf38fc0200] Host wait on completion_signal=0x7fbf2fbff780
:3:rocvirtual.hpp           :56  : 4393569131778 us: [pid:4164447 tid: 0x7fbf38fc0200] Host active wait for Signal = (0x7fbf2fbff780) for -1 ns
:4:commandqueue.cpp         :161 : 4393569132902 us: [pid:4164447 tid: 0x7fbf38fc0200] Marker queued to ensure finish
:4:command.cpp              :359 : 4393569132914 us: [pid:4164447 tid: 0x7fbf38fc0200] Command (InternalMarker) enqueued: 0x1a81c330
:3:rocvirtual.cpp           :533 : 4393569132951 us: [pid:4164447 tid: 0x7fbf38fc0200] Set Handler: handle(0x7fbf2fbfd600), timestamp(0x1a5aeb70)
:4:rocvirtual.cpp           :1147: 4393569132967 us: [pid:4164447 tid: 0x7fbf38fc0200] SWq=0x7fbf2fd32000, HWq=0x7fbf1cc00000, id=1, BarrierAND Header = 0x1503 (type=3, barrier=1, acquire=2, release=2), dep_signal=[0x0, 0x0, 0x0, 0x0, 0x0], completion_signal=0x7fbf2fbfd600
:4:commandqueue.cpp         :184 : 4393569132979 us: [pid:4164447 tid: 0x7fbf38fc0200] All commands finished
:3:hip_memory.cpp           :796 : 4393569132987 us: [pid:4164447 tid: 0x7fbf38fc0200] hipMemcpy: Returned hipSuccess : : duration: 1680120 us
:3:rocvirtual.cpp           :226 : 4393569133006 us: [pid:4164447 tid: 0x7fbdffbff6c0] Handler: value(0), timestamp(0x19faa4d0), handle(0x7fbf2fbfd600)
:4:command.cpp              :169 : 4393569133034 us: [pid:4164447 tid: 0x7fbdffbff6c0] Command 0x1a52bb30 complete
:3:hip_memory.cpp           :756 : 4393569133010 us: [pid:4164447 tid: 0x7fbf38fc0200] [32m hipMalloc ( 0x7ffc814d4338, 24576 ) [0m
:4:command.cpp              :163 : 4393569133373 us: [pid:4164447 tid: 0x7fbdffbff6c0] Command 0x1a81c330 complete (Wall: 4393569133371, CPU: 0, GPU: 446 us)
:4:rocdevice.cpp            :2371: 4393569133435 us: [pid:4164447 tid: 0x7fbf38fc0200] Allocate hsa device memory 0x7fbded400000, size 0x6000, hsa_mem_flags 0x0h
:3:rocdevice.cpp            :2411: 4393569133446 us: [pid:4164447 tid: 0x7fbf38fc0200] Device=0x19ec3500, freeMem_ = 0xffd2ae000
:3:hip_memory.cpp           :758 : 4393569133457 us: [pid:4164447 tid: 0x7fbf38fc0200] hipMalloc: Returned hipSuccess : 0x7fbded400000: duration: 447 us
:3:hip_memory.cpp           :795 : 4393569133468 us: [pid:4164447 tid: 0x7fbf38fc0200] [32m hipMemcpy ( 0x7fbded400000, 0x19dc2e70, 24576, hipMemcpyHostToDevice ) [0m
:4:command.cpp              :359 : 4393569133479 us: [pid:4164447 tid: 0x7fbf38fc0200] Command (CopyHostToDevice) enqueued: 0x1a62bc30
:4:rocblit.cpp              :1803: 4393569133488 us: [pid:4164447 tid: 0x7fbf38fc0200] Unpinned write path, Async = 0
:4:rocblit.cpp              :633 : 4393569133493 us: [pid:4164447 tid: 0x7fbf38fc0200] HSA Copy Using Staging resource size 24576
:4:rocblit.cpp              :680 : 4393569133504 us: [pid:4164447 tid: 0x7fbf38fc0200] HSA Async Copy staged H2D
:4:rocblit.cpp              :503 : 4393569133512 us: [pid:4164447 tid: 0x7fbf38fc0200] Last copy mask 0x0
:4:rocblit.cpp              :509 : 4393569133520 us: [pid:4164447 tid: 0x7fbf38fc0200] Query copy engine status 0, free_engine mask 0x1f
:4:rocblit.cpp              :520 : 4393569133540 us: [pid:4164447 tid: 0x7fbf38fc0200] HSA Async Copy on copy_engine=0x1, dst=0x7fbded400000, src=0x7fbf1c400000, size=24576, forceSDMA=0, wait_event=0x0, completion_signal=0x7fbf2fbff680
:4:commandqueue.cpp         :161 : 4393569133557 us: [pid:4164447 tid: 0x7fbf38fc0200] Marker queued to ensure finish
:4:command.cpp              :359 : 4393569133947 us: [pid:4164447 tid: 0x7fbf38fc0200] Command (InternalMarker) enqueued: 0x1a81c330
:3:rocvirtual.cpp           :533 : 4393569133962 us: [pid:4164447 tid: 0x7fbf38fc0200] Set Handler: handle(0x7fbf2fbfd680), timestamp(0x1a5aea60)
:4:rocvirtual.cpp           :1147: 4393569133971 us: [pid:4164447 tid: 0x7fbf38fc0200] SWq=0x7fbf2fd32000, HWq=0x7fbf1cc00000, id=1, BarrierAND Header = 0x1503 (type=3, barrier=1, acquire=2, release=2), dep_signal=[0x0, 0x0, 0x0, 0x0, 0x0], completion_signal=0x7fbf2fbfd680
:4:commandqueue.cpp         :184 : 4393569133982 us: [pid:4164447 tid: 0x7fbf38fc0200] All commands finished
:3:hip_memory.cpp           :796 : 4393569133989 us: [pid:4164447 tid: 0x7fbf38fc0200] hipMemcpy: Returned hipSuccess : : duration: 521 us
:3:hip_memory.cpp           :756 : 4393569134000 us: [pid:4164447 tid: 0x7fbf38fc0200] [32m hipMalloc ( 0x7ffc814d4330, 30720000 ) [0m
:3:rocvirtual.cpp           :226 : 4393569134007 us: [pid:4164447 tid: 0x7fbdffbff6c0] Handler: value(0), timestamp(0x1a6f0130), handle(0x7fbf2fbfd680)
:4:command.cpp              :169 : 4393569134042 us: [pid:4164447 tid: 0x7fbdffbff6c0] Command 0x1a62bc30 complete
:4:command.cpp              :163 : 4393569134049 us: [pid:4164447 tid: 0x7fbdffbff6c0] Command 0x1a81c330 complete (Wall: 4393569134047, CPU: 0, GPU: 92 us)
:4:rocdevice.cpp            :2371: 4393569134120 us: [pid:4164447 tid: 0x7fbf38fc0200] Allocate hsa device memory 0x7fbdde400000, size 0x1d4c000, hsa_mem_flags 0x0h
:3:rocdevice.cpp            :2411: 4393569134463 us: [pid:4164447 tid: 0x7fbf38fc0200] Device=0x19ec3500, freeMem_ = 0xffb562000
:3:hip_memory.cpp           :758 : 4393569134483 us: [pid:4164447 tid: 0x7fbf38fc0200] hipMalloc: Returned hipSuccess : 0x7fbdde400000: duration: 483 us
:3:hip_memory.cpp           :756 : 4393569134500 us: [pid:4164447 tid: 0x7fbf38fc0200] [32m hipMalloc ( 0x7ffc814d4328, 36 ) [0m
:4:rocdevice.cpp            :2371: 4393569134513 us: [pid:4164447 tid: 0x7fbf38fc0200] Allocate hsa device memory 0x7fbded406000, size 0x24, hsa_mem_flags 0x0h
:3:rocdevice.cpp            :2411: 4393569134520 us: [pid:4164447 tid: 0x7fbf38fc0200] Device=0x19ec3500, freeMem_ = 0xffb561fdc
:3:hip_memory.cpp           :758 : 4393569134529 us: [pid:4164447 tid: 0x7fbf38fc0200] hipMalloc: Returned hipSuccess : 0x7fbded406000: duration: 29 us
:3:hip_memory.cpp           :795 : 4393569134539 us: [pid:4164447 tid: 0x7fbf38fc0200] [32m hipMemcpy ( 0x7fbded406000, 0x19dbfdc0, 36, hipMemcpyHostToDevice ) [0m
:4:command.cpp              :359 : 4393569134550 us: [pid:4164447 tid: 0x7fbf38fc0200] Command (CopyHostToDevice) enqueued: 0x1a56afa0
:4:rocblit.cpp              :1803: 4393569135011 us: [pid:4164447 tid: 0x7fbf38fc0200] Unpinned write path, Async = 0
:4:rocblit.cpp              :1832: 4393569135017 us: [pid:4164447 tid: 0x7fbf38fc0200] memcpy stg buf=0x7fbf1c406000, host src=0x19dbfdc0, size=36
:4:rocblit.cpp              :1835: 4393569135024 us: [pid:4164447 tid: 0x7fbf38fc0200] Blit staging H2D copy dst=0x7fbded406000, stg buf=0x7fbf1c406000, dstOrigin=0x0, size=36
:3:rocvirtual.cpp           :762 : 4393569135035 us: [pid:4164447 tid: 0x7fbf38fc0200] Arg0: uchar* src = ptr:0x7fbf1c406000
:3:rocvirtual.cpp           :762 : 4393569135039 us: [pid:4164447 tid: 0x7fbf38fc0200] Arg1: uchar* dst = ptr:0x7fbded406000
:3:rocvirtual.cpp           :853 : 4393569135050 us: [pid:4164447 tid: 0x7fbf38fc0200] Arg2: ulong size = val:36
:3:rocvirtual.cpp           :853 : 4393569135057 us: [pid:4164447 tid: 0x7fbf38fc0200] Arg3: uint remainder = val:4
:3:rocvirtual.cpp           :853 : 4393569135063 us: [pid:4164447 tid: 0x7fbf38fc0200] Arg4: uint aligned_size = val:16
:3:rocvirtual.cpp           :853 : 4393569135075 us: [pid:4164447 tid: 0x7fbf38fc0200] Arg5: ulong end_ptr = val:140453705965600
:3:rocvirtual.cpp           :853 : 4393569135087 us: [pid:4164447 tid: 0x7fbf38fc0200] Arg6: uint next_chunk = val:512
:3:rocvirtual.cpp           :3236: 4393569135108 us: [pid:4164447 tid: 0x7fbf38fc0200] ShaderName : __amd_rocclr_copyBuffer
:3:rocvirtual.cpp           :3449: 4393569135114 us: [pid:4164447 tid: 0x7fbf38fc0200] KernargSegmentByteSize = 304 KernargSegmentAlignment = 128
:4:rocvirtual.cpp           :965 : 4393569135560 us: [pid:4164447 tid: 0x7fbf38fc0200] SWq=0x7fbf2fd32000, HWq=0x7fbf1cc00000, id=1, Dispatch Header = 0x1502 (type=2, barrier=1, acquire=2, release=2), setup=1, grid=[512, 1, 1], workgroup=[512, 1, 1], private_seg_size=0, group_seg_size=0, kernel_obj=0x7fbf2fd1ddc0, kernarg_address=0x7fbf1ca00000, completion_signal=0x0, correlation_id=0, rptr=2, wptr=2
:4:commandqueue.cpp         :161 : 4393569135575 us: [pid:4164447 tid: 0x7fbf38fc0200] Marker queued to ensure finish
:4:command.cpp              :359 : 4393569135582 us: [pid:4164447 tid: 0x7fbf38fc0200] Command (InternalMarker) enqueued: 0x1a81c330
:3:rocvirtual.cpp           :533 : 4393569135598 us: [pid:4164447 tid: 0x7fbf38fc0200] Set Handler: handle(0x7fbf2fbfd700), timestamp(0x1a5ae950)
:4:rocvirtual.cpp           :1147: 4393569135614 us: [pid:4164447 tid: 0x7fbf38fc0200] SWq=0x7fbf2fd32000, HWq=0x7fbf1cc00000, id=1, BarrierAND Header = 0x1503 (type=3, barrier=1, acquire=2, release=2), dep_signal=[0x0, 0x0, 0x0, 0x0, 0x0], completion_signal=0x7fbf2fbfd700
:4:commandqueue.cpp         :184 : 4393569135627 us: [pid:4164447 tid: 0x7fbf38fc0200] All commands finished
:3:hip_memory.cpp           :796 : 4393569135632 us: [pid:4164447 tid: 0x7fbf38fc0200] hipMemcpy: Returned hipSuccess : : duration: 1093 us
:3:rocvirtual.cpp           :226 : 4393569135639 us: [pid:4164447 tid: 0x7fbdffbff6c0] Handler: value(0), timestamp(0x1a6261b0), handle(0x7fbf2fbfd700)
:4:command.cpp              :169 : 4393569135654 us: [pid:4164447 tid: 0x7fbdffbff6c0] Command 0x1a56afa0 complete
:4:command.cpp              :163 : 4393569135663 us: [pid:4164447 tid: 0x7fbdffbff6c0] Command 0x1a81c330 complete (Wall: 4393569135661, CPU: 0, GPU: 70 us)
:3:hip_memory.cpp           :3476: 4393569135689 us: [pid:4164447 tid: 0x7fbf38fc0200] [32m hipMemset ( 0x7fbdde400000, 0, 30720000 ) [0m
:4:command.cpp              :359 : 4393569136069 us: [pid:4164447 tid: 0x7fbf38fc0200] Command (FillBuffer) enqueued: 0x1a72e6c0
:3:rocvirtual.cpp           :762 : 4393569136085 us: [pid:4164447 tid: 0x7fbf38fc0200] Arg0: void* buf = ptr:0x7fbdde400000
:3:rocvirtual.cpp           :778 : 4393569136090 us: [pid:4164447 tid: 0x7fbf38fc0200] Arg0: void* buf = ptr:0x7fbdde400000 obj:[0x7fbdde400000-0x7fbde014c000]
:3:rocvirtual.cpp           :762 : 4393569136098 us: [pid:4164447 tid: 0x7fbf38fc0200] Arg1: uchar* pattern = ptr:0x7fbf1ca00200
:3:rocvirtual.cpp           :853 : 4393569136106 us: [pid:4164447 tid: 0x7fbf38fc0200] Arg2: uint pattern_size = val:1
:3:rocvirtual.cpp           :853 : 4393569136111 us: [pid:4164447 tid: 0x7fbf38fc0200] Arg3: uint alignment = val:16
:3:rocvirtual.cpp           :853 : 4393569136115 us: [pid:4164447 tid: 0x7fbf38fc0200] Arg4: ulong end_ptr = val:140453485002752
:3:rocvirtual.cpp           :853 : 4393569136123 us: [pid:4164447 tid: 0x7fbf38fc0200] Arg5: uint next_chunk = val:26624
:3:rocvirtual.cpp           :3236: 4393569136130 us: [pid:4164447 tid: 0x7fbf38fc0200] ShaderName : __amd_rocclr_fillBufferAligned
:3:rocvirtual.cpp           :3449: 4393569136139 us: [pid:4164447 tid: 0x7fbf38fc0200] KernargSegmentByteSize = 296 KernargSegmentAlignment = 128
:4:rocvirtual.cpp           :965 : 4393569136151 us: [pid:4164447 tid: 0x7fbf38fc0200] SWq=0x7fbf2fd32000, HWq=0x7fbf1cc00000, id=1, Dispatch Header = 0xb02 (type=2, barrier=1, acquire=1, release=1), setup=1, grid=[26624, 1, 1], workgroup=[256, 1, 1], private_seg_size=0, group_seg_size=0, kernel_obj=0x7fbf2fd1dd40, kernarg_address=0x7fbf1ca00300, completion_signal=0x0, correlation_id=0, rptr=4, wptr=4
:3:hip_memory.cpp           :3477: 4393569136537 us: [pid:4164447 tid: 0x7fbf38fc0200] hipMemset: Returned hipSuccess : 
:3:hip_device_runtime.cpp   :641 : 4393569136551 us: [pid:4164447 tid: 0x7fbf38fc0200] [32m hipDeviceSynchronize (  ) [0m
:4:commandqueue.cpp         :161 : 4393569136561 us: [pid:4164447 tid: 0x7fbf38fc0200] Marker queued to ensure finish
:4:command.cpp              :359 : 4393569136566 us: [pid:4164447 tid: 0x7fbf38fc0200] Command (InternalMarker) enqueued: 0x1a81c330
:3:rocvirtual.cpp           :533 : 4393569136949 us: [pid:4164447 tid: 0x7fbf38fc0200] Set Handler: handle(0x7fbf2fbfd780), timestamp(0x1a5ae840)
:4:rocvirtual.cpp           :1147: 4393569136958 us: [pid:4164447 tid: 0x7fbf38fc0200] SWq=0x7fbf2fd32000, HWq=0x7fbf1cc00000, id=1, BarrierAND Header = 0x1503 (type=3, barrier=1, acquire=2, release=2), dep_signal=[0x0, 0x0, 0x0, 0x0, 0x0], completion_signal=0x7fbf2fbfd780
:3:rocvirtual.hpp           :56  : 4393569136970 us: [pid:4164447 tid: 0x7fbf38fc0200] Host active wait for Signal = (0x7fbf2fbfd780) for -1 ns
:4:commandqueue.cpp         :184 : 4393569136978 us: [pid:4164447 tid: 0x7fbf38fc0200] All commands finished
:3:rocvirtual.cpp           :226 : 4393569136984 us: [pid:4164447 tid: 0x7fbdffbff6c0] Handler: value(0), timestamp(0x1a6262e0), handle(0x7fbf2fbfd780)
:4:command.cpp              :169 : 4393569136995 us: [pid:4164447 tid: 0x7fbdffbff6c0] Command 0x1a72e6c0 complete
:4:command.cpp              :163 : 4393569137002 us: [pid:4164447 tid: 0x7fbdffbff6c0] Command 0x1a81c330 complete (Wall: 4393569137001, CPU: 0, GPU: 59 us)
:3:hip_device_runtime.cpp   :645 : 4393569136991 us: [pid:4164447 tid: 0x7fbf38fc0200] hipDeviceSynchronize: Returned hipSuccess : 
:3:hip_platform.cpp         :237 : 4393569137030 us: [pid:4164447 tid: 0x7fbf38fc0200] [32m __hipPushCallConfiguration ( {8,1,1}, {128,1,1}, 0, stream:<null> ) [0m
:3:hip_platform.cpp         :241 : 4393569137039 us: [pid:4164447 tid: 0x7fbf38fc0200] __hipPushCallConfiguration: Returned hipSuccess : 
:3:hip_platform.cpp         :246 : 4393569137050 us: [pid:4164447 tid: 0x7fbf38fc0200] [32m __hipPopCallConfiguration ( {1131604050,32703,128}, {2118224,0,2169324560}, 0x7ffc814d4160, 0x7ffc814d4158 ) [0m
:3:hip_platform.cpp         :255 : 4393569137413 us: [pid:4164447 tid: 0x7fbf38fc0200] __hipPopCallConfiguration: Returned hipSuccess : 
:3:hip_module.cpp           :744 : 4393569137452 us: [pid:4164447 tid: 0x7fbf38fc0200] [32m hipLaunchKernel ( 0x200fd8, {8,1,1}, {128,1,1}, 0x7ffc814d4110, 0, stream:<null> ) [0m
:3:devprogram.cpp           :2658: 4393569137678 us: [pid:4164447 tid: 0x7fbf38fc0200] Using Code Object V5.
:4:command.cpp              :359 : 4393569138500 us: [pid:4164447 tid: 0x7fbf38fc0200] Command (KernelExecution) enqueued: 0x1a6efd50
:3:rocvirtual.cpp           :762 : 4393569138520 us: [pid:4164447 tid: 0x7fbf38fc0200] Arg0:   = ptr:0x7fbe03a00000
:3:rocvirtual.cpp           :778 : 4393569138525 us: [pid:4164447 tid: 0x7fbf38fc0200] Arg0:   = ptr:0x7fbe03a00000 obj:[0x7fbe03a00000-0x7fbe0574c000]
:3:rocvirtual.cpp           :762 : 4393569138534 us: [pid:4164447 tid: 0x7fbf38fc0200] Arg1:   = ptr:0x7fbded400000
:3:rocvirtual.cpp           :778 : 4393569138539 us: [pid:4164447 tid: 0x7fbf38fc0200] Arg1:   = ptr:0x7fbded400000 obj:[0x7fbded400000-0x7fbded406000]
:3:rocvirtual.cpp           :762 : 4393569138546 us: [pid:4164447 tid: 0x7fbf38fc0200] Arg2:   = ptr:0x7fbdde400000
:3:rocvirtual.cpp           :778 : 4393569138551 us: [pid:4164447 tid: 0x7fbf38fc0200] Arg2:   = ptr:0x7fbdde400000 obj:[0x7fbdde400000-0x7fbde014c000]
:3:rocvirtual.cpp           :853 : 4393569138558 us: [pid:4164447 tid: 0x7fbf38fc0200] Arg3:   = val:768
:3:rocvirtual.cpp           :762 : 4393569138563 us: [pid:4164447 tid: 0x7fbf38fc0200] Arg4:   = ptr:0x7fbded406000
:3:rocvirtual.cpp           :778 : 4393569138568 us: [pid:4164447 tid: 0x7fbf38fc0200] Arg4:   = ptr:0x7fbded406000 obj:[0x7fbded406000-0x7fbded406024]
:3:rocvirtual.cpp           :3236: 4393569138584 us: [pid:4164447 tid: 0x7fbf38fc0200] ShaderName : void dense_esuhm<float>(float const*, float const*, float*, int, int const*)
:4:rocdevice.cpp            :2210: 4393570321269 us: [pid:4164447 tid: 0x7fbf38fc0200] Allocate hsa host memory 0x7fbdec600000, size 0xd13838, numa_node = 0
:3:rocdevice.cpp            :3322: 4393570323105 us: [pid:4164447 tid: 0x7fbf38fc0200] Created hostcall buffer 0x7fbdec600000 for hardware queue 0x7fbf1cc00000
:4:rocsignal.cpp            :38  : 4393570323453 us: [pid:4164447 tid: 0x7fbf38fc0200] Initialize Hostcall signal=0x7fbf2fbfd280
:3:devhostcall.cpp          :428 : 4393570323859 us: [pid:4164447 tid: 0x7fbf38fc0200] Launched hostcall listener at 0x1a4d4960
:3:devhostcall.cpp          :441 : 4393570323865 us: [pid:4164447 tid: 0x7fbf38fc0200] Registered hostcall buffer 0x7fbdec600000 with listener 0x1a4d4960
:4:rocdevice.cpp            :2371: 4393570323880 us: [pid:4164447 tid: 0x7fbf38fc0200] Allocate hsa device memory 0x7fbded407000, size 0x20000, hsa_mem_flags 0x0h
:4:rocdevice.cpp            :2371: 4393570323950 us: [pid:4164447 tid: 0x7fbf38fc0200] Allocate hsa device memory 0x7fbddda00000, size 0x800000, hsa_mem_flags 0x0h
:3:rocvirtual.cpp           :853 : 4393570323965 us: [pid:4164447 tid: 0x7fbf38fc0200] Arg0: ulong heap_to_initialize = val:140453705969664
:3:rocvirtual.cpp           :853 : 4393570324615 us: [pid:4164447 tid: 0x7fbf38fc0200] Arg1: ulong initial_blocks = val:140453443796992
:3:rocvirtual.cpp           :853 : 4393570324624 us: [pid:4164447 tid: 0x7fbf38fc0200] Arg2: uint heap_size = val:131072
:3:rocvirtual.cpp           :853 : 4393570324629 us: [pid:4164447 tid: 0x7fbf38fc0200] Arg3: uint number_of_initial_blocks = val:4
:3:rocvirtual.cpp           :3236: 4393570324639 us: [pid:4164447 tid: 0x7fbf38fc0200] ShaderName : __amd_rocclr_initHeap
:3:rocvirtual.cpp           :3449: 4393570324646 us: [pid:4164447 tid: 0x7fbf38fc0200] KernargSegmentByteSize = 24 KernargSegmentAlignment = 128
:4:rocvirtual.cpp           :965 : 4393570324669 us: [pid:4164447 tid: 0x7fbf38fc0200] SWq=0x7fbf2fd32000, HWq=0x7fbf1cc00000, id=1, Dispatch Header = 0xb02 (type=2, barrier=1, acquire=1, release=1), setup=1, grid=[256, 1, 1], workgroup=[256, 1, 1], private_seg_size=0, group_seg_size=0, kernel_obj=0x7fbf2fd1e0c0, kernarg_address=0x7fbf1ca00480, completion_signal=0x0, correlation_id=0, rptr=6, wptr=6
:4:rocvirtual.cpp           :1147: 4393570324692 us: [pid:4164447 tid: 0x7fbf38fc0200] SWq=0x7fbf2fd32000, HWq=0x7fbf1cc00000, id=1, BarrierAND Header = 0x1503 (type=3, barrier=1, acquire=2, release=2), dep_signal=[0x0, 0x0, 0x0, 0x0, 0x0], completion_signal=0x7fbf2fbff480
:4:rocvirtual.cpp           :622 : 4393570324708 us: [pid:4164447 tid: 0x7fbf38fc0200] Host wait on completion_signal=0x7fbf2fbff480
:3:rocvirtual.hpp           :56  : 4393570324718 us: [pid:4164447 tid: 0x7fbf38fc0200] Host active wait for Signal = (0x7fbf2fbff480) for -1 ns
:3:rocvirtual.cpp           :3449: 4393570348882 us: [pid:4164447 tid: 0x7fbf38fc0200] KernargSegmentByteSize = 296 KernargSegmentAlignment = 128
:4:rocvirtual.cpp           :965 : 4393570348903 us: [pid:4164447 tid: 0x7fbf38fc0200] SWq=0x7fbf2fd32000, HWq=0x7fbf1cc00000, id=1, Dispatch Header = 0xb02 (type=2, barrier=1, acquire=1, release=1), setup=3, grid=[1024, 1, 1], workgroup=[128, 1, 1], private_seg_size=140, group_seg_size=0, kernel_obj=0x7fbf2fcf1980, kernarg_address=0x7fbf1ca00000, completion_signal=0x0, correlation_id=0, rptr=8, wptr=8
:3:hip_module.cpp           :745 : 4393570348922 us: [pid:4164447 tid: 0x7fbf38fc0200] hipLaunchKernel: Returned hipSuccess : : duration: 1211470 us
:3:hip_device_runtime.cpp   :641 : 4393570348932 us: [pid:4164447 tid: 0x7fbf38fc0200] [32m hipDeviceSynchronize (  ) [0m
:4:commandqueue.cpp         :161 : 4393570348940 us: [pid:4164447 tid: 0x7fbf38fc0200] Marker queued to ensure finish
:4:command.cpp              :359 : 4393570348944 us: [pid:4164447 tid: 0x7fbf38fc0200] Command (InternalMarker) enqueued: 0x1a81c330
:3:rocvirtual.cpp           :533 : 4393570348962 us: [pid:4164447 tid: 0x7fbf38fc0200] Set Handler: handle(0x7fbf2fbfd800), timestamp(0x19fabb50)
:4:rocvirtual.cpp           :1147: 4393570348970 us: [pid:4164447 tid: 0x7fbf38fc0200] SWq=0x7fbf2fd32000, HWq=0x7fbf1cc00000, id=1, BarrierAND Header = 0x1503 (type=3, barrier=1, acquire=2, release=2), dep_signal=[0x0, 0x0, 0x0, 0x0, 0x0], completion_signal=0x7fbf2fbfd800
:3:rocvirtual.hpp           :56  : 4393570349005 us: [pid:4164447 tid: 0x7fbf38fc0200] Host active wait for Signal = (0x7fbf2fbfd800) for -1 ns
:4:commandqueue.cpp         :184 : 4393570438106 us: [pid:4164447 tid: 0x7fbf38fc0200] All commands finished
:3:rocvirtual.cpp           :226 : 4393570438107 us: [pid:4164447 tid: 0x7fbdffbff6c0] Handler: value(0), timestamp(0x19f1fcf0), handle(0x7fbf2fbfd800)
:4:command.cpp              :169 : 4393570438164 us: [pid:4164447 tid: 0x7fbdffbff6c0] Command 0x1a6efd50 complete
:4:command.cpp              :163 : 4393570438177 us: [pid:4164447 tid: 0x7fbdffbff6c0] Command 0x1a81c330 complete (Wall: 4393570438175, CPU: 0, GPU: 89222 us)
:3:hip_device_runtime.cpp   :645 : 4393570438136 us: [pid:4164447 tid: 0x7fbf38fc0200] hipDeviceSynchronize: Returned hipSuccess : 
:3:hip_memory.cpp           :795 : 4393570438216 us: [pid:4164447 tid: 0x7fbf38fc0200] [32m hipMemcpy ( 0x7fbf3551e010, 0x7fbdde400000, 30720000, hipMemcpyDeviceToHost ) [0m
:4:command.cpp              :359 : 4393570438236 us: [pid:4164447 tid: 0x7fbf38fc0200] Command (CopyDeviceToHost) enqueued: 0x1a6ee9d0
:4:rocblit.cpp              :1673: 4393570438249 us: [pid:4164447 tid: 0x7fbf38fc0200] Unpinned read path, Async = 0
:4:rocmemory.cpp            :1018: 4393570448487 us: [pid:4164447 tid: 0x7fbf38fc0200] Locking to pool 0x19dc9ed0, size 0x1d4d000, HostPtr = 0x7fbf3551e000, DevPtr = 0x7fbf3551e000
:4:rocblit.cpp              :623 : 4393570448518 us: [pid:4164447 tid: 0x7fbf38fc0200] HSA Copy Using Pinned resource size 30720000
:4:rocblit.cpp              :687 : 4393570448526 us: [pid:4164447 tid: 0x7fbf38fc0200] HSA Async Copy staged D2H
:4:rocblit.cpp              :503 : 4393570448533 us: [pid:4164447 tid: 0x7fbf38fc0200] Last copy mask 0x0
:4:rocblit.cpp              :509 : 4393570448542 us: [pid:4164447 tid: 0x7fbf38fc0200] Query copy engine status 0, free_engine mask 0x1e
:4:rocblit.cpp              :520 : 4393570448550 us: [pid:4164447 tid: 0x7fbf38fc0200] HSA Async Copy on copy_engine=0x2, dst=0x7fbf3551e010, src=0x7fbdde400000, size=30720000, forceSDMA=0, wait_event=0x0, completion_signal=0x7fbf2fbff380
:4:rocvirtual.cpp           :622 : 4393570456962 us: [pid:4164447 tid: 0x7fbf38fc0200] Host wait on completion_signal=0x7fbf2fbff380
:3:rocvirtual.hpp           :56  : 4393570456987 us: [pid:4164447 tid: 0x7fbf38fc0200] Host active wait for Signal = (0x7fbf2fbff380) for -1 ns
:4:commandqueue.cpp         :161 : 4393570586434 us: [pid:4164447 tid: 0x7fbf38fc0200] Marker queued to ensure finish
:4:command.cpp              :359 : 4393570586463 us: [pid:4164447 tid: 0x7fbf38fc0200] Command (InternalMarker) enqueued: 0x1a81c330
:3:rocvirtual.cpp           :533 : 4393570586494 us: [pid:4164447 tid: 0x7fbf38fc0200] Set Handler: handle(0x7fbf2fbfd100), timestamp(0x1a630290)
:4:rocvirtual.cpp           :1147: 4393570586504 us: [pid:4164447 tid: 0x7fbf38fc0200] SWq=0x7fbf2fd32000, HWq=0x7fbf1cc00000, id=1, BarrierAND Header = 0x1503 (type=3, barrier=1, acquire=2, release=2), dep_signal=[0x0, 0x0, 0x0, 0x0, 0x0], completion_signal=0x7fbf2fbfd100
:3:rocvirtual.hpp           :56  : 4393570586515 us: [pid:4164447 tid: 0x7fbf38fc0200] Host active wait for Signal = (0x7fbf2fbfd100) for -1 ns
:4:commandqueue.cpp         :184 : 4393570652226 us: [pid:4164447 tid: 0x7fbf38fc0200] All commands finished
:3:rocvirtual.cpp           :226 : 4393570652247 us: [pid:4164447 tid: 0x7fbdffbff6c0] Handler: value(0), timestamp(0x19f1fcf0), handle(0x7fbf2fbfd100)
:3:hip_memory.cpp           :796 : 4393570652260 us: [pid:4164447 tid: 0x7fbf38fc0200] hipMemcpy: Returned hipSuccess : : duration: 214044 us
:3:hip_memory.cpp           :3476: 4393570652294 us: [pid:4164447 tid: 0x7fbf38fc0200] [32m hipMemset ( 0x7fbdde400000, 0, 30720000 ) [0m
:4:command.cpp              :359 : 4393570652311 us: [pid:4164447 tid: 0x7fbf38fc0200] Command (FillBuffer) enqueued: 0x1a45e810
:3:rocvirtual.cpp           :762 : 4393570652326 us: [pid:4164447 tid: 0x7fbf38fc0200] Arg0: void* buf = ptr:0x7fbdde400000
:4:command.cpp              :169 : 4393570652280 us: [pid:4164447 tid: 0x7fbdffbff6c0] Command 0x1a6ee9d0 complete
:4:command.cpp              :163 : 4393570652353 us: [pid:4164447 tid: 0x7fbdffbff6c0] Command 0x1a81c330 complete (Wall: 4393570652351, CPU: 0, GPU: 65875 us)
:3:rocvirtual.cpp           :778 : 4393570652340 us: [pid:4164447 tid: 0x7fbf38fc0200] Arg0: void* buf = ptr:0x7fbdde400000 obj:[0x7fbdde400000-0x7fbde014c000]
:3:rocvirtual.cpp           :762 : 4393570652372 us: [pid:4164447 tid: 0x7fbf38fc0200] Arg1: uchar* pattern = ptr:0x7fbf1ca00000
:3:rocvirtual.cpp           :853 : 4393570652380 us: [pid:4164447 tid: 0x7fbf38fc0200] Arg2: uint pattern_size = val:1
:3:rocvirtual.cpp           :853 : 4393570652385 us: [pid:4164447 tid: 0x7fbf38fc0200] Arg3: uint alignment = val:16
:3:rocvirtual.cpp           :853 : 4393570652390 us: [pid:4164447 tid: 0x7fbf38fc0200] Arg4: ulong end_ptr = val:140453485002752
:3:rocvirtual.cpp           :853 : 4393570652398 us: [pid:4164447 tid: 0x7fbf38fc0200] Arg5: uint next_chunk = val:26624
:3:rocvirtual.cpp           :3236: 4393570652405 us: [pid:4164447 tid: 0x7fbf38fc0200] ShaderName : __amd_rocclr_fillBufferAligned
:3:rocvirtual.cpp           :3449: 4393570652417 us: [pid:4164447 tid: 0x7fbf38fc0200] KernargSegmentByteSize = 296 KernargSegmentAlignment = 128
:4:rocvirtual.cpp           :965 : 4393570653068 us: [pid:4164447 tid: 0x7fbf38fc0200] SWq=0x7fbf2fd32000, HWq=0x7fbf1cc00000, id=1, Dispatch Header = 0x1502 (type=2, barrier=1, acquire=2, release=2), setup=1, grid=[26624, 1, 1], workgroup=[256, 1, 1], private_seg_size=0, group_seg_size=0, kernel_obj=0x7fbf2fd1dd40, kernarg_address=0x7fbf1ca00100, completion_signal=0x0, correlation_id=0, rptr=11, wptr=11
:3:hip_memory.cpp           :3477: 4393570653085 us: [pid:4164447 tid: 0x7fbf38fc0200] hipMemset: Returned hipSuccess : 
:3:hip_device_runtime.cpp   :641 : 4393570653091 us: [pid:4164447 tid: 0x7fbf38fc0200] [32m hipDeviceSynchronize (  ) [0m
:4:commandqueue.cpp         :161 : 4393570653097 us: [pid:4164447 tid: 0x7fbf38fc0200] Marker queued to ensure finish
:4:command.cpp              :359 : 4393570653102 us: [pid:4164447 tid: 0x7fbf38fc0200] Command (InternalMarker) enqueued: 0x1a4d6dc0
:3:rocvirtual.cpp           :533 : 4393570653122 us: [pid:4164447 tid: 0x7fbf38fc0200] Set Handler: handle(0x7fbf2fbfd080), timestamp(0x1a62f2c0)
:4:rocvirtual.cpp           :1147: 4393570653131 us: [pid:4164447 tid: 0x7fbf38fc0200] SWq=0x7fbf2fd32000, HWq=0x7fbf1cc00000, id=1, BarrierAND Header = 0x1503 (type=3, barrier=1, acquire=2, release=2), dep_signal=[0x0, 0x0, 0x0, 0x0, 0x0], completion_signal=0x7fbf2fbfd080
:4:commandqueue.cpp         :184 : 4393570653142 us: [pid:4164447 tid: 0x7fbf38fc0200] All commands finished
:3:hip_device_runtime.cpp   :645 : 4393570653148 us: [pid:4164447 tid: 0x7fbf38fc0200] hipDeviceSynchronize: Returned hipSuccess : 
:3:rocvirtual.cpp           :226 : 4393570653160 us: [pid:4164447 tid: 0x7fbdffbff6c0] Handler: value(0), timestamp(0x1a6e0970), handle(0x7fbf2fbfd080)
:4:command.cpp              :169 : 4393570653174 us: [pid:4164447 tid: 0x7fbdffbff6c0] Command 0x1a45e810 complete
:3:hip_platform.cpp         :237 : 4393570653160 us: [pid:4164447 tid: 0x7fbf38fc0200] [32m __hipPushCallConfiguration ( {8,1,1}, {128,1,1}, 0, stream:<null> ) [0m
:3:hip_platform.cpp         :241 : 4393570653630 us: [pid:4164447 tid: 0x7fbf38fc0200] __hipPushCallConfiguration: Returned hipSuccess : 
:3:hip_platform.cpp         :246 : 4393570653641 us: [pid:4164447 tid: 0x7fbf38fc0200] [32m __hipPopCallConfiguration ( {1131604050,32703,128}, {2118224,0,2169324560}, 0x7ffc814d4160, 0x7ffc814d4158 ) [0m
:3:hip_platform.cpp         :255 : 4393570653650 us: [pid:4164447 tid: 0x7fbf38fc0200] __hipPopCallConfiguration: Returned hipSuccess : 
:4:command.cpp              :163 : 4393570653620 us: [pid:4164447 tid: 0x7fbdffbff6c0] Command 0x1a4d6dc0 complete (Wall: 4393570653617, CPU: 0, GPU: 507 us)
:3:hip_module.cpp           :744 : 4393570653663 us: [pid:4164447 tid: 0x7fbf38fc0200] [32m hipLaunchKernel ( 0x200fe0, {8,1,1}, {128,1,1}, 0x7ffc814d4110, 0, stream:<null> ) [0m
:4:command.cpp              :359 : 4393570653711 us: [pid:4164447 tid: 0x7fbf38fc0200] Command (KernelExecution) enqueued: 0x1a6f1bd0
:3:rocvirtual.cpp           :762 : 4393570653720 us: [pid:4164447 tid: 0x7fbf38fc0200] Arg0:   = ptr:0x7fbe03a00000
:3:rocvirtual.cpp           :778 : 4393570653724 us: [pid:4164447 tid: 0x7fbf38fc0200] Arg0:   = ptr:0x7fbe03a00000 obj:[0x7fbe03a00000-0x7fbe0574c000]
:3:rocvirtual.cpp           :762 : 4393570653732 us: [pid:4164447 tid: 0x7fbf38fc0200] Arg1:   = ptr:0x7fbded400000
:3:rocvirtual.cpp           :778 : 4393570653737 us: [pid:4164447 tid: 0x7fbf38fc0200] Arg1:   = ptr:0x7fbded400000 obj:[0x7fbded400000-0x7fbded406000]
:3:rocvirtual.cpp           :762 : 4393570653744 us: [pid:4164447 tid: 0x7fbf38fc0200] Arg2:   = ptr:0x7fbdde400000
:3:rocvirtual.cpp           :778 : 4393570653748 us: [pid:4164447 tid: 0x7fbf38fc0200] Arg2:   = ptr:0x7fbdde400000 obj:[0x7fbdde400000-0x7fbde014c000]
:3:rocvirtual.cpp           :853 : 4393570653756 us: [pid:4164447 tid: 0x7fbf38fc0200] Arg3:   = val:768
:3:rocvirtual.cpp           :762 : 4393570653761 us: [pid:4164447 tid: 0x7fbf38fc0200] Arg4:   = ptr:0x7fbded406000
:3:rocvirtual.cpp           :778 : 4393570654224 us: [pid:4164447 tid: 0x7fbf38fc0200] Arg4:   = ptr:0x7fbded406000 obj:[0x7fbded406000-0x7fbded406024]
:3:rocvirtual.cpp           :3236: 4393570654240 us: [pid:4164447 tid: 0x7fbf38fc0200] ShaderName : void dense_esuhm2<float>(float const*, float const*, float*, int, int const*)
:3:rocvirtual.cpp           :3449: 4393570654251 us: [pid:4164447 tid: 0x7fbf38fc0200] KernargSegmentByteSize = 296 KernargSegmentAlignment = 128
:4:rocvirtual.cpp           :965 : 4393570654264 us: [pid:4164447 tid: 0x7fbf38fc0200] SWq=0x7fbf2fd32000, HWq=0x7fbf1cc00000, id=1, Dispatch Header = 0xb02 (type=2, barrier=1, acquire=1, release=1), setup=3, grid=[1024, 1, 1], workgroup=[128, 1, 1], private_seg_size=140, group_seg_size=0, kernel_obj=0x7fbf2fcf19c0, kernarg_address=0x7fbf1ca00280, completion_signal=0x0, correlation_id=0, rptr=13, wptr=13
:3:hip_module.cpp           :745 : 4393570654282 us: [pid:4164447 tid: 0x7fbf38fc0200] hipLaunchKernel: Returned hipSuccess : : duration: 619 us
:3:hip_device_runtime.cpp   :641 : 4393570654290 us: [pid:4164447 tid: 0x7fbf38fc0200] [32m hipDeviceSynchronize (  ) [0m
:4:commandqueue.cpp         :161 : 4393570654295 us: [pid:4164447 tid: 0x7fbf38fc0200] Marker queued to ensure finish
:4:command.cpp              :359 : 4393570654300 us: [pid:4164447 tid: 0x7fbf38fc0200] Command (InternalMarker) enqueued: 0x1a4d6dc0
:3:rocvirtual.cpp           :533 : 4393570654313 us: [pid:4164447 tid: 0x7fbf38fc0200] Set Handler: handle(0x7fbf2fbfd000), timestamp(0x1a6e06c0)
:4:rocvirtual.cpp           :1147: 4393570654321 us: [pid:4164447 tid: 0x7fbf38fc0200] SWq=0x7fbf2fd32000, HWq=0x7fbf1cc00000, id=1, BarrierAND Header = 0x1503 (type=3, barrier=1, acquire=2, release=2), dep_signal=[0x0, 0x0, 0x0, 0x0, 0x0], completion_signal=0x7fbf2fbfd000
:3:rocvirtual.hpp           :56  : 4393570654332 us: [pid:4164447 tid: 0x7fbf38fc0200] Host active wait for Signal = (0x7fbf2fbfd000) for -1 ns
:4:commandqueue.cpp         :184 : 4393570654384 us: [pid:4164447 tid: 0x7fbf38fc0200] All commands finished
:3:hip_device_runtime.cpp   :645 : 4393570654715 us: [pid:4164447 tid: 0x7fbf38fc0200] hipDeviceSynchronize: Returned hipSuccess : 
:3:rocvirtual.cpp           :226 : 4393570654405 us: [pid:4164447 tid: 0x7fbdffbff6c0] Handler: value(0), timestamp(0x1a6e0610), handle(0x7fbf2fbfd000)
:3:hip_memory.cpp           :795 : 4393570654731 us: [pid:4164447 tid: 0x7fbf38fc0200] [32m hipMemcpy ( 0x7fbf337d1010, 0x7fbdde400000, 30720000, hipMemcpyDeviceToHost ) [0m
:4:command.cpp              :169 : 4393570654751 us: [pid:4164447 tid: 0x7fbdffbff6c0] Command 0x1a6f1bd0 complete
:4:command.cpp              :359 : 4393570654763 us: [pid:4164447 tid: 0x7fbf38fc0200] Command (CopyDeviceToHost) enqueued: 0x1a6eca50
:4:rocblit.cpp              :1673: 4393570654778 us: [pid:4164447 tid: 0x7fbf38fc0200] Unpinned read path, Async = 0
:4:command.cpp              :163 : 4393570654769 us: [pid:4164447 tid: 0x7fbdffbff6c0] Command 0x1a4d6dc0 complete (Wall: 4393570654767, CPU: 0, GPU: 460 us)
:4:rocmemory.cpp            :1018: 4393570664702 us: [pid:4164447 tid: 0x7fbf38fc0200] Locking to pool 0x19dc9ed0, size 0x1d4d000, HostPtr = 0x7fbf337d1000, DevPtr = 0x7fbf337d1000
:4:rocblit.cpp              :623 : 4393570664727 us: [pid:4164447 tid: 0x7fbf38fc0200] HSA Copy Using Pinned resource size 30720000
:4:rocblit.cpp              :687 : 4393570664736 us: [pid:4164447 tid: 0x7fbf38fc0200] HSA Async Copy staged D2H
:4:rocblit.cpp              :503 : 4393570664742 us: [pid:4164447 tid: 0x7fbf38fc0200] Last copy mask 0x0
:4:rocblit.cpp              :509 : 4393570664751 us: [pid:4164447 tid: 0x7fbf38fc0200] Query copy engine status 0, free_engine mask 0x1e
:4:rocblit.cpp              :520 : 4393570664759 us: [pid:4164447 tid: 0x7fbf38fc0200] HSA Async Copy on copy_engine=0x2, dst=0x7fbf337d1010, src=0x7fbdde400000, size=30720000, forceSDMA=0, wait_event=0x0, completion_signal=0x7fbf2fbff180
:4:rocvirtual.cpp           :622 : 4393570664771 us: [pid:4164447 tid: 0x7fbf38fc0200] Host wait on completion_signal=0x7fbf2fbff180
:3:rocvirtual.hpp           :56  : 4393570664779 us: [pid:4164447 tid: 0x7fbf38fc0200] Host active wait for Signal = (0x7fbf2fbff180) for -1 ns
:4:commandqueue.cpp         :161 : 4393570665878 us: [pid:4164447 tid: 0x7fbf38fc0200] Marker queued to ensure finish
:4:command.cpp              :359 : 4393570665890 us: [pid:4164447 tid: 0x7fbf38fc0200] Command (InternalMarker) enqueued: 0x1a357e20
:3:rocvirtual.cpp           :533 : 4393570665918 us: [pid:4164447 tid: 0x7fbf38fc0200] Set Handler: handle(0x7fbf2fbfcf80), timestamp(0x1a56f810)
:4:rocvirtual.cpp           :1147: 4393570665929 us: [pid:4164447 tid: 0x7fbf38fc0200] SWq=0x7fbf2fd32000, HWq=0x7fbf1cc00000, id=1, BarrierAND Header = 0x1503 (type=3, barrier=1, acquire=2, release=2), dep_signal=[0x0, 0x0, 0x0, 0x0, 0x0], completion_signal=0x7fbf2fbfcf80
:4:commandqueue.cpp         :184 : 4393570665941 us: [pid:4164447 tid: 0x7fbf38fc0200] All commands finished
:3:hip_memory.cpp           :796 : 4393570665947 us: [pid:4164447 tid: 0x7fbf38fc0200] hipMemcpy: Returned hipSuccess : : duration: 11216 us
:3:hip_memory.cpp           :3476: 4393570665959 us: [pid:4164447 tid: 0x7fbf38fc0200] [32m hipMemset ( 0x7fbdde400000, 0, 30720000 ) [0m
:3:rocvirtual.cpp           :226 : 4393570665966 us: [pid:4164447 tid: 0x7fbdffbff6c0] Handler: value(0), timestamp(0x1a6e0610), handle(0x7fbf2fbfcf80)
:4:command.cpp              :359 : 4393570666307 us: [pid:4164447 tid: 0x7fbf38fc0200] Command (FillBuffer) enqueued: 0x1a3eb750
:4:command.cpp              :169 : 4393570666330 us: [pid:4164447 tid: 0x7fbdffbff6c0] Command 0x1a6eca50 complete
:4:command.cpp              :163 : 4393570666356 us: [pid:4164447 tid: 0x7fbdffbff6c0] Command 0x1a357e20 complete (Wall: 4393570666353, CPU: 0, GPU: 454 us)
:3:rocvirtual.cpp           :762 : 4393570666342 us: [pid:4164447 tid: 0x7fbf38fc0200] Arg0: void* buf = ptr:0x7fbdde400000
:3:rocvirtual.cpp           :778 : 4393570666382 us: [pid:4164447 tid: 0x7fbf38fc0200] Arg0: void* buf = ptr:0x7fbdde400000 obj:[0x7fbdde400000-0x7fbde014c000]
:3:rocvirtual.cpp           :762 : 4393570666389 us: [pid:4164447 tid: 0x7fbf38fc0200] Arg1: uchar* pattern = ptr:0x7fbf1ca00000
:3:rocvirtual.cpp           :853 : 4393570666397 us: [pid:4164447 tid: 0x7fbf38fc0200] Arg2: uint pattern_size = val:1
:3:rocvirtual.cpp           :853 : 4393570666402 us: [pid:4164447 tid: 0x7fbf38fc0200] Arg3: uint alignment = val:16
:3:rocvirtual.cpp           :853 : 4393570666409 us: [pid:4164447 tid: 0x7fbf38fc0200] Arg4: ulong end_ptr = val:140453485002752
:3:rocvirtual.cpp           :853 : 4393570666416 us: [pid:4164447 tid: 0x7fbf38fc0200] Arg5: uint next_chunk = val:26624
:3:rocvirtual.cpp           :3236: 4393570666421 us: [pid:4164447 tid: 0x7fbf38fc0200] ShaderName : __amd_rocclr_fillBufferAligned
:3:rocvirtual.cpp           :3449: 4393570666843 us: [pid:4164447 tid: 0x7fbf38fc0200] KernargSegmentByteSize = 296 KernargSegmentAlignment = 128
:4:rocvirtual.cpp           :965 : 4393570666862 us: [pid:4164447 tid: 0x7fbf38fc0200] SWq=0x7fbf2fd32000, HWq=0x7fbf1cc00000, id=1, Dispatch Header = 0x1502 (type=2, barrier=1, acquire=2, release=2), setup=1, grid=[26624, 1, 1], workgroup=[256, 1, 1], private_seg_size=0, group_seg_size=0, kernel_obj=0x7fbf2fd1dd40, kernarg_address=0x7fbf1ca00100, completion_signal=0x0, correlation_id=0, rptr=16, wptr=16
:3:hip_memory.cpp           :3477: 4393570666876 us: [pid:4164447 tid: 0x7fbf38fc0200] hipMemset: Returned hipSuccess : 
:3:hip_device_runtime.cpp   :641 : 4393570666882 us: [pid:4164447 tid: 0x7fbf38fc0200] [32m hipDeviceSynchronize (  ) [0m
:4:commandqueue.cpp         :161 : 4393570666888 us: [pid:4164447 tid: 0x7fbf38fc0200] Marker queued to ensure finish
:4:command.cpp              :359 : 4393570666892 us: [pid:4164447 tid: 0x7fbf38fc0200] Command (InternalMarker) enqueued: 0x1a58f940
:3:rocvirtual.cpp           :533 : 4393570666905 us: [pid:4164447 tid: 0x7fbf38fc0200] Set Handler: handle(0x7fbf2fbfcf00), timestamp(0x1a62f340)
:4:rocvirtual.cpp           :1147: 4393570666914 us: [pid:4164447 tid: 0x7fbf38fc0200] SWq=0x7fbf2fd32000, HWq=0x7fbf1cc00000, id=1, BarrierAND Header = 0x1503 (type=3, barrier=1, acquire=2, release=2), dep_signal=[0x0, 0x0, 0x0, 0x0, 0x0], completion_signal=0x7fbf2fbfcf00
:4:commandqueue.cpp         :184 : 4393570666924 us: [pid:4164447 tid: 0x7fbf38fc0200] All commands finished
:3:hip_device_runtime.cpp   :645 : 4393570666931 us: [pid:4164447 tid: 0x7fbf38fc0200] hipDeviceSynchronize: Returned hipSuccess : 
:3:rocvirtual.cpp           :226 : 4393570666935 us: [pid:4164447 tid: 0x7fbdffbff6c0] Handler: value(0), timestamp(0x1a4d75d0), handle(0x7fbf2fbfcf00)
:4:command.cpp              :169 : 4393570666954 us: [pid:4164447 tid: 0x7fbdffbff6c0] Command 0x1a3eb750 complete
:3:hip_platform.cpp         :237 : 4393570666943 us: [pid:4164447 tid: 0x7fbf38fc0200] [32m __hipPushCallConfiguration ( {8,1,1}, {128,1,1}, 0, stream:<null> ) [0m
:3:hip_platform.cpp         :241 : 4393570667471 us: [pid:4164447 tid: 0x7fbf38fc0200] __hipPushCallConfiguration: Returned hipSuccess : 
:4:command.cpp              :163 : 4393570666961 us: [pid:4164447 tid: 0x7fbdffbff6c0] Command 0x1a58f940 complete (Wall: 4393570666960, CPU: 0, GPU: 60 us)
:3:hip_platform.cpp         :246 : 4393570667482 us: [pid:4164447 tid: 0x7fbf38fc0200] [32m __hipPopCallConfiguration ( {1131604050,32703,128}, {2118224,0,2169324560}, 0x7ffc814d4160, 0x7ffc814d4158 ) [0m
:3:hip_platform.cpp         :255 : 4393570667504 us: [pid:4164447 tid: 0x7fbf38fc0200] __hipPopCallConfiguration: Returned hipSuccess : 
:3:hip_module.cpp           :744 : 4393570667515 us: [pid:4164447 tid: 0x7fbf38fc0200] [32m hipLaunchKernel ( 0x200fe8, {8,1,1}, {128,1,1}, 0x7ffc814d4110, 0, stream:<null> ) [0m
:4:command.cpp              :359 : 4393570667532 us: [pid:4164447 tid: 0x7fbf38fc0200] Command (KernelExecution) enqueued: 0x1a71c8d0
:3:rocvirtual.cpp           :762 : 4393570667541 us: [pid:4164447 tid: 0x7fbf38fc0200] Arg0:   = ptr:0x7fbe03a00000
:3:rocvirtual.cpp           :778 : 4393570667545 us: [pid:4164447 tid: 0x7fbf38fc0200] Arg0:   = ptr:0x7fbe03a00000 obj:[0x7fbe03a00000-0x7fbe0574c000]
:3:rocvirtual.cpp           :762 : 4393570667553 us: [pid:4164447 tid: 0x7fbf38fc0200] Arg1:   = ptr:0x7fbded400000
:3:rocvirtual.cpp           :778 : 4393570667558 us: [pid:4164447 tid: 0x7fbf38fc0200] Arg1:   = ptr:0x7fbded400000 obj:[0x7fbded400000-0x7fbded406000]
:3:rocvirtual.cpp           :762 : 4393570667566 us: [pid:4164447 tid: 0x7fbf38fc0200] Arg2:   = ptr:0x7fbdde400000
:3:rocvirtual.cpp           :778 : 4393570667570 us: [pid:4164447 tid: 0x7fbf38fc0200] Arg2:   = ptr:0x7fbdde400000 obj:[0x7fbdde400000-0x7fbde014c000]
:3:rocvirtual.cpp           :853 : 4393570667919 us: [pid:4164447 tid: 0x7fbf38fc0200] Arg3:   = val:768
:3:rocvirtual.cpp           :762 : 4393570667924 us: [pid:4164447 tid: 0x7fbf38fc0200] Arg4:   = ptr:0x7fbded406000
:3:rocvirtual.cpp           :778 : 4393570667929 us: [pid:4164447 tid: 0x7fbf38fc0200] Arg4:   = ptr:0x7fbded406000 obj:[0x7fbded406000-0x7fbded406024]
:3:rocvirtual.cpp           :3236: 4393570667946 us: [pid:4164447 tid: 0x7fbf38fc0200] ShaderName : void dense_esuhm3<float>(float const*, float const*, float*, int, int const*)
:3:rocvirtual.cpp           :3449: 4393570667955 us: [pid:4164447 tid: 0x7fbf38fc0200] KernargSegmentByteSize = 296 KernargSegmentAlignment = 128
:4:rocvirtual.cpp           :965 : 4393570667964 us: [pid:4164447 tid: 0x7fbf38fc0200] SWq=0x7fbf2fd32000, HWq=0x7fbf1cc00000, id=1, Dispatch Header = 0xb02 (type=2, barrier=1, acquire=1, release=1), setup=3, grid=[1024, 1, 1], workgroup=[128, 1, 1], private_seg_size=140, group_seg_size=0, kernel_obj=0x7fbf2fcf1a00, kernarg_address=0x7fbf1ca00280, completion_signal=0x0, correlation_id=0, rptr=18, wptr=18
:3:hip_module.cpp           :745 : 4393570667978 us: [pid:4164447 tid: 0x7fbf38fc0200] hipLaunchKernel: Returned hipSuccess : : duration: 463 us
:3:hip_device_runtime.cpp   :641 : 4393570667986 us: [pid:4164447 tid: 0x7fbf38fc0200] [32m hipDeviceSynchronize (  ) [0m
:4:commandqueue.cpp         :161 : 4393570667991 us: [pid:4164447 tid: 0x7fbf38fc0200] Marker queued to ensure finish
:4:command.cpp              :359 : 4393570667995 us: [pid:4164447 tid: 0x7fbf38fc0200] Command (InternalMarker) enqueued: 0x1a58f940
:3:rocvirtual.cpp           :533 : 4393570668018 us: [pid:4164447 tid: 0x7fbf38fc0200] Set Handler: handle(0x7fbf2fbfce80), timestamp(0x1a71cbc0)
:4:rocvirtual.cpp           :1147: 4393570668027 us: [pid:4164447 tid: 0x7fbf38fc0200] SWq=0x7fbf2fd32000, HWq=0x7fbf1cc00000, id=1, BarrierAND Header = 0x1503 (type=3, barrier=1, acquire=2, release=2), dep_signal=[0x0, 0x0, 0x0, 0x0, 0x0], completion_signal=0x7fbf2fbfce80
:3:rocvirtual.hpp           :56  : 4393570668038 us: [pid:4164447 tid: 0x7fbf38fc0200] Host active wait for Signal = (0x7fbf2fbfce80) for -1 ns
:4:commandqueue.cpp         :184 : 4393570668173 us: [pid:4164447 tid: 0x7fbf38fc0200] All commands finished
:3:hip_device_runtime.cpp   :645 : 4393570668619 us: [pid:4164447 tid: 0x7fbf38fc0200] hipDeviceSynchronize: Returned hipSuccess : 
:3:rocvirtual.cpp           :226 : 4393570668190 us: [pid:4164447 tid: 0x7fbdffbff6c0] Handler: value(0), timestamp(0x1a71cb10), handle(0x7fbf2fbfce80)
:3:hip_memory.cpp           :795 : 4393570668633 us: [pid:4164447 tid: 0x7fbf38fc0200] [32m hipMemcpy ( 0x7fbf31a84010, 0x7fbdde400000, 30720000, hipMemcpyDeviceToHost ) [0m
:4:command.cpp              :169 : 4393570668644 us: [pid:4164447 tid: 0x7fbdffbff6c0] Command 0x1a71c8d0 complete
:4:command.cpp              :359 : 4393570668657 us: [pid:4164447 tid: 0x7fbf38fc0200] Command (CopyDeviceToHost) enqueued: 0x1a71cd20
:4:rocblit.cpp              :1673: 4393570668672 us: [pid:4164447 tid: 0x7fbf38fc0200] Unpinned read path, Async = 0
:4:command.cpp              :163 : 4393570668664 us: [pid:4164447 tid: 0x7fbdffbff6c0] Command 0x1a58f940 complete (Wall: 4393570668662, CPU: 0, GPU: 651 us)
:4:rocmemory.cpp            :1018: 4393570678433 us: [pid:4164447 tid: 0x7fbf38fc0200] Locking to pool 0x19dc9ed0, size 0x1d4d000, HostPtr = 0x7fbf31a84000, DevPtr = 0x7fbf31a84000
:4:rocblit.cpp              :623 : 4393570678454 us: [pid:4164447 tid: 0x7fbf38fc0200] HSA Copy Using Pinned resource size 30720000
:4:rocblit.cpp              :687 : 4393570678465 us: [pid:4164447 tid: 0x7fbf38fc0200] HSA Async Copy staged D2H
:4:rocblit.cpp              :503 : 4393570678474 us: [pid:4164447 tid: 0x7fbf38fc0200] Last copy mask 0x0
:4:rocblit.cpp              :509 : 4393570678483 us: [pid:4164447 tid: 0x7fbf38fc0200] Query copy engine status 0, free_engine mask 0x1e
:4:rocblit.cpp              :520 : 4393570678494 us: [pid:4164447 tid: 0x7fbf38fc0200] HSA Async Copy on copy_engine=0x2, dst=0x7fbf31a84010, src=0x7fbdde400000, size=30720000, forceSDMA=0, wait_event=0x0, completion_signal=0x7fbf2fbfef80
:4:rocvirtual.cpp           :622 : 4393570678507 us: [pid:4164447 tid: 0x7fbf38fc0200] Host wait on completion_signal=0x7fbf2fbfef80
:3:rocvirtual.hpp           :56  : 4393570678515 us: [pid:4164447 tid: 0x7fbf38fc0200] Host active wait for Signal = (0x7fbf2fbfef80) for -1 ns
:4:commandqueue.cpp         :161 : 4393570679610 us: [pid:4164447 tid: 0x7fbf38fc0200] Marker queued to ensure finish
:4:command.cpp              :359 : 4393570679635 us: [pid:4164447 tid: 0x7fbf38fc0200] Command (InternalMarker) enqueued: 0x1a573190
:3:rocvirtual.cpp           :533 : 4393570679672 us: [pid:4164447 tid: 0x7fbf38fc0200] Set Handler: handle(0x7fbf2fbfce00), timestamp(0x1a71ca90)
:4:rocvirtual.cpp           :1147: 4393570679686 us: [pid:4164447 tid: 0x7fbf38fc0200] SWq=0x7fbf2fd32000, HWq=0x7fbf1cc00000, id=1, BarrierAND Header = 0x1503 (type=3, barrier=1, acquire=2, release=2), dep_signal=[0x0, 0x0, 0x0, 0x0, 0x0], completion_signal=0x7fbf2fbfce00
:4:commandqueue.cpp         :184 : 4393570679700 us: [pid:4164447 tid: 0x7fbf38fc0200] All commands finished
:3:rocvirtual.cpp           :226 : 4393570679707 us: [pid:4164447 tid: 0x7fbdffbff6c0] Handler: value(0), timestamp(0x1a71cb10), handle(0x7fbf2fbfce00)
:4:command.cpp              :169 : 4393570679727 us: [pid:4164447 tid: 0x7fbdffbff6c0] Command 0x1a71cd20 complete
:4:command.cpp              :163 : 4393570679738 us: [pid:4164447 tid: 0x7fbdffbff6c0] Command 0x1a573190 complete (Wall: 4393570679736, CPU: 0, GPU: 91 us)
:3:hip_memory.cpp           :796 : 4393570679708 us: [pid:4164447 tid: 0x7fbf38fc0200] hipMemcpy: Returned hipSuccess : : duration: 11075 us
:3:hip_memory.cpp           :3476: 4393570758132 us: [pid:4164447 tid: 0x7fbf38fc0200] [32m hipMemset ( 0x7fbdde400000, 0, 30720000 ) [0m
:4:command.cpp              :359 : 4393570758167 us: [pid:4164447 tid: 0x7fbf38fc0200] Command (FillBuffer) enqueued: 0x1a62e510
:3:rocvirtual.cpp           :762 : 4393570758183 us: [pid:4164447 tid: 0x7fbf38fc0200] Arg0: void* buf = ptr:0x7fbdde400000
:3:rocvirtual.cpp           :778 : 4393570758188 us: [pid:4164447 tid: 0x7fbf38fc0200] Arg0: void* buf = ptr:0x7fbdde400000 obj:[0x7fbdde400000-0x7fbde014c000]
:3:rocvirtual.cpp           :762 : 4393570758196 us: [pid:4164447 tid: 0x7fbf38fc0200] Arg1: uchar* pattern = ptr:0x7fbf1ca00000
:3:rocvirtual.cpp           :853 : 4393570758204 us: [pid:4164447 tid: 0x7fbf38fc0200] Arg2: uint pattern_size = val:1
:3:rocvirtual.cpp           :853 : 4393570758209 us: [pid:4164447 tid: 0x7fbf38fc0200] Arg3: uint alignment = val:16
:3:rocvirtual.cpp           :853 : 4393570758214 us: [pid:4164447 tid: 0x7fbf38fc0200] Arg4: ulong end_ptr = val:140453485002752
:3:rocvirtual.cpp           :853 : 4393570758222 us: [pid:4164447 tid: 0x7fbf38fc0200] Arg5: uint next_chunk = val:26624
:3:rocvirtual.cpp           :3236: 4393570758227 us: [pid:4164447 tid: 0x7fbf38fc0200] ShaderName : __amd_rocclr_fillBufferAligned
:3:rocvirtual.cpp           :3449: 4393570758236 us: [pid:4164447 tid: 0x7fbf38fc0200] KernargSegmentByteSize = 296 KernargSegmentAlignment = 128
:4:rocvirtual.cpp           :965 : 4393570758247 us: [pid:4164447 tid: 0x7fbf38fc0200] SWq=0x7fbf2fd32000, HWq=0x7fbf1cc00000, id=1, Dispatch Header = 0x1502 (type=2, barrier=1, acquire=2, release=2), setup=1, grid=[26624, 1, 1], workgroup=[256, 1, 1], private_seg_size=0, group_seg_size=0, kernel_obj=0x7fbf2fd1dd40, kernarg_address=0x7fbf1ca00100, completion_signal=0x0, correlation_id=0, rptr=21, wptr=21
:3:hip_memory.cpp           :3477: 4393570758263 us: [pid:4164447 tid: 0x7fbf38fc0200] hipMemset: Returned hipSuccess : 
:3:hip_device_runtime.cpp   :641 : 4393570758269 us: [pid:4164447 tid: 0x7fbf38fc0200] [32m hipDeviceSynchronize (  ) [0m
:4:commandqueue.cpp         :161 : 4393570758277 us: [pid:4164447 tid: 0x7fbf38fc0200] Marker queued to ensure finish
:4:command.cpp              :359 : 4393570758810 us: [pid:4164447 tid: 0x7fbf38fc0200] Command (InternalMarker) enqueued: 0x1a573190
:3:rocvirtual.cpp           :533 : 4393570758840 us: [pid:4164447 tid: 0x7fbf38fc0200] Set Handler: handle(0x7fbf2fbfcd80), timestamp(0x1a71c910)
:4:rocvirtual.cpp           :1147: 4393570758850 us: [pid:4164447 tid: 0x7fbf38fc0200] SWq=0x7fbf2fd32000, HWq=0x7fbf1cc00000, id=1, BarrierAND Header = 0x1503 (type=3, barrier=1, acquire=2, release=2), dep_signal=[0x0, 0x0, 0x0, 0x0, 0x0], completion_signal=0x7fbf2fbfcd80
:4:commandqueue.cpp         :184 : 4393570758867 us: [pid:4164447 tid: 0x7fbf38fc0200] All commands finished
:3:rocvirtual.cpp           :226 : 4393570758869 us: [pid:4164447 tid: 0x7fbdffbff6c0] Handler: value(0), timestamp(0x1a4d7760), handle(0x7fbf2fbfcd80)
:4:command.cpp              :169 : 4393570758901 us: [pid:4164447 tid: 0x7fbdffbff6c0] Command 0x1a62e510 complete
:3:hip_device_runtime.cpp   :645 : 4393570758880 us: [pid:4164447 tid: 0x7fbf38fc0200] hipDeviceSynchronize: Returned hipSuccess : 
:3:hip_platform.cpp         :237 : 4393570758925 us: [pid:4164447 tid: 0x7fbf38fc0200] [32m __hipPushCallConfiguration ( {8,1,1}, {256,1,1}, 0, stream:<null> ) [0m
:4:command.cpp              :163 : 4393570758910 us: [pid:4164447 tid: 0x7fbdffbff6c0] Command 0x1a573190 complete (Wall: 4393570758909, CPU: 0, GPU: 89 us)
:3:hip_platform.cpp         :241 : 4393570758950 us: [pid:4164447 tid: 0x7fbf38fc0200] __hipPushCallConfiguration: Returned hipSuccess : 
:3:hip_platform.cpp         :246 : 4393570758960 us: [pid:4164447 tid: 0x7fbf38fc0200] [32m __hipPopCallConfiguration ( {1131604050,32703,256}, {2118224,0,2169324560}, 0x7ffc814d4160, 0x7ffc814d4158 ) [0m
:3:hip_platform.cpp         :255 : 4393570758968 us: [pid:4164447 tid: 0x7fbf38fc0200] __hipPopCallConfiguration: Returned hipSuccess : 
:3:hip_module.cpp           :744 : 4393570758980 us: [pid:4164447 tid: 0x7fbf38fc0200] [32m hipLaunchKernel ( 0x200fd8, {8,1,1}, {256,1,1}, 0x7ffc814d4110, 0, stream:<null> ) [0m
:4:command.cpp              :359 : 4393570759583 us: [pid:4164447 tid: 0x7fbf38fc0200] Command (KernelExecution) enqueued: 0x1a57c620
:3:rocvirtual.cpp           :762 : 4393570759593 us: [pid:4164447 tid: 0x7fbf38fc0200] Arg0:   = ptr:0x7fbe03a00000
:3:rocvirtual.cpp           :778 : 4393570759598 us: [pid:4164447 tid: 0x7fbf38fc0200] Arg0:   = ptr:0x7fbe03a00000 obj:[0x7fbe03a00000-0x7fbe0574c000]
:3:rocvirtual.cpp           :762 : 4393570759606 us: [pid:4164447 tid: 0x7fbf38fc0200] Arg1:   = ptr:0x7fbded400000
:3:rocvirtual.cpp           :778 : 4393570759611 us: [pid:4164447 tid: 0x7fbf38fc0200] Arg1:   = ptr:0x7fbded400000 obj:[0x7fbded400000-0x7fbded406000]
:3:rocvirtual.cpp           :762 : 4393570759618 us: [pid:4164447 tid: 0x7fbf38fc0200] Arg2:   = ptr:0x7fbdde400000
:3:rocvirtual.cpp           :778 : 4393570759623 us: [pid:4164447 tid: 0x7fbf38fc0200] Arg2:   = ptr:0x7fbdde400000 obj:[0x7fbdde400000-0x7fbde014c000]
:3:rocvirtual.cpp           :853 : 4393570759631 us: [pid:4164447 tid: 0x7fbf38fc0200] Arg3:   = val:768
:3:rocvirtual.cpp           :762 : 4393570759636 us: [pid:4164447 tid: 0x7fbf38fc0200] Arg4:   = ptr:0x7fbded406000
:3:rocvirtual.cpp           :778 : 4393570759641 us: [pid:4164447 tid: 0x7fbf38fc0200] Arg4:   = ptr:0x7fbded406000 obj:[0x7fbded406000-0x7fbded406024]
:3:rocvirtual.cpp           :3236: 4393570759648 us: [pid:4164447 tid: 0x7fbf38fc0200] ShaderName : void dense_esuhm<float>(float const*, float const*, float*, int, int const*)
:3:rocvirtual.cpp           :3449: 4393570759657 us: [pid:4164447 tid: 0x7fbf38fc0200] KernargSegmentByteSize = 296 KernargSegmentAlignment = 128
:4:rocvirtual.cpp           :965 : 4393570759667 us: [pid:4164447 tid: 0x7fbf38fc0200] SWq=0x7fbf2fd32000, HWq=0x7fbf1cc00000, id=1, Dispatch Header = 0xb02 (type=2, barrier=1, acquire=1, release=1), setup=3, grid=[2048, 1, 1], workgroup=[256, 1, 1], private_seg_size=140, group_seg_size=0, kernel_obj=0x7fbf2fcf1980, kernarg_address=0x7fbf1ca00280, completion_signal=0x0, correlation_id=0, rptr=23, wptr=23
:3:hip_module.cpp           :745 : 4393570759681 us: [pid:4164447 tid: 0x7fbf38fc0200] hipLaunchKernel: Returned hipSuccess : : duration: 701 us
:3:hip_device_runtime.cpp   :641 : 4393570759689 us: [pid:4164447 tid: 0x7fbf38fc0200] [32m hipDeviceSynchronize (  ) [0m
:4:commandqueue.cpp         :161 : 4393570759694 us: [pid:4164447 tid: 0x7fbf38fc0200] Marker queued to ensure finish
:4:command.cpp              :359 : 4393570759699 us: [pid:4164447 tid: 0x7fbf38fc0200] Command (InternalMarker) enqueued: 0x1a573190
:3:rocvirtual.cpp           :533 : 4393570759716 us: [pid:4164447 tid: 0x7fbf38fc0200] Set Handler: handle(0x7fbf2fbfcd00), timestamp(0x1a57c860)
:4:rocvirtual.cpp           :1147: 4393570759724 us: [pid:4164447 tid: 0x7fbf38fc0200] SWq=0x7fbf2fd32000, HWq=0x7fbf1cc00000, id=1, BarrierAND Header = 0x1503 (type=3, barrier=1, acquire=2, release=2), dep_signal=[0x0, 0x0, 0x0, 0x0, 0x0], completion_signal=0x7fbf2fbfcd00
:3:rocvirtual.hpp           :56  : 4393570759738 us: [pid:4164447 tid: 0x7fbf38fc0200] Host active wait for Signal = (0x7fbf2fbfcd00) for -1 ns
:4:commandqueue.cpp         :184 : 4393570760188 us: [pid:4164447 tid: 0x7fbf38fc0200] All commands finished
:3:hip_device_runtime.cpp   :645 : 4393570760195 us: [pid:4164447 tid: 0x7fbf38fc0200] hipDeviceSynchronize: Returned hipSuccess : 
:3:hip_memory.cpp           :795 : 4393570760210 us: [pid:4164447 tid: 0x7fbf38fc0200] [32m hipMemcpy ( 0x7fbf3551e010, 0x7fbdde400000, 30720000, hipMemcpyDeviceToHost ) [0m
:3:rocvirtual.cpp           :226 : 4393570759774 us: [pid:4164447 tid: 0x7fbdffbff6c0] Handler: value(0), timestamp(0x1a71ca20), handle(0x7fbf2fbfcd00)
:4:command.cpp              :169 : 4393570760230 us: [pid:4164447 tid: 0x7fbdffbff6c0] Command 0x1a57c620 complete
:4:command.cpp              :359 : 4393570760225 us: [pid:4164447 tid: 0x7fbf38fc0200] Command (CopyDeviceToHost) enqueued: 0x1a57c970
:4:rocblit.cpp              :1673: 4393570760248 us: [pid:4164447 tid: 0x7fbf38fc0200] Unpinned read path, Async = 0
:4:command.cpp              :163 : 4393570760238 us: [pid:4164447 tid: 0x7fbdffbff6c0] Command 0x1a573190 complete (Wall: 4393570760237, CPU: 0, GPU: 528 us)
:4:rocmemory.cpp            :1018: 4393570760270 us: [pid:4164447 tid: 0x7fbf38fc0200] Locking to pool 0x19dc9ed0, size 0x1d4d000, HostPtr = 0x7fbf3551e000, DevPtr = 0x7fbf3551e000
:4:rocblit.cpp              :623 : 4393570760278 us: [pid:4164447 tid: 0x7fbf38fc0200] HSA Copy Using Pinned resource size 30720000
:4:rocblit.cpp              :687 : 4393570760285 us: [pid:4164447 tid: 0x7fbf38fc0200] HSA Async Copy staged D2H
:4:rocblit.cpp              :503 : 4393570760290 us: [pid:4164447 tid: 0x7fbf38fc0200] Last copy mask 0x0
:4:rocblit.cpp              :509 : 4393570760298 us: [pid:4164447 tid: 0x7fbf38fc0200] Query copy engine status 0, free_engine mask 0x1e
:4:rocblit.cpp              :520 : 4393570760305 us: [pid:4164447 tid: 0x7fbf38fc0200] HSA Async Copy on copy_engine=0x2, dst=0x7fbf3551e010, src=0x7fbdde400000, size=30720000, forceSDMA=0, wait_event=0x0, completion_signal=0x7fbf2fbfed80
:4:rocvirtual.cpp           :622 : 4393570760650 us: [pid:4164447 tid: 0x7fbf38fc0200] Host wait on completion_signal=0x7fbf2fbfed80
:3:rocvirtual.hpp           :56  : 4393570760657 us: [pid:4164447 tid: 0x7fbf38fc0200] Host active wait for Signal = (0x7fbf2fbfed80) for -1 ns
:4:commandqueue.cpp         :161 : 4393570761750 us: [pid:4164447 tid: 0x7fbf38fc0200] Marker queued to ensure finish
:4:command.cpp              :359 : 4393570761758 us: [pid:4164447 tid: 0x7fbf38fc0200] Command (InternalMarker) enqueued: 0x1a60c1a0
:3:rocvirtual.cpp           :533 : 4393570761773 us: [pid:4164447 tid: 0x7fbf38fc0200] Set Handler: handle(0x7fbf2fbfcc80), timestamp(0x1a4d7820)
:4:rocvirtual.cpp           :1147: 4393570761781 us: [pid:4164447 tid: 0x7fbf38fc0200] SWq=0x7fbf2fd32000, HWq=0x7fbf1cc00000, id=1, BarrierAND Header = 0x1503 (type=3, barrier=1, acquire=2, release=2), dep_signal=[0x0, 0x0, 0x0, 0x0, 0x0], completion_signal=0x7fbf2fbfcc80
:4:commandqueue.cpp         :184 : 4393570761792 us: [pid:4164447 tid: 0x7fbf38fc0200] All commands finished
:3:hip_memory.cpp           :796 : 4393570761797 us: [pid:4164447 tid: 0x7fbf38fc0200] hipMemcpy: Returned hipSuccess : : duration: 1587 us
:3:hip_memory.cpp           :3476: 4393570761806 us: [pid:4164447 tid: 0x7fbf38fc0200] [32m hipMemset ( 0x7fbdde400000, 0, 30720000 ) [0m
:4:command.cpp              :359 : 4393570761817 us: [pid:4164447 tid: 0x7fbf38fc0200] Command (FillBuffer) enqueued: 0x1a5de2e0
:3:rocvirtual.cpp           :226 : 4393570761806 us: [pid:4164447 tid: 0x7fbdffbff6c0] Handler: value(0), timestamp(0x1a71ca20), handle(0x7fbf2fbfcc80)
:4:command.cpp              :169 : 4393570761840 us: [pid:4164447 tid: 0x7fbdffbff6c0] Command 0x1a57c970 complete
:4:command.cpp              :163 : 4393570761850 us: [pid:4164447 tid: 0x7fbdffbff6c0] Command 0x1a60c1a0 complete (Wall: 4393570761848, CPU: 0, GPU: 82 us)
:3:rocvirtual.cpp           :762 : 4393570761852 us: [pid:4164447 tid: 0x7fbf38fc0200] Arg0: void* buf = ptr:0x7fbdde400000
:3:rocvirtual.cpp           :778 : 4393570761873 us: [pid:4164447 tid: 0x7fbf38fc0200] Arg0: void* buf = ptr:0x7fbdde400000 obj:[0x7fbdde400000-0x7fbde014c000]
:3:rocvirtual.cpp           :762 : 4393570761881 us: [pid:4164447 tid: 0x7fbf38fc0200] Arg1: uchar* pattern = ptr:0x7fbf1ca00000
:3:rocvirtual.cpp           :853 : 4393570762321 us: [pid:4164447 tid: 0x7fbf38fc0200] Arg2: uint pattern_size = val:1
:3:rocvirtual.cpp           :853 : 4393570762326 us: [pid:4164447 tid: 0x7fbf38fc0200] Arg3: uint alignment = val:16
:3:rocvirtual.cpp           :853 : 4393570762331 us: [pid:4164447 tid: 0x7fbf38fc0200] Arg4: ulong end_ptr = val:140453485002752
:3:rocvirtual.cpp           :853 : 4393570762338 us: [pid:4164447 tid: 0x7fbf38fc0200] Arg5: uint next_chunk = val:26624
:3:rocvirtual.cpp           :3236: 4393570762343 us: [pid:4164447 tid: 0x7fbf38fc0200] ShaderName : __amd_rocclr_fillBufferAligned
:3:rocvirtual.cpp           :3449: 4393570762352 us: [pid:4164447 tid: 0x7fbf38fc0200] KernargSegmentByteSize = 296 KernargSegmentAlignment = 128
:4:rocvirtual.cpp           :965 : 4393570762361 us: [pid:4164447 tid: 0x7fbf38fc0200] SWq=0x7fbf2fd32000, HWq=0x7fbf1cc00000, id=1, Dispatch Header = 0x1502 (type=2, barrier=1, acquire=2, release=2), setup=1, grid=[26624, 1, 1], workgroup=[256, 1, 1], private_seg_size=0, group_seg_size=0, kernel_obj=0x7fbf2fd1dd40, kernarg_address=0x7fbf1ca00100, completion_signal=0x0, correlation_id=0, rptr=26, wptr=26
:3:hip_memory.cpp           :3477: 4393570762376 us: [pid:4164447 tid: 0x7fbf38fc0200] hipMemset: Returned hipSuccess : 
:3:hip_device_runtime.cpp   :641 : 4393570762381 us: [pid:4164447 tid: 0x7fbf38fc0200] [32m hipDeviceSynchronize (  ) [0m
:4:commandqueue.cpp         :161 : 4393570762387 us: [pid:4164447 tid: 0x7fbf38fc0200] Marker queued to ensure finish
:4:command.cpp              :359 : 4393570762391 us: [pid:4164447 tid: 0x7fbf38fc0200] Command (InternalMarker) enqueued: 0x1a57cbb0
:3:rocvirtual.cpp           :533 : 4393570762405 us: [pid:4164447 tid: 0x7fbf38fc0200] Set Handler: handle(0x7fbf2fbfcc00), timestamp(0x1a71cb80)
:4:rocvirtual.cpp           :1147: 4393570762414 us: [pid:4164447 tid: 0x7fbf38fc0200] SWq=0x7fbf2fd32000, HWq=0x7fbf1cc00000, id=1, BarrierAND Header = 0x1503 (type=3, barrier=1, acquire=2, release=2), dep_signal=[0x0, 0x0, 0x0, 0x0, 0x0], completion_signal=0x7fbf2fbfcc00
:4:commandqueue.cpp         :184 : 4393570762424 us: [pid:4164447 tid: 0x7fbf38fc0200] All commands finished
:3:hip_device_runtime.cpp   :645 : 4393570762429 us: [pid:4164447 tid: 0x7fbf38fc0200] hipDeviceSynchronize: Returned hipSuccess : 
:3:rocvirtual.cpp           :226 : 4393570762435 us: [pid:4164447 tid: 0x7fbdffbff6c0] Handler: value(0), timestamp(0x1a57ccd0), handle(0x7fbf2fbfcc00)
:4:command.cpp              :169 : 4393570762946 us: [pid:4164447 tid: 0x7fbdffbff6c0] Command 0x1a5de2e0 complete
:4:command.cpp              :163 : 4393570762952 us: [pid:4164447 tid: 0x7fbdffbff6c0] Command 0x1a57cbb0 complete (Wall: 4393570762951, CPU: 0, GPU: 552 us)
:3:hip_platform.cpp         :237 : 4393570762937 us: [pid:4164447 tid: 0x7fbf38fc0200] [32m __hipPushCallConfiguration ( {8,1,1}, {256,1,1}, 0, stream:<null> ) [0m
:3:hip_platform.cpp         :241 : 4393570762976 us: [pid:4164447 tid: 0x7fbf38fc0200] __hipPushCallConfiguration: Returned hipSuccess : 
:3:hip_platform.cpp         :246 : 4393570762987 us: [pid:4164447 tid: 0x7fbf38fc0200] [32m __hipPopCallConfiguration ( {1131604050,32703,256}, {2118224,0,2169324560}, 0x7ffc814d4160, 0x7ffc814d4158 ) [0m
:3:hip_platform.cpp         :255 : 4393570762998 us: [pid:4164447 tid: 0x7fbf38fc0200] __hipPopCallConfiguration: Returned hipSuccess : 
:3:hip_module.cpp           :744 : 4393570763008 us: [pid:4164447 tid: 0x7fbf38fc0200] [32m hipLaunchKernel ( 0x200fe0, {8,1,1}, {256,1,1}, 0x7ffc814d4110, 0, stream:<null> ) [0m
:4:command.cpp              :359 : 4393570763021 us: [pid:4164447 tid: 0x7fbf38fc0200] Command (KernelExecution) enqueued: 0x1a57c970
:3:rocvirtual.cpp           :762 : 4393570763030 us: [pid:4164447 tid: 0x7fbf38fc0200] Arg0:   = ptr:0x7fbe03a00000
:3:rocvirtual.cpp           :778 : 4393570763034 us: [pid:4164447 tid: 0x7fbf38fc0200] Arg0:   = ptr:0x7fbe03a00000 obj:[0x7fbe03a00000-0x7fbe0574c000]
:3:rocvirtual.cpp           :762 : 4393570763042 us: [pid:4164447 tid: 0x7fbf38fc0200] Arg1:   = ptr:0x7fbded400000
:3:rocvirtual.cpp           :778 : 4393570763448 us: [pid:4164447 tid: 0x7fbf38fc0200] Arg1:   = ptr:0x7fbded400000 obj:[0x7fbded400000-0x7fbded406000]
:3:rocvirtual.cpp           :762 : 4393570763456 us: [pid:4164447 tid: 0x7fbf38fc0200] Arg2:   = ptr:0x7fbdde400000
:3:rocvirtual.cpp           :778 : 4393570763460 us: [pid:4164447 tid: 0x7fbf38fc0200] Arg2:   = ptr:0x7fbdde400000 obj:[0x7fbdde400000-0x7fbde014c000]
:3:rocvirtual.cpp           :853 : 4393570763468 us: [pid:4164447 tid: 0x7fbf38fc0200] Arg3:   = val:768
:3:rocvirtual.cpp           :762 : 4393570763472 us: [pid:4164447 tid: 0x7fbf38fc0200] Arg4:   = ptr:0x7fbded406000
:3:rocvirtual.cpp           :778 : 4393570763477 us: [pid:4164447 tid: 0x7fbf38fc0200] Arg4:   = ptr:0x7fbded406000 obj:[0x7fbded406000-0x7fbded406024]
:3:rocvirtual.cpp           :3236: 4393570763485 us: [pid:4164447 tid: 0x7fbf38fc0200] ShaderName : void dense_esuhm2<float>(float const*, float const*, float*, int, int const*)
:3:rocvirtual.cpp           :3449: 4393570763493 us: [pid:4164447 tid: 0x7fbf38fc0200] KernargSegmentByteSize = 296 KernargSegmentAlignment = 128
:4:rocvirtual.cpp           :965 : 4393570763502 us: [pid:4164447 tid: 0x7fbf38fc0200] SWq=0x7fbf2fd32000, HWq=0x7fbf1cc00000, id=1, Dispatch Header = 0xb02 (type=2, barrier=1, acquire=1, release=1), setup=3, grid=[2048, 1, 1], workgroup=[256, 1, 1], private_seg_size=140, group_seg_size=0, kernel_obj=0x7fbf2fcf19c0, kernarg_address=0x7fbf1ca00280, completion_signal=0x0, correlation_id=0, rptr=28, wptr=28
:3:hip_module.cpp           :745 : 4393570763515 us: [pid:4164447 tid: 0x7fbf38fc0200] hipLaunchKernel: Returned hipSuccess : : duration: 507 us
:3:hip_device_runtime.cpp   :641 : 4393570763523 us: [pid:4164447 tid: 0x7fbf38fc0200] [32m hipDeviceSynchronize (  ) [0m
:4:commandqueue.cpp         :161 : 4393570763528 us: [pid:4164447 tid: 0x7fbf38fc0200] Marker queued to ensure finish
:4:command.cpp              :359 : 4393570763533 us: [pid:4164447 tid: 0x7fbf38fc0200] Command (InternalMarker) enqueued: 0x1a57cbb0
:3:rocvirtual.cpp           :533 : 4393570763546 us: [pid:4164447 tid: 0x7fbf38fc0200] Set Handler: handle(0x7fbf2fbfcb80), timestamp(0x1a588620)
:4:rocvirtual.cpp           :1147: 4393570763554 us: [pid:4164447 tid: 0x7fbf38fc0200] SWq=0x7fbf2fd32000, HWq=0x7fbf1cc00000, id=1, BarrierAND Header = 0x1503 (type=3, barrier=1, acquire=2, release=2), dep_signal=[0x0, 0x0, 0x0, 0x0, 0x0], completion_signal=0x7fbf2fbfcb80
:4:commandqueue.cpp         :184 : 4393570763958 us: [pid:4164447 tid: 0x7fbf38fc0200] All commands finished
:3:hip_device_runtime.cpp   :645 : 4393570763965 us: [pid:4164447 tid: 0x7fbf38fc0200] hipDeviceSynchronize: Returned hipSuccess : 
:3:rocvirtual.cpp           :226 : 4393570763590 us: [pid:4164447 tid: 0x7fbdffbff6c0] Handler: value(0), timestamp(0x1a57c720), handle(0x7fbf2fbfcb80)
:4:command.cpp              :169 : 4393570763993 us: [pid:4164447 tid: 0x7fbdffbff6c0] Command 0x1a57c970 complete
:3:hip_memory.cpp           :795 : 4393570763988 us: [pid:4164447 tid: 0x7fbf38fc0200] [32m hipMemcpy ( 0x7fbf337d1010, 0x7fbdde400000, 30720000, hipMemcpyDeviceToHost ) [0m
:4:command.cpp              :359 : 4393570764023 us: [pid:4164447 tid: 0x7fbf38fc0200] Command (CopyDeviceToHost) enqueued: 0x1a57c970
:4:rocblit.cpp              :1673: 4393570764036 us: [pid:4164447 tid: 0x7fbf38fc0200] Unpinned read path, Async = 0
:4:command.cpp              :163 : 4393570764009 us: [pid:4164447 tid: 0x7fbdffbff6c0] Command 0x1a57cbb0 complete (Wall: 4393570763999, CPU: 0, GPU: 459 us)
:4:rocmemory.cpp            :1018: 4393570764052 us: [pid:4164447 tid: 0x7fbf38fc0200] Locking to pool 0x19dc9ed0, size 0x1d4d000, HostPtr = 0x7fbf337d1000, DevPtr = 0x7fbf337d1000
:4:rocblit.cpp              :623 : 4393570764061 us: [pid:4164447 tid: 0x7fbf38fc0200] HSA Copy Using Pinned resource size 30720000
:4:rocblit.cpp              :687 : 4393570764068 us: [pid:4164447 tid: 0x7fbf38fc0200] HSA Async Copy staged D2H
:4:rocblit.cpp              :503 : 4393570764073 us: [pid:4164447 tid: 0x7fbf38fc0200] Last copy mask 0x0
:4:rocblit.cpp              :509 : 4393570764079 us: [pid:4164447 tid: 0x7fbf38fc0200] Query copy engine status 0, free_engine mask 0x1e
:4:rocblit.cpp              :520 : 4393570764651 us: [pid:4164447 tid: 0x7fbf38fc0200] HSA Async Copy on copy_engine=0x2, dst=0x7fbf337d1010, src=0x7fbdde400000, size=30720000, forceSDMA=0, wait_event=0x0, completion_signal=0x7fbf2fbfeb80
:4:rocvirtual.cpp           :622 : 4393570764660 us: [pid:4164447 tid: 0x7fbf38fc0200] Host wait on completion_signal=0x7fbf2fbfeb80
:3:rocvirtual.hpp           :56  : 4393570764668 us: [pid:4164447 tid: 0x7fbf38fc0200] Host active wait for Signal = (0x7fbf2fbfeb80) for -1 ns
:4:commandqueue.cpp         :161 : 4393570765764 us: [pid:4164447 tid: 0x7fbf38fc0200] Marker queued to ensure finish
:4:command.cpp              :359 : 4393570765771 us: [pid:4164447 tid: 0x7fbf38fc0200] Command (InternalMarker) enqueued: 0x1a5887b0
:3:rocvirtual.cpp           :533 : 4393570765785 us: [pid:4164447 tid: 0x7fbf38fc0200] Set Handler: handle(0x7fbf2fbfcb00), timestamp(0x1a5888d0)
:4:rocvirtual.cpp           :1147: 4393570765794 us: [pid:4164447 tid: 0x7fbf38fc0200] SWq=0x7fbf2fd32000, HWq=0x7fbf1cc00000, id=1, BarrierAND Header = 0x1503 (type=3, barrier=1, acquire=2, release=2), dep_signal=[0x0, 0x0, 0x0, 0x0, 0x0], completion_signal=0x7fbf2fbfcb00
:4:commandqueue.cpp         :184 : 4393570765806 us: [pid:4164447 tid: 0x7fbf38fc0200] All commands finished
:3:hip_memory.cpp           :796 : 4393570765811 us: [pid:4164447 tid: 0x7fbf38fc0200] hipMemcpy: Returned hipSuccess : : duration: 1823 us
:3:rocvirtual.cpp           :226 : 4393570765821 us: [pid:4164447 tid: 0x7fbdffbff6c0] Handler: value(0), timestamp(0x1a57c720), handle(0x7fbf2fbfcb00)
:4:command.cpp              :169 : 4393570765847 us: [pid:4164447 tid: 0x7fbdffbff6c0] Command 0x1a57c970 complete
:3:hip_memory.cpp           :3476: 4393570765821 us: [pid:4164447 tid: 0x7fbf38fc0200] [32m hipMemset ( 0x7fbdde400000, 0, 30720000 ) [0m
:4:command.cpp              :163 : 4393570766339 us: [pid:4164447 tid: 0x7fbdffbff6c0] Command 0x1a5887b0 complete (Wall: 4393570766337, CPU: 0, GPU: 558 us)
:4:command.cpp              :359 : 4393570766372 us: [pid:4164447 tid: 0x7fbf38fc0200] Command (FillBuffer) enqueued: 0x1a606cf0
:3:rocvirtual.cpp           :762 : 4393570766407 us: [pid:4164447 tid: 0x7fbf38fc0200] Arg0: void* buf = ptr:0x7fbdde400000
:3:rocvirtual.cpp           :778 : 4393570766412 us: [pid:4164447 tid: 0x7fbf38fc0200] Arg0: void* buf = ptr:0x7fbdde400000 obj:[0x7fbdde400000-0x7fbde014c000]
:3:rocvirtual.cpp           :762 : 4393570766420 us: [pid:4164447 tid: 0x7fbf38fc0200] Arg1: uchar* pattern = ptr:0x7fbf1ca00000
:3:rocvirtual.cpp           :853 : 4393570766427 us: [pid:4164447 tid: 0x7fbf38fc0200] Arg2: uint pattern_size = val:1
:3:rocvirtual.cpp           :853 : 4393570766432 us: [pid:4164447 tid: 0x7fbf38fc0200] Arg3: uint alignment = val:16
:3:rocvirtual.cpp           :853 : 4393570766437 us: [pid:4164447 tid: 0x7fbf38fc0200] Arg4: ulong end_ptr = val:140453485002752
:3:rocvirtual.cpp           :853 : 4393570766444 us: [pid:4164447 tid: 0x7fbf38fc0200] Arg5: uint next_chunk = val:26624
:3:rocvirtual.cpp           :3236: 4393570766451 us: [pid:4164447 tid: 0x7fbf38fc0200] ShaderName : __amd_rocclr_fillBufferAligned
:3:rocvirtual.cpp           :3449: 4393570766832 us: [pid:4164447 tid: 0x7fbf38fc0200] KernargSegmentByteSize = 296 KernargSegmentAlignment = 128
:4:rocvirtual.cpp           :965 : 4393570766841 us: [pid:4164447 tid: 0x7fbf38fc0200] SWq=0x7fbf2fd32000, HWq=0x7fbf1cc00000, id=1, Dispatch Header = 0x1502 (type=2, barrier=1, acquire=2, release=2), setup=1, grid=[26624, 1, 1], workgroup=[256, 1, 1], private_seg_size=0, group_seg_size=0, kernel_obj=0x7fbf2fd1dd40, kernarg_address=0x7fbf1ca00100, completion_signal=0x0, correlation_id=0, rptr=31, wptr=31
:3:hip_memory.cpp           :3477: 4393570766856 us: [pid:4164447 tid: 0x7fbf38fc0200] hipMemset: Returned hipSuccess : 
:3:hip_device_runtime.cpp   :641 : 4393570766861 us: [pid:4164447 tid: 0x7fbf38fc0200] [32m hipDeviceSynchronize (  ) [0m
:4:commandqueue.cpp         :161 : 4393570766866 us: [pid:4164447 tid: 0x7fbf38fc0200] Marker queued to ensure finish
:4:command.cpp              :359 : 4393570766871 us: [pid:4164447 tid: 0x7fbf38fc0200] Command (InternalMarker) enqueued: 0x1a5887b0
:3:rocvirtual.cpp           :533 : 4393570766887 us: [pid:4164447 tid: 0x7fbf38fc0200] Set Handler: handle(0x7fbf2fbfca80), timestamp(0x1a57ca20)
:4:rocvirtual.cpp           :1147: 4393570766896 us: [pid:4164447 tid: 0x7fbf38fc0200] SWq=0x7fbf2fd32000, HWq=0x7fbf1cc00000, id=1, BarrierAND Header = 0x1503 (type=3, barrier=1, acquire=2, release=2), dep_signal=[0x0, 0x0, 0x0, 0x0, 0x0], completion_signal=0x7fbf2fbfca80
:4:commandqueue.cpp         :184 : 4393570766906 us: [pid:4164447 tid: 0x7fbf38fc0200] All commands finished
:3:hip_device_runtime.cpp   :645 : 4393570766912 us: [pid:4164447 tid: 0x7fbf38fc0200] hipDeviceSynchronize: Returned hipSuccess : 
:3:hip_platform.cpp         :237 : 4393570766923 us: [pid:4164447 tid: 0x7fbf38fc0200] [32m __hipPushCallConfiguration ( {8,1,1}, {256,1,1}, 0, stream:<null> ) [0m
:3:hip_platform.cpp         :241 : 4393570766932 us: [pid:4164447 tid: 0x7fbf38fc0200] __hipPushCallConfiguration: Returned hipSuccess : 
:3:rocvirtual.cpp           :226 : 4393570766925 us: [pid:4164447 tid: 0x7fbdffbff6c0] Handler: value(0), timestamp(0x1a57c970), handle(0x7fbf2fbfca80)
:4:command.cpp              :169 : 4393570767459 us: [pid:4164447 tid: 0x7fbdffbff6c0] Command 0x1a606cf0 complete
:3:hip_platform.cpp         :246 : 4393570767448 us: [pid:4164447 tid: 0x7fbf38fc0200] [32m __hipPopCallConfiguration ( {1131604050,32703,256}, {2118224,0,2169324560}, 0x7ffc814d4160, 0x7ffc814d4158 ) [0m
:3:hip_platform.cpp         :255 : 4393570767476 us: [pid:4164447 tid: 0x7fbf38fc0200] __hipPopCallConfiguration: Returned hipSuccess : 
:4:command.cpp              :163 : 4393570767466 us: [pid:4164447 tid: 0x7fbdffbff6c0] Command 0x1a5887b0 complete (Wall: 4393570767465, CPU: 0, GPU: 586 us)
:3:hip_module.cpp           :744 : 4393570767488 us: [pid:4164447 tid: 0x7fbf38fc0200] [32m hipLaunchKernel ( 0x200fe8, {8,1,1}, {256,1,1}, 0x7ffc814d4110, 0, stream:<null> ) [0m
:4:command.cpp              :359 : 4393570767512 us: [pid:4164447 tid: 0x7fbf38fc0200] Command (KernelExecution) enqueued: 0x1a588990
:3:rocvirtual.cpp           :762 : 4393570767521 us: [pid:4164447 tid: 0x7fbf38fc0200] Arg0:   = ptr:0x7fbe03a00000
:3:rocvirtual.cpp           :778 : 4393570767525 us: [pid:4164447 tid: 0x7fbf38fc0200] Arg0:   = ptr:0x7fbe03a00000 obj:[0x7fbe03a00000-0x7fbe0574c000]
:3:rocvirtual.cpp           :762 : 4393570767533 us: [pid:4164447 tid: 0x7fbf38fc0200] Arg1:   = ptr:0x7fbded400000
:3:rocvirtual.cpp           :778 : 4393570767537 us: [pid:4164447 tid: 0x7fbf38fc0200] Arg1:   = ptr:0x7fbded400000 obj:[0x7fbded400000-0x7fbded406000]
:3:rocvirtual.cpp           :762 : 4393570767545 us: [pid:4164447 tid: 0x7fbf38fc0200] Arg2:   = ptr:0x7fbdde400000
:3:rocvirtual.cpp           :778 : 4393570767549 us: [pid:4164447 tid: 0x7fbf38fc0200] Arg2:   = ptr:0x7fbdde400000 obj:[0x7fbdde400000-0x7fbde014c000]
:3:rocvirtual.cpp           :853 : 4393570767557 us: [pid:4164447 tid: 0x7fbf38fc0200] Arg3:   = val:768
:3:rocvirtual.cpp           :762 : 4393570768070 us: [pid:4164447 tid: 0x7fbf38fc0200] Arg4:   = ptr:0x7fbded406000
:3:rocvirtual.cpp           :778 : 4393570768080 us: [pid:4164447 tid: 0x7fbf38fc0200] Arg4:   = ptr:0x7fbded406000 obj:[0x7fbded406000-0x7fbded406024]
:3:rocvirtual.cpp           :3236: 4393570768088 us: [pid:4164447 tid: 0x7fbf38fc0200] ShaderName : void dense_esuhm3<float>(float const*, float const*, float*, int, int const*)
:3:rocvirtual.cpp           :3449: 4393570768096 us: [pid:4164447 tid: 0x7fbf38fc0200] KernargSegmentByteSize = 296 KernargSegmentAlignment = 128
:4:rocvirtual.cpp           :965 : 4393570768105 us: [pid:4164447 tid: 0x7fbf38fc0200] SWq=0x7fbf2fd32000, HWq=0x7fbf1cc00000, id=1, Dispatch Header = 0xb02 (type=2, barrier=1, acquire=1, release=1), setup=3, grid=[2048, 1, 1], workgroup=[256, 1, 1], private_seg_size=140, group_seg_size=0, kernel_obj=0x7fbf2fcf1a00, kernarg_address=0x7fbf1ca00280, completion_signal=0x0, correlation_id=0, rptr=33, wptr=33
:3:hip_module.cpp           :745 : 4393570768119 us: [pid:4164447 tid: 0x7fbf38fc0200] hipLaunchKernel: Returned hipSuccess : : duration: 631 us
:3:hip_device_runtime.cpp   :641 : 4393570768127 us: [pid:4164447 tid: 0x7fbf38fc0200] [32m hipDeviceSynchronize (  ) [0m
:4:commandqueue.cpp         :161 : 4393570768132 us: [pid:4164447 tid: 0x7fbf38fc0200] Marker queued to ensure finish
:4:command.cpp              :359 : 4393570768136 us: [pid:4164447 tid: 0x7fbf38fc0200] Command (InternalMarker) enqueued: 0x1a5887b0
:3:rocvirtual.cpp           :533 : 4393570768149 us: [pid:4164447 tid: 0x7fbf38fc0200] Set Handler: handle(0x7fbf2fbfca00), timestamp(0x1a588c00)
:4:rocvirtual.cpp           :1147: 4393570768157 us: [pid:4164447 tid: 0x7fbf38fc0200] SWq=0x7fbf2fd32000, HWq=0x7fbf1cc00000, id=1, BarrierAND Header = 0x1503 (type=3, barrier=1, acquire=2, release=2), dep_signal=[0x0, 0x0, 0x0, 0x0, 0x0], completion_signal=0x7fbf2fbfca00
:3:rocvirtual.hpp           :56  : 4393570768167 us: [pid:4164447 tid: 0x7fbf38fc0200] Host active wait for Signal = (0x7fbf2fbfca00) for -1 ns
:4:commandqueue.cpp         :184 : 4393570768246 us: [pid:4164447 tid: 0x7fbf38fc0200] All commands finished
:3:rocvirtual.cpp           :226 : 4393570768264 us: [pid:4164447 tid: 0x7fbdffbff6c0] Handler: value(0), timestamp(0x1a588b50), handle(0x7fbf2fbfca00)
:4:command.cpp              :169 : 4393570768632 us: [pid:4164447 tid: 0x7fbdffbff6c0] Command 0x1a588990 complete
:4:command.cpp              :163 : 4393570768647 us: [pid:4164447 tid: 0x7fbdffbff6c0] Command 0x1a5887b0 complete (Wall: 4393570768646, CPU: 0, GPU: 503 us)
:3:hip_device_runtime.cpp   :645 : 4393570768618 us: [pid:4164447 tid: 0x7fbf38fc0200] hipDeviceSynchronize: Returned hipSuccess : 
:3:hip_memory.cpp           :795 : 4393570768683 us: [pid:4164447 tid: 0x7fbf38fc0200] [32m hipMemcpy ( 0x7fbf31a84010, 0x7fbdde400000, 30720000, hipMemcpyDeviceToHost ) [0m
:4:command.cpp              :359 : 4393570769127 us: [pid:4164447 tid: 0x7fbf38fc0200] Command (CopyDeviceToHost) enqueued: 0x1a588990
:4:rocblit.cpp              :1673: 4393570769137 us: [pid:4164447 tid: 0x7fbf38fc0200] Unpinned read path, Async = 0
:4:rocmemory.cpp            :1018: 4393570769165 us: [pid:4164447 tid: 0x7fbf38fc0200] Locking to pool 0x19dc9ed0, size 0x1d4d000, HostPtr = 0x7fbf31a84000, DevPtr = 0x7fbf31a84000
:4:rocblit.cpp              :623 : 4393570769178 us: [pid:4164447 tid: 0x7fbf38fc0200] HSA Copy Using Pinned resource size 30720000
:4:rocblit.cpp              :687 : 4393570769185 us: [pid:4164447 tid: 0x7fbf38fc0200] HSA Async Copy staged D2H
:4:rocblit.cpp              :503 : 4393570769191 us: [pid:4164447 tid: 0x7fbf38fc0200] Last copy mask 0x0
:4:rocblit.cpp              :509 : 4393570769198 us: [pid:4164447 tid: 0x7fbf38fc0200] Query copy engine status 0, free_engine mask 0x1e
:4:rocblit.cpp              :520 : 4393570769206 us: [pid:4164447 tid: 0x7fbf38fc0200] HSA Async Copy on copy_engine=0x2, dst=0x7fbf31a84010, src=0x7fbdde400000, size=30720000, forceSDMA=0, wait_event=0x0, completion_signal=0x7fbf2fbfe980
:4:rocvirtual.cpp           :622 : 4393570769216 us: [pid:4164447 tid: 0x7fbf38fc0200] Host wait on completion_signal=0x7fbf2fbfe980
:3:rocvirtual.hpp           :56  : 4393570769227 us: [pid:4164447 tid: 0x7fbf38fc0200] Host active wait for Signal = (0x7fbf2fbfe980) for -1 ns
:4:commandqueue.cpp         :161 : 4393570770315 us: [pid:4164447 tid: 0x7fbf38fc0200] Marker queued to ensure finish
:4:command.cpp              :359 : 4393570770322 us: [pid:4164447 tid: 0x7fbf38fc0200] Command (InternalMarker) enqueued: 0x1a5887b0
:3:rocvirtual.cpp           :533 : 4393570770336 us: [pid:4164447 tid: 0x7fbf38fc0200] Set Handler: handle(0x7fbf2fbfc980), timestamp(0x1a588d30)
:4:rocvirtual.cpp           :1147: 4393570770344 us: [pid:4164447 tid: 0x7fbf38fc0200] SWq=0x7fbf2fd32000, HWq=0x7fbf1cc00000, id=1, BarrierAND Header = 0x1503 (type=3, barrier=1, acquire=2, release=2), dep_signal=[0x0, 0x0, 0x0, 0x0, 0x0], completion_signal=0x7fbf2fbfc980
:4:commandqueue.cpp         :184 : 4393570770354 us: [pid:4164447 tid: 0x7fbf38fc0200] All commands finished
:3:hip_memory.cpp           :796 : 4393570770359 us: [pid:4164447 tid: 0x7fbf38fc0200] hipMemcpy: Returned hipSuccess : : duration: 1676 us
:3:rocvirtual.cpp           :226 : 4393570770372 us: [pid:4164447 tid: 0x7fbdffbff6c0] Handler: value(0), timestamp(0x1a588b50), handle(0x7fbf2fbfc980)
:4:command.cpp              :169 : 4393570770380 us: [pid:4164447 tid: 0x7fbdffbff6c0] Command 0x1a588990 complete
:4:command.cpp              :163 : 4393570770385 us: [pid:4164447 tid: 0x7fbdffbff6c0] Command 0x1a5887b0 complete (Wall: 4393570770384, CPU: 0, GPU: 54 us)
:3:hip_memory.cpp           :3476: 4393570873600 us: [pid:4164447 tid: 0x7fbf38fc0200] [32m hipMemset ( 0x7fbdde400000, 0, 30720000 ) [0m
:4:command.cpp              :359 : 4393570873630 us: [pid:4164447 tid: 0x7fbf38fc0200] Command (FillBuffer) enqueued: 0x1a52cd90
:3:rocvirtual.cpp           :762 : 4393570873648 us: [pid:4164447 tid: 0x7fbf38fc0200] Arg0: void* buf = ptr:0x7fbdde400000
:3:rocvirtual.cpp           :778 : 4393570873654 us: [pid:4164447 tid: 0x7fbf38fc0200] Arg0: void* buf = ptr:0x7fbdde400000 obj:[0x7fbdde400000-0x7fbde014c000]
:3:rocvirtual.cpp           :762 : 4393570873661 us: [pid:4164447 tid: 0x7fbf38fc0200] Arg1: uchar* pattern = ptr:0x7fbf1ca00000
:3:rocvirtual.cpp           :853 : 4393570873669 us: [pid:4164447 tid: 0x7fbf38fc0200] Arg2: uint pattern_size = val:1
:3:rocvirtual.cpp           :853 : 4393570873673 us: [pid:4164447 tid: 0x7fbf38fc0200] Arg3: uint alignment = val:16
:3:rocvirtual.cpp           :853 : 4393570873678 us: [pid:4164447 tid: 0x7fbf38fc0200] Arg4: ulong end_ptr = val:140453485002752
:3:rocvirtual.cpp           :853 : 4393570873685 us: [pid:4164447 tid: 0x7fbf38fc0200] Arg5: uint next_chunk = val:26624
:3:rocvirtual.cpp           :3236: 4393570873690 us: [pid:4164447 tid: 0x7fbf38fc0200] ShaderName : __amd_rocclr_fillBufferAligned
:3:rocvirtual.cpp           :3449: 4393570873698 us: [pid:4164447 tid: 0x7fbf38fc0200] KernargSegmentByteSize = 296 KernargSegmentAlignment = 128
:4:rocvirtual.cpp           :965 : 4393570873709 us: [pid:4164447 tid: 0x7fbf38fc0200] SWq=0x7fbf2fd32000, HWq=0x7fbf1cc00000, id=1, Dispatch Header = 0x1502 (type=2, barrier=1, acquire=2, release=2), setup=1, grid=[26624, 1, 1], workgroup=[256, 1, 1], private_seg_size=0, group_seg_size=0, kernel_obj=0x7fbf2fd1dd40, kernarg_address=0x7fbf1ca00100, completion_signal=0x0, correlation_id=0, rptr=36, wptr=36
:3:hip_memory.cpp           :3477: 4393570873725 us: [pid:4164447 tid: 0x7fbf38fc0200] hipMemset: Returned hipSuccess : 
:3:hip_device_runtime.cpp   :641 : 4393570873731 us: [pid:4164447 tid: 0x7fbf38fc0200] [32m hipDeviceSynchronize (  ) [0m
:4:commandqueue.cpp         :161 : 4393570873736 us: [pid:4164447 tid: 0x7fbf38fc0200] Marker queued to ensure finish
:4:command.cpp              :359 : 4393570873741 us: [pid:4164447 tid: 0x7fbf38fc0200] Command (InternalMarker) enqueued: 0x1a5887b0
:3:rocvirtual.cpp           :533 : 4393570873763 us: [pid:4164447 tid: 0x7fbf38fc0200] Set Handler: handle(0x7fbf2fbfc900), timestamp(0x1a588a40)
:4:rocvirtual.cpp           :1147: 4393570873772 us: [pid:4164447 tid: 0x7fbf38fc0200] SWq=0x7fbf2fd32000, HWq=0x7fbf1cc00000, id=1, BarrierAND Header = 0x1503 (type=3, barrier=1, acquire=2, release=2), dep_signal=[0x0, 0x0, 0x0, 0x0, 0x0], completion_signal=0x7fbf2fbfc900
:4:commandqueue.cpp         :184 : 4393570874285 us: [pid:4164447 tid: 0x7fbf38fc0200] All commands finished
:3:hip_device_runtime.cpp   :645 : 4393570874293 us: [pid:4164447 tid: 0x7fbf38fc0200] hipDeviceSynchronize: Returned hipSuccess : 
:3:hip_platform.cpp         :237 : 4393570874305 us: [pid:4164447 tid: 0x7fbf38fc0200] [32m __hipPushCallConfiguration ( {8,1,1}, {512,1,1}, 0, stream:<null> ) [0m
:3:hip_platform.cpp         :241 : 4393570874315 us: [pid:4164447 tid: 0x7fbf38fc0200] __hipPushCallConfiguration: Returned hipSuccess : 
:3:hip_platform.cpp         :246 : 4393570874327 us: [pid:4164447 tid: 0x7fbf38fc0200] [32m __hipPopCallConfiguration ( {1131604050,32703,512}, {2118224,0,2169324560}, 0x7ffc814d4160, 0x7ffc814d4158 ) [0m
:3:hip_platform.cpp         :255 : 4393570874336 us: [pid:4164447 tid: 0x7fbf38fc0200] __hipPopCallConfiguration: Returned hipSuccess : 
:3:rocvirtual.cpp           :226 : 4393570873788 us: [pid:4164447 tid: 0x7fbdffbff6c0] Handler: value(0), timestamp(0x1a588990), handle(0x7fbf2fbfc900)
:4:command.cpp              :169 : 4393570874371 us: [pid:4164447 tid: 0x7fbdffbff6c0] Command 0x1a52cd90 complete
:3:hip_module.cpp           :744 : 4393570874349 us: [pid:4164447 tid: 0x7fbf38fc0200] [32m hipLaunchKernel ( 0x200fd8, {8,1,1}, {512,1,1}, 0x7ffc814d4110, 0, stream:<null> ) [0m
:4:command.cpp              :163 : 4393570874379 us: [pid:4164447 tid: 0x7fbdffbff6c0] Command 0x1a5887b0 complete (Wall: 4393570874377, CPU: 0, GPU: 628 us)
:4:command.cpp              :359 : 4393570874394 us: [pid:4164447 tid: 0x7fbf38fc0200] Command (KernelExecution) enqueued: 0x1a894fd0
:3:rocvirtual.cpp           :762 : 4393570874868 us: [pid:4164447 tid: 0x7fbf38fc0200] Arg0:   = ptr:0x7fbe03a00000
:3:rocvirtual.cpp           :778 : 4393570874874 us: [pid:4164447 tid: 0x7fbf38fc0200] Arg0:   = ptr:0x7fbe03a00000 obj:[0x7fbe03a00000-0x7fbe0574c000]
:3:rocvirtual.cpp           :762 : 4393570874881 us: [pid:4164447 tid: 0x7fbf38fc0200] Arg1:   = ptr:0x7fbded400000
:3:rocvirtual.cpp           :778 : 4393570874886 us: [pid:4164447 tid: 0x7fbf38fc0200] Arg1:   = ptr:0x7fbded400000 obj:[0x7fbded400000-0x7fbded406000]
:3:rocvirtual.cpp           :762 : 4393570874893 us: [pid:4164447 tid: 0x7fbf38fc0200] Arg2:   = ptr:0x7fbdde400000
:3:rocvirtual.cpp           :778 : 4393570874898 us: [pid:4164447 tid: 0x7fbf38fc0200] Arg2:   = ptr:0x7fbdde400000 obj:[0x7fbdde400000-0x7fbde014c000]
:3:rocvirtual.cpp           :853 : 4393570874905 us: [pid:4164447 tid: 0x7fbf38fc0200] Arg3:   = val:768
:3:rocvirtual.cpp           :762 : 4393570874909 us: [pid:4164447 tid: 0x7fbf38fc0200] Arg4:   = ptr:0x7fbded406000
:3:rocvirtual.cpp           :778 : 4393570874914 us: [pid:4164447 tid: 0x7fbf38fc0200] Arg4:   = ptr:0x7fbded406000 obj:[0x7fbded406000-0x7fbded406024]
:3:rocvirtual.cpp           :3236: 4393570874922 us: [pid:4164447 tid: 0x7fbf38fc0200] ShaderName : void dense_esuhm<float>(float const*, float const*, float*, int, int const*)
:3:rocvirtual.cpp           :3449: 4393570874931 us: [pid:4164447 tid: 0x7fbf38fc0200] KernargSegmentByteSize = 296 KernargSegmentAlignment = 128
:4:rocvirtual.cpp           :965 : 4393570874939 us: [pid:4164447 tid: 0x7fbf38fc0200] SWq=0x7fbf2fd32000, HWq=0x7fbf1cc00000, id=1, Dispatch Header = 0xb02 (type=2, barrier=1, acquire=1, release=1), setup=3, grid=[4096, 1, 1], workgroup=[512, 1, 1], private_seg_size=140, group_seg_size=0, kernel_obj=0x7fbf2fcf1980, kernarg_address=0x7fbf1ca00280, completion_signal=0x0, correlation_id=0, rptr=38, wptr=38
:3:hip_module.cpp           :745 : 4393570874953 us: [pid:4164447 tid: 0x7fbf38fc0200] hipLaunchKernel: Returned hipSuccess : : duration: 604 us
:3:hip_device_runtime.cpp   :641 : 4393570874961 us: [pid:4164447 tid: 0x7fbf38fc0200] [32m hipDeviceSynchronize (  ) [0m
:4:commandqueue.cpp         :161 : 4393570874966 us: [pid:4164447 tid: 0x7fbf38fc0200] Marker queued to ensure finish
:4:command.cpp              :359 : 4393570875538 us: [pid:4164447 tid: 0x7fbf38fc0200] Command (InternalMarker) enqueued: 0x1a5887b0
:3:rocvirtual.cpp           :533 : 4393570875553 us: [pid:4164447 tid: 0x7fbf38fc0200] Set Handler: handle(0x7fbf2fbfc880), timestamp(0x1a895370)
:4:rocvirtual.cpp           :1147: 4393570875561 us: [pid:4164447 tid: 0x7fbf38fc0200] SWq=0x7fbf2fd32000, HWq=0x7fbf1cc00000, id=1, BarrierAND Header = 0x1503 (type=3, barrier=1, acquire=2, release=2), dep_signal=[0x0, 0x0, 0x0, 0x0, 0x0], completion_signal=0x7fbf2fbfc880
:3:rocvirtual.hpp           :56  : 4393570875572 us: [pid:4164447 tid: 0x7fbf38fc0200] Host active wait for Signal = (0x7fbf2fbfc880) for -1 ns
:4:commandqueue.cpp         :184 : 4393570875580 us: [pid:4164447 tid: 0x7fbf38fc0200] All commands finished
:3:hip_device_runtime.cpp   :645 : 4393570875586 us: [pid:4164447 tid: 0x7fbf38fc0200] hipDeviceSynchronize: Returned hipSuccess : 
:3:rocvirtual.cpp           :226 : 4393570875591 us: [pid:4164447 tid: 0x7fbdffbff6c0] Handler: value(0), timestamp(0x1a8952c0), handle(0x7fbf2fbfc880)
:4:command.cpp              :169 : 4393570875607 us: [pid:4164447 tid: 0x7fbdffbff6c0] Command 0x1a894fd0 complete
:4:command.cpp              :163 : 4393570875614 us: [pid:4164447 tid: 0x7fbdffbff6c0] Command 0x1a5887b0 complete (Wall: 4393570875613, CPU: 0, GPU: 67 us)
:3:hip_memory.cpp           :795 : 4393570875601 us: [pid:4164447 tid: 0x7fbf38fc0200] [32m hipMemcpy ( 0x7fbf3551e010, 0x7fbdde400000, 30720000, hipMemcpyDeviceToHost ) [0m
:4:command.cpp              :359 : 4393570875640 us: [pid:4164447 tid: 0x7fbf38fc0200] Command (CopyDeviceToHost) enqueued: 0x1a894fd0
:4:rocblit.cpp              :1673: 4393570875650 us: [pid:4164447 tid: 0x7fbf38fc0200] Unpinned read path, Async = 0
:4:rocmemory.cpp            :1018: 4393570876285 us: [pid:4164447 tid: 0x7fbf38fc0200] Locking to pool 0x19dc9ed0, size 0x1d4d000, HostPtr = 0x7fbf3551e000, DevPtr = 0x7fbf3551e000
:4:rocblit.cpp              :623 : 4393570876294 us: [pid:4164447 tid: 0x7fbf38fc0200] HSA Copy Using Pinned resource size 30720000
:4:rocblit.cpp              :687 : 4393570876301 us: [pid:4164447 tid: 0x7fbf38fc0200] HSA Async Copy staged D2H
:4:rocblit.cpp              :503 : 4393570876307 us: [pid:4164447 tid: 0x7fbf38fc0200] Last copy mask 0x0
:4:rocblit.cpp              :509 : 4393570876314 us: [pid:4164447 tid: 0x7fbf38fc0200] Query copy engine status 0, free_engine mask 0x1e
:4:rocblit.cpp              :520 : 4393570876322 us: [pid:4164447 tid: 0x7fbf38fc0200] HSA Async Copy on copy_engine=0x2, dst=0x7fbf3551e010, src=0x7fbdde400000, size=30720000, forceSDMA=0, wait_event=0x0, completion_signal=0x7fbf2fbfe780
:4:rocvirtual.cpp           :622 : 4393570876332 us: [pid:4164447 tid: 0x7fbf38fc0200] Host wait on completion_signal=0x7fbf2fbfe780
:3:rocvirtual.hpp           :56  : 4393570876340 us: [pid:4164447 tid: 0x7fbf38fc0200] Host active wait for Signal = (0x7fbf2fbfe780) for -1 ns
:4:commandqueue.cpp         :161 : 4393570877458 us: [pid:4164447 tid: 0x7fbf38fc0200] Marker queued to ensure finish
:4:command.cpp              :359 : 4393570877465 us: [pid:4164447 tid: 0x7fbf38fc0200] Command (InternalMarker) enqueued: 0x1a5887b0
:3:rocvirtual.cpp           :533 : 4393570877479 us: [pid:4164447 tid: 0x7fbf38fc0200] Set Handler: handle(0x7fbf2fbfc800), timestamp(0x1a8954a0)
:4:rocvirtual.cpp           :1147: 4393570877488 us: [pid:4164447 tid: 0x7fbf38fc0200] SWq=0x7fbf2fd32000, HWq=0x7fbf1cc00000, id=1, BarrierAND Header = 0x1503 (type=3, barrier=1, acquire=2, release=2), dep_signal=[0x0, 0x0, 0x0, 0x0, 0x0], completion_signal=0x7fbf2fbfc800
:4:commandqueue.cpp         :184 : 4393570877498 us: [pid:4164447 tid: 0x7fbf38fc0200] All commands finished
:3:hip_memory.cpp           :796 : 4393570877503 us: [pid:4164447 tid: 0x7fbf38fc0200] hipMemcpy: Returned hipSuccess : : duration: 1902 us
:3:rocvirtual.cpp           :226 : 4393570877515 us: [pid:4164447 tid: 0x7fbdffbff6c0] Handler: value(0), timestamp(0x1a8952c0), handle(0x7fbf2fbfc800)
:4:command.cpp              :169 : 4393570878064 us: [pid:4164447 tid: 0x7fbdffbff6c0] Command 0x1a894fd0 complete
:4:command.cpp              :163 : 4393570878071 us: [pid:4164447 tid: 0x7fbdffbff6c0] Command 0x1a5887b0 complete (Wall: 4393570878070, CPU: 0, GPU: 597 us)
:3:hip_memory.cpp           :3476: 4393570878050 us: [pid:4164447 tid: 0x7fbf38fc0200] [32m hipMemset ( 0x7fbdde400000, 0, 30720000 ) [0m
:4:command.cpp              :359 : 4393570878092 us: [pid:4164447 tid: 0x7fbf38fc0200] Command (FillBuffer) enqueued: 0x1a895560
:3:rocvirtual.cpp           :762 : 4393570878102 us: [pid:4164447 tid: 0x7fbf38fc0200] Arg0: void* buf = ptr:0x7fbdde400000
:3:rocvirtual.cpp           :778 : 4393570878106 us: [pid:4164447 tid: 0x7fbf38fc0200] Arg0: void* buf = ptr:0x7fbdde400000 obj:[0x7fbdde400000-0x7fbde014c000]
:3:rocvirtual.cpp           :762 : 4393570878114 us: [pid:4164447 tid: 0x7fbf38fc0200] Arg1: uchar* pattern = ptr:0x7fbf1ca00000
:3:rocvirtual.cpp           :853 : 4393570878121 us: [pid:4164447 tid: 0x7fbf38fc0200] Arg2: uint pattern_size = val:1
:3:rocvirtual.cpp           :853 : 4393570878126 us: [pid:4164447 tid: 0x7fbf38fc0200] Arg3: uint alignment = val:16
:3:rocvirtual.cpp           :853 : 4393570878130 us: [pid:4164447 tid: 0x7fbf38fc0200] Arg4: ulong end_ptr = val:140453485002752
:3:rocvirtual.cpp           :853 : 4393570878137 us: [pid:4164447 tid: 0x7fbf38fc0200] Arg5: uint next_chunk = val:26624
:3:rocvirtual.cpp           :3236: 4393570878142 us: [pid:4164447 tid: 0x7fbf38fc0200] ShaderName : __amd_rocclr_fillBufferAligned
:3:rocvirtual.cpp           :3449: 4393570878151 us: [pid:4164447 tid: 0x7fbf38fc0200] KernargSegmentByteSize = 296 KernargSegmentAlignment = 128
:4:rocvirtual.cpp           :965 : 4393570878159 us: [pid:4164447 tid: 0x7fbf38fc0200] SWq=0x7fbf2fd32000, HWq=0x7fbf1cc00000, id=1, Dispatch Header = 0x1502 (type=2, barrier=1, acquire=2, release=2), setup=1, grid=[26624, 1, 1], workgroup=[256, 1, 1], private_seg_size=0, group_seg_size=0, kernel_obj=0x7fbf2fd1dd40, kernarg_address=0x7fbf1ca00100, completion_signal=0x0, correlation_id=0, rptr=41, wptr=41
:3:hip_memory.cpp           :3477: 4393570878535 us: [pid:4164447 tid: 0x7fbf38fc0200] hipMemset: Returned hipSuccess : 
:3:hip_device_runtime.cpp   :641 : 4393570878540 us: [pid:4164447 tid: 0x7fbf38fc0200] [32m hipDeviceSynchronize (  ) [0m
:4:commandqueue.cpp         :161 : 4393570878545 us: [pid:4164447 tid: 0x7fbf38fc0200] Marker queued to ensure finish
:4:command.cpp              :359 : 4393570878550 us: [pid:4164447 tid: 0x7fbf38fc0200] Command (InternalMarker) enqueued: 0x1a5887b0
:3:rocvirtual.cpp           :533 : 4393570878563 us: [pid:4164447 tid: 0x7fbf38fc0200] Set Handler: handle(0x7fbf2fbfc780), timestamp(0x1a895040)
:4:rocvirtual.cpp           :1147: 4393570878572 us: [pid:4164447 tid: 0x7fbf38fc0200] SWq=0x7fbf2fd32000, HWq=0x7fbf1cc00000, id=1, BarrierAND Header = 0x1503 (type=3, barrier=1, acquire=2, release=2), dep_signal=[0x0, 0x0, 0x0, 0x0, 0x0], completion_signal=0x7fbf2fbfc780
:4:commandqueue.cpp         :184 : 4393570878582 us: [pid:4164447 tid: 0x7fbf38fc0200] All commands finished
:3:hip_device_runtime.cpp   :645 : 4393570878587 us: [pid:4164447 tid: 0x7fbf38fc0200] hipDeviceSynchronize: Returned hipSuccess : 
:3:rocvirtual.cpp           :226 : 4393570878595 us: [pid:4164447 tid: 0x7fbdffbff6c0] Handler: value(0), timestamp(0x1a894fd0), handle(0x7fbf2fbfc780)
:4:command.cpp              :169 : 4393570878605 us: [pid:4164447 tid: 0x7fbdffbff6c0] Command 0x1a895560 complete
:4:command.cpp              :163 : 4393570878611 us: [pid:4164447 tid: 0x7fbdffbff6c0] Command 0x1a5887b0 complete (Wall: 4393570878610, CPU: 0, GPU: 52 us)
:3:hip_platform.cpp         :237 : 4393570878597 us: [pid:4164447 tid: 0x7fbf38fc0200] [32m __hipPushCallConfiguration ( {8,1,1}, {512,1,1}, 0, stream:<null> ) [0m
:3:hip_platform.cpp         :241 : 4393570879185 us: [pid:4164447 tid: 0x7fbf38fc0200] __hipPushCallConfiguration: Returned hipSuccess : 
:3:hip_platform.cpp         :246 : 4393570879194 us: [pid:4164447 tid: 0x7fbf38fc0200] [32m __hipPopCallConfiguration ( {1131604050,32703,512}, {2118224,0,2169324560}, 0x7ffc814d4160, 0x7ffc814d4158 ) [0m
:3:hip_platform.cpp         :255 : 4393570879205 us: [pid:4164447 tid: 0x7fbf38fc0200] __hipPopCallConfiguration: Returned hipSuccess : 
:3:hip_module.cpp           :744 : 4393570879215 us: [pid:4164447 tid: 0x7fbf38fc0200] [32m hipLaunchKernel ( 0x200fe0, {8,1,1}, {512,1,1}, 0x7ffc814d4110, 0, stream:<null> ) [0m
:4:command.cpp              :359 : 4393570879228 us: [pid:4164447 tid: 0x7fbf38fc0200] Command (KernelExecution) enqueued: 0x19f11890
:3:rocvirtual.cpp           :762 : 4393570879237 us: [pid:4164447 tid: 0x7fbf38fc0200] Arg0:   = ptr:0x7fbe03a00000
:3:rocvirtual.cpp           :778 : 4393570879242 us: [pid:4164447 tid: 0x7fbf38fc0200] Arg0:   = ptr:0x7fbe03a00000 obj:[0x7fbe03a00000-0x7fbe0574c000]
:3:rocvirtual.cpp           :762 : 4393570879249 us: [pid:4164447 tid: 0x7fbf38fc0200] Arg1:   = ptr:0x7fbded400000
:3:rocvirtual.cpp           :778 : 4393570879254 us: [pid:4164447 tid: 0x7fbf38fc0200] Arg1:   = ptr:0x7fbded400000 obj:[0x7fbded400000-0x7fbded406000]
:3:rocvirtual.cpp           :762 : 4393570879261 us: [pid:4164447 tid: 0x7fbf38fc0200] Arg2:   = ptr:0x7fbdde400000
:3:rocvirtual.cpp           :778 : 4393570879266 us: [pid:4164447 tid: 0x7fbf38fc0200] Arg2:   = ptr:0x7fbdde400000 obj:[0x7fbdde400000-0x7fbde014c000]
:3:rocvirtual.cpp           :853 : 4393570879273 us: [pid:4164447 tid: 0x7fbf38fc0200] Arg3:   = val:768
:3:rocvirtual.cpp           :762 : 4393570879278 us: [pid:4164447 tid: 0x7fbf38fc0200] Arg4:   = ptr:0x7fbded406000
:3:rocvirtual.cpp           :778 : 4393570879282 us: [pid:4164447 tid: 0x7fbf38fc0200] Arg4:   = ptr:0x7fbded406000 obj:[0x7fbded406000-0x7fbded406024]
:3:rocvirtual.cpp           :3236: 4393570879851 us: [pid:4164447 tid: 0x7fbf38fc0200] ShaderName : void dense_esuhm2<float>(float const*, float const*, float*, int, int const*)
:3:rocvirtual.cpp           :3449: 4393570879860 us: [pid:4164447 tid: 0x7fbf38fc0200] KernargSegmentByteSize = 296 KernargSegmentAlignment = 128
:4:rocvirtual.cpp           :965 : 4393570879870 us: [pid:4164447 tid: 0x7fbf38fc0200] SWq=0x7fbf2fd32000, HWq=0x7fbf1cc00000, id=1, Dispatch Header = 0xb02 (type=2, barrier=1, acquire=1, release=1), setup=3, grid=[4096, 1, 1], workgroup=[512, 1, 1], private_seg_size=140, group_seg_size=0, kernel_obj=0x7fbf2fcf19c0, kernarg_address=0x7fbf1ca00280, completion_signal=0x0, correlation_id=0, rptr=43, wptr=43
:3:hip_module.cpp           :745 : 4393570879884 us: [pid:4164447 tid: 0x7fbf38fc0200] hipLaunchKernel: Returned hipSuccess : : duration: 669 us
:3:hip_device_runtime.cpp   :641 : 4393570879892 us: [pid:4164447 tid: 0x7fbf38fc0200] [32m hipDeviceSynchronize (  ) [0m
:4:commandqueue.cpp         :161 : 4393570879897 us: [pid:4164447 tid: 0x7fbf38fc0200] Marker queued to ensure finish
:4:command.cpp              :359 : 4393570879901 us: [pid:4164447 tid: 0x7fbf38fc0200] Command (InternalMarker) enqueued: 0x1a5887b0
:3:rocvirtual.cpp           :533 : 4393570879915 us: [pid:4164447 tid: 0x7fbf38fc0200] Set Handler: handle(0x7fbf2fbfc700), timestamp(0x19f11c30)
:4:rocvirtual.cpp           :1147: 4393570879923 us: [pid:4164447 tid: 0x7fbf38fc0200] SWq=0x7fbf2fd32000, HWq=0x7fbf1cc00000, id=1, BarrierAND Header = 0x1503 (type=3, barrier=1, acquire=2, release=2), dep_signal=[0x0, 0x0, 0x0, 0x0, 0x0], completion_signal=0x7fbf2fbfc700
:3:rocvirtual.hpp           :56  : 4393570879934 us: [pid:4164447 tid: 0x7fbf38fc0200] Host active wait for Signal = (0x7fbf2fbfc700) for -1 ns
:4:commandqueue.cpp         :184 : 4393570879942 us: [pid:4164447 tid: 0x7fbf38fc0200] All commands finished
:3:hip_device_runtime.cpp   :645 : 4393570879947 us: [pid:4164447 tid: 0x7fbf38fc0200] hipDeviceSynchronize: Returned hipSuccess : 
:3:rocvirtual.cpp           :226 : 4393570879955 us: [pid:4164447 tid: 0x7fbdffbff6c0] Handler: value(0), timestamp(0x19f11b80), handle(0x7fbf2fbfc700)
:4:command.cpp              :169 : 4393570880457 us: [pid:4164447 tid: 0x7fbdffbff6c0] Command 0x19f11890 complete
:4:command.cpp              :163 : 4393570880466 us: [pid:4164447 tid: 0x7fbdffbff6c0] Command 0x1a5887b0 complete (Wall: 4393570880465, CPU: 0, GPU: 557 us)
:3:hip_memory.cpp           :795 : 4393570879958 us: [pid:4164447 tid: 0x7fbf38fc0200] [32m hipMemcpy ( 0x7fbf337d1010, 0x7fbdde400000, 30720000, hipMemcpyDeviceToHost ) [0m
:4:command.cpp              :359 : 4393570880510 us: [pid:4164447 tid: 0x7fbf38fc0200] Command (CopyDeviceToHost) enqueued: 0x19f11890
:4:rocblit.cpp              :1673: 4393570880520 us: [pid:4164447 tid: 0x7fbf38fc0200] Unpinned read path, Async = 0
:4:rocmemory.cpp            :1018: 4393570880533 us: [pid:4164447 tid: 0x7fbf38fc0200] Locking to pool 0x19dc9ed0, size 0x1d4d000, HostPtr = 0x7fbf337d1000, DevPtr = 0x7fbf337d1000
:4:rocblit.cpp              :623 : 4393570880541 us: [pid:4164447 tid: 0x7fbf38fc0200] HSA Copy Using Pinned resource size 30720000
:4:rocblit.cpp              :687 : 4393570880548 us: [pid:4164447 tid: 0x7fbf38fc0200] HSA Async Copy staged D2H
:4:rocblit.cpp              :503 : 4393570880553 us: [pid:4164447 tid: 0x7fbf38fc0200] Last copy mask 0x0
:4:rocblit.cpp              :509 : 4393570880559 us: [pid:4164447 tid: 0x7fbf38fc0200] Query copy engine status 0, free_engine mask 0x1e
:4:rocblit.cpp              :520 : 4393570880566 us: [pid:4164447 tid: 0x7fbf38fc0200] HSA Async Copy on copy_engine=0x2, dst=0x7fbf337d1010, src=0x7fbdde400000, size=30720000, forceSDMA=0, wait_event=0x0, completion_signal=0x7fbf2fbfe580
:4:rocvirtual.cpp           :622 : 4393570880575 us: [pid:4164447 tid: 0x7fbf38fc0200] Host wait on completion_signal=0x7fbf2fbfe580
:3:rocvirtual.hpp           :56  : 4393570880582 us: [pid:4164447 tid: 0x7fbf38fc0200] Host active wait for Signal = (0x7fbf2fbfe580) for -1 ns
:4:commandqueue.cpp         :161 : 4393570881674 us: [pid:4164447 tid: 0x7fbf38fc0200] Marker queued to ensure finish
:4:command.cpp              :359 : 4393570881709 us: [pid:4164447 tid: 0x7fbf38fc0200] Command (InternalMarker) enqueued: 0x1a5887b0
:3:rocvirtual.cpp           :533 : 4393570881722 us: [pid:4164447 tid: 0x7fbf38fc0200] Set Handler: handle(0x7fbf2fbfc680), timestamp(0x19f11a50)
:4:rocvirtual.cpp           :1147: 4393570881731 us: [pid:4164447 tid: 0x7fbf38fc0200] SWq=0x7fbf2fd32000, HWq=0x7fbf1cc00000, id=1, BarrierAND Header = 0x1503 (type=3, barrier=1, acquire=2, release=2), dep_signal=[0x0, 0x0, 0x0, 0x0, 0x0], completion_signal=0x7fbf2fbfc680
:4:commandqueue.cpp         :184 : 4393570881741 us: [pid:4164447 tid: 0x7fbf38fc0200] All commands finished
:3:hip_memory.cpp           :796 : 4393570881746 us: [pid:4164447 tid: 0x7fbf38fc0200] hipMemcpy: Returned hipSuccess : : duration: 1788 us
:3:hip_memory.cpp           :3476: 4393570881756 us: [pid:4164447 tid: 0x7fbf38fc0200] [32m hipMemset ( 0x7fbdde400000, 0, 30720000 ) [0m
:3:rocvirtual.cpp           :226 : 4393570881758 us: [pid:4164447 tid: 0x7fbdffbff6c0] Handler: value(0), timestamp(0x19f11b80), handle(0x7fbf2fbfc680)
:4:command.cpp              :169 : 4393570881777 us: [pid:4164447 tid: 0x7fbdffbff6c0] Command 0x19f11890 complete
:4:command.cpp              :163 : 4393570881783 us: [pid:4164447 tid: 0x7fbdffbff6c0] Command 0x1a5887b0 complete (Wall: 4393570881782, CPU: 0, GPU: 66 us)
:4:command.cpp              :359 : 4393570881767 us: [pid:4164447 tid: 0x7fbf38fc0200] Command (FillBuffer) enqueued: 0x19f11d40
:3:rocvirtual.cpp           :762 : 4393570881803 us: [pid:4164447 tid: 0x7fbf38fc0200] Arg0: void* buf = ptr:0x7fbdde400000
:3:rocvirtual.cpp           :778 : 4393570881808 us: [pid:4164447 tid: 0x7fbf38fc0200] Arg0: void* buf = ptr:0x7fbdde400000 obj:[0x7fbdde400000-0x7fbde014c000]
:3:rocvirtual.cpp           :762 : 4393570881815 us: [pid:4164447 tid: 0x7fbf38fc0200] Arg1: uchar* pattern = ptr:0x7fbf1ca00000
:3:rocvirtual.cpp           :853 : 4393570882356 us: [pid:4164447 tid: 0x7fbf38fc0200] Arg2: uint pattern_size = val:1
:3:rocvirtual.cpp           :853 : 4393570882361 us: [pid:4164447 tid: 0x7fbf38fc0200] Arg3: uint alignment = val:16
:3:rocvirtual.cpp           :853 : 4393570882366 us: [pid:4164447 tid: 0x7fbf38fc0200] Arg4: ulong end_ptr = val:140453485002752
:3:rocvirtual.cpp           :853 : 4393570882376 us: [pid:4164447 tid: 0x7fbf38fc0200] Arg5: uint next_chunk = val:26624
:3:rocvirtual.cpp           :3236: 4393570882381 us: [pid:4164447 tid: 0x7fbf38fc0200] ShaderName : __amd_rocclr_fillBufferAligned
:3:rocvirtual.cpp           :3449: 4393570882389 us: [pid:4164447 tid: 0x7fbf38fc0200] KernargSegmentByteSize = 296 KernargSegmentAlignment = 128
:4:rocvirtual.cpp           :965 : 4393570882398 us: [pid:4164447 tid: 0x7fbf38fc0200] SWq=0x7fbf2fd32000, HWq=0x7fbf1cc00000, id=1, Dispatch Header = 0x1502 (type=2, barrier=1, acquire=2, release=2), setup=1, grid=[26624, 1, 1], workgroup=[256, 1, 1], private_seg_size=0, group_seg_size=0, kernel_obj=0x7fbf2fd1dd40, kernarg_address=0x7fbf1ca00100, completion_signal=0x0, correlation_id=0, rptr=46, wptr=46
:3:hip_memory.cpp           :3477: 4393570882413 us: [pid:4164447 tid: 0x7fbf38fc0200] hipMemset: Returned hipSuccess : 
:3:hip_device_runtime.cpp   :641 : 4393570882418 us: [pid:4164447 tid: 0x7fbf38fc0200] [32m hipDeviceSynchronize (  ) [0m
:4:commandqueue.cpp         :161 : 4393570882423 us: [pid:4164447 tid: 0x7fbf38fc0200] Marker queued to ensure finish
:4:command.cpp              :359 : 4393570882427 us: [pid:4164447 tid: 0x7fbf38fc0200] Command (InternalMarker) enqueued: 0x1a5887b0
:3:rocvirtual.cpp           :533 : 4393570882440 us: [pid:4164447 tid: 0x7fbf38fc0200] Set Handler: handle(0x7fbf2fbfc600), timestamp(0x1a71ce10)
:4:rocvirtual.cpp           :1147: 4393570882448 us: [pid:4164447 tid: 0x7fbf38fc0200] SWq=0x7fbf2fd32000, HWq=0x7fbf1cc00000, id=1, BarrierAND Header = 0x1503 (type=3, barrier=1, acquire=2, release=2), dep_signal=[0x0, 0x0, 0x0, 0x0, 0x0], completion_signal=0x7fbf2fbfc600
:4:commandqueue.cpp         :184 : 4393570882459 us: [pid:4164447 tid: 0x7fbf38fc0200] All commands finished
:3:hip_device_runtime.cpp   :645 : 4393570882463 us: [pid:4164447 tid: 0x7fbf38fc0200] hipDeviceSynchronize: Returned hipSuccess : 
:3:rocvirtual.cpp           :226 : 4393570882470 us: [pid:4164447 tid: 0x7fbdffbff6c0] Handler: value(0), timestamp(0x19f11b10), handle(0x7fbf2fbfc600)
:4:command.cpp              :169 : 4393570883702 us: [pid:4164447 tid: 0x7fbdffbff6c0] Command 0x19f11d40 complete
:4:command.cpp              :163 : 4393570883708 us: [pid:4164447 tid: 0x7fbdffbff6c0] Command 0x1a5887b0 complete (Wall: 4393570883707, CPU: 0, GPU: 1273 us)
:3:hip_platform.cpp         :237 : 4393570883730 us: [pid:4164447 tid: 0x7fbf38fc0200] [32m __hipPushCallConfiguration ( {8,1,1}, {512,1,1}, 0, stream:<null> ) [0m
:3:hip_platform.cpp         :241 : 4393570883738 us: [pid:4164447 tid: 0x7fbf38fc0200] __hipPushCallConfiguration: Returned hipSuccess : 
:3:hip_platform.cpp         :246 : 4393570883747 us: [pid:4164447 tid: 0x7fbf38fc0200] [32m __hipPopCallConfiguration ( {1131604050,32703,512}, {2118224,0,2169324560}, 0x7ffc814d4160, 0x7ffc814d4158 ) [0m
:3:hip_platform.cpp         :255 : 4393570883755 us: [pid:4164447 tid: 0x7fbf38fc0200] __hipPopCallConfiguration: Returned hipSuccess : 
:3:hip_module.cpp           :744 : 4393570883765 us: [pid:4164447 tid: 0x7fbf38fc0200] [32m hipLaunchKernel ( 0x200fe8, {8,1,1}, {512,1,1}, 0x7ffc814d4110, 0, stream:<null> ) [0m
:4:command.cpp              :359 : 4393570883777 us: [pid:4164447 tid: 0x7fbf38fc0200] Command (KernelExecution) enqueued: 0x19f11890
:3:rocvirtual.cpp           :762 : 4393570883786 us: [pid:4164447 tid: 0x7fbf38fc0200] Arg0:   = ptr:0x7fbe03a00000
:3:rocvirtual.cpp           :778 : 4393570883791 us: [pid:4164447 tid: 0x7fbf38fc0200] Arg0:   = ptr:0x7fbe03a00000 obj:[0x7fbe03a00000-0x7fbe0574c000]
:3:rocvirtual.cpp           :762 : 4393570883798 us: [pid:4164447 tid: 0x7fbf38fc0200] Arg1:   = ptr:0x7fbded400000
:3:rocvirtual.cpp           :778 : 4393570884297 us: [pid:4164447 tid: 0x7fbf38fc0200] Arg1:   = ptr:0x7fbded400000 obj:[0x7fbded400000-0x7fbded406000]
:3:rocvirtual.cpp           :762 : 4393570884307 us: [pid:4164447 tid: 0x7fbf38fc0200] Arg2:   = ptr:0x7fbdde400000
:3:rocvirtual.cpp           :778 : 4393570884312 us: [pid:4164447 tid: 0x7fbf38fc0200] Arg2:   = ptr:0x7fbdde400000 obj:[0x7fbdde400000-0x7fbde014c000]
:3:rocvirtual.cpp           :853 : 4393570884325 us: [pid:4164447 tid: 0x7fbf38fc0200] Arg3:   = val:768
:3:rocvirtual.cpp           :762 : 4393570884671 us: [pid:4164447 tid: 0x7fbf38fc0200] Arg4:   = ptr:0x7fbded406000
:3:rocvirtual.cpp           :778 : 4393570884678 us: [pid:4164447 tid: 0x7fbf38fc0200] Arg4:   = ptr:0x7fbded406000 obj:[0x7fbded406000-0x7fbded406024]
:3:rocvirtual.cpp           :3236: 4393570884687 us: [pid:4164447 tid: 0x7fbf38fc0200] ShaderName : void dense_esuhm3<float>(float const*, float const*, float*, int, int const*)
:3:rocvirtual.cpp           :3449: 4393570884697 us: [pid:4164447 tid: 0x7fbf38fc0200] KernargSegmentByteSize = 296 KernargSegmentAlignment = 128
:4:rocvirtual.cpp           :965 : 4393570884708 us: [pid:4164447 tid: 0x7fbf38fc0200] SWq=0x7fbf2fd32000, HWq=0x7fbf1cc00000, id=1, Dispatch Header = 0xb02 (type=2, barrier=1, acquire=1, release=1), setup=3, grid=[4096, 1, 1], workgroup=[512, 1, 1], private_seg_size=140, group_seg_size=0, kernel_obj=0x7fbf2fcf1a00, kernarg_address=0x7fbf1ca00280, completion_signal=0x0, correlation_id=0, rptr=48, wptr=48
:3:hip_module.cpp           :745 : 4393570884725 us: [pid:4164447 tid: 0x7fbf38fc0200] hipLaunchKernel: Returned hipSuccess : : duration: 960 us
:3:hip_device_runtime.cpp   :641 : 4393570884734 us: [pid:4164447 tid: 0x7fbf38fc0200] [32m hipDeviceSynchronize (  ) [0m
:4:commandqueue.cpp         :161 : 4393570884741 us: [pid:4164447 tid: 0x7fbf38fc0200] Marker queued to ensure finish
:4:command.cpp              :359 : 4393570884746 us: [pid:4164447 tid: 0x7fbf38fc0200] Command (InternalMarker) enqueued: 0x1a5887b0
:3:rocvirtual.cpp           :533 : 4393570884762 us: [pid:4164447 tid: 0x7fbf38fc0200] Set Handler: handle(0x7fbf2fbfc580), timestamp(0x1a895650)
:4:rocvirtual.cpp           :1147: 4393570884773 us: [pid:4164447 tid: 0x7fbf38fc0200] SWq=0x7fbf2fd32000, HWq=0x7fbf1cc00000, id=1, BarrierAND Header = 0x1503 (type=3, barrier=1, acquire=2, release=2), dep_signal=[0x0, 0x0, 0x0, 0x0, 0x0], completion_signal=0x7fbf2fbfc580
:4:commandqueue.cpp         :184 : 4393570885120 us: [pid:4164447 tid: 0x7fbf38fc0200] All commands finished
:3:hip_device_runtime.cpp   :645 : 4393570885127 us: [pid:4164447 tid: 0x7fbf38fc0200] hipDeviceSynchronize: Returned hipSuccess : 
:3:hip_memory.cpp           :795 : 4393570885139 us: [pid:4164447 tid: 0x7fbf38fc0200] [32m hipMemcpy ( 0x7fbf31a84010, 0x7fbdde400000, 30720000, hipMemcpyDeviceToHost ) [0m
:3:rocvirtual.cpp           :226 : 4393570884833 us: [pid:4164447 tid: 0x7fbdffbff6c0] Handler: value(0), timestamp(0x19f11e70), handle(0x7fbf2fbfc580)
:4:command.cpp              :169 : 4393570885155 us: [pid:4164447 tid: 0x7fbdffbff6c0] Command 0x19f11890 complete
:4:command.cpp              :163 : 4393570885162 us: [pid:4164447 tid: 0x7fbdffbff6c0] Command 0x1a5887b0 complete (Wall: 4393570885161, CPU: 0, GPU: 405 us)
:4:command.cpp              :359 : 4393570885150 us: [pid:4164447 tid: 0x7fbf38fc0200] Command (CopyDeviceToHost) enqueued: 0x1a62bfa0
:4:rocblit.cpp              :1673: 4393570885189 us: [pid:4164447 tid: 0x7fbf38fc0200] Unpinned read path, Async = 0
:4:rocmemory.cpp            :1018: 4393570885201 us: [pid:4164447 tid: 0x7fbf38fc0200] Locking to pool 0x19dc9ed0, size 0x1d4d000, HostPtr = 0x7fbf31a84000, DevPtr = 0x7fbf31a84000
:4:rocblit.cpp              :623 : 4393570885209 us: [pid:4164447 tid: 0x7fbf38fc0200] HSA Copy Using Pinned resource size 30720000
:4:rocblit.cpp              :687 : 4393570885216 us: [pid:4164447 tid: 0x7fbf38fc0200] HSA Async Copy staged D2H
:4:rocblit.cpp              :503 : 4393570885221 us: [pid:4164447 tid: 0x7fbf38fc0200] Last copy mask 0x0
:4:rocblit.cpp              :509 : 4393570885227 us: [pid:4164447 tid: 0x7fbf38fc0200] Query copy engine status 0, free_engine mask 0x1e
:4:rocblit.cpp              :520 : 4393570885739 us: [pid:4164447 tid: 0x7fbf38fc0200] HSA Async Copy on copy_engine=0x2, dst=0x7fbf31a84010, src=0x7fbdde400000, size=30720000, forceSDMA=0, wait_event=0x0, completion_signal=0x7fbf2fbfe380
:4:rocvirtual.cpp           :622 : 4393570885751 us: [pid:4164447 tid: 0x7fbf38fc0200] Host wait on completion_signal=0x7fbf2fbfe380
:3:rocvirtual.hpp           :56  : 4393570885758 us: [pid:4164447 tid: 0x7fbf38fc0200] Host active wait for Signal = (0x7fbf2fbfe380) for -1 ns
:4:commandqueue.cpp         :161 : 4393570886850 us: [pid:4164447 tid: 0x7fbf38fc0200] Marker queued to ensure finish
:4:command.cpp              :359 : 4393570886859 us: [pid:4164447 tid: 0x7fbf38fc0200] Command (InternalMarker) enqueued: 0x1a5887b0
:3:rocvirtual.cpp           :533 : 4393570886874 us: [pid:4164447 tid: 0x7fbf38fc0200] Set Handler: handle(0x7fbf2fbfc500), timestamp(0x19f11f40)
:4:rocvirtual.cpp           :1147: 4393570886884 us: [pid:4164447 tid: 0x7fbf38fc0200] SWq=0x7fbf2fd32000, HWq=0x7fbf1cc00000, id=1, BarrierAND Header = 0x1503 (type=3, barrier=1, acquire=2, release=2), dep_signal=[0x0, 0x0, 0x0, 0x0, 0x0], completion_signal=0x7fbf2fbfc500
:4:commandqueue.cpp         :184 : 4393570886895 us: [pid:4164447 tid: 0x7fbf38fc0200] All commands finished
:3:hip_memory.cpp           :796 : 4393570886900 us: [pid:4164447 tid: 0x7fbf38fc0200] hipMemcpy: Returned hipSuccess : : duration: 1761 us
:3:rocvirtual.cpp           :226 : 4393570886912 us: [pid:4164447 tid: 0x7fbdffbff6c0] Handler: value(0), timestamp(0x19f11e70), handle(0x7fbf2fbfc500)
:4:command.cpp              :169 : 4393570886924 us: [pid:4164447 tid: 0x7fbdffbff6c0] Command 0x1a62bfa0 complete
:4:command.cpp              :163 : 4393570887466 us: [pid:4164447 tid: 0x7fbdffbff6c0] Command 0x1a5887b0 complete (Wall: 4393570887465, CPU: 0, GPU: 597 us)
:3:hip_memory.cpp           :3476: 4393570964481 us: [pid:4164447 tid: 0x7fbf38fc0200] [32m hipMemset ( 0x7fbdde400000, 0, 30720000 ) [0m
:4:command.cpp              :359 : 4393570964512 us: [pid:4164447 tid: 0x7fbf38fc0200] Command (FillBuffer) enqueued: 0x1a62c1e0
:3:rocvirtual.cpp           :762 : 4393570964527 us: [pid:4164447 tid: 0x7fbf38fc0200] Arg0: void* buf = ptr:0x7fbdde400000
:3:rocvirtual.cpp           :778 : 4393570964533 us: [pid:4164447 tid: 0x7fbf38fc0200] Arg0: void* buf = ptr:0x7fbdde400000 obj:[0x7fbdde400000-0x7fbde014c000]
:3:rocvirtual.cpp           :762 : 4393570964540 us: [pid:4164447 tid: 0x7fbf38fc0200] Arg1: uchar* pattern = ptr:0x7fbf1ca00000
:3:rocvirtual.cpp           :853 : 4393570964549 us: [pid:4164447 tid: 0x7fbf38fc0200] Arg2: uint pattern_size = val:1
:3:rocvirtual.cpp           :853 : 4393570964554 us: [pid:4164447 tid: 0x7fbf38fc0200] Arg3: uint alignment = val:16
:3:rocvirtual.cpp           :853 : 4393570964559 us: [pid:4164447 tid: 0x7fbf38fc0200] Arg4: ulong end_ptr = val:140453485002752
:3:rocvirtual.cpp           :853 : 4393570964566 us: [pid:4164447 tid: 0x7fbf38fc0200] Arg5: uint next_chunk = val:26624
:3:rocvirtual.cpp           :3236: 4393570964571 us: [pid:4164447 tid: 0x7fbf38fc0200] ShaderName : __amd_rocclr_fillBufferAligned
:3:rocvirtual.cpp           :3449: 4393570964580 us: [pid:4164447 tid: 0x7fbf38fc0200] KernargSegmentByteSize = 296 KernargSegmentAlignment = 128
:4:rocvirtual.cpp           :965 : 4393570964591 us: [pid:4164447 tid: 0x7fbf38fc0200] SWq=0x7fbf2fd32000, HWq=0x7fbf1cc00000, id=1, Dispatch Header = 0x1502 (type=2, barrier=1, acquire=2, release=2), setup=1, grid=[26624, 1, 1], workgroup=[256, 1, 1], private_seg_size=0, group_seg_size=0, kernel_obj=0x7fbf2fd1dd40, kernarg_address=0x7fbf1ca00100, completion_signal=0x0, correlation_id=0, rptr=51, wptr=51
:3:hip_memory.cpp           :3477: 4393570965204 us: [pid:4164447 tid: 0x7fbf38fc0200] hipMemset: Returned hipSuccess : 
:3:hip_device_runtime.cpp   :641 : 4393570965210 us: [pid:4164447 tid: 0x7fbf38fc0200] [32m hipDeviceSynchronize (  ) [0m
:4:commandqueue.cpp         :161 : 4393570965217 us: [pid:4164447 tid: 0x7fbf38fc0200] Marker queued to ensure finish
:4:command.cpp              :359 : 4393570965221 us: [pid:4164447 tid: 0x7fbf38fc0200] Command (InternalMarker) enqueued: 0x1a5887b0
:3:rocvirtual.cpp           :533 : 4393570965246 us: [pid:4164447 tid: 0x7fbf38fc0200] Set Handler: handle(0x7fbf2fbfc480), timestamp(0x1a62c490)
:4:rocvirtual.cpp           :1147: 4393570965260 us: [pid:4164447 tid: 0x7fbf38fc0200] SWq=0x7fbf2fd32000, HWq=0x7fbf1cc00000, id=1, BarrierAND Header = 0x1503 (type=3, barrier=1, acquire=2, release=2), dep_signal=[0x0, 0x0, 0x0, 0x0, 0x0], completion_signal=0x7fbf2fbfc480
:4:commandqueue.cpp         :184 : 4393570965271 us: [pid:4164447 tid: 0x7fbf38fc0200] All commands finished
:3:rocvirtual.cpp           :226 : 4393570965274 us: [pid:4164447 tid: 0x7fbdffbff6c0] Handler: value(0), timestamp(0x1a62c3e0), handle(0x7fbf2fbfc480)
:3:hip_device_runtime.cpp   :645 : 4393570965277 us: [pid:4164447 tid: 0x7fbf38fc0200] hipDeviceSynchronize: Returned hipSuccess : 
:4:command.cpp              :169 : 4393570965300 us: [pid:4164447 tid: 0x7fbdffbff6c0] Command 0x1a62c1e0 complete
:3:hip_platform.cpp         :237 : 4393570965317 us: [pid:4164447 tid: 0x7fbf38fc0200] [32m __hipPushCallConfiguration ( {8,1,1}, {1024,1,1}, 0, stream:<null> ) [0m
:4:command.cpp              :163 : 4393570965338 us: [pid:4164447 tid: 0x7fbdffbff6c0] Command 0x1a5887b0 complete (Wall: 4393570965335, CPU: 0, GPU: 105 us)
:3:hip_platform.cpp         :241 : 4393570965340 us: [pid:4164447 tid: 0x7fbf38fc0200] __hipPushCallConfiguration: Returned hipSuccess : 
:3:hip_platform.cpp         :246 : 4393570965851 us: [pid:4164447 tid: 0x7fbf38fc0200] [32m __hipPopCallConfiguration ( {1131604050,32703,1024}, {2118224,0,2169324560}, 0x7ffc814d4160, 0x7ffc814d4158 ) [0m
:3:hip_platform.cpp         :255 : 4393570965859 us: [pid:4164447 tid: 0x7fbf38fc0200] __hipPopCallConfiguration: Returned hipSuccess : 
:3:hip_module.cpp           :744 : 4393570965871 us: [pid:4164447 tid: 0x7fbf38fc0200] [32m hipLaunchKernel ( 0x200fd8, {8,1,1}, {1024,1,1}, 0x7ffc814d4110, 0, stream:<null> ) [0m
:4:command.cpp              :359 : 4393570965888 us: [pid:4164447 tid: 0x7fbf38fc0200] Command (KernelExecution) enqueued: 0x19f11890
:3:rocvirtual.cpp           :762 : 4393570965896 us: [pid:4164447 tid: 0x7fbf38fc0200] Arg0:   = ptr:0x7fbe03a00000
:3:rocvirtual.cpp           :778 : 4393570965901 us: [pid:4164447 tid: 0x7fbf38fc0200] Arg0:   = ptr:0x7fbe03a00000 obj:[0x7fbe03a00000-0x7fbe0574c000]
:3:rocvirtual.cpp           :762 : 4393570965908 us: [pid:4164447 tid: 0x7fbf38fc0200] Arg1:   = ptr:0x7fbded400000
:3:rocvirtual.cpp           :778 : 4393570965914 us: [pid:4164447 tid: 0x7fbf38fc0200] Arg1:   = ptr:0x7fbded400000 obj:[0x7fbded400000-0x7fbded406000]
:3:rocvirtual.cpp           :762 : 4393570965921 us: [pid:4164447 tid: 0x7fbf38fc0200] Arg2:   = ptr:0x7fbdde400000
:3:rocvirtual.cpp           :778 : 4393570965926 us: [pid:4164447 tid: 0x7fbf38fc0200] Arg2:   = ptr:0x7fbdde400000 obj:[0x7fbdde400000-0x7fbde014c000]
:3:rocvirtual.cpp           :853 : 4393570965933 us: [pid:4164447 tid: 0x7fbf38fc0200] Arg3:   = val:768
:3:rocvirtual.cpp           :762 : 4393570965937 us: [pid:4164447 tid: 0x7fbf38fc0200] Arg4:   = ptr:0x7fbded406000
:3:rocvirtual.cpp           :778 : 4393570965942 us: [pid:4164447 tid: 0x7fbf38fc0200] Arg4:   = ptr:0x7fbded406000 obj:[0x7fbded406000-0x7fbded406024]
:3:rocvirtual.cpp           :3236: 4393570965950 us: [pid:4164447 tid: 0x7fbf38fc0200] ShaderName : void dense_esuhm<float>(float const*, float const*, float*, int, int const*)
:3:rocvirtual.cpp           :3449: 4393570965961 us: [pid:4164447 tid: 0x7fbf38fc0200] KernargSegmentByteSize = 296 KernargSegmentAlignment = 128
:4:rocvirtual.cpp           :965 : 4393570965979 us: [pid:4164447 tid: 0x7fbf38fc0200] SWq=0x7fbf2fd32000, HWq=0x7fbf1cc00000, id=1, Dispatch Header = 0xb02 (type=2, barrier=1, acquire=1, release=1), setup=3, grid=[8192, 1, 1], workgroup=[1024, 1, 1], private_seg_size=140, group_seg_size=0, kernel_obj=0x7fbf2fcf1980, kernarg_address=0x7fbf1ca00280, completion_signal=0x0, correlation_id=0, rptr=53, wptr=53
:3:hip_module.cpp           :745 : 4393570966539 us: [pid:4164447 tid: 0x7fbf38fc0200] hipLaunchKernel: Returned hipSuccess : : duration: 668 us
:3:hip_device_runtime.cpp   :641 : 4393570966547 us: [pid:4164447 tid: 0x7fbf38fc0200] [32m hipDeviceSynchronize (  ) [0m
:4:commandqueue.cpp         :161 : 4393570966555 us: [pid:4164447 tid: 0x7fbf38fc0200] Marker queued to ensure finish
:4:command.cpp              :359 : 4393570966560 us: [pid:4164447 tid: 0x7fbf38fc0200] Command (InternalMarker) enqueued: 0x1a5887b0
:3:rocvirtual.cpp           :533 : 4393570966574 us: [pid:4164447 tid: 0x7fbf38fc0200] Set Handler: handle(0x7fbf2fbfc400), timestamp(0x1a62c380)
:4:rocvirtual.cpp           :1147: 4393570966583 us: [pid:4164447 tid: 0x7fbf38fc0200] SWq=0x7fbf2fd32000, HWq=0x7fbf1cc00000, id=1, BarrierAND Header = 0x1503 (type=3, barrier=1, acquire=2, release=2), dep_signal=[0x0, 0x0, 0x0, 0x0, 0x0], completion_signal=0x7fbf2fbfc400
:4:commandqueue.cpp         :184 : 4393570966593 us: [pid:4164447 tid: 0x7fbf38fc0200] All commands finished
:3:hip_device_runtime.cpp   :645 : 4393570966598 us: [pid:4164447 tid: 0x7fbf38fc0200] hipDeviceSynchronize: Returned hipSuccess : 
:3:rocvirtual.cpp           :226 : 4393570966608 us: [pid:4164447 tid: 0x7fbdffbff6c0] Handler: value(0), timestamp(0x1a62c310), handle(0x7fbf2fbfc400)
:4:command.cpp              :169 : 4393570966627 us: [pid:4164447 tid: 0x7fbdffbff6c0] Command 0x19f11890 complete
:4:command.cpp              :163 : 4393570966639 us: [pid:4164447 tid: 0x7fbdffbff6c0] Command 0x1a5887b0 complete (Wall: 4393570966636, CPU: 0, GPU: 69 us)
:3:hip_memory.cpp           :795 : 4393570966611 us: [pid:4164447 tid: 0x7fbf38fc0200] [32m hipMemcpy ( 0x7fbf3551e010, 0x7fbdde400000, 30720000, hipMemcpyDeviceToHost ) [0m
:4:command.cpp              :359 : 4393570966669 us: [pid:4164447 tid: 0x7fbf38fc0200] Command (CopyDeviceToHost) enqueued: 0x1a62bfa0
:4:rocblit.cpp              :1673: 4393570966678 us: [pid:4164447 tid: 0x7fbf38fc0200] Unpinned read path, Async = 0
:4:rocmemory.cpp            :1018: 4393570966698 us: [pid:4164447 tid: 0x7fbf38fc0200] Locking to pool 0x19dc9ed0, size 0x1d4d000, HostPtr = 0x7fbf3551e000, DevPtr = 0x7fbf3551e000
:4:rocblit.cpp              :623 : 4393570967129 us: [pid:4164447 tid: 0x7fbf38fc0200] HSA Copy Using Pinned resource size 30720000
:4:rocblit.cpp              :687 : 4393570967137 us: [pid:4164447 tid: 0x7fbf38fc0200] HSA Async Copy staged D2H
:4:rocblit.cpp              :503 : 4393570967142 us: [pid:4164447 tid: 0x7fbf38fc0200] Last copy mask 0x0
:4:rocblit.cpp              :509 : 4393570967150 us: [pid:4164447 tid: 0x7fbf38fc0200] Query copy engine status 0, free_engine mask 0x1e
:4:rocblit.cpp              :520 : 4393570967161 us: [pid:4164447 tid: 0x7fbf38fc0200] HSA Async Copy on copy_engine=0x2, dst=0x7fbf3551e010, src=0x7fbdde400000, size=30720000, forceSDMA=0, wait_event=0x0, completion_signal=0x7fbf2fbfe180
:4:rocvirtual.cpp           :622 : 4393570967174 us: [pid:4164447 tid: 0x7fbf38fc0200] Host wait on completion_signal=0x7fbf2fbfe180
:3:rocvirtual.hpp           :56  : 4393570967186 us: [pid:4164447 tid: 0x7fbf38fc0200] Host active wait for Signal = (0x7fbf2fbfe180) for -1 ns
:4:commandqueue.cpp         :161 : 4393570968277 us: [pid:4164447 tid: 0x7fbf38fc0200] Marker queued to ensure finish
:4:command.cpp              :359 : 4393570968285 us: [pid:4164447 tid: 0x7fbf38fc0200] Command (InternalMarker) enqueued: 0x1a5887b0
:3:rocvirtual.cpp           :533 : 4393570968300 us: [pid:4164447 tid: 0x7fbf38fc0200] Set Handler: handle(0x7fbf2fbfc380), timestamp(0x1a62c220)
:4:rocvirtual.cpp           :1147: 4393570968309 us: [pid:4164447 tid: 0x7fbf38fc0200] SWq=0x7fbf2fd32000, HWq=0x7fbf1cc00000, id=1, BarrierAND Header = 0x1503 (type=3, barrier=1, acquire=2, release=2), dep_signal=[0x0, 0x0, 0x0, 0x0, 0x0], completion_signal=0x7fbf2fbfc380
:4:commandqueue.cpp         :184 : 4393570968325 us: [pid:4164447 tid: 0x7fbf38fc0200] All commands finished
:3:hip_memory.cpp           :796 : 4393570968334 us: [pid:4164447 tid: 0x7fbf38fc0200] hipMemcpy: Returned hipSuccess : : duration: 1723 us
:3:hip_memory.cpp           :3476: 4393570968345 us: [pid:4164447 tid: 0x7fbf38fc0200] [32m hipMemset ( 0x7fbdde400000, 0, 30720000 ) [0m
:4:command.cpp              :359 : 4393570968359 us: [pid:4164447 tid: 0x7fbf38fc0200] Command (FillBuffer) enqueued: 0x1a4f9840
:3:rocvirtual.cpp           :762 : 4393570968369 us: [pid:4164447 tid: 0x7fbf38fc0200] Arg0: void* buf = ptr:0x7fbdde400000
:3:rocvirtual.cpp           :778 : 4393570968375 us: [pid:4164447 tid: 0x7fbf38fc0200] Arg0: void* buf = ptr:0x7fbdde400000 obj:[0x7fbdde400000-0x7fbde014c000]
:3:rocvirtual.cpp           :762 : 4393570968383 us: [pid:4164447 tid: 0x7fbf38fc0200] Arg1: uchar* pattern = ptr:0x7fbf1ca00000
:3:rocvirtual.cpp           :853 : 4393570968392 us: [pid:4164447 tid: 0x7fbf38fc0200] Arg2: uint pattern_size = val:1
:3:rocvirtual.cpp           :853 : 4393570968398 us: [pid:4164447 tid: 0x7fbf38fc0200] Arg3: uint alignment = val:16
:3:rocvirtual.cpp           :853 : 4393570968405 us: [pid:4164447 tid: 0x7fbf38fc0200] Arg4: ulong end_ptr = val:140453485002752
:3:rocvirtual.cpp           :853 : 4393570968418 us: [pid:4164447 tid: 0x7fbf38fc0200] Arg5: uint next_chunk = val:26624
:3:rocvirtual.cpp           :3236: 4393570968427 us: [pid:4164447 tid: 0x7fbf38fc0200] ShaderName : __amd_rocclr_fillBufferAligned
:3:rocvirtual.cpp           :3449: 4393570968440 us: [pid:4164447 tid: 0x7fbf38fc0200] KernargSegmentByteSize = 296 KernargSegmentAlignment = 128
:3:rocvirtual.cpp           :226 : 4393570968348 us: [pid:4164447 tid: 0x7fbdffbff6c0] Handler: value(0), timestamp(0x1a62c310), handle(0x7fbf2fbfc380)
:4:rocvirtual.cpp           :965 : 4393570968451 us: [pid:4164447 tid: 0x7fbf38fc0200] SWq=0x7fbf2fd32000, HWq=0x7fbf1cc00000, id=1, Dispatch Header = 0x1502 (type=2, barrier=1, acquire=2, release=2), setup=1, grid=[26624, 1, 1], workgroup=[256, 1, 1], private_seg_size=0, group_seg_size=0, kernel_obj=0x7fbf2fd1dd40, kernarg_address=0x7fbf1ca00100, completion_signal=0x0, correlation_id=0, rptr=56, wptr=56
:3:hip_memory.cpp           :3477: 4393570969310 us: [pid:4164447 tid: 0x7fbf38fc0200] hipMemset: Returned hipSuccess : 
:3:hip_device_runtime.cpp   :641 : 4393570969316 us: [pid:4164447 tid: 0x7fbf38fc0200] [32m hipDeviceSynchronize (  ) [0m
:4:command.cpp              :169 : 4393570968808 us: [pid:4164447 tid: 0x7fbdffbff6c0] Command 0x1a62bfa0 complete
:4:command.cpp              :163 : 4393570969338 us: [pid:4164447 tid: 0x7fbdffbff6c0] Command 0x1a5887b0 complete (Wall: 4393570969334, CPU: 0, GPU: 1041 us)
:4:commandqueue.cpp         :161 : 4393570969322 us: [pid:4164447 tid: 0x7fbf38fc0200] Marker queued to ensure finish
:4:command.cpp              :359 : 4393570969359 us: [pid:4164447 tid: 0x7fbf38fc0200] Command (InternalMarker) enqueued: 0x1a4f9ac0
:3:rocvirtual.cpp           :533 : 4393570969373 us: [pid:4164447 tid: 0x7fbf38fc0200] Set Handler: handle(0x7fbf2fbfc300), timestamp(0x1a62c1a0)
:4:rocvirtual.cpp           :1147: 4393570969381 us: [pid:4164447 tid: 0x7fbf38fc0200] SWq=0x7fbf2fd32000, HWq=0x7fbf1cc00000, id=1, BarrierAND Header = 0x1503 (type=3, barrier=1, acquire=2, release=2), dep_signal=[0x0, 0x0, 0x0, 0x0, 0x0], completion_signal=0x7fbf2fbfc300
:4:commandqueue.cpp         :184 : 4393570969391 us: [pid:4164447 tid: 0x7fbf38fc0200] All commands finished
:3:hip_device_runtime.cpp   :645 : 4393570969396 us: [pid:4164447 tid: 0x7fbf38fc0200] hipDeviceSynchronize: Returned hipSuccess : 
:3:hip_platform.cpp         :237 : 4393570969406 us: [pid:4164447 tid: 0x7fbf38fc0200] [32m __hipPushCallConfiguration ( {8,1,1}, {1024,1,1}, 0, stream:<null> ) [0m
:3:hip_platform.cpp         :241 : 4393570969420 us: [pid:4164447 tid: 0x7fbf38fc0200] __hipPushCallConfiguration: Returned hipSuccess : 
:3:hip_platform.cpp         :246 : 4393570969431 us: [pid:4164447 tid: 0x7fbf38fc0200] [32m __hipPopCallConfiguration ( {1131604050,32703,1024}, {2118224,0,2169324560}, 0x7ffc814d4160, 0x7ffc814d4158 ) [0m
:3:hip_platform.cpp         :255 : 4393570969440 us: [pid:4164447 tid: 0x7fbf38fc0200] __hipPopCallConfiguration: Returned hipSuccess : 
:3:hip_module.cpp           :744 : 4393570969451 us: [pid:4164447 tid: 0x7fbf38fc0200] [32m hipLaunchKernel ( 0x200fe0, {8,1,1}, {1024,1,1}, 0x7ffc814d4110, 0, stream:<null> ) [0m
:3:rocvirtual.cpp           :226 : 4393570969411 us: [pid:4164447 tid: 0x7fbdffbff6c0] Handler: value(0), timestamp(0x1a5887b0), handle(0x7fbf2fbfc300)
:4:command.cpp              :359 : 4393570969472 us: [pid:4164447 tid: 0x7fbf38fc0200] Command (KernelExecution) enqueued: 0x19f11890
:3:rocvirtual.cpp           :762 : 4393570969997 us: [pid:4164447 tid: 0x7fbf38fc0200] Arg0:   = ptr:0x7fbe03a00000
:4:command.cpp              :169 : 4393570969989 us: [pid:4164447 tid: 0x7fbdffbff6c0] Command 0x1a4f9840 complete
:4:command.cpp              :163 : 4393570970014 us: [pid:4164447 tid: 0x7fbdffbff6c0] Command 0x1a4f9ac0 complete (Wall: 4393570970011, CPU: 0, GPU: 644 us)
:3:rocvirtual.cpp           :778 : 4393570970002 us: [pid:4164447 tid: 0x7fbf38fc0200] Arg0:   = ptr:0x7fbe03a00000 obj:[0x7fbe03a00000-0x7fbe0574c000]
:3:rocvirtual.cpp           :762 : 4393570970044 us: [pid:4164447 tid: 0x7fbf38fc0200] Arg1:   = ptr:0x7fbded400000
:3:rocvirtual.cpp           :778 : 4393570970051 us: [pid:4164447 tid: 0x7fbf38fc0200] Arg1:   = ptr:0x7fbded400000 obj:[0x7fbded400000-0x7fbded406000]
:3:rocvirtual.cpp           :762 : 4393570970061 us: [pid:4164447 tid: 0x7fbf38fc0200] Arg2:   = ptr:0x7fbdde400000
:3:rocvirtual.cpp           :778 : 4393570970065 us: [pid:4164447 tid: 0x7fbf38fc0200] Arg2:   = ptr:0x7fbdde400000 obj:[0x7fbdde400000-0x7fbde014c000]
:3:rocvirtual.cpp           :853 : 4393570970073 us: [pid:4164447 tid: 0x7fbf38fc0200] Arg3:   = val:768
:3:rocvirtual.cpp           :762 : 4393570970077 us: [pid:4164447 tid: 0x7fbf38fc0200] Arg4:   = ptr:0x7fbded406000
:3:rocvirtual.cpp           :778 : 4393570970082 us: [pid:4164447 tid: 0x7fbf38fc0200] Arg4:   = ptr:0x7fbded406000 obj:[0x7fbded406000-0x7fbded406024]
:3:rocvirtual.cpp           :3236: 4393570970090 us: [pid:4164447 tid: 0x7fbf38fc0200] ShaderName : void dense_esuhm2<float>(float const*, float const*, float*, int, int const*)
:3:rocvirtual.cpp           :3449: 4393570970098 us: [pid:4164447 tid: 0x7fbf38fc0200] KernargSegmentByteSize = 296 KernargSegmentAlignment = 128
:4:rocvirtual.cpp           :965 : 4393570970107 us: [pid:4164447 tid: 0x7fbf38fc0200] SWq=0x7fbf2fd32000, HWq=0x7fbf1cc00000, id=1, Dispatch Header = 0xb02 (type=2, barrier=1, acquire=1, release=1), setup=3, grid=[8192, 1, 1], workgroup=[1024, 1, 1], private_seg_size=140, group_seg_size=0, kernel_obj=0x7fbf2fcf19c0, kernarg_address=0x7fbf1ca00280, completion_signal=0x0, correlation_id=0, rptr=58, wptr=58
:3:hip_module.cpp           :745 : 4393570970120 us: [pid:4164447 tid: 0x7fbf38fc0200] hipLaunchKernel: Returned hipSuccess : : duration: 669 us
:3:hip_device_runtime.cpp   :641 : 4393570970130 us: [pid:4164447 tid: 0x7fbf38fc0200] [32m hipDeviceSynchronize (  ) [0m
:4:commandqueue.cpp         :161 : 4393570970532 us: [pid:4164447 tid: 0x7fbf38fc0200] Marker queued to ensure finish
:4:command.cpp              :359 : 4393570970537 us: [pid:4164447 tid: 0x7fbf38fc0200] Command (InternalMarker) enqueued: 0x1a4f9ac0
:3:rocvirtual.cpp           :533 : 4393570970550 us: [pid:4164447 tid: 0x7fbf38fc0200] Set Handler: handle(0x7fbf2fbfc280), timestamp(0x1a4f9c20)
:4:rocvirtual.cpp           :1147: 4393570970558 us: [pid:4164447 tid: 0x7fbf38fc0200] SWq=0x7fbf2fd32000, HWq=0x7fbf1cc00000, id=1, BarrierAND Header = 0x1503 (type=3, barrier=1, acquire=2, release=2), dep_signal=[0x0, 0x0, 0x0, 0x0, 0x0], completion_signal=0x7fbf2fbfc280
:3:rocvirtual.hpp           :56  : 4393570970569 us: [pid:4164447 tid: 0x7fbf38fc0200] Host active wait for Signal = (0x7fbf2fbfc280) for -1 ns
:4:commandqueue.cpp         :184 : 4393570970576 us: [pid:4164447 tid: 0x7fbf38fc0200] All commands finished
:3:hip_device_runtime.cpp   :645 : 4393570970581 us: [pid:4164447 tid: 0x7fbf38fc0200] hipDeviceSynchronize: Returned hipSuccess : 
:3:hip_memory.cpp           :795 : 4393570970593 us: [pid:4164447 tid: 0x7fbf38fc0200] [32m hipMemcpy ( 0x7fbf337d1010, 0x7fbdde400000, 30720000, hipMemcpyDeviceToHost ) [0m
:4:command.cpp              :359 : 4393570970605 us: [pid:4164447 tid: 0x7fbf38fc0200] Command (CopyDeviceToHost) enqueued: 0x1a62bfa0
:4:rocblit.cpp              :1673: 4393570970618 us: [pid:4164447 tid: 0x7fbf38fc0200] Unpinned read path, Async = 0
:3:rocvirtual.cpp           :226 : 4393570970593 us: [pid:4164447 tid: 0x7fbdffbff6c0] Handler: value(0), timestamp(0x1a4f9840), handle(0x7fbf2fbfc280)
:4:command.cpp              :169 : 4393570970648 us: [pid:4164447 tid: 0x7fbdffbff6c0] Command 0x19f11890 complete
:4:command.cpp              :163 : 4393570970661 us: [pid:4164447 tid: 0x7fbdffbff6c0] Command 0x1a4f9ac0 complete (Wall: 4393570970659, CPU: 0, GPU: 114 us)
:4:rocmemory.cpp            :1018: 4393570970633 us: [pid:4164447 tid: 0x7fbf38fc0200] Locking to pool 0x19dc9ed0, size 0x1d4d000, HostPtr = 0x7fbf337d1000, DevPtr = 0x7fbf337d1000
:4:rocblit.cpp              :623 : 4393570970686 us: [pid:4164447 tid: 0x7fbf38fc0200] HSA Copy Using Pinned resource size 30720000
:4:rocblit.cpp              :687 : 4393570970694 us: [pid:4164447 tid: 0x7fbf38fc0200] HSA Async Copy staged D2H
:4:rocblit.cpp              :503 : 4393570970698 us: [pid:4164447 tid: 0x7fbf38fc0200] Last copy mask 0x0
:4:rocblit.cpp              :509 : 4393570970704 us: [pid:4164447 tid: 0x7fbf38fc0200] Query copy engine status 0, free_engine mask 0x1e
:4:rocblit.cpp              :520 : 4393570971273 us: [pid:4164447 tid: 0x7fbf38fc0200] HSA Async Copy on copy_engine=0x2, dst=0x7fbf337d1010, src=0x7fbdde400000, size=30720000, forceSDMA=0, wait_event=0x0, completion_signal=0x7fbf2fbfdf80
:4:rocvirtual.cpp           :622 : 4393570971282 us: [pid:4164447 tid: 0x7fbf38fc0200] Host wait on completion_signal=0x7fbf2fbfdf80
:3:rocvirtual.hpp           :56  : 4393570971290 us: [pid:4164447 tid: 0x7fbf38fc0200] Host active wait for Signal = (0x7fbf2fbfdf80) for -1 ns
:4:commandqueue.cpp         :161 : 4393570972382 us: [pid:4164447 tid: 0x7fbf38fc0200] Marker queued to ensure finish
:4:command.cpp              :359 : 4393570972390 us: [pid:4164447 tid: 0x7fbf38fc0200] Command (InternalMarker) enqueued: 0x1a4f9ac0
:3:rocvirtual.cpp           :533 : 4393570972403 us: [pid:4164447 tid: 0x7fbf38fc0200] Set Handler: handle(0x7fbf2fbfc200), timestamp(0x19f11bf0)
:4:rocvirtual.cpp           :1147: 4393570972412 us: [pid:4164447 tid: 0x7fbf38fc0200] SWq=0x7fbf2fd32000, HWq=0x7fbf1cc00000, id=1, BarrierAND Header = 0x1503 (type=3, barrier=1, acquire=2, release=2), dep_signal=[0x0, 0x0, 0x0, 0x0, 0x0], completion_signal=0x7fbf2fbfc200
:4:commandqueue.cpp         :184 : 4393570972422 us: [pid:4164447 tid: 0x7fbf38fc0200] All commands finished
:3:hip_memory.cpp           :796 : 4393570972427 us: [pid:4164447 tid: 0x7fbf38fc0200] hipMemcpy: Returned hipSuccess : : duration: 1834 us
:3:hip_memory.cpp           :3476: 4393570972436 us: [pid:4164447 tid: 0x7fbf38fc0200] [32m hipMemset ( 0x7fbdde400000, 0, 30720000 ) [0m
:4:command.cpp              :359 : 4393570972446 us: [pid:4164447 tid: 0x7fbf38fc0200] Command (FillBuffer) enqueued: 0x1a4f9d10
:3:rocvirtual.cpp           :762 : 4393570972458 us: [pid:4164447 tid: 0x7fbf38fc0200] Arg0: void* buf = ptr:0x7fbdde400000
:3:rocvirtual.cpp           :778 : 4393570972464 us: [pid:4164447 tid: 0x7fbf38fc0200] Arg0: void* buf = ptr:0x7fbdde400000 obj:[0x7fbdde400000-0x7fbde014c000]
:3:rocvirtual.cpp           :762 : 4393570972472 us: [pid:4164447 tid: 0x7fbf38fc0200] Arg1: uchar* pattern = ptr:0x7fbf1ca00000
:3:rocvirtual.cpp           :853 : 4393570972481 us: [pid:4164447 tid: 0x7fbf38fc0200] Arg2: uint pattern_size = val:1
:3:rocvirtual.cpp           :853 : 4393570972494 us: [pid:4164447 tid: 0x7fbf38fc0200] Arg3: uint alignment = val:16
:3:rocvirtual.cpp           :853 : 4393570972501 us: [pid:4164447 tid: 0x7fbf38fc0200] Arg4: ulong end_ptr = val:140453485002752
:3:rocvirtual.cpp           :853 : 4393570972509 us: [pid:4164447 tid: 0x7fbf38fc0200] Arg5: uint next_chunk = val:26624
:3:rocvirtual.cpp           :226 : 4393570972450 us: [pid:4164447 tid: 0x7fbdffbff6c0] Handler: value(0), timestamp(0x1a4f9c60), handle(0x7fbf2fbfc200)
:4:command.cpp              :169 : 4393570972532 us: [pid:4164447 tid: 0x7fbdffbff6c0] Command 0x1a62bfa0 complete
:4:command.cpp              :163 : 4393570972548 us: [pid:4164447 tid: 0x7fbdffbff6c0] Command 0x1a4f9ac0 complete (Wall: 4393570972546, CPU: 0, GPU: 149 us)
:3:rocvirtual.cpp           :3236: 4393570972532 us: [pid:4164447 tid: 0x7fbf38fc0200] ShaderName : __amd_rocclr_fillBufferAligned
:3:rocvirtual.cpp           :3449: 4393570972996 us: [pid:4164447 tid: 0x7fbf38fc0200] KernargSegmentByteSize = 296 KernargSegmentAlignment = 128
:4:rocvirtual.cpp           :965 : 4393570973005 us: [pid:4164447 tid: 0x7fbf38fc0200] SWq=0x7fbf2fd32000, HWq=0x7fbf1cc00000, id=1, Dispatch Header = 0x1502 (type=2, barrier=1, acquire=2, release=2), setup=1, grid=[26624, 1, 1], workgroup=[256, 1, 1], private_seg_size=0, group_seg_size=0, kernel_obj=0x7fbf2fd1dd40, kernarg_address=0x7fbf1ca00100, completion_signal=0x0, correlation_id=0, rptr=61, wptr=61
:3:hip_memory.cpp           :3477: 4393570973020 us: [pid:4164447 tid: 0x7fbf38fc0200] hipMemset: Returned hipSuccess : 
:3:hip_device_runtime.cpp   :641 : 4393570973025 us: [pid:4164447 tid: 0x7fbf38fc0200] [32m hipDeviceSynchronize (  ) [0m
:4:commandqueue.cpp         :161 : 4393570973030 us: [pid:4164447 tid: 0x7fbf38fc0200] Marker queued to ensure finish
:4:command.cpp              :359 : 4393570973035 us: [pid:4164447 tid: 0x7fbf38fc0200] Command (InternalMarker) enqueued: 0x1a4f9ac0
:3:rocvirtual.cpp           :533 : 4393570973049 us: [pid:4164447 tid: 0x7fbf38fc0200] Set Handler: handle(0x7fbf2fbfc180), timestamp(0x1a4f9be0)
:4:rocvirtual.cpp           :1147: 4393570973057 us: [pid:4164447 tid: 0x7fbf38fc0200] SWq=0x7fbf2fd32000, HWq=0x7fbf1cc00000, id=1, BarrierAND Header = 0x1503 (type=3, barrier=1, acquire=2, release=2), dep_signal=[0x0, 0x0, 0x0, 0x0, 0x0], completion_signal=0x7fbf2fbfc180
:4:commandqueue.cpp         :184 : 4393570973067 us: [pid:4164447 tid: 0x7fbf38fc0200] All commands finished
:3:hip_device_runtime.cpp   :645 : 4393570973072 us: [pid:4164447 tid: 0x7fbf38fc0200] hipDeviceSynchronize: Returned hipSuccess : 
:3:hip_platform.cpp         :237 : 4393570973082 us: [pid:4164447 tid: 0x7fbf38fc0200] [32m __hipPushCallConfiguration ( {8,1,1}, {1024,1,1}, 0, stream:<null> ) [0m
:3:hip_platform.cpp         :241 : 4393570973091 us: [pid:4164447 tid: 0x7fbf38fc0200] __hipPushCallConfiguration: Returned hipSuccess : 
:3:hip_platform.cpp         :246 : 4393570973101 us: [pid:4164447 tid: 0x7fbf38fc0200] [32m __hipPopCallConfiguration ( {1131604050,32703,1024}, {2118224,0,2169324560}, 0x7ffc814d4160, 0x7ffc814d4158 ) [0m
:3:hip_platform.cpp         :255 : 4393570973110 us: [pid:4164447 tid: 0x7fbf38fc0200] __hipPopCallConfiguration: Returned hipSuccess : 
:3:hip_module.cpp           :744 : 4393570973120 us: [pid:4164447 tid: 0x7fbf38fc0200] [32m hipLaunchKernel ( 0x200fe8, {8,1,1}, {1024,1,1}, 0x7ffc814d4110, 0, stream:<null> ) [0m
:3:rocvirtual.cpp           :226 : 4393570973083 us: [pid:4164447 tid: 0x7fbdffbff6c0] Handler: value(0), timestamp(0x1a4f9840), handle(0x7fbf2fbfc180)
:4:command.cpp              :169 : 4393570973148 us: [pid:4164447 tid: 0x7fbdffbff6c0] Command 0x1a4f9d10 complete
:4:command.cpp              :359 : 4393570973134 us: [pid:4164447 tid: 0x7fbf38fc0200] Command (KernelExecution) enqueued: 0x19f11890
:3:rocvirtual.cpp           :762 : 4393570973523 us: [pid:4164447 tid: 0x7fbf38fc0200] Arg0:   = ptr:0x7fbe03a00000
:4:command.cpp              :163 : 4393570973518 us: [pid:4164447 tid: 0x7fbdffbff6c0] Command 0x1a4f9ac0 complete (Wall: 4393570973514, CPU: 0, GPU: 472 us)
:3:rocvirtual.cpp           :778 : 4393570973528 us: [pid:4164447 tid: 0x7fbf38fc0200] Arg0:   = ptr:0x7fbe03a00000 obj:[0x7fbe03a00000-0x7fbe0574c000]
:3:rocvirtual.cpp           :762 : 4393570973552 us: [pid:4164447 tid: 0x7fbf38fc0200] Arg1:   = ptr:0x7fbded400000
:3:rocvirtual.cpp           :778 : 4393570973557 us: [pid:4164447 tid: 0x7fbf38fc0200] Arg1:   = ptr:0x7fbded400000 obj:[0x7fbded400000-0x7fbded406000]
:3:rocvirtual.cpp           :762 : 4393570973565 us: [pid:4164447 tid: 0x7fbf38fc0200] Arg2:   = ptr:0x7fbdde400000
:3:rocvirtual.cpp           :778 : 4393570973569 us: [pid:4164447 tid: 0x7fbf38fc0200] Arg2:   = ptr:0x7fbdde400000 obj:[0x7fbdde400000-0x7fbde014c000]
:3:rocvirtual.cpp           :853 : 4393570973580 us: [pid:4164447 tid: 0x7fbf38fc0200] Arg3:   = val:768
:3:rocvirtual.cpp           :762 : 4393570973584 us: [pid:4164447 tid: 0x7fbf38fc0200] Arg4:   = ptr:0x7fbded406000
:3:rocvirtual.cpp           :778 : 4393570973589 us: [pid:4164447 tid: 0x7fbf38fc0200] Arg4:   = ptr:0x7fbded406000 obj:[0x7fbded406000-0x7fbded406024]
:3:rocvirtual.cpp           :3236: 4393570973596 us: [pid:4164447 tid: 0x7fbf38fc0200] ShaderName : void dense_esuhm3<float>(float const*, float const*, float*, int, int const*)
:3:rocvirtual.cpp           :3449: 4393570973605 us: [pid:4164447 tid: 0x7fbf38fc0200] KernargSegmentByteSize = 296 KernargSegmentAlignment = 128
:4:rocvirtual.cpp           :965 : 4393570973613 us: [pid:4164447 tid: 0x7fbf38fc0200] SWq=0x7fbf2fd32000, HWq=0x7fbf1cc00000, id=1, Dispatch Header = 0xb02 (type=2, barrier=1, acquire=1, release=1), setup=3, grid=[8192, 1, 1], workgroup=[1024, 1, 1], private_seg_size=140, group_seg_size=0, kernel_obj=0x7fbf2fcf1a00, kernarg_address=0x7fbf1ca00280, completion_signal=0x0, correlation_id=0, rptr=63, wptr=63
:3:hip_module.cpp           :745 : 4393570973627 us: [pid:4164447 tid: 0x7fbf38fc0200] hipLaunchKernel: Returned hipSuccess : : duration: 507 us
:3:hip_device_runtime.cpp   :641 : 4393570973635 us: [pid:4164447 tid: 0x7fbf38fc0200] [32m hipDeviceSynchronize (  ) [0m
:4:commandqueue.cpp         :161 : 4393570973640 us: [pid:4164447 tid: 0x7fbf38fc0200] Marker queued to ensure finish
:4:command.cpp              :359 : 4393570973644 us: [pid:4164447 tid: 0x7fbf38fc0200] Command (InternalMarker) enqueued: 0x1a4f9ac0
:3:rocvirtual.cpp           :533 : 4393570974127 us: [pid:4164447 tid: 0x7fbf38fc0200] Set Handler: handle(0x7fbf2fbfc100), timestamp(0x1a4f99c0)
:4:rocvirtual.cpp           :1147: 4393570974136 us: [pid:4164447 tid: 0x7fbf38fc0200] SWq=0x7fbf2fd32000, HWq=0x7fbf1cc00000, id=1, BarrierAND Header = 0x1503 (type=3, barrier=1, acquire=2, release=2), dep_signal=[0x0, 0x0, 0x0, 0x0, 0x0], completion_signal=0x7fbf2fbfc100
:3:rocvirtual.hpp           :56  : 4393570974147 us: [pid:4164447 tid: 0x7fbf38fc0200] Host active wait for Signal = (0x7fbf2fbfc100) for -1 ns
:4:commandqueue.cpp         :184 : 4393570974155 us: [pid:4164447 tid: 0x7fbf38fc0200] All commands finished
:3:hip_device_runtime.cpp   :645 : 4393570974160 us: [pid:4164447 tid: 0x7fbf38fc0200] hipDeviceSynchronize: Returned hipSuccess : 
:3:rocvirtual.cpp           :226 : 4393570974169 us: [pid:4164447 tid: 0x7fbdffbff6c0] Handler: value(0), timestamp(0x1a4f9d10), handle(0x7fbf2fbfc100)
:4:command.cpp              :169 : 4393570974186 us: [pid:4164447 tid: 0x7fbdffbff6c0] Command 0x19f11890 complete
:3:hip_memory.cpp           :795 : 4393570974171 us: [pid:4164447 tid: 0x7fbf38fc0200] [32m hipMemcpy ( 0x7fbf31a84010, 0x7fbdde400000, 30720000, hipMemcpyDeviceToHost ) [0m
:4:command.cpp              :163 : 4393570974197 us: [pid:4164447 tid: 0x7fbdffbff6c0] Command 0x1a4f9ac0 complete (Wall: 4393570974195, CPU: 0, GPU: 74 us)
:4:command.cpp              :359 : 4393570974217 us: [pid:4164447 tid: 0x7fbf38fc0200] Command (CopyDeviceToHost) enqueued: 0x1a62bfa0
:4:rocblit.cpp              :1673: 4393570974255 us: [pid:4164447 tid: 0x7fbf38fc0200] Unpinned read path, Async = 0
:4:rocmemory.cpp            :1018: 4393570974267 us: [pid:4164447 tid: 0x7fbf38fc0200] Locking to pool 0x19dc9ed0, size 0x1d4d000, HostPtr = 0x7fbf31a84000, DevPtr = 0x7fbf31a84000
:4:rocblit.cpp              :623 : 4393570974275 us: [pid:4164447 tid: 0x7fbf38fc0200] HSA Copy Using Pinned resource size 30720000
:4:rocblit.cpp              :687 : 4393570974282 us: [pid:4164447 tid: 0x7fbf38fc0200] HSA Async Copy staged D2H
:4:rocblit.cpp              :503 : 4393570974287 us: [pid:4164447 tid: 0x7fbf38fc0200] Last copy mask 0x0
:4:rocblit.cpp              :509 : 4393570974636 us: [pid:4164447 tid: 0x7fbf38fc0200] Query copy engine status 0, free_engine mask 0x1e
:4:rocblit.cpp              :520 : 4393570974644 us: [pid:4164447 tid: 0x7fbf38fc0200] HSA Async Copy on copy_engine=0x2, dst=0x7fbf31a84010, src=0x7fbdde400000, size=30720000, forceSDMA=0, wait_event=0x0, completion_signal=0x7fbf2fbfdd80
:4:rocvirtual.cpp           :622 : 4393570974657 us: [pid:4164447 tid: 0x7fbf38fc0200] Host wait on completion_signal=0x7fbf2fbfdd80
:3:rocvirtual.hpp           :56  : 4393570974664 us: [pid:4164447 tid: 0x7fbf38fc0200] Host active wait for Signal = (0x7fbf2fbfdd80) for -1 ns
:4:commandqueue.cpp         :161 : 4393570975755 us: [pid:4164447 tid: 0x7fbf38fc0200] Marker queued to ensure finish
:4:command.cpp              :359 : 4393570975762 us: [pid:4164447 tid: 0x7fbf38fc0200] Command (InternalMarker) enqueued: 0x1a4f9ac0
:3:rocvirtual.cpp           :533 : 4393570975777 us: [pid:4164447 tid: 0x7fbf38fc0200] Set Handler: handle(0x7fbf2fbfc080), timestamp(0x1a4fa020)
:4:rocvirtual.cpp           :1147: 4393570975785 us: [pid:4164447 tid: 0x7fbf38fc0200] SWq=0x7fbf2fd32000, HWq=0x7fbf1cc00000, id=1, BarrierAND Header = 0x1503 (type=3, barrier=1, acquire=2, release=2), dep_signal=[0x0, 0x0, 0x0, 0x0, 0x0], completion_signal=0x7fbf2fbfc080
:4:commandqueue.cpp         :184 : 4393570975795 us: [pid:4164447 tid: 0x7fbf38fc0200] All commands finished
:3:hip_memory.cpp           :796 : 4393570975800 us: [pid:4164447 tid: 0x7fbf38fc0200] hipMemcpy: Returned hipSuccess : : duration: 1629 us
:3:rocvirtual.cpp           :226 : 4393570975822 us: [pid:4164447 tid: 0x7fbdffbff6c0] Handler: value(0), timestamp(0x1a4f9d10), handle(0x7fbf2fbfc080)
:4:command.cpp              :169 : 4393570975840 us: [pid:4164447 tid: 0x7fbdffbff6c0] Command 0x1a62bfa0 complete
:4:command.cpp              :163 : 4393570975850 us: [pid:4164447 tid: 0x7fbdffbff6c0] Command 0x1a4f9ac0 complete (Wall: 4393570975848, CPU: 0, GPU: 78 us)
:3:hip_memory.cpp           :772 : 4393571053101 us: [pid:4164447 tid: 0x7fbf38fc0200] [32m hipFree ( 0x7fbe03a00000 ) [0m
:4:commandqueue.cpp         :167 : 4393571053125 us: [pid:4164447 tid: 0x7fbf38fc0200] HW Event not ready, awaiting completion instead
:4:commandqueue.cpp         :184 : 4393571053137 us: [pid:4164447 tid: 0x7fbf38fc0200] All commands finished
:4:rocdevice.cpp            :2388: 4393571053251 us: [pid:4164447 tid: 0x7fbf38fc0200] Free hsa memory 0x7fbe03a00000
:3:rocdevice.cpp            :2411: 4393571053258 us: [pid:4164447 tid: 0x7fbf38fc0200] Device=0x19ec3500, freeMem_ = 0xffd2adfdc
:3:hip_memory.cpp           :774 : 4393571053270 us: [pid:4164447 tid: 0x7fbf38fc0200] hipFree: Returned hipSuccess : 
:3:hip_memory.cpp           :772 : 4393571053712 us: [pid:4164447 tid: 0x7fbf38fc0200] [32m hipFree ( 0x7fbded400000 ) [0m
:4:rocdevice.cpp            :2388: 4393571053722 us: [pid:4164447 tid: 0x7fbf38fc0200] Free hsa memory 0x7fbded400000
:3:rocdevice.cpp            :2411: 4393571053727 us: [pid:4164447 tid: 0x7fbf38fc0200] Device=0x19ec3500, freeMem_ = 0xffd2b3fdc
:3:hip_memory.cpp           :774 : 4393571053734 us: [pid:4164447 tid: 0x7fbf38fc0200] hipFree: Returned hipSuccess : 
:3:hip_memory.cpp           :772 : 4393571053739 us: [pid:4164447 tid: 0x7fbf38fc0200] [32m hipFree ( 0x7fbdde400000 ) [0m
:4:rocdevice.cpp            :2388: 4393571053790 us: [pid:4164447 tid: 0x7fbf38fc0200] Free hsa memory 0x7fbdde400000
:3:rocdevice.cpp            :2411: 4393571053795 us: [pid:4164447 tid: 0x7fbf38fc0200] Device=0x19ec3500, freeMem_ = 0xffeffffdc
:3:hip_memory.cpp           :774 : 4393571053804 us: [pid:4164447 tid: 0x7fbf38fc0200] hipFree: Returned hipSuccess : 
:3:hip_memory.cpp           :772 : 4393571053809 us: [pid:4164447 tid: 0x7fbf38fc0200] [32m hipFree ( 0x7fbded406000 ) [0m
:4:rocdevice.cpp            :2388: 4393571053816 us: [pid:4164447 tid: 0x7fbf38fc0200] Free hsa memory 0x7fbded406000
:3:rocdevice.cpp            :2411: 4393571053820 us: [pid:4164447 tid: 0x7fbf38fc0200] Device=0x19ec3500, freeMem_ = 0xfff000000
:3:hip_memory.cpp           :774 : 4393571053829 us: [pid:4164447 tid: 0x7fbf38fc0200] hipFree: Returned hipSuccess : 
:3:hip_memory.cpp           :756 : 4393574518142 us: [pid:4164447 tid: 0x7fbf38fc0200] [32m hipMalloc ( 0x7ffc814d4340, 81920000 ) [0m
:4:rocdevice.cpp            :2371: 4393574518314 us: [pid:4164447 tid: 0x7fbf38fc0200] Allocate hsa device memory 0x7fbdba000000, size 0x4e20000, hsa_mem_flags 0x0h
:3:rocdevice.cpp            :2411: 4393574518329 us: [pid:4164447 tid: 0x7fbf38fc0200] Device=0x19ec3500, freeMem_ = 0xffa1e0000
:3:hip_memory.cpp           :758 : 4393574518344 us: [pid:4164447 tid: 0x7fbf38fc0200] hipMalloc: Returned hipSuccess : 0x7fbdba000000: duration: 202 us
:3:hip_memory.cpp           :795 : 4393574518800 us: [pid:4164447 tid: 0x7fbf38fc0200] [32m hipMemcpy ( 0x7fbdba000000, 0x7fbf34197010, 81920000, hipMemcpyHostToDevice ) [0m
:4:command.cpp              :359 : 4393574518820 us: [pid:4164447 tid: 0x7fbf38fc0200] Command (CopyHostToDevice) enqueued: 0x19f11890
:4:rocblit.cpp              :1803: 4393574518835 us: [pid:4164447 tid: 0x7fbf38fc0200] Unpinned write path, Async = 0
:4:rocmemory.cpp            :1018: 4393574519782 us: [pid:4164447 tid: 0x7fbf38fc0200] Locking to pool 0x19dc9ed0, size 0x2001000, HostPtr = 0x7fbf34197000, DevPtr = 0x7fbf34197000
:4:rocblit.cpp              :623 : 4393574520095 us: [pid:4164447 tid: 0x7fbf38fc0200] HSA Copy Using Pinned resource size 33554432
:4:rocblit.cpp              :680 : 4393574520107 us: [pid:4164447 tid: 0x7fbf38fc0200] HSA Async Copy staged H2D
:4:rocblit.cpp              :503 : 4393574520115 us: [pid:4164447 tid: 0x7fbf38fc0200] Last copy mask 0x0
:4:rocblit.cpp              :509 : 4393574520124 us: [pid:4164447 tid: 0x7fbf38fc0200] Query copy engine status 0, free_engine mask 0x1f
:4:rocblit.cpp              :520 : 4393574520135 us: [pid:4164447 tid: 0x7fbf38fc0200] HSA Async Copy on copy_engine=0x1, dst=0x7fbdba000000, src=0x7fbf34197010, size=33554432, forceSDMA=0, wait_event=0x0, completion_signal=0x7fbf2fbfdc80
:4:rocvirtual.cpp           :622 : 4393574520148 us: [pid:4164447 tid: 0x7fbf38fc0200] Host wait on completion_signal=0x7fbf2fbfdc80
:3:rocvirtual.hpp           :56  : 4393574520159 us: [pid:4164447 tid: 0x7fbf38fc0200] Host active wait for Signal = (0x7fbf2fbfdc80) for -1 ns
:4:rocmemory.cpp            :1018: 4393574526437 us: [pid:4164447 tid: 0x7fbf38fc0200] Locking to pool 0x19dc9ed0, size 0x2001000, HostPtr = 0x7fbf36197000, DevPtr = 0x7fbf36197000
:4:rocblit.cpp              :623 : 4393574526454 us: [pid:4164447 tid: 0x7fbf38fc0200] HSA Copy Using Pinned resource size 33554432
:4:rocblit.cpp              :680 : 4393574526462 us: [pid:4164447 tid: 0x7fbf38fc0200] HSA Async Copy staged H2D
:4:rocblit.cpp              :503 : 4393574526466 us: [pid:4164447 tid: 0x7fbf38fc0200] Last copy mask 0x1
:4:rocblit.cpp              :520 : 4393574526471 us: [pid:4164447 tid: 0x7fbf38fc0200] HSA Async Copy on copy_engine=0x1, dst=0x7fbdbc000000, src=0x7fbf36197010, size=33554432, forceSDMA=0, wait_event=0x0, completion_signal=0x7fbf2fbfdc00
:4:rocvirtual.cpp           :622 : 4393574526480 us: [pid:4164447 tid: 0x7fbf38fc0200] Host wait on completion_signal=0x7fbf2fbfdc00
:3:rocvirtual.hpp           :56  : 4393574526488 us: [pid:4164447 tid: 0x7fbf38fc0200] Host active wait for Signal = (0x7fbf2fbfdc00) for -1 ns
:4:rocmemory.cpp            :1018: 4393574528018 us: [pid:4164447 tid: 0x7fbf38fc0200] Locking to pool 0x19dc9ed0, size 0xe21000, HostPtr = 0x7fbf38197000, DevPtr = 0x7fbf38197000
:4:rocblit.cpp              :623 : 4393574528029 us: [pid:4164447 tid: 0x7fbf38fc0200] HSA Copy Using Pinned resource size 14811136
:4:rocblit.cpp              :680 : 4393574528037 us: [pid:4164447 tid: 0x7fbf38fc0200] HSA Async Copy staged H2D
:4:rocblit.cpp              :503 : 4393574528042 us: [pid:4164447 tid: 0x7fbf38fc0200] Last copy mask 0x1
:4:rocblit.cpp              :520 : 4393574528046 us: [pid:4164447 tid: 0x7fbf38fc0200] HSA Async Copy on copy_engine=0x1, dst=0x7fbdbe000000, src=0x7fbf38197010, size=14811136, forceSDMA=0, wait_event=0x0, completion_signal=0x7fbf2fbfdb80
:4:rocvirtual.cpp           :622 : 4393574528055 us: [pid:4164447 tid: 0x7fbf38fc0200] Host wait on completion_signal=0x7fbf2fbfdb80
:3:rocvirtual.hpp           :56  : 4393574528066 us: [pid:4164447 tid: 0x7fbf38fc0200] Host active wait for Signal = (0x7fbf2fbfdb80) for -1 ns
:4:commandqueue.cpp         :161 : 4393574528614 us: [pid:4164447 tid: 0x7fbf38fc0200] Marker queued to ensure finish
:4:command.cpp              :359 : 4393574528621 us: [pid:4164447 tid: 0x7fbf38fc0200] Command (InternalMarker) enqueued: 0x1a4f9ac0
:3:rocvirtual.cpp           :533 : 4393574528639 us: [pid:4164447 tid: 0x7fbf38fc0200] Set Handler: handle(0x7fbf2fbfc000), timestamp(0x19ec5c20)
:4:rocvirtual.cpp           :1147: 4393574528649 us: [pid:4164447 tid: 0x7fbf38fc0200] SWq=0x7fbf2fd32000, HWq=0x7fbf1cc00000, id=1, BarrierAND Header = 0x1503 (type=3, barrier=1, acquire=2, release=2), dep_signal=[0x0, 0x0, 0x0, 0x0, 0x0], completion_signal=0x7fbf2fbfc000
:4:commandqueue.cpp         :184 : 4393574528660 us: [pid:4164447 tid: 0x7fbf38fc0200] All commands finished
:3:hip_memory.cpp           :796 : 4393574528665 us: [pid:4164447 tid: 0x7fbf38fc0200] hipMemcpy: Returned hipSuccess : : duration: 9865 us
:3:hip_memory.cpp           :756 : 4393574528675 us: [pid:4164447 tid: 0x7fbf38fc0200] [32m hipMalloc ( 0x7ffc814d4338, 65536 ) [0m
:4:rocdevice.cpp            :2371: 4393574528685 us: [pid:4164447 tid: 0x7fbf38fc0200] Allocate hsa device memory 0x7fbded427000, size 0x10000, hsa_mem_flags 0x0h
:3:rocdevice.cpp            :2411: 4393574529167 us: [pid:4164447 tid: 0x7fbf38fc0200] Device=0x19ec3500, freeMem_ = 0xffa1d0000
:3:hip_memory.cpp           :758 : 4393574529177 us: [pid:4164447 tid: 0x7fbf38fc0200] hipMalloc: Returned hipSuccess : 0x7fbded427000: duration: 502 us
:3:rocvirtual.cpp           :226 : 4393574528688 us: [pid:4164447 tid: 0x7fbdffbff6c0] Handler: value(0), timestamp(0x1a6f0510), handle(0x7fbf2fbfc000)
:3:hip_memory.cpp           :795 : 4393574529188 us: [pid:4164447 tid: 0x7fbf38fc0200] [32m hipMemcpy ( 0x7fbded427000, 0x1a54adf0, 65536, hipMemcpyHostToDevice ) [0m
:4:command.cpp              :359 : 4393574529216 us: [pid:4164447 tid: 0x7fbf38fc0200] Command (CopyHostToDevice) enqueued: 0x1a62bfa0
:4:rocblit.cpp              :1803: 4393574529225 us: [pid:4164447 tid: 0x7fbf38fc0200] Unpinned write path, Async = 0
:4:rocblit.cpp              :633 : 4393574529231 us: [pid:4164447 tid: 0x7fbf38fc0200] HSA Copy Using Staging resource size 65536
:4:rocblit.cpp              :680 : 4393574529244 us: [pid:4164447 tid: 0x7fbf38fc0200] HSA Async Copy staged H2D
:4:rocblit.cpp              :503 : 4393574529250 us: [pid:4164447 tid: 0x7fbf38fc0200] Last copy mask 0x0
:4:rocblit.cpp              :509 : 4393574529256 us: [pid:4164447 tid: 0x7fbf38fc0200] Query copy engine status 0, free_engine mask 0x1f
:4:rocblit.cpp              :520 : 4393574529265 us: [pid:4164447 tid: 0x7fbf38fc0200] HSA Async Copy on copy_engine=0x1, dst=0x7fbded427000, src=0x7fbf1c406100, size=65536, forceSDMA=0, wait_event=0x0, completion_signal=0x7fbf2fbfda80
:4:command.cpp              :169 : 4393574529205 us: [pid:4164447 tid: 0x7fbdffbff6c0] Command 0x19f11890 complete
:4:commandqueue.cpp         :161 : 4393574529275 us: [pid:4164447 tid: 0x7fbf38fc0200] Marker queued to ensure finish
:4:command.cpp              :359 : 4393574529687 us: [pid:4164447 tid: 0x7fbf38fc0200] Command (InternalMarker) enqueued: 0x19fabba0
:3:rocvirtual.cpp           :533 : 4393574529701 us: [pid:4164447 tid: 0x7fbf38fc0200] Set Handler: handle(0x7fbf2fbfbf80), timestamp(0x1a4f9a00)
:4:rocvirtual.cpp           :1147: 4393574529711 us: [pid:4164447 tid: 0x7fbf38fc0200] SWq=0x7fbf2fd32000, HWq=0x7fbf1cc00000, id=1, BarrierAND Header = 0x1503 (type=3, barrier=1, acquire=2, release=2), dep_signal=[0x0, 0x0, 0x0, 0x0, 0x0], completion_signal=0x7fbf2fbfbf80
:3:rocvirtual.hpp           :56  : 4393574529722 us: [pid:4164447 tid: 0x7fbf38fc0200] Host active wait for Signal = (0x7fbf2fbfbf80) for -1 ns
:4:command.cpp              :163 : 4393574529681 us: [pid:4164447 tid: 0x7fbdffbff6c0] Command 0x1a4f9ac0 complete (Wall: 4393574529679, CPU: 0, GPU: 1050 us)
:4:commandqueue.cpp         :184 : 4393574536567 us: [pid:4164447 tid: 0x7fbf38fc0200] All commands finished
:3:rocvirtual.cpp           :226 : 4393574536583 us: [pid:4164447 tid: 0x7fbdffbff6c0] Handler: value(0), timestamp(0x19ec8b00), handle(0x7fbf2fbfbf80)
:4:command.cpp              :169 : 4393574536603 us: [pid:4164447 tid: 0x7fbdffbff6c0] Command 0x1a62bfa0 complete
:4:command.cpp              :163 : 4393574536627 us: [pid:4164447 tid: 0x7fbdffbff6c0] Command 0x19fabba0 complete (Wall: 4393574536625, CPU: 0, GPU: 6929 us)
:3:hip_memory.cpp           :796 : 4393574536688 us: [pid:4164447 tid: 0x7fbf38fc0200] hipMemcpy: Returned hipSuccess : : duration: 7500 us
:3:hip_memory.cpp           :756 : 4393574536723 us: [pid:4164447 tid: 0x7fbf38fc0200] [32m hipMalloc ( 0x7ffc814d4330, 81920000 ) [0m
:4:rocdevice.cpp            :2371: 4393574536898 us: [pid:4164447 tid: 0x7fbf38fc0200] Allocate hsa device memory 0x7fbdb4e00000, size 0x4e20000, hsa_mem_flags 0x0h
:3:rocdevice.cpp            :2411: 4393574537300 us: [pid:4164447 tid: 0x7fbf38fc0200] Device=0x19ec3500, freeMem_ = 0xff53b0000
:3:hip_memory.cpp           :758 : 4393574537315 us: [pid:4164447 tid: 0x7fbf38fc0200] hipMalloc: Returned hipSuccess : 0x7fbdb4e00000: duration: 592 us
:3:hip_memory.cpp           :756 : 4393574537327 us: [pid:4164447 tid: 0x7fbf38fc0200] [32m hipMalloc ( 0x7ffc814d4328, 36 ) [0m
:4:rocdevice.cpp            :2371: 4393574537341 us: [pid:4164447 tid: 0x7fbf38fc0200] Allocate hsa device memory 0x7fbded400000, size 0x24, hsa_mem_flags 0x0h
:3:rocdevice.cpp            :2411: 4393574537352 us: [pid:4164447 tid: 0x7fbf38fc0200] Device=0x19ec3500, freeMem_ = 0xff53affdc
:3:hip_memory.cpp           :758 : 4393574537365 us: [pid:4164447 tid: 0x7fbf38fc0200] hipMalloc: Returned hipSuccess : 0x7fbded400000: duration: 38 us
:3:hip_memory.cpp           :795 : 4393574537379 us: [pid:4164447 tid: 0x7fbf38fc0200] [32m hipMemcpy ( 0x7fbded400000, 0x19dbfdc0, 36, hipMemcpyHostToDevice ) [0m
:4:command.cpp              :359 : 4393574537395 us: [pid:4164447 tid: 0x7fbf38fc0200] Command (CopyHostToDevice) enqueued: 0x1a62bfa0
:4:rocblit.cpp              :1803: 4393574537409 us: [pid:4164447 tid: 0x7fbf38fc0200] Unpinned write path, Async = 0
:4:rocblit.cpp              :1832: 4393574537415 us: [pid:4164447 tid: 0x7fbf38fc0200] memcpy stg buf=0x7fbf1c416100, host src=0x19dbfdc0, size=36
:4:rocblit.cpp              :1835: 4393574537424 us: [pid:4164447 tid: 0x7fbf38fc0200] Blit staging H2D copy dst=0x7fbded400000, stg buf=0x7fbf1c416100, dstOrigin=0x0, size=36
:3:rocvirtual.cpp           :762 : 4393574537895 us: [pid:4164447 tid: 0x7fbf38fc0200] Arg0: uchar* src = ptr:0x7fbf1c416100
:3:rocvirtual.cpp           :762 : 4393574537902 us: [pid:4164447 tid: 0x7fbf38fc0200] Arg1: uchar* dst = ptr:0x7fbded400000
:3:rocvirtual.cpp           :853 : 4393574537909 us: [pid:4164447 tid: 0x7fbf38fc0200] Arg2: ulong size = val:36
:3:rocvirtual.cpp           :853 : 4393574537915 us: [pid:4164447 tid: 0x7fbf38fc0200] Arg3: uint remainder = val:4
:3:rocvirtual.cpp           :853 : 4393574537921 us: [pid:4164447 tid: 0x7fbf38fc0200] Arg4: uint aligned_size = val:16
:3:rocvirtual.cpp           :853 : 4393574537928 us: [pid:4164447 tid: 0x7fbf38fc0200] Arg5: ulong end_ptr = val:140453705941024
:3:rocvirtual.cpp           :853 : 4393574537938 us: [pid:4164447 tid: 0x7fbf38fc0200] Arg6: uint next_chunk = val:512
:3:rocvirtual.cpp           :3236: 4393574537945 us: [pid:4164447 tid: 0x7fbf38fc0200] ShaderName : __amd_rocclr_copyBuffer
:3:rocvirtual.cpp           :3449: 4393574537954 us: [pid:4164447 tid: 0x7fbf38fc0200] KernargSegmentByteSize = 304 KernargSegmentAlignment = 128
:4:rocvirtual.cpp           :965 : 4393574537968 us: [pid:4164447 tid: 0x7fbf38fc0200] SWq=0x7fbf2fd32000, HWq=0x7fbf1cc00000, id=1, Dispatch Header = 0x1502 (type=2, barrier=1, acquire=2, release=2), setup=1, grid=[512, 1, 1], workgroup=[512, 1, 1], private_seg_size=0, group_seg_size=0, kernel_obj=0x7fbf2fd1ddc0, kernarg_address=0x7fbf1ca00000, completion_signal=0x0, correlation_id=0, rptr=68, wptr=68
:4:commandqueue.cpp         :161 : 4393574537985 us: [pid:4164447 tid: 0x7fbf38fc0200] Marker queued to ensure finish
:4:command.cpp              :359 : 4393574538002 us: [pid:4164447 tid: 0x7fbf38fc0200] Command (InternalMarker) enqueued: 0x19fabba0
:3:rocvirtual.cpp           :533 : 4393574538026 us: [pid:4164447 tid: 0x7fbf38fc0200] Set Handler: handle(0x7fbf2fbfbf00), timestamp(0x1a61e790)
:4:rocvirtual.cpp           :1147: 4393574538488 us: [pid:4164447 tid: 0x7fbf38fc0200] SWq=0x7fbf2fd32000, HWq=0x7fbf1cc00000, id=1, BarrierAND Header = 0x1503 (type=3, barrier=1, acquire=2, release=2), dep_signal=[0x0, 0x0, 0x0, 0x0, 0x0], completion_signal=0x7fbf2fbfbf00
:4:commandqueue.cpp         :184 : 4393574538508 us: [pid:4164447 tid: 0x7fbf38fc0200] All commands finished
:3:rocvirtual.cpp           :226 : 4393574538510 us: [pid:4164447 tid: 0x7fbdffbff6c0] Handler: value(0), timestamp(0x1a61e6e0), handle(0x7fbf2fbfbf00)
:4:command.cpp              :169 : 4393574538532 us: [pid:4164447 tid: 0x7fbdffbff6c0] Command 0x1a62bfa0 complete
:4:command.cpp              :163 : 4393574538540 us: [pid:4164447 tid: 0x7fbdffbff6c0] Command 0x19fabba0 complete (Wall: 4393574538539, CPU: 0, GPU: 527 us)
:3:hip_memory.cpp           :796 : 4393574538520 us: [pid:4164447 tid: 0x7fbf38fc0200] hipMemcpy: Returned hipSuccess : : duration: 1141 us
:3:hip_memory.cpp           :3476: 4393574538569 us: [pid:4164447 tid: 0x7fbf38fc0200] [32m hipMemset ( 0x7fbdb4e00000, 0, 81920000 ) [0m
:4:command.cpp              :359 : 4393574538584 us: [pid:4164447 tid: 0x7fbf38fc0200] Command (FillBuffer) enqueued: 0x1a61e850
:3:rocvirtual.cpp           :762 : 4393574538599 us: [pid:4164447 tid: 0x7fbf38fc0200] Arg0: void* buf = ptr:0x7fbdb4e00000
:3:rocvirtual.cpp           :778 : 4393574538606 us: [pid:4164447 tid: 0x7fbf38fc0200] Arg0: void* buf = ptr:0x7fbdb4e00000 obj:[0x7fbdb4e00000-0x7fbdb9c20000]
:3:rocvirtual.cpp           :762 : 4393574539116 us: [pid:4164447 tid: 0x7fbf38fc0200] Arg1: uchar* pattern = ptr:0x7fbf1ca00200
:3:rocvirtual.cpp           :853 : 4393574539126 us: [pid:4164447 tid: 0x7fbf38fc0200] Arg2: uint pattern_size = val:1
:3:rocvirtual.cpp           :853 : 4393574539133 us: [pid:4164447 tid: 0x7fbf38fc0200] Arg3: uint alignment = val:16
:3:rocvirtual.cpp           :853 : 4393574539139 us: [pid:4164447 tid: 0x7fbf38fc0200] Arg4: ulong end_ptr = val:140452842045440
:3:rocvirtual.cpp           :853 : 4393574539149 us: [pid:4164447 tid: 0x7fbf38fc0200] Arg5: uint next_chunk = val:26624
:3:rocvirtual.cpp           :3236: 4393574539156 us: [pid:4164447 tid: 0x7fbf38fc0200] ShaderName : __amd_rocclr_fillBufferAligned
:3:rocvirtual.cpp           :3449: 4393574539166 us: [pid:4164447 tid: 0x7fbf38fc0200] KernargSegmentByteSize = 296 KernargSegmentAlignment = 128
:4:rocvirtual.cpp           :965 : 4393574539179 us: [pid:4164447 tid: 0x7fbf38fc0200] SWq=0x7fbf2fd32000, HWq=0x7fbf1cc00000, id=1, Dispatch Header = 0xb02 (type=2, barrier=1, acquire=1, release=1), setup=1, grid=[26624, 1, 1], workgroup=[256, 1, 1], private_seg_size=0, group_seg_size=0, kernel_obj=0x7fbf2fd1dd40, kernarg_address=0x7fbf1ca00300, completion_signal=0x0, correlation_id=0, rptr=70, wptr=70
:3:hip_memory.cpp           :3477: 4393574539198 us: [pid:4164447 tid: 0x7fbf38fc0200] hipMemset: Returned hipSuccess : 
:3:hip_device_runtime.cpp   :641 : 4393574539206 us: [pid:4164447 tid: 0x7fbf38fc0200] [32m hipDeviceSynchronize (  ) [0m
:4:commandqueue.cpp         :161 : 4393574539213 us: [pid:4164447 tid: 0x7fbf38fc0200] Marker queued to ensure finish
:4:command.cpp              :359 : 4393574539219 us: [pid:4164447 tid: 0x7fbf38fc0200] Command (InternalMarker) enqueued: 0x19fabba0
:3:rocvirtual.cpp           :533 : 4393574539238 us: [pid:4164447 tid: 0x7fbf38fc0200] Set Handler: handle(0x7fbf2fbfbe80), timestamp(0x1a61eb00)
:4:rocvirtual.cpp           :1147: 4393574539948 us: [pid:4164447 tid: 0x7fbf38fc0200] SWq=0x7fbf2fd32000, HWq=0x7fbf1cc00000, id=1, BarrierAND Header = 0x1503 (type=3, barrier=1, acquire=2, release=2), dep_signal=[0x0, 0x0, 0x0, 0x0, 0x0], completion_signal=0x7fbf2fbfbe80
:4:commandqueue.cpp         :184 : 4393574539962 us: [pid:4164447 tid: 0x7fbf38fc0200] All commands finished
:3:rocvirtual.cpp           :226 : 4393574539974 us: [pid:4164447 tid: 0x7fbdffbff6c0] Handler: value(0), timestamp(0x1a61ea50), handle(0x7fbf2fbfbe80)
:4:command.cpp              :169 : 4393574539986 us: [pid:4164447 tid: 0x7fbdffbff6c0] Command 0x1a61e850 complete
:4:command.cpp              :163 : 4393574539993 us: [pid:4164447 tid: 0x7fbdffbff6c0] Command 0x19fabba0 complete (Wall: 4393574539991, CPU: 0, GPU: 762 us)
:3:hip_device_runtime.cpp   :645 : 4393574539974 us: [pid:4164447 tid: 0x7fbf38fc0200] hipDeviceSynchronize: Returned hipSuccess : 
:3:hip_platform.cpp         :237 : 4393574540038 us: [pid:4164447 tid: 0x7fbf38fc0200] [32m __hipPushCallConfiguration ( {8,1,1}, {128,1,1}, 0, stream:<null> ) [0m
:3:hip_platform.cpp         :241 : 4393574540050 us: [pid:4164447 tid: 0x7fbf38fc0200] __hipPushCallConfiguration: Returned hipSuccess : 
:3:hip_platform.cpp         :246 : 4393574540064 us: [pid:4164447 tid: 0x7fbf38fc0200] [32m __hipPopCallConfiguration ( {1131604050,32703,128}, {2118224,0,2169324560}, 0x7ffc814d4160, 0x7ffc814d4158 ) [0m
:3:hip_platform.cpp         :255 : 4393574540073 us: [pid:4164447 tid: 0x7fbf38fc0200] __hipPopCallConfiguration: Returned hipSuccess : 
:3:hip_module.cpp           :744 : 4393574540088 us: [pid:4164447 tid: 0x7fbf38fc0200] [32m hipLaunchKernel ( 0x200fd8, {8,1,1}, {128,1,1}, 0x7ffc814d4110, 0, stream:<null> ) [0m
:4:command.cpp              :359 : 4393574540108 us: [pid:4164447 tid: 0x7fbf38fc0200] Command (KernelExecution) enqueued: 0x1a61e850
:3:rocvirtual.cpp           :762 : 4393574540486 us: [pid:4164447 tid: 0x7fbf38fc0200] Arg0:   = ptr:0x7fbdba000000
:3:rocvirtual.cpp           :778 : 4393574540492 us: [pid:4164447 tid: 0x7fbf38fc0200] Arg0:   = ptr:0x7fbdba000000 obj:[0x7fbdba000000-0x7fbdbee20000]
:3:rocvirtual.cpp           :762 : 4393574540502 us: [pid:4164447 tid: 0x7fbf38fc0200] Arg1:   = ptr:0x7fbded427000
:3:rocvirtual.cpp           :778 : 4393574540509 us: [pid:4164447 tid: 0x7fbf38fc0200] Arg1:   = ptr:0x7fbded427000 obj:[0x7fbded427000-0x7fbded437000]
:3:rocvirtual.cpp           :762 : 4393574540518 us: [pid:4164447 tid: 0x7fbf38fc0200] Arg2:   = ptr:0x7fbdb4e00000
:3:rocvirtual.cpp           :778 : 4393574540524 us: [pid:4164447 tid: 0x7fbf38fc0200] Arg2:   = ptr:0x7fbdb4e00000 obj:[0x7fbdb4e00000-0x7fbdb9c20000]
:3:rocvirtual.cpp           :853 : 4393574541082 us: [pid:4164447 tid: 0x7fbf38fc0200] Arg3:   = val:2048
:3:rocvirtual.cpp           :762 : 4393574541089 us: [pid:4164447 tid: 0x7fbf38fc0200] Arg4:   = ptr:0x7fbded400000
:3:rocvirtual.cpp           :778 : 4393574541095 us: [pid:4164447 tid: 0x7fbf38fc0200] Arg4:   = ptr:0x7fbded400000 obj:[0x7fbded400000-0x7fbded400024]
:3:rocvirtual.cpp           :3236: 4393574541106 us: [pid:4164447 tid: 0x7fbf38fc0200] ShaderName : void dense_esuhm<float>(float const*, float const*, float*, int, int const*)
:3:rocvirtual.cpp           :3449: 4393574541120 us: [pid:4164447 tid: 0x7fbf38fc0200] KernargSegmentByteSize = 296 KernargSegmentAlignment = 128
:4:rocvirtual.cpp           :965 : 4393574541132 us: [pid:4164447 tid: 0x7fbf38fc0200] SWq=0x7fbf2fd32000, HWq=0x7fbf1cc00000, id=1, Dispatch Header = 0xb02 (type=2, barrier=1, acquire=1, release=1), setup=3, grid=[1024, 1, 1], workgroup=[128, 1, 1], private_seg_size=140, group_seg_size=0, kernel_obj=0x7fbf2fcf1980, kernarg_address=0x7fbf1ca00480, completion_signal=0x0, correlation_id=0, rptr=72, wptr=72
:3:hip_module.cpp           :745 : 4393574541151 us: [pid:4164447 tid: 0x7fbf38fc0200] hipLaunchKernel: Returned hipSuccess : : duration: 1063 us
:3:hip_device_runtime.cpp   :641 : 4393574541162 us: [pid:4164447 tid: 0x7fbf38fc0200] [32m hipDeviceSynchronize (  ) [0m
:4:commandqueue.cpp         :161 : 4393574541169 us: [pid:4164447 tid: 0x7fbf38fc0200] Marker queued to ensure finish
:4:command.cpp              :359 : 4393574541175 us: [pid:4164447 tid: 0x7fbf38fc0200] Command (InternalMarker) enqueued: 0x19fabba0
:3:rocvirtual.cpp           :533 : 4393574541194 us: [pid:4164447 tid: 0x7fbf38fc0200] Set Handler: handle(0x7fbf2fbfbe00), timestamp(0x1a61edb0)
:4:rocvirtual.cpp           :1147: 4393574541209 us: [pid:4164447 tid: 0x7fbf38fc0200] SWq=0x7fbf2fd32000, HWq=0x7fbf1cc00000, id=1, BarrierAND Header = 0x1503 (type=3, barrier=1, acquire=2, release=2), dep_signal=[0x0, 0x0, 0x0, 0x0, 0x0], completion_signal=0x7fbf2fbfbe00
:3:rocvirtual.hpp           :56  : 4393574541778 us: [pid:4164447 tid: 0x7fbf38fc0200] Host active wait for Signal = (0x7fbf2fbfbe00) for -1 ns
:4:commandqueue.cpp         :184 : 4393574552983 us: [pid:4164447 tid: 0x7fbf38fc0200] All commands finished
:3:rocvirtual.cpp           :226 : 4393574552999 us: [pid:4164447 tid: 0x7fbdffbff6c0] Handler: value(0), timestamp(0x1a61ed40), handle(0x7fbf2fbfbe00)
:4:command.cpp              :169 : 4393574553013 us: [pid:4164447 tid: 0x7fbdffbff6c0] Command 0x1a61e850 complete
:3:hip_device_runtime.cpp   :645 : 4393574553001 us: [pid:4164447 tid: 0x7fbf38fc0200] hipDeviceSynchronize: Returned hipSuccess : 
:4:command.cpp              :163 : 4393574553021 us: [pid:4164447 tid: 0x7fbdffbff6c0] Command 0x19fabba0 complete (Wall: 4393574553019, CPU: 0, GPU: 11835 us)
:3:hip_memory.cpp           :795 : 4393574553044 us: [pid:4164447 tid: 0x7fbf38fc0200] [32m hipMemcpy ( 0x7fbdd4ddf010, 0x7fbdb4e00000, 81920000, hipMemcpyDeviceToHost ) [0m
:4:command.cpp              :359 : 4393574553064 us: [pid:4164447 tid: 0x7fbf38fc0200] Command (CopyDeviceToHost) enqueued: 0x1a61e850
:4:rocblit.cpp              :1673: 4393574553077 us: [pid:4164447 tid: 0x7fbf38fc0200] Unpinned read path, Async = 0
:4:rocmemory.cpp            :1018: 4393574566866 us: [pid:4164447 tid: 0x7fbf38fc0200] Locking to pool 0x19dc9ed0, size 0x2001000, HostPtr = 0x7fbdd4ddf000, DevPtr = 0x7fbdd4ddf000
:4:rocblit.cpp              :623 : 4393574566924 us: [pid:4164447 tid: 0x7fbf38fc0200] HSA Copy Using Pinned resource size 33554432
:4:rocblit.cpp              :687 : 4393574566935 us: [pid:4164447 tid: 0x7fbf38fc0200] HSA Async Copy staged D2H
:4:rocblit.cpp              :503 : 4393574566944 us: [pid:4164447 tid: 0x7fbf38fc0200] Last copy mask 0x0
:4:rocblit.cpp              :509 : 4393574566962 us: [pid:4164447 tid: 0x7fbf38fc0200] Query copy engine status 0, free_engine mask 0x1e
:4:rocblit.cpp              :520 : 4393574566974 us: [pid:4164447 tid: 0x7fbf38fc0200] HSA Async Copy on copy_engine=0x2, dst=0x7fbdd4ddf010, src=0x7fbdb4e00000, size=33554432, forceSDMA=0, wait_event=0x0, completion_signal=0x7fbf2fbff800
:4:rocvirtual.cpp           :622 : 4393574566989 us: [pid:4164447 tid: 0x7fbf38fc0200] Host wait on completion_signal=0x7fbf2fbff800
:3:rocvirtual.hpp           :56  : 4393574567000 us: [pid:4164447 tid: 0x7fbf38fc0200] Host active wait for Signal = (0x7fbf2fbff800) for -1 ns
:4:rocmemory.cpp            :1018: 4393574580797 us: [pid:4164447 tid: 0x7fbf38fc0200] Locking to pool 0x19dc9ed0, size 0x2001000, HostPtr = 0x7fbdd6ddf000, DevPtr = 0x7fbdd6ddf000
:4:rocblit.cpp              :623 : 4393574580827 us: [pid:4164447 tid: 0x7fbf38fc0200] HSA Copy Using Pinned resource size 33554432
:4:rocblit.cpp              :687 : 4393574580835 us: [pid:4164447 tid: 0x7fbf38fc0200] HSA Async Copy staged D2H
:4:rocblit.cpp              :503 : 4393574580845 us: [pid:4164447 tid: 0x7fbf38fc0200] Last copy mask 0x2
:4:rocblit.cpp              :520 : 4393574580851 us: [pid:4164447 tid: 0x7fbf38fc0200] HSA Async Copy on copy_engine=0x2, dst=0x7fbdd6ddf010, src=0x7fbdb6e00000, size=33554432, forceSDMA=0, wait_event=0x0, completion_signal=0x7fbf2fbff780
:4:rocvirtual.cpp           :622 : 4393574580864 us: [pid:4164447 tid: 0x7fbf38fc0200] Host wait on completion_signal=0x7fbf2fbff780
:3:rocvirtual.hpp           :56  : 4393574580872 us: [pid:4164447 tid: 0x7fbf38fc0200] Host active wait for Signal = (0x7fbf2fbff780) for -1 ns
:4:rocmemory.cpp            :1018: 4393574598907 us: [pid:4164447 tid: 0x7fbf38fc0200] Locking to pool 0x19dc9ed0, size 0xe21000, HostPtr = 0x7fbdd8ddf000, DevPtr = 0x7fbdd8ddf000
:4:rocblit.cpp              :623 : 4393574598930 us: [pid:4164447 tid: 0x7fbf38fc0200] HSA Copy Using Pinned resource size 14811136
:4:rocblit.cpp              :687 : 4393574598944 us: [pid:4164447 tid: 0x7fbf38fc0200] HSA Async Copy staged D2H
:4:rocblit.cpp              :503 : 4393574598951 us: [pid:4164447 tid: 0x7fbf38fc0200] Last copy mask 0x2
:4:rocblit.cpp              :520 : 4393574598956 us: [pid:4164447 tid: 0x7fbf38fc0200] HSA Async Copy on copy_engine=0x2, dst=0x7fbdd8ddf010, src=0x7fbdb8e00000, size=14811136, forceSDMA=0, wait_event=0x0, completion_signal=0x7fbf2fbfd880
:4:rocvirtual.cpp           :622 : 4393574598968 us: [pid:4164447 tid: 0x7fbf38fc0200] Host wait on completion_signal=0x7fbf2fbfd880
:3:rocvirtual.hpp           :56  : 4393574598975 us: [pid:4164447 tid: 0x7fbf38fc0200] Host active wait for Signal = (0x7fbf2fbfd880) for -1 ns
:4:commandqueue.cpp         :161 : 4393574605187 us: [pid:4164447 tid: 0x7fbf38fc0200] Marker queued to ensure finish
:4:command.cpp              :359 : 4393574605198 us: [pid:4164447 tid: 0x7fbf38fc0200] Command (InternalMarker) enqueued: 0x19fabba0
:3:rocvirtual.cpp           :533 : 4393574605217 us: [pid:4164447 tid: 0x7fbf38fc0200] Set Handler: handle(0x7fbf2fbfd600), timestamp(0x1a5aeb70)
:4:rocvirtual.cpp           :1147: 4393574605227 us: [pid:4164447 tid: 0x7fbf38fc0200] SWq=0x7fbf2fd32000, HWq=0x7fbf1cc00000, id=1, BarrierAND Header = 0x1503 (type=3, barrier=1, acquire=2, release=2), dep_signal=[0x0, 0x0, 0x0, 0x0, 0x0], completion_signal=0x7fbf2fbfd600
:4:commandqueue.cpp         :184 : 4393574605238 us: [pid:4164447 tid: 0x7fbf38fc0200] All commands finished
:3:rocvirtual.cpp           :226 : 4393574605242 us: [pid:4164447 tid: 0x7fbdffbff6c0] Handler: value(0), timestamp(0x1a61ed40), handle(0x7fbf2fbfd600)
:4:command.cpp              :169 : 4393574605261 us: [pid:4164447 tid: 0x7fbdffbff6c0] Command 0x1a61e850 complete
:3:hip_memory.cpp           :796 : 4393574605244 us: [pid:4164447 tid: 0x7fbf38fc0200] hipMemcpy: Returned hipSuccess : : duration: 52200 us
:3:hip_memory.cpp           :3476: 4393574605288 us: [pid:4164447 tid: 0x7fbf38fc0200] [32m hipMemset ( 0x7fbdb4e00000, 0, 81920000 ) [0m
:4:command.cpp              :359 : 4393574605303 us: [pid:4164447 tid: 0x7fbf38fc0200] Command (FillBuffer) enqueued: 0x1a663f40
:4:command.cpp              :163 : 4393574605271 us: [pid:4164447 tid: 0x7fbdffbff6c0] Command 0x19fabba0 complete (Wall: 4393574605269, CPU: 0, GPU: 63 us)
:3:rocvirtual.cpp           :762 : 4393574605770 us: [pid:4164447 tid: 0x7fbf38fc0200] Arg0: void* buf = ptr:0x7fbdb4e00000
:3:rocvirtual.cpp           :778 : 4393574605792 us: [pid:4164447 tid: 0x7fbf38fc0200] Arg0: void* buf = ptr:0x7fbdb4e00000 obj:[0x7fbdb4e00000-0x7fbdb9c20000]
:3:rocvirtual.cpp           :762 : 4393574605803 us: [pid:4164447 tid: 0x7fbf38fc0200] Arg1: uchar* pattern = ptr:0x7fbf1ca00000
:3:rocvirtual.cpp           :853 : 4393574605814 us: [pid:4164447 tid: 0x7fbf38fc0200] Arg2: uint pattern_size = val:1
:3:rocvirtual.cpp           :853 : 4393574605819 us: [pid:4164447 tid: 0x7fbf38fc0200] Arg3: uint alignment = val:16
:3:rocvirtual.cpp           :853 : 4393574605825 us: [pid:4164447 tid: 0x7fbf38fc0200] Arg4: ulong end_ptr = val:140452842045440
:3:rocvirtual.cpp           :853 : 4393574605832 us: [pid:4164447 tid: 0x7fbf38fc0200] Arg5: uint next_chunk = val:26624
:3:rocvirtual.cpp           :3236: 4393574605837 us: [pid:4164447 tid: 0x7fbf38fc0200] ShaderName : __amd_rocclr_fillBufferAligned
:3:rocvirtual.cpp           :3449: 4393574605847 us: [pid:4164447 tid: 0x7fbf38fc0200] KernargSegmentByteSize = 296 KernargSegmentAlignment = 128
:4:rocvirtual.cpp           :965 : 4393574605856 us: [pid:4164447 tid: 0x7fbf38fc0200] SWq=0x7fbf2fd32000, HWq=0x7fbf1cc00000, id=1, Dispatch Header = 0x1502 (type=2, barrier=1, acquire=2, release=2), setup=1, grid=[26624, 1, 1], workgroup=[256, 1, 1], private_seg_size=0, group_seg_size=0, kernel_obj=0x7fbf2fd1dd40, kernarg_address=0x7fbf1ca00100, completion_signal=0x0, correlation_id=0, rptr=75, wptr=75
:3:hip_memory.cpp           :3477: 4393574605870 us: [pid:4164447 tid: 0x7fbf38fc0200] hipMemset: Returned hipSuccess : 
:3:hip_device_runtime.cpp   :641 : 4393574605878 us: [pid:4164447 tid: 0x7fbf38fc0200] [32m hipDeviceSynchronize (  ) [0m
:4:commandqueue.cpp         :161 : 4393574607686 us: [pid:4164447 tid: 0x7fbf38fc0200] Marker queued to ensure finish
:4:command.cpp              :359 : 4393574607691 us: [pid:4164447 tid: 0x7fbf38fc0200] Command (InternalMarker) enqueued: 0x19fabba0
:3:rocvirtual.cpp           :533 : 4393574607706 us: [pid:4164447 tid: 0x7fbf38fc0200] Set Handler: handle(0x7fbf2fbfd680), timestamp(0x1a5aea60)
:4:rocvirtual.cpp           :1147: 4393574607714 us: [pid:4164447 tid: 0x7fbf38fc0200] SWq=0x7fbf2fd32000, HWq=0x7fbf1cc00000, id=1, BarrierAND Header = 0x1503 (type=3, barrier=1, acquire=2, release=2), dep_signal=[0x0, 0x0, 0x0, 0x0, 0x0], completion_signal=0x7fbf2fbfd680
:4:commandqueue.cpp         :184 : 4393574607725 us: [pid:4164447 tid: 0x7fbf38fc0200] All commands finished
:3:rocvirtual.cpp           :226 : 4393574607729 us: [pid:4164447 tid: 0x7fbdffbff6c0] Handler: value(0), timestamp(0x1a6f0130), handle(0x7fbf2fbfd680)
:4:command.cpp              :169 : 4393574607752 us: [pid:4164447 tid: 0x7fbdffbff6c0] Command 0x1a663f40 complete
:4:command.cpp              :163 : 4393574607763 us: [pid:4164447 tid: 0x7fbdffbff6c0] Command 0x19fabba0 complete (Wall: 4393574607761, CPU: 0, GPU: 63 us)
:3:hip_device_runtime.cpp   :645 : 4393574607731 us: [pid:4164447 tid: 0x7fbf38fc0200] hipDeviceSynchronize: Returned hipSuccess : 
:3:hip_platform.cpp         :237 : 4393574607793 us: [pid:4164447 tid: 0x7fbf38fc0200] [32m __hipPushCallConfiguration ( {8,1,1}, {128,1,1}, 0, stream:<null> ) [0m
:3:hip_platform.cpp         :241 : 4393574608242 us: [pid:4164447 tid: 0x7fbf38fc0200] __hipPushCallConfiguration: Returned hipSuccess : 
:3:hip_platform.cpp         :246 : 4393574608252 us: [pid:4164447 tid: 0x7fbf38fc0200] [32m __hipPopCallConfiguration ( {1131604050,32703,128}, {2118224,0,2169324560}, 0x7ffc814d4160, 0x7ffc814d4158 ) [0m
:3:hip_platform.cpp         :255 : 4393574608260 us: [pid:4164447 tid: 0x7fbf38fc0200] __hipPopCallConfiguration: Returned hipSuccess : 
:3:hip_module.cpp           :744 : 4393574608272 us: [pid:4164447 tid: 0x7fbf38fc0200] [32m hipLaunchKernel ( 0x200fe0, {8,1,1}, {128,1,1}, 0x7ffc814d4110, 0, stream:<null> ) [0m
:4:command.cpp              :359 : 4393574608287 us: [pid:4164447 tid: 0x7fbf38fc0200] Command (KernelExecution) enqueued: 0x1a61e850
:3:rocvirtual.cpp           :762 : 4393574608296 us: [pid:4164447 tid: 0x7fbf38fc0200] Arg0:   = ptr:0x7fbdba000000
:3:rocvirtual.cpp           :778 : 4393574608301 us: [pid:4164447 tid: 0x7fbf38fc0200] Arg0:   = ptr:0x7fbdba000000 obj:[0x7fbdba000000-0x7fbdbee20000]
:3:rocvirtual.cpp           :762 : 4393574608309 us: [pid:4164447 tid: 0x7fbf38fc0200] Arg1:   = ptr:0x7fbded427000
:3:rocvirtual.cpp           :778 : 4393574608314 us: [pid:4164447 tid: 0x7fbf38fc0200] Arg1:   = ptr:0x7fbded427000 obj:[0x7fbded427000-0x7fbded437000]
:3:rocvirtual.cpp           :762 : 4393574608321 us: [pid:4164447 tid: 0x7fbf38fc0200] Arg2:   = ptr:0x7fbdb4e00000
:3:rocvirtual.cpp           :778 : 4393574608326 us: [pid:4164447 tid: 0x7fbf38fc0200] Arg2:   = ptr:0x7fbdb4e00000 obj:[0x7fbdb4e00000-0x7fbdb9c20000]
:3:rocvirtual.cpp           :853 : 4393574608334 us: [pid:4164447 tid: 0x7fbf38fc0200] Arg3:   = val:2048
:3:rocvirtual.cpp           :762 : 4393574608338 us: [pid:4164447 tid: 0x7fbf38fc0200] Arg4:   = ptr:0x7fbded400000
:3:rocvirtual.cpp           :778 : 4393574608343 us: [pid:4164447 tid: 0x7fbf38fc0200] Arg4:   = ptr:0x7fbded400000 obj:[0x7fbded400000-0x7fbded400024]
:3:rocvirtual.cpp           :3236: 4393574608780 us: [pid:4164447 tid: 0x7fbf38fc0200] ShaderName : void dense_esuhm2<float>(float const*, float const*, float*, int, int const*)
:3:rocvirtual.cpp           :3449: 4393574608794 us: [pid:4164447 tid: 0x7fbf38fc0200] KernargSegmentByteSize = 296 KernargSegmentAlignment = 128
:4:rocvirtual.cpp           :965 : 4393574608807 us: [pid:4164447 tid: 0x7fbf38fc0200] SWq=0x7fbf2fd32000, HWq=0x7fbf1cc00000, id=1, Dispatch Header = 0xb02 (type=2, barrier=1, acquire=1, release=1), setup=3, grid=[1024, 1, 1], workgroup=[128, 1, 1], private_seg_size=140, group_seg_size=0, kernel_obj=0x7fbf2fcf19c0, kernarg_address=0x7fbf1ca00280, completion_signal=0x0, correlation_id=0, rptr=77, wptr=77
:3:hip_module.cpp           :745 : 4393574608827 us: [pid:4164447 tid: 0x7fbf38fc0200] hipLaunchKernel: Returned hipSuccess : : duration: 555 us
:3:hip_device_runtime.cpp   :641 : 4393574608835 us: [pid:4164447 tid: 0x7fbf38fc0200] [32m hipDeviceSynchronize (  ) [0m
:4:commandqueue.cpp         :161 : 4393574608840 us: [pid:4164447 tid: 0x7fbf38fc0200] Marker queued to ensure finish
:4:command.cpp              :359 : 4393574608845 us: [pid:4164447 tid: 0x7fbf38fc0200] Command (InternalMarker) enqueued: 0x19fabba0
:3:rocvirtual.cpp           :533 : 4393574608857 us: [pid:4164447 tid: 0x7fbf38fc0200] Set Handler: handle(0x7fbf2fbfd700), timestamp(0x1a5ae950)
:4:rocvirtual.cpp           :1147: 4393574608865 us: [pid:4164447 tid: 0x7fbf38fc0200] SWq=0x7fbf2fd32000, HWq=0x7fbf1cc00000, id=1, BarrierAND Header = 0x1503 (type=3, barrier=1, acquire=2, release=2), dep_signal=[0x0, 0x0, 0x0, 0x0, 0x0], completion_signal=0x7fbf2fbfd700
:3:rocvirtual.hpp           :56  : 4393574608876 us: [pid:4164447 tid: 0x7fbf38fc0200] Host active wait for Signal = (0x7fbf2fbfd700) for -1 ns
:4:commandqueue.cpp         :184 : 4393574609053 us: [pid:4164447 tid: 0x7fbf38fc0200] All commands finished
:3:hip_device_runtime.cpp   :645 : 4393574609447 us: [pid:4164447 tid: 0x7fbf38fc0200] hipDeviceSynchronize: Returned hipSuccess : 
:3:hip_memory.cpp           :795 : 4393574609464 us: [pid:4164447 tid: 0x7fbf38fc0200] [32m hipMemcpy ( 0x7fbdcffbe010, 0x7fbdb4e00000, 81920000, hipMemcpyDeviceToHost ) [0m
:3:rocvirtual.cpp           :226 : 4393574609053 us: [pid:4164447 tid: 0x7fbdffbff6c0] Handler: value(0), timestamp(0x1a6261b0), handle(0x7fbf2fbfd700)
:4:command.cpp              :169 : 4393574609492 us: [pid:4164447 tid: 0x7fbdffbff6c0] Command 0x1a61e850 complete
:4:command.cpp              :359 : 4393574609479 us: [pid:4164447 tid: 0x7fbf38fc0200] Command (CopyDeviceToHost) enqueued: 0x1a663f40
:4:command.cpp              :163 : 4393574609498 us: [pid:4164447 tid: 0x7fbdffbff6c0] Command 0x19fabba0 complete (Wall: 4393574609497, CPU: 0, GPU: 645 us)
:4:rocblit.cpp              :1673: 4393574609514 us: [pid:4164447 tid: 0x7fbf38fc0200] Unpinned read path, Async = 0
:4:rocmemory.cpp            :1018: 4393574621386 us: [pid:4164447 tid: 0x7fbf38fc0200] Locking to pool 0x19dc9ed0, size 0x2001000, HostPtr = 0x7fbdcffbe000, DevPtr = 0x7fbdcffbe000
:4:rocblit.cpp              :623 : 4393574621411 us: [pid:4164447 tid: 0x7fbf38fc0200] HSA Copy Using Pinned resource size 33554432
:4:rocblit.cpp              :687 : 4393574621420 us: [pid:4164447 tid: 0x7fbf38fc0200] HSA Async Copy staged D2H
:4:rocblit.cpp              :503 : 4393574621427 us: [pid:4164447 tid: 0x7fbf38fc0200] Last copy mask 0x0
:4:rocblit.cpp              :509 : 4393574621435 us: [pid:4164447 tid: 0x7fbf38fc0200] Query copy engine status 0, free_engine mask 0x1e
:4:rocblit.cpp              :520 : 4393574621443 us: [pid:4164447 tid: 0x7fbf38fc0200] HSA Async Copy on copy_engine=0x2, dst=0x7fbdcffbe010, src=0x7fbdb4e00000, size=33554432, forceSDMA=0, wait_event=0x0, completion_signal=0x7fbf2fbff680
:4:rocvirtual.cpp           :622 : 4393574621454 us: [pid:4164447 tid: 0x7fbf38fc0200] Host wait on completion_signal=0x7fbf2fbff680
:3:rocvirtual.hpp           :56  : 4393574621462 us: [pid:4164447 tid: 0x7fbf38fc0200] Host active wait for Signal = (0x7fbf2fbff680) for -1 ns
:4:rocmemory.cpp            :1018: 4393574635289 us: [pid:4164447 tid: 0x7fbf38fc0200] Locking to pool 0x19dc9ed0, size 0x2001000, HostPtr = 0x7fbdd1fbe000, DevPtr = 0x7fbdd1fbe000
:4:rocblit.cpp              :623 : 4393574635323 us: [pid:4164447 tid: 0x7fbf38fc0200] HSA Copy Using Pinned resource size 33554432
:4:rocblit.cpp              :687 : 4393574635334 us: [pid:4164447 tid: 0x7fbf38fc0200] HSA Async Copy staged D2H
:4:rocblit.cpp              :503 : 4393574635341 us: [pid:4164447 tid: 0x7fbf38fc0200] Last copy mask 0x2
:4:rocblit.cpp              :520 : 4393574635349 us: [pid:4164447 tid: 0x7fbf38fc0200] HSA Async Copy on copy_engine=0x2, dst=0x7fbdd1fbe010, src=0x7fbdb6e00000, size=33554432, forceSDMA=0, wait_event=0x0, completion_signal=0x7fbf2fbff480
:4:rocvirtual.cpp           :622 : 4393574635363 us: [pid:4164447 tid: 0x7fbf38fc0200] Host wait on completion_signal=0x7fbf2fbff480
:3:rocvirtual.hpp           :56  : 4393574635371 us: [pid:4164447 tid: 0x7fbf38fc0200] Host active wait for Signal = (0x7fbf2fbff480) for -1 ns
:4:rocmemory.cpp            :1018: 4393574647175 us: [pid:4164447 tid: 0x7fbf38fc0200] Locking to pool 0x19dc9ed0, size 0xe21000, HostPtr = 0x7fbdd3fbe000, DevPtr = 0x7fbdd3fbe000
:4:rocblit.cpp              :623 : 4393574647196 us: [pid:4164447 tid: 0x7fbf38fc0200] HSA Copy Using Pinned resource size 14811136
:4:rocblit.cpp              :687 : 4393574647207 us: [pid:4164447 tid: 0x7fbf38fc0200] HSA Async Copy staged D2H
:4:rocblit.cpp              :503 : 4393574647217 us: [pid:4164447 tid: 0x7fbf38fc0200] Last copy mask 0x2
:4:rocblit.cpp              :520 : 4393574647224 us: [pid:4164447 tid: 0x7fbf38fc0200] HSA Async Copy on copy_engine=0x2, dst=0x7fbdd3fbe010, src=0x7fbdb8e00000, size=14811136, forceSDMA=0, wait_event=0x0, completion_signal=0x7fbf2fbfd900
:4:rocvirtual.cpp           :622 : 4393574647239 us: [pid:4164447 tid: 0x7fbf38fc0200] Host wait on completion_signal=0x7fbf2fbfd900
:3:rocvirtual.hpp           :56  : 4393574647249 us: [pid:4164447 tid: 0x7fbf38fc0200] Host active wait for Signal = (0x7fbf2fbfd900) for -1 ns
:4:commandqueue.cpp         :161 : 4393574653038 us: [pid:4164447 tid: 0x7fbf38fc0200] Marker queued to ensure finish
:4:command.cpp              :359 : 4393574653048 us: [pid:4164447 tid: 0x7fbf38fc0200] Command (InternalMarker) enqueued: 0x19fabba0
:3:rocvirtual.cpp           :533 : 4393574653068 us: [pid:4164447 tid: 0x7fbf38fc0200] Set Handler: handle(0x7fbf2fbfd800), timestamp(0x19fabb50)
:4:rocvirtual.cpp           :1147: 4393574653078 us: [pid:4164447 tid: 0x7fbf38fc0200] SWq=0x7fbf2fd32000, HWq=0x7fbf1cc00000, id=1, BarrierAND Header = 0x1503 (type=3, barrier=1, acquire=2, release=2), dep_signal=[0x0, 0x0, 0x0, 0x0, 0x0], completion_signal=0x7fbf2fbfd800
:4:commandqueue.cpp         :184 : 4393574653090 us: [pid:4164447 tid: 0x7fbf38fc0200] All commands finished
:3:rocvirtual.cpp           :226 : 4393574653093 us: [pid:4164447 tid: 0x7fbdffbff6c0] Handler: value(0), timestamp(0x1a6261b0), handle(0x7fbf2fbfd800)
:4:command.cpp              :169 : 4393574653111 us: [pid:4164447 tid: 0x7fbdffbff6c0] Command 0x1a663f40 complete
:3:hip_memory.cpp           :796 : 4393574653096 us: [pid:4164447 tid: 0x7fbf38fc0200] hipMemcpy: Returned hipSuccess : : duration: 43632 us
:4:command.cpp              :163 : 4393574653120 us: [pid:4164447 tid: 0x7fbdffbff6c0] Command 0x19fabba0 complete (Wall: 4393574653119, CPU: 0, GPU: 62 us)
:3:hip_memory.cpp           :3476: 4393574653138 us: [pid:4164447 tid: 0x7fbf38fc0200] [32m hipMemset ( 0x7fbdb4e00000, 0, 81920000 ) [0m
:4:command.cpp              :359 : 4393574653162 us: [pid:4164447 tid: 0x7fbf38fc0200] Command (FillBuffer) enqueued: 0x1a663f40
:3:rocvirtual.cpp           :762 : 4393574653548 us: [pid:4164447 tid: 0x7fbf38fc0200] Arg0: void* buf = ptr:0x7fbdb4e00000
:3:rocvirtual.cpp           :778 : 4393574653556 us: [pid:4164447 tid: 0x7fbf38fc0200] Arg0: void* buf = ptr:0x7fbdb4e00000 obj:[0x7fbdb4e00000-0x7fbdb9c20000]
:3:rocvirtual.cpp           :762 : 4393574653567 us: [pid:4164447 tid: 0x7fbf38fc0200] Arg1: uchar* pattern = ptr:0x7fbf1ca00000
:3:rocvirtual.cpp           :853 : 4393574653578 us: [pid:4164447 tid: 0x7fbf38fc0200] Arg2: uint pattern_size = val:1
:3:rocvirtual.cpp           :853 : 4393574653583 us: [pid:4164447 tid: 0x7fbf38fc0200] Arg3: uint alignment = val:16
:3:rocvirtual.cpp           :853 : 4393574653588 us: [pid:4164447 tid: 0x7fbf38fc0200] Arg4: ulong end_ptr = val:140452842045440
:3:rocvirtual.cpp           :853 : 4393574653595 us: [pid:4164447 tid: 0x7fbf38fc0200] Arg5: uint next_chunk = val:26624
:3:rocvirtual.cpp           :3236: 4393574653603 us: [pid:4164447 tid: 0x7fbf38fc0200] ShaderName : __amd_rocclr_fillBufferAligned
:3:rocvirtual.cpp           :3449: 4393574653612 us: [pid:4164447 tid: 0x7fbf38fc0200] KernargSegmentByteSize = 296 KernargSegmentAlignment = 128
:4:rocvirtual.cpp           :965 : 4393574653621 us: [pid:4164447 tid: 0x7fbf38fc0200] SWq=0x7fbf2fd32000, HWq=0x7fbf1cc00000, id=1, Dispatch Header = 0x1502 (type=2, barrier=1, acquire=2, release=2), setup=1, grid=[26624, 1, 1], workgroup=[256, 1, 1], private_seg_size=0, group_seg_size=0, kernel_obj=0x7fbf2fd1dd40, kernarg_address=0x7fbf1ca00100, completion_signal=0x0, correlation_id=0, rptr=80, wptr=80
:3:hip_memory.cpp           :3477: 4393574653636 us: [pid:4164447 tid: 0x7fbf38fc0200] hipMemset: Returned hipSuccess : 
:3:hip_device_runtime.cpp   :641 : 4393574653641 us: [pid:4164447 tid: 0x7fbf38fc0200] [32m hipDeviceSynchronize (  ) [0m
:4:commandqueue.cpp         :161 : 4393574653647 us: [pid:4164447 tid: 0x7fbf38fc0200] Marker queued to ensure finish
:4:command.cpp              :359 : 4393574654249 us: [pid:4164447 tid: 0x7fbf38fc0200] Command (InternalMarker) enqueued: 0x19fabba0
:3:rocvirtual.cpp           :533 : 4393574654262 us: [pid:4164447 tid: 0x7fbf38fc0200] Set Handler: handle(0x7fbf2fbfd100), timestamp(0x1a630290)
:4:rocvirtual.cpp           :1147: 4393574654270 us: [pid:4164447 tid: 0x7fbf38fc0200] SWq=0x7fbf2fd32000, HWq=0x7fbf1cc00000, id=1, BarrierAND Header = 0x1503 (type=3, barrier=1, acquire=2, release=2), dep_signal=[0x0, 0x0, 0x0, 0x0, 0x0], completion_signal=0x7fbf2fbfd100
:3:rocvirtual.hpp           :56  : 4393574654282 us: [pid:4164447 tid: 0x7fbf38fc0200] Host active wait for Signal = (0x7fbf2fbfd100) for -1 ns
:4:commandqueue.cpp         :184 : 4393574660567 us: [pid:4164447 tid: 0x7fbf38fc0200] All commands finished
:3:rocvirtual.cpp           :226 : 4393574660569 us: [pid:4164447 tid: 0x7fbdffbff6c0] Handler: value(0), timestamp(0x19f1fcf0), handle(0x7fbf2fbfd100)
:4:command.cpp              :169 : 4393574660607 us: [pid:4164447 tid: 0x7fbdffbff6c0] Command 0x1a663f40 complete
:3:hip_device_runtime.cpp   :645 : 4393574660591 us: [pid:4164447 tid: 0x7fbf38fc0200] hipDeviceSynchronize: Returned hipSuccess : 
:4:command.cpp              :163 : 4393574660616 us: [pid:4164447 tid: 0x7fbdffbff6c0] Command 0x19fabba0 complete (Wall: 4393574660614, CPU: 0, GPU: 6358 us)
:3:hip_platform.cpp         :237 : 4393574660632 us: [pid:4164447 tid: 0x7fbf38fc0200] [32m __hipPushCallConfiguration ( {8,1,1}, {128,1,1}, 0, stream:<null> ) [0m
:3:hip_platform.cpp         :241 : 4393574660655 us: [pid:4164447 tid: 0x7fbf38fc0200] __hipPushCallConfiguration: Returned hipSuccess : 
:3:hip_platform.cpp         :246 : 4393574660665 us: [pid:4164447 tid: 0x7fbf38fc0200] [32m __hipPopCallConfiguration ( {1131604050,32703,128}, {2118224,0,2169324560}, 0x7ffc814d4160, 0x7ffc814d4158 ) [0m
:3:hip_platform.cpp         :255 : 4393574660673 us: [pid:4164447 tid: 0x7fbf38fc0200] __hipPopCallConfiguration: Returned hipSuccess : 
:3:hip_module.cpp           :744 : 4393574660685 us: [pid:4164447 tid: 0x7fbf38fc0200] [32m hipLaunchKernel ( 0x200fe8, {8,1,1}, {128,1,1}, 0x7ffc814d4110, 0, stream:<null> ) [0m
:4:command.cpp              :359 : 4393574661058 us: [pid:4164447 tid: 0x7fbf38fc0200] Command (KernelExecution) enqueued: 0x1a61e850
:3:rocvirtual.cpp           :762 : 4393574661069 us: [pid:4164447 tid: 0x7fbf38fc0200] Arg0:   = ptr:0x7fbdba000000
:3:rocvirtual.cpp           :778 : 4393574661073 us: [pid:4164447 tid: 0x7fbf38fc0200] Arg0:   = ptr:0x7fbdba000000 obj:[0x7fbdba000000-0x7fbdbee20000]
:3:rocvirtual.cpp           :762 : 4393574661081 us: [pid:4164447 tid: 0x7fbf38fc0200] Arg1:   = ptr:0x7fbded427000
:3:rocvirtual.cpp           :778 : 4393574661086 us: [pid:4164447 tid: 0x7fbf38fc0200] Arg1:   = ptr:0x7fbded427000 obj:[0x7fbded427000-0x7fbded437000]
:3:rocvirtual.cpp           :762 : 4393574661093 us: [pid:4164447 tid: 0x7fbf38fc0200] Arg2:   = ptr:0x7fbdb4e00000
:3:rocvirtual.cpp           :778 : 4393574661099 us: [pid:4164447 tid: 0x7fbf38fc0200] Arg2:   = ptr:0x7fbdb4e00000 obj:[0x7fbdb4e00000-0x7fbdb9c20000]
:3:rocvirtual.cpp           :853 : 4393574661114 us: [pid:4164447 tid: 0x7fbf38fc0200] Arg3:   = val:2048
:3:rocvirtual.cpp           :762 : 4393574661120 us: [pid:4164447 tid: 0x7fbf38fc0200] Arg4:   = ptr:0x7fbded400000
:3:rocvirtual.cpp           :778 : 4393574661127 us: [pid:4164447 tid: 0x7fbf38fc0200] Arg4:   = ptr:0x7fbded400000 obj:[0x7fbded400000-0x7fbded400024]
:3:rocvirtual.cpp           :3236: 4393574661138 us: [pid:4164447 tid: 0x7fbf38fc0200] ShaderName : void dense_esuhm3<float>(float const*, float const*, float*, int, int const*)
:3:rocvirtual.cpp           :3449: 4393574661147 us: [pid:4164447 tid: 0x7fbf38fc0200] KernargSegmentByteSize = 296 KernargSegmentAlignment = 128
:4:rocvirtual.cpp           :965 : 4393574661156 us: [pid:4164447 tid: 0x7fbf38fc0200] SWq=0x7fbf2fd32000, HWq=0x7fbf1cc00000, id=1, Dispatch Header = 0xb02 (type=2, barrier=1, acquire=1, release=1), setup=3, grid=[1024, 1, 1], workgroup=[128, 1, 1], private_seg_size=140, group_seg_size=0, kernel_obj=0x7fbf2fcf1a00, kernarg_address=0x7fbf1ca00280, completion_signal=0x0, correlation_id=0, rptr=82, wptr=82
:3:hip_module.cpp           :745 : 4393574661747 us: [pid:4164447 tid: 0x7fbf38fc0200] hipLaunchKernel: Returned hipSuccess : : duration: 1062 us
:3:hip_device_runtime.cpp   :641 : 4393574661756 us: [pid:4164447 tid: 0x7fbf38fc0200] [32m hipDeviceSynchronize (  ) [0m
:4:commandqueue.cpp         :161 : 4393574661761 us: [pid:4164447 tid: 0x7fbf38fc0200] Marker queued to ensure finish
:4:command.cpp              :359 : 4393574661766 us: [pid:4164447 tid: 0x7fbf38fc0200] Command (InternalMarker) enqueued: 0x19fabba0
:3:rocvirtual.cpp           :533 : 4393574661778 us: [pid:4164447 tid: 0x7fbf38fc0200] Set Handler: handle(0x7fbf2fbfd080), timestamp(0x1a62f2c0)
:4:rocvirtual.cpp           :1147: 4393574661786 us: [pid:4164447 tid: 0x7fbf38fc0200] SWq=0x7fbf2fd32000, HWq=0x7fbf1cc00000, id=1, BarrierAND Header = 0x1503 (type=3, barrier=1, acquire=2, release=2), dep_signal=[0x0, 0x0, 0x0, 0x0, 0x0], completion_signal=0x7fbf2fbfd080
:3:rocvirtual.hpp           :56  : 4393574661797 us: [pid:4164447 tid: 0x7fbf38fc0200] Host active wait for Signal = (0x7fbf2fbfd080) for -1 ns
:4:commandqueue.cpp         :184 : 4393574669079 us: [pid:4164447 tid: 0x7fbf38fc0200] All commands finished
:3:rocvirtual.cpp           :226 : 4393574669080 us: [pid:4164447 tid: 0x7fbdffbff6c0] Handler: value(0), timestamp(0x1a6262e0), handle(0x7fbf2fbfd080)
:4:command.cpp              :169 : 4393574669109 us: [pid:4164447 tid: 0x7fbdffbff6c0] Command 0x1a61e850 complete
:3:hip_device_runtime.cpp   :645 : 4393574669094 us: [pid:4164447 tid: 0x7fbf38fc0200] hipDeviceSynchronize: Returned hipSuccess : 
:4:command.cpp              :163 : 4393574669118 us: [pid:4164447 tid: 0x7fbdffbff6c0] Command 0x19fabba0 complete (Wall: 4393574669117, CPU: 0, GPU: 7344 us)
:3:hip_memory.cpp           :795 : 4393574669136 us: [pid:4164447 tid: 0x7fbf38fc0200] [32m hipMemcpy ( 0x7fbdcb19d010, 0x7fbdb4e00000, 81920000, hipMemcpyDeviceToHost ) [0m
:4:command.cpp              :359 : 4393574669162 us: [pid:4164447 tid: 0x7fbf38fc0200] Command (CopyDeviceToHost) enqueued: 0x1a61e850
:4:rocblit.cpp              :1673: 4393574669173 us: [pid:4164447 tid: 0x7fbf38fc0200] Unpinned read path, Async = 0
:4:rocmemory.cpp            :1018: 4393574681583 us: [pid:4164447 tid: 0x7fbf38fc0200] Locking to pool 0x19dc9ed0, size 0x2001000, HostPtr = 0x7fbdcb19d000, DevPtr = 0x7fbdcb19d000
:4:rocblit.cpp              :623 : 4393574681610 us: [pid:4164447 tid: 0x7fbf38fc0200] HSA Copy Using Pinned resource size 33554432
:4:rocblit.cpp              :687 : 4393574681618 us: [pid:4164447 tid: 0x7fbf38fc0200] HSA Async Copy staged D2H
:4:rocblit.cpp              :503 : 4393574681626 us: [pid:4164447 tid: 0x7fbf38fc0200] Last copy mask 0x0
:4:rocblit.cpp              :509 : 4393574681644 us: [pid:4164447 tid: 0x7fbf38fc0200] Query copy engine status 0, free_engine mask 0x1e
:4:rocblit.cpp              :520 : 4393574681655 us: [pid:4164447 tid: 0x7fbf38fc0200] HSA Async Copy on copy_engine=0x2, dst=0x7fbdcb19d010, src=0x7fbdb4e00000, size=33554432, forceSDMA=0, wait_event=0x0, completion_signal=0x7fbf2fbff380
:4:rocvirtual.cpp           :622 : 4393574681672 us: [pid:4164447 tid: 0x7fbf38fc0200] Host wait on completion_signal=0x7fbf2fbff380
:3:rocvirtual.hpp           :56  : 4393574681680 us: [pid:4164447 tid: 0x7fbf38fc0200] Host active wait for Signal = (0x7fbf2fbff380) for -1 ns
:4:rocmemory.cpp            :1018: 4393574714016 us: [pid:4164447 tid: 0x7fbf38fc0200] Locking to pool 0x19dc9ed0, size 0x2001000, HostPtr = 0x7fbdcd19d000, DevPtr = 0x7fbdcd19d000
:4:rocblit.cpp              :623 : 4393574714042 us: [pid:4164447 tid: 0x7fbf38fc0200] HSA Copy Using Pinned resource size 33554432
:4:rocblit.cpp              :687 : 4393574714050 us: [pid:4164447 tid: 0x7fbf38fc0200] HSA Async Copy staged D2H
:4:rocblit.cpp              :503 : 4393574714059 us: [pid:4164447 tid: 0x7fbf38fc0200] Last copy mask 0x2
:4:rocblit.cpp              :520 : 4393574714064 us: [pid:4164447 tid: 0x7fbf38fc0200] HSA Async Copy on copy_engine=0x2, dst=0x7fbdcd19d010, src=0x7fbdb6e00000, size=33554432, forceSDMA=0, wait_event=0x0, completion_signal=0x7fbf2fbff180
:4:rocvirtual.cpp           :622 : 4393574714076 us: [pid:4164447 tid: 0x7fbf38fc0200] Host wait on completion_signal=0x7fbf2fbff180
:3:rocvirtual.hpp           :56  : 4393574714083 us: [pid:4164447 tid: 0x7fbf38fc0200] Host active wait for Signal = (0x7fbf2fbff180) for -1 ns
:4:rocmemory.cpp            :1018: 4393574722763 us: [pid:4164447 tid: 0x7fbf38fc0200] Locking to pool 0x19dc9ed0, size 0xe21000, HostPtr = 0x7fbdcf19d000, DevPtr = 0x7fbdcf19d000
:4:rocblit.cpp              :623 : 4393574722781 us: [pid:4164447 tid: 0x7fbf38fc0200] HSA Copy Using Pinned resource size 14811136
:4:rocblit.cpp              :687 : 4393574722789 us: [pid:4164447 tid: 0x7fbf38fc0200] HSA Async Copy staged D2H
:4:rocblit.cpp              :503 : 4393574722796 us: [pid:4164447 tid: 0x7fbf38fc0200] Last copy mask 0x2
:4:rocblit.cpp              :520 : 4393574722801 us: [pid:4164447 tid: 0x7fbf38fc0200] HSA Async Copy on copy_engine=0x2, dst=0x7fbdcf19d010, src=0x7fbdb8e00000, size=14811136, forceSDMA=0, wait_event=0x0, completion_signal=0x7fbf2fbfd980
:4:rocvirtual.cpp           :622 : 4393574722811 us: [pid:4164447 tid: 0x7fbf38fc0200] Host wait on completion_signal=0x7fbf2fbfd980
:3:rocvirtual.hpp           :56  : 4393574722818 us: [pid:4164447 tid: 0x7fbf38fc0200] Host active wait for Signal = (0x7fbf2fbfd980) for -1 ns
:4:commandqueue.cpp         :161 : 4393574733166 us: [pid:4164447 tid: 0x7fbf38fc0200] Marker queued to ensure finish
:4:command.cpp              :359 : 4393574733178 us: [pid:4164447 tid: 0x7fbf38fc0200] Command (InternalMarker) enqueued: 0x19fabba0
:3:rocvirtual.cpp           :533 : 4393574733197 us: [pid:4164447 tid: 0x7fbf38fc0200] Set Handler: handle(0x7fbf2fbfcf00), timestamp(0x1a62f340)
:4:rocvirtual.cpp           :1147: 4393574733208 us: [pid:4164447 tid: 0x7fbf38fc0200] SWq=0x7fbf2fd32000, HWq=0x7fbf1cc00000, id=1, BarrierAND Header = 0x1503 (type=3, barrier=1, acquire=2, release=2), dep_signal=[0x0, 0x0, 0x0, 0x0, 0x0], completion_signal=0x7fbf2fbfcf00
:3:rocvirtual.hpp           :56  : 4393574733222 us: [pid:4164447 tid: 0x7fbf38fc0200] Host active wait for Signal = (0x7fbf2fbfcf00) for -1 ns
:4:commandqueue.cpp         :184 : 4393574744517 us: [pid:4164447 tid: 0x7fbf38fc0200] All commands finished
:3:hip_memory.cpp           :796 : 4393574744530 us: [pid:4164447 tid: 0x7fbf38fc0200] hipMemcpy: Returned hipSuccess : : duration: 75394 us
:3:rocvirtual.cpp           :226 : 4393574744530 us: [pid:4164447 tid: 0x7fbdffbff6c0] Handler: value(0), timestamp(0x1a6262e0), handle(0x7fbf2fbfcf00)
:4:command.cpp              :169 : 4393574744577 us: [pid:4164447 tid: 0x7fbdffbff6c0] Command 0x1a61e850 complete
:4:command.cpp              :163 : 4393574744602 us: [pid:4164447 tid: 0x7fbdffbff6c0] Command 0x19fabba0 complete (Wall: 4393574744598, CPU: 0, GPU: 11410 us)
:3:hip_memory.cpp           :3476: 4393574960101 us: [pid:4164447 tid: 0x7fbf38fc0200] [32m hipMemset ( 0x7fbdb4e00000, 0, 81920000 ) [0m
:4:command.cpp              :359 : 4393574960143 us: [pid:4164447 tid: 0x7fbf38fc0200] Command (FillBuffer) enqueued: 0x1a663f40
:3:rocvirtual.cpp           :762 : 4393574960160 us: [pid:4164447 tid: 0x7fbf38fc0200] Arg0: void* buf = ptr:0x7fbdb4e00000
:3:rocvirtual.cpp           :778 : 4393574960166 us: [pid:4164447 tid: 0x7fbf38fc0200] Arg0: void* buf = ptr:0x7fbdb4e00000 obj:[0x7fbdb4e00000-0x7fbdb9c20000]
:3:rocvirtual.cpp           :762 : 4393574960176 us: [pid:4164447 tid: 0x7fbf38fc0200] Arg1: uchar* pattern = ptr:0x7fbf1ca00000
:3:rocvirtual.cpp           :853 : 4393574960183 us: [pid:4164447 tid: 0x7fbf38fc0200] Arg2: uint pattern_size = val:1
:3:rocvirtual.cpp           :853 : 4393574960188 us: [pid:4164447 tid: 0x7fbf38fc0200] Arg3: uint alignment = val:16
:3:rocvirtual.cpp           :853 : 4393574960193 us: [pid:4164447 tid: 0x7fbf38fc0200] Arg4: ulong end_ptr = val:140452842045440
:3:rocvirtual.cpp           :853 : 4393574960200 us: [pid:4164447 tid: 0x7fbf38fc0200] Arg5: uint next_chunk = val:26624
:3:rocvirtual.cpp           :3236: 4393574960205 us: [pid:4164447 tid: 0x7fbf38fc0200] ShaderName : __amd_rocclr_fillBufferAligned
:3:rocvirtual.cpp           :3449: 4393574960214 us: [pid:4164447 tid: 0x7fbf38fc0200] KernargSegmentByteSize = 296 KernargSegmentAlignment = 128
:4:rocvirtual.cpp           :965 : 4393574960226 us: [pid:4164447 tid: 0x7fbf38fc0200] SWq=0x7fbf2fd32000, HWq=0x7fbf1cc00000, id=1, Dispatch Header = 0x1502 (type=2, barrier=1, acquire=2, release=2), setup=1, grid=[26624, 1, 1], workgroup=[256, 1, 1], private_seg_size=0, group_seg_size=0, kernel_obj=0x7fbf2fd1dd40, kernarg_address=0x7fbf1ca00100, completion_signal=0x0, correlation_id=0, rptr=85, wptr=85
:3:hip_memory.cpp           :3477: 4393574960242 us: [pid:4164447 tid: 0x7fbf38fc0200] hipMemset: Returned hipSuccess : 
:3:hip_device_runtime.cpp   :641 : 4393574960248 us: [pid:4164447 tid: 0x7fbf38fc0200] [32m hipDeviceSynchronize (  ) [0m
:4:commandqueue.cpp         :161 : 4393574960253 us: [pid:4164447 tid: 0x7fbf38fc0200] Marker queued to ensure finish
:4:command.cpp              :359 : 4393574960258 us: [pid:4164447 tid: 0x7fbf38fc0200] Command (InternalMarker) enqueued: 0x19fabba0
:3:rocvirtual.cpp           :533 : 4393574960282 us: [pid:4164447 tid: 0x7fbf38fc0200] Set Handler: handle(0x7fbf2fbfce80), timestamp(0x1a71cbc0)
:4:rocvirtual.cpp           :1147: 4393574960821 us: [pid:4164447 tid: 0x7fbf38fc0200] SWq=0x7fbf2fd32000, HWq=0x7fbf1cc00000, id=1, BarrierAND Header = 0x1503 (type=3, barrier=1, acquire=2, release=2), dep_signal=[0x0, 0x0, 0x0, 0x0, 0x0], completion_signal=0x7fbf2fbfce80
:3:rocvirtual.hpp           :56  : 4393574960833 us: [pid:4164447 tid: 0x7fbf38fc0200] Host active wait for Signal = (0x7fbf2fbfce80) for -1 ns
:4:commandqueue.cpp         :184 : 4393574964721 us: [pid:4164447 tid: 0x7fbf38fc0200] All commands finished
:3:hip_device_runtime.cpp   :645 : 4393574964731 us: [pid:4164447 tid: 0x7fbf38fc0200] hipDeviceSynchronize: Returned hipSuccess : 
:3:rocvirtual.cpp           :226 : 4393574964737 us: [pid:4164447 tid: 0x7fbdffbff6c0] Handler: value(0), timestamp(0x1a4d75d0), handle(0x7fbf2fbfce80)
:4:command.cpp              :169 : 4393574964763 us: [pid:4164447 tid: 0x7fbdffbff6c0] Command 0x1a663f40 complete
:3:hip_platform.cpp         :237 : 4393574964771 us: [pid:4164447 tid: 0x7fbf38fc0200] [32m __hipPushCallConfiguration ( {8,1,1}, {256,1,1}, 0, stream:<null> ) [0m
:3:hip_platform.cpp         :241 : 4393574964783 us: [pid:4164447 tid: 0x7fbf38fc0200] __hipPushCallConfiguration: Returned hipSuccess : 
:3:hip_platform.cpp         :246 : 4393574964795 us: [pid:4164447 tid: 0x7fbf38fc0200] [32m __hipPopCallConfiguration ( {1131604050,32703,256}, {2118224,0,2169324560}, 0x7ffc814d4160, 0x7ffc814d4158 ) [0m
:3:hip_platform.cpp         :255 : 4393574964805 us: [pid:4164447 tid: 0x7fbf38fc0200] __hipPopCallConfiguration: Returned hipSuccess : 
:3:hip_module.cpp           :744 : 4393574964818 us: [pid:4164447 tid: 0x7fbf38fc0200] [32m hipLaunchKernel ( 0x200fd8, {8,1,1}, {256,1,1}, 0x7ffc814d4110, 0, stream:<null> ) [0m
:4:command.cpp              :163 : 4393574964773 us: [pid:4164447 tid: 0x7fbdffbff6c0] Command 0x19fabba0 complete (Wall: 4393574964771, CPU: 0, GPU: 4504 us)
:4:command.cpp              :359 : 4393574964840 us: [pid:4164447 tid: 0x7fbf38fc0200] Command (KernelExecution) enqueued: 0x1a61e850
:3:rocvirtual.cpp           :762 : 4393574965277 us: [pid:4164447 tid: 0x7fbf38fc0200] Arg0:   = ptr:0x7fbdba000000
:3:rocvirtual.cpp           :778 : 4393574965282 us: [pid:4164447 tid: 0x7fbf38fc0200] Arg0:   = ptr:0x7fbdba000000 obj:[0x7fbdba000000-0x7fbdbee20000]
:3:rocvirtual.cpp           :762 : 4393574965289 us: [pid:4164447 tid: 0x7fbf38fc0200] Arg1:   = ptr:0x7fbded427000
:3:rocvirtual.cpp           :778 : 4393574965294 us: [pid:4164447 tid: 0x7fbf38fc0200] Arg1:   = ptr:0x7fbded427000 obj:[0x7fbded427000-0x7fbded437000]
:3:rocvirtual.cpp           :762 : 4393574965301 us: [pid:4164447 tid: 0x7fbf38fc0200] Arg2:   = ptr:0x7fbdb4e00000
:3:rocvirtual.cpp           :778 : 4393574965306 us: [pid:4164447 tid: 0x7fbf38fc0200] Arg2:   = ptr:0x7fbdb4e00000 obj:[0x7fbdb4e00000-0x7fbdb9c20000]
:3:rocvirtual.cpp           :853 : 4393574965313 us: [pid:4164447 tid: 0x7fbf38fc0200] Arg3:   = val:2048
:3:rocvirtual.cpp           :762 : 4393574965317 us: [pid:4164447 tid: 0x7fbf38fc0200] Arg4:   = ptr:0x7fbded400000
:3:rocvirtual.cpp           :778 : 4393574965322 us: [pid:4164447 tid: 0x7fbf38fc0200] Arg4:   = ptr:0x7fbded400000 obj:[0x7fbded400000-0x7fbded400024]
:3:rocvirtual.cpp           :3236: 4393574965330 us: [pid:4164447 tid: 0x7fbf38fc0200] ShaderName : void dense_esuhm<float>(float const*, float const*, float*, int, int const*)
:3:rocvirtual.cpp           :3449: 4393574965339 us: [pid:4164447 tid: 0x7fbf38fc0200] KernargSegmentByteSize = 296 KernargSegmentAlignment = 128
:4:rocvirtual.cpp           :965 : 4393574965348 us: [pid:4164447 tid: 0x7fbf38fc0200] SWq=0x7fbf2fd32000, HWq=0x7fbf1cc00000, id=1, Dispatch Header = 0xb02 (type=2, barrier=1, acquire=1, release=1), setup=3, grid=[2048, 1, 1], workgroup=[256, 1, 1], private_seg_size=140, group_seg_size=0, kernel_obj=0x7fbf2fcf1980, kernarg_address=0x7fbf1ca00280, completion_signal=0x0, correlation_id=0, rptr=87, wptr=87
:3:hip_module.cpp           :745 : 4393574965362 us: [pid:4164447 tid: 0x7fbf38fc0200] hipLaunchKernel: Returned hipSuccess : : duration: 544 us
:3:hip_device_runtime.cpp   :641 : 4393574965772 us: [pid:4164447 tid: 0x7fbf38fc0200] [32m hipDeviceSynchronize (  ) [0m
:4:commandqueue.cpp         :161 : 4393574965778 us: [pid:4164447 tid: 0x7fbf38fc0200] Marker queued to ensure finish
:4:command.cpp              :359 : 4393574965782 us: [pid:4164447 tid: 0x7fbf38fc0200] Command (InternalMarker) enqueued: 0x19fabba0
:3:rocvirtual.cpp           :533 : 4393574965795 us: [pid:4164447 tid: 0x7fbf38fc0200] Set Handler: handle(0x7fbf2fbfcf80), timestamp(0x1a56f810)
:4:rocvirtual.cpp           :1147: 4393574965804 us: [pid:4164447 tid: 0x7fbf38fc0200] SWq=0x7fbf2fd32000, HWq=0x7fbf1cc00000, id=1, BarrierAND Header = 0x1503 (type=3, barrier=1, acquire=2, release=2), dep_signal=[0x0, 0x0, 0x0, 0x0, 0x0], completion_signal=0x7fbf2fbfcf80
:3:rocvirtual.hpp           :56  : 4393574965814 us: [pid:4164447 tid: 0x7fbf38fc0200] Host active wait for Signal = (0x7fbf2fbfcf80) for -1 ns
:4:commandqueue.cpp         :184 : 4393574976224 us: [pid:4164447 tid: 0x7fbf38fc0200] All commands finished
:3:hip_device_runtime.cpp   :645 : 4393574976241 us: [pid:4164447 tid: 0x7fbf38fc0200] hipDeviceSynchronize: Returned hipSuccess : 
:3:rocvirtual.cpp           :226 : 4393574976227 us: [pid:4164447 tid: 0x7fbdffbff6c0] Handler: value(0), timestamp(0x1a6e0610), handle(0x7fbf2fbfcf80)
:4:command.cpp              :169 : 4393574976271 us: [pid:4164447 tid: 0x7fbdffbff6c0] Command 0x1a61e850 complete
:3:hip_memory.cpp           :795 : 4393574976258 us: [pid:4164447 tid: 0x7fbf38fc0200] [32m hipMemcpy ( 0x7fbdd4ddf010, 0x7fbdb4e00000, 81920000, hipMemcpyDeviceToHost ) [0m
:4:command.cpp              :163 : 4393574976279 us: [pid:4164447 tid: 0x7fbdffbff6c0] Command 0x19fabba0 complete (Wall: 4393574976277, CPU: 0, GPU: 10488 us)
:4:command.cpp              :359 : 4393574976294 us: [pid:4164447 tid: 0x7fbf38fc0200] Command (CopyDeviceToHost) enqueued: 0x1a61e850
:4:rocblit.cpp              :1673: 4393574976323 us: [pid:4164447 tid: 0x7fbf38fc0200] Unpinned read path, Async = 0
:4:rocmemory.cpp            :1018: 4393574976345 us: [pid:4164447 tid: 0x7fbf38fc0200] Locking to pool 0x19dc9ed0, size 0x2001000, HostPtr = 0x7fbdd4ddf000, DevPtr = 0x7fbdd4ddf000
:4:rocblit.cpp              :623 : 4393574976353 us: [pid:4164447 tid: 0x7fbf38fc0200] HSA Copy Using Pinned resource size 33554432
:4:rocblit.cpp              :687 : 4393574976373 us: [pid:4164447 tid: 0x7fbf38fc0200] HSA Async Copy staged D2H
:4:rocblit.cpp              :503 : 4393574976381 us: [pid:4164447 tid: 0x7fbf38fc0200] Last copy mask 0x0
:4:rocblit.cpp              :509 : 4393574976391 us: [pid:4164447 tid: 0x7fbf38fc0200] Query copy engine status 0, free_engine mask 0x1e
:4:rocblit.cpp              :520 : 4393574976402 us: [pid:4164447 tid: 0x7fbf38fc0200] HSA Async Copy on copy_engine=0x2, dst=0x7fbdd4ddf010, src=0x7fbdb4e00000, size=33554432, forceSDMA=0, wait_event=0x0, completion_signal=0x7fbf2fbfef80
:4:rocvirtual.cpp           :622 : 4393574976414 us: [pid:4164447 tid: 0x7fbf38fc0200] Host wait on completion_signal=0x7fbf2fbfef80
:3:rocvirtual.hpp           :56  : 4393574976900 us: [pid:4164447 tid: 0x7fbf38fc0200] Host active wait for Signal = (0x7fbf2fbfef80) for -1 ns
:4:rocmemory.cpp            :1018: 4393574977640 us: [pid:4164447 tid: 0x7fbf38fc0200] Locking to pool 0x19dc9ed0, size 0x2001000, HostPtr = 0x7fbdd6ddf000, DevPtr = 0x7fbdd6ddf000
:4:rocblit.cpp              :623 : 4393574977651 us: [pid:4164447 tid: 0x7fbf38fc0200] HSA Copy Using Pinned resource size 33554432
:4:rocblit.cpp              :687 : 4393574977658 us: [pid:4164447 tid: 0x7fbf38fc0200] HSA Async Copy staged D2H
:4:rocblit.cpp              :503 : 4393574977664 us: [pid:4164447 tid: 0x7fbf38fc0200] Last copy mask 0x2
:4:rocblit.cpp              :520 : 4393574977669 us: [pid:4164447 tid: 0x7fbf38fc0200] HSA Async Copy on copy_engine=0x2, dst=0x7fbdd6ddf010, src=0x7fbdb6e00000, size=33554432, forceSDMA=0, wait_event=0x0, completion_signal=0x7fbf2fbfda00
:4:rocvirtual.cpp           :622 : 4393574977677 us: [pid:4164447 tid: 0x7fbf38fc0200] Host wait on completion_signal=0x7fbf2fbfda00
:3:rocvirtual.hpp           :56  : 4393574977684 us: [pid:4164447 tid: 0x7fbf38fc0200] Host active wait for Signal = (0x7fbf2fbfda00) for -1 ns
:4:rocmemory.cpp            :1018: 4393574978879 us: [pid:4164447 tid: 0x7fbf38fc0200] Locking to pool 0x19dc9ed0, size 0xe21000, HostPtr = 0x7fbdd8ddf000, DevPtr = 0x7fbdd8ddf000
:4:rocblit.cpp              :623 : 4393574978888 us: [pid:4164447 tid: 0x7fbf38fc0200] HSA Copy Using Pinned resource size 14811136
:4:rocblit.cpp              :687 : 4393574978896 us: [pid:4164447 tid: 0x7fbf38fc0200] HSA Async Copy staged D2H
:4:rocblit.cpp              :503 : 4393574978901 us: [pid:4164447 tid: 0x7fbf38fc0200] Last copy mask 0x2
:4:rocblit.cpp              :520 : 4393574978905 us: [pid:4164447 tid: 0x7fbf38fc0200] HSA Async Copy on copy_engine=0x2, dst=0x7fbdd8ddf010, src=0x7fbdb8e00000, size=14811136, forceSDMA=0, wait_event=0x0, completion_signal=0x7fbf2fbfdb00
:4:rocvirtual.cpp           :622 : 4393574978913 us: [pid:4164447 tid: 0x7fbf38fc0200] Host wait on completion_signal=0x7fbf2fbfdb00
:3:rocvirtual.hpp           :56  : 4393574978921 us: [pid:4164447 tid: 0x7fbf38fc0200] Host active wait for Signal = (0x7fbf2fbfdb00) for -1 ns
:4:commandqueue.cpp         :161 : 4393574984646 us: [pid:4164447 tid: 0x7fbf38fc0200] Marker queued to ensure finish
:4:command.cpp              :359 : 4393574984656 us: [pid:4164447 tid: 0x7fbf38fc0200] Command (InternalMarker) enqueued: 0x19fabba0
:3:rocvirtual.cpp           :533 : 4393574984672 us: [pid:4164447 tid: 0x7fbf38fc0200] Set Handler: handle(0x7fbf2fbfcd00), timestamp(0x1a57c860)
:4:rocvirtual.cpp           :1147: 4393574984681 us: [pid:4164447 tid: 0x7fbf38fc0200] SWq=0x7fbf2fd32000, HWq=0x7fbf1cc00000, id=1, BarrierAND Header = 0x1503 (type=3, barrier=1, acquire=2, release=2), dep_signal=[0x0, 0x0, 0x0, 0x0, 0x0], completion_signal=0x7fbf2fbfcd00
:4:commandqueue.cpp         :184 : 4393574984696 us: [pid:4164447 tid: 0x7fbf38fc0200] All commands finished
:3:hip_memory.cpp           :796 : 4393574984704 us: [pid:4164447 tid: 0x7fbf38fc0200] hipMemcpy: Returned hipSuccess : : duration: 8446 us
:3:hip_memory.cpp           :3476: 4393574984716 us: [pid:4164447 tid: 0x7fbf38fc0200] [32m hipMemset ( 0x7fbdb4e00000, 0, 81920000 ) [0m
:3:rocvirtual.cpp           :226 : 4393574984697 us: [pid:4164447 tid: 0x7fbdffbff6c0] Handler: value(0), timestamp(0x1a6e0610), handle(0x7fbf2fbfcd00)
:4:command.cpp              :169 : 4393574984745 us: [pid:4164447 tid: 0x7fbdffbff6c0] Command 0x1a61e850 complete
:4:command.cpp              :359 : 4393574984729 us: [pid:4164447 tid: 0x7fbf38fc0200] Command (FillBuffer) enqueued: 0x1a663f40
:3:rocvirtual.cpp           :762 : 4393574984769 us: [pid:4164447 tid: 0x7fbf38fc0200] Arg0: void* buf = ptr:0x7fbdb4e00000
:4:command.cpp              :163 : 4393574984754 us: [pid:4164447 tid: 0x7fbdffbff6c0] Command 0x19fabba0 complete (Wall: 4393574984753, CPU: 0, GPU: 88 us)
:3:rocvirtual.cpp           :778 : 4393574984789 us: [pid:4164447 tid: 0x7fbf38fc0200] Arg0: void* buf = ptr:0x7fbdb4e00000 obj:[0x7fbdb4e00000-0x7fbdb9c20000]
:3:rocvirtual.cpp           :762 : 4393574984798 us: [pid:4164447 tid: 0x7fbf38fc0200] Arg1: uchar* pattern = ptr:0x7fbf1ca00000
:3:rocvirtual.cpp           :853 : 4393574985250 us: [pid:4164447 tid: 0x7fbf38fc0200] Arg2: uint pattern_size = val:1
:3:rocvirtual.cpp           :853 : 4393574985255 us: [pid:4164447 tid: 0x7fbf38fc0200] Arg3: uint alignment = val:16
:3:rocvirtual.cpp           :853 : 4393574985260 us: [pid:4164447 tid: 0x7fbf38fc0200] Arg4: ulong end_ptr = val:140452842045440
:3:rocvirtual.cpp           :853 : 4393574985267 us: [pid:4164447 tid: 0x7fbf38fc0200] Arg5: uint next_chunk = val:26624
:3:rocvirtual.cpp           :3236: 4393574985272 us: [pid:4164447 tid: 0x7fbf38fc0200] ShaderName : __amd_rocclr_fillBufferAligned
:3:rocvirtual.cpp           :3449: 4393574985281 us: [pid:4164447 tid: 0x7fbf38fc0200] KernargSegmentByteSize = 296 KernargSegmentAlignment = 128
:4:rocvirtual.cpp           :965 : 4393574985292 us: [pid:4164447 tid: 0x7fbf38fc0200] SWq=0x7fbf2fd32000, HWq=0x7fbf1cc00000, id=1, Dispatch Header = 0x1502 (type=2, barrier=1, acquire=2, release=2), setup=1, grid=[26624, 1, 1], workgroup=[256, 1, 1], private_seg_size=0, group_seg_size=0, kernel_obj=0x7fbf2fd1dd40, kernarg_address=0x7fbf1ca00100, completion_signal=0x0, correlation_id=0, rptr=90, wptr=90
:3:hip_memory.cpp           :3477: 4393574985306 us: [pid:4164447 tid: 0x7fbf38fc0200] hipMemset: Returned hipSuccess : 
:3:hip_device_runtime.cpp   :641 : 4393574985311 us: [pid:4164447 tid: 0x7fbf38fc0200] [32m hipDeviceSynchronize (  ) [0m
:4:commandqueue.cpp         :161 : 4393574985317 us: [pid:4164447 tid: 0x7fbf38fc0200] Marker queued to ensure finish
:4:command.cpp              :359 : 4393574985322 us: [pid:4164447 tid: 0x7fbf38fc0200] Command (InternalMarker) enqueued: 0x19fabba0
:3:rocvirtual.cpp           :533 : 4393574985334 us: [pid:4164447 tid: 0x7fbf38fc0200] Set Handler: handle(0x7fbf2fbfcc80), timestamp(0x1a4d7820)
:4:rocvirtual.cpp           :1147: 4393574985342 us: [pid:4164447 tid: 0x7fbf38fc0200] SWq=0x7fbf2fd32000, HWq=0x7fbf1cc00000, id=1, BarrierAND Header = 0x1503 (type=3, barrier=1, acquire=2, release=2), dep_signal=[0x0, 0x0, 0x0, 0x0, 0x0], completion_signal=0x7fbf2fbfcc80
:3:rocvirtual.hpp           :56  : 4393574985352 us: [pid:4164447 tid: 0x7fbf38fc0200] Host active wait for Signal = (0x7fbf2fbfcc80) for -1 ns
:4:commandqueue.cpp         :184 : 4393574992703 us: [pid:4164447 tid: 0x7fbf38fc0200] All commands finished
:3:hip_device_runtime.cpp   :645 : 4393574992714 us: [pid:4164447 tid: 0x7fbf38fc0200] hipDeviceSynchronize: Returned hipSuccess : 
:3:hip_platform.cpp         :237 : 4393574992727 us: [pid:4164447 tid: 0x7fbf38fc0200] [32m __hipPushCallConfiguration ( {8,1,1}, {256,1,1}, 0, stream:<null> ) [0m
:3:hip_platform.cpp         :241 : 4393574992741 us: [pid:4164447 tid: 0x7fbf38fc0200] __hipPushCallConfiguration: Returned hipSuccess : 
:3:rocvirtual.cpp           :226 : 4393574992707 us: [pid:4164447 tid: 0x7fbdffbff6c0] Handler: value(0), timestamp(0x1a71ca20), handle(0x7fbf2fbfcc80)
:4:command.cpp              :169 : 4393574992767 us: [pid:4164447 tid: 0x7fbdffbff6c0] Command 0x1a663f40 complete
:3:hip_platform.cpp         :246 : 4393574992753 us: [pid:4164447 tid: 0x7fbf38fc0200] [32m __hipPopCallConfiguration ( {1131604050,32703,256}, {2118224,0,2169324560}, 0x7ffc814d4160, 0x7ffc814d4158 ) [0m
:3:hip_platform.cpp         :255 : 4393574992785 us: [pid:4164447 tid: 0x7fbf38fc0200] __hipPopCallConfiguration: Returned hipSuccess : 
:4:command.cpp              :163 : 4393574992775 us: [pid:4164447 tid: 0x7fbdffbff6c0] Command 0x19fabba0 complete (Wall: 4393574992773, CPU: 0, GPU: 7444 us)
:3:hip_module.cpp           :744 : 4393574992798 us: [pid:4164447 tid: 0x7fbf38fc0200] [32m hipLaunchKernel ( 0x200fe0, {8,1,1}, {256,1,1}, 0x7ffc814d4110, 0, stream:<null> ) [0m
:4:command.cpp              :359 : 4393574992834 us: [pid:4164447 tid: 0x7fbf38fc0200] Command (KernelExecution) enqueued: 0x1a61e850
:3:rocvirtual.cpp           :762 : 4393574993429 us: [pid:4164447 tid: 0x7fbf38fc0200] Arg0:   = ptr:0x7fbdba000000
:3:rocvirtual.cpp           :778 : 4393574993434 us: [pid:4164447 tid: 0x7fbf38fc0200] Arg0:   = ptr:0x7fbdba000000 obj:[0x7fbdba000000-0x7fbdbee20000]
:3:rocvirtual.cpp           :762 : 4393574993442 us: [pid:4164447 tid: 0x7fbf38fc0200] Arg1:   = ptr:0x7fbded427000
:3:rocvirtual.cpp           :778 : 4393574993446 us: [pid:4164447 tid: 0x7fbf38fc0200] Arg1:   = ptr:0x7fbded427000 obj:[0x7fbded427000-0x7fbded437000]
:3:rocvirtual.cpp           :762 : 4393574993454 us: [pid:4164447 tid: 0x7fbf38fc0200] Arg2:   = ptr:0x7fbdb4e00000
:3:rocvirtual.cpp           :778 : 4393574993458 us: [pid:4164447 tid: 0x7fbf38fc0200] Arg2:   = ptr:0x7fbdb4e00000 obj:[0x7fbdb4e00000-0x7fbdb9c20000]
:3:rocvirtual.cpp           :853 : 4393574993465 us: [pid:4164447 tid: 0x7fbf38fc0200] Arg3:   = val:2048
:3:rocvirtual.cpp           :762 : 4393574993470 us: [pid:4164447 tid: 0x7fbf38fc0200] Arg4:   = ptr:0x7fbded400000
:3:rocvirtual.cpp           :778 : 4393574993475 us: [pid:4164447 tid: 0x7fbf38fc0200] Arg4:   = ptr:0x7fbded400000 obj:[0x7fbded400000-0x7fbded400024]
:3:rocvirtual.cpp           :3236: 4393574993483 us: [pid:4164447 tid: 0x7fbf38fc0200] ShaderName : void dense_esuhm2<float>(float const*, float const*, float*, int, int const*)
:3:rocvirtual.cpp           :3449: 4393574993491 us: [pid:4164447 tid: 0x7fbf38fc0200] KernargSegmentByteSize = 296 KernargSegmentAlignment = 128
:4:rocvirtual.cpp           :965 : 4393574993500 us: [pid:4164447 tid: 0x7fbf38fc0200] SWq=0x7fbf2fd32000, HWq=0x7fbf1cc00000, id=1, Dispatch Header = 0xb02 (type=2, barrier=1, acquire=1, release=1), setup=3, grid=[2048, 1, 1], workgroup=[256, 1, 1], private_seg_size=140, group_seg_size=0, kernel_obj=0x7fbf2fcf19c0, kernarg_address=0x7fbf1ca00280, completion_signal=0x0, correlation_id=0, rptr=92, wptr=92
:3:hip_module.cpp           :745 : 4393574993514 us: [pid:4164447 tid: 0x7fbf38fc0200] hipLaunchKernel: Returned hipSuccess : : duration: 716 us
:3:hip_device_runtime.cpp   :641 : 4393574993522 us: [pid:4164447 tid: 0x7fbf38fc0200] [32m hipDeviceSynchronize (  ) [0m
:4:commandqueue.cpp         :161 : 4393574993527 us: [pid:4164447 tid: 0x7fbf38fc0200] Marker queued to ensure finish
:4:command.cpp              :359 : 4393574993532 us: [pid:4164447 tid: 0x7fbf38fc0200] Command (InternalMarker) enqueued: 0x19fabba0
:3:rocvirtual.cpp           :533 : 4393574993950 us: [pid:4164447 tid: 0x7fbf38fc0200] Set Handler: handle(0x7fbf2fbfcc00), timestamp(0x1a71cb80)
:4:rocvirtual.cpp           :1147: 4393574993959 us: [pid:4164447 tid: 0x7fbf38fc0200] SWq=0x7fbf2fd32000, HWq=0x7fbf1cc00000, id=1, BarrierAND Header = 0x1503 (type=3, barrier=1, acquire=2, release=2), dep_signal=[0x0, 0x0, 0x0, 0x0, 0x0], completion_signal=0x7fbf2fbfcc00
:4:commandqueue.cpp         :184 : 4393574993973 us: [pid:4164447 tid: 0x7fbf38fc0200] All commands finished
:3:hip_device_runtime.cpp   :645 : 4393574993980 us: [pid:4164447 tid: 0x7fbf38fc0200] hipDeviceSynchronize: Returned hipSuccess : 
:3:rocvirtual.cpp           :226 : 4393574993975 us: [pid:4164447 tid: 0x7fbdffbff6c0] Handler: value(0), timestamp(0x1a57ccd0), handle(0x7fbf2fbfcc00)
:4:command.cpp              :169 : 4393574994011 us: [pid:4164447 tid: 0x7fbdffbff6c0] Command 0x1a61e850 complete
:4:command.cpp              :163 : 4393574994021 us: [pid:4164447 tid: 0x7fbdffbff6c0] Command 0x19fabba0 complete (Wall: 4393574994020, CPU: 0, GPU: 76 us)
:3:hip_memory.cpp           :795 : 4393574993994 us: [pid:4164447 tid: 0x7fbf38fc0200] [32m hipMemcpy ( 0x7fbdcffbe010, 0x7fbdb4e00000, 81920000, hipMemcpyDeviceToHost ) [0m
:4:command.cpp              :359 : 4393574994048 us: [pid:4164447 tid: 0x7fbf38fc0200] Command (CopyDeviceToHost) enqueued: 0x1a61e850
:4:rocblit.cpp              :1673: 4393574994058 us: [pid:4164447 tid: 0x7fbf38fc0200] Unpinned read path, Async = 0
:4:rocmemory.cpp            :1018: 4393574994605 us: [pid:4164447 tid: 0x7fbf38fc0200] Locking to pool 0x19dc9ed0, size 0x2001000, HostPtr = 0x7fbdcffbe000, DevPtr = 0x7fbdcffbe000
:4:rocblit.cpp              :623 : 4393574994613 us: [pid:4164447 tid: 0x7fbf38fc0200] HSA Copy Using Pinned resource size 33554432
:4:rocblit.cpp              :687 : 4393574994622 us: [pid:4164447 tid: 0x7fbf38fc0200] HSA Async Copy staged D2H
:4:rocblit.cpp              :503 : 4393574994627 us: [pid:4164447 tid: 0x7fbf38fc0200] Last copy mask 0x0
:4:rocblit.cpp              :509 : 4393574994633 us: [pid:4164447 tid: 0x7fbf38fc0200] Query copy engine status 0, free_engine mask 0x1e
:4:rocblit.cpp              :520 : 4393574994641 us: [pid:4164447 tid: 0x7fbf38fc0200] HSA Async Copy on copy_engine=0x2, dst=0x7fbdcffbe010, src=0x7fbdb4e00000, size=33554432, forceSDMA=0, wait_event=0x0, completion_signal=0x7fbf2fbfed80
:4:rocvirtual.cpp           :622 : 4393574994651 us: [pid:4164447 tid: 0x7fbf38fc0200] Host wait on completion_signal=0x7fbf2fbfed80
:3:rocvirtual.hpp           :56  : 4393574994658 us: [pid:4164447 tid: 0x7fbf38fc0200] Host active wait for Signal = (0x7fbf2fbfed80) for -1 ns
:4:rocmemory.cpp            :1018: 4393575004713 us: [pid:4164447 tid: 0x7fbf38fc0200] Locking to pool 0x19dc9ed0, size 0x2001000, HostPtr = 0x7fbdd1fbe000, DevPtr = 0x7fbdd1fbe000
:4:rocblit.cpp              :623 : 4393575004725 us: [pid:4164447 tid: 0x7fbf38fc0200] HSA Copy Using Pinned resource size 33554432
:4:rocblit.cpp              :687 : 4393575004733 us: [pid:4164447 tid: 0x7fbf38fc0200] HSA Async Copy staged D2H
:4:rocblit.cpp              :503 : 4393575004738 us: [pid:4164447 tid: 0x7fbf38fc0200] Last copy mask 0x2
:4:rocblit.cpp              :520 : 4393575004743 us: [pid:4164447 tid: 0x7fbf38fc0200] HSA Async Copy on copy_engine=0x2, dst=0x7fbdd1fbe010, src=0x7fbdb6e00000, size=33554432, forceSDMA=0, wait_event=0x0, completion_signal=0x7fbf2fbfeb80
:4:rocvirtual.cpp           :622 : 4393575004751 us: [pid:4164447 tid: 0x7fbf38fc0200] Host wait on completion_signal=0x7fbf2fbfeb80
:3:rocvirtual.hpp           :56  : 4393575004758 us: [pid:4164447 tid: 0x7fbf38fc0200] Host active wait for Signal = (0x7fbf2fbfeb80) for -1 ns
:4:rocmemory.cpp            :1018: 4393575005964 us: [pid:4164447 tid: 0x7fbf38fc0200] Locking to pool 0x19dc9ed0, size 0xe21000, HostPtr = 0x7fbdd3fbe000, DevPtr = 0x7fbdd3fbe000
:4:rocblit.cpp              :623 : 4393575005975 us: [pid:4164447 tid: 0x7fbf38fc0200] HSA Copy Using Pinned resource size 14811136
:4:rocblit.cpp              :687 : 4393575005983 us: [pid:4164447 tid: 0x7fbf38fc0200] HSA Async Copy staged D2H
:4:rocblit.cpp              :503 : 4393575005988 us: [pid:4164447 tid: 0x7fbf38fc0200] Last copy mask 0x2
:4:rocblit.cpp              :520 : 4393575005993 us: [pid:4164447 tid: 0x7fbf38fc0200] HSA Async Copy on copy_engine=0x2, dst=0x7fbdd3fbe010, src=0x7fbdb8e00000, size=14811136, forceSDMA=0, wait_event=0x0, completion_signal=0x7fbf2fbfdd00
:4:rocvirtual.cpp           :622 : 4393575006005 us: [pid:4164447 tid: 0x7fbf38fc0200] Host wait on completion_signal=0x7fbf2fbfdd00
:3:rocvirtual.hpp           :56  : 4393575006013 us: [pid:4164447 tid: 0x7fbf38fc0200] Host active wait for Signal = (0x7fbf2fbfdd00) for -1 ns
:4:commandqueue.cpp         :161 : 4393575006540 us: [pid:4164447 tid: 0x7fbf38fc0200] Marker queued to ensure finish
:4:command.cpp              :359 : 4393575006547 us: [pid:4164447 tid: 0x7fbf38fc0200] Command (InternalMarker) enqueued: 0x19fabba0
:3:rocvirtual.cpp           :533 : 4393575006559 us: [pid:4164447 tid: 0x7fbf38fc0200] Set Handler: handle(0x7fbf2fbfca80), timestamp(0x1a57ca20)
:4:rocvirtual.cpp           :1147: 4393575006567 us: [pid:4164447 tid: 0x7fbf38fc0200] SWq=0x7fbf2fd32000, HWq=0x7fbf1cc00000, id=1, BarrierAND Header = 0x1503 (type=3, barrier=1, acquire=2, release=2), dep_signal=[0x0, 0x0, 0x0, 0x0, 0x0], completion_signal=0x7fbf2fbfca80
:4:commandqueue.cpp         :184 : 4393575006578 us: [pid:4164447 tid: 0x7fbf38fc0200] All commands finished
:3:rocvirtual.cpp           :226 : 4393575006582 us: [pid:4164447 tid: 0x7fbdffbff6c0] Handler: value(0), timestamp(0x1a57ccd0), handle(0x7fbf2fbfca80)
:4:command.cpp              :169 : 4393575006597 us: [pid:4164447 tid: 0x7fbdffbff6c0] Command 0x1a61e850 complete
:4:command.cpp              :163 : 4393575006606 us: [pid:4164447 tid: 0x7fbdffbff6c0] Command 0x19fabba0 complete (Wall: 4393575006604, CPU: 0, GPU: 50 us)
:3:hip_memory.cpp           :796 : 4393575006583 us: [pid:4164447 tid: 0x7fbf38fc0200] hipMemcpy: Returned hipSuccess : : duration: 12589 us
:3:hip_memory.cpp           :3476: 4393575006630 us: [pid:4164447 tid: 0x7fbf38fc0200] [32m hipMemset ( 0x7fbdb4e00000, 0, 81920000 ) [0m
:4:command.cpp              :359 : 4393575006640 us: [pid:4164447 tid: 0x7fbf38fc0200] Command (FillBuffer) enqueued: 0x1a663f40
:3:rocvirtual.cpp           :762 : 4393575006651 us: [pid:4164447 tid: 0x7fbf38fc0200] Arg0: void* buf = ptr:0x7fbdb4e00000
:3:rocvirtual.cpp           :778 : 4393575006656 us: [pid:4164447 tid: 0x7fbf38fc0200] Arg0: void* buf = ptr:0x7fbdb4e00000 obj:[0x7fbdb4e00000-0x7fbdb9c20000]
:3:rocvirtual.cpp           :762 : 4393575006663 us: [pid:4164447 tid: 0x7fbf38fc0200] Arg1: uchar* pattern = ptr:0x7fbf1ca00000
:3:rocvirtual.cpp           :853 : 4393575006671 us: [pid:4164447 tid: 0x7fbf38fc0200] Arg2: uint pattern_size = val:1
:3:rocvirtual.cpp           :853 : 4393575006675 us: [pid:4164447 tid: 0x7fbf38fc0200] Arg3: uint alignment = val:16
:3:rocvirtual.cpp           :853 : 4393575006680 us: [pid:4164447 tid: 0x7fbf38fc0200] Arg4: ulong end_ptr = val:140452842045440
:3:rocvirtual.cpp           :853 : 4393575006688 us: [pid:4164447 tid: 0x7fbf38fc0200] Arg5: uint next_chunk = val:26624
:3:rocvirtual.cpp           :3236: 4393575006693 us: [pid:4164447 tid: 0x7fbf38fc0200] ShaderName : __amd_rocclr_fillBufferAligned
:3:rocvirtual.cpp           :3449: 4393575006702 us: [pid:4164447 tid: 0x7fbf38fc0200] KernargSegmentByteSize = 296 KernargSegmentAlignment = 128
:4:rocvirtual.cpp           :965 : 4393575006710 us: [pid:4164447 tid: 0x7fbf38fc0200] SWq=0x7fbf2fd32000, HWq=0x7fbf1cc00000, id=1, Dispatch Header = 0x1502 (type=2, barrier=1, acquire=2, release=2), setup=1, grid=[26624, 1, 1], workgroup=[256, 1, 1], private_seg_size=0, group_seg_size=0, kernel_obj=0x7fbf2fd1dd40, kernarg_address=0x7fbf1ca00100, completion_signal=0x0, correlation_id=0, rptr=95, wptr=95
:3:hip_memory.cpp           :3477: 4393575006724 us: [pid:4164447 tid: 0x7fbf38fc0200] hipMemset: Returned hipSuccess : 
:3:hip_device_runtime.cpp   :641 : 4393575006729 us: [pid:4164447 tid: 0x7fbf38fc0200] [32m hipDeviceSynchronize (  ) [0m
:4:commandqueue.cpp         :161 : 4393575006734 us: [pid:4164447 tid: 0x7fbf38fc0200] Marker queued to ensure finish
:4:command.cpp              :359 : 4393575006738 us: [pid:4164447 tid: 0x7fbf38fc0200] Command (InternalMarker) enqueued: 0x19fabba0
:3:rocvirtual.cpp           :533 : 4393575006753 us: [pid:4164447 tid: 0x7fbf38fc0200] Set Handler: handle(0x7fbf2fbfca00), timestamp(0x1a588c00)
:4:rocvirtual.cpp           :1147: 4393575006761 us: [pid:4164447 tid: 0x7fbf38fc0200] SWq=0x7fbf2fd32000, HWq=0x7fbf1cc00000, id=1, BarrierAND Header = 0x1503 (type=3, barrier=1, acquire=2, release=2), dep_signal=[0x0, 0x0, 0x0, 0x0, 0x0], completion_signal=0x7fbf2fbfca00
:3:rocvirtual.hpp           :56  : 4393575006771 us: [pid:4164447 tid: 0x7fbf38fc0200] Host active wait for Signal = (0x7fbf2fbfca00) for -1 ns
:4:commandqueue.cpp         :184 : 4393575006805 us: [pid:4164447 tid: 0x7fbf38fc0200] All commands finished
:3:hip_device_runtime.cpp   :645 : 4393575006812 us: [pid:4164447 tid: 0x7fbf38fc0200] hipDeviceSynchronize: Returned hipSuccess : 
:3:rocvirtual.cpp           :226 : 4393575006806 us: [pid:4164447 tid: 0x7fbdffbff6c0] Handler: value(0), timestamp(0x1a57c970), handle(0x7fbf2fbfca00)
:4:command.cpp              :169 : 4393575006834 us: [pid:4164447 tid: 0x7fbdffbff6c0] Command 0x1a663f40 complete
:3:hip_platform.cpp         :237 : 4393575006823 us: [pid:4164447 tid: 0x7fbf38fc0200] [32m __hipPushCallConfiguration ( {8,1,1}, {256,1,1}, 0, stream:<null> ) [0m
:3:hip_platform.cpp         :241 : 4393575006853 us: [pid:4164447 tid: 0x7fbf38fc0200] __hipPushCallConfiguration: Returned hipSuccess : 
:3:hip_platform.cpp         :246 : 4393575006864 us: [pid:4164447 tid: 0x7fbf38fc0200] [32m __hipPopCallConfiguration ( {1131604050,32703,256}, {2118224,0,2169324560}, 0x7ffc814d4160, 0x7ffc814d4158 ) [0m
:3:hip_platform.cpp         :255 : 4393575006873 us: [pid:4164447 tid: 0x7fbf38fc0200] __hipPopCallConfiguration: Returned hipSuccess : 
:4:command.cpp              :163 : 4393575006842 us: [pid:4164447 tid: 0x7fbdffbff6c0] Command 0x19fabba0 complete (Wall: 4393575006841, CPU: 0, GPU: 92 us)
:3:hip_module.cpp           :744 : 4393575006885 us: [pid:4164447 tid: 0x7fbf38fc0200] [32m hipLaunchKernel ( 0x200fe8, {8,1,1}, {256,1,1}, 0x7ffc814d4110, 0, stream:<null> ) [0m
:4:command.cpp              :359 : 4393575006911 us: [pid:4164447 tid: 0x7fbf38fc0200] Command (KernelExecution) enqueued: 0x1a61e850
:3:rocvirtual.cpp           :762 : 4393575006920 us: [pid:4164447 tid: 0x7fbf38fc0200] Arg0:   = ptr:0x7fbdba000000
:3:rocvirtual.cpp           :778 : 4393575006925 us: [pid:4164447 tid: 0x7fbf38fc0200] Arg0:   = ptr:0x7fbdba000000 obj:[0x7fbdba000000-0x7fbdbee20000]
:3:rocvirtual.cpp           :762 : 4393575006932 us: [pid:4164447 tid: 0x7fbf38fc0200] Arg1:   = ptr:0x7fbded427000
:3:rocvirtual.cpp           :778 : 4393575006937 us: [pid:4164447 tid: 0x7fbf38fc0200] Arg1:   = ptr:0x7fbded427000 obj:[0x7fbded427000-0x7fbded437000]
:3:rocvirtual.cpp           :762 : 4393575006945 us: [pid:4164447 tid: 0x7fbf38fc0200] Arg2:   = ptr:0x7fbdb4e00000
:3:rocvirtual.cpp           :778 : 4393575006949 us: [pid:4164447 tid: 0x7fbf38fc0200] Arg2:   = ptr:0x7fbdb4e00000 obj:[0x7fbdb4e00000-0x7fbdb9c20000]
:3:rocvirtual.cpp           :853 : 4393575006957 us: [pid:4164447 tid: 0x7fbf38fc0200] Arg3:   = val:2048
:3:rocvirtual.cpp           :762 : 4393575006961 us: [pid:4164447 tid: 0x7fbf38fc0200] Arg4:   = ptr:0x7fbded400000
:3:rocvirtual.cpp           :778 : 4393575006966 us: [pid:4164447 tid: 0x7fbf38fc0200] Arg4:   = ptr:0x7fbded400000 obj:[0x7fbded400000-0x7fbded400024]
:3:rocvirtual.cpp           :3236: 4393575006973 us: [pid:4164447 tid: 0x7fbf38fc0200] ShaderName : void dense_esuhm3<float>(float const*, float const*, float*, int, int const*)
:3:rocvirtual.cpp           :3449: 4393575006981 us: [pid:4164447 tid: 0x7fbf38fc0200] KernargSegmentByteSize = 296 KernargSegmentAlignment = 128
:4:rocvirtual.cpp           :965 : 4393575006990 us: [pid:4164447 tid: 0x7fbf38fc0200] SWq=0x7fbf2fd32000, HWq=0x7fbf1cc00000, id=1, Dispatch Header = 0xb02 (type=2, barrier=1, acquire=1, release=1), setup=3, grid=[2048, 1, 1], workgroup=[256, 1, 1], private_seg_size=140, group_seg_size=0, kernel_obj=0x7fbf2fcf1a00, kernarg_address=0x7fbf1ca00280, completion_signal=0x0, correlation_id=0, rptr=97, wptr=97
:3:hip_module.cpp           :745 : 4393575007007 us: [pid:4164447 tid: 0x7fbf38fc0200] hipLaunchKernel: Returned hipSuccess : : duration: 122 us
:3:hip_device_runtime.cpp   :641 : 4393575007015 us: [pid:4164447 tid: 0x7fbf38fc0200] [32m hipDeviceSynchronize (  ) [0m
:4:commandqueue.cpp         :161 : 4393575007020 us: [pid:4164447 tid: 0x7fbf38fc0200] Marker queued to ensure finish
:4:command.cpp              :359 : 4393575007024 us: [pid:4164447 tid: 0x7fbf38fc0200] Command (InternalMarker) enqueued: 0x19fabba0
:3:rocvirtual.cpp           :533 : 4393575007040 us: [pid:4164447 tid: 0x7fbf38fc0200] Set Handler: handle(0x7fbf2fbfcb00), timestamp(0x1a5888d0)
:4:rocvirtual.cpp           :1147: 4393575007502 us: [pid:4164447 tid: 0x7fbf38fc0200] SWq=0x7fbf2fd32000, HWq=0x7fbf1cc00000, id=1, BarrierAND Header = 0x1503 (type=3, barrier=1, acquire=2, release=2), dep_signal=[0x0, 0x0, 0x0, 0x0, 0x0], completion_signal=0x7fbf2fbfcb00
:3:rocvirtual.hpp           :56  : 4393575007513 us: [pid:4164447 tid: 0x7fbf38fc0200] Host active wait for Signal = (0x7fbf2fbfcb00) for -1 ns
:4:commandqueue.cpp         :184 : 4393575012250 us: [pid:4164447 tid: 0x7fbf38fc0200] All commands finished
:3:hip_device_runtime.cpp   :645 : 4393575012260 us: [pid:4164447 tid: 0x7fbf38fc0200] hipDeviceSynchronize: Returned hipSuccess : 
:3:hip_memory.cpp           :795 : 4393575012274 us: [pid:4164447 tid: 0x7fbf38fc0200] [32m hipMemcpy ( 0x7fbdcb19d010, 0x7fbdb4e00000, 81920000, hipMemcpyDeviceToHost ) [0m
:3:rocvirtual.cpp           :226 : 4393575012254 us: [pid:4164447 tid: 0x7fbdffbff6c0] Handler: value(0), timestamp(0x1a57c720), handle(0x7fbf2fbfcb00)
:4:command.cpp              :169 : 4393575012300 us: [pid:4164447 tid: 0x7fbdffbff6c0] Command 0x1a61e850 complete
:4:command.cpp              :359 : 4393575012286 us: [pid:4164447 tid: 0x7fbf38fc0200] Command (CopyDeviceToHost) enqueued: 0x1a663f40
:4:command.cpp              :163 : 4393575012309 us: [pid:4164447 tid: 0x7fbdffbff6c0] Command 0x19fabba0 complete (Wall: 4393575012307, CPU: 0, GPU: 5273 us)
:4:rocblit.cpp              :1673: 4393575012321 us: [pid:4164447 tid: 0x7fbf38fc0200] Unpinned read path, Async = 0
:4:rocmemory.cpp            :1018: 4393575012348 us: [pid:4164447 tid: 0x7fbf38fc0200] Locking to pool 0x19dc9ed0, size 0x2001000, HostPtr = 0x7fbdcb19d000, DevPtr = 0x7fbdcb19d000
:4:rocblit.cpp              :623 : 4393575012356 us: [pid:4164447 tid: 0x7fbf38fc0200] HSA Copy Using Pinned resource size 33554432
:4:rocblit.cpp              :687 : 4393575012365 us: [pid:4164447 tid: 0x7fbf38fc0200] HSA Async Copy staged D2H
:4:rocblit.cpp              :503 : 4393575012981 us: [pid:4164447 tid: 0x7fbf38fc0200] Last copy mask 0x0
:4:rocblit.cpp              :509 : 4393575012986 us: [pid:4164447 tid: 0x7fbf38fc0200] Query copy engine status 0, free_engine mask 0x1e
:4:rocblit.cpp              :520 : 4393575012994 us: [pid:4164447 tid: 0x7fbf38fc0200] HSA Async Copy on copy_engine=0x2, dst=0x7fbdcb19d010, src=0x7fbdb4e00000, size=33554432, forceSDMA=0, wait_event=0x0, completion_signal=0x7fbf2fbfe980
:4:rocvirtual.cpp           :622 : 4393575013003 us: [pid:4164447 tid: 0x7fbf38fc0200] Host wait on completion_signal=0x7fbf2fbfe980
:3:rocvirtual.hpp           :56  : 4393575013010 us: [pid:4164447 tid: 0x7fbf38fc0200] Host active wait for Signal = (0x7fbf2fbfe980) for -1 ns
:4:rocmemory.cpp            :1018: 4393575014207 us: [pid:4164447 tid: 0x7fbf38fc0200] Locking to pool 0x19dc9ed0, size 0x2001000, HostPtr = 0x7fbdcd19d000, DevPtr = 0x7fbdcd19d000
:4:rocblit.cpp              :623 : 4393575014217 us: [pid:4164447 tid: 0x7fbf38fc0200] HSA Copy Using Pinned resource size 33554432
:4:rocblit.cpp              :687 : 4393575014224 us: [pid:4164447 tid: 0x7fbf38fc0200] HSA Async Copy staged D2H
:4:rocblit.cpp              :503 : 4393575014229 us: [pid:4164447 tid: 0x7fbf38fc0200] Last copy mask 0x2
:4:rocblit.cpp              :520 : 4393575014234 us: [pid:4164447 tid: 0x7fbf38fc0200] HSA Async Copy on copy_engine=0x2, dst=0x7fbdcd19d010, src=0x7fbdb6e00000, size=33554432, forceSDMA=0, wait_event=0x0, completion_signal=0x7fbf2fbfde00
:4:rocvirtual.cpp           :622 : 4393575014244 us: [pid:4164447 tid: 0x7fbf38fc0200] Host wait on completion_signal=0x7fbf2fbfde00
:3:rocvirtual.hpp           :56  : 4393575014252 us: [pid:4164447 tid: 0x7fbf38fc0200] Host active wait for Signal = (0x7fbf2fbfde00) for -1 ns
:4:rocmemory.cpp            :1018: 4393575015445 us: [pid:4164447 tid: 0x7fbf38fc0200] Locking to pool 0x19dc9ed0, size 0xe21000, HostPtr = 0x7fbdcf19d000, DevPtr = 0x7fbdcf19d000
:4:rocblit.cpp              :623 : 4393575015456 us: [pid:4164447 tid: 0x7fbf38fc0200] HSA Copy Using Pinned resource size 14811136
:4:rocblit.cpp              :687 : 4393575015464 us: [pid:4164447 tid: 0x7fbf38fc0200] HSA Async Copy staged D2H
:4:rocblit.cpp              :503 : 4393575015469 us: [pid:4164447 tid: 0x7fbf38fc0200] Last copy mask 0x2
:4:rocblit.cpp              :520 : 4393575015473 us: [pid:4164447 tid: 0x7fbf38fc0200] HSA Async Copy on copy_engine=0x2, dst=0x7fbdcf19d010, src=0x7fbdb8e00000, size=14811136, forceSDMA=0, wait_event=0x0, completion_signal=0x7fbf2fbfde80
:4:rocvirtual.cpp           :622 : 4393575015481 us: [pid:4164447 tid: 0x7fbf38fc0200] Host wait on completion_signal=0x7fbf2fbfde80
:3:rocvirtual.hpp           :56  : 4393575015488 us: [pid:4164447 tid: 0x7fbf38fc0200] Host active wait for Signal = (0x7fbf2fbfde80) for -1 ns
:4:commandqueue.cpp         :161 : 4393575016017 us: [pid:4164447 tid: 0x7fbf38fc0200] Marker queued to ensure finish
:4:command.cpp              :359 : 4393575016024 us: [pid:4164447 tid: 0x7fbf38fc0200] Command (InternalMarker) enqueued: 0x19fabba0
:3:rocvirtual.cpp           :533 : 4393575016036 us: [pid:4164447 tid: 0x7fbf38fc0200] Set Handler: handle(0x7fbf2fbfc880), timestamp(0x1a895370)
:4:rocvirtual.cpp           :1147: 4393575016044 us: [pid:4164447 tid: 0x7fbf38fc0200] SWq=0x7fbf2fd32000, HWq=0x7fbf1cc00000, id=1, BarrierAND Header = 0x1503 (type=3, barrier=1, acquire=2, release=2), dep_signal=[0x0, 0x0, 0x0, 0x0, 0x0], completion_signal=0x7fbf2fbfc880
:3:rocvirtual.hpp           :56  : 4393575016055 us: [pid:4164447 tid: 0x7fbf38fc0200] Host active wait for Signal = (0x7fbf2fbfc880) for -1 ns
:4:commandqueue.cpp         :184 : 4393575016065 us: [pid:4164447 tid: 0x7fbf38fc0200] All commands finished
:3:hip_memory.cpp           :796 : 4393575016071 us: [pid:4164447 tid: 0x7fbf38fc0200] hipMemcpy: Returned hipSuccess : : duration: 3797 us
:3:rocvirtual.cpp           :226 : 4393575016060 us: [pid:4164447 tid: 0x7fbdffbff6c0] Handler: value(0), timestamp(0x1a57c720), handle(0x7fbf2fbfc880)
:4:command.cpp              :169 : 4393575016441 us: [pid:4164447 tid: 0x7fbdffbff6c0] Command 0x1a663f40 complete
:4:command.cpp              :163 : 4393575016449 us: [pid:4164447 tid: 0x7fbdffbff6c0] Command 0x19fabba0 complete (Wall: 4393575016447, CPU: 0, GPU: 416 us)
:3:hip_memory.cpp           :3476: 4393575233477 us: [pid:4164447 tid: 0x7fbf38fc0200] [32m hipMemset ( 0x7fbdb4e00000, 0, 81920000 ) [0m
:4:command.cpp              :359 : 4393575233516 us: [pid:4164447 tid: 0x7fbf38fc0200] Command (FillBuffer) enqueued: 0x1a663f40
:3:rocvirtual.cpp           :762 : 4393575233532 us: [pid:4164447 tid: 0x7fbf38fc0200] Arg0: void* buf = ptr:0x7fbdb4e00000
:3:rocvirtual.cpp           :778 : 4393575233537 us: [pid:4164447 tid: 0x7fbf38fc0200] Arg0: void* buf = ptr:0x7fbdb4e00000 obj:[0x7fbdb4e00000-0x7fbdb9c20000]
:3:rocvirtual.cpp           :762 : 4393575233545 us: [pid:4164447 tid: 0x7fbf38fc0200] Arg1: uchar* pattern = ptr:0x7fbf1ca00000
:3:rocvirtual.cpp           :853 : 4393575233553 us: [pid:4164447 tid: 0x7fbf38fc0200] Arg2: uint pattern_size = val:1
:3:rocvirtual.cpp           :853 : 4393575233557 us: [pid:4164447 tid: 0x7fbf38fc0200] Arg3: uint alignment = val:16
:3:rocvirtual.cpp           :853 : 4393575233562 us: [pid:4164447 tid: 0x7fbf38fc0200] Arg4: ulong end_ptr = val:140452842045440
:3:rocvirtual.cpp           :853 : 4393575233570 us: [pid:4164447 tid: 0x7fbf38fc0200] Arg5: uint next_chunk = val:26624
:3:rocvirtual.cpp           :3236: 4393575233575 us: [pid:4164447 tid: 0x7fbf38fc0200] ShaderName : __amd_rocclr_fillBufferAligned
:3:rocvirtual.cpp           :3449: 4393575233588 us: [pid:4164447 tid: 0x7fbf38fc0200] KernargSegmentByteSize = 296 KernargSegmentAlignment = 128
:4:rocvirtual.cpp           :965 : 4393575233600 us: [pid:4164447 tid: 0x7fbf38fc0200] SWq=0x7fbf2fd32000, HWq=0x7fbf1cc00000, id=1, Dispatch Header = 0x1502 (type=2, barrier=1, acquire=2, release=2), setup=1, grid=[26624, 1, 1], workgroup=[256, 1, 1], private_seg_size=0, group_seg_size=0, kernel_obj=0x7fbf2fd1dd40, kernarg_address=0x7fbf1ca00100, completion_signal=0x0, correlation_id=0, rptr=100, wptr=100
:3:hip_memory.cpp           :3477: 4393575233615 us: [pid:4164447 tid: 0x7fbf38fc0200] hipMemset: Returned hipSuccess : 
:3:hip_device_runtime.cpp   :641 : 4393575233621 us: [pid:4164447 tid: 0x7fbf38fc0200] [32m hipDeviceSynchronize (  ) [0m
:4:commandqueue.cpp         :161 : 4393575233627 us: [pid:4164447 tid: 0x7fbf38fc0200] Marker queued to ensure finish
:4:command.cpp              :359 : 4393575233632 us: [pid:4164447 tid: 0x7fbf38fc0200] Command (InternalMarker) enqueued: 0x19fabba0
:3:rocvirtual.cpp           :533 : 4393575233652 us: [pid:4164447 tid: 0x7fbf38fc0200] Set Handler: handle(0x7fbf2fbfc800), timestamp(0x1a8954a0)
:4:rocvirtual.cpp           :1147: 4393575235410 us: [pid:4164447 tid: 0x7fbf38fc0200] SWq=0x7fbf2fd32000, HWq=0x7fbf1cc00000, id=1, BarrierAND Header = 0x1503 (type=3, barrier=1, acquire=2, release=2), dep_signal=[0x0, 0x0, 0x0, 0x0, 0x0], completion_signal=0x7fbf2fbfc800
:4:commandqueue.cpp         :184 : 4393575235424 us: [pid:4164447 tid: 0x7fbf38fc0200] All commands finished
:3:hip_device_runtime.cpp   :645 : 4393575235432 us: [pid:4164447 tid: 0x7fbf38fc0200] hipDeviceSynchronize: Returned hipSuccess : 
:3:rocvirtual.cpp           :226 : 4393575235437 us: [pid:4164447 tid: 0x7fbdffbff6c0] Handler: value(0), timestamp(0x1a8952c0), handle(0x7fbf2fbfc800)
:3:hip_platform.cpp         :237 : 4393575235453 us: [pid:4164447 tid: 0x7fbf38fc0200] [32m __hipPushCallConfiguration ( {8,1,1}, {512,1,1}, 0, stream:<null> ) [0m
:3:hip_platform.cpp         :241 : 4393575235489 us: [pid:4164447 tid: 0x7fbf38fc0200] __hipPushCallConfiguration: Returned hipSuccess : 
:4:command.cpp              :169 : 4393575235476 us: [pid:4164447 tid: 0x7fbdffbff6c0] Command 0x1a663f40 complete
:3:hip_platform.cpp         :246 : 4393575235504 us: [pid:4164447 tid: 0x7fbf38fc0200] [32m __hipPopCallConfiguration ( {1131604050,32703,512}, {2118224,0,2169324560}, 0x7ffc814d4160, 0x7ffc814d4158 ) [0m
:3:hip_platform.cpp         :255 : 4393575235891 us: [pid:4164447 tid: 0x7fbf38fc0200] __hipPopCallConfiguration: Returned hipSuccess : 
:4:command.cpp              :163 : 4393575235518 us: [pid:4164447 tid: 0x7fbdffbff6c0] Command 0x19fabba0 complete (Wall: 4393575235515, CPU: 0, GPU: 1876 us)
:3:hip_module.cpp           :744 : 4393575235908 us: [pid:4164447 tid: 0x7fbf38fc0200] [32m hipLaunchKernel ( 0x200fd8, {8,1,1}, {512,1,1}, 0x7ffc814d4110, 0, stream:<null> ) [0m
:4:command.cpp              :359 : 4393575235950 us: [pid:4164447 tid: 0x7fbf38fc0200] Command (KernelExecution) enqueued: 0x1a61e850
:3:rocvirtual.cpp           :762 : 4393575235962 us: [pid:4164447 tid: 0x7fbf38fc0200] Arg0:   = ptr:0x7fbdba000000
:3:rocvirtual.cpp           :778 : 4393575235968 us: [pid:4164447 tid: 0x7fbf38fc0200] Arg0:   = ptr:0x7fbdba000000 obj:[0x7fbdba000000-0x7fbdbee20000]
:3:rocvirtual.cpp           :762 : 4393575235978 us: [pid:4164447 tid: 0x7fbf38fc0200] Arg1:   = ptr:0x7fbded427000
:3:rocvirtual.cpp           :778 : 4393575235984 us: [pid:4164447 tid: 0x7fbf38fc0200] Arg1:   = ptr:0x7fbded427000 obj:[0x7fbded427000-0x7fbded437000]
:3:rocvirtual.cpp           :762 : 4393575235993 us: [pid:4164447 tid: 0x7fbf38fc0200] Arg2:   = ptr:0x7fbdb4e00000
:3:rocvirtual.cpp           :778 : 4393575235999 us: [pid:4164447 tid: 0x7fbf38fc0200] Arg2:   = ptr:0x7fbdb4e00000 obj:[0x7fbdb4e00000-0x7fbdb9c20000]
:3:rocvirtual.cpp           :853 : 4393575236416 us: [pid:4164447 tid: 0x7fbf38fc0200] Arg3:   = val:2048
:3:rocvirtual.cpp           :762 : 4393575236421 us: [pid:4164447 tid: 0x7fbf38fc0200] Arg4:   = ptr:0x7fbded400000
:3:rocvirtual.cpp           :778 : 4393575236428 us: [pid:4164447 tid: 0x7fbf38fc0200] Arg4:   = ptr:0x7fbded400000 obj:[0x7fbded400000-0x7fbded400024]
:3:rocvirtual.cpp           :3236: 4393575236436 us: [pid:4164447 tid: 0x7fbf38fc0200] ShaderName : void dense_esuhm<float>(float const*, float const*, float*, int, int const*)
:3:rocvirtual.cpp           :3449: 4393575236445 us: [pid:4164447 tid: 0x7fbf38fc0200] KernargSegmentByteSize = 296 KernargSegmentAlignment = 128
:4:rocvirtual.cpp           :965 : 4393575236454 us: [pid:4164447 tid: 0x7fbf38fc0200] SWq=0x7fbf2fd32000, HWq=0x7fbf1cc00000, id=1, Dispatch Header = 0xb02 (type=2, barrier=1, acquire=1, release=1), setup=3, grid=[4096, 1, 1], workgroup=[512, 1, 1], private_seg_size=140, group_seg_size=0, kernel_obj=0x7fbf2fcf1980, kernarg_address=0x7fbf1ca00280, completion_signal=0x0, correlation_id=0, rptr=102, wptr=102
:3:hip_module.cpp           :745 : 4393575236468 us: [pid:4164447 tid: 0x7fbf38fc0200] hipLaunchKernel: Returned hipSuccess : : duration: 560 us
:3:hip_device_runtime.cpp   :641 : 4393575236476 us: [pid:4164447 tid: 0x7fbf38fc0200] [32m hipDeviceSynchronize (  ) [0m
:4:commandqueue.cpp         :161 : 4393575236481 us: [pid:4164447 tid: 0x7fbf38fc0200] Marker queued to ensure finish
:4:command.cpp              :359 : 4393575236485 us: [pid:4164447 tid: 0x7fbf38fc0200] Command (InternalMarker) enqueued: 0x19fabba0
:3:rocvirtual.cpp           :533 : 4393575236498 us: [pid:4164447 tid: 0x7fbf38fc0200] Set Handler: handle(0x7fbf2fbfc780), timestamp(0x1a895040)
:4:rocvirtual.cpp           :1147: 4393575236506 us: [pid:4164447 tid: 0x7fbf38fc0200] SWq=0x7fbf2fd32000, HWq=0x7fbf1cc00000, id=1, BarrierAND Header = 0x1503 (type=3, barrier=1, acquire=2, release=2), dep_signal=[0x0, 0x0, 0x0, 0x0, 0x0], completion_signal=0x7fbf2fbfc780
:3:rocvirtual.hpp           :56  : 4393575236517 us: [pid:4164447 tid: 0x7fbf38fc0200] Host active wait for Signal = (0x7fbf2fbfc780) for -1 ns
:4:commandqueue.cpp         :184 : 4393575236573 us: [pid:4164447 tid: 0x7fbf38fc0200] All commands finished
:3:hip_device_runtime.cpp   :645 : 4393575236985 us: [pid:4164447 tid: 0x7fbf38fc0200] hipDeviceSynchronize: Returned hipSuccess : 
:3:rocvirtual.cpp           :226 : 4393575236576 us: [pid:4164447 tid: 0x7fbdffbff6c0] Handler: value(0), timestamp(0x1a894fd0), handle(0x7fbf2fbfc780)
:4:command.cpp              :169 : 4393575237014 us: [pid:4164447 tid: 0x7fbdffbff6c0] Command 0x1a61e850 complete
:3:hip_memory.cpp           :795 : 4393575237000 us: [pid:4164447 tid: 0x7fbf38fc0200] [32m hipMemcpy ( 0x7fbdd4ddf010, 0x7fbdb4e00000, 81920000, hipMemcpyDeviceToHost ) [0m
:4:command.cpp              :163 : 4393575237023 us: [pid:4164447 tid: 0x7fbdffbff6c0] Command 0x19fabba0 complete (Wall: 4393575237021, CPU: 0, GPU: 529 us)
:4:command.cpp              :359 : 4393575237039 us: [pid:4164447 tid: 0x7fbf38fc0200] Command (CopyDeviceToHost) enqueued: 0x1a61e850
:4:rocblit.cpp              :1673: 4393575237059 us: [pid:4164447 tid: 0x7fbf38fc0200] Unpinned read path, Async = 0
:4:rocmemory.cpp            :1018: 4393575237081 us: [pid:4164447 tid: 0x7fbf38fc0200] Locking to pool 0x19dc9ed0, size 0x2001000, HostPtr = 0x7fbdd4ddf000, DevPtr = 0x7fbdd4ddf000
:4:rocblit.cpp              :623 : 4393575237089 us: [pid:4164447 tid: 0x7fbf38fc0200] HSA Copy Using Pinned resource size 33554432
:4:rocblit.cpp              :687 : 4393575237583 us: [pid:4164447 tid: 0x7fbf38fc0200] HSA Async Copy staged D2H
:4:rocblit.cpp              :503 : 4393575237589 us: [pid:4164447 tid: 0x7fbf38fc0200] Last copy mask 0x0
:4:rocblit.cpp              :509 : 4393575237597 us: [pid:4164447 tid: 0x7fbf38fc0200] Query copy engine status 0, free_engine mask 0x1e
:4:rocblit.cpp              :520 : 4393575237605 us: [pid:4164447 tid: 0x7fbf38fc0200] HSA Async Copy on copy_engine=0x2, dst=0x7fbdd4ddf010, src=0x7fbdb4e00000, size=33554432, forceSDMA=0, wait_event=0x0, completion_signal=0x7fbf2fbfe780
:4:rocvirtual.cpp           :622 : 4393575237615 us: [pid:4164447 tid: 0x7fbf38fc0200] Host wait on completion_signal=0x7fbf2fbfe780
:3:rocvirtual.hpp           :56  : 4393575237627 us: [pid:4164447 tid: 0x7fbf38fc0200] Host active wait for Signal = (0x7fbf2fbfe780) for -1 ns
:4:rocmemory.cpp            :1018: 4393575248545 us: [pid:4164447 tid: 0x7fbf38fc0200] Locking to pool 0x19dc9ed0, size 0x2001000, HostPtr = 0x7fbdd6ddf000, DevPtr = 0x7fbdd6ddf000
:4:rocblit.cpp              :623 : 4393575248557 us: [pid:4164447 tid: 0x7fbf38fc0200] HSA Copy Using Pinned resource size 33554432
:4:rocblit.cpp              :687 : 4393575248565 us: [pid:4164447 tid: 0x7fbf38fc0200] HSA Async Copy staged D2H
:4:rocblit.cpp              :503 : 4393575248570 us: [pid:4164447 tid: 0x7fbf38fc0200] Last copy mask 0x2
:4:rocblit.cpp              :520 : 4393575248575 us: [pid:4164447 tid: 0x7fbf38fc0200] HSA Async Copy on copy_engine=0x2, dst=0x7fbdd6ddf010, src=0x7fbdb6e00000, size=33554432, forceSDMA=0, wait_event=0x0, completion_signal=0x7fbf2fbfe580
:4:rocvirtual.cpp           :622 : 4393575248584 us: [pid:4164447 tid: 0x7fbf38fc0200] Host wait on completion_signal=0x7fbf2fbfe580
:3:rocvirtual.hpp           :56  : 4393575248591 us: [pid:4164447 tid: 0x7fbf38fc0200] Host active wait for Signal = (0x7fbf2fbfe580) for -1 ns
:4:rocmemory.cpp            :1018: 4393575249785 us: [pid:4164447 tid: 0x7fbf38fc0200] Locking to pool 0x19dc9ed0, size 0xe21000, HostPtr = 0x7fbdd8ddf000, DevPtr = 0x7fbdd8ddf000
:4:rocblit.cpp              :623 : 4393575249795 us: [pid:4164447 tid: 0x7fbf38fc0200] HSA Copy Using Pinned resource size 14811136
:4:rocblit.cpp              :687 : 4393575249802 us: [pid:4164447 tid: 0x7fbf38fc0200] HSA Async Copy staged D2H
:4:rocblit.cpp              :503 : 4393575249808 us: [pid:4164447 tid: 0x7fbf38fc0200] Last copy mask 0x2
:4:rocblit.cpp              :520 : 4393575249812 us: [pid:4164447 tid: 0x7fbf38fc0200] HSA Async Copy on copy_engine=0x2, dst=0x7fbdd8ddf010, src=0x7fbdb8e00000, size=14811136, forceSDMA=0, wait_event=0x0, completion_signal=0x7fbf2fbfdf00
:4:rocvirtual.cpp           :622 : 4393575249820 us: [pid:4164447 tid: 0x7fbf38fc0200] Host wait on completion_signal=0x7fbf2fbfdf00
:3:rocvirtual.hpp           :56  : 4393575249827 us: [pid:4164447 tid: 0x7fbf38fc0200] Host active wait for Signal = (0x7fbf2fbfdf00) for -1 ns
:4:commandqueue.cpp         :161 : 4393575250355 us: [pid:4164447 tid: 0x7fbf38fc0200] Marker queued to ensure finish
:4:command.cpp              :359 : 4393575250431 us: [pid:4164447 tid: 0x7fbf38fc0200] Command (InternalMarker) enqueued: 0x19fabba0
:3:rocvirtual.cpp           :533 : 4393575250445 us: [pid:4164447 tid: 0x7fbf38fc0200] Set Handler: handle(0x7fbf2fbfc600), timestamp(0x1a71ce10)
:4:rocvirtual.cpp           :1147: 4393575250453 us: [pid:4164447 tid: 0x7fbf38fc0200] SWq=0x7fbf2fd32000, HWq=0x7fbf1cc00000, id=1, BarrierAND Header = 0x1503 (type=3, barrier=1, acquire=2, release=2), dep_signal=[0x0, 0x0, 0x0, 0x0, 0x0], completion_signal=0x7fbf2fbfc600
:4:commandqueue.cpp         :184 : 4393575250464 us: [pid:4164447 tid: 0x7fbf38fc0200] All commands finished
:3:hip_memory.cpp           :796 : 4393575250469 us: [pid:4164447 tid: 0x7fbf38fc0200] hipMemcpy: Returned hipSuccess : : duration: 13469 us
:3:hip_memory.cpp           :3476: 4393575250501 us: [pid:4164447 tid: 0x7fbf38fc0200] [32m hipMemset ( 0x7fbdb4e00000, 0, 81920000 ) [0m
:4:command.cpp              :359 : 4393575250513 us: [pid:4164447 tid: 0x7fbf38fc0200] Command (FillBuffer) enqueued: 0x1a663f40
:3:rocvirtual.cpp           :762 : 4393575250524 us: [pid:4164447 tid: 0x7fbf38fc0200] Arg0: void* buf = ptr:0x7fbdb4e00000
:3:rocvirtual.cpp           :778 : 4393575250529 us: [pid:4164447 tid: 0x7fbf38fc0200] Arg0: void* buf = ptr:0x7fbdb4e00000 obj:[0x7fbdb4e00000-0x7fbdb9c20000]
:3:rocvirtual.cpp           :762 : 4393575250537 us: [pid:4164447 tid: 0x7fbf38fc0200] Arg1: uchar* pattern = ptr:0x7fbf1ca00000
:3:rocvirtual.cpp           :853 : 4393575250546 us: [pid:4164447 tid: 0x7fbf38fc0200] Arg2: uint pattern_size = val:1
:3:rocvirtual.cpp           :853 : 4393575250552 us: [pid:4164447 tid: 0x7fbf38fc0200] Arg3: uint alignment = val:16
:3:rocvirtual.cpp           :853 : 4393575250561 us: [pid:4164447 tid: 0x7fbf38fc0200] Arg4: ulong end_ptr = val:140452842045440
:3:rocvirtual.cpp           :226 : 4393575250471 us: [pid:4164447 tid: 0x7fbdffbff6c0] Handler: value(0), timestamp(0x1a894fd0), handle(0x7fbf2fbfc600)
:3:rocvirtual.cpp           :853 : 4393575250568 us: [pid:4164447 tid: 0x7fbf38fc0200] Arg5: uint next_chunk = val:26624
:3:rocvirtual.cpp           :3236: 4393575250597 us: [pid:4164447 tid: 0x7fbf38fc0200] ShaderName : __amd_rocclr_fillBufferAligned
:3:rocvirtual.cpp           :3449: 4393575251118 us: [pid:4164447 tid: 0x7fbf38fc0200] KernargSegmentByteSize = 296 KernargSegmentAlignment = 128
:4:rocvirtual.cpp           :965 : 4393575251129 us: [pid:4164447 tid: 0x7fbf38fc0200] SWq=0x7fbf2fd32000, HWq=0x7fbf1cc00000, id=1, Dispatch Header = 0x1502 (type=2, barrier=1, acquire=2, release=2), setup=1, grid=[26624, 1, 1], workgroup=[256, 1, 1], private_seg_size=0, group_seg_size=0, kernel_obj=0x7fbf2fd1dd40, kernarg_address=0x7fbf1ca00100, completion_signal=0x0, correlation_id=0, rptr=105, wptr=105
:3:hip_memory.cpp           :3477: 4393575251144 us: [pid:4164447 tid: 0x7fbf38fc0200] hipMemset: Returned hipSuccess : 
:3:hip_device_runtime.cpp   :641 : 4393575251149 us: [pid:4164447 tid: 0x7fbf38fc0200] [32m hipDeviceSynchronize (  ) [0m
:4:commandqueue.cpp         :161 : 4393575251178 us: [pid:4164447 tid: 0x7fbf38fc0200] Marker queued to ensure finish
:4:command.cpp              :359 : 4393575251184 us: [pid:4164447 tid: 0x7fbf38fc0200] Command (InternalMarker) enqueued: 0x1a664140
:4:command.cpp              :169 : 4393575250596 us: [pid:4164447 tid: 0x7fbdffbff6c0] Command 0x1a61e850 complete
:4:command.cpp              :163 : 4393575251210 us: [pid:4164447 tid: 0x7fbdffbff6c0] Command 0x19fabba0 complete (Wall: 4393575251207, CPU: 0, GPU: 768 us)
:3:rocvirtual.cpp           :533 : 4393575251196 us: [pid:4164447 tid: 0x7fbf38fc0200] Set Handler: handle(0x7fbf2fbfc580), timestamp(0x1a895650)
:4:rocvirtual.cpp           :1147: 4393575251248 us: [pid:4164447 tid: 0x7fbf38fc0200] SWq=0x7fbf2fd32000, HWq=0x7fbf1cc00000, id=1, BarrierAND Header = 0x1503 (type=3, barrier=1, acquire=2, release=2), dep_signal=[0x0, 0x0, 0x0, 0x0, 0x0], completion_signal=0x7fbf2fbfc580
:3:rocvirtual.cpp           :226 : 4393575251258 us: [pid:4164447 tid: 0x7fbdffbff6c0] Handler: value(0), timestamp(0x19f11b10), handle(0x7fbf2fbfc580)
:4:command.cpp              :169 : 4393575251268 us: [pid:4164447 tid: 0x7fbdffbff6c0] Command 0x1a663f40 complete
:4:command.cpp              :163 : 4393575251274 us: [pid:4164447 tid: 0x7fbdffbff6c0] Command 0x1a664140 complete (Wall: 4393575251272, CPU: 0, GPU: 80 us)
:4:commandqueue.cpp         :184 : 4393575251260 us: [pid:4164447 tid: 0x7fbf38fc0200] All commands finished
:3:hip_device_runtime.cpp   :645 : 4393575251289 us: [pid:4164447 tid: 0x7fbf38fc0200] hipDeviceSynchronize: Returned hipSuccess : 
:3:hip_platform.cpp         :237 : 4393575251300 us: [pid:4164447 tid: 0x7fbf38fc0200] [32m __hipPushCallConfiguration ( {8,1,1}, {512,1,1}, 0, stream:<null> ) [0m
:3:hip_platform.cpp         :241 : 4393575251308 us: [pid:4164447 tid: 0x7fbf38fc0200] __hipPushCallConfiguration: Returned hipSuccess : 
:3:hip_platform.cpp         :246 : 4393575251318 us: [pid:4164447 tid: 0x7fbf38fc0200] [32m __hipPopCallConfiguration ( {1131604050,32703,512}, {2118224,0,2169324560}, 0x7ffc814d4160, 0x7ffc814d4158 ) [0m
:3:hip_platform.cpp         :255 : 4393575251326 us: [pid:4164447 tid: 0x7fbf38fc0200] __hipPopCallConfiguration: Returned hipSuccess : 
:3:hip_module.cpp           :744 : 4393575251336 us: [pid:4164447 tid: 0x7fbf38fc0200] [32m hipLaunchKernel ( 0x200fe0, {8,1,1}, {512,1,1}, 0x7ffc814d4110, 0, stream:<null> ) [0m
:4:command.cpp              :359 : 4393575251797 us: [pid:4164447 tid: 0x7fbf38fc0200] Command (KernelExecution) enqueued: 0x1a61e850
:3:rocvirtual.cpp           :762 : 4393575251806 us: [pid:4164447 tid: 0x7fbf38fc0200] Arg0:   = ptr:0x7fbdba000000
:3:rocvirtual.cpp           :778 : 4393575251815 us: [pid:4164447 tid: 0x7fbf38fc0200] Arg0:   = ptr:0x7fbdba000000 obj:[0x7fbdba000000-0x7fbdbee20000]
:3:rocvirtual.cpp           :762 : 4393575251822 us: [pid:4164447 tid: 0x7fbf38fc0200] Arg1:   = ptr:0x7fbded427000
:3:rocvirtual.cpp           :778 : 4393575251827 us: [pid:4164447 tid: 0x7fbf38fc0200] Arg1:   = ptr:0x7fbded427000 obj:[0x7fbded427000-0x7fbded437000]
:3:rocvirtual.cpp           :762 : 4393575251834 us: [pid:4164447 tid: 0x7fbf38fc0200] Arg2:   = ptr:0x7fbdb4e00000
:3:rocvirtual.cpp           :778 : 4393575251839 us: [pid:4164447 tid: 0x7fbf38fc0200] Arg2:   = ptr:0x7fbdb4e00000 obj:[0x7fbdb4e00000-0x7fbdb9c20000]
:3:rocvirtual.cpp           :853 : 4393575251846 us: [pid:4164447 tid: 0x7fbf38fc0200] Arg3:   = val:2048
:3:rocvirtual.cpp           :762 : 4393575251851 us: [pid:4164447 tid: 0x7fbf38fc0200] Arg4:   = ptr:0x7fbded400000
:3:rocvirtual.cpp           :778 : 4393575251855 us: [pid:4164447 tid: 0x7fbf38fc0200] Arg4:   = ptr:0x7fbded400000 obj:[0x7fbded400000-0x7fbded400024]
:3:rocvirtual.cpp           :3236: 4393575251866 us: [pid:4164447 tid: 0x7fbf38fc0200] ShaderName : void dense_esuhm2<float>(float const*, float const*, float*, int, int const*)
:3:rocvirtual.cpp           :3449: 4393575251875 us: [pid:4164447 tid: 0x7fbf38fc0200] KernargSegmentByteSize = 296 KernargSegmentAlignment = 128
:4:rocvirtual.cpp           :965 : 4393575251884 us: [pid:4164447 tid: 0x7fbf38fc0200] SWq=0x7fbf2fd32000, HWq=0x7fbf1cc00000, id=1, Dispatch Header = 0xb02 (type=2, barrier=1, acquire=1, release=1), setup=3, grid=[4096, 1, 1], workgroup=[512, 1, 1], private_seg_size=140, group_seg_size=0, kernel_obj=0x7fbf2fcf19c0, kernarg_address=0x7fbf1ca00280, completion_signal=0x0, correlation_id=0, rptr=107, wptr=107
:3:hip_module.cpp           :745 : 4393575251899 us: [pid:4164447 tid: 0x7fbf38fc0200] hipLaunchKernel: Returned hipSuccess : : duration: 563 us
:3:hip_device_runtime.cpp   :641 : 4393575251907 us: [pid:4164447 tid: 0x7fbf38fc0200] [32m hipDeviceSynchronize (  ) [0m
:4:commandqueue.cpp         :161 : 4393575251912 us: [pid:4164447 tid: 0x7fbf38fc0200] Marker queued to ensure finish
:4:command.cpp              :359 : 4393575251917 us: [pid:4164447 tid: 0x7fbf38fc0200] Command (InternalMarker) enqueued: 0x1a664140
:3:rocvirtual.cpp           :533 : 4393575251948 us: [pid:4164447 tid: 0x7fbf38fc0200] Set Handler: handle(0x7fbf2fbfc680), timestamp(0x19f11a50)
:4:rocvirtual.cpp           :1147: 4393575251957 us: [pid:4164447 tid: 0x7fbf38fc0200] SWq=0x7fbf2fd32000, HWq=0x7fbf1cc00000, id=1, BarrierAND Header = 0x1503 (type=3, barrier=1, acquire=2, release=2), dep_signal=[0x0, 0x0, 0x0, 0x0, 0x0], completion_signal=0x7fbf2fbfc680
:3:rocvirtual.hpp           :56  : 4393575251967 us: [pid:4164447 tid: 0x7fbf38fc0200] Host active wait for Signal = (0x7fbf2fbfc680) for -1 ns
:3:rocvirtual.cpp           :226 : 4393575264740 us: [pid:4164447 tid: 0x7fbdffbff6c0] Handler: value(0), timestamp(0x19f11b80), handle(0x7fbf2fbfc680)
:4:command.cpp              :169 : 4393575264758 us: [pid:4164447 tid: 0x7fbdffbff6c0] Command 0x1a61e850 complete
:4:command.cpp              :163 : 4393575264765 us: [pid:4164447 tid: 0x7fbdffbff6c0] Command 0x1a664140 complete (Wall: 4393575264764, CPU: 0, GPU: 12826 us)
:4:commandqueue.cpp         :184 : 4393575264740 us: [pid:4164447 tid: 0x7fbf38fc0200] All commands finished
:3:hip_device_runtime.cpp   :645 : 4393575264789 us: [pid:4164447 tid: 0x7fbf38fc0200] hipDeviceSynchronize: Returned hipSuccess : 
:3:hip_memory.cpp           :795 : 4393575264804 us: [pid:4164447 tid: 0x7fbf38fc0200] [32m hipMemcpy ( 0x7fbdcffbe010, 0x7fbdb4e00000, 81920000, hipMemcpyDeviceToHost ) [0m
:4:command.cpp              :359 : 4393575264818 us: [pid:4164447 tid: 0x7fbf38fc0200] Command (CopyDeviceToHost) enqueued: 0x1a61e850
:4:rocblit.cpp              :1673: 4393575264828 us: [pid:4164447 tid: 0x7fbf38fc0200] Unpinned read path, Async = 0
:4:rocmemory.cpp            :1018: 4393575264849 us: [pid:4164447 tid: 0x7fbf38fc0200] Locking to pool 0x19dc9ed0, size 0x2001000, HostPtr = 0x7fbdcffbe000, DevPtr = 0x7fbdcffbe000
:4:rocblit.cpp              :623 : 4393575264866 us: [pid:4164447 tid: 0x7fbf38fc0200] HSA Copy Using Pinned resource size 33554432
:4:rocblit.cpp              :687 : 4393575265327 us: [pid:4164447 tid: 0x7fbf38fc0200] HSA Async Copy staged D2H
:4:rocblit.cpp              :503 : 4393575265333 us: [pid:4164447 tid: 0x7fbf38fc0200] Last copy mask 0x0
:4:rocblit.cpp              :509 : 4393575265340 us: [pid:4164447 tid: 0x7fbf38fc0200] Query copy engine status 0, free_engine mask 0x1e
:4:rocblit.cpp              :520 : 4393575265348 us: [pid:4164447 tid: 0x7fbf38fc0200] HSA Async Copy on copy_engine=0x2, dst=0x7fbdcffbe010, src=0x7fbdb4e00000, size=33554432, forceSDMA=0, wait_event=0x0, completion_signal=0x7fbf2fbfe380
:4:rocvirtual.cpp           :622 : 4393575265358 us: [pid:4164447 tid: 0x7fbf38fc0200] Host wait on completion_signal=0x7fbf2fbfe380
:3:rocvirtual.hpp           :56  : 4393575265366 us: [pid:4164447 tid: 0x7fbf38fc0200] Host active wait for Signal = (0x7fbf2fbfe380) for -1 ns
:4:rocmemory.cpp            :1018: 4393575266569 us: [pid:4164447 tid: 0x7fbf38fc0200] Locking to pool 0x19dc9ed0, size 0x2001000, HostPtr = 0x7fbdd1fbe000, DevPtr = 0x7fbdd1fbe000
:4:rocblit.cpp              :623 : 4393575266579 us: [pid:4164447 tid: 0x7fbf38fc0200] HSA Copy Using Pinned resource size 33554432
:4:rocblit.cpp              :687 : 4393575266587 us: [pid:4164447 tid: 0x7fbf38fc0200] HSA Async Copy staged D2H
:4:rocblit.cpp              :503 : 4393575266592 us: [pid:4164447 tid: 0x7fbf38fc0200] Last copy mask 0x2
:4:rocblit.cpp              :520 : 4393575266597 us: [pid:4164447 tid: 0x7fbf38fc0200] HSA Async Copy on copy_engine=0x2, dst=0x7fbdd1fbe010, src=0x7fbdb6e00000, size=33554432, forceSDMA=0, wait_event=0x0, completion_signal=0x7fbf2fbfe000
:4:rocvirtual.cpp           :622 : 4393575266605 us: [pid:4164447 tid: 0x7fbf38fc0200] Host wait on completion_signal=0x7fbf2fbfe000
:3:rocvirtual.hpp           :56  : 4393575266613 us: [pid:4164447 tid: 0x7fbf38fc0200] Host active wait for Signal = (0x7fbf2fbfe000) for -1 ns
:4:rocmemory.cpp            :1018: 4393575267806 us: [pid:4164447 tid: 0x7fbf38fc0200] Locking to pool 0x19dc9ed0, size 0xe21000, HostPtr = 0x7fbdd3fbe000, DevPtr = 0x7fbdd3fbe000
:4:rocblit.cpp              :623 : 4393575267816 us: [pid:4164447 tid: 0x7fbf38fc0200] HSA Copy Using Pinned resource size 14811136
:4:rocblit.cpp              :687 : 4393575267824 us: [pid:4164447 tid: 0x7fbf38fc0200] HSA Async Copy staged D2H
:4:rocblit.cpp              :503 : 4393575267828 us: [pid:4164447 tid: 0x7fbf38fc0200] Last copy mask 0x2
:4:rocblit.cpp              :520 : 4393575267833 us: [pid:4164447 tid: 0x7fbf38fc0200] HSA Async Copy on copy_engine=0x2, dst=0x7fbdd3fbe010, src=0x7fbdb8e00000, size=14811136, forceSDMA=0, wait_event=0x0, completion_signal=0x7fbf2fbfe080
:4:rocvirtual.cpp           :622 : 4393575267841 us: [pid:4164447 tid: 0x7fbf38fc0200] Host wait on completion_signal=0x7fbf2fbfe080
:3:rocvirtual.hpp           :56  : 4393575267848 us: [pid:4164447 tid: 0x7fbf38fc0200] Host active wait for Signal = (0x7fbf2fbfe080) for -1 ns
:4:commandqueue.cpp         :161 : 4393575268375 us: [pid:4164447 tid: 0x7fbf38fc0200] Marker queued to ensure finish
:4:command.cpp              :359 : 4393575268460 us: [pid:4164447 tid: 0x7fbf38fc0200] Command (InternalMarker) enqueued: 0x1a664140
:3:rocvirtual.cpp           :533 : 4393575268473 us: [pid:4164447 tid: 0x7fbf38fc0200] Set Handler: handle(0x7fbf2fbfc400), timestamp(0x1a62c380)
:4:rocvirtual.cpp           :1147: 4393575268484 us: [pid:4164447 tid: 0x7fbf38fc0200] SWq=0x7fbf2fd32000, HWq=0x7fbf1cc00000, id=1, BarrierAND Header = 0x1503 (type=3, barrier=1, acquire=2, release=2), dep_signal=[0x0, 0x0, 0x0, 0x0, 0x0], completion_signal=0x7fbf2fbfc400
:3:rocvirtual.hpp           :56  : 4393575268494 us: [pid:4164447 tid: 0x7fbf38fc0200] Host active wait for Signal = (0x7fbf2fbfc400) for -1 ns
:4:commandqueue.cpp         :184 : 4393575280189 us: [pid:4164447 tid: 0x7fbf38fc0200] All commands finished
:3:hip_memory.cpp           :796 : 4393575280202 us: [pid:4164447 tid: 0x7fbf38fc0200] hipMemcpy: Returned hipSuccess : : duration: 15398 us
:3:rocvirtual.cpp           :226 : 4393575280191 us: [pid:4164447 tid: 0x7fbdffbff6c0] Handler: value(0), timestamp(0x19f11b80), handle(0x7fbf2fbfc400)
:4:command.cpp              :169 : 4393575280223 us: [pid:4164447 tid: 0x7fbdffbff6c0] Command 0x1a61e850 complete
:4:command.cpp              :163 : 4393575280229 us: [pid:4164447 tid: 0x7fbdffbff6c0] Command 0x1a664140 complete (Wall: 4393575280228, CPU: 0, GPU: 11760 us)
:3:hip_memory.cpp           :3476: 4393575280214 us: [pid:4164447 tid: 0x7fbf38fc0200] [32m hipMemset ( 0x7fbdb4e00000, 0, 81920000 ) [0m
:4:command.cpp              :359 : 4393575280253 us: [pid:4164447 tid: 0x7fbf38fc0200] Command (FillBuffer) enqueued: 0x1a663f40
:3:rocvirtual.cpp           :762 : 4393575280265 us: [pid:4164447 tid: 0x7fbf38fc0200] Arg0: void* buf = ptr:0x7fbdb4e00000
:3:rocvirtual.cpp           :778 : 4393575280269 us: [pid:4164447 tid: 0x7fbf38fc0200] Arg0: void* buf = ptr:0x7fbdb4e00000 obj:[0x7fbdb4e00000-0x7fbdb9c20000]
:3:rocvirtual.cpp           :762 : 4393575280277 us: [pid:4164447 tid: 0x7fbf38fc0200] Arg1: uchar* pattern = ptr:0x7fbf1ca00000
:3:rocvirtual.cpp           :853 : 4393575280284 us: [pid:4164447 tid: 0x7fbf38fc0200] Arg2: uint pattern_size = val:1
:3:rocvirtual.cpp           :853 : 4393575280289 us: [pid:4164447 tid: 0x7fbf38fc0200] Arg3: uint alignment = val:16
:3:rocvirtual.cpp           :853 : 4393575280294 us: [pid:4164447 tid: 0x7fbf38fc0200] Arg4: ulong end_ptr = val:140452842045440
:3:rocvirtual.cpp           :853 : 4393575280301 us: [pid:4164447 tid: 0x7fbf38fc0200] Arg5: uint next_chunk = val:26624
:3:rocvirtual.cpp           :3236: 4393575280306 us: [pid:4164447 tid: 0x7fbf38fc0200] ShaderName : __amd_rocclr_fillBufferAligned
:3:rocvirtual.cpp           :3449: 4393575280742 us: [pid:4164447 tid: 0x7fbf38fc0200] KernargSegmentByteSize = 296 KernargSegmentAlignment = 128
:4:rocvirtual.cpp           :965 : 4393575280751 us: [pid:4164447 tid: 0x7fbf38fc0200] SWq=0x7fbf2fd32000, HWq=0x7fbf1cc00000, id=1, Dispatch Header = 0x1502 (type=2, barrier=1, acquire=2, release=2), setup=1, grid=[26624, 1, 1], workgroup=[256, 1, 1], private_seg_size=0, group_seg_size=0, kernel_obj=0x7fbf2fd1dd40, kernarg_address=0x7fbf1ca00100, completion_signal=0x0, correlation_id=0, rptr=110, wptr=110
:3:hip_memory.cpp           :3477: 4393575280765 us: [pid:4164447 tid: 0x7fbf38fc0200] hipMemset: Returned hipSuccess : 
:3:hip_device_runtime.cpp   :641 : 4393575280770 us: [pid:4164447 tid: 0x7fbf38fc0200] [32m hipDeviceSynchronize (  ) [0m
:4:commandqueue.cpp         :161 : 4393575280775 us: [pid:4164447 tid: 0x7fbf38fc0200] Marker queued to ensure finish
:4:command.cpp              :359 : 4393575280780 us: [pid:4164447 tid: 0x7fbf38fc0200] Command (InternalMarker) enqueued: 0x1a664140
:3:rocvirtual.cpp           :533 : 4393575280791 us: [pid:4164447 tid: 0x7fbf38fc0200] Set Handler: handle(0x7fbf2fbfc380), timestamp(0x1a62c220)
:4:rocvirtual.cpp           :1147: 4393575280801 us: [pid:4164447 tid: 0x7fbf38fc0200] SWq=0x7fbf2fd32000, HWq=0x7fbf1cc00000, id=1, BarrierAND Header = 0x1503 (type=3, barrier=1, acquire=2, release=2), dep_signal=[0x0, 0x0, 0x0, 0x0, 0x0], completion_signal=0x7fbf2fbfc380
:3:rocvirtual.hpp           :56  : 4393575280811 us: [pid:4164447 tid: 0x7fbf38fc0200] Host active wait for Signal = (0x7fbf2fbfc380) for -1 ns
:4:commandqueue.cpp         :184 : 4393575280844 us: [pid:4164447 tid: 0x7fbf38fc0200] All commands finished
:3:rocvirtual.cpp           :226 : 4393575280845 us: [pid:4164447 tid: 0x7fbdffbff6c0] Handler: value(0), timestamp(0x1a62c310), handle(0x7fbf2fbfc380)
:4:command.cpp              :169 : 4393575281493 us: [pid:4164447 tid: 0x7fbdffbff6c0] Command 0x1a663f40 complete
:4:command.cpp              :163 : 4393575281500 us: [pid:4164447 tid: 0x7fbdffbff6c0] Command 0x1a664140 complete (Wall: 4393575281498, CPU: 0, GPU: 712 us)
:3:hip_device_runtime.cpp   :645 : 4393575280851 us: [pid:4164447 tid: 0x7fbf38fc0200] hipDeviceSynchronize: Returned hipSuccess : 
:3:hip_platform.cpp         :237 : 4393575281525 us: [pid:4164447 tid: 0x7fbf38fc0200] [32m __hipPushCallConfiguration ( {8,1,1}, {512,1,1}, 0, stream:<null> ) [0m
:3:hip_platform.cpp         :241 : 4393575281533 us: [pid:4164447 tid: 0x7fbf38fc0200] __hipPushCallConfiguration: Returned hipSuccess : 
:3:hip_platform.cpp         :246 : 4393575281542 us: [pid:4164447 tid: 0x7fbf38fc0200] [32m __hipPopCallConfiguration ( {1131604050,32703,512}, {2118224,0,2169324560}, 0x7ffc814d4160, 0x7ffc814d4158 ) [0m
:3:hip_platform.cpp         :255 : 4393575281550 us: [pid:4164447 tid: 0x7fbf38fc0200] __hipPopCallConfiguration: Returned hipSuccess : 
:3:hip_module.cpp           :744 : 4393575281561 us: [pid:4164447 tid: 0x7fbf38fc0200] [32m hipLaunchKernel ( 0x200fe8, {8,1,1}, {512,1,1}, 0x7ffc814d4110, 0, stream:<null> ) [0m
:4:command.cpp              :359 : 4393575281575 us: [pid:4164447 tid: 0x7fbf38fc0200] Command (KernelExecution) enqueued: 0x1a61e850
:3:rocvirtual.cpp           :762 : 4393575281583 us: [pid:4164447 tid: 0x7fbf38fc0200] Arg0:   = ptr:0x7fbdba000000
:3:rocvirtual.cpp           :778 : 4393575281588 us: [pid:4164447 tid: 0x7fbf38fc0200] Arg0:   = ptr:0x7fbdba000000 obj:[0x7fbdba000000-0x7fbdbee20000]
:3:rocvirtual.cpp           :762 : 4393575281595 us: [pid:4164447 tid: 0x7fbf38fc0200] Arg1:   = ptr:0x7fbded427000
:3:rocvirtual.cpp           :778 : 4393575281600 us: [pid:4164447 tid: 0x7fbf38fc0200] Arg1:   = ptr:0x7fbded427000 obj:[0x7fbded427000-0x7fbded437000]
:3:rocvirtual.cpp           :762 : 4393575281608 us: [pid:4164447 tid: 0x7fbf38fc0200] Arg2:   = ptr:0x7fbdb4e00000
:3:rocvirtual.cpp           :778 : 4393575282262 us: [pid:4164447 tid: 0x7fbf38fc0200] Arg2:   = ptr:0x7fbdb4e00000 obj:[0x7fbdb4e00000-0x7fbdb9c20000]
:3:rocvirtual.cpp           :853 : 4393575282270 us: [pid:4164447 tid: 0x7fbf38fc0200] Arg3:   = val:2048
:3:rocvirtual.cpp           :762 : 4393575282274 us: [pid:4164447 tid: 0x7fbf38fc0200] Arg4:   = ptr:0x7fbded400000
:3:rocvirtual.cpp           :778 : 4393575282279 us: [pid:4164447 tid: 0x7fbf38fc0200] Arg4:   = ptr:0x7fbded400000 obj:[0x7fbded400000-0x7fbded400024]
:3:rocvirtual.cpp           :3236: 4393575282286 us: [pid:4164447 tid: 0x7fbf38fc0200] ShaderName : void dense_esuhm3<float>(float const*, float const*, float*, int, int const*)
:3:rocvirtual.cpp           :3449: 4393575282295 us: [pid:4164447 tid: 0x7fbf38fc0200] KernargSegmentByteSize = 296 KernargSegmentAlignment = 128
:4:rocvirtual.cpp           :965 : 4393575282304 us: [pid:4164447 tid: 0x7fbf38fc0200] SWq=0x7fbf2fd32000, HWq=0x7fbf1cc00000, id=1, Dispatch Header = 0xb02 (type=2, barrier=1, acquire=1, release=1), setup=3, grid=[4096, 1, 1], workgroup=[512, 1, 1], private_seg_size=140, group_seg_size=0, kernel_obj=0x7fbf2fcf1a00, kernarg_address=0x7fbf1ca00280, completion_signal=0x0, correlation_id=0, rptr=112, wptr=112
:3:hip_module.cpp           :745 : 4393575282318 us: [pid:4164447 tid: 0x7fbf38fc0200] hipLaunchKernel: Returned hipSuccess : : duration: 757 us
:3:hip_device_runtime.cpp   :641 : 4393575282326 us: [pid:4164447 tid: 0x7fbf38fc0200] [32m hipDeviceSynchronize (  ) [0m
:4:commandqueue.cpp         :161 : 4393575282331 us: [pid:4164447 tid: 0x7fbf38fc0200] Marker queued to ensure finish
:4:command.cpp              :359 : 4393575282335 us: [pid:4164447 tid: 0x7fbf38fc0200] Command (InternalMarker) enqueued: 0x1a664140
:3:rocvirtual.cpp           :533 : 4393575282346 us: [pid:4164447 tid: 0x7fbf38fc0200] Set Handler: handle(0x7fbf2fbfc300), timestamp(0x1a62c1a0)
:4:rocvirtual.cpp           :1147: 4393575282354 us: [pid:4164447 tid: 0x7fbf38fc0200] SWq=0x7fbf2fd32000, HWq=0x7fbf1cc00000, id=1, BarrierAND Header = 0x1503 (type=3, barrier=1, acquire=2, release=2), dep_signal=[0x0, 0x0, 0x0, 0x0, 0x0], completion_signal=0x7fbf2fbfc300
:3:rocvirtual.hpp           :56  : 4393575282365 us: [pid:4164447 tid: 0x7fbf38fc0200] Host active wait for Signal = (0x7fbf2fbfc300) for -1 ns
:4:commandqueue.cpp         :184 : 4393575282507 us: [pid:4164447 tid: 0x7fbf38fc0200] All commands finished
:3:hip_device_runtime.cpp   :645 : 4393575282791 us: [pid:4164447 tid: 0x7fbf38fc0200] hipDeviceSynchronize: Returned hipSuccess : 
:3:rocvirtual.cpp           :226 : 4393575282509 us: [pid:4164447 tid: 0x7fbdffbff6c0] Handler: value(0), timestamp(0x1a5887b0), handle(0x7fbf2fbfc300)
:4:command.cpp              :169 : 4393575282809 us: [pid:4164447 tid: 0x7fbdffbff6c0] Command 0x1a61e850 complete
:4:command.cpp              :163 : 4393575282816 us: [pid:4164447 tid: 0x7fbdffbff6c0] Command 0x1a664140 complete (Wall: 4393575282815, CPU: 0, GPU: 472 us)
:3:hip_memory.cpp           :795 : 4393575282803 us: [pid:4164447 tid: 0x7fbf38fc0200] [32m hipMemcpy ( 0x7fbdcb19d010, 0x7fbdb4e00000, 81920000, hipMemcpyDeviceToHost ) [0m
:4:command.cpp              :359 : 4393575282839 us: [pid:4164447 tid: 0x7fbf38fc0200] Command (CopyDeviceToHost) enqueued: 0x1a61e850
:4:rocblit.cpp              :1673: 4393575282847 us: [pid:4164447 tid: 0x7fbf38fc0200] Unpinned read path, Async = 0
:4:rocmemory.cpp            :1018: 4393575282860 us: [pid:4164447 tid: 0x7fbf38fc0200] Locking to pool 0x19dc9ed0, size 0x2001000, HostPtr = 0x7fbdcb19d000, DevPtr = 0x7fbdcb19d000
:4:rocblit.cpp              :623 : 4393575282868 us: [pid:4164447 tid: 0x7fbf38fc0200] HSA Copy Using Pinned resource size 33554432
:4:rocblit.cpp              :687 : 4393575282875 us: [pid:4164447 tid: 0x7fbf38fc0200] HSA Async Copy staged D2H
:4:rocblit.cpp              :503 : 4393575282880 us: [pid:4164447 tid: 0x7fbf38fc0200] Last copy mask 0x0
:4:rocblit.cpp              :509 : 4393575282886 us: [pid:4164447 tid: 0x7fbf38fc0200] Query copy engine status 0, free_engine mask 0x1e
:4:rocblit.cpp              :520 : 4393575282893 us: [pid:4164447 tid: 0x7fbf38fc0200] HSA Async Copy on copy_engine=0x2, dst=0x7fbdcb19d010, src=0x7fbdb4e00000, size=33554432, forceSDMA=0, wait_event=0x0, completion_signal=0x7fbf2fbfe180
:4:rocvirtual.cpp           :622 : 4393575282904 us: [pid:4164447 tid: 0x7fbf38fc0200] Host wait on completion_signal=0x7fbf2fbfe180
:3:rocvirtual.hpp           :56  : 4393575283317 us: [pid:4164447 tid: 0x7fbf38fc0200] Host active wait for Signal = (0x7fbf2fbfe180) for -1 ns
:4:rocmemory.cpp            :1018: 4393575284120 us: [pid:4164447 tid: 0x7fbf38fc0200] Locking to pool 0x19dc9ed0, size 0x2001000, HostPtr = 0x7fbdcd19d000, DevPtr = 0x7fbdcd19d000
:4:rocblit.cpp              :623 : 4393575284130 us: [pid:4164447 tid: 0x7fbf38fc0200] HSA Copy Using Pinned resource size 33554432
:4:rocblit.cpp              :687 : 4393575284138 us: [pid:4164447 tid: 0x7fbf38fc0200] HSA Async Copy staged D2H
:4:rocblit.cpp              :503 : 4393575284143 us: [pid:4164447 tid: 0x7fbf38fc0200] Last copy mask 0x2
:4:rocblit.cpp              :520 : 4393575284147 us: [pid:4164447 tid: 0x7fbf38fc0200] HSA Async Copy on copy_engine=0x2, dst=0x7fbdcd19d010, src=0x7fbdb6e00000, size=33554432, forceSDMA=0, wait_event=0x0, completion_signal=0x7fbf2fbfdf80
:4:rocvirtual.cpp           :622 : 4393575284155 us: [pid:4164447 tid: 0x7fbf38fc0200] Host wait on completion_signal=0x7fbf2fbfdf80
:3:rocvirtual.hpp           :56  : 4393575284163 us: [pid:4164447 tid: 0x7fbf38fc0200] Host active wait for Signal = (0x7fbf2fbfdf80) for -1 ns
:4:rocmemory.cpp            :1018: 4393575292696 us: [pid:4164447 tid: 0x7fbf38fc0200] Locking to pool 0x19dc9ed0, size 0xe21000, HostPtr = 0x7fbdcf19d000, DevPtr = 0x7fbdcf19d000
:4:rocblit.cpp              :623 : 4393575292711 us: [pid:4164447 tid: 0x7fbf38fc0200] HSA Copy Using Pinned resource size 14811136
:4:rocblit.cpp              :687 : 4393575292718 us: [pid:4164447 tid: 0x7fbf38fc0200] HSA Async Copy staged D2H
:4:rocblit.cpp              :503 : 4393575292724 us: [pid:4164447 tid: 0x7fbf38fc0200] Last copy mask 0x2
:4:rocblit.cpp              :520 : 4393575292729 us: [pid:4164447 tid: 0x7fbf38fc0200] HSA Async Copy on copy_engine=0x2, dst=0x7fbdcf19d010, src=0x7fbdb8e00000, size=14811136, forceSDMA=0, wait_event=0x0, completion_signal=0x7fbf2fbfe100
:4:rocvirtual.cpp           :622 : 4393575292739 us: [pid:4164447 tid: 0x7fbf38fc0200] Host wait on completion_signal=0x7fbf2fbfe100
:3:rocvirtual.hpp           :56  : 4393575292750 us: [pid:4164447 tid: 0x7fbf38fc0200] Host active wait for Signal = (0x7fbf2fbfe100) for -1 ns
:4:commandqueue.cpp         :161 : 4393575293274 us: [pid:4164447 tid: 0x7fbf38fc0200] Marker queued to ensure finish
:4:command.cpp              :359 : 4393575293467 us: [pid:4164447 tid: 0x7fbf38fc0200] Command (InternalMarker) enqueued: 0x1a664140
:3:rocvirtual.cpp           :533 : 4393575293480 us: [pid:4164447 tid: 0x7fbf38fc0200] Set Handler: handle(0x7fbf2fbfc180), timestamp(0x1a4f9be0)
:4:rocvirtual.cpp           :1147: 4393575293488 us: [pid:4164447 tid: 0x7fbf38fc0200] SWq=0x7fbf2fd32000, HWq=0x7fbf1cc00000, id=1, BarrierAND Header = 0x1503 (type=3, barrier=1, acquire=2, release=2), dep_signal=[0x0, 0x0, 0x0, 0x0, 0x0], completion_signal=0x7fbf2fbfc180
:4:commandqueue.cpp         :184 : 4393575293498 us: [pid:4164447 tid: 0x7fbf38fc0200] All commands finished
:3:hip_memory.cpp           :796 : 4393575293506 us: [pid:4164447 tid: 0x7fbf38fc0200] hipMemcpy: Returned hipSuccess : : duration: 10703 us
:3:rocvirtual.cpp           :226 : 4393575293499 us: [pid:4164447 tid: 0x7fbdffbff6c0] Handler: value(0), timestamp(0x1a4f9840), handle(0x7fbf2fbfc180)
:4:command.cpp              :169 : 4393575293534 us: [pid:4164447 tid: 0x7fbdffbff6c0] Command 0x1a61e850 complete
:4:command.cpp              :163 : 4393575293539 us: [pid:4164447 tid: 0x7fbdffbff6c0] Command 0x1a664140 complete (Wall: 4393575293538, CPU: 0, GPU: 63 us)
:3:hip_memory.cpp           :3476: 4393575508910 us: [pid:4164447 tid: 0x7fbf38fc0200] [32m hipMemset ( 0x7fbdb4e00000, 0, 81920000 ) [0m
:4:command.cpp              :359 : 4393575508948 us: [pid:4164447 tid: 0x7fbf38fc0200] Command (FillBuffer) enqueued: 0x1a663f40
:3:rocvirtual.cpp           :762 : 4393575508964 us: [pid:4164447 tid: 0x7fbf38fc0200] Arg0: void* buf = ptr:0x7fbdb4e00000
:3:rocvirtual.cpp           :778 : 4393575508969 us: [pid:4164447 tid: 0x7fbf38fc0200] Arg0: void* buf = ptr:0x7fbdb4e00000 obj:[0x7fbdb4e00000-0x7fbdb9c20000]
:3:rocvirtual.cpp           :762 : 4393575508977 us: [pid:4164447 tid: 0x7fbf38fc0200] Arg1: uchar* pattern = ptr:0x7fbf1ca00000
:3:rocvirtual.cpp           :853 : 4393575508985 us: [pid:4164447 tid: 0x7fbf38fc0200] Arg2: uint pattern_size = val:1
:3:rocvirtual.cpp           :853 : 4393575508989 us: [pid:4164447 tid: 0x7fbf38fc0200] Arg3: uint alignment = val:16
:3:rocvirtual.cpp           :853 : 4393575508994 us: [pid:4164447 tid: 0x7fbf38fc0200] Arg4: ulong end_ptr = val:140452842045440
:3:rocvirtual.cpp           :853 : 4393575509002 us: [pid:4164447 tid: 0x7fbf38fc0200] Arg5: uint next_chunk = val:26624
:3:rocvirtual.cpp           :3236: 4393575509006 us: [pid:4164447 tid: 0x7fbf38fc0200] ShaderName : __amd_rocclr_fillBufferAligned
:3:rocvirtual.cpp           :3449: 4393575509015 us: [pid:4164447 tid: 0x7fbf38fc0200] KernargSegmentByteSize = 296 KernargSegmentAlignment = 128
:4:rocvirtual.cpp           :965 : 4393575509027 us: [pid:4164447 tid: 0x7fbf38fc0200] SWq=0x7fbf2fd32000, HWq=0x7fbf1cc00000, id=1, Dispatch Header = 0x1502 (type=2, barrier=1, acquire=2, release=2), setup=1, grid=[26624, 1, 1], workgroup=[256, 1, 1], private_seg_size=0, group_seg_size=0, kernel_obj=0x7fbf2fd1dd40, kernarg_address=0x7fbf1ca00100, completion_signal=0x0, correlation_id=0, rptr=115, wptr=115
:3:hip_memory.cpp           :3477: 4393575509043 us: [pid:4164447 tid: 0x7fbf38fc0200] hipMemset: Returned hipSuccess : 
:3:hip_device_runtime.cpp   :641 : 4393575509048 us: [pid:4164447 tid: 0x7fbf38fc0200] [32m hipDeviceSynchronize (  ) [0m
:4:commandqueue.cpp         :161 : 4393575509054 us: [pid:4164447 tid: 0x7fbf38fc0200] Marker queued to ensure finish
:4:command.cpp              :359 : 4393575509059 us: [pid:4164447 tid: 0x7fbf38fc0200] Command (InternalMarker) enqueued: 0x1a664140
:3:rocvirtual.cpp           :533 : 4393575509081 us: [pid:4164447 tid: 0x7fbf38fc0200] Set Handler: handle(0x7fbf2fbfc100), timestamp(0x1a4f99c0)
:4:rocvirtual.cpp           :1147: 4393575509427 us: [pid:4164447 tid: 0x7fbf38fc0200] SWq=0x7fbf2fd32000, HWq=0x7fbf1cc00000, id=1, BarrierAND Header = 0x1503 (type=3, barrier=1, acquire=2, release=2), dep_signal=[0x0, 0x0, 0x0, 0x0, 0x0], completion_signal=0x7fbf2fbfc100
:3:rocvirtual.hpp           :56  : 4393575509442 us: [pid:4164447 tid: 0x7fbf38fc0200] Host active wait for Signal = (0x7fbf2fbfc100) for -1 ns
:4:commandqueue.cpp         :184 : 4393575565139 us: [pid:4164447 tid: 0x7fbf38fc0200] All commands finished
:3:rocvirtual.cpp           :226 : 4393575565140 us: [pid:4164447 tid: 0x7fbdffbff6c0] Handler: value(0), timestamp(0x1a62c3e0), handle(0x7fbf2fbfc100)
:4:command.cpp              :169 : 4393575565190 us: [pid:4164447 tid: 0x7fbdffbff6c0] Command 0x1a663f40 complete
:3:hip_device_runtime.cpp   :645 : 4393575565174 us: [pid:4164447 tid: 0x7fbf38fc0200] hipDeviceSynchronize: Returned hipSuccess : 
:4:command.cpp              :163 : 4393575565200 us: [pid:4164447 tid: 0x7fbdffbff6c0] Command 0x1a664140 complete (Wall: 4393575565198, CPU: 0, GPU: 56132 us)
:3:hip_platform.cpp         :237 : 4393575565216 us: [pid:4164447 tid: 0x7fbf38fc0200] [32m __hipPushCallConfiguration ( {8,1,1}, {1024,1,1}, 0, stream:<null> ) [0m
:3:hip_platform.cpp         :241 : 4393575565239 us: [pid:4164447 tid: 0x7fbf38fc0200] __hipPushCallConfiguration: Returned hipSuccess : 
:3:hip_platform.cpp         :246 : 4393575565250 us: [pid:4164447 tid: 0x7fbf38fc0200] [32m __hipPopCallConfiguration ( {1131604050,32703,1024}, {2118224,0,2169324560}, 0x7ffc814d4160, 0x7ffc814d4158 ) [0m
:3:hip_platform.cpp         :255 : 4393575565257 us: [pid:4164447 tid: 0x7fbf38fc0200] __hipPopCallConfiguration: Returned hipSuccess : 
:3:hip_module.cpp           :744 : 4393575565270 us: [pid:4164447 tid: 0x7fbf38fc0200] [32m hipLaunchKernel ( 0x200fd8, {8,1,1}, {1024,1,1}, 0x7ffc814d4110, 0, stream:<null> ) [0m
:4:command.cpp              :359 : 4393575565291 us: [pid:4164447 tid: 0x7fbf38fc0200] Command (KernelExecution) enqueued: 0x1a61e850
:3:rocvirtual.cpp           :762 : 4393575565717 us: [pid:4164447 tid: 0x7fbf38fc0200] Arg0:   = ptr:0x7fbdba000000
:3:rocvirtual.cpp           :778 : 4393575565722 us: [pid:4164447 tid: 0x7fbf38fc0200] Arg0:   = ptr:0x7fbdba000000 obj:[0x7fbdba000000-0x7fbdbee20000]
:3:rocvirtual.cpp           :762 : 4393575565730 us: [pid:4164447 tid: 0x7fbf38fc0200] Arg1:   = ptr:0x7fbded427000
:3:rocvirtual.cpp           :778 : 4393575565735 us: [pid:4164447 tid: 0x7fbf38fc0200] Arg1:   = ptr:0x7fbded427000 obj:[0x7fbded427000-0x7fbded437000]
:3:rocvirtual.cpp           :762 : 4393575565742 us: [pid:4164447 tid: 0x7fbf38fc0200] Arg2:   = ptr:0x7fbdb4e00000
:3:rocvirtual.cpp           :778 : 4393575565747 us: [pid:4164447 tid: 0x7fbf38fc0200] Arg2:   = ptr:0x7fbdb4e00000 obj:[0x7fbdb4e00000-0x7fbdb9c20000]
:3:rocvirtual.cpp           :853 : 4393575565755 us: [pid:4164447 tid: 0x7fbf38fc0200] Arg3:   = val:2048
:3:rocvirtual.cpp           :762 : 4393575565759 us: [pid:4164447 tid: 0x7fbf38fc0200] Arg4:   = ptr:0x7fbded400000
:3:rocvirtual.cpp           :778 : 4393575565765 us: [pid:4164447 tid: 0x7fbf38fc0200] Arg4:   = ptr:0x7fbded400000 obj:[0x7fbded400000-0x7fbded400024]
:3:rocvirtual.cpp           :3236: 4393575565775 us: [pid:4164447 tid: 0x7fbf38fc0200] ShaderName : void dense_esuhm<float>(float const*, float const*, float*, int, int const*)
:3:rocvirtual.cpp           :3449: 4393575565785 us: [pid:4164447 tid: 0x7fbf38fc0200] KernargSegmentByteSize = 296 KernargSegmentAlignment = 128
:4:rocvirtual.cpp           :965 : 4393575565797 us: [pid:4164447 tid: 0x7fbf38fc0200] SWq=0x7fbf2fd32000, HWq=0x7fbf1cc00000, id=1, Dispatch Header = 0xb02 (type=2, barrier=1, acquire=1, release=1), setup=3, grid=[8192, 1, 1], workgroup=[1024, 1, 1], private_seg_size=140, group_seg_size=0, kernel_obj=0x7fbf2fcf1980, kernarg_address=0x7fbf1ca00280, completion_signal=0x0, correlation_id=0, rptr=117, wptr=117
:3:hip_module.cpp           :745 : 4393575565811 us: [pid:4164447 tid: 0x7fbf38fc0200] hipLaunchKernel: Returned hipSuccess : : duration: 541 us
:3:hip_device_runtime.cpp   :641 : 4393575565820 us: [pid:4164447 tid: 0x7fbf38fc0200] [32m hipDeviceSynchronize (  ) [0m
:4:commandqueue.cpp         :161 : 4393575565831 us: [pid:4164447 tid: 0x7fbf38fc0200] Marker queued to ensure finish
:4:command.cpp              :359 : 4393575565836 us: [pid:4164447 tid: 0x7fbf38fc0200] Command (InternalMarker) enqueued: 0x1a664140
:3:rocvirtual.cpp           :533 : 4393575565850 us: [pid:4164447 tid: 0x7fbf38fc0200] Set Handler: handle(0x7fbf2fbfc200), timestamp(0x19f11bf0)
:4:rocvirtual.cpp           :1147: 4393575565859 us: [pid:4164447 tid: 0x7fbf38fc0200] SWq=0x7fbf2fd32000, HWq=0x7fbf1cc00000, id=1, BarrierAND Header = 0x1503 (type=3, barrier=1, acquire=2, release=2), dep_signal=[0x0, 0x0, 0x0, 0x0, 0x0], completion_signal=0x7fbf2fbfc200
:3:rocvirtual.hpp           :56  : 4393575565870 us: [pid:4164447 tid: 0x7fbf38fc0200] Host active wait for Signal = (0x7fbf2fbfc200) for -1 ns
:4:commandqueue.cpp         :184 : 4393575572754 us: [pid:4164447 tid: 0x7fbf38fc0200] All commands finished
:3:hip_device_runtime.cpp   :645 : 4393575572767 us: [pid:4164447 tid: 0x7fbf38fc0200] hipDeviceSynchronize: Returned hipSuccess : 
:3:rocvirtual.cpp           :226 : 4393575572754 us: [pid:4164447 tid: 0x7fbdffbff6c0] Handler: value(0), timestamp(0x19f11e70), handle(0x7fbf2fbfc200)
:4:command.cpp              :169 : 4393575572789 us: [pid:4164447 tid: 0x7fbdffbff6c0] Command 0x1a61e850 complete
:3:hip_memory.cpp           :795 : 4393575572783 us: [pid:4164447 tid: 0x7fbf38fc0200] [32m hipMemcpy ( 0x7fbdd4ddf010, 0x7fbdb4e00000, 81920000, hipMemcpyDeviceToHost ) [0m
:4:command.cpp              :163 : 4393575572797 us: [pid:4164447 tid: 0x7fbdffbff6c0] Command 0x1a664140 complete (Wall: 4393575572796, CPU: 0, GPU: 6952 us)
:4:command.cpp              :359 : 4393575572815 us: [pid:4164447 tid: 0x7fbf38fc0200] Command (CopyDeviceToHost) enqueued: 0x1a61e850
:4:rocblit.cpp              :1673: 4393575572833 us: [pid:4164447 tid: 0x7fbf38fc0200] Unpinned read path, Async = 0
:4:rocmemory.cpp            :1018: 4393575572855 us: [pid:4164447 tid: 0x7fbf38fc0200] Locking to pool 0x19dc9ed0, size 0x2001000, HostPtr = 0x7fbdd4ddf000, DevPtr = 0x7fbdd4ddf000
:4:rocblit.cpp              :623 : 4393575573307 us: [pid:4164447 tid: 0x7fbf38fc0200] HSA Copy Using Pinned resource size 33554432
:4:rocblit.cpp              :687 : 4393575573315 us: [pid:4164447 tid: 0x7fbf38fc0200] HSA Async Copy staged D2H
:4:rocblit.cpp              :503 : 4393575573321 us: [pid:4164447 tid: 0x7fbf38fc0200] Last copy mask 0x0
:4:rocblit.cpp              :509 : 4393575573329 us: [pid:4164447 tid: 0x7fbf38fc0200] Query copy engine status 0, free_engine mask 0x1e
:4:rocblit.cpp              :520 : 4393575573337 us: [pid:4164447 tid: 0x7fbf38fc0200] HSA Async Copy on copy_engine=0x2, dst=0x7fbdd4ddf010, src=0x7fbdb4e00000, size=33554432, forceSDMA=0, wait_event=0x0, completion_signal=0x7fbf2fbfdd80
:4:rocvirtual.cpp           :622 : 4393575573347 us: [pid:4164447 tid: 0x7fbf38fc0200] Host wait on completion_signal=0x7fbf2fbfdd80
:3:rocvirtual.hpp           :56  : 4393575573355 us: [pid:4164447 tid: 0x7fbf38fc0200] Host active wait for Signal = (0x7fbf2fbfdd80) for -1 ns
:4:rocmemory.cpp            :1018: 4393575574571 us: [pid:4164447 tid: 0x7fbf38fc0200] Locking to pool 0x19dc9ed0, size 0x2001000, HostPtr = 0x7fbdd6ddf000, DevPtr = 0x7fbdd6ddf000
:4:rocblit.cpp              :623 : 4393575574588 us: [pid:4164447 tid: 0x7fbf38fc0200] HSA Copy Using Pinned resource size 33554432
:4:rocblit.cpp              :687 : 4393575574598 us: [pid:4164447 tid: 0x7fbf38fc0200] HSA Async Copy staged D2H
:4:rocblit.cpp              :503 : 4393575574619 us: [pid:4164447 tid: 0x7fbf38fc0200] Last copy mask 0x2
:4:rocblit.cpp              :520 : 4393575574627 us: [pid:4164447 tid: 0x7fbf38fc0200] HSA Async Copy on copy_engine=0x2, dst=0x7fbdd6ddf010, src=0x7fbdb6e00000, size=33554432, forceSDMA=0, wait_event=0x0, completion_signal=0x7fbf2fbfdc80
:4:rocvirtual.cpp           :622 : 4393575574640 us: [pid:4164447 tid: 0x7fbf38fc0200] Host wait on completion_signal=0x7fbf2fbfdc80
:3:rocvirtual.hpp           :56  : 4393575574649 us: [pid:4164447 tid: 0x7fbf38fc0200] Host active wait for Signal = (0x7fbf2fbfdc80) for -1 ns
:4:rocmemory.cpp            :1018: 4393575622474 us: [pid:4164447 tid: 0x7fbf38fc0200] Locking to pool 0x19dc9ed0, size 0xe21000, HostPtr = 0x7fbdd8ddf000, DevPtr = 0x7fbdd8ddf000
:4:rocblit.cpp              :623 : 4393575622502 us: [pid:4164447 tid: 0x7fbf38fc0200] HSA Copy Using Pinned resource size 14811136
:4:rocblit.cpp              :687 : 4393575622510 us: [pid:4164447 tid: 0x7fbf38fc0200] HSA Async Copy staged D2H
:4:rocblit.cpp              :503 : 4393575622517 us: [pid:4164447 tid: 0x7fbf38fc0200] Last copy mask 0x2
:4:rocblit.cpp              :520 : 4393575622522 us: [pid:4164447 tid: 0x7fbf38fc0200] HSA Async Copy on copy_engine=0x2, dst=0x7fbdd8ddf010, src=0x7fbdb8e00000, size=14811136, forceSDMA=0, wait_event=0x0, completion_signal=0x7fbf2fbfdc00
:4:rocvirtual.cpp           :622 : 4393575622532 us: [pid:4164447 tid: 0x7fbf38fc0200] Host wait on completion_signal=0x7fbf2fbfdc00
:3:rocvirtual.hpp           :56  : 4393575622560 us: [pid:4164447 tid: 0x7fbf38fc0200] Host active wait for Signal = (0x7fbf2fbfdc00) for -1 ns
:4:commandqueue.cpp         :161 : 4393575623070 us: [pid:4164447 tid: 0x7fbf38fc0200] Marker queued to ensure finish
:4:command.cpp              :359 : 4393575623119 us: [pid:4164447 tid: 0x7fbf38fc0200] Command (InternalMarker) enqueued: 0x1a664140
:3:rocvirtual.cpp           :533 : 4393575623136 us: [pid:4164447 tid: 0x7fbf38fc0200] Set Handler: handle(0x7fbf2fbfc080), timestamp(0x1a4fa020)
:4:rocvirtual.cpp           :1147: 4393575623145 us: [pid:4164447 tid: 0x7fbf38fc0200] SWq=0x7fbf2fd32000, HWq=0x7fbf1cc00000, id=1, BarrierAND Header = 0x1503 (type=3, barrier=1, acquire=2, release=2), dep_signal=[0x0, 0x0, 0x0, 0x0, 0x0], completion_signal=0x7fbf2fbfc080
:4:commandqueue.cpp         :184 : 4393575623156 us: [pid:4164447 tid: 0x7fbf38fc0200] All commands finished
:3:rocvirtual.cpp           :226 : 4393575623159 us: [pid:4164447 tid: 0x7fbdffbff6c0] Handler: value(0), timestamp(0x19f11e70), handle(0x7fbf2fbfc080)
:4:command.cpp              :169 : 4393575623176 us: [pid:4164447 tid: 0x7fbdffbff6c0] Command 0x1a61e850 complete
:4:command.cpp              :163 : 4393575623184 us: [pid:4164447 tid: 0x7fbdffbff6c0] Command 0x1a664140 complete (Wall: 4393575623183, CPU: 0, GPU: 56 us)
:3:hip_memory.cpp           :796 : 4393575623162 us: [pid:4164447 tid: 0x7fbf38fc0200] hipMemcpy: Returned hipSuccess : : duration: 50379 us
:3:hip_memory.cpp           :3476: 4393575623227 us: [pid:4164447 tid: 0x7fbf38fc0200] [32m hipMemset ( 0x7fbdb4e00000, 0, 81920000 ) [0m
:4:command.cpp              :359 : 4393575623241 us: [pid:4164447 tid: 0x7fbf38fc0200] Command (FillBuffer) enqueued: 0x1a663f40
:3:rocvirtual.cpp           :762 : 4393575623615 us: [pid:4164447 tid: 0x7fbf38fc0200] Arg0: void* buf = ptr:0x7fbdb4e00000
:3:rocvirtual.cpp           :778 : 4393575623622 us: [pid:4164447 tid: 0x7fbf38fc0200] Arg0: void* buf = ptr:0x7fbdb4e00000 obj:[0x7fbdb4e00000-0x7fbdb9c20000]
:3:rocvirtual.cpp           :762 : 4393575623629 us: [pid:4164447 tid: 0x7fbf38fc0200] Arg1: uchar* pattern = ptr:0x7fbf1ca00000
:3:rocvirtual.cpp           :853 : 4393575623637 us: [pid:4164447 tid: 0x7fbf38fc0200] Arg2: uint pattern_size = val:1
:3:rocvirtual.cpp           :853 : 4393575623642 us: [pid:4164447 tid: 0x7fbf38fc0200] Arg3: uint alignment = val:16
:3:rocvirtual.cpp           :853 : 4393575623647 us: [pid:4164447 tid: 0x7fbf38fc0200] Arg4: ulong end_ptr = val:140452842045440
:3:rocvirtual.cpp           :853 : 4393575623655 us: [pid:4164447 tid: 0x7fbf38fc0200] Arg5: uint next_chunk = val:26624
:3:rocvirtual.cpp           :3236: 4393575623659 us: [pid:4164447 tid: 0x7fbf38fc0200] ShaderName : __amd_rocclr_fillBufferAligned
:3:rocvirtual.cpp           :3449: 4393575623668 us: [pid:4164447 tid: 0x7fbf38fc0200] KernargSegmentByteSize = 296 KernargSegmentAlignment = 128
:4:rocvirtual.cpp           :965 : 4393575623678 us: [pid:4164447 tid: 0x7fbf38fc0200] SWq=0x7fbf2fd32000, HWq=0x7fbf1cc00000, id=1, Dispatch Header = 0x1502 (type=2, barrier=1, acquire=2, release=2), setup=1, grid=[26624, 1, 1], workgroup=[256, 1, 1], private_seg_size=0, group_seg_size=0, kernel_obj=0x7fbf2fd1dd40, kernarg_address=0x7fbf1ca00100, completion_signal=0x0, correlation_id=0, rptr=120, wptr=120
:3:hip_memory.cpp           :3477: 4393575623697 us: [pid:4164447 tid: 0x7fbf38fc0200] hipMemset: Returned hipSuccess : 
:3:hip_device_runtime.cpp   :641 : 4393575623703 us: [pid:4164447 tid: 0x7fbf38fc0200] [32m hipDeviceSynchronize (  ) [0m
:4:commandqueue.cpp         :161 : 4393575623708 us: [pid:4164447 tid: 0x7fbf38fc0200] Marker queued to ensure finish
:4:command.cpp              :359 : 4393575623713 us: [pid:4164447 tid: 0x7fbf38fc0200] Command (InternalMarker) enqueued: 0x1a664140
:3:rocvirtual.cpp           :533 : 4393575624217 us: [pid:4164447 tid: 0x7fbf38fc0200] Set Handler: handle(0x7fbf2fbfc000), timestamp(0x19ec5c20)
:4:rocvirtual.cpp           :1147: 4393575624226 us: [pid:4164447 tid: 0x7fbf38fc0200] SWq=0x7fbf2fd32000, HWq=0x7fbf1cc00000, id=1, BarrierAND Header = 0x1503 (type=3, barrier=1, acquire=2, release=2), dep_signal=[0x0, 0x0, 0x0, 0x0, 0x0], completion_signal=0x7fbf2fbfc000
:4:commandqueue.cpp         :184 : 4393575624236 us: [pid:4164447 tid: 0x7fbf38fc0200] All commands finished
:3:hip_device_runtime.cpp   :645 : 4393575624244 us: [pid:4164447 tid: 0x7fbf38fc0200] hipDeviceSynchronize: Returned hipSuccess : 
:3:hip_platform.cpp         :237 : 4393575624256 us: [pid:4164447 tid: 0x7fbf38fc0200] [32m __hipPushCallConfiguration ( {8,1,1}, {1024,1,1}, 0, stream:<null> ) [0m
:3:hip_platform.cpp         :241 : 4393575624266 us: [pid:4164447 tid: 0x7fbf38fc0200] __hipPushCallConfiguration: Returned hipSuccess : 
:3:rocvirtual.cpp           :226 : 4393575624237 us: [pid:4164447 tid: 0x7fbdffbff6c0] Handler: value(0), timestamp(0x1a6f0510), handle(0x7fbf2fbfc000)
:4:command.cpp              :169 : 4393575624289 us: [pid:4164447 tid: 0x7fbdffbff6c0] Command 0x1a663f40 complete
:4:command.cpp              :163 : 4393575624297 us: [pid:4164447 tid: 0x7fbdffbff6c0] Command 0x1a664140 complete (Wall: 4393575624296, CPU: 0, GPU: 84 us)
:3:hip_platform.cpp         :246 : 4393575624277 us: [pid:4164447 tid: 0x7fbf38fc0200] [32m __hipPopCallConfiguration ( {1131604050,32703,1024}, {2118224,0,2169324560}, 0x7ffc814d4160, 0x7ffc814d4158 ) [0m
:3:hip_platform.cpp         :255 : 4393575624717 us: [pid:4164447 tid: 0x7fbf38fc0200] __hipPopCallConfiguration: Returned hipSuccess : 
:3:hip_module.cpp           :744 : 4393575625198 us: [pid:4164447 tid: 0x7fbf38fc0200] [32m hipLaunchKernel ( 0x200fe0, {8,1,1}, {1024,1,1}, 0x7ffc814d4110, 0, stream:<null> ) [0m
:4:command.cpp              :359 : 4393575625214 us: [pid:4164447 tid: 0x7fbf38fc0200] Command (KernelExecution) enqueued: 0x1a61e850
:3:rocvirtual.cpp           :762 : 4393575625223 us: [pid:4164447 tid: 0x7fbf38fc0200] Arg0:   = ptr:0x7fbdba000000
:3:rocvirtual.cpp           :778 : 4393575625228 us: [pid:4164447 tid: 0x7fbf38fc0200] Arg0:   = ptr:0x7fbdba000000 obj:[0x7fbdba000000-0x7fbdbee20000]
:3:rocvirtual.cpp           :762 : 4393575625235 us: [pid:4164447 tid: 0x7fbf38fc0200] Arg1:   = ptr:0x7fbded427000
:3:rocvirtual.cpp           :778 : 4393575625240 us: [pid:4164447 tid: 0x7fbf38fc0200] Arg1:   = ptr:0x7fbded427000 obj:[0x7fbded427000-0x7fbded437000]
:3:rocvirtual.cpp           :762 : 4393575625247 us: [pid:4164447 tid: 0x7fbf38fc0200] Arg2:   = ptr:0x7fbdb4e00000
:3:rocvirtual.cpp           :778 : 4393575625252 us: [pid:4164447 tid: 0x7fbf38fc0200] Arg2:   = ptr:0x7fbdb4e00000 obj:[0x7fbdb4e00000-0x7fbdb9c20000]
:3:rocvirtual.cpp           :853 : 4393575625259 us: [pid:4164447 tid: 0x7fbf38fc0200] Arg3:   = val:2048
:3:rocvirtual.cpp           :762 : 4393575625264 us: [pid:4164447 tid: 0x7fbf38fc0200] Arg4:   = ptr:0x7fbded400000
:3:rocvirtual.cpp           :778 : 4393575625269 us: [pid:4164447 tid: 0x7fbf38fc0200] Arg4:   = ptr:0x7fbded400000 obj:[0x7fbded400000-0x7fbded400024]
:3:rocvirtual.cpp           :3236: 4393575625276 us: [pid:4164447 tid: 0x7fbf38fc0200] ShaderName : void dense_esuhm2<float>(float const*, float const*, float*, int, int const*)
:3:rocvirtual.cpp           :3449: 4393575625289 us: [pid:4164447 tid: 0x7fbf38fc0200] KernargSegmentByteSize = 296 KernargSegmentAlignment = 128
:4:rocvirtual.cpp           :965 : 4393575625299 us: [pid:4164447 tid: 0x7fbf38fc0200] SWq=0x7fbf2fd32000, HWq=0x7fbf1cc00000, id=1, Dispatch Header = 0xb02 (type=2, barrier=1, acquire=1, release=1), setup=3, grid=[8192, 1, 1], workgroup=[1024, 1, 1], private_seg_size=140, group_seg_size=0, kernel_obj=0x7fbf2fcf19c0, kernarg_address=0x7fbf1ca00280, completion_signal=0x0, correlation_id=0, rptr=122, wptr=122
:3:hip_module.cpp           :745 : 4393575625971 us: [pid:4164447 tid: 0x7fbf38fc0200] hipLaunchKernel: Returned hipSuccess : : duration: 773 us
:3:hip_device_runtime.cpp   :641 : 4393575625979 us: [pid:4164447 tid: 0x7fbf38fc0200] [32m hipDeviceSynchronize (  ) [0m
:4:commandqueue.cpp         :161 : 4393575625984 us: [pid:4164447 tid: 0x7fbf38fc0200] Marker queued to ensure finish
:4:command.cpp              :359 : 4393575625989 us: [pid:4164447 tid: 0x7fbf38fc0200] Command (InternalMarker) enqueued: 0x1a664140
:3:rocvirtual.cpp           :533 : 4393575626003 us: [pid:4164447 tid: 0x7fbf38fc0200] Set Handler: handle(0x7fbf2fbfc280), timestamp(0x1a4f9c20)
:4:rocvirtual.cpp           :1147: 4393575626011 us: [pid:4164447 tid: 0x7fbf38fc0200] SWq=0x7fbf2fd32000, HWq=0x7fbf1cc00000, id=1, BarrierAND Header = 0x1503 (type=3, barrier=1, acquire=2, release=2), dep_signal=[0x0, 0x0, 0x0, 0x0, 0x0], completion_signal=0x7fbf2fbfc280
:3:rocvirtual.hpp           :56  : 4393575626022 us: [pid:4164447 tid: 0x7fbf38fc0200] Host active wait for Signal = (0x7fbf2fbfc280) for -1 ns
:4:commandqueue.cpp         :184 : 4393575649191 us: [pid:4164447 tid: 0x7fbf38fc0200] All commands finished
:3:rocvirtual.cpp           :226 : 4393575649191 us: [pid:4164447 tid: 0x7fbdffbff6c0] Handler: value(0), timestamp(0x1a4f9d10), handle(0x7fbf2fbfc280)
:3:hip_device_runtime.cpp   :645 : 4393575649215 us: [pid:4164447 tid: 0x7fbf38fc0200] hipDeviceSynchronize: Returned hipSuccess : 
:4:command.cpp              :169 : 4393575649231 us: [pid:4164447 tid: 0x7fbdffbff6c0] Command 0x1a61e850 complete
:3:hip_memory.cpp           :795 : 4393575649250 us: [pid:4164447 tid: 0x7fbf38fc0200] [32m hipMemcpy ( 0x7fbdcffbe010, 0x7fbdb4e00000, 81920000, hipMemcpyDeviceToHost ) [0m
:4:command.cpp              :163 : 4393575649254 us: [pid:4164447 tid: 0x7fbdffbff6c0] Command 0x1a664140 complete (Wall: 4393575649252, CPU: 0, GPU: 23256 us)
:4:command.cpp              :359 : 4393575649268 us: [pid:4164447 tid: 0x7fbf38fc0200] Command (CopyDeviceToHost) enqueued: 0x1a61e850
:4:rocblit.cpp              :1673: 4393575649280 us: [pid:4164447 tid: 0x7fbf38fc0200] Unpinned read path, Async = 0
:4:rocmemory.cpp            :1018: 4393575649300 us: [pid:4164447 tid: 0x7fbf38fc0200] Locking to pool 0x19dc9ed0, size 0x2001000, HostPtr = 0x7fbdcffbe000, DevPtr = 0x7fbdcffbe000
:4:rocblit.cpp              :623 : 4393575649308 us: [pid:4164447 tid: 0x7fbf38fc0200] HSA Copy Using Pinned resource size 33554432
:4:rocblit.cpp              :687 : 4393575649316 us: [pid:4164447 tid: 0x7fbf38fc0200] HSA Async Copy staged D2H
:4:rocblit.cpp              :503 : 4393575649322 us: [pid:4164447 tid: 0x7fbf38fc0200] Last copy mask 0x0
:4:rocblit.cpp              :509 : 4393575649330 us: [pid:4164447 tid: 0x7fbf38fc0200] Query copy engine status 0, free_engine mask 0x1e
:4:rocblit.cpp              :520 : 4393575649338 us: [pid:4164447 tid: 0x7fbf38fc0200] HSA Async Copy on copy_engine=0x2, dst=0x7fbdcffbe010, src=0x7fbdb4e00000, size=33554432, forceSDMA=0, wait_event=0x0, completion_signal=0x7fbf2fbfda80
:4:rocvirtual.cpp           :622 : 4393575649348 us: [pid:4164447 tid: 0x7fbf38fc0200] Host wait on completion_signal=0x7fbf2fbfda80
:3:rocvirtual.hpp           :56  : 4393575649710 us: [pid:4164447 tid: 0x7fbf38fc0200] Host active wait for Signal = (0x7fbf2fbfda80) for -1 ns
:4:rocmemory.cpp            :1018: 4393575656364 us: [pid:4164447 tid: 0x7fbf38fc0200] Locking to pool 0x19dc9ed0, size 0x2001000, HostPtr = 0x7fbdd1fbe000, DevPtr = 0x7fbdd1fbe000
:4:rocblit.cpp              :623 : 4393575656383 us: [pid:4164447 tid: 0x7fbf38fc0200] HSA Copy Using Pinned resource size 33554432
:4:rocblit.cpp              :687 : 4393575656390 us: [pid:4164447 tid: 0x7fbf38fc0200] HSA Async Copy staged D2H
:4:rocblit.cpp              :503 : 4393575656397 us: [pid:4164447 tid: 0x7fbf38fc0200] Last copy mask 0x2
:4:rocblit.cpp              :520 : 4393575656402 us: [pid:4164447 tid: 0x7fbf38fc0200] HSA Async Copy on copy_engine=0x2, dst=0x7fbdd1fbe010, src=0x7fbdb6e00000, size=33554432, forceSDMA=0, wait_event=0x0, completion_signal=0x7fbf2fbfdb80
:4:rocvirtual.cpp           :622 : 4393575656411 us: [pid:4164447 tid: 0x7fbf38fc0200] Host wait on completion_signal=0x7fbf2fbfdb80
:3:rocvirtual.hpp           :56  : 4393575656419 us: [pid:4164447 tid: 0x7fbf38fc0200] Host active wait for Signal = (0x7fbf2fbfdb80) for -1 ns
:4:rocmemory.cpp            :1018: 4393575657621 us: [pid:4164447 tid: 0x7fbf38fc0200] Locking to pool 0x19dc9ed0, size 0xe21000, HostPtr = 0x7fbdd3fbe000, DevPtr = 0x7fbdd3fbe000
:4:rocblit.cpp              :623 : 4393575657633 us: [pid:4164447 tid: 0x7fbf38fc0200] HSA Copy Using Pinned resource size 14811136
:4:rocblit.cpp              :687 : 4393575657640 us: [pid:4164447 tid: 0x7fbf38fc0200] HSA Async Copy staged D2H
:4:rocblit.cpp              :503 : 4393575657645 us: [pid:4164447 tid: 0x7fbf38fc0200] Last copy mask 0x2
:4:rocblit.cpp              :520 : 4393575657650 us: [pid:4164447 tid: 0x7fbf38fc0200] HSA Async Copy on copy_engine=0x2, dst=0x7fbdd3fbe010, src=0x7fbdb8e00000, size=14811136, forceSDMA=0, wait_event=0x0, completion_signal=0x7fbf2fbfe200
:4:rocvirtual.cpp           :622 : 4393575657666 us: [pid:4164447 tid: 0x7fbf38fc0200] Host wait on completion_signal=0x7fbf2fbfe200
:3:rocvirtual.hpp           :56  : 4393575657676 us: [pid:4164447 tid: 0x7fbf38fc0200] Host active wait for Signal = (0x7fbf2fbfe200) for -1 ns
:4:commandqueue.cpp         :161 : 4393575664916 us: [pid:4164447 tid: 0x7fbf38fc0200] Marker queued to ensure finish
:4:command.cpp              :359 : 4393575664924 us: [pid:4164447 tid: 0x7fbf38fc0200] Command (InternalMarker) enqueued: 0x1a664140
:3:rocvirtual.cpp           :533 : 4393575664938 us: [pid:4164447 tid: 0x7fbf38fc0200] Set Handler: handle(0x7fbf2fbfbe00), timestamp(0x1a61edb0)
:4:rocvirtual.cpp           :1147: 4393575664947 us: [pid:4164447 tid: 0x7fbf38fc0200] SWq=0x7fbf2fd32000, HWq=0x7fbf1cc00000, id=1, BarrierAND Header = 0x1503 (type=3, barrier=1, acquire=2, release=2), dep_signal=[0x0, 0x0, 0x0, 0x0, 0x0], completion_signal=0x7fbf2fbfbe00
:4:commandqueue.cpp         :184 : 4393575664958 us: [pid:4164447 tid: 0x7fbf38fc0200] All commands finished
:3:hip_memory.cpp           :796 : 4393575664965 us: [pid:4164447 tid: 0x7fbf38fc0200] hipMemcpy: Returned hipSuccess : : duration: 15715 us
:3:hip_memory.cpp           :3476: 4393575664978 us: [pid:4164447 tid: 0x7fbf38fc0200] [32m hipMemset ( 0x7fbdb4e00000, 0, 81920000 ) [0m
:4:command.cpp              :359 : 4393575664989 us: [pid:4164447 tid: 0x7fbf38fc0200] Command (FillBuffer) enqueued: 0x1a663f40
:3:rocvirtual.cpp           :226 : 4393575664960 us: [pid:4164447 tid: 0x7fbdffbff6c0] Handler: value(0), timestamp(0x1a61ea50), handle(0x7fbf2fbfbe00)
:4:command.cpp              :169 : 4393575665012 us: [pid:4164447 tid: 0x7fbdffbff6c0] Command 0x1a61e850 complete
:3:rocvirtual.cpp           :762 : 4393575665002 us: [pid:4164447 tid: 0x7fbf38fc0200] Arg0: void* buf = ptr:0x7fbdb4e00000
:3:rocvirtual.cpp           :778 : 4393575665402 us: [pid:4164447 tid: 0x7fbf38fc0200] Arg0: void* buf = ptr:0x7fbdb4e00000 obj:[0x7fbdb4e00000-0x7fbdb9c20000]
:3:rocvirtual.cpp           :762 : 4393575665412 us: [pid:4164447 tid: 0x7fbf38fc0200] Arg1: uchar* pattern = ptr:0x7fbf1ca00000
:4:command.cpp              :163 : 4393575665019 us: [pid:4164447 tid: 0x7fbdffbff6c0] Command 0x1a664140 complete (Wall: 4393575665017, CPU: 0, GPU: 86 us)
:3:rocvirtual.cpp           :853 : 4393575665419 us: [pid:4164447 tid: 0x7fbf38fc0200] Arg2: uint pattern_size = val:1
:3:rocvirtual.cpp           :853 : 4393575665438 us: [pid:4164447 tid: 0x7fbf38fc0200] Arg3: uint alignment = val:16
:3:rocvirtual.cpp           :853 : 4393575665443 us: [pid:4164447 tid: 0x7fbf38fc0200] Arg4: ulong end_ptr = val:140452842045440
:3:rocvirtual.cpp           :853 : 4393575665451 us: [pid:4164447 tid: 0x7fbf38fc0200] Arg5: uint next_chunk = val:26624
:3:rocvirtual.cpp           :3236: 4393575665456 us: [pid:4164447 tid: 0x7fbf38fc0200] ShaderName : __amd_rocclr_fillBufferAligned
:3:rocvirtual.cpp           :3449: 4393575665464 us: [pid:4164447 tid: 0x7fbf38fc0200] KernargSegmentByteSize = 296 KernargSegmentAlignment = 128
:4:rocvirtual.cpp           :965 : 4393575665473 us: [pid:4164447 tid: 0x7fbf38fc0200] SWq=0x7fbf2fd32000, HWq=0x7fbf1cc00000, id=1, Dispatch Header = 0x1502 (type=2, barrier=1, acquire=2, release=2), setup=1, grid=[26624, 1, 1], workgroup=[256, 1, 1], private_seg_size=0, group_seg_size=0, kernel_obj=0x7fbf2fd1dd40, kernarg_address=0x7fbf1ca00100, completion_signal=0x0, correlation_id=0, rptr=125, wptr=125
:3:hip_memory.cpp           :3477: 4393575665488 us: [pid:4164447 tid: 0x7fbf38fc0200] hipMemset: Returned hipSuccess : 
:3:hip_device_runtime.cpp   :641 : 4393575665500 us: [pid:4164447 tid: 0x7fbf38fc0200] [32m hipDeviceSynchronize (  ) [0m
:4:commandqueue.cpp         :161 : 4393575665508 us: [pid:4164447 tid: 0x7fbf38fc0200] Marker queued to ensure finish
:4:command.cpp              :359 : 4393575665515 us: [pid:4164447 tid: 0x7fbf38fc0200] Command (InternalMarker) enqueued: 0x19fabba0
:3:rocvirtual.cpp           :533 : 4393575665930 us: [pid:4164447 tid: 0x7fbf38fc0200] Set Handler: handle(0x7fbf2fbfbe80), timestamp(0x1a61eb00)
:4:rocvirtual.cpp           :1147: 4393575665938 us: [pid:4164447 tid: 0x7fbf38fc0200] SWq=0x7fbf2fd32000, HWq=0x7fbf1cc00000, id=1, BarrierAND Header = 0x1503 (type=3, barrier=1, acquire=2, release=2), dep_signal=[0x0, 0x0, 0x0, 0x0, 0x0], completion_signal=0x7fbf2fbfbe80
:3:rocvirtual.cpp           :226 : 4393575665948 us: [pid:4164447 tid: 0x7fbdffbff6c0] Handler: value(0), timestamp(0x1a61e6e0), handle(0x7fbf2fbfbe80)
:4:command.cpp              :169 : 4393575665958 us: [pid:4164447 tid: 0x7fbdffbff6c0] Command 0x1a663f40 complete
:4:command.cpp              :163 : 4393575665964 us: [pid:4164447 tid: 0x7fbdffbff6c0] Command 0x19fabba0 complete (Wall: 4393575665963, CPU: 0, GPU: 38 us)
:4:commandqueue.cpp         :184 : 4393575665949 us: [pid:4164447 tid: 0x7fbf38fc0200] All commands finished
:3:hip_device_runtime.cpp   :645 : 4393575665982 us: [pid:4164447 tid: 0x7fbf38fc0200] hipDeviceSynchronize: Returned hipSuccess : 
:3:hip_platform.cpp         :237 : 4393575665994 us: [pid:4164447 tid: 0x7fbf38fc0200] [32m __hipPushCallConfiguration ( {8,1,1}, {1024,1,1}, 0, stream:<null> ) [0m
:3:hip_platform.cpp         :241 : 4393575666003 us: [pid:4164447 tid: 0x7fbf38fc0200] __hipPushCallConfiguration: Returned hipSuccess : 
:3:hip_platform.cpp         :246 : 4393575666012 us: [pid:4164447 tid: 0x7fbf38fc0200] [32m __hipPopCallConfiguration ( {1131604050,32703,1024}, {2118224,0,2169324560}, 0x7ffc814d4160, 0x7ffc814d4158 ) [0m
:3:hip_platform.cpp         :255 : 4393575666020 us: [pid:4164447 tid: 0x7fbf38fc0200] __hipPopCallConfiguration: Returned hipSuccess : 
:3:hip_module.cpp           :744 : 4393575666737 us: [pid:4164447 tid: 0x7fbf38fc0200] [32m hipLaunchKernel ( 0x200fe8, {8,1,1}, {1024,1,1}, 0x7ffc814d4110, 0, stream:<null> ) [0m
:4:command.cpp              :359 : 4393575666752 us: [pid:4164447 tid: 0x7fbf38fc0200] Command (KernelExecution) enqueued: 0x1a61e850
:3:rocvirtual.cpp           :762 : 4393575666761 us: [pid:4164447 tid: 0x7fbf38fc0200] Arg0:   = ptr:0x7fbdba000000
:3:rocvirtual.cpp           :778 : 4393575666766 us: [pid:4164447 tid: 0x7fbf38fc0200] Arg0:   = ptr:0x7fbdba000000 obj:[0x7fbdba000000-0x7fbdbee20000]
:3:rocvirtual.cpp           :762 : 4393575666774 us: [pid:4164447 tid: 0x7fbf38fc0200] Arg1:   = ptr:0x7fbded427000
:3:rocvirtual.cpp           :778 : 4393575666779 us: [pid:4164447 tid: 0x7fbf38fc0200] Arg1:   = ptr:0x7fbded427000 obj:[0x7fbded427000-0x7fbded437000]
:3:rocvirtual.cpp           :762 : 4393575666789 us: [pid:4164447 tid: 0x7fbf38fc0200] Arg2:   = ptr:0x7fbdb4e00000
:3:rocvirtual.cpp           :778 : 4393575666794 us: [pid:4164447 tid: 0x7fbf38fc0200] Arg2:   = ptr:0x7fbdb4e00000 obj:[0x7fbdb4e00000-0x7fbdb9c20000]
:3:rocvirtual.cpp           :853 : 4393575666801 us: [pid:4164447 tid: 0x7fbf38fc0200] Arg3:   = val:2048
:3:rocvirtual.cpp           :762 : 4393575666806 us: [pid:4164447 tid: 0x7fbf38fc0200] Arg4:   = ptr:0x7fbded400000
:3:rocvirtual.cpp           :778 : 4393575666811 us: [pid:4164447 tid: 0x7fbf38fc0200] Arg4:   = ptr:0x7fbded400000 obj:[0x7fbded400000-0x7fbded400024]
:3:rocvirtual.cpp           :3236: 4393575666818 us: [pid:4164447 tid: 0x7fbf38fc0200] ShaderName : void dense_esuhm3<float>(float const*, float const*, float*, int, int const*)
:3:rocvirtual.cpp           :3449: 4393575666826 us: [pid:4164447 tid: 0x7fbf38fc0200] KernargSegmentByteSize = 296 KernargSegmentAlignment = 128
:4:rocvirtual.cpp           :965 : 4393575666841 us: [pid:4164447 tid: 0x7fbf38fc0200] SWq=0x7fbf2fd32000, HWq=0x7fbf1cc00000, id=1, Dispatch Header = 0xb02 (type=2, barrier=1, acquire=1, release=1), setup=3, grid=[8192, 1, 1], workgroup=[1024, 1, 1], private_seg_size=140, group_seg_size=0, kernel_obj=0x7fbf2fcf1a00, kernarg_address=0x7fbf1ca00280, completion_signal=0x0, correlation_id=0, rptr=127, wptr=127
:3:hip_module.cpp           :745 : 4393575667295 us: [pid:4164447 tid: 0x7fbf38fc0200] hipLaunchKernel: Returned hipSuccess : : duration: 558 us
:3:hip_device_runtime.cpp   :641 : 4393575667304 us: [pid:4164447 tid: 0x7fbf38fc0200] [32m hipDeviceSynchronize (  ) [0m
:4:commandqueue.cpp         :161 : 4393575667309 us: [pid:4164447 tid: 0x7fbf38fc0200] Marker queued to ensure finish
:4:command.cpp              :359 : 4393575667313 us: [pid:4164447 tid: 0x7fbf38fc0200] Command (InternalMarker) enqueued: 0x19fabba0
:3:rocvirtual.cpp           :533 : 4393575667325 us: [pid:4164447 tid: 0x7fbf38fc0200] Set Handler: handle(0x7fbf2fbfbf00), timestamp(0x1a61e790)
:4:rocvirtual.cpp           :1147: 4393575667333 us: [pid:4164447 tid: 0x7fbf38fc0200] SWq=0x7fbf2fd32000, HWq=0x7fbf1cc00000, id=1, BarrierAND Header = 0x1503 (type=3, barrier=1, acquire=2, release=2), dep_signal=[0x0, 0x0, 0x0, 0x0, 0x0], completion_signal=0x7fbf2fbfbf00
:3:rocvirtual.hpp           :56  : 4393575667344 us: [pid:4164447 tid: 0x7fbf38fc0200] Host active wait for Signal = (0x7fbf2fbfbf00) for -1 ns
:4:commandqueue.cpp         :184 : 4393575667425 us: [pid:4164447 tid: 0x7fbf38fc0200] All commands finished
:3:hip_device_runtime.cpp   :645 : 4393575667768 us: [pid:4164447 tid: 0x7fbf38fc0200] hipDeviceSynchronize: Returned hipSuccess : 
:3:rocvirtual.cpp           :226 : 4393575667426 us: [pid:4164447 tid: 0x7fbdffbff6c0] Handler: value(0), timestamp(0x19ec8b00), handle(0x7fbf2fbfbf00)
:3:hip_memory.cpp           :795 : 4393575667786 us: [pid:4164447 tid: 0x7fbf38fc0200] [32m hipMemcpy ( 0x7fbdcb19d010, 0x7fbdb4e00000, 81920000, hipMemcpyDeviceToHost ) [0m
:4:command.cpp              :359 : 4393575667827 us: [pid:4164447 tid: 0x7fbf38fc0200] Command (CopyDeviceToHost) enqueued: 0x1a663f40
:4:rocblit.cpp              :1673: 4393575667838 us: [pid:4164447 tid: 0x7fbf38fc0200] Unpinned read path, Async = 0
:4:command.cpp              :169 : 4393575667828 us: [pid:4164447 tid: 0x7fbdffbff6c0] Command 0x1a61e850 complete
:4:rocmemory.cpp            :1018: 4393575667855 us: [pid:4164447 tid: 0x7fbf38fc0200] Locking to pool 0x19dc9ed0, size 0x2001000, HostPtr = 0x7fbdcb19d000, DevPtr = 0x7fbdcb19d000
:4:rocblit.cpp              :623 : 4393575667866 us: [pid:4164447 tid: 0x7fbf38fc0200] HSA Copy Using Pinned resource size 33554432
:4:rocblit.cpp              :687 : 4393575667875 us: [pid:4164447 tid: 0x7fbf38fc0200] HSA Async Copy staged D2H
:4:rocblit.cpp              :503 : 4393575667882 us: [pid:4164447 tid: 0x7fbf38fc0200] Last copy mask 0x0
:4:command.cpp              :163 : 4393575667862 us: [pid:4164447 tid: 0x7fbdffbff6c0] Command 0x19fabba0 complete (Wall: 4393575667860, CPU: 0, GPU: 539 us)
:4:rocblit.cpp              :509 : 4393575668238 us: [pid:4164447 tid: 0x7fbf38fc0200] Query copy engine status 0, free_engine mask 0x1e
:4:rocblit.cpp              :520 : 4393575668603 us: [pid:4164447 tid: 0x7fbf38fc0200] HSA Async Copy on copy_engine=0x2, dst=0x7fbdcb19d010, src=0x7fbdb4e00000, size=33554432, forceSDMA=0, wait_event=0x0, completion_signal=0x7fbf2fbfd880
:4:rocvirtual.cpp           :622 : 4393575668613 us: [pid:4164447 tid: 0x7fbf38fc0200] Host wait on completion_signal=0x7fbf2fbfd880
:3:rocvirtual.hpp           :56  : 4393575668620 us: [pid:4164447 tid: 0x7fbf38fc0200] Host active wait for Signal = (0x7fbf2fbfd880) for -1 ns
:4:rocmemory.cpp            :1018: 4393575682105 us: [pid:4164447 tid: 0x7fbf38fc0200] Locking to pool 0x19dc9ed0, size 0x2001000, HostPtr = 0x7fbdcd19d000, DevPtr = 0x7fbdcd19d000
:4:rocblit.cpp              :623 : 4393575682150 us: [pid:4164447 tid: 0x7fbf38fc0200] HSA Copy Using Pinned resource size 33554432
:4:rocblit.cpp              :687 : 4393575682161 us: [pid:4164447 tid: 0x7fbf38fc0200] HSA Async Copy staged D2H
:4:rocblit.cpp              :503 : 4393575682169 us: [pid:4164447 tid: 0x7fbf38fc0200] Last copy mask 0x2
:4:rocblit.cpp              :520 : 4393575682175 us: [pid:4164447 tid: 0x7fbf38fc0200] HSA Async Copy on copy_engine=0x2, dst=0x7fbdcd19d010, src=0x7fbdb6e00000, size=33554432, forceSDMA=0, wait_event=0x0, completion_signal=0x7fbf2fbff780
:4:rocvirtual.cpp           :622 : 4393575682186 us: [pid:4164447 tid: 0x7fbf38fc0200] Host wait on completion_signal=0x7fbf2fbff780
:3:rocvirtual.hpp           :56  : 4393575682195 us: [pid:4164447 tid: 0x7fbf38fc0200] Host active wait for Signal = (0x7fbf2fbff780) for -1 ns
:4:rocmemory.cpp            :1018: 4393575693100 us: [pid:4164447 tid: 0x7fbf38fc0200] Locking to pool 0x19dc9ed0, size 0xe21000, HostPtr = 0x7fbdcf19d000, DevPtr = 0x7fbdcf19d000
:4:rocblit.cpp              :623 : 4393575693114 us: [pid:4164447 tid: 0x7fbf38fc0200] HSA Copy Using Pinned resource size 14811136
:4:rocblit.cpp              :687 : 4393575693121 us: [pid:4164447 tid: 0x7fbf38fc0200] HSA Async Copy staged D2H
:4:rocblit.cpp              :503 : 4393575693126 us: [pid:4164447 tid: 0x7fbf38fc0200] Last copy mask 0x2
:4:rocblit.cpp              :520 : 4393575693131 us: [pid:4164447 tid: 0x7fbf38fc0200] HSA Async Copy on copy_engine=0x2, dst=0x7fbdcf19d010, src=0x7fbdb8e00000, size=14811136, forceSDMA=0, wait_event=0x0, completion_signal=0x7fbf2fbff800
:4:rocvirtual.cpp           :622 : 4393575693141 us: [pid:4164447 tid: 0x7fbf38fc0200] Host wait on completion_signal=0x7fbf2fbff800
:3:rocvirtual.hpp           :56  : 4393575693148 us: [pid:4164447 tid: 0x7fbf38fc0200] Host active wait for Signal = (0x7fbf2fbff800) for -1 ns
:4:commandqueue.cpp         :161 : 4393575693678 us: [pid:4164447 tid: 0x7fbf38fc0200] Marker queued to ensure finish
:4:command.cpp              :359 : 4393575693685 us: [pid:4164447 tid: 0x7fbf38fc0200] Command (InternalMarker) enqueued: 0x19fabba0
:3:rocvirtual.cpp           :533 : 4393575693700 us: [pid:4164447 tid: 0x7fbf38fc0200] Set Handler: handle(0x7fbf2fbfd700), timestamp(0x1a5ae950)
:4:rocvirtual.cpp           :1147: 4393575694128 us: [pid:4164447 tid: 0x7fbf38fc0200] SWq=0x7fbf2fd32000, HWq=0x7fbf1cc00000, id=1, BarrierAND Header = 0x1503 (type=3, barrier=1, acquire=2, release=2), dep_signal=[0x0, 0x0, 0x0, 0x0, 0x0], completion_signal=0x7fbf2fbfd700
:3:rocvirtual.hpp           :56  : 4393575694143 us: [pid:4164447 tid: 0x7fbf38fc0200] Host active wait for Signal = (0x7fbf2fbfd700) for -1 ns
:4:commandqueue.cpp         :184 : 4393575704551 us: [pid:4164447 tid: 0x7fbf38fc0200] All commands finished
:3:hip_memory.cpp           :796 : 4393575704562 us: [pid:4164447 tid: 0x7fbf38fc0200] hipMemcpy: Returned hipSuccess : : duration: 36776 us
:3:rocvirtual.cpp           :226 : 4393575704561 us: [pid:4164447 tid: 0x7fbdffbff6c0] Handler: value(0), timestamp(0x1a588990), handle(0x7fbf2fbfd700)
:4:command.cpp              :169 : 4393575704980 us: [pid:4164447 tid: 0x7fbdffbff6c0] Command 0x1a663f40 complete
:4:command.cpp              :163 : 4393575704998 us: [pid:4164447 tid: 0x7fbdffbff6c0] Command 0x19fabba0 complete (Wall: 4393575704995, CPU: 0, GPU: 11301 us)
:3:hip_memory.cpp           :772 : 4393575910945 us: [pid:4164447 tid: 0x7fbf38fc0200] [32m hipFree ( 0x7fbdba000000 ) [0m
:4:commandqueue.cpp         :167 : 4393575910976 us: [pid:4164447 tid: 0x7fbf38fc0200] HW Event not ready, awaiting completion instead
:4:commandqueue.cpp         :184 : 4393575910990 us: [pid:4164447 tid: 0x7fbf38fc0200] All commands finished
:4:rocdevice.cpp            :2388: 4393575911153 us: [pid:4164447 tid: 0x7fbf38fc0200] Free hsa memory 0x7fbdba000000
:3:rocdevice.cpp            :2411: 4393575911164 us: [pid:4164447 tid: 0x7fbf38fc0200] Device=0x19ec3500, freeMem_ = 0xffa1cffdc
:3:hip_memory.cpp           :774 : 4393575911181 us: [pid:4164447 tid: 0x7fbf38fc0200] hipFree: Returned hipSuccess : 
:3:hip_memory.cpp           :772 : 4393575911188 us: [pid:4164447 tid: 0x7fbf38fc0200] [32m hipFree ( 0x7fbded427000 ) [0m
:4:rocdevice.cpp            :2388: 4393575911199 us: [pid:4164447 tid: 0x7fbf38fc0200] Free hsa memory 0x7fbded427000
:3:rocdevice.cpp            :2411: 4393575911203 us: [pid:4164447 tid: 0x7fbf38fc0200] Device=0x19ec3500, freeMem_ = 0xffa1dffdc
:3:hip_memory.cpp           :774 : 4393575911211 us: [pid:4164447 tid: 0x7fbf38fc0200] hipFree: Returned hipSuccess : 
:3:hip_memory.cpp           :772 : 4393575911541 us: [pid:4164447 tid: 0x7fbf38fc0200] [32m hipFree ( 0x7fbdb4e00000 ) [0m
:4:rocdevice.cpp            :2388: 4393575911595 us: [pid:4164447 tid: 0x7fbf38fc0200] Free hsa memory 0x7fbdb4e00000
:3:rocdevice.cpp            :2411: 4393575911602 us: [pid:4164447 tid: 0x7fbf38fc0200] Device=0x19ec3500, freeMem_ = 0xffeffffdc
:3:hip_memory.cpp           :774 : 4393575911611 us: [pid:4164447 tid: 0x7fbf38fc0200] hipFree: Returned hipSuccess : 
:3:hip_memory.cpp           :772 : 4393575911616 us: [pid:4164447 tid: 0x7fbf38fc0200] [32m hipFree ( 0x7fbded400000 ) [0m
:4:rocdevice.cpp            :2388: 4393575911622 us: [pid:4164447 tid: 0x7fbf38fc0200] Free hsa memory 0x7fbded400000
:3:rocdevice.cpp            :2411: 4393575911627 us: [pid:4164447 tid: 0x7fbf38fc0200] Device=0x19ec3500, freeMem_ = 0xfff000000
:3:hip_memory.cpp           :774 : 4393575911635 us: [pid:4164447 tid: 0x7fbf38fc0200] hipFree: Returned hipSuccess : 
:3:hip_memory.cpp           :756 : 4393596355147 us: [pid:4164447 tid: 0x7fbf38fc0200] [32m hipMalloc ( 0x7ffc814d4340, 491520000 ) [0m
:4:rocdevice.cpp            :2371: 4393596355356 us: [pid:4164447 tid: 0x7fbf38fc0200] Allocate hsa device memory 0x7fbd14200000, size 0x1d4c0000, hsa_mem_flags 0x0h
:3:rocdevice.cpp            :2411: 4393596355967 us: [pid:4164447 tid: 0x7fbf38fc0200] Device=0x19ec3500, freeMem_ = 0xfe1b40000
:3:hip_memory.cpp           :758 : 4393596355979 us: [pid:4164447 tid: 0x7fbf38fc0200] hipMalloc: Returned hipSuccess : 0x7fbd14200000: duration: 832 us
:3:hip_memory.cpp           :795 : 4393596355990 us: [pid:4164447 tid: 0x7fbf38fc0200] [32m hipMemcpy ( 0x7fbd14200000, 0x7fbda6b3f010, 491520000, hipMemcpyHostToDevice ) [0m
:4:command.cpp              :359 : 4393596356018 us: [pid:4164447 tid: 0x7fbf38fc0200] Command (CopyHostToDevice) enqueued: 0x19f11890
:4:rocblit.cpp              :1803: 4393596356032 us: [pid:4164447 tid: 0x7fbf38fc0200] Unpinned write path, Async = 0
:4:rocmemory.cpp            :1018: 4393596356877 us: [pid:4164447 tid: 0x7fbf38fc0200] Locking to pool 0x19dc9ed0, size 0x2001000, HostPtr = 0x7fbda6b3f000, DevPtr = 0x7fbda6b3f000
:4:rocblit.cpp              :623 : 4393596356904 us: [pid:4164447 tid: 0x7fbf38fc0200] HSA Copy Using Pinned resource size 33554432
:4:rocblit.cpp              :680 : 4393596356914 us: [pid:4164447 tid: 0x7fbf38fc0200] HSA Async Copy staged H2D
:4:rocblit.cpp              :503 : 4393596356924 us: [pid:4164447 tid: 0x7fbf38fc0200] Last copy mask 0x0
:4:rocblit.cpp              :509 : 4393596356933 us: [pid:4164447 tid: 0x7fbf38fc0200] Query copy engine status 0, free_engine mask 0x1f
:4:rocblit.cpp              :520 : 4393596356947 us: [pid:4164447 tid: 0x7fbf38fc0200] HSA Async Copy on copy_engine=0x1, dst=0x7fbd14200000, src=0x7fbda6b3f010, size=33554432, forceSDMA=0, wait_event=0x0, completion_signal=0x7fbf2fbff680
:4:rocvirtual.cpp           :622 : 4393596356957 us: [pid:4164447 tid: 0x7fbf38fc0200] Host wait on completion_signal=0x7fbf2fbff680
:3:rocvirtual.hpp           :56  : 4393596356965 us: [pid:4164447 tid: 0x7fbf38fc0200] Host active wait for Signal = (0x7fbf2fbff680) for -1 ns
:4:rocmemory.cpp            :1018: 4393596359341 us: [pid:4164447 tid: 0x7fbf38fc0200] Locking to pool 0x19dc9ed0, size 0x2001000, HostPtr = 0x7fbda8b3f000, DevPtr = 0x7fbda8b3f000
:4:rocblit.cpp              :623 : 4393596359355 us: [pid:4164447 tid: 0x7fbf38fc0200] HSA Copy Using Pinned resource size 33554432
:4:rocblit.cpp              :680 : 4393596359364 us: [pid:4164447 tid: 0x7fbf38fc0200] HSA Async Copy staged H2D
:4:rocblit.cpp              :503 : 4393596359369 us: [pid:4164447 tid: 0x7fbf38fc0200] Last copy mask 0x1
:4:rocblit.cpp              :520 : 4393596359374 us: [pid:4164447 tid: 0x7fbf38fc0200] HSA Async Copy on copy_engine=0x1, dst=0x7fbd16200000, src=0x7fbda8b3f010, size=33554432, forceSDMA=0, wait_event=0x0, completion_signal=0x7fbf2fbff480
:4:rocvirtual.cpp           :622 : 4393596359383 us: [pid:4164447 tid: 0x7fbf38fc0200] Host wait on completion_signal=0x7fbf2fbff480
:3:rocvirtual.hpp           :56  : 4393596359390 us: [pid:4164447 tid: 0x7fbf38fc0200] Host active wait for Signal = (0x7fbf2fbff480) for -1 ns
:4:rocmemory.cpp            :1018: 4393596361482 us: [pid:4164447 tid: 0x7fbf38fc0200] Locking to pool 0x19dc9ed0, size 0x2001000, HostPtr = 0x7fbdaab3f000, DevPtr = 0x7fbdaab3f000
:4:rocblit.cpp              :623 : 4393596361502 us: [pid:4164447 tid: 0x7fbf38fc0200] HSA Copy Using Pinned resource size 33554432
:4:rocblit.cpp              :680 : 4393596361511 us: [pid:4164447 tid: 0x7fbf38fc0200] HSA Async Copy staged H2D
:4:rocblit.cpp              :503 : 4393596361518 us: [pid:4164447 tid: 0x7fbf38fc0200] Last copy mask 0x1
:4:rocblit.cpp              :520 : 4393596361523 us: [pid:4164447 tid: 0x7fbf38fc0200] HSA Async Copy on copy_engine=0x1, dst=0x7fbd18200000, src=0x7fbdaab3f010, size=33554432, forceSDMA=0, wait_event=0x0, completion_signal=0x7fbf2fbfd900
:4:rocvirtual.cpp           :622 : 4393596361531 us: [pid:4164447 tid: 0x7fbf38fc0200] Host wait on completion_signal=0x7fbf2fbfd900
:3:rocvirtual.hpp           :56  : 4393596361539 us: [pid:4164447 tid: 0x7fbf38fc0200] Host active wait for Signal = (0x7fbf2fbfd900) for -1 ns
:4:rocmemory.cpp            :1018: 4393596363618 us: [pid:4164447 tid: 0x7fbf38fc0200] Locking to pool 0x19dc9ed0, size 0x2001000, HostPtr = 0x7fbdacb3f000, DevPtr = 0x7fbdacb3f000
:4:rocblit.cpp              :623 : 4393596363638 us: [pid:4164447 tid: 0x7fbf38fc0200] HSA Copy Using Pinned resource size 33554432
:4:rocblit.cpp              :680 : 4393596363645 us: [pid:4164447 tid: 0x7fbf38fc0200] HSA Async Copy staged H2D
:4:rocblit.cpp              :503 : 4393596363653 us: [pid:4164447 tid: 0x7fbf38fc0200] Last copy mask 0x1
:4:rocblit.cpp              :520 : 4393596363658 us: [pid:4164447 tid: 0x7fbf38fc0200] HSA Async Copy on copy_engine=0x1, dst=0x7fbd1a200000, src=0x7fbdacb3f010, size=33554432, forceSDMA=0, wait_event=0x0, completion_signal=0x7fbf2fbfe280
:4:rocvirtual.cpp           :622 : 4393596363669 us: [pid:4164447 tid: 0x7fbf38fc0200] Host wait on completion_signal=0x7fbf2fbfe280
:3:rocvirtual.hpp           :56  : 4393596363677 us: [pid:4164447 tid: 0x7fbf38fc0200] Host active wait for Signal = (0x7fbf2fbfe280) for -1 ns
:4:rocmemory.cpp            :1018: 4393596365760 us: [pid:4164447 tid: 0x7fbf38fc0200] Locking to pool 0x19dc9ed0, size 0x2001000, HostPtr = 0x7fbdaeb3f000, DevPtr = 0x7fbdaeb3f000
:4:rocblit.cpp              :623 : 4393596365777 us: [pid:4164447 tid: 0x7fbf38fc0200] HSA Copy Using Pinned resource size 33554432
:4:rocblit.cpp              :680 : 4393596365785 us: [pid:4164447 tid: 0x7fbf38fc0200] HSA Async Copy staged H2D
:4:rocblit.cpp              :503 : 4393596365818 us: [pid:4164447 tid: 0x7fbf38fc0200] Last copy mask 0x1
:4:rocblit.cpp              :520 : 4393596365825 us: [pid:4164447 tid: 0x7fbf38fc0200] HSA Async Copy on copy_engine=0x1, dst=0x7fbd1c200000, src=0x7fbdaeb3f010, size=33554432, forceSDMA=0, wait_event=0x0, completion_signal=0x7fbf2fbfe300
:4:rocvirtual.cpp           :622 : 4393596365836 us: [pid:4164447 tid: 0x7fbf38fc0200] Host wait on completion_signal=0x7fbf2fbfe300
:3:rocvirtual.hpp           :56  : 4393596365845 us: [pid:4164447 tid: 0x7fbf38fc0200] Host active wait for Signal = (0x7fbf2fbfe300) for -1 ns
:4:rocmemory.cpp            :1018: 4393596367942 us: [pid:4164447 tid: 0x7fbf38fc0200] Locking to pool 0x19dc9ed0, size 0x2001000, HostPtr = 0x7fbdb0b3f000, DevPtr = 0x7fbdb0b3f000
:4:rocblit.cpp              :623 : 4393596367961 us: [pid:4164447 tid: 0x7fbf38fc0200] HSA Copy Using Pinned resource size 33554432
:4:rocblit.cpp              :680 : 4393596367970 us: [pid:4164447 tid: 0x7fbf38fc0200] HSA Async Copy staged H2D
:4:rocblit.cpp              :503 : 4393596367976 us: [pid:4164447 tid: 0x7fbf38fc0200] Last copy mask 0x1
:4:rocblit.cpp              :520 : 4393596367980 us: [pid:4164447 tid: 0x7fbf38fc0200] HSA Async Copy on copy_engine=0x1, dst=0x7fbd1e200000, src=0x7fbdb0b3f010, size=33554432, forceSDMA=0, wait_event=0x0, completion_signal=0x7fbf2fbfe400
:4:rocvirtual.cpp           :622 : 4393596367989 us: [pid:4164447 tid: 0x7fbf38fc0200] Host wait on completion_signal=0x7fbf2fbfe400
:3:rocvirtual.hpp           :56  : 4393596367997 us: [pid:4164447 tid: 0x7fbf38fc0200] Host active wait for Signal = (0x7fbf2fbfe400) for -1 ns
:4:rocmemory.cpp            :1018: 4393596370127 us: [pid:4164447 tid: 0x7fbf38fc0200] Locking to pool 0x19dc9ed0, size 0x2001000, HostPtr = 0x7fbdb2b3f000, DevPtr = 0x7fbdb2b3f000
:4:rocblit.cpp              :623 : 4393596370145 us: [pid:4164447 tid: 0x7fbf38fc0200] HSA Copy Using Pinned resource size 33554432
:4:rocblit.cpp              :680 : 4393596370152 us: [pid:4164447 tid: 0x7fbf38fc0200] HSA Async Copy staged H2D
:4:rocblit.cpp              :503 : 4393596370158 us: [pid:4164447 tid: 0x7fbf38fc0200] Last copy mask 0x1
:4:rocblit.cpp              :520 : 4393596370163 us: [pid:4164447 tid: 0x7fbf38fc0200] HSA Async Copy on copy_engine=0x1, dst=0x7fbd20200000, src=0x7fbdb2b3f010, size=33554432, forceSDMA=0, wait_event=0x0, completion_signal=0x7fbf2fbff380
:4:rocvirtual.cpp           :622 : 4393596370172 us: [pid:4164447 tid: 0x7fbf38fc0200] Host wait on completion_signal=0x7fbf2fbff380
:3:rocvirtual.hpp           :56  : 4393596370180 us: [pid:4164447 tid: 0x7fbf38fc0200] Host active wait for Signal = (0x7fbf2fbff380) for -1 ns
:4:rocmemory.cpp            :1018: 4393596372256 us: [pid:4164447 tid: 0x7fbf38fc0200] Locking to pool 0x19dc9ed0, size 0x2001000, HostPtr = 0x7fbdb4b3f000, DevPtr = 0x7fbdb4b3f000
:4:rocblit.cpp              :623 : 4393596372269 us: [pid:4164447 tid: 0x7fbf38fc0200] HSA Copy Using Pinned resource size 33554432
:4:rocblit.cpp              :680 : 4393596372277 us: [pid:4164447 tid: 0x7fbf38fc0200] HSA Async Copy staged H2D
:4:rocblit.cpp              :503 : 4393596372282 us: [pid:4164447 tid: 0x7fbf38fc0200] Last copy mask 0x1
:4:rocblit.cpp              :520 : 4393596372287 us: [pid:4164447 tid: 0x7fbf38fc0200] HSA Async Copy on copy_engine=0x1, dst=0x7fbd22200000, src=0x7fbdb4b3f010, size=33554432, forceSDMA=0, wait_event=0x0, completion_signal=0x7fbf2fbff180
:4:rocvirtual.cpp           :622 : 4393596372296 us: [pid:4164447 tid: 0x7fbf38fc0200] Host wait on completion_signal=0x7fbf2fbff180
:3:rocvirtual.hpp           :56  : 4393596372303 us: [pid:4164447 tid: 0x7fbf38fc0200] Host active wait for Signal = (0x7fbf2fbff180) for -1 ns
:4:rocmemory.cpp            :1018: 4393596374376 us: [pid:4164447 tid: 0x7fbf38fc0200] Locking to pool 0x19dc9ed0, size 0x2001000, HostPtr = 0x7fbdb6b3f000, DevPtr = 0x7fbdb6b3f000
:4:rocblit.cpp              :623 : 4393596374391 us: [pid:4164447 tid: 0x7fbf38fc0200] HSA Copy Using Pinned resource size 33554432
:4:rocblit.cpp              :680 : 4393596374403 us: [pid:4164447 tid: 0x7fbf38fc0200] HSA Async Copy staged H2D
:4:rocblit.cpp              :503 : 4393596374410 us: [pid:4164447 tid: 0x7fbf38fc0200] Last copy mask 0x1
:4:rocblit.cpp              :520 : 4393596374415 us: [pid:4164447 tid: 0x7fbf38fc0200] HSA Async Copy on copy_engine=0x1, dst=0x7fbd24200000, src=0x7fbdb6b3f010, size=33554432, forceSDMA=0, wait_event=0x0, completion_signal=0x7fbf2fbfd980
:4:rocvirtual.cpp           :622 : 4393596374423 us: [pid:4164447 tid: 0x7fbf38fc0200] Host wait on completion_signal=0x7fbf2fbfd980
:3:rocvirtual.hpp           :56  : 4393596374431 us: [pid:4164447 tid: 0x7fbf38fc0200] Host active wait for Signal = (0x7fbf2fbfd980) for -1 ns
:4:rocmemory.cpp            :1018: 4393596376551 us: [pid:4164447 tid: 0x7fbf38fc0200] Locking to pool 0x19dc9ed0, size 0x2001000, HostPtr = 0x7fbdb8b3f000, DevPtr = 0x7fbdb8b3f000
:4:rocblit.cpp              :623 : 4393596376565 us: [pid:4164447 tid: 0x7fbf38fc0200] HSA Copy Using Pinned resource size 33554432
:4:rocblit.cpp              :680 : 4393596376572 us: [pid:4164447 tid: 0x7fbf38fc0200] HSA Async Copy staged H2D
:4:rocblit.cpp              :503 : 4393596376579 us: [pid:4164447 tid: 0x7fbf38fc0200] Last copy mask 0x1
:4:rocblit.cpp              :520 : 4393596376584 us: [pid:4164447 tid: 0x7fbf38fc0200] HSA Async Copy on copy_engine=0x1, dst=0x7fbd26200000, src=0x7fbdb8b3f010, size=33554432, forceSDMA=0, wait_event=0x0, completion_signal=0x7fbf2fbfe480
:4:rocvirtual.cpp           :622 : 4393596376592 us: [pid:4164447 tid: 0x7fbf38fc0200] Host wait on completion_signal=0x7fbf2fbfe480
:3:rocvirtual.hpp           :56  : 4393596376600 us: [pid:4164447 tid: 0x7fbf38fc0200] Host active wait for Signal = (0x7fbf2fbfe480) for -1 ns
:4:rocmemory.cpp            :1018: 4393596378651 us: [pid:4164447 tid: 0x7fbf38fc0200] Locking to pool 0x19dc9ed0, size 0x2001000, HostPtr = 0x7fbdbab3f000, DevPtr = 0x7fbdbab3f000
:4:rocblit.cpp              :623 : 4393596378664 us: [pid:4164447 tid: 0x7fbf38fc0200] HSA Copy Using Pinned resource size 33554432
:4:rocblit.cpp              :680 : 4393596378672 us: [pid:4164447 tid: 0x7fbf38fc0200] HSA Async Copy staged H2D
:4:rocblit.cpp              :503 : 4393596378678 us: [pid:4164447 tid: 0x7fbf38fc0200] Last copy mask 0x1
:4:rocblit.cpp              :520 : 4393596378682 us: [pid:4164447 tid: 0x7fbf38fc0200] HSA Async Copy on copy_engine=0x1, dst=0x7fbd28200000, src=0x7fbdbab3f010, size=33554432, forceSDMA=0, wait_event=0x0, completion_signal=0x7fbf2fbfe500
:4:rocvirtual.cpp           :622 : 4393596378691 us: [pid:4164447 tid: 0x7fbf38fc0200] Host wait on completion_signal=0x7fbf2fbfe500
:3:rocvirtual.hpp           :56  : 4393596378698 us: [pid:4164447 tid: 0x7fbf38fc0200] Host active wait for Signal = (0x7fbf2fbfe500) for -1 ns
:4:rocmemory.cpp            :1018: 4393596423056 us: [pid:4164447 tid: 0x7fbf38fc0200] Locking to pool 0x19dc9ed0, size 0x2001000, HostPtr = 0x7fbdbcb3f000, DevPtr = 0x7fbdbcb3f000
:4:rocblit.cpp              :623 : 4393596423089 us: [pid:4164447 tid: 0x7fbf38fc0200] HSA Copy Using Pinned resource size 33554432
:4:rocblit.cpp              :680 : 4393596423097 us: [pid:4164447 tid: 0x7fbf38fc0200] HSA Async Copy staged H2D
:4:rocblit.cpp              :503 : 4393596423104 us: [pid:4164447 tid: 0x7fbf38fc0200] Last copy mask 0x1
:4:rocblit.cpp              :520 : 4393596423109 us: [pid:4164447 tid: 0x7fbf38fc0200] HSA Async Copy on copy_engine=0x1, dst=0x7fbd2a200000, src=0x7fbdbcb3f010, size=33554432, forceSDMA=0, wait_event=0x0, completion_signal=0x7fbf2fbfe600
:4:rocvirtual.cpp           :622 : 4393596423120 us: [pid:4164447 tid: 0x7fbf38fc0200] Host wait on completion_signal=0x7fbf2fbfe600
:3:rocvirtual.hpp           :56  : 4393596423127 us: [pid:4164447 tid: 0x7fbf38fc0200] Host active wait for Signal = (0x7fbf2fbfe600) for -1 ns
:4:rocmemory.cpp            :1018: 4393597635389 us: [pid:4164447 tid: 0x7fbf38fc0200] Locking to pool 0x19dc9ed0, size 0x2001000, HostPtr = 0x7fbdbeb3f000, DevPtr = 0x7fbdbeb3f000
:4:rocblit.cpp              :623 : 4393597635425 us: [pid:4164447 tid: 0x7fbf38fc0200] HSA Copy Using Pinned resource size 33554432
:4:rocblit.cpp              :680 : 4393597635447 us: [pid:4164447 tid: 0x7fbf38fc0200] HSA Async Copy staged H2D
:4:rocblit.cpp              :503 : 4393597635453 us: [pid:4164447 tid: 0x7fbf38fc0200] Last copy mask 0x1
:4:rocblit.cpp              :520 : 4393597635458 us: [pid:4164447 tid: 0x7fbf38fc0200] HSA Async Copy on copy_engine=0x1, dst=0x7fbd2c200000, src=0x7fbdbeb3f010, size=33554432, forceSDMA=0, wait_event=0x0, completion_signal=0x7fbf2fbfef80
:4:rocvirtual.cpp           :622 : 4393597635471 us: [pid:4164447 tid: 0x7fbf38fc0200] Host wait on completion_signal=0x7fbf2fbfef80
:3:rocvirtual.hpp           :56  : 4393597635479 us: [pid:4164447 tid: 0x7fbf38fc0200] Host active wait for Signal = (0x7fbf2fbfef80) for -1 ns
:4:rocmemory.cpp            :1018: 4393597637615 us: [pid:4164447 tid: 0x7fbf38fc0200] Locking to pool 0x19dc9ed0, size 0x2001000, HostPtr = 0x7fbdc0b3f000, DevPtr = 0x7fbdc0b3f000
:4:rocblit.cpp              :623 : 4393597637630 us: [pid:4164447 tid: 0x7fbf38fc0200] HSA Copy Using Pinned resource size 33554432
:4:rocblit.cpp              :680 : 4393597637638 us: [pid:4164447 tid: 0x7fbf38fc0200] HSA Async Copy staged H2D
:4:rocblit.cpp              :503 : 4393597637643 us: [pid:4164447 tid: 0x7fbf38fc0200] Last copy mask 0x1
:4:rocblit.cpp              :520 : 4393597637648 us: [pid:4164447 tid: 0x7fbf38fc0200] HSA Async Copy on copy_engine=0x1, dst=0x7fbd2e200000, src=0x7fbdc0b3f010, size=33554432, forceSDMA=0, wait_event=0x0, completion_signal=0x7fbf2fbfda00
:4:rocvirtual.cpp           :622 : 4393597637657 us: [pid:4164447 tid: 0x7fbf38fc0200] Host wait on completion_signal=0x7fbf2fbfda00
:3:rocvirtual.hpp           :56  : 4393597637664 us: [pid:4164447 tid: 0x7fbf38fc0200] Host active wait for Signal = (0x7fbf2fbfda00) for -1 ns
:4:rocmemory.cpp            :1018: 4393597639459 us: [pid:4164447 tid: 0x7fbf38fc0200] Locking to pool 0x19dc9ed0, size 0x14c1000, HostPtr = 0x7fbdc2b3f000, DevPtr = 0x7fbdc2b3f000
:4:rocblit.cpp              :623 : 4393597639471 us: [pid:4164447 tid: 0x7fbf38fc0200] HSA Copy Using Pinned resource size 21757952
:4:rocblit.cpp              :680 : 4393597639479 us: [pid:4164447 tid: 0x7fbf38fc0200] HSA Async Copy staged H2D
:4:rocblit.cpp              :503 : 4393597639485 us: [pid:4164447 tid: 0x7fbf38fc0200] Last copy mask 0x1
:4:rocblit.cpp              :520 : 4393597639490 us: [pid:4164447 tid: 0x7fbf38fc0200] HSA Async Copy on copy_engine=0x1, dst=0x7fbd30200000, src=0x7fbdc2b3f010, size=21757952, forceSDMA=0, wait_event=0x0, completion_signal=0x7fbf2fbfdb00
:4:rocvirtual.cpp           :622 : 4393597639498 us: [pid:4164447 tid: 0x7fbf38fc0200] Host wait on completion_signal=0x7fbf2fbfdb00
:3:rocvirtual.hpp           :56  : 4393597639505 us: [pid:4164447 tid: 0x7fbf38fc0200] Host active wait for Signal = (0x7fbf2fbfdb00) for -1 ns
:4:commandqueue.cpp         :161 : 4393597640317 us: [pid:4164447 tid: 0x7fbf38fc0200] Marker queued to ensure finish
:4:command.cpp              :359 : 4393597640324 us: [pid:4164447 tid: 0x7fbf38fc0200] Command (InternalMarker) enqueued: 0x19fabba0
:3:rocvirtual.cpp           :533 : 4393597640344 us: [pid:4164447 tid: 0x7fbf38fc0200] Set Handler: handle(0x7fbf2fbfcd00), timestamp(0x1a57c860)
:4:rocvirtual.cpp           :1147: 4393597640353 us: [pid:4164447 tid: 0x7fbf38fc0200] SWq=0x7fbf2fd32000, HWq=0x7fbf1cc00000, id=1, BarrierAND Header = 0x1503 (type=3, barrier=1, acquire=2, release=2), dep_signal=[0x0, 0x0, 0x0, 0x0, 0x0], completion_signal=0x7fbf2fbfcd00
:4:commandqueue.cpp         :184 : 4393597640365 us: [pid:4164447 tid: 0x7fbf38fc0200] All commands finished
:3:hip_memory.cpp           :796 : 4393597640371 us: [pid:4164447 tid: 0x7fbf38fc0200] hipMemcpy: Returned hipSuccess : : duration: 1284381 us
:3:rocvirtual.cpp           :226 : 4393597640376 us: [pid:4164447 tid: 0x7fbdffbff6c0] Handler: value(0), timestamp(0x1a6e0610), handle(0x7fbf2fbfcd00)
:4:command.cpp              :169 : 4393597640415 us: [pid:4164447 tid: 0x7fbdffbff6c0] Command 0x19f11890 complete
:3:hip_memory.cpp           :756 : 4393597640387 us: [pid:4164447 tid: 0x7fbf38fc0200] [32m hipMalloc ( 0x7ffc814d4338, 393216 ) [0m
:4:command.cpp              :163 : 4393597640453 us: [pid:4164447 tid: 0x7fbdffbff6c0] Command 0x19fabba0 complete (Wall: 4393597640451, CPU: 0, GPU: 117 us)
:4:rocdevice.cpp            :2371: 4393597640471 us: [pid:4164447 tid: 0x7fbf38fc0200] Allocate hsa device memory 0x7fbded427000, size 0x60000, hsa_mem_flags 0x0h
:3:rocdevice.cpp            :2411: 4393597640488 us: [pid:4164447 tid: 0x7fbf38fc0200] Device=0x19ec3500, freeMem_ = 0xfe1ae0000
:3:hip_memory.cpp           :758 : 4393597640499 us: [pid:4164447 tid: 0x7fbf38fc0200] hipMalloc: Returned hipSuccess : 0x7fbded427000: duration: 112 us
:3:hip_memory.cpp           :795 : 4393597640509 us: [pid:4164447 tid: 0x7fbf38fc0200] [32m hipMemcpy ( 0x7fbded427000, 0x1a668140, 393216, hipMemcpyHostToDevice ) [0m
:4:command.cpp              :359 : 4393597640523 us: [pid:4164447 tid: 0x7fbf38fc0200] Command (CopyHostToDevice) enqueued: 0x19f11890
:4:rocblit.cpp              :1803: 4393597640532 us: [pid:4164447 tid: 0x7fbf38fc0200] Unpinned write path, Async = 0
:4:rocblit.cpp              :633 : 4393597640537 us: [pid:4164447 tid: 0x7fbf38fc0200] HSA Copy Using Staging resource size 393216
:4:rocblit.cpp              :680 : 4393597640581 us: [pid:4164447 tid: 0x7fbf38fc0200] HSA Async Copy staged H2D
:4:rocblit.cpp              :503 : 4393597640588 us: [pid:4164447 tid: 0x7fbf38fc0200] Last copy mask 0x0
:4:rocblit.cpp              :509 : 4393597640594 us: [pid:4164447 tid: 0x7fbf38fc0200] Query copy engine status 0, free_engine mask 0x1f
:4:rocblit.cpp              :520 : 4393597640602 us: [pid:4164447 tid: 0x7fbf38fc0200] HSA Async Copy on copy_engine=0x1, dst=0x7fbded427000, src=0x7fbf1c416200, size=393216, forceSDMA=0, wait_event=0x0, completion_signal=0x7fbf2fbfe680
:4:commandqueue.cpp         :161 : 4393597640611 us: [pid:4164447 tid: 0x7fbf38fc0200] Marker queued to ensure finish
:4:command.cpp              :359 : 4393597640615 us: [pid:4164447 tid: 0x7fbf38fc0200] Command (InternalMarker) enqueued: 0x19fabba0
:3:rocvirtual.cpp           :533 : 4393597640629 us: [pid:4164447 tid: 0x7fbf38fc0200] Set Handler: handle(0x7fbf2fbfcc00), timestamp(0x1a71cb80)
:4:rocvirtual.cpp           :1147: 4393597640638 us: [pid:4164447 tid: 0x7fbf38fc0200] SWq=0x7fbf2fd32000, HWq=0x7fbf1cc00000, id=1, BarrierAND Header = 0x1503 (type=3, barrier=1, acquire=2, release=2), dep_signal=[0x7fbf2fbfe680, 0x0, 0x0, 0x0, 0x0], completion_signal=0x7fbf2fbfcc00
:4:commandqueue.cpp         :184 : 4393597640648 us: [pid:4164447 tid: 0x7fbf38fc0200] All commands finished
:3:hip_memory.cpp           :796 : 4393597640654 us: [pid:4164447 tid: 0x7fbf38fc0200] hipMemcpy: Returned hipSuccess : : duration: 145 us
:3:hip_memory.cpp           :756 : 4393597640663 us: [pid:4164447 tid: 0x7fbf38fc0200] [32m hipMalloc ( 0x7ffc814d4330, 491520000 ) [0m
:3:rocvirtual.cpp           :226 : 4393597640649 us: [pid:4164447 tid: 0x7fbdffbff6c0] Handler: value(0), timestamp(0x1a6261b0), handle(0x7fbf2fbfcc00)
:4:command.cpp              :169 : 4393597640692 us: [pid:4164447 tid: 0x7fbdffbff6c0] Command 0x19f11890 complete
:4:command.cpp              :163 : 4393597640699 us: [pid:4164447 tid: 0x7fbdffbff6c0] Command 0x19fabba0 complete (Wall: 4393597640698, CPU: 0, GPU: 74 us)
:4:rocdevice.cpp            :2371: 4393597640783 us: [pid:4164447 tid: 0x7fbf38fc0200] Allocate hsa device memory 0x7fbcf6a00000, size 0x1d4c0000, hsa_mem_flags 0x0h
:3:rocdevice.cpp            :2411: 4393597641247 us: [pid:4164447 tid: 0x7fbf38fc0200] Device=0x19ec3500, freeMem_ = 0xfc4620000
:3:hip_memory.cpp           :758 : 4393597641257 us: [pid:4164447 tid: 0x7fbf38fc0200] hipMalloc: Returned hipSuccess : 0x7fbcf6a00000: duration: 594 us
:3:hip_memory.cpp           :756 : 4393597641266 us: [pid:4164447 tid: 0x7fbf38fc0200] [32m hipMalloc ( 0x7ffc814d4328, 36 ) [0m
:4:rocdevice.cpp            :2371: 4393597641277 us: [pid:4164447 tid: 0x7fbf38fc0200] Allocate hsa device memory 0x7fbded400000, size 0x24, hsa_mem_flags 0x0h
:3:rocdevice.cpp            :2411: 4393597641289 us: [pid:4164447 tid: 0x7fbf38fc0200] Device=0x19ec3500, freeMem_ = 0xfc461ffdc
:3:hip_memory.cpp           :758 : 4393597641297 us: [pid:4164447 tid: 0x7fbf38fc0200] hipMalloc: Returned hipSuccess : 0x7fbded400000: duration: 31 us
:3:hip_memory.cpp           :795 : 4393597641307 us: [pid:4164447 tid: 0x7fbf38fc0200] [32m hipMemcpy ( 0x7fbded400000, 0x19dbfdc0, 36, hipMemcpyHostToDevice ) [0m
:4:command.cpp              :359 : 4393597641317 us: [pid:4164447 tid: 0x7fbf38fc0200] Command (CopyHostToDevice) enqueued: 0x19f11890
:4:rocblit.cpp              :1803: 4393597641644 us: [pid:4164447 tid: 0x7fbf38fc0200] Unpinned write path, Async = 0
:4:rocblit.cpp              :1832: 4393597641649 us: [pid:4164447 tid: 0x7fbf38fc0200] memcpy stg buf=0x7fbf1c476200, host src=0x19dbfdc0, size=36
:4:rocblit.cpp              :1835: 4393597641657 us: [pid:4164447 tid: 0x7fbf38fc0200] Blit staging H2D copy dst=0x7fbded400000, stg buf=0x7fbf1c476200, dstOrigin=0x0, size=36
:3:rocvirtual.cpp           :762 : 4393597641667 us: [pid:4164447 tid: 0x7fbf38fc0200] Arg0: uchar* src = ptr:0x7fbf1c476200
:3:rocvirtual.cpp           :762 : 4393597641672 us: [pid:4164447 tid: 0x7fbf38fc0200] Arg1: uchar* dst = ptr:0x7fbded400000
:3:rocvirtual.cpp           :853 : 4393597641677 us: [pid:4164447 tid: 0x7fbf38fc0200] Arg2: ulong size = val:36
:3:rocvirtual.cpp           :853 : 4393597641681 us: [pid:4164447 tid: 0x7fbf38fc0200] Arg3: uint remainder = val:4
:3:rocvirtual.cpp           :853 : 4393597641687 us: [pid:4164447 tid: 0x7fbf38fc0200] Arg4: uint aligned_size = val:16
:3:rocvirtual.cpp           :853 : 4393597641691 us: [pid:4164447 tid: 0x7fbf38fc0200] Arg5: ulong end_ptr = val:140453705941024
:3:rocvirtual.cpp           :853 : 4393597641699 us: [pid:4164447 tid: 0x7fbf38fc0200] Arg6: uint next_chunk = val:512
:3:rocvirtual.cpp           :3236: 4393597641704 us: [pid:4164447 tid: 0x7fbf38fc0200] ShaderName : __amd_rocclr_copyBuffer
:3:rocvirtual.cpp           :3449: 4393597641710 us: [pid:4164447 tid: 0x7fbf38fc0200] KernargSegmentByteSize = 304 KernargSegmentAlignment = 128
:4:rocvirtual.cpp           :965 : 4393597641719 us: [pid:4164447 tid: 0x7fbf38fc0200] SWq=0x7fbf2fd32000, HWq=0x7fbf1cc00000, id=1, Dispatch Header = 0x1502 (type=2, barrier=1, acquire=2, release=2), setup=1, grid=[512, 1, 1], workgroup=[512, 1, 1], private_seg_size=0, group_seg_size=0, kernel_obj=0x7fbf2fd1ddc0, kernarg_address=0x7fbf1ca00000, completion_signal=0x0, correlation_id=0, rptr=132, wptr=132
:4:commandqueue.cpp         :161 : 4393597642164 us: [pid:4164447 tid: 0x7fbf38fc0200] Marker queued to ensure finish
:4:command.cpp              :359 : 4393597642169 us: [pid:4164447 tid: 0x7fbf38fc0200] Command (InternalMarker) enqueued: 0x19fabba0
:3:rocvirtual.cpp           :533 : 4393597642181 us: [pid:4164447 tid: 0x7fbf38fc0200] Set Handler: handle(0x7fbf2fbfcc80), timestamp(0x1a4d7820)
:4:rocvirtual.cpp           :1147: 4393597642189 us: [pid:4164447 tid: 0x7fbf38fc0200] SWq=0x7fbf2fd32000, HWq=0x7fbf1cc00000, id=1, BarrierAND Header = 0x1503 (type=3, barrier=1, acquire=2, release=2), dep_signal=[0x0, 0x0, 0x0, 0x0, 0x0], completion_signal=0x7fbf2fbfcc80
:4:commandqueue.cpp         :184 : 4393597642201 us: [pid:4164447 tid: 0x7fbf38fc0200] All commands finished
:3:hip_memory.cpp           :796 : 4393597642207 us: [pid:4164447 tid: 0x7fbf38fc0200] hipMemcpy: Returned hipSuccess : : duration: 900 us
:3:hip_memory.cpp           :3476: 4393597642220 us: [pid:4164447 tid: 0x7fbf38fc0200] [32m hipMemset ( 0x7fbcf6a00000, 0, 491520000 ) [0m
:3:rocvirtual.cpp           :226 : 4393597642196 us: [pid:4164447 tid: 0x7fbdffbff6c0] Handler: value(0), timestamp(0x1a4d75d0), handle(0x7fbf2fbfcc80)
:4:command.cpp              :169 : 4393597642241 us: [pid:4164447 tid: 0x7fbdffbff6c0] Command 0x19f11890 complete
:4:command.cpp              :163 : 4393597642247 us: [pid:4164447 tid: 0x7fbdffbff6c0] Command 0x19fabba0 complete (Wall: 4393597642246, CPU: 0, GPU: 69 us)
:4:command.cpp              :359 : 4393597642231 us: [pid:4164447 tid: 0x7fbf38fc0200] Command (FillBuffer) enqueued: 0x1a61e850
:3:rocvirtual.cpp           :762 : 4393597642666 us: [pid:4164447 tid: 0x7fbf38fc0200] Arg0: void* buf = ptr:0x7fbcf6a00000
:3:rocvirtual.cpp           :778 : 4393597642671 us: [pid:4164447 tid: 0x7fbf38fc0200] Arg0: void* buf = ptr:0x7fbcf6a00000 obj:[0x7fbcf6a00000-0x7fbd13ec0000]
:3:rocvirtual.cpp           :762 : 4393597642679 us: [pid:4164447 tid: 0x7fbf38fc0200] Arg1: uchar* pattern = ptr:0x7fbf1ca00200
:3:rocvirtual.cpp           :853 : 4393597642688 us: [pid:4164447 tid: 0x7fbf38fc0200] Arg2: uint pattern_size = val:1
:3:rocvirtual.cpp           :853 : 4393597642693 us: [pid:4164447 tid: 0x7fbf38fc0200] Arg3: uint alignment = val:16
:3:rocvirtual.cpp           :853 : 4393597642698 us: [pid:4164447 tid: 0x7fbf38fc0200] Arg4: ulong end_ptr = val:140450059780096
:3:rocvirtual.cpp           :853 : 4393597642705 us: [pid:4164447 tid: 0x7fbf38fc0200] Arg5: uint next_chunk = val:26624
:3:rocvirtual.cpp           :3236: 4393597642710 us: [pid:4164447 tid: 0x7fbf38fc0200] ShaderName : __amd_rocclr_fillBufferAligned
:3:rocvirtual.cpp           :3449: 4393597642718 us: [pid:4164447 tid: 0x7fbf38fc0200] KernargSegmentByteSize = 296 KernargSegmentAlignment = 128
:4:rocvirtual.cpp           :965 : 4393597642727 us: [pid:4164447 tid: 0x7fbf38fc0200] SWq=0x7fbf2fd32000, HWq=0x7fbf1cc00000, id=1, Dispatch Header = 0xb02 (type=2, barrier=1, acquire=1, release=1), setup=1, grid=[26624, 1, 1], workgroup=[256, 1, 1], private_seg_size=0, group_seg_size=0, kernel_obj=0x7fbf2fd1dd40, kernarg_address=0x7fbf1ca00300, completion_signal=0x0, correlation_id=0, rptr=134, wptr=134
:3:hip_memory.cpp           :3477: 4393597642741 us: [pid:4164447 tid: 0x7fbf38fc0200] hipMemset: Returned hipSuccess : 
:3:hip_device_runtime.cpp   :641 : 4393597642747 us: [pid:4164447 tid: 0x7fbf38fc0200] [32m hipDeviceSynchronize (  ) [0m
:4:commandqueue.cpp         :161 : 4393597642752 us: [pid:4164447 tid: 0x7fbf38fc0200] Marker queued to ensure finish
:4:command.cpp              :359 : 4393597642757 us: [pid:4164447 tid: 0x7fbf38fc0200] Command (InternalMarker) enqueued: 0x19fabba0
:3:rocvirtual.cpp           :533 : 4393597643224 us: [pid:4164447 tid: 0x7fbf38fc0200] Set Handler: handle(0x7fbf2fbfcf80), timestamp(0x1a56f810)
:4:rocvirtual.cpp           :1147: 4393597643232 us: [pid:4164447 tid: 0x7fbf38fc0200] SWq=0x7fbf2fd32000, HWq=0x7fbf1cc00000, id=1, BarrierAND Header = 0x1503 (type=3, barrier=1, acquire=2, release=2), dep_signal=[0x0, 0x0, 0x0, 0x0, 0x0], completion_signal=0x7fbf2fbfcf80
:3:rocvirtual.hpp           :56  : 4393597643243 us: [pid:4164447 tid: 0x7fbf38fc0200] Host active wait for Signal = (0x7fbf2fbfcf80) for -1 ns
:4:commandqueue.cpp         :184 : 4393597643252 us: [pid:4164447 tid: 0x7fbf38fc0200] All commands finished
:3:rocvirtual.cpp           :226 : 4393597643247 us: [pid:4164447 tid: 0x7fbdffbff6c0] Handler: value(0), timestamp(0x1a6f0130), handle(0x7fbf2fbfcf80)
:4:command.cpp              :169 : 4393597643270 us: [pid:4164447 tid: 0x7fbdffbff6c0] Command 0x1a61e850 complete
:3:hip_device_runtime.cpp   :645 : 4393597643260 us: [pid:4164447 tid: 0x7fbf38fc0200] hipDeviceSynchronize: Returned hipSuccess : 
:3:hip_platform.cpp         :237 : 4393597643288 us: [pid:4164447 tid: 0x7fbf38fc0200] [32m __hipPushCallConfiguration ( {8,1,1}, {128,1,1}, 0, stream:<null> ) [0m
:3:hip_platform.cpp         :241 : 4393597643298 us: [pid:4164447 tid: 0x7fbf38fc0200] __hipPushCallConfiguration: Returned hipSuccess : 
:4:command.cpp              :163 : 4393597643276 us: [pid:4164447 tid: 0x7fbdffbff6c0] Command 0x19fabba0 complete (Wall: 4393597643275, CPU: 0, GPU: 56 us)
:3:hip_platform.cpp         :246 : 4393597643309 us: [pid:4164447 tid: 0x7fbf38fc0200] [32m __hipPopCallConfiguration ( {1131604050,32703,128}, {2118224,0,2169324560}, 0x7ffc814d4160, 0x7ffc814d4158 ) [0m
:3:hip_platform.cpp         :255 : 4393597643782 us: [pid:4164447 tid: 0x7fbf38fc0200] __hipPopCallConfiguration: Returned hipSuccess : 
:3:hip_module.cpp           :744 : 4393597643794 us: [pid:4164447 tid: 0x7fbf38fc0200] [32m hipLaunchKernel ( 0x200fd8, {8,1,1}, {128,1,1}, 0x7ffc814d4110, 0, stream:<null> ) [0m
:4:command.cpp              :359 : 4393597643814 us: [pid:4164447 tid: 0x7fbf38fc0200] Command (KernelExecution) enqueued: 0x19f11890
:3:rocvirtual.cpp           :762 : 4393597643823 us: [pid:4164447 tid: 0x7fbf38fc0200] Arg0:   = ptr:0x7fbd14200000
:3:rocvirtual.cpp           :778 : 4393597643828 us: [pid:4164447 tid: 0x7fbf38fc0200] Arg0:   = ptr:0x7fbd14200000 obj:[0x7fbd14200000-0x7fbd316c0000]
:3:rocvirtual.cpp           :762 : 4393597643836 us: [pid:4164447 tid: 0x7fbf38fc0200] Arg1:   = ptr:0x7fbded427000
:3:rocvirtual.cpp           :778 : 4393597643840 us: [pid:4164447 tid: 0x7fbf38fc0200] Arg1:   = ptr:0x7fbded427000 obj:[0x7fbded427000-0x7fbded487000]
:3:rocvirtual.cpp           :762 : 4393597643848 us: [pid:4164447 tid: 0x7fbf38fc0200] Arg2:   = ptr:0x7fbcf6a00000
:3:rocvirtual.cpp           :778 : 4393597643852 us: [pid:4164447 tid: 0x7fbf38fc0200] Arg2:   = ptr:0x7fbcf6a00000 obj:[0x7fbcf6a00000-0x7fbd13ec0000]
:3:rocvirtual.cpp           :853 : 4393597643860 us: [pid:4164447 tid: 0x7fbf38fc0200] Arg3:   = val:12288
:3:rocvirtual.cpp           :762 : 4393597643864 us: [pid:4164447 tid: 0x7fbf38fc0200] Arg4:   = ptr:0x7fbded400000
:3:rocvirtual.cpp           :778 : 4393597643869 us: [pid:4164447 tid: 0x7fbf38fc0200] Arg4:   = ptr:0x7fbded400000 obj:[0x7fbded400000-0x7fbded400024]
:3:rocvirtual.cpp           :3236: 4393597643877 us: [pid:4164447 tid: 0x7fbf38fc0200] ShaderName : void dense_esuhm<float>(float const*, float const*, float*, int, int const*)
:3:rocvirtual.cpp           :3449: 4393597644262 us: [pid:4164447 tid: 0x7fbf38fc0200] KernargSegmentByteSize = 296 KernargSegmentAlignment = 128
:4:rocvirtual.cpp           :965 : 4393597644272 us: [pid:4164447 tid: 0x7fbf38fc0200] SWq=0x7fbf2fd32000, HWq=0x7fbf1cc00000, id=1, Dispatch Header = 0xb02 (type=2, barrier=1, acquire=1, release=1), setup=3, grid=[1024, 1, 1], workgroup=[128, 1, 1], private_seg_size=140, group_seg_size=0, kernel_obj=0x7fbf2fcf1980, kernarg_address=0x7fbf1ca00480, completion_signal=0x0, correlation_id=0, rptr=136, wptr=136
:3:hip_module.cpp           :745 : 4393597644655 us: [pid:4164447 tid: 0x7fbf38fc0200] hipLaunchKernel: Returned hipSuccess : : duration: 861 us
:3:hip_device_runtime.cpp   :641 : 4393597644669 us: [pid:4164447 tid: 0x7fbf38fc0200] [32m hipDeviceSynchronize (  ) [0m
:4:commandqueue.cpp         :161 : 4393597644678 us: [pid:4164447 tid: 0x7fbf38fc0200] Marker queued to ensure finish
:4:command.cpp              :359 : 4393597644685 us: [pid:4164447 tid: 0x7fbf38fc0200] Command (InternalMarker) enqueued: 0x19fabba0
:3:rocvirtual.cpp           :533 : 4393597644705 us: [pid:4164447 tid: 0x7fbf38fc0200] Set Handler: handle(0x7fbf2fbfce80), timestamp(0x1a71cbc0)
:4:rocvirtual.cpp           :1147: 4393597644718 us: [pid:4164447 tid: 0x7fbf38fc0200] SWq=0x7fbf2fd32000, HWq=0x7fbf1cc00000, id=1, BarrierAND Header = 0x1503 (type=3, barrier=1, acquire=2, release=2), dep_signal=[0x0, 0x0, 0x0, 0x0, 0x0], completion_signal=0x7fbf2fbfce80
:3:rocvirtual.hpp           :56  : 4393597645098 us: [pid:4164447 tid: 0x7fbf38fc0200] Host active wait for Signal = (0x7fbf2fbfce80) for -1 ns
:3:rocvirtual.cpp           :226 : 4393597645860 us: [pid:4164447 tid: 0x7fbdffbff6c0] Handler: value(0), timestamp(0x1a6262e0), handle(0x7fbf2fbfce80)
:4:command.cpp              :169 : 4393597646071 us: [pid:4164447 tid: 0x7fbdffbff6c0] Command 0x19f11890 complete
:4:command.cpp              :163 : 4393597646080 us: [pid:4164447 tid: 0x7fbdffbff6c0] Command 0x19fabba0 complete (Wall: 4393597646078, CPU: 0, GPU: 1383 us)
:4:commandqueue.cpp         :184 : 4393597645861 us: [pid:4164447 tid: 0x7fbf38fc0200] All commands finished
:3:hip_device_runtime.cpp   :645 : 4393597646110 us: [pid:4164447 tid: 0x7fbf38fc0200] hipDeviceSynchronize: Returned hipSuccess : 
:3:hip_memory.cpp           :795 : 4393597646132 us: [pid:4164447 tid: 0x7fbf38fc0200] [32m hipMemcpy ( 0x7fbd8967e010, 0x7fbcf6a00000, 491520000, hipMemcpyDeviceToHost ) [0m
:4:command.cpp              :359 : 4393597646165 us: [pid:4164447 tid: 0x7fbf38fc0200] Command (CopyDeviceToHost) enqueued: 0x19f11890
:4:rocblit.cpp              :1673: 4393597647377 us: [pid:4164447 tid: 0x7fbf38fc0200] Unpinned read path, Async = 0
:4:rocmemory.cpp            :1018: 4393597658947 us: [pid:4164447 tid: 0x7fbf38fc0200] Locking to pool 0x19dc9ed0, size 0x2001000, HostPtr = 0x7fbd8967e000, DevPtr = 0x7fbd8967e000
:4:rocblit.cpp              :623 : 4393597658971 us: [pid:4164447 tid: 0x7fbf38fc0200] HSA Copy Using Pinned resource size 33554432
:4:rocblit.cpp              :687 : 4393597658983 us: [pid:4164447 tid: 0x7fbf38fc0200] HSA Async Copy staged D2H
:4:rocblit.cpp              :503 : 4393597658991 us: [pid:4164447 tid: 0x7fbf38fc0200] Last copy mask 0x0
:4:rocblit.cpp              :509 : 4393597658999 us: [pid:4164447 tid: 0x7fbf38fc0200] Query copy engine status 0, free_engine mask 0x1e
:4:rocblit.cpp              :520 : 4393597659008 us: [pid:4164447 tid: 0x7fbf38fc0200] HSA Async Copy on copy_engine=0x2, dst=0x7fbd8967e010, src=0x7fbcf6a00000, size=33554432, forceSDMA=0, wait_event=0x0, completion_signal=0x7fbf2fbfdd00
:4:rocvirtual.cpp           :622 : 4393597659019 us: [pid:4164447 tid: 0x7fbf38fc0200] Host wait on completion_signal=0x7fbf2fbfdd00
:3:rocvirtual.hpp           :56  : 4393597659026 us: [pid:4164447 tid: 0x7fbf38fc0200] Host active wait for Signal = (0x7fbf2fbfdd00) for -1 ns
:4:rocmemory.cpp            :1018: 4393597671447 us: [pid:4164447 tid: 0x7fbf38fc0200] Locking to pool 0x19dc9ed0, size 0x2001000, HostPtr = 0x7fbd8b67e000, DevPtr = 0x7fbd8b67e000
:4:rocblit.cpp              :623 : 4393597671471 us: [pid:4164447 tid: 0x7fbf38fc0200] HSA Copy Using Pinned resource size 33554432
:4:rocblit.cpp              :687 : 4393597671481 us: [pid:4164447 tid: 0x7fbf38fc0200] HSA Async Copy staged D2H
:4:rocblit.cpp              :503 : 4393597671487 us: [pid:4164447 tid: 0x7fbf38fc0200] Last copy mask 0x2
:4:rocblit.cpp              :520 : 4393597671492 us: [pid:4164447 tid: 0x7fbf38fc0200] HSA Async Copy on copy_engine=0x2, dst=0x7fbd8b67e010, src=0x7fbcf8a00000, size=33554432, forceSDMA=0, wait_event=0x0, completion_signal=0x7fbf2fbfeb80
:4:rocvirtual.cpp           :622 : 4393597671505 us: [pid:4164447 tid: 0x7fbf38fc0200] Host wait on completion_signal=0x7fbf2fbfeb80
:3:rocvirtual.hpp           :56  : 4393597671513 us: [pid:4164447 tid: 0x7fbf38fc0200] Host active wait for Signal = (0x7fbf2fbfeb80) for -1 ns
:4:rocmemory.cpp            :1018: 4393597684041 us: [pid:4164447 tid: 0x7fbf38fc0200] Locking to pool 0x19dc9ed0, size 0x2001000, HostPtr = 0x7fbd8d67e000, DevPtr = 0x7fbd8d67e000
:4:rocblit.cpp              :623 : 4393597684069 us: [pid:4164447 tid: 0x7fbf38fc0200] HSA Copy Using Pinned resource size 33554432
:4:rocblit.cpp              :687 : 4393597684077 us: [pid:4164447 tid: 0x7fbf38fc0200] HSA Async Copy staged D2H
:4:rocblit.cpp              :503 : 4393597684084 us: [pid:4164447 tid: 0x7fbf38fc0200] Last copy mask 0x2
:4:rocblit.cpp              :520 : 4393597684089 us: [pid:4164447 tid: 0x7fbf38fc0200] HSA Async Copy on copy_engine=0x2, dst=0x7fbd8d67e010, src=0x7fbcfaa00000, size=33554432, forceSDMA=0, wait_event=0x0, completion_signal=0x7fbf2fbfed80
:4:rocvirtual.cpp           :622 : 4393597684102 us: [pid:4164447 tid: 0x7fbf38fc0200] Host wait on completion_signal=0x7fbf2fbfed80
:3:rocvirtual.hpp           :56  : 4393597684110 us: [pid:4164447 tid: 0x7fbf38fc0200] Host active wait for Signal = (0x7fbf2fbfed80) for -1 ns
:4:rocmemory.cpp            :1018: 4393597695789 us: [pid:4164447 tid: 0x7fbf38fc0200] Locking to pool 0x19dc9ed0, size 0x2001000, HostPtr = 0x7fbd8f67e000, DevPtr = 0x7fbd8f67e000
:4:rocblit.cpp              :623 : 4393597695816 us: [pid:4164447 tid: 0x7fbf38fc0200] HSA Copy Using Pinned resource size 33554432
:4:rocblit.cpp              :687 : 4393597695824 us: [pid:4164447 tid: 0x7fbf38fc0200] HSA Async Copy staged D2H
:4:rocblit.cpp              :503 : 4393597695830 us: [pid:4164447 tid: 0x7fbf38fc0200] Last copy mask 0x2
:4:rocblit.cpp              :520 : 4393597695835 us: [pid:4164447 tid: 0x7fbf38fc0200] HSA Async Copy on copy_engine=0x2, dst=0x7fbd8f67e010, src=0x7fbcfca00000, size=33554432, forceSDMA=0, wait_event=0x0, completion_signal=0x7fbf2fbfe980
:4:rocvirtual.cpp           :622 : 4393597695852 us: [pid:4164447 tid: 0x7fbf38fc0200] Host wait on completion_signal=0x7fbf2fbfe980
:3:rocvirtual.hpp           :56  : 4393597695860 us: [pid:4164447 tid: 0x7fbf38fc0200] Host active wait for Signal = (0x7fbf2fbfe980) for -1 ns
:4:rocmemory.cpp            :1018: 4393597707140 us: [pid:4164447 tid: 0x7fbf38fc0200] Locking to pool 0x19dc9ed0, size 0x2001000, HostPtr = 0x7fbd9167e000, DevPtr = 0x7fbd9167e000
:4:rocblit.cpp              :623 : 4393597707164 us: [pid:4164447 tid: 0x7fbf38fc0200] HSA Copy Using Pinned resource size 33554432
:4:rocblit.cpp              :687 : 4393597707172 us: [pid:4164447 tid: 0x7fbf38fc0200] HSA Async Copy staged D2H
:4:rocblit.cpp              :503 : 4393597707180 us: [pid:4164447 tid: 0x7fbf38fc0200] Last copy mask 0x2
:4:rocblit.cpp              :520 : 4393597707185 us: [pid:4164447 tid: 0x7fbf38fc0200] HSA Async Copy on copy_engine=0x2, dst=0x7fbd9167e010, src=0x7fbcfea00000, size=33554432, forceSDMA=0, wait_event=0x0, completion_signal=0x7fbf2fbfde00
:4:rocvirtual.cpp           :622 : 4393597707196 us: [pid:4164447 tid: 0x7fbf38fc0200] Host wait on completion_signal=0x7fbf2fbfde00
:3:rocvirtual.hpp           :56  : 4393597707204 us: [pid:4164447 tid: 0x7fbf38fc0200] Host active wait for Signal = (0x7fbf2fbfde00) for -1 ns
:4:rocmemory.cpp            :1018: 4393597718549 us: [pid:4164447 tid: 0x7fbf38fc0200] Locking to pool 0x19dc9ed0, size 0x2001000, HostPtr = 0x7fbd9367e000, DevPtr = 0x7fbd9367e000
:4:rocblit.cpp              :623 : 4393597718569 us: [pid:4164447 tid: 0x7fbf38fc0200] HSA Copy Using Pinned resource size 33554432
:4:rocblit.cpp              :687 : 4393597718577 us: [pid:4164447 tid: 0x7fbf38fc0200] HSA Async Copy staged D2H
:4:rocblit.cpp              :503 : 4393597718584 us: [pid:4164447 tid: 0x7fbf38fc0200] Last copy mask 0x2
:4:rocblit.cpp              :520 : 4393597718589 us: [pid:4164447 tid: 0x7fbf38fc0200] HSA Async Copy on copy_engine=0x2, dst=0x7fbd9367e010, src=0x7fbd00a00000, size=33554432, forceSDMA=0, wait_event=0x0, completion_signal=0x7fbf2fbfde80
:4:rocvirtual.cpp           :622 : 4393597718600 us: [pid:4164447 tid: 0x7fbf38fc0200] Host wait on completion_signal=0x7fbf2fbfde80
:3:rocvirtual.hpp           :56  : 4393597718608 us: [pid:4164447 tid: 0x7fbf38fc0200] Host active wait for Signal = (0x7fbf2fbfde80) for -1 ns
:4:rocmemory.cpp            :1018: 4393597729826 us: [pid:4164447 tid: 0x7fbf38fc0200] Locking to pool 0x19dc9ed0, size 0x2001000, HostPtr = 0x7fbd9567e000, DevPtr = 0x7fbd9567e000
:4:rocblit.cpp              :623 : 4393597729852 us: [pid:4164447 tid: 0x7fbf38fc0200] HSA Copy Using Pinned resource size 33554432
:4:rocblit.cpp              :687 : 4393597729860 us: [pid:4164447 tid: 0x7fbf38fc0200] HSA Async Copy staged D2H
:4:rocblit.cpp              :503 : 4393597729868 us: [pid:4164447 tid: 0x7fbf38fc0200] Last copy mask 0x2
:4:rocblit.cpp              :520 : 4393597729874 us: [pid:4164447 tid: 0x7fbf38fc0200] HSA Async Copy on copy_engine=0x2, dst=0x7fbd9567e010, src=0x7fbd02a00000, size=33554432, forceSDMA=0, wait_event=0x0, completion_signal=0x7fbf2fbfe700
:4:rocvirtual.cpp           :622 : 4393597729885 us: [pid:4164447 tid: 0x7fbf38fc0200] Host wait on completion_signal=0x7fbf2fbfe700
:3:rocvirtual.hpp           :56  : 4393597729893 us: [pid:4164447 tid: 0x7fbf38fc0200] Host active wait for Signal = (0x7fbf2fbfe700) for -1 ns
:4:rocmemory.cpp            :1018: 4393597740741 us: [pid:4164447 tid: 0x7fbf38fc0200] Locking to pool 0x19dc9ed0, size 0x2001000, HostPtr = 0x7fbd9767e000, DevPtr = 0x7fbd9767e000
:4:rocblit.cpp              :623 : 4393597740767 us: [pid:4164447 tid: 0x7fbf38fc0200] HSA Copy Using Pinned resource size 33554432
:4:rocblit.cpp              :687 : 4393597740775 us: [pid:4164447 tid: 0x7fbf38fc0200] HSA Async Copy staged D2H
:4:rocblit.cpp              :503 : 4393597740781 us: [pid:4164447 tid: 0x7fbf38fc0200] Last copy mask 0x2
:4:rocblit.cpp              :520 : 4393597740790 us: [pid:4164447 tid: 0x7fbf38fc0200] HSA Async Copy on copy_engine=0x2, dst=0x7fbd9767e010, src=0x7fbd04a00000, size=33554432, forceSDMA=0, wait_event=0x0, completion_signal=0x7fbf2fbfe800
:4:rocvirtual.cpp           :622 : 4393597740802 us: [pid:4164447 tid: 0x7fbf38fc0200] Host wait on completion_signal=0x7fbf2fbfe800
:3:rocvirtual.hpp           :56  : 4393597740809 us: [pid:4164447 tid: 0x7fbf38fc0200] Host active wait for Signal = (0x7fbf2fbfe800) for -1 ns
:4:rocmemory.cpp            :1018: 4393597751524 us: [pid:4164447 tid: 0x7fbf38fc0200] Locking to pool 0x19dc9ed0, size 0x2001000, HostPtr = 0x7fbd9967e000, DevPtr = 0x7fbd9967e000
:4:rocblit.cpp              :623 : 4393597751549 us: [pid:4164447 tid: 0x7fbf38fc0200] HSA Copy Using Pinned resource size 33554432
:4:rocblit.cpp              :687 : 4393597751557 us: [pid:4164447 tid: 0x7fbf38fc0200] HSA Async Copy staged D2H
:4:rocblit.cpp              :503 : 4393597751564 us: [pid:4164447 tid: 0x7fbf38fc0200] Last copy mask 0x2
:4:rocblit.cpp              :520 : 4393597751569 us: [pid:4164447 tid: 0x7fbf38fc0200] HSA Async Copy on copy_engine=0x2, dst=0x7fbd9967e010, src=0x7fbd06a00000, size=33554432, forceSDMA=0, wait_event=0x0, completion_signal=0x7fbf2fbfe880
:4:rocvirtual.cpp           :622 : 4393597751581 us: [pid:4164447 tid: 0x7fbf38fc0200] Host wait on completion_signal=0x7fbf2fbfe880
:3:rocvirtual.hpp           :56  : 4393597751588 us: [pid:4164447 tid: 0x7fbf38fc0200] Host active wait for Signal = (0x7fbf2fbfe880) for -1 ns
:4:rocmemory.cpp            :1018: 4393597762392 us: [pid:4164447 tid: 0x7fbf38fc0200] Locking to pool 0x19dc9ed0, size 0x2001000, HostPtr = 0x7fbd9b67e000, DevPtr = 0x7fbd9b67e000
:4:rocblit.cpp              :623 : 4393597762412 us: [pid:4164447 tid: 0x7fbf38fc0200] HSA Copy Using Pinned resource size 33554432
:4:rocblit.cpp              :687 : 4393597762420 us: [pid:4164447 tid: 0x7fbf38fc0200] HSA Async Copy staged D2H
:4:rocblit.cpp              :503 : 4393597762426 us: [pid:4164447 tid: 0x7fbf38fc0200] Last copy mask 0x2
:4:rocblit.cpp              :520 : 4393597762431 us: [pid:4164447 tid: 0x7fbf38fc0200] HSA Async Copy on copy_engine=0x2, dst=0x7fbd9b67e010, src=0x7fbd08a00000, size=33554432, forceSDMA=0, wait_event=0x0, completion_signal=0x7fbf2fbfe780
:4:rocvirtual.cpp           :622 : 4393597762442 us: [pid:4164447 tid: 0x7fbf38fc0200] Host wait on completion_signal=0x7fbf2fbfe780
:3:rocvirtual.hpp           :56  : 4393597762449 us: [pid:4164447 tid: 0x7fbf38fc0200] Host active wait for Signal = (0x7fbf2fbfe780) for -1 ns
:4:rocmemory.cpp            :1018: 4393597773316 us: [pid:4164447 tid: 0x7fbf38fc0200] Locking to pool 0x19dc9ed0, size 0x2001000, HostPtr = 0x7fbd9d67e000, DevPtr = 0x7fbd9d67e000
:4:rocblit.cpp              :623 : 4393597773342 us: [pid:4164447 tid: 0x7fbf38fc0200] HSA Copy Using Pinned resource size 33554432
:4:rocblit.cpp              :687 : 4393597773351 us: [pid:4164447 tid: 0x7fbf38fc0200] HSA Async Copy staged D2H
:4:rocblit.cpp              :503 : 4393597773357 us: [pid:4164447 tid: 0x7fbf38fc0200] Last copy mask 0x2
:4:rocblit.cpp              :520 : 4393597773361 us: [pid:4164447 tid: 0x7fbf38fc0200] HSA Async Copy on copy_engine=0x2, dst=0x7fbd9d67e010, src=0x7fbd0aa00000, size=33554432, forceSDMA=0, wait_event=0x0, completion_signal=0x7fbf2fbfe580
:4:rocvirtual.cpp           :622 : 4393597773374 us: [pid:4164447 tid: 0x7fbf38fc0200] Host wait on completion_signal=0x7fbf2fbfe580
:3:rocvirtual.hpp           :56  : 4393597773382 us: [pid:4164447 tid: 0x7fbf38fc0200] Host active wait for Signal = (0x7fbf2fbfe580) for -1 ns
:4:rocmemory.cpp            :1018: 4393597783915 us: [pid:4164447 tid: 0x7fbf38fc0200] Locking to pool 0x19dc9ed0, size 0x2001000, HostPtr = 0x7fbd9f67e000, DevPtr = 0x7fbd9f67e000
:4:rocblit.cpp              :623 : 4393597783939 us: [pid:4164447 tid: 0x7fbf38fc0200] HSA Copy Using Pinned resource size 33554432
:4:rocblit.cpp              :687 : 4393597783947 us: [pid:4164447 tid: 0x7fbf38fc0200] HSA Async Copy staged D2H
:4:rocblit.cpp              :503 : 4393597783960 us: [pid:4164447 tid: 0x7fbf38fc0200] Last copy mask 0x2
:4:rocblit.cpp              :520 : 4393597783964 us: [pid:4164447 tid: 0x7fbf38fc0200] HSA Async Copy on copy_engine=0x2, dst=0x7fbd9f67e010, src=0x7fbd0ca00000, size=33554432, forceSDMA=0, wait_event=0x0, completion_signal=0x7fbf2fbfdf00
:4:rocvirtual.cpp           :622 : 4393597783975 us: [pid:4164447 tid: 0x7fbf38fc0200] Host wait on completion_signal=0x7fbf2fbfdf00
:3:rocvirtual.hpp           :56  : 4393597783983 us: [pid:4164447 tid: 0x7fbf38fc0200] Host active wait for Signal = (0x7fbf2fbfdf00) for -1 ns
:4:rocmemory.cpp            :1018: 4393597794966 us: [pid:4164447 tid: 0x7fbf38fc0200] Locking to pool 0x19dc9ed0, size 0x2001000, HostPtr = 0x7fbda167e000, DevPtr = 0x7fbda167e000
:4:rocblit.cpp              :623 : 4393597794996 us: [pid:4164447 tid: 0x7fbf38fc0200] HSA Copy Using Pinned resource size 33554432
:4:rocblit.cpp              :687 : 4393597795004 us: [pid:4164447 tid: 0x7fbf38fc0200] HSA Async Copy staged D2H
:4:rocblit.cpp              :503 : 4393597795013 us: [pid:4164447 tid: 0x7fbf38fc0200] Last copy mask 0x2
:4:rocblit.cpp              :520 : 4393597795018 us: [pid:4164447 tid: 0x7fbf38fc0200] HSA Async Copy on copy_engine=0x2, dst=0x7fbda167e010, src=0x7fbd0ea00000, size=33554432, forceSDMA=0, wait_event=0x0, completion_signal=0x7fbf2fbfe900
:4:rocvirtual.cpp           :622 : 4393597795029 us: [pid:4164447 tid: 0x7fbf38fc0200] Host wait on completion_signal=0x7fbf2fbfe900
:3:rocvirtual.hpp           :56  : 4393597795037 us: [pid:4164447 tid: 0x7fbf38fc0200] Host active wait for Signal = (0x7fbf2fbfe900) for -1 ns
:4:rocmemory.cpp            :1018: 4393597805803 us: [pid:4164447 tid: 0x7fbf38fc0200] Locking to pool 0x19dc9ed0, size 0x2001000, HostPtr = 0x7fbda367e000, DevPtr = 0x7fbda367e000
:4:rocblit.cpp              :623 : 4393597805832 us: [pid:4164447 tid: 0x7fbf38fc0200] HSA Copy Using Pinned resource size 33554432
:4:rocblit.cpp              :687 : 4393597805840 us: [pid:4164447 tid: 0x7fbf38fc0200] HSA Async Copy staged D2H
:4:rocblit.cpp              :503 : 4393597805848 us: [pid:4164447 tid: 0x7fbf38fc0200] Last copy mask 0x2
:4:rocblit.cpp              :520 : 4393597805853 us: [pid:4164447 tid: 0x7fbf38fc0200] HSA Async Copy on copy_engine=0x2, dst=0x7fbda367e010, src=0x7fbd10a00000, size=33554432, forceSDMA=0, wait_event=0x0, completion_signal=0x7fbf2fbfea00
:4:rocvirtual.cpp           :622 : 4393597806335 us: [pid:4164447 tid: 0x7fbf38fc0200] Host wait on completion_signal=0x7fbf2fbfea00
:3:rocvirtual.hpp           :56  : 4393597806344 us: [pid:4164447 tid: 0x7fbf38fc0200] Host active wait for Signal = (0x7fbf2fbfea00) for -1 ns
:4:rocmemory.cpp            :1018: 4393597813720 us: [pid:4164447 tid: 0x7fbf38fc0200] Locking to pool 0x19dc9ed0, size 0x14c1000, HostPtr = 0x7fbda567e000, DevPtr = 0x7fbda567e000
:4:rocblit.cpp              :623 : 4393597813741 us: [pid:4164447 tid: 0x7fbf38fc0200] HSA Copy Using Pinned resource size 21757952
:4:rocblit.cpp              :687 : 4393597813749 us: [pid:4164447 tid: 0x7fbf38fc0200] HSA Async Copy staged D2H
:4:rocblit.cpp              :503 : 4393597813755 us: [pid:4164447 tid: 0x7fbf38fc0200] Last copy mask 0x2
:4:rocblit.cpp              :520 : 4393597813760 us: [pid:4164447 tid: 0x7fbf38fc0200] HSA Async Copy on copy_engine=0x2, dst=0x7fbda567e010, src=0x7fbd12a00000, size=21757952, forceSDMA=0, wait_event=0x0, completion_signal=0x7fbf2fbfea80
:4:rocvirtual.cpp           :622 : 4393597813770 us: [pid:4164447 tid: 0x7fbf38fc0200] Host wait on completion_signal=0x7fbf2fbfea80
:3:rocvirtual.hpp           :56  : 4393597813778 us: [pid:4164447 tid: 0x7fbf38fc0200] Host active wait for Signal = (0x7fbf2fbfea80) for -1 ns
:4:commandqueue.cpp         :161 : 4393597814555 us: [pid:4164447 tid: 0x7fbf38fc0200] Marker queued to ensure finish
:4:command.cpp              :359 : 4393597814564 us: [pid:4164447 tid: 0x7fbf38fc0200] Command (InternalMarker) enqueued: 0x19fabba0
:3:rocvirtual.cpp           :533 : 4393597814586 us: [pid:4164447 tid: 0x7fbf38fc0200] Set Handler: handle(0x7fbf2fbfc680), timestamp(0x19f11a50)
:4:rocvirtual.cpp           :1147: 4393597814595 us: [pid:4164447 tid: 0x7fbf38fc0200] SWq=0x7fbf2fd32000, HWq=0x7fbf1cc00000, id=1, BarrierAND Header = 0x1503 (type=3, barrier=1, acquire=2, release=2), dep_signal=[0x0, 0x0, 0x0, 0x0, 0x0], completion_signal=0x7fbf2fbfc680
:3:rocvirtual.hpp           :56  : 4393597814607 us: [pid:4164447 tid: 0x7fbf38fc0200] Host active wait for Signal = (0x7fbf2fbfc680) for -1 ns
:4:commandqueue.cpp         :184 : 4393597814614 us: [pid:4164447 tid: 0x7fbf38fc0200] All commands finished
:3:rocvirtual.cpp           :226 : 4393597814617 us: [pid:4164447 tid: 0x7fbdffbff6c0] Handler: value(0), timestamp(0x1a6262e0), handle(0x7fbf2fbfc680)
:3:hip_memory.cpp           :796 : 4393597814623 us: [pid:4164447 tid: 0x7fbf38fc0200] hipMemcpy: Returned hipSuccess : : duration: 168491 us
:4:command.cpp              :169 : 4393597814644 us: [pid:4164447 tid: 0x7fbdffbff6c0] Command 0x19f11890 complete
:3:hip_memory.cpp           :3476: 4393597814658 us: [pid:4164447 tid: 0x7fbf38fc0200] [32m hipMemset ( 0x7fbcf6a00000, 0, 491520000 ) [0m
:4:command.cpp              :163 : 4393597814666 us: [pid:4164447 tid: 0x7fbdffbff6c0] Command 0x19fabba0 complete (Wall: 4393597814664, CPU: 0, GPU: 88 us)
:4:command.cpp              :359 : 4393597814677 us: [pid:4164447 tid: 0x7fbf38fc0200] Command (FillBuffer) enqueued: 0x1a61e850
:3:rocvirtual.cpp           :762 : 4393597815147 us: [pid:4164447 tid: 0x7fbf38fc0200] Arg0: void* buf = ptr:0x7fbcf6a00000
:3:rocvirtual.cpp           :778 : 4393597815153 us: [pid:4164447 tid: 0x7fbf38fc0200] Arg0: void* buf = ptr:0x7fbcf6a00000 obj:[0x7fbcf6a00000-0x7fbd13ec0000]
:3:rocvirtual.cpp           :762 : 4393597815161 us: [pid:4164447 tid: 0x7fbf38fc0200] Arg1: uchar* pattern = ptr:0x7fbf1ca00000
:3:rocvirtual.cpp           :853 : 4393597815168 us: [pid:4164447 tid: 0x7fbf38fc0200] Arg2: uint pattern_size = val:1
:3:rocvirtual.cpp           :853 : 4393597815173 us: [pid:4164447 tid: 0x7fbf38fc0200] Arg3: uint alignment = val:16
:3:rocvirtual.cpp           :853 : 4393597815178 us: [pid:4164447 tid: 0x7fbf38fc0200] Arg4: ulong end_ptr = val:140450059780096
:3:rocvirtual.cpp           :853 : 4393597815185 us: [pid:4164447 tid: 0x7fbf38fc0200] Arg5: uint next_chunk = val:26624
:3:rocvirtual.cpp           :3236: 4393597815190 us: [pid:4164447 tid: 0x7fbf38fc0200] ShaderName : __amd_rocclr_fillBufferAligned
:3:rocvirtual.cpp           :3449: 4393597815199 us: [pid:4164447 tid: 0x7fbf38fc0200] KernargSegmentByteSize = 296 KernargSegmentAlignment = 128
:4:rocvirtual.cpp           :965 : 4393597815208 us: [pid:4164447 tid: 0x7fbf38fc0200] SWq=0x7fbf2fd32000, HWq=0x7fbf1cc00000, id=1, Dispatch Header = 0x1502 (type=2, barrier=1, acquire=2, release=2), setup=1, grid=[26624, 1, 1], workgroup=[256, 1, 1], private_seg_size=0, group_seg_size=0, kernel_obj=0x7fbf2fd1dd40, kernarg_address=0x7fbf1ca00100, completion_signal=0x0, correlation_id=0, rptr=139, wptr=139
:3:hip_memory.cpp           :3477: 4393597815223 us: [pid:4164447 tid: 0x7fbf38fc0200] hipMemset: Returned hipSuccess : 
:3:hip_device_runtime.cpp   :641 : 4393597815743 us: [pid:4164447 tid: 0x7fbf38fc0200] [32m hipDeviceSynchronize (  ) [0m
:4:commandqueue.cpp         :161 : 4393597815749 us: [pid:4164447 tid: 0x7fbf38fc0200] Marker queued to ensure finish
:4:command.cpp              :359 : 4393597815754 us: [pid:4164447 tid: 0x7fbf38fc0200] Command (InternalMarker) enqueued: 0x19fabba0
:3:rocvirtual.cpp           :533 : 4393597815765 us: [pid:4164447 tid: 0x7fbf38fc0200] Set Handler: handle(0x7fbf2fbfc580), timestamp(0x1a895650)
:4:rocvirtual.cpp           :1147: 4393597815774 us: [pid:4164447 tid: 0x7fbf38fc0200] SWq=0x7fbf2fd32000, HWq=0x7fbf1cc00000, id=1, BarrierAND Header = 0x1503 (type=3, barrier=1, acquire=2, release=2), dep_signal=[0x0, 0x0, 0x0, 0x0, 0x0], completion_signal=0x7fbf2fbfc580
:4:commandqueue.cpp         :184 : 4393597815784 us: [pid:4164447 tid: 0x7fbf38fc0200] All commands finished
:3:hip_device_runtime.cpp   :645 : 4393597815797 us: [pid:4164447 tid: 0x7fbf38fc0200] hipDeviceSynchronize: Returned hipSuccess : 
:3:rocvirtual.cpp           :226 : 4393597815786 us: [pid:4164447 tid: 0x7fbdffbff6c0] Handler: value(0), timestamp(0x19f11b10), handle(0x7fbf2fbfc580)
:4:command.cpp              :169 : 4393597815821 us: [pid:4164447 tid: 0x7fbdffbff6c0] Command 0x1a61e850 complete
:4:command.cpp              :163 : 4393597815828 us: [pid:4164447 tid: 0x7fbdffbff6c0] Command 0x19fabba0 complete (Wall: 4393597815826, CPU: 0, GPU: 65 us)
:3:hip_platform.cpp         :237 : 4393597815810 us: [pid:4164447 tid: 0x7fbf38fc0200] [32m __hipPushCallConfiguration ( {8,1,1}, {128,1,1}, 0, stream:<null> ) [0m
:3:hip_platform.cpp         :241 : 4393597816348 us: [pid:4164447 tid: 0x7fbf38fc0200] __hipPushCallConfiguration: Returned hipSuccess : 
:3:hip_platform.cpp         :246 : 4393597816359 us: [pid:4164447 tid: 0x7fbf38fc0200] [32m __hipPopCallConfiguration ( {1131604050,32703,128}, {2118224,0,2169324560}, 0x7ffc814d4160, 0x7ffc814d4158 ) [0m
:3:hip_platform.cpp         :255 : 4393597816367 us: [pid:4164447 tid: 0x7fbf38fc0200] __hipPopCallConfiguration: Returned hipSuccess : 
:3:hip_module.cpp           :744 : 4393597816379 us: [pid:4164447 tid: 0x7fbf38fc0200] [32m hipLaunchKernel ( 0x200fe0, {8,1,1}, {128,1,1}, 0x7ffc814d4110, 0, stream:<null> ) [0m
:4:command.cpp              :359 : 4393597816393 us: [pid:4164447 tid: 0x7fbf38fc0200] Command (KernelExecution) enqueued: 0x19f11890
:3:rocvirtual.cpp           :762 : 4393597816402 us: [pid:4164447 tid: 0x7fbf38fc0200] Arg0:   = ptr:0x7fbd14200000
:3:rocvirtual.cpp           :778 : 4393597816407 us: [pid:4164447 tid: 0x7fbf38fc0200] Arg0:   = ptr:0x7fbd14200000 obj:[0x7fbd14200000-0x7fbd316c0000]
:3:rocvirtual.cpp           :762 : 4393597816415 us: [pid:4164447 tid: 0x7fbf38fc0200] Arg1:   = ptr:0x7fbded427000
:3:rocvirtual.cpp           :778 : 4393597816420 us: [pid:4164447 tid: 0x7fbf38fc0200] Arg1:   = ptr:0x7fbded427000 obj:[0x7fbded427000-0x7fbded487000]
:3:rocvirtual.cpp           :762 : 4393597816427 us: [pid:4164447 tid: 0x7fbf38fc0200] Arg2:   = ptr:0x7fbcf6a00000
:3:rocvirtual.cpp           :778 : 4393597816432 us: [pid:4164447 tid: 0x7fbf38fc0200] Arg2:   = ptr:0x7fbcf6a00000 obj:[0x7fbcf6a00000-0x7fbd13ec0000]
:3:rocvirtual.cpp           :853 : 4393597816440 us: [pid:4164447 tid: 0x7fbf38fc0200] Arg3:   = val:12288
:3:rocvirtual.cpp           :762 : 4393597816444 us: [pid:4164447 tid: 0x7fbf38fc0200] Arg4:   = ptr:0x7fbded400000
:3:rocvirtual.cpp           :778 : 4393597816449 us: [pid:4164447 tid: 0x7fbf38fc0200] Arg4:   = ptr:0x7fbded400000 obj:[0x7fbded400000-0x7fbded400024]
:3:rocvirtual.cpp           :3236: 4393597816764 us: [pid:4164447 tid: 0x7fbf38fc0200] ShaderName : void dense_esuhm2<float>(float const*, float const*, float*, int, int const*)
:3:rocvirtual.cpp           :3449: 4393597816774 us: [pid:4164447 tid: 0x7fbf38fc0200] KernargSegmentByteSize = 296 KernargSegmentAlignment = 128
:4:rocvirtual.cpp           :965 : 4393597816783 us: [pid:4164447 tid: 0x7fbf38fc0200] SWq=0x7fbf2fd32000, HWq=0x7fbf1cc00000, id=1, Dispatch Header = 0xb02 (type=2, barrier=1, acquire=1, release=1), setup=3, grid=[1024, 1, 1], workgroup=[128, 1, 1], private_seg_size=140, group_seg_size=0, kernel_obj=0x7fbf2fcf19c0, kernarg_address=0x7fbf1ca00280, completion_signal=0x0, correlation_id=0, rptr=141, wptr=141
:3:hip_module.cpp           :745 : 4393597816798 us: [pid:4164447 tid: 0x7fbf38fc0200] hipLaunchKernel: Returned hipSuccess : : duration: 419 us
:3:hip_device_runtime.cpp   :641 : 4393597816806 us: [pid:4164447 tid: 0x7fbf38fc0200] [32m hipDeviceSynchronize (  ) [0m
:4:commandqueue.cpp         :161 : 4393597816811 us: [pid:4164447 tid: 0x7fbf38fc0200] Marker queued to ensure finish
:4:command.cpp              :359 : 4393597816816 us: [pid:4164447 tid: 0x7fbf38fc0200] Command (InternalMarker) enqueued: 0x19fabba0
:3:rocvirtual.cpp           :533 : 4393597816827 us: [pid:4164447 tid: 0x7fbf38fc0200] Set Handler: handle(0x7fbf2fbfc600), timestamp(0x1a71ce10)
:4:rocvirtual.cpp           :1147: 4393597816839 us: [pid:4164447 tid: 0x7fbf38fc0200] SWq=0x7fbf2fd32000, HWq=0x7fbf1cc00000, id=1, BarrierAND Header = 0x1503 (type=3, barrier=1, acquire=2, release=2), dep_signal=[0x0, 0x0, 0x0, 0x0, 0x0], completion_signal=0x7fbf2fbfc600
:3:rocvirtual.hpp           :56  : 4393597816849 us: [pid:4164447 tid: 0x7fbf38fc0200] Host active wait for Signal = (0x7fbf2fbfc600) for -1 ns
:4:commandqueue.cpp         :184 : 4393597817957 us: [pid:4164447 tid: 0x7fbf38fc0200] All commands finished
:3:hip_device_runtime.cpp   :645 : 4393597817967 us: [pid:4164447 tid: 0x7fbf38fc0200] hipDeviceSynchronize: Returned hipSuccess : 
:3:rocvirtual.cpp           :226 : 4393597817960 us: [pid:4164447 tid: 0x7fbdffbff6c0] Handler: value(0), timestamp(0x1a894fd0), handle(0x7fbf2fbfc600)
:4:command.cpp              :169 : 4393597817994 us: [pid:4164447 tid: 0x7fbdffbff6c0] Command 0x19f11890 complete
:3:hip_memory.cpp           :795 : 4393597817983 us: [pid:4164447 tid: 0x7fbf38fc0200] [32m hipMemcpy ( 0x7fbd6c1bd010, 0x7fbcf6a00000, 491520000, hipMemcpyDeviceToHost ) [0m
:4:command.cpp              :163 : 4393597818003 us: [pid:4164447 tid: 0x7fbdffbff6c0] Command 0x19fabba0 complete (Wall: 4393597818001, CPU: 0, GPU: 1178 us)
:4:command.cpp              :359 : 4393597818015 us: [pid:4164447 tid: 0x7fbf38fc0200] Command (CopyDeviceToHost) enqueued: 0x19f11890
:4:rocblit.cpp              :1673: 4393597818038 us: [pid:4164447 tid: 0x7fbf38fc0200] Unpinned read path, Async = 0
:4:rocmemory.cpp            :1018: 4393597827914 us: [pid:4164447 tid: 0x7fbf38fc0200] Locking to pool 0x19dc9ed0, size 0x2001000, HostPtr = 0x7fbd6c1bd000, DevPtr = 0x7fbd6c1bd000
:4:rocblit.cpp              :623 : 4393597827943 us: [pid:4164447 tid: 0x7fbf38fc0200] HSA Copy Using Pinned resource size 33554432
:4:rocblit.cpp              :687 : 4393597827951 us: [pid:4164447 tid: 0x7fbf38fc0200] HSA Async Copy staged D2H
:4:rocblit.cpp              :503 : 4393597827960 us: [pid:4164447 tid: 0x7fbf38fc0200] Last copy mask 0x0
:4:rocblit.cpp              :509 : 4393597827967 us: [pid:4164447 tid: 0x7fbf38fc0200] Query copy engine status 0, free_engine mask 0x1e
:4:rocblit.cpp              :520 : 4393597827975 us: [pid:4164447 tid: 0x7fbf38fc0200] HSA Async Copy on copy_engine=0x2, dst=0x7fbd6c1bd010, src=0x7fbcf6a00000, size=33554432, forceSDMA=0, wait_event=0x0, completion_signal=0x7fbf2fbfe080
:4:rocvirtual.cpp           :622 : 4393597827987 us: [pid:4164447 tid: 0x7fbf38fc0200] Host wait on completion_signal=0x7fbf2fbfe080
:3:rocvirtual.hpp           :56  : 4393597827995 us: [pid:4164447 tid: 0x7fbf38fc0200] Host active wait for Signal = (0x7fbf2fbfe080) for -1 ns
:4:rocmemory.cpp            :1018: 4393597838909 us: [pid:4164447 tid: 0x7fbf38fc0200] Locking to pool 0x19dc9ed0, size 0x2001000, HostPtr = 0x7fbd6e1bd000, DevPtr = 0x7fbd6e1bd000
:4:rocblit.cpp              :623 : 4393597838936 us: [pid:4164447 tid: 0x7fbf38fc0200] HSA Copy Using Pinned resource size 33554432
:4:rocblit.cpp              :687 : 4393597838944 us: [pid:4164447 tid: 0x7fbf38fc0200] HSA Async Copy staged D2H
:4:rocblit.cpp              :503 : 4393597838951 us: [pid:4164447 tid: 0x7fbf38fc0200] Last copy mask 0x2
:4:rocblit.cpp              :520 : 4393597838956 us: [pid:4164447 tid: 0x7fbf38fc0200] HSA Async Copy on copy_engine=0x2, dst=0x7fbd6e1bd010, src=0x7fbcf8a00000, size=33554432, forceSDMA=0, wait_event=0x0, completion_signal=0x7fbf2fbfe000
:4:rocvirtual.cpp           :622 : 4393597838969 us: [pid:4164447 tid: 0x7fbf38fc0200] Host wait on completion_signal=0x7fbf2fbfe000
:3:rocvirtual.hpp           :56  : 4393597838977 us: [pid:4164447 tid: 0x7fbf38fc0200] Host active wait for Signal = (0x7fbf2fbfe000) for -1 ns
:4:rocmemory.cpp            :1018: 4393597849670 us: [pid:4164447 tid: 0x7fbf38fc0200] Locking to pool 0x19dc9ed0, size 0x2001000, HostPtr = 0x7fbd701bd000, DevPtr = 0x7fbd701bd000
:4:rocblit.cpp              :623 : 4393597849698 us: [pid:4164447 tid: 0x7fbf38fc0200] HSA Copy Using Pinned resource size 33554432
:4:rocblit.cpp              :687 : 4393597849706 us: [pid:4164447 tid: 0x7fbf38fc0200] HSA Async Copy staged D2H
:4:rocblit.cpp              :503 : 4393597849716 us: [pid:4164447 tid: 0x7fbf38fc0200] Last copy mask 0x2
:4:rocblit.cpp              :520 : 4393597849721 us: [pid:4164447 tid: 0x7fbf38fc0200] HSA Async Copy on copy_engine=0x2, dst=0x7fbd701bd010, src=0x7fbcfaa00000, size=33554432, forceSDMA=0, wait_event=0x0, completion_signal=0x7fbf2fbfe380
:4:rocvirtual.cpp           :622 : 4393597849733 us: [pid:4164447 tid: 0x7fbf38fc0200] Host wait on completion_signal=0x7fbf2fbfe380
:3:rocvirtual.hpp           :56  : 4393597849741 us: [pid:4164447 tid: 0x7fbf38fc0200] Host active wait for Signal = (0x7fbf2fbfe380) for -1 ns
:4:rocmemory.cpp            :1018: 4393597860590 us: [pid:4164447 tid: 0x7fbf38fc0200] Locking to pool 0x19dc9ed0, size 0x2001000, HostPtr = 0x7fbd721bd000, DevPtr = 0x7fbd721bd000
:4:rocblit.cpp              :623 : 4393597860614 us: [pid:4164447 tid: 0x7fbf38fc0200] HSA Copy Using Pinned resource size 33554432
:4:rocblit.cpp              :687 : 4393597860622 us: [pid:4164447 tid: 0x7fbf38fc0200] HSA Async Copy staged D2H
:4:rocblit.cpp              :503 : 4393597860628 us: [pid:4164447 tid: 0x7fbf38fc0200] Last copy mask 0x2
:4:rocblit.cpp              :520 : 4393597860633 us: [pid:4164447 tid: 0x7fbf38fc0200] HSA Async Copy on copy_engine=0x2, dst=0x7fbd721bd010, src=0x7fbcfca00000, size=33554432, forceSDMA=0, wait_event=0x0, completion_signal=0x7fbf2fbfe180
:4:rocvirtual.cpp           :622 : 4393597860645 us: [pid:4164447 tid: 0x7fbf38fc0200] Host wait on completion_signal=0x7fbf2fbfe180
:3:rocvirtual.hpp           :56  : 4393597860653 us: [pid:4164447 tid: 0x7fbf38fc0200] Host active wait for Signal = (0x7fbf2fbfe180) for -1 ns
:4:rocmemory.cpp            :1018: 4393597871643 us: [pid:4164447 tid: 0x7fbf38fc0200] Locking to pool 0x19dc9ed0, size 0x2001000, HostPtr = 0x7fbd741bd000, DevPtr = 0x7fbd741bd000
:4:rocblit.cpp              :623 : 4393597871665 us: [pid:4164447 tid: 0x7fbf38fc0200] HSA Copy Using Pinned resource size 33554432
:4:rocblit.cpp              :687 : 4393597871673 us: [pid:4164447 tid: 0x7fbf38fc0200] HSA Async Copy staged D2H
:4:rocblit.cpp              :503 : 4393597871679 us: [pid:4164447 tid: 0x7fbf38fc0200] Last copy mask 0x2
:4:rocblit.cpp              :520 : 4393597871684 us: [pid:4164447 tid: 0x7fbf38fc0200] HSA Async Copy on copy_engine=0x2, dst=0x7fbd741bd010, src=0x7fbcfea00000, size=33554432, forceSDMA=0, wait_event=0x0, completion_signal=0x7fbf2fbfdf80
:4:rocvirtual.cpp           :622 : 4393597871696 us: [pid:4164447 tid: 0x7fbf38fc0200] Host wait on completion_signal=0x7fbf2fbfdf80
:3:rocvirtual.hpp           :56  : 4393597871704 us: [pid:4164447 tid: 0x7fbf38fc0200] Host active wait for Signal = (0x7fbf2fbfdf80) for -1 ns
:4:rocmemory.cpp            :1018: 4393597882747 us: [pid:4164447 tid: 0x7fbf38fc0200] Locking to pool 0x19dc9ed0, size 0x2001000, HostPtr = 0x7fbd761bd000, DevPtr = 0x7fbd761bd000
:4:rocblit.cpp              :623 : 4393597882774 us: [pid:4164447 tid: 0x7fbf38fc0200] HSA Copy Using Pinned resource size 33554432
:4:rocblit.cpp              :687 : 4393597882784 us: [pid:4164447 tid: 0x7fbf38fc0200] HSA Async Copy staged D2H
:4:rocblit.cpp              :503 : 4393597883260 us: [pid:4164447 tid: 0x7fbf38fc0200] Last copy mask 0x2
:4:rocblit.cpp              :520 : 4393597883266 us: [pid:4164447 tid: 0x7fbf38fc0200] HSA Async Copy on copy_engine=0x2, dst=0x7fbd761bd010, src=0x7fbd00a00000, size=33554432, forceSDMA=0, wait_event=0x0, completion_signal=0x7fbf2fbfe100
:4:rocvirtual.cpp           :622 : 4393597883277 us: [pid:4164447 tid: 0x7fbf38fc0200] Host wait on completion_signal=0x7fbf2fbfe100
:3:rocvirtual.hpp           :56  : 4393597883286 us: [pid:4164447 tid: 0x7fbf38fc0200] Host active wait for Signal = (0x7fbf2fbfe100) for -1 ns
:4:rocmemory.cpp            :1018: 4393597894141 us: [pid:4164447 tid: 0x7fbf38fc0200] Locking to pool 0x19dc9ed0, size 0x2001000, HostPtr = 0x7fbd781bd000, DevPtr = 0x7fbd781bd000
:4:rocblit.cpp              :623 : 4393597894168 us: [pid:4164447 tid: 0x7fbf38fc0200] HSA Copy Using Pinned resource size 33554432
:4:rocblit.cpp              :687 : 4393597894181 us: [pid:4164447 tid: 0x7fbf38fc0200] HSA Async Copy staged D2H
:4:rocblit.cpp              :503 : 4393597894190 us: [pid:4164447 tid: 0x7fbf38fc0200] Last copy mask 0x2
:4:rocblit.cpp              :520 : 4393597894195 us: [pid:4164447 tid: 0x7fbf38fc0200] HSA Async Copy on copy_engine=0x2, dst=0x7fbd781bd010, src=0x7fbd02a00000, size=33554432, forceSDMA=0, wait_event=0x0, completion_signal=0x7fbf2fbfeb00
:4:rocvirtual.cpp           :622 : 4393597894207 us: [pid:4164447 tid: 0x7fbf38fc0200] Host wait on completion_signal=0x7fbf2fbfeb00
:3:rocvirtual.hpp           :56  : 4393597894215 us: [pid:4164447 tid: 0x7fbf38fc0200] Host active wait for Signal = (0x7fbf2fbfeb00) for -1 ns
:4:rocmemory.cpp            :1018: 4393597904650 us: [pid:4164447 tid: 0x7fbf38fc0200] Locking to pool 0x19dc9ed0, size 0x2001000, HostPtr = 0x7fbd7a1bd000, DevPtr = 0x7fbd7a1bd000
:4:rocblit.cpp              :623 : 4393597905234 us: [pid:4164447 tid: 0x7fbf38fc0200] HSA Copy Using Pinned resource size 33554432
:4:rocblit.cpp              :687 : 4393597905242 us: [pid:4164447 tid: 0x7fbf38fc0200] HSA Async Copy staged D2H
:4:rocblit.cpp              :503 : 4393597905250 us: [pid:4164447 tid: 0x7fbf38fc0200] Last copy mask 0x2
:4:rocblit.cpp              :520 : 4393597905255 us: [pid:4164447 tid: 0x7fbf38fc0200] HSA Async Copy on copy_engine=0x2, dst=0x7fbd7a1bd010, src=0x7fbd04a00000, size=33554432, forceSDMA=0, wait_event=0x0, completion_signal=0x7fbf2fbfec00
:4:rocvirtual.cpp           :622 : 4393597905266 us: [pid:4164447 tid: 0x7fbf38fc0200] Host wait on completion_signal=0x7fbf2fbfec00
:3:rocvirtual.hpp           :56  : 4393597905274 us: [pid:4164447 tid: 0x7fbf38fc0200] Host active wait for Signal = (0x7fbf2fbfec00) for -1 ns
:4:rocmemory.cpp            :1018: 4393597915865 us: [pid:4164447 tid: 0x7fbf38fc0200] Locking to pool 0x19dc9ed0, size 0x2001000, HostPtr = 0x7fbd7c1bd000, DevPtr = 0x7fbd7c1bd000
:4:rocblit.cpp              :623 : 4393597915882 us: [pid:4164447 tid: 0x7fbf38fc0200] HSA Copy Using Pinned resource size 33554432
:4:rocblit.cpp              :687 : 4393597915891 us: [pid:4164447 tid: 0x7fbf38fc0200] HSA Async Copy staged D2H
:4:rocblit.cpp              :503 : 4393597916637 us: [pid:4164447 tid: 0x7fbf38fc0200] Last copy mask 0x2
:4:rocblit.cpp              :520 : 4393597916642 us: [pid:4164447 tid: 0x7fbf38fc0200] HSA Async Copy on copy_engine=0x2, dst=0x7fbd7c1bd010, src=0x7fbd06a00000, size=33554432, forceSDMA=0, wait_event=0x0, completion_signal=0x7fbf2fbfec80
:4:rocvirtual.cpp           :622 : 4393597916653 us: [pid:4164447 tid: 0x7fbf38fc0200] Host wait on completion_signal=0x7fbf2fbfec80
:3:rocvirtual.hpp           :56  : 4393597916661 us: [pid:4164447 tid: 0x7fbf38fc0200] Host active wait for Signal = (0x7fbf2fbfec80) for -1 ns
:4:rocmemory.cpp            :1018: 4393597927719 us: [pid:4164447 tid: 0x7fbf38fc0200] Locking to pool 0x19dc9ed0, size 0x2001000, HostPtr = 0x7fbd7e1bd000, DevPtr = 0x7fbd7e1bd000
:4:rocblit.cpp              :623 : 4393597927744 us: [pid:4164447 tid: 0x7fbf38fc0200] HSA Copy Using Pinned resource size 33554432
:4:rocblit.cpp              :687 : 4393597927753 us: [pid:4164447 tid: 0x7fbf38fc0200] HSA Async Copy staged D2H
:4:rocblit.cpp              :503 : 4393597927761 us: [pid:4164447 tid: 0x7fbf38fc0200] Last copy mask 0x2
:4:rocblit.cpp              :520 : 4393597927767 us: [pid:4164447 tid: 0x7fbf38fc0200] HSA Async Copy on copy_engine=0x2, dst=0x7fbd7e1bd010, src=0x7fbd08a00000, size=33554432, forceSDMA=0, wait_event=0x0, completion_signal=0x7fbf2fbfdd80
:4:rocvirtual.cpp           :622 : 4393597927780 us: [pid:4164447 tid: 0x7fbf38fc0200] Host wait on completion_signal=0x7fbf2fbfdd80
:3:rocvirtual.hpp           :56  : 4393597927788 us: [pid:4164447 tid: 0x7fbf38fc0200] Host active wait for Signal = (0x7fbf2fbfdd80) for -1 ns
:4:rocmemory.cpp            :1018: 4393597938908 us: [pid:4164447 tid: 0x7fbf38fc0200] Locking to pool 0x19dc9ed0, size 0x2001000, HostPtr = 0x7fbd801bd000, DevPtr = 0x7fbd801bd000
:4:rocblit.cpp              :623 : 4393597938940 us: [pid:4164447 tid: 0x7fbf38fc0200] HSA Copy Using Pinned resource size 33554432
:4:rocblit.cpp              :687 : 4393597938949 us: [pid:4164447 tid: 0x7fbf38fc0200] HSA Async Copy staged D2H
:4:rocblit.cpp              :503 : 4393597938955 us: [pid:4164447 tid: 0x7fbf38fc0200] Last copy mask 0x2
:4:rocblit.cpp              :520 : 4393597938960 us: [pid:4164447 tid: 0x7fbf38fc0200] HSA Async Copy on copy_engine=0x2, dst=0x7fbd801bd010, src=0x7fbd0aa00000, size=33554432, forceSDMA=0, wait_event=0x0, completion_signal=0x7fbf2fbfdc80
:4:rocvirtual.cpp           :622 : 4393597939493 us: [pid:4164447 tid: 0x7fbf38fc0200] Host wait on completion_signal=0x7fbf2fbfdc80
:3:rocvirtual.hpp           :56  : 4393597939502 us: [pid:4164447 tid: 0x7fbf38fc0200] Host active wait for Signal = (0x7fbf2fbfdc80) for -1 ns
:4:rocmemory.cpp            :1018: 4393597950525 us: [pid:4164447 tid: 0x7fbf38fc0200] Locking to pool 0x19dc9ed0, size 0x2001000, HostPtr = 0x7fbd821bd000, DevPtr = 0x7fbd821bd000
:4:rocblit.cpp              :623 : 4393597950555 us: [pid:4164447 tid: 0x7fbf38fc0200] HSA Copy Using Pinned resource size 33554432
:4:rocblit.cpp              :687 : 4393597950874 us: [pid:4164447 tid: 0x7fbf38fc0200] HSA Async Copy staged D2H
:4:rocblit.cpp              :503 : 4393597950883 us: [pid:4164447 tid: 0x7fbf38fc0200] Last copy mask 0x2
:4:rocblit.cpp              :520 : 4393597950888 us: [pid:4164447 tid: 0x7fbf38fc0200] HSA Async Copy on copy_engine=0x2, dst=0x7fbd821bd010, src=0x7fbd0ca00000, size=33554432, forceSDMA=0, wait_event=0x0, completion_signal=0x7fbf2fbfdc00
:4:rocvirtual.cpp           :622 : 4393597950900 us: [pid:4164447 tid: 0x7fbf38fc0200] Host wait on completion_signal=0x7fbf2fbfdc00
:3:rocvirtual.hpp           :56  : 4393597950908 us: [pid:4164447 tid: 0x7fbf38fc0200] Host active wait for Signal = (0x7fbf2fbfdc00) for -1 ns
:4:rocmemory.cpp            :1018: 4393597961670 us: [pid:4164447 tid: 0x7fbf38fc0200] Locking to pool 0x19dc9ed0, size 0x2001000, HostPtr = 0x7fbd841bd000, DevPtr = 0x7fbd841bd000
:4:rocblit.cpp              :623 : 4393597961687 us: [pid:4164447 tid: 0x7fbf38fc0200] HSA Copy Using Pinned resource size 33554432
:4:rocblit.cpp              :687 : 4393597961696 us: [pid:4164447 tid: 0x7fbf38fc0200] HSA Async Copy staged D2H
:4:rocblit.cpp              :503 : 4393597961704 us: [pid:4164447 tid: 0x7fbf38fc0200] Last copy mask 0x2
:4:rocblit.cpp              :520 : 4393597961709 us: [pid:4164447 tid: 0x7fbf38fc0200] HSA Async Copy on copy_engine=0x2, dst=0x7fbd841bd010, src=0x7fbd0ea00000, size=33554432, forceSDMA=0, wait_event=0x0, completion_signal=0x7fbf2fbfed00
:4:rocvirtual.cpp           :622 : 4393597961719 us: [pid:4164447 tid: 0x7fbf38fc0200] Host wait on completion_signal=0x7fbf2fbfed00
:3:rocvirtual.hpp           :56  : 4393597961727 us: [pid:4164447 tid: 0x7fbf38fc0200] Host active wait for Signal = (0x7fbf2fbfed00) for -1 ns
:4:rocmemory.cpp            :1018: 4393597972601 us: [pid:4164447 tid: 0x7fbf38fc0200] Locking to pool 0x19dc9ed0, size 0x2001000, HostPtr = 0x7fbd861bd000, DevPtr = 0x7fbd861bd000
:4:rocblit.cpp              :623 : 4393597972624 us: [pid:4164447 tid: 0x7fbf38fc0200] HSA Copy Using Pinned resource size 33554432
:4:rocblit.cpp              :687 : 4393597972632 us: [pid:4164447 tid: 0x7fbf38fc0200] HSA Async Copy staged D2H
:4:rocblit.cpp              :503 : 4393597972639 us: [pid:4164447 tid: 0x7fbf38fc0200] Last copy mask 0x2
:4:rocblit.cpp              :520 : 4393597972644 us: [pid:4164447 tid: 0x7fbf38fc0200] HSA Async Copy on copy_engine=0x2, dst=0x7fbd861bd010, src=0x7fbd10a00000, size=33554432, forceSDMA=0, wait_event=0x0, completion_signal=0x7fbf2fbfee00
:4:rocvirtual.cpp           :622 : 4393597972655 us: [pid:4164447 tid: 0x7fbf38fc0200] Host wait on completion_signal=0x7fbf2fbfee00
:3:rocvirtual.hpp           :56  : 4393597972663 us: [pid:4164447 tid: 0x7fbf38fc0200] Host active wait for Signal = (0x7fbf2fbfee00) for -1 ns
:4:rocmemory.cpp            :1018: 4393597980182 us: [pid:4164447 tid: 0x7fbf38fc0200] Locking to pool 0x19dc9ed0, size 0x14c1000, HostPtr = 0x7fbd881bd000, DevPtr = 0x7fbd881bd000
:4:rocblit.cpp              :623 : 4393597980208 us: [pid:4164447 tid: 0x7fbf38fc0200] HSA Copy Using Pinned resource size 21757952
:4:rocblit.cpp              :687 : 4393597980216 us: [pid:4164447 tid: 0x7fbf38fc0200] HSA Async Copy staged D2H
:4:rocblit.cpp              :503 : 4393597980223 us: [pid:4164447 tid: 0x7fbf38fc0200] Last copy mask 0x2
:4:rocblit.cpp              :520 : 4393597980228 us: [pid:4164447 tid: 0x7fbf38fc0200] HSA Async Copy on copy_engine=0x2, dst=0x7fbd881bd010, src=0x7fbd12a00000, size=21757952, forceSDMA=0, wait_event=0x0, completion_signal=0x7fbf2fbfee80
:4:rocvirtual.cpp           :622 : 4393597980239 us: [pid:4164447 tid: 0x7fbf38fc0200] Host wait on completion_signal=0x7fbf2fbfee80
:3:rocvirtual.hpp           :56  : 4393597980246 us: [pid:4164447 tid: 0x7fbf38fc0200] Host active wait for Signal = (0x7fbf2fbfee80) for -1 ns
:4:commandqueue.cpp         :161 : 4393597981025 us: [pid:4164447 tid: 0x7fbf38fc0200] Marker queued to ensure finish
:4:command.cpp              :359 : 4393597981032 us: [pid:4164447 tid: 0x7fbf38fc0200] Command (InternalMarker) enqueued: 0x19fabba0
:3:rocvirtual.cpp           :533 : 4393597981050 us: [pid:4164447 tid: 0x7fbf38fc0200] Set Handler: handle(0x7fbf2fbfc280), timestamp(0x1a4f9c20)
:4:rocvirtual.cpp           :1147: 4393597981059 us: [pid:4164447 tid: 0x7fbf38fc0200] SWq=0x7fbf2fd32000, HWq=0x7fbf1cc00000, id=1, BarrierAND Header = 0x1503 (type=3, barrier=1, acquire=2, release=2), dep_signal=[0x0, 0x0, 0x0, 0x0, 0x0], completion_signal=0x7fbf2fbfc280
:3:rocvirtual.hpp           :56  : 4393597981071 us: [pid:4164447 tid: 0x7fbf38fc0200] Host active wait for Signal = (0x7fbf2fbfc280) for -1 ns
:4:commandqueue.cpp         :184 : 4393597981078 us: [pid:4164447 tid: 0x7fbf38fc0200] All commands finished
:3:rocvirtual.cpp           :226 : 4393597981081 us: [pid:4164447 tid: 0x7fbdffbff6c0] Handler: value(0), timestamp(0x1a6f0510), handle(0x7fbf2fbfc280)
:3:hip_memory.cpp           :796 : 4393597981084 us: [pid:4164447 tid: 0x7fbf38fc0200] hipMemcpy: Returned hipSuccess : : duration: 163101 us
:4:command.cpp              :169 : 4393597981105 us: [pid:4164447 tid: 0x7fbdffbff6c0] Command 0x19f11890 complete
:4:command.cpp              :163 : 4393597981131 us: [pid:4164447 tid: 0x7fbdffbff6c0] Command 0x19fabba0 complete (Wall: 4393597981129, CPU: 0, GPU: 89 us)
:3:hip_memory.cpp           :3476: 4393597981120 us: [pid:4164447 tid: 0x7fbf38fc0200] [32m hipMemset ( 0x7fbcf6a00000, 0, 491520000 ) [0m
:4:command.cpp              :359 : 4393597981157 us: [pid:4164447 tid: 0x7fbf38fc0200] Command (FillBuffer) enqueued: 0x1a61e850
:3:rocvirtual.cpp           :762 : 4393597981600 us: [pid:4164447 tid: 0x7fbf38fc0200] Arg0: void* buf = ptr:0x7fbcf6a00000
:3:rocvirtual.cpp           :778 : 4393597981605 us: [pid:4164447 tid: 0x7fbf38fc0200] Arg0: void* buf = ptr:0x7fbcf6a00000 obj:[0x7fbcf6a00000-0x7fbd13ec0000]
:3:rocvirtual.cpp           :762 : 4393597981613 us: [pid:4164447 tid: 0x7fbf38fc0200] Arg1: uchar* pattern = ptr:0x7fbf1ca00000
:3:rocvirtual.cpp           :853 : 4393597981621 us: [pid:4164447 tid: 0x7fbf38fc0200] Arg2: uint pattern_size = val:1
:3:rocvirtual.cpp           :853 : 4393597981626 us: [pid:4164447 tid: 0x7fbf38fc0200] Arg3: uint alignment = val:16
:3:rocvirtual.cpp           :853 : 4393597981630 us: [pid:4164447 tid: 0x7fbf38fc0200] Arg4: ulong end_ptr = val:140450059780096
:3:rocvirtual.cpp           :853 : 4393597981638 us: [pid:4164447 tid: 0x7fbf38fc0200] Arg5: uint next_chunk = val:26624
:3:rocvirtual.cpp           :3236: 4393597981643 us: [pid:4164447 tid: 0x7fbf38fc0200] ShaderName : __amd_rocclr_fillBufferAligned
:3:rocvirtual.cpp           :3449: 4393597981651 us: [pid:4164447 tid: 0x7fbf38fc0200] KernargSegmentByteSize = 296 KernargSegmentAlignment = 128
:4:rocvirtual.cpp           :965 : 4393597981661 us: [pid:4164447 tid: 0x7fbf38fc0200] SWq=0x7fbf2fd32000, HWq=0x7fbf1cc00000, id=1, Dispatch Header = 0x1502 (type=2, barrier=1, acquire=2, release=2), setup=1, grid=[26624, 1, 1], workgroup=[256, 1, 1], private_seg_size=0, group_seg_size=0, kernel_obj=0x7fbf2fd1dd40, kernarg_address=0x7fbf1ca00100, completion_signal=0x0, correlation_id=0, rptr=144, wptr=144
:3:hip_memory.cpp           :3477: 4393597981679 us: [pid:4164447 tid: 0x7fbf38fc0200] hipMemset: Returned hipSuccess : 
:3:hip_device_runtime.cpp   :641 : 4393597981684 us: [pid:4164447 tid: 0x7fbf38fc0200] [32m hipDeviceSynchronize (  ) [0m
:4:commandqueue.cpp         :161 : 4393597981690 us: [pid:4164447 tid: 0x7fbf38fc0200] Marker queued to ensure finish
:4:command.cpp              :359 : 4393597981695 us: [pid:4164447 tid: 0x7fbf38fc0200] Command (InternalMarker) enqueued: 0x19fabba0
:3:rocvirtual.cpp           :533 : 4393597981707 us: [pid:4164447 tid: 0x7fbf38fc0200] Set Handler: handle(0x7fbf2fbfc000), timestamp(0x19ec5c20)
:4:rocvirtual.cpp           :1147: 4393597981715 us: [pid:4164447 tid: 0x7fbf38fc0200] SWq=0x7fbf2fd32000, HWq=0x7fbf1cc00000, id=1, BarrierAND Header = 0x1503 (type=3, barrier=1, acquire=2, release=2), dep_signal=[0x0, 0x0, 0x0, 0x0, 0x0], completion_signal=0x7fbf2fbfc000
:3:rocvirtual.hpp           :56  : 4393597981726 us: [pid:4164447 tid: 0x7fbf38fc0200] Host active wait for Signal = (0x7fbf2fbfc000) for -1 ns
:4:commandqueue.cpp         :184 : 4393597982086 us: [pid:4164447 tid: 0x7fbf38fc0200] All commands finished
:3:rocvirtual.cpp           :226 : 4393597982088 us: [pid:4164447 tid: 0x7fbdffbff6c0] Handler: value(0), timestamp(0x1a62c310), handle(0x7fbf2fbfc000)
:4:command.cpp              :169 : 4393597982105 us: [pid:4164447 tid: 0x7fbdffbff6c0] Command 0x1a61e850 complete
:4:command.cpp              :163 : 4393597982111 us: [pid:4164447 tid: 0x7fbdffbff6c0] Command 0x19fabba0 complete (Wall: 4393597982109, CPU: 0, GPU: 407 us)
:3:hip_device_runtime.cpp   :645 : 4393597982096 us: [pid:4164447 tid: 0x7fbf38fc0200] hipDeviceSynchronize: Returned hipSuccess : 
:3:hip_platform.cpp         :237 : 4393597982138 us: [pid:4164447 tid: 0x7fbf38fc0200] [32m __hipPushCallConfiguration ( {8,1,1}, {128,1,1}, 0, stream:<null> ) [0m
:3:hip_platform.cpp         :241 : 4393597982147 us: [pid:4164447 tid: 0x7fbf38fc0200] __hipPushCallConfiguration: Returned hipSuccess : 
:3:hip_platform.cpp         :246 : 4393597982160 us: [pid:4164447 tid: 0x7fbf38fc0200] [32m __hipPopCallConfiguration ( {1131604050,32703,128}, {2118224,0,2169324560}, 0x7ffc814d4160, 0x7ffc814d4158 ) [0m
:3:hip_platform.cpp         :255 : 4393597982183 us: [pid:4164447 tid: 0x7fbf38fc0200] __hipPopCallConfiguration: Returned hipSuccess : 
:3:hip_module.cpp           :744 : 4393597982197 us: [pid:4164447 tid: 0x7fbf38fc0200] [32m hipLaunchKernel ( 0x200fe8, {8,1,1}, {128,1,1}, 0x7ffc814d4110, 0, stream:<null> ) [0m
:4:command.cpp              :359 : 4393597982215 us: [pid:4164447 tid: 0x7fbf38fc0200] Command (KernelExecution) enqueued: 0x19f11890
:3:rocvirtual.cpp           :762 : 4393597982225 us: [pid:4164447 tid: 0x7fbf38fc0200] Arg0:   = ptr:0x7fbd14200000
:3:rocvirtual.cpp           :778 : 4393597982754 us: [pid:4164447 tid: 0x7fbf38fc0200] Arg0:   = ptr:0x7fbd14200000 obj:[0x7fbd14200000-0x7fbd316c0000]
:3:rocvirtual.cpp           :762 : 4393597982763 us: [pid:4164447 tid: 0x7fbf38fc0200] Arg1:   = ptr:0x7fbded427000
:3:rocvirtual.cpp           :778 : 4393597982767 us: [pid:4164447 tid: 0x7fbf38fc0200] Arg1:   = ptr:0x7fbded427000 obj:[0x7fbded427000-0x7fbded487000]
:3:rocvirtual.cpp           :762 : 4393597982775 us: [pid:4164447 tid: 0x7fbf38fc0200] Arg2:   = ptr:0x7fbcf6a00000
:3:rocvirtual.cpp           :778 : 4393597982779 us: [pid:4164447 tid: 0x7fbf38fc0200] Arg2:   = ptr:0x7fbcf6a00000 obj:[0x7fbcf6a00000-0x7fbd13ec0000]
:3:rocvirtual.cpp           :853 : 4393597982787 us: [pid:4164447 tid: 0x7fbf38fc0200] Arg3:   = val:12288
:3:rocvirtual.cpp           :762 : 4393597982791 us: [pid:4164447 tid: 0x7fbf38fc0200] Arg4:   = ptr:0x7fbded400000
:3:rocvirtual.cpp           :778 : 4393597982796 us: [pid:4164447 tid: 0x7fbf38fc0200] Arg4:   = ptr:0x7fbded400000 obj:[0x7fbded400000-0x7fbded400024]
:3:rocvirtual.cpp           :3236: 4393597982807 us: [pid:4164447 tid: 0x7fbf38fc0200] ShaderName : void dense_esuhm3<float>(float const*, float const*, float*, int, int const*)
:3:rocvirtual.cpp           :3449: 4393597982816 us: [pid:4164447 tid: 0x7fbf38fc0200] KernargSegmentByteSize = 296 KernargSegmentAlignment = 128
:4:rocvirtual.cpp           :965 : 4393597982825 us: [pid:4164447 tid: 0x7fbf38fc0200] SWq=0x7fbf2fd32000, HWq=0x7fbf1cc00000, id=1, Dispatch Header = 0xb02 (type=2, barrier=1, acquire=1, release=1), setup=3, grid=[1024, 1, 1], workgroup=[128, 1, 1], private_seg_size=140, group_seg_size=0, kernel_obj=0x7fbf2fcf1a00, kernarg_address=0x7fbf1ca00280, completion_signal=0x0, correlation_id=0, rptr=146, wptr=146
:3:hip_module.cpp           :745 : 4393597982840 us: [pid:4164447 tid: 0x7fbf38fc0200] hipLaunchKernel: Returned hipSuccess : : duration: 643 us
:3:hip_device_runtime.cpp   :641 : 4393597982848 us: [pid:4164447 tid: 0x7fbf38fc0200] [32m hipDeviceSynchronize (  ) [0m
:4:commandqueue.cpp         :161 : 4393597982853 us: [pid:4164447 tid: 0x7fbf38fc0200] Marker queued to ensure finish
:4:command.cpp              :359 : 4393597982858 us: [pid:4164447 tid: 0x7fbf38fc0200] Command (InternalMarker) enqueued: 0x19fabba0
:3:rocvirtual.cpp           :533 : 4393597982870 us: [pid:4164447 tid: 0x7fbf38fc0200] Set Handler: handle(0x7fbf2fbfc080), timestamp(0x1a4fa020)
:4:rocvirtual.cpp           :1147: 4393597982878 us: [pid:4164447 tid: 0x7fbf38fc0200] SWq=0x7fbf2fd32000, HWq=0x7fbf1cc00000, id=1, BarrierAND Header = 0x1503 (type=3, barrier=1, acquire=2, release=2), dep_signal=[0x0, 0x0, 0x0, 0x0, 0x0], completion_signal=0x7fbf2fbfc080
:3:rocvirtual.hpp           :56  : 4393597982888 us: [pid:4164447 tid: 0x7fbf38fc0200] Host active wait for Signal = (0x7fbf2fbfc080) for -1 ns
:4:commandqueue.cpp         :184 : 4393597985600 us: [pid:4164447 tid: 0x7fbf38fc0200] All commands finished
:3:rocvirtual.cpp           :226 : 4393597985602 us: [pid:4164447 tid: 0x7fbdffbff6c0] Handler: value(0), timestamp(0x19f11b80), handle(0x7fbf2fbfc080)
:4:command.cpp              :169 : 4393597985624 us: [pid:4164447 tid: 0x7fbdffbff6c0] Command 0x19f11890 complete
:3:hip_device_runtime.cpp   :645 : 4393597985611 us: [pid:4164447 tid: 0x7fbf38fc0200] hipDeviceSynchronize: Returned hipSuccess : 
:4:command.cpp              :163 : 4393597985633 us: [pid:4164447 tid: 0x7fbdffbff6c0] Command 0x19fabba0 complete (Wall: 4393597985631, CPU: 0, GPU: 2766 us)
:3:hip_memory.cpp           :795 : 4393597985650 us: [pid:4164447 tid: 0x7fbf38fc0200] [32m hipMemcpy ( 0x7fbd4ecfc010, 0x7fbcf6a00000, 491520000, hipMemcpyDeviceToHost ) [0m
:4:command.cpp              :359 : 4393597986155 us: [pid:4164447 tid: 0x7fbf38fc0200] Command (CopyDeviceToHost) enqueued: 0x19f11890
:4:rocblit.cpp              :1673: 4393597986164 us: [pid:4164447 tid: 0x7fbf38fc0200] Unpinned read path, Async = 0
:4:rocmemory.cpp            :1018: 4393597995962 us: [pid:4164447 tid: 0x7fbf38fc0200] Locking to pool 0x19dc9ed0, size 0x2001000, HostPtr = 0x7fbd4ecfc000, DevPtr = 0x7fbd4ecfc000
:4:rocblit.cpp              :623 : 4393597995988 us: [pid:4164447 tid: 0x7fbf38fc0200] HSA Copy Using Pinned resource size 33554432
:4:rocblit.cpp              :687 : 4393597995997 us: [pid:4164447 tid: 0x7fbf38fc0200] HSA Async Copy staged D2H
:4:rocblit.cpp              :503 : 4393597996011 us: [pid:4164447 tid: 0x7fbf38fc0200] Last copy mask 0x0
:4:rocblit.cpp              :509 : 4393597996019 us: [pid:4164447 tid: 0x7fbf38fc0200] Query copy engine status 0, free_engine mask 0x1e
:4:rocblit.cpp              :520 : 4393597996028 us: [pid:4164447 tid: 0x7fbf38fc0200] HSA Async Copy on copy_engine=0x2, dst=0x7fbd4ecfc010, src=0x7fbcf6a00000, size=33554432, forceSDMA=0, wait_event=0x0, completion_signal=0x7fbf2fbfe200
:4:rocvirtual.cpp           :622 : 4393597996039 us: [pid:4164447 tid: 0x7fbf38fc0200] Host wait on completion_signal=0x7fbf2fbfe200
:3:rocvirtual.hpp           :56  : 4393597996047 us: [pid:4164447 tid: 0x7fbf38fc0200] Host active wait for Signal = (0x7fbf2fbfe200) for -1 ns
:4:rocmemory.cpp            :1018: 4393598006945 us: [pid:4164447 tid: 0x7fbf38fc0200] Locking to pool 0x19dc9ed0, size 0x2001000, HostPtr = 0x7fbd50cfc000, DevPtr = 0x7fbd50cfc000
:4:rocblit.cpp              :623 : 4393598006965 us: [pid:4164447 tid: 0x7fbf38fc0200] HSA Copy Using Pinned resource size 33554432
:4:rocblit.cpp              :687 : 4393598006973 us: [pid:4164447 tid: 0x7fbf38fc0200] HSA Async Copy staged D2H
:4:rocblit.cpp              :503 : 4393598006981 us: [pid:4164447 tid: 0x7fbf38fc0200] Last copy mask 0x2
:4:rocblit.cpp              :520 : 4393598006986 us: [pid:4164447 tid: 0x7fbf38fc0200] HSA Async Copy on copy_engine=0x2, dst=0x7fbd50cfc010, src=0x7fbcf8a00000, size=33554432, forceSDMA=0, wait_event=0x0, completion_signal=0x7fbf2fbfdb80
:4:rocvirtual.cpp           :622 : 4393598006997 us: [pid:4164447 tid: 0x7fbf38fc0200] Host wait on completion_signal=0x7fbf2fbfdb80
:3:rocvirtual.hpp           :56  : 4393598007005 us: [pid:4164447 tid: 0x7fbf38fc0200] Host active wait for Signal = (0x7fbf2fbfdb80) for -1 ns
:4:rocmemory.cpp            :1018: 4393598017840 us: [pid:4164447 tid: 0x7fbf38fc0200] Locking to pool 0x19dc9ed0, size 0x2001000, HostPtr = 0x7fbd52cfc000, DevPtr = 0x7fbd52cfc000
:4:rocblit.cpp              :623 : 4393598017861 us: [pid:4164447 tid: 0x7fbf38fc0200] HSA Copy Using Pinned resource size 33554432
:4:rocblit.cpp              :687 : 4393598017869 us: [pid:4164447 tid: 0x7fbf38fc0200] HSA Async Copy staged D2H
:4:rocblit.cpp              :503 : 4393598017875 us: [pid:4164447 tid: 0x7fbf38fc0200] Last copy mask 0x2
:4:rocblit.cpp              :520 : 4393598017880 us: [pid:4164447 tid: 0x7fbf38fc0200] HSA Async Copy on copy_engine=0x2, dst=0x7fbd52cfc010, src=0x7fbcfaa00000, size=33554432, forceSDMA=0, wait_event=0x0, completion_signal=0x7fbf2fbfda80
:4:rocvirtual.cpp           :622 : 4393598017890 us: [pid:4164447 tid: 0x7fbf38fc0200] Host wait on completion_signal=0x7fbf2fbfda80
:3:rocvirtual.hpp           :56  : 4393598017898 us: [pid:4164447 tid: 0x7fbf38fc0200] Host active wait for Signal = (0x7fbf2fbfda80) for -1 ns
:4:rocmemory.cpp            :1018: 4393598028705 us: [pid:4164447 tid: 0x7fbf38fc0200] Locking to pool 0x19dc9ed0, size 0x2001000, HostPtr = 0x7fbd54cfc000, DevPtr = 0x7fbd54cfc000
:4:rocblit.cpp              :623 : 4393598028735 us: [pid:4164447 tid: 0x7fbf38fc0200] HSA Copy Using Pinned resource size 33554432
:4:rocblit.cpp              :687 : 4393598028743 us: [pid:4164447 tid: 0x7fbf38fc0200] HSA Async Copy staged D2H
:4:rocblit.cpp              :503 : 4393598028750 us: [pid:4164447 tid: 0x7fbf38fc0200] Last copy mask 0x2
:4:rocblit.cpp              :520 : 4393598028757 us: [pid:4164447 tid: 0x7fbf38fc0200] HSA Async Copy on copy_engine=0x2, dst=0x7fbd54cfc010, src=0x7fbcfca00000, size=33554432, forceSDMA=0, wait_event=0x0, completion_signal=0x7fbf2fbfd880
:4:rocvirtual.cpp           :622 : 4393598028783 us: [pid:4164447 tid: 0x7fbf38fc0200] Host wait on completion_signal=0x7fbf2fbfd880
:3:rocvirtual.hpp           :56  : 4393598028791 us: [pid:4164447 tid: 0x7fbf38fc0200] Host active wait for Signal = (0x7fbf2fbfd880) for -1 ns
:4:rocmemory.cpp            :1018: 4393598039823 us: [pid:4164447 tid: 0x7fbf38fc0200] Locking to pool 0x19dc9ed0, size 0x2001000, HostPtr = 0x7fbd56cfc000, DevPtr = 0x7fbd56cfc000
:4:rocblit.cpp              :623 : 4393598039850 us: [pid:4164447 tid: 0x7fbf38fc0200] HSA Copy Using Pinned resource size 33554432
:4:rocblit.cpp              :687 : 4393598039858 us: [pid:4164447 tid: 0x7fbf38fc0200] HSA Async Copy staged D2H
:4:rocblit.cpp              :503 : 4393598039864 us: [pid:4164447 tid: 0x7fbf38fc0200] Last copy mask 0x2
:4:rocblit.cpp              :520 : 4393598039869 us: [pid:4164447 tid: 0x7fbf38fc0200] HSA Async Copy on copy_engine=0x2, dst=0x7fbd56cfc010, src=0x7fbcfea00000, size=33554432, forceSDMA=0, wait_event=0x0, completion_signal=0x7fbf2fbff780
:4:rocvirtual.cpp           :622 : 4393598039882 us: [pid:4164447 tid: 0x7fbf38fc0200] Host wait on completion_signal=0x7fbf2fbff780
:3:rocvirtual.hpp           :56  : 4393598039889 us: [pid:4164447 tid: 0x7fbf38fc0200] Host active wait for Signal = (0x7fbf2fbff780) for -1 ns
:4:rocmemory.cpp            :1018: 4393598050516 us: [pid:4164447 tid: 0x7fbf38fc0200] Locking to pool 0x19dc9ed0, size 0x2001000, HostPtr = 0x7fbd58cfc000, DevPtr = 0x7fbd58cfc000
:4:rocblit.cpp              :623 : 4393598050543 us: [pid:4164447 tid: 0x7fbf38fc0200] HSA Copy Using Pinned resource size 33554432
:4:rocblit.cpp              :687 : 4393598050551 us: [pid:4164447 tid: 0x7fbf38fc0200] HSA Async Copy staged D2H
:4:rocblit.cpp              :503 : 4393598050560 us: [pid:4164447 tid: 0x7fbf38fc0200] Last copy mask 0x2
:4:rocblit.cpp              :520 : 4393598050565 us: [pid:4164447 tid: 0x7fbf38fc0200] HSA Async Copy on copy_engine=0x2, dst=0x7fbd58cfc010, src=0x7fbd00a00000, size=33554432, forceSDMA=0, wait_event=0x0, completion_signal=0x7fbf2fbff800
:4:rocvirtual.cpp           :622 : 4393598050577 us: [pid:4164447 tid: 0x7fbf38fc0200] Host wait on completion_signal=0x7fbf2fbff800
:3:rocvirtual.hpp           :56  : 4393598050585 us: [pid:4164447 tid: 0x7fbf38fc0200] Host active wait for Signal = (0x7fbf2fbff800) for -1 ns
:4:rocmemory.cpp            :1018: 4393598061307 us: [pid:4164447 tid: 0x7fbf38fc0200] Locking to pool 0x19dc9ed0, size 0x2001000, HostPtr = 0x7fbd5acfc000, DevPtr = 0x7fbd5acfc000
:4:rocblit.cpp              :623 : 4393598061327 us: [pid:4164447 tid: 0x7fbf38fc0200] HSA Copy Using Pinned resource size 33554432
:4:rocblit.cpp              :687 : 4393598061336 us: [pid:4164447 tid: 0x7fbf38fc0200] HSA Async Copy staged D2H
:4:rocblit.cpp              :503 : 4393598061343 us: [pid:4164447 tid: 0x7fbf38fc0200] Last copy mask 0x2
:4:rocblit.cpp              :520 : 4393598061348 us: [pid:4164447 tid: 0x7fbf38fc0200] HSA Async Copy on copy_engine=0x2, dst=0x7fbd5acfc010, src=0x7fbd02a00000, size=33554432, forceSDMA=0, wait_event=0x0, completion_signal=0x7fbf2fbfef00
:4:rocvirtual.cpp           :622 : 4393598061361 us: [pid:4164447 tid: 0x7fbf38fc0200] Host wait on completion_signal=0x7fbf2fbfef00
:3:rocvirtual.hpp           :56  : 4393598061837 us: [pid:4164447 tid: 0x7fbf38fc0200] Host active wait for Signal = (0x7fbf2fbfef00) for -1 ns
:4:rocmemory.cpp            :1018: 4393598072203 us: [pid:4164447 tid: 0x7fbf38fc0200] Locking to pool 0x19dc9ed0, size 0x2001000, HostPtr = 0x7fbd5ccfc000, DevPtr = 0x7fbd5ccfc000
:4:rocblit.cpp              :623 : 4393598072221 us: [pid:4164447 tid: 0x7fbf38fc0200] HSA Copy Using Pinned resource size 33554432
:4:rocblit.cpp              :687 : 4393598072229 us: [pid:4164447 tid: 0x7fbf38fc0200] HSA Async Copy staged D2H
:4:rocblit.cpp              :503 : 4393598072235 us: [pid:4164447 tid: 0x7fbf38fc0200] Last copy mask 0x2
:4:rocblit.cpp              :520 : 4393598072240 us: [pid:4164447 tid: 0x7fbf38fc0200] HSA Async Copy on copy_engine=0x2, dst=0x7fbd5ccfc010, src=0x7fbd04a00000, size=33554432, forceSDMA=0, wait_event=0x0, completion_signal=0x7fbf2fbff680
:4:rocvirtual.cpp           :622 : 4393598072786 us: [pid:4164447 tid: 0x7fbf38fc0200] Host wait on completion_signal=0x7fbf2fbff680
:3:rocvirtual.hpp           :56  : 4393598072794 us: [pid:4164447 tid: 0x7fbf38fc0200] Host active wait for Signal = (0x7fbf2fbff680) for -1 ns
:4:rocmemory.cpp            :1018: 4393598083821 us: [pid:4164447 tid: 0x7fbf38fc0200] Locking to pool 0x19dc9ed0, size 0x2001000, HostPtr = 0x7fbd5ecfc000, DevPtr = 0x7fbd5ecfc000
:4:rocblit.cpp              :623 : 4393598083848 us: [pid:4164447 tid: 0x7fbf38fc0200] HSA Copy Using Pinned resource size 33554432
:4:rocblit.cpp              :687 : 4393598083856 us: [pid:4164447 tid: 0x7fbf38fc0200] HSA Async Copy staged D2H
:4:rocblit.cpp              :503 : 4393598084294 us: [pid:4164447 tid: 0x7fbf38fc0200] Last copy mask 0x2
:4:rocblit.cpp              :520 : 4393598084300 us: [pid:4164447 tid: 0x7fbf38fc0200] HSA Async Copy on copy_engine=0x2, dst=0x7fbd5ecfc010, src=0x7fbd06a00000, size=33554432, forceSDMA=0, wait_event=0x0, completion_signal=0x7fbf2fbff480
:4:rocvirtual.cpp           :622 : 4393598084313 us: [pid:4164447 tid: 0x7fbf38fc0200] Host wait on completion_signal=0x7fbf2fbff480
:3:rocvirtual.hpp           :56  : 4393598084328 us: [pid:4164447 tid: 0x7fbf38fc0200] Host active wait for Signal = (0x7fbf2fbff480) for -1 ns
:4:rocmemory.cpp            :1018: 4393598095252 us: [pid:4164447 tid: 0x7fbf38fc0200] Locking to pool 0x19dc9ed0, size 0x2001000, HostPtr = 0x7fbd60cfc000, DevPtr = 0x7fbd60cfc000
:4:rocblit.cpp              :623 : 4393598095279 us: [pid:4164447 tid: 0x7fbf38fc0200] HSA Copy Using Pinned resource size 33554432
:4:rocblit.cpp              :687 : 4393598095287 us: [pid:4164447 tid: 0x7fbf38fc0200] HSA Async Copy staged D2H
:4:rocblit.cpp              :503 : 4393598095294 us: [pid:4164447 tid: 0x7fbf38fc0200] Last copy mask 0x2
:4:rocblit.cpp              :520 : 4393598095299 us: [pid:4164447 tid: 0x7fbf38fc0200] HSA Async Copy on copy_engine=0x2, dst=0x7fbd60cfc010, src=0x7fbd08a00000, size=33554432, forceSDMA=0, wait_event=0x0, completion_signal=0x7fbf2fbfd900
:4:rocvirtual.cpp           :622 : 4393598095311 us: [pid:4164447 tid: 0x7fbf38fc0200] Host wait on completion_signal=0x7fbf2fbfd900
:3:rocvirtual.hpp           :56  : 4393598095319 us: [pid:4164447 tid: 0x7fbf38fc0200] Host active wait for Signal = (0x7fbf2fbfd900) for -1 ns
:4:rocmemory.cpp            :1018: 4393598105889 us: [pid:4164447 tid: 0x7fbf38fc0200] Locking to pool 0x19dc9ed0, size 0x2001000, HostPtr = 0x7fbd62cfc000, DevPtr = 0x7fbd62cfc000
:4:rocblit.cpp              :623 : 4393598105921 us: [pid:4164447 tid: 0x7fbf38fc0200] HSA Copy Using Pinned resource size 33554432
:4:rocblit.cpp              :687 : 4393598105929 us: [pid:4164447 tid: 0x7fbf38fc0200] HSA Async Copy staged D2H
:4:rocblit.cpp              :503 : 4393598105936 us: [pid:4164447 tid: 0x7fbf38fc0200] Last copy mask 0x2
:4:rocblit.cpp              :520 : 4393598105942 us: [pid:4164447 tid: 0x7fbf38fc0200] HSA Async Copy on copy_engine=0x2, dst=0x7fbd62cfc010, src=0x7fbd0aa00000, size=33554432, forceSDMA=0, wait_event=0x0, completion_signal=0x7fbf2fbfe280
:4:rocvirtual.cpp           :622 : 4393598105955 us: [pid:4164447 tid: 0x7fbf38fc0200] Host wait on completion_signal=0x7fbf2fbfe280
:3:rocvirtual.hpp           :56  : 4393598105963 us: [pid:4164447 tid: 0x7fbf38fc0200] Host active wait for Signal = (0x7fbf2fbfe280) for -1 ns
:4:rocmemory.cpp            :1018: 4393598116377 us: [pid:4164447 tid: 0x7fbf38fc0200] Locking to pool 0x19dc9ed0, size 0x2001000, HostPtr = 0x7fbd64cfc000, DevPtr = 0x7fbd64cfc000
:4:rocblit.cpp              :623 : 4393598116397 us: [pid:4164447 tid: 0x7fbf38fc0200] HSA Copy Using Pinned resource size 33554432
:4:rocblit.cpp              :687 : 4393598116405 us: [pid:4164447 tid: 0x7fbf38fc0200] HSA Async Copy staged D2H
:4:rocblit.cpp              :503 : 4393598116411 us: [pid:4164447 tid: 0x7fbf38fc0200] Last copy mask 0x2
:4:rocblit.cpp              :520 : 4393598116416 us: [pid:4164447 tid: 0x7fbf38fc0200] HSA Async Copy on copy_engine=0x2, dst=0x7fbd64cfc010, src=0x7fbd0ca00000, size=33554432, forceSDMA=0, wait_event=0x0, completion_signal=0x7fbf2fbfe300
:4:rocvirtual.cpp           :622 : 4393598116426 us: [pid:4164447 tid: 0x7fbf38fc0200] Host wait on completion_signal=0x7fbf2fbfe300
:3:rocvirtual.hpp           :56  : 4393598116434 us: [pid:4164447 tid: 0x7fbf38fc0200] Host active wait for Signal = (0x7fbf2fbfe300) for -1 ns
:4:rocmemory.cpp            :1018: 4393598127348 us: [pid:4164447 tid: 0x7fbf38fc0200] Locking to pool 0x19dc9ed0, size 0x2001000, HostPtr = 0x7fbd66cfc000, DevPtr = 0x7fbd66cfc000
:4:rocblit.cpp              :623 : 4393598127374 us: [pid:4164447 tid: 0x7fbf38fc0200] HSA Copy Using Pinned resource size 33554432
:4:rocblit.cpp              :687 : 4393598127382 us: [pid:4164447 tid: 0x7fbf38fc0200] HSA Async Copy staged D2H
:4:rocblit.cpp              :503 : 4393598127389 us: [pid:4164447 tid: 0x7fbf38fc0200] Last copy mask 0x2
:4:rocblit.cpp              :520 : 4393598127394 us: [pid:4164447 tid: 0x7fbf38fc0200] HSA Async Copy on copy_engine=0x2, dst=0x7fbd66cfc010, src=0x7fbd0ea00000, size=33554432, forceSDMA=0, wait_event=0x0, completion_signal=0x7fbf2fbfe400
:4:rocvirtual.cpp           :622 : 4393598127409 us: [pid:4164447 tid: 0x7fbf38fc0200] Host wait on completion_signal=0x7fbf2fbfe400
:3:rocvirtual.hpp           :56  : 4393598127417 us: [pid:4164447 tid: 0x7fbf38fc0200] Host active wait for Signal = (0x7fbf2fbfe400) for -1 ns
:4:rocmemory.cpp            :1018: 4393598138426 us: [pid:4164447 tid: 0x7fbf38fc0200] Locking to pool 0x19dc9ed0, size 0x2001000, HostPtr = 0x7fbd68cfc000, DevPtr = 0x7fbd68cfc000
:4:rocblit.cpp              :623 : 4393598138456 us: [pid:4164447 tid: 0x7fbf38fc0200] HSA Copy Using Pinned resource size 33554432
:4:rocblit.cpp              :687 : 4393598138464 us: [pid:4164447 tid: 0x7fbf38fc0200] HSA Async Copy staged D2H
:4:rocblit.cpp              :503 : 4393598138471 us: [pid:4164447 tid: 0x7fbf38fc0200] Last copy mask 0x2
:4:rocblit.cpp              :520 : 4393598138475 us: [pid:4164447 tid: 0x7fbf38fc0200] HSA Async Copy on copy_engine=0x2, dst=0x7fbd68cfc010, src=0x7fbd10a00000, size=33554432, forceSDMA=0, wait_event=0x0, completion_signal=0x7fbf2fbff380
:4:rocvirtual.cpp           :622 : 4393598138486 us: [pid:4164447 tid: 0x7fbf38fc0200] Host wait on completion_signal=0x7fbf2fbff380
:3:rocvirtual.hpp           :56  : 4393598138494 us: [pid:4164447 tid: 0x7fbf38fc0200] Host active wait for Signal = (0x7fbf2fbff380) for -1 ns
:4:rocmemory.cpp            :1018: 4393598146002 us: [pid:4164447 tid: 0x7fbf38fc0200] Locking to pool 0x19dc9ed0, size 0x14c1000, HostPtr = 0x7fbd6acfc000, DevPtr = 0x7fbd6acfc000
:4:rocblit.cpp              :623 : 4393598146033 us: [pid:4164447 tid: 0x7fbf38fc0200] HSA Copy Using Pinned resource size 21757952
:4:rocblit.cpp              :687 : 4393598146042 us: [pid:4164447 tid: 0x7fbf38fc0200] HSA Async Copy staged D2H
:4:rocblit.cpp              :503 : 4393598146049 us: [pid:4164447 tid: 0x7fbf38fc0200] Last copy mask 0x2
:4:rocblit.cpp              :520 : 4393598146054 us: [pid:4164447 tid: 0x7fbf38fc0200] HSA Async Copy on copy_engine=0x2, dst=0x7fbd6acfc010, src=0x7fbd12a00000, size=21757952, forceSDMA=0, wait_event=0x0, completion_signal=0x7fbf2fbff180
:4:rocvirtual.cpp           :622 : 4393598146066 us: [pid:4164447 tid: 0x7fbf38fc0200] Host wait on completion_signal=0x7fbf2fbff180
:3:rocvirtual.hpp           :56  : 4393598146073 us: [pid:4164447 tid: 0x7fbf38fc0200] Host active wait for Signal = (0x7fbf2fbff180) for -1 ns
:4:commandqueue.cpp         :161 : 4393598146852 us: [pid:4164447 tid: 0x7fbf38fc0200] Marker queued to ensure finish
:4:command.cpp              :359 : 4393598146860 us: [pid:4164447 tid: 0x7fbf38fc0200] Command (InternalMarker) enqueued: 0x19fabba0
:3:rocvirtual.cpp           :533 : 4393598146880 us: [pid:4164447 tid: 0x7fbf38fc0200] Set Handler: handle(0x7fbf2fbfd700), timestamp(0x1a5ae950)
:4:rocvirtual.cpp           :1147: 4393598147238 us: [pid:4164447 tid: 0x7fbf38fc0200] SWq=0x7fbf2fd32000, HWq=0x7fbf1cc00000, id=1, BarrierAND Header = 0x1503 (type=3, barrier=1, acquire=2, release=2), dep_signal=[0x0, 0x0, 0x0, 0x0, 0x0], completion_signal=0x7fbf2fbfd700
:3:rocvirtual.hpp           :56  : 4393598147249 us: [pid:4164447 tid: 0x7fbf38fc0200] Host active wait for Signal = (0x7fbf2fbfd700) for -1 ns
:4:commandqueue.cpp         :184 : 4393598147257 us: [pid:4164447 tid: 0x7fbf38fc0200] All commands finished
:3:hip_memory.cpp           :796 : 4393598147284 us: [pid:4164447 tid: 0x7fbf38fc0200] hipMemcpy: Returned hipSuccess : : duration: 161634 us
:3:rocvirtual.cpp           :226 : 4393598147259 us: [pid:4164447 tid: 0x7fbdffbff6c0] Handler: value(0), timestamp(0x1a588990), handle(0x7fbf2fbfd700)
:4:command.cpp              :169 : 4393598147327 us: [pid:4164447 tid: 0x7fbdffbff6c0] Command 0x19f11890 complete
:4:command.cpp              :163 : 4393598147337 us: [pid:4164447 tid: 0x7fbdffbff6c0] Command 0x19fabba0 complete (Wall: 4393598147335, CPU: 0, GPU: 465 us)
:3:hip_memory.cpp           :3476: 4393599301991 us: [pid:4164447 tid: 0x7fbf38fc0200] [32m hipMemset ( 0x7fbcf6a00000, 0, 491520000 ) [0m
:4:command.cpp              :359 : 4393599302030 us: [pid:4164447 tid: 0x7fbf38fc0200] Command (FillBuffer) enqueued: 0x1a61e850
:3:rocvirtual.cpp           :762 : 4393599302052 us: [pid:4164447 tid: 0x7fbf38fc0200] Arg0: void* buf = ptr:0x7fbcf6a00000
:3:rocvirtual.cpp           :778 : 4393599302057 us: [pid:4164447 tid: 0x7fbf38fc0200] Arg0: void* buf = ptr:0x7fbcf6a00000 obj:[0x7fbcf6a00000-0x7fbd13ec0000]
:3:rocvirtual.cpp           :762 : 4393599302065 us: [pid:4164447 tid: 0x7fbf38fc0200] Arg1: uchar* pattern = ptr:0x7fbf1ca00000
:3:rocvirtual.cpp           :853 : 4393599302073 us: [pid:4164447 tid: 0x7fbf38fc0200] Arg2: uint pattern_size = val:1
:3:rocvirtual.cpp           :853 : 4393599302077 us: [pid:4164447 tid: 0x7fbf38fc0200] Arg3: uint alignment = val:16
:3:rocvirtual.cpp           :853 : 4393599302082 us: [pid:4164447 tid: 0x7fbf38fc0200] Arg4: ulong end_ptr = val:140450059780096
:3:rocvirtual.cpp           :853 : 4393599302089 us: [pid:4164447 tid: 0x7fbf38fc0200] Arg5: uint next_chunk = val:26624
:3:rocvirtual.cpp           :3236: 4393599302094 us: [pid:4164447 tid: 0x7fbf38fc0200] ShaderName : __amd_rocclr_fillBufferAligned
:3:rocvirtual.cpp           :3449: 4393599302103 us: [pid:4164447 tid: 0x7fbf38fc0200] KernargSegmentByteSize = 296 KernargSegmentAlignment = 128
:4:rocvirtual.cpp           :965 : 4393599302115 us: [pid:4164447 tid: 0x7fbf38fc0200] SWq=0x7fbf2fd32000, HWq=0x7fbf1cc00000, id=1, Dispatch Header = 0x1502 (type=2, barrier=1, acquire=2, release=2), setup=1, grid=[26624, 1, 1], workgroup=[256, 1, 1], private_seg_size=0, group_seg_size=0, kernel_obj=0x7fbf2fd1dd40, kernarg_address=0x7fbf1ca00100, completion_signal=0x0, correlation_id=0, rptr=149, wptr=149
:3:hip_memory.cpp           :3477: 4393599302131 us: [pid:4164447 tid: 0x7fbf38fc0200] hipMemset: Returned hipSuccess : 
:3:hip_device_runtime.cpp   :641 : 4393599302136 us: [pid:4164447 tid: 0x7fbf38fc0200] [32m hipDeviceSynchronize (  ) [0m
:4:commandqueue.cpp         :161 : 4393599302142 us: [pid:4164447 tid: 0x7fbf38fc0200] Marker queued to ensure finish
:4:command.cpp              :359 : 4393599302147 us: [pid:4164447 tid: 0x7fbf38fc0200] Command (InternalMarker) enqueued: 0x19fabba0
:3:rocvirtual.cpp           :533 : 4393599302167 us: [pid:4164447 tid: 0x7fbf38fc0200] Set Handler: handle(0x7fbf2fbfbf00), timestamp(0x1a61e790)
:4:rocvirtual.cpp           :1147: 4393599302176 us: [pid:4164447 tid: 0x7fbf38fc0200] SWq=0x7fbf2fd32000, HWq=0x7fbf1cc00000, id=1, BarrierAND Header = 0x1503 (type=3, barrier=1, acquire=2, release=2), dep_signal=[0x0, 0x0, 0x0, 0x0, 0x0], completion_signal=0x7fbf2fbfbf00
:3:rocvirtual.hpp           :56  : 4393599302188 us: [pid:4164447 tid: 0x7fbf38fc0200] Host active wait for Signal = (0x7fbf2fbfbf00) for -1 ns
:4:commandqueue.cpp         :184 : 4393599302863 us: [pid:4164447 tid: 0x7fbf38fc0200] All commands finished
:3:hip_device_runtime.cpp   :645 : 4393599302872 us: [pid:4164447 tid: 0x7fbf38fc0200] hipDeviceSynchronize: Returned hipSuccess : 
:3:hip_platform.cpp         :237 : 4393599302886 us: [pid:4164447 tid: 0x7fbf38fc0200] [32m __hipPushCallConfiguration ( {8,1,1}, {256,1,1}, 0, stream:<null> ) [0m
:3:hip_platform.cpp         :241 : 4393599302895 us: [pid:4164447 tid: 0x7fbf38fc0200] __hipPushCallConfiguration: Returned hipSuccess : 
:3:rocvirtual.cpp           :226 : 4393599302559 us: [pid:4164447 tid: 0x7fbdffbff6c0] Handler: value(0), timestamp(0x1a61e6e0), handle(0x7fbf2fbfbf00)
:4:command.cpp              :169 : 4393599302925 us: [pid:4164447 tid: 0x7fbdffbff6c0] Command 0x1a61e850 complete
:4:command.cpp              :163 : 4393599302949 us: [pid:4164447 tid: 0x7fbdffbff6c0] Command 0x19fabba0 complete (Wall: 4393599302947, CPU: 0, GPU: 792 us)
:3:hip_platform.cpp         :246 : 4393599302929 us: [pid:4164447 tid: 0x7fbf38fc0200] [32m __hipPopCallConfiguration ( {1131604050,32703,256}, {2118224,0,2169324560}, 0x7ffc814d4160, 0x7ffc814d4158 ) [0m
:3:hip_platform.cpp         :255 : 4393599303739 us: [pid:4164447 tid: 0x7fbf38fc0200] __hipPopCallConfiguration: Returned hipSuccess : 
:3:hip_module.cpp           :744 : 4393599303751 us: [pid:4164447 tid: 0x7fbf38fc0200] [32m hipLaunchKernel ( 0x200fd8, {8,1,1}, {256,1,1}, 0x7ffc814d4110, 0, stream:<null> ) [0m
:4:command.cpp              :359 : 4393599303775 us: [pid:4164447 tid: 0x7fbf38fc0200] Command (KernelExecution) enqueued: 0x19f11890
:3:rocvirtual.cpp           :762 : 4393599303783 us: [pid:4164447 tid: 0x7fbf38fc0200] Arg0:   = ptr:0x7fbd14200000
:3:rocvirtual.cpp           :778 : 4393599303788 us: [pid:4164447 tid: 0x7fbf38fc0200] Arg0:   = ptr:0x7fbd14200000 obj:[0x7fbd14200000-0x7fbd316c0000]
:3:rocvirtual.cpp           :762 : 4393599303796 us: [pid:4164447 tid: 0x7fbf38fc0200] Arg1:   = ptr:0x7fbded427000
:3:rocvirtual.cpp           :778 : 4393599303800 us: [pid:4164447 tid: 0x7fbf38fc0200] Arg1:   = ptr:0x7fbded427000 obj:[0x7fbded427000-0x7fbded487000]
:3:rocvirtual.cpp           :762 : 4393599303808 us: [pid:4164447 tid: 0x7fbf38fc0200] Arg2:   = ptr:0x7fbcf6a00000
:3:rocvirtual.cpp           :778 : 4393599303812 us: [pid:4164447 tid: 0x7fbf38fc0200] Arg2:   = ptr:0x7fbcf6a00000 obj:[0x7fbcf6a00000-0x7fbd13ec0000]
:3:rocvirtual.cpp           :853 : 4393599303820 us: [pid:4164447 tid: 0x7fbf38fc0200] Arg3:   = val:12288
:3:rocvirtual.cpp           :762 : 4393599303824 us: [pid:4164447 tid: 0x7fbf38fc0200] Arg4:   = ptr:0x7fbded400000
:3:rocvirtual.cpp           :778 : 4393599303829 us: [pid:4164447 tid: 0x7fbf38fc0200] Arg4:   = ptr:0x7fbded400000 obj:[0x7fbded400000-0x7fbded400024]
:3:rocvirtual.cpp           :3236: 4393599303838 us: [pid:4164447 tid: 0x7fbf38fc0200] ShaderName : void dense_esuhm<float>(float const*, float const*, float*, int, int const*)
:3:rocvirtual.cpp           :3449: 4393599303847 us: [pid:4164447 tid: 0x7fbf38fc0200] KernargSegmentByteSize = 296 KernargSegmentAlignment = 128
:4:rocvirtual.cpp           :965 : 4393599304511 us: [pid:4164447 tid: 0x7fbf38fc0200] SWq=0x7fbf2fd32000, HWq=0x7fbf1cc00000, id=1, Dispatch Header = 0xb02 (type=2, barrier=1, acquire=1, release=1), setup=3, grid=[2048, 1, 1], workgroup=[256, 1, 1], private_seg_size=140, group_seg_size=0, kernel_obj=0x7fbf2fcf1980, kernarg_address=0x7fbf1ca00280, completion_signal=0x0, correlation_id=0, rptr=151, wptr=151
:3:hip_module.cpp           :745 : 4393599304527 us: [pid:4164447 tid: 0x7fbf38fc0200] hipLaunchKernel: Returned hipSuccess : : duration: 776 us
:3:hip_device_runtime.cpp   :641 : 4393599304538 us: [pid:4164447 tid: 0x7fbf38fc0200] [32m hipDeviceSynchronize (  ) [0m
:4:commandqueue.cpp         :161 : 4393599304544 us: [pid:4164447 tid: 0x7fbf38fc0200] Marker queued to ensure finish
:4:command.cpp              :359 : 4393599304550 us: [pid:4164447 tid: 0x7fbf38fc0200] Command (InternalMarker) enqueued: 0x19fabba0
:3:rocvirtual.cpp           :533 : 4393599304563 us: [pid:4164447 tid: 0x7fbf38fc0200] Set Handler: handle(0x7fbf2fbfbe80), timestamp(0x1a61eb00)
:4:rocvirtual.cpp           :1147: 4393599304572 us: [pid:4164447 tid: 0x7fbf38fc0200] SWq=0x7fbf2fd32000, HWq=0x7fbf1cc00000, id=1, BarrierAND Header = 0x1503 (type=3, barrier=1, acquire=2, release=2), dep_signal=[0x0, 0x0, 0x0, 0x0, 0x0], completion_signal=0x7fbf2fbfbe80
:3:rocvirtual.hpp           :56  : 4393599304582 us: [pid:4164447 tid: 0x7fbf38fc0200] Host active wait for Signal = (0x7fbf2fbfbe80) for -1 ns
:4:commandqueue.cpp         :184 : 4393599305258 us: [pid:4164447 tid: 0x7fbf38fc0200] All commands finished
:3:hip_device_runtime.cpp   :645 : 4393599305268 us: [pid:4164447 tid: 0x7fbf38fc0200] hipDeviceSynchronize: Returned hipSuccess : 
:3:rocvirtual.cpp           :226 : 4393599305262 us: [pid:4164447 tid: 0x7fbdffbff6c0] Handler: value(0), timestamp(0x1a61ea50), handle(0x7fbf2fbfbe80)
:4:command.cpp              :169 : 4393599305294 us: [pid:4164447 tid: 0x7fbdffbff6c0] Command 0x19f11890 complete
:3:hip_memory.cpp           :795 : 4393599305283 us: [pid:4164447 tid: 0x7fbf38fc0200] [32m hipMemcpy ( 0x7fbd8967e010, 0x7fbcf6a00000, 491520000, hipMemcpyDeviceToHost ) [0m
:4:command.cpp              :359 : 4393599305314 us: [pid:4164447 tid: 0x7fbf38fc0200] Command (CopyDeviceToHost) enqueued: 0x1a61e850
:4:rocblit.cpp              :1673: 4393599305325 us: [pid:4164447 tid: 0x7fbf38fc0200] Unpinned read path, Async = 0
:4:command.cpp              :163 : 4393599305318 us: [pid:4164447 tid: 0x7fbdffbff6c0] Command 0x19fabba0 complete (Wall: 4393599305316, CPU: 0, GPU: 757 us)
:4:rocmemory.cpp            :1018: 4393599305351 us: [pid:4164447 tid: 0x7fbf38fc0200] Locking to pool 0x19dc9ed0, size 0x2001000, HostPtr = 0x7fbd8967e000, DevPtr = 0x7fbd8967e000
:4:rocblit.cpp              :623 : 4393599305359 us: [pid:4164447 tid: 0x7fbf38fc0200] HSA Copy Using Pinned resource size 33554432
:4:rocblit.cpp              :687 : 4393599305366 us: [pid:4164447 tid: 0x7fbf38fc0200] HSA Async Copy staged D2H
:4:rocblit.cpp              :503 : 4393599305371 us: [pid:4164447 tid: 0x7fbf38fc0200] Last copy mask 0x0
:4:rocblit.cpp              :509 : 4393599305379 us: [pid:4164447 tid: 0x7fbf38fc0200] Query copy engine status 0, free_engine mask 0x1e
:4:rocblit.cpp              :520 : 4393599305387 us: [pid:4164447 tid: 0x7fbf38fc0200] HSA Async Copy on copy_engine=0x2, dst=0x7fbd8967e010, src=0x7fbcf6a00000, size=33554432, forceSDMA=0, wait_event=0x0, completion_signal=0x7fbf2fbfe600
:4:rocvirtual.cpp           :622 : 4393599305398 us: [pid:4164447 tid: 0x7fbf38fc0200] Host wait on completion_signal=0x7fbf2fbfe600
:3:rocvirtual.hpp           :56  : 4393599306041 us: [pid:4164447 tid: 0x7fbf38fc0200] Host active wait for Signal = (0x7fbf2fbfe600) for -1 ns
:4:rocmemory.cpp            :1018: 4393599306983 us: [pid:4164447 tid: 0x7fbf38fc0200] Locking to pool 0x19dc9ed0, size 0x2001000, HostPtr = 0x7fbd8b67e000, DevPtr = 0x7fbd8b67e000
:4:rocblit.cpp              :623 : 4393599306993 us: [pid:4164447 tid: 0x7fbf38fc0200] HSA Copy Using Pinned resource size 33554432
:4:rocblit.cpp              :687 : 4393599307001 us: [pid:4164447 tid: 0x7fbf38fc0200] HSA Async Copy staged D2H
:4:rocblit.cpp              :503 : 4393599307006 us: [pid:4164447 tid: 0x7fbf38fc0200] Last copy mask 0x2
:4:rocblit.cpp              :520 : 4393599307011 us: [pid:4164447 tid: 0x7fbf38fc0200] HSA Async Copy on copy_engine=0x2, dst=0x7fbd8b67e010, src=0x7fbcf8a00000, size=33554432, forceSDMA=0, wait_event=0x0, completion_signal=0x7fbf2fbfef80
:4:rocvirtual.cpp           :622 : 4393599307019 us: [pid:4164447 tid: 0x7fbf38fc0200] Host wait on completion_signal=0x7fbf2fbfef80
:3:rocvirtual.hpp           :56  : 4393599307027 us: [pid:4164447 tid: 0x7fbf38fc0200] Host active wait for Signal = (0x7fbf2fbfef80) for -1 ns
:4:rocmemory.cpp            :1018: 4393599308265 us: [pid:4164447 tid: 0x7fbf38fc0200] Locking to pool 0x19dc9ed0, size 0x2001000, HostPtr = 0x7fbd8d67e000, DevPtr = 0x7fbd8d67e000
:4:rocblit.cpp              :623 : 4393599308277 us: [pid:4164447 tid: 0x7fbf38fc0200] HSA Copy Using Pinned resource size 33554432
:4:rocblit.cpp              :687 : 4393599308285 us: [pid:4164447 tid: 0x7fbf38fc0200] HSA Async Copy staged D2H
:4:rocblit.cpp              :503 : 4393599308290 us: [pid:4164447 tid: 0x7fbf38fc0200] Last copy mask 0x2
:4:rocblit.cpp              :520 : 4393599308294 us: [pid:4164447 tid: 0x7fbf38fc0200] HSA Async Copy on copy_engine=0x2, dst=0x7fbd8d67e010, src=0x7fbcfaa00000, size=33554432, forceSDMA=0, wait_event=0x0, completion_signal=0x7fbf2fbfda00
:4:rocvirtual.cpp           :622 : 4393599308302 us: [pid:4164447 tid: 0x7fbf38fc0200] Host wait on completion_signal=0x7fbf2fbfda00
:3:rocvirtual.hpp           :56  : 4393599308311 us: [pid:4164447 tid: 0x7fbf38fc0200] Host active wait for Signal = (0x7fbf2fbfda00) for -1 ns
:4:rocmemory.cpp            :1018: 4393599309511 us: [pid:4164447 tid: 0x7fbf38fc0200] Locking to pool 0x19dc9ed0, size 0x2001000, HostPtr = 0x7fbd8f67e000, DevPtr = 0x7fbd8f67e000
:4:rocblit.cpp              :623 : 4393599309521 us: [pid:4164447 tid: 0x7fbf38fc0200] HSA Copy Using Pinned resource size 33554432
:4:rocblit.cpp              :687 : 4393599309528 us: [pid:4164447 tid: 0x7fbf38fc0200] HSA Async Copy staged D2H
:4:rocblit.cpp              :503 : 4393599309534 us: [pid:4164447 tid: 0x7fbf38fc0200] Last copy mask 0x2
:4:rocblit.cpp              :520 : 4393599309538 us: [pid:4164447 tid: 0x7fbf38fc0200] HSA Async Copy on copy_engine=0x2, dst=0x7fbd8f67e010, src=0x7fbcfca00000, size=33554432, forceSDMA=0, wait_event=0x0, completion_signal=0x7fbf2fbfdb00
:4:rocvirtual.cpp           :622 : 4393599309549 us: [pid:4164447 tid: 0x7fbf38fc0200] Host wait on completion_signal=0x7fbf2fbfdb00
:3:rocvirtual.hpp           :56  : 4393599309557 us: [pid:4164447 tid: 0x7fbf38fc0200] Host active wait for Signal = (0x7fbf2fbfdb00) for -1 ns
:4:rocmemory.cpp            :1018: 4393599310754 us: [pid:4164447 tid: 0x7fbf38fc0200] Locking to pool 0x19dc9ed0, size 0x2001000, HostPtr = 0x7fbd9167e000, DevPtr = 0x7fbd9167e000
:4:rocblit.cpp              :623 : 4393599310763 us: [pid:4164447 tid: 0x7fbf38fc0200] HSA Copy Using Pinned resource size 33554432
:4:rocblit.cpp              :687 : 4393599310771 us: [pid:4164447 tid: 0x7fbf38fc0200] HSA Async Copy staged D2H
:4:rocblit.cpp              :503 : 4393599310776 us: [pid:4164447 tid: 0x7fbf38fc0200] Last copy mask 0x2
:4:rocblit.cpp              :520 : 4393599310780 us: [pid:4164447 tid: 0x7fbf38fc0200] HSA Async Copy on copy_engine=0x2, dst=0x7fbd9167e010, src=0x7fbcfea00000, size=33554432, forceSDMA=0, wait_event=0x0, completion_signal=0x7fbf2fbfe500
:4:rocvirtual.cpp           :622 : 4393599310788 us: [pid:4164447 tid: 0x7fbf38fc0200] Host wait on completion_signal=0x7fbf2fbfe500
:3:rocvirtual.hpp           :56  : 4393599310796 us: [pid:4164447 tid: 0x7fbf38fc0200] Host active wait for Signal = (0x7fbf2fbfe500) for -1 ns
:4:rocmemory.cpp            :1018: 4393599311989 us: [pid:4164447 tid: 0x7fbf38fc0200] Locking to pool 0x19dc9ed0, size 0x2001000, HostPtr = 0x7fbd9367e000, DevPtr = 0x7fbd9367e000
:4:rocblit.cpp              :623 : 4393599311999 us: [pid:4164447 tid: 0x7fbf38fc0200] HSA Copy Using Pinned resource size 33554432
:4:rocblit.cpp              :687 : 4393599312013 us: [pid:4164447 tid: 0x7fbf38fc0200] HSA Async Copy staged D2H
:4:rocblit.cpp              :503 : 4393599312019 us: [pid:4164447 tid: 0x7fbf38fc0200] Last copy mask 0x2
:4:rocblit.cpp              :520 : 4393599312023 us: [pid:4164447 tid: 0x7fbf38fc0200] HSA Async Copy on copy_engine=0x2, dst=0x7fbd9367e010, src=0x7fbd00a00000, size=33554432, forceSDMA=0, wait_event=0x0, completion_signal=0x7fbf2fbfe680
:4:rocvirtual.cpp           :622 : 4393599312032 us: [pid:4164447 tid: 0x7fbf38fc0200] Host wait on completion_signal=0x7fbf2fbfe680
:3:rocvirtual.hpp           :56  : 4393599312040 us: [pid:4164447 tid: 0x7fbf38fc0200] Host active wait for Signal = (0x7fbf2fbfe680) for -1 ns
:4:rocmemory.cpp            :1018: 4393599313351 us: [pid:4164447 tid: 0x7fbf38fc0200] Locking to pool 0x19dc9ed0, size 0x2001000, HostPtr = 0x7fbd9567e000, DevPtr = 0x7fbd9567e000
:4:rocblit.cpp              :623 : 4393599313362 us: [pid:4164447 tid: 0x7fbf38fc0200] HSA Copy Using Pinned resource size 33554432
:4:rocblit.cpp              :687 : 4393599313370 us: [pid:4164447 tid: 0x7fbf38fc0200] HSA Async Copy staged D2H
:4:rocblit.cpp              :503 : 4393599313375 us: [pid:4164447 tid: 0x7fbf38fc0200] Last copy mask 0x2
:4:rocblit.cpp              :520 : 4393599313380 us: [pid:4164447 tid: 0x7fbf38fc0200] HSA Async Copy on copy_engine=0x2, dst=0x7fbd9567e010, src=0x7fbd02a00000, size=33554432, forceSDMA=0, wait_event=0x0, completion_signal=0x7fbf2fbfe480
:4:rocvirtual.cpp           :622 : 4393599313388 us: [pid:4164447 tid: 0x7fbf38fc0200] Host wait on completion_signal=0x7fbf2fbfe480
:3:rocvirtual.hpp           :56  : 4393599313395 us: [pid:4164447 tid: 0x7fbf38fc0200] Host active wait for Signal = (0x7fbf2fbfe480) for -1 ns
:4:rocmemory.cpp            :1018: 4393599314605 us: [pid:4164447 tid: 0x7fbf38fc0200] Locking to pool 0x19dc9ed0, size 0x2001000, HostPtr = 0x7fbd9767e000, DevPtr = 0x7fbd9767e000
:4:rocblit.cpp              :623 : 4393599314614 us: [pid:4164447 tid: 0x7fbf38fc0200] HSA Copy Using Pinned resource size 33554432
:4:rocblit.cpp              :687 : 4393599314622 us: [pid:4164447 tid: 0x7fbf38fc0200] HSA Async Copy staged D2H
:4:rocblit.cpp              :503 : 4393599314627 us: [pid:4164447 tid: 0x7fbf38fc0200] Last copy mask 0x2
:4:rocblit.cpp              :520 : 4393599314636 us: [pid:4164447 tid: 0x7fbf38fc0200] HSA Async Copy on copy_engine=0x2, dst=0x7fbd9767e010, src=0x7fbd04a00000, size=33554432, forceSDMA=0, wait_event=0x0, completion_signal=0x7fbf2fbfd980
:4:rocvirtual.cpp           :622 : 4393599314644 us: [pid:4164447 tid: 0x7fbf38fc0200] Host wait on completion_signal=0x7fbf2fbfd980
:3:rocvirtual.hpp           :56  : 4393599314651 us: [pid:4164447 tid: 0x7fbf38fc0200] Host active wait for Signal = (0x7fbf2fbfd980) for -1 ns
:4:rocmemory.cpp            :1018: 4393599315849 us: [pid:4164447 tid: 0x7fbf38fc0200] Locking to pool 0x19dc9ed0, size 0x2001000, HostPtr = 0x7fbd9967e000, DevPtr = 0x7fbd9967e000
:4:rocblit.cpp              :623 : 4393599315860 us: [pid:4164447 tid: 0x7fbf38fc0200] HSA Copy Using Pinned resource size 33554432
:4:rocblit.cpp              :687 : 4393599315868 us: [pid:4164447 tid: 0x7fbf38fc0200] HSA Async Copy staged D2H
:4:rocblit.cpp              :503 : 4393599315873 us: [pid:4164447 tid: 0x7fbf38fc0200] Last copy mask 0x2
:4:rocblit.cpp              :520 : 4393599315878 us: [pid:4164447 tid: 0x7fbf38fc0200] HSA Async Copy on copy_engine=0x2, dst=0x7fbd9967e010, src=0x7fbd06a00000, size=33554432, forceSDMA=0, wait_event=0x0, completion_signal=0x7fbf2fbff000
:4:rocvirtual.cpp           :622 : 4393599315886 us: [pid:4164447 tid: 0x7fbf38fc0200] Host wait on completion_signal=0x7fbf2fbff000
:3:rocvirtual.hpp           :56  : 4393599315894 us: [pid:4164447 tid: 0x7fbf38fc0200] Host active wait for Signal = (0x7fbf2fbff000) for -1 ns
:4:rocmemory.cpp            :1018: 4393599317091 us: [pid:4164447 tid: 0x7fbf38fc0200] Locking to pool 0x19dc9ed0, size 0x2001000, HostPtr = 0x7fbd9b67e000, DevPtr = 0x7fbd9b67e000
:4:rocblit.cpp              :623 : 4393599317102 us: [pid:4164447 tid: 0x7fbf38fc0200] HSA Copy Using Pinned resource size 33554432
:4:rocblit.cpp              :687 : 4393599317109 us: [pid:4164447 tid: 0x7fbf38fc0200] HSA Async Copy staged D2H
:4:rocblit.cpp              :503 : 4393599317115 us: [pid:4164447 tid: 0x7fbf38fc0200] Last copy mask 0x2
:4:rocblit.cpp              :520 : 4393599317119 us: [pid:4164447 tid: 0x7fbf38fc0200] HSA Async Copy on copy_engine=0x2, dst=0x7fbd9b67e010, src=0x7fbd08a00000, size=33554432, forceSDMA=0, wait_event=0x0, completion_signal=0x7fbf2fbff080
:4:rocvirtual.cpp           :622 : 4393599317133 us: [pid:4164447 tid: 0x7fbf38fc0200] Host wait on completion_signal=0x7fbf2fbff080
:3:rocvirtual.hpp           :56  : 4393599317142 us: [pid:4164447 tid: 0x7fbf38fc0200] Host active wait for Signal = (0x7fbf2fbff080) for -1 ns
:4:rocmemory.cpp            :1018: 4393599318338 us: [pid:4164447 tid: 0x7fbf38fc0200] Locking to pool 0x19dc9ed0, size 0x2001000, HostPtr = 0x7fbd9d67e000, DevPtr = 0x7fbd9d67e000
:4:rocblit.cpp              :623 : 4393599318350 us: [pid:4164447 tid: 0x7fbf38fc0200] HSA Copy Using Pinned resource size 33554432
:4:rocblit.cpp              :687 : 4393599318358 us: [pid:4164447 tid: 0x7fbf38fc0200] HSA Async Copy staged D2H
:4:rocblit.cpp              :503 : 4393599318364 us: [pid:4164447 tid: 0x7fbf38fc0200] Last copy mask 0x2
:4:rocblit.cpp              :520 : 4393599318368 us: [pid:4164447 tid: 0x7fbf38fc0200] HSA Async Copy on copy_engine=0x2, dst=0x7fbd9d67e010, src=0x7fbd0aa00000, size=33554432, forceSDMA=0, wait_event=0x0, completion_signal=0x7fbf2fbfdd00
:4:rocvirtual.cpp           :622 : 4393599318376 us: [pid:4164447 tid: 0x7fbf38fc0200] Host wait on completion_signal=0x7fbf2fbfdd00
:3:rocvirtual.hpp           :56  : 4393599318383 us: [pid:4164447 tid: 0x7fbf38fc0200] Host active wait for Signal = (0x7fbf2fbfdd00) for -1 ns
:4:rocmemory.cpp            :1018: 4393599319579 us: [pid:4164447 tid: 0x7fbf38fc0200] Locking to pool 0x19dc9ed0, size 0x2001000, HostPtr = 0x7fbd9f67e000, DevPtr = 0x7fbd9f67e000
:4:rocblit.cpp              :623 : 4393599319588 us: [pid:4164447 tid: 0x7fbf38fc0200] HSA Copy Using Pinned resource size 33554432
:4:rocblit.cpp              :687 : 4393599319596 us: [pid:4164447 tid: 0x7fbf38fc0200] HSA Async Copy staged D2H
:4:rocblit.cpp              :503 : 4393599319604 us: [pid:4164447 tid: 0x7fbf38fc0200] Last copy mask 0x2
:4:rocblit.cpp              :520 : 4393599319609 us: [pid:4164447 tid: 0x7fbf38fc0200] HSA Async Copy on copy_engine=0x2, dst=0x7fbd9f67e010, src=0x7fbd0ca00000, size=33554432, forceSDMA=0, wait_event=0x0, completion_signal=0x7fbf2fbfeb80
:4:rocvirtual.cpp           :622 : 4393599319617 us: [pid:4164447 tid: 0x7fbf38fc0200] Host wait on completion_signal=0x7fbf2fbfeb80
:3:rocvirtual.hpp           :56  : 4393599319624 us: [pid:4164447 tid: 0x7fbf38fc0200] Host active wait for Signal = (0x7fbf2fbfeb80) for -1 ns
:4:rocmemory.cpp            :1018: 4393599320820 us: [pid:4164447 tid: 0x7fbf38fc0200] Locking to pool 0x19dc9ed0, size 0x2001000, HostPtr = 0x7fbda167e000, DevPtr = 0x7fbda167e000
:4:rocblit.cpp              :623 : 4393599320830 us: [pid:4164447 tid: 0x7fbf38fc0200] HSA Copy Using Pinned resource size 33554432
:4:rocblit.cpp              :687 : 4393599320838 us: [pid:4164447 tid: 0x7fbf38fc0200] HSA Async Copy staged D2H
:4:rocblit.cpp              :503 : 4393599320842 us: [pid:4164447 tid: 0x7fbf38fc0200] Last copy mask 0x2
:4:rocblit.cpp              :520 : 4393599320847 us: [pid:4164447 tid: 0x7fbf38fc0200] HSA Async Copy on copy_engine=0x2, dst=0x7fbda167e010, src=0x7fbd0ea00000, size=33554432, forceSDMA=0, wait_event=0x0, completion_signal=0x7fbf2fbfed80
:4:rocvirtual.cpp           :622 : 4393599320855 us: [pid:4164447 tid: 0x7fbf38fc0200] Host wait on completion_signal=0x7fbf2fbfed80
:3:rocvirtual.hpp           :56  : 4393599320862 us: [pid:4164447 tid: 0x7fbf38fc0200] Host active wait for Signal = (0x7fbf2fbfed80) for -1 ns
:4:rocmemory.cpp            :1018: 4393599322057 us: [pid:4164447 tid: 0x7fbf38fc0200] Locking to pool 0x19dc9ed0, size 0x2001000, HostPtr = 0x7fbda367e000, DevPtr = 0x7fbda367e000
:4:rocblit.cpp              :623 : 4393599322068 us: [pid:4164447 tid: 0x7fbf38fc0200] HSA Copy Using Pinned resource size 33554432
:4:rocblit.cpp              :687 : 4393599322076 us: [pid:4164447 tid: 0x7fbf38fc0200] HSA Async Copy staged D2H
:4:rocblit.cpp              :503 : 4393599322081 us: [pid:4164447 tid: 0x7fbf38fc0200] Last copy mask 0x2
:4:rocblit.cpp              :520 : 4393599322085 us: [pid:4164447 tid: 0x7fbf38fc0200] HSA Async Copy on copy_engine=0x2, dst=0x7fbda367e010, src=0x7fbd10a00000, size=33554432, forceSDMA=0, wait_event=0x0, completion_signal=0x7fbf2fbfe980
:4:rocvirtual.cpp           :622 : 4393599322093 us: [pid:4164447 tid: 0x7fbf38fc0200] Host wait on completion_signal=0x7fbf2fbfe980
:3:rocvirtual.hpp           :56  : 4393599322101 us: [pid:4164447 tid: 0x7fbf38fc0200] Host active wait for Signal = (0x7fbf2fbfe980) for -1 ns
:4:rocmemory.cpp            :1018: 4393599323295 us: [pid:4164447 tid: 0x7fbf38fc0200] Locking to pool 0x19dc9ed0, size 0x14c1000, HostPtr = 0x7fbda567e000, DevPtr = 0x7fbda567e000
:4:rocblit.cpp              :623 : 4393599323305 us: [pid:4164447 tid: 0x7fbf38fc0200] HSA Copy Using Pinned resource size 21757952
:4:rocblit.cpp              :687 : 4393599323312 us: [pid:4164447 tid: 0x7fbf38fc0200] HSA Async Copy staged D2H
:4:rocblit.cpp              :503 : 4393599323317 us: [pid:4164447 tid: 0x7fbf38fc0200] Last copy mask 0x2
:4:rocblit.cpp              :520 : 4393599323322 us: [pid:4164447 tid: 0x7fbf38fc0200] HSA Async Copy on copy_engine=0x2, dst=0x7fbda567e010, src=0x7fbd12a00000, size=21757952, forceSDMA=0, wait_event=0x0, completion_signal=0x7fbf2fbfde00
:4:rocvirtual.cpp           :622 : 4393599323761 us: [pid:4164447 tid: 0x7fbf38fc0200] Host wait on completion_signal=0x7fbf2fbfde00
:3:rocvirtual.hpp           :56  : 4393599323768 us: [pid:4164447 tid: 0x7fbf38fc0200] Host active wait for Signal = (0x7fbf2fbfde00) for -1 ns
:4:commandqueue.cpp         :161 : 4393599324543 us: [pid:4164447 tid: 0x7fbf38fc0200] Marker queued to ensure finish
:4:command.cpp              :359 : 4393599324550 us: [pid:4164447 tid: 0x7fbf38fc0200] Command (InternalMarker) enqueued: 0x19fabba0
:3:rocvirtual.cpp           :533 : 4393599324568 us: [pid:4164447 tid: 0x7fbf38fc0200] Set Handler: handle(0x7fbf2fbfce80), timestamp(0x1a71cbc0)
:4:rocvirtual.cpp           :1147: 4393599324581 us: [pid:4164447 tid: 0x7fbf38fc0200] SWq=0x7fbf2fd32000, HWq=0x7fbf1cc00000, id=1, BarrierAND Header = 0x1503 (type=3, barrier=1, acquire=2, release=2), dep_signal=[0x0, 0x0, 0x0, 0x0, 0x0], completion_signal=0x7fbf2fbfce80
:3:rocvirtual.hpp           :56  : 4393599324592 us: [pid:4164447 tid: 0x7fbf38fc0200] Host active wait for Signal = (0x7fbf2fbfce80) for -1 ns
:4:commandqueue.cpp         :184 : 4393599324600 us: [pid:4164447 tid: 0x7fbf38fc0200] All commands finished
:3:hip_memory.cpp           :796 : 4393599324626 us: [pid:4164447 tid: 0x7fbf38fc0200] hipMemcpy: Returned hipSuccess : : duration: 19343 us
:3:hip_memory.cpp           :3476: 4393599324641 us: [pid:4164447 tid: 0x7fbf38fc0200] [32m hipMemset ( 0x7fbcf6a00000, 0, 491520000 ) [0m
:3:rocvirtual.cpp           :226 : 4393599324601 us: [pid:4164447 tid: 0x7fbdffbff6c0] Handler: value(0), timestamp(0x1a6f0130), handle(0x7fbf2fbfce80)
:4:command.cpp              :359 : 4393599324653 us: [pid:4164447 tid: 0x7fbf38fc0200] Command (FillBuffer) enqueued: 0x1a663f40
:4:command.cpp              :169 : 4393599324676 us: [pid:4164447 tid: 0x7fbdffbff6c0] Command 0x1a61e850 complete
:3:rocvirtual.cpp           :762 : 4393599325136 us: [pid:4164447 tid: 0x7fbf38fc0200] Arg0: void* buf = ptr:0x7fbcf6a00000
:3:rocvirtual.cpp           :778 : 4393599325940 us: [pid:4164447 tid: 0x7fbf38fc0200] Arg0: void* buf = ptr:0x7fbcf6a00000 obj:[0x7fbcf6a00000-0x7fbd13ec0000]
:3:rocvirtual.cpp           :762 : 4393599325950 us: [pid:4164447 tid: 0x7fbf38fc0200] Arg1: uchar* pattern = ptr:0x7fbf1ca00000
:3:rocvirtual.cpp           :853 : 4393599325959 us: [pid:4164447 tid: 0x7fbf38fc0200] Arg2: uint pattern_size = val:1
:4:command.cpp              :163 : 4393599325151 us: [pid:4164447 tid: 0x7fbdffbff6c0] Command 0x19fabba0 complete (Wall: 4393599325148, CPU: 0, GPU: 589 us)
:3:rocvirtual.cpp           :853 : 4393599325982 us: [pid:4164447 tid: 0x7fbf38fc0200] Arg3: uint alignment = val:16
:3:rocvirtual.cpp           :853 : 4393599325987 us: [pid:4164447 tid: 0x7fbf38fc0200] Arg4: ulong end_ptr = val:140450059780096
:3:rocvirtual.cpp           :853 : 4393599325995 us: [pid:4164447 tid: 0x7fbf38fc0200] Arg5: uint next_chunk = val:26624
:3:rocvirtual.cpp           :3236: 4393599326000 us: [pid:4164447 tid: 0x7fbf38fc0200] ShaderName : __amd_rocclr_fillBufferAligned
:3:rocvirtual.cpp           :3449: 4393599326008 us: [pid:4164447 tid: 0x7fbf38fc0200] KernargSegmentByteSize = 296 KernargSegmentAlignment = 128
:4:rocvirtual.cpp           :965 : 4393599326018 us: [pid:4164447 tid: 0x7fbf38fc0200] SWq=0x7fbf2fd32000, HWq=0x7fbf1cc00000, id=1, Dispatch Header = 0x1502 (type=2, barrier=1, acquire=2, release=2), setup=1, grid=[26624, 1, 1], workgroup=[256, 1, 1], private_seg_size=0, group_seg_size=0, kernel_obj=0x7fbf2fd1dd40, kernarg_address=0x7fbf1ca00100, completion_signal=0x0, correlation_id=0, rptr=154, wptr=154
:3:hip_memory.cpp           :3477: 4393599326033 us: [pid:4164447 tid: 0x7fbf38fc0200] hipMemset: Returned hipSuccess : 
:3:hip_device_runtime.cpp   :641 : 4393599326038 us: [pid:4164447 tid: 0x7fbf38fc0200] [32m hipDeviceSynchronize (  ) [0m
:4:commandqueue.cpp         :161 : 4393599326045 us: [pid:4164447 tid: 0x7fbf38fc0200] Marker queued to ensure finish
:4:command.cpp              :359 : 4393599326049 us: [pid:4164447 tid: 0x7fbf38fc0200] Command (InternalMarker) enqueued: 0x19fabba0
:3:rocvirtual.cpp           :533 : 4393599326061 us: [pid:4164447 tid: 0x7fbf38fc0200] Set Handler: handle(0x7fbf2fbfcf80), timestamp(0x1a56f810)
:4:rocvirtual.cpp           :1147: 4393599326069 us: [pid:4164447 tid: 0x7fbf38fc0200] SWq=0x7fbf2fd32000, HWq=0x7fbf1cc00000, id=1, BarrierAND Header = 0x1503 (type=3, barrier=1, acquire=2, release=2), dep_signal=[0x0, 0x0, 0x0, 0x0, 0x0], completion_signal=0x7fbf2fbfcf80
:3:rocvirtual.hpp           :56  : 4393599326080 us: [pid:4164447 tid: 0x7fbf38fc0200] Host active wait for Signal = (0x7fbf2fbfcf80) for -1 ns
:4:commandqueue.cpp         :184 : 4393599326451 us: [pid:4164447 tid: 0x7fbf38fc0200] All commands finished
:3:hip_device_runtime.cpp   :645 : 4393599326498 us: [pid:4164447 tid: 0x7fbf38fc0200] hipDeviceSynchronize: Returned hipSuccess : 
:3:rocvirtual.cpp           :226 : 4393599326454 us: [pid:4164447 tid: 0x7fbdffbff6c0] Handler: value(0), timestamp(0x1a6261b0), handle(0x7fbf2fbfcf80)
:3:hip_platform.cpp         :237 : 4393599326511 us: [pid:4164447 tid: 0x7fbf38fc0200] [32m __hipPushCallConfiguration ( {8,1,1}, {256,1,1}, 0, stream:<null> ) [0m
:3:hip_platform.cpp         :241 : 4393599326536 us: [pid:4164447 tid: 0x7fbf38fc0200] __hipPushCallConfiguration: Returned hipSuccess : 
:4:command.cpp              :169 : 4393599326526 us: [pid:4164447 tid: 0x7fbdffbff6c0] Command 0x1a663f40 complete
:3:hip_platform.cpp         :246 : 4393599326547 us: [pid:4164447 tid: 0x7fbf38fc0200] [32m __hipPopCallConfiguration ( {1131604050,32703,256}, {2118224,0,2169324560}, 0x7ffc814d4160, 0x7ffc814d4158 ) [0m
:3:hip_platform.cpp         :255 : 4393599326566 us: [pid:4164447 tid: 0x7fbf38fc0200] __hipPopCallConfiguration: Returned hipSuccess : 
:4:command.cpp              :163 : 4393599326559 us: [pid:4164447 tid: 0x7fbdffbff6c0] Command 0x19fabba0 complete (Wall: 4393599326557, CPU: 0, GPU: 500 us)
:3:hip_module.cpp           :744 : 4393599326578 us: [pid:4164447 tid: 0x7fbf38fc0200] [32m hipLaunchKernel ( 0x200fe0, {8,1,1}, {256,1,1}, 0x7ffc814d4110, 0, stream:<null> ) [0m
:4:command.cpp              :359 : 4393599326606 us: [pid:4164447 tid: 0x7fbf38fc0200] Command (KernelExecution) enqueued: 0x19f11890
:3:rocvirtual.cpp           :762 : 4393599326614 us: [pid:4164447 tid: 0x7fbf38fc0200] Arg0:   = ptr:0x7fbd14200000
:3:rocvirtual.cpp           :778 : 4393599326619 us: [pid:4164447 tid: 0x7fbf38fc0200] Arg0:   = ptr:0x7fbd14200000 obj:[0x7fbd14200000-0x7fbd316c0000]
:3:rocvirtual.cpp           :762 : 4393599326626 us: [pid:4164447 tid: 0x7fbf38fc0200] Arg1:   = ptr:0x7fbded427000
:3:rocvirtual.cpp           :778 : 4393599326631 us: [pid:4164447 tid: 0x7fbf38fc0200] Arg1:   = ptr:0x7fbded427000 obj:[0x7fbded427000-0x7fbded487000]
:3:rocvirtual.cpp           :762 : 4393599326638 us: [pid:4164447 tid: 0x7fbf38fc0200] Arg2:   = ptr:0x7fbcf6a00000
:3:rocvirtual.cpp           :778 : 4393599326643 us: [pid:4164447 tid: 0x7fbf38fc0200] Arg2:   = ptr:0x7fbcf6a00000 obj:[0x7fbcf6a00000-0x7fbd13ec0000]
:3:rocvirtual.cpp           :853 : 4393599327084 us: [pid:4164447 tid: 0x7fbf38fc0200] Arg3:   = val:12288
:3:rocvirtual.cpp           :762 : 4393599327089 us: [pid:4164447 tid: 0x7fbf38fc0200] Arg4:   = ptr:0x7fbded400000
:3:rocvirtual.cpp           :778 : 4393599327094 us: [pid:4164447 tid: 0x7fbf38fc0200] Arg4:   = ptr:0x7fbded400000 obj:[0x7fbded400000-0x7fbded400024]
:3:rocvirtual.cpp           :3236: 4393599327101 us: [pid:4164447 tid: 0x7fbf38fc0200] ShaderName : void dense_esuhm2<float>(float const*, float const*, float*, int, int const*)
:3:rocvirtual.cpp           :3449: 4393599327110 us: [pid:4164447 tid: 0x7fbf38fc0200] KernargSegmentByteSize = 296 KernargSegmentAlignment = 128
:4:rocvirtual.cpp           :965 : 4393599327119 us: [pid:4164447 tid: 0x7fbf38fc0200] SWq=0x7fbf2fd32000, HWq=0x7fbf1cc00000, id=1, Dispatch Header = 0xb02 (type=2, barrier=1, acquire=1, release=1), setup=3, grid=[2048, 1, 1], workgroup=[256, 1, 1], private_seg_size=140, group_seg_size=0, kernel_obj=0x7fbf2fcf19c0, kernarg_address=0x7fbf1ca00280, completion_signal=0x0, correlation_id=0, rptr=156, wptr=156
:3:hip_module.cpp           :745 : 4393599327134 us: [pid:4164447 tid: 0x7fbf38fc0200] hipLaunchKernel: Returned hipSuccess : : duration: 556 us
:3:hip_device_runtime.cpp   :641 : 4393599327142 us: [pid:4164447 tid: 0x7fbf38fc0200] [32m hipDeviceSynchronize (  ) [0m
:4:commandqueue.cpp         :161 : 4393599327147 us: [pid:4164447 tid: 0x7fbf38fc0200] Marker queued to ensure finish
:4:command.cpp              :359 : 4393599327151 us: [pid:4164447 tid: 0x7fbf38fc0200] Command (InternalMarker) enqueued: 0x19fabba0
:3:rocvirtual.cpp           :533 : 4393599327165 us: [pid:4164447 tid: 0x7fbf38fc0200] Set Handler: handle(0x7fbf2fbfcc80), timestamp(0x1a4d7820)
:4:rocvirtual.cpp           :1147: 4393599327173 us: [pid:4164447 tid: 0x7fbf38fc0200] SWq=0x7fbf2fd32000, HWq=0x7fbf1cc00000, id=1, BarrierAND Header = 0x1503 (type=3, barrier=1, acquire=2, release=2), dep_signal=[0x0, 0x0, 0x0, 0x0, 0x0], completion_signal=0x7fbf2fbfcc80
:3:rocvirtual.hpp           :56  : 4393599327184 us: [pid:4164447 tid: 0x7fbf38fc0200] Host active wait for Signal = (0x7fbf2fbfcc80) for -1 ns
:4:commandqueue.cpp         :184 : 4393599327755 us: [pid:4164447 tid: 0x7fbf38fc0200] All commands finished
:3:hip_device_runtime.cpp   :645 : 4393599328152 us: [pid:4164447 tid: 0x7fbf38fc0200] hipDeviceSynchronize: Returned hipSuccess : 
:3:rocvirtual.cpp           :226 : 4393599327759 us: [pid:4164447 tid: 0x7fbdffbff6c0] Handler: value(0), timestamp(0x1a6e0610), handle(0x7fbf2fbfcc80)
:4:command.cpp              :169 : 4393599328181 us: [pid:4164447 tid: 0x7fbdffbff6c0] Command 0x19f11890 complete
:3:hip_memory.cpp           :795 : 4393599328167 us: [pid:4164447 tid: 0x7fbf38fc0200] [32m hipMemcpy ( 0x7fbd6c1bd010, 0x7fbcf6a00000, 491520000, hipMemcpyDeviceToHost ) [0m
:4:command.cpp              :359 : 4393599328204 us: [pid:4164447 tid: 0x7fbf38fc0200] Command (CopyDeviceToHost) enqueued: 0x19f11890
:4:command.cpp              :163 : 4393599328190 us: [pid:4164447 tid: 0x7fbdffbff6c0] Command 0x19fabba0 complete (Wall: 4393599328189, CPU: 0, GPU: 1027 us)
:4:rocblit.cpp              :1673: 4393599328212 us: [pid:4164447 tid: 0x7fbf38fc0200] Unpinned read path, Async = 0
:4:rocmemory.cpp            :1018: 4393599328242 us: [pid:4164447 tid: 0x7fbf38fc0200] Locking to pool 0x19dc9ed0, size 0x2001000, HostPtr = 0x7fbd6c1bd000, DevPtr = 0x7fbd6c1bd000
:4:rocblit.cpp              :623 : 4393599328250 us: [pid:4164447 tid: 0x7fbf38fc0200] HSA Copy Using Pinned resource size 33554432
:4:rocblit.cpp              :687 : 4393599328258 us: [pid:4164447 tid: 0x7fbf38fc0200] HSA Async Copy staged D2H
:4:rocblit.cpp              :503 : 4393599328264 us: [pid:4164447 tid: 0x7fbf38fc0200] Last copy mask 0x0
:4:rocblit.cpp              :509 : 4393599328270 us: [pid:4164447 tid: 0x7fbf38fc0200] Query copy engine status 0, free_engine mask 0x1e
:4:rocblit.cpp              :520 : 4393599328277 us: [pid:4164447 tid: 0x7fbf38fc0200] HSA Async Copy on copy_engine=0x2, dst=0x7fbd6c1bd010, src=0x7fbcf6a00000, size=33554432, forceSDMA=0, wait_event=0x0, completion_signal=0x7fbf2fbfe880
:4:rocvirtual.cpp           :622 : 4393599328692 us: [pid:4164447 tid: 0x7fbf38fc0200] Host wait on completion_signal=0x7fbf2fbfe880
:3:rocvirtual.hpp           :56  : 4393599328700 us: [pid:4164447 tid: 0x7fbf38fc0200] Host active wait for Signal = (0x7fbf2fbfe880) for -1 ns
:4:rocmemory.cpp            :1018: 4393599329896 us: [pid:4164447 tid: 0x7fbf38fc0200] Locking to pool 0x19dc9ed0, size 0x2001000, HostPtr = 0x7fbd6e1bd000, DevPtr = 0x7fbd6e1bd000
:4:rocblit.cpp              :623 : 4393599329906 us: [pid:4164447 tid: 0x7fbf38fc0200] HSA Copy Using Pinned resource size 33554432
:4:rocblit.cpp              :687 : 4393599329913 us: [pid:4164447 tid: 0x7fbf38fc0200] HSA Async Copy staged D2H
:4:rocblit.cpp              :503 : 4393599329918 us: [pid:4164447 tid: 0x7fbf38fc0200] Last copy mask 0x2
:4:rocblit.cpp              :520 : 4393599329923 us: [pid:4164447 tid: 0x7fbf38fc0200] HSA Async Copy on copy_engine=0x2, dst=0x7fbd6e1bd010, src=0x7fbcf8a00000, size=33554432, forceSDMA=0, wait_event=0x0, completion_signal=0x7fbf2fbfe780
:4:rocvirtual.cpp           :622 : 4393599329931 us: [pid:4164447 tid: 0x7fbf38fc0200] Host wait on completion_signal=0x7fbf2fbfe780
:3:rocvirtual.hpp           :56  : 4393599329938 us: [pid:4164447 tid: 0x7fbf38fc0200] Host active wait for Signal = (0x7fbf2fbfe780) for -1 ns
:4:rocmemory.cpp            :1018: 4393599331132 us: [pid:4164447 tid: 0x7fbf38fc0200] Locking to pool 0x19dc9ed0, size 0x2001000, HostPtr = 0x7fbd701bd000, DevPtr = 0x7fbd701bd000
:4:rocblit.cpp              :623 : 4393599331142 us: [pid:4164447 tid: 0x7fbf38fc0200] HSA Copy Using Pinned resource size 33554432
:4:rocblit.cpp              :687 : 4393599331153 us: [pid:4164447 tid: 0x7fbf38fc0200] HSA Async Copy staged D2H
:4:rocblit.cpp              :503 : 4393599331158 us: [pid:4164447 tid: 0x7fbf38fc0200] Last copy mask 0x2
:4:rocblit.cpp              :520 : 4393599331162 us: [pid:4164447 tid: 0x7fbf38fc0200] HSA Async Copy on copy_engine=0x2, dst=0x7fbd701bd010, src=0x7fbcfaa00000, size=33554432, forceSDMA=0, wait_event=0x0, completion_signal=0x7fbf2fbfe580
:4:rocvirtual.cpp           :622 : 4393599331170 us: [pid:4164447 tid: 0x7fbf38fc0200] Host wait on completion_signal=0x7fbf2fbfe580
:3:rocvirtual.hpp           :56  : 4393599331177 us: [pid:4164447 tid: 0x7fbf38fc0200] Host active wait for Signal = (0x7fbf2fbfe580) for -1 ns
:4:rocmemory.cpp            :1018: 4393599332376 us: [pid:4164447 tid: 0x7fbf38fc0200] Locking to pool 0x19dc9ed0, size 0x2001000, HostPtr = 0x7fbd721bd000, DevPtr = 0x7fbd721bd000
:4:rocblit.cpp              :623 : 4393599332387 us: [pid:4164447 tid: 0x7fbf38fc0200] HSA Copy Using Pinned resource size 33554432
:4:rocblit.cpp              :687 : 4393599332395 us: [pid:4164447 tid: 0x7fbf38fc0200] HSA Async Copy staged D2H
:4:rocblit.cpp              :503 : 4393599332400 us: [pid:4164447 tid: 0x7fbf38fc0200] Last copy mask 0x2
:4:rocblit.cpp              :520 : 4393599332405 us: [pid:4164447 tid: 0x7fbf38fc0200] HSA Async Copy on copy_engine=0x2, dst=0x7fbd721bd010, src=0x7fbcfca00000, size=33554432, forceSDMA=0, wait_event=0x0, completion_signal=0x7fbf2fbfdf00
:4:rocvirtual.cpp           :622 : 4393599332413 us: [pid:4164447 tid: 0x7fbf38fc0200] Host wait on completion_signal=0x7fbf2fbfdf00
:3:rocvirtual.hpp           :56  : 4393599332421 us: [pid:4164447 tid: 0x7fbf38fc0200] Host active wait for Signal = (0x7fbf2fbfdf00) for -1 ns
:4:rocmemory.cpp            :1018: 4393599333615 us: [pid:4164447 tid: 0x7fbf38fc0200] Locking to pool 0x19dc9ed0, size 0x2001000, HostPtr = 0x7fbd741bd000, DevPtr = 0x7fbd741bd000
:4:rocblit.cpp              :623 : 4393599333626 us: [pid:4164447 tid: 0x7fbf38fc0200] HSA Copy Using Pinned resource size 33554432
:4:rocblit.cpp              :687 : 4393599333633 us: [pid:4164447 tid: 0x7fbf38fc0200] HSA Async Copy staged D2H
:4:rocblit.cpp              :503 : 4393599333638 us: [pid:4164447 tid: 0x7fbf38fc0200] Last copy mask 0x2
:4:rocblit.cpp              :520 : 4393599333643 us: [pid:4164447 tid: 0x7fbf38fc0200] HSA Async Copy on copy_engine=0x2, dst=0x7fbd741bd010, src=0x7fbcfea00000, size=33554432, forceSDMA=0, wait_event=0x0, completion_signal=0x7fbf2fbfe900
:4:rocvirtual.cpp           :622 : 4393599333651 us: [pid:4164447 tid: 0x7fbf38fc0200] Host wait on completion_signal=0x7fbf2fbfe900
:3:rocvirtual.hpp           :56  : 4393599333658 us: [pid:4164447 tid: 0x7fbf38fc0200] Host active wait for Signal = (0x7fbf2fbfe900) for -1 ns
:4:rocmemory.cpp            :1018: 4393599334852 us: [pid:4164447 tid: 0x7fbf38fc0200] Locking to pool 0x19dc9ed0, size 0x2001000, HostPtr = 0x7fbd761bd000, DevPtr = 0x7fbd761bd000
:4:rocblit.cpp              :623 : 4393599334862 us: [pid:4164447 tid: 0x7fbf38fc0200] HSA Copy Using Pinned resource size 33554432
:4:rocblit.cpp              :687 : 4393599334869 us: [pid:4164447 tid: 0x7fbf38fc0200] HSA Async Copy staged D2H
:4:rocblit.cpp              :503 : 4393599334875 us: [pid:4164447 tid: 0x7fbf38fc0200] Last copy mask 0x2
:4:rocblit.cpp              :520 : 4393599334879 us: [pid:4164447 tid: 0x7fbf38fc0200] HSA Async Copy on copy_engine=0x2, dst=0x7fbd761bd010, src=0x7fbd00a00000, size=33554432, forceSDMA=0, wait_event=0x0, completion_signal=0x7fbf2fbfea00
:4:rocvirtual.cpp           :622 : 4393599334887 us: [pid:4164447 tid: 0x7fbf38fc0200] Host wait on completion_signal=0x7fbf2fbfea00
:3:rocvirtual.hpp           :56  : 4393599334895 us: [pid:4164447 tid: 0x7fbf38fc0200] Host active wait for Signal = (0x7fbf2fbfea00) for -1 ns
:4:rocmemory.cpp            :1018: 4393599336091 us: [pid:4164447 tid: 0x7fbf38fc0200] Locking to pool 0x19dc9ed0, size 0x2001000, HostPtr = 0x7fbd781bd000, DevPtr = 0x7fbd781bd000
:4:rocblit.cpp              :623 : 4393599336107 us: [pid:4164447 tid: 0x7fbf38fc0200] HSA Copy Using Pinned resource size 33554432
:4:rocblit.cpp              :687 : 4393599336116 us: [pid:4164447 tid: 0x7fbf38fc0200] HSA Async Copy staged D2H
:4:rocblit.cpp              :503 : 4393599336732 us: [pid:4164447 tid: 0x7fbf38fc0200] Last copy mask 0x2
:4:rocblit.cpp              :520 : 4393599336737 us: [pid:4164447 tid: 0x7fbf38fc0200] HSA Async Copy on copy_engine=0x2, dst=0x7fbd781bd010, src=0x7fbd02a00000, size=33554432, forceSDMA=0, wait_event=0x0, completion_signal=0x7fbf2fbfea80
:4:rocvirtual.cpp           :622 : 4393599336746 us: [pid:4164447 tid: 0x7fbf38fc0200] Host wait on completion_signal=0x7fbf2fbfea80
:3:rocvirtual.hpp           :56  : 4393599336753 us: [pid:4164447 tid: 0x7fbf38fc0200] Host active wait for Signal = (0x7fbf2fbfea80) for -1 ns
:4:rocmemory.cpp            :1018: 4393599337949 us: [pid:4164447 tid: 0x7fbf38fc0200] Locking to pool 0x19dc9ed0, size 0x2001000, HostPtr = 0x7fbd7a1bd000, DevPtr = 0x7fbd7a1bd000
:4:rocblit.cpp              :623 : 4393599337959 us: [pid:4164447 tid: 0x7fbf38fc0200] HSA Copy Using Pinned resource size 33554432
:4:rocblit.cpp              :687 : 4393599338329 us: [pid:4164447 tid: 0x7fbf38fc0200] HSA Async Copy staged D2H
:4:rocblit.cpp              :503 : 4393599338334 us: [pid:4164447 tid: 0x7fbf38fc0200] Last copy mask 0x2
:4:rocblit.cpp              :520 : 4393599338339 us: [pid:4164447 tid: 0x7fbf38fc0200] HSA Async Copy on copy_engine=0x2, dst=0x7fbd7a1bd010, src=0x7fbd04a00000, size=33554432, forceSDMA=0, wait_event=0x0, completion_signal=0x7fbf2fbfe800
:4:rocvirtual.cpp           :622 : 4393599338347 us: [pid:4164447 tid: 0x7fbf38fc0200] Host wait on completion_signal=0x7fbf2fbfe800
:3:rocvirtual.hpp           :56  : 4393599338355 us: [pid:4164447 tid: 0x7fbf38fc0200] Host active wait for Signal = (0x7fbf2fbfe800) for -1 ns
:4:rocmemory.cpp            :1018: 4393599339550 us: [pid:4164447 tid: 0x7fbf38fc0200] Locking to pool 0x19dc9ed0, size 0x2001000, HostPtr = 0x7fbd7c1bd000, DevPtr = 0x7fbd7c1bd000
:4:rocblit.cpp              :623 : 4393599339561 us: [pid:4164447 tid: 0x7fbf38fc0200] HSA Copy Using Pinned resource size 33554432
:4:rocblit.cpp              :687 : 4393599339568 us: [pid:4164447 tid: 0x7fbf38fc0200] HSA Async Copy staged D2H
:4:rocblit.cpp              :503 : 4393599339573 us: [pid:4164447 tid: 0x7fbf38fc0200] Last copy mask 0x2
:4:rocblit.cpp              :520 : 4393599339577 us: [pid:4164447 tid: 0x7fbf38fc0200] HSA Async Copy on copy_engine=0x2, dst=0x7fbd7c1bd010, src=0x7fbd06a00000, size=33554432, forceSDMA=0, wait_event=0x0, completion_signal=0x7fbf2fbfe700
:4:rocvirtual.cpp           :622 : 4393599339585 us: [pid:4164447 tid: 0x7fbf38fc0200] Host wait on completion_signal=0x7fbf2fbfe700
:3:rocvirtual.hpp           :56  : 4393599339593 us: [pid:4164447 tid: 0x7fbf38fc0200] Host active wait for Signal = (0x7fbf2fbfe700) for -1 ns
:4:rocmemory.cpp            :1018: 4393599340787 us: [pid:4164447 tid: 0x7fbf38fc0200] Locking to pool 0x19dc9ed0, size 0x2001000, HostPtr = 0x7fbd7e1bd000, DevPtr = 0x7fbd7e1bd000
:4:rocblit.cpp              :623 : 4393599340798 us: [pid:4164447 tid: 0x7fbf38fc0200] HSA Copy Using Pinned resource size 33554432
:4:rocblit.cpp              :687 : 4393599340805 us: [pid:4164447 tid: 0x7fbf38fc0200] HSA Async Copy staged D2H
:4:rocblit.cpp              :503 : 4393599340810 us: [pid:4164447 tid: 0x7fbf38fc0200] Last copy mask 0x2
:4:rocblit.cpp              :520 : 4393599340815 us: [pid:4164447 tid: 0x7fbf38fc0200] HSA Async Copy on copy_engine=0x2, dst=0x7fbd7e1bd010, src=0x7fbd08a00000, size=33554432, forceSDMA=0, wait_event=0x0, completion_signal=0x7fbf2fbfde80
:4:rocvirtual.cpp           :622 : 4393599340823 us: [pid:4164447 tid: 0x7fbf38fc0200] Host wait on completion_signal=0x7fbf2fbfde80
:3:rocvirtual.hpp           :56  : 4393599340830 us: [pid:4164447 tid: 0x7fbf38fc0200] Host active wait for Signal = (0x7fbf2fbfde80) for -1 ns
:4:rocmemory.cpp            :1018: 4393599342024 us: [pid:4164447 tid: 0x7fbf38fc0200] Locking to pool 0x19dc9ed0, size 0x2001000, HostPtr = 0x7fbd801bd000, DevPtr = 0x7fbd801bd000
:4:rocblit.cpp              :623 : 4393599342034 us: [pid:4164447 tid: 0x7fbf38fc0200] HSA Copy Using Pinned resource size 33554432
:4:rocblit.cpp              :687 : 4393599342042 us: [pid:4164447 tid: 0x7fbf38fc0200] HSA Async Copy staged D2H
:4:rocblit.cpp              :503 : 4393599342047 us: [pid:4164447 tid: 0x7fbf38fc0200] Last copy mask 0x2
:4:rocblit.cpp              :520 : 4393599342051 us: [pid:4164447 tid: 0x7fbf38fc0200] HSA Async Copy on copy_engine=0x2, dst=0x7fbd801bd010, src=0x7fbd0aa00000, size=33554432, forceSDMA=0, wait_event=0x0, completion_signal=0x7fbf2fbfe080
:4:rocvirtual.cpp           :622 : 4393599342059 us: [pid:4164447 tid: 0x7fbf38fc0200] Host wait on completion_signal=0x7fbf2fbfe080
:3:rocvirtual.hpp           :56  : 4393599342067 us: [pid:4164447 tid: 0x7fbf38fc0200] Host active wait for Signal = (0x7fbf2fbfe080) for -1 ns
:4:rocmemory.cpp            :1018: 4393599343261 us: [pid:4164447 tid: 0x7fbf38fc0200] Locking to pool 0x19dc9ed0, size 0x2001000, HostPtr = 0x7fbd821bd000, DevPtr = 0x7fbd821bd000
:4:rocblit.cpp              :623 : 4393599343270 us: [pid:4164447 tid: 0x7fbf38fc0200] HSA Copy Using Pinned resource size 33554432
:4:rocblit.cpp              :687 : 4393599343278 us: [pid:4164447 tid: 0x7fbf38fc0200] HSA Async Copy staged D2H
:4:rocblit.cpp              :503 : 4393599343283 us: [pid:4164447 tid: 0x7fbf38fc0200] Last copy mask 0x2
:4:rocblit.cpp              :520 : 4393599343287 us: [pid:4164447 tid: 0x7fbf38fc0200] HSA Async Copy on copy_engine=0x2, dst=0x7fbd821bd010, src=0x7fbd0ca00000, size=33554432, forceSDMA=0, wait_event=0x0, completion_signal=0x7fbf2fbfe000
:4:rocvirtual.cpp           :622 : 4393599343295 us: [pid:4164447 tid: 0x7fbf38fc0200] Host wait on completion_signal=0x7fbf2fbfe000
:3:rocvirtual.hpp           :56  : 4393599343302 us: [pid:4164447 tid: 0x7fbf38fc0200] Host active wait for Signal = (0x7fbf2fbfe000) for -1 ns
:4:rocmemory.cpp            :1018: 4393599344496 us: [pid:4164447 tid: 0x7fbf38fc0200] Locking to pool 0x19dc9ed0, size 0x2001000, HostPtr = 0x7fbd841bd000, DevPtr = 0x7fbd841bd000
:4:rocblit.cpp              :623 : 4393599344505 us: [pid:4164447 tid: 0x7fbf38fc0200] HSA Copy Using Pinned resource size 33554432
:4:rocblit.cpp              :687 : 4393599344512 us: [pid:4164447 tid: 0x7fbf38fc0200] HSA Async Copy staged D2H
:4:rocblit.cpp              :503 : 4393599344517 us: [pid:4164447 tid: 0x7fbf38fc0200] Last copy mask 0x2
:4:rocblit.cpp              :520 : 4393599344522 us: [pid:4164447 tid: 0x7fbf38fc0200] HSA Async Copy on copy_engine=0x2, dst=0x7fbd841bd010, src=0x7fbd0ea00000, size=33554432, forceSDMA=0, wait_event=0x0, completion_signal=0x7fbf2fbfe380
:4:rocvirtual.cpp           :622 : 4393599344530 us: [pid:4164447 tid: 0x7fbf38fc0200] Host wait on completion_signal=0x7fbf2fbfe380
:3:rocvirtual.hpp           :56  : 4393599344538 us: [pid:4164447 tid: 0x7fbf38fc0200] Host active wait for Signal = (0x7fbf2fbfe380) for -1 ns
:4:rocmemory.cpp            :1018: 4393599345733 us: [pid:4164447 tid: 0x7fbf38fc0200] Locking to pool 0x19dc9ed0, size 0x2001000, HostPtr = 0x7fbd861bd000, DevPtr = 0x7fbd861bd000
:4:rocblit.cpp              :623 : 4393599345744 us: [pid:4164447 tid: 0x7fbf38fc0200] HSA Copy Using Pinned resource size 33554432
:4:rocblit.cpp              :687 : 4393599346242 us: [pid:4164447 tid: 0x7fbf38fc0200] HSA Async Copy staged D2H
:4:rocblit.cpp              :503 : 4393599346252 us: [pid:4164447 tid: 0x7fbf38fc0200] Last copy mask 0x2
:4:rocblit.cpp              :520 : 4393599346258 us: [pid:4164447 tid: 0x7fbf38fc0200] HSA Async Copy on copy_engine=0x2, dst=0x7fbd861bd010, src=0x7fbd10a00000, size=33554432, forceSDMA=0, wait_event=0x0, completion_signal=0x7fbf2fbfe180
:4:rocvirtual.cpp           :622 : 4393599346269 us: [pid:4164447 tid: 0x7fbf38fc0200] Host wait on completion_signal=0x7fbf2fbfe180
:3:rocvirtual.hpp           :56  : 4393599346277 us: [pid:4164447 tid: 0x7fbf38fc0200] Host active wait for Signal = (0x7fbf2fbfe180) for -1 ns
:4:rocmemory.cpp            :1018: 4393599347475 us: [pid:4164447 tid: 0x7fbf38fc0200] Locking to pool 0x19dc9ed0, size 0x14c1000, HostPtr = 0x7fbd881bd000, DevPtr = 0x7fbd881bd000
:4:rocblit.cpp              :623 : 4393599347486 us: [pid:4164447 tid: 0x7fbf38fc0200] HSA Copy Using Pinned resource size 21757952
:4:rocblit.cpp              :687 : 4393599347494 us: [pid:4164447 tid: 0x7fbf38fc0200] HSA Async Copy staged D2H
:4:rocblit.cpp              :503 : 4393599347498 us: [pid:4164447 tid: 0x7fbf38fc0200] Last copy mask 0x2
:4:rocblit.cpp              :520 : 4393599347503 us: [pid:4164447 tid: 0x7fbf38fc0200] HSA Async Copy on copy_engine=0x2, dst=0x7fbd881bd010, src=0x7fbd12a00000, size=21757952, forceSDMA=0, wait_event=0x0, completion_signal=0x7fbf2fbfdf80
:4:rocvirtual.cpp           :622 : 4393599347511 us: [pid:4164447 tid: 0x7fbf38fc0200] Host wait on completion_signal=0x7fbf2fbfdf80
:3:rocvirtual.hpp           :56  : 4393599347518 us: [pid:4164447 tid: 0x7fbf38fc0200] Host active wait for Signal = (0x7fbf2fbfdf80) for -1 ns
:4:commandqueue.cpp         :161 : 4393599348294 us: [pid:4164447 tid: 0x7fbf38fc0200] Marker queued to ensure finish
:4:command.cpp              :359 : 4393599348301 us: [pid:4164447 tid: 0x7fbf38fc0200] Command (InternalMarker) enqueued: 0x19fabba0
:3:rocvirtual.cpp           :533 : 4393599348317 us: [pid:4164447 tid: 0x7fbf38fc0200] Set Handler: handle(0x7fbf2fbfc600), timestamp(0x1a71ce10)
:4:rocvirtual.cpp           :1147: 4393599348327 us: [pid:4164447 tid: 0x7fbf38fc0200] SWq=0x7fbf2fd32000, HWq=0x7fbf1cc00000, id=1, BarrierAND Header = 0x1503 (type=3, barrier=1, acquire=2, release=2), dep_signal=[0x0, 0x0, 0x0, 0x0, 0x0], completion_signal=0x7fbf2fbfc600
:3:rocvirtual.hpp           :56  : 4393599348338 us: [pid:4164447 tid: 0x7fbf38fc0200] Host active wait for Signal = (0x7fbf2fbfc600) for -1 ns
:3:rocvirtual.cpp           :226 : 4393599348345 us: [pid:4164447 tid: 0x7fbdffbff6c0] Handler: value(0), timestamp(0x1a6e0610), handle(0x7fbf2fbfc600)
:4:command.cpp              :169 : 4393599348365 us: [pid:4164447 tid: 0x7fbdffbff6c0] Command 0x19f11890 complete
:4:commandqueue.cpp         :184 : 4393599348345 us: [pid:4164447 tid: 0x7fbf38fc0200] All commands finished
:3:hip_memory.cpp           :796 : 4393599348384 us: [pid:4164447 tid: 0x7fbf38fc0200] hipMemcpy: Returned hipSuccess : : duration: 20217 us
:4:command.cpp              :163 : 4393599348376 us: [pid:4164447 tid: 0x7fbdffbff6c0] Command 0x19fabba0 complete (Wall: 4393599348374, CPU: 0, GPU: 64 us)
:3:hip_memory.cpp           :3476: 4393599348397 us: [pid:4164447 tid: 0x7fbf38fc0200] [32m hipMemset ( 0x7fbcf6a00000, 0, 491520000 ) [0m
:4:command.cpp              :359 : 4393599349195 us: [pid:4164447 tid: 0x7fbf38fc0200] Command (FillBuffer) enqueued: 0x1a61e850
:3:rocvirtual.cpp           :762 : 4393599349207 us: [pid:4164447 tid: 0x7fbf38fc0200] Arg0: void* buf = ptr:0x7fbcf6a00000
:3:rocvirtual.cpp           :778 : 4393599349212 us: [pid:4164447 tid: 0x7fbf38fc0200] Arg0: void* buf = ptr:0x7fbcf6a00000 obj:[0x7fbcf6a00000-0x7fbd13ec0000]
:3:rocvirtual.cpp           :762 : 4393599349220 us: [pid:4164447 tid: 0x7fbf38fc0200] Arg1: uchar* pattern = ptr:0x7fbf1ca00000
:3:rocvirtual.cpp           :853 : 4393599349228 us: [pid:4164447 tid: 0x7fbf38fc0200] Arg2: uint pattern_size = val:1
:3:rocvirtual.cpp           :853 : 4393599349232 us: [pid:4164447 tid: 0x7fbf38fc0200] Arg3: uint alignment = val:16
:3:rocvirtual.cpp           :853 : 4393599349237 us: [pid:4164447 tid: 0x7fbf38fc0200] Arg4: ulong end_ptr = val:140450059780096
:3:rocvirtual.cpp           :853 : 4393599349245 us: [pid:4164447 tid: 0x7fbf38fc0200] Arg5: uint next_chunk = val:26624
:3:rocvirtual.cpp           :3236: 4393599349249 us: [pid:4164447 tid: 0x7fbf38fc0200] ShaderName : __amd_rocclr_fillBufferAligned
:3:rocvirtual.cpp           :3449: 4393599349258 us: [pid:4164447 tid: 0x7fbf38fc0200] KernargSegmentByteSize = 296 KernargSegmentAlignment = 128
:4:rocvirtual.cpp           :965 : 4393599349268 us: [pid:4164447 tid: 0x7fbf38fc0200] SWq=0x7fbf2fd32000, HWq=0x7fbf1cc00000, id=1, Dispatch Header = 0x1502 (type=2, barrier=1, acquire=2, release=2), setup=1, grid=[26624, 1, 1], workgroup=[256, 1, 1], private_seg_size=0, group_seg_size=0, kernel_obj=0x7fbf2fd1dd40, kernarg_address=0x7fbf1ca00100, completion_signal=0x0, correlation_id=0, rptr=159, wptr=159
:3:hip_memory.cpp           :3477: 4393599349288 us: [pid:4164447 tid: 0x7fbf38fc0200] hipMemset: Returned hipSuccess : 
:3:hip_device_runtime.cpp   :641 : 4393599349294 us: [pid:4164447 tid: 0x7fbf38fc0200] [32m hipDeviceSynchronize (  ) [0m
:4:commandqueue.cpp         :161 : 4393599349299 us: [pid:4164447 tid: 0x7fbf38fc0200] Marker queued to ensure finish
:4:command.cpp              :359 : 4393599349306 us: [pid:4164447 tid: 0x7fbf38fc0200] Command (InternalMarker) enqueued: 0x19fabba0
:3:rocvirtual.cpp           :533 : 4393599350027 us: [pid:4164447 tid: 0x7fbf38fc0200] Set Handler: handle(0x7fbf2fbfc580), timestamp(0x1a895650)
:4:rocvirtual.cpp           :1147: 4393599350035 us: [pid:4164447 tid: 0x7fbf38fc0200] SWq=0x7fbf2fd32000, HWq=0x7fbf1cc00000, id=1, BarrierAND Header = 0x1503 (type=3, barrier=1, acquire=2, release=2), dep_signal=[0x0, 0x0, 0x0, 0x0, 0x0], completion_signal=0x7fbf2fbfc580
:4:commandqueue.cpp         :184 : 4393599350046 us: [pid:4164447 tid: 0x7fbf38fc0200] All commands finished
:3:hip_device_runtime.cpp   :645 : 4393599350067 us: [pid:4164447 tid: 0x7fbf38fc0200] hipDeviceSynchronize: Returned hipSuccess : 
:3:rocvirtual.cpp           :226 : 4393599350048 us: [pid:4164447 tid: 0x7fbdffbff6c0] Handler: value(0), timestamp(0x19f11b10), handle(0x7fbf2fbfc580)
:4:command.cpp              :169 : 4393599350106 us: [pid:4164447 tid: 0x7fbdffbff6c0] Command 0x1a61e850 complete
:4:command.cpp              :163 : 4393599350115 us: [pid:4164447 tid: 0x7fbdffbff6c0] Command 0x19fabba0 complete (Wall: 4393599350113, CPU: 0, GPU: 91 us)
:3:hip_platform.cpp         :237 : 4393599350091 us: [pid:4164447 tid: 0x7fbf38fc0200] [32m __hipPushCallConfiguration ( {8,1,1}, {256,1,1}, 0, stream:<null> ) [0m
:3:hip_platform.cpp         :241 : 4393599350538 us: [pid:4164447 tid: 0x7fbf38fc0200] __hipPushCallConfiguration: Returned hipSuccess : 
:3:hip_platform.cpp         :246 : 4393599350548 us: [pid:4164447 tid: 0x7fbf38fc0200] [32m __hipPopCallConfiguration ( {1131604050,32703,256}, {2118224,0,2169324560}, 0x7ffc814d4160, 0x7ffc814d4158 ) [0m
:3:hip_platform.cpp         :255 : 4393599350556 us: [pid:4164447 tid: 0x7fbf38fc0200] __hipPopCallConfiguration: Returned hipSuccess : 
:3:hip_module.cpp           :744 : 4393599350569 us: [pid:4164447 tid: 0x7fbf38fc0200] [32m hipLaunchKernel ( 0x200fe8, {8,1,1}, {256,1,1}, 0x7ffc814d4110, 0, stream:<null> ) [0m
:4:command.cpp              :359 : 4393599350586 us: [pid:4164447 tid: 0x7fbf38fc0200] Command (KernelExecution) enqueued: 0x19f11890
:3:rocvirtual.cpp           :762 : 4393599350595 us: [pid:4164447 tid: 0x7fbf38fc0200] Arg0:   = ptr:0x7fbd14200000
:3:rocvirtual.cpp           :778 : 4393599350600 us: [pid:4164447 tid: 0x7fbf38fc0200] Arg0:   = ptr:0x7fbd14200000 obj:[0x7fbd14200000-0x7fbd316c0000]
:3:rocvirtual.cpp           :762 : 4393599350608 us: [pid:4164447 tid: 0x7fbf38fc0200] Arg1:   = ptr:0x7fbded427000
:3:rocvirtual.cpp           :778 : 4393599350612 us: [pid:4164447 tid: 0x7fbf38fc0200] Arg1:   = ptr:0x7fbded427000 obj:[0x7fbded427000-0x7fbded487000]
:3:rocvirtual.cpp           :762 : 4393599351449 us: [pid:4164447 tid: 0x7fbf38fc0200] Arg2:   = ptr:0x7fbcf6a00000
:3:rocvirtual.cpp           :778 : 4393599351455 us: [pid:4164447 tid: 0x7fbf38fc0200] Arg2:   = ptr:0x7fbcf6a00000 obj:[0x7fbcf6a00000-0x7fbd13ec0000]
:3:rocvirtual.cpp           :853 : 4393599351462 us: [pid:4164447 tid: 0x7fbf38fc0200] Arg3:   = val:12288
:3:rocvirtual.cpp           :762 : 4393599351467 us: [pid:4164447 tid: 0x7fbf38fc0200] Arg4:   = ptr:0x7fbded400000
:3:rocvirtual.cpp           :778 : 4393599351471 us: [pid:4164447 tid: 0x7fbf38fc0200] Arg4:   = ptr:0x7fbded400000 obj:[0x7fbded400000-0x7fbded400024]
:3:rocvirtual.cpp           :3236: 4393599351482 us: [pid:4164447 tid: 0x7fbf38fc0200] ShaderName : void dense_esuhm3<float>(float const*, float const*, float*, int, int const*)
:3:rocvirtual.cpp           :3449: 4393599351491 us: [pid:4164447 tid: 0x7fbf38fc0200] KernargSegmentByteSize = 296 KernargSegmentAlignment = 128
:4:rocvirtual.cpp           :965 : 4393599351500 us: [pid:4164447 tid: 0x7fbf38fc0200] SWq=0x7fbf2fd32000, HWq=0x7fbf1cc00000, id=1, Dispatch Header = 0xb02 (type=2, barrier=1, acquire=1, release=1), setup=3, grid=[2048, 1, 1], workgroup=[256, 1, 1], private_seg_size=140, group_seg_size=0, kernel_obj=0x7fbf2fcf1a00, kernarg_address=0x7fbf1ca00280, completion_signal=0x0, correlation_id=0, rptr=161, wptr=161
:3:hip_module.cpp           :745 : 4393599351514 us: [pid:4164447 tid: 0x7fbf38fc0200] hipLaunchKernel: Returned hipSuccess : : duration: 945 us
:3:hip_device_runtime.cpp   :641 : 4393599351522 us: [pid:4164447 tid: 0x7fbf38fc0200] [32m hipDeviceSynchronize (  ) [0m
:4:commandqueue.cpp         :161 : 4393599351527 us: [pid:4164447 tid: 0x7fbf38fc0200] Marker queued to ensure finish
:4:command.cpp              :359 : 4393599351532 us: [pid:4164447 tid: 0x7fbf38fc0200] Command (InternalMarker) enqueued: 0x19fabba0
:3:rocvirtual.cpp           :533 : 4393599351543 us: [pid:4164447 tid: 0x7fbf38fc0200] Set Handler: handle(0x7fbf2fbfc680), timestamp(0x19f11a50)
:4:rocvirtual.cpp           :1147: 4393599351551 us: [pid:4164447 tid: 0x7fbf38fc0200] SWq=0x7fbf2fd32000, HWq=0x7fbf1cc00000, id=1, BarrierAND Header = 0x1503 (type=3, barrier=1, acquire=2, release=2), dep_signal=[0x0, 0x0, 0x0, 0x0, 0x0], completion_signal=0x7fbf2fbfc680
:3:rocvirtual.hpp           :56  : 4393599352064 us: [pid:4164447 tid: 0x7fbf38fc0200] Host active wait for Signal = (0x7fbf2fbfc680) for -1 ns
:4:commandqueue.cpp         :184 : 4393599353108 us: [pid:4164447 tid: 0x7fbf38fc0200] All commands finished
:3:hip_device_runtime.cpp   :645 : 4393599353131 us: [pid:4164447 tid: 0x7fbf38fc0200] hipDeviceSynchronize: Returned hipSuccess : 
:3:hip_memory.cpp           :795 : 4393599353147 us: [pid:4164447 tid: 0x7fbf38fc0200] [32m hipMemcpy ( 0x7fbd4ecfc010, 0x7fbcf6a00000, 491520000, hipMemcpyDeviceToHost ) [0m
:4:command.cpp              :359 : 4393599353160 us: [pid:4164447 tid: 0x7fbf38fc0200] Command (CopyDeviceToHost) enqueued: 0x1a61e850
:4:rocblit.cpp              :1673: 4393599353171 us: [pid:4164447 tid: 0x7fbf38fc0200] Unpinned read path, Async = 0
:3:rocvirtual.cpp           :226 : 4393599353112 us: [pid:4164447 tid: 0x7fbdffbff6c0] Handler: value(0), timestamp(0x1a6262e0), handle(0x7fbf2fbfc680)
:4:command.cpp              :169 : 4393599353206 us: [pid:4164447 tid: 0x7fbdffbff6c0] Command 0x19f11890 complete
:4:command.cpp              :163 : 4393599353220 us: [pid:4164447 tid: 0x7fbdffbff6c0] Command 0x19fabba0 complete (Wall: 4393599353218, CPU: 0, GPU: 1679 us)
:4:rocmemory.cpp            :1018: 4393599353187 us: [pid:4164447 tid: 0x7fbf38fc0200] Locking to pool 0x19dc9ed0, size 0x2001000, HostPtr = 0x7fbd4ecfc000, DevPtr = 0x7fbd4ecfc000
:4:rocblit.cpp              :623 : 4393599353736 us: [pid:4164447 tid: 0x7fbf38fc0200] HSA Copy Using Pinned resource size 33554432
:4:rocblit.cpp              :687 : 4393599353747 us: [pid:4164447 tid: 0x7fbf38fc0200] HSA Async Copy staged D2H
:4:rocblit.cpp              :503 : 4393599353755 us: [pid:4164447 tid: 0x7fbf38fc0200] Last copy mask 0x0
:4:rocblit.cpp              :509 : 4393599353765 us: [pid:4164447 tid: 0x7fbf38fc0200] Query copy engine status 0, free_engine mask 0x1e
:4:rocblit.cpp              :520 : 4393599353780 us: [pid:4164447 tid: 0x7fbf38fc0200] HSA Async Copy on copy_engine=0x2, dst=0x7fbd4ecfc010, src=0x7fbcf6a00000, size=33554432, forceSDMA=0, wait_event=0x0, completion_signal=0x7fbf2fbfec80
:4:rocvirtual.cpp           :622 : 4393599353794 us: [pid:4164447 tid: 0x7fbf38fc0200] Host wait on completion_signal=0x7fbf2fbfec80
:3:rocvirtual.hpp           :56  : 4393599353804 us: [pid:4164447 tid: 0x7fbf38fc0200] Host active wait for Signal = (0x7fbf2fbfec80) for -1 ns
:4:rocmemory.cpp            :1018: 4393599355005 us: [pid:4164447 tid: 0x7fbf38fc0200] Locking to pool 0x19dc9ed0, size 0x2001000, HostPtr = 0x7fbd50cfc000, DevPtr = 0x7fbd50cfc000
:4:rocblit.cpp              :623 : 4393599355019 us: [pid:4164447 tid: 0x7fbf38fc0200] HSA Copy Using Pinned resource size 33554432
:4:rocblit.cpp              :687 : 4393599355027 us: [pid:4164447 tid: 0x7fbf38fc0200] HSA Async Copy staged D2H
:4:rocblit.cpp              :503 : 4393599355032 us: [pid:4164447 tid: 0x7fbf38fc0200] Last copy mask 0x2
:4:rocblit.cpp              :520 : 4393599355037 us: [pid:4164447 tid: 0x7fbf38fc0200] HSA Async Copy on copy_engine=0x2, dst=0x7fbd50cfc010, src=0x7fbcf8a00000, size=33554432, forceSDMA=0, wait_event=0x0, completion_signal=0x7fbf2fbfdd80
:4:rocvirtual.cpp           :622 : 4393599355046 us: [pid:4164447 tid: 0x7fbf38fc0200] Host wait on completion_signal=0x7fbf2fbfdd80
:3:rocvirtual.hpp           :56  : 4393599355054 us: [pid:4164447 tid: 0x7fbf38fc0200] Host active wait for Signal = (0x7fbf2fbfdd80) for -1 ns
:4:rocmemory.cpp            :1018: 4393599356249 us: [pid:4164447 tid: 0x7fbf38fc0200] Locking to pool 0x19dc9ed0, size 0x2001000, HostPtr = 0x7fbd52cfc000, DevPtr = 0x7fbd52cfc000
:4:rocblit.cpp              :623 : 4393599356259 us: [pid:4164447 tid: 0x7fbf38fc0200] HSA Copy Using Pinned resource size 33554432
:4:rocblit.cpp              :687 : 4393599356267 us: [pid:4164447 tid: 0x7fbf38fc0200] HSA Async Copy staged D2H
:4:rocblit.cpp              :503 : 4393599356271 us: [pid:4164447 tid: 0x7fbf38fc0200] Last copy mask 0x2
:4:rocblit.cpp              :520 : 4393599356276 us: [pid:4164447 tid: 0x7fbf38fc0200] HSA Async Copy on copy_engine=0x2, dst=0x7fbd52cfc010, src=0x7fbcfaa00000, size=33554432, forceSDMA=0, wait_event=0x0, completion_signal=0x7fbf2fbfdc80
:4:rocvirtual.cpp           :622 : 4393599356284 us: [pid:4164447 tid: 0x7fbf38fc0200] Host wait on completion_signal=0x7fbf2fbfdc80
:3:rocvirtual.hpp           :56  : 4393599356292 us: [pid:4164447 tid: 0x7fbf38fc0200] Host active wait for Signal = (0x7fbf2fbfdc80) for -1 ns
:4:rocmemory.cpp            :1018: 4393599357487 us: [pid:4164447 tid: 0x7fbf38fc0200] Locking to pool 0x19dc9ed0, size 0x2001000, HostPtr = 0x7fbd54cfc000, DevPtr = 0x7fbd54cfc000
:4:rocblit.cpp              :623 : 4393599357499 us: [pid:4164447 tid: 0x7fbf38fc0200] HSA Copy Using Pinned resource size 33554432
:4:rocblit.cpp              :687 : 4393599357507 us: [pid:4164447 tid: 0x7fbf38fc0200] HSA Async Copy staged D2H
:4:rocblit.cpp              :503 : 4393599357512 us: [pid:4164447 tid: 0x7fbf38fc0200] Last copy mask 0x2
:4:rocblit.cpp              :520 : 4393599357516 us: [pid:4164447 tid: 0x7fbf38fc0200] HSA Async Copy on copy_engine=0x2, dst=0x7fbd54cfc010, src=0x7fbcfca00000, size=33554432, forceSDMA=0, wait_event=0x0, completion_signal=0x7fbf2fbfdc00
:4:rocvirtual.cpp           :622 : 4393599357524 us: [pid:4164447 tid: 0x7fbf38fc0200] Host wait on completion_signal=0x7fbf2fbfdc00
:3:rocvirtual.hpp           :56  : 4393599357532 us: [pid:4164447 tid: 0x7fbf38fc0200] Host active wait for Signal = (0x7fbf2fbfdc00) for -1 ns
:4:rocmemory.cpp            :1018: 4393599358726 us: [pid:4164447 tid: 0x7fbf38fc0200] Locking to pool 0x19dc9ed0, size 0x2001000, HostPtr = 0x7fbd56cfc000, DevPtr = 0x7fbd56cfc000
:4:rocblit.cpp              :623 : 4393599358736 us: [pid:4164447 tid: 0x7fbf38fc0200] HSA Copy Using Pinned resource size 33554432
:4:rocblit.cpp              :687 : 4393599358743 us: [pid:4164447 tid: 0x7fbf38fc0200] HSA Async Copy staged D2H
:4:rocblit.cpp              :503 : 4393599358748 us: [pid:4164447 tid: 0x7fbf38fc0200] Last copy mask 0x2
:4:rocblit.cpp              :520 : 4393599358752 us: [pid:4164447 tid: 0x7fbf38fc0200] HSA Async Copy on copy_engine=0x2, dst=0x7fbd56cfc010, src=0x7fbcfea00000, size=33554432, forceSDMA=0, wait_event=0x0, completion_signal=0x7fbf2fbfed00
:4:rocvirtual.cpp           :622 : 4393599358760 us: [pid:4164447 tid: 0x7fbf38fc0200] Host wait on completion_signal=0x7fbf2fbfed00
:3:rocvirtual.hpp           :56  : 4393599358767 us: [pid:4164447 tid: 0x7fbf38fc0200] Host active wait for Signal = (0x7fbf2fbfed00) for -1 ns
:4:rocmemory.cpp            :1018: 4393599359963 us: [pid:4164447 tid: 0x7fbf38fc0200] Locking to pool 0x19dc9ed0, size 0x2001000, HostPtr = 0x7fbd58cfc000, DevPtr = 0x7fbd58cfc000
:4:rocblit.cpp              :623 : 4393599359975 us: [pid:4164447 tid: 0x7fbf38fc0200] HSA Copy Using Pinned resource size 33554432
:4:rocblit.cpp              :687 : 4393599359983 us: [pid:4164447 tid: 0x7fbf38fc0200] HSA Async Copy staged D2H
:4:rocblit.cpp              :503 : 4393599359989 us: [pid:4164447 tid: 0x7fbf38fc0200] Last copy mask 0x2
:4:rocblit.cpp              :520 : 4393599359994 us: [pid:4164447 tid: 0x7fbf38fc0200] HSA Async Copy on copy_engine=0x2, dst=0x7fbd58cfc010, src=0x7fbd00a00000, size=33554432, forceSDMA=0, wait_event=0x0, completion_signal=0x7fbf2fbfee00
:4:rocvirtual.cpp           :622 : 4393599360009 us: [pid:4164447 tid: 0x7fbf38fc0200] Host wait on completion_signal=0x7fbf2fbfee00
:3:rocvirtual.hpp           :56  : 4393599360016 us: [pid:4164447 tid: 0x7fbf38fc0200] Host active wait for Signal = (0x7fbf2fbfee00) for -1 ns
:4:rocmemory.cpp            :1018: 4393599361210 us: [pid:4164447 tid: 0x7fbf38fc0200] Locking to pool 0x19dc9ed0, size 0x2001000, HostPtr = 0x7fbd5acfc000, DevPtr = 0x7fbd5acfc000
:4:rocblit.cpp              :623 : 4393599361220 us: [pid:4164447 tid: 0x7fbf38fc0200] HSA Copy Using Pinned resource size 33554432
:4:rocblit.cpp              :687 : 4393599361227 us: [pid:4164447 tid: 0x7fbf38fc0200] HSA Async Copy staged D2H
:4:rocblit.cpp              :503 : 4393599361233 us: [pid:4164447 tid: 0x7fbf38fc0200] Last copy mask 0x2
:4:rocblit.cpp              :520 : 4393599361237 us: [pid:4164447 tid: 0x7fbf38fc0200] HSA Async Copy on copy_engine=0x2, dst=0x7fbd5acfc010, src=0x7fbd02a00000, size=33554432, forceSDMA=0, wait_event=0x0, completion_signal=0x7fbf2fbfee80
:4:rocvirtual.cpp           :622 : 4393599361245 us: [pid:4164447 tid: 0x7fbf38fc0200] Host wait on completion_signal=0x7fbf2fbfee80
:3:rocvirtual.hpp           :56  : 4393599361253 us: [pid:4164447 tid: 0x7fbf38fc0200] Host active wait for Signal = (0x7fbf2fbfee80) for -1 ns
:4:rocmemory.cpp            :1018: 4393599362450 us: [pid:4164447 tid: 0x7fbf38fc0200] Locking to pool 0x19dc9ed0, size 0x2001000, HostPtr = 0x7fbd5ccfc000, DevPtr = 0x7fbd5ccfc000
:4:rocblit.cpp              :623 : 4393599362461 us: [pid:4164447 tid: 0x7fbf38fc0200] HSA Copy Using Pinned resource size 33554432
:4:rocblit.cpp              :687 : 4393599362469 us: [pid:4164447 tid: 0x7fbf38fc0200] HSA Async Copy staged D2H
:4:rocblit.cpp              :503 : 4393599362474 us: [pid:4164447 tid: 0x7fbf38fc0200] Last copy mask 0x2
:4:rocblit.cpp              :520 : 4393599362479 us: [pid:4164447 tid: 0x7fbf38fc0200] HSA Async Copy on copy_engine=0x2, dst=0x7fbd5ccfc010, src=0x7fbd04a00000, size=33554432, forceSDMA=0, wait_event=0x0, completion_signal=0x7fbf2fbfec00
:4:rocvirtual.cpp           :622 : 4393599362487 us: [pid:4164447 tid: 0x7fbf38fc0200] Host wait on completion_signal=0x7fbf2fbfec00
:3:rocvirtual.hpp           :56  : 4393599362494 us: [pid:4164447 tid: 0x7fbf38fc0200] Host active wait for Signal = (0x7fbf2fbfec00) for -1 ns
:4:rocmemory.cpp            :1018: 4393599363690 us: [pid:4164447 tid: 0x7fbf38fc0200] Locking to pool 0x19dc9ed0, size 0x2001000, HostPtr = 0x7fbd5ecfc000, DevPtr = 0x7fbd5ecfc000
:4:rocblit.cpp              :623 : 4393599363700 us: [pid:4164447 tid: 0x7fbf38fc0200] HSA Copy Using Pinned resource size 33554432
:4:rocblit.cpp              :687 : 4393599363708 us: [pid:4164447 tid: 0x7fbf38fc0200] HSA Async Copy staged D2H
:4:rocblit.cpp              :503 : 4393599363713 us: [pid:4164447 tid: 0x7fbf38fc0200] Last copy mask 0x2
:4:rocblit.cpp              :520 : 4393599363717 us: [pid:4164447 tid: 0x7fbf38fc0200] HSA Async Copy on copy_engine=0x2, dst=0x7fbd5ecfc010, src=0x7fbd06a00000, size=33554432, forceSDMA=0, wait_event=0x0, completion_signal=0x7fbf2fbfeb00
:4:rocvirtual.cpp           :622 : 4393599363726 us: [pid:4164447 tid: 0x7fbf38fc0200] Host wait on completion_signal=0x7fbf2fbfeb00
:3:rocvirtual.hpp           :56  : 4393599363739 us: [pid:4164447 tid: 0x7fbf38fc0200] Host active wait for Signal = (0x7fbf2fbfeb00) for -1 ns
:4:rocmemory.cpp            :1018: 4393599364928 us: [pid:4164447 tid: 0x7fbf38fc0200] Locking to pool 0x19dc9ed0, size 0x2001000, HostPtr = 0x7fbd60cfc000, DevPtr = 0x7fbd60cfc000
:4:rocblit.cpp              :623 : 4393599364940 us: [pid:4164447 tid: 0x7fbf38fc0200] HSA Copy Using Pinned resource size 33554432
:4:rocblit.cpp              :687 : 4393599364947 us: [pid:4164447 tid: 0x7fbf38fc0200] HSA Async Copy staged D2H
:4:rocblit.cpp              :503 : 4393599364952 us: [pid:4164447 tid: 0x7fbf38fc0200] Last copy mask 0x2
:4:rocblit.cpp              :520 : 4393599364957 us: [pid:4164447 tid: 0x7fbf38fc0200] HSA Async Copy on copy_engine=0x2, dst=0x7fbd60cfc010, src=0x7fbd08a00000, size=33554432, forceSDMA=0, wait_event=0x0, completion_signal=0x7fbf2fbfe100
:4:rocvirtual.cpp           :622 : 4393599364965 us: [pid:4164447 tid: 0x7fbf38fc0200] Host wait on completion_signal=0x7fbf2fbfe100
:3:rocvirtual.hpp           :56  : 4393599364972 us: [pid:4164447 tid: 0x7fbf38fc0200] Host active wait for Signal = (0x7fbf2fbfe100) for -1 ns
:4:rocmemory.cpp            :1018: 4393599366166 us: [pid:4164447 tid: 0x7fbf38fc0200] Locking to pool 0x19dc9ed0, size 0x2001000, HostPtr = 0x7fbd62cfc000, DevPtr = 0x7fbd62cfc000
:4:rocblit.cpp              :623 : 4393599367514 us: [pid:4164447 tid: 0x7fbf38fc0200] HSA Copy Using Pinned resource size 33554432
:4:rocblit.cpp              :687 : 4393599367521 us: [pid:4164447 tid: 0x7fbf38fc0200] HSA Async Copy staged D2H
:4:rocblit.cpp              :503 : 4393599367526 us: [pid:4164447 tid: 0x7fbf38fc0200] Last copy mask 0x2
:4:rocblit.cpp              :520 : 4393599367531 us: [pid:4164447 tid: 0x7fbf38fc0200] HSA Async Copy on copy_engine=0x2, dst=0x7fbd62cfc010, src=0x7fbd0aa00000, size=33554432, forceSDMA=0, wait_event=0x0, completion_signal=0x7fbf2fbfe200
:4:rocvirtual.cpp           :622 : 4393599367539 us: [pid:4164447 tid: 0x7fbf38fc0200] Host wait on completion_signal=0x7fbf2fbfe200
:3:rocvirtual.hpp           :56  : 4393599367546 us: [pid:4164447 tid: 0x7fbf38fc0200] Host active wait for Signal = (0x7fbf2fbfe200) for -1 ns
:4:rocmemory.cpp            :1018: 4393599368742 us: [pid:4164447 tid: 0x7fbf38fc0200] Locking to pool 0x19dc9ed0, size 0x2001000, HostPtr = 0x7fbd64cfc000, DevPtr = 0x7fbd64cfc000
:4:rocblit.cpp              :623 : 4393599368753 us: [pid:4164447 tid: 0x7fbf38fc0200] HSA Copy Using Pinned resource size 33554432
:4:rocblit.cpp              :687 : 4393599368760 us: [pid:4164447 tid: 0x7fbf38fc0200] HSA Async Copy staged D2H
:4:rocblit.cpp              :503 : 4393599368766 us: [pid:4164447 tid: 0x7fbf38fc0200] Last copy mask 0x2
:4:rocblit.cpp              :520 : 4393599368771 us: [pid:4164447 tid: 0x7fbf38fc0200] HSA Async Copy on copy_engine=0x2, dst=0x7fbd64cfc010, src=0x7fbd0ca00000, size=33554432, forceSDMA=0, wait_event=0x0, completion_signal=0x7fbf2fbfdb80
:4:rocvirtual.cpp           :622 : 4393599368779 us: [pid:4164447 tid: 0x7fbf38fc0200] Host wait on completion_signal=0x7fbf2fbfdb80
:3:rocvirtual.hpp           :56  : 4393599368787 us: [pid:4164447 tid: 0x7fbf38fc0200] Host active wait for Signal = (0x7fbf2fbfdb80) for -1 ns
:4:rocmemory.cpp            :1018: 4393599369989 us: [pid:4164447 tid: 0x7fbf38fc0200] Locking to pool 0x19dc9ed0, size 0x2001000, HostPtr = 0x7fbd66cfc000, DevPtr = 0x7fbd66cfc000
:4:rocblit.cpp              :623 : 4393599369999 us: [pid:4164447 tid: 0x7fbf38fc0200] HSA Copy Using Pinned resource size 33554432
:4:rocblit.cpp              :687 : 4393599370006 us: [pid:4164447 tid: 0x7fbf38fc0200] HSA Async Copy staged D2H
:4:rocblit.cpp              :503 : 4393599370011 us: [pid:4164447 tid: 0x7fbf38fc0200] Last copy mask 0x2
:4:rocblit.cpp              :520 : 4393599370015 us: [pid:4164447 tid: 0x7fbf38fc0200] HSA Async Copy on copy_engine=0x2, dst=0x7fbd66cfc010, src=0x7fbd0ea00000, size=33554432, forceSDMA=0, wait_event=0x0, completion_signal=0x7fbf2fbfda80
:4:rocvirtual.cpp           :622 : 4393599370027 us: [pid:4164447 tid: 0x7fbf38fc0200] Host wait on completion_signal=0x7fbf2fbfda80
:3:rocvirtual.hpp           :56  : 4393599370035 us: [pid:4164447 tid: 0x7fbf38fc0200] Host active wait for Signal = (0x7fbf2fbfda80) for -1 ns
:4:rocmemory.cpp            :1018: 4393599371229 us: [pid:4164447 tid: 0x7fbf38fc0200] Locking to pool 0x19dc9ed0, size 0x2001000, HostPtr = 0x7fbd68cfc000, DevPtr = 0x7fbd68cfc000
:4:rocblit.cpp              :623 : 4393599371239 us: [pid:4164447 tid: 0x7fbf38fc0200] HSA Copy Using Pinned resource size 33554432
:4:rocblit.cpp              :687 : 4393599371246 us: [pid:4164447 tid: 0x7fbf38fc0200] HSA Async Copy staged D2H
:4:rocblit.cpp              :503 : 4393599371251 us: [pid:4164447 tid: 0x7fbf38fc0200] Last copy mask 0x2
:4:rocblit.cpp              :520 : 4393599371256 us: [pid:4164447 tid: 0x7fbf38fc0200] HSA Async Copy on copy_engine=0x2, dst=0x7fbd68cfc010, src=0x7fbd10a00000, size=33554432, forceSDMA=0, wait_event=0x0, completion_signal=0x7fbf2fbfd880
:4:rocvirtual.cpp           :622 : 4393599371264 us: [pid:4164447 tid: 0x7fbf38fc0200] Host wait on completion_signal=0x7fbf2fbfd880
:3:rocvirtual.hpp           :56  : 4393599371271 us: [pid:4164447 tid: 0x7fbf38fc0200] Host active wait for Signal = (0x7fbf2fbfd880) for -1 ns
:4:rocmemory.cpp            :1018: 4393599372464 us: [pid:4164447 tid: 0x7fbf38fc0200] Locking to pool 0x19dc9ed0, size 0x14c1000, HostPtr = 0x7fbd6acfc000, DevPtr = 0x7fbd6acfc000
:4:rocblit.cpp              :623 : 4393599372474 us: [pid:4164447 tid: 0x7fbf38fc0200] HSA Copy Using Pinned resource size 21757952
:4:rocblit.cpp              :687 : 4393599372482 us: [pid:4164447 tid: 0x7fbf38fc0200] HSA Async Copy staged D2H
:4:rocblit.cpp              :503 : 4393599372487 us: [pid:4164447 tid: 0x7fbf38fc0200] Last copy mask 0x2
:4:rocblit.cpp              :520 : 4393599373088 us: [pid:4164447 tid: 0x7fbf38fc0200] HSA Async Copy on copy_engine=0x2, dst=0x7fbd6acfc010, src=0x7fbd12a00000, size=21757952, forceSDMA=0, wait_event=0x0, completion_signal=0x7fbf2fbff780
:4:rocvirtual.cpp           :622 : 4393599373096 us: [pid:4164447 tid: 0x7fbf38fc0200] Host wait on completion_signal=0x7fbf2fbff780
:3:rocvirtual.hpp           :56  : 4393599373104 us: [pid:4164447 tid: 0x7fbf38fc0200] Host active wait for Signal = (0x7fbf2fbff780) for -1 ns
:4:commandqueue.cpp         :161 : 4393599373885 us: [pid:4164447 tid: 0x7fbf38fc0200] Marker queued to ensure finish
:4:command.cpp              :359 : 4393599373896 us: [pid:4164447 tid: 0x7fbf38fc0200] Command (InternalMarker) enqueued: 0x19fabba0
:3:rocvirtual.cpp           :533 : 4393599373916 us: [pid:4164447 tid: 0x7fbf38fc0200] Set Handler: handle(0x7fbf2fbfc080), timestamp(0x1a4fa020)
:4:rocvirtual.cpp           :1147: 4393599373927 us: [pid:4164447 tid: 0x7fbf38fc0200] SWq=0x7fbf2fd32000, HWq=0x7fbf1cc00000, id=1, BarrierAND Header = 0x1503 (type=3, barrier=1, acquire=2, release=2), dep_signal=[0x0, 0x0, 0x0, 0x0, 0x0], completion_signal=0x7fbf2fbfc080
:3:rocvirtual.hpp           :56  : 4393599373938 us: [pid:4164447 tid: 0x7fbf38fc0200] Host active wait for Signal = (0x7fbf2fbfc080) for -1 ns
:4:commandqueue.cpp         :184 : 4393599373946 us: [pid:4164447 tid: 0x7fbf38fc0200] All commands finished
:3:rocvirtual.cpp           :226 : 4393599373950 us: [pid:4164447 tid: 0x7fbdffbff6c0] Handler: value(0), timestamp(0x1a8952c0), handle(0x7fbf2fbfc080)
:4:command.cpp              :169 : 4393599373975 us: [pid:4164447 tid: 0x7fbdffbff6c0] Command 0x1a61e850 complete
:3:hip_memory.cpp           :796 : 4393599373952 us: [pid:4164447 tid: 0x7fbf38fc0200] hipMemcpy: Returned hipSuccess : : duration: 20805 us
:4:command.cpp              :163 : 4393599374729 us: [pid:4164447 tid: 0x7fbdffbff6c0] Command 0x19fabba0 complete (Wall: 4393599374727, CPU: 0, GPU: 820 us)
:3:hip_memory.cpp           :3476: 4393600577302 us: [pid:4164447 tid: 0x7fbf38fc0200] [32m hipMemset ( 0x7fbcf6a00000, 0, 491520000 ) [0m
:4:command.cpp              :359 : 4393600577342 us: [pid:4164447 tid: 0x7fbf38fc0200] Command (FillBuffer) enqueued: 0x1a61e850
:3:rocvirtual.cpp           :762 : 4393600577363 us: [pid:4164447 tid: 0x7fbf38fc0200] Arg0: void* buf = ptr:0x7fbcf6a00000
:3:rocvirtual.cpp           :778 : 4393600577370 us: [pid:4164447 tid: 0x7fbf38fc0200] Arg0: void* buf = ptr:0x7fbcf6a00000 obj:[0x7fbcf6a00000-0x7fbd13ec0000]
:3:rocvirtual.cpp           :762 : 4393600577381 us: [pid:4164447 tid: 0x7fbf38fc0200] Arg1: uchar* pattern = ptr:0x7fbf1ca00000
:3:rocvirtual.cpp           :853 : 4393600577391 us: [pid:4164447 tid: 0x7fbf38fc0200] Arg2: uint pattern_size = val:1
:3:rocvirtual.cpp           :853 : 4393600577395 us: [pid:4164447 tid: 0x7fbf38fc0200] Arg3: uint alignment = val:16
:3:rocvirtual.cpp           :853 : 4393600577400 us: [pid:4164447 tid: 0x7fbf38fc0200] Arg4: ulong end_ptr = val:140450059780096
:3:rocvirtual.cpp           :853 : 4393600577408 us: [pid:4164447 tid: 0x7fbf38fc0200] Arg5: uint next_chunk = val:26624
:3:rocvirtual.cpp           :3236: 4393600577413 us: [pid:4164447 tid: 0x7fbf38fc0200] ShaderName : __amd_rocclr_fillBufferAligned
:3:rocvirtual.cpp           :3449: 4393600577422 us: [pid:4164447 tid: 0x7fbf38fc0200] KernargSegmentByteSize = 296 KernargSegmentAlignment = 128
:4:rocvirtual.cpp           :965 : 4393600577434 us: [pid:4164447 tid: 0x7fbf38fc0200] SWq=0x7fbf2fd32000, HWq=0x7fbf1cc00000, id=1, Dispatch Header = 0x1502 (type=2, barrier=1, acquire=2, release=2), setup=1, grid=[26624, 1, 1], workgroup=[256, 1, 1], private_seg_size=0, group_seg_size=0, kernel_obj=0x7fbf2fd1dd40, kernarg_address=0x7fbf1ca00100, completion_signal=0x0, correlation_id=0, rptr=164, wptr=164
:3:hip_memory.cpp           :3477: 4393600577450 us: [pid:4164447 tid: 0x7fbf38fc0200] hipMemset: Returned hipSuccess : 
:3:hip_device_runtime.cpp   :641 : 4393600577456 us: [pid:4164447 tid: 0x7fbf38fc0200] [32m hipDeviceSynchronize (  ) [0m
:4:commandqueue.cpp         :161 : 4393600577462 us: [pid:4164447 tid: 0x7fbf38fc0200] Marker queued to ensure finish
:4:command.cpp              :359 : 4393600577467 us: [pid:4164447 tid: 0x7fbf38fc0200] Command (InternalMarker) enqueued: 0x19fabba0
:3:rocvirtual.cpp           :533 : 4393600577490 us: [pid:4164447 tid: 0x7fbf38fc0200] Set Handler: handle(0x7fbf2fbfc000), timestamp(0x19ec5c20)
:4:rocvirtual.cpp           :1147: 4393600578016 us: [pid:4164447 tid: 0x7fbf38fc0200] SWq=0x7fbf2fd32000, HWq=0x7fbf1cc00000, id=1, BarrierAND Header = 0x1503 (type=3, barrier=1, acquire=2, release=2), dep_signal=[0x0, 0x0, 0x0, 0x0, 0x0], completion_signal=0x7fbf2fbfc000
:3:rocvirtual.hpp           :56  : 4393600578028 us: [pid:4164447 tid: 0x7fbf38fc0200] Host active wait for Signal = (0x7fbf2fbfc000) for -1 ns
:4:commandqueue.cpp         :184 : 4393603077204 us: [pid:4164447 tid: 0x7fbf38fc0200] All commands finished
:3:rocvirtual.cpp           :226 : 4393603077205 us: [pid:4164447 tid: 0x7fbdffbff6c0] Handler: value(0), timestamp(0x1a62c310), handle(0x7fbf2fbfc000)
:3:hip_device_runtime.cpp   :645 : 4393603077237 us: [pid:4164447 tid: 0x7fbf38fc0200] hipDeviceSynchronize: Returned hipSuccess : 
:3:hip_platform.cpp         :237 : 4393603077271 us: [pid:4164447 tid: 0x7fbf38fc0200] [32m __hipPushCallConfiguration ( {8,1,1}, {512,1,1}, 0, stream:<null> ) [0m
:3:hip_platform.cpp         :241 : 4393603077293 us: [pid:4164447 tid: 0x7fbf38fc0200] __hipPushCallConfiguration: Returned hipSuccess : 
:3:hip_platform.cpp         :246 : 4393603077304 us: [pid:4164447 tid: 0x7fbf38fc0200] [32m __hipPopCallConfiguration ( {1131604050,32703,512}, {2118224,0,2169324560}, 0x7ffc814d4160, 0x7ffc814d4158 ) [0m
:3:hip_platform.cpp         :255 : 4393603077313 us: [pid:4164447 tid: 0x7fbf38fc0200] __hipPopCallConfiguration: Returned hipSuccess : 
:4:command.cpp              :169 : 4393603077254 us: [pid:4164447 tid: 0x7fbdffbff6c0] Command 0x1a61e850 complete
:3:hip_module.cpp           :744 : 4393603077325 us: [pid:4164447 tid: 0x7fbf38fc0200] [32m hipLaunchKernel ( 0x200fd8, {8,1,1}, {512,1,1}, 0x7ffc814d4110, 0, stream:<null> ) [0m
:4:command.cpp              :359 : 4393603077346 us: [pid:4164447 tid: 0x7fbf38fc0200] Command (KernelExecution) enqueued: 0x19f11890
:4:command.cpp              :163 : 4393603077347 us: [pid:4164447 tid: 0x7fbdffbff6c0] Command 0x19fabba0 complete (Wall: 4393603077345, CPU: 0, GPU: 2499868 us)
:3:rocvirtual.cpp           :762 : 4393603077369 us: [pid:4164447 tid: 0x7fbf38fc0200] Arg0:   = ptr:0x7fbd14200000
:3:rocvirtual.cpp           :778 : 4393603077869 us: [pid:4164447 tid: 0x7fbf38fc0200] Arg0:   = ptr:0x7fbd14200000 obj:[0x7fbd14200000-0x7fbd316c0000]
:3:rocvirtual.cpp           :762 : 4393603077882 us: [pid:4164447 tid: 0x7fbf38fc0200] Arg1:   = ptr:0x7fbded427000
:3:rocvirtual.cpp           :778 : 4393603077888 us: [pid:4164447 tid: 0x7fbf38fc0200] Arg1:   = ptr:0x7fbded427000 obj:[0x7fbded427000-0x7fbded487000]
:3:rocvirtual.cpp           :762 : 4393603077905 us: [pid:4164447 tid: 0x7fbf38fc0200] Arg2:   = ptr:0x7fbcf6a00000
:3:rocvirtual.cpp           :778 : 4393603077911 us: [pid:4164447 tid: 0x7fbf38fc0200] Arg2:   = ptr:0x7fbcf6a00000 obj:[0x7fbcf6a00000-0x7fbd13ec0000]
:3:rocvirtual.cpp           :853 : 4393603077926 us: [pid:4164447 tid: 0x7fbf38fc0200] Arg3:   = val:12288
:3:rocvirtual.cpp           :762 : 4393603077934 us: [pid:4164447 tid: 0x7fbf38fc0200] Arg4:   = ptr:0x7fbded400000
:3:rocvirtual.cpp           :778 : 4393603077941 us: [pid:4164447 tid: 0x7fbf38fc0200] Arg4:   = ptr:0x7fbded400000 obj:[0x7fbded400000-0x7fbded400024]
:3:rocvirtual.cpp           :3236: 4393603077952 us: [pid:4164447 tid: 0x7fbf38fc0200] ShaderName : void dense_esuhm<float>(float const*, float const*, float*, int, int const*)
:3:rocvirtual.cpp           :3449: 4393603077970 us: [pid:4164447 tid: 0x7fbf38fc0200] KernargSegmentByteSize = 296 KernargSegmentAlignment = 128
:4:rocvirtual.cpp           :965 : 4393603077990 us: [pid:4164447 tid: 0x7fbf38fc0200] SWq=0x7fbf2fd32000, HWq=0x7fbf1cc00000, id=1, Dispatch Header = 0xb02 (type=2, barrier=1, acquire=1, release=1), setup=3, grid=[4096, 1, 1], workgroup=[512, 1, 1], private_seg_size=140, group_seg_size=0, kernel_obj=0x7fbf2fcf1980, kernarg_address=0x7fbf1ca00280, completion_signal=0x0, correlation_id=0, rptr=166, wptr=166
:3:hip_module.cpp           :745 : 4393603078010 us: [pid:4164447 tid: 0x7fbf38fc0200] hipLaunchKernel: Returned hipSuccess : : duration: 685 us
:3:hip_device_runtime.cpp   :641 : 4393603078021 us: [pid:4164447 tid: 0x7fbf38fc0200] [32m hipDeviceSynchronize (  ) [0m
:4:commandqueue.cpp         :161 : 4393603078030 us: [pid:4164447 tid: 0x7fbf38fc0200] Marker queued to ensure finish
:4:command.cpp              :359 : 4393603078035 us: [pid:4164447 tid: 0x7fbf38fc0200] Command (InternalMarker) enqueued: 0x19fabba0
:3:rocvirtual.cpp           :533 : 4393603078053 us: [pid:4164447 tid: 0x7fbf38fc0200] Set Handler: handle(0x7fbf2fbfc280), timestamp(0x1a4f9c20)
:4:rocvirtual.cpp           :1147: 4393603078064 us: [pid:4164447 tid: 0x7fbf38fc0200] SWq=0x7fbf2fd32000, HWq=0x7fbf1cc00000, id=1, BarrierAND Header = 0x1503 (type=3, barrier=1, acquire=2, release=2), dep_signal=[0x0, 0x0, 0x0, 0x0, 0x0], completion_signal=0x7fbf2fbfc280
:3:rocvirtual.hpp           :56  : 4393603078079 us: [pid:4164447 tid: 0x7fbf38fc0200] Host active wait for Signal = (0x7fbf2fbfc280) for -1 ns
:3:rocvirtual.cpp           :226 : 4393603078480 us: [pid:4164447 tid: 0x7fbdffbff6c0] Handler: value(0), timestamp(0x1a6f0510), handle(0x7fbf2fbfc280)
:4:commandqueue.cpp         :184 : 4393603078481 us: [pid:4164447 tid: 0x7fbf38fc0200] All commands finished
:3:hip_device_runtime.cpp   :645 : 4393603078573 us: [pid:4164447 tid: 0x7fbf38fc0200] hipDeviceSynchronize: Returned hipSuccess : 
:4:command.cpp              :169 : 4393603078555 us: [pid:4164447 tid: 0x7fbdffbff6c0] Command 0x19f11890 complete
:4:command.cpp              :163 : 4393603078600 us: [pid:4164447 tid: 0x7fbdffbff6c0] Command 0x19fabba0 complete (Wall: 4393603078597, CPU: 0, GPU: 551 us)
:3:hip_memory.cpp           :795 : 4393603078603 us: [pid:4164447 tid: 0x7fbf38fc0200] [32m hipMemcpy ( 0x7fbd8967e010, 0x7fbcf6a00000, 491520000, hipMemcpyDeviceToHost ) [0m
:4:command.cpp              :359 : 4393603078641 us: [pid:4164447 tid: 0x7fbf38fc0200] Command (CopyDeviceToHost) enqueued: 0x19f11890
:4:rocblit.cpp              :1673: 4393603078653 us: [pid:4164447 tid: 0x7fbf38fc0200] Unpinned read path, Async = 0
:4:rocmemory.cpp            :1018: 4393603078675 us: [pid:4164447 tid: 0x7fbf38fc0200] Locking to pool 0x19dc9ed0, size 0x2001000, HostPtr = 0x7fbd8967e000, DevPtr = 0x7fbd8967e000
:4:rocblit.cpp              :623 : 4393603079052 us: [pid:4164447 tid: 0x7fbf38fc0200] HSA Copy Using Pinned resource size 33554432
:4:rocblit.cpp              :687 : 4393603079060 us: [pid:4164447 tid: 0x7fbf38fc0200] HSA Async Copy staged D2H
:4:rocblit.cpp              :503 : 4393603079065 us: [pid:4164447 tid: 0x7fbf38fc0200] Last copy mask 0x0
:4:rocblit.cpp              :509 : 4393603079072 us: [pid:4164447 tid: 0x7fbf38fc0200] Query copy engine status 0, free_engine mask 0x1e
:4:rocblit.cpp              :520 : 4393603079080 us: [pid:4164447 tid: 0x7fbf38fc0200] HSA Async Copy on copy_engine=0x2, dst=0x7fbd8967e010, src=0x7fbcf6a00000, size=33554432, forceSDMA=0, wait_event=0x0, completion_signal=0x7fbf2fbff480
:4:rocvirtual.cpp           :622 : 4393603079091 us: [pid:4164447 tid: 0x7fbf38fc0200] Host wait on completion_signal=0x7fbf2fbff480
:3:rocvirtual.hpp           :56  : 4393603079099 us: [pid:4164447 tid: 0x7fbf38fc0200] Host active wait for Signal = (0x7fbf2fbff480) for -1 ns
:4:rocmemory.cpp            :1018: 4393603080340 us: [pid:4164447 tid: 0x7fbf38fc0200] Locking to pool 0x19dc9ed0, size 0x2001000, HostPtr = 0x7fbd8b67e000, DevPtr = 0x7fbd8b67e000
:4:rocblit.cpp              :623 : 4393603080352 us: [pid:4164447 tid: 0x7fbf38fc0200] HSA Copy Using Pinned resource size 33554432
:4:rocblit.cpp              :687 : 4393603080360 us: [pid:4164447 tid: 0x7fbf38fc0200] HSA Async Copy staged D2H
:4:rocblit.cpp              :503 : 4393603080365 us: [pid:4164447 tid: 0x7fbf38fc0200] Last copy mask 0x2
:4:rocblit.cpp              :520 : 4393603080370 us: [pid:4164447 tid: 0x7fbf38fc0200] HSA Async Copy on copy_engine=0x2, dst=0x7fbd8b67e010, src=0x7fbcf8a00000, size=33554432, forceSDMA=0, wait_event=0x0, completion_signal=0x7fbf2fbfd900
:4:rocvirtual.cpp           :622 : 4393603080378 us: [pid:4164447 tid: 0x7fbf38fc0200] Host wait on completion_signal=0x7fbf2fbfd900
:3:rocvirtual.hpp           :56  : 4393603080385 us: [pid:4164447 tid: 0x7fbf38fc0200] Host active wait for Signal = (0x7fbf2fbfd900) for -1 ns
:4:rocmemory.cpp            :1018: 4393603081581 us: [pid:4164447 tid: 0x7fbf38fc0200] Locking to pool 0x19dc9ed0, size 0x2001000, HostPtr = 0x7fbd8d67e000, DevPtr = 0x7fbd8d67e000
:4:rocblit.cpp              :623 : 4393603081592 us: [pid:4164447 tid: 0x7fbf38fc0200] HSA Copy Using Pinned resource size 33554432
:4:rocblit.cpp              :687 : 4393603081600 us: [pid:4164447 tid: 0x7fbf38fc0200] HSA Async Copy staged D2H
:4:rocblit.cpp              :503 : 4393603081605 us: [pid:4164447 tid: 0x7fbf38fc0200] Last copy mask 0x2
:4:rocblit.cpp              :520 : 4393603081610 us: [pid:4164447 tid: 0x7fbf38fc0200] HSA Async Copy on copy_engine=0x2, dst=0x7fbd8d67e010, src=0x7fbcfaa00000, size=33554432, forceSDMA=0, wait_event=0x0, completion_signal=0x7fbf2fbfe280
:4:rocvirtual.cpp           :622 : 4393603081618 us: [pid:4164447 tid: 0x7fbf38fc0200] Host wait on completion_signal=0x7fbf2fbfe280
:3:rocvirtual.hpp           :56  : 4393603081625 us: [pid:4164447 tid: 0x7fbf38fc0200] Host active wait for Signal = (0x7fbf2fbfe280) for -1 ns
:4:rocmemory.cpp            :1018: 4393603082820 us: [pid:4164447 tid: 0x7fbf38fc0200] Locking to pool 0x19dc9ed0, size 0x2001000, HostPtr = 0x7fbd8f67e000, DevPtr = 0x7fbd8f67e000
:4:rocblit.cpp              :623 : 4393603082831 us: [pid:4164447 tid: 0x7fbf38fc0200] HSA Copy Using Pinned resource size 33554432
:4:rocblit.cpp              :687 : 4393603082838 us: [pid:4164447 tid: 0x7fbf38fc0200] HSA Async Copy staged D2H
:4:rocblit.cpp              :503 : 4393603082843 us: [pid:4164447 tid: 0x7fbf38fc0200] Last copy mask 0x2
:4:rocblit.cpp              :520 : 4393603082848 us: [pid:4164447 tid: 0x7fbf38fc0200] HSA Async Copy on copy_engine=0x2, dst=0x7fbd8f67e010, src=0x7fbcfca00000, size=33554432, forceSDMA=0, wait_event=0x0, completion_signal=0x7fbf2fbfe300
:4:rocvirtual.cpp           :622 : 4393603082859 us: [pid:4164447 tid: 0x7fbf38fc0200] Host wait on completion_signal=0x7fbf2fbfe300
:3:rocvirtual.hpp           :56  : 4393603082866 us: [pid:4164447 tid: 0x7fbf38fc0200] Host active wait for Signal = (0x7fbf2fbfe300) for -1 ns
:4:rocmemory.cpp            :1018: 4393603084062 us: [pid:4164447 tid: 0x7fbf38fc0200] Locking to pool 0x19dc9ed0, size 0x2001000, HostPtr = 0x7fbd9167e000, DevPtr = 0x7fbd9167e000
:4:rocblit.cpp              :623 : 4393603084074 us: [pid:4164447 tid: 0x7fbf38fc0200] HSA Copy Using Pinned resource size 33554432
:4:rocblit.cpp              :687 : 4393603084081 us: [pid:4164447 tid: 0x7fbf38fc0200] HSA Async Copy staged D2H
:4:rocblit.cpp              :503 : 4393603084086 us: [pid:4164447 tid: 0x7fbf38fc0200] Last copy mask 0x2
:4:rocblit.cpp              :520 : 4393603084091 us: [pid:4164447 tid: 0x7fbf38fc0200] HSA Async Copy on copy_engine=0x2, dst=0x7fbd9167e010, src=0x7fbcfea00000, size=33554432, forceSDMA=0, wait_event=0x0, completion_signal=0x7fbf2fbfe400
:4:rocvirtual.cpp           :622 : 4393603084100 us: [pid:4164447 tid: 0x7fbf38fc0200] Host wait on completion_signal=0x7fbf2fbfe400
:3:rocvirtual.hpp           :56  : 4393603084462 us: [pid:4164447 tid: 0x7fbf38fc0200] Host active wait for Signal = (0x7fbf2fbfe400) for -1 ns
:4:rocmemory.cpp            :1018: 4393603085304 us: [pid:4164447 tid: 0x7fbf38fc0200] Locking to pool 0x19dc9ed0, size 0x2001000, HostPtr = 0x7fbd9367e000, DevPtr = 0x7fbd9367e000
:4:rocblit.cpp              :623 : 4393603085315 us: [pid:4164447 tid: 0x7fbf38fc0200] HSA Copy Using Pinned resource size 33554432
:4:rocblit.cpp              :687 : 4393603085322 us: [pid:4164447 tid: 0x7fbf38fc0200] HSA Async Copy staged D2H
:4:rocblit.cpp              :503 : 4393603085327 us: [pid:4164447 tid: 0x7fbf38fc0200] Last copy mask 0x2
:4:rocblit.cpp              :520 : 4393603085331 us: [pid:4164447 tid: 0x7fbf38fc0200] HSA Async Copy on copy_engine=0x2, dst=0x7fbd9367e010, src=0x7fbd00a00000, size=33554432, forceSDMA=0, wait_event=0x0, completion_signal=0x7fbf2fbff380
:4:rocvirtual.cpp           :622 : 4393603085339 us: [pid:4164447 tid: 0x7fbf38fc0200] Host wait on completion_signal=0x7fbf2fbff380
:3:rocvirtual.hpp           :56  : 4393603085347 us: [pid:4164447 tid: 0x7fbf38fc0200] Host active wait for Signal = (0x7fbf2fbff380) for -1 ns
:4:rocmemory.cpp            :1018: 4393603086542 us: [pid:4164447 tid: 0x7fbf38fc0200] Locking to pool 0x19dc9ed0, size 0x2001000, HostPtr = 0x7fbd9567e000, DevPtr = 0x7fbd9567e000
:4:rocblit.cpp              :623 : 4393603086553 us: [pid:4164447 tid: 0x7fbf38fc0200] HSA Copy Using Pinned resource size 33554432
:4:rocblit.cpp              :687 : 4393603086560 us: [pid:4164447 tid: 0x7fbf38fc0200] HSA Async Copy staged D2H
:4:rocblit.cpp              :503 : 4393603086566 us: [pid:4164447 tid: 0x7fbf38fc0200] Last copy mask 0x2
:4:rocblit.cpp              :520 : 4393603086570 us: [pid:4164447 tid: 0x7fbf38fc0200] HSA Async Copy on copy_engine=0x2, dst=0x7fbd9567e010, src=0x7fbd02a00000, size=33554432, forceSDMA=0, wait_event=0x0, completion_signal=0x7fbf2fbff180
:4:rocvirtual.cpp           :622 : 4393603086578 us: [pid:4164447 tid: 0x7fbf38fc0200] Host wait on completion_signal=0x7fbf2fbff180
:3:rocvirtual.hpp           :56  : 4393603086994 us: [pid:4164447 tid: 0x7fbf38fc0200] Host active wait for Signal = (0x7fbf2fbff180) for -1 ns
:4:rocmemory.cpp            :1018: 4393603087782 us: [pid:4164447 tid: 0x7fbf38fc0200] Locking to pool 0x19dc9ed0, size 0x2001000, HostPtr = 0x7fbd9767e000, DevPtr = 0x7fbd9767e000
:4:rocblit.cpp              :623 : 4393603087793 us: [pid:4164447 tid: 0x7fbf38fc0200] HSA Copy Using Pinned resource size 33554432
:4:rocblit.cpp              :687 : 4393603087800 us: [pid:4164447 tid: 0x7fbf38fc0200] HSA Async Copy staged D2H
:4:rocblit.cpp              :503 : 4393603087807 us: [pid:4164447 tid: 0x7fbf38fc0200] Last copy mask 0x2
:4:rocblit.cpp              :520 : 4393603087815 us: [pid:4164447 tid: 0x7fbf38fc0200] HSA Async Copy on copy_engine=0x2, dst=0x7fbd9767e010, src=0x7fbd04a00000, size=33554432, forceSDMA=0, wait_event=0x0, completion_signal=0x7fbf2fbff680
:4:rocvirtual.cpp           :622 : 4393603087823 us: [pid:4164447 tid: 0x7fbf38fc0200] Host wait on completion_signal=0x7fbf2fbff680
:3:rocvirtual.hpp           :56  : 4393603087830 us: [pid:4164447 tid: 0x7fbf38fc0200] Host active wait for Signal = (0x7fbf2fbff680) for -1 ns
:4:rocmemory.cpp            :1018: 4393603089026 us: [pid:4164447 tid: 0x7fbf38fc0200] Locking to pool 0x19dc9ed0, size 0x2001000, HostPtr = 0x7fbd9967e000, DevPtr = 0x7fbd9967e000
:4:rocblit.cpp              :623 : 4393603089036 us: [pid:4164447 tid: 0x7fbf38fc0200] HSA Copy Using Pinned resource size 33554432
:4:rocblit.cpp              :687 : 4393603089044 us: [pid:4164447 tid: 0x7fbf38fc0200] HSA Async Copy staged D2H
:4:rocblit.cpp              :503 : 4393603089049 us: [pid:4164447 tid: 0x7fbf38fc0200] Last copy mask 0x2
:4:rocblit.cpp              :520 : 4393603089054 us: [pid:4164447 tid: 0x7fbf38fc0200] HSA Async Copy on copy_engine=0x2, dst=0x7fbd9967e010, src=0x7fbd06a00000, size=33554432, forceSDMA=0, wait_event=0x0, completion_signal=0x7fbf2fbfef00
:4:rocvirtual.cpp           :622 : 4393603089062 us: [pid:4164447 tid: 0x7fbf38fc0200] Host wait on completion_signal=0x7fbf2fbfef00
:3:rocvirtual.hpp           :56  : 4393603089069 us: [pid:4164447 tid: 0x7fbf38fc0200] Host active wait for Signal = (0x7fbf2fbfef00) for -1 ns
:4:rocmemory.cpp            :1018: 4393603090265 us: [pid:4164447 tid: 0x7fbf38fc0200] Locking to pool 0x19dc9ed0, size 0x2001000, HostPtr = 0x7fbd9b67e000, DevPtr = 0x7fbd9b67e000
:4:rocblit.cpp              :623 : 4393603090276 us: [pid:4164447 tid: 0x7fbf38fc0200] HSA Copy Using Pinned resource size 33554432
:4:rocblit.cpp              :687 : 4393603090284 us: [pid:4164447 tid: 0x7fbf38fc0200] HSA Async Copy staged D2H
:4:rocblit.cpp              :503 : 4393603090289 us: [pid:4164447 tid: 0x7fbf38fc0200] Last copy mask 0x2
:4:rocblit.cpp              :520 : 4393603090294 us: [pid:4164447 tid: 0x7fbf38fc0200] HSA Async Copy on copy_engine=0x2, dst=0x7fbd9b67e010, src=0x7fbd08a00000, size=33554432, forceSDMA=0, wait_event=0x0, completion_signal=0x7fbf2fbff800
:4:rocvirtual.cpp           :622 : 4393603090302 us: [pid:4164447 tid: 0x7fbf38fc0200] Host wait on completion_signal=0x7fbf2fbff800
:3:rocvirtual.hpp           :56  : 4393603090710 us: [pid:4164447 tid: 0x7fbf38fc0200] Host active wait for Signal = (0x7fbf2fbff800) for -1 ns
:4:rocmemory.cpp            :1018: 4393603091504 us: [pid:4164447 tid: 0x7fbf38fc0200] Locking to pool 0x19dc9ed0, size 0x2001000, HostPtr = 0x7fbd9d67e000, DevPtr = 0x7fbd9d67e000
:4:rocblit.cpp              :623 : 4393603091514 us: [pid:4164447 tid: 0x7fbf38fc0200] HSA Copy Using Pinned resource size 33554432
:4:rocblit.cpp              :687 : 4393603091522 us: [pid:4164447 tid: 0x7fbf38fc0200] HSA Async Copy staged D2H
:4:rocblit.cpp              :503 : 4393603091526 us: [pid:4164447 tid: 0x7fbf38fc0200] Last copy mask 0x2
:4:rocblit.cpp              :520 : 4393603091531 us: [pid:4164447 tid: 0x7fbf38fc0200] HSA Async Copy on copy_engine=0x2, dst=0x7fbd9d67e010, src=0x7fbd0aa00000, size=33554432, forceSDMA=0, wait_event=0x0, completion_signal=0x7fbf2fbfe600
:4:rocvirtual.cpp           :622 : 4393603091539 us: [pid:4164447 tid: 0x7fbf38fc0200] Host wait on completion_signal=0x7fbf2fbfe600
:3:rocvirtual.hpp           :56  : 4393603091546 us: [pid:4164447 tid: 0x7fbf38fc0200] Host active wait for Signal = (0x7fbf2fbfe600) for -1 ns
:4:rocmemory.cpp            :1018: 4393603092741 us: [pid:4164447 tid: 0x7fbf38fc0200] Locking to pool 0x19dc9ed0, size 0x2001000, HostPtr = 0x7fbd9f67e000, DevPtr = 0x7fbd9f67e000
:4:rocblit.cpp              :623 : 4393603092752 us: [pid:4164447 tid: 0x7fbf38fc0200] HSA Copy Using Pinned resource size 33554432
:4:rocblit.cpp              :687 : 4393603092760 us: [pid:4164447 tid: 0x7fbf38fc0200] HSA Async Copy staged D2H
:4:rocblit.cpp              :503 : 4393603092768 us: [pid:4164447 tid: 0x7fbf38fc0200] Last copy mask 0x2
:4:rocblit.cpp              :520 : 4393603092774 us: [pid:4164447 tid: 0x7fbf38fc0200] HSA Async Copy on copy_engine=0x2, dst=0x7fbd9f67e010, src=0x7fbd0ca00000, size=33554432, forceSDMA=0, wait_event=0x0, completion_signal=0x7fbf2fbfef80
:4:rocvirtual.cpp           :622 : 4393603093177 us: [pid:4164447 tid: 0x7fbf38fc0200] Host wait on completion_signal=0x7fbf2fbfef80
:3:rocvirtual.hpp           :56  : 4393603093184 us: [pid:4164447 tid: 0x7fbf38fc0200] Host active wait for Signal = (0x7fbf2fbfef80) for -1 ns
:4:rocmemory.cpp            :1018: 4393603094380 us: [pid:4164447 tid: 0x7fbf38fc0200] Locking to pool 0x19dc9ed0, size 0x2001000, HostPtr = 0x7fbda167e000, DevPtr = 0x7fbda167e000
:4:rocblit.cpp              :623 : 4393603094390 us: [pid:4164447 tid: 0x7fbf38fc0200] HSA Copy Using Pinned resource size 33554432
:4:rocblit.cpp              :687 : 4393603094398 us: [pid:4164447 tid: 0x7fbf38fc0200] HSA Async Copy staged D2H
:4:rocblit.cpp              :503 : 4393603094403 us: [pid:4164447 tid: 0x7fbf38fc0200] Last copy mask 0x2
:4:rocblit.cpp              :520 : 4393603094729 us: [pid:4164447 tid: 0x7fbf38fc0200] HSA Async Copy on copy_engine=0x2, dst=0x7fbda167e010, src=0x7fbd0ea00000, size=33554432, forceSDMA=0, wait_event=0x0, completion_signal=0x7fbf2fbfda00
:4:rocvirtual.cpp           :622 : 4393603094738 us: [pid:4164447 tid: 0x7fbf38fc0200] Host wait on completion_signal=0x7fbf2fbfda00
:3:rocvirtual.hpp           :56  : 4393603094746 us: [pid:4164447 tid: 0x7fbf38fc0200] Host active wait for Signal = (0x7fbf2fbfda00) for -1 ns
:4:rocmemory.cpp            :1018: 4393603095941 us: [pid:4164447 tid: 0x7fbf38fc0200] Locking to pool 0x19dc9ed0, size 0x2001000, HostPtr = 0x7fbda367e000, DevPtr = 0x7fbda367e000
:4:rocblit.cpp              :623 : 4393603095952 us: [pid:4164447 tid: 0x7fbf38fc0200] HSA Copy Using Pinned resource size 33554432
:4:rocblit.cpp              :687 : 4393603095960 us: [pid:4164447 tid: 0x7fbf38fc0200] HSA Async Copy staged D2H
:4:rocblit.cpp              :503 : 4393603095964 us: [pid:4164447 tid: 0x7fbf38fc0200] Last copy mask 0x2
:4:rocblit.cpp              :520 : 4393603095969 us: [pid:4164447 tid: 0x7fbf38fc0200] HSA Async Copy on copy_engine=0x2, dst=0x7fbda367e010, src=0x7fbd10a00000, size=33554432, forceSDMA=0, wait_event=0x0, completion_signal=0x7fbf2fbfdb00
:4:rocvirtual.cpp           :622 : 4393603095977 us: [pid:4164447 tid: 0x7fbf38fc0200] Host wait on completion_signal=0x7fbf2fbfdb00
:3:rocvirtual.hpp           :56  : 4393603095984 us: [pid:4164447 tid: 0x7fbf38fc0200] Host active wait for Signal = (0x7fbf2fbfdb00) for -1 ns
:4:rocmemory.cpp            :1018: 4393603097185 us: [pid:4164447 tid: 0x7fbf38fc0200] Locking to pool 0x19dc9ed0, size 0x14c1000, HostPtr = 0x7fbda567e000, DevPtr = 0x7fbda567e000
:4:rocblit.cpp              :623 : 4393603097200 us: [pid:4164447 tid: 0x7fbf38fc0200] HSA Copy Using Pinned resource size 21757952
:4:rocblit.cpp              :687 : 4393603097207 us: [pid:4164447 tid: 0x7fbf38fc0200] HSA Async Copy staged D2H
:4:rocblit.cpp              :503 : 4393603097212 us: [pid:4164447 tid: 0x7fbf38fc0200] Last copy mask 0x2
:4:rocblit.cpp              :520 : 4393603097216 us: [pid:4164447 tid: 0x7fbf38fc0200] HSA Async Copy on copy_engine=0x2, dst=0x7fbda567e010, src=0x7fbd12a00000, size=21757952, forceSDMA=0, wait_event=0x0, completion_signal=0x7fbf2fbfe500
:4:rocvirtual.cpp           :622 : 4393603097224 us: [pid:4164447 tid: 0x7fbf38fc0200] Host wait on completion_signal=0x7fbf2fbfe500
:3:rocvirtual.hpp           :56  : 4393603097232 us: [pid:4164447 tid: 0x7fbf38fc0200] Host active wait for Signal = (0x7fbf2fbfe500) for -1 ns
:4:commandqueue.cpp         :161 : 4393603098007 us: [pid:4164447 tid: 0x7fbf38fc0200] Marker queued to ensure finish
:4:command.cpp              :359 : 4393603098016 us: [pid:4164447 tid: 0x7fbf38fc0200] Command (InternalMarker) enqueued: 0x19fabba0
:3:rocvirtual.cpp           :533 : 4393603098030 us: [pid:4164447 tid: 0x7fbf38fc0200] Set Handler: handle(0x7fbf2fbfbe80), timestamp(0x1a61eb00)
:4:rocvirtual.cpp           :1147: 4393603098042 us: [pid:4164447 tid: 0x7fbf38fc0200] SWq=0x7fbf2fd32000, HWq=0x7fbf1cc00000, id=1, BarrierAND Header = 0x1503 (type=3, barrier=1, acquire=2, release=2), dep_signal=[0x0, 0x0, 0x0, 0x0, 0x0], completion_signal=0x7fbf2fbfbe80
:3:rocvirtual.hpp           :56  : 4393603098053 us: [pid:4164447 tid: 0x7fbf38fc0200] Host active wait for Signal = (0x7fbf2fbfbe80) for -1 ns
:4:commandqueue.cpp         :184 : 4393603098061 us: [pid:4164447 tid: 0x7fbf38fc0200] All commands finished
:3:hip_memory.cpp           :796 : 4393603098069 us: [pid:4164447 tid: 0x7fbf38fc0200] hipMemcpy: Returned hipSuccess : : duration: 19466 us
:3:rocvirtual.cpp           :226 : 4393603098061 us: [pid:4164447 tid: 0x7fbdffbff6c0] Handler: value(0), timestamp(0x1a6f0510), handle(0x7fbf2fbfbe80)
:3:hip_memory.cpp           :3476: 4393603098082 us: [pid:4164447 tid: 0x7fbf38fc0200] [32m hipMemset ( 0x7fbcf6a00000, 0, 491520000 ) [0m
:4:command.cpp              :169 : 4393603098100 us: [pid:4164447 tid: 0x7fbdffbff6c0] Command 0x19f11890 complete
:4:command.cpp              :359 : 4393603098114 us: [pid:4164447 tid: 0x7fbf38fc0200] Command (FillBuffer) enqueued: 0x1a61e850
:4:command.cpp              :163 : 4393603098476 us: [pid:4164447 tid: 0x7fbdffbff6c0] Command 0x19fabba0 complete (Wall: 4393603098474, CPU: 0, GPU: 450 us)
:3:rocvirtual.cpp           :762 : 4393603098489 us: [pid:4164447 tid: 0x7fbf38fc0200] Arg0: void* buf = ptr:0x7fbcf6a00000
:3:rocvirtual.cpp           :778 : 4393603098513 us: [pid:4164447 tid: 0x7fbf38fc0200] Arg0: void* buf = ptr:0x7fbcf6a00000 obj:[0x7fbcf6a00000-0x7fbd13ec0000]
:3:rocvirtual.cpp           :762 : 4393603098521 us: [pid:4164447 tid: 0x7fbf38fc0200] Arg1: uchar* pattern = ptr:0x7fbf1ca00000
:3:rocvirtual.cpp           :853 : 4393603098528 us: [pid:4164447 tid: 0x7fbf38fc0200] Arg2: uint pattern_size = val:1
:3:rocvirtual.cpp           :853 : 4393603098533 us: [pid:4164447 tid: 0x7fbf38fc0200] Arg3: uint alignment = val:16
:3:rocvirtual.cpp           :853 : 4393603098538 us: [pid:4164447 tid: 0x7fbf38fc0200] Arg4: ulong end_ptr = val:140450059780096
:3:rocvirtual.cpp           :853 : 4393603098545 us: [pid:4164447 tid: 0x7fbf38fc0200] Arg5: uint next_chunk = val:26624
:3:rocvirtual.cpp           :3236: 4393603098550 us: [pid:4164447 tid: 0x7fbf38fc0200] ShaderName : __amd_rocclr_fillBufferAligned
:3:rocvirtual.cpp           :3449: 4393603098559 us: [pid:4164447 tid: 0x7fbf38fc0200] KernargSegmentByteSize = 296 KernargSegmentAlignment = 128
:4:rocvirtual.cpp           :965 : 4393603098568 us: [pid:4164447 tid: 0x7fbf38fc0200] SWq=0x7fbf2fd32000, HWq=0x7fbf1cc00000, id=1, Dispatch Header = 0x1502 (type=2, barrier=1, acquire=2, release=2), setup=1, grid=[26624, 1, 1], workgroup=[256, 1, 1], private_seg_size=0, group_seg_size=0, kernel_obj=0x7fbf2fd1dd40, kernarg_address=0x7fbf1ca00100, completion_signal=0x0, correlation_id=0, rptr=169, wptr=169
:3:hip_memory.cpp           :3477: 4393603099349 us: [pid:4164447 tid: 0x7fbf38fc0200] hipMemset: Returned hipSuccess : 
:3:hip_device_runtime.cpp   :641 : 4393603099354 us: [pid:4164447 tid: 0x7fbf38fc0200] [32m hipDeviceSynchronize (  ) [0m
:4:commandqueue.cpp         :161 : 4393603099360 us: [pid:4164447 tid: 0x7fbf38fc0200] Marker queued to ensure finish
:4:command.cpp              :359 : 4393603099365 us: [pid:4164447 tid: 0x7fbf38fc0200] Command (InternalMarker) enqueued: 0x19fabba0
:3:rocvirtual.cpp           :533 : 4393603099376 us: [pid:4164447 tid: 0x7fbf38fc0200] Set Handler: handle(0x7fbf2fbfbf00), timestamp(0x1a61e790)
:4:rocvirtual.cpp           :1147: 4393603099384 us: [pid:4164447 tid: 0x7fbf38fc0200] SWq=0x7fbf2fd32000, HWq=0x7fbf1cc00000, id=1, BarrierAND Header = 0x1503 (type=3, barrier=1, acquire=2, release=2), dep_signal=[0x0, 0x0, 0x0, 0x0, 0x0], completion_signal=0x7fbf2fbfbf00
:3:rocvirtual.hpp           :56  : 4393603099395 us: [pid:4164447 tid: 0x7fbf38fc0200] Host active wait for Signal = (0x7fbf2fbfbf00) for -1 ns
:4:commandqueue.cpp         :184 : 4393603099759 us: [pid:4164447 tid: 0x7fbf38fc0200] All commands finished
:3:rocvirtual.cpp           :226 : 4393603099761 us: [pid:4164447 tid: 0x7fbdffbff6c0] Handler: value(0), timestamp(0x1a61e6e0), handle(0x7fbf2fbfbf00)
:4:command.cpp              :169 : 4393603099909 us: [pid:4164447 tid: 0x7fbdffbff6c0] Command 0x1a61e850 complete
:4:command.cpp              :163 : 4393603099915 us: [pid:4164447 tid: 0x7fbdffbff6c0] Command 0x19fabba0 complete (Wall: 4393603099914, CPU: 0, GPU: 542 us)
:3:hip_device_runtime.cpp   :645 : 4393603099899 us: [pid:4164447 tid: 0x7fbf38fc0200] hipDeviceSynchronize: Returned hipSuccess : 
:3:hip_platform.cpp         :237 : 4393603099938 us: [pid:4164447 tid: 0x7fbf38fc0200] [32m __hipPushCallConfiguration ( {8,1,1}, {512,1,1}, 0, stream:<null> ) [0m
:3:hip_platform.cpp         :241 : 4393603099947 us: [pid:4164447 tid: 0x7fbf38fc0200] __hipPushCallConfiguration: Returned hipSuccess : 
:3:hip_platform.cpp         :246 : 4393603099957 us: [pid:4164447 tid: 0x7fbf38fc0200] [32m __hipPopCallConfiguration ( {1131604050,32703,512}, {2118224,0,2169324560}, 0x7ffc814d4160, 0x7ffc814d4158 ) [0m
:3:hip_platform.cpp         :255 : 4393603099966 us: [pid:4164447 tid: 0x7fbf38fc0200] __hipPopCallConfiguration: Returned hipSuccess : 
:3:hip_module.cpp           :744 : 4393603099977 us: [pid:4164447 tid: 0x7fbf38fc0200] [32m hipLaunchKernel ( 0x200fe0, {8,1,1}, {512,1,1}, 0x7ffc814d4110, 0, stream:<null> ) [0m
:4:command.cpp              :359 : 4393603099992 us: [pid:4164447 tid: 0x7fbf38fc0200] Command (KernelExecution) enqueued: 0x19f11890
:3:rocvirtual.cpp           :762 : 4393603100010 us: [pid:4164447 tid: 0x7fbf38fc0200] Arg0:   = ptr:0x7fbd14200000
:3:rocvirtual.cpp           :778 : 4393603100426 us: [pid:4164447 tid: 0x7fbf38fc0200] Arg0:   = ptr:0x7fbd14200000 obj:[0x7fbd14200000-0x7fbd316c0000]
:3:rocvirtual.cpp           :762 : 4393603100435 us: [pid:4164447 tid: 0x7fbf38fc0200] Arg1:   = ptr:0x7fbded427000
:3:rocvirtual.cpp           :778 : 4393603100440 us: [pid:4164447 tid: 0x7fbf38fc0200] Arg1:   = ptr:0x7fbded427000 obj:[0x7fbded427000-0x7fbded487000]
:3:rocvirtual.cpp           :762 : 4393603100447 us: [pid:4164447 tid: 0x7fbf38fc0200] Arg2:   = ptr:0x7fbcf6a00000
:3:rocvirtual.cpp           :778 : 4393603100452 us: [pid:4164447 tid: 0x7fbf38fc0200] Arg2:   = ptr:0x7fbcf6a00000 obj:[0x7fbcf6a00000-0x7fbd13ec0000]
:3:rocvirtual.cpp           :853 : 4393603100459 us: [pid:4164447 tid: 0x7fbf38fc0200] Arg3:   = val:12288
:3:rocvirtual.cpp           :762 : 4393603100464 us: [pid:4164447 tid: 0x7fbf38fc0200] Arg4:   = ptr:0x7fbded400000
:3:rocvirtual.cpp           :778 : 4393603100468 us: [pid:4164447 tid: 0x7fbf38fc0200] Arg4:   = ptr:0x7fbded400000 obj:[0x7fbded400000-0x7fbded400024]
:3:rocvirtual.cpp           :3236: 4393603100476 us: [pid:4164447 tid: 0x7fbf38fc0200] ShaderName : void dense_esuhm2<float>(float const*, float const*, float*, int, int const*)
:3:rocvirtual.cpp           :3449: 4393603100485 us: [pid:4164447 tid: 0x7fbf38fc0200] KernargSegmentByteSize = 296 KernargSegmentAlignment = 128
:4:rocvirtual.cpp           :965 : 4393603100494 us: [pid:4164447 tid: 0x7fbf38fc0200] SWq=0x7fbf2fd32000, HWq=0x7fbf1cc00000, id=1, Dispatch Header = 0xb02 (type=2, barrier=1, acquire=1, release=1), setup=3, grid=[4096, 1, 1], workgroup=[512, 1, 1], private_seg_size=140, group_seg_size=0, kernel_obj=0x7fbf2fcf19c0, kernarg_address=0x7fbf1ca00280, completion_signal=0x0, correlation_id=0, rptr=171, wptr=171
:3:hip_module.cpp           :745 : 4393603100509 us: [pid:4164447 tid: 0x7fbf38fc0200] hipLaunchKernel: Returned hipSuccess : : duration: 532 us
:3:hip_device_runtime.cpp   :641 : 4393603100517 us: [pid:4164447 tid: 0x7fbf38fc0200] [32m hipDeviceSynchronize (  ) [0m
:4:commandqueue.cpp         :161 : 4393603100523 us: [pid:4164447 tid: 0x7fbf38fc0200] Marker queued to ensure finish
:4:command.cpp              :359 : 4393603100527 us: [pid:4164447 tid: 0x7fbf38fc0200] Command (InternalMarker) enqueued: 0x19fabba0
:3:rocvirtual.cpp           :533 : 4393603101009 us: [pid:4164447 tid: 0x7fbf38fc0200] Set Handler: handle(0x7fbf2fbfd700), timestamp(0x1a5ae950)
:4:rocvirtual.cpp           :1147: 4393603101017 us: [pid:4164447 tid: 0x7fbf38fc0200] SWq=0x7fbf2fd32000, HWq=0x7fbf1cc00000, id=1, BarrierAND Header = 0x1503 (type=3, barrier=1, acquire=2, release=2), dep_signal=[0x0, 0x0, 0x0, 0x0, 0x0], completion_signal=0x7fbf2fbfd700
:3:rocvirtual.hpp           :56  : 4393603101028 us: [pid:4164447 tid: 0x7fbf38fc0200] Host active wait for Signal = (0x7fbf2fbfd700) for -1 ns
:4:commandqueue.cpp         :184 : 4393603101037 us: [pid:4164447 tid: 0x7fbf38fc0200] All commands finished
:3:hip_device_runtime.cpp   :645 : 4393603101043 us: [pid:4164447 tid: 0x7fbf38fc0200] hipDeviceSynchronize: Returned hipSuccess : 
:3:rocvirtual.cpp           :226 : 4393603101031 us: [pid:4164447 tid: 0x7fbdffbff6c0] Handler: value(0), timestamp(0x1a588990), handle(0x7fbf2fbfd700)
:4:command.cpp              :169 : 4393603101064 us: [pid:4164447 tid: 0x7fbdffbff6c0] Command 0x19f11890 complete
:3:hip_memory.cpp           :795 : 4393603101057 us: [pid:4164447 tid: 0x7fbf38fc0200] [32m hipMemcpy ( 0x7fbd6c1bd010, 0x7fbcf6a00000, 491520000, hipMemcpyDeviceToHost ) [0m
:4:command.cpp              :359 : 4393603101085 us: [pid:4164447 tid: 0x7fbf38fc0200] Command (CopyDeviceToHost) enqueued: 0x19f11890
:4:rocblit.cpp              :1673: 4393603101095 us: [pid:4164447 tid: 0x7fbf38fc0200] Unpinned read path, Async = 0
:4:command.cpp              :163 : 4393603101071 us: [pid:4164447 tid: 0x7fbdffbff6c0] Command 0x19fabba0 complete (Wall: 4393603101070, CPU: 0, GPU: 65 us)
:4:rocmemory.cpp            :1018: 4393603101109 us: [pid:4164447 tid: 0x7fbf38fc0200] Locking to pool 0x19dc9ed0, size 0x2001000, HostPtr = 0x7fbd6c1bd000, DevPtr = 0x7fbd6c1bd000
:4:rocblit.cpp              :623 : 4393603101554 us: [pid:4164447 tid: 0x7fbf38fc0200] HSA Copy Using Pinned resource size 33554432
:4:rocblit.cpp              :687 : 4393603101561 us: [pid:4164447 tid: 0x7fbf38fc0200] HSA Async Copy staged D2H
:4:rocblit.cpp              :503 : 4393603101566 us: [pid:4164447 tid: 0x7fbf38fc0200] Last copy mask 0x0
:4:rocblit.cpp              :509 : 4393603101572 us: [pid:4164447 tid: 0x7fbf38fc0200] Query copy engine status 0, free_engine mask 0x1e
:4:rocblit.cpp              :520 : 4393603101579 us: [pid:4164447 tid: 0x7fbf38fc0200] HSA Async Copy on copy_engine=0x2, dst=0x7fbd6c1bd010, src=0x7fbcf6a00000, size=33554432, forceSDMA=0, wait_event=0x0, completion_signal=0x7fbf2fbff000
:4:rocvirtual.cpp           :622 : 4393603101588 us: [pid:4164447 tid: 0x7fbf38fc0200] Host wait on completion_signal=0x7fbf2fbff000
:3:rocvirtual.hpp           :56  : 4393603101595 us: [pid:4164447 tid: 0x7fbf38fc0200] Host active wait for Signal = (0x7fbf2fbff000) for -1 ns
:4:rocmemory.cpp            :1018: 4393603102791 us: [pid:4164447 tid: 0x7fbf38fc0200] Locking to pool 0x19dc9ed0, size 0x2001000, HostPtr = 0x7fbd6e1bd000, DevPtr = 0x7fbd6e1bd000
:4:rocblit.cpp              :623 : 4393603102802 us: [pid:4164447 tid: 0x7fbf38fc0200] HSA Copy Using Pinned resource size 33554432
:4:rocblit.cpp              :687 : 4393603102810 us: [pid:4164447 tid: 0x7fbf38fc0200] HSA Async Copy staged D2H
:4:rocblit.cpp              :503 : 4393603102814 us: [pid:4164447 tid: 0x7fbf38fc0200] Last copy mask 0x2
:4:rocblit.cpp              :520 : 4393603102819 us: [pid:4164447 tid: 0x7fbf38fc0200] HSA Async Copy on copy_engine=0x2, dst=0x7fbd6e1bd010, src=0x7fbcf8a00000, size=33554432, forceSDMA=0, wait_event=0x0, completion_signal=0x7fbf2fbff080
:4:rocvirtual.cpp           :622 : 4393603102827 us: [pid:4164447 tid: 0x7fbf38fc0200] Host wait on completion_signal=0x7fbf2fbff080
:3:rocvirtual.hpp           :56  : 4393603102834 us: [pid:4164447 tid: 0x7fbf38fc0200] Host active wait for Signal = (0x7fbf2fbff080) for -1 ns
:4:rocmemory.cpp            :1018: 4393603104031 us: [pid:4164447 tid: 0x7fbf38fc0200] Locking to pool 0x19dc9ed0, size 0x2001000, HostPtr = 0x7fbd701bd000, DevPtr = 0x7fbd701bd000
:4:rocblit.cpp              :623 : 4393603104043 us: [pid:4164447 tid: 0x7fbf38fc0200] HSA Copy Using Pinned resource size 33554432
:4:rocblit.cpp              :687 : 4393603104053 us: [pid:4164447 tid: 0x7fbf38fc0200] HSA Async Copy staged D2H
:4:rocblit.cpp              :503 : 4393603104058 us: [pid:4164447 tid: 0x7fbf38fc0200] Last copy mask 0x2
:4:rocblit.cpp              :520 : 4393603104062 us: [pid:4164447 tid: 0x7fbf38fc0200] HSA Async Copy on copy_engine=0x2, dst=0x7fbd701bd010, src=0x7fbcfaa00000, size=33554432, forceSDMA=0, wait_event=0x0, completion_signal=0x7fbf2fbfdd00
:4:rocvirtual.cpp           :622 : 4393603104070 us: [pid:4164447 tid: 0x7fbf38fc0200] Host wait on completion_signal=0x7fbf2fbfdd00
:3:rocvirtual.hpp           :56  : 4393603104077 us: [pid:4164447 tid: 0x7fbf38fc0200] Host active wait for Signal = (0x7fbf2fbfdd00) for -1 ns
:4:rocmemory.cpp            :1018: 4393603105272 us: [pid:4164447 tid: 0x7fbf38fc0200] Locking to pool 0x19dc9ed0, size 0x2001000, HostPtr = 0x7fbd721bd000, DevPtr = 0x7fbd721bd000
:4:rocblit.cpp              :623 : 4393603105282 us: [pid:4164447 tid: 0x7fbf38fc0200] HSA Copy Using Pinned resource size 33554432
:4:rocblit.cpp              :687 : 4393603105289 us: [pid:4164447 tid: 0x7fbf38fc0200] HSA Async Copy staged D2H
:4:rocblit.cpp              :503 : 4393603105294 us: [pid:4164447 tid: 0x7fbf38fc0200] Last copy mask 0x2
:4:rocblit.cpp              :520 : 4393603105298 us: [pid:4164447 tid: 0x7fbf38fc0200] HSA Async Copy on copy_engine=0x2, dst=0x7fbd721bd010, src=0x7fbcfca00000, size=33554432, forceSDMA=0, wait_event=0x0, completion_signal=0x7fbf2fbfeb80
:4:rocvirtual.cpp           :622 : 4393603105306 us: [pid:4164447 tid: 0x7fbf38fc0200] Host wait on completion_signal=0x7fbf2fbfeb80
:3:rocvirtual.hpp           :56  : 4393603105313 us: [pid:4164447 tid: 0x7fbf38fc0200] Host active wait for Signal = (0x7fbf2fbfeb80) for -1 ns
:4:rocmemory.cpp            :1018: 4393603106509 us: [pid:4164447 tid: 0x7fbf38fc0200] Locking to pool 0x19dc9ed0, size 0x2001000, HostPtr = 0x7fbd741bd000, DevPtr = 0x7fbd741bd000
:4:rocblit.cpp              :623 : 4393603106519 us: [pid:4164447 tid: 0x7fbf38fc0200] HSA Copy Using Pinned resource size 33554432
:4:rocblit.cpp              :687 : 4393603106526 us: [pid:4164447 tid: 0x7fbf38fc0200] HSA Async Copy staged D2H
:4:rocblit.cpp              :503 : 4393603106531 us: [pid:4164447 tid: 0x7fbf38fc0200] Last copy mask 0x2
:4:rocblit.cpp              :520 : 4393603106536 us: [pid:4164447 tid: 0x7fbf38fc0200] HSA Async Copy on copy_engine=0x2, dst=0x7fbd741bd010, src=0x7fbcfea00000, size=33554432, forceSDMA=0, wait_event=0x0, completion_signal=0x7fbf2fbfed80
:4:rocvirtual.cpp           :622 : 4393603106544 us: [pid:4164447 tid: 0x7fbf38fc0200] Host wait on completion_signal=0x7fbf2fbfed80
:3:rocvirtual.hpp           :56  : 4393603106551 us: [pid:4164447 tid: 0x7fbf38fc0200] Host active wait for Signal = (0x7fbf2fbfed80) for -1 ns
:4:rocmemory.cpp            :1018: 4393603107745 us: [pid:4164447 tid: 0x7fbf38fc0200] Locking to pool 0x19dc9ed0, size 0x2001000, HostPtr = 0x7fbd761bd000, DevPtr = 0x7fbd761bd000
:4:rocblit.cpp              :623 : 4393603107755 us: [pid:4164447 tid: 0x7fbf38fc0200] HSA Copy Using Pinned resource size 33554432
:4:rocblit.cpp              :687 : 4393603107762 us: [pid:4164447 tid: 0x7fbf38fc0200] HSA Async Copy staged D2H
:4:rocblit.cpp              :503 : 4393603107767 us: [pid:4164447 tid: 0x7fbf38fc0200] Last copy mask 0x2
:4:rocblit.cpp              :520 : 4393603107772 us: [pid:4164447 tid: 0x7fbf38fc0200] HSA Async Copy on copy_engine=0x2, dst=0x7fbd761bd010, src=0x7fbd00a00000, size=33554432, forceSDMA=0, wait_event=0x0, completion_signal=0x7fbf2fbfe980
:4:rocvirtual.cpp           :622 : 4393603107779 us: [pid:4164447 tid: 0x7fbf38fc0200] Host wait on completion_signal=0x7fbf2fbfe980
:3:rocvirtual.hpp           :56  : 4393603107787 us: [pid:4164447 tid: 0x7fbf38fc0200] Host active wait for Signal = (0x7fbf2fbfe980) for -1 ns
:4:rocmemory.cpp            :1018: 4393603108981 us: [pid:4164447 tid: 0x7fbf38fc0200] Locking to pool 0x19dc9ed0, size 0x2001000, HostPtr = 0x7fbd781bd000, DevPtr = 0x7fbd781bd000
:4:rocblit.cpp              :623 : 4393603108993 us: [pid:4164447 tid: 0x7fbf38fc0200] HSA Copy Using Pinned resource size 33554432
:4:rocblit.cpp              :687 : 4393603109001 us: [pid:4164447 tid: 0x7fbf38fc0200] HSA Async Copy staged D2H
:4:rocblit.cpp              :503 : 4393603109006 us: [pid:4164447 tid: 0x7fbf38fc0200] Last copy mask 0x2
:4:rocblit.cpp              :520 : 4393603109011 us: [pid:4164447 tid: 0x7fbf38fc0200] HSA Async Copy on copy_engine=0x2, dst=0x7fbd781bd010, src=0x7fbd02a00000, size=33554432, forceSDMA=0, wait_event=0x0, completion_signal=0x7fbf2fbfde00
:4:rocvirtual.cpp           :622 : 4393603109019 us: [pid:4164447 tid: 0x7fbf38fc0200] Host wait on completion_signal=0x7fbf2fbfde00
:3:rocvirtual.hpp           :56  : 4393603109026 us: [pid:4164447 tid: 0x7fbf38fc0200] Host active wait for Signal = (0x7fbf2fbfde00) for -1 ns
:4:rocmemory.cpp            :1018: 4393603110226 us: [pid:4164447 tid: 0x7fbf38fc0200] Locking to pool 0x19dc9ed0, size 0x2001000, HostPtr = 0x7fbd7a1bd000, DevPtr = 0x7fbd7a1bd000
:4:rocblit.cpp              :623 : 4393603110239 us: [pid:4164447 tid: 0x7fbf38fc0200] HSA Copy Using Pinned resource size 33554432
:4:rocblit.cpp              :687 : 4393603110247 us: [pid:4164447 tid: 0x7fbf38fc0200] HSA Async Copy staged D2H
:4:rocblit.cpp              :503 : 4393603110252 us: [pid:4164447 tid: 0x7fbf38fc0200] Last copy mask 0x2
:4:rocblit.cpp              :520 : 4393603110257 us: [pid:4164447 tid: 0x7fbf38fc0200] HSA Async Copy on copy_engine=0x2, dst=0x7fbd7a1bd010, src=0x7fbd04a00000, size=33554432, forceSDMA=0, wait_event=0x0, completion_signal=0x7fbf2fbfd980
:4:rocvirtual.cpp           :622 : 4393603110265 us: [pid:4164447 tid: 0x7fbf38fc0200] Host wait on completion_signal=0x7fbf2fbfd980
:3:rocvirtual.hpp           :56  : 4393603110272 us: [pid:4164447 tid: 0x7fbf38fc0200] Host active wait for Signal = (0x7fbf2fbfd980) for -1 ns
:4:rocmemory.cpp            :1018: 4393603111466 us: [pid:4164447 tid: 0x7fbf38fc0200] Locking to pool 0x19dc9ed0, size 0x2001000, HostPtr = 0x7fbd7c1bd000, DevPtr = 0x7fbd7c1bd000
:4:rocblit.cpp              :623 : 4393603111476 us: [pid:4164447 tid: 0x7fbf38fc0200] HSA Copy Using Pinned resource size 33554432
:4:rocblit.cpp              :687 : 4393603111976 us: [pid:4164447 tid: 0x7fbf38fc0200] HSA Async Copy staged D2H
:4:rocblit.cpp              :503 : 4393603111982 us: [pid:4164447 tid: 0x7fbf38fc0200] Last copy mask 0x2
:4:rocblit.cpp              :520 : 4393603111986 us: [pid:4164447 tid: 0x7fbf38fc0200] HSA Async Copy on copy_engine=0x2, dst=0x7fbd7c1bd010, src=0x7fbd06a00000, size=33554432, forceSDMA=0, wait_event=0x0, completion_signal=0x7fbf2fbfe480
:4:rocvirtual.cpp           :622 : 4393603111995 us: [pid:4164447 tid: 0x7fbf38fc0200] Host wait on completion_signal=0x7fbf2fbfe480
:3:rocvirtual.hpp           :56  : 4393603112009 us: [pid:4164447 tid: 0x7fbf38fc0200] Host active wait for Signal = (0x7fbf2fbfe480) for -1 ns
:4:rocmemory.cpp            :1018: 4393603113197 us: [pid:4164447 tid: 0x7fbf38fc0200] Locking to pool 0x19dc9ed0, size 0x2001000, HostPtr = 0x7fbd7e1bd000, DevPtr = 0x7fbd7e1bd000
:4:rocblit.cpp              :623 : 4393603113207 us: [pid:4164447 tid: 0x7fbf38fc0200] HSA Copy Using Pinned resource size 33554432
:4:rocblit.cpp              :687 : 4393603113214 us: [pid:4164447 tid: 0x7fbf38fc0200] HSA Async Copy staged D2H
:4:rocblit.cpp              :503 : 4393603113219 us: [pid:4164447 tid: 0x7fbf38fc0200] Last copy mask 0x2
:4:rocblit.cpp              :520 : 4393603113224 us: [pid:4164447 tid: 0x7fbf38fc0200] HSA Async Copy on copy_engine=0x2, dst=0x7fbd7e1bd010, src=0x7fbd08a00000, size=33554432, forceSDMA=0, wait_event=0x0, completion_signal=0x7fbf2fbfe680
:4:rocvirtual.cpp           :622 : 4393603113232 us: [pid:4164447 tid: 0x7fbf38fc0200] Host wait on completion_signal=0x7fbf2fbfe680
:3:rocvirtual.hpp           :56  : 4393603113239 us: [pid:4164447 tid: 0x7fbf38fc0200] Host active wait for Signal = (0x7fbf2fbfe680) for -1 ns
:4:rocmemory.cpp            :1018: 4393603114455 us: [pid:4164447 tid: 0x7fbf38fc0200] Locking to pool 0x19dc9ed0, size 0x2001000, HostPtr = 0x7fbd801bd000, DevPtr = 0x7fbd801bd000
:4:rocblit.cpp              :623 : 4393603114488 us: [pid:4164447 tid: 0x7fbf38fc0200] HSA Copy Using Pinned resource size 33554432
:4:rocblit.cpp              :687 : 4393603114506 us: [pid:4164447 tid: 0x7fbf38fc0200] HSA Async Copy staged D2H
:4:rocblit.cpp              :503 : 4393603114512 us: [pid:4164447 tid: 0x7fbf38fc0200] Last copy mask 0x2
:4:rocblit.cpp              :520 : 4393603114516 us: [pid:4164447 tid: 0x7fbf38fc0200] HSA Async Copy on copy_engine=0x2, dst=0x7fbd801bd010, src=0x7fbd0aa00000, size=33554432, forceSDMA=0, wait_event=0x0, completion_signal=0x7fbf2fbfe880
:4:rocvirtual.cpp           :622 : 4393603114526 us: [pid:4164447 tid: 0x7fbf38fc0200] Host wait on completion_signal=0x7fbf2fbfe880
:3:rocvirtual.hpp           :56  : 4393603114533 us: [pid:4164447 tid: 0x7fbf38fc0200] Host active wait for Signal = (0x7fbf2fbfe880) for -1 ns
:4:rocmemory.cpp            :1018: 4393603115728 us: [pid:4164447 tid: 0x7fbf38fc0200] Locking to pool 0x19dc9ed0, size 0x2001000, HostPtr = 0x7fbd821bd000, DevPtr = 0x7fbd821bd000
:4:rocblit.cpp              :623 : 4393603115738 us: [pid:4164447 tid: 0x7fbf38fc0200] HSA Copy Using Pinned resource size 33554432
:4:rocblit.cpp              :687 : 4393603115745 us: [pid:4164447 tid: 0x7fbf38fc0200] HSA Async Copy staged D2H
:4:rocblit.cpp              :503 : 4393603115750 us: [pid:4164447 tid: 0x7fbf38fc0200] Last copy mask 0x2
:4:rocblit.cpp              :520 : 4393603115755 us: [pid:4164447 tid: 0x7fbf38fc0200] HSA Async Copy on copy_engine=0x2, dst=0x7fbd821bd010, src=0x7fbd0ca00000, size=33554432, forceSDMA=0, wait_event=0x0, completion_signal=0x7fbf2fbfe780
:4:rocvirtual.cpp           :622 : 4393603115762 us: [pid:4164447 tid: 0x7fbf38fc0200] Host wait on completion_signal=0x7fbf2fbfe780
:3:rocvirtual.hpp           :56  : 4393603115770 us: [pid:4164447 tid: 0x7fbf38fc0200] Host active wait for Signal = (0x7fbf2fbfe780) for -1 ns
:4:rocmemory.cpp            :1018: 4393603116971 us: [pid:4164447 tid: 0x7fbf38fc0200] Locking to pool 0x19dc9ed0, size 0x2001000, HostPtr = 0x7fbd841bd000, DevPtr = 0x7fbd841bd000
:4:rocblit.cpp              :623 : 4393603117012 us: [pid:4164447 tid: 0x7fbf38fc0200] HSA Copy Using Pinned resource size 33554432
:4:rocblit.cpp              :687 : 4393603117020 us: [pid:4164447 tid: 0x7fbf38fc0200] HSA Async Copy staged D2H
:4:rocblit.cpp              :503 : 4393603117025 us: [pid:4164447 tid: 0x7fbf38fc0200] Last copy mask 0x2
:4:rocblit.cpp              :520 : 4393603117030 us: [pid:4164447 tid: 0x7fbf38fc0200] HSA Async Copy on copy_engine=0x2, dst=0x7fbd841bd010, src=0x7fbd0ea00000, size=33554432, forceSDMA=0, wait_event=0x0, completion_signal=0x7fbf2fbfe580
:4:rocvirtual.cpp           :622 : 4393603117039 us: [pid:4164447 tid: 0x7fbf38fc0200] Host wait on completion_signal=0x7fbf2fbfe580
:3:rocvirtual.hpp           :56  : 4393603117047 us: [pid:4164447 tid: 0x7fbf38fc0200] Host active wait for Signal = (0x7fbf2fbfe580) for -1 ns
:4:rocmemory.cpp            :1018: 4393603118268 us: [pid:4164447 tid: 0x7fbf38fc0200] Locking to pool 0x19dc9ed0, size 0x2001000, HostPtr = 0x7fbd861bd000, DevPtr = 0x7fbd861bd000
:4:rocblit.cpp              :623 : 4393603118279 us: [pid:4164447 tid: 0x7fbf38fc0200] HSA Copy Using Pinned resource size 33554432
:4:rocblit.cpp              :687 : 4393603118286 us: [pid:4164447 tid: 0x7fbf38fc0200] HSA Async Copy staged D2H
:4:rocblit.cpp              :503 : 4393603118292 us: [pid:4164447 tid: 0x7fbf38fc0200] Last copy mask 0x2
:4:rocblit.cpp              :520 : 4393603118296 us: [pid:4164447 tid: 0x7fbf38fc0200] HSA Async Copy on copy_engine=0x2, dst=0x7fbd861bd010, src=0x7fbd10a00000, size=33554432, forceSDMA=0, wait_event=0x0, completion_signal=0x7fbf2fbfdf00
:4:rocvirtual.cpp           :622 : 4393603118304 us: [pid:4164447 tid: 0x7fbf38fc0200] Host wait on completion_signal=0x7fbf2fbfdf00
:3:rocvirtual.hpp           :56  : 4393603118312 us: [pid:4164447 tid: 0x7fbf38fc0200] Host active wait for Signal = (0x7fbf2fbfdf00) for -1 ns
:4:rocmemory.cpp            :1018: 4393603119505 us: [pid:4164447 tid: 0x7fbf38fc0200] Locking to pool 0x19dc9ed0, size 0x14c1000, HostPtr = 0x7fbd881bd000, DevPtr = 0x7fbd881bd000
:4:rocblit.cpp              :623 : 4393603119515 us: [pid:4164447 tid: 0x7fbf38fc0200] HSA Copy Using Pinned resource size 21757952
:4:rocblit.cpp              :687 : 4393603119522 us: [pid:4164447 tid: 0x7fbf38fc0200] HSA Async Copy staged D2H
:4:rocblit.cpp              :503 : 4393603119527 us: [pid:4164447 tid: 0x7fbf38fc0200] Last copy mask 0x2
:4:rocblit.cpp              :520 : 4393603119531 us: [pid:4164447 tid: 0x7fbf38fc0200] HSA Async Copy on copy_engine=0x2, dst=0x7fbd881bd010, src=0x7fbd12a00000, size=21757952, forceSDMA=0, wait_event=0x0, completion_signal=0x7fbf2fbfe900
:4:rocvirtual.cpp           :622 : 4393603119539 us: [pid:4164447 tid: 0x7fbf38fc0200] Host wait on completion_signal=0x7fbf2fbfe900
:3:rocvirtual.hpp           :56  : 4393603119546 us: [pid:4164447 tid: 0x7fbf38fc0200] Host active wait for Signal = (0x7fbf2fbfe900) for -1 ns
:4:commandqueue.cpp         :161 : 4393603120319 us: [pid:4164447 tid: 0x7fbf38fc0200] Marker queued to ensure finish
:4:command.cpp              :359 : 4393603120326 us: [pid:4164447 tid: 0x7fbf38fc0200] Command (InternalMarker) enqueued: 0x19fabba0
:3:rocvirtual.cpp           :533 : 4393603120337 us: [pid:4164447 tid: 0x7fbf38fc0200] Set Handler: handle(0x7fbf2fbfcc80), timestamp(0x1a4d7820)
:4:rocvirtual.cpp           :1147: 4393603120348 us: [pid:4164447 tid: 0x7fbf38fc0200] SWq=0x7fbf2fd32000, HWq=0x7fbf1cc00000, id=1, BarrierAND Header = 0x1503 (type=3, barrier=1, acquire=2, release=2), dep_signal=[0x0, 0x0, 0x0, 0x0, 0x0], completion_signal=0x7fbf2fbfcc80
:4:commandqueue.cpp         :184 : 4393603120869 us: [pid:4164447 tid: 0x7fbf38fc0200] All commands finished
:3:hip_memory.cpp           :796 : 4393603120876 us: [pid:4164447 tid: 0x7fbf38fc0200] hipMemcpy: Returned hipSuccess : : duration: 19819 us
:3:hip_memory.cpp           :3476: 4393603120887 us: [pid:4164447 tid: 0x7fbf38fc0200] [32m hipMemset ( 0x7fbcf6a00000, 0, 491520000 ) [0m
:4:command.cpp              :359 : 4393603120897 us: [pid:4164447 tid: 0x7fbf38fc0200] Command (FillBuffer) enqueued: 0x1a61e850
:3:rocvirtual.cpp           :226 : 4393603120366 us: [pid:4164447 tid: 0x7fbdffbff6c0] Handler: value(0), timestamp(0x1a588990), handle(0x7fbf2fbfcc80)
:3:rocvirtual.cpp           :762 : 4393603120909 us: [pid:4164447 tid: 0x7fbf38fc0200] Arg0: void* buf = ptr:0x7fbcf6a00000
:3:rocvirtual.cpp           :778 : 4393603120930 us: [pid:4164447 tid: 0x7fbf38fc0200] Arg0: void* buf = ptr:0x7fbcf6a00000 obj:[0x7fbcf6a00000-0x7fbd13ec0000]
:3:rocvirtual.cpp           :762 : 4393603120939 us: [pid:4164447 tid: 0x7fbf38fc0200] Arg1: uchar* pattern = ptr:0x7fbf1ca00000
:3:rocvirtual.cpp           :853 : 4393603120947 us: [pid:4164447 tid: 0x7fbf38fc0200] Arg2: uint pattern_size = val:1
:3:rocvirtual.cpp           :853 : 4393603120953 us: [pid:4164447 tid: 0x7fbf38fc0200] Arg3: uint alignment = val:16
:3:rocvirtual.cpp           :853 : 4393603120959 us: [pid:4164447 tid: 0x7fbf38fc0200] Arg4: ulong end_ptr = val:140450059780096
:3:rocvirtual.cpp           :853 : 4393603120970 us: [pid:4164447 tid: 0x7fbf38fc0200] Arg5: uint next_chunk = val:26624
:3:rocvirtual.cpp           :3236: 4393603121304 us: [pid:4164447 tid: 0x7fbf38fc0200] ShaderName : __amd_rocclr_fillBufferAligned
:3:rocvirtual.cpp           :3449: 4393603121314 us: [pid:4164447 tid: 0x7fbf38fc0200] KernargSegmentByteSize = 296 KernargSegmentAlignment = 128
:4:rocvirtual.cpp           :965 : 4393603121324 us: [pid:4164447 tid: 0x7fbf38fc0200] SWq=0x7fbf2fd32000, HWq=0x7fbf1cc00000, id=1, Dispatch Header = 0x1502 (type=2, barrier=1, acquire=2, release=2), setup=1, grid=[26624, 1, 1], workgroup=[256, 1, 1], private_seg_size=0, group_seg_size=0, kernel_obj=0x7fbf2fd1dd40, kernarg_address=0x7fbf1ca00100, completion_signal=0x0, correlation_id=0, rptr=174, wptr=174
:4:command.cpp              :169 : 4393603120923 us: [pid:4164447 tid: 0x7fbdffbff6c0] Command 0x19f11890 complete
:4:command.cpp              :163 : 4393603121354 us: [pid:4164447 tid: 0x7fbdffbff6c0] Command 0x19fabba0 complete (Wall: 4393603121352, CPU: 0, GPU: 1019 us)
:3:hip_memory.cpp           :3477: 4393603121339 us: [pid:4164447 tid: 0x7fbf38fc0200] hipMemset: Returned hipSuccess : 
:3:hip_device_runtime.cpp   :641 : 4393603121371 us: [pid:4164447 tid: 0x7fbf38fc0200] [32m hipDeviceSynchronize (  ) [0m
:4:commandqueue.cpp         :161 : 4393603121376 us: [pid:4164447 tid: 0x7fbf38fc0200] Marker queued to ensure finish
:4:command.cpp              :359 : 4393603121381 us: [pid:4164447 tid: 0x7fbf38fc0200] Command (InternalMarker) enqueued: 0x19fabba0
:3:rocvirtual.cpp           :533 : 4393603121392 us: [pid:4164447 tid: 0x7fbf38fc0200] Set Handler: handle(0x7fbf2fbfcf80), timestamp(0x1a56f810)
:4:rocvirtual.cpp           :1147: 4393603121400 us: [pid:4164447 tid: 0x7fbf38fc0200] SWq=0x7fbf2fd32000, HWq=0x7fbf1cc00000, id=1, BarrierAND Header = 0x1503 (type=3, barrier=1, acquire=2, release=2), dep_signal=[0x0, 0x0, 0x0, 0x0, 0x0], completion_signal=0x7fbf2fbfcf80
:4:commandqueue.cpp         :184 : 4393603121875 us: [pid:4164447 tid: 0x7fbf38fc0200] All commands finished
:3:hip_device_runtime.cpp   :645 : 4393603121882 us: [pid:4164447 tid: 0x7fbf38fc0200] hipDeviceSynchronize: Returned hipSuccess : 
:3:rocvirtual.cpp           :226 : 4393603121754 us: [pid:4164447 tid: 0x7fbdffbff6c0] Handler: value(0), timestamp(0x1a6261b0), handle(0x7fbf2fbfcf80)
:4:command.cpp              :169 : 4393603121902 us: [pid:4164447 tid: 0x7fbdffbff6c0] Command 0x1a61e850 complete
:4:command.cpp              :163 : 4393603121908 us: [pid:4164447 tid: 0x7fbdffbff6c0] Command 0x19fabba0 complete (Wall: 4393603121907, CPU: 0, GPU: 519 us)
:3:hip_platform.cpp         :237 : 4393603121894 us: [pid:4164447 tid: 0x7fbf38fc0200] [32m __hipPushCallConfiguration ( {8,1,1}, {512,1,1}, 0, stream:<null> ) [0m
:3:hip_platform.cpp         :241 : 4393603121941 us: [pid:4164447 tid: 0x7fbf38fc0200] __hipPushCallConfiguration: Returned hipSuccess : 
:3:hip_platform.cpp         :246 : 4393603121951 us: [pid:4164447 tid: 0x7fbf38fc0200] [32m __hipPopCallConfiguration ( {1131604050,32703,512}, {2118224,0,2169324560}, 0x7ffc814d4160, 0x7ffc814d4158 ) [0m
:3:hip_platform.cpp         :255 : 4393603121960 us: [pid:4164447 tid: 0x7fbf38fc0200] __hipPopCallConfiguration: Returned hipSuccess : 
:3:hip_module.cpp           :744 : 4393603121970 us: [pid:4164447 tid: 0x7fbf38fc0200] [32m hipLaunchKernel ( 0x200fe8, {8,1,1}, {512,1,1}, 0x7ffc814d4110, 0, stream:<null> ) [0m
:4:command.cpp              :359 : 4393603122443 us: [pid:4164447 tid: 0x7fbf38fc0200] Command (KernelExecution) enqueued: 0x19f11890
:3:rocvirtual.cpp           :762 : 4393603122452 us: [pid:4164447 tid: 0x7fbf38fc0200] Arg0:   = ptr:0x7fbd14200000
:3:rocvirtual.cpp           :778 : 4393603122457 us: [pid:4164447 tid: 0x7fbf38fc0200] Arg0:   = ptr:0x7fbd14200000 obj:[0x7fbd14200000-0x7fbd316c0000]
:3:rocvirtual.cpp           :762 : 4393603122464 us: [pid:4164447 tid: 0x7fbf38fc0200] Arg1:   = ptr:0x7fbded427000
:3:rocvirtual.cpp           :778 : 4393603122469 us: [pid:4164447 tid: 0x7fbf38fc0200] Arg1:   = ptr:0x7fbded427000 obj:[0x7fbded427000-0x7fbded487000]
:3:rocvirtual.cpp           :762 : 4393603122476 us: [pid:4164447 tid: 0x7fbf38fc0200] Arg2:   = ptr:0x7fbcf6a00000
:3:rocvirtual.cpp           :778 : 4393603122481 us: [pid:4164447 tid: 0x7fbf38fc0200] Arg2:   = ptr:0x7fbcf6a00000 obj:[0x7fbcf6a00000-0x7fbd13ec0000]
:3:rocvirtual.cpp           :853 : 4393603122488 us: [pid:4164447 tid: 0x7fbf38fc0200] Arg3:   = val:12288
:3:rocvirtual.cpp           :762 : 4393603122493 us: [pid:4164447 tid: 0x7fbf38fc0200] Arg4:   = ptr:0x7fbded400000
:3:rocvirtual.cpp           :778 : 4393603122497 us: [pid:4164447 tid: 0x7fbf38fc0200] Arg4:   = ptr:0x7fbded400000 obj:[0x7fbded400000-0x7fbded400024]
:3:rocvirtual.cpp           :3236: 4393603122504 us: [pid:4164447 tid: 0x7fbf38fc0200] ShaderName : void dense_esuhm3<float>(float const*, float const*, float*, int, int const*)
:3:rocvirtual.cpp           :3449: 4393603122516 us: [pid:4164447 tid: 0x7fbf38fc0200] KernargSegmentByteSize = 296 KernargSegmentAlignment = 128
:4:rocvirtual.cpp           :965 : 4393603122525 us: [pid:4164447 tid: 0x7fbf38fc0200] SWq=0x7fbf2fd32000, HWq=0x7fbf1cc00000, id=1, Dispatch Header = 0xb02 (type=2, barrier=1, acquire=1, release=1), setup=3, grid=[4096, 1, 1], workgroup=[512, 1, 1], private_seg_size=140, group_seg_size=0, kernel_obj=0x7fbf2fcf1a00, kernarg_address=0x7fbf1ca00280, completion_signal=0x0, correlation_id=0, rptr=176, wptr=176
:3:hip_module.cpp           :745 : 4393603122538 us: [pid:4164447 tid: 0x7fbf38fc0200] hipLaunchKernel: Returned hipSuccess : : duration: 568 us
:3:hip_device_runtime.cpp   :641 : 4393603122960 us: [pid:4164447 tid: 0x7fbf38fc0200] [32m hipDeviceSynchronize (  ) [0m
:4:commandqueue.cpp         :161 : 4393603122965 us: [pid:4164447 tid: 0x7fbf38fc0200] Marker queued to ensure finish
:4:command.cpp              :359 : 4393603122970 us: [pid:4164447 tid: 0x7fbf38fc0200] Command (InternalMarker) enqueued: 0x19fabba0
:3:rocvirtual.cpp           :533 : 4393603122980 us: [pid:4164447 tid: 0x7fbf38fc0200] Set Handler: handle(0x7fbf2fbfce80), timestamp(0x1a71cbc0)
:4:rocvirtual.cpp           :1147: 4393603122988 us: [pid:4164447 tid: 0x7fbf38fc0200] SWq=0x7fbf2fd32000, HWq=0x7fbf1cc00000, id=1, BarrierAND Header = 0x1503 (type=3, barrier=1, acquire=2, release=2), dep_signal=[0x0, 0x0, 0x0, 0x0, 0x0], completion_signal=0x7fbf2fbfce80
:3:rocvirtual.hpp           :56  : 4393603123384 us: [pid:4164447 tid: 0x7fbf38fc0200] Host active wait for Signal = (0x7fbf2fbfce80) for -1 ns
:4:commandqueue.cpp         :184 : 4393603123480 us: [pid:4164447 tid: 0x7fbf38fc0200] All commands finished
:3:hip_device_runtime.cpp   :645 : 4393603124031 us: [pid:4164447 tid: 0x7fbf38fc0200] hipDeviceSynchronize: Returned hipSuccess : 
:3:hip_memory.cpp           :795 : 4393603124045 us: [pid:4164447 tid: 0x7fbf38fc0200] [32m hipMemcpy ( 0x7fbd4ecfc010, 0x7fbcf6a00000, 491520000, hipMemcpyDeviceToHost ) [0m
:3:rocvirtual.cpp           :226 : 4393603123481 us: [pid:4164447 tid: 0x7fbdffbff6c0] Handler: value(0), timestamp(0x1a6f0130), handle(0x7fbf2fbfce80)
:4:command.cpp              :359 : 4393603124056 us: [pid:4164447 tid: 0x7fbf38fc0200] Command (CopyDeviceToHost) enqueued: 0x1a61e850
:4:rocblit.cpp              :1673: 4393603124087 us: [pid:4164447 tid: 0x7fbf38fc0200] Unpinned read path, Async = 0
:4:command.cpp              :169 : 4393603124082 us: [pid:4164447 tid: 0x7fbdffbff6c0] Command 0x19f11890 complete
:4:rocmemory.cpp            :1018: 4393603124102 us: [pid:4164447 tid: 0x7fbf38fc0200] Locking to pool 0x19dc9ed0, size 0x2001000, HostPtr = 0x7fbd4ecfc000, DevPtr = 0x7fbd4ecfc000
:4:rocblit.cpp              :623 : 4393603124110 us: [pid:4164447 tid: 0x7fbf38fc0200] HSA Copy Using Pinned resource size 33554432
:4:rocblit.cpp              :687 : 4393603124119 us: [pid:4164447 tid: 0x7fbf38fc0200] HSA Async Copy staged D2H
:4:rocblit.cpp              :503 : 4393603124123 us: [pid:4164447 tid: 0x7fbf38fc0200] Last copy mask 0x0
:4:rocblit.cpp              :509 : 4393603124140 us: [pid:4164447 tid: 0x7fbf38fc0200] Query copy engine status 0, free_engine mask 0x1e
:4:rocblit.cpp              :520 : 4393603124149 us: [pid:4164447 tid: 0x7fbf38fc0200] HSA Async Copy on copy_engine=0x2, dst=0x7fbd4ecfc010, src=0x7fbcf6a00000, size=33554432, forceSDMA=0, wait_event=0x0, completion_signal=0x7fbf2fbfe700
:4:command.cpp              :163 : 4393603124105 us: [pid:4164447 tid: 0x7fbdffbff6c0] Command 0x19fabba0 complete (Wall: 4393603124103, CPU: 0, GPU: 1126 us)
:4:rocvirtual.cpp           :622 : 4393603124503 us: [pid:4164447 tid: 0x7fbf38fc0200] Host wait on completion_signal=0x7fbf2fbfe700
:3:rocvirtual.hpp           :56  : 4393603124530 us: [pid:4164447 tid: 0x7fbf38fc0200] Host active wait for Signal = (0x7fbf2fbfe700) for -1 ns
:4:rocmemory.cpp            :1018: 4393603125755 us: [pid:4164447 tid: 0x7fbf38fc0200] Locking to pool 0x19dc9ed0, size 0x2001000, HostPtr = 0x7fbd50cfc000, DevPtr = 0x7fbd50cfc000
:4:rocblit.cpp              :623 : 4393603125768 us: [pid:4164447 tid: 0x7fbf38fc0200] HSA Copy Using Pinned resource size 33554432
:4:rocblit.cpp              :687 : 4393603125775 us: [pid:4164447 tid: 0x7fbf38fc0200] HSA Async Copy staged D2H
:4:rocblit.cpp              :503 : 4393603125780 us: [pid:4164447 tid: 0x7fbf38fc0200] Last copy mask 0x2
:4:rocblit.cpp              :520 : 4393603125785 us: [pid:4164447 tid: 0x7fbf38fc0200] HSA Async Copy on copy_engine=0x2, dst=0x7fbd50cfc010, src=0x7fbcf8a00000, size=33554432, forceSDMA=0, wait_event=0x0, completion_signal=0x7fbf2fbfde80
:4:rocvirtual.cpp           :622 : 4393603125793 us: [pid:4164447 tid: 0x7fbf38fc0200] Host wait on completion_signal=0x7fbf2fbfde80
:3:rocvirtual.hpp           :56  : 4393603125801 us: [pid:4164447 tid: 0x7fbf38fc0200] Host active wait for Signal = (0x7fbf2fbfde80) for -1 ns
:4:rocmemory.cpp            :1018: 4393603126995 us: [pid:4164447 tid: 0x7fbf38fc0200] Locking to pool 0x19dc9ed0, size 0x2001000, HostPtr = 0x7fbd52cfc000, DevPtr = 0x7fbd52cfc000
:4:rocblit.cpp              :623 : 4393603127005 us: [pid:4164447 tid: 0x7fbf38fc0200] HSA Copy Using Pinned resource size 33554432
:4:rocblit.cpp              :687 : 4393603127012 us: [pid:4164447 tid: 0x7fbf38fc0200] HSA Async Copy staged D2H
:4:rocblit.cpp              :503 : 4393603127017 us: [pid:4164447 tid: 0x7fbf38fc0200] Last copy mask 0x2
:4:rocblit.cpp              :520 : 4393603127022 us: [pid:4164447 tid: 0x7fbf38fc0200] HSA Async Copy on copy_engine=0x2, dst=0x7fbd52cfc010, src=0x7fbcfaa00000, size=33554432, forceSDMA=0, wait_event=0x0, completion_signal=0x7fbf2fbfe080
:4:rocvirtual.cpp           :622 : 4393603127030 us: [pid:4164447 tid: 0x7fbf38fc0200] Host wait on completion_signal=0x7fbf2fbfe080
:3:rocvirtual.hpp           :56  : 4393603127037 us: [pid:4164447 tid: 0x7fbf38fc0200] Host active wait for Signal = (0x7fbf2fbfe080) for -1 ns
:4:rocmemory.cpp            :1018: 4393603128274 us: [pid:4164447 tid: 0x7fbf38fc0200] Locking to pool 0x19dc9ed0, size 0x2001000, HostPtr = 0x7fbd54cfc000, DevPtr = 0x7fbd54cfc000
:4:rocblit.cpp              :623 : 4393603128285 us: [pid:4164447 tid: 0x7fbf38fc0200] HSA Copy Using Pinned resource size 33554432
:4:rocblit.cpp              :687 : 4393603128292 us: [pid:4164447 tid: 0x7fbf38fc0200] HSA Async Copy staged D2H
:4:rocblit.cpp              :503 : 4393603128297 us: [pid:4164447 tid: 0x7fbf38fc0200] Last copy mask 0x2
:4:rocblit.cpp              :520 : 4393603128302 us: [pid:4164447 tid: 0x7fbf38fc0200] HSA Async Copy on copy_engine=0x2, dst=0x7fbd54cfc010, src=0x7fbcfca00000, size=33554432, forceSDMA=0, wait_event=0x0, completion_signal=0x7fbf2fbfe000
:4:rocvirtual.cpp           :622 : 4393603128310 us: [pid:4164447 tid: 0x7fbf38fc0200] Host wait on completion_signal=0x7fbf2fbfe000
:3:rocvirtual.hpp           :56  : 4393603128317 us: [pid:4164447 tid: 0x7fbf38fc0200] Host active wait for Signal = (0x7fbf2fbfe000) for -1 ns
:4:rocmemory.cpp            :1018: 4393603129515 us: [pid:4164447 tid: 0x7fbf38fc0200] Locking to pool 0x19dc9ed0, size 0x2001000, HostPtr = 0x7fbd56cfc000, DevPtr = 0x7fbd56cfc000
:4:rocblit.cpp              :623 : 4393603129525 us: [pid:4164447 tid: 0x7fbf38fc0200] HSA Copy Using Pinned resource size 33554432
:4:rocblit.cpp              :687 : 4393603129532 us: [pid:4164447 tid: 0x7fbf38fc0200] HSA Async Copy staged D2H
:4:rocblit.cpp              :503 : 4393603129537 us: [pid:4164447 tid: 0x7fbf38fc0200] Last copy mask 0x2
:4:rocblit.cpp              :520 : 4393603129541 us: [pid:4164447 tid: 0x7fbf38fc0200] HSA Async Copy on copy_engine=0x2, dst=0x7fbd56cfc010, src=0x7fbcfea00000, size=33554432, forceSDMA=0, wait_event=0x0, completion_signal=0x7fbf2fbfe380
:4:rocvirtual.cpp           :622 : 4393603129549 us: [pid:4164447 tid: 0x7fbf38fc0200] Host wait on completion_signal=0x7fbf2fbfe380
:3:rocvirtual.hpp           :56  : 4393603129557 us: [pid:4164447 tid: 0x7fbf38fc0200] Host active wait for Signal = (0x7fbf2fbfe380) for -1 ns
:4:rocmemory.cpp            :1018: 4393603130750 us: [pid:4164447 tid: 0x7fbf38fc0200] Locking to pool 0x19dc9ed0, size 0x2001000, HostPtr = 0x7fbd58cfc000, DevPtr = 0x7fbd58cfc000
:4:rocblit.cpp              :623 : 4393603130763 us: [pid:4164447 tid: 0x7fbf38fc0200] HSA Copy Using Pinned resource size 33554432
:4:rocblit.cpp              :687 : 4393603130770 us: [pid:4164447 tid: 0x7fbf38fc0200] HSA Async Copy staged D2H
:4:rocblit.cpp              :503 : 4393603130774 us: [pid:4164447 tid: 0x7fbf38fc0200] Last copy mask 0x2
:4:rocblit.cpp              :520 : 4393603130779 us: [pid:4164447 tid: 0x7fbf38fc0200] HSA Async Copy on copy_engine=0x2, dst=0x7fbd58cfc010, src=0x7fbd00a00000, size=33554432, forceSDMA=0, wait_event=0x0, completion_signal=0x7fbf2fbfe180
:4:rocvirtual.cpp           :622 : 4393603130787 us: [pid:4164447 tid: 0x7fbf38fc0200] Host wait on completion_signal=0x7fbf2fbfe180
:3:rocvirtual.hpp           :56  : 4393603130794 us: [pid:4164447 tid: 0x7fbf38fc0200] Host active wait for Signal = (0x7fbf2fbfe180) for -1 ns
:4:rocmemory.cpp            :1018: 4393603131988 us: [pid:4164447 tid: 0x7fbf38fc0200] Locking to pool 0x19dc9ed0, size 0x2001000, HostPtr = 0x7fbd5acfc000, DevPtr = 0x7fbd5acfc000
:4:rocblit.cpp              :623 : 4393603131997 us: [pid:4164447 tid: 0x7fbf38fc0200] HSA Copy Using Pinned resource size 33554432
:4:rocblit.cpp              :687 : 4393603132011 us: [pid:4164447 tid: 0x7fbf38fc0200] HSA Async Copy staged D2H
:4:rocblit.cpp              :503 : 4393603132016 us: [pid:4164447 tid: 0x7fbf38fc0200] Last copy mask 0x2
:4:rocblit.cpp              :520 : 4393603132021 us: [pid:4164447 tid: 0x7fbf38fc0200] HSA Async Copy on copy_engine=0x2, dst=0x7fbd5acfc010, src=0x7fbd02a00000, size=33554432, forceSDMA=0, wait_event=0x0, completion_signal=0x7fbf2fbfdf80
:4:rocvirtual.cpp           :622 : 4393603132029 us: [pid:4164447 tid: 0x7fbf38fc0200] Host wait on completion_signal=0x7fbf2fbfdf80
:3:rocvirtual.hpp           :56  : 4393603132037 us: [pid:4164447 tid: 0x7fbf38fc0200] Host active wait for Signal = (0x7fbf2fbfdf80) for -1 ns
:4:rocmemory.cpp            :1018: 4393603133231 us: [pid:4164447 tid: 0x7fbf38fc0200] Locking to pool 0x19dc9ed0, size 0x2001000, HostPtr = 0x7fbd5ccfc000, DevPtr = 0x7fbd5ccfc000
:4:rocblit.cpp              :623 : 4393603133240 us: [pid:4164447 tid: 0x7fbf38fc0200] HSA Copy Using Pinned resource size 33554432
:4:rocblit.cpp              :687 : 4393603133248 us: [pid:4164447 tid: 0x7fbf38fc0200] HSA Async Copy staged D2H
:4:rocblit.cpp              :503 : 4393603133253 us: [pid:4164447 tid: 0x7fbf38fc0200] Last copy mask 0x2
:4:rocblit.cpp              :520 : 4393603133258 us: [pid:4164447 tid: 0x7fbf38fc0200] HSA Async Copy on copy_engine=0x2, dst=0x7fbd5ccfc010, src=0x7fbd04a00000, size=33554432, forceSDMA=0, wait_event=0x0, completion_signal=0x7fbf2fbfe800
:4:rocvirtual.cpp           :622 : 4393603133266 us: [pid:4164447 tid: 0x7fbf38fc0200] Host wait on completion_signal=0x7fbf2fbfe800
:3:rocvirtual.hpp           :56  : 4393603133273 us: [pid:4164447 tid: 0x7fbf38fc0200] Host active wait for Signal = (0x7fbf2fbfe800) for -1 ns
:4:rocmemory.cpp            :1018: 4393603134467 us: [pid:4164447 tid: 0x7fbf38fc0200] Locking to pool 0x19dc9ed0, size 0x2001000, HostPtr = 0x7fbd5ecfc000, DevPtr = 0x7fbd5ecfc000
:4:rocblit.cpp              :623 : 4393603134476 us: [pid:4164447 tid: 0x7fbf38fc0200] HSA Copy Using Pinned resource size 33554432
:4:rocblit.cpp              :687 : 4393603134483 us: [pid:4164447 tid: 0x7fbf38fc0200] HSA Async Copy staged D2H
:4:rocblit.cpp              :503 : 4393603134488 us: [pid:4164447 tid: 0x7fbf38fc0200] Last copy mask 0x2
:4:rocblit.cpp              :520 : 4393603134493 us: [pid:4164447 tid: 0x7fbf38fc0200] HSA Async Copy on copy_engine=0x2, dst=0x7fbd5ecfc010, src=0x7fbd06a00000, size=33554432, forceSDMA=0, wait_event=0x0, completion_signal=0x7fbf2fbfea80
:4:rocvirtual.cpp           :622 : 4393603134500 us: [pid:4164447 tid: 0x7fbf38fc0200] Host wait on completion_signal=0x7fbf2fbfea80
:3:rocvirtual.hpp           :56  : 4393603134508 us: [pid:4164447 tid: 0x7fbf38fc0200] Host active wait for Signal = (0x7fbf2fbfea80) for -1 ns
:4:rocmemory.cpp            :1018: 4393603135701 us: [pid:4164447 tid: 0x7fbf38fc0200] Locking to pool 0x19dc9ed0, size 0x2001000, HostPtr = 0x7fbd60cfc000, DevPtr = 0x7fbd60cfc000
:4:rocblit.cpp              :623 : 4393603135712 us: [pid:4164447 tid: 0x7fbf38fc0200] HSA Copy Using Pinned resource size 33554432
:4:rocblit.cpp              :687 : 4393603135719 us: [pid:4164447 tid: 0x7fbf38fc0200] HSA Async Copy staged D2H
:4:rocblit.cpp              :503 : 4393603135724 us: [pid:4164447 tid: 0x7fbf38fc0200] Last copy mask 0x2
:4:rocblit.cpp              :520 : 4393603135729 us: [pid:4164447 tid: 0x7fbf38fc0200] HSA Async Copy on copy_engine=0x2, dst=0x7fbd60cfc010, src=0x7fbd08a00000, size=33554432, forceSDMA=0, wait_event=0x0, completion_signal=0x7fbf2fbfea00
:4:rocvirtual.cpp           :622 : 4393603135737 us: [pid:4164447 tid: 0x7fbf38fc0200] Host wait on completion_signal=0x7fbf2fbfea00
:3:rocvirtual.hpp           :56  : 4393603135744 us: [pid:4164447 tid: 0x7fbf38fc0200] Host active wait for Signal = (0x7fbf2fbfea00) for -1 ns
:4:rocmemory.cpp            :1018: 4393603136940 us: [pid:4164447 tid: 0x7fbf38fc0200] Locking to pool 0x19dc9ed0, size 0x2001000, HostPtr = 0x7fbd62cfc000, DevPtr = 0x7fbd62cfc000
:4:rocblit.cpp              :623 : 4393603136951 us: [pid:4164447 tid: 0x7fbf38fc0200] HSA Copy Using Pinned resource size 33554432
:4:rocblit.cpp              :687 : 4393603136958 us: [pid:4164447 tid: 0x7fbf38fc0200] HSA Async Copy staged D2H
:4:rocblit.cpp              :503 : 4393603136963 us: [pid:4164447 tid: 0x7fbf38fc0200] Last copy mask 0x2
:4:rocblit.cpp              :520 : 4393603136967 us: [pid:4164447 tid: 0x7fbf38fc0200] HSA Async Copy on copy_engine=0x2, dst=0x7fbd62cfc010, src=0x7fbd0aa00000, size=33554432, forceSDMA=0, wait_event=0x0, completion_signal=0x7fbf2fbfec80
:4:rocvirtual.cpp           :622 : 4393603136975 us: [pid:4164447 tid: 0x7fbf38fc0200] Host wait on completion_signal=0x7fbf2fbfec80
:3:rocvirtual.hpp           :56  : 4393603136983 us: [pid:4164447 tid: 0x7fbf38fc0200] Host active wait for Signal = (0x7fbf2fbfec80) for -1 ns
:4:rocmemory.cpp            :1018: 4393603138177 us: [pid:4164447 tid: 0x7fbf38fc0200] Locking to pool 0x19dc9ed0, size 0x2001000, HostPtr = 0x7fbd64cfc000, DevPtr = 0x7fbd64cfc000
:4:rocblit.cpp              :623 : 4393603138186 us: [pid:4164447 tid: 0x7fbf38fc0200] HSA Copy Using Pinned resource size 33554432
:4:rocblit.cpp              :687 : 4393603138193 us: [pid:4164447 tid: 0x7fbf38fc0200] HSA Async Copy staged D2H
:4:rocblit.cpp              :503 : 4393603138198 us: [pid:4164447 tid: 0x7fbf38fc0200] Last copy mask 0x2
:4:rocblit.cpp              :520 : 4393603138202 us: [pid:4164447 tid: 0x7fbf38fc0200] HSA Async Copy on copy_engine=0x2, dst=0x7fbd64cfc010, src=0x7fbd0ca00000, size=33554432, forceSDMA=0, wait_event=0x0, completion_signal=0x7fbf2fbfdd80
:4:rocvirtual.cpp           :622 : 4393603138210 us: [pid:4164447 tid: 0x7fbf38fc0200] Host wait on completion_signal=0x7fbf2fbfdd80
:3:rocvirtual.hpp           :56  : 4393603138218 us: [pid:4164447 tid: 0x7fbf38fc0200] Host active wait for Signal = (0x7fbf2fbfdd80) for -1 ns
:4:rocmemory.cpp            :1018: 4393603139412 us: [pid:4164447 tid: 0x7fbf38fc0200] Locking to pool 0x19dc9ed0, size 0x2001000, HostPtr = 0x7fbd66cfc000, DevPtr = 0x7fbd66cfc000
:4:rocblit.cpp              :623 : 4393603139423 us: [pid:4164447 tid: 0x7fbf38fc0200] HSA Copy Using Pinned resource size 33554432
:4:rocblit.cpp              :687 : 4393603139430 us: [pid:4164447 tid: 0x7fbf38fc0200] HSA Async Copy staged D2H
:4:rocblit.cpp              :503 : 4393603139435 us: [pid:4164447 tid: 0x7fbf38fc0200] Last copy mask 0x2
:4:rocblit.cpp              :520 : 4393603139439 us: [pid:4164447 tid: 0x7fbf38fc0200] HSA Async Copy on copy_engine=0x2, dst=0x7fbd66cfc010, src=0x7fbd0ea00000, size=33554432, forceSDMA=0, wait_event=0x0, completion_signal=0x7fbf2fbfdc80
:4:rocvirtual.cpp           :622 : 4393603139447 us: [pid:4164447 tid: 0x7fbf38fc0200] Host wait on completion_signal=0x7fbf2fbfdc80
:3:rocvirtual.hpp           :56  : 4393603139457 us: [pid:4164447 tid: 0x7fbf38fc0200] Host active wait for Signal = (0x7fbf2fbfdc80) for -1 ns
:4:rocmemory.cpp            :1018: 4393603140650 us: [pid:4164447 tid: 0x7fbf38fc0200] Locking to pool 0x19dc9ed0, size 0x2001000, HostPtr = 0x7fbd68cfc000, DevPtr = 0x7fbd68cfc000
:4:rocblit.cpp              :623 : 4393603140660 us: [pid:4164447 tid: 0x7fbf38fc0200] HSA Copy Using Pinned resource size 33554432
:4:rocblit.cpp              :687 : 4393603140667 us: [pid:4164447 tid: 0x7fbf38fc0200] HSA Async Copy staged D2H
:4:rocblit.cpp              :503 : 4393603140672 us: [pid:4164447 tid: 0x7fbf38fc0200] Last copy mask 0x2
:4:rocblit.cpp              :520 : 4393603140677 us: [pid:4164447 tid: 0x7fbf38fc0200] HSA Async Copy on copy_engine=0x2, dst=0x7fbd68cfc010, src=0x7fbd10a00000, size=33554432, forceSDMA=0, wait_event=0x0, completion_signal=0x7fbf2fbfdc00
:4:rocvirtual.cpp           :622 : 4393603140685 us: [pid:4164447 tid: 0x7fbf38fc0200] Host wait on completion_signal=0x7fbf2fbfdc00
:3:rocvirtual.hpp           :56  : 4393603140692 us: [pid:4164447 tid: 0x7fbf38fc0200] Host active wait for Signal = (0x7fbf2fbfdc00) for -1 ns
:4:rocmemory.cpp            :1018: 4393603141886 us: [pid:4164447 tid: 0x7fbf38fc0200] Locking to pool 0x19dc9ed0, size 0x14c1000, HostPtr = 0x7fbd6acfc000, DevPtr = 0x7fbd6acfc000
:4:rocblit.cpp              :623 : 4393603141896 us: [pid:4164447 tid: 0x7fbf38fc0200] HSA Copy Using Pinned resource size 21757952
:4:rocblit.cpp              :687 : 4393603141903 us: [pid:4164447 tid: 0x7fbf38fc0200] HSA Async Copy staged D2H
:4:rocblit.cpp              :503 : 4393603141908 us: [pid:4164447 tid: 0x7fbf38fc0200] Last copy mask 0x2
:4:rocblit.cpp              :520 : 4393603141913 us: [pid:4164447 tid: 0x7fbf38fc0200] HSA Async Copy on copy_engine=0x2, dst=0x7fbd6acfc010, src=0x7fbd12a00000, size=21757952, forceSDMA=0, wait_event=0x0, completion_signal=0x7fbf2fbfed00
:4:rocvirtual.cpp           :622 : 4393603141921 us: [pid:4164447 tid: 0x7fbf38fc0200] Host wait on completion_signal=0x7fbf2fbfed00
:3:rocvirtual.hpp           :56  : 4393603141928 us: [pid:4164447 tid: 0x7fbf38fc0200] Host active wait for Signal = (0x7fbf2fbfed00) for -1 ns
:4:commandqueue.cpp         :161 : 4393603142702 us: [pid:4164447 tid: 0x7fbf38fc0200] Marker queued to ensure finish
:4:command.cpp              :359 : 4393603142708 us: [pid:4164447 tid: 0x7fbf38fc0200] Command (InternalMarker) enqueued: 0x19fabba0
:3:rocvirtual.cpp           :533 : 4393603142721 us: [pid:4164447 tid: 0x7fbf38fc0200] Set Handler: handle(0x7fbf2fbfc680), timestamp(0x19f11a50)
:4:rocvirtual.cpp           :1147: 4393603142730 us: [pid:4164447 tid: 0x7fbf38fc0200] SWq=0x7fbf2fd32000, HWq=0x7fbf1cc00000, id=1, BarrierAND Header = 0x1503 (type=3, barrier=1, acquire=2, release=2), dep_signal=[0x0, 0x0, 0x0, 0x0, 0x0], completion_signal=0x7fbf2fbfc680
:3:rocvirtual.hpp           :56  : 4393603142741 us: [pid:4164447 tid: 0x7fbf38fc0200] Host active wait for Signal = (0x7fbf2fbfc680) for -1 ns
:4:commandqueue.cpp         :184 : 4393603142750 us: [pid:4164447 tid: 0x7fbf38fc0200] All commands finished
:3:rocvirtual.cpp           :226 : 4393603142745 us: [pid:4164447 tid: 0x7fbdffbff6c0] Handler: value(0), timestamp(0x1a57c720), handle(0x7fbf2fbfc680)
:3:hip_memory.cpp           :796 : 4393603142772 us: [pid:4164447 tid: 0x7fbf38fc0200] hipMemcpy: Returned hipSuccess : : duration: 18727 us
:4:command.cpp              :169 : 4393603142794 us: [pid:4164447 tid: 0x7fbdffbff6c0] Command 0x1a61e850 complete
:4:command.cpp              :163 : 4393603143216 us: [pid:4164447 tid: 0x7fbdffbff6c0] Command 0x19fabba0 complete (Wall: 4393603143213, CPU: 0, GPU: 497 us)
:3:hip_memory.cpp           :3476: 4393604313985 us: [pid:4164447 tid: 0x7fbf38fc0200] [32m hipMemset ( 0x7fbcf6a00000, 0, 491520000 ) [0m
:4:command.cpp              :359 : 4393604314022 us: [pid:4164447 tid: 0x7fbf38fc0200] Command (FillBuffer) enqueued: 0x1a61e850
:3:rocvirtual.cpp           :762 : 4393604314039 us: [pid:4164447 tid: 0x7fbf38fc0200] Arg0: void* buf = ptr:0x7fbcf6a00000
:3:rocvirtual.cpp           :778 : 4393604314047 us: [pid:4164447 tid: 0x7fbf38fc0200] Arg0: void* buf = ptr:0x7fbcf6a00000 obj:[0x7fbcf6a00000-0x7fbd13ec0000]
:3:rocvirtual.cpp           :762 : 4393604314055 us: [pid:4164447 tid: 0x7fbf38fc0200] Arg1: uchar* pattern = ptr:0x7fbf1ca00000
:3:rocvirtual.cpp           :853 : 4393604314063 us: [pid:4164447 tid: 0x7fbf38fc0200] Arg2: uint pattern_size = val:1
:3:rocvirtual.cpp           :853 : 4393604314068 us: [pid:4164447 tid: 0x7fbf38fc0200] Arg3: uint alignment = val:16
:3:rocvirtual.cpp           :853 : 4393604314073 us: [pid:4164447 tid: 0x7fbf38fc0200] Arg4: ulong end_ptr = val:140450059780096
:3:rocvirtual.cpp           :853 : 4393604314080 us: [pid:4164447 tid: 0x7fbf38fc0200] Arg5: uint next_chunk = val:26624
:3:rocvirtual.cpp           :3236: 4393604314085 us: [pid:4164447 tid: 0x7fbf38fc0200] ShaderName : __amd_rocclr_fillBufferAligned
:3:rocvirtual.cpp           :3449: 4393604314093 us: [pid:4164447 tid: 0x7fbf38fc0200] KernargSegmentByteSize = 296 KernargSegmentAlignment = 128
:4:rocvirtual.cpp           :965 : 4393604314105 us: [pid:4164447 tid: 0x7fbf38fc0200] SWq=0x7fbf2fd32000, HWq=0x7fbf1cc00000, id=1, Dispatch Header = 0x1502 (type=2, barrier=1, acquire=2, release=2), setup=1, grid=[26624, 1, 1], workgroup=[256, 1, 1], private_seg_size=0, group_seg_size=0, kernel_obj=0x7fbf2fd1dd40, kernarg_address=0x7fbf1ca00100, completion_signal=0x0, correlation_id=0, rptr=179, wptr=179
:3:hip_memory.cpp           :3477: 4393604314120 us: [pid:4164447 tid: 0x7fbf38fc0200] hipMemset: Returned hipSuccess : 
:3:hip_device_runtime.cpp   :641 : 4393604314126 us: [pid:4164447 tid: 0x7fbf38fc0200] [32m hipDeviceSynchronize (  ) [0m
:4:commandqueue.cpp         :161 : 4393604314132 us: [pid:4164447 tid: 0x7fbf38fc0200] Marker queued to ensure finish
:4:command.cpp              :359 : 4393604314137 us: [pid:4164447 tid: 0x7fbf38fc0200] Command (InternalMarker) enqueued: 0x19fabba0
:3:rocvirtual.cpp           :533 : 4393604314156 us: [pid:4164447 tid: 0x7fbf38fc0200] Set Handler: handle(0x7fbf2fbfc580), timestamp(0x1a895650)
:4:rocvirtual.cpp           :1147: 4393604314683 us: [pid:4164447 tid: 0x7fbf38fc0200] SWq=0x7fbf2fd32000, HWq=0x7fbf1cc00000, id=1, BarrierAND Header = 0x1503 (type=3, barrier=1, acquire=2, release=2), dep_signal=[0x0, 0x0, 0x0, 0x0, 0x0], completion_signal=0x7fbf2fbfc580
:4:commandqueue.cpp         :184 : 4393604314695 us: [pid:4164447 tid: 0x7fbf38fc0200] All commands finished
:3:rocvirtual.cpp           :226 : 4393604314700 us: [pid:4164447 tid: 0x7fbdffbff6c0] Handler: value(0), timestamp(0x19f11b10), handle(0x7fbf2fbfc580)
:3:hip_device_runtime.cpp   :645 : 4393604314702 us: [pid:4164447 tid: 0x7fbf38fc0200] hipDeviceSynchronize: Returned hipSuccess : 
:4:command.cpp              :169 : 4393604314721 us: [pid:4164447 tid: 0x7fbdffbff6c0] Command 0x1a61e850 complete
:3:hip_platform.cpp         :237 : 4393604314736 us: [pid:4164447 tid: 0x7fbf38fc0200] [32m __hipPushCallConfiguration ( {8,1,1}, {1024,1,1}, 0, stream:<null> ) [0m
:3:hip_platform.cpp         :241 : 4393604314754 us: [pid:4164447 tid: 0x7fbf38fc0200] __hipPushCallConfiguration: Returned hipSuccess : 
:4:command.cpp              :163 : 4393604314746 us: [pid:4164447 tid: 0x7fbdffbff6c0] Command 0x19fabba0 complete (Wall: 4393604314744, CPU: 0, GPU: 600 us)
:3:hip_platform.cpp         :246 : 4393604314765 us: [pid:4164447 tid: 0x7fbf38fc0200] [32m __hipPopCallConfiguration ( {1131604050,32703,1024}, {2118224,0,2169324560}, 0x7ffc814d4160, 0x7ffc814d4158 ) [0m
:3:hip_platform.cpp         :255 : 4393604314786 us: [pid:4164447 tid: 0x7fbf38fc0200] __hipPopCallConfiguration: Returned hipSuccess : 
:3:hip_module.cpp           :744 : 4393604315324 us: [pid:4164447 tid: 0x7fbf38fc0200] [32m hipLaunchKernel ( 0x200fd8, {8,1,1}, {1024,1,1}, 0x7ffc814d4110, 0, stream:<null> ) [0m
:4:command.cpp              :359 : 4393604315348 us: [pid:4164447 tid: 0x7fbf38fc0200] Command (KernelExecution) enqueued: 0x19f11890
:3:rocvirtual.cpp           :762 : 4393604315357 us: [pid:4164447 tid: 0x7fbf38fc0200] Arg0:   = ptr:0x7fbd14200000
:3:rocvirtual.cpp           :778 : 4393604315369 us: [pid:4164447 tid: 0x7fbf38fc0200] Arg0:   = ptr:0x7fbd14200000 obj:[0x7fbd14200000-0x7fbd316c0000]
:3:rocvirtual.cpp           :762 : 4393604315376 us: [pid:4164447 tid: 0x7fbf38fc0200] Arg1:   = ptr:0x7fbded427000
:3:rocvirtual.cpp           :778 : 4393604315381 us: [pid:4164447 tid: 0x7fbf38fc0200] Arg1:   = ptr:0x7fbded427000 obj:[0x7fbded427000-0x7fbded487000]
:3:rocvirtual.cpp           :762 : 4393604315389 us: [pid:4164447 tid: 0x7fbf38fc0200] Arg2:   = ptr:0x7fbcf6a00000
:3:rocvirtual.cpp           :778 : 4393604315394 us: [pid:4164447 tid: 0x7fbf38fc0200] Arg2:   = ptr:0x7fbcf6a00000 obj:[0x7fbcf6a00000-0x7fbd13ec0000]
:3:rocvirtual.cpp           :853 : 4393604315401 us: [pid:4164447 tid: 0x7fbf38fc0200] Arg3:   = val:12288
:3:rocvirtual.cpp           :762 : 4393604315406 us: [pid:4164447 tid: 0x7fbf38fc0200] Arg4:   = ptr:0x7fbded400000
:3:rocvirtual.cpp           :778 : 4393604315411 us: [pid:4164447 tid: 0x7fbf38fc0200] Arg4:   = ptr:0x7fbded400000 obj:[0x7fbded400000-0x7fbded400024]
:3:rocvirtual.cpp           :3236: 4393604315418 us: [pid:4164447 tid: 0x7fbf38fc0200] ShaderName : void dense_esuhm<float>(float const*, float const*, float*, int, int const*)
:3:rocvirtual.cpp           :3449: 4393604316013 us: [pid:4164447 tid: 0x7fbf38fc0200] KernargSegmentByteSize = 296 KernargSegmentAlignment = 128
:4:rocvirtual.cpp           :965 : 4393604316026 us: [pid:4164447 tid: 0x7fbf38fc0200] SWq=0x7fbf2fd32000, HWq=0x7fbf1cc00000, id=1, Dispatch Header = 0xb02 (type=2, barrier=1, acquire=1, release=1), setup=3, grid=[8192, 1, 1], workgroup=[1024, 1, 1], private_seg_size=140, group_seg_size=0, kernel_obj=0x7fbf2fcf1980, kernarg_address=0x7fbf1ca00280, completion_signal=0x0, correlation_id=0, rptr=181, wptr=181
:3:hip_module.cpp           :745 : 4393604316067 us: [pid:4164447 tid: 0x7fbf38fc0200] hipLaunchKernel: Returned hipSuccess : : duration: 743 us
:3:hip_device_runtime.cpp   :641 : 4393604316081 us: [pid:4164447 tid: 0x7fbf38fc0200] [32m hipDeviceSynchronize (  ) [0m
:4:commandqueue.cpp         :161 : 4393604316089 us: [pid:4164447 tid: 0x7fbf38fc0200] Marker queued to ensure finish
:4:command.cpp              :359 : 4393604316114 us: [pid:4164447 tid: 0x7fbf38fc0200] Command (InternalMarker) enqueued: 0x19fabba0
:3:rocvirtual.cpp           :533 : 4393604316132 us: [pid:4164447 tid: 0x7fbf38fc0200] Set Handler: handle(0x7fbf2fbfc600), timestamp(0x1a71ce10)
:4:rocvirtual.cpp           :1147: 4393604316140 us: [pid:4164447 tid: 0x7fbf38fc0200] SWq=0x7fbf2fd32000, HWq=0x7fbf1cc00000, id=1, BarrierAND Header = 0x1503 (type=3, barrier=1, acquire=2, release=2), dep_signal=[0x0, 0x0, 0x0, 0x0, 0x0], completion_signal=0x7fbf2fbfc600
:3:rocvirtual.hpp           :56  : 4393604316151 us: [pid:4164447 tid: 0x7fbf38fc0200] Host active wait for Signal = (0x7fbf2fbfc600) for -1 ns
:3:rocvirtual.cpp           :226 : 4393604316373 us: [pid:4164447 tid: 0x7fbdffbff6c0] Handler: value(0), timestamp(0x1a6e0610), handle(0x7fbf2fbfc600)
:4:commandqueue.cpp         :184 : 4393604316542 us: [pid:4164447 tid: 0x7fbf38fc0200] All commands finished
:4:command.cpp              :169 : 4393604316556 us: [pid:4164447 tid: 0x7fbdffbff6c0] Command 0x19f11890 complete
:3:hip_device_runtime.cpp   :645 : 4393604316572 us: [pid:4164447 tid: 0x7fbf38fc0200] hipDeviceSynchronize: Returned hipSuccess : 
:4:command.cpp              :163 : 4393604316584 us: [pid:4164447 tid: 0x7fbdffbff6c0] Command 0x19fabba0 complete (Wall: 4393604316581, CPU: 0, GPU: 456 us)
:3:hip_memory.cpp           :795 : 4393604316606 us: [pid:4164447 tid: 0x7fbf38fc0200] [32m hipMemcpy ( 0x7fbd8967e010, 0x7fbcf6a00000, 491520000, hipMemcpyDeviceToHost ) [0m
:4:command.cpp              :359 : 4393604317095 us: [pid:4164447 tid: 0x7fbf38fc0200] Command (CopyDeviceToHost) enqueued: 0x19f11890
:4:rocblit.cpp              :1673: 4393604317112 us: [pid:4164447 tid: 0x7fbf38fc0200] Unpinned read path, Async = 0
:4:rocmemory.cpp            :1018: 4393604317138 us: [pid:4164447 tid: 0x7fbf38fc0200] Locking to pool 0x19dc9ed0, size 0x2001000, HostPtr = 0x7fbd8967e000, DevPtr = 0x7fbd8967e000
:4:rocblit.cpp              :623 : 4393604317602 us: [pid:4164447 tid: 0x7fbf38fc0200] HSA Copy Using Pinned resource size 33554432
:4:rocblit.cpp              :687 : 4393604317609 us: [pid:4164447 tid: 0x7fbf38fc0200] HSA Async Copy staged D2H
:4:rocblit.cpp              :503 : 4393604317616 us: [pid:4164447 tid: 0x7fbf38fc0200] Last copy mask 0x0
:4:rocblit.cpp              :509 : 4393604317624 us: [pid:4164447 tid: 0x7fbf38fc0200] Query copy engine status 0, free_engine mask 0x1e
:4:rocblit.cpp              :520 : 4393604317632 us: [pid:4164447 tid: 0x7fbf38fc0200] HSA Async Copy on copy_engine=0x2, dst=0x7fbd8967e010, src=0x7fbcf6a00000, size=33554432, forceSDMA=0, wait_event=0x0, completion_signal=0x7fbf2fbfeb00
:4:rocvirtual.cpp           :622 : 4393604317643 us: [pid:4164447 tid: 0x7fbf38fc0200] Host wait on completion_signal=0x7fbf2fbfeb00
:3:rocvirtual.hpp           :56  : 4393604317652 us: [pid:4164447 tid: 0x7fbf38fc0200] Host active wait for Signal = (0x7fbf2fbfeb00) for -1 ns
:4:rocmemory.cpp            :1018: 4393604319296 us: [pid:4164447 tid: 0x7fbf38fc0200] Locking to pool 0x19dc9ed0, size 0x2001000, HostPtr = 0x7fbd8b67e000, DevPtr = 0x7fbd8b67e000
:4:rocblit.cpp              :623 : 4393604319307 us: [pid:4164447 tid: 0x7fbf38fc0200] HSA Copy Using Pinned resource size 33554432
:4:rocblit.cpp              :687 : 4393604319314 us: [pid:4164447 tid: 0x7fbf38fc0200] HSA Async Copy staged D2H
:4:rocblit.cpp              :503 : 4393604319319 us: [pid:4164447 tid: 0x7fbf38fc0200] Last copy mask 0x2
:4:rocblit.cpp              :520 : 4393604319324 us: [pid:4164447 tid: 0x7fbf38fc0200] HSA Async Copy on copy_engine=0x2, dst=0x7fbd8b67e010, src=0x7fbcf8a00000, size=33554432, forceSDMA=0, wait_event=0x0, completion_signal=0x7fbf2fbfe100
:4:rocvirtual.cpp           :622 : 4393604319333 us: [pid:4164447 tid: 0x7fbf38fc0200] Host wait on completion_signal=0x7fbf2fbfe100
:3:rocvirtual.hpp           :56  : 4393604319340 us: [pid:4164447 tid: 0x7fbf38fc0200] Host active wait for Signal = (0x7fbf2fbfe100) for -1 ns
:4:rocmemory.cpp            :1018: 4393604320536 us: [pid:4164447 tid: 0x7fbf38fc0200] Locking to pool 0x19dc9ed0, size 0x2001000, HostPtr = 0x7fbd8d67e000, DevPtr = 0x7fbd8d67e000
:4:rocblit.cpp              :623 : 4393604320548 us: [pid:4164447 tid: 0x7fbf38fc0200] HSA Copy Using Pinned resource size 33554432
:4:rocblit.cpp              :687 : 4393604320556 us: [pid:4164447 tid: 0x7fbf38fc0200] HSA Async Copy staged D2H
:4:rocblit.cpp              :503 : 4393604320561 us: [pid:4164447 tid: 0x7fbf38fc0200] Last copy mask 0x2
:4:rocblit.cpp              :520 : 4393604320566 us: [pid:4164447 tid: 0x7fbf38fc0200] HSA Async Copy on copy_engine=0x2, dst=0x7fbd8d67e010, src=0x7fbcfaa00000, size=33554432, forceSDMA=0, wait_event=0x0, completion_signal=0x7fbf2fbfe200
:4:rocvirtual.cpp           :622 : 4393604320575 us: [pid:4164447 tid: 0x7fbf38fc0200] Host wait on completion_signal=0x7fbf2fbfe200
:3:rocvirtual.hpp           :56  : 4393604320582 us: [pid:4164447 tid: 0x7fbf38fc0200] Host active wait for Signal = (0x7fbf2fbfe200) for -1 ns
:4:rocmemory.cpp            :1018: 4393604321778 us: [pid:4164447 tid: 0x7fbf38fc0200] Locking to pool 0x19dc9ed0, size 0x2001000, HostPtr = 0x7fbd8f67e000, DevPtr = 0x7fbd8f67e000
:4:rocblit.cpp              :623 : 4393604321789 us: [pid:4164447 tid: 0x7fbf38fc0200] HSA Copy Using Pinned resource size 33554432
:4:rocblit.cpp              :687 : 4393604321796 us: [pid:4164447 tid: 0x7fbf38fc0200] HSA Async Copy staged D2H
:4:rocblit.cpp              :503 : 4393604321801 us: [pid:4164447 tid: 0x7fbf38fc0200] Last copy mask 0x2
:4:rocblit.cpp              :520 : 4393604321806 us: [pid:4164447 tid: 0x7fbf38fc0200] HSA Async Copy on copy_engine=0x2, dst=0x7fbd8f67e010, src=0x7fbcfca00000, size=33554432, forceSDMA=0, wait_event=0x0, completion_signal=0x7fbf2fbfdb80
:4:rocvirtual.cpp           :622 : 4393604321814 us: [pid:4164447 tid: 0x7fbf38fc0200] Host wait on completion_signal=0x7fbf2fbfdb80
:3:rocvirtual.hpp           :56  : 4393604321825 us: [pid:4164447 tid: 0x7fbf38fc0200] Host active wait for Signal = (0x7fbf2fbfdb80) for -1 ns
:4:rocmemory.cpp            :1018: 4393604323017 us: [pid:4164447 tid: 0x7fbf38fc0200] Locking to pool 0x19dc9ed0, size 0x2001000, HostPtr = 0x7fbd9167e000, DevPtr = 0x7fbd9167e000
:4:rocblit.cpp              :623 : 4393604323028 us: [pid:4164447 tid: 0x7fbf38fc0200] HSA Copy Using Pinned resource size 33554432
:4:rocblit.cpp              :687 : 4393604323036 us: [pid:4164447 tid: 0x7fbf38fc0200] HSA Async Copy staged D2H
:4:rocblit.cpp              :503 : 4393604323040 us: [pid:4164447 tid: 0x7fbf38fc0200] Last copy mask 0x2
:4:rocblit.cpp              :520 : 4393604323045 us: [pid:4164447 tid: 0x7fbf38fc0200] HSA Async Copy on copy_engine=0x2, dst=0x7fbd9167e010, src=0x7fbcfea00000, size=33554432, forceSDMA=0, wait_event=0x0, completion_signal=0x7fbf2fbfda80
:4:rocvirtual.cpp           :622 : 4393604323054 us: [pid:4164447 tid: 0x7fbf38fc0200] Host wait on completion_signal=0x7fbf2fbfda80
:3:rocvirtual.hpp           :56  : 4393604323061 us: [pid:4164447 tid: 0x7fbf38fc0200] Host active wait for Signal = (0x7fbf2fbfda80) for -1 ns
:4:rocmemory.cpp            :1018: 4393604324262 us: [pid:4164447 tid: 0x7fbf38fc0200] Locking to pool 0x19dc9ed0, size 0x2001000, HostPtr = 0x7fbd9367e000, DevPtr = 0x7fbd9367e000
:4:rocblit.cpp              :623 : 4393604324272 us: [pid:4164447 tid: 0x7fbf38fc0200] HSA Copy Using Pinned resource size 33554432
:4:rocblit.cpp              :687 : 4393604324279 us: [pid:4164447 tid: 0x7fbf38fc0200] HSA Async Copy staged D2H
:4:rocblit.cpp              :503 : 4393604324284 us: [pid:4164447 tid: 0x7fbf38fc0200] Last copy mask 0x2
:4:rocblit.cpp              :520 : 4393604324289 us: [pid:4164447 tid: 0x7fbf38fc0200] HSA Async Copy on copy_engine=0x2, dst=0x7fbd9367e010, src=0x7fbd00a00000, size=33554432, forceSDMA=0, wait_event=0x0, completion_signal=0x7fbf2fbfd880
:4:rocvirtual.cpp           :622 : 4393604324297 us: [pid:4164447 tid: 0x7fbf38fc0200] Host wait on completion_signal=0x7fbf2fbfd880
:3:rocvirtual.hpp           :56  : 4393604324304 us: [pid:4164447 tid: 0x7fbf38fc0200] Host active wait for Signal = (0x7fbf2fbfd880) for -1 ns
:4:rocmemory.cpp            :1018: 4393604325498 us: [pid:4164447 tid: 0x7fbf38fc0200] Locking to pool 0x19dc9ed0, size 0x2001000, HostPtr = 0x7fbd9567e000, DevPtr = 0x7fbd9567e000
:4:rocblit.cpp              :623 : 4393604325507 us: [pid:4164447 tid: 0x7fbf38fc0200] HSA Copy Using Pinned resource size 33554432
:4:rocblit.cpp              :687 : 4393604325515 us: [pid:4164447 tid: 0x7fbf38fc0200] HSA Async Copy staged D2H
:4:rocblit.cpp              :503 : 4393604325520 us: [pid:4164447 tid: 0x7fbf38fc0200] Last copy mask 0x2
:4:rocblit.cpp              :520 : 4393604325525 us: [pid:4164447 tid: 0x7fbf38fc0200] HSA Async Copy on copy_engine=0x2, dst=0x7fbd9567e010, src=0x7fbd02a00000, size=33554432, forceSDMA=0, wait_event=0x0, completion_signal=0x7fbf2fbff780
:4:rocvirtual.cpp           :622 : 4393604325533 us: [pid:4164447 tid: 0x7fbf38fc0200] Host wait on completion_signal=0x7fbf2fbff780
:3:rocvirtual.hpp           :56  : 4393604325540 us: [pid:4164447 tid: 0x7fbf38fc0200] Host active wait for Signal = (0x7fbf2fbff780) for -1 ns
:4:rocmemory.cpp            :1018: 4393604326739 us: [pid:4164447 tid: 0x7fbf38fc0200] Locking to pool 0x19dc9ed0, size 0x2001000, HostPtr = 0x7fbd9767e000, DevPtr = 0x7fbd9767e000
:4:rocblit.cpp              :623 : 4393604326751 us: [pid:4164447 tid: 0x7fbf38fc0200] HSA Copy Using Pinned resource size 33554432
:4:rocblit.cpp              :687 : 4393604326758 us: [pid:4164447 tid: 0x7fbf38fc0200] HSA Async Copy staged D2H
:4:rocblit.cpp              :503 : 4393604326764 us: [pid:4164447 tid: 0x7fbf38fc0200] Last copy mask 0x2
:4:rocblit.cpp              :520 : 4393604326769 us: [pid:4164447 tid: 0x7fbf38fc0200] HSA Async Copy on copy_engine=0x2, dst=0x7fbd9767e010, src=0x7fbd04a00000, size=33554432, forceSDMA=0, wait_event=0x0, completion_signal=0x7fbf2fbfec00
:4:rocvirtual.cpp           :622 : 4393604326780 us: [pid:4164447 tid: 0x7fbf38fc0200] Host wait on completion_signal=0x7fbf2fbfec00
:3:rocvirtual.hpp           :56  : 4393604326787 us: [pid:4164447 tid: 0x7fbf38fc0200] Host active wait for Signal = (0x7fbf2fbfec00) for -1 ns
:4:rocmemory.cpp            :1018: 4393604327981 us: [pid:4164447 tid: 0x7fbf38fc0200] Locking to pool 0x19dc9ed0, size 0x2001000, HostPtr = 0x7fbd9967e000, DevPtr = 0x7fbd9967e000
:4:rocblit.cpp              :623 : 4393604327993 us: [pid:4164447 tid: 0x7fbf38fc0200] HSA Copy Using Pinned resource size 33554432
:4:rocblit.cpp              :687 : 4393604328008 us: [pid:4164447 tid: 0x7fbf38fc0200] HSA Async Copy staged D2H
:4:rocblit.cpp              :503 : 4393604328015 us: [pid:4164447 tid: 0x7fbf38fc0200] Last copy mask 0x2
:4:rocblit.cpp              :520 : 4393604328019 us: [pid:4164447 tid: 0x7fbf38fc0200] HSA Async Copy on copy_engine=0x2, dst=0x7fbd9967e010, src=0x7fbd06a00000, size=33554432, forceSDMA=0, wait_event=0x0, completion_signal=0x7fbf2fbfee80
:4:rocvirtual.cpp           :622 : 4393604328027 us: [pid:4164447 tid: 0x7fbf38fc0200] Host wait on completion_signal=0x7fbf2fbfee80
:3:rocvirtual.hpp           :56  : 4393604328035 us: [pid:4164447 tid: 0x7fbf38fc0200] Host active wait for Signal = (0x7fbf2fbfee80) for -1 ns
:4:rocmemory.cpp            :1018: 4393604329229 us: [pid:4164447 tid: 0x7fbf38fc0200] Locking to pool 0x19dc9ed0, size 0x2001000, HostPtr = 0x7fbd9b67e000, DevPtr = 0x7fbd9b67e000
:4:rocblit.cpp              :623 : 4393604329239 us: [pid:4164447 tid: 0x7fbf38fc0200] HSA Copy Using Pinned resource size 33554432
:4:rocblit.cpp              :687 : 4393604329246 us: [pid:4164447 tid: 0x7fbf38fc0200] HSA Async Copy staged D2H
:4:rocblit.cpp              :503 : 4393604329252 us: [pid:4164447 tid: 0x7fbf38fc0200] Last copy mask 0x2
:4:rocblit.cpp              :520 : 4393604329256 us: [pid:4164447 tid: 0x7fbf38fc0200] HSA Async Copy on copy_engine=0x2, dst=0x7fbd9b67e010, src=0x7fbd08a00000, size=33554432, forceSDMA=0, wait_event=0x0, completion_signal=0x7fbf2fbfee00
:4:rocvirtual.cpp           :622 : 4393604329264 us: [pid:4164447 tid: 0x7fbf38fc0200] Host wait on completion_signal=0x7fbf2fbfee00
:3:rocvirtual.hpp           :56  : 4393604329272 us: [pid:4164447 tid: 0x7fbf38fc0200] Host active wait for Signal = (0x7fbf2fbfee00) for -1 ns
:4:rocmemory.cpp            :1018: 4393604330465 us: [pid:4164447 tid: 0x7fbf38fc0200] Locking to pool 0x19dc9ed0, size 0x2001000, HostPtr = 0x7fbd9d67e000, DevPtr = 0x7fbd9d67e000
:4:rocblit.cpp              :623 : 4393604330475 us: [pid:4164447 tid: 0x7fbf38fc0200] HSA Copy Using Pinned resource size 33554432
:4:rocblit.cpp              :687 : 4393604330482 us: [pid:4164447 tid: 0x7fbf38fc0200] HSA Async Copy staged D2H
:4:rocblit.cpp              :503 : 4393604330487 us: [pid:4164447 tid: 0x7fbf38fc0200] Last copy mask 0x2
:4:rocblit.cpp              :520 : 4393604330491 us: [pid:4164447 tid: 0x7fbf38fc0200] HSA Async Copy on copy_engine=0x2, dst=0x7fbd9d67e010, src=0x7fbd0aa00000, size=33554432, forceSDMA=0, wait_event=0x0, completion_signal=0x7fbf2fbff480
:4:rocvirtual.cpp           :622 : 4393604330499 us: [pid:4164447 tid: 0x7fbf38fc0200] Host wait on completion_signal=0x7fbf2fbff480
:3:rocvirtual.hpp           :56  : 4393604330507 us: [pid:4164447 tid: 0x7fbf38fc0200] Host active wait for Signal = (0x7fbf2fbff480) for -1 ns
:4:rocmemory.cpp            :1018: 4393604331702 us: [pid:4164447 tid: 0x7fbf38fc0200] Locking to pool 0x19dc9ed0, size 0x2001000, HostPtr = 0x7fbd9f67e000, DevPtr = 0x7fbd9f67e000
:4:rocblit.cpp              :623 : 4393604331713 us: [pid:4164447 tid: 0x7fbf38fc0200] HSA Copy Using Pinned resource size 33554432
:4:rocblit.cpp              :687 : 4393604331721 us: [pid:4164447 tid: 0x7fbf38fc0200] HSA Async Copy staged D2H
:4:rocblit.cpp              :503 : 4393604331726 us: [pid:4164447 tid: 0x7fbf38fc0200] Last copy mask 0x2
:4:rocblit.cpp              :520 : 4393604331730 us: [pid:4164447 tid: 0x7fbf38fc0200] HSA Async Copy on copy_engine=0x2, dst=0x7fbd9f67e010, src=0x7fbd0ca00000, size=33554432, forceSDMA=0, wait_event=0x0, completion_signal=0x7fbf2fbfd900
:4:rocvirtual.cpp           :622 : 4393604331741 us: [pid:4164447 tid: 0x7fbf38fc0200] Host wait on completion_signal=0x7fbf2fbfd900
:3:rocvirtual.hpp           :56  : 4393604331749 us: [pid:4164447 tid: 0x7fbf38fc0200] Host active wait for Signal = (0x7fbf2fbfd900) for -1 ns
:4:rocmemory.cpp            :1018: 4393604332943 us: [pid:4164447 tid: 0x7fbf38fc0200] Locking to pool 0x19dc9ed0, size 0x2001000, HostPtr = 0x7fbda167e000, DevPtr = 0x7fbda167e000
:4:rocblit.cpp              :623 : 4393604332953 us: [pid:4164447 tid: 0x7fbf38fc0200] HSA Copy Using Pinned resource size 33554432
:4:rocblit.cpp              :687 : 4393604332960 us: [pid:4164447 tid: 0x7fbf38fc0200] HSA Async Copy staged D2H
:4:rocblit.cpp              :503 : 4393604332965 us: [pid:4164447 tid: 0x7fbf38fc0200] Last copy mask 0x2
:4:rocblit.cpp              :520 : 4393604332970 us: [pid:4164447 tid: 0x7fbf38fc0200] HSA Async Copy on copy_engine=0x2, dst=0x7fbda167e010, src=0x7fbd0ea00000, size=33554432, forceSDMA=0, wait_event=0x0, completion_signal=0x7fbf2fbfe280
:4:rocvirtual.cpp           :622 : 4393604332978 us: [pid:4164447 tid: 0x7fbf38fc0200] Host wait on completion_signal=0x7fbf2fbfe280
:3:rocvirtual.hpp           :56  : 4393604332985 us: [pid:4164447 tid: 0x7fbf38fc0200] Host active wait for Signal = (0x7fbf2fbfe280) for -1 ns
:4:rocmemory.cpp            :1018: 4393604334179 us: [pid:4164447 tid: 0x7fbf38fc0200] Locking to pool 0x19dc9ed0, size 0x2001000, HostPtr = 0x7fbda367e000, DevPtr = 0x7fbda367e000
:4:rocblit.cpp              :623 : 4393604334188 us: [pid:4164447 tid: 0x7fbf38fc0200] HSA Copy Using Pinned resource size 33554432
:4:rocblit.cpp              :687 : 4393604334196 us: [pid:4164447 tid: 0x7fbf38fc0200] HSA Async Copy staged D2H
:4:rocblit.cpp              :503 : 4393604334201 us: [pid:4164447 tid: 0x7fbf38fc0200] Last copy mask 0x2
:4:rocblit.cpp              :520 : 4393604334205 us: [pid:4164447 tid: 0x7fbf38fc0200] HSA Async Copy on copy_engine=0x2, dst=0x7fbda367e010, src=0x7fbd10a00000, size=33554432, forceSDMA=0, wait_event=0x0, completion_signal=0x7fbf2fbfe300
:4:rocvirtual.cpp           :622 : 4393604334213 us: [pid:4164447 tid: 0x7fbf38fc0200] Host wait on completion_signal=0x7fbf2fbfe300
:3:rocvirtual.hpp           :56  : 4393604334221 us: [pid:4164447 tid: 0x7fbf38fc0200] Host active wait for Signal = (0x7fbf2fbfe300) for -1 ns
:4:rocmemory.cpp            :1018: 4393604335414 us: [pid:4164447 tid: 0x7fbf38fc0200] Locking to pool 0x19dc9ed0, size 0x14c1000, HostPtr = 0x7fbda567e000, DevPtr = 0x7fbda567e000
:4:rocblit.cpp              :623 : 4393604335424 us: [pid:4164447 tid: 0x7fbf38fc0200] HSA Copy Using Pinned resource size 21757952
:4:rocblit.cpp              :687 : 4393604335431 us: [pid:4164447 tid: 0x7fbf38fc0200] HSA Async Copy staged D2H
:4:rocblit.cpp              :503 : 4393604335436 us: [pid:4164447 tid: 0x7fbf38fc0200] Last copy mask 0x2
:4:rocblit.cpp              :520 : 4393604335440 us: [pid:4164447 tid: 0x7fbf38fc0200] HSA Async Copy on copy_engine=0x2, dst=0x7fbda567e010, src=0x7fbd12a00000, size=21757952, forceSDMA=0, wait_event=0x0, completion_signal=0x7fbf2fbfe400
:4:rocvirtual.cpp           :622 : 4393604335448 us: [pid:4164447 tid: 0x7fbf38fc0200] Host wait on completion_signal=0x7fbf2fbfe400
:3:rocvirtual.hpp           :56  : 4393604335456 us: [pid:4164447 tid: 0x7fbf38fc0200] Host active wait for Signal = (0x7fbf2fbfe400) for -1 ns
:4:commandqueue.cpp         :161 : 4393604336229 us: [pid:4164447 tid: 0x7fbf38fc0200] Marker queued to ensure finish
:4:command.cpp              :359 : 4393604336236 us: [pid:4164447 tid: 0x7fbf38fc0200] Command (InternalMarker) enqueued: 0x19fabba0
:3:rocvirtual.cpp           :533 : 4393604336251 us: [pid:4164447 tid: 0x7fbf38fc0200] Set Handler: handle(0x7fbf2fbfc280), timestamp(0x1a4f9c20)
:4:rocvirtual.cpp           :1147: 4393604336261 us: [pid:4164447 tid: 0x7fbf38fc0200] SWq=0x7fbf2fd32000, HWq=0x7fbf1cc00000, id=1, BarrierAND Header = 0x1503 (type=3, barrier=1, acquire=2, release=2), dep_signal=[0x0, 0x0, 0x0, 0x0, 0x0], completion_signal=0x7fbf2fbfc280
:4:commandqueue.cpp         :184 : 4393604336275 us: [pid:4164447 tid: 0x7fbf38fc0200] All commands finished
:3:hip_memory.cpp           :796 : 4393604336281 us: [pid:4164447 tid: 0x7fbf38fc0200] hipMemcpy: Returned hipSuccess : : duration: 19675 us
:3:rocvirtual.cpp           :226 : 4393604336290 us: [pid:4164447 tid: 0x7fbdffbff6c0] Handler: value(0), timestamp(0x1a6e0610), handle(0x7fbf2fbfc280)
:3:hip_memory.cpp           :3476: 4393604336292 us: [pid:4164447 tid: 0x7fbf38fc0200] [32m hipMemset ( 0x7fbcf6a00000, 0, 491520000 ) [0m
:4:command.cpp              :359 : 4393604336335 us: [pid:4164447 tid: 0x7fbf38fc0200] Command (FillBuffer) enqueued: 0x1a61e850
:4:command.cpp              :169 : 4393604336321 us: [pid:4164447 tid: 0x7fbdffbff6c0] Command 0x19f11890 complete
:3:rocvirtual.cpp           :762 : 4393604336815 us: [pid:4164447 tid: 0x7fbf38fc0200] Arg0: void* buf = ptr:0x7fbcf6a00000
:3:rocvirtual.cpp           :778 : 4393604336854 us: [pid:4164447 tid: 0x7fbf38fc0200] Arg0: void* buf = ptr:0x7fbcf6a00000 obj:[0x7fbcf6a00000-0x7fbd13ec0000]
:3:rocvirtual.cpp           :762 : 4393604336866 us: [pid:4164447 tid: 0x7fbf38fc0200] Arg1: uchar* pattern = ptr:0x7fbf1ca00000
:3:rocvirtual.cpp           :853 : 4393604336875 us: [pid:4164447 tid: 0x7fbf38fc0200] Arg2: uint pattern_size = val:1
:3:rocvirtual.cpp           :853 : 4393604336882 us: [pid:4164447 tid: 0x7fbf38fc0200] Arg3: uint alignment = val:16
:3:rocvirtual.cpp           :853 : 4393604336889 us: [pid:4164447 tid: 0x7fbf38fc0200] Arg4: ulong end_ptr = val:140450059780096
:3:rocvirtual.cpp           :853 : 4393604336898 us: [pid:4164447 tid: 0x7fbf38fc0200] Arg5: uint next_chunk = val:26624
:3:rocvirtual.cpp           :3236: 4393604336903 us: [pid:4164447 tid: 0x7fbf38fc0200] ShaderName : __amd_rocclr_fillBufferAligned
:3:rocvirtual.cpp           :3449: 4393604336917 us: [pid:4164447 tid: 0x7fbf38fc0200] KernargSegmentByteSize = 296 KernargSegmentAlignment = 128
:4:rocvirtual.cpp           :965 : 4393604337271 us: [pid:4164447 tid: 0x7fbf38fc0200] SWq=0x7fbf2fd32000, HWq=0x7fbf1cc00000, id=1, Dispatch Header = 0x1502 (type=2, barrier=1, acquire=2, release=2), setup=1, grid=[26624, 1, 1], workgroup=[256, 1, 1], private_seg_size=0, group_seg_size=0, kernel_obj=0x7fbf2fd1dd40, kernarg_address=0x7fbf1ca00100, completion_signal=0x0, correlation_id=0, rptr=184, wptr=184
:3:hip_memory.cpp           :3477: 4393604337288 us: [pid:4164447 tid: 0x7fbf38fc0200] hipMemset: Returned hipSuccess : 
:3:hip_device_runtime.cpp   :641 : 4393604337296 us: [pid:4164447 tid: 0x7fbf38fc0200] [32m hipDeviceSynchronize (  ) [0m
:4:commandqueue.cpp         :161 : 4393604337304 us: [pid:4164447 tid: 0x7fbf38fc0200] Marker queued to ensure finish
:4:command.cpp              :359 : 4393604337311 us: [pid:4164447 tid: 0x7fbf38fc0200] Command (InternalMarker) enqueued: 0x1a61ec10
:4:command.cpp              :163 : 4393604336835 us: [pid:4164447 tid: 0x7fbdffbff6c0] Command 0x19fabba0 complete (Wall: 4393604336832, CPU: 0, GPU: 588 us)
:3:rocvirtual.cpp           :533 : 4393604337326 us: [pid:4164447 tid: 0x7fbf38fc0200] Set Handler: handle(0x7fbf2fbfc000), timestamp(0x19ec5c20)
:4:rocvirtual.cpp           :1147: 4393604337358 us: [pid:4164447 tid: 0x7fbf38fc0200] SWq=0x7fbf2fd32000, HWq=0x7fbf1cc00000, id=1, BarrierAND Header = 0x1503 (type=3, barrier=1, acquire=2, release=2), dep_signal=[0x0, 0x0, 0x0, 0x0, 0x0], completion_signal=0x7fbf2fbfc000
:3:rocvirtual.hpp           :56  : 4393604337370 us: [pid:4164447 tid: 0x7fbf38fc0200] Host active wait for Signal = (0x7fbf2fbfc000) for -1 ns
:4:commandqueue.cpp         :184 : 4393604337699 us: [pid:4164447 tid: 0x7fbf38fc0200] All commands finished
:3:rocvirtual.cpp           :226 : 4393604337702 us: [pid:4164447 tid: 0x7fbdffbff6c0] Handler: value(0), timestamp(0x1a62c310), handle(0x7fbf2fbfc000)
:4:command.cpp              :169 : 4393604337767 us: [pid:4164447 tid: 0x7fbdffbff6c0] Command 0x1a61e850 complete
:4:command.cpp              :163 : 4393604337781 us: [pid:4164447 tid: 0x7fbdffbff6c0] Command 0x1a61ec10 complete (Wall: 4393604337778, CPU: 0, GPU: 457 us)
:3:hip_device_runtime.cpp   :645 : 4393604337752 us: [pid:4164447 tid: 0x7fbf38fc0200] hipDeviceSynchronize: Returned hipSuccess : 
:3:hip_platform.cpp         :237 : 4393604337831 us: [pid:4164447 tid: 0x7fbf38fc0200] [32m __hipPushCallConfiguration ( {8,1,1}, {1024,1,1}, 0, stream:<null> ) [0m
:3:hip_platform.cpp         :241 : 4393604337840 us: [pid:4164447 tid: 0x7fbf38fc0200] __hipPushCallConfiguration: Returned hipSuccess : 
:3:hip_platform.cpp         :246 : 4393604337851 us: [pid:4164447 tid: 0x7fbf38fc0200] [32m __hipPopCallConfiguration ( {1131604050,32703,1024}, {2118224,0,2169324560}, 0x7ffc814d4160, 0x7ffc814d4158 ) [0m
:3:hip_platform.cpp         :255 : 4393604338171 us: [pid:4164447 tid: 0x7fbf38fc0200] __hipPopCallConfiguration: Returned hipSuccess : 
:3:hip_module.cpp           :744 : 4393604338183 us: [pid:4164447 tid: 0x7fbf38fc0200] [32m hipLaunchKernel ( 0x200fe0, {8,1,1}, {1024,1,1}, 0x7ffc814d4110, 0, stream:<null> ) [0m
:4:command.cpp              :359 : 4393604338200 us: [pid:4164447 tid: 0x7fbf38fc0200] Command (KernelExecution) enqueued: 0x19f11890
:3:rocvirtual.cpp           :762 : 4393604338210 us: [pid:4164447 tid: 0x7fbf38fc0200] Arg0:   = ptr:0x7fbd14200000
:3:rocvirtual.cpp           :778 : 4393604338215 us: [pid:4164447 tid: 0x7fbf38fc0200] Arg0:   = ptr:0x7fbd14200000 obj:[0x7fbd14200000-0x7fbd316c0000]
:3:rocvirtual.cpp           :762 : 4393604338222 us: [pid:4164447 tid: 0x7fbf38fc0200] Arg1:   = ptr:0x7fbded427000
:3:rocvirtual.cpp           :778 : 4393604338227 us: [pid:4164447 tid: 0x7fbf38fc0200] Arg1:   = ptr:0x7fbded427000 obj:[0x7fbded427000-0x7fbded487000]
:3:rocvirtual.cpp           :762 : 4393604338234 us: [pid:4164447 tid: 0x7fbf38fc0200] Arg2:   = ptr:0x7fbcf6a00000
:3:rocvirtual.cpp           :778 : 4393604338239 us: [pid:4164447 tid: 0x7fbf38fc0200] Arg2:   = ptr:0x7fbcf6a00000 obj:[0x7fbcf6a00000-0x7fbd13ec0000]
:3:rocvirtual.cpp           :853 : 4393604338246 us: [pid:4164447 tid: 0x7fbf38fc0200] Arg3:   = val:12288
:3:rocvirtual.cpp           :762 : 4393604338251 us: [pid:4164447 tid: 0x7fbf38fc0200] Arg4:   = ptr:0x7fbded400000
:3:rocvirtual.cpp           :778 : 4393604338256 us: [pid:4164447 tid: 0x7fbf38fc0200] Arg4:   = ptr:0x7fbded400000 obj:[0x7fbded400000-0x7fbded400024]
:3:rocvirtual.cpp           :3236: 4393604338264 us: [pid:4164447 tid: 0x7fbf38fc0200] ShaderName : void dense_esuhm2<float>(float const*, float const*, float*, int, int const*)
:3:rocvirtual.cpp           :3449: 4393604338702 us: [pid:4164447 tid: 0x7fbf38fc0200] KernargSegmentByteSize = 296 KernargSegmentAlignment = 128
:4:rocvirtual.cpp           :965 : 4393604338712 us: [pid:4164447 tid: 0x7fbf38fc0200] SWq=0x7fbf2fd32000, HWq=0x7fbf1cc00000, id=1, Dispatch Header = 0xb02 (type=2, barrier=1, acquire=1, release=1), setup=3, grid=[8192, 1, 1], workgroup=[1024, 1, 1], private_seg_size=140, group_seg_size=0, kernel_obj=0x7fbf2fcf19c0, kernarg_address=0x7fbf1ca00280, completion_signal=0x0, correlation_id=0, rptr=186, wptr=186
:3:hip_module.cpp           :745 : 4393604338726 us: [pid:4164447 tid: 0x7fbf38fc0200] hipLaunchKernel: Returned hipSuccess : : duration: 543 us
:3:hip_device_runtime.cpp   :641 : 4393604338734 us: [pid:4164447 tid: 0x7fbf38fc0200] [32m hipDeviceSynchronize (  ) [0m
:4:commandqueue.cpp         :161 : 4393604338740 us: [pid:4164447 tid: 0x7fbf38fc0200] Marker queued to ensure finish
:4:command.cpp              :359 : 4393604338744 us: [pid:4164447 tid: 0x7fbf38fc0200] Command (InternalMarker) enqueued: 0x19fabba0
:3:rocvirtual.cpp           :533 : 4393604338757 us: [pid:4164447 tid: 0x7fbf38fc0200] Set Handler: handle(0x7fbf2fbfc080), timestamp(0x1a4fa020)
:4:rocvirtual.cpp           :1147: 4393604338765 us: [pid:4164447 tid: 0x7fbf38fc0200] SWq=0x7fbf2fd32000, HWq=0x7fbf1cc00000, id=1, BarrierAND Header = 0x1503 (type=3, barrier=1, acquire=2, release=2), dep_signal=[0x0, 0x0, 0x0, 0x0, 0x0], completion_signal=0x7fbf2fbfc080
:3:rocvirtual.hpp           :56  : 4393604338775 us: [pid:4164447 tid: 0x7fbf38fc0200] Host active wait for Signal = (0x7fbf2fbfc080) for -1 ns
:4:commandqueue.cpp         :184 : 4393604338993 us: [pid:4164447 tid: 0x7fbf38fc0200] All commands finished
:3:hip_device_runtime.cpp   :645 : 4393604339239 us: [pid:4164447 tid: 0x7fbf38fc0200] hipDeviceSynchronize: Returned hipSuccess : 
:3:rocvirtual.cpp           :226 : 4393604338998 us: [pid:4164447 tid: 0x7fbdffbff6c0] Handler: value(0), timestamp(0x1a8952c0), handle(0x7fbf2fbfc080)
:3:hip_memory.cpp           :795 : 4393604339254 us: [pid:4164447 tid: 0x7fbf38fc0200] [32m hipMemcpy ( 0x7fbd6c1bd010, 0x7fbcf6a00000, 491520000, hipMemcpyDeviceToHost ) [0m
:4:command.cpp              :359 : 4393604339287 us: [pid:4164447 tid: 0x7fbf38fc0200] Command (CopyDeviceToHost) enqueued: 0x1a663f40
:4:rocblit.cpp              :1673: 4393604339297 us: [pid:4164447 tid: 0x7fbf38fc0200] Unpinned read path, Async = 0
:4:command.cpp              :169 : 4393604339271 us: [pid:4164447 tid: 0x7fbdffbff6c0] Command 0x19f11890 complete
:4:rocmemory.cpp            :1018: 4393604339314 us: [pid:4164447 tid: 0x7fbf38fc0200] Locking to pool 0x19dc9ed0, size 0x2001000, HostPtr = 0x7fbd6c1bd000, DevPtr = 0x7fbd6c1bd000
:4:rocblit.cpp              :623 : 4393604339325 us: [pid:4164447 tid: 0x7fbf38fc0200] HSA Copy Using Pinned resource size 33554432
:4:rocblit.cpp              :687 : 4393604339332 us: [pid:4164447 tid: 0x7fbf38fc0200] HSA Async Copy staged D2H
:4:rocblit.cpp              :503 : 4393604339337 us: [pid:4164447 tid: 0x7fbf38fc0200] Last copy mask 0x0
:4:command.cpp              :163 : 4393604339339 us: [pid:4164447 tid: 0x7fbdffbff6c0] Command 0x19fabba0 complete (Wall: 4393604339336, CPU: 0, GPU: 584 us)
:4:rocblit.cpp              :509 : 4393604339635 us: [pid:4164447 tid: 0x7fbf38fc0200] Query copy engine status 0, free_engine mask 0x1e
:4:rocblit.cpp              :520 : 4393604339665 us: [pid:4164447 tid: 0x7fbf38fc0200] HSA Async Copy on copy_engine=0x2, dst=0x7fbd6c1bd010, src=0x7fbcf6a00000, size=33554432, forceSDMA=0, wait_event=0x0, completion_signal=0x7fbf2fbfef00
:4:rocvirtual.cpp           :622 : 4393604339674 us: [pid:4164447 tid: 0x7fbf38fc0200] Host wait on completion_signal=0x7fbf2fbfef00
:3:rocvirtual.hpp           :56  : 4393604339682 us: [pid:4164447 tid: 0x7fbf38fc0200] Host active wait for Signal = (0x7fbf2fbfef00) for -1 ns
:4:rocmemory.cpp            :1018: 4393604340882 us: [pid:4164447 tid: 0x7fbf38fc0200] Locking to pool 0x19dc9ed0, size 0x2001000, HostPtr = 0x7fbd6e1bd000, DevPtr = 0x7fbd6e1bd000
:4:rocblit.cpp              :623 : 4393604340893 us: [pid:4164447 tid: 0x7fbf38fc0200] HSA Copy Using Pinned resource size 33554432
:4:rocblit.cpp              :687 : 4393604340901 us: [pid:4164447 tid: 0x7fbf38fc0200] HSA Async Copy staged D2H
:4:rocblit.cpp              :503 : 4393604340907 us: [pid:4164447 tid: 0x7fbf38fc0200] Last copy mask 0x2
:4:rocblit.cpp              :520 : 4393604340912 us: [pid:4164447 tid: 0x7fbf38fc0200] HSA Async Copy on copy_engine=0x2, dst=0x7fbd6e1bd010, src=0x7fbcf8a00000, size=33554432, forceSDMA=0, wait_event=0x0, completion_signal=0x7fbf2fbff800
:4:rocvirtual.cpp           :622 : 4393604340920 us: [pid:4164447 tid: 0x7fbf38fc0200] Host wait on completion_signal=0x7fbf2fbff800
:3:rocvirtual.hpp           :56  : 4393604340927 us: [pid:4164447 tid: 0x7fbf38fc0200] Host active wait for Signal = (0x7fbf2fbff800) for -1 ns
:4:rocmemory.cpp            :1018: 4393604342123 us: [pid:4164447 tid: 0x7fbf38fc0200] Locking to pool 0x19dc9ed0, size 0x2001000, HostPtr = 0x7fbd701bd000, DevPtr = 0x7fbd701bd000
:4:rocblit.cpp              :623 : 4393604342134 us: [pid:4164447 tid: 0x7fbf38fc0200] HSA Copy Using Pinned resource size 33554432
:4:rocblit.cpp              :687 : 4393604342141 us: [pid:4164447 tid: 0x7fbf38fc0200] HSA Async Copy staged D2H
:4:rocblit.cpp              :503 : 4393604342146 us: [pid:4164447 tid: 0x7fbf38fc0200] Last copy mask 0x2
:4:rocblit.cpp              :520 : 4393604342151 us: [pid:4164447 tid: 0x7fbf38fc0200] HSA Async Copy on copy_engine=0x2, dst=0x7fbd701bd010, src=0x7fbcfaa00000, size=33554432, forceSDMA=0, wait_event=0x0, completion_signal=0x7fbf2fbfe600
:4:rocvirtual.cpp           :622 : 4393604342170 us: [pid:4164447 tid: 0x7fbf38fc0200] Host wait on completion_signal=0x7fbf2fbfe600
:3:rocvirtual.hpp           :56  : 4393604342177 us: [pid:4164447 tid: 0x7fbf38fc0200] Host active wait for Signal = (0x7fbf2fbfe600) for -1 ns
:4:rocmemory.cpp            :1018: 4393604343380 us: [pid:4164447 tid: 0x7fbf38fc0200] Locking to pool 0x19dc9ed0, size 0x2001000, HostPtr = 0x7fbd721bd000, DevPtr = 0x7fbd721bd000
:4:rocblit.cpp              :623 : 4393604343391 us: [pid:4164447 tid: 0x7fbf38fc0200] HSA Copy Using Pinned resource size 33554432
:4:rocblit.cpp              :687 : 4393604343398 us: [pid:4164447 tid: 0x7fbf38fc0200] HSA Async Copy staged D2H
:4:rocblit.cpp              :503 : 4393604343403 us: [pid:4164447 tid: 0x7fbf38fc0200] Last copy mask 0x2
:4:rocblit.cpp              :520 : 4393604343408 us: [pid:4164447 tid: 0x7fbf38fc0200] HSA Async Copy on copy_engine=0x2, dst=0x7fbd721bd010, src=0x7fbcfca00000, size=33554432, forceSDMA=0, wait_event=0x0, completion_signal=0x7fbf2fbfef80
:4:rocvirtual.cpp           :622 : 4393604343416 us: [pid:4164447 tid: 0x7fbf38fc0200] Host wait on completion_signal=0x7fbf2fbfef80
:3:rocvirtual.hpp           :56  : 4393604343424 us: [pid:4164447 tid: 0x7fbf38fc0200] Host active wait for Signal = (0x7fbf2fbfef80) for -1 ns
:4:rocmemory.cpp            :1018: 4393604344622 us: [pid:4164447 tid: 0x7fbf38fc0200] Locking to pool 0x19dc9ed0, size 0x2001000, HostPtr = 0x7fbd741bd000, DevPtr = 0x7fbd741bd000
:4:rocblit.cpp              :623 : 4393604344635 us: [pid:4164447 tid: 0x7fbf38fc0200] HSA Copy Using Pinned resource size 33554432
:4:rocblit.cpp              :687 : 4393604344642 us: [pid:4164447 tid: 0x7fbf38fc0200] HSA Async Copy staged D2H
:4:rocblit.cpp              :503 : 4393604344647 us: [pid:4164447 tid: 0x7fbf38fc0200] Last copy mask 0x2
:4:rocblit.cpp              :520 : 4393604344652 us: [pid:4164447 tid: 0x7fbf38fc0200] HSA Async Copy on copy_engine=0x2, dst=0x7fbd741bd010, src=0x7fbcfea00000, size=33554432, forceSDMA=0, wait_event=0x0, completion_signal=0x7fbf2fbfda00
:4:rocvirtual.cpp           :622 : 4393604344660 us: [pid:4164447 tid: 0x7fbf38fc0200] Host wait on completion_signal=0x7fbf2fbfda00
:3:rocvirtual.hpp           :56  : 4393604344668 us: [pid:4164447 tid: 0x7fbf38fc0200] Host active wait for Signal = (0x7fbf2fbfda00) for -1 ns
:4:rocmemory.cpp            :1018: 4393604345873 us: [pid:4164447 tid: 0x7fbf38fc0200] Locking to pool 0x19dc9ed0, size 0x2001000, HostPtr = 0x7fbd761bd000, DevPtr = 0x7fbd761bd000
:4:rocblit.cpp              :623 : 4393604345905 us: [pid:4164447 tid: 0x7fbf38fc0200] HSA Copy Using Pinned resource size 33554432
:4:rocblit.cpp              :687 : 4393604345915 us: [pid:4164447 tid: 0x7fbf38fc0200] HSA Async Copy staged D2H
:4:rocblit.cpp              :503 : 4393604345923 us: [pid:4164447 tid: 0x7fbf38fc0200] Last copy mask 0x2
:4:rocblit.cpp              :520 : 4393604345930 us: [pid:4164447 tid: 0x7fbf38fc0200] HSA Async Copy on copy_engine=0x2, dst=0x7fbd761bd010, src=0x7fbd00a00000, size=33554432, forceSDMA=0, wait_event=0x0, completion_signal=0x7fbf2fbfdb00
:4:rocvirtual.cpp           :622 : 4393604345940 us: [pid:4164447 tid: 0x7fbf38fc0200] Host wait on completion_signal=0x7fbf2fbfdb00
:3:rocvirtual.hpp           :56  : 4393604345948 us: [pid:4164447 tid: 0x7fbf38fc0200] Host active wait for Signal = (0x7fbf2fbfdb00) for -1 ns
:4:rocmemory.cpp            :1018: 4393604347148 us: [pid:4164447 tid: 0x7fbf38fc0200] Locking to pool 0x19dc9ed0, size 0x2001000, HostPtr = 0x7fbd781bd000, DevPtr = 0x7fbd781bd000
:4:rocblit.cpp              :623 : 4393604347170 us: [pid:4164447 tid: 0x7fbf38fc0200] HSA Copy Using Pinned resource size 33554432
:4:rocblit.cpp              :687 : 4393604347178 us: [pid:4164447 tid: 0x7fbf38fc0200] HSA Async Copy staged D2H
:4:rocblit.cpp              :503 : 4393604347184 us: [pid:4164447 tid: 0x7fbf38fc0200] Last copy mask 0x2
:4:rocblit.cpp              :520 : 4393604347197 us: [pid:4164447 tid: 0x7fbf38fc0200] HSA Async Copy on copy_engine=0x2, dst=0x7fbd781bd010, src=0x7fbd02a00000, size=33554432, forceSDMA=0, wait_event=0x0, completion_signal=0x7fbf2fbfe500
:4:rocvirtual.cpp           :622 : 4393604347215 us: [pid:4164447 tid: 0x7fbf38fc0200] Host wait on completion_signal=0x7fbf2fbfe500
:3:rocvirtual.hpp           :56  : 4393604347226 us: [pid:4164447 tid: 0x7fbf38fc0200] Host active wait for Signal = (0x7fbf2fbfe500) for -1 ns
:4:rocmemory.cpp            :1018: 4393604348421 us: [pid:4164447 tid: 0x7fbf38fc0200] Locking to pool 0x19dc9ed0, size 0x2001000, HostPtr = 0x7fbd7a1bd000, DevPtr = 0x7fbd7a1bd000
:4:rocblit.cpp              :623 : 4393604348432 us: [pid:4164447 tid: 0x7fbf38fc0200] HSA Copy Using Pinned resource size 33554432
:4:rocblit.cpp              :687 : 4393604348440 us: [pid:4164447 tid: 0x7fbf38fc0200] HSA Async Copy staged D2H
:4:rocblit.cpp              :503 : 4393604348445 us: [pid:4164447 tid: 0x7fbf38fc0200] Last copy mask 0x2
:4:rocblit.cpp              :520 : 4393604348450 us: [pid:4164447 tid: 0x7fbf38fc0200] HSA Async Copy on copy_engine=0x2, dst=0x7fbd7a1bd010, src=0x7fbd04a00000, size=33554432, forceSDMA=0, wait_event=0x0, completion_signal=0x7fbf2fbff680
:4:rocvirtual.cpp           :622 : 4393604348459 us: [pid:4164447 tid: 0x7fbf38fc0200] Host wait on completion_signal=0x7fbf2fbff680
:3:rocvirtual.hpp           :56  : 4393604348466 us: [pid:4164447 tid: 0x7fbf38fc0200] Host active wait for Signal = (0x7fbf2fbff680) for -1 ns
:4:rocmemory.cpp            :1018: 4393604349667 us: [pid:4164447 tid: 0x7fbf38fc0200] Locking to pool 0x19dc9ed0, size 0x2001000, HostPtr = 0x7fbd7c1bd000, DevPtr = 0x7fbd7c1bd000
:4:rocblit.cpp              :623 : 4393604349680 us: [pid:4164447 tid: 0x7fbf38fc0200] HSA Copy Using Pinned resource size 33554432
:4:rocblit.cpp              :687 : 4393604349687 us: [pid:4164447 tid: 0x7fbf38fc0200] HSA Async Copy staged D2H
:4:rocblit.cpp              :503 : 4393604349697 us: [pid:4164447 tid: 0x7fbf38fc0200] Last copy mask 0x2
:4:rocblit.cpp              :520 : 4393604349703 us: [pid:4164447 tid: 0x7fbf38fc0200] HSA Async Copy on copy_engine=0x2, dst=0x7fbd7c1bd010, src=0x7fbd06a00000, size=33554432, forceSDMA=0, wait_event=0x0, completion_signal=0x7fbf2fbff180
:4:rocvirtual.cpp           :622 : 4393604349712 us: [pid:4164447 tid: 0x7fbf38fc0200] Host wait on completion_signal=0x7fbf2fbff180
:3:rocvirtual.hpp           :56  : 4393604349720 us: [pid:4164447 tid: 0x7fbf38fc0200] Host active wait for Signal = (0x7fbf2fbff180) for -1 ns
:4:rocmemory.cpp            :1018: 4393604350922 us: [pid:4164447 tid: 0x7fbf38fc0200] Locking to pool 0x19dc9ed0, size 0x2001000, HostPtr = 0x7fbd7e1bd000, DevPtr = 0x7fbd7e1bd000
:4:rocblit.cpp              :623 : 4393604350935 us: [pid:4164447 tid: 0x7fbf38fc0200] HSA Copy Using Pinned resource size 33554432
:4:rocblit.cpp              :687 : 4393604350942 us: [pid:4164447 tid: 0x7fbf38fc0200] HSA Async Copy staged D2H
:4:rocblit.cpp              :503 : 4393604350947 us: [pid:4164447 tid: 0x7fbf38fc0200] Last copy mask 0x2
:4:rocblit.cpp              :520 : 4393604350952 us: [pid:4164447 tid: 0x7fbf38fc0200] HSA Async Copy on copy_engine=0x2, dst=0x7fbd7e1bd010, src=0x7fbd08a00000, size=33554432, forceSDMA=0, wait_event=0x0, completion_signal=0x7fbf2fbff380
:4:rocvirtual.cpp           :622 : 4393604350966 us: [pid:4164447 tid: 0x7fbf38fc0200] Host wait on completion_signal=0x7fbf2fbff380
:3:rocvirtual.hpp           :56  : 4393604350975 us: [pid:4164447 tid: 0x7fbf38fc0200] Host active wait for Signal = (0x7fbf2fbff380) for -1 ns
:4:rocmemory.cpp            :1018: 4393604352175 us: [pid:4164447 tid: 0x7fbf38fc0200] Locking to pool 0x19dc9ed0, size 0x2001000, HostPtr = 0x7fbd801bd000, DevPtr = 0x7fbd801bd000
:4:rocblit.cpp              :623 : 4393604352189 us: [pid:4164447 tid: 0x7fbf38fc0200] HSA Copy Using Pinned resource size 33554432
:4:rocblit.cpp              :687 : 4393604352197 us: [pid:4164447 tid: 0x7fbf38fc0200] HSA Async Copy staged D2H
:4:rocblit.cpp              :503 : 4393604352207 us: [pid:4164447 tid: 0x7fbf38fc0200] Last copy mask 0x2
:4:rocblit.cpp              :520 : 4393604352216 us: [pid:4164447 tid: 0x7fbf38fc0200] HSA Async Copy on copy_engine=0x2, dst=0x7fbd801bd010, src=0x7fbd0aa00000, size=33554432, forceSDMA=0, wait_event=0x0, completion_signal=0x7fbf2fbff000
:4:rocvirtual.cpp           :622 : 4393604352225 us: [pid:4164447 tid: 0x7fbf38fc0200] Host wait on completion_signal=0x7fbf2fbff000
:3:rocvirtual.hpp           :56  : 4393604352232 us: [pid:4164447 tid: 0x7fbf38fc0200] Host active wait for Signal = (0x7fbf2fbff000) for -1 ns
:4:rocmemory.cpp            :1018: 4393604353428 us: [pid:4164447 tid: 0x7fbf38fc0200] Locking to pool 0x19dc9ed0, size 0x2001000, HostPtr = 0x7fbd821bd000, DevPtr = 0x7fbd821bd000
:4:rocblit.cpp              :623 : 4393604353438 us: [pid:4164447 tid: 0x7fbf38fc0200] HSA Copy Using Pinned resource size 33554432
:4:rocblit.cpp              :687 : 4393604353446 us: [pid:4164447 tid: 0x7fbf38fc0200] HSA Async Copy staged D2H
:4:rocblit.cpp              :503 : 4393604353452 us: [pid:4164447 tid: 0x7fbf38fc0200] Last copy mask 0x2
:4:rocblit.cpp              :520 : 4393604353457 us: [pid:4164447 tid: 0x7fbf38fc0200] HSA Async Copy on copy_engine=0x2, dst=0x7fbd821bd010, src=0x7fbd0ca00000, size=33554432, forceSDMA=0, wait_event=0x0, completion_signal=0x7fbf2fbff080
:4:rocvirtual.cpp           :622 : 4393604353465 us: [pid:4164447 tid: 0x7fbf38fc0200] Host wait on completion_signal=0x7fbf2fbff080
:3:rocvirtual.hpp           :56  : 4393604353472 us: [pid:4164447 tid: 0x7fbf38fc0200] Host active wait for Signal = (0x7fbf2fbff080) for -1 ns
:4:rocmemory.cpp            :1018: 4393604354667 us: [pid:4164447 tid: 0x7fbf38fc0200] Locking to pool 0x19dc9ed0, size 0x2001000, HostPtr = 0x7fbd841bd000, DevPtr = 0x7fbd841bd000
:4:rocblit.cpp              :623 : 4393604354677 us: [pid:4164447 tid: 0x7fbf38fc0200] HSA Copy Using Pinned resource size 33554432
:4:rocblit.cpp              :687 : 4393604354684 us: [pid:4164447 tid: 0x7fbf38fc0200] HSA Async Copy staged D2H
:4:rocblit.cpp              :503 : 4393604354689 us: [pid:4164447 tid: 0x7fbf38fc0200] Last copy mask 0x2
:4:rocblit.cpp              :520 : 4393604354695 us: [pid:4164447 tid: 0x7fbf38fc0200] HSA Async Copy on copy_engine=0x2, dst=0x7fbd841bd010, src=0x7fbd0ea00000, size=33554432, forceSDMA=0, wait_event=0x0, completion_signal=0x7fbf2fbfdd00
:4:rocvirtual.cpp           :622 : 4393604355155 us: [pid:4164447 tid: 0x7fbf38fc0200] Host wait on completion_signal=0x7fbf2fbfdd00
:3:rocvirtual.hpp           :56  : 4393604355163 us: [pid:4164447 tid: 0x7fbf38fc0200] Host active wait for Signal = (0x7fbf2fbfdd00) for -1 ns
:4:rocmemory.cpp            :1018: 4393604356359 us: [pid:4164447 tid: 0x7fbf38fc0200] Locking to pool 0x19dc9ed0, size 0x2001000, HostPtr = 0x7fbd861bd000, DevPtr = 0x7fbd861bd000
:4:rocblit.cpp              :623 : 4393604356369 us: [pid:4164447 tid: 0x7fbf38fc0200] HSA Copy Using Pinned resource size 33554432
:4:rocblit.cpp              :687 : 4393604356382 us: [pid:4164447 tid: 0x7fbf38fc0200] HSA Async Copy staged D2H
:4:rocblit.cpp              :503 : 4393604356389 us: [pid:4164447 tid: 0x7fbf38fc0200] Last copy mask 0x2
:4:rocblit.cpp              :520 : 4393604356400 us: [pid:4164447 tid: 0x7fbf38fc0200] HSA Async Copy on copy_engine=0x2, dst=0x7fbd861bd010, src=0x7fbd10a00000, size=33554432, forceSDMA=0, wait_event=0x0, completion_signal=0x7fbf2fbfeb80
:4:rocvirtual.cpp           :622 : 4393604356411 us: [pid:4164447 tid: 0x7fbf38fc0200] Host wait on completion_signal=0x7fbf2fbfeb80
:3:rocvirtual.hpp           :56  : 4393604356418 us: [pid:4164447 tid: 0x7fbf38fc0200] Host active wait for Signal = (0x7fbf2fbfeb80) for -1 ns
:4:rocmemory.cpp            :1018: 4393604357618 us: [pid:4164447 tid: 0x7fbf38fc0200] Locking to pool 0x19dc9ed0, size 0x14c1000, HostPtr = 0x7fbd881bd000, DevPtr = 0x7fbd881bd000
:4:rocblit.cpp              :623 : 4393604357633 us: [pid:4164447 tid: 0x7fbf38fc0200] HSA Copy Using Pinned resource size 21757952
:4:rocblit.cpp              :687 : 4393604357647 us: [pid:4164447 tid: 0x7fbf38fc0200] HSA Async Copy staged D2H
:4:rocblit.cpp              :503 : 4393604357666 us: [pid:4164447 tid: 0x7fbf38fc0200] Last copy mask 0x2
:4:rocblit.cpp              :520 : 4393604357672 us: [pid:4164447 tid: 0x7fbf38fc0200] HSA Async Copy on copy_engine=0x2, dst=0x7fbd881bd010, src=0x7fbd12a00000, size=21757952, forceSDMA=0, wait_event=0x0, completion_signal=0x7fbf2fbfed80
:4:rocvirtual.cpp           :622 : 4393604357991 us: [pid:4164447 tid: 0x7fbf38fc0200] Host wait on completion_signal=0x7fbf2fbfed80
:3:rocvirtual.hpp           :56  : 4393604357998 us: [pid:4164447 tid: 0x7fbf38fc0200] Host active wait for Signal = (0x7fbf2fbfed80) for -1 ns
:4:commandqueue.cpp         :161 : 4393604358777 us: [pid:4164447 tid: 0x7fbf38fc0200] Marker queued to ensure finish
:4:command.cpp              :359 : 4393604358785 us: [pid:4164447 tid: 0x7fbf38fc0200] Command (InternalMarker) enqueued: 0x19fabba0
:3:rocvirtual.cpp           :533 : 4393604358800 us: [pid:4164447 tid: 0x7fbf38fc0200] Set Handler: handle(0x7fbf2fbfd700), timestamp(0x1a5ae950)
:4:rocvirtual.cpp           :1147: 4393604358809 us: [pid:4164447 tid: 0x7fbf38fc0200] SWq=0x7fbf2fd32000, HWq=0x7fbf1cc00000, id=1, BarrierAND Header = 0x1503 (type=3, barrier=1, acquire=2, release=2), dep_signal=[0x0, 0x0, 0x0, 0x0, 0x0], completion_signal=0x7fbf2fbfd700
:3:rocvirtual.hpp           :56  : 4393604358821 us: [pid:4164447 tid: 0x7fbf38fc0200] Host active wait for Signal = (0x7fbf2fbfd700) for -1 ns
:4:commandqueue.cpp         :184 : 4393604358828 us: [pid:4164447 tid: 0x7fbf38fc0200] All commands finished
:3:hip_memory.cpp           :796 : 4393604358838 us: [pid:4164447 tid: 0x7fbf38fc0200] hipMemcpy: Returned hipSuccess : : duration: 19584 us
:3:hip_memory.cpp           :3476: 4393604358851 us: [pid:4164447 tid: 0x7fbf38fc0200] [32m hipMemset ( 0x7fbcf6a00000, 0, 491520000 ) [0m
:3:rocvirtual.cpp           :226 : 4393604358853 us: [pid:4164447 tid: 0x7fbdffbff6c0] Handler: value(0), timestamp(0x1a57c970), handle(0x7fbf2fbfd700)
:4:command.cpp              :359 : 4393604358864 us: [pid:4164447 tid: 0x7fbf38fc0200] Command (FillBuffer) enqueued: 0x1a61e850
:3:rocvirtual.cpp           :762 : 4393604359330 us: [pid:4164447 tid: 0x7fbf38fc0200] Arg0: void* buf = ptr:0x7fbcf6a00000
:3:rocvirtual.cpp           :778 : 4393604359335 us: [pid:4164447 tid: 0x7fbf38fc0200] Arg0: void* buf = ptr:0x7fbcf6a00000 obj:[0x7fbcf6a00000-0x7fbd13ec0000]
:3:rocvirtual.cpp           :762 : 4393604359350 us: [pid:4164447 tid: 0x7fbf38fc0200] Arg1: uchar* pattern = ptr:0x7fbf1ca00000
:3:rocvirtual.cpp           :853 : 4393604359361 us: [pid:4164447 tid: 0x7fbf38fc0200] Arg2: uint pattern_size = val:1
:3:rocvirtual.cpp           :853 : 4393604359368 us: [pid:4164447 tid: 0x7fbf38fc0200] Arg3: uint alignment = val:16
:4:command.cpp              :169 : 4393604359319 us: [pid:4164447 tid: 0x7fbdffbff6c0] Command 0x1a663f40 complete
:4:command.cpp              :163 : 4393604359388 us: [pid:4164447 tid: 0x7fbdffbff6c0] Command 0x19fabba0 complete (Wall: 4393604359386, CPU: 0, GPU: 593 us)
:3:rocvirtual.cpp           :853 : 4393604359389 us: [pid:4164447 tid: 0x7fbf38fc0200] Arg4: ulong end_ptr = val:140450059780096
:3:rocvirtual.cpp           :853 : 4393604359409 us: [pid:4164447 tid: 0x7fbf38fc0200] Arg5: uint next_chunk = val:26624
:3:rocvirtual.cpp           :3236: 4393604359414 us: [pid:4164447 tid: 0x7fbf38fc0200] ShaderName : __amd_rocclr_fillBufferAligned
:3:rocvirtual.cpp           :3449: 4393604359422 us: [pid:4164447 tid: 0x7fbf38fc0200] KernargSegmentByteSize = 296 KernargSegmentAlignment = 128
:4:rocvirtual.cpp           :965 : 4393604359431 us: [pid:4164447 tid: 0x7fbf38fc0200] SWq=0x7fbf2fd32000, HWq=0x7fbf1cc00000, id=1, Dispatch Header = 0x1502 (type=2, barrier=1, acquire=2, release=2), setup=1, grid=[26624, 1, 1], workgroup=[256, 1, 1], private_seg_size=0, group_seg_size=0, kernel_obj=0x7fbf2fd1dd40, kernarg_address=0x7fbf1ca00100, completion_signal=0x0, correlation_id=0, rptr=189, wptr=189
:3:hip_memory.cpp           :3477: 4393604359445 us: [pid:4164447 tid: 0x7fbf38fc0200] hipMemset: Returned hipSuccess : 
:3:hip_device_runtime.cpp   :641 : 4393604359454 us: [pid:4164447 tid: 0x7fbf38fc0200] [32m hipDeviceSynchronize (  ) [0m
:4:commandqueue.cpp         :161 : 4393604359460 us: [pid:4164447 tid: 0x7fbf38fc0200] Marker queued to ensure finish
:4:command.cpp              :359 : 4393604359465 us: [pid:4164447 tid: 0x7fbf38fc0200] Command (InternalMarker) enqueued: 0x19fabba0
:3:rocvirtual.cpp           :533 : 4393604359477 us: [pid:4164447 tid: 0x7fbf38fc0200] Set Handler: handle(0x7fbf2fbfbf00), timestamp(0x1a61e790)
:4:rocvirtual.cpp           :1147: 4393604359906 us: [pid:4164447 tid: 0x7fbf38fc0200] SWq=0x7fbf2fd32000, HWq=0x7fbf1cc00000, id=1, BarrierAND Header = 0x1503 (type=3, barrier=1, acquire=2, release=2), dep_signal=[0x0, 0x0, 0x0, 0x0, 0x0], completion_signal=0x7fbf2fbfbf00
:4:commandqueue.cpp         :184 : 4393604359937 us: [pid:4164447 tid: 0x7fbf38fc0200] All commands finished
:3:hip_device_runtime.cpp   :645 : 4393604359946 us: [pid:4164447 tid: 0x7fbf38fc0200] hipDeviceSynchronize: Returned hipSuccess : 
:3:rocvirtual.cpp           :226 : 4393604359918 us: [pid:4164447 tid: 0x7fbdffbff6c0] Handler: value(0), timestamp(0x1a61e6e0), handle(0x7fbf2fbfbf00)
:4:command.cpp              :169 : 4393604359966 us: [pid:4164447 tid: 0x7fbdffbff6c0] Command 0x1a61e850 complete
:3:hip_platform.cpp         :237 : 4393604359957 us: [pid:4164447 tid: 0x7fbf38fc0200] [32m __hipPushCallConfiguration ( {8,1,1}, {1024,1,1}, 0, stream:<null> ) [0m
:3:hip_platform.cpp         :241 : 4393604359985 us: [pid:4164447 tid: 0x7fbf38fc0200] __hipPushCallConfiguration: Returned hipSuccess : 
:4:command.cpp              :163 : 4393604359974 us: [pid:4164447 tid: 0x7fbdffbff6c0] Command 0x19fabba0 complete (Wall: 4393604359972, CPU: 0, GPU: 500 us)
:3:hip_platform.cpp         :246 : 4393604359997 us: [pid:4164447 tid: 0x7fbf38fc0200] [32m __hipPopCallConfiguration ( {1131604050,32703,1024}, {2118224,0,2169324560}, 0x7ffc814d4160, 0x7ffc814d4158 ) [0m
:3:hip_platform.cpp         :255 : 4393604360030 us: [pid:4164447 tid: 0x7fbf38fc0200] __hipPopCallConfiguration: Returned hipSuccess : 
:3:hip_module.cpp           :744 : 4393604360042 us: [pid:4164447 tid: 0x7fbf38fc0200] [32m hipLaunchKernel ( 0x200fe8, {8,1,1}, {1024,1,1}, 0x7ffc814d4110, 0, stream:<null> ) [0m
:4:command.cpp              :359 : 4393604360408 us: [pid:4164447 tid: 0x7fbf38fc0200] Command (KernelExecution) enqueued: 0x19f11890
:3:rocvirtual.cpp           :762 : 4393604360418 us: [pid:4164447 tid: 0x7fbf38fc0200] Arg0:   = ptr:0x7fbd14200000
:3:rocvirtual.cpp           :778 : 4393604360423 us: [pid:4164447 tid: 0x7fbf38fc0200] Arg0:   = ptr:0x7fbd14200000 obj:[0x7fbd14200000-0x7fbd316c0000]
:3:rocvirtual.cpp           :762 : 4393604360430 us: [pid:4164447 tid: 0x7fbf38fc0200] Arg1:   = ptr:0x7fbded427000
:3:rocvirtual.cpp           :778 : 4393604360435 us: [pid:4164447 tid: 0x7fbf38fc0200] Arg1:   = ptr:0x7fbded427000 obj:[0x7fbded427000-0x7fbded487000]
:3:rocvirtual.cpp           :762 : 4393604360442 us: [pid:4164447 tid: 0x7fbf38fc0200] Arg2:   = ptr:0x7fbcf6a00000
:3:rocvirtual.cpp           :778 : 4393604360453 us: [pid:4164447 tid: 0x7fbf38fc0200] Arg2:   = ptr:0x7fbcf6a00000 obj:[0x7fbcf6a00000-0x7fbd13ec0000]
:3:rocvirtual.cpp           :853 : 4393604360468 us: [pid:4164447 tid: 0x7fbf38fc0200] Arg3:   = val:12288
:3:rocvirtual.cpp           :762 : 4393604360475 us: [pid:4164447 tid: 0x7fbf38fc0200] Arg4:   = ptr:0x7fbded400000
:3:rocvirtual.cpp           :778 : 4393604360480 us: [pid:4164447 tid: 0x7fbf38fc0200] Arg4:   = ptr:0x7fbded400000 obj:[0x7fbded400000-0x7fbded400024]
:3:rocvirtual.cpp           :3236: 4393604360487 us: [pid:4164447 tid: 0x7fbf38fc0200] ShaderName : void dense_esuhm3<float>(float const*, float const*, float*, int, int const*)
:3:rocvirtual.cpp           :3449: 4393604360497 us: [pid:4164447 tid: 0x7fbf38fc0200] KernargSegmentByteSize = 296 KernargSegmentAlignment = 128
:4:rocvirtual.cpp           :965 : 4393604360506 us: [pid:4164447 tid: 0x7fbf38fc0200] SWq=0x7fbf2fd32000, HWq=0x7fbf1cc00000, id=1, Dispatch Header = 0xb02 (type=2, barrier=1, acquire=1, release=1), setup=3, grid=[8192, 1, 1], workgroup=[1024, 1, 1], private_seg_size=140, group_seg_size=0, kernel_obj=0x7fbf2fcf1a00, kernarg_address=0x7fbf1ca00280, completion_signal=0x0, correlation_id=0, rptr=191, wptr=191
:3:hip_module.cpp           :745 : 4393604360524 us: [pid:4164447 tid: 0x7fbf38fc0200] hipLaunchKernel: Returned hipSuccess : : duration: 482 us
:3:hip_device_runtime.cpp   :641 : 4393604360532 us: [pid:4164447 tid: 0x7fbf38fc0200] [32m hipDeviceSynchronize (  ) [0m
:4:commandqueue.cpp         :161 : 4393604360543 us: [pid:4164447 tid: 0x7fbf38fc0200] Marker queued to ensure finish
:4:command.cpp              :359 : 4393604360921 us: [pid:4164447 tid: 0x7fbf38fc0200] Command (InternalMarker) enqueued: 0x19fabba0
:3:rocvirtual.cpp           :533 : 4393604360933 us: [pid:4164447 tid: 0x7fbf38fc0200] Set Handler: handle(0x7fbf2fbfbe80), timestamp(0x1a61eb00)
:4:rocvirtual.cpp           :1147: 4393604361338 us: [pid:4164447 tid: 0x7fbf38fc0200] SWq=0x7fbf2fd32000, HWq=0x7fbf1cc00000, id=1, BarrierAND Header = 0x1503 (type=3, barrier=1, acquire=2, release=2), dep_signal=[0x0, 0x0, 0x0, 0x0, 0x0], completion_signal=0x7fbf2fbfbe80
:3:rocvirtual.cpp           :226 : 4393604361341 us: [pid:4164447 tid: 0x7fbdffbff6c0] Handler: value(0), timestamp(0x1a6f0510), handle(0x7fbf2fbfbe80)
:4:command.cpp              :169 : 4393604361374 us: [pid:4164447 tid: 0x7fbdffbff6c0] Command 0x19f11890 complete
:4:commandqueue.cpp         :184 : 4393604361361 us: [pid:4164447 tid: 0x7fbf38fc0200] All commands finished
:4:command.cpp              :163 : 4393604361383 us: [pid:4164447 tid: 0x7fbdffbff6c0] Command 0x19fabba0 complete (Wall: 4393604361381, CPU: 0, GPU: 453 us)
:3:hip_device_runtime.cpp   :645 : 4393604361401 us: [pid:4164447 tid: 0x7fbf38fc0200] hipDeviceSynchronize: Returned hipSuccess : 
:3:hip_memory.cpp           :795 : 4393604361435 us: [pid:4164447 tid: 0x7fbf38fc0200] [32m hipMemcpy ( 0x7fbd4ecfc010, 0x7fbcf6a00000, 491520000, hipMemcpyDeviceToHost ) [0m
:4:command.cpp              :359 : 4393604361455 us: [pid:4164447 tid: 0x7fbf38fc0200] Command (CopyDeviceToHost) enqueued: 0x19f11890
:4:rocblit.cpp              :1673: 4393604361467 us: [pid:4164447 tid: 0x7fbf38fc0200] Unpinned read path, Async = 0
:4:rocmemory.cpp            :1018: 4393604361909 us: [pid:4164447 tid: 0x7fbf38fc0200] Locking to pool 0x19dc9ed0, size 0x2001000, HostPtr = 0x7fbd4ecfc000, DevPtr = 0x7fbd4ecfc000
:4:rocblit.cpp              :623 : 4393604361921 us: [pid:4164447 tid: 0x7fbf38fc0200] HSA Copy Using Pinned resource size 33554432
:4:rocblit.cpp              :687 : 4393604361930 us: [pid:4164447 tid: 0x7fbf38fc0200] HSA Async Copy staged D2H
:4:rocblit.cpp              :503 : 4393604361936 us: [pid:4164447 tid: 0x7fbf38fc0200] Last copy mask 0x0
:4:rocblit.cpp              :509 : 4393604361952 us: [pid:4164447 tid: 0x7fbf38fc0200] Query copy engine status 0, free_engine mask 0x1e
:4:rocblit.cpp              :520 : 4393604361962 us: [pid:4164447 tid: 0x7fbf38fc0200] HSA Async Copy on copy_engine=0x2, dst=0x7fbd4ecfc010, src=0x7fbcf6a00000, size=33554432, forceSDMA=0, wait_event=0x0, completion_signal=0x7fbf2fbfe480
:4:rocvirtual.cpp           :622 : 4393604361973 us: [pid:4164447 tid: 0x7fbf38fc0200] Host wait on completion_signal=0x7fbf2fbfe480
:3:rocvirtual.hpp           :56  : 4393604361981 us: [pid:4164447 tid: 0x7fbf38fc0200] Host active wait for Signal = (0x7fbf2fbfe480) for -1 ns
:4:rocmemory.cpp            :1018: 4393604363178 us: [pid:4164447 tid: 0x7fbf38fc0200] Locking to pool 0x19dc9ed0, size 0x2001000, HostPtr = 0x7fbd50cfc000, DevPtr = 0x7fbd50cfc000
:4:rocblit.cpp              :623 : 4393604363192 us: [pid:4164447 tid: 0x7fbf38fc0200] HSA Copy Using Pinned resource size 33554432
:4:rocblit.cpp              :687 : 4393604363199 us: [pid:4164447 tid: 0x7fbf38fc0200] HSA Async Copy staged D2H
:4:rocblit.cpp              :503 : 4393604363204 us: [pid:4164447 tid: 0x7fbf38fc0200] Last copy mask 0x2
:4:rocblit.cpp              :520 : 4393604363209 us: [pid:4164447 tid: 0x7fbf38fc0200] HSA Async Copy on copy_engine=0x2, dst=0x7fbd50cfc010, src=0x7fbcf8a00000, size=33554432, forceSDMA=0, wait_event=0x0, completion_signal=0x7fbf2fbfe680
:4:rocvirtual.cpp           :622 : 4393604363222 us: [pid:4164447 tid: 0x7fbf38fc0200] Host wait on completion_signal=0x7fbf2fbfe680
:3:rocvirtual.hpp           :56  : 4393604363229 us: [pid:4164447 tid: 0x7fbf38fc0200] Host active wait for Signal = (0x7fbf2fbfe680) for -1 ns
:4:rocmemory.cpp            :1018: 4393604364425 us: [pid:4164447 tid: 0x7fbf38fc0200] Locking to pool 0x19dc9ed0, size 0x2001000, HostPtr = 0x7fbd52cfc000, DevPtr = 0x7fbd52cfc000
:4:rocblit.cpp              :623 : 4393604364436 us: [pid:4164447 tid: 0x7fbf38fc0200] HSA Copy Using Pinned resource size 33554432
:4:rocblit.cpp              :687 : 4393604364444 us: [pid:4164447 tid: 0x7fbf38fc0200] HSA Async Copy staged D2H
:4:rocblit.cpp              :503 : 4393604364449 us: [pid:4164447 tid: 0x7fbf38fc0200] Last copy mask 0x2
:4:rocblit.cpp              :520 : 4393604364454 us: [pid:4164447 tid: 0x7fbf38fc0200] HSA Async Copy on copy_engine=0x2, dst=0x7fbd52cfc010, src=0x7fbcfaa00000, size=33554432, forceSDMA=0, wait_event=0x0, completion_signal=0x7fbf2fbfe880
:4:rocvirtual.cpp           :622 : 4393604364462 us: [pid:4164447 tid: 0x7fbf38fc0200] Host wait on completion_signal=0x7fbf2fbfe880
:3:rocvirtual.hpp           :56  : 4393604364469 us: [pid:4164447 tid: 0x7fbf38fc0200] Host active wait for Signal = (0x7fbf2fbfe880) for -1 ns
:4:rocmemory.cpp            :1018: 4393604365664 us: [pid:4164447 tid: 0x7fbf38fc0200] Locking to pool 0x19dc9ed0, size 0x2001000, HostPtr = 0x7fbd54cfc000, DevPtr = 0x7fbd54cfc000
:4:rocblit.cpp              :623 : 4393604368073 us: [pid:4164447 tid: 0x7fbf38fc0200] HSA Copy Using Pinned resource size 33554432
:4:rocblit.cpp              :687 : 4393604368080 us: [pid:4164447 tid: 0x7fbf38fc0200] HSA Async Copy staged D2H
:4:rocblit.cpp              :503 : 4393604368085 us: [pid:4164447 tid: 0x7fbf38fc0200] Last copy mask 0x2
:4:rocblit.cpp              :520 : 4393604368090 us: [pid:4164447 tid: 0x7fbf38fc0200] HSA Async Copy on copy_engine=0x2, dst=0x7fbd54cfc010, src=0x7fbcfca00000, size=33554432, forceSDMA=0, wait_event=0x0, completion_signal=0x7fbf2fbfe780
:4:rocvirtual.cpp           :622 : 4393604368098 us: [pid:4164447 tid: 0x7fbf38fc0200] Host wait on completion_signal=0x7fbf2fbfe780
:3:rocvirtual.hpp           :56  : 4393604368105 us: [pid:4164447 tid: 0x7fbf38fc0200] Host active wait for Signal = (0x7fbf2fbfe780) for -1 ns
:4:rocmemory.cpp            :1018: 4393604369344 us: [pid:4164447 tid: 0x7fbf38fc0200] Locking to pool 0x19dc9ed0, size 0x2001000, HostPtr = 0x7fbd56cfc000, DevPtr = 0x7fbd56cfc000
:4:rocblit.cpp              :623 : 4393604369353 us: [pid:4164447 tid: 0x7fbf38fc0200] HSA Copy Using Pinned resource size 33554432
:4:rocblit.cpp              :687 : 4393604369361 us: [pid:4164447 tid: 0x7fbf38fc0200] HSA Async Copy staged D2H
:4:rocblit.cpp              :503 : 4393604369366 us: [pid:4164447 tid: 0x7fbf38fc0200] Last copy mask 0x2
:4:rocblit.cpp              :520 : 4393604369371 us: [pid:4164447 tid: 0x7fbf38fc0200] HSA Async Copy on copy_engine=0x2, dst=0x7fbd56cfc010, src=0x7fbcfea00000, size=33554432, forceSDMA=0, wait_event=0x0, completion_signal=0x7fbf2fbfe580
:4:rocvirtual.cpp           :622 : 4393604369379 us: [pid:4164447 tid: 0x7fbf38fc0200] Host wait on completion_signal=0x7fbf2fbfe580
:3:rocvirtual.hpp           :56  : 4393604369386 us: [pid:4164447 tid: 0x7fbf38fc0200] Host active wait for Signal = (0x7fbf2fbfe580) for -1 ns
:4:rocmemory.cpp            :1018: 4393604370583 us: [pid:4164447 tid: 0x7fbf38fc0200] Locking to pool 0x19dc9ed0, size 0x2001000, HostPtr = 0x7fbd58cfc000, DevPtr = 0x7fbd58cfc000
:4:rocblit.cpp              :623 : 4393604370603 us: [pid:4164447 tid: 0x7fbf38fc0200] HSA Copy Using Pinned resource size 33554432
:4:rocblit.cpp              :687 : 4393604370613 us: [pid:4164447 tid: 0x7fbf38fc0200] HSA Async Copy staged D2H
:4:rocblit.cpp              :503 : 4393604370620 us: [pid:4164447 tid: 0x7fbf38fc0200] Last copy mask 0x2
:4:rocblit.cpp              :520 : 4393604370635 us: [pid:4164447 tid: 0x7fbf38fc0200] HSA Async Copy on copy_engine=0x2, dst=0x7fbd58cfc010, src=0x7fbd00a00000, size=33554432, forceSDMA=0, wait_event=0x0, completion_signal=0x7fbf2fbfdf00
:4:rocvirtual.cpp           :622 : 4393604370646 us: [pid:4164447 tid: 0x7fbf38fc0200] Host wait on completion_signal=0x7fbf2fbfdf00
:3:rocvirtual.hpp           :56  : 4393604370653 us: [pid:4164447 tid: 0x7fbf38fc0200] Host active wait for Signal = (0x7fbf2fbfdf00) for -1 ns
:4:rocmemory.cpp            :1018: 4393604371853 us: [pid:4164447 tid: 0x7fbf38fc0200] Locking to pool 0x19dc9ed0, size 0x2001000, HostPtr = 0x7fbd5acfc000, DevPtr = 0x7fbd5acfc000
:4:rocblit.cpp              :623 : 4393604371866 us: [pid:4164447 tid: 0x7fbf38fc0200] HSA Copy Using Pinned resource size 33554432
:4:rocblit.cpp              :687 : 4393604371874 us: [pid:4164447 tid: 0x7fbf38fc0200] HSA Async Copy staged D2H
:4:rocblit.cpp              :503 : 4393604371880 us: [pid:4164447 tid: 0x7fbf38fc0200] Last copy mask 0x2
:4:rocblit.cpp              :520 : 4393604371884 us: [pid:4164447 tid: 0x7fbf38fc0200] HSA Async Copy on copy_engine=0x2, dst=0x7fbd5acfc010, src=0x7fbd02a00000, size=33554432, forceSDMA=0, wait_event=0x0, completion_signal=0x7fbf2fbfe900
:4:rocvirtual.cpp           :622 : 4393604372258 us: [pid:4164447 tid: 0x7fbf38fc0200] Host wait on completion_signal=0x7fbf2fbfe900
:3:rocvirtual.hpp           :56  : 4393604372266 us: [pid:4164447 tid: 0x7fbf38fc0200] Host active wait for Signal = (0x7fbf2fbfe900) for -1 ns
:4:rocmemory.cpp            :1018: 4393604373483 us: [pid:4164447 tid: 0x7fbf38fc0200] Locking to pool 0x19dc9ed0, size 0x2001000, HostPtr = 0x7fbd5ccfc000, DevPtr = 0x7fbd5ccfc000
:4:rocblit.cpp              :623 : 4393604373507 us: [pid:4164447 tid: 0x7fbf38fc0200] HSA Copy Using Pinned resource size 33554432
:4:rocblit.cpp              :687 : 4393604373516 us: [pid:4164447 tid: 0x7fbf38fc0200] HSA Async Copy staged D2H
:4:rocblit.cpp              :503 : 4393604373522 us: [pid:4164447 tid: 0x7fbf38fc0200] Last copy mask 0x2
:4:rocblit.cpp              :520 : 4393604373527 us: [pid:4164447 tid: 0x7fbf38fc0200] HSA Async Copy on copy_engine=0x2, dst=0x7fbd5ccfc010, src=0x7fbd04a00000, size=33554432, forceSDMA=0, wait_event=0x0, completion_signal=0x7fbf2fbfd980
:4:rocvirtual.cpp           :622 : 4393604373535 us: [pid:4164447 tid: 0x7fbf38fc0200] Host wait on completion_signal=0x7fbf2fbfd980
:3:rocvirtual.hpp           :56  : 4393604373542 us: [pid:4164447 tid: 0x7fbf38fc0200] Host active wait for Signal = (0x7fbf2fbfd980) for -1 ns
:4:rocmemory.cpp            :1018: 4393604374738 us: [pid:4164447 tid: 0x7fbf38fc0200] Locking to pool 0x19dc9ed0, size 0x2001000, HostPtr = 0x7fbd5ecfc000, DevPtr = 0x7fbd5ecfc000
:4:rocblit.cpp              :623 : 4393604374748 us: [pid:4164447 tid: 0x7fbf38fc0200] HSA Copy Using Pinned resource size 33554432
:4:rocblit.cpp              :687 : 4393604374756 us: [pid:4164447 tid: 0x7fbf38fc0200] HSA Async Copy staged D2H
:4:rocblit.cpp              :503 : 4393604374761 us: [pid:4164447 tid: 0x7fbf38fc0200] Last copy mask 0x2
:4:rocblit.cpp              :520 : 4393604374765 us: [pid:4164447 tid: 0x7fbf38fc0200] HSA Async Copy on copy_engine=0x2, dst=0x7fbd5ecfc010, src=0x7fbd06a00000, size=33554432, forceSDMA=0, wait_event=0x0, completion_signal=0x7fbf2fbfde00
:4:rocvirtual.cpp           :622 : 4393604374773 us: [pid:4164447 tid: 0x7fbf38fc0200] Host wait on completion_signal=0x7fbf2fbfde00
:3:rocvirtual.hpp           :56  : 4393604374781 us: [pid:4164447 tid: 0x7fbf38fc0200] Host active wait for Signal = (0x7fbf2fbfde00) for -1 ns
:4:rocmemory.cpp            :1018: 4393604375976 us: [pid:4164447 tid: 0x7fbf38fc0200] Locking to pool 0x19dc9ed0, size 0x2001000, HostPtr = 0x7fbd60cfc000, DevPtr = 0x7fbd60cfc000
:4:rocblit.cpp              :623 : 4393604375986 us: [pid:4164447 tid: 0x7fbf38fc0200] HSA Copy Using Pinned resource size 33554432
:4:rocblit.cpp              :687 : 4393604375993 us: [pid:4164447 tid: 0x7fbf38fc0200] HSA Async Copy staged D2H
:4:rocblit.cpp              :503 : 4393604376011 us: [pid:4164447 tid: 0x7fbf38fc0200] Last copy mask 0x2
:4:rocblit.cpp              :520 : 4393604376016 us: [pid:4164447 tid: 0x7fbf38fc0200] HSA Async Copy on copy_engine=0x2, dst=0x7fbd60cfc010, src=0x7fbd08a00000, size=33554432, forceSDMA=0, wait_event=0x0, completion_signal=0x7fbf2fbfe980
:4:rocvirtual.cpp           :622 : 4393604376024 us: [pid:4164447 tid: 0x7fbf38fc0200] Host wait on completion_signal=0x7fbf2fbfe980
:3:rocvirtual.hpp           :56  : 4393604376032 us: [pid:4164447 tid: 0x7fbf38fc0200] Host active wait for Signal = (0x7fbf2fbfe980) for -1 ns
:4:rocmemory.cpp            :1018: 4393604377227 us: [pid:4164447 tid: 0x7fbf38fc0200] Locking to pool 0x19dc9ed0, size 0x2001000, HostPtr = 0x7fbd62cfc000, DevPtr = 0x7fbd62cfc000
:4:rocblit.cpp              :623 : 4393604377237 us: [pid:4164447 tid: 0x7fbf38fc0200] HSA Copy Using Pinned resource size 33554432
:4:rocblit.cpp              :687 : 4393604377244 us: [pid:4164447 tid: 0x7fbf38fc0200] HSA Async Copy staged D2H
:4:rocblit.cpp              :503 : 4393604377248 us: [pid:4164447 tid: 0x7fbf38fc0200] Last copy mask 0x2
:4:rocblit.cpp              :520 : 4393604377253 us: [pid:4164447 tid: 0x7fbf38fc0200] HSA Async Copy on copy_engine=0x2, dst=0x7fbd62cfc010, src=0x7fbd0aa00000, size=33554432, forceSDMA=0, wait_event=0x0, completion_signal=0x7fbf2fbfe700
:4:rocvirtual.cpp           :622 : 4393604377261 us: [pid:4164447 tid: 0x7fbf38fc0200] Host wait on completion_signal=0x7fbf2fbfe700
:3:rocvirtual.hpp           :56  : 4393604377269 us: [pid:4164447 tid: 0x7fbf38fc0200] Host active wait for Signal = (0x7fbf2fbfe700) for -1 ns
:4:rocmemory.cpp            :1018: 4393604378463 us: [pid:4164447 tid: 0x7fbf38fc0200] Locking to pool 0x19dc9ed0, size 0x2001000, HostPtr = 0x7fbd64cfc000, DevPtr = 0x7fbd64cfc000
:4:rocblit.cpp              :623 : 4393604378471 us: [pid:4164447 tid: 0x7fbf38fc0200] HSA Copy Using Pinned resource size 33554432
:4:rocblit.cpp              :687 : 4393604378479 us: [pid:4164447 tid: 0x7fbf38fc0200] HSA Async Copy staged D2H
:4:rocblit.cpp              :503 : 4393604378483 us: [pid:4164447 tid: 0x7fbf38fc0200] Last copy mask 0x2
:4:rocblit.cpp              :520 : 4393604378488 us: [pid:4164447 tid: 0x7fbf38fc0200] HSA Async Copy on copy_engine=0x2, dst=0x7fbd64cfc010, src=0x7fbd0ca00000, size=33554432, forceSDMA=0, wait_event=0x0, completion_signal=0x7fbf2fbfde80
:4:rocvirtual.cpp           :622 : 4393604378496 us: [pid:4164447 tid: 0x7fbf38fc0200] Host wait on completion_signal=0x7fbf2fbfde80
:3:rocvirtual.hpp           :56  : 4393604378503 us: [pid:4164447 tid: 0x7fbf38fc0200] Host active wait for Signal = (0x7fbf2fbfde80) for -1 ns
:4:rocmemory.cpp            :1018: 4393604379698 us: [pid:4164447 tid: 0x7fbf38fc0200] Locking to pool 0x19dc9ed0, size 0x2001000, HostPtr = 0x7fbd66cfc000, DevPtr = 0x7fbd66cfc000
:4:rocblit.cpp              :623 : 4393604379707 us: [pid:4164447 tid: 0x7fbf38fc0200] HSA Copy Using Pinned resource size 33554432
:4:rocblit.cpp              :687 : 4393604379715 us: [pid:4164447 tid: 0x7fbf38fc0200] HSA Async Copy staged D2H
:4:rocblit.cpp              :503 : 4393604379719 us: [pid:4164447 tid: 0x7fbf38fc0200] Last copy mask 0x2
:4:rocblit.cpp              :520 : 4393604379724 us: [pid:4164447 tid: 0x7fbf38fc0200] HSA Async Copy on copy_engine=0x2, dst=0x7fbd66cfc010, src=0x7fbd0ea00000, size=33554432, forceSDMA=0, wait_event=0x0, completion_signal=0x7fbf2fbfe080
:4:rocvirtual.cpp           :622 : 4393604379732 us: [pid:4164447 tid: 0x7fbf38fc0200] Host wait on completion_signal=0x7fbf2fbfe080
:3:rocvirtual.hpp           :56  : 4393604379739 us: [pid:4164447 tid: 0x7fbf38fc0200] Host active wait for Signal = (0x7fbf2fbfe080) for -1 ns
:4:rocmemory.cpp            :1018: 4393604380934 us: [pid:4164447 tid: 0x7fbf38fc0200] Locking to pool 0x19dc9ed0, size 0x2001000, HostPtr = 0x7fbd68cfc000, DevPtr = 0x7fbd68cfc000
:4:rocblit.cpp              :623 : 4393604380945 us: [pid:4164447 tid: 0x7fbf38fc0200] HSA Copy Using Pinned resource size 33554432
:4:rocblit.cpp              :687 : 4393604380955 us: [pid:4164447 tid: 0x7fbf38fc0200] HSA Async Copy staged D2H
:4:rocblit.cpp              :503 : 4393604380960 us: [pid:4164447 tid: 0x7fbf38fc0200] Last copy mask 0x2
:4:rocblit.cpp              :520 : 4393604380965 us: [pid:4164447 tid: 0x7fbf38fc0200] HSA Async Copy on copy_engine=0x2, dst=0x7fbd68cfc010, src=0x7fbd10a00000, size=33554432, forceSDMA=0, wait_event=0x0, completion_signal=0x7fbf2fbfe000
:4:rocvirtual.cpp           :622 : 4393604380984 us: [pid:4164447 tid: 0x7fbf38fc0200] Host wait on completion_signal=0x7fbf2fbfe000
:3:rocvirtual.hpp           :56  : 4393604380994 us: [pid:4164447 tid: 0x7fbf38fc0200] Host active wait for Signal = (0x7fbf2fbfe000) for -1 ns
:4:rocmemory.cpp            :1018: 4393604382185 us: [pid:4164447 tid: 0x7fbf38fc0200] Locking to pool 0x19dc9ed0, size 0x14c1000, HostPtr = 0x7fbd6acfc000, DevPtr = 0x7fbd6acfc000
:4:rocblit.cpp              :623 : 4393604382195 us: [pid:4164447 tid: 0x7fbf38fc0200] HSA Copy Using Pinned resource size 21757952
:4:rocblit.cpp              :687 : 4393604382203 us: [pid:4164447 tid: 0x7fbf38fc0200] HSA Async Copy staged D2H
:4:rocblit.cpp              :503 : 4393604382207 us: [pid:4164447 tid: 0x7fbf38fc0200] Last copy mask 0x2
:4:rocblit.cpp              :520 : 4393604382212 us: [pid:4164447 tid: 0x7fbf38fc0200] HSA Async Copy on copy_engine=0x2, dst=0x7fbd6acfc010, src=0x7fbd12a00000, size=21757952, forceSDMA=0, wait_event=0x0, completion_signal=0x7fbf2fbfe380
:4:rocvirtual.cpp           :622 : 4393604382220 us: [pid:4164447 tid: 0x7fbf38fc0200] Host wait on completion_signal=0x7fbf2fbfe380
:3:rocvirtual.hpp           :56  : 4393604382227 us: [pid:4164447 tid: 0x7fbf38fc0200] Host active wait for Signal = (0x7fbf2fbfe380) for -1 ns
:4:commandqueue.cpp         :161 : 4393604383002 us: [pid:4164447 tid: 0x7fbf38fc0200] Marker queued to ensure finish
:4:command.cpp              :359 : 4393604383008 us: [pid:4164447 tid: 0x7fbf38fc0200] Command (InternalMarker) enqueued: 0x19fabba0
:3:rocvirtual.cpp           :533 : 4393604383023 us: [pid:4164447 tid: 0x7fbf38fc0200] Set Handler: handle(0x7fbf2fbfce80), timestamp(0x1a71cbc0)
:4:rocvirtual.cpp           :1147: 4393604383033 us: [pid:4164447 tid: 0x7fbf38fc0200] SWq=0x7fbf2fd32000, HWq=0x7fbf1cc00000, id=1, BarrierAND Header = 0x1503 (type=3, barrier=1, acquire=2, release=2), dep_signal=[0x0, 0x0, 0x0, 0x0, 0x0], completion_signal=0x7fbf2fbfce80
:3:rocvirtual.hpp           :56  : 4393604383043 us: [pid:4164447 tid: 0x7fbf38fc0200] Host active wait for Signal = (0x7fbf2fbfce80) for -1 ns
:4:commandqueue.cpp         :184 : 4393604383051 us: [pid:4164447 tid: 0x7fbf38fc0200] All commands finished
:3:hip_memory.cpp           :796 : 4393604383057 us: [pid:4164447 tid: 0x7fbf38fc0200] hipMemcpy: Returned hipSuccess : : duration: 21622 us
:3:rocvirtual.cpp           :226 : 4393604383064 us: [pid:4164447 tid: 0x7fbdffbff6c0] Handler: value(0), timestamp(0x1a6f0510), handle(0x7fbf2fbfce80)
:4:command.cpp              :169 : 4393604383095 us: [pid:4164447 tid: 0x7fbdffbff6c0] Command 0x19f11890 complete
:4:command.cpp              :163 : 4393604383105 us: [pid:4164447 tid: 0x7fbdffbff6c0] Command 0x19fabba0 complete (Wall: 4393604383103, CPU: 0, GPU: 87 us)
:3:hip_memory.cpp           :772 : 4393605601178 us: [pid:4164447 tid: 0x7fbf38fc0200] [32m hipFree ( 0x7fbd14200000 ) [0m
:4:commandqueue.cpp         :167 : 4393605601215 us: [pid:4164447 tid: 0x7fbf38fc0200] HW Event not ready, awaiting completion instead
:4:commandqueue.cpp         :184 : 4393605601231 us: [pid:4164447 tid: 0x7fbf38fc0200] All commands finished
:4:rocdevice.cpp            :2388: 4393605601366 us: [pid:4164447 tid: 0x7fbf38fc0200] Free hsa memory 0x7fbd14200000
:3:rocdevice.cpp            :2411: 4393605601777 us: [pid:4164447 tid: 0x7fbf38fc0200] Device=0x19ec3500, freeMem_ = 0xfe1adffdc
:3:hip_memory.cpp           :774 : 4393605601789 us: [pid:4164447 tid: 0x7fbf38fc0200] hipFree: Returned hipSuccess : 
:3:hip_memory.cpp           :772 : 4393605601795 us: [pid:4164447 tid: 0x7fbf38fc0200] [32m hipFree ( 0x7fbded427000 ) [0m
:4:rocdevice.cpp            :2388: 4393605601809 us: [pid:4164447 tid: 0x7fbf38fc0200] Free hsa memory 0x7fbded427000
:3:rocdevice.cpp            :2411: 4393605601814 us: [pid:4164447 tid: 0x7fbf38fc0200] Device=0x19ec3500, freeMem_ = 0xfe1b3ffdc
:3:hip_memory.cpp           :774 : 4393605601822 us: [pid:4164447 tid: 0x7fbf38fc0200] hipFree: Returned hipSuccess : 
:3:hip_memory.cpp           :772 : 4393605601826 us: [pid:4164447 tid: 0x7fbf38fc0200] [32m hipFree ( 0x7fbcf6a00000 ) [0m
:4:rocdevice.cpp            :2388: 4393605601897 us: [pid:4164447 tid: 0x7fbf38fc0200] Free hsa memory 0x7fbcf6a00000
:3:rocdevice.cpp            :2411: 4393605601903 us: [pid:4164447 tid: 0x7fbf38fc0200] Device=0x19ec3500, freeMem_ = 0xffeffffdc
:3:hip_memory.cpp           :774 : 4393605602361 us: [pid:4164447 tid: 0x7fbf38fc0200] hipFree: Returned hipSuccess : 
:3:hip_memory.cpp           :772 : 4393605602366 us: [pid:4164447 tid: 0x7fbf38fc0200] [32m hipFree ( 0x7fbded400000 ) [0m
:4:rocdevice.cpp            :2388: 4393605602373 us: [pid:4164447 tid: 0x7fbf38fc0200] Free hsa memory 0x7fbded400000
:3:rocdevice.cpp            :2411: 4393605602378 us: [pid:4164447 tid: 0x7fbf38fc0200] Device=0x19ec3500, freeMem_ = 0xfff000000
:3:hip_memory.cpp           :774 : 4393605602386 us: [pid:4164447 tid: 0x7fbf38fc0200] hipFree: Returned hipSuccess : 
:4:rocdevice.cpp            :2388: 4393605812047 us: [pid:4164447 tid: 0x7fbf38fc0200] Free hsa memory (nil)
:3:rocdevice.cpp            :3254: 4393605812077 us: [pid:4164447 tid: 0x7fbf38fc0200] releaseQueue refCount:0x7fbf1cc00000 (0)
:4:rocdevice.cpp            :2388: 4393605812259 us: [pid:4164447 tid: 0x7fbf38fc0200] Free hsa memory 0x7fbf1ca00000
:4:rocdevice.cpp            :2388: 4393605813027 us: [pid:4164447 tid: 0x7fbf38fc0200] Free hsa memory 0x7fbf1c400000
:4:rocdevice.cpp            :2388: 4393605813696 us: [pid:4164447 tid: 0x7fbf38fc0200] Free hsa memory 0x7fbf1ce00000
:4:rocdevice.cpp            :2388: 4393605813745 us: [pid:4164447 tid: 0x7fbf38fc0200] Free hsa memory 0x7fbf4340c000
:3:rocdevice.cpp            :278 : 4393605813752 us: [pid:4164447 tid: 0x7fbf38fc0200] Deleting hostcall buffer 0x7fbdec600000 for hardware queue 0x7fbf1cc00000
:3:devhostcall.cpp          :460 : 4393605813764 us: [pid:4164447 tid: 0x7fbf38fc0200] Terminated hostcall listener
:4:rocdevice.cpp            :2388: 4393605815228 us: [pid:4164447 tid: 0x7fbf38fc0200] Free hsa memory 0x7fbdec600000
:3:rocdevice.cpp            :283 : 4393605815240 us: [pid:4164447 tid: 0x7fbf38fc0200] Deleting hardware queue 0x7fbf1cc00000 with refCount 0
:4:rocdevice.cpp            :2388: 4393605820060 us: [pid:4164447 tid: 0x7fbf38fc0200] Free hsa memory 0x7fbf1d400000
:4:rocdevice.cpp            :2388: 4393605820411 us: [pid:4164447 tid: 0x7fbf38fc0200] Free hsa memory 0x7fbded407000
:4:rocdevice.cpp            :2388: 4393605821075 us: [pid:4164447 tid: 0x7fbf38fc0200] Free hsa memory 0x7fbddda00000
