:3:rocdevice.cpp            :465 : 4393487588239 us: [pid:4154523 tid: 0x7ff56a04a200] Initializing HSA stack.
:3:rocdevice.cpp            :551 : 4393488803252 us: [pid:4154523 tid: 0x7ff56a04a200] Enumerated GPU agents = 1
:3:rocdevice.cpp            :230 : 4393488803338 us: [pid:4154523 tid: 0x7ff56a04a200] Numa selects cpu agent[0]=0x400fabd0(fine=0x40180880,coarse=0x4017aed0) for gpu agent=0x4018a2d0 CPU<->GPU XGMI=0
:3:rocsettings.cpp          :284 : 4393488803363 us: [pid:4154523 tid: 0x7ff56a04a200] Using dev kernel arg wa = 0
:3:comgrctx.cpp             :33  : 4393488803370 us: [pid:4154523 tid: 0x7ff56a04a200] Loading COMGR library.
:3:comgrctx.cpp             :128 : 4393488803418 us: [pid:4154523 tid: 0x7ff56a04a200] Loaded COMGR library version 3.0.
:3:rocdevice.cpp            :1785: 4393488803968 us: [pid:4154523 tid: 0x7ff56a04a200] Gfx Major/Minor/Stepping: 9/0/10
:3:rocdevice.cpp            :1787: 4393488803980 us: [pid:4154523 tid: 0x7ff56a04a200] HMM support: 1, XNACK: 0, Direct host access: 0
:3:rocdevice.cpp            :1789: 4393488803988 us: [pid:4154523 tid: 0x7ff56a04a200] Max SDMA Read Mask: 0x1e, Max SDMA Write Mask: 0x1f
:4:rocdevice.cpp            :2210: 4393488804411 us: [pid:4154523 tid: 0x7ff56a04a200] Allocate hsa host memory 0x7ff54e200000, size 0x100000, numa_node = 0
:4:rocdevice.cpp            :2210: 4393488874626 us: [pid:4154523 tid: 0x7ff56a04a200] Allocate hsa host memory 0x7ff54dc00000, size 0x400000, numa_node = 0
:4:rocdevice.cpp            :2210: 4393488874875 us: [pid:4154523 tid: 0x7ff56a04a200] Allocate hsa host memory 0x7ff5741c4000, size 0x38, numa_node = 0
:3:hip_context.cpp          :54  : 4393488874922 us: [pid:4154523 tid: 0x7ff56a04a200] Direct Dispatch: 1
:3:hip_fatbin.cpp           :427 : 4393488875135 us: [pid:4154523 tid: 0x7ff56a04a200] Searching for code objects, HIP_FORCE_SPIRV_CODEOBJECT: 0
:3:hip_fatbin.cpp           :435 : 4393488875432 us: [pid:4154523 tid: 0x7ff56a04a200] Using Native code object: gfx90a:sramecc+:xnack-
:3:hip_memory.cpp           :756 : 4393488875495 us: [pid:4154523 tid: 0x7ff56a04a200] [32m hipMalloc ( 0x7ffc109238e0, 30720000 ) [0m
:4:rocdevice.cpp            :2371: 4393488875621 us: [pid:4154523 tid: 0x7ff56a04a200] Allocate hsa device memory 0x7ff433a00000, size 0x1d4c000, hsa_mem_flags 0x0h
:3:rocdevice.cpp            :2411: 4393488876234 us: [pid:4154523 tid: 0x7ff56a04a200] Device=0x40274500, freeMem_ = 0xffd2b4000
:3:hip_memory.cpp           :758 : 4393488876274 us: [pid:4154523 tid: 0x7ff56a04a200] hipMalloc: Returned hipSuccess : 0x7ff433a00000: duration: 779 us
:3:hip_memory.cpp           :795 : 4393488876312 us: [pid:4154523 tid: 0x7ff56a04a200] [32m hipMemcpy ( 0x7ff433a00000, 0x7ff567fec010, 30720000, hipMemcpyHostToDevice ) [0m
:3:rocdevice.cpp            :3048: 4393488876333 us: [pid:4154523 tid: 0x7ff56a04a200] Number of allocated hardware queues with low priority: 0, with normal priority: 0, with high priority: 0, maximum per priority is: 4
:3:rocdevice.cpp            :3129: 4393488888669 us: [pid:4154523 tid: 0x7ff56a04a200] Created SWq=0x7ff56a034000 to map on HWq=0x7ff54da00000 with size 16384 with priority 1, cooperative: 0
:3:rocdevice.cpp            :3222: 4393488888719 us: [pid:4154523 tid: 0x7ff56a04a200] acquireQueue refCount: 0x7ff54da00000 (1)
:4:rocdevice.cpp            :2210: 4393488889145 us: [pid:4154523 tid: 0x7ff56a04a200] Allocate hsa host memory 0x7ff54d800000, size 0x100000, numa_node = 0
:3:devprogram.cpp           :2658: 4393489238556 us: [pid:4154523 tid: 0x7ff56a04a200] Using Code Object V5.
:4:rocdevice.cpp            :2210: 4393490739572 us: [pid:4154523 tid: 0x7ff56a04a200] Allocate hsa host memory 0x7ff54d200000, size 0x400000, numa_node = 0
:4:command.cpp              :359 : 4393490739748 us: [pid:4154523 tid: 0x7ff56a04a200] Command (CopyHostToDevice) enqueued: 0x408d9e80
:4:rocblit.cpp              :1803: 4393490739761 us: [pid:4154523 tid: 0x7ff56a04a200] Unpinned write path, Async = 0
:4:rocmemory.cpp            :1018: 4393490740552 us: [pid:4154523 tid: 0x7ff56a04a200] Locking to pool 0x4017aed0, size 0x1d4d000, HostPtr = 0x7ff567fec000, DevPtr = 0x7ff567fec000
:4:rocblit.cpp              :623 : 4393490740569 us: [pid:4154523 tid: 0x7ff56a04a200] HSA Copy Using Pinned resource size 30720000
:4:rocblit.cpp              :680 : 4393490740581 us: [pid:4154523 tid: 0x7ff56a04a200] HSA Async Copy staged H2D
:4:rocblit.cpp              :503 : 4393490740592 us: [pid:4154523 tid: 0x7ff56a04a200] Last copy mask 0x0
:4:rocblit.cpp              :509 : 4393490740598 us: [pid:4154523 tid: 0x7ff56a04a200] Query copy engine status 0, free_engine mask 0x1f
:4:rocblit.cpp              :520 : 4393490740606 us: [pid:4154523 tid: 0x7ff56a04a200] HSA Async Copy on copy_engine=0x1, dst=0x7ff433a00000, src=0x7ff567fec010, size=30720000, forceSDMA=0, wait_event=0x0, completion_signal=0x7ff5609ff780
:4:rocvirtual.cpp           :622 : 4393490747009 us: [pid:4154523 tid: 0x7ff56a04a200] Host wait on completion_signal=0x7ff5609ff780
:3:rocvirtual.hpp           :56  : 4393490747033 us: [pid:4154523 tid: 0x7ff56a04a200] Host active wait for Signal = (0x7ff5609ff780) for -1 ns
:4:commandqueue.cpp         :161 : 4393490748169 us: [pid:4154523 tid: 0x7ff56a04a200] Marker queued to ensure finish
:4:command.cpp              :359 : 4393490748177 us: [pid:4154523 tid: 0x7ff56a04a200] Command (InternalMarker) enqueued: 0x40615420
:3:rocvirtual.cpp           :533 : 4393490748196 us: [pid:4154523 tid: 0x7ff56a04a200] Set Handler: handle(0x7ff5609fd600), timestamp(0x40a9fed0)
:4:rocvirtual.cpp           :1147: 4393490748207 us: [pid:4154523 tid: 0x7ff56a04a200] SWq=0x7ff56a034000, HWq=0x7ff54da00000, id=1, BarrierAND Header = 0x1503 (type=3, barrier=1, acquire=2, release=2), dep_signal=[0x0, 0x0, 0x0, 0x0, 0x0], completion_signal=0x7ff5609fd600
:4:commandqueue.cpp         :184 : 4393490748218 us: [pid:4154523 tid: 0x7ff56a04a200] All commands finished
:3:hip_memory.cpp           :796 : 4393490748224 us: [pid:4154523 tid: 0x7ff56a04a200] hipMemcpy: Returned hipSuccess : : duration: 1871912 us
:3:hip_memory.cpp           :756 : 4393490748239 us: [pid:4154523 tid: 0x7ff56a04a200] [32m hipMalloc ( 0x7ffc109238d8, 24576 ) [0m
:3:rocvirtual.cpp           :226 : 4393490748277 us: [pid:4154523 tid: 0x7ff42fbff6c0] Handler: value(0), timestamp(0x4083c130), handle(0x7ff5609fd600)
:4:command.cpp              :169 : 4393490748295 us: [pid:4154523 tid: 0x7ff42fbff6c0] Command 0x408d9e80 complete
:4:rocdevice.cpp            :2371: 4393490748307 us: [pid:4154523 tid: 0x7ff56a04a200] Allocate hsa device memory 0x7ff54cc00000, size 0x6000, hsa_mem_flags 0x0h
:3:rocdevice.cpp            :2411: 4393490748325 us: [pid:4154523 tid: 0x7ff56a04a200] Device=0x40274500, freeMem_ = 0xffd2ae000
:4:command.cpp              :163 : 4393490748309 us: [pid:4154523 tid: 0x7ff42fbff6c0] Command 0x40615420 complete (Wall: 4393490748307, CPU: 0, GPU: 122 us)
:3:hip_memory.cpp           :758 : 4393490748338 us: [pid:4154523 tid: 0x7ff56a04a200] hipMalloc: Returned hipSuccess : 0x7ff54cc00000: duration: 99 us
:3:hip_memory.cpp           :795 : 4393490748399 us: [pid:4154523 tid: 0x7ff56a04a200] [32m hipMemcpy ( 0x7ff54cc00000, 0x40173e70, 24576, hipMemcpyHostToDevice ) [0m
:4:command.cpp              :359 : 4393490748845 us: [pid:4154523 tid: 0x7ff56a04a200] Command (CopyHostToDevice) enqueued: 0x409207a0
:4:rocblit.cpp              :1803: 4393490748855 us: [pid:4154523 tid: 0x7ff56a04a200] Unpinned write path, Async = 0
:4:rocblit.cpp              :633 : 4393490749416 us: [pid:4154523 tid: 0x7ff56a04a200] HSA Copy Using Staging resource size 24576
:4:rocblit.cpp              :680 : 4393490749427 us: [pid:4154523 tid: 0x7ff56a04a200] HSA Async Copy staged H2D
:4:rocblit.cpp              :503 : 4393490749432 us: [pid:4154523 tid: 0x7ff56a04a200] Last copy mask 0x0
:4:rocblit.cpp              :509 : 4393490749437 us: [pid:4154523 tid: 0x7ff56a04a200] Query copy engine status 0, free_engine mask 0x1f
:4:rocblit.cpp              :520 : 4393490749444 us: [pid:4154523 tid: 0x7ff56a04a200] HSA Async Copy on copy_engine=0x1, dst=0x7ff54cc00000, src=0x7ff54d200000, size=24576, forceSDMA=0, wait_event=0x0, completion_signal=0x7ff5609ff680
:4:commandqueue.cpp         :161 : 4393490749456 us: [pid:4154523 tid: 0x7ff56a04a200] Marker queued to ensure finish
:4:command.cpp              :359 : 4393490749461 us: [pid:4154523 tid: 0x7ff56a04a200] Command (InternalMarker) enqueued: 0x40615420
:3:rocvirtual.cpp           :533 : 4393490749472 us: [pid:4154523 tid: 0x7ff56a04a200] Set Handler: handle(0x7ff5609fd680), timestamp(0x40a9fdc0)
:4:rocvirtual.cpp           :1147: 4393490749480 us: [pid:4154523 tid: 0x7ff56a04a200] SWq=0x7ff56a034000, HWq=0x7ff54da00000, id=1, BarrierAND Header = 0x1503 (type=3, barrier=1, acquire=2, release=2), dep_signal=[0x0, 0x0, 0x0, 0x0, 0x0], completion_signal=0x7ff5609fd680
:4:commandqueue.cpp         :184 : 4393490749490 us: [pid:4154523 tid: 0x7ff56a04a200] All commands finished
:3:hip_memory.cpp           :796 : 4393490749495 us: [pid:4154523 tid: 0x7ff56a04a200] hipMemcpy: Returned hipSuccess : : duration: 1096 us
:3:hip_memory.cpp           :756 : 4393490749503 us: [pid:4154523 tid: 0x7ff56a04a200] [32m hipMalloc ( 0x7ffc109238d0, 30720000 ) [0m
:3:rocvirtual.cpp           :226 : 4393490749513 us: [pid:4154523 tid: 0x7ff42fbff6c0] Handler: value(0), timestamp(0x4089f0c0), handle(0x7ff5609fd680)
:4:command.cpp              :169 : 4393490749529 us: [pid:4154523 tid: 0x7ff42fbff6c0] Command 0x409207a0 complete
:4:command.cpp              :163 : 4393490749535 us: [pid:4154523 tid: 0x7ff42fbff6c0] Command 0x40615420 complete (Wall: 4393490749534, CPU: 0, GPU: 66 us)
:4:rocdevice.cpp            :2371: 4393490749566 us: [pid:4154523 tid: 0x7ff56a04a200] Allocate hsa device memory 0x7ff40e400000, size 0x1d4c000, hsa_mem_flags 0x0h
:3:rocdevice.cpp            :2411: 4393490750018 us: [pid:4154523 tid: 0x7ff56a04a200] Device=0x40274500, freeMem_ = 0xffb562000
:3:hip_memory.cpp           :758 : 4393490750423 us: [pid:4154523 tid: 0x7ff56a04a200] hipMalloc: Returned hipSuccess : 0x7ff40e400000: duration: 920 us
:3:hip_memory.cpp           :756 : 4393490750432 us: [pid:4154523 tid: 0x7ff56a04a200] [32m hipMalloc ( 0x7ffc109238c8, 36 ) [0m
:4:rocdevice.cpp            :2371: 4393490750442 us: [pid:4154523 tid: 0x7ff56a04a200] Allocate hsa device memory 0x7ff54cc06000, size 0x24, hsa_mem_flags 0x0h
:3:rocdevice.cpp            :2411: 4393490750453 us: [pid:4154523 tid: 0x7ff56a04a200] Device=0x40274500, freeMem_ = 0xffb561fdc
:3:hip_memory.cpp           :758 : 4393490750463 us: [pid:4154523 tid: 0x7ff56a04a200] hipMalloc: Returned hipSuccess : 0x7ff54cc06000: duration: 31 us
:3:hip_memory.cpp           :795 : 4393490750472 us: [pid:4154523 tid: 0x7ff56a04a200] [32m hipMemcpy ( 0x7ff54cc06000, 0x40170dc0, 36, hipMemcpyHostToDevice ) [0m
:4:command.cpp              :359 : 4393490750485 us: [pid:4154523 tid: 0x7ff56a04a200] Command (CopyHostToDevice) enqueued: 0x408981e0
:4:rocblit.cpp              :1803: 4393490750496 us: [pid:4154523 tid: 0x7ff56a04a200] Unpinned write path, Async = 0
:4:rocblit.cpp              :1832: 4393490750504 us: [pid:4154523 tid: 0x7ff56a04a200] memcpy stg buf=0x7ff54d206000, host src=0x40170dc0, size=36
:4:rocblit.cpp              :1835: 4393490750514 us: [pid:4154523 tid: 0x7ff56a04a200] Blit staging H2D copy dst=0x7ff54cc06000, stg buf=0x7ff54d206000, dstOrigin=0x0, size=36
:3:rocvirtual.cpp           :762 : 4393490750527 us: [pid:4154523 tid: 0x7ff56a04a200] Arg0: uchar* src = ptr:0x7ff54d206000
:3:rocvirtual.cpp           :762 : 4393490750533 us: [pid:4154523 tid: 0x7ff56a04a200] Arg1: uchar* dst = ptr:0x7ff54cc06000
:3:rocvirtual.cpp           :853 : 4393490750538 us: [pid:4154523 tid: 0x7ff56a04a200] Arg2: ulong size = val:36
:3:rocvirtual.cpp           :853 : 4393490750543 us: [pid:4154523 tid: 0x7ff56a04a200] Arg3: uint remainder = val:4
:3:rocvirtual.cpp           :853 : 4393490750547 us: [pid:4154523 tid: 0x7ff56a04a200] Arg4: uint aligned_size = val:16
:3:rocvirtual.cpp           :853 : 4393490750555 us: [pid:4154523 tid: 0x7ff56a04a200] Arg5: ulong end_ptr = val:140691531391008
:3:rocvirtual.cpp           :853 : 4393490750975 us: [pid:4154523 tid: 0x7ff56a04a200] Arg6: uint next_chunk = val:512
:3:rocvirtual.cpp           :3236: 4393490750992 us: [pid:4154523 tid: 0x7ff56a04a200] ShaderName : __amd_rocclr_copyBuffer
:3:rocvirtual.cpp           :3449: 4393490750999 us: [pid:4154523 tid: 0x7ff56a04a200] KernargSegmentByteSize = 304 KernargSegmentAlignment = 128
:4:rocvirtual.cpp           :965 : 4393490751009 us: [pid:4154523 tid: 0x7ff56a04a200] SWq=0x7ff56a034000, HWq=0x7ff54da00000, id=1, Dispatch Header = 0x1502 (type=2, barrier=1, acquire=2, release=2), setup=1, grid=[512, 1, 1], workgroup=[512, 1, 1], private_seg_size=0, group_seg_size=0, kernel_obj=0x7ff56a025dc0, kernarg_address=0x7ff54d800000, completion_signal=0x0, correlation_id=0, rptr=2, wptr=2
:4:commandqueue.cpp         :161 : 4393490751027 us: [pid:4154523 tid: 0x7ff56a04a200] Marker queued to ensure finish
:4:command.cpp              :359 : 4393490751033 us: [pid:4154523 tid: 0x7ff56a04a200] Command (InternalMarker) enqueued: 0x40615420
:3:rocvirtual.cpp           :533 : 4393490751045 us: [pid:4154523 tid: 0x7ff56a04a200] Set Handler: handle(0x7ff5609fd700), timestamp(0x40a163b0)
:4:rocvirtual.cpp           :1147: 4393490751053 us: [pid:4154523 tid: 0x7ff56a04a200] SWq=0x7ff56a034000, HWq=0x7ff54da00000, id=1, BarrierAND Header = 0x1503 (type=3, barrier=1, acquire=2, release=2), dep_signal=[0x0, 0x0, 0x0, 0x0, 0x0], completion_signal=0x7ff5609fd700
:4:commandqueue.cpp         :184 : 4393490751063 us: [pid:4154523 tid: 0x7ff56a04a200] All commands finished
:3:hip_memory.cpp           :796 : 4393490751068 us: [pid:4154523 tid: 0x7ff56a04a200] hipMemcpy: Returned hipSuccess : : duration: 596 us
:3:rocvirtual.cpp           :226 : 4393490751078 us: [pid:4154523 tid: 0x7ff42fbff6c0] Handler: value(0), timestamp(0x4089f9e0), handle(0x7ff5609fd700)
:4:command.cpp              :169 : 4393490751091 us: [pid:4154523 tid: 0x7ff42fbff6c0] Command 0x408981e0 complete
:4:command.cpp              :163 : 4393490751100 us: [pid:4154523 tid: 0x7ff42fbff6c0] Command 0x40615420 complete (Wall: 4393490751099, CPU: 0, GPU: 58 us)
:3:hip_memory.cpp           :3476: 4393490751092 us: [pid:4154523 tid: 0x7ff56a04a200] [32m hipMemset ( 0x7ff40e400000, 0, 30720000 ) [0m
:4:command.cpp              :359 : 4393490751126 us: [pid:4154523 tid: 0x7ff56a04a200] Command (FillBuffer) enqueued: 0x405fd6b0
:3:rocvirtual.cpp           :762 : 4393490751486 us: [pid:4154523 tid: 0x7ff56a04a200] Arg0: void* buf = ptr:0x7ff40e400000
:3:rocvirtual.cpp           :778 : 4393490751490 us: [pid:4154523 tid: 0x7ff56a04a200] Arg0: void* buf = ptr:0x7ff40e400000 obj:[0x7ff40e400000-0x7ff41014c000]
:3:rocvirtual.cpp           :762 : 4393490751498 us: [pid:4154523 tid: 0x7ff56a04a200] Arg1: uchar* pattern = ptr:0x7ff54d800200
:3:rocvirtual.cpp           :853 : 4393490751510 us: [pid:4154523 tid: 0x7ff56a04a200] Arg2: uint pattern_size = val:1
:3:rocvirtual.cpp           :853 : 4393490751516 us: [pid:4154523 tid: 0x7ff56a04a200] Arg3: uint alignment = val:16
:3:rocvirtual.cpp           :853 : 4393490751521 us: [pid:4154523 tid: 0x7ff56a04a200] Arg4: ulong end_ptr = val:140686218543104
:3:rocvirtual.cpp           :853 : 4393490751528 us: [pid:4154523 tid: 0x7ff56a04a200] Arg5: uint next_chunk = val:26624
:3:rocvirtual.cpp           :3236: 4393490751533 us: [pid:4154523 tid: 0x7ff56a04a200] ShaderName : __amd_rocclr_fillBufferAligned
:3:rocvirtual.cpp           :3449: 4393490751541 us: [pid:4154523 tid: 0x7ff56a04a200] KernargSegmentByteSize = 296 KernargSegmentAlignment = 128
:4:rocvirtual.cpp           :965 : 4393490751549 us: [pid:4154523 tid: 0x7ff56a04a200] SWq=0x7ff56a034000, HWq=0x7ff54da00000, id=1, Dispatch Header = 0xb02 (type=2, barrier=1, acquire=1, release=1), setup=1, grid=[26624, 1, 1], workgroup=[256, 1, 1], private_seg_size=0, group_seg_size=0, kernel_obj=0x7ff56a025d40, kernarg_address=0x7ff54d800300, completion_signal=0x0, correlation_id=0, rptr=4, wptr=4
:3:hip_memory.cpp           :3477: 4393490751562 us: [pid:4154523 tid: 0x7ff56a04a200] hipMemset: Returned hipSuccess : 
:3:hip_device_runtime.cpp   :641 : 4393490751574 us: [pid:4154523 tid: 0x7ff56a04a200] [32m hipDeviceSynchronize (  ) [0m
:4:commandqueue.cpp         :161 : 4393490751582 us: [pid:4154523 tid: 0x7ff56a04a200] Marker queued to ensure finish
:4:command.cpp              :359 : 4393490751590 us: [pid:4154523 tid: 0x7ff56a04a200] Command (InternalMarker) enqueued: 0x40615420
:3:rocvirtual.cpp           :533 : 4393490751603 us: [pid:4154523 tid: 0x7ff56a04a200] Set Handler: handle(0x7ff5609fd780), timestamp(0x40a162a0)
:4:rocvirtual.cpp           :1147: 4393490751611 us: [pid:4154523 tid: 0x7ff56a04a200] SWq=0x7ff56a034000, HWq=0x7ff54da00000, id=1, BarrierAND Header = 0x1503 (type=3, barrier=1, acquire=2, release=2), dep_signal=[0x0, 0x0, 0x0, 0x0, 0x0], completion_signal=0x7ff5609fd780
:3:rocvirtual.hpp           :56  : 4393490751621 us: [pid:4154523 tid: 0x7ff56a04a200] Host active wait for Signal = (0x7ff5609fd780) for -1 ns
:4:commandqueue.cpp         :184 : 4393490751629 us: [pid:4154523 tid: 0x7ff56a04a200] All commands finished
:3:hip_device_runtime.cpp   :645 : 4393490751639 us: [pid:4154523 tid: 0x7ff56a04a200] hipDeviceSynchronize: Returned hipSuccess : 
:3:rocvirtual.cpp           :226 : 4393490751642 us: [pid:4154523 tid: 0x7ff42fbff6c0] Handler: value(0), timestamp(0x4089fb10), handle(0x7ff5609fd780)
:4:command.cpp              :169 : 4393490752078 us: [pid:4154523 tid: 0x7ff42fbff6c0] Command 0x405fd6b0 complete
:4:command.cpp              :163 : 4393490752088 us: [pid:4154523 tid: 0x7ff42fbff6c0] Command 0x40615420 complete (Wall: 4393490752086, CPU: 0, GPU: 486 us)
:3:hip_platform.cpp         :237 : 4393490752089 us: [pid:4154523 tid: 0x7ff56a04a200] [32m __hipPushCallConfiguration ( {8,1,1}, {128,1,1}, 0, stream:<null> ) [0m
:3:hip_platform.cpp         :241 : 4393490752111 us: [pid:4154523 tid: 0x7ff56a04a200] __hipPushCallConfiguration: Returned hipSuccess : 
:3:hip_platform.cpp         :246 : 4393490752123 us: [pid:4154523 tid: 0x7ff56a04a200] [32m __hipPopCallConfiguration ( {1951258706,32757,128}, {2118224,0,278018480}, 0x7ffc10923700, 0x7ffc109236f8 ) [0m
:3:hip_platform.cpp         :255 : 4393490752131 us: [pid:4154523 tid: 0x7ff56a04a200] __hipPopCallConfiguration: Returned hipSuccess : 
:3:hip_module.cpp           :744 : 4393490752165 us: [pid:4154523 tid: 0x7ff56a04a200] [32m hipLaunchKernel ( 0x200fd8, {8,1,1}, {128,1,1}, 0x7ffc109236b0, 0, stream:<null> ) [0m
:3:devprogram.cpp           :2658: 4393490752755 us: [pid:4154523 tid: 0x7ff56a04a200] Using Code Object V5.
:4:command.cpp              :359 : 4393490753556 us: [pid:4154523 tid: 0x7ff56a04a200] Command (KernelExecution) enqueued: 0x408dc9f0
:3:rocvirtual.cpp           :762 : 4393490753771 us: [pid:4154523 tid: 0x7ff56a04a200] Arg0:   = ptr:0x7ff433a00000
:3:rocvirtual.cpp           :778 : 4393490753776 us: [pid:4154523 tid: 0x7ff56a04a200] Arg0:   = ptr:0x7ff433a00000 obj:[0x7ff433a00000-0x7ff43574c000]
:3:rocvirtual.cpp           :762 : 4393490753784 us: [pid:4154523 tid: 0x7ff56a04a200] Arg1:   = ptr:0x7ff54cc00000
:3:rocvirtual.cpp           :778 : 4393490753789 us: [pid:4154523 tid: 0x7ff56a04a200] Arg1:   = ptr:0x7ff54cc00000 obj:[0x7ff54cc00000-0x7ff54cc06000]
:3:rocvirtual.cpp           :762 : 4393490753796 us: [pid:4154523 tid: 0x7ff56a04a200] Arg2:   = ptr:0x7ff40e400000
:3:rocvirtual.cpp           :778 : 4393490753800 us: [pid:4154523 tid: 0x7ff56a04a200] Arg2:   = ptr:0x7ff40e400000 obj:[0x7ff40e400000-0x7ff41014c000]
:3:rocvirtual.cpp           :853 : 4393490753808 us: [pid:4154523 tid: 0x7ff56a04a200] Arg3:   = val:768
:3:rocvirtual.cpp           :762 : 4393490753816 us: [pid:4154523 tid: 0x7ff56a04a200] Arg4:   = ptr:0x7ff54cc06000
:3:rocvirtual.cpp           :778 : 4393490753828 us: [pid:4154523 tid: 0x7ff56a04a200] Arg4:   = ptr:0x7ff54cc06000 obj:[0x7ff54cc06000-0x7ff54cc06024]
:3:rocvirtual.cpp           :3236: 4393490753851 us: [pid:4154523 tid: 0x7ff56a04a200] ShaderName : void dense_esuhm<float>(float const*, float const*, float*, int, int const*)
:4:rocdevice.cpp            :2210: 4393490957649 us: [pid:4154523 tid: 0x7ff56a04a200] Allocate hsa host memory 0x7ff41c800000, size 0xd13838, numa_node = 0
:3:rocdevice.cpp            :3322: 4393490957937 us: [pid:4154523 tid: 0x7ff56a04a200] Created hostcall buffer 0x7ff41c800000 for hardware queue 0x7ff54da00000
:4:rocsignal.cpp            :38  : 4393490958667 us: [pid:4154523 tid: 0x7ff56a04a200] Initialize Hostcall signal=0x7ff5609fd280
:3:devhostcall.cpp          :428 : 4393490958797 us: [pid:4154523 tid: 0x7ff56a04a200] Launched hostcall listener at 0x4081ddb0
:3:devhostcall.cpp          :441 : 4393490958809 us: [pid:4154523 tid: 0x7ff56a04a200] Registered hostcall buffer 0x7ff41c800000 with listener 0x4081ddb0
:4:rocdevice.cpp            :2371: 4393490958838 us: [pid:4154523 tid: 0x7ff56a04a200] Allocate hsa device memory 0x7ff54cc07000, size 0x20000, hsa_mem_flags 0x0h
:4:rocdevice.cpp            :2371: 4393490958959 us: [pid:4154523 tid: 0x7ff56a04a200] Allocate hsa device memory 0x7ff54c200000, size 0x800000, hsa_mem_flags 0x0h
:3:rocvirtual.cpp           :853 : 4393490959346 us: [pid:4154523 tid: 0x7ff56a04a200] Arg0: ulong heap_to_initialize = val:140691531395072
:3:rocvirtual.cpp           :853 : 4393490959365 us: [pid:4154523 tid: 0x7ff56a04a200] Arg1: ulong initial_blocks = val:140691520880640
:3:rocvirtual.cpp           :853 : 4393490959373 us: [pid:4154523 tid: 0x7ff56a04a200] Arg2: uint heap_size = val:131072
:3:rocvirtual.cpp           :853 : 4393490959378 us: [pid:4154523 tid: 0x7ff56a04a200] Arg3: uint number_of_initial_blocks = val:4
:3:rocvirtual.cpp           :3236: 4393490959391 us: [pid:4154523 tid: 0x7ff56a04a200] ShaderName : __amd_rocclr_initHeap
:3:rocvirtual.cpp           :3449: 4393490959402 us: [pid:4154523 tid: 0x7ff56a04a200] KernargSegmentByteSize = 24 KernargSegmentAlignment = 128
:4:rocvirtual.cpp           :965 : 4393490959424 us: [pid:4154523 tid: 0x7ff56a04a200] SWq=0x7ff56a034000, HWq=0x7ff54da00000, id=1, Dispatch Header = 0xb02 (type=2, barrier=1, acquire=1, release=1), setup=1, grid=[256, 1, 1], workgroup=[256, 1, 1], private_seg_size=0, group_seg_size=0, kernel_obj=0x7ff56a0260c0, kernarg_address=0x7ff54d800480, completion_signal=0x0, correlation_id=0, rptr=6, wptr=6
:4:rocvirtual.cpp           :1147: 4393490959445 us: [pid:4154523 tid: 0x7ff56a04a200] SWq=0x7ff56a034000, HWq=0x7ff54da00000, id=1, BarrierAND Header = 0x1503 (type=3, barrier=1, acquire=2, release=2), dep_signal=[0x0, 0x0, 0x0, 0x0, 0x0], completion_signal=0x7ff5609ff480
:3:rocvirtual.cpp           :3449: 4393490959821 us: [pid:4154523 tid: 0x7ff56a04a200] KernargSegmentByteSize = 296 KernargSegmentAlignment = 128
:4:rocvirtual.cpp           :965 : 4393490959831 us: [pid:4154523 tid: 0x7ff56a04a200] SWq=0x7ff56a034000, HWq=0x7ff54da00000, id=1, Dispatch Header = 0xb02 (type=2, barrier=1, acquire=1, release=1), setup=3, grid=[1024, 1, 1], workgroup=[128, 1, 1], private_seg_size=140, group_seg_size=0, kernel_obj=0x7ff560a91980, kernarg_address=0x7ff54d800000, completion_signal=0x0, correlation_id=0, rptr=8, wptr=8
:3:hip_module.cpp           :745 : 4393490959854 us: [pid:4154523 tid: 0x7ff56a04a200] hipLaunchKernel: Returned hipSuccess : : duration: 207689 us
:3:hip_device_runtime.cpp   :641 : 4393490959878 us: [pid:4154523 tid: 0x7ff56a04a200] [32m hipDeviceSynchronize (  ) [0m
:4:commandqueue.cpp         :161 : 4393490959887 us: [pid:4154523 tid: 0x7ff56a04a200] Marker queued to ensure finish
:4:command.cpp              :359 : 4393490959896 us: [pid:4154523 tid: 0x7ff56a04a200] Command (InternalMarker) enqueued: 0x40615420
:3:rocvirtual.cpp           :533 : 4393490959919 us: [pid:4154523 tid: 0x7ff56a04a200] Set Handler: handle(0x7ff5609fd800), timestamp(0x40a161d0)
:4:rocvirtual.cpp           :1147: 4393490959929 us: [pid:4154523 tid: 0x7ff56a04a200] SWq=0x7ff56a034000, HWq=0x7ff54da00000, id=1, BarrierAND Header = 0x1503 (type=3, barrier=1, acquire=2, release=2), dep_signal=[0x0, 0x0, 0x0, 0x0, 0x0], completion_signal=0x7ff5609fd800
:3:rocvirtual.hpp           :56  : 4393490959947 us: [pid:4154523 tid: 0x7ff56a04a200] Host active wait for Signal = (0x7ff5609fd800) for -1 ns
:4:commandqueue.cpp         :184 : 4393490960279 us: [pid:4154523 tid: 0x7ff56a04a200] All commands finished
:3:rocvirtual.cpp           :226 : 4393490960282 us: [pid:4154523 tid: 0x7ff42fbff6c0] Handler: value(0), timestamp(0x402bbe90), handle(0x7ff5609fd800)
:3:hip_device_runtime.cpp   :645 : 4393490960425 us: [pid:4154523 tid: 0x7ff56a04a200] hipDeviceSynchronize: Returned hipSuccess : 
:4:command.cpp              :169 : 4393490960441 us: [pid:4154523 tid: 0x7ff42fbff6c0] Command 0x408dc9f0 complete
:3:hip_memory.cpp           :795 : 4393490960461 us: [pid:4154523 tid: 0x7ff56a04a200] [32m hipMemcpy ( 0x7ff56629f010, 0x7ff40e400000, 30720000, hipMemcpyDeviceToHost ) [0m
:4:command.cpp              :163 : 4393490960475 us: [pid:4154523 tid: 0x7ff42fbff6c0] Command 0x40615420 complete (Wall: 4393490960472, CPU: 0, GPU: 565 us)
:4:command.cpp              :359 : 4393490960497 us: [pid:4154523 tid: 0x7ff56a04a200] Command (CopyDeviceToHost) enqueued: 0x4098fc80
:4:rocblit.cpp              :1673: 4393490960508 us: [pid:4154523 tid: 0x7ff56a04a200] Unpinned read path, Async = 0
:4:rocmemory.cpp            :1018: 4393490972151 us: [pid:4154523 tid: 0x7ff56a04a200] Locking to pool 0x4017aed0, size 0x1d4d000, HostPtr = 0x7ff56629f000, DevPtr = 0x7ff56629f000
:4:rocblit.cpp              :623 : 4393490972174 us: [pid:4154523 tid: 0x7ff56a04a200] HSA Copy Using Pinned resource size 30720000
:4:rocblit.cpp              :687 : 4393490972185 us: [pid:4154523 tid: 0x7ff56a04a200] HSA Async Copy staged D2H
:4:rocblit.cpp              :503 : 4393490972194 us: [pid:4154523 tid: 0x7ff56a04a200] Last copy mask 0x0
:4:rocblit.cpp              :509 : 4393490972203 us: [pid:4154523 tid: 0x7ff56a04a200] Query copy engine status 0, free_engine mask 0x1e
:4:rocblit.cpp              :520 : 4393490972566 us: [pid:4154523 tid: 0x7ff56a04a200] HSA Async Copy on copy_engine=0x2, dst=0x7ff56629f010, src=0x7ff40e400000, size=30720000, forceSDMA=0, wait_event=0x0, completion_signal=0x7ff5609ff380
:4:rocvirtual.cpp           :622 : 4393490979045 us: [pid:4154523 tid: 0x7ff56a04a200] Host wait on completion_signal=0x7ff5609ff380
:3:rocvirtual.hpp           :56  : 4393490979071 us: [pid:4154523 tid: 0x7ff56a04a200] Host active wait for Signal = (0x7ff5609ff380) for -1 ns
:4:commandqueue.cpp         :161 : 4393490980159 us: [pid:4154523 tid: 0x7ff56a04a200] Marker queued to ensure finish
:4:command.cpp              :359 : 4393490980172 us: [pid:4154523 tid: 0x7ff56a04a200] Command (InternalMarker) enqueued: 0x40906820
:3:rocvirtual.cpp           :533 : 4393490980196 us: [pid:4154523 tid: 0x7ff56a04a200] Set Handler: handle(0x7ff5609fd100), timestamp(0x40923130)
:4:rocvirtual.cpp           :1147: 4393490980205 us: [pid:4154523 tid: 0x7ff56a04a200] SWq=0x7ff56a034000, HWq=0x7ff54da00000, id=1, BarrierAND Header = 0x1503 (type=3, barrier=1, acquire=2, release=2), dep_signal=[0x0, 0x0, 0x0, 0x0, 0x0], completion_signal=0x7ff5609fd100
:4:commandqueue.cpp         :184 : 4393490980216 us: [pid:4154523 tid: 0x7ff56a04a200] All commands finished
:3:hip_memory.cpp           :796 : 4393490980222 us: [pid:4154523 tid: 0x7ff56a04a200] hipMemcpy: Returned hipSuccess : : duration: 19761 us
:3:rocvirtual.cpp           :226 : 4393490980233 us: [pid:4154523 tid: 0x7ff42fbff6c0] Handler: value(0), timestamp(0x402bbe90), handle(0x7ff5609fd100)
:4:command.cpp              :169 : 4393490980249 us: [pid:4154523 tid: 0x7ff42fbff6c0] Command 0x4098fc80 complete
:3:hip_memory.cpp           :3476: 4393490980234 us: [pid:4154523 tid: 0x7ff56a04a200] [32m hipMemset ( 0x7ff40e400000, 0, 30720000 ) [0m
:4:command.cpp              :359 : 4393490980273 us: [pid:4154523 tid: 0x7ff56a04a200] Command (FillBuffer) enqueued: 0x407df6b0
:4:command.cpp              :163 : 4393490980258 us: [pid:4154523 tid: 0x7ff42fbff6c0] Command 0x40906820 complete (Wall: 4393490980257, CPU: 0, GPU: 71 us)
:3:rocvirtual.cpp           :762 : 4393490980295 us: [pid:4154523 tid: 0x7ff56a04a200] Arg0: void* buf = ptr:0x7ff40e400000
:3:rocvirtual.cpp           :778 : 4393490980764 us: [pid:4154523 tid: 0x7ff56a04a200] Arg0: void* buf = ptr:0x7ff40e400000 obj:[0x7ff40e400000-0x7ff41014c000]
:3:rocvirtual.cpp           :762 : 4393490980782 us: [pid:4154523 tid: 0x7ff56a04a200] Arg1: uchar* pattern = ptr:0x7ff54d800000
:3:rocvirtual.cpp           :853 : 4393490980790 us: [pid:4154523 tid: 0x7ff56a04a200] Arg2: uint pattern_size = val:1
:3:rocvirtual.cpp           :853 : 4393490980795 us: [pid:4154523 tid: 0x7ff56a04a200] Arg3: uint alignment = val:16
:3:rocvirtual.cpp           :853 : 4393490980800 us: [pid:4154523 tid: 0x7ff56a04a200] Arg4: ulong end_ptr = val:140686218543104
:3:rocvirtual.cpp           :853 : 4393490980807 us: [pid:4154523 tid: 0x7ff56a04a200] Arg5: uint next_chunk = val:26624
:3:rocvirtual.cpp           :3236: 4393490980812 us: [pid:4154523 tid: 0x7ff56a04a200] ShaderName : __amd_rocclr_fillBufferAligned
:3:rocvirtual.cpp           :3449: 4393490980821 us: [pid:4154523 tid: 0x7ff56a04a200] KernargSegmentByteSize = 296 KernargSegmentAlignment = 128
:4:rocvirtual.cpp           :965 : 4393490980830 us: [pid:4154523 tid: 0x7ff56a04a200] SWq=0x7ff56a034000, HWq=0x7ff54da00000, id=1, Dispatch Header = 0x1502 (type=2, barrier=1, acquire=2, release=2), setup=1, grid=[26624, 1, 1], workgroup=[256, 1, 1], private_seg_size=0, group_seg_size=0, kernel_obj=0x7ff56a025d40, kernarg_address=0x7ff54d800100, completion_signal=0x0, correlation_id=0, rptr=11, wptr=11
:3:hip_memory.cpp           :3477: 4393490980845 us: [pid:4154523 tid: 0x7ff56a04a200] hipMemset: Returned hipSuccess : 
:3:hip_device_runtime.cpp   :641 : 4393490980851 us: [pid:4154523 tid: 0x7ff56a04a200] [32m hipDeviceSynchronize (  ) [0m
:4:commandqueue.cpp         :161 : 4393490980856 us: [pid:4154523 tid: 0x7ff56a04a200] Marker queued to ensure finish
:4:command.cpp              :359 : 4393490980861 us: [pid:4154523 tid: 0x7ff56a04a200] Command (InternalMarker) enqueued: 0x40ad2940
:3:rocvirtual.cpp           :533 : 4393490981344 us: [pid:4154523 tid: 0x7ff56a04a200] Set Handler: handle(0x7ff5609fd080), timestamp(0x4027ca50)
:4:rocvirtual.cpp           :1147: 4393490981354 us: [pid:4154523 tid: 0x7ff56a04a200] SWq=0x7ff56a034000, HWq=0x7ff54da00000, id=1, BarrierAND Header = 0x1503 (type=3, barrier=1, acquire=2, release=2), dep_signal=[0x0, 0x0, 0x0, 0x0, 0x0], completion_signal=0x7ff5609fd080
:4:commandqueue.cpp         :184 : 4393490981365 us: [pid:4154523 tid: 0x7ff56a04a200] All commands finished
:3:hip_device_runtime.cpp   :645 : 4393490981372 us: [pid:4154523 tid: 0x7ff56a04a200] hipDeviceSynchronize: Returned hipSuccess : 
:3:hip_platform.cpp         :237 : 4393490981387 us: [pid:4154523 tid: 0x7ff56a04a200] [32m __hipPushCallConfiguration ( {8,1,1}, {128,1,1}, 0, stream:<null> ) [0m
:3:hip_platform.cpp         :241 : 4393490981402 us: [pid:4154523 tid: 0x7ff56a04a200] __hipPushCallConfiguration: Returned hipSuccess : 
:3:rocvirtual.cpp           :226 : 4393490981390 us: [pid:4154523 tid: 0x7ff42fbff6c0] Handler: value(0), timestamp(0x40a9d640), handle(0x7ff5609fd080)
:3:hip_platform.cpp         :246 : 4393490981417 us: [pid:4154523 tid: 0x7ff56a04a200] [32m __hipPopCallConfiguration ( {1951258706,32757,128}, {2118224,0,278018480}, 0x7ffc10923700, 0x7ffc109236f8 ) [0m
:4:command.cpp              :169 : 4393490981436 us: [pid:4154523 tid: 0x7ff42fbff6c0] Command 0x407df6b0 complete
:3:hip_platform.cpp         :255 : 4393490981457 us: [pid:4154523 tid: 0x7ff56a04a200] __hipPopCallConfiguration: Returned hipSuccess : 
:4:command.cpp              :163 : 4393490981463 us: [pid:4154523 tid: 0x7ff42fbff6c0] Command 0x40ad2940 complete (Wall: 4393490981461, CPU: 0, GPU: 135 us)
:3:hip_module.cpp           :744 : 4393490981479 us: [pid:4154523 tid: 0x7ff56a04a200] [32m hipLaunchKernel ( 0x200fe0, {8,1,1}, {128,1,1}, 0x7ffc109236b0, 0, stream:<null> ) [0m
:4:command.cpp              :359 : 4393490981857 us: [pid:4154523 tid: 0x7ff56a04a200] Command (KernelExecution) enqueued: 0x40a9fbc0
:3:rocvirtual.cpp           :762 : 4393490981875 us: [pid:4154523 tid: 0x7ff56a04a200] Arg0:   = ptr:0x7ff433a00000
:3:rocvirtual.cpp           :778 : 4393490981882 us: [pid:4154523 tid: 0x7ff56a04a200] Arg0:   = ptr:0x7ff433a00000 obj:[0x7ff433a00000-0x7ff43574c000]
:3:rocvirtual.cpp           :762 : 4393490981901 us: [pid:4154523 tid: 0x7ff56a04a200] Arg1:   = ptr:0x7ff54cc00000
:3:rocvirtual.cpp           :778 : 4393490981908 us: [pid:4154523 tid: 0x7ff56a04a200] Arg1:   = ptr:0x7ff54cc00000 obj:[0x7ff54cc00000-0x7ff54cc06000]
:3:rocvirtual.cpp           :762 : 4393490981924 us: [pid:4154523 tid: 0x7ff56a04a200] Arg2:   = ptr:0x7ff40e400000
:3:rocvirtual.cpp           :778 : 4393490981928 us: [pid:4154523 tid: 0x7ff56a04a200] Arg2:   = ptr:0x7ff40e400000 obj:[0x7ff40e400000-0x7ff41014c000]
:3:rocvirtual.cpp           :853 : 4393490981939 us: [pid:4154523 tid: 0x7ff56a04a200] Arg3:   = val:768
:3:rocvirtual.cpp           :762 : 4393490981944 us: [pid:4154523 tid: 0x7ff56a04a200] Arg4:   = ptr:0x7ff54cc06000
:3:rocvirtual.cpp           :778 : 4393490981949 us: [pid:4154523 tid: 0x7ff56a04a200] Arg4:   = ptr:0x7ff54cc06000 obj:[0x7ff54cc06000-0x7ff54cc06024]
:3:rocvirtual.cpp           :3236: 4393490981973 us: [pid:4154523 tid: 0x7ff56a04a200] ShaderName : void dense_esuhm2<float>(float const*, float const*, float*, int, int const*)
:3:rocvirtual.cpp           :3449: 4393490981984 us: [pid:4154523 tid: 0x7ff56a04a200] KernargSegmentByteSize = 296 KernargSegmentAlignment = 128
:4:rocvirtual.cpp           :965 : 4393490981993 us: [pid:4154523 tid: 0x7ff56a04a200] SWq=0x7ff56a034000, HWq=0x7ff54da00000, id=1, Dispatch Header = 0xb02 (type=2, barrier=1, acquire=1, release=1), setup=3, grid=[1024, 1, 1], workgroup=[128, 1, 1], private_seg_size=140, group_seg_size=0, kernel_obj=0x7ff560a919c0, kernarg_address=0x7ff54d800280, completion_signal=0x0, correlation_id=0, rptr=13, wptr=13
:3:hip_module.cpp           :745 : 4393490982370 us: [pid:4154523 tid: 0x7ff56a04a200] hipLaunchKernel: Returned hipSuccess : : duration: 891 us
:3:hip_device_runtime.cpp   :641 : 4393490982380 us: [pid:4154523 tid: 0x7ff56a04a200] [32m hipDeviceSynchronize (  ) [0m
:4:commandqueue.cpp         :161 : 4393490982385 us: [pid:4154523 tid: 0x7ff56a04a200] Marker queued to ensure finish
:4:command.cpp              :359 : 4393490982395 us: [pid:4154523 tid: 0x7ff56a04a200] Command (InternalMarker) enqueued: 0x40ad2940
:3:rocvirtual.cpp           :533 : 4393490982413 us: [pid:4154523 tid: 0x7ff56a04a200] Set Handler: handle(0x7ff5609fd000), timestamp(0x406f0680)
:4:rocvirtual.cpp           :1147: 4393490982423 us: [pid:4154523 tid: 0x7ff56a04a200] SWq=0x7ff56a034000, HWq=0x7ff54da00000, id=1, BarrierAND Header = 0x1503 (type=3, barrier=1, acquire=2, release=2), dep_signal=[0x0, 0x0, 0x0, 0x0, 0x0], completion_signal=0x7ff5609fd000
:3:rocvirtual.hpp           :56  : 4393490982434 us: [pid:4154523 tid: 0x7ff56a04a200] Host active wait for Signal = (0x7ff5609fd000) for -1 ns
:4:commandqueue.cpp         :184 : 4393490982471 us: [pid:4154523 tid: 0x7ff56a04a200] All commands finished
:3:hip_device_runtime.cpp   :645 : 4393490982476 us: [pid:4154523 tid: 0x7ff56a04a200] hipDeviceSynchronize: Returned hipSuccess : 
:3:rocvirtual.cpp           :226 : 4393490982486 us: [pid:4154523 tid: 0x7ff42fbff6c0] Handler: value(0), timestamp(0x406f05d0), handle(0x7ff5609fd000)
:4:command.cpp              :169 : 4393490982873 us: [pid:4154523 tid: 0x7ff42fbff6c0] Command 0x40a9fbc0 complete
:4:command.cpp              :163 : 4393490982882 us: [pid:4154523 tid: 0x7ff42fbff6c0] Command 0x40ad2940 complete (Wall: 4393490982880, CPU: 0, GPU: 477 us)
:3:hip_memory.cpp           :795 : 4393490982865 us: [pid:4154523 tid: 0x7ff56a04a200] [32m hipMemcpy ( 0x7ff564552010, 0x7ff40e400000, 30720000, hipMemcpyDeviceToHost ) [0m
:4:command.cpp              :359 : 4393490982927 us: [pid:4154523 tid: 0x7ff56a04a200] Command (CopyDeviceToHost) enqueued: 0x40ac7460
:4:rocblit.cpp              :1673: 4393490982939 us: [pid:4154523 tid: 0x7ff56a04a200] Unpinned read path, Async = 0
:4:rocmemory.cpp            :1018: 4393490995932 us: [pid:4154523 tid: 0x7ff56a04a200] Locking to pool 0x4017aed0, size 0x1d4d000, HostPtr = 0x7ff564552000, DevPtr = 0x7ff564552000
:4:rocblit.cpp              :623 : 4393490995961 us: [pid:4154523 tid: 0x7ff56a04a200] HSA Copy Using Pinned resource size 30720000
:4:rocblit.cpp              :687 : 4393490996475 us: [pid:4154523 tid: 0x7ff56a04a200] HSA Async Copy staged D2H
:4:rocblit.cpp              :503 : 4393490996489 us: [pid:4154523 tid: 0x7ff56a04a200] Last copy mask 0x0
:4:rocblit.cpp              :509 : 4393490996498 us: [pid:4154523 tid: 0x7ff56a04a200] Query copy engine status 0, free_engine mask 0x1e
:4:rocblit.cpp              :520 : 4393490996508 us: [pid:4154523 tid: 0x7ff56a04a200] HSA Async Copy on copy_engine=0x2, dst=0x7ff564552010, src=0x7ff40e400000, size=30720000, forceSDMA=0, wait_event=0x0, completion_signal=0x7ff5609ff180
:4:rocvirtual.cpp           :622 : 4393490996521 us: [pid:4154523 tid: 0x7ff56a04a200] Host wait on completion_signal=0x7ff5609ff180
:3:rocvirtual.hpp           :56  : 4393490996531 us: [pid:4154523 tid: 0x7ff56a04a200] Host active wait for Signal = (0x7ff5609ff180) for -1 ns
:4:commandqueue.cpp         :161 : 4393490997646 us: [pid:4154523 tid: 0x7ff56a04a200] Marker queued to ensure finish
:4:command.cpp              :359 : 4393490997659 us: [pid:4154523 tid: 0x7ff56a04a200] Command (InternalMarker) enqueued: 0x40ad2940
:3:rocvirtual.cpp           :533 : 4393490997679 us: [pid:4154523 tid: 0x7ff56a04a200] Set Handler: handle(0x7ff5609fcf80), timestamp(0x406f02d0)
:4:rocvirtual.cpp           :1147: 4393490997688 us: [pid:4154523 tid: 0x7ff56a04a200] SWq=0x7ff56a034000, HWq=0x7ff54da00000, id=1, BarrierAND Header = 0x1503 (type=3, barrier=1, acquire=2, release=2), dep_signal=[0x0, 0x0, 0x0, 0x0, 0x0], completion_signal=0x7ff5609fcf80
:3:rocvirtual.hpp           :56  : 4393490997699 us: [pid:4154523 tid: 0x7ff56a04a200] Host active wait for Signal = (0x7ff5609fcf80) for -1 ns
:4:commandqueue.cpp         :184 : 4393490997707 us: [pid:4154523 tid: 0x7ff56a04a200] All commands finished
:3:hip_memory.cpp           :796 : 4393490997712 us: [pid:4154523 tid: 0x7ff56a04a200] hipMemcpy: Returned hipSuccess : : duration: 14847 us
:3:rocvirtual.cpp           :226 : 4393490997717 us: [pid:4154523 tid: 0x7ff42fbff6c0] Handler: value(0), timestamp(0x406f05d0), handle(0x7ff5609fcf80)
:4:command.cpp              :169 : 4393490997738 us: [pid:4154523 tid: 0x7ff42fbff6c0] Command 0x40ac7460 complete
:4:command.cpp              :163 : 4393490997745 us: [pid:4154523 tid: 0x7ff42fbff6c0] Command 0x40ad2940 complete (Wall: 4393490997744, CPU: 0, GPU: 74 us)
:3:hip_memory.cpp           :3476: 4393490997725 us: [pid:4154523 tid: 0x7ff56a04a200] [32m hipMemset ( 0x7ff40e400000, 0, 30720000 ) [0m
:4:command.cpp              :359 : 4393490997767 us: [pid:4154523 tid: 0x7ff56a04a200] Command (FillBuffer) enqueued: 0x407db070
:3:rocvirtual.cpp           :762 : 4393490997779 us: [pid:4154523 tid: 0x7ff56a04a200] Arg0: void* buf = ptr:0x7ff40e400000
:3:rocvirtual.cpp           :778 : 4393490997786 us: [pid:4154523 tid: 0x7ff56a04a200] Arg0: void* buf = ptr:0x7ff40e400000 obj:[0x7ff40e400000-0x7ff41014c000]
:3:rocvirtual.cpp           :762 : 4393490998108 us: [pid:4154523 tid: 0x7ff56a04a200] Arg1: uchar* pattern = ptr:0x7ff54d800000
:3:rocvirtual.cpp           :853 : 4393490998117 us: [pid:4154523 tid: 0x7ff56a04a200] Arg2: uint pattern_size = val:1
:3:rocvirtual.cpp           :853 : 4393490998128 us: [pid:4154523 tid: 0x7ff56a04a200] Arg3: uint alignment = val:16
:3:rocvirtual.cpp           :853 : 4393490998133 us: [pid:4154523 tid: 0x7ff56a04a200] Arg4: ulong end_ptr = val:140686218543104
:3:rocvirtual.cpp           :853 : 4393490998143 us: [pid:4154523 tid: 0x7ff56a04a200] Arg5: uint next_chunk = val:26624
:3:rocvirtual.cpp           :3236: 4393490998149 us: [pid:4154523 tid: 0x7ff56a04a200] ShaderName : __amd_rocclr_fillBufferAligned
:3:rocvirtual.cpp           :3449: 4393490998157 us: [pid:4154523 tid: 0x7ff56a04a200] KernargSegmentByteSize = 296 KernargSegmentAlignment = 128
:4:rocvirtual.cpp           :965 : 4393490998167 us: [pid:4154523 tid: 0x7ff56a04a200] SWq=0x7ff56a034000, HWq=0x7ff54da00000, id=1, Dispatch Header = 0x1502 (type=2, barrier=1, acquire=2, release=2), setup=1, grid=[26624, 1, 1], workgroup=[256, 1, 1], private_seg_size=0, group_seg_size=0, kernel_obj=0x7ff56a025d40, kernarg_address=0x7ff54d800100, completion_signal=0x0, correlation_id=0, rptr=16, wptr=16
:3:hip_memory.cpp           :3477: 4393490998190 us: [pid:4154523 tid: 0x7ff56a04a200] hipMemset: Returned hipSuccess : 
:3:hip_device_runtime.cpp   :641 : 4393490998195 us: [pid:4154523 tid: 0x7ff56a04a200] [32m hipDeviceSynchronize (  ) [0m
:4:commandqueue.cpp         :161 : 4393490998201 us: [pid:4154523 tid: 0x7ff56a04a200] Marker queued to ensure finish
:4:command.cpp              :359 : 4393490998205 us: [pid:4154523 tid: 0x7ff56a04a200] Command (InternalMarker) enqueued: 0x40ad2940
:3:rocvirtual.cpp           :533 : 4393490998231 us: [pid:4154523 tid: 0x7ff56a04a200] Set Handler: handle(0x7ff5609fcf00), timestamp(0x40923390)
:4:rocvirtual.cpp           :1147: 4393490998242 us: [pid:4154523 tid: 0x7ff56a04a200] SWq=0x7ff56a034000, HWq=0x7ff54da00000, id=1, BarrierAND Header = 0x1503 (type=3, barrier=1, acquire=2, release=2), dep_signal=[0x0, 0x0, 0x0, 0x0, 0x0], completion_signal=0x7ff5609fcf00
:4:commandqueue.cpp         :184 : 4393490998572 us: [pid:4154523 tid: 0x7ff56a04a200] All commands finished
:3:rocvirtual.cpp           :226 : 4393490998265 us: [pid:4154523 tid: 0x7ff42fbff6c0] Handler: value(0), timestamp(0x406f0390), handle(0x7ff5609fcf00)
:4:command.cpp              :169 : 4393490998595 us: [pid:4154523 tid: 0x7ff42fbff6c0] Command 0x407db070 complete
:3:hip_device_runtime.cpp   :645 : 4393490998586 us: [pid:4154523 tid: 0x7ff56a04a200] hipDeviceSynchronize: Returned hipSuccess : 
:4:command.cpp              :163 : 4393490998604 us: [pid:4154523 tid: 0x7ff42fbff6c0] Command 0x40ad2940 complete (Wall: 4393490998602, CPU: 0, GPU: 389 us)
:3:hip_platform.cpp         :237 : 4393490998617 us: [pid:4154523 tid: 0x7ff56a04a200] [32m __hipPushCallConfiguration ( {8,1,1}, {128,1,1}, 0, stream:<null> ) [0m
:3:hip_platform.cpp         :241 : 4393490998633 us: [pid:4154523 tid: 0x7ff56a04a200] __hipPushCallConfiguration: Returned hipSuccess : 
:3:hip_platform.cpp         :246 : 4393490998643 us: [pid:4154523 tid: 0x7ff56a04a200] [32m __hipPopCallConfiguration ( {1951258706,32757,128}, {2118224,0,278018480}, 0x7ffc10923700, 0x7ffc109236f8 ) [0m
:3:hip_platform.cpp         :255 : 4393490998651 us: [pid:4154523 tid: 0x7ff56a04a200] __hipPopCallConfiguration: Returned hipSuccess : 
:3:hip_module.cpp           :744 : 4393490998662 us: [pid:4154523 tid: 0x7ff56a04a200] [32m hipLaunchKernel ( 0x200fe8, {8,1,1}, {128,1,1}, 0x7ffc109236b0, 0, stream:<null> ) [0m
:4:command.cpp              :359 : 4393490998676 us: [pid:4154523 tid: 0x7ff56a04a200] Command (KernelExecution) enqueued: 0x409234f0
:3:rocvirtual.cpp           :762 : 4393490998685 us: [pid:4154523 tid: 0x7ff56a04a200] Arg0:   = ptr:0x7ff433a00000
:3:rocvirtual.cpp           :778 : 4393490998689 us: [pid:4154523 tid: 0x7ff56a04a200] Arg0:   = ptr:0x7ff433a00000 obj:[0x7ff433a00000-0x7ff43574c000]
:3:rocvirtual.cpp           :762 : 4393490999115 us: [pid:4154523 tid: 0x7ff56a04a200] Arg1:   = ptr:0x7ff54cc00000
:3:rocvirtual.cpp           :778 : 4393490999120 us: [pid:4154523 tid: 0x7ff56a04a200] Arg1:   = ptr:0x7ff54cc00000 obj:[0x7ff54cc00000-0x7ff54cc06000]
:3:rocvirtual.cpp           :762 : 4393490999128 us: [pid:4154523 tid: 0x7ff56a04a200] Arg2:   = ptr:0x7ff40e400000
:3:rocvirtual.cpp           :778 : 4393490999132 us: [pid:4154523 tid: 0x7ff56a04a200] Arg2:   = ptr:0x7ff40e400000 obj:[0x7ff40e400000-0x7ff41014c000]
:3:rocvirtual.cpp           :853 : 4393490999140 us: [pid:4154523 tid: 0x7ff56a04a200] Arg3:   = val:768
:3:rocvirtual.cpp           :762 : 4393490999144 us: [pid:4154523 tid: 0x7ff56a04a200] Arg4:   = ptr:0x7ff54cc06000
:3:rocvirtual.cpp           :778 : 4393490999161 us: [pid:4154523 tid: 0x7ff56a04a200] Arg4:   = ptr:0x7ff54cc06000 obj:[0x7ff54cc06000-0x7ff54cc06024]
:3:rocvirtual.cpp           :3236: 4393490999176 us: [pid:4154523 tid: 0x7ff56a04a200] ShaderName : void dense_esuhm3<float>(float const*, float const*, float*, int, int const*)
:3:rocvirtual.cpp           :3449: 4393490999185 us: [pid:4154523 tid: 0x7ff56a04a200] KernargSegmentByteSize = 296 KernargSegmentAlignment = 128
:4:rocvirtual.cpp           :965 : 4393490999197 us: [pid:4154523 tid: 0x7ff56a04a200] SWq=0x7ff56a034000, HWq=0x7ff54da00000, id=1, Dispatch Header = 0xb02 (type=2, barrier=1, acquire=1, release=1), setup=3, grid=[1024, 1, 1], workgroup=[128, 1, 1], private_seg_size=140, group_seg_size=0, kernel_obj=0x7ff560a91a00, kernarg_address=0x7ff54d800280, completion_signal=0x0, correlation_id=0, rptr=18, wptr=18
:3:hip_module.cpp           :745 : 4393490999218 us: [pid:4154523 tid: 0x7ff56a04a200] hipLaunchKernel: Returned hipSuccess : : duration: 556 us
:3:hip_device_runtime.cpp   :641 : 4393490999227 us: [pid:4154523 tid: 0x7ff56a04a200] [32m hipDeviceSynchronize (  ) [0m
:4:commandqueue.cpp         :161 : 4393490999234 us: [pid:4154523 tid: 0x7ff56a04a200] Marker queued to ensure finish
:4:command.cpp              :359 : 4393490999251 us: [pid:4154523 tid: 0x7ff56a04a200] Command (InternalMarker) enqueued: 0x40ad2940
:3:rocvirtual.cpp           :533 : 4393490999267 us: [pid:4154523 tid: 0x7ff56a04a200] Set Handler: handle(0x7ff5609fce80), timestamp(0x40897670)
:4:rocvirtual.cpp           :1147: 4393490999653 us: [pid:4154523 tid: 0x7ff56a04a200] SWq=0x7ff56a034000, HWq=0x7ff54da00000, id=1, BarrierAND Header = 0x1503 (type=3, barrier=1, acquire=2, release=2), dep_signal=[0x0, 0x0, 0x0, 0x0, 0x0], completion_signal=0x7ff5609fce80
:4:commandqueue.cpp         :184 : 4393490999668 us: [pid:4154523 tid: 0x7ff56a04a200] All commands finished
:3:rocvirtual.cpp           :226 : 4393490999679 us: [pid:4154523 tid: 0x7ff42fbff6c0] Handler: value(0), timestamp(0x408975c0), handle(0x7ff5609fce80)
:4:command.cpp              :169 : 4393490999696 us: [pid:4154523 tid: 0x7ff42fbff6c0] Command 0x409234f0 complete
:3:hip_device_runtime.cpp   :645 : 4393490999681 us: [pid:4154523 tid: 0x7ff56a04a200] hipDeviceSynchronize: Returned hipSuccess : 
:4:command.cpp              :163 : 4393490999704 us: [pid:4154523 tid: 0x7ff42fbff6c0] Command 0x40ad2940 complete (Wall: 4393490999703, CPU: 0, GPU: 442 us)
:3:hip_memory.cpp           :795 : 4393490999717 us: [pid:4154523 tid: 0x7ff56a04a200] [32m hipMemcpy ( 0x7ff562805010, 0x7ff40e400000, 30720000, hipMemcpyDeviceToHost ) [0m
:4:command.cpp              :359 : 4393490999751 us: [pid:4154523 tid: 0x7ff56a04a200] Command (CopyDeviceToHost) enqueued: 0x40897730
:4:rocblit.cpp              :1673: 4393490999764 us: [pid:4154523 tid: 0x7ff56a04a200] Unpinned read path, Async = 0
:4:rocmemory.cpp            :1018: 4393491010832 us: [pid:4154523 tid: 0x7ff56a04a200] Locking to pool 0x4017aed0, size 0x1d4d000, HostPtr = 0x7ff562805000, DevPtr = 0x7ff562805000
:4:rocblit.cpp              :623 : 4393491010852 us: [pid:4154523 tid: 0x7ff56a04a200] HSA Copy Using Pinned resource size 30720000
:4:rocblit.cpp              :687 : 4393491010859 us: [pid:4154523 tid: 0x7ff56a04a200] HSA Async Copy staged D2H
:4:rocblit.cpp              :503 : 4393491010871 us: [pid:4154523 tid: 0x7ff56a04a200] Last copy mask 0x0
:4:rocblit.cpp              :509 : 4393491010878 us: [pid:4154523 tid: 0x7ff56a04a200] Query copy engine status 0, free_engine mask 0x1e
:4:rocblit.cpp              :520 : 4393491010888 us: [pid:4154523 tid: 0x7ff56a04a200] HSA Async Copy on copy_engine=0x2, dst=0x7ff562805010, src=0x7ff40e400000, size=30720000, forceSDMA=0, wait_event=0x0, completion_signal=0x7ff5609fef80
:4:rocvirtual.cpp           :622 : 4393491010898 us: [pid:4154523 tid: 0x7ff56a04a200] Host wait on completion_signal=0x7ff5609fef80
:3:rocvirtual.hpp           :56  : 4393491010911 us: [pid:4154523 tid: 0x7ff56a04a200] Host active wait for Signal = (0x7ff5609fef80) for -1 ns
:4:commandqueue.cpp         :161 : 4393491012012 us: [pid:4154523 tid: 0x7ff56a04a200] Marker queued to ensure finish
:4:command.cpp              :359 : 4393491012026 us: [pid:4154523 tid: 0x7ff56a04a200] Command (InternalMarker) enqueued: 0x40ad2940
:3:rocvirtual.cpp           :533 : 4393491012050 us: [pid:4154523 tid: 0x7ff56a04a200] Set Handler: handle(0x7ff5609fce00), timestamp(0x408978f0)
:4:rocvirtual.cpp           :1147: 4393491012072 us: [pid:4154523 tid: 0x7ff56a04a200] SWq=0x7ff56a034000, HWq=0x7ff54da00000, id=1, BarrierAND Header = 0x1503 (type=3, barrier=1, acquire=2, release=2), dep_signal=[0x0, 0x0, 0x0, 0x0, 0x0], completion_signal=0x7ff5609fce00
:4:commandqueue.cpp         :184 : 4393491012084 us: [pid:4154523 tid: 0x7ff56a04a200] All commands finished
:3:hip_memory.cpp           :796 : 4393491012091 us: [pid:4154523 tid: 0x7ff56a04a200] hipMemcpy: Returned hipSuccess : : duration: 12374 us
:3:rocvirtual.cpp           :226 : 4393491012106 us: [pid:4154523 tid: 0x7ff42fbff6c0] Handler: value(0), timestamp(0x408975c0), handle(0x7ff5609fce00)
:4:command.cpp              :169 : 4393491012123 us: [pid:4154523 tid: 0x7ff42fbff6c0] Command 0x40897730 complete
:4:command.cpp              :163 : 4393491012131 us: [pid:4154523 tid: 0x7ff42fbff6c0] Command 0x40ad2940 complete (Wall: 4393491012129, CPU: 0, GPU: 94 us)
:3:hip_memory.cpp           :3476: 4393491095576 us: [pid:4154523 tid: 0x7ff56a04a200] [32m hipMemset ( 0x7ff40e400000, 0, 30720000 ) [0m
:4:command.cpp              :359 : 4393491095609 us: [pid:4154523 tid: 0x7ff56a04a200] Command (FillBuffer) enqueued: 0x40925600
:3:rocvirtual.cpp           :762 : 4393491095634 us: [pid:4154523 tid: 0x7ff56a04a200] Arg0: void* buf = ptr:0x7ff40e400000
:3:rocvirtual.cpp           :778 : 4393491096057 us: [pid:4154523 tid: 0x7ff56a04a200] Arg0: void* buf = ptr:0x7ff40e400000 obj:[0x7ff40e400000-0x7ff41014c000]
:3:rocvirtual.cpp           :762 : 4393491096066 us: [pid:4154523 tid: 0x7ff56a04a200] Arg1: uchar* pattern = ptr:0x7ff54d800000
:3:rocvirtual.cpp           :853 : 4393491096075 us: [pid:4154523 tid: 0x7ff56a04a200] Arg2: uint pattern_size = val:1
:3:rocvirtual.cpp           :853 : 4393491096082 us: [pid:4154523 tid: 0x7ff56a04a200] Arg3: uint alignment = val:16
:3:rocvirtual.cpp           :853 : 4393491096092 us: [pid:4154523 tid: 0x7ff56a04a200] Arg4: ulong end_ptr = val:140686218543104
:3:rocvirtual.cpp           :853 : 4393491096099 us: [pid:4154523 tid: 0x7ff56a04a200] Arg5: uint next_chunk = val:26624
:3:rocvirtual.cpp           :3236: 4393491096104 us: [pid:4154523 tid: 0x7ff56a04a200] ShaderName : __amd_rocclr_fillBufferAligned
:3:rocvirtual.cpp           :3449: 4393491096113 us: [pid:4154523 tid: 0x7ff56a04a200] KernargSegmentByteSize = 296 KernargSegmentAlignment = 128
:4:rocvirtual.cpp           :965 : 4393491096125 us: [pid:4154523 tid: 0x7ff56a04a200] SWq=0x7ff56a034000, HWq=0x7ff54da00000, id=1, Dispatch Header = 0x1502 (type=2, barrier=1, acquire=2, release=2), setup=1, grid=[26624, 1, 1], workgroup=[256, 1, 1], private_seg_size=0, group_seg_size=0, kernel_obj=0x7ff56a025d40, kernarg_address=0x7ff54d800100, completion_signal=0x0, correlation_id=0, rptr=21, wptr=21
:3:hip_memory.cpp           :3477: 4393491096149 us: [pid:4154523 tid: 0x7ff56a04a200] hipMemset: Returned hipSuccess : 
:3:hip_device_runtime.cpp   :641 : 4393491096157 us: [pid:4154523 tid: 0x7ff56a04a200] [32m hipDeviceSynchronize (  ) [0m
:4:commandqueue.cpp         :161 : 4393491096168 us: [pid:4154523 tid: 0x7ff56a04a200] Marker queued to ensure finish
:4:command.cpp              :359 : 4393491096173 us: [pid:4154523 tid: 0x7ff56a04a200] Command (InternalMarker) enqueued: 0x40ad2940
:3:rocvirtual.cpp           :533 : 4393491096205 us: [pid:4154523 tid: 0x7ff56a04a200] Set Handler: handle(0x7ff5609fcd80), timestamp(0x40923680)
:4:rocvirtual.cpp           :1147: 4393491096224 us: [pid:4154523 tid: 0x7ff56a04a200] SWq=0x7ff56a034000, HWq=0x7ff54da00000, id=1, BarrierAND Header = 0x1503 (type=3, barrier=1, acquire=2, release=2), dep_signal=[0x0, 0x0, 0x0, 0x0, 0x0], completion_signal=0x7ff5609fcd80
:3:rocvirtual.cpp           :226 : 4393491096270 us: [pid:4154523 tid: 0x7ff42fbff6c0] Handler: value(0), timestamp(0x409235d0), handle(0x7ff5609fcd80)
:4:commandqueue.cpp         :184 : 4393491097186 us: [pid:4154523 tid: 0x7ff56a04a200] All commands finished
:4:command.cpp              :169 : 4393491097216 us: [pid:4154523 tid: 0x7ff42fbff6c0] Command 0x40925600 complete
:3:hip_device_runtime.cpp   :645 : 4393491097218 us: [pid:4154523 tid: 0x7ff56a04a200] hipDeviceSynchronize: Returned hipSuccess : 
:4:command.cpp              :163 : 4393491097235 us: [pid:4154523 tid: 0x7ff42fbff6c0] Command 0x40ad2940 complete (Wall: 4393491097233, CPU: 0, GPU: 1051 us)
:3:hip_platform.cpp         :237 : 4393491097259 us: [pid:4154523 tid: 0x7ff56a04a200] [32m __hipPushCallConfiguration ( {8,1,1}, {256,1,1}, 0, stream:<null> ) [0m
:3:hip_platform.cpp         :241 : 4393491097292 us: [pid:4154523 tid: 0x7ff56a04a200] __hipPushCallConfiguration: Returned hipSuccess : 
:3:hip_platform.cpp         :246 : 4393491097302 us: [pid:4154523 tid: 0x7ff56a04a200] [32m __hipPopCallConfiguration ( {1951258706,32757,256}, {2118224,0,278018480}, 0x7ffc10923700, 0x7ffc109236f8 ) [0m
:3:hip_platform.cpp         :255 : 4393491097312 us: [pid:4154523 tid: 0x7ff56a04a200] __hipPopCallConfiguration: Returned hipSuccess : 
:3:hip_module.cpp           :744 : 4393491097330 us: [pid:4154523 tid: 0x7ff56a04a200] [32m hipLaunchKernel ( 0x200fd8, {8,1,1}, {256,1,1}, 0x7ffc109236b0, 0, stream:<null> ) [0m
:4:command.cpp              :359 : 4393491097353 us: [pid:4154523 tid: 0x7ff56a04a200] Command (KernelExecution) enqueued: 0x40972420
:3:rocvirtual.cpp           :762 : 4393491097363 us: [pid:4154523 tid: 0x7ff56a04a200] Arg0:   = ptr:0x7ff433a00000
:3:rocvirtual.cpp           :778 : 4393491097370 us: [pid:4154523 tid: 0x7ff56a04a200] Arg0:   = ptr:0x7ff433a00000 obj:[0x7ff433a00000-0x7ff43574c000]
:3:rocvirtual.cpp           :762 : 4393491097822 us: [pid:4154523 tid: 0x7ff56a04a200] Arg1:   = ptr:0x7ff54cc00000
:3:rocvirtual.cpp           :778 : 4393491097827 us: [pid:4154523 tid: 0x7ff56a04a200] Arg1:   = ptr:0x7ff54cc00000 obj:[0x7ff54cc00000-0x7ff54cc06000]
:3:rocvirtual.cpp           :762 : 4393491097834 us: [pid:4154523 tid: 0x7ff56a04a200] Arg2:   = ptr:0x7ff40e400000
:3:rocvirtual.cpp           :778 : 4393491097839 us: [pid:4154523 tid: 0x7ff56a04a200] Arg2:   = ptr:0x7ff40e400000 obj:[0x7ff40e400000-0x7ff41014c000]
:3:rocvirtual.cpp           :853 : 4393491097849 us: [pid:4154523 tid: 0x7ff56a04a200] Arg3:   = val:768
:3:rocvirtual.cpp           :762 : 4393491097854 us: [pid:4154523 tid: 0x7ff56a04a200] Arg4:   = ptr:0x7ff54cc06000
:3:rocvirtual.cpp           :778 : 4393491097859 us: [pid:4154523 tid: 0x7ff56a04a200] Arg4:   = ptr:0x7ff54cc06000 obj:[0x7ff54cc06000-0x7ff54cc06024]
:3:rocvirtual.cpp           :3236: 4393491097871 us: [pid:4154523 tid: 0x7ff56a04a200] ShaderName : void dense_esuhm<float>(float const*, float const*, float*, int, int const*)
:3:rocvirtual.cpp           :3449: 4393491097883 us: [pid:4154523 tid: 0x7ff56a04a200] KernargSegmentByteSize = 296 KernargSegmentAlignment = 128
:4:rocvirtual.cpp           :965 : 4393491097897 us: [pid:4154523 tid: 0x7ff56a04a200] SWq=0x7ff56a034000, HWq=0x7ff54da00000, id=1, Dispatch Header = 0xb02 (type=2, barrier=1, acquire=1, release=1), setup=3, grid=[2048, 1, 1], workgroup=[256, 1, 1], private_seg_size=140, group_seg_size=0, kernel_obj=0x7ff560a91980, kernarg_address=0x7ff54d800280, completion_signal=0x0, correlation_id=0, rptr=23, wptr=23
:3:hip_module.cpp           :745 : 4393491097912 us: [pid:4154523 tid: 0x7ff56a04a200] hipLaunchKernel: Returned hipSuccess : : duration: 582 us
:3:hip_device_runtime.cpp   :641 : 4393491097920 us: [pid:4154523 tid: 0x7ff56a04a200] [32m hipDeviceSynchronize (  ) [0m
:4:commandqueue.cpp         :161 : 4393491097925 us: [pid:4154523 tid: 0x7ff56a04a200] Marker queued to ensure finish
:4:command.cpp              :359 : 4393491097930 us: [pid:4154523 tid: 0x7ff56a04a200] Command (InternalMarker) enqueued: 0x40ad2940
:3:rocvirtual.cpp           :533 : 4393491097946 us: [pid:4154523 tid: 0x7ff56a04a200] Set Handler: handle(0x7ff5609fcd00), timestamp(0x40972650)
:4:rocvirtual.cpp           :1147: 4393491097960 us: [pid:4154523 tid: 0x7ff56a04a200] SWq=0x7ff56a034000, HWq=0x7ff54da00000, id=1, BarrierAND Header = 0x1503 (type=3, barrier=1, acquire=2, release=2), dep_signal=[0x0, 0x0, 0x0, 0x0, 0x0], completion_signal=0x7ff5609fcd00
:3:rocvirtual.cpp           :226 : 4393491098013 us: [pid:4154523 tid: 0x7ff42fbff6c0] Handler: value(0), timestamp(0x409725e0), handle(0x7ff5609fcd00)
:4:commandqueue.cpp         :184 : 4393491098324 us: [pid:4154523 tid: 0x7ff56a04a200] All commands finished
:3:hip_device_runtime.cpp   :645 : 4393491098349 us: [pid:4154523 tid: 0x7ff56a04a200] hipDeviceSynchronize: Returned hipSuccess : 
:4:command.cpp              :169 : 4393491098343 us: [pid:4154523 tid: 0x7ff42fbff6c0] Command 0x40972420 complete
:3:hip_memory.cpp           :795 : 4393491098365 us: [pid:4154523 tid: 0x7ff56a04a200] [32m hipMemcpy ( 0x7ff56629f010, 0x7ff40e400000, 30720000, hipMemcpyDeviceToHost ) [0m
:4:command.cpp              :163 : 4393491098368 us: [pid:4154523 tid: 0x7ff42fbff6c0] Command 0x40ad2940 complete (Wall: 4393491098366, CPU: 0, GPU: 429 us)
:4:command.cpp              :359 : 4393491098381 us: [pid:4154523 tid: 0x7ff56a04a200] Command (CopyDeviceToHost) enqueued: 0x40972420
:4:rocblit.cpp              :1673: 4393491098404 us: [pid:4154523 tid: 0x7ff56a04a200] Unpinned read path, Async = 0
:4:rocmemory.cpp            :1018: 4393491098430 us: [pid:4154523 tid: 0x7ff56a04a200] Locking to pool 0x4017aed0, size 0x1d4d000, HostPtr = 0x7ff56629f000, DevPtr = 0x7ff56629f000
:4:rocblit.cpp              :623 : 4393491098439 us: [pid:4154523 tid: 0x7ff56a04a200] HSA Copy Using Pinned resource size 30720000
:4:rocblit.cpp              :687 : 4393491098448 us: [pid:4154523 tid: 0x7ff56a04a200] HSA Async Copy staged D2H
:4:rocblit.cpp              :503 : 4393491098455 us: [pid:4154523 tid: 0x7ff56a04a200] Last copy mask 0x0
:4:rocblit.cpp              :509 : 4393491098976 us: [pid:4154523 tid: 0x7ff56a04a200] Query copy engine status 0, free_engine mask 0x1e
:4:rocblit.cpp              :520 : 4393491098985 us: [pid:4154523 tid: 0x7ff56a04a200] HSA Async Copy on copy_engine=0x2, dst=0x7ff56629f010, src=0x7ff40e400000, size=30720000, forceSDMA=0, wait_event=0x0, completion_signal=0x7ff5609fed80
:4:rocvirtual.cpp           :622 : 4393491098996 us: [pid:4154523 tid: 0x7ff56a04a200] Host wait on completion_signal=0x7ff5609fed80
:3:rocvirtual.hpp           :56  : 4393491099006 us: [pid:4154523 tid: 0x7ff56a04a200] Host active wait for Signal = (0x7ff5609fed80) for -1 ns
:4:commandqueue.cpp         :161 : 4393491100097 us: [pid:4154523 tid: 0x7ff56a04a200] Marker queued to ensure finish
:4:command.cpp              :359 : 4393491100109 us: [pid:4154523 tid: 0x7ff56a04a200] Command (InternalMarker) enqueued: 0x40ad2940
:3:rocvirtual.cpp           :533 : 4393491100127 us: [pid:4154523 tid: 0x7ff56a04a200] Set Handler: handle(0x7ff5609fcc80), timestamp(0x40972760)
:4:rocvirtual.cpp           :1147: 4393491100141 us: [pid:4154523 tid: 0x7ff56a04a200] SWq=0x7ff56a034000, HWq=0x7ff54da00000, id=1, BarrierAND Header = 0x1503 (type=3, barrier=1, acquire=2, release=2), dep_signal=[0x0, 0x0, 0x0, 0x0, 0x0], completion_signal=0x7ff5609fcc80
:4:commandqueue.cpp         :184 : 4393491100152 us: [pid:4154523 tid: 0x7ff56a04a200] All commands finished
:3:hip_memory.cpp           :796 : 4393491100157 us: [pid:4154523 tid: 0x7ff56a04a200] hipMemcpy: Returned hipSuccess : : duration: 1792 us
:3:hip_memory.cpp           :3476: 4393491100174 us: [pid:4154523 tid: 0x7ff56a04a200] [32m hipMemset ( 0x7ff40e400000, 0, 30720000 ) [0m
:4:command.cpp              :359 : 4393491100183 us: [pid:4154523 tid: 0x7ff56a04a200] Command (FillBuffer) enqueued: 0x4098f2e0
:3:rocvirtual.cpp           :226 : 4393491100180 us: [pid:4154523 tid: 0x7ff42fbff6c0] Handler: value(0), timestamp(0x409725e0), handle(0x7ff5609fcc80)
:4:command.cpp              :169 : 4393491100209 us: [pid:4154523 tid: 0x7ff42fbff6c0] Command 0x40972420 complete
:3:rocvirtual.cpp           :762 : 4393491100217 us: [pid:4154523 tid: 0x7ff56a04a200] Arg0: void* buf = ptr:0x7ff40e400000
:3:rocvirtual.cpp           :778 : 4393491100231 us: [pid:4154523 tid: 0x7ff56a04a200] Arg0: void* buf = ptr:0x7ff40e400000 obj:[0x7ff40e400000-0x7ff41014c000]
:3:rocvirtual.cpp           :762 : 4393491100245 us: [pid:4154523 tid: 0x7ff56a04a200] Arg1: uchar* pattern = ptr:0x7ff54d800000
:3:rocvirtual.cpp           :853 : 4393491100260 us: [pid:4154523 tid: 0x7ff56a04a200] Arg2: uint pattern_size = val:1
:4:command.cpp              :163 : 4393491100222 us: [pid:4154523 tid: 0x7ff42fbff6c0] Command 0x40ad2940 complete (Wall: 4393491100221, CPU: 0, GPU: 102 us)
:3:rocvirtual.cpp           :853 : 4393491100269 us: [pid:4154523 tid: 0x7ff56a04a200] Arg3: uint alignment = val:16
:3:rocvirtual.cpp           :853 : 4393491100288 us: [pid:4154523 tid: 0x7ff56a04a200] Arg4: ulong end_ptr = val:140686218543104
:3:rocvirtual.cpp           :853 : 4393491100301 us: [pid:4154523 tid: 0x7ff56a04a200] Arg5: uint next_chunk = val:26624
:3:rocvirtual.cpp           :3236: 4393491100780 us: [pid:4154523 tid: 0x7ff56a04a200] ShaderName : __amd_rocclr_fillBufferAligned
:3:rocvirtual.cpp           :3449: 4393491100790 us: [pid:4154523 tid: 0x7ff56a04a200] KernargSegmentByteSize = 296 KernargSegmentAlignment = 128
:4:rocvirtual.cpp           :965 : 4393491100803 us: [pid:4154523 tid: 0x7ff56a04a200] SWq=0x7ff56a034000, HWq=0x7ff54da00000, id=1, Dispatch Header = 0x1502 (type=2, barrier=1, acquire=2, release=2), setup=1, grid=[26624, 1, 1], workgroup=[256, 1, 1], private_seg_size=0, group_seg_size=0, kernel_obj=0x7ff56a025d40, kernarg_address=0x7ff54d800100, completion_signal=0x0, correlation_id=0, rptr=26, wptr=26
:3:hip_memory.cpp           :3477: 4393491100824 us: [pid:4154523 tid: 0x7ff56a04a200] hipMemset: Returned hipSuccess : 
:3:hip_device_runtime.cpp   :641 : 4393491100830 us: [pid:4154523 tid: 0x7ff56a04a200] [32m hipDeviceSynchronize (  ) [0m
:4:commandqueue.cpp         :161 : 4393491100838 us: [pid:4154523 tid: 0x7ff56a04a200] Marker queued to ensure finish
:4:command.cpp              :359 : 4393491100848 us: [pid:4154523 tid: 0x7ff56a04a200] Command (InternalMarker) enqueued: 0x408d9730
:3:rocvirtual.cpp           :533 : 4393491100865 us: [pid:4154523 tid: 0x7ff56a04a200] Set Handler: handle(0x7ff5609fcc00), timestamp(0x40897630)
:4:rocvirtual.cpp           :1147: 4393491100880 us: [pid:4154523 tid: 0x7ff56a04a200] SWq=0x7ff56a034000, HWq=0x7ff54da00000, id=1, BarrierAND Header = 0x1503 (type=3, barrier=1, acquire=2, release=2), dep_signal=[0x0, 0x0, 0x0, 0x0, 0x0], completion_signal=0x7ff5609fcc00
:4:commandqueue.cpp         :184 : 4393491100890 us: [pid:4154523 tid: 0x7ff56a04a200] All commands finished
:3:hip_device_runtime.cpp   :645 : 4393491100895 us: [pid:4154523 tid: 0x7ff56a04a200] hipDeviceSynchronize: Returned hipSuccess : 
:3:hip_platform.cpp         :237 : 4393491100905 us: [pid:4154523 tid: 0x7ff56a04a200] [32m __hipPushCallConfiguration ( {8,1,1}, {256,1,1}, 0, stream:<null> ) [0m
:3:hip_platform.cpp         :241 : 4393491100914 us: [pid:4154523 tid: 0x7ff56a04a200] __hipPushCallConfiguration: Returned hipSuccess : 
:3:rocvirtual.cpp           :226 : 4393491100906 us: [pid:4154523 tid: 0x7ff42fbff6c0] Handler: value(0), timestamp(0x409728a0), handle(0x7ff5609fcc00)
:3:hip_platform.cpp         :246 : 4393491100926 us: [pid:4154523 tid: 0x7ff56a04a200] [32m __hipPopCallConfiguration ( {1951258706,32757,256}, {2118224,0,278018480}, 0x7ffc10923700, 0x7ffc109236f8 ) [0m
:3:hip_platform.cpp         :255 : 4393491101332 us: [pid:4154523 tid: 0x7ff56a04a200] __hipPopCallConfiguration: Returned hipSuccess : 
:4:command.cpp              :169 : 4393491101318 us: [pid:4154523 tid: 0x7ff42fbff6c0] Command 0x4098f2e0 complete
:3:hip_module.cpp           :744 : 4393491101346 us: [pid:4154523 tid: 0x7ff56a04a200] [32m hipLaunchKernel ( 0x200fe0, {8,1,1}, {256,1,1}, 0x7ffc109236b0, 0, stream:<null> ) [0m
:4:command.cpp              :163 : 4393491101382 us: [pid:4154523 tid: 0x7ff42fbff6c0] Command 0x408d9730 complete (Wall: 4393491101379, CPU: 0, GPU: 522 us)
:4:command.cpp              :359 : 4393491101386 us: [pid:4154523 tid: 0x7ff56a04a200] Command (KernelExecution) enqueued: 0x4030eda0
:3:rocvirtual.cpp           :762 : 4393491101407 us: [pid:4154523 tid: 0x7ff56a04a200] Arg0:   = ptr:0x7ff433a00000
:3:rocvirtual.cpp           :778 : 4393491101417 us: [pid:4154523 tid: 0x7ff56a04a200] Arg0:   = ptr:0x7ff433a00000 obj:[0x7ff433a00000-0x7ff43574c000]
:3:rocvirtual.cpp           :762 : 4393491101433 us: [pid:4154523 tid: 0x7ff56a04a200] Arg1:   = ptr:0x7ff54cc00000
:3:rocvirtual.cpp           :778 : 4393491101438 us: [pid:4154523 tid: 0x7ff56a04a200] Arg1:   = ptr:0x7ff54cc00000 obj:[0x7ff54cc00000-0x7ff54cc06000]
:3:rocvirtual.cpp           :762 : 4393491101447 us: [pid:4154523 tid: 0x7ff56a04a200] Arg2:   = ptr:0x7ff40e400000
:3:rocvirtual.cpp           :778 : 4393491101866 us: [pid:4154523 tid: 0x7ff56a04a200] Arg2:   = ptr:0x7ff40e400000 obj:[0x7ff40e400000-0x7ff41014c000]
:3:rocvirtual.cpp           :853 : 4393491101877 us: [pid:4154523 tid: 0x7ff56a04a200] Arg3:   = val:768
:3:rocvirtual.cpp           :762 : 4393491101883 us: [pid:4154523 tid: 0x7ff56a04a200] Arg4:   = ptr:0x7ff54cc06000
:3:rocvirtual.cpp           :778 : 4393491101892 us: [pid:4154523 tid: 0x7ff56a04a200] Arg4:   = ptr:0x7ff54cc06000 obj:[0x7ff54cc06000-0x7ff54cc06024]
:3:rocvirtual.cpp           :3236: 4393491101906 us: [pid:4154523 tid: 0x7ff56a04a200] ShaderName : void dense_esuhm2<float>(float const*, float const*, float*, int, int const*)
:3:rocvirtual.cpp           :3449: 4393491101916 us: [pid:4154523 tid: 0x7ff56a04a200] KernargSegmentByteSize = 296 KernargSegmentAlignment = 128
:4:rocvirtual.cpp           :965 : 4393491101932 us: [pid:4154523 tid: 0x7ff56a04a200] SWq=0x7ff56a034000, HWq=0x7ff54da00000, id=1, Dispatch Header = 0xb02 (type=2, barrier=1, acquire=1, release=1), setup=3, grid=[2048, 1, 1], workgroup=[256, 1, 1], private_seg_size=140, group_seg_size=0, kernel_obj=0x7ff560a919c0, kernarg_address=0x7ff54d800280, completion_signal=0x0, correlation_id=0, rptr=28, wptr=28
:3:hip_module.cpp           :745 : 4393491101948 us: [pid:4154523 tid: 0x7ff56a04a200] hipLaunchKernel: Returned hipSuccess : : duration: 602 us
:3:hip_device_runtime.cpp   :641 : 4393491101959 us: [pid:4154523 tid: 0x7ff56a04a200] [32m hipDeviceSynchronize (  ) [0m
:4:commandqueue.cpp         :161 : 4393491101966 us: [pid:4154523 tid: 0x7ff56a04a200] Marker queued to ensure finish
:4:command.cpp              :359 : 4393491101976 us: [pid:4154523 tid: 0x7ff56a04a200] Command (InternalMarker) enqueued: 0x408d9730
:3:rocvirtual.cpp           :533 : 4393491101992 us: [pid:4154523 tid: 0x7ff56a04a200] Set Handler: handle(0x7ff5609fcb80), timestamp(0x4030f010)
:4:rocvirtual.cpp           :1147: 4393491102009 us: [pid:4154523 tid: 0x7ff56a04a200] SWq=0x7ff56a034000, HWq=0x7ff54da00000, id=1, BarrierAND Header = 0x1503 (type=3, barrier=1, acquire=2, release=2), dep_signal=[0x0, 0x0, 0x0, 0x0, 0x0], completion_signal=0x7ff5609fcb80
:4:commandqueue.cpp         :184 : 4393491102027 us: [pid:4154523 tid: 0x7ff56a04a200] All commands finished
:3:hip_device_runtime.cpp   :645 : 4393491102538 us: [pid:4154523 tid: 0x7ff56a04a200] hipDeviceSynchronize: Returned hipSuccess : 
:3:rocvirtual.cpp           :226 : 4393491102040 us: [pid:4154523 tid: 0x7ff42fbff6c0] Handler: value(0), timestamp(0x4030ef60), handle(0x7ff5609fcb80)
:3:hip_memory.cpp           :795 : 4393491102562 us: [pid:4154523 tid: 0x7ff56a04a200] [32m hipMemcpy ( 0x7ff564552010, 0x7ff40e400000, 30720000, hipMemcpyDeviceToHost ) [0m
:4:command.cpp              :169 : 4393491102570 us: [pid:4154523 tid: 0x7ff42fbff6c0] Command 0x4030eda0 complete
:4:command.cpp              :359 : 4393491102591 us: [pid:4154523 tid: 0x7ff56a04a200] Command (CopyDeviceToHost) enqueued: 0x4030f140
:4:command.cpp              :163 : 4393491102595 us: [pid:4154523 tid: 0x7ff42fbff6c0] Command 0x408d9730 complete (Wall: 4393491102594, CPU: 0, GPU: 610 us)
:4:rocblit.cpp              :1673: 4393491102604 us: [pid:4154523 tid: 0x7ff56a04a200] Unpinned read path, Async = 0
:4:rocmemory.cpp            :1018: 4393491102636 us: [pid:4154523 tid: 0x7ff56a04a200] Locking to pool 0x4017aed0, size 0x1d4d000, HostPtr = 0x7ff564552000, DevPtr = 0x7ff564552000
:4:rocblit.cpp              :623 : 4393491102653 us: [pid:4154523 tid: 0x7ff56a04a200] HSA Copy Using Pinned resource size 30720000
:4:rocblit.cpp              :687 : 4393491102669 us: [pid:4154523 tid: 0x7ff56a04a200] HSA Async Copy staged D2H
:4:rocblit.cpp              :503 : 4393491103117 us: [pid:4154523 tid: 0x7ff56a04a200] Last copy mask 0x0
:4:rocblit.cpp              :509 : 4393491103125 us: [pid:4154523 tid: 0x7ff56a04a200] Query copy engine status 0, free_engine mask 0x1e
:4:rocblit.cpp              :520 : 4393491103139 us: [pid:4154523 tid: 0x7ff56a04a200] HSA Async Copy on copy_engine=0x2, dst=0x7ff564552010, src=0x7ff40e400000, size=30720000, forceSDMA=0, wait_event=0x0, completion_signal=0x7ff5609feb80
:4:rocvirtual.cpp           :622 : 4393491103151 us: [pid:4154523 tid: 0x7ff56a04a200] Host wait on completion_signal=0x7ff5609feb80
:3:rocvirtual.hpp           :56  : 4393491103167 us: [pid:4154523 tid: 0x7ff56a04a200] Host active wait for Signal = (0x7ff5609feb80) for -1 ns
:4:commandqueue.cpp         :161 : 4393491104251 us: [pid:4154523 tid: 0x7ff56a04a200] Marker queued to ensure finish
:4:command.cpp              :359 : 4393491104259 us: [pid:4154523 tid: 0x7ff56a04a200] Command (InternalMarker) enqueued: 0x40592820
:3:rocvirtual.cpp           :533 : 4393491104273 us: [pid:4154523 tid: 0x7ff56a04a200] Set Handler: handle(0x7ff5609fcb00), timestamp(0x40972820)
:4:rocvirtual.cpp           :1147: 4393491104282 us: [pid:4154523 tid: 0x7ff56a04a200] SWq=0x7ff56a034000, HWq=0x7ff54da00000, id=1, BarrierAND Header = 0x1503 (type=3, barrier=1, acquire=2, release=2), dep_signal=[0x0, 0x0, 0x0, 0x0, 0x0], completion_signal=0x7ff5609fcb00
:4:commandqueue.cpp         :184 : 4393491104300 us: [pid:4154523 tid: 0x7ff56a04a200] All commands finished
:3:hip_memory.cpp           :796 : 4393491104305 us: [pid:4154523 tid: 0x7ff56a04a200] hipMemcpy: Returned hipSuccess : : duration: 1743 us
:3:hip_memory.cpp           :3476: 4393491104317 us: [pid:4154523 tid: 0x7ff56a04a200] [32m hipMemset ( 0x7ff40e400000, 0, 30720000 ) [0m
:4:command.cpp              :359 : 4393491104328 us: [pid:4154523 tid: 0x7ff56a04a200] Command (FillBuffer) enqueued: 0x409b7cf0
:3:rocvirtual.cpp           :226 : 4393491104310 us: [pid:4154523 tid: 0x7ff42fbff6c0] Handler: value(0), timestamp(0x4030ef60), handle(0x7ff5609fcb00)
:3:rocvirtual.cpp           :762 : 4393491104338 us: [pid:4154523 tid: 0x7ff56a04a200] Arg0: void* buf = ptr:0x7ff40e400000
:3:rocvirtual.cpp           :778 : 4393491104364 us: [pid:4154523 tid: 0x7ff56a04a200] Arg0: void* buf = ptr:0x7ff40e400000 obj:[0x7ff40e400000-0x7ff41014c000]
:3:rocvirtual.cpp           :762 : 4393491104375 us: [pid:4154523 tid: 0x7ff56a04a200] Arg1: uchar* pattern = ptr:0x7ff54d800000
:4:command.cpp              :169 : 4393491104356 us: [pid:4154523 tid: 0x7ff42fbff6c0] Command 0x4030f140 complete
:3:rocvirtual.cpp           :853 : 4393491104387 us: [pid:4154523 tid: 0x7ff56a04a200] Arg2: uint pattern_size = val:1
:4:command.cpp              :163 : 4393491104405 us: [pid:4154523 tid: 0x7ff42fbff6c0] Command 0x40592820 complete (Wall: 4393491104401, CPU: 0, GPU: 135 us)
:3:rocvirtual.cpp           :853 : 4393491104406 us: [pid:4154523 tid: 0x7ff56a04a200] Arg3: uint alignment = val:16
:3:rocvirtual.cpp           :853 : 4393491104434 us: [pid:4154523 tid: 0x7ff56a04a200] Arg4: ulong end_ptr = val:140686218543104
:3:rocvirtual.cpp           :853 : 4393491104448 us: [pid:4154523 tid: 0x7ff56a04a200] Arg5: uint next_chunk = val:26624
:3:rocvirtual.cpp           :3236: 4393491104454 us: [pid:4154523 tid: 0x7ff56a04a200] ShaderName : __amd_rocclr_fillBufferAligned
:3:rocvirtual.cpp           :3449: 4393491104922 us: [pid:4154523 tid: 0x7ff56a04a200] KernargSegmentByteSize = 296 KernargSegmentAlignment = 128
:4:rocvirtual.cpp           :965 : 4393491104931 us: [pid:4154523 tid: 0x7ff56a04a200] SWq=0x7ff56a034000, HWq=0x7ff54da00000, id=1, Dispatch Header = 0x1502 (type=2, barrier=1, acquire=2, release=2), setup=1, grid=[26624, 1, 1], workgroup=[256, 1, 1], private_seg_size=0, group_seg_size=0, kernel_obj=0x7ff56a025d40, kernarg_address=0x7ff54d800100, completion_signal=0x0, correlation_id=0, rptr=31, wptr=31
:3:hip_memory.cpp           :3477: 4393491104949 us: [pid:4154523 tid: 0x7ff56a04a200] hipMemset: Returned hipSuccess : 
:3:hip_device_runtime.cpp   :641 : 4393491104954 us: [pid:4154523 tid: 0x7ff56a04a200] [32m hipDeviceSynchronize (  ) [0m
:4:commandqueue.cpp         :161 : 4393491104960 us: [pid:4154523 tid: 0x7ff56a04a200] Marker queued to ensure finish
:4:command.cpp              :359 : 4393491104969 us: [pid:4154523 tid: 0x7ff56a04a200] Command (InternalMarker) enqueued: 0x40349470
:3:rocvirtual.cpp           :533 : 4393491104986 us: [pid:4154523 tid: 0x7ff56a04a200] Set Handler: handle(0x7ff5609fca80), timestamp(0x408978b0)
:4:rocvirtual.cpp           :1147: 4393491104994 us: [pid:4154523 tid: 0x7ff56a04a200] SWq=0x7ff56a034000, HWq=0x7ff54da00000, id=1, BarrierAND Header = 0x1503 (type=3, barrier=1, acquire=2, release=2), dep_signal=[0x0, 0x0, 0x0, 0x0, 0x0], completion_signal=0x7ff5609fca80
:4:commandqueue.cpp         :184 : 4393491105011 us: [pid:4154523 tid: 0x7ff56a04a200] All commands finished
:3:hip_device_runtime.cpp   :645 : 4393491105016 us: [pid:4154523 tid: 0x7ff56a04a200] hipDeviceSynchronize: Returned hipSuccess : 
:3:hip_platform.cpp         :237 : 4393491105028 us: [pid:4154523 tid: 0x7ff56a04a200] [32m __hipPushCallConfiguration ( {8,1,1}, {256,1,1}, 0, stream:<null> ) [0m
:3:hip_platform.cpp         :241 : 4393491105037 us: [pid:4154523 tid: 0x7ff56a04a200] __hipPushCallConfiguration: Returned hipSuccess : 
:3:rocvirtual.cpp           :226 : 4393491105019 us: [pid:4154523 tid: 0x7ff42fbff6c0] Handler: value(0), timestamp(0x4030eda0), handle(0x7ff5609fca80)
:3:hip_platform.cpp         :246 : 4393491105057 us: [pid:4154523 tid: 0x7ff56a04a200] [32m __hipPopCallConfiguration ( {1951258706,32757,256}, {2118224,0,278018480}, 0x7ffc10923700, 0x7ffc109236f8 ) [0m
:3:hip_platform.cpp         :255 : 4393491105079 us: [pid:4154523 tid: 0x7ff56a04a200] __hipPopCallConfiguration: Returned hipSuccess : 
:4:command.cpp              :169 : 4393491105071 us: [pid:4154523 tid: 0x7ff42fbff6c0] Command 0x409b7cf0 complete
:3:hip_module.cpp           :744 : 4393491105452 us: [pid:4154523 tid: 0x7ff56a04a200] [32m hipLaunchKernel ( 0x200fe8, {8,1,1}, {256,1,1}, 0x7ffc109236b0, 0, stream:<null> ) [0m
:4:command.cpp              :163 : 4393491105464 us: [pid:4154523 tid: 0x7ff42fbff6c0] Command 0x40349470 complete (Wall: 4393491105460, CPU: 0, GPU: 482 us)
:4:command.cpp              :359 : 4393491105473 us: [pid:4154523 tid: 0x7ff56a04a200] Command (KernelExecution) enqueued: 0x4030f140
:3:rocvirtual.cpp           :762 : 4393491105494 us: [pid:4154523 tid: 0x7ff56a04a200] Arg0:   = ptr:0x7ff433a00000
:3:rocvirtual.cpp           :778 : 4393491105499 us: [pid:4154523 tid: 0x7ff56a04a200] Arg0:   = ptr:0x7ff433a00000 obj:[0x7ff433a00000-0x7ff43574c000]
:3:rocvirtual.cpp           :762 : 4393491105514 us: [pid:4154523 tid: 0x7ff56a04a200] Arg1:   = ptr:0x7ff54cc00000
:3:rocvirtual.cpp           :778 : 4393491105520 us: [pid:4154523 tid: 0x7ff56a04a200] Arg1:   = ptr:0x7ff54cc00000 obj:[0x7ff54cc00000-0x7ff54cc06000]
:3:rocvirtual.cpp           :762 : 4393491105530 us: [pid:4154523 tid: 0x7ff56a04a200] Arg2:   = ptr:0x7ff40e400000
:3:rocvirtual.cpp           :778 : 4393491105539 us: [pid:4154523 tid: 0x7ff56a04a200] Arg2:   = ptr:0x7ff40e400000 obj:[0x7ff40e400000-0x7ff41014c000]
:3:rocvirtual.cpp           :853 : 4393491105550 us: [pid:4154523 tid: 0x7ff56a04a200] Arg3:   = val:768
:3:rocvirtual.cpp           :762 : 4393491105555 us: [pid:4154523 tid: 0x7ff56a04a200] Arg4:   = ptr:0x7ff54cc06000
:3:rocvirtual.cpp           :778 : 4393491105560 us: [pid:4154523 tid: 0x7ff56a04a200] Arg4:   = ptr:0x7ff54cc06000 obj:[0x7ff54cc06000-0x7ff54cc06024]
:3:rocvirtual.cpp           :3236: 4393491105567 us: [pid:4154523 tid: 0x7ff56a04a200] ShaderName : void dense_esuhm3<float>(float const*, float const*, float*, int, int const*)
:3:rocvirtual.cpp           :3449: 4393491105580 us: [pid:4154523 tid: 0x7ff56a04a200] KernargSegmentByteSize = 296 KernargSegmentAlignment = 128
:4:rocvirtual.cpp           :965 : 4393491105592 us: [pid:4154523 tid: 0x7ff56a04a200] SWq=0x7ff56a034000, HWq=0x7ff54da00000, id=1, Dispatch Header = 0xb02 (type=2, barrier=1, acquire=1, release=1), setup=3, grid=[2048, 1, 1], workgroup=[256, 1, 1], private_seg_size=140, group_seg_size=0, kernel_obj=0x7ff560a91a00, kernarg_address=0x7ff54d800280, completion_signal=0x0, correlation_id=0, rptr=33, wptr=33
:3:hip_module.cpp           :745 : 4393491105948 us: [pid:4154523 tid: 0x7ff56a04a200] hipLaunchKernel: Returned hipSuccess : : duration: 496 us
:3:hip_device_runtime.cpp   :641 : 4393491105958 us: [pid:4154523 tid: 0x7ff56a04a200] [32m hipDeviceSynchronize (  ) [0m
:4:commandqueue.cpp         :161 : 4393491105963 us: [pid:4154523 tid: 0x7ff56a04a200] Marker queued to ensure finish
:4:command.cpp              :359 : 4393491105967 us: [pid:4154523 tid: 0x7ff56a04a200] Command (InternalMarker) enqueued: 0x40349470
:3:rocvirtual.cpp           :533 : 4393491105987 us: [pid:4154523 tid: 0x7ff56a04a200] Set Handler: handle(0x7ff5609fca00), timestamp(0x4030f430)
:4:rocvirtual.cpp           :1147: 4393491105998 us: [pid:4154523 tid: 0x7ff56a04a200] SWq=0x7ff56a034000, HWq=0x7ff54da00000, id=1, BarrierAND Header = 0x1503 (type=3, barrier=1, acquire=2, release=2), dep_signal=[0x0, 0x0, 0x0, 0x0, 0x0], completion_signal=0x7ff5609fca00
:3:rocvirtual.hpp           :56  : 4393491106010 us: [pid:4154523 tid: 0x7ff56a04a200] Host active wait for Signal = (0x7ff5609fca00) for -1 ns
:4:commandqueue.cpp         :184 : 4393491106066 us: [pid:4154523 tid: 0x7ff56a04a200] All commands finished
:3:hip_device_runtime.cpp   :645 : 4393491106077 us: [pid:4154523 tid: 0x7ff56a04a200] hipDeviceSynchronize: Returned hipSuccess : 
:3:rocvirtual.cpp           :226 : 4393491106082 us: [pid:4154523 tid: 0x7ff42fbff6c0] Handler: value(0), timestamp(0x4030f380), handle(0x7ff5609fca00)
:4:command.cpp              :169 : 4393491106485 us: [pid:4154523 tid: 0x7ff42fbff6c0] Command 0x4030f140 complete
:3:hip_memory.cpp           :795 : 4393491106095 us: [pid:4154523 tid: 0x7ff56a04a200] [32m hipMemcpy ( 0x7ff562805010, 0x7ff40e400000, 30720000, hipMemcpyDeviceToHost ) [0m
:4:command.cpp              :163 : 4393491106509 us: [pid:4154523 tid: 0x7ff42fbff6c0] Command 0x40349470 complete (Wall: 4393491106508, CPU: 0, GPU: 528 us)
:4:command.cpp              :359 : 4393491106538 us: [pid:4154523 tid: 0x7ff56a04a200] Command (CopyDeviceToHost) enqueued: 0x4030f140
:4:rocblit.cpp              :1673: 4393491106581 us: [pid:4154523 tid: 0x7ff56a04a200] Unpinned read path, Async = 0
:4:rocmemory.cpp            :1018: 4393491106603 us: [pid:4154523 tid: 0x7ff56a04a200] Locking to pool 0x4017aed0, size 0x1d4d000, HostPtr = 0x7ff562805000, DevPtr = 0x7ff562805000
:4:rocblit.cpp              :623 : 4393491106614 us: [pid:4154523 tid: 0x7ff56a04a200] HSA Copy Using Pinned resource size 30720000
:4:rocblit.cpp              :687 : 4393491106626 us: [pid:4154523 tid: 0x7ff56a04a200] HSA Async Copy staged D2H
:4:rocblit.cpp              :503 : 4393491106632 us: [pid:4154523 tid: 0x7ff56a04a200] Last copy mask 0x0
:4:rocblit.cpp              :509 : 4393491106640 us: [pid:4154523 tid: 0x7ff56a04a200] Query copy engine status 0, free_engine mask 0x1e
:4:rocblit.cpp              :520 : 4393491106654 us: [pid:4154523 tid: 0x7ff56a04a200] HSA Async Copy on copy_engine=0x2, dst=0x7ff562805010, src=0x7ff40e400000, size=30720000, forceSDMA=0, wait_event=0x0, completion_signal=0x7ff5609fe980
:4:rocvirtual.cpp           :622 : 4393491106666 us: [pid:4154523 tid: 0x7ff56a04a200] Host wait on completion_signal=0x7ff5609fe980
:3:rocvirtual.hpp           :56  : 4393491106673 us: [pid:4154523 tid: 0x7ff56a04a200] Host active wait for Signal = (0x7ff5609fe980) for -1 ns
:4:commandqueue.cpp         :161 : 4393491107771 us: [pid:4154523 tid: 0x7ff56a04a200] Marker queued to ensure finish
:4:command.cpp              :359 : 4393491107783 us: [pid:4154523 tid: 0x7ff56a04a200] Command (InternalMarker) enqueued: 0x40349470
:3:rocvirtual.cpp           :533 : 4393491107806 us: [pid:4154523 tid: 0x7ff56a04a200] Set Handler: handle(0x7ff5609fc980), timestamp(0x40937c10)
:4:rocvirtual.cpp           :1147: 4393491107825 us: [pid:4154523 tid: 0x7ff56a04a200] SWq=0x7ff56a034000, HWq=0x7ff54da00000, id=1, BarrierAND Header = 0x1503 (type=3, barrier=1, acquire=2, release=2), dep_signal=[0x0, 0x0, 0x0, 0x0, 0x0], completion_signal=0x7ff5609fc980
:4:commandqueue.cpp         :184 : 4393491107836 us: [pid:4154523 tid: 0x7ff56a04a200] All commands finished
:3:hip_memory.cpp           :796 : 4393491107843 us: [pid:4154523 tid: 0x7ff56a04a200] hipMemcpy: Returned hipSuccess : : duration: 1748 us
:3:rocvirtual.cpp           :226 : 4393491107850 us: [pid:4154523 tid: 0x7ff42fbff6c0] Handler: value(0), timestamp(0x4030f380), handle(0x7ff5609fc980)
:4:command.cpp              :169 : 4393491107864 us: [pid:4154523 tid: 0x7ff42fbff6c0] Command 0x4030f140 complete
:4:command.cpp              :163 : 4393491107875 us: [pid:4154523 tid: 0x7ff42fbff6c0] Command 0x40349470 complete (Wall: 4393491107874, CPU: 0, GPU: 77 us)
:3:hip_memory.cpp           :3476: 4393491222742 us: [pid:4154523 tid: 0x7ff56a04a200] [32m hipMemset ( 0x7ff40e400000, 0, 30720000 ) [0m
:4:command.cpp              :359 : 4393491222774 us: [pid:4154523 tid: 0x7ff56a04a200] Command (FillBuffer) enqueued: 0x408ddd90
:3:rocvirtual.cpp           :762 : 4393491222799 us: [pid:4154523 tid: 0x7ff56a04a200] Arg0: void* buf = ptr:0x7ff40e400000
:3:rocvirtual.cpp           :778 : 4393491222807 us: [pid:4154523 tid: 0x7ff56a04a200] Arg0: void* buf = ptr:0x7ff40e400000 obj:[0x7ff40e400000-0x7ff41014c000]
:3:rocvirtual.cpp           :762 : 4393491222815 us: [pid:4154523 tid: 0x7ff56a04a200] Arg1: uchar* pattern = ptr:0x7ff54d800000
:3:rocvirtual.cpp           :853 : 4393491222822 us: [pid:4154523 tid: 0x7ff56a04a200] Arg2: uint pattern_size = val:1
:3:rocvirtual.cpp           :853 : 4393491222827 us: [pid:4154523 tid: 0x7ff56a04a200] Arg3: uint alignment = val:16
:3:rocvirtual.cpp           :853 : 4393491222832 us: [pid:4154523 tid: 0x7ff56a04a200] Arg4: ulong end_ptr = val:140686218543104
:3:rocvirtual.cpp           :853 : 4393491222839 us: [pid:4154523 tid: 0x7ff56a04a200] Arg5: uint next_chunk = val:26624
:3:rocvirtual.cpp           :3236: 4393491222844 us: [pid:4154523 tid: 0x7ff56a04a200] ShaderName : __amd_rocclr_fillBufferAligned
:3:rocvirtual.cpp           :3449: 4393491222853 us: [pid:4154523 tid: 0x7ff56a04a200] KernargSegmentByteSize = 296 KernargSegmentAlignment = 128
:4:rocvirtual.cpp           :965 : 4393491222872 us: [pid:4154523 tid: 0x7ff56a04a200] SWq=0x7ff56a034000, HWq=0x7ff54da00000, id=1, Dispatch Header = 0x1502 (type=2, barrier=1, acquire=2, release=2), setup=1, grid=[26624, 1, 1], workgroup=[256, 1, 1], private_seg_size=0, group_seg_size=0, kernel_obj=0x7ff56a025d40, kernarg_address=0x7ff54d800100, completion_signal=0x0, correlation_id=0, rptr=36, wptr=36
:3:hip_memory.cpp           :3477: 4393491222892 us: [pid:4154523 tid: 0x7ff56a04a200] hipMemset: Returned hipSuccess : 
:3:hip_device_runtime.cpp   :641 : 4393491222898 us: [pid:4154523 tid: 0x7ff56a04a200] [32m hipDeviceSynchronize (  ) [0m
:4:commandqueue.cpp         :161 : 4393491222904 us: [pid:4154523 tid: 0x7ff56a04a200] Marker queued to ensure finish
:4:command.cpp              :359 : 4393491222908 us: [pid:4154523 tid: 0x7ff56a04a200] Command (InternalMarker) enqueued: 0x40349470
:3:rocvirtual.cpp           :533 : 4393491222935 us: [pid:4154523 tid: 0x7ff56a04a200] Set Handler: handle(0x7ff5609fc900), timestamp(0x4030f1f0)
:4:rocvirtual.cpp           :1147: 4393491222944 us: [pid:4154523 tid: 0x7ff56a04a200] SWq=0x7ff56a034000, HWq=0x7ff54da00000, id=1, BarrierAND Header = 0x1503 (type=3, barrier=1, acquire=2, release=2), dep_signal=[0x0, 0x0, 0x0, 0x0, 0x0], completion_signal=0x7ff5609fc900
:4:commandqueue.cpp         :184 : 4393491223490 us: [pid:4154523 tid: 0x7ff56a04a200] All commands finished
:3:rocvirtual.cpp           :226 : 4393491222961 us: [pid:4154523 tid: 0x7ff42fbff6c0] Handler: value(0), timestamp(0x4030f140), handle(0x7ff5609fc900)
:3:hip_device_runtime.cpp   :645 : 4393491223500 us: [pid:4154523 tid: 0x7ff56a04a200] hipDeviceSynchronize: Returned hipSuccess : 
:4:command.cpp              :169 : 4393491223526 us: [pid:4154523 tid: 0x7ff42fbff6c0] Command 0x408ddd90 complete
:3:hip_platform.cpp         :237 : 4393491223540 us: [pid:4154523 tid: 0x7ff56a04a200] [32m __hipPushCallConfiguration ( {8,1,1}, {512,1,1}, 0, stream:<null> ) [0m
:3:hip_platform.cpp         :241 : 4393491223560 us: [pid:4154523 tid: 0x7ff56a04a200] __hipPushCallConfiguration: Returned hipSuccess : 
:4:command.cpp              :163 : 4393491223554 us: [pid:4154523 tid: 0x7ff42fbff6c0] Command 0x40349470 complete (Wall: 4393491223551, CPU: 0, GPU: 633 us)
:3:hip_platform.cpp         :246 : 4393491223572 us: [pid:4154523 tid: 0x7ff56a04a200] [32m __hipPopCallConfiguration ( {1951258706,32757,512}, {2118224,0,278018480}, 0x7ffc10923700, 0x7ffc109236f8 ) [0m
:3:hip_platform.cpp         :255 : 4393491223601 us: [pid:4154523 tid: 0x7ff56a04a200] __hipPopCallConfiguration: Returned hipSuccess : 
:3:hip_module.cpp           :744 : 4393491223617 us: [pid:4154523 tid: 0x7ff56a04a200] [32m hipLaunchKernel ( 0x200fd8, {8,1,1}, {512,1,1}, 0x7ffc109236b0, 0, stream:<null> ) [0m
:4:command.cpp              :359 : 4393491223634 us: [pid:4154523 tid: 0x7ff56a04a200] Command (KernelExecution) enqueued: 0x40937dc0
:3:rocvirtual.cpp           :762 : 4393491223643 us: [pid:4154523 tid: 0x7ff56a04a200] Arg0:   = ptr:0x7ff433a00000
:3:rocvirtual.cpp           :778 : 4393491223649 us: [pid:4154523 tid: 0x7ff56a04a200] Arg0:   = ptr:0x7ff433a00000 obj:[0x7ff433a00000-0x7ff43574c000]
:3:rocvirtual.cpp           :762 : 4393491223656 us: [pid:4154523 tid: 0x7ff56a04a200] Arg1:   = ptr:0x7ff54cc00000
:3:rocvirtual.cpp           :778 : 4393491223661 us: [pid:4154523 tid: 0x7ff56a04a200] Arg1:   = ptr:0x7ff54cc00000 obj:[0x7ff54cc00000-0x7ff54cc06000]
:3:rocvirtual.cpp           :762 : 4393491223668 us: [pid:4154523 tid: 0x7ff56a04a200] Arg2:   = ptr:0x7ff40e400000
:3:rocvirtual.cpp           :778 : 4393491224054 us: [pid:4154523 tid: 0x7ff56a04a200] Arg2:   = ptr:0x7ff40e400000 obj:[0x7ff40e400000-0x7ff41014c000]
:3:rocvirtual.cpp           :853 : 4393491224068 us: [pid:4154523 tid: 0x7ff56a04a200] Arg3:   = val:768
:3:rocvirtual.cpp           :762 : 4393491224075 us: [pid:4154523 tid: 0x7ff56a04a200] Arg4:   = ptr:0x7ff54cc06000
:3:rocvirtual.cpp           :778 : 4393491224082 us: [pid:4154523 tid: 0x7ff56a04a200] Arg4:   = ptr:0x7ff54cc06000 obj:[0x7ff54cc06000-0x7ff54cc06024]
:3:rocvirtual.cpp           :3236: 4393491224093 us: [pid:4154523 tid: 0x7ff56a04a200] ShaderName : void dense_esuhm<float>(float const*, float const*, float*, int, int const*)
:3:rocvirtual.cpp           :3449: 4393491224106 us: [pid:4154523 tid: 0x7ff56a04a200] KernargSegmentByteSize = 296 KernargSegmentAlignment = 128
:4:rocvirtual.cpp           :965 : 4393491224120 us: [pid:4154523 tid: 0x7ff56a04a200] SWq=0x7ff56a034000, HWq=0x7ff54da00000, id=1, Dispatch Header = 0xb02 (type=2, barrier=1, acquire=1, release=1), setup=3, grid=[4096, 1, 1], workgroup=[512, 1, 1], private_seg_size=140, group_seg_size=0, kernel_obj=0x7ff560a91980, kernarg_address=0x7ff54d800280, completion_signal=0x0, correlation_id=0, rptr=38, wptr=38
:3:hip_module.cpp           :745 : 4393491224147 us: [pid:4154523 tid: 0x7ff56a04a200] hipLaunchKernel: Returned hipSuccess : : duration: 530 us
:3:hip_device_runtime.cpp   :641 : 4393491224159 us: [pid:4154523 tid: 0x7ff56a04a200] [32m hipDeviceSynchronize (  ) [0m
:4:commandqueue.cpp         :161 : 4393491224166 us: [pid:4154523 tid: 0x7ff56a04a200] Marker queued to ensure finish
:4:command.cpp              :359 : 4393491224173 us: [pid:4154523 tid: 0x7ff56a04a200] Command (InternalMarker) enqueued: 0x40349470
:3:rocvirtual.cpp           :533 : 4393491224553 us: [pid:4154523 tid: 0x7ff56a04a200] Set Handler: handle(0x7ff5609fc880), timestamp(0x40938160)
:4:rocvirtual.cpp           :1147: 4393491224566 us: [pid:4154523 tid: 0x7ff56a04a200] SWq=0x7ff56a034000, HWq=0x7ff54da00000, id=1, BarrierAND Header = 0x1503 (type=3, barrier=1, acquire=2, release=2), dep_signal=[0x0, 0x0, 0x0, 0x0, 0x0], completion_signal=0x7ff5609fc880
:4:commandqueue.cpp         :184 : 4393491224584 us: [pid:4154523 tid: 0x7ff56a04a200] All commands finished
:3:hip_device_runtime.cpp   :645 : 4393491224593 us: [pid:4154523 tid: 0x7ff56a04a200] hipDeviceSynchronize: Returned hipSuccess : 
:3:rocvirtual.cpp           :226 : 4393491224599 us: [pid:4154523 tid: 0x7ff42fbff6c0] Handler: value(0), timestamp(0x409380b0), handle(0x7ff5609fc880)
:4:command.cpp              :169 : 4393491224624 us: [pid:4154523 tid: 0x7ff42fbff6c0] Command 0x40937dc0 complete
:3:hip_memory.cpp           :795 : 4393491224615 us: [pid:4154523 tid: 0x7ff56a04a200] [32m hipMemcpy ( 0x7ff56629f010, 0x7ff40e400000, 30720000, hipMemcpyDeviceToHost ) [0m
:4:command.cpp              :163 : 4393491224633 us: [pid:4154523 tid: 0x7ff42fbff6c0] Command 0x40349470 complete (Wall: 4393491224631, CPU: 0, GPU: 90 us)
:4:command.cpp              :359 : 4393491224656 us: [pid:4154523 tid: 0x7ff56a04a200] Command (CopyDeviceToHost) enqueued: 0x40937dc0
:4:rocblit.cpp              :1673: 4393491224669 us: [pid:4154523 tid: 0x7ff56a04a200] Unpinned read path, Async = 0
:4:rocmemory.cpp            :1018: 4393491224693 us: [pid:4154523 tid: 0x7ff56a04a200] Locking to pool 0x4017aed0, size 0x1d4d000, HostPtr = 0x7ff56629f000, DevPtr = 0x7ff56629f000
:4:rocblit.cpp              :623 : 4393491225037 us: [pid:4154523 tid: 0x7ff56a04a200] HSA Copy Using Pinned resource size 30720000
:4:rocblit.cpp              :687 : 4393491225047 us: [pid:4154523 tid: 0x7ff56a04a200] HSA Async Copy staged D2H
:4:rocblit.cpp              :503 : 4393491225055 us: [pid:4154523 tid: 0x7ff56a04a200] Last copy mask 0x0
:4:rocblit.cpp              :509 : 4393491225065 us: [pid:4154523 tid: 0x7ff56a04a200] Query copy engine status 0, free_engine mask 0x1e
:4:rocblit.cpp              :520 : 4393491225084 us: [pid:4154523 tid: 0x7ff56a04a200] HSA Async Copy on copy_engine=0x2, dst=0x7ff56629f010, src=0x7ff40e400000, size=30720000, forceSDMA=0, wait_event=0x0, completion_signal=0x7ff5609fe780
:4:rocvirtual.cpp           :622 : 4393491225098 us: [pid:4154523 tid: 0x7ff56a04a200] Host wait on completion_signal=0x7ff5609fe780
:3:rocvirtual.hpp           :56  : 4393491225108 us: [pid:4154523 tid: 0x7ff56a04a200] Host active wait for Signal = (0x7ff5609fe780) for -1 ns
:4:commandqueue.cpp         :161 : 4393491226200 us: [pid:4154523 tid: 0x7ff56a04a200] Marker queued to ensure finish
:4:command.cpp              :359 : 4393491226210 us: [pid:4154523 tid: 0x7ff56a04a200] Command (InternalMarker) enqueued: 0x40349470
:3:rocvirtual.cpp           :533 : 4393491226229 us: [pid:4154523 tid: 0x7ff56a04a200] Set Handler: handle(0x7ff5609fc800), timestamp(0x40938290)
:4:rocvirtual.cpp           :1147: 4393491226241 us: [pid:4154523 tid: 0x7ff56a04a200] SWq=0x7ff56a034000, HWq=0x7ff54da00000, id=1, BarrierAND Header = 0x1503 (type=3, barrier=1, acquire=2, release=2), dep_signal=[0x0, 0x0, 0x0, 0x0, 0x0], completion_signal=0x7ff5609fc800
:4:commandqueue.cpp         :184 : 4393491226256 us: [pid:4154523 tid: 0x7ff56a04a200] All commands finished
:3:hip_memory.cpp           :796 : 4393491226263 us: [pid:4154523 tid: 0x7ff56a04a200] hipMemcpy: Returned hipSuccess : : duration: 1648 us
:3:rocvirtual.cpp           :226 : 4393491226267 us: [pid:4154523 tid: 0x7ff42fbff6c0] Handler: value(0), timestamp(0x409380b0), handle(0x7ff5609fc800)
:4:command.cpp              :169 : 4393491226727 us: [pid:4154523 tid: 0x7ff42fbff6c0] Command 0x40937dc0 complete
:3:hip_memory.cpp           :3476: 4393491226280 us: [pid:4154523 tid: 0x7ff56a04a200] [32m hipMemset ( 0x7ff40e400000, 0, 30720000 ) [0m
:4:command.cpp              :163 : 4393491226737 us: [pid:4154523 tid: 0x7ff42fbff6c0] Command 0x40349470 complete (Wall: 4393491226735, CPU: 0, GPU: 515 us)
:4:command.cpp              :359 : 4393491226754 us: [pid:4154523 tid: 0x7ff56a04a200] Command (FillBuffer) enqueued: 0x40a16c30
:3:rocvirtual.cpp           :762 : 4393491226796 us: [pid:4154523 tid: 0x7ff56a04a200] Arg0: void* buf = ptr:0x7ff40e400000
:3:rocvirtual.cpp           :778 : 4393491226803 us: [pid:4154523 tid: 0x7ff56a04a200] Arg0: void* buf = ptr:0x7ff40e400000 obj:[0x7ff40e400000-0x7ff41014c000]
:3:rocvirtual.cpp           :762 : 4393491226823 us: [pid:4154523 tid: 0x7ff56a04a200] Arg1: uchar* pattern = ptr:0x7ff54d800000
:3:rocvirtual.cpp           :853 : 4393491226833 us: [pid:4154523 tid: 0x7ff56a04a200] Arg2: uint pattern_size = val:1
:3:rocvirtual.cpp           :853 : 4393491226845 us: [pid:4154523 tid: 0x7ff56a04a200] Arg3: uint alignment = val:16
:3:rocvirtual.cpp           :853 : 4393491226851 us: [pid:4154523 tid: 0x7ff56a04a200] Arg4: ulong end_ptr = val:140686218543104
:3:rocvirtual.cpp           :853 : 4393491226866 us: [pid:4154523 tid: 0x7ff56a04a200] Arg5: uint next_chunk = val:26624
:3:rocvirtual.cpp           :3236: 4393491226873 us: [pid:4154523 tid: 0x7ff56a04a200] ShaderName : __amd_rocclr_fillBufferAligned
:3:rocvirtual.cpp           :3449: 4393491226884 us: [pid:4154523 tid: 0x7ff56a04a200] KernargSegmentByteSize = 296 KernargSegmentAlignment = 128
:4:rocvirtual.cpp           :965 : 4393491226896 us: [pid:4154523 tid: 0x7ff56a04a200] SWq=0x7ff56a034000, HWq=0x7ff54da00000, id=1, Dispatch Header = 0x1502 (type=2, barrier=1, acquire=2, release=2), setup=1, grid=[26624, 1, 1], workgroup=[256, 1, 1], private_seg_size=0, group_seg_size=0, kernel_obj=0x7ff56a025d40, kernarg_address=0x7ff54d800100, completion_signal=0x0, correlation_id=0, rptr=41, wptr=41
:3:hip_memory.cpp           :3477: 4393491227355 us: [pid:4154523 tid: 0x7ff56a04a200] hipMemset: Returned hipSuccess : 
:3:hip_device_runtime.cpp   :641 : 4393491227363 us: [pid:4154523 tid: 0x7ff56a04a200] [32m hipDeviceSynchronize (  ) [0m
:4:commandqueue.cpp         :161 : 4393491227369 us: [pid:4154523 tid: 0x7ff56a04a200] Marker queued to ensure finish
:4:command.cpp              :359 : 4393491227376 us: [pid:4154523 tid: 0x7ff56a04a200] Command (InternalMarker) enqueued: 0x40349470
:3:rocvirtual.cpp           :533 : 4393491227400 us: [pid:4154523 tid: 0x7ff56a04a200] Set Handler: handle(0x7ff5609fc780), timestamp(0x40a16ee0)
:4:rocvirtual.cpp           :1147: 4393491227411 us: [pid:4154523 tid: 0x7ff56a04a200] SWq=0x7ff56a034000, HWq=0x7ff54da00000, id=1, BarrierAND Header = 0x1503 (type=3, barrier=1, acquire=2, release=2), dep_signal=[0x0, 0x0, 0x0, 0x0, 0x0], completion_signal=0x7ff5609fc780
:4:commandqueue.cpp         :184 : 4393491227431 us: [pid:4154523 tid: 0x7ff56a04a200] All commands finished
:3:rocvirtual.cpp           :226 : 4393491227435 us: [pid:4154523 tid: 0x7ff42fbff6c0] Handler: value(0), timestamp(0x40a16e30), handle(0x7ff5609fc780)
:4:command.cpp              :169 : 4393491227454 us: [pid:4154523 tid: 0x7ff42fbff6c0] Command 0x40a16c30 complete
:4:command.cpp              :163 : 4393491227462 us: [pid:4154523 tid: 0x7ff42fbff6c0] Command 0x40349470 complete (Wall: 4393491227460, CPU: 0, GPU: 75 us)
:3:hip_device_runtime.cpp   :645 : 4393491227467 us: [pid:4154523 tid: 0x7ff56a04a200] hipDeviceSynchronize: Returned hipSuccess : 
:3:hip_platform.cpp         :237 : 4393491227492 us: [pid:4154523 tid: 0x7ff56a04a200] [32m __hipPushCallConfiguration ( {8,1,1}, {512,1,1}, 0, stream:<null> ) [0m
:3:hip_platform.cpp         :241 : 4393491227501 us: [pid:4154523 tid: 0x7ff56a04a200] __hipPushCallConfiguration: Returned hipSuccess : 
:3:hip_platform.cpp         :246 : 4393491227517 us: [pid:4154523 tid: 0x7ff56a04a200] [32m __hipPopCallConfiguration ( {1951258706,32757,512}, {2118224,0,278018480}, 0x7ffc10923700, 0x7ffc109236f8 ) [0m
:3:hip_platform.cpp         :255 : 4393491227527 us: [pid:4154523 tid: 0x7ff56a04a200] __hipPopCallConfiguration: Returned hipSuccess : 
:3:hip_module.cpp           :744 : 4393491228012 us: [pid:4154523 tid: 0x7ff56a04a200] [32m hipLaunchKernel ( 0x200fe0, {8,1,1}, {512,1,1}, 0x7ffc109236b0, 0, stream:<null> ) [0m
:4:command.cpp              :359 : 4393491228038 us: [pid:4154523 tid: 0x7ff56a04a200] Command (KernelExecution) enqueued: 0x40a16c30
:3:rocvirtual.cpp           :762 : 4393491228050 us: [pid:4154523 tid: 0x7ff56a04a200] Arg0:   = ptr:0x7ff433a00000
:3:rocvirtual.cpp           :778 : 4393491228060 us: [pid:4154523 tid: 0x7ff56a04a200] Arg0:   = ptr:0x7ff433a00000 obj:[0x7ff433a00000-0x7ff43574c000]
:3:rocvirtual.cpp           :762 : 4393491228068 us: [pid:4154523 tid: 0x7ff56a04a200] Arg1:   = ptr:0x7ff54cc00000
:3:rocvirtual.cpp           :778 : 4393491228073 us: [pid:4154523 tid: 0x7ff56a04a200] Arg1:   = ptr:0x7ff54cc00000 obj:[0x7ff54cc00000-0x7ff54cc06000]
:3:rocvirtual.cpp           :762 : 4393491228080 us: [pid:4154523 tid: 0x7ff56a04a200] Arg2:   = ptr:0x7ff40e400000
:3:rocvirtual.cpp           :778 : 4393491228085 us: [pid:4154523 tid: 0x7ff56a04a200] Arg2:   = ptr:0x7ff40e400000 obj:[0x7ff40e400000-0x7ff41014c000]
:3:rocvirtual.cpp           :853 : 4393491228093 us: [pid:4154523 tid: 0x7ff56a04a200] Arg3:   = val:768
:3:rocvirtual.cpp           :762 : 4393491228104 us: [pid:4154523 tid: 0x7ff56a04a200] Arg4:   = ptr:0x7ff54cc06000
:3:rocvirtual.cpp           :778 : 4393491228111 us: [pid:4154523 tid: 0x7ff56a04a200] Arg4:   = ptr:0x7ff54cc06000 obj:[0x7ff54cc06000-0x7ff54cc06024]
:3:rocvirtual.cpp           :3236: 4393491228128 us: [pid:4154523 tid: 0x7ff56a04a200] ShaderName : void dense_esuhm2<float>(float const*, float const*, float*, int, int const*)
:3:rocvirtual.cpp           :3449: 4393491228138 us: [pid:4154523 tid: 0x7ff56a04a200] KernargSegmentByteSize = 296 KernargSegmentAlignment = 128
:4:rocvirtual.cpp           :965 : 4393491228149 us: [pid:4154523 tid: 0x7ff56a04a200] SWq=0x7ff56a034000, HWq=0x7ff54da00000, id=1, Dispatch Header = 0xb02 (type=2, barrier=1, acquire=1, release=1), setup=3, grid=[4096, 1, 1], workgroup=[512, 1, 1], private_seg_size=140, group_seg_size=0, kernel_obj=0x7ff560a919c0, kernarg_address=0x7ff54d800280, completion_signal=0x0, correlation_id=0, rptr=43, wptr=43
:3:hip_module.cpp           :745 : 4393491228171 us: [pid:4154523 tid: 0x7ff56a04a200] hipLaunchKernel: Returned hipSuccess : : duration: 159 us
:3:hip_device_runtime.cpp   :641 : 4393491228182 us: [pid:4154523 tid: 0x7ff56a04a200] [32m hipDeviceSynchronize (  ) [0m
:4:commandqueue.cpp         :161 : 4393491228500 us: [pid:4154523 tid: 0x7ff56a04a200] Marker queued to ensure finish
:4:command.cpp              :359 : 4393491228505 us: [pid:4154523 tid: 0x7ff56a04a200] Command (InternalMarker) enqueued: 0x40349470
:3:rocvirtual.cpp           :533 : 4393491228522 us: [pid:4154523 tid: 0x7ff56a04a200] Set Handler: handle(0x7ff5609fc700), timestamp(0x40937f40)
:4:rocvirtual.cpp           :1147: 4393491228530 us: [pid:4154523 tid: 0x7ff56a04a200] SWq=0x7ff56a034000, HWq=0x7ff54da00000, id=1, BarrierAND Header = 0x1503 (type=3, barrier=1, acquire=2, release=2), dep_signal=[0x0, 0x0, 0x0, 0x0, 0x0], completion_signal=0x7ff5609fc700
:4:commandqueue.cpp         :184 : 4393491228541 us: [pid:4154523 tid: 0x7ff56a04a200] All commands finished
:3:rocvirtual.cpp           :226 : 4393491228559 us: [pid:4154523 tid: 0x7ff42fbff6c0] Handler: value(0), timestamp(0x40a16fc0), handle(0x7ff5609fc700)
:4:command.cpp              :169 : 4393491228872 us: [pid:4154523 tid: 0x7ff42fbff6c0] Command 0x40a16c30 complete
:4:command.cpp              :163 : 4393491228882 us: [pid:4154523 tid: 0x7ff42fbff6c0] Command 0x40349470 complete (Wall: 4393491228880, CPU: 0, GPU: 367 us)
:3:hip_device_runtime.cpp   :645 : 4393491228860 us: [pid:4154523 tid: 0x7ff56a04a200] hipDeviceSynchronize: Returned hipSuccess : 
:3:hip_memory.cpp           :795 : 4393491228920 us: [pid:4154523 tid: 0x7ff56a04a200] [32m hipMemcpy ( 0x7ff564552010, 0x7ff40e400000, 30720000, hipMemcpyDeviceToHost ) [0m
:4:command.cpp              :359 : 4393491228940 us: [pid:4154523 tid: 0x7ff56a04a200] Command (CopyDeviceToHost) enqueued: 0x40a16c30
:4:rocblit.cpp              :1673: 4393491228959 us: [pid:4154523 tid: 0x7ff56a04a200] Unpinned read path, Async = 0
:4:rocmemory.cpp            :1018: 4393491228983 us: [pid:4154523 tid: 0x7ff56a04a200] Locking to pool 0x4017aed0, size 0x1d4d000, HostPtr = 0x7ff564552000, DevPtr = 0x7ff564552000
:4:rocblit.cpp              :623 : 4393491228994 us: [pid:4154523 tid: 0x7ff56a04a200] HSA Copy Using Pinned resource size 30720000
:4:rocblit.cpp              :687 : 4393491229007 us: [pid:4154523 tid: 0x7ff56a04a200] HSA Async Copy staged D2H
:4:rocblit.cpp              :503 : 4393491229012 us: [pid:4154523 tid: 0x7ff56a04a200] Last copy mask 0x0
:4:rocblit.cpp              :509 : 4393491229018 us: [pid:4154523 tid: 0x7ff56a04a200] Query copy engine status 0, free_engine mask 0x1e
:4:rocblit.cpp              :520 : 4393491229026 us: [pid:4154523 tid: 0x7ff56a04a200] HSA Async Copy on copy_engine=0x2, dst=0x7ff564552010, src=0x7ff40e400000, size=30720000, forceSDMA=0, wait_event=0x0, completion_signal=0x7ff5609fe580
:4:rocvirtual.cpp           :622 : 4393491229036 us: [pid:4154523 tid: 0x7ff56a04a200] Host wait on completion_signal=0x7ff5609fe580
:3:rocvirtual.hpp           :56  : 4393491229043 us: [pid:4154523 tid: 0x7ff56a04a200] Host active wait for Signal = (0x7ff5609fe580) for -1 ns
:4:commandqueue.cpp         :161 : 4393491230138 us: [pid:4154523 tid: 0x7ff56a04a200] Marker queued to ensure finish
:4:command.cpp              :359 : 4393491230144 us: [pid:4154523 tid: 0x7ff56a04a200] Command (InternalMarker) enqueued: 0x40349470
:3:rocvirtual.cpp           :533 : 4393491230159 us: [pid:4154523 tid: 0x7ff56a04a200] Set Handler: handle(0x7ff5609fc680), timestamp(0x40937e60)
:4:rocvirtual.cpp           :1147: 4393491230167 us: [pid:4154523 tid: 0x7ff56a04a200] SWq=0x7ff56a034000, HWq=0x7ff54da00000, id=1, BarrierAND Header = 0x1503 (type=3, barrier=1, acquire=2, release=2), dep_signal=[0x0, 0x0, 0x0, 0x0, 0x0], completion_signal=0x7ff5609fc680
:4:commandqueue.cpp         :184 : 4393491230184 us: [pid:4154523 tid: 0x7ff56a04a200] All commands finished
:3:hip_memory.cpp           :796 : 4393491230189 us: [pid:4154523 tid: 0x7ff56a04a200] hipMemcpy: Returned hipSuccess : : duration: 1269 us
:3:hip_memory.cpp           :3476: 4393491230200 us: [pid:4154523 tid: 0x7ff56a04a200] [32m hipMemset ( 0x7ff40e400000, 0, 30720000 ) [0m
:3:rocvirtual.cpp           :226 : 4393491230191 us: [pid:4154523 tid: 0x7ff42fbff6c0] Handler: value(0), timestamp(0x40a16fc0), handle(0x7ff5609fc680)
:4:command.cpp              :169 : 4393491230221 us: [pid:4154523 tid: 0x7ff42fbff6c0] Command 0x40a16c30 complete
:4:command.cpp              :163 : 4393491230228 us: [pid:4154523 tid: 0x7ff42fbff6c0] Command 0x40349470 complete (Wall: 4393491230226, CPU: 0, GPU: 75 us)
:4:command.cpp              :359 : 4393491230211 us: [pid:4154523 tid: 0x7ff56a04a200] Command (FillBuffer) enqueued: 0x40a17090
:3:rocvirtual.cpp           :762 : 4393491230249 us: [pid:4154523 tid: 0x7ff56a04a200] Arg0: void* buf = ptr:0x7ff40e400000
:3:rocvirtual.cpp           :778 : 4393491230609 us: [pid:4154523 tid: 0x7ff56a04a200] Arg0: void* buf = ptr:0x7ff40e400000 obj:[0x7ff40e400000-0x7ff41014c000]
:3:rocvirtual.cpp           :762 : 4393491230617 us: [pid:4154523 tid: 0x7ff56a04a200] Arg1: uchar* pattern = ptr:0x7ff54d800000
:3:rocvirtual.cpp           :853 : 4393491230625 us: [pid:4154523 tid: 0x7ff56a04a200] Arg2: uint pattern_size = val:1
:3:rocvirtual.cpp           :853 : 4393491230630 us: [pid:4154523 tid: 0x7ff56a04a200] Arg3: uint alignment = val:16
:3:rocvirtual.cpp           :853 : 4393491230634 us: [pid:4154523 tid: 0x7ff56a04a200] Arg4: ulong end_ptr = val:140686218543104
:3:rocvirtual.cpp           :853 : 4393491230641 us: [pid:4154523 tid: 0x7ff56a04a200] Arg5: uint next_chunk = val:26624
:3:rocvirtual.cpp           :3236: 4393491230646 us: [pid:4154523 tid: 0x7ff56a04a200] ShaderName : __amd_rocclr_fillBufferAligned
:3:rocvirtual.cpp           :3449: 4393491230654 us: [pid:4154523 tid: 0x7ff56a04a200] KernargSegmentByteSize = 296 KernargSegmentAlignment = 128
:4:rocvirtual.cpp           :965 : 4393491230669 us: [pid:4154523 tid: 0x7ff56a04a200] SWq=0x7ff56a034000, HWq=0x7ff54da00000, id=1, Dispatch Header = 0x1502 (type=2, barrier=1, acquire=2, release=2), setup=1, grid=[26624, 1, 1], workgroup=[256, 1, 1], private_seg_size=0, group_seg_size=0, kernel_obj=0x7ff56a025d40, kernarg_address=0x7ff54d800100, completion_signal=0x0, correlation_id=0, rptr=46, wptr=46
:3:hip_memory.cpp           :3477: 4393491230699 us: [pid:4154523 tid: 0x7ff56a04a200] hipMemset: Returned hipSuccess : 
:3:hip_device_runtime.cpp   :641 : 4393491230706 us: [pid:4154523 tid: 0x7ff56a04a200] [32m hipDeviceSynchronize (  ) [0m
:4:commandqueue.cpp         :161 : 4393491230712 us: [pid:4154523 tid: 0x7ff56a04a200] Marker queued to ensure finish
:4:command.cpp              :359 : 4393491230722 us: [pid:4154523 tid: 0x7ff56a04a200] Command (InternalMarker) enqueued: 0x40349470
:3:rocvirtual.cpp           :533 : 4393491230739 us: [pid:4154523 tid: 0x7ff56a04a200] Set Handler: handle(0x7ff5609fc600), timestamp(0x40972540)
:4:rocvirtual.cpp           :1147: 4393491230755 us: [pid:4154523 tid: 0x7ff56a04a200] SWq=0x7ff56a034000, HWq=0x7ff54da00000, id=1, BarrierAND Header = 0x1503 (type=3, barrier=1, acquire=2, release=2), dep_signal=[0x0, 0x0, 0x0, 0x0, 0x0], completion_signal=0x7ff5609fc600
:4:commandqueue.cpp         :184 : 4393491230781 us: [pid:4154523 tid: 0x7ff56a04a200] All commands finished
:3:hip_device_runtime.cpp   :645 : 4393491230790 us: [pid:4154523 tid: 0x7ff56a04a200] hipDeviceSynchronize: Returned hipSuccess : 
:3:rocvirtual.cpp           :226 : 4393491230782 us: [pid:4154523 tid: 0x7ff42fbff6c0] Handler: value(0), timestamp(0x40a17310), handle(0x7ff5609fc600)
:3:hip_platform.cpp         :237 : 4393491230804 us: [pid:4154523 tid: 0x7ff56a04a200] [32m __hipPushCallConfiguration ( {8,1,1}, {512,1,1}, 0, stream:<null> ) [0m
:3:hip_platform.cpp         :241 : 4393491231221 us: [pid:4154523 tid: 0x7ff56a04a200] __hipPushCallConfiguration: Returned hipSuccess : 
:4:command.cpp              :169 : 4393491231204 us: [pid:4154523 tid: 0x7ff42fbff6c0] Command 0x40a17090 complete
:3:hip_platform.cpp         :246 : 4393491231234 us: [pid:4154523 tid: 0x7ff56a04a200] [32m __hipPopCallConfiguration ( {1951258706,32757,512}, {2118224,0,278018480}, 0x7ffc10923700, 0x7ffc109236f8 ) [0m
:3:hip_platform.cpp         :255 : 4393491231256 us: [pid:4154523 tid: 0x7ff56a04a200] __hipPopCallConfiguration: Returned hipSuccess : 
:4:command.cpp              :163 : 4393491231242 us: [pid:4154523 tid: 0x7ff42fbff6c0] Command 0x40349470 complete (Wall: 4393491231241, CPU: 0, GPU: 511 us)
:3:hip_module.cpp           :744 : 4393491231272 us: [pid:4154523 tid: 0x7ff56a04a200] [32m hipLaunchKernel ( 0x200fe8, {8,1,1}, {512,1,1}, 0x7ffc109236b0, 0, stream:<null> ) [0m
:4:command.cpp              :359 : 4393491231305 us: [pid:4154523 tid: 0x7ff56a04a200] Command (KernelExecution) enqueued: 0x40a17090
:3:rocvirtual.cpp           :762 : 4393491231316 us: [pid:4154523 tid: 0x7ff56a04a200] Arg0:   = ptr:0x7ff433a00000
:3:rocvirtual.cpp           :778 : 4393491231326 us: [pid:4154523 tid: 0x7ff56a04a200] Arg0:   = ptr:0x7ff433a00000 obj:[0x7ff433a00000-0x7ff43574c000]
:3:rocvirtual.cpp           :762 : 4393491231336 us: [pid:4154523 tid: 0x7ff56a04a200] Arg1:   = ptr:0x7ff54cc00000
:3:rocvirtual.cpp           :778 : 4393491231348 us: [pid:4154523 tid: 0x7ff56a04a200] Arg1:   = ptr:0x7ff54cc00000 obj:[0x7ff54cc00000-0x7ff54cc06000]
:3:rocvirtual.cpp           :762 : 4393491231357 us: [pid:4154523 tid: 0x7ff56a04a200] Arg2:   = ptr:0x7ff40e400000
:3:rocvirtual.cpp           :778 : 4393491231364 us: [pid:4154523 tid: 0x7ff56a04a200] Arg2:   = ptr:0x7ff40e400000 obj:[0x7ff40e400000-0x7ff41014c000]
:3:rocvirtual.cpp           :853 : 4393491231372 us: [pid:4154523 tid: 0x7ff56a04a200] Arg3:   = val:768
:3:rocvirtual.cpp           :762 : 4393491231379 us: [pid:4154523 tid: 0x7ff56a04a200] Arg4:   = ptr:0x7ff54cc06000
:3:rocvirtual.cpp           :778 : 4393491231688 us: [pid:4154523 tid: 0x7ff56a04a200] Arg4:   = ptr:0x7ff54cc06000 obj:[0x7ff54cc06000-0x7ff54cc06024]
:3:rocvirtual.cpp           :3236: 4393491231697 us: [pid:4154523 tid: 0x7ff56a04a200] ShaderName : void dense_esuhm3<float>(float const*, float const*, float*, int, int const*)
:3:rocvirtual.cpp           :3449: 4393491231707 us: [pid:4154523 tid: 0x7ff56a04a200] KernargSegmentByteSize = 296 KernargSegmentAlignment = 128
:4:rocvirtual.cpp           :965 : 4393491231716 us: [pid:4154523 tid: 0x7ff56a04a200] SWq=0x7ff56a034000, HWq=0x7ff54da00000, id=1, Dispatch Header = 0xb02 (type=2, barrier=1, acquire=1, release=1), setup=3, grid=[4096, 1, 1], workgroup=[512, 1, 1], private_seg_size=140, group_seg_size=0, kernel_obj=0x7ff560a91a00, kernarg_address=0x7ff54d800280, completion_signal=0x0, correlation_id=0, rptr=48, wptr=48
:3:hip_module.cpp           :745 : 4393491231741 us: [pid:4154523 tid: 0x7ff56a04a200] hipLaunchKernel: Returned hipSuccess : : duration: 469 us
:3:hip_device_runtime.cpp   :641 : 4393491231751 us: [pid:4154523 tid: 0x7ff56a04a200] [32m hipDeviceSynchronize (  ) [0m
:4:commandqueue.cpp         :161 : 4393491231757 us: [pid:4154523 tid: 0x7ff56a04a200] Marker queued to ensure finish
:4:command.cpp              :359 : 4393491231761 us: [pid:4154523 tid: 0x7ff56a04a200] Command (InternalMarker) enqueued: 0x40349470
:3:rocvirtual.cpp           :533 : 4393491231775 us: [pid:4154523 tid: 0x7ff56a04a200] Set Handler: handle(0x7ff5609fc580), timestamp(0x409d2b50)
:4:rocvirtual.cpp           :1147: 4393491231784 us: [pid:4154523 tid: 0x7ff56a04a200] SWq=0x7ff56a034000, HWq=0x7ff54da00000, id=1, BarrierAND Header = 0x1503 (type=3, barrier=1, acquire=2, release=2), dep_signal=[0x0, 0x0, 0x0, 0x0, 0x0], completion_signal=0x7ff5609fc580
:3:rocvirtual.hpp           :56  : 4393491231795 us: [pid:4154523 tid: 0x7ff56a04a200] Host active wait for Signal = (0x7ff5609fc580) for -1 ns
:4:commandqueue.cpp         :184 : 4393491231826 us: [pid:4154523 tid: 0x7ff56a04a200] All commands finished
:3:hip_device_runtime.cpp   :645 : 4393491231836 us: [pid:4154523 tid: 0x7ff56a04a200] hipDeviceSynchronize: Returned hipSuccess : 
:3:rocvirtual.cpp           :226 : 4393491231838 us: [pid:4154523 tid: 0x7ff42fbff6c0] Handler: value(0), timestamp(0x409d2ae0), handle(0x7ff5609fc580)
:4:command.cpp              :169 : 4393491231857 us: [pid:4154523 tid: 0x7ff42fbff6c0] Command 0x40a17090 complete
:3:hip_memory.cpp           :795 : 4393491231850 us: [pid:4154523 tid: 0x7ff56a04a200] [32m hipMemcpy ( 0x7ff562805010, 0x7ff40e400000, 30720000, hipMemcpyDeviceToHost ) [0m
:4:command.cpp              :163 : 4393491231866 us: [pid:4154523 tid: 0x7ff42fbff6c0] Command 0x40349470 complete (Wall: 4393491231864, CPU: 0, GPU: 96 us)
:4:command.cpp              :359 : 4393491231876 us: [pid:4154523 tid: 0x7ff56a04a200] Command (CopyDeviceToHost) enqueued: 0x40a17090
:4:rocblit.cpp              :1673: 4393491231892 us: [pid:4154523 tid: 0x7ff56a04a200] Unpinned read path, Async = 0
:4:rocmemory.cpp            :1018: 4393491231906 us: [pid:4154523 tid: 0x7ff56a04a200] Locking to pool 0x4017aed0, size 0x1d4d000, HostPtr = 0x7ff562805000, DevPtr = 0x7ff562805000
:4:rocblit.cpp              :623 : 4393491231920 us: [pid:4154523 tid: 0x7ff56a04a200] HSA Copy Using Pinned resource size 30720000
:4:rocblit.cpp              :687 : 4393491231931 us: [pid:4154523 tid: 0x7ff56a04a200] HSA Async Copy staged D2H
:4:rocblit.cpp              :503 : 4393491231937 us: [pid:4154523 tid: 0x7ff56a04a200] Last copy mask 0x0
:4:rocblit.cpp              :509 : 4393491231942 us: [pid:4154523 tid: 0x7ff56a04a200] Query copy engine status 0, free_engine mask 0x1e
:4:rocblit.cpp              :520 : 4393491232396 us: [pid:4154523 tid: 0x7ff56a04a200] HSA Async Copy on copy_engine=0x2, dst=0x7ff562805010, src=0x7ff40e400000, size=30720000, forceSDMA=0, wait_event=0x0, completion_signal=0x7ff5609fe380
:4:rocvirtual.cpp           :622 : 4393491232407 us: [pid:4154523 tid: 0x7ff56a04a200] Host wait on completion_signal=0x7ff5609fe380
:3:rocvirtual.hpp           :56  : 4393491232414 us: [pid:4154523 tid: 0x7ff56a04a200] Host active wait for Signal = (0x7ff5609fe380) for -1 ns
:4:commandqueue.cpp         :161 : 4393491233507 us: [pid:4154523 tid: 0x7ff56a04a200] Marker queued to ensure finish
:4:command.cpp              :359 : 4393491233523 us: [pid:4154523 tid: 0x7ff56a04a200] Command (InternalMarker) enqueued: 0x40349470
:3:rocvirtual.cpp           :533 : 4393491233541 us: [pid:4154523 tid: 0x7ff56a04a200] Set Handler: handle(0x7ff5609fc500), timestamp(0x40a16cd0)
:4:rocvirtual.cpp           :1147: 4393491233554 us: [pid:4154523 tid: 0x7ff56a04a200] SWq=0x7ff56a034000, HWq=0x7ff54da00000, id=1, BarrierAND Header = 0x1503 (type=3, barrier=1, acquire=2, release=2), dep_signal=[0x0, 0x0, 0x0, 0x0, 0x0], completion_signal=0x7ff5609fc500
:4:commandqueue.cpp         :184 : 4393491233570 us: [pid:4154523 tid: 0x7ff56a04a200] All commands finished
:3:hip_memory.cpp           :796 : 4393491233575 us: [pid:4154523 tid: 0x7ff56a04a200] hipMemcpy: Returned hipSuccess : : duration: 1725 us
:3:rocvirtual.cpp           :226 : 4393491233575 us: [pid:4154523 tid: 0x7ff42fbff6c0] Handler: value(0), timestamp(0x409d2ae0), handle(0x7ff5609fc500)
:4:command.cpp              :169 : 4393491233597 us: [pid:4154523 tid: 0x7ff42fbff6c0] Command 0x40a17090 complete
:4:command.cpp              :163 : 4393491233603 us: [pid:4154523 tid: 0x7ff42fbff6c0] Command 0x40349470 complete (Wall: 4393491233601, CPU: 0, GPU: 68 us)
:3:hip_memory.cpp           :3476: 4393491318305 us: [pid:4154523 tid: 0x7ff56a04a200] [32m hipMemset ( 0x7ff40e400000, 0, 30720000 ) [0m
:4:command.cpp              :359 : 4393491318345 us: [pid:4154523 tid: 0x7ff56a04a200] Command (FillBuffer) enqueued: 0x409d2c60
:3:rocvirtual.cpp           :762 : 4393491318374 us: [pid:4154523 tid: 0x7ff56a04a200] Arg0: void* buf = ptr:0x7ff40e400000
:3:rocvirtual.cpp           :778 : 4393491318381 us: [pid:4154523 tid: 0x7ff56a04a200] Arg0: void* buf = ptr:0x7ff40e400000 obj:[0x7ff40e400000-0x7ff41014c000]
:3:rocvirtual.cpp           :762 : 4393491318389 us: [pid:4154523 tid: 0x7ff56a04a200] Arg1: uchar* pattern = ptr:0x7ff54d800000
:3:rocvirtual.cpp           :853 : 4393491318397 us: [pid:4154523 tid: 0x7ff56a04a200] Arg2: uint pattern_size = val:1
:3:rocvirtual.cpp           :853 : 4393491318402 us: [pid:4154523 tid: 0x7ff56a04a200] Arg3: uint alignment = val:16
:3:rocvirtual.cpp           :853 : 4393491318406 us: [pid:4154523 tid: 0x7ff56a04a200] Arg4: ulong end_ptr = val:140686218543104
:3:rocvirtual.cpp           :853 : 4393491318414 us: [pid:4154523 tid: 0x7ff56a04a200] Arg5: uint next_chunk = val:26624
:3:rocvirtual.cpp           :3236: 4393491318424 us: [pid:4154523 tid: 0x7ff56a04a200] ShaderName : __amd_rocclr_fillBufferAligned
:3:rocvirtual.cpp           :3449: 4393491318435 us: [pid:4154523 tid: 0x7ff56a04a200] KernargSegmentByteSize = 296 KernargSegmentAlignment = 128
:4:rocvirtual.cpp           :965 : 4393491318448 us: [pid:4154523 tid: 0x7ff56a04a200] SWq=0x7ff56a034000, HWq=0x7ff54da00000, id=1, Dispatch Header = 0x1502 (type=2, barrier=1, acquire=2, release=2), setup=1, grid=[26624, 1, 1], workgroup=[256, 1, 1], private_seg_size=0, group_seg_size=0, kernel_obj=0x7ff56a025d40, kernarg_address=0x7ff54d800100, completion_signal=0x0, correlation_id=0, rptr=51, wptr=51
:3:hip_memory.cpp           :3477: 4393491318464 us: [pid:4154523 tid: 0x7ff56a04a200] hipMemset: Returned hipSuccess : 
:3:hip_device_runtime.cpp   :641 : 4393491318471 us: [pid:4154523 tid: 0x7ff56a04a200] [32m hipDeviceSynchronize (  ) [0m
:4:commandqueue.cpp         :161 : 4393491318476 us: [pid:4154523 tid: 0x7ff56a04a200] Marker queued to ensure finish
:4:command.cpp              :359 : 4393491318481 us: [pid:4154523 tid: 0x7ff56a04a200] Command (InternalMarker) enqueued: 0x40349470
:3:rocvirtual.cpp           :533 : 4393491318519 us: [pid:4154523 tid: 0x7ff56a04a200] Set Handler: handle(0x7ff5609fc480), timestamp(0x409d2f10)
:4:rocvirtual.cpp           :1147: 4393491318868 us: [pid:4154523 tid: 0x7ff56a04a200] SWq=0x7ff56a034000, HWq=0x7ff54da00000, id=1, BarrierAND Header = 0x1503 (type=3, barrier=1, acquire=2, release=2), dep_signal=[0x0, 0x0, 0x0, 0x0, 0x0], completion_signal=0x7ff5609fc480
:4:commandqueue.cpp         :184 : 4393491318905 us: [pid:4154523 tid: 0x7ff56a04a200] All commands finished
:3:rocvirtual.cpp           :226 : 4393491318909 us: [pid:4154523 tid: 0x7ff42fbff6c0] Handler: value(0), timestamp(0x409d2e60), handle(0x7ff5609fc480)
:3:hip_device_runtime.cpp   :645 : 4393491318912 us: [pid:4154523 tid: 0x7ff56a04a200] hipDeviceSynchronize: Returned hipSuccess : 
:4:command.cpp              :169 : 4393491318927 us: [pid:4154523 tid: 0x7ff42fbff6c0] Command 0x409d2c60 complete
:3:hip_platform.cpp         :237 : 4393491318944 us: [pid:4154523 tid: 0x7ff56a04a200] [32m __hipPushCallConfiguration ( {8,1,1}, {1024,1,1}, 0, stream:<null> ) [0m
:4:command.cpp              :163 : 4393491318950 us: [pid:4154523 tid: 0x7ff42fbff6c0] Command 0x40349470 complete (Wall: 4393491318949, CPU: 0, GPU: 460 us)
:3:hip_platform.cpp         :241 : 4393491318968 us: [pid:4154523 tid: 0x7ff56a04a200] __hipPushCallConfiguration: Returned hipSuccess : 
:3:hip_platform.cpp         :246 : 4393491318997 us: [pid:4154523 tid: 0x7ff56a04a200] [32m __hipPopCallConfiguration ( {1951258706,32757,1024}, {2118224,0,278018480}, 0x7ffc10923700, 0x7ffc109236f8 ) [0m
:3:hip_platform.cpp         :255 : 4393491319013 us: [pid:4154523 tid: 0x7ff56a04a200] __hipPopCallConfiguration: Returned hipSuccess : 
:3:hip_module.cpp           :744 : 4393491319035 us: [pid:4154523 tid: 0x7ff56a04a200] [32m hipLaunchKernel ( 0x200fd8, {8,1,1}, {1024,1,1}, 0x7ffc109236b0, 0, stream:<null> ) [0m
:4:command.cpp              :359 : 4393491319423 us: [pid:4154523 tid: 0x7ff56a04a200] Command (KernelExecution) enqueued: 0x40a17090
:3:rocvirtual.cpp           :762 : 4393491319438 us: [pid:4154523 tid: 0x7ff56a04a200] Arg0:   = ptr:0x7ff433a00000
:3:rocvirtual.cpp           :778 : 4393491319446 us: [pid:4154523 tid: 0x7ff56a04a200] Arg0:   = ptr:0x7ff433a00000 obj:[0x7ff433a00000-0x7ff43574c000]
:3:rocvirtual.cpp           :762 : 4393491319462 us: [pid:4154523 tid: 0x7ff56a04a200] Arg1:   = ptr:0x7ff54cc00000
:3:rocvirtual.cpp           :778 : 4393491319468 us: [pid:4154523 tid: 0x7ff56a04a200] Arg1:   = ptr:0x7ff54cc00000 obj:[0x7ff54cc00000-0x7ff54cc06000]
:3:rocvirtual.cpp           :762 : 4393491319475 us: [pid:4154523 tid: 0x7ff56a04a200] Arg2:   = ptr:0x7ff40e400000
:3:rocvirtual.cpp           :778 : 4393491319480 us: [pid:4154523 tid: 0x7ff56a04a200] Arg2:   = ptr:0x7ff40e400000 obj:[0x7ff40e400000-0x7ff41014c000]
:3:rocvirtual.cpp           :853 : 4393491319487 us: [pid:4154523 tid: 0x7ff56a04a200] Arg3:   = val:768
:3:rocvirtual.cpp           :762 : 4393491319492 us: [pid:4154523 tid: 0x7ff56a04a200] Arg4:   = ptr:0x7ff54cc06000
:3:rocvirtual.cpp           :778 : 4393491319497 us: [pid:4154523 tid: 0x7ff56a04a200] Arg4:   = ptr:0x7ff54cc06000 obj:[0x7ff54cc06000-0x7ff54cc06024]
:3:rocvirtual.cpp           :3236: 4393491319504 us: [pid:4154523 tid: 0x7ff56a04a200] ShaderName : void dense_esuhm<float>(float const*, float const*, float*, int, int const*)
:3:rocvirtual.cpp           :3449: 4393491319514 us: [pid:4154523 tid: 0x7ff56a04a200] KernargSegmentByteSize = 296 KernargSegmentAlignment = 128
:4:rocvirtual.cpp           :965 : 4393491320065 us: [pid:4154523 tid: 0x7ff56a04a200] SWq=0x7ff56a034000, HWq=0x7ff54da00000, id=1, Dispatch Header = 0xb02 (type=2, barrier=1, acquire=1, release=1), setup=3, grid=[8192, 1, 1], workgroup=[1024, 1, 1], private_seg_size=140, group_seg_size=0, kernel_obj=0x7ff560a91980, kernarg_address=0x7ff54d800280, completion_signal=0x0, correlation_id=0, rptr=53, wptr=53
:3:hip_module.cpp           :745 : 4393491320082 us: [pid:4154523 tid: 0x7ff56a04a200] hipLaunchKernel: Returned hipSuccess : : duration: 1047 us
:3:hip_device_runtime.cpp   :641 : 4393491320092 us: [pid:4154523 tid: 0x7ff56a04a200] [32m hipDeviceSynchronize (  ) [0m
:4:commandqueue.cpp         :161 : 4393491320107 us: [pid:4154523 tid: 0x7ff56a04a200] Marker queued to ensure finish
:4:command.cpp              :359 : 4393491320113 us: [pid:4154523 tid: 0x7ff56a04a200] Command (InternalMarker) enqueued: 0x40349470
:3:rocvirtual.cpp           :533 : 4393491320129 us: [pid:4154523 tid: 0x7ff56a04a200] Set Handler: handle(0x7ff5609fc400), timestamp(0x409d2a90)
:4:rocvirtual.cpp           :1147: 4393491320142 us: [pid:4154523 tid: 0x7ff56a04a200] SWq=0x7ff56a034000, HWq=0x7ff54da00000, id=1, BarrierAND Header = 0x1503 (type=3, barrier=1, acquire=2, release=2), dep_signal=[0x0, 0x0, 0x0, 0x0, 0x0], completion_signal=0x7ff5609fc400
:4:commandqueue.cpp         :184 : 4393491320159 us: [pid:4154523 tid: 0x7ff56a04a200] All commands finished
:3:hip_device_runtime.cpp   :645 : 4393491320166 us: [pid:4154523 tid: 0x7ff56a04a200] hipDeviceSynchronize: Returned hipSuccess : 
:3:rocvirtual.cpp           :226 : 4393491320167 us: [pid:4154523 tid: 0x7ff42fbff6c0] Handler: value(0), timestamp(0x409d3120), handle(0x7ff5609fc400)
:3:hip_memory.cpp           :795 : 4393491320187 us: [pid:4154523 tid: 0x7ff56a04a200] [32m hipMemcpy ( 0x7ff56629f010, 0x7ff40e400000, 30720000, hipMemcpyDeviceToHost ) [0m
:4:command.cpp              :169 : 4393491320196 us: [pid:4154523 tid: 0x7ff42fbff6c0] Command 0x40a17090 complete
:4:command.cpp              :359 : 4393491320605 us: [pid:4154523 tid: 0x7ff56a04a200] Command (CopyDeviceToHost) enqueued: 0x40a93a20
:4:rocblit.cpp              :1673: 4393491320629 us: [pid:4154523 tid: 0x7ff56a04a200] Unpinned read path, Async = 0
:4:command.cpp              :163 : 4393491320619 us: [pid:4154523 tid: 0x7ff42fbff6c0] Command 0x40349470 complete (Wall: 4393491320615, CPU: 0, GPU: 494 us)
:4:rocmemory.cpp            :1018: 4393491320658 us: [pid:4154523 tid: 0x7ff56a04a200] Locking to pool 0x4017aed0, size 0x1d4d000, HostPtr = 0x7ff56629f000, DevPtr = 0x7ff56629f000
:4:rocblit.cpp              :623 : 4393491320667 us: [pid:4154523 tid: 0x7ff56a04a200] HSA Copy Using Pinned resource size 30720000
:4:rocblit.cpp              :687 : 4393491320675 us: [pid:4154523 tid: 0x7ff56a04a200] HSA Async Copy staged D2H
:4:rocblit.cpp              :503 : 4393491320681 us: [pid:4154523 tid: 0x7ff56a04a200] Last copy mask 0x0
:4:rocblit.cpp              :509 : 4393491320690 us: [pid:4154523 tid: 0x7ff56a04a200] Query copy engine status 0, free_engine mask 0x1e
:4:rocblit.cpp              :520 : 4393491320702 us: [pid:4154523 tid: 0x7ff56a04a200] HSA Async Copy on copy_engine=0x2, dst=0x7ff56629f010, src=0x7ff40e400000, size=30720000, forceSDMA=0, wait_event=0x0, completion_signal=0x7ff5609fe180
:4:rocvirtual.cpp           :622 : 4393491320716 us: [pid:4154523 tid: 0x7ff56a04a200] Host wait on completion_signal=0x7ff5609fe180
:3:rocvirtual.hpp           :56  : 4393491320728 us: [pid:4154523 tid: 0x7ff56a04a200] Host active wait for Signal = (0x7ff5609fe180) for -1 ns
:4:commandqueue.cpp         :161 : 4393491321815 us: [pid:4154523 tid: 0x7ff56a04a200] Marker queued to ensure finish
:4:command.cpp              :359 : 4393491321825 us: [pid:4154523 tid: 0x7ff56a04a200] Command (InternalMarker) enqueued: 0x409d2ff0
:3:rocvirtual.cpp           :533 : 4393491321846 us: [pid:4154523 tid: 0x7ff56a04a200] Set Handler: handle(0x7ff5609fc380), timestamp(0x40a17290)
:4:rocvirtual.cpp           :1147: 4393491321860 us: [pid:4154523 tid: 0x7ff56a04a200] SWq=0x7ff56a034000, HWq=0x7ff54da00000, id=1, BarrierAND Header = 0x1503 (type=3, barrier=1, acquire=2, release=2), dep_signal=[0x0, 0x0, 0x0, 0x0, 0x0], completion_signal=0x7ff5609fc380
:4:commandqueue.cpp         :184 : 4393491321872 us: [pid:4154523 tid: 0x7ff56a04a200] All commands finished
:3:hip_memory.cpp           :796 : 4393491321884 us: [pid:4154523 tid: 0x7ff56a04a200] hipMemcpy: Returned hipSuccess : : duration: 1697 us
:3:rocvirtual.cpp           :226 : 4393491321890 us: [pid:4154523 tid: 0x7ff42fbff6c0] Handler: value(0), timestamp(0x409d2d50), handle(0x7ff5609fc380)
:4:command.cpp              :169 : 4393491321906 us: [pid:4154523 tid: 0x7ff42fbff6c0] Command 0x40a93a20 complete
:3:hip_memory.cpp           :3476: 4393491321910 us: [pid:4154523 tid: 0x7ff56a04a200] [32m hipMemset ( 0x7ff40e400000, 0, 30720000 ) [0m
:4:command.cpp              :359 : 4393491321922 us: [pid:4154523 tid: 0x7ff56a04a200] Command (FillBuffer) enqueued: 0x40a93c60
:4:command.cpp              :163 : 4393491321926 us: [pid:4154523 tid: 0x7ff42fbff6c0] Command 0x409d2ff0 complete (Wall: 4393491321924, CPU: 0, GPU: 86 us)
:3:rocvirtual.cpp           :762 : 4393491321939 us: [pid:4154523 tid: 0x7ff56a04a200] Arg0: void* buf = ptr:0x7ff40e400000
:3:rocvirtual.cpp           :778 : 4393491322349 us: [pid:4154523 tid: 0x7ff56a04a200] Arg0: void* buf = ptr:0x7ff40e400000 obj:[0x7ff40e400000-0x7ff41014c000]
:3:rocvirtual.cpp           :762 : 4393491322361 us: [pid:4154523 tid: 0x7ff56a04a200] Arg1: uchar* pattern = ptr:0x7ff54d800000
:3:rocvirtual.cpp           :853 : 4393491322369 us: [pid:4154523 tid: 0x7ff56a04a200] Arg2: uint pattern_size = val:1
:3:rocvirtual.cpp           :853 : 4393491322373 us: [pid:4154523 tid: 0x7ff56a04a200] Arg3: uint alignment = val:16
:3:rocvirtual.cpp           :853 : 4393491322378 us: [pid:4154523 tid: 0x7ff56a04a200] Arg4: ulong end_ptr = val:140686218543104
:3:rocvirtual.cpp           :853 : 4393491322385 us: [pid:4154523 tid: 0x7ff56a04a200] Arg5: uint next_chunk = val:26624
:3:rocvirtual.cpp           :3236: 4393491322389 us: [pid:4154523 tid: 0x7ff56a04a200] ShaderName : __amd_rocclr_fillBufferAligned
:3:rocvirtual.cpp           :3449: 4393491322397 us: [pid:4154523 tid: 0x7ff56a04a200] KernargSegmentByteSize = 296 KernargSegmentAlignment = 128
:4:rocvirtual.cpp           :965 : 4393491322406 us: [pid:4154523 tid: 0x7ff56a04a200] SWq=0x7ff56a034000, HWq=0x7ff54da00000, id=1, Dispatch Header = 0x1502 (type=2, barrier=1, acquire=2, release=2), setup=1, grid=[26624, 1, 1], workgroup=[256, 1, 1], private_seg_size=0, group_seg_size=0, kernel_obj=0x7ff56a025d40, kernarg_address=0x7ff54d800100, completion_signal=0x0, correlation_id=0, rptr=56, wptr=56
:3:hip_memory.cpp           :3477: 4393491322420 us: [pid:4154523 tid: 0x7ff56a04a200] hipMemset: Returned hipSuccess : 
:3:hip_device_runtime.cpp   :641 : 4393491322426 us: [pid:4154523 tid: 0x7ff56a04a200] [32m hipDeviceSynchronize (  ) [0m
:4:commandqueue.cpp         :161 : 4393491322431 us: [pid:4154523 tid: 0x7ff56a04a200] Marker queued to ensure finish
:4:command.cpp              :359 : 4393491322436 us: [pid:4154523 tid: 0x7ff56a04a200] Command (InternalMarker) enqueued: 0x409d2ff0
:3:rocvirtual.cpp           :533 : 4393491322458 us: [pid:4154523 tid: 0x7ff56a04a200] Set Handler: handle(0x7ff5609fc300), timestamp(0x40a17250)
:4:rocvirtual.cpp           :1147: 4393491322466 us: [pid:4154523 tid: 0x7ff56a04a200] SWq=0x7ff56a034000, HWq=0x7ff54da00000, id=1, BarrierAND Header = 0x1503 (type=3, barrier=1, acquire=2, release=2), dep_signal=[0x0, 0x0, 0x0, 0x0, 0x0], completion_signal=0x7ff5609fc300
:4:commandqueue.cpp         :184 : 4393491322477 us: [pid:4154523 tid: 0x7ff56a04a200] All commands finished
:3:hip_device_runtime.cpp   :645 : 4393491322483 us: [pid:4154523 tid: 0x7ff56a04a200] hipDeviceSynchronize: Returned hipSuccess : 
:3:rocvirtual.cpp           :226 : 4393491322500 us: [pid:4154523 tid: 0x7ff42fbff6c0] Handler: value(0), timestamp(0x40a17090), handle(0x7ff5609fc300)
:3:hip_platform.cpp         :237 : 4393491322965 us: [pid:4154523 tid: 0x7ff56a04a200] [32m __hipPushCallConfiguration ( {8,1,1}, {1024,1,1}, 0, stream:<null> ) [0m
:3:hip_platform.cpp         :241 : 4393491322981 us: [pid:4154523 tid: 0x7ff56a04a200] __hipPushCallConfiguration: Returned hipSuccess : 
:4:command.cpp              :169 : 4393491322968 us: [pid:4154523 tid: 0x7ff42fbff6c0] Command 0x40a93c60 complete
:3:hip_platform.cpp         :246 : 4393491322995 us: [pid:4154523 tid: 0x7ff56a04a200] [32m __hipPopCallConfiguration ( {1951258706,32757,1024}, {2118224,0,278018480}, 0x7ffc10923700, 0x7ffc109236f8 ) [0m
:4:command.cpp              :163 : 4393491323018 us: [pid:4154523 tid: 0x7ff42fbff6c0] Command 0x409d2ff0 complete (Wall: 4393491323014, CPU: 0, GPU: 562 us)
:3:hip_platform.cpp         :255 : 4393491323039 us: [pid:4154523 tid: 0x7ff56a04a200] __hipPopCallConfiguration: Returned hipSuccess : 
:3:hip_module.cpp           :744 : 4393491323068 us: [pid:4154523 tid: 0x7ff56a04a200] [32m hipLaunchKernel ( 0x200fe0, {8,1,1}, {1024,1,1}, 0x7ffc109236b0, 0, stream:<null> ) [0m
:4:command.cpp              :359 : 4393491323082 us: [pid:4154523 tid: 0x7ff56a04a200] Command (KernelExecution) enqueued: 0x40a93a20
:3:rocvirtual.cpp           :762 : 4393491323091 us: [pid:4154523 tid: 0x7ff56a04a200] Arg0:   = ptr:0x7ff433a00000
:3:rocvirtual.cpp           :778 : 4393491323096 us: [pid:4154523 tid: 0x7ff56a04a200] Arg0:   = ptr:0x7ff433a00000 obj:[0x7ff433a00000-0x7ff43574c000]
:3:rocvirtual.cpp           :762 : 4393491323109 us: [pid:4154523 tid: 0x7ff56a04a200] Arg1:   = ptr:0x7ff54cc00000
:3:rocvirtual.cpp           :778 : 4393491323113 us: [pid:4154523 tid: 0x7ff56a04a200] Arg1:   = ptr:0x7ff54cc00000 obj:[0x7ff54cc00000-0x7ff54cc06000]
:3:rocvirtual.cpp           :762 : 4393491323121 us: [pid:4154523 tid: 0x7ff56a04a200] Arg2:   = ptr:0x7ff40e400000
:3:rocvirtual.cpp           :778 : 4393491323125 us: [pid:4154523 tid: 0x7ff56a04a200] Arg2:   = ptr:0x7ff40e400000 obj:[0x7ff40e400000-0x7ff41014c000]
:3:rocvirtual.cpp           :853 : 4393491323133 us: [pid:4154523 tid: 0x7ff56a04a200] Arg3:   = val:768
:3:rocvirtual.cpp           :762 : 4393491323137 us: [pid:4154523 tid: 0x7ff56a04a200] Arg4:   = ptr:0x7ff54cc06000
:3:rocvirtual.cpp           :778 : 4393491323142 us: [pid:4154523 tid: 0x7ff56a04a200] Arg4:   = ptr:0x7ff54cc06000 obj:[0x7ff54cc06000-0x7ff54cc06024]
:3:rocvirtual.cpp           :3236: 4393491323150 us: [pid:4154523 tid: 0x7ff56a04a200] ShaderName : void dense_esuhm2<float>(float const*, float const*, float*, int, int const*)
:3:rocvirtual.cpp           :3449: 4393491323603 us: [pid:4154523 tid: 0x7ff56a04a200] KernargSegmentByteSize = 296 KernargSegmentAlignment = 128
:4:rocvirtual.cpp           :965 : 4393491323613 us: [pid:4154523 tid: 0x7ff56a04a200] SWq=0x7ff56a034000, HWq=0x7ff54da00000, id=1, Dispatch Header = 0xb02 (type=2, barrier=1, acquire=1, release=1), setup=3, grid=[8192, 1, 1], workgroup=[1024, 1, 1], private_seg_size=140, group_seg_size=0, kernel_obj=0x7ff560a919c0, kernarg_address=0x7ff54d800280, completion_signal=0x0, correlation_id=0, rptr=58, wptr=58
:3:hip_module.cpp           :745 : 4393491323636 us: [pid:4154523 tid: 0x7ff56a04a200] hipLaunchKernel: Returned hipSuccess : : duration: 568 us
:3:hip_device_runtime.cpp   :641 : 4393491323645 us: [pid:4154523 tid: 0x7ff56a04a200] [32m hipDeviceSynchronize (  ) [0m
:4:commandqueue.cpp         :161 : 4393491323651 us: [pid:4154523 tid: 0x7ff56a04a200] Marker queued to ensure finish
:4:command.cpp              :359 : 4393491323656 us: [pid:4154523 tid: 0x7ff56a04a200] Command (InternalMarker) enqueued: 0x40a93ee0
:3:rocvirtual.cpp           :533 : 4393491323672 us: [pid:4154523 tid: 0x7ff56a04a200] Set Handler: handle(0x7ff5609fc280), timestamp(0x40a940b0)
:4:rocvirtual.cpp           :1147: 4393491323680 us: [pid:4154523 tid: 0x7ff56a04a200] SWq=0x7ff56a034000, HWq=0x7ff54da00000, id=1, BarrierAND Header = 0x1503 (type=3, barrier=1, acquire=2, release=2), dep_signal=[0x0, 0x0, 0x0, 0x0, 0x0], completion_signal=0x7ff5609fc280
:4:commandqueue.cpp         :184 : 4393491323691 us: [pid:4154523 tid: 0x7ff56a04a200] All commands finished
:3:hip_device_runtime.cpp   :645 : 4393491323696 us: [pid:4154523 tid: 0x7ff56a04a200] hipDeviceSynchronize: Returned hipSuccess : 
:3:rocvirtual.cpp           :226 : 4393491323703 us: [pid:4154523 tid: 0x7ff42fbff6c0] Handler: value(0), timestamp(0x40a94000), handle(0x7ff5609fc280)
:3:hip_memory.cpp           :795 : 4393491323717 us: [pid:4154523 tid: 0x7ff56a04a200] [32m hipMemcpy ( 0x7ff564552010, 0x7ff40e400000, 30720000, hipMemcpyDeviceToHost ) [0m
:4:command.cpp              :169 : 4393491323725 us: [pid:4154523 tid: 0x7ff42fbff6c0] Command 0x40a93a20 complete
:4:command.cpp              :359 : 4393491324187 us: [pid:4154523 tid: 0x7ff56a04a200] Command (CopyDeviceToHost) enqueued: 0x40310280
:4:rocblit.cpp              :1673: 4393491324211 us: [pid:4154523 tid: 0x7ff56a04a200] Unpinned read path, Async = 0
:4:command.cpp              :163 : 4393491324197 us: [pid:4154523 tid: 0x7ff42fbff6c0] Command 0x40a93ee0 complete (Wall: 4393491324194, CPU: 0, GPU: 530 us)
:4:rocmemory.cpp            :1018: 4393491324238 us: [pid:4154523 tid: 0x7ff56a04a200] Locking to pool 0x4017aed0, size 0x1d4d000, HostPtr = 0x7ff564552000, DevPtr = 0x7ff564552000
:4:rocblit.cpp              :623 : 4393491324646 us: [pid:4154523 tid: 0x7ff56a04a200] HSA Copy Using Pinned resource size 30720000
:4:rocblit.cpp              :687 : 4393491324661 us: [pid:4154523 tid: 0x7ff56a04a200] HSA Async Copy staged D2H
:4:rocblit.cpp              :503 : 4393491324667 us: [pid:4154523 tid: 0x7ff56a04a200] Last copy mask 0x0
:4:rocblit.cpp              :509 : 4393491324674 us: [pid:4154523 tid: 0x7ff56a04a200] Query copy engine status 0, free_engine mask 0x1e
:4:rocblit.cpp              :520 : 4393491324682 us: [pid:4154523 tid: 0x7ff56a04a200] HSA Async Copy on copy_engine=0x2, dst=0x7ff564552010, src=0x7ff40e400000, size=30720000, forceSDMA=0, wait_event=0x0, completion_signal=0x7ff5609fdf80
:4:rocvirtual.cpp           :622 : 4393491324697 us: [pid:4154523 tid: 0x7ff56a04a200] Host wait on completion_signal=0x7ff5609fdf80
:3:rocvirtual.hpp           :56  : 4393491324705 us: [pid:4154523 tid: 0x7ff56a04a200] Host active wait for Signal = (0x7ff5609fdf80) for -1 ns
:4:commandqueue.cpp         :161 : 4393491325798 us: [pid:4154523 tid: 0x7ff56a04a200] Marker queued to ensure finish
:4:command.cpp              :359 : 4393491325805 us: [pid:4154523 tid: 0x7ff56a04a200] Command (InternalMarker) enqueued: 0x40a93a20
:3:rocvirtual.cpp           :533 : 4393491325819 us: [pid:4154523 tid: 0x7ff56a04a200] Set Handler: handle(0x7ff5609fc200), timestamp(0x40a93e60)
:4:rocvirtual.cpp           :1147: 4393491325827 us: [pid:4154523 tid: 0x7ff56a04a200] SWq=0x7ff56a034000, HWq=0x7ff54da00000, id=1, BarrierAND Header = 0x1503 (type=3, barrier=1, acquire=2, release=2), dep_signal=[0x0, 0x0, 0x0, 0x0, 0x0], completion_signal=0x7ff5609fc200
:4:commandqueue.cpp         :184 : 4393491325837 us: [pid:4154523 tid: 0x7ff56a04a200] All commands finished
:3:hip_memory.cpp           :796 : 4393491325842 us: [pid:4154523 tid: 0x7ff56a04a200] hipMemcpy: Returned hipSuccess : : duration: 2125 us
:3:hip_memory.cpp           :3476: 4393491325852 us: [pid:4154523 tid: 0x7ff56a04a200] [32m hipMemset ( 0x7ff40e400000, 0, 30720000 ) [0m
:3:rocvirtual.cpp           :226 : 4393491325852 us: [pid:4154523 tid: 0x7ff42fbff6c0] Handler: value(0), timestamp(0x40a94000), handle(0x7ff5609fc200)
:4:command.cpp              :359 : 4393491325871 us: [pid:4154523 tid: 0x7ff56a04a200] Command (FillBuffer) enqueued: 0x40a93c60
:3:rocvirtual.cpp           :762 : 4393491325911 us: [pid:4154523 tid: 0x7ff56a04a200] Arg0: void* buf = ptr:0x7ff40e400000
:3:rocvirtual.cpp           :778 : 4393491325917 us: [pid:4154523 tid: 0x7ff56a04a200] Arg0: void* buf = ptr:0x7ff40e400000 obj:[0x7ff40e400000-0x7ff41014c000]
:3:rocvirtual.cpp           :762 : 4393491325926 us: [pid:4154523 tid: 0x7ff56a04a200] Arg1: uchar* pattern = ptr:0x7ff54d800000
:3:rocvirtual.cpp           :853 : 4393491325935 us: [pid:4154523 tid: 0x7ff56a04a200] Arg2: uint pattern_size = val:1
:4:command.cpp              :169 : 4393491325894 us: [pid:4154523 tid: 0x7ff42fbff6c0] Command 0x40310280 complete
:3:rocvirtual.cpp           :853 : 4393491325942 us: [pid:4154523 tid: 0x7ff56a04a200] Arg3: uint alignment = val:16
:3:rocvirtual.cpp           :853 : 4393491325964 us: [pid:4154523 tid: 0x7ff56a04a200] Arg4: ulong end_ptr = val:140686218543104
:3:rocvirtual.cpp           :853 : 4393491325984 us: [pid:4154523 tid: 0x7ff56a04a200] Arg5: uint next_chunk = val:26624
:3:rocvirtual.cpp           :3236: 4393491325992 us: [pid:4154523 tid: 0x7ff56a04a200] ShaderName : __amd_rocclr_fillBufferAligned
:4:command.cpp              :163 : 4393491325968 us: [pid:4154523 tid: 0x7ff42fbff6c0] Command 0x40a93a20 complete (Wall: 4393491325963, CPU: 0, GPU: 151 us)
:3:rocvirtual.cpp           :3449: 4393491326016 us: [pid:4154523 tid: 0x7ff56a04a200] KernargSegmentByteSize = 296 KernargSegmentAlignment = 128
:4:rocvirtual.cpp           :965 : 4393491326038 us: [pid:4154523 tid: 0x7ff56a04a200] SWq=0x7ff56a034000, HWq=0x7ff54da00000, id=1, Dispatch Header = 0x1502 (type=2, barrier=1, acquire=2, release=2), setup=1, grid=[26624, 1, 1], workgroup=[256, 1, 1], private_seg_size=0, group_seg_size=0, kernel_obj=0x7ff56a025d40, kernarg_address=0x7ff54d800100, completion_signal=0x0, correlation_id=0, rptr=61, wptr=61
:3:hip_memory.cpp           :3477: 4393491326385 us: [pid:4154523 tid: 0x7ff56a04a200] hipMemset: Returned hipSuccess : 
:3:hip_device_runtime.cpp   :641 : 4393491326393 us: [pid:4154523 tid: 0x7ff56a04a200] [32m hipDeviceSynchronize (  ) [0m
:4:commandqueue.cpp         :161 : 4393491326405 us: [pid:4154523 tid: 0x7ff56a04a200] Marker queued to ensure finish
:4:command.cpp              :359 : 4393491326411 us: [pid:4154523 tid: 0x7ff56a04a200] Command (InternalMarker) enqueued: 0x40a93a20
:3:rocvirtual.cpp           :533 : 4393491326431 us: [pid:4154523 tid: 0x7ff56a04a200] Set Handler: handle(0x7ff5609fc180), timestamp(0x409d2a50)
:4:rocvirtual.cpp           :1147: 4393491326456 us: [pid:4154523 tid: 0x7ff56a04a200] SWq=0x7ff56a034000, HWq=0x7ff54da00000, id=1, BarrierAND Header = 0x1503 (type=3, barrier=1, acquire=2, release=2), dep_signal=[0x0, 0x0, 0x0, 0x0, 0x0], completion_signal=0x7ff5609fc180
:4:commandqueue.cpp         :184 : 4393491326475 us: [pid:4154523 tid: 0x7ff56a04a200] All commands finished
:3:hip_device_runtime.cpp   :645 : 4393491326483 us: [pid:4154523 tid: 0x7ff56a04a200] hipDeviceSynchronize: Returned hipSuccess : 
:3:rocvirtual.cpp           :226 : 4393491326490 us: [pid:4154523 tid: 0x7ff42fbff6c0] Handler: value(0), timestamp(0x40310280), handle(0x7ff5609fc180)
:4:command.cpp              :169 : 4393491326520 us: [pid:4154523 tid: 0x7ff42fbff6c0] Command 0x40a93c60 complete
:3:hip_platform.cpp         :237 : 4393491326504 us: [pid:4154523 tid: 0x7ff56a04a200] [32m __hipPushCallConfiguration ( {8,1,1}, {1024,1,1}, 0, stream:<null> ) [0m
:3:hip_platform.cpp         :241 : 4393491326546 us: [pid:4154523 tid: 0x7ff56a04a200] __hipPushCallConfiguration: Returned hipSuccess : 
:4:command.cpp              :163 : 4393491326538 us: [pid:4154523 tid: 0x7ff42fbff6c0] Command 0x40a93a20 complete (Wall: 4393491326536, CPU: 0, GPU: 115 us)
:3:hip_platform.cpp         :246 : 4393491326558 us: [pid:4154523 tid: 0x7ff56a04a200] [32m __hipPopCallConfiguration ( {1951258706,32757,1024}, {2118224,0,278018480}, 0x7ffc10923700, 0x7ffc109236f8 ) [0m
:3:hip_platform.cpp         :255 : 4393491327089 us: [pid:4154523 tid: 0x7ff56a04a200] __hipPopCallConfiguration: Returned hipSuccess : 
:3:hip_module.cpp           :744 : 4393491327100 us: [pid:4154523 tid: 0x7ff56a04a200] [32m hipLaunchKernel ( 0x200fe8, {8,1,1}, {1024,1,1}, 0x7ffc109236b0, 0, stream:<null> ) [0m
:4:command.cpp              :359 : 4393491327566 us: [pid:4154523 tid: 0x7ff56a04a200] Command (KernelExecution) enqueued: 0x40a93c60
:3:rocvirtual.cpp           :762 : 4393491327575 us: [pid:4154523 tid: 0x7ff56a04a200] Arg0:   = ptr:0x7ff433a00000
:3:rocvirtual.cpp           :778 : 4393491327580 us: [pid:4154523 tid: 0x7ff56a04a200] Arg0:   = ptr:0x7ff433a00000 obj:[0x7ff433a00000-0x7ff43574c000]
:3:rocvirtual.cpp           :762 : 4393491327587 us: [pid:4154523 tid: 0x7ff56a04a200] Arg1:   = ptr:0x7ff54cc00000
:3:rocvirtual.cpp           :778 : 4393491327592 us: [pid:4154523 tid: 0x7ff56a04a200] Arg1:   = ptr:0x7ff54cc00000 obj:[0x7ff54cc00000-0x7ff54cc06000]
:3:rocvirtual.cpp           :762 : 4393491327601 us: [pid:4154523 tid: 0x7ff56a04a200] Arg2:   = ptr:0x7ff40e400000
:3:rocvirtual.cpp           :778 : 4393491327608 us: [pid:4154523 tid: 0x7ff56a04a200] Arg2:   = ptr:0x7ff40e400000 obj:[0x7ff40e400000-0x7ff41014c000]
:3:rocvirtual.cpp           :853 : 4393491327625 us: [pid:4154523 tid: 0x7ff56a04a200] Arg3:   = val:768
:3:rocvirtual.cpp           :762 : 4393491327632 us: [pid:4154523 tid: 0x7ff56a04a200] Arg4:   = ptr:0x7ff54cc06000
:3:rocvirtual.cpp           :778 : 4393491327638 us: [pid:4154523 tid: 0x7ff56a04a200] Arg4:   = ptr:0x7ff54cc06000 obj:[0x7ff54cc06000-0x7ff54cc06024]
:3:rocvirtual.cpp           :3236: 4393491327658 us: [pid:4154523 tid: 0x7ff56a04a200] ShaderName : void dense_esuhm3<float>(float const*, float const*, float*, int, int const*)
:3:rocvirtual.cpp           :3449: 4393491327667 us: [pid:4154523 tid: 0x7ff56a04a200] KernargSegmentByteSize = 296 KernargSegmentAlignment = 128
:4:rocvirtual.cpp           :965 : 4393491327677 us: [pid:4154523 tid: 0x7ff56a04a200] SWq=0x7ff56a034000, HWq=0x7ff54da00000, id=1, Dispatch Header = 0xb02 (type=2, barrier=1, acquire=1, release=1), setup=3, grid=[8192, 1, 1], workgroup=[1024, 1, 1], private_seg_size=140, group_seg_size=0, kernel_obj=0x7ff560a91a00, kernarg_address=0x7ff54d800280, completion_signal=0x0, correlation_id=0, rptr=63, wptr=63
:3:hip_module.cpp           :745 : 4393491327695 us: [pid:4154523 tid: 0x7ff56a04a200] hipLaunchKernel: Returned hipSuccess : : duration: 595 us
:3:hip_device_runtime.cpp   :641 : 4393491327703 us: [pid:4154523 tid: 0x7ff56a04a200] [32m hipDeviceSynchronize (  ) [0m
:4:commandqueue.cpp         :161 : 4393491327708 us: [pid:4154523 tid: 0x7ff56a04a200] Marker queued to ensure finish
:4:command.cpp              :359 : 4393491327713 us: [pid:4154523 tid: 0x7ff56a04a200] Command (InternalMarker) enqueued: 0x40a93a20
:3:rocvirtual.cpp           :533 : 4393491328101 us: [pid:4154523 tid: 0x7ff56a04a200] Set Handler: handle(0x7ff5609fc100), timestamp(0x40310530)
:4:rocvirtual.cpp           :1147: 4393491328111 us: [pid:4154523 tid: 0x7ff56a04a200] SWq=0x7ff56a034000, HWq=0x7ff54da00000, id=1, BarrierAND Header = 0x1503 (type=3, barrier=1, acquire=2, release=2), dep_signal=[0x0, 0x0, 0x0, 0x0, 0x0], completion_signal=0x7ff5609fc100
:3:rocvirtual.hpp           :56  : 4393491328122 us: [pid:4154523 tid: 0x7ff56a04a200] Host active wait for Signal = (0x7ff5609fc100) for -1 ns
:4:commandqueue.cpp         :184 : 4393491328137 us: [pid:4154523 tid: 0x7ff56a04a200] All commands finished
:3:rocvirtual.cpp           :226 : 4393491328141 us: [pid:4154523 tid: 0x7ff42fbff6c0] Handler: value(0), timestamp(0x403104c0), handle(0x7ff5609fc100)
:3:hip_device_runtime.cpp   :645 : 4393491328143 us: [pid:4154523 tid: 0x7ff56a04a200] hipDeviceSynchronize: Returned hipSuccess : 
:4:command.cpp              :169 : 4393491328162 us: [pid:4154523 tid: 0x7ff42fbff6c0] Command 0x40a93c60 complete
:3:hip_memory.cpp           :795 : 4393491328176 us: [pid:4154523 tid: 0x7ff56a04a200] [32m hipMemcpy ( 0x7ff562805010, 0x7ff40e400000, 30720000, hipMemcpyDeviceToHost ) [0m
:4:command.cpp              :163 : 4393491328182 us: [pid:4154523 tid: 0x7ff42fbff6c0] Command 0x40a93a20 complete (Wall: 4393491328180, CPU: 0, GPU: 87 us)
:4:command.cpp              :359 : 4393491328194 us: [pid:4154523 tid: 0x7ff56a04a200] Command (CopyDeviceToHost) enqueued: 0x40a93c60
:4:rocblit.cpp              :1673: 4393491328210 us: [pid:4154523 tid: 0x7ff56a04a200] Unpinned read path, Async = 0
:4:rocmemory.cpp            :1018: 4393491328223 us: [pid:4154523 tid: 0x7ff56a04a200] Locking to pool 0x4017aed0, size 0x1d4d000, HostPtr = 0x7ff562805000, DevPtr = 0x7ff562805000
:4:rocblit.cpp              :623 : 4393491328234 us: [pid:4154523 tid: 0x7ff56a04a200] HSA Copy Using Pinned resource size 30720000
:4:rocblit.cpp              :687 : 4393491328587 us: [pid:4154523 tid: 0x7ff56a04a200] HSA Async Copy staged D2H
:4:rocblit.cpp              :503 : 4393491328593 us: [pid:4154523 tid: 0x7ff56a04a200] Last copy mask 0x0
:4:rocblit.cpp              :509 : 4393491328599 us: [pid:4154523 tid: 0x7ff56a04a200] Query copy engine status 0, free_engine mask 0x1e
:4:rocblit.cpp              :520 : 4393491328607 us: [pid:4154523 tid: 0x7ff56a04a200] HSA Async Copy on copy_engine=0x2, dst=0x7ff562805010, src=0x7ff40e400000, size=30720000, forceSDMA=0, wait_event=0x0, completion_signal=0x7ff5609fdd80
:4:rocvirtual.cpp           :622 : 4393491328616 us: [pid:4154523 tid: 0x7ff56a04a200] Host wait on completion_signal=0x7ff5609fdd80
:3:rocvirtual.hpp           :56  : 4393491328624 us: [pid:4154523 tid: 0x7ff56a04a200] Host active wait for Signal = (0x7ff5609fdd80) for -1 ns
:4:commandqueue.cpp         :161 : 4393491329716 us: [pid:4154523 tid: 0x7ff56a04a200] Marker queued to ensure finish
:4:command.cpp              :359 : 4393491329723 us: [pid:4154523 tid: 0x7ff56a04a200] Command (InternalMarker) enqueued: 0x40a93a20
:3:rocvirtual.cpp           :533 : 4393491329736 us: [pid:4154523 tid: 0x7ff56a04a200] Set Handler: handle(0x7ff5609fc080), timestamp(0x409d2ff0)
:4:rocvirtual.cpp           :1147: 4393491329748 us: [pid:4154523 tid: 0x7ff56a04a200] SWq=0x7ff56a034000, HWq=0x7ff54da00000, id=1, BarrierAND Header = 0x1503 (type=3, barrier=1, acquire=2, release=2), dep_signal=[0x0, 0x0, 0x0, 0x0, 0x0], completion_signal=0x7ff5609fc080
:4:commandqueue.cpp         :184 : 4393491329764 us: [pid:4154523 tid: 0x7ff56a04a200] All commands finished
:3:hip_memory.cpp           :796 : 4393491329771 us: [pid:4154523 tid: 0x7ff56a04a200] hipMemcpy: Returned hipSuccess : : duration: 1595 us
:3:rocvirtual.cpp           :226 : 4393491329778 us: [pid:4154523 tid: 0x7ff42fbff6c0] Handler: value(0), timestamp(0x403104c0), handle(0x7ff5609fc080)
:4:command.cpp              :169 : 4393491329797 us: [pid:4154523 tid: 0x7ff42fbff6c0] Command 0x40a93c60 complete
:4:command.cpp              :163 : 4393491329805 us: [pid:4154523 tid: 0x7ff42fbff6c0] Command 0x40a93a20 complete (Wall: 4393491329803, CPU: 0, GPU: 73 us)
:3:hip_memory.cpp           :772 : 4393491414900 us: [pid:4154523 tid: 0x7ff56a04a200] [32m hipFree ( 0x7ff433a00000 ) [0m
:4:commandqueue.cpp         :167 : 4393491414928 us: [pid:4154523 tid: 0x7ff56a04a200] HW Event not ready, awaiting completion instead
:4:commandqueue.cpp         :184 : 4393491414949 us: [pid:4154523 tid: 0x7ff56a04a200] All commands finished
:4:rocdevice.cpp            :2388: 4393491415083 us: [pid:4154523 tid: 0x7ff56a04a200] Free hsa memory 0x7ff433a00000
:3:rocdevice.cpp            :2411: 4393491415466 us: [pid:4154523 tid: 0x7ff56a04a200] Device=0x40274500, freeMem_ = 0xffd2adfdc
:3:hip_memory.cpp           :774 : 4393491415486 us: [pid:4154523 tid: 0x7ff56a04a200] hipFree: Returned hipSuccess : 
:3:hip_memory.cpp           :772 : 4393491415492 us: [pid:4154523 tid: 0x7ff56a04a200] [32m hipFree ( 0x7ff54cc00000 ) [0m
:4:rocdevice.cpp            :2388: 4393491415503 us: [pid:4154523 tid: 0x7ff56a04a200] Free hsa memory 0x7ff54cc00000
:3:rocdevice.cpp            :2411: 4393491415509 us: [pid:4154523 tid: 0x7ff56a04a200] Device=0x40274500, freeMem_ = 0xffd2b3fdc
:3:hip_memory.cpp           :774 : 4393491415518 us: [pid:4154523 tid: 0x7ff56a04a200] hipFree: Returned hipSuccess : 
:3:hip_memory.cpp           :772 : 4393491415528 us: [pid:4154523 tid: 0x7ff56a04a200] [32m hipFree ( 0x7ff40e400000 ) [0m
:4:rocdevice.cpp            :2388: 4393491415593 us: [pid:4154523 tid: 0x7ff56a04a200] Free hsa memory 0x7ff40e400000
:3:rocdevice.cpp            :2411: 4393491415602 us: [pid:4154523 tid: 0x7ff56a04a200] Device=0x40274500, freeMem_ = 0xffeffffdc
:3:hip_memory.cpp           :774 : 4393491415616 us: [pid:4154523 tid: 0x7ff56a04a200] hipFree: Returned hipSuccess : 
:3:hip_memory.cpp           :772 : 4393491415623 us: [pid:4154523 tid: 0x7ff56a04a200] [32m hipFree ( 0x7ff54cc06000 ) [0m
:4:rocdevice.cpp            :2388: 4393491415639 us: [pid:4154523 tid: 0x7ff56a04a200] Free hsa memory 0x7ff54cc06000
:3:rocdevice.cpp            :2411: 4393491415646 us: [pid:4154523 tid: 0x7ff56a04a200] Device=0x40274500, freeMem_ = 0xfff000000
:3:hip_memory.cpp           :774 : 4393491416150 us: [pid:4154523 tid: 0x7ff56a04a200] hipFree: Returned hipSuccess : 
:3:hip_memory.cpp           :756 : 4393495366336 us: [pid:4154523 tid: 0x7ff56a04a200] [32m hipMalloc ( 0x7ffc109238e0, 81920000 ) [0m
:4:rocdevice.cpp            :2371: 4393495366506 us: [pid:4154523 tid: 0x7ff56a04a200] Allocate hsa device memory 0x7ff3ea000000, size 0x4e20000, hsa_mem_flags 0x0h
:3:rocdevice.cpp            :2411: 4393495366518 us: [pid:4154523 tid: 0x7ff56a04a200] Device=0x40274500, freeMem_ = 0xffa1e0000
:3:hip_memory.cpp           :758 : 4393495367024 us: [pid:4154523 tid: 0x7ff56a04a200] hipMalloc: Returned hipSuccess : 0x7ff3ea000000: duration: 688 us
:3:hip_memory.cpp           :795 : 4393495367037 us: [pid:4154523 tid: 0x7ff56a04a200] [32m hipMemcpy ( 0x7ff3ea000000, 0x7ff564f18010, 81920000, hipMemcpyHostToDevice ) [0m
:4:command.cpp              :359 : 4393495367051 us: [pid:4154523 tid: 0x7ff56a04a200] Command (CopyHostToDevice) enqueued: 0x40a93c60
:4:rocblit.cpp              :1803: 4393495367063 us: [pid:4154523 tid: 0x7ff56a04a200] Unpinned write path, Async = 0
:4:rocmemory.cpp            :1018: 4393495368609 us: [pid:4154523 tid: 0x7ff56a04a200] Locking to pool 0x4017aed0, size 0x2001000, HostPtr = 0x7ff564f18000, DevPtr = 0x7ff564f18000
:4:rocblit.cpp              :623 : 4393495368623 us: [pid:4154523 tid: 0x7ff56a04a200] HSA Copy Using Pinned resource size 33554432
:4:rocblit.cpp              :680 : 4393495368631 us: [pid:4154523 tid: 0x7ff56a04a200] HSA Async Copy staged H2D
:4:rocblit.cpp              :503 : 4393495368644 us: [pid:4154523 tid: 0x7ff56a04a200] Last copy mask 0x0
:4:rocblit.cpp              :509 : 4393495368653 us: [pid:4154523 tid: 0x7ff56a04a200] Query copy engine status 0, free_engine mask 0x1f
:4:rocblit.cpp              :520 : 4393495368664 us: [pid:4154523 tid: 0x7ff56a04a200] HSA Async Copy on copy_engine=0x1, dst=0x7ff3ea000000, src=0x7ff564f18010, size=33554432, forceSDMA=0, wait_event=0x0, completion_signal=0x7ff5609fdc80
:4:rocvirtual.cpp           :622 : 4393495368675 us: [pid:4154523 tid: 0x7ff56a04a200] Host wait on completion_signal=0x7ff5609fdc80
:3:rocvirtual.hpp           :56  : 4393495368682 us: [pid:4154523 tid: 0x7ff56a04a200] Host active wait for Signal = (0x7ff5609fdc80) for -1 ns
:4:rocmemory.cpp            :1018: 4393495436017 us: [pid:4154523 tid: 0x7ff56a04a200] Locking to pool 0x4017aed0, size 0x2001000, HostPtr = 0x7ff566f18000, DevPtr = 0x7ff566f18000
:4:rocblit.cpp              :623 : 4393495436054 us: [pid:4154523 tid: 0x7ff56a04a200] HSA Copy Using Pinned resource size 33554432
:4:rocblit.cpp              :680 : 4393495436069 us: [pid:4154523 tid: 0x7ff56a04a200] HSA Async Copy staged H2D
:4:rocblit.cpp              :503 : 4393495436076 us: [pid:4154523 tid: 0x7ff56a04a200] Last copy mask 0x1
:4:rocblit.cpp              :520 : 4393495436081 us: [pid:4154523 tid: 0x7ff56a04a200] HSA Async Copy on copy_engine=0x1, dst=0x7ff3ec000000, src=0x7ff566f18010, size=33554432, forceSDMA=0, wait_event=0x0, completion_signal=0x7ff5609fdc00
:4:rocvirtual.cpp           :622 : 4393495436098 us: [pid:4154523 tid: 0x7ff56a04a200] Host wait on completion_signal=0x7ff5609fdc00
:3:rocvirtual.hpp           :56  : 4393495436112 us: [pid:4154523 tid: 0x7ff56a04a200] Host active wait for Signal = (0x7ff5609fdc00) for -1 ns
:4:rocmemory.cpp            :1018: 4393495955341 us: [pid:4154523 tid: 0x7ff56a04a200] Locking to pool 0x4017aed0, size 0xe21000, HostPtr = 0x7ff568f18000, DevPtr = 0x7ff568f18000
:4:rocblit.cpp              :623 : 4393495955369 us: [pid:4154523 tid: 0x7ff56a04a200] HSA Copy Using Pinned resource size 14811136
:4:rocblit.cpp              :680 : 4393495955386 us: [pid:4154523 tid: 0x7ff56a04a200] HSA Async Copy staged H2D
:4:rocblit.cpp              :503 : 4393495955393 us: [pid:4154523 tid: 0x7ff56a04a200] Last copy mask 0x1
:4:rocblit.cpp              :520 : 4393495955398 us: [pid:4154523 tid: 0x7ff56a04a200] HSA Async Copy on copy_engine=0x1, dst=0x7ff3ee000000, src=0x7ff568f18010, size=14811136, forceSDMA=0, wait_event=0x0, completion_signal=0x7ff5609fdb80
:4:rocvirtual.cpp           :622 : 4393495955411 us: [pid:4154523 tid: 0x7ff56a04a200] Host wait on completion_signal=0x7ff5609fdb80
:3:rocvirtual.hpp           :56  : 4393495955419 us: [pid:4154523 tid: 0x7ff56a04a200] Host active wait for Signal = (0x7ff5609fdb80) for -1 ns
:4:commandqueue.cpp         :161 : 4393496118579 us: [pid:4154523 tid: 0x7ff56a04a200] Marker queued to ensure finish
:4:command.cpp              :359 : 4393496118605 us: [pid:4154523 tid: 0x7ff56a04a200] Command (InternalMarker) enqueued: 0x40a93a20
:3:rocvirtual.cpp           :533 : 4393496118645 us: [pid:4154523 tid: 0x7ff56a04a200] Set Handler: handle(0x7ff5609fc000), timestamp(0x40276c20)
:4:rocvirtual.cpp           :1147: 4393496118655 us: [pid:4154523 tid: 0x7ff56a04a200] SWq=0x7ff56a034000, HWq=0x7ff54da00000, id=1, BarrierAND Header = 0x1503 (type=3, barrier=1, acquire=2, release=2), dep_signal=[0x0, 0x0, 0x0, 0x0, 0x0], completion_signal=0x7ff5609fc000
:4:commandqueue.cpp         :184 : 4393496118667 us: [pid:4154523 tid: 0x7ff56a04a200] All commands finished
:3:hip_memory.cpp           :796 : 4393496118679 us: [pid:4154523 tid: 0x7ff56a04a200] hipMemcpy: Returned hipSuccess : : duration: 751642 us
:3:hip_memory.cpp           :756 : 4393496118692 us: [pid:4154523 tid: 0x7ff56a04a200] [32m hipMalloc ( 0x7ffc109238d8, 65536 ) [0m
:3:rocvirtual.cpp           :226 : 4393496118700 us: [pid:4154523 tid: 0x7ff42fbff6c0] Handler: value(0), timestamp(0x4089f4a0), handle(0x7ff5609fc000)
:4:rocdevice.cpp            :2371: 4393496118718 us: [pid:4154523 tid: 0x7ff56a04a200] Allocate hsa device memory 0x7ff54cc27000, size 0x10000, hsa_mem_flags 0x0h
:3:rocdevice.cpp            :2411: 4393496118739 us: [pid:4154523 tid: 0x7ff56a04a200] Device=0x40274500, freeMem_ = 0xffa1d0000
:4:command.cpp              :169 : 4393496118730 us: [pid:4154523 tid: 0x7ff42fbff6c0] Command 0x40a93c60 complete
:3:hip_memory.cpp           :758 : 4393496118750 us: [pid:4154523 tid: 0x7ff56a04a200] hipMalloc: Returned hipSuccess : 0x7ff54cc27000: duration: 58 us
:4:command.cpp              :163 : 4393496118760 us: [pid:4154523 tid: 0x7ff42fbff6c0] Command 0x40a93a20 complete (Wall: 4393496118758, CPU: 0, GPU: 134 us)
:3:hip_memory.cpp           :795 : 4393496118771 us: [pid:4154523 tid: 0x7ff56a04a200] [32m hipMemcpy ( 0x7ff54cc27000, 0x408f58f0, 65536, hipMemcpyHostToDevice ) [0m
:4:command.cpp              :359 : 4393496118793 us: [pid:4154523 tid: 0x7ff56a04a200] Command (CopyHostToDevice) enqueued: 0x40a93c60
:4:rocblit.cpp              :1803: 4393496119301 us: [pid:4154523 tid: 0x7ff56a04a200] Unpinned write path, Async = 0
:4:rocblit.cpp              :633 : 4393496119306 us: [pid:4154523 tid: 0x7ff56a04a200] HSA Copy Using Staging resource size 65536
:4:rocblit.cpp              :680 : 4393496119327 us: [pid:4154523 tid: 0x7ff56a04a200] HSA Async Copy staged H2D
:4:rocblit.cpp              :503 : 4393496119335 us: [pid:4154523 tid: 0x7ff56a04a200] Last copy mask 0x0
:4:rocblit.cpp              :509 : 4393496119343 us: [pid:4154523 tid: 0x7ff56a04a200] Query copy engine status 0, free_engine mask 0x1f
:4:rocblit.cpp              :520 : 4393496119351 us: [pid:4154523 tid: 0x7ff56a04a200] HSA Async Copy on copy_engine=0x1, dst=0x7ff54cc27000, src=0x7ff54d206100, size=65536, forceSDMA=0, wait_event=0x0, completion_signal=0x7ff5609fda80
:4:commandqueue.cpp         :161 : 4393496119362 us: [pid:4154523 tid: 0x7ff56a04a200] Marker queued to ensure finish
:4:command.cpp              :359 : 4393496119367 us: [pid:4154523 tid: 0x7ff56a04a200] Command (InternalMarker) enqueued: 0x40a93a20
:3:rocvirtual.cpp           :533 : 4393496119383 us: [pid:4154523 tid: 0x7ff56a04a200] Set Handler: handle(0x7ff5609fbf80), timestamp(0x4089f420)
:4:rocvirtual.cpp           :1147: 4393496119392 us: [pid:4154523 tid: 0x7ff56a04a200] SWq=0x7ff56a034000, HWq=0x7ff54da00000, id=1, BarrierAND Header = 0x1503 (type=3, barrier=1, acquire=2, release=2), dep_signal=[0x7ff5609fda80, 0x0, 0x0, 0x0, 0x0], completion_signal=0x7ff5609fbf80
:3:rocvirtual.hpp           :56  : 4393496119402 us: [pid:4154523 tid: 0x7ff56a04a200] Host active wait for Signal = (0x7ff5609fbf80) for -1 ns
:4:commandqueue.cpp         :184 : 4393496782974 us: [pid:4154523 tid: 0x7ff56a04a200] All commands finished
:3:rocvirtual.cpp           :226 : 4393496782994 us: [pid:4154523 tid: 0x7ff42fbff6c0] Handler: value(0), timestamp(0x40279b00), handle(0x7ff5609fbf80)
:3:hip_memory.cpp           :796 : 4393496783005 us: [pid:4154523 tid: 0x7ff56a04a200] hipMemcpy: Returned hipSuccess : : duration: 664234 us
:4:command.cpp              :169 : 4393496783037 us: [pid:4154523 tid: 0x7ff42fbff6c0] Command 0x40a93c60 complete
:3:hip_memory.cpp           :756 : 4393496783054 us: [pid:4154523 tid: 0x7ff56a04a200] [32m hipMalloc ( 0x7ffc109238d0, 81920000 ) [0m
:4:command.cpp              :163 : 4393496783077 us: [pid:4154523 tid: 0x7ff42fbff6c0] Command 0x40a93a20 complete (Wall: 4393496783074, CPU: 0, GPU: 663699 us)
:4:rocdevice.cpp            :2371: 4393496783204 us: [pid:4154523 tid: 0x7ff56a04a200] Allocate hsa device memory 0x7ff3e4e00000, size 0x4e20000, hsa_mem_flags 0x0h
:3:rocdevice.cpp            :2411: 4393496783660 us: [pid:4154523 tid: 0x7ff56a04a200] Device=0x40274500, freeMem_ = 0xff53b0000
:3:hip_memory.cpp           :758 : 4393496783672 us: [pid:4154523 tid: 0x7ff56a04a200] hipMalloc: Returned hipSuccess : 0x7ff3e4e00000: duration: 618 us
:3:hip_memory.cpp           :756 : 4393496783681 us: [pid:4154523 tid: 0x7ff56a04a200] [32m hipMalloc ( 0x7ffc109238c8, 36 ) [0m
:4:rocdevice.cpp            :2371: 4393496783692 us: [pid:4154523 tid: 0x7ff56a04a200] Allocate hsa device memory 0x7ff54cc00000, size 0x24, hsa_mem_flags 0x0h
:3:rocdevice.cpp            :2411: 4393496783700 us: [pid:4154523 tid: 0x7ff56a04a200] Device=0x40274500, freeMem_ = 0xff53affdc
:3:hip_memory.cpp           :758 : 4393496783709 us: [pid:4154523 tid: 0x7ff56a04a200] hipMalloc: Returned hipSuccess : 0x7ff54cc00000: duration: 28 us
:3:hip_memory.cpp           :795 : 4393496783721 us: [pid:4154523 tid: 0x7ff56a04a200] [32m hipMemcpy ( 0x7ff54cc00000, 0x40170dc0, 36, hipMemcpyHostToDevice ) [0m
:4:command.cpp              :359 : 4393496783734 us: [pid:4154523 tid: 0x7ff56a04a200] Command (CopyHostToDevice) enqueued: 0x403106f0
:4:rocblit.cpp              :1803: 4393496783745 us: [pid:4154523 tid: 0x7ff56a04a200] Unpinned write path, Async = 0
:4:rocblit.cpp              :1832: 4393496783750 us: [pid:4154523 tid: 0x7ff56a04a200] memcpy stg buf=0x7ff54d216100, host src=0x40170dc0, size=36
:4:rocblit.cpp              :1835: 4393496783758 us: [pid:4154523 tid: 0x7ff56a04a200] Blit staging H2D copy dst=0x7ff54cc00000, stg buf=0x7ff54d216100, dstOrigin=0x0, size=36
:3:rocvirtual.cpp           :762 : 4393496783779 us: [pid:4154523 tid: 0x7ff56a04a200] Arg0: uchar* src = ptr:0x7ff54d216100
:3:rocvirtual.cpp           :762 : 4393496784152 us: [pid:4154523 tid: 0x7ff56a04a200] Arg1: uchar* dst = ptr:0x7ff54cc00000
:3:rocvirtual.cpp           :853 : 4393496784167 us: [pid:4154523 tid: 0x7ff56a04a200] Arg2: ulong size = val:36
:3:rocvirtual.cpp           :853 : 4393496784174 us: [pid:4154523 tid: 0x7ff56a04a200] Arg3: uint remainder = val:4
:3:rocvirtual.cpp           :853 : 4393496784181 us: [pid:4154523 tid: 0x7ff56a04a200] Arg4: uint aligned_size = val:16
:3:rocvirtual.cpp           :853 : 4393496784188 us: [pid:4154523 tid: 0x7ff56a04a200] Arg5: ulong end_ptr = val:140691531366432
:3:rocvirtual.cpp           :853 : 4393496784199 us: [pid:4154523 tid: 0x7ff56a04a200] Arg6: uint next_chunk = val:512
:3:rocvirtual.cpp           :3236: 4393496784207 us: [pid:4154523 tid: 0x7ff56a04a200] ShaderName : __amd_rocclr_copyBuffer
:3:rocvirtual.cpp           :3449: 4393496784216 us: [pid:4154523 tid: 0x7ff56a04a200] KernargSegmentByteSize = 304 KernargSegmentAlignment = 128
:4:rocvirtual.cpp           :965 : 4393496784231 us: [pid:4154523 tid: 0x7ff56a04a200] SWq=0x7ff56a034000, HWq=0x7ff54da00000, id=1, Dispatch Header = 0x1502 (type=2, barrier=1, acquire=2, release=2), setup=1, grid=[512, 1, 1], workgroup=[512, 1, 1], private_seg_size=0, group_seg_size=0, kernel_obj=0x7ff56a025dc0, kernarg_address=0x7ff54d800000, completion_signal=0x0, correlation_id=0, rptr=68, wptr=68
:4:commandqueue.cpp         :161 : 4393496784252 us: [pid:4154523 tid: 0x7ff56a04a200] Marker queued to ensure finish
:4:command.cpp              :359 : 4393496784259 us: [pid:4154523 tid: 0x7ff56a04a200] Command (InternalMarker) enqueued: 0x40a93a20
:3:rocvirtual.cpp           :533 : 4393496784300 us: [pid:4154523 tid: 0x7ff56a04a200] Set Handler: handle(0x7ff5609fbf00), timestamp(0x403109e0)
:4:rocvirtual.cpp           :1147: 4393496784312 us: [pid:4154523 tid: 0x7ff56a04a200] SWq=0x7ff56a034000, HWq=0x7ff54da00000, id=1, BarrierAND Header = 0x1503 (type=3, barrier=1, acquire=2, release=2), dep_signal=[0x0, 0x0, 0x0, 0x0, 0x0], completion_signal=0x7ff5609fbf00
:4:commandqueue.cpp         :184 : 4393496784328 us: [pid:4154523 tid: 0x7ff56a04a200] All commands finished
:3:hip_memory.cpp           :796 : 4393496784335 us: [pid:4154523 tid: 0x7ff56a04a200] hipMemcpy: Returned hipSuccess : : duration: 614 us
:3:rocvirtual.cpp           :226 : 4393496784336 us: [pid:4154523 tid: 0x7ff42fbff6c0] Handler: value(0), timestamp(0x40310930), handle(0x7ff5609fbf00)
:4:command.cpp              :169 : 4393496784920 us: [pid:4154523 tid: 0x7ff42fbff6c0] Command 0x403106f0 complete
:4:command.cpp              :163 : 4393496784927 us: [pid:4154523 tid: 0x7ff42fbff6c0] Command 0x40a93a20 complete (Wall: 4393496784926, CPU: 0, GPU: 646 us)
:3:hip_memory.cpp           :3476: 4393496784356 us: [pid:4154523 tid: 0x7ff56a04a200] [32m hipMemset ( 0x7ff3e4e00000, 0, 81920000 ) [0m
:4:command.cpp              :359 : 4393496784954 us: [pid:4154523 tid: 0x7ff56a04a200] Command (FillBuffer) enqueued: 0x4035b750
:3:rocvirtual.cpp           :762 : 4393496784970 us: [pid:4154523 tid: 0x7ff56a04a200] Arg0: void* buf = ptr:0x7ff3e4e00000
:3:rocvirtual.cpp           :778 : 4393496784977 us: [pid:4154523 tid: 0x7ff56a04a200] Arg0: void* buf = ptr:0x7ff3e4e00000 obj:[0x7ff3e4e00000-0x7ff3e9c20000]
:3:rocvirtual.cpp           :762 : 4393496784988 us: [pid:4154523 tid: 0x7ff56a04a200] Arg1: uchar* pattern = ptr:0x7ff54d800200
:3:rocvirtual.cpp           :853 : 4393496784999 us: [pid:4154523 tid: 0x7ff56a04a200] Arg2: uint pattern_size = val:1
:3:rocvirtual.cpp           :853 : 4393496785006 us: [pid:4154523 tid: 0x7ff56a04a200] Arg3: uint alignment = val:16
:3:rocvirtual.cpp           :853 : 4393496785013 us: [pid:4154523 tid: 0x7ff56a04a200] Arg4: ulong end_ptr = val:140685575585792
:3:rocvirtual.cpp           :853 : 4393496785024 us: [pid:4154523 tid: 0x7ff56a04a200] Arg5: uint next_chunk = val:26624
:3:rocvirtual.cpp           :3236: 4393496785031 us: [pid:4154523 tid: 0x7ff56a04a200] ShaderName : __amd_rocclr_fillBufferAligned
:3:rocvirtual.cpp           :3449: 4393496785042 us: [pid:4154523 tid: 0x7ff56a04a200] KernargSegmentByteSize = 296 KernargSegmentAlignment = 128
:4:rocvirtual.cpp           :965 : 4393496785056 us: [pid:4154523 tid: 0x7ff56a04a200] SWq=0x7ff56a034000, HWq=0x7ff54da00000, id=1, Dispatch Header = 0xb02 (type=2, barrier=1, acquire=1, release=1), setup=1, grid=[26624, 1, 1], workgroup=[256, 1, 1], private_seg_size=0, group_seg_size=0, kernel_obj=0x7ff56a025d40, kernarg_address=0x7ff54d800300, completion_signal=0x0, correlation_id=0, rptr=70, wptr=70
:3:hip_memory.cpp           :3477: 4393496785446 us: [pid:4154523 tid: 0x7ff56a04a200] hipMemset: Returned hipSuccess : 
:3:hip_device_runtime.cpp   :641 : 4393496785455 us: [pid:4154523 tid: 0x7ff56a04a200] [32m hipDeviceSynchronize (  ) [0m
:4:commandqueue.cpp         :161 : 4393496785473 us: [pid:4154523 tid: 0x7ff56a04a200] Marker queued to ensure finish
:4:command.cpp              :359 : 4393496785479 us: [pid:4154523 tid: 0x7ff56a04a200] Command (InternalMarker) enqueued: 0x40a93a20
:3:rocvirtual.cpp           :533 : 4393496785498 us: [pid:4154523 tid: 0x7ff56a04a200] Set Handler: handle(0x7ff5609fbe80), timestamp(0x4035ba20)
:4:rocvirtual.cpp           :1147: 4393496785511 us: [pid:4154523 tid: 0x7ff56a04a200] SWq=0x7ff56a034000, HWq=0x7ff54da00000, id=1, BarrierAND Header = 0x1503 (type=3, barrier=1, acquire=2, release=2), dep_signal=[0x0, 0x0, 0x0, 0x0, 0x0], completion_signal=0x7ff5609fbe80
:4:commandqueue.cpp         :184 : 4393496785526 us: [pid:4154523 tid: 0x7ff56a04a200] All commands finished
:3:hip_device_runtime.cpp   :645 : 4393496785534 us: [pid:4154523 tid: 0x7ff56a04a200] hipDeviceSynchronize: Returned hipSuccess : 
:3:rocvirtual.cpp           :226 : 4393496785535 us: [pid:4154523 tid: 0x7ff42fbff6c0] Handler: value(0), timestamp(0x4035b970), handle(0x7ff5609fbe80)
:4:command.cpp              :169 : 4393496785562 us: [pid:4154523 tid: 0x7ff42fbff6c0] Command 0x4035b750 complete
:4:command.cpp              :163 : 4393496785568 us: [pid:4154523 tid: 0x7ff42fbff6c0] Command 0x40a93a20 complete (Wall: 4393496785567, CPU: 0, GPU: 77 us)
:3:hip_platform.cpp         :237 : 4393496785553 us: [pid:4154523 tid: 0x7ff56a04a200] [32m __hipPushCallConfiguration ( {8,1,1}, {128,1,1}, 0, stream:<null> ) [0m
:3:hip_platform.cpp         :241 : 4393496785591 us: [pid:4154523 tid: 0x7ff56a04a200] __hipPushCallConfiguration: Returned hipSuccess : 
:3:hip_platform.cpp         :246 : 4393496785618 us: [pid:4154523 tid: 0x7ff56a04a200] [32m __hipPopCallConfiguration ( {1951258706,32757,128}, {2118224,0,278018480}, 0x7ffc10923700, 0x7ffc109236f8 ) [0m
:3:hip_platform.cpp         :255 : 4393496785952 us: [pid:4154523 tid: 0x7ff56a04a200] __hipPopCallConfiguration: Returned hipSuccess : 
:3:hip_module.cpp           :744 : 4393496785990 us: [pid:4154523 tid: 0x7ff56a04a200] [32m hipLaunchKernel ( 0x200fd8, {8,1,1}, {128,1,1}, 0x7ffc109236b0, 0, stream:<null> ) [0m
:4:command.cpp              :359 : 4393496786011 us: [pid:4154523 tid: 0x7ff56a04a200] Command (KernelExecution) enqueued: 0x4035b750
:3:rocvirtual.cpp           :762 : 4393496786024 us: [pid:4154523 tid: 0x7ff56a04a200] Arg0:   = ptr:0x7ff3ea000000
:3:rocvirtual.cpp           :778 : 4393496786033 us: [pid:4154523 tid: 0x7ff56a04a200] Arg0:   = ptr:0x7ff3ea000000 obj:[0x7ff3ea000000-0x7ff3eee20000]
:3:rocvirtual.cpp           :762 : 4393496786045 us: [pid:4154523 tid: 0x7ff56a04a200] Arg1:   = ptr:0x7ff54cc27000
:3:rocvirtual.cpp           :778 : 4393496786053 us: [pid:4154523 tid: 0x7ff56a04a200] Arg1:   = ptr:0x7ff54cc27000 obj:[0x7ff54cc27000-0x7ff54cc37000]
:3:rocvirtual.cpp           :762 : 4393496786064 us: [pid:4154523 tid: 0x7ff56a04a200] Arg2:   = ptr:0x7ff3e4e00000
:3:rocvirtual.cpp           :778 : 4393496786071 us: [pid:4154523 tid: 0x7ff56a04a200] Arg2:   = ptr:0x7ff3e4e00000 obj:[0x7ff3e4e00000-0x7ff3e9c20000]
:3:rocvirtual.cpp           :853 : 4393496786083 us: [pid:4154523 tid: 0x7ff56a04a200] Arg3:   = val:2048
:3:rocvirtual.cpp           :762 : 4393496786091 us: [pid:4154523 tid: 0x7ff56a04a200] Arg4:   = ptr:0x7ff54cc00000
:3:rocvirtual.cpp           :778 : 4393496786098 us: [pid:4154523 tid: 0x7ff56a04a200] Arg4:   = ptr:0x7ff54cc00000 obj:[0x7ff54cc00000-0x7ff54cc00024]
:3:rocvirtual.cpp           :3236: 4393496786111 us: [pid:4154523 tid: 0x7ff56a04a200] ShaderName : void dense_esuhm<float>(float const*, float const*, float*, int, int const*)
:3:rocvirtual.cpp           :3449: 4393496786131 us: [pid:4154523 tid: 0x7ff56a04a200] KernargSegmentByteSize = 296 KernargSegmentAlignment = 128
:4:rocvirtual.cpp           :965 : 4393496786444 us: [pid:4154523 tid: 0x7ff56a04a200] SWq=0x7ff56a034000, HWq=0x7ff54da00000, id=1, Dispatch Header = 0xb02 (type=2, barrier=1, acquire=1, release=1), setup=3, grid=[1024, 1, 1], workgroup=[128, 1, 1], private_seg_size=140, group_seg_size=0, kernel_obj=0x7ff560a91980, kernarg_address=0x7ff54d800480, completion_signal=0x0, correlation_id=0, rptr=72, wptr=72
:3:hip_module.cpp           :745 : 4393496786475 us: [pid:4154523 tid: 0x7ff56a04a200] hipLaunchKernel: Returned hipSuccess : : duration: 485 us
:3:hip_device_runtime.cpp   :641 : 4393496786495 us: [pid:4154523 tid: 0x7ff56a04a200] [32m hipDeviceSynchronize (  ) [0m
:4:commandqueue.cpp         :161 : 4393496786503 us: [pid:4154523 tid: 0x7ff56a04a200] Marker queued to ensure finish
:4:command.cpp              :359 : 4393496786510 us: [pid:4154523 tid: 0x7ff56a04a200] Command (InternalMarker) enqueued: 0x40a93a20
:3:rocvirtual.cpp           :533 : 4393496786530 us: [pid:4154523 tid: 0x7ff56a04a200] Set Handler: handle(0x7ff5609fbe00), timestamp(0x4035bcf0)
:4:rocvirtual.cpp           :1147: 4393496786543 us: [pid:4154523 tid: 0x7ff56a04a200] SWq=0x7ff56a034000, HWq=0x7ff54da00000, id=1, BarrierAND Header = 0x1503 (type=3, barrier=1, acquire=2, release=2), dep_signal=[0x0, 0x0, 0x0, 0x0, 0x0], completion_signal=0x7ff5609fbe00
:3:rocvirtual.hpp           :56  : 4393496786561 us: [pid:4154523 tid: 0x7ff56a04a200] Host active wait for Signal = (0x7ff5609fbe00) for -1 ns
:4:commandqueue.cpp         :184 : 4393496786705 us: [pid:4154523 tid: 0x7ff56a04a200] All commands finished
:3:rocvirtual.cpp           :226 : 4393496786725 us: [pid:4154523 tid: 0x7ff42fbff6c0] Handler: value(0), timestamp(0x4035bc80), handle(0x7ff5609fbe00)
:3:hip_device_runtime.cpp   :645 : 4393496787021 us: [pid:4154523 tid: 0x7ff56a04a200] hipDeviceSynchronize: Returned hipSuccess : 
:4:command.cpp              :169 : 4393496787038 us: [pid:4154523 tid: 0x7ff42fbff6c0] Command 0x4035b750 complete
:3:hip_memory.cpp           :795 : 4393496787066 us: [pid:4154523 tid: 0x7ff56a04a200] [32m hipMemcpy ( 0x7ff4057df010, 0x7ff3e4e00000, 81920000, hipMemcpyDeviceToHost ) [0m
:4:command.cpp              :163 : 4393496787507 us: [pid:4154523 tid: 0x7ff42fbff6c0] Command 0x40a93a20 complete (Wall: 4393496787502, CPU: 0, GPU: 981 us)
:4:command.cpp              :359 : 4393496787539 us: [pid:4154523 tid: 0x7ff56a04a200] Command (CopyDeviceToHost) enqueued: 0x4035b750
:4:rocblit.cpp              :1673: 4393496787556 us: [pid:4154523 tid: 0x7ff56a04a200] Unpinned read path, Async = 0
:4:rocmemory.cpp            :1018: 4393496799290 us: [pid:4154523 tid: 0x7ff56a04a200] Locking to pool 0x4017aed0, size 0x2001000, HostPtr = 0x7ff4057df000, DevPtr = 0x7ff4057df000
:4:rocblit.cpp              :623 : 4393496799310 us: [pid:4154523 tid: 0x7ff56a04a200] HSA Copy Using Pinned resource size 33554432
:4:rocblit.cpp              :687 : 4393496799324 us: [pid:4154523 tid: 0x7ff56a04a200] HSA Async Copy staged D2H
:4:rocblit.cpp              :503 : 4393496799331 us: [pid:4154523 tid: 0x7ff56a04a200] Last copy mask 0x0
:4:rocblit.cpp              :509 : 4393496799338 us: [pid:4154523 tid: 0x7ff56a04a200] Query copy engine status 0, free_engine mask 0x1e
:4:rocblit.cpp              :520 : 4393496799346 us: [pid:4154523 tid: 0x7ff56a04a200] HSA Async Copy on copy_engine=0x2, dst=0x7ff4057df010, src=0x7ff3e4e00000, size=33554432, forceSDMA=0, wait_event=0x0, completion_signal=0x7ff5609ff800
:4:rocvirtual.cpp           :622 : 4393496799357 us: [pid:4154523 tid: 0x7ff56a04a200] Host wait on completion_signal=0x7ff5609ff800
:3:rocvirtual.hpp           :56  : 4393496799365 us: [pid:4154523 tid: 0x7ff56a04a200] Host active wait for Signal = (0x7ff5609ff800) for -1 ns
:4:rocmemory.cpp            :1018: 4393496811538 us: [pid:4154523 tid: 0x7ff56a04a200] Locking to pool 0x4017aed0, size 0x2001000, HostPtr = 0x7ff4077df000, DevPtr = 0x7ff4077df000
:4:rocblit.cpp              :623 : 4393496811564 us: [pid:4154523 tid: 0x7ff56a04a200] HSA Copy Using Pinned resource size 33554432
:4:rocblit.cpp              :687 : 4393496811574 us: [pid:4154523 tid: 0x7ff56a04a200] HSA Async Copy staged D2H
:4:rocblit.cpp              :503 : 4393496811593 us: [pid:4154523 tid: 0x7ff56a04a200] Last copy mask 0x2
:4:rocblit.cpp              :520 : 4393496811600 us: [pid:4154523 tid: 0x7ff56a04a200] HSA Async Copy on copy_engine=0x2, dst=0x7ff4077df010, src=0x7ff3e6e00000, size=33554432, forceSDMA=0, wait_event=0x0, completion_signal=0x7ff5609ff780
:4:rocvirtual.cpp           :622 : 4393496811623 us: [pid:4154523 tid: 0x7ff56a04a200] Host wait on completion_signal=0x7ff5609ff780
:3:rocvirtual.hpp           :56  : 4393496811634 us: [pid:4154523 tid: 0x7ff56a04a200] Host active wait for Signal = (0x7ff5609ff780) for -1 ns
:4:rocmemory.cpp            :1018: 4393496817864 us: [pid:4154523 tid: 0x7ff56a04a200] Locking to pool 0x4017aed0, size 0xe21000, HostPtr = 0x7ff4097df000, DevPtr = 0x7ff4097df000
:4:rocblit.cpp              :623 : 4393496817882 us: [pid:4154523 tid: 0x7ff56a04a200] HSA Copy Using Pinned resource size 14811136
:4:rocblit.cpp              :687 : 4393496817893 us: [pid:4154523 tid: 0x7ff56a04a200] HSA Async Copy staged D2H
:4:rocblit.cpp              :503 : 4393496817901 us: [pid:4154523 tid: 0x7ff56a04a200] Last copy mask 0x2
:4:rocblit.cpp              :520 : 4393496817908 us: [pid:4154523 tid: 0x7ff56a04a200] HSA Async Copy on copy_engine=0x2, dst=0x7ff4097df010, src=0x7ff3e8e00000, size=14811136, forceSDMA=0, wait_event=0x0, completion_signal=0x7ff5609fd880
:4:rocvirtual.cpp           :622 : 4393496817921 us: [pid:4154523 tid: 0x7ff56a04a200] Host wait on completion_signal=0x7ff5609fd880
:3:rocvirtual.hpp           :56  : 4393496817931 us: [pid:4154523 tid: 0x7ff56a04a200] Host active wait for Signal = (0x7ff5609fd880) for -1 ns
:4:commandqueue.cpp         :161 : 4393496818462 us: [pid:4154523 tid: 0x7ff56a04a200] Marker queued to ensure finish
:4:command.cpp              :359 : 4393496818532 us: [pid:4154523 tid: 0x7ff56a04a200] Command (InternalMarker) enqueued: 0x40310790
:3:rocvirtual.cpp           :533 : 4393496818554 us: [pid:4154523 tid: 0x7ff56a04a200] Set Handler: handle(0x7ff5609fd600), timestamp(0x40a9fed0)
:4:rocvirtual.cpp           :1147: 4393496818567 us: [pid:4154523 tid: 0x7ff56a04a200] SWq=0x7ff56a034000, HWq=0x7ff54da00000, id=1, BarrierAND Header = 0x1503 (type=3, barrier=1, acquire=2, release=2), dep_signal=[0x0, 0x0, 0x0, 0x0, 0x0], completion_signal=0x7ff5609fd600
:4:commandqueue.cpp         :184 : 4393496818581 us: [pid:4154523 tid: 0x7ff56a04a200] All commands finished
:3:rocvirtual.cpp           :226 : 4393496818585 us: [pid:4154523 tid: 0x7ff42fbff6c0] Handler: value(0), timestamp(0x4035bc80), handle(0x7ff5609fd600)
:4:command.cpp              :169 : 4393496818606 us: [pid:4154523 tid: 0x7ff42fbff6c0] Command 0x4035b750 complete
:3:hip_memory.cpp           :796 : 4393496818610 us: [pid:4154523 tid: 0x7ff56a04a200] hipMemcpy: Returned hipSuccess : : duration: 31544 us
:4:command.cpp              :163 : 4393496818618 us: [pid:4154523 tid: 0x7ff42fbff6c0] Command 0x40310790 complete (Wall: 4393496818616, CPU: 0, GPU: 72 us)
:3:hip_memory.cpp           :3476: 4393496818642 us: [pid:4154523 tid: 0x7ff56a04a200] [32m hipMemset ( 0x7ff3e4e00000, 0, 81920000 ) [0m
:4:command.cpp              :359 : 4393496818673 us: [pid:4154523 tid: 0x7ff56a04a200] Command (FillBuffer) enqueued: 0x40aa9a40
:3:rocvirtual.cpp           :762 : 4393496818691 us: [pid:4154523 tid: 0x7ff56a04a200] Arg0: void* buf = ptr:0x7ff3e4e00000
:3:rocvirtual.cpp           :778 : 4393496818698 us: [pid:4154523 tid: 0x7ff56a04a200] Arg0: void* buf = ptr:0x7ff3e4e00000 obj:[0x7ff3e4e00000-0x7ff3e9c20000]
:3:rocvirtual.cpp           :762 : 4393496818708 us: [pid:4154523 tid: 0x7ff56a04a200] Arg1: uchar* pattern = ptr:0x7ff54d800000
:3:rocvirtual.cpp           :853 : 4393496818718 us: [pid:4154523 tid: 0x7ff56a04a200] Arg2: uint pattern_size = val:1
:3:rocvirtual.cpp           :853 : 4393496818725 us: [pid:4154523 tid: 0x7ff56a04a200] Arg3: uint alignment = val:16
:3:rocvirtual.cpp           :853 : 4393496819112 us: [pid:4154523 tid: 0x7ff56a04a200] Arg4: ulong end_ptr = val:140685575585792
:3:rocvirtual.cpp           :853 : 4393496819123 us: [pid:4154523 tid: 0x7ff56a04a200] Arg5: uint next_chunk = val:26624
:3:rocvirtual.cpp           :3236: 4393496819130 us: [pid:4154523 tid: 0x7ff56a04a200] ShaderName : __amd_rocclr_fillBufferAligned
:3:rocvirtual.cpp           :3449: 4393496819141 us: [pid:4154523 tid: 0x7ff56a04a200] KernargSegmentByteSize = 296 KernargSegmentAlignment = 128
:4:rocvirtual.cpp           :965 : 4393496819154 us: [pid:4154523 tid: 0x7ff56a04a200] SWq=0x7ff56a034000, HWq=0x7ff54da00000, id=1, Dispatch Header = 0x1502 (type=2, barrier=1, acquire=2, release=2), setup=1, grid=[26624, 1, 1], workgroup=[256, 1, 1], private_seg_size=0, group_seg_size=0, kernel_obj=0x7ff56a025d40, kernarg_address=0x7ff54d800100, completion_signal=0x0, correlation_id=0, rptr=75, wptr=75
:3:hip_memory.cpp           :3477: 4393496819173 us: [pid:4154523 tid: 0x7ff56a04a200] hipMemset: Returned hipSuccess : 
:3:hip_device_runtime.cpp   :641 : 4393496819180 us: [pid:4154523 tid: 0x7ff56a04a200] [32m hipDeviceSynchronize (  ) [0m
:4:commandqueue.cpp         :161 : 4393496819188 us: [pid:4154523 tid: 0x7ff56a04a200] Marker queued to ensure finish
:4:command.cpp              :359 : 4393496819194 us: [pid:4154523 tid: 0x7ff56a04a200] Command (InternalMarker) enqueued: 0x40310790
:3:rocvirtual.cpp           :533 : 4393496819208 us: [pid:4154523 tid: 0x7ff56a04a200] Set Handler: handle(0x7ff5609fd680), timestamp(0x40a9fdc0)
:4:rocvirtual.cpp           :1147: 4393496819219 us: [pid:4154523 tid: 0x7ff56a04a200] SWq=0x7ff56a034000, HWq=0x7ff54da00000, id=1, BarrierAND Header = 0x1503 (type=3, barrier=1, acquire=2, release=2), dep_signal=[0x0, 0x0, 0x0, 0x0, 0x0], completion_signal=0x7ff5609fd680
:3:rocvirtual.hpp           :56  : 4393496819233 us: [pid:4154523 tid: 0x7ff56a04a200] Host active wait for Signal = (0x7ff5609fd680) for -1 ns
:3:rocvirtual.cpp           :226 : 4393496819251 us: [pid:4154523 tid: 0x7ff42fbff6c0] Handler: value(0), timestamp(0x4089f0c0), handle(0x7ff5609fd680)
:4:commandqueue.cpp         :184 : 4393496819287 us: [pid:4154523 tid: 0x7ff56a04a200] All commands finished
:3:hip_device_runtime.cpp   :645 : 4393496819659 us: [pid:4154523 tid: 0x7ff56a04a200] hipDeviceSynchronize: Returned hipSuccess : 
:4:command.cpp              :169 : 4393496819637 us: [pid:4154523 tid: 0x7ff42fbff6c0] Command 0x40aa9a40 complete
:3:hip_platform.cpp         :237 : 4393496819676 us: [pid:4154523 tid: 0x7ff56a04a200] [32m __hipPushCallConfiguration ( {8,1,1}, {128,1,1}, 0, stream:<null> ) [0m
:4:command.cpp              :163 : 4393496819691 us: [pid:4154523 tid: 0x7ff42fbff6c0] Command 0x40310790 complete (Wall: 4393496819687, CPU: 0, GPU: 484 us)
:3:hip_platform.cpp         :241 : 4393496819696 us: [pid:4154523 tid: 0x7ff56a04a200] __hipPushCallConfiguration: Returned hipSuccess : 
:3:hip_platform.cpp         :246 : 4393496819718 us: [pid:4154523 tid: 0x7ff56a04a200] [32m __hipPopCallConfiguration ( {1951258706,32757,128}, {2118224,0,278018480}, 0x7ffc10923700, 0x7ffc109236f8 ) [0m
:3:hip_platform.cpp         :255 : 4393496819726 us: [pid:4154523 tid: 0x7ff56a04a200] __hipPopCallConfiguration: Returned hipSuccess : 
:3:hip_module.cpp           :744 : 4393496819738 us: [pid:4154523 tid: 0x7ff56a04a200] [32m hipLaunchKernel ( 0x200fe0, {8,1,1}, {128,1,1}, 0x7ffc109236b0, 0, stream:<null> ) [0m
:4:command.cpp              :359 : 4393496819754 us: [pid:4154523 tid: 0x7ff56a04a200] Command (KernelExecution) enqueued: 0x4035b750
:3:rocvirtual.cpp           :762 : 4393496819765 us: [pid:4154523 tid: 0x7ff56a04a200] Arg0:   = ptr:0x7ff3ea000000
:3:rocvirtual.cpp           :778 : 4393496819772 us: [pid:4154523 tid: 0x7ff56a04a200] Arg0:   = ptr:0x7ff3ea000000 obj:[0x7ff3ea000000-0x7ff3eee20000]
:3:rocvirtual.cpp           :762 : 4393496819780 us: [pid:4154523 tid: 0x7ff56a04a200] Arg1:   = ptr:0x7ff54cc27000
:3:rocvirtual.cpp           :778 : 4393496819785 us: [pid:4154523 tid: 0x7ff56a04a200] Arg1:   = ptr:0x7ff54cc27000 obj:[0x7ff54cc27000-0x7ff54cc37000]
:3:rocvirtual.cpp           :762 : 4393496820130 us: [pid:4154523 tid: 0x7ff56a04a200] Arg2:   = ptr:0x7ff3e4e00000
:3:rocvirtual.cpp           :778 : 4393496820135 us: [pid:4154523 tid: 0x7ff56a04a200] Arg2:   = ptr:0x7ff3e4e00000 obj:[0x7ff3e4e00000-0x7ff3e9c20000]
:3:rocvirtual.cpp           :853 : 4393496820143 us: [pid:4154523 tid: 0x7ff56a04a200] Arg3:   = val:2048
:3:rocvirtual.cpp           :762 : 4393496820147 us: [pid:4154523 tid: 0x7ff56a04a200] Arg4:   = ptr:0x7ff54cc00000
:3:rocvirtual.cpp           :778 : 4393496820152 us: [pid:4154523 tid: 0x7ff56a04a200] Arg4:   = ptr:0x7ff54cc00000 obj:[0x7ff54cc00000-0x7ff54cc00024]
:3:rocvirtual.cpp           :3236: 4393496820159 us: [pid:4154523 tid: 0x7ff56a04a200] ShaderName : void dense_esuhm2<float>(float const*, float const*, float*, int, int const*)
:3:rocvirtual.cpp           :3449: 4393496820168 us: [pid:4154523 tid: 0x7ff56a04a200] KernargSegmentByteSize = 296 KernargSegmentAlignment = 128
:4:rocvirtual.cpp           :965 : 4393496820177 us: [pid:4154523 tid: 0x7ff56a04a200] SWq=0x7ff56a034000, HWq=0x7ff54da00000, id=1, Dispatch Header = 0xb02 (type=2, barrier=1, acquire=1, release=1), setup=3, grid=[1024, 1, 1], workgroup=[128, 1, 1], private_seg_size=140, group_seg_size=0, kernel_obj=0x7ff560a919c0, kernarg_address=0x7ff54d800280, completion_signal=0x0, correlation_id=0, rptr=77, wptr=77
:3:hip_module.cpp           :745 : 4393496820191 us: [pid:4154523 tid: 0x7ff56a04a200] hipLaunchKernel: Returned hipSuccess : : duration: 453 us
:3:hip_device_runtime.cpp   :641 : 4393496820200 us: [pid:4154523 tid: 0x7ff56a04a200] [32m hipDeviceSynchronize (  ) [0m
:4:commandqueue.cpp         :161 : 4393496820205 us: [pid:4154523 tid: 0x7ff56a04a200] Marker queued to ensure finish
:4:command.cpp              :359 : 4393496820209 us: [pid:4154523 tid: 0x7ff56a04a200] Command (InternalMarker) enqueued: 0x40310790
:3:rocvirtual.cpp           :533 : 4393496820224 us: [pid:4154523 tid: 0x7ff56a04a200] Set Handler: handle(0x7ff5609fd700), timestamp(0x40a163b0)
:4:rocvirtual.cpp           :1147: 4393496820241 us: [pid:4154523 tid: 0x7ff56a04a200] SWq=0x7ff56a034000, HWq=0x7ff54da00000, id=1, BarrierAND Header = 0x1503 (type=3, barrier=1, acquire=2, release=2), dep_signal=[0x0, 0x0, 0x0, 0x0, 0x0], completion_signal=0x7ff5609fd700
:3:rocvirtual.hpp           :56  : 4393496820254 us: [pid:4154523 tid: 0x7ff56a04a200] Host active wait for Signal = (0x7ff5609fd700) for -1 ns
:4:commandqueue.cpp         :184 : 4393496820407 us: [pid:4154523 tid: 0x7ff56a04a200] All commands finished
:3:rocvirtual.cpp           :226 : 4393496820410 us: [pid:4154523 tid: 0x7ff42fbff6c0] Handler: value(0), timestamp(0x4089f9e0), handle(0x7ff5609fd700)
:3:hip_device_runtime.cpp   :645 : 4393496820669 us: [pid:4154523 tid: 0x7ff56a04a200] hipDeviceSynchronize: Returned hipSuccess : 
:4:command.cpp              :169 : 4393496820682 us: [pid:4154523 tid: 0x7ff42fbff6c0] Command 0x4035b750 complete
:3:hip_memory.cpp           :795 : 4393496820698 us: [pid:4154523 tid: 0x7ff56a04a200] [32m hipMemcpy ( 0x7ff4009be010, 0x7ff3e4e00000, 81920000, hipMemcpyDeviceToHost ) [0m
:4:command.cpp              :163 : 4393496820701 us: [pid:4154523 tid: 0x7ff42fbff6c0] Command 0x40310790 complete (Wall: 4393496820700, CPU: 0, GPU: 480 us)
:4:command.cpp              :359 : 4393496820712 us: [pid:4154523 tid: 0x7ff56a04a200] Command (CopyDeviceToHost) enqueued: 0x4035b750
:4:rocblit.cpp              :1673: 4393496820729 us: [pid:4154523 tid: 0x7ff56a04a200] Unpinned read path, Async = 0
:4:rocmemory.cpp            :1018: 4393496831803 us: [pid:4154523 tid: 0x7ff56a04a200] Locking to pool 0x4017aed0, size 0x2001000, HostPtr = 0x7ff4009be000, DevPtr = 0x7ff4009be000
:4:rocblit.cpp              :623 : 4393496831823 us: [pid:4154523 tid: 0x7ff56a04a200] HSA Copy Using Pinned resource size 33554432
:4:rocblit.cpp              :687 : 4393496831833 us: [pid:4154523 tid: 0x7ff56a04a200] HSA Async Copy staged D2H
:4:rocblit.cpp              :503 : 4393496831841 us: [pid:4154523 tid: 0x7ff56a04a200] Last copy mask 0x0
:4:rocblit.cpp              :509 : 4393496831850 us: [pid:4154523 tid: 0x7ff56a04a200] Query copy engine status 0, free_engine mask 0x1e
:4:rocblit.cpp              :520 : 4393496831861 us: [pid:4154523 tid: 0x7ff56a04a200] HSA Async Copy on copy_engine=0x2, dst=0x7ff4009be010, src=0x7ff3e4e00000, size=33554432, forceSDMA=0, wait_event=0x0, completion_signal=0x7ff5609ff680
:4:rocvirtual.cpp           :622 : 4393496831873 us: [pid:4154523 tid: 0x7ff56a04a200] Host wait on completion_signal=0x7ff5609ff680
:3:rocvirtual.hpp           :56  : 4393496831884 us: [pid:4154523 tid: 0x7ff56a04a200] Host active wait for Signal = (0x7ff5609ff680) for -1 ns
:4:rocmemory.cpp            :1018: 4393496843802 us: [pid:4154523 tid: 0x7ff56a04a200] Locking to pool 0x4017aed0, size 0x2001000, HostPtr = 0x7ff4029be000, DevPtr = 0x7ff4029be000
:4:rocblit.cpp              :623 : 4393496843834 us: [pid:4154523 tid: 0x7ff56a04a200] HSA Copy Using Pinned resource size 33554432
:4:rocblit.cpp              :687 : 4393496843856 us: [pid:4154523 tid: 0x7ff56a04a200] HSA Async Copy staged D2H
:4:rocblit.cpp              :503 : 4393496843862 us: [pid:4154523 tid: 0x7ff56a04a200] Last copy mask 0x2
:4:rocblit.cpp              :520 : 4393496843867 us: [pid:4154523 tid: 0x7ff56a04a200] HSA Async Copy on copy_engine=0x2, dst=0x7ff4029be010, src=0x7ff3e6e00000, size=33554432, forceSDMA=0, wait_event=0x0, completion_signal=0x7ff5609ff480
:4:rocvirtual.cpp           :622 : 4393496843879 us: [pid:4154523 tid: 0x7ff56a04a200] Host wait on completion_signal=0x7ff5609ff480
:3:rocvirtual.hpp           :56  : 4393496843887 us: [pid:4154523 tid: 0x7ff56a04a200] Host active wait for Signal = (0x7ff5609ff480) for -1 ns
:4:rocmemory.cpp            :1018: 4393496849686 us: [pid:4154523 tid: 0x7ff56a04a200] Locking to pool 0x4017aed0, size 0xe21000, HostPtr = 0x7ff4049be000, DevPtr = 0x7ff4049be000
:4:rocblit.cpp              :623 : 4393496849706 us: [pid:4154523 tid: 0x7ff56a04a200] HSA Copy Using Pinned resource size 14811136
:4:rocblit.cpp              :687 : 4393496849714 us: [pid:4154523 tid: 0x7ff56a04a200] HSA Async Copy staged D2H
:4:rocblit.cpp              :503 : 4393496849720 us: [pid:4154523 tid: 0x7ff56a04a200] Last copy mask 0x2
:4:rocblit.cpp              :520 : 4393496849725 us: [pid:4154523 tid: 0x7ff56a04a200] HSA Async Copy on copy_engine=0x2, dst=0x7ff4049be010, src=0x7ff3e8e00000, size=14811136, forceSDMA=0, wait_event=0x0, completion_signal=0x7ff5609fd900
:4:rocvirtual.cpp           :622 : 4393496849736 us: [pid:4154523 tid: 0x7ff56a04a200] Host wait on completion_signal=0x7ff5609fd900
:3:rocvirtual.hpp           :56  : 4393496849743 us: [pid:4154523 tid: 0x7ff56a04a200] Host active wait for Signal = (0x7ff5609fd900) for -1 ns
:4:commandqueue.cpp         :161 : 4393496850274 us: [pid:4154523 tid: 0x7ff56a04a200] Marker queued to ensure finish
:4:command.cpp              :359 : 4393496850280 us: [pid:4154523 tid: 0x7ff56a04a200] Command (InternalMarker) enqueued: 0x40310790
:3:rocvirtual.cpp           :533 : 4393496850297 us: [pid:4154523 tid: 0x7ff56a04a200] Set Handler: handle(0x7ff5609fd800), timestamp(0x40a161d0)
:4:rocvirtual.cpp           :1147: 4393496850306 us: [pid:4154523 tid: 0x7ff56a04a200] SWq=0x7ff56a034000, HWq=0x7ff54da00000, id=1, BarrierAND Header = 0x1503 (type=3, barrier=1, acquire=2, release=2), dep_signal=[0x0, 0x0, 0x0, 0x0, 0x0], completion_signal=0x7ff5609fd800
:3:rocvirtual.hpp           :56  : 4393496850317 us: [pid:4154523 tid: 0x7ff56a04a200] Host active wait for Signal = (0x7ff5609fd800) for -1 ns
:4:commandqueue.cpp         :184 : 4393496850324 us: [pid:4154523 tid: 0x7ff56a04a200] All commands finished
:3:hip_memory.cpp           :796 : 4393496850332 us: [pid:4154523 tid: 0x7ff56a04a200] hipMemcpy: Returned hipSuccess : : duration: 29634 us
:3:hip_memory.cpp           :3476: 4393496850346 us: [pid:4154523 tid: 0x7ff56a04a200] [32m hipMemset ( 0x7ff3e4e00000, 0, 81920000 ) [0m
:3:rocvirtual.cpp           :226 : 4393496850325 us: [pid:4154523 tid: 0x7ff42fbff6c0] Handler: value(0), timestamp(0x4089f9e0), handle(0x7ff5609fd800)
:4:command.cpp              :169 : 4393496850390 us: [pid:4154523 tid: 0x7ff42fbff6c0] Command 0x4035b750 complete
:4:command.cpp              :359 : 4393496850373 us: [pid:4154523 tid: 0x7ff56a04a200] Command (FillBuffer) enqueued: 0x40aa9a40
:4:command.cpp              :163 : 4393496850399 us: [pid:4154523 tid: 0x7ff42fbff6c0] Command 0x40310790 complete (Wall: 4393496850398, CPU: 0, GPU: 109 us)
:3:rocvirtual.cpp           :762 : 4393496850423 us: [pid:4154523 tid: 0x7ff56a04a200] Arg0: void* buf = ptr:0x7ff3e4e00000
:3:rocvirtual.cpp           :778 : 4393496850890 us: [pid:4154523 tid: 0x7ff56a04a200] Arg0: void* buf = ptr:0x7ff3e4e00000 obj:[0x7ff3e4e00000-0x7ff3e9c20000]
:3:rocvirtual.cpp           :762 : 4393496850900 us: [pid:4154523 tid: 0x7ff56a04a200] Arg1: uchar* pattern = ptr:0x7ff54d800000
:3:rocvirtual.cpp           :853 : 4393496850908 us: [pid:4154523 tid: 0x7ff56a04a200] Arg2: uint pattern_size = val:1
:3:rocvirtual.cpp           :853 : 4393496850913 us: [pid:4154523 tid: 0x7ff56a04a200] Arg3: uint alignment = val:16
:3:rocvirtual.cpp           :853 : 4393496850918 us: [pid:4154523 tid: 0x7ff56a04a200] Arg4: ulong end_ptr = val:140685575585792
:3:rocvirtual.cpp           :853 : 4393496850925 us: [pid:4154523 tid: 0x7ff56a04a200] Arg5: uint next_chunk = val:26624
:3:rocvirtual.cpp           :3236: 4393496850930 us: [pid:4154523 tid: 0x7ff56a04a200] ShaderName : __amd_rocclr_fillBufferAligned
:3:rocvirtual.cpp           :3449: 4393496850938 us: [pid:4154523 tid: 0x7ff56a04a200] KernargSegmentByteSize = 296 KernargSegmentAlignment = 128
:4:rocvirtual.cpp           :965 : 4393496850948 us: [pid:4154523 tid: 0x7ff56a04a200] SWq=0x7ff56a034000, HWq=0x7ff54da00000, id=1, Dispatch Header = 0x1502 (type=2, barrier=1, acquire=2, release=2), setup=1, grid=[26624, 1, 1], workgroup=[256, 1, 1], private_seg_size=0, group_seg_size=0, kernel_obj=0x7ff56a025d40, kernarg_address=0x7ff54d800100, completion_signal=0x0, correlation_id=0, rptr=80, wptr=80
:3:hip_memory.cpp           :3477: 4393496850967 us: [pid:4154523 tid: 0x7ff56a04a200] hipMemset: Returned hipSuccess : 
:3:hip_device_runtime.cpp   :641 : 4393496850974 us: [pid:4154523 tid: 0x7ff56a04a200] [32m hipDeviceSynchronize (  ) [0m
:4:commandqueue.cpp         :161 : 4393496850980 us: [pid:4154523 tid: 0x7ff56a04a200] Marker queued to ensure finish
:4:command.cpp              :359 : 4393496850985 us: [pid:4154523 tid: 0x7ff56a04a200] Command (InternalMarker) enqueued: 0x40a93a20
:3:rocvirtual.cpp           :533 : 4393496850999 us: [pid:4154523 tid: 0x7ff56a04a200] Set Handler: handle(0x7ff5609fd100), timestamp(0x40923130)
:4:rocvirtual.cpp           :1147: 4393496851488 us: [pid:4154523 tid: 0x7ff56a04a200] SWq=0x7ff56a034000, HWq=0x7ff54da00000, id=1, BarrierAND Header = 0x1503 (type=3, barrier=1, acquire=2, release=2), dep_signal=[0x0, 0x0, 0x0, 0x0, 0x0], completion_signal=0x7ff5609fd100
:4:commandqueue.cpp         :184 : 4393496851506 us: [pid:4154523 tid: 0x7ff56a04a200] All commands finished
:3:rocvirtual.cpp           :226 : 4393496851506 us: [pid:4154523 tid: 0x7ff42fbff6c0] Handler: value(0), timestamp(0x402bbe90), handle(0x7ff5609fd100)
:4:command.cpp              :169 : 4393496851533 us: [pid:4154523 tid: 0x7ff42fbff6c0] Command 0x40aa9a40 complete
:3:hip_device_runtime.cpp   :645 : 4393496851518 us: [pid:4154523 tid: 0x7ff56a04a200] hipDeviceSynchronize: Returned hipSuccess : 
:4:command.cpp              :163 : 4393496851543 us: [pid:4154523 tid: 0x7ff42fbff6c0] Command 0x40a93a20 complete (Wall: 4393496851541, CPU: 0, GPU: 548 us)
:3:hip_platform.cpp         :237 : 4393496851557 us: [pid:4154523 tid: 0x7ff56a04a200] [32m __hipPushCallConfiguration ( {8,1,1}, {128,1,1}, 0, stream:<null> ) [0m
:3:hip_platform.cpp         :241 : 4393496851580 us: [pid:4154523 tid: 0x7ff56a04a200] __hipPushCallConfiguration: Returned hipSuccess : 
:3:hip_platform.cpp         :246 : 4393496851590 us: [pid:4154523 tid: 0x7ff56a04a200] [32m __hipPopCallConfiguration ( {1951258706,32757,128}, {2118224,0,278018480}, 0x7ffc10923700, 0x7ffc109236f8 ) [0m
:3:hip_platform.cpp         :255 : 4393496851598 us: [pid:4154523 tid: 0x7ff56a04a200] __hipPopCallConfiguration: Returned hipSuccess : 
:3:hip_module.cpp           :744 : 4393496851610 us: [pid:4154523 tid: 0x7ff56a04a200] [32m hipLaunchKernel ( 0x200fe8, {8,1,1}, {128,1,1}, 0x7ffc109236b0, 0, stream:<null> ) [0m
:4:command.cpp              :359 : 4393496851626 us: [pid:4154523 tid: 0x7ff56a04a200] Command (KernelExecution) enqueued: 0x4035b750
:3:rocvirtual.cpp           :762 : 4393496852130 us: [pid:4154523 tid: 0x7ff56a04a200] Arg0:   = ptr:0x7ff3ea000000
:3:rocvirtual.cpp           :778 : 4393496852135 us: [pid:4154523 tid: 0x7ff56a04a200] Arg0:   = ptr:0x7ff3ea000000 obj:[0x7ff3ea000000-0x7ff3eee20000]
:3:rocvirtual.cpp           :762 : 4393496852143 us: [pid:4154523 tid: 0x7ff56a04a200] Arg1:   = ptr:0x7ff54cc27000
:3:rocvirtual.cpp           :778 : 4393496852148 us: [pid:4154523 tid: 0x7ff56a04a200] Arg1:   = ptr:0x7ff54cc27000 obj:[0x7ff54cc27000-0x7ff54cc37000]
:3:rocvirtual.cpp           :762 : 4393496852155 us: [pid:4154523 tid: 0x7ff56a04a200] Arg2:   = ptr:0x7ff3e4e00000
:3:rocvirtual.cpp           :778 : 4393496852159 us: [pid:4154523 tid: 0x7ff56a04a200] Arg2:   = ptr:0x7ff3e4e00000 obj:[0x7ff3e4e00000-0x7ff3e9c20000]
:3:rocvirtual.cpp           :853 : 4393496852166 us: [pid:4154523 tid: 0x7ff56a04a200] Arg3:   = val:2048
:3:rocvirtual.cpp           :762 : 4393496852171 us: [pid:4154523 tid: 0x7ff56a04a200] Arg4:   = ptr:0x7ff54cc00000
:3:rocvirtual.cpp           :778 : 4393496852175 us: [pid:4154523 tid: 0x7ff56a04a200] Arg4:   = ptr:0x7ff54cc00000 obj:[0x7ff54cc00000-0x7ff54cc00024]
:3:rocvirtual.cpp           :3236: 4393496852182 us: [pid:4154523 tid: 0x7ff56a04a200] ShaderName : void dense_esuhm3<float>(float const*, float const*, float*, int, int const*)
:3:rocvirtual.cpp           :3449: 4393496852191 us: [pid:4154523 tid: 0x7ff56a04a200] KernargSegmentByteSize = 296 KernargSegmentAlignment = 128
:4:rocvirtual.cpp           :965 : 4393496852203 us: [pid:4154523 tid: 0x7ff56a04a200] SWq=0x7ff56a034000, HWq=0x7ff54da00000, id=1, Dispatch Header = 0xb02 (type=2, barrier=1, acquire=1, release=1), setup=3, grid=[1024, 1, 1], workgroup=[128, 1, 1], private_seg_size=140, group_seg_size=0, kernel_obj=0x7ff560a91a00, kernarg_address=0x7ff54d800280, completion_signal=0x0, correlation_id=0, rptr=82, wptr=82
:3:hip_module.cpp           :745 : 4393496852218 us: [pid:4154523 tid: 0x7ff56a04a200] hipLaunchKernel: Returned hipSuccess : : duration: 608 us
:3:hip_device_runtime.cpp   :641 : 4393496852225 us: [pid:4154523 tid: 0x7ff56a04a200] [32m hipDeviceSynchronize (  ) [0m
:4:commandqueue.cpp         :161 : 4393496852230 us: [pid:4154523 tid: 0x7ff56a04a200] Marker queued to ensure finish
:4:command.cpp              :359 : 4393496852235 us: [pid:4154523 tid: 0x7ff56a04a200] Command (InternalMarker) enqueued: 0x40a93a20
:3:rocvirtual.cpp           :533 : 4393496852246 us: [pid:4154523 tid: 0x7ff56a04a200] Set Handler: handle(0x7ff5609fd080), timestamp(0x4027ca50)
:4:rocvirtual.cpp           :1147: 4393496852254 us: [pid:4154523 tid: 0x7ff56a04a200] SWq=0x7ff56a034000, HWq=0x7ff54da00000, id=1, BarrierAND Header = 0x1503 (type=3, barrier=1, acquire=2, release=2), dep_signal=[0x0, 0x0, 0x0, 0x0, 0x0], completion_signal=0x7ff5609fd080
:3:rocvirtual.hpp           :56  : 4393496852264 us: [pid:4154523 tid: 0x7ff56a04a200] Host active wait for Signal = (0x7ff5609fd080) for -1 ns
:4:commandqueue.cpp         :184 : 4393496852699 us: [pid:4154523 tid: 0x7ff56a04a200] All commands finished
:3:hip_device_runtime.cpp   :645 : 4393496852710 us: [pid:4154523 tid: 0x7ff56a04a200] hipDeviceSynchronize: Returned hipSuccess : 
:3:rocvirtual.cpp           :226 : 4393496852700 us: [pid:4154523 tid: 0x7ff42fbff6c0] Handler: value(0), timestamp(0x40a9d640), handle(0x7ff5609fd080)
:4:command.cpp              :169 : 4393496852735 us: [pid:4154523 tid: 0x7ff42fbff6c0] Command 0x4035b750 complete
:3:hip_memory.cpp           :795 : 4393496852725 us: [pid:4154523 tid: 0x7ff56a04a200] [32m hipMemcpy ( 0x7ff3fbb9d010, 0x7ff3e4e00000, 81920000, hipMemcpyDeviceToHost ) [0m
:4:command.cpp              :163 : 4393496852743 us: [pid:4154523 tid: 0x7ff42fbff6c0] Command 0x40a93a20 complete (Wall: 4393496852741, CPU: 0, GPU: 500 us)
:4:command.cpp              :359 : 4393496852755 us: [pid:4154523 tid: 0x7ff56a04a200] Command (CopyDeviceToHost) enqueued: 0x4035b750
:4:rocblit.cpp              :1673: 4393496852778 us: [pid:4154523 tid: 0x7ff56a04a200] Unpinned read path, Async = 0
:4:rocmemory.cpp            :1018: 4393496863357 us: [pid:4154523 tid: 0x7ff56a04a200] Locking to pool 0x4017aed0, size 0x2001000, HostPtr = 0x7ff3fbb9d000, DevPtr = 0x7ff3fbb9d000
:4:rocblit.cpp              :623 : 4393496863373 us: [pid:4154523 tid: 0x7ff56a04a200] HSA Copy Using Pinned resource size 33554432
:4:rocblit.cpp              :687 : 4393496863380 us: [pid:4154523 tid: 0x7ff56a04a200] HSA Async Copy staged D2H
:4:rocblit.cpp              :503 : 4393496863387 us: [pid:4154523 tid: 0x7ff56a04a200] Last copy mask 0x0
:4:rocblit.cpp              :509 : 4393496863393 us: [pid:4154523 tid: 0x7ff56a04a200] Query copy engine status 0, free_engine mask 0x1e
:4:rocblit.cpp              :520 : 4393496863401 us: [pid:4154523 tid: 0x7ff56a04a200] HSA Async Copy on copy_engine=0x2, dst=0x7ff3fbb9d010, src=0x7ff3e4e00000, size=33554432, forceSDMA=0, wait_event=0x0, completion_signal=0x7ff5609ff380
:4:rocvirtual.cpp           :622 : 4393496863410 us: [pid:4154523 tid: 0x7ff56a04a200] Host wait on completion_signal=0x7ff5609ff380
:3:rocvirtual.hpp           :56  : 4393496863417 us: [pid:4154523 tid: 0x7ff56a04a200] Host active wait for Signal = (0x7ff5609ff380) for -1 ns
:4:rocmemory.cpp            :1018: 4393496875573 us: [pid:4154523 tid: 0x7ff56a04a200] Locking to pool 0x4017aed0, size 0x2001000, HostPtr = 0x7ff3fdb9d000, DevPtr = 0x7ff3fdb9d000
:4:rocblit.cpp              :623 : 4393496875597 us: [pid:4154523 tid: 0x7ff56a04a200] HSA Copy Using Pinned resource size 33554432
:4:rocblit.cpp              :687 : 4393496875608 us: [pid:4154523 tid: 0x7ff56a04a200] HSA Async Copy staged D2H
:4:rocblit.cpp              :503 : 4393496875616 us: [pid:4154523 tid: 0x7ff56a04a200] Last copy mask 0x2
:4:rocblit.cpp              :520 : 4393496875623 us: [pid:4154523 tid: 0x7ff56a04a200] HSA Async Copy on copy_engine=0x2, dst=0x7ff3fdb9d010, src=0x7ff3e6e00000, size=33554432, forceSDMA=0, wait_event=0x0, completion_signal=0x7ff5609ff180
:4:rocvirtual.cpp           :622 : 4393496875643 us: [pid:4154523 tid: 0x7ff56a04a200] Host wait on completion_signal=0x7ff5609ff180
:3:rocvirtual.hpp           :56  : 4393496875652 us: [pid:4154523 tid: 0x7ff56a04a200] Host active wait for Signal = (0x7ff5609ff180) for -1 ns
:4:rocmemory.cpp            :1018: 4393496881557 us: [pid:4154523 tid: 0x7ff56a04a200] Locking to pool 0x4017aed0, size 0xe21000, HostPtr = 0x7ff3ffb9d000, DevPtr = 0x7ff3ffb9d000
:4:rocblit.cpp              :623 : 4393496881573 us: [pid:4154523 tid: 0x7ff56a04a200] HSA Copy Using Pinned resource size 14811136
:4:rocblit.cpp              :687 : 4393496881588 us: [pid:4154523 tid: 0x7ff56a04a200] HSA Async Copy staged D2H
:4:rocblit.cpp              :503 : 4393496881594 us: [pid:4154523 tid: 0x7ff56a04a200] Last copy mask 0x2
:4:rocblit.cpp              :520 : 4393496881599 us: [pid:4154523 tid: 0x7ff56a04a200] HSA Async Copy on copy_engine=0x2, dst=0x7ff3ffb9d010, src=0x7ff3e8e00000, size=14811136, forceSDMA=0, wait_event=0x0, completion_signal=0x7ff5609fd980
:4:rocvirtual.cpp           :622 : 4393496881608 us: [pid:4154523 tid: 0x7ff56a04a200] Host wait on completion_signal=0x7ff5609fd980
:3:rocvirtual.hpp           :56  : 4393496881981 us: [pid:4154523 tid: 0x7ff56a04a200] Host active wait for Signal = (0x7ff5609fd980) for -1 ns
:4:commandqueue.cpp         :161 : 4393496882145 us: [pid:4154523 tid: 0x7ff56a04a200] Marker queued to ensure finish
:4:command.cpp              :359 : 4393496882510 us: [pid:4154523 tid: 0x7ff56a04a200] Command (InternalMarker) enqueued: 0x40a93a20
:3:rocvirtual.cpp           :533 : 4393496882547 us: [pid:4154523 tid: 0x7ff56a04a200] Set Handler: handle(0x7ff5609fcf00), timestamp(0x40923390)
:4:rocvirtual.cpp           :1147: 4393496882561 us: [pid:4154523 tid: 0x7ff56a04a200] SWq=0x7ff56a034000, HWq=0x7ff54da00000, id=1, BarrierAND Header = 0x1503 (type=3, barrier=1, acquire=2, release=2), dep_signal=[0x0, 0x0, 0x0, 0x0, 0x0], completion_signal=0x7ff5609fcf00
:4:commandqueue.cpp         :184 : 4393496882573 us: [pid:4154523 tid: 0x7ff56a04a200] All commands finished
:3:rocvirtual.cpp           :226 : 4393496882577 us: [pid:4154523 tid: 0x7ff42fbff6c0] Handler: value(0), timestamp(0x40a9d640), handle(0x7ff5609fcf00)
:3:hip_memory.cpp           :796 : 4393496882579 us: [pid:4154523 tid: 0x7ff56a04a200] hipMemcpy: Returned hipSuccess : : duration: 29854 us
:4:command.cpp              :169 : 4393496882594 us: [pid:4154523 tid: 0x7ff42fbff6c0] Command 0x4035b750 complete
:4:command.cpp              :163 : 4393496882613 us: [pid:4154523 tid: 0x7ff42fbff6c0] Command 0x40a93a20 complete (Wall: 4393496882612, CPU: 0, GPU: 83 us)
:3:hip_memory.cpp           :3476: 4393497113511 us: [pid:4154523 tid: 0x7ff56a04a200] [32m hipMemset ( 0x7ff3e4e00000, 0, 81920000 ) [0m
:4:command.cpp              :359 : 4393497113545 us: [pid:4154523 tid: 0x7ff56a04a200] Command (FillBuffer) enqueued: 0x40aa9a40
:3:rocvirtual.cpp           :762 : 4393497113562 us: [pid:4154523 tid: 0x7ff56a04a200] Arg0: void* buf = ptr:0x7ff3e4e00000
:3:rocvirtual.cpp           :778 : 4393497113567 us: [pid:4154523 tid: 0x7ff56a04a200] Arg0: void* buf = ptr:0x7ff3e4e00000 obj:[0x7ff3e4e00000-0x7ff3e9c20000]
:3:rocvirtual.cpp           :762 : 4393497113575 us: [pid:4154523 tid: 0x7ff56a04a200] Arg1: uchar* pattern = ptr:0x7ff54d800000
:3:rocvirtual.cpp           :853 : 4393497113583 us: [pid:4154523 tid: 0x7ff56a04a200] Arg2: uint pattern_size = val:1
:3:rocvirtual.cpp           :853 : 4393497113587 us: [pid:4154523 tid: 0x7ff56a04a200] Arg3: uint alignment = val:16
:3:rocvirtual.cpp           :853 : 4393497113596 us: [pid:4154523 tid: 0x7ff56a04a200] Arg4: ulong end_ptr = val:140685575585792
:3:rocvirtual.cpp           :853 : 4393497113603 us: [pid:4154523 tid: 0x7ff56a04a200] Arg5: uint next_chunk = val:26624
:3:rocvirtual.cpp           :3236: 4393497113608 us: [pid:4154523 tid: 0x7ff56a04a200] ShaderName : __amd_rocclr_fillBufferAligned
:3:rocvirtual.cpp           :3449: 4393497113617 us: [pid:4154523 tid: 0x7ff56a04a200] KernargSegmentByteSize = 296 KernargSegmentAlignment = 128
:4:rocvirtual.cpp           :965 : 4393497113629 us: [pid:4154523 tid: 0x7ff56a04a200] SWq=0x7ff56a034000, HWq=0x7ff54da00000, id=1, Dispatch Header = 0x1502 (type=2, barrier=1, acquire=2, release=2), setup=1, grid=[26624, 1, 1], workgroup=[256, 1, 1], private_seg_size=0, group_seg_size=0, kernel_obj=0x7ff56a025d40, kernarg_address=0x7ff54d800100, completion_signal=0x0, correlation_id=0, rptr=85, wptr=85
:3:hip_memory.cpp           :3477: 4393497113658 us: [pid:4154523 tid: 0x7ff56a04a200] hipMemset: Returned hipSuccess : 
:3:hip_device_runtime.cpp   :641 : 4393497113664 us: [pid:4154523 tid: 0x7ff56a04a200] [32m hipDeviceSynchronize (  ) [0m
:4:commandqueue.cpp         :161 : 4393497113670 us: [pid:4154523 tid: 0x7ff56a04a200] Marker queued to ensure finish
:4:command.cpp              :359 : 4393497113674 us: [pid:4154523 tid: 0x7ff56a04a200] Command (InternalMarker) enqueued: 0x40a93a20
:3:rocvirtual.cpp           :533 : 4393497113704 us: [pid:4154523 tid: 0x7ff56a04a200] Set Handler: handle(0x7ff5609fce80), timestamp(0x40897670)
:4:rocvirtual.cpp           :1147: 4393497113713 us: [pid:4154523 tid: 0x7ff56a04a200] SWq=0x7ff56a034000, HWq=0x7ff54da00000, id=1, BarrierAND Header = 0x1503 (type=3, barrier=1, acquire=2, release=2), dep_signal=[0x0, 0x0, 0x0, 0x0, 0x0], completion_signal=0x7ff5609fce80
:4:commandqueue.cpp         :184 : 4393497114735 us: [pid:4154523 tid: 0x7ff56a04a200] All commands finished
:3:rocvirtual.cpp           :226 : 4393497113749 us: [pid:4154523 tid: 0x7ff42fbff6c0] Handler: value(0), timestamp(0x406f0390), handle(0x7ff5609fce80)
:4:command.cpp              :169 : 4393497114774 us: [pid:4154523 tid: 0x7ff42fbff6c0] Command 0x40aa9a40 complete
:3:hip_device_runtime.cpp   :645 : 4393497114743 us: [pid:4154523 tid: 0x7ff56a04a200] hipDeviceSynchronize: Returned hipSuccess : 
:4:command.cpp              :163 : 4393497114784 us: [pid:4154523 tid: 0x7ff42fbff6c0] Command 0x40a93a20 complete (Wall: 4393497114782, CPU: 0, GPU: 1097 us)
:3:hip_platform.cpp         :237 : 4393497114812 us: [pid:4154523 tid: 0x7ff56a04a200] [32m __hipPushCallConfiguration ( {8,1,1}, {256,1,1}, 0, stream:<null> ) [0m
:3:hip_platform.cpp         :241 : 4393497114825 us: [pid:4154523 tid: 0x7ff56a04a200] __hipPushCallConfiguration: Returned hipSuccess : 
:3:hip_platform.cpp         :246 : 4393497114839 us: [pid:4154523 tid: 0x7ff56a04a200] [32m __hipPopCallConfiguration ( {1951258706,32757,256}, {2118224,0,278018480}, 0x7ffc10923700, 0x7ffc109236f8 ) [0m
:3:hip_platform.cpp         :255 : 4393497114850 us: [pid:4154523 tid: 0x7ff56a04a200] __hipPopCallConfiguration: Returned hipSuccess : 
:3:hip_module.cpp           :744 : 4393497114866 us: [pid:4154523 tid: 0x7ff56a04a200] [32m hipLaunchKernel ( 0x200fd8, {8,1,1}, {256,1,1}, 0x7ffc109236b0, 0, stream:<null> ) [0m
:4:command.cpp              :359 : 4393497114887 us: [pid:4154523 tid: 0x7ff56a04a200] Command (KernelExecution) enqueued: 0x4035b750
:3:rocvirtual.cpp           :762 : 4393497115602 us: [pid:4154523 tid: 0x7ff56a04a200] Arg0:   = ptr:0x7ff3ea000000
:3:rocvirtual.cpp           :778 : 4393497115610 us: [pid:4154523 tid: 0x7ff56a04a200] Arg0:   = ptr:0x7ff3ea000000 obj:[0x7ff3ea000000-0x7ff3eee20000]
:3:rocvirtual.cpp           :762 : 4393497115620 us: [pid:4154523 tid: 0x7ff56a04a200] Arg1:   = ptr:0x7ff54cc27000
:3:rocvirtual.cpp           :778 : 4393497115626 us: [pid:4154523 tid: 0x7ff56a04a200] Arg1:   = ptr:0x7ff54cc27000 obj:[0x7ff54cc27000-0x7ff54cc37000]
:3:rocvirtual.cpp           :762 : 4393497115640 us: [pid:4154523 tid: 0x7ff56a04a200] Arg2:   = ptr:0x7ff3e4e00000
:3:rocvirtual.cpp           :778 : 4393497115666 us: [pid:4154523 tid: 0x7ff56a04a200] Arg2:   = ptr:0x7ff3e4e00000 obj:[0x7ff3e4e00000-0x7ff3e9c20000]
:3:rocvirtual.cpp           :853 : 4393497115676 us: [pid:4154523 tid: 0x7ff56a04a200] Arg3:   = val:2048
:3:rocvirtual.cpp           :762 : 4393497115682 us: [pid:4154523 tid: 0x7ff56a04a200] Arg4:   = ptr:0x7ff54cc00000
:3:rocvirtual.cpp           :778 : 4393497115688 us: [pid:4154523 tid: 0x7ff56a04a200] Arg4:   = ptr:0x7ff54cc00000 obj:[0x7ff54cc00000-0x7ff54cc00024]
:3:rocvirtual.cpp           :3236: 4393497115697 us: [pid:4154523 tid: 0x7ff56a04a200] ShaderName : void dense_esuhm<float>(float const*, float const*, float*, int, int const*)
:3:rocvirtual.cpp           :3449: 4393497115708 us: [pid:4154523 tid: 0x7ff56a04a200] KernargSegmentByteSize = 296 KernargSegmentAlignment = 128
:4:rocvirtual.cpp           :965 : 4393497115720 us: [pid:4154523 tid: 0x7ff56a04a200] SWq=0x7ff56a034000, HWq=0x7ff54da00000, id=1, Dispatch Header = 0xb02 (type=2, barrier=1, acquire=1, release=1), setup=3, grid=[2048, 1, 1], workgroup=[256, 1, 1], private_seg_size=140, group_seg_size=0, kernel_obj=0x7ff560a91980, kernarg_address=0x7ff54d800280, completion_signal=0x0, correlation_id=0, rptr=87, wptr=87
:3:hip_module.cpp           :745 : 4393497115749 us: [pid:4154523 tid: 0x7ff56a04a200] hipLaunchKernel: Returned hipSuccess : : duration: 883 us
:3:hip_device_runtime.cpp   :641 : 4393497115760 us: [pid:4154523 tid: 0x7ff56a04a200] [32m hipDeviceSynchronize (  ) [0m
:4:commandqueue.cpp         :161 : 4393497116187 us: [pid:4154523 tid: 0x7ff56a04a200] Marker queued to ensure finish
:4:command.cpp              :359 : 4393497116195 us: [pid:4154523 tid: 0x7ff56a04a200] Command (InternalMarker) enqueued: 0x40a93a20
:3:rocvirtual.cpp           :533 : 4393497116212 us: [pid:4154523 tid: 0x7ff56a04a200] Set Handler: handle(0x7ff5609fcf80), timestamp(0x406f02d0)
:4:rocvirtual.cpp           :1147: 4393497116223 us: [pid:4154523 tid: 0x7ff56a04a200] SWq=0x7ff56a034000, HWq=0x7ff54da00000, id=1, BarrierAND Header = 0x1503 (type=3, barrier=1, acquire=2, release=2), dep_signal=[0x0, 0x0, 0x0, 0x0, 0x0], completion_signal=0x7ff5609fcf80
:4:commandqueue.cpp         :184 : 4393497116244 us: [pid:4154523 tid: 0x7ff56a04a200] All commands finished
:3:rocvirtual.cpp           :226 : 4393497116236 us: [pid:4154523 tid: 0x7ff42fbff6c0] Handler: value(0), timestamp(0x406f05d0), handle(0x7ff5609fcf80)
:3:hip_device_runtime.cpp   :645 : 4393497116643 us: [pid:4154523 tid: 0x7ff56a04a200] hipDeviceSynchronize: Returned hipSuccess : 
:4:command.cpp              :169 : 4393497116656 us: [pid:4154523 tid: 0x7ff42fbff6c0] Command 0x4035b750 complete
:4:command.cpp              :163 : 4393497116677 us: [pid:4154523 tid: 0x7ff42fbff6c0] Command 0x40a93a20 complete (Wall: 4393497116675, CPU: 0, GPU: 471 us)
:3:hip_memory.cpp           :795 : 4393497116678 us: [pid:4154523 tid: 0x7ff56a04a200] [32m hipMemcpy ( 0x7ff4057df010, 0x7ff3e4e00000, 81920000, hipMemcpyDeviceToHost ) [0m
:4:command.cpp              :359 : 4393497116709 us: [pid:4154523 tid: 0x7ff56a04a200] Command (CopyDeviceToHost) enqueued: 0x4035b750
:4:rocblit.cpp              :1673: 4393497116721 us: [pid:4154523 tid: 0x7ff56a04a200] Unpinned read path, Async = 0
:4:rocmemory.cpp            :1018: 4393497116752 us: [pid:4154523 tid: 0x7ff56a04a200] Locking to pool 0x4017aed0, size 0x2001000, HostPtr = 0x7ff4057df000, DevPtr = 0x7ff4057df000
:4:rocblit.cpp              :623 : 4393497117414 us: [pid:4154523 tid: 0x7ff56a04a200] HSA Copy Using Pinned resource size 33554432
:4:rocblit.cpp              :687 : 4393497117423 us: [pid:4154523 tid: 0x7ff56a04a200] HSA Async Copy staged D2H
:4:rocblit.cpp              :503 : 4393497117429 us: [pid:4154523 tid: 0x7ff56a04a200] Last copy mask 0x0
:4:rocblit.cpp              :509 : 4393497117437 us: [pid:4154523 tid: 0x7ff56a04a200] Query copy engine status 0, free_engine mask 0x1e
:4:rocblit.cpp              :520 : 4393497117445 us: [pid:4154523 tid: 0x7ff56a04a200] HSA Async Copy on copy_engine=0x2, dst=0x7ff4057df010, src=0x7ff3e4e00000, size=33554432, forceSDMA=0, wait_event=0x0, completion_signal=0x7ff5609fef80
:4:rocvirtual.cpp           :622 : 4393497117460 us: [pid:4154523 tid: 0x7ff56a04a200] Host wait on completion_signal=0x7ff5609fef80
:3:rocvirtual.hpp           :56  : 4393497117468 us: [pid:4154523 tid: 0x7ff56a04a200] Host active wait for Signal = (0x7ff5609fef80) for -1 ns
:4:rocmemory.cpp            :1018: 4393497118678 us: [pid:4154523 tid: 0x7ff56a04a200] Locking to pool 0x4017aed0, size 0x2001000, HostPtr = 0x7ff4077df000, DevPtr = 0x7ff4077df000
:4:rocblit.cpp              :623 : 4393497118693 us: [pid:4154523 tid: 0x7ff56a04a200] HSA Copy Using Pinned resource size 33554432
:4:rocblit.cpp              :687 : 4393497118703 us: [pid:4154523 tid: 0x7ff56a04a200] HSA Async Copy staged D2H
:4:rocblit.cpp              :503 : 4393497118709 us: [pid:4154523 tid: 0x7ff56a04a200] Last copy mask 0x2
:4:rocblit.cpp              :520 : 4393497118714 us: [pid:4154523 tid: 0x7ff56a04a200] HSA Async Copy on copy_engine=0x2, dst=0x7ff4077df010, src=0x7ff3e6e00000, size=33554432, forceSDMA=0, wait_event=0x0, completion_signal=0x7ff5609fda00
:4:rocvirtual.cpp           :622 : 4393497118723 us: [pid:4154523 tid: 0x7ff56a04a200] Host wait on completion_signal=0x7ff5609fda00
:3:rocvirtual.hpp           :56  : 4393497118730 us: [pid:4154523 tid: 0x7ff56a04a200] Host active wait for Signal = (0x7ff5609fda00) for -1 ns
:4:rocmemory.cpp            :1018: 4393497119926 us: [pid:4154523 tid: 0x7ff56a04a200] Locking to pool 0x4017aed0, size 0xe21000, HostPtr = 0x7ff4097df000, DevPtr = 0x7ff4097df000
:4:rocblit.cpp              :623 : 4393497119946 us: [pid:4154523 tid: 0x7ff56a04a200] HSA Copy Using Pinned resource size 14811136
:4:rocblit.cpp              :687 : 4393497119953 us: [pid:4154523 tid: 0x7ff56a04a200] HSA Async Copy staged D2H
:4:rocblit.cpp              :503 : 4393497119959 us: [pid:4154523 tid: 0x7ff56a04a200] Last copy mask 0x2
:4:rocblit.cpp              :520 : 4393497119963 us: [pid:4154523 tid: 0x7ff56a04a200] HSA Async Copy on copy_engine=0x2, dst=0x7ff4097df010, src=0x7ff3e8e00000, size=14811136, forceSDMA=0, wait_event=0x0, completion_signal=0x7ff5609fdb00
:4:rocvirtual.cpp           :622 : 4393497119971 us: [pid:4154523 tid: 0x7ff56a04a200] Host wait on completion_signal=0x7ff5609fdb00
:3:rocvirtual.hpp           :56  : 4393497119978 us: [pid:4154523 tid: 0x7ff56a04a200] Host active wait for Signal = (0x7ff5609fdb00) for -1 ns
:4:commandqueue.cpp         :161 : 4393497120507 us: [pid:4154523 tid: 0x7ff56a04a200] Marker queued to ensure finish
:4:command.cpp              :359 : 4393497120513 us: [pid:4154523 tid: 0x7ff56a04a200] Command (InternalMarker) enqueued: 0x40a93a20
:3:rocvirtual.cpp           :533 : 4393497120526 us: [pid:4154523 tid: 0x7ff56a04a200] Set Handler: handle(0x7ff5609fcd00), timestamp(0x40972650)
:4:rocvirtual.cpp           :1147: 4393497120535 us: [pid:4154523 tid: 0x7ff56a04a200] SWq=0x7ff56a034000, HWq=0x7ff54da00000, id=1, BarrierAND Header = 0x1503 (type=3, barrier=1, acquire=2, release=2), dep_signal=[0x0, 0x0, 0x0, 0x0, 0x0], completion_signal=0x7ff5609fcd00
:4:commandqueue.cpp         :184 : 4393497121545 us: [pid:4154523 tid: 0x7ff56a04a200] All commands finished
:3:rocvirtual.cpp           :226 : 4393497120549 us: [pid:4154523 tid: 0x7ff42fbff6c0] Handler: value(0), timestamp(0x406f05d0), handle(0x7ff5609fcd00)
:4:command.cpp              :169 : 4393497121577 us: [pid:4154523 tid: 0x7ff42fbff6c0] Command 0x4035b750 complete
:4:command.cpp              :163 : 4393497121586 us: [pid:4154523 tid: 0x7ff42fbff6c0] Command 0x40a93a20 complete (Wall: 4393497121585, CPU: 0, GPU: 1064 us)
:3:hip_memory.cpp           :796 : 4393497121553 us: [pid:4154523 tid: 0x7ff56a04a200] hipMemcpy: Returned hipSuccess : : duration: 4875 us
:3:hip_memory.cpp           :3476: 4393497121623 us: [pid:4154523 tid: 0x7ff56a04a200] [32m hipMemset ( 0x7ff3e4e00000, 0, 81920000 ) [0m
:4:command.cpp              :359 : 4393497121637 us: [pid:4154523 tid: 0x7ff56a04a200] Command (FillBuffer) enqueued: 0x40aa9a40
:3:rocvirtual.cpp           :762 : 4393497121659 us: [pid:4154523 tid: 0x7ff56a04a200] Arg0: void* buf = ptr:0x7ff3e4e00000
:3:rocvirtual.cpp           :778 : 4393497121664 us: [pid:4154523 tid: 0x7ff56a04a200] Arg0: void* buf = ptr:0x7ff3e4e00000 obj:[0x7ff3e4e00000-0x7ff3e9c20000]
:3:rocvirtual.cpp           :762 : 4393497121673 us: [pid:4154523 tid: 0x7ff56a04a200] Arg1: uchar* pattern = ptr:0x7ff54d800000
:3:rocvirtual.cpp           :853 : 4393497122149 us: [pid:4154523 tid: 0x7ff56a04a200] Arg2: uint pattern_size = val:1
:3:rocvirtual.cpp           :853 : 4393497122154 us: [pid:4154523 tid: 0x7ff56a04a200] Arg3: uint alignment = val:16
:3:rocvirtual.cpp           :853 : 4393497122159 us: [pid:4154523 tid: 0x7ff56a04a200] Arg4: ulong end_ptr = val:140685575585792
:3:rocvirtual.cpp           :853 : 4393497122166 us: [pid:4154523 tid: 0x7ff56a04a200] Arg5: uint next_chunk = val:26624
:3:rocvirtual.cpp           :3236: 4393497122171 us: [pid:4154523 tid: 0x7ff56a04a200] ShaderName : __amd_rocclr_fillBufferAligned
:3:rocvirtual.cpp           :3449: 4393497122180 us: [pid:4154523 tid: 0x7ff56a04a200] KernargSegmentByteSize = 296 KernargSegmentAlignment = 128
:4:rocvirtual.cpp           :965 : 4393497122190 us: [pid:4154523 tid: 0x7ff56a04a200] SWq=0x7ff56a034000, HWq=0x7ff54da00000, id=1, Dispatch Header = 0x1502 (type=2, barrier=1, acquire=2, release=2), setup=1, grid=[26624, 1, 1], workgroup=[256, 1, 1], private_seg_size=0, group_seg_size=0, kernel_obj=0x7ff56a025d40, kernarg_address=0x7ff54d800100, completion_signal=0x0, correlation_id=0, rptr=90, wptr=90
:3:hip_memory.cpp           :3477: 4393497122205 us: [pid:4154523 tid: 0x7ff56a04a200] hipMemset: Returned hipSuccess : 
:3:hip_device_runtime.cpp   :641 : 4393497122210 us: [pid:4154523 tid: 0x7ff56a04a200] [32m hipDeviceSynchronize (  ) [0m
:4:commandqueue.cpp         :161 : 4393497122215 us: [pid:4154523 tid: 0x7ff56a04a200] Marker queued to ensure finish
:4:command.cpp              :359 : 4393497122219 us: [pid:4154523 tid: 0x7ff56a04a200] Command (InternalMarker) enqueued: 0x40a93a20
:3:rocvirtual.cpp           :533 : 4393497122232 us: [pid:4154523 tid: 0x7ff56a04a200] Set Handler: handle(0x7ff5609fcc80), timestamp(0x40972760)
:4:rocvirtual.cpp           :1147: 4393497122240 us: [pid:4154523 tid: 0x7ff56a04a200] SWq=0x7ff56a034000, HWq=0x7ff54da00000, id=1, BarrierAND Header = 0x1503 (type=3, barrier=1, acquire=2, release=2), dep_signal=[0x0, 0x0, 0x0, 0x0, 0x0], completion_signal=0x7ff5609fcc80
:3:rocvirtual.hpp           :56  : 4393497122251 us: [pid:4154523 tid: 0x7ff56a04a200] Host active wait for Signal = (0x7ff5609fcc80) for -1 ns
:4:commandqueue.cpp         :184 : 4393497122282 us: [pid:4154523 tid: 0x7ff56a04a200] All commands finished
:3:rocvirtual.cpp           :226 : 4393497122284 us: [pid:4154523 tid: 0x7ff42fbff6c0] Handler: value(0), timestamp(0x409725e0), handle(0x7ff5609fcc80)
:4:command.cpp              :169 : 4393497122622 us: [pid:4154523 tid: 0x7ff42fbff6c0] Command 0x40aa9a40 complete
:4:command.cpp              :163 : 4393497122628 us: [pid:4154523 tid: 0x7ff42fbff6c0] Command 0x40a93a20 complete (Wall: 4393497122627, CPU: 0, GPU: 401 us)
:3:hip_device_runtime.cpp   :645 : 4393497122612 us: [pid:4154523 tid: 0x7ff56a04a200] hipDeviceSynchronize: Returned hipSuccess : 
:3:hip_platform.cpp         :237 : 4393497122649 us: [pid:4154523 tid: 0x7ff56a04a200] [32m __hipPushCallConfiguration ( {8,1,1}, {256,1,1}, 0, stream:<null> ) [0m
:3:hip_platform.cpp         :241 : 4393497122657 us: [pid:4154523 tid: 0x7ff56a04a200] __hipPushCallConfiguration: Returned hipSuccess : 
:3:hip_platform.cpp         :246 : 4393497122667 us: [pid:4154523 tid: 0x7ff56a04a200] [32m __hipPopCallConfiguration ( {1951258706,32757,256}, {2118224,0,278018480}, 0x7ffc10923700, 0x7ffc109236f8 ) [0m
:3:hip_platform.cpp         :255 : 4393497122675 us: [pid:4154523 tid: 0x7ff56a04a200] __hipPopCallConfiguration: Returned hipSuccess : 
:3:hip_module.cpp           :744 : 4393497122687 us: [pid:4154523 tid: 0x7ff56a04a200] [32m hipLaunchKernel ( 0x200fe0, {8,1,1}, {256,1,1}, 0x7ffc109236b0, 0, stream:<null> ) [0m
:4:command.cpp              :359 : 4393497122710 us: [pid:4154523 tid: 0x7ff56a04a200] Command (KernelExecution) enqueued: 0x4035b750
:3:rocvirtual.cpp           :762 : 4393497122723 us: [pid:4154523 tid: 0x7ff56a04a200] Arg0:   = ptr:0x7ff3ea000000
:3:rocvirtual.cpp           :778 : 4393497122729 us: [pid:4154523 tid: 0x7ff56a04a200] Arg0:   = ptr:0x7ff3ea000000 obj:[0x7ff3ea000000-0x7ff3eee20000]
:3:rocvirtual.cpp           :762 : 4393497122736 us: [pid:4154523 tid: 0x7ff56a04a200] Arg1:   = ptr:0x7ff54cc27000
:3:rocvirtual.cpp           :778 : 4393497122741 us: [pid:4154523 tid: 0x7ff56a04a200] Arg1:   = ptr:0x7ff54cc27000 obj:[0x7ff54cc27000-0x7ff54cc37000]
:3:rocvirtual.cpp           :762 : 4393497123418 us: [pid:4154523 tid: 0x7ff56a04a200] Arg2:   = ptr:0x7ff3e4e00000
:3:rocvirtual.cpp           :778 : 4393497123424 us: [pid:4154523 tid: 0x7ff56a04a200] Arg2:   = ptr:0x7ff3e4e00000 obj:[0x7ff3e4e00000-0x7ff3e9c20000]
:3:rocvirtual.cpp           :853 : 4393497123431 us: [pid:4154523 tid: 0x7ff56a04a200] Arg3:   = val:2048
:3:rocvirtual.cpp           :762 : 4393497123436 us: [pid:4154523 tid: 0x7ff56a04a200] Arg4:   = ptr:0x7ff54cc00000
:3:rocvirtual.cpp           :778 : 4393497123440 us: [pid:4154523 tid: 0x7ff56a04a200] Arg4:   = ptr:0x7ff54cc00000 obj:[0x7ff54cc00000-0x7ff54cc00024]
:3:rocvirtual.cpp           :3236: 4393497123448 us: [pid:4154523 tid: 0x7ff56a04a200] ShaderName : void dense_esuhm2<float>(float const*, float const*, float*, int, int const*)
:3:rocvirtual.cpp           :3449: 4393497123457 us: [pid:4154523 tid: 0x7ff56a04a200] KernargSegmentByteSize = 296 KernargSegmentAlignment = 128
:4:rocvirtual.cpp           :965 : 4393497123466 us: [pid:4154523 tid: 0x7ff56a04a200] SWq=0x7ff56a034000, HWq=0x7ff54da00000, id=1, Dispatch Header = 0xb02 (type=2, barrier=1, acquire=1, release=1), setup=3, grid=[2048, 1, 1], workgroup=[256, 1, 1], private_seg_size=140, group_seg_size=0, kernel_obj=0x7ff560a919c0, kernarg_address=0x7ff54d800280, completion_signal=0x0, correlation_id=0, rptr=92, wptr=92
:3:hip_module.cpp           :745 : 4393497123482 us: [pid:4154523 tid: 0x7ff56a04a200] hipLaunchKernel: Returned hipSuccess : : duration: 795 us
:3:hip_device_runtime.cpp   :641 : 4393497123500 us: [pid:4154523 tid: 0x7ff56a04a200] [32m hipDeviceSynchronize (  ) [0m
:4:commandqueue.cpp         :161 : 4393497123505 us: [pid:4154523 tid: 0x7ff56a04a200] Marker queued to ensure finish
:4:command.cpp              :359 : 4393497123510 us: [pid:4154523 tid: 0x7ff56a04a200] Command (InternalMarker) enqueued: 0x40a93a20
:3:rocvirtual.cpp           :533 : 4393497123520 us: [pid:4154523 tid: 0x7ff56a04a200] Set Handler: handle(0x7ff5609fcc00), timestamp(0x40897630)
:4:rocvirtual.cpp           :1147: 4393497123528 us: [pid:4154523 tid: 0x7ff56a04a200] SWq=0x7ff56a034000, HWq=0x7ff54da00000, id=1, BarrierAND Header = 0x1503 (type=3, barrier=1, acquire=2, release=2), dep_signal=[0x0, 0x0, 0x0, 0x0, 0x0], completion_signal=0x7ff5609fcc00
:3:rocvirtual.hpp           :56  : 4393497123539 us: [pid:4154523 tid: 0x7ff56a04a200] Host active wait for Signal = (0x7ff5609fcc00) for -1 ns
:4:commandqueue.cpp         :184 : 4393497124069 us: [pid:4154523 tid: 0x7ff56a04a200] All commands finished
:3:rocvirtual.cpp           :226 : 4393497123604 us: [pid:4154523 tid: 0x7ff42fbff6c0] Handler: value(0), timestamp(0x409728a0), handle(0x7ff5609fcc00)
:4:command.cpp              :169 : 4393497124088 us: [pid:4154523 tid: 0x7ff42fbff6c0] Command 0x4035b750 complete
:3:hip_device_runtime.cpp   :645 : 4393497124076 us: [pid:4154523 tid: 0x7ff56a04a200] hipDeviceSynchronize: Returned hipSuccess : 
:4:command.cpp              :163 : 4393497124095 us: [pid:4154523 tid: 0x7ff42fbff6c0] Command 0x40a93a20 complete (Wall: 4393497124094, CPU: 0, GPU: 577 us)
:3:hip_memory.cpp           :795 : 4393497124109 us: [pid:4154523 tid: 0x7ff56a04a200] [32m hipMemcpy ( 0x7ff4009be010, 0x7ff3e4e00000, 81920000, hipMemcpyDeviceToHost ) [0m
:4:command.cpp              :359 : 4393497124128 us: [pid:4154523 tid: 0x7ff56a04a200] Command (CopyDeviceToHost) enqueued: 0x4035b750
:4:rocblit.cpp              :1673: 4393497124141 us: [pid:4154523 tid: 0x7ff56a04a200] Unpinned read path, Async = 0
:4:rocmemory.cpp            :1018: 4393497124153 us: [pid:4154523 tid: 0x7ff56a04a200] Locking to pool 0x4017aed0, size 0x2001000, HostPtr = 0x7ff4009be000, DevPtr = 0x7ff4009be000
:4:rocblit.cpp              :623 : 4393497124162 us: [pid:4154523 tid: 0x7ff56a04a200] HSA Copy Using Pinned resource size 33554432
:4:rocblit.cpp              :687 : 4393497124170 us: [pid:4154523 tid: 0x7ff56a04a200] HSA Async Copy staged D2H
:4:rocblit.cpp              :503 : 4393497124175 us: [pid:4154523 tid: 0x7ff56a04a200] Last copy mask 0x0
:4:rocblit.cpp              :509 : 4393497124181 us: [pid:4154523 tid: 0x7ff56a04a200] Query copy engine status 0, free_engine mask 0x1e
:4:rocblit.cpp              :520 : 4393497124685 us: [pid:4154523 tid: 0x7ff56a04a200] HSA Async Copy on copy_engine=0x2, dst=0x7ff4009be010, src=0x7ff3e4e00000, size=33554432, forceSDMA=0, wait_event=0x0, completion_signal=0x7ff5609fed80
:4:rocvirtual.cpp           :622 : 4393497124698 us: [pid:4154523 tid: 0x7ff56a04a200] Host wait on completion_signal=0x7ff5609fed80
:3:rocvirtual.hpp           :56  : 4393497124711 us: [pid:4154523 tid: 0x7ff56a04a200] Host active wait for Signal = (0x7ff5609fed80) for -1 ns
:4:rocmemory.cpp            :1018: 4393497125911 us: [pid:4154523 tid: 0x7ff56a04a200] Locking to pool 0x4017aed0, size 0x2001000, HostPtr = 0x7ff4029be000, DevPtr = 0x7ff4029be000
:4:rocblit.cpp              :623 : 4393497125925 us: [pid:4154523 tid: 0x7ff56a04a200] HSA Copy Using Pinned resource size 33554432
:4:rocblit.cpp              :687 : 4393497125933 us: [pid:4154523 tid: 0x7ff56a04a200] HSA Async Copy staged D2H
:4:rocblit.cpp              :503 : 4393497125938 us: [pid:4154523 tid: 0x7ff56a04a200] Last copy mask 0x2
:4:rocblit.cpp              :520 : 4393497125943 us: [pid:4154523 tid: 0x7ff56a04a200] HSA Async Copy on copy_engine=0x2, dst=0x7ff4029be010, src=0x7ff3e6e00000, size=33554432, forceSDMA=0, wait_event=0x0, completion_signal=0x7ff5609feb80
:4:rocvirtual.cpp           :622 : 4393497125951 us: [pid:4154523 tid: 0x7ff56a04a200] Host wait on completion_signal=0x7ff5609feb80
:3:rocvirtual.hpp           :56  : 4393497125958 us: [pid:4154523 tid: 0x7ff56a04a200] Host active wait for Signal = (0x7ff5609feb80) for -1 ns
:4:rocmemory.cpp            :1018: 4393497127157 us: [pid:4154523 tid: 0x7ff56a04a200] Locking to pool 0x4017aed0, size 0xe21000, HostPtr = 0x7ff4049be000, DevPtr = 0x7ff4049be000
:4:rocblit.cpp              :623 : 4393497127171 us: [pid:4154523 tid: 0x7ff56a04a200] HSA Copy Using Pinned resource size 14811136
:4:rocblit.cpp              :687 : 4393497127178 us: [pid:4154523 tid: 0x7ff56a04a200] HSA Async Copy staged D2H
:4:rocblit.cpp              :503 : 4393497127183 us: [pid:4154523 tid: 0x7ff56a04a200] Last copy mask 0x2
:4:rocblit.cpp              :520 : 4393497127188 us: [pid:4154523 tid: 0x7ff56a04a200] HSA Async Copy on copy_engine=0x2, dst=0x7ff4049be010, src=0x7ff3e8e00000, size=14811136, forceSDMA=0, wait_event=0x0, completion_signal=0x7ff5609fdd00
:4:rocvirtual.cpp           :622 : 4393497127196 us: [pid:4154523 tid: 0x7ff56a04a200] Host wait on completion_signal=0x7ff5609fdd00
:3:rocvirtual.hpp           :56  : 4393497127203 us: [pid:4154523 tid: 0x7ff56a04a200] Host active wait for Signal = (0x7ff5609fdd00) for -1 ns
:4:commandqueue.cpp         :161 : 4393497127732 us: [pid:4154523 tid: 0x7ff56a04a200] Marker queued to ensure finish
:4:command.cpp              :359 : 4393497128084 us: [pid:4154523 tid: 0x7ff56a04a200] Command (InternalMarker) enqueued: 0x40a93a20
:3:rocvirtual.cpp           :533 : 4393497128098 us: [pid:4154523 tid: 0x7ff56a04a200] Set Handler: handle(0x7ff5609fca80), timestamp(0x408978b0)
:4:rocvirtual.cpp           :1147: 4393497128110 us: [pid:4154523 tid: 0x7ff56a04a200] SWq=0x7ff56a034000, HWq=0x7ff54da00000, id=1, BarrierAND Header = 0x1503 (type=3, barrier=1, acquire=2, release=2), dep_signal=[0x0, 0x0, 0x0, 0x0, 0x0], completion_signal=0x7ff5609fca80
:4:commandqueue.cpp         :184 : 4393497128148 us: [pid:4154523 tid: 0x7ff56a04a200] All commands finished
:3:hip_memory.cpp           :796 : 4393497128157 us: [pid:4154523 tid: 0x7ff56a04a200] hipMemcpy: Returned hipSuccess : : duration: 4048 us
:3:rocvirtual.cpp           :226 : 4393497128128 us: [pid:4154523 tid: 0x7ff42fbff6c0] Handler: value(0), timestamp(0x409728a0), handle(0x7ff5609fca80)
:3:hip_memory.cpp           :3476: 4393497128176 us: [pid:4154523 tid: 0x7ff56a04a200] [32m hipMemset ( 0x7ff3e4e00000, 0, 81920000 ) [0m
:4:command.cpp              :359 : 4393497128210 us: [pid:4154523 tid: 0x7ff56a04a200] Command (FillBuffer) enqueued: 0x40aa9a40
:4:command.cpp              :169 : 4393497128192 us: [pid:4154523 tid: 0x7ff42fbff6c0] Command 0x4035b750 complete
:3:rocvirtual.cpp           :762 : 4393497128225 us: [pid:4154523 tid: 0x7ff56a04a200] Arg0: void* buf = ptr:0x7ff3e4e00000
:3:rocvirtual.cpp           :778 : 4393497128246 us: [pid:4154523 tid: 0x7ff56a04a200] Arg0: void* buf = ptr:0x7ff3e4e00000 obj:[0x7ff3e4e00000-0x7ff3e9c20000]
:3:rocvirtual.cpp           :762 : 4393497128255 us: [pid:4154523 tid: 0x7ff56a04a200] Arg1: uchar* pattern = ptr:0x7ff54d800000
:3:rocvirtual.cpp           :853 : 4393497128642 us: [pid:4154523 tid: 0x7ff56a04a200] Arg2: uint pattern_size = val:1
:3:rocvirtual.cpp           :853 : 4393497128648 us: [pid:4154523 tid: 0x7ff56a04a200] Arg3: uint alignment = val:16
:4:command.cpp              :163 : 4393497128242 us: [pid:4154523 tid: 0x7ff42fbff6c0] Command 0x40a93a20 complete (Wall: 4393497128240, CPU: 0, GPU: 147 us)
:3:rocvirtual.cpp           :853 : 4393497129002 us: [pid:4154523 tid: 0x7ff56a04a200] Arg4: ulong end_ptr = val:140685575585792
:3:rocvirtual.cpp           :853 : 4393497129022 us: [pid:4154523 tid: 0x7ff56a04a200] Arg5: uint next_chunk = val:26624
:3:rocvirtual.cpp           :3236: 4393497129028 us: [pid:4154523 tid: 0x7ff56a04a200] ShaderName : __amd_rocclr_fillBufferAligned
:3:rocvirtual.cpp           :3449: 4393497129045 us: [pid:4154523 tid: 0x7ff56a04a200] KernargSegmentByteSize = 296 KernargSegmentAlignment = 128
:4:rocvirtual.cpp           :965 : 4393497129054 us: [pid:4154523 tid: 0x7ff56a04a200] SWq=0x7ff56a034000, HWq=0x7ff54da00000, id=1, Dispatch Header = 0x1502 (type=2, barrier=1, acquire=2, release=2), setup=1, grid=[26624, 1, 1], workgroup=[256, 1, 1], private_seg_size=0, group_seg_size=0, kernel_obj=0x7ff56a025d40, kernarg_address=0x7ff54d800100, completion_signal=0x0, correlation_id=0, rptr=95, wptr=95
:3:hip_memory.cpp           :3477: 4393497129068 us: [pid:4154523 tid: 0x7ff56a04a200] hipMemset: Returned hipSuccess : 
:3:hip_device_runtime.cpp   :641 : 4393497129073 us: [pid:4154523 tid: 0x7ff56a04a200] [32m hipDeviceSynchronize (  ) [0m
:4:commandqueue.cpp         :161 : 4393497129079 us: [pid:4154523 tid: 0x7ff56a04a200] Marker queued to ensure finish
:4:command.cpp              :359 : 4393497129085 us: [pid:4154523 tid: 0x7ff56a04a200] Command (InternalMarker) enqueued: 0x40310790
:3:rocvirtual.cpp           :533 : 4393497129104 us: [pid:4154523 tid: 0x7ff56a04a200] Set Handler: handle(0x7ff5609fca00), timestamp(0x4030f430)
:4:rocvirtual.cpp           :1147: 4393497129112 us: [pid:4154523 tid: 0x7ff56a04a200] SWq=0x7ff56a034000, HWq=0x7ff54da00000, id=1, BarrierAND Header = 0x1503 (type=3, barrier=1, acquire=2, release=2), dep_signal=[0x0, 0x0, 0x0, 0x0, 0x0], completion_signal=0x7ff5609fca00
:3:rocvirtual.hpp           :56  : 4393497129123 us: [pid:4154523 tid: 0x7ff56a04a200] Host active wait for Signal = (0x7ff5609fca00) for -1 ns
:4:commandqueue.cpp         :184 : 4393497129144 us: [pid:4154523 tid: 0x7ff56a04a200] All commands finished
:3:rocvirtual.cpp           :226 : 4393497129146 us: [pid:4154523 tid: 0x7ff42fbff6c0] Handler: value(0), timestamp(0x4030eda0), handle(0x7ff5609fca00)
:3:hip_device_runtime.cpp   :645 : 4393497129927 us: [pid:4154523 tid: 0x7ff56a04a200] hipDeviceSynchronize: Returned hipSuccess : 
:3:hip_platform.cpp         :237 : 4393497130376 us: [pid:4154523 tid: 0x7ff56a04a200] [32m __hipPushCallConfiguration ( {8,1,1}, {256,1,1}, 0, stream:<null> ) [0m
:3:hip_platform.cpp         :241 : 4393497130399 us: [pid:4154523 tid: 0x7ff56a04a200] __hipPushCallConfiguration: Returned hipSuccess : 
:4:command.cpp              :169 : 4393497130365 us: [pid:4154523 tid: 0x7ff42fbff6c0] Command 0x40aa9a40 complete
:3:hip_platform.cpp         :246 : 4393497130410 us: [pid:4154523 tid: 0x7ff56a04a200] [32m __hipPopCallConfiguration ( {1951258706,32757,256}, {2118224,0,278018480}, 0x7ffc10923700, 0x7ffc109236f8 ) [0m
:3:hip_platform.cpp         :255 : 4393497130426 us: [pid:4154523 tid: 0x7ff56a04a200] __hipPopCallConfiguration: Returned hipSuccess : 
:4:command.cpp              :163 : 4393497130417 us: [pid:4154523 tid: 0x7ff42fbff6c0] Command 0x40310790 complete (Wall: 4393497130415, CPU: 0, GPU: 1315 us)
:3:hip_module.cpp           :744 : 4393497130437 us: [pid:4154523 tid: 0x7ff56a04a200] [32m hipLaunchKernel ( 0x200fe8, {8,1,1}, {256,1,1}, 0x7ffc109236b0, 0, stream:<null> ) [0m
:4:command.cpp              :359 : 4393497130469 us: [pid:4154523 tid: 0x7ff56a04a200] Command (KernelExecution) enqueued: 0x4035b750
:3:rocvirtual.cpp           :762 : 4393497130486 us: [pid:4154523 tid: 0x7ff56a04a200] Arg0:   = ptr:0x7ff3ea000000
:3:rocvirtual.cpp           :778 : 4393497130491 us: [pid:4154523 tid: 0x7ff56a04a200] Arg0:   = ptr:0x7ff3ea000000 obj:[0x7ff3ea000000-0x7ff3eee20000]
:3:rocvirtual.cpp           :762 : 4393497130499 us: [pid:4154523 tid: 0x7ff56a04a200] Arg1:   = ptr:0x7ff54cc27000
:3:rocvirtual.cpp           :778 : 4393497131354 us: [pid:4154523 tid: 0x7ff56a04a200] Arg1:   = ptr:0x7ff54cc27000 obj:[0x7ff54cc27000-0x7ff54cc37000]
:3:rocvirtual.cpp           :762 : 4393497131371 us: [pid:4154523 tid: 0x7ff56a04a200] Arg2:   = ptr:0x7ff3e4e00000
:3:rocvirtual.cpp           :778 : 4393497131378 us: [pid:4154523 tid: 0x7ff56a04a200] Arg2:   = ptr:0x7ff3e4e00000 obj:[0x7ff3e4e00000-0x7ff3e9c20000]
:3:rocvirtual.cpp           :853 : 4393497131394 us: [pid:4154523 tid: 0x7ff56a04a200] Arg3:   = val:2048
:3:rocvirtual.cpp           :762 : 4393497131399 us: [pid:4154523 tid: 0x7ff56a04a200] Arg4:   = ptr:0x7ff54cc00000
:3:rocvirtual.cpp           :778 : 4393497132033 us: [pid:4154523 tid: 0x7ff56a04a200] Arg4:   = ptr:0x7ff54cc00000 obj:[0x7ff54cc00000-0x7ff54cc00024]
:3:rocvirtual.cpp           :3236: 4393497132042 us: [pid:4154523 tid: 0x7ff56a04a200] ShaderName : void dense_esuhm3<float>(float const*, float const*, float*, int, int const*)
:3:rocvirtual.cpp           :3449: 4393497132051 us: [pid:4154523 tid: 0x7ff56a04a200] KernargSegmentByteSize = 296 KernargSegmentAlignment = 128
:4:rocvirtual.cpp           :965 : 4393497132063 us: [pid:4154523 tid: 0x7ff56a04a200] SWq=0x7ff56a034000, HWq=0x7ff54da00000, id=1, Dispatch Header = 0xb02 (type=2, barrier=1, acquire=1, release=1), setup=3, grid=[2048, 1, 1], workgroup=[256, 1, 1], private_seg_size=140, group_seg_size=0, kernel_obj=0x7ff560a91a00, kernarg_address=0x7ff54d800280, completion_signal=0x0, correlation_id=0, rptr=97, wptr=97
:3:hip_module.cpp           :745 : 4393497132086 us: [pid:4154523 tid: 0x7ff56a04a200] hipLaunchKernel: Returned hipSuccess : : duration: 1649 us
:3:hip_device_runtime.cpp   :641 : 4393497132095 us: [pid:4154523 tid: 0x7ff56a04a200] [32m hipDeviceSynchronize (  ) [0m
:4:commandqueue.cpp         :161 : 4393497132109 us: [pid:4154523 tid: 0x7ff56a04a200] Marker queued to ensure finish
:4:command.cpp              :359 : 4393497132115 us: [pid:4154523 tid: 0x7ff56a04a200] Command (InternalMarker) enqueued: 0x40310790
:3:rocvirtual.cpp           :533 : 4393497132127 us: [pid:4154523 tid: 0x7ff56a04a200] Set Handler: handle(0x7ff5609fcb00), timestamp(0x40972820)
:4:rocvirtual.cpp           :1147: 4393497132135 us: [pid:4154523 tid: 0x7ff56a04a200] SWq=0x7ff56a034000, HWq=0x7ff54da00000, id=1, BarrierAND Header = 0x1503 (type=3, barrier=1, acquire=2, release=2), dep_signal=[0x0, 0x0, 0x0, 0x0, 0x0], completion_signal=0x7ff5609fcb00
:3:rocvirtual.hpp           :56  : 4393497132146 us: [pid:4154523 tid: 0x7ff56a04a200] Host active wait for Signal = (0x7ff5609fcb00) for -1 ns
:4:commandqueue.cpp         :184 : 4393497132369 us: [pid:4154523 tid: 0x7ff56a04a200] All commands finished
:3:rocvirtual.cpp           :226 : 4393497132375 us: [pid:4154523 tid: 0x7ff42fbff6c0] Handler: value(0), timestamp(0x4030ef60), handle(0x7ff5609fcb00)
:3:hip_device_runtime.cpp   :645 : 4393497132604 us: [pid:4154523 tid: 0x7ff56a04a200] hipDeviceSynchronize: Returned hipSuccess : 
:4:command.cpp              :169 : 4393497132623 us: [pid:4154523 tid: 0x7ff42fbff6c0] Command 0x4035b750 complete
:3:hip_memory.cpp           :795 : 4393497132638 us: [pid:4154523 tid: 0x7ff56a04a200] [32m hipMemcpy ( 0x7ff3fbb9d010, 0x7ff3e4e00000, 81920000, hipMemcpyDeviceToHost ) [0m
:4:command.cpp              :163 : 4393497132642 us: [pid:4154523 tid: 0x7ff42fbff6c0] Command 0x40310790 complete (Wall: 4393497132641, CPU: 0, GPU: 519 us)
:4:command.cpp              :359 : 4393497132653 us: [pid:4154523 tid: 0x7ff56a04a200] Command (CopyDeviceToHost) enqueued: 0x4035b750
:4:rocblit.cpp              :1673: 4393497132670 us: [pid:4154523 tid: 0x7ff56a04a200] Unpinned read path, Async = 0
:4:rocmemory.cpp            :1018: 4393497132685 us: [pid:4154523 tid: 0x7ff56a04a200] Locking to pool 0x4017aed0, size 0x2001000, HostPtr = 0x7ff3fbb9d000, DevPtr = 0x7ff3fbb9d000
:4:rocblit.cpp              :623 : 4393497132692 us: [pid:4154523 tid: 0x7ff56a04a200] HSA Copy Using Pinned resource size 33554432
:4:rocblit.cpp              :687 : 4393497132699 us: [pid:4154523 tid: 0x7ff56a04a200] HSA Async Copy staged D2H
:4:rocblit.cpp              :503 : 4393497132705 us: [pid:4154523 tid: 0x7ff56a04a200] Last copy mask 0x0
:4:rocblit.cpp              :509 : 4393497132711 us: [pid:4154523 tid: 0x7ff56a04a200] Query copy engine status 0, free_engine mask 0x1e
:4:rocblit.cpp              :520 : 4393497132720 us: [pid:4154523 tid: 0x7ff56a04a200] HSA Async Copy on copy_engine=0x2, dst=0x7ff3fbb9d010, src=0x7ff3e4e00000, size=33554432, forceSDMA=0, wait_event=0x0, completion_signal=0x7ff5609fe980
:4:rocvirtual.cpp           :622 : 4393497133132 us: [pid:4154523 tid: 0x7ff56a04a200] Host wait on completion_signal=0x7ff5609fe980
:3:rocvirtual.hpp           :56  : 4393497133147 us: [pid:4154523 tid: 0x7ff56a04a200] Host active wait for Signal = (0x7ff5609fe980) for -1 ns
:4:rocmemory.cpp            :1018: 4393497134336 us: [pid:4154523 tid: 0x7ff56a04a200] Locking to pool 0x4017aed0, size 0x2001000, HostPtr = 0x7ff3fdb9d000, DevPtr = 0x7ff3fdb9d000
:4:rocblit.cpp              :623 : 4393497134357 us: [pid:4154523 tid: 0x7ff56a04a200] HSA Copy Using Pinned resource size 33554432
:4:rocblit.cpp              :687 : 4393497134365 us: [pid:4154523 tid: 0x7ff56a04a200] HSA Async Copy staged D2H
:4:rocblit.cpp              :503 : 4393497134371 us: [pid:4154523 tid: 0x7ff56a04a200] Last copy mask 0x2
:4:rocblit.cpp              :520 : 4393497134376 us: [pid:4154523 tid: 0x7ff56a04a200] HSA Async Copy on copy_engine=0x2, dst=0x7ff3fdb9d010, src=0x7ff3e6e00000, size=33554432, forceSDMA=0, wait_event=0x0, completion_signal=0x7ff5609fde00
:4:rocvirtual.cpp           :622 : 4393497134384 us: [pid:4154523 tid: 0x7ff56a04a200] Host wait on completion_signal=0x7ff5609fde00
:3:rocvirtual.hpp           :56  : 4393497134392 us: [pid:4154523 tid: 0x7ff56a04a200] Host active wait for Signal = (0x7ff5609fde00) for -1 ns
:4:rocmemory.cpp            :1018: 4393497135601 us: [pid:4154523 tid: 0x7ff56a04a200] Locking to pool 0x4017aed0, size 0xe21000, HostPtr = 0x7ff3ffb9d000, DevPtr = 0x7ff3ffb9d000
:4:rocblit.cpp              :623 : 4393497135624 us: [pid:4154523 tid: 0x7ff56a04a200] HSA Copy Using Pinned resource size 14811136
:4:rocblit.cpp              :687 : 4393497135633 us: [pid:4154523 tid: 0x7ff56a04a200] HSA Async Copy staged D2H
:4:rocblit.cpp              :503 : 4393497135647 us: [pid:4154523 tid: 0x7ff56a04a200] Last copy mask 0x2
:4:rocblit.cpp              :520 : 4393497135653 us: [pid:4154523 tid: 0x7ff56a04a200] HSA Async Copy on copy_engine=0x2, dst=0x7ff3ffb9d010, src=0x7ff3e8e00000, size=14811136, forceSDMA=0, wait_event=0x0, completion_signal=0x7ff5609fde80
:4:rocvirtual.cpp           :622 : 4393497135689 us: [pid:4154523 tid: 0x7ff56a04a200] Host wait on completion_signal=0x7ff5609fde80
:3:rocvirtual.hpp           :56  : 4393497135705 us: [pid:4154523 tid: 0x7ff56a04a200] Host active wait for Signal = (0x7ff5609fde80) for -1 ns
:4:commandqueue.cpp         :161 : 4393497136224 us: [pid:4154523 tid: 0x7ff56a04a200] Marker queued to ensure finish
:4:command.cpp              :359 : 4393497136307 us: [pid:4154523 tid: 0x7ff56a04a200] Command (InternalMarker) enqueued: 0x40310790
:3:rocvirtual.cpp           :533 : 4393497136330 us: [pid:4154523 tid: 0x7ff56a04a200] Set Handler: handle(0x7ff5609fc880), timestamp(0x40938160)
:4:rocvirtual.cpp           :1147: 4393497136339 us: [pid:4154523 tid: 0x7ff56a04a200] SWq=0x7ff56a034000, HWq=0x7ff54da00000, id=1, BarrierAND Header = 0x1503 (type=3, barrier=1, acquire=2, release=2), dep_signal=[0x0, 0x0, 0x0, 0x0, 0x0], completion_signal=0x7ff5609fc880
:3:rocvirtual.hpp           :56  : 4393497136350 us: [pid:4154523 tid: 0x7ff56a04a200] Host active wait for Signal = (0x7ff5609fc880) for -1 ns
:4:commandqueue.cpp         :184 : 4393497136357 us: [pid:4154523 tid: 0x7ff56a04a200] All commands finished
:3:hip_memory.cpp           :796 : 4393497136363 us: [pid:4154523 tid: 0x7ff56a04a200] hipMemcpy: Returned hipSuccess : : duration: 3725 us
:3:rocvirtual.cpp           :226 : 4393497136358 us: [pid:4154523 tid: 0x7ff42fbff6c0] Handler: value(0), timestamp(0x4030ef60), handle(0x7ff5609fc880)
:4:command.cpp              :169 : 4393497136394 us: [pid:4154523 tid: 0x7ff42fbff6c0] Command 0x4035b750 complete
:4:command.cpp              :163 : 4393497136404 us: [pid:4154523 tid: 0x7ff42fbff6c0] Command 0x40310790 complete (Wall: 4393497136401, CPU: 0, GPU: 76 us)
:3:hip_memory.cpp           :3476: 4393497358030 us: [pid:4154523 tid: 0x7ff56a04a200] [32m hipMemset ( 0x7ff3e4e00000, 0, 81920000 ) [0m
:4:command.cpp              :359 : 4393497358068 us: [pid:4154523 tid: 0x7ff56a04a200] Command (FillBuffer) enqueued: 0x40aa9a40
:3:rocvirtual.cpp           :762 : 4393497358087 us: [pid:4154523 tid: 0x7ff56a04a200] Arg0: void* buf = ptr:0x7ff3e4e00000
:3:rocvirtual.cpp           :778 : 4393497358094 us: [pid:4154523 tid: 0x7ff56a04a200] Arg0: void* buf = ptr:0x7ff3e4e00000 obj:[0x7ff3e4e00000-0x7ff3e9c20000]
:3:rocvirtual.cpp           :762 : 4393497358104 us: [pid:4154523 tid: 0x7ff56a04a200] Arg1: uchar* pattern = ptr:0x7ff54d800000
:3:rocvirtual.cpp           :853 : 4393497358115 us: [pid:4154523 tid: 0x7ff56a04a200] Arg2: uint pattern_size = val:1
:3:rocvirtual.cpp           :853 : 4393497358122 us: [pid:4154523 tid: 0x7ff56a04a200] Arg3: uint alignment = val:16
:3:rocvirtual.cpp           :853 : 4393497358128 us: [pid:4154523 tid: 0x7ff56a04a200] Arg4: ulong end_ptr = val:140685575585792
:3:rocvirtual.cpp           :853 : 4393497358138 us: [pid:4154523 tid: 0x7ff56a04a200] Arg5: uint next_chunk = val:26624
:3:rocvirtual.cpp           :3236: 4393497358144 us: [pid:4154523 tid: 0x7ff56a04a200] ShaderName : __amd_rocclr_fillBufferAligned
:3:rocvirtual.cpp           :3449: 4393497358155 us: [pid:4154523 tid: 0x7ff56a04a200] KernargSegmentByteSize = 296 KernargSegmentAlignment = 128
:4:rocvirtual.cpp           :965 : 4393497358169 us: [pid:4154523 tid: 0x7ff56a04a200] SWq=0x7ff56a034000, HWq=0x7ff54da00000, id=1, Dispatch Header = 0x1502 (type=2, barrier=1, acquire=2, release=2), setup=1, grid=[26624, 1, 1], workgroup=[256, 1, 1], private_seg_size=0, group_seg_size=0, kernel_obj=0x7ff56a025d40, kernarg_address=0x7ff54d800100, completion_signal=0x0, correlation_id=0, rptr=100, wptr=100
:3:hip_memory.cpp           :3477: 4393497358189 us: [pid:4154523 tid: 0x7ff56a04a200] hipMemset: Returned hipSuccess : 
:3:hip_device_runtime.cpp   :641 : 4393497358197 us: [pid:4154523 tid: 0x7ff56a04a200] [32m hipDeviceSynchronize (  ) [0m
:4:commandqueue.cpp         :161 : 4393497358204 us: [pid:4154523 tid: 0x7ff56a04a200] Marker queued to ensure finish
:4:command.cpp              :359 : 4393497358694 us: [pid:4154523 tid: 0x7ff56a04a200] Command (InternalMarker) enqueued: 0x40310790
:3:rocvirtual.cpp           :533 : 4393497358720 us: [pid:4154523 tid: 0x7ff56a04a200] Set Handler: handle(0x7ff5609fc800), timestamp(0x40938290)
:4:rocvirtual.cpp           :1147: 4393497358732 us: [pid:4154523 tid: 0x7ff56a04a200] SWq=0x7ff56a034000, HWq=0x7ff54da00000, id=1, BarrierAND Header = 0x1503 (type=3, barrier=1, acquire=2, release=2), dep_signal=[0x0, 0x0, 0x0, 0x0, 0x0], completion_signal=0x7ff5609fc800
:3:rocvirtual.hpp           :56  : 4393497358746 us: [pid:4154523 tid: 0x7ff56a04a200] Host active wait for Signal = (0x7ff5609fc800) for -1 ns
:4:commandqueue.cpp         :184 : 4393497366022 us: [pid:4154523 tid: 0x7ff56a04a200] All commands finished
:3:rocvirtual.cpp           :226 : 4393497366027 us: [pid:4154523 tid: 0x7ff42fbff6c0] Handler: value(0), timestamp(0x409380b0), handle(0x7ff5609fc800)
:4:command.cpp              :169 : 4393497366053 us: [pid:4154523 tid: 0x7ff42fbff6c0] Command 0x40aa9a40 complete
:4:command.cpp              :163 : 4393497366060 us: [pid:4154523 tid: 0x7ff42fbff6c0] Command 0x40310790 complete (Wall: 4393497366059, CPU: 0, GPU: 7351 us)
:3:hip_device_runtime.cpp   :645 : 4393497366036 us: [pid:4154523 tid: 0x7ff56a04a200] hipDeviceSynchronize: Returned hipSuccess : 
:3:hip_platform.cpp         :237 : 4393497366102 us: [pid:4154523 tid: 0x7ff56a04a200] [32m __hipPushCallConfiguration ( {8,1,1}, {512,1,1}, 0, stream:<null> ) [0m
:3:hip_platform.cpp         :241 : 4393497366113 us: [pid:4154523 tid: 0x7ff56a04a200] __hipPushCallConfiguration: Returned hipSuccess : 
:3:hip_platform.cpp         :246 : 4393497366126 us: [pid:4154523 tid: 0x7ff56a04a200] [32m __hipPopCallConfiguration ( {1951258706,32757,512}, {2118224,0,278018480}, 0x7ffc10923700, 0x7ffc109236f8 ) [0m
:3:hip_platform.cpp         :255 : 4393497366136 us: [pid:4154523 tid: 0x7ff56a04a200] __hipPopCallConfiguration: Returned hipSuccess : 
:3:hip_module.cpp           :744 : 4393497366152 us: [pid:4154523 tid: 0x7ff56a04a200] [32m hipLaunchKernel ( 0x200fd8, {8,1,1}, {512,1,1}, 0x7ffc109236b0, 0, stream:<null> ) [0m
:4:command.cpp              :359 : 4393497366173 us: [pid:4154523 tid: 0x7ff56a04a200] Command (KernelExecution) enqueued: 0x4035b750
:3:rocvirtual.cpp           :762 : 4393497366184 us: [pid:4154523 tid: 0x7ff56a04a200] Arg0:   = ptr:0x7ff3ea000000
:3:rocvirtual.cpp           :778 : 4393497366191 us: [pid:4154523 tid: 0x7ff56a04a200] Arg0:   = ptr:0x7ff3ea000000 obj:[0x7ff3ea000000-0x7ff3eee20000]
:3:rocvirtual.cpp           :762 : 4393497366200 us: [pid:4154523 tid: 0x7ff56a04a200] Arg1:   = ptr:0x7ff54cc27000
:3:rocvirtual.cpp           :778 : 4393497366207 us: [pid:4154523 tid: 0x7ff56a04a200] Arg1:   = ptr:0x7ff54cc27000 obj:[0x7ff54cc27000-0x7ff54cc37000]
:3:rocvirtual.cpp           :762 : 4393497366216 us: [pid:4154523 tid: 0x7ff56a04a200] Arg2:   = ptr:0x7ff3e4e00000
:3:rocvirtual.cpp           :778 : 4393497366222 us: [pid:4154523 tid: 0x7ff56a04a200] Arg2:   = ptr:0x7ff3e4e00000 obj:[0x7ff3e4e00000-0x7ff3e9c20000]
:3:rocvirtual.cpp           :853 : 4393497366232 us: [pid:4154523 tid: 0x7ff56a04a200] Arg3:   = val:2048
:3:rocvirtual.cpp           :762 : 4393497366660 us: [pid:4154523 tid: 0x7ff56a04a200] Arg4:   = ptr:0x7ff54cc00000
:3:rocvirtual.cpp           :778 : 4393497367015 us: [pid:4154523 tid: 0x7ff56a04a200] Arg4:   = ptr:0x7ff54cc00000 obj:[0x7ff54cc00000-0x7ff54cc00024]
:3:rocvirtual.cpp           :3236: 4393497367025 us: [pid:4154523 tid: 0x7ff56a04a200] ShaderName : void dense_esuhm<float>(float const*, float const*, float*, int, int const*)
:3:rocvirtual.cpp           :3449: 4393497367037 us: [pid:4154523 tid: 0x7ff56a04a200] KernargSegmentByteSize = 296 KernargSegmentAlignment = 128
:4:rocvirtual.cpp           :965 : 4393497367049 us: [pid:4154523 tid: 0x7ff56a04a200] SWq=0x7ff56a034000, HWq=0x7ff54da00000, id=1, Dispatch Header = 0xb02 (type=2, barrier=1, acquire=1, release=1), setup=3, grid=[4096, 1, 1], workgroup=[512, 1, 1], private_seg_size=140, group_seg_size=0, kernel_obj=0x7ff560a91980, kernarg_address=0x7ff54d800280, completion_signal=0x0, correlation_id=0, rptr=102, wptr=102
:3:hip_module.cpp           :745 : 4393497367077 us: [pid:4154523 tid: 0x7ff56a04a200] hipLaunchKernel: Returned hipSuccess : : duration: 925 us
:3:hip_device_runtime.cpp   :641 : 4393497367088 us: [pid:4154523 tid: 0x7ff56a04a200] [32m hipDeviceSynchronize (  ) [0m
:4:commandqueue.cpp         :161 : 4393497367094 us: [pid:4154523 tid: 0x7ff56a04a200] Marker queued to ensure finish
:4:command.cpp              :359 : 4393497367100 us: [pid:4154523 tid: 0x7ff56a04a200] Command (InternalMarker) enqueued: 0x40310790
:3:rocvirtual.cpp           :533 : 4393497367115 us: [pid:4154523 tid: 0x7ff56a04a200] Set Handler: handle(0x7ff5609fc780), timestamp(0x40a16ee0)
:4:rocvirtual.cpp           :1147: 4393497367126 us: [pid:4154523 tid: 0x7ff56a04a200] SWq=0x7ff56a034000, HWq=0x7ff54da00000, id=1, BarrierAND Header = 0x1503 (type=3, barrier=1, acquire=2, release=2), dep_signal=[0x0, 0x0, 0x0, 0x0, 0x0], completion_signal=0x7ff5609fc780
:3:rocvirtual.hpp           :56  : 4393497367139 us: [pid:4154523 tid: 0x7ff56a04a200] Host active wait for Signal = (0x7ff5609fc780) for -1 ns
:4:commandqueue.cpp         :184 : 4393497367182 us: [pid:4154523 tid: 0x7ff56a04a200] All commands finished
:3:hip_device_runtime.cpp   :645 : 4393497367190 us: [pid:4154523 tid: 0x7ff56a04a200] hipDeviceSynchronize: Returned hipSuccess : 
:3:rocvirtual.cpp           :226 : 4393497367185 us: [pid:4154523 tid: 0x7ff42fbff6c0] Handler: value(0), timestamp(0x40a16e30), handle(0x7ff5609fc780)
:4:command.cpp              :169 : 4393497367214 us: [pid:4154523 tid: 0x7ff42fbff6c0] Command 0x4035b750 complete
:3:hip_memory.cpp           :795 : 4393497367209 us: [pid:4154523 tid: 0x7ff56a04a200] [32m hipMemcpy ( 0x7ff4057df010, 0x7ff3e4e00000, 81920000, hipMemcpyDeviceToHost ) [0m
:4:command.cpp              :163 : 4393497367222 us: [pid:4154523 tid: 0x7ff42fbff6c0] Command 0x40310790 complete (Wall: 4393497367221, CPU: 0, GPU: 112 us)
:4:command.cpp              :359 : 4393497367625 us: [pid:4154523 tid: 0x7ff56a04a200] Command (CopyDeviceToHost) enqueued: 0x4035b750
:4:rocblit.cpp              :1673: 4393497367638 us: [pid:4154523 tid: 0x7ff56a04a200] Unpinned read path, Async = 0
:4:rocmemory.cpp            :1018: 4393497367662 us: [pid:4154523 tid: 0x7ff56a04a200] Locking to pool 0x4017aed0, size 0x2001000, HostPtr = 0x7ff4057df000, DevPtr = 0x7ff4057df000
:4:rocblit.cpp              :623 : 4393497367672 us: [pid:4154523 tid: 0x7ff56a04a200] HSA Copy Using Pinned resource size 33554432
:4:rocblit.cpp              :687 : 4393497367684 us: [pid:4154523 tid: 0x7ff56a04a200] HSA Async Copy staged D2H
:4:rocblit.cpp              :503 : 4393497367692 us: [pid:4154523 tid: 0x7ff56a04a200] Last copy mask 0x0
:4:rocblit.cpp              :509 : 4393497367701 us: [pid:4154523 tid: 0x7ff56a04a200] Query copy engine status 0, free_engine mask 0x1e
:4:rocblit.cpp              :520 : 4393497367711 us: [pid:4154523 tid: 0x7ff56a04a200] HSA Async Copy on copy_engine=0x2, dst=0x7ff4057df010, src=0x7ff3e4e00000, size=33554432, forceSDMA=0, wait_event=0x0, completion_signal=0x7ff5609fe780
:4:rocvirtual.cpp           :622 : 4393497367724 us: [pid:4154523 tid: 0x7ff56a04a200] Host wait on completion_signal=0x7ff5609fe780
:3:rocvirtual.hpp           :56  : 4393497367734 us: [pid:4154523 tid: 0x7ff56a04a200] Host active wait for Signal = (0x7ff5609fe780) for -1 ns
:4:rocmemory.cpp            :1018: 4393497555610 us: [pid:4154523 tid: 0x7ff56a04a200] Locking to pool 0x4017aed0, size 0x2001000, HostPtr = 0x7ff4077df000, DevPtr = 0x7ff4077df000
:4:rocblit.cpp              :623 : 4393497555639 us: [pid:4154523 tid: 0x7ff56a04a200] HSA Copy Using Pinned resource size 33554432
:4:rocblit.cpp              :687 : 4393497555648 us: [pid:4154523 tid: 0x7ff56a04a200] HSA Async Copy staged D2H
:4:rocblit.cpp              :503 : 4393497555656 us: [pid:4154523 tid: 0x7ff56a04a200] Last copy mask 0x2
:4:rocblit.cpp              :520 : 4393497555666 us: [pid:4154523 tid: 0x7ff56a04a200] HSA Async Copy on copy_engine=0x2, dst=0x7ff4077df010, src=0x7ff3e6e00000, size=33554432, forceSDMA=0, wait_event=0x0, completion_signal=0x7ff5609fe580
:4:rocvirtual.cpp           :622 : 4393497555691 us: [pid:4154523 tid: 0x7ff56a04a200] Host wait on completion_signal=0x7ff5609fe580
:3:rocvirtual.hpp           :56  : 4393497555699 us: [pid:4154523 tid: 0x7ff56a04a200] Host active wait for Signal = (0x7ff5609fe580) for -1 ns
:4:rocmemory.cpp            :1018: 4393497556901 us: [pid:4154523 tid: 0x7ff56a04a200] Locking to pool 0x4017aed0, size 0xe21000, HostPtr = 0x7ff4097df000, DevPtr = 0x7ff4097df000
:4:rocblit.cpp              :623 : 4393497556913 us: [pid:4154523 tid: 0x7ff56a04a200] HSA Copy Using Pinned resource size 14811136
:4:rocblit.cpp              :687 : 4393497557221 us: [pid:4154523 tid: 0x7ff56a04a200] HSA Async Copy staged D2H
:4:rocblit.cpp              :503 : 4393497557229 us: [pid:4154523 tid: 0x7ff56a04a200] Last copy mask 0x2
:4:rocblit.cpp              :520 : 4393497557234 us: [pid:4154523 tid: 0x7ff56a04a200] HSA Async Copy on copy_engine=0x2, dst=0x7ff4097df010, src=0x7ff3e8e00000, size=14811136, forceSDMA=0, wait_event=0x0, completion_signal=0x7ff5609fdf00
:4:rocvirtual.cpp           :622 : 4393497557242 us: [pid:4154523 tid: 0x7ff56a04a200] Host wait on completion_signal=0x7ff5609fdf00
:3:rocvirtual.hpp           :56  : 4393497557251 us: [pid:4154523 tid: 0x7ff56a04a200] Host active wait for Signal = (0x7ff5609fdf00) for -1 ns
:4:commandqueue.cpp         :161 : 4393497557784 us: [pid:4154523 tid: 0x7ff56a04a200] Marker queued to ensure finish
:4:command.cpp              :359 : 4393497557807 us: [pid:4154523 tid: 0x7ff56a04a200] Command (InternalMarker) enqueued: 0x40310790
:3:rocvirtual.cpp           :533 : 4393497557834 us: [pid:4154523 tid: 0x7ff56a04a200] Set Handler: handle(0x7ff5609fc600), timestamp(0x40972540)
:4:rocvirtual.cpp           :1147: 4393497557846 us: [pid:4154523 tid: 0x7ff56a04a200] SWq=0x7ff56a034000, HWq=0x7ff54da00000, id=1, BarrierAND Header = 0x1503 (type=3, barrier=1, acquire=2, release=2), dep_signal=[0x0, 0x0, 0x0, 0x0, 0x0], completion_signal=0x7ff5609fc600
:4:commandqueue.cpp         :184 : 4393497557861 us: [pid:4154523 tid: 0x7ff56a04a200] All commands finished
:3:hip_memory.cpp           :796 : 4393497557869 us: [pid:4154523 tid: 0x7ff56a04a200] hipMemcpy: Returned hipSuccess : : duration: 190660 us
:3:rocvirtual.cpp           :226 : 4393497557877 us: [pid:4154523 tid: 0x7ff42fbff6c0] Handler: value(0), timestamp(0x40a17310), handle(0x7ff5609fc600)
:3:hip_memory.cpp           :3476: 4393497557883 us: [pid:4154523 tid: 0x7ff56a04a200] [32m hipMemset ( 0x7ff3e4e00000, 0, 81920000 ) [0m
:4:command.cpp              :169 : 4393497557908 us: [pid:4154523 tid: 0x7ff42fbff6c0] Command 0x4035b750 complete
:4:command.cpp              :359 : 4393497557928 us: [pid:4154523 tid: 0x7ff56a04a200] Command (FillBuffer) enqueued: 0x40aa9a40
:4:command.cpp              :163 : 4393497557953 us: [pid:4154523 tid: 0x7ff42fbff6c0] Command 0x40310790 complete (Wall: 4393497557947, CPU: 0, GPU: 127 us)
:3:rocvirtual.cpp           :762 : 4393497557956 us: [pid:4154523 tid: 0x7ff56a04a200] Arg0: void* buf = ptr:0x7ff3e4e00000
:3:rocvirtual.cpp           :778 : 4393497557971 us: [pid:4154523 tid: 0x7ff56a04a200] Arg0: void* buf = ptr:0x7ff3e4e00000 obj:[0x7ff3e4e00000-0x7ff3e9c20000]
:3:rocvirtual.cpp           :762 : 4393497557978 us: [pid:4154523 tid: 0x7ff56a04a200] Arg1: uchar* pattern = ptr:0x7ff54d800000
:3:rocvirtual.cpp           :853 : 4393497558543 us: [pid:4154523 tid: 0x7ff56a04a200] Arg2: uint pattern_size = val:1
:3:rocvirtual.cpp           :853 : 4393497558550 us: [pid:4154523 tid: 0x7ff56a04a200] Arg3: uint alignment = val:16
:3:rocvirtual.cpp           :853 : 4393497558562 us: [pid:4154523 tid: 0x7ff56a04a200] Arg4: ulong end_ptr = val:140685575585792
:3:rocvirtual.cpp           :853 : 4393497558573 us: [pid:4154523 tid: 0x7ff56a04a200] Arg5: uint next_chunk = val:26624
:3:rocvirtual.cpp           :3236: 4393497558579 us: [pid:4154523 tid: 0x7ff56a04a200] ShaderName : __amd_rocclr_fillBufferAligned
:3:rocvirtual.cpp           :3449: 4393497558600 us: [pid:4154523 tid: 0x7ff56a04a200] KernargSegmentByteSize = 296 KernargSegmentAlignment = 128
:4:rocvirtual.cpp           :965 : 4393497558617 us: [pid:4154523 tid: 0x7ff56a04a200] SWq=0x7ff56a034000, HWq=0x7ff54da00000, id=1, Dispatch Header = 0x1502 (type=2, barrier=1, acquire=2, release=2), setup=1, grid=[26624, 1, 1], workgroup=[256, 1, 1], private_seg_size=0, group_seg_size=0, kernel_obj=0x7ff56a025d40, kernarg_address=0x7ff54d800100, completion_signal=0x0, correlation_id=0, rptr=105, wptr=105
:3:hip_memory.cpp           :3477: 4393497558635 us: [pid:4154523 tid: 0x7ff56a04a200] hipMemset: Returned hipSuccess : 
:3:hip_device_runtime.cpp   :641 : 4393497558646 us: [pid:4154523 tid: 0x7ff56a04a200] [32m hipDeviceSynchronize (  ) [0m
:4:commandqueue.cpp         :161 : 4393497558654 us: [pid:4154523 tid: 0x7ff56a04a200] Marker queued to ensure finish
:4:command.cpp              :359 : 4393497558660 us: [pid:4154523 tid: 0x7ff56a04a200] Command (InternalMarker) enqueued: 0x40a93a20
:3:rocvirtual.cpp           :533 : 4393497558678 us: [pid:4154523 tid: 0x7ff56a04a200] Set Handler: handle(0x7ff5609fc580), timestamp(0x409d2b50)
:4:rocvirtual.cpp           :1147: 4393497558687 us: [pid:4154523 tid: 0x7ff56a04a200] SWq=0x7ff56a034000, HWq=0x7ff54da00000, id=1, BarrierAND Header = 0x1503 (type=3, barrier=1, acquire=2, release=2), dep_signal=[0x0, 0x0, 0x0, 0x0, 0x0], completion_signal=0x7ff5609fc580
:3:rocvirtual.hpp           :56  : 4393497558697 us: [pid:4154523 tid: 0x7ff56a04a200] Host active wait for Signal = (0x7ff5609fc580) for -1 ns
:4:commandqueue.cpp         :184 : 4393497559104 us: [pid:4154523 tid: 0x7ff56a04a200] All commands finished
:3:rocvirtual.cpp           :226 : 4393497558730 us: [pid:4154523 tid: 0x7ff42fbff6c0] Handler: value(0), timestamp(0x4030f140), handle(0x7ff5609fc580)
:3:hip_device_runtime.cpp   :645 : 4393497559112 us: [pid:4154523 tid: 0x7ff56a04a200] hipDeviceSynchronize: Returned hipSuccess : 
:4:command.cpp              :169 : 4393497559132 us: [pid:4154523 tid: 0x7ff42fbff6c0] Command 0x40aa9a40 complete
:3:hip_platform.cpp         :237 : 4393497559143 us: [pid:4154523 tid: 0x7ff56a04a200] [32m __hipPushCallConfiguration ( {8,1,1}, {512,1,1}, 0, stream:<null> ) [0m
:3:hip_platform.cpp         :241 : 4393497559153 us: [pid:4154523 tid: 0x7ff56a04a200] __hipPushCallConfiguration: Returned hipSuccess : 
:3:hip_platform.cpp         :246 : 4393497559165 us: [pid:4154523 tid: 0x7ff56a04a200] [32m __hipPopCallConfiguration ( {1951258706,32757,512}, {2118224,0,278018480}, 0x7ffc10923700, 0x7ffc109236f8 ) [0m
:3:hip_platform.cpp         :255 : 4393497559173 us: [pid:4154523 tid: 0x7ff56a04a200] __hipPopCallConfiguration: Returned hipSuccess : 
:4:command.cpp              :163 : 4393497559168 us: [pid:4154523 tid: 0x7ff42fbff6c0] Command 0x40a93a20 complete (Wall: 4393497559166, CPU: 0, GPU: 493 us)
:3:hip_module.cpp           :744 : 4393497559187 us: [pid:4154523 tid: 0x7ff56a04a200] [32m hipLaunchKernel ( 0x200fe0, {8,1,1}, {512,1,1}, 0x7ffc109236b0, 0, stream:<null> ) [0m
:4:command.cpp              :359 : 4393497559213 us: [pid:4154523 tid: 0x7ff56a04a200] Command (KernelExecution) enqueued: 0x4035b750
:3:rocvirtual.cpp           :762 : 4393497559222 us: [pid:4154523 tid: 0x7ff56a04a200] Arg0:   = ptr:0x7ff3ea000000
:3:rocvirtual.cpp           :778 : 4393497559227 us: [pid:4154523 tid: 0x7ff56a04a200] Arg0:   = ptr:0x7ff3ea000000 obj:[0x7ff3ea000000-0x7ff3eee20000]
:3:rocvirtual.cpp           :762 : 4393497559235 us: [pid:4154523 tid: 0x7ff56a04a200] Arg1:   = ptr:0x7ff54cc27000
:3:rocvirtual.cpp           :778 : 4393497559239 us: [pid:4154523 tid: 0x7ff56a04a200] Arg1:   = ptr:0x7ff54cc27000 obj:[0x7ff54cc27000-0x7ff54cc37000]
:3:rocvirtual.cpp           :762 : 4393497559247 us: [pid:4154523 tid: 0x7ff56a04a200] Arg2:   = ptr:0x7ff3e4e00000
:3:rocvirtual.cpp           :778 : 4393497559251 us: [pid:4154523 tid: 0x7ff56a04a200] Arg2:   = ptr:0x7ff3e4e00000 obj:[0x7ff3e4e00000-0x7ff3e9c20000]
:3:rocvirtual.cpp           :853 : 4393497559890 us: [pid:4154523 tid: 0x7ff56a04a200] Arg3:   = val:2048
:3:rocvirtual.cpp           :762 : 4393497559900 us: [pid:4154523 tid: 0x7ff56a04a200] Arg4:   = ptr:0x7ff54cc00000
:3:rocvirtual.cpp           :778 : 4393497559906 us: [pid:4154523 tid: 0x7ff56a04a200] Arg4:   = ptr:0x7ff54cc00000 obj:[0x7ff54cc00000-0x7ff54cc00024]
:3:rocvirtual.cpp           :3236: 4393497559916 us: [pid:4154523 tid: 0x7ff56a04a200] ShaderName : void dense_esuhm2<float>(float const*, float const*, float*, int, int const*)
:3:rocvirtual.cpp           :3449: 4393497559934 us: [pid:4154523 tid: 0x7ff56a04a200] KernargSegmentByteSize = 296 KernargSegmentAlignment = 128
:4:rocvirtual.cpp           :965 : 4393497559944 us: [pid:4154523 tid: 0x7ff56a04a200] SWq=0x7ff56a034000, HWq=0x7ff54da00000, id=1, Dispatch Header = 0xb02 (type=2, barrier=1, acquire=1, release=1), setup=3, grid=[4096, 1, 1], workgroup=[512, 1, 1], private_seg_size=140, group_seg_size=0, kernel_obj=0x7ff560a919c0, kernarg_address=0x7ff54d800280, completion_signal=0x0, correlation_id=0, rptr=107, wptr=107
:3:hip_module.cpp           :745 : 4393497559959 us: [pid:4154523 tid: 0x7ff56a04a200] hipLaunchKernel: Returned hipSuccess : : duration: 772 us
:3:hip_device_runtime.cpp   :641 : 4393497559968 us: [pid:4154523 tid: 0x7ff56a04a200] [32m hipDeviceSynchronize (  ) [0m
:4:commandqueue.cpp         :161 : 4393497559973 us: [pid:4154523 tid: 0x7ff56a04a200] Marker queued to ensure finish
:4:command.cpp              :359 : 4393497559978 us: [pid:4154523 tid: 0x7ff56a04a200] Command (InternalMarker) enqueued: 0x40a93a20
:3:rocvirtual.cpp           :533 : 4393497560009 us: [pid:4154523 tid: 0x7ff56a04a200] Set Handler: handle(0x7ff5609fc680), timestamp(0x40937e60)
:4:rocvirtual.cpp           :1147: 4393497560019 us: [pid:4154523 tid: 0x7ff56a04a200] SWq=0x7ff56a034000, HWq=0x7ff54da00000, id=1, BarrierAND Header = 0x1503 (type=3, barrier=1, acquire=2, release=2), dep_signal=[0x0, 0x0, 0x0, 0x0, 0x0], completion_signal=0x7ff5609fc680
:3:rocvirtual.hpp           :56  : 4393497560030 us: [pid:4154523 tid: 0x7ff56a04a200] Host active wait for Signal = (0x7ff5609fc680) for -1 ns
:4:commandqueue.cpp         :184 : 4393497560051 us: [pid:4154523 tid: 0x7ff56a04a200] All commands finished
:3:rocvirtual.cpp           :226 : 4393497560056 us: [pid:4154523 tid: 0x7ff42fbff6c0] Handler: value(0), timestamp(0x4030f380), handle(0x7ff5609fc680)
:3:hip_device_runtime.cpp   :645 : 4393497560474 us: [pid:4154523 tid: 0x7ff56a04a200] hipDeviceSynchronize: Returned hipSuccess : 
:4:command.cpp              :169 : 4393497560483 us: [pid:4154523 tid: 0x7ff42fbff6c0] Command 0x4035b750 complete
:3:hip_memory.cpp           :795 : 4393497560502 us: [pid:4154523 tid: 0x7ff56a04a200] [32m hipMemcpy ( 0x7ff4009be010, 0x7ff3e4e00000, 81920000, hipMemcpyDeviceToHost ) [0m
:4:command.cpp              :163 : 4393497560504 us: [pid:4154523 tid: 0x7ff42fbff6c0] Command 0x40a93a20 complete (Wall: 4393497560502, CPU: 0, GPU: 514 us)
:4:command.cpp              :359 : 4393497560521 us: [pid:4154523 tid: 0x7ff56a04a200] Command (CopyDeviceToHost) enqueued: 0x4035b750
:4:rocblit.cpp              :1673: 4393497560539 us: [pid:4154523 tid: 0x7ff56a04a200] Unpinned read path, Async = 0
:4:rocmemory.cpp            :1018: 4393497560553 us: [pid:4154523 tid: 0x7ff56a04a200] Locking to pool 0x4017aed0, size 0x2001000, HostPtr = 0x7ff4009be000, DevPtr = 0x7ff4009be000
:4:rocblit.cpp              :623 : 4393497560565 us: [pid:4154523 tid: 0x7ff56a04a200] HSA Copy Using Pinned resource size 33554432
:4:rocblit.cpp              :687 : 4393497560574 us: [pid:4154523 tid: 0x7ff56a04a200] HSA Async Copy staged D2H
:4:rocblit.cpp              :503 : 4393497560580 us: [pid:4154523 tid: 0x7ff56a04a200] Last copy mask 0x0
:4:rocblit.cpp              :509 : 4393497560587 us: [pid:4154523 tid: 0x7ff56a04a200] Query copy engine status 0, free_engine mask 0x1e
:4:rocblit.cpp              :520 : 4393497560595 us: [pid:4154523 tid: 0x7ff56a04a200] HSA Async Copy on copy_engine=0x2, dst=0x7ff4009be010, src=0x7ff3e4e00000, size=33554432, forceSDMA=0, wait_event=0x0, completion_signal=0x7ff5609fe380
:4:rocvirtual.cpp           :622 : 4393497560957 us: [pid:4154523 tid: 0x7ff56a04a200] Host wait on completion_signal=0x7ff5609fe380
:3:rocvirtual.hpp           :56  : 4393497560968 us: [pid:4154523 tid: 0x7ff56a04a200] Host active wait for Signal = (0x7ff5609fe380) for -1 ns
:4:rocmemory.cpp            :1018: 4393498542966 us: [pid:4154523 tid: 0x7ff56a04a200] Locking to pool 0x4017aed0, size 0x2001000, HostPtr = 0x7ff4029be000, DevPtr = 0x7ff4029be000
:4:rocblit.cpp              :623 : 4393498542993 us: [pid:4154523 tid: 0x7ff56a04a200] HSA Copy Using Pinned resource size 33554432
:4:rocblit.cpp              :687 : 4393498543001 us: [pid:4154523 tid: 0x7ff56a04a200] HSA Async Copy staged D2H
:4:rocblit.cpp              :503 : 4393498543009 us: [pid:4154523 tid: 0x7ff56a04a200] Last copy mask 0x2
:4:rocblit.cpp              :520 : 4393498543014 us: [pid:4154523 tid: 0x7ff56a04a200] HSA Async Copy on copy_engine=0x2, dst=0x7ff4029be010, src=0x7ff3e6e00000, size=33554432, forceSDMA=0, wait_event=0x0, completion_signal=0x7ff5609fe000
:4:rocvirtual.cpp           :622 : 4393498543027 us: [pid:4154523 tid: 0x7ff56a04a200] Host wait on completion_signal=0x7ff5609fe000
:3:rocvirtual.hpp           :56  : 4393498543035 us: [pid:4154523 tid: 0x7ff56a04a200] Host active wait for Signal = (0x7ff5609fe000) for -1 ns
:4:rocmemory.cpp            :1018: 4393498544237 us: [pid:4154523 tid: 0x7ff56a04a200] Locking to pool 0x4017aed0, size 0xe21000, HostPtr = 0x7ff4049be000, DevPtr = 0x7ff4049be000
:4:rocblit.cpp              :623 : 4393498544256 us: [pid:4154523 tid: 0x7ff56a04a200] HSA Copy Using Pinned resource size 14811136
:4:rocblit.cpp              :687 : 4393498544263 us: [pid:4154523 tid: 0x7ff56a04a200] HSA Async Copy staged D2H
:4:rocblit.cpp              :503 : 4393498544269 us: [pid:4154523 tid: 0x7ff56a04a200] Last copy mask 0x2
:4:rocblit.cpp              :520 : 4393498544273 us: [pid:4154523 tid: 0x7ff56a04a200] HSA Async Copy on copy_engine=0x2, dst=0x7ff4049be010, src=0x7ff3e8e00000, size=14811136, forceSDMA=0, wait_event=0x0, completion_signal=0x7ff5609fe080
:4:rocvirtual.cpp           :622 : 4393498544283 us: [pid:4154523 tid: 0x7ff56a04a200] Host wait on completion_signal=0x7ff5609fe080
:3:rocvirtual.hpp           :56  : 4393498544293 us: [pid:4154523 tid: 0x7ff56a04a200] Host active wait for Signal = (0x7ff5609fe080) for -1 ns
:4:commandqueue.cpp         :161 : 4393498544821 us: [pid:4154523 tid: 0x7ff56a04a200] Marker queued to ensure finish
:4:command.cpp              :359 : 4393498544901 us: [pid:4154523 tid: 0x7ff56a04a200] Command (InternalMarker) enqueued: 0x40a93a20
:3:rocvirtual.cpp           :533 : 4393498544921 us: [pid:4154523 tid: 0x7ff56a04a200] Set Handler: handle(0x7ff5609fc400), timestamp(0x409d2a90)
:4:rocvirtual.cpp           :1147: 4393498544931 us: [pid:4154523 tid: 0x7ff56a04a200] SWq=0x7ff56a034000, HWq=0x7ff54da00000, id=1, BarrierAND Header = 0x1503 (type=3, barrier=1, acquire=2, release=2), dep_signal=[0x0, 0x0, 0x0, 0x0, 0x0], completion_signal=0x7ff5609fc400
:4:commandqueue.cpp         :184 : 4393498544942 us: [pid:4154523 tid: 0x7ff56a04a200] All commands finished
:3:hip_memory.cpp           :796 : 4393498544948 us: [pid:4154523 tid: 0x7ff56a04a200] hipMemcpy: Returned hipSuccess : : duration: 984446 us
:3:rocvirtual.cpp           :226 : 4393498544948 us: [pid:4154523 tid: 0x7ff42fbff6c0] Handler: value(0), timestamp(0x4030f380), handle(0x7ff5609fc400)
:3:hip_memory.cpp           :3476: 4393498544962 us: [pid:4154523 tid: 0x7ff56a04a200] [32m hipMemset ( 0x7ff3e4e00000, 0, 81920000 ) [0m
:4:command.cpp              :169 : 4393498544977 us: [pid:4154523 tid: 0x7ff42fbff6c0] Command 0x4035b750 complete
:4:command.cpp              :359 : 4393498544992 us: [pid:4154523 tid: 0x7ff56a04a200] Command (FillBuffer) enqueued: 0x40aa9a40
:4:command.cpp              :163 : 4393498545004 us: [pid:4154523 tid: 0x7ff42fbff6c0] Command 0x40a93a20 complete (Wall: 4393498545002, CPU: 0, GPU: 92 us)
:3:rocvirtual.cpp           :762 : 4393498545023 us: [pid:4154523 tid: 0x7ff56a04a200] Arg0: void* buf = ptr:0x7ff3e4e00000
:3:rocvirtual.cpp           :778 : 4393498545505 us: [pid:4154523 tid: 0x7ff56a04a200] Arg0: void* buf = ptr:0x7ff3e4e00000 obj:[0x7ff3e4e00000-0x7ff3e9c20000]
:3:rocvirtual.cpp           :762 : 4393498545513 us: [pid:4154523 tid: 0x7ff56a04a200] Arg1: uchar* pattern = ptr:0x7ff54d800000
:3:rocvirtual.cpp           :853 : 4393498545521 us: [pid:4154523 tid: 0x7ff56a04a200] Arg2: uint pattern_size = val:1
:3:rocvirtual.cpp           :853 : 4393498545526 us: [pid:4154523 tid: 0x7ff56a04a200] Arg3: uint alignment = val:16
:3:rocvirtual.cpp           :853 : 4393498545531 us: [pid:4154523 tid: 0x7ff56a04a200] Arg4: ulong end_ptr = val:140685575585792
:3:rocvirtual.cpp           :853 : 4393498545538 us: [pid:4154523 tid: 0x7ff56a04a200] Arg5: uint next_chunk = val:26624
:3:rocvirtual.cpp           :3236: 4393498545543 us: [pid:4154523 tid: 0x7ff56a04a200] ShaderName : __amd_rocclr_fillBufferAligned
:3:rocvirtual.cpp           :3449: 4393498545551 us: [pid:4154523 tid: 0x7ff56a04a200] KernargSegmentByteSize = 296 KernargSegmentAlignment = 128
:4:rocvirtual.cpp           :965 : 4393498545561 us: [pid:4154523 tid: 0x7ff56a04a200] SWq=0x7ff56a034000, HWq=0x7ff54da00000, id=1, Dispatch Header = 0x1502 (type=2, barrier=1, acquire=2, release=2), setup=1, grid=[26624, 1, 1], workgroup=[256, 1, 1], private_seg_size=0, group_seg_size=0, kernel_obj=0x7ff56a025d40, kernarg_address=0x7ff54d800100, completion_signal=0x0, correlation_id=0, rptr=110, wptr=110
:3:hip_memory.cpp           :3477: 4393498545575 us: [pid:4154523 tid: 0x7ff56a04a200] hipMemset: Returned hipSuccess : 
:3:hip_device_runtime.cpp   :641 : 4393498545581 us: [pid:4154523 tid: 0x7ff56a04a200] [32m hipDeviceSynchronize (  ) [0m
:4:commandqueue.cpp         :161 : 4393498545587 us: [pid:4154523 tid: 0x7ff56a04a200] Marker queued to ensure finish
:4:command.cpp              :359 : 4393498545591 us: [pid:4154523 tid: 0x7ff56a04a200] Command (InternalMarker) enqueued: 0x40310790
:3:rocvirtual.cpp           :533 : 4393498545605 us: [pid:4154523 tid: 0x7ff56a04a200] Set Handler: handle(0x7ff5609fc380), timestamp(0x40a17290)
:4:rocvirtual.cpp           :1147: 4393498545621 us: [pid:4154523 tid: 0x7ff56a04a200] SWq=0x7ff56a034000, HWq=0x7ff54da00000, id=1, BarrierAND Header = 0x1503 (type=3, barrier=1, acquire=2, release=2), dep_signal=[0x0, 0x0, 0x0, 0x0, 0x0], completion_signal=0x7ff5609fc380
:3:rocvirtual.hpp           :56  : 4393498545632 us: [pid:4154523 tid: 0x7ff56a04a200] Host active wait for Signal = (0x7ff5609fc380) for -1 ns
:4:commandqueue.cpp         :184 : 4393498546549 us: [pid:4154523 tid: 0x7ff56a04a200] All commands finished
:3:rocvirtual.cpp           :226 : 4393498545660 us: [pid:4154523 tid: 0x7ff42fbff6c0] Handler: value(0), timestamp(0x409d2d50), handle(0x7ff5609fc380)
:4:command.cpp              :169 : 4393498546568 us: [pid:4154523 tid: 0x7ff42fbff6c0] Command 0x40aa9a40 complete
:3:hip_device_runtime.cpp   :645 : 4393498546557 us: [pid:4154523 tid: 0x7ff56a04a200] hipDeviceSynchronize: Returned hipSuccess : 
:3:hip_platform.cpp         :237 : 4393498546590 us: [pid:4154523 tid: 0x7ff56a04a200] [32m __hipPushCallConfiguration ( {8,1,1}, {512,1,1}, 0, stream:<null> ) [0m
:4:command.cpp              :163 : 4393498546575 us: [pid:4154523 tid: 0x7ff42fbff6c0] Command 0x40310790 complete (Wall: 4393498546574, CPU: 0, GPU: 974 us)
:3:hip_platform.cpp         :241 : 4393498546609 us: [pid:4154523 tid: 0x7ff56a04a200] __hipPushCallConfiguration: Returned hipSuccess : 
:3:hip_platform.cpp         :246 : 4393498546633 us: [pid:4154523 tid: 0x7ff56a04a200] [32m __hipPopCallConfiguration ( {1951258706,32757,512}, {2118224,0,278018480}, 0x7ffc10923700, 0x7ffc109236f8 ) [0m
:3:hip_platform.cpp         :255 : 4393498546644 us: [pid:4154523 tid: 0x7ff56a04a200] __hipPopCallConfiguration: Returned hipSuccess : 
:3:hip_module.cpp           :744 : 4393498546665 us: [pid:4154523 tid: 0x7ff56a04a200] [32m hipLaunchKernel ( 0x200fe8, {8,1,1}, {512,1,1}, 0x7ffc109236b0, 0, stream:<null> ) [0m
:4:command.cpp              :359 : 4393498546693 us: [pid:4154523 tid: 0x7ff56a04a200] Command (KernelExecution) enqueued: 0x4035b750
:3:rocvirtual.cpp           :762 : 4393498546702 us: [pid:4154523 tid: 0x7ff56a04a200] Arg0:   = ptr:0x7ff3ea000000
:3:rocvirtual.cpp           :778 : 4393498546707 us: [pid:4154523 tid: 0x7ff56a04a200] Arg0:   = ptr:0x7ff3ea000000 obj:[0x7ff3ea000000-0x7ff3eee20000]
:3:rocvirtual.cpp           :762 : 4393498547087 us: [pid:4154523 tid: 0x7ff56a04a200] Arg1:   = ptr:0x7ff54cc27000
:3:rocvirtual.cpp           :778 : 4393498547092 us: [pid:4154523 tid: 0x7ff56a04a200] Arg1:   = ptr:0x7ff54cc27000 obj:[0x7ff54cc27000-0x7ff54cc37000]
:3:rocvirtual.cpp           :762 : 4393498547100 us: [pid:4154523 tid: 0x7ff56a04a200] Arg2:   = ptr:0x7ff3e4e00000
:3:rocvirtual.cpp           :778 : 4393498547104 us: [pid:4154523 tid: 0x7ff56a04a200] Arg2:   = ptr:0x7ff3e4e00000 obj:[0x7ff3e4e00000-0x7ff3e9c20000]
:3:rocvirtual.cpp           :853 : 4393498547112 us: [pid:4154523 tid: 0x7ff56a04a200] Arg3:   = val:2048
:3:rocvirtual.cpp           :762 : 4393498547116 us: [pid:4154523 tid: 0x7ff56a04a200] Arg4:   = ptr:0x7ff54cc00000
:3:rocvirtual.cpp           :778 : 4393498547121 us: [pid:4154523 tid: 0x7ff56a04a200] Arg4:   = ptr:0x7ff54cc00000 obj:[0x7ff54cc00000-0x7ff54cc00024]
:3:rocvirtual.cpp           :3236: 4393498547129 us: [pid:4154523 tid: 0x7ff56a04a200] ShaderName : void dense_esuhm3<float>(float const*, float const*, float*, int, int const*)
:3:rocvirtual.cpp           :3449: 4393498547138 us: [pid:4154523 tid: 0x7ff56a04a200] KernargSegmentByteSize = 296 KernargSegmentAlignment = 128
:4:rocvirtual.cpp           :965 : 4393498547151 us: [pid:4154523 tid: 0x7ff56a04a200] SWq=0x7ff56a034000, HWq=0x7ff54da00000, id=1, Dispatch Header = 0xb02 (type=2, barrier=1, acquire=1, release=1), setup=3, grid=[4096, 1, 1], workgroup=[512, 1, 1], private_seg_size=140, group_seg_size=0, kernel_obj=0x7ff560a91a00, kernarg_address=0x7ff54d800280, completion_signal=0x0, correlation_id=0, rptr=112, wptr=112
:3:hip_module.cpp           :745 : 4393498547169 us: [pid:4154523 tid: 0x7ff56a04a200] hipLaunchKernel: Returned hipSuccess : : duration: 504 us
:3:hip_device_runtime.cpp   :641 : 4393498547177 us: [pid:4154523 tid: 0x7ff56a04a200] [32m hipDeviceSynchronize (  ) [0m
:4:commandqueue.cpp         :161 : 4393498547182 us: [pid:4154523 tid: 0x7ff56a04a200] Marker queued to ensure finish
:4:command.cpp              :359 : 4393498547186 us: [pid:4154523 tid: 0x7ff56a04a200] Command (InternalMarker) enqueued: 0x40310790
:3:rocvirtual.cpp           :533 : 4393498547206 us: [pid:4154523 tid: 0x7ff56a04a200] Set Handler: handle(0x7ff5609fc300), timestamp(0x40a17250)
:4:rocvirtual.cpp           :1147: 4393498547216 us: [pid:4154523 tid: 0x7ff56a04a200] SWq=0x7ff56a034000, HWq=0x7ff54da00000, id=1, BarrierAND Header = 0x1503 (type=3, barrier=1, acquire=2, release=2), dep_signal=[0x0, 0x0, 0x0, 0x0, 0x0], completion_signal=0x7ff5609fc300
:4:commandqueue.cpp         :184 : 4393498547690 us: [pid:4154523 tid: 0x7ff56a04a200] All commands finished
:3:hip_device_runtime.cpp   :645 : 4393498547696 us: [pid:4154523 tid: 0x7ff56a04a200] hipDeviceSynchronize: Returned hipSuccess : 
:3:rocvirtual.cpp           :226 : 4393498547364 us: [pid:4154523 tid: 0x7ff42fbff6c0] Handler: value(0), timestamp(0x40a17090), handle(0x7ff5609fc300)
:3:hip_memory.cpp           :795 : 4393498547711 us: [pid:4154523 tid: 0x7ff56a04a200] [32m hipMemcpy ( 0x7ff3fbb9d010, 0x7ff3e4e00000, 81920000, hipMemcpyDeviceToHost ) [0m
:4:command.cpp              :169 : 4393498547724 us: [pid:4154523 tid: 0x7ff42fbff6c0] Command 0x4035b750 complete
:4:command.cpp              :359 : 4393498547738 us: [pid:4154523 tid: 0x7ff56a04a200] Command (CopyDeviceToHost) enqueued: 0x40aa9a40
:4:rocblit.cpp              :1673: 4393498547748 us: [pid:4154523 tid: 0x7ff56a04a200] Unpinned read path, Async = 0
:4:command.cpp              :163 : 4393498547743 us: [pid:4154523 tid: 0x7ff42fbff6c0] Command 0x40310790 complete (Wall: 4393498547741, CPU: 0, GPU: 545 us)
:4:rocmemory.cpp            :1018: 4393498547762 us: [pid:4154523 tid: 0x7ff56a04a200] Locking to pool 0x4017aed0, size 0x2001000, HostPtr = 0x7ff3fbb9d000, DevPtr = 0x7ff3fbb9d000
:4:rocblit.cpp              :623 : 4393498547781 us: [pid:4154523 tid: 0x7ff56a04a200] HSA Copy Using Pinned resource size 33554432
:4:rocblit.cpp              :687 : 4393498547789 us: [pid:4154523 tid: 0x7ff56a04a200] HSA Async Copy staged D2H
:4:rocblit.cpp              :503 : 4393498547794 us: [pid:4154523 tid: 0x7ff56a04a200] Last copy mask 0x0
:4:rocblit.cpp              :509 : 4393498547801 us: [pid:4154523 tid: 0x7ff56a04a200] Query copy engine status 0, free_engine mask 0x1e
:4:rocblit.cpp              :520 : 4393498548204 us: [pid:4154523 tid: 0x7ff56a04a200] HSA Async Copy on copy_engine=0x2, dst=0x7ff3fbb9d010, src=0x7ff3e4e00000, size=33554432, forceSDMA=0, wait_event=0x0, completion_signal=0x7ff5609fe180
:4:rocvirtual.cpp           :622 : 4393498548216 us: [pid:4154523 tid: 0x7ff56a04a200] Host wait on completion_signal=0x7ff5609fe180
:3:rocvirtual.hpp           :56  : 4393498548224 us: [pid:4154523 tid: 0x7ff56a04a200] Host active wait for Signal = (0x7ff5609fe180) for -1 ns
:4:rocmemory.cpp            :1018: 4393498549432 us: [pid:4154523 tid: 0x7ff56a04a200] Locking to pool 0x4017aed0, size 0x2001000, HostPtr = 0x7ff3fdb9d000, DevPtr = 0x7ff3fdb9d000
:4:rocblit.cpp              :623 : 4393498549448 us: [pid:4154523 tid: 0x7ff56a04a200] HSA Copy Using Pinned resource size 33554432
:4:rocblit.cpp              :687 : 4393498549455 us: [pid:4154523 tid: 0x7ff56a04a200] HSA Async Copy staged D2H
:4:rocblit.cpp              :503 : 4393498549461 us: [pid:4154523 tid: 0x7ff56a04a200] Last copy mask 0x2
:4:rocblit.cpp              :520 : 4393498549466 us: [pid:4154523 tid: 0x7ff56a04a200] HSA Async Copy on copy_engine=0x2, dst=0x7ff3fdb9d010, src=0x7ff3e6e00000, size=33554432, forceSDMA=0, wait_event=0x0, completion_signal=0x7ff5609fdf80
:4:rocvirtual.cpp           :622 : 4393498549476 us: [pid:4154523 tid: 0x7ff56a04a200] Host wait on completion_signal=0x7ff5609fdf80
:3:rocvirtual.hpp           :56  : 4393498549483 us: [pid:4154523 tid: 0x7ff56a04a200] Host active wait for Signal = (0x7ff5609fdf80) for -1 ns
:4:rocmemory.cpp            :1018: 4393498550686 us: [pid:4154523 tid: 0x7ff56a04a200] Locking to pool 0x4017aed0, size 0xe21000, HostPtr = 0x7ff3ffb9d000, DevPtr = 0x7ff3ffb9d000
:4:rocblit.cpp              :623 : 4393498550707 us: [pid:4154523 tid: 0x7ff56a04a200] HSA Copy Using Pinned resource size 14811136
:4:rocblit.cpp              :687 : 4393498550718 us: [pid:4154523 tid: 0x7ff56a04a200] HSA Async Copy staged D2H
:4:rocblit.cpp              :503 : 4393498550727 us: [pid:4154523 tid: 0x7ff56a04a200] Last copy mask 0x2
:4:rocblit.cpp              :520 : 4393498550734 us: [pid:4154523 tid: 0x7ff56a04a200] HSA Async Copy on copy_engine=0x2, dst=0x7ff3ffb9d010, src=0x7ff3e8e00000, size=14811136, forceSDMA=0, wait_event=0x0, completion_signal=0x7ff5609fe100
:4:rocvirtual.cpp           :622 : 4393498550753 us: [pid:4154523 tid: 0x7ff56a04a200] Host wait on completion_signal=0x7ff5609fe100
:3:rocvirtual.hpp           :56  : 4393498550764 us: [pid:4154523 tid: 0x7ff56a04a200] Host active wait for Signal = (0x7ff5609fe100) for -1 ns
:4:commandqueue.cpp         :161 : 4393498551291 us: [pid:4154523 tid: 0x7ff56a04a200] Marker queued to ensure finish
:4:command.cpp              :359 : 4393498551422 us: [pid:4154523 tid: 0x7ff56a04a200] Command (InternalMarker) enqueued: 0x40a93a20
:3:rocvirtual.cpp           :533 : 4393498551447 us: [pid:4154523 tid: 0x7ff56a04a200] Set Handler: handle(0x7ff5609fc180), timestamp(0x409d2a50)
:4:rocvirtual.cpp           :1147: 4393498551460 us: [pid:4154523 tid: 0x7ff56a04a200] SWq=0x7ff56a034000, HWq=0x7ff54da00000, id=1, BarrierAND Header = 0x1503 (type=3, barrier=1, acquire=2, release=2), dep_signal=[0x0, 0x0, 0x0, 0x0, 0x0], completion_signal=0x7ff5609fc180
:4:commandqueue.cpp         :184 : 4393498551475 us: [pid:4154523 tid: 0x7ff56a04a200] All commands finished
:3:hip_memory.cpp           :796 : 4393498551484 us: [pid:4154523 tid: 0x7ff56a04a200] hipMemcpy: Returned hipSuccess : : duration: 3773 us
:3:rocvirtual.cpp           :226 : 4393498551478 us: [pid:4154523 tid: 0x7ff42fbff6c0] Handler: value(0), timestamp(0x40310280), handle(0x7ff5609fc180)
:4:command.cpp              :169 : 4393498551522 us: [pid:4154523 tid: 0x7ff42fbff6c0] Command 0x40aa9a40 complete
:4:command.cpp              :163 : 4393498551530 us: [pid:4154523 tid: 0x7ff42fbff6c0] Command 0x40a93a20 complete (Wall: 4393498551528, CPU: 0, GPU: 95 us)
:3:hip_memory.cpp           :3476: 4393498776443 us: [pid:4154523 tid: 0x7ff56a04a200] [32m hipMemset ( 0x7ff3e4e00000, 0, 81920000 ) [0m
:4:command.cpp              :359 : 4393498776478 us: [pid:4154523 tid: 0x7ff56a04a200] Command (FillBuffer) enqueued: 0x40aa9a40
:3:rocvirtual.cpp           :762 : 4393498776506 us: [pid:4154523 tid: 0x7ff56a04a200] Arg0: void* buf = ptr:0x7ff3e4e00000
:3:rocvirtual.cpp           :778 : 4393498776514 us: [pid:4154523 tid: 0x7ff56a04a200] Arg0: void* buf = ptr:0x7ff3e4e00000 obj:[0x7ff3e4e00000-0x7ff3e9c20000]
:3:rocvirtual.cpp           :762 : 4393498776524 us: [pid:4154523 tid: 0x7ff56a04a200] Arg1: uchar* pattern = ptr:0x7ff54d800000
:3:rocvirtual.cpp           :853 : 4393498776531 us: [pid:4154523 tid: 0x7ff56a04a200] Arg2: uint pattern_size = val:1
:3:rocvirtual.cpp           :853 : 4393498776536 us: [pid:4154523 tid: 0x7ff56a04a200] Arg3: uint alignment = val:16
:3:rocvirtual.cpp           :853 : 4393498776541 us: [pid:4154523 tid: 0x7ff56a04a200] Arg4: ulong end_ptr = val:140685575585792
:3:rocvirtual.cpp           :853 : 4393498776548 us: [pid:4154523 tid: 0x7ff56a04a200] Arg5: uint next_chunk = val:26624
:3:rocvirtual.cpp           :3236: 4393498776564 us: [pid:4154523 tid: 0x7ff56a04a200] ShaderName : __amd_rocclr_fillBufferAligned
:3:rocvirtual.cpp           :3449: 4393498776576 us: [pid:4154523 tid: 0x7ff56a04a200] KernargSegmentByteSize = 296 KernargSegmentAlignment = 128
:4:rocvirtual.cpp           :965 : 4393498776588 us: [pid:4154523 tid: 0x7ff56a04a200] SWq=0x7ff56a034000, HWq=0x7ff54da00000, id=1, Dispatch Header = 0x1502 (type=2, barrier=1, acquire=2, release=2), setup=1, grid=[26624, 1, 1], workgroup=[256, 1, 1], private_seg_size=0, group_seg_size=0, kernel_obj=0x7ff56a025d40, kernarg_address=0x7ff54d800100, completion_signal=0x0, correlation_id=0, rptr=115, wptr=115
:3:hip_memory.cpp           :3477: 4393498776604 us: [pid:4154523 tid: 0x7ff56a04a200] hipMemset: Returned hipSuccess : 
:3:hip_device_runtime.cpp   :641 : 4393498776610 us: [pid:4154523 tid: 0x7ff56a04a200] [32m hipDeviceSynchronize (  ) [0m
:4:commandqueue.cpp         :161 : 4393498776616 us: [pid:4154523 tid: 0x7ff56a04a200] Marker queued to ensure finish
:4:command.cpp              :359 : 4393498776621 us: [pid:4154523 tid: 0x7ff56a04a200] Command (InternalMarker) enqueued: 0x40a93a20
:3:rocvirtual.cpp           :533 : 4393498776641 us: [pid:4154523 tid: 0x7ff56a04a200] Set Handler: handle(0x7ff5609fc100), timestamp(0x40310530)
:4:rocvirtual.cpp           :1147: 4393498777014 us: [pid:4154523 tid: 0x7ff56a04a200] SWq=0x7ff56a034000, HWq=0x7ff54da00000, id=1, BarrierAND Header = 0x1503 (type=3, barrier=1, acquire=2, release=2), dep_signal=[0x0, 0x0, 0x0, 0x0, 0x0], completion_signal=0x7ff5609fc100
:4:commandqueue.cpp         :184 : 4393498777026 us: [pid:4154523 tid: 0x7ff56a04a200] All commands finished
:3:rocvirtual.cpp           :226 : 4393498777029 us: [pid:4154523 tid: 0x7ff42fbff6c0] Handler: value(0), timestamp(0x409d2e60), handle(0x7ff5609fc100)
:4:command.cpp              :169 : 4393498777048 us: [pid:4154523 tid: 0x7ff42fbff6c0] Command 0x40aa9a40 complete
:4:command.cpp              :163 : 4393498777056 us: [pid:4154523 tid: 0x7ff42fbff6c0] Command 0x40a93a20 complete (Wall: 4393498777054, CPU: 0, GPU: 425 us)
:3:hip_device_runtime.cpp   :645 : 4393498777033 us: [pid:4154523 tid: 0x7ff56a04a200] hipDeviceSynchronize: Returned hipSuccess : 
:3:hip_platform.cpp         :237 : 4393498777080 us: [pid:4154523 tid: 0x7ff56a04a200] [32m __hipPushCallConfiguration ( {8,1,1}, {1024,1,1}, 0, stream:<null> ) [0m
:3:hip_platform.cpp         :241 : 4393498777093 us: [pid:4154523 tid: 0x7ff56a04a200] __hipPushCallConfiguration: Returned hipSuccess : 
:3:hip_platform.cpp         :246 : 4393498777104 us: [pid:4154523 tid: 0x7ff56a04a200] [32m __hipPopCallConfiguration ( {1951258706,32757,1024}, {2118224,0,278018480}, 0x7ffc10923700, 0x7ffc109236f8 ) [0m
:3:hip_platform.cpp         :255 : 4393498777112 us: [pid:4154523 tid: 0x7ff56a04a200] __hipPopCallConfiguration: Returned hipSuccess : 
:3:hip_module.cpp           :744 : 4393498777130 us: [pid:4154523 tid: 0x7ff56a04a200] [32m hipLaunchKernel ( 0x200fd8, {8,1,1}, {1024,1,1}, 0x7ffc109236b0, 0, stream:<null> ) [0m
:4:command.cpp              :359 : 4393498777561 us: [pid:4154523 tid: 0x7ff56a04a200] Command (KernelExecution) enqueued: 0x4035b750
:3:rocvirtual.cpp           :762 : 4393498777571 us: [pid:4154523 tid: 0x7ff56a04a200] Arg0:   = ptr:0x7ff3ea000000
:3:rocvirtual.cpp           :778 : 4393498777576 us: [pid:4154523 tid: 0x7ff56a04a200] Arg0:   = ptr:0x7ff3ea000000 obj:[0x7ff3ea000000-0x7ff3eee20000]
:3:rocvirtual.cpp           :762 : 4393498777586 us: [pid:4154523 tid: 0x7ff56a04a200] Arg1:   = ptr:0x7ff54cc27000
:3:rocvirtual.cpp           :778 : 4393498777592 us: [pid:4154523 tid: 0x7ff56a04a200] Arg1:   = ptr:0x7ff54cc27000 obj:[0x7ff54cc27000-0x7ff54cc37000]
:3:rocvirtual.cpp           :762 : 4393498777601 us: [pid:4154523 tid: 0x7ff56a04a200] Arg2:   = ptr:0x7ff3e4e00000
:3:rocvirtual.cpp           :778 : 4393498777607 us: [pid:4154523 tid: 0x7ff56a04a200] Arg2:   = ptr:0x7ff3e4e00000 obj:[0x7ff3e4e00000-0x7ff3e9c20000]
:3:rocvirtual.cpp           :853 : 4393498777614 us: [pid:4154523 tid: 0x7ff56a04a200] Arg3:   = val:2048
:3:rocvirtual.cpp           :762 : 4393498777619 us: [pid:4154523 tid: 0x7ff56a04a200] Arg4:   = ptr:0x7ff54cc00000
:3:rocvirtual.cpp           :778 : 4393498777624 us: [pid:4154523 tid: 0x7ff56a04a200] Arg4:   = ptr:0x7ff54cc00000 obj:[0x7ff54cc00000-0x7ff54cc00024]
:3:rocvirtual.cpp           :3236: 4393498777631 us: [pid:4154523 tid: 0x7ff56a04a200] ShaderName : void dense_esuhm<float>(float const*, float const*, float*, int, int const*)
:3:rocvirtual.cpp           :3449: 4393498777641 us: [pid:4154523 tid: 0x7ff56a04a200] KernargSegmentByteSize = 296 KernargSegmentAlignment = 128
:4:rocvirtual.cpp           :965 : 4393498777651 us: [pid:4154523 tid: 0x7ff56a04a200] SWq=0x7ff56a034000, HWq=0x7ff54da00000, id=1, Dispatch Header = 0xb02 (type=2, barrier=1, acquire=1, release=1), setup=3, grid=[8192, 1, 1], workgroup=[1024, 1, 1], private_seg_size=140, group_seg_size=0, kernel_obj=0x7ff560a91980, kernarg_address=0x7ff54d800280, completion_signal=0x0, correlation_id=0, rptr=117, wptr=117
:3:hip_module.cpp           :745 : 4393498782764 us: [pid:4154523 tid: 0x7ff56a04a200] hipLaunchKernel: Returned hipSuccess : : duration: 5634 us
:3:hip_device_runtime.cpp   :641 : 4393498782775 us: [pid:4154523 tid: 0x7ff56a04a200] [32m hipDeviceSynchronize (  ) [0m
:4:commandqueue.cpp         :161 : 4393498782781 us: [pid:4154523 tid: 0x7ff56a04a200] Marker queued to ensure finish
:4:command.cpp              :359 : 4393498782785 us: [pid:4154523 tid: 0x7ff56a04a200] Command (InternalMarker) enqueued: 0x40a93a20
:3:rocvirtual.cpp           :533 : 4393498782799 us: [pid:4154523 tid: 0x7ff56a04a200] Set Handler: handle(0x7ff5609fc200), timestamp(0x40a93e60)
:4:rocvirtual.cpp           :1147: 4393498782808 us: [pid:4154523 tid: 0x7ff56a04a200] SWq=0x7ff56a034000, HWq=0x7ff54da00000, id=1, BarrierAND Header = 0x1503 (type=3, barrier=1, acquire=2, release=2), dep_signal=[0x0, 0x0, 0x0, 0x0, 0x0], completion_signal=0x7ff5609fc200
:3:rocvirtual.hpp           :56  : 4393498782824 us: [pid:4154523 tid: 0x7ff56a04a200] Host active wait for Signal = (0x7ff5609fc200) for -1 ns
:4:commandqueue.cpp         :184 : 4393498782853 us: [pid:4154523 tid: 0x7ff56a04a200] All commands finished
:3:rocvirtual.cpp           :226 : 4393498782856 us: [pid:4154523 tid: 0x7ff42fbff6c0] Handler: value(0), timestamp(0x409d2ae0), handle(0x7ff5609fc200)
:4:command.cpp              :169 : 4393498782870 us: [pid:4154523 tid: 0x7ff42fbff6c0] Command 0x4035b750 complete
:3:hip_device_runtime.cpp   :645 : 4393498782859 us: [pid:4154523 tid: 0x7ff56a04a200] hipDeviceSynchronize: Returned hipSuccess : 
:4:command.cpp              :163 : 4393498782883 us: [pid:4154523 tid: 0x7ff42fbff6c0] Command 0x40a93a20 complete (Wall: 4393498782882, CPU: 0, GPU: 89 us)
:3:hip_memory.cpp           :795 : 4393498782916 us: [pid:4154523 tid: 0x7ff56a04a200] [32m hipMemcpy ( 0x7ff4057df010, 0x7ff3e4e00000, 81920000, hipMemcpyDeviceToHost ) [0m
:4:command.cpp              :359 : 4393498783323 us: [pid:4154523 tid: 0x7ff56a04a200] Command (CopyDeviceToHost) enqueued: 0x4035b750
:4:rocblit.cpp              :1673: 4393498783333 us: [pid:4154523 tid: 0x7ff56a04a200] Unpinned read path, Async = 0
:4:rocmemory.cpp            :1018: 4393498783352 us: [pid:4154523 tid: 0x7ff56a04a200] Locking to pool 0x4017aed0, size 0x2001000, HostPtr = 0x7ff4057df000, DevPtr = 0x7ff4057df000
:4:rocblit.cpp              :623 : 4393498783360 us: [pid:4154523 tid: 0x7ff56a04a200] HSA Copy Using Pinned resource size 33554432
:4:rocblit.cpp              :687 : 4393498783368 us: [pid:4154523 tid: 0x7ff56a04a200] HSA Async Copy staged D2H
:4:rocblit.cpp              :503 : 4393498783373 us: [pid:4154523 tid: 0x7ff56a04a200] Last copy mask 0x0
:4:rocblit.cpp              :509 : 4393498783380 us: [pid:4154523 tid: 0x7ff56a04a200] Query copy engine status 0, free_engine mask 0x1e
:4:rocblit.cpp              :520 : 4393498783388 us: [pid:4154523 tid: 0x7ff56a04a200] HSA Async Copy on copy_engine=0x2, dst=0x7ff4057df010, src=0x7ff3e4e00000, size=33554432, forceSDMA=0, wait_event=0x0, completion_signal=0x7ff5609fdd80
:4:rocvirtual.cpp           :622 : 4393498783410 us: [pid:4154523 tid: 0x7ff56a04a200] Host wait on completion_signal=0x7ff5609fdd80
:3:rocvirtual.hpp           :56  : 4393498783422 us: [pid:4154523 tid: 0x7ff56a04a200] Host active wait for Signal = (0x7ff5609fdd80) for -1 ns
:4:rocmemory.cpp            :1018: 4393498784631 us: [pid:4154523 tid: 0x7ff56a04a200] Locking to pool 0x4017aed0, size 0x2001000, HostPtr = 0x7ff4077df000, DevPtr = 0x7ff4077df000
:4:rocblit.cpp              :623 : 4393498784645 us: [pid:4154523 tid: 0x7ff56a04a200] HSA Copy Using Pinned resource size 33554432
:4:rocblit.cpp              :687 : 4393498784653 us: [pid:4154523 tid: 0x7ff56a04a200] HSA Async Copy staged D2H
:4:rocblit.cpp              :503 : 4393498784658 us: [pid:4154523 tid: 0x7ff56a04a200] Last copy mask 0x2
:4:rocblit.cpp              :520 : 4393498784663 us: [pid:4154523 tid: 0x7ff56a04a200] HSA Async Copy on copy_engine=0x2, dst=0x7ff4077df010, src=0x7ff3e6e00000, size=33554432, forceSDMA=0, wait_event=0x0, completion_signal=0x7ff5609fdc80
:4:rocvirtual.cpp           :622 : 4393498784671 us: [pid:4154523 tid: 0x7ff56a04a200] Host wait on completion_signal=0x7ff5609fdc80
:3:rocvirtual.hpp           :56  : 4393498784680 us: [pid:4154523 tid: 0x7ff56a04a200] Host active wait for Signal = (0x7ff5609fdc80) for -1 ns
:4:rocmemory.cpp            :1018: 4393498785881 us: [pid:4154523 tid: 0x7ff56a04a200] Locking to pool 0x4017aed0, size 0xe21000, HostPtr = 0x7ff4097df000, DevPtr = 0x7ff4097df000
:4:rocblit.cpp              :623 : 4393498785899 us: [pid:4154523 tid: 0x7ff56a04a200] HSA Copy Using Pinned resource size 14811136
:4:rocblit.cpp              :687 : 4393498785907 us: [pid:4154523 tid: 0x7ff56a04a200] HSA Async Copy staged D2H
:4:rocblit.cpp              :503 : 4393498785912 us: [pid:4154523 tid: 0x7ff56a04a200] Last copy mask 0x2
:4:rocblit.cpp              :520 : 4393498785917 us: [pid:4154523 tid: 0x7ff56a04a200] HSA Async Copy on copy_engine=0x2, dst=0x7ff4097df010, src=0x7ff3e8e00000, size=14811136, forceSDMA=0, wait_event=0x0, completion_signal=0x7ff5609fdc00
:4:rocvirtual.cpp           :622 : 4393498785933 us: [pid:4154523 tid: 0x7ff56a04a200] Host wait on completion_signal=0x7ff5609fdc00
:3:rocvirtual.hpp           :56  : 4393498786366 us: [pid:4154523 tid: 0x7ff56a04a200] Host active wait for Signal = (0x7ff5609fdc00) for -1 ns
:4:commandqueue.cpp         :161 : 4393498786469 us: [pid:4154523 tid: 0x7ff56a04a200] Marker queued to ensure finish
:4:command.cpp              :359 : 4393498786474 us: [pid:4154523 tid: 0x7ff56a04a200] Command (InternalMarker) enqueued: 0x40a93a20
:3:rocvirtual.cpp           :533 : 4393498786497 us: [pid:4154523 tid: 0x7ff56a04a200] Set Handler: handle(0x7ff5609fc080), timestamp(0x409d2ff0)
:4:rocvirtual.cpp           :1147: 4393498786854 us: [pid:4154523 tid: 0x7ff56a04a200] SWq=0x7ff56a034000, HWq=0x7ff54da00000, id=1, BarrierAND Header = 0x1503 (type=3, barrier=1, acquire=2, release=2), dep_signal=[0x0, 0x0, 0x0, 0x0, 0x0], completion_signal=0x7ff5609fc080
:4:commandqueue.cpp         :184 : 4393498786865 us: [pid:4154523 tid: 0x7ff56a04a200] All commands finished
:3:rocvirtual.cpp           :226 : 4393498786869 us: [pid:4154523 tid: 0x7ff42fbff6c0] Handler: value(0), timestamp(0x409d2ae0), handle(0x7ff5609fc080)
:4:command.cpp              :169 : 4393498786889 us: [pid:4154523 tid: 0x7ff42fbff6c0] Command 0x4035b750 complete
:3:hip_memory.cpp           :796 : 4393498786870 us: [pid:4154523 tid: 0x7ff56a04a200] hipMemcpy: Returned hipSuccess : : duration: 3954 us
:4:command.cpp              :163 : 4393498786896 us: [pid:4154523 tid: 0x7ff42fbff6c0] Command 0x40a93a20 complete (Wall: 4393498786895, CPU: 0, GPU: 405 us)
:3:hip_memory.cpp           :3476: 4393498787379 us: [pid:4154523 tid: 0x7ff56a04a200] [32m hipMemset ( 0x7ff3e4e00000, 0, 81920000 ) [0m
:4:command.cpp              :359 : 4393498787414 us: [pid:4154523 tid: 0x7ff56a04a200] Command (FillBuffer) enqueued: 0x40aa9a40
:3:rocvirtual.cpp           :762 : 4393498787429 us: [pid:4154523 tid: 0x7ff56a04a200] Arg0: void* buf = ptr:0x7ff3e4e00000
:3:rocvirtual.cpp           :778 : 4393498787434 us: [pid:4154523 tid: 0x7ff56a04a200] Arg0: void* buf = ptr:0x7ff3e4e00000 obj:[0x7ff3e4e00000-0x7ff3e9c20000]
:3:rocvirtual.cpp           :762 : 4393498787445 us: [pid:4154523 tid: 0x7ff56a04a200] Arg1: uchar* pattern = ptr:0x7ff54d800000
:3:rocvirtual.cpp           :853 : 4393498787453 us: [pid:4154523 tid: 0x7ff56a04a200] Arg2: uint pattern_size = val:1
:3:rocvirtual.cpp           :853 : 4393498787460 us: [pid:4154523 tid: 0x7ff56a04a200] Arg3: uint alignment = val:16
:3:rocvirtual.cpp           :853 : 4393498787471 us: [pid:4154523 tid: 0x7ff56a04a200] Arg4: ulong end_ptr = val:140685575585792
:3:rocvirtual.cpp           :853 : 4393498787479 us: [pid:4154523 tid: 0x7ff56a04a200] Arg5: uint next_chunk = val:26624
:3:rocvirtual.cpp           :3236: 4393498787486 us: [pid:4154523 tid: 0x7ff56a04a200] ShaderName : __amd_rocclr_fillBufferAligned
:3:rocvirtual.cpp           :3449: 4393498787500 us: [pid:4154523 tid: 0x7ff56a04a200] KernargSegmentByteSize = 296 KernargSegmentAlignment = 128
:4:rocvirtual.cpp           :965 : 4393498787512 us: [pid:4154523 tid: 0x7ff56a04a200] SWq=0x7ff56a034000, HWq=0x7ff54da00000, id=1, Dispatch Header = 0x1502 (type=2, barrier=1, acquire=2, release=2), setup=1, grid=[26624, 1, 1], workgroup=[256, 1, 1], private_seg_size=0, group_seg_size=0, kernel_obj=0x7ff56a025d40, kernarg_address=0x7ff54d800100, completion_signal=0x0, correlation_id=0, rptr=120, wptr=120
:3:hip_memory.cpp           :3477: 4393498787532 us: [pid:4154523 tid: 0x7ff56a04a200] hipMemset: Returned hipSuccess : 
:3:hip_device_runtime.cpp   :641 : 4393498787538 us: [pid:4154523 tid: 0x7ff56a04a200] [32m hipDeviceSynchronize (  ) [0m
:4:commandqueue.cpp         :161 : 4393498787543 us: [pid:4154523 tid: 0x7ff56a04a200] Marker queued to ensure finish
:4:command.cpp              :359 : 4393498787549 us: [pid:4154523 tid: 0x7ff56a04a200] Command (InternalMarker) enqueued: 0x40a93a20
:3:rocvirtual.cpp           :533 : 4393498788015 us: [pid:4154523 tid: 0x7ff56a04a200] Set Handler: handle(0x7ff5609fc000), timestamp(0x40276c20)
:4:rocvirtual.cpp           :1147: 4393498790835 us: [pid:4154523 tid: 0x7ff56a04a200] SWq=0x7ff56a034000, HWq=0x7ff54da00000, id=1, BarrierAND Header = 0x1503 (type=3, barrier=1, acquire=2, release=2), dep_signal=[0x0, 0x0, 0x0, 0x0, 0x0], completion_signal=0x7ff5609fc000
:4:commandqueue.cpp         :184 : 4393498790858 us: [pid:4154523 tid: 0x7ff56a04a200] All commands finished
:3:rocvirtual.cpp           :226 : 4393498790849 us: [pid:4154523 tid: 0x7ff42fbff6c0] Handler: value(0), timestamp(0x4089f4a0), handle(0x7ff5609fc000)
:4:command.cpp              :169 : 4393498790889 us: [pid:4154523 tid: 0x7ff42fbff6c0] Command 0x40aa9a40 complete
:3:hip_device_runtime.cpp   :645 : 4393498790867 us: [pid:4154523 tid: 0x7ff56a04a200] hipDeviceSynchronize: Returned hipSuccess : 
:4:command.cpp              :163 : 4393498790900 us: [pid:4154523 tid: 0x7ff42fbff6c0] Command 0x40a93a20 complete (Wall: 4393498790897, CPU: 0, GPU: 2903 us)
:3:hip_platform.cpp         :237 : 4393498790927 us: [pid:4154523 tid: 0x7ff56a04a200] [32m __hipPushCallConfiguration ( {8,1,1}, {1024,1,1}, 0, stream:<null> ) [0m
:3:hip_platform.cpp         :241 : 4393498790948 us: [pid:4154523 tid: 0x7ff56a04a200] __hipPushCallConfiguration: Returned hipSuccess : 
:3:hip_platform.cpp         :246 : 4393498790962 us: [pid:4154523 tid: 0x7ff56a04a200] [32m __hipPopCallConfiguration ( {1951258706,32757,1024}, {2118224,0,278018480}, 0x7ffc10923700, 0x7ffc109236f8 ) [0m
:3:hip_platform.cpp         :255 : 4393498791443 us: [pid:4154523 tid: 0x7ff56a04a200] __hipPopCallConfiguration: Returned hipSuccess : 
:3:hip_module.cpp           :744 : 4393498791476 us: [pid:4154523 tid: 0x7ff56a04a200] [32m hipLaunchKernel ( 0x200fe0, {8,1,1}, {1024,1,1}, 0x7ffc109236b0, 0, stream:<null> ) [0m
:4:command.cpp              :359 : 4393498791498 us: [pid:4154523 tid: 0x7ff56a04a200] Command (KernelExecution) enqueued: 0x4035b750
:3:rocvirtual.cpp           :762 : 4393498791510 us: [pid:4154523 tid: 0x7ff56a04a200] Arg0:   = ptr:0x7ff3ea000000
:3:rocvirtual.cpp           :778 : 4393498791519 us: [pid:4154523 tid: 0x7ff56a04a200] Arg0:   = ptr:0x7ff3ea000000 obj:[0x7ff3ea000000-0x7ff3eee20000]
:3:rocvirtual.cpp           :762 : 4393498791527 us: [pid:4154523 tid: 0x7ff56a04a200] Arg1:   = ptr:0x7ff54cc27000
:3:rocvirtual.cpp           :778 : 4393498791531 us: [pid:4154523 tid: 0x7ff56a04a200] Arg1:   = ptr:0x7ff54cc27000 obj:[0x7ff54cc27000-0x7ff54cc37000]
:3:rocvirtual.cpp           :762 : 4393498791539 us: [pid:4154523 tid: 0x7ff56a04a200] Arg2:   = ptr:0x7ff3e4e00000
:3:rocvirtual.cpp           :778 : 4393498791545 us: [pid:4154523 tid: 0x7ff56a04a200] Arg2:   = ptr:0x7ff3e4e00000 obj:[0x7ff3e4e00000-0x7ff3e9c20000]
:3:rocvirtual.cpp           :853 : 4393498791555 us: [pid:4154523 tid: 0x7ff56a04a200] Arg3:   = val:2048
:3:rocvirtual.cpp           :762 : 4393498791563 us: [pid:4154523 tid: 0x7ff56a04a200] Arg4:   = ptr:0x7ff54cc00000
:3:rocvirtual.cpp           :778 : 4393498791568 us: [pid:4154523 tid: 0x7ff56a04a200] Arg4:   = ptr:0x7ff54cc00000 obj:[0x7ff54cc00000-0x7ff54cc00024]
:3:rocvirtual.cpp           :3236: 4393498791575 us: [pid:4154523 tid: 0x7ff56a04a200] ShaderName : void dense_esuhm2<float>(float const*, float const*, float*, int, int const*)
:3:rocvirtual.cpp           :3449: 4393498791584 us: [pid:4154523 tid: 0x7ff56a04a200] KernargSegmentByteSize = 296 KernargSegmentAlignment = 128
:4:rocvirtual.cpp           :965 : 4393498791605 us: [pid:4154523 tid: 0x7ff56a04a200] SWq=0x7ff56a034000, HWq=0x7ff54da00000, id=1, Dispatch Header = 0xb02 (type=2, barrier=1, acquire=1, release=1), setup=3, grid=[8192, 1, 1], workgroup=[1024, 1, 1], private_seg_size=140, group_seg_size=0, kernel_obj=0x7ff560a919c0, kernarg_address=0x7ff54d800280, completion_signal=0x0, correlation_id=0, rptr=122, wptr=122
:3:hip_module.cpp           :745 : 4393498792078 us: [pid:4154523 tid: 0x7ff56a04a200] hipLaunchKernel: Returned hipSuccess : : duration: 602 us
:3:hip_device_runtime.cpp   :641 : 4393498792089 us: [pid:4154523 tid: 0x7ff56a04a200] [32m hipDeviceSynchronize (  ) [0m
:4:commandqueue.cpp         :161 : 4393498792097 us: [pid:4154523 tid: 0x7ff56a04a200] Marker queued to ensure finish
:4:command.cpp              :359 : 4393498792106 us: [pid:4154523 tid: 0x7ff56a04a200] Command (InternalMarker) enqueued: 0x40a93a20
:3:rocvirtual.cpp           :533 : 4393498792119 us: [pid:4154523 tid: 0x7ff56a04a200] Set Handler: handle(0x7ff5609fc280), timestamp(0x40a940b0)
:4:rocvirtual.cpp           :1147: 4393498792132 us: [pid:4154523 tid: 0x7ff56a04a200] SWq=0x7ff56a034000, HWq=0x7ff54da00000, id=1, BarrierAND Header = 0x1503 (type=3, barrier=1, acquire=2, release=2), dep_signal=[0x0, 0x0, 0x0, 0x0, 0x0], completion_signal=0x7ff5609fc280
:4:commandqueue.cpp         :184 : 4393498792146 us: [pid:4154523 tid: 0x7ff56a04a200] All commands finished
:3:hip_device_runtime.cpp   :645 : 4393498792157 us: [pid:4154523 tid: 0x7ff56a04a200] hipDeviceSynchronize: Returned hipSuccess : 
:3:rocvirtual.cpp           :226 : 4393498792148 us: [pid:4154523 tid: 0x7ff42fbff6c0] Handler: value(0), timestamp(0x403104c0), handle(0x7ff5609fc280)
:3:hip_memory.cpp           :795 : 4393498792170 us: [pid:4154523 tid: 0x7ff56a04a200] [32m hipMemcpy ( 0x7ff4009be010, 0x7ff3e4e00000, 81920000, hipMemcpyDeviceToHost ) [0m
:4:command.cpp              :169 : 4393498792186 us: [pid:4154523 tid: 0x7ff42fbff6c0] Command 0x4035b750 complete
:4:command.cpp              :359 : 4393498792199 us: [pid:4154523 tid: 0x7ff56a04a200] Command (CopyDeviceToHost) enqueued: 0x40aa9a40
:4:command.cpp              :163 : 4393498792581 us: [pid:4154523 tid: 0x7ff42fbff6c0] Command 0x40a93a20 complete (Wall: 4393498792577, CPU: 0, GPU: 464 us)
:4:rocblit.cpp              :1673: 4393498792590 us: [pid:4154523 tid: 0x7ff56a04a200] Unpinned read path, Async = 0
:4:rocmemory.cpp            :1018: 4393498792616 us: [pid:4154523 tid: 0x7ff56a04a200] Locking to pool 0x4017aed0, size 0x2001000, HostPtr = 0x7ff4009be000, DevPtr = 0x7ff4009be000
:4:rocblit.cpp              :623 : 4393498792624 us: [pid:4154523 tid: 0x7ff56a04a200] HSA Copy Using Pinned resource size 33554432
:4:rocblit.cpp              :687 : 4393498792632 us: [pid:4154523 tid: 0x7ff56a04a200] HSA Async Copy staged D2H
:4:rocblit.cpp              :503 : 4393498792638 us: [pid:4154523 tid: 0x7ff56a04a200] Last copy mask 0x0
:4:rocblit.cpp              :509 : 4393498792644 us: [pid:4154523 tid: 0x7ff56a04a200] Query copy engine status 0, free_engine mask 0x1e
:4:rocblit.cpp              :520 : 4393498792651 us: [pid:4154523 tid: 0x7ff56a04a200] HSA Async Copy on copy_engine=0x2, dst=0x7ff4009be010, src=0x7ff3e4e00000, size=33554432, forceSDMA=0, wait_event=0x0, completion_signal=0x7ff5609fda80
:4:rocvirtual.cpp           :622 : 4393498792661 us: [pid:4154523 tid: 0x7ff56a04a200] Host wait on completion_signal=0x7ff5609fda80
:3:rocvirtual.hpp           :56  : 4393498792669 us: [pid:4154523 tid: 0x7ff56a04a200] Host active wait for Signal = (0x7ff5609fda80) for -1 ns
:4:rocmemory.cpp            :1018: 4393498793870 us: [pid:4154523 tid: 0x7ff56a04a200] Locking to pool 0x4017aed0, size 0x2001000, HostPtr = 0x7ff4029be000, DevPtr = 0x7ff4029be000
:4:rocblit.cpp              :623 : 4393498793883 us: [pid:4154523 tid: 0x7ff56a04a200] HSA Copy Using Pinned resource size 33554432
:4:rocblit.cpp              :687 : 4393498793890 us: [pid:4154523 tid: 0x7ff56a04a200] HSA Async Copy staged D2H
:4:rocblit.cpp              :503 : 4393498793896 us: [pid:4154523 tid: 0x7ff56a04a200] Last copy mask 0x2
:4:rocblit.cpp              :520 : 4393498793901 us: [pid:4154523 tid: 0x7ff56a04a200] HSA Async Copy on copy_engine=0x2, dst=0x7ff4029be010, src=0x7ff3e6e00000, size=33554432, forceSDMA=0, wait_event=0x0, completion_signal=0x7ff5609fdb80
:4:rocvirtual.cpp           :622 : 4393498793909 us: [pid:4154523 tid: 0x7ff56a04a200] Host wait on completion_signal=0x7ff5609fdb80
:3:rocvirtual.hpp           :56  : 4393498793917 us: [pid:4154523 tid: 0x7ff56a04a200] Host active wait for Signal = (0x7ff5609fdb80) for -1 ns
:4:rocmemory.cpp            :1018: 4393498795114 us: [pid:4154523 tid: 0x7ff56a04a200] Locking to pool 0x4017aed0, size 0xe21000, HostPtr = 0x7ff4049be000, DevPtr = 0x7ff4049be000
:4:rocblit.cpp              :623 : 4393498795125 us: [pid:4154523 tid: 0x7ff56a04a200] HSA Copy Using Pinned resource size 14811136
:4:rocblit.cpp              :687 : 4393498795132 us: [pid:4154523 tid: 0x7ff56a04a200] HSA Async Copy staged D2H
:4:rocblit.cpp              :503 : 4393498795143 us: [pid:4154523 tid: 0x7ff56a04a200] Last copy mask 0x2
:4:rocblit.cpp              :520 : 4393498795152 us: [pid:4154523 tid: 0x7ff56a04a200] HSA Async Copy on copy_engine=0x2, dst=0x7ff4049be010, src=0x7ff3e8e00000, size=14811136, forceSDMA=0, wait_event=0x0, completion_signal=0x7ff5609fe200
:4:rocvirtual.cpp           :622 : 4393498795161 us: [pid:4154523 tid: 0x7ff56a04a200] Host wait on completion_signal=0x7ff5609fe200
:3:rocvirtual.hpp           :56  : 4393498795169 us: [pid:4154523 tid: 0x7ff56a04a200] Host active wait for Signal = (0x7ff5609fe200) for -1 ns
:4:commandqueue.cpp         :161 : 4393498795696 us: [pid:4154523 tid: 0x7ff56a04a200] Marker queued to ensure finish
:4:command.cpp              :359 : 4393498795703 us: [pid:4154523 tid: 0x7ff56a04a200] Command (InternalMarker) enqueued: 0x40310790
:3:rocvirtual.cpp           :533 : 4393498795715 us: [pid:4154523 tid: 0x7ff56a04a200] Set Handler: handle(0x7ff5609fbe00), timestamp(0x4035bcf0)
:4:rocvirtual.cpp           :1147: 4393498795723 us: [pid:4154523 tid: 0x7ff56a04a200] SWq=0x7ff56a034000, HWq=0x7ff54da00000, id=1, BarrierAND Header = 0x1503 (type=3, barrier=1, acquire=2, release=2), dep_signal=[0x0, 0x0, 0x0, 0x0, 0x0], completion_signal=0x7ff5609fbe00
:3:rocvirtual.hpp           :56  : 4393498795734 us: [pid:4154523 tid: 0x7ff56a04a200] Host active wait for Signal = (0x7ff5609fbe00) for -1 ns
:3:rocvirtual.cpp           :226 : 4393498795740 us: [pid:4154523 tid: 0x7ff42fbff6c0] Handler: value(0), timestamp(0x4035b970), handle(0x7ff5609fbe00)
:4:commandqueue.cpp         :184 : 4393498795742 us: [pid:4154523 tid: 0x7ff56a04a200] All commands finished
:3:hip_memory.cpp           :796 : 4393498795777 us: [pid:4154523 tid: 0x7ff56a04a200] hipMemcpy: Returned hipSuccess : : duration: 3607 us
:4:command.cpp              :169 : 4393498795767 us: [pid:4154523 tid: 0x7ff42fbff6c0] Command 0x40aa9a40 complete
:3:hip_memory.cpp           :3476: 4393498795796 us: [pid:4154523 tid: 0x7ff56a04a200] [32m hipMemset ( 0x7ff3e4e00000, 0, 81920000 ) [0m
:4:command.cpp              :359 : 4393498795838 us: [pid:4154523 tid: 0x7ff56a04a200] Command (FillBuffer) enqueued: 0x40aa9a40
:4:command.cpp              :163 : 4393498795821 us: [pid:4154523 tid: 0x7ff42fbff6c0] Command 0x40310790 complete (Wall: 4393498795806, CPU: 0, GPU: 96 us)
:3:rocvirtual.cpp           :762 : 4393498796199 us: [pid:4154523 tid: 0x7ff56a04a200] Arg0: void* buf = ptr:0x7ff3e4e00000
:3:rocvirtual.cpp           :778 : 4393498796208 us: [pid:4154523 tid: 0x7ff56a04a200] Arg0: void* buf = ptr:0x7ff3e4e00000 obj:[0x7ff3e4e00000-0x7ff3e9c20000]
:3:rocvirtual.cpp           :762 : 4393498796223 us: [pid:4154523 tid: 0x7ff56a04a200] Arg1: uchar* pattern = ptr:0x7ff54d800000
:3:rocvirtual.cpp           :853 : 4393498796231 us: [pid:4154523 tid: 0x7ff56a04a200] Arg2: uint pattern_size = val:1
:3:rocvirtual.cpp           :853 : 4393498796236 us: [pid:4154523 tid: 0x7ff56a04a200] Arg3: uint alignment = val:16
:3:rocvirtual.cpp           :853 : 4393498796240 us: [pid:4154523 tid: 0x7ff56a04a200] Arg4: ulong end_ptr = val:140685575585792
:3:rocvirtual.cpp           :853 : 4393498796248 us: [pid:4154523 tid: 0x7ff56a04a200] Arg5: uint next_chunk = val:26624
:3:rocvirtual.cpp           :3236: 4393498796252 us: [pid:4154523 tid: 0x7ff56a04a200] ShaderName : __amd_rocclr_fillBufferAligned
:3:rocvirtual.cpp           :3449: 4393498796261 us: [pid:4154523 tid: 0x7ff56a04a200] KernargSegmentByteSize = 296 KernargSegmentAlignment = 128
:4:rocvirtual.cpp           :965 : 4393498796270 us: [pid:4154523 tid: 0x7ff56a04a200] SWq=0x7ff56a034000, HWq=0x7ff54da00000, id=1, Dispatch Header = 0x1502 (type=2, barrier=1, acquire=2, release=2), setup=1, grid=[26624, 1, 1], workgroup=[256, 1, 1], private_seg_size=0, group_seg_size=0, kernel_obj=0x7ff56a025d40, kernarg_address=0x7ff54d800100, completion_signal=0x0, correlation_id=0, rptr=125, wptr=125
:3:hip_memory.cpp           :3477: 4393498796617 us: [pid:4154523 tid: 0x7ff56a04a200] hipMemset: Returned hipSuccess : 
:3:hip_device_runtime.cpp   :641 : 4393498796630 us: [pid:4154523 tid: 0x7ff56a04a200] [32m hipDeviceSynchronize (  ) [0m
:4:commandqueue.cpp         :161 : 4393498796639 us: [pid:4154523 tid: 0x7ff56a04a200] Marker queued to ensure finish
:4:command.cpp              :359 : 4393498796647 us: [pid:4154523 tid: 0x7ff56a04a200] Command (InternalMarker) enqueued: 0x40a93a20
:3:rocvirtual.cpp           :533 : 4393498797038 us: [pid:4154523 tid: 0x7ff56a04a200] Set Handler: handle(0x7ff5609fbe80), timestamp(0x4035ba20)
:4:rocvirtual.cpp           :1147: 4393498797047 us: [pid:4154523 tid: 0x7ff56a04a200] SWq=0x7ff56a034000, HWq=0x7ff54da00000, id=1, BarrierAND Header = 0x1503 (type=3, barrier=1, acquire=2, release=2), dep_signal=[0x0, 0x0, 0x0, 0x0, 0x0], completion_signal=0x7ff5609fbe80
:4:commandqueue.cpp         :184 : 4393498797071 us: [pid:4154523 tid: 0x7ff56a04a200] All commands finished
:3:hip_device_runtime.cpp   :645 : 4393498797078 us: [pid:4154523 tid: 0x7ff56a04a200] hipDeviceSynchronize: Returned hipSuccess : 
:3:rocvirtual.cpp           :226 : 4393498797062 us: [pid:4154523 tid: 0x7ff42fbff6c0] Handler: value(0), timestamp(0x40310930), handle(0x7ff5609fbe80)
:3:hip_platform.cpp         :237 : 4393498797090 us: [pid:4154523 tid: 0x7ff56a04a200] [32m __hipPushCallConfiguration ( {8,1,1}, {1024,1,1}, 0, stream:<null> ) [0m
:3:hip_platform.cpp         :241 : 4393498797113 us: [pid:4154523 tid: 0x7ff56a04a200] __hipPushCallConfiguration: Returned hipSuccess : 
:3:hip_platform.cpp         :246 : 4393498797124 us: [pid:4154523 tid: 0x7ff56a04a200] [32m __hipPopCallConfiguration ( {1951258706,32757,1024}, {2118224,0,278018480}, 0x7ffc10923700, 0x7ffc109236f8 ) [0m
:3:hip_platform.cpp         :255 : 4393498797133 us: [pid:4154523 tid: 0x7ff56a04a200] __hipPopCallConfiguration: Returned hipSuccess : 
:4:command.cpp              :169 : 4393498797104 us: [pid:4154523 tid: 0x7ff42fbff6c0] Command 0x40aa9a40 complete
:3:hip_module.cpp           :744 : 4393498797504 us: [pid:4154523 tid: 0x7ff56a04a200] [32m hipLaunchKernel ( 0x200fe8, {8,1,1}, {1024,1,1}, 0x7ffc109236b0, 0, stream:<null> ) [0m
:4:command.cpp              :163 : 4393498797506 us: [pid:4154523 tid: 0x7ff42fbff6c0] Command 0x40a93a20 complete (Wall: 4393498797504, CPU: 0, GPU: 472 us)
:4:command.cpp              :359 : 4393498797533 us: [pid:4154523 tid: 0x7ff56a04a200] Command (KernelExecution) enqueued: 0x4035b750
:3:rocvirtual.cpp           :762 : 4393498797544 us: [pid:4154523 tid: 0x7ff56a04a200] Arg0:   = ptr:0x7ff3ea000000
:3:rocvirtual.cpp           :778 : 4393498797554 us: [pid:4154523 tid: 0x7ff56a04a200] Arg0:   = ptr:0x7ff3ea000000 obj:[0x7ff3ea000000-0x7ff3eee20000]
:3:rocvirtual.cpp           :762 : 4393498797571 us: [pid:4154523 tid: 0x7ff56a04a200] Arg1:   = ptr:0x7ff54cc27000
:3:rocvirtual.cpp           :778 : 4393498797578 us: [pid:4154523 tid: 0x7ff56a04a200] Arg1:   = ptr:0x7ff54cc27000 obj:[0x7ff54cc27000-0x7ff54cc37000]
:3:rocvirtual.cpp           :762 : 4393498797590 us: [pid:4154523 tid: 0x7ff56a04a200] Arg2:   = ptr:0x7ff3e4e00000
:3:rocvirtual.cpp           :778 : 4393498797600 us: [pid:4154523 tid: 0x7ff56a04a200] Arg2:   = ptr:0x7ff3e4e00000 obj:[0x7ff3e4e00000-0x7ff3e9c20000]
:3:rocvirtual.cpp           :853 : 4393498797609 us: [pid:4154523 tid: 0x7ff56a04a200] Arg3:   = val:2048
:3:rocvirtual.cpp           :762 : 4393498797621 us: [pid:4154523 tid: 0x7ff56a04a200] Arg4:   = ptr:0x7ff54cc00000
:3:rocvirtual.cpp           :778 : 4393498797982 us: [pid:4154523 tid: 0x7ff56a04a200] Arg4:   = ptr:0x7ff54cc00000 obj:[0x7ff54cc00000-0x7ff54cc00024]
:3:rocvirtual.cpp           :3236: 4393498797992 us: [pid:4154523 tid: 0x7ff56a04a200] ShaderName : void dense_esuhm3<float>(float const*, float const*, float*, int, int const*)
:3:rocvirtual.cpp           :3449: 4393498798002 us: [pid:4154523 tid: 0x7ff56a04a200] KernargSegmentByteSize = 296 KernargSegmentAlignment = 128
:4:rocvirtual.cpp           :965 : 4393498798012 us: [pid:4154523 tid: 0x7ff56a04a200] SWq=0x7ff56a034000, HWq=0x7ff54da00000, id=1, Dispatch Header = 0xb02 (type=2, barrier=1, acquire=1, release=1), setup=3, grid=[8192, 1, 1], workgroup=[1024, 1, 1], private_seg_size=140, group_seg_size=0, kernel_obj=0x7ff560a91a00, kernarg_address=0x7ff54d800280, completion_signal=0x0, correlation_id=0, rptr=127, wptr=127
:3:hip_module.cpp           :745 : 4393498798031 us: [pid:4154523 tid: 0x7ff56a04a200] hipLaunchKernel: Returned hipSuccess : : duration: 527 us
:3:hip_device_runtime.cpp   :641 : 4393498798041 us: [pid:4154523 tid: 0x7ff56a04a200] [32m hipDeviceSynchronize (  ) [0m
:4:commandqueue.cpp         :161 : 4393498798047 us: [pid:4154523 tid: 0x7ff56a04a200] Marker queued to ensure finish
:4:command.cpp              :359 : 4393498798053 us: [pid:4154523 tid: 0x7ff56a04a200] Command (InternalMarker) enqueued: 0x40310790
:3:rocvirtual.cpp           :533 : 4393498798066 us: [pid:4154523 tid: 0x7ff56a04a200] Set Handler: handle(0x7ff5609fbf00), timestamp(0x403109e0)
:4:rocvirtual.cpp           :1147: 4393498798074 us: [pid:4154523 tid: 0x7ff56a04a200] SWq=0x7ff56a034000, HWq=0x7ff54da00000, id=1, BarrierAND Header = 0x1503 (type=3, barrier=1, acquire=2, release=2), dep_signal=[0x0, 0x0, 0x0, 0x0, 0x0], completion_signal=0x7ff5609fbf00
:3:rocvirtual.cpp           :226 : 4393498798151 us: [pid:4154523 tid: 0x7ff42fbff6c0] Handler: value(0), timestamp(0x40279b00), handle(0x7ff5609fbf00)
:4:commandqueue.cpp         :184 : 4393498798495 us: [pid:4154523 tid: 0x7ff56a04a200] All commands finished
:3:hip_device_runtime.cpp   :645 : 4393498798528 us: [pid:4154523 tid: 0x7ff56a04a200] hipDeviceSynchronize: Returned hipSuccess : 
:4:command.cpp              :169 : 4393498798523 us: [pid:4154523 tid: 0x7ff42fbff6c0] Command 0x4035b750 complete
:3:hip_memory.cpp           :795 : 4393498798542 us: [pid:4154523 tid: 0x7ff56a04a200] [32m hipMemcpy ( 0x7ff3fbb9d010, 0x7ff3e4e00000, 81920000, hipMemcpyDeviceToHost ) [0m
:4:command.cpp              :163 : 4393498798548 us: [pid:4154523 tid: 0x7ff42fbff6c0] Command 0x40310790 complete (Wall: 4393498798547, CPU: 0, GPU: 485 us)
:4:command.cpp              :359 : 4393498798560 us: [pid:4154523 tid: 0x7ff56a04a200] Command (CopyDeviceToHost) enqueued: 0x4035b750
:4:rocblit.cpp              :1673: 4393498798576 us: [pid:4154523 tid: 0x7ff56a04a200] Unpinned read path, Async = 0
:4:rocmemory.cpp            :1018: 4393498798590 us: [pid:4154523 tid: 0x7ff56a04a200] Locking to pool 0x4017aed0, size 0x2001000, HostPtr = 0x7ff3fbb9d000, DevPtr = 0x7ff3fbb9d000
:4:rocblit.cpp              :623 : 4393498798975 us: [pid:4154523 tid: 0x7ff56a04a200] HSA Copy Using Pinned resource size 33554432
:4:rocblit.cpp              :687 : 4393498798989 us: [pid:4154523 tid: 0x7ff56a04a200] HSA Async Copy staged D2H
:4:rocblit.cpp              :503 : 4393498798998 us: [pid:4154523 tid: 0x7ff56a04a200] Last copy mask 0x0
:4:rocblit.cpp              :509 : 4393498799008 us: [pid:4154523 tid: 0x7ff56a04a200] Query copy engine status 0, free_engine mask 0x1e
:4:rocblit.cpp              :520 : 4393498799020 us: [pid:4154523 tid: 0x7ff56a04a200] HSA Async Copy on copy_engine=0x2, dst=0x7ff3fbb9d010, src=0x7ff3e4e00000, size=33554432, forceSDMA=0, wait_event=0x0, completion_signal=0x7ff5609fd880
:4:rocvirtual.cpp           :622 : 4393498799034 us: [pid:4154523 tid: 0x7ff56a04a200] Host wait on completion_signal=0x7ff5609fd880
:3:rocvirtual.hpp           :56  : 4393498799045 us: [pid:4154523 tid: 0x7ff56a04a200] Host active wait for Signal = (0x7ff5609fd880) for -1 ns
:4:rocmemory.cpp            :1018: 4393498800242 us: [pid:4154523 tid: 0x7ff56a04a200] Locking to pool 0x4017aed0, size 0x2001000, HostPtr = 0x7ff3fdb9d000, DevPtr = 0x7ff3fdb9d000
:4:rocblit.cpp              :623 : 4393498800256 us: [pid:4154523 tid: 0x7ff56a04a200] HSA Copy Using Pinned resource size 33554432
:4:rocblit.cpp              :687 : 4393498800267 us: [pid:4154523 tid: 0x7ff56a04a200] HSA Async Copy staged D2H
:4:rocblit.cpp              :503 : 4393498800275 us: [pid:4154523 tid: 0x7ff56a04a200] Last copy mask 0x2
:4:rocblit.cpp              :520 : 4393498800283 us: [pid:4154523 tid: 0x7ff56a04a200] HSA Async Copy on copy_engine=0x2, dst=0x7ff3fdb9d010, src=0x7ff3e6e00000, size=33554432, forceSDMA=0, wait_event=0x0, completion_signal=0x7ff5609ff780
:4:rocvirtual.cpp           :622 : 4393498800299 us: [pid:4154523 tid: 0x7ff56a04a200] Host wait on completion_signal=0x7ff5609ff780
:3:rocvirtual.hpp           :56  : 4393498800310 us: [pid:4154523 tid: 0x7ff56a04a200] Host active wait for Signal = (0x7ff5609ff780) for -1 ns
:4:rocmemory.cpp            :1018: 4393498801506 us: [pid:4154523 tid: 0x7ff56a04a200] Locking to pool 0x4017aed0, size 0xe21000, HostPtr = 0x7ff3ffb9d000, DevPtr = 0x7ff3ffb9d000
:4:rocblit.cpp              :623 : 4393498801520 us: [pid:4154523 tid: 0x7ff56a04a200] HSA Copy Using Pinned resource size 14811136
:4:rocblit.cpp              :687 : 4393498801527 us: [pid:4154523 tid: 0x7ff56a04a200] HSA Async Copy staged D2H
:4:rocblit.cpp              :503 : 4393498801532 us: [pid:4154523 tid: 0x7ff56a04a200] Last copy mask 0x2
:4:rocblit.cpp              :520 : 4393498801537 us: [pid:4154523 tid: 0x7ff56a04a200] HSA Async Copy on copy_engine=0x2, dst=0x7ff3ffb9d010, src=0x7ff3e8e00000, size=14811136, forceSDMA=0, wait_event=0x0, completion_signal=0x7ff5609ff800
:4:rocvirtual.cpp           :622 : 4393498801545 us: [pid:4154523 tid: 0x7ff56a04a200] Host wait on completion_signal=0x7ff5609ff800
:3:rocvirtual.hpp           :56  : 4393498801553 us: [pid:4154523 tid: 0x7ff56a04a200] Host active wait for Signal = (0x7ff5609ff800) for -1 ns
:4:commandqueue.cpp         :161 : 4393498802082 us: [pid:4154523 tid: 0x7ff56a04a200] Marker queued to ensure finish
:4:command.cpp              :359 : 4393498865589 us: [pid:4154523 tid: 0x7ff56a04a200] Command (InternalMarker) enqueued: 0x40310790
:3:rocvirtual.cpp           :533 : 4393498865612 us: [pid:4154523 tid: 0x7ff56a04a200] Set Handler: handle(0x7ff5609fd700), timestamp(0x40a163b0)
:4:rocvirtual.cpp           :1147: 4393498865623 us: [pid:4154523 tid: 0x7ff56a04a200] SWq=0x7ff56a034000, HWq=0x7ff54da00000, id=1, BarrierAND Header = 0x1503 (type=3, barrier=1, acquire=2, release=2), dep_signal=[0x0, 0x0, 0x0, 0x0, 0x0], completion_signal=0x7ff5609fd700
:4:commandqueue.cpp         :184 : 4393498865635 us: [pid:4154523 tid: 0x7ff56a04a200] All commands finished
:3:rocvirtual.cpp           :226 : 4393498865639 us: [pid:4154523 tid: 0x7ff42fbff6c0] Handler: value(0), timestamp(0x40279b00), handle(0x7ff5609fd700)
:3:hip_memory.cpp           :796 : 4393498865640 us: [pid:4154523 tid: 0x7ff56a04a200] hipMemcpy: Returned hipSuccess : : duration: 67098 us
:4:command.cpp              :169 : 4393498865656 us: [pid:4154523 tid: 0x7ff42fbff6c0] Command 0x4035b750 complete
:4:command.cpp              :163 : 4393498865685 us: [pid:4154523 tid: 0x7ff42fbff6c0] Command 0x40310790 complete (Wall: 4393498865683, CPU: 0, GPU: 82 us)
:3:hip_memory.cpp           :772 : 4393499084522 us: [pid:4154523 tid: 0x7ff56a04a200] [32m hipFree ( 0x7ff3ea000000 ) [0m
:4:commandqueue.cpp         :167 : 4393499084550 us: [pid:4154523 tid: 0x7ff56a04a200] HW Event not ready, awaiting completion instead
:4:commandqueue.cpp         :184 : 4393499084572 us: [pid:4154523 tid: 0x7ff56a04a200] All commands finished
:4:rocdevice.cpp            :2388: 4393499084702 us: [pid:4154523 tid: 0x7ff56a04a200] Free hsa memory 0x7ff3ea000000
:3:rocdevice.cpp            :2411: 4393499084711 us: [pid:4154523 tid: 0x7ff56a04a200] Device=0x40274500, freeMem_ = 0xffa1cffdc
:3:hip_memory.cpp           :774 : 4393499084730 us: [pid:4154523 tid: 0x7ff56a04a200] hipFree: Returned hipSuccess : 
:3:hip_memory.cpp           :772 : 4393499085242 us: [pid:4154523 tid: 0x7ff56a04a200] [32m hipFree ( 0x7ff54cc27000 ) [0m
:4:rocdevice.cpp            :2388: 4393499085259 us: [pid:4154523 tid: 0x7ff56a04a200] Free hsa memory 0x7ff54cc27000
:3:rocdevice.cpp            :2411: 4393499085266 us: [pid:4154523 tid: 0x7ff56a04a200] Device=0x40274500, freeMem_ = 0xffa1dffdc
:3:hip_memory.cpp           :774 : 4393499085278 us: [pid:4154523 tid: 0x7ff56a04a200] hipFree: Returned hipSuccess : 
:3:hip_memory.cpp           :772 : 4393499085285 us: [pid:4154523 tid: 0x7ff56a04a200] [32m hipFree ( 0x7ff3e4e00000 ) [0m
:4:rocdevice.cpp            :2388: 4393499085359 us: [pid:4154523 tid: 0x7ff56a04a200] Free hsa memory 0x7ff3e4e00000
:3:rocdevice.cpp            :2411: 4393499085368 us: [pid:4154523 tid: 0x7ff56a04a200] Device=0x40274500, freeMem_ = 0xffeffffdc
:3:hip_memory.cpp           :774 : 4393499085380 us: [pid:4154523 tid: 0x7ff56a04a200] hipFree: Returned hipSuccess : 
:3:hip_memory.cpp           :772 : 4393499085387 us: [pid:4154523 tid: 0x7ff56a04a200] [32m hipFree ( 0x7ff54cc00000 ) [0m
:4:rocdevice.cpp            :2388: 4393499085397 us: [pid:4154523 tid: 0x7ff56a04a200] Free hsa memory 0x7ff54cc00000
:3:rocdevice.cpp            :2411: 4393499085403 us: [pid:4154523 tid: 0x7ff56a04a200] Device=0x40274500, freeMem_ = 0xfff000000
:3:hip_memory.cpp           :774 : 4393499085867 us: [pid:4154523 tid: 0x7ff56a04a200] hipFree: Returned hipSuccess : 
:3:hip_memory.cpp           :756 : 4393521480514 us: [pid:4154523 tid: 0x7ff56a04a200] [32m hipMalloc ( 0x7ffc109238e0, 491520000 ) [0m
:4:rocdevice.cpp            :2371: 4393521480722 us: [pid:4154523 tid: 0x7ff56a04a200] Allocate hsa device memory 0x7ff344200000, size 0x1d4c0000, hsa_mem_flags 0x0h
:3:rocdevice.cpp            :2411: 4393521481189 us: [pid:4154523 tid: 0x7ff56a04a200] Device=0x40274500, freeMem_ = 0xfe1b40000
:3:hip_memory.cpp           :758 : 4393521481207 us: [pid:4154523 tid: 0x7ff56a04a200] hipMalloc: Returned hipSuccess : 0x7ff344200000: duration: 693 us
:3:hip_memory.cpp           :795 : 4393521481221 us: [pid:4154523 tid: 0x7ff56a04a200] [32m hipMemcpy ( 0x7ff344200000, 0x7ff3d6b3f010, 491520000, hipMemcpyHostToDevice ) [0m
:4:command.cpp              :359 : 4393521481236 us: [pid:4154523 tid: 0x7ff56a04a200] Command (CopyHostToDevice) enqueued: 0x4035b750
:4:rocblit.cpp              :1803: 4393521481247 us: [pid:4154523 tid: 0x7ff56a04a200] Unpinned write path, Async = 0
:4:rocmemory.cpp            :1018: 4393521482195 us: [pid:4154523 tid: 0x7ff56a04a200] Locking to pool 0x4017aed0, size 0x2001000, HostPtr = 0x7ff3d6b3f000, DevPtr = 0x7ff3d6b3f000
:4:rocblit.cpp              :623 : 4393521482220 us: [pid:4154523 tid: 0x7ff56a04a200] HSA Copy Using Pinned resource size 33554432
:4:rocblit.cpp              :680 : 4393521482235 us: [pid:4154523 tid: 0x7ff56a04a200] HSA Async Copy staged H2D
:4:rocblit.cpp              :503 : 4393521482244 us: [pid:4154523 tid: 0x7ff56a04a200] Last copy mask 0x0
:4:rocblit.cpp              :509 : 4393521482257 us: [pid:4154523 tid: 0x7ff56a04a200] Query copy engine status 0, free_engine mask 0x1f
:4:rocblit.cpp              :520 : 4393521482267 us: [pid:4154523 tid: 0x7ff56a04a200] HSA Async Copy on copy_engine=0x1, dst=0x7ff344200000, src=0x7ff3d6b3f010, size=33554432, forceSDMA=0, wait_event=0x0, completion_signal=0x7ff5609ff680
:4:rocvirtual.cpp           :622 : 4393521482284 us: [pid:4154523 tid: 0x7ff56a04a200] Host wait on completion_signal=0x7ff5609ff680
:3:rocvirtual.hpp           :56  : 4393521482294 us: [pid:4154523 tid: 0x7ff56a04a200] Host active wait for Signal = (0x7ff5609ff680) for -1 ns
:4:rocmemory.cpp            :1018: 4393521484454 us: [pid:4154523 tid: 0x7ff56a04a200] Locking to pool 0x4017aed0, size 0x2001000, HostPtr = 0x7ff3d8b3f000, DevPtr = 0x7ff3d8b3f000
:4:rocblit.cpp              :623 : 4393521484470 us: [pid:4154523 tid: 0x7ff56a04a200] HSA Copy Using Pinned resource size 33554432
:4:rocblit.cpp              :680 : 4393521484478 us: [pid:4154523 tid: 0x7ff56a04a200] HSA Async Copy staged H2D
:4:rocblit.cpp              :503 : 4393521484484 us: [pid:4154523 tid: 0x7ff56a04a200] Last copy mask 0x1
:4:rocblit.cpp              :520 : 4393521484490 us: [pid:4154523 tid: 0x7ff56a04a200] HSA Async Copy on copy_engine=0x1, dst=0x7ff346200000, src=0x7ff3d8b3f010, size=33554432, forceSDMA=0, wait_event=0x0, completion_signal=0x7ff5609ff480
:4:rocvirtual.cpp           :622 : 4393521484502 us: [pid:4154523 tid: 0x7ff56a04a200] Host wait on completion_signal=0x7ff5609ff480
:3:rocvirtual.hpp           :56  : 4393521484515 us: [pid:4154523 tid: 0x7ff56a04a200] Host active wait for Signal = (0x7ff5609ff480) for -1 ns
:4:rocmemory.cpp            :1018: 4393521486576 us: [pid:4154523 tid: 0x7ff56a04a200] Locking to pool 0x4017aed0, size 0x2001000, HostPtr = 0x7ff3dab3f000, DevPtr = 0x7ff3dab3f000
:4:rocblit.cpp              :623 : 4393521486590 us: [pid:4154523 tid: 0x7ff56a04a200] HSA Copy Using Pinned resource size 33554432
:4:rocblit.cpp              :680 : 4393521486597 us: [pid:4154523 tid: 0x7ff56a04a200] HSA Async Copy staged H2D
:4:rocblit.cpp              :503 : 4393521486604 us: [pid:4154523 tid: 0x7ff56a04a200] Last copy mask 0x1
:4:rocblit.cpp              :520 : 4393521486611 us: [pid:4154523 tid: 0x7ff56a04a200] HSA Async Copy on copy_engine=0x1, dst=0x7ff348200000, src=0x7ff3dab3f010, size=33554432, forceSDMA=0, wait_event=0x0, completion_signal=0x7ff5609fd900
:4:rocvirtual.cpp           :622 : 4393521486628 us: [pid:4154523 tid: 0x7ff56a04a200] Host wait on completion_signal=0x7ff5609fd900
:3:rocvirtual.hpp           :56  : 4393521486635 us: [pid:4154523 tid: 0x7ff56a04a200] Host active wait for Signal = (0x7ff5609fd900) for -1 ns
:4:rocmemory.cpp            :1018: 4393521488721 us: [pid:4154523 tid: 0x7ff56a04a200] Locking to pool 0x4017aed0, size 0x2001000, HostPtr = 0x7ff3dcb3f000, DevPtr = 0x7ff3dcb3f000
:4:rocblit.cpp              :623 : 4393521488734 us: [pid:4154523 tid: 0x7ff56a04a200] HSA Copy Using Pinned resource size 33554432
:4:rocblit.cpp              :680 : 4393521488742 us: [pid:4154523 tid: 0x7ff56a04a200] HSA Async Copy staged H2D
:4:rocblit.cpp              :503 : 4393521488748 us: [pid:4154523 tid: 0x7ff56a04a200] Last copy mask 0x1
:4:rocblit.cpp              :520 : 4393521488752 us: [pid:4154523 tid: 0x7ff56a04a200] HSA Async Copy on copy_engine=0x1, dst=0x7ff34a200000, src=0x7ff3dcb3f010, size=33554432, forceSDMA=0, wait_event=0x0, completion_signal=0x7ff5609fe280
:4:rocvirtual.cpp           :622 : 4393521488761 us: [pid:4154523 tid: 0x7ff56a04a200] Host wait on completion_signal=0x7ff5609fe280
:3:rocvirtual.hpp           :56  : 4393521488768 us: [pid:4154523 tid: 0x7ff56a04a200] Host active wait for Signal = (0x7ff5609fe280) for -1 ns
:4:rocmemory.cpp            :1018: 4393521490881 us: [pid:4154523 tid: 0x7ff56a04a200] Locking to pool 0x4017aed0, size 0x2001000, HostPtr = 0x7ff3deb3f000, DevPtr = 0x7ff3deb3f000
:4:rocblit.cpp              :623 : 4393521490897 us: [pid:4154523 tid: 0x7ff56a04a200] HSA Copy Using Pinned resource size 33554432
:4:rocblit.cpp              :680 : 4393521490904 us: [pid:4154523 tid: 0x7ff56a04a200] HSA Async Copy staged H2D
:4:rocblit.cpp              :503 : 4393521490909 us: [pid:4154523 tid: 0x7ff56a04a200] Last copy mask 0x1
:4:rocblit.cpp              :520 : 4393521490916 us: [pid:4154523 tid: 0x7ff56a04a200] HSA Async Copy on copy_engine=0x1, dst=0x7ff34c200000, src=0x7ff3deb3f010, size=33554432, forceSDMA=0, wait_event=0x0, completion_signal=0x7ff5609fe300
:4:rocvirtual.cpp           :622 : 4393521490931 us: [pid:4154523 tid: 0x7ff56a04a200] Host wait on completion_signal=0x7ff5609fe300
:3:rocvirtual.hpp           :56  : 4393521490950 us: [pid:4154523 tid: 0x7ff56a04a200] Host active wait for Signal = (0x7ff5609fe300) for -1 ns
:4:rocmemory.cpp            :1018: 4393521493004 us: [pid:4154523 tid: 0x7ff56a04a200] Locking to pool 0x4017aed0, size 0x2001000, HostPtr = 0x7ff3e0b3f000, DevPtr = 0x7ff3e0b3f000
:4:rocblit.cpp              :623 : 4393521493018 us: [pid:4154523 tid: 0x7ff56a04a200] HSA Copy Using Pinned resource size 33554432
:4:rocblit.cpp              :680 : 4393521493027 us: [pid:4154523 tid: 0x7ff56a04a200] HSA Async Copy staged H2D
:4:rocblit.cpp              :503 : 4393521493032 us: [pid:4154523 tid: 0x7ff56a04a200] Last copy mask 0x1
:4:rocblit.cpp              :520 : 4393521493037 us: [pid:4154523 tid: 0x7ff56a04a200] HSA Async Copy on copy_engine=0x1, dst=0x7ff34e200000, src=0x7ff3e0b3f010, size=33554432, forceSDMA=0, wait_event=0x0, completion_signal=0x7ff5609fe400
:4:rocvirtual.cpp           :622 : 4393521493055 us: [pid:4154523 tid: 0x7ff56a04a200] Host wait on completion_signal=0x7ff5609fe400
:3:rocvirtual.hpp           :56  : 4393521493070 us: [pid:4154523 tid: 0x7ff56a04a200] Host active wait for Signal = (0x7ff5609fe400) for -1 ns
:4:rocmemory.cpp            :1018: 4393521495217 us: [pid:4154523 tid: 0x7ff56a04a200] Locking to pool 0x4017aed0, size 0x2001000, HostPtr = 0x7ff3e2b3f000, DevPtr = 0x7ff3e2b3f000
:4:rocblit.cpp              :623 : 4393521495244 us: [pid:4154523 tid: 0x7ff56a04a200] HSA Copy Using Pinned resource size 33554432
:4:rocblit.cpp              :680 : 4393521495257 us: [pid:4154523 tid: 0x7ff56a04a200] HSA Async Copy staged H2D
:4:rocblit.cpp              :503 : 4393521495264 us: [pid:4154523 tid: 0x7ff56a04a200] Last copy mask 0x1
:4:rocblit.cpp              :520 : 4393521495270 us: [pid:4154523 tid: 0x7ff56a04a200] HSA Async Copy on copy_engine=0x1, dst=0x7ff350200000, src=0x7ff3e2b3f010, size=33554432, forceSDMA=0, wait_event=0x0, completion_signal=0x7ff5609ff380
:4:rocvirtual.cpp           :622 : 4393521495285 us: [pid:4154523 tid: 0x7ff56a04a200] Host wait on completion_signal=0x7ff5609ff380
:3:rocvirtual.hpp           :56  : 4393521495303 us: [pid:4154523 tid: 0x7ff56a04a200] Host active wait for Signal = (0x7ff5609ff380) for -1 ns
:4:rocmemory.cpp            :1018: 4393521497382 us: [pid:4154523 tid: 0x7ff56a04a200] Locking to pool 0x4017aed0, size 0x2001000, HostPtr = 0x7ff3e4b3f000, DevPtr = 0x7ff3e4b3f000
:4:rocblit.cpp              :623 : 4393521497397 us: [pid:4154523 tid: 0x7ff56a04a200] HSA Copy Using Pinned resource size 33554432
:4:rocblit.cpp              :680 : 4393521497404 us: [pid:4154523 tid: 0x7ff56a04a200] HSA Async Copy staged H2D
:4:rocblit.cpp              :503 : 4393521497410 us: [pid:4154523 tid: 0x7ff56a04a200] Last copy mask 0x1
:4:rocblit.cpp              :520 : 4393521497414 us: [pid:4154523 tid: 0x7ff56a04a200] HSA Async Copy on copy_engine=0x1, dst=0x7ff352200000, src=0x7ff3e4b3f010, size=33554432, forceSDMA=0, wait_event=0x0, completion_signal=0x7ff5609ff180
:4:rocvirtual.cpp           :622 : 4393521497424 us: [pid:4154523 tid: 0x7ff56a04a200] Host wait on completion_signal=0x7ff5609ff180
:3:rocvirtual.hpp           :56  : 4393521497441 us: [pid:4154523 tid: 0x7ff56a04a200] Host active wait for Signal = (0x7ff5609ff180) for -1 ns
:4:rocmemory.cpp            :1018: 4393521499509 us: [pid:4154523 tid: 0x7ff56a04a200] Locking to pool 0x4017aed0, size 0x2001000, HostPtr = 0x7ff3e6b3f000, DevPtr = 0x7ff3e6b3f000
:4:rocblit.cpp              :623 : 4393521499527 us: [pid:4154523 tid: 0x7ff56a04a200] HSA Copy Using Pinned resource size 33554432
:4:rocblit.cpp              :680 : 4393521499537 us: [pid:4154523 tid: 0x7ff56a04a200] HSA Async Copy staged H2D
:4:rocblit.cpp              :503 : 4393521499546 us: [pid:4154523 tid: 0x7ff56a04a200] Last copy mask 0x1
:4:rocblit.cpp              :520 : 4393521499553 us: [pid:4154523 tid: 0x7ff56a04a200] HSA Async Copy on copy_engine=0x1, dst=0x7ff354200000, src=0x7ff3e6b3f010, size=33554432, forceSDMA=0, wait_event=0x0, completion_signal=0x7ff5609fd980
:4:rocvirtual.cpp           :622 : 4393521499566 us: [pid:4154523 tid: 0x7ff56a04a200] Host wait on completion_signal=0x7ff5609fd980
:3:rocvirtual.hpp           :56  : 4393521499577 us: [pid:4154523 tid: 0x7ff56a04a200] Host active wait for Signal = (0x7ff5609fd980) for -1 ns
:4:rocmemory.cpp            :1018: 4393521501686 us: [pid:4154523 tid: 0x7ff56a04a200] Locking to pool 0x4017aed0, size 0x2001000, HostPtr = 0x7ff3e8b3f000, DevPtr = 0x7ff3e8b3f000
:4:rocblit.cpp              :623 : 4393521501703 us: [pid:4154523 tid: 0x7ff56a04a200] HSA Copy Using Pinned resource size 33554432
:4:rocblit.cpp              :680 : 4393521501734 us: [pid:4154523 tid: 0x7ff56a04a200] HSA Async Copy staged H2D
:4:rocblit.cpp              :503 : 4393521501744 us: [pid:4154523 tid: 0x7ff56a04a200] Last copy mask 0x1
:4:rocblit.cpp              :520 : 4393521501749 us: [pid:4154523 tid: 0x7ff56a04a200] HSA Async Copy on copy_engine=0x1, dst=0x7ff356200000, src=0x7ff3e8b3f010, size=33554432, forceSDMA=0, wait_event=0x0, completion_signal=0x7ff5609fe480
:4:rocvirtual.cpp           :622 : 4393521501761 us: [pid:4154523 tid: 0x7ff56a04a200] Host wait on completion_signal=0x7ff5609fe480
:3:rocvirtual.hpp           :56  : 4393521501769 us: [pid:4154523 tid: 0x7ff56a04a200] Host active wait for Signal = (0x7ff5609fe480) for -1 ns
:4:rocmemory.cpp            :1018: 4393521503909 us: [pid:4154523 tid: 0x7ff56a04a200] Locking to pool 0x4017aed0, size 0x2001000, HostPtr = 0x7ff3eab3f000, DevPtr = 0x7ff3eab3f000
:4:rocblit.cpp              :623 : 4393521503934 us: [pid:4154523 tid: 0x7ff56a04a200] HSA Copy Using Pinned resource size 33554432
:4:rocblit.cpp              :680 : 4393521503944 us: [pid:4154523 tid: 0x7ff56a04a200] HSA Async Copy staged H2D
:4:rocblit.cpp              :503 : 4393521503949 us: [pid:4154523 tid: 0x7ff56a04a200] Last copy mask 0x1
:4:rocblit.cpp              :520 : 4393521503954 us: [pid:4154523 tid: 0x7ff56a04a200] HSA Async Copy on copy_engine=0x1, dst=0x7ff358200000, src=0x7ff3eab3f010, size=33554432, forceSDMA=0, wait_event=0x0, completion_signal=0x7ff5609fe500
:4:rocvirtual.cpp           :622 : 4393521503963 us: [pid:4154523 tid: 0x7ff56a04a200] Host wait on completion_signal=0x7ff5609fe500
:3:rocvirtual.hpp           :56  : 4393521503970 us: [pid:4154523 tid: 0x7ff56a04a200] Host active wait for Signal = (0x7ff5609fe500) for -1 ns
:4:rocmemory.cpp            :1018: 4393521506045 us: [pid:4154523 tid: 0x7ff56a04a200] Locking to pool 0x4017aed0, size 0x2001000, HostPtr = 0x7ff3ecb3f000, DevPtr = 0x7ff3ecb3f000
:4:rocblit.cpp              :623 : 4393521506062 us: [pid:4154523 tid: 0x7ff56a04a200] HSA Copy Using Pinned resource size 33554432
:4:rocblit.cpp              :680 : 4393521506070 us: [pid:4154523 tid: 0x7ff56a04a200] HSA Async Copy staged H2D
:4:rocblit.cpp              :503 : 4393521506075 us: [pid:4154523 tid: 0x7ff56a04a200] Last copy mask 0x1
:4:rocblit.cpp              :520 : 4393521506080 us: [pid:4154523 tid: 0x7ff56a04a200] HSA Async Copy on copy_engine=0x1, dst=0x7ff35a200000, src=0x7ff3ecb3f010, size=33554432, forceSDMA=0, wait_event=0x0, completion_signal=0x7ff5609fe600
:4:rocvirtual.cpp           :622 : 4393521506089 us: [pid:4154523 tid: 0x7ff56a04a200] Host wait on completion_signal=0x7ff5609fe600
:3:rocvirtual.hpp           :56  : 4393521506097 us: [pid:4154523 tid: 0x7ff56a04a200] Host active wait for Signal = (0x7ff5609fe600) for -1 ns
:4:rocmemory.cpp            :1018: 4393521508816 us: [pid:4154523 tid: 0x7ff56a04a200] Locking to pool 0x4017aed0, size 0x2001000, HostPtr = 0x7ff3eeb3f000, DevPtr = 0x7ff3eeb3f000
:4:rocblit.cpp              :623 : 4393521508840 us: [pid:4154523 tid: 0x7ff56a04a200] HSA Copy Using Pinned resource size 33554432
:4:rocblit.cpp              :680 : 4393521508858 us: [pid:4154523 tid: 0x7ff56a04a200] HSA Async Copy staged H2D
:4:rocblit.cpp              :503 : 4393521508866 us: [pid:4154523 tid: 0x7ff56a04a200] Last copy mask 0x1
:4:rocblit.cpp              :520 : 4393521508872 us: [pid:4154523 tid: 0x7ff56a04a200] HSA Async Copy on copy_engine=0x1, dst=0x7ff35c200000, src=0x7ff3eeb3f010, size=33554432, forceSDMA=0, wait_event=0x0, completion_signal=0x7ff5609fef80
:4:rocvirtual.cpp           :622 : 4393521508890 us: [pid:4154523 tid: 0x7ff56a04a200] Host wait on completion_signal=0x7ff5609fef80
:3:rocvirtual.hpp           :56  : 4393521508900 us: [pid:4154523 tid: 0x7ff56a04a200] Host active wait for Signal = (0x7ff5609fef80) for -1 ns
:4:rocmemory.cpp            :1018: 4393521510969 us: [pid:4154523 tid: 0x7ff56a04a200] Locking to pool 0x4017aed0, size 0x2001000, HostPtr = 0x7ff3f0b3f000, DevPtr = 0x7ff3f0b3f000
:4:rocblit.cpp              :623 : 4393521510992 us: [pid:4154523 tid: 0x7ff56a04a200] HSA Copy Using Pinned resource size 33554432
:4:rocblit.cpp              :680 : 4393521511000 us: [pid:4154523 tid: 0x7ff56a04a200] HSA Async Copy staged H2D
:4:rocblit.cpp              :503 : 4393521511006 us: [pid:4154523 tid: 0x7ff56a04a200] Last copy mask 0x1
:4:rocblit.cpp              :520 : 4393521511010 us: [pid:4154523 tid: 0x7ff56a04a200] HSA Async Copy on copy_engine=0x1, dst=0x7ff35e200000, src=0x7ff3f0b3f010, size=33554432, forceSDMA=0, wait_event=0x0, completion_signal=0x7ff5609fda00
:4:rocvirtual.cpp           :622 : 4393521511025 us: [pid:4154523 tid: 0x7ff56a04a200] Host wait on completion_signal=0x7ff5609fda00
:3:rocvirtual.hpp           :56  : 4393521511658 us: [pid:4154523 tid: 0x7ff56a04a200] Host active wait for Signal = (0x7ff5609fda00) for -1 ns
:4:rocmemory.cpp            :1018: 4393521558783 us: [pid:4154523 tid: 0x7ff56a04a200] Locking to pool 0x4017aed0, size 0x14c1000, HostPtr = 0x7ff3f2b3f000, DevPtr = 0x7ff3f2b3f000
:4:rocblit.cpp              :623 : 4393521558815 us: [pid:4154523 tid: 0x7ff56a04a200] HSA Copy Using Pinned resource size 21757952
:4:rocblit.cpp              :680 : 4393521558829 us: [pid:4154523 tid: 0x7ff56a04a200] HSA Async Copy staged H2D
:4:rocblit.cpp              :503 : 4393521558843 us: [pid:4154523 tid: 0x7ff56a04a200] Last copy mask 0x1
:4:rocblit.cpp              :520 : 4393521558850 us: [pid:4154523 tid: 0x7ff56a04a200] HSA Async Copy on copy_engine=0x1, dst=0x7ff360200000, src=0x7ff3f2b3f010, size=21757952, forceSDMA=0, wait_event=0x0, completion_signal=0x7ff5609fdb00
:4:rocvirtual.cpp           :622 : 4393521558873 us: [pid:4154523 tid: 0x7ff56a04a200] Host wait on completion_signal=0x7ff5609fdb00
:3:rocvirtual.hpp           :56  : 4393521558884 us: [pid:4154523 tid: 0x7ff56a04a200] Host active wait for Signal = (0x7ff5609fdb00) for -1 ns
:4:commandqueue.cpp         :161 : 4393521666236 us: [pid:4154523 tid: 0x7ff56a04a200] Marker queued to ensure finish
:4:command.cpp              :359 : 4393521666262 us: [pid:4154523 tid: 0x7ff56a04a200] Command (InternalMarker) enqueued: 0x40310790
:3:rocvirtual.cpp           :533 : 4393521666288 us: [pid:4154523 tid: 0x7ff56a04a200] Set Handler: handle(0x7ff5609fcd00), timestamp(0x40972650)
:4:rocvirtual.cpp           :1147: 4393521666303 us: [pid:4154523 tid: 0x7ff56a04a200] SWq=0x7ff56a034000, HWq=0x7ff54da00000, id=1, BarrierAND Header = 0x1503 (type=3, barrier=1, acquire=2, release=2), dep_signal=[0x0, 0x0, 0x0, 0x0, 0x0], completion_signal=0x7ff5609fcd00
:3:rocvirtual.hpp           :56  : 4393521666318 us: [pid:4154523 tid: 0x7ff56a04a200] Host active wait for Signal = (0x7ff5609fcd00) for -1 ns
:3:rocvirtual.cpp           :226 : 4393521733680 us: [pid:4154523 tid: 0x7ff42fbff6c0] Handler: value(0), timestamp(0x406f05d0), handle(0x7ff5609fcd00)
:4:command.cpp              :169 : 4393521733708 us: [pid:4154523 tid: 0x7ff42fbff6c0] Command 0x4035b750 complete
:4:command.cpp              :163 : 4393521733716 us: [pid:4154523 tid: 0x7ff42fbff6c0] Command 0x40310790 complete (Wall: 4393521733715, CPU: 0, GPU: 67439 us)
:4:commandqueue.cpp         :184 : 4393521733680 us: [pid:4154523 tid: 0x7ff56a04a200] All commands finished
:3:hip_memory.cpp           :796 : 4393521733747 us: [pid:4154523 tid: 0x7ff56a04a200] hipMemcpy: Returned hipSuccess : : duration: 252526 us
:3:hip_memory.cpp           :756 : 4393521733766 us: [pid:4154523 tid: 0x7ff56a04a200] [32m hipMalloc ( 0x7ffc109238d8, 393216 ) [0m
:4:rocdevice.cpp            :2371: 4393521733796 us: [pid:4154523 tid: 0x7ff56a04a200] Allocate hsa device memory 0x7ff54cc27000, size 0x60000, hsa_mem_flags 0x0h
:3:rocdevice.cpp            :2411: 4393521733809 us: [pid:4154523 tid: 0x7ff56a04a200] Device=0x40274500, freeMem_ = 0xfe1ae0000
:3:hip_memory.cpp           :758 : 4393521733824 us: [pid:4154523 tid: 0x7ff56a04a200] hipMalloc: Returned hipSuccess : 0x7ff54cc27000: duration: 58 us
:3:hip_memory.cpp           :795 : 4393521733849 us: [pid:4154523 tid: 0x7ff56a04a200] [32m hipMemcpy ( 0x7ff54cc27000, 0x40a1a070, 393216, hipMemcpyHostToDevice ) [0m
:4:command.cpp              :359 : 4393521733868 us: [pid:4154523 tid: 0x7ff56a04a200] Command (CopyHostToDevice) enqueued: 0x4035b750
:4:rocblit.cpp              :1803: 4393521733888 us: [pid:4154523 tid: 0x7ff56a04a200] Unpinned write path, Async = 0
:4:rocblit.cpp              :633 : 4393521733897 us: [pid:4154523 tid: 0x7ff56a04a200] HSA Copy Using Staging resource size 393216
:4:rocblit.cpp              :680 : 4393521734297 us: [pid:4154523 tid: 0x7ff56a04a200] HSA Async Copy staged H2D
:4:rocblit.cpp              :503 : 4393521734312 us: [pid:4154523 tid: 0x7ff56a04a200] Last copy mask 0x0
:4:rocblit.cpp              :509 : 4393521734322 us: [pid:4154523 tid: 0x7ff56a04a200] Query copy engine status 0, free_engine mask 0x1f
:4:rocblit.cpp              :520 : 4393521734332 us: [pid:4154523 tid: 0x7ff56a04a200] HSA Async Copy on copy_engine=0x1, dst=0x7ff54cc27000, src=0x7ff54d216200, size=393216, forceSDMA=0, wait_event=0x0, completion_signal=0x7ff5609fe680
:4:commandqueue.cpp         :161 : 4393521734347 us: [pid:4154523 tid: 0x7ff56a04a200] Marker queued to ensure finish
:4:command.cpp              :359 : 4393521734353 us: [pid:4154523 tid: 0x7ff56a04a200] Command (InternalMarker) enqueued: 0x40310790
:3:rocvirtual.cpp           :533 : 4393521734372 us: [pid:4154523 tid: 0x7ff56a04a200] Set Handler: handle(0x7ff5609fcc00), timestamp(0x40897630)
:4:rocvirtual.cpp           :1147: 4393521734392 us: [pid:4154523 tid: 0x7ff56a04a200] SWq=0x7ff56a034000, HWq=0x7ff54da00000, id=1, BarrierAND Header = 0x1503 (type=3, barrier=1, acquire=2, release=2), dep_signal=[0x7ff5609fe680, 0x0, 0x0, 0x0, 0x0], completion_signal=0x7ff5609fcc00
:3:rocvirtual.hpp           :56  : 4393521734407 us: [pid:4154523 tid: 0x7ff56a04a200] Host active wait for Signal = (0x7ff5609fcc00) for -1 ns
:3:rocvirtual.cpp           :226 : 4393521749232 us: [pid:4154523 tid: 0x7ff42fbff6c0] Handler: value(0), timestamp(0x4089f9e0), handle(0x7ff5609fcc00)
:4:command.cpp              :169 : 4393521749252 us: [pid:4154523 tid: 0x7ff42fbff6c0] Command 0x4035b750 complete
:4:command.cpp              :163 : 4393521749259 us: [pid:4154523 tid: 0x7ff42fbff6c0] Command 0x40310790 complete (Wall: 4393521749258, CPU: 0, GPU: 14895 us)
:4:commandqueue.cpp         :184 : 4393521749232 us: [pid:4154523 tid: 0x7ff56a04a200] All commands finished
:3:hip_memory.cpp           :796 : 4393521749292 us: [pid:4154523 tid: 0x7ff56a04a200] hipMemcpy: Returned hipSuccess : : duration: 15443 us
:3:hip_memory.cpp           :756 : 4393521749306 us: [pid:4154523 tid: 0x7ff56a04a200] [32m hipMalloc ( 0x7ffc109238d0, 491520000 ) [0m
:4:rocdevice.cpp            :2371: 4393521749484 us: [pid:4154523 tid: 0x7ff56a04a200] Allocate hsa device memory 0x7ff326a00000, size 0x1d4c0000, hsa_mem_flags 0x0h
:3:rocdevice.cpp            :2411: 4393521749945 us: [pid:4154523 tid: 0x7ff56a04a200] Device=0x40274500, freeMem_ = 0xfc4620000
:3:hip_memory.cpp           :758 : 4393521749960 us: [pid:4154523 tid: 0x7ff56a04a200] hipMalloc: Returned hipSuccess : 0x7ff326a00000: duration: 654 us
:3:hip_memory.cpp           :756 : 4393521749979 us: [pid:4154523 tid: 0x7ff56a04a200] [32m hipMalloc ( 0x7ffc109238c8, 36 ) [0m
:4:rocdevice.cpp            :2371: 4393521749998 us: [pid:4154523 tid: 0x7ff56a04a200] Allocate hsa device memory 0x7ff54cc00000, size 0x24, hsa_mem_flags 0x0h
:3:rocdevice.cpp            :2411: 4393521750009 us: [pid:4154523 tid: 0x7ff56a04a200] Device=0x40274500, freeMem_ = 0xfc461ffdc
:3:hip_memory.cpp           :758 : 4393521750020 us: [pid:4154523 tid: 0x7ff56a04a200] hipMalloc: Returned hipSuccess : 0x7ff54cc00000: duration: 41 us
:3:hip_memory.cpp           :795 : 4393521750032 us: [pid:4154523 tid: 0x7ff56a04a200] [32m hipMemcpy ( 0x7ff54cc00000, 0x4089f5d0, 36, hipMemcpyHostToDevice ) [0m
:4:command.cpp              :359 : 4393521750051 us: [pid:4154523 tid: 0x7ff56a04a200] Command (CopyHostToDevice) enqueued: 0x4035b750
:4:rocblit.cpp              :1803: 4393521750067 us: [pid:4154523 tid: 0x7ff56a04a200] Unpinned write path, Async = 0
:4:rocblit.cpp              :1832: 4393521750073 us: [pid:4154523 tid: 0x7ff56a04a200] memcpy stg buf=0x7ff54d276200, host src=0x4089f5d0, size=36
:4:rocblit.cpp              :1835: 4393521750083 us: [pid:4154523 tid: 0x7ff56a04a200] Blit staging H2D copy dst=0x7ff54cc00000, stg buf=0x7ff54d276200, dstOrigin=0x0, size=36
:3:rocvirtual.cpp           :762 : 4393521750097 us: [pid:4154523 tid: 0x7ff56a04a200] Arg0: uchar* src = ptr:0x7ff54d276200
:3:rocvirtual.cpp           :762 : 4393521750540 us: [pid:4154523 tid: 0x7ff56a04a200] Arg1: uchar* dst = ptr:0x7ff54cc00000
:3:rocvirtual.cpp           :853 : 4393521750548 us: [pid:4154523 tid: 0x7ff56a04a200] Arg2: ulong size = val:36
:3:rocvirtual.cpp           :853 : 4393521750555 us: [pid:4154523 tid: 0x7ff56a04a200] Arg3: uint remainder = val:4
:3:rocvirtual.cpp           :853 : 4393521750562 us: [pid:4154523 tid: 0x7ff56a04a200] Arg4: uint aligned_size = val:16
:3:rocvirtual.cpp           :853 : 4393521750573 us: [pid:4154523 tid: 0x7ff56a04a200] Arg5: ulong end_ptr = val:140691531366432
:3:rocvirtual.cpp           :853 : 4393521750583 us: [pid:4154523 tid: 0x7ff56a04a200] Arg6: uint next_chunk = val:512
:3:rocvirtual.cpp           :3236: 4393521750590 us: [pid:4154523 tid: 0x7ff56a04a200] ShaderName : __amd_rocclr_copyBuffer
:3:rocvirtual.cpp           :3449: 4393521750603 us: [pid:4154523 tid: 0x7ff56a04a200] KernargSegmentByteSize = 304 KernargSegmentAlignment = 128
:4:rocvirtual.cpp           :965 : 4393521750620 us: [pid:4154523 tid: 0x7ff56a04a200] SWq=0x7ff56a034000, HWq=0x7ff54da00000, id=1, Dispatch Header = 0x1502 (type=2, barrier=1, acquire=2, release=2), setup=1, grid=[512, 1, 1], workgroup=[512, 1, 1], private_seg_size=0, group_seg_size=0, kernel_obj=0x7ff56a025dc0, kernarg_address=0x7ff54d800000, completion_signal=0x0, correlation_id=0, rptr=132, wptr=132
:4:commandqueue.cpp         :161 : 4393521750641 us: [pid:4154523 tid: 0x7ff56a04a200] Marker queued to ensure finish
:4:command.cpp              :359 : 4393521750648 us: [pid:4154523 tid: 0x7ff56a04a200] Command (InternalMarker) enqueued: 0x40310790
:3:rocvirtual.cpp           :533 : 4393521750670 us: [pid:4154523 tid: 0x7ff56a04a200] Set Handler: handle(0x7ff5609fcc80), timestamp(0x40972760)
:4:rocvirtual.cpp           :1147: 4393521750683 us: [pid:4154523 tid: 0x7ff56a04a200] SWq=0x7ff56a034000, HWq=0x7ff54da00000, id=1, BarrierAND Header = 0x1503 (type=3, barrier=1, acquire=2, release=2), dep_signal=[0x0, 0x0, 0x0, 0x0, 0x0], completion_signal=0x7ff5609fcc80
:3:rocvirtual.hpp           :56  : 4393521751296 us: [pid:4154523 tid: 0x7ff56a04a200] Host active wait for Signal = (0x7ff5609fcc80) for -1 ns
:4:commandqueue.cpp         :184 : 4393521933443 us: [pid:4154523 tid: 0x7ff56a04a200] All commands finished
:3:rocvirtual.cpp           :226 : 4393521933443 us: [pid:4154523 tid: 0x7ff42fbff6c0] Handler: value(0), timestamp(0x406f0390), handle(0x7ff5609fcc80)
:4:command.cpp              :169 : 4393521933503 us: [pid:4154523 tid: 0x7ff42fbff6c0] Command 0x4035b750 complete
:3:hip_memory.cpp           :796 : 4393521933481 us: [pid:4154523 tid: 0x7ff56a04a200] hipMemcpy: Returned hipSuccess : : duration: 183449 us
:4:command.cpp              :163 : 4393521933514 us: [pid:4154523 tid: 0x7ff42fbff6c0] Command 0x40310790 complete (Wall: 4393521933512, CPU: 0, GPU: 182848 us)
:3:hip_memory.cpp           :3476: 4393521933535 us: [pid:4154523 tid: 0x7ff56a04a200] [32m hipMemset ( 0x7ff326a00000, 0, 491520000 ) [0m
:4:command.cpp              :359 : 4393521933567 us: [pid:4154523 tid: 0x7ff56a04a200] Command (FillBuffer) enqueued: 0x40aa9a40
:3:rocvirtual.cpp           :762 : 4393521933586 us: [pid:4154523 tid: 0x7ff56a04a200] Arg0: void* buf = ptr:0x7ff326a00000
:3:rocvirtual.cpp           :778 : 4393521933594 us: [pid:4154523 tid: 0x7ff56a04a200] Arg0: void* buf = ptr:0x7ff326a00000 obj:[0x7ff326a00000-0x7ff343ec0000]
:3:rocvirtual.cpp           :762 : 4393521933605 us: [pid:4154523 tid: 0x7ff56a04a200] Arg1: uchar* pattern = ptr:0x7ff54d800200
:3:rocvirtual.cpp           :853 : 4393521933615 us: [pid:4154523 tid: 0x7ff56a04a200] Arg2: uint pattern_size = val:1
:3:rocvirtual.cpp           :853 : 4393521933622 us: [pid:4154523 tid: 0x7ff56a04a200] Arg3: uint alignment = val:16
:3:rocvirtual.cpp           :853 : 4393521933629 us: [pid:4154523 tid: 0x7ff56a04a200] Arg4: ulong end_ptr = val:140682793320448
:3:rocvirtual.cpp           :853 : 4393521933999 us: [pid:4154523 tid: 0x7ff56a04a200] Arg5: uint next_chunk = val:26624
:3:rocvirtual.cpp           :3236: 4393521934008 us: [pid:4154523 tid: 0x7ff56a04a200] ShaderName : __amd_rocclr_fillBufferAligned
:3:rocvirtual.cpp           :3449: 4393521934034 us: [pid:4154523 tid: 0x7ff56a04a200] KernargSegmentByteSize = 296 KernargSegmentAlignment = 128
:4:rocvirtual.cpp           :965 : 4393521934049 us: [pid:4154523 tid: 0x7ff56a04a200] SWq=0x7ff56a034000, HWq=0x7ff54da00000, id=1, Dispatch Header = 0xb02 (type=2, barrier=1, acquire=1, release=1), setup=1, grid=[26624, 1, 1], workgroup=[256, 1, 1], private_seg_size=0, group_seg_size=0, kernel_obj=0x7ff56a025d40, kernarg_address=0x7ff54d800300, completion_signal=0x0, correlation_id=0, rptr=134, wptr=134
:3:hip_memory.cpp           :3477: 4393521934068 us: [pid:4154523 tid: 0x7ff56a04a200] hipMemset: Returned hipSuccess : 
:3:hip_device_runtime.cpp   :641 : 4393521934076 us: [pid:4154523 tid: 0x7ff56a04a200] [32m hipDeviceSynchronize (  ) [0m
:4:commandqueue.cpp         :161 : 4393521934084 us: [pid:4154523 tid: 0x7ff56a04a200] Marker queued to ensure finish
:4:command.cpp              :359 : 4393521934090 us: [pid:4154523 tid: 0x7ff56a04a200] Command (InternalMarker) enqueued: 0x40310790
:3:rocvirtual.cpp           :533 : 4393521934108 us: [pid:4154523 tid: 0x7ff56a04a200] Set Handler: handle(0x7ff5609fcf80), timestamp(0x406f02d0)
:4:rocvirtual.cpp           :1147: 4393521934120 us: [pid:4154523 tid: 0x7ff56a04a200] SWq=0x7ff56a034000, HWq=0x7ff54da00000, id=1, BarrierAND Header = 0x1503 (type=3, barrier=1, acquire=2, release=2), dep_signal=[0x0, 0x0, 0x0, 0x0, 0x0], completion_signal=0x7ff5609fcf80
:3:rocvirtual.hpp           :56  : 4393521934134 us: [pid:4154523 tid: 0x7ff56a04a200] Host active wait for Signal = (0x7ff5609fcf80) for -1 ns
:3:rocvirtual.cpp           :226 : 4393522153379 us: [pid:4154523 tid: 0x7ff42fbff6c0] Handler: value(0), timestamp(0x4035bc80), handle(0x7ff5609fcf80)
:4:commandqueue.cpp         :184 : 4393522153379 us: [pid:4154523 tid: 0x7ff56a04a200] All commands finished
:4:command.cpp              :169 : 4393522153411 us: [pid:4154523 tid: 0x7ff42fbff6c0] Command 0x40aa9a40 complete
:3:hip_device_runtime.cpp   :645 : 4393522153431 us: [pid:4154523 tid: 0x7ff56a04a200] hipDeviceSynchronize: Returned hipSuccess : 
:3:hip_platform.cpp         :237 : 4393522153458 us: [pid:4154523 tid: 0x7ff56a04a200] [32m __hipPushCallConfiguration ( {8,1,1}, {128,1,1}, 0, stream:<null> ) [0m
:4:command.cpp              :163 : 4393522153459 us: [pid:4154523 tid: 0x7ff42fbff6c0] Command 0x40310790 complete (Wall: 4393522153456, CPU: 0, GPU: 219356 us)
:3:hip_platform.cpp         :241 : 4393522153471 us: [pid:4154523 tid: 0x7ff56a04a200] __hipPushCallConfiguration: Returned hipSuccess : 
:3:hip_platform.cpp         :246 : 4393522153502 us: [pid:4154523 tid: 0x7ff56a04a200] [32m __hipPopCallConfiguration ( {1951258706,32757,128}, {2118224,0,278018480}, 0x7ffc10923700, 0x7ffc109236f8 ) [0m
:3:hip_platform.cpp         :255 : 4393522153513 us: [pid:4154523 tid: 0x7ff56a04a200] __hipPopCallConfiguration: Returned hipSuccess : 
:3:hip_module.cpp           :744 : 4393522153529 us: [pid:4154523 tid: 0x7ff56a04a200] [32m hipLaunchKernel ( 0x200fd8, {8,1,1}, {128,1,1}, 0x7ffc109236b0, 0, stream:<null> ) [0m
:4:command.cpp              :359 : 4393522153552 us: [pid:4154523 tid: 0x7ff56a04a200] Command (KernelExecution) enqueued: 0x40a93ca0
:3:rocvirtual.cpp           :762 : 4393522153565 us: [pid:4154523 tid: 0x7ff56a04a200] Arg0:   = ptr:0x7ff344200000
:3:rocvirtual.cpp           :778 : 4393522153572 us: [pid:4154523 tid: 0x7ff56a04a200] Arg0:   = ptr:0x7ff344200000 obj:[0x7ff344200000-0x7ff3616c0000]
:3:rocvirtual.cpp           :762 : 4393522153589 us: [pid:4154523 tid: 0x7ff56a04a200] Arg1:   = ptr:0x7ff54cc27000
:3:rocvirtual.cpp           :778 : 4393522153596 us: [pid:4154523 tid: 0x7ff56a04a200] Arg1:   = ptr:0x7ff54cc27000 obj:[0x7ff54cc27000-0x7ff54cc87000]
:3:rocvirtual.cpp           :762 : 4393522153984 us: [pid:4154523 tid: 0x7ff56a04a200] Arg2:   = ptr:0x7ff326a00000
:3:rocvirtual.cpp           :778 : 4393522153992 us: [pid:4154523 tid: 0x7ff56a04a200] Arg2:   = ptr:0x7ff326a00000 obj:[0x7ff326a00000-0x7ff343ec0000]
:3:rocvirtual.cpp           :853 : 4393522154023 us: [pid:4154523 tid: 0x7ff56a04a200] Arg3:   = val:12288
:3:rocvirtual.cpp           :762 : 4393522154030 us: [pid:4154523 tid: 0x7ff56a04a200] Arg4:   = ptr:0x7ff54cc00000
:3:rocvirtual.cpp           :778 : 4393522154037 us: [pid:4154523 tid: 0x7ff56a04a200] Arg4:   = ptr:0x7ff54cc00000 obj:[0x7ff54cc00000-0x7ff54cc00024]
:3:rocvirtual.cpp           :3236: 4393522154048 us: [pid:4154523 tid: 0x7ff56a04a200] ShaderName : void dense_esuhm<float>(float const*, float const*, float*, int, int const*)
:3:rocvirtual.cpp           :3449: 4393522154062 us: [pid:4154523 tid: 0x7ff56a04a200] KernargSegmentByteSize = 296 KernargSegmentAlignment = 128
:4:rocvirtual.cpp           :965 : 4393522154078 us: [pid:4154523 tid: 0x7ff56a04a200] SWq=0x7ff56a034000, HWq=0x7ff54da00000, id=1, Dispatch Header = 0xb02 (type=2, barrier=1, acquire=1, release=1), setup=3, grid=[1024, 1, 1], workgroup=[128, 1, 1], private_seg_size=140, group_seg_size=0, kernel_obj=0x7ff560a91980, kernarg_address=0x7ff54d800480, completion_signal=0x0, correlation_id=0, rptr=136, wptr=136
:3:hip_module.cpp           :745 : 4393522154103 us: [pid:4154523 tid: 0x7ff56a04a200] hipLaunchKernel: Returned hipSuccess : : duration: 574 us
:3:hip_device_runtime.cpp   :641 : 4393522154115 us: [pid:4154523 tid: 0x7ff56a04a200] [32m hipDeviceSynchronize (  ) [0m
:4:commandqueue.cpp         :161 : 4393522154129 us: [pid:4154523 tid: 0x7ff56a04a200] Marker queued to ensure finish
:4:command.cpp              :359 : 4393522154557 us: [pid:4154523 tid: 0x7ff56a04a200] Command (InternalMarker) enqueued: 0x40310790
:3:rocvirtual.cpp           :533 : 4393522154582 us: [pid:4154523 tid: 0x7ff56a04a200] Set Handler: handle(0x7ff5609fce80), timestamp(0x40897670)
:4:rocvirtual.cpp           :1147: 4393522154595 us: [pid:4154523 tid: 0x7ff56a04a200] SWq=0x7ff56a034000, HWq=0x7ff54da00000, id=1, BarrierAND Header = 0x1503 (type=3, barrier=1, acquire=2, release=2), dep_signal=[0x0, 0x0, 0x0, 0x0, 0x0], completion_signal=0x7ff5609fce80
:3:rocvirtual.hpp           :56  : 4393522154613 us: [pid:4154523 tid: 0x7ff56a04a200] Host active wait for Signal = (0x7ff5609fce80) for -1 ns
:4:commandqueue.cpp         :184 : 4393522849385 us: [pid:4154523 tid: 0x7ff56a04a200] All commands finished
:3:rocvirtual.cpp           :226 : 4393522849387 us: [pid:4154523 tid: 0x7ff42fbff6c0] Handler: value(0), timestamp(0x40a9d640), handle(0x7ff5609fce80)
:3:hip_device_runtime.cpp   :645 : 4393522849415 us: [pid:4154523 tid: 0x7ff56a04a200] hipDeviceSynchronize: Returned hipSuccess : 
:4:command.cpp              :169 : 4393522849433 us: [pid:4154523 tid: 0x7ff42fbff6c0] Command 0x40a93ca0 complete
:3:hip_memory.cpp           :795 : 4393522849456 us: [pid:4154523 tid: 0x7ff56a04a200] [32m hipMemcpy ( 0x7ff3b967e010, 0x7ff326a00000, 491520000, hipMemcpyDeviceToHost ) [0m
:4:command.cpp              :163 : 4393522849461 us: [pid:4154523 tid: 0x7ff42fbff6c0] Command 0x40310790 complete (Wall: 4393522849459, CPU: 0, GPU: 694888 us)
:4:command.cpp              :359 : 4393522849482 us: [pid:4154523 tid: 0x7ff56a04a200] Command (CopyDeviceToHost) enqueued: 0x4035b750
:4:rocblit.cpp              :1673: 4393522849496 us: [pid:4154523 tid: 0x7ff56a04a200] Unpinned read path, Async = 0
:4:rocmemory.cpp            :1018: 4393522861373 us: [pid:4154523 tid: 0x7ff56a04a200] Locking to pool 0x4017aed0, size 0x2001000, HostPtr = 0x7ff3b967e000, DevPtr = 0x7ff3b967e000
:4:rocblit.cpp              :623 : 4393522861404 us: [pid:4154523 tid: 0x7ff56a04a200] HSA Copy Using Pinned resource size 33554432
:4:rocblit.cpp              :687 : 4393522861417 us: [pid:4154523 tid: 0x7ff56a04a200] HSA Async Copy staged D2H
:4:rocblit.cpp              :503 : 4393522861428 us: [pid:4154523 tid: 0x7ff56a04a200] Last copy mask 0x0
:4:rocblit.cpp              :509 : 4393522861437 us: [pid:4154523 tid: 0x7ff56a04a200] Query copy engine status 0, free_engine mask 0x1e
:4:rocblit.cpp              :520 : 4393522861446 us: [pid:4154523 tid: 0x7ff56a04a200] HSA Async Copy on copy_engine=0x2, dst=0x7ff3b967e010, src=0x7ff326a00000, size=33554432, forceSDMA=0, wait_event=0x0, completion_signal=0x7ff5609fdd00
:4:rocvirtual.cpp           :622 : 4393522861461 us: [pid:4154523 tid: 0x7ff56a04a200] Host wait on completion_signal=0x7ff5609fdd00
:3:rocvirtual.hpp           :56  : 4393522861469 us: [pid:4154523 tid: 0x7ff56a04a200] Host active wait for Signal = (0x7ff5609fdd00) for -1 ns
:4:rocmemory.cpp            :1018: 4393522875169 us: [pid:4154523 tid: 0x7ff56a04a200] Locking to pool 0x4017aed0, size 0x2001000, HostPtr = 0x7ff3bb67e000, DevPtr = 0x7ff3bb67e000
:4:rocblit.cpp              :623 : 4393522875197 us: [pid:4154523 tid: 0x7ff56a04a200] HSA Copy Using Pinned resource size 33554432
:4:rocblit.cpp              :687 : 4393522875209 us: [pid:4154523 tid: 0x7ff56a04a200] HSA Async Copy staged D2H
:4:rocblit.cpp              :503 : 4393522875217 us: [pid:4154523 tid: 0x7ff56a04a200] Last copy mask 0x2
:4:rocblit.cpp              :520 : 4393522875225 us: [pid:4154523 tid: 0x7ff56a04a200] HSA Async Copy on copy_engine=0x2, dst=0x7ff3bb67e010, src=0x7ff328a00000, size=33554432, forceSDMA=0, wait_event=0x0, completion_signal=0x7ff5609feb80
:4:rocvirtual.cpp           :622 : 4393522875240 us: [pid:4154523 tid: 0x7ff56a04a200] Host wait on completion_signal=0x7ff5609feb80
:3:rocvirtual.hpp           :56  : 4393522875248 us: [pid:4154523 tid: 0x7ff56a04a200] Host active wait for Signal = (0x7ff5609feb80) for -1 ns
:4:rocmemory.cpp            :1018: 4393522889607 us: [pid:4154523 tid: 0x7ff56a04a200] Locking to pool 0x4017aed0, size 0x2001000, HostPtr = 0x7ff3bd67e000, DevPtr = 0x7ff3bd67e000
:4:rocblit.cpp              :623 : 4393522889635 us: [pid:4154523 tid: 0x7ff56a04a200] HSA Copy Using Pinned resource size 33554432
:4:rocblit.cpp              :687 : 4393522889647 us: [pid:4154523 tid: 0x7ff56a04a200] HSA Async Copy staged D2H
:4:rocblit.cpp              :503 : 4393522889656 us: [pid:4154523 tid: 0x7ff56a04a200] Last copy mask 0x2
:4:rocblit.cpp              :520 : 4393522889663 us: [pid:4154523 tid: 0x7ff56a04a200] HSA Async Copy on copy_engine=0x2, dst=0x7ff3bd67e010, src=0x7ff32aa00000, size=33554432, forceSDMA=0, wait_event=0x0, completion_signal=0x7ff5609fed80
:4:rocvirtual.cpp           :622 : 4393522889677 us: [pid:4154523 tid: 0x7ff56a04a200] Host wait on completion_signal=0x7ff5609fed80
:3:rocvirtual.hpp           :56  : 4393522889688 us: [pid:4154523 tid: 0x7ff56a04a200] Host active wait for Signal = (0x7ff5609fed80) for -1 ns
:4:rocmemory.cpp            :1018: 4393522903705 us: [pid:4154523 tid: 0x7ff56a04a200] Locking to pool 0x4017aed0, size 0x2001000, HostPtr = 0x7ff3bf67e000, DevPtr = 0x7ff3bf67e000
:4:rocblit.cpp              :623 : 4393522903737 us: [pid:4154523 tid: 0x7ff56a04a200] HSA Copy Using Pinned resource size 33554432
:4:rocblit.cpp              :687 : 4393522903748 us: [pid:4154523 tid: 0x7ff56a04a200] HSA Async Copy staged D2H
:4:rocblit.cpp              :503 : 4393522903759 us: [pid:4154523 tid: 0x7ff56a04a200] Last copy mask 0x2
:4:rocblit.cpp              :520 : 4393522903766 us: [pid:4154523 tid: 0x7ff56a04a200] HSA Async Copy on copy_engine=0x2, dst=0x7ff3bf67e010, src=0x7ff32ca00000, size=33554432, forceSDMA=0, wait_event=0x0, completion_signal=0x7ff5609fe980
:4:rocvirtual.cpp           :622 : 4393522903780 us: [pid:4154523 tid: 0x7ff56a04a200] Host wait on completion_signal=0x7ff5609fe980
:3:rocvirtual.hpp           :56  : 4393522903791 us: [pid:4154523 tid: 0x7ff56a04a200] Host active wait for Signal = (0x7ff5609fe980) for -1 ns
:4:rocmemory.cpp            :1018: 4393522917956 us: [pid:4154523 tid: 0x7ff56a04a200] Locking to pool 0x4017aed0, size 0x2001000, HostPtr = 0x7ff3c167e000, DevPtr = 0x7ff3c167e000
:4:rocblit.cpp              :623 : 4393522917978 us: [pid:4154523 tid: 0x7ff56a04a200] HSA Copy Using Pinned resource size 33554432
:4:rocblit.cpp              :687 : 4393522917986 us: [pid:4154523 tid: 0x7ff56a04a200] HSA Async Copy staged D2H
:4:rocblit.cpp              :503 : 4393522917991 us: [pid:4154523 tid: 0x7ff56a04a200] Last copy mask 0x2
:4:rocblit.cpp              :520 : 4393522918000 us: [pid:4154523 tid: 0x7ff56a04a200] HSA Async Copy on copy_engine=0x2, dst=0x7ff3c167e010, src=0x7ff32ea00000, size=33554432, forceSDMA=0, wait_event=0x0, completion_signal=0x7ff5609fde00
:4:rocvirtual.cpp           :622 : 4393522918011 us: [pid:4154523 tid: 0x7ff56a04a200] Host wait on completion_signal=0x7ff5609fde00
:3:rocvirtual.hpp           :56  : 4393522918019 us: [pid:4154523 tid: 0x7ff56a04a200] Host active wait for Signal = (0x7ff5609fde00) for -1 ns
:4:rocmemory.cpp            :1018: 4393522931906 us: [pid:4154523 tid: 0x7ff56a04a200] Locking to pool 0x4017aed0, size 0x2001000, HostPtr = 0x7ff3c367e000, DevPtr = 0x7ff3c367e000
:4:rocblit.cpp              :623 : 4393522931932 us: [pid:4154523 tid: 0x7ff56a04a200] HSA Copy Using Pinned resource size 33554432
:4:rocblit.cpp              :687 : 4393522931940 us: [pid:4154523 tid: 0x7ff56a04a200] HSA Async Copy staged D2H
:4:rocblit.cpp              :503 : 4393522931947 us: [pid:4154523 tid: 0x7ff56a04a200] Last copy mask 0x2
:4:rocblit.cpp              :520 : 4393522931952 us: [pid:4154523 tid: 0x7ff56a04a200] HSA Async Copy on copy_engine=0x2, dst=0x7ff3c367e010, src=0x7ff330a00000, size=33554432, forceSDMA=0, wait_event=0x0, completion_signal=0x7ff5609fde80
:4:rocvirtual.cpp           :622 : 4393522931962 us: [pid:4154523 tid: 0x7ff56a04a200] Host wait on completion_signal=0x7ff5609fde80
:3:rocvirtual.hpp           :56  : 4393522931970 us: [pid:4154523 tid: 0x7ff56a04a200] Host active wait for Signal = (0x7ff5609fde80) for -1 ns
:4:rocmemory.cpp            :1018: 4393522945857 us: [pid:4154523 tid: 0x7ff56a04a200] Locking to pool 0x4017aed0, size 0x2001000, HostPtr = 0x7ff3c567e000, DevPtr = 0x7ff3c567e000
:4:rocblit.cpp              :623 : 4393522945883 us: [pid:4154523 tid: 0x7ff56a04a200] HSA Copy Using Pinned resource size 33554432
:4:rocblit.cpp              :687 : 4393522945894 us: [pid:4154523 tid: 0x7ff56a04a200] HSA Async Copy staged D2H
:4:rocblit.cpp              :503 : 4393522945901 us: [pid:4154523 tid: 0x7ff56a04a200] Last copy mask 0x2
:4:rocblit.cpp              :520 : 4393522945907 us: [pid:4154523 tid: 0x7ff56a04a200] HSA Async Copy on copy_engine=0x2, dst=0x7ff3c567e010, src=0x7ff332a00000, size=33554432, forceSDMA=0, wait_event=0x0, completion_signal=0x7ff5609fe700
:4:rocvirtual.cpp           :622 : 4393522945917 us: [pid:4154523 tid: 0x7ff56a04a200] Host wait on completion_signal=0x7ff5609fe700
:3:rocvirtual.hpp           :56  : 4393522945924 us: [pid:4154523 tid: 0x7ff56a04a200] Host active wait for Signal = (0x7ff5609fe700) for -1 ns
:4:rocmemory.cpp            :1018: 4393522959064 us: [pid:4154523 tid: 0x7ff56a04a200] Locking to pool 0x4017aed0, size 0x2001000, HostPtr = 0x7ff3c767e000, DevPtr = 0x7ff3c767e000
:4:rocblit.cpp              :623 : 4393522959093 us: [pid:4154523 tid: 0x7ff56a04a200] HSA Copy Using Pinned resource size 33554432
:4:rocblit.cpp              :687 : 4393522959104 us: [pid:4154523 tid: 0x7ff56a04a200] HSA Async Copy staged D2H
:4:rocblit.cpp              :503 : 4393522959112 us: [pid:4154523 tid: 0x7ff56a04a200] Last copy mask 0x2
:4:rocblit.cpp              :520 : 4393522959124 us: [pid:4154523 tid: 0x7ff56a04a200] HSA Async Copy on copy_engine=0x2, dst=0x7ff3c767e010, src=0x7ff334a00000, size=33554432, forceSDMA=0, wait_event=0x0, completion_signal=0x7ff5609fe800
:4:rocvirtual.cpp           :622 : 4393522959138 us: [pid:4154523 tid: 0x7ff56a04a200] Host wait on completion_signal=0x7ff5609fe800
:3:rocvirtual.hpp           :56  : 4393522959154 us: [pid:4154523 tid: 0x7ff56a04a200] Host active wait for Signal = (0x7ff5609fe800) for -1 ns
:4:rocmemory.cpp            :1018: 4393522972817 us: [pid:4154523 tid: 0x7ff56a04a200] Locking to pool 0x4017aed0, size 0x2001000, HostPtr = 0x7ff3c967e000, DevPtr = 0x7ff3c967e000
:4:rocblit.cpp              :623 : 4393522972839 us: [pid:4154523 tid: 0x7ff56a04a200] HSA Copy Using Pinned resource size 33554432
:4:rocblit.cpp              :687 : 4393522972851 us: [pid:4154523 tid: 0x7ff56a04a200] HSA Async Copy staged D2H
:4:rocblit.cpp              :503 : 4393522972864 us: [pid:4154523 tid: 0x7ff56a04a200] Last copy mask 0x2
:4:rocblit.cpp              :520 : 4393522972871 us: [pid:4154523 tid: 0x7ff56a04a200] HSA Async Copy on copy_engine=0x2, dst=0x7ff3c967e010, src=0x7ff336a00000, size=33554432, forceSDMA=0, wait_event=0x0, completion_signal=0x7ff5609fe880
:4:rocvirtual.cpp           :622 : 4393522972886 us: [pid:4154523 tid: 0x7ff56a04a200] Host wait on completion_signal=0x7ff5609fe880
:3:rocvirtual.hpp           :56  : 4393522972897 us: [pid:4154523 tid: 0x7ff56a04a200] Host active wait for Signal = (0x7ff5609fe880) for -1 ns
:4:rocmemory.cpp            :1018: 4393522986813 us: [pid:4154523 tid: 0x7ff56a04a200] Locking to pool 0x4017aed0, size 0x2001000, HostPtr = 0x7ff3cb67e000, DevPtr = 0x7ff3cb67e000
:4:rocblit.cpp              :623 : 4393522986835 us: [pid:4154523 tid: 0x7ff56a04a200] HSA Copy Using Pinned resource size 33554432
:4:rocblit.cpp              :687 : 4393522986846 us: [pid:4154523 tid: 0x7ff56a04a200] HSA Async Copy staged D2H
:4:rocblit.cpp              :503 : 4393522986860 us: [pid:4154523 tid: 0x7ff56a04a200] Last copy mask 0x2
:4:rocblit.cpp              :520 : 4393522986868 us: [pid:4154523 tid: 0x7ff56a04a200] HSA Async Copy on copy_engine=0x2, dst=0x7ff3cb67e010, src=0x7ff338a00000, size=33554432, forceSDMA=0, wait_event=0x0, completion_signal=0x7ff5609fe780
:4:rocvirtual.cpp           :622 : 4393522986882 us: [pid:4154523 tid: 0x7ff56a04a200] Host wait on completion_signal=0x7ff5609fe780
:3:rocvirtual.hpp           :56  : 4393522986892 us: [pid:4154523 tid: 0x7ff56a04a200] Host active wait for Signal = (0x7ff5609fe780) for -1 ns
:4:rocmemory.cpp            :1018: 4393523000872 us: [pid:4154523 tid: 0x7ff56a04a200] Locking to pool 0x4017aed0, size 0x2001000, HostPtr = 0x7ff3cd67e000, DevPtr = 0x7ff3cd67e000
:4:rocblit.cpp              :623 : 4393523000901 us: [pid:4154523 tid: 0x7ff56a04a200] HSA Copy Using Pinned resource size 33554432
:4:rocblit.cpp              :687 : 4393523000910 us: [pid:4154523 tid: 0x7ff56a04a200] HSA Async Copy staged D2H
:4:rocblit.cpp              :503 : 4393523000917 us: [pid:4154523 tid: 0x7ff56a04a200] Last copy mask 0x2
:4:rocblit.cpp              :520 : 4393523000923 us: [pid:4154523 tid: 0x7ff56a04a200] HSA Async Copy on copy_engine=0x2, dst=0x7ff3cd67e010, src=0x7ff33aa00000, size=33554432, forceSDMA=0, wait_event=0x0, completion_signal=0x7ff5609fe580
:4:rocvirtual.cpp           :622 : 4393523000937 us: [pid:4154523 tid: 0x7ff56a04a200] Host wait on completion_signal=0x7ff5609fe580
:3:rocvirtual.hpp           :56  : 4393523000945 us: [pid:4154523 tid: 0x7ff56a04a200] Host active wait for Signal = (0x7ff5609fe580) for -1 ns
:4:rocmemory.cpp            :1018: 4393523015287 us: [pid:4154523 tid: 0x7ff56a04a200] Locking to pool 0x4017aed0, size 0x2001000, HostPtr = 0x7ff3cf67e000, DevPtr = 0x7ff3cf67e000
:4:rocblit.cpp              :623 : 4393523015309 us: [pid:4154523 tid: 0x7ff56a04a200] HSA Copy Using Pinned resource size 33554432
:4:rocblit.cpp              :687 : 4393523015317 us: [pid:4154523 tid: 0x7ff56a04a200] HSA Async Copy staged D2H
:4:rocblit.cpp              :503 : 4393523015325 us: [pid:4154523 tid: 0x7ff56a04a200] Last copy mask 0x2
:4:rocblit.cpp              :520 : 4393523015330 us: [pid:4154523 tid: 0x7ff56a04a200] HSA Async Copy on copy_engine=0x2, dst=0x7ff3cf67e010, src=0x7ff33ca00000, size=33554432, forceSDMA=0, wait_event=0x0, completion_signal=0x7ff5609fdf00
:4:rocvirtual.cpp           :622 : 4393523015341 us: [pid:4154523 tid: 0x7ff56a04a200] Host wait on completion_signal=0x7ff5609fdf00
:3:rocvirtual.hpp           :56  : 4393523015349 us: [pid:4154523 tid: 0x7ff56a04a200] Host active wait for Signal = (0x7ff5609fdf00) for -1 ns
:4:rocmemory.cpp            :1018: 4393523029130 us: [pid:4154523 tid: 0x7ff56a04a200] Locking to pool 0x4017aed0, size 0x2001000, HostPtr = 0x7ff3d167e000, DevPtr = 0x7ff3d167e000
:4:rocblit.cpp              :623 : 4393523029151 us: [pid:4154523 tid: 0x7ff56a04a200] HSA Copy Using Pinned resource size 33554432
:4:rocblit.cpp              :687 : 4393523029175 us: [pid:4154523 tid: 0x7ff56a04a200] HSA Async Copy staged D2H
:4:rocblit.cpp              :503 : 4393523029182 us: [pid:4154523 tid: 0x7ff56a04a200] Last copy mask 0x2
:4:rocblit.cpp              :520 : 4393523029187 us: [pid:4154523 tid: 0x7ff56a04a200] HSA Async Copy on copy_engine=0x2, dst=0x7ff3d167e010, src=0x7ff33ea00000, size=33554432, forceSDMA=0, wait_event=0x0, completion_signal=0x7ff5609fe900
:4:rocvirtual.cpp           :622 : 4393523029199 us: [pid:4154523 tid: 0x7ff56a04a200] Host wait on completion_signal=0x7ff5609fe900
:3:rocvirtual.hpp           :56  : 4393523029207 us: [pid:4154523 tid: 0x7ff56a04a200] Host active wait for Signal = (0x7ff5609fe900) for -1 ns
:4:rocmemory.cpp            :1018: 4393523043205 us: [pid:4154523 tid: 0x7ff56a04a200] Locking to pool 0x4017aed0, size 0x2001000, HostPtr = 0x7ff3d367e000, DevPtr = 0x7ff3d367e000
:4:rocblit.cpp              :623 : 4393523043223 us: [pid:4154523 tid: 0x7ff56a04a200] HSA Copy Using Pinned resource size 33554432
:4:rocblit.cpp              :687 : 4393523043231 us: [pid:4154523 tid: 0x7ff56a04a200] HSA Async Copy staged D2H
:4:rocblit.cpp              :503 : 4393523043237 us: [pid:4154523 tid: 0x7ff56a04a200] Last copy mask 0x2
:4:rocblit.cpp              :520 : 4393523043242 us: [pid:4154523 tid: 0x7ff56a04a200] HSA Async Copy on copy_engine=0x2, dst=0x7ff3d367e010, src=0x7ff340a00000, size=33554432, forceSDMA=0, wait_event=0x0, completion_signal=0x7ff5609fea00
:4:rocvirtual.cpp           :622 : 4393523043253 us: [pid:4154523 tid: 0x7ff56a04a200] Host wait on completion_signal=0x7ff5609fea00
:3:rocvirtual.hpp           :56  : 4393523043260 us: [pid:4154523 tid: 0x7ff56a04a200] Host active wait for Signal = (0x7ff5609fea00) for -1 ns
:4:rocmemory.cpp            :1018: 4393523053131 us: [pid:4154523 tid: 0x7ff56a04a200] Locking to pool 0x4017aed0, size 0x14c1000, HostPtr = 0x7ff3d567e000, DevPtr = 0x7ff3d567e000
:4:rocblit.cpp              :623 : 4393523053155 us: [pid:4154523 tid: 0x7ff56a04a200] HSA Copy Using Pinned resource size 21757952
:4:rocblit.cpp              :687 : 4393523053166 us: [pid:4154523 tid: 0x7ff56a04a200] HSA Async Copy staged D2H
:4:rocblit.cpp              :503 : 4393523053173 us: [pid:4154523 tid: 0x7ff56a04a200] Last copy mask 0x2
:4:rocblit.cpp              :520 : 4393523053178 us: [pid:4154523 tid: 0x7ff56a04a200] HSA Async Copy on copy_engine=0x2, dst=0x7ff3d567e010, src=0x7ff342a00000, size=21757952, forceSDMA=0, wait_event=0x0, completion_signal=0x7ff5609fea80
:4:rocvirtual.cpp           :622 : 4393523053189 us: [pid:4154523 tid: 0x7ff56a04a200] Host wait on completion_signal=0x7ff5609fea80
:3:rocvirtual.hpp           :56  : 4393523053196 us: [pid:4154523 tid: 0x7ff56a04a200] Host active wait for Signal = (0x7ff5609fea80) for -1 ns
:4:commandqueue.cpp         :161 : 4393523053985 us: [pid:4154523 tid: 0x7ff56a04a200] Marker queued to ensure finish
:4:command.cpp              :359 : 4393523053994 us: [pid:4154523 tid: 0x7ff56a04a200] Command (InternalMarker) enqueued: 0x40310790
:3:rocvirtual.cpp           :533 : 4393523054026 us: [pid:4154523 tid: 0x7ff56a04a200] Set Handler: handle(0x7ff5609fc680), timestamp(0x40937e60)
:4:rocvirtual.cpp           :1147: 4393523054042 us: [pid:4154523 tid: 0x7ff56a04a200] SWq=0x7ff56a034000, HWq=0x7ff54da00000, id=1, BarrierAND Header = 0x1503 (type=3, barrier=1, acquire=2, release=2), dep_signal=[0x0, 0x0, 0x0, 0x0, 0x0], completion_signal=0x7ff5609fc680
:3:rocvirtual.hpp           :56  : 4393523054053 us: [pid:4154523 tid: 0x7ff56a04a200] Host active wait for Signal = (0x7ff5609fc680) for -1 ns
:4:commandqueue.cpp         :184 : 4393523054064 us: [pid:4154523 tid: 0x7ff56a04a200] All commands finished
:3:hip_memory.cpp           :796 : 4393523054079 us: [pid:4154523 tid: 0x7ff56a04a200] hipMemcpy: Returned hipSuccess : : duration: 204623 us
:3:rocvirtual.cpp           :226 : 4393523054068 us: [pid:4154523 tid: 0x7ff42fbff6c0] Handler: value(0), timestamp(0x40a9d640), handle(0x7ff5609fc680)
:3:hip_memory.cpp           :3476: 4393523054102 us: [pid:4154523 tid: 0x7ff56a04a200] [32m hipMemset ( 0x7ff326a00000, 0, 491520000 ) [0m
:4:command.cpp              :169 : 4393523054903 us: [pid:4154523 tid: 0x7ff42fbff6c0] Command 0x4035b750 complete
:4:command.cpp              :359 : 4393523054936 us: [pid:4154523 tid: 0x7ff56a04a200] Command (FillBuffer) enqueued: 0x40aa9a40
:4:command.cpp              :163 : 4393523054937 us: [pid:4154523 tid: 0x7ff42fbff6c0] Command 0x40310790 complete (Wall: 4393523054935, CPU: 0, GPU: 930 us)
:3:rocvirtual.cpp           :762 : 4393523054965 us: [pid:4154523 tid: 0x7ff56a04a200] Arg0: void* buf = ptr:0x7ff326a00000
:3:rocvirtual.cpp           :778 : 4393523054985 us: [pid:4154523 tid: 0x7ff56a04a200] Arg0: void* buf = ptr:0x7ff326a00000 obj:[0x7ff326a00000-0x7ff343ec0000]
:3:rocvirtual.cpp           :762 : 4393523054996 us: [pid:4154523 tid: 0x7ff56a04a200] Arg1: uchar* pattern = ptr:0x7ff54d800000
:3:rocvirtual.cpp           :853 : 4393523055017 us: [pid:4154523 tid: 0x7ff56a04a200] Arg2: uint pattern_size = val:1
:3:rocvirtual.cpp           :853 : 4393523055024 us: [pid:4154523 tid: 0x7ff56a04a200] Arg3: uint alignment = val:16
:3:rocvirtual.cpp           :853 : 4393523055030 us: [pid:4154523 tid: 0x7ff56a04a200] Arg4: ulong end_ptr = val:140682793320448
:3:rocvirtual.cpp           :853 : 4393523055661 us: [pid:4154523 tid: 0x7ff56a04a200] Arg5: uint next_chunk = val:26624
:3:rocvirtual.cpp           :3236: 4393523055669 us: [pid:4154523 tid: 0x7ff56a04a200] ShaderName : __amd_rocclr_fillBufferAligned
:3:rocvirtual.cpp           :3449: 4393523055682 us: [pid:4154523 tid: 0x7ff56a04a200] KernargSegmentByteSize = 296 KernargSegmentAlignment = 128
:4:rocvirtual.cpp           :965 : 4393523055696 us: [pid:4154523 tid: 0x7ff56a04a200] SWq=0x7ff56a034000, HWq=0x7ff54da00000, id=1, Dispatch Header = 0x1502 (type=2, barrier=1, acquire=2, release=2), setup=1, grid=[26624, 1, 1], workgroup=[256, 1, 1], private_seg_size=0, group_seg_size=0, kernel_obj=0x7ff56a025d40, kernarg_address=0x7ff54d800100, completion_signal=0x0, correlation_id=0, rptr=139, wptr=139
:3:hip_memory.cpp           :3477: 4393523055717 us: [pid:4154523 tid: 0x7ff56a04a200] hipMemset: Returned hipSuccess : 
:3:hip_device_runtime.cpp   :641 : 4393523055726 us: [pid:4154523 tid: 0x7ff56a04a200] [32m hipDeviceSynchronize (  ) [0m
:4:commandqueue.cpp         :161 : 4393523055734 us: [pid:4154523 tid: 0x7ff56a04a200] Marker queued to ensure finish
:4:command.cpp              :359 : 4393523055739 us: [pid:4154523 tid: 0x7ff56a04a200] Command (InternalMarker) enqueued: 0x40a93a20
:3:rocvirtual.cpp           :533 : 4393523055754 us: [pid:4154523 tid: 0x7ff56a04a200] Set Handler: handle(0x7ff5609fc580), timestamp(0x409d2b50)
:4:rocvirtual.cpp           :1147: 4393523056226 us: [pid:4154523 tid: 0x7ff56a04a200] SWq=0x7ff56a034000, HWq=0x7ff54da00000, id=1, BarrierAND Header = 0x1503 (type=3, barrier=1, acquire=2, release=2), dep_signal=[0x0, 0x0, 0x0, 0x0, 0x0], completion_signal=0x7ff5609fc580
:4:commandqueue.cpp         :184 : 4393523056245 us: [pid:4154523 tid: 0x7ff56a04a200] All commands finished
:3:hip_device_runtime.cpp   :645 : 4393523056256 us: [pid:4154523 tid: 0x7ff56a04a200] hipDeviceSynchronize: Returned hipSuccess : 
:3:rocvirtual.cpp           :226 : 4393523056236 us: [pid:4154523 tid: 0x7ff42fbff6c0] Handler: value(0), timestamp(0x4030f140), handle(0x7ff5609fc580)
:3:hip_platform.cpp         :237 : 4393523056283 us: [pid:4154523 tid: 0x7ff56a04a200] [32m __hipPushCallConfiguration ( {8,1,1}, {128,1,1}, 0, stream:<null> ) [0m
:4:command.cpp              :169 : 4393523056300 us: [pid:4154523 tid: 0x7ff42fbff6c0] Command 0x40aa9a40 complete
:3:hip_platform.cpp         :241 : 4393523056315 us: [pid:4154523 tid: 0x7ff56a04a200] __hipPushCallConfiguration: Returned hipSuccess : 
:3:hip_platform.cpp         :246 : 4393523056337 us: [pid:4154523 tid: 0x7ff56a04a200] [32m __hipPopCallConfiguration ( {1951258706,32757,128}, {2118224,0,278018480}, 0x7ffc10923700, 0x7ffc109236f8 ) [0m
:4:command.cpp              :163 : 4393523056323 us: [pid:4154523 tid: 0x7ff42fbff6c0] Command 0x40a93a20 complete (Wall: 4393523056321, CPU: 0, GPU: 574 us)
:3:hip_platform.cpp         :255 : 4393523056773 us: [pid:4154523 tid: 0x7ff56a04a200] __hipPopCallConfiguration: Returned hipSuccess : 
:3:hip_module.cpp           :744 : 4393523056825 us: [pid:4154523 tid: 0x7ff56a04a200] [32m hipLaunchKernel ( 0x200fe0, {8,1,1}, {128,1,1}, 0x7ffc109236b0, 0, stream:<null> ) [0m
:4:command.cpp              :359 : 4393523056849 us: [pid:4154523 tid: 0x7ff56a04a200] Command (KernelExecution) enqueued: 0x4035b750
:3:rocvirtual.cpp           :762 : 4393523056862 us: [pid:4154523 tid: 0x7ff56a04a200] Arg0:   = ptr:0x7ff344200000
:3:rocvirtual.cpp           :778 : 4393523056867 us: [pid:4154523 tid: 0x7ff56a04a200] Arg0:   = ptr:0x7ff344200000 obj:[0x7ff344200000-0x7ff3616c0000]
:3:rocvirtual.cpp           :762 : 4393523056875 us: [pid:4154523 tid: 0x7ff56a04a200] Arg1:   = ptr:0x7ff54cc27000
:3:rocvirtual.cpp           :778 : 4393523056880 us: [pid:4154523 tid: 0x7ff56a04a200] Arg1:   = ptr:0x7ff54cc27000 obj:[0x7ff54cc27000-0x7ff54cc87000]
:3:rocvirtual.cpp           :762 : 4393523056887 us: [pid:4154523 tid: 0x7ff56a04a200] Arg2:   = ptr:0x7ff326a00000
:3:rocvirtual.cpp           :778 : 4393523056892 us: [pid:4154523 tid: 0x7ff56a04a200] Arg2:   = ptr:0x7ff326a00000 obj:[0x7ff326a00000-0x7ff343ec0000]
:3:rocvirtual.cpp           :853 : 4393523057321 us: [pid:4154523 tid: 0x7ff56a04a200] Arg3:   = val:12288
:3:rocvirtual.cpp           :762 : 4393523057329 us: [pid:4154523 tid: 0x7ff56a04a200] Arg4:   = ptr:0x7ff54cc00000
:3:rocvirtual.cpp           :778 : 4393523057337 us: [pid:4154523 tid: 0x7ff56a04a200] Arg4:   = ptr:0x7ff54cc00000 obj:[0x7ff54cc00000-0x7ff54cc00024]
:3:rocvirtual.cpp           :3236: 4393523057349 us: [pid:4154523 tid: 0x7ff56a04a200] ShaderName : void dense_esuhm2<float>(float const*, float const*, float*, int, int const*)
:3:rocvirtual.cpp           :3449: 4393523057362 us: [pid:4154523 tid: 0x7ff56a04a200] KernargSegmentByteSize = 296 KernargSegmentAlignment = 128
:4:rocvirtual.cpp           :965 : 4393523057376 us: [pid:4154523 tid: 0x7ff56a04a200] SWq=0x7ff56a034000, HWq=0x7ff54da00000, id=1, Dispatch Header = 0xb02 (type=2, barrier=1, acquire=1, release=1), setup=3, grid=[1024, 1, 1], workgroup=[128, 1, 1], private_seg_size=140, group_seg_size=0, kernel_obj=0x7ff560a919c0, kernarg_address=0x7ff54d800280, completion_signal=0x0, correlation_id=0, rptr=141, wptr=141
:3:hip_module.cpp           :745 : 4393523057396 us: [pid:4154523 tid: 0x7ff56a04a200] hipLaunchKernel: Returned hipSuccess : : duration: 571 us
:3:hip_device_runtime.cpp   :641 : 4393523057406 us: [pid:4154523 tid: 0x7ff56a04a200] [32m hipDeviceSynchronize (  ) [0m
:4:commandqueue.cpp         :161 : 4393523057412 us: [pid:4154523 tid: 0x7ff56a04a200] Marker queued to ensure finish
:4:command.cpp              :359 : 4393523057416 us: [pid:4154523 tid: 0x7ff56a04a200] Command (InternalMarker) enqueued: 0x40a93a20
:3:rocvirtual.cpp           :533 : 4393523057440 us: [pid:4154523 tid: 0x7ff56a04a200] Set Handler: handle(0x7ff5609fc600), timestamp(0x40972540)
:4:rocvirtual.cpp           :1147: 4393523057810 us: [pid:4154523 tid: 0x7ff56a04a200] SWq=0x7ff56a034000, HWq=0x7ff54da00000, id=1, BarrierAND Header = 0x1503 (type=3, barrier=1, acquire=2, release=2), dep_signal=[0x0, 0x0, 0x0, 0x0, 0x0], completion_signal=0x7ff5609fc600
:3:rocvirtual.hpp           :56  : 4393523057822 us: [pid:4154523 tid: 0x7ff56a04a200] Host active wait for Signal = (0x7ff5609fc600) for -1 ns
:4:commandqueue.cpp         :184 : 4393523058565 us: [pid:4154523 tid: 0x7ff56a04a200] All commands finished
:3:hip_device_runtime.cpp   :645 : 4393523058576 us: [pid:4154523 tid: 0x7ff56a04a200] hipDeviceSynchronize: Returned hipSuccess : 
:3:rocvirtual.cpp           :226 : 4393523058569 us: [pid:4154523 tid: 0x7ff42fbff6c0] Handler: value(0), timestamp(0x40a17310), handle(0x7ff5609fc600)
:3:hip_memory.cpp           :795 : 4393523058591 us: [pid:4154523 tid: 0x7ff56a04a200] [32m hipMemcpy ( 0x7ff39c1bd010, 0x7ff326a00000, 491520000, hipMemcpyDeviceToHost ) [0m
:4:command.cpp              :169 : 4393523058606 us: [pid:4154523 tid: 0x7ff42fbff6c0] Command 0x4035b750 complete
:4:command.cpp              :359 : 4393523058636 us: [pid:4154523 tid: 0x7ff56a04a200] Command (CopyDeviceToHost) enqueued: 0x40a93ca0
:4:command.cpp              :163 : 4393523058984 us: [pid:4154523 tid: 0x7ff42fbff6c0] Command 0x40a93a20 complete (Wall: 4393523058979, CPU: 0, GPU: 1554 us)
:4:rocblit.cpp              :1673: 4393523058990 us: [pid:4154523 tid: 0x7ff56a04a200] Unpinned read path, Async = 0
:4:rocmemory.cpp            :1018: 4393523071560 us: [pid:4154523 tid: 0x7ff56a04a200] Locking to pool 0x4017aed0, size 0x2001000, HostPtr = 0x7ff39c1bd000, DevPtr = 0x7ff39c1bd000
:4:rocblit.cpp              :623 : 4393523071588 us: [pid:4154523 tid: 0x7ff56a04a200] HSA Copy Using Pinned resource size 33554432
:4:rocblit.cpp              :687 : 4393523071596 us: [pid:4154523 tid: 0x7ff56a04a200] HSA Async Copy staged D2H
:4:rocblit.cpp              :503 : 4393523071603 us: [pid:4154523 tid: 0x7ff56a04a200] Last copy mask 0x0
:4:rocblit.cpp              :509 : 4393523071610 us: [pid:4154523 tid: 0x7ff56a04a200] Query copy engine status 0, free_engine mask 0x1e
:4:rocblit.cpp              :520 : 4393523071627 us: [pid:4154523 tid: 0x7ff56a04a200] HSA Async Copy on copy_engine=0x2, dst=0x7ff39c1bd010, src=0x7ff326a00000, size=33554432, forceSDMA=0, wait_event=0x0, completion_signal=0x7ff5609fe080
:4:rocvirtual.cpp           :622 : 4393523071637 us: [pid:4154523 tid: 0x7ff56a04a200] Host wait on completion_signal=0x7ff5609fe080
:3:rocvirtual.hpp           :56  : 4393523071644 us: [pid:4154523 tid: 0x7ff56a04a200] Host active wait for Signal = (0x7ff5609fe080) for -1 ns
:4:rocmemory.cpp            :1018: 4393523085312 us: [pid:4154523 tid: 0x7ff56a04a200] Locking to pool 0x4017aed0, size 0x2001000, HostPtr = 0x7ff39e1bd000, DevPtr = 0x7ff39e1bd000
:4:rocblit.cpp              :623 : 4393523085332 us: [pid:4154523 tid: 0x7ff56a04a200] HSA Copy Using Pinned resource size 33554432
:4:rocblit.cpp              :687 : 4393523085340 us: [pid:4154523 tid: 0x7ff56a04a200] HSA Async Copy staged D2H
:4:rocblit.cpp              :503 : 4393523085346 us: [pid:4154523 tid: 0x7ff56a04a200] Last copy mask 0x2
:4:rocblit.cpp              :520 : 4393523085350 us: [pid:4154523 tid: 0x7ff56a04a200] HSA Async Copy on copy_engine=0x2, dst=0x7ff39e1bd010, src=0x7ff328a00000, size=33554432, forceSDMA=0, wait_event=0x0, completion_signal=0x7ff5609fe000
:4:rocvirtual.cpp           :622 : 4393523085360 us: [pid:4154523 tid: 0x7ff56a04a200] Host wait on completion_signal=0x7ff5609fe000
:3:rocvirtual.hpp           :56  : 4393523085373 us: [pid:4154523 tid: 0x7ff56a04a200] Host active wait for Signal = (0x7ff5609fe000) for -1 ns
:4:rocmemory.cpp            :1018: 4393523099075 us: [pid:4154523 tid: 0x7ff56a04a200] Locking to pool 0x4017aed0, size 0x2001000, HostPtr = 0x7ff3a01bd000, DevPtr = 0x7ff3a01bd000
:4:rocblit.cpp              :623 : 4393523099102 us: [pid:4154523 tid: 0x7ff56a04a200] HSA Copy Using Pinned resource size 33554432
:4:rocblit.cpp              :687 : 4393523099112 us: [pid:4154523 tid: 0x7ff56a04a200] HSA Async Copy staged D2H
:4:rocblit.cpp              :503 : 4393523099119 us: [pid:4154523 tid: 0x7ff56a04a200] Last copy mask 0x2
:4:rocblit.cpp              :520 : 4393523099126 us: [pid:4154523 tid: 0x7ff56a04a200] HSA Async Copy on copy_engine=0x2, dst=0x7ff3a01bd010, src=0x7ff32aa00000, size=33554432, forceSDMA=0, wait_event=0x0, completion_signal=0x7ff5609fe380
:4:rocvirtual.cpp           :622 : 4393523099527 us: [pid:4154523 tid: 0x7ff56a04a200] Host wait on completion_signal=0x7ff5609fe380
:3:rocvirtual.hpp           :56  : 4393523099535 us: [pid:4154523 tid: 0x7ff56a04a200] Host active wait for Signal = (0x7ff5609fe380) for -1 ns
:4:rocmemory.cpp            :1018: 4393523113199 us: [pid:4154523 tid: 0x7ff56a04a200] Locking to pool 0x4017aed0, size 0x2001000, HostPtr = 0x7ff3a21bd000, DevPtr = 0x7ff3a21bd000
:4:rocblit.cpp              :623 : 4393523113222 us: [pid:4154523 tid: 0x7ff56a04a200] HSA Copy Using Pinned resource size 33554432
:4:rocblit.cpp              :687 : 4393523113235 us: [pid:4154523 tid: 0x7ff56a04a200] HSA Async Copy staged D2H
:4:rocblit.cpp              :503 : 4393523113245 us: [pid:4154523 tid: 0x7ff56a04a200] Last copy mask 0x2
:4:rocblit.cpp              :520 : 4393523113257 us: [pid:4154523 tid: 0x7ff56a04a200] HSA Async Copy on copy_engine=0x2, dst=0x7ff3a21bd010, src=0x7ff32ca00000, size=33554432, forceSDMA=0, wait_event=0x0, completion_signal=0x7ff5609fe180
:4:rocvirtual.cpp           :622 : 4393523113270 us: [pid:4154523 tid: 0x7ff56a04a200] Host wait on completion_signal=0x7ff5609fe180
:3:rocvirtual.hpp           :56  : 4393523113278 us: [pid:4154523 tid: 0x7ff56a04a200] Host active wait for Signal = (0x7ff5609fe180) for -1 ns
:4:rocmemory.cpp            :1018: 4393523127381 us: [pid:4154523 tid: 0x7ff56a04a200] Locking to pool 0x4017aed0, size 0x2001000, HostPtr = 0x7ff3a41bd000, DevPtr = 0x7ff3a41bd000
:4:rocblit.cpp              :623 : 4393523127399 us: [pid:4154523 tid: 0x7ff56a04a200] HSA Copy Using Pinned resource size 33554432
:4:rocblit.cpp              :687 : 4393523127407 us: [pid:4154523 tid: 0x7ff56a04a200] HSA Async Copy staged D2H
:4:rocblit.cpp              :503 : 4393523127413 us: [pid:4154523 tid: 0x7ff56a04a200] Last copy mask 0x2
:4:rocblit.cpp              :520 : 4393523127418 us: [pid:4154523 tid: 0x7ff56a04a200] HSA Async Copy on copy_engine=0x2, dst=0x7ff3a41bd010, src=0x7ff32ea00000, size=33554432, forceSDMA=0, wait_event=0x0, completion_signal=0x7ff5609fdf80
:4:rocvirtual.cpp           :622 : 4393523127429 us: [pid:4154523 tid: 0x7ff56a04a200] Host wait on completion_signal=0x7ff5609fdf80
:3:rocvirtual.hpp           :56  : 4393523127437 us: [pid:4154523 tid: 0x7ff56a04a200] Host active wait for Signal = (0x7ff5609fdf80) for -1 ns
:4:rocmemory.cpp            :1018: 4393523141100 us: [pid:4154523 tid: 0x7ff56a04a200] Locking to pool 0x4017aed0, size 0x2001000, HostPtr = 0x7ff3a61bd000, DevPtr = 0x7ff3a61bd000
:4:rocblit.cpp              :623 : 4393523141115 us: [pid:4154523 tid: 0x7ff56a04a200] HSA Copy Using Pinned resource size 33554432
:4:rocblit.cpp              :687 : 4393523141125 us: [pid:4154523 tid: 0x7ff56a04a200] HSA Async Copy staged D2H
:4:rocblit.cpp              :503 : 4393523141139 us: [pid:4154523 tid: 0x7ff56a04a200] Last copy mask 0x2
:4:rocblit.cpp              :520 : 4393523141144 us: [pid:4154523 tid: 0x7ff56a04a200] HSA Async Copy on copy_engine=0x2, dst=0x7ff3a61bd010, src=0x7ff330a00000, size=33554432, forceSDMA=0, wait_event=0x0, completion_signal=0x7ff5609fe100
:4:rocvirtual.cpp           :622 : 4393523141154 us: [pid:4154523 tid: 0x7ff56a04a200] Host wait on completion_signal=0x7ff5609fe100
:3:rocvirtual.hpp           :56  : 4393523141162 us: [pid:4154523 tid: 0x7ff56a04a200] Host active wait for Signal = (0x7ff5609fe100) for -1 ns
:4:rocmemory.cpp            :1018: 4393523155090 us: [pid:4154523 tid: 0x7ff56a04a200] Locking to pool 0x4017aed0, size 0x2001000, HostPtr = 0x7ff3a81bd000, DevPtr = 0x7ff3a81bd000
:4:rocblit.cpp              :623 : 4393523155110 us: [pid:4154523 tid: 0x7ff56a04a200] HSA Copy Using Pinned resource size 33554432
:4:rocblit.cpp              :687 : 4393523155118 us: [pid:4154523 tid: 0x7ff56a04a200] HSA Async Copy staged D2H
:4:rocblit.cpp              :503 : 4393523155126 us: [pid:4154523 tid: 0x7ff56a04a200] Last copy mask 0x2
:4:rocblit.cpp              :520 : 4393523155130 us: [pid:4154523 tid: 0x7ff56a04a200] HSA Async Copy on copy_engine=0x2, dst=0x7ff3a81bd010, src=0x7ff332a00000, size=33554432, forceSDMA=0, wait_event=0x0, completion_signal=0x7ff5609feb00
:4:rocvirtual.cpp           :622 : 4393523155152 us: [pid:4154523 tid: 0x7ff56a04a200] Host wait on completion_signal=0x7ff5609feb00
:3:rocvirtual.hpp           :56  : 4393523155172 us: [pid:4154523 tid: 0x7ff56a04a200] Host active wait for Signal = (0x7ff5609feb00) for -1 ns
:4:rocmemory.cpp            :1018: 4393523169317 us: [pid:4154523 tid: 0x7ff56a04a200] Locking to pool 0x4017aed0, size 0x2001000, HostPtr = 0x7ff3aa1bd000, DevPtr = 0x7ff3aa1bd000
:4:rocblit.cpp              :623 : 4393523169355 us: [pid:4154523 tid: 0x7ff56a04a200] HSA Copy Using Pinned resource size 33554432
:4:rocblit.cpp              :687 : 4393523169369 us: [pid:4154523 tid: 0x7ff56a04a200] HSA Async Copy staged D2H
:4:rocblit.cpp              :503 : 4393523169374 us: [pid:4154523 tid: 0x7ff56a04a200] Last copy mask 0x2
:4:rocblit.cpp              :520 : 4393523169379 us: [pid:4154523 tid: 0x7ff56a04a200] HSA Async Copy on copy_engine=0x2, dst=0x7ff3aa1bd010, src=0x7ff334a00000, size=33554432, forceSDMA=0, wait_event=0x0, completion_signal=0x7ff5609fec00
:4:rocvirtual.cpp           :622 : 4393523169396 us: [pid:4154523 tid: 0x7ff56a04a200] Host wait on completion_signal=0x7ff5609fec00
:3:rocvirtual.hpp           :56  : 4393523169405 us: [pid:4154523 tid: 0x7ff56a04a200] Host active wait for Signal = (0x7ff5609fec00) for -1 ns
:4:rocmemory.cpp            :1018: 4393523183570 us: [pid:4154523 tid: 0x7ff56a04a200] Locking to pool 0x4017aed0, size 0x2001000, HostPtr = 0x7ff3ac1bd000, DevPtr = 0x7ff3ac1bd000
:4:rocblit.cpp              :623 : 4393523183596 us: [pid:4154523 tid: 0x7ff56a04a200] HSA Copy Using Pinned resource size 33554432
:4:rocblit.cpp              :687 : 4393523183605 us: [pid:4154523 tid: 0x7ff56a04a200] HSA Async Copy staged D2H
:4:rocblit.cpp              :503 : 4393523183611 us: [pid:4154523 tid: 0x7ff56a04a200] Last copy mask 0x2
:4:rocblit.cpp              :520 : 4393523183616 us: [pid:4154523 tid: 0x7ff56a04a200] HSA Async Copy on copy_engine=0x2, dst=0x7ff3ac1bd010, src=0x7ff336a00000, size=33554432, forceSDMA=0, wait_event=0x0, completion_signal=0x7ff5609fec80
:4:rocvirtual.cpp           :622 : 4393523183626 us: [pid:4154523 tid: 0x7ff56a04a200] Host wait on completion_signal=0x7ff5609fec80
:3:rocvirtual.hpp           :56  : 4393523183633 us: [pid:4154523 tid: 0x7ff56a04a200] Host active wait for Signal = (0x7ff5609fec80) for -1 ns
:4:rocmemory.cpp            :1018: 4393523197484 us: [pid:4154523 tid: 0x7ff56a04a200] Locking to pool 0x4017aed0, size 0x2001000, HostPtr = 0x7ff3ae1bd000, DevPtr = 0x7ff3ae1bd000
:4:rocblit.cpp              :623 : 4393523197503 us: [pid:4154523 tid: 0x7ff56a04a200] HSA Copy Using Pinned resource size 33554432
:4:rocblit.cpp              :687 : 4393523197510 us: [pid:4154523 tid: 0x7ff56a04a200] HSA Async Copy staged D2H
:4:rocblit.cpp              :503 : 4393523197516 us: [pid:4154523 tid: 0x7ff56a04a200] Last copy mask 0x2
:4:rocblit.cpp              :520 : 4393523197521 us: [pid:4154523 tid: 0x7ff56a04a200] HSA Async Copy on copy_engine=0x2, dst=0x7ff3ae1bd010, src=0x7ff338a00000, size=33554432, forceSDMA=0, wait_event=0x0, completion_signal=0x7ff5609fdd80
:4:rocvirtual.cpp           :622 : 4393523197531 us: [pid:4154523 tid: 0x7ff56a04a200] Host wait on completion_signal=0x7ff5609fdd80
:3:rocvirtual.hpp           :56  : 4393523197538 us: [pid:4154523 tid: 0x7ff56a04a200] Host active wait for Signal = (0x7ff5609fdd80) for -1 ns
:4:rocmemory.cpp            :1018: 4393523210891 us: [pid:4154523 tid: 0x7ff56a04a200] Locking to pool 0x4017aed0, size 0x2001000, HostPtr = 0x7ff3b01bd000, DevPtr = 0x7ff3b01bd000
:4:rocblit.cpp              :623 : 4393523210914 us: [pid:4154523 tid: 0x7ff56a04a200] HSA Copy Using Pinned resource size 33554432
:4:rocblit.cpp              :687 : 4393523210922 us: [pid:4154523 tid: 0x7ff56a04a200] HSA Async Copy staged D2H
:4:rocblit.cpp              :503 : 4393523210927 us: [pid:4154523 tid: 0x7ff56a04a200] Last copy mask 0x2
:4:rocblit.cpp              :520 : 4393523210932 us: [pid:4154523 tid: 0x7ff56a04a200] HSA Async Copy on copy_engine=0x2, dst=0x7ff3b01bd010, src=0x7ff33aa00000, size=33554432, forceSDMA=0, wait_event=0x0, completion_signal=0x7ff5609fdc80
:4:rocvirtual.cpp           :622 : 4393523210941 us: [pid:4154523 tid: 0x7ff56a04a200] Host wait on completion_signal=0x7ff5609fdc80
:3:rocvirtual.hpp           :56  : 4393523210949 us: [pid:4154523 tid: 0x7ff56a04a200] Host active wait for Signal = (0x7ff5609fdc80) for -1 ns
:4:rocmemory.cpp            :1018: 4393523225254 us: [pid:4154523 tid: 0x7ff56a04a200] Locking to pool 0x4017aed0, size 0x2001000, HostPtr = 0x7ff3b21bd000, DevPtr = 0x7ff3b21bd000
:4:rocblit.cpp              :623 : 4393523225276 us: [pid:4154523 tid: 0x7ff56a04a200] HSA Copy Using Pinned resource size 33554432
:4:rocblit.cpp              :687 : 4393523225284 us: [pid:4154523 tid: 0x7ff56a04a200] HSA Async Copy staged D2H
:4:rocblit.cpp              :503 : 4393523225290 us: [pid:4154523 tid: 0x7ff56a04a200] Last copy mask 0x2
:4:rocblit.cpp              :520 : 4393523225295 us: [pid:4154523 tid: 0x7ff56a04a200] HSA Async Copy on copy_engine=0x2, dst=0x7ff3b21bd010, src=0x7ff33ca00000, size=33554432, forceSDMA=0, wait_event=0x0, completion_signal=0x7ff5609fdc00
:4:rocvirtual.cpp           :622 : 4393523225308 us: [pid:4154523 tid: 0x7ff56a04a200] Host wait on completion_signal=0x7ff5609fdc00
:3:rocvirtual.hpp           :56  : 4393523225323 us: [pid:4154523 tid: 0x7ff56a04a200] Host active wait for Signal = (0x7ff5609fdc00) for -1 ns
:4:rocmemory.cpp            :1018: 4393523238341 us: [pid:4154523 tid: 0x7ff56a04a200] Locking to pool 0x4017aed0, size 0x2001000, HostPtr = 0x7ff3b41bd000, DevPtr = 0x7ff3b41bd000
:4:rocblit.cpp              :623 : 4393523238359 us: [pid:4154523 tid: 0x7ff56a04a200] HSA Copy Using Pinned resource size 33554432
:4:rocblit.cpp              :687 : 4393523238367 us: [pid:4154523 tid: 0x7ff56a04a200] HSA Async Copy staged D2H
:4:rocblit.cpp              :503 : 4393523238373 us: [pid:4154523 tid: 0x7ff56a04a200] Last copy mask 0x2
:4:rocblit.cpp              :520 : 4393523238378 us: [pid:4154523 tid: 0x7ff56a04a200] HSA Async Copy on copy_engine=0x2, dst=0x7ff3b41bd010, src=0x7ff33ea00000, size=33554432, forceSDMA=0, wait_event=0x0, completion_signal=0x7ff5609fed00
:4:rocvirtual.cpp           :622 : 4393523238387 us: [pid:4154523 tid: 0x7ff56a04a200] Host wait on completion_signal=0x7ff5609fed00
:3:rocvirtual.hpp           :56  : 4393523238395 us: [pid:4154523 tid: 0x7ff56a04a200] Host active wait for Signal = (0x7ff5609fed00) for -1 ns
:4:rocmemory.cpp            :1018: 4393523251074 us: [pid:4154523 tid: 0x7ff56a04a200] Locking to pool 0x4017aed0, size 0x2001000, HostPtr = 0x7ff3b61bd000, DevPtr = 0x7ff3b61bd000
:4:rocblit.cpp              :623 : 4393523251094 us: [pid:4154523 tid: 0x7ff56a04a200] HSA Copy Using Pinned resource size 33554432
:4:rocblit.cpp              :687 : 4393523251119 us: [pid:4154523 tid: 0x7ff56a04a200] HSA Async Copy staged D2H
:4:rocblit.cpp              :503 : 4393523251127 us: [pid:4154523 tid: 0x7ff56a04a200] Last copy mask 0x2
:4:rocblit.cpp              :520 : 4393523251134 us: [pid:4154523 tid: 0x7ff56a04a200] HSA Async Copy on copy_engine=0x2, dst=0x7ff3b61bd010, src=0x7ff340a00000, size=33554432, forceSDMA=0, wait_event=0x0, completion_signal=0x7ff5609fee00
:4:rocvirtual.cpp           :622 : 4393523251149 us: [pid:4154523 tid: 0x7ff56a04a200] Host wait on completion_signal=0x7ff5609fee00
:3:rocvirtual.hpp           :56  : 4393523251180 us: [pid:4154523 tid: 0x7ff56a04a200] Host active wait for Signal = (0x7ff5609fee00) for -1 ns
:4:rocmemory.cpp            :1018: 4393523259697 us: [pid:4154523 tid: 0x7ff56a04a200] Locking to pool 0x4017aed0, size 0x14c1000, HostPtr = 0x7ff3b81bd000, DevPtr = 0x7ff3b81bd000
:4:rocblit.cpp              :623 : 4393523259712 us: [pid:4154523 tid: 0x7ff56a04a200] HSA Copy Using Pinned resource size 21757952
:4:rocblit.cpp              :687 : 4393523259720 us: [pid:4154523 tid: 0x7ff56a04a200] HSA Async Copy staged D2H
:4:rocblit.cpp              :503 : 4393523259725 us: [pid:4154523 tid: 0x7ff56a04a200] Last copy mask 0x2
:4:rocblit.cpp              :520 : 4393523259730 us: [pid:4154523 tid: 0x7ff56a04a200] HSA Async Copy on copy_engine=0x2, dst=0x7ff3b81bd010, src=0x7ff342a00000, size=21757952, forceSDMA=0, wait_event=0x0, completion_signal=0x7ff5609fee80
:4:rocvirtual.cpp           :622 : 4393523259739 us: [pid:4154523 tid: 0x7ff56a04a200] Host wait on completion_signal=0x7ff5609fee80
:3:rocvirtual.hpp           :56  : 4393523259747 us: [pid:4154523 tid: 0x7ff56a04a200] Host active wait for Signal = (0x7ff5609fee80) for -1 ns
:4:commandqueue.cpp         :161 : 4393523260528 us: [pid:4154523 tid: 0x7ff56a04a200] Marker queued to ensure finish
:4:command.cpp              :359 : 4393523260540 us: [pid:4154523 tid: 0x7ff56a04a200] Command (InternalMarker) enqueued: 0x40310790
:3:rocvirtual.cpp           :533 : 4393523260567 us: [pid:4154523 tid: 0x7ff56a04a200] Set Handler: handle(0x7ff5609fc280), timestamp(0x40a940b0)
:4:rocvirtual.cpp           :1147: 4393523260578 us: [pid:4154523 tid: 0x7ff56a04a200] SWq=0x7ff56a034000, HWq=0x7ff54da00000, id=1, BarrierAND Header = 0x1503 (type=3, barrier=1, acquire=2, release=2), dep_signal=[0x0, 0x0, 0x0, 0x0, 0x0], completion_signal=0x7ff5609fc280
:3:rocvirtual.hpp           :56  : 4393523260589 us: [pid:4154523 tid: 0x7ff56a04a200] Host active wait for Signal = (0x7ff5609fc280) for -1 ns
:4:commandqueue.cpp         :184 : 4393523260596 us: [pid:4154523 tid: 0x7ff56a04a200] All commands finished
:3:hip_memory.cpp           :796 : 4393523260604 us: [pid:4154523 tid: 0x7ff56a04a200] hipMemcpy: Returned hipSuccess : : duration: 202013 us
:3:rocvirtual.cpp           :226 : 4393523260597 us: [pid:4154523 tid: 0x7ff42fbff6c0] Handler: value(0), timestamp(0x4089f4a0), handle(0x7ff5609fc280)
:4:command.cpp              :169 : 4393523260640 us: [pid:4154523 tid: 0x7ff42fbff6c0] Command 0x40a93ca0 complete
:3:hip_memory.cpp           :3476: 4393523260629 us: [pid:4154523 tid: 0x7ff56a04a200] [32m hipMemset ( 0x7ff326a00000, 0, 491520000 ) [0m
:4:command.cpp              :163 : 4393523260649 us: [pid:4154523 tid: 0x7ff42fbff6c0] Command 0x40310790 complete (Wall: 4393523260647, CPU: 0, GPU: 97 us)
:4:command.cpp              :359 : 4393523260661 us: [pid:4154523 tid: 0x7ff56a04a200] Command (FillBuffer) enqueued: 0x40aa9a40
:3:rocvirtual.cpp           :762 : 4393523260692 us: [pid:4154523 tid: 0x7ff56a04a200] Arg0: void* buf = ptr:0x7ff326a00000
:3:rocvirtual.cpp           :778 : 4393523260700 us: [pid:4154523 tid: 0x7ff56a04a200] Arg0: void* buf = ptr:0x7ff326a00000 obj:[0x7ff326a00000-0x7ff343ec0000]
:3:rocvirtual.cpp           :762 : 4393523260710 us: [pid:4154523 tid: 0x7ff56a04a200] Arg1: uchar* pattern = ptr:0x7ff54d800000
:3:rocvirtual.cpp           :853 : 4393523261274 us: [pid:4154523 tid: 0x7ff56a04a200] Arg2: uint pattern_size = val:1
:3:rocvirtual.cpp           :853 : 4393523261279 us: [pid:4154523 tid: 0x7ff56a04a200] Arg3: uint alignment = val:16
:3:rocvirtual.cpp           :853 : 4393523261284 us: [pid:4154523 tid: 0x7ff56a04a200] Arg4: ulong end_ptr = val:140682793320448
:3:rocvirtual.cpp           :853 : 4393523261292 us: [pid:4154523 tid: 0x7ff56a04a200] Arg5: uint next_chunk = val:26624
:3:rocvirtual.cpp           :3236: 4393523261296 us: [pid:4154523 tid: 0x7ff56a04a200] ShaderName : __amd_rocclr_fillBufferAligned
:3:rocvirtual.cpp           :3449: 4393523261306 us: [pid:4154523 tid: 0x7ff56a04a200] KernargSegmentByteSize = 296 KernargSegmentAlignment = 128
:4:rocvirtual.cpp           :965 : 4393523261315 us: [pid:4154523 tid: 0x7ff56a04a200] SWq=0x7ff56a034000, HWq=0x7ff54da00000, id=1, Dispatch Header = 0x1502 (type=2, barrier=1, acquire=2, release=2), setup=1, grid=[26624, 1, 1], workgroup=[256, 1, 1], private_seg_size=0, group_seg_size=0, kernel_obj=0x7ff56a025d40, kernarg_address=0x7ff54d800100, completion_signal=0x0, correlation_id=0, rptr=144, wptr=144
:3:hip_memory.cpp           :3477: 4393523261341 us: [pid:4154523 tid: 0x7ff56a04a200] hipMemset: Returned hipSuccess : 
:3:hip_device_runtime.cpp   :641 : 4393523261349 us: [pid:4154523 tid: 0x7ff56a04a200] [32m hipDeviceSynchronize (  ) [0m
:4:commandqueue.cpp         :161 : 4393523261355 us: [pid:4154523 tid: 0x7ff56a04a200] Marker queued to ensure finish
:4:command.cpp              :359 : 4393523261359 us: [pid:4154523 tid: 0x7ff56a04a200] Command (InternalMarker) enqueued: 0x40310790
:3:rocvirtual.cpp           :533 : 4393523261371 us: [pid:4154523 tid: 0x7ff56a04a200] Set Handler: handle(0x7ff5609fc000), timestamp(0x40276c20)
:4:rocvirtual.cpp           :1147: 4393523261380 us: [pid:4154523 tid: 0x7ff56a04a200] SWq=0x7ff56a034000, HWq=0x7ff54da00000, id=1, BarrierAND Header = 0x1503 (type=3, barrier=1, acquire=2, release=2), dep_signal=[0x0, 0x0, 0x0, 0x0, 0x0], completion_signal=0x7ff5609fc000
:3:rocvirtual.hpp           :56  : 4393523261394 us: [pid:4154523 tid: 0x7ff56a04a200] Host active wait for Signal = (0x7ff5609fc000) for -1 ns
:4:commandqueue.cpp         :184 : 4393523261745 us: [pid:4154523 tid: 0x7ff56a04a200] All commands finished
:3:rocvirtual.cpp           :226 : 4393523261750 us: [pid:4154523 tid: 0x7ff42fbff6c0] Handler: value(0), timestamp(0x409d2d50), handle(0x7ff5609fc000)
:4:command.cpp              :169 : 4393523261832 us: [pid:4154523 tid: 0x7ff42fbff6c0] Command 0x40aa9a40 complete
:4:command.cpp              :163 : 4393523261839 us: [pid:4154523 tid: 0x7ff42fbff6c0] Command 0x40310790 complete (Wall: 4393523261838, CPU: 0, GPU: 471 us)
:3:hip_device_runtime.cpp   :645 : 4393523261825 us: [pid:4154523 tid: 0x7ff56a04a200] hipDeviceSynchronize: Returned hipSuccess : 
:3:hip_platform.cpp         :237 : 4393523261878 us: [pid:4154523 tid: 0x7ff56a04a200] [32m __hipPushCallConfiguration ( {8,1,1}, {128,1,1}, 0, stream:<null> ) [0m
:3:hip_platform.cpp         :241 : 4393523261887 us: [pid:4154523 tid: 0x7ff56a04a200] __hipPushCallConfiguration: Returned hipSuccess : 
:3:hip_platform.cpp         :246 : 4393523261898 us: [pid:4154523 tid: 0x7ff56a04a200] [32m __hipPopCallConfiguration ( {1951258706,32757,128}, {2118224,0,278018480}, 0x7ffc10923700, 0x7ffc109236f8 ) [0m
:3:hip_platform.cpp         :255 : 4393523261905 us: [pid:4154523 tid: 0x7ff56a04a200] __hipPopCallConfiguration: Returned hipSuccess : 
:3:hip_module.cpp           :744 : 4393523261918 us: [pid:4154523 tid: 0x7ff56a04a200] [32m hipLaunchKernel ( 0x200fe8, {8,1,1}, {128,1,1}, 0x7ffc109236b0, 0, stream:<null> ) [0m
:4:command.cpp              :359 : 4393523261935 us: [pid:4154523 tid: 0x7ff56a04a200] Command (KernelExecution) enqueued: 0x40a93ca0
:3:rocvirtual.cpp           :762 : 4393523261944 us: [pid:4154523 tid: 0x7ff56a04a200] Arg0:   = ptr:0x7ff344200000
:3:rocvirtual.cpp           :778 : 4393523261950 us: [pid:4154523 tid: 0x7ff56a04a200] Arg0:   = ptr:0x7ff344200000 obj:[0x7ff344200000-0x7ff3616c0000]
:3:rocvirtual.cpp           :762 : 4393523262308 us: [pid:4154523 tid: 0x7ff56a04a200] Arg1:   = ptr:0x7ff54cc27000
:3:rocvirtual.cpp           :778 : 4393523262316 us: [pid:4154523 tid: 0x7ff56a04a200] Arg1:   = ptr:0x7ff54cc27000 obj:[0x7ff54cc27000-0x7ff54cc87000]
:3:rocvirtual.cpp           :762 : 4393523262328 us: [pid:4154523 tid: 0x7ff56a04a200] Arg2:   = ptr:0x7ff326a00000
:3:rocvirtual.cpp           :778 : 4393523262333 us: [pid:4154523 tid: 0x7ff56a04a200] Arg2:   = ptr:0x7ff326a00000 obj:[0x7ff326a00000-0x7ff343ec0000]
:3:rocvirtual.cpp           :853 : 4393523262341 us: [pid:4154523 tid: 0x7ff56a04a200] Arg3:   = val:12288
:3:rocvirtual.cpp           :762 : 4393523262345 us: [pid:4154523 tid: 0x7ff56a04a200] Arg4:   = ptr:0x7ff54cc00000
:3:rocvirtual.cpp           :778 : 4393523262350 us: [pid:4154523 tid: 0x7ff56a04a200] Arg4:   = ptr:0x7ff54cc00000 obj:[0x7ff54cc00000-0x7ff54cc00024]
:3:rocvirtual.cpp           :3236: 4393523262358 us: [pid:4154523 tid: 0x7ff56a04a200] ShaderName : void dense_esuhm3<float>(float const*, float const*, float*, int, int const*)
:3:rocvirtual.cpp           :3449: 4393523262368 us: [pid:4154523 tid: 0x7ff56a04a200] KernargSegmentByteSize = 296 KernargSegmentAlignment = 128
:4:rocvirtual.cpp           :965 : 4393523262378 us: [pid:4154523 tid: 0x7ff56a04a200] SWq=0x7ff56a034000, HWq=0x7ff54da00000, id=1, Dispatch Header = 0xb02 (type=2, barrier=1, acquire=1, release=1), setup=3, grid=[1024, 1, 1], workgroup=[128, 1, 1], private_seg_size=140, group_seg_size=0, kernel_obj=0x7ff560a91a00, kernarg_address=0x7ff54d800280, completion_signal=0x0, correlation_id=0, rptr=146, wptr=146
:3:hip_module.cpp           :745 : 4393523262393 us: [pid:4154523 tid: 0x7ff56a04a200] hipLaunchKernel: Returned hipSuccess : : duration: 475 us
:3:hip_device_runtime.cpp   :641 : 4393523262404 us: [pid:4154523 tid: 0x7ff56a04a200] [32m hipDeviceSynchronize (  ) [0m
:4:commandqueue.cpp         :161 : 4393523262419 us: [pid:4154523 tid: 0x7ff56a04a200] Marker queued to ensure finish
:4:command.cpp              :359 : 4393523262424 us: [pid:4154523 tid: 0x7ff56a04a200] Command (InternalMarker) enqueued: 0x40310790
:3:rocvirtual.cpp           :533 : 4393523262437 us: [pid:4154523 tid: 0x7ff56a04a200] Set Handler: handle(0x7ff5609fc080), timestamp(0x409d2ff0)
:4:rocvirtual.cpp           :1147: 4393523262445 us: [pid:4154523 tid: 0x7ff56a04a200] SWq=0x7ff56a034000, HWq=0x7ff54da00000, id=1, BarrierAND Header = 0x1503 (type=3, barrier=1, acquire=2, release=2), dep_signal=[0x0, 0x0, 0x0, 0x0, 0x0], completion_signal=0x7ff5609fc080
:3:rocvirtual.hpp           :56  : 4393523262456 us: [pid:4154523 tid: 0x7ff56a04a200] Host active wait for Signal = (0x7ff5609fc080) for -1 ns
:4:commandqueue.cpp         :184 : 4393523265195 us: [pid:4154523 tid: 0x7ff56a04a200] All commands finished
:3:rocvirtual.cpp           :226 : 4393523265204 us: [pid:4154523 tid: 0x7ff42fbff6c0] Handler: value(0), timestamp(0x4030f380), handle(0x7ff5609fc080)
:3:hip_device_runtime.cpp   :645 : 4393523265211 us: [pid:4154523 tid: 0x7ff56a04a200] hipDeviceSynchronize: Returned hipSuccess : 
:4:command.cpp              :169 : 4393523265229 us: [pid:4154523 tid: 0x7ff42fbff6c0] Command 0x40a93ca0 complete
:4:command.cpp              :163 : 4393523265260 us: [pid:4154523 tid: 0x7ff42fbff6c0] Command 0x40310790 complete (Wall: 4393523265258, CPU: 0, GPU: 2826 us)
:3:hip_memory.cpp           :795 : 4393523265247 us: [pid:4154523 tid: 0x7ff56a04a200] [32m hipMemcpy ( 0x7ff37ecfc010, 0x7ff326a00000, 491520000, hipMemcpyDeviceToHost ) [0m
:4:command.cpp              :359 : 4393523265668 us: [pid:4154523 tid: 0x7ff56a04a200] Command (CopyDeviceToHost) enqueued: 0x4035b750
:4:rocblit.cpp              :1673: 4393523265681 us: [pid:4154523 tid: 0x7ff56a04a200] Unpinned read path, Async = 0
:4:rocmemory.cpp            :1018: 4393523277248 us: [pid:4154523 tid: 0x7ff56a04a200] Locking to pool 0x4017aed0, size 0x2001000, HostPtr = 0x7ff37ecfc000, DevPtr = 0x7ff37ecfc000
:4:rocblit.cpp              :623 : 4393523277267 us: [pid:4154523 tid: 0x7ff56a04a200] HSA Copy Using Pinned resource size 33554432
:4:rocblit.cpp              :687 : 4393523277276 us: [pid:4154523 tid: 0x7ff56a04a200] HSA Async Copy staged D2H
:4:rocblit.cpp              :503 : 4393523277286 us: [pid:4154523 tid: 0x7ff56a04a200] Last copy mask 0x0
:4:rocblit.cpp              :509 : 4393523277301 us: [pid:4154523 tid: 0x7ff56a04a200] Query copy engine status 0, free_engine mask 0x1e
:4:rocblit.cpp              :520 : 4393523277309 us: [pid:4154523 tid: 0x7ff56a04a200] HSA Async Copy on copy_engine=0x2, dst=0x7ff37ecfc010, src=0x7ff326a00000, size=33554432, forceSDMA=0, wait_event=0x0, completion_signal=0x7ff5609fe200
:4:rocvirtual.cpp           :622 : 4393523277319 us: [pid:4154523 tid: 0x7ff56a04a200] Host wait on completion_signal=0x7ff5609fe200
:3:rocvirtual.hpp           :56  : 4393523277327 us: [pid:4154523 tid: 0x7ff56a04a200] Host active wait for Signal = (0x7ff5609fe200) for -1 ns
:4:rocmemory.cpp            :1018: 4393523290933 us: [pid:4154523 tid: 0x7ff56a04a200] Locking to pool 0x4017aed0, size 0x2001000, HostPtr = 0x7ff380cfc000, DevPtr = 0x7ff380cfc000
:4:rocblit.cpp              :623 : 4393523290955 us: [pid:4154523 tid: 0x7ff56a04a200] HSA Copy Using Pinned resource size 33554432
:4:rocblit.cpp              :687 : 4393523290964 us: [pid:4154523 tid: 0x7ff56a04a200] HSA Async Copy staged D2H
:4:rocblit.cpp              :503 : 4393523290969 us: [pid:4154523 tid: 0x7ff56a04a200] Last copy mask 0x2
:4:rocblit.cpp              :520 : 4393523290975 us: [pid:4154523 tid: 0x7ff56a04a200] HSA Async Copy on copy_engine=0x2, dst=0x7ff380cfc010, src=0x7ff328a00000, size=33554432, forceSDMA=0, wait_event=0x0, completion_signal=0x7ff5609fdb80
:4:rocvirtual.cpp           :622 : 4393523290985 us: [pid:4154523 tid: 0x7ff56a04a200] Host wait on completion_signal=0x7ff5609fdb80
:3:rocvirtual.hpp           :56  : 4393523290993 us: [pid:4154523 tid: 0x7ff56a04a200] Host active wait for Signal = (0x7ff5609fdb80) for -1 ns
:4:rocmemory.cpp            :1018: 4393523303730 us: [pid:4154523 tid: 0x7ff56a04a200] Locking to pool 0x4017aed0, size 0x2001000, HostPtr = 0x7ff382cfc000, DevPtr = 0x7ff382cfc000
:4:rocblit.cpp              :623 : 4393523303746 us: [pid:4154523 tid: 0x7ff56a04a200] HSA Copy Using Pinned resource size 33554432
:4:rocblit.cpp              :687 : 4393523303753 us: [pid:4154523 tid: 0x7ff56a04a200] HSA Async Copy staged D2H
:4:rocblit.cpp              :503 : 4393523303765 us: [pid:4154523 tid: 0x7ff56a04a200] Last copy mask 0x2
:4:rocblit.cpp              :520 : 4393523303772 us: [pid:4154523 tid: 0x7ff56a04a200] HSA Async Copy on copy_engine=0x2, dst=0x7ff382cfc010, src=0x7ff32aa00000, size=33554432, forceSDMA=0, wait_event=0x0, completion_signal=0x7ff5609fda80
:4:rocvirtual.cpp           :622 : 4393523303786 us: [pid:4154523 tid: 0x7ff56a04a200] Host wait on completion_signal=0x7ff5609fda80
:3:rocvirtual.hpp           :56  : 4393523303794 us: [pid:4154523 tid: 0x7ff56a04a200] Host active wait for Signal = (0x7ff5609fda80) for -1 ns
:4:rocmemory.cpp            :1018: 4393523316352 us: [pid:4154523 tid: 0x7ff56a04a200] Locking to pool 0x4017aed0, size 0x2001000, HostPtr = 0x7ff384cfc000, DevPtr = 0x7ff384cfc000
:4:rocblit.cpp              :623 : 4393523316374 us: [pid:4154523 tid: 0x7ff56a04a200] HSA Copy Using Pinned resource size 33554432
:4:rocblit.cpp              :687 : 4393523316382 us: [pid:4154523 tid: 0x7ff56a04a200] HSA Async Copy staged D2H
:4:rocblit.cpp              :503 : 4393523316390 us: [pid:4154523 tid: 0x7ff56a04a200] Last copy mask 0x2
:4:rocblit.cpp              :520 : 4393523316396 us: [pid:4154523 tid: 0x7ff56a04a200] HSA Async Copy on copy_engine=0x2, dst=0x7ff384cfc010, src=0x7ff32ca00000, size=33554432, forceSDMA=0, wait_event=0x0, completion_signal=0x7ff5609fd880
:4:rocvirtual.cpp           :622 : 4393523316406 us: [pid:4154523 tid: 0x7ff56a04a200] Host wait on completion_signal=0x7ff5609fd880
:3:rocvirtual.hpp           :56  : 4393523316413 us: [pid:4154523 tid: 0x7ff56a04a200] Host active wait for Signal = (0x7ff5609fd880) for -1 ns
:4:rocmemory.cpp            :1018: 4393523329155 us: [pid:4154523 tid: 0x7ff56a04a200] Locking to pool 0x4017aed0, size 0x2001000, HostPtr = 0x7ff386cfc000, DevPtr = 0x7ff386cfc000
:4:rocblit.cpp              :623 : 4393523329180 us: [pid:4154523 tid: 0x7ff56a04a200] HSA Copy Using Pinned resource size 33554432
:4:rocblit.cpp              :687 : 4393523329187 us: [pid:4154523 tid: 0x7ff56a04a200] HSA Async Copy staged D2H
:4:rocblit.cpp              :503 : 4393523329193 us: [pid:4154523 tid: 0x7ff56a04a200] Last copy mask 0x2
:4:rocblit.cpp              :520 : 4393523329198 us: [pid:4154523 tid: 0x7ff56a04a200] HSA Async Copy on copy_engine=0x2, dst=0x7ff386cfc010, src=0x7ff32ea00000, size=33554432, forceSDMA=0, wait_event=0x0, completion_signal=0x7ff5609ff780
:4:rocvirtual.cpp           :622 : 4393523329207 us: [pid:4154523 tid: 0x7ff56a04a200] Host wait on completion_signal=0x7ff5609ff780
:3:rocvirtual.hpp           :56  : 4393523329221 us: [pid:4154523 tid: 0x7ff56a04a200] Host active wait for Signal = (0x7ff5609ff780) for -1 ns
:4:rocmemory.cpp            :1018: 4393523342538 us: [pid:4154523 tid: 0x7ff56a04a200] Locking to pool 0x4017aed0, size 0x2001000, HostPtr = 0x7ff388cfc000, DevPtr = 0x7ff388cfc000
:4:rocblit.cpp              :623 : 4393523342559 us: [pid:4154523 tid: 0x7ff56a04a200] HSA Copy Using Pinned resource size 33554432
:4:rocblit.cpp              :687 : 4393523342570 us: [pid:4154523 tid: 0x7ff56a04a200] HSA Async Copy staged D2H
:4:rocblit.cpp              :503 : 4393523342590 us: [pid:4154523 tid: 0x7ff56a04a200] Last copy mask 0x2
:4:rocblit.cpp              :520 : 4393523342597 us: [pid:4154523 tid: 0x7ff56a04a200] HSA Async Copy on copy_engine=0x2, dst=0x7ff388cfc010, src=0x7ff330a00000, size=33554432, forceSDMA=0, wait_event=0x0, completion_signal=0x7ff5609ff800
:4:rocvirtual.cpp           :622 : 4393523342610 us: [pid:4154523 tid: 0x7ff56a04a200] Host wait on completion_signal=0x7ff5609ff800
:3:rocvirtual.hpp           :56  : 4393523342624 us: [pid:4154523 tid: 0x7ff56a04a200] Host active wait for Signal = (0x7ff5609ff800) for -1 ns
:4:rocmemory.cpp            :1018: 4393523355310 us: [pid:4154523 tid: 0x7ff56a04a200] Locking to pool 0x4017aed0, size 0x2001000, HostPtr = 0x7ff38acfc000, DevPtr = 0x7ff38acfc000
:4:rocblit.cpp              :623 : 4393523355327 us: [pid:4154523 tid: 0x7ff56a04a200] HSA Copy Using Pinned resource size 33554432
:4:rocblit.cpp              :687 : 4393523355740 us: [pid:4154523 tid: 0x7ff56a04a200] HSA Async Copy staged D2H
:4:rocblit.cpp              :503 : 4393523355747 us: [pid:4154523 tid: 0x7ff56a04a200] Last copy mask 0x2
:4:rocblit.cpp              :520 : 4393523355751 us: [pid:4154523 tid: 0x7ff56a04a200] HSA Async Copy on copy_engine=0x2, dst=0x7ff38acfc010, src=0x7ff332a00000, size=33554432, forceSDMA=0, wait_event=0x0, completion_signal=0x7ff5609fef00
:4:rocvirtual.cpp           :622 : 4393523355762 us: [pid:4154523 tid: 0x7ff56a04a200] Host wait on completion_signal=0x7ff5609fef00
:3:rocvirtual.hpp           :56  : 4393523355780 us: [pid:4154523 tid: 0x7ff56a04a200] Host active wait for Signal = (0x7ff5609fef00) for -1 ns
:4:rocmemory.cpp            :1018: 4393523368377 us: [pid:4154523 tid: 0x7ff56a04a200] Locking to pool 0x4017aed0, size 0x2001000, HostPtr = 0x7ff38ccfc000, DevPtr = 0x7ff38ccfc000
:4:rocblit.cpp              :623 : 4393523368395 us: [pid:4154523 tid: 0x7ff56a04a200] HSA Copy Using Pinned resource size 33554432
:4:rocblit.cpp              :687 : 4393523368403 us: [pid:4154523 tid: 0x7ff56a04a200] HSA Async Copy staged D2H
:4:rocblit.cpp              :503 : 4393523368410 us: [pid:4154523 tid: 0x7ff56a04a200] Last copy mask 0x2
:4:rocblit.cpp              :520 : 4393523368415 us: [pid:4154523 tid: 0x7ff56a04a200] HSA Async Copy on copy_engine=0x2, dst=0x7ff38ccfc010, src=0x7ff334a00000, size=33554432, forceSDMA=0, wait_event=0x0, completion_signal=0x7ff5609ff680
:4:rocvirtual.cpp           :622 : 4393523368426 us: [pid:4154523 tid: 0x7ff56a04a200] Host wait on completion_signal=0x7ff5609ff680
:3:rocvirtual.hpp           :56  : 4393523368441 us: [pid:4154523 tid: 0x7ff56a04a200] Host active wait for Signal = (0x7ff5609ff680) for -1 ns
:4:rocmemory.cpp            :1018: 4393523381168 us: [pid:4154523 tid: 0x7ff56a04a200] Locking to pool 0x4017aed0, size 0x2001000, HostPtr = 0x7ff38ecfc000, DevPtr = 0x7ff38ecfc000
:4:rocblit.cpp              :623 : 4393523381185 us: [pid:4154523 tid: 0x7ff56a04a200] HSA Copy Using Pinned resource size 33554432
:4:rocblit.cpp              :687 : 4393523381192 us: [pid:4154523 tid: 0x7ff56a04a200] HSA Async Copy staged D2H
:4:rocblit.cpp              :503 : 4393523381200 us: [pid:4154523 tid: 0x7ff56a04a200] Last copy mask 0x2
:4:rocblit.cpp              :520 : 4393523381212 us: [pid:4154523 tid: 0x7ff56a04a200] HSA Async Copy on copy_engine=0x2, dst=0x7ff38ecfc010, src=0x7ff336a00000, size=33554432, forceSDMA=0, wait_event=0x0, completion_signal=0x7ff5609ff480
:4:rocvirtual.cpp           :622 : 4393523381223 us: [pid:4154523 tid: 0x7ff56a04a200] Host wait on completion_signal=0x7ff5609ff480
:3:rocvirtual.hpp           :56  : 4393523381230 us: [pid:4154523 tid: 0x7ff56a04a200] Host active wait for Signal = (0x7ff5609ff480) for -1 ns
:4:rocmemory.cpp            :1018: 4393523393473 us: [pid:4154523 tid: 0x7ff56a04a200] Locking to pool 0x4017aed0, size 0x2001000, HostPtr = 0x7ff390cfc000, DevPtr = 0x7ff390cfc000
:4:rocblit.cpp              :623 : 4393523393499 us: [pid:4154523 tid: 0x7ff56a04a200] HSA Copy Using Pinned resource size 33554432
:4:rocblit.cpp              :687 : 4393523393509 us: [pid:4154523 tid: 0x7ff56a04a200] HSA Async Copy staged D2H
:4:rocblit.cpp              :503 : 4393523393520 us: [pid:4154523 tid: 0x7ff56a04a200] Last copy mask 0x2
:4:rocblit.cpp              :520 : 4393523393525 us: [pid:4154523 tid: 0x7ff56a04a200] HSA Async Copy on copy_engine=0x2, dst=0x7ff390cfc010, src=0x7ff338a00000, size=33554432, forceSDMA=0, wait_event=0x0, completion_signal=0x7ff5609fd900
:4:rocvirtual.cpp           :622 : 4393523393534 us: [pid:4154523 tid: 0x7ff56a04a200] Host wait on completion_signal=0x7ff5609fd900
:3:rocvirtual.hpp           :56  : 4393523393545 us: [pid:4154523 tid: 0x7ff56a04a200] Host active wait for Signal = (0x7ff5609fd900) for -1 ns
:4:rocmemory.cpp            :1018: 4393523406011 us: [pid:4154523 tid: 0x7ff56a04a200] Locking to pool 0x4017aed0, size 0x2001000, HostPtr = 0x7ff392cfc000, DevPtr = 0x7ff392cfc000
:4:rocblit.cpp              :623 : 4393523406041 us: [pid:4154523 tid: 0x7ff56a04a200] HSA Copy Using Pinned resource size 33554432
:4:rocblit.cpp              :687 : 4393523406062 us: [pid:4154523 tid: 0x7ff56a04a200] HSA Async Copy staged D2H
:4:rocblit.cpp              :503 : 4393523406069 us: [pid:4154523 tid: 0x7ff56a04a200] Last copy mask 0x2
:4:rocblit.cpp              :520 : 4393523406074 us: [pid:4154523 tid: 0x7ff56a04a200] HSA Async Copy on copy_engine=0x2, dst=0x7ff392cfc010, src=0x7ff33aa00000, size=33554432, forceSDMA=0, wait_event=0x0, completion_signal=0x7ff5609fe280
:4:rocvirtual.cpp           :622 : 4393523406084 us: [pid:4154523 tid: 0x7ff56a04a200] Host wait on completion_signal=0x7ff5609fe280
:3:rocvirtual.hpp           :56  : 4393523406092 us: [pid:4154523 tid: 0x7ff56a04a200] Host active wait for Signal = (0x7ff5609fe280) for -1 ns
:4:rocmemory.cpp            :1018: 4393523418638 us: [pid:4154523 tid: 0x7ff56a04a200] Locking to pool 0x4017aed0, size 0x2001000, HostPtr = 0x7ff394cfc000, DevPtr = 0x7ff394cfc000
:4:rocblit.cpp              :623 : 4393523418657 us: [pid:4154523 tid: 0x7ff56a04a200] HSA Copy Using Pinned resource size 33554432
:4:rocblit.cpp              :687 : 4393523418665 us: [pid:4154523 tid: 0x7ff56a04a200] HSA Async Copy staged D2H
:4:rocblit.cpp              :503 : 4393523418670 us: [pid:4154523 tid: 0x7ff56a04a200] Last copy mask 0x2
:4:rocblit.cpp              :520 : 4393523418675 us: [pid:4154523 tid: 0x7ff56a04a200] HSA Async Copy on copy_engine=0x2, dst=0x7ff394cfc010, src=0x7ff33ca00000, size=33554432, forceSDMA=0, wait_event=0x0, completion_signal=0x7ff5609fe300
:4:rocvirtual.cpp           :622 : 4393523418684 us: [pid:4154523 tid: 0x7ff56a04a200] Host wait on completion_signal=0x7ff5609fe300
:3:rocvirtual.hpp           :56  : 4393523418692 us: [pid:4154523 tid: 0x7ff56a04a200] Host active wait for Signal = (0x7ff5609fe300) for -1 ns
:4:rocmemory.cpp            :1018: 4393523431813 us: [pid:4154523 tid: 0x7ff56a04a200] Locking to pool 0x4017aed0, size 0x2001000, HostPtr = 0x7ff396cfc000, DevPtr = 0x7ff396cfc000
:4:rocblit.cpp              :623 : 4393523431831 us: [pid:4154523 tid: 0x7ff56a04a200] HSA Copy Using Pinned resource size 33554432
:4:rocblit.cpp              :687 : 4393523431838 us: [pid:4154523 tid: 0x7ff56a04a200] HSA Async Copy staged D2H
:4:rocblit.cpp              :503 : 4393523431844 us: [pid:4154523 tid: 0x7ff56a04a200] Last copy mask 0x2
:4:rocblit.cpp              :520 : 4393523431848 us: [pid:4154523 tid: 0x7ff56a04a200] HSA Async Copy on copy_engine=0x2, dst=0x7ff396cfc010, src=0x7ff33ea00000, size=33554432, forceSDMA=0, wait_event=0x0, completion_signal=0x7ff5609fe400
:4:rocvirtual.cpp           :622 : 4393523431858 us: [pid:4154523 tid: 0x7ff56a04a200] Host wait on completion_signal=0x7ff5609fe400
:3:rocvirtual.hpp           :56  : 4393523431865 us: [pid:4154523 tid: 0x7ff56a04a200] Host active wait for Signal = (0x7ff5609fe400) for -1 ns
:4:rocmemory.cpp            :1018: 4393523444356 us: [pid:4154523 tid: 0x7ff56a04a200] Locking to pool 0x4017aed0, size 0x2001000, HostPtr = 0x7ff398cfc000, DevPtr = 0x7ff398cfc000
:4:rocblit.cpp              :623 : 4393523444388 us: [pid:4154523 tid: 0x7ff56a04a200] HSA Copy Using Pinned resource size 33554432
:4:rocblit.cpp              :687 : 4393523444396 us: [pid:4154523 tid: 0x7ff56a04a200] HSA Async Copy staged D2H
:4:rocblit.cpp              :503 : 4393523444403 us: [pid:4154523 tid: 0x7ff56a04a200] Last copy mask 0x2
:4:rocblit.cpp              :520 : 4393523444415 us: [pid:4154523 tid: 0x7ff56a04a200] HSA Async Copy on copy_engine=0x2, dst=0x7ff398cfc010, src=0x7ff340a00000, size=33554432, forceSDMA=0, wait_event=0x0, completion_signal=0x7ff5609ff380
:4:rocvirtual.cpp           :622 : 4393523444430 us: [pid:4154523 tid: 0x7ff56a04a200] Host wait on completion_signal=0x7ff5609ff380
:3:rocvirtual.hpp           :56  : 4393523444444 us: [pid:4154523 tid: 0x7ff56a04a200] Host active wait for Signal = (0x7ff5609ff380) for -1 ns
:4:rocmemory.cpp            :1018: 4393523453490 us: [pid:4154523 tid: 0x7ff56a04a200] Locking to pool 0x4017aed0, size 0x14c1000, HostPtr = 0x7ff39acfc000, DevPtr = 0x7ff39acfc000
:4:rocblit.cpp              :623 : 4393523453510 us: [pid:4154523 tid: 0x7ff56a04a200] HSA Copy Using Pinned resource size 21757952
:4:rocblit.cpp              :687 : 4393523453527 us: [pid:4154523 tid: 0x7ff56a04a200] HSA Async Copy staged D2H
:4:rocblit.cpp              :503 : 4393523453536 us: [pid:4154523 tid: 0x7ff56a04a200] Last copy mask 0x2
:4:rocblit.cpp              :520 : 4393523453548 us: [pid:4154523 tid: 0x7ff56a04a200] HSA Async Copy on copy_engine=0x2, dst=0x7ff39acfc010, src=0x7ff342a00000, size=21757952, forceSDMA=0, wait_event=0x0, completion_signal=0x7ff5609ff180
:4:rocvirtual.cpp           :622 : 4393523453561 us: [pid:4154523 tid: 0x7ff56a04a200] Host wait on completion_signal=0x7ff5609ff180
:3:rocvirtual.hpp           :56  : 4393523453572 us: [pid:4154523 tid: 0x7ff56a04a200] Host active wait for Signal = (0x7ff5609ff180) for -1 ns
:4:commandqueue.cpp         :161 : 4393523454483 us: [pid:4154523 tid: 0x7ff56a04a200] Marker queued to ensure finish
:4:command.cpp              :359 : 4393523454496 us: [pid:4154523 tid: 0x7ff56a04a200] Command (InternalMarker) enqueued: 0x40310790
:3:rocvirtual.cpp           :533 : 4393523454514 us: [pid:4154523 tid: 0x7ff56a04a200] Set Handler: handle(0x7ff5609fd700), timestamp(0x40a163b0)
:4:rocvirtual.cpp           :1147: 4393523454524 us: [pid:4154523 tid: 0x7ff56a04a200] SWq=0x7ff56a034000, HWq=0x7ff54da00000, id=1, BarrierAND Header = 0x1503 (type=3, barrier=1, acquire=2, release=2), dep_signal=[0x0, 0x0, 0x0, 0x0, 0x0], completion_signal=0x7ff5609fd700
:3:rocvirtual.hpp           :56  : 4393523454535 us: [pid:4154523 tid: 0x7ff56a04a200] Host active wait for Signal = (0x7ff5609fd700) for -1 ns
:4:commandqueue.cpp         :184 : 4393523454543 us: [pid:4154523 tid: 0x7ff56a04a200] All commands finished
:3:hip_memory.cpp           :796 : 4393523454549 us: [pid:4154523 tid: 0x7ff56a04a200] hipMemcpy: Returned hipSuccess : : duration: 189302 us
:3:rocvirtual.cpp           :226 : 4393523454556 us: [pid:4154523 tid: 0x7ff42fbff6c0] Handler: value(0), timestamp(0x40279b00), handle(0x7ff5609fd700)
:4:command.cpp              :169 : 4393523454572 us: [pid:4154523 tid: 0x7ff42fbff6c0] Command 0x4035b750 complete
:4:command.cpp              :163 : 4393523454580 us: [pid:4154523 tid: 0x7ff42fbff6c0] Command 0x40310790 complete (Wall: 4393523454578, CPU: 0, GPU: 73 us)
:3:hip_memory.cpp           :3476: 4393524884839 us: [pid:4154523 tid: 0x7ff56a04a200] [32m hipMemset ( 0x7ff326a00000, 0, 491520000 ) [0m
:4:command.cpp              :359 : 4393524884872 us: [pid:4154523 tid: 0x7ff56a04a200] Command (FillBuffer) enqueued: 0x40aa9a40
:3:rocvirtual.cpp           :762 : 4393524884896 us: [pid:4154523 tid: 0x7ff56a04a200] Arg0: void* buf = ptr:0x7ff326a00000
:3:rocvirtual.cpp           :778 : 4393524884901 us: [pid:4154523 tid: 0x7ff56a04a200] Arg0: void* buf = ptr:0x7ff326a00000 obj:[0x7ff326a00000-0x7ff343ec0000]
:3:rocvirtual.cpp           :762 : 4393524884909 us: [pid:4154523 tid: 0x7ff56a04a200] Arg1: uchar* pattern = ptr:0x7ff54d800000
:3:rocvirtual.cpp           :853 : 4393524884917 us: [pid:4154523 tid: 0x7ff56a04a200] Arg2: uint pattern_size = val:1
:3:rocvirtual.cpp           :853 : 4393524884922 us: [pid:4154523 tid: 0x7ff56a04a200] Arg3: uint alignment = val:16
:3:rocvirtual.cpp           :853 : 4393524884926 us: [pid:4154523 tid: 0x7ff56a04a200] Arg4: ulong end_ptr = val:140682793320448
:3:rocvirtual.cpp           :853 : 4393524884934 us: [pid:4154523 tid: 0x7ff56a04a200] Arg5: uint next_chunk = val:26624
:3:rocvirtual.cpp           :3236: 4393524884939 us: [pid:4154523 tid: 0x7ff56a04a200] ShaderName : __amd_rocclr_fillBufferAligned
:3:rocvirtual.cpp           :3449: 4393524884951 us: [pid:4154523 tid: 0x7ff56a04a200] KernargSegmentByteSize = 296 KernargSegmentAlignment = 128
:4:rocvirtual.cpp           :965 : 4393524884963 us: [pid:4154523 tid: 0x7ff56a04a200] SWq=0x7ff56a034000, HWq=0x7ff54da00000, id=1, Dispatch Header = 0x1502 (type=2, barrier=1, acquire=2, release=2), setup=1, grid=[26624, 1, 1], workgroup=[256, 1, 1], private_seg_size=0, group_seg_size=0, kernel_obj=0x7ff56a025d40, kernarg_address=0x7ff54d800100, completion_signal=0x0, correlation_id=0, rptr=149, wptr=149
:3:hip_memory.cpp           :3477: 4393524884979 us: [pid:4154523 tid: 0x7ff56a04a200] hipMemset: Returned hipSuccess : 
:3:hip_device_runtime.cpp   :641 : 4393524884985 us: [pid:4154523 tid: 0x7ff56a04a200] [32m hipDeviceSynchronize (  ) [0m
:4:commandqueue.cpp         :161 : 4393524884991 us: [pid:4154523 tid: 0x7ff56a04a200] Marker queued to ensure finish
:4:command.cpp              :359 : 4393524884996 us: [pid:4154523 tid: 0x7ff56a04a200] Command (InternalMarker) enqueued: 0x40310790
:3:rocvirtual.cpp           :533 : 4393524885014 us: [pid:4154523 tid: 0x7ff56a04a200] Set Handler: handle(0x7ff5609fbf00), timestamp(0x403109e0)
:4:rocvirtual.cpp           :1147: 4393524885022 us: [pid:4154523 tid: 0x7ff56a04a200] SWq=0x7ff56a034000, HWq=0x7ff54da00000, id=1, BarrierAND Header = 0x1503 (type=3, barrier=1, acquire=2, release=2), dep_signal=[0x0, 0x0, 0x0, 0x0, 0x0], completion_signal=0x7ff5609fbf00
:3:rocvirtual.hpp           :56  : 4393524885034 us: [pid:4154523 tid: 0x7ff56a04a200] Host active wait for Signal = (0x7ff5609fbf00) for -1 ns
:4:commandqueue.cpp         :184 : 4393524885395 us: [pid:4154523 tid: 0x7ff56a04a200] All commands finished
:3:rocvirtual.cpp           :226 : 4393524885419 us: [pid:4154523 tid: 0x7ff42fbff6c0] Handler: value(0), timestamp(0x40310930), handle(0x7ff5609fbf00)
:3:hip_device_runtime.cpp   :645 : 4393524885452 us: [pid:4154523 tid: 0x7ff56a04a200] hipDeviceSynchronize: Returned hipSuccess : 
:4:command.cpp              :169 : 4393524885468 us: [pid:4154523 tid: 0x7ff42fbff6c0] Command 0x40aa9a40 complete
:3:hip_platform.cpp         :237 : 4393524885496 us: [pid:4154523 tid: 0x7ff56a04a200] [32m __hipPushCallConfiguration ( {8,1,1}, {256,1,1}, 0, stream:<null> ) [0m
:3:hip_platform.cpp         :241 : 4393524885507 us: [pid:4154523 tid: 0x7ff56a04a200] __hipPushCallConfiguration: Returned hipSuccess : 
:3:hip_platform.cpp         :246 : 4393524885519 us: [pid:4154523 tid: 0x7ff56a04a200] [32m __hipPopCallConfiguration ( {1951258706,32757,256}, {2118224,0,278018480}, 0x7ffc10923700, 0x7ffc109236f8 ) [0m
:3:hip_platform.cpp         :255 : 4393524885528 us: [pid:4154523 tid: 0x7ff56a04a200] __hipPopCallConfiguration: Returned hipSuccess : 
:3:hip_module.cpp           :744 : 4393524885541 us: [pid:4154523 tid: 0x7ff56a04a200] [32m hipLaunchKernel ( 0x200fd8, {8,1,1}, {256,1,1}, 0x7ffc109236b0, 0, stream:<null> ) [0m
:4:command.cpp              :163 : 4393524885548 us: [pid:4154523 tid: 0x7ff42fbff6c0] Command 0x40310790 complete (Wall: 4393524885544, CPU: 0, GPU: 541 us)
:4:command.cpp              :359 : 4393524885561 us: [pid:4154523 tid: 0x7ff56a04a200] Command (KernelExecution) enqueued: 0x4035b750
:3:rocvirtual.cpp           :762 : 4393524885585 us: [pid:4154523 tid: 0x7ff56a04a200] Arg0:   = ptr:0x7ff344200000
:3:rocvirtual.cpp           :778 : 4393524885593 us: [pid:4154523 tid: 0x7ff56a04a200] Arg0:   = ptr:0x7ff344200000 obj:[0x7ff344200000-0x7ff3616c0000]
:3:rocvirtual.cpp           :762 : 4393524885603 us: [pid:4154523 tid: 0x7ff56a04a200] Arg1:   = ptr:0x7ff54cc27000
:3:rocvirtual.cpp           :778 : 4393524886019 us: [pid:4154523 tid: 0x7ff56a04a200] Arg1:   = ptr:0x7ff54cc27000 obj:[0x7ff54cc27000-0x7ff54cc87000]
:3:rocvirtual.cpp           :762 : 4393524886481 us: [pid:4154523 tid: 0x7ff56a04a200] Arg2:   = ptr:0x7ff326a00000
:3:rocvirtual.cpp           :778 : 4393524886487 us: [pid:4154523 tid: 0x7ff56a04a200] Arg2:   = ptr:0x7ff326a00000 obj:[0x7ff326a00000-0x7ff343ec0000]
:3:rocvirtual.cpp           :853 : 4393524886502 us: [pid:4154523 tid: 0x7ff56a04a200] Arg3:   = val:12288
:3:rocvirtual.cpp           :762 : 4393524886508 us: [pid:4154523 tid: 0x7ff56a04a200] Arg4:   = ptr:0x7ff54cc00000
:3:rocvirtual.cpp           :778 : 4393524886520 us: [pid:4154523 tid: 0x7ff56a04a200] Arg4:   = ptr:0x7ff54cc00000 obj:[0x7ff54cc00000-0x7ff54cc00024]
:3:rocvirtual.cpp           :3236: 4393524886529 us: [pid:4154523 tid: 0x7ff56a04a200] ShaderName : void dense_esuhm<float>(float const*, float const*, float*, int, int const*)
:3:rocvirtual.cpp           :3449: 4393524886539 us: [pid:4154523 tid: 0x7ff56a04a200] KernargSegmentByteSize = 296 KernargSegmentAlignment = 128
:4:rocvirtual.cpp           :965 : 4393524886549 us: [pid:4154523 tid: 0x7ff56a04a200] SWq=0x7ff56a034000, HWq=0x7ff54da00000, id=1, Dispatch Header = 0xb02 (type=2, barrier=1, acquire=1, release=1), setup=3, grid=[2048, 1, 1], workgroup=[256, 1, 1], private_seg_size=140, group_seg_size=0, kernel_obj=0x7ff560a91980, kernarg_address=0x7ff54d800280, completion_signal=0x0, correlation_id=0, rptr=151, wptr=151
:3:hip_module.cpp           :745 : 4393524886564 us: [pid:4154523 tid: 0x7ff56a04a200] hipLaunchKernel: Returned hipSuccess : : duration: 1023 us
:3:hip_device_runtime.cpp   :641 : 4393524886573 us: [pid:4154523 tid: 0x7ff56a04a200] [32m hipDeviceSynchronize (  ) [0m
:4:commandqueue.cpp         :161 : 4393524886579 us: [pid:4154523 tid: 0x7ff56a04a200] Marker queued to ensure finish
:4:command.cpp              :359 : 4393524886584 us: [pid:4154523 tid: 0x7ff56a04a200] Command (InternalMarker) enqueued: 0x40310790
:3:rocvirtual.cpp           :533 : 4393524887066 us: [pid:4154523 tid: 0x7ff56a04a200] Set Handler: handle(0x7ff5609fbe80), timestamp(0x4035ba20)
:4:rocvirtual.cpp           :1147: 4393524887076 us: [pid:4154523 tid: 0x7ff56a04a200] SWq=0x7ff56a034000, HWq=0x7ff54da00000, id=1, BarrierAND Header = 0x1503 (type=3, barrier=1, acquire=2, release=2), dep_signal=[0x0, 0x0, 0x0, 0x0, 0x0], completion_signal=0x7ff5609fbe80
:3:rocvirtual.hpp           :56  : 4393524887088 us: [pid:4154523 tid: 0x7ff56a04a200] Host active wait for Signal = (0x7ff5609fbe80) for -1 ns
:4:commandqueue.cpp         :184 : 4393524887325 us: [pid:4154523 tid: 0x7ff56a04a200] All commands finished
:3:rocvirtual.cpp           :226 : 4393524887332 us: [pid:4154523 tid: 0x7ff42fbff6c0] Handler: value(0), timestamp(0x4035b970), handle(0x7ff5609fbe80)
:3:hip_device_runtime.cpp   :645 : 4393524887626 us: [pid:4154523 tid: 0x7ff56a04a200] hipDeviceSynchronize: Returned hipSuccess : 
:4:command.cpp              :169 : 4393524887641 us: [pid:4154523 tid: 0x7ff42fbff6c0] Command 0x4035b750 complete
:4:command.cpp              :163 : 4393524887669 us: [pid:4154523 tid: 0x7ff42fbff6c0] Command 0x40310790 complete (Wall: 4393524887667, CPU: 0, GPU: 612 us)
:3:hip_memory.cpp           :795 : 4393524887669 us: [pid:4154523 tid: 0x7ff56a04a200] [32m hipMemcpy ( 0x7ff3b967e010, 0x7ff326a00000, 491520000, hipMemcpyDeviceToHost ) [0m
:4:command.cpp              :359 : 4393524887709 us: [pid:4154523 tid: 0x7ff56a04a200] Command (CopyDeviceToHost) enqueued: 0x40a93ca0
:4:rocblit.cpp              :1673: 4393524887725 us: [pid:4154523 tid: 0x7ff56a04a200] Unpinned read path, Async = 0
:4:rocmemory.cpp            :1018: 4393524888254 us: [pid:4154523 tid: 0x7ff56a04a200] Locking to pool 0x4017aed0, size 0x2001000, HostPtr = 0x7ff3b967e000, DevPtr = 0x7ff3b967e000
:4:rocblit.cpp              :623 : 4393524888279 us: [pid:4154523 tid: 0x7ff56a04a200] HSA Copy Using Pinned resource size 33554432
:4:rocblit.cpp              :687 : 4393524888297 us: [pid:4154523 tid: 0x7ff56a04a200] HSA Async Copy staged D2H
:4:rocblit.cpp              :503 : 4393524888304 us: [pid:4154523 tid: 0x7ff56a04a200] Last copy mask 0x0
:4:rocblit.cpp              :509 : 4393524888320 us: [pid:4154523 tid: 0x7ff56a04a200] Query copy engine status 0, free_engine mask 0x1e
:4:rocblit.cpp              :520 : 4393524888332 us: [pid:4154523 tid: 0x7ff56a04a200] HSA Async Copy on copy_engine=0x2, dst=0x7ff3b967e010, src=0x7ff326a00000, size=33554432, forceSDMA=0, wait_event=0x0, completion_signal=0x7ff5609fe600
:4:rocvirtual.cpp           :622 : 4393524888350 us: [pid:4154523 tid: 0x7ff56a04a200] Host wait on completion_signal=0x7ff5609fe600
:3:rocvirtual.hpp           :56  : 4393524888360 us: [pid:4154523 tid: 0x7ff56a04a200] Host active wait for Signal = (0x7ff5609fe600) for -1 ns
:4:rocmemory.cpp            :1018: 4393524889565 us: [pid:4154523 tid: 0x7ff56a04a200] Locking to pool 0x4017aed0, size 0x2001000, HostPtr = 0x7ff3bb67e000, DevPtr = 0x7ff3bb67e000
:4:rocblit.cpp              :623 : 4393524889580 us: [pid:4154523 tid: 0x7ff56a04a200] HSA Copy Using Pinned resource size 33554432
:4:rocblit.cpp              :687 : 4393524889591 us: [pid:4154523 tid: 0x7ff56a04a200] HSA Async Copy staged D2H
:4:rocblit.cpp              :503 : 4393524889598 us: [pid:4154523 tid: 0x7ff56a04a200] Last copy mask 0x2
:4:rocblit.cpp              :520 : 4393524889605 us: [pid:4154523 tid: 0x7ff56a04a200] HSA Async Copy on copy_engine=0x2, dst=0x7ff3bb67e010, src=0x7ff328a00000, size=33554432, forceSDMA=0, wait_event=0x0, completion_signal=0x7ff5609fef80
:4:rocvirtual.cpp           :622 : 4393524889617 us: [pid:4154523 tid: 0x7ff56a04a200] Host wait on completion_signal=0x7ff5609fef80
:3:rocvirtual.hpp           :56  : 4393524889627 us: [pid:4154523 tid: 0x7ff56a04a200] Host active wait for Signal = (0x7ff5609fef80) for -1 ns
:4:rocmemory.cpp            :1018: 4393524890824 us: [pid:4154523 tid: 0x7ff56a04a200] Locking to pool 0x4017aed0, size 0x2001000, HostPtr = 0x7ff3bd67e000, DevPtr = 0x7ff3bd67e000
:4:rocblit.cpp              :623 : 4393524890844 us: [pid:4154523 tid: 0x7ff56a04a200] HSA Copy Using Pinned resource size 33554432
:4:rocblit.cpp              :687 : 4393524890854 us: [pid:4154523 tid: 0x7ff56a04a200] HSA Async Copy staged D2H
:4:rocblit.cpp              :503 : 4393524890861 us: [pid:4154523 tid: 0x7ff56a04a200] Last copy mask 0x2
:4:rocblit.cpp              :520 : 4393524890867 us: [pid:4154523 tid: 0x7ff56a04a200] HSA Async Copy on copy_engine=0x2, dst=0x7ff3bd67e010, src=0x7ff32aa00000, size=33554432, forceSDMA=0, wait_event=0x0, completion_signal=0x7ff5609fda00
:4:rocvirtual.cpp           :622 : 4393524890878 us: [pid:4154523 tid: 0x7ff56a04a200] Host wait on completion_signal=0x7ff5609fda00
:3:rocvirtual.hpp           :56  : 4393524890888 us: [pid:4154523 tid: 0x7ff56a04a200] Host active wait for Signal = (0x7ff5609fda00) for -1 ns
:4:rocmemory.cpp            :1018: 4393524892091 us: [pid:4154523 tid: 0x7ff56a04a200] Locking to pool 0x4017aed0, size 0x2001000, HostPtr = 0x7ff3bf67e000, DevPtr = 0x7ff3bf67e000
:4:rocblit.cpp              :623 : 4393524892106 us: [pid:4154523 tid: 0x7ff56a04a200] HSA Copy Using Pinned resource size 33554432
:4:rocblit.cpp              :687 : 4393524892125 us: [pid:4154523 tid: 0x7ff56a04a200] HSA Async Copy staged D2H
:4:rocblit.cpp              :503 : 4393524892132 us: [pid:4154523 tid: 0x7ff56a04a200] Last copy mask 0x2
:4:rocblit.cpp              :520 : 4393524892139 us: [pid:4154523 tid: 0x7ff56a04a200] HSA Async Copy on copy_engine=0x2, dst=0x7ff3bf67e010, src=0x7ff32ca00000, size=33554432, forceSDMA=0, wait_event=0x0, completion_signal=0x7ff5609fdb00
:4:rocvirtual.cpp           :622 : 4393524892150 us: [pid:4154523 tid: 0x7ff56a04a200] Host wait on completion_signal=0x7ff5609fdb00
:3:rocvirtual.hpp           :56  : 4393524892167 us: [pid:4154523 tid: 0x7ff56a04a200] Host active wait for Signal = (0x7ff5609fdb00) for -1 ns
:4:rocmemory.cpp            :1018: 4393524893359 us: [pid:4154523 tid: 0x7ff56a04a200] Locking to pool 0x4017aed0, size 0x2001000, HostPtr = 0x7ff3c167e000, DevPtr = 0x7ff3c167e000
:4:rocblit.cpp              :623 : 4393524893381 us: [pid:4154523 tid: 0x7ff56a04a200] HSA Copy Using Pinned resource size 33554432
:4:rocblit.cpp              :687 : 4393524893392 us: [pid:4154523 tid: 0x7ff56a04a200] HSA Async Copy staged D2H
:4:rocblit.cpp              :503 : 4393524893400 us: [pid:4154523 tid: 0x7ff56a04a200] Last copy mask 0x2
:4:rocblit.cpp              :520 : 4393524893417 us: [pid:4154523 tid: 0x7ff56a04a200] HSA Async Copy on copy_engine=0x2, dst=0x7ff3c167e010, src=0x7ff32ea00000, size=33554432, forceSDMA=0, wait_event=0x0, completion_signal=0x7ff5609fe500
:4:rocvirtual.cpp           :622 : 4393524893429 us: [pid:4154523 tid: 0x7ff56a04a200] Host wait on completion_signal=0x7ff5609fe500
:3:rocvirtual.hpp           :56  : 4393524893446 us: [pid:4154523 tid: 0x7ff56a04a200] Host active wait for Signal = (0x7ff5609fe500) for -1 ns
:4:rocmemory.cpp            :1018: 4393524894655 us: [pid:4154523 tid: 0x7ff56a04a200] Locking to pool 0x4017aed0, size 0x2001000, HostPtr = 0x7ff3c367e000, DevPtr = 0x7ff3c367e000
:4:rocblit.cpp              :623 : 4393524894671 us: [pid:4154523 tid: 0x7ff56a04a200] HSA Copy Using Pinned resource size 33554432
:4:rocblit.cpp              :687 : 4393524894679 us: [pid:4154523 tid: 0x7ff56a04a200] HSA Async Copy staged D2H
:4:rocblit.cpp              :503 : 4393524894685 us: [pid:4154523 tid: 0x7ff56a04a200] Last copy mask 0x2
:4:rocblit.cpp              :520 : 4393524894690 us: [pid:4154523 tid: 0x7ff56a04a200] HSA Async Copy on copy_engine=0x2, dst=0x7ff3c367e010, src=0x7ff330a00000, size=33554432, forceSDMA=0, wait_event=0x0, completion_signal=0x7ff5609fe680
:4:rocvirtual.cpp           :622 : 4393524894699 us: [pid:4154523 tid: 0x7ff56a04a200] Host wait on completion_signal=0x7ff5609fe680
:3:rocvirtual.hpp           :56  : 4393524894707 us: [pid:4154523 tid: 0x7ff56a04a200] Host active wait for Signal = (0x7ff5609fe680) for -1 ns
:4:rocmemory.cpp            :1018: 4393524896115 us: [pid:4154523 tid: 0x7ff56a04a200] Locking to pool 0x4017aed0, size 0x2001000, HostPtr = 0x7ff3c567e000, DevPtr = 0x7ff3c567e000
:4:rocblit.cpp              :623 : 4393524896143 us: [pid:4154523 tid: 0x7ff56a04a200] HSA Copy Using Pinned resource size 33554432
:4:rocblit.cpp              :687 : 4393524896161 us: [pid:4154523 tid: 0x7ff56a04a200] HSA Async Copy staged D2H
:4:rocblit.cpp              :503 : 4393524896170 us: [pid:4154523 tid: 0x7ff56a04a200] Last copy mask 0x2
:4:rocblit.cpp              :520 : 4393524896187 us: [pid:4154523 tid: 0x7ff56a04a200] HSA Async Copy on copy_engine=0x2, dst=0x7ff3c567e010, src=0x7ff332a00000, size=33554432, forceSDMA=0, wait_event=0x0, completion_signal=0x7ff5609fe480
:4:rocvirtual.cpp           :622 : 4393524896201 us: [pid:4154523 tid: 0x7ff56a04a200] Host wait on completion_signal=0x7ff5609fe480
:3:rocvirtual.hpp           :56  : 4393524896212 us: [pid:4154523 tid: 0x7ff56a04a200] Host active wait for Signal = (0x7ff5609fe480) for -1 ns
:4:rocmemory.cpp            :1018: 4393524897480 us: [pid:4154523 tid: 0x7ff56a04a200] Locking to pool 0x4017aed0, size 0x2001000, HostPtr = 0x7ff3c767e000, DevPtr = 0x7ff3c767e000
:4:rocblit.cpp              :623 : 4393524897500 us: [pid:4154523 tid: 0x7ff56a04a200] HSA Copy Using Pinned resource size 33554432
:4:rocblit.cpp              :687 : 4393524897518 us: [pid:4154523 tid: 0x7ff56a04a200] HSA Async Copy staged D2H
:4:rocblit.cpp              :503 : 4393524897527 us: [pid:4154523 tid: 0x7ff56a04a200] Last copy mask 0x2
:4:rocblit.cpp              :520 : 4393524897534 us: [pid:4154523 tid: 0x7ff56a04a200] HSA Async Copy on copy_engine=0x2, dst=0x7ff3c767e010, src=0x7ff334a00000, size=33554432, forceSDMA=0, wait_event=0x0, completion_signal=0x7ff5609fd980
:4:rocvirtual.cpp           :622 : 4393524897546 us: [pid:4154523 tid: 0x7ff56a04a200] Host wait on completion_signal=0x7ff5609fd980
:3:rocvirtual.hpp           :56  : 4393524897557 us: [pid:4154523 tid: 0x7ff56a04a200] Host active wait for Signal = (0x7ff5609fd980) for -1 ns
:4:rocmemory.cpp            :1018: 4393524898765 us: [pid:4154523 tid: 0x7ff56a04a200] Locking to pool 0x4017aed0, size 0x2001000, HostPtr = 0x7ff3c967e000, DevPtr = 0x7ff3c967e000
:4:rocblit.cpp              :623 : 4393524898789 us: [pid:4154523 tid: 0x7ff56a04a200] HSA Copy Using Pinned resource size 33554432
:4:rocblit.cpp              :687 : 4393524898800 us: [pid:4154523 tid: 0x7ff56a04a200] HSA Async Copy staged D2H
:4:rocblit.cpp              :503 : 4393524898812 us: [pid:4154523 tid: 0x7ff56a04a200] Last copy mask 0x2
:4:rocblit.cpp              :520 : 4393524898819 us: [pid:4154523 tid: 0x7ff56a04a200] HSA Async Copy on copy_engine=0x2, dst=0x7ff3c967e010, src=0x7ff336a00000, size=33554432, forceSDMA=0, wait_event=0x0, completion_signal=0x7ff5609ff000
:4:rocvirtual.cpp           :622 : 4393524898831 us: [pid:4154523 tid: 0x7ff56a04a200] Host wait on completion_signal=0x7ff5609ff000
:3:rocvirtual.hpp           :56  : 4393524898842 us: [pid:4154523 tid: 0x7ff56a04a200] Host active wait for Signal = (0x7ff5609ff000) for -1 ns
:4:rocmemory.cpp            :1018: 4393524900087 us: [pid:4154523 tid: 0x7ff56a04a200] Locking to pool 0x4017aed0, size 0x2001000, HostPtr = 0x7ff3cb67e000, DevPtr = 0x7ff3cb67e000
:4:rocblit.cpp              :623 : 4393524900102 us: [pid:4154523 tid: 0x7ff56a04a200] HSA Copy Using Pinned resource size 33554432
:4:rocblit.cpp              :687 : 4393524900111 us: [pid:4154523 tid: 0x7ff56a04a200] HSA Async Copy staged D2H
:4:rocblit.cpp              :503 : 4393524900118 us: [pid:4154523 tid: 0x7ff56a04a200] Last copy mask 0x2
:4:rocblit.cpp              :520 : 4393524900125 us: [pid:4154523 tid: 0x7ff56a04a200] HSA Async Copy on copy_engine=0x2, dst=0x7ff3cb67e010, src=0x7ff338a00000, size=33554432, forceSDMA=0, wait_event=0x0, completion_signal=0x7ff5609ff080
:4:rocvirtual.cpp           :622 : 4393524900135 us: [pid:4154523 tid: 0x7ff56a04a200] Host wait on completion_signal=0x7ff5609ff080
:3:rocvirtual.hpp           :56  : 4393524900144 us: [pid:4154523 tid: 0x7ff56a04a200] Host active wait for Signal = (0x7ff5609ff080) for -1 ns
:4:rocmemory.cpp            :1018: 4393524901364 us: [pid:4154523 tid: 0x7ff56a04a200] Locking to pool 0x4017aed0, size 0x2001000, HostPtr = 0x7ff3cd67e000, DevPtr = 0x7ff3cd67e000
:4:rocblit.cpp              :623 : 4393524901380 us: [pid:4154523 tid: 0x7ff56a04a200] HSA Copy Using Pinned resource size 33554432
:4:rocblit.cpp              :687 : 4393524901390 us: [pid:4154523 tid: 0x7ff56a04a200] HSA Async Copy staged D2H
:4:rocblit.cpp              :503 : 4393524901406 us: [pid:4154523 tid: 0x7ff56a04a200] Last copy mask 0x2
:4:rocblit.cpp              :520 : 4393524901413 us: [pid:4154523 tid: 0x7ff56a04a200] HSA Async Copy on copy_engine=0x2, dst=0x7ff3cd67e010, src=0x7ff33aa00000, size=33554432, forceSDMA=0, wait_event=0x0, completion_signal=0x7ff5609fdd00
:4:rocvirtual.cpp           :622 : 4393524901425 us: [pid:4154523 tid: 0x7ff56a04a200] Host wait on completion_signal=0x7ff5609fdd00
:3:rocvirtual.hpp           :56  : 4393524901435 us: [pid:4154523 tid: 0x7ff56a04a200] Host active wait for Signal = (0x7ff5609fdd00) for -1 ns
:4:rocmemory.cpp            :1018: 4393524902637 us: [pid:4154523 tid: 0x7ff56a04a200] Locking to pool 0x4017aed0, size 0x2001000, HostPtr = 0x7ff3cf67e000, DevPtr = 0x7ff3cf67e000
:4:rocblit.cpp              :623 : 4393524902656 us: [pid:4154523 tid: 0x7ff56a04a200] HSA Copy Using Pinned resource size 33554432
:4:rocblit.cpp              :687 : 4393524902668 us: [pid:4154523 tid: 0x7ff56a04a200] HSA Async Copy staged D2H
:4:rocblit.cpp              :503 : 4393524902676 us: [pid:4154523 tid: 0x7ff56a04a200] Last copy mask 0x2
:4:rocblit.cpp              :520 : 4393524902683 us: [pid:4154523 tid: 0x7ff56a04a200] HSA Async Copy on copy_engine=0x2, dst=0x7ff3cf67e010, src=0x7ff33ca00000, size=33554432, forceSDMA=0, wait_event=0x0, completion_signal=0x7ff5609feb80
:4:rocvirtual.cpp           :622 : 4393524902696 us: [pid:4154523 tid: 0x7ff56a04a200] Host wait on completion_signal=0x7ff5609feb80
:3:rocvirtual.hpp           :56  : 4393524902708 us: [pid:4154523 tid: 0x7ff56a04a200] Host active wait for Signal = (0x7ff5609feb80) for -1 ns
:4:rocmemory.cpp            :1018: 4393524903906 us: [pid:4154523 tid: 0x7ff56a04a200] Locking to pool 0x4017aed0, size 0x2001000, HostPtr = 0x7ff3d167e000, DevPtr = 0x7ff3d167e000
:4:rocblit.cpp              :623 : 4393524903922 us: [pid:4154523 tid: 0x7ff56a04a200] HSA Copy Using Pinned resource size 33554432
:4:rocblit.cpp              :687 : 4393524903931 us: [pid:4154523 tid: 0x7ff56a04a200] HSA Async Copy staged D2H
:4:rocblit.cpp              :503 : 4393524903947 us: [pid:4154523 tid: 0x7ff56a04a200] Last copy mask 0x2
:4:rocblit.cpp              :520 : 4393524903954 us: [pid:4154523 tid: 0x7ff56a04a200] HSA Async Copy on copy_engine=0x2, dst=0x7ff3d167e010, src=0x7ff33ea00000, size=33554432, forceSDMA=0, wait_event=0x0, completion_signal=0x7ff5609fed80
:4:rocvirtual.cpp           :622 : 4393524903973 us: [pid:4154523 tid: 0x7ff56a04a200] Host wait on completion_signal=0x7ff5609fed80
:3:rocvirtual.hpp           :56  : 4393524903984 us: [pid:4154523 tid: 0x7ff56a04a200] Host active wait for Signal = (0x7ff5609fed80) for -1 ns
:4:rocmemory.cpp            :1018: 4393524905202 us: [pid:4154523 tid: 0x7ff56a04a200] Locking to pool 0x4017aed0, size 0x2001000, HostPtr = 0x7ff3d367e000, DevPtr = 0x7ff3d367e000
:4:rocblit.cpp              :623 : 4393524905222 us: [pid:4154523 tid: 0x7ff56a04a200] HSA Copy Using Pinned resource size 33554432
:4:rocblit.cpp              :687 : 4393524905233 us: [pid:4154523 tid: 0x7ff56a04a200] HSA Async Copy staged D2H
:4:rocblit.cpp              :503 : 4393524905240 us: [pid:4154523 tid: 0x7ff56a04a200] Last copy mask 0x2
:4:rocblit.cpp              :520 : 4393524905247 us: [pid:4154523 tid: 0x7ff56a04a200] HSA Async Copy on copy_engine=0x2, dst=0x7ff3d367e010, src=0x7ff340a00000, size=33554432, forceSDMA=0, wait_event=0x0, completion_signal=0x7ff5609fe980
:4:rocvirtual.cpp           :622 : 4393524905260 us: [pid:4154523 tid: 0x7ff56a04a200] Host wait on completion_signal=0x7ff5609fe980
:3:rocvirtual.hpp           :56  : 4393524905271 us: [pid:4154523 tid: 0x7ff56a04a200] Host active wait for Signal = (0x7ff5609fe980) for -1 ns
:4:rocmemory.cpp            :1018: 4393524906473 us: [pid:4154523 tid: 0x7ff56a04a200] Locking to pool 0x4017aed0, size 0x14c1000, HostPtr = 0x7ff3d567e000, DevPtr = 0x7ff3d567e000
:4:rocblit.cpp              :623 : 4393524906491 us: [pid:4154523 tid: 0x7ff56a04a200] HSA Copy Using Pinned resource size 21757952
:4:rocblit.cpp              :687 : 4393524906513 us: [pid:4154523 tid: 0x7ff56a04a200] HSA Async Copy staged D2H
:4:rocblit.cpp              :503 : 4393524906521 us: [pid:4154523 tid: 0x7ff56a04a200] Last copy mask 0x2
:4:rocblit.cpp              :520 : 4393524906528 us: [pid:4154523 tid: 0x7ff56a04a200] HSA Async Copy on copy_engine=0x2, dst=0x7ff3d567e010, src=0x7ff342a00000, size=21757952, forceSDMA=0, wait_event=0x0, completion_signal=0x7ff5609fde00
:4:rocvirtual.cpp           :622 : 4393524906541 us: [pid:4154523 tid: 0x7ff56a04a200] Host wait on completion_signal=0x7ff5609fde00
:3:rocvirtual.hpp           :56  : 4393524906551 us: [pid:4154523 tid: 0x7ff56a04a200] Host active wait for Signal = (0x7ff5609fde00) for -1 ns
:4:commandqueue.cpp         :161 : 4393524907326 us: [pid:4154523 tid: 0x7ff56a04a200] Marker queued to ensure finish
:4:command.cpp              :359 : 4393524907339 us: [pid:4154523 tid: 0x7ff56a04a200] Command (InternalMarker) enqueued: 0x40310790
:3:rocvirtual.cpp           :533 : 4393524907358 us: [pid:4154523 tid: 0x7ff56a04a200] Set Handler: handle(0x7ff5609fce80), timestamp(0x40897670)
:4:rocvirtual.cpp           :1147: 4393524907372 us: [pid:4154523 tid: 0x7ff56a04a200] SWq=0x7ff56a034000, HWq=0x7ff54da00000, id=1, BarrierAND Header = 0x1503 (type=3, barrier=1, acquire=2, release=2), dep_signal=[0x0, 0x0, 0x0, 0x0, 0x0], completion_signal=0x7ff5609fce80
:4:commandqueue.cpp         :184 : 4393524907405 us: [pid:4154523 tid: 0x7ff56a04a200] All commands finished
:3:rocvirtual.cpp           :226 : 4393524907389 us: [pid:4154523 tid: 0x7ff42fbff6c0] Handler: value(0), timestamp(0x4035bc80), handle(0x7ff5609fce80)
:3:hip_memory.cpp           :796 : 4393524907414 us: [pid:4154523 tid: 0x7ff56a04a200] hipMemcpy: Returned hipSuccess : : duration: 19745 us
:3:hip_memory.cpp           :3476: 4393524907448 us: [pid:4154523 tid: 0x7ff56a04a200] [32m hipMemset ( 0x7ff326a00000, 0, 491520000 ) [0m
:4:command.cpp              :169 : 4393524907434 us: [pid:4154523 tid: 0x7ff42fbff6c0] Command 0x40a93ca0 complete
:4:command.cpp              :359 : 4393524907474 us: [pid:4154523 tid: 0x7ff56a04a200] Command (FillBuffer) enqueued: 0x40aa9a40
:4:command.cpp              :163 : 4393524907496 us: [pid:4154523 tid: 0x7ff42fbff6c0] Command 0x40310790 complete (Wall: 4393524907493, CPU: 0, GPU: 142 us)
:3:rocvirtual.cpp           :762 : 4393524907515 us: [pid:4154523 tid: 0x7ff56a04a200] Arg0: void* buf = ptr:0x7ff326a00000
:3:rocvirtual.cpp           :778 : 4393524908013 us: [pid:4154523 tid: 0x7ff56a04a200] Arg0: void* buf = ptr:0x7ff326a00000 obj:[0x7ff326a00000-0x7ff343ec0000]
:3:rocvirtual.cpp           :762 : 4393524908026 us: [pid:4154523 tid: 0x7ff56a04a200] Arg1: uchar* pattern = ptr:0x7ff54d800000
:3:rocvirtual.cpp           :853 : 4393524908038 us: [pid:4154523 tid: 0x7ff56a04a200] Arg2: uint pattern_size = val:1
:3:rocvirtual.cpp           :853 : 4393524908045 us: [pid:4154523 tid: 0x7ff56a04a200] Arg3: uint alignment = val:16
:3:rocvirtual.cpp           :853 : 4393524908052 us: [pid:4154523 tid: 0x7ff56a04a200] Arg4: ulong end_ptr = val:140682793320448
:3:rocvirtual.cpp           :853 : 4393524908062 us: [pid:4154523 tid: 0x7ff56a04a200] Arg5: uint next_chunk = val:26624
:3:rocvirtual.cpp           :3236: 4393524908078 us: [pid:4154523 tid: 0x7ff56a04a200] ShaderName : __amd_rocclr_fillBufferAligned
:3:rocvirtual.cpp           :3449: 4393524908089 us: [pid:4154523 tid: 0x7ff56a04a200] KernargSegmentByteSize = 296 KernargSegmentAlignment = 128
:4:rocvirtual.cpp           :965 : 4393524908103 us: [pid:4154523 tid: 0x7ff56a04a200] SWq=0x7ff56a034000, HWq=0x7ff54da00000, id=1, Dispatch Header = 0x1502 (type=2, barrier=1, acquire=2, release=2), setup=1, grid=[26624, 1, 1], workgroup=[256, 1, 1], private_seg_size=0, group_seg_size=0, kernel_obj=0x7ff56a025d40, kernarg_address=0x7ff54d800100, completion_signal=0x0, correlation_id=0, rptr=154, wptr=154
:3:hip_memory.cpp           :3477: 4393524908123 us: [pid:4154523 tid: 0x7ff56a04a200] hipMemset: Returned hipSuccess : 
:3:hip_device_runtime.cpp   :641 : 4393524908131 us: [pid:4154523 tid: 0x7ff56a04a200] [32m hipDeviceSynchronize (  ) [0m
:4:commandqueue.cpp         :161 : 4393524908627 us: [pid:4154523 tid: 0x7ff56a04a200] Marker queued to ensure finish
:4:command.cpp              :359 : 4393524908637 us: [pid:4154523 tid: 0x7ff56a04a200] Command (InternalMarker) enqueued: 0x40a93a20
:3:rocvirtual.cpp           :533 : 4393524908651 us: [pid:4154523 tid: 0x7ff56a04a200] Set Handler: handle(0x7ff5609fcf80), timestamp(0x406f02d0)
:4:rocvirtual.cpp           :1147: 4393524908661 us: [pid:4154523 tid: 0x7ff56a04a200] SWq=0x7ff56a034000, HWq=0x7ff54da00000, id=1, BarrierAND Header = 0x1503 (type=3, barrier=1, acquire=2, release=2), dep_signal=[0x0, 0x0, 0x0, 0x0, 0x0], completion_signal=0x7ff5609fcf80
:3:rocvirtual.cpp           :226 : 4393524908672 us: [pid:4154523 tid: 0x7ff42fbff6c0] Handler: value(0), timestamp(0x4089f9e0), handle(0x7ff5609fcf80)
:4:command.cpp              :169 : 4393524908699 us: [pid:4154523 tid: 0x7ff42fbff6c0] Command 0x40aa9a40 complete
:4:command.cpp              :163 : 4393524908707 us: [pid:4154523 tid: 0x7ff42fbff6c0] Command 0x40a93a20 complete (Wall: 4393524908705, CPU: 0, GPU: 59 us)
:4:commandqueue.cpp         :184 : 4393524908729 us: [pid:4154523 tid: 0x7ff56a04a200] All commands finished
:3:hip_device_runtime.cpp   :645 : 4393524908740 us: [pid:4154523 tid: 0x7ff56a04a200] hipDeviceSynchronize: Returned hipSuccess : 
:3:hip_platform.cpp         :237 : 4393524908751 us: [pid:4154523 tid: 0x7ff56a04a200] [32m __hipPushCallConfiguration ( {8,1,1}, {256,1,1}, 0, stream:<null> ) [0m
:3:hip_platform.cpp         :241 : 4393524908760 us: [pid:4154523 tid: 0x7ff56a04a200] __hipPushCallConfiguration: Returned hipSuccess : 
:3:hip_platform.cpp         :246 : 4393524908771 us: [pid:4154523 tid: 0x7ff56a04a200] [32m __hipPopCallConfiguration ( {1951258706,32757,256}, {2118224,0,278018480}, 0x7ffc10923700, 0x7ffc109236f8 ) [0m
:3:hip_platform.cpp         :255 : 4393524908786 us: [pid:4154523 tid: 0x7ff56a04a200] __hipPopCallConfiguration: Returned hipSuccess : 
:3:hip_module.cpp           :744 : 4393524909253 us: [pid:4154523 tid: 0x7ff56a04a200] [32m hipLaunchKernel ( 0x200fe0, {8,1,1}, {256,1,1}, 0x7ffc109236b0, 0, stream:<null> ) [0m
:4:command.cpp              :359 : 4393524909275 us: [pid:4154523 tid: 0x7ff56a04a200] Command (KernelExecution) enqueued: 0x40a93ca0
:3:rocvirtual.cpp           :762 : 4393524909285 us: [pid:4154523 tid: 0x7ff56a04a200] Arg0:   = ptr:0x7ff344200000
:3:rocvirtual.cpp           :778 : 4393524909290 us: [pid:4154523 tid: 0x7ff56a04a200] Arg0:   = ptr:0x7ff344200000 obj:[0x7ff344200000-0x7ff3616c0000]
:3:rocvirtual.cpp           :762 : 4393524909298 us: [pid:4154523 tid: 0x7ff56a04a200] Arg1:   = ptr:0x7ff54cc27000
:3:rocvirtual.cpp           :778 : 4393524909302 us: [pid:4154523 tid: 0x7ff56a04a200] Arg1:   = ptr:0x7ff54cc27000 obj:[0x7ff54cc27000-0x7ff54cc87000]
:3:rocvirtual.cpp           :762 : 4393524909312 us: [pid:4154523 tid: 0x7ff56a04a200] Arg2:   = ptr:0x7ff326a00000
:3:rocvirtual.cpp           :778 : 4393524909319 us: [pid:4154523 tid: 0x7ff56a04a200] Arg2:   = ptr:0x7ff326a00000 obj:[0x7ff326a00000-0x7ff343ec0000]
:3:rocvirtual.cpp           :853 : 4393524909332 us: [pid:4154523 tid: 0x7ff56a04a200] Arg3:   = val:12288
:3:rocvirtual.cpp           :762 : 4393524909336 us: [pid:4154523 tid: 0x7ff56a04a200] Arg4:   = ptr:0x7ff54cc00000
:3:rocvirtual.cpp           :778 : 4393524909341 us: [pid:4154523 tid: 0x7ff56a04a200] Arg4:   = ptr:0x7ff54cc00000 obj:[0x7ff54cc00000-0x7ff54cc00024]
:3:rocvirtual.cpp           :3236: 4393524909351 us: [pid:4154523 tid: 0x7ff56a04a200] ShaderName : void dense_esuhm2<float>(float const*, float const*, float*, int, int const*)
:3:rocvirtual.cpp           :3449: 4393524909366 us: [pid:4154523 tid: 0x7ff56a04a200] KernargSegmentByteSize = 296 KernargSegmentAlignment = 128
:4:rocvirtual.cpp           :965 : 4393524909375 us: [pid:4154523 tid: 0x7ff56a04a200] SWq=0x7ff56a034000, HWq=0x7ff54da00000, id=1, Dispatch Header = 0xb02 (type=2, barrier=1, acquire=1, release=1), setup=3, grid=[2048, 1, 1], workgroup=[256, 1, 1], private_seg_size=140, group_seg_size=0, kernel_obj=0x7ff560a919c0, kernarg_address=0x7ff54d800280, completion_signal=0x0, correlation_id=0, rptr=156, wptr=156
:3:hip_module.cpp           :745 : 4393524909392 us: [pid:4154523 tid: 0x7ff56a04a200] hipLaunchKernel: Returned hipSuccess : : duration: 139 us
:3:hip_device_runtime.cpp   :641 : 4393524909886 us: [pid:4154523 tid: 0x7ff56a04a200] [32m hipDeviceSynchronize (  ) [0m
:4:commandqueue.cpp         :161 : 4393524909897 us: [pid:4154523 tid: 0x7ff56a04a200] Marker queued to ensure finish
:4:command.cpp              :359 : 4393524909903 us: [pid:4154523 tid: 0x7ff56a04a200] Command (InternalMarker) enqueued: 0x40a93a20
:3:rocvirtual.cpp           :533 : 4393524909923 us: [pid:4154523 tid: 0x7ff56a04a200] Set Handler: handle(0x7ff5609fcc80), timestamp(0x40972760)
:4:rocvirtual.cpp           :1147: 4393524910367 us: [pid:4154523 tid: 0x7ff56a04a200] SWq=0x7ff56a034000, HWq=0x7ff54da00000, id=1, BarrierAND Header = 0x1503 (type=3, barrier=1, acquire=2, release=2), dep_signal=[0x0, 0x0, 0x0, 0x0, 0x0], completion_signal=0x7ff5609fcc80
:4:commandqueue.cpp         :184 : 4393524910379 us: [pid:4154523 tid: 0x7ff56a04a200] All commands finished
:3:rocvirtual.cpp           :226 : 4393524910383 us: [pid:4154523 tid: 0x7ff42fbff6c0] Handler: value(0), timestamp(0x406f05d0), handle(0x7ff5609fcc80)
:3:hip_device_runtime.cpp   :645 : 4393524910385 us: [pid:4154523 tid: 0x7ff56a04a200] hipDeviceSynchronize: Returned hipSuccess : 
:4:command.cpp              :169 : 4393524910419 us: [pid:4154523 tid: 0x7ff42fbff6c0] Command 0x40a93ca0 complete
:4:command.cpp              :163 : 4393524910439 us: [pid:4154523 tid: 0x7ff42fbff6c0] Command 0x40a93a20 complete (Wall: 4393524910437, CPU: 0, GPU: 525 us)
:3:hip_memory.cpp           :795 : 4393524910446 us: [pid:4154523 tid: 0x7ff56a04a200] [32m hipMemcpy ( 0x7ff39c1bd010, 0x7ff326a00000, 491520000, hipMemcpyDeviceToHost ) [0m
:4:command.cpp              :359 : 4393524910478 us: [pid:4154523 tid: 0x7ff56a04a200] Command (CopyDeviceToHost) enqueued: 0x4035b750
:4:rocblit.cpp              :1673: 4393524910491 us: [pid:4154523 tid: 0x7ff56a04a200] Unpinned read path, Async = 0
:4:rocmemory.cpp            :1018: 4393524910508 us: [pid:4154523 tid: 0x7ff56a04a200] Locking to pool 0x4017aed0, size 0x2001000, HostPtr = 0x7ff39c1bd000, DevPtr = 0x7ff39c1bd000
:4:rocblit.cpp              :623 : 4393524910522 us: [pid:4154523 tid: 0x7ff56a04a200] HSA Copy Using Pinned resource size 33554432
:4:rocblit.cpp              :687 : 4393524910530 us: [pid:4154523 tid: 0x7ff56a04a200] HSA Async Copy staged D2H
:4:rocblit.cpp              :503 : 4393524910535 us: [pid:4154523 tid: 0x7ff56a04a200] Last copy mask 0x0
:4:rocblit.cpp              :509 : 4393524911141 us: [pid:4154523 tid: 0x7ff56a04a200] Query copy engine status 0, free_engine mask 0x1e
:4:rocblit.cpp              :520 : 4393524911154 us: [pid:4154523 tid: 0x7ff56a04a200] HSA Async Copy on copy_engine=0x2, dst=0x7ff39c1bd010, src=0x7ff326a00000, size=33554432, forceSDMA=0, wait_event=0x0, completion_signal=0x7ff5609fe880
:4:rocvirtual.cpp           :622 : 4393524911179 us: [pid:4154523 tid: 0x7ff56a04a200] Host wait on completion_signal=0x7ff5609fe880
:3:rocvirtual.hpp           :56  : 4393524911186 us: [pid:4154523 tid: 0x7ff56a04a200] Host active wait for Signal = (0x7ff5609fe880) for -1 ns
:4:rocmemory.cpp            :1018: 4393524912395 us: [pid:4154523 tid: 0x7ff56a04a200] Locking to pool 0x4017aed0, size 0x2001000, HostPtr = 0x7ff39e1bd000, DevPtr = 0x7ff39e1bd000
:4:rocblit.cpp              :623 : 4393524912434 us: [pid:4154523 tid: 0x7ff56a04a200] HSA Copy Using Pinned resource size 33554432
:4:rocblit.cpp              :687 : 4393524912442 us: [pid:4154523 tid: 0x7ff56a04a200] HSA Async Copy staged D2H
:4:rocblit.cpp              :503 : 4393524912447 us: [pid:4154523 tid: 0x7ff56a04a200] Last copy mask 0x2
:4:rocblit.cpp              :520 : 4393524912452 us: [pid:4154523 tid: 0x7ff56a04a200] HSA Async Copy on copy_engine=0x2, dst=0x7ff39e1bd010, src=0x7ff328a00000, size=33554432, forceSDMA=0, wait_event=0x0, completion_signal=0x7ff5609fe780
:4:rocvirtual.cpp           :622 : 4393524912462 us: [pid:4154523 tid: 0x7ff56a04a200] Host wait on completion_signal=0x7ff5609fe780
:3:rocvirtual.hpp           :56  : 4393524912469 us: [pid:4154523 tid: 0x7ff56a04a200] Host active wait for Signal = (0x7ff5609fe780) for -1 ns
:4:rocmemory.cpp            :1018: 4393524913678 us: [pid:4154523 tid: 0x7ff56a04a200] Locking to pool 0x4017aed0, size 0x2001000, HostPtr = 0x7ff3a01bd000, DevPtr = 0x7ff3a01bd000
:4:rocblit.cpp              :623 : 4393524913717 us: [pid:4154523 tid: 0x7ff56a04a200] HSA Copy Using Pinned resource size 33554432
:4:rocblit.cpp              :687 : 4393524913734 us: [pid:4154523 tid: 0x7ff56a04a200] HSA Async Copy staged D2H
:4:rocblit.cpp              :503 : 4393524913740 us: [pid:4154523 tid: 0x7ff56a04a200] Last copy mask 0x2
:4:rocblit.cpp              :520 : 4393524913746 us: [pid:4154523 tid: 0x7ff56a04a200] HSA Async Copy on copy_engine=0x2, dst=0x7ff3a01bd010, src=0x7ff32aa00000, size=33554432, forceSDMA=0, wait_event=0x0, completion_signal=0x7ff5609fe580
:4:rocvirtual.cpp           :622 : 4393524913757 us: [pid:4154523 tid: 0x7ff56a04a200] Host wait on completion_signal=0x7ff5609fe580
:3:rocvirtual.hpp           :56  : 4393524913764 us: [pid:4154523 tid: 0x7ff56a04a200] Host active wait for Signal = (0x7ff5609fe580) for -1 ns
:4:rocmemory.cpp            :1018: 4393524914967 us: [pid:4154523 tid: 0x7ff56a04a200] Locking to pool 0x4017aed0, size 0x2001000, HostPtr = 0x7ff3a21bd000, DevPtr = 0x7ff3a21bd000
:4:rocblit.cpp              :623 : 4393524914983 us: [pid:4154523 tid: 0x7ff56a04a200] HSA Copy Using Pinned resource size 33554432
:4:rocblit.cpp              :687 : 4393524915532 us: [pid:4154523 tid: 0x7ff56a04a200] HSA Async Copy staged D2H
:4:rocblit.cpp              :503 : 4393524915540 us: [pid:4154523 tid: 0x7ff56a04a200] Last copy mask 0x2
:4:rocblit.cpp              :520 : 4393524915546 us: [pid:4154523 tid: 0x7ff56a04a200] HSA Async Copy on copy_engine=0x2, dst=0x7ff3a21bd010, src=0x7ff32ca00000, size=33554432, forceSDMA=0, wait_event=0x0, completion_signal=0x7ff5609fdf00
:4:rocvirtual.cpp           :622 : 4393524915566 us: [pid:4154523 tid: 0x7ff56a04a200] Host wait on completion_signal=0x7ff5609fdf00
:3:rocvirtual.hpp           :56  : 4393524915582 us: [pid:4154523 tid: 0x7ff56a04a200] Host active wait for Signal = (0x7ff5609fdf00) for -1 ns
:4:rocmemory.cpp            :1018: 4393524916780 us: [pid:4154523 tid: 0x7ff56a04a200] Locking to pool 0x4017aed0, size 0x2001000, HostPtr = 0x7ff3a41bd000, DevPtr = 0x7ff3a41bd000
:4:rocblit.cpp              :623 : 4393524916796 us: [pid:4154523 tid: 0x7ff56a04a200] HSA Copy Using Pinned resource size 33554432
:4:rocblit.cpp              :687 : 4393524916807 us: [pid:4154523 tid: 0x7ff56a04a200] HSA Async Copy staged D2H
:4:rocblit.cpp              :503 : 4393524916814 us: [pid:4154523 tid: 0x7ff56a04a200] Last copy mask 0x2
:4:rocblit.cpp              :520 : 4393524916821 us: [pid:4154523 tid: 0x7ff56a04a200] HSA Async Copy on copy_engine=0x2, dst=0x7ff3a41bd010, src=0x7ff32ea00000, size=33554432, forceSDMA=0, wait_event=0x0, completion_signal=0x7ff5609fe900
:4:rocvirtual.cpp           :622 : 4393524916829 us: [pid:4154523 tid: 0x7ff56a04a200] Host wait on completion_signal=0x7ff5609fe900
:3:rocvirtual.hpp           :56  : 4393524916837 us: [pid:4154523 tid: 0x7ff56a04a200] Host active wait for Signal = (0x7ff5609fe900) for -1 ns
:4:rocmemory.cpp            :1018: 4393524918051 us: [pid:4154523 tid: 0x7ff56a04a200] Locking to pool 0x4017aed0, size 0x2001000, HostPtr = 0x7ff3a61bd000, DevPtr = 0x7ff3a61bd000
:4:rocblit.cpp              :623 : 4393524918066 us: [pid:4154523 tid: 0x7ff56a04a200] HSA Copy Using Pinned resource size 33554432
:4:rocblit.cpp              :687 : 4393524918076 us: [pid:4154523 tid: 0x7ff56a04a200] HSA Async Copy staged D2H
:4:rocblit.cpp              :503 : 4393524918084 us: [pid:4154523 tid: 0x7ff56a04a200] Last copy mask 0x2
:4:rocblit.cpp              :520 : 4393524918089 us: [pid:4154523 tid: 0x7ff56a04a200] HSA Async Copy on copy_engine=0x2, dst=0x7ff3a61bd010, src=0x7ff330a00000, size=33554432, forceSDMA=0, wait_event=0x0, completion_signal=0x7ff5609fea00
:4:rocvirtual.cpp           :622 : 4393524918097 us: [pid:4154523 tid: 0x7ff56a04a200] Host wait on completion_signal=0x7ff5609fea00
:3:rocvirtual.hpp           :56  : 4393524918104 us: [pid:4154523 tid: 0x7ff56a04a200] Host active wait for Signal = (0x7ff5609fea00) for -1 ns
:4:rocmemory.cpp            :1018: 4393524919301 us: [pid:4154523 tid: 0x7ff56a04a200] Locking to pool 0x4017aed0, size 0x2001000, HostPtr = 0x7ff3a81bd000, DevPtr = 0x7ff3a81bd000
:4:rocblit.cpp              :623 : 4393524919311 us: [pid:4154523 tid: 0x7ff56a04a200] HSA Copy Using Pinned resource size 33554432
:4:rocblit.cpp              :687 : 4393524919318 us: [pid:4154523 tid: 0x7ff56a04a200] HSA Async Copy staged D2H
:4:rocblit.cpp              :503 : 4393524919324 us: [pid:4154523 tid: 0x7ff56a04a200] Last copy mask 0x2
:4:rocblit.cpp              :520 : 4393524919329 us: [pid:4154523 tid: 0x7ff56a04a200] HSA Async Copy on copy_engine=0x2, dst=0x7ff3a81bd010, src=0x7ff332a00000, size=33554432, forceSDMA=0, wait_event=0x0, completion_signal=0x7ff5609fea80
:4:rocvirtual.cpp           :622 : 4393524919340 us: [pid:4154523 tid: 0x7ff56a04a200] Host wait on completion_signal=0x7ff5609fea80
:3:rocvirtual.hpp           :56  : 4393524919359 us: [pid:4154523 tid: 0x7ff56a04a200] Host active wait for Signal = (0x7ff5609fea80) for -1 ns
:4:rocmemory.cpp            :1018: 4393524920564 us: [pid:4154523 tid: 0x7ff56a04a200] Locking to pool 0x4017aed0, size 0x2001000, HostPtr = 0x7ff3aa1bd000, DevPtr = 0x7ff3aa1bd000
:4:rocblit.cpp              :623 : 4393524920586 us: [pid:4154523 tid: 0x7ff56a04a200] HSA Copy Using Pinned resource size 33554432
:4:rocblit.cpp              :687 : 4393524920594 us: [pid:4154523 tid: 0x7ff56a04a200] HSA Async Copy staged D2H
:4:rocblit.cpp              :503 : 4393524921036 us: [pid:4154523 tid: 0x7ff56a04a200] Last copy mask 0x2
:4:rocblit.cpp              :520 : 4393524921055 us: [pid:4154523 tid: 0x7ff56a04a200] HSA Async Copy on copy_engine=0x2, dst=0x7ff3aa1bd010, src=0x7ff334a00000, size=33554432, forceSDMA=0, wait_event=0x0, completion_signal=0x7ff5609fe800
:4:rocvirtual.cpp           :622 : 4393524921064 us: [pid:4154523 tid: 0x7ff56a04a200] Host wait on completion_signal=0x7ff5609fe800
:3:rocvirtual.hpp           :56  : 4393524921072 us: [pid:4154523 tid: 0x7ff56a04a200] Host active wait for Signal = (0x7ff5609fe800) for -1 ns
:4:rocmemory.cpp            :1018: 4393524922280 us: [pid:4154523 tid: 0x7ff56a04a200] Locking to pool 0x4017aed0, size 0x2001000, HostPtr = 0x7ff3ac1bd000, DevPtr = 0x7ff3ac1bd000
:4:rocblit.cpp              :623 : 4393524922292 us: [pid:4154523 tid: 0x7ff56a04a200] HSA Copy Using Pinned resource size 33554432
:4:rocblit.cpp              :687 : 4393524922300 us: [pid:4154523 tid: 0x7ff56a04a200] HSA Async Copy staged D2H
:4:rocblit.cpp              :503 : 4393524922305 us: [pid:4154523 tid: 0x7ff56a04a200] Last copy mask 0x2
:4:rocblit.cpp              :520 : 4393524922310 us: [pid:4154523 tid: 0x7ff56a04a200] HSA Async Copy on copy_engine=0x2, dst=0x7ff3ac1bd010, src=0x7ff336a00000, size=33554432, forceSDMA=0, wait_event=0x0, completion_signal=0x7ff5609fe700
:4:rocvirtual.cpp           :622 : 4393524922318 us: [pid:4154523 tid: 0x7ff56a04a200] Host wait on completion_signal=0x7ff5609fe700
:3:rocvirtual.hpp           :56  : 4393524922326 us: [pid:4154523 tid: 0x7ff56a04a200] Host active wait for Signal = (0x7ff5609fe700) for -1 ns
:4:rocmemory.cpp            :1018: 4393524923529 us: [pid:4154523 tid: 0x7ff56a04a200] Locking to pool 0x4017aed0, size 0x2001000, HostPtr = 0x7ff3ae1bd000, DevPtr = 0x7ff3ae1bd000
:4:rocblit.cpp              :623 : 4393524923550 us: [pid:4154523 tid: 0x7ff56a04a200] HSA Copy Using Pinned resource size 33554432
:4:rocblit.cpp              :687 : 4393524923560 us: [pid:4154523 tid: 0x7ff56a04a200] HSA Async Copy staged D2H
:4:rocblit.cpp              :503 : 4393524923573 us: [pid:4154523 tid: 0x7ff56a04a200] Last copy mask 0x2
:4:rocblit.cpp              :520 : 4393524923578 us: [pid:4154523 tid: 0x7ff56a04a200] HSA Async Copy on copy_engine=0x2, dst=0x7ff3ae1bd010, src=0x7ff338a00000, size=33554432, forceSDMA=0, wait_event=0x0, completion_signal=0x7ff5609fde80
:4:rocvirtual.cpp           :622 : 4393524923588 us: [pid:4154523 tid: 0x7ff56a04a200] Host wait on completion_signal=0x7ff5609fde80
:3:rocvirtual.hpp           :56  : 4393524923600 us: [pid:4154523 tid: 0x7ff56a04a200] Host active wait for Signal = (0x7ff5609fde80) for -1 ns
:4:rocmemory.cpp            :1018: 4393524924804 us: [pid:4154523 tid: 0x7ff56a04a200] Locking to pool 0x4017aed0, size 0x2001000, HostPtr = 0x7ff3b01bd000, DevPtr = 0x7ff3b01bd000
:4:rocblit.cpp              :623 : 4393524924822 us: [pid:4154523 tid: 0x7ff56a04a200] HSA Copy Using Pinned resource size 33554432
:4:rocblit.cpp              :687 : 4393524924830 us: [pid:4154523 tid: 0x7ff56a04a200] HSA Async Copy staged D2H
:4:rocblit.cpp              :503 : 4393524924835 us: [pid:4154523 tid: 0x7ff56a04a200] Last copy mask 0x2
:4:rocblit.cpp              :520 : 4393524924840 us: [pid:4154523 tid: 0x7ff56a04a200] HSA Async Copy on copy_engine=0x2, dst=0x7ff3b01bd010, src=0x7ff33aa00000, size=33554432, forceSDMA=0, wait_event=0x0, completion_signal=0x7ff5609fe080
:4:rocvirtual.cpp           :622 : 4393524924855 us: [pid:4154523 tid: 0x7ff56a04a200] Host wait on completion_signal=0x7ff5609fe080
:3:rocvirtual.hpp           :56  : 4393524924864 us: [pid:4154523 tid: 0x7ff56a04a200] Host active wait for Signal = (0x7ff5609fe080) for -1 ns
:4:rocmemory.cpp            :1018: 4393524926062 us: [pid:4154523 tid: 0x7ff56a04a200] Locking to pool 0x4017aed0, size 0x2001000, HostPtr = 0x7ff3b21bd000, DevPtr = 0x7ff3b21bd000
:4:rocblit.cpp              :623 : 4393524926075 us: [pid:4154523 tid: 0x7ff56a04a200] HSA Copy Using Pinned resource size 33554432
:4:rocblit.cpp              :687 : 4393524926082 us: [pid:4154523 tid: 0x7ff56a04a200] HSA Async Copy staged D2H
:4:rocblit.cpp              :503 : 4393524926094 us: [pid:4154523 tid: 0x7ff56a04a200] Last copy mask 0x2
:4:rocblit.cpp              :520 : 4393524926099 us: [pid:4154523 tid: 0x7ff56a04a200] HSA Async Copy on copy_engine=0x2, dst=0x7ff3b21bd010, src=0x7ff33ca00000, size=33554432, forceSDMA=0, wait_event=0x0, completion_signal=0x7ff5609fe000
:4:rocvirtual.cpp           :622 : 4393524926107 us: [pid:4154523 tid: 0x7ff56a04a200] Host wait on completion_signal=0x7ff5609fe000
:3:rocvirtual.hpp           :56  : 4393524926115 us: [pid:4154523 tid: 0x7ff56a04a200] Host active wait for Signal = (0x7ff5609fe000) for -1 ns
:4:rocmemory.cpp            :1018: 4393524927319 us: [pid:4154523 tid: 0x7ff56a04a200] Locking to pool 0x4017aed0, size 0x2001000, HostPtr = 0x7ff3b41bd000, DevPtr = 0x7ff3b41bd000
:4:rocblit.cpp              :623 : 4393524927333 us: [pid:4154523 tid: 0x7ff56a04a200] HSA Copy Using Pinned resource size 33554432
:4:rocblit.cpp              :687 : 4393524927346 us: [pid:4154523 tid: 0x7ff56a04a200] HSA Async Copy staged D2H
:4:rocblit.cpp              :503 : 4393524927354 us: [pid:4154523 tid: 0x7ff56a04a200] Last copy mask 0x2
:4:rocblit.cpp              :520 : 4393524927361 us: [pid:4154523 tid: 0x7ff56a04a200] HSA Async Copy on copy_engine=0x2, dst=0x7ff3b41bd010, src=0x7ff33ea00000, size=33554432, forceSDMA=0, wait_event=0x0, completion_signal=0x7ff5609fe380
:4:rocvirtual.cpp           :622 : 4393524927372 us: [pid:4154523 tid: 0x7ff56a04a200] Host wait on completion_signal=0x7ff5609fe380
:3:rocvirtual.hpp           :56  : 4393524927380 us: [pid:4154523 tid: 0x7ff56a04a200] Host active wait for Signal = (0x7ff5609fe380) for -1 ns
:4:rocmemory.cpp            :1018: 4393524928595 us: [pid:4154523 tid: 0x7ff56a04a200] Locking to pool 0x4017aed0, size 0x2001000, HostPtr = 0x7ff3b61bd000, DevPtr = 0x7ff3b61bd000
:4:rocblit.cpp              :623 : 4393524928610 us: [pid:4154523 tid: 0x7ff56a04a200] HSA Copy Using Pinned resource size 33554432
:4:rocblit.cpp              :687 : 4393524928623 us: [pid:4154523 tid: 0x7ff56a04a200] HSA Async Copy staged D2H
:4:rocblit.cpp              :503 : 4393524928628 us: [pid:4154523 tid: 0x7ff56a04a200] Last copy mask 0x2
:4:rocblit.cpp              :520 : 4393524928632 us: [pid:4154523 tid: 0x7ff56a04a200] HSA Async Copy on copy_engine=0x2, dst=0x7ff3b61bd010, src=0x7ff340a00000, size=33554432, forceSDMA=0, wait_event=0x0, completion_signal=0x7ff5609fe180
:4:rocvirtual.cpp           :622 : 4393524928641 us: [pid:4154523 tid: 0x7ff56a04a200] Host wait on completion_signal=0x7ff5609fe180
:3:rocvirtual.hpp           :56  : 4393524928649 us: [pid:4154523 tid: 0x7ff56a04a200] Host active wait for Signal = (0x7ff5609fe180) for -1 ns
:4:rocmemory.cpp            :1018: 4393524929844 us: [pid:4154523 tid: 0x7ff56a04a200] Locking to pool 0x4017aed0, size 0x14c1000, HostPtr = 0x7ff3b81bd000, DevPtr = 0x7ff3b81bd000
:4:rocblit.cpp              :623 : 4393524929856 us: [pid:4154523 tid: 0x7ff56a04a200] HSA Copy Using Pinned resource size 21757952
:4:rocblit.cpp              :687 : 4393524929869 us: [pid:4154523 tid: 0x7ff56a04a200] HSA Async Copy staged D2H
:4:rocblit.cpp              :503 : 4393524929874 us: [pid:4154523 tid: 0x7ff56a04a200] Last copy mask 0x2
:4:rocblit.cpp              :520 : 4393524929878 us: [pid:4154523 tid: 0x7ff56a04a200] HSA Async Copy on copy_engine=0x2, dst=0x7ff3b81bd010, src=0x7ff342a00000, size=21757952, forceSDMA=0, wait_event=0x0, completion_signal=0x7ff5609fdf80
:4:rocvirtual.cpp           :622 : 4393524929887 us: [pid:4154523 tid: 0x7ff56a04a200] Host wait on completion_signal=0x7ff5609fdf80
:3:rocvirtual.hpp           :56  : 4393524929894 us: [pid:4154523 tid: 0x7ff56a04a200] Host active wait for Signal = (0x7ff5609fdf80) for -1 ns
:4:commandqueue.cpp         :161 : 4393524930670 us: [pid:4154523 tid: 0x7ff56a04a200] Marker queued to ensure finish
:4:command.cpp              :359 : 4393524930678 us: [pid:4154523 tid: 0x7ff56a04a200] Command (InternalMarker) enqueued: 0x40a93a20
:3:rocvirtual.cpp           :533 : 4393524930695 us: [pid:4154523 tid: 0x7ff56a04a200] Set Handler: handle(0x7ff5609fc600), timestamp(0x40972540)
:4:rocvirtual.cpp           :1147: 4393524930713 us: [pid:4154523 tid: 0x7ff56a04a200] SWq=0x7ff56a034000, HWq=0x7ff54da00000, id=1, BarrierAND Header = 0x1503 (type=3, barrier=1, acquire=2, release=2), dep_signal=[0x0, 0x0, 0x0, 0x0, 0x0], completion_signal=0x7ff5609fc600
:3:rocvirtual.hpp           :56  : 4393524930725 us: [pid:4154523 tid: 0x7ff56a04a200] Host active wait for Signal = (0x7ff5609fc600) for -1 ns
:3:rocvirtual.cpp           :226 : 4393524930730 us: [pid:4154523 tid: 0x7ff42fbff6c0] Handler: value(0), timestamp(0x406f05d0), handle(0x7ff5609fc600)
:4:commandqueue.cpp         :184 : 4393524930762 us: [pid:4154523 tid: 0x7ff56a04a200] All commands finished
:3:hip_memory.cpp           :796 : 4393524930769 us: [pid:4154523 tid: 0x7ff56a04a200] hipMemcpy: Returned hipSuccess : : duration: 20323 us
:4:command.cpp              :169 : 4393524930756 us: [pid:4154523 tid: 0x7ff42fbff6c0] Command 0x4035b750 complete
:3:hip_memory.cpp           :3476: 4393524930781 us: [pid:4154523 tid: 0x7ff56a04a200] [32m hipMemset ( 0x7ff326a00000, 0, 491520000 ) [0m
:4:command.cpp              :163 : 4393524930787 us: [pid:4154523 tid: 0x7ff42fbff6c0] Command 0x40a93a20 complete (Wall: 4393524930785, CPU: 0, GPU: 99 us)
:4:command.cpp              :359 : 4393524930797 us: [pid:4154523 tid: 0x7ff56a04a200] Command (FillBuffer) enqueued: 0x40aa9a40
:3:rocvirtual.cpp           :762 : 4393524931395 us: [pid:4154523 tid: 0x7ff56a04a200] Arg0: void* buf = ptr:0x7ff326a00000
:3:rocvirtual.cpp           :778 : 4393524931400 us: [pid:4154523 tid: 0x7ff56a04a200] Arg0: void* buf = ptr:0x7ff326a00000 obj:[0x7ff326a00000-0x7ff343ec0000]
:3:rocvirtual.cpp           :762 : 4393524931408 us: [pid:4154523 tid: 0x7ff56a04a200] Arg1: uchar* pattern = ptr:0x7ff54d800000
:3:rocvirtual.cpp           :853 : 4393524931415 us: [pid:4154523 tid: 0x7ff56a04a200] Arg2: uint pattern_size = val:1
:3:rocvirtual.cpp           :853 : 4393524931420 us: [pid:4154523 tid: 0x7ff56a04a200] Arg3: uint alignment = val:16
:3:rocvirtual.cpp           :853 : 4393524931424 us: [pid:4154523 tid: 0x7ff56a04a200] Arg4: ulong end_ptr = val:140682793320448
:3:rocvirtual.cpp           :853 : 4393524931432 us: [pid:4154523 tid: 0x7ff56a04a200] Arg5: uint next_chunk = val:26624
:3:rocvirtual.cpp           :3236: 4393524931436 us: [pid:4154523 tid: 0x7ff56a04a200] ShaderName : __amd_rocclr_fillBufferAligned
:3:rocvirtual.cpp           :3449: 4393524931445 us: [pid:4154523 tid: 0x7ff56a04a200] KernargSegmentByteSize = 296 KernargSegmentAlignment = 128
:4:rocvirtual.cpp           :965 : 4393524931454 us: [pid:4154523 tid: 0x7ff56a04a200] SWq=0x7ff56a034000, HWq=0x7ff54da00000, id=1, Dispatch Header = 0x1502 (type=2, barrier=1, acquire=2, release=2), setup=1, grid=[26624, 1, 1], workgroup=[256, 1, 1], private_seg_size=0, group_seg_size=0, kernel_obj=0x7ff56a025d40, kernarg_address=0x7ff54d800100, completion_signal=0x0, correlation_id=0, rptr=159, wptr=159
:3:hip_memory.cpp           :3477: 4393524931468 us: [pid:4154523 tid: 0x7ff56a04a200] hipMemset: Returned hipSuccess : 
:3:hip_device_runtime.cpp   :641 : 4393524931473 us: [pid:4154523 tid: 0x7ff56a04a200] [32m hipDeviceSynchronize (  ) [0m
:4:commandqueue.cpp         :161 : 4393524931478 us: [pid:4154523 tid: 0x7ff56a04a200] Marker queued to ensure finish
:4:command.cpp              :359 : 4393524931483 us: [pid:4154523 tid: 0x7ff56a04a200] Command (InternalMarker) enqueued: 0x40a93a20
:3:rocvirtual.cpp           :533 : 4393524931503 us: [pid:4154523 tid: 0x7ff56a04a200] Set Handler: handle(0x7ff5609fc580), timestamp(0x409d2b50)
:4:rocvirtual.cpp           :1147: 4393524932073 us: [pid:4154523 tid: 0x7ff56a04a200] SWq=0x7ff56a034000, HWq=0x7ff54da00000, id=1, BarrierAND Header = 0x1503 (type=3, barrier=1, acquire=2, release=2), dep_signal=[0x0, 0x0, 0x0, 0x0, 0x0], completion_signal=0x7ff5609fc580
:4:commandqueue.cpp         :184 : 4393524932088 us: [pid:4154523 tid: 0x7ff56a04a200] All commands finished
:3:rocvirtual.cpp           :226 : 4393524932081 us: [pid:4154523 tid: 0x7ff42fbff6c0] Handler: value(0), timestamp(0x4030f140), handle(0x7ff5609fc580)
:4:command.cpp              :169 : 4393524932118 us: [pid:4154523 tid: 0x7ff42fbff6c0] Command 0x40aa9a40 complete
:3:hip_device_runtime.cpp   :645 : 4393524932120 us: [pid:4154523 tid: 0x7ff56a04a200] hipDeviceSynchronize: Returned hipSuccess : 
:4:command.cpp              :163 : 4393524932127 us: [pid:4154523 tid: 0x7ff42fbff6c0] Command 0x40a93a20 complete (Wall: 4393524932125, CPU: 0, GPU: 629 us)
:3:hip_platform.cpp         :237 : 4393524932147 us: [pid:4154523 tid: 0x7ff56a04a200] [32m __hipPushCallConfiguration ( {8,1,1}, {256,1,1}, 0, stream:<null> ) [0m
:3:hip_platform.cpp         :241 : 4393524932165 us: [pid:4154523 tid: 0x7ff56a04a200] __hipPushCallConfiguration: Returned hipSuccess : 
:3:hip_platform.cpp         :246 : 4393524932175 us: [pid:4154523 tid: 0x7ff56a04a200] [32m __hipPopCallConfiguration ( {1951258706,32757,256}, {2118224,0,278018480}, 0x7ffc10923700, 0x7ffc109236f8 ) [0m
:3:hip_platform.cpp         :255 : 4393524932182 us: [pid:4154523 tid: 0x7ff56a04a200] __hipPopCallConfiguration: Returned hipSuccess : 
:3:hip_module.cpp           :744 : 4393524932193 us: [pid:4154523 tid: 0x7ff56a04a200] [32m hipLaunchKernel ( 0x200fe8, {8,1,1}, {256,1,1}, 0x7ffc109236b0, 0, stream:<null> ) [0m
:4:command.cpp              :359 : 4393524932206 us: [pid:4154523 tid: 0x7ff56a04a200] Command (KernelExecution) enqueued: 0x4035b750
:3:rocvirtual.cpp           :762 : 4393524932658 us: [pid:4154523 tid: 0x7ff56a04a200] Arg0:   = ptr:0x7ff344200000
:3:rocvirtual.cpp           :778 : 4393524932666 us: [pid:4154523 tid: 0x7ff56a04a200] Arg0:   = ptr:0x7ff344200000 obj:[0x7ff344200000-0x7ff3616c0000]
:3:rocvirtual.cpp           :762 : 4393524932677 us: [pid:4154523 tid: 0x7ff56a04a200] Arg1:   = ptr:0x7ff54cc27000
:3:rocvirtual.cpp           :778 : 4393524932684 us: [pid:4154523 tid: 0x7ff56a04a200] Arg1:   = ptr:0x7ff54cc27000 obj:[0x7ff54cc27000-0x7ff54cc87000]
:3:rocvirtual.cpp           :762 : 4393524932695 us: [pid:4154523 tid: 0x7ff56a04a200] Arg2:   = ptr:0x7ff326a00000
:3:rocvirtual.cpp           :778 : 4393524932702 us: [pid:4154523 tid: 0x7ff56a04a200] Arg2:   = ptr:0x7ff326a00000 obj:[0x7ff326a00000-0x7ff343ec0000]
:3:rocvirtual.cpp           :853 : 4393524932720 us: [pid:4154523 tid: 0x7ff56a04a200] Arg3:   = val:12288
:3:rocvirtual.cpp           :762 : 4393524932727 us: [pid:4154523 tid: 0x7ff56a04a200] Arg4:   = ptr:0x7ff54cc00000
:3:rocvirtual.cpp           :778 : 4393524932734 us: [pid:4154523 tid: 0x7ff56a04a200] Arg4:   = ptr:0x7ff54cc00000 obj:[0x7ff54cc00000-0x7ff54cc00024]
:3:rocvirtual.cpp           :3236: 4393524932744 us: [pid:4154523 tid: 0x7ff56a04a200] ShaderName : void dense_esuhm3<float>(float const*, float const*, float*, int, int const*)
:3:rocvirtual.cpp           :3449: 4393524932756 us: [pid:4154523 tid: 0x7ff56a04a200] KernargSegmentByteSize = 296 KernargSegmentAlignment = 128
:4:rocvirtual.cpp           :965 : 4393524932770 us: [pid:4154523 tid: 0x7ff56a04a200] SWq=0x7ff56a034000, HWq=0x7ff54da00000, id=1, Dispatch Header = 0xb02 (type=2, barrier=1, acquire=1, release=1), setup=3, grid=[2048, 1, 1], workgroup=[256, 1, 1], private_seg_size=140, group_seg_size=0, kernel_obj=0x7ff560a91a00, kernarg_address=0x7ff54d800280, completion_signal=0x0, correlation_id=0, rptr=161, wptr=161
:3:hip_module.cpp           :745 : 4393524932796 us: [pid:4154523 tid: 0x7ff56a04a200] hipLaunchKernel: Returned hipSuccess : : duration: 603 us
:3:hip_device_runtime.cpp   :641 : 4393524933261 us: [pid:4154523 tid: 0x7ff56a04a200] [32m hipDeviceSynchronize (  ) [0m
:4:commandqueue.cpp         :161 : 4393524933276 us: [pid:4154523 tid: 0x7ff56a04a200] Marker queued to ensure finish
:4:command.cpp              :359 : 4393524933283 us: [pid:4154523 tid: 0x7ff56a04a200] Command (InternalMarker) enqueued: 0x40a93a20
:3:rocvirtual.cpp           :533 : 4393524933301 us: [pid:4154523 tid: 0x7ff56a04a200] Set Handler: handle(0x7ff5609fc680), timestamp(0x40937e60)
:4:rocvirtual.cpp           :1147: 4393524933320 us: [pid:4154523 tid: 0x7ff56a04a200] SWq=0x7ff56a034000, HWq=0x7ff54da00000, id=1, BarrierAND Header = 0x1503 (type=3, barrier=1, acquire=2, release=2), dep_signal=[0x0, 0x0, 0x0, 0x0, 0x0], completion_signal=0x7ff5609fc680
:3:rocvirtual.hpp           :56  : 4393524933347 us: [pid:4154523 tid: 0x7ff56a04a200] Host active wait for Signal = (0x7ff5609fc680) for -1 ns
:4:commandqueue.cpp         :184 : 4393524934450 us: [pid:4154523 tid: 0x7ff56a04a200] All commands finished
:3:rocvirtual.cpp           :226 : 4393524934453 us: [pid:4154523 tid: 0x7ff42fbff6c0] Handler: value(0), timestamp(0x40a9d640), handle(0x7ff5609fc680)
:3:hip_device_runtime.cpp   :645 : 4393524934462 us: [pid:4154523 tid: 0x7ff56a04a200] hipDeviceSynchronize: Returned hipSuccess : 
:4:command.cpp              :169 : 4393524934804 us: [pid:4154523 tid: 0x7ff42fbff6c0] Command 0x4035b750 complete
:3:hip_memory.cpp           :795 : 4393524934819 us: [pid:4154523 tid: 0x7ff56a04a200] [32m hipMemcpy ( 0x7ff37ecfc010, 0x7ff326a00000, 491520000, hipMemcpyDeviceToHost ) [0m
:4:command.cpp              :359 : 4393524934837 us: [pid:4154523 tid: 0x7ff56a04a200] Command (CopyDeviceToHost) enqueued: 0x40a93ca0
:4:rocblit.cpp              :1673: 4393524934853 us: [pid:4154523 tid: 0x7ff56a04a200] Unpinned read path, Async = 0
:4:command.cpp              :163 : 4393524934865 us: [pid:4154523 tid: 0x7ff42fbff6c0] Command 0x40a93a20 complete (Wall: 4393524934858, CPU: 0, GPU: 1564 us)
:4:rocmemory.cpp            :1018: 4393524934870 us: [pid:4154523 tid: 0x7ff56a04a200] Locking to pool 0x4017aed0, size 0x2001000, HostPtr = 0x7ff37ecfc000, DevPtr = 0x7ff37ecfc000
:4:rocblit.cpp              :623 : 4393524934897 us: [pid:4154523 tid: 0x7ff56a04a200] HSA Copy Using Pinned resource size 33554432
:4:rocblit.cpp              :687 : 4393524934907 us: [pid:4154523 tid: 0x7ff56a04a200] HSA Async Copy staged D2H
:4:rocblit.cpp              :503 : 4393524934914 us: [pid:4154523 tid: 0x7ff56a04a200] Last copy mask 0x0
:4:rocblit.cpp              :509 : 4393524934922 us: [pid:4154523 tid: 0x7ff56a04a200] Query copy engine status 0, free_engine mask 0x1e
:4:rocblit.cpp              :520 : 4393524934933 us: [pid:4154523 tid: 0x7ff56a04a200] HSA Async Copy on copy_engine=0x2, dst=0x7ff37ecfc010, src=0x7ff326a00000, size=33554432, forceSDMA=0, wait_event=0x0, completion_signal=0x7ff5609fec80
:4:rocvirtual.cpp           :622 : 4393524934944 us: [pid:4154523 tid: 0x7ff56a04a200] Host wait on completion_signal=0x7ff5609fec80
:3:rocvirtual.hpp           :56  : 4393524935402 us: [pid:4154523 tid: 0x7ff56a04a200] Host active wait for Signal = (0x7ff5609fec80) for -1 ns
:4:rocmemory.cpp            :1018: 4393524936169 us: [pid:4154523 tid: 0x7ff56a04a200] Locking to pool 0x4017aed0, size 0x2001000, HostPtr = 0x7ff380cfc000, DevPtr = 0x7ff380cfc000
:4:rocblit.cpp              :623 : 4393524936190 us: [pid:4154523 tid: 0x7ff56a04a200] HSA Copy Using Pinned resource size 33554432
:4:rocblit.cpp              :687 : 4393524936199 us: [pid:4154523 tid: 0x7ff56a04a200] HSA Async Copy staged D2H
:4:rocblit.cpp              :503 : 4393524936204 us: [pid:4154523 tid: 0x7ff56a04a200] Last copy mask 0x2
:4:rocblit.cpp              :520 : 4393524936209 us: [pid:4154523 tid: 0x7ff56a04a200] HSA Async Copy on copy_engine=0x2, dst=0x7ff380cfc010, src=0x7ff328a00000, size=33554432, forceSDMA=0, wait_event=0x0, completion_signal=0x7ff5609fdd80
:4:rocvirtual.cpp           :622 : 4393524936221 us: [pid:4154523 tid: 0x7ff56a04a200] Host wait on completion_signal=0x7ff5609fdd80
:3:rocvirtual.hpp           :56  : 4393524936231 us: [pid:4154523 tid: 0x7ff56a04a200] Host active wait for Signal = (0x7ff5609fdd80) for -1 ns
:4:rocmemory.cpp            :1018: 4393524937426 us: [pid:4154523 tid: 0x7ff56a04a200] Locking to pool 0x4017aed0, size 0x2001000, HostPtr = 0x7ff382cfc000, DevPtr = 0x7ff382cfc000
:4:rocblit.cpp              :623 : 4393524937444 us: [pid:4154523 tid: 0x7ff56a04a200] HSA Copy Using Pinned resource size 33554432
:4:rocblit.cpp              :687 : 4393524937451 us: [pid:4154523 tid: 0x7ff56a04a200] HSA Async Copy staged D2H
:4:rocblit.cpp              :503 : 4393524937460 us: [pid:4154523 tid: 0x7ff56a04a200] Last copy mask 0x2
:4:rocblit.cpp              :520 : 4393524937464 us: [pid:4154523 tid: 0x7ff56a04a200] HSA Async Copy on copy_engine=0x2, dst=0x7ff382cfc010, src=0x7ff32aa00000, size=33554432, forceSDMA=0, wait_event=0x0, completion_signal=0x7ff5609fdc80
:4:rocvirtual.cpp           :622 : 4393524937472 us: [pid:4154523 tid: 0x7ff56a04a200] Host wait on completion_signal=0x7ff5609fdc80
:3:rocvirtual.hpp           :56  : 4393524937480 us: [pid:4154523 tid: 0x7ff56a04a200] Host active wait for Signal = (0x7ff5609fdc80) for -1 ns
:4:rocmemory.cpp            :1018: 4393524938698 us: [pid:4154523 tid: 0x7ff56a04a200] Locking to pool 0x4017aed0, size 0x2001000, HostPtr = 0x7ff384cfc000, DevPtr = 0x7ff384cfc000
:4:rocblit.cpp              :623 : 4393524938711 us: [pid:4154523 tid: 0x7ff56a04a200] HSA Copy Using Pinned resource size 33554432
:4:rocblit.cpp              :687 : 4393524938719 us: [pid:4154523 tid: 0x7ff56a04a200] HSA Async Copy staged D2H
:4:rocblit.cpp              :503 : 4393524938724 us: [pid:4154523 tid: 0x7ff56a04a200] Last copy mask 0x2
:4:rocblit.cpp              :520 : 4393524938728 us: [pid:4154523 tid: 0x7ff56a04a200] HSA Async Copy on copy_engine=0x2, dst=0x7ff384cfc010, src=0x7ff32ca00000, size=33554432, forceSDMA=0, wait_event=0x0, completion_signal=0x7ff5609fdc00
:4:rocvirtual.cpp           :622 : 4393524938736 us: [pid:4154523 tid: 0x7ff56a04a200] Host wait on completion_signal=0x7ff5609fdc00
:3:rocvirtual.hpp           :56  : 4393524938743 us: [pid:4154523 tid: 0x7ff56a04a200] Host active wait for Signal = (0x7ff5609fdc00) for -1 ns
:4:rocmemory.cpp            :1018: 4393524939962 us: [pid:4154523 tid: 0x7ff56a04a200] Locking to pool 0x4017aed0, size 0x2001000, HostPtr = 0x7ff386cfc000, DevPtr = 0x7ff386cfc000
:4:rocblit.cpp              :623 : 4393524939987 us: [pid:4154523 tid: 0x7ff56a04a200] HSA Copy Using Pinned resource size 33554432
:4:rocblit.cpp              :687 : 4393524939998 us: [pid:4154523 tid: 0x7ff56a04a200] HSA Async Copy staged D2H
:4:rocblit.cpp              :503 : 4393524940027 us: [pid:4154523 tid: 0x7ff56a04a200] Last copy mask 0x2
:4:rocblit.cpp              :520 : 4393524940034 us: [pid:4154523 tid: 0x7ff56a04a200] HSA Async Copy on copy_engine=0x2, dst=0x7ff386cfc010, src=0x7ff32ea00000, size=33554432, forceSDMA=0, wait_event=0x0, completion_signal=0x7ff5609fed00
:4:rocvirtual.cpp           :622 : 4393524940045 us: [pid:4154523 tid: 0x7ff56a04a200] Host wait on completion_signal=0x7ff5609fed00
:3:rocvirtual.hpp           :56  : 4393524940055 us: [pid:4154523 tid: 0x7ff56a04a200] Host active wait for Signal = (0x7ff5609fed00) for -1 ns
:4:rocmemory.cpp            :1018: 4393524941277 us: [pid:4154523 tid: 0x7ff56a04a200] Locking to pool 0x4017aed0, size 0x2001000, HostPtr = 0x7ff388cfc000, DevPtr = 0x7ff388cfc000
:4:rocblit.cpp              :623 : 4393524941290 us: [pid:4154523 tid: 0x7ff56a04a200] HSA Copy Using Pinned resource size 33554432
:4:rocblit.cpp              :687 : 4393524941300 us: [pid:4154523 tid: 0x7ff56a04a200] HSA Async Copy staged D2H
:4:rocblit.cpp              :503 : 4393524941312 us: [pid:4154523 tid: 0x7ff56a04a200] Last copy mask 0x2
:4:rocblit.cpp              :520 : 4393524941319 us: [pid:4154523 tid: 0x7ff56a04a200] HSA Async Copy on copy_engine=0x2, dst=0x7ff388cfc010, src=0x7ff330a00000, size=33554432, forceSDMA=0, wait_event=0x0, completion_signal=0x7ff5609fee00
:4:rocvirtual.cpp           :622 : 4393524941330 us: [pid:4154523 tid: 0x7ff56a04a200] Host wait on completion_signal=0x7ff5609fee00
:3:rocvirtual.hpp           :56  : 4393524941340 us: [pid:4154523 tid: 0x7ff56a04a200] Host active wait for Signal = (0x7ff5609fee00) for -1 ns
:4:rocmemory.cpp            :1018: 4393524942535 us: [pid:4154523 tid: 0x7ff56a04a200] Locking to pool 0x4017aed0, size 0x2001000, HostPtr = 0x7ff38acfc000, DevPtr = 0x7ff38acfc000
:4:rocblit.cpp              :623 : 4393524942550 us: [pid:4154523 tid: 0x7ff56a04a200] HSA Copy Using Pinned resource size 33554432
:4:rocblit.cpp              :687 : 4393524942567 us: [pid:4154523 tid: 0x7ff56a04a200] HSA Async Copy staged D2H
:4:rocblit.cpp              :503 : 4393524942573 us: [pid:4154523 tid: 0x7ff56a04a200] Last copy mask 0x2
:4:rocblit.cpp              :520 : 4393524942577 us: [pid:4154523 tid: 0x7ff56a04a200] HSA Async Copy on copy_engine=0x2, dst=0x7ff38acfc010, src=0x7ff332a00000, size=33554432, forceSDMA=0, wait_event=0x0, completion_signal=0x7ff5609fee80
:4:rocvirtual.cpp           :622 : 4393524942586 us: [pid:4154523 tid: 0x7ff56a04a200] Host wait on completion_signal=0x7ff5609fee80
:3:rocvirtual.hpp           :56  : 4393524942593 us: [pid:4154523 tid: 0x7ff56a04a200] Host active wait for Signal = (0x7ff5609fee80) for -1 ns
:4:rocmemory.cpp            :1018: 4393524943788 us: [pid:4154523 tid: 0x7ff56a04a200] Locking to pool 0x4017aed0, size 0x2001000, HostPtr = 0x7ff38ccfc000, DevPtr = 0x7ff38ccfc000
:4:rocblit.cpp              :623 : 4393524943802 us: [pid:4154523 tid: 0x7ff56a04a200] HSA Copy Using Pinned resource size 33554432
:4:rocblit.cpp              :687 : 4393524943817 us: [pid:4154523 tid: 0x7ff56a04a200] HSA Async Copy staged D2H
:4:rocblit.cpp              :503 : 4393524943823 us: [pid:4154523 tid: 0x7ff56a04a200] Last copy mask 0x2
:4:rocblit.cpp              :520 : 4393524943827 us: [pid:4154523 tid: 0x7ff56a04a200] HSA Async Copy on copy_engine=0x2, dst=0x7ff38ccfc010, src=0x7ff334a00000, size=33554432, forceSDMA=0, wait_event=0x0, completion_signal=0x7ff5609fec00
:4:rocvirtual.cpp           :622 : 4393524943835 us: [pid:4154523 tid: 0x7ff56a04a200] Host wait on completion_signal=0x7ff5609fec00
:3:rocvirtual.hpp           :56  : 4393524943842 us: [pid:4154523 tid: 0x7ff56a04a200] Host active wait for Signal = (0x7ff5609fec00) for -1 ns
:4:rocmemory.cpp            :1018: 4393524945229 us: [pid:4154523 tid: 0x7ff56a04a200] Locking to pool 0x4017aed0, size 0x2001000, HostPtr = 0x7ff38ecfc000, DevPtr = 0x7ff38ecfc000
:4:rocblit.cpp              :623 : 4393524945239 us: [pid:4154523 tid: 0x7ff56a04a200] HSA Copy Using Pinned resource size 33554432
:4:rocblit.cpp              :687 : 4393524945246 us: [pid:4154523 tid: 0x7ff56a04a200] HSA Async Copy staged D2H
:4:rocblit.cpp              :503 : 4393524945251 us: [pid:4154523 tid: 0x7ff56a04a200] Last copy mask 0x2
:4:rocblit.cpp              :520 : 4393524945255 us: [pid:4154523 tid: 0x7ff56a04a200] HSA Async Copy on copy_engine=0x2, dst=0x7ff38ecfc010, src=0x7ff336a00000, size=33554432, forceSDMA=0, wait_event=0x0, completion_signal=0x7ff5609feb00
:4:rocvirtual.cpp           :622 : 4393524945263 us: [pid:4154523 tid: 0x7ff56a04a200] Host wait on completion_signal=0x7ff5609feb00
:3:rocvirtual.hpp           :56  : 4393524945272 us: [pid:4154523 tid: 0x7ff56a04a200] Host active wait for Signal = (0x7ff5609feb00) for -1 ns
:4:rocmemory.cpp            :1018: 4393524946562 us: [pid:4154523 tid: 0x7ff56a04a200] Locking to pool 0x4017aed0, size 0x2001000, HostPtr = 0x7ff390cfc000, DevPtr = 0x7ff390cfc000
:4:rocblit.cpp              :623 : 4393524946577 us: [pid:4154523 tid: 0x7ff56a04a200] HSA Copy Using Pinned resource size 33554432
:4:rocblit.cpp              :687 : 4393524946586 us: [pid:4154523 tid: 0x7ff56a04a200] HSA Async Copy staged D2H
:4:rocblit.cpp              :503 : 4393524946593 us: [pid:4154523 tid: 0x7ff56a04a200] Last copy mask 0x2
:4:rocblit.cpp              :520 : 4393524946600 us: [pid:4154523 tid: 0x7ff56a04a200] HSA Async Copy on copy_engine=0x2, dst=0x7ff390cfc010, src=0x7ff338a00000, size=33554432, forceSDMA=0, wait_event=0x0, completion_signal=0x7ff5609fe100
:4:rocvirtual.cpp           :622 : 4393524946611 us: [pid:4154523 tid: 0x7ff56a04a200] Host wait on completion_signal=0x7ff5609fe100
:3:rocvirtual.hpp           :56  : 4393524946621 us: [pid:4154523 tid: 0x7ff56a04a200] Host active wait for Signal = (0x7ff5609fe100) for -1 ns
:4:rocmemory.cpp            :1018: 4393524947824 us: [pid:4154523 tid: 0x7ff56a04a200] Locking to pool 0x4017aed0, size 0x2001000, HostPtr = 0x7ff392cfc000, DevPtr = 0x7ff392cfc000
:4:rocblit.cpp              :623 : 4393524947838 us: [pid:4154523 tid: 0x7ff56a04a200] HSA Copy Using Pinned resource size 33554432
:4:rocblit.cpp              :687 : 4393524947848 us: [pid:4154523 tid: 0x7ff56a04a200] HSA Async Copy staged D2H
:4:rocblit.cpp              :503 : 4393524947854 us: [pid:4154523 tid: 0x7ff56a04a200] Last copy mask 0x2
:4:rocblit.cpp              :520 : 4393524947861 us: [pid:4154523 tid: 0x7ff56a04a200] HSA Async Copy on copy_engine=0x2, dst=0x7ff392cfc010, src=0x7ff33aa00000, size=33554432, forceSDMA=0, wait_event=0x0, completion_signal=0x7ff5609fe200
:4:rocvirtual.cpp           :622 : 4393524947876 us: [pid:4154523 tid: 0x7ff56a04a200] Host wait on completion_signal=0x7ff5609fe200
:3:rocvirtual.hpp           :56  : 4393524947887 us: [pid:4154523 tid: 0x7ff56a04a200] Host active wait for Signal = (0x7ff5609fe200) for -1 ns
:4:rocmemory.cpp            :1018: 4393524949252 us: [pid:4154523 tid: 0x7ff56a04a200] Locking to pool 0x4017aed0, size 0x2001000, HostPtr = 0x7ff394cfc000, DevPtr = 0x7ff394cfc000
:4:rocblit.cpp              :623 : 4393524949276 us: [pid:4154523 tid: 0x7ff56a04a200] HSA Copy Using Pinned resource size 33554432
:4:rocblit.cpp              :687 : 4393524949285 us: [pid:4154523 tid: 0x7ff56a04a200] HSA Async Copy staged D2H
:4:rocblit.cpp              :503 : 4393524949292 us: [pid:4154523 tid: 0x7ff56a04a200] Last copy mask 0x2
:4:rocblit.cpp              :520 : 4393524949303 us: [pid:4154523 tid: 0x7ff56a04a200] HSA Async Copy on copy_engine=0x2, dst=0x7ff394cfc010, src=0x7ff33ca00000, size=33554432, forceSDMA=0, wait_event=0x0, completion_signal=0x7ff5609fdb80
:4:rocvirtual.cpp           :622 : 4393524949313 us: [pid:4154523 tid: 0x7ff56a04a200] Host wait on completion_signal=0x7ff5609fdb80
:3:rocvirtual.hpp           :56  : 4393524949323 us: [pid:4154523 tid: 0x7ff56a04a200] Host active wait for Signal = (0x7ff5609fdb80) for -1 ns
:4:rocmemory.cpp            :1018: 4393524950594 us: [pid:4154523 tid: 0x7ff56a04a200] Locking to pool 0x4017aed0, size 0x2001000, HostPtr = 0x7ff396cfc000, DevPtr = 0x7ff396cfc000
:4:rocblit.cpp              :623 : 4393524950606 us: [pid:4154523 tid: 0x7ff56a04a200] HSA Copy Using Pinned resource size 33554432
:4:rocblit.cpp              :687 : 4393524950614 us: [pid:4154523 tid: 0x7ff56a04a200] HSA Async Copy staged D2H
:4:rocblit.cpp              :503 : 4393524950624 us: [pid:4154523 tid: 0x7ff56a04a200] Last copy mask 0x2
:4:rocblit.cpp              :520 : 4393524950629 us: [pid:4154523 tid: 0x7ff56a04a200] HSA Async Copy on copy_engine=0x2, dst=0x7ff396cfc010, src=0x7ff33ea00000, size=33554432, forceSDMA=0, wait_event=0x0, completion_signal=0x7ff5609fda80
:4:rocvirtual.cpp           :622 : 4393524950639 us: [pid:4154523 tid: 0x7ff56a04a200] Host wait on completion_signal=0x7ff5609fda80
:3:rocvirtual.hpp           :56  : 4393524950648 us: [pid:4154523 tid: 0x7ff56a04a200] Host active wait for Signal = (0x7ff5609fda80) for -1 ns
:4:rocmemory.cpp            :1018: 4393524951845 us: [pid:4154523 tid: 0x7ff56a04a200] Locking to pool 0x4017aed0, size 0x2001000, HostPtr = 0x7ff398cfc000, DevPtr = 0x7ff398cfc000
:4:rocblit.cpp              :623 : 4393524951857 us: [pid:4154523 tid: 0x7ff56a04a200] HSA Copy Using Pinned resource size 33554432
:4:rocblit.cpp              :687 : 4393524951867 us: [pid:4154523 tid: 0x7ff56a04a200] HSA Async Copy staged D2H
:4:rocblit.cpp              :503 : 4393524951872 us: [pid:4154523 tid: 0x7ff56a04a200] Last copy mask 0x2
:4:rocblit.cpp              :520 : 4393524951877 us: [pid:4154523 tid: 0x7ff56a04a200] HSA Async Copy on copy_engine=0x2, dst=0x7ff398cfc010, src=0x7ff340a00000, size=33554432, forceSDMA=0, wait_event=0x0, completion_signal=0x7ff5609fd880
:4:rocvirtual.cpp           :622 : 4393524951885 us: [pid:4154523 tid: 0x7ff56a04a200] Host wait on completion_signal=0x7ff5609fd880
:3:rocvirtual.hpp           :56  : 4393524951892 us: [pid:4154523 tid: 0x7ff56a04a200] Host active wait for Signal = (0x7ff5609fd880) for -1 ns
:4:rocmemory.cpp            :1018: 4393524953089 us: [pid:4154523 tid: 0x7ff56a04a200] Locking to pool 0x4017aed0, size 0x14c1000, HostPtr = 0x7ff39acfc000, DevPtr = 0x7ff39acfc000
:4:rocblit.cpp              :623 : 4393524953107 us: [pid:4154523 tid: 0x7ff56a04a200] HSA Copy Using Pinned resource size 21757952
:4:rocblit.cpp              :687 : 4393524953114 us: [pid:4154523 tid: 0x7ff56a04a200] HSA Async Copy staged D2H
:4:rocblit.cpp              :503 : 4393524953118 us: [pid:4154523 tid: 0x7ff56a04a200] Last copy mask 0x2
:4:rocblit.cpp              :520 : 4393524953123 us: [pid:4154523 tid: 0x7ff56a04a200] HSA Async Copy on copy_engine=0x2, dst=0x7ff39acfc010, src=0x7ff342a00000, size=21757952, forceSDMA=0, wait_event=0x0, completion_signal=0x7ff5609ff780
:4:rocvirtual.cpp           :622 : 4393524953139 us: [pid:4154523 tid: 0x7ff56a04a200] Host wait on completion_signal=0x7ff5609ff780
:3:rocvirtual.hpp           :56  : 4393524953148 us: [pid:4154523 tid: 0x7ff56a04a200] Host active wait for Signal = (0x7ff5609ff780) for -1 ns
:4:commandqueue.cpp         :161 : 4393524953923 us: [pid:4154523 tid: 0x7ff56a04a200] Marker queued to ensure finish
:4:command.cpp              :359 : 4393524953934 us: [pid:4154523 tid: 0x7ff56a04a200] Command (InternalMarker) enqueued: 0x40310790
:3:rocvirtual.cpp           :533 : 4393524953958 us: [pid:4154523 tid: 0x7ff56a04a200] Set Handler: handle(0x7ff5609fc080), timestamp(0x409d2ff0)
:4:rocvirtual.cpp           :1147: 4393524953976 us: [pid:4154523 tid: 0x7ff56a04a200] SWq=0x7ff56a034000, HWq=0x7ff54da00000, id=1, BarrierAND Header = 0x1503 (type=3, barrier=1, acquire=2, release=2), dep_signal=[0x0, 0x0, 0x0, 0x0, 0x0], completion_signal=0x7ff5609fc080
:4:commandqueue.cpp         :184 : 4393524953999 us: [pid:4154523 tid: 0x7ff56a04a200] All commands finished
:3:hip_memory.cpp           :796 : 4393524954006 us: [pid:4154523 tid: 0x7ff56a04a200] hipMemcpy: Returned hipSuccess : : duration: 19187 us
:3:rocvirtual.cpp           :226 : 4393524954011 us: [pid:4154523 tid: 0x7ff42fbff6c0] Handler: value(0), timestamp(0x409380b0), handle(0x7ff5609fc080)
:4:command.cpp              :169 : 4393524954050 us: [pid:4154523 tid: 0x7ff42fbff6c0] Command 0x40a93ca0 complete
:4:command.cpp              :163 : 4393524954067 us: [pid:4154523 tid: 0x7ff42fbff6c0] Command 0x40310790 complete (Wall: 4393524954057, CPU: 0, GPU: 106 us)
:3:hip_memory.cpp           :3476: 4393526401217 us: [pid:4154523 tid: 0x7ff56a04a200] [32m hipMemset ( 0x7ff326a00000, 0, 491520000 ) [0m
:4:command.cpp              :359 : 4393526401255 us: [pid:4154523 tid: 0x7ff56a04a200] Command (FillBuffer) enqueued: 0x40aa9a40
:3:rocvirtual.cpp           :762 : 4393526401272 us: [pid:4154523 tid: 0x7ff56a04a200] Arg0: void* buf = ptr:0x7ff326a00000
:3:rocvirtual.cpp           :778 : 4393526401280 us: [pid:4154523 tid: 0x7ff56a04a200] Arg0: void* buf = ptr:0x7ff326a00000 obj:[0x7ff326a00000-0x7ff343ec0000]
:3:rocvirtual.cpp           :762 : 4393526401297 us: [pid:4154523 tid: 0x7ff56a04a200] Arg1: uchar* pattern = ptr:0x7ff54d800000
:3:rocvirtual.cpp           :853 : 4393526401305 us: [pid:4154523 tid: 0x7ff56a04a200] Arg2: uint pattern_size = val:1
:3:rocvirtual.cpp           :853 : 4393526401311 us: [pid:4154523 tid: 0x7ff56a04a200] Arg3: uint alignment = val:16
:3:rocvirtual.cpp           :853 : 4393526401316 us: [pid:4154523 tid: 0x7ff56a04a200] Arg4: ulong end_ptr = val:140682793320448
:3:rocvirtual.cpp           :853 : 4393526401323 us: [pid:4154523 tid: 0x7ff56a04a200] Arg5: uint next_chunk = val:26624
:3:rocvirtual.cpp           :3236: 4393526401328 us: [pid:4154523 tid: 0x7ff56a04a200] ShaderName : __amd_rocclr_fillBufferAligned
:3:rocvirtual.cpp           :3449: 4393526401337 us: [pid:4154523 tid: 0x7ff56a04a200] KernargSegmentByteSize = 296 KernargSegmentAlignment = 128
:4:rocvirtual.cpp           :965 : 4393526401350 us: [pid:4154523 tid: 0x7ff56a04a200] SWq=0x7ff56a034000, HWq=0x7ff54da00000, id=1, Dispatch Header = 0x1502 (type=2, barrier=1, acquire=2, release=2), setup=1, grid=[26624, 1, 1], workgroup=[256, 1, 1], private_seg_size=0, group_seg_size=0, kernel_obj=0x7ff56a025d40, kernarg_address=0x7ff54d800100, completion_signal=0x0, correlation_id=0, rptr=164, wptr=164
:3:hip_memory.cpp           :3477: 4393526401371 us: [pid:4154523 tid: 0x7ff56a04a200] hipMemset: Returned hipSuccess : 
:3:hip_device_runtime.cpp   :641 : 4393526401377 us: [pid:4154523 tid: 0x7ff56a04a200] [32m hipDeviceSynchronize (  ) [0m
:4:commandqueue.cpp         :161 : 4393526401382 us: [pid:4154523 tid: 0x7ff56a04a200] Marker queued to ensure finish
:4:command.cpp              :359 : 4393526401387 us: [pid:4154523 tid: 0x7ff56a04a200] Command (InternalMarker) enqueued: 0x40310790
:3:rocvirtual.cpp           :533 : 4393526401904 us: [pid:4154523 tid: 0x7ff56a04a200] Set Handler: handle(0x7ff5609fc000), timestamp(0x40276c20)
:4:rocvirtual.cpp           :1147: 4393526401920 us: [pid:4154523 tid: 0x7ff56a04a200] SWq=0x7ff56a034000, HWq=0x7ff54da00000, id=1, BarrierAND Header = 0x1503 (type=3, barrier=1, acquire=2, release=2), dep_signal=[0x0, 0x0, 0x0, 0x0, 0x0], completion_signal=0x7ff5609fc000
:3:rocvirtual.hpp           :56  : 4393526401939 us: [pid:4154523 tid: 0x7ff56a04a200] Host active wait for Signal = (0x7ff5609fc000) for -1 ns
:4:commandqueue.cpp         :184 : 4393527262630 us: [pid:4154523 tid: 0x7ff56a04a200] All commands finished
:3:rocvirtual.cpp           :226 : 4393527262632 us: [pid:4154523 tid: 0x7ff42fbff6c0] Handler: value(0), timestamp(0x409d2d50), handle(0x7ff5609fc000)
:3:hip_device_runtime.cpp   :645 : 4393527262679 us: [pid:4154523 tid: 0x7ff56a04a200] hipDeviceSynchronize: Returned hipSuccess : 
:4:command.cpp              :169 : 4393527262698 us: [pid:4154523 tid: 0x7ff42fbff6c0] Command 0x40aa9a40 complete
:3:hip_platform.cpp         :237 : 4393527262715 us: [pid:4154523 tid: 0x7ff56a04a200] [32m __hipPushCallConfiguration ( {8,1,1}, {512,1,1}, 0, stream:<null> ) [0m
:4:command.cpp              :163 : 4393527262721 us: [pid:4154523 tid: 0x7ff42fbff6c0] Command 0x40310790 complete (Wall: 4393527262718, CPU: 0, GPU: 860842 us)
:3:hip_platform.cpp         :241 : 4393527262729 us: [pid:4154523 tid: 0x7ff56a04a200] __hipPushCallConfiguration: Returned hipSuccess : 
:3:hip_platform.cpp         :246 : 4393527262757 us: [pid:4154523 tid: 0x7ff56a04a200] [32m __hipPopCallConfiguration ( {1951258706,32757,512}, {2118224,0,278018480}, 0x7ffc10923700, 0x7ffc109236f8 ) [0m
:3:hip_platform.cpp         :255 : 4393527262768 us: [pid:4154523 tid: 0x7ff56a04a200] __hipPopCallConfiguration: Returned hipSuccess : 
:3:hip_module.cpp           :744 : 4393527262791 us: [pid:4154523 tid: 0x7ff56a04a200] [32m hipLaunchKernel ( 0x200fd8, {8,1,1}, {512,1,1}, 0x7ffc109236b0, 0, stream:<null> ) [0m
:4:command.cpp              :359 : 4393527262824 us: [pid:4154523 tid: 0x7ff56a04a200] Command (KernelExecution) enqueued: 0x40a93ca0
:3:rocvirtual.cpp           :762 : 4393527263252 us: [pid:4154523 tid: 0x7ff56a04a200] Arg0:   = ptr:0x7ff344200000
:3:rocvirtual.cpp           :778 : 4393527263267 us: [pid:4154523 tid: 0x7ff56a04a200] Arg0:   = ptr:0x7ff344200000 obj:[0x7ff344200000-0x7ff3616c0000]
:3:rocvirtual.cpp           :762 : 4393527263278 us: [pid:4154523 tid: 0x7ff56a04a200] Arg1:   = ptr:0x7ff54cc27000
:3:rocvirtual.cpp           :778 : 4393527263290 us: [pid:4154523 tid: 0x7ff56a04a200] Arg1:   = ptr:0x7ff54cc27000 obj:[0x7ff54cc27000-0x7ff54cc87000]
:3:rocvirtual.cpp           :762 : 4393527263300 us: [pid:4154523 tid: 0x7ff56a04a200] Arg2:   = ptr:0x7ff326a00000
:3:rocvirtual.cpp           :778 : 4393527263307 us: [pid:4154523 tid: 0x7ff56a04a200] Arg2:   = ptr:0x7ff326a00000 obj:[0x7ff326a00000-0x7ff343ec0000]
:3:rocvirtual.cpp           :853 : 4393527263325 us: [pid:4154523 tid: 0x7ff56a04a200] Arg3:   = val:12288
:3:rocvirtual.cpp           :762 : 4393527263332 us: [pid:4154523 tid: 0x7ff56a04a200] Arg4:   = ptr:0x7ff54cc00000
:3:rocvirtual.cpp           :778 : 4393527263338 us: [pid:4154523 tid: 0x7ff56a04a200] Arg4:   = ptr:0x7ff54cc00000 obj:[0x7ff54cc00000-0x7ff54cc00024]
:3:rocvirtual.cpp           :3236: 4393527263348 us: [pid:4154523 tid: 0x7ff56a04a200] ShaderName : void dense_esuhm<float>(float const*, float const*, float*, int, int const*)
:3:rocvirtual.cpp           :3449: 4393527263372 us: [pid:4154523 tid: 0x7ff56a04a200] KernargSegmentByteSize = 296 KernargSegmentAlignment = 128
:4:rocvirtual.cpp           :965 : 4393527263388 us: [pid:4154523 tid: 0x7ff56a04a200] SWq=0x7ff56a034000, HWq=0x7ff54da00000, id=1, Dispatch Header = 0xb02 (type=2, barrier=1, acquire=1, release=1), setup=3, grid=[4096, 1, 1], workgroup=[512, 1, 1], private_seg_size=140, group_seg_size=0, kernel_obj=0x7ff560a91980, kernarg_address=0x7ff54d800280, completion_signal=0x0, correlation_id=0, rptr=166, wptr=166
:3:hip_module.cpp           :745 : 4393527263407 us: [pid:4154523 tid: 0x7ff56a04a200] hipLaunchKernel: Returned hipSuccess : : duration: 616 us
:3:hip_device_runtime.cpp   :641 : 4393527263419 us: [pid:4154523 tid: 0x7ff56a04a200] [32m hipDeviceSynchronize (  ) [0m
:4:commandqueue.cpp         :161 : 4393527263426 us: [pid:4154523 tid: 0x7ff56a04a200] Marker queued to ensure finish
:4:command.cpp              :359 : 4393527263433 us: [pid:4154523 tid: 0x7ff56a04a200] Command (InternalMarker) enqueued: 0x40310790
:3:rocvirtual.cpp           :533 : 4393527263450 us: [pid:4154523 tid: 0x7ff56a04a200] Set Handler: handle(0x7ff5609fc280), timestamp(0x40a940b0)
:4:rocvirtual.cpp           :1147: 4393527263461 us: [pid:4154523 tid: 0x7ff56a04a200] SWq=0x7ff56a034000, HWq=0x7ff54da00000, id=1, BarrierAND Header = 0x1503 (type=3, barrier=1, acquire=2, release=2), dep_signal=[0x0, 0x0, 0x0, 0x0, 0x0], completion_signal=0x7ff5609fc280
:3:rocvirtual.hpp           :56  : 4393527263476 us: [pid:4154523 tid: 0x7ff56a04a200] Host active wait for Signal = (0x7ff5609fc280) for -1 ns
:3:rocvirtual.cpp           :226 : 4393527263879 us: [pid:4154523 tid: 0x7ff42fbff6c0] Handler: value(0), timestamp(0x4089f4a0), handle(0x7ff5609fc280)
:4:commandqueue.cpp         :184 : 4393527263880 us: [pid:4154523 tid: 0x7ff56a04a200] All commands finished
:3:hip_device_runtime.cpp   :645 : 4393527264251 us: [pid:4154523 tid: 0x7ff56a04a200] hipDeviceSynchronize: Returned hipSuccess : 
:4:command.cpp              :169 : 4393527264231 us: [pid:4154523 tid: 0x7ff42fbff6c0] Command 0x40a93ca0 complete
:3:hip_memory.cpp           :795 : 4393527264272 us: [pid:4154523 tid: 0x7ff56a04a200] [32m hipMemcpy ( 0x7ff3b967e010, 0x7ff326a00000, 491520000, hipMemcpyDeviceToHost ) [0m
:4:command.cpp              :163 : 4393527264275 us: [pid:4154523 tid: 0x7ff42fbff6c0] Command 0x40310790 complete (Wall: 4393527264273, CPU: 0, GPU: 830 us)
:4:command.cpp              :359 : 4393527264294 us: [pid:4154523 tid: 0x7ff56a04a200] Command (CopyDeviceToHost) enqueued: 0x4035b750
:4:rocblit.cpp              :1673: 4393527264307 us: [pid:4154523 tid: 0x7ff56a04a200] Unpinned read path, Async = 0
:4:rocmemory.cpp            :1018: 4393527264332 us: [pid:4154523 tid: 0x7ff56a04a200] Locking to pool 0x4017aed0, size 0x2001000, HostPtr = 0x7ff3b967e000, DevPtr = 0x7ff3b967e000
:4:rocblit.cpp              :623 : 4393527264724 us: [pid:4154523 tid: 0x7ff56a04a200] HSA Copy Using Pinned resource size 33554432
:4:rocblit.cpp              :687 : 4393527264734 us: [pid:4154523 tid: 0x7ff56a04a200] HSA Async Copy staged D2H
:4:rocblit.cpp              :503 : 4393527264742 us: [pid:4154523 tid: 0x7ff56a04a200] Last copy mask 0x0
:4:rocblit.cpp              :509 : 4393527264752 us: [pid:4154523 tid: 0x7ff56a04a200] Query copy engine status 0, free_engine mask 0x1e
:4:rocblit.cpp              :520 : 4393527264762 us: [pid:4154523 tid: 0x7ff56a04a200] HSA Async Copy on copy_engine=0x2, dst=0x7ff3b967e010, src=0x7ff326a00000, size=33554432, forceSDMA=0, wait_event=0x0, completion_signal=0x7ff5609ff480
:4:rocvirtual.cpp           :622 : 4393527264776 us: [pid:4154523 tid: 0x7ff56a04a200] Host wait on completion_signal=0x7ff5609ff480
:3:rocvirtual.hpp           :56  : 4393527264786 us: [pid:4154523 tid: 0x7ff56a04a200] Host active wait for Signal = (0x7ff5609ff480) for -1 ns
:4:rocmemory.cpp            :1018: 4393527265993 us: [pid:4154523 tid: 0x7ff56a04a200] Locking to pool 0x4017aed0, size 0x2001000, HostPtr = 0x7ff3bb67e000, DevPtr = 0x7ff3bb67e000
:4:rocblit.cpp              :623 : 4393527266022 us: [pid:4154523 tid: 0x7ff56a04a200] HSA Copy Using Pinned resource size 33554432
:4:rocblit.cpp              :687 : 4393527266039 us: [pid:4154523 tid: 0x7ff56a04a200] HSA Async Copy staged D2H
:4:rocblit.cpp              :503 : 4393527266046 us: [pid:4154523 tid: 0x7ff56a04a200] Last copy mask 0x2
:4:rocblit.cpp              :520 : 4393527266053 us: [pid:4154523 tid: 0x7ff56a04a200] HSA Async Copy on copy_engine=0x2, dst=0x7ff3bb67e010, src=0x7ff328a00000, size=33554432, forceSDMA=0, wait_event=0x0, completion_signal=0x7ff5609fd900
:4:rocvirtual.cpp           :622 : 4393527266065 us: [pid:4154523 tid: 0x7ff56a04a200] Host wait on completion_signal=0x7ff5609fd900
:3:rocvirtual.hpp           :56  : 4393527266076 us: [pid:4154523 tid: 0x7ff56a04a200] Host active wait for Signal = (0x7ff5609fd900) for -1 ns
:4:rocmemory.cpp            :1018: 4393527267280 us: [pid:4154523 tid: 0x7ff56a04a200] Locking to pool 0x4017aed0, size 0x2001000, HostPtr = 0x7ff3bd67e000, DevPtr = 0x7ff3bd67e000
:4:rocblit.cpp              :623 : 4393527267297 us: [pid:4154523 tid: 0x7ff56a04a200] HSA Copy Using Pinned resource size 33554432
:4:rocblit.cpp              :687 : 4393527267307 us: [pid:4154523 tid: 0x7ff56a04a200] HSA Async Copy staged D2H
:4:rocblit.cpp              :503 : 4393527267314 us: [pid:4154523 tid: 0x7ff56a04a200] Last copy mask 0x2
:4:rocblit.cpp              :520 : 4393527267320 us: [pid:4154523 tid: 0x7ff56a04a200] HSA Async Copy on copy_engine=0x2, dst=0x7ff3bd67e010, src=0x7ff32aa00000, size=33554432, forceSDMA=0, wait_event=0x0, completion_signal=0x7ff5609fe280
:4:rocvirtual.cpp           :622 : 4393527267333 us: [pid:4154523 tid: 0x7ff56a04a200] Host wait on completion_signal=0x7ff5609fe280
:3:rocvirtual.hpp           :56  : 4393527267343 us: [pid:4154523 tid: 0x7ff56a04a200] Host active wait for Signal = (0x7ff5609fe280) for -1 ns
:4:rocmemory.cpp            :1018: 4393527268556 us: [pid:4154523 tid: 0x7ff56a04a200] Locking to pool 0x4017aed0, size 0x2001000, HostPtr = 0x7ff3bf67e000, DevPtr = 0x7ff3bf67e000
:4:rocblit.cpp              :623 : 4393527268572 us: [pid:4154523 tid: 0x7ff56a04a200] HSA Copy Using Pinned resource size 33554432
:4:rocblit.cpp              :687 : 4393527268581 us: [pid:4154523 tid: 0x7ff56a04a200] HSA Async Copy staged D2H
:4:rocblit.cpp              :503 : 4393527268593 us: [pid:4154523 tid: 0x7ff56a04a200] Last copy mask 0x2
:4:rocblit.cpp              :520 : 4393527268600 us: [pid:4154523 tid: 0x7ff56a04a200] HSA Async Copy on copy_engine=0x2, dst=0x7ff3bf67e010, src=0x7ff32ca00000, size=33554432, forceSDMA=0, wait_event=0x0, completion_signal=0x7ff5609fe300
:4:rocvirtual.cpp           :622 : 4393527269075 us: [pid:4154523 tid: 0x7ff56a04a200] Host wait on completion_signal=0x7ff5609fe300
:3:rocvirtual.hpp           :56  : 4393527269087 us: [pid:4154523 tid: 0x7ff56a04a200] Host active wait for Signal = (0x7ff5609fe300) for -1 ns
:4:rocmemory.cpp            :1018: 4393527270280 us: [pid:4154523 tid: 0x7ff56a04a200] Locking to pool 0x4017aed0, size 0x2001000, HostPtr = 0x7ff3c167e000, DevPtr = 0x7ff3c167e000
:4:rocblit.cpp              :623 : 4393527270299 us: [pid:4154523 tid: 0x7ff56a04a200] HSA Copy Using Pinned resource size 33554432
:4:rocblit.cpp              :687 : 4393527270746 us: [pid:4154523 tid: 0x7ff56a04a200] HSA Async Copy staged D2H
:4:rocblit.cpp              :503 : 4393527270755 us: [pid:4154523 tid: 0x7ff56a04a200] Last copy mask 0x2
:4:rocblit.cpp              :520 : 4393527270761 us: [pid:4154523 tid: 0x7ff56a04a200] HSA Async Copy on copy_engine=0x2, dst=0x7ff3c167e010, src=0x7ff32ea00000, size=33554432, forceSDMA=0, wait_event=0x0, completion_signal=0x7ff5609fe400
:4:rocvirtual.cpp           :622 : 4393527270772 us: [pid:4154523 tid: 0x7ff56a04a200] Host wait on completion_signal=0x7ff5609fe400
:3:rocvirtual.hpp           :56  : 4393527270780 us: [pid:4154523 tid: 0x7ff56a04a200] Host active wait for Signal = (0x7ff5609fe400) for -1 ns
:4:rocmemory.cpp            :1018: 4393527272032 us: [pid:4154523 tid: 0x7ff56a04a200] Locking to pool 0x4017aed0, size 0x2001000, HostPtr = 0x7ff3c367e000, DevPtr = 0x7ff3c367e000
:4:rocblit.cpp              :623 : 4393527272055 us: [pid:4154523 tid: 0x7ff56a04a200] HSA Copy Using Pinned resource size 33554432
:4:rocblit.cpp              :687 : 4393527272062 us: [pid:4154523 tid: 0x7ff56a04a200] HSA Async Copy staged D2H
:4:rocblit.cpp              :503 : 4393527272067 us: [pid:4154523 tid: 0x7ff56a04a200] Last copy mask 0x2
:4:rocblit.cpp              :520 : 4393527272072 us: [pid:4154523 tid: 0x7ff56a04a200] HSA Async Copy on copy_engine=0x2, dst=0x7ff3c367e010, src=0x7ff330a00000, size=33554432, forceSDMA=0, wait_event=0x0, completion_signal=0x7ff5609ff380
:4:rocvirtual.cpp           :622 : 4393527272081 us: [pid:4154523 tid: 0x7ff56a04a200] Host wait on completion_signal=0x7ff5609ff380
:3:rocvirtual.hpp           :56  : 4393527272088 us: [pid:4154523 tid: 0x7ff56a04a200] Host active wait for Signal = (0x7ff5609ff380) for -1 ns
:4:rocmemory.cpp            :1018: 4393527273288 us: [pid:4154523 tid: 0x7ff56a04a200] Locking to pool 0x4017aed0, size 0x2001000, HostPtr = 0x7ff3c567e000, DevPtr = 0x7ff3c567e000
:4:rocblit.cpp              :623 : 4393527273310 us: [pid:4154523 tid: 0x7ff56a04a200] HSA Copy Using Pinned resource size 33554432
:4:rocblit.cpp              :687 : 4393527273318 us: [pid:4154523 tid: 0x7ff56a04a200] HSA Async Copy staged D2H
:4:rocblit.cpp              :503 : 4393527273326 us: [pid:4154523 tid: 0x7ff56a04a200] Last copy mask 0x2
:4:rocblit.cpp              :520 : 4393527273332 us: [pid:4154523 tid: 0x7ff56a04a200] HSA Async Copy on copy_engine=0x2, dst=0x7ff3c567e010, src=0x7ff332a00000, size=33554432, forceSDMA=0, wait_event=0x0, completion_signal=0x7ff5609ff180
:4:rocvirtual.cpp           :622 : 4393527273342 us: [pid:4154523 tid: 0x7ff56a04a200] Host wait on completion_signal=0x7ff5609ff180
:3:rocvirtual.hpp           :56  : 4393527273350 us: [pid:4154523 tid: 0x7ff56a04a200] Host active wait for Signal = (0x7ff5609ff180) for -1 ns
:4:rocmemory.cpp            :1018: 4393527274552 us: [pid:4154523 tid: 0x7ff56a04a200] Locking to pool 0x4017aed0, size 0x2001000, HostPtr = 0x7ff3c767e000, DevPtr = 0x7ff3c767e000
:4:rocblit.cpp              :623 : 4393527274561 us: [pid:4154523 tid: 0x7ff56a04a200] HSA Copy Using Pinned resource size 33554432
:4:rocblit.cpp              :687 : 4393527274569 us: [pid:4154523 tid: 0x7ff56a04a200] HSA Async Copy staged D2H
:4:rocblit.cpp              :503 : 4393527274579 us: [pid:4154523 tid: 0x7ff56a04a200] Last copy mask 0x2
:4:rocblit.cpp              :520 : 4393527274584 us: [pid:4154523 tid: 0x7ff56a04a200] HSA Async Copy on copy_engine=0x2, dst=0x7ff3c767e010, src=0x7ff334a00000, size=33554432, forceSDMA=0, wait_event=0x0, completion_signal=0x7ff5609ff680
:4:rocvirtual.cpp           :622 : 4393527274595 us: [pid:4154523 tid: 0x7ff56a04a200] Host wait on completion_signal=0x7ff5609ff680
:3:rocvirtual.hpp           :56  : 4393527274605 us: [pid:4154523 tid: 0x7ff56a04a200] Host active wait for Signal = (0x7ff5609ff680) for -1 ns
:4:rocmemory.cpp            :1018: 4393527275800 us: [pid:4154523 tid: 0x7ff56a04a200] Locking to pool 0x4017aed0, size 0x2001000, HostPtr = 0x7ff3c967e000, DevPtr = 0x7ff3c967e000
:4:rocblit.cpp              :623 : 4393527275813 us: [pid:4154523 tid: 0x7ff56a04a200] HSA Copy Using Pinned resource size 33554432
:4:rocblit.cpp              :687 : 4393527275822 us: [pid:4154523 tid: 0x7ff56a04a200] HSA Async Copy staged D2H
:4:rocblit.cpp              :503 : 4393527275827 us: [pid:4154523 tid: 0x7ff56a04a200] Last copy mask 0x2
:4:rocblit.cpp              :520 : 4393527275832 us: [pid:4154523 tid: 0x7ff56a04a200] HSA Async Copy on copy_engine=0x2, dst=0x7ff3c967e010, src=0x7ff336a00000, size=33554432, forceSDMA=0, wait_event=0x0, completion_signal=0x7ff5609fef00
:4:rocvirtual.cpp           :622 : 4393527275840 us: [pid:4154523 tid: 0x7ff56a04a200] Host wait on completion_signal=0x7ff5609fef00
:3:rocvirtual.hpp           :56  : 4393527275847 us: [pid:4154523 tid: 0x7ff56a04a200] Host active wait for Signal = (0x7ff5609fef00) for -1 ns
:4:rocmemory.cpp            :1018: 4393527277090 us: [pid:4154523 tid: 0x7ff56a04a200] Locking to pool 0x4017aed0, size 0x2001000, HostPtr = 0x7ff3cb67e000, DevPtr = 0x7ff3cb67e000
:4:rocblit.cpp              :623 : 4393527277102 us: [pid:4154523 tid: 0x7ff56a04a200] HSA Copy Using Pinned resource size 33554432
:4:rocblit.cpp              :687 : 4393527277109 us: [pid:4154523 tid: 0x7ff56a04a200] HSA Async Copy staged D2H
:4:rocblit.cpp              :503 : 4393527277121 us: [pid:4154523 tid: 0x7ff56a04a200] Last copy mask 0x2
:4:rocblit.cpp              :520 : 4393527277127 us: [pid:4154523 tid: 0x7ff56a04a200] HSA Async Copy on copy_engine=0x2, dst=0x7ff3cb67e010, src=0x7ff338a00000, size=33554432, forceSDMA=0, wait_event=0x0, completion_signal=0x7ff5609ff800
:4:rocvirtual.cpp           :622 : 4393527277138 us: [pid:4154523 tid: 0x7ff56a04a200] Host wait on completion_signal=0x7ff5609ff800
:3:rocvirtual.hpp           :56  : 4393527277149 us: [pid:4154523 tid: 0x7ff56a04a200] Host active wait for Signal = (0x7ff5609ff800) for -1 ns
:4:rocmemory.cpp            :1018: 4393527278377 us: [pid:4154523 tid: 0x7ff56a04a200] Locking to pool 0x4017aed0, size 0x2001000, HostPtr = 0x7ff3cd67e000, DevPtr = 0x7ff3cd67e000
:4:rocblit.cpp              :623 : 4393527278388 us: [pid:4154523 tid: 0x7ff56a04a200] HSA Copy Using Pinned resource size 33554432
:4:rocblit.cpp              :687 : 4393527278395 us: [pid:4154523 tid: 0x7ff56a04a200] HSA Async Copy staged D2H
:4:rocblit.cpp              :503 : 4393527278399 us: [pid:4154523 tid: 0x7ff56a04a200] Last copy mask 0x2
:4:rocblit.cpp              :520 : 4393527278404 us: [pid:4154523 tid: 0x7ff56a04a200] HSA Async Copy on copy_engine=0x2, dst=0x7ff3cd67e010, src=0x7ff33aa00000, size=33554432, forceSDMA=0, wait_event=0x0, completion_signal=0x7ff5609fe600
:4:rocvirtual.cpp           :622 : 4393527278419 us: [pid:4154523 tid: 0x7ff56a04a200] Host wait on completion_signal=0x7ff5609fe600
:3:rocvirtual.hpp           :56  : 4393527278427 us: [pid:4154523 tid: 0x7ff56a04a200] Host active wait for Signal = (0x7ff5609fe600) for -1 ns
:4:rocmemory.cpp            :1018: 4393527279628 us: [pid:4154523 tid: 0x7ff56a04a200] Locking to pool 0x4017aed0, size 0x2001000, HostPtr = 0x7ff3cf67e000, DevPtr = 0x7ff3cf67e000
:4:rocblit.cpp              :623 : 4393527279639 us: [pid:4154523 tid: 0x7ff56a04a200] HSA Copy Using Pinned resource size 33554432
:4:rocblit.cpp              :687 : 4393527279646 us: [pid:4154523 tid: 0x7ff56a04a200] HSA Async Copy staged D2H
:4:rocblit.cpp              :503 : 4393527279651 us: [pid:4154523 tid: 0x7ff56a04a200] Last copy mask 0x2
:4:rocblit.cpp              :520 : 4393527279656 us: [pid:4154523 tid: 0x7ff56a04a200] HSA Async Copy on copy_engine=0x2, dst=0x7ff3cf67e010, src=0x7ff33ca00000, size=33554432, forceSDMA=0, wait_event=0x0, completion_signal=0x7ff5609fef80
:4:rocvirtual.cpp           :622 : 4393527279664 us: [pid:4154523 tid: 0x7ff56a04a200] Host wait on completion_signal=0x7ff5609fef80
:3:rocvirtual.hpp           :56  : 4393527279677 us: [pid:4154523 tid: 0x7ff56a04a200] Host active wait for Signal = (0x7ff5609fef80) for -1 ns
:4:rocmemory.cpp            :1018: 4393527280866 us: [pid:4154523 tid: 0x7ff56a04a200] Locking to pool 0x4017aed0, size 0x2001000, HostPtr = 0x7ff3d167e000, DevPtr = 0x7ff3d167e000
:4:rocblit.cpp              :623 : 4393527280876 us: [pid:4154523 tid: 0x7ff56a04a200] HSA Copy Using Pinned resource size 33554432
:4:rocblit.cpp              :687 : 4393527280883 us: [pid:4154523 tid: 0x7ff56a04a200] HSA Async Copy staged D2H
:4:rocblit.cpp              :503 : 4393527280888 us: [pid:4154523 tid: 0x7ff56a04a200] Last copy mask 0x2
:4:rocblit.cpp              :520 : 4393527280893 us: [pid:4154523 tid: 0x7ff56a04a200] HSA Async Copy on copy_engine=0x2, dst=0x7ff3d167e010, src=0x7ff33ea00000, size=33554432, forceSDMA=0, wait_event=0x0, completion_signal=0x7ff5609fda00
:4:rocvirtual.cpp           :622 : 4393527280901 us: [pid:4154523 tid: 0x7ff56a04a200] Host wait on completion_signal=0x7ff5609fda00
:3:rocvirtual.hpp           :56  : 4393527280908 us: [pid:4154523 tid: 0x7ff56a04a200] Host active wait for Signal = (0x7ff5609fda00) for -1 ns
:4:rocmemory.cpp            :1018: 4393527282114 us: [pid:4154523 tid: 0x7ff56a04a200] Locking to pool 0x4017aed0, size 0x2001000, HostPtr = 0x7ff3d367e000, DevPtr = 0x7ff3d367e000
:4:rocblit.cpp              :623 : 4393527282139 us: [pid:4154523 tid: 0x7ff56a04a200] HSA Copy Using Pinned resource size 33554432
:4:rocblit.cpp              :687 : 4393527282149 us: [pid:4154523 tid: 0x7ff56a04a200] HSA Async Copy staged D2H
:4:rocblit.cpp              :503 : 4393527282156 us: [pid:4154523 tid: 0x7ff56a04a200] Last copy mask 0x2
:4:rocblit.cpp              :520 : 4393527282162 us: [pid:4154523 tid: 0x7ff56a04a200] HSA Async Copy on copy_engine=0x2, dst=0x7ff3d367e010, src=0x7ff340a00000, size=33554432, forceSDMA=0, wait_event=0x0, completion_signal=0x7ff5609fdb00
:4:rocvirtual.cpp           :622 : 4393527282171 us: [pid:4154523 tid: 0x7ff56a04a200] Host wait on completion_signal=0x7ff5609fdb00
:3:rocvirtual.hpp           :56  : 4393527282179 us: [pid:4154523 tid: 0x7ff56a04a200] Host active wait for Signal = (0x7ff5609fdb00) for -1 ns
:4:rocmemory.cpp            :1018: 4393527283373 us: [pid:4154523 tid: 0x7ff56a04a200] Locking to pool 0x4017aed0, size 0x14c1000, HostPtr = 0x7ff3d567e000, DevPtr = 0x7ff3d567e000
:4:rocblit.cpp              :623 : 4393527283384 us: [pid:4154523 tid: 0x7ff56a04a200] HSA Copy Using Pinned resource size 21757952
:4:rocblit.cpp              :687 : 4393527283402 us: [pid:4154523 tid: 0x7ff56a04a200] HSA Async Copy staged D2H
:4:rocblit.cpp              :503 : 4393527283408 us: [pid:4154523 tid: 0x7ff56a04a200] Last copy mask 0x2
:4:rocblit.cpp              :520 : 4393527283415 us: [pid:4154523 tid: 0x7ff56a04a200] HSA Async Copy on copy_engine=0x2, dst=0x7ff3d567e010, src=0x7ff342a00000, size=21757952, forceSDMA=0, wait_event=0x0, completion_signal=0x7ff5609fe500
:4:rocvirtual.cpp           :622 : 4393527283423 us: [pid:4154523 tid: 0x7ff56a04a200] Host wait on completion_signal=0x7ff5609fe500
:3:rocvirtual.hpp           :56  : 4393527283431 us: [pid:4154523 tid: 0x7ff56a04a200] Host active wait for Signal = (0x7ff5609fe500) for -1 ns
:4:commandqueue.cpp         :161 : 4393527284222 us: [pid:4154523 tid: 0x7ff56a04a200] Marker queued to ensure finish
:4:command.cpp              :359 : 4393527284234 us: [pid:4154523 tid: 0x7ff56a04a200] Command (InternalMarker) enqueued: 0x40310790
:3:rocvirtual.cpp           :533 : 4393527284247 us: [pid:4154523 tid: 0x7ff56a04a200] Set Handler: handle(0x7ff5609fbe80), timestamp(0x4035ba20)
:4:rocvirtual.cpp           :1147: 4393527284256 us: [pid:4154523 tid: 0x7ff56a04a200] SWq=0x7ff56a034000, HWq=0x7ff54da00000, id=1, BarrierAND Header = 0x1503 (type=3, barrier=1, acquire=2, release=2), dep_signal=[0x0, 0x0, 0x0, 0x0, 0x0], completion_signal=0x7ff5609fbe80
:3:rocvirtual.hpp           :56  : 4393527284267 us: [pid:4154523 tid: 0x7ff56a04a200] Host active wait for Signal = (0x7ff5609fbe80) for -1 ns
:3:rocvirtual.cpp           :226 : 4393527284273 us: [pid:4154523 tid: 0x7ff42fbff6c0] Handler: value(0), timestamp(0x4089f4a0), handle(0x7ff5609fbe80)
:4:command.cpp              :169 : 4393527284290 us: [pid:4154523 tid: 0x7ff42fbff6c0] Command 0x4035b750 complete
:4:commandqueue.cpp         :184 : 4393527284274 us: [pid:4154523 tid: 0x7ff56a04a200] All commands finished
:3:hip_memory.cpp           :796 : 4393527284305 us: [pid:4154523 tid: 0x7ff56a04a200] hipMemcpy: Returned hipSuccess : : duration: 20033 us
:4:command.cpp              :163 : 4393527284298 us: [pid:4154523 tid: 0x7ff42fbff6c0] Command 0x40310790 complete (Wall: 4393527284296, CPU: 0, GPU: 54 us)
:3:hip_memory.cpp           :3476: 4393527284318 us: [pid:4154523 tid: 0x7ff56a04a200] [32m hipMemset ( 0x7ff326a00000, 0, 491520000 ) [0m
:4:command.cpp              :359 : 4393527284359 us: [pid:4154523 tid: 0x7ff56a04a200] Command (FillBuffer) enqueued: 0x40aa9a40
:3:rocvirtual.cpp           :762 : 4393527284727 us: [pid:4154523 tid: 0x7ff56a04a200] Arg0: void* buf = ptr:0x7ff326a00000
:3:rocvirtual.cpp           :778 : 4393527284737 us: [pid:4154523 tid: 0x7ff56a04a200] Arg0: void* buf = ptr:0x7ff326a00000 obj:[0x7ff326a00000-0x7ff343ec0000]
:3:rocvirtual.cpp           :762 : 4393527284745 us: [pid:4154523 tid: 0x7ff56a04a200] Arg1: uchar* pattern = ptr:0x7ff54d800000
:3:rocvirtual.cpp           :853 : 4393527284753 us: [pid:4154523 tid: 0x7ff56a04a200] Arg2: uint pattern_size = val:1
:3:rocvirtual.cpp           :853 : 4393527284758 us: [pid:4154523 tid: 0x7ff56a04a200] Arg3: uint alignment = val:16
:3:rocvirtual.cpp           :853 : 4393527284765 us: [pid:4154523 tid: 0x7ff56a04a200] Arg4: ulong end_ptr = val:140682793320448
:3:rocvirtual.cpp           :853 : 4393527284780 us: [pid:4154523 tid: 0x7ff56a04a200] Arg5: uint next_chunk = val:26624
:3:rocvirtual.cpp           :3236: 4393527284785 us: [pid:4154523 tid: 0x7ff56a04a200] ShaderName : __amd_rocclr_fillBufferAligned
:3:rocvirtual.cpp           :3449: 4393527284793 us: [pid:4154523 tid: 0x7ff56a04a200] KernargSegmentByteSize = 296 KernargSegmentAlignment = 128
:4:rocvirtual.cpp           :965 : 4393527284802 us: [pid:4154523 tid: 0x7ff56a04a200] SWq=0x7ff56a034000, HWq=0x7ff54da00000, id=1, Dispatch Header = 0x1502 (type=2, barrier=1, acquire=2, release=2), setup=1, grid=[26624, 1, 1], workgroup=[256, 1, 1], private_seg_size=0, group_seg_size=0, kernel_obj=0x7ff56a025d40, kernarg_address=0x7ff54d800100, completion_signal=0x0, correlation_id=0, rptr=169, wptr=169
:3:hip_memory.cpp           :3477: 4393527284818 us: [pid:4154523 tid: 0x7ff56a04a200] hipMemset: Returned hipSuccess : 
:3:hip_device_runtime.cpp   :641 : 4393527284823 us: [pid:4154523 tid: 0x7ff56a04a200] [32m hipDeviceSynchronize (  ) [0m
:4:commandqueue.cpp         :161 : 4393527284831 us: [pid:4154523 tid: 0x7ff56a04a200] Marker queued to ensure finish
:4:command.cpp              :359 : 4393527284837 us: [pid:4154523 tid: 0x7ff56a04a200] Command (InternalMarker) enqueued: 0x40310790
:3:rocvirtual.cpp           :533 : 4393527284854 us: [pid:4154523 tid: 0x7ff56a04a200] Set Handler: handle(0x7ff5609fbf00), timestamp(0x403109e0)
:4:rocvirtual.cpp           :1147: 4393527285535 us: [pid:4154523 tid: 0x7ff56a04a200] SWq=0x7ff56a034000, HWq=0x7ff54da00000, id=1, BarrierAND Header = 0x1503 (type=3, barrier=1, acquire=2, release=2), dep_signal=[0x0, 0x0, 0x0, 0x0, 0x0], completion_signal=0x7ff5609fbf00
:4:commandqueue.cpp         :184 : 4393527285566 us: [pid:4154523 tid: 0x7ff56a04a200] All commands finished
:3:hip_device_runtime.cpp   :645 : 4393527285578 us: [pid:4154523 tid: 0x7ff56a04a200] hipDeviceSynchronize: Returned hipSuccess : 
:3:rocvirtual.cpp           :226 : 4393527285537 us: [pid:4154523 tid: 0x7ff42fbff6c0] Handler: value(0), timestamp(0x40310930), handle(0x7ff5609fbf00)
:4:command.cpp              :169 : 4393527285633 us: [pid:4154523 tid: 0x7ff42fbff6c0] Command 0x40aa9a40 complete
:4:command.cpp              :163 : 4393527285644 us: [pid:4154523 tid: 0x7ff42fbff6c0] Command 0x40310790 complete (Wall: 4393527285641, CPU: 0, GPU: 792 us)
:3:hip_platform.cpp         :237 : 4393527285617 us: [pid:4154523 tid: 0x7ff56a04a200] [32m __hipPushCallConfiguration ( {8,1,1}, {512,1,1}, 0, stream:<null> ) [0m
:3:hip_platform.cpp         :241 : 4393527285676 us: [pid:4154523 tid: 0x7ff56a04a200] __hipPushCallConfiguration: Returned hipSuccess : 
:3:hip_platform.cpp         :246 : 4393527285687 us: [pid:4154523 tid: 0x7ff56a04a200] [32m __hipPopCallConfiguration ( {1951258706,32757,512}, {2118224,0,278018480}, 0x7ffc10923700, 0x7ffc109236f8 ) [0m
:3:hip_platform.cpp         :255 : 4393527285694 us: [pid:4154523 tid: 0x7ff56a04a200] __hipPopCallConfiguration: Returned hipSuccess : 
:3:hip_module.cpp           :744 : 4393527285705 us: [pid:4154523 tid: 0x7ff56a04a200] [32m hipLaunchKernel ( 0x200fe0, {8,1,1}, {512,1,1}, 0x7ffc109236b0, 0, stream:<null> ) [0m
:4:command.cpp              :359 : 4393527286171 us: [pid:4154523 tid: 0x7ff56a04a200] Command (KernelExecution) enqueued: 0x4035b750
:3:rocvirtual.cpp           :762 : 4393527286181 us: [pid:4154523 tid: 0x7ff56a04a200] Arg0:   = ptr:0x7ff344200000
:3:rocvirtual.cpp           :778 : 4393527286192 us: [pid:4154523 tid: 0x7ff56a04a200] Arg0:   = ptr:0x7ff344200000 obj:[0x7ff344200000-0x7ff3616c0000]
:3:rocvirtual.cpp           :762 : 4393527286211 us: [pid:4154523 tid: 0x7ff56a04a200] Arg1:   = ptr:0x7ff54cc27000
:3:rocvirtual.cpp           :778 : 4393527286218 us: [pid:4154523 tid: 0x7ff56a04a200] Arg1:   = ptr:0x7ff54cc27000 obj:[0x7ff54cc27000-0x7ff54cc87000]
:3:rocvirtual.cpp           :762 : 4393527286227 us: [pid:4154523 tid: 0x7ff56a04a200] Arg2:   = ptr:0x7ff326a00000
:3:rocvirtual.cpp           :778 : 4393527286241 us: [pid:4154523 tid: 0x7ff56a04a200] Arg2:   = ptr:0x7ff326a00000 obj:[0x7ff326a00000-0x7ff343ec0000]
:3:rocvirtual.cpp           :853 : 4393527286252 us: [pid:4154523 tid: 0x7ff56a04a200] Arg3:   = val:12288
:3:rocvirtual.cpp           :762 : 4393527286259 us: [pid:4154523 tid: 0x7ff56a04a200] Arg4:   = ptr:0x7ff54cc00000
:3:rocvirtual.cpp           :778 : 4393527286275 us: [pid:4154523 tid: 0x7ff56a04a200] Arg4:   = ptr:0x7ff54cc00000 obj:[0x7ff54cc00000-0x7ff54cc00024]
:3:rocvirtual.cpp           :3236: 4393527286292 us: [pid:4154523 tid: 0x7ff56a04a200] ShaderName : void dense_esuhm2<float>(float const*, float const*, float*, int, int const*)
:3:rocvirtual.cpp           :3449: 4393527286303 us: [pid:4154523 tid: 0x7ff56a04a200] KernargSegmentByteSize = 296 KernargSegmentAlignment = 128
:4:rocvirtual.cpp           :965 : 4393527286325 us: [pid:4154523 tid: 0x7ff56a04a200] SWq=0x7ff56a034000, HWq=0x7ff54da00000, id=1, Dispatch Header = 0xb02 (type=2, barrier=1, acquire=1, release=1), setup=3, grid=[4096, 1, 1], workgroup=[512, 1, 1], private_seg_size=140, group_seg_size=0, kernel_obj=0x7ff560a919c0, kernarg_address=0x7ff54d800280, completion_signal=0x0, correlation_id=0, rptr=171, wptr=171
:3:hip_module.cpp           :745 : 4393527286348 us: [pid:4154523 tid: 0x7ff56a04a200] hipLaunchKernel: Returned hipSuccess : : duration: 643 us
:3:hip_device_runtime.cpp   :641 : 4393527286779 us: [pid:4154523 tid: 0x7ff56a04a200] [32m hipDeviceSynchronize (  ) [0m
:4:commandqueue.cpp         :161 : 4393527286785 us: [pid:4154523 tid: 0x7ff56a04a200] Marker queued to ensure finish
:4:command.cpp              :359 : 4393527286790 us: [pid:4154523 tid: 0x7ff56a04a200] Command (InternalMarker) enqueued: 0x40310790
:3:rocvirtual.cpp           :533 : 4393527286803 us: [pid:4154523 tid: 0x7ff56a04a200] Set Handler: handle(0x7ff5609fd700), timestamp(0x40a163b0)
:4:rocvirtual.cpp           :1147: 4393527286811 us: [pid:4154523 tid: 0x7ff56a04a200] SWq=0x7ff56a034000, HWq=0x7ff54da00000, id=1, BarrierAND Header = 0x1503 (type=3, barrier=1, acquire=2, release=2), dep_signal=[0x0, 0x0, 0x0, 0x0, 0x0], completion_signal=0x7ff5609fd700
:3:rocvirtual.hpp           :56  : 4393527286822 us: [pid:4154523 tid: 0x7ff56a04a200] Host active wait for Signal = (0x7ff5609fd700) for -1 ns
:3:rocvirtual.cpp           :226 : 4393527286828 us: [pid:4154523 tid: 0x7ff42fbff6c0] Handler: value(0), timestamp(0x40279b00), handle(0x7ff5609fd700)
:4:command.cpp              :169 : 4393527286842 us: [pid:4154523 tid: 0x7ff42fbff6c0] Command 0x4035b750 complete
:4:commandqueue.cpp         :184 : 4393527286830 us: [pid:4154523 tid: 0x7ff56a04a200] All commands finished
:3:hip_device_runtime.cpp   :645 : 4393527286857 us: [pid:4154523 tid: 0x7ff56a04a200] hipDeviceSynchronize: Returned hipSuccess : 
:4:command.cpp              :163 : 4393527286850 us: [pid:4154523 tid: 0x7ff42fbff6c0] Command 0x40310790 complete (Wall: 4393527286849, CPU: 0, GPU: 51 us)
:3:hip_memory.cpp           :795 : 4393527286874 us: [pid:4154523 tid: 0x7ff56a04a200] [32m hipMemcpy ( 0x7ff39c1bd010, 0x7ff326a00000, 491520000, hipMemcpyDeviceToHost ) [0m
:4:command.cpp              :359 : 4393527287350 us: [pid:4154523 tid: 0x7ff56a04a200] Command (CopyDeviceToHost) enqueued: 0x40a93ca0
:4:rocblit.cpp              :1673: 4393527287360 us: [pid:4154523 tid: 0x7ff56a04a200] Unpinned read path, Async = 0
:4:rocmemory.cpp            :1018: 4393527287374 us: [pid:4154523 tid: 0x7ff56a04a200] Locking to pool 0x4017aed0, size 0x2001000, HostPtr = 0x7ff39c1bd000, DevPtr = 0x7ff39c1bd000
:4:rocblit.cpp              :623 : 4393527287421 us: [pid:4154523 tid: 0x7ff56a04a200] HSA Copy Using Pinned resource size 33554432
:4:rocblit.cpp              :687 : 4393527287428 us: [pid:4154523 tid: 0x7ff56a04a200] HSA Async Copy staged D2H
:4:rocblit.cpp              :503 : 4393527287434 us: [pid:4154523 tid: 0x7ff56a04a200] Last copy mask 0x0
:4:rocblit.cpp              :509 : 4393527287439 us: [pid:4154523 tid: 0x7ff56a04a200] Query copy engine status 0, free_engine mask 0x1e
:4:rocblit.cpp              :520 : 4393527287447 us: [pid:4154523 tid: 0x7ff56a04a200] HSA Async Copy on copy_engine=0x2, dst=0x7ff39c1bd010, src=0x7ff326a00000, size=33554432, forceSDMA=0, wait_event=0x0, completion_signal=0x7ff5609ff000
:4:rocvirtual.cpp           :622 : 4393527287456 us: [pid:4154523 tid: 0x7ff56a04a200] Host wait on completion_signal=0x7ff5609ff000
:3:rocvirtual.hpp           :56  : 4393527288075 us: [pid:4154523 tid: 0x7ff56a04a200] Host active wait for Signal = (0x7ff5609ff000) for -1 ns
:4:rocmemory.cpp            :1018: 4393527288670 us: [pid:4154523 tid: 0x7ff56a04a200] Locking to pool 0x4017aed0, size 0x2001000, HostPtr = 0x7ff39e1bd000, DevPtr = 0x7ff39e1bd000
:4:rocblit.cpp              :623 : 4393527288683 us: [pid:4154523 tid: 0x7ff56a04a200] HSA Copy Using Pinned resource size 33554432
:4:rocblit.cpp              :687 : 4393527288692 us: [pid:4154523 tid: 0x7ff56a04a200] HSA Async Copy staged D2H
:4:rocblit.cpp              :503 : 4393527288699 us: [pid:4154523 tid: 0x7ff56a04a200] Last copy mask 0x2
:4:rocblit.cpp              :520 : 4393527288705 us: [pid:4154523 tid: 0x7ff56a04a200] HSA Async Copy on copy_engine=0x2, dst=0x7ff39e1bd010, src=0x7ff328a00000, size=33554432, forceSDMA=0, wait_event=0x0, completion_signal=0x7ff5609ff080
:4:rocvirtual.cpp           :622 : 4393527288717 us: [pid:4154523 tid: 0x7ff56a04a200] Host wait on completion_signal=0x7ff5609ff080
:3:rocvirtual.hpp           :56  : 4393527288727 us: [pid:4154523 tid: 0x7ff56a04a200] Host active wait for Signal = (0x7ff5609ff080) for -1 ns
:4:rocmemory.cpp            :1018: 4393527289926 us: [pid:4154523 tid: 0x7ff56a04a200] Locking to pool 0x4017aed0, size 0x2001000, HostPtr = 0x7ff3a01bd000, DevPtr = 0x7ff3a01bd000
:4:rocblit.cpp              :623 : 4393527289941 us: [pid:4154523 tid: 0x7ff56a04a200] HSA Copy Using Pinned resource size 33554432
:4:rocblit.cpp              :687 : 4393527289950 us: [pid:4154523 tid: 0x7ff56a04a200] HSA Async Copy staged D2H
:4:rocblit.cpp              :503 : 4393527289956 us: [pid:4154523 tid: 0x7ff56a04a200] Last copy mask 0x2
:4:rocblit.cpp              :520 : 4393527289961 us: [pid:4154523 tid: 0x7ff56a04a200] HSA Async Copy on copy_engine=0x2, dst=0x7ff3a01bd010, src=0x7ff32aa00000, size=33554432, forceSDMA=0, wait_event=0x0, completion_signal=0x7ff5609fdd00
:4:rocvirtual.cpp           :622 : 4393527289969 us: [pid:4154523 tid: 0x7ff56a04a200] Host wait on completion_signal=0x7ff5609fdd00
:3:rocvirtual.hpp           :56  : 4393527289977 us: [pid:4154523 tid: 0x7ff56a04a200] Host active wait for Signal = (0x7ff5609fdd00) for -1 ns
:4:rocmemory.cpp            :1018: 4393527291190 us: [pid:4154523 tid: 0x7ff56a04a200] Locking to pool 0x4017aed0, size 0x2001000, HostPtr = 0x7ff3a21bd000, DevPtr = 0x7ff3a21bd000
:4:rocblit.cpp              :623 : 4393527291206 us: [pid:4154523 tid: 0x7ff56a04a200] HSA Copy Using Pinned resource size 33554432
:4:rocblit.cpp              :687 : 4393527291217 us: [pid:4154523 tid: 0x7ff56a04a200] HSA Async Copy staged D2H
:4:rocblit.cpp              :503 : 4393527291222 us: [pid:4154523 tid: 0x7ff56a04a200] Last copy mask 0x2
:4:rocblit.cpp              :520 : 4393527291227 us: [pid:4154523 tid: 0x7ff56a04a200] HSA Async Copy on copy_engine=0x2, dst=0x7ff3a21bd010, src=0x7ff32ca00000, size=33554432, forceSDMA=0, wait_event=0x0, completion_signal=0x7ff5609feb80
:4:rocvirtual.cpp           :622 : 4393527291235 us: [pid:4154523 tid: 0x7ff56a04a200] Host wait on completion_signal=0x7ff5609feb80
:3:rocvirtual.hpp           :56  : 4393527291247 us: [pid:4154523 tid: 0x7ff56a04a200] Host active wait for Signal = (0x7ff5609feb80) for -1 ns
:4:rocmemory.cpp            :1018: 4393527292440 us: [pid:4154523 tid: 0x7ff56a04a200] Locking to pool 0x4017aed0, size 0x2001000, HostPtr = 0x7ff3a41bd000, DevPtr = 0x7ff3a41bd000
:4:rocblit.cpp              :623 : 4393527292452 us: [pid:4154523 tid: 0x7ff56a04a200] HSA Copy Using Pinned resource size 33554432
:4:rocblit.cpp              :687 : 4393527292459 us: [pid:4154523 tid: 0x7ff56a04a200] HSA Async Copy staged D2H
:4:rocblit.cpp              :503 : 4393527292464 us: [pid:4154523 tid: 0x7ff56a04a200] Last copy mask 0x2
:4:rocblit.cpp              :520 : 4393527292469 us: [pid:4154523 tid: 0x7ff56a04a200] HSA Async Copy on copy_engine=0x2, dst=0x7ff3a41bd010, src=0x7ff32ea00000, size=33554432, forceSDMA=0, wait_event=0x0, completion_signal=0x7ff5609fed80
:4:rocvirtual.cpp           :622 : 4393527292477 us: [pid:4154523 tid: 0x7ff56a04a200] Host wait on completion_signal=0x7ff5609fed80
:3:rocvirtual.hpp           :56  : 4393527292775 us: [pid:4154523 tid: 0x7ff56a04a200] Host active wait for Signal = (0x7ff5609fed80) for -1 ns
:4:rocmemory.cpp            :1018: 4393527293680 us: [pid:4154523 tid: 0x7ff56a04a200] Locking to pool 0x4017aed0, size 0x2001000, HostPtr = 0x7ff3a61bd000, DevPtr = 0x7ff3a61bd000
:4:rocblit.cpp              :623 : 4393527293690 us: [pid:4154523 tid: 0x7ff56a04a200] HSA Copy Using Pinned resource size 33554432
:4:rocblit.cpp              :687 : 4393527293697 us: [pid:4154523 tid: 0x7ff56a04a200] HSA Async Copy staged D2H
:4:rocblit.cpp              :503 : 4393527293702 us: [pid:4154523 tid: 0x7ff56a04a200] Last copy mask 0x2
:4:rocblit.cpp              :520 : 4393527293707 us: [pid:4154523 tid: 0x7ff56a04a200] HSA Async Copy on copy_engine=0x2, dst=0x7ff3a61bd010, src=0x7ff330a00000, size=33554432, forceSDMA=0, wait_event=0x0, completion_signal=0x7ff5609fe980
:4:rocvirtual.cpp           :622 : 4393527293715 us: [pid:4154523 tid: 0x7ff56a04a200] Host wait on completion_signal=0x7ff5609fe980
:3:rocvirtual.hpp           :56  : 4393527293722 us: [pid:4154523 tid: 0x7ff56a04a200] Host active wait for Signal = (0x7ff5609fe980) for -1 ns
:4:rocmemory.cpp            :1018: 4393527294918 us: [pid:4154523 tid: 0x7ff56a04a200] Locking to pool 0x4017aed0, size 0x2001000, HostPtr = 0x7ff3a81bd000, DevPtr = 0x7ff3a81bd000
:4:rocblit.cpp              :623 : 4393527294929 us: [pid:4154523 tid: 0x7ff56a04a200] HSA Copy Using Pinned resource size 33554432
:4:rocblit.cpp              :687 : 4393527294937 us: [pid:4154523 tid: 0x7ff56a04a200] HSA Async Copy staged D2H
:4:rocblit.cpp              :503 : 4393527294942 us: [pid:4154523 tid: 0x7ff56a04a200] Last copy mask 0x2
:4:rocblit.cpp              :520 : 4393527294946 us: [pid:4154523 tid: 0x7ff56a04a200] HSA Async Copy on copy_engine=0x2, dst=0x7ff3a81bd010, src=0x7ff332a00000, size=33554432, forceSDMA=0, wait_event=0x0, completion_signal=0x7ff5609fde00
:4:rocvirtual.cpp           :622 : 4393527294954 us: [pid:4154523 tid: 0x7ff56a04a200] Host wait on completion_signal=0x7ff5609fde00
:3:rocvirtual.hpp           :56  : 4393527294962 us: [pid:4154523 tid: 0x7ff56a04a200] Host active wait for Signal = (0x7ff5609fde00) for -1 ns
:4:rocmemory.cpp            :1018: 4393527296158 us: [pid:4154523 tid: 0x7ff56a04a200] Locking to pool 0x4017aed0, size 0x2001000, HostPtr = 0x7ff3aa1bd000, DevPtr = 0x7ff3aa1bd000
:4:rocblit.cpp              :623 : 4393527296171 us: [pid:4154523 tid: 0x7ff56a04a200] HSA Copy Using Pinned resource size 33554432
:4:rocblit.cpp              :687 : 4393527296181 us: [pid:4154523 tid: 0x7ff56a04a200] HSA Async Copy staged D2H
:4:rocblit.cpp              :503 : 4393527296201 us: [pid:4154523 tid: 0x7ff56a04a200] Last copy mask 0x2
:4:rocblit.cpp              :520 : 4393527296208 us: [pid:4154523 tid: 0x7ff56a04a200] HSA Async Copy on copy_engine=0x2, dst=0x7ff3aa1bd010, src=0x7ff334a00000, size=33554432, forceSDMA=0, wait_event=0x0, completion_signal=0x7ff5609fd980
:4:rocvirtual.cpp           :622 : 4393527296222 us: [pid:4154523 tid: 0x7ff56a04a200] Host wait on completion_signal=0x7ff5609fd980
:3:rocvirtual.hpp           :56  : 4393527296234 us: [pid:4154523 tid: 0x7ff56a04a200] Host active wait for Signal = (0x7ff5609fd980) for -1 ns
:4:rocmemory.cpp            :1018: 4393527297427 us: [pid:4154523 tid: 0x7ff56a04a200] Locking to pool 0x4017aed0, size 0x2001000, HostPtr = 0x7ff3ac1bd000, DevPtr = 0x7ff3ac1bd000
:4:rocblit.cpp              :623 : 4393527297455 us: [pid:4154523 tid: 0x7ff56a04a200] HSA Copy Using Pinned resource size 33554432
:4:rocblit.cpp              :687 : 4393527297464 us: [pid:4154523 tid: 0x7ff56a04a200] HSA Async Copy staged D2H
:4:rocblit.cpp              :503 : 4393527297476 us: [pid:4154523 tid: 0x7ff56a04a200] Last copy mask 0x2
:4:rocblit.cpp              :520 : 4393527297483 us: [pid:4154523 tid: 0x7ff56a04a200] HSA Async Copy on copy_engine=0x2, dst=0x7ff3ac1bd010, src=0x7ff336a00000, size=33554432, forceSDMA=0, wait_event=0x0, completion_signal=0x7ff5609fe480
:4:rocvirtual.cpp           :622 : 4393527297494 us: [pid:4154523 tid: 0x7ff56a04a200] Host wait on completion_signal=0x7ff5609fe480
:3:rocvirtual.hpp           :56  : 4393527297504 us: [pid:4154523 tid: 0x7ff56a04a200] Host active wait for Signal = (0x7ff5609fe480) for -1 ns
:4:rocmemory.cpp            :1018: 4393527298699 us: [pid:4154523 tid: 0x7ff56a04a200] Locking to pool 0x4017aed0, size 0x2001000, HostPtr = 0x7ff3ae1bd000, DevPtr = 0x7ff3ae1bd000
:4:rocblit.cpp              :623 : 4393527298713 us: [pid:4154523 tid: 0x7ff56a04a200] HSA Copy Using Pinned resource size 33554432
:4:rocblit.cpp              :687 : 4393527298720 us: [pid:4154523 tid: 0x7ff56a04a200] HSA Async Copy staged D2H
:4:rocblit.cpp              :503 : 4393527298726 us: [pid:4154523 tid: 0x7ff56a04a200] Last copy mask 0x2
:4:rocblit.cpp              :520 : 4393527298730 us: [pid:4154523 tid: 0x7ff56a04a200] HSA Async Copy on copy_engine=0x2, dst=0x7ff3ae1bd010, src=0x7ff338a00000, size=33554432, forceSDMA=0, wait_event=0x0, completion_signal=0x7ff5609fe680
:4:rocvirtual.cpp           :622 : 4393527298744 us: [pid:4154523 tid: 0x7ff56a04a200] Host wait on completion_signal=0x7ff5609fe680
:3:rocvirtual.hpp           :56  : 4393527298754 us: [pid:4154523 tid: 0x7ff56a04a200] Host active wait for Signal = (0x7ff5609fe680) for -1 ns
:4:rocmemory.cpp            :1018: 4393527299956 us: [pid:4154523 tid: 0x7ff56a04a200] Locking to pool 0x4017aed0, size 0x2001000, HostPtr = 0x7ff3b01bd000, DevPtr = 0x7ff3b01bd000
:4:rocblit.cpp              :623 : 4393527299974 us: [pid:4154523 tid: 0x7ff56a04a200] HSA Copy Using Pinned resource size 33554432
:4:rocblit.cpp              :687 : 4393527299983 us: [pid:4154523 tid: 0x7ff56a04a200] HSA Async Copy staged D2H
:4:rocblit.cpp              :503 : 4393527299989 us: [pid:4154523 tid: 0x7ff56a04a200] Last copy mask 0x2
:4:rocblit.cpp              :520 : 4393527300029 us: [pid:4154523 tid: 0x7ff56a04a200] HSA Async Copy on copy_engine=0x2, dst=0x7ff3b01bd010, src=0x7ff33aa00000, size=33554432, forceSDMA=0, wait_event=0x0, completion_signal=0x7ff5609fe880
:4:rocvirtual.cpp           :622 : 4393527300044 us: [pid:4154523 tid: 0x7ff56a04a200] Host wait on completion_signal=0x7ff5609fe880
:3:rocvirtual.hpp           :56  : 4393527300054 us: [pid:4154523 tid: 0x7ff56a04a200] Host active wait for Signal = (0x7ff5609fe880) for -1 ns
:4:rocmemory.cpp            :1018: 4393527301256 us: [pid:4154523 tid: 0x7ff56a04a200] Locking to pool 0x4017aed0, size 0x2001000, HostPtr = 0x7ff3b21bd000, DevPtr = 0x7ff3b21bd000
:4:rocblit.cpp              :623 : 4393527301269 us: [pid:4154523 tid: 0x7ff56a04a200] HSA Copy Using Pinned resource size 33554432
:4:rocblit.cpp              :687 : 4393527301276 us: [pid:4154523 tid: 0x7ff56a04a200] HSA Async Copy staged D2H
:4:rocblit.cpp              :503 : 4393527301281 us: [pid:4154523 tid: 0x7ff56a04a200] Last copy mask 0x2
:4:rocblit.cpp              :520 : 4393527301286 us: [pid:4154523 tid: 0x7ff56a04a200] HSA Async Copy on copy_engine=0x2, dst=0x7ff3b21bd010, src=0x7ff33ca00000, size=33554432, forceSDMA=0, wait_event=0x0, completion_signal=0x7ff5609fe780
:4:rocvirtual.cpp           :622 : 4393527301298 us: [pid:4154523 tid: 0x7ff56a04a200] Host wait on completion_signal=0x7ff5609fe780
:3:rocvirtual.hpp           :56  : 4393527301312 us: [pid:4154523 tid: 0x7ff56a04a200] Host active wait for Signal = (0x7ff5609fe780) for -1 ns
:4:rocmemory.cpp            :1018: 4393527302505 us: [pid:4154523 tid: 0x7ff56a04a200] Locking to pool 0x4017aed0, size 0x2001000, HostPtr = 0x7ff3b41bd000, DevPtr = 0x7ff3b41bd000
:4:rocblit.cpp              :623 : 4393527302520 us: [pid:4154523 tid: 0x7ff56a04a200] HSA Copy Using Pinned resource size 33554432
:4:rocblit.cpp              :687 : 4393527302530 us: [pid:4154523 tid: 0x7ff56a04a200] HSA Async Copy staged D2H
:4:rocblit.cpp              :503 : 4393527302546 us: [pid:4154523 tid: 0x7ff56a04a200] Last copy mask 0x2
:4:rocblit.cpp              :520 : 4393527302553 us: [pid:4154523 tid: 0x7ff56a04a200] HSA Async Copy on copy_engine=0x2, dst=0x7ff3b41bd010, src=0x7ff33ea00000, size=33554432, forceSDMA=0, wait_event=0x0, completion_signal=0x7ff5609fe580
:4:rocvirtual.cpp           :622 : 4393527302959 us: [pid:4154523 tid: 0x7ff56a04a200] Host wait on completion_signal=0x7ff5609fe580
:3:rocvirtual.hpp           :56  : 4393527302968 us: [pid:4154523 tid: 0x7ff56a04a200] Host active wait for Signal = (0x7ff5609fe580) for -1 ns
:4:rocmemory.cpp            :1018: 4393527304201 us: [pid:4154523 tid: 0x7ff56a04a200] Locking to pool 0x4017aed0, size 0x2001000, HostPtr = 0x7ff3b61bd000, DevPtr = 0x7ff3b61bd000
:4:rocblit.cpp              :623 : 4393527304214 us: [pid:4154523 tid: 0x7ff56a04a200] HSA Copy Using Pinned resource size 33554432
:4:rocblit.cpp              :687 : 4393527304221 us: [pid:4154523 tid: 0x7ff56a04a200] HSA Async Copy staged D2H
:4:rocblit.cpp              :503 : 4393527304226 us: [pid:4154523 tid: 0x7ff56a04a200] Last copy mask 0x2
:4:rocblit.cpp              :520 : 4393527304231 us: [pid:4154523 tid: 0x7ff56a04a200] HSA Async Copy on copy_engine=0x2, dst=0x7ff3b61bd010, src=0x7ff340a00000, size=33554432, forceSDMA=0, wait_event=0x0, completion_signal=0x7ff5609fdf00
:4:rocvirtual.cpp           :622 : 4393527304240 us: [pid:4154523 tid: 0x7ff56a04a200] Host wait on completion_signal=0x7ff5609fdf00
:3:rocvirtual.hpp           :56  : 4393527304247 us: [pid:4154523 tid: 0x7ff56a04a200] Host active wait for Signal = (0x7ff5609fdf00) for -1 ns
:4:rocmemory.cpp            :1018: 4393527305448 us: [pid:4154523 tid: 0x7ff56a04a200] Locking to pool 0x4017aed0, size 0x14c1000, HostPtr = 0x7ff3b81bd000, DevPtr = 0x7ff3b81bd000
:4:rocblit.cpp              :623 : 4393527305458 us: [pid:4154523 tid: 0x7ff56a04a200] HSA Copy Using Pinned resource size 21757952
:4:rocblit.cpp              :687 : 4393527305465 us: [pid:4154523 tid: 0x7ff56a04a200] HSA Async Copy staged D2H
:4:rocblit.cpp              :503 : 4393527305470 us: [pid:4154523 tid: 0x7ff56a04a200] Last copy mask 0x2
:4:rocblit.cpp              :520 : 4393527305474 us: [pid:4154523 tid: 0x7ff56a04a200] HSA Async Copy on copy_engine=0x2, dst=0x7ff3b81bd010, src=0x7ff342a00000, size=21757952, forceSDMA=0, wait_event=0x0, completion_signal=0x7ff5609fe900
:4:rocvirtual.cpp           :622 : 4393527305482 us: [pid:4154523 tid: 0x7ff56a04a200] Host wait on completion_signal=0x7ff5609fe900
:3:rocvirtual.hpp           :56  : 4393527305489 us: [pid:4154523 tid: 0x7ff56a04a200] Host active wait for Signal = (0x7ff5609fe900) for -1 ns
:4:commandqueue.cpp         :161 : 4393527306267 us: [pid:4154523 tid: 0x7ff56a04a200] Marker queued to ensure finish
:4:command.cpp              :359 : 4393527306276 us: [pid:4154523 tid: 0x7ff56a04a200] Command (InternalMarker) enqueued: 0x40310790
:3:rocvirtual.cpp           :533 : 4393527306288 us: [pid:4154523 tid: 0x7ff56a04a200] Set Handler: handle(0x7ff5609fcc80), timestamp(0x40972760)
:4:rocvirtual.cpp           :1147: 4393527306305 us: [pid:4154523 tid: 0x7ff56a04a200] SWq=0x7ff56a034000, HWq=0x7ff54da00000, id=1, BarrierAND Header = 0x1503 (type=3, barrier=1, acquire=2, release=2), dep_signal=[0x0, 0x0, 0x0, 0x0, 0x0], completion_signal=0x7ff5609fcc80
:4:commandqueue.cpp         :184 : 4393527306323 us: [pid:4154523 tid: 0x7ff56a04a200] All commands finished
:3:hip_memory.cpp           :796 : 4393527306330 us: [pid:4154523 tid: 0x7ff56a04a200] hipMemcpy: Returned hipSuccess : : duration: 19456 us
:3:rocvirtual.cpp           :226 : 4393527306323 us: [pid:4154523 tid: 0x7ff42fbff6c0] Handler: value(0), timestamp(0x40279b00), handle(0x7ff5609fcc80)
:4:command.cpp              :169 : 4393527306357 us: [pid:4154523 tid: 0x7ff42fbff6c0] Command 0x40a93ca0 complete
:4:command.cpp              :163 : 4393527306364 us: [pid:4154523 tid: 0x7ff42fbff6c0] Command 0x40310790 complete (Wall: 4393527306362, CPU: 0, GPU: 79 us)
:3:hip_memory.cpp           :3476: 4393527306342 us: [pid:4154523 tid: 0x7ff56a04a200] [32m hipMemset ( 0x7ff326a00000, 0, 491520000 ) [0m
:4:command.cpp              :359 : 4393527306892 us: [pid:4154523 tid: 0x7ff56a04a200] Command (FillBuffer) enqueued: 0x40aa9a40
:3:rocvirtual.cpp           :762 : 4393527306908 us: [pid:4154523 tid: 0x7ff56a04a200] Arg0: void* buf = ptr:0x7ff326a00000
:3:rocvirtual.cpp           :778 : 4393527306913 us: [pid:4154523 tid: 0x7ff56a04a200] Arg0: void* buf = ptr:0x7ff326a00000 obj:[0x7ff326a00000-0x7ff343ec0000]
:3:rocvirtual.cpp           :762 : 4393527306921 us: [pid:4154523 tid: 0x7ff56a04a200] Arg1: uchar* pattern = ptr:0x7ff54d800000
:3:rocvirtual.cpp           :853 : 4393527306929 us: [pid:4154523 tid: 0x7ff56a04a200] Arg2: uint pattern_size = val:1
:3:rocvirtual.cpp           :853 : 4393527306934 us: [pid:4154523 tid: 0x7ff56a04a200] Arg3: uint alignment = val:16
:3:rocvirtual.cpp           :853 : 4393527306939 us: [pid:4154523 tid: 0x7ff56a04a200] Arg4: ulong end_ptr = val:140682793320448
:3:rocvirtual.cpp           :853 : 4393527306947 us: [pid:4154523 tid: 0x7ff56a04a200] Arg5: uint next_chunk = val:26624
:3:rocvirtual.cpp           :3236: 4393527306951 us: [pid:4154523 tid: 0x7ff56a04a200] ShaderName : __amd_rocclr_fillBufferAligned
:3:rocvirtual.cpp           :3449: 4393527306960 us: [pid:4154523 tid: 0x7ff56a04a200] KernargSegmentByteSize = 296 KernargSegmentAlignment = 128
:4:rocvirtual.cpp           :965 : 4393527306969 us: [pid:4154523 tid: 0x7ff56a04a200] SWq=0x7ff56a034000, HWq=0x7ff54da00000, id=1, Dispatch Header = 0x1502 (type=2, barrier=1, acquire=2, release=2), setup=1, grid=[26624, 1, 1], workgroup=[256, 1, 1], private_seg_size=0, group_seg_size=0, kernel_obj=0x7ff56a025d40, kernarg_address=0x7ff54d800100, completion_signal=0x0, correlation_id=0, rptr=174, wptr=174
:3:hip_memory.cpp           :3477: 4393527306984 us: [pid:4154523 tid: 0x7ff56a04a200] hipMemset: Returned hipSuccess : 
:3:hip_device_runtime.cpp   :641 : 4393527306990 us: [pid:4154523 tid: 0x7ff56a04a200] [32m hipDeviceSynchronize (  ) [0m
:4:commandqueue.cpp         :161 : 4393527306995 us: [pid:4154523 tid: 0x7ff56a04a200] Marker queued to ensure finish
:4:command.cpp              :359 : 4393527307434 us: [pid:4154523 tid: 0x7ff56a04a200] Command (InternalMarker) enqueued: 0x40310790
:3:rocvirtual.cpp           :533 : 4393527307457 us: [pid:4154523 tid: 0x7ff56a04a200] Set Handler: handle(0x7ff5609fcf80), timestamp(0x406f02d0)
:4:rocvirtual.cpp           :1147: 4393527307469 us: [pid:4154523 tid: 0x7ff56a04a200] SWq=0x7ff56a034000, HWq=0x7ff54da00000, id=1, BarrierAND Header = 0x1503 (type=3, barrier=1, acquire=2, release=2), dep_signal=[0x0, 0x0, 0x0, 0x0, 0x0], completion_signal=0x7ff5609fcf80
:4:commandqueue.cpp         :184 : 4393527307491 us: [pid:4154523 tid: 0x7ff56a04a200] All commands finished
:3:hip_device_runtime.cpp   :645 : 4393527307498 us: [pid:4154523 tid: 0x7ff56a04a200] hipDeviceSynchronize: Returned hipSuccess : 
:3:rocvirtual.cpp           :226 : 4393527307481 us: [pid:4154523 tid: 0x7ff42fbff6c0] Handler: value(0), timestamp(0x4089f9e0), handle(0x7ff5609fcf80)
:3:hip_platform.cpp         :237 : 4393527307510 us: [pid:4154523 tid: 0x7ff56a04a200] [32m __hipPushCallConfiguration ( {8,1,1}, {512,1,1}, 0, stream:<null> ) [0m
:3:hip_platform.cpp         :241 : 4393527307530 us: [pid:4154523 tid: 0x7ff56a04a200] __hipPushCallConfiguration: Returned hipSuccess : 
:4:command.cpp              :169 : 4393527307522 us: [pid:4154523 tid: 0x7ff42fbff6c0] Command 0x40aa9a40 complete
:3:hip_platform.cpp         :246 : 4393527307551 us: [pid:4154523 tid: 0x7ff56a04a200] [32m __hipPopCallConfiguration ( {1951258706,32757,512}, {2118224,0,278018480}, 0x7ffc10923700, 0x7ffc109236f8 ) [0m
:4:command.cpp              :163 : 4393527307969 us: [pid:4154523 tid: 0x7ff42fbff6c0] Command 0x40310790 complete (Wall: 4393527307967, CPU: 0, GPU: 521 us)
:3:hip_platform.cpp         :255 : 4393527307984 us: [pid:4154523 tid: 0x7ff56a04a200] __hipPopCallConfiguration: Returned hipSuccess : 
:3:hip_module.cpp           :744 : 4393527308020 us: [pid:4154523 tid: 0x7ff56a04a200] [32m hipLaunchKernel ( 0x200fe8, {8,1,1}, {512,1,1}, 0x7ffc109236b0, 0, stream:<null> ) [0m
:4:command.cpp              :359 : 4393527308047 us: [pid:4154523 tid: 0x7ff56a04a200] Command (KernelExecution) enqueued: 0x40a93ca0
:3:rocvirtual.cpp           :762 : 4393527308058 us: [pid:4154523 tid: 0x7ff56a04a200] Arg0:   = ptr:0x7ff344200000
:3:rocvirtual.cpp           :778 : 4393527308065 us: [pid:4154523 tid: 0x7ff56a04a200] Arg0:   = ptr:0x7ff344200000 obj:[0x7ff344200000-0x7ff3616c0000]
:3:rocvirtual.cpp           :762 : 4393527308082 us: [pid:4154523 tid: 0x7ff56a04a200] Arg1:   = ptr:0x7ff54cc27000
:3:rocvirtual.cpp           :778 : 4393527308089 us: [pid:4154523 tid: 0x7ff56a04a200] Arg1:   = ptr:0x7ff54cc27000 obj:[0x7ff54cc27000-0x7ff54cc87000]
:3:rocvirtual.cpp           :762 : 4393527308099 us: [pid:4154523 tid: 0x7ff56a04a200] Arg2:   = ptr:0x7ff326a00000
:3:rocvirtual.cpp           :778 : 4393527308105 us: [pid:4154523 tid: 0x7ff56a04a200] Arg2:   = ptr:0x7ff326a00000 obj:[0x7ff326a00000-0x7ff343ec0000]
:3:rocvirtual.cpp           :853 : 4393527308115 us: [pid:4154523 tid: 0x7ff56a04a200] Arg3:   = val:12288
:3:rocvirtual.cpp           :762 : 4393527308121 us: [pid:4154523 tid: 0x7ff56a04a200] Arg4:   = ptr:0x7ff54cc00000
:3:rocvirtual.cpp           :778 : 4393527308127 us: [pid:4154523 tid: 0x7ff56a04a200] Arg4:   = ptr:0x7ff54cc00000 obj:[0x7ff54cc00000-0x7ff54cc00024]
:3:rocvirtual.cpp           :3236: 4393527308137 us: [pid:4154523 tid: 0x7ff56a04a200] ShaderName : void dense_esuhm3<float>(float const*, float const*, float*, int, int const*)
:3:rocvirtual.cpp           :3449: 4393527308574 us: [pid:4154523 tid: 0x7ff56a04a200] KernargSegmentByteSize = 296 KernargSegmentAlignment = 128
:4:rocvirtual.cpp           :965 : 4393527308584 us: [pid:4154523 tid: 0x7ff56a04a200] SWq=0x7ff56a034000, HWq=0x7ff54da00000, id=1, Dispatch Header = 0xb02 (type=2, barrier=1, acquire=1, release=1), setup=3, grid=[4096, 1, 1], workgroup=[512, 1, 1], private_seg_size=140, group_seg_size=0, kernel_obj=0x7ff560a91a00, kernarg_address=0x7ff54d800280, completion_signal=0x0, correlation_id=0, rptr=176, wptr=176
:3:hip_module.cpp           :745 : 4393527308599 us: [pid:4154523 tid: 0x7ff56a04a200] hipLaunchKernel: Returned hipSuccess : : duration: 579 us
:3:hip_device_runtime.cpp   :641 : 4393527308608 us: [pid:4154523 tid: 0x7ff56a04a200] [32m hipDeviceSynchronize (  ) [0m
:4:commandqueue.cpp         :161 : 4393527308613 us: [pid:4154523 tid: 0x7ff56a04a200] Marker queued to ensure finish
:4:command.cpp              :359 : 4393527308618 us: [pid:4154523 tid: 0x7ff56a04a200] Command (InternalMarker) enqueued: 0x40310790
:3:rocvirtual.cpp           :533 : 4393527308629 us: [pid:4154523 tid: 0x7ff56a04a200] Set Handler: handle(0x7ff5609fce80), timestamp(0x40897670)
:4:rocvirtual.cpp           :1147: 4393527308650 us: [pid:4154523 tid: 0x7ff56a04a200] SWq=0x7ff56a034000, HWq=0x7ff54da00000, id=1, BarrierAND Header = 0x1503 (type=3, barrier=1, acquire=2, release=2), dep_signal=[0x0, 0x0, 0x0, 0x0, 0x0], completion_signal=0x7ff5609fce80
:3:rocvirtual.hpp           :56  : 4393527308665 us: [pid:4154523 tid: 0x7ff56a04a200] Host active wait for Signal = (0x7ff5609fce80) for -1 ns
:4:commandqueue.cpp         :184 : 4393527309542 us: [pid:4154523 tid: 0x7ff56a04a200] All commands finished
:3:rocvirtual.cpp           :226 : 4393527309556 us: [pid:4154523 tid: 0x7ff42fbff6c0] Handler: value(0), timestamp(0x4035bc80), handle(0x7ff5609fce80)
:4:command.cpp              :169 : 4393527309582 us: [pid:4154523 tid: 0x7ff42fbff6c0] Command 0x40a93ca0 complete
:3:hip_device_runtime.cpp   :645 : 4393527309568 us: [pid:4154523 tid: 0x7ff56a04a200] hipDeviceSynchronize: Returned hipSuccess : 
:4:command.cpp              :163 : 4393527309590 us: [pid:4154523 tid: 0x7ff42fbff6c0] Command 0x40310790 complete (Wall: 4393527309588, CPU: 0, GPU: 963 us)
:3:hip_memory.cpp           :795 : 4393527309611 us: [pid:4154523 tid: 0x7ff56a04a200] [32m hipMemcpy ( 0x7ff37ecfc010, 0x7ff326a00000, 491520000, hipMemcpyDeviceToHost ) [0m
:4:command.cpp              :359 : 4393527309628 us: [pid:4154523 tid: 0x7ff56a04a200] Command (CopyDeviceToHost) enqueued: 0x4035b750
:4:rocblit.cpp              :1673: 4393527309638 us: [pid:4154523 tid: 0x7ff56a04a200] Unpinned read path, Async = 0
:4:rocmemory.cpp            :1018: 4393527309652 us: [pid:4154523 tid: 0x7ff56a04a200] Locking to pool 0x4017aed0, size 0x2001000, HostPtr = 0x7ff37ecfc000, DevPtr = 0x7ff37ecfc000
:4:rocblit.cpp              :623 : 4393527309660 us: [pid:4154523 tid: 0x7ff56a04a200] HSA Copy Using Pinned resource size 33554432
:4:rocblit.cpp              :687 : 4393527309667 us: [pid:4154523 tid: 0x7ff56a04a200] HSA Async Copy staged D2H
:4:rocblit.cpp              :503 : 4393527309673 us: [pid:4154523 tid: 0x7ff56a04a200] Last copy mask 0x0
:4:rocblit.cpp              :509 : 4393527309678 us: [pid:4154523 tid: 0x7ff56a04a200] Query copy engine status 0, free_engine mask 0x1e
:4:rocblit.cpp              :520 : 4393527309686 us: [pid:4154523 tid: 0x7ff56a04a200] HSA Async Copy on copy_engine=0x2, dst=0x7ff37ecfc010, src=0x7ff326a00000, size=33554432, forceSDMA=0, wait_event=0x0, completion_signal=0x7ff5609fe700
:4:rocvirtual.cpp           :622 : 4393527310052 us: [pid:4154523 tid: 0x7ff56a04a200] Host wait on completion_signal=0x7ff5609fe700
:3:rocvirtual.hpp           :56  : 4393527310061 us: [pid:4154523 tid: 0x7ff56a04a200] Host active wait for Signal = (0x7ff5609fe700) for -1 ns
:4:rocmemory.cpp            :1018: 4393527311259 us: [pid:4154523 tid: 0x7ff56a04a200] Locking to pool 0x4017aed0, size 0x2001000, HostPtr = 0x7ff380cfc000, DevPtr = 0x7ff380cfc000
:4:rocblit.cpp              :623 : 4393527311270 us: [pid:4154523 tid: 0x7ff56a04a200] HSA Copy Using Pinned resource size 33554432
:4:rocblit.cpp              :687 : 4393527311278 us: [pid:4154523 tid: 0x7ff56a04a200] HSA Async Copy staged D2H
:4:rocblit.cpp              :503 : 4393527311283 us: [pid:4154523 tid: 0x7ff56a04a200] Last copy mask 0x2
:4:rocblit.cpp              :520 : 4393527311288 us: [pid:4154523 tid: 0x7ff56a04a200] HSA Async Copy on copy_engine=0x2, dst=0x7ff380cfc010, src=0x7ff328a00000, size=33554432, forceSDMA=0, wait_event=0x0, completion_signal=0x7ff5609fde80
:4:rocvirtual.cpp           :622 : 4393527311296 us: [pid:4154523 tid: 0x7ff56a04a200] Host wait on completion_signal=0x7ff5609fde80
:3:rocvirtual.hpp           :56  : 4393527311303 us: [pid:4154523 tid: 0x7ff56a04a200] Host active wait for Signal = (0x7ff5609fde80) for -1 ns
:4:rocmemory.cpp            :1018: 4393527312507 us: [pid:4154523 tid: 0x7ff56a04a200] Locking to pool 0x4017aed0, size 0x2001000, HostPtr = 0x7ff382cfc000, DevPtr = 0x7ff382cfc000
:4:rocblit.cpp              :623 : 4393527312521 us: [pid:4154523 tid: 0x7ff56a04a200] HSA Copy Using Pinned resource size 33554432
:4:rocblit.cpp              :687 : 4393527312529 us: [pid:4154523 tid: 0x7ff56a04a200] HSA Async Copy staged D2H
:4:rocblit.cpp              :503 : 4393527312534 us: [pid:4154523 tid: 0x7ff56a04a200] Last copy mask 0x2
:4:rocblit.cpp              :520 : 4393527312538 us: [pid:4154523 tid: 0x7ff56a04a200] HSA Async Copy on copy_engine=0x2, dst=0x7ff382cfc010, src=0x7ff32aa00000, size=33554432, forceSDMA=0, wait_event=0x0, completion_signal=0x7ff5609fe080
:4:rocvirtual.cpp           :622 : 4393527312547 us: [pid:4154523 tid: 0x7ff56a04a200] Host wait on completion_signal=0x7ff5609fe080
:3:rocvirtual.hpp           :56  : 4393527312565 us: [pid:4154523 tid: 0x7ff56a04a200] Host active wait for Signal = (0x7ff5609fe080) for -1 ns
:4:rocmemory.cpp            :1018: 4393527313750 us: [pid:4154523 tid: 0x7ff56a04a200] Locking to pool 0x4017aed0, size 0x2001000, HostPtr = 0x7ff384cfc000, DevPtr = 0x7ff384cfc000
:4:rocblit.cpp              :623 : 4393527313760 us: [pid:4154523 tid: 0x7ff56a04a200] HSA Copy Using Pinned resource size 33554432
:4:rocblit.cpp              :687 : 4393527313767 us: [pid:4154523 tid: 0x7ff56a04a200] HSA Async Copy staged D2H
:4:rocblit.cpp              :503 : 4393527313772 us: [pid:4154523 tid: 0x7ff56a04a200] Last copy mask 0x2
:4:rocblit.cpp              :520 : 4393527313777 us: [pid:4154523 tid: 0x7ff56a04a200] HSA Async Copy on copy_engine=0x2, dst=0x7ff384cfc010, src=0x7ff32ca00000, size=33554432, forceSDMA=0, wait_event=0x0, completion_signal=0x7ff5609fe000
:4:rocvirtual.cpp           :622 : 4393527313785 us: [pid:4154523 tid: 0x7ff56a04a200] Host wait on completion_signal=0x7ff5609fe000
:3:rocvirtual.hpp           :56  : 4393527313792 us: [pid:4154523 tid: 0x7ff56a04a200] Host active wait for Signal = (0x7ff5609fe000) for -1 ns
:4:rocmemory.cpp            :1018: 4393527315001 us: [pid:4154523 tid: 0x7ff56a04a200] Locking to pool 0x4017aed0, size 0x2001000, HostPtr = 0x7ff386cfc000, DevPtr = 0x7ff386cfc000
:4:rocblit.cpp              :623 : 4393527315024 us: [pid:4154523 tid: 0x7ff56a04a200] HSA Copy Using Pinned resource size 33554432
:4:rocblit.cpp              :687 : 4393527315032 us: [pid:4154523 tid: 0x7ff56a04a200] HSA Async Copy staged D2H
:4:rocblit.cpp              :503 : 4393527315039 us: [pid:4154523 tid: 0x7ff56a04a200] Last copy mask 0x2
:4:rocblit.cpp              :520 : 4393527315046 us: [pid:4154523 tid: 0x7ff56a04a200] HSA Async Copy on copy_engine=0x2, dst=0x7ff386cfc010, src=0x7ff32ea00000, size=33554432, forceSDMA=0, wait_event=0x0, completion_signal=0x7ff5609fe380
:4:rocvirtual.cpp           :622 : 4393527315058 us: [pid:4154523 tid: 0x7ff56a04a200] Host wait on completion_signal=0x7ff5609fe380
:3:rocvirtual.hpp           :56  : 4393527315069 us: [pid:4154523 tid: 0x7ff56a04a200] Host active wait for Signal = (0x7ff5609fe380) for -1 ns
:4:rocmemory.cpp            :1018: 4393527316267 us: [pid:4154523 tid: 0x7ff56a04a200] Locking to pool 0x4017aed0, size 0x2001000, HostPtr = 0x7ff388cfc000, DevPtr = 0x7ff388cfc000
:4:rocblit.cpp              :623 : 4393527316282 us: [pid:4154523 tid: 0x7ff56a04a200] HSA Copy Using Pinned resource size 33554432
:4:rocblit.cpp              :687 : 4393527316289 us: [pid:4154523 tid: 0x7ff56a04a200] HSA Async Copy staged D2H
:4:rocblit.cpp              :503 : 4393527316294 us: [pid:4154523 tid: 0x7ff56a04a200] Last copy mask 0x2
:4:rocblit.cpp              :520 : 4393527316298 us: [pid:4154523 tid: 0x7ff56a04a200] HSA Async Copy on copy_engine=0x2, dst=0x7ff388cfc010, src=0x7ff330a00000, size=33554432, forceSDMA=0, wait_event=0x0, completion_signal=0x7ff5609fe180
:4:rocvirtual.cpp           :622 : 4393527316307 us: [pid:4154523 tid: 0x7ff56a04a200] Host wait on completion_signal=0x7ff5609fe180
:3:rocvirtual.hpp           :56  : 4393527316323 us: [pid:4154523 tid: 0x7ff56a04a200] Host active wait for Signal = (0x7ff5609fe180) for -1 ns
:4:rocmemory.cpp            :1018: 4393527317516 us: [pid:4154523 tid: 0x7ff56a04a200] Locking to pool 0x4017aed0, size 0x2001000, HostPtr = 0x7ff38acfc000, DevPtr = 0x7ff38acfc000
:4:rocblit.cpp              :623 : 4393527317531 us: [pid:4154523 tid: 0x7ff56a04a200] HSA Copy Using Pinned resource size 33554432
:4:rocblit.cpp              :687 : 4393527317538 us: [pid:4154523 tid: 0x7ff56a04a200] HSA Async Copy staged D2H
:4:rocblit.cpp              :503 : 4393527317544 us: [pid:4154523 tid: 0x7ff56a04a200] Last copy mask 0x2
:4:rocblit.cpp              :520 : 4393527317550 us: [pid:4154523 tid: 0x7ff56a04a200] HSA Async Copy on copy_engine=0x2, dst=0x7ff38acfc010, src=0x7ff332a00000, size=33554432, forceSDMA=0, wait_event=0x0, completion_signal=0x7ff5609fdf80
:4:rocvirtual.cpp           :622 : 4393527317571 us: [pid:4154523 tid: 0x7ff56a04a200] Host wait on completion_signal=0x7ff5609fdf80
:3:rocvirtual.hpp           :56  : 4393527317579 us: [pid:4154523 tid: 0x7ff56a04a200] Host active wait for Signal = (0x7ff5609fdf80) for -1 ns
:4:rocmemory.cpp            :1018: 4393527318774 us: [pid:4154523 tid: 0x7ff56a04a200] Locking to pool 0x4017aed0, size 0x2001000, HostPtr = 0x7ff38ccfc000, DevPtr = 0x7ff38ccfc000
:4:rocblit.cpp              :623 : 4393527318784 us: [pid:4154523 tid: 0x7ff56a04a200] HSA Copy Using Pinned resource size 33554432
:4:rocblit.cpp              :687 : 4393527318791 us: [pid:4154523 tid: 0x7ff56a04a200] HSA Async Copy staged D2H
:4:rocblit.cpp              :503 : 4393527318796 us: [pid:4154523 tid: 0x7ff56a04a200] Last copy mask 0x2
:4:rocblit.cpp              :520 : 4393527318801 us: [pid:4154523 tid: 0x7ff56a04a200] HSA Async Copy on copy_engine=0x2, dst=0x7ff38ccfc010, src=0x7ff334a00000, size=33554432, forceSDMA=0, wait_event=0x0, completion_signal=0x7ff5609fe800
:4:rocvirtual.cpp           :622 : 4393527318809 us: [pid:4154523 tid: 0x7ff56a04a200] Host wait on completion_signal=0x7ff5609fe800
:3:rocvirtual.hpp           :56  : 4393527318816 us: [pid:4154523 tid: 0x7ff56a04a200] Host active wait for Signal = (0x7ff5609fe800) for -1 ns
:4:rocmemory.cpp            :1018: 4393527320016 us: [pid:4154523 tid: 0x7ff56a04a200] Locking to pool 0x4017aed0, size 0x2001000, HostPtr = 0x7ff38ecfc000, DevPtr = 0x7ff38ecfc000
:4:rocblit.cpp              :623 : 4393527320026 us: [pid:4154523 tid: 0x7ff56a04a200] HSA Copy Using Pinned resource size 33554432
:4:rocblit.cpp              :687 : 4393527320034 us: [pid:4154523 tid: 0x7ff56a04a200] HSA Async Copy staged D2H
:4:rocblit.cpp              :503 : 4393527320039 us: [pid:4154523 tid: 0x7ff56a04a200] Last copy mask 0x2
:4:rocblit.cpp              :520 : 4393527320043 us: [pid:4154523 tid: 0x7ff56a04a200] HSA Async Copy on copy_engine=0x2, dst=0x7ff38ecfc010, src=0x7ff336a00000, size=33554432, forceSDMA=0, wait_event=0x0, completion_signal=0x7ff5609fea80
:4:rocvirtual.cpp           :622 : 4393527320051 us: [pid:4154523 tid: 0x7ff56a04a200] Host wait on completion_signal=0x7ff5609fea80
:3:rocvirtual.hpp           :56  : 4393527320058 us: [pid:4154523 tid: 0x7ff56a04a200] Host active wait for Signal = (0x7ff5609fea80) for -1 ns
:4:rocmemory.cpp            :1018: 4393527321255 us: [pid:4154523 tid: 0x7ff56a04a200] Locking to pool 0x4017aed0, size 0x2001000, HostPtr = 0x7ff390cfc000, DevPtr = 0x7ff390cfc000
:4:rocblit.cpp              :623 : 4393527321267 us: [pid:4154523 tid: 0x7ff56a04a200] HSA Copy Using Pinned resource size 33554432
:4:rocblit.cpp              :687 : 4393527321274 us: [pid:4154523 tid: 0x7ff56a04a200] HSA Async Copy staged D2H
:4:rocblit.cpp              :503 : 4393527321279 us: [pid:4154523 tid: 0x7ff56a04a200] Last copy mask 0x2
:4:rocblit.cpp              :520 : 4393527321284 us: [pid:4154523 tid: 0x7ff56a04a200] HSA Async Copy on copy_engine=0x2, dst=0x7ff390cfc010, src=0x7ff338a00000, size=33554432, forceSDMA=0, wait_event=0x0, completion_signal=0x7ff5609fea00
:4:rocvirtual.cpp           :622 : 4393527321292 us: [pid:4154523 tid: 0x7ff56a04a200] Host wait on completion_signal=0x7ff5609fea00
:3:rocvirtual.hpp           :56  : 4393527321299 us: [pid:4154523 tid: 0x7ff56a04a200] Host active wait for Signal = (0x7ff5609fea00) for -1 ns
:4:rocmemory.cpp            :1018: 4393527322498 us: [pid:4154523 tid: 0x7ff56a04a200] Locking to pool 0x4017aed0, size 0x2001000, HostPtr = 0x7ff392cfc000, DevPtr = 0x7ff392cfc000
:4:rocblit.cpp              :623 : 4393527322510 us: [pid:4154523 tid: 0x7ff56a04a200] HSA Copy Using Pinned resource size 33554432
:4:rocblit.cpp              :687 : 4393527322518 us: [pid:4154523 tid: 0x7ff56a04a200] HSA Async Copy staged D2H
:4:rocblit.cpp              :503 : 4393527322523 us: [pid:4154523 tid: 0x7ff56a04a200] Last copy mask 0x2
:4:rocblit.cpp              :520 : 4393527322528 us: [pid:4154523 tid: 0x7ff56a04a200] HSA Async Copy on copy_engine=0x2, dst=0x7ff392cfc010, src=0x7ff33aa00000, size=33554432, forceSDMA=0, wait_event=0x0, completion_signal=0x7ff5609fec80
:4:rocvirtual.cpp           :622 : 4393527322539 us: [pid:4154523 tid: 0x7ff56a04a200] Host wait on completion_signal=0x7ff5609fec80
:3:rocvirtual.hpp           :56  : 4393527322547 us: [pid:4154523 tid: 0x7ff56a04a200] Host active wait for Signal = (0x7ff5609fec80) for -1 ns
:4:rocmemory.cpp            :1018: 4393527323764 us: [pid:4154523 tid: 0x7ff56a04a200] Locking to pool 0x4017aed0, size 0x2001000, HostPtr = 0x7ff394cfc000, DevPtr = 0x7ff394cfc000
:4:rocblit.cpp              :623 : 4393527323778 us: [pid:4154523 tid: 0x7ff56a04a200] HSA Copy Using Pinned resource size 33554432
:4:rocblit.cpp              :687 : 4393527323786 us: [pid:4154523 tid: 0x7ff56a04a200] HSA Async Copy staged D2H
:4:rocblit.cpp              :503 : 4393527323792 us: [pid:4154523 tid: 0x7ff56a04a200] Last copy mask 0x2
:4:rocblit.cpp              :520 : 4393527323796 us: [pid:4154523 tid: 0x7ff56a04a200] HSA Async Copy on copy_engine=0x2, dst=0x7ff394cfc010, src=0x7ff33ca00000, size=33554432, forceSDMA=0, wait_event=0x0, completion_signal=0x7ff5609fdd80
:4:rocvirtual.cpp           :622 : 4393527323805 us: [pid:4154523 tid: 0x7ff56a04a200] Host wait on completion_signal=0x7ff5609fdd80
:3:rocvirtual.hpp           :56  : 4393527323819 us: [pid:4154523 tid: 0x7ff56a04a200] Host active wait for Signal = (0x7ff5609fdd80) for -1 ns
:4:rocmemory.cpp            :1018: 4393527325020 us: [pid:4154523 tid: 0x7ff56a04a200] Locking to pool 0x4017aed0, size 0x2001000, HostPtr = 0x7ff396cfc000, DevPtr = 0x7ff396cfc000
:4:rocblit.cpp              :623 : 4393527325042 us: [pid:4154523 tid: 0x7ff56a04a200] HSA Copy Using Pinned resource size 33554432
:4:rocblit.cpp              :687 : 4393527325052 us: [pid:4154523 tid: 0x7ff56a04a200] HSA Async Copy staged D2H
:4:rocblit.cpp              :503 : 4393527325057 us: [pid:4154523 tid: 0x7ff56a04a200] Last copy mask 0x2
:4:rocblit.cpp              :520 : 4393527325068 us: [pid:4154523 tid: 0x7ff56a04a200] HSA Async Copy on copy_engine=0x2, dst=0x7ff396cfc010, src=0x7ff33ea00000, size=33554432, forceSDMA=0, wait_event=0x0, completion_signal=0x7ff5609fdc80
:4:rocvirtual.cpp           :622 : 4393527325078 us: [pid:4154523 tid: 0x7ff56a04a200] Host wait on completion_signal=0x7ff5609fdc80
:3:rocvirtual.hpp           :56  : 4393527325091 us: [pid:4154523 tid: 0x7ff56a04a200] Host active wait for Signal = (0x7ff5609fdc80) for -1 ns
:4:rocmemory.cpp            :1018: 4393527326290 us: [pid:4154523 tid: 0x7ff56a04a200] Locking to pool 0x4017aed0, size 0x2001000, HostPtr = 0x7ff398cfc000, DevPtr = 0x7ff398cfc000
:4:rocblit.cpp              :623 : 4393527326300 us: [pid:4154523 tid: 0x7ff56a04a200] HSA Copy Using Pinned resource size 33554432
:4:rocblit.cpp              :687 : 4393527326307 us: [pid:4154523 tid: 0x7ff56a04a200] HSA Async Copy staged D2H
:4:rocblit.cpp              :503 : 4393527326312 us: [pid:4154523 tid: 0x7ff56a04a200] Last copy mask 0x2
:4:rocblit.cpp              :520 : 4393527326322 us: [pid:4154523 tid: 0x7ff56a04a200] HSA Async Copy on copy_engine=0x2, dst=0x7ff398cfc010, src=0x7ff340a00000, size=33554432, forceSDMA=0, wait_event=0x0, completion_signal=0x7ff5609fdc00
:4:rocvirtual.cpp           :622 : 4393527326331 us: [pid:4154523 tid: 0x7ff56a04a200] Host wait on completion_signal=0x7ff5609fdc00
:3:rocvirtual.hpp           :56  : 4393527326341 us: [pid:4154523 tid: 0x7ff56a04a200] Host active wait for Signal = (0x7ff5609fdc00) for -1 ns
:4:rocmemory.cpp            :1018: 4393527327540 us: [pid:4154523 tid: 0x7ff56a04a200] Locking to pool 0x4017aed0, size 0x14c1000, HostPtr = 0x7ff39acfc000, DevPtr = 0x7ff39acfc000
:4:rocblit.cpp              :623 : 4393527327560 us: [pid:4154523 tid: 0x7ff56a04a200] HSA Copy Using Pinned resource size 21757952
:4:rocblit.cpp              :687 : 4393527327574 us: [pid:4154523 tid: 0x7ff56a04a200] HSA Async Copy staged D2H
:4:rocblit.cpp              :503 : 4393527327579 us: [pid:4154523 tid: 0x7ff56a04a200] Last copy mask 0x2
:4:rocblit.cpp              :520 : 4393527327586 us: [pid:4154523 tid: 0x7ff56a04a200] HSA Async Copy on copy_engine=0x2, dst=0x7ff39acfc010, src=0x7ff342a00000, size=21757952, forceSDMA=0, wait_event=0x0, completion_signal=0x7ff5609fed00
:4:rocvirtual.cpp           :622 : 4393527327599 us: [pid:4154523 tid: 0x7ff56a04a200] Host wait on completion_signal=0x7ff5609fed00
:3:rocvirtual.hpp           :56  : 4393527327606 us: [pid:4154523 tid: 0x7ff56a04a200] Host active wait for Signal = (0x7ff5609fed00) for -1 ns
:4:commandqueue.cpp         :161 : 4393527328380 us: [pid:4154523 tid: 0x7ff56a04a200] Marker queued to ensure finish
:4:command.cpp              :359 : 4393527328389 us: [pid:4154523 tid: 0x7ff56a04a200] Command (InternalMarker) enqueued: 0x40310790
:3:rocvirtual.cpp           :533 : 4393527328411 us: [pid:4154523 tid: 0x7ff56a04a200] Set Handler: handle(0x7ff5609fc680), timestamp(0x40937e60)
:4:rocvirtual.cpp           :1147: 4393527328427 us: [pid:4154523 tid: 0x7ff56a04a200] SWq=0x7ff56a034000, HWq=0x7ff54da00000, id=1, BarrierAND Header = 0x1503 (type=3, barrier=1, acquire=2, release=2), dep_signal=[0x0, 0x0, 0x0, 0x0, 0x0], completion_signal=0x7ff5609fc680
:4:commandqueue.cpp         :184 : 4393527328440 us: [pid:4154523 tid: 0x7ff56a04a200] All commands finished
:3:hip_memory.cpp           :796 : 4393527328447 us: [pid:4154523 tid: 0x7ff56a04a200] hipMemcpy: Returned hipSuccess : : duration: 18836 us
:3:rocvirtual.cpp           :226 : 4393527328450 us: [pid:4154523 tid: 0x7ff42fbff6c0] Handler: value(0), timestamp(0x4035bc80), handle(0x7ff5609fc680)
:4:command.cpp              :169 : 4393527328484 us: [pid:4154523 tid: 0x7ff42fbff6c0] Command 0x4035b750 complete
:4:command.cpp              :163 : 4393527328491 us: [pid:4154523 tid: 0x7ff42fbff6c0] Command 0x40310790 complete (Wall: 4393527328489, CPU: 0, GPU: 84 us)
:3:hip_memory.cpp           :3476: 4393528751088 us: [pid:4154523 tid: 0x7ff56a04a200] [32m hipMemset ( 0x7ff326a00000, 0, 491520000 ) [0m
:4:command.cpp              :359 : 4393528751123 us: [pid:4154523 tid: 0x7ff56a04a200] Command (FillBuffer) enqueued: 0x40aa9a40
:3:rocvirtual.cpp           :762 : 4393528751147 us: [pid:4154523 tid: 0x7ff56a04a200] Arg0: void* buf = ptr:0x7ff326a00000
:3:rocvirtual.cpp           :778 : 4393528751152 us: [pid:4154523 tid: 0x7ff56a04a200] Arg0: void* buf = ptr:0x7ff326a00000 obj:[0x7ff326a00000-0x7ff343ec0000]
:3:rocvirtual.cpp           :762 : 4393528751161 us: [pid:4154523 tid: 0x7ff56a04a200] Arg1: uchar* pattern = ptr:0x7ff54d800000
:3:rocvirtual.cpp           :853 : 4393528751171 us: [pid:4154523 tid: 0x7ff56a04a200] Arg2: uint pattern_size = val:1
:3:rocvirtual.cpp           :853 : 4393528751177 us: [pid:4154523 tid: 0x7ff56a04a200] Arg3: uint alignment = val:16
:3:rocvirtual.cpp           :853 : 4393528751182 us: [pid:4154523 tid: 0x7ff56a04a200] Arg4: ulong end_ptr = val:140682793320448
:3:rocvirtual.cpp           :853 : 4393528751191 us: [pid:4154523 tid: 0x7ff56a04a200] Arg5: uint next_chunk = val:26624
:3:rocvirtual.cpp           :3236: 4393528751213 us: [pid:4154523 tid: 0x7ff56a04a200] ShaderName : __amd_rocclr_fillBufferAligned
:3:rocvirtual.cpp           :3449: 4393528751231 us: [pid:4154523 tid: 0x7ff56a04a200] KernargSegmentByteSize = 296 KernargSegmentAlignment = 128
:4:rocvirtual.cpp           :965 : 4393528751246 us: [pid:4154523 tid: 0x7ff56a04a200] SWq=0x7ff56a034000, HWq=0x7ff54da00000, id=1, Dispatch Header = 0x1502 (type=2, barrier=1, acquire=2, release=2), setup=1, grid=[26624, 1, 1], workgroup=[256, 1, 1], private_seg_size=0, group_seg_size=0, kernel_obj=0x7ff56a025d40, kernarg_address=0x7ff54d800100, completion_signal=0x0, correlation_id=0, rptr=179, wptr=179
:3:hip_memory.cpp           :3477: 4393528751268 us: [pid:4154523 tid: 0x7ff56a04a200] hipMemset: Returned hipSuccess : 
:3:hip_device_runtime.cpp   :641 : 4393528751274 us: [pid:4154523 tid: 0x7ff56a04a200] [32m hipDeviceSynchronize (  ) [0m
:4:commandqueue.cpp         :161 : 4393528751291 us: [pid:4154523 tid: 0x7ff56a04a200] Marker queued to ensure finish
:4:command.cpp              :359 : 4393528751297 us: [pid:4154523 tid: 0x7ff56a04a200] Command (InternalMarker) enqueued: 0x40310790
:3:rocvirtual.cpp           :533 : 4393528751327 us: [pid:4154523 tid: 0x7ff56a04a200] Set Handler: handle(0x7ff5609fc580), timestamp(0x409d2b50)
:4:rocvirtual.cpp           :1147: 4393528751755 us: [pid:4154523 tid: 0x7ff56a04a200] SWq=0x7ff56a034000, HWq=0x7ff54da00000, id=1, BarrierAND Header = 0x1503 (type=3, barrier=1, acquire=2, release=2), dep_signal=[0x0, 0x0, 0x0, 0x0, 0x0], completion_signal=0x7ff5609fc580
:4:commandqueue.cpp         :184 : 4393528751773 us: [pid:4154523 tid: 0x7ff56a04a200] All commands finished
:3:hip_device_runtime.cpp   :645 : 4393528751789 us: [pid:4154523 tid: 0x7ff56a04a200] hipDeviceSynchronize: Returned hipSuccess : 
:3:rocvirtual.cpp           :226 : 4393528751797 us: [pid:4154523 tid: 0x7ff42fbff6c0] Handler: value(0), timestamp(0x4030f140), handle(0x7ff5609fc580)
:4:command.cpp              :169 : 4393528751843 us: [pid:4154523 tid: 0x7ff42fbff6c0] Command 0x40aa9a40 complete
:3:hip_platform.cpp         :237 : 4393528751852 us: [pid:4154523 tid: 0x7ff56a04a200] [32m __hipPushCallConfiguration ( {8,1,1}, {1024,1,1}, 0, stream:<null> ) [0m
:3:hip_platform.cpp         :241 : 4393528751869 us: [pid:4154523 tid: 0x7ff56a04a200] __hipPushCallConfiguration: Returned hipSuccess : 
:3:hip_platform.cpp         :246 : 4393528751889 us: [pid:4154523 tid: 0x7ff56a04a200] [32m __hipPopCallConfiguration ( {1951258706,32757,1024}, {2118224,0,278018480}, 0x7ffc10923700, 0x7ffc109236f8 ) [0m
:3:hip_platform.cpp         :255 : 4393528751906 us: [pid:4154523 tid: 0x7ff56a04a200] __hipPopCallConfiguration: Returned hipSuccess : 
:4:command.cpp              :163 : 4393528751856 us: [pid:4154523 tid: 0x7ff42fbff6c0] Command 0x40310790 complete (Wall: 4393528751854, CPU: 0, GPU: 541 us)
:3:hip_module.cpp           :744 : 4393528751922 us: [pid:4154523 tid: 0x7ff56a04a200] [32m hipLaunchKernel ( 0x200fd8, {8,1,1}, {1024,1,1}, 0x7ffc109236b0, 0, stream:<null> ) [0m
:4:command.cpp              :359 : 4393528752301 us: [pid:4154523 tid: 0x7ff56a04a200] Command (KernelExecution) enqueued: 0x4035b750
:3:rocvirtual.cpp           :762 : 4393528752323 us: [pid:4154523 tid: 0x7ff56a04a200] Arg0:   = ptr:0x7ff344200000
:3:rocvirtual.cpp           :778 : 4393528752335 us: [pid:4154523 tid: 0x7ff56a04a200] Arg0:   = ptr:0x7ff344200000 obj:[0x7ff344200000-0x7ff3616c0000]
:3:rocvirtual.cpp           :762 : 4393528752348 us: [pid:4154523 tid: 0x7ff56a04a200] Arg1:   = ptr:0x7ff54cc27000
:3:rocvirtual.cpp           :778 : 4393528752353 us: [pid:4154523 tid: 0x7ff56a04a200] Arg1:   = ptr:0x7ff54cc27000 obj:[0x7ff54cc27000-0x7ff54cc87000]
:3:rocvirtual.cpp           :762 : 4393528752361 us: [pid:4154523 tid: 0x7ff56a04a200] Arg2:   = ptr:0x7ff326a00000
:3:rocvirtual.cpp           :778 : 4393528752366 us: [pid:4154523 tid: 0x7ff56a04a200] Arg2:   = ptr:0x7ff326a00000 obj:[0x7ff326a00000-0x7ff343ec0000]
:3:rocvirtual.cpp           :853 : 4393528752373 us: [pid:4154523 tid: 0x7ff56a04a200] Arg3:   = val:12288
:3:rocvirtual.cpp           :762 : 4393528752384 us: [pid:4154523 tid: 0x7ff56a04a200] Arg4:   = ptr:0x7ff54cc00000
:3:rocvirtual.cpp           :778 : 4393528752391 us: [pid:4154523 tid: 0x7ff56a04a200] Arg4:   = ptr:0x7ff54cc00000 obj:[0x7ff54cc00000-0x7ff54cc00024]
:3:rocvirtual.cpp           :3236: 4393528752399 us: [pid:4154523 tid: 0x7ff56a04a200] ShaderName : void dense_esuhm<float>(float const*, float const*, float*, int, int const*)
:3:rocvirtual.cpp           :3449: 4393528752418 us: [pid:4154523 tid: 0x7ff56a04a200] KernargSegmentByteSize = 296 KernargSegmentAlignment = 128
:4:rocvirtual.cpp           :965 : 4393528752428 us: [pid:4154523 tid: 0x7ff56a04a200] SWq=0x7ff56a034000, HWq=0x7ff54da00000, id=1, Dispatch Header = 0xb02 (type=2, barrier=1, acquire=1, release=1), setup=3, grid=[8192, 1, 1], workgroup=[1024, 1, 1], private_seg_size=140, group_seg_size=0, kernel_obj=0x7ff560a91980, kernarg_address=0x7ff54d800280, completion_signal=0x0, correlation_id=0, rptr=181, wptr=181
:3:hip_module.cpp           :745 : 4393528752449 us: [pid:4154523 tid: 0x7ff56a04a200] hipLaunchKernel: Returned hipSuccess : : duration: 527 us
:3:hip_device_runtime.cpp   :641 : 4393528752472 us: [pid:4154523 tid: 0x7ff56a04a200] [32m hipDeviceSynchronize (  ) [0m
:4:commandqueue.cpp         :161 : 4393528752477 us: [pid:4154523 tid: 0x7ff56a04a200] Marker queued to ensure finish
:4:command.cpp              :359 : 4393528752482 us: [pid:4154523 tid: 0x7ff56a04a200] Command (InternalMarker) enqueued: 0x40310790
:3:rocvirtual.cpp           :533 : 4393528752495 us: [pid:4154523 tid: 0x7ff56a04a200] Set Handler: handle(0x7ff5609fc600), timestamp(0x40972540)
:4:rocvirtual.cpp           :1147: 4393528752506 us: [pid:4154523 tid: 0x7ff56a04a200] SWq=0x7ff56a034000, HWq=0x7ff54da00000, id=1, BarrierAND Header = 0x1503 (type=3, barrier=1, acquire=2, release=2), dep_signal=[0x0, 0x0, 0x0, 0x0, 0x0], completion_signal=0x7ff5609fc600
:3:rocvirtual.hpp           :56  : 4393528752519 us: [pid:4154523 tid: 0x7ff56a04a200] Host active wait for Signal = (0x7ff5609fc600) for -1 ns
:4:commandqueue.cpp         :184 : 4393528752755 us: [pid:4154523 tid: 0x7ff56a04a200] All commands finished
:3:rocvirtual.cpp           :226 : 4393528752760 us: [pid:4154523 tid: 0x7ff42fbff6c0] Handler: value(0), timestamp(0x406f05d0), handle(0x7ff5609fc600)
:4:command.cpp              :169 : 4393528753029 us: [pid:4154523 tid: 0x7ff42fbff6c0] Command 0x4035b750 complete
:3:hip_device_runtime.cpp   :645 : 4393528753018 us: [pid:4154523 tid: 0x7ff56a04a200] hipDeviceSynchronize: Returned hipSuccess : 
:4:command.cpp              :163 : 4393528753042 us: [pid:4154523 tid: 0x7ff42fbff6c0] Command 0x40310790 complete (Wall: 4393528753037, CPU: 0, GPU: 547 us)
:3:hip_memory.cpp           :795 : 4393528753058 us: [pid:4154523 tid: 0x7ff56a04a200] [32m hipMemcpy ( 0x7ff3b967e010, 0x7ff326a00000, 491520000, hipMemcpyDeviceToHost ) [0m
:4:command.cpp              :359 : 4393528753080 us: [pid:4154523 tid: 0x7ff56a04a200] Command (CopyDeviceToHost) enqueued: 0x40a93ca0
:4:rocblit.cpp              :1673: 4393528753090 us: [pid:4154523 tid: 0x7ff56a04a200] Unpinned read path, Async = 0
:4:rocmemory.cpp            :1018: 4393528753118 us: [pid:4154523 tid: 0x7ff56a04a200] Locking to pool 0x4017aed0, size 0x2001000, HostPtr = 0x7ff3b967e000, DevPtr = 0x7ff3b967e000
:4:rocblit.cpp              :623 : 4393528753126 us: [pid:4154523 tid: 0x7ff56a04a200] HSA Copy Using Pinned resource size 33554432
:4:rocblit.cpp              :687 : 4393528753133 us: [pid:4154523 tid: 0x7ff56a04a200] HSA Async Copy staged D2H
:4:rocblit.cpp              :503 : 4393528753139 us: [pid:4154523 tid: 0x7ff56a04a200] Last copy mask 0x0
:4:rocblit.cpp              :509 : 4393528753525 us: [pid:4154523 tid: 0x7ff56a04a200] Query copy engine status 0, free_engine mask 0x1e
:4:rocblit.cpp              :520 : 4393528753534 us: [pid:4154523 tid: 0x7ff56a04a200] HSA Async Copy on copy_engine=0x2, dst=0x7ff3b967e010, src=0x7ff326a00000, size=33554432, forceSDMA=0, wait_event=0x0, completion_signal=0x7ff5609feb00
:4:rocvirtual.cpp           :622 : 4393528753557 us: [pid:4154523 tid: 0x7ff56a04a200] Host wait on completion_signal=0x7ff5609feb00
:3:rocvirtual.hpp           :56  : 4393528753568 us: [pid:4154523 tid: 0x7ff56a04a200] Host active wait for Signal = (0x7ff5609feb00) for -1 ns
:4:rocmemory.cpp            :1018: 4393528754785 us: [pid:4154523 tid: 0x7ff56a04a200] Locking to pool 0x4017aed0, size 0x2001000, HostPtr = 0x7ff3bb67e000, DevPtr = 0x7ff3bb67e000
:4:rocblit.cpp              :623 : 4393528754808 us: [pid:4154523 tid: 0x7ff56a04a200] HSA Copy Using Pinned resource size 33554432
:4:rocblit.cpp              :687 : 4393528754815 us: [pid:4154523 tid: 0x7ff56a04a200] HSA Async Copy staged D2H
:4:rocblit.cpp              :503 : 4393528754826 us: [pid:4154523 tid: 0x7ff56a04a200] Last copy mask 0x2
:4:rocblit.cpp              :520 : 4393528754833 us: [pid:4154523 tid: 0x7ff56a04a200] HSA Async Copy on copy_engine=0x2, dst=0x7ff3bb67e010, src=0x7ff328a00000, size=33554432, forceSDMA=0, wait_event=0x0, completion_signal=0x7ff5609fe100
:4:rocvirtual.cpp           :622 : 4393528754849 us: [pid:4154523 tid: 0x7ff56a04a200] Host wait on completion_signal=0x7ff5609fe100
:3:rocvirtual.hpp           :56  : 4393528754860 us: [pid:4154523 tid: 0x7ff56a04a200] Host active wait for Signal = (0x7ff5609fe100) for -1 ns
:4:rocmemory.cpp            :1018: 4393528756062 us: [pid:4154523 tid: 0x7ff56a04a200] Locking to pool 0x4017aed0, size 0x2001000, HostPtr = 0x7ff3bd67e000, DevPtr = 0x7ff3bd67e000
:4:rocblit.cpp              :623 : 4393528756084 us: [pid:4154523 tid: 0x7ff56a04a200] HSA Copy Using Pinned resource size 33554432
:4:rocblit.cpp              :687 : 4393528756093 us: [pid:4154523 tid: 0x7ff56a04a200] HSA Async Copy staged D2H
:4:rocblit.cpp              :503 : 4393528756100 us: [pid:4154523 tid: 0x7ff56a04a200] Last copy mask 0x2
:4:rocblit.cpp              :520 : 4393528756106 us: [pid:4154523 tid: 0x7ff56a04a200] HSA Async Copy on copy_engine=0x2, dst=0x7ff3bd67e010, src=0x7ff32aa00000, size=33554432, forceSDMA=0, wait_event=0x0, completion_signal=0x7ff5609fe200
:4:rocvirtual.cpp           :622 : 4393528756118 us: [pid:4154523 tid: 0x7ff56a04a200] Host wait on completion_signal=0x7ff5609fe200
:3:rocvirtual.hpp           :56  : 4393528756128 us: [pid:4154523 tid: 0x7ff56a04a200] Host active wait for Signal = (0x7ff5609fe200) for -1 ns
:4:rocmemory.cpp            :1018: 4393528757326 us: [pid:4154523 tid: 0x7ff56a04a200] Locking to pool 0x4017aed0, size 0x2001000, HostPtr = 0x7ff3bf67e000, DevPtr = 0x7ff3bf67e000
:4:rocblit.cpp              :623 : 4393528757342 us: [pid:4154523 tid: 0x7ff56a04a200] HSA Copy Using Pinned resource size 33554432
:4:rocblit.cpp              :687 : 4393528757351 us: [pid:4154523 tid: 0x7ff56a04a200] HSA Async Copy staged D2H
:4:rocblit.cpp              :503 : 4393528757358 us: [pid:4154523 tid: 0x7ff56a04a200] Last copy mask 0x2
:4:rocblit.cpp              :520 : 4393528757371 us: [pid:4154523 tid: 0x7ff56a04a200] HSA Async Copy on copy_engine=0x2, dst=0x7ff3bf67e010, src=0x7ff32ca00000, size=33554432, forceSDMA=0, wait_event=0x0, completion_signal=0x7ff5609fdb80
:4:rocvirtual.cpp           :622 : 4393528757381 us: [pid:4154523 tid: 0x7ff56a04a200] Host wait on completion_signal=0x7ff5609fdb80
:3:rocvirtual.hpp           :56  : 4393528757388 us: [pid:4154523 tid: 0x7ff56a04a200] Host active wait for Signal = (0x7ff5609fdb80) for -1 ns
:4:rocmemory.cpp            :1018: 4393528758590 us: [pid:4154523 tid: 0x7ff56a04a200] Locking to pool 0x4017aed0, size 0x2001000, HostPtr = 0x7ff3c167e000, DevPtr = 0x7ff3c167e000
:4:rocblit.cpp              :623 : 4393528758603 us: [pid:4154523 tid: 0x7ff56a04a200] HSA Copy Using Pinned resource size 33554432
:4:rocblit.cpp              :687 : 4393528758610 us: [pid:4154523 tid: 0x7ff56a04a200] HSA Async Copy staged D2H
:4:rocblit.cpp              :503 : 4393528758616 us: [pid:4154523 tid: 0x7ff56a04a200] Last copy mask 0x2
:4:rocblit.cpp              :520 : 4393528758623 us: [pid:4154523 tid: 0x7ff56a04a200] HSA Async Copy on copy_engine=0x2, dst=0x7ff3c167e010, src=0x7ff32ea00000, size=33554432, forceSDMA=0, wait_event=0x0, completion_signal=0x7ff5609fda80
:4:rocvirtual.cpp           :622 : 4393528758639 us: [pid:4154523 tid: 0x7ff56a04a200] Host wait on completion_signal=0x7ff5609fda80
:3:rocvirtual.hpp           :56  : 4393528758646 us: [pid:4154523 tid: 0x7ff56a04a200] Host active wait for Signal = (0x7ff5609fda80) for -1 ns
:4:rocmemory.cpp            :1018: 4393528759844 us: [pid:4154523 tid: 0x7ff56a04a200] Locking to pool 0x4017aed0, size 0x2001000, HostPtr = 0x7ff3c367e000, DevPtr = 0x7ff3c367e000
:4:rocblit.cpp              :623 : 4393528759863 us: [pid:4154523 tid: 0x7ff56a04a200] HSA Copy Using Pinned resource size 33554432
:4:rocblit.cpp              :687 : 4393528760318 us: [pid:4154523 tid: 0x7ff56a04a200] HSA Async Copy staged D2H
:4:rocblit.cpp              :503 : 4393528760323 us: [pid:4154523 tid: 0x7ff56a04a200] Last copy mask 0x2
:4:rocblit.cpp              :520 : 4393528760328 us: [pid:4154523 tid: 0x7ff56a04a200] HSA Async Copy on copy_engine=0x2, dst=0x7ff3c367e010, src=0x7ff330a00000, size=33554432, forceSDMA=0, wait_event=0x0, completion_signal=0x7ff5609fd880
:4:rocvirtual.cpp           :622 : 4393528760347 us: [pid:4154523 tid: 0x7ff56a04a200] Host wait on completion_signal=0x7ff5609fd880
:3:rocvirtual.hpp           :56  : 4393528760354 us: [pid:4154523 tid: 0x7ff56a04a200] Host active wait for Signal = (0x7ff5609fd880) for -1 ns
:4:rocmemory.cpp            :1018: 4393528761548 us: [pid:4154523 tid: 0x7ff56a04a200] Locking to pool 0x4017aed0, size 0x2001000, HostPtr = 0x7ff3c567e000, DevPtr = 0x7ff3c567e000
:4:rocblit.cpp              :623 : 4393528761559 us: [pid:4154523 tid: 0x7ff56a04a200] HSA Copy Using Pinned resource size 33554432
:4:rocblit.cpp              :687 : 4393528761566 us: [pid:4154523 tid: 0x7ff56a04a200] HSA Async Copy staged D2H
:4:rocblit.cpp              :503 : 4393528761573 us: [pid:4154523 tid: 0x7ff56a04a200] Last copy mask 0x2
:4:rocblit.cpp              :520 : 4393528761577 us: [pid:4154523 tid: 0x7ff56a04a200] HSA Async Copy on copy_engine=0x2, dst=0x7ff3c567e010, src=0x7ff332a00000, size=33554432, forceSDMA=0, wait_event=0x0, completion_signal=0x7ff5609ff780
:4:rocvirtual.cpp           :622 : 4393528761585 us: [pid:4154523 tid: 0x7ff56a04a200] Host wait on completion_signal=0x7ff5609ff780
:3:rocvirtual.hpp           :56  : 4393528761593 us: [pid:4154523 tid: 0x7ff56a04a200] Host active wait for Signal = (0x7ff5609ff780) for -1 ns
:4:rocmemory.cpp            :1018: 4393528762789 us: [pid:4154523 tid: 0x7ff56a04a200] Locking to pool 0x4017aed0, size 0x2001000, HostPtr = 0x7ff3c767e000, DevPtr = 0x7ff3c767e000
:4:rocblit.cpp              :623 : 4393528762799 us: [pid:4154523 tid: 0x7ff56a04a200] HSA Copy Using Pinned resource size 33554432
:4:rocblit.cpp              :687 : 4393528762807 us: [pid:4154523 tid: 0x7ff56a04a200] HSA Async Copy staged D2H
:4:rocblit.cpp              :503 : 4393528762812 us: [pid:4154523 tid: 0x7ff56a04a200] Last copy mask 0x2
:4:rocblit.cpp              :520 : 4393528762817 us: [pid:4154523 tid: 0x7ff56a04a200] HSA Async Copy on copy_engine=0x2, dst=0x7ff3c767e010, src=0x7ff334a00000, size=33554432, forceSDMA=0, wait_event=0x0, completion_signal=0x7ff5609fec00
:4:rocvirtual.cpp           :622 : 4393528762825 us: [pid:4154523 tid: 0x7ff56a04a200] Host wait on completion_signal=0x7ff5609fec00
:3:rocvirtual.hpp           :56  : 4393528762832 us: [pid:4154523 tid: 0x7ff56a04a200] Host active wait for Signal = (0x7ff5609fec00) for -1 ns
:4:rocmemory.cpp            :1018: 4393528764028 us: [pid:4154523 tid: 0x7ff56a04a200] Locking to pool 0x4017aed0, size 0x2001000, HostPtr = 0x7ff3c967e000, DevPtr = 0x7ff3c967e000
:4:rocblit.cpp              :623 : 4393528764041 us: [pid:4154523 tid: 0x7ff56a04a200] HSA Copy Using Pinned resource size 33554432
:4:rocblit.cpp              :687 : 4393528764054 us: [pid:4154523 tid: 0x7ff56a04a200] HSA Async Copy staged D2H
:4:rocblit.cpp              :503 : 4393528764059 us: [pid:4154523 tid: 0x7ff56a04a200] Last copy mask 0x2
:4:rocblit.cpp              :520 : 4393528764064 us: [pid:4154523 tid: 0x7ff56a04a200] HSA Async Copy on copy_engine=0x2, dst=0x7ff3c967e010, src=0x7ff336a00000, size=33554432, forceSDMA=0, wait_event=0x0, completion_signal=0x7ff5609fee80
:4:rocvirtual.cpp           :622 : 4393528764073 us: [pid:4154523 tid: 0x7ff56a04a200] Host wait on completion_signal=0x7ff5609fee80
:3:rocvirtual.hpp           :56  : 4393528764081 us: [pid:4154523 tid: 0x7ff56a04a200] Host active wait for Signal = (0x7ff5609fee80) for -1 ns
:4:rocmemory.cpp            :1018: 4393528765276 us: [pid:4154523 tid: 0x7ff56a04a200] Locking to pool 0x4017aed0, size 0x2001000, HostPtr = 0x7ff3cb67e000, DevPtr = 0x7ff3cb67e000
:4:rocblit.cpp              :623 : 4393528765287 us: [pid:4154523 tid: 0x7ff56a04a200] HSA Copy Using Pinned resource size 33554432
:4:rocblit.cpp              :687 : 4393528765294 us: [pid:4154523 tid: 0x7ff56a04a200] HSA Async Copy staged D2H
:4:rocblit.cpp              :503 : 4393528765299 us: [pid:4154523 tid: 0x7ff56a04a200] Last copy mask 0x2
:4:rocblit.cpp              :520 : 4393528765304 us: [pid:4154523 tid: 0x7ff56a04a200] HSA Async Copy on copy_engine=0x2, dst=0x7ff3cb67e010, src=0x7ff338a00000, size=33554432, forceSDMA=0, wait_event=0x0, completion_signal=0x7ff5609fee00
:4:rocvirtual.cpp           :622 : 4393528765318 us: [pid:4154523 tid: 0x7ff56a04a200] Host wait on completion_signal=0x7ff5609fee00
:3:rocvirtual.hpp           :56  : 4393528765331 us: [pid:4154523 tid: 0x7ff56a04a200] Host active wait for Signal = (0x7ff5609fee00) for -1 ns
:4:rocmemory.cpp            :1018: 4393528766521 us: [pid:4154523 tid: 0x7ff56a04a200] Locking to pool 0x4017aed0, size 0x2001000, HostPtr = 0x7ff3cd67e000, DevPtr = 0x7ff3cd67e000
:4:rocblit.cpp              :623 : 4393528766531 us: [pid:4154523 tid: 0x7ff56a04a200] HSA Copy Using Pinned resource size 33554432
:4:rocblit.cpp              :687 : 4393528766539 us: [pid:4154523 tid: 0x7ff56a04a200] HSA Async Copy staged D2H
:4:rocblit.cpp              :503 : 4393528766543 us: [pid:4154523 tid: 0x7ff56a04a200] Last copy mask 0x2
:4:rocblit.cpp              :520 : 4393528766548 us: [pid:4154523 tid: 0x7ff56a04a200] HSA Async Copy on copy_engine=0x2, dst=0x7ff3cd67e010, src=0x7ff33aa00000, size=33554432, forceSDMA=0, wait_event=0x0, completion_signal=0x7ff5609ff480
:4:rocvirtual.cpp           :622 : 4393528766556 us: [pid:4154523 tid: 0x7ff56a04a200] Host wait on completion_signal=0x7ff5609ff480
:3:rocvirtual.hpp           :56  : 4393528766564 us: [pid:4154523 tid: 0x7ff56a04a200] Host active wait for Signal = (0x7ff5609ff480) for -1 ns
:4:rocmemory.cpp            :1018: 4393528767761 us: [pid:4154523 tid: 0x7ff56a04a200] Locking to pool 0x4017aed0, size 0x2001000, HostPtr = 0x7ff3cf67e000, DevPtr = 0x7ff3cf67e000
:4:rocblit.cpp              :623 : 4393528767776 us: [pid:4154523 tid: 0x7ff56a04a200] HSA Copy Using Pinned resource size 33554432
:4:rocblit.cpp              :687 : 4393528767784 us: [pid:4154523 tid: 0x7ff56a04a200] HSA Async Copy staged D2H
:4:rocblit.cpp              :503 : 4393528767789 us: [pid:4154523 tid: 0x7ff56a04a200] Last copy mask 0x2
:4:rocblit.cpp              :520 : 4393528767793 us: [pid:4154523 tid: 0x7ff56a04a200] HSA Async Copy on copy_engine=0x2, dst=0x7ff3cf67e010, src=0x7ff33ca00000, size=33554432, forceSDMA=0, wait_event=0x0, completion_signal=0x7ff5609fd900
:4:rocvirtual.cpp           :622 : 4393528767803 us: [pid:4154523 tid: 0x7ff56a04a200] Host wait on completion_signal=0x7ff5609fd900
:3:rocvirtual.hpp           :56  : 4393528767813 us: [pid:4154523 tid: 0x7ff56a04a200] Host active wait for Signal = (0x7ff5609fd900) for -1 ns
:4:rocmemory.cpp            :1018: 4393528769013 us: [pid:4154523 tid: 0x7ff56a04a200] Locking to pool 0x4017aed0, size 0x2001000, HostPtr = 0x7ff3d167e000, DevPtr = 0x7ff3d167e000
:4:rocblit.cpp              :623 : 4393528769025 us: [pid:4154523 tid: 0x7ff56a04a200] HSA Copy Using Pinned resource size 33554432
:4:rocblit.cpp              :687 : 4393528769033 us: [pid:4154523 tid: 0x7ff56a04a200] HSA Async Copy staged D2H
:4:rocblit.cpp              :503 : 4393528769038 us: [pid:4154523 tid: 0x7ff56a04a200] Last copy mask 0x2
:4:rocblit.cpp              :520 : 4393528769042 us: [pid:4154523 tid: 0x7ff56a04a200] HSA Async Copy on copy_engine=0x2, dst=0x7ff3d167e010, src=0x7ff33ea00000, size=33554432, forceSDMA=0, wait_event=0x0, completion_signal=0x7ff5609fe280
:4:rocvirtual.cpp           :622 : 4393528769050 us: [pid:4154523 tid: 0x7ff56a04a200] Host wait on completion_signal=0x7ff5609fe280
:3:rocvirtual.hpp           :56  : 4393528769058 us: [pid:4154523 tid: 0x7ff56a04a200] Host active wait for Signal = (0x7ff5609fe280) for -1 ns
:4:rocmemory.cpp            :1018: 4393528770265 us: [pid:4154523 tid: 0x7ff56a04a200] Locking to pool 0x4017aed0, size 0x2001000, HostPtr = 0x7ff3d367e000, DevPtr = 0x7ff3d367e000
:4:rocblit.cpp              :623 : 4393528770284 us: [pid:4154523 tid: 0x7ff56a04a200] HSA Copy Using Pinned resource size 33554432
:4:rocblit.cpp              :687 : 4393528770292 us: [pid:4154523 tid: 0x7ff56a04a200] HSA Async Copy staged D2H
:4:rocblit.cpp              :503 : 4393528770297 us: [pid:4154523 tid: 0x7ff56a04a200] Last copy mask 0x2
:4:rocblit.cpp              :520 : 4393528770305 us: [pid:4154523 tid: 0x7ff56a04a200] HSA Async Copy on copy_engine=0x2, dst=0x7ff3d367e010, src=0x7ff340a00000, size=33554432, forceSDMA=0, wait_event=0x0, completion_signal=0x7ff5609fe300
:4:rocvirtual.cpp           :622 : 4393528770314 us: [pid:4154523 tid: 0x7ff56a04a200] Host wait on completion_signal=0x7ff5609fe300
:3:rocvirtual.hpp           :56  : 4393528770321 us: [pid:4154523 tid: 0x7ff56a04a200] Host active wait for Signal = (0x7ff5609fe300) for -1 ns
:4:rocmemory.cpp            :1018: 4393528771518 us: [pid:4154523 tid: 0x7ff56a04a200] Locking to pool 0x4017aed0, size 0x14c1000, HostPtr = 0x7ff3d567e000, DevPtr = 0x7ff3d567e000
:4:rocblit.cpp              :623 : 4393528771529 us: [pid:4154523 tid: 0x7ff56a04a200] HSA Copy Using Pinned resource size 21757952
:4:rocblit.cpp              :687 : 4393528771544 us: [pid:4154523 tid: 0x7ff56a04a200] HSA Async Copy staged D2H
:4:rocblit.cpp              :503 : 4393528771550 us: [pid:4154523 tid: 0x7ff56a04a200] Last copy mask 0x2
:4:rocblit.cpp              :520 : 4393528771554 us: [pid:4154523 tid: 0x7ff56a04a200] HSA Async Copy on copy_engine=0x2, dst=0x7ff3d567e010, src=0x7ff342a00000, size=21757952, forceSDMA=0, wait_event=0x0, completion_signal=0x7ff5609fe400
:4:rocvirtual.cpp           :622 : 4393528771562 us: [pid:4154523 tid: 0x7ff56a04a200] Host wait on completion_signal=0x7ff5609fe400
:3:rocvirtual.hpp           :56  : 4393528771570 us: [pid:4154523 tid: 0x7ff56a04a200] Host active wait for Signal = (0x7ff5609fe400) for -1 ns
:4:commandqueue.cpp         :161 : 4393528772352 us: [pid:4154523 tid: 0x7ff56a04a200] Marker queued to ensure finish
:4:command.cpp              :359 : 4393528772362 us: [pid:4154523 tid: 0x7ff56a04a200] Command (InternalMarker) enqueued: 0x40310790
:3:rocvirtual.cpp           :533 : 4393528772374 us: [pid:4154523 tid: 0x7ff56a04a200] Set Handler: handle(0x7ff5609fc280), timestamp(0x40a940b0)
:4:rocvirtual.cpp           :1147: 4393528772383 us: [pid:4154523 tid: 0x7ff56a04a200] SWq=0x7ff56a034000, HWq=0x7ff54da00000, id=1, BarrierAND Header = 0x1503 (type=3, barrier=1, acquire=2, release=2), dep_signal=[0x0, 0x0, 0x0, 0x0, 0x0], completion_signal=0x7ff5609fc280
:3:rocvirtual.hpp           :56  : 4393528772394 us: [pid:4154523 tid: 0x7ff56a04a200] Host active wait for Signal = (0x7ff5609fc280) for -1 ns
:3:rocvirtual.cpp           :226 : 4393528772400 us: [pid:4154523 tid: 0x7ff42fbff6c0] Handler: value(0), timestamp(0x406f05d0), handle(0x7ff5609fc280)
:4:command.cpp              :169 : 4393528772418 us: [pid:4154523 tid: 0x7ff42fbff6c0] Command 0x40a93ca0 complete
:4:command.cpp              :163 : 4393528772425 us: [pid:4154523 tid: 0x7ff42fbff6c0] Command 0x40310790 complete (Wall: 4393528772423, CPU: 0, GPU: 53 us)
:4:commandqueue.cpp         :184 : 4393528772427 us: [pid:4154523 tid: 0x7ff56a04a200] All commands finished
:3:hip_memory.cpp           :796 : 4393528772441 us: [pid:4154523 tid: 0x7ff56a04a200] hipMemcpy: Returned hipSuccess : : duration: 19383 us
:3:hip_memory.cpp           :3476: 4393528772452 us: [pid:4154523 tid: 0x7ff56a04a200] [32m hipMemset ( 0x7ff326a00000, 0, 491520000 ) [0m
:4:command.cpp              :359 : 4393528772462 us: [pid:4154523 tid: 0x7ff56a04a200] Command (FillBuffer) enqueued: 0x40aa9a40
:3:rocvirtual.cpp           :762 : 4393528772479 us: [pid:4154523 tid: 0x7ff56a04a200] Arg0: void* buf = ptr:0x7ff326a00000
:3:rocvirtual.cpp           :778 : 4393528772485 us: [pid:4154523 tid: 0x7ff56a04a200] Arg0: void* buf = ptr:0x7ff326a00000 obj:[0x7ff326a00000-0x7ff343ec0000]
:3:rocvirtual.cpp           :762 : 4393528772493 us: [pid:4154523 tid: 0x7ff56a04a200] Arg1: uchar* pattern = ptr:0x7ff54d800000
:3:rocvirtual.cpp           :853 : 4393528772501 us: [pid:4154523 tid: 0x7ff56a04a200] Arg2: uint pattern_size = val:1
:3:rocvirtual.cpp           :853 : 4393528772506 us: [pid:4154523 tid: 0x7ff56a04a200] Arg3: uint alignment = val:16
:3:rocvirtual.cpp           :853 : 4393528772511 us: [pid:4154523 tid: 0x7ff56a04a200] Arg4: ulong end_ptr = val:140682793320448
:3:rocvirtual.cpp           :853 : 4393528772529 us: [pid:4154523 tid: 0x7ff56a04a200] Arg5: uint next_chunk = val:26624
:3:rocvirtual.cpp           :3236: 4393528772534 us: [pid:4154523 tid: 0x7ff56a04a200] ShaderName : __amd_rocclr_fillBufferAligned
:3:rocvirtual.cpp           :3449: 4393528772542 us: [pid:4154523 tid: 0x7ff56a04a200] KernargSegmentByteSize = 296 KernargSegmentAlignment = 128
:4:rocvirtual.cpp           :965 : 4393528772551 us: [pid:4154523 tid: 0x7ff56a04a200] SWq=0x7ff56a034000, HWq=0x7ff54da00000, id=1, Dispatch Header = 0x1502 (type=2, barrier=1, acquire=2, release=2), setup=1, grid=[26624, 1, 1], workgroup=[256, 1, 1], private_seg_size=0, group_seg_size=0, kernel_obj=0x7ff56a025d40, kernarg_address=0x7ff54d800100, completion_signal=0x0, correlation_id=0, rptr=184, wptr=184
:3:hip_memory.cpp           :3477: 4393528772571 us: [pid:4154523 tid: 0x7ff56a04a200] hipMemset: Returned hipSuccess : 
:3:hip_device_runtime.cpp   :641 : 4393528772576 us: [pid:4154523 tid: 0x7ff56a04a200] [32m hipDeviceSynchronize (  ) [0m
:4:commandqueue.cpp         :161 : 4393528773048 us: [pid:4154523 tid: 0x7ff56a04a200] Marker queued to ensure finish
:4:command.cpp              :359 : 4393528773057 us: [pid:4154523 tid: 0x7ff56a04a200] Command (InternalMarker) enqueued: 0x40310790
:3:rocvirtual.cpp           :533 : 4393528773070 us: [pid:4154523 tid: 0x7ff56a04a200] Set Handler: handle(0x7ff5609fc000), timestamp(0x40276c20)
:4:rocvirtual.cpp           :1147: 4393528773082 us: [pid:4154523 tid: 0x7ff56a04a200] SWq=0x7ff56a034000, HWq=0x7ff54da00000, id=1, BarrierAND Header = 0x1503 (type=3, barrier=1, acquire=2, release=2), dep_signal=[0x0, 0x0, 0x0, 0x0, 0x0], completion_signal=0x7ff5609fc000
:4:commandqueue.cpp         :184 : 4393528773096 us: [pid:4154523 tid: 0x7ff56a04a200] All commands finished
:3:rocvirtual.cpp           :226 : 4393528773092 us: [pid:4154523 tid: 0x7ff42fbff6c0] Handler: value(0), timestamp(0x409d2d50), handle(0x7ff5609fc000)
:4:command.cpp              :169 : 4393528773112 us: [pid:4154523 tid: 0x7ff42fbff6c0] Command 0x40aa9a40 complete
:4:command.cpp              :163 : 4393528773120 us: [pid:4154523 tid: 0x7ff42fbff6c0] Command 0x40310790 complete (Wall: 4393528773119, CPU: 0, GPU: 53 us)
:3:hip_device_runtime.cpp   :645 : 4393528773103 us: [pid:4154523 tid: 0x7ff56a04a200] hipDeviceSynchronize: Returned hipSuccess : 
:3:hip_platform.cpp         :237 : 4393528773141 us: [pid:4154523 tid: 0x7ff56a04a200] [32m __hipPushCallConfiguration ( {8,1,1}, {1024,1,1}, 0, stream:<null> ) [0m
:3:hip_platform.cpp         :241 : 4393528773149 us: [pid:4154523 tid: 0x7ff56a04a200] __hipPushCallConfiguration: Returned hipSuccess : 
:3:hip_platform.cpp         :246 : 4393528773158 us: [pid:4154523 tid: 0x7ff56a04a200] [32m __hipPopCallConfiguration ( {1951258706,32757,1024}, {2118224,0,278018480}, 0x7ffc10923700, 0x7ffc109236f8 ) [0m
:3:hip_platform.cpp         :255 : 4393528773503 us: [pid:4154523 tid: 0x7ff56a04a200] __hipPopCallConfiguration: Returned hipSuccess : 
:3:hip_module.cpp           :744 : 4393528773523 us: [pid:4154523 tid: 0x7ff56a04a200] [32m hipLaunchKernel ( 0x200fe0, {8,1,1}, {1024,1,1}, 0x7ffc109236b0, 0, stream:<null> ) [0m
:4:command.cpp              :359 : 4393528773883 us: [pid:4154523 tid: 0x7ff56a04a200] Command (KernelExecution) enqueued: 0x40a93ca0
:3:rocvirtual.cpp           :762 : 4393528773901 us: [pid:4154523 tid: 0x7ff56a04a200] Arg0:   = ptr:0x7ff344200000
:3:rocvirtual.cpp           :778 : 4393528773909 us: [pid:4154523 tid: 0x7ff56a04a200] Arg0:   = ptr:0x7ff344200000 obj:[0x7ff344200000-0x7ff3616c0000]
:3:rocvirtual.cpp           :762 : 4393528773920 us: [pid:4154523 tid: 0x7ff56a04a200] Arg1:   = ptr:0x7ff54cc27000
:3:rocvirtual.cpp           :778 : 4393528773925 us: [pid:4154523 tid: 0x7ff56a04a200] Arg1:   = ptr:0x7ff54cc27000 obj:[0x7ff54cc27000-0x7ff54cc87000]
:3:rocvirtual.cpp           :762 : 4393528773939 us: [pid:4154523 tid: 0x7ff56a04a200] Arg2:   = ptr:0x7ff326a00000
:3:rocvirtual.cpp           :778 : 4393528773944 us: [pid:4154523 tid: 0x7ff56a04a200] Arg2:   = ptr:0x7ff326a00000 obj:[0x7ff326a00000-0x7ff343ec0000]
:3:rocvirtual.cpp           :853 : 4393528773963 us: [pid:4154523 tid: 0x7ff56a04a200] Arg3:   = val:12288
:3:rocvirtual.cpp           :762 : 4393528773968 us: [pid:4154523 tid: 0x7ff56a04a200] Arg4:   = ptr:0x7ff54cc00000
:3:rocvirtual.cpp           :778 : 4393528773973 us: [pid:4154523 tid: 0x7ff56a04a200] Arg4:   = ptr:0x7ff54cc00000 obj:[0x7ff54cc00000-0x7ff54cc00024]
:3:rocvirtual.cpp           :3236: 4393528773980 us: [pid:4154523 tid: 0x7ff56a04a200] ShaderName : void dense_esuhm2<float>(float const*, float const*, float*, int, int const*)
:3:rocvirtual.cpp           :3449: 4393528773991 us: [pid:4154523 tid: 0x7ff56a04a200] KernargSegmentByteSize = 296 KernargSegmentAlignment = 128
:4:rocvirtual.cpp           :965 : 4393528774006 us: [pid:4154523 tid: 0x7ff56a04a200] SWq=0x7ff56a034000, HWq=0x7ff54da00000, id=1, Dispatch Header = 0xb02 (type=2, barrier=1, acquire=1, release=1), setup=3, grid=[8192, 1, 1], workgroup=[1024, 1, 1], private_seg_size=140, group_seg_size=0, kernel_obj=0x7ff560a919c0, kernarg_address=0x7ff54d800280, completion_signal=0x0, correlation_id=0, rptr=186, wptr=186
:3:hip_module.cpp           :745 : 4393528774027 us: [pid:4154523 tid: 0x7ff56a04a200] hipLaunchKernel: Returned hipSuccess : : duration: 504 us
:3:hip_device_runtime.cpp   :641 : 4393528774036 us: [pid:4154523 tid: 0x7ff56a04a200] [32m hipDeviceSynchronize (  ) [0m
:4:commandqueue.cpp         :161 : 4393528774041 us: [pid:4154523 tid: 0x7ff56a04a200] Marker queued to ensure finish
:4:command.cpp              :359 : 4393528774046 us: [pid:4154523 tid: 0x7ff56a04a200] Command (InternalMarker) enqueued: 0x40310790
:3:rocvirtual.cpp           :533 : 4393528774059 us: [pid:4154523 tid: 0x7ff56a04a200] Set Handler: handle(0x7ff5609fc080), timestamp(0x409d2ff0)
:4:rocvirtual.cpp           :1147: 4393528774543 us: [pid:4154523 tid: 0x7ff56a04a200] SWq=0x7ff56a034000, HWq=0x7ff54da00000, id=1, BarrierAND Header = 0x1503 (type=3, barrier=1, acquire=2, release=2), dep_signal=[0x0, 0x0, 0x0, 0x0, 0x0], completion_signal=0x7ff5609fc080
:4:commandqueue.cpp         :184 : 4393528774557 us: [pid:4154523 tid: 0x7ff56a04a200] All commands finished
:3:rocvirtual.cpp           :226 : 4393528774561 us: [pid:4154523 tid: 0x7ff42fbff6c0] Handler: value(0), timestamp(0x409380b0), handle(0x7ff5609fc080)
:4:command.cpp              :169 : 4393528774580 us: [pid:4154523 tid: 0x7ff42fbff6c0] Command 0x40a93ca0 complete
:4:command.cpp              :163 : 4393528774588 us: [pid:4154523 tid: 0x7ff42fbff6c0] Command 0x40310790 complete (Wall: 4393528774587, CPU: 0, GPU: 534 us)
:3:hip_device_runtime.cpp   :645 : 4393528774589 us: [pid:4154523 tid: 0x7ff56a04a200] hipDeviceSynchronize: Returned hipSuccess : 
:3:hip_memory.cpp           :795 : 4393528774617 us: [pid:4154523 tid: 0x7ff56a04a200] [32m hipMemcpy ( 0x7ff39c1bd010, 0x7ff326a00000, 491520000, hipMemcpyDeviceToHost ) [0m
:4:command.cpp              :359 : 4393528774629 us: [pid:4154523 tid: 0x7ff56a04a200] Command (CopyDeviceToHost) enqueued: 0x4035b750
:4:rocblit.cpp              :1673: 4393528774645 us: [pid:4154523 tid: 0x7ff56a04a200] Unpinned read path, Async = 0
:4:rocmemory.cpp            :1018: 4393528774662 us: [pid:4154523 tid: 0x7ff56a04a200] Locking to pool 0x4017aed0, size 0x2001000, HostPtr = 0x7ff39c1bd000, DevPtr = 0x7ff39c1bd000
:4:rocblit.cpp              :623 : 4393528774676 us: [pid:4154523 tid: 0x7ff56a04a200] HSA Copy Using Pinned resource size 33554432
:4:rocblit.cpp              :687 : 4393528774683 us: [pid:4154523 tid: 0x7ff56a04a200] HSA Async Copy staged D2H
:4:rocblit.cpp              :503 : 4393528775161 us: [pid:4154523 tid: 0x7ff56a04a200] Last copy mask 0x0
:4:rocblit.cpp              :509 : 4393528775168 us: [pid:4154523 tid: 0x7ff56a04a200] Query copy engine status 0, free_engine mask 0x1e
:4:rocblit.cpp              :520 : 4393528775176 us: [pid:4154523 tid: 0x7ff56a04a200] HSA Async Copy on copy_engine=0x2, dst=0x7ff39c1bd010, src=0x7ff326a00000, size=33554432, forceSDMA=0, wait_event=0x0, completion_signal=0x7ff5609fef00
:4:rocvirtual.cpp           :622 : 4393528775191 us: [pid:4154523 tid: 0x7ff56a04a200] Host wait on completion_signal=0x7ff5609fef00
:3:rocvirtual.hpp           :56  : 4393528775204 us: [pid:4154523 tid: 0x7ff56a04a200] Host active wait for Signal = (0x7ff5609fef00) for -1 ns
:4:rocmemory.cpp            :1018: 4393528776406 us: [pid:4154523 tid: 0x7ff56a04a200] Locking to pool 0x4017aed0, size 0x2001000, HostPtr = 0x7ff39e1bd000, DevPtr = 0x7ff39e1bd000
:4:rocblit.cpp              :623 : 4393528776420 us: [pid:4154523 tid: 0x7ff56a04a200] HSA Copy Using Pinned resource size 33554432
:4:rocblit.cpp              :687 : 4393528776429 us: [pid:4154523 tid: 0x7ff56a04a200] HSA Async Copy staged D2H
:4:rocblit.cpp              :503 : 4393528776435 us: [pid:4154523 tid: 0x7ff56a04a200] Last copy mask 0x2
:4:rocblit.cpp              :520 : 4393528776440 us: [pid:4154523 tid: 0x7ff56a04a200] HSA Async Copy on copy_engine=0x2, dst=0x7ff39e1bd010, src=0x7ff328a00000, size=33554432, forceSDMA=0, wait_event=0x0, completion_signal=0x7ff5609ff800
:4:rocvirtual.cpp           :622 : 4393528776453 us: [pid:4154523 tid: 0x7ff56a04a200] Host wait on completion_signal=0x7ff5609ff800
:3:rocvirtual.hpp           :56  : 4393528776462 us: [pid:4154523 tid: 0x7ff56a04a200] Host active wait for Signal = (0x7ff5609ff800) for -1 ns
:4:rocmemory.cpp            :1018: 4393528777661 us: [pid:4154523 tid: 0x7ff56a04a200] Locking to pool 0x4017aed0, size 0x2001000, HostPtr = 0x7ff3a01bd000, DevPtr = 0x7ff3a01bd000
:4:rocblit.cpp              :623 : 4393528777680 us: [pid:4154523 tid: 0x7ff56a04a200] HSA Copy Using Pinned resource size 33554432
:4:rocblit.cpp              :687 : 4393528777689 us: [pid:4154523 tid: 0x7ff56a04a200] HSA Async Copy staged D2H
:4:rocblit.cpp              :503 : 4393528777695 us: [pid:4154523 tid: 0x7ff56a04a200] Last copy mask 0x2
:4:rocblit.cpp              :520 : 4393528777706 us: [pid:4154523 tid: 0x7ff56a04a200] HSA Async Copy on copy_engine=0x2, dst=0x7ff3a01bd010, src=0x7ff32aa00000, size=33554432, forceSDMA=0, wait_event=0x0, completion_signal=0x7ff5609fe600
:4:rocvirtual.cpp           :622 : 4393528777716 us: [pid:4154523 tid: 0x7ff56a04a200] Host wait on completion_signal=0x7ff5609fe600
:3:rocvirtual.hpp           :56  : 4393528777724 us: [pid:4154523 tid: 0x7ff56a04a200] Host active wait for Signal = (0x7ff5609fe600) for -1 ns
:4:rocmemory.cpp            :1018: 4393528778929 us: [pid:4154523 tid: 0x7ff56a04a200] Locking to pool 0x4017aed0, size 0x2001000, HostPtr = 0x7ff3a21bd000, DevPtr = 0x7ff3a21bd000
:4:rocblit.cpp              :623 : 4393528778945 us: [pid:4154523 tid: 0x7ff56a04a200] HSA Copy Using Pinned resource size 33554432
:4:rocblit.cpp              :687 : 4393528778953 us: [pid:4154523 tid: 0x7ff56a04a200] HSA Async Copy staged D2H
:4:rocblit.cpp              :503 : 4393528778960 us: [pid:4154523 tid: 0x7ff56a04a200] Last copy mask 0x2
:4:rocblit.cpp              :520 : 4393528778967 us: [pid:4154523 tid: 0x7ff56a04a200] HSA Async Copy on copy_engine=0x2, dst=0x7ff3a21bd010, src=0x7ff32ca00000, size=33554432, forceSDMA=0, wait_event=0x0, completion_signal=0x7ff5609fef80
:4:rocvirtual.cpp           :622 : 4393528778978 us: [pid:4154523 tid: 0x7ff56a04a200] Host wait on completion_signal=0x7ff5609fef80
:3:rocvirtual.hpp           :56  : 4393528778997 us: [pid:4154523 tid: 0x7ff56a04a200] Host active wait for Signal = (0x7ff5609fef80) for -1 ns
:4:rocmemory.cpp            :1018: 4393528780191 us: [pid:4154523 tid: 0x7ff56a04a200] Locking to pool 0x4017aed0, size 0x2001000, HostPtr = 0x7ff3a41bd000, DevPtr = 0x7ff3a41bd000
:4:rocblit.cpp              :623 : 4393528780203 us: [pid:4154523 tid: 0x7ff56a04a200] HSA Copy Using Pinned resource size 33554432
:4:rocblit.cpp              :687 : 4393528780210 us: [pid:4154523 tid: 0x7ff56a04a200] HSA Async Copy staged D2H
:4:rocblit.cpp              :503 : 4393528780219 us: [pid:4154523 tid: 0x7ff56a04a200] Last copy mask 0x2
:4:rocblit.cpp              :520 : 4393528780224 us: [pid:4154523 tid: 0x7ff56a04a200] HSA Async Copy on copy_engine=0x2, dst=0x7ff3a41bd010, src=0x7ff32ea00000, size=33554432, forceSDMA=0, wait_event=0x0, completion_signal=0x7ff5609fda00
:4:rocvirtual.cpp           :622 : 4393528780238 us: [pid:4154523 tid: 0x7ff56a04a200] Host wait on completion_signal=0x7ff5609fda00
:3:rocvirtual.hpp           :56  : 4393528780250 us: [pid:4154523 tid: 0x7ff56a04a200] Host active wait for Signal = (0x7ff5609fda00) for -1 ns
:4:rocmemory.cpp            :1018: 4393528781454 us: [pid:4154523 tid: 0x7ff56a04a200] Locking to pool 0x4017aed0, size 0x2001000, HostPtr = 0x7ff3a61bd000, DevPtr = 0x7ff3a61bd000
:4:rocblit.cpp              :623 : 4393528781473 us: [pid:4154523 tid: 0x7ff56a04a200] HSA Copy Using Pinned resource size 33554432
:4:rocblit.cpp              :687 : 4393528781484 us: [pid:4154523 tid: 0x7ff56a04a200] HSA Async Copy staged D2H
:4:rocblit.cpp              :503 : 4393528781491 us: [pid:4154523 tid: 0x7ff56a04a200] Last copy mask 0x2
:4:rocblit.cpp              :520 : 4393528781500 us: [pid:4154523 tid: 0x7ff56a04a200] HSA Async Copy on copy_engine=0x2, dst=0x7ff3a61bd010, src=0x7ff330a00000, size=33554432, forceSDMA=0, wait_event=0x0, completion_signal=0x7ff5609fdb00
:4:rocvirtual.cpp           :622 : 4393528781510 us: [pid:4154523 tid: 0x7ff56a04a200] Host wait on completion_signal=0x7ff5609fdb00
:3:rocvirtual.hpp           :56  : 4393528781518 us: [pid:4154523 tid: 0x7ff56a04a200] Host active wait for Signal = (0x7ff5609fdb00) for -1 ns
:4:rocmemory.cpp            :1018: 4393528782721 us: [pid:4154523 tid: 0x7ff56a04a200] Locking to pool 0x4017aed0, size 0x2001000, HostPtr = 0x7ff3a81bd000, DevPtr = 0x7ff3a81bd000
:4:rocblit.cpp              :623 : 4393528782738 us: [pid:4154523 tid: 0x7ff56a04a200] HSA Copy Using Pinned resource size 33554432
:4:rocblit.cpp              :687 : 4393528782750 us: [pid:4154523 tid: 0x7ff56a04a200] HSA Async Copy staged D2H
:4:rocblit.cpp              :503 : 4393528782758 us: [pid:4154523 tid: 0x7ff56a04a200] Last copy mask 0x2
:4:rocblit.cpp              :520 : 4393528782765 us: [pid:4154523 tid: 0x7ff56a04a200] HSA Async Copy on copy_engine=0x2, dst=0x7ff3a81bd010, src=0x7ff332a00000, size=33554432, forceSDMA=0, wait_event=0x0, completion_signal=0x7ff5609fe500
:4:rocvirtual.cpp           :622 : 4393528782777 us: [pid:4154523 tid: 0x7ff56a04a200] Host wait on completion_signal=0x7ff5609fe500
:3:rocvirtual.hpp           :56  : 4393528782795 us: [pid:4154523 tid: 0x7ff56a04a200] Host active wait for Signal = (0x7ff5609fe500) for -1 ns
:4:rocmemory.cpp            :1018: 4393528783991 us: [pid:4154523 tid: 0x7ff56a04a200] Locking to pool 0x4017aed0, size 0x2001000, HostPtr = 0x7ff3aa1bd000, DevPtr = 0x7ff3aa1bd000
:4:rocblit.cpp              :623 : 4393528784017 us: [pid:4154523 tid: 0x7ff56a04a200] HSA Copy Using Pinned resource size 33554432
:4:rocblit.cpp              :687 : 4393528784028 us: [pid:4154523 tid: 0x7ff56a04a200] HSA Async Copy staged D2H
:4:rocblit.cpp              :503 : 4393528784035 us: [pid:4154523 tid: 0x7ff56a04a200] Last copy mask 0x2
:4:rocblit.cpp              :520 : 4393528784042 us: [pid:4154523 tid: 0x7ff56a04a200] HSA Async Copy on copy_engine=0x2, dst=0x7ff3aa1bd010, src=0x7ff334a00000, size=33554432, forceSDMA=0, wait_event=0x0, completion_signal=0x7ff5609ff680
:4:rocvirtual.cpp           :622 : 4393528784055 us: [pid:4154523 tid: 0x7ff56a04a200] Host wait on completion_signal=0x7ff5609ff680
:3:rocvirtual.hpp           :56  : 4393528784063 us: [pid:4154523 tid: 0x7ff56a04a200] Host active wait for Signal = (0x7ff5609ff680) for -1 ns
:4:rocmemory.cpp            :1018: 4393528785265 us: [pid:4154523 tid: 0x7ff56a04a200] Locking to pool 0x4017aed0, size 0x2001000, HostPtr = 0x7ff3ac1bd000, DevPtr = 0x7ff3ac1bd000
:4:rocblit.cpp              :623 : 4393528785279 us: [pid:4154523 tid: 0x7ff56a04a200] HSA Copy Using Pinned resource size 33554432
:4:rocblit.cpp              :687 : 4393528785691 us: [pid:4154523 tid: 0x7ff56a04a200] HSA Async Copy staged D2H
:4:rocblit.cpp              :503 : 4393528785699 us: [pid:4154523 tid: 0x7ff56a04a200] Last copy mask 0x2
:4:rocblit.cpp              :520 : 4393528785714 us: [pid:4154523 tid: 0x7ff56a04a200] HSA Async Copy on copy_engine=0x2, dst=0x7ff3ac1bd010, src=0x7ff336a00000, size=33554432, forceSDMA=0, wait_event=0x0, completion_signal=0x7ff5609ff180
:4:rocvirtual.cpp           :622 : 4393528785727 us: [pid:4154523 tid: 0x7ff56a04a200] Host wait on completion_signal=0x7ff5609ff180
:3:rocvirtual.hpp           :56  : 4393528785736 us: [pid:4154523 tid: 0x7ff56a04a200] Host active wait for Signal = (0x7ff5609ff180) for -1 ns
:4:rocmemory.cpp            :1018: 4393528786941 us: [pid:4154523 tid: 0x7ff56a04a200] Locking to pool 0x4017aed0, size 0x2001000, HostPtr = 0x7ff3ae1bd000, DevPtr = 0x7ff3ae1bd000
:4:rocblit.cpp              :623 : 4393528786957 us: [pid:4154523 tid: 0x7ff56a04a200] HSA Copy Using Pinned resource size 33554432
:4:rocblit.cpp              :687 : 4393528786967 us: [pid:4154523 tid: 0x7ff56a04a200] HSA Async Copy staged D2H
:4:rocblit.cpp              :503 : 4393528786973 us: [pid:4154523 tid: 0x7ff56a04a200] Last copy mask 0x2
:4:rocblit.cpp              :520 : 4393528786980 us: [pid:4154523 tid: 0x7ff56a04a200] HSA Async Copy on copy_engine=0x2, dst=0x7ff3ae1bd010, src=0x7ff338a00000, size=33554432, forceSDMA=0, wait_event=0x0, completion_signal=0x7ff5609ff380
:4:rocvirtual.cpp           :622 : 4393528786991 us: [pid:4154523 tid: 0x7ff56a04a200] Host wait on completion_signal=0x7ff5609ff380
:3:rocvirtual.hpp           :56  : 4393528787002 us: [pid:4154523 tid: 0x7ff56a04a200] Host active wait for Signal = (0x7ff5609ff380) for -1 ns
:4:rocmemory.cpp            :1018: 4393528788218 us: [pid:4154523 tid: 0x7ff56a04a200] Locking to pool 0x4017aed0, size 0x2001000, HostPtr = 0x7ff3b01bd000, DevPtr = 0x7ff3b01bd000
:4:rocblit.cpp              :623 : 4393528788234 us: [pid:4154523 tid: 0x7ff56a04a200] HSA Copy Using Pinned resource size 33554432
:4:rocblit.cpp              :687 : 4393528788242 us: [pid:4154523 tid: 0x7ff56a04a200] HSA Async Copy staged D2H
:4:rocblit.cpp              :503 : 4393528788247 us: [pid:4154523 tid: 0x7ff56a04a200] Last copy mask 0x2
:4:rocblit.cpp              :520 : 4393528788251 us: [pid:4154523 tid: 0x7ff56a04a200] HSA Async Copy on copy_engine=0x2, dst=0x7ff3b01bd010, src=0x7ff33aa00000, size=33554432, forceSDMA=0, wait_event=0x0, completion_signal=0x7ff5609ff000
:4:rocvirtual.cpp           :622 : 4393528788266 us: [pid:4154523 tid: 0x7ff56a04a200] Host wait on completion_signal=0x7ff5609ff000
:3:rocvirtual.hpp           :56  : 4393528788276 us: [pid:4154523 tid: 0x7ff56a04a200] Host active wait for Signal = (0x7ff5609ff000) for -1 ns
:4:rocmemory.cpp            :1018: 4393528789473 us: [pid:4154523 tid: 0x7ff56a04a200] Locking to pool 0x4017aed0, size 0x2001000, HostPtr = 0x7ff3b21bd000, DevPtr = 0x7ff3b21bd000
:4:rocblit.cpp              :623 : 4393528789486 us: [pid:4154523 tid: 0x7ff56a04a200] HSA Copy Using Pinned resource size 33554432
:4:rocblit.cpp              :687 : 4393528789497 us: [pid:4154523 tid: 0x7ff56a04a200] HSA Async Copy staged D2H
:4:rocblit.cpp              :503 : 4393528789504 us: [pid:4154523 tid: 0x7ff56a04a200] Last copy mask 0x2
:4:rocblit.cpp              :520 : 4393528789509 us: [pid:4154523 tid: 0x7ff56a04a200] HSA Async Copy on copy_engine=0x2, dst=0x7ff3b21bd010, src=0x7ff33ca00000, size=33554432, forceSDMA=0, wait_event=0x0, completion_signal=0x7ff5609ff080
:4:rocvirtual.cpp           :622 : 4393528789518 us: [pid:4154523 tid: 0x7ff56a04a200] Host wait on completion_signal=0x7ff5609ff080
:3:rocvirtual.hpp           :56  : 4393528789525 us: [pid:4154523 tid: 0x7ff56a04a200] Host active wait for Signal = (0x7ff5609ff080) for -1 ns
:4:rocmemory.cpp            :1018: 4393528790720 us: [pid:4154523 tid: 0x7ff56a04a200] Locking to pool 0x4017aed0, size 0x2001000, HostPtr = 0x7ff3b41bd000, DevPtr = 0x7ff3b41bd000
:4:rocblit.cpp              :623 : 4393528790729 us: [pid:4154523 tid: 0x7ff56a04a200] HSA Copy Using Pinned resource size 33554432
:4:rocblit.cpp              :687 : 4393528790737 us: [pid:4154523 tid: 0x7ff56a04a200] HSA Async Copy staged D2H
:4:rocblit.cpp              :503 : 4393528790746 us: [pid:4154523 tid: 0x7ff56a04a200] Last copy mask 0x2
:4:rocblit.cpp              :520 : 4393528790750 us: [pid:4154523 tid: 0x7ff56a04a200] HSA Async Copy on copy_engine=0x2, dst=0x7ff3b41bd010, src=0x7ff33ea00000, size=33554432, forceSDMA=0, wait_event=0x0, completion_signal=0x7ff5609fdd00
:4:rocvirtual.cpp           :622 : 4393528790763 us: [pid:4154523 tid: 0x7ff56a04a200] Host wait on completion_signal=0x7ff5609fdd00
:3:rocvirtual.hpp           :56  : 4393528790772 us: [pid:4154523 tid: 0x7ff56a04a200] Host active wait for Signal = (0x7ff5609fdd00) for -1 ns
:4:rocmemory.cpp            :1018: 4393528791964 us: [pid:4154523 tid: 0x7ff56a04a200] Locking to pool 0x4017aed0, size 0x2001000, HostPtr = 0x7ff3b61bd000, DevPtr = 0x7ff3b61bd000
:4:rocblit.cpp              :623 : 4393528791974 us: [pid:4154523 tid: 0x7ff56a04a200] HSA Copy Using Pinned resource size 33554432
:4:rocblit.cpp              :687 : 4393528791981 us: [pid:4154523 tid: 0x7ff56a04a200] HSA Async Copy staged D2H
:4:rocblit.cpp              :503 : 4393528791986 us: [pid:4154523 tid: 0x7ff56a04a200] Last copy mask 0x2
:4:rocblit.cpp              :520 : 4393528791991 us: [pid:4154523 tid: 0x7ff56a04a200] HSA Async Copy on copy_engine=0x2, dst=0x7ff3b61bd010, src=0x7ff340a00000, size=33554432, forceSDMA=0, wait_event=0x0, completion_signal=0x7ff5609feb80
:4:rocvirtual.cpp           :622 : 4393528791999 us: [pid:4154523 tid: 0x7ff56a04a200] Host wait on completion_signal=0x7ff5609feb80
:3:rocvirtual.hpp           :56  : 4393528792016 us: [pid:4154523 tid: 0x7ff56a04a200] Host active wait for Signal = (0x7ff5609feb80) for -1 ns
:4:rocmemory.cpp            :1018: 4393528793202 us: [pid:4154523 tid: 0x7ff56a04a200] Locking to pool 0x4017aed0, size 0x14c1000, HostPtr = 0x7ff3b81bd000, DevPtr = 0x7ff3b81bd000
:4:rocblit.cpp              :623 : 4393528793212 us: [pid:4154523 tid: 0x7ff56a04a200] HSA Copy Using Pinned resource size 21757952
:4:rocblit.cpp              :687 : 4393528793220 us: [pid:4154523 tid: 0x7ff56a04a200] HSA Async Copy staged D2H
:4:rocblit.cpp              :503 : 4393528793228 us: [pid:4154523 tid: 0x7ff56a04a200] Last copy mask 0x2
:4:rocblit.cpp              :520 : 4393528793232 us: [pid:4154523 tid: 0x7ff56a04a200] HSA Async Copy on copy_engine=0x2, dst=0x7ff3b81bd010, src=0x7ff342a00000, size=21757952, forceSDMA=0, wait_event=0x0, completion_signal=0x7ff5609fed80
:4:rocvirtual.cpp           :622 : 4393528793243 us: [pid:4154523 tid: 0x7ff56a04a200] Host wait on completion_signal=0x7ff5609fed80
:3:rocvirtual.hpp           :56  : 4393528793251 us: [pid:4154523 tid: 0x7ff56a04a200] Host active wait for Signal = (0x7ff5609fed80) for -1 ns
:4:commandqueue.cpp         :161 : 4393528794027 us: [pid:4154523 tid: 0x7ff56a04a200] Marker queued to ensure finish
:4:command.cpp              :359 : 4393528794035 us: [pid:4154523 tid: 0x7ff56a04a200] Command (InternalMarker) enqueued: 0x40310790
:3:rocvirtual.cpp           :533 : 4393528794051 us: [pid:4154523 tid: 0x7ff56a04a200] Set Handler: handle(0x7ff5609fd700), timestamp(0x40a163b0)
:4:rocvirtual.cpp           :1147: 4393528794510 us: [pid:4154523 tid: 0x7ff56a04a200] SWq=0x7ff56a034000, HWq=0x7ff54da00000, id=1, BarrierAND Header = 0x1503 (type=3, barrier=1, acquire=2, release=2), dep_signal=[0x0, 0x0, 0x0, 0x0, 0x0], completion_signal=0x7ff5609fd700
:4:commandqueue.cpp         :184 : 4393528794524 us: [pid:4154523 tid: 0x7ff56a04a200] All commands finished
:3:hip_memory.cpp           :796 : 4393528794531 us: [pid:4154523 tid: 0x7ff56a04a200] hipMemcpy: Returned hipSuccess : : duration: 19914 us
:3:rocvirtual.cpp           :226 : 4393528794533 us: [pid:4154523 tid: 0x7ff42fbff6c0] Handler: value(0), timestamp(0x409380b0), handle(0x7ff5609fd700)
:3:hip_memory.cpp           :3476: 4393528794546 us: [pid:4154523 tid: 0x7ff56a04a200] [32m hipMemset ( 0x7ff326a00000, 0, 491520000 ) [0m
:4:command.cpp              :169 : 4393528794617 us: [pid:4154523 tid: 0x7ff42fbff6c0] Command 0x4035b750 complete
:4:command.cpp              :359 : 4393528794621 us: [pid:4154523 tid: 0x7ff56a04a200] Command (FillBuffer) enqueued: 0x40aa9a40
:3:rocvirtual.cpp           :762 : 4393528794656 us: [pid:4154523 tid: 0x7ff56a04a200] Arg0: void* buf = ptr:0x7ff326a00000
:3:rocvirtual.cpp           :778 : 4393528794673 us: [pid:4154523 tid: 0x7ff56a04a200] Arg0: void* buf = ptr:0x7ff326a00000 obj:[0x7ff326a00000-0x7ff343ec0000]
:3:rocvirtual.cpp           :762 : 4393528794683 us: [pid:4154523 tid: 0x7ff56a04a200] Arg1: uchar* pattern = ptr:0x7ff54d800000
:3:rocvirtual.cpp           :853 : 4393528794692 us: [pid:4154523 tid: 0x7ff56a04a200] Arg2: uint pattern_size = val:1
:4:command.cpp              :163 : 4393528794632 us: [pid:4154523 tid: 0x7ff42fbff6c0] Command 0x40310790 complete (Wall: 4393528794629, CPU: 0, GPU: 586 us)
:3:rocvirtual.cpp           :853 : 4393528794696 us: [pid:4154523 tid: 0x7ff56a04a200] Arg3: uint alignment = val:16
:3:rocvirtual.cpp           :853 : 4393528795313 us: [pid:4154523 tid: 0x7ff56a04a200] Arg4: ulong end_ptr = val:140682793320448
:3:rocvirtual.cpp           :853 : 4393528795324 us: [pid:4154523 tid: 0x7ff56a04a200] Arg5: uint next_chunk = val:26624
:3:rocvirtual.cpp           :3236: 4393528795333 us: [pid:4154523 tid: 0x7ff56a04a200] ShaderName : __amd_rocclr_fillBufferAligned
:3:rocvirtual.cpp           :3449: 4393528795342 us: [pid:4154523 tid: 0x7ff56a04a200] KernargSegmentByteSize = 296 KernargSegmentAlignment = 128
:4:rocvirtual.cpp           :965 : 4393528795353 us: [pid:4154523 tid: 0x7ff56a04a200] SWq=0x7ff56a034000, HWq=0x7ff54da00000, id=1, Dispatch Header = 0x1502 (type=2, barrier=1, acquire=2, release=2), setup=1, grid=[26624, 1, 1], workgroup=[256, 1, 1], private_seg_size=0, group_seg_size=0, kernel_obj=0x7ff56a025d40, kernarg_address=0x7ff54d800100, completion_signal=0x0, correlation_id=0, rptr=189, wptr=189
:3:hip_memory.cpp           :3477: 4393528795368 us: [pid:4154523 tid: 0x7ff56a04a200] hipMemset: Returned hipSuccess : 
:3:hip_device_runtime.cpp   :641 : 4393528795374 us: [pid:4154523 tid: 0x7ff56a04a200] [32m hipDeviceSynchronize (  ) [0m
:4:commandqueue.cpp         :161 : 4393528795380 us: [pid:4154523 tid: 0x7ff56a04a200] Marker queued to ensure finish
:4:command.cpp              :359 : 4393528795385 us: [pid:4154523 tid: 0x7ff56a04a200] Command (InternalMarker) enqueued: 0x40a93a20
:3:rocvirtual.cpp           :533 : 4393528795397 us: [pid:4154523 tid: 0x7ff56a04a200] Set Handler: handle(0x7ff5609fbf00), timestamp(0x403109e0)
:4:rocvirtual.cpp           :1147: 4393528795407 us: [pid:4154523 tid: 0x7ff56a04a200] SWq=0x7ff56a034000, HWq=0x7ff54da00000, id=1, BarrierAND Header = 0x1503 (type=3, barrier=1, acquire=2, release=2), dep_signal=[0x0, 0x0, 0x0, 0x0, 0x0], completion_signal=0x7ff5609fbf00
:3:rocvirtual.hpp           :56  : 4393528795421 us: [pid:4154523 tid: 0x7ff56a04a200] Host active wait for Signal = (0x7ff5609fbf00) for -1 ns
:4:commandqueue.cpp         :184 : 4393528795785 us: [pid:4154523 tid: 0x7ff56a04a200] All commands finished
:3:rocvirtual.cpp           :226 : 4393528795788 us: [pid:4154523 tid: 0x7ff42fbff6c0] Handler: value(0), timestamp(0x40310930), handle(0x7ff5609fbf00)
:3:hip_device_runtime.cpp   :645 : 4393528795916 us: [pid:4154523 tid: 0x7ff56a04a200] hipDeviceSynchronize: Returned hipSuccess : 
:4:command.cpp              :169 : 4393528795940 us: [pid:4154523 tid: 0x7ff42fbff6c0] Command 0x40aa9a40 complete
:3:hip_platform.cpp         :237 : 4393528795952 us: [pid:4154523 tid: 0x7ff56a04a200] [32m __hipPushCallConfiguration ( {8,1,1}, {1024,1,1}, 0, stream:<null> ) [0m
:3:hip_platform.cpp         :241 : 4393528795969 us: [pid:4154523 tid: 0x7ff56a04a200] __hipPushCallConfiguration: Returned hipSuccess : 
:4:command.cpp              :163 : 4393528795961 us: [pid:4154523 tid: 0x7ff42fbff6c0] Command 0x40a93a20 complete (Wall: 4393528795959, CPU: 0, GPU: 566 us)
:3:hip_platform.cpp         :246 : 4393528795980 us: [pid:4154523 tid: 0x7ff56a04a200] [32m __hipPopCallConfiguration ( {1951258706,32757,1024}, {2118224,0,278018480}, 0x7ffc10923700, 0x7ffc109236f8 ) [0m
:3:hip_platform.cpp         :255 : 4393528796013 us: [pid:4154523 tid: 0x7ff56a04a200] __hipPopCallConfiguration: Returned hipSuccess : 
:3:hip_module.cpp           :744 : 4393528796030 us: [pid:4154523 tid: 0x7ff56a04a200] [32m hipLaunchKernel ( 0x200fe8, {8,1,1}, {1024,1,1}, 0x7ffc109236b0, 0, stream:<null> ) [0m
:4:command.cpp              :359 : 4393528796047 us: [pid:4154523 tid: 0x7ff56a04a200] Command (KernelExecution) enqueued: 0x4035b750
:3:rocvirtual.cpp           :762 : 4393528796532 us: [pid:4154523 tid: 0x7ff56a04a200] Arg0:   = ptr:0x7ff344200000
:3:rocvirtual.cpp           :778 : 4393528796537 us: [pid:4154523 tid: 0x7ff56a04a200] Arg0:   = ptr:0x7ff344200000 obj:[0x7ff344200000-0x7ff3616c0000]
:3:rocvirtual.cpp           :762 : 4393528796545 us: [pid:4154523 tid: 0x7ff56a04a200] Arg1:   = ptr:0x7ff54cc27000
:3:rocvirtual.cpp           :778 : 4393528796550 us: [pid:4154523 tid: 0x7ff56a04a200] Arg1:   = ptr:0x7ff54cc27000 obj:[0x7ff54cc27000-0x7ff54cc87000]
:3:rocvirtual.cpp           :762 : 4393528796557 us: [pid:4154523 tid: 0x7ff56a04a200] Arg2:   = ptr:0x7ff326a00000
:3:rocvirtual.cpp           :778 : 4393528796562 us: [pid:4154523 tid: 0x7ff56a04a200] Arg2:   = ptr:0x7ff326a00000 obj:[0x7ff326a00000-0x7ff343ec0000]
:3:rocvirtual.cpp           :853 : 4393528796569 us: [pid:4154523 tid: 0x7ff56a04a200] Arg3:   = val:12288
:3:rocvirtual.cpp           :762 : 4393528796574 us: [pid:4154523 tid: 0x7ff56a04a200] Arg4:   = ptr:0x7ff54cc00000
:3:rocvirtual.cpp           :778 : 4393528796579 us: [pid:4154523 tid: 0x7ff56a04a200] Arg4:   = ptr:0x7ff54cc00000 obj:[0x7ff54cc00000-0x7ff54cc00024]
:3:rocvirtual.cpp           :3236: 4393528796587 us: [pid:4154523 tid: 0x7ff56a04a200] ShaderName : void dense_esuhm3<float>(float const*, float const*, float*, int, int const*)
:3:rocvirtual.cpp           :3449: 4393528796596 us: [pid:4154523 tid: 0x7ff56a04a200] KernargSegmentByteSize = 296 KernargSegmentAlignment = 128
:4:rocvirtual.cpp           :965 : 4393528796605 us: [pid:4154523 tid: 0x7ff56a04a200] SWq=0x7ff56a034000, HWq=0x7ff54da00000, id=1, Dispatch Header = 0xb02 (type=2, barrier=1, acquire=1, release=1), setup=3, grid=[8192, 1, 1], workgroup=[1024, 1, 1], private_seg_size=140, group_seg_size=0, kernel_obj=0x7ff560a91a00, kernarg_address=0x7ff54d800280, completion_signal=0x0, correlation_id=0, rptr=191, wptr=191
:3:hip_module.cpp           :745 : 4393528796620 us: [pid:4154523 tid: 0x7ff56a04a200] hipLaunchKernel: Returned hipSuccess : : duration: 590 us
:3:hip_device_runtime.cpp   :641 : 4393528797024 us: [pid:4154523 tid: 0x7ff56a04a200] [32m hipDeviceSynchronize (  ) [0m
:4:commandqueue.cpp         :161 : 4393528797030 us: [pid:4154523 tid: 0x7ff56a04a200] Marker queued to ensure finish
:4:command.cpp              :359 : 4393528797034 us: [pid:4154523 tid: 0x7ff56a04a200] Command (InternalMarker) enqueued: 0x40a93a20
:3:rocvirtual.cpp           :533 : 4393528797047 us: [pid:4154523 tid: 0x7ff56a04a200] Set Handler: handle(0x7ff5609fbe80), timestamp(0x4035ba20)
:4:rocvirtual.cpp           :1147: 4393528797056 us: [pid:4154523 tid: 0x7ff56a04a200] SWq=0x7ff56a034000, HWq=0x7ff54da00000, id=1, BarrierAND Header = 0x1503 (type=3, barrier=1, acquire=2, release=2), dep_signal=[0x0, 0x0, 0x0, 0x0, 0x0], completion_signal=0x7ff5609fbe80
:3:rocvirtual.hpp           :56  : 4393528797067 us: [pid:4154523 tid: 0x7ff56a04a200] Host active wait for Signal = (0x7ff5609fbe80) for -1 ns
:4:commandqueue.cpp         :184 : 4393528797202 us: [pid:4154523 tid: 0x7ff56a04a200] All commands finished
:3:rocvirtual.cpp           :226 : 4393528797205 us: [pid:4154523 tid: 0x7ff42fbff6c0] Handler: value(0), timestamp(0x4089f4a0), handle(0x7ff5609fbe80)
:3:hip_device_runtime.cpp   :645 : 4393528797585 us: [pid:4154523 tid: 0x7ff56a04a200] hipDeviceSynchronize: Returned hipSuccess : 
:4:command.cpp              :169 : 4393528797607 us: [pid:4154523 tid: 0x7ff42fbff6c0] Command 0x4035b750 complete
:3:hip_memory.cpp           :795 : 4393528797622 us: [pid:4154523 tid: 0x7ff56a04a200] [32m hipMemcpy ( 0x7ff37ecfc010, 0x7ff326a00000, 491520000, hipMemcpyDeviceToHost ) [0m
:4:command.cpp              :359 : 4393528797640 us: [pid:4154523 tid: 0x7ff56a04a200] Command (CopyDeviceToHost) enqueued: 0x40a93ca0
:4:command.cpp              :163 : 4393528797641 us: [pid:4154523 tid: 0x7ff42fbff6c0] Command 0x40a93a20 complete (Wall: 4393528797639, CPU: 0, GPU: 597 us)
:4:rocblit.cpp              :1673: 4393528797657 us: [pid:4154523 tid: 0x7ff56a04a200] Unpinned read path, Async = 0
:4:rocmemory.cpp            :1018: 4393528797689 us: [pid:4154523 tid: 0x7ff56a04a200] Locking to pool 0x4017aed0, size 0x2001000, HostPtr = 0x7ff37ecfc000, DevPtr = 0x7ff37ecfc000
:4:rocblit.cpp              :623 : 4393528797703 us: [pid:4154523 tid: 0x7ff56a04a200] HSA Copy Using Pinned resource size 33554432
:4:rocblit.cpp              :687 : 4393528797710 us: [pid:4154523 tid: 0x7ff56a04a200] HSA Async Copy staged D2H
:4:rocblit.cpp              :503 : 4393528797717 us: [pid:4154523 tid: 0x7ff56a04a200] Last copy mask 0x0
:4:rocblit.cpp              :509 : 4393528797729 us: [pid:4154523 tid: 0x7ff56a04a200] Query copy engine status 0, free_engine mask 0x1e
:4:rocblit.cpp              :520 : 4393528798321 us: [pid:4154523 tid: 0x7ff56a04a200] HSA Async Copy on copy_engine=0x2, dst=0x7ff37ecfc010, src=0x7ff326a00000, size=33554432, forceSDMA=0, wait_event=0x0, completion_signal=0x7ff5609fe480
:4:rocvirtual.cpp           :622 : 4393528798332 us: [pid:4154523 tid: 0x7ff56a04a200] Host wait on completion_signal=0x7ff5609fe480
:3:rocvirtual.hpp           :56  : 4393528798340 us: [pid:4154523 tid: 0x7ff56a04a200] Host active wait for Signal = (0x7ff5609fe480) for -1 ns
:4:rocmemory.cpp            :1018: 4393528799552 us: [pid:4154523 tid: 0x7ff56a04a200] Locking to pool 0x4017aed0, size 0x2001000, HostPtr = 0x7ff380cfc000, DevPtr = 0x7ff380cfc000
:4:rocblit.cpp              :623 : 4393528799566 us: [pid:4154523 tid: 0x7ff56a04a200] HSA Copy Using Pinned resource size 33554432
:4:rocblit.cpp              :687 : 4393528799573 us: [pid:4154523 tid: 0x7ff56a04a200] HSA Async Copy staged D2H
:4:rocblit.cpp              :503 : 4393528799579 us: [pid:4154523 tid: 0x7ff56a04a200] Last copy mask 0x2
:4:rocblit.cpp              :520 : 4393528799584 us: [pid:4154523 tid: 0x7ff56a04a200] HSA Async Copy on copy_engine=0x2, dst=0x7ff380cfc010, src=0x7ff328a00000, size=33554432, forceSDMA=0, wait_event=0x0, completion_signal=0x7ff5609fe680
:4:rocvirtual.cpp           :622 : 4393528799592 us: [pid:4154523 tid: 0x7ff56a04a200] Host wait on completion_signal=0x7ff5609fe680
:3:rocvirtual.hpp           :56  : 4393528799599 us: [pid:4154523 tid: 0x7ff56a04a200] Host active wait for Signal = (0x7ff5609fe680) for -1 ns
:4:rocmemory.cpp            :1018: 4393528800796 us: [pid:4154523 tid: 0x7ff56a04a200] Locking to pool 0x4017aed0, size 0x2001000, HostPtr = 0x7ff382cfc000, DevPtr = 0x7ff382cfc000
:4:rocblit.cpp              :623 : 4393528800808 us: [pid:4154523 tid: 0x7ff56a04a200] HSA Copy Using Pinned resource size 33554432
:4:rocblit.cpp              :687 : 4393528800815 us: [pid:4154523 tid: 0x7ff56a04a200] HSA Async Copy staged D2H
:4:rocblit.cpp              :503 : 4393528800820 us: [pid:4154523 tid: 0x7ff56a04a200] Last copy mask 0x2
:4:rocblit.cpp              :520 : 4393528800825 us: [pid:4154523 tid: 0x7ff56a04a200] HSA Async Copy on copy_engine=0x2, dst=0x7ff382cfc010, src=0x7ff32aa00000, size=33554432, forceSDMA=0, wait_event=0x0, completion_signal=0x7ff5609fe880
:4:rocvirtual.cpp           :622 : 4393528800833 us: [pid:4154523 tid: 0x7ff56a04a200] Host wait on completion_signal=0x7ff5609fe880
:3:rocvirtual.hpp           :56  : 4393528800841 us: [pid:4154523 tid: 0x7ff56a04a200] Host active wait for Signal = (0x7ff5609fe880) for -1 ns
:4:rocmemory.cpp            :1018: 4393528802036 us: [pid:4154523 tid: 0x7ff56a04a200] Locking to pool 0x4017aed0, size 0x2001000, HostPtr = 0x7ff384cfc000, DevPtr = 0x7ff384cfc000
:4:rocblit.cpp              :623 : 4393528802048 us: [pid:4154523 tid: 0x7ff56a04a200] HSA Copy Using Pinned resource size 33554432
:4:rocblit.cpp              :687 : 4393528802540 us: [pid:4154523 tid: 0x7ff56a04a200] HSA Async Copy staged D2H
:4:rocblit.cpp              :503 : 4393528802550 us: [pid:4154523 tid: 0x7ff56a04a200] Last copy mask 0x2
:4:rocblit.cpp              :520 : 4393528802555 us: [pid:4154523 tid: 0x7ff56a04a200] HSA Async Copy on copy_engine=0x2, dst=0x7ff384cfc010, src=0x7ff32ca00000, size=33554432, forceSDMA=0, wait_event=0x0, completion_signal=0x7ff5609fe780
:4:rocvirtual.cpp           :622 : 4393528802564 us: [pid:4154523 tid: 0x7ff56a04a200] Host wait on completion_signal=0x7ff5609fe780
:3:rocvirtual.hpp           :56  : 4393528802571 us: [pid:4154523 tid: 0x7ff56a04a200] Host active wait for Signal = (0x7ff5609fe780) for -1 ns
:4:rocmemory.cpp            :1018: 4393528803780 us: [pid:4154523 tid: 0x7ff56a04a200] Locking to pool 0x4017aed0, size 0x2001000, HostPtr = 0x7ff386cfc000, DevPtr = 0x7ff386cfc000
:4:rocblit.cpp              :623 : 4393528803800 us: [pid:4154523 tid: 0x7ff56a04a200] HSA Copy Using Pinned resource size 33554432
:4:rocblit.cpp              :687 : 4393528803809 us: [pid:4154523 tid: 0x7ff56a04a200] HSA Async Copy staged D2H
:4:rocblit.cpp              :503 : 4393528803817 us: [pid:4154523 tid: 0x7ff56a04a200] Last copy mask 0x2
:4:rocblit.cpp              :520 : 4393528803840 us: [pid:4154523 tid: 0x7ff56a04a200] HSA Async Copy on copy_engine=0x2, dst=0x7ff386cfc010, src=0x7ff32ea00000, size=33554432, forceSDMA=0, wait_event=0x0, completion_signal=0x7ff5609fe580
:4:rocvirtual.cpp           :622 : 4393528803849 us: [pid:4154523 tid: 0x7ff56a04a200] Host wait on completion_signal=0x7ff5609fe580
:3:rocvirtual.hpp           :56  : 4393528803865 us: [pid:4154523 tid: 0x7ff56a04a200] Host active wait for Signal = (0x7ff5609fe580) for -1 ns
:4:rocmemory.cpp            :1018: 4393528805053 us: [pid:4154523 tid: 0x7ff56a04a200] Locking to pool 0x4017aed0, size 0x2001000, HostPtr = 0x7ff388cfc000, DevPtr = 0x7ff388cfc000
:4:rocblit.cpp              :623 : 4393528805064 us: [pid:4154523 tid: 0x7ff56a04a200] HSA Copy Using Pinned resource size 33554432
:4:rocblit.cpp              :687 : 4393528805071 us: [pid:4154523 tid: 0x7ff56a04a200] HSA Async Copy staged D2H
:4:rocblit.cpp              :503 : 4393528805076 us: [pid:4154523 tid: 0x7ff56a04a200] Last copy mask 0x2
:4:rocblit.cpp              :520 : 4393528805080 us: [pid:4154523 tid: 0x7ff56a04a200] HSA Async Copy on copy_engine=0x2, dst=0x7ff388cfc010, src=0x7ff330a00000, size=33554432, forceSDMA=0, wait_event=0x0, completion_signal=0x7ff5609fdf00
:4:rocvirtual.cpp           :622 : 4393528805088 us: [pid:4154523 tid: 0x7ff56a04a200] Host wait on completion_signal=0x7ff5609fdf00
:3:rocvirtual.hpp           :56  : 4393528805096 us: [pid:4154523 tid: 0x7ff56a04a200] Host active wait for Signal = (0x7ff5609fdf00) for -1 ns
:4:rocmemory.cpp            :1018: 4393528806291 us: [pid:4154523 tid: 0x7ff56a04a200] Locking to pool 0x4017aed0, size 0x2001000, HostPtr = 0x7ff38acfc000, DevPtr = 0x7ff38acfc000
:4:rocblit.cpp              :623 : 4393528806301 us: [pid:4154523 tid: 0x7ff56a04a200] HSA Copy Using Pinned resource size 33554432
:4:rocblit.cpp              :687 : 4393528806311 us: [pid:4154523 tid: 0x7ff56a04a200] HSA Async Copy staged D2H
:4:rocblit.cpp              :503 : 4393528806318 us: [pid:4154523 tid: 0x7ff56a04a200] Last copy mask 0x2
:4:rocblit.cpp              :520 : 4393528806324 us: [pid:4154523 tid: 0x7ff56a04a200] HSA Async Copy on copy_engine=0x2, dst=0x7ff38acfc010, src=0x7ff332a00000, size=33554432, forceSDMA=0, wait_event=0x0, completion_signal=0x7ff5609fe900
:4:rocvirtual.cpp           :622 : 4393528806332 us: [pid:4154523 tid: 0x7ff56a04a200] Host wait on completion_signal=0x7ff5609fe900
:3:rocvirtual.hpp           :56  : 4393528806339 us: [pid:4154523 tid: 0x7ff56a04a200] Host active wait for Signal = (0x7ff5609fe900) for -1 ns
:4:rocmemory.cpp            :1018: 4393528807538 us: [pid:4154523 tid: 0x7ff56a04a200] Locking to pool 0x4017aed0, size 0x2001000, HostPtr = 0x7ff38ccfc000, DevPtr = 0x7ff38ccfc000
:4:rocblit.cpp              :623 : 4393528807551 us: [pid:4154523 tid: 0x7ff56a04a200] HSA Copy Using Pinned resource size 33554432
:4:rocblit.cpp              :687 : 4393528807561 us: [pid:4154523 tid: 0x7ff56a04a200] HSA Async Copy staged D2H
:4:rocblit.cpp              :503 : 4393528807567 us: [pid:4154523 tid: 0x7ff56a04a200] Last copy mask 0x2
:4:rocblit.cpp              :520 : 4393528807571 us: [pid:4154523 tid: 0x7ff56a04a200] HSA Async Copy on copy_engine=0x2, dst=0x7ff38ccfc010, src=0x7ff334a00000, size=33554432, forceSDMA=0, wait_event=0x0, completion_signal=0x7ff5609fd980
:4:rocvirtual.cpp           :622 : 4393528807579 us: [pid:4154523 tid: 0x7ff56a04a200] Host wait on completion_signal=0x7ff5609fd980
:3:rocvirtual.hpp           :56  : 4393528807587 us: [pid:4154523 tid: 0x7ff56a04a200] Host active wait for Signal = (0x7ff5609fd980) for -1 ns
:4:rocmemory.cpp            :1018: 4393528808785 us: [pid:4154523 tid: 0x7ff56a04a200] Locking to pool 0x4017aed0, size 0x2001000, HostPtr = 0x7ff38ecfc000, DevPtr = 0x7ff38ecfc000
:4:rocblit.cpp              :623 : 4393528808796 us: [pid:4154523 tid: 0x7ff56a04a200] HSA Copy Using Pinned resource size 33554432
:4:rocblit.cpp              :687 : 4393528808804 us: [pid:4154523 tid: 0x7ff56a04a200] HSA Async Copy staged D2H
:4:rocblit.cpp              :503 : 4393528808809 us: [pid:4154523 tid: 0x7ff56a04a200] Last copy mask 0x2
:4:rocblit.cpp              :520 : 4393528808813 us: [pid:4154523 tid: 0x7ff56a04a200] HSA Async Copy on copy_engine=0x2, dst=0x7ff38ecfc010, src=0x7ff336a00000, size=33554432, forceSDMA=0, wait_event=0x0, completion_signal=0x7ff5609fde00
:4:rocvirtual.cpp           :622 : 4393528808822 us: [pid:4154523 tid: 0x7ff56a04a200] Host wait on completion_signal=0x7ff5609fde00
:3:rocvirtual.hpp           :56  : 4393528808829 us: [pid:4154523 tid: 0x7ff56a04a200] Host active wait for Signal = (0x7ff5609fde00) for -1 ns
:4:rocmemory.cpp            :1018: 4393528810025 us: [pid:4154523 tid: 0x7ff56a04a200] Locking to pool 0x4017aed0, size 0x2001000, HostPtr = 0x7ff390cfc000, DevPtr = 0x7ff390cfc000
:4:rocblit.cpp              :623 : 4393528810036 us: [pid:4154523 tid: 0x7ff56a04a200] HSA Copy Using Pinned resource size 33554432
:4:rocblit.cpp              :687 : 4393528810043 us: [pid:4154523 tid: 0x7ff56a04a200] HSA Async Copy staged D2H
:4:rocblit.cpp              :503 : 4393528810048 us: [pid:4154523 tid: 0x7ff56a04a200] Last copy mask 0x2
:4:rocblit.cpp              :520 : 4393528810052 us: [pid:4154523 tid: 0x7ff56a04a200] HSA Async Copy on copy_engine=0x2, dst=0x7ff390cfc010, src=0x7ff338a00000, size=33554432, forceSDMA=0, wait_event=0x0, completion_signal=0x7ff5609fe980
:4:rocvirtual.cpp           :622 : 4393528810060 us: [pid:4154523 tid: 0x7ff56a04a200] Host wait on completion_signal=0x7ff5609fe980
:3:rocvirtual.hpp           :56  : 4393528810071 us: [pid:4154523 tid: 0x7ff56a04a200] Host active wait for Signal = (0x7ff5609fe980) for -1 ns
:4:rocmemory.cpp            :1018: 4393528811275 us: [pid:4154523 tid: 0x7ff56a04a200] Locking to pool 0x4017aed0, size 0x2001000, HostPtr = 0x7ff392cfc000, DevPtr = 0x7ff392cfc000
:4:rocblit.cpp              :623 : 4393528811289 us: [pid:4154523 tid: 0x7ff56a04a200] HSA Copy Using Pinned resource size 33554432
:4:rocblit.cpp              :687 : 4393528811297 us: [pid:4154523 tid: 0x7ff56a04a200] HSA Async Copy staged D2H
:4:rocblit.cpp              :503 : 4393528811302 us: [pid:4154523 tid: 0x7ff56a04a200] Last copy mask 0x2
:4:rocblit.cpp              :520 : 4393528811306 us: [pid:4154523 tid: 0x7ff56a04a200] HSA Async Copy on copy_engine=0x2, dst=0x7ff392cfc010, src=0x7ff33aa00000, size=33554432, forceSDMA=0, wait_event=0x0, completion_signal=0x7ff5609fe700
:4:rocvirtual.cpp           :622 : 4393528811315 us: [pid:4154523 tid: 0x7ff56a04a200] Host wait on completion_signal=0x7ff5609fe700
:3:rocvirtual.hpp           :56  : 4393528811322 us: [pid:4154523 tid: 0x7ff56a04a200] Host active wait for Signal = (0x7ff5609fe700) for -1 ns
:4:rocmemory.cpp            :1018: 4393528812532 us: [pid:4154523 tid: 0x7ff56a04a200] Locking to pool 0x4017aed0, size 0x2001000, HostPtr = 0x7ff394cfc000, DevPtr = 0x7ff394cfc000
:4:rocblit.cpp              :623 : 4393528812551 us: [pid:4154523 tid: 0x7ff56a04a200] HSA Copy Using Pinned resource size 33554432
:4:rocblit.cpp              :687 : 4393528812558 us: [pid:4154523 tid: 0x7ff56a04a200] HSA Async Copy staged D2H
:4:rocblit.cpp              :503 : 4393528812563 us: [pid:4154523 tid: 0x7ff56a04a200] Last copy mask 0x2
:4:rocblit.cpp              :520 : 4393528812573 us: [pid:4154523 tid: 0x7ff56a04a200] HSA Async Copy on copy_engine=0x2, dst=0x7ff394cfc010, src=0x7ff33ca00000, size=33554432, forceSDMA=0, wait_event=0x0, completion_signal=0x7ff5609fde80
:4:rocvirtual.cpp           :622 : 4393528812586 us: [pid:4154523 tid: 0x7ff56a04a200] Host wait on completion_signal=0x7ff5609fde80
:3:rocvirtual.hpp           :56  : 4393528812597 us: [pid:4154523 tid: 0x7ff56a04a200] Host active wait for Signal = (0x7ff5609fde80) for -1 ns
:4:rocmemory.cpp            :1018: 4393528813798 us: [pid:4154523 tid: 0x7ff56a04a200] Locking to pool 0x4017aed0, size 0x2001000, HostPtr = 0x7ff396cfc000, DevPtr = 0x7ff396cfc000
:4:rocblit.cpp              :623 : 4393528813821 us: [pid:4154523 tid: 0x7ff56a04a200] HSA Copy Using Pinned resource size 33554432
:4:rocblit.cpp              :687 : 4393528814164 us: [pid:4154523 tid: 0x7ff56a04a200] HSA Async Copy staged D2H
:4:rocblit.cpp              :503 : 4393528814172 us: [pid:4154523 tid: 0x7ff56a04a200] Last copy mask 0x2
:4:rocblit.cpp              :520 : 4393528814181 us: [pid:4154523 tid: 0x7ff56a04a200] HSA Async Copy on copy_engine=0x2, dst=0x7ff396cfc010, src=0x7ff33ea00000, size=33554432, forceSDMA=0, wait_event=0x0, completion_signal=0x7ff5609fe080
:4:rocvirtual.cpp           :622 : 4393528814193 us: [pid:4154523 tid: 0x7ff56a04a200] Host wait on completion_signal=0x7ff5609fe080
:3:rocvirtual.hpp           :56  : 4393528814201 us: [pid:4154523 tid: 0x7ff56a04a200] Host active wait for Signal = (0x7ff5609fe080) for -1 ns
:4:rocmemory.cpp            :1018: 4393528815408 us: [pid:4154523 tid: 0x7ff56a04a200] Locking to pool 0x4017aed0, size 0x2001000, HostPtr = 0x7ff398cfc000, DevPtr = 0x7ff398cfc000
:4:rocblit.cpp              :623 : 4393528815432 us: [pid:4154523 tid: 0x7ff56a04a200] HSA Copy Using Pinned resource size 33554432
:4:rocblit.cpp              :687 : 4393528815442 us: [pid:4154523 tid: 0x7ff56a04a200] HSA Async Copy staged D2H
:4:rocblit.cpp              :503 : 4393528815449 us: [pid:4154523 tid: 0x7ff56a04a200] Last copy mask 0x2
:4:rocblit.cpp              :520 : 4393528815456 us: [pid:4154523 tid: 0x7ff56a04a200] HSA Async Copy on copy_engine=0x2, dst=0x7ff398cfc010, src=0x7ff340a00000, size=33554432, forceSDMA=0, wait_event=0x0, completion_signal=0x7ff5609fe000
:4:rocvirtual.cpp           :622 : 4393528815472 us: [pid:4154523 tid: 0x7ff56a04a200] Host wait on completion_signal=0x7ff5609fe000
:3:rocvirtual.hpp           :56  : 4393528815482 us: [pid:4154523 tid: 0x7ff56a04a200] Host active wait for Signal = (0x7ff5609fe000) for -1 ns
:4:rocmemory.cpp            :1018: 4393528816687 us: [pid:4154523 tid: 0x7ff56a04a200] Locking to pool 0x4017aed0, size 0x14c1000, HostPtr = 0x7ff39acfc000, DevPtr = 0x7ff39acfc000
:4:rocblit.cpp              :623 : 4393528816703 us: [pid:4154523 tid: 0x7ff56a04a200] HSA Copy Using Pinned resource size 21757952
:4:rocblit.cpp              :687 : 4393528816714 us: [pid:4154523 tid: 0x7ff56a04a200] HSA Async Copy staged D2H
:4:rocblit.cpp              :503 : 4393528816720 us: [pid:4154523 tid: 0x7ff56a04a200] Last copy mask 0x2
:4:rocblit.cpp              :520 : 4393528816726 us: [pid:4154523 tid: 0x7ff56a04a200] HSA Async Copy on copy_engine=0x2, dst=0x7ff39acfc010, src=0x7ff342a00000, size=21757952, forceSDMA=0, wait_event=0x0, completion_signal=0x7ff5609fe380
:4:rocvirtual.cpp           :622 : 4393528816738 us: [pid:4154523 tid: 0x7ff56a04a200] Host wait on completion_signal=0x7ff5609fe380
:3:rocvirtual.hpp           :56  : 4393528816748 us: [pid:4154523 tid: 0x7ff56a04a200] Host active wait for Signal = (0x7ff5609fe380) for -1 ns
:4:commandqueue.cpp         :161 : 4393528817524 us: [pid:4154523 tid: 0x7ff56a04a200] Marker queued to ensure finish
:4:command.cpp              :359 : 4393528817537 us: [pid:4154523 tid: 0x7ff56a04a200] Command (InternalMarker) enqueued: 0x40310790
:3:rocvirtual.cpp           :533 : 4393528817557 us: [pid:4154523 tid: 0x7ff56a04a200] Set Handler: handle(0x7ff5609fce80), timestamp(0x40897670)
:4:rocvirtual.cpp           :1147: 4393528817567 us: [pid:4154523 tid: 0x7ff56a04a200] SWq=0x7ff56a034000, HWq=0x7ff54da00000, id=1, BarrierAND Header = 0x1503 (type=3, barrier=1, acquire=2, release=2), dep_signal=[0x0, 0x0, 0x0, 0x0, 0x0], completion_signal=0x7ff5609fce80
:4:commandqueue.cpp         :184 : 4393528817579 us: [pid:4154523 tid: 0x7ff56a04a200] All commands finished
:3:hip_memory.cpp           :796 : 4393528817584 us: [pid:4154523 tid: 0x7ff56a04a200] hipMemcpy: Returned hipSuccess : : duration: 19962 us
:3:rocvirtual.cpp           :226 : 4393528817584 us: [pid:4154523 tid: 0x7ff42fbff6c0] Handler: value(0), timestamp(0x4089f4a0), handle(0x7ff5609fce80)
:4:command.cpp              :169 : 4393528817611 us: [pid:4154523 tid: 0x7ff42fbff6c0] Command 0x40a93ca0 complete
:4:command.cpp              :163 : 4393528817619 us: [pid:4154523 tid: 0x7ff42fbff6c0] Command 0x40310790 complete (Wall: 4393528817617, CPU: 0, GPU: 71 us)
:3:hip_memory.cpp           :772 : 4393530246012 us: [pid:4154523 tid: 0x7ff56a04a200] [32m hipFree ( 0x7ff344200000 ) [0m
:4:commandqueue.cpp         :167 : 4393530246046 us: [pid:4154523 tid: 0x7ff56a04a200] HW Event not ready, awaiting completion instead
:4:commandqueue.cpp         :184 : 4393530246059 us: [pid:4154523 tid: 0x7ff56a04a200] All commands finished
:4:rocdevice.cpp            :2388: 4393530246194 us: [pid:4154523 tid: 0x7ff56a04a200] Free hsa memory 0x7ff344200000
:3:rocdevice.cpp            :2411: 4393530246202 us: [pid:4154523 tid: 0x7ff56a04a200] Device=0x40274500, freeMem_ = 0xfe1adffdc
:3:hip_memory.cpp           :774 : 4393530246212 us: [pid:4154523 tid: 0x7ff56a04a200] hipFree: Returned hipSuccess : 
:3:hip_memory.cpp           :772 : 4393530246219 us: [pid:4154523 tid: 0x7ff56a04a200] [32m hipFree ( 0x7ff54cc27000 ) [0m
:4:rocdevice.cpp            :2388: 4393530246230 us: [pid:4154523 tid: 0x7ff56a04a200] Free hsa memory 0x7ff54cc27000
:3:rocdevice.cpp            :2411: 4393530246234 us: [pid:4154523 tid: 0x7ff56a04a200] Device=0x40274500, freeMem_ = 0xfe1b3ffdc
:3:hip_memory.cpp           :774 : 4393530246245 us: [pid:4154523 tid: 0x7ff56a04a200] hipFree: Returned hipSuccess : 
:3:hip_memory.cpp           :772 : 4393530246801 us: [pid:4154523 tid: 0x7ff56a04a200] [32m hipFree ( 0x7ff326a00000 ) [0m
:4:rocdevice.cpp            :2388: 4393530246893 us: [pid:4154523 tid: 0x7ff56a04a200] Free hsa memory 0x7ff326a00000
:3:rocdevice.cpp            :2411: 4393530247376 us: [pid:4154523 tid: 0x7ff56a04a200] Device=0x40274500, freeMem_ = 0xffeffffdc
:3:hip_memory.cpp           :774 : 4393530247387 us: [pid:4154523 tid: 0x7ff56a04a200] hipFree: Returned hipSuccess : 
:3:hip_memory.cpp           :772 : 4393530247393 us: [pid:4154523 tid: 0x7ff56a04a200] [32m hipFree ( 0x7ff54cc00000 ) [0m
:4:rocdevice.cpp            :2388: 4393530247409 us: [pid:4154523 tid: 0x7ff56a04a200] Free hsa memory 0x7ff54cc00000
:3:rocdevice.cpp            :2411: 4393530247416 us: [pid:4154523 tid: 0x7ff56a04a200] Device=0x40274500, freeMem_ = 0xfff000000
:3:hip_memory.cpp           :774 : 4393530247424 us: [pid:4154523 tid: 0x7ff56a04a200] hipFree: Returned hipSuccess : 
:4:rocdevice.cpp            :2388: 4393530528050 us: [pid:4154523 tid: 0x7ff56a04a200] Free hsa memory (nil)
:3:rocdevice.cpp            :3254: 4393530528074 us: [pid:4154523 tid: 0x7ff56a04a200] releaseQueue refCount:0x7ff54da00000 (0)
:4:rocdevice.cpp            :2388: 4393530528295 us: [pid:4154523 tid: 0x7ff56a04a200] Free hsa memory 0x7ff54d800000
:4:rocdevice.cpp            :2388: 4393530529144 us: [pid:4154523 tid: 0x7ff56a04a200] Free hsa memory 0x7ff54d200000
:4:rocdevice.cpp            :2388: 4393530529881 us: [pid:4154523 tid: 0x7ff56a04a200] Free hsa memory 0x7ff54dc00000
:4:rocdevice.cpp            :2388: 4393530529937 us: [pid:4154523 tid: 0x7ff56a04a200] Free hsa memory 0x7ff5741c4000
:3:rocdevice.cpp            :278 : 4393530529956 us: [pid:4154523 tid: 0x7ff56a04a200] Deleting hostcall buffer 0x7ff41c800000 for hardware queue 0x7ff54da00000
:3:devhostcall.cpp          :460 : 4393530529970 us: [pid:4154523 tid: 0x7ff56a04a200] Terminated hostcall listener
:4:rocdevice.cpp            :2388: 4393530531452 us: [pid:4154523 tid: 0x7ff56a04a200] Free hsa memory 0x7ff41c800000
:3:rocdevice.cpp            :283 : 4393530531469 us: [pid:4154523 tid: 0x7ff56a04a200] Deleting hardware queue 0x7ff54da00000 with refCount 0
:4:rocdevice.cpp            :2388: 4393530536279 us: [pid:4154523 tid: 0x7ff56a04a200] Free hsa memory 0x7ff54e200000
:4:rocdevice.cpp            :2388: 4393530536674 us: [pid:4154523 tid: 0x7ff56a04a200] Free hsa memory 0x7ff54cc07000
:4:rocdevice.cpp            :2388: 4393530536969 us: [pid:4154523 tid: 0x7ff56a04a200] Free hsa memory 0x7ff54c200000
