:3:rocdevice.cpp            :465 : 4393634875356 us: [pid:4174004 tid: 0x7fa0f7bf0200] Initializing HSA stack.
:3:rocdevice.cpp            :551 : 4393634978437 us: [pid:4174004 tid: 0x7fa0f7bf0200] Enumerated GPU agents = 1
:3:rocdevice.cpp            :230 : 4393634978535 us: [pid:4174004 tid: 0x7fa0f7bf0200] Numa selects cpu agent[0]=0x3c65dbd0(fine=0x3c6e3880,coarse=0x3c6dded0) for gpu agent=0x3c6ed2d0 CPU<->GPU XGMI=0
:3:rocsettings.cpp          :284 : 4393634978553 us: [pid:4174004 tid: 0x7fa0f7bf0200] Using dev kernel arg wa = 0
:3:comgrctx.cpp             :33  : 4393634978564 us: [pid:4174004 tid: 0x7fa0f7bf0200] Loading COMGR library.
:3:comgrctx.cpp             :128 : 4393634978599 us: [pid:4174004 tid: 0x7fa0f7bf0200] Loaded COMGR library version 3.0.
:3:rocdevice.cpp            :1785: 4393634979593 us: [pid:4174004 tid: 0x7fa0f7bf0200] Gfx Major/Minor/Stepping: 9/0/10
:3:rocdevice.cpp            :1787: 4393634979605 us: [pid:4174004 tid: 0x7fa0f7bf0200] HMM support: 1, XNACK: 0, Direct host access: 0
:3:rocdevice.cpp            :1789: 4393634979614 us: [pid:4174004 tid: 0x7fa0f7bf0200] Max SDMA Read Mask: 0x1e, Max SDMA Write Mask: 0x1f
:4:rocdevice.cpp            :2210: 4393634980081 us: [pid:4174004 tid: 0x7fa0f7bf0200] Allocate hsa host memory 0x7f9fc5800000, size 0x100000, numa_node = 0
:4:rocdevice.cpp            :2210: 4393635101880 us: [pid:4174004 tid: 0x7fa0f7bf0200] Allocate hsa host memory 0x7f9fc5200000, size 0x400000, numa_node = 0
:4:rocdevice.cpp            :2210: 4393635102066 us: [pid:4174004 tid: 0x7fa0f7bf0200] Allocate hsa host memory 0x7fa102034000, size 0x38, numa_node = 0
:3:hip_context.cpp          :54  : 4393635102567 us: [pid:4174004 tid: 0x7fa0f7bf0200] Direct Dispatch: 1
:3:hip_fatbin.cpp           :427 : 4393635102734 us: [pid:4174004 tid: 0x7fa0f7bf0200] Searching for code objects, HIP_FORCE_SPIRV_CODEOBJECT: 0
:3:hip_fatbin.cpp           :435 : 4393635103040 us: [pid:4174004 tid: 0x7fa0f7bf0200] Using Native code object: gfx90a:sramecc+:xnack-
:3:hip_memory.cpp           :756 : 4393635103093 us: [pid:4174004 tid: 0x7fa0f7bf0200] [32m hipMalloc ( 0x7fffadf918d0, 30720000 ) [0m
:4:rocdevice.cpp            :2371: 4393635103177 us: [pid:4174004 tid: 0x7fa0f7bf0200] Allocate hsa device memory 0x7f9fc3200000, size 0x1d4c000, hsa_mem_flags 0x0h
:3:rocdevice.cpp            :2411: 4393635103528 us: [pid:4174004 tid: 0x7fa0f7bf0200] Device=0x3c7d7500, freeMem_ = 0xffd2b4000
:3:hip_memory.cpp           :758 : 4393635103551 us: [pid:4174004 tid: 0x7fa0f7bf0200] hipMalloc: Returned hipSuccess : 0x7f9fc3200000: duration: 458 us
:3:hip_memory.cpp           :795 : 4393635103580 us: [pid:4174004 tid: 0x7fa0f7bf0200] [32m hipMemcpy ( 0x7f9fc3200000, 0x7fa0f5e99010, 30720000, hipMemcpyHostToDevice ) [0m
:3:rocdevice.cpp            :3048: 4393635103596 us: [pid:4174004 tid: 0x7fa0f7bf0200] Number of allocated hardware queues with low priority: 0, with normal priority: 0, with high priority: 0, maximum per priority is: 4
:3:rocdevice.cpp            :3129: 4393635116658 us: [pid:4174004 tid: 0x7fa0f7bf0200] Created SWq=0x7fa0ee95c000 to map on HWq=0x7f9face00000 with size 16384 with priority 1, cooperative: 0
:3:rocdevice.cpp            :3222: 4393635116696 us: [pid:4174004 tid: 0x7fa0f7bf0200] acquireQueue refCount: 0x7f9face00000 (1)
:4:rocdevice.cpp            :2210: 4393635117100 us: [pid:4174004 tid: 0x7fa0f7bf0200] Allocate hsa host memory 0x7f9facc00000, size 0x100000, numa_node = 0
:3:devprogram.cpp           :2658: 4393635444125 us: [pid:4174004 tid: 0x7fa0f7bf0200] Using Code Object V5.
:4:rocdevice.cpp            :2210: 4393636171337 us: [pid:4174004 tid: 0x7fa0f7bf0200] Allocate hsa host memory 0x7f9fac600000, size 0x400000, numa_node = 0
:4:command.cpp              :359 : 4393636171566 us: [pid:4174004 tid: 0x7fa0f7bf0200] Command (CopyHostToDevice) enqueued: 0x3cdf6cb0
:4:rocblit.cpp              :1803: 4393636172058 us: [pid:4174004 tid: 0x7fa0f7bf0200] Unpinned write path, Async = 0
:4:rocmemory.cpp            :1018: 4393636173037 us: [pid:4174004 tid: 0x7fa0f7bf0200] Locking to pool 0x3c6dded0, size 0x1d4d000, HostPtr = 0x7fa0f5e99000, DevPtr = 0x7fa0f5e99000
:4:rocblit.cpp              :623 : 4393636173060 us: [pid:4174004 tid: 0x7fa0f7bf0200] HSA Copy Using Pinned resource size 30720000
:4:rocblit.cpp              :680 : 4393636173070 us: [pid:4174004 tid: 0x7fa0f7bf0200] HSA Async Copy staged H2D
:4:rocblit.cpp              :503 : 4393636173082 us: [pid:4174004 tid: 0x7fa0f7bf0200] Last copy mask 0x0
:4:rocblit.cpp              :509 : 4393636173090 us: [pid:4174004 tid: 0x7fa0f7bf0200] Query copy engine status 0, free_engine mask 0x1f
:4:rocblit.cpp              :520 : 4393636173100 us: [pid:4174004 tid: 0x7fa0f7bf0200] HSA Async Copy on copy_engine=0x1, dst=0x7f9fc3200000, src=0x7fa0f5e99010, size=30720000, forceSDMA=0, wait_event=0x0, completion_signal=0x7fa0ee7ff780
:4:rocvirtual.cpp           :622 : 4393636180621 us: [pid:4174004 tid: 0x7fa0f7bf0200] Host wait on completion_signal=0x7fa0ee7ff780
:3:rocvirtual.hpp           :56  : 4393636180643 us: [pid:4174004 tid: 0x7fa0f7bf0200] Host active wait for Signal = (0x7fa0ee7ff780) for -1 ns
:4:commandqueue.cpp         :161 : 4393636181773 us: [pid:4174004 tid: 0x7fa0f7bf0200] Marker queued to ensure finish
:4:command.cpp              :359 : 4393636181783 us: [pid:4174004 tid: 0x7fa0f7bf0200] Command (InternalMarker) enqueued: 0x3d03cd90
:3:rocvirtual.cpp           :533 : 4393636181805 us: [pid:4174004 tid: 0x7fa0f7bf0200] Set Handler: handle(0x7fa0ee7fd600), timestamp(0x3cf069a0)
:4:rocvirtual.cpp           :1147: 4393636181819 us: [pid:4174004 tid: 0x7fa0f7bf0200] SWq=0x7fa0ee95c000, HWq=0x7f9face00000, id=1, BarrierAND Header = 0x1503 (type=3, barrier=1, acquire=2, release=2), dep_signal=[0x0, 0x0, 0x0, 0x0, 0x0], completion_signal=0x7fa0ee7fd600
:4:commandqueue.cpp         :184 : 4393636182283 us: [pid:4174004 tid: 0x7fa0f7bf0200] All commands finished
:3:rocvirtual.cpp           :226 : 4393636181901 us: [pid:4174004 tid: 0x7f9fbf3ff6c0] Handler: value(0), timestamp(0x3c833620), handle(0x7fa0ee7fd600)
:3:hip_memory.cpp           :796 : 4393636182292 us: [pid:4174004 tid: 0x7fa0f7bf0200] hipMemcpy: Returned hipSuccess : : duration: 1078712 us
:4:command.cpp              :169 : 4393636182311 us: [pid:4174004 tid: 0x7f9fbf3ff6c0] Command 0x3cdf6cb0 complete
:3:hip_memory.cpp           :756 : 4393636182327 us: [pid:4174004 tid: 0x7fa0f7bf0200] [32m hipMalloc ( 0x7fffadf918c8, 24576 ) [0m
:4:command.cpp              :163 : 4393636182334 us: [pid:4174004 tid: 0x7f9fbf3ff6c0] Command 0x3d03cd90 complete (Wall: 4393636182331, CPU: 0, GPU: 538 us)
:4:rocdevice.cpp            :2371: 4393636182396 us: [pid:4174004 tid: 0x7fa0f7bf0200] Allocate hsa device memory 0x7f9fa0000000, size 0x6000, hsa_mem_flags 0x0h
:3:rocdevice.cpp            :2411: 4393636183299 us: [pid:4174004 tid: 0x7fa0f7bf0200] Device=0x3c7d7500, freeMem_ = 0xffd2ae000
:3:hip_memory.cpp           :758 : 4393636183320 us: [pid:4174004 tid: 0x7fa0f7bf0200] hipMalloc: Returned hipSuccess : 0x7f9fa0000000: duration: 993 us
:3:hip_memory.cpp           :795 : 4393636183335 us: [pid:4174004 tid: 0x7fa0f7bf0200] [32m hipMemcpy ( 0x7f9fa0000000, 0x3c6d6e70, 24576, hipMemcpyHostToDevice ) [0m
:4:command.cpp              :359 : 4393636183360 us: [pid:4174004 tid: 0x7fa0f7bf0200] Command (CopyHostToDevice) enqueued: 0x3ce83780
:4:rocblit.cpp              :1803: 4393636183373 us: [pid:4174004 tid: 0x7fa0f7bf0200] Unpinned write path, Async = 0
:4:rocblit.cpp              :633 : 4393636183379 us: [pid:4174004 tid: 0x7fa0f7bf0200] HSA Copy Using Staging resource size 24576
:4:rocblit.cpp              :680 : 4393636183391 us: [pid:4174004 tid: 0x7fa0f7bf0200] HSA Async Copy staged H2D
:4:rocblit.cpp              :503 : 4393636183398 us: [pid:4174004 tid: 0x7fa0f7bf0200] Last copy mask 0x0
:4:rocblit.cpp              :509 : 4393636183873 us: [pid:4174004 tid: 0x7fa0f7bf0200] Query copy engine status 0, free_engine mask 0x1f
:4:rocblit.cpp              :520 : 4393636183883 us: [pid:4174004 tid: 0x7fa0f7bf0200] HSA Async Copy on copy_engine=0x1, dst=0x7f9fa0000000, src=0x7f9fac600000, size=24576, forceSDMA=0, wait_event=0x0, completion_signal=0x7fa0ee7ff680
:4:commandqueue.cpp         :161 : 4393636183899 us: [pid:4174004 tid: 0x7fa0f7bf0200] Marker queued to ensure finish
:4:command.cpp              :359 : 4393636183905 us: [pid:4174004 tid: 0x7fa0f7bf0200] Command (InternalMarker) enqueued: 0x3d03cd90
:3:rocvirtual.cpp           :533 : 4393636184498 us: [pid:4174004 tid: 0x7fa0f7bf0200] Set Handler: handle(0x7fa0ee7fd680), timestamp(0x3cf06890)
:4:rocvirtual.cpp           :1147: 4393636184510 us: [pid:4174004 tid: 0x7fa0f7bf0200] SWq=0x7fa0ee95c000, HWq=0x7f9face00000, id=1, BarrierAND Header = 0x1503 (type=3, barrier=1, acquire=2, release=2), dep_signal=[0x0, 0x0, 0x0, 0x0, 0x0], completion_signal=0x7fa0ee7fd680
:4:commandqueue.cpp         :184 : 4393636184524 us: [pid:4174004 tid: 0x7fa0f7bf0200] All commands finished
:3:hip_memory.cpp           :796 : 4393636184530 us: [pid:4174004 tid: 0x7fa0f7bf0200] hipMemcpy: Returned hipSuccess : : duration: 1195 us
:3:hip_memory.cpp           :756 : 4393636184543 us: [pid:4174004 tid: 0x7fa0f7bf0200] [32m hipMalloc ( 0x7fffadf918c0, 30720000 ) [0m
:3:rocvirtual.cpp           :226 : 4393636184535 us: [pid:4174004 tid: 0x7f9fbf3ff6c0] Handler: value(0), timestamp(0x3cf6e730), handle(0x7fa0ee7fd680)
:4:rocdevice.cpp            :2371: 4393636184640 us: [pid:4174004 tid: 0x7fa0f7bf0200] Allocate hsa device memory 0x7f9f9e000000, size 0x1d4c000, hsa_mem_flags 0x0h
:3:rocdevice.cpp            :2411: 4393636185033 us: [pid:4174004 tid: 0x7fa0f7bf0200] Device=0x3c7d7500, freeMem_ = 0xffb562000
:4:command.cpp              :169 : 4393636185022 us: [pid:4174004 tid: 0x7f9fbf3ff6c0] Command 0x3ce83780 complete
:4:command.cpp              :163 : 4393636185762 us: [pid:4174004 tid: 0x7f9fbf3ff6c0] Command 0x3d03cd90 complete (Wall: 4393636185759, CPU: 0, GPU: 1268 us)
:3:hip_memory.cpp           :758 : 4393636185779 us: [pid:4174004 tid: 0x7fa0f7bf0200] hipMalloc: Returned hipSuccess : 0x7f9f9e000000: duration: 1236 us
:3:hip_memory.cpp           :756 : 4393636185796 us: [pid:4174004 tid: 0x7fa0f7bf0200] [32m hipMalloc ( 0x7fffadf918b8, 36 ) [0m
:4:rocdevice.cpp            :2371: 4393636185816 us: [pid:4174004 tid: 0x7fa0f7bf0200] Allocate hsa device memory 0x7f9fa0006000, size 0x24, hsa_mem_flags 0x0h
:3:rocdevice.cpp            :2411: 4393636186237 us: [pid:4174004 tid: 0x7fa0f7bf0200] Device=0x3c7d7500, freeMem_ = 0xffb561fdc
:3:hip_memory.cpp           :758 : 4393636186248 us: [pid:4174004 tid: 0x7fa0f7bf0200] hipMalloc: Returned hipSuccess : 0x7f9fa0006000: duration: 452 us
:3:hip_memory.cpp           :795 : 4393636186271 us: [pid:4174004 tid: 0x7fa0f7bf0200] [32m hipMemcpy ( 0x7f9fa0006000, 0x3c6d3dc0, 36, hipMemcpyHostToDevice ) [0m
:4:command.cpp              :359 : 4393636186289 us: [pid:4174004 tid: 0x7fa0f7bf0200] Command (CopyHostToDevice) enqueued: 0x3d00be50
:4:rocblit.cpp              :1803: 4393636186302 us: [pid:4174004 tid: 0x7fa0f7bf0200] Unpinned write path, Async = 0
:4:rocblit.cpp              :1832: 4393636186308 us: [pid:4174004 tid: 0x7fa0f7bf0200] memcpy stg buf=0x7f9fac606000, host src=0x3c6d3dc0, size=36
:4:rocblit.cpp              :1835: 4393636186315 us: [pid:4174004 tid: 0x7fa0f7bf0200] Blit staging H2D copy dst=0x7f9fa0006000, stg buf=0x7f9fac606000, dstOrigin=0x0, size=36
:3:rocvirtual.cpp           :762 : 4393636186326 us: [pid:4174004 tid: 0x7fa0f7bf0200] Arg0: uchar* src = ptr:0x7f9fac606000
:3:rocvirtual.cpp           :762 : 4393636186331 us: [pid:4174004 tid: 0x7fa0f7bf0200] Arg1: uchar* dst = ptr:0x7f9fa0006000
:3:rocvirtual.cpp           :853 : 4393636186336 us: [pid:4174004 tid: 0x7fa0f7bf0200] Arg2: ulong size = val:36
:3:rocvirtual.cpp           :853 : 4393636186751 us: [pid:4174004 tid: 0x7fa0f7bf0200] Arg3: uint remainder = val:4
:3:rocvirtual.cpp           :853 : 4393636186758 us: [pid:4174004 tid: 0x7fa0f7bf0200] Arg4: uint aligned_size = val:16
:3:rocvirtual.cpp           :853 : 4393636186764 us: [pid:4174004 tid: 0x7fa0f7bf0200] Arg5: ulong end_ptr = val:140323560906784
:3:rocvirtual.cpp           :853 : 4393636186781 us: [pid:4174004 tid: 0x7fa0f7bf0200] Arg6: uint next_chunk = val:512
:3:rocvirtual.cpp           :3236: 4393636186803 us: [pid:4174004 tid: 0x7fa0f7bf0200] ShaderName : __amd_rocclr_copyBuffer
:3:rocvirtual.cpp           :3449: 4393636186809 us: [pid:4174004 tid: 0x7fa0f7bf0200] KernargSegmentByteSize = 304 KernargSegmentAlignment = 128
:4:rocvirtual.cpp           :965 : 4393636186820 us: [pid:4174004 tid: 0x7fa0f7bf0200] SWq=0x7fa0ee95c000, HWq=0x7f9face00000, id=1, Dispatch Header = 0x1502 (type=2, barrier=1, acquire=2, release=2), setup=1, grid=[512, 1, 1], workgroup=[512, 1, 1], private_seg_size=0, group_seg_size=0, kernel_obj=0x7fa0ee94ddc0, kernarg_address=0x7f9facc00000, completion_signal=0x0, correlation_id=0, rptr=2, wptr=2
:4:commandqueue.cpp         :161 : 4393636186836 us: [pid:4174004 tid: 0x7fa0f7bf0200] Marker queued to ensure finish
:4:command.cpp              :359 : 4393636186841 us: [pid:4174004 tid: 0x7fa0f7bf0200] Command (InternalMarker) enqueued: 0x3d03cd90
:3:rocvirtual.cpp           :533 : 4393636186861 us: [pid:4174004 tid: 0x7fa0f7bf0200] Set Handler: handle(0x7fa0ee7fd700), timestamp(0x3cf06780)
:4:rocvirtual.cpp           :1147: 4393636187308 us: [pid:4174004 tid: 0x7fa0f7bf0200] SWq=0x7fa0ee95c000, HWq=0x7f9face00000, id=1, BarrierAND Header = 0x1503 (type=3, barrier=1, acquire=2, release=2), dep_signal=[0x0, 0x0, 0x0, 0x0, 0x0], completion_signal=0x7fa0ee7fd700
:4:commandqueue.cpp         :184 : 4393636187323 us: [pid:4174004 tid: 0x7fa0f7bf0200] All commands finished
:3:rocvirtual.cpp           :226 : 4393636187329 us: [pid:4174004 tid: 0x7f9fbf3ff6c0] Handler: value(0), timestamp(0x3cd9a1c0), handle(0x7fa0ee7fd700)
:4:command.cpp              :169 : 4393636187342 us: [pid:4174004 tid: 0x7f9fbf3ff6c0] Command 0x3d00be50 complete
:4:command.cpp              :163 : 4393636187348 us: [pid:4174004 tid: 0x7f9fbf3ff6c0] Command 0x3d03cd90 complete (Wall: 4393636187347, CPU: 0, GPU: 498 us)
:3:hip_memory.cpp           :796 : 4393636187329 us: [pid:4174004 tid: 0x7fa0f7bf0200] hipMemcpy: Returned hipSuccess : : duration: 1058 us
:3:hip_memory.cpp           :3476: 4393636187391 us: [pid:4174004 tid: 0x7fa0f7bf0200] [32m hipMemset ( 0x7f9f9e000000, 0, 30720000 ) [0m
:4:command.cpp              :359 : 4393636187879 us: [pid:4174004 tid: 0x7fa0f7bf0200] Command (FillBuffer) enqueued: 0x3cb3ef70
:3:rocvirtual.cpp           :762 : 4393636187893 us: [pid:4174004 tid: 0x7fa0f7bf0200] Arg0: void* buf = ptr:0x7f9f9e000000
:3:rocvirtual.cpp           :778 : 4393636187898 us: [pid:4174004 tid: 0x7fa0f7bf0200] Arg0: void* buf = ptr:0x7f9f9e000000 obj:[0x7f9f9e000000-0x7f9f9fd4c000]
:3:rocvirtual.cpp           :762 : 4393636187905 us: [pid:4174004 tid: 0x7fa0f7bf0200] Arg1: uchar* pattern = ptr:0x7f9facc00200
:3:rocvirtual.cpp           :853 : 4393636187913 us: [pid:4174004 tid: 0x7fa0f7bf0200] Arg2: uint pattern_size = val:1
:3:rocvirtual.cpp           :853 : 4393636187918 us: [pid:4174004 tid: 0x7fa0f7bf0200] Arg3: uint alignment = val:16
:3:rocvirtual.cpp           :853 : 4393636187922 us: [pid:4174004 tid: 0x7fa0f7bf0200] Arg4: ulong end_ptr = val:140323558047744
:3:rocvirtual.cpp           :853 : 4393636187930 us: [pid:4174004 tid: 0x7fa0f7bf0200] Arg5: uint next_chunk = val:26624
:3:rocvirtual.cpp           :3236: 4393636187936 us: [pid:4174004 tid: 0x7fa0f7bf0200] ShaderName : __amd_rocclr_fillBufferAligned
:3:rocvirtual.cpp           :3449: 4393636187944 us: [pid:4174004 tid: 0x7fa0f7bf0200] KernargSegmentByteSize = 296 KernargSegmentAlignment = 128
:4:rocvirtual.cpp           :965 : 4393636187954 us: [pid:4174004 tid: 0x7fa0f7bf0200] SWq=0x7fa0ee95c000, HWq=0x7f9face00000, id=1, Dispatch Header = 0xb02 (type=2, barrier=1, acquire=1, release=1), setup=1, grid=[26624, 1, 1], workgroup=[256, 1, 1], private_seg_size=0, group_seg_size=0, kernel_obj=0x7fa0ee94dd40, kernarg_address=0x7f9facc00300, completion_signal=0x0, correlation_id=0, rptr=4, wptr=4
:3:hip_memory.cpp           :3477: 4393636187968 us: [pid:4174004 tid: 0x7fa0f7bf0200] hipMemset: Returned hipSuccess : 
:3:hip_device_runtime.cpp   :641 : 4393636187975 us: [pid:4174004 tid: 0x7fa0f7bf0200] [32m hipDeviceSynchronize (  ) [0m
:4:commandqueue.cpp         :161 : 4393636187987 us: [pid:4174004 tid: 0x7fa0f7bf0200] Marker queued to ensure finish
:4:command.cpp              :359 : 4393636188462 us: [pid:4174004 tid: 0x7fa0f7bf0200] Command (InternalMarker) enqueued: 0x3d03cd90
:3:rocvirtual.cpp           :533 : 4393636188480 us: [pid:4174004 tid: 0x7fa0f7bf0200] Set Handler: handle(0x7fa0ee7fd780), timestamp(0x3cf06670)
:4:rocvirtual.cpp           :1147: 4393636188488 us: [pid:4174004 tid: 0x7fa0f7bf0200] SWq=0x7fa0ee95c000, HWq=0x7f9face00000, id=1, BarrierAND Header = 0x1503 (type=3, barrier=1, acquire=2, release=2), dep_signal=[0x0, 0x0, 0x0, 0x0, 0x0], completion_signal=0x7fa0ee7fd780
:3:rocvirtual.hpp           :56  : 4393636188499 us: [pid:4174004 tid: 0x7fa0f7bf0200] Host active wait for Signal = (0x7fa0ee7fd780) for -1 ns
:4:commandqueue.cpp         :184 : 4393636188508 us: [pid:4174004 tid: 0x7fa0f7bf0200] All commands finished
:3:rocvirtual.cpp           :226 : 4393636188516 us: [pid:4174004 tid: 0x7f9fbf3ff6c0] Handler: value(0), timestamp(0x3cd9a2f0), handle(0x7fa0ee7fd780)
:4:command.cpp              :169 : 4393636188527 us: [pid:4174004 tid: 0x7f9fbf3ff6c0] Command 0x3cb3ef70 complete
:4:command.cpp              :163 : 4393636188534 us: [pid:4174004 tid: 0x7f9fbf3ff6c0] Command 0x3d03cd90 complete (Wall: 4393636188533, CPU: 0, GPU: 62 us)
:3:hip_device_runtime.cpp   :645 : 4393636188522 us: [pid:4174004 tid: 0x7fa0f7bf0200] hipDeviceSynchronize: Returned hipSuccess : 
:3:hip_platform.cpp         :237 : 4393636188579 us: [pid:4174004 tid: 0x7fa0f7bf0200] [32m __hipPushCallConfiguration ( {8,1,1}, {128,1,1}, 0, stream:<null> ) [0m
:3:hip_platform.cpp         :241 : 4393636188913 us: [pid:4174004 tid: 0x7fa0f7bf0200] __hipPushCallConfiguration: Returned hipSuccess : 
:3:hip_platform.cpp         :246 : 4393636188924 us: [pid:4174004 tid: 0x7fa0f7bf0200] [32m __hipPopCallConfiguration ( {37054546,32673,128}, {2118224,0,2918783392}, 0x7fffadf916f0, 0x7fffadf916e8 ) [0m
:3:hip_platform.cpp         :255 : 4393636188932 us: [pid:4174004 tid: 0x7fa0f7bf0200] __hipPopCallConfiguration: Returned hipSuccess : 
:3:hip_module.cpp           :744 : 4393636188961 us: [pid:4174004 tid: 0x7fa0f7bf0200] [32m hipLaunchKernel ( 0x200fd8, {8,1,1}, {128,1,1}, 0x7fffadf916a0, 0, stream:<null> ) [0m
:3:devprogram.cpp           :2658: 4393636189554 us: [pid:4174004 tid: 0x7fa0f7bf0200] Using Code Object V5.
:4:command.cpp              :359 : 4393636190512 us: [pid:4174004 tid: 0x7fa0f7bf0200] Command (KernelExecution) enqueued: 0x3ceef490
:3:rocvirtual.cpp           :762 : 4393636190530 us: [pid:4174004 tid: 0x7fa0f7bf0200] Arg0:   = ptr:0x7f9fc3200000
:3:rocvirtual.cpp           :778 : 4393636190536 us: [pid:4174004 tid: 0x7fa0f7bf0200] Arg0:   = ptr:0x7f9fc3200000 obj:[0x7f9fc3200000-0x7f9fc4f4c000]
:3:rocvirtual.cpp           :762 : 4393636190543 us: [pid:4174004 tid: 0x7fa0f7bf0200] Arg1:   = ptr:0x7f9fa0000000
:3:rocvirtual.cpp           :778 : 4393636190548 us: [pid:4174004 tid: 0x7fa0f7bf0200] Arg1:   = ptr:0x7f9fa0000000 obj:[0x7f9fa0000000-0x7f9fa0006000]
:3:rocvirtual.cpp           :762 : 4393636190555 us: [pid:4174004 tid: 0x7fa0f7bf0200] Arg2:   = ptr:0x7f9f9e000000
:3:rocvirtual.cpp           :778 : 4393636190560 us: [pid:4174004 tid: 0x7fa0f7bf0200] Arg2:   = ptr:0x7f9f9e000000 obj:[0x7f9f9e000000-0x7f9f9fd4c000]
:3:rocvirtual.cpp           :853 : 4393636190567 us: [pid:4174004 tid: 0x7fa0f7bf0200] Arg3:   = val:768
:3:rocvirtual.cpp           :762 : 4393636190572 us: [pid:4174004 tid: 0x7fa0f7bf0200] Arg4:   = ptr:0x7f9fa0006000
:3:rocvirtual.cpp           :778 : 4393636190577 us: [pid:4174004 tid: 0x7fa0f7bf0200] Arg4:   = ptr:0x7f9fa0006000 obj:[0x7f9fa0006000-0x7f9fa0006024]
:3:rocvirtual.cpp           :3236: 4393636190940 us: [pid:4174004 tid: 0x7fa0f7bf0200] ShaderName : void dense_esuhm<float>(float const*, float const*, float*, int, int const*)
:4:rocdevice.cpp            :2210: 4393637948659 us: [pid:4174004 tid: 0x7fa0f7bf0200] Allocate hsa host memory 0x7f9f9d200000, size 0xd13838, numa_node = 0
:3:rocdevice.cpp            :3322: 4393637949071 us: [pid:4174004 tid: 0x7fa0f7bf0200] Created hostcall buffer 0x7f9f9d200000 for hardware queue 0x7f9face00000
:4:rocsignal.cpp            :38  : 4393637949629 us: [pid:4174004 tid: 0x7fa0f7bf0200] Initialize Hostcall signal=0x7fa0ee7fd280
:3:devhostcall.cpp          :428 : 4393637949833 us: [pid:4174004 tid: 0x7fa0f7bf0200] Launched hostcall listener at 0x3ce4dac0
:3:devhostcall.cpp          :441 : 4393637949838 us: [pid:4174004 tid: 0x7fa0f7bf0200] Registered hostcall buffer 0x7f9f9d200000 with listener 0x3ce4dac0
:4:rocdevice.cpp            :2371: 4393637949854 us: [pid:4174004 tid: 0x7fa0f7bf0200] Allocate hsa device memory 0x7f9fa0007000, size 0x20000, hsa_mem_flags 0x0h
:4:rocdevice.cpp            :2371: 4393637950369 us: [pid:4174004 tid: 0x7fa0f7bf0200] Allocate hsa device memory 0x7f9f9c800000, size 0x800000, hsa_mem_flags 0x0h
:3:rocvirtual.cpp           :853 : 4393637950397 us: [pid:4174004 tid: 0x7fa0f7bf0200] Arg0: ulong heap_to_initialize = val:140323560910848
:3:rocvirtual.cpp           :853 : 4393637950405 us: [pid:4174004 tid: 0x7fa0f7bf0200] Arg1: ulong initial_blocks = val:140323502161920
:3:rocvirtual.cpp           :853 : 4393637950413 us: [pid:4174004 tid: 0x7fa0f7bf0200] Arg2: uint heap_size = val:131072
:3:rocvirtual.cpp           :853 : 4393637950418 us: [pid:4174004 tid: 0x7fa0f7bf0200] Arg3: uint number_of_initial_blocks = val:4
:3:rocvirtual.cpp           :3236: 4393637950431 us: [pid:4174004 tid: 0x7fa0f7bf0200] ShaderName : __amd_rocclr_initHeap
:3:rocvirtual.cpp           :3449: 4393637951180 us: [pid:4174004 tid: 0x7fa0f7bf0200] KernargSegmentByteSize = 24 KernargSegmentAlignment = 128
:4:rocvirtual.cpp           :965 : 4393637951193 us: [pid:4174004 tid: 0x7fa0f7bf0200] SWq=0x7fa0ee95c000, HWq=0x7f9face00000, id=1, Dispatch Header = 0xb02 (type=2, barrier=1, acquire=1, release=1), setup=1, grid=[256, 1, 1], workgroup=[256, 1, 1], private_seg_size=0, group_seg_size=0, kernel_obj=0x7fa0ee94e0c0, kernarg_address=0x7f9facc00480, completion_signal=0x0, correlation_id=0, rptr=6, wptr=6
:4:rocvirtual.cpp           :1147: 4393637951211 us: [pid:4174004 tid: 0x7fa0f7bf0200] SWq=0x7fa0ee95c000, HWq=0x7f9face00000, id=1, BarrierAND Header = 0x1503 (type=3, barrier=1, acquire=2, release=2), dep_signal=[0x0, 0x0, 0x0, 0x0, 0x0], completion_signal=0x7fa0ee7ff480
:4:rocvirtual.cpp           :622 : 4393637951222 us: [pid:4174004 tid: 0x7fa0f7bf0200] Host wait on completion_signal=0x7fa0ee7ff480
:3:rocvirtual.hpp           :56  : 4393637951230 us: [pid:4174004 tid: 0x7fa0f7bf0200] Host active wait for Signal = (0x7fa0ee7ff480) for -1 ns
:3:rocvirtual.cpp           :3449: 4393637952162 us: [pid:4174004 tid: 0x7fa0f7bf0200] KernargSegmentByteSize = 296 KernargSegmentAlignment = 128
:4:rocvirtual.cpp           :965 : 4393637952185 us: [pid:4174004 tid: 0x7fa0f7bf0200] SWq=0x7fa0ee95c000, HWq=0x7f9face00000, id=1, Dispatch Header = 0xb02 (type=2, barrier=1, acquire=1, release=1), setup=3, grid=[1024, 1, 1], workgroup=[128, 1, 1], private_seg_size=140, group_seg_size=0, kernel_obj=0x7fa0ee921980, kernarg_address=0x7f9facc00000, completion_signal=0x0, correlation_id=0, rptr=8, wptr=8
:3:hip_module.cpp           :745 : 4393637952213 us: [pid:4174004 tid: 0x7fa0f7bf0200] hipLaunchKernel: Returned hipSuccess : : duration: 1763252 us
:3:hip_device_runtime.cpp   :641 : 4393637952224 us: [pid:4174004 tid: 0x7fa0f7bf0200] [32m hipDeviceSynchronize (  ) [0m
:4:commandqueue.cpp         :161 : 4393637952231 us: [pid:4174004 tid: 0x7fa0f7bf0200] Marker queued to ensure finish
:4:command.cpp              :359 : 4393637952236 us: [pid:4174004 tid: 0x7fa0f7bf0200] Command (InternalMarker) enqueued: 0x3d03cd90
:3:rocvirtual.cpp           :533 : 4393637952252 us: [pid:4174004 tid: 0x7fa0f7bf0200] Set Handler: handle(0x7fa0ee7fd800), timestamp(0x3cf065a0)
:4:rocvirtual.cpp           :1147: 4393637952260 us: [pid:4174004 tid: 0x7fa0f7bf0200] SWq=0x7fa0ee95c000, HWq=0x7f9face00000, id=1, BarrierAND Header = 0x1503 (type=3, barrier=1, acquire=2, release=2), dep_signal=[0x0, 0x0, 0x0, 0x0, 0x0], completion_signal=0x7fa0ee7fd800
:3:rocvirtual.hpp           :56  : 4393637952276 us: [pid:4174004 tid: 0x7fa0f7bf0200] Host active wait for Signal = (0x7fa0ee7fd800) for -1 ns
:4:commandqueue.cpp         :184 : 4393637952629 us: [pid:4174004 tid: 0x7fa0f7bf0200] All commands finished
:3:hip_device_runtime.cpp   :645 : 4393637952637 us: [pid:4174004 tid: 0x7fa0f7bf0200] hipDeviceSynchronize: Returned hipSuccess : 
:3:rocvirtual.cpp           :226 : 4393637952646 us: [pid:4174004 tid: 0x7f9fbf3ff6c0] Handler: value(0), timestamp(0x3c820490), handle(0x7fa0ee7fd800)
:3:hip_memory.cpp           :795 : 4393637952654 us: [pid:4174004 tid: 0x7fa0f7bf0200] [32m hipMemcpy ( 0x7fa0f414c010, 0x7f9f9e000000, 30720000, hipMemcpyDeviceToHost ) [0m
:4:command.cpp              :359 : 4393637952691 us: [pid:4174004 tid: 0x7fa0f7bf0200] Command (CopyDeviceToHost) enqueued: 0x3cf13bb0
:4:rocblit.cpp              :1673: 4393637952703 us: [pid:4174004 tid: 0x7fa0f7bf0200] Unpinned read path, Async = 0
:4:command.cpp              :169 : 4393637952672 us: [pid:4174004 tid: 0x7f9fbf3ff6c0] Command 0x3ceef490 complete
:4:command.cpp              :163 : 4393637953332 us: [pid:4174004 tid: 0x7f9fbf3ff6c0] Command 0x3d03cd90 complete (Wall: 4393637953326, CPU: 0, GPU: 1082 us)
:4:rocmemory.cpp            :1018: 4393637964231 us: [pid:4174004 tid: 0x7fa0f7bf0200] Locking to pool 0x3c6dded0, size 0x1d4d000, HostPtr = 0x7fa0f414c000, DevPtr = 0x7fa0f414c000
:4:rocblit.cpp              :623 : 4393637964251 us: [pid:4174004 tid: 0x7fa0f7bf0200] HSA Copy Using Pinned resource size 30720000
:4:rocblit.cpp              :687 : 4393637964259 us: [pid:4174004 tid: 0x7fa0f7bf0200] HSA Async Copy staged D2H
:4:rocblit.cpp              :503 : 4393637964265 us: [pid:4174004 tid: 0x7fa0f7bf0200] Last copy mask 0x0
:4:rocblit.cpp              :509 : 4393637964272 us: [pid:4174004 tid: 0x7fa0f7bf0200] Query copy engine status 0, free_engine mask 0x1e
:4:rocblit.cpp              :520 : 4393637964280 us: [pid:4174004 tid: 0x7fa0f7bf0200] HSA Async Copy on copy_engine=0x2, dst=0x7fa0f414c010, src=0x7f9f9e000000, size=30720000, forceSDMA=0, wait_event=0x0, completion_signal=0x7fa0ee7ff380
:4:rocvirtual.cpp           :622 : 4393637970574 us: [pid:4174004 tid: 0x7fa0f7bf0200] Host wait on completion_signal=0x7fa0ee7ff380
:3:rocvirtual.hpp           :56  : 4393637970606 us: [pid:4174004 tid: 0x7fa0f7bf0200] Host active wait for Signal = (0x7fa0ee7ff380) for -1 ns
:4:commandqueue.cpp         :161 : 4393637971710 us: [pid:4174004 tid: 0x7fa0f7bf0200] Marker queued to ensure finish
:4:command.cpp              :359 : 4393637971719 us: [pid:4174004 tid: 0x7fa0f7bf0200] Command (InternalMarker) enqueued: 0x3cbc4e80
:3:rocvirtual.cpp           :533 : 4393637971744 us: [pid:4174004 tid: 0x7fa0f7bf0200] Set Handler: handle(0x7fa0ee7fd100), timestamp(0x3cebd750)
:4:rocvirtual.cpp           :1147: 4393637971757 us: [pid:4174004 tid: 0x7fa0f7bf0200] SWq=0x7fa0ee95c000, HWq=0x7f9face00000, id=1, BarrierAND Header = 0x1503 (type=3, barrier=1, acquire=2, release=2), dep_signal=[0x0, 0x0, 0x0, 0x0, 0x0], completion_signal=0x7fa0ee7fd100
:4:commandqueue.cpp         :184 : 4393637971771 us: [pid:4174004 tid: 0x7fa0f7bf0200] All commands finished
:3:hip_memory.cpp           :796 : 4393637971777 us: [pid:4174004 tid: 0x7fa0f7bf0200] hipMemcpy: Returned hipSuccess : : duration: 19123 us
:3:hip_memory.cpp           :3476: 4393637971789 us: [pid:4174004 tid: 0x7fa0f7bf0200] [32m hipMemset ( 0x7f9f9e000000, 0, 30720000 ) [0m
:4:command.cpp              :359 : 4393637971802 us: [pid:4174004 tid: 0x7fa0f7bf0200] Command (FillBuffer) enqueued: 0x3cd85670
:3:rocvirtual.cpp           :226 : 4393637971808 us: [pid:4174004 tid: 0x7f9fbf3ff6c0] Handler: value(0), timestamp(0x3ce98180), handle(0x7fa0ee7fd100)
:3:rocvirtual.cpp           :762 : 4393637972170 us: [pid:4174004 tid: 0x7fa0f7bf0200] Arg0: void* buf = ptr:0x7f9f9e000000
:3:rocvirtual.cpp           :778 : 4393637972201 us: [pid:4174004 tid: 0x7fa0f7bf0200] Arg0: void* buf = ptr:0x7f9f9e000000 obj:[0x7f9f9e000000-0x7f9f9fd4c000]
:3:rocvirtual.cpp           :762 : 4393637972215 us: [pid:4174004 tid: 0x7fa0f7bf0200] Arg1: uchar* pattern = ptr:0x7f9facc00000
:4:command.cpp              :169 : 4393637972194 us: [pid:4174004 tid: 0x7f9fbf3ff6c0] Command 0x3cf13bb0 complete
:3:rocvirtual.cpp           :853 : 4393637972230 us: [pid:4174004 tid: 0x7fa0f7bf0200] Arg2: uint pattern_size = val:1
:3:rocvirtual.cpp           :853 : 4393637972254 us: [pid:4174004 tid: 0x7fa0f7bf0200] Arg3: uint alignment = val:16
:4:command.cpp              :163 : 4393637972246 us: [pid:4174004 tid: 0x7f9fbf3ff6c0] Command 0x3cbc4e80 complete (Wall: 4393637972243, CPU: 0, GPU: 516 us)
:3:rocvirtual.cpp           :853 : 4393637972287 us: [pid:4174004 tid: 0x7fa0f7bf0200] Arg4: ulong end_ptr = val:140323558047744
:3:rocvirtual.cpp           :853 : 4393637972644 us: [pid:4174004 tid: 0x7fa0f7bf0200] Arg5: uint next_chunk = val:26624
:3:rocvirtual.cpp           :3236: 4393637972651 us: [pid:4174004 tid: 0x7fa0f7bf0200] ShaderName : __amd_rocclr_fillBufferAligned
:3:rocvirtual.cpp           :3449: 4393637972662 us: [pid:4174004 tid: 0x7fa0f7bf0200] KernargSegmentByteSize = 296 KernargSegmentAlignment = 128
:4:rocvirtual.cpp           :965 : 4393637972675 us: [pid:4174004 tid: 0x7fa0f7bf0200] SWq=0x7fa0ee95c000, HWq=0x7f9face00000, id=1, Dispatch Header = 0x1502 (type=2, barrier=1, acquire=2, release=2), setup=1, grid=[26624, 1, 1], workgroup=[256, 1, 1], private_seg_size=0, group_seg_size=0, kernel_obj=0x7fa0ee94dd40, kernarg_address=0x7f9facc00100, completion_signal=0x0, correlation_id=0, rptr=11, wptr=11
:3:hip_memory.cpp           :3477: 4393637972694 us: [pid:4174004 tid: 0x7fa0f7bf0200] hipMemset: Returned hipSuccess : 
:3:hip_device_runtime.cpp   :641 : 4393637972702 us: [pid:4174004 tid: 0x7fa0f7bf0200] [32m hipDeviceSynchronize (  ) [0m
:4:commandqueue.cpp         :161 : 4393637972709 us: [pid:4174004 tid: 0x7fa0f7bf0200] Marker queued to ensure finish
:4:command.cpp              :359 : 4393637972714 us: [pid:4174004 tid: 0x7fa0f7bf0200] Command (InternalMarker) enqueued: 0x3ceb3240
:3:rocvirtual.cpp           :533 : 4393637972734 us: [pid:4174004 tid: 0x7fa0f7bf0200] Set Handler: handle(0x7fa0ee7fd080), timestamp(0x3cebd7d0)
:4:rocvirtual.cpp           :1147: 4393637972743 us: [pid:4174004 tid: 0x7fa0f7bf0200] SWq=0x7fa0ee95c000, HWq=0x7f9face00000, id=1, BarrierAND Header = 0x1503 (type=3, barrier=1, acquire=2, release=2), dep_signal=[0x0, 0x0, 0x0, 0x0, 0x0], completion_signal=0x7fa0ee7fd080
:4:commandqueue.cpp         :184 : 4393637973309 us: [pid:4174004 tid: 0x7fa0f7bf0200] All commands finished
:3:hip_device_runtime.cpp   :645 : 4393637973318 us: [pid:4174004 tid: 0x7fa0f7bf0200] hipDeviceSynchronize: Returned hipSuccess : 
:3:rocvirtual.cpp           :226 : 4393637972782 us: [pid:4174004 tid: 0x7f9fbf3ff6c0] Handler: value(0), timestamp(0x3ce981f0), handle(0x7fa0ee7fd080)
:4:command.cpp              :169 : 4393637973348 us: [pid:4174004 tid: 0x7f9fbf3ff6c0] Command 0x3cd85670 complete
:3:hip_platform.cpp         :237 : 4393637973333 us: [pid:4174004 tid: 0x7fa0f7bf0200] [32m __hipPushCallConfiguration ( {8,1,1}, {128,1,1}, 0, stream:<null> ) [0m
:3:hip_platform.cpp         :241 : 4393637973368 us: [pid:4174004 tid: 0x7fa0f7bf0200] __hipPushCallConfiguration: Returned hipSuccess : 
:4:command.cpp              :163 : 4393637973358 us: [pid:4174004 tid: 0x7f9fbf3ff6c0] Command 0x3ceb3240 complete (Wall: 4393637973356, CPU: 0, GPU: 634 us)
:3:hip_platform.cpp         :246 : 4393637973380 us: [pid:4174004 tid: 0x7fa0f7bf0200] [32m __hipPopCallConfiguration ( {37054546,32673,128}, {2118224,0,2918783392}, 0x7fffadf916f0, 0x7fffadf916e8 ) [0m
:3:hip_platform.cpp         :255 : 4393637973405 us: [pid:4174004 tid: 0x7fa0f7bf0200] __hipPopCallConfiguration: Returned hipSuccess : 
:3:hip_module.cpp           :744 : 4393637973418 us: [pid:4174004 tid: 0x7fa0f7bf0200] [32m hipLaunchKernel ( 0x200fe0, {8,1,1}, {128,1,1}, 0x7fffadf916a0, 0, stream:<null> ) [0m
:4:command.cpp              :359 : 4393637973438 us: [pid:4174004 tid: 0x7fa0f7bf0200] Command (KernelExecution) enqueued: 0x3d003550
:3:rocvirtual.cpp           :762 : 4393637974016 us: [pid:4174004 tid: 0x7fa0f7bf0200] Arg0:   = ptr:0x7f9fc3200000
:3:rocvirtual.cpp           :778 : 4393637974022 us: [pid:4174004 tid: 0x7fa0f7bf0200] Arg0:   = ptr:0x7f9fc3200000 obj:[0x7f9fc3200000-0x7f9fc4f4c000]
:3:rocvirtual.cpp           :762 : 4393637974030 us: [pid:4174004 tid: 0x7fa0f7bf0200] Arg1:   = ptr:0x7f9fa0000000
:3:rocvirtual.cpp           :778 : 4393637974035 us: [pid:4174004 tid: 0x7fa0f7bf0200] Arg1:   = ptr:0x7f9fa0000000 obj:[0x7f9fa0000000-0x7f9fa0006000]
:3:rocvirtual.cpp           :762 : 4393637974042 us: [pid:4174004 tid: 0x7fa0f7bf0200] Arg2:   = ptr:0x7f9f9e000000
:3:rocvirtual.cpp           :778 : 4393637974047 us: [pid:4174004 tid: 0x7fa0f7bf0200] Arg2:   = ptr:0x7f9f9e000000 obj:[0x7f9f9e000000-0x7f9f9fd4c000]
:3:rocvirtual.cpp           :853 : 4393637974055 us: [pid:4174004 tid: 0x7fa0f7bf0200] Arg3:   = val:768
:3:rocvirtual.cpp           :762 : 4393637974060 us: [pid:4174004 tid: 0x7fa0f7bf0200] Arg4:   = ptr:0x7f9fa0006000
:3:rocvirtual.cpp           :778 : 4393637974064 us: [pid:4174004 tid: 0x7fa0f7bf0200] Arg4:   = ptr:0x7f9fa0006000 obj:[0x7f9fa0006000-0x7f9fa0006024]
:3:rocvirtual.cpp           :3236: 4393637974080 us: [pid:4174004 tid: 0x7fa0f7bf0200] ShaderName : void dense_esuhm2<float>(float const*, float const*, float*, int, int const*)
:3:rocvirtual.cpp           :3449: 4393637974090 us: [pid:4174004 tid: 0x7fa0f7bf0200] KernargSegmentByteSize = 296 KernargSegmentAlignment = 128
:4:rocvirtual.cpp           :965 : 4393637974100 us: [pid:4174004 tid: 0x7fa0f7bf0200] SWq=0x7fa0ee95c000, HWq=0x7f9face00000, id=1, Dispatch Header = 0xb02 (type=2, barrier=1, acquire=1, release=1), setup=3, grid=[1024, 1, 1], workgroup=[128, 1, 1], private_seg_size=140, group_seg_size=0, kernel_obj=0x7fa0ee9219c0, kernarg_address=0x7f9facc00280, completion_signal=0x0, correlation_id=0, rptr=13, wptr=13
:3:hip_module.cpp           :745 : 4393637974114 us: [pid:4174004 tid: 0x7fa0f7bf0200] hipLaunchKernel: Returned hipSuccess : : duration: 696 us
:3:hip_device_runtime.cpp   :641 : 4393637974122 us: [pid:4174004 tid: 0x7fa0f7bf0200] [32m hipDeviceSynchronize (  ) [0m
:4:commandqueue.cpp         :161 : 4393637974128 us: [pid:4174004 tid: 0x7fa0f7bf0200] Marker queued to ensure finish
:4:command.cpp              :359 : 4393637974133 us: [pid:4174004 tid: 0x7fa0f7bf0200] Command (InternalMarker) enqueued: 0x3ceb3240
:3:rocvirtual.cpp           :533 : 4393637974148 us: [pid:4174004 tid: 0x7fa0f7bf0200] Set Handler: handle(0x7fa0ee7fd000), timestamp(0x3d025150)
:4:rocvirtual.cpp           :1147: 4393637974530 us: [pid:4174004 tid: 0x7fa0f7bf0200] SWq=0x7fa0ee95c000, HWq=0x7f9face00000, id=1, BarrierAND Header = 0x1503 (type=3, barrier=1, acquire=2, release=2), dep_signal=[0x0, 0x0, 0x0, 0x0, 0x0], completion_signal=0x7fa0ee7fd000
:3:rocvirtual.cpp           :226 : 4393637974557 us: [pid:4174004 tid: 0x7f9fbf3ff6c0] Handler: value(0), timestamp(0x3d00acf0), handle(0x7fa0ee7fd000)
:4:command.cpp              :169 : 4393637974960 us: [pid:4174004 tid: 0x7f9fbf3ff6c0] Command 0x3d003550 complete
:4:commandqueue.cpp         :184 : 4393637974942 us: [pid:4174004 tid: 0x7fa0f7bf0200] All commands finished
:3:hip_device_runtime.cpp   :645 : 4393637974976 us: [pid:4174004 tid: 0x7fa0f7bf0200] hipDeviceSynchronize: Returned hipSuccess : 
:4:command.cpp              :163 : 4393637974968 us: [pid:4174004 tid: 0x7f9fbf3ff6c0] Command 0x3ceb3240 complete (Wall: 4393637974966, CPU: 0, GPU: 826 us)
:3:hip_memory.cpp           :795 : 4393637974993 us: [pid:4174004 tid: 0x7fa0f7bf0200] [32m hipMemcpy ( 0x7fa0f23ff010, 0x7f9f9e000000, 30720000, hipMemcpyDeviceToHost ) [0m
:4:command.cpp              :359 : 4393637975016 us: [pid:4174004 tid: 0x7fa0f7bf0200] Command (CopyDeviceToHost) enqueued: 0x3cf2fdc0
:4:rocblit.cpp              :1673: 4393637975026 us: [pid:4174004 tid: 0x7fa0f7bf0200] Unpinned read path, Async = 0
:4:rocmemory.cpp            :1018: 4393637986621 us: [pid:4174004 tid: 0x7fa0f7bf0200] Locking to pool 0x3c6dded0, size 0x1d4d000, HostPtr = 0x7fa0f23ff000, DevPtr = 0x7fa0f23ff000
:4:rocblit.cpp              :623 : 4393637986648 us: [pid:4174004 tid: 0x7fa0f7bf0200] HSA Copy Using Pinned resource size 30720000
:4:rocblit.cpp              :687 : 4393637986656 us: [pid:4174004 tid: 0x7fa0f7bf0200] HSA Async Copy staged D2H
:4:rocblit.cpp              :503 : 4393637986661 us: [pid:4174004 tid: 0x7fa0f7bf0200] Last copy mask 0x0
:4:rocblit.cpp              :509 : 4393637986670 us: [pid:4174004 tid: 0x7fa0f7bf0200] Query copy engine status 0, free_engine mask 0x1e
:4:rocblit.cpp              :520 : 4393637986678 us: [pid:4174004 tid: 0x7fa0f7bf0200] HSA Async Copy on copy_engine=0x2, dst=0x7fa0f23ff010, src=0x7f9f9e000000, size=30720000, forceSDMA=0, wait_event=0x0, completion_signal=0x7fa0ee7ff180
:4:rocvirtual.cpp           :622 : 4393637986688 us: [pid:4174004 tid: 0x7fa0f7bf0200] Host wait on completion_signal=0x7fa0ee7ff180
:3:rocvirtual.hpp           :56  : 4393637986697 us: [pid:4174004 tid: 0x7fa0f7bf0200] Host active wait for Signal = (0x7fa0ee7ff180) for -1 ns
:4:commandqueue.cpp         :161 : 4393637987789 us: [pid:4174004 tid: 0x7fa0f7bf0200] Marker queued to ensure finish
:4:command.cpp              :359 : 4393637987797 us: [pid:4174004 tid: 0x7fa0f7bf0200] Command (InternalMarker) enqueued: 0x3ceb3240
:3:rocvirtual.cpp           :533 : 4393637987815 us: [pid:4174004 tid: 0x7fa0f7bf0200] Set Handler: handle(0x7fa0ee7fcf80), timestamp(0x3cebd5a0)
:4:rocvirtual.cpp           :1147: 4393637988510 us: [pid:4174004 tid: 0x7fa0f7bf0200] SWq=0x7fa0ee95c000, HWq=0x7f9face00000, id=1, BarrierAND Header = 0x1503 (type=3, barrier=1, acquire=2, release=2), dep_signal=[0x0, 0x0, 0x0, 0x0, 0x0], completion_signal=0x7fa0ee7fcf80
:3:rocvirtual.hpp           :56  : 4393637988521 us: [pid:4174004 tid: 0x7fa0f7bf0200] Host active wait for Signal = (0x7fa0ee7fcf80) for -1 ns
:4:commandqueue.cpp         :184 : 4393637988529 us: [pid:4174004 tid: 0x7fa0f7bf0200] All commands finished
:3:hip_memory.cpp           :796 : 4393637988535 us: [pid:4174004 tid: 0x7fa0f7bf0200] hipMemcpy: Returned hipSuccess : : duration: 13542 us
:3:hip_memory.cpp           :3476: 4393637988547 us: [pid:4174004 tid: 0x7fa0f7bf0200] [32m hipMemset ( 0x7f9f9e000000, 0, 30720000 ) [0m
:3:rocvirtual.cpp           :226 : 4393637988551 us: [pid:4174004 tid: 0x7f9fbf3ff6c0] Handler: value(0), timestamp(0x3d00acf0), handle(0x7fa0ee7fcf80)
:4:command.cpp              :169 : 4393637988576 us: [pid:4174004 tid: 0x7f9fbf3ff6c0] Command 0x3cf2fdc0 complete
:4:command.cpp              :359 : 4393637988562 us: [pid:4174004 tid: 0x7fa0f7bf0200] Command (FillBuffer) enqueued: 0x3c8f8200
:4:command.cpp              :163 : 4393637988583 us: [pid:4174004 tid: 0x7f9fbf3ff6c0] Command 0x3ceb3240 complete (Wall: 4393637988581, CPU: 0, GPU: 775 us)
:3:rocvirtual.cpp           :762 : 4393637988594 us: [pid:4174004 tid: 0x7fa0f7bf0200] Arg0: void* buf = ptr:0x7f9f9e000000
:3:rocvirtual.cpp           :778 : 4393637988615 us: [pid:4174004 tid: 0x7fa0f7bf0200] Arg0: void* buf = ptr:0x7f9f9e000000 obj:[0x7f9f9e000000-0x7f9f9fd4c000]
:3:rocvirtual.cpp           :762 : 4393637989263 us: [pid:4174004 tid: 0x7fa0f7bf0200] Arg1: uchar* pattern = ptr:0x7f9facc00000
:3:rocvirtual.cpp           :853 : 4393637989272 us: [pid:4174004 tid: 0x7fa0f7bf0200] Arg2: uint pattern_size = val:1
:3:rocvirtual.cpp           :853 : 4393637989276 us: [pid:4174004 tid: 0x7fa0f7bf0200] Arg3: uint alignment = val:16
:3:rocvirtual.cpp           :853 : 4393637989281 us: [pid:4174004 tid: 0x7fa0f7bf0200] Arg4: ulong end_ptr = val:140323558047744
:3:rocvirtual.cpp           :853 : 4393637989289 us: [pid:4174004 tid: 0x7fa0f7bf0200] Arg5: uint next_chunk = val:26624
:3:rocvirtual.cpp           :3236: 4393637989294 us: [pid:4174004 tid: 0x7fa0f7bf0200] ShaderName : __amd_rocclr_fillBufferAligned
:3:rocvirtual.cpp           :3449: 4393637989302 us: [pid:4174004 tid: 0x7fa0f7bf0200] KernargSegmentByteSize = 296 KernargSegmentAlignment = 128
:4:rocvirtual.cpp           :965 : 4393637989312 us: [pid:4174004 tid: 0x7fa0f7bf0200] SWq=0x7fa0ee95c000, HWq=0x7f9face00000, id=1, Dispatch Header = 0x1502 (type=2, barrier=1, acquire=2, release=2), setup=1, grid=[26624, 1, 1], workgroup=[256, 1, 1], private_seg_size=0, group_seg_size=0, kernel_obj=0x7fa0ee94dd40, kernarg_address=0x7f9facc00100, completion_signal=0x0, correlation_id=0, rptr=16, wptr=16
:3:hip_memory.cpp           :3477: 4393637989330 us: [pid:4174004 tid: 0x7fa0f7bf0200] hipMemset: Returned hipSuccess : 
:3:hip_device_runtime.cpp   :641 : 4393637989335 us: [pid:4174004 tid: 0x7fa0f7bf0200] [32m hipDeviceSynchronize (  ) [0m
:4:commandqueue.cpp         :161 : 4393637989341 us: [pid:4174004 tid: 0x7fa0f7bf0200] Marker queued to ensure finish
:4:command.cpp              :359 : 4393637989345 us: [pid:4174004 tid: 0x7fa0f7bf0200] Command (InternalMarker) enqueued: 0x3cb91a30
:3:rocvirtual.cpp           :533 : 4393637989359 us: [pid:4174004 tid: 0x7fa0f7bf0200] Set Handler: handle(0x7fa0ee7fcf00), timestamp(0x3cc3f650)
:4:rocvirtual.cpp           :1147: 4393637989368 us: [pid:4174004 tid: 0x7fa0f7bf0200] SWq=0x7fa0ee95c000, HWq=0x7f9face00000, id=1, BarrierAND Header = 0x1503 (type=3, barrier=1, acquire=2, release=2), dep_signal=[0x0, 0x0, 0x0, 0x0, 0x0], completion_signal=0x7fa0ee7fcf00
:4:commandqueue.cpp         :184 : 4393637989378 us: [pid:4174004 tid: 0x7fa0f7bf0200] All commands finished
:3:hip_device_runtime.cpp   :645 : 4393637989384 us: [pid:4174004 tid: 0x7fa0f7bf0200] hipDeviceSynchronize: Returned hipSuccess : 
:3:rocvirtual.cpp           :226 : 4393637989387 us: [pid:4174004 tid: 0x7f9fbf3ff6c0] Handler: value(0), timestamp(0x3d00ad60), handle(0x7fa0ee7fcf00)
:4:command.cpp              :169 : 4393637990011 us: [pid:4174004 tid: 0x7f9fbf3ff6c0] Command 0x3c8f8200 complete
:4:command.cpp              :163 : 4393637990016 us: [pid:4174004 tid: 0x7f9fbf3ff6c0] Command 0x3cb91a30 complete (Wall: 4393637990015, CPU: 0, GPU: 662 us)
:3:hip_platform.cpp         :237 : 4393637990001 us: [pid:4174004 tid: 0x7fa0f7bf0200] [32m __hipPushCallConfiguration ( {8,1,1}, {128,1,1}, 0, stream:<null> ) [0m
:3:hip_platform.cpp         :241 : 4393637990038 us: [pid:4174004 tid: 0x7fa0f7bf0200] __hipPushCallConfiguration: Returned hipSuccess : 
:3:hip_platform.cpp         :246 : 4393637990049 us: [pid:4174004 tid: 0x7fa0f7bf0200] [32m __hipPopCallConfiguration ( {37054546,32673,128}, {2118224,0,2918783392}, 0x7fffadf916f0, 0x7fffadf916e8 ) [0m
:3:hip_platform.cpp         :255 : 4393637990057 us: [pid:4174004 tid: 0x7fa0f7bf0200] __hipPopCallConfiguration: Returned hipSuccess : 
:3:hip_module.cpp           :744 : 4393637990068 us: [pid:4174004 tid: 0x7fa0f7bf0200] [32m hipLaunchKernel ( 0x200fe8, {8,1,1}, {128,1,1}, 0x7fffadf916a0, 0, stream:<null> ) [0m
:4:command.cpp              :359 : 4393637990083 us: [pid:4174004 tid: 0x7fa0f7bf0200] Command (KernelExecution) enqueued: 0x3ce97c00
:3:rocvirtual.cpp           :762 : 4393637990091 us: [pid:4174004 tid: 0x7fa0f7bf0200] Arg0:   = ptr:0x7f9fc3200000
:3:rocvirtual.cpp           :778 : 4393637990096 us: [pid:4174004 tid: 0x7fa0f7bf0200] Arg0:   = ptr:0x7f9fc3200000 obj:[0x7f9fc3200000-0x7f9fc4f4c000]
:3:rocvirtual.cpp           :762 : 4393637990104 us: [pid:4174004 tid: 0x7fa0f7bf0200] Arg1:   = ptr:0x7f9fa0000000
:3:rocvirtual.cpp           :778 : 4393637990606 us: [pid:4174004 tid: 0x7fa0f7bf0200] Arg1:   = ptr:0x7f9fa0000000 obj:[0x7f9fa0000000-0x7f9fa0006000]
:3:rocvirtual.cpp           :762 : 4393637990615 us: [pid:4174004 tid: 0x7fa0f7bf0200] Arg2:   = ptr:0x7f9f9e000000
:3:rocvirtual.cpp           :778 : 4393637990619 us: [pid:4174004 tid: 0x7fa0f7bf0200] Arg2:   = ptr:0x7f9f9e000000 obj:[0x7f9f9e000000-0x7f9f9fd4c000]
:3:rocvirtual.cpp           :853 : 4393637990627 us: [pid:4174004 tid: 0x7fa0f7bf0200] Arg3:   = val:768
:3:rocvirtual.cpp           :762 : 4393637990632 us: [pid:4174004 tid: 0x7fa0f7bf0200] Arg4:   = ptr:0x7f9fa0006000
:3:rocvirtual.cpp           :778 : 4393637991209 us: [pid:4174004 tid: 0x7fa0f7bf0200] Arg4:   = ptr:0x7f9fa0006000 obj:[0x7f9fa0006000-0x7f9fa0006024]
:3:rocvirtual.cpp           :3236: 4393637991222 us: [pid:4174004 tid: 0x7fa0f7bf0200] ShaderName : void dense_esuhm3<float>(float const*, float const*, float*, int, int const*)
:3:rocvirtual.cpp           :3449: 4393637991241 us: [pid:4174004 tid: 0x7fa0f7bf0200] KernargSegmentByteSize = 296 KernargSegmentAlignment = 128
:4:rocvirtual.cpp           :965 : 4393637991257 us: [pid:4174004 tid: 0x7fa0f7bf0200] SWq=0x7fa0ee95c000, HWq=0x7f9face00000, id=1, Dispatch Header = 0xb02 (type=2, barrier=1, acquire=1, release=1), setup=3, grid=[1024, 1, 1], workgroup=[128, 1, 1], private_seg_size=140, group_seg_size=0, kernel_obj=0x7fa0ee921a00, kernarg_address=0x7f9facc00280, completion_signal=0x0, correlation_id=0, rptr=18, wptr=18
:3:hip_module.cpp           :745 : 4393637991276 us: [pid:4174004 tid: 0x7fa0f7bf0200] hipLaunchKernel: Returned hipSuccess : : duration: 1208 us
:3:hip_device_runtime.cpp   :641 : 4393637991285 us: [pid:4174004 tid: 0x7fa0f7bf0200] [32m hipDeviceSynchronize (  ) [0m
:4:commandqueue.cpp         :161 : 4393637991290 us: [pid:4174004 tid: 0x7fa0f7bf0200] Marker queued to ensure finish
:4:command.cpp              :359 : 4393637991295 us: [pid:4174004 tid: 0x7fa0f7bf0200] Command (InternalMarker) enqueued: 0x3cb91a30
:3:rocvirtual.cpp           :533 : 4393637991308 us: [pid:4174004 tid: 0x7fa0f7bf0200] Set Handler: handle(0x7fa0ee7fce80), timestamp(0x3ce97e80)
:4:rocvirtual.cpp           :1147: 4393637991317 us: [pid:4174004 tid: 0x7fa0f7bf0200] SWq=0x7fa0ee95c000, HWq=0x7f9face00000, id=1, BarrierAND Header = 0x1503 (type=3, barrier=1, acquire=2, release=2), dep_signal=[0x0, 0x0, 0x0, 0x0, 0x0], completion_signal=0x7fa0ee7fce80
:3:rocvirtual.hpp           :56  : 4393637991329 us: [pid:4174004 tid: 0x7fa0f7bf0200] Host active wait for Signal = (0x7fa0ee7fce80) for -1 ns
:3:rocvirtual.cpp           :226 : 4393637991487 us: [pid:4174004 tid: 0x7f9fbf3ff6c0] Handler: value(0), timestamp(0x3d00add0), handle(0x7fa0ee7fce80)
:4:command.cpp              :169 : 4393637991919 us: [pid:4174004 tid: 0x7f9fbf3ff6c0] Command 0x3ce97c00 complete
:4:commandqueue.cpp         :184 : 4393637991909 us: [pid:4174004 tid: 0x7fa0f7bf0200] All commands finished
:3:hip_device_runtime.cpp   :645 : 4393637991932 us: [pid:4174004 tid: 0x7fa0f7bf0200] hipDeviceSynchronize: Returned hipSuccess : 
:3:hip_memory.cpp           :795 : 4393637991944 us: [pid:4174004 tid: 0x7fa0f7bf0200] [32m hipMemcpy ( 0x7fa0f06b2010, 0x7f9f9e000000, 30720000, hipMemcpyDeviceToHost ) [0m
:4:command.cpp              :359 : 4393637991958 us: [pid:4174004 tid: 0x7fa0f7bf0200] Command (CopyDeviceToHost) enqueued: 0x3ce97f40
:4:rocblit.cpp              :1673: 4393637991967 us: [pid:4174004 tid: 0x7fa0f7bf0200] Unpinned read path, Async = 0
:4:command.cpp              :163 : 4393637991924 us: [pid:4174004 tid: 0x7f9fbf3ff6c0] Command 0x3cb91a30 complete (Wall: 4393637991923, CPU: 0, GPU: 621 us)
:4:rocmemory.cpp            :1018: 4393638002907 us: [pid:4174004 tid: 0x7fa0f7bf0200] Locking to pool 0x3c6dded0, size 0x1d4d000, HostPtr = 0x7fa0f06b2000, DevPtr = 0x7fa0f06b2000
:4:rocblit.cpp              :623 : 4393638002924 us: [pid:4174004 tid: 0x7fa0f7bf0200] HSA Copy Using Pinned resource size 30720000
:4:rocblit.cpp              :687 : 4393638002933 us: [pid:4174004 tid: 0x7fa0f7bf0200] HSA Async Copy staged D2H
:4:rocblit.cpp              :503 : 4393638002938 us: [pid:4174004 tid: 0x7fa0f7bf0200] Last copy mask 0x0
:4:rocblit.cpp              :509 : 4393638002945 us: [pid:4174004 tid: 0x7fa0f7bf0200] Query copy engine status 0, free_engine mask 0x1e
:4:rocblit.cpp              :520 : 4393638002953 us: [pid:4174004 tid: 0x7fa0f7bf0200] HSA Async Copy on copy_engine=0x2, dst=0x7fa0f06b2010, src=0x7f9f9e000000, size=30720000, forceSDMA=0, wait_event=0x0, completion_signal=0x7fa0ee7fef80
:4:rocvirtual.cpp           :622 : 4393638002962 us: [pid:4174004 tid: 0x7fa0f7bf0200] Host wait on completion_signal=0x7fa0ee7fef80
:3:rocvirtual.hpp           :56  : 4393638002970 us: [pid:4174004 tid: 0x7fa0f7bf0200] Host active wait for Signal = (0x7fa0ee7fef80) for -1 ns
:4:commandqueue.cpp         :161 : 4393638004062 us: [pid:4174004 tid: 0x7fa0f7bf0200] Marker queued to ensure finish
:4:command.cpp              :359 : 4393638004073 us: [pid:4174004 tid: 0x7fa0f7bf0200] Command (InternalMarker) enqueued: 0x3ce0f4f0
:3:rocvirtual.cpp           :533 : 4393638004554 us: [pid:4174004 tid: 0x7fa0f7bf0200] Set Handler: handle(0x7fa0ee7fce00), timestamp(0x3ce98100)
:4:rocvirtual.cpp           :1147: 4393638004568 us: [pid:4174004 tid: 0x7fa0f7bf0200] SWq=0x7fa0ee95c000, HWq=0x7f9face00000, id=1, BarrierAND Header = 0x1503 (type=3, barrier=1, acquire=2, release=2), dep_signal=[0x0, 0x0, 0x0, 0x0, 0x0], completion_signal=0x7fa0ee7fce00
:3:rocvirtual.hpp           :56  : 4393638004580 us: [pid:4174004 tid: 0x7fa0f7bf0200] Host active wait for Signal = (0x7fa0ee7fce00) for -1 ns
:4:commandqueue.cpp         :184 : 4393638004588 us: [pid:4174004 tid: 0x7fa0f7bf0200] All commands finished
:3:hip_memory.cpp           :796 : 4393638004593 us: [pid:4174004 tid: 0x7fa0f7bf0200] hipMemcpy: Returned hipSuccess : : duration: 12649 us
:3:rocvirtual.cpp           :226 : 4393638004595 us: [pid:4174004 tid: 0x7f9fbf3ff6c0] Handler: value(0), timestamp(0x3d00add0), handle(0x7fa0ee7fce00)
:4:command.cpp              :169 : 4393638004623 us: [pid:4174004 tid: 0x7f9fbf3ff6c0] Command 0x3ce97f40 complete
:4:command.cpp              :163 : 4393638004633 us: [pid:4174004 tid: 0x7f9fbf3ff6c0] Command 0x3ce0f4f0 complete (Wall: 4393638004631, CPU: 0, GPU: 95 us)
:3:hip_memory.cpp           :3476: 4393638085079 us: [pid:4174004 tid: 0x7fa0f7bf0200] [32m hipMemset ( 0x7f9f9e000000, 0, 30720000 ) [0m
:4:command.cpp              :359 : 4393638085114 us: [pid:4174004 tid: 0x7fa0f7bf0200] Command (FillBuffer) enqueued: 0x3cddf4d0
:3:rocvirtual.cpp           :762 : 4393638085129 us: [pid:4174004 tid: 0x7fa0f7bf0200] Arg0: void* buf = ptr:0x7f9f9e000000
:3:rocvirtual.cpp           :778 : 4393638085134 us: [pid:4174004 tid: 0x7fa0f7bf0200] Arg0: void* buf = ptr:0x7f9f9e000000 obj:[0x7f9f9e000000-0x7f9f9fd4c000]
:3:rocvirtual.cpp           :762 : 4393638085142 us: [pid:4174004 tid: 0x7fa0f7bf0200] Arg1: uchar* pattern = ptr:0x7f9facc00000
:3:rocvirtual.cpp           :853 : 4393638085151 us: [pid:4174004 tid: 0x7fa0f7bf0200] Arg2: uint pattern_size = val:1
:3:rocvirtual.cpp           :853 : 4393638085158 us: [pid:4174004 tid: 0x7fa0f7bf0200] Arg3: uint alignment = val:16
:3:rocvirtual.cpp           :853 : 4393638085164 us: [pid:4174004 tid: 0x7fa0f7bf0200] Arg4: ulong end_ptr = val:140323558047744
:3:rocvirtual.cpp           :853 : 4393638085172 us: [pid:4174004 tid: 0x7fa0f7bf0200] Arg5: uint next_chunk = val:26624
:3:rocvirtual.cpp           :3236: 4393638085177 us: [pid:4174004 tid: 0x7fa0f7bf0200] ShaderName : __amd_rocclr_fillBufferAligned
:3:rocvirtual.cpp           :3449: 4393638085188 us: [pid:4174004 tid: 0x7fa0f7bf0200] KernargSegmentByteSize = 296 KernargSegmentAlignment = 128
:4:rocvirtual.cpp           :965 : 4393638085200 us: [pid:4174004 tid: 0x7fa0f7bf0200] SWq=0x7fa0ee95c000, HWq=0x7f9face00000, id=1, Dispatch Header = 0x1502 (type=2, barrier=1, acquire=2, release=2), setup=1, grid=[26624, 1, 1], workgroup=[256, 1, 1], private_seg_size=0, group_seg_size=0, kernel_obj=0x7fa0ee94dd40, kernarg_address=0x7f9facc00100, completion_signal=0x0, correlation_id=0, rptr=21, wptr=21
:3:hip_memory.cpp           :3477: 4393638085216 us: [pid:4174004 tid: 0x7fa0f7bf0200] hipMemset: Returned hipSuccess : 
:3:hip_device_runtime.cpp   :641 : 4393638085222 us: [pid:4174004 tid: 0x7fa0f7bf0200] [32m hipDeviceSynchronize (  ) [0m
:4:commandqueue.cpp         :161 : 4393638085227 us: [pid:4174004 tid: 0x7fa0f7bf0200] Marker queued to ensure finish
:4:command.cpp              :359 : 4393638085232 us: [pid:4174004 tid: 0x7fa0f7bf0200] Command (InternalMarker) enqueued: 0x3ce0f4f0
:3:rocvirtual.cpp           :533 : 4393638085253 us: [pid:4174004 tid: 0x7fa0f7bf0200] Set Handler: handle(0x7fa0ee7fcd80), timestamp(0x3ce97d60)
:4:rocvirtual.cpp           :1147: 4393638085668 us: [pid:4174004 tid: 0x7fa0f7bf0200] SWq=0x7fa0ee95c000, HWq=0x7f9face00000, id=1, BarrierAND Header = 0x1503 (type=3, barrier=1, acquire=2, release=2), dep_signal=[0x0, 0x0, 0x0, 0x0, 0x0], completion_signal=0x7fa0ee7fcd80
:4:commandqueue.cpp         :184 : 4393638085684 us: [pid:4174004 tid: 0x7fa0f7bf0200] All commands finished
:3:hip_device_runtime.cpp   :645 : 4393638085692 us: [pid:4174004 tid: 0x7fa0f7bf0200] hipDeviceSynchronize: Returned hipSuccess : 
:3:rocvirtual.cpp           :226 : 4393638085701 us: [pid:4174004 tid: 0x7f9fbf3ff6c0] Handler: value(0), timestamp(0x3d00ae40), handle(0x7fa0ee7fcd80)
:4:command.cpp              :169 : 4393638085719 us: [pid:4174004 tid: 0x7f9fbf3ff6c0] Command 0x3cddf4d0 complete
:4:command.cpp              :163 : 4393638085726 us: [pid:4174004 tid: 0x7f9fbf3ff6c0] Command 0x3ce0f4f0 complete (Wall: 4393638085725, CPU: 0, GPU: 486 us)
:3:hip_platform.cpp         :237 : 4393638085704 us: [pid:4174004 tid: 0x7fa0f7bf0200] [32m __hipPushCallConfiguration ( {8,1,1}, {256,1,1}, 0, stream:<null> ) [0m
:3:hip_platform.cpp         :241 : 4393638085747 us: [pid:4174004 tid: 0x7fa0f7bf0200] __hipPushCallConfiguration: Returned hipSuccess : 
:3:hip_platform.cpp         :246 : 4393638085760 us: [pid:4174004 tid: 0x7fa0f7bf0200] [32m __hipPopCallConfiguration ( {37054546,32673,256}, {2118224,0,2918783392}, 0x7fffadf916f0, 0x7fffadf916e8 ) [0m
:3:hip_platform.cpp         :255 : 4393638085770 us: [pid:4174004 tid: 0x7fa0f7bf0200] __hipPopCallConfiguration: Returned hipSuccess : 
:3:hip_module.cpp           :744 : 4393638085783 us: [pid:4174004 tid: 0x7fa0f7bf0200] [32m hipLaunchKernel ( 0x200fd8, {8,1,1}, {256,1,1}, 0x7fffadf916a0, 0, stream:<null> ) [0m
:4:command.cpp              :359 : 4393638086334 us: [pid:4174004 tid: 0x7fa0f7bf0200] Command (KernelExecution) enqueued: 0x3cc3f750
:3:rocvirtual.cpp           :762 : 4393638086344 us: [pid:4174004 tid: 0x7fa0f7bf0200] Arg0:   = ptr:0x7f9fc3200000
:3:rocvirtual.cpp           :778 : 4393638086351 us: [pid:4174004 tid: 0x7fa0f7bf0200] Arg0:   = ptr:0x7f9fc3200000 obj:[0x7f9fc3200000-0x7f9fc4f4c000]
:3:rocvirtual.cpp           :762 : 4393638086359 us: [pid:4174004 tid: 0x7fa0f7bf0200] Arg1:   = ptr:0x7f9fa0000000
:3:rocvirtual.cpp           :778 : 4393638086364 us: [pid:4174004 tid: 0x7fa0f7bf0200] Arg1:   = ptr:0x7f9fa0000000 obj:[0x7f9fa0000000-0x7f9fa0006000]
:3:rocvirtual.cpp           :762 : 4393638086371 us: [pid:4174004 tid: 0x7fa0f7bf0200] Arg2:   = ptr:0x7f9f9e000000
:3:rocvirtual.cpp           :778 : 4393638086376 us: [pid:4174004 tid: 0x7fa0f7bf0200] Arg2:   = ptr:0x7f9f9e000000 obj:[0x7f9f9e000000-0x7f9f9fd4c000]
:3:rocvirtual.cpp           :853 : 4393638086383 us: [pid:4174004 tid: 0x7fa0f7bf0200] Arg3:   = val:768
:3:rocvirtual.cpp           :762 : 4393638086387 us: [pid:4174004 tid: 0x7fa0f7bf0200] Arg4:   = ptr:0x7f9fa0006000
:3:rocvirtual.cpp           :778 : 4393638086399 us: [pid:4174004 tid: 0x7fa0f7bf0200] Arg4:   = ptr:0x7f9fa0006000 obj:[0x7f9fa0006000-0x7f9fa0006024]
:3:rocvirtual.cpp           :3236: 4393638086408 us: [pid:4174004 tid: 0x7fa0f7bf0200] ShaderName : void dense_esuhm<float>(float const*, float const*, float*, int, int const*)
:3:rocvirtual.cpp           :3449: 4393638086420 us: [pid:4174004 tid: 0x7fa0f7bf0200] KernargSegmentByteSize = 296 KernargSegmentAlignment = 128
:4:rocvirtual.cpp           :965 : 4393638086768 us: [pid:4174004 tid: 0x7fa0f7bf0200] SWq=0x7fa0ee95c000, HWq=0x7f9face00000, id=1, Dispatch Header = 0xb02 (type=2, barrier=1, acquire=1, release=1), setup=3, grid=[2048, 1, 1], workgroup=[256, 1, 1], private_seg_size=140, group_seg_size=0, kernel_obj=0x7fa0ee921980, kernarg_address=0x7f9facc00280, completion_signal=0x0, correlation_id=0, rptr=23, wptr=23
:3:hip_module.cpp           :745 : 4393638086784 us: [pid:4174004 tid: 0x7fa0f7bf0200] hipLaunchKernel: Returned hipSuccess : : duration: 1001 us
:3:hip_device_runtime.cpp   :641 : 4393638086792 us: [pid:4174004 tid: 0x7fa0f7bf0200] [32m hipDeviceSynchronize (  ) [0m
:4:commandqueue.cpp         :161 : 4393638086797 us: [pid:4174004 tid: 0x7fa0f7bf0200] Marker queued to ensure finish
:4:command.cpp              :359 : 4393638086802 us: [pid:4174004 tid: 0x7fa0f7bf0200] Command (InternalMarker) enqueued: 0x3ce0f4f0
:3:rocvirtual.cpp           :533 : 4393638086821 us: [pid:4174004 tid: 0x7fa0f7bf0200] Set Handler: handle(0x7fa0ee7fcd00), timestamp(0x3cc3f950)
:4:rocvirtual.cpp           :1147: 4393638086829 us: [pid:4174004 tid: 0x7fa0f7bf0200] SWq=0x7fa0ee95c000, HWq=0x7f9face00000, id=1, BarrierAND Header = 0x1503 (type=3, barrier=1, acquire=2, release=2), dep_signal=[0x0, 0x0, 0x0, 0x0, 0x0], completion_signal=0x7fa0ee7fcd00
:3:rocvirtual.hpp           :56  : 4393638086839 us: [pid:4174004 tid: 0x7fa0f7bf0200] Host active wait for Signal = (0x7fa0ee7fcd00) for -1 ns
:4:commandqueue.cpp         :184 : 4393638086862 us: [pid:4174004 tid: 0x7fa0f7bf0200] All commands finished
:3:hip_device_runtime.cpp   :645 : 4393638086867 us: [pid:4174004 tid: 0x7fa0f7bf0200] hipDeviceSynchronize: Returned hipSuccess : 
:3:rocvirtual.cpp           :226 : 4393638086876 us: [pid:4174004 tid: 0x7f9fbf3ff6c0] Handler: value(0), timestamp(0x3d00aeb0), handle(0x7fa0ee7fcd00)
:4:command.cpp              :169 : 4393638086889 us: [pid:4174004 tid: 0x7f9fbf3ff6c0] Command 0x3cc3f750 complete
:4:command.cpp              :163 : 4393638086896 us: [pid:4174004 tid: 0x7f9fbf3ff6c0] Command 0x3ce0f4f0 complete (Wall: 4393638086895, CPU: 0, GPU: 82 us)
:3:hip_memory.cpp           :795 : 4393638086881 us: [pid:4174004 tid: 0x7fa0f7bf0200] [32m hipMemcpy ( 0x7fa0f414c010, 0x7f9f9e000000, 30720000, hipMemcpyDeviceToHost ) [0m
:4:command.cpp              :359 : 4393638087295 us: [pid:4174004 tid: 0x7fa0f7bf0200] Command (CopyDeviceToHost) enqueued: 0x3cc3f750
:4:rocblit.cpp              :1673: 4393638087314 us: [pid:4174004 tid: 0x7fa0f7bf0200] Unpinned read path, Async = 0
:4:rocmemory.cpp            :1018: 4393638087333 us: [pid:4174004 tid: 0x7fa0f7bf0200] Locking to pool 0x3c6dded0, size 0x1d4d000, HostPtr = 0x7fa0f414c000, DevPtr = 0x7fa0f414c000
:4:rocblit.cpp              :623 : 4393638087341 us: [pid:4174004 tid: 0x7fa0f7bf0200] HSA Copy Using Pinned resource size 30720000
:4:rocblit.cpp              :687 : 4393638087348 us: [pid:4174004 tid: 0x7fa0f7bf0200] HSA Async Copy staged D2H
:4:rocblit.cpp              :503 : 4393638087353 us: [pid:4174004 tid: 0x7fa0f7bf0200] Last copy mask 0x0
:4:rocblit.cpp              :509 : 4393638087360 us: [pid:4174004 tid: 0x7fa0f7bf0200] Query copy engine status 0, free_engine mask 0x1e
:4:rocblit.cpp              :520 : 4393638087368 us: [pid:4174004 tid: 0x7fa0f7bf0200] HSA Async Copy on copy_engine=0x2, dst=0x7fa0f414c010, src=0x7f9f9e000000, size=30720000, forceSDMA=0, wait_event=0x0, completion_signal=0x7fa0ee7fed80
:4:rocvirtual.cpp           :622 : 4393638087379 us: [pid:4174004 tid: 0x7fa0f7bf0200] Host wait on completion_signal=0x7fa0ee7fed80
:3:rocvirtual.hpp           :56  : 4393638087386 us: [pid:4174004 tid: 0x7fa0f7bf0200] Host active wait for Signal = (0x7fa0ee7fed80) for -1 ns
:4:commandqueue.cpp         :161 : 4393638088481 us: [pid:4174004 tid: 0x7fa0f7bf0200] Marker queued to ensure finish
:4:command.cpp              :359 : 4393638088490 us: [pid:4174004 tid: 0x7fa0f7bf0200] Command (InternalMarker) enqueued: 0x3ce0f4f0
:3:rocvirtual.cpp           :533 : 4393638088505 us: [pid:4174004 tid: 0x7fa0f7bf0200] Set Handler: handle(0x7fa0ee7fcc80), timestamp(0x3ce97fe0)
:4:rocvirtual.cpp           :1147: 4393638088514 us: [pid:4174004 tid: 0x7fa0f7bf0200] SWq=0x7fa0ee95c000, HWq=0x7f9face00000, id=1, BarrierAND Header = 0x1503 (type=3, barrier=1, acquire=2, release=2), dep_signal=[0x0, 0x0, 0x0, 0x0, 0x0], completion_signal=0x7fa0ee7fcc80
:4:commandqueue.cpp         :184 : 4393638088525 us: [pid:4174004 tid: 0x7fa0f7bf0200] All commands finished
:3:hip_memory.cpp           :796 : 4393638088532 us: [pid:4174004 tid: 0x7fa0f7bf0200] hipMemcpy: Returned hipSuccess : : duration: 1651 us
:3:hip_memory.cpp           :3476: 4393638088545 us: [pid:4174004 tid: 0x7fa0f7bf0200] [32m hipMemset ( 0x7f9f9e000000, 0, 30720000 ) [0m
:3:rocvirtual.cpp           :226 : 4393638088534 us: [pid:4174004 tid: 0x7f9fbf3ff6c0] Handler: value(0), timestamp(0x3d00aeb0), handle(0x7fa0ee7fcc80)
:4:command.cpp              :169 : 4393638088977 us: [pid:4174004 tid: 0x7f9fbf3ff6c0] Command 0x3cc3f750 complete
:4:command.cpp              :163 : 4393638088985 us: [pid:4174004 tid: 0x7f9fbf3ff6c0] Command 0x3ce0f4f0 complete (Wall: 4393638088983, CPU: 0, GPU: 485 us)
:4:command.cpp              :359 : 4393638088961 us: [pid:4174004 tid: 0x7fa0f7bf0200] Command (FillBuffer) enqueued: 0x3cef22c0
:3:rocvirtual.cpp           :762 : 4393638089025 us: [pid:4174004 tid: 0x7fa0f7bf0200] Arg0: void* buf = ptr:0x7f9f9e000000
:3:rocvirtual.cpp           :778 : 4393638089032 us: [pid:4174004 tid: 0x7fa0f7bf0200] Arg0: void* buf = ptr:0x7f9f9e000000 obj:[0x7f9f9e000000-0x7f9f9fd4c000]
:3:rocvirtual.cpp           :762 : 4393638089040 us: [pid:4174004 tid: 0x7fa0f7bf0200] Arg1: uchar* pattern = ptr:0x7f9facc00000
:3:rocvirtual.cpp           :853 : 4393638089048 us: [pid:4174004 tid: 0x7fa0f7bf0200] Arg2: uint pattern_size = val:1
:3:rocvirtual.cpp           :853 : 4393638089052 us: [pid:4174004 tid: 0x7fa0f7bf0200] Arg3: uint alignment = val:16
:3:rocvirtual.cpp           :853 : 4393638089057 us: [pid:4174004 tid: 0x7fa0f7bf0200] Arg4: ulong end_ptr = val:140323558047744
:3:rocvirtual.cpp           :853 : 4393638089064 us: [pid:4174004 tid: 0x7fa0f7bf0200] Arg5: uint next_chunk = val:26624
:3:rocvirtual.cpp           :3236: 4393638089428 us: [pid:4174004 tid: 0x7fa0f7bf0200] ShaderName : __amd_rocclr_fillBufferAligned
:3:rocvirtual.cpp           :3449: 4393638089436 us: [pid:4174004 tid: 0x7fa0f7bf0200] KernargSegmentByteSize = 296 KernargSegmentAlignment = 128
:4:rocvirtual.cpp           :965 : 4393638089445 us: [pid:4174004 tid: 0x7fa0f7bf0200] SWq=0x7fa0ee95c000, HWq=0x7f9face00000, id=1, Dispatch Header = 0x1502 (type=2, barrier=1, acquire=2, release=2), setup=1, grid=[26624, 1, 1], workgroup=[256, 1, 1], private_seg_size=0, group_seg_size=0, kernel_obj=0x7fa0ee94dd40, kernarg_address=0x7f9facc00100, completion_signal=0x0, correlation_id=0, rptr=26, wptr=26
:3:hip_memory.cpp           :3477: 4393638089460 us: [pid:4174004 tid: 0x7fa0f7bf0200] hipMemset: Returned hipSuccess : 
:3:hip_device_runtime.cpp   :641 : 4393638089465 us: [pid:4174004 tid: 0x7fa0f7bf0200] [32m hipDeviceSynchronize (  ) [0m
:4:commandqueue.cpp         :161 : 4393638089470 us: [pid:4174004 tid: 0x7fa0f7bf0200] Marker queued to ensure finish
:4:command.cpp              :359 : 4393638089475 us: [pid:4174004 tid: 0x7fa0f7bf0200] Command (InternalMarker) enqueued: 0x3ce0f4f0
:3:rocvirtual.cpp           :533 : 4393638089489 us: [pid:4174004 tid: 0x7fa0f7bf0200] Set Handler: handle(0x7fa0ee7fcc00), timestamp(0x3ce97ce0)
:4:rocvirtual.cpp           :1147: 4393638089498 us: [pid:4174004 tid: 0x7fa0f7bf0200] SWq=0x7fa0ee95c000, HWq=0x7f9face00000, id=1, BarrierAND Header = 0x1503 (type=3, barrier=1, acquire=2, release=2), dep_signal=[0x0, 0x0, 0x0, 0x0, 0x0], completion_signal=0x7fa0ee7fcc00
:4:commandqueue.cpp         :184 : 4393638089508 us: [pid:4174004 tid: 0x7fa0f7bf0200] All commands finished
:3:hip_device_runtime.cpp   :645 : 4393638089513 us: [pid:4174004 tid: 0x7fa0f7bf0200] hipDeviceSynchronize: Returned hipSuccess : 
:3:rocvirtual.cpp           :226 : 4393638089517 us: [pid:4174004 tid: 0x7f9fbf3ff6c0] Handler: value(0), timestamp(0x3cc3f750), handle(0x7fa0ee7fcc00)
:4:command.cpp              :169 : 4393638089532 us: [pid:4174004 tid: 0x7f9fbf3ff6c0] Command 0x3cef22c0 complete
:3:hip_platform.cpp         :237 : 4393638089524 us: [pid:4174004 tid: 0x7fa0f7bf0200] [32m __hipPushCallConfiguration ( {8,1,1}, {256,1,1}, 0, stream:<null> ) [0m
:4:command.cpp              :163 : 4393638089538 us: [pid:4174004 tid: 0x7f9fbf3ff6c0] Command 0x3ce0f4f0 complete (Wall: 4393638089537, CPU: 0, GPU: 54 us)
:3:hip_platform.cpp         :241 : 4393638089928 us: [pid:4174004 tid: 0x7fa0f7bf0200] __hipPushCallConfiguration: Returned hipSuccess : 
:3:hip_platform.cpp         :246 : 4393638089955 us: [pid:4174004 tid: 0x7fa0f7bf0200] [32m __hipPopCallConfiguration ( {37054546,32673,256}, {2118224,0,2918783392}, 0x7fffadf916f0, 0x7fffadf916e8 ) [0m
:3:hip_platform.cpp         :255 : 4393638089968 us: [pid:4174004 tid: 0x7fa0f7bf0200] __hipPopCallConfiguration: Returned hipSuccess : 
:3:hip_module.cpp           :744 : 4393638089979 us: [pid:4174004 tid: 0x7fa0f7bf0200] [32m hipLaunchKernel ( 0x200fe0, {8,1,1}, {256,1,1}, 0x7fffadf916a0, 0, stream:<null> ) [0m
:4:command.cpp              :359 : 4393638090450 us: [pid:4174004 tid: 0x7fa0f7bf0200] Command (KernelExecution) enqueued: 0x3cc3faa0
:3:rocvirtual.cpp           :762 : 4393638090459 us: [pid:4174004 tid: 0x7fa0f7bf0200] Arg0:   = ptr:0x7f9fc3200000
:3:rocvirtual.cpp           :778 : 4393638090464 us: [pid:4174004 tid: 0x7fa0f7bf0200] Arg0:   = ptr:0x7f9fc3200000 obj:[0x7f9fc3200000-0x7f9fc4f4c000]
:3:rocvirtual.cpp           :762 : 4393638090471 us: [pid:4174004 tid: 0x7fa0f7bf0200] Arg1:   = ptr:0x7f9fa0000000
:3:rocvirtual.cpp           :778 : 4393638090476 us: [pid:4174004 tid: 0x7fa0f7bf0200] Arg1:   = ptr:0x7f9fa0000000 obj:[0x7f9fa0000000-0x7f9fa0006000]
:3:rocvirtual.cpp           :762 : 4393638090483 us: [pid:4174004 tid: 0x7fa0f7bf0200] Arg2:   = ptr:0x7f9f9e000000
:3:rocvirtual.cpp           :778 : 4393638090488 us: [pid:4174004 tid: 0x7fa0f7bf0200] Arg2:   = ptr:0x7f9f9e000000 obj:[0x7f9f9e000000-0x7f9f9fd4c000]
:3:rocvirtual.cpp           :853 : 4393638090495 us: [pid:4174004 tid: 0x7fa0f7bf0200] Arg3:   = val:768
:3:rocvirtual.cpp           :762 : 4393638090499 us: [pid:4174004 tid: 0x7fa0f7bf0200] Arg4:   = ptr:0x7f9fa0006000
:3:rocvirtual.cpp           :778 : 4393638090504 us: [pid:4174004 tid: 0x7fa0f7bf0200] Arg4:   = ptr:0x7f9fa0006000 obj:[0x7f9fa0006000-0x7f9fa0006024]
:3:rocvirtual.cpp           :3236: 4393638090512 us: [pid:4174004 tid: 0x7fa0f7bf0200] ShaderName : void dense_esuhm2<float>(float const*, float const*, float*, int, int const*)
:3:rocvirtual.cpp           :3449: 4393638090520 us: [pid:4174004 tid: 0x7fa0f7bf0200] KernargSegmentByteSize = 296 KernargSegmentAlignment = 128
:4:rocvirtual.cpp           :965 : 4393638090530 us: [pid:4174004 tid: 0x7fa0f7bf0200] SWq=0x7fa0ee95c000, HWq=0x7f9face00000, id=1, Dispatch Header = 0xb02 (type=2, barrier=1, acquire=1, release=1), setup=3, grid=[2048, 1, 1], workgroup=[256, 1, 1], private_seg_size=140, group_seg_size=0, kernel_obj=0x7fa0ee9219c0, kernarg_address=0x7f9facc00280, completion_signal=0x0, correlation_id=0, rptr=28, wptr=28
:3:hip_module.cpp           :745 : 4393638090544 us: [pid:4174004 tid: 0x7fa0f7bf0200] hipLaunchKernel: Returned hipSuccess : : duration: 565 us
:3:hip_device_runtime.cpp   :641 : 4393638090552 us: [pid:4174004 tid: 0x7fa0f7bf0200] [32m hipDeviceSynchronize (  ) [0m
:4:commandqueue.cpp         :161 : 4393638090557 us: [pid:4174004 tid: 0x7fa0f7bf0200] Marker queued to ensure finish
:4:command.cpp              :359 : 4393638090561 us: [pid:4174004 tid: 0x7fa0f7bf0200] Command (InternalMarker) enqueued: 0x3ce0f4f0
:3:rocvirtual.cpp           :533 : 4393638090917 us: [pid:4174004 tid: 0x7fa0f7bf0200] Set Handler: handle(0x7fa0ee7fcb80), timestamp(0x3cc3fd10)
:4:rocvirtual.cpp           :1147: 4393638090933 us: [pid:4174004 tid: 0x7fa0f7bf0200] SWq=0x7fa0ee95c000, HWq=0x7f9face00000, id=1, BarrierAND Header = 0x1503 (type=3, barrier=1, acquire=2, release=2), dep_signal=[0x0, 0x0, 0x0, 0x0, 0x0], completion_signal=0x7fa0ee7fcb80
:4:commandqueue.cpp         :184 : 4393638090948 us: [pid:4174004 tid: 0x7fa0f7bf0200] All commands finished
:3:hip_device_runtime.cpp   :645 : 4393638090964 us: [pid:4174004 tid: 0x7fa0f7bf0200] hipDeviceSynchronize: Returned hipSuccess : 
:3:rocvirtual.cpp           :226 : 4393638090964 us: [pid:4174004 tid: 0x7f9fbf3ff6c0] Handler: value(0), timestamp(0x3cc3fc60), handle(0x7fa0ee7fcb80)
:3:hip_memory.cpp           :795 : 4393638090983 us: [pid:4174004 tid: 0x7fa0f7bf0200] [32m hipMemcpy ( 0x7fa0f23ff010, 0x7f9f9e000000, 30720000, hipMemcpyDeviceToHost ) [0m
:4:command.cpp              :169 : 4393638091001 us: [pid:4174004 tid: 0x7f9fbf3ff6c0] Command 0x3cc3faa0 complete
:4:command.cpp              :359 : 4393638091016 us: [pid:4174004 tid: 0x7fa0f7bf0200] Command (CopyDeviceToHost) enqueued: 0x3c825db0
:4:rocblit.cpp              :1673: 4393638091421 us: [pid:4174004 tid: 0x7fa0f7bf0200] Unpinned read path, Async = 0
:4:command.cpp              :163 : 4393638091408 us: [pid:4174004 tid: 0x7f9fbf3ff6c0] Command 0x3ce0f4f0 complete (Wall: 4393638091406, CPU: 0, GPU: 508 us)
:4:rocmemory.cpp            :1018: 4393638091436 us: [pid:4174004 tid: 0x7fa0f7bf0200] Locking to pool 0x3c6dded0, size 0x1d4d000, HostPtr = 0x7fa0f23ff000, DevPtr = 0x7fa0f23ff000
:4:rocblit.cpp              :623 : 4393638091452 us: [pid:4174004 tid: 0x7fa0f7bf0200] HSA Copy Using Pinned resource size 30720000
:4:rocblit.cpp              :687 : 4393638091459 us: [pid:4174004 tid: 0x7fa0f7bf0200] HSA Async Copy staged D2H
:4:rocblit.cpp              :503 : 4393638091464 us: [pid:4174004 tid: 0x7fa0f7bf0200] Last copy mask 0x0
:4:rocblit.cpp              :509 : 4393638091469 us: [pid:4174004 tid: 0x7fa0f7bf0200] Query copy engine status 0, free_engine mask 0x1e
:4:rocblit.cpp              :520 : 4393638091477 us: [pid:4174004 tid: 0x7fa0f7bf0200] HSA Async Copy on copy_engine=0x2, dst=0x7fa0f23ff010, src=0x7f9f9e000000, size=30720000, forceSDMA=0, wait_event=0x0, completion_signal=0x7fa0ee7feb80
:4:rocvirtual.cpp           :622 : 4393638091485 us: [pid:4174004 tid: 0x7fa0f7bf0200] Host wait on completion_signal=0x7fa0ee7feb80
:3:rocvirtual.hpp           :56  : 4393638091492 us: [pid:4174004 tid: 0x7fa0f7bf0200] Host active wait for Signal = (0x7fa0ee7feb80) for -1 ns
:4:commandqueue.cpp         :161 : 4393638092587 us: [pid:4174004 tid: 0x7fa0f7bf0200] Marker queued to ensure finish
:4:command.cpp              :359 : 4393638092599 us: [pid:4174004 tid: 0x7fa0f7bf0200] Command (InternalMarker) enqueued: 0x3d002b50
:3:rocvirtual.cpp           :533 : 4393638092615 us: [pid:4174004 tid: 0x7fa0f7bf0200] Set Handler: handle(0x7fa0ee7fcb00), timestamp(0x3ce980a0)
:4:rocvirtual.cpp           :1147: 4393638092625 us: [pid:4174004 tid: 0x7fa0f7bf0200] SWq=0x7fa0ee95c000, HWq=0x7f9face00000, id=1, BarrierAND Header = 0x1503 (type=3, barrier=1, acquire=2, release=2), dep_signal=[0x0, 0x0, 0x0, 0x0, 0x0], completion_signal=0x7fa0ee7fcb00
:4:commandqueue.cpp         :184 : 4393638092635 us: [pid:4174004 tid: 0x7fa0f7bf0200] All commands finished
:3:hip_memory.cpp           :796 : 4393638092640 us: [pid:4174004 tid: 0x7fa0f7bf0200] hipMemcpy: Returned hipSuccess : : duration: 1657 us
:3:rocvirtual.cpp           :226 : 4393638092648 us: [pid:4174004 tid: 0x7f9fbf3ff6c0] Handler: value(0), timestamp(0x3cc3fc60), handle(0x7fa0ee7fcb00)
:4:command.cpp              :169 : 4393638092661 us: [pid:4174004 tid: 0x7f9fbf3ff6c0] Command 0x3c825db0 complete
:3:hip_memory.cpp           :3476: 4393638092649 us: [pid:4174004 tid: 0x7fa0f7bf0200] [32m hipMemset ( 0x7f9f9e000000, 0, 30720000 ) [0m
:4:command.cpp              :163 : 4393638092670 us: [pid:4174004 tid: 0x7f9fbf3ff6c0] Command 0x3d002b50 complete (Wall: 4393638092668, CPU: 0, GPU: 61 us)
:4:command.cpp              :359 : 4393638092682 us: [pid:4174004 tid: 0x7fa0f7bf0200] Command (FillBuffer) enqueued: 0x3cf1acd0
:3:rocvirtual.cpp           :762 : 4393638093426 us: [pid:4174004 tid: 0x7fa0f7bf0200] Arg0: void* buf = ptr:0x7f9f9e000000
:3:rocvirtual.cpp           :778 : 4393638093431 us: [pid:4174004 tid: 0x7fa0f7bf0200] Arg0: void* buf = ptr:0x7f9f9e000000 obj:[0x7f9f9e000000-0x7f9f9fd4c000]
:3:rocvirtual.cpp           :762 : 4393638093439 us: [pid:4174004 tid: 0x7fa0f7bf0200] Arg1: uchar* pattern = ptr:0x7f9facc00000
:3:rocvirtual.cpp           :853 : 4393638093447 us: [pid:4174004 tid: 0x7fa0f7bf0200] Arg2: uint pattern_size = val:1
:3:rocvirtual.cpp           :853 : 4393638093452 us: [pid:4174004 tid: 0x7fa0f7bf0200] Arg3: uint alignment = val:16
:3:rocvirtual.cpp           :853 : 4393638093456 us: [pid:4174004 tid: 0x7fa0f7bf0200] Arg4: ulong end_ptr = val:140323558047744
:3:rocvirtual.cpp           :853 : 4393638093464 us: [pid:4174004 tid: 0x7fa0f7bf0200] Arg5: uint next_chunk = val:26624
:3:rocvirtual.cpp           :3236: 4393638093469 us: [pid:4174004 tid: 0x7fa0f7bf0200] ShaderName : __amd_rocclr_fillBufferAligned
:3:rocvirtual.cpp           :3449: 4393638093481 us: [pid:4174004 tid: 0x7fa0f7bf0200] KernargSegmentByteSize = 296 KernargSegmentAlignment = 128
:4:rocvirtual.cpp           :965 : 4393638093490 us: [pid:4174004 tid: 0x7fa0f7bf0200] SWq=0x7fa0ee95c000, HWq=0x7f9face00000, id=1, Dispatch Header = 0x1502 (type=2, barrier=1, acquire=2, release=2), setup=1, grid=[26624, 1, 1], workgroup=[256, 1, 1], private_seg_size=0, group_seg_size=0, kernel_obj=0x7fa0ee94dd40, kernarg_address=0x7f9facc00100, completion_signal=0x0, correlation_id=0, rptr=31, wptr=31
:3:hip_memory.cpp           :3477: 4393638093503 us: [pid:4174004 tid: 0x7fa0f7bf0200] hipMemset: Returned hipSuccess : 
:3:hip_device_runtime.cpp   :641 : 4393638093508 us: [pid:4174004 tid: 0x7fa0f7bf0200] [32m hipDeviceSynchronize (  ) [0m
:4:commandqueue.cpp         :161 : 4393638093513 us: [pid:4174004 tid: 0x7fa0f7bf0200] Marker queued to ensure finish
:4:command.cpp              :359 : 4393638093518 us: [pid:4174004 tid: 0x7fa0f7bf0200] Command (InternalMarker) enqueued: 0x3d002b50
:3:rocvirtual.cpp           :533 : 4393638093862 us: [pid:4174004 tid: 0x7fa0f7bf0200] Set Handler: handle(0x7fa0ee7fca80), timestamp(0x3cc3fb90)
:4:rocvirtual.cpp           :1147: 4393638093871 us: [pid:4174004 tid: 0x7fa0f7bf0200] SWq=0x7fa0ee95c000, HWq=0x7f9face00000, id=1, BarrierAND Header = 0x1503 (type=3, barrier=1, acquire=2, release=2), dep_signal=[0x0, 0x0, 0x0, 0x0, 0x0], completion_signal=0x7fa0ee7fca80
:4:commandqueue.cpp         :184 : 4393638094236 us: [pid:4174004 tid: 0x7fa0f7bf0200] All commands finished
:3:hip_device_runtime.cpp   :645 : 4393638094244 us: [pid:4174004 tid: 0x7fa0f7bf0200] hipDeviceSynchronize: Returned hipSuccess : 
:3:hip_platform.cpp         :237 : 4393638094263 us: [pid:4174004 tid: 0x7fa0f7bf0200] [32m __hipPushCallConfiguration ( {8,1,1}, {256,1,1}, 0, stream:<null> ) [0m
:3:hip_platform.cpp         :241 : 4393638094271 us: [pid:4174004 tid: 0x7fa0f7bf0200] __hipPushCallConfiguration: Returned hipSuccess : 
:3:rocvirtual.cpp           :226 : 4393638093894 us: [pid:4174004 tid: 0x7f9fbf3ff6c0] Handler: value(0), timestamp(0x3cc3fae0), handle(0x7fa0ee7fca80)
:4:command.cpp              :169 : 4393638094292 us: [pid:4174004 tid: 0x7f9fbf3ff6c0] Command 0x3cf1acd0 complete
:4:command.cpp              :163 : 4393638094298 us: [pid:4174004 tid: 0x7f9fbf3ff6c0] Command 0x3d002b50 complete (Wall: 4393638094297, CPU: 0, GPU: 443 us)
:3:hip_platform.cpp         :246 : 4393638094282 us: [pid:4174004 tid: 0x7fa0f7bf0200] [32m __hipPopCallConfiguration ( {37054546,32673,256}, {2118224,0,2918783392}, 0x7fffadf916f0, 0x7fffadf916e8 ) [0m
:3:hip_platform.cpp         :255 : 4393638094325 us: [pid:4174004 tid: 0x7fa0f7bf0200] __hipPopCallConfiguration: Returned hipSuccess : 
:3:hip_module.cpp           :744 : 4393638094335 us: [pid:4174004 tid: 0x7fa0f7bf0200] [32m hipLaunchKernel ( 0x200fe8, {8,1,1}, {256,1,1}, 0x7fffadf916a0, 0, stream:<null> ) [0m
:4:command.cpp              :359 : 4393638094347 us: [pid:4174004 tid: 0x7fa0f7bf0200] Command (KernelExecution) enqueued: 0x3c825ff0
:3:rocvirtual.cpp           :762 : 4393638094355 us: [pid:4174004 tid: 0x7fa0f7bf0200] Arg0:   = ptr:0x7f9fc3200000
:3:rocvirtual.cpp           :778 : 4393638094360 us: [pid:4174004 tid: 0x7fa0f7bf0200] Arg0:   = ptr:0x7f9fc3200000 obj:[0x7f9fc3200000-0x7f9fc4f4c000]
:3:rocvirtual.cpp           :762 : 4393638094368 us: [pid:4174004 tid: 0x7fa0f7bf0200] Arg1:   = ptr:0x7f9fa0000000
:3:rocvirtual.cpp           :778 : 4393638094372 us: [pid:4174004 tid: 0x7fa0f7bf0200] Arg1:   = ptr:0x7f9fa0000000 obj:[0x7f9fa0000000-0x7f9fa0006000]
:3:rocvirtual.cpp           :762 : 4393638094379 us: [pid:4174004 tid: 0x7fa0f7bf0200] Arg2:   = ptr:0x7f9f9e000000
:3:rocvirtual.cpp           :778 : 4393638094384 us: [pid:4174004 tid: 0x7fa0f7bf0200] Arg2:   = ptr:0x7f9f9e000000 obj:[0x7f9f9e000000-0x7f9f9fd4c000]
:3:rocvirtual.cpp           :853 : 4393638094391 us: [pid:4174004 tid: 0x7fa0f7bf0200] Arg3:   = val:768
:3:rocvirtual.cpp           :762 : 4393638094396 us: [pid:4174004 tid: 0x7fa0f7bf0200] Arg4:   = ptr:0x7f9fa0006000
:3:rocvirtual.cpp           :778 : 4393638094403 us: [pid:4174004 tid: 0x7fa0f7bf0200] Arg4:   = ptr:0x7f9fa0006000 obj:[0x7f9fa0006000-0x7f9fa0006024]
:3:rocvirtual.cpp           :3236: 4393638094413 us: [pid:4174004 tid: 0x7fa0f7bf0200] ShaderName : void dense_esuhm3<float>(float const*, float const*, float*, int, int const*)
:3:rocvirtual.cpp           :3449: 4393638094896 us: [pid:4174004 tid: 0x7fa0f7bf0200] KernargSegmentByteSize = 296 KernargSegmentAlignment = 128
:4:rocvirtual.cpp           :965 : 4393638094905 us: [pid:4174004 tid: 0x7fa0f7bf0200] SWq=0x7fa0ee95c000, HWq=0x7f9face00000, id=1, Dispatch Header = 0xb02 (type=2, barrier=1, acquire=1, release=1), setup=3, grid=[2048, 1, 1], workgroup=[256, 1, 1], private_seg_size=140, group_seg_size=0, kernel_obj=0x7fa0ee921a00, kernarg_address=0x7f9facc00280, completion_signal=0x0, correlation_id=0, rptr=33, wptr=33
:3:hip_module.cpp           :745 : 4393638094919 us: [pid:4174004 tid: 0x7fa0f7bf0200] hipLaunchKernel: Returned hipSuccess : : duration: 584 us
:3:hip_device_runtime.cpp   :641 : 4393638094927 us: [pid:4174004 tid: 0x7fa0f7bf0200] [32m hipDeviceSynchronize (  ) [0m
:4:commandqueue.cpp         :161 : 4393638094932 us: [pid:4174004 tid: 0x7fa0f7bf0200] Marker queued to ensure finish
:4:command.cpp              :359 : 4393638094937 us: [pid:4174004 tid: 0x7fa0f7bf0200] Command (InternalMarker) enqueued: 0x3d002b50
:3:rocvirtual.cpp           :533 : 4393638094951 us: [pid:4174004 tid: 0x7fa0f7bf0200] Set Handler: handle(0x7fa0ee7fca00), timestamp(0x3c826260)
:4:rocvirtual.cpp           :1147: 4393638094959 us: [pid:4174004 tid: 0x7fa0f7bf0200] SWq=0x7fa0ee95c000, HWq=0x7f9face00000, id=1, BarrierAND Header = 0x1503 (type=3, barrier=1, acquire=2, release=2), dep_signal=[0x0, 0x0, 0x0, 0x0, 0x0], completion_signal=0x7fa0ee7fca00
:3:rocvirtual.hpp           :56  : 4393638094970 us: [pid:4174004 tid: 0x7fa0f7bf0200] Host active wait for Signal = (0x7fa0ee7fca00) for -1 ns
:4:commandqueue.cpp         :184 : 4393638095040 us: [pid:4174004 tid: 0x7fa0f7bf0200] All commands finished
:3:rocvirtual.cpp           :226 : 4393638095053 us: [pid:4174004 tid: 0x7f9fbf3ff6c0] Handler: value(0), timestamp(0x3c8261b0), handle(0x7fa0ee7fca00)
:3:hip_device_runtime.cpp   :645 : 4393638095433 us: [pid:4174004 tid: 0x7fa0f7bf0200] hipDeviceSynchronize: Returned hipSuccess : 
:3:hip_memory.cpp           :795 : 4393638095465 us: [pid:4174004 tid: 0x7fa0f7bf0200] [32m hipMemcpy ( 0x7fa0f06b2010, 0x7f9f9e000000, 30720000, hipMemcpyDeviceToHost ) [0m
:4:command.cpp              :169 : 4393638095450 us: [pid:4174004 tid: 0x7f9fbf3ff6c0] Command 0x3c825ff0 complete
:4:command.cpp              :359 : 4393638095487 us: [pid:4174004 tid: 0x7fa0f7bf0200] Command (CopyDeviceToHost) enqueued: 0x3c826390
:4:rocblit.cpp              :1673: 4393638095499 us: [pid:4174004 tid: 0x7fa0f7bf0200] Unpinned read path, Async = 0
:4:command.cpp              :163 : 4393638095490 us: [pid:4174004 tid: 0x7f9fbf3ff6c0] Command 0x3d002b50 complete (Wall: 4393638095489, CPU: 0, GPU: 545 us)
:4:rocmemory.cpp            :1018: 4393638095511 us: [pid:4174004 tid: 0x7fa0f7bf0200] Locking to pool 0x3c6dded0, size 0x1d4d000, HostPtr = 0x7fa0f06b2000, DevPtr = 0x7fa0f06b2000
:4:rocblit.cpp              :623 : 4393638095530 us: [pid:4174004 tid: 0x7fa0f7bf0200] HSA Copy Using Pinned resource size 30720000
:4:rocblit.cpp              :687 : 4393638095538 us: [pid:4174004 tid: 0x7fa0f7bf0200] HSA Async Copy staged D2H
:4:rocblit.cpp              :503 : 4393638095545 us: [pid:4174004 tid: 0x7fa0f7bf0200] Last copy mask 0x0
:4:rocblit.cpp              :509 : 4393638096223 us: [pid:4174004 tid: 0x7fa0f7bf0200] Query copy engine status 0, free_engine mask 0x1e
:4:rocblit.cpp              :520 : 4393638096232 us: [pid:4174004 tid: 0x7fa0f7bf0200] HSA Async Copy on copy_engine=0x2, dst=0x7fa0f06b2010, src=0x7f9f9e000000, size=30720000, forceSDMA=0, wait_event=0x0, completion_signal=0x7fa0ee7fe980
:4:rocvirtual.cpp           :622 : 4393638096652 us: [pid:4174004 tid: 0x7fa0f7bf0200] Host wait on completion_signal=0x7fa0ee7fe980
:3:rocvirtual.hpp           :56  : 4393638096667 us: [pid:4174004 tid: 0x7fa0f7bf0200] Host active wait for Signal = (0x7fa0ee7fe980) for -1 ns
:4:commandqueue.cpp         :161 : 4393638097773 us: [pid:4174004 tid: 0x7fa0f7bf0200] Marker queued to ensure finish
:4:command.cpp              :359 : 4393638097790 us: [pid:4174004 tid: 0x7fa0f7bf0200] Command (InternalMarker) enqueued: 0x3c825ff0
:3:rocvirtual.cpp           :533 : 4393638097809 us: [pid:4174004 tid: 0x7fa0f7bf0200] Set Handler: handle(0x7fa0ee7fc980), timestamp(0x3c825f70)
:4:rocvirtual.cpp           :1147: 4393638097821 us: [pid:4174004 tid: 0x7fa0f7bf0200] SWq=0x7fa0ee95c000, HWq=0x7f9face00000, id=1, BarrierAND Header = 0x1503 (type=3, barrier=1, acquire=2, release=2), dep_signal=[0x0, 0x0, 0x0, 0x0, 0x0], completion_signal=0x7fa0ee7fc980
:4:commandqueue.cpp         :184 : 4393638097832 us: [pid:4174004 tid: 0x7fa0f7bf0200] All commands finished
:3:hip_memory.cpp           :796 : 4393638097837 us: [pid:4174004 tid: 0x7fa0f7bf0200] hipMemcpy: Returned hipSuccess : : duration: 2372 us
:3:rocvirtual.cpp           :226 : 4393638097846 us: [pid:4174004 tid: 0x7f9fbf3ff6c0] Handler: value(0), timestamp(0x3c8261b0), handle(0x7fa0ee7fc980)
:4:command.cpp              :169 : 4393638097860 us: [pid:4174004 tid: 0x7f9fbf3ff6c0] Command 0x3c826390 complete
:4:command.cpp              :163 : 4393638097867 us: [pid:4174004 tid: 0x7f9fbf3ff6c0] Command 0x3c825ff0 complete (Wall: 4393638097866, CPU: 0, GPU: 65 us)
:3:hip_memory.cpp           :3476: 4393638203906 us: [pid:4174004 tid: 0x7fa0f7bf0200] [32m hipMemset ( 0x7f9f9e000000, 0, 30720000 ) [0m
:4:command.cpp              :359 : 4393638203933 us: [pid:4174004 tid: 0x7fa0f7bf0200] Command (FillBuffer) enqueued: 0x3ce40d70
:3:rocvirtual.cpp           :762 : 4393638203946 us: [pid:4174004 tid: 0x7fa0f7bf0200] Arg0: void* buf = ptr:0x7f9f9e000000
:3:rocvirtual.cpp           :778 : 4393638203952 us: [pid:4174004 tid: 0x7fa0f7bf0200] Arg0: void* buf = ptr:0x7f9f9e000000 obj:[0x7f9f9e000000-0x7f9f9fd4c000]
:3:rocvirtual.cpp           :762 : 4393638203962 us: [pid:4174004 tid: 0x7fa0f7bf0200] Arg1: uchar* pattern = ptr:0x7f9facc00000
:3:rocvirtual.cpp           :853 : 4393638203972 us: [pid:4174004 tid: 0x7fa0f7bf0200] Arg2: uint pattern_size = val:1
:3:rocvirtual.cpp           :853 : 4393638203977 us: [pid:4174004 tid: 0x7fa0f7bf0200] Arg3: uint alignment = val:16
:3:rocvirtual.cpp           :853 : 4393638203982 us: [pid:4174004 tid: 0x7fa0f7bf0200] Arg4: ulong end_ptr = val:140323558047744
:3:rocvirtual.cpp           :853 : 4393638203989 us: [pid:4174004 tid: 0x7fa0f7bf0200] Arg5: uint next_chunk = val:26624
:3:rocvirtual.cpp           :3236: 4393638203994 us: [pid:4174004 tid: 0x7fa0f7bf0200] ShaderName : __amd_rocclr_fillBufferAligned
:3:rocvirtual.cpp           :3449: 4393638204014 us: [pid:4174004 tid: 0x7fa0f7bf0200] KernargSegmentByteSize = 296 KernargSegmentAlignment = 128
:4:rocvirtual.cpp           :965 : 4393638204024 us: [pid:4174004 tid: 0x7fa0f7bf0200] SWq=0x7fa0ee95c000, HWq=0x7f9face00000, id=1, Dispatch Header = 0x1502 (type=2, barrier=1, acquire=2, release=2), setup=1, grid=[26624, 1, 1], workgroup=[256, 1, 1], private_seg_size=0, group_seg_size=0, kernel_obj=0x7fa0ee94dd40, kernarg_address=0x7f9facc00100, completion_signal=0x0, correlation_id=0, rptr=36, wptr=36
:3:hip_memory.cpp           :3477: 4393638204040 us: [pid:4174004 tid: 0x7fa0f7bf0200] hipMemset: Returned hipSuccess : 
:3:hip_device_runtime.cpp   :641 : 4393638204046 us: [pid:4174004 tid: 0x7fa0f7bf0200] [32m hipDeviceSynchronize (  ) [0m
:4:commandqueue.cpp         :161 : 4393638204052 us: [pid:4174004 tid: 0x7fa0f7bf0200] Marker queued to ensure finish
:4:command.cpp              :359 : 4393638204530 us: [pid:4174004 tid: 0x7fa0f7bf0200] Command (InternalMarker) enqueued: 0x3c825ff0
:3:rocvirtual.cpp           :533 : 4393638204554 us: [pid:4174004 tid: 0x7fa0f7bf0200] Set Handler: handle(0x7fa0ee7fc900), timestamp(0x3c826390)
:4:rocvirtual.cpp           :1147: 4393638204563 us: [pid:4174004 tid: 0x7fa0f7bf0200] SWq=0x7fa0ee95c000, HWq=0x7f9face00000, id=1, BarrierAND Header = 0x1503 (type=3, barrier=1, acquire=2, release=2), dep_signal=[0x0, 0x0, 0x0, 0x0, 0x0], completion_signal=0x7fa0ee7fc900
:4:commandqueue.cpp         :184 : 4393638204577 us: [pid:4174004 tid: 0x7fa0f7bf0200] All commands finished
:3:hip_device_runtime.cpp   :645 : 4393638204583 us: [pid:4174004 tid: 0x7fa0f7bf0200] hipDeviceSynchronize: Returned hipSuccess : 
:3:rocvirtual.cpp           :226 : 4393638204583 us: [pid:4174004 tid: 0x7f9fbf3ff6c0] Handler: value(0), timestamp(0x3c825ed0), handle(0x7fa0ee7fc900)
:4:command.cpp              :169 : 4393638204617 us: [pid:4174004 tid: 0x7f9fbf3ff6c0] Command 0x3ce40d70 complete
:4:command.cpp              :163 : 4393638204627 us: [pid:4174004 tid: 0x7f9fbf3ff6c0] Command 0x3c825ff0 complete (Wall: 4393638204626, CPU: 0, GPU: 86 us)
:3:hip_platform.cpp         :237 : 4393638204597 us: [pid:4174004 tid: 0x7fa0f7bf0200] [32m __hipPushCallConfiguration ( {8,1,1}, {512,1,1}, 0, stream:<null> ) [0m
:3:hip_platform.cpp         :241 : 4393638204651 us: [pid:4174004 tid: 0x7fa0f7bf0200] __hipPushCallConfiguration: Returned hipSuccess : 
:3:hip_platform.cpp         :246 : 4393638204661 us: [pid:4174004 tid: 0x7fa0f7bf0200] [32m __hipPopCallConfiguration ( {37054546,32673,512}, {2118224,0,2918783392}, 0x7fffadf916f0, 0x7fffadf916e8 ) [0m
:3:hip_platform.cpp         :255 : 4393638204669 us: [pid:4174004 tid: 0x7fa0f7bf0200] __hipPopCallConfiguration: Returned hipSuccess : 
:3:hip_module.cpp           :744 : 4393638205136 us: [pid:4174004 tid: 0x7fa0f7bf0200] [32m hipLaunchKernel ( 0x200fd8, {8,1,1}, {512,1,1}, 0x7fffadf916a0, 0, stream:<null> ) [0m
:4:command.cpp              :359 : 4393638205162 us: [pid:4174004 tid: 0x7fa0f7bf0200] Command (KernelExecution) enqueued: 0x3cf38cb0
:3:rocvirtual.cpp           :762 : 4393638205172 us: [pid:4174004 tid: 0x7fa0f7bf0200] Arg0:   = ptr:0x7f9fc3200000
:3:rocvirtual.cpp           :778 : 4393638205179 us: [pid:4174004 tid: 0x7fa0f7bf0200] Arg0:   = ptr:0x7f9fc3200000 obj:[0x7f9fc3200000-0x7f9fc4f4c000]
:3:rocvirtual.cpp           :762 : 4393638205188 us: [pid:4174004 tid: 0x7fa0f7bf0200] Arg1:   = ptr:0x7f9fa0000000
:3:rocvirtual.cpp           :778 : 4393638205193 us: [pid:4174004 tid: 0x7fa0f7bf0200] Arg1:   = ptr:0x7f9fa0000000 obj:[0x7f9fa0000000-0x7f9fa0006000]
:3:rocvirtual.cpp           :762 : 4393638205200 us: [pid:4174004 tid: 0x7fa0f7bf0200] Arg2:   = ptr:0x7f9f9e000000
:3:rocvirtual.cpp           :778 : 4393638205205 us: [pid:4174004 tid: 0x7fa0f7bf0200] Arg2:   = ptr:0x7f9f9e000000 obj:[0x7f9f9e000000-0x7f9f9fd4c000]
:3:rocvirtual.cpp           :853 : 4393638205212 us: [pid:4174004 tid: 0x7fa0f7bf0200] Arg3:   = val:768
:3:rocvirtual.cpp           :762 : 4393638205217 us: [pid:4174004 tid: 0x7fa0f7bf0200] Arg4:   = ptr:0x7f9fa0006000
:3:rocvirtual.cpp           :778 : 4393638205221 us: [pid:4174004 tid: 0x7fa0f7bf0200] Arg4:   = ptr:0x7f9fa0006000 obj:[0x7f9fa0006000-0x7f9fa0006024]
:3:rocvirtual.cpp           :3236: 4393638205229 us: [pid:4174004 tid: 0x7fa0f7bf0200] ShaderName : void dense_esuhm<float>(float const*, float const*, float*, int, int const*)
:3:rocvirtual.cpp           :3449: 4393638205238 us: [pid:4174004 tid: 0x7fa0f7bf0200] KernargSegmentByteSize = 296 KernargSegmentAlignment = 128
:4:rocvirtual.cpp           :965 : 4393638205249 us: [pid:4174004 tid: 0x7fa0f7bf0200] SWq=0x7fa0ee95c000, HWq=0x7f9face00000, id=1, Dispatch Header = 0xb02 (type=2, barrier=1, acquire=1, release=1), setup=3, grid=[4096, 1, 1], workgroup=[512, 1, 1], private_seg_size=140, group_seg_size=0, kernel_obj=0x7fa0ee921980, kernarg_address=0x7f9facc00280, completion_signal=0x0, correlation_id=0, rptr=38, wptr=38
:3:hip_module.cpp           :745 : 4393638205685 us: [pid:4174004 tid: 0x7fa0f7bf0200] hipLaunchKernel: Returned hipSuccess : : duration: 549 us
:3:hip_device_runtime.cpp   :641 : 4393638205694 us: [pid:4174004 tid: 0x7fa0f7bf0200] [32m hipDeviceSynchronize (  ) [0m
:4:commandqueue.cpp         :161 : 4393638205699 us: [pid:4174004 tid: 0x7fa0f7bf0200] Marker queued to ensure finish
:4:command.cpp              :359 : 4393638205707 us: [pid:4174004 tid: 0x7fa0f7bf0200] Command (InternalMarker) enqueued: 0x3c825ff0
:3:rocvirtual.cpp           :533 : 4393638205723 us: [pid:4174004 tid: 0x7fa0f7bf0200] Set Handler: handle(0x7fa0ee7fc880), timestamp(0x3cf39050)
:4:rocvirtual.cpp           :1147: 4393638205731 us: [pid:4174004 tid: 0x7fa0f7bf0200] SWq=0x7fa0ee95c000, HWq=0x7f9face00000, id=1, BarrierAND Header = 0x1503 (type=3, barrier=1, acquire=2, release=2), dep_signal=[0x0, 0x0, 0x0, 0x0, 0x0], completion_signal=0x7fa0ee7fc880
:3:rocvirtual.hpp           :56  : 4393638205742 us: [pid:4174004 tid: 0x7fa0f7bf0200] Host active wait for Signal = (0x7fa0ee7fc880) for -1 ns
:4:commandqueue.cpp         :184 : 4393638205750 us: [pid:4174004 tid: 0x7fa0f7bf0200] All commands finished
:3:hip_device_runtime.cpp   :645 : 4393638205755 us: [pid:4174004 tid: 0x7fa0f7bf0200] hipDeviceSynchronize: Returned hipSuccess : 
:3:rocvirtual.cpp           :226 : 4393638205758 us: [pid:4174004 tid: 0x7f9fbf3ff6c0] Handler: value(0), timestamp(0x3cf38fa0), handle(0x7fa0ee7fc880)
:4:command.cpp              :169 : 4393638205782 us: [pid:4174004 tid: 0x7f9fbf3ff6c0] Command 0x3cf38cb0 complete
:3:hip_memory.cpp           :795 : 4393638205771 us: [pid:4174004 tid: 0x7fa0f7bf0200] [32m hipMemcpy ( 0x7fa0f414c010, 0x7f9f9e000000, 30720000, hipMemcpyDeviceToHost ) [0m
:4:command.cpp              :359 : 4393638206164 us: [pid:4174004 tid: 0x7fa0f7bf0200] Command (CopyDeviceToHost) enqueued: 0x3cf39180
:4:rocblit.cpp              :1673: 4393638206176 us: [pid:4174004 tid: 0x7fa0f7bf0200] Unpinned read path, Async = 0
:4:command.cpp              :163 : 4393638206166 us: [pid:4174004 tid: 0x7f9fbf3ff6c0] Command 0x3c825ff0 complete (Wall: 4393638206164, CPU: 0, GPU: 449 us)
:4:rocmemory.cpp            :1018: 4393638206194 us: [pid:4174004 tid: 0x7fa0f7bf0200] Locking to pool 0x3c6dded0, size 0x1d4d000, HostPtr = 0x7fa0f414c000, DevPtr = 0x7fa0f414c000
:4:rocblit.cpp              :623 : 4393638206203 us: [pid:4174004 tid: 0x7fa0f7bf0200] HSA Copy Using Pinned resource size 30720000
:4:rocblit.cpp              :687 : 4393638206210 us: [pid:4174004 tid: 0x7fa0f7bf0200] HSA Async Copy staged D2H
:4:rocblit.cpp              :503 : 4393638206215 us: [pid:4174004 tid: 0x7fa0f7bf0200] Last copy mask 0x0
:4:rocblit.cpp              :509 : 4393638206222 us: [pid:4174004 tid: 0x7fa0f7bf0200] Query copy engine status 0, free_engine mask 0x1e
:4:rocblit.cpp              :520 : 4393638206230 us: [pid:4174004 tid: 0x7fa0f7bf0200] HSA Async Copy on copy_engine=0x2, dst=0x7fa0f414c010, src=0x7f9f9e000000, size=30720000, forceSDMA=0, wait_event=0x0, completion_signal=0x7fa0ee7fe780
:4:rocvirtual.cpp           :622 : 4393638206240 us: [pid:4174004 tid: 0x7fa0f7bf0200] Host wait on completion_signal=0x7fa0ee7fe780
:3:rocvirtual.hpp           :56  : 4393638206248 us: [pid:4174004 tid: 0x7fa0f7bf0200] Host active wait for Signal = (0x7fa0ee7fe780) for -1 ns
:4:commandqueue.cpp         :161 : 4393638207434 us: [pid:4174004 tid: 0x7fa0f7bf0200] Marker queued to ensure finish
:4:command.cpp              :359 : 4393638207461 us: [pid:4174004 tid: 0x7fa0f7bf0200] Command (InternalMarker) enqueued: 0x3cf38cb0
:3:rocvirtual.cpp           :533 : 4393638207482 us: [pid:4174004 tid: 0x7fa0f7bf0200] Set Handler: handle(0x7fa0ee7fc800), timestamp(0x3c825e50)
:4:rocvirtual.cpp           :1147: 4393638207494 us: [pid:4174004 tid: 0x7fa0f7bf0200] SWq=0x7fa0ee95c000, HWq=0x7f9face00000, id=1, BarrierAND Header = 0x1503 (type=3, barrier=1, acquire=2, release=2), dep_signal=[0x0, 0x0, 0x0, 0x0, 0x0], completion_signal=0x7fa0ee7fc800
:4:commandqueue.cpp         :184 : 4393638207508 us: [pid:4174004 tid: 0x7fa0f7bf0200] All commands finished
:3:hip_memory.cpp           :796 : 4393638207516 us: [pid:4174004 tid: 0x7fa0f7bf0200] hipMemcpy: Returned hipSuccess : : duration: 1745 us
:3:hip_memory.cpp           :3476: 4393638207531 us: [pid:4174004 tid: 0x7fa0f7bf0200] [32m hipMemset ( 0x7f9f9e000000, 0, 30720000 ) [0m
:4:command.cpp              :359 : 4393638207547 us: [pid:4174004 tid: 0x7fa0f7bf0200] Command (FillBuffer) enqueued: 0x3c86b8b0
:3:rocvirtual.cpp           :226 : 4393638207522 us: [pid:4174004 tid: 0x7f9fbf3ff6c0] Handler: value(0), timestamp(0x3cf38fa0), handle(0x7fa0ee7fc800)
:4:command.cpp              :169 : 4393638207572 us: [pid:4174004 tid: 0x7f9fbf3ff6c0] Command 0x3cf39180 complete
:4:command.cpp              :163 : 4393638207580 us: [pid:4174004 tid: 0x7f9fbf3ff6c0] Command 0x3cf38cb0 complete (Wall: 4393638207578, CPU: 0, GPU: 107 us)
:3:rocvirtual.cpp           :762 : 4393638207559 us: [pid:4174004 tid: 0x7fa0f7bf0200] Arg0: void* buf = ptr:0x7f9f9e000000
:3:rocvirtual.cpp           :778 : 4393638207600 us: [pid:4174004 tid: 0x7fa0f7bf0200] Arg0: void* buf = ptr:0x7f9f9e000000 obj:[0x7f9f9e000000-0x7f9f9fd4c000]
:3:rocvirtual.cpp           :762 : 4393638207611 us: [pid:4174004 tid: 0x7fa0f7bf0200] Arg1: uchar* pattern = ptr:0x7f9facc00000
:3:rocvirtual.cpp           :853 : 4393638207621 us: [pid:4174004 tid: 0x7fa0f7bf0200] Arg2: uint pattern_size = val:1
:3:rocvirtual.cpp           :853 : 4393638207626 us: [pid:4174004 tid: 0x7fa0f7bf0200] Arg3: uint alignment = val:16
:3:rocvirtual.cpp           :853 : 4393638207630 us: [pid:4174004 tid: 0x7fa0f7bf0200] Arg4: ulong end_ptr = val:140323558047744
:3:rocvirtual.cpp           :853 : 4393638207638 us: [pid:4174004 tid: 0x7fa0f7bf0200] Arg5: uint next_chunk = val:26624
:3:rocvirtual.cpp           :3236: 4393638207643 us: [pid:4174004 tid: 0x7fa0f7bf0200] ShaderName : __amd_rocclr_fillBufferAligned
:3:rocvirtual.cpp           :3449: 4393638207651 us: [pid:4174004 tid: 0x7fa0f7bf0200] KernargSegmentByteSize = 296 KernargSegmentAlignment = 128
:4:rocvirtual.cpp           :965 : 4393638207661 us: [pid:4174004 tid: 0x7fa0f7bf0200] SWq=0x7fa0ee95c000, HWq=0x7f9face00000, id=1, Dispatch Header = 0x1502 (type=2, barrier=1, acquire=2, release=2), setup=1, grid=[26624, 1, 1], workgroup=[256, 1, 1], private_seg_size=0, group_seg_size=0, kernel_obj=0x7fa0ee94dd40, kernarg_address=0x7f9facc00100, completion_signal=0x0, correlation_id=0, rptr=41, wptr=41
:3:hip_memory.cpp           :3477: 4393638208111 us: [pid:4174004 tid: 0x7fa0f7bf0200] hipMemset: Returned hipSuccess : 
:3:hip_device_runtime.cpp   :641 : 4393638208117 us: [pid:4174004 tid: 0x7fa0f7bf0200] [32m hipDeviceSynchronize (  ) [0m
:4:commandqueue.cpp         :161 : 4393638208123 us: [pid:4174004 tid: 0x7fa0f7bf0200] Marker queued to ensure finish
:4:command.cpp              :359 : 4393638208128 us: [pid:4174004 tid: 0x7fa0f7bf0200] Command (InternalMarker) enqueued: 0x3cf38cb0
:3:rocvirtual.cpp           :533 : 4393638208153 us: [pid:4174004 tid: 0x7fa0f7bf0200] Set Handler: handle(0x7fa0ee7fc780), timestamp(0x3c826220)
:4:rocvirtual.cpp           :1147: 4393638208162 us: [pid:4174004 tid: 0x7fa0f7bf0200] SWq=0x7fa0ee95c000, HWq=0x7f9face00000, id=1, BarrierAND Header = 0x1503 (type=3, barrier=1, acquire=2, release=2), dep_signal=[0x0, 0x0, 0x0, 0x0, 0x0], completion_signal=0x7fa0ee7fc780
:4:commandqueue.cpp         :184 : 4393638208172 us: [pid:4174004 tid: 0x7fa0f7bf0200] All commands finished
:3:hip_device_runtime.cpp   :645 : 4393638208178 us: [pid:4174004 tid: 0x7fa0f7bf0200] hipDeviceSynchronize: Returned hipSuccess : 
:3:rocvirtual.cpp           :226 : 4393638208187 us: [pid:4174004 tid: 0x7f9fbf3ff6c0] Handler: value(0), timestamp(0x3c8264f0), handle(0x7fa0ee7fc780)
:4:command.cpp              :169 : 4393638208199 us: [pid:4174004 tid: 0x7f9fbf3ff6c0] Command 0x3c86b8b0 complete
:3:hip_platform.cpp         :237 : 4393638208187 us: [pid:4174004 tid: 0x7fa0f7bf0200] [32m __hipPushCallConfiguration ( {8,1,1}, {512,1,1}, 0, stream:<null> ) [0m
:3:hip_platform.cpp         :241 : 4393638208215 us: [pid:4174004 tid: 0x7fa0f7bf0200] __hipPushCallConfiguration: Returned hipSuccess : 
:4:command.cpp              :163 : 4393638208205 us: [pid:4174004 tid: 0x7f9fbf3ff6c0] Command 0x3cf38cb0 complete (Wall: 4393638208204, CPU: 0, GPU: 59 us)
:3:hip_platform.cpp         :246 : 4393638208226 us: [pid:4174004 tid: 0x7fa0f7bf0200] [32m __hipPopCallConfiguration ( {37054546,32673,512}, {2118224,0,2918783392}, 0x7fffadf916f0, 0x7fffadf916e8 ) [0m
:3:hip_platform.cpp         :255 : 4393638208251 us: [pid:4174004 tid: 0x7fa0f7bf0200] __hipPopCallConfiguration: Returned hipSuccess : 
:3:hip_module.cpp           :744 : 4393638208261 us: [pid:4174004 tid: 0x7fa0f7bf0200] [32m hipLaunchKernel ( 0x200fe0, {8,1,1}, {512,1,1}, 0x7fffadf916a0, 0, stream:<null> ) [0m
:4:command.cpp              :359 : 4393638208569 us: [pid:4174004 tid: 0x7fa0f7bf0200] Command (KernelExecution) enqueued: 0x3c86b8b0
:3:rocvirtual.cpp           :762 : 4393638208578 us: [pid:4174004 tid: 0x7fa0f7bf0200] Arg0:   = ptr:0x7f9fc3200000
:3:rocvirtual.cpp           :778 : 4393638208583 us: [pid:4174004 tid: 0x7fa0f7bf0200] Arg0:   = ptr:0x7f9fc3200000 obj:[0x7f9fc3200000-0x7f9fc4f4c000]
:3:rocvirtual.cpp           :762 : 4393638208590 us: [pid:4174004 tid: 0x7fa0f7bf0200] Arg1:   = ptr:0x7f9fa0000000
:3:rocvirtual.cpp           :778 : 4393638208595 us: [pid:4174004 tid: 0x7fa0f7bf0200] Arg1:   = ptr:0x7f9fa0000000 obj:[0x7f9fa0000000-0x7f9fa0006000]
:3:rocvirtual.cpp           :762 : 4393638208602 us: [pid:4174004 tid: 0x7fa0f7bf0200] Arg2:   = ptr:0x7f9f9e000000
:3:rocvirtual.cpp           :778 : 4393638208607 us: [pid:4174004 tid: 0x7fa0f7bf0200] Arg2:   = ptr:0x7f9f9e000000 obj:[0x7f9f9e000000-0x7f9f9fd4c000]
:3:rocvirtual.cpp           :853 : 4393638208614 us: [pid:4174004 tid: 0x7fa0f7bf0200] Arg3:   = val:768
:3:rocvirtual.cpp           :762 : 4393638208618 us: [pid:4174004 tid: 0x7fa0f7bf0200] Arg4:   = ptr:0x7f9fa0006000
:3:rocvirtual.cpp           :778 : 4393638208623 us: [pid:4174004 tid: 0x7fa0f7bf0200] Arg4:   = ptr:0x7f9fa0006000 obj:[0x7f9fa0006000-0x7f9fa0006024]
:3:rocvirtual.cpp           :3236: 4393638208630 us: [pid:4174004 tid: 0x7fa0f7bf0200] ShaderName : void dense_esuhm2<float>(float const*, float const*, float*, int, int const*)
:3:rocvirtual.cpp           :3449: 4393638208639 us: [pid:4174004 tid: 0x7fa0f7bf0200] KernargSegmentByteSize = 296 KernargSegmentAlignment = 128
:4:rocvirtual.cpp           :965 : 4393638208648 us: [pid:4174004 tid: 0x7fa0f7bf0200] SWq=0x7fa0ee95c000, HWq=0x7f9face00000, id=1, Dispatch Header = 0xb02 (type=2, barrier=1, acquire=1, release=1), setup=3, grid=[4096, 1, 1], workgroup=[512, 1, 1], private_seg_size=140, group_seg_size=0, kernel_obj=0x7fa0ee9219c0, kernarg_address=0x7f9facc00280, completion_signal=0x0, correlation_id=0, rptr=43, wptr=43
:3:hip_module.cpp           :745 : 4393638208661 us: [pid:4174004 tid: 0x7fa0f7bf0200] hipLaunchKernel: Returned hipSuccess : : duration: 400 us
:3:hip_device_runtime.cpp   :641 : 4393638208669 us: [pid:4174004 tid: 0x7fa0f7bf0200] [32m hipDeviceSynchronize (  ) [0m
:4:commandqueue.cpp         :161 : 4393638208674 us: [pid:4174004 tid: 0x7fa0f7bf0200] Marker queued to ensure finish
:4:command.cpp              :359 : 4393638208679 us: [pid:4174004 tid: 0x7fa0f7bf0200] Command (InternalMarker) enqueued: 0x3cf38cb0
:3:rocvirtual.cpp           :533 : 4393638208693 us: [pid:4174004 tid: 0x7fa0f7bf0200] Set Handler: handle(0x7fa0ee7fc700), timestamp(0x3cf39300)
:4:rocvirtual.cpp           :1147: 4393638208702 us: [pid:4174004 tid: 0x7fa0f7bf0200] SWq=0x7fa0ee95c000, HWq=0x7f9face00000, id=1, BarrierAND Header = 0x1503 (type=3, barrier=1, acquire=2, release=2), dep_signal=[0x0, 0x0, 0x0, 0x0, 0x0], completion_signal=0x7fa0ee7fc700
:3:rocvirtual.hpp           :56  : 4393638208713 us: [pid:4174004 tid: 0x7fa0f7bf0200] Host active wait for Signal = (0x7fa0ee7fc700) for -1 ns
:4:commandqueue.cpp         :184 : 4393638208720 us: [pid:4174004 tid: 0x7fa0f7bf0200] All commands finished
:3:hip_device_runtime.cpp   :645 : 4393638208725 us: [pid:4174004 tid: 0x7fa0f7bf0200] hipDeviceSynchronize: Returned hipSuccess : 
:3:rocvirtual.cpp           :226 : 4393638208731 us: [pid:4174004 tid: 0x7f9fbf3ff6c0] Handler: value(0), timestamp(0x3c86bb30), handle(0x7fa0ee7fc700)
:4:command.cpp              :169 : 4393638208747 us: [pid:4174004 tid: 0x7f9fbf3ff6c0] Command 0x3c86b8b0 complete
:4:command.cpp              :163 : 4393638208766 us: [pid:4174004 tid: 0x7f9fbf3ff6c0] Command 0x3cf38cb0 complete (Wall: 4393638208765, CPU: 0, GPU: 79 us)
:3:hip_memory.cpp           :795 : 4393638208738 us: [pid:4174004 tid: 0x7fa0f7bf0200] [32m hipMemcpy ( 0x7fa0f23ff010, 0x7f9f9e000000, 30720000, hipMemcpyDeviceToHost ) [0m
:4:command.cpp              :359 : 4393638208791 us: [pid:4174004 tid: 0x7fa0f7bf0200] Command (CopyDeviceToHost) enqueued: 0x3c86b8b0
:4:rocblit.cpp              :1673: 4393638208801 us: [pid:4174004 tid: 0x7fa0f7bf0200] Unpinned read path, Async = 0
:4:rocmemory.cpp            :1018: 4393638208813 us: [pid:4174004 tid: 0x7fa0f7bf0200] Locking to pool 0x3c6dded0, size 0x1d4d000, HostPtr = 0x7fa0f23ff000, DevPtr = 0x7fa0f23ff000
:4:rocblit.cpp              :623 : 4393638208821 us: [pid:4174004 tid: 0x7fa0f7bf0200] HSA Copy Using Pinned resource size 30720000
:4:rocblit.cpp              :687 : 4393638208828 us: [pid:4174004 tid: 0x7fa0f7bf0200] HSA Async Copy staged D2H
:4:rocblit.cpp              :503 : 4393638208833 us: [pid:4174004 tid: 0x7fa0f7bf0200] Last copy mask 0x0
:4:rocblit.cpp              :509 : 4393638208839 us: [pid:4174004 tid: 0x7fa0f7bf0200] Query copy engine status 0, free_engine mask 0x1e
:4:rocblit.cpp              :520 : 4393638208846 us: [pid:4174004 tid: 0x7fa0f7bf0200] HSA Async Copy on copy_engine=0x2, dst=0x7fa0f23ff010, src=0x7f9f9e000000, size=30720000, forceSDMA=0, wait_event=0x0, completion_signal=0x7fa0ee7fe580
:4:rocvirtual.cpp           :622 : 4393638208855 us: [pid:4174004 tid: 0x7fa0f7bf0200] Host wait on completion_signal=0x7fa0ee7fe580
:3:rocvirtual.hpp           :56  : 4393638208862 us: [pid:4174004 tid: 0x7fa0f7bf0200] Host active wait for Signal = (0x7fa0ee7fe580) for -1 ns
:4:commandqueue.cpp         :161 : 4393638209958 us: [pid:4174004 tid: 0x7fa0f7bf0200] Marker queued to ensure finish
:4:command.cpp              :359 : 4393638209971 us: [pid:4174004 tid: 0x7fa0f7bf0200] Command (InternalMarker) enqueued: 0x3cf38cb0
:3:rocvirtual.cpp           :533 : 4393638209986 us: [pid:4174004 tid: 0x7fa0f7bf0200] Set Handler: handle(0x7fa0ee7fc680), timestamp(0x3cf391d0)
:4:rocvirtual.cpp           :1147: 4393638209994 us: [pid:4174004 tid: 0x7fa0f7bf0200] SWq=0x7fa0ee95c000, HWq=0x7f9face00000, id=1, BarrierAND Header = 0x1503 (type=3, barrier=1, acquire=2, release=2), dep_signal=[0x0, 0x0, 0x0, 0x0, 0x0], completion_signal=0x7fa0ee7fc680
:4:commandqueue.cpp         :184 : 4393638210004 us: [pid:4174004 tid: 0x7fa0f7bf0200] All commands finished
:3:hip_memory.cpp           :796 : 4393638210009 us: [pid:4174004 tid: 0x7fa0f7bf0200] hipMemcpy: Returned hipSuccess : : duration: 1271 us
:3:rocvirtual.cpp           :226 : 4393638210018 us: [pid:4174004 tid: 0x7f9fbf3ff6c0] Handler: value(0), timestamp(0x3c86bb30), handle(0x7fa0ee7fc680)
:4:command.cpp              :169 : 4393638210029 us: [pid:4174004 tid: 0x7f9fbf3ff6c0] Command 0x3c86b8b0 complete
:3:hip_memory.cpp           :3476: 4393638210019 us: [pid:4174004 tid: 0x7fa0f7bf0200] [32m hipMemset ( 0x7f9f9e000000, 0, 30720000 ) [0m
:4:command.cpp              :163 : 4393638210035 us: [pid:4174004 tid: 0x7f9fbf3ff6c0] Command 0x3cf38cb0 complete (Wall: 4393638210034, CPU: 0, GPU: 55 us)
:4:command.cpp              :359 : 4393638210046 us: [pid:4174004 tid: 0x7fa0f7bf0200] Command (FillBuffer) enqueued: 0x3c86bc70
:3:rocvirtual.cpp           :762 : 4393638210069 us: [pid:4174004 tid: 0x7fa0f7bf0200] Arg0: void* buf = ptr:0x7f9f9e000000
:3:rocvirtual.cpp           :778 : 4393638210076 us: [pid:4174004 tid: 0x7fa0f7bf0200] Arg0: void* buf = ptr:0x7f9f9e000000 obj:[0x7f9f9e000000-0x7f9f9fd4c000]
:3:rocvirtual.cpp           :762 : 4393638210086 us: [pid:4174004 tid: 0x7fa0f7bf0200] Arg1: uchar* pattern = ptr:0x7f9facc00000
:3:rocvirtual.cpp           :853 : 4393638210097 us: [pid:4174004 tid: 0x7fa0f7bf0200] Arg2: uint pattern_size = val:1
:3:rocvirtual.cpp           :853 : 4393638210551 us: [pid:4174004 tid: 0x7fa0f7bf0200] Arg3: uint alignment = val:16
:3:rocvirtual.cpp           :853 : 4393638210557 us: [pid:4174004 tid: 0x7fa0f7bf0200] Arg4: ulong end_ptr = val:140323558047744
:3:rocvirtual.cpp           :853 : 4393638210568 us: [pid:4174004 tid: 0x7fa0f7bf0200] Arg5: uint next_chunk = val:26624
:3:rocvirtual.cpp           :3236: 4393638210573 us: [pid:4174004 tid: 0x7fa0f7bf0200] ShaderName : __amd_rocclr_fillBufferAligned
:3:rocvirtual.cpp           :3449: 4393638210580 us: [pid:4174004 tid: 0x7fa0f7bf0200] KernargSegmentByteSize = 296 KernargSegmentAlignment = 128
:4:rocvirtual.cpp           :965 : 4393638210589 us: [pid:4174004 tid: 0x7fa0f7bf0200] SWq=0x7fa0ee95c000, HWq=0x7f9face00000, id=1, Dispatch Header = 0x1502 (type=2, barrier=1, acquire=2, release=2), setup=1, grid=[26624, 1, 1], workgroup=[256, 1, 1], private_seg_size=0, group_seg_size=0, kernel_obj=0x7fa0ee94dd40, kernarg_address=0x7f9facc00100, completion_signal=0x0, correlation_id=0, rptr=46, wptr=46
:3:hip_memory.cpp           :3477: 4393638210604 us: [pid:4174004 tid: 0x7fa0f7bf0200] hipMemset: Returned hipSuccess : 
:3:hip_device_runtime.cpp   :641 : 4393638210609 us: [pid:4174004 tid: 0x7fa0f7bf0200] [32m hipDeviceSynchronize (  ) [0m
:4:commandqueue.cpp         :161 : 4393638210615 us: [pid:4174004 tid: 0x7fa0f7bf0200] Marker queued to ensure finish
:4:command.cpp              :359 : 4393638210620 us: [pid:4174004 tid: 0x7fa0f7bf0200] Command (InternalMarker) enqueued: 0x3cf38cb0
:3:rocvirtual.cpp           :533 : 4393638210634 us: [pid:4174004 tid: 0x7fa0f7bf0200] Set Handler: handle(0x7fa0ee7fc600), timestamp(0x3c86beb0)
:4:rocvirtual.cpp           :1147: 4393638210642 us: [pid:4174004 tid: 0x7fa0f7bf0200] SWq=0x7fa0ee95c000, HWq=0x7f9face00000, id=1, BarrierAND Header = 0x1503 (type=3, barrier=1, acquire=2, release=2), dep_signal=[0x0, 0x0, 0x0, 0x0, 0x0], completion_signal=0x7fa0ee7fc600
:4:commandqueue.cpp         :184 : 4393638210652 us: [pid:4174004 tid: 0x7fa0f7bf0200] All commands finished
:3:hip_device_runtime.cpp   :645 : 4393638210657 us: [pid:4174004 tid: 0x7fa0f7bf0200] hipDeviceSynchronize: Returned hipSuccess : 
:3:rocvirtual.cpp           :226 : 4393638210662 us: [pid:4174004 tid: 0x7f9fbf3ff6c0] Handler: value(0), timestamp(0x3cf39290), handle(0x7fa0ee7fc600)
:4:command.cpp              :169 : 4393638211056 us: [pid:4174004 tid: 0x7f9fbf3ff6c0] Command 0x3c86bc70 complete
:4:command.cpp              :163 : 4393638211063 us: [pid:4174004 tid: 0x7f9fbf3ff6c0] Command 0x3cf38cb0 complete (Wall: 4393638211062, CPU: 0, GPU: 435 us)
:3:hip_platform.cpp         :237 : 4393638211047 us: [pid:4174004 tid: 0x7fa0f7bf0200] [32m __hipPushCallConfiguration ( {8,1,1}, {512,1,1}, 0, stream:<null> ) [0m
:3:hip_platform.cpp         :241 : 4393638211086 us: [pid:4174004 tid: 0x7fa0f7bf0200] __hipPushCallConfiguration: Returned hipSuccess : 
:3:hip_platform.cpp         :246 : 4393638211097 us: [pid:4174004 tid: 0x7fa0f7bf0200] [32m __hipPopCallConfiguration ( {37054546,32673,512}, {2118224,0,2918783392}, 0x7fffadf916f0, 0x7fffadf916e8 ) [0m
:3:hip_platform.cpp         :255 : 4393638211104 us: [pid:4174004 tid: 0x7fa0f7bf0200] __hipPopCallConfiguration: Returned hipSuccess : 
:3:hip_module.cpp           :744 : 4393638211114 us: [pid:4174004 tid: 0x7fa0f7bf0200] [32m hipLaunchKernel ( 0x200fe8, {8,1,1}, {512,1,1}, 0x7fffadf916a0, 0, stream:<null> ) [0m
:4:command.cpp              :359 : 4393638211126 us: [pid:4174004 tid: 0x7fa0f7bf0200] Command (KernelExecution) enqueued: 0x3c86b8b0
:3:rocvirtual.cpp           :762 : 4393638211135 us: [pid:4174004 tid: 0x7fa0f7bf0200] Arg0:   = ptr:0x7f9fc3200000
:3:rocvirtual.cpp           :778 : 4393638211140 us: [pid:4174004 tid: 0x7fa0f7bf0200] Arg0:   = ptr:0x7f9fc3200000 obj:[0x7f9fc3200000-0x7f9fc4f4c000]
:3:rocvirtual.cpp           :762 : 4393638211147 us: [pid:4174004 tid: 0x7fa0f7bf0200] Arg1:   = ptr:0x7f9fa0000000
:3:rocvirtual.cpp           :778 : 4393638211152 us: [pid:4174004 tid: 0x7fa0f7bf0200] Arg1:   = ptr:0x7f9fa0000000 obj:[0x7f9fa0000000-0x7f9fa0006000]
:3:rocvirtual.cpp           :762 : 4393638211574 us: [pid:4174004 tid: 0x7fa0f7bf0200] Arg2:   = ptr:0x7f9f9e000000
:3:rocvirtual.cpp           :778 : 4393638211579 us: [pid:4174004 tid: 0x7fa0f7bf0200] Arg2:   = ptr:0x7f9f9e000000 obj:[0x7f9f9e000000-0x7f9f9fd4c000]
:3:rocvirtual.cpp           :853 : 4393638211590 us: [pid:4174004 tid: 0x7fa0f7bf0200] Arg3:   = val:768
:3:rocvirtual.cpp           :762 : 4393638211594 us: [pid:4174004 tid: 0x7fa0f7bf0200] Arg4:   = ptr:0x7f9fa0006000
:3:rocvirtual.cpp           :778 : 4393638211599 us: [pid:4174004 tid: 0x7fa0f7bf0200] Arg4:   = ptr:0x7f9fa0006000 obj:[0x7f9fa0006000-0x7f9fa0006024]
:3:rocvirtual.cpp           :3236: 4393638211607 us: [pid:4174004 tid: 0x7fa0f7bf0200] ShaderName : void dense_esuhm3<float>(float const*, float const*, float*, int, int const*)
:3:rocvirtual.cpp           :3449: 4393638211615 us: [pid:4174004 tid: 0x7fa0f7bf0200] KernargSegmentByteSize = 296 KernargSegmentAlignment = 128
:4:rocvirtual.cpp           :965 : 4393638211625 us: [pid:4174004 tid: 0x7fa0f7bf0200] SWq=0x7fa0ee95c000, HWq=0x7f9face00000, id=1, Dispatch Header = 0xb02 (type=2, barrier=1, acquire=1, release=1), setup=3, grid=[4096, 1, 1], workgroup=[512, 1, 1], private_seg_size=140, group_seg_size=0, kernel_obj=0x7fa0ee921a00, kernarg_address=0x7f9facc00280, completion_signal=0x0, correlation_id=0, rptr=48, wptr=48
:3:hip_module.cpp           :745 : 4393638211640 us: [pid:4174004 tid: 0x7fa0f7bf0200] hipLaunchKernel: Returned hipSuccess : : duration: 526 us
:3:hip_device_runtime.cpp   :641 : 4393638211648 us: [pid:4174004 tid: 0x7fa0f7bf0200] [32m hipDeviceSynchronize (  ) [0m
:4:commandqueue.cpp         :161 : 4393638211654 us: [pid:4174004 tid: 0x7fa0f7bf0200] Marker queued to ensure finish
:4:command.cpp              :359 : 4393638211658 us: [pid:4174004 tid: 0x7fa0f7bf0200] Command (InternalMarker) enqueued: 0x3cf38cb0
:3:rocvirtual.cpp           :533 : 4393638211674 us: [pid:4174004 tid: 0x7fa0f7bf0200] Set Handler: handle(0x7fa0ee7fc580), timestamp(0x3c86be10)
:4:rocvirtual.cpp           :1147: 4393638212134 us: [pid:4174004 tid: 0x7fa0f7bf0200] SWq=0x7fa0ee95c000, HWq=0x7f9face00000, id=1, BarrierAND Header = 0x1503 (type=3, barrier=1, acquire=2, release=2), dep_signal=[0x0, 0x0, 0x0, 0x0, 0x0], completion_signal=0x7fa0ee7fc580
:4:commandqueue.cpp         :184 : 4393638212151 us: [pid:4174004 tid: 0x7fa0f7bf0200] All commands finished
:3:hip_device_runtime.cpp   :645 : 4393638212157 us: [pid:4174004 tid: 0x7fa0f7bf0200] hipDeviceSynchronize: Returned hipSuccess : 
:3:rocvirtual.cpp           :226 : 4393638212160 us: [pid:4174004 tid: 0x7f9fbf3ff6c0] Handler: value(0), timestamp(0x3c86bda0), handle(0x7fa0ee7fc580)
:4:command.cpp              :169 : 4393638212179 us: [pid:4174004 tid: 0x7f9fbf3ff6c0] Command 0x3c86b8b0 complete
:3:hip_memory.cpp           :795 : 4393638212170 us: [pid:4174004 tid: 0x7fa0f7bf0200] [32m hipMemcpy ( 0x7fa0f06b2010, 0x7f9f9e000000, 30720000, hipMemcpyDeviceToHost ) [0m
:4:command.cpp              :359 : 4393638212197 us: [pid:4174004 tid: 0x7fa0f7bf0200] Command (CopyDeviceToHost) enqueued: 0x3ce0b050
:4:rocblit.cpp              :1673: 4393638212215 us: [pid:4174004 tid: 0x7fa0f7bf0200] Unpinned read path, Async = 0
:4:command.cpp              :163 : 4393638212223 us: [pid:4174004 tid: 0x7f9fbf3ff6c0] Command 0x3cf38cb0 complete (Wall: 4393638212220, CPU: 0, GPU: 554 us)
:4:rocmemory.cpp            :1018: 4393638212233 us: [pid:4174004 tid: 0x7fa0f7bf0200] Locking to pool 0x3c6dded0, size 0x1d4d000, HostPtr = 0x7fa0f06b2000, DevPtr = 0x7fa0f06b2000
:4:rocblit.cpp              :623 : 4393638212250 us: [pid:4174004 tid: 0x7fa0f7bf0200] HSA Copy Using Pinned resource size 30720000
:4:rocblit.cpp              :687 : 4393638212258 us: [pid:4174004 tid: 0x7fa0f7bf0200] HSA Async Copy staged D2H
:4:rocblit.cpp              :503 : 4393638212263 us: [pid:4174004 tid: 0x7fa0f7bf0200] Last copy mask 0x0
:4:rocblit.cpp              :509 : 4393638212268 us: [pid:4174004 tid: 0x7fa0f7bf0200] Query copy engine status 0, free_engine mask 0x1e
:4:rocblit.cpp              :520 : 4393638212694 us: [pid:4174004 tid: 0x7fa0f7bf0200] HSA Async Copy on copy_engine=0x2, dst=0x7fa0f06b2010, src=0x7f9f9e000000, size=30720000, forceSDMA=0, wait_event=0x0, completion_signal=0x7fa0ee7fe380
:4:rocvirtual.cpp           :622 : 4393638212717 us: [pid:4174004 tid: 0x7fa0f7bf0200] Host wait on completion_signal=0x7fa0ee7fe380
:3:rocvirtual.hpp           :56  : 4393638212726 us: [pid:4174004 tid: 0x7fa0f7bf0200] Host active wait for Signal = (0x7fa0ee7fe380) for -1 ns
:4:commandqueue.cpp         :161 : 4393638213818 us: [pid:4174004 tid: 0x7fa0f7bf0200] Marker queued to ensure finish
:4:command.cpp              :359 : 4393638213836 us: [pid:4174004 tid: 0x7fa0f7bf0200] Command (InternalMarker) enqueued: 0x3cf38cb0
:3:rocvirtual.cpp           :533 : 4393638213855 us: [pid:4174004 tid: 0x7fa0f7bf0200] Set Handler: handle(0x7fa0ee7fc500), timestamp(0x3cf39010)
:4:rocvirtual.cpp           :1147: 4393638213864 us: [pid:4174004 tid: 0x7fa0f7bf0200] SWq=0x7fa0ee95c000, HWq=0x7f9face00000, id=1, BarrierAND Header = 0x1503 (type=3, barrier=1, acquire=2, release=2), dep_signal=[0x0, 0x0, 0x0, 0x0, 0x0], completion_signal=0x7fa0ee7fc500
:4:commandqueue.cpp         :184 : 4393638213878 us: [pid:4174004 tid: 0x7fa0f7bf0200] All commands finished
:3:rocvirtual.cpp           :226 : 4393638213889 us: [pid:4174004 tid: 0x7f9fbf3ff6c0] Handler: value(0), timestamp(0x3c86bda0), handle(0x7fa0ee7fc500)
:4:command.cpp              :169 : 4393638214167 us: [pid:4174004 tid: 0x7f9fbf3ff6c0] Command 0x3ce0b050 complete
:4:command.cpp              :163 : 4393638214174 us: [pid:4174004 tid: 0x7f9fbf3ff6c0] Command 0x3cf38cb0 complete (Wall: 4393638214173, CPU: 0, GPU: 326 us)
:3:hip_memory.cpp           :796 : 4393638214155 us: [pid:4174004 tid: 0x7fa0f7bf0200] hipMemcpy: Returned hipSuccess : : duration: 1985 us
:3:hip_memory.cpp           :3476: 4393638293579 us: [pid:4174004 tid: 0x7fa0f7bf0200] [32m hipMemset ( 0x7f9f9e000000, 0, 30720000 ) [0m
:4:command.cpp              :359 : 4393638293612 us: [pid:4174004 tid: 0x7fa0f7bf0200] Command (FillBuffer) enqueued: 0x3ce0b290
:3:rocvirtual.cpp           :762 : 4393638293631 us: [pid:4174004 tid: 0x7fa0f7bf0200] Arg0: void* buf = ptr:0x7f9f9e000000
:3:rocvirtual.cpp           :778 : 4393638293638 us: [pid:4174004 tid: 0x7fa0f7bf0200] Arg0: void* buf = ptr:0x7f9f9e000000 obj:[0x7f9f9e000000-0x7f9f9fd4c000]
:3:rocvirtual.cpp           :762 : 4393638293655 us: [pid:4174004 tid: 0x7fa0f7bf0200] Arg1: uchar* pattern = ptr:0x7f9facc00000
:3:rocvirtual.cpp           :853 : 4393638293663 us: [pid:4174004 tid: 0x7fa0f7bf0200] Arg2: uint pattern_size = val:1
:3:rocvirtual.cpp           :853 : 4393638293668 us: [pid:4174004 tid: 0x7fa0f7bf0200] Arg3: uint alignment = val:16
:3:rocvirtual.cpp           :853 : 4393638293672 us: [pid:4174004 tid: 0x7fa0f7bf0200] Arg4: ulong end_ptr = val:140323558047744
:3:rocvirtual.cpp           :853 : 4393638293680 us: [pid:4174004 tid: 0x7fa0f7bf0200] Arg5: uint next_chunk = val:26624
:3:rocvirtual.cpp           :3236: 4393638293696 us: [pid:4174004 tid: 0x7fa0f7bf0200] ShaderName : __amd_rocclr_fillBufferAligned
:3:rocvirtual.cpp           :3449: 4393638293705 us: [pid:4174004 tid: 0x7fa0f7bf0200] KernargSegmentByteSize = 296 KernargSegmentAlignment = 128
:4:rocvirtual.cpp           :965 : 4393638293717 us: [pid:4174004 tid: 0x7fa0f7bf0200] SWq=0x7fa0ee95c000, HWq=0x7f9face00000, id=1, Dispatch Header = 0x1502 (type=2, barrier=1, acquire=2, release=2), setup=1, grid=[26624, 1, 1], workgroup=[256, 1, 1], private_seg_size=0, group_seg_size=0, kernel_obj=0x7fa0ee94dd40, kernarg_address=0x7f9facc00100, completion_signal=0x0, correlation_id=0, rptr=51, wptr=51
:3:hip_memory.cpp           :3477: 4393638293734 us: [pid:4174004 tid: 0x7fa0f7bf0200] hipMemset: Returned hipSuccess : 
:3:hip_device_runtime.cpp   :641 : 4393638293740 us: [pid:4174004 tid: 0x7fa0f7bf0200] [32m hipDeviceSynchronize (  ) [0m
:4:commandqueue.cpp         :161 : 4393638293746 us: [pid:4174004 tid: 0x7fa0f7bf0200] Marker queued to ensure finish
:4:command.cpp              :359 : 4393638293751 us: [pid:4174004 tid: 0x7fa0f7bf0200] Command (InternalMarker) enqueued: 0x3cf38cb0
:3:rocvirtual.cpp           :533 : 4393638293776 us: [pid:4174004 tid: 0x7fa0f7bf0200] Set Handler: handle(0x7fa0ee7fc480), timestamp(0x3ce0b540)
:4:rocvirtual.cpp           :1147: 4393638294245 us: [pid:4174004 tid: 0x7fa0f7bf0200] SWq=0x7fa0ee95c000, HWq=0x7f9face00000, id=1, BarrierAND Header = 0x1503 (type=3, barrier=1, acquire=2, release=2), dep_signal=[0x0, 0x0, 0x0, 0x0, 0x0], completion_signal=0x7fa0ee7fc480
:4:commandqueue.cpp         :184 : 4393638294257 us: [pid:4174004 tid: 0x7fa0f7bf0200] All commands finished
:3:hip_device_runtime.cpp   :645 : 4393638294263 us: [pid:4174004 tid: 0x7fa0f7bf0200] hipDeviceSynchronize: Returned hipSuccess : 
:3:hip_platform.cpp         :237 : 4393638294277 us: [pid:4174004 tid: 0x7fa0f7bf0200] [32m __hipPushCallConfiguration ( {8,1,1}, {1024,1,1}, 0, stream:<null> ) [0m
:3:hip_platform.cpp         :241 : 4393638294296 us: [pid:4174004 tid: 0x7fa0f7bf0200] __hipPushCallConfiguration: Returned hipSuccess : 
:3:rocvirtual.cpp           :226 : 4393638294299 us: [pid:4174004 tid: 0x7f9fbf3ff6c0] Handler: value(0), timestamp(0x3ce0b490), handle(0x7fa0ee7fc480)
:4:command.cpp              :169 : 4393638294329 us: [pid:4174004 tid: 0x7f9fbf3ff6c0] Command 0x3ce0b290 complete
:4:command.cpp              :163 : 4393638294338 us: [pid:4174004 tid: 0x7f9fbf3ff6c0] Command 0x3cf38cb0 complete (Wall: 4393638294336, CPU: 0, GPU: 578 us)
:3:hip_platform.cpp         :246 : 4393638294312 us: [pid:4174004 tid: 0x7fa0f7bf0200] [32m __hipPopCallConfiguration ( {37054546,32673,1024}, {2118224,0,2918783392}, 0x7fffadf916f0, 0x7fffadf916e8 ) [0m
:3:hip_platform.cpp         :255 : 4393638294360 us: [pid:4174004 tid: 0x7fa0f7bf0200] __hipPopCallConfiguration: Returned hipSuccess : 
:3:hip_module.cpp           :744 : 4393638294374 us: [pid:4174004 tid: 0x7fa0f7bf0200] [32m hipLaunchKernel ( 0x200fd8, {8,1,1}, {1024,1,1}, 0x7fffadf916a0, 0, stream:<null> ) [0m
:4:command.cpp              :359 : 4393638294719 us: [pid:4174004 tid: 0x7fa0f7bf0200] Command (KernelExecution) enqueued: 0x3c86b8b0
:3:rocvirtual.cpp           :762 : 4393638294730 us: [pid:4174004 tid: 0x7fa0f7bf0200] Arg0:   = ptr:0x7f9fc3200000
:3:rocvirtual.cpp           :778 : 4393638294735 us: [pid:4174004 tid: 0x7fa0f7bf0200] Arg0:   = ptr:0x7f9fc3200000 obj:[0x7f9fc3200000-0x7f9fc4f4c000]
:3:rocvirtual.cpp           :762 : 4393638294743 us: [pid:4174004 tid: 0x7fa0f7bf0200] Arg1:   = ptr:0x7f9fa0000000
:3:rocvirtual.cpp           :778 : 4393638294748 us: [pid:4174004 tid: 0x7fa0f7bf0200] Arg1:   = ptr:0x7f9fa0000000 obj:[0x7f9fa0000000-0x7f9fa0006000]
:3:rocvirtual.cpp           :762 : 4393638294755 us: [pid:4174004 tid: 0x7fa0f7bf0200] Arg2:   = ptr:0x7f9f9e000000
:3:rocvirtual.cpp           :778 : 4393638294759 us: [pid:4174004 tid: 0x7fa0f7bf0200] Arg2:   = ptr:0x7f9f9e000000 obj:[0x7f9f9e000000-0x7f9f9fd4c000]
:3:rocvirtual.cpp           :853 : 4393638294767 us: [pid:4174004 tid: 0x7fa0f7bf0200] Arg3:   = val:768
:3:rocvirtual.cpp           :762 : 4393638294771 us: [pid:4174004 tid: 0x7fa0f7bf0200] Arg4:   = ptr:0x7f9fa0006000
:3:rocvirtual.cpp           :778 : 4393638294776 us: [pid:4174004 tid: 0x7fa0f7bf0200] Arg4:   = ptr:0x7f9fa0006000 obj:[0x7f9fa0006000-0x7f9fa0006024]
:3:rocvirtual.cpp           :3236: 4393638294783 us: [pid:4174004 tid: 0x7fa0f7bf0200] ShaderName : void dense_esuhm<float>(float const*, float const*, float*, int, int const*)
:3:rocvirtual.cpp           :3449: 4393638294792 us: [pid:4174004 tid: 0x7fa0f7bf0200] KernargSegmentByteSize = 296 KernargSegmentAlignment = 128
:4:rocvirtual.cpp           :965 : 4393638294801 us: [pid:4174004 tid: 0x7fa0f7bf0200] SWq=0x7fa0ee95c000, HWq=0x7f9face00000, id=1, Dispatch Header = 0xb02 (type=2, barrier=1, acquire=1, release=1), setup=3, grid=[8192, 1, 1], workgroup=[1024, 1, 1], private_seg_size=140, group_seg_size=0, kernel_obj=0x7fa0ee921980, kernarg_address=0x7f9facc00280, completion_signal=0x0, correlation_id=0, rptr=53, wptr=53
:3:hip_module.cpp           :745 : 4393638294816 us: [pid:4174004 tid: 0x7fa0f7bf0200] hipLaunchKernel: Returned hipSuccess : : duration: 442 us
:3:hip_device_runtime.cpp   :641 : 4393638294836 us: [pid:4174004 tid: 0x7fa0f7bf0200] [32m hipDeviceSynchronize (  ) [0m
:4:commandqueue.cpp         :161 : 4393638294845 us: [pid:4174004 tid: 0x7fa0f7bf0200] Marker queued to ensure finish
:4:command.cpp              :359 : 4393638294850 us: [pid:4174004 tid: 0x7fa0f7bf0200] Command (InternalMarker) enqueued: 0x3cf38cb0
:3:rocvirtual.cpp           :533 : 4393638295523 us: [pid:4174004 tid: 0x7fa0f7bf0200] Set Handler: handle(0x7fa0ee7fc400), timestamp(0x3ce0b340)
:4:rocvirtual.cpp           :1147: 4393638296194 us: [pid:4174004 tid: 0x7fa0f7bf0200] SWq=0x7fa0ee95c000, HWq=0x7f9face00000, id=1, BarrierAND Header = 0x1503 (type=3, barrier=1, acquire=2, release=2), dep_signal=[0x0, 0x0, 0x0, 0x0, 0x0], completion_signal=0x7fa0ee7fc400
:4:commandqueue.cpp         :184 : 4393638296205 us: [pid:4174004 tid: 0x7fa0f7bf0200] All commands finished
:3:hip_device_runtime.cpp   :645 : 4393638296212 us: [pid:4174004 tid: 0x7fa0f7bf0200] hipDeviceSynchronize: Returned hipSuccess : 
:3:rocvirtual.cpp           :226 : 4393638296226 us: [pid:4174004 tid: 0x7f9fbf3ff6c0] Handler: value(0), timestamp(0x3ce0b290), handle(0x7fa0ee7fc400)
:4:command.cpp              :169 : 4393638296251 us: [pid:4174004 tid: 0x7f9fbf3ff6c0] Command 0x3c86b8b0 complete
:3:hip_memory.cpp           :795 : 4393638296227 us: [pid:4174004 tid: 0x7fa0f7bf0200] [32m hipMemcpy ( 0x7fa0f414c010, 0x7f9f9e000000, 30720000, hipMemcpyDeviceToHost ) [0m
:4:command.cpp              :163 : 4393638296267 us: [pid:4174004 tid: 0x7f9fbf3ff6c0] Command 0x3cf38cb0 complete (Wall: 4393638296261, CPU: 0, GPU: 747 us)
:4:command.cpp              :359 : 4393638296292 us: [pid:4174004 tid: 0x7fa0f7bf0200] Command (CopyDeviceToHost) enqueued: 0x3ce0b050
:4:rocblit.cpp              :1673: 4393638296312 us: [pid:4174004 tid: 0x7fa0f7bf0200] Unpinned read path, Async = 0
:4:rocmemory.cpp            :1018: 4393638296333 us: [pid:4174004 tid: 0x7fa0f7bf0200] Locking to pool 0x3c6dded0, size 0x1d4d000, HostPtr = 0x7fa0f414c000, DevPtr = 0x7fa0f414c000
:4:rocblit.cpp              :623 : 4393638296823 us: [pid:4174004 tid: 0x7fa0f7bf0200] HSA Copy Using Pinned resource size 30720000
:4:rocblit.cpp              :687 : 4393638296842 us: [pid:4174004 tid: 0x7fa0f7bf0200] HSA Async Copy staged D2H
:4:rocblit.cpp              :503 : 4393638297402 us: [pid:4174004 tid: 0x7fa0f7bf0200] Last copy mask 0x0
:4:rocblit.cpp              :509 : 4393638297412 us: [pid:4174004 tid: 0x7fa0f7bf0200] Query copy engine status 0, free_engine mask 0x1e
:4:rocblit.cpp              :520 : 4393638297421 us: [pid:4174004 tid: 0x7fa0f7bf0200] HSA Async Copy on copy_engine=0x2, dst=0x7fa0f414c010, src=0x7f9f9e000000, size=30720000, forceSDMA=0, wait_event=0x0, completion_signal=0x7fa0ee7fe180
:4:rocvirtual.cpp           :622 : 4393638297432 us: [pid:4174004 tid: 0x7fa0f7bf0200] Host wait on completion_signal=0x7fa0ee7fe180
:3:rocvirtual.hpp           :56  : 4393638297440 us: [pid:4174004 tid: 0x7fa0f7bf0200] Host active wait for Signal = (0x7fa0ee7fe180) for -1 ns
:4:commandqueue.cpp         :161 : 4393638298693 us: [pid:4174004 tid: 0x7fa0f7bf0200] Marker queued to ensure finish
:4:command.cpp              :359 : 4393638298703 us: [pid:4174004 tid: 0x7fa0f7bf0200] Command (InternalMarker) enqueued: 0x3cf38cb0
:3:rocvirtual.cpp           :533 : 4393638298721 us: [pid:4174004 tid: 0x7fa0f7bf0200] Set Handler: handle(0x7fa0ee7fc380), timestamp(0x3ce0b450)
:4:rocvirtual.cpp           :1147: 4393638298730 us: [pid:4174004 tid: 0x7fa0f7bf0200] SWq=0x7fa0ee95c000, HWq=0x7f9face00000, id=1, BarrierAND Header = 0x1503 (type=3, barrier=1, acquire=2, release=2), dep_signal=[0x0, 0x0, 0x0, 0x0, 0x0], completion_signal=0x7fa0ee7fc380
:4:commandqueue.cpp         :184 : 4393638298742 us: [pid:4174004 tid: 0x7fa0f7bf0200] All commands finished
:3:hip_memory.cpp           :796 : 4393638298749 us: [pid:4174004 tid: 0x7fa0f7bf0200] hipMemcpy: Returned hipSuccess : : duration: 2522 us
:3:rocvirtual.cpp           :226 : 4393638298760 us: [pid:4174004 tid: 0x7f9fbf3ff6c0] Handler: value(0), timestamp(0x3ce0b290), handle(0x7fa0ee7fc380)
:4:command.cpp              :169 : 4393638298783 us: [pid:4174004 tid: 0x7f9fbf3ff6c0] Command 0x3ce0b050 complete
:4:command.cpp              :163 : 4393638298791 us: [pid:4174004 tid: 0x7f9fbf3ff6c0] Command 0x3cf38cb0 complete (Wall: 4393638298790, CPU: 0, GPU: 78 us)
:3:hip_memory.cpp           :3476: 4393638298761 us: [pid:4174004 tid: 0x7fa0f7bf0200] [32m hipMemset ( 0x7f9f9e000000, 0, 30720000 ) [0m
:4:command.cpp              :359 : 4393638298815 us: [pid:4174004 tid: 0x7fa0f7bf0200] Command (FillBuffer) enqueued: 0x3d02ea50
:3:rocvirtual.cpp           :762 : 4393638298827 us: [pid:4174004 tid: 0x7fa0f7bf0200] Arg0: void* buf = ptr:0x7f9f9e000000
:3:rocvirtual.cpp           :778 : 4393638299157 us: [pid:4174004 tid: 0x7fa0f7bf0200] Arg0: void* buf = ptr:0x7f9f9e000000 obj:[0x7f9f9e000000-0x7f9f9fd4c000]
:3:rocvirtual.cpp           :762 : 4393638299169 us: [pid:4174004 tid: 0x7fa0f7bf0200] Arg1: uchar* pattern = ptr:0x7f9facc00000
:3:rocvirtual.cpp           :853 : 4393638299179 us: [pid:4174004 tid: 0x7fa0f7bf0200] Arg2: uint pattern_size = val:1
:3:rocvirtual.cpp           :853 : 4393638299184 us: [pid:4174004 tid: 0x7fa0f7bf0200] Arg3: uint alignment = val:16
:3:rocvirtual.cpp           :853 : 4393638299189 us: [pid:4174004 tid: 0x7fa0f7bf0200] Arg4: ulong end_ptr = val:140323558047744
:3:rocvirtual.cpp           :853 : 4393638299199 us: [pid:4174004 tid: 0x7fa0f7bf0200] Arg5: uint next_chunk = val:26624
:3:rocvirtual.cpp           :3236: 4393638299211 us: [pid:4174004 tid: 0x7fa0f7bf0200] ShaderName : __amd_rocclr_fillBufferAligned
:3:rocvirtual.cpp           :3449: 4393638299221 us: [pid:4174004 tid: 0x7fa0f7bf0200] KernargSegmentByteSize = 296 KernargSegmentAlignment = 128
:4:rocvirtual.cpp           :965 : 4393638299239 us: [pid:4174004 tid: 0x7fa0f7bf0200] SWq=0x7fa0ee95c000, HWq=0x7f9face00000, id=1, Dispatch Header = 0x1502 (type=2, barrier=1, acquire=2, release=2), setup=1, grid=[26624, 1, 1], workgroup=[256, 1, 1], private_seg_size=0, group_seg_size=0, kernel_obj=0x7fa0ee94dd40, kernarg_address=0x7f9facc00100, completion_signal=0x0, correlation_id=0, rptr=56, wptr=56
:3:hip_memory.cpp           :3477: 4393638299254 us: [pid:4174004 tid: 0x7fa0f7bf0200] hipMemset: Returned hipSuccess : 
:3:hip_device_runtime.cpp   :641 : 4393638299260 us: [pid:4174004 tid: 0x7fa0f7bf0200] [32m hipDeviceSynchronize (  ) [0m
:4:commandqueue.cpp         :161 : 4393638299265 us: [pid:4174004 tid: 0x7fa0f7bf0200] Marker queued to ensure finish
:4:command.cpp              :359 : 4393638299270 us: [pid:4174004 tid: 0x7fa0f7bf0200] Command (InternalMarker) enqueued: 0x3cf38cb0
:3:rocvirtual.cpp           :533 : 4393638299284 us: [pid:4174004 tid: 0x7fa0f7bf0200] Set Handler: handle(0x7fa0ee7fc300), timestamp(0x3d02ed00)
:4:rocvirtual.cpp           :1147: 4393638299293 us: [pid:4174004 tid: 0x7fa0f7bf0200] SWq=0x7fa0ee95c000, HWq=0x7f9face00000, id=1, BarrierAND Header = 0x1503 (type=3, barrier=1, acquire=2, release=2), dep_signal=[0x0, 0x0, 0x0, 0x0, 0x0], completion_signal=0x7fa0ee7fc300
:4:commandqueue.cpp         :184 : 4393638299649 us: [pid:4174004 tid: 0x7fa0f7bf0200] All commands finished
:3:hip_device_runtime.cpp   :645 : 4393638299656 us: [pid:4174004 tid: 0x7fa0f7bf0200] hipDeviceSynchronize: Returned hipSuccess : 
:3:rocvirtual.cpp           :226 : 4393638299317 us: [pid:4174004 tid: 0x7f9fbf3ff6c0] Handler: value(0), timestamp(0x3d02ec50), handle(0x7fa0ee7fc300)
:4:command.cpp              :169 : 4393638299689 us: [pid:4174004 tid: 0x7f9fbf3ff6c0] Command 0x3d02ea50 complete
:4:command.cpp              :163 : 4393638299702 us: [pid:4174004 tid: 0x7f9fbf3ff6c0] Command 0x3cf38cb0 complete (Wall: 4393638299700, CPU: 0, GPU: 423 us)
:3:hip_platform.cpp         :237 : 4393638299670 us: [pid:4174004 tid: 0x7fa0f7bf0200] [32m __hipPushCallConfiguration ( {8,1,1}, {1024,1,1}, 0, stream:<null> ) [0m
:3:hip_platform.cpp         :241 : 4393638299735 us: [pid:4174004 tid: 0x7fa0f7bf0200] __hipPushCallConfiguration: Returned hipSuccess : 
:3:hip_platform.cpp         :246 : 4393638299750 us: [pid:4174004 tid: 0x7fa0f7bf0200] [32m __hipPopCallConfiguration ( {37054546,32673,1024}, {2118224,0,2918783392}, 0x7fffadf916f0, 0x7fffadf916e8 ) [0m
:3:hip_platform.cpp         :255 : 4393638299764 us: [pid:4174004 tid: 0x7fa0f7bf0200] __hipPopCallConfiguration: Returned hipSuccess : 
:3:hip_module.cpp           :744 : 4393638300281 us: [pid:4174004 tid: 0x7fa0f7bf0200] [32m hipLaunchKernel ( 0x200fe0, {8,1,1}, {1024,1,1}, 0x7fffadf916a0, 0, stream:<null> ) [0m
:4:command.cpp              :359 : 4393638300303 us: [pid:4174004 tid: 0x7fa0f7bf0200] Command (KernelExecution) enqueued: 0x3c86b8b0
:3:rocvirtual.cpp           :762 : 4393638300314 us: [pid:4174004 tid: 0x7fa0f7bf0200] Arg0:   = ptr:0x7f9fc3200000
:3:rocvirtual.cpp           :778 : 4393638300320 us: [pid:4174004 tid: 0x7fa0f7bf0200] Arg0:   = ptr:0x7f9fc3200000 obj:[0x7f9fc3200000-0x7f9fc4f4c000]
:3:rocvirtual.cpp           :762 : 4393638300328 us: [pid:4174004 tid: 0x7fa0f7bf0200] Arg1:   = ptr:0x7f9fa0000000
:3:rocvirtual.cpp           :778 : 4393638300332 us: [pid:4174004 tid: 0x7fa0f7bf0200] Arg1:   = ptr:0x7f9fa0000000 obj:[0x7f9fa0000000-0x7f9fa0006000]
:3:rocvirtual.cpp           :762 : 4393638300339 us: [pid:4174004 tid: 0x7fa0f7bf0200] Arg2:   = ptr:0x7f9f9e000000
:3:rocvirtual.cpp           :778 : 4393638300344 us: [pid:4174004 tid: 0x7fa0f7bf0200] Arg2:   = ptr:0x7f9f9e000000 obj:[0x7f9f9e000000-0x7f9f9fd4c000]
:3:rocvirtual.cpp           :853 : 4393638300352 us: [pid:4174004 tid: 0x7fa0f7bf0200] Arg3:   = val:768
:3:rocvirtual.cpp           :762 : 4393638300356 us: [pid:4174004 tid: 0x7fa0f7bf0200] Arg4:   = ptr:0x7f9fa0006000
:3:rocvirtual.cpp           :778 : 4393638300361 us: [pid:4174004 tid: 0x7fa0f7bf0200] Arg4:   = ptr:0x7f9fa0006000 obj:[0x7f9fa0006000-0x7f9fa0006024]
:3:rocvirtual.cpp           :3236: 4393638300369 us: [pid:4174004 tid: 0x7fa0f7bf0200] ShaderName : void dense_esuhm2<float>(float const*, float const*, float*, int, int const*)
:3:rocvirtual.cpp           :3449: 4393638300379 us: [pid:4174004 tid: 0x7fa0f7bf0200] KernargSegmentByteSize = 296 KernargSegmentAlignment = 128
:4:rocvirtual.cpp           :965 : 4393638301070 us: [pid:4174004 tid: 0x7fa0f7bf0200] SWq=0x7fa0ee95c000, HWq=0x7f9face00000, id=1, Dispatch Header = 0xb02 (type=2, barrier=1, acquire=1, release=1), setup=3, grid=[8192, 1, 1], workgroup=[1024, 1, 1], private_seg_size=140, group_seg_size=0, kernel_obj=0x7fa0ee9219c0, kernarg_address=0x7f9facc00280, completion_signal=0x0, correlation_id=0, rptr=58, wptr=58
:3:hip_module.cpp           :745 : 4393638301087 us: [pid:4174004 tid: 0x7fa0f7bf0200] hipLaunchKernel: Returned hipSuccess : : duration: 806 us
:3:hip_device_runtime.cpp   :641 : 4393638301096 us: [pid:4174004 tid: 0x7fa0f7bf0200] [32m hipDeviceSynchronize (  ) [0m
:4:commandqueue.cpp         :161 : 4393638301102 us: [pid:4174004 tid: 0x7fa0f7bf0200] Marker queued to ensure finish
:4:command.cpp              :359 : 4393638301107 us: [pid:4174004 tid: 0x7fa0f7bf0200] Command (InternalMarker) enqueued: 0x3cf38cb0
:3:rocvirtual.cpp           :533 : 4393638301127 us: [pid:4174004 tid: 0x7fa0f7bf0200] Set Handler: handle(0x7fa0ee7fc280), timestamp(0x3d02ebf0)
:4:rocvirtual.cpp           :1147: 4393638301135 us: [pid:4174004 tid: 0x7fa0f7bf0200] SWq=0x7fa0ee95c000, HWq=0x7f9face00000, id=1, BarrierAND Header = 0x1503 (type=3, barrier=1, acquire=2, release=2), dep_signal=[0x0, 0x0, 0x0, 0x0, 0x0], completion_signal=0x7fa0ee7fc280
:4:commandqueue.cpp         :184 : 4393638301146 us: [pid:4174004 tid: 0x7fa0f7bf0200] All commands finished
:3:hip_device_runtime.cpp   :645 : 4393638301153 us: [pid:4174004 tid: 0x7fa0f7bf0200] hipDeviceSynchronize: Returned hipSuccess : 
:3:rocvirtual.cpp           :226 : 4393638301160 us: [pid:4174004 tid: 0x7f9fbf3ff6c0] Handler: value(0), timestamp(0x3d02eb80), handle(0x7fa0ee7fc280)
:3:hip_memory.cpp           :795 : 4393638301167 us: [pid:4174004 tid: 0x7fa0f7bf0200] [32m hipMemcpy ( 0x7fa0f23ff010, 0x7f9f9e000000, 30720000, hipMemcpyDeviceToHost ) [0m
:4:command.cpp              :169 : 4393638301168 us: [pid:4174004 tid: 0x7f9fbf3ff6c0] Command 0x3c86b8b0 complete
:4:command.cpp              :163 : 4393638301592 us: [pid:4174004 tid: 0x7f9fbf3ff6c0] Command 0x3cf38cb0 complete (Wall: 4393638301591, CPU: 0, GPU: 476 us)
:4:command.cpp              :359 : 4393638301184 us: [pid:4174004 tid: 0x7fa0f7bf0200] Command (CopyDeviceToHost) enqueued: 0x3ce0b050
:4:rocblit.cpp              :1673: 4393638301621 us: [pid:4174004 tid: 0x7fa0f7bf0200] Unpinned read path, Async = 0
:4:rocmemory.cpp            :1018: 4393638301644 us: [pid:4174004 tid: 0x7fa0f7bf0200] Locking to pool 0x3c6dded0, size 0x1d4d000, HostPtr = 0x7fa0f23ff000, DevPtr = 0x7fa0f23ff000
:4:rocblit.cpp              :623 : 4393638301652 us: [pid:4174004 tid: 0x7fa0f7bf0200] HSA Copy Using Pinned resource size 30720000
:4:rocblit.cpp              :687 : 4393638301659 us: [pid:4174004 tid: 0x7fa0f7bf0200] HSA Async Copy staged D2H
:4:rocblit.cpp              :503 : 4393638301665 us: [pid:4174004 tid: 0x7fa0f7bf0200] Last copy mask 0x0
:4:rocblit.cpp              :509 : 4393638301673 us: [pid:4174004 tid: 0x7fa0f7bf0200] Query copy engine status 0, free_engine mask 0x1e
:4:rocblit.cpp              :520 : 4393638301680 us: [pid:4174004 tid: 0x7fa0f7bf0200] HSA Async Copy on copy_engine=0x2, dst=0x7fa0f23ff010, src=0x7f9f9e000000, size=30720000, forceSDMA=0, wait_event=0x0, completion_signal=0x7fa0ee7fdf80
:4:rocvirtual.cpp           :622 : 4393638301691 us: [pid:4174004 tid: 0x7fa0f7bf0200] Host wait on completion_signal=0x7fa0ee7fdf80
:3:rocvirtual.hpp           :56  : 4393638301699 us: [pid:4174004 tid: 0x7fa0f7bf0200] Host active wait for Signal = (0x7fa0ee7fdf80) for -1 ns
:4:commandqueue.cpp         :161 : 4393638302800 us: [pid:4174004 tid: 0x7fa0f7bf0200] Marker queued to ensure finish
:4:command.cpp              :359 : 4393638302815 us: [pid:4174004 tid: 0x7fa0f7bf0200] Command (InternalMarker) enqueued: 0x3cf38cb0
:3:rocvirtual.cpp           :533 : 4393638302834 us: [pid:4174004 tid: 0x7fa0f7bf0200] Set Handler: handle(0x7fa0ee7fc200), timestamp(0x3ce0b250)
:4:rocvirtual.cpp           :1147: 4393638302847 us: [pid:4174004 tid: 0x7fa0f7bf0200] SWq=0x7fa0ee95c000, HWq=0x7f9face00000, id=1, BarrierAND Header = 0x1503 (type=3, barrier=1, acquire=2, release=2), dep_signal=[0x0, 0x0, 0x0, 0x0, 0x0], completion_signal=0x7fa0ee7fc200
:4:commandqueue.cpp         :184 : 4393638302862 us: [pid:4174004 tid: 0x7fa0f7bf0200] All commands finished
:3:hip_memory.cpp           :796 : 4393638302869 us: [pid:4174004 tid: 0x7fa0f7bf0200] hipMemcpy: Returned hipSuccess : : duration: 1702 us
:3:rocvirtual.cpp           :226 : 4393638302872 us: [pid:4174004 tid: 0x7f9fbf3ff6c0] Handler: value(0), timestamp(0x3d02eb80), handle(0x7fa0ee7fc200)
:3:hip_memory.cpp           :3476: 4393638302886 us: [pid:4174004 tid: 0x7fa0f7bf0200] [32m hipMemset ( 0x7f9f9e000000, 0, 30720000 ) [0m
:4:command.cpp              :169 : 4393638302895 us: [pid:4174004 tid: 0x7f9fbf3ff6c0] Command 0x3ce0b050 complete
:4:command.cpp              :163 : 4393638302925 us: [pid:4174004 tid: 0x7f9fbf3ff6c0] Command 0x3cf38cb0 complete (Wall: 4393638302924, CPU: 0, GPU: 99 us)
:4:command.cpp              :359 : 4393638302920 us: [pid:4174004 tid: 0x7fa0f7bf0200] Command (FillBuffer) enqueued: 0x3d02ef10
:3:rocvirtual.cpp           :762 : 4393638302948 us: [pid:4174004 tid: 0x7fa0f7bf0200] Arg0: void* buf = ptr:0x7f9f9e000000
:3:rocvirtual.cpp           :778 : 4393638303275 us: [pid:4174004 tid: 0x7fa0f7bf0200] Arg0: void* buf = ptr:0x7f9f9e000000 obj:[0x7f9f9e000000-0x7f9f9fd4c000]
:3:rocvirtual.cpp           :762 : 4393638303288 us: [pid:4174004 tid: 0x7fa0f7bf0200] Arg1: uchar* pattern = ptr:0x7f9facc00000
:3:rocvirtual.cpp           :853 : 4393638303300 us: [pid:4174004 tid: 0x7fa0f7bf0200] Arg2: uint pattern_size = val:1
:3:rocvirtual.cpp           :853 : 4393638303307 us: [pid:4174004 tid: 0x7fa0f7bf0200] Arg3: uint alignment = val:16
:3:rocvirtual.cpp           :853 : 4393638303314 us: [pid:4174004 tid: 0x7fa0f7bf0200] Arg4: ulong end_ptr = val:140323558047744
:3:rocvirtual.cpp           :853 : 4393638303324 us: [pid:4174004 tid: 0x7fa0f7bf0200] Arg5: uint next_chunk = val:26624
:3:rocvirtual.cpp           :3236: 4393638303335 us: [pid:4174004 tid: 0x7fa0f7bf0200] ShaderName : __amd_rocclr_fillBufferAligned
:3:rocvirtual.cpp           :3449: 4393638303346 us: [pid:4174004 tid: 0x7fa0f7bf0200] KernargSegmentByteSize = 296 KernargSegmentAlignment = 128
:4:rocvirtual.cpp           :965 : 4393638303358 us: [pid:4174004 tid: 0x7fa0f7bf0200] SWq=0x7fa0ee95c000, HWq=0x7f9face00000, id=1, Dispatch Header = 0x1502 (type=2, barrier=1, acquire=2, release=2), setup=1, grid=[26624, 1, 1], workgroup=[256, 1, 1], private_seg_size=0, group_seg_size=0, kernel_obj=0x7fa0ee94dd40, kernarg_address=0x7f9facc00100, completion_signal=0x0, correlation_id=0, rptr=61, wptr=61
:3:hip_memory.cpp           :3477: 4393638303398 us: [pid:4174004 tid: 0x7fa0f7bf0200] hipMemset: Returned hipSuccess : 
:3:hip_device_runtime.cpp   :641 : 4393638303876 us: [pid:4174004 tid: 0x7fa0f7bf0200] [32m hipDeviceSynchronize (  ) [0m
:4:commandqueue.cpp         :161 : 4393638303883 us: [pid:4174004 tid: 0x7fa0f7bf0200] Marker queued to ensure finish
:4:command.cpp              :359 : 4393638303888 us: [pid:4174004 tid: 0x7fa0f7bf0200] Command (InternalMarker) enqueued: 0x3cf38cb0
:3:rocvirtual.cpp           :533 : 4393638303904 us: [pid:4174004 tid: 0x7fa0f7bf0200] Set Handler: handle(0x7fa0ee7fc180), timestamp(0x3d02eed0)
:4:rocvirtual.cpp           :1147: 4393638303912 us: [pid:4174004 tid: 0x7fa0f7bf0200] SWq=0x7fa0ee95c000, HWq=0x7f9face00000, id=1, BarrierAND Header = 0x1503 (type=3, barrier=1, acquire=2, release=2), dep_signal=[0x0, 0x0, 0x0, 0x0, 0x0], completion_signal=0x7fa0ee7fc180
:4:commandqueue.cpp         :184 : 4393638303923 us: [pid:4174004 tid: 0x7fa0f7bf0200] All commands finished
:3:hip_device_runtime.cpp   :645 : 4393638303929 us: [pid:4174004 tid: 0x7fa0f7bf0200] hipDeviceSynchronize: Returned hipSuccess : 
:3:rocvirtual.cpp           :226 : 4393638303938 us: [pid:4174004 tid: 0x7f9fbf3ff6c0] Handler: value(0), timestamp(0x3d02ead0), handle(0x7fa0ee7fc180)
:4:command.cpp              :169 : 4393638303947 us: [pid:4174004 tid: 0x7f9fbf3ff6c0] Command 0x3d02ef10 complete
:4:command.cpp              :163 : 4393638303953 us: [pid:4174004 tid: 0x7f9fbf3ff6c0] Command 0x3cf38cb0 complete (Wall: 4393638303952, CPU: 0, GPU: 57 us)
:3:hip_platform.cpp         :237 : 4393638303939 us: [pid:4174004 tid: 0x7fa0f7bf0200] [32m __hipPushCallConfiguration ( {8,1,1}, {1024,1,1}, 0, stream:<null> ) [0m
:3:hip_platform.cpp         :241 : 4393638303972 us: [pid:4174004 tid: 0x7fa0f7bf0200] __hipPushCallConfiguration: Returned hipSuccess : 
:3:hip_platform.cpp         :246 : 4393638303981 us: [pid:4174004 tid: 0x7fa0f7bf0200] [32m __hipPopCallConfiguration ( {37054546,32673,1024}, {2118224,0,2918783392}, 0x7fffadf916f0, 0x7fffadf916e8 ) [0m
:3:hip_platform.cpp         :255 : 4393638304486 us: [pid:4174004 tid: 0x7fa0f7bf0200] __hipPopCallConfiguration: Returned hipSuccess : 
:3:hip_module.cpp           :744 : 4393638304503 us: [pid:4174004 tid: 0x7fa0f7bf0200] [32m hipLaunchKernel ( 0x200fe8, {8,1,1}, {1024,1,1}, 0x7fffadf916a0, 0, stream:<null> ) [0m
:4:command.cpp              :359 : 4393638304527 us: [pid:4174004 tid: 0x7fa0f7bf0200] Command (KernelExecution) enqueued: 0x3c86b8b0
:3:rocvirtual.cpp           :762 : 4393638304535 us: [pid:4174004 tid: 0x7fa0f7bf0200] Arg0:   = ptr:0x7f9fc3200000
:3:rocvirtual.cpp           :778 : 4393638304542 us: [pid:4174004 tid: 0x7fa0f7bf0200] Arg0:   = ptr:0x7f9fc3200000 obj:[0x7f9fc3200000-0x7f9fc4f4c000]
:3:rocvirtual.cpp           :762 : 4393638304556 us: [pid:4174004 tid: 0x7fa0f7bf0200] Arg1:   = ptr:0x7f9fa0000000
:3:rocvirtual.cpp           :778 : 4393638304561 us: [pid:4174004 tid: 0x7fa0f7bf0200] Arg1:   = ptr:0x7f9fa0000000 obj:[0x7f9fa0000000-0x7f9fa0006000]
:3:rocvirtual.cpp           :762 : 4393638304568 us: [pid:4174004 tid: 0x7fa0f7bf0200] Arg2:   = ptr:0x7f9f9e000000
:3:rocvirtual.cpp           :778 : 4393638304573 us: [pid:4174004 tid: 0x7fa0f7bf0200] Arg2:   = ptr:0x7f9f9e000000 obj:[0x7f9f9e000000-0x7f9f9fd4c000]
:3:rocvirtual.cpp           :853 : 4393638304580 us: [pid:4174004 tid: 0x7fa0f7bf0200] Arg3:   = val:768
:3:rocvirtual.cpp           :762 : 4393638304588 us: [pid:4174004 tid: 0x7fa0f7bf0200] Arg4:   = ptr:0x7f9fa0006000
:3:rocvirtual.cpp           :778 : 4393638304592 us: [pid:4174004 tid: 0x7fa0f7bf0200] Arg4:   = ptr:0x7f9fa0006000 obj:[0x7f9fa0006000-0x7f9fa0006024]
:3:rocvirtual.cpp           :3236: 4393638304600 us: [pid:4174004 tid: 0x7fa0f7bf0200] ShaderName : void dense_esuhm3<float>(float const*, float const*, float*, int, int const*)
:3:rocvirtual.cpp           :3449: 4393638304608 us: [pid:4174004 tid: 0x7fa0f7bf0200] KernargSegmentByteSize = 296 KernargSegmentAlignment = 128
:4:rocvirtual.cpp           :965 : 4393638305080 us: [pid:4174004 tid: 0x7fa0f7bf0200] SWq=0x7fa0ee95c000, HWq=0x7f9face00000, id=1, Dispatch Header = 0xb02 (type=2, barrier=1, acquire=1, release=1), setup=3, grid=[8192, 1, 1], workgroup=[1024, 1, 1], private_seg_size=140, group_seg_size=0, kernel_obj=0x7fa0ee921a00, kernarg_address=0x7f9facc00280, completion_signal=0x0, correlation_id=0, rptr=63, wptr=63
:3:hip_module.cpp           :745 : 4393638305108 us: [pid:4174004 tid: 0x7fa0f7bf0200] hipLaunchKernel: Returned hipSuccess : : duration: 605 us
:3:hip_device_runtime.cpp   :641 : 4393638305121 us: [pid:4174004 tid: 0x7fa0f7bf0200] [32m hipDeviceSynchronize (  ) [0m
:4:commandqueue.cpp         :161 : 4393638305129 us: [pid:4174004 tid: 0x7fa0f7bf0200] Marker queued to ensure finish
:4:command.cpp              :359 : 4393638305135 us: [pid:4174004 tid: 0x7fa0f7bf0200] Command (InternalMarker) enqueued: 0x3cf38cb0
:3:rocvirtual.cpp           :533 : 4393638305162 us: [pid:4174004 tid: 0x7fa0f7bf0200] Set Handler: handle(0x7fa0ee7fc100), timestamp(0x3ce931d0)
:4:rocvirtual.cpp           :1147: 4393638305750 us: [pid:4174004 tid: 0x7fa0f7bf0200] SWq=0x7fa0ee95c000, HWq=0x7f9face00000, id=1, BarrierAND Header = 0x1503 (type=3, barrier=1, acquire=2, release=2), dep_signal=[0x0, 0x0, 0x0, 0x0, 0x0], completion_signal=0x7fa0ee7fc100
:4:commandqueue.cpp         :184 : 4393638305762 us: [pid:4174004 tid: 0x7fa0f7bf0200] All commands finished
:3:hip_device_runtime.cpp   :645 : 4393638305769 us: [pid:4174004 tid: 0x7fa0f7bf0200] hipDeviceSynchronize: Returned hipSuccess : 
:3:rocvirtual.cpp           :226 : 4393638305777 us: [pid:4174004 tid: 0x7f9fbf3ff6c0] Handler: value(0), timestamp(0x3d02f040), handle(0x7fa0ee7fc100)
:3:hip_memory.cpp           :795 : 4393638305787 us: [pid:4174004 tid: 0x7fa0f7bf0200] [32m hipMemcpy ( 0x7fa0f06b2010, 0x7f9f9e000000, 30720000, hipMemcpyDeviceToHost ) [0m
:4:command.cpp              :169 : 4393638305788 us: [pid:4174004 tid: 0x7f9fbf3ff6c0] Command 0x3c86b8b0 complete
:4:command.cpp              :359 : 4393638305808 us: [pid:4174004 tid: 0x7fa0f7bf0200] Command (CopyDeviceToHost) enqueued: 0x3ce0b050
:4:rocblit.cpp              :1673: 4393638305821 us: [pid:4174004 tid: 0x7fa0f7bf0200] Unpinned read path, Async = 0
:4:command.cpp              :163 : 4393638305811 us: [pid:4174004 tid: 0x7f9fbf3ff6c0] Command 0x3cf38cb0 complete (Wall: 4393638305809, CPU: 0, GPU: 665 us)
:4:rocmemory.cpp            :1018: 4393638305845 us: [pid:4174004 tid: 0x7fa0f7bf0200] Locking to pool 0x3c6dded0, size 0x1d4d000, HostPtr = 0x7fa0f06b2000, DevPtr = 0x7fa0f06b2000
:4:rocblit.cpp              :623 : 4393638305854 us: [pid:4174004 tid: 0x7fa0f7bf0200] HSA Copy Using Pinned resource size 30720000
:4:rocblit.cpp              :687 : 4393638305861 us: [pid:4174004 tid: 0x7fa0f7bf0200] HSA Async Copy staged D2H
:4:rocblit.cpp              :503 : 4393638305868 us: [pid:4174004 tid: 0x7fa0f7bf0200] Last copy mask 0x0
:4:rocblit.cpp              :509 : 4393638305876 us: [pid:4174004 tid: 0x7fa0f7bf0200] Query copy engine status 0, free_engine mask 0x1e
:4:rocblit.cpp              :520 : 4393638305886 us: [pid:4174004 tid: 0x7fa0f7bf0200] HSA Async Copy on copy_engine=0x2, dst=0x7fa0f06b2010, src=0x7f9f9e000000, size=30720000, forceSDMA=0, wait_event=0x0, completion_signal=0x7fa0ee7fdd80
:4:rocvirtual.cpp           :622 : 4393638306429 us: [pid:4174004 tid: 0x7fa0f7bf0200] Host wait on completion_signal=0x7fa0ee7fdd80
:3:rocvirtual.hpp           :56  : 4393638306451 us: [pid:4174004 tid: 0x7fa0f7bf0200] Host active wait for Signal = (0x7fa0ee7fdd80) for -1 ns
:4:commandqueue.cpp         :161 : 4393638307530 us: [pid:4174004 tid: 0x7fa0f7bf0200] Marker queued to ensure finish
:4:command.cpp              :359 : 4393638307539 us: [pid:4174004 tid: 0x7fa0f7bf0200] Command (InternalMarker) enqueued: 0x3cf38cb0
:3:rocvirtual.cpp           :533 : 4393638307555 us: [pid:4174004 tid: 0x7fa0f7bf0200] Set Handler: handle(0x7fa0ee7fc080), timestamp(0x3d02f110)
:4:rocvirtual.cpp           :1147: 4393638307896 us: [pid:4174004 tid: 0x7fa0f7bf0200] SWq=0x7fa0ee95c000, HWq=0x7f9face00000, id=1, BarrierAND Header = 0x1503 (type=3, barrier=1, acquire=2, release=2), dep_signal=[0x0, 0x0, 0x0, 0x0, 0x0], completion_signal=0x7fa0ee7fc080
:4:commandqueue.cpp         :184 : 4393638307907 us: [pid:4174004 tid: 0x7fa0f7bf0200] All commands finished
:3:hip_memory.cpp           :796 : 4393638307913 us: [pid:4174004 tid: 0x7fa0f7bf0200] hipMemcpy: Returned hipSuccess : : duration: 2126 us
:3:rocvirtual.cpp           :226 : 4393638307919 us: [pid:4174004 tid: 0x7f9fbf3ff6c0] Handler: value(0), timestamp(0x3d02f040), handle(0x7fa0ee7fc080)
:4:command.cpp              :169 : 4393638307932 us: [pid:4174004 tid: 0x7f9fbf3ff6c0] Command 0x3ce0b050 complete
:4:command.cpp              :163 : 4393638307940 us: [pid:4174004 tid: 0x7f9fbf3ff6c0] Command 0x3cf38cb0 complete (Wall: 4393638307938, CPU: 0, GPU: 392 us)
:3:hip_memory.cpp           :772 : 4393638385196 us: [pid:4174004 tid: 0x7fa0f7bf0200] [32m hipFree ( 0x7f9fc3200000 ) [0m
:4:commandqueue.cpp         :167 : 4393638385220 us: [pid:4174004 tid: 0x7fa0f7bf0200] HW Event not ready, awaiting completion instead
:4:commandqueue.cpp         :184 : 4393638385233 us: [pid:4174004 tid: 0x7fa0f7bf0200] All commands finished
:4:rocdevice.cpp            :2388: 4393638385358 us: [pid:4174004 tid: 0x7fa0f7bf0200] Free hsa memory 0x7f9fc3200000
:3:rocdevice.cpp            :2411: 4393638385783 us: [pid:4174004 tid: 0x7fa0f7bf0200] Device=0x3c7d7500, freeMem_ = 0xffd2adfdc
:3:hip_memory.cpp           :774 : 4393638385795 us: [pid:4174004 tid: 0x7fa0f7bf0200] hipFree: Returned hipSuccess : 
:3:hip_memory.cpp           :772 : 4393638385801 us: [pid:4174004 tid: 0x7fa0f7bf0200] [32m hipFree ( 0x7f9fa0000000 ) [0m
:4:rocdevice.cpp            :2388: 4393638385819 us: [pid:4174004 tid: 0x7fa0f7bf0200] Free hsa memory 0x7f9fa0000000
:3:rocdevice.cpp            :2411: 4393638385826 us: [pid:4174004 tid: 0x7fa0f7bf0200] Device=0x3c7d7500, freeMem_ = 0xffd2b3fdc
:3:hip_memory.cpp           :774 : 4393638385836 us: [pid:4174004 tid: 0x7fa0f7bf0200] hipFree: Returned hipSuccess : 
:3:hip_memory.cpp           :772 : 4393638385844 us: [pid:4174004 tid: 0x7fa0f7bf0200] [32m hipFree ( 0x7f9f9e000000 ) [0m
:4:rocdevice.cpp            :2388: 4393638385896 us: [pid:4174004 tid: 0x7fa0f7bf0200] Free hsa memory 0x7f9f9e000000
:3:rocdevice.cpp            :2411: 4393638385902 us: [pid:4174004 tid: 0x7fa0f7bf0200] Device=0x3c7d7500, freeMem_ = 0xffeffffdc
:3:hip_memory.cpp           :774 : 4393638385941 us: [pid:4174004 tid: 0x7fa0f7bf0200] hipFree: Returned hipSuccess : 
:3:hip_memory.cpp           :772 : 4393638386373 us: [pid:4174004 tid: 0x7fa0f7bf0200] [32m hipFree ( 0x7f9fa0006000 ) [0m
:4:rocdevice.cpp            :2388: 4393638386381 us: [pid:4174004 tid: 0x7fa0f7bf0200] Free hsa memory 0x7f9fa0006000
:3:rocdevice.cpp            :2411: 4393638386385 us: [pid:4174004 tid: 0x7fa0f7bf0200] Device=0x3c7d7500, freeMem_ = 0xfff000000
:3:hip_memory.cpp           :774 : 4393638386395 us: [pid:4174004 tid: 0x7fa0f7bf0200] hipFree: Returned hipSuccess : 
:3:hip_memory.cpp           :756 : 4393641706548 us: [pid:4174004 tid: 0x7fa0f7bf0200] [32m hipMalloc ( 0x7fffadf918d0, 81920000 ) [0m
:4:rocdevice.cpp            :2371: 4393641706718 us: [pid:4174004 tid: 0x7fa0f7bf0200] Allocate hsa device memory 0x7f9f7a000000, size 0x4e20000, hsa_mem_flags 0x0h
:3:rocdevice.cpp            :2411: 4393641706732 us: [pid:4174004 tid: 0x7fa0f7bf0200] Device=0x3c7d7500, freeMem_ = 0xffa1e0000
:3:hip_memory.cpp           :758 : 4393641747323 us: [pid:4174004 tid: 0x7fa0f7bf0200] hipMalloc: Returned hipSuccess : 0x7f9f7a000000: duration: 40775 us
:3:hip_memory.cpp           :795 : 4393641747344 us: [pid:4174004 tid: 0x7fa0f7bf0200] [32m hipMemcpy ( 0x7f9f7a000000, 0x7fa0f2dc5010, 81920000, hipMemcpyHostToDevice ) [0m
:4:command.cpp              :359 : 4393641747368 us: [pid:4174004 tid: 0x7fa0f7bf0200] Command (CopyHostToDevice) enqueued: 0x3c86b8b0
:4:rocblit.cpp              :1803: 4393641747384 us: [pid:4174004 tid: 0x7fa0f7bf0200] Unpinned write path, Async = 0
:4:rocmemory.cpp            :1018: 4393641748549 us: [pid:4174004 tid: 0x7fa0f7bf0200] Locking to pool 0x3c6dded0, size 0x2001000, HostPtr = 0x7fa0f2dc5000, DevPtr = 0x7fa0f2dc5000
:4:rocblit.cpp              :623 : 4393641748574 us: [pid:4174004 tid: 0x7fa0f7bf0200] HSA Copy Using Pinned resource size 33554432
:4:rocblit.cpp              :680 : 4393641748585 us: [pid:4174004 tid: 0x7fa0f7bf0200] HSA Async Copy staged H2D
:4:rocblit.cpp              :503 : 4393641748595 us: [pid:4174004 tid: 0x7fa0f7bf0200] Last copy mask 0x0
:4:rocblit.cpp              :509 : 4393641748605 us: [pid:4174004 tid: 0x7fa0f7bf0200] Query copy engine status 0, free_engine mask 0x1f
:4:rocblit.cpp              :520 : 4393641748615 us: [pid:4174004 tid: 0x7fa0f7bf0200] HSA Async Copy on copy_engine=0x1, dst=0x7f9f7a000000, src=0x7fa0f2dc5010, size=33554432, forceSDMA=0, wait_event=0x0, completion_signal=0x7fa0ee7fdc80
:4:rocvirtual.cpp           :622 : 4393641748630 us: [pid:4174004 tid: 0x7fa0f7bf0200] Host wait on completion_signal=0x7fa0ee7fdc80
:3:rocvirtual.hpp           :56  : 4393641748641 us: [pid:4174004 tid: 0x7fa0f7bf0200] Host active wait for Signal = (0x7fa0ee7fdc80) for -1 ns
:4:rocmemory.cpp            :1018: 4393641750963 us: [pid:4174004 tid: 0x7fa0f7bf0200] Locking to pool 0x3c6dded0, size 0x2001000, HostPtr = 0x7fa0f4dc5000, DevPtr = 0x7fa0f4dc5000
:4:rocblit.cpp              :623 : 4393641750991 us: [pid:4174004 tid: 0x7fa0f7bf0200] HSA Copy Using Pinned resource size 33554432
:4:rocblit.cpp              :680 : 4393641751002 us: [pid:4174004 tid: 0x7fa0f7bf0200] HSA Async Copy staged H2D
:4:rocblit.cpp              :503 : 4393641751010 us: [pid:4174004 tid: 0x7fa0f7bf0200] Last copy mask 0x1
:4:rocblit.cpp              :520 : 4393641751017 us: [pid:4174004 tid: 0x7fa0f7bf0200] HSA Async Copy on copy_engine=0x1, dst=0x7f9f7c000000, src=0x7fa0f4dc5010, size=33554432, forceSDMA=0, wait_event=0x0, completion_signal=0x7fa0ee7fdc00
:4:rocvirtual.cpp           :622 : 4393641751031 us: [pid:4174004 tid: 0x7fa0f7bf0200] Host wait on completion_signal=0x7fa0ee7fdc00
:3:rocvirtual.hpp           :56  : 4393641751041 us: [pid:4174004 tid: 0x7fa0f7bf0200] Host active wait for Signal = (0x7fa0ee7fdc00) for -1 ns
:4:rocmemory.cpp            :1018: 4393641752742 us: [pid:4174004 tid: 0x7fa0f7bf0200] Locking to pool 0x3c6dded0, size 0xe21000, HostPtr = 0x7fa0f6dc5000, DevPtr = 0x7fa0f6dc5000
:4:rocblit.cpp              :623 : 4393641752774 us: [pid:4174004 tid: 0x7fa0f7bf0200] HSA Copy Using Pinned resource size 14811136
:4:rocblit.cpp              :680 : 4393641752795 us: [pid:4174004 tid: 0x7fa0f7bf0200] HSA Async Copy staged H2D
:4:rocblit.cpp              :503 : 4393641752803 us: [pid:4174004 tid: 0x7fa0f7bf0200] Last copy mask 0x1
:4:rocblit.cpp              :520 : 4393641752810 us: [pid:4174004 tid: 0x7fa0f7bf0200] HSA Async Copy on copy_engine=0x1, dst=0x7f9f7e000000, src=0x7fa0f6dc5010, size=14811136, forceSDMA=0, wait_event=0x0, completion_signal=0x7fa0ee7fdb80
:4:rocvirtual.cpp           :622 : 4393641752824 us: [pid:4174004 tid: 0x7fa0f7bf0200] Host wait on completion_signal=0x7fa0ee7fdb80
:3:rocvirtual.hpp           :56  : 4393641752834 us: [pid:4174004 tid: 0x7fa0f7bf0200] Host active wait for Signal = (0x7fa0ee7fdb80) for -1 ns
:4:commandqueue.cpp         :161 : 4393641753387 us: [pid:4174004 tid: 0x7fa0f7bf0200] Marker queued to ensure finish
:4:command.cpp              :359 : 4393641753533 us: [pid:4174004 tid: 0x7fa0f7bf0200] Command (InternalMarker) enqueued: 0x3cf38cb0
:3:rocvirtual.cpp           :533 : 4393641753571 us: [pid:4174004 tid: 0x7fa0f7bf0200] Set Handler: handle(0x7fa0ee7fc000), timestamp(0x3cf6e890)
:4:rocvirtual.cpp           :1147: 4393641753585 us: [pid:4174004 tid: 0x7fa0f7bf0200] SWq=0x7fa0ee95c000, HWq=0x7f9face00000, id=1, BarrierAND Header = 0x1503 (type=3, barrier=1, acquire=2, release=2), dep_signal=[0x0, 0x0, 0x0, 0x0, 0x0], completion_signal=0x7fa0ee7fc000
:4:commandqueue.cpp         :184 : 4393641753601 us: [pid:4174004 tid: 0x7fa0f7bf0200] All commands finished
:3:hip_memory.cpp           :796 : 4393641753609 us: [pid:4174004 tid: 0x7fa0f7bf0200] hipMemcpy: Returned hipSuccess : : duration: 6265 us
:3:rocvirtual.cpp           :226 : 4393641753610 us: [pid:4174004 tid: 0x7f9fbf3ff6c0] Handler: value(0), timestamp(0x3cf6d070), handle(0x7fa0ee7fc000)
:3:hip_memory.cpp           :756 : 4393641753633 us: [pid:4174004 tid: 0x7fa0f7bf0200] [32m hipMalloc ( 0x7fffadf918c8, 65536 ) [0m
:4:command.cpp              :169 : 4393641754147 us: [pid:4174004 tid: 0x7f9fbf3ff6c0] Command 0x3c86b8b0 complete
:4:rocdevice.cpp            :2371: 4393641754177 us: [pid:4174004 tid: 0x7fa0f7bf0200] Allocate hsa device memory 0x7f9fa0027000, size 0x10000, hsa_mem_flags 0x0h
:4:command.cpp              :163 : 4393641754179 us: [pid:4174004 tid: 0x7f9fbf3ff6c0] Command 0x3cf38cb0 complete (Wall: 4393641754177, CPU: 0, GPU: 628 us)
:3:rocdevice.cpp            :2411: 4393641754568 us: [pid:4174004 tid: 0x7fa0f7bf0200] Device=0x3c7d7500, freeMem_ = 0xffa1d0000
:3:hip_memory.cpp           :758 : 4393641754611 us: [pid:4174004 tid: 0x7fa0f7bf0200] hipMalloc: Returned hipSuccess : 0x7f9fa0027000: duration: 978 us
:3:hip_memory.cpp           :795 : 4393641754628 us: [pid:4174004 tid: 0x7fa0f7bf0200] [32m hipMemcpy ( 0x7f9fa0027000, 0x3cea1f00, 65536, hipMemcpyHostToDevice ) [0m
:4:command.cpp              :359 : 4393641754647 us: [pid:4174004 tid: 0x7fa0f7bf0200] Command (CopyHostToDevice) enqueued: 0x3ce0b050
:4:rocblit.cpp              :1803: 4393641754661 us: [pid:4174004 tid: 0x7fa0f7bf0200] Unpinned write path, Async = 0
:4:rocblit.cpp              :633 : 4393641755826 us: [pid:4174004 tid: 0x7fa0f7bf0200] HSA Copy Using Staging resource size 65536
:4:rocblit.cpp              :680 : 4393641755845 us: [pid:4174004 tid: 0x7fa0f7bf0200] HSA Async Copy staged H2D
:4:rocblit.cpp              :503 : 4393641755856 us: [pid:4174004 tid: 0x7fa0f7bf0200] Last copy mask 0x0
:4:rocblit.cpp              :509 : 4393641755865 us: [pid:4174004 tid: 0x7fa0f7bf0200] Query copy engine status 0, free_engine mask 0x1f
:4:rocblit.cpp              :520 : 4393641755877 us: [pid:4174004 tid: 0x7fa0f7bf0200] HSA Async Copy on copy_engine=0x1, dst=0x7f9fa0027000, src=0x7f9fac606100, size=65536, forceSDMA=0, wait_event=0x0, completion_signal=0x7fa0ee7fda80
:4:commandqueue.cpp         :161 : 4393641755891 us: [pid:4174004 tid: 0x7fa0f7bf0200] Marker queued to ensure finish
:4:command.cpp              :359 : 4393641755898 us: [pid:4174004 tid: 0x7fa0f7bf0200] Command (InternalMarker) enqueued: 0x3cf38cb0
:3:rocvirtual.cpp           :533 : 4393641755931 us: [pid:4174004 tid: 0x7fa0f7bf0200] Set Handler: handle(0x7fa0ee7fbf80), timestamp(0x3d02ef50)
:4:rocvirtual.cpp           :1147: 4393641756525 us: [pid:4174004 tid: 0x7fa0f7bf0200] SWq=0x7fa0ee95c000, HWq=0x7f9face00000, id=1, BarrierAND Header = 0x1503 (type=3, barrier=1, acquire=2, release=2), dep_signal=[0x0, 0x0, 0x0, 0x0, 0x0], completion_signal=0x7fa0ee7fbf80
:4:commandqueue.cpp         :184 : 4393641756540 us: [pid:4174004 tid: 0x7fa0f7bf0200] All commands finished
:3:hip_memory.cpp           :796 : 4393641756547 us: [pid:4174004 tid: 0x7fa0f7bf0200] hipMemcpy: Returned hipSuccess : : duration: 1919 us
:3:rocvirtual.cpp           :226 : 4393641756555 us: [pid:4174004 tid: 0x7f9fbf3ff6c0] Handler: value(0), timestamp(0x3c7ddb30), handle(0x7fa0ee7fbf80)
:4:command.cpp              :169 : 4393641756576 us: [pid:4174004 tid: 0x7f9fbf3ff6c0] Command 0x3ce0b050 complete
:4:command.cpp              :163 : 4393641756587 us: [pid:4174004 tid: 0x7f9fbf3ff6c0] Command 0x3cf38cb0 complete (Wall: 4393641756586, CPU: 0, GPU: 678 us)
:3:hip_memory.cpp           :756 : 4393641756564 us: [pid:4174004 tid: 0x7fa0f7bf0200] [32m hipMalloc ( 0x7fffadf918c0, 81920000 ) [0m
:4:rocdevice.cpp            :2371: 4393641756743 us: [pid:4174004 tid: 0x7fa0f7bf0200] Allocate hsa device memory 0x7f9f74e00000, size 0x4e20000, hsa_mem_flags 0x0h
:3:rocdevice.cpp            :2411: 4393641757060 us: [pid:4174004 tid: 0x7fa0f7bf0200] Device=0x3c7d7500, freeMem_ = 0xff53b0000
:3:hip_memory.cpp           :758 : 4393641757075 us: [pid:4174004 tid: 0x7fa0f7bf0200] hipMalloc: Returned hipSuccess : 0x7f9f74e00000: duration: 511 us
:3:hip_memory.cpp           :756 : 4393641757091 us: [pid:4174004 tid: 0x7fa0f7bf0200] [32m hipMalloc ( 0x7fffadf918b8, 36 ) [0m
:4:rocdevice.cpp            :2371: 4393641757108 us: [pid:4174004 tid: 0x7fa0f7bf0200] Allocate hsa device memory 0x7f9fa0000000, size 0x24, hsa_mem_flags 0x0h
:3:rocdevice.cpp            :2411: 4393641757119 us: [pid:4174004 tid: 0x7fa0f7bf0200] Device=0x3c7d7500, freeMem_ = 0xff53affdc
:3:hip_memory.cpp           :758 : 4393641757131 us: [pid:4174004 tid: 0x7fa0f7bf0200] hipMalloc: Returned hipSuccess : 0x7f9fa0000000: duration: 40 us
:3:hip_memory.cpp           :795 : 4393641757145 us: [pid:4174004 tid: 0x7fa0f7bf0200] [32m hipMemcpy ( 0x7f9fa0000000, 0x3d00af50, 36, hipMemcpyHostToDevice ) [0m
:4:command.cpp              :359 : 4393641757161 us: [pid:4174004 tid: 0x7fa0f7bf0200] Command (CopyHostToDevice) enqueued: 0x3ce932e0
:4:rocblit.cpp              :1803: 4393641757555 us: [pid:4174004 tid: 0x7fa0f7bf0200] Unpinned write path, Async = 0
:4:rocblit.cpp              :1832: 4393641757562 us: [pid:4174004 tid: 0x7fa0f7bf0200] memcpy stg buf=0x7f9fac616100, host src=0x3d00af50, size=36
:4:rocblit.cpp              :1835: 4393641758111 us: [pid:4174004 tid: 0x7fa0f7bf0200] Blit staging H2D copy dst=0x7f9fa0000000, stg buf=0x7f9fac616100, dstOrigin=0x0, size=36
:3:rocvirtual.cpp           :762 : 4393641758125 us: [pid:4174004 tid: 0x7fa0f7bf0200] Arg0: uchar* src = ptr:0x7f9fac616100
:3:rocvirtual.cpp           :762 : 4393641758132 us: [pid:4174004 tid: 0x7fa0f7bf0200] Arg1: uchar* dst = ptr:0x7f9fa0000000
:3:rocvirtual.cpp           :853 : 4393641758139 us: [pid:4174004 tid: 0x7fa0f7bf0200] Arg2: ulong size = val:36
:3:rocvirtual.cpp           :853 : 4393641758146 us: [pid:4174004 tid: 0x7fa0f7bf0200] Arg3: uint remainder = val:4
:3:rocvirtual.cpp           :853 : 4393641758160 us: [pid:4174004 tid: 0x7fa0f7bf0200] Arg4: uint aligned_size = val:16
:3:rocvirtual.cpp           :853 : 4393641758170 us: [pid:4174004 tid: 0x7fa0f7bf0200] Arg5: ulong end_ptr = val:140323560882208
:3:rocvirtual.cpp           :853 : 4393641758183 us: [pid:4174004 tid: 0x7fa0f7bf0200] Arg6: uint next_chunk = val:512
:3:rocvirtual.cpp           :3236: 4393641758190 us: [pid:4174004 tid: 0x7fa0f7bf0200] ShaderName : __amd_rocclr_copyBuffer
:3:rocvirtual.cpp           :3449: 4393641758198 us: [pid:4174004 tid: 0x7fa0f7bf0200] KernargSegmentByteSize = 304 KernargSegmentAlignment = 128
:4:rocvirtual.cpp           :965 : 4393641758210 us: [pid:4174004 tid: 0x7fa0f7bf0200] SWq=0x7fa0ee95c000, HWq=0x7f9face00000, id=1, Dispatch Header = 0x1502 (type=2, barrier=1, acquire=2, release=2), setup=1, grid=[512, 1, 1], workgroup=[512, 1, 1], private_seg_size=0, group_seg_size=0, kernel_obj=0x7fa0ee94ddc0, kernarg_address=0x7f9facc00000, completion_signal=0x0, correlation_id=0, rptr=68, wptr=68
:4:commandqueue.cpp         :161 : 4393641758722 us: [pid:4174004 tid: 0x7fa0f7bf0200] Marker queued to ensure finish
:4:command.cpp              :359 : 4393641758730 us: [pid:4174004 tid: 0x7fa0f7bf0200] Command (InternalMarker) enqueued: 0x3cf38cb0
:3:rocvirtual.cpp           :533 : 4393641759130 us: [pid:4174004 tid: 0x7fa0f7bf0200] Set Handler: handle(0x7fa0ee7fbf00), timestamp(0x3ce935d0)
:4:rocvirtual.cpp           :1147: 4393641759144 us: [pid:4174004 tid: 0x7fa0f7bf0200] SWq=0x7fa0ee95c000, HWq=0x7f9face00000, id=1, BarrierAND Header = 0x1503 (type=3, barrier=1, acquire=2, release=2), dep_signal=[0x0, 0x0, 0x0, 0x0, 0x0], completion_signal=0x7fa0ee7fbf00
:4:commandqueue.cpp         :184 : 4393641759169 us: [pid:4174004 tid: 0x7fa0f7bf0200] All commands finished
:3:hip_memory.cpp           :796 : 4393641759178 us: [pid:4174004 tid: 0x7fa0f7bf0200] hipMemcpy: Returned hipSuccess : : duration: 2033 us
:3:rocvirtual.cpp           :226 : 4393641759161 us: [pid:4174004 tid: 0x7f9fbf3ff6c0] Handler: value(0), timestamp(0x3ce93520), handle(0x7fa0ee7fbf00)
:4:command.cpp              :169 : 4393641759213 us: [pid:4174004 tid: 0x7f9fbf3ff6c0] Command 0x3ce932e0 complete
:3:hip_memory.cpp           :3476: 4393641759195 us: [pid:4174004 tid: 0x7fa0f7bf0200] [32m hipMemset ( 0x7f9f74e00000, 0, 81920000 ) [0m
:4:command.cpp              :163 : 4393641759623 us: [pid:4174004 tid: 0x7f9fbf3ff6c0] Command 0x3cf38cb0 complete (Wall: 4393641759621, CPU: 0, GPU: 510 us)
:4:command.cpp              :359 : 4393641759645 us: [pid:4174004 tid: 0x7fa0f7bf0200] Command (FillBuffer) enqueued: 0x3ce93700
:3:rocvirtual.cpp           :762 : 4393641759683 us: [pid:4174004 tid: 0x7fa0f7bf0200] Arg0: void* buf = ptr:0x7f9f74e00000
:3:rocvirtual.cpp           :778 : 4393641759690 us: [pid:4174004 tid: 0x7fa0f7bf0200] Arg0: void* buf = ptr:0x7f9f74e00000 obj:[0x7f9f74e00000-0x7f9f79c20000]
:3:rocvirtual.cpp           :762 : 4393641759700 us: [pid:4174004 tid: 0x7fa0f7bf0200] Arg1: uchar* pattern = ptr:0x7f9facc00200
:3:rocvirtual.cpp           :853 : 4393641759710 us: [pid:4174004 tid: 0x7fa0f7bf0200] Arg2: uint pattern_size = val:1
:3:rocvirtual.cpp           :853 : 4393641759716 us: [pid:4174004 tid: 0x7fa0f7bf0200] Arg3: uint alignment = val:16
:3:rocvirtual.cpp           :853 : 4393641759724 us: [pid:4174004 tid: 0x7fa0f7bf0200] Arg4: ulong end_ptr = val:140322919284736
:3:rocvirtual.cpp           :853 : 4393641760202 us: [pid:4174004 tid: 0x7fa0f7bf0200] Arg5: uint next_chunk = val:26624
:3:rocvirtual.cpp           :3236: 4393641760209 us: [pid:4174004 tid: 0x7fa0f7bf0200] ShaderName : __amd_rocclr_fillBufferAligned
:3:rocvirtual.cpp           :3449: 4393641760221 us: [pid:4174004 tid: 0x7fa0f7bf0200] KernargSegmentByteSize = 296 KernargSegmentAlignment = 128
:4:rocvirtual.cpp           :965 : 4393641760233 us: [pid:4174004 tid: 0x7fa0f7bf0200] SWq=0x7fa0ee95c000, HWq=0x7f9face00000, id=1, Dispatch Header = 0xb02 (type=2, barrier=1, acquire=1, release=1), setup=1, grid=[26624, 1, 1], workgroup=[256, 1, 1], private_seg_size=0, group_seg_size=0, kernel_obj=0x7fa0ee94dd40, kernarg_address=0x7f9facc00300, completion_signal=0x0, correlation_id=0, rptr=70, wptr=70
:3:hip_memory.cpp           :3477: 4393641760815 us: [pid:4174004 tid: 0x7fa0f7bf0200] hipMemset: Returned hipSuccess : 
:3:hip_device_runtime.cpp   :641 : 4393641760824 us: [pid:4174004 tid: 0x7fa0f7bf0200] [32m hipDeviceSynchronize (  ) [0m
:4:commandqueue.cpp         :161 : 4393641760838 us: [pid:4174004 tid: 0x7fa0f7bf0200] Marker queued to ensure finish
:4:command.cpp              :359 : 4393641760846 us: [pid:4174004 tid: 0x7fa0f7bf0200] Command (InternalMarker) enqueued: 0x3cf38cb0
:3:rocvirtual.cpp           :533 : 4393641760868 us: [pid:4174004 tid: 0x7fa0f7bf0200] Set Handler: handle(0x7fa0ee7fbe80), timestamp(0x3ce932e0)
:4:rocvirtual.cpp           :1147: 4393641760880 us: [pid:4174004 tid: 0x7fa0f7bf0200] SWq=0x7fa0ee95c000, HWq=0x7f9face00000, id=1, BarrierAND Header = 0x1503 (type=3, barrier=1, acquire=2, release=2), dep_signal=[0x0, 0x0, 0x0, 0x0, 0x0], completion_signal=0x7fa0ee7fbe80
:3:rocvirtual.hpp           :56  : 4393641760894 us: [pid:4174004 tid: 0x7fa0f7bf0200] Host active wait for Signal = (0x7fa0ee7fbe80) for -1 ns
:4:commandqueue.cpp         :184 : 4393641760905 us: [pid:4174004 tid: 0x7fa0f7bf0200] All commands finished
:3:rocvirtual.cpp           :226 : 4393641760913 us: [pid:4174004 tid: 0x7f9fbf3ff6c0] Handler: value(0), timestamp(0x3ce93920), handle(0x7fa0ee7fbe80)
:4:command.cpp              :169 : 4393641761286 us: [pid:4174004 tid: 0x7f9fbf3ff6c0] Command 0x3ce93700 complete
:4:command.cpp              :163 : 4393641761302 us: [pid:4174004 tid: 0x7f9fbf3ff6c0] Command 0x3cf38cb0 complete (Wall: 4393641761301, CPU: 0, GPU: 445 us)
:3:hip_device_runtime.cpp   :645 : 4393641760914 us: [pid:4174004 tid: 0x7fa0f7bf0200] hipDeviceSynchronize: Returned hipSuccess : 
:3:hip_platform.cpp         :237 : 4393641761339 us: [pid:4174004 tid: 0x7fa0f7bf0200] [32m __hipPushCallConfiguration ( {8,1,1}, {128,1,1}, 0, stream:<null> ) [0m
:3:hip_platform.cpp         :241 : 4393641761352 us: [pid:4174004 tid: 0x7fa0f7bf0200] __hipPushCallConfiguration: Returned hipSuccess : 
:3:hip_platform.cpp         :246 : 4393641761366 us: [pid:4174004 tid: 0x7fa0f7bf0200] [32m __hipPopCallConfiguration ( {37054546,32673,128}, {2118224,0,2918783392}, 0x7fffadf916f0, 0x7fffadf916e8 ) [0m
:3:hip_platform.cpp         :255 : 4393641761377 us: [pid:4174004 tid: 0x7fa0f7bf0200] __hipPopCallConfiguration: Returned hipSuccess : 
:3:hip_module.cpp           :744 : 4393641761393 us: [pid:4174004 tid: 0x7fa0f7bf0200] [32m hipLaunchKernel ( 0x200fd8, {8,1,1}, {128,1,1}, 0x7fffadf916a0, 0, stream:<null> ) [0m
:4:command.cpp              :359 : 4393641761849 us: [pid:4174004 tid: 0x7fa0f7bf0200] Command (KernelExecution) enqueued: 0x3cd9a9d0
:3:rocvirtual.cpp           :762 : 4393641761863 us: [pid:4174004 tid: 0x7fa0f7bf0200] Arg0:   = ptr:0x7f9f7a000000
:3:rocvirtual.cpp           :778 : 4393641761871 us: [pid:4174004 tid: 0x7fa0f7bf0200] Arg0:   = ptr:0x7f9f7a000000 obj:[0x7f9f7a000000-0x7f9f7ee20000]
:3:rocvirtual.cpp           :762 : 4393641761881 us: [pid:4174004 tid: 0x7fa0f7bf0200] Arg1:   = ptr:0x7f9fa0027000
:3:rocvirtual.cpp           :778 : 4393641761889 us: [pid:4174004 tid: 0x7fa0f7bf0200] Arg1:   = ptr:0x7f9fa0027000 obj:[0x7f9fa0027000-0x7f9fa0037000]
:3:rocvirtual.cpp           :762 : 4393641761899 us: [pid:4174004 tid: 0x7fa0f7bf0200] Arg2:   = ptr:0x7f9f74e00000
:3:rocvirtual.cpp           :778 : 4393641761905 us: [pid:4174004 tid: 0x7fa0f7bf0200] Arg2:   = ptr:0x7f9f74e00000 obj:[0x7f9f74e00000-0x7f9f79c20000]
:3:rocvirtual.cpp           :853 : 4393641761915 us: [pid:4174004 tid: 0x7fa0f7bf0200] Arg3:   = val:2048
:3:rocvirtual.cpp           :762 : 4393641761922 us: [pid:4174004 tid: 0x7fa0f7bf0200] Arg4:   = ptr:0x7f9fa0000000
:3:rocvirtual.cpp           :778 : 4393641761928 us: [pid:4174004 tid: 0x7fa0f7bf0200] Arg4:   = ptr:0x7f9fa0000000 obj:[0x7f9fa0000000-0x7f9fa0000024]
:3:rocvirtual.cpp           :3236: 4393641761939 us: [pid:4174004 tid: 0x7fa0f7bf0200] ShaderName : void dense_esuhm<float>(float const*, float const*, float*, int, int const*)
:3:rocvirtual.cpp           :3449: 4393641762283 us: [pid:4174004 tid: 0x7fa0f7bf0200] KernargSegmentByteSize = 296 KernargSegmentAlignment = 128
:4:rocvirtual.cpp           :965 : 4393641762298 us: [pid:4174004 tid: 0x7fa0f7bf0200] SWq=0x7fa0ee95c000, HWq=0x7f9face00000, id=1, Dispatch Header = 0xb02 (type=2, barrier=1, acquire=1, release=1), setup=3, grid=[1024, 1, 1], workgroup=[128, 1, 1], private_seg_size=140, group_seg_size=0, kernel_obj=0x7fa0ee921980, kernarg_address=0x7f9facc00480, completion_signal=0x0, correlation_id=0, rptr=72, wptr=72
:3:hip_module.cpp           :745 : 4393641762320 us: [pid:4174004 tid: 0x7fa0f7bf0200] hipLaunchKernel: Returned hipSuccess : : duration: 927 us
:3:hip_device_runtime.cpp   :641 : 4393641762332 us: [pid:4174004 tid: 0x7fa0f7bf0200] [32m hipDeviceSynchronize (  ) [0m
:4:commandqueue.cpp         :161 : 4393641762340 us: [pid:4174004 tid: 0x7fa0f7bf0200] Marker queued to ensure finish
:4:command.cpp              :359 : 4393641762346 us: [pid:4174004 tid: 0x7fa0f7bf0200] Command (InternalMarker) enqueued: 0x3cf38cb0
:3:rocvirtual.cpp           :533 : 4393641762369 us: [pid:4174004 tid: 0x7fa0f7bf0200] Set Handler: handle(0x7fa0ee7fbe00), timestamp(0x3cd9ad30)
:4:rocvirtual.cpp           :1147: 4393641762382 us: [pid:4174004 tid: 0x7fa0f7bf0200] SWq=0x7fa0ee95c000, HWq=0x7f9face00000, id=1, BarrierAND Header = 0x1503 (type=3, barrier=1, acquire=2, release=2), dep_signal=[0x0, 0x0, 0x0, 0x0, 0x0], completion_signal=0x7fa0ee7fbe00
:3:rocvirtual.cpp           :226 : 4393641762567 us: [pid:4174004 tid: 0x7f9fbf3ff6c0] Handler: value(0), timestamp(0x3cd9acc0), handle(0x7fa0ee7fbe00)
:4:command.cpp              :169 : 4393641762821 us: [pid:4174004 tid: 0x7f9fbf3ff6c0] Command 0x3cd9a9d0 complete
:4:command.cpp              :163 : 4393641762830 us: [pid:4174004 tid: 0x7f9fbf3ff6c0] Command 0x3cf38cb0 complete (Wall: 4393641762828, CPU: 0, GPU: 472 us)
:4:commandqueue.cpp         :184 : 4393641762806 us: [pid:4174004 tid: 0x7fa0f7bf0200] All commands finished
:3:hip_device_runtime.cpp   :645 : 4393641762851 us: [pid:4174004 tid: 0x7fa0f7bf0200] hipDeviceSynchronize: Returned hipSuccess : 
:3:hip_memory.cpp           :795 : 4393641762872 us: [pid:4174004 tid: 0x7fa0f7bf0200] [32m hipMemcpy ( 0x7f9f93bdf010, 0x7f9f74e00000, 81920000, hipMemcpyDeviceToHost ) [0m
:4:command.cpp              :359 : 4393641762890 us: [pid:4174004 tid: 0x7fa0f7bf0200] Command (CopyDeviceToHost) enqueued: 0x3cd9a9d0
:4:rocblit.cpp              :1673: 4393641762905 us: [pid:4174004 tid: 0x7fa0f7bf0200] Unpinned read path, Async = 0
:4:rocmemory.cpp            :1018: 4393641778225 us: [pid:4174004 tid: 0x7fa0f7bf0200] Locking to pool 0x3c6dded0, size 0x2001000, HostPtr = 0x7f9f93bdf000, DevPtr = 0x7f9f93bdf000
:4:rocblit.cpp              :623 : 4393641778256 us: [pid:4174004 tid: 0x7fa0f7bf0200] HSA Copy Using Pinned resource size 33554432
:4:rocblit.cpp              :687 : 4393641778267 us: [pid:4174004 tid: 0x7fa0f7bf0200] HSA Async Copy staged D2H
:4:rocblit.cpp              :503 : 4393641778276 us: [pid:4174004 tid: 0x7fa0f7bf0200] Last copy mask 0x0
:4:rocblit.cpp              :509 : 4393641778286 us: [pid:4174004 tid: 0x7fa0f7bf0200] Query copy engine status 0, free_engine mask 0x1e
:4:rocblit.cpp              :520 : 4393641778296 us: [pid:4174004 tid: 0x7fa0f7bf0200] HSA Async Copy on copy_engine=0x2, dst=0x7f9f93bdf010, src=0x7f9f74e00000, size=33554432, forceSDMA=0, wait_event=0x0, completion_signal=0x7fa0ee7ff800
:4:rocvirtual.cpp           :622 : 4393641778311 us: [pid:4174004 tid: 0x7fa0f7bf0200] Host wait on completion_signal=0x7fa0ee7ff800
:3:rocvirtual.hpp           :56  : 4393641778321 us: [pid:4174004 tid: 0x7fa0f7bf0200] Host active wait for Signal = (0x7fa0ee7ff800) for -1 ns
:4:rocmemory.cpp            :1018: 4393641792793 us: [pid:4174004 tid: 0x7fa0f7bf0200] Locking to pool 0x3c6dded0, size 0x2001000, HostPtr = 0x7f9f95bdf000, DevPtr = 0x7f9f95bdf000
:4:rocblit.cpp              :623 : 4393641792827 us: [pid:4174004 tid: 0x7fa0f7bf0200] HSA Copy Using Pinned resource size 33554432
:4:rocblit.cpp              :687 : 4393641792851 us: [pid:4174004 tid: 0x7fa0f7bf0200] HSA Async Copy staged D2H
:4:rocblit.cpp              :503 : 4393641792865 us: [pid:4174004 tid: 0x7fa0f7bf0200] Last copy mask 0x2
:4:rocblit.cpp              :520 : 4393641792874 us: [pid:4174004 tid: 0x7fa0f7bf0200] HSA Async Copy on copy_engine=0x2, dst=0x7f9f95bdf010, src=0x7f9f76e00000, size=33554432, forceSDMA=0, wait_event=0x0, completion_signal=0x7fa0ee7ff780
:4:rocvirtual.cpp           :622 : 4393641792889 us: [pid:4174004 tid: 0x7fa0f7bf0200] Host wait on completion_signal=0x7fa0ee7ff780
:3:rocvirtual.hpp           :56  : 4393641792900 us: [pid:4174004 tid: 0x7fa0f7bf0200] Host active wait for Signal = (0x7fa0ee7ff780) for -1 ns
:4:rocmemory.cpp            :1018: 4393641800508 us: [pid:4174004 tid: 0x7fa0f7bf0200] Locking to pool 0x3c6dded0, size 0xe21000, HostPtr = 0x7f9f97bdf000, DevPtr = 0x7f9f97bdf000
:4:rocblit.cpp              :623 : 4393641800541 us: [pid:4174004 tid: 0x7fa0f7bf0200] HSA Copy Using Pinned resource size 14811136
:4:rocblit.cpp              :687 : 4393641800551 us: [pid:4174004 tid: 0x7fa0f7bf0200] HSA Async Copy staged D2H
:4:rocblit.cpp              :503 : 4393641800561 us: [pid:4174004 tid: 0x7fa0f7bf0200] Last copy mask 0x2
:4:rocblit.cpp              :520 : 4393641800567 us: [pid:4174004 tid: 0x7fa0f7bf0200] HSA Async Copy on copy_engine=0x2, dst=0x7f9f97bdf010, src=0x7f9f78e00000, size=14811136, forceSDMA=0, wait_event=0x0, completion_signal=0x7fa0ee7fd880
:4:rocvirtual.cpp           :622 : 4393641800586 us: [pid:4174004 tid: 0x7fa0f7bf0200] Host wait on completion_signal=0x7fa0ee7fd880
:3:rocvirtual.hpp           :56  : 4393641800596 us: [pid:4174004 tid: 0x7fa0f7bf0200] Host active wait for Signal = (0x7fa0ee7fd880) for -1 ns
:4:commandqueue.cpp         :161 : 4393641801586 us: [pid:4174004 tid: 0x7fa0f7bf0200] Marker queued to ensure finish
:4:command.cpp              :359 : 4393641801600 us: [pid:4174004 tid: 0x7fa0f7bf0200] Command (InternalMarker) enqueued: 0x3cf38cb0
:3:rocvirtual.cpp           :533 : 4393641801626 us: [pid:4174004 tid: 0x7fa0f7bf0200] Set Handler: handle(0x7fa0ee7fd600), timestamp(0x3cf069a0)
:4:rocvirtual.cpp           :1147: 4393641801638 us: [pid:4174004 tid: 0x7fa0f7bf0200] SWq=0x7fa0ee95c000, HWq=0x7f9face00000, id=1, BarrierAND Header = 0x1503 (type=3, barrier=1, acquire=2, release=2), dep_signal=[0x0, 0x0, 0x0, 0x0, 0x0], completion_signal=0x7fa0ee7fd600
:4:commandqueue.cpp         :184 : 4393641801652 us: [pid:4174004 tid: 0x7fa0f7bf0200] All commands finished
:3:hip_memory.cpp           :796 : 4393641801660 us: [pid:4174004 tid: 0x7fa0f7bf0200] hipMemcpy: Returned hipSuccess : : duration: 38788 us
:3:rocvirtual.cpp           :226 : 4393641801662 us: [pid:4174004 tid: 0x7f9fbf3ff6c0] Handler: value(0), timestamp(0x3cd9acc0), handle(0x7fa0ee7fd600)
:4:command.cpp              :169 : 4393641801703 us: [pid:4174004 tid: 0x7f9fbf3ff6c0] Command 0x3cd9a9d0 complete
:4:command.cpp              :163 : 4393641801712 us: [pid:4174004 tid: 0x7f9fbf3ff6c0] Command 0x3cf38cb0 complete (Wall: 4393641801710, CPU: 0, GPU: 100 us)
:3:hip_memory.cpp           :3476: 4393641801681 us: [pid:4174004 tid: 0x7fa0f7bf0200] [32m hipMemset ( 0x7f9f74e00000, 0, 81920000 ) [0m
:4:command.cpp              :359 : 4393641801757 us: [pid:4174004 tid: 0x7fa0f7bf0200] Command (FillBuffer) enqueued: 0x3cd9a9d0
:3:rocvirtual.cpp           :762 : 4393641802381 us: [pid:4174004 tid: 0x7fa0f7bf0200] Arg0: void* buf = ptr:0x7f9f74e00000
:3:rocvirtual.cpp           :778 : 4393641802389 us: [pid:4174004 tid: 0x7fa0f7bf0200] Arg0: void* buf = ptr:0x7f9f74e00000 obj:[0x7f9f74e00000-0x7f9f79c20000]
:3:rocvirtual.cpp           :762 : 4393641802401 us: [pid:4174004 tid: 0x7fa0f7bf0200] Arg1: uchar* pattern = ptr:0x7f9facc00000
:3:rocvirtual.cpp           :853 : 4393641802412 us: [pid:4174004 tid: 0x7fa0f7bf0200] Arg2: uint pattern_size = val:1
:3:rocvirtual.cpp           :853 : 4393641802419 us: [pid:4174004 tid: 0x7fa0f7bf0200] Arg3: uint alignment = val:16
:3:rocvirtual.cpp           :853 : 4393641802426 us: [pid:4174004 tid: 0x7fa0f7bf0200] Arg4: ulong end_ptr = val:140322919284736
:3:rocvirtual.cpp           :853 : 4393641802437 us: [pid:4174004 tid: 0x7fa0f7bf0200] Arg5: uint next_chunk = val:26624
:3:rocvirtual.cpp           :3236: 4393641802445 us: [pid:4174004 tid: 0x7fa0f7bf0200] ShaderName : __amd_rocclr_fillBufferAligned
:3:rocvirtual.cpp           :3449: 4393641802458 us: [pid:4174004 tid: 0x7fa0f7bf0200] KernargSegmentByteSize = 296 KernargSegmentAlignment = 128
:4:rocvirtual.cpp           :965 : 4393641802890 us: [pid:4174004 tid: 0x7fa0f7bf0200] SWq=0x7fa0ee95c000, HWq=0x7f9face00000, id=1, Dispatch Header = 0x1502 (type=2, barrier=1, acquire=2, release=2), setup=1, grid=[26624, 1, 1], workgroup=[256, 1, 1], private_seg_size=0, group_seg_size=0, kernel_obj=0x7fa0ee94dd40, kernarg_address=0x7f9facc00100, completion_signal=0x0, correlation_id=0, rptr=75, wptr=75
:3:hip_memory.cpp           :3477: 4393641802911 us: [pid:4174004 tid: 0x7fa0f7bf0200] hipMemset: Returned hipSuccess : 
:3:hip_device_runtime.cpp   :641 : 4393641802919 us: [pid:4174004 tid: 0x7fa0f7bf0200] [32m hipDeviceSynchronize (  ) [0m
:4:commandqueue.cpp         :161 : 4393641802927 us: [pid:4174004 tid: 0x7fa0f7bf0200] Marker queued to ensure finish
:4:command.cpp              :359 : 4393641802933 us: [pid:4174004 tid: 0x7fa0f7bf0200] Command (InternalMarker) enqueued: 0x3cf38cb0
:3:rocvirtual.cpp           :533 : 4393641802953 us: [pid:4174004 tid: 0x7fa0f7bf0200] Set Handler: handle(0x7fa0ee7fd680), timestamp(0x3cf06890)
:4:rocvirtual.cpp           :1147: 4393641802968 us: [pid:4174004 tid: 0x7fa0f7bf0200] SWq=0x7fa0ee95c000, HWq=0x7f9face00000, id=1, BarrierAND Header = 0x1503 (type=3, barrier=1, acquire=2, release=2), dep_signal=[0x0, 0x0, 0x0, 0x0, 0x0], completion_signal=0x7fa0ee7fd680
:3:rocvirtual.hpp           :56  : 4393641802981 us: [pid:4174004 tid: 0x7fa0f7bf0200] Host active wait for Signal = (0x7fa0ee7fd680) for -1 ns
:3:rocvirtual.cpp           :226 : 4393641802988 us: [pid:4174004 tid: 0x7f9fbf3ff6c0] Handler: value(0), timestamp(0x3cf6e730), handle(0x7fa0ee7fd680)
:4:commandqueue.cpp         :184 : 4393641802995 us: [pid:4174004 tid: 0x7fa0f7bf0200] All commands finished
:4:command.cpp              :169 : 4393641815444 us: [pid:4174004 tid: 0x7f9fbf3ff6c0] Command 0x3cd9a9d0 complete
:4:command.cpp              :163 : 4393641815490 us: [pid:4174004 tid: 0x7f9fbf3ff6c0] Command 0x3cf38cb0 complete (Wall: 4393641815487, CPU: 0, GPU: 12545 us)
:3:hip_device_runtime.cpp   :645 : 4393641815490 us: [pid:4174004 tid: 0x7fa0f7bf0200] hipDeviceSynchronize: Returned hipSuccess : 
:3:hip_platform.cpp         :237 : 4393641815537 us: [pid:4174004 tid: 0x7fa0f7bf0200] [32m __hipPushCallConfiguration ( {8,1,1}, {128,1,1}, 0, stream:<null> ) [0m
:3:hip_platform.cpp         :241 : 4393641815550 us: [pid:4174004 tid: 0x7fa0f7bf0200] __hipPushCallConfiguration: Returned hipSuccess : 
:3:hip_platform.cpp         :246 : 4393641815565 us: [pid:4174004 tid: 0x7fa0f7bf0200] [32m __hipPopCallConfiguration ( {37054546,32673,128}, {2118224,0,2918783392}, 0x7fffadf916f0, 0x7fffadf916e8 ) [0m
:3:hip_platform.cpp         :255 : 4393641815955 us: [pid:4174004 tid: 0x7fa0f7bf0200] __hipPopCallConfiguration: Returned hipSuccess : 
:3:hip_module.cpp           :744 : 4393641815981 us: [pid:4174004 tid: 0x7fa0f7bf0200] [32m hipLaunchKernel ( 0x200fe0, {8,1,1}, {128,1,1}, 0x7fffadf916a0, 0, stream:<null> ) [0m
:4:command.cpp              :359 : 4393641816023 us: [pid:4174004 tid: 0x7fa0f7bf0200] Command (KernelExecution) enqueued: 0x3cd9a9d0
:3:rocvirtual.cpp           :762 : 4393641816039 us: [pid:4174004 tid: 0x7fa0f7bf0200] Arg0:   = ptr:0x7f9f7a000000
:3:rocvirtual.cpp           :778 : 4393641816046 us: [pid:4174004 tid: 0x7fa0f7bf0200] Arg0:   = ptr:0x7f9f7a000000 obj:[0x7f9f7a000000-0x7f9f7ee20000]
:3:rocvirtual.cpp           :762 : 4393641816057 us: [pid:4174004 tid: 0x7fa0f7bf0200] Arg1:   = ptr:0x7f9fa0027000
:3:rocvirtual.cpp           :778 : 4393641816063 us: [pid:4174004 tid: 0x7fa0f7bf0200] Arg1:   = ptr:0x7f9fa0027000 obj:[0x7f9fa0027000-0x7f9fa0037000]
:3:rocvirtual.cpp           :762 : 4393641816073 us: [pid:4174004 tid: 0x7fa0f7bf0200] Arg2:   = ptr:0x7f9f74e00000
:3:rocvirtual.cpp           :778 : 4393641816080 us: [pid:4174004 tid: 0x7fa0f7bf0200] Arg2:   = ptr:0x7f9f74e00000 obj:[0x7f9f74e00000-0x7f9f79c20000]
:3:rocvirtual.cpp           :853 : 4393641816091 us: [pid:4174004 tid: 0x7fa0f7bf0200] Arg3:   = val:2048
:3:rocvirtual.cpp           :762 : 4393641816097 us: [pid:4174004 tid: 0x7fa0f7bf0200] Arg4:   = ptr:0x7f9fa0000000
:3:rocvirtual.cpp           :778 : 4393641816104 us: [pid:4174004 tid: 0x7fa0f7bf0200] Arg4:   = ptr:0x7f9fa0000000 obj:[0x7f9fa0000000-0x7f9fa0000024]
:3:rocvirtual.cpp           :3236: 4393641816114 us: [pid:4174004 tid: 0x7fa0f7bf0200] ShaderName : void dense_esuhm2<float>(float const*, float const*, float*, int, int const*)
:3:rocvirtual.cpp           :3449: 4393641816128 us: [pid:4174004 tid: 0x7fa0f7bf0200] KernargSegmentByteSize = 296 KernargSegmentAlignment = 128
:4:rocvirtual.cpp           :965 : 4393641816148 us: [pid:4174004 tid: 0x7fa0f7bf0200] SWq=0x7fa0ee95c000, HWq=0x7f9face00000, id=1, Dispatch Header = 0xb02 (type=2, barrier=1, acquire=1, release=1), setup=3, grid=[1024, 1, 1], workgroup=[128, 1, 1], private_seg_size=140, group_seg_size=0, kernel_obj=0x7fa0ee9219c0, kernarg_address=0x7f9facc00280, completion_signal=0x0, correlation_id=0, rptr=77, wptr=77
:3:hip_module.cpp           :745 : 4393641816562 us: [pid:4174004 tid: 0x7fa0f7bf0200] hipLaunchKernel: Returned hipSuccess : : duration: 581 us
:3:hip_device_runtime.cpp   :641 : 4393641816579 us: [pid:4174004 tid: 0x7fa0f7bf0200] [32m hipDeviceSynchronize (  ) [0m
:4:commandqueue.cpp         :161 : 4393641816586 us: [pid:4174004 tid: 0x7fa0f7bf0200] Marker queued to ensure finish
:4:command.cpp              :359 : 4393641816593 us: [pid:4174004 tid: 0x7fa0f7bf0200] Command (InternalMarker) enqueued: 0x3cf38cb0
:3:rocvirtual.cpp           :533 : 4393641816618 us: [pid:4174004 tid: 0x7fa0f7bf0200] Set Handler: handle(0x7fa0ee7fd700), timestamp(0x3cf06780)
:4:rocvirtual.cpp           :1147: 4393641816631 us: [pid:4174004 tid: 0x7fa0f7bf0200] SWq=0x7fa0ee95c000, HWq=0x7f9face00000, id=1, BarrierAND Header = 0x1503 (type=3, barrier=1, acquire=2, release=2), dep_signal=[0x0, 0x0, 0x0, 0x0, 0x0], completion_signal=0x7fa0ee7fd700
:3:rocvirtual.hpp           :56  : 4393641816646 us: [pid:4174004 tid: 0x7fa0f7bf0200] Host active wait for Signal = (0x7fa0ee7fd700) for -1 ns
:4:commandqueue.cpp         :184 : 4393641816796 us: [pid:4174004 tid: 0x7fa0f7bf0200] All commands finished
:3:rocvirtual.cpp           :226 : 4393641816800 us: [pid:4174004 tid: 0x7f9fbf3ff6c0] Handler: value(0), timestamp(0x3cd9a1c0), handle(0x7fa0ee7fd700)
:4:command.cpp              :169 : 4393641817650 us: [pid:4174004 tid: 0x7f9fbf3ff6c0] Command 0x3cd9a9d0 complete
:3:hip_device_runtime.cpp   :645 : 4393641817632 us: [pid:4174004 tid: 0x7fa0f7bf0200] hipDeviceSynchronize: Returned hipSuccess : 
:4:command.cpp              :163 : 4393641817665 us: [pid:4174004 tid: 0x7f9fbf3ff6c0] Command 0x3cf38cb0 complete (Wall: 4393641817663, CPU: 0, GPU: 1061 us)
:3:hip_memory.cpp           :795 : 4393641817691 us: [pid:4174004 tid: 0x7fa0f7bf0200] [32m hipMemcpy ( 0x7f9f8edbe010, 0x7f9f74e00000, 81920000, hipMemcpyDeviceToHost ) [0m
:4:command.cpp              :359 : 4393641817712 us: [pid:4174004 tid: 0x7fa0f7bf0200] Command (CopyDeviceToHost) enqueued: 0x3cd9a9d0
:4:rocblit.cpp              :1673: 4393641817726 us: [pid:4174004 tid: 0x7fa0f7bf0200] Unpinned read path, Async = 0
:4:rocmemory.cpp            :1018: 4393641831522 us: [pid:4174004 tid: 0x7fa0f7bf0200] Locking to pool 0x3c6dded0, size 0x2001000, HostPtr = 0x7f9f8edbe000, DevPtr = 0x7f9f8edbe000
:4:rocblit.cpp              :623 : 4393641831558 us: [pid:4174004 tid: 0x7fa0f7bf0200] HSA Copy Using Pinned resource size 33554432
:4:rocblit.cpp              :687 : 4393641831570 us: [pid:4174004 tid: 0x7fa0f7bf0200] HSA Async Copy staged D2H
:4:rocblit.cpp              :503 : 4393641831580 us: [pid:4174004 tid: 0x7fa0f7bf0200] Last copy mask 0x0
:4:rocblit.cpp              :509 : 4393641831591 us: [pid:4174004 tid: 0x7fa0f7bf0200] Query copy engine status 0, free_engine mask 0x1e
:4:rocblit.cpp              :520 : 4393641831601 us: [pid:4174004 tid: 0x7fa0f7bf0200] HSA Async Copy on copy_engine=0x2, dst=0x7f9f8edbe010, src=0x7f9f74e00000, size=33554432, forceSDMA=0, wait_event=0x0, completion_signal=0x7fa0ee7ff680
:4:rocvirtual.cpp           :622 : 4393641831621 us: [pid:4174004 tid: 0x7fa0f7bf0200] Host wait on completion_signal=0x7fa0ee7ff680
:3:rocvirtual.hpp           :56  : 4393641831633 us: [pid:4174004 tid: 0x7fa0f7bf0200] Host active wait for Signal = (0x7fa0ee7ff680) for -1 ns
:4:rocmemory.cpp            :1018: 4393641845343 us: [pid:4174004 tid: 0x7fa0f7bf0200] Locking to pool 0x3c6dded0, size 0x2001000, HostPtr = 0x7f9f90dbe000, DevPtr = 0x7f9f90dbe000
:4:rocblit.cpp              :623 : 4393641845384 us: [pid:4174004 tid: 0x7fa0f7bf0200] HSA Copy Using Pinned resource size 33554432
:4:rocblit.cpp              :687 : 4393641845395 us: [pid:4174004 tid: 0x7fa0f7bf0200] HSA Async Copy staged D2H
:4:rocblit.cpp              :503 : 4393641845405 us: [pid:4174004 tid: 0x7fa0f7bf0200] Last copy mask 0x2
:4:rocblit.cpp              :520 : 4393641845411 us: [pid:4174004 tid: 0x7fa0f7bf0200] HSA Async Copy on copy_engine=0x2, dst=0x7f9f90dbe010, src=0x7f9f76e00000, size=33554432, forceSDMA=0, wait_event=0x0, completion_signal=0x7fa0ee7ff480
:4:rocvirtual.cpp           :622 : 4393641845429 us: [pid:4174004 tid: 0x7fa0f7bf0200] Host wait on completion_signal=0x7fa0ee7ff480
:3:rocvirtual.hpp           :56  : 4393641845447 us: [pid:4174004 tid: 0x7fa0f7bf0200] Host active wait for Signal = (0x7fa0ee7ff480) for -1 ns
:4:rocmemory.cpp            :1018: 4393641853446 us: [pid:4174004 tid: 0x7fa0f7bf0200] Locking to pool 0x3c6dded0, size 0xe21000, HostPtr = 0x7f9f92dbe000, DevPtr = 0x7f9f92dbe000
:4:rocblit.cpp              :623 : 4393641853479 us: [pid:4174004 tid: 0x7fa0f7bf0200] HSA Copy Using Pinned resource size 14811136
:4:rocblit.cpp              :687 : 4393641853490 us: [pid:4174004 tid: 0x7fa0f7bf0200] HSA Async Copy staged D2H
:4:rocblit.cpp              :503 : 4393641853501 us: [pid:4174004 tid: 0x7fa0f7bf0200] Last copy mask 0x2
:4:rocblit.cpp              :520 : 4393641853518 us: [pid:4174004 tid: 0x7fa0f7bf0200] HSA Async Copy on copy_engine=0x2, dst=0x7f9f92dbe010, src=0x7f9f78e00000, size=14811136, forceSDMA=0, wait_event=0x0, completion_signal=0x7fa0ee7fd900
:4:rocvirtual.cpp           :622 : 4393641853535 us: [pid:4174004 tid: 0x7fa0f7bf0200] Host wait on completion_signal=0x7fa0ee7fd900
:3:rocvirtual.hpp           :56  : 4393641853563 us: [pid:4174004 tid: 0x7fa0f7bf0200] Host active wait for Signal = (0x7fa0ee7fd900) for -1 ns
:4:commandqueue.cpp         :161 : 4393641854165 us: [pid:4174004 tid: 0x7fa0f7bf0200] Marker queued to ensure finish
:4:command.cpp              :359 : 4393641854432 us: [pid:4174004 tid: 0x7fa0f7bf0200] Command (InternalMarker) enqueued: 0x3cf38cb0
:3:rocvirtual.cpp           :533 : 4393641854458 us: [pid:4174004 tid: 0x7fa0f7bf0200] Set Handler: handle(0x7fa0ee7fd800), timestamp(0x3cf065a0)
:4:rocvirtual.cpp           :1147: 4393641854472 us: [pid:4174004 tid: 0x7fa0f7bf0200] SWq=0x7fa0ee95c000, HWq=0x7f9face00000, id=1, BarrierAND Header = 0x1503 (type=3, barrier=1, acquire=2, release=2), dep_signal=[0x0, 0x0, 0x0, 0x0, 0x0], completion_signal=0x7fa0ee7fd800
:4:commandqueue.cpp         :184 : 4393641854488 us: [pid:4174004 tid: 0x7fa0f7bf0200] All commands finished
:3:rocvirtual.cpp           :226 : 4393641854491 us: [pid:4174004 tid: 0x7f9fbf3ff6c0] Handler: value(0), timestamp(0x3cd9a1c0), handle(0x7fa0ee7fd800)
:4:command.cpp              :169 : 4393641854522 us: [pid:4174004 tid: 0x7f9fbf3ff6c0] Command 0x3cd9a9d0 complete
:4:command.cpp              :163 : 4393641854534 us: [pid:4174004 tid: 0x7f9fbf3ff6c0] Command 0x3cf38cb0 complete (Wall: 4393641854532, CPU: 0, GPU: 88 us)
:3:hip_memory.cpp           :796 : 4393641854501 us: [pid:4174004 tid: 0x7fa0f7bf0200] hipMemcpy: Returned hipSuccess : : duration: 36810 us
:3:hip_memory.cpp           :3476: 4393641854985 us: [pid:4174004 tid: 0x7fa0f7bf0200] [32m hipMemset ( 0x7f9f74e00000, 0, 81920000 ) [0m
:4:command.cpp              :359 : 4393641855003 us: [pid:4174004 tid: 0x7fa0f7bf0200] Command (FillBuffer) enqueued: 0x3cd9a9d0
:3:rocvirtual.cpp           :762 : 4393641855021 us: [pid:4174004 tid: 0x7fa0f7bf0200] Arg0: void* buf = ptr:0x7f9f74e00000
:3:rocvirtual.cpp           :778 : 4393641855028 us: [pid:4174004 tid: 0x7fa0f7bf0200] Arg0: void* buf = ptr:0x7f9f74e00000 obj:[0x7f9f74e00000-0x7f9f79c20000]
:3:rocvirtual.cpp           :762 : 4393641855039 us: [pid:4174004 tid: 0x7fa0f7bf0200] Arg1: uchar* pattern = ptr:0x7f9facc00000
:3:rocvirtual.cpp           :853 : 4393641855049 us: [pid:4174004 tid: 0x7fa0f7bf0200] Arg2: uint pattern_size = val:1
:3:rocvirtual.cpp           :853 : 4393641855056 us: [pid:4174004 tid: 0x7fa0f7bf0200] Arg3: uint alignment = val:16
:3:rocvirtual.cpp           :853 : 4393641855062 us: [pid:4174004 tid: 0x7fa0f7bf0200] Arg4: ulong end_ptr = val:140322919284736
:3:rocvirtual.cpp           :853 : 4393641855073 us: [pid:4174004 tid: 0x7fa0f7bf0200] Arg5: uint next_chunk = val:26624
:3:rocvirtual.cpp           :3236: 4393641855544 us: [pid:4174004 tid: 0x7fa0f7bf0200] ShaderName : __amd_rocclr_fillBufferAligned
:3:rocvirtual.cpp           :3449: 4393641855561 us: [pid:4174004 tid: 0x7fa0f7bf0200] KernargSegmentByteSize = 296 KernargSegmentAlignment = 128
:4:rocvirtual.cpp           :965 : 4393641855575 us: [pid:4174004 tid: 0x7fa0f7bf0200] SWq=0x7fa0ee95c000, HWq=0x7f9face00000, id=1, Dispatch Header = 0x1502 (type=2, barrier=1, acquire=2, release=2), setup=1, grid=[26624, 1, 1], workgroup=[256, 1, 1], private_seg_size=0, group_seg_size=0, kernel_obj=0x7fa0ee94dd40, kernarg_address=0x7f9facc00100, completion_signal=0x0, correlation_id=0, rptr=80, wptr=80
:3:hip_memory.cpp           :3477: 4393641855607 us: [pid:4174004 tid: 0x7fa0f7bf0200] hipMemset: Returned hipSuccess : 
:3:hip_device_runtime.cpp   :641 : 4393641855616 us: [pid:4174004 tid: 0x7fa0f7bf0200] [32m hipDeviceSynchronize (  ) [0m
:4:commandqueue.cpp         :161 : 4393641855623 us: [pid:4174004 tid: 0x7fa0f7bf0200] Marker queued to ensure finish
:4:command.cpp              :359 : 4393641855628 us: [pid:4174004 tid: 0x7fa0f7bf0200] Command (InternalMarker) enqueued: 0x3cf38cb0
:3:rocvirtual.cpp           :533 : 4393641856080 us: [pid:4174004 tid: 0x7fa0f7bf0200] Set Handler: handle(0x7fa0ee7fd100), timestamp(0x3cebd750)
:4:rocvirtual.cpp           :1147: 4393641856091 us: [pid:4174004 tid: 0x7fa0f7bf0200] SWq=0x7fa0ee95c000, HWq=0x7f9face00000, id=1, BarrierAND Header = 0x1503 (type=3, barrier=1, acquire=2, release=2), dep_signal=[0x0, 0x0, 0x0, 0x0, 0x0], completion_signal=0x7fa0ee7fd100
:4:commandqueue.cpp         :184 : 4393641856101 us: [pid:4174004 tid: 0x7fa0f7bf0200] All commands finished
:3:rocvirtual.cpp           :226 : 4393641856101 us: [pid:4174004 tid: 0x7f9fbf3ff6c0] Handler: value(0), timestamp(0x3ce98180), handle(0x7fa0ee7fd100)
:4:command.cpp              :169 : 4393641856122 us: [pid:4174004 tid: 0x7f9fbf3ff6c0] Command 0x3cd9a9d0 complete
:3:hip_device_runtime.cpp   :645 : 4393641856111 us: [pid:4174004 tid: 0x7fa0f7bf0200] hipDeviceSynchronize: Returned hipSuccess : 
:3:hip_platform.cpp         :237 : 4393641856144 us: [pid:4174004 tid: 0x7fa0f7bf0200] [32m __hipPushCallConfiguration ( {8,1,1}, {128,1,1}, 0, stream:<null> ) [0m
:3:hip_platform.cpp         :241 : 4393641856155 us: [pid:4174004 tid: 0x7fa0f7bf0200] __hipPushCallConfiguration: Returned hipSuccess : 
:3:hip_platform.cpp         :246 : 4393641856166 us: [pid:4174004 tid: 0x7fa0f7bf0200] [32m __hipPopCallConfiguration ( {37054546,32673,128}, {2118224,0,2918783392}, 0x7fffadf916f0, 0x7fffadf916e8 ) [0m
:3:hip_platform.cpp         :255 : 4393641856576 us: [pid:4174004 tid: 0x7fa0f7bf0200] __hipPopCallConfiguration: Returned hipSuccess : 
:3:hip_module.cpp           :744 : 4393641856590 us: [pid:4174004 tid: 0x7fa0f7bf0200] [32m hipLaunchKernel ( 0x200fe8, {8,1,1}, {128,1,1}, 0x7fffadf916a0, 0, stream:<null> ) [0m
:4:command.cpp              :163 : 4393641856129 us: [pid:4174004 tid: 0x7f9fbf3ff6c0] Command 0x3cf38cb0 complete (Wall: 4393641856127, CPU: 0, GPU: 59 us)
:4:command.cpp              :359 : 4393641856609 us: [pid:4174004 tid: 0x7fa0f7bf0200] Command (KernelExecution) enqueued: 0x3cd9a9d0
:3:rocvirtual.cpp           :762 : 4393641856620 us: [pid:4174004 tid: 0x7fa0f7bf0200] Arg0:   = ptr:0x7f9f7a000000
:3:rocvirtual.cpp           :778 : 4393641856625 us: [pid:4174004 tid: 0x7fa0f7bf0200] Arg0:   = ptr:0x7f9f7a000000 obj:[0x7f9f7a000000-0x7f9f7ee20000]
:3:rocvirtual.cpp           :762 : 4393641856634 us: [pid:4174004 tid: 0x7fa0f7bf0200] Arg1:   = ptr:0x7f9fa0027000
:3:rocvirtual.cpp           :778 : 4393641857041 us: [pid:4174004 tid: 0x7fa0f7bf0200] Arg1:   = ptr:0x7f9fa0027000 obj:[0x7f9fa0027000-0x7f9fa0037000]
:3:rocvirtual.cpp           :762 : 4393641857053 us: [pid:4174004 tid: 0x7fa0f7bf0200] Arg2:   = ptr:0x7f9f74e00000
:3:rocvirtual.cpp           :778 : 4393641857057 us: [pid:4174004 tid: 0x7fa0f7bf0200] Arg2:   = ptr:0x7f9f74e00000 obj:[0x7f9f74e00000-0x7f9f79c20000]
:3:rocvirtual.cpp           :853 : 4393641857065 us: [pid:4174004 tid: 0x7fa0f7bf0200] Arg3:   = val:2048
:3:rocvirtual.cpp           :762 : 4393641857069 us: [pid:4174004 tid: 0x7fa0f7bf0200] Arg4:   = ptr:0x7f9fa0000000
:3:rocvirtual.cpp           :778 : 4393641857074 us: [pid:4174004 tid: 0x7fa0f7bf0200] Arg4:   = ptr:0x7f9fa0000000 obj:[0x7f9fa0000000-0x7f9fa0000024]
:3:rocvirtual.cpp           :3236: 4393641857086 us: [pid:4174004 tid: 0x7fa0f7bf0200] ShaderName : void dense_esuhm3<float>(float const*, float const*, float*, int, int const*)
:3:rocvirtual.cpp           :3449: 4393641857096 us: [pid:4174004 tid: 0x7fa0f7bf0200] KernargSegmentByteSize = 296 KernargSegmentAlignment = 128
:4:rocvirtual.cpp           :965 : 4393641857105 us: [pid:4174004 tid: 0x7fa0f7bf0200] SWq=0x7fa0ee95c000, HWq=0x7f9face00000, id=1, Dispatch Header = 0xb02 (type=2, barrier=1, acquire=1, release=1), setup=3, grid=[1024, 1, 1], workgroup=[128, 1, 1], private_seg_size=140, group_seg_size=0, kernel_obj=0x7fa0ee921a00, kernarg_address=0x7f9facc00280, completion_signal=0x0, correlation_id=0, rptr=82, wptr=82
:3:hip_module.cpp           :745 : 4393641857119 us: [pid:4174004 tid: 0x7fa0f7bf0200] hipLaunchKernel: Returned hipSuccess : : duration: 529 us
:3:hip_device_runtime.cpp   :641 : 4393641857127 us: [pid:4174004 tid: 0x7fa0f7bf0200] [32m hipDeviceSynchronize (  ) [0m
:4:commandqueue.cpp         :161 : 4393641857133 us: [pid:4174004 tid: 0x7fa0f7bf0200] Marker queued to ensure finish
:4:command.cpp              :359 : 4393641857137 us: [pid:4174004 tid: 0x7fa0f7bf0200] Command (InternalMarker) enqueued: 0x3cf38cb0
:3:rocvirtual.cpp           :533 : 4393641857552 us: [pid:4174004 tid: 0x7fa0f7bf0200] Set Handler: handle(0x7fa0ee7fd080), timestamp(0x3cebd7d0)
:4:rocvirtual.cpp           :1147: 4393641857561 us: [pid:4174004 tid: 0x7fa0f7bf0200] SWq=0x7fa0ee95c000, HWq=0x7f9face00000, id=1, BarrierAND Header = 0x1503 (type=3, barrier=1, acquire=2, release=2), dep_signal=[0x0, 0x0, 0x0, 0x0, 0x0], completion_signal=0x7fa0ee7fd080
:3:rocvirtual.hpp           :56  : 4393641857572 us: [pid:4174004 tid: 0x7fa0f7bf0200] Host active wait for Signal = (0x7fa0ee7fd080) for -1 ns
:4:commandqueue.cpp         :184 : 4393641857600 us: [pid:4174004 tid: 0x7fa0f7bf0200] All commands finished
:3:rocvirtual.cpp           :226 : 4393641857604 us: [pid:4174004 tid: 0x7f9fbf3ff6c0] Handler: value(0), timestamp(0x3ce981f0), handle(0x7fa0ee7fd080)
:4:command.cpp              :169 : 4393641857618 us: [pid:4174004 tid: 0x7f9fbf3ff6c0] Command 0x3cd9a9d0 complete
:4:command.cpp              :163 : 4393641857626 us: [pid:4174004 tid: 0x7f9fbf3ff6c0] Command 0x3cf38cb0 complete (Wall: 4393641857625, CPU: 0, GPU: 79 us)
:3:hip_device_runtime.cpp   :645 : 4393641857606 us: [pid:4174004 tid: 0x7fa0f7bf0200] hipDeviceSynchronize: Returned hipSuccess : 
:3:hip_memory.cpp           :795 : 4393641858102 us: [pid:4174004 tid: 0x7fa0f7bf0200] [32m hipMemcpy ( 0x7f9f89f9d010, 0x7f9f74e00000, 81920000, hipMemcpyDeviceToHost ) [0m
:4:command.cpp              :359 : 4393641858122 us: [pid:4174004 tid: 0x7fa0f7bf0200] Command (CopyDeviceToHost) enqueued: 0x3cd9a9d0
:4:rocblit.cpp              :1673: 4393641858134 us: [pid:4174004 tid: 0x7fa0f7bf0200] Unpinned read path, Async = 0
:4:rocmemory.cpp            :1018: 4393641868412 us: [pid:4174004 tid: 0x7fa0f7bf0200] Locking to pool 0x3c6dded0, size 0x2001000, HostPtr = 0x7f9f89f9d000, DevPtr = 0x7f9f89f9d000
:4:rocblit.cpp              :623 : 4393641868442 us: [pid:4174004 tid: 0x7fa0f7bf0200] HSA Copy Using Pinned resource size 33554432
:4:rocblit.cpp              :687 : 4393641868450 us: [pid:4174004 tid: 0x7fa0f7bf0200] HSA Async Copy staged D2H
:4:rocblit.cpp              :503 : 4393641868459 us: [pid:4174004 tid: 0x7fa0f7bf0200] Last copy mask 0x0
:4:rocblit.cpp              :509 : 4393641868467 us: [pid:4174004 tid: 0x7fa0f7bf0200] Query copy engine status 0, free_engine mask 0x1e
:4:rocblit.cpp              :520 : 4393641868474 us: [pid:4174004 tid: 0x7fa0f7bf0200] HSA Async Copy on copy_engine=0x2, dst=0x7f9f89f9d010, src=0x7f9f74e00000, size=33554432, forceSDMA=0, wait_event=0x0, completion_signal=0x7fa0ee7ff380
:4:rocvirtual.cpp           :622 : 4393641868486 us: [pid:4174004 tid: 0x7fa0f7bf0200] Host wait on completion_signal=0x7fa0ee7ff380
:3:rocvirtual.hpp           :56  : 4393641868494 us: [pid:4174004 tid: 0x7fa0f7bf0200] Host active wait for Signal = (0x7fa0ee7ff380) for -1 ns
:4:rocmemory.cpp            :1018: 4393641880143 us: [pid:4174004 tid: 0x7fa0f7bf0200] Locking to pool 0x3c6dded0, size 0x2001000, HostPtr = 0x7f9f8bf9d000, DevPtr = 0x7f9f8bf9d000
:4:rocblit.cpp              :623 : 4393641880166 us: [pid:4174004 tid: 0x7fa0f7bf0200] HSA Copy Using Pinned resource size 33554432
:4:rocblit.cpp              :687 : 4393641880174 us: [pid:4174004 tid: 0x7fa0f7bf0200] HSA Async Copy staged D2H
:4:rocblit.cpp              :503 : 4393641880183 us: [pid:4174004 tid: 0x7fa0f7bf0200] Last copy mask 0x2
:4:rocblit.cpp              :520 : 4393641880188 us: [pid:4174004 tid: 0x7fa0f7bf0200] HSA Async Copy on copy_engine=0x2, dst=0x7f9f8bf9d010, src=0x7f9f76e00000, size=33554432, forceSDMA=0, wait_event=0x0, completion_signal=0x7fa0ee7ff180
:4:rocvirtual.cpp           :622 : 4393641880199 us: [pid:4174004 tid: 0x7fa0f7bf0200] Host wait on completion_signal=0x7fa0ee7ff180
:3:rocvirtual.hpp           :56  : 4393641880206 us: [pid:4174004 tid: 0x7fa0f7bf0200] Host active wait for Signal = (0x7fa0ee7ff180) for -1 ns
:4:rocmemory.cpp            :1018: 4393641885858 us: [pid:4174004 tid: 0x7fa0f7bf0200] Locking to pool 0x3c6dded0, size 0xe21000, HostPtr = 0x7f9f8df9d000, DevPtr = 0x7f9f8df9d000
:4:rocblit.cpp              :623 : 4393641885878 us: [pid:4174004 tid: 0x7fa0f7bf0200] HSA Copy Using Pinned resource size 14811136
:4:rocblit.cpp              :687 : 4393641885886 us: [pid:4174004 tid: 0x7fa0f7bf0200] HSA Async Copy staged D2H
:4:rocblit.cpp              :503 : 4393641885893 us: [pid:4174004 tid: 0x7fa0f7bf0200] Last copy mask 0x2
:4:rocblit.cpp              :520 : 4393641885898 us: [pid:4174004 tid: 0x7fa0f7bf0200] HSA Async Copy on copy_engine=0x2, dst=0x7f9f8df9d010, src=0x7f9f78e00000, size=14811136, forceSDMA=0, wait_event=0x0, completion_signal=0x7fa0ee7fd980
:4:rocvirtual.cpp           :622 : 4393641885908 us: [pid:4174004 tid: 0x7fa0f7bf0200] Host wait on completion_signal=0x7fa0ee7fd980
:3:rocvirtual.hpp           :56  : 4393641885915 us: [pid:4174004 tid: 0x7fa0f7bf0200] Host active wait for Signal = (0x7fa0ee7fd980) for -1 ns
:4:commandqueue.cpp         :161 : 4393641886447 us: [pid:4174004 tid: 0x7fa0f7bf0200] Marker queued to ensure finish
:4:command.cpp              :359 : 4393641886454 us: [pid:4174004 tid: 0x7fa0f7bf0200] Command (InternalMarker) enqueued: 0x3cf38cb0
:3:rocvirtual.cpp           :533 : 4393641886472 us: [pid:4174004 tid: 0x7fa0f7bf0200] Set Handler: handle(0x7fa0ee7fcf00), timestamp(0x3cc3f650)
:4:rocvirtual.cpp           :1147: 4393641886481 us: [pid:4174004 tid: 0x7fa0f7bf0200] SWq=0x7fa0ee95c000, HWq=0x7f9face00000, id=1, BarrierAND Header = 0x1503 (type=3, barrier=1, acquire=2, release=2), dep_signal=[0x0, 0x0, 0x0, 0x0, 0x0], completion_signal=0x7fa0ee7fcf00
:3:rocvirtual.hpp           :56  : 4393641886492 us: [pid:4174004 tid: 0x7fa0f7bf0200] Host active wait for Signal = (0x7fa0ee7fcf00) for -1 ns
:4:commandqueue.cpp         :184 : 4393641886499 us: [pid:4174004 tid: 0x7fa0f7bf0200] All commands finished
:3:hip_memory.cpp           :796 : 4393641886509 us: [pid:4174004 tid: 0x7fa0f7bf0200] hipMemcpy: Returned hipSuccess : : duration: 28407 us
:3:rocvirtual.cpp           :226 : 4393641886500 us: [pid:4174004 tid: 0x7f9fbf3ff6c0] Handler: value(0), timestamp(0x3ce981f0), handle(0x7fa0ee7fcf00)
:4:command.cpp              :169 : 4393641886538 us: [pid:4174004 tid: 0x7f9fbf3ff6c0] Command 0x3cd9a9d0 complete
:4:command.cpp              :163 : 4393641886547 us: [pid:4174004 tid: 0x7f9fbf3ff6c0] Command 0x3cf38cb0 complete (Wall: 4393641886545, CPU: 0, GPU: 83 us)
:3:hip_memory.cpp           :3476: 4393642080626 us: [pid:4174004 tid: 0x7fa0f7bf0200] [32m hipMemset ( 0x7f9f74e00000, 0, 81920000 ) [0m
:4:command.cpp              :359 : 4393642080664 us: [pid:4174004 tid: 0x7fa0f7bf0200] Command (FillBuffer) enqueued: 0x3cd9a9d0
:3:rocvirtual.cpp           :762 : 4393642080680 us: [pid:4174004 tid: 0x7fa0f7bf0200] Arg0: void* buf = ptr:0x7f9f74e00000
:3:rocvirtual.cpp           :778 : 4393642080685 us: [pid:4174004 tid: 0x7fa0f7bf0200] Arg0: void* buf = ptr:0x7f9f74e00000 obj:[0x7f9f74e00000-0x7f9f79c20000]
:3:rocvirtual.cpp           :762 : 4393642080696 us: [pid:4174004 tid: 0x7fa0f7bf0200] Arg1: uchar* pattern = ptr:0x7f9facc00000
:3:rocvirtual.cpp           :853 : 4393642080703 us: [pid:4174004 tid: 0x7fa0f7bf0200] Arg2: uint pattern_size = val:1
:3:rocvirtual.cpp           :853 : 4393642080708 us: [pid:4174004 tid: 0x7fa0f7bf0200] Arg3: uint alignment = val:16
:3:rocvirtual.cpp           :853 : 4393642080713 us: [pid:4174004 tid: 0x7fa0f7bf0200] Arg4: ulong end_ptr = val:140322919284736
:3:rocvirtual.cpp           :853 : 4393642080720 us: [pid:4174004 tid: 0x7fa0f7bf0200] Arg5: uint next_chunk = val:26624
:3:rocvirtual.cpp           :3236: 4393642080725 us: [pid:4174004 tid: 0x7fa0f7bf0200] ShaderName : __amd_rocclr_fillBufferAligned
:3:rocvirtual.cpp           :3449: 4393642080733 us: [pid:4174004 tid: 0x7fa0f7bf0200] KernargSegmentByteSize = 296 KernargSegmentAlignment = 128
:4:rocvirtual.cpp           :965 : 4393642080745 us: [pid:4174004 tid: 0x7fa0f7bf0200] SWq=0x7fa0ee95c000, HWq=0x7f9face00000, id=1, Dispatch Header = 0x1502 (type=2, barrier=1, acquire=2, release=2), setup=1, grid=[26624, 1, 1], workgroup=[256, 1, 1], private_seg_size=0, group_seg_size=0, kernel_obj=0x7fa0ee94dd40, kernarg_address=0x7f9facc00100, completion_signal=0x0, correlation_id=0, rptr=85, wptr=85
:3:hip_memory.cpp           :3477: 4393642080761 us: [pid:4174004 tid: 0x7fa0f7bf0200] hipMemset: Returned hipSuccess : 
:3:hip_device_runtime.cpp   :641 : 4393642080766 us: [pid:4174004 tid: 0x7fa0f7bf0200] [32m hipDeviceSynchronize (  ) [0m
:4:commandqueue.cpp         :161 : 4393642080772 us: [pid:4174004 tid: 0x7fa0f7bf0200] Marker queued to ensure finish
:4:command.cpp              :359 : 4393642080776 us: [pid:4174004 tid: 0x7fa0f7bf0200] Command (InternalMarker) enqueued: 0x3cf38cb0
:3:rocvirtual.cpp           :533 : 4393642080798 us: [pid:4174004 tid: 0x7fa0f7bf0200] Set Handler: handle(0x7fa0ee7fce80), timestamp(0x3ce97e80)
:4:rocvirtual.cpp           :1147: 4393642080808 us: [pid:4174004 tid: 0x7fa0f7bf0200] SWq=0x7fa0ee95c000, HWq=0x7f9face00000, id=1, BarrierAND Header = 0x1503 (type=3, barrier=1, acquire=2, release=2), dep_signal=[0x0, 0x0, 0x0, 0x0, 0x0], completion_signal=0x7fa0ee7fce80
:3:rocvirtual.hpp           :56  : 4393642080818 us: [pid:4174004 tid: 0x7fa0f7bf0200] Host active wait for Signal = (0x7fa0ee7fce80) for -1 ns
:4:commandqueue.cpp         :184 : 4393642080845 us: [pid:4174004 tid: 0x7fa0f7bf0200] All commands finished
:3:rocvirtual.cpp           :226 : 4393642080861 us: [pid:4174004 tid: 0x7f9fbf3ff6c0] Handler: value(0), timestamp(0x3d00ad60), handle(0x7fa0ee7fce80)
:3:hip_device_runtime.cpp   :645 : 4393642081245 us: [pid:4174004 tid: 0x7fa0f7bf0200] hipDeviceSynchronize: Returned hipSuccess : 
:3:hip_platform.cpp         :237 : 4393642081287 us: [pid:4174004 tid: 0x7fa0f7bf0200] [32m __hipPushCallConfiguration ( {8,1,1}, {256,1,1}, 0, stream:<null> ) [0m
:4:command.cpp              :169 : 4393642081268 us: [pid:4174004 tid: 0x7f9fbf3ff6c0] Command 0x3cd9a9d0 complete
:3:hip_platform.cpp         :241 : 4393642081309 us: [pid:4174004 tid: 0x7fa0f7bf0200] __hipPushCallConfiguration: Returned hipSuccess : 
:3:hip_platform.cpp         :246 : 4393642081334 us: [pid:4174004 tid: 0x7fa0f7bf0200] [32m __hipPopCallConfiguration ( {37054546,32673,256}, {2118224,0,2918783392}, 0x7fffadf916f0, 0x7fffadf916e8 ) [0m
:3:hip_platform.cpp         :255 : 4393642081344 us: [pid:4174004 tid: 0x7fa0f7bf0200] __hipPopCallConfiguration: Returned hipSuccess : 
:4:command.cpp              :163 : 4393642081321 us: [pid:4174004 tid: 0x7f9fbf3ff6c0] Command 0x3cf38cb0 complete (Wall: 4393642081319, CPU: 0, GPU: 535 us)
:3:hip_module.cpp           :744 : 4393642081357 us: [pid:4174004 tid: 0x7fa0f7bf0200] [32m hipLaunchKernel ( 0x200fd8, {8,1,1}, {256,1,1}, 0x7fffadf916a0, 0, stream:<null> ) [0m
:4:command.cpp              :359 : 4393642081393 us: [pid:4174004 tid: 0x7fa0f7bf0200] Command (KernelExecution) enqueued: 0x3cd9a9d0
:3:rocvirtual.cpp           :762 : 4393642081754 us: [pid:4174004 tid: 0x7fa0f7bf0200] Arg0:   = ptr:0x7f9f7a000000
:3:rocvirtual.cpp           :778 : 4393642081762 us: [pid:4174004 tid: 0x7fa0f7bf0200] Arg0:   = ptr:0x7f9f7a000000 obj:[0x7f9f7a000000-0x7f9f7ee20000]
:3:rocvirtual.cpp           :762 : 4393642081769 us: [pid:4174004 tid: 0x7fa0f7bf0200] Arg1:   = ptr:0x7f9fa0027000
:3:rocvirtual.cpp           :778 : 4393642081775 us: [pid:4174004 tid: 0x7fa0f7bf0200] Arg1:   = ptr:0x7f9fa0027000 obj:[0x7f9fa0027000-0x7f9fa0037000]
:3:rocvirtual.cpp           :762 : 4393642082146 us: [pid:4174004 tid: 0x7fa0f7bf0200] Arg2:   = ptr:0x7f9f74e00000
:3:rocvirtual.cpp           :778 : 4393642082151 us: [pid:4174004 tid: 0x7fa0f7bf0200] Arg2:   = ptr:0x7f9f74e00000 obj:[0x7f9f74e00000-0x7f9f79c20000]
:3:rocvirtual.cpp           :853 : 4393642082159 us: [pid:4174004 tid: 0x7fa0f7bf0200] Arg3:   = val:2048
:3:rocvirtual.cpp           :762 : 4393642082164 us: [pid:4174004 tid: 0x7fa0f7bf0200] Arg4:   = ptr:0x7f9fa0000000
:3:rocvirtual.cpp           :778 : 4393642082168 us: [pid:4174004 tid: 0x7fa0f7bf0200] Arg4:   = ptr:0x7f9fa0000000 obj:[0x7f9fa0000000-0x7f9fa0000024]
:3:rocvirtual.cpp           :3236: 4393642082175 us: [pid:4174004 tid: 0x7fa0f7bf0200] ShaderName : void dense_esuhm<float>(float const*, float const*, float*, int, int const*)
:3:rocvirtual.cpp           :3449: 4393642082185 us: [pid:4174004 tid: 0x7fa0f7bf0200] KernargSegmentByteSize = 296 KernargSegmentAlignment = 128
:4:rocvirtual.cpp           :965 : 4393642082194 us: [pid:4174004 tid: 0x7fa0f7bf0200] SWq=0x7fa0ee95c000, HWq=0x7f9face00000, id=1, Dispatch Header = 0xb02 (type=2, barrier=1, acquire=1, release=1), setup=3, grid=[2048, 1, 1], workgroup=[256, 1, 1], private_seg_size=140, group_seg_size=0, kernel_obj=0x7fa0ee921980, kernarg_address=0x7f9facc00280, completion_signal=0x0, correlation_id=0, rptr=87, wptr=87
:3:hip_module.cpp           :745 : 4393642082208 us: [pid:4174004 tid: 0x7fa0f7bf0200] hipLaunchKernel: Returned hipSuccess : : duration: 851 us
:3:hip_device_runtime.cpp   :641 : 4393642082216 us: [pid:4174004 tid: 0x7fa0f7bf0200] [32m hipDeviceSynchronize (  ) [0m
:4:commandqueue.cpp         :161 : 4393642082221 us: [pid:4174004 tid: 0x7fa0f7bf0200] Marker queued to ensure finish
:4:command.cpp              :359 : 4393642082225 us: [pid:4174004 tid: 0x7fa0f7bf0200] Command (InternalMarker) enqueued: 0x3cf38cb0
:3:rocvirtual.cpp           :533 : 4393642082241 us: [pid:4174004 tid: 0x7fa0f7bf0200] Set Handler: handle(0x7fa0ee7fcf80), timestamp(0x3cebd5a0)
:4:rocvirtual.cpp           :1147: 4393642082249 us: [pid:4174004 tid: 0x7fa0f7bf0200] SWq=0x7fa0ee95c000, HWq=0x7f9face00000, id=1, BarrierAND Header = 0x1503 (type=3, barrier=1, acquire=2, release=2), dep_signal=[0x0, 0x0, 0x0, 0x0, 0x0], completion_signal=0x7fa0ee7fcf80
:3:rocvirtual.hpp           :56  : 4393642082260 us: [pid:4174004 tid: 0x7fa0f7bf0200] Host active wait for Signal = (0x7fa0ee7fcf80) for -1 ns
:4:commandqueue.cpp         :184 : 4393642082357 us: [pid:4174004 tid: 0x7fa0f7bf0200] All commands finished
:3:hip_device_runtime.cpp   :645 : 4393642082660 us: [pid:4174004 tid: 0x7fa0f7bf0200] hipDeviceSynchronize: Returned hipSuccess : 
:3:hip_memory.cpp           :795 : 4393642082677 us: [pid:4174004 tid: 0x7fa0f7bf0200] [32m hipMemcpy ( 0x7f9f93bdf010, 0x7f9f74e00000, 81920000, hipMemcpyDeviceToHost ) [0m
:3:rocvirtual.cpp           :226 : 4393642082359 us: [pid:4174004 tid: 0x7f9fbf3ff6c0] Handler: value(0), timestamp(0x3d00acf0), handle(0x7fa0ee7fcf80)
:4:command.cpp              :169 : 4393642082706 us: [pid:4174004 tid: 0x7f9fbf3ff6c0] Command 0x3cd9a9d0 complete
:4:command.cpp              :359 : 4393642082694 us: [pid:4174004 tid: 0x7fa0f7bf0200] Command (CopyDeviceToHost) enqueued: 0x3cd9ae10
:4:command.cpp              :163 : 4393642082714 us: [pid:4174004 tid: 0x7f9fbf3ff6c0] Command 0x3cf38cb0 complete (Wall: 4393642082713, CPU: 0, GPU: 480 us)
:4:rocblit.cpp              :1673: 4393642082723 us: [pid:4174004 tid: 0x7fa0f7bf0200] Unpinned read path, Async = 0
:4:rocmemory.cpp            :1018: 4393642082763 us: [pid:4174004 tid: 0x7fa0f7bf0200] Locking to pool 0x3c6dded0, size 0x2001000, HostPtr = 0x7f9f93bdf000, DevPtr = 0x7f9f93bdf000
:4:rocblit.cpp              :623 : 4393642082775 us: [pid:4174004 tid: 0x7fa0f7bf0200] HSA Copy Using Pinned resource size 33554432
:4:rocblit.cpp              :687 : 4393642082782 us: [pid:4174004 tid: 0x7fa0f7bf0200] HSA Async Copy staged D2H
:4:rocblit.cpp              :503 : 4393642082788 us: [pid:4174004 tid: 0x7fa0f7bf0200] Last copy mask 0x0
:4:rocblit.cpp              :509 : 4393642082795 us: [pid:4174004 tid: 0x7fa0f7bf0200] Query copy engine status 0, free_engine mask 0x1e
:4:rocblit.cpp              :520 : 4393642082807 us: [pid:4174004 tid: 0x7fa0f7bf0200] HSA Async Copy on copy_engine=0x2, dst=0x7f9f93bdf010, src=0x7f9f74e00000, size=33554432, forceSDMA=0, wait_event=0x0, completion_signal=0x7fa0ee7fef80
:4:rocvirtual.cpp           :622 : 4393642083203 us: [pid:4174004 tid: 0x7fa0f7bf0200] Host wait on completion_signal=0x7fa0ee7fef80
:3:rocvirtual.hpp           :56  : 4393642083213 us: [pid:4174004 tid: 0x7fa0f7bf0200] Host active wait for Signal = (0x7fa0ee7fef80) for -1 ns
:4:rocmemory.cpp            :1018: 4393642084729 us: [pid:4174004 tid: 0x7fa0f7bf0200] Locking to pool 0x3c6dded0, size 0x2001000, HostPtr = 0x7f9f95bdf000, DevPtr = 0x7f9f95bdf000
:4:rocblit.cpp              :623 : 4393642084740 us: [pid:4174004 tid: 0x7fa0f7bf0200] HSA Copy Using Pinned resource size 33554432
:4:rocblit.cpp              :687 : 4393642084747 us: [pid:4174004 tid: 0x7fa0f7bf0200] HSA Async Copy staged D2H
:4:rocblit.cpp              :503 : 4393642084752 us: [pid:4174004 tid: 0x7fa0f7bf0200] Last copy mask 0x2
:4:rocblit.cpp              :520 : 4393642084757 us: [pid:4174004 tid: 0x7fa0f7bf0200] HSA Async Copy on copy_engine=0x2, dst=0x7f9f95bdf010, src=0x7f9f76e00000, size=33554432, forceSDMA=0, wait_event=0x0, completion_signal=0x7fa0ee7fda00
:4:rocvirtual.cpp           :622 : 4393642084765 us: [pid:4174004 tid: 0x7fa0f7bf0200] Host wait on completion_signal=0x7fa0ee7fda00
:3:rocvirtual.hpp           :56  : 4393642084773 us: [pid:4174004 tid: 0x7fa0f7bf0200] Host active wait for Signal = (0x7fa0ee7fda00) for -1 ns
:4:rocmemory.cpp            :1018: 4393642086002 us: [pid:4174004 tid: 0x7fa0f7bf0200] Locking to pool 0x3c6dded0, size 0xe21000, HostPtr = 0x7f9f97bdf000, DevPtr = 0x7f9f97bdf000
:4:rocblit.cpp              :623 : 4393642086013 us: [pid:4174004 tid: 0x7fa0f7bf0200] HSA Copy Using Pinned resource size 14811136
:4:rocblit.cpp              :687 : 4393642086022 us: [pid:4174004 tid: 0x7fa0f7bf0200] HSA Async Copy staged D2H
:4:rocblit.cpp              :503 : 4393642086782 us: [pid:4174004 tid: 0x7fa0f7bf0200] Last copy mask 0x2
:4:rocblit.cpp              :520 : 4393642086788 us: [pid:4174004 tid: 0x7fa0f7bf0200] HSA Async Copy on copy_engine=0x2, dst=0x7f9f97bdf010, src=0x7f9f78e00000, size=14811136, forceSDMA=0, wait_event=0x0, completion_signal=0x7fa0ee7fdb00
:4:rocvirtual.cpp           :622 : 4393642086796 us: [pid:4174004 tid: 0x7fa0f7bf0200] Host wait on completion_signal=0x7fa0ee7fdb00
:3:rocvirtual.hpp           :56  : 4393642086803 us: [pid:4174004 tid: 0x7fa0f7bf0200] Host active wait for Signal = (0x7fa0ee7fdb00) for -1 ns
:4:commandqueue.cpp         :161 : 4393642087334 us: [pid:4174004 tid: 0x7fa0f7bf0200] Marker queued to ensure finish
:4:command.cpp              :359 : 4393642087583 us: [pid:4174004 tid: 0x7fa0f7bf0200] Command (InternalMarker) enqueued: 0x3cf38cb0
:3:rocvirtual.cpp           :533 : 4393642087601 us: [pid:4174004 tid: 0x7fa0f7bf0200] Set Handler: handle(0x7fa0ee7fcd00), timestamp(0x3cc3f950)
:4:rocvirtual.cpp           :1147: 4393642087611 us: [pid:4174004 tid: 0x7fa0f7bf0200] SWq=0x7fa0ee95c000, HWq=0x7f9face00000, id=1, BarrierAND Header = 0x1503 (type=3, barrier=1, acquire=2, release=2), dep_signal=[0x0, 0x0, 0x0, 0x0, 0x0], completion_signal=0x7fa0ee7fcd00
:3:rocvirtual.hpp           :56  : 4393642087621 us: [pid:4174004 tid: 0x7fa0f7bf0200] Host active wait for Signal = (0x7fa0ee7fcd00) for -1 ns
:4:commandqueue.cpp         :184 : 4393642087631 us: [pid:4174004 tid: 0x7fa0f7bf0200] All commands finished
:3:hip_memory.cpp           :796 : 4393642087642 us: [pid:4174004 tid: 0x7fa0f7bf0200] hipMemcpy: Returned hipSuccess : : duration: 4965 us
:3:hip_memory.cpp           :3476: 4393642087655 us: [pid:4174004 tid: 0x7fa0f7bf0200] [32m hipMemset ( 0x7f9f74e00000, 0, 81920000 ) [0m
:3:rocvirtual.cpp           :226 : 4393642087626 us: [pid:4174004 tid: 0x7f9fbf3ff6c0] Handler: value(0), timestamp(0x3d00acf0), handle(0x7fa0ee7fcd00)
:4:command.cpp              :169 : 4393642087678 us: [pid:4174004 tid: 0x7f9fbf3ff6c0] Command 0x3cd9ae10 complete
:4:command.cpp              :163 : 4393642087688 us: [pid:4174004 tid: 0x7f9fbf3ff6c0] Command 0x3cf38cb0 complete (Wall: 4393642087686, CPU: 0, GPU: 95 us)
:4:command.cpp              :359 : 4393642087708 us: [pid:4174004 tid: 0x7fa0f7bf0200] Command (FillBuffer) enqueued: 0x3cd9a9d0
:3:rocvirtual.cpp           :762 : 4393642087724 us: [pid:4174004 tid: 0x7fa0f7bf0200] Arg0: void* buf = ptr:0x7f9f74e00000
:3:rocvirtual.cpp           :778 : 4393642088100 us: [pid:4174004 tid: 0x7fa0f7bf0200] Arg0: void* buf = ptr:0x7f9f74e00000 obj:[0x7f9f74e00000-0x7f9f79c20000]
:3:rocvirtual.cpp           :762 : 4393642088108 us: [pid:4174004 tid: 0x7fa0f7bf0200] Arg1: uchar* pattern = ptr:0x7f9facc00000
:3:rocvirtual.cpp           :853 : 4393642088115 us: [pid:4174004 tid: 0x7fa0f7bf0200] Arg2: uint pattern_size = val:1
:3:rocvirtual.cpp           :853 : 4393642088120 us: [pid:4174004 tid: 0x7fa0f7bf0200] Arg3: uint alignment = val:16
:3:rocvirtual.cpp           :853 : 4393642088124 us: [pid:4174004 tid: 0x7fa0f7bf0200] Arg4: ulong end_ptr = val:140322919284736
:3:rocvirtual.cpp           :853 : 4393642088131 us: [pid:4174004 tid: 0x7fa0f7bf0200] Arg5: uint next_chunk = val:26624
:3:rocvirtual.cpp           :3236: 4393642088136 us: [pid:4174004 tid: 0x7fa0f7bf0200] ShaderName : __amd_rocclr_fillBufferAligned
:3:rocvirtual.cpp           :3449: 4393642088145 us: [pid:4174004 tid: 0x7fa0f7bf0200] KernargSegmentByteSize = 296 KernargSegmentAlignment = 128
:4:rocvirtual.cpp           :965 : 4393642088154 us: [pid:4174004 tid: 0x7fa0f7bf0200] SWq=0x7fa0ee95c000, HWq=0x7f9face00000, id=1, Dispatch Header = 0x1502 (type=2, barrier=1, acquire=2, release=2), setup=1, grid=[26624, 1, 1], workgroup=[256, 1, 1], private_seg_size=0, group_seg_size=0, kernel_obj=0x7fa0ee94dd40, kernarg_address=0x7f9facc00100, completion_signal=0x0, correlation_id=0, rptr=90, wptr=90
:3:hip_memory.cpp           :3477: 4393642088168 us: [pid:4174004 tid: 0x7fa0f7bf0200] hipMemset: Returned hipSuccess : 
:3:hip_device_runtime.cpp   :641 : 4393642088173 us: [pid:4174004 tid: 0x7fa0f7bf0200] [32m hipDeviceSynchronize (  ) [0m
:4:commandqueue.cpp         :161 : 4393642088178 us: [pid:4174004 tid: 0x7fa0f7bf0200] Marker queued to ensure finish
:4:command.cpp              :359 : 4393642088183 us: [pid:4174004 tid: 0x7fa0f7bf0200] Command (InternalMarker) enqueued: 0x3cf38cb0
:3:rocvirtual.cpp           :533 : 4393642088196 us: [pid:4174004 tid: 0x7fa0f7bf0200] Set Handler: handle(0x7fa0ee7fcc80), timestamp(0x3ce97fe0)
:4:rocvirtual.cpp           :1147: 4393642088204 us: [pid:4174004 tid: 0x7fa0f7bf0200] SWq=0x7fa0ee95c000, HWq=0x7f9face00000, id=1, BarrierAND Header = 0x1503 (type=3, barrier=1, acquire=2, release=2), dep_signal=[0x0, 0x0, 0x0, 0x0, 0x0], completion_signal=0x7fa0ee7fcc80
:3:rocvirtual.hpp           :56  : 4393642088214 us: [pid:4174004 tid: 0x7fa0f7bf0200] Host active wait for Signal = (0x7fa0ee7fcc80) for -1 ns
:4:commandqueue.cpp         :184 : 4393642088245 us: [pid:4174004 tid: 0x7fa0f7bf0200] All commands finished
:3:rocvirtual.cpp           :226 : 4393642088247 us: [pid:4174004 tid: 0x7f9fbf3ff6c0] Handler: value(0), timestamp(0x3d00aeb0), handle(0x7fa0ee7fcc80)
:3:hip_device_runtime.cpp   :645 : 4393642088634 us: [pid:4174004 tid: 0x7fa0f7bf0200] hipDeviceSynchronize: Returned hipSuccess : 
:4:command.cpp              :169 : 4393642088635 us: [pid:4174004 tid: 0x7f9fbf3ff6c0] Command 0x3cd9a9d0 complete
:4:command.cpp              :163 : 4393642088999 us: [pid:4174004 tid: 0x7f9fbf3ff6c0] Command 0x3cf38cb0 complete (Wall: 4393642088998, CPU: 0, GPU: 808 us)
:3:hip_platform.cpp         :237 : 4393642088659 us: [pid:4174004 tid: 0x7fa0f7bf0200] [32m __hipPushCallConfiguration ( {8,1,1}, {256,1,1}, 0, stream:<null> ) [0m
:3:hip_platform.cpp         :241 : 4393642089036 us: [pid:4174004 tid: 0x7fa0f7bf0200] __hipPushCallConfiguration: Returned hipSuccess : 
:3:hip_platform.cpp         :246 : 4393642089050 us: [pid:4174004 tid: 0x7fa0f7bf0200] [32m __hipPopCallConfiguration ( {37054546,32673,256}, {2118224,0,2918783392}, 0x7fffadf916f0, 0x7fffadf916e8 ) [0m
:3:hip_platform.cpp         :255 : 4393642089060 us: [pid:4174004 tid: 0x7fa0f7bf0200] __hipPopCallConfiguration: Returned hipSuccess : 
:3:hip_module.cpp           :744 : 4393642089074 us: [pid:4174004 tid: 0x7fa0f7bf0200] [32m hipLaunchKernel ( 0x200fe0, {8,1,1}, {256,1,1}, 0x7fffadf916a0, 0, stream:<null> ) [0m
:4:command.cpp              :359 : 4393642089096 us: [pid:4174004 tid: 0x7fa0f7bf0200] Command (KernelExecution) enqueued: 0x3cd9a9d0
:3:rocvirtual.cpp           :762 : 4393642089108 us: [pid:4174004 tid: 0x7fa0f7bf0200] Arg0:   = ptr:0x7f9f7a000000
:3:rocvirtual.cpp           :778 : 4393642089114 us: [pid:4174004 tid: 0x7fa0f7bf0200] Arg0:   = ptr:0x7f9f7a000000 obj:[0x7f9f7a000000-0x7f9f7ee20000]
:3:rocvirtual.cpp           :762 : 4393642089123 us: [pid:4174004 tid: 0x7fa0f7bf0200] Arg1:   = ptr:0x7f9fa0027000
:3:rocvirtual.cpp           :778 : 4393642089129 us: [pid:4174004 tid: 0x7fa0f7bf0200] Arg1:   = ptr:0x7f9fa0027000 obj:[0x7f9fa0027000-0x7f9fa0037000]
:3:rocvirtual.cpp           :762 : 4393642089138 us: [pid:4174004 tid: 0x7fa0f7bf0200] Arg2:   = ptr:0x7f9f74e00000
:3:rocvirtual.cpp           :778 : 4393642089725 us: [pid:4174004 tid: 0x7fa0f7bf0200] Arg2:   = ptr:0x7f9f74e00000 obj:[0x7f9f74e00000-0x7f9f79c20000]
:3:rocvirtual.cpp           :853 : 4393642089738 us: [pid:4174004 tid: 0x7fa0f7bf0200] Arg3:   = val:2048
:3:rocvirtual.cpp           :762 : 4393642089745 us: [pid:4174004 tid: 0x7fa0f7bf0200] Arg4:   = ptr:0x7f9fa0000000
:3:rocvirtual.cpp           :778 : 4393642089752 us: [pid:4174004 tid: 0x7fa0f7bf0200] Arg4:   = ptr:0x7f9fa0000000 obj:[0x7f9fa0000000-0x7f9fa0000024]
:3:rocvirtual.cpp           :3236: 4393642089763 us: [pid:4174004 tid: 0x7fa0f7bf0200] ShaderName : void dense_esuhm2<float>(float const*, float const*, float*, int, int const*)
:3:rocvirtual.cpp           :3449: 4393642089777 us: [pid:4174004 tid: 0x7fa0f7bf0200] KernargSegmentByteSize = 296 KernargSegmentAlignment = 128
:4:rocvirtual.cpp           :965 : 4393642089792 us: [pid:4174004 tid: 0x7fa0f7bf0200] SWq=0x7fa0ee95c000, HWq=0x7f9face00000, id=1, Dispatch Header = 0xb02 (type=2, barrier=1, acquire=1, release=1), setup=3, grid=[2048, 1, 1], workgroup=[256, 1, 1], private_seg_size=140, group_seg_size=0, kernel_obj=0x7fa0ee9219c0, kernarg_address=0x7f9facc00280, completion_signal=0x0, correlation_id=0, rptr=92, wptr=92
:3:hip_module.cpp           :745 : 4393642089812 us: [pid:4174004 tid: 0x7fa0f7bf0200] hipLaunchKernel: Returned hipSuccess : : duration: 738 us
:3:hip_device_runtime.cpp   :641 : 4393642089825 us: [pid:4174004 tid: 0x7fa0f7bf0200] [32m hipDeviceSynchronize (  ) [0m
:4:commandqueue.cpp         :161 : 4393642089834 us: [pid:4174004 tid: 0x7fa0f7bf0200] Marker queued to ensure finish
:4:command.cpp              :359 : 4393642089841 us: [pid:4174004 tid: 0x7fa0f7bf0200] Command (InternalMarker) enqueued: 0x3cf38cb0
:3:rocvirtual.cpp           :533 : 4393642089866 us: [pid:4174004 tid: 0x7fa0f7bf0200] Set Handler: handle(0x7fa0ee7fcc00), timestamp(0x3ce97ce0)
:4:rocvirtual.cpp           :1147: 4393642090263 us: [pid:4174004 tid: 0x7fa0f7bf0200] SWq=0x7fa0ee95c000, HWq=0x7f9face00000, id=1, BarrierAND Header = 0x1503 (type=3, barrier=1, acquire=2, release=2), dep_signal=[0x0, 0x0, 0x0, 0x0, 0x0], completion_signal=0x7fa0ee7fcc00
:4:commandqueue.cpp         :184 : 4393642090282 us: [pid:4174004 tid: 0x7fa0f7bf0200] All commands finished
:3:hip_device_runtime.cpp   :645 : 4393642090293 us: [pid:4174004 tid: 0x7fa0f7bf0200] hipDeviceSynchronize: Returned hipSuccess : 
:3:rocvirtual.cpp           :226 : 4393642090273 us: [pid:4174004 tid: 0x7f9fbf3ff6c0] Handler: value(0), timestamp(0x3cc3f750), handle(0x7fa0ee7fcc00)
:4:command.cpp              :169 : 4393642090330 us: [pid:4174004 tid: 0x7f9fbf3ff6c0] Command 0x3cd9a9d0 complete
:4:command.cpp              :163 : 4393642090339 us: [pid:4174004 tid: 0x7f9fbf3ff6c0] Command 0x3cf38cb0 complete (Wall: 4393642090338, CPU: 0, GPU: 486 us)
:3:hip_memory.cpp           :795 : 4393642090325 us: [pid:4174004 tid: 0x7fa0f7bf0200] [32m hipMemcpy ( 0x7f9f8edbe010, 0x7f9f74e00000, 81920000, hipMemcpyDeviceToHost ) [0m
:4:command.cpp              :359 : 4393642090381 us: [pid:4174004 tid: 0x7fa0f7bf0200] Command (CopyDeviceToHost) enqueued: 0x3cd9a9d0
:4:rocblit.cpp              :1673: 4393642090393 us: [pid:4174004 tid: 0x7fa0f7bf0200] Unpinned read path, Async = 0
:4:rocmemory.cpp            :1018: 4393642090420 us: [pid:4174004 tid: 0x7fa0f7bf0200] Locking to pool 0x3c6dded0, size 0x2001000, HostPtr = 0x7f9f8edbe000, DevPtr = 0x7f9f8edbe000
:4:rocblit.cpp              :623 : 4393642090976 us: [pid:4174004 tid: 0x7fa0f7bf0200] HSA Copy Using Pinned resource size 33554432
:4:rocblit.cpp              :687 : 4393642090986 us: [pid:4174004 tid: 0x7fa0f7bf0200] HSA Async Copy staged D2H
:4:rocblit.cpp              :503 : 4393642090993 us: [pid:4174004 tid: 0x7fa0f7bf0200] Last copy mask 0x0
:4:rocblit.cpp              :509 : 4393642091006 us: [pid:4174004 tid: 0x7fa0f7bf0200] Query copy engine status 0, free_engine mask 0x1e
:4:rocblit.cpp              :520 : 4393642091018 us: [pid:4174004 tid: 0x7fa0f7bf0200] HSA Async Copy on copy_engine=0x2, dst=0x7f9f8edbe010, src=0x7f9f74e00000, size=33554432, forceSDMA=0, wait_event=0x0, completion_signal=0x7fa0ee7fed80
:4:rocvirtual.cpp           :622 : 4393642091030 us: [pid:4174004 tid: 0x7fa0f7bf0200] Host wait on completion_signal=0x7fa0ee7fed80
:3:rocvirtual.hpp           :56  : 4393642091039 us: [pid:4174004 tid: 0x7fa0f7bf0200] Host active wait for Signal = (0x7fa0ee7fed80) for -1 ns
:4:rocmemory.cpp            :1018: 4393642092240 us: [pid:4174004 tid: 0x7fa0f7bf0200] Locking to pool 0x3c6dded0, size 0x2001000, HostPtr = 0x7f9f90dbe000, DevPtr = 0x7f9f90dbe000
:4:rocblit.cpp              :623 : 4393642092255 us: [pid:4174004 tid: 0x7fa0f7bf0200] HSA Copy Using Pinned resource size 33554432
:4:rocblit.cpp              :687 : 4393642092264 us: [pid:4174004 tid: 0x7fa0f7bf0200] HSA Async Copy staged D2H
:4:rocblit.cpp              :503 : 4393642092272 us: [pid:4174004 tid: 0x7fa0f7bf0200] Last copy mask 0x2
:4:rocblit.cpp              :520 : 4393642092278 us: [pid:4174004 tid: 0x7fa0f7bf0200] HSA Async Copy on copy_engine=0x2, dst=0x7f9f90dbe010, src=0x7f9f76e00000, size=33554432, forceSDMA=0, wait_event=0x0, completion_signal=0x7fa0ee7feb80
:4:rocvirtual.cpp           :622 : 4393642092289 us: [pid:4174004 tid: 0x7fa0f7bf0200] Host wait on completion_signal=0x7fa0ee7feb80
:3:rocvirtual.hpp           :56  : 4393642092298 us: [pid:4174004 tid: 0x7fa0f7bf0200] Host active wait for Signal = (0x7fa0ee7feb80) for -1 ns
:4:rocmemory.cpp            :1018: 4393642093627 us: [pid:4174004 tid: 0x7fa0f7bf0200] Locking to pool 0x3c6dded0, size 0xe21000, HostPtr = 0x7f9f92dbe000, DevPtr = 0x7f9f92dbe000
:4:rocblit.cpp              :623 : 4393642093641 us: [pid:4174004 tid: 0x7fa0f7bf0200] HSA Copy Using Pinned resource size 14811136
:4:rocblit.cpp              :687 : 4393642093650 us: [pid:4174004 tid: 0x7fa0f7bf0200] HSA Async Copy staged D2H
:4:rocblit.cpp              :503 : 4393642093658 us: [pid:4174004 tid: 0x7fa0f7bf0200] Last copy mask 0x2
:4:rocblit.cpp              :520 : 4393642093664 us: [pid:4174004 tid: 0x7fa0f7bf0200] HSA Async Copy on copy_engine=0x2, dst=0x7f9f92dbe010, src=0x7f9f78e00000, size=14811136, forceSDMA=0, wait_event=0x0, completion_signal=0x7fa0ee7fdd00
:4:rocvirtual.cpp           :622 : 4393642093675 us: [pid:4174004 tid: 0x7fa0f7bf0200] Host wait on completion_signal=0x7fa0ee7fdd00
:3:rocvirtual.hpp           :56  : 4393642093684 us: [pid:4174004 tid: 0x7fa0f7bf0200] Host active wait for Signal = (0x7fa0ee7fdd00) for -1 ns
:4:commandqueue.cpp         :161 : 4393642094239 us: [pid:4174004 tid: 0x7fa0f7bf0200] Marker queued to ensure finish
:4:command.cpp              :359 : 4393642094254 us: [pid:4174004 tid: 0x7fa0f7bf0200] Command (InternalMarker) enqueued: 0x3cf38cb0
:3:rocvirtual.cpp           :533 : 4393642094275 us: [pid:4174004 tid: 0x7fa0f7bf0200] Set Handler: handle(0x7fa0ee7fca80), timestamp(0x3cc3fb90)
:4:rocvirtual.cpp           :1147: 4393642094289 us: [pid:4174004 tid: 0x7fa0f7bf0200] SWq=0x7fa0ee95c000, HWq=0x7f9face00000, id=1, BarrierAND Header = 0x1503 (type=3, barrier=1, acquire=2, release=2), dep_signal=[0x0, 0x0, 0x0, 0x0, 0x0], completion_signal=0x7fa0ee7fca80
:3:rocvirtual.cpp           :226 : 4393642094302 us: [pid:4174004 tid: 0x7f9fbf3ff6c0] Handler: value(0), timestamp(0x3cc3f750), handle(0x7fa0ee7fca80)
:4:command.cpp              :169 : 4393642094324 us: [pid:4174004 tid: 0x7f9fbf3ff6c0] Command 0x3cd9a9d0 complete
:4:command.cpp              :163 : 4393642094330 us: [pid:4174004 tid: 0x7f9fbf3ff6c0] Command 0x3cf38cb0 complete (Wall: 4393642094329, CPU: 0, GPU: 64 us)
:4:commandqueue.cpp         :184 : 4393642094310 us: [pid:4174004 tid: 0x7fa0f7bf0200] All commands finished
:3:hip_memory.cpp           :796 : 4393642094357 us: [pid:4174004 tid: 0x7fa0f7bf0200] hipMemcpy: Returned hipSuccess : : duration: 4032 us
:3:hip_memory.cpp           :3476: 4393642094372 us: [pid:4174004 tid: 0x7fa0f7bf0200] [32m hipMemset ( 0x7f9f74e00000, 0, 81920000 ) [0m
:4:command.cpp              :359 : 4393642094689 us: [pid:4174004 tid: 0x7fa0f7bf0200] Command (FillBuffer) enqueued: 0x3cd9ae10
:3:rocvirtual.cpp           :762 : 4393642094707 us: [pid:4174004 tid: 0x7fa0f7bf0200] Arg0: void* buf = ptr:0x7f9f74e00000
:3:rocvirtual.cpp           :778 : 4393642094713 us: [pid:4174004 tid: 0x7fa0f7bf0200] Arg0: void* buf = ptr:0x7f9f74e00000 obj:[0x7f9f74e00000-0x7f9f79c20000]
:3:rocvirtual.cpp           :762 : 4393642094723 us: [pid:4174004 tid: 0x7fa0f7bf0200] Arg1: uchar* pattern = ptr:0x7f9facc00000
:3:rocvirtual.cpp           :853 : 4393642094734 us: [pid:4174004 tid: 0x7fa0f7bf0200] Arg2: uint pattern_size = val:1
:3:rocvirtual.cpp           :853 : 4393642094741 us: [pid:4174004 tid: 0x7fa0f7bf0200] Arg3: uint alignment = val:16
:3:rocvirtual.cpp           :853 : 4393642094747 us: [pid:4174004 tid: 0x7fa0f7bf0200] Arg4: ulong end_ptr = val:140322919284736
:3:rocvirtual.cpp           :853 : 4393642094757 us: [pid:4174004 tid: 0x7fa0f7bf0200] Arg5: uint next_chunk = val:26624
:3:rocvirtual.cpp           :3236: 4393642094763 us: [pid:4174004 tid: 0x7fa0f7bf0200] ShaderName : __amd_rocclr_fillBufferAligned
:3:rocvirtual.cpp           :3449: 4393642094774 us: [pid:4174004 tid: 0x7fa0f7bf0200] KernargSegmentByteSize = 296 KernargSegmentAlignment = 128
:4:rocvirtual.cpp           :965 : 4393642094786 us: [pid:4174004 tid: 0x7fa0f7bf0200] SWq=0x7fa0ee95c000, HWq=0x7f9face00000, id=1, Dispatch Header = 0x1502 (type=2, barrier=1, acquire=2, release=2), setup=1, grid=[26624, 1, 1], workgroup=[256, 1, 1], private_seg_size=0, group_seg_size=0, kernel_obj=0x7fa0ee94dd40, kernarg_address=0x7f9facc00100, completion_signal=0x0, correlation_id=0, rptr=95, wptr=95
:3:hip_memory.cpp           :3477: 4393642094804 us: [pid:4174004 tid: 0x7fa0f7bf0200] hipMemset: Returned hipSuccess : 
:3:hip_device_runtime.cpp   :641 : 4393642094812 us: [pid:4174004 tid: 0x7fa0f7bf0200] [32m hipDeviceSynchronize (  ) [0m
:4:commandqueue.cpp         :161 : 4393642095384 us: [pid:4174004 tid: 0x7fa0f7bf0200] Marker queued to ensure finish
:4:command.cpp              :359 : 4393642095392 us: [pid:4174004 tid: 0x7fa0f7bf0200] Command (InternalMarker) enqueued: 0x3cf38cb0
:3:rocvirtual.cpp           :533 : 4393642095412 us: [pid:4174004 tid: 0x7fa0f7bf0200] Set Handler: handle(0x7fa0ee7fca00), timestamp(0x3c826260)
:4:rocvirtual.cpp           :1147: 4393642095425 us: [pid:4174004 tid: 0x7fa0f7bf0200] SWq=0x7fa0ee95c000, HWq=0x7f9face00000, id=1, BarrierAND Header = 0x1503 (type=3, barrier=1, acquire=2, release=2), dep_signal=[0x0, 0x0, 0x0, 0x0, 0x0], completion_signal=0x7fa0ee7fca00
:3:rocvirtual.cpp           :226 : 4393642095433 us: [pid:4174004 tid: 0x7f9fbf3ff6c0] Handler: value(0), timestamp(0x3cc3fae0), handle(0x7fa0ee7fca00)
:4:command.cpp              :169 : 4393642095462 us: [pid:4174004 tid: 0x7f9fbf3ff6c0] Command 0x3cd9ae10 complete
:4:commandqueue.cpp         :184 : 4393642095450 us: [pid:4174004 tid: 0x7fa0f7bf0200] All commands finished
:3:hip_device_runtime.cpp   :645 : 4393642095480 us: [pid:4174004 tid: 0x7fa0f7bf0200] hipDeviceSynchronize: Returned hipSuccess : 
:4:command.cpp              :163 : 4393642095468 us: [pid:4174004 tid: 0x7f9fbf3ff6c0] Command 0x3cf38cb0 complete (Wall: 4393642095466, CPU: 0, GPU: 64 us)
:3:hip_platform.cpp         :237 : 4393642095498 us: [pid:4174004 tid: 0x7fa0f7bf0200] [32m __hipPushCallConfiguration ( {8,1,1}, {256,1,1}, 0, stream:<null> ) [0m
:3:hip_platform.cpp         :241 : 4393642096086 us: [pid:4174004 tid: 0x7fa0f7bf0200] __hipPushCallConfiguration: Returned hipSuccess : 
:3:hip_platform.cpp         :246 : 4393642096104 us: [pid:4174004 tid: 0x7fa0f7bf0200] [32m __hipPopCallConfiguration ( {37054546,32673,256}, {2118224,0,2918783392}, 0x7fffadf916f0, 0x7fffadf916e8 ) [0m
:3:hip_platform.cpp         :255 : 4393642096116 us: [pid:4174004 tid: 0x7fa0f7bf0200] __hipPopCallConfiguration: Returned hipSuccess : 
:3:hip_module.cpp           :744 : 4393642096131 us: [pid:4174004 tid: 0x7fa0f7bf0200] [32m hipLaunchKernel ( 0x200fe8, {8,1,1}, {256,1,1}, 0x7fffadf916a0, 0, stream:<null> ) [0m
:4:command.cpp              :359 : 4393642096153 us: [pid:4174004 tid: 0x7fa0f7bf0200] Command (KernelExecution) enqueued: 0x3cd9a9d0
:3:rocvirtual.cpp           :762 : 4393642096165 us: [pid:4174004 tid: 0x7fa0f7bf0200] Arg0:   = ptr:0x7f9f7a000000
:3:rocvirtual.cpp           :778 : 4393642096171 us: [pid:4174004 tid: 0x7fa0f7bf0200] Arg0:   = ptr:0x7f9f7a000000 obj:[0x7f9f7a000000-0x7f9f7ee20000]
:3:rocvirtual.cpp           :762 : 4393642096181 us: [pid:4174004 tid: 0x7fa0f7bf0200] Arg1:   = ptr:0x7f9fa0027000
:3:rocvirtual.cpp           :778 : 4393642096187 us: [pid:4174004 tid: 0x7fa0f7bf0200] Arg1:   = ptr:0x7f9fa0027000 obj:[0x7f9fa0027000-0x7f9fa0037000]
:3:rocvirtual.cpp           :762 : 4393642096198 us: [pid:4174004 tid: 0x7fa0f7bf0200] Arg2:   = ptr:0x7f9f74e00000
:3:rocvirtual.cpp           :778 : 4393642096205 us: [pid:4174004 tid: 0x7fa0f7bf0200] Arg2:   = ptr:0x7f9f74e00000 obj:[0x7f9f74e00000-0x7f9f79c20000]
:3:rocvirtual.cpp           :853 : 4393642096215 us: [pid:4174004 tid: 0x7fa0f7bf0200] Arg3:   = val:2048
:3:rocvirtual.cpp           :762 : 4393642096221 us: [pid:4174004 tid: 0x7fa0f7bf0200] Arg4:   = ptr:0x7f9fa0000000
:3:rocvirtual.cpp           :778 : 4393642096577 us: [pid:4174004 tid: 0x7fa0f7bf0200] Arg4:   = ptr:0x7f9fa0000000 obj:[0x7f9fa0000000-0x7f9fa0000024]
:3:rocvirtual.cpp           :3236: 4393642096589 us: [pid:4174004 tid: 0x7fa0f7bf0200] ShaderName : void dense_esuhm3<float>(float const*, float const*, float*, int, int const*)
:3:rocvirtual.cpp           :3449: 4393642096601 us: [pid:4174004 tid: 0x7fa0f7bf0200] KernargSegmentByteSize = 296 KernargSegmentAlignment = 128
:4:rocvirtual.cpp           :965 : 4393642096614 us: [pid:4174004 tid: 0x7fa0f7bf0200] SWq=0x7fa0ee95c000, HWq=0x7f9face00000, id=1, Dispatch Header = 0xb02 (type=2, barrier=1, acquire=1, release=1), setup=3, grid=[2048, 1, 1], workgroup=[256, 1, 1], private_seg_size=140, group_seg_size=0, kernel_obj=0x7fa0ee921a00, kernarg_address=0x7f9facc00280, completion_signal=0x0, correlation_id=0, rptr=97, wptr=97
:3:hip_module.cpp           :745 : 4393642096632 us: [pid:4174004 tid: 0x7fa0f7bf0200] hipLaunchKernel: Returned hipSuccess : : duration: 501 us
:3:hip_device_runtime.cpp   :641 : 4393642096644 us: [pid:4174004 tid: 0x7fa0f7bf0200] [32m hipDeviceSynchronize (  ) [0m
:4:commandqueue.cpp         :161 : 4393642096651 us: [pid:4174004 tid: 0x7fa0f7bf0200] Marker queued to ensure finish
:4:command.cpp              :359 : 4393642096657 us: [pid:4174004 tid: 0x7fa0f7bf0200] Command (InternalMarker) enqueued: 0x3cf38cb0
:3:rocvirtual.cpp           :533 : 4393642096687 us: [pid:4174004 tid: 0x7fa0f7bf0200] Set Handler: handle(0x7fa0ee7fcb00), timestamp(0x3ce980a0)
:4:rocvirtual.cpp           :1147: 4393642096700 us: [pid:4174004 tid: 0x7fa0f7bf0200] SWq=0x7fa0ee95c000, HWq=0x7f9face00000, id=1, BarrierAND Header = 0x1503 (type=3, barrier=1, acquire=2, release=2), dep_signal=[0x0, 0x0, 0x0, 0x0, 0x0], completion_signal=0x7fa0ee7fcb00
:3:rocvirtual.hpp           :56  : 4393642096713 us: [pid:4174004 tid: 0x7fa0f7bf0200] Host active wait for Signal = (0x7fa0ee7fcb00) for -1 ns
:4:commandqueue.cpp         :184 : 4393642096922 us: [pid:4174004 tid: 0x7fa0f7bf0200] All commands finished
:3:rocvirtual.cpp           :226 : 4393642096922 us: [pid:4174004 tid: 0x7f9fbf3ff6c0] Handler: value(0), timestamp(0x3cc3fc60), handle(0x7fa0ee7fcb00)
:4:command.cpp              :169 : 4393642097146 us: [pid:4174004 tid: 0x7f9fbf3ff6c0] Command 0x3cd9a9d0 complete
:4:command.cpp              :163 : 4393642097153 us: [pid:4174004 tid: 0x7f9fbf3ff6c0] Command 0x3cf38cb0 complete (Wall: 4393642097151, CPU: 0, GPU: 474 us)
:3:hip_device_runtime.cpp   :645 : 4393642097135 us: [pid:4174004 tid: 0x7fa0f7bf0200] hipDeviceSynchronize: Returned hipSuccess : 
:3:hip_memory.cpp           :795 : 4393642097189 us: [pid:4174004 tid: 0x7fa0f7bf0200] [32m hipMemcpy ( 0x7f9f89f9d010, 0x7f9f74e00000, 81920000, hipMemcpyDeviceToHost ) [0m
:4:command.cpp              :359 : 4393642097210 us: [pid:4174004 tid: 0x7fa0f7bf0200] Command (CopyDeviceToHost) enqueued: 0x3cd9a9d0
:4:rocblit.cpp              :1673: 4393642097229 us: [pid:4174004 tid: 0x7fa0f7bf0200] Unpinned read path, Async = 0
:4:rocmemory.cpp            :1018: 4393642097262 us: [pid:4174004 tid: 0x7fa0f7bf0200] Locking to pool 0x3c6dded0, size 0x2001000, HostPtr = 0x7f9f89f9d000, DevPtr = 0x7f9f89f9d000
:4:rocblit.cpp              :623 : 4393642097276 us: [pid:4174004 tid: 0x7fa0f7bf0200] HSA Copy Using Pinned resource size 33554432
:4:rocblit.cpp              :687 : 4393642097663 us: [pid:4174004 tid: 0x7fa0f7bf0200] HSA Async Copy staged D2H
:4:rocblit.cpp              :503 : 4393642097673 us: [pid:4174004 tid: 0x7fa0f7bf0200] Last copy mask 0x0
:4:rocblit.cpp              :509 : 4393642097682 us: [pid:4174004 tid: 0x7fa0f7bf0200] Query copy engine status 0, free_engine mask 0x1e
:4:rocblit.cpp              :520 : 4393642097692 us: [pid:4174004 tid: 0x7fa0f7bf0200] HSA Async Copy on copy_engine=0x2, dst=0x7f9f89f9d010, src=0x7f9f74e00000, size=33554432, forceSDMA=0, wait_event=0x0, completion_signal=0x7fa0ee7fe980
:4:rocvirtual.cpp           :622 : 4393642097705 us: [pid:4174004 tid: 0x7fa0f7bf0200] Host wait on completion_signal=0x7fa0ee7fe980
:3:rocvirtual.hpp           :56  : 4393642097716 us: [pid:4174004 tid: 0x7fa0f7bf0200] Host active wait for Signal = (0x7fa0ee7fe980) for -1 ns
:4:rocmemory.cpp            :1018: 4393642098962 us: [pid:4174004 tid: 0x7fa0f7bf0200] Locking to pool 0x3c6dded0, size 0x2001000, HostPtr = 0x7f9f8bf9d000, DevPtr = 0x7f9f8bf9d000
:4:rocblit.cpp              :623 : 4393642098980 us: [pid:4174004 tid: 0x7fa0f7bf0200] HSA Copy Using Pinned resource size 33554432
:4:rocblit.cpp              :687 : 4393642098990 us: [pid:4174004 tid: 0x7fa0f7bf0200] HSA Async Copy staged D2H
:4:rocblit.cpp              :503 : 4393642098997 us: [pid:4174004 tid: 0x7fa0f7bf0200] Last copy mask 0x2
:4:rocblit.cpp              :520 : 4393642099004 us: [pid:4174004 tid: 0x7fa0f7bf0200] HSA Async Copy on copy_engine=0x2, dst=0x7f9f8bf9d010, src=0x7f9f76e00000, size=33554432, forceSDMA=0, wait_event=0x0, completion_signal=0x7fa0ee7fde00
:4:rocvirtual.cpp           :622 : 4393642099015 us: [pid:4174004 tid: 0x7fa0f7bf0200] Host wait on completion_signal=0x7fa0ee7fde00
:3:rocvirtual.hpp           :56  : 4393642099026 us: [pid:4174004 tid: 0x7fa0f7bf0200] Host active wait for Signal = (0x7fa0ee7fde00) for -1 ns
:4:rocmemory.cpp            :1018: 4393642100290 us: [pid:4174004 tid: 0x7fa0f7bf0200] Locking to pool 0x3c6dded0, size 0xe21000, HostPtr = 0x7f9f8df9d000, DevPtr = 0x7f9f8df9d000
:4:rocblit.cpp              :623 : 4393642100312 us: [pid:4174004 tid: 0x7fa0f7bf0200] HSA Copy Using Pinned resource size 14811136
:4:rocblit.cpp              :687 : 4393642100323 us: [pid:4174004 tid: 0x7fa0f7bf0200] HSA Async Copy staged D2H
:4:rocblit.cpp              :503 : 4393642100330 us: [pid:4174004 tid: 0x7fa0f7bf0200] Last copy mask 0x2
:4:rocblit.cpp              :520 : 4393642100337 us: [pid:4174004 tid: 0x7fa0f7bf0200] HSA Async Copy on copy_engine=0x2, dst=0x7f9f8df9d010, src=0x7f9f78e00000, size=14811136, forceSDMA=0, wait_event=0x0, completion_signal=0x7fa0ee7fde80
:4:rocvirtual.cpp           :622 : 4393642100349 us: [pid:4174004 tid: 0x7fa0f7bf0200] Host wait on completion_signal=0x7fa0ee7fde80
:3:rocvirtual.hpp           :56  : 4393642100359 us: [pid:4174004 tid: 0x7fa0f7bf0200] Host active wait for Signal = (0x7fa0ee7fde80) for -1 ns
:4:commandqueue.cpp         :161 : 4393642100890 us: [pid:4174004 tid: 0x7fa0f7bf0200] Marker queued to ensure finish
:4:command.cpp              :359 : 4393642100900 us: [pid:4174004 tid: 0x7fa0f7bf0200] Command (InternalMarker) enqueued: 0x3cf38cb0
:3:rocvirtual.cpp           :533 : 4393642100921 us: [pid:4174004 tid: 0x7fa0f7bf0200] Set Handler: handle(0x7fa0ee7fc880), timestamp(0x3cf39050)
:4:rocvirtual.cpp           :1147: 4393642100934 us: [pid:4174004 tid: 0x7fa0f7bf0200] SWq=0x7fa0ee95c000, HWq=0x7f9face00000, id=1, BarrierAND Header = 0x1503 (type=3, barrier=1, acquire=2, release=2), dep_signal=[0x0, 0x0, 0x0, 0x0, 0x0], completion_signal=0x7fa0ee7fc880
:3:rocvirtual.cpp           :226 : 4393642100947 us: [pid:4174004 tid: 0x7f9fbf3ff6c0] Handler: value(0), timestamp(0x3cc3fc60), handle(0x7fa0ee7fc880)
:4:command.cpp              :169 : 4393642100961 us: [pid:4174004 tid: 0x7f9fbf3ff6c0] Command 0x3cd9a9d0 complete
:4:commandqueue.cpp         :184 : 4393642100949 us: [pid:4174004 tid: 0x7fa0f7bf0200] All commands finished
:4:command.cpp              :163 : 4393642100968 us: [pid:4174004 tid: 0x7f9fbf3ff6c0] Command 0x3cf38cb0 complete (Wall: 4393642100967, CPU: 0, GPU: 56 us)
:3:hip_memory.cpp           :796 : 4393642100981 us: [pid:4174004 tid: 0x7fa0f7bf0200] hipMemcpy: Returned hipSuccess : : duration: 3792 us
:3:hip_memory.cpp           :3476: 4393642304010 us: [pid:4174004 tid: 0x7fa0f7bf0200] [32m hipMemset ( 0x7f9f74e00000, 0, 81920000 ) [0m
:4:command.cpp              :359 : 4393642304046 us: [pid:4174004 tid: 0x7fa0f7bf0200] Command (FillBuffer) enqueued: 0x3cd9ae10
:3:rocvirtual.cpp           :762 : 4393642304062 us: [pid:4174004 tid: 0x7fa0f7bf0200] Arg0: void* buf = ptr:0x7f9f74e00000
:3:rocvirtual.cpp           :778 : 4393642304067 us: [pid:4174004 tid: 0x7fa0f7bf0200] Arg0: void* buf = ptr:0x7f9f74e00000 obj:[0x7f9f74e00000-0x7f9f79c20000]
:3:rocvirtual.cpp           :762 : 4393642304075 us: [pid:4174004 tid: 0x7fa0f7bf0200] Arg1: uchar* pattern = ptr:0x7f9facc00000
:3:rocvirtual.cpp           :853 : 4393642304084 us: [pid:4174004 tid: 0x7fa0f7bf0200] Arg2: uint pattern_size = val:1
:3:rocvirtual.cpp           :853 : 4393642304088 us: [pid:4174004 tid: 0x7fa0f7bf0200] Arg3: uint alignment = val:16
:3:rocvirtual.cpp           :853 : 4393642304093 us: [pid:4174004 tid: 0x7fa0f7bf0200] Arg4: ulong end_ptr = val:140322919284736
:3:rocvirtual.cpp           :853 : 4393642304100 us: [pid:4174004 tid: 0x7fa0f7bf0200] Arg5: uint next_chunk = val:26624
:3:rocvirtual.cpp           :3236: 4393642304105 us: [pid:4174004 tid: 0x7fa0f7bf0200] ShaderName : __amd_rocclr_fillBufferAligned
:3:rocvirtual.cpp           :3449: 4393642304114 us: [pid:4174004 tid: 0x7fa0f7bf0200] KernargSegmentByteSize = 296 KernargSegmentAlignment = 128
:4:rocvirtual.cpp           :965 : 4393642304125 us: [pid:4174004 tid: 0x7fa0f7bf0200] SWq=0x7fa0ee95c000, HWq=0x7f9face00000, id=1, Dispatch Header = 0x1502 (type=2, barrier=1, acquire=2, release=2), setup=1, grid=[26624, 1, 1], workgroup=[256, 1, 1], private_seg_size=0, group_seg_size=0, kernel_obj=0x7fa0ee94dd40, kernarg_address=0x7f9facc00100, completion_signal=0x0, correlation_id=0, rptr=100, wptr=100
:3:hip_memory.cpp           :3477: 4393642304144 us: [pid:4174004 tid: 0x7fa0f7bf0200] hipMemset: Returned hipSuccess : 
:3:hip_device_runtime.cpp   :641 : 4393642304150 us: [pid:4174004 tid: 0x7fa0f7bf0200] [32m hipDeviceSynchronize (  ) [0m
:4:commandqueue.cpp         :161 : 4393642304156 us: [pid:4174004 tid: 0x7fa0f7bf0200] Marker queued to ensure finish
:4:command.cpp              :359 : 4393642304160 us: [pid:4174004 tid: 0x7fa0f7bf0200] Command (InternalMarker) enqueued: 0x3cf38cb0
:3:rocvirtual.cpp           :533 : 4393642304180 us: [pid:4174004 tid: 0x7fa0f7bf0200] Set Handler: handle(0x7fa0ee7fc800), timestamp(0x3c825e50)
:4:rocvirtual.cpp           :1147: 4393642304928 us: [pid:4174004 tid: 0x7fa0f7bf0200] SWq=0x7fa0ee95c000, HWq=0x7f9face00000, id=1, BarrierAND Header = 0x1503 (type=3, barrier=1, acquire=2, release=2), dep_signal=[0x0, 0x0, 0x0, 0x0, 0x0], completion_signal=0x7fa0ee7fc800
:4:commandqueue.cpp         :184 : 4393642304939 us: [pid:4174004 tid: 0x7fa0f7bf0200] All commands finished
:3:hip_device_runtime.cpp   :645 : 4393642304946 us: [pid:4174004 tid: 0x7fa0f7bf0200] hipDeviceSynchronize: Returned hipSuccess : 
:3:rocvirtual.cpp           :226 : 4393642304953 us: [pid:4174004 tid: 0x7f9fbf3ff6c0] Handler: value(0), timestamp(0x3cf38fa0), handle(0x7fa0ee7fc800)
:3:hip_platform.cpp         :237 : 4393642304958 us: [pid:4174004 tid: 0x7fa0f7bf0200] [32m __hipPushCallConfiguration ( {8,1,1}, {512,1,1}, 0, stream:<null> ) [0m
:3:hip_platform.cpp         :241 : 4393642304997 us: [pid:4174004 tid: 0x7fa0f7bf0200] __hipPushCallConfiguration: Returned hipSuccess : 
:3:hip_platform.cpp         :246 : 4393642305009 us: [pid:4174004 tid: 0x7fa0f7bf0200] [32m __hipPopCallConfiguration ( {37054546,32673,512}, {2118224,0,2918783392}, 0x7fffadf916f0, 0x7fffadf916e8 ) [0m
:3:hip_platform.cpp         :255 : 4393642305020 us: [pid:4174004 tid: 0x7fa0f7bf0200] __hipPopCallConfiguration: Returned hipSuccess : 
:4:command.cpp              :169 : 4393642304985 us: [pid:4174004 tid: 0x7f9fbf3ff6c0] Command 0x3cd9ae10 complete
:3:hip_module.cpp           :744 : 4393642305034 us: [pid:4174004 tid: 0x7fa0f7bf0200] [32m hipLaunchKernel ( 0x200fd8, {8,1,1}, {512,1,1}, 0x7fffadf916a0, 0, stream:<null> ) [0m
:4:command.cpp              :163 : 4393642305515 us: [pid:4174004 tid: 0x7f9fbf3ff6c0] Command 0x3cf38cb0 complete (Wall: 4393642305512, CPU: 0, GPU: 1344 us)
:4:command.cpp              :359 : 4393642305529 us: [pid:4174004 tid: 0x7fa0f7bf0200] Command (KernelExecution) enqueued: 0x3cd9a9d0
:3:rocvirtual.cpp           :762 : 4393642305556 us: [pid:4174004 tid: 0x7fa0f7bf0200] Arg0:   = ptr:0x7f9f7a000000
:3:rocvirtual.cpp           :778 : 4393642306089 us: [pid:4174004 tid: 0x7fa0f7bf0200] Arg0:   = ptr:0x7f9f7a000000 obj:[0x7f9f7a000000-0x7f9f7ee20000]
:3:rocvirtual.cpp           :762 : 4393642306097 us: [pid:4174004 tid: 0x7fa0f7bf0200] Arg1:   = ptr:0x7f9fa0027000
:3:rocvirtual.cpp           :778 : 4393642306101 us: [pid:4174004 tid: 0x7fa0f7bf0200] Arg1:   = ptr:0x7f9fa0027000 obj:[0x7f9fa0027000-0x7f9fa0037000]
:3:rocvirtual.cpp           :762 : 4393642306108 us: [pid:4174004 tid: 0x7fa0f7bf0200] Arg2:   = ptr:0x7f9f74e00000
:3:rocvirtual.cpp           :778 : 4393642306113 us: [pid:4174004 tid: 0x7fa0f7bf0200] Arg2:   = ptr:0x7f9f74e00000 obj:[0x7f9f74e00000-0x7f9f79c20000]
:3:rocvirtual.cpp           :853 : 4393642306120 us: [pid:4174004 tid: 0x7fa0f7bf0200] Arg3:   = val:2048
:3:rocvirtual.cpp           :762 : 4393642306124 us: [pid:4174004 tid: 0x7fa0f7bf0200] Arg4:   = ptr:0x7f9fa0000000
:3:rocvirtual.cpp           :778 : 4393642306129 us: [pid:4174004 tid: 0x7fa0f7bf0200] Arg4:   = ptr:0x7f9fa0000000 obj:[0x7f9fa0000000-0x7f9fa0000024]
:3:rocvirtual.cpp           :3236: 4393642306136 us: [pid:4174004 tid: 0x7fa0f7bf0200] ShaderName : void dense_esuhm<float>(float const*, float const*, float*, int, int const*)
:3:rocvirtual.cpp           :3449: 4393642306145 us: [pid:4174004 tid: 0x7fa0f7bf0200] KernargSegmentByteSize = 296 KernargSegmentAlignment = 128
:4:rocvirtual.cpp           :965 : 4393642306154 us: [pid:4174004 tid: 0x7fa0f7bf0200] SWq=0x7fa0ee95c000, HWq=0x7f9face00000, id=1, Dispatch Header = 0xb02 (type=2, barrier=1, acquire=1, release=1), setup=3, grid=[4096, 1, 1], workgroup=[512, 1, 1], private_seg_size=140, group_seg_size=0, kernel_obj=0x7fa0ee921980, kernarg_address=0x7f9facc00280, completion_signal=0x0, correlation_id=0, rptr=102, wptr=102
:3:hip_module.cpp           :745 : 4393642306178 us: [pid:4174004 tid: 0x7fa0f7bf0200] hipLaunchKernel: Returned hipSuccess : : duration: 1144 us
:3:hip_device_runtime.cpp   :641 : 4393642306186 us: [pid:4174004 tid: 0x7fa0f7bf0200] [32m hipDeviceSynchronize (  ) [0m
:4:commandqueue.cpp         :161 : 4393642306191 us: [pid:4174004 tid: 0x7fa0f7bf0200] Marker queued to ensure finish
:4:command.cpp              :359 : 4393642306196 us: [pid:4174004 tid: 0x7fa0f7bf0200] Command (InternalMarker) enqueued: 0x3cf38cb0
:3:rocvirtual.cpp           :533 : 4393642306650 us: [pid:4174004 tid: 0x7fa0f7bf0200] Set Handler: handle(0x7fa0ee7fc780), timestamp(0x3c826220)
:4:rocvirtual.cpp           :1147: 4393642306659 us: [pid:4174004 tid: 0x7fa0f7bf0200] SWq=0x7fa0ee95c000, HWq=0x7f9face00000, id=1, BarrierAND Header = 0x1503 (type=3, barrier=1, acquire=2, release=2), dep_signal=[0x0, 0x0, 0x0, 0x0, 0x0], completion_signal=0x7fa0ee7fc780
:3:rocvirtual.hpp           :56  : 4393642306669 us: [pid:4174004 tid: 0x7fa0f7bf0200] Host active wait for Signal = (0x7fa0ee7fc780) for -1 ns
:4:commandqueue.cpp         :184 : 4393642306679 us: [pid:4174004 tid: 0x7fa0f7bf0200] All commands finished
:3:hip_device_runtime.cpp   :645 : 4393642306687 us: [pid:4174004 tid: 0x7fa0f7bf0200] hipDeviceSynchronize: Returned hipSuccess : 
:3:rocvirtual.cpp           :226 : 4393642306673 us: [pid:4174004 tid: 0x7f9fbf3ff6c0] Handler: value(0), timestamp(0x3c8264f0), handle(0x7fa0ee7fc780)
:4:command.cpp              :169 : 4393642306717 us: [pid:4174004 tid: 0x7f9fbf3ff6c0] Command 0x3cd9a9d0 complete
:4:command.cpp              :163 : 4393642306729 us: [pid:4174004 tid: 0x7f9fbf3ff6c0] Command 0x3cf38cb0 complete (Wall: 4393642306728, CPU: 0, GPU: 85 us)
:3:hip_memory.cpp           :795 : 4393642306703 us: [pid:4174004 tid: 0x7fa0f7bf0200] [32m hipMemcpy ( 0x7f9f93bdf010, 0x7f9f74e00000, 81920000, hipMemcpyDeviceToHost ) [0m
:4:command.cpp              :359 : 4393642307231 us: [pid:4174004 tid: 0x7fa0f7bf0200] Command (CopyDeviceToHost) enqueued: 0x3cd9a9d0
:4:rocblit.cpp              :1673: 4393642307241 us: [pid:4174004 tid: 0x7fa0f7bf0200] Unpinned read path, Async = 0
:4:rocmemory.cpp            :1018: 4393642307264 us: [pid:4174004 tid: 0x7fa0f7bf0200] Locking to pool 0x3c6dded0, size 0x2001000, HostPtr = 0x7f9f93bdf000, DevPtr = 0x7f9f93bdf000
:4:rocblit.cpp              :623 : 4393642307272 us: [pid:4174004 tid: 0x7fa0f7bf0200] HSA Copy Using Pinned resource size 33554432
:4:rocblit.cpp              :687 : 4393642307279 us: [pid:4174004 tid: 0x7fa0f7bf0200] HSA Async Copy staged D2H
:4:rocblit.cpp              :503 : 4393642307285 us: [pid:4174004 tid: 0x7fa0f7bf0200] Last copy mask 0x0
:4:rocblit.cpp              :509 : 4393642307292 us: [pid:4174004 tid: 0x7fa0f7bf0200] Query copy engine status 0, free_engine mask 0x1e
:4:rocblit.cpp              :520 : 4393642307300 us: [pid:4174004 tid: 0x7fa0f7bf0200] HSA Async Copy on copy_engine=0x2, dst=0x7f9f93bdf010, src=0x7f9f74e00000, size=33554432, forceSDMA=0, wait_event=0x0, completion_signal=0x7fa0ee7fe780
:4:rocvirtual.cpp           :622 : 4393642307311 us: [pid:4174004 tid: 0x7fa0f7bf0200] Host wait on completion_signal=0x7fa0ee7fe780
:3:rocvirtual.hpp           :56  : 4393642307318 us: [pid:4174004 tid: 0x7fa0f7bf0200] Host active wait for Signal = (0x7fa0ee7fe780) for -1 ns
:4:rocmemory.cpp            :1018: 4393642308521 us: [pid:4174004 tid: 0x7fa0f7bf0200] Locking to pool 0x3c6dded0, size 0x2001000, HostPtr = 0x7f9f95bdf000, DevPtr = 0x7f9f95bdf000
:4:rocblit.cpp              :623 : 4393642308789 us: [pid:4174004 tid: 0x7fa0f7bf0200] HSA Copy Using Pinned resource size 33554432
:4:rocblit.cpp              :687 : 4393642308796 us: [pid:4174004 tid: 0x7fa0f7bf0200] HSA Async Copy staged D2H
:4:rocblit.cpp              :503 : 4393642308805 us: [pid:4174004 tid: 0x7fa0f7bf0200] Last copy mask 0x2
:4:rocblit.cpp              :520 : 4393642308809 us: [pid:4174004 tid: 0x7fa0f7bf0200] HSA Async Copy on copy_engine=0x2, dst=0x7f9f95bdf010, src=0x7f9f76e00000, size=33554432, forceSDMA=0, wait_event=0x0, completion_signal=0x7fa0ee7fe580
:4:rocvirtual.cpp           :622 : 4393642308817 us: [pid:4174004 tid: 0x7fa0f7bf0200] Host wait on completion_signal=0x7fa0ee7fe580
:3:rocvirtual.hpp           :56  : 4393642308824 us: [pid:4174004 tid: 0x7fa0f7bf0200] Host active wait for Signal = (0x7fa0ee7fe580) for -1 ns
:4:rocmemory.cpp            :1018: 4393642310025 us: [pid:4174004 tid: 0x7fa0f7bf0200] Locking to pool 0x3c6dded0, size 0xe21000, HostPtr = 0x7f9f97bdf000, DevPtr = 0x7f9f97bdf000
:4:rocblit.cpp              :623 : 4393642310036 us: [pid:4174004 tid: 0x7fa0f7bf0200] HSA Copy Using Pinned resource size 14811136
:4:rocblit.cpp              :687 : 4393642310044 us: [pid:4174004 tid: 0x7fa0f7bf0200] HSA Async Copy staged D2H
:4:rocblit.cpp              :503 : 4393642310050 us: [pid:4174004 tid: 0x7fa0f7bf0200] Last copy mask 0x2
:4:rocblit.cpp              :520 : 4393642310054 us: [pid:4174004 tid: 0x7fa0f7bf0200] HSA Async Copy on copy_engine=0x2, dst=0x7f9f97bdf010, src=0x7f9f78e00000, size=14811136, forceSDMA=0, wait_event=0x0, completion_signal=0x7fa0ee7fdf00
:4:rocvirtual.cpp           :622 : 4393642310062 us: [pid:4174004 tid: 0x7fa0f7bf0200] Host wait on completion_signal=0x7fa0ee7fdf00
:3:rocvirtual.hpp           :56  : 4393642310069 us: [pid:4174004 tid: 0x7fa0f7bf0200] Host active wait for Signal = (0x7fa0ee7fdf00) for -1 ns
:4:commandqueue.cpp         :161 : 4393642310623 us: [pid:4174004 tid: 0x7fa0f7bf0200] Marker queued to ensure finish
:4:command.cpp              :359 : 4393642310645 us: [pid:4174004 tid: 0x7fa0f7bf0200] Command (InternalMarker) enqueued: 0x3cf38cb0
:3:rocvirtual.cpp           :533 : 4393642310658 us: [pid:4174004 tid: 0x7fa0f7bf0200] Set Handler: handle(0x7fa0ee7fc600), timestamp(0x3c86beb0)
:4:rocvirtual.cpp           :1147: 4393642310666 us: [pid:4174004 tid: 0x7fa0f7bf0200] SWq=0x7fa0ee95c000, HWq=0x7f9face00000, id=1, BarrierAND Header = 0x1503 (type=3, barrier=1, acquire=2, release=2), dep_signal=[0x0, 0x0, 0x0, 0x0, 0x0], completion_signal=0x7fa0ee7fc600
:3:rocvirtual.hpp           :56  : 4393642310676 us: [pid:4174004 tid: 0x7fa0f7bf0200] Host active wait for Signal = (0x7fa0ee7fc600) for -1 ns
:3:rocvirtual.cpp           :226 : 4393642310682 us: [pid:4174004 tid: 0x7f9fbf3ff6c0] Handler: value(0), timestamp(0x3cf39290), handle(0x7fa0ee7fc600)
:4:command.cpp              :169 : 4393642310703 us: [pid:4174004 tid: 0x7f9fbf3ff6c0] Command 0x3cd9a9d0 complete
:4:commandqueue.cpp         :184 : 4393642310706 us: [pid:4174004 tid: 0x7fa0f7bf0200] All commands finished
:3:hip_memory.cpp           :796 : 4393642310725 us: [pid:4174004 tid: 0x7fa0f7bf0200] hipMemcpy: Returned hipSuccess : : duration: 4022 us
:4:command.cpp              :163 : 4393642310715 us: [pid:4174004 tid: 0x7f9fbf3ff6c0] Command 0x3cf38cb0 complete (Wall: 4393642310712, CPU: 0, GPU: 60 us)
:3:hip_memory.cpp           :3476: 4393642310735 us: [pid:4174004 tid: 0x7fa0f7bf0200] [32m hipMemset ( 0x7f9f74e00000, 0, 81920000 ) [0m
:4:command.cpp              :359 : 4393642310765 us: [pid:4174004 tid: 0x7fa0f7bf0200] Command (FillBuffer) enqueued: 0x3cd9ae10
:3:rocvirtual.cpp           :762 : 4393642311222 us: [pid:4174004 tid: 0x7fa0f7bf0200] Arg0: void* buf = ptr:0x7f9f74e00000
:3:rocvirtual.cpp           :778 : 4393642311227 us: [pid:4174004 tid: 0x7fa0f7bf0200] Arg0: void* buf = ptr:0x7f9f74e00000 obj:[0x7f9f74e00000-0x7f9f79c20000]
:3:rocvirtual.cpp           :762 : 4393642311234 us: [pid:4174004 tid: 0x7fa0f7bf0200] Arg1: uchar* pattern = ptr:0x7f9facc00000
:3:rocvirtual.cpp           :853 : 4393642311241 us: [pid:4174004 tid: 0x7fa0f7bf0200] Arg2: uint pattern_size = val:1
:3:rocvirtual.cpp           :853 : 4393642311246 us: [pid:4174004 tid: 0x7fa0f7bf0200] Arg3: uint alignment = val:16
:3:rocvirtual.cpp           :853 : 4393642311254 us: [pid:4174004 tid: 0x7fa0f7bf0200] Arg4: ulong end_ptr = val:140322919284736
:3:rocvirtual.cpp           :853 : 4393642311261 us: [pid:4174004 tid: 0x7fa0f7bf0200] Arg5: uint next_chunk = val:26624
:3:rocvirtual.cpp           :3236: 4393642311265 us: [pid:4174004 tid: 0x7fa0f7bf0200] ShaderName : __amd_rocclr_fillBufferAligned
:3:rocvirtual.cpp           :3449: 4393642311273 us: [pid:4174004 tid: 0x7fa0f7bf0200] KernargSegmentByteSize = 296 KernargSegmentAlignment = 128
:4:rocvirtual.cpp           :965 : 4393642311282 us: [pid:4174004 tid: 0x7fa0f7bf0200] SWq=0x7fa0ee95c000, HWq=0x7f9face00000, id=1, Dispatch Header = 0x1502 (type=2, barrier=1, acquire=2, release=2), setup=1, grid=[26624, 1, 1], workgroup=[256, 1, 1], private_seg_size=0, group_seg_size=0, kernel_obj=0x7fa0ee94dd40, kernarg_address=0x7f9facc00100, completion_signal=0x0, correlation_id=0, rptr=105, wptr=105
:3:hip_memory.cpp           :3477: 4393642311295 us: [pid:4174004 tid: 0x7fa0f7bf0200] hipMemset: Returned hipSuccess : 
:3:hip_device_runtime.cpp   :641 : 4393642311301 us: [pid:4174004 tid: 0x7fa0f7bf0200] [32m hipDeviceSynchronize (  ) [0m
:4:commandqueue.cpp         :161 : 4393642311306 us: [pid:4174004 tid: 0x7fa0f7bf0200] Marker queued to ensure finish
:4:command.cpp              :359 : 4393642311310 us: [pid:4174004 tid: 0x7fa0f7bf0200] Command (InternalMarker) enqueued: 0x3cf38cb0
:3:rocvirtual.cpp           :533 : 4393642311322 us: [pid:4174004 tid: 0x7fa0f7bf0200] Set Handler: handle(0x7fa0ee7fc580), timestamp(0x3c86be10)
:4:rocvirtual.cpp           :1147: 4393642311330 us: [pid:4174004 tid: 0x7fa0f7bf0200] SWq=0x7fa0ee95c000, HWq=0x7f9face00000, id=1, BarrierAND Header = 0x1503 (type=3, barrier=1, acquire=2, release=2), dep_signal=[0x0, 0x0, 0x0, 0x0, 0x0], completion_signal=0x7fa0ee7fc580
:3:rocvirtual.hpp           :56  : 4393642311339 us: [pid:4174004 tid: 0x7fa0f7bf0200] Host active wait for Signal = (0x7fa0ee7fc580) for -1 ns
:4:commandqueue.cpp         :184 : 4393642311852 us: [pid:4174004 tid: 0x7fa0f7bf0200] All commands finished
:3:hip_device_runtime.cpp   :645 : 4393642311861 us: [pid:4174004 tid: 0x7fa0f7bf0200] hipDeviceSynchronize: Returned hipSuccess : 
:3:hip_platform.cpp         :237 : 4393642311873 us: [pid:4174004 tid: 0x7fa0f7bf0200] [32m __hipPushCallConfiguration ( {8,1,1}, {512,1,1}, 0, stream:<null> ) [0m
:3:hip_platform.cpp         :241 : 4393642311884 us: [pid:4174004 tid: 0x7fa0f7bf0200] __hipPushCallConfiguration: Returned hipSuccess : 
:3:rocvirtual.cpp           :226 : 4393642311377 us: [pid:4174004 tid: 0x7f9fbf3ff6c0] Handler: value(0), timestamp(0x3c825ed0), handle(0x7fa0ee7fc580)
:3:hip_platform.cpp         :246 : 4393642311893 us: [pid:4174004 tid: 0x7fa0f7bf0200] [32m __hipPopCallConfiguration ( {37054546,32673,512}, {2118224,0,2918783392}, 0x7fffadf916f0, 0x7fffadf916e8 ) [0m
:3:hip_platform.cpp         :255 : 4393642311924 us: [pid:4174004 tid: 0x7fa0f7bf0200] __hipPopCallConfiguration: Returned hipSuccess : 
:4:command.cpp              :169 : 4393642311913 us: [pid:4174004 tid: 0x7f9fbf3ff6c0] Command 0x3cd9ae10 complete
:4:command.cpp              :163 : 4393642311947 us: [pid:4174004 tid: 0x7f9fbf3ff6c0] Command 0x3cf38cb0 complete (Wall: 4393642311945, CPU: 0, GPU: 627 us)
:3:hip_module.cpp           :744 : 4393642311935 us: [pid:4174004 tid: 0x7fa0f7bf0200] [32m hipLaunchKernel ( 0x200fe0, {8,1,1}, {512,1,1}, 0x7fffadf916a0, 0, stream:<null> ) [0m
:4:command.cpp              :359 : 4393642312472 us: [pid:4174004 tid: 0x7fa0f7bf0200] Command (KernelExecution) enqueued: 0x3cd9a9d0
:3:rocvirtual.cpp           :762 : 4393642312482 us: [pid:4174004 tid: 0x7fa0f7bf0200] Arg0:   = ptr:0x7f9f7a000000
:3:rocvirtual.cpp           :778 : 4393642312486 us: [pid:4174004 tid: 0x7fa0f7bf0200] Arg0:   = ptr:0x7f9f7a000000 obj:[0x7f9f7a000000-0x7f9f7ee20000]
:3:rocvirtual.cpp           :762 : 4393642312494 us: [pid:4174004 tid: 0x7fa0f7bf0200] Arg1:   = ptr:0x7f9fa0027000
:3:rocvirtual.cpp           :778 : 4393642312498 us: [pid:4174004 tid: 0x7fa0f7bf0200] Arg1:   = ptr:0x7f9fa0027000 obj:[0x7f9fa0027000-0x7f9fa0037000]
:3:rocvirtual.cpp           :762 : 4393642312510 us: [pid:4174004 tid: 0x7fa0f7bf0200] Arg2:   = ptr:0x7f9f74e00000
:3:rocvirtual.cpp           :778 : 4393642312514 us: [pid:4174004 tid: 0x7fa0f7bf0200] Arg2:   = ptr:0x7f9f74e00000 obj:[0x7f9f74e00000-0x7f9f79c20000]
:3:rocvirtual.cpp           :853 : 4393642312521 us: [pid:4174004 tid: 0x7fa0f7bf0200] Arg3:   = val:2048
:3:rocvirtual.cpp           :762 : 4393642312526 us: [pid:4174004 tid: 0x7fa0f7bf0200] Arg4:   = ptr:0x7f9fa0000000
:3:rocvirtual.cpp           :778 : 4393642312530 us: [pid:4174004 tid: 0x7fa0f7bf0200] Arg4:   = ptr:0x7f9fa0000000 obj:[0x7f9fa0000000-0x7f9fa0000024]
:3:rocvirtual.cpp           :3236: 4393642312537 us: [pid:4174004 tid: 0x7fa0f7bf0200] ShaderName : void dense_esuhm2<float>(float const*, float const*, float*, int, int const*)
:3:rocvirtual.cpp           :3449: 4393642312545 us: [pid:4174004 tid: 0x7fa0f7bf0200] KernargSegmentByteSize = 296 KernargSegmentAlignment = 128
:4:rocvirtual.cpp           :965 : 4393642312554 us: [pid:4174004 tid: 0x7fa0f7bf0200] SWq=0x7fa0ee95c000, HWq=0x7f9face00000, id=1, Dispatch Header = 0xb02 (type=2, barrier=1, acquire=1, release=1), setup=3, grid=[4096, 1, 1], workgroup=[512, 1, 1], private_seg_size=140, group_seg_size=0, kernel_obj=0x7fa0ee9219c0, kernarg_address=0x7f9facc00280, completion_signal=0x0, correlation_id=0, rptr=107, wptr=107
:3:hip_module.cpp           :745 : 4393642312567 us: [pid:4174004 tid: 0x7fa0f7bf0200] hipLaunchKernel: Returned hipSuccess : : duration: 632 us
:3:hip_device_runtime.cpp   :641 : 4393642312943 us: [pid:4174004 tid: 0x7fa0f7bf0200] [32m hipDeviceSynchronize (  ) [0m
:4:commandqueue.cpp         :161 : 4393642312948 us: [pid:4174004 tid: 0x7fa0f7bf0200] Marker queued to ensure finish
:4:command.cpp              :359 : 4393642312953 us: [pid:4174004 tid: 0x7fa0f7bf0200] Command (InternalMarker) enqueued: 0x3cf38cb0
:3:rocvirtual.cpp           :533 : 4393642312965 us: [pid:4174004 tid: 0x7fa0f7bf0200] Set Handler: handle(0x7fa0ee7fc680), timestamp(0x3cf391d0)
:4:rocvirtual.cpp           :1147: 4393642312974 us: [pid:4174004 tid: 0x7fa0f7bf0200] SWq=0x7fa0ee95c000, HWq=0x7f9face00000, id=1, BarrierAND Header = 0x1503 (type=3, barrier=1, acquire=2, release=2), dep_signal=[0x0, 0x0, 0x0, 0x0, 0x0], completion_signal=0x7fa0ee7fc680
:3:rocvirtual.hpp           :56  : 4393642312985 us: [pid:4174004 tid: 0x7fa0f7bf0200] Host active wait for Signal = (0x7fa0ee7fc680) for -1 ns
:4:commandqueue.cpp         :184 : 4393642312995 us: [pid:4174004 tid: 0x7fa0f7bf0200] All commands finished
:3:rocvirtual.cpp           :226 : 4393642312988 us: [pid:4174004 tid: 0x7f9fbf3ff6c0] Handler: value(0), timestamp(0x3c8261b0), handle(0x7fa0ee7fc680)
:4:command.cpp              :169 : 4393642313016 us: [pid:4174004 tid: 0x7f9fbf3ff6c0] Command 0x3cd9a9d0 complete
:3:hip_device_runtime.cpp   :645 : 4393642313000 us: [pid:4174004 tid: 0x7fa0f7bf0200] hipDeviceSynchronize: Returned hipSuccess : 
:4:command.cpp              :163 : 4393642313028 us: [pid:4174004 tid: 0x7f9fbf3ff6c0] Command 0x3cf38cb0 complete (Wall: 4393642313026, CPU: 0, GPU: 66 us)
:3:hip_memory.cpp           :795 : 4393642313041 us: [pid:4174004 tid: 0x7fa0f7bf0200] [32m hipMemcpy ( 0x7f9f8edbe010, 0x7f9f74e00000, 81920000, hipMemcpyDeviceToHost ) [0m
:4:command.cpp              :359 : 4393642313507 us: [pid:4174004 tid: 0x7fa0f7bf0200] Command (CopyDeviceToHost) enqueued: 0x3cd9a9d0
:4:rocblit.cpp              :1673: 4393642313516 us: [pid:4174004 tid: 0x7fa0f7bf0200] Unpinned read path, Async = 0
:4:rocmemory.cpp            :1018: 4393642313533 us: [pid:4174004 tid: 0x7fa0f7bf0200] Locking to pool 0x3c6dded0, size 0x2001000, HostPtr = 0x7f9f8edbe000, DevPtr = 0x7f9f8edbe000
:4:rocblit.cpp              :623 : 4393642313541 us: [pid:4174004 tid: 0x7fa0f7bf0200] HSA Copy Using Pinned resource size 33554432
:4:rocblit.cpp              :687 : 4393642313548 us: [pid:4174004 tid: 0x7fa0f7bf0200] HSA Async Copy staged D2H
:4:rocblit.cpp              :503 : 4393642313553 us: [pid:4174004 tid: 0x7fa0f7bf0200] Last copy mask 0x0
:4:rocblit.cpp              :509 : 4393642313563 us: [pid:4174004 tid: 0x7fa0f7bf0200] Query copy engine status 0, free_engine mask 0x1e
:4:rocblit.cpp              :520 : 4393642313570 us: [pid:4174004 tid: 0x7fa0f7bf0200] HSA Async Copy on copy_engine=0x2, dst=0x7f9f8edbe010, src=0x7f9f74e00000, size=33554432, forceSDMA=0, wait_event=0x0, completion_signal=0x7fa0ee7fe380
:4:rocvirtual.cpp           :622 : 4393642313579 us: [pid:4174004 tid: 0x7fa0f7bf0200] Host wait on completion_signal=0x7fa0ee7fe380
:3:rocvirtual.hpp           :56  : 4393642313996 us: [pid:4174004 tid: 0x7fa0f7bf0200] Host active wait for Signal = (0x7fa0ee7fe380) for -1 ns
:4:rocmemory.cpp            :1018: 4393642314784 us: [pid:4174004 tid: 0x7fa0f7bf0200] Locking to pool 0x3c6dded0, size 0x2001000, HostPtr = 0x7f9f90dbe000, DevPtr = 0x7f9f90dbe000
:4:rocblit.cpp              :623 : 4393642314907 us: [pid:4174004 tid: 0x7fa0f7bf0200] HSA Copy Using Pinned resource size 33554432
:4:rocblit.cpp              :687 : 4393642314914 us: [pid:4174004 tid: 0x7fa0f7bf0200] HSA Async Copy staged D2H
:4:rocblit.cpp              :503 : 4393642314919 us: [pid:4174004 tid: 0x7fa0f7bf0200] Last copy mask 0x2
:4:rocblit.cpp              :520 : 4393642314924 us: [pid:4174004 tid: 0x7fa0f7bf0200] HSA Async Copy on copy_engine=0x2, dst=0x7f9f90dbe010, src=0x7f9f76e00000, size=33554432, forceSDMA=0, wait_event=0x0, completion_signal=0x7fa0ee7fe000
:4:rocvirtual.cpp           :622 : 4393642314932 us: [pid:4174004 tid: 0x7fa0f7bf0200] Host wait on completion_signal=0x7fa0ee7fe000
:3:rocvirtual.hpp           :56  : 4393642314938 us: [pid:4174004 tid: 0x7fa0f7bf0200] Host active wait for Signal = (0x7fa0ee7fe000) for -1 ns
:4:rocmemory.cpp            :1018: 4393642316140 us: [pid:4174004 tid: 0x7fa0f7bf0200] Locking to pool 0x3c6dded0, size 0xe21000, HostPtr = 0x7f9f92dbe000, DevPtr = 0x7f9f92dbe000
:4:rocblit.cpp              :623 : 4393642316150 us: [pid:4174004 tid: 0x7fa0f7bf0200] HSA Copy Using Pinned resource size 14811136
:4:rocblit.cpp              :687 : 4393642316157 us: [pid:4174004 tid: 0x7fa0f7bf0200] HSA Async Copy staged D2H
:4:rocblit.cpp              :503 : 4393642316162 us: [pid:4174004 tid: 0x7fa0f7bf0200] Last copy mask 0x2
:4:rocblit.cpp              :520 : 4393642316167 us: [pid:4174004 tid: 0x7fa0f7bf0200] HSA Async Copy on copy_engine=0x2, dst=0x7f9f92dbe010, src=0x7f9f78e00000, size=14811136, forceSDMA=0, wait_event=0x0, completion_signal=0x7fa0ee7fe080
:4:rocvirtual.cpp           :622 : 4393642316175 us: [pid:4174004 tid: 0x7fa0f7bf0200] Host wait on completion_signal=0x7fa0ee7fe080
:3:rocvirtual.hpp           :56  : 4393642316182 us: [pid:4174004 tid: 0x7fa0f7bf0200] Host active wait for Signal = (0x7fa0ee7fe080) for -1 ns
:4:commandqueue.cpp         :161 : 4393642316736 us: [pid:4174004 tid: 0x7fa0f7bf0200] Marker queued to ensure finish
:4:command.cpp              :359 : 4393642316789 us: [pid:4174004 tid: 0x7fa0f7bf0200] Command (InternalMarker) enqueued: 0x3cf38cb0
:3:rocvirtual.cpp           :533 : 4393642316813 us: [pid:4174004 tid: 0x7fa0f7bf0200] Set Handler: handle(0x7fa0ee7fc400), timestamp(0x3ce0b340)
:4:rocvirtual.cpp           :1147: 4393642316825 us: [pid:4174004 tid: 0x7fa0f7bf0200] SWq=0x7fa0ee95c000, HWq=0x7f9face00000, id=1, BarrierAND Header = 0x1503 (type=3, barrier=1, acquire=2, release=2), dep_signal=[0x0, 0x0, 0x0, 0x0, 0x0], completion_signal=0x7fa0ee7fc400
:4:commandqueue.cpp         :184 : 4393642316838 us: [pid:4174004 tid: 0x7fa0f7bf0200] All commands finished
:3:hip_memory.cpp           :796 : 4393642316844 us: [pid:4174004 tid: 0x7fa0f7bf0200] hipMemcpy: Returned hipSuccess : : duration: 3803 us
:3:rocvirtual.cpp           :226 : 4393642316850 us: [pid:4174004 tid: 0x7f9fbf3ff6c0] Handler: value(0), timestamp(0x3c8261b0), handle(0x7fa0ee7fc400)
:4:command.cpp              :169 : 4393642316870 us: [pid:4174004 tid: 0x7f9fbf3ff6c0] Command 0x3cd9a9d0 complete
:3:hip_memory.cpp           :3476: 4393642316854 us: [pid:4174004 tid: 0x7fa0f7bf0200] [32m hipMemset ( 0x7f9f74e00000, 0, 81920000 ) [0m
:4:command.cpp              :359 : 4393642316898 us: [pid:4174004 tid: 0x7fa0f7bf0200] Command (FillBuffer) enqueued: 0x3cd9a9d0
:3:rocvirtual.cpp           :762 : 4393642316910 us: [pid:4174004 tid: 0x7fa0f7bf0200] Arg0: void* buf = ptr:0x7f9f74e00000
:3:rocvirtual.cpp           :778 : 4393642317419 us: [pid:4174004 tid: 0x7fa0f7bf0200] Arg0: void* buf = ptr:0x7f9f74e00000 obj:[0x7f9f74e00000-0x7f9f79c20000]
:3:rocvirtual.cpp           :762 : 4393642317428 us: [pid:4174004 tid: 0x7fa0f7bf0200] Arg1: uchar* pattern = ptr:0x7f9facc00000
:3:rocvirtual.cpp           :853 : 4393642317437 us: [pid:4174004 tid: 0x7fa0f7bf0200] Arg2: uint pattern_size = val:1
:3:rocvirtual.cpp           :853 : 4393642317443 us: [pid:4174004 tid: 0x7fa0f7bf0200] Arg3: uint alignment = val:16
:3:rocvirtual.cpp           :853 : 4393642317449 us: [pid:4174004 tid: 0x7fa0f7bf0200] Arg4: ulong end_ptr = val:140322919284736
:3:rocvirtual.cpp           :853 : 4393642317458 us: [pid:4174004 tid: 0x7fa0f7bf0200] Arg5: uint next_chunk = val:26624
:3:rocvirtual.cpp           :3236: 4393642317463 us: [pid:4174004 tid: 0x7fa0f7bf0200] ShaderName : __amd_rocclr_fillBufferAligned
:3:rocvirtual.cpp           :3449: 4393642317472 us: [pid:4174004 tid: 0x7fa0f7bf0200] KernargSegmentByteSize = 296 KernargSegmentAlignment = 128
:4:rocvirtual.cpp           :965 : 4393642317482 us: [pid:4174004 tid: 0x7fa0f7bf0200] SWq=0x7fa0ee95c000, HWq=0x7f9face00000, id=1, Dispatch Header = 0x1502 (type=2, barrier=1, acquire=2, release=2), setup=1, grid=[26624, 1, 1], workgroup=[256, 1, 1], private_seg_size=0, group_seg_size=0, kernel_obj=0x7fa0ee94dd40, kernarg_address=0x7f9facc00100, completion_signal=0x0, correlation_id=0, rptr=110, wptr=110
:3:hip_memory.cpp           :3477: 4393642317498 us: [pid:4174004 tid: 0x7fa0f7bf0200] hipMemset: Returned hipSuccess : 
:3:hip_device_runtime.cpp   :641 : 4393642317504 us: [pid:4174004 tid: 0x7fa0f7bf0200] [32m hipDeviceSynchronize (  ) [0m
:4:commandqueue.cpp         :161 : 4393642317510 us: [pid:4174004 tid: 0x7fa0f7bf0200] Marker queued to ensure finish
:4:command.cpp              :359 : 4393642317516 us: [pid:4174004 tid: 0x7fa0f7bf0200] Command (InternalMarker) enqueued: 0x3ce937a0
:3:rocvirtual.cpp           :533 : 4393642317530 us: [pid:4174004 tid: 0x7fa0f7bf0200] Set Handler: handle(0x7fa0ee7fc380), timestamp(0x3ce0b450)
:4:rocvirtual.cpp           :1147: 4393642317987 us: [pid:4174004 tid: 0x7fa0f7bf0200] SWq=0x7fa0ee95c000, HWq=0x7f9face00000, id=1, BarrierAND Header = 0x1503 (type=3, barrier=1, acquire=2, release=2), dep_signal=[0x0, 0x0, 0x0, 0x0, 0x0], completion_signal=0x7fa0ee7fc380
:4:commandqueue.cpp         :184 : 4393642317999 us: [pid:4174004 tid: 0x7fa0f7bf0200] All commands finished
:4:command.cpp              :163 : 4393642316884 us: [pid:4174004 tid: 0x7f9fbf3ff6c0] Command 0x3cf38cb0 complete (Wall: 4393642316882, CPU: 0, GPU: 85 us)
:3:rocvirtual.cpp           :226 : 4393642318018 us: [pid:4174004 tid: 0x7f9fbf3ff6c0] Handler: value(0), timestamp(0x3ce0b290), handle(0x7fa0ee7fc380)
:4:command.cpp              :169 : 4393642318028 us: [pid:4174004 tid: 0x7f9fbf3ff6c0] Command 0x3cd9a9d0 complete
:4:command.cpp              :163 : 4393642318034 us: [pid:4174004 tid: 0x7f9fbf3ff6c0] Command 0x3ce937a0 complete (Wall: 4393642318033, CPU: 0, GPU: 508 us)
:3:hip_device_runtime.cpp   :645 : 4393642318004 us: [pid:4174004 tid: 0x7fa0f7bf0200] hipDeviceSynchronize: Returned hipSuccess : 
:3:hip_platform.cpp         :237 : 4393642318066 us: [pid:4174004 tid: 0x7fa0f7bf0200] [32m __hipPushCallConfiguration ( {8,1,1}, {512,1,1}, 0, stream:<null> ) [0m
:3:hip_platform.cpp         :241 : 4393642318074 us: [pid:4174004 tid: 0x7fa0f7bf0200] __hipPushCallConfiguration: Returned hipSuccess : 
:3:hip_platform.cpp         :246 : 4393642318084 us: [pid:4174004 tid: 0x7fa0f7bf0200] [32m __hipPopCallConfiguration ( {37054546,32673,512}, {2118224,0,2918783392}, 0x7fffadf916f0, 0x7fffadf916e8 ) [0m
:3:hip_platform.cpp         :255 : 4393642318510 us: [pid:4174004 tid: 0x7fa0f7bf0200] __hipPopCallConfiguration: Returned hipSuccess : 
:3:hip_module.cpp           :744 : 4393642318525 us: [pid:4174004 tid: 0x7fa0f7bf0200] [32m hipLaunchKernel ( 0x200fe8, {8,1,1}, {512,1,1}, 0x7fffadf916a0, 0, stream:<null> ) [0m
:4:command.cpp              :359 : 4393642318539 us: [pid:4174004 tid: 0x7fa0f7bf0200] Command (KernelExecution) enqueued: 0x3cd9a9d0
:3:rocvirtual.cpp           :762 : 4393642318548 us: [pid:4174004 tid: 0x7fa0f7bf0200] Arg0:   = ptr:0x7f9f7a000000
:3:rocvirtual.cpp           :778 : 4393642318552 us: [pid:4174004 tid: 0x7fa0f7bf0200] Arg0:   = ptr:0x7f9f7a000000 obj:[0x7f9f7a000000-0x7f9f7ee20000]
:3:rocvirtual.cpp           :762 : 4393642318559 us: [pid:4174004 tid: 0x7fa0f7bf0200] Arg1:   = ptr:0x7f9fa0027000
:3:rocvirtual.cpp           :778 : 4393642318564 us: [pid:4174004 tid: 0x7fa0f7bf0200] Arg1:   = ptr:0x7f9fa0027000 obj:[0x7f9fa0027000-0x7f9fa0037000]
:3:rocvirtual.cpp           :762 : 4393642318571 us: [pid:4174004 tid: 0x7fa0f7bf0200] Arg2:   = ptr:0x7f9f74e00000
:3:rocvirtual.cpp           :778 : 4393642318575 us: [pid:4174004 tid: 0x7fa0f7bf0200] Arg2:   = ptr:0x7f9f74e00000 obj:[0x7f9f74e00000-0x7f9f79c20000]
:3:rocvirtual.cpp           :853 : 4393642318582 us: [pid:4174004 tid: 0x7fa0f7bf0200] Arg3:   = val:2048
:3:rocvirtual.cpp           :762 : 4393642318587 us: [pid:4174004 tid: 0x7fa0f7bf0200] Arg4:   = ptr:0x7f9fa0000000
:3:rocvirtual.cpp           :778 : 4393642318591 us: [pid:4174004 tid: 0x7fa0f7bf0200] Arg4:   = ptr:0x7f9fa0000000 obj:[0x7f9fa0000000-0x7f9fa0000024]
:3:rocvirtual.cpp           :3236: 4393642318598 us: [pid:4174004 tid: 0x7fa0f7bf0200] ShaderName : void dense_esuhm3<float>(float const*, float const*, float*, int, int const*)
:3:rocvirtual.cpp           :3449: 4393642318606 us: [pid:4174004 tid: 0x7fa0f7bf0200] KernargSegmentByteSize = 296 KernargSegmentAlignment = 128
:4:rocvirtual.cpp           :965 : 4393642318616 us: [pid:4174004 tid: 0x7fa0f7bf0200] SWq=0x7fa0ee95c000, HWq=0x7f9face00000, id=1, Dispatch Header = 0xb02 (type=2, barrier=1, acquire=1, release=1), setup=3, grid=[4096, 1, 1], workgroup=[512, 1, 1], private_seg_size=140, group_seg_size=0, kernel_obj=0x7fa0ee921a00, kernarg_address=0x7f9facc00280, completion_signal=0x0, correlation_id=0, rptr=112, wptr=112
:3:hip_module.cpp           :745 : 4393642319085 us: [pid:4174004 tid: 0x7fa0f7bf0200] hipLaunchKernel: Returned hipSuccess : : duration: 560 us
:3:hip_device_runtime.cpp   :641 : 4393642319093 us: [pid:4174004 tid: 0x7fa0f7bf0200] [32m hipDeviceSynchronize (  ) [0m
:4:commandqueue.cpp         :161 : 4393642319098 us: [pid:4174004 tid: 0x7fa0f7bf0200] Marker queued to ensure finish
:4:command.cpp              :359 : 4393642319102 us: [pid:4174004 tid: 0x7fa0f7bf0200] Command (InternalMarker) enqueued: 0x3ce937a0
:3:rocvirtual.cpp           :533 : 4393642319114 us: [pid:4174004 tid: 0x7fa0f7bf0200] Set Handler: handle(0x7fa0ee7fc300), timestamp(0x3d02ed00)
:4:rocvirtual.cpp           :1147: 4393642319122 us: [pid:4174004 tid: 0x7fa0f7bf0200] SWq=0x7fa0ee95c000, HWq=0x7f9face00000, id=1, BarrierAND Header = 0x1503 (type=3, barrier=1, acquire=2, release=2), dep_signal=[0x0, 0x0, 0x0, 0x0, 0x0], completion_signal=0x7fa0ee7fc300
:3:rocvirtual.hpp           :56  : 4393642319132 us: [pid:4174004 tid: 0x7fa0f7bf0200] Host active wait for Signal = (0x7fa0ee7fc300) for -1 ns
:3:rocvirtual.cpp           :226 : 4393642319262 us: [pid:4174004 tid: 0x7f9fbf3ff6c0] Handler: value(0), timestamp(0x3d02ec50), handle(0x7fa0ee7fc300)
:4:command.cpp              :169 : 4393642319559 us: [pid:4174004 tid: 0x7f9fbf3ff6c0] Command 0x3cd9a9d0 complete
:4:command.cpp              :163 : 4393642319567 us: [pid:4174004 tid: 0x7f9fbf3ff6c0] Command 0x3ce937a0 complete (Wall: 4393642319566, CPU: 0, GPU: 457 us)
:4:commandqueue.cpp         :184 : 4393642319272 us: [pid:4174004 tid: 0x7fa0f7bf0200] All commands finished
:3:hip_device_runtime.cpp   :645 : 4393642319592 us: [pid:4174004 tid: 0x7fa0f7bf0200] hipDeviceSynchronize: Returned hipSuccess : 
:3:hip_memory.cpp           :795 : 4393642319604 us: [pid:4174004 tid: 0x7fa0f7bf0200] [32m hipMemcpy ( 0x7f9f89f9d010, 0x7f9f74e00000, 81920000, hipMemcpyDeviceToHost ) [0m
:4:command.cpp              :359 : 4393642319620 us: [pid:4174004 tid: 0x7fa0f7bf0200] Command (CopyDeviceToHost) enqueued: 0x3cd9a9d0
:4:rocblit.cpp              :1673: 4393642319629 us: [pid:4174004 tid: 0x7fa0f7bf0200] Unpinned read path, Async = 0
:4:rocmemory.cpp            :1018: 4393642319643 us: [pid:4174004 tid: 0x7fa0f7bf0200] Locking to pool 0x3c6dded0, size 0x2001000, HostPtr = 0x7f9f89f9d000, DevPtr = 0x7f9f89f9d000
:4:rocblit.cpp              :623 : 4393642319650 us: [pid:4174004 tid: 0x7fa0f7bf0200] HSA Copy Using Pinned resource size 33554432
:4:rocblit.cpp              :687 : 4393642320050 us: [pid:4174004 tid: 0x7fa0f7bf0200] HSA Async Copy staged D2H
:4:rocblit.cpp              :503 : 4393642320056 us: [pid:4174004 tid: 0x7fa0f7bf0200] Last copy mask 0x0
:4:rocblit.cpp              :509 : 4393642320062 us: [pid:4174004 tid: 0x7fa0f7bf0200] Query copy engine status 0, free_engine mask 0x1e
:4:rocblit.cpp              :520 : 4393642320069 us: [pid:4174004 tid: 0x7fa0f7bf0200] HSA Async Copy on copy_engine=0x2, dst=0x7f9f89f9d010, src=0x7f9f74e00000, size=33554432, forceSDMA=0, wait_event=0x0, completion_signal=0x7fa0ee7fe180
:4:rocvirtual.cpp           :622 : 4393642320078 us: [pid:4174004 tid: 0x7fa0f7bf0200] Host wait on completion_signal=0x7fa0ee7fe180
:3:rocvirtual.hpp           :56  : 4393642320085 us: [pid:4174004 tid: 0x7fa0f7bf0200] Host active wait for Signal = (0x7fa0ee7fe180) for -1 ns
:4:rocmemory.cpp            :1018: 4393642321284 us: [pid:4174004 tid: 0x7fa0f7bf0200] Locking to pool 0x3c6dded0, size 0x2001000, HostPtr = 0x7f9f8bf9d000, DevPtr = 0x7f9f8bf9d000
:4:rocblit.cpp              :623 : 4393642321294 us: [pid:4174004 tid: 0x7fa0f7bf0200] HSA Copy Using Pinned resource size 33554432
:4:rocblit.cpp              :687 : 4393642321301 us: [pid:4174004 tid: 0x7fa0f7bf0200] HSA Async Copy staged D2H
:4:rocblit.cpp              :503 : 4393642321305 us: [pid:4174004 tid: 0x7fa0f7bf0200] Last copy mask 0x2
:4:rocblit.cpp              :520 : 4393642321310 us: [pid:4174004 tid: 0x7fa0f7bf0200] HSA Async Copy on copy_engine=0x2, dst=0x7f9f8bf9d010, src=0x7f9f76e00000, size=33554432, forceSDMA=0, wait_event=0x0, completion_signal=0x7fa0ee7fdf80
:4:rocvirtual.cpp           :622 : 4393642321318 us: [pid:4174004 tid: 0x7fa0f7bf0200] Host wait on completion_signal=0x7fa0ee7fdf80
:3:rocvirtual.hpp           :56  : 4393642321325 us: [pid:4174004 tid: 0x7fa0f7bf0200] Host active wait for Signal = (0x7fa0ee7fdf80) for -1 ns
:4:rocmemory.cpp            :1018: 4393642322523 us: [pid:4174004 tid: 0x7fa0f7bf0200] Locking to pool 0x3c6dded0, size 0xe21000, HostPtr = 0x7f9f8df9d000, DevPtr = 0x7f9f8df9d000
:4:rocblit.cpp              :623 : 4393642322532 us: [pid:4174004 tid: 0x7fa0f7bf0200] HSA Copy Using Pinned resource size 14811136
:4:rocblit.cpp              :687 : 4393642322539 us: [pid:4174004 tid: 0x7fa0f7bf0200] HSA Async Copy staged D2H
:4:rocblit.cpp              :503 : 4393642322545 us: [pid:4174004 tid: 0x7fa0f7bf0200] Last copy mask 0x2
:4:rocblit.cpp              :520 : 4393642322549 us: [pid:4174004 tid: 0x7fa0f7bf0200] HSA Async Copy on copy_engine=0x2, dst=0x7f9f8df9d010, src=0x7f9f78e00000, size=14811136, forceSDMA=0, wait_event=0x0, completion_signal=0x7fa0ee7fe100
:4:rocvirtual.cpp           :622 : 4393642322558 us: [pid:4174004 tid: 0x7fa0f7bf0200] Host wait on completion_signal=0x7fa0ee7fe100
:3:rocvirtual.hpp           :56  : 4393642322565 us: [pid:4174004 tid: 0x7fa0f7bf0200] Host active wait for Signal = (0x7fa0ee7fe100) for -1 ns
:4:commandqueue.cpp         :161 : 4393642323181 us: [pid:4174004 tid: 0x7fa0f7bf0200] Marker queued to ensure finish
:4:command.cpp              :359 : 4393642323187 us: [pid:4174004 tid: 0x7fa0f7bf0200] Command (InternalMarker) enqueued: 0x3ce937a0
:3:rocvirtual.cpp           :533 : 4393642323201 us: [pid:4174004 tid: 0x7fa0f7bf0200] Set Handler: handle(0x7fa0ee7fc180), timestamp(0x3d02eed0)
:4:rocvirtual.cpp           :1147: 4393642323209 us: [pid:4174004 tid: 0x7fa0f7bf0200] SWq=0x7fa0ee95c000, HWq=0x7f9face00000, id=1, BarrierAND Header = 0x1503 (type=3, barrier=1, acquire=2, release=2), dep_signal=[0x0, 0x0, 0x0, 0x0, 0x0], completion_signal=0x7fa0ee7fc180
:4:commandqueue.cpp         :184 : 4393642323222 us: [pid:4174004 tid: 0x7fa0f7bf0200] All commands finished
:3:rocvirtual.cpp           :226 : 4393642323224 us: [pid:4174004 tid: 0x7f9fbf3ff6c0] Handler: value(0), timestamp(0x3d02ead0), handle(0x7fa0ee7fc180)
:4:command.cpp              :169 : 4393642323240 us: [pid:4174004 tid: 0x7f9fbf3ff6c0] Command 0x3cd9a9d0 complete
:4:command.cpp              :163 : 4393642323247 us: [pid:4174004 tid: 0x7f9fbf3ff6c0] Command 0x3ce937a0 complete (Wall: 4393642323245, CPU: 0, GPU: 51 us)
:3:hip_memory.cpp           :796 : 4393642323265 us: [pid:4174004 tid: 0x7fa0f7bf0200] hipMemcpy: Returned hipSuccess : : duration: 3661 us
:3:hip_memory.cpp           :3476: 4393642533469 us: [pid:4174004 tid: 0x7fa0f7bf0200] [32m hipMemset ( 0x7f9f74e00000, 0, 81920000 ) [0m
:4:command.cpp              :359 : 4393642533504 us: [pid:4174004 tid: 0x7fa0f7bf0200] Command (FillBuffer) enqueued: 0x3cd9ae10
:3:rocvirtual.cpp           :762 : 4393642533520 us: [pid:4174004 tid: 0x7fa0f7bf0200] Arg0: void* buf = ptr:0x7f9f74e00000
:3:rocvirtual.cpp           :778 : 4393642533525 us: [pid:4174004 tid: 0x7fa0f7bf0200] Arg0: void* buf = ptr:0x7f9f74e00000 obj:[0x7f9f74e00000-0x7f9f79c20000]
:3:rocvirtual.cpp           :762 : 4393642533533 us: [pid:4174004 tid: 0x7fa0f7bf0200] Arg1: uchar* pattern = ptr:0x7f9facc00000
:3:rocvirtual.cpp           :853 : 4393642533540 us: [pid:4174004 tid: 0x7fa0f7bf0200] Arg2: uint pattern_size = val:1
:3:rocvirtual.cpp           :853 : 4393642533544 us: [pid:4174004 tid: 0x7fa0f7bf0200] Arg3: uint alignment = val:16
:3:rocvirtual.cpp           :853 : 4393642533549 us: [pid:4174004 tid: 0x7fa0f7bf0200] Arg4: ulong end_ptr = val:140322919284736
:3:rocvirtual.cpp           :853 : 4393642533557 us: [pid:4174004 tid: 0x7fa0f7bf0200] Arg5: uint next_chunk = val:26624
:3:rocvirtual.cpp           :3236: 4393642533562 us: [pid:4174004 tid: 0x7fa0f7bf0200] ShaderName : __amd_rocclr_fillBufferAligned
:3:rocvirtual.cpp           :3449: 4393642533570 us: [pid:4174004 tid: 0x7fa0f7bf0200] KernargSegmentByteSize = 296 KernargSegmentAlignment = 128
:4:rocvirtual.cpp           :965 : 4393642533581 us: [pid:4174004 tid: 0x7fa0f7bf0200] SWq=0x7fa0ee95c000, HWq=0x7f9face00000, id=1, Dispatch Header = 0x1502 (type=2, barrier=1, acquire=2, release=2), setup=1, grid=[26624, 1, 1], workgroup=[256, 1, 1], private_seg_size=0, group_seg_size=0, kernel_obj=0x7fa0ee94dd40, kernarg_address=0x7f9facc00100, completion_signal=0x0, correlation_id=0, rptr=115, wptr=115
:3:hip_memory.cpp           :3477: 4393642533596 us: [pid:4174004 tid: 0x7fa0f7bf0200] hipMemset: Returned hipSuccess : 
:3:hip_device_runtime.cpp   :641 : 4393642533602 us: [pid:4174004 tid: 0x7fa0f7bf0200] [32m hipDeviceSynchronize (  ) [0m
:4:commandqueue.cpp         :161 : 4393642533607 us: [pid:4174004 tid: 0x7fa0f7bf0200] Marker queued to ensure finish
:4:command.cpp              :359 : 4393642533612 us: [pid:4174004 tid: 0x7fa0f7bf0200] Command (InternalMarker) enqueued: 0x3ce937a0
:3:rocvirtual.cpp           :533 : 4393642533631 us: [pid:4174004 tid: 0x7fa0f7bf0200] Set Handler: handle(0x7fa0ee7fc100), timestamp(0x3ce931d0)
:4:rocvirtual.cpp           :1147: 4393642534088 us: [pid:4174004 tid: 0x7fa0f7bf0200] SWq=0x7fa0ee95c000, HWq=0x7f9face00000, id=1, BarrierAND Header = 0x1503 (type=3, barrier=1, acquire=2, release=2), dep_signal=[0x0, 0x0, 0x0, 0x0, 0x0], completion_signal=0x7fa0ee7fc100
:4:commandqueue.cpp         :184 : 4393642534100 us: [pid:4174004 tid: 0x7fa0f7bf0200] All commands finished
:3:hip_device_runtime.cpp   :645 : 4393642534106 us: [pid:4174004 tid: 0x7fa0f7bf0200] hipDeviceSynchronize: Returned hipSuccess : 
:3:rocvirtual.cpp           :226 : 4393642534109 us: [pid:4174004 tid: 0x7f9fbf3ff6c0] Handler: value(0), timestamp(0x3ce0b490), handle(0x7fa0ee7fc100)
:3:hip_platform.cpp         :237 : 4393642534124 us: [pid:4174004 tid: 0x7fa0f7bf0200] [32m __hipPushCallConfiguration ( {8,1,1}, {1024,1,1}, 0, stream:<null> ) [0m
:3:hip_platform.cpp         :241 : 4393642534159 us: [pid:4174004 tid: 0x7fa0f7bf0200] __hipPushCallConfiguration: Returned hipSuccess : 
:4:command.cpp              :169 : 4393642534143 us: [pid:4174004 tid: 0x7f9fbf3ff6c0] Command 0x3cd9ae10 complete
:3:hip_platform.cpp         :246 : 4393642534172 us: [pid:4174004 tid: 0x7fa0f7bf0200] [32m __hipPopCallConfiguration ( {37054546,32673,1024}, {2118224,0,2918783392}, 0x7fffadf916f0, 0x7fffadf916e8 ) [0m
:3:hip_platform.cpp         :255 : 4393642534193 us: [pid:4174004 tid: 0x7fa0f7bf0200] __hipPopCallConfiguration: Returned hipSuccess : 
:4:command.cpp              :163 : 4393642534184 us: [pid:4174004 tid: 0x7f9fbf3ff6c0] Command 0x3ce937a0 complete (Wall: 4393642534182, CPU: 0, GPU: 562 us)
:3:hip_module.cpp           :744 : 4393642534205 us: [pid:4174004 tid: 0x7fa0f7bf0200] [32m hipLaunchKernel ( 0x200fd8, {8,1,1}, {1024,1,1}, 0x7fffadf916a0, 0, stream:<null> ) [0m
:4:command.cpp              :359 : 4393642534595 us: [pid:4174004 tid: 0x7fa0f7bf0200] Command (KernelExecution) enqueued: 0x3cd9a9d0
:3:rocvirtual.cpp           :762 : 4393642534604 us: [pid:4174004 tid: 0x7fa0f7bf0200] Arg0:   = ptr:0x7f9f7a000000
:3:rocvirtual.cpp           :778 : 4393642534609 us: [pid:4174004 tid: 0x7fa0f7bf0200] Arg0:   = ptr:0x7f9f7a000000 obj:[0x7f9f7a000000-0x7f9f7ee20000]
:3:rocvirtual.cpp           :762 : 4393642534617 us: [pid:4174004 tid: 0x7fa0f7bf0200] Arg1:   = ptr:0x7f9fa0027000
:3:rocvirtual.cpp           :778 : 4393642534621 us: [pid:4174004 tid: 0x7fa0f7bf0200] Arg1:   = ptr:0x7f9fa0027000 obj:[0x7f9fa0027000-0x7f9fa0037000]
:3:rocvirtual.cpp           :762 : 4393642534629 us: [pid:4174004 tid: 0x7fa0f7bf0200] Arg2:   = ptr:0x7f9f74e00000
:3:rocvirtual.cpp           :778 : 4393642534634 us: [pid:4174004 tid: 0x7fa0f7bf0200] Arg2:   = ptr:0x7f9f74e00000 obj:[0x7f9f74e00000-0x7f9f79c20000]
:3:rocvirtual.cpp           :853 : 4393642534641 us: [pid:4174004 tid: 0x7fa0f7bf0200] Arg3:   = val:2048
:3:rocvirtual.cpp           :762 : 4393642534645 us: [pid:4174004 tid: 0x7fa0f7bf0200] Arg4:   = ptr:0x7f9fa0000000
:3:rocvirtual.cpp           :778 : 4393642534650 us: [pid:4174004 tid: 0x7fa0f7bf0200] Arg4:   = ptr:0x7f9fa0000000 obj:[0x7f9fa0000000-0x7f9fa0000024]
:3:rocvirtual.cpp           :3236: 4393642534657 us: [pid:4174004 tid: 0x7fa0f7bf0200] ShaderName : void dense_esuhm<float>(float const*, float const*, float*, int, int const*)
:3:rocvirtual.cpp           :3449: 4393642534666 us: [pid:4174004 tid: 0x7fa0f7bf0200] KernargSegmentByteSize = 296 KernargSegmentAlignment = 128
:4:rocvirtual.cpp           :965 : 4393642534675 us: [pid:4174004 tid: 0x7fa0f7bf0200] SWq=0x7fa0ee95c000, HWq=0x7f9face00000, id=1, Dispatch Header = 0xb02 (type=2, barrier=1, acquire=1, release=1), setup=3, grid=[8192, 1, 1], workgroup=[1024, 1, 1], private_seg_size=140, group_seg_size=0, kernel_obj=0x7fa0ee921980, kernarg_address=0x7f9facc00280, completion_signal=0x0, correlation_id=0, rptr=117, wptr=117
:3:hip_module.cpp           :745 : 4393642535482 us: [pid:4174004 tid: 0x7fa0f7bf0200] hipLaunchKernel: Returned hipSuccess : : duration: 1277 us
:3:hip_device_runtime.cpp   :641 : 4393642535490 us: [pid:4174004 tid: 0x7fa0f7bf0200] [32m hipDeviceSynchronize (  ) [0m
:4:commandqueue.cpp         :161 : 4393642535495 us: [pid:4174004 tid: 0x7fa0f7bf0200] Marker queued to ensure finish
:4:command.cpp              :359 : 4393642535500 us: [pid:4174004 tid: 0x7fa0f7bf0200] Command (InternalMarker) enqueued: 0x3ce937a0
:3:rocvirtual.cpp           :533 : 4393642535515 us: [pid:4174004 tid: 0x7fa0f7bf0200] Set Handler: handle(0x7fa0ee7fc200), timestamp(0x3ce0b250)
:4:rocvirtual.cpp           :1147: 4393642535525 us: [pid:4174004 tid: 0x7fa0f7bf0200] SWq=0x7fa0ee95c000, HWq=0x7f9face00000, id=1, BarrierAND Header = 0x1503 (type=3, barrier=1, acquire=2, release=2), dep_signal=[0x0, 0x0, 0x0, 0x0, 0x0], completion_signal=0x7fa0ee7fc200
:3:rocvirtual.hpp           :56  : 4393642535535 us: [pid:4174004 tid: 0x7fa0f7bf0200] Host active wait for Signal = (0x7fa0ee7fc200) for -1 ns
:4:commandqueue.cpp         :184 : 4393642535553 us: [pid:4174004 tid: 0x7fa0f7bf0200] All commands finished
:3:rocvirtual.cpp           :226 : 4393642535556 us: [pid:4174004 tid: 0x7f9fbf3ff6c0] Handler: value(0), timestamp(0x3c86bda0), handle(0x7fa0ee7fc200)
:4:command.cpp              :169 : 4393642535571 us: [pid:4174004 tid: 0x7f9fbf3ff6c0] Command 0x3cd9a9d0 complete
:3:hip_device_runtime.cpp   :645 : 4393642535558 us: [pid:4174004 tid: 0x7fa0f7bf0200] hipDeviceSynchronize: Returned hipSuccess : 
:4:command.cpp              :163 : 4393642535579 us: [pid:4174004 tid: 0x7f9fbf3ff6c0] Command 0x3ce937a0 complete (Wall: 4393642535578, CPU: 0, GPU: 71 us)
:3:hip_memory.cpp           :795 : 4393642536619 us: [pid:4174004 tid: 0x7fa0f7bf0200] [32m hipMemcpy ( 0x7f9f93bdf010, 0x7f9f74e00000, 81920000, hipMemcpyDeviceToHost ) [0m
:4:command.cpp              :359 : 4393642536657 us: [pid:4174004 tid: 0x7fa0f7bf0200] Command (CopyDeviceToHost) enqueued: 0x3cd9a9d0
:4:rocblit.cpp              :1673: 4393642536667 us: [pid:4174004 tid: 0x7fa0f7bf0200] Unpinned read path, Async = 0
:4:rocmemory.cpp            :1018: 4393642536688 us: [pid:4174004 tid: 0x7fa0f7bf0200] Locking to pool 0x3c6dded0, size 0x2001000, HostPtr = 0x7f9f93bdf000, DevPtr = 0x7f9f93bdf000
:4:rocblit.cpp              :623 : 4393642536696 us: [pid:4174004 tid: 0x7fa0f7bf0200] HSA Copy Using Pinned resource size 33554432
:4:rocblit.cpp              :687 : 4393642536703 us: [pid:4174004 tid: 0x7fa0f7bf0200] HSA Async Copy staged D2H
:4:rocblit.cpp              :503 : 4393642536708 us: [pid:4174004 tid: 0x7fa0f7bf0200] Last copy mask 0x0
:4:rocblit.cpp              :509 : 4393642537109 us: [pid:4174004 tid: 0x7fa0f7bf0200] Query copy engine status 0, free_engine mask 0x1e
:4:rocblit.cpp              :520 : 4393642537118 us: [pid:4174004 tid: 0x7fa0f7bf0200] HSA Async Copy on copy_engine=0x2, dst=0x7f9f93bdf010, src=0x7f9f74e00000, size=33554432, forceSDMA=0, wait_event=0x0, completion_signal=0x7fa0ee7fdd80
:4:rocvirtual.cpp           :622 : 4393642537128 us: [pid:4174004 tid: 0x7fa0f7bf0200] Host wait on completion_signal=0x7fa0ee7fdd80
:3:rocvirtual.hpp           :56  : 4393642537136 us: [pid:4174004 tid: 0x7fa0f7bf0200] Host active wait for Signal = (0x7fa0ee7fdd80) for -1 ns
:4:rocmemory.cpp            :1018: 4393642538417 us: [pid:4174004 tid: 0x7fa0f7bf0200] Locking to pool 0x3c6dded0, size 0x2001000, HostPtr = 0x7f9f95bdf000, DevPtr = 0x7f9f95bdf000
:4:rocblit.cpp              :623 : 4393642538428 us: [pid:4174004 tid: 0x7fa0f7bf0200] HSA Copy Using Pinned resource size 33554432
:4:rocblit.cpp              :687 : 4393642538435 us: [pid:4174004 tid: 0x7fa0f7bf0200] HSA Async Copy staged D2H
:4:rocblit.cpp              :503 : 4393642538440 us: [pid:4174004 tid: 0x7fa0f7bf0200] Last copy mask 0x2
:4:rocblit.cpp              :520 : 4393642538445 us: [pid:4174004 tid: 0x7fa0f7bf0200] HSA Async Copy on copy_engine=0x2, dst=0x7f9f95bdf010, src=0x7f9f76e00000, size=33554432, forceSDMA=0, wait_event=0x0, completion_signal=0x7fa0ee7fdc80
:4:rocvirtual.cpp           :622 : 4393642538453 us: [pid:4174004 tid: 0x7fa0f7bf0200] Host wait on completion_signal=0x7fa0ee7fdc80
:3:rocvirtual.hpp           :56  : 4393642538460 us: [pid:4174004 tid: 0x7fa0f7bf0200] Host active wait for Signal = (0x7fa0ee7fdc80) for -1 ns
:4:rocmemory.cpp            :1018: 4393642539959 us: [pid:4174004 tid: 0x7fa0f7bf0200] Locking to pool 0x3c6dded0, size 0xe21000, HostPtr = 0x7f9f97bdf000, DevPtr = 0x7f9f97bdf000
:4:rocblit.cpp              :623 : 4393642539969 us: [pid:4174004 tid: 0x7fa0f7bf0200] HSA Copy Using Pinned resource size 14811136
:4:rocblit.cpp              :687 : 4393642539977 us: [pid:4174004 tid: 0x7fa0f7bf0200] HSA Async Copy staged D2H
:4:rocblit.cpp              :503 : 4393642539982 us: [pid:4174004 tid: 0x7fa0f7bf0200] Last copy mask 0x2
:4:rocblit.cpp              :520 : 4393642539986 us: [pid:4174004 tid: 0x7fa0f7bf0200] HSA Async Copy on copy_engine=0x2, dst=0x7f9f97bdf010, src=0x7f9f78e00000, size=14811136, forceSDMA=0, wait_event=0x0, completion_signal=0x7fa0ee7fdc00
:4:rocvirtual.cpp           :622 : 4393642539997 us: [pid:4174004 tid: 0x7fa0f7bf0200] Host wait on completion_signal=0x7fa0ee7fdc00
:3:rocvirtual.hpp           :56  : 4393642540015 us: [pid:4174004 tid: 0x7fa0f7bf0200] Host active wait for Signal = (0x7fa0ee7fdc00) for -1 ns
:4:commandqueue.cpp         :161 : 4393642540533 us: [pid:4174004 tid: 0x7fa0f7bf0200] Marker queued to ensure finish
:4:command.cpp              :359 : 4393642540538 us: [pid:4174004 tid: 0x7fa0f7bf0200] Command (InternalMarker) enqueued: 0x3ce937a0
:3:rocvirtual.cpp           :533 : 4393642540553 us: [pid:4174004 tid: 0x7fa0f7bf0200] Set Handler: handle(0x7fa0ee7fc080), timestamp(0x3d02f110)
:4:rocvirtual.cpp           :1147: 4393642540964 us: [pid:4174004 tid: 0x7fa0f7bf0200] SWq=0x7fa0ee95c000, HWq=0x7f9face00000, id=1, BarrierAND Header = 0x1503 (type=3, barrier=1, acquire=2, release=2), dep_signal=[0x0, 0x0, 0x0, 0x0, 0x0], completion_signal=0x7fa0ee7fc080
:3:rocvirtual.hpp           :56  : 4393642540974 us: [pid:4174004 tid: 0x7fa0f7bf0200] Host active wait for Signal = (0x7fa0ee7fc080) for -1 ns
:3:rocvirtual.cpp           :226 : 4393642540981 us: [pid:4174004 tid: 0x7f9fbf3ff6c0] Handler: value(0), timestamp(0x3c86bda0), handle(0x7fa0ee7fc080)
:4:command.cpp              :169 : 4393642540997 us: [pid:4174004 tid: 0x7f9fbf3ff6c0] Command 0x3cd9a9d0 complete
:4:command.cpp              :163 : 4393642541005 us: [pid:4174004 tid: 0x7f9fbf3ff6c0] Command 0x3ce937a0 complete (Wall: 4393642541003, CPU: 0, GPU: 458 us)
:4:commandqueue.cpp         :184 : 4393642540982 us: [pid:4174004 tid: 0x7fa0f7bf0200] All commands finished
:3:hip_memory.cpp           :796 : 4393642541036 us: [pid:4174004 tid: 0x7fa0f7bf0200] hipMemcpy: Returned hipSuccess : : duration: 4417 us
:3:hip_memory.cpp           :3476: 4393642541046 us: [pid:4174004 tid: 0x7fa0f7bf0200] [32m hipMemset ( 0x7f9f74e00000, 0, 81920000 ) [0m
:4:command.cpp              :359 : 4393642541057 us: [pid:4174004 tid: 0x7fa0f7bf0200] Command (FillBuffer) enqueued: 0x3cd9ae10
:3:rocvirtual.cpp           :762 : 4393642541720 us: [pid:4174004 tid: 0x7fa0f7bf0200] Arg0: void* buf = ptr:0x7f9f74e00000
:3:rocvirtual.cpp           :778 : 4393642541725 us: [pid:4174004 tid: 0x7fa0f7bf0200] Arg0: void* buf = ptr:0x7f9f74e00000 obj:[0x7f9f74e00000-0x7f9f79c20000]
:3:rocvirtual.cpp           :762 : 4393642541733 us: [pid:4174004 tid: 0x7fa0f7bf0200] Arg1: uchar* pattern = ptr:0x7f9facc00000
:3:rocvirtual.cpp           :853 : 4393642541740 us: [pid:4174004 tid: 0x7fa0f7bf0200] Arg2: uint pattern_size = val:1
:3:rocvirtual.cpp           :853 : 4393642541744 us: [pid:4174004 tid: 0x7fa0f7bf0200] Arg3: uint alignment = val:16
:3:rocvirtual.cpp           :853 : 4393642541749 us: [pid:4174004 tid: 0x7fa0f7bf0200] Arg4: ulong end_ptr = val:140322919284736
:3:rocvirtual.cpp           :853 : 4393642541757 us: [pid:4174004 tid: 0x7fa0f7bf0200] Arg5: uint next_chunk = val:26624
:3:rocvirtual.cpp           :3236: 4393642541761 us: [pid:4174004 tid: 0x7fa0f7bf0200] ShaderName : __amd_rocclr_fillBufferAligned
:3:rocvirtual.cpp           :3449: 4393642541769 us: [pid:4174004 tid: 0x7fa0f7bf0200] KernargSegmentByteSize = 296 KernargSegmentAlignment = 128
:4:rocvirtual.cpp           :965 : 4393642541778 us: [pid:4174004 tid: 0x7fa0f7bf0200] SWq=0x7fa0ee95c000, HWq=0x7f9face00000, id=1, Dispatch Header = 0x1502 (type=2, barrier=1, acquire=2, release=2), setup=1, grid=[26624, 1, 1], workgroup=[256, 1, 1], private_seg_size=0, group_seg_size=0, kernel_obj=0x7fa0ee94dd40, kernarg_address=0x7f9facc00100, completion_signal=0x0, correlation_id=0, rptr=120, wptr=120
:3:hip_memory.cpp           :3477: 4393642541793 us: [pid:4174004 tid: 0x7fa0f7bf0200] hipMemset: Returned hipSuccess : 
:3:hip_device_runtime.cpp   :641 : 4393642541798 us: [pid:4174004 tid: 0x7fa0f7bf0200] [32m hipDeviceSynchronize (  ) [0m
:4:commandqueue.cpp         :161 : 4393642541803 us: [pid:4174004 tid: 0x7fa0f7bf0200] Marker queued to ensure finish
:4:command.cpp              :359 : 4393642541807 us: [pid:4174004 tid: 0x7fa0f7bf0200] Command (InternalMarker) enqueued: 0x3ce937a0
:3:rocvirtual.cpp           :533 : 4393642541822 us: [pid:4174004 tid: 0x7fa0f7bf0200] Set Handler: handle(0x7fa0ee7fc000), timestamp(0x3cf6e890)
:4:rocvirtual.cpp           :1147: 4393642542471 us: [pid:4174004 tid: 0x7fa0f7bf0200] SWq=0x7fa0ee95c000, HWq=0x7f9face00000, id=1, BarrierAND Header = 0x1503 (type=3, barrier=1, acquire=2, release=2), dep_signal=[0x0, 0x0, 0x0, 0x0, 0x0], completion_signal=0x7fa0ee7fc000
:4:commandqueue.cpp         :184 : 4393642542481 us: [pid:4174004 tid: 0x7fa0f7bf0200] All commands finished
:3:rocvirtual.cpp           :226 : 4393642542484 us: [pid:4174004 tid: 0x7f9fbf3ff6c0] Handler: value(0), timestamp(0x3cf6d070), handle(0x7fa0ee7fc000)
:4:command.cpp              :169 : 4393642542498 us: [pid:4174004 tid: 0x7f9fbf3ff6c0] Command 0x3cd9ae10 complete
:4:command.cpp              :163 : 4393642542505 us: [pid:4174004 tid: 0x7f9fbf3ff6c0] Command 0x3ce937a0 complete (Wall: 4393642542504, CPU: 0, GPU: 687 us)
:3:hip_device_runtime.cpp   :645 : 4393642542516 us: [pid:4174004 tid: 0x7fa0f7bf0200] hipDeviceSynchronize: Returned hipSuccess : 
:3:hip_platform.cpp         :237 : 4393642542529 us: [pid:4174004 tid: 0x7fa0f7bf0200] [32m __hipPushCallConfiguration ( {8,1,1}, {1024,1,1}, 0, stream:<null> ) [0m
:3:hip_platform.cpp         :241 : 4393642542537 us: [pid:4174004 tid: 0x7fa0f7bf0200] __hipPushCallConfiguration: Returned hipSuccess : 
:3:hip_platform.cpp         :246 : 4393642542546 us: [pid:4174004 tid: 0x7fa0f7bf0200] [32m __hipPopCallConfiguration ( {37054546,32673,1024}, {2118224,0,2918783392}, 0x7fffadf916f0, 0x7fffadf916e8 ) [0m
:3:hip_platform.cpp         :255 : 4393642542555 us: [pid:4174004 tid: 0x7fa0f7bf0200] __hipPopCallConfiguration: Returned hipSuccess : 
:3:hip_module.cpp           :744 : 4393642542566 us: [pid:4174004 tid: 0x7fa0f7bf0200] [32m hipLaunchKernel ( 0x200fe0, {8,1,1}, {1024,1,1}, 0x7fffadf916a0, 0, stream:<null> ) [0m
:4:command.cpp              :359 : 4393642542893 us: [pid:4174004 tid: 0x7fa0f7bf0200] Command (KernelExecution) enqueued: 0x3cd9a9d0
:3:rocvirtual.cpp           :762 : 4393642542903 us: [pid:4174004 tid: 0x7fa0f7bf0200] Arg0:   = ptr:0x7f9f7a000000
:3:rocvirtual.cpp           :778 : 4393642542908 us: [pid:4174004 tid: 0x7fa0f7bf0200] Arg0:   = ptr:0x7f9f7a000000 obj:[0x7f9f7a000000-0x7f9f7ee20000]
:3:rocvirtual.cpp           :762 : 4393642542915 us: [pid:4174004 tid: 0x7fa0f7bf0200] Arg1:   = ptr:0x7f9fa0027000
:3:rocvirtual.cpp           :778 : 4393642542920 us: [pid:4174004 tid: 0x7fa0f7bf0200] Arg1:   = ptr:0x7f9fa0027000 obj:[0x7f9fa0027000-0x7f9fa0037000]
:3:rocvirtual.cpp           :762 : 4393642542927 us: [pid:4174004 tid: 0x7fa0f7bf0200] Arg2:   = ptr:0x7f9f74e00000
:3:rocvirtual.cpp           :778 : 4393642542931 us: [pid:4174004 tid: 0x7fa0f7bf0200] Arg2:   = ptr:0x7f9f74e00000 obj:[0x7f9f74e00000-0x7f9f79c20000]
:3:rocvirtual.cpp           :853 : 4393642542938 us: [pid:4174004 tid: 0x7fa0f7bf0200] Arg3:   = val:2048
:3:rocvirtual.cpp           :762 : 4393642542942 us: [pid:4174004 tid: 0x7fa0f7bf0200] Arg4:   = ptr:0x7f9fa0000000
:3:rocvirtual.cpp           :778 : 4393642542947 us: [pid:4174004 tid: 0x7fa0f7bf0200] Arg4:   = ptr:0x7f9fa0000000 obj:[0x7f9fa0000000-0x7f9fa0000024]
:3:rocvirtual.cpp           :3236: 4393642543392 us: [pid:4174004 tid: 0x7fa0f7bf0200] ShaderName : void dense_esuhm2<float>(float const*, float const*, float*, int, int const*)
:3:rocvirtual.cpp           :3449: 4393642543401 us: [pid:4174004 tid: 0x7fa0f7bf0200] KernargSegmentByteSize = 296 KernargSegmentAlignment = 128
:4:rocvirtual.cpp           :965 : 4393642543410 us: [pid:4174004 tid: 0x7fa0f7bf0200] SWq=0x7fa0ee95c000, HWq=0x7f9face00000, id=1, Dispatch Header = 0xb02 (type=2, barrier=1, acquire=1, release=1), setup=3, grid=[8192, 1, 1], workgroup=[1024, 1, 1], private_seg_size=140, group_seg_size=0, kernel_obj=0x7fa0ee9219c0, kernarg_address=0x7f9facc00280, completion_signal=0x0, correlation_id=0, rptr=122, wptr=122
:3:hip_module.cpp           :745 : 4393642543423 us: [pid:4174004 tid: 0x7fa0f7bf0200] hipLaunchKernel: Returned hipSuccess : : duration: 857 us
:3:hip_device_runtime.cpp   :641 : 4393642543434 us: [pid:4174004 tid: 0x7fa0f7bf0200] [32m hipDeviceSynchronize (  ) [0m
:4:commandqueue.cpp         :161 : 4393642543439 us: [pid:4174004 tid: 0x7fa0f7bf0200] Marker queued to ensure finish
:4:command.cpp              :359 : 4393642543443 us: [pid:4174004 tid: 0x7fa0f7bf0200] Command (InternalMarker) enqueued: 0x3ce937a0
:3:rocvirtual.cpp           :533 : 4393642543455 us: [pid:4174004 tid: 0x7fa0f7bf0200] Set Handler: handle(0x7fa0ee7fc280), timestamp(0x3d02ebf0)
:4:rocvirtual.cpp           :1147: 4393642543463 us: [pid:4174004 tid: 0x7fa0f7bf0200] SWq=0x7fa0ee95c000, HWq=0x7f9face00000, id=1, BarrierAND Header = 0x1503 (type=3, barrier=1, acquire=2, release=2), dep_signal=[0x0, 0x0, 0x0, 0x0, 0x0], completion_signal=0x7fa0ee7fc280
:3:rocvirtual.hpp           :56  : 4393642543473 us: [pid:4174004 tid: 0x7fa0f7bf0200] Host active wait for Signal = (0x7fa0ee7fc280) for -1 ns
:4:commandqueue.cpp         :184 : 4393642543490 us: [pid:4174004 tid: 0x7fa0f7bf0200] All commands finished
:3:hip_device_runtime.cpp   :645 : 4393642543497 us: [pid:4174004 tid: 0x7fa0f7bf0200] hipDeviceSynchronize: Returned hipSuccess : 
:3:rocvirtual.cpp           :226 : 4393642543492 us: [pid:4174004 tid: 0x7f9fbf3ff6c0] Handler: value(0), timestamp(0x3d02f040), handle(0x7fa0ee7fc280)
:4:command.cpp              :169 : 4393642544553 us: [pid:4174004 tid: 0x7f9fbf3ff6c0] Command 0x3cd9a9d0 complete
:3:hip_memory.cpp           :795 : 4393642544546 us: [pid:4174004 tid: 0x7fa0f7bf0200] [32m hipMemcpy ( 0x7f9f8edbe010, 0x7f9f74e00000, 81920000, hipMemcpyDeviceToHost ) [0m
:4:command.cpp              :163 : 4393642544561 us: [pid:4174004 tid: 0x7f9fbf3ff6c0] Command 0x3ce937a0 complete (Wall: 4393642544559, CPU: 0, GPU: 1109 us)
:4:command.cpp              :359 : 4393642544577 us: [pid:4174004 tid: 0x7fa0f7bf0200] Command (CopyDeviceToHost) enqueued: 0x3cd9a9d0
:4:rocblit.cpp              :1673: 4393642544602 us: [pid:4174004 tid: 0x7fa0f7bf0200] Unpinned read path, Async = 0
:4:rocmemory.cpp            :1018: 4393642544620 us: [pid:4174004 tid: 0x7fa0f7bf0200] Locking to pool 0x3c6dded0, size 0x2001000, HostPtr = 0x7f9f8edbe000, DevPtr = 0x7f9f8edbe000
:4:rocblit.cpp              :623 : 4393642544628 us: [pid:4174004 tid: 0x7fa0f7bf0200] HSA Copy Using Pinned resource size 33554432
:4:rocblit.cpp              :687 : 4393642544635 us: [pid:4174004 tid: 0x7fa0f7bf0200] HSA Async Copy staged D2H
:4:rocblit.cpp              :503 : 4393642544641 us: [pid:4174004 tid: 0x7fa0f7bf0200] Last copy mask 0x0
:4:rocblit.cpp              :509 : 4393642545079 us: [pid:4174004 tid: 0x7fa0f7bf0200] Query copy engine status 0, free_engine mask 0x1e
:4:rocblit.cpp              :520 : 4393642545088 us: [pid:4174004 tid: 0x7fa0f7bf0200] HSA Async Copy on copy_engine=0x2, dst=0x7f9f8edbe010, src=0x7f9f74e00000, size=33554432, forceSDMA=0, wait_event=0x0, completion_signal=0x7fa0ee7fda80
:4:rocvirtual.cpp           :622 : 4393642545097 us: [pid:4174004 tid: 0x7fa0f7bf0200] Host wait on completion_signal=0x7fa0ee7fda80
:3:rocvirtual.hpp           :56  : 4393642545104 us: [pid:4174004 tid: 0x7fa0f7bf0200] Host active wait for Signal = (0x7fa0ee7fda80) for -1 ns
:4:rocmemory.cpp            :1018: 4393642546361 us: [pid:4174004 tid: 0x7fa0f7bf0200] Locking to pool 0x3c6dded0, size 0x2001000, HostPtr = 0x7f9f90dbe000, DevPtr = 0x7f9f90dbe000
:4:rocblit.cpp              :623 : 4393642546372 us: [pid:4174004 tid: 0x7fa0f7bf0200] HSA Copy Using Pinned resource size 33554432
:4:rocblit.cpp              :687 : 4393642546379 us: [pid:4174004 tid: 0x7fa0f7bf0200] HSA Async Copy staged D2H
:4:rocblit.cpp              :503 : 4393642546385 us: [pid:4174004 tid: 0x7fa0f7bf0200] Last copy mask 0x2
:4:rocblit.cpp              :520 : 4393642546389 us: [pid:4174004 tid: 0x7fa0f7bf0200] HSA Async Copy on copy_engine=0x2, dst=0x7f9f90dbe010, src=0x7f9f76e00000, size=33554432, forceSDMA=0, wait_event=0x0, completion_signal=0x7fa0ee7fdb80
:4:rocvirtual.cpp           :622 : 4393642546402 us: [pid:4174004 tid: 0x7fa0f7bf0200] Host wait on completion_signal=0x7fa0ee7fdb80
:3:rocvirtual.hpp           :56  : 4393642546409 us: [pid:4174004 tid: 0x7fa0f7bf0200] Host active wait for Signal = (0x7fa0ee7fdb80) for -1 ns
:4:rocmemory.cpp            :1018: 4393642547672 us: [pid:4174004 tid: 0x7fa0f7bf0200] Locking to pool 0x3c6dded0, size 0xe21000, HostPtr = 0x7f9f92dbe000, DevPtr = 0x7f9f92dbe000
:4:rocblit.cpp              :623 : 4393642547681 us: [pid:4174004 tid: 0x7fa0f7bf0200] HSA Copy Using Pinned resource size 14811136
:4:rocblit.cpp              :687 : 4393642547689 us: [pid:4174004 tid: 0x7fa0f7bf0200] HSA Async Copy staged D2H
:4:rocblit.cpp              :503 : 4393642547694 us: [pid:4174004 tid: 0x7fa0f7bf0200] Last copy mask 0x2
:4:rocblit.cpp              :520 : 4393642547699 us: [pid:4174004 tid: 0x7fa0f7bf0200] HSA Async Copy on copy_engine=0x2, dst=0x7f9f92dbe010, src=0x7f9f78e00000, size=14811136, forceSDMA=0, wait_event=0x0, completion_signal=0x7fa0ee7fe200
:4:rocvirtual.cpp           :622 : 4393642547706 us: [pid:4174004 tid: 0x7fa0f7bf0200] Host wait on completion_signal=0x7fa0ee7fe200
:3:rocvirtual.hpp           :56  : 4393642547713 us: [pid:4174004 tid: 0x7fa0f7bf0200] Host active wait for Signal = (0x7fa0ee7fe200) for -1 ns
:4:commandqueue.cpp         :161 : 4393642548246 us: [pid:4174004 tid: 0x7fa0f7bf0200] Marker queued to ensure finish
:4:command.cpp              :359 : 4393642548252 us: [pid:4174004 tid: 0x7fa0f7bf0200] Command (InternalMarker) enqueued: 0x3ce937a0
:3:rocvirtual.cpp           :533 : 4393642548265 us: [pid:4174004 tid: 0x7fa0f7bf0200] Set Handler: handle(0x7fa0ee7fbe00), timestamp(0x3cd9ad30)
:4:rocvirtual.cpp           :1147: 4393642548274 us: [pid:4174004 tid: 0x7fa0f7bf0200] SWq=0x7fa0ee95c000, HWq=0x7f9face00000, id=1, BarrierAND Header = 0x1503 (type=3, barrier=1, acquire=2, release=2), dep_signal=[0x0, 0x0, 0x0, 0x0, 0x0], completion_signal=0x7fa0ee7fbe00
:4:commandqueue.cpp         :184 : 4393642549364 us: [pid:4174004 tid: 0x7fa0f7bf0200] All commands finished
:3:hip_memory.cpp           :796 : 4393642549372 us: [pid:4174004 tid: 0x7fa0f7bf0200] hipMemcpy: Returned hipSuccess : : duration: 4826 us
:3:hip_memory.cpp           :3476: 4393642549384 us: [pid:4174004 tid: 0x7fa0f7bf0200] [32m hipMemset ( 0x7f9f74e00000, 0, 81920000 ) [0m
:3:rocvirtual.cpp           :226 : 4393642548289 us: [pid:4174004 tid: 0x7f9fbf3ff6c0] Handler: value(0), timestamp(0x3ce93920), handle(0x7fa0ee7fbe00)
:4:command.cpp              :169 : 4393642549406 us: [pid:4174004 tid: 0x7f9fbf3ff6c0] Command 0x3cd9a9d0 complete
:4:command.cpp              :359 : 4393642549395 us: [pid:4174004 tid: 0x7fa0f7bf0200] Command (FillBuffer) enqueued: 0x3cd9ae10
:3:rocvirtual.cpp           :762 : 4393642549426 us: [pid:4174004 tid: 0x7fa0f7bf0200] Arg0: void* buf = ptr:0x7f9f74e00000
:3:rocvirtual.cpp           :778 : 4393642549431 us: [pid:4174004 tid: 0x7fa0f7bf0200] Arg0: void* buf = ptr:0x7f9f74e00000 obj:[0x7f9f74e00000-0x7f9f79c20000]
:3:rocvirtual.cpp           :762 : 4393642549440 us: [pid:4174004 tid: 0x7fa0f7bf0200] Arg1: uchar* pattern = ptr:0x7f9facc00000
:3:rocvirtual.cpp           :853 : 4393642549447 us: [pid:4174004 tid: 0x7fa0f7bf0200] Arg2: uint pattern_size = val:1
:3:rocvirtual.cpp           :853 : 4393642549452 us: [pid:4174004 tid: 0x7fa0f7bf0200] Arg3: uint alignment = val:16
:3:rocvirtual.cpp           :853 : 4393642549458 us: [pid:4174004 tid: 0x7fa0f7bf0200] Arg4: ulong end_ptr = val:140322919284736
:3:rocvirtual.cpp           :853 : 4393642549467 us: [pid:4174004 tid: 0x7fa0f7bf0200] Arg5: uint next_chunk = val:26624
:3:rocvirtual.cpp           :3236: 4393642549831 us: [pid:4174004 tid: 0x7fa0f7bf0200] ShaderName : __amd_rocclr_fillBufferAligned
:3:rocvirtual.cpp           :3449: 4393642549842 us: [pid:4174004 tid: 0x7fa0f7bf0200] KernargSegmentByteSize = 296 KernargSegmentAlignment = 128
:4:command.cpp              :163 : 4393642549453 us: [pid:4174004 tid: 0x7f9fbf3ff6c0] Command 0x3ce937a0 complete (Wall: 4393642549450, CPU: 0, GPU: 1191 us)
:4:rocvirtual.cpp           :965 : 4393642549850 us: [pid:4174004 tid: 0x7fa0f7bf0200] SWq=0x7fa0ee95c000, HWq=0x7f9face00000, id=1, Dispatch Header = 0x1502 (type=2, barrier=1, acquire=2, release=2), setup=1, grid=[26624, 1, 1], workgroup=[256, 1, 1], private_seg_size=0, group_seg_size=0, kernel_obj=0x7fa0ee94dd40, kernarg_address=0x7f9facc00100, completion_signal=0x0, correlation_id=0, rptr=125, wptr=125
:3:hip_memory.cpp           :3477: 4393642549884 us: [pid:4174004 tid: 0x7fa0f7bf0200] hipMemset: Returned hipSuccess : 
:3:hip_device_runtime.cpp   :641 : 4393642549890 us: [pid:4174004 tid: 0x7fa0f7bf0200] [32m hipDeviceSynchronize (  ) [0m
:4:commandqueue.cpp         :161 : 4393642549896 us: [pid:4174004 tid: 0x7fa0f7bf0200] Marker queued to ensure finish
:4:command.cpp              :359 : 4393642549900 us: [pid:4174004 tid: 0x7fa0f7bf0200] Command (InternalMarker) enqueued: 0x3cf38cb0
:3:rocvirtual.cpp           :533 : 4393642549912 us: [pid:4174004 tid: 0x7fa0f7bf0200] Set Handler: handle(0x7fa0ee7fbe80), timestamp(0x3ce932e0)
:4:rocvirtual.cpp           :1147: 4393642549921 us: [pid:4174004 tid: 0x7fa0f7bf0200] SWq=0x7fa0ee95c000, HWq=0x7f9face00000, id=1, BarrierAND Header = 0x1503 (type=3, barrier=1, acquire=2, release=2), dep_signal=[0x0, 0x0, 0x0, 0x0, 0x0], completion_signal=0x7fa0ee7fbe80
:3:rocvirtual.hpp           :56  : 4393642549931 us: [pid:4174004 tid: 0x7fa0f7bf0200] Host active wait for Signal = (0x7fa0ee7fbe80) for -1 ns
:4:commandqueue.cpp         :184 : 4393642550399 us: [pid:4174004 tid: 0x7fa0f7bf0200] All commands finished
:3:hip_device_runtime.cpp   :645 : 4393642550406 us: [pid:4174004 tid: 0x7fa0f7bf0200] hipDeviceSynchronize: Returned hipSuccess : 
:3:hip_platform.cpp         :237 : 4393642550419 us: [pid:4174004 tid: 0x7fa0f7bf0200] [32m __hipPushCallConfiguration ( {8,1,1}, {1024,1,1}, 0, stream:<null> ) [0m
:3:rocvirtual.cpp           :226 : 4393642549963 us: [pid:4174004 tid: 0x7f9fbf3ff6c0] Handler: value(0), timestamp(0x3ce93520), handle(0x7fa0ee7fbe80)
:4:command.cpp              :169 : 4393642550438 us: [pid:4174004 tid: 0x7f9fbf3ff6c0] Command 0x3cd9ae10 complete
:3:hip_platform.cpp         :241 : 4393642550427 us: [pid:4174004 tid: 0x7fa0f7bf0200] __hipPushCallConfiguration: Returned hipSuccess : 
:4:command.cpp              :163 : 4393642550445 us: [pid:4174004 tid: 0x7f9fbf3ff6c0] Command 0x3cf38cb0 complete (Wall: 4393642550443, CPU: 0, GPU: 536 us)
:3:hip_platform.cpp         :246 : 4393642550455 us: [pid:4174004 tid: 0x7fa0f7bf0200] [32m __hipPopCallConfiguration ( {37054546,32673,1024}, {2118224,0,2918783392}, 0x7fffadf916f0, 0x7fffadf916e8 ) [0m
:3:hip_platform.cpp         :255 : 4393642550482 us: [pid:4174004 tid: 0x7fa0f7bf0200] __hipPopCallConfiguration: Returned hipSuccess : 
:3:hip_module.cpp           :744 : 4393642550494 us: [pid:4174004 tid: 0x7fa0f7bf0200] [32m hipLaunchKernel ( 0x200fe8, {8,1,1}, {1024,1,1}, 0x7fffadf916a0, 0, stream:<null> ) [0m
:4:command.cpp              :359 : 4393642550860 us: [pid:4174004 tid: 0x7fa0f7bf0200] Command (KernelExecution) enqueued: 0x3cd9a9d0
:3:rocvirtual.cpp           :762 : 4393642550869 us: [pid:4174004 tid: 0x7fa0f7bf0200] Arg0:   = ptr:0x7f9f7a000000
:3:rocvirtual.cpp           :778 : 4393642550874 us: [pid:4174004 tid: 0x7fa0f7bf0200] Arg0:   = ptr:0x7f9f7a000000 obj:[0x7f9f7a000000-0x7f9f7ee20000]
:3:rocvirtual.cpp           :762 : 4393642550881 us: [pid:4174004 tid: 0x7fa0f7bf0200] Arg1:   = ptr:0x7f9fa0027000
:3:rocvirtual.cpp           :778 : 4393642550886 us: [pid:4174004 tid: 0x7fa0f7bf0200] Arg1:   = ptr:0x7f9fa0027000 obj:[0x7f9fa0027000-0x7f9fa0037000]
:3:rocvirtual.cpp           :762 : 4393642550893 us: [pid:4174004 tid: 0x7fa0f7bf0200] Arg2:   = ptr:0x7f9f74e00000
:3:rocvirtual.cpp           :778 : 4393642550897 us: [pid:4174004 tid: 0x7fa0f7bf0200] Arg2:   = ptr:0x7f9f74e00000 obj:[0x7f9f74e00000-0x7f9f79c20000]
:3:rocvirtual.cpp           :853 : 4393642550904 us: [pid:4174004 tid: 0x7fa0f7bf0200] Arg3:   = val:2048
:3:rocvirtual.cpp           :762 : 4393642550909 us: [pid:4174004 tid: 0x7fa0f7bf0200] Arg4:   = ptr:0x7f9fa0000000
:3:rocvirtual.cpp           :778 : 4393642550916 us: [pid:4174004 tid: 0x7fa0f7bf0200] Arg4:   = ptr:0x7f9fa0000000 obj:[0x7f9fa0000000-0x7f9fa0000024]
:3:rocvirtual.cpp           :3236: 4393642550924 us: [pid:4174004 tid: 0x7fa0f7bf0200] ShaderName : void dense_esuhm3<float>(float const*, float const*, float*, int, int const*)
:3:rocvirtual.cpp           :3449: 4393642550932 us: [pid:4174004 tid: 0x7fa0f7bf0200] KernargSegmentByteSize = 296 KernargSegmentAlignment = 128
:4:rocvirtual.cpp           :965 : 4393642550941 us: [pid:4174004 tid: 0x7fa0f7bf0200] SWq=0x7fa0ee95c000, HWq=0x7f9face00000, id=1, Dispatch Header = 0xb02 (type=2, barrier=1, acquire=1, release=1), setup=3, grid=[8192, 1, 1], workgroup=[1024, 1, 1], private_seg_size=140, group_seg_size=0, kernel_obj=0x7fa0ee921a00, kernarg_address=0x7f9facc00280, completion_signal=0x0, correlation_id=0, rptr=127, wptr=127
:3:hip_module.cpp           :745 : 4393642550954 us: [pid:4174004 tid: 0x7fa0f7bf0200] hipLaunchKernel: Returned hipSuccess : : duration: 460 us
:3:hip_device_runtime.cpp   :641 : 4393642551730 us: [pid:4174004 tid: 0x7fa0f7bf0200] [32m hipDeviceSynchronize (  ) [0m
:4:commandqueue.cpp         :161 : 4393642551736 us: [pid:4174004 tid: 0x7fa0f7bf0200] Marker queued to ensure finish
:4:command.cpp              :359 : 4393642551740 us: [pid:4174004 tid: 0x7fa0f7bf0200] Command (InternalMarker) enqueued: 0x3cf38cb0
:3:rocvirtual.cpp           :533 : 4393642551756 us: [pid:4174004 tid: 0x7fa0f7bf0200] Set Handler: handle(0x7fa0ee7fbf00), timestamp(0x3ce935d0)
:4:rocvirtual.cpp           :1147: 4393642551764 us: [pid:4174004 tid: 0x7fa0f7bf0200] SWq=0x7fa0ee95c000, HWq=0x7f9face00000, id=1, BarrierAND Header = 0x1503 (type=3, barrier=1, acquire=2, release=2), dep_signal=[0x0, 0x0, 0x0, 0x0, 0x0], completion_signal=0x7fa0ee7fbf00
:3:rocvirtual.hpp           :56  : 4393642551774 us: [pid:4174004 tid: 0x7fa0f7bf0200] Host active wait for Signal = (0x7fa0ee7fbf00) for -1 ns
:4:commandqueue.cpp         :184 : 4393642551781 us: [pid:4174004 tid: 0x7fa0f7bf0200] All commands finished
:3:hip_device_runtime.cpp   :645 : 4393642551789 us: [pid:4174004 tid: 0x7fa0f7bf0200] hipDeviceSynchronize: Returned hipSuccess : 
:3:rocvirtual.cpp           :226 : 4393642551783 us: [pid:4174004 tid: 0x7f9fbf3ff6c0] Handler: value(0), timestamp(0x3c7ddb30), handle(0x7fa0ee7fbf00)
:3:hip_memory.cpp           :795 : 4393642551804 us: [pid:4174004 tid: 0x7fa0f7bf0200] [32m hipMemcpy ( 0x7f9f89f9d010, 0x7f9f74e00000, 81920000, hipMemcpyDeviceToHost ) [0m
:4:command.cpp              :169 : 4393642551828 us: [pid:4174004 tid: 0x7f9fbf3ff6c0] Command 0x3cd9a9d0 complete
:4:command.cpp              :359 : 4393642552527 us: [pid:4174004 tid: 0x7fa0f7bf0200] Command (CopyDeviceToHost) enqueued: 0x3cd9ae10
:4:command.cpp              :163 : 4393642552534 us: [pid:4174004 tid: 0x7f9fbf3ff6c0] Command 0x3cf38cb0 complete (Wall: 4393642552533, CPU: 0, GPU: 786 us)
:4:rocblit.cpp              :1673: 4393642552546 us: [pid:4174004 tid: 0x7fa0f7bf0200] Unpinned read path, Async = 0
:4:rocmemory.cpp            :1018: 4393642552580 us: [pid:4174004 tid: 0x7fa0f7bf0200] Locking to pool 0x3c6dded0, size 0x2001000, HostPtr = 0x7f9f89f9d000, DevPtr = 0x7f9f89f9d000
:4:rocblit.cpp              :623 : 4393642552587 us: [pid:4174004 tid: 0x7fa0f7bf0200] HSA Copy Using Pinned resource size 33554432
:4:rocblit.cpp              :687 : 4393642552594 us: [pid:4174004 tid: 0x7fa0f7bf0200] HSA Async Copy staged D2H
:4:rocblit.cpp              :503 : 4393642552600 us: [pid:4174004 tid: 0x7fa0f7bf0200] Last copy mask 0x0
:4:rocblit.cpp              :509 : 4393642552606 us: [pid:4174004 tid: 0x7fa0f7bf0200] Query copy engine status 0, free_engine mask 0x1e
:4:rocblit.cpp              :520 : 4393642552614 us: [pid:4174004 tid: 0x7fa0f7bf0200] HSA Async Copy on copy_engine=0x2, dst=0x7f9f89f9d010, src=0x7f9f74e00000, size=33554432, forceSDMA=0, wait_event=0x0, completion_signal=0x7fa0ee7fd880
:4:rocvirtual.cpp           :622 : 4393642552626 us: [pid:4174004 tid: 0x7fa0f7bf0200] Host wait on completion_signal=0x7fa0ee7fd880
:3:rocvirtual.hpp           :56  : 4393642553130 us: [pid:4174004 tid: 0x7fa0f7bf0200] Host active wait for Signal = (0x7fa0ee7fd880) for -1 ns
:4:rocmemory.cpp            :1018: 4393642553916 us: [pid:4174004 tid: 0x7fa0f7bf0200] Locking to pool 0x3c6dded0, size 0x2001000, HostPtr = 0x7f9f8bf9d000, DevPtr = 0x7f9f8bf9d000
:4:rocblit.cpp              :623 : 4393642553926 us: [pid:4174004 tid: 0x7fa0f7bf0200] HSA Copy Using Pinned resource size 33554432
:4:rocblit.cpp              :687 : 4393642553933 us: [pid:4174004 tid: 0x7fa0f7bf0200] HSA Async Copy staged D2H
:4:rocblit.cpp              :503 : 4393642553939 us: [pid:4174004 tid: 0x7fa0f7bf0200] Last copy mask 0x2
:4:rocblit.cpp              :520 : 4393642553944 us: [pid:4174004 tid: 0x7fa0f7bf0200] HSA Async Copy on copy_engine=0x2, dst=0x7f9f8bf9d010, src=0x7f9f76e00000, size=33554432, forceSDMA=0, wait_event=0x0, completion_signal=0x7fa0ee7ff780
:4:rocvirtual.cpp           :622 : 4393642553952 us: [pid:4174004 tid: 0x7fa0f7bf0200] Host wait on completion_signal=0x7fa0ee7ff780
:3:rocvirtual.hpp           :56  : 4393642553959 us: [pid:4174004 tid: 0x7fa0f7bf0200] Host active wait for Signal = (0x7fa0ee7ff780) for -1 ns
:4:rocmemory.cpp            :1018: 4393642555169 us: [pid:4174004 tid: 0x7fa0f7bf0200] Locking to pool 0x3c6dded0, size 0xe21000, HostPtr = 0x7f9f8df9d000, DevPtr = 0x7f9f8df9d000
:4:rocblit.cpp              :623 : 4393642555179 us: [pid:4174004 tid: 0x7fa0f7bf0200] HSA Copy Using Pinned resource size 14811136
:4:rocblit.cpp              :687 : 4393642555186 us: [pid:4174004 tid: 0x7fa0f7bf0200] HSA Async Copy staged D2H
:4:rocblit.cpp              :503 : 4393642555191 us: [pid:4174004 tid: 0x7fa0f7bf0200] Last copy mask 0x2
:4:rocblit.cpp              :520 : 4393642555195 us: [pid:4174004 tid: 0x7fa0f7bf0200] HSA Async Copy on copy_engine=0x2, dst=0x7f9f8df9d010, src=0x7f9f78e00000, size=14811136, forceSDMA=0, wait_event=0x0, completion_signal=0x7fa0ee7ff800
:4:rocvirtual.cpp           :622 : 4393642555204 us: [pid:4174004 tid: 0x7fa0f7bf0200] Host wait on completion_signal=0x7fa0ee7ff800
:3:rocvirtual.hpp           :56  : 4393642555211 us: [pid:4174004 tid: 0x7fa0f7bf0200] Host active wait for Signal = (0x7fa0ee7ff800) for -1 ns
:4:commandqueue.cpp         :161 : 4393642555739 us: [pid:4174004 tid: 0x7fa0f7bf0200] Marker queued to ensure finish
:4:command.cpp              :359 : 4393642556180 us: [pid:4174004 tid: 0x7fa0f7bf0200] Command (InternalMarker) enqueued: 0x3cf38cb0
:3:rocvirtual.cpp           :533 : 4393642556196 us: [pid:4174004 tid: 0x7fa0f7bf0200] Set Handler: handle(0x7fa0ee7fd700), timestamp(0x3cf06780)
:4:rocvirtual.cpp           :1147: 4393642556204 us: [pid:4174004 tid: 0x7fa0f7bf0200] SWq=0x7fa0ee95c000, HWq=0x7f9face00000, id=1, BarrierAND Header = 0x1503 (type=3, barrier=1, acquire=2, release=2), dep_signal=[0x0, 0x0, 0x0, 0x0, 0x0], completion_signal=0x7fa0ee7fd700
:3:rocvirtual.hpp           :56  : 4393642556214 us: [pid:4174004 tid: 0x7fa0f7bf0200] Host active wait for Signal = (0x7fa0ee7fd700) for -1 ns
:3:rocvirtual.cpp           :226 : 4393642556220 us: [pid:4174004 tid: 0x7f9fbf3ff6c0] Handler: value(0), timestamp(0x3c7ddb30), handle(0x7fa0ee7fd700)
:4:command.cpp              :169 : 4393642556238 us: [pid:4174004 tid: 0x7f9fbf3ff6c0] Command 0x3cd9ae10 complete
:4:command.cpp              :163 : 4393642556247 us: [pid:4174004 tid: 0x7f9fbf3ff6c0] Command 0x3cf38cb0 complete (Wall: 4393642556244, CPU: 0, GPU: 56 us)
:4:commandqueue.cpp         :184 : 4393642556222 us: [pid:4174004 tid: 0x7fa0f7bf0200] All commands finished
:3:hip_memory.cpp           :796 : 4393642556277 us: [pid:4174004 tid: 0x7fa0f7bf0200] hipMemcpy: Returned hipSuccess : : duration: 4473 us
:3:hip_memory.cpp           :772 : 4393642764005 us: [pid:4174004 tid: 0x7fa0f7bf0200] [32m hipFree ( 0x7f9f7a000000 ) [0m
:4:commandqueue.cpp         :167 : 4393642764042 us: [pid:4174004 tid: 0x7fa0f7bf0200] HW Event not ready, awaiting completion instead
:4:commandqueue.cpp         :184 : 4393642764057 us: [pid:4174004 tid: 0x7fa0f7bf0200] All commands finished
:4:rocdevice.cpp            :2388: 4393642764180 us: [pid:4174004 tid: 0x7fa0f7bf0200] Free hsa memory 0x7f9f7a000000
:3:rocdevice.cpp            :2411: 4393642764189 us: [pid:4174004 tid: 0x7fa0f7bf0200] Device=0x3c7d7500, freeMem_ = 0xffa1cffdc
:3:hip_memory.cpp           :774 : 4393642764200 us: [pid:4174004 tid: 0x7fa0f7bf0200] hipFree: Returned hipSuccess : 
:3:hip_memory.cpp           :772 : 4393642764850 us: [pid:4174004 tid: 0x7fa0f7bf0200] [32m hipFree ( 0x7f9fa0027000 ) [0m
:4:rocdevice.cpp            :2388: 4393642764872 us: [pid:4174004 tid: 0x7fa0f7bf0200] Free hsa memory 0x7f9fa0027000
:3:rocdevice.cpp            :2411: 4393642764878 us: [pid:4174004 tid: 0x7fa0f7bf0200] Device=0x3c7d7500, freeMem_ = 0xffa1dffdc
:3:hip_memory.cpp           :774 : 4393642764887 us: [pid:4174004 tid: 0x7fa0f7bf0200] hipFree: Returned hipSuccess : 
:3:hip_memory.cpp           :772 : 4393642764894 us: [pid:4174004 tid: 0x7fa0f7bf0200] [32m hipFree ( 0x7f9f74e00000 ) [0m
:4:rocdevice.cpp            :2388: 4393642765001 us: [pid:4174004 tid: 0x7fa0f7bf0200] Free hsa memory 0x7f9f74e00000
:3:rocdevice.cpp            :2411: 4393642765853 us: [pid:4174004 tid: 0x7fa0f7bf0200] Device=0x3c7d7500, freeMem_ = 0xffeffffdc
:3:hip_memory.cpp           :774 : 4393642765863 us: [pid:4174004 tid: 0x7fa0f7bf0200] hipFree: Returned hipSuccess : 
:3:hip_memory.cpp           :772 : 4393642765870 us: [pid:4174004 tid: 0x7fa0f7bf0200] [32m hipFree ( 0x7f9fa0000000 ) [0m
:4:rocdevice.cpp            :2388: 4393642765892 us: [pid:4174004 tid: 0x7fa0f7bf0200] Free hsa memory 0x7f9fa0000000
:3:rocdevice.cpp            :2411: 4393642765897 us: [pid:4174004 tid: 0x7fa0f7bf0200] Device=0x3c7d7500, freeMem_ = 0xfff000000
:3:hip_memory.cpp           :774 : 4393642765905 us: [pid:4174004 tid: 0x7fa0f7bf0200] hipFree: Returned hipSuccess : 
:3:hip_memory.cpp           :756 : 4393665350845 us: [pid:4174004 tid: 0x7fa0f7bf0200] [32m hipMalloc ( 0x7fffadf918d0, 491520000 ) [0m
:4:rocdevice.cpp            :2371: 4393665351084 us: [pid:4174004 tid: 0x7fa0f7bf0200] Allocate hsa device memory 0x7f9ed4200000, size 0x1d4c0000, hsa_mem_flags 0x0h
:3:rocdevice.cpp            :2411: 4393665351819 us: [pid:4174004 tid: 0x7fa0f7bf0200] Device=0x3c7d7500, freeMem_ = 0xfe1b40000
:3:hip_memory.cpp           :758 : 4393665351842 us: [pid:4174004 tid: 0x7fa0f7bf0200] hipMalloc: Returned hipSuccess : 0x7f9ed4200000: duration: 997 us
:3:hip_memory.cpp           :795 : 4393665351857 us: [pid:4174004 tid: 0x7fa0f7bf0200] [32m hipMemcpy ( 0x7f9ed4200000, 0x7f9f66b3f010, 491520000, hipMemcpyHostToDevice ) [0m
:4:command.cpp              :359 : 4393665351872 us: [pid:4174004 tid: 0x7fa0f7bf0200] Command (CopyHostToDevice) enqueued: 0x3cd9ae10
:4:rocblit.cpp              :1803: 4393665351884 us: [pid:4174004 tid: 0x7fa0f7bf0200] Unpinned write path, Async = 0
:4:rocmemory.cpp            :1018: 4393665352773 us: [pid:4174004 tid: 0x7fa0f7bf0200] Locking to pool 0x3c6dded0, size 0x2001000, HostPtr = 0x7f9f66b3f000, DevPtr = 0x7f9f66b3f000
:4:rocblit.cpp              :623 : 4393665352793 us: [pid:4174004 tid: 0x7fa0f7bf0200] HSA Copy Using Pinned resource size 33554432
:4:rocblit.cpp              :680 : 4393665352801 us: [pid:4174004 tid: 0x7fa0f7bf0200] HSA Async Copy staged H2D
:4:rocblit.cpp              :503 : 4393665352808 us: [pid:4174004 tid: 0x7fa0f7bf0200] Last copy mask 0x0
:4:rocblit.cpp              :509 : 4393665352816 us: [pid:4174004 tid: 0x7fa0f7bf0200] Query copy engine status 0, free_engine mask 0x1f
:4:rocblit.cpp              :520 : 4393665352824 us: [pid:4174004 tid: 0x7fa0f7bf0200] HSA Async Copy on copy_engine=0x1, dst=0x7f9ed4200000, src=0x7f9f66b3f010, size=33554432, forceSDMA=0, wait_event=0x0, completion_signal=0x7fa0ee7ff680
:4:rocvirtual.cpp           :622 : 4393665352835 us: [pid:4174004 tid: 0x7fa0f7bf0200] Host wait on completion_signal=0x7fa0ee7ff680
:3:rocvirtual.hpp           :56  : 4393665352843 us: [pid:4174004 tid: 0x7fa0f7bf0200] Host active wait for Signal = (0x7fa0ee7ff680) for -1 ns
:4:rocmemory.cpp            :1018: 4393665354971 us: [pid:4174004 tid: 0x7fa0f7bf0200] Locking to pool 0x3c6dded0, size 0x2001000, HostPtr = 0x7f9f68b3f000, DevPtr = 0x7f9f68b3f000
:4:rocblit.cpp              :623 : 4393665354998 us: [pid:4174004 tid: 0x7fa0f7bf0200] HSA Copy Using Pinned resource size 33554432
:4:rocblit.cpp              :680 : 4393665355006 us: [pid:4174004 tid: 0x7fa0f7bf0200] HSA Async Copy staged H2D
:4:rocblit.cpp              :503 : 4393665355012 us: [pid:4174004 tid: 0x7fa0f7bf0200] Last copy mask 0x1
:4:rocblit.cpp              :520 : 4393665355017 us: [pid:4174004 tid: 0x7fa0f7bf0200] HSA Async Copy on copy_engine=0x1, dst=0x7f9ed6200000, src=0x7f9f68b3f010, size=33554432, forceSDMA=0, wait_event=0x0, completion_signal=0x7fa0ee7ff480
:4:rocvirtual.cpp           :622 : 4393665355026 us: [pid:4174004 tid: 0x7fa0f7bf0200] Host wait on completion_signal=0x7fa0ee7ff480
:3:rocvirtual.hpp           :56  : 4393665355034 us: [pid:4174004 tid: 0x7fa0f7bf0200] Host active wait for Signal = (0x7fa0ee7ff480) for -1 ns
:4:rocmemory.cpp            :1018: 4393665357138 us: [pid:4174004 tid: 0x7fa0f7bf0200] Locking to pool 0x3c6dded0, size 0x2001000, HostPtr = 0x7f9f6ab3f000, DevPtr = 0x7f9f6ab3f000
:4:rocblit.cpp              :623 : 4393665357152 us: [pid:4174004 tid: 0x7fa0f7bf0200] HSA Copy Using Pinned resource size 33554432
:4:rocblit.cpp              :680 : 4393665357160 us: [pid:4174004 tid: 0x7fa0f7bf0200] HSA Async Copy staged H2D
:4:rocblit.cpp              :503 : 4393665357166 us: [pid:4174004 tid: 0x7fa0f7bf0200] Last copy mask 0x1
:4:rocblit.cpp              :520 : 4393665357171 us: [pid:4174004 tid: 0x7fa0f7bf0200] HSA Async Copy on copy_engine=0x1, dst=0x7f9ed8200000, src=0x7f9f6ab3f010, size=33554432, forceSDMA=0, wait_event=0x0, completion_signal=0x7fa0ee7fd900
:4:rocvirtual.cpp           :622 : 4393665357180 us: [pid:4174004 tid: 0x7fa0f7bf0200] Host wait on completion_signal=0x7fa0ee7fd900
:3:rocvirtual.hpp           :56  : 4393665357187 us: [pid:4174004 tid: 0x7fa0f7bf0200] Host active wait for Signal = (0x7fa0ee7fd900) for -1 ns
:4:rocmemory.cpp            :1018: 4393665359288 us: [pid:4174004 tid: 0x7fa0f7bf0200] Locking to pool 0x3c6dded0, size 0x2001000, HostPtr = 0x7f9f6cb3f000, DevPtr = 0x7f9f6cb3f000
:4:rocblit.cpp              :623 : 4393665359311 us: [pid:4174004 tid: 0x7fa0f7bf0200] HSA Copy Using Pinned resource size 33554432
:4:rocblit.cpp              :680 : 4393665360160 us: [pid:4174004 tid: 0x7fa0f7bf0200] HSA Async Copy staged H2D
:4:rocblit.cpp              :503 : 4393665360168 us: [pid:4174004 tid: 0x7fa0f7bf0200] Last copy mask 0x1
:4:rocblit.cpp              :520 : 4393665360173 us: [pid:4174004 tid: 0x7fa0f7bf0200] HSA Async Copy on copy_engine=0x1, dst=0x7f9eda200000, src=0x7f9f6cb3f010, size=33554432, forceSDMA=0, wait_event=0x0, completion_signal=0x7fa0ee7fe280
:4:rocvirtual.cpp           :622 : 4393665360182 us: [pid:4174004 tid: 0x7fa0f7bf0200] Host wait on completion_signal=0x7fa0ee7fe280
:3:rocvirtual.hpp           :56  : 4393665360190 us: [pid:4174004 tid: 0x7fa0f7bf0200] Host active wait for Signal = (0x7fa0ee7fe280) for -1 ns
:4:rocmemory.cpp            :1018: 4393665362310 us: [pid:4174004 tid: 0x7fa0f7bf0200] Locking to pool 0x3c6dded0, size 0x2001000, HostPtr = 0x7f9f6eb3f000, DevPtr = 0x7f9f6eb3f000
:4:rocblit.cpp              :623 : 4393665362323 us: [pid:4174004 tid: 0x7fa0f7bf0200] HSA Copy Using Pinned resource size 33554432
:4:rocblit.cpp              :680 : 4393665362891 us: [pid:4174004 tid: 0x7fa0f7bf0200] HSA Async Copy staged H2D
:4:rocblit.cpp              :503 : 4393665362902 us: [pid:4174004 tid: 0x7fa0f7bf0200] Last copy mask 0x1
:4:rocblit.cpp              :520 : 4393665362908 us: [pid:4174004 tid: 0x7fa0f7bf0200] HSA Async Copy on copy_engine=0x1, dst=0x7f9edc200000, src=0x7f9f6eb3f010, size=33554432, forceSDMA=0, wait_event=0x0, completion_signal=0x7fa0ee7fe300
:4:rocvirtual.cpp           :622 : 4393665362920 us: [pid:4174004 tid: 0x7fa0f7bf0200] Host wait on completion_signal=0x7fa0ee7fe300
:3:rocvirtual.hpp           :56  : 4393665362931 us: [pid:4174004 tid: 0x7fa0f7bf0200] Host active wait for Signal = (0x7fa0ee7fe300) for -1 ns
:4:rocmemory.cpp            :1018: 4393665365035 us: [pid:4174004 tid: 0x7fa0f7bf0200] Locking to pool 0x3c6dded0, size 0x2001000, HostPtr = 0x7f9f70b3f000, DevPtr = 0x7f9f70b3f000
:4:rocblit.cpp              :623 : 4393665365060 us: [pid:4174004 tid: 0x7fa0f7bf0200] HSA Copy Using Pinned resource size 33554432
:4:rocblit.cpp              :680 : 4393665365070 us: [pid:4174004 tid: 0x7fa0f7bf0200] HSA Async Copy staged H2D
:4:rocblit.cpp              :503 : 4393665365075 us: [pid:4174004 tid: 0x7fa0f7bf0200] Last copy mask 0x1
:4:rocblit.cpp              :520 : 4393665365080 us: [pid:4174004 tid: 0x7fa0f7bf0200] HSA Async Copy on copy_engine=0x1, dst=0x7f9ede200000, src=0x7f9f70b3f010, size=33554432, forceSDMA=0, wait_event=0x0, completion_signal=0x7fa0ee7fe400
:4:rocvirtual.cpp           :622 : 4393665365096 us: [pid:4174004 tid: 0x7fa0f7bf0200] Host wait on completion_signal=0x7fa0ee7fe400
:3:rocvirtual.hpp           :56  : 4393665365106 us: [pid:4174004 tid: 0x7fa0f7bf0200] Host active wait for Signal = (0x7fa0ee7fe400) for -1 ns
:4:rocmemory.cpp            :1018: 4393665367143 us: [pid:4174004 tid: 0x7fa0f7bf0200] Locking to pool 0x3c6dded0, size 0x2001000, HostPtr = 0x7f9f72b3f000, DevPtr = 0x7f9f72b3f000
:4:rocblit.cpp              :623 : 4393665367157 us: [pid:4174004 tid: 0x7fa0f7bf0200] HSA Copy Using Pinned resource size 33554432
:4:rocblit.cpp              :680 : 4393665367164 us: [pid:4174004 tid: 0x7fa0f7bf0200] HSA Async Copy staged H2D
:4:rocblit.cpp              :503 : 4393665367169 us: [pid:4174004 tid: 0x7fa0f7bf0200] Last copy mask 0x1
:4:rocblit.cpp              :520 : 4393665367174 us: [pid:4174004 tid: 0x7fa0f7bf0200] HSA Async Copy on copy_engine=0x1, dst=0x7f9ee0200000, src=0x7f9f72b3f010, size=33554432, forceSDMA=0, wait_event=0x0, completion_signal=0x7fa0ee7ff380
:4:rocvirtual.cpp           :622 : 4393665367182 us: [pid:4174004 tid: 0x7fa0f7bf0200] Host wait on completion_signal=0x7fa0ee7ff380
:3:rocvirtual.hpp           :56  : 4393665367190 us: [pid:4174004 tid: 0x7fa0f7bf0200] Host active wait for Signal = (0x7fa0ee7ff380) for -1 ns
:4:rocmemory.cpp            :1018: 4393665369267 us: [pid:4174004 tid: 0x7fa0f7bf0200] Locking to pool 0x3c6dded0, size 0x2001000, HostPtr = 0x7f9f74b3f000, DevPtr = 0x7f9f74b3f000
:4:rocblit.cpp              :623 : 4393665369280 us: [pid:4174004 tid: 0x7fa0f7bf0200] HSA Copy Using Pinned resource size 33554432
:4:rocblit.cpp              :680 : 4393665369287 us: [pid:4174004 tid: 0x7fa0f7bf0200] HSA Async Copy staged H2D
:4:rocblit.cpp              :503 : 4393665369292 us: [pid:4174004 tid: 0x7fa0f7bf0200] Last copy mask 0x1
:4:rocblit.cpp              :520 : 4393665369297 us: [pid:4174004 tid: 0x7fa0f7bf0200] HSA Async Copy on copy_engine=0x1, dst=0x7f9ee2200000, src=0x7f9f74b3f010, size=33554432, forceSDMA=0, wait_event=0x0, completion_signal=0x7fa0ee7ff180
:4:rocvirtual.cpp           :622 : 4393665369305 us: [pid:4174004 tid: 0x7fa0f7bf0200] Host wait on completion_signal=0x7fa0ee7ff180
:3:rocvirtual.hpp           :56  : 4393665369313 us: [pid:4174004 tid: 0x7fa0f7bf0200] Host active wait for Signal = (0x7fa0ee7ff180) for -1 ns
:4:rocmemory.cpp            :1018: 4393665371377 us: [pid:4174004 tid: 0x7fa0f7bf0200] Locking to pool 0x3c6dded0, size 0x2001000, HostPtr = 0x7f9f76b3f000, DevPtr = 0x7f9f76b3f000
:4:rocblit.cpp              :623 : 4393665371403 us: [pid:4174004 tid: 0x7fa0f7bf0200] HSA Copy Using Pinned resource size 33554432
:4:rocblit.cpp              :680 : 4393665371413 us: [pid:4174004 tid: 0x7fa0f7bf0200] HSA Async Copy staged H2D
:4:rocblit.cpp              :503 : 4393665371418 us: [pid:4174004 tid: 0x7fa0f7bf0200] Last copy mask 0x1
:4:rocblit.cpp              :520 : 4393665371423 us: [pid:4174004 tid: 0x7fa0f7bf0200] HSA Async Copy on copy_engine=0x1, dst=0x7f9ee4200000, src=0x7f9f76b3f010, size=33554432, forceSDMA=0, wait_event=0x0, completion_signal=0x7fa0ee7fd980
:4:rocvirtual.cpp           :622 : 4393665371432 us: [pid:4174004 tid: 0x7fa0f7bf0200] Host wait on completion_signal=0x7fa0ee7fd980
:3:rocvirtual.hpp           :56  : 4393665371443 us: [pid:4174004 tid: 0x7fa0f7bf0200] Host active wait for Signal = (0x7fa0ee7fd980) for -1 ns
:4:rocmemory.cpp            :1018: 4393665373501 us: [pid:4174004 tid: 0x7fa0f7bf0200] Locking to pool 0x3c6dded0, size 0x2001000, HostPtr = 0x7f9f78b3f000, DevPtr = 0x7f9f78b3f000
:4:rocblit.cpp              :623 : 4393665373515 us: [pid:4174004 tid: 0x7fa0f7bf0200] HSA Copy Using Pinned resource size 33554432
:4:rocblit.cpp              :680 : 4393665373527 us: [pid:4174004 tid: 0x7fa0f7bf0200] HSA Async Copy staged H2D
:4:rocblit.cpp              :503 : 4393665373534 us: [pid:4174004 tid: 0x7fa0f7bf0200] Last copy mask 0x1
:4:rocblit.cpp              :520 : 4393665373541 us: [pid:4174004 tid: 0x7fa0f7bf0200] HSA Async Copy on copy_engine=0x1, dst=0x7f9ee6200000, src=0x7f9f78b3f010, size=33554432, forceSDMA=0, wait_event=0x0, completion_signal=0x7fa0ee7fe480
:4:rocvirtual.cpp           :622 : 4393665373554 us: [pid:4174004 tid: 0x7fa0f7bf0200] Host wait on completion_signal=0x7fa0ee7fe480
:3:rocvirtual.hpp           :56  : 4393665373561 us: [pid:4174004 tid: 0x7fa0f7bf0200] Host active wait for Signal = (0x7fa0ee7fe480) for -1 ns
:4:rocmemory.cpp            :1018: 4393665375661 us: [pid:4174004 tid: 0x7fa0f7bf0200] Locking to pool 0x3c6dded0, size 0x2001000, HostPtr = 0x7f9f7ab3f000, DevPtr = 0x7f9f7ab3f000
:4:rocblit.cpp              :623 : 4393665375673 us: [pid:4174004 tid: 0x7fa0f7bf0200] HSA Copy Using Pinned resource size 33554432
:4:rocblit.cpp              :680 : 4393665375681 us: [pid:4174004 tid: 0x7fa0f7bf0200] HSA Async Copy staged H2D
:4:rocblit.cpp              :503 : 4393665375686 us: [pid:4174004 tid: 0x7fa0f7bf0200] Last copy mask 0x1
:4:rocblit.cpp              :520 : 4393665375690 us: [pid:4174004 tid: 0x7fa0f7bf0200] HSA Async Copy on copy_engine=0x1, dst=0x7f9ee8200000, src=0x7f9f7ab3f010, size=33554432, forceSDMA=0, wait_event=0x0, completion_signal=0x7fa0ee7fe500
:4:rocvirtual.cpp           :622 : 4393665375699 us: [pid:4174004 tid: 0x7fa0f7bf0200] Host wait on completion_signal=0x7fa0ee7fe500
:3:rocvirtual.hpp           :56  : 4393665375712 us: [pid:4174004 tid: 0x7fa0f7bf0200] Host active wait for Signal = (0x7fa0ee7fe500) for -1 ns
:4:rocmemory.cpp            :1018: 4393665377757 us: [pid:4174004 tid: 0x7fa0f7bf0200] Locking to pool 0x3c6dded0, size 0x2001000, HostPtr = 0x7f9f7cb3f000, DevPtr = 0x7f9f7cb3f000
:4:rocblit.cpp              :623 : 4393665377772 us: [pid:4174004 tid: 0x7fa0f7bf0200] HSA Copy Using Pinned resource size 33554432
:4:rocblit.cpp              :680 : 4393665377780 us: [pid:4174004 tid: 0x7fa0f7bf0200] HSA Async Copy staged H2D
:4:rocblit.cpp              :503 : 4393665377785 us: [pid:4174004 tid: 0x7fa0f7bf0200] Last copy mask 0x1
:4:rocblit.cpp              :520 : 4393665377790 us: [pid:4174004 tid: 0x7fa0f7bf0200] HSA Async Copy on copy_engine=0x1, dst=0x7f9eea200000, src=0x7f9f7cb3f010, size=33554432, forceSDMA=0, wait_event=0x0, completion_signal=0x7fa0ee7fe600
:4:rocvirtual.cpp           :622 : 4393665377798 us: [pid:4174004 tid: 0x7fa0f7bf0200] Host wait on completion_signal=0x7fa0ee7fe600
:3:rocvirtual.hpp           :56  : 4393665377805 us: [pid:4174004 tid: 0x7fa0f7bf0200] Host active wait for Signal = (0x7fa0ee7fe600) for -1 ns
:4:rocmemory.cpp            :1018: 4393665379941 us: [pid:4174004 tid: 0x7fa0f7bf0200] Locking to pool 0x3c6dded0, size 0x2001000, HostPtr = 0x7f9f7eb3f000, DevPtr = 0x7f9f7eb3f000
:4:rocblit.cpp              :623 : 4393665379960 us: [pid:4174004 tid: 0x7fa0f7bf0200] HSA Copy Using Pinned resource size 33554432
:4:rocblit.cpp              :680 : 4393665379967 us: [pid:4174004 tid: 0x7fa0f7bf0200] HSA Async Copy staged H2D
:4:rocblit.cpp              :503 : 4393665379972 us: [pid:4174004 tid: 0x7fa0f7bf0200] Last copy mask 0x1
:4:rocblit.cpp              :520 : 4393665379977 us: [pid:4174004 tid: 0x7fa0f7bf0200] HSA Async Copy on copy_engine=0x1, dst=0x7f9eec200000, src=0x7f9f7eb3f010, size=33554432, forceSDMA=0, wait_event=0x0, completion_signal=0x7fa0ee7fef80
:4:rocvirtual.cpp           :622 : 4393665379997 us: [pid:4174004 tid: 0x7fa0f7bf0200] Host wait on completion_signal=0x7fa0ee7fef80
:3:rocvirtual.hpp           :56  : 4393665380015 us: [pid:4174004 tid: 0x7fa0f7bf0200] Host active wait for Signal = (0x7fa0ee7fef80) for -1 ns
:4:rocmemory.cpp            :1018: 4393665382065 us: [pid:4174004 tid: 0x7fa0f7bf0200] Locking to pool 0x3c6dded0, size 0x2001000, HostPtr = 0x7f9f80b3f000, DevPtr = 0x7f9f80b3f000
:4:rocblit.cpp              :623 : 4393665382077 us: [pid:4174004 tid: 0x7fa0f7bf0200] HSA Copy Using Pinned resource size 33554432
:4:rocblit.cpp              :680 : 4393665382085 us: [pid:4174004 tid: 0x7fa0f7bf0200] HSA Async Copy staged H2D
:4:rocblit.cpp              :503 : 4393665382095 us: [pid:4174004 tid: 0x7fa0f7bf0200] Last copy mask 0x1
:4:rocblit.cpp              :520 : 4393665382101 us: [pid:4174004 tid: 0x7fa0f7bf0200] HSA Async Copy on copy_engine=0x1, dst=0x7f9eee200000, src=0x7f9f80b3f010, size=33554432, forceSDMA=0, wait_event=0x0, completion_signal=0x7fa0ee7fda00
:4:rocvirtual.cpp           :622 : 4393665382112 us: [pid:4174004 tid: 0x7fa0f7bf0200] Host wait on completion_signal=0x7fa0ee7fda00
:3:rocvirtual.hpp           :56  : 4393665382126 us: [pid:4174004 tid: 0x7fa0f7bf0200] Host active wait for Signal = (0x7fa0ee7fda00) for -1 ns
:4:rocmemory.cpp            :1018: 4393665383930 us: [pid:4174004 tid: 0x7fa0f7bf0200] Locking to pool 0x3c6dded0, size 0x14c1000, HostPtr = 0x7f9f82b3f000, DevPtr = 0x7f9f82b3f000
:4:rocblit.cpp              :623 : 4393665383942 us: [pid:4174004 tid: 0x7fa0f7bf0200] HSA Copy Using Pinned resource size 21757952
:4:rocblit.cpp              :680 : 4393665383950 us: [pid:4174004 tid: 0x7fa0f7bf0200] HSA Async Copy staged H2D
:4:rocblit.cpp              :503 : 4393665383956 us: [pid:4174004 tid: 0x7fa0f7bf0200] Last copy mask 0x1
:4:rocblit.cpp              :520 : 4393665383960 us: [pid:4174004 tid: 0x7fa0f7bf0200] HSA Async Copy on copy_engine=0x1, dst=0x7f9ef0200000, src=0x7f9f82b3f010, size=21757952, forceSDMA=0, wait_event=0x0, completion_signal=0x7fa0ee7fdb00
:4:rocvirtual.cpp           :622 : 4393665383968 us: [pid:4174004 tid: 0x7fa0f7bf0200] Host wait on completion_signal=0x7fa0ee7fdb00
:3:rocvirtual.hpp           :56  : 4393665383976 us: [pid:4174004 tid: 0x7fa0f7bf0200] Host active wait for Signal = (0x7fa0ee7fdb00) for -1 ns
:4:commandqueue.cpp         :161 : 4393665384789 us: [pid:4174004 tid: 0x7fa0f7bf0200] Marker queued to ensure finish
:4:command.cpp              :359 : 4393665384800 us: [pid:4174004 tid: 0x7fa0f7bf0200] Command (InternalMarker) enqueued: 0x3cf38cb0
:3:rocvirtual.cpp           :533 : 4393665384818 us: [pid:4174004 tid: 0x7fa0f7bf0200] Set Handler: handle(0x7fa0ee7fcd00), timestamp(0x3cc3f950)
:4:rocvirtual.cpp           :1147: 4393665384827 us: [pid:4174004 tid: 0x7fa0f7bf0200] SWq=0x7fa0ee95c000, HWq=0x7f9face00000, id=1, BarrierAND Header = 0x1503 (type=3, barrier=1, acquire=2, release=2), dep_signal=[0x0, 0x0, 0x0, 0x0, 0x0], completion_signal=0x7fa0ee7fcd00
:4:commandqueue.cpp         :184 : 4393665384845 us: [pid:4174004 tid: 0x7fa0f7bf0200] All commands finished
:3:hip_memory.cpp           :796 : 4393665384853 us: [pid:4174004 tid: 0x7fa0f7bf0200] hipMemcpy: Returned hipSuccess : : duration: 32996 us
:3:rocvirtual.cpp           :226 : 4393665384855 us: [pid:4174004 tid: 0x7f9fbf3ff6c0] Handler: value(0), timestamp(0x3d00acf0), handle(0x7fa0ee7fcd00)
:3:hip_memory.cpp           :756 : 4393665384878 us: [pid:4174004 tid: 0x7fa0f7bf0200] [32m hipMalloc ( 0x7fffadf918c8, 393216 ) [0m
:4:command.cpp              :169 : 4393665384904 us: [pid:4174004 tid: 0x7f9fbf3ff6c0] Command 0x3cd9ae10 complete
:4:rocdevice.cpp            :2371: 4393665384920 us: [pid:4174004 tid: 0x7fa0f7bf0200] Allocate hsa device memory 0x7f9fa0027000, size 0x60000, hsa_mem_flags 0x0h
:3:rocdevice.cpp            :2411: 4393665385807 us: [pid:4174004 tid: 0x7fa0f7bf0200] Device=0x3c7d7500, freeMem_ = 0xfe1ae0000
:4:command.cpp              :163 : 4393665385800 us: [pid:4174004 tid: 0x7f9fbf3ff6c0] Command 0x3cf38cb0 complete (Wall: 4393665385798, CPU: 0, GPU: 989 us)
:3:hip_memory.cpp           :758 : 4393665385826 us: [pid:4174004 tid: 0x7fa0f7bf0200] hipMalloc: Returned hipSuccess : 0x7f9fa0027000: duration: 948 us
:3:hip_memory.cpp           :795 : 4393665385864 us: [pid:4174004 tid: 0x7fa0f7bf0200] [32m hipMemcpy ( 0x7f9fa0027000, 0x3cf7cf90, 393216, hipMemcpyHostToDevice ) [0m
:4:command.cpp              :359 : 4393665385878 us: [pid:4174004 tid: 0x7fa0f7bf0200] Command (CopyHostToDevice) enqueued: 0x3cd9a9d0
:4:rocblit.cpp              :1803: 4393665385888 us: [pid:4174004 tid: 0x7fa0f7bf0200] Unpinned write path, Async = 0
:4:rocblit.cpp              :633 : 4393665385893 us: [pid:4174004 tid: 0x7fa0f7bf0200] HSA Copy Using Staging resource size 393216
:4:rocblit.cpp              :680 : 4393665385930 us: [pid:4174004 tid: 0x7fa0f7bf0200] HSA Async Copy staged H2D
:4:rocblit.cpp              :503 : 4393665386805 us: [pid:4174004 tid: 0x7fa0f7bf0200] Last copy mask 0x0
:4:rocblit.cpp              :509 : 4393665386820 us: [pid:4174004 tid: 0x7fa0f7bf0200] Query copy engine status 0, free_engine mask 0x1f
:4:rocblit.cpp              :520 : 4393665386831 us: [pid:4174004 tid: 0x7fa0f7bf0200] HSA Async Copy on copy_engine=0x1, dst=0x7f9fa0027000, src=0x7f9fac616200, size=393216, forceSDMA=0, wait_event=0x0, completion_signal=0x7fa0ee7fe680
:4:commandqueue.cpp         :161 : 4393665386862 us: [pid:4174004 tid: 0x7fa0f7bf0200] Marker queued to ensure finish
:4:command.cpp              :359 : 4393665386869 us: [pid:4174004 tid: 0x7fa0f7bf0200] Command (InternalMarker) enqueued: 0x3cf38cb0
:3:rocvirtual.cpp           :533 : 4393665386887 us: [pid:4174004 tid: 0x7fa0f7bf0200] Set Handler: handle(0x7fa0ee7fcc00), timestamp(0x3ce97ce0)
:4:rocvirtual.cpp           :1147: 4393665387394 us: [pid:4174004 tid: 0x7fa0f7bf0200] SWq=0x7fa0ee95c000, HWq=0x7f9face00000, id=1, BarrierAND Header = 0x1503 (type=3, barrier=1, acquire=2, release=2), dep_signal=[0x0, 0x0, 0x0, 0x0, 0x0], completion_signal=0x7fa0ee7fcc00
:3:rocvirtual.cpp           :226 : 4393665387404 us: [pid:4174004 tid: 0x7f9fbf3ff6c0] Handler: value(0), timestamp(0x3cd9a1c0), handle(0x7fa0ee7fcc00)
:4:command.cpp              :169 : 4393665387417 us: [pid:4174004 tid: 0x7f9fbf3ff6c0] Command 0x3cd9a9d0 complete
:4:command.cpp              :163 : 4393665387423 us: [pid:4174004 tid: 0x7f9fbf3ff6c0] Command 0x3cf38cb0 complete (Wall: 4393665387422, CPU: 0, GPU: 543 us)
:4:commandqueue.cpp         :184 : 4393665387425 us: [pid:4174004 tid: 0x7fa0f7bf0200] All commands finished
:3:hip_memory.cpp           :796 : 4393665387441 us: [pid:4174004 tid: 0x7fa0f7bf0200] hipMemcpy: Returned hipSuccess : : duration: 1577 us
:3:hip_memory.cpp           :756 : 4393665387454 us: [pid:4174004 tid: 0x7fa0f7bf0200] [32m hipMalloc ( 0x7fffadf918c0, 491520000 ) [0m
:4:rocdevice.cpp            :2371: 4393665387593 us: [pid:4174004 tid: 0x7fa0f7bf0200] Allocate hsa device memory 0x7f9eb6a00000, size 0x1d4c0000, hsa_mem_flags 0x0h
:3:rocdevice.cpp            :2411: 4393665388443 us: [pid:4174004 tid: 0x7fa0f7bf0200] Device=0x3c7d7500, freeMem_ = 0xfc4620000
:3:hip_memory.cpp           :758 : 4393665388456 us: [pid:4174004 tid: 0x7fa0f7bf0200] hipMalloc: Returned hipSuccess : 0x7f9eb6a00000: duration: 1002 us
:3:hip_memory.cpp           :756 : 4393665388466 us: [pid:4174004 tid: 0x7fa0f7bf0200] [32m hipMalloc ( 0x7fffadf918b8, 36 ) [0m
:4:rocdevice.cpp            :2371: 4393665388477 us: [pid:4174004 tid: 0x7fa0f7bf0200] Allocate hsa device memory 0x7f9fa0000000, size 0x24, hsa_mem_flags 0x0h
:3:rocdevice.cpp            :2411: 4393665388484 us: [pid:4174004 tid: 0x7fa0f7bf0200] Device=0x3c7d7500, freeMem_ = 0xfc461ffdc
:3:hip_memory.cpp           :758 : 4393665388494 us: [pid:4174004 tid: 0x7fa0f7bf0200] hipMalloc: Returned hipSuccess : 0x7f9fa0000000: duration: 28 us
:3:hip_memory.cpp           :795 : 4393665388505 us: [pid:4174004 tid: 0x7fa0f7bf0200] [32m hipMemcpy ( 0x7f9fa0000000, 0x3c825f40, 36, hipMemcpyHostToDevice ) [0m
:4:command.cpp              :359 : 4393665388518 us: [pid:4174004 tid: 0x7fa0f7bf0200] Command (CopyHostToDevice) enqueued: 0x3cd9a9d0
:4:rocblit.cpp              :1803: 4393665388533 us: [pid:4174004 tid: 0x7fa0f7bf0200] Unpinned write path, Async = 0
:4:rocblit.cpp              :1832: 4393665388538 us: [pid:4174004 tid: 0x7fa0f7bf0200] memcpy stg buf=0x7f9fac676200, host src=0x3c825f40, size=36
:4:rocblit.cpp              :1835: 4393665388545 us: [pid:4174004 tid: 0x7fa0f7bf0200] Blit staging H2D copy dst=0x7f9fa0000000, stg buf=0x7f9fac676200, dstOrigin=0x0, size=36
:3:rocvirtual.cpp           :762 : 4393665388555 us: [pid:4174004 tid: 0x7fa0f7bf0200] Arg0: uchar* src = ptr:0x7f9fac676200
:3:rocvirtual.cpp           :762 : 4393665388560 us: [pid:4174004 tid: 0x7fa0f7bf0200] Arg1: uchar* dst = ptr:0x7f9fa0000000
:3:rocvirtual.cpp           :853 : 4393665388565 us: [pid:4174004 tid: 0x7fa0f7bf0200] Arg2: ulong size = val:36
:3:rocvirtual.cpp           :853 : 4393665388570 us: [pid:4174004 tid: 0x7fa0f7bf0200] Arg3: uint remainder = val:4
:3:rocvirtual.cpp           :853 : 4393665388575 us: [pid:4174004 tid: 0x7fa0f7bf0200] Arg4: uint aligned_size = val:16
:3:rocvirtual.cpp           :853 : 4393665388580 us: [pid:4174004 tid: 0x7fa0f7bf0200] Arg5: ulong end_ptr = val:140323560882208
:3:rocvirtual.cpp           :853 : 4393665389241 us: [pid:4174004 tid: 0x7fa0f7bf0200] Arg6: uint next_chunk = val:512
:3:rocvirtual.cpp           :3236: 4393665389246 us: [pid:4174004 tid: 0x7fa0f7bf0200] ShaderName : __amd_rocclr_copyBuffer
:3:rocvirtual.cpp           :3449: 4393665389252 us: [pid:4174004 tid: 0x7fa0f7bf0200] KernargSegmentByteSize = 304 KernargSegmentAlignment = 128
:4:rocvirtual.cpp           :965 : 4393665389262 us: [pid:4174004 tid: 0x7fa0f7bf0200] SWq=0x7fa0ee95c000, HWq=0x7f9face00000, id=1, Dispatch Header = 0x1502 (type=2, barrier=1, acquire=2, release=2), setup=1, grid=[512, 1, 1], workgroup=[512, 1, 1], private_seg_size=0, group_seg_size=0, kernel_obj=0x7fa0ee94ddc0, kernarg_address=0x7f9facc00000, completion_signal=0x0, correlation_id=0, rptr=132, wptr=132
:4:commandqueue.cpp         :161 : 4393665389277 us: [pid:4174004 tid: 0x7fa0f7bf0200] Marker queued to ensure finish
:4:command.cpp              :359 : 4393665389282 us: [pid:4174004 tid: 0x7fa0f7bf0200] Command (InternalMarker) enqueued: 0x3cf38cb0
:3:rocvirtual.cpp           :533 : 4393665389295 us: [pid:4174004 tid: 0x7fa0f7bf0200] Set Handler: handle(0x7fa0ee7fcc80), timestamp(0x3ce97fe0)
:4:rocvirtual.cpp           :1147: 4393665389304 us: [pid:4174004 tid: 0x7fa0f7bf0200] SWq=0x7fa0ee95c000, HWq=0x7f9face00000, id=1, BarrierAND Header = 0x1503 (type=3, barrier=1, acquire=2, release=2), dep_signal=[0x0, 0x0, 0x0, 0x0, 0x0], completion_signal=0x7fa0ee7fcc80
:4:commandqueue.cpp         :184 : 4393665389315 us: [pid:4174004 tid: 0x7fa0f7bf0200] All commands finished
:3:hip_memory.cpp           :796 : 4393665389322 us: [pid:4174004 tid: 0x7fa0f7bf0200] hipMemcpy: Returned hipSuccess : : duration: 817 us
:3:rocvirtual.cpp           :226 : 4393665389316 us: [pid:4174004 tid: 0x7f9fbf3ff6c0] Handler: value(0), timestamp(0x3d00ad60), handle(0x7fa0ee7fcc80)
:4:command.cpp              :169 : 4393665389345 us: [pid:4174004 tid: 0x7f9fbf3ff6c0] Command 0x3cd9a9d0 complete
:3:hip_memory.cpp           :3476: 4393665389334 us: [pid:4174004 tid: 0x7fa0f7bf0200] [32m hipMemset ( 0x7f9eb6a00000, 0, 491520000 ) [0m
:4:command.cpp              :163 : 4393665389352 us: [pid:4174004 tid: 0x7f9fbf3ff6c0] Command 0x3cf38cb0 complete (Wall: 4393665389351, CPU: 0, GPU: 61 us)
:4:command.cpp              :359 : 4393665390283 us: [pid:4174004 tid: 0x7fa0f7bf0200] Command (FillBuffer) enqueued: 0x3cd9a9d0
:3:rocvirtual.cpp           :762 : 4393665390317 us: [pid:4174004 tid: 0x7fa0f7bf0200] Arg0: void* buf = ptr:0x7f9eb6a00000
:3:rocvirtual.cpp           :778 : 4393665390322 us: [pid:4174004 tid: 0x7fa0f7bf0200] Arg0: void* buf = ptr:0x7f9eb6a00000 obj:[0x7f9eb6a00000-0x7f9ed3ec0000]
:3:rocvirtual.cpp           :762 : 4393665390330 us: [pid:4174004 tid: 0x7fa0f7bf0200] Arg1: uchar* pattern = ptr:0x7f9facc00200
:3:rocvirtual.cpp           :853 : 4393665390340 us: [pid:4174004 tid: 0x7fa0f7bf0200] Arg2: uint pattern_size = val:1
:3:rocvirtual.cpp           :853 : 4393665390345 us: [pid:4174004 tid: 0x7fa0f7bf0200] Arg3: uint alignment = val:16
:3:rocvirtual.cpp           :853 : 4393665390350 us: [pid:4174004 tid: 0x7fa0f7bf0200] Arg4: ulong end_ptr = val:140320137019392
:3:rocvirtual.cpp           :853 : 4393665390357 us: [pid:4174004 tid: 0x7fa0f7bf0200] Arg5: uint next_chunk = val:26624
:3:rocvirtual.cpp           :3236: 4393665390362 us: [pid:4174004 tid: 0x7fa0f7bf0200] ShaderName : __amd_rocclr_fillBufferAligned
:3:rocvirtual.cpp           :3449: 4393665390370 us: [pid:4174004 tid: 0x7fa0f7bf0200] KernargSegmentByteSize = 296 KernargSegmentAlignment = 128
:4:rocvirtual.cpp           :965 : 4393665390379 us: [pid:4174004 tid: 0x7fa0f7bf0200] SWq=0x7fa0ee95c000, HWq=0x7f9face00000, id=1, Dispatch Header = 0xb02 (type=2, barrier=1, acquire=1, release=1), setup=1, grid=[26624, 1, 1], workgroup=[256, 1, 1], private_seg_size=0, group_seg_size=0, kernel_obj=0x7fa0ee94dd40, kernarg_address=0x7f9facc00300, completion_signal=0x0, correlation_id=0, rptr=134, wptr=134
:3:hip_memory.cpp           :3477: 4393665391379 us: [pid:4174004 tid: 0x7fa0f7bf0200] hipMemset: Returned hipSuccess : 
:3:hip_device_runtime.cpp   :641 : 4393665391386 us: [pid:4174004 tid: 0x7fa0f7bf0200] [32m hipDeviceSynchronize (  ) [0m
:4:commandqueue.cpp         :161 : 4393665391391 us: [pid:4174004 tid: 0x7fa0f7bf0200] Marker queued to ensure finish
:4:command.cpp              :359 : 4393665391396 us: [pid:4174004 tid: 0x7fa0f7bf0200] Command (InternalMarker) enqueued: 0x3cf38cb0
:3:rocvirtual.cpp           :533 : 4393665391409 us: [pid:4174004 tid: 0x7fa0f7bf0200] Set Handler: handle(0x7fa0ee7fcf80), timestamp(0x3cebd5a0)
:4:rocvirtual.cpp           :1147: 4393665391417 us: [pid:4174004 tid: 0x7fa0f7bf0200] SWq=0x7fa0ee95c000, HWq=0x7f9face00000, id=1, BarrierAND Header = 0x1503 (type=3, barrier=1, acquire=2, release=2), dep_signal=[0x0, 0x0, 0x0, 0x0, 0x0], completion_signal=0x7fa0ee7fcf80
:3:rocvirtual.hpp           :56  : 4393665391428 us: [pid:4174004 tid: 0x7fa0f7bf0200] Host active wait for Signal = (0x7fa0ee7fcf80) for -1 ns
:4:commandqueue.cpp         :184 : 4393665391776 us: [pid:4174004 tid: 0x7fa0f7bf0200] All commands finished
:3:hip_device_runtime.cpp   :645 : 4393665391941 us: [pid:4174004 tid: 0x7fa0f7bf0200] hipDeviceSynchronize: Returned hipSuccess : 
:3:hip_platform.cpp         :237 : 4393665391956 us: [pid:4174004 tid: 0x7fa0f7bf0200] [32m __hipPushCallConfiguration ( {8,1,1}, {128,1,1}, 0, stream:<null> ) [0m
:3:hip_platform.cpp         :241 : 4393665391966 us: [pid:4174004 tid: 0x7fa0f7bf0200] __hipPushCallConfiguration: Returned hipSuccess : 
:3:rocvirtual.cpp           :226 : 4393665391778 us: [pid:4174004 tid: 0x7f9fbf3ff6c0] Handler: value(0), timestamp(0x3cd9acc0), handle(0x7fa0ee7fcf80)
:4:command.cpp              :169 : 4393665391987 us: [pid:4174004 tid: 0x7f9fbf3ff6c0] Command 0x3cd9a9d0 complete
:4:command.cpp              :163 : 4393665391993 us: [pid:4174004 tid: 0x7f9fbf3ff6c0] Command 0x3cf38cb0 complete (Wall: 4393665391992, CPU: 0, GPU: 588 us)
:3:hip_platform.cpp         :246 : 4393665391977 us: [pid:4174004 tid: 0x7fa0f7bf0200] [32m __hipPopCallConfiguration ( {37054546,32673,128}, {2118224,0,2918783392}, 0x7fffadf916f0, 0x7fffadf916e8 ) [0m
:3:hip_platform.cpp         :255 : 4393665392030 us: [pid:4174004 tid: 0x7fa0f7bf0200] __hipPopCallConfiguration: Returned hipSuccess : 
:3:hip_module.cpp           :744 : 4393665392042 us: [pid:4174004 tid: 0x7fa0f7bf0200] [32m hipLaunchKernel ( 0x200fd8, {8,1,1}, {128,1,1}, 0x7fffadf916a0, 0, stream:<null> ) [0m
:4:command.cpp              :359 : 4393665392058 us: [pid:4174004 tid: 0x7fa0f7bf0200] Command (KernelExecution) enqueued: 0x3cd9a9d0
:3:rocvirtual.cpp           :762 : 4393665392430 us: [pid:4174004 tid: 0x7fa0f7bf0200] Arg0:   = ptr:0x7f9ed4200000
:3:rocvirtual.cpp           :778 : 4393665392435 us: [pid:4174004 tid: 0x7fa0f7bf0200] Arg0:   = ptr:0x7f9ed4200000 obj:[0x7f9ed4200000-0x7f9ef16c0000]
:3:rocvirtual.cpp           :762 : 4393665392445 us: [pid:4174004 tid: 0x7fa0f7bf0200] Arg1:   = ptr:0x7f9fa0027000
:3:rocvirtual.cpp           :778 : 4393665392450 us: [pid:4174004 tid: 0x7fa0f7bf0200] Arg1:   = ptr:0x7f9fa0027000 obj:[0x7f9fa0027000-0x7f9fa0087000]
:3:rocvirtual.cpp           :762 : 4393665392458 us: [pid:4174004 tid: 0x7fa0f7bf0200] Arg2:   = ptr:0x7f9eb6a00000
:3:rocvirtual.cpp           :778 : 4393665392462 us: [pid:4174004 tid: 0x7fa0f7bf0200] Arg2:   = ptr:0x7f9eb6a00000 obj:[0x7f9eb6a00000-0x7f9ed3ec0000]
:3:rocvirtual.cpp           :853 : 4393665392470 us: [pid:4174004 tid: 0x7fa0f7bf0200] Arg3:   = val:12288
:3:rocvirtual.cpp           :762 : 4393665392474 us: [pid:4174004 tid: 0x7fa0f7bf0200] Arg4:   = ptr:0x7f9fa0000000
:3:rocvirtual.cpp           :778 : 4393665392479 us: [pid:4174004 tid: 0x7fa0f7bf0200] Arg4:   = ptr:0x7f9fa0000000 obj:[0x7f9fa0000000-0x7f9fa0000024]
:3:rocvirtual.cpp           :3236: 4393665392487 us: [pid:4174004 tid: 0x7fa0f7bf0200] ShaderName : void dense_esuhm<float>(float const*, float const*, float*, int, int const*)
:3:rocvirtual.cpp           :3449: 4393665392496 us: [pid:4174004 tid: 0x7fa0f7bf0200] KernargSegmentByteSize = 296 KernargSegmentAlignment = 128
:4:rocvirtual.cpp           :965 : 4393665392505 us: [pid:4174004 tid: 0x7fa0f7bf0200] SWq=0x7fa0ee95c000, HWq=0x7f9face00000, id=1, Dispatch Header = 0xb02 (type=2, barrier=1, acquire=1, release=1), setup=3, grid=[1024, 1, 1], workgroup=[128, 1, 1], private_seg_size=140, group_seg_size=0, kernel_obj=0x7fa0ee921980, kernarg_address=0x7f9facc00480, completion_signal=0x0, correlation_id=0, rptr=136, wptr=136
:3:hip_module.cpp           :745 : 4393665392519 us: [pid:4174004 tid: 0x7fa0f7bf0200] hipLaunchKernel: Returned hipSuccess : : duration: 477 us
:3:hip_device_runtime.cpp   :641 : 4393665392527 us: [pid:4174004 tid: 0x7fa0f7bf0200] [32m hipDeviceSynchronize (  ) [0m
:4:commandqueue.cpp         :161 : 4393665392532 us: [pid:4174004 tid: 0x7fa0f7bf0200] Marker queued to ensure finish
:4:command.cpp              :359 : 4393665392537 us: [pid:4174004 tid: 0x7fa0f7bf0200] Command (InternalMarker) enqueued: 0x3cf38cb0
:3:rocvirtual.cpp           :533 : 4393665392548 us: [pid:4174004 tid: 0x7fa0f7bf0200] Set Handler: handle(0x7fa0ee7fce80), timestamp(0x3ce97e80)
:4:rocvirtual.cpp           :1147: 4393665392557 us: [pid:4174004 tid: 0x7fa0f7bf0200] SWq=0x7fa0ee95c000, HWq=0x7f9face00000, id=1, BarrierAND Header = 0x1503 (type=3, barrier=1, acquire=2, release=2), dep_signal=[0x0, 0x0, 0x0, 0x0, 0x0], completion_signal=0x7fa0ee7fce80
:3:rocvirtual.hpp           :56  : 4393665392569 us: [pid:4174004 tid: 0x7fa0f7bf0200] Host active wait for Signal = (0x7fa0ee7fce80) for -1 ns
:4:commandqueue.cpp         :184 : 4393665393714 us: [pid:4174004 tid: 0x7fa0f7bf0200] All commands finished
:3:hip_device_runtime.cpp   :645 : 4393665393831 us: [pid:4174004 tid: 0x7fa0f7bf0200] hipDeviceSynchronize: Returned hipSuccess : 
:3:rocvirtual.cpp           :226 : 4393665393715 us: [pid:4174004 tid: 0x7f9fbf3ff6c0] Handler: value(0), timestamp(0x3ce981f0), handle(0x7fa0ee7fce80)
:4:command.cpp              :169 : 4393665393851 us: [pid:4174004 tid: 0x7f9fbf3ff6c0] Command 0x3cd9a9d0 complete
:3:hip_memory.cpp           :795 : 4393665393846 us: [pid:4174004 tid: 0x7fa0f7bf0200] [32m hipMemcpy ( 0x7f9f4967e010, 0x7f9eb6a00000, 491520000, hipMemcpyDeviceToHost ) [0m
:4:command.cpp              :163 : 4393665393858 us: [pid:4174004 tid: 0x7f9fbf3ff6c0] Command 0x3cf38cb0 complete (Wall: 4393665393857, CPU: 0, GPU: 1313 us)
:4:command.cpp              :359 : 4393665393871 us: [pid:4174004 tid: 0x7fa0f7bf0200] Command (CopyDeviceToHost) enqueued: 0x3cd9a9d0
:4:rocblit.cpp              :1673: 4393665393887 us: [pid:4174004 tid: 0x7fa0f7bf0200] Unpinned read path, Async = 0
:4:rocmemory.cpp            :1018: 4393665404260 us: [pid:4174004 tid: 0x7fa0f7bf0200] Locking to pool 0x3c6dded0, size 0x2001000, HostPtr = 0x7f9f4967e000, DevPtr = 0x7f9f4967e000
:4:rocblit.cpp              :623 : 4393665404277 us: [pid:4174004 tid: 0x7fa0f7bf0200] HSA Copy Using Pinned resource size 33554432
:4:rocblit.cpp              :687 : 4393665404288 us: [pid:4174004 tid: 0x7fa0f7bf0200] HSA Async Copy staged D2H
:4:rocblit.cpp              :503 : 4393665404295 us: [pid:4174004 tid: 0x7fa0f7bf0200] Last copy mask 0x0
:4:rocblit.cpp              :509 : 4393665404301 us: [pid:4174004 tid: 0x7fa0f7bf0200] Query copy engine status 0, free_engine mask 0x1e
:4:rocblit.cpp              :520 : 4393665404309 us: [pid:4174004 tid: 0x7fa0f7bf0200] HSA Async Copy on copy_engine=0x2, dst=0x7f9f4967e010, src=0x7f9eb6a00000, size=33554432, forceSDMA=0, wait_event=0x0, completion_signal=0x7fa0ee7fdd00
:4:rocvirtual.cpp           :622 : 4393665404318 us: [pid:4174004 tid: 0x7fa0f7bf0200] Host wait on completion_signal=0x7fa0ee7fdd00
:3:rocvirtual.hpp           :56  : 4393665404326 us: [pid:4174004 tid: 0x7fa0f7bf0200] Host active wait for Signal = (0x7fa0ee7fdd00) for -1 ns
:4:rocmemory.cpp            :1018: 4393665416227 us: [pid:4174004 tid: 0x7fa0f7bf0200] Locking to pool 0x3c6dded0, size 0x2001000, HostPtr = 0x7f9f4b67e000, DevPtr = 0x7f9f4b67e000
:4:rocblit.cpp              :623 : 4393665416243 us: [pid:4174004 tid: 0x7fa0f7bf0200] HSA Copy Using Pinned resource size 33554432
:4:rocblit.cpp              :687 : 4393665416251 us: [pid:4174004 tid: 0x7fa0f7bf0200] HSA Async Copy staged D2H
:4:rocblit.cpp              :503 : 4393665416257 us: [pid:4174004 tid: 0x7fa0f7bf0200] Last copy mask 0x2
:4:rocblit.cpp              :520 : 4393665416262 us: [pid:4174004 tid: 0x7fa0f7bf0200] HSA Async Copy on copy_engine=0x2, dst=0x7f9f4b67e010, src=0x7f9eb8a00000, size=33554432, forceSDMA=0, wait_event=0x0, completion_signal=0x7fa0ee7feb80
:4:rocvirtual.cpp           :622 : 4393665416274 us: [pid:4174004 tid: 0x7fa0f7bf0200] Host wait on completion_signal=0x7fa0ee7feb80
:3:rocvirtual.hpp           :56  : 4393665416294 us: [pid:4174004 tid: 0x7fa0f7bf0200] Host active wait for Signal = (0x7fa0ee7feb80) for -1 ns
:4:rocmemory.cpp            :1018: 4393665427969 us: [pid:4174004 tid: 0x7fa0f7bf0200] Locking to pool 0x3c6dded0, size 0x2001000, HostPtr = 0x7f9f4d67e000, DevPtr = 0x7f9f4d67e000
:4:rocblit.cpp              :623 : 4393665427985 us: [pid:4174004 tid: 0x7fa0f7bf0200] HSA Copy Using Pinned resource size 33554432
:4:rocblit.cpp              :687 : 4393665427994 us: [pid:4174004 tid: 0x7fa0f7bf0200] HSA Async Copy staged D2H
:4:rocblit.cpp              :503 : 4393665428008 us: [pid:4174004 tid: 0x7fa0f7bf0200] Last copy mask 0x2
:4:rocblit.cpp              :520 : 4393665428014 us: [pid:4174004 tid: 0x7fa0f7bf0200] HSA Async Copy on copy_engine=0x2, dst=0x7f9f4d67e010, src=0x7f9ebaa00000, size=33554432, forceSDMA=0, wait_event=0x0, completion_signal=0x7fa0ee7fed80
:4:rocvirtual.cpp           :622 : 4393665428024 us: [pid:4174004 tid: 0x7fa0f7bf0200] Host wait on completion_signal=0x7fa0ee7fed80
:3:rocvirtual.hpp           :56  : 4393665428032 us: [pid:4174004 tid: 0x7fa0f7bf0200] Host active wait for Signal = (0x7fa0ee7fed80) for -1 ns
:4:rocmemory.cpp            :1018: 4393665439897 us: [pid:4174004 tid: 0x7fa0f7bf0200] Locking to pool 0x3c6dded0, size 0x2001000, HostPtr = 0x7f9f4f67e000, DevPtr = 0x7f9f4f67e000
:4:rocblit.cpp              :623 : 4393665439913 us: [pid:4174004 tid: 0x7fa0f7bf0200] HSA Copy Using Pinned resource size 33554432
:4:rocblit.cpp              :687 : 4393665439922 us: [pid:4174004 tid: 0x7fa0f7bf0200] HSA Async Copy staged D2H
:4:rocblit.cpp              :503 : 4393665439928 us: [pid:4174004 tid: 0x7fa0f7bf0200] Last copy mask 0x2
:4:rocblit.cpp              :520 : 4393665439932 us: [pid:4174004 tid: 0x7fa0f7bf0200] HSA Async Copy on copy_engine=0x2, dst=0x7f9f4f67e010, src=0x7f9ebca00000, size=33554432, forceSDMA=0, wait_event=0x0, completion_signal=0x7fa0ee7fe980
:4:rocvirtual.cpp           :622 : 4393665439942 us: [pid:4174004 tid: 0x7fa0f7bf0200] Host wait on completion_signal=0x7fa0ee7fe980
:3:rocvirtual.hpp           :56  : 4393665439950 us: [pid:4174004 tid: 0x7fa0f7bf0200] Host active wait for Signal = (0x7fa0ee7fe980) for -1 ns
:4:rocmemory.cpp            :1018: 4393665451241 us: [pid:4174004 tid: 0x7fa0f7bf0200] Locking to pool 0x3c6dded0, size 0x2001000, HostPtr = 0x7f9f5167e000, DevPtr = 0x7f9f5167e000
:4:rocblit.cpp              :623 : 4393665451262 us: [pid:4174004 tid: 0x7fa0f7bf0200] HSA Copy Using Pinned resource size 33554432
:4:rocblit.cpp              :687 : 4393665451270 us: [pid:4174004 tid: 0x7fa0f7bf0200] HSA Async Copy staged D2H
:4:rocblit.cpp              :503 : 4393665451276 us: [pid:4174004 tid: 0x7fa0f7bf0200] Last copy mask 0x2
:4:rocblit.cpp              :520 : 4393665451281 us: [pid:4174004 tid: 0x7fa0f7bf0200] HSA Async Copy on copy_engine=0x2, dst=0x7f9f5167e010, src=0x7f9ebea00000, size=33554432, forceSDMA=0, wait_event=0x0, completion_signal=0x7fa0ee7fde00
:4:rocvirtual.cpp           :622 : 4393665451291 us: [pid:4174004 tid: 0x7fa0f7bf0200] Host wait on completion_signal=0x7fa0ee7fde00
:3:rocvirtual.hpp           :56  : 4393665451299 us: [pid:4174004 tid: 0x7fa0f7bf0200] Host active wait for Signal = (0x7fa0ee7fde00) for -1 ns
:4:rocmemory.cpp            :1018: 4393665462752 us: [pid:4174004 tid: 0x7fa0f7bf0200] Locking to pool 0x3c6dded0, size 0x2001000, HostPtr = 0x7f9f5367e000, DevPtr = 0x7f9f5367e000
:4:rocblit.cpp              :623 : 4393665462771 us: [pid:4174004 tid: 0x7fa0f7bf0200] HSA Copy Using Pinned resource size 33554432
:4:rocblit.cpp              :687 : 4393665462780 us: [pid:4174004 tid: 0x7fa0f7bf0200] HSA Async Copy staged D2H
:4:rocblit.cpp              :503 : 4393665462786 us: [pid:4174004 tid: 0x7fa0f7bf0200] Last copy mask 0x2
:4:rocblit.cpp              :520 : 4393665462791 us: [pid:4174004 tid: 0x7fa0f7bf0200] HSA Async Copy on copy_engine=0x2, dst=0x7f9f5367e010, src=0x7f9ec0a00000, size=33554432, forceSDMA=0, wait_event=0x0, completion_signal=0x7fa0ee7fde80
:4:rocvirtual.cpp           :622 : 4393665462801 us: [pid:4174004 tid: 0x7fa0f7bf0200] Host wait on completion_signal=0x7fa0ee7fde80
:3:rocvirtual.hpp           :56  : 4393665462809 us: [pid:4174004 tid: 0x7fa0f7bf0200] Host active wait for Signal = (0x7fa0ee7fde80) for -1 ns
:4:rocmemory.cpp            :1018: 4393665475053 us: [pid:4174004 tid: 0x7fa0f7bf0200] Locking to pool 0x3c6dded0, size 0x2001000, HostPtr = 0x7f9f5567e000, DevPtr = 0x7f9f5567e000
:4:rocblit.cpp              :623 : 4393665475070 us: [pid:4174004 tid: 0x7fa0f7bf0200] HSA Copy Using Pinned resource size 33554432
:4:rocblit.cpp              :687 : 4393665475078 us: [pid:4174004 tid: 0x7fa0f7bf0200] HSA Async Copy staged D2H
:4:rocblit.cpp              :503 : 4393665475085 us: [pid:4174004 tid: 0x7fa0f7bf0200] Last copy mask 0x2
:4:rocblit.cpp              :520 : 4393665475090 us: [pid:4174004 tid: 0x7fa0f7bf0200] HSA Async Copy on copy_engine=0x2, dst=0x7f9f5567e010, src=0x7f9ec2a00000, size=33554432, forceSDMA=0, wait_event=0x0, completion_signal=0x7fa0ee7fe700
:4:rocvirtual.cpp           :622 : 4393665475099 us: [pid:4174004 tid: 0x7fa0f7bf0200] Host wait on completion_signal=0x7fa0ee7fe700
:3:rocvirtual.hpp           :56  : 4393665475107 us: [pid:4174004 tid: 0x7fa0f7bf0200] Host active wait for Signal = (0x7fa0ee7fe700) for -1 ns
:4:rocmemory.cpp            :1018: 4393665487037 us: [pid:4174004 tid: 0x7fa0f7bf0200] Locking to pool 0x3c6dded0, size 0x2001000, HostPtr = 0x7f9f5767e000, DevPtr = 0x7f9f5767e000
:4:rocblit.cpp              :623 : 4393665487055 us: [pid:4174004 tid: 0x7fa0f7bf0200] HSA Copy Using Pinned resource size 33554432
:4:rocblit.cpp              :687 : 4393665487064 us: [pid:4174004 tid: 0x7fa0f7bf0200] HSA Async Copy staged D2H
:4:rocblit.cpp              :503 : 4393665487070 us: [pid:4174004 tid: 0x7fa0f7bf0200] Last copy mask 0x2
:4:rocblit.cpp              :520 : 4393665487076 us: [pid:4174004 tid: 0x7fa0f7bf0200] HSA Async Copy on copy_engine=0x2, dst=0x7f9f5767e010, src=0x7f9ec4a00000, size=33554432, forceSDMA=0, wait_event=0x0, completion_signal=0x7fa0ee7fe800
:4:rocvirtual.cpp           :622 : 4393665487085 us: [pid:4174004 tid: 0x7fa0f7bf0200] Host wait on completion_signal=0x7fa0ee7fe800
:3:rocvirtual.hpp           :56  : 4393665487094 us: [pid:4174004 tid: 0x7fa0f7bf0200] Host active wait for Signal = (0x7fa0ee7fe800) for -1 ns
:4:rocmemory.cpp            :1018: 4393665498873 us: [pid:4174004 tid: 0x7fa0f7bf0200] Locking to pool 0x3c6dded0, size 0x2001000, HostPtr = 0x7f9f5967e000, DevPtr = 0x7f9f5967e000
:4:rocblit.cpp              :623 : 4393665498890 us: [pid:4174004 tid: 0x7fa0f7bf0200] HSA Copy Using Pinned resource size 33554432
:4:rocblit.cpp              :687 : 4393665498899 us: [pid:4174004 tid: 0x7fa0f7bf0200] HSA Async Copy staged D2H
:4:rocblit.cpp              :503 : 4393665498904 us: [pid:4174004 tid: 0x7fa0f7bf0200] Last copy mask 0x2
:4:rocblit.cpp              :520 : 4393665498909 us: [pid:4174004 tid: 0x7fa0f7bf0200] HSA Async Copy on copy_engine=0x2, dst=0x7f9f5967e010, src=0x7f9ec6a00000, size=33554432, forceSDMA=0, wait_event=0x0, completion_signal=0x7fa0ee7fe880
:4:rocvirtual.cpp           :622 : 4393665498919 us: [pid:4174004 tid: 0x7fa0f7bf0200] Host wait on completion_signal=0x7fa0ee7fe880
:3:rocvirtual.hpp           :56  : 4393665498927 us: [pid:4174004 tid: 0x7fa0f7bf0200] Host active wait for Signal = (0x7fa0ee7fe880) for -1 ns
:4:rocmemory.cpp            :1018: 4393665511123 us: [pid:4174004 tid: 0x7fa0f7bf0200] Locking to pool 0x3c6dded0, size 0x2001000, HostPtr = 0x7f9f5b67e000, DevPtr = 0x7f9f5b67e000
:4:rocblit.cpp              :623 : 4393665511138 us: [pid:4174004 tid: 0x7fa0f7bf0200] HSA Copy Using Pinned resource size 33554432
:4:rocblit.cpp              :687 : 4393665511146 us: [pid:4174004 tid: 0x7fa0f7bf0200] HSA Async Copy staged D2H
:4:rocblit.cpp              :503 : 4393665511151 us: [pid:4174004 tid: 0x7fa0f7bf0200] Last copy mask 0x2
:4:rocblit.cpp              :520 : 4393665511157 us: [pid:4174004 tid: 0x7fa0f7bf0200] HSA Async Copy on copy_engine=0x2, dst=0x7f9f5b67e010, src=0x7f9ec8a00000, size=33554432, forceSDMA=0, wait_event=0x0, completion_signal=0x7fa0ee7fe780
:4:rocvirtual.cpp           :622 : 4393665511165 us: [pid:4174004 tid: 0x7fa0f7bf0200] Host wait on completion_signal=0x7fa0ee7fe780
:3:rocvirtual.hpp           :56  : 4393665511173 us: [pid:4174004 tid: 0x7fa0f7bf0200] Host active wait for Signal = (0x7fa0ee7fe780) for -1 ns
:4:rocmemory.cpp            :1018: 4393665523293 us: [pid:4174004 tid: 0x7fa0f7bf0200] Locking to pool 0x3c6dded0, size 0x2001000, HostPtr = 0x7f9f5d67e000, DevPtr = 0x7f9f5d67e000
:4:rocblit.cpp              :623 : 4393665523311 us: [pid:4174004 tid: 0x7fa0f7bf0200] HSA Copy Using Pinned resource size 33554432
:4:rocblit.cpp              :687 : 4393665523319 us: [pid:4174004 tid: 0x7fa0f7bf0200] HSA Async Copy staged D2H
:4:rocblit.cpp              :503 : 4393665523324 us: [pid:4174004 tid: 0x7fa0f7bf0200] Last copy mask 0x2
:4:rocblit.cpp              :520 : 4393665523329 us: [pid:4174004 tid: 0x7fa0f7bf0200] HSA Async Copy on copy_engine=0x2, dst=0x7f9f5d67e010, src=0x7f9ecaa00000, size=33554432, forceSDMA=0, wait_event=0x0, completion_signal=0x7fa0ee7fe580
:4:rocvirtual.cpp           :622 : 4393665523338 us: [pid:4174004 tid: 0x7fa0f7bf0200] Host wait on completion_signal=0x7fa0ee7fe580
:3:rocvirtual.hpp           :56  : 4393665523346 us: [pid:4174004 tid: 0x7fa0f7bf0200] Host active wait for Signal = (0x7fa0ee7fe580) for -1 ns
:4:rocmemory.cpp            :1018: 4393665535349 us: [pid:4174004 tid: 0x7fa0f7bf0200] Locking to pool 0x3c6dded0, size 0x2001000, HostPtr = 0x7f9f5f67e000, DevPtr = 0x7f9f5f67e000
:4:rocblit.cpp              :623 : 4393665535364 us: [pid:4174004 tid: 0x7fa0f7bf0200] HSA Copy Using Pinned resource size 33554432
:4:rocblit.cpp              :687 : 4393665535371 us: [pid:4174004 tid: 0x7fa0f7bf0200] HSA Async Copy staged D2H
:4:rocblit.cpp              :503 : 4393665535379 us: [pid:4174004 tid: 0x7fa0f7bf0200] Last copy mask 0x2
:4:rocblit.cpp              :520 : 4393665535383 us: [pid:4174004 tid: 0x7fa0f7bf0200] HSA Async Copy on copy_engine=0x2, dst=0x7f9f5f67e010, src=0x7f9ecca00000, size=33554432, forceSDMA=0, wait_event=0x0, completion_signal=0x7fa0ee7fdf00
:4:rocvirtual.cpp           :622 : 4393665535392 us: [pid:4174004 tid: 0x7fa0f7bf0200] Host wait on completion_signal=0x7fa0ee7fdf00
:3:rocvirtual.hpp           :56  : 4393665535403 us: [pid:4174004 tid: 0x7fa0f7bf0200] Host active wait for Signal = (0x7fa0ee7fdf00) for -1 ns
:4:rocmemory.cpp            :1018: 4393665547332 us: [pid:4174004 tid: 0x7fa0f7bf0200] Locking to pool 0x3c6dded0, size 0x2001000, HostPtr = 0x7f9f6167e000, DevPtr = 0x7f9f6167e000
:4:rocblit.cpp              :623 : 4393665547355 us: [pid:4174004 tid: 0x7fa0f7bf0200] HSA Copy Using Pinned resource size 33554432
:4:rocblit.cpp              :687 : 4393665547364 us: [pid:4174004 tid: 0x7fa0f7bf0200] HSA Async Copy staged D2H
:4:rocblit.cpp              :503 : 4393665547371 us: [pid:4174004 tid: 0x7fa0f7bf0200] Last copy mask 0x2
:4:rocblit.cpp              :520 : 4393665547376 us: [pid:4174004 tid: 0x7fa0f7bf0200] HSA Async Copy on copy_engine=0x2, dst=0x7f9f6167e010, src=0x7f9ecea00000, size=33554432, forceSDMA=0, wait_event=0x0, completion_signal=0x7fa0ee7fe900
:4:rocvirtual.cpp           :622 : 4393665547385 us: [pid:4174004 tid: 0x7fa0f7bf0200] Host wait on completion_signal=0x7fa0ee7fe900
:3:rocvirtual.hpp           :56  : 4393665547393 us: [pid:4174004 tid: 0x7fa0f7bf0200] Host active wait for Signal = (0x7fa0ee7fe900) for -1 ns
:4:rocmemory.cpp            :1018: 4393665559282 us: [pid:4174004 tid: 0x7fa0f7bf0200] Locking to pool 0x3c6dded0, size 0x2001000, HostPtr = 0x7f9f6367e000, DevPtr = 0x7f9f6367e000
:4:rocblit.cpp              :623 : 4393665559298 us: [pid:4174004 tid: 0x7fa0f7bf0200] HSA Copy Using Pinned resource size 33554432
:4:rocblit.cpp              :687 : 4393665559315 us: [pid:4174004 tid: 0x7fa0f7bf0200] HSA Async Copy staged D2H
:4:rocblit.cpp              :503 : 4393665559325 us: [pid:4174004 tid: 0x7fa0f7bf0200] Last copy mask 0x2
:4:rocblit.cpp              :520 : 4393665559330 us: [pid:4174004 tid: 0x7fa0f7bf0200] HSA Async Copy on copy_engine=0x2, dst=0x7f9f6367e010, src=0x7f9ed0a00000, size=33554432, forceSDMA=0, wait_event=0x0, completion_signal=0x7fa0ee7fea00
:4:rocvirtual.cpp           :622 : 4393665559341 us: [pid:4174004 tid: 0x7fa0f7bf0200] Host wait on completion_signal=0x7fa0ee7fea00
:3:rocvirtual.hpp           :56  : 4393665559348 us: [pid:4174004 tid: 0x7fa0f7bf0200] Host active wait for Signal = (0x7fa0ee7fea00) for -1 ns
:4:rocmemory.cpp            :1018: 4393665567736 us: [pid:4174004 tid: 0x7fa0f7bf0200] Locking to pool 0x3c6dded0, size 0x14c1000, HostPtr = 0x7f9f6567e000, DevPtr = 0x7f9f6567e000
:4:rocblit.cpp              :623 : 4393665567754 us: [pid:4174004 tid: 0x7fa0f7bf0200] HSA Copy Using Pinned resource size 21757952
:4:rocblit.cpp              :687 : 4393665567763 us: [pid:4174004 tid: 0x7fa0f7bf0200] HSA Async Copy staged D2H
:4:rocblit.cpp              :503 : 4393665567769 us: [pid:4174004 tid: 0x7fa0f7bf0200] Last copy mask 0x2
:4:rocblit.cpp              :520 : 4393665567774 us: [pid:4174004 tid: 0x7fa0f7bf0200] HSA Async Copy on copy_engine=0x2, dst=0x7f9f6567e010, src=0x7f9ed2a00000, size=21757952, forceSDMA=0, wait_event=0x0, completion_signal=0x7fa0ee7fea80
:4:rocvirtual.cpp           :622 : 4393665567784 us: [pid:4174004 tid: 0x7fa0f7bf0200] Host wait on completion_signal=0x7fa0ee7fea80
:3:rocvirtual.hpp           :56  : 4393665567791 us: [pid:4174004 tid: 0x7fa0f7bf0200] Host active wait for Signal = (0x7fa0ee7fea80) for -1 ns
:4:commandqueue.cpp         :161 : 4393665568567 us: [pid:4174004 tid: 0x7fa0f7bf0200] Marker queued to ensure finish
:4:command.cpp              :359 : 4393665568575 us: [pid:4174004 tid: 0x7fa0f7bf0200] Command (InternalMarker) enqueued: 0x3cf38cb0
:3:rocvirtual.cpp           :533 : 4393665568594 us: [pid:4174004 tid: 0x7fa0f7bf0200] Set Handler: handle(0x7fa0ee7fc680), timestamp(0x3cf391d0)
:4:rocvirtual.cpp           :1147: 4393665568603 us: [pid:4174004 tid: 0x7fa0f7bf0200] SWq=0x7fa0ee95c000, HWq=0x7f9face00000, id=1, BarrierAND Header = 0x1503 (type=3, barrier=1, acquire=2, release=2), dep_signal=[0x0, 0x0, 0x0, 0x0, 0x0], completion_signal=0x7fa0ee7fc680
:3:rocvirtual.hpp           :56  : 4393665568614 us: [pid:4174004 tid: 0x7fa0f7bf0200] Host active wait for Signal = (0x7fa0ee7fc680) for -1 ns
:4:commandqueue.cpp         :184 : 4393665568627 us: [pid:4174004 tid: 0x7fa0f7bf0200] All commands finished
:3:rocvirtual.cpp           :226 : 4393665568621 us: [pid:4174004 tid: 0x7f9fbf3ff6c0] Handler: value(0), timestamp(0x3ce981f0), handle(0x7fa0ee7fc680)
:4:command.cpp              :169 : 4393665568652 us: [pid:4174004 tid: 0x7f9fbf3ff6c0] Command 0x3cd9a9d0 complete
:3:hip_memory.cpp           :796 : 4393665568634 us: [pid:4174004 tid: 0x7fa0f7bf0200] hipMemcpy: Returned hipSuccess : : duration: 174788 us
:4:command.cpp              :163 : 4393665568661 us: [pid:4174004 tid: 0x7f9fbf3ff6c0] Command 0x3cf38cb0 complete (Wall: 4393665568659, CPU: 0, GPU: 74 us)
:3:hip_memory.cpp           :3476: 4393665568674 us: [pid:4174004 tid: 0x7fa0f7bf0200] [32m hipMemset ( 0x7f9eb6a00000, 0, 491520000 ) [0m
:4:command.cpp              :359 : 4393665568693 us: [pid:4174004 tid: 0x7fa0f7bf0200] Command (FillBuffer) enqueued: 0x3cd9a9d0
:3:rocvirtual.cpp           :762 : 4393665570101 us: [pid:4174004 tid: 0x7fa0f7bf0200] Arg0: void* buf = ptr:0x7f9eb6a00000
:3:rocvirtual.cpp           :778 : 4393665570106 us: [pid:4174004 tid: 0x7fa0f7bf0200] Arg0: void* buf = ptr:0x7f9eb6a00000 obj:[0x7f9eb6a00000-0x7f9ed3ec0000]
:3:rocvirtual.cpp           :762 : 4393665570114 us: [pid:4174004 tid: 0x7fa0f7bf0200] Arg1: uchar* pattern = ptr:0x7f9facc00000
:3:rocvirtual.cpp           :853 : 4393665570122 us: [pid:4174004 tid: 0x7fa0f7bf0200] Arg2: uint pattern_size = val:1
:3:rocvirtual.cpp           :853 : 4393665570127 us: [pid:4174004 tid: 0x7fa0f7bf0200] Arg3: uint alignment = val:16
:3:rocvirtual.cpp           :853 : 4393665570131 us: [pid:4174004 tid: 0x7fa0f7bf0200] Arg4: ulong end_ptr = val:140320137019392
:3:rocvirtual.cpp           :853 : 4393665570139 us: [pid:4174004 tid: 0x7fa0f7bf0200] Arg5: uint next_chunk = val:26624
:3:rocvirtual.cpp           :3236: 4393665570144 us: [pid:4174004 tid: 0x7fa0f7bf0200] ShaderName : __amd_rocclr_fillBufferAligned
:3:rocvirtual.cpp           :3449: 4393665570152 us: [pid:4174004 tid: 0x7fa0f7bf0200] KernargSegmentByteSize = 296 KernargSegmentAlignment = 128
:4:rocvirtual.cpp           :965 : 4393665570161 us: [pid:4174004 tid: 0x7fa0f7bf0200] SWq=0x7fa0ee95c000, HWq=0x7f9face00000, id=1, Dispatch Header = 0x1502 (type=2, barrier=1, acquire=2, release=2), setup=1, grid=[26624, 1, 1], workgroup=[256, 1, 1], private_seg_size=0, group_seg_size=0, kernel_obj=0x7fa0ee94dd40, kernarg_address=0x7f9facc00100, completion_signal=0x0, correlation_id=0, rptr=139, wptr=139
:3:hip_memory.cpp           :3477: 4393665570176 us: [pid:4174004 tid: 0x7fa0f7bf0200] hipMemset: Returned hipSuccess : 
:3:hip_device_runtime.cpp   :641 : 4393665570181 us: [pid:4174004 tid: 0x7fa0f7bf0200] [32m hipDeviceSynchronize (  ) [0m
:4:commandqueue.cpp         :161 : 4393665570195 us: [pid:4174004 tid: 0x7fa0f7bf0200] Marker queued to ensure finish
:4:command.cpp              :359 : 4393665570202 us: [pid:4174004 tid: 0x7fa0f7bf0200] Command (InternalMarker) enqueued: 0x3cf38cb0
:3:rocvirtual.cpp           :533 : 4393665570637 us: [pid:4174004 tid: 0x7fa0f7bf0200] Set Handler: handle(0x7fa0ee7fc580), timestamp(0x3c86be10)
:4:rocvirtual.cpp           :1147: 4393665570646 us: [pid:4174004 tid: 0x7fa0f7bf0200] SWq=0x7fa0ee95c000, HWq=0x7f9face00000, id=1, BarrierAND Header = 0x1503 (type=3, barrier=1, acquire=2, release=2), dep_signal=[0x0, 0x0, 0x0, 0x0, 0x0], completion_signal=0x7fa0ee7fc580
:4:commandqueue.cpp         :184 : 4393665570656 us: [pid:4174004 tid: 0x7fa0f7bf0200] All commands finished
:3:hip_device_runtime.cpp   :645 : 4393665570664 us: [pid:4174004 tid: 0x7fa0f7bf0200] hipDeviceSynchronize: Returned hipSuccess : 
:3:rocvirtual.cpp           :226 : 4393665570658 us: [pid:4174004 tid: 0x7f9fbf3ff6c0] Handler: value(0), timestamp(0x3c825ed0), handle(0x7fa0ee7fc580)
:4:command.cpp              :169 : 4393665570687 us: [pid:4174004 tid: 0x7f9fbf3ff6c0] Command 0x3cd9a9d0 complete
:3:hip_platform.cpp         :237 : 4393665570678 us: [pid:4174004 tid: 0x7fa0f7bf0200] [32m __hipPushCallConfiguration ( {8,1,1}, {128,1,1}, 0, stream:<null> ) [0m
:4:command.cpp              :163 : 4393665570694 us: [pid:4174004 tid: 0x7f9fbf3ff6c0] Command 0x3cf38cb0 complete (Wall: 4393665570693, CPU: 0, GPU: 60 us)
:3:hip_platform.cpp         :241 : 4393665570707 us: [pid:4174004 tid: 0x7fa0f7bf0200] __hipPushCallConfiguration: Returned hipSuccess : 
:3:hip_platform.cpp         :246 : 4393665570737 us: [pid:4174004 tid: 0x7fa0f7bf0200] [32m __hipPopCallConfiguration ( {37054546,32673,128}, {2118224,0,2918783392}, 0x7fffadf916f0, 0x7fffadf916e8 ) [0m
:3:hip_platform.cpp         :255 : 4393665570745 us: [pid:4174004 tid: 0x7fa0f7bf0200] __hipPopCallConfiguration: Returned hipSuccess : 
:3:hip_module.cpp           :744 : 4393665571233 us: [pid:4174004 tid: 0x7fa0f7bf0200] [32m hipLaunchKernel ( 0x200fe0, {8,1,1}, {128,1,1}, 0x7fffadf916a0, 0, stream:<null> ) [0m
:4:command.cpp              :359 : 4393665571249 us: [pid:4174004 tid: 0x7fa0f7bf0200] Command (KernelExecution) enqueued: 0x3cd9a9d0
:3:rocvirtual.cpp           :762 : 4393665571259 us: [pid:4174004 tid: 0x7fa0f7bf0200] Arg0:   = ptr:0x7f9ed4200000
:3:rocvirtual.cpp           :778 : 4393665571264 us: [pid:4174004 tid: 0x7fa0f7bf0200] Arg0:   = ptr:0x7f9ed4200000 obj:[0x7f9ed4200000-0x7f9ef16c0000]
:3:rocvirtual.cpp           :762 : 4393665571271 us: [pid:4174004 tid: 0x7fa0f7bf0200] Arg1:   = ptr:0x7f9fa0027000
:3:rocvirtual.cpp           :778 : 4393665571276 us: [pid:4174004 tid: 0x7fa0f7bf0200] Arg1:   = ptr:0x7f9fa0027000 obj:[0x7f9fa0027000-0x7f9fa0087000]
:3:rocvirtual.cpp           :762 : 4393665571283 us: [pid:4174004 tid: 0x7fa0f7bf0200] Arg2:   = ptr:0x7f9eb6a00000
:3:rocvirtual.cpp           :778 : 4393665571288 us: [pid:4174004 tid: 0x7fa0f7bf0200] Arg2:   = ptr:0x7f9eb6a00000 obj:[0x7f9eb6a00000-0x7f9ed3ec0000]
:3:rocvirtual.cpp           :853 : 4393665571295 us: [pid:4174004 tid: 0x7fa0f7bf0200] Arg3:   = val:12288
:3:rocvirtual.cpp           :762 : 4393665571300 us: [pid:4174004 tid: 0x7fa0f7bf0200] Arg4:   = ptr:0x7f9fa0000000
:3:rocvirtual.cpp           :778 : 4393665571305 us: [pid:4174004 tid: 0x7fa0f7bf0200] Arg4:   = ptr:0x7f9fa0000000 obj:[0x7f9fa0000000-0x7f9fa0000024]
:3:rocvirtual.cpp           :3236: 4393665571312 us: [pid:4174004 tid: 0x7fa0f7bf0200] ShaderName : void dense_esuhm2<float>(float const*, float const*, float*, int, int const*)
:3:rocvirtual.cpp           :3449: 4393665571321 us: [pid:4174004 tid: 0x7fa0f7bf0200] KernargSegmentByteSize = 296 KernargSegmentAlignment = 128
:4:rocvirtual.cpp           :965 : 4393665571330 us: [pid:4174004 tid: 0x7fa0f7bf0200] SWq=0x7fa0ee95c000, HWq=0x7f9face00000, id=1, Dispatch Header = 0xb02 (type=2, barrier=1, acquire=1, release=1), setup=3, grid=[1024, 1, 1], workgroup=[128, 1, 1], private_seg_size=140, group_seg_size=0, kernel_obj=0x7fa0ee9219c0, kernarg_address=0x7f9facc00280, completion_signal=0x0, correlation_id=0, rptr=141, wptr=141
:3:hip_module.cpp           :745 : 4393665571765 us: [pid:4174004 tid: 0x7fa0f7bf0200] hipLaunchKernel: Returned hipSuccess : : duration: 532 us
:3:hip_device_runtime.cpp   :641 : 4393665571773 us: [pid:4174004 tid: 0x7fa0f7bf0200] [32m hipDeviceSynchronize (  ) [0m
:4:commandqueue.cpp         :161 : 4393665571778 us: [pid:4174004 tid: 0x7fa0f7bf0200] Marker queued to ensure finish
:4:command.cpp              :359 : 4393665571783 us: [pid:4174004 tid: 0x7fa0f7bf0200] Command (InternalMarker) enqueued: 0x3cf38cb0
:3:rocvirtual.cpp           :533 : 4393665571802 us: [pid:4174004 tid: 0x7fa0f7bf0200] Set Handler: handle(0x7fa0ee7fc600), timestamp(0x3c86beb0)
:4:rocvirtual.cpp           :1147: 4393665571814 us: [pid:4174004 tid: 0x7fa0f7bf0200] SWq=0x7fa0ee95c000, HWq=0x7f9face00000, id=1, BarrierAND Header = 0x1503 (type=3, barrier=1, acquire=2, release=2), dep_signal=[0x0, 0x0, 0x0, 0x0, 0x0], completion_signal=0x7fa0ee7fc600
:3:rocvirtual.hpp           :56  : 4393665571829 us: [pid:4174004 tid: 0x7fa0f7bf0200] Host active wait for Signal = (0x7fa0ee7fc600) for -1 ns
:4:commandqueue.cpp         :184 : 4393665572930 us: [pid:4174004 tid: 0x7fa0f7bf0200] All commands finished
:3:hip_device_runtime.cpp   :645 : 4393665572946 us: [pid:4174004 tid: 0x7fa0f7bf0200] hipDeviceSynchronize: Returned hipSuccess : 
:3:rocvirtual.cpp           :226 : 4393665572934 us: [pid:4174004 tid: 0x7f9fbf3ff6c0] Handler: value(0), timestamp(0x3cf39290), handle(0x7fa0ee7fc600)
:4:command.cpp              :169 : 4393665572988 us: [pid:4174004 tid: 0x7f9fbf3ff6c0] Command 0x3cd9a9d0 complete
:4:command.cpp              :163 : 4393665572996 us: [pid:4174004 tid: 0x7f9fbf3ff6c0] Command 0x3cf38cb0 complete (Wall: 4393665572994, CPU: 0, GPU: 1205 us)
:3:hip_memory.cpp           :795 : 4393665572979 us: [pid:4174004 tid: 0x7fa0f7bf0200] [32m hipMemcpy ( 0x7f9f2c1bd010, 0x7f9eb6a00000, 491520000, hipMemcpyDeviceToHost ) [0m
:4:command.cpp              :359 : 4393665573045 us: [pid:4174004 tid: 0x7fa0f7bf0200] Command (CopyDeviceToHost) enqueued: 0x3cd9a9d0
:4:rocblit.cpp              :1673: 4393665573054 us: [pid:4174004 tid: 0x7fa0f7bf0200] Unpinned read path, Async = 0
:4:rocmemory.cpp            :1018: 4393665584478 us: [pid:4174004 tid: 0x7fa0f7bf0200] Locking to pool 0x3c6dded0, size 0x2001000, HostPtr = 0x7f9f2c1bd000, DevPtr = 0x7f9f2c1bd000
:4:rocblit.cpp              :623 : 4393665584497 us: [pid:4174004 tid: 0x7fa0f7bf0200] HSA Copy Using Pinned resource size 33554432
:4:rocblit.cpp              :687 : 4393665584505 us: [pid:4174004 tid: 0x7fa0f7bf0200] HSA Async Copy staged D2H
:4:rocblit.cpp              :503 : 4393665584511 us: [pid:4174004 tid: 0x7fa0f7bf0200] Last copy mask 0x0
:4:rocblit.cpp              :509 : 4393665584517 us: [pid:4174004 tid: 0x7fa0f7bf0200] Query copy engine status 0, free_engine mask 0x1e
:4:rocblit.cpp              :520 : 4393665584525 us: [pid:4174004 tid: 0x7fa0f7bf0200] HSA Async Copy on copy_engine=0x2, dst=0x7f9f2c1bd010, src=0x7f9eb6a00000, size=33554432, forceSDMA=0, wait_event=0x0, completion_signal=0x7fa0ee7fe080
:4:rocvirtual.cpp           :622 : 4393665584534 us: [pid:4174004 tid: 0x7fa0f7bf0200] Host wait on completion_signal=0x7fa0ee7fe080
:3:rocvirtual.hpp           :56  : 4393665584541 us: [pid:4174004 tid: 0x7fa0f7bf0200] Host active wait for Signal = (0x7fa0ee7fe080) for -1 ns
:4:rocmemory.cpp            :1018: 4393665596365 us: [pid:4174004 tid: 0x7fa0f7bf0200] Locking to pool 0x3c6dded0, size 0x2001000, HostPtr = 0x7f9f2e1bd000, DevPtr = 0x7f9f2e1bd000
:4:rocblit.cpp              :623 : 4393665596383 us: [pid:4174004 tid: 0x7fa0f7bf0200] HSA Copy Using Pinned resource size 33554432
:4:rocblit.cpp              :687 : 4393665596391 us: [pid:4174004 tid: 0x7fa0f7bf0200] HSA Async Copy staged D2H
:4:rocblit.cpp              :503 : 4393665596397 us: [pid:4174004 tid: 0x7fa0f7bf0200] Last copy mask 0x2
:4:rocblit.cpp              :520 : 4393665596403 us: [pid:4174004 tid: 0x7fa0f7bf0200] HSA Async Copy on copy_engine=0x2, dst=0x7f9f2e1bd010, src=0x7f9eb8a00000, size=33554432, forceSDMA=0, wait_event=0x0, completion_signal=0x7fa0ee7fe000
:4:rocvirtual.cpp           :622 : 4393665596412 us: [pid:4174004 tid: 0x7fa0f7bf0200] Host wait on completion_signal=0x7fa0ee7fe000
:3:rocvirtual.hpp           :56  : 4393665596419 us: [pid:4174004 tid: 0x7fa0f7bf0200] Host active wait for Signal = (0x7fa0ee7fe000) for -1 ns
:4:rocmemory.cpp            :1018: 4393665608644 us: [pid:4174004 tid: 0x7fa0f7bf0200] Locking to pool 0x3c6dded0, size 0x2001000, HostPtr = 0x7f9f301bd000, DevPtr = 0x7f9f301bd000
:4:rocblit.cpp              :623 : 4393665608662 us: [pid:4174004 tid: 0x7fa0f7bf0200] HSA Copy Using Pinned resource size 33554432
:4:rocblit.cpp              :687 : 4393665608669 us: [pid:4174004 tid: 0x7fa0f7bf0200] HSA Async Copy staged D2H
:4:rocblit.cpp              :503 : 4393665608675 us: [pid:4174004 tid: 0x7fa0f7bf0200] Last copy mask 0x2
:4:rocblit.cpp              :520 : 4393665608679 us: [pid:4174004 tid: 0x7fa0f7bf0200] HSA Async Copy on copy_engine=0x2, dst=0x7f9f301bd010, src=0x7f9ebaa00000, size=33554432, forceSDMA=0, wait_event=0x0, completion_signal=0x7fa0ee7fe380
:4:rocvirtual.cpp           :622 : 4393665608688 us: [pid:4174004 tid: 0x7fa0f7bf0200] Host wait on completion_signal=0x7fa0ee7fe380
:3:rocvirtual.hpp           :56  : 4393665608700 us: [pid:4174004 tid: 0x7fa0f7bf0200] Host active wait for Signal = (0x7fa0ee7fe380) for -1 ns
:4:rocmemory.cpp            :1018: 4393665620831 us: [pid:4174004 tid: 0x7fa0f7bf0200] Locking to pool 0x3c6dded0, size 0x2001000, HostPtr = 0x7f9f321bd000, DevPtr = 0x7f9f321bd000
:4:rocblit.cpp              :623 : 4393665620849 us: [pid:4174004 tid: 0x7fa0f7bf0200] HSA Copy Using Pinned resource size 33554432
:4:rocblit.cpp              :687 : 4393665620860 us: [pid:4174004 tid: 0x7fa0f7bf0200] HSA Async Copy staged D2H
:4:rocblit.cpp              :503 : 4393665620867 us: [pid:4174004 tid: 0x7fa0f7bf0200] Last copy mask 0x2
:4:rocblit.cpp              :520 : 4393665620874 us: [pid:4174004 tid: 0x7fa0f7bf0200] HSA Async Copy on copy_engine=0x2, dst=0x7f9f321bd010, src=0x7f9ebca00000, size=33554432, forceSDMA=0, wait_event=0x0, completion_signal=0x7fa0ee7fe180
:4:rocvirtual.cpp           :622 : 4393665620886 us: [pid:4174004 tid: 0x7fa0f7bf0200] Host wait on completion_signal=0x7fa0ee7fe180
:3:rocvirtual.hpp           :56  : 4393665620896 us: [pid:4174004 tid: 0x7fa0f7bf0200] Host active wait for Signal = (0x7fa0ee7fe180) for -1 ns
:4:rocmemory.cpp            :1018: 4393665633169 us: [pid:4174004 tid: 0x7fa0f7bf0200] Locking to pool 0x3c6dded0, size 0x2001000, HostPtr = 0x7f9f341bd000, DevPtr = 0x7f9f341bd000
:4:rocblit.cpp              :623 : 4393665633191 us: [pid:4174004 tid: 0x7fa0f7bf0200] HSA Copy Using Pinned resource size 33554432
:4:rocblit.cpp              :687 : 4393665633199 us: [pid:4174004 tid: 0x7fa0f7bf0200] HSA Async Copy staged D2H
:4:rocblit.cpp              :503 : 4393665633204 us: [pid:4174004 tid: 0x7fa0f7bf0200] Last copy mask 0x2
:4:rocblit.cpp              :520 : 4393665633209 us: [pid:4174004 tid: 0x7fa0f7bf0200] HSA Async Copy on copy_engine=0x2, dst=0x7f9f341bd010, src=0x7f9ebea00000, size=33554432, forceSDMA=0, wait_event=0x0, completion_signal=0x7fa0ee7fdf80
:4:rocvirtual.cpp           :622 : 4393665633219 us: [pid:4174004 tid: 0x7fa0f7bf0200] Host wait on completion_signal=0x7fa0ee7fdf80
:3:rocvirtual.hpp           :56  : 4393665633227 us: [pid:4174004 tid: 0x7fa0f7bf0200] Host active wait for Signal = (0x7fa0ee7fdf80) for -1 ns
:4:rocmemory.cpp            :1018: 4393665645306 us: [pid:4174004 tid: 0x7fa0f7bf0200] Locking to pool 0x3c6dded0, size 0x2001000, HostPtr = 0x7f9f361bd000, DevPtr = 0x7f9f361bd000
:4:rocblit.cpp              :623 : 4393665645321 us: [pid:4174004 tid: 0x7fa0f7bf0200] HSA Copy Using Pinned resource size 33554432
:4:rocblit.cpp              :687 : 4393665645331 us: [pid:4174004 tid: 0x7fa0f7bf0200] HSA Async Copy staged D2H
:4:rocblit.cpp              :503 : 4393665645336 us: [pid:4174004 tid: 0x7fa0f7bf0200] Last copy mask 0x2
:4:rocblit.cpp              :520 : 4393665645341 us: [pid:4174004 tid: 0x7fa0f7bf0200] HSA Async Copy on copy_engine=0x2, dst=0x7f9f361bd010, src=0x7f9ec0a00000, size=33554432, forceSDMA=0, wait_event=0x0, completion_signal=0x7fa0ee7fe100
:4:rocvirtual.cpp           :622 : 4393665645351 us: [pid:4174004 tid: 0x7fa0f7bf0200] Host wait on completion_signal=0x7fa0ee7fe100
:3:rocvirtual.hpp           :56  : 4393665645358 us: [pid:4174004 tid: 0x7fa0f7bf0200] Host active wait for Signal = (0x7fa0ee7fe100) for -1 ns
:4:rocmemory.cpp            :1018: 4393665657436 us: [pid:4174004 tid: 0x7fa0f7bf0200] Locking to pool 0x3c6dded0, size 0x2001000, HostPtr = 0x7f9f381bd000, DevPtr = 0x7f9f381bd000
:4:rocblit.cpp              :623 : 4393665657453 us: [pid:4174004 tid: 0x7fa0f7bf0200] HSA Copy Using Pinned resource size 33554432
:4:rocblit.cpp              :687 : 4393665657460 us: [pid:4174004 tid: 0x7fa0f7bf0200] HSA Async Copy staged D2H
:4:rocblit.cpp              :503 : 4393665657467 us: [pid:4174004 tid: 0x7fa0f7bf0200] Last copy mask 0x2
:4:rocblit.cpp              :520 : 4393665657472 us: [pid:4174004 tid: 0x7fa0f7bf0200] HSA Async Copy on copy_engine=0x2, dst=0x7f9f381bd010, src=0x7f9ec2a00000, size=33554432, forceSDMA=0, wait_event=0x0, completion_signal=0x7fa0ee7feb00
:4:rocvirtual.cpp           :622 : 4393665657483 us: [pid:4174004 tid: 0x7fa0f7bf0200] Host wait on completion_signal=0x7fa0ee7feb00
:3:rocvirtual.hpp           :56  : 4393665657491 us: [pid:4174004 tid: 0x7fa0f7bf0200] Host active wait for Signal = (0x7fa0ee7feb00) for -1 ns
:4:rocmemory.cpp            :1018: 4393665670082 us: [pid:4174004 tid: 0x7fa0f7bf0200] Locking to pool 0x3c6dded0, size 0x2001000, HostPtr = 0x7f9f3a1bd000, DevPtr = 0x7f9f3a1bd000
:4:rocblit.cpp              :623 : 4393665670098 us: [pid:4174004 tid: 0x7fa0f7bf0200] HSA Copy Using Pinned resource size 33554432
:4:rocblit.cpp              :687 : 4393665670105 us: [pid:4174004 tid: 0x7fa0f7bf0200] HSA Async Copy staged D2H
:4:rocblit.cpp              :503 : 4393665670112 us: [pid:4174004 tid: 0x7fa0f7bf0200] Last copy mask 0x2
:4:rocblit.cpp              :520 : 4393665670117 us: [pid:4174004 tid: 0x7fa0f7bf0200] HSA Async Copy on copy_engine=0x2, dst=0x7f9f3a1bd010, src=0x7f9ec4a00000, size=33554432, forceSDMA=0, wait_event=0x0, completion_signal=0x7fa0ee7fec00
:4:rocvirtual.cpp           :622 : 4393665670125 us: [pid:4174004 tid: 0x7fa0f7bf0200] Host wait on completion_signal=0x7fa0ee7fec00
:3:rocvirtual.hpp           :56  : 4393665670133 us: [pid:4174004 tid: 0x7fa0f7bf0200] Host active wait for Signal = (0x7fa0ee7fec00) for -1 ns
:4:rocmemory.cpp            :1018: 4393665682043 us: [pid:4174004 tid: 0x7fa0f7bf0200] Locking to pool 0x3c6dded0, size 0x2001000, HostPtr = 0x7f9f3c1bd000, DevPtr = 0x7f9f3c1bd000
:4:rocblit.cpp              :623 : 4393665682059 us: [pid:4174004 tid: 0x7fa0f7bf0200] HSA Copy Using Pinned resource size 33554432
:4:rocblit.cpp              :687 : 4393665682067 us: [pid:4174004 tid: 0x7fa0f7bf0200] HSA Async Copy staged D2H
:4:rocblit.cpp              :503 : 4393665682072 us: [pid:4174004 tid: 0x7fa0f7bf0200] Last copy mask 0x2
:4:rocblit.cpp              :520 : 4393665682077 us: [pid:4174004 tid: 0x7fa0f7bf0200] HSA Async Copy on copy_engine=0x2, dst=0x7f9f3c1bd010, src=0x7f9ec6a00000, size=33554432, forceSDMA=0, wait_event=0x0, completion_signal=0x7fa0ee7fec80
:4:rocvirtual.cpp           :622 : 4393665682085 us: [pid:4174004 tid: 0x7fa0f7bf0200] Host wait on completion_signal=0x7fa0ee7fec80
:3:rocvirtual.hpp           :56  : 4393665682093 us: [pid:4174004 tid: 0x7fa0f7bf0200] Host active wait for Signal = (0x7fa0ee7fec80) for -1 ns
:4:rocmemory.cpp            :1018: 4393665694153 us: [pid:4174004 tid: 0x7fa0f7bf0200] Locking to pool 0x3c6dded0, size 0x2001000, HostPtr = 0x7f9f3e1bd000, DevPtr = 0x7f9f3e1bd000
:4:rocblit.cpp              :623 : 4393665694170 us: [pid:4174004 tid: 0x7fa0f7bf0200] HSA Copy Using Pinned resource size 33554432
:4:rocblit.cpp              :687 : 4393665694179 us: [pid:4174004 tid: 0x7fa0f7bf0200] HSA Async Copy staged D2H
:4:rocblit.cpp              :503 : 4393665694185 us: [pid:4174004 tid: 0x7fa0f7bf0200] Last copy mask 0x2
:4:rocblit.cpp              :520 : 4393665694189 us: [pid:4174004 tid: 0x7fa0f7bf0200] HSA Async Copy on copy_engine=0x2, dst=0x7f9f3e1bd010, src=0x7f9ec8a00000, size=33554432, forceSDMA=0, wait_event=0x0, completion_signal=0x7fa0ee7fdd80
:4:rocvirtual.cpp           :622 : 4393665694198 us: [pid:4174004 tid: 0x7fa0f7bf0200] Host wait on completion_signal=0x7fa0ee7fdd80
:3:rocvirtual.hpp           :56  : 4393665694205 us: [pid:4174004 tid: 0x7fa0f7bf0200] Host active wait for Signal = (0x7fa0ee7fdd80) for -1 ns
:4:rocmemory.cpp            :1018: 4393665706295 us: [pid:4174004 tid: 0x7fa0f7bf0200] Locking to pool 0x3c6dded0, size 0x2001000, HostPtr = 0x7f9f401bd000, DevPtr = 0x7f9f401bd000
:4:rocblit.cpp              :623 : 4393665706311 us: [pid:4174004 tid: 0x7fa0f7bf0200] HSA Copy Using Pinned resource size 33554432
:4:rocblit.cpp              :687 : 4393665706319 us: [pid:4174004 tid: 0x7fa0f7bf0200] HSA Async Copy staged D2H
:4:rocblit.cpp              :503 : 4393665706324 us: [pid:4174004 tid: 0x7fa0f7bf0200] Last copy mask 0x2
:4:rocblit.cpp              :520 : 4393665706329 us: [pid:4174004 tid: 0x7fa0f7bf0200] HSA Async Copy on copy_engine=0x2, dst=0x7f9f401bd010, src=0x7f9ecaa00000, size=33554432, forceSDMA=0, wait_event=0x0, completion_signal=0x7fa0ee7fdc80
:4:rocvirtual.cpp           :622 : 4393665706342 us: [pid:4174004 tid: 0x7fa0f7bf0200] Host wait on completion_signal=0x7fa0ee7fdc80
:3:rocvirtual.hpp           :56  : 4393665706349 us: [pid:4174004 tid: 0x7fa0f7bf0200] Host active wait for Signal = (0x7fa0ee7fdc80) for -1 ns
:4:rocmemory.cpp            :1018: 4393665718250 us: [pid:4174004 tid: 0x7fa0f7bf0200] Locking to pool 0x3c6dded0, size 0x2001000, HostPtr = 0x7f9f421bd000, DevPtr = 0x7f9f421bd000
:4:rocblit.cpp              :623 : 4393665718274 us: [pid:4174004 tid: 0x7fa0f7bf0200] HSA Copy Using Pinned resource size 33554432
:4:rocblit.cpp              :687 : 4393665718282 us: [pid:4174004 tid: 0x7fa0f7bf0200] HSA Async Copy staged D2H
:4:rocblit.cpp              :503 : 4393665718289 us: [pid:4174004 tid: 0x7fa0f7bf0200] Last copy mask 0x2
:4:rocblit.cpp              :520 : 4393665718294 us: [pid:4174004 tid: 0x7fa0f7bf0200] HSA Async Copy on copy_engine=0x2, dst=0x7f9f421bd010, src=0x7f9ecca00000, size=33554432, forceSDMA=0, wait_event=0x0, completion_signal=0x7fa0ee7fdc00
:4:rocvirtual.cpp           :622 : 4393665718303 us: [pid:4174004 tid: 0x7fa0f7bf0200] Host wait on completion_signal=0x7fa0ee7fdc00
:3:rocvirtual.hpp           :56  : 4393665718310 us: [pid:4174004 tid: 0x7fa0f7bf0200] Host active wait for Signal = (0x7fa0ee7fdc00) for -1 ns
:4:rocmemory.cpp            :1018: 4393665730661 us: [pid:4174004 tid: 0x7fa0f7bf0200] Locking to pool 0x3c6dded0, size 0x2001000, HostPtr = 0x7f9f441bd000, DevPtr = 0x7f9f441bd000
:4:rocblit.cpp              :623 : 4393665730686 us: [pid:4174004 tid: 0x7fa0f7bf0200] HSA Copy Using Pinned resource size 33554432
:4:rocblit.cpp              :687 : 4393665730696 us: [pid:4174004 tid: 0x7fa0f7bf0200] HSA Async Copy staged D2H
:4:rocblit.cpp              :503 : 4393665730702 us: [pid:4174004 tid: 0x7fa0f7bf0200] Last copy mask 0x2
:4:rocblit.cpp              :520 : 4393665730707 us: [pid:4174004 tid: 0x7fa0f7bf0200] HSA Async Copy on copy_engine=0x2, dst=0x7f9f441bd010, src=0x7f9ecea00000, size=33554432, forceSDMA=0, wait_event=0x0, completion_signal=0x7fa0ee7fed00
:4:rocvirtual.cpp           :622 : 4393665730716 us: [pid:4174004 tid: 0x7fa0f7bf0200] Host wait on completion_signal=0x7fa0ee7fed00
:3:rocvirtual.hpp           :56  : 4393665730730 us: [pid:4174004 tid: 0x7fa0f7bf0200] Host active wait for Signal = (0x7fa0ee7fed00) for -1 ns
:4:rocmemory.cpp            :1018: 4393665742882 us: [pid:4174004 tid: 0x7fa0f7bf0200] Locking to pool 0x3c6dded0, size 0x2001000, HostPtr = 0x7f9f461bd000, DevPtr = 0x7f9f461bd000
:4:rocblit.cpp              :623 : 4393665742898 us: [pid:4174004 tid: 0x7fa0f7bf0200] HSA Copy Using Pinned resource size 33554432
:4:rocblit.cpp              :687 : 4393665742906 us: [pid:4174004 tid: 0x7fa0f7bf0200] HSA Async Copy staged D2H
:4:rocblit.cpp              :503 : 4393665742913 us: [pid:4174004 tid: 0x7fa0f7bf0200] Last copy mask 0x2
:4:rocblit.cpp              :520 : 4393665742918 us: [pid:4174004 tid: 0x7fa0f7bf0200] HSA Async Copy on copy_engine=0x2, dst=0x7f9f461bd010, src=0x7f9ed0a00000, size=33554432, forceSDMA=0, wait_event=0x0, completion_signal=0x7fa0ee7fee00
:4:rocvirtual.cpp           :622 : 4393665742927 us: [pid:4174004 tid: 0x7fa0f7bf0200] Host wait on completion_signal=0x7fa0ee7fee00
:3:rocvirtual.hpp           :56  : 4393665742934 us: [pid:4174004 tid: 0x7fa0f7bf0200] Host active wait for Signal = (0x7fa0ee7fee00) for -1 ns
:4:rocmemory.cpp            :1018: 4393665751259 us: [pid:4174004 tid: 0x7fa0f7bf0200] Locking to pool 0x3c6dded0, size 0x14c1000, HostPtr = 0x7f9f481bd000, DevPtr = 0x7f9f481bd000
:4:rocblit.cpp              :623 : 4393665751273 us: [pid:4174004 tid: 0x7fa0f7bf0200] HSA Copy Using Pinned resource size 21757952
:4:rocblit.cpp              :687 : 4393665751281 us: [pid:4174004 tid: 0x7fa0f7bf0200] HSA Async Copy staged D2H
:4:rocblit.cpp              :503 : 4393665751288 us: [pid:4174004 tid: 0x7fa0f7bf0200] Last copy mask 0x2
:4:rocblit.cpp              :520 : 4393665751293 us: [pid:4174004 tid: 0x7fa0f7bf0200] HSA Async Copy on copy_engine=0x2, dst=0x7f9f481bd010, src=0x7f9ed2a00000, size=21757952, forceSDMA=0, wait_event=0x0, completion_signal=0x7fa0ee7fee80
:4:rocvirtual.cpp           :622 : 4393665751305 us: [pid:4174004 tid: 0x7fa0f7bf0200] Host wait on completion_signal=0x7fa0ee7fee80
:3:rocvirtual.hpp           :56  : 4393665751312 us: [pid:4174004 tid: 0x7fa0f7bf0200] Host active wait for Signal = (0x7fa0ee7fee80) for -1 ns
:4:commandqueue.cpp         :161 : 4393665752089 us: [pid:4174004 tid: 0x7fa0f7bf0200] Marker queued to ensure finish
:4:command.cpp              :359 : 4393665752095 us: [pid:4174004 tid: 0x7fa0f7bf0200] Command (InternalMarker) enqueued: 0x3cf38cb0
:3:rocvirtual.cpp           :533 : 4393665752110 us: [pid:4174004 tid: 0x7fa0f7bf0200] Set Handler: handle(0x7fa0ee7fc280), timestamp(0x3d02ebf0)
:4:rocvirtual.cpp           :1147: 4393665752120 us: [pid:4174004 tid: 0x7fa0f7bf0200] SWq=0x7fa0ee95c000, HWq=0x7f9face00000, id=1, BarrierAND Header = 0x1503 (type=3, barrier=1, acquire=2, release=2), dep_signal=[0x0, 0x0, 0x0, 0x0, 0x0], completion_signal=0x7fa0ee7fc280
:3:rocvirtual.hpp           :56  : 4393665752130 us: [pid:4174004 tid: 0x7fa0f7bf0200] Host active wait for Signal = (0x7fa0ee7fc280) for -1 ns
:4:commandqueue.cpp         :184 : 4393665752138 us: [pid:4174004 tid: 0x7fa0f7bf0200] All commands finished
:3:rocvirtual.cpp           :226 : 4393665752138 us: [pid:4174004 tid: 0x7f9fbf3ff6c0] Handler: value(0), timestamp(0x3cf6d070), handle(0x7fa0ee7fc280)
:4:command.cpp              :169 : 4393665752163 us: [pid:4174004 tid: 0x7f9fbf3ff6c0] Command 0x3cd9a9d0 complete
:3:hip_memory.cpp           :796 : 4393665752146 us: [pid:4174004 tid: 0x7fa0f7bf0200] hipMemcpy: Returned hipSuccess : : duration: 179167 us
:4:command.cpp              :163 : 4393665752171 us: [pid:4174004 tid: 0x7f9fbf3ff6c0] Command 0x3cf38cb0 complete (Wall: 4393665752170, CPU: 0, GPU: 67 us)
:3:hip_memory.cpp           :3476: 4393665752183 us: [pid:4174004 tid: 0x7fa0f7bf0200] [32m hipMemset ( 0x7f9eb6a00000, 0, 491520000 ) [0m
:4:command.cpp              :359 : 4393665752203 us: [pid:4174004 tid: 0x7fa0f7bf0200] Command (FillBuffer) enqueued: 0x3cd9a9d0
:3:rocvirtual.cpp           :762 : 4393665752215 us: [pid:4174004 tid: 0x7fa0f7bf0200] Arg0: void* buf = ptr:0x7f9eb6a00000
:3:rocvirtual.cpp           :778 : 4393665752221 us: [pid:4174004 tid: 0x7fa0f7bf0200] Arg0: void* buf = ptr:0x7f9eb6a00000 obj:[0x7f9eb6a00000-0x7f9ed3ec0000]
:3:rocvirtual.cpp           :762 : 4393665752229 us: [pid:4174004 tid: 0x7fa0f7bf0200] Arg1: uchar* pattern = ptr:0x7f9facc00000
:3:rocvirtual.cpp           :853 : 4393665752725 us: [pid:4174004 tid: 0x7fa0f7bf0200] Arg2: uint pattern_size = val:1
:3:rocvirtual.cpp           :853 : 4393665752730 us: [pid:4174004 tid: 0x7fa0f7bf0200] Arg3: uint alignment = val:16
:3:rocvirtual.cpp           :853 : 4393665752735 us: [pid:4174004 tid: 0x7fa0f7bf0200] Arg4: ulong end_ptr = val:140320137019392
:3:rocvirtual.cpp           :853 : 4393665752742 us: [pid:4174004 tid: 0x7fa0f7bf0200] Arg5: uint next_chunk = val:26624
:3:rocvirtual.cpp           :3236: 4393665752747 us: [pid:4174004 tid: 0x7fa0f7bf0200] ShaderName : __amd_rocclr_fillBufferAligned
:3:rocvirtual.cpp           :3449: 4393665752755 us: [pid:4174004 tid: 0x7fa0f7bf0200] KernargSegmentByteSize = 296 KernargSegmentAlignment = 128
:4:rocvirtual.cpp           :965 : 4393665752765 us: [pid:4174004 tid: 0x7fa0f7bf0200] SWq=0x7fa0ee95c000, HWq=0x7f9face00000, id=1, Dispatch Header = 0x1502 (type=2, barrier=1, acquire=2, release=2), setup=1, grid=[26624, 1, 1], workgroup=[256, 1, 1], private_seg_size=0, group_seg_size=0, kernel_obj=0x7fa0ee94dd40, kernarg_address=0x7f9facc00100, completion_signal=0x0, correlation_id=0, rptr=144, wptr=144
:3:hip_memory.cpp           :3477: 4393665752780 us: [pid:4174004 tid: 0x7fa0f7bf0200] hipMemset: Returned hipSuccess : 
:3:hip_device_runtime.cpp   :641 : 4393665752785 us: [pid:4174004 tid: 0x7fa0f7bf0200] [32m hipDeviceSynchronize (  ) [0m
:4:commandqueue.cpp         :161 : 4393665752790 us: [pid:4174004 tid: 0x7fa0f7bf0200] Marker queued to ensure finish
:4:command.cpp              :359 : 4393665752798 us: [pid:4174004 tid: 0x7fa0f7bf0200] Command (InternalMarker) enqueued: 0x3cf38cb0
:3:rocvirtual.cpp           :533 : 4393665752810 us: [pid:4174004 tid: 0x7fa0f7bf0200] Set Handler: handle(0x7fa0ee7fc000), timestamp(0x3cf6e890)
:4:rocvirtual.cpp           :1147: 4393665752818 us: [pid:4174004 tid: 0x7fa0f7bf0200] SWq=0x7fa0ee95c000, HWq=0x7f9face00000, id=1, BarrierAND Header = 0x1503 (type=3, barrier=1, acquire=2, release=2), dep_signal=[0x0, 0x0, 0x0, 0x0, 0x0], completion_signal=0x7fa0ee7fc000
:3:rocvirtual.hpp           :56  : 4393665752829 us: [pid:4174004 tid: 0x7fa0f7bf0200] Host active wait for Signal = (0x7fa0ee7fc000) for -1 ns
:4:commandqueue.cpp         :184 : 4393665753191 us: [pid:4174004 tid: 0x7fa0f7bf0200] All commands finished
:3:rocvirtual.cpp           :226 : 4393665753193 us: [pid:4174004 tid: 0x7f9fbf3ff6c0] Handler: value(0), timestamp(0x3ce0b290), handle(0x7fa0ee7fc000)
:4:command.cpp              :169 : 4393665753400 us: [pid:4174004 tid: 0x7f9fbf3ff6c0] Command 0x3cd9a9d0 complete
:4:command.cpp              :163 : 4393665753406 us: [pid:4174004 tid: 0x7f9fbf3ff6c0] Command 0x3cf38cb0 complete (Wall: 4393665753405, CPU: 0, GPU: 600 us)
:3:hip_device_runtime.cpp   :645 : 4393665753390 us: [pid:4174004 tid: 0x7fa0f7bf0200] hipDeviceSynchronize: Returned hipSuccess : 
:3:hip_platform.cpp         :237 : 4393665753429 us: [pid:4174004 tid: 0x7fa0f7bf0200] [32m __hipPushCallConfiguration ( {8,1,1}, {128,1,1}, 0, stream:<null> ) [0m
:3:hip_platform.cpp         :241 : 4393665753438 us: [pid:4174004 tid: 0x7fa0f7bf0200] __hipPushCallConfiguration: Returned hipSuccess : 
:3:hip_platform.cpp         :246 : 4393665753448 us: [pid:4174004 tid: 0x7fa0f7bf0200] [32m __hipPopCallConfiguration ( {37054546,32673,128}, {2118224,0,2918783392}, 0x7fffadf916f0, 0x7fffadf916e8 ) [0m
:3:hip_platform.cpp         :255 : 4393665753457 us: [pid:4174004 tid: 0x7fa0f7bf0200] __hipPopCallConfiguration: Returned hipSuccess : 
:3:hip_module.cpp           :744 : 4393665753468 us: [pid:4174004 tid: 0x7fa0f7bf0200] [32m hipLaunchKernel ( 0x200fe8, {8,1,1}, {128,1,1}, 0x7fffadf916a0, 0, stream:<null> ) [0m
:4:command.cpp              :359 : 4393665753484 us: [pid:4174004 tid: 0x7fa0f7bf0200] Command (KernelExecution) enqueued: 0x3cd9a9d0
:3:rocvirtual.cpp           :762 : 4393665753492 us: [pid:4174004 tid: 0x7fa0f7bf0200] Arg0:   = ptr:0x7f9ed4200000
:3:rocvirtual.cpp           :778 : 4393665753498 us: [pid:4174004 tid: 0x7fa0f7bf0200] Arg0:   = ptr:0x7f9ed4200000 obj:[0x7f9ed4200000-0x7f9ef16c0000]
:3:rocvirtual.cpp           :762 : 4393665753957 us: [pid:4174004 tid: 0x7fa0f7bf0200] Arg1:   = ptr:0x7f9fa0027000
:3:rocvirtual.cpp           :778 : 4393665753964 us: [pid:4174004 tid: 0x7fa0f7bf0200] Arg1:   = ptr:0x7f9fa0027000 obj:[0x7f9fa0027000-0x7f9fa0087000]
:3:rocvirtual.cpp           :762 : 4393665754404 us: [pid:4174004 tid: 0x7fa0f7bf0200] Arg2:   = ptr:0x7f9eb6a00000
:3:rocvirtual.cpp           :778 : 4393665754408 us: [pid:4174004 tid: 0x7fa0f7bf0200] Arg2:   = ptr:0x7f9eb6a00000 obj:[0x7f9eb6a00000-0x7f9ed3ec0000]
:3:rocvirtual.cpp           :853 : 4393665754416 us: [pid:4174004 tid: 0x7fa0f7bf0200] Arg3:   = val:12288
:3:rocvirtual.cpp           :762 : 4393665754421 us: [pid:4174004 tid: 0x7fa0f7bf0200] Arg4:   = ptr:0x7f9fa0000000
:3:rocvirtual.cpp           :778 : 4393665754425 us: [pid:4174004 tid: 0x7fa0f7bf0200] Arg4:   = ptr:0x7f9fa0000000 obj:[0x7f9fa0000000-0x7f9fa0000024]
:3:rocvirtual.cpp           :3236: 4393665754433 us: [pid:4174004 tid: 0x7fa0f7bf0200] ShaderName : void dense_esuhm3<float>(float const*, float const*, float*, int, int const*)
:3:rocvirtual.cpp           :3449: 4393665754442 us: [pid:4174004 tid: 0x7fa0f7bf0200] KernargSegmentByteSize = 296 KernargSegmentAlignment = 128
:4:rocvirtual.cpp           :965 : 4393665754451 us: [pid:4174004 tid: 0x7fa0f7bf0200] SWq=0x7fa0ee95c000, HWq=0x7f9face00000, id=1, Dispatch Header = 0xb02 (type=2, barrier=1, acquire=1, release=1), setup=3, grid=[1024, 1, 1], workgroup=[128, 1, 1], private_seg_size=140, group_seg_size=0, kernel_obj=0x7fa0ee921a00, kernarg_address=0x7f9facc00280, completion_signal=0x0, correlation_id=0, rptr=146, wptr=146
:3:hip_module.cpp           :745 : 4393665754469 us: [pid:4174004 tid: 0x7fa0f7bf0200] hipLaunchKernel: Returned hipSuccess : : duration: 1001 us
:3:hip_device_runtime.cpp   :641 : 4393665754477 us: [pid:4174004 tid: 0x7fa0f7bf0200] [32m hipDeviceSynchronize (  ) [0m
:4:commandqueue.cpp         :161 : 4393665754482 us: [pid:4174004 tid: 0x7fa0f7bf0200] Marker queued to ensure finish
:4:command.cpp              :359 : 4393665754487 us: [pid:4174004 tid: 0x7fa0f7bf0200] Command (InternalMarker) enqueued: 0x3cf38cb0
:3:rocvirtual.cpp           :533 : 4393665754499 us: [pid:4174004 tid: 0x7fa0f7bf0200] Set Handler: handle(0x7fa0ee7fc080), timestamp(0x3d02f110)
:4:rocvirtual.cpp           :1147: 4393665754508 us: [pid:4174004 tid: 0x7fa0f7bf0200] SWq=0x7fa0ee95c000, HWq=0x7f9face00000, id=1, BarrierAND Header = 0x1503 (type=3, barrier=1, acquire=2, release=2), dep_signal=[0x0, 0x0, 0x0, 0x0, 0x0], completion_signal=0x7fa0ee7fc080
:3:rocvirtual.hpp           :56  : 4393665754518 us: [pid:4174004 tid: 0x7fa0f7bf0200] Host active wait for Signal = (0x7fa0ee7fc080) for -1 ns
:4:commandqueue.cpp         :184 : 4393665757238 us: [pid:4174004 tid: 0x7fa0f7bf0200] All commands finished
:3:rocvirtual.cpp           :226 : 4393665757240 us: [pid:4174004 tid: 0x7f9fbf3ff6c0] Handler: value(0), timestamp(0x3c8261b0), handle(0x7fa0ee7fc080)
:4:command.cpp              :169 : 4393665757267 us: [pid:4174004 tid: 0x7f9fbf3ff6c0] Command 0x3cd9a9d0 complete
:3:hip_device_runtime.cpp   :645 : 4393665757254 us: [pid:4174004 tid: 0x7fa0f7bf0200] hipDeviceSynchronize: Returned hipSuccess : 
:4:command.cpp              :163 : 4393665757275 us: [pid:4174004 tid: 0x7f9fbf3ff6c0] Command 0x3cf38cb0 complete (Wall: 4393665757274, CPU: 0, GPU: 2780 us)
:3:hip_memory.cpp           :795 : 4393665757290 us: [pid:4174004 tid: 0x7fa0f7bf0200] [32m hipMemcpy ( 0x7f9f0ecfc010, 0x7f9eb6a00000, 491520000, hipMemcpyDeviceToHost ) [0m
:4:command.cpp              :359 : 4393665757310 us: [pid:4174004 tid: 0x7fa0f7bf0200] Command (CopyDeviceToHost) enqueued: 0x3cd9a9d0
:4:rocblit.cpp              :1673: 4393665757320 us: [pid:4174004 tid: 0x7fa0f7bf0200] Unpinned read path, Async = 0
:4:rocmemory.cpp            :1018: 4393665768261 us: [pid:4174004 tid: 0x7fa0f7bf0200] Locking to pool 0x3c6dded0, size 0x2001000, HostPtr = 0x7f9f0ecfc000, DevPtr = 0x7f9f0ecfc000
:4:rocblit.cpp              :623 : 4393665768277 us: [pid:4174004 tid: 0x7fa0f7bf0200] HSA Copy Using Pinned resource size 33554432
:4:rocblit.cpp              :687 : 4393665768712 us: [pid:4174004 tid: 0x7fa0f7bf0200] HSA Async Copy staged D2H
:4:rocblit.cpp              :503 : 4393665768719 us: [pid:4174004 tid: 0x7fa0f7bf0200] Last copy mask 0x0
:4:rocblit.cpp              :509 : 4393665768726 us: [pid:4174004 tid: 0x7fa0f7bf0200] Query copy engine status 0, free_engine mask 0x1e
:4:rocblit.cpp              :520 : 4393665768734 us: [pid:4174004 tid: 0x7fa0f7bf0200] HSA Async Copy on copy_engine=0x2, dst=0x7f9f0ecfc010, src=0x7f9eb6a00000, size=33554432, forceSDMA=0, wait_event=0x0, completion_signal=0x7fa0ee7fe200
:4:rocvirtual.cpp           :622 : 4393665768743 us: [pid:4174004 tid: 0x7fa0f7bf0200] Host wait on completion_signal=0x7fa0ee7fe200
:3:rocvirtual.hpp           :56  : 4393665768750 us: [pid:4174004 tid: 0x7fa0f7bf0200] Host active wait for Signal = (0x7fa0ee7fe200) for -1 ns
:4:rocmemory.cpp            :1018: 4393665781097 us: [pid:4174004 tid: 0x7fa0f7bf0200] Locking to pool 0x3c6dded0, size 0x2001000, HostPtr = 0x7f9f10cfc000, DevPtr = 0x7f9f10cfc000
:4:rocblit.cpp              :623 : 4393665781113 us: [pid:4174004 tid: 0x7fa0f7bf0200] HSA Copy Using Pinned resource size 33554432
:4:rocblit.cpp              :687 : 4393665781121 us: [pid:4174004 tid: 0x7fa0f7bf0200] HSA Async Copy staged D2H
:4:rocblit.cpp              :503 : 4393665781127 us: [pid:4174004 tid: 0x7fa0f7bf0200] Last copy mask 0x2
:4:rocblit.cpp              :520 : 4393665781135 us: [pid:4174004 tid: 0x7fa0f7bf0200] HSA Async Copy on copy_engine=0x2, dst=0x7f9f10cfc010, src=0x7f9eb8a00000, size=33554432, forceSDMA=0, wait_event=0x0, completion_signal=0x7fa0ee7fdb80
:4:rocvirtual.cpp           :622 : 4393665781144 us: [pid:4174004 tid: 0x7fa0f7bf0200] Host wait on completion_signal=0x7fa0ee7fdb80
:3:rocvirtual.hpp           :56  : 4393665781151 us: [pid:4174004 tid: 0x7fa0f7bf0200] Host active wait for Signal = (0x7fa0ee7fdb80) for -1 ns
:4:rocmemory.cpp            :1018: 4393665793660 us: [pid:4174004 tid: 0x7fa0f7bf0200] Locking to pool 0x3c6dded0, size 0x2001000, HostPtr = 0x7f9f12cfc000, DevPtr = 0x7f9f12cfc000
:4:rocblit.cpp              :623 : 4393665793675 us: [pid:4174004 tid: 0x7fa0f7bf0200] HSA Copy Using Pinned resource size 33554432
:4:rocblit.cpp              :687 : 4393665793683 us: [pid:4174004 tid: 0x7fa0f7bf0200] HSA Async Copy staged D2H
:4:rocblit.cpp              :503 : 4393665793688 us: [pid:4174004 tid: 0x7fa0f7bf0200] Last copy mask 0x2
:4:rocblit.cpp              :520 : 4393665793693 us: [pid:4174004 tid: 0x7fa0f7bf0200] HSA Async Copy on copy_engine=0x2, dst=0x7f9f12cfc010, src=0x7f9ebaa00000, size=33554432, forceSDMA=0, wait_event=0x0, completion_signal=0x7fa0ee7fda80
:4:rocvirtual.cpp           :622 : 4393665793703 us: [pid:4174004 tid: 0x7fa0f7bf0200] Host wait on completion_signal=0x7fa0ee7fda80
:3:rocvirtual.hpp           :56  : 4393665793711 us: [pid:4174004 tid: 0x7fa0f7bf0200] Host active wait for Signal = (0x7fa0ee7fda80) for -1 ns
:4:rocmemory.cpp            :1018: 4393665805791 us: [pid:4174004 tid: 0x7fa0f7bf0200] Locking to pool 0x3c6dded0, size 0x2001000, HostPtr = 0x7f9f14cfc000, DevPtr = 0x7f9f14cfc000
:4:rocblit.cpp              :623 : 4393665805807 us: [pid:4174004 tid: 0x7fa0f7bf0200] HSA Copy Using Pinned resource size 33554432
:4:rocblit.cpp              :687 : 4393665805815 us: [pid:4174004 tid: 0x7fa0f7bf0200] HSA Async Copy staged D2H
:4:rocblit.cpp              :503 : 4393665805821 us: [pid:4174004 tid: 0x7fa0f7bf0200] Last copy mask 0x2
:4:rocblit.cpp              :520 : 4393665805825 us: [pid:4174004 tid: 0x7fa0f7bf0200] HSA Async Copy on copy_engine=0x2, dst=0x7f9f14cfc010, src=0x7f9ebca00000, size=33554432, forceSDMA=0, wait_event=0x0, completion_signal=0x7fa0ee7fd880
:4:rocvirtual.cpp           :622 : 4393665805835 us: [pid:4174004 tid: 0x7fa0f7bf0200] Host wait on completion_signal=0x7fa0ee7fd880
:3:rocvirtual.hpp           :56  : 4393665805844 us: [pid:4174004 tid: 0x7fa0f7bf0200] Host active wait for Signal = (0x7fa0ee7fd880) for -1 ns
:4:rocmemory.cpp            :1018: 4393665817844 us: [pid:4174004 tid: 0x7fa0f7bf0200] Locking to pool 0x3c6dded0, size 0x2001000, HostPtr = 0x7f9f16cfc000, DevPtr = 0x7f9f16cfc000
:4:rocblit.cpp              :623 : 4393665817860 us: [pid:4174004 tid: 0x7fa0f7bf0200] HSA Copy Using Pinned resource size 33554432
:4:rocblit.cpp              :687 : 4393665817868 us: [pid:4174004 tid: 0x7fa0f7bf0200] HSA Async Copy staged D2H
:4:rocblit.cpp              :503 : 4393665817873 us: [pid:4174004 tid: 0x7fa0f7bf0200] Last copy mask 0x2
:4:rocblit.cpp              :520 : 4393665817878 us: [pid:4174004 tid: 0x7fa0f7bf0200] HSA Async Copy on copy_engine=0x2, dst=0x7f9f16cfc010, src=0x7f9ebea00000, size=33554432, forceSDMA=0, wait_event=0x0, completion_signal=0x7fa0ee7ff780
:4:rocvirtual.cpp           :622 : 4393665817887 us: [pid:4174004 tid: 0x7fa0f7bf0200] Host wait on completion_signal=0x7fa0ee7ff780
:3:rocvirtual.hpp           :56  : 4393665817894 us: [pid:4174004 tid: 0x7fa0f7bf0200] Host active wait for Signal = (0x7fa0ee7ff780) for -1 ns
:4:rocmemory.cpp            :1018: 4393665830041 us: [pid:4174004 tid: 0x7fa0f7bf0200] Locking to pool 0x3c6dded0, size 0x2001000, HostPtr = 0x7f9f18cfc000, DevPtr = 0x7f9f18cfc000
:4:rocblit.cpp              :623 : 4393665830058 us: [pid:4174004 tid: 0x7fa0f7bf0200] HSA Copy Using Pinned resource size 33554432
:4:rocblit.cpp              :687 : 4393665830065 us: [pid:4174004 tid: 0x7fa0f7bf0200] HSA Async Copy staged D2H
:4:rocblit.cpp              :503 : 4393665830075 us: [pid:4174004 tid: 0x7fa0f7bf0200] Last copy mask 0x2
:4:rocblit.cpp              :520 : 4393665830081 us: [pid:4174004 tid: 0x7fa0f7bf0200] HSA Async Copy on copy_engine=0x2, dst=0x7f9f18cfc010, src=0x7f9ec0a00000, size=33554432, forceSDMA=0, wait_event=0x0, completion_signal=0x7fa0ee7ff800
:4:rocvirtual.cpp           :622 : 4393665830091 us: [pid:4174004 tid: 0x7fa0f7bf0200] Host wait on completion_signal=0x7fa0ee7ff800
:3:rocvirtual.hpp           :56  : 4393665830105 us: [pid:4174004 tid: 0x7fa0f7bf0200] Host active wait for Signal = (0x7fa0ee7ff800) for -1 ns
:4:rocmemory.cpp            :1018: 4393665842021 us: [pid:4174004 tid: 0x7fa0f7bf0200] Locking to pool 0x3c6dded0, size 0x2001000, HostPtr = 0x7f9f1acfc000, DevPtr = 0x7f9f1acfc000
:4:rocblit.cpp              :623 : 4393665842041 us: [pid:4174004 tid: 0x7fa0f7bf0200] HSA Copy Using Pinned resource size 33554432
:4:rocblit.cpp              :687 : 4393665842049 us: [pid:4174004 tid: 0x7fa0f7bf0200] HSA Async Copy staged D2H
:4:rocblit.cpp              :503 : 4393665842055 us: [pid:4174004 tid: 0x7fa0f7bf0200] Last copy mask 0x2
:4:rocblit.cpp              :520 : 4393665842060 us: [pid:4174004 tid: 0x7fa0f7bf0200] HSA Async Copy on copy_engine=0x2, dst=0x7f9f1acfc010, src=0x7f9ec2a00000, size=33554432, forceSDMA=0, wait_event=0x0, completion_signal=0x7fa0ee7fef00
:4:rocvirtual.cpp           :622 : 4393665842069 us: [pid:4174004 tid: 0x7fa0f7bf0200] Host wait on completion_signal=0x7fa0ee7fef00
:3:rocvirtual.hpp           :56  : 4393665842076 us: [pid:4174004 tid: 0x7fa0f7bf0200] Host active wait for Signal = (0x7fa0ee7fef00) for -1 ns
:4:rocmemory.cpp            :1018: 4393665853383 us: [pid:4174004 tid: 0x7fa0f7bf0200] Locking to pool 0x3c6dded0, size 0x2001000, HostPtr = 0x7f9f1ccfc000, DevPtr = 0x7f9f1ccfc000
:4:rocblit.cpp              :623 : 4393665853398 us: [pid:4174004 tid: 0x7fa0f7bf0200] HSA Copy Using Pinned resource size 33554432
:4:rocblit.cpp              :687 : 4393665853406 us: [pid:4174004 tid: 0x7fa0f7bf0200] HSA Async Copy staged D2H
:4:rocblit.cpp              :503 : 4393665853412 us: [pid:4174004 tid: 0x7fa0f7bf0200] Last copy mask 0x2
:4:rocblit.cpp              :520 : 4393665853417 us: [pid:4174004 tid: 0x7fa0f7bf0200] HSA Async Copy on copy_engine=0x2, dst=0x7f9f1ccfc010, src=0x7f9ec4a00000, size=33554432, forceSDMA=0, wait_event=0x0, completion_signal=0x7fa0ee7ff680
:4:rocvirtual.cpp           :622 : 4393665853426 us: [pid:4174004 tid: 0x7fa0f7bf0200] Host wait on completion_signal=0x7fa0ee7ff680
:3:rocvirtual.hpp           :56  : 4393665853862 us: [pid:4174004 tid: 0x7fa0f7bf0200] Host active wait for Signal = (0x7fa0ee7ff680) for -1 ns
:4:rocmemory.cpp            :1018: 4393665864942 us: [pid:4174004 tid: 0x7fa0f7bf0200] Locking to pool 0x3c6dded0, size 0x2001000, HostPtr = 0x7f9f1ecfc000, DevPtr = 0x7f9f1ecfc000
:4:rocblit.cpp              :623 : 4393665864956 us: [pid:4174004 tid: 0x7fa0f7bf0200] HSA Copy Using Pinned resource size 33554432
:4:rocblit.cpp              :687 : 4393665864965 us: [pid:4174004 tid: 0x7fa0f7bf0200] HSA Async Copy staged D2H
:4:rocblit.cpp              :503 : 4393665864970 us: [pid:4174004 tid: 0x7fa0f7bf0200] Last copy mask 0x2
:4:rocblit.cpp              :520 : 4393665864975 us: [pid:4174004 tid: 0x7fa0f7bf0200] HSA Async Copy on copy_engine=0x2, dst=0x7f9f1ecfc010, src=0x7f9ec6a00000, size=33554432, forceSDMA=0, wait_event=0x0, completion_signal=0x7fa0ee7ff480
:4:rocvirtual.cpp           :622 : 4393665864984 us: [pid:4174004 tid: 0x7fa0f7bf0200] Host wait on completion_signal=0x7fa0ee7ff480
:3:rocvirtual.hpp           :56  : 4393665864991 us: [pid:4174004 tid: 0x7fa0f7bf0200] Host active wait for Signal = (0x7fa0ee7ff480) for -1 ns
:4:rocmemory.cpp            :1018: 4393665876202 us: [pid:4174004 tid: 0x7fa0f7bf0200] Locking to pool 0x3c6dded0, size 0x2001000, HostPtr = 0x7f9f20cfc000, DevPtr = 0x7f9f20cfc000
:4:rocblit.cpp              :623 : 4393665876216 us: [pid:4174004 tid: 0x7fa0f7bf0200] HSA Copy Using Pinned resource size 33554432
:4:rocblit.cpp              :687 : 4393665876227 us: [pid:4174004 tid: 0x7fa0f7bf0200] HSA Async Copy staged D2H
:4:rocblit.cpp              :503 : 4393665876232 us: [pid:4174004 tid: 0x7fa0f7bf0200] Last copy mask 0x2
:4:rocblit.cpp              :520 : 4393665876237 us: [pid:4174004 tid: 0x7fa0f7bf0200] HSA Async Copy on copy_engine=0x2, dst=0x7f9f20cfc010, src=0x7f9ec8a00000, size=33554432, forceSDMA=0, wait_event=0x0, completion_signal=0x7fa0ee7fd900
:4:rocvirtual.cpp           :622 : 4393665876246 us: [pid:4174004 tid: 0x7fa0f7bf0200] Host wait on completion_signal=0x7fa0ee7fd900
:3:rocvirtual.hpp           :56  : 4393665876253 us: [pid:4174004 tid: 0x7fa0f7bf0200] Host active wait for Signal = (0x7fa0ee7fd900) for -1 ns
:4:rocmemory.cpp            :1018: 4393665887662 us: [pid:4174004 tid: 0x7fa0f7bf0200] Locking to pool 0x3c6dded0, size 0x2001000, HostPtr = 0x7f9f22cfc000, DevPtr = 0x7f9f22cfc000
:4:rocblit.cpp              :623 : 4393665887677 us: [pid:4174004 tid: 0x7fa0f7bf0200] HSA Copy Using Pinned resource size 33554432
:4:rocblit.cpp              :687 : 4393665888100 us: [pid:4174004 tid: 0x7fa0f7bf0200] HSA Async Copy staged D2H
:4:rocblit.cpp              :503 : 4393665888106 us: [pid:4174004 tid: 0x7fa0f7bf0200] Last copy mask 0x2
:4:rocblit.cpp              :520 : 4393665888111 us: [pid:4174004 tid: 0x7fa0f7bf0200] HSA Async Copy on copy_engine=0x2, dst=0x7f9f22cfc010, src=0x7f9ecaa00000, size=33554432, forceSDMA=0, wait_event=0x0, completion_signal=0x7fa0ee7fe280
:4:rocvirtual.cpp           :622 : 4393665888119 us: [pid:4174004 tid: 0x7fa0f7bf0200] Host wait on completion_signal=0x7fa0ee7fe280
:3:rocvirtual.hpp           :56  : 4393665888127 us: [pid:4174004 tid: 0x7fa0f7bf0200] Host active wait for Signal = (0x7fa0ee7fe280) for -1 ns
:4:rocmemory.cpp            :1018: 4393665899567 us: [pid:4174004 tid: 0x7fa0f7bf0200] Locking to pool 0x3c6dded0, size 0x2001000, HostPtr = 0x7f9f24cfc000, DevPtr = 0x7f9f24cfc000
:4:rocblit.cpp              :623 : 4393665899595 us: [pid:4174004 tid: 0x7fa0f7bf0200] HSA Copy Using Pinned resource size 33554432
:4:rocblit.cpp              :687 : 4393665899604 us: [pid:4174004 tid: 0x7fa0f7bf0200] HSA Async Copy staged D2H
:4:rocblit.cpp              :503 : 4393665899610 us: [pid:4174004 tid: 0x7fa0f7bf0200] Last copy mask 0x2
:4:rocblit.cpp              :520 : 4393665899614 us: [pid:4174004 tid: 0x7fa0f7bf0200] HSA Async Copy on copy_engine=0x2, dst=0x7f9f24cfc010, src=0x7f9ecca00000, size=33554432, forceSDMA=0, wait_event=0x0, completion_signal=0x7fa0ee7fe300
:4:rocvirtual.cpp           :622 : 4393665899624 us: [pid:4174004 tid: 0x7fa0f7bf0200] Host wait on completion_signal=0x7fa0ee7fe300
:3:rocvirtual.hpp           :56  : 4393665899631 us: [pid:4174004 tid: 0x7fa0f7bf0200] Host active wait for Signal = (0x7fa0ee7fe300) for -1 ns
:4:rocmemory.cpp            :1018: 4393665911001 us: [pid:4174004 tid: 0x7fa0f7bf0200] Locking to pool 0x3c6dded0, size 0x2001000, HostPtr = 0x7f9f26cfc000, DevPtr = 0x7f9f26cfc000
:4:rocblit.cpp              :623 : 4393665911016 us: [pid:4174004 tid: 0x7fa0f7bf0200] HSA Copy Using Pinned resource size 33554432
:4:rocblit.cpp              :687 : 4393665911024 us: [pid:4174004 tid: 0x7fa0f7bf0200] HSA Async Copy staged D2H
:4:rocblit.cpp              :503 : 4393665911029 us: [pid:4174004 tid: 0x7fa0f7bf0200] Last copy mask 0x2
:4:rocblit.cpp              :520 : 4393665911034 us: [pid:4174004 tid: 0x7fa0f7bf0200] HSA Async Copy on copy_engine=0x2, dst=0x7f9f26cfc010, src=0x7f9ecea00000, size=33554432, forceSDMA=0, wait_event=0x0, completion_signal=0x7fa0ee7fe400
:4:rocvirtual.cpp           :622 : 4393665911044 us: [pid:4174004 tid: 0x7fa0f7bf0200] Host wait on completion_signal=0x7fa0ee7fe400
:3:rocvirtual.hpp           :56  : 4393665911051 us: [pid:4174004 tid: 0x7fa0f7bf0200] Host active wait for Signal = (0x7fa0ee7fe400) for -1 ns
:4:rocmemory.cpp            :1018: 4393665922632 us: [pid:4174004 tid: 0x7fa0f7bf0200] Locking to pool 0x3c6dded0, size 0x2001000, HostPtr = 0x7f9f28cfc000, DevPtr = 0x7f9f28cfc000
:4:rocblit.cpp              :623 : 4393665922646 us: [pid:4174004 tid: 0x7fa0f7bf0200] HSA Copy Using Pinned resource size 33554432
:4:rocblit.cpp              :687 : 4393665922657 us: [pid:4174004 tid: 0x7fa0f7bf0200] HSA Async Copy staged D2H
:4:rocblit.cpp              :503 : 4393665922662 us: [pid:4174004 tid: 0x7fa0f7bf0200] Last copy mask 0x2
:4:rocblit.cpp              :520 : 4393665922667 us: [pid:4174004 tid: 0x7fa0f7bf0200] HSA Async Copy on copy_engine=0x2, dst=0x7f9f28cfc010, src=0x7f9ed0a00000, size=33554432, forceSDMA=0, wait_event=0x0, completion_signal=0x7fa0ee7ff380
:4:rocvirtual.cpp           :622 : 4393665922676 us: [pid:4174004 tid: 0x7fa0f7bf0200] Host wait on completion_signal=0x7fa0ee7ff380
:3:rocvirtual.hpp           :56  : 4393665922693 us: [pid:4174004 tid: 0x7fa0f7bf0200] Host active wait for Signal = (0x7fa0ee7ff380) for -1 ns
:4:rocmemory.cpp            :1018: 4393665930101 us: [pid:4174004 tid: 0x7fa0f7bf0200] Locking to pool 0x3c6dded0, size 0x14c1000, HostPtr = 0x7f9f2acfc000, DevPtr = 0x7f9f2acfc000
:4:rocblit.cpp              :623 : 4393665930116 us: [pid:4174004 tid: 0x7fa0f7bf0200] HSA Copy Using Pinned resource size 21757952
:4:rocblit.cpp              :687 : 4393665930124 us: [pid:4174004 tid: 0x7fa0f7bf0200] HSA Async Copy staged D2H
:4:rocblit.cpp              :503 : 4393665930129 us: [pid:4174004 tid: 0x7fa0f7bf0200] Last copy mask 0x2
:4:rocblit.cpp              :520 : 4393665930134 us: [pid:4174004 tid: 0x7fa0f7bf0200] HSA Async Copy on copy_engine=0x2, dst=0x7f9f2acfc010, src=0x7f9ed2a00000, size=21757952, forceSDMA=0, wait_event=0x0, completion_signal=0x7fa0ee7ff180
:4:rocvirtual.cpp           :622 : 4393665930143 us: [pid:4174004 tid: 0x7fa0f7bf0200] Host wait on completion_signal=0x7fa0ee7ff180
:3:rocvirtual.hpp           :56  : 4393665930150 us: [pid:4174004 tid: 0x7fa0f7bf0200] Host active wait for Signal = (0x7fa0ee7ff180) for -1 ns
:4:commandqueue.cpp         :161 : 4393665930927 us: [pid:4174004 tid: 0x7fa0f7bf0200] Marker queued to ensure finish
:4:command.cpp              :359 : 4393665930935 us: [pid:4174004 tid: 0x7fa0f7bf0200] Command (InternalMarker) enqueued: 0x3cf38cb0
:3:rocvirtual.cpp           :533 : 4393665930952 us: [pid:4174004 tid: 0x7fa0f7bf0200] Set Handler: handle(0x7fa0ee7fd700), timestamp(0x3cf06780)
:4:rocvirtual.cpp           :1147: 4393665930965 us: [pid:4174004 tid: 0x7fa0f7bf0200] SWq=0x7fa0ee95c000, HWq=0x7f9face00000, id=1, BarrierAND Header = 0x1503 (type=3, barrier=1, acquire=2, release=2), dep_signal=[0x0, 0x0, 0x0, 0x0, 0x0], completion_signal=0x7fa0ee7fd700
:4:commandqueue.cpp         :184 : 4393665930980 us: [pid:4174004 tid: 0x7fa0f7bf0200] All commands finished
:3:hip_memory.cpp           :796 : 4393665930990 us: [pid:4174004 tid: 0x7fa0f7bf0200] hipMemcpy: Returned hipSuccess : : duration: 173700 us
:3:rocvirtual.cpp           :226 : 4393665930981 us: [pid:4174004 tid: 0x7f9fbf3ff6c0] Handler: value(0), timestamp(0x3c7ddb30), handle(0x7fa0ee7fd700)
:4:command.cpp              :169 : 4393665931023 us: [pid:4174004 tid: 0x7f9fbf3ff6c0] Command 0x3cd9a9d0 complete
:4:command.cpp              :163 : 4393665931033 us: [pid:4174004 tid: 0x7f9fbf3ff6c0] Command 0x3cf38cb0 complete (Wall: 4393665931031, CPU: 0, GPU: 88 us)
:3:hip_memory.cpp           :3476: 4393667190902 us: [pid:4174004 tid: 0x7fa0f7bf0200] [32m hipMemset ( 0x7f9eb6a00000, 0, 491520000 ) [0m
:4:command.cpp              :359 : 4393667190936 us: [pid:4174004 tid: 0x7fa0f7bf0200] Command (FillBuffer) enqueued: 0x3cd9a9d0
:3:rocvirtual.cpp           :762 : 4393667190954 us: [pid:4174004 tid: 0x7fa0f7bf0200] Arg0: void* buf = ptr:0x7f9eb6a00000
:3:rocvirtual.cpp           :778 : 4393667190961 us: [pid:4174004 tid: 0x7fa0f7bf0200] Arg0: void* buf = ptr:0x7f9eb6a00000 obj:[0x7f9eb6a00000-0x7f9ed3ec0000]
:3:rocvirtual.cpp           :762 : 4393667190982 us: [pid:4174004 tid: 0x7fa0f7bf0200] Arg1: uchar* pattern = ptr:0x7f9facc00000
:3:rocvirtual.cpp           :853 : 4393667190993 us: [pid:4174004 tid: 0x7fa0f7bf0200] Arg2: uint pattern_size = val:1
:3:rocvirtual.cpp           :853 : 4393667191000 us: [pid:4174004 tid: 0x7fa0f7bf0200] Arg3: uint alignment = val:16
:3:rocvirtual.cpp           :853 : 4393667191008 us: [pid:4174004 tid: 0x7fa0f7bf0200] Arg4: ulong end_ptr = val:140320137019392
:3:rocvirtual.cpp           :853 : 4393667191016 us: [pid:4174004 tid: 0x7fa0f7bf0200] Arg5: uint next_chunk = val:26624
:3:rocvirtual.cpp           :3236: 4393667191021 us: [pid:4174004 tid: 0x7fa0f7bf0200] ShaderName : __amd_rocclr_fillBufferAligned
:3:rocvirtual.cpp           :3449: 4393667191030 us: [pid:4174004 tid: 0x7fa0f7bf0200] KernargSegmentByteSize = 296 KernargSegmentAlignment = 128
:4:rocvirtual.cpp           :965 : 4393667191041 us: [pid:4174004 tid: 0x7fa0f7bf0200] SWq=0x7fa0ee95c000, HWq=0x7f9face00000, id=1, Dispatch Header = 0x1502 (type=2, barrier=1, acquire=2, release=2), setup=1, grid=[26624, 1, 1], workgroup=[256, 1, 1], private_seg_size=0, group_seg_size=0, kernel_obj=0x7fa0ee94dd40, kernarg_address=0x7f9facc00100, completion_signal=0x0, correlation_id=0, rptr=149, wptr=149
:3:hip_memory.cpp           :3477: 4393667191058 us: [pid:4174004 tid: 0x7fa0f7bf0200] hipMemset: Returned hipSuccess : 
:3:hip_device_runtime.cpp   :641 : 4393667191064 us: [pid:4174004 tid: 0x7fa0f7bf0200] [32m hipDeviceSynchronize (  ) [0m
:4:commandqueue.cpp         :161 : 4393667191069 us: [pid:4174004 tid: 0x7fa0f7bf0200] Marker queued to ensure finish
:4:command.cpp              :359 : 4393667191074 us: [pid:4174004 tid: 0x7fa0f7bf0200] Command (InternalMarker) enqueued: 0x3cf38cb0
:3:rocvirtual.cpp           :533 : 4393667191094 us: [pid:4174004 tid: 0x7fa0f7bf0200] Set Handler: handle(0x7fa0ee7fbf00), timestamp(0x3ce935d0)
:4:rocvirtual.cpp           :1147: 4393667191560 us: [pid:4174004 tid: 0x7fa0f7bf0200] SWq=0x7fa0ee95c000, HWq=0x7f9face00000, id=1, BarrierAND Header = 0x1503 (type=3, barrier=1, acquire=2, release=2), dep_signal=[0x0, 0x0, 0x0, 0x0, 0x0], completion_signal=0x7fa0ee7fbf00
:4:commandqueue.cpp         :184 : 4393667191571 us: [pid:4174004 tid: 0x7fa0f7bf0200] All commands finished
:3:rocvirtual.cpp           :226 : 4393667191576 us: [pid:4174004 tid: 0x7f9fbf3ff6c0] Handler: value(0), timestamp(0x3ce93520), handle(0x7fa0ee7fbf00)
:4:command.cpp              :169 : 4393667191596 us: [pid:4174004 tid: 0x7f9fbf3ff6c0] Command 0x3cd9a9d0 complete
:4:command.cpp              :163 : 4393667191605 us: [pid:4174004 tid: 0x7f9fbf3ff6c0] Command 0x3cf38cb0 complete (Wall: 4393667191603, CPU: 0, GPU: 521 us)
:3:hip_device_runtime.cpp   :645 : 4393667191578 us: [pid:4174004 tid: 0x7fa0f7bf0200] hipDeviceSynchronize: Returned hipSuccess : 
:3:hip_platform.cpp         :237 : 4393667191645 us: [pid:4174004 tid: 0x7fa0f7bf0200] [32m __hipPushCallConfiguration ( {8,1,1}, {256,1,1}, 0, stream:<null> ) [0m
:3:hip_platform.cpp         :241 : 4393667191655 us: [pid:4174004 tid: 0x7fa0f7bf0200] __hipPushCallConfiguration: Returned hipSuccess : 
:3:hip_platform.cpp         :246 : 4393667192154 us: [pid:4174004 tid: 0x7fa0f7bf0200] [32m __hipPopCallConfiguration ( {37054546,32673,256}, {2118224,0,2918783392}, 0x7fffadf916f0, 0x7fffadf916e8 ) [0m
:3:hip_platform.cpp         :255 : 4393667192164 us: [pid:4174004 tid: 0x7fa0f7bf0200] __hipPopCallConfiguration: Returned hipSuccess : 
:3:hip_module.cpp           :744 : 4393667192176 us: [pid:4174004 tid: 0x7fa0f7bf0200] [32m hipLaunchKernel ( 0x200fd8, {8,1,1}, {256,1,1}, 0x7fffadf916a0, 0, stream:<null> ) [0m
:4:command.cpp              :359 : 4393667192196 us: [pid:4174004 tid: 0x7fa0f7bf0200] Command (KernelExecution) enqueued: 0x3cd9a9d0
:3:rocvirtual.cpp           :762 : 4393667192206 us: [pid:4174004 tid: 0x7fa0f7bf0200] Arg0:   = ptr:0x7f9ed4200000
:3:rocvirtual.cpp           :778 : 4393667192211 us: [pid:4174004 tid: 0x7fa0f7bf0200] Arg0:   = ptr:0x7f9ed4200000 obj:[0x7f9ed4200000-0x7f9ef16c0000]
:3:rocvirtual.cpp           :762 : 4393667192219 us: [pid:4174004 tid: 0x7fa0f7bf0200] Arg1:   = ptr:0x7f9fa0027000
:3:rocvirtual.cpp           :778 : 4393667192224 us: [pid:4174004 tid: 0x7fa0f7bf0200] Arg1:   = ptr:0x7f9fa0027000 obj:[0x7f9fa0027000-0x7f9fa0087000]
:3:rocvirtual.cpp           :762 : 4393667192231 us: [pid:4174004 tid: 0x7fa0f7bf0200] Arg2:   = ptr:0x7f9eb6a00000
:3:rocvirtual.cpp           :778 : 4393667192240 us: [pid:4174004 tid: 0x7fa0f7bf0200] Arg2:   = ptr:0x7f9eb6a00000 obj:[0x7f9eb6a00000-0x7f9ed3ec0000]
:3:rocvirtual.cpp           :853 : 4393667192247 us: [pid:4174004 tid: 0x7fa0f7bf0200] Arg3:   = val:12288
:3:rocvirtual.cpp           :762 : 4393667192252 us: [pid:4174004 tid: 0x7fa0f7bf0200] Arg4:   = ptr:0x7f9fa0000000
:3:rocvirtual.cpp           :778 : 4393667192257 us: [pid:4174004 tid: 0x7fa0f7bf0200] Arg4:   = ptr:0x7f9fa0000000 obj:[0x7f9fa0000000-0x7f9fa0000024]
:3:rocvirtual.cpp           :3236: 4393667192643 us: [pid:4174004 tid: 0x7fa0f7bf0200] ShaderName : void dense_esuhm<float>(float const*, float const*, float*, int, int const*)
:3:rocvirtual.cpp           :3449: 4393667192653 us: [pid:4174004 tid: 0x7fa0f7bf0200] KernargSegmentByteSize = 296 KernargSegmentAlignment = 128
:4:rocvirtual.cpp           :965 : 4393667192663 us: [pid:4174004 tid: 0x7fa0f7bf0200] SWq=0x7fa0ee95c000, HWq=0x7f9face00000, id=1, Dispatch Header = 0xb02 (type=2, barrier=1, acquire=1, release=1), setup=3, grid=[2048, 1, 1], workgroup=[256, 1, 1], private_seg_size=140, group_seg_size=0, kernel_obj=0x7fa0ee921980, kernarg_address=0x7f9facc00280, completion_signal=0x0, correlation_id=0, rptr=151, wptr=151
:3:hip_module.cpp           :745 : 4393667192679 us: [pid:4174004 tid: 0x7fa0f7bf0200] hipLaunchKernel: Returned hipSuccess : : duration: 503 us
:3:hip_device_runtime.cpp   :641 : 4393667192687 us: [pid:4174004 tid: 0x7fa0f7bf0200] [32m hipDeviceSynchronize (  ) [0m
:4:commandqueue.cpp         :161 : 4393667192693 us: [pid:4174004 tid: 0x7fa0f7bf0200] Marker queued to ensure finish
:4:command.cpp              :359 : 4393667192697 us: [pid:4174004 tid: 0x7fa0f7bf0200] Command (InternalMarker) enqueued: 0x3cf38cb0
:3:rocvirtual.cpp           :533 : 4393667192711 us: [pid:4174004 tid: 0x7fa0f7bf0200] Set Handler: handle(0x7fa0ee7fbe80), timestamp(0x3ce932e0)
:4:rocvirtual.cpp           :1147: 4393667192719 us: [pid:4174004 tid: 0x7fa0f7bf0200] SWq=0x7fa0ee95c000, HWq=0x7f9face00000, id=1, BarrierAND Header = 0x1503 (type=3, barrier=1, acquire=2, release=2), dep_signal=[0x0, 0x0, 0x0, 0x0, 0x0], completion_signal=0x7fa0ee7fbe80
:3:rocvirtual.hpp           :56  : 4393667192730 us: [pid:4174004 tid: 0x7fa0f7bf0200] Host active wait for Signal = (0x7fa0ee7fbe80) for -1 ns
:4:commandqueue.cpp         :184 : 4393667193440 us: [pid:4174004 tid: 0x7fa0f7bf0200] All commands finished
:3:hip_device_runtime.cpp   :645 : 4393667193450 us: [pid:4174004 tid: 0x7fa0f7bf0200] hipDeviceSynchronize: Returned hipSuccess : 
:3:rocvirtual.cpp           :226 : 4393667193442 us: [pid:4174004 tid: 0x7f9fbf3ff6c0] Handler: value(0), timestamp(0x3ce93920), handle(0x7fa0ee7fbe80)
:4:command.cpp              :169 : 4393667193476 us: [pid:4174004 tid: 0x7f9fbf3ff6c0] Command 0x3cd9a9d0 complete
:4:command.cpp              :163 : 4393667193483 us: [pid:4174004 tid: 0x7f9fbf3ff6c0] Command 0x3cf38cb0 complete (Wall: 4393667193481, CPU: 0, GPU: 776 us)
:3:hip_memory.cpp           :795 : 4393667193465 us: [pid:4174004 tid: 0x7fa0f7bf0200] [32m hipMemcpy ( 0x7f9f4967e010, 0x7f9eb6a00000, 491520000, hipMemcpyDeviceToHost ) [0m
:4:command.cpp              :359 : 4393667193551 us: [pid:4174004 tid: 0x7fa0f7bf0200] Command (CopyDeviceToHost) enqueued: 0x3cd9a9d0
:4:rocblit.cpp              :1673: 4393667193560 us: [pid:4174004 tid: 0x7fa0f7bf0200] Unpinned read path, Async = 0
:4:rocmemory.cpp            :1018: 4393667193582 us: [pid:4174004 tid: 0x7fa0f7bf0200] Locking to pool 0x3c6dded0, size 0x2001000, HostPtr = 0x7f9f4967e000, DevPtr = 0x7f9f4967e000
:4:rocblit.cpp              :623 : 4393667194126 us: [pid:4174004 tid: 0x7fa0f7bf0200] HSA Copy Using Pinned resource size 33554432
:4:rocblit.cpp              :687 : 4393667194134 us: [pid:4174004 tid: 0x7fa0f7bf0200] HSA Async Copy staged D2H
:4:rocblit.cpp              :503 : 4393667194139 us: [pid:4174004 tid: 0x7fa0f7bf0200] Last copy mask 0x0
:4:rocblit.cpp              :509 : 4393667194147 us: [pid:4174004 tid: 0x7fa0f7bf0200] Query copy engine status 0, free_engine mask 0x1e
:4:rocblit.cpp              :520 : 4393667194159 us: [pid:4174004 tid: 0x7fa0f7bf0200] HSA Async Copy on copy_engine=0x2, dst=0x7f9f4967e010, src=0x7f9eb6a00000, size=33554432, forceSDMA=0, wait_event=0x0, completion_signal=0x7fa0ee7fe600
:4:rocvirtual.cpp           :622 : 4393667194171 us: [pid:4174004 tid: 0x7fa0f7bf0200] Host wait on completion_signal=0x7fa0ee7fe600
:3:rocvirtual.hpp           :56  : 4393667194179 us: [pid:4174004 tid: 0x7fa0f7bf0200] Host active wait for Signal = (0x7fa0ee7fe600) for -1 ns
:4:rocmemory.cpp            :1018: 4393667195548 us: [pid:4174004 tid: 0x7fa0f7bf0200] Locking to pool 0x3c6dded0, size 0x2001000, HostPtr = 0x7f9f4b67e000, DevPtr = 0x7f9f4b67e000
:4:rocblit.cpp              :623 : 4393667195560 us: [pid:4174004 tid: 0x7fa0f7bf0200] HSA Copy Using Pinned resource size 33554432
:4:rocblit.cpp              :687 : 4393667195569 us: [pid:4174004 tid: 0x7fa0f7bf0200] HSA Async Copy staged D2H
:4:rocblit.cpp              :503 : 4393667195574 us: [pid:4174004 tid: 0x7fa0f7bf0200] Last copy mask 0x2
:4:rocblit.cpp              :520 : 4393667195579 us: [pid:4174004 tid: 0x7fa0f7bf0200] HSA Async Copy on copy_engine=0x2, dst=0x7f9f4b67e010, src=0x7f9eb8a00000, size=33554432, forceSDMA=0, wait_event=0x0, completion_signal=0x7fa0ee7fef80
:4:rocvirtual.cpp           :622 : 4393667195590 us: [pid:4174004 tid: 0x7fa0f7bf0200] Host wait on completion_signal=0x7fa0ee7fef80
:3:rocvirtual.hpp           :56  : 4393667196052 us: [pid:4174004 tid: 0x7fa0f7bf0200] Host active wait for Signal = (0x7fa0ee7fef80) for -1 ns
:4:rocmemory.cpp            :1018: 4393667196795 us: [pid:4174004 tid: 0x7fa0f7bf0200] Locking to pool 0x3c6dded0, size 0x2001000, HostPtr = 0x7f9f4d67e000, DevPtr = 0x7f9f4d67e000
:4:rocblit.cpp              :623 : 4393667196806 us: [pid:4174004 tid: 0x7fa0f7bf0200] HSA Copy Using Pinned resource size 33554432
:4:rocblit.cpp              :687 : 4393667196814 us: [pid:4174004 tid: 0x7fa0f7bf0200] HSA Async Copy staged D2H
:4:rocblit.cpp              :503 : 4393667196819 us: [pid:4174004 tid: 0x7fa0f7bf0200] Last copy mask 0x2
:4:rocblit.cpp              :520 : 4393667196824 us: [pid:4174004 tid: 0x7fa0f7bf0200] HSA Async Copy on copy_engine=0x2, dst=0x7f9f4d67e010, src=0x7f9ebaa00000, size=33554432, forceSDMA=0, wait_event=0x0, completion_signal=0x7fa0ee7fda00
:4:rocvirtual.cpp           :622 : 4393667196832 us: [pid:4174004 tid: 0x7fa0f7bf0200] Host wait on completion_signal=0x7fa0ee7fda00
:3:rocvirtual.hpp           :56  : 4393667197500 us: [pid:4174004 tid: 0x7fa0f7bf0200] Host active wait for Signal = (0x7fa0ee7fda00) for -1 ns
:4:rocmemory.cpp            :1018: 4393667198035 us: [pid:4174004 tid: 0x7fa0f7bf0200] Locking to pool 0x3c6dded0, size 0x2001000, HostPtr = 0x7f9f4f67e000, DevPtr = 0x7f9f4f67e000
:4:rocblit.cpp              :623 : 4393667198045 us: [pid:4174004 tid: 0x7fa0f7bf0200] HSA Copy Using Pinned resource size 33554432
:4:rocblit.cpp              :687 : 4393667198053 us: [pid:4174004 tid: 0x7fa0f7bf0200] HSA Async Copy staged D2H
:4:rocblit.cpp              :503 : 4393667198058 us: [pid:4174004 tid: 0x7fa0f7bf0200] Last copy mask 0x2
:4:rocblit.cpp              :520 : 4393667198063 us: [pid:4174004 tid: 0x7fa0f7bf0200] HSA Async Copy on copy_engine=0x2, dst=0x7f9f4f67e010, src=0x7f9ebca00000, size=33554432, forceSDMA=0, wait_event=0x0, completion_signal=0x7fa0ee7fdb00
:4:rocvirtual.cpp           :622 : 4393667198071 us: [pid:4174004 tid: 0x7fa0f7bf0200] Host wait on completion_signal=0x7fa0ee7fdb00
:3:rocvirtual.hpp           :56  : 4393667198079 us: [pid:4174004 tid: 0x7fa0f7bf0200] Host active wait for Signal = (0x7fa0ee7fdb00) for -1 ns
:4:rocmemory.cpp            :1018: 4393667199277 us: [pid:4174004 tid: 0x7fa0f7bf0200] Locking to pool 0x3c6dded0, size 0x2001000, HostPtr = 0x7f9f5167e000, DevPtr = 0x7f9f5167e000
:4:rocblit.cpp              :623 : 4393667199290 us: [pid:4174004 tid: 0x7fa0f7bf0200] HSA Copy Using Pinned resource size 33554432
:4:rocblit.cpp              :687 : 4393667199301 us: [pid:4174004 tid: 0x7fa0f7bf0200] HSA Async Copy staged D2H
:4:rocblit.cpp              :503 : 4393667199307 us: [pid:4174004 tid: 0x7fa0f7bf0200] Last copy mask 0x2
:4:rocblit.cpp              :520 : 4393667199312 us: [pid:4174004 tid: 0x7fa0f7bf0200] HSA Async Copy on copy_engine=0x2, dst=0x7f9f5167e010, src=0x7f9ebea00000, size=33554432, forceSDMA=0, wait_event=0x0, completion_signal=0x7fa0ee7fe500
:4:rocvirtual.cpp           :622 : 4393667199320 us: [pid:4174004 tid: 0x7fa0f7bf0200] Host wait on completion_signal=0x7fa0ee7fe500
:3:rocvirtual.hpp           :56  : 4393667199327 us: [pid:4174004 tid: 0x7fa0f7bf0200] Host active wait for Signal = (0x7fa0ee7fe500) for -1 ns
:4:rocmemory.cpp            :1018: 4393667200522 us: [pid:4174004 tid: 0x7fa0f7bf0200] Locking to pool 0x3c6dded0, size 0x2001000, HostPtr = 0x7f9f5367e000, DevPtr = 0x7f9f5367e000
:4:rocblit.cpp              :623 : 4393667200533 us: [pid:4174004 tid: 0x7fa0f7bf0200] HSA Copy Using Pinned resource size 33554432
:4:rocblit.cpp              :687 : 4393667200540 us: [pid:4174004 tid: 0x7fa0f7bf0200] HSA Async Copy staged D2H
:4:rocblit.cpp              :503 : 4393667200545 us: [pid:4174004 tid: 0x7fa0f7bf0200] Last copy mask 0x2
:4:rocblit.cpp              :520 : 4393667200550 us: [pid:4174004 tid: 0x7fa0f7bf0200] HSA Async Copy on copy_engine=0x2, dst=0x7f9f5367e010, src=0x7f9ec0a00000, size=33554432, forceSDMA=0, wait_event=0x0, completion_signal=0x7fa0ee7fe680
:4:rocvirtual.cpp           :622 : 4393667200558 us: [pid:4174004 tid: 0x7fa0f7bf0200] Host wait on completion_signal=0x7fa0ee7fe680
:3:rocvirtual.hpp           :56  : 4393667200566 us: [pid:4174004 tid: 0x7fa0f7bf0200] Host active wait for Signal = (0x7fa0ee7fe680) for -1 ns
:4:rocmemory.cpp            :1018: 4393667201763 us: [pid:4174004 tid: 0x7fa0f7bf0200] Locking to pool 0x3c6dded0, size 0x2001000, HostPtr = 0x7f9f5567e000, DevPtr = 0x7f9f5567e000
:4:rocblit.cpp              :623 : 4393667201781 us: [pid:4174004 tid: 0x7fa0f7bf0200] HSA Copy Using Pinned resource size 33554432
:4:rocblit.cpp              :687 : 4393667201788 us: [pid:4174004 tid: 0x7fa0f7bf0200] HSA Async Copy staged D2H
:4:rocblit.cpp              :503 : 4393667201793 us: [pid:4174004 tid: 0x7fa0f7bf0200] Last copy mask 0x2
:4:rocblit.cpp              :520 : 4393667201798 us: [pid:4174004 tid: 0x7fa0f7bf0200] HSA Async Copy on copy_engine=0x2, dst=0x7f9f5567e010, src=0x7f9ec2a00000, size=33554432, forceSDMA=0, wait_event=0x0, completion_signal=0x7fa0ee7fe480
:4:rocvirtual.cpp           :622 : 4393667201806 us: [pid:4174004 tid: 0x7fa0f7bf0200] Host wait on completion_signal=0x7fa0ee7fe480
:3:rocvirtual.hpp           :56  : 4393667202210 us: [pid:4174004 tid: 0x7fa0f7bf0200] Host active wait for Signal = (0x7fa0ee7fe480) for -1 ns
:4:rocmemory.cpp            :1018: 4393667203009 us: [pid:4174004 tid: 0x7fa0f7bf0200] Locking to pool 0x3c6dded0, size 0x2001000, HostPtr = 0x7f9f5767e000, DevPtr = 0x7f9f5767e000
:4:rocblit.cpp              :623 : 4393667203020 us: [pid:4174004 tid: 0x7fa0f7bf0200] HSA Copy Using Pinned resource size 33554432
:4:rocblit.cpp              :687 : 4393667203028 us: [pid:4174004 tid: 0x7fa0f7bf0200] HSA Async Copy staged D2H
:4:rocblit.cpp              :503 : 4393667203033 us: [pid:4174004 tid: 0x7fa0f7bf0200] Last copy mask 0x2
:4:rocblit.cpp              :520 : 4393667203038 us: [pid:4174004 tid: 0x7fa0f7bf0200] HSA Async Copy on copy_engine=0x2, dst=0x7f9f5767e010, src=0x7f9ec4a00000, size=33554432, forceSDMA=0, wait_event=0x0, completion_signal=0x7fa0ee7fd980
:4:rocvirtual.cpp           :622 : 4393667203046 us: [pid:4174004 tid: 0x7fa0f7bf0200] Host wait on completion_signal=0x7fa0ee7fd980
:3:rocvirtual.hpp           :56  : 4393667203053 us: [pid:4174004 tid: 0x7fa0f7bf0200] Host active wait for Signal = (0x7fa0ee7fd980) for -1 ns
:4:rocmemory.cpp            :1018: 4393667204255 us: [pid:4174004 tid: 0x7fa0f7bf0200] Locking to pool 0x3c6dded0, size 0x2001000, HostPtr = 0x7f9f5967e000, DevPtr = 0x7f9f5967e000
:4:rocblit.cpp              :623 : 4393667204272 us: [pid:4174004 tid: 0x7fa0f7bf0200] HSA Copy Using Pinned resource size 33554432
:4:rocblit.cpp              :687 : 4393667204286 us: [pid:4174004 tid: 0x7fa0f7bf0200] HSA Async Copy staged D2H
:4:rocblit.cpp              :503 : 4393667204294 us: [pid:4174004 tid: 0x7fa0f7bf0200] Last copy mask 0x2
:4:rocblit.cpp              :520 : 4393667204301 us: [pid:4174004 tid: 0x7fa0f7bf0200] HSA Async Copy on copy_engine=0x2, dst=0x7f9f5967e010, src=0x7f9ec6a00000, size=33554432, forceSDMA=0, wait_event=0x0, completion_signal=0x7fa0ee7ff000
:4:rocvirtual.cpp           :622 : 4393667204314 us: [pid:4174004 tid: 0x7fa0f7bf0200] Host wait on completion_signal=0x7fa0ee7ff000
:3:rocvirtual.hpp           :56  : 4393667204718 us: [pid:4174004 tid: 0x7fa0f7bf0200] Host active wait for Signal = (0x7fa0ee7ff000) for -1 ns
:4:rocmemory.cpp            :1018: 4393667205520 us: [pid:4174004 tid: 0x7fa0f7bf0200] Locking to pool 0x3c6dded0, size 0x2001000, HostPtr = 0x7f9f5b67e000, DevPtr = 0x7f9f5b67e000
:4:rocblit.cpp              :623 : 4393667205537 us: [pid:4174004 tid: 0x7fa0f7bf0200] HSA Copy Using Pinned resource size 33554432
:4:rocblit.cpp              :687 : 4393667205546 us: [pid:4174004 tid: 0x7fa0f7bf0200] HSA Async Copy staged D2H
:4:rocblit.cpp              :503 : 4393667205554 us: [pid:4174004 tid: 0x7fa0f7bf0200] Last copy mask 0x2
:4:rocblit.cpp              :520 : 4393667205560 us: [pid:4174004 tid: 0x7fa0f7bf0200] HSA Async Copy on copy_engine=0x2, dst=0x7f9f5b67e010, src=0x7f9ec8a00000, size=33554432, forceSDMA=0, wait_event=0x0, completion_signal=0x7fa0ee7ff080
:4:rocvirtual.cpp           :622 : 4393667205572 us: [pid:4174004 tid: 0x7fa0f7bf0200] Host wait on completion_signal=0x7fa0ee7ff080
:3:rocvirtual.hpp           :56  : 4393667205582 us: [pid:4174004 tid: 0x7fa0f7bf0200] Host active wait for Signal = (0x7fa0ee7ff080) for -1 ns
:4:rocmemory.cpp            :1018: 4393667206773 us: [pid:4174004 tid: 0x7fa0f7bf0200] Locking to pool 0x3c6dded0, size 0x2001000, HostPtr = 0x7f9f5d67e000, DevPtr = 0x7f9f5d67e000
:4:rocblit.cpp              :623 : 4393667206783 us: [pid:4174004 tid: 0x7fa0f7bf0200] HSA Copy Using Pinned resource size 33554432
:4:rocblit.cpp              :687 : 4393667206790 us: [pid:4174004 tid: 0x7fa0f7bf0200] HSA Async Copy staged D2H
:4:rocblit.cpp              :503 : 4393667206795 us: [pid:4174004 tid: 0x7fa0f7bf0200] Last copy mask 0x2
:4:rocblit.cpp              :520 : 4393667206800 us: [pid:4174004 tid: 0x7fa0f7bf0200] HSA Async Copy on copy_engine=0x2, dst=0x7f9f5d67e010, src=0x7f9ecaa00000, size=33554432, forceSDMA=0, wait_event=0x0, completion_signal=0x7fa0ee7fdd00
:4:rocvirtual.cpp           :622 : 4393667206808 us: [pid:4174004 tid: 0x7fa0f7bf0200] Host wait on completion_signal=0x7fa0ee7fdd00
:3:rocvirtual.hpp           :56  : 4393667206815 us: [pid:4174004 tid: 0x7fa0f7bf0200] Host active wait for Signal = (0x7fa0ee7fdd00) for -1 ns
:4:rocmemory.cpp            :1018: 4393667208026 us: [pid:4174004 tid: 0x7fa0f7bf0200] Locking to pool 0x3c6dded0, size 0x2001000, HostPtr = 0x7f9f5f67e000, DevPtr = 0x7f9f5f67e000
:4:rocblit.cpp              :623 : 4393667208038 us: [pid:4174004 tid: 0x7fa0f7bf0200] HSA Copy Using Pinned resource size 33554432
:4:rocblit.cpp              :687 : 4393667208046 us: [pid:4174004 tid: 0x7fa0f7bf0200] HSA Async Copy staged D2H
:4:rocblit.cpp              :503 : 4393667208052 us: [pid:4174004 tid: 0x7fa0f7bf0200] Last copy mask 0x2
:4:rocblit.cpp              :520 : 4393667208056 us: [pid:4174004 tid: 0x7fa0f7bf0200] HSA Async Copy on copy_engine=0x2, dst=0x7f9f5f67e010, src=0x7f9ecca00000, size=33554432, forceSDMA=0, wait_event=0x0, completion_signal=0x7fa0ee7feb80
:4:rocvirtual.cpp           :622 : 4393667208064 us: [pid:4174004 tid: 0x7fa0f7bf0200] Host wait on completion_signal=0x7fa0ee7feb80
:3:rocvirtual.hpp           :56  : 4393667208072 us: [pid:4174004 tid: 0x7fa0f7bf0200] Host active wait for Signal = (0x7fa0ee7feb80) for -1 ns
:4:rocmemory.cpp            :1018: 4393667209267 us: [pid:4174004 tid: 0x7fa0f7bf0200] Locking to pool 0x3c6dded0, size 0x2001000, HostPtr = 0x7f9f6167e000, DevPtr = 0x7f9f6167e000
:4:rocblit.cpp              :623 : 4393667209281 us: [pid:4174004 tid: 0x7fa0f7bf0200] HSA Copy Using Pinned resource size 33554432
:4:rocblit.cpp              :687 : 4393667209289 us: [pid:4174004 tid: 0x7fa0f7bf0200] HSA Async Copy staged D2H
:4:rocblit.cpp              :503 : 4393667209293 us: [pid:4174004 tid: 0x7fa0f7bf0200] Last copy mask 0x2
:4:rocblit.cpp              :520 : 4393667209298 us: [pid:4174004 tid: 0x7fa0f7bf0200] HSA Async Copy on copy_engine=0x2, dst=0x7f9f6167e010, src=0x7f9ecea00000, size=33554432, forceSDMA=0, wait_event=0x0, completion_signal=0x7fa0ee7fed80
:4:rocvirtual.cpp           :622 : 4393667209306 us: [pid:4174004 tid: 0x7fa0f7bf0200] Host wait on completion_signal=0x7fa0ee7fed80
:3:rocvirtual.hpp           :56  : 4393667209313 us: [pid:4174004 tid: 0x7fa0f7bf0200] Host active wait for Signal = (0x7fa0ee7fed80) for -1 ns
:4:rocmemory.cpp            :1018: 4393667210507 us: [pid:4174004 tid: 0x7fa0f7bf0200] Locking to pool 0x3c6dded0, size 0x2001000, HostPtr = 0x7f9f6367e000, DevPtr = 0x7f9f6367e000
:4:rocblit.cpp              :623 : 4393667210518 us: [pid:4174004 tid: 0x7fa0f7bf0200] HSA Copy Using Pinned resource size 33554432
:4:rocblit.cpp              :687 : 4393667210525 us: [pid:4174004 tid: 0x7fa0f7bf0200] HSA Async Copy staged D2H
:4:rocblit.cpp              :503 : 4393667210530 us: [pid:4174004 tid: 0x7fa0f7bf0200] Last copy mask 0x2
:4:rocblit.cpp              :520 : 4393667210534 us: [pid:4174004 tid: 0x7fa0f7bf0200] HSA Async Copy on copy_engine=0x2, dst=0x7f9f6367e010, src=0x7f9ed0a00000, size=33554432, forceSDMA=0, wait_event=0x0, completion_signal=0x7fa0ee7fe980
:4:rocvirtual.cpp           :622 : 4393667210542 us: [pid:4174004 tid: 0x7fa0f7bf0200] Host wait on completion_signal=0x7fa0ee7fe980
:3:rocvirtual.hpp           :56  : 4393667210550 us: [pid:4174004 tid: 0x7fa0f7bf0200] Host active wait for Signal = (0x7fa0ee7fe980) for -1 ns
:4:rocmemory.cpp            :1018: 4393667211745 us: [pid:4174004 tid: 0x7fa0f7bf0200] Locking to pool 0x3c6dded0, size 0x14c1000, HostPtr = 0x7f9f6567e000, DevPtr = 0x7f9f6567e000
:4:rocblit.cpp              :623 : 4393667211755 us: [pid:4174004 tid: 0x7fa0f7bf0200] HSA Copy Using Pinned resource size 21757952
:4:rocblit.cpp              :687 : 4393667211762 us: [pid:4174004 tid: 0x7fa0f7bf0200] HSA Async Copy staged D2H
:4:rocblit.cpp              :503 : 4393667211767 us: [pid:4174004 tid: 0x7fa0f7bf0200] Last copy mask 0x2
:4:rocblit.cpp              :520 : 4393667211771 us: [pid:4174004 tid: 0x7fa0f7bf0200] HSA Async Copy on copy_engine=0x2, dst=0x7f9f6567e010, src=0x7f9ed2a00000, size=21757952, forceSDMA=0, wait_event=0x0, completion_signal=0x7fa0ee7fde00
:4:rocvirtual.cpp           :622 : 4393667211779 us: [pid:4174004 tid: 0x7fa0f7bf0200] Host wait on completion_signal=0x7fa0ee7fde00
:3:rocvirtual.hpp           :56  : 4393667211787 us: [pid:4174004 tid: 0x7fa0f7bf0200] Host active wait for Signal = (0x7fa0ee7fde00) for -1 ns
:4:commandqueue.cpp         :161 : 4393667212560 us: [pid:4174004 tid: 0x7fa0f7bf0200] Marker queued to ensure finish
:4:command.cpp              :359 : 4393667212567 us: [pid:4174004 tid: 0x7fa0f7bf0200] Command (InternalMarker) enqueued: 0x3cf38cb0
:3:rocvirtual.cpp           :533 : 4393667212580 us: [pid:4174004 tid: 0x7fa0f7bf0200] Set Handler: handle(0x7fa0ee7fce80), timestamp(0x3ce97e80)
:4:rocvirtual.cpp           :1147: 4393667212589 us: [pid:4174004 tid: 0x7fa0f7bf0200] SWq=0x7fa0ee95c000, HWq=0x7f9face00000, id=1, BarrierAND Header = 0x1503 (type=3, barrier=1, acquire=2, release=2), dep_signal=[0x0, 0x0, 0x0, 0x0, 0x0], completion_signal=0x7fa0ee7fce80
:3:rocvirtual.hpp           :56  : 4393667212599 us: [pid:4174004 tid: 0x7fa0f7bf0200] Host active wait for Signal = (0x7fa0ee7fce80) for -1 ns
:4:commandqueue.cpp         :184 : 4393667212609 us: [pid:4174004 tid: 0x7fa0f7bf0200] All commands finished
:3:hip_memory.cpp           :796 : 4393667212615 us: [pid:4174004 tid: 0x7fa0f7bf0200] hipMemcpy: Returned hipSuccess : : duration: 19150 us
:3:hip_memory.cpp           :3476: 4393667212626 us: [pid:4174004 tid: 0x7fa0f7bf0200] [32m hipMemset ( 0x7f9eb6a00000, 0, 491520000 ) [0m
:3:rocvirtual.cpp           :226 : 4393667212604 us: [pid:4174004 tid: 0x7f9fbf3ff6c0] Handler: value(0), timestamp(0x3cd9acc0), handle(0x7fa0ee7fce80)
:4:command.cpp              :169 : 4393667212655 us: [pid:4174004 tid: 0x7f9fbf3ff6c0] Command 0x3cd9a9d0 complete
:4:command.cpp              :359 : 4393667212641 us: [pid:4174004 tid: 0x7fa0f7bf0200] Command (FillBuffer) enqueued: 0x3cd9ae10
:3:rocvirtual.cpp           :762 : 4393667212676 us: [pid:4174004 tid: 0x7fa0f7bf0200] Arg0: void* buf = ptr:0x7f9eb6a00000
:3:rocvirtual.cpp           :778 : 4393667212681 us: [pid:4174004 tid: 0x7fa0f7bf0200] Arg0: void* buf = ptr:0x7f9eb6a00000 obj:[0x7f9eb6a00000-0x7f9ed3ec0000]
:3:rocvirtual.cpp           :762 : 4393667212979 us: [pid:4174004 tid: 0x7fa0f7bf0200] Arg1: uchar* pattern = ptr:0x7f9facc00000
:3:rocvirtual.cpp           :853 : 4393667213427 us: [pid:4174004 tid: 0x7fa0f7bf0200] Arg2: uint pattern_size = val:1
:3:rocvirtual.cpp           :853 : 4393667213432 us: [pid:4174004 tid: 0x7fa0f7bf0200] Arg3: uint alignment = val:16
:4:command.cpp              :163 : 4393667212664 us: [pid:4174004 tid: 0x7f9fbf3ff6c0] Command 0x3cf38cb0 complete (Wall: 4393667212662, CPU: 0, GPU: 87 us)
:3:rocvirtual.cpp           :853 : 4393667213453 us: [pid:4174004 tid: 0x7fa0f7bf0200] Arg4: ulong end_ptr = val:140320137019392
:3:rocvirtual.cpp           :853 : 4393667213461 us: [pid:4174004 tid: 0x7fa0f7bf0200] Arg5: uint next_chunk = val:26624
:3:rocvirtual.cpp           :3236: 4393667213465 us: [pid:4174004 tid: 0x7fa0f7bf0200] ShaderName : __amd_rocclr_fillBufferAligned
:3:rocvirtual.cpp           :3449: 4393667213474 us: [pid:4174004 tid: 0x7fa0f7bf0200] KernargSegmentByteSize = 296 KernargSegmentAlignment = 128
:4:rocvirtual.cpp           :965 : 4393667213483 us: [pid:4174004 tid: 0x7fa0f7bf0200] SWq=0x7fa0ee95c000, HWq=0x7f9face00000, id=1, Dispatch Header = 0x1502 (type=2, barrier=1, acquire=2, release=2), setup=1, grid=[26624, 1, 1], workgroup=[256, 1, 1], private_seg_size=0, group_seg_size=0, kernel_obj=0x7fa0ee94dd40, kernarg_address=0x7f9facc00100, completion_signal=0x0, correlation_id=0, rptr=154, wptr=154
:3:hip_memory.cpp           :3477: 4393667213497 us: [pid:4174004 tid: 0x7fa0f7bf0200] hipMemset: Returned hipSuccess : 
:3:hip_device_runtime.cpp   :641 : 4393667213502 us: [pid:4174004 tid: 0x7fa0f7bf0200] [32m hipDeviceSynchronize (  ) [0m
:4:commandqueue.cpp         :161 : 4393667213508 us: [pid:4174004 tid: 0x7fa0f7bf0200] Marker queued to ensure finish
:4:command.cpp              :359 : 4393667213512 us: [pid:4174004 tid: 0x7fa0f7bf0200] Command (InternalMarker) enqueued: 0x3cf38cb0
:3:rocvirtual.cpp           :533 : 4393667213523 us: [pid:4174004 tid: 0x7fa0f7bf0200] Set Handler: handle(0x7fa0ee7fcf80), timestamp(0x3cebd5a0)
:4:rocvirtual.cpp           :1147: 4393667213531 us: [pid:4174004 tid: 0x7fa0f7bf0200] SWq=0x7fa0ee95c000, HWq=0x7f9face00000, id=1, BarrierAND Header = 0x1503 (type=3, barrier=1, acquire=2, release=2), dep_signal=[0x0, 0x0, 0x0, 0x0, 0x0], completion_signal=0x7fa0ee7fcf80
:3:rocvirtual.hpp           :56  : 4393667213874 us: [pid:4174004 tid: 0x7fa0f7bf0200] Host active wait for Signal = (0x7fa0ee7fcf80) for -1 ns
:4:commandqueue.cpp         :184 : 4393667213913 us: [pid:4174004 tid: 0x7fa0f7bf0200] All commands finished
:3:hip_device_runtime.cpp   :645 : 4393667213919 us: [pid:4174004 tid: 0x7fa0f7bf0200] hipDeviceSynchronize: Returned hipSuccess : 
:3:rocvirtual.cpp           :226 : 4393667213914 us: [pid:4174004 tid: 0x7f9fbf3ff6c0] Handler: value(0), timestamp(0x3cd9a1c0), handle(0x7fa0ee7fcf80)
:4:command.cpp              :169 : 4393667213940 us: [pid:4174004 tid: 0x7f9fbf3ff6c0] Command 0x3cd9ae10 complete
:4:command.cpp              :163 : 4393667213945 us: [pid:4174004 tid: 0x7f9fbf3ff6c0] Command 0x3cf38cb0 complete (Wall: 4393667213944, CPU: 0, GPU: 424 us)
:3:hip_platform.cpp         :237 : 4393667213931 us: [pid:4174004 tid: 0x7fa0f7bf0200] [32m __hipPushCallConfiguration ( {8,1,1}, {256,1,1}, 0, stream:<null> ) [0m
:3:hip_platform.cpp         :241 : 4393667213972 us: [pid:4174004 tid: 0x7fa0f7bf0200] __hipPushCallConfiguration: Returned hipSuccess : 
:3:hip_platform.cpp         :246 : 4393667214507 us: [pid:4174004 tid: 0x7fa0f7bf0200] [32m __hipPopCallConfiguration ( {37054546,32673,256}, {2118224,0,2918783392}, 0x7fffadf916f0, 0x7fffadf916e8 ) [0m
:3:hip_platform.cpp         :255 : 4393667214515 us: [pid:4174004 tid: 0x7fa0f7bf0200] __hipPopCallConfiguration: Returned hipSuccess : 
:3:hip_module.cpp           :744 : 4393667214526 us: [pid:4174004 tid: 0x7fa0f7bf0200] [32m hipLaunchKernel ( 0x200fe0, {8,1,1}, {256,1,1}, 0x7fffadf916a0, 0, stream:<null> ) [0m
:4:command.cpp              :359 : 4393667214539 us: [pid:4174004 tid: 0x7fa0f7bf0200] Command (KernelExecution) enqueued: 0x3cd9a9d0
:3:rocvirtual.cpp           :762 : 4393667214547 us: [pid:4174004 tid: 0x7fa0f7bf0200] Arg0:   = ptr:0x7f9ed4200000
:3:rocvirtual.cpp           :778 : 4393667214552 us: [pid:4174004 tid: 0x7fa0f7bf0200] Arg0:   = ptr:0x7f9ed4200000 obj:[0x7f9ed4200000-0x7f9ef16c0000]
:3:rocvirtual.cpp           :762 : 4393667214560 us: [pid:4174004 tid: 0x7fa0f7bf0200] Arg1:   = ptr:0x7f9fa0027000
:3:rocvirtual.cpp           :778 : 4393667214564 us: [pid:4174004 tid: 0x7fa0f7bf0200] Arg1:   = ptr:0x7f9fa0027000 obj:[0x7f9fa0027000-0x7f9fa0087000]
:3:rocvirtual.cpp           :762 : 4393667214572 us: [pid:4174004 tid: 0x7fa0f7bf0200] Arg2:   = ptr:0x7f9eb6a00000
:3:rocvirtual.cpp           :778 : 4393667214576 us: [pid:4174004 tid: 0x7fa0f7bf0200] Arg2:   = ptr:0x7f9eb6a00000 obj:[0x7f9eb6a00000-0x7f9ed3ec0000]
:3:rocvirtual.cpp           :853 : 4393667214584 us: [pid:4174004 tid: 0x7fa0f7bf0200] Arg3:   = val:12288
:3:rocvirtual.cpp           :762 : 4393667214588 us: [pid:4174004 tid: 0x7fa0f7bf0200] Arg4:   = ptr:0x7f9fa0000000
:3:rocvirtual.cpp           :778 : 4393667214593 us: [pid:4174004 tid: 0x7fa0f7bf0200] Arg4:   = ptr:0x7f9fa0000000 obj:[0x7f9fa0000000-0x7f9fa0000024]
:3:rocvirtual.cpp           :3236: 4393667214600 us: [pid:4174004 tid: 0x7fa0f7bf0200] ShaderName : void dense_esuhm2<float>(float const*, float const*, float*, int, int const*)
:3:rocvirtual.cpp           :3449: 4393667214609 us: [pid:4174004 tid: 0x7fa0f7bf0200] KernargSegmentByteSize = 296 KernargSegmentAlignment = 128
:4:rocvirtual.cpp           :965 : 4393667215026 us: [pid:4174004 tid: 0x7fa0f7bf0200] SWq=0x7fa0ee95c000, HWq=0x7f9face00000, id=1, Dispatch Header = 0xb02 (type=2, barrier=1, acquire=1, release=1), setup=3, grid=[2048, 1, 1], workgroup=[256, 1, 1], private_seg_size=140, group_seg_size=0, kernel_obj=0x7fa0ee9219c0, kernarg_address=0x7f9facc00280, completion_signal=0x0, correlation_id=0, rptr=156, wptr=156
:3:hip_module.cpp           :745 : 4393667215042 us: [pid:4174004 tid: 0x7fa0f7bf0200] hipLaunchKernel: Returned hipSuccess : : duration: 516 us
:3:hip_device_runtime.cpp   :641 : 4393667215051 us: [pid:4174004 tid: 0x7fa0f7bf0200] [32m hipDeviceSynchronize (  ) [0m
:4:commandqueue.cpp         :161 : 4393667215057 us: [pid:4174004 tid: 0x7fa0f7bf0200] Marker queued to ensure finish
:4:command.cpp              :359 : 4393667215061 us: [pid:4174004 tid: 0x7fa0f7bf0200] Command (InternalMarker) enqueued: 0x3cf38cb0
:3:rocvirtual.cpp           :533 : 4393667215075 us: [pid:4174004 tid: 0x7fa0f7bf0200] Set Handler: handle(0x7fa0ee7fcc80), timestamp(0x3ce97fe0)
:4:rocvirtual.cpp           :1147: 4393667215083 us: [pid:4174004 tid: 0x7fa0f7bf0200] SWq=0x7fa0ee95c000, HWq=0x7f9face00000, id=1, BarrierAND Header = 0x1503 (type=3, barrier=1, acquire=2, release=2), dep_signal=[0x0, 0x0, 0x0, 0x0, 0x0], completion_signal=0x7fa0ee7fcc80
:3:rocvirtual.hpp           :56  : 4393667215095 us: [pid:4174004 tid: 0x7fa0f7bf0200] Host active wait for Signal = (0x7fa0ee7fcc80) for -1 ns
:4:commandqueue.cpp         :184 : 4393667215676 us: [pid:4174004 tid: 0x7fa0f7bf0200] All commands finished
:3:hip_device_runtime.cpp   :645 : 4393667215686 us: [pid:4174004 tid: 0x7fa0f7bf0200] hipDeviceSynchronize: Returned hipSuccess : 
:3:rocvirtual.cpp           :226 : 4393667215677 us: [pid:4174004 tid: 0x7f9fbf3ff6c0] Handler: value(0), timestamp(0x3d00acf0), handle(0x7fa0ee7fcc80)
:4:command.cpp              :169 : 4393667215708 us: [pid:4174004 tid: 0x7f9fbf3ff6c0] Command 0x3cd9a9d0 complete
:4:command.cpp              :163 : 4393667215729 us: [pid:4174004 tid: 0x7f9fbf3ff6c0] Command 0x3cf38cb0 complete (Wall: 4393667215728, CPU: 0, GPU: 659 us)
:3:hip_memory.cpp           :795 : 4393667215702 us: [pid:4174004 tid: 0x7fa0f7bf0200] [32m hipMemcpy ( 0x7f9f2c1bd010, 0x7f9eb6a00000, 491520000, hipMemcpyDeviceToHost ) [0m
:4:command.cpp              :359 : 4393667215759 us: [pid:4174004 tid: 0x7fa0f7bf0200] Command (CopyDeviceToHost) enqueued: 0x3cd9a9d0
:4:rocblit.cpp              :1673: 4393667215768 us: [pid:4174004 tid: 0x7fa0f7bf0200] Unpinned read path, Async = 0
:4:rocmemory.cpp            :1018: 4393667215782 us: [pid:4174004 tid: 0x7fa0f7bf0200] Locking to pool 0x3c6dded0, size 0x2001000, HostPtr = 0x7f9f2c1bd000, DevPtr = 0x7f9f2c1bd000
:4:rocblit.cpp              :623 : 4393667215791 us: [pid:4174004 tid: 0x7fa0f7bf0200] HSA Copy Using Pinned resource size 33554432
:4:rocblit.cpp              :687 : 4393667216236 us: [pid:4174004 tid: 0x7fa0f7bf0200] HSA Async Copy staged D2H
:4:rocblit.cpp              :503 : 4393667216241 us: [pid:4174004 tid: 0x7fa0f7bf0200] Last copy mask 0x0
:4:rocblit.cpp              :509 : 4393667216247 us: [pid:4174004 tid: 0x7fa0f7bf0200] Query copy engine status 0, free_engine mask 0x1e
:4:rocblit.cpp              :520 : 4393667216255 us: [pid:4174004 tid: 0x7fa0f7bf0200] HSA Async Copy on copy_engine=0x2, dst=0x7f9f2c1bd010, src=0x7f9eb6a00000, size=33554432, forceSDMA=0, wait_event=0x0, completion_signal=0x7fa0ee7fe880
:4:rocvirtual.cpp           :622 : 4393667216264 us: [pid:4174004 tid: 0x7fa0f7bf0200] Host wait on completion_signal=0x7fa0ee7fe880
:3:rocvirtual.hpp           :56  : 4393667216271 us: [pid:4174004 tid: 0x7fa0f7bf0200] Host active wait for Signal = (0x7fa0ee7fe880) for -1 ns
:4:rocmemory.cpp            :1018: 4393667217468 us: [pid:4174004 tid: 0x7fa0f7bf0200] Locking to pool 0x3c6dded0, size 0x2001000, HostPtr = 0x7f9f2e1bd000, DevPtr = 0x7f9f2e1bd000
:4:rocblit.cpp              :623 : 4393667217479 us: [pid:4174004 tid: 0x7fa0f7bf0200] HSA Copy Using Pinned resource size 33554432
:4:rocblit.cpp              :687 : 4393667217487 us: [pid:4174004 tid: 0x7fa0f7bf0200] HSA Async Copy staged D2H
:4:rocblit.cpp              :503 : 4393667217492 us: [pid:4174004 tid: 0x7fa0f7bf0200] Last copy mask 0x2
:4:rocblit.cpp              :520 : 4393667217496 us: [pid:4174004 tid: 0x7fa0f7bf0200] HSA Async Copy on copy_engine=0x2, dst=0x7f9f2e1bd010, src=0x7f9eb8a00000, size=33554432, forceSDMA=0, wait_event=0x0, completion_signal=0x7fa0ee7fe780
:4:rocvirtual.cpp           :622 : 4393667217504 us: [pid:4174004 tid: 0x7fa0f7bf0200] Host wait on completion_signal=0x7fa0ee7fe780
:3:rocvirtual.hpp           :56  : 4393667217512 us: [pid:4174004 tid: 0x7fa0f7bf0200] Host active wait for Signal = (0x7fa0ee7fe780) for -1 ns
:4:rocmemory.cpp            :1018: 4393667218714 us: [pid:4174004 tid: 0x7fa0f7bf0200] Locking to pool 0x3c6dded0, size 0x2001000, HostPtr = 0x7f9f301bd000, DevPtr = 0x7f9f301bd000
:4:rocblit.cpp              :623 : 4393667218728 us: [pid:4174004 tid: 0x7fa0f7bf0200] HSA Copy Using Pinned resource size 33554432
:4:rocblit.cpp              :687 : 4393667218736 us: [pid:4174004 tid: 0x7fa0f7bf0200] HSA Async Copy staged D2H
:4:rocblit.cpp              :503 : 4393667218741 us: [pid:4174004 tid: 0x7fa0f7bf0200] Last copy mask 0x2
:4:rocblit.cpp              :520 : 4393667218746 us: [pid:4174004 tid: 0x7fa0f7bf0200] HSA Async Copy on copy_engine=0x2, dst=0x7f9f301bd010, src=0x7f9ebaa00000, size=33554432, forceSDMA=0, wait_event=0x0, completion_signal=0x7fa0ee7fe580
:4:rocvirtual.cpp           :622 : 4393667218754 us: [pid:4174004 tid: 0x7fa0f7bf0200] Host wait on completion_signal=0x7fa0ee7fe580
:3:rocvirtual.hpp           :56  : 4393667218762 us: [pid:4174004 tid: 0x7fa0f7bf0200] Host active wait for Signal = (0x7fa0ee7fe580) for -1 ns
:4:rocmemory.cpp            :1018: 4393667219956 us: [pid:4174004 tid: 0x7fa0f7bf0200] Locking to pool 0x3c6dded0, size 0x2001000, HostPtr = 0x7f9f321bd000, DevPtr = 0x7f9f321bd000
:4:rocblit.cpp              :623 : 4393667219967 us: [pid:4174004 tid: 0x7fa0f7bf0200] HSA Copy Using Pinned resource size 33554432
:4:rocblit.cpp              :687 : 4393667219975 us: [pid:4174004 tid: 0x7fa0f7bf0200] HSA Async Copy staged D2H
:4:rocblit.cpp              :503 : 4393667219980 us: [pid:4174004 tid: 0x7fa0f7bf0200] Last copy mask 0x2
:4:rocblit.cpp              :520 : 4393667219987 us: [pid:4174004 tid: 0x7fa0f7bf0200] HSA Async Copy on copy_engine=0x2, dst=0x7f9f321bd010, src=0x7f9ebca00000, size=33554432, forceSDMA=0, wait_event=0x0, completion_signal=0x7fa0ee7fdf00
:4:rocvirtual.cpp           :622 : 4393667220024 us: [pid:4174004 tid: 0x7fa0f7bf0200] Host wait on completion_signal=0x7fa0ee7fdf00
:3:rocvirtual.hpp           :56  : 4393667220034 us: [pid:4174004 tid: 0x7fa0f7bf0200] Host active wait for Signal = (0x7fa0ee7fdf00) for -1 ns
:4:rocmemory.cpp            :1018: 4393667221228 us: [pid:4174004 tid: 0x7fa0f7bf0200] Locking to pool 0x3c6dded0, size 0x2001000, HostPtr = 0x7f9f341bd000, DevPtr = 0x7f9f341bd000
:4:rocblit.cpp              :623 : 4393667221241 us: [pid:4174004 tid: 0x7fa0f7bf0200] HSA Copy Using Pinned resource size 33554432
:4:rocblit.cpp              :687 : 4393667221621 us: [pid:4174004 tid: 0x7fa0f7bf0200] HSA Async Copy staged D2H
:4:rocblit.cpp              :503 : 4393667221626 us: [pid:4174004 tid: 0x7fa0f7bf0200] Last copy mask 0x2
:4:rocblit.cpp              :520 : 4393667221631 us: [pid:4174004 tid: 0x7fa0f7bf0200] HSA Async Copy on copy_engine=0x2, dst=0x7f9f341bd010, src=0x7f9ebea00000, size=33554432, forceSDMA=0, wait_event=0x0, completion_signal=0x7fa0ee7fe900
:4:rocvirtual.cpp           :622 : 4393667221639 us: [pid:4174004 tid: 0x7fa0f7bf0200] Host wait on completion_signal=0x7fa0ee7fe900
:3:rocvirtual.hpp           :56  : 4393667221647 us: [pid:4174004 tid: 0x7fa0f7bf0200] Host active wait for Signal = (0x7fa0ee7fe900) for -1 ns
:4:rocmemory.cpp            :1018: 4393667222842 us: [pid:4174004 tid: 0x7fa0f7bf0200] Locking to pool 0x3c6dded0, size 0x2001000, HostPtr = 0x7f9f361bd000, DevPtr = 0x7f9f361bd000
:4:rocblit.cpp              :623 : 4393667222853 us: [pid:4174004 tid: 0x7fa0f7bf0200] HSA Copy Using Pinned resource size 33554432
:4:rocblit.cpp              :687 : 4393667222861 us: [pid:4174004 tid: 0x7fa0f7bf0200] HSA Async Copy staged D2H
:4:rocblit.cpp              :503 : 4393667222865 us: [pid:4174004 tid: 0x7fa0f7bf0200] Last copy mask 0x2
:4:rocblit.cpp              :520 : 4393667222870 us: [pid:4174004 tid: 0x7fa0f7bf0200] HSA Async Copy on copy_engine=0x2, dst=0x7f9f361bd010, src=0x7f9ec0a00000, size=33554432, forceSDMA=0, wait_event=0x0, completion_signal=0x7fa0ee7fea00
:4:rocvirtual.cpp           :622 : 4393667222878 us: [pid:4174004 tid: 0x7fa0f7bf0200] Host wait on completion_signal=0x7fa0ee7fea00
:3:rocvirtual.hpp           :56  : 4393667222885 us: [pid:4174004 tid: 0x7fa0f7bf0200] Host active wait for Signal = (0x7fa0ee7fea00) for -1 ns
:4:rocmemory.cpp            :1018: 4393667224082 us: [pid:4174004 tid: 0x7fa0f7bf0200] Locking to pool 0x3c6dded0, size 0x2001000, HostPtr = 0x7f9f381bd000, DevPtr = 0x7f9f381bd000
:4:rocblit.cpp              :623 : 4393667224094 us: [pid:4174004 tid: 0x7fa0f7bf0200] HSA Copy Using Pinned resource size 33554432
:4:rocblit.cpp              :687 : 4393667224102 us: [pid:4174004 tid: 0x7fa0f7bf0200] HSA Async Copy staged D2H
:4:rocblit.cpp              :503 : 4393667224107 us: [pid:4174004 tid: 0x7fa0f7bf0200] Last copy mask 0x2
:4:rocblit.cpp              :520 : 4393667224111 us: [pid:4174004 tid: 0x7fa0f7bf0200] HSA Async Copy on copy_engine=0x2, dst=0x7f9f381bd010, src=0x7f9ec2a00000, size=33554432, forceSDMA=0, wait_event=0x0, completion_signal=0x7fa0ee7fea80
:4:rocvirtual.cpp           :622 : 4393667224119 us: [pid:4174004 tid: 0x7fa0f7bf0200] Host wait on completion_signal=0x7fa0ee7fea80
:3:rocvirtual.hpp           :56  : 4393667224127 us: [pid:4174004 tid: 0x7fa0f7bf0200] Host active wait for Signal = (0x7fa0ee7fea80) for -1 ns
:4:rocmemory.cpp            :1018: 4393667225322 us: [pid:4174004 tid: 0x7fa0f7bf0200] Locking to pool 0x3c6dded0, size 0x2001000, HostPtr = 0x7f9f3a1bd000, DevPtr = 0x7f9f3a1bd000
:4:rocblit.cpp              :623 : 4393667225333 us: [pid:4174004 tid: 0x7fa0f7bf0200] HSA Copy Using Pinned resource size 33554432
:4:rocblit.cpp              :687 : 4393667225340 us: [pid:4174004 tid: 0x7fa0f7bf0200] HSA Async Copy staged D2H
:4:rocblit.cpp              :503 : 4393667225345 us: [pid:4174004 tid: 0x7fa0f7bf0200] Last copy mask 0x2
:4:rocblit.cpp              :520 : 4393667225350 us: [pid:4174004 tid: 0x7fa0f7bf0200] HSA Async Copy on copy_engine=0x2, dst=0x7f9f3a1bd010, src=0x7f9ec4a00000, size=33554432, forceSDMA=0, wait_event=0x0, completion_signal=0x7fa0ee7fe800
:4:rocvirtual.cpp           :622 : 4393667225358 us: [pid:4174004 tid: 0x7fa0f7bf0200] Host wait on completion_signal=0x7fa0ee7fe800
:3:rocvirtual.hpp           :56  : 4393667225365 us: [pid:4174004 tid: 0x7fa0f7bf0200] Host active wait for Signal = (0x7fa0ee7fe800) for -1 ns
:4:rocmemory.cpp            :1018: 4393667226559 us: [pid:4174004 tid: 0x7fa0f7bf0200] Locking to pool 0x3c6dded0, size 0x2001000, HostPtr = 0x7f9f3c1bd000, DevPtr = 0x7f9f3c1bd000
:4:rocblit.cpp              :623 : 4393667226590 us: [pid:4174004 tid: 0x7fa0f7bf0200] HSA Copy Using Pinned resource size 33554432
:4:rocblit.cpp              :687 : 4393667226604 us: [pid:4174004 tid: 0x7fa0f7bf0200] HSA Async Copy staged D2H
:4:rocblit.cpp              :503 : 4393667226610 us: [pid:4174004 tid: 0x7fa0f7bf0200] Last copy mask 0x2
:4:rocblit.cpp              :520 : 4393667226615 us: [pid:4174004 tid: 0x7fa0f7bf0200] HSA Async Copy on copy_engine=0x2, dst=0x7f9f3c1bd010, src=0x7f9ec6a00000, size=33554432, forceSDMA=0, wait_event=0x0, completion_signal=0x7fa0ee7fe700
:4:rocvirtual.cpp           :622 : 4393667226624 us: [pid:4174004 tid: 0x7fa0f7bf0200] Host wait on completion_signal=0x7fa0ee7fe700
:3:rocvirtual.hpp           :56  : 4393667226632 us: [pid:4174004 tid: 0x7fa0f7bf0200] Host active wait for Signal = (0x7fa0ee7fe700) for -1 ns
:4:rocmemory.cpp            :1018: 4393667227826 us: [pid:4174004 tid: 0x7fa0f7bf0200] Locking to pool 0x3c6dded0, size 0x2001000, HostPtr = 0x7f9f3e1bd000, DevPtr = 0x7f9f3e1bd000
:4:rocblit.cpp              :623 : 4393667227838 us: [pid:4174004 tid: 0x7fa0f7bf0200] HSA Copy Using Pinned resource size 33554432
:4:rocblit.cpp              :687 : 4393667227845 us: [pid:4174004 tid: 0x7fa0f7bf0200] HSA Async Copy staged D2H
:4:rocblit.cpp              :503 : 4393667227850 us: [pid:4174004 tid: 0x7fa0f7bf0200] Last copy mask 0x2
:4:rocblit.cpp              :520 : 4393667227855 us: [pid:4174004 tid: 0x7fa0f7bf0200] HSA Async Copy on copy_engine=0x2, dst=0x7f9f3e1bd010, src=0x7f9ec8a00000, size=33554432, forceSDMA=0, wait_event=0x0, completion_signal=0x7fa0ee7fde80
:4:rocvirtual.cpp           :622 : 4393667227863 us: [pid:4174004 tid: 0x7fa0f7bf0200] Host wait on completion_signal=0x7fa0ee7fde80
:3:rocvirtual.hpp           :56  : 4393667227870 us: [pid:4174004 tid: 0x7fa0f7bf0200] Host active wait for Signal = (0x7fa0ee7fde80) for -1 ns
:4:rocmemory.cpp            :1018: 4393667229065 us: [pid:4174004 tid: 0x7fa0f7bf0200] Locking to pool 0x3c6dded0, size 0x2001000, HostPtr = 0x7f9f401bd000, DevPtr = 0x7f9f401bd000
:4:rocblit.cpp              :623 : 4393667229076 us: [pid:4174004 tid: 0x7fa0f7bf0200] HSA Copy Using Pinned resource size 33554432
:4:rocblit.cpp              :687 : 4393667229083 us: [pid:4174004 tid: 0x7fa0f7bf0200] HSA Async Copy staged D2H
:4:rocblit.cpp              :503 : 4393667229088 us: [pid:4174004 tid: 0x7fa0f7bf0200] Last copy mask 0x2
:4:rocblit.cpp              :520 : 4393667229093 us: [pid:4174004 tid: 0x7fa0f7bf0200] HSA Async Copy on copy_engine=0x2, dst=0x7f9f401bd010, src=0x7f9ecaa00000, size=33554432, forceSDMA=0, wait_event=0x0, completion_signal=0x7fa0ee7fe080
:4:rocvirtual.cpp           :622 : 4393667229101 us: [pid:4174004 tid: 0x7fa0f7bf0200] Host wait on completion_signal=0x7fa0ee7fe080
:3:rocvirtual.hpp           :56  : 4393667229111 us: [pid:4174004 tid: 0x7fa0f7bf0200] Host active wait for Signal = (0x7fa0ee7fe080) for -1 ns
:4:rocmemory.cpp            :1018: 4393667230319 us: [pid:4174004 tid: 0x7fa0f7bf0200] Locking to pool 0x3c6dded0, size 0x2001000, HostPtr = 0x7f9f421bd000, DevPtr = 0x7f9f421bd000
:4:rocblit.cpp              :623 : 4393667230331 us: [pid:4174004 tid: 0x7fa0f7bf0200] HSA Copy Using Pinned resource size 33554432
:4:rocblit.cpp              :687 : 4393667230338 us: [pid:4174004 tid: 0x7fa0f7bf0200] HSA Async Copy staged D2H
:4:rocblit.cpp              :503 : 4393667230343 us: [pid:4174004 tid: 0x7fa0f7bf0200] Last copy mask 0x2
:4:rocblit.cpp              :520 : 4393667230347 us: [pid:4174004 tid: 0x7fa0f7bf0200] HSA Async Copy on copy_engine=0x2, dst=0x7f9f421bd010, src=0x7f9ecca00000, size=33554432, forceSDMA=0, wait_event=0x0, completion_signal=0x7fa0ee7fe000
:4:rocvirtual.cpp           :622 : 4393667230356 us: [pid:4174004 tid: 0x7fa0f7bf0200] Host wait on completion_signal=0x7fa0ee7fe000
:3:rocvirtual.hpp           :56  : 4393667230363 us: [pid:4174004 tid: 0x7fa0f7bf0200] Host active wait for Signal = (0x7fa0ee7fe000) for -1 ns
:4:rocmemory.cpp            :1018: 4393667231567 us: [pid:4174004 tid: 0x7fa0f7bf0200] Locking to pool 0x3c6dded0, size 0x2001000, HostPtr = 0x7f9f441bd000, DevPtr = 0x7f9f441bd000
:4:rocblit.cpp              :623 : 4393667231578 us: [pid:4174004 tid: 0x7fa0f7bf0200] HSA Copy Using Pinned resource size 33554432
:4:rocblit.cpp              :687 : 4393667231585 us: [pid:4174004 tid: 0x7fa0f7bf0200] HSA Async Copy staged D2H
:4:rocblit.cpp              :503 : 4393667231590 us: [pid:4174004 tid: 0x7fa0f7bf0200] Last copy mask 0x2
:4:rocblit.cpp              :520 : 4393667231596 us: [pid:4174004 tid: 0x7fa0f7bf0200] HSA Async Copy on copy_engine=0x2, dst=0x7f9f441bd010, src=0x7f9ecea00000, size=33554432, forceSDMA=0, wait_event=0x0, completion_signal=0x7fa0ee7fe380
:4:rocvirtual.cpp           :622 : 4393667231604 us: [pid:4174004 tid: 0x7fa0f7bf0200] Host wait on completion_signal=0x7fa0ee7fe380
:3:rocvirtual.hpp           :56  : 4393667231612 us: [pid:4174004 tid: 0x7fa0f7bf0200] Host active wait for Signal = (0x7fa0ee7fe380) for -1 ns
:4:rocmemory.cpp            :1018: 4393667232807 us: [pid:4174004 tid: 0x7fa0f7bf0200] Locking to pool 0x3c6dded0, size 0x2001000, HostPtr = 0x7f9f461bd000, DevPtr = 0x7f9f461bd000
:4:rocblit.cpp              :623 : 4393667232818 us: [pid:4174004 tid: 0x7fa0f7bf0200] HSA Copy Using Pinned resource size 33554432
:4:rocblit.cpp              :687 : 4393667232825 us: [pid:4174004 tid: 0x7fa0f7bf0200] HSA Async Copy staged D2H
:4:rocblit.cpp              :503 : 4393667232830 us: [pid:4174004 tid: 0x7fa0f7bf0200] Last copy mask 0x2
:4:rocblit.cpp              :520 : 4393667232834 us: [pid:4174004 tid: 0x7fa0f7bf0200] HSA Async Copy on copy_engine=0x2, dst=0x7f9f461bd010, src=0x7f9ed0a00000, size=33554432, forceSDMA=0, wait_event=0x0, completion_signal=0x7fa0ee7fe180
:4:rocvirtual.cpp           :622 : 4393667232842 us: [pid:4174004 tid: 0x7fa0f7bf0200] Host wait on completion_signal=0x7fa0ee7fe180
:3:rocvirtual.hpp           :56  : 4393667232850 us: [pid:4174004 tid: 0x7fa0f7bf0200] Host active wait for Signal = (0x7fa0ee7fe180) for -1 ns
:4:rocmemory.cpp            :1018: 4393667234044 us: [pid:4174004 tid: 0x7fa0f7bf0200] Locking to pool 0x3c6dded0, size 0x14c1000, HostPtr = 0x7f9f481bd000, DevPtr = 0x7f9f481bd000
:4:rocblit.cpp              :623 : 4393667234054 us: [pid:4174004 tid: 0x7fa0f7bf0200] HSA Copy Using Pinned resource size 21757952
:4:rocblit.cpp              :687 : 4393667234061 us: [pid:4174004 tid: 0x7fa0f7bf0200] HSA Async Copy staged D2H
:4:rocblit.cpp              :503 : 4393667234066 us: [pid:4174004 tid: 0x7fa0f7bf0200] Last copy mask 0x2
:4:rocblit.cpp              :520 : 4393667234070 us: [pid:4174004 tid: 0x7fa0f7bf0200] HSA Async Copy on copy_engine=0x2, dst=0x7f9f481bd010, src=0x7f9ed2a00000, size=21757952, forceSDMA=0, wait_event=0x0, completion_signal=0x7fa0ee7fdf80
:4:rocvirtual.cpp           :622 : 4393667234089 us: [pid:4174004 tid: 0x7fa0f7bf0200] Host wait on completion_signal=0x7fa0ee7fdf80
:3:rocvirtual.hpp           :56  : 4393667234096 us: [pid:4174004 tid: 0x7fa0f7bf0200] Host active wait for Signal = (0x7fa0ee7fdf80) for -1 ns
:4:commandqueue.cpp         :161 : 4393667234870 us: [pid:4174004 tid: 0x7fa0f7bf0200] Marker queued to ensure finish
:4:command.cpp              :359 : 4393667234877 us: [pid:4174004 tid: 0x7fa0f7bf0200] Command (InternalMarker) enqueued: 0x3cf38cb0
:3:rocvirtual.cpp           :533 : 4393667234889 us: [pid:4174004 tid: 0x7fa0f7bf0200] Set Handler: handle(0x7fa0ee7fc600), timestamp(0x3c86beb0)
:4:rocvirtual.cpp           :1147: 4393667234898 us: [pid:4174004 tid: 0x7fa0f7bf0200] SWq=0x7fa0ee95c000, HWq=0x7f9face00000, id=1, BarrierAND Header = 0x1503 (type=3, barrier=1, acquire=2, release=2), dep_signal=[0x0, 0x0, 0x0, 0x0, 0x0], completion_signal=0x7fa0ee7fc600
:3:rocvirtual.hpp           :56  : 4393667234909 us: [pid:4174004 tid: 0x7fa0f7bf0200] Host active wait for Signal = (0x7fa0ee7fc600) for -1 ns
:4:commandqueue.cpp         :184 : 4393667234917 us: [pid:4174004 tid: 0x7fa0f7bf0200] All commands finished
:3:hip_memory.cpp           :796 : 4393667234923 us: [pid:4174004 tid: 0x7fa0f7bf0200] hipMemcpy: Returned hipSuccess : : duration: 19221 us
:3:hip_memory.cpp           :3476: 4393667234934 us: [pid:4174004 tid: 0x7fa0f7bf0200] [32m hipMemset ( 0x7f9eb6a00000, 0, 491520000 ) [0m
:4:command.cpp              :359 : 4393667234945 us: [pid:4174004 tid: 0x7fa0f7bf0200] Command (FillBuffer) enqueued: 0x3cd9ae10
:3:rocvirtual.cpp           :226 : 4393667234917 us: [pid:4174004 tid: 0x7f9fbf3ff6c0] Handler: value(0), timestamp(0x3d00acf0), handle(0x7fa0ee7fc600)
:3:rocvirtual.cpp           :762 : 4393667235373 us: [pid:4174004 tid: 0x7fa0f7bf0200] Arg0: void* buf = ptr:0x7f9eb6a00000
:3:rocvirtual.cpp           :778 : 4393667235398 us: [pid:4174004 tid: 0x7fa0f7bf0200] Arg0: void* buf = ptr:0x7f9eb6a00000 obj:[0x7f9eb6a00000-0x7f9ed3ec0000]
:3:rocvirtual.cpp           :762 : 4393667235406 us: [pid:4174004 tid: 0x7fa0f7bf0200] Arg1: uchar* pattern = ptr:0x7f9facc00000
:3:rocvirtual.cpp           :853 : 4393667235415 us: [pid:4174004 tid: 0x7fa0f7bf0200] Arg2: uint pattern_size = val:1
:3:rocvirtual.cpp           :853 : 4393667235420 us: [pid:4174004 tid: 0x7fa0f7bf0200] Arg3: uint alignment = val:16
:3:rocvirtual.cpp           :853 : 4393667235425 us: [pid:4174004 tid: 0x7fa0f7bf0200] Arg4: ulong end_ptr = val:140320137019392
:3:rocvirtual.cpp           :853 : 4393667235434 us: [pid:4174004 tid: 0x7fa0f7bf0200] Arg5: uint next_chunk = val:26624
:3:rocvirtual.cpp           :3236: 4393667235439 us: [pid:4174004 tid: 0x7fa0f7bf0200] ShaderName : __amd_rocclr_fillBufferAligned
:3:rocvirtual.cpp           :3449: 4393667235448 us: [pid:4174004 tid: 0x7fa0f7bf0200] KernargSegmentByteSize = 296 KernargSegmentAlignment = 128
:4:rocvirtual.cpp           :965 : 4393667235458 us: [pid:4174004 tid: 0x7fa0f7bf0200] SWq=0x7fa0ee95c000, HWq=0x7f9face00000, id=1, Dispatch Header = 0x1502 (type=2, barrier=1, acquire=2, release=2), setup=1, grid=[26624, 1, 1], workgroup=[256, 1, 1], private_seg_size=0, group_seg_size=0, kernel_obj=0x7fa0ee94dd40, kernarg_address=0x7f9facc00100, completion_signal=0x0, correlation_id=0, rptr=159, wptr=159
:3:hip_memory.cpp           :3477: 4393667235473 us: [pid:4174004 tid: 0x7fa0f7bf0200] hipMemset: Returned hipSuccess : 
:3:hip_device_runtime.cpp   :641 : 4393667235479 us: [pid:4174004 tid: 0x7fa0f7bf0200] [32m hipDeviceSynchronize (  ) [0m
:4:commandqueue.cpp         :161 : 4393667235486 us: [pid:4174004 tid: 0x7fa0f7bf0200] Marker queued to ensure finish
:4:command.cpp              :359 : 4393667235928 us: [pid:4174004 tid: 0x7fa0f7bf0200] Command (InternalMarker) enqueued: 0x3cd9b010
:4:command.cpp              :169 : 4393667235392 us: [pid:4174004 tid: 0x7f9fbf3ff6c0] Command 0x3cd9a9d0 complete
:3:rocvirtual.cpp           :533 : 4393667235939 us: [pid:4174004 tid: 0x7fa0f7bf0200] Set Handler: handle(0x7fa0ee7fc580), timestamp(0x3c86be10)
:4:command.cpp              :163 : 4393667235947 us: [pid:4174004 tid: 0x7f9fbf3ff6c0] Command 0x3cf38cb0 complete (Wall: 4393667235945, CPU: 0, GPU: 1060 us)
:3:rocvirtual.cpp           :226 : 4393667235972 us: [pid:4174004 tid: 0x7f9fbf3ff6c0] Handler: value(0), timestamp(0x3c825ed0), handle(0x7fa0ee7fc580)
:4:command.cpp              :169 : 4393667235981 us: [pid:4174004 tid: 0x7f9fbf3ff6c0] Command 0x3cd9ae10 complete
:4:command.cpp              :163 : 4393667235987 us: [pid:4174004 tid: 0x7f9fbf3ff6c0] Command 0x3cd9b010 complete (Wall: 4393667235986, CPU: 0, GPU: 49 us)
:4:rocvirtual.cpp           :1147: 4393667235960 us: [pid:4174004 tid: 0x7fa0f7bf0200] SWq=0x7fa0ee95c000, HWq=0x7f9face00000, id=1, BarrierAND Header = 0x1503 (type=3, barrier=1, acquire=2, release=2), dep_signal=[0x0, 0x0, 0x0, 0x0, 0x0], completion_signal=0x7fa0ee7fc580
:4:commandqueue.cpp         :184 : 4393667236021 us: [pid:4174004 tid: 0x7fa0f7bf0200] All commands finished
:3:hip_device_runtime.cpp   :645 : 4393667236027 us: [pid:4174004 tid: 0x7fa0f7bf0200] hipDeviceSynchronize: Returned hipSuccess : 
:3:hip_platform.cpp         :237 : 4393667236038 us: [pid:4174004 tid: 0x7fa0f7bf0200] [32m __hipPushCallConfiguration ( {8,1,1}, {256,1,1}, 0, stream:<null> ) [0m
:3:hip_platform.cpp         :241 : 4393667236046 us: [pid:4174004 tid: 0x7fa0f7bf0200] __hipPushCallConfiguration: Returned hipSuccess : 
:3:hip_platform.cpp         :246 : 4393667237164 us: [pid:4174004 tid: 0x7fa0f7bf0200] [32m __hipPopCallConfiguration ( {37054546,32673,256}, {2118224,0,2918783392}, 0x7fffadf916f0, 0x7fffadf916e8 ) [0m
:3:hip_platform.cpp         :255 : 4393667237173 us: [pid:4174004 tid: 0x7fa0f7bf0200] __hipPopCallConfiguration: Returned hipSuccess : 
:3:hip_module.cpp           :744 : 4393667237563 us: [pid:4174004 tid: 0x7fa0f7bf0200] [32m hipLaunchKernel ( 0x200fe8, {8,1,1}, {256,1,1}, 0x7fffadf916a0, 0, stream:<null> ) [0m
:4:command.cpp              :359 : 4393667237576 us: [pid:4174004 tid: 0x7fa0f7bf0200] Command (KernelExecution) enqueued: 0x3cd9ae10
:3:rocvirtual.cpp           :762 : 4393667237588 us: [pid:4174004 tid: 0x7fa0f7bf0200] Arg0:   = ptr:0x7f9ed4200000
:3:rocvirtual.cpp           :778 : 4393667237609 us: [pid:4174004 tid: 0x7fa0f7bf0200] Arg0:   = ptr:0x7f9ed4200000 obj:[0x7f9ed4200000-0x7f9ef16c0000]
:3:rocvirtual.cpp           :762 : 4393667237619 us: [pid:4174004 tid: 0x7fa0f7bf0200] Arg1:   = ptr:0x7f9fa0027000
:3:rocvirtual.cpp           :778 : 4393667237624 us: [pid:4174004 tid: 0x7fa0f7bf0200] Arg1:   = ptr:0x7f9fa0027000 obj:[0x7f9fa0027000-0x7f9fa0087000]
:3:rocvirtual.cpp           :762 : 4393667237632 us: [pid:4174004 tid: 0x7fa0f7bf0200] Arg2:   = ptr:0x7f9eb6a00000
:3:rocvirtual.cpp           :778 : 4393667237637 us: [pid:4174004 tid: 0x7fa0f7bf0200] Arg2:   = ptr:0x7f9eb6a00000 obj:[0x7f9eb6a00000-0x7f9ed3ec0000]
:3:rocvirtual.cpp           :853 : 4393667237644 us: [pid:4174004 tid: 0x7fa0f7bf0200] Arg3:   = val:12288
:3:rocvirtual.cpp           :762 : 4393667237649 us: [pid:4174004 tid: 0x7fa0f7bf0200] Arg4:   = ptr:0x7f9fa0000000
:3:rocvirtual.cpp           :778 : 4393667237654 us: [pid:4174004 tid: 0x7fa0f7bf0200] Arg4:   = ptr:0x7f9fa0000000 obj:[0x7f9fa0000000-0x7f9fa0000024]
:3:rocvirtual.cpp           :3236: 4393667237661 us: [pid:4174004 tid: 0x7fa0f7bf0200] ShaderName : void dense_esuhm3<float>(float const*, float const*, float*, int, int const*)
:3:rocvirtual.cpp           :3449: 4393667237670 us: [pid:4174004 tid: 0x7fa0f7bf0200] KernargSegmentByteSize = 296 KernargSegmentAlignment = 128
:4:rocvirtual.cpp           :965 : 4393667237679 us: [pid:4174004 tid: 0x7fa0f7bf0200] SWq=0x7fa0ee95c000, HWq=0x7f9face00000, id=1, Dispatch Header = 0xb02 (type=2, barrier=1, acquire=1, release=1), setup=3, grid=[2048, 1, 1], workgroup=[256, 1, 1], private_seg_size=140, group_seg_size=0, kernel_obj=0x7fa0ee921a00, kernarg_address=0x7f9facc00280, completion_signal=0x0, correlation_id=0, rptr=161, wptr=161
:3:hip_module.cpp           :745 : 4393667237693 us: [pid:4174004 tid: 0x7fa0f7bf0200] hipLaunchKernel: Returned hipSuccess : : duration: 130 us
:3:hip_device_runtime.cpp   :641 : 4393667237705 us: [pid:4174004 tid: 0x7fa0f7bf0200] [32m hipDeviceSynchronize (  ) [0m
:4:commandqueue.cpp         :161 : 4393667237710 us: [pid:4174004 tid: 0x7fa0f7bf0200] Marker queued to ensure finish
:4:command.cpp              :359 : 4393667237715 us: [pid:4174004 tid: 0x7fa0f7bf0200] Command (InternalMarker) enqueued: 0x3cd9b010
:3:rocvirtual.cpp           :533 : 4393667237726 us: [pid:4174004 tid: 0x7fa0f7bf0200] Set Handler: handle(0x7fa0ee7fc680), timestamp(0x3cf391d0)
:4:rocvirtual.cpp           :1147: 4393667237734 us: [pid:4174004 tid: 0x7fa0f7bf0200] SWq=0x7fa0ee95c000, HWq=0x7f9face00000, id=1, BarrierAND Header = 0x1503 (type=3, barrier=1, acquire=2, release=2), dep_signal=[0x0, 0x0, 0x0, 0x0, 0x0], completion_signal=0x7fa0ee7fc680
:3:rocvirtual.hpp           :56  : 4393667237744 us: [pid:4174004 tid: 0x7fa0f7bf0200] Host active wait for Signal = (0x7fa0ee7fc680) for -1 ns
:4:commandqueue.cpp         :184 : 4393667239316 us: [pid:4174004 tid: 0x7fa0f7bf0200] All commands finished
:3:hip_device_runtime.cpp   :645 : 4393667239325 us: [pid:4174004 tid: 0x7fa0f7bf0200] hipDeviceSynchronize: Returned hipSuccess : 
:3:rocvirtual.cpp           :226 : 4393667239319 us: [pid:4174004 tid: 0x7f9fbf3ff6c0] Handler: value(0), timestamp(0x3ce981f0), handle(0x7fa0ee7fc680)
:4:command.cpp              :169 : 4393667239347 us: [pid:4174004 tid: 0x7f9fbf3ff6c0] Command 0x3cd9ae10 complete
:3:hip_memory.cpp           :795 : 4393667239338 us: [pid:4174004 tid: 0x7fa0f7bf0200] [32m hipMemcpy ( 0x7f9f0ecfc010, 0x7f9eb6a00000, 491520000, hipMemcpyDeviceToHost ) [0m
:4:command.cpp              :163 : 4393667239354 us: [pid:4174004 tid: 0x7f9fbf3ff6c0] Command 0x3cd9b010 complete (Wall: 4393667239352, CPU: 0, GPU: 1631 us)
:4:command.cpp              :359 : 4393667239366 us: [pid:4174004 tid: 0x7fa0f7bf0200] Command (CopyDeviceToHost) enqueued: 0x3cd9ae10
:4:rocblit.cpp              :1673: 4393667239383 us: [pid:4174004 tid: 0x7fa0f7bf0200] Unpinned read path, Async = 0
:4:rocmemory.cpp            :1018: 4393667239395 us: [pid:4174004 tid: 0x7fa0f7bf0200] Locking to pool 0x3c6dded0, size 0x2001000, HostPtr = 0x7f9f0ecfc000, DevPtr = 0x7f9f0ecfc000
:4:rocblit.cpp              :623 : 4393667239403 us: [pid:4174004 tid: 0x7fa0f7bf0200] HSA Copy Using Pinned resource size 33554432
:4:rocblit.cpp              :687 : 4393667239410 us: [pid:4174004 tid: 0x7fa0f7bf0200] HSA Async Copy staged D2H
:4:rocblit.cpp              :503 : 4393667239415 us: [pid:4174004 tid: 0x7fa0f7bf0200] Last copy mask 0x0
:4:rocblit.cpp              :509 : 4393667239421 us: [pid:4174004 tid: 0x7fa0f7bf0200] Query copy engine status 0, free_engine mask 0x1e
:4:rocblit.cpp              :520 : 4393667239429 us: [pid:4174004 tid: 0x7fa0f7bf0200] HSA Async Copy on copy_engine=0x2, dst=0x7f9f0ecfc010, src=0x7f9eb6a00000, size=33554432, forceSDMA=0, wait_event=0x0, completion_signal=0x7fa0ee7fec80
:4:rocvirtual.cpp           :622 : 4393667239437 us: [pid:4174004 tid: 0x7fa0f7bf0200] Host wait on completion_signal=0x7fa0ee7fec80
:3:rocvirtual.hpp           :56  : 4393667239445 us: [pid:4174004 tid: 0x7fa0f7bf0200] Host active wait for Signal = (0x7fa0ee7fec80) for -1 ns
:4:rocmemory.cpp            :1018: 4393667240641 us: [pid:4174004 tid: 0x7fa0f7bf0200] Locking to pool 0x3c6dded0, size 0x2001000, HostPtr = 0x7f9f10cfc000, DevPtr = 0x7f9f10cfc000
:4:rocblit.cpp              :623 : 4393667240651 us: [pid:4174004 tid: 0x7fa0f7bf0200] HSA Copy Using Pinned resource size 33554432
:4:rocblit.cpp              :687 : 4393667240658 us: [pid:4174004 tid: 0x7fa0f7bf0200] HSA Async Copy staged D2H
:4:rocblit.cpp              :503 : 4393667240663 us: [pid:4174004 tid: 0x7fa0f7bf0200] Last copy mask 0x2
:4:rocblit.cpp              :520 : 4393667240668 us: [pid:4174004 tid: 0x7fa0f7bf0200] HSA Async Copy on copy_engine=0x2, dst=0x7f9f10cfc010, src=0x7f9eb8a00000, size=33554432, forceSDMA=0, wait_event=0x0, completion_signal=0x7fa0ee7fdd80
:4:rocvirtual.cpp           :622 : 4393667240676 us: [pid:4174004 tid: 0x7fa0f7bf0200] Host wait on completion_signal=0x7fa0ee7fdd80
:3:rocvirtual.hpp           :56  : 4393667240687 us: [pid:4174004 tid: 0x7fa0f7bf0200] Host active wait for Signal = (0x7fa0ee7fdd80) for -1 ns
:4:rocmemory.cpp            :1018: 4393667241878 us: [pid:4174004 tid: 0x7fa0f7bf0200] Locking to pool 0x3c6dded0, size 0x2001000, HostPtr = 0x7f9f12cfc000, DevPtr = 0x7f9f12cfc000
:4:rocblit.cpp              :623 : 4393667241889 us: [pid:4174004 tid: 0x7fa0f7bf0200] HSA Copy Using Pinned resource size 33554432
:4:rocblit.cpp              :687 : 4393667241896 us: [pid:4174004 tid: 0x7fa0f7bf0200] HSA Async Copy staged D2H
:4:rocblit.cpp              :503 : 4393667241900 us: [pid:4174004 tid: 0x7fa0f7bf0200] Last copy mask 0x2
:4:rocblit.cpp              :520 : 4393667241905 us: [pid:4174004 tid: 0x7fa0f7bf0200] HSA Async Copy on copy_engine=0x2, dst=0x7f9f12cfc010, src=0x7f9ebaa00000, size=33554432, forceSDMA=0, wait_event=0x0, completion_signal=0x7fa0ee7fdc80
:4:rocvirtual.cpp           :622 : 4393667241913 us: [pid:4174004 tid: 0x7fa0f7bf0200] Host wait on completion_signal=0x7fa0ee7fdc80
:3:rocvirtual.hpp           :56  : 4393667241920 us: [pid:4174004 tid: 0x7fa0f7bf0200] Host active wait for Signal = (0x7fa0ee7fdc80) for -1 ns
:4:rocmemory.cpp            :1018: 4393667243115 us: [pid:4174004 tid: 0x7fa0f7bf0200] Locking to pool 0x3c6dded0, size 0x2001000, HostPtr = 0x7f9f14cfc000, DevPtr = 0x7f9f14cfc000
:4:rocblit.cpp              :623 : 4393667243126 us: [pid:4174004 tid: 0x7fa0f7bf0200] HSA Copy Using Pinned resource size 33554432
:4:rocblit.cpp              :687 : 4393667243134 us: [pid:4174004 tid: 0x7fa0f7bf0200] HSA Async Copy staged D2H
:4:rocblit.cpp              :503 : 4393667243139 us: [pid:4174004 tid: 0x7fa0f7bf0200] Last copy mask 0x2
:4:rocblit.cpp              :520 : 4393667243143 us: [pid:4174004 tid: 0x7fa0f7bf0200] HSA Async Copy on copy_engine=0x2, dst=0x7f9f14cfc010, src=0x7f9ebca00000, size=33554432, forceSDMA=0, wait_event=0x0, completion_signal=0x7fa0ee7fdc00
:4:rocvirtual.cpp           :622 : 4393667243151 us: [pid:4174004 tid: 0x7fa0f7bf0200] Host wait on completion_signal=0x7fa0ee7fdc00
:3:rocvirtual.hpp           :56  : 4393667243159 us: [pid:4174004 tid: 0x7fa0f7bf0200] Host active wait for Signal = (0x7fa0ee7fdc00) for -1 ns
:4:rocmemory.cpp            :1018: 4393667244353 us: [pid:4174004 tid: 0x7fa0f7bf0200] Locking to pool 0x3c6dded0, size 0x2001000, HostPtr = 0x7f9f16cfc000, DevPtr = 0x7f9f16cfc000
:4:rocblit.cpp              :623 : 4393667244364 us: [pid:4174004 tid: 0x7fa0f7bf0200] HSA Copy Using Pinned resource size 33554432
:4:rocblit.cpp              :687 : 4393667244371 us: [pid:4174004 tid: 0x7fa0f7bf0200] HSA Async Copy staged D2H
:4:rocblit.cpp              :503 : 4393667244376 us: [pid:4174004 tid: 0x7fa0f7bf0200] Last copy mask 0x2
:4:rocblit.cpp              :520 : 4393667244381 us: [pid:4174004 tid: 0x7fa0f7bf0200] HSA Async Copy on copy_engine=0x2, dst=0x7f9f16cfc010, src=0x7f9ebea00000, size=33554432, forceSDMA=0, wait_event=0x0, completion_signal=0x7fa0ee7fed00
:4:rocvirtual.cpp           :622 : 4393667244389 us: [pid:4174004 tid: 0x7fa0f7bf0200] Host wait on completion_signal=0x7fa0ee7fed00
:3:rocvirtual.hpp           :56  : 4393667244396 us: [pid:4174004 tid: 0x7fa0f7bf0200] Host active wait for Signal = (0x7fa0ee7fed00) for -1 ns
:4:rocmemory.cpp            :1018: 4393667245591 us: [pid:4174004 tid: 0x7fa0f7bf0200] Locking to pool 0x3c6dded0, size 0x2001000, HostPtr = 0x7f9f18cfc000, DevPtr = 0x7f9f18cfc000
:4:rocblit.cpp              :623 : 4393667245601 us: [pid:4174004 tid: 0x7fa0f7bf0200] HSA Copy Using Pinned resource size 33554432
:4:rocblit.cpp              :687 : 4393667245609 us: [pid:4174004 tid: 0x7fa0f7bf0200] HSA Async Copy staged D2H
:4:rocblit.cpp              :503 : 4393667245614 us: [pid:4174004 tid: 0x7fa0f7bf0200] Last copy mask 0x2
:4:rocblit.cpp              :520 : 4393667245619 us: [pid:4174004 tid: 0x7fa0f7bf0200] HSA Async Copy on copy_engine=0x2, dst=0x7f9f18cfc010, src=0x7f9ec0a00000, size=33554432, forceSDMA=0, wait_event=0x0, completion_signal=0x7fa0ee7fee00
:4:rocvirtual.cpp           :622 : 4393667245630 us: [pid:4174004 tid: 0x7fa0f7bf0200] Host wait on completion_signal=0x7fa0ee7fee00
:3:rocvirtual.hpp           :56  : 4393667245638 us: [pid:4174004 tid: 0x7fa0f7bf0200] Host active wait for Signal = (0x7fa0ee7fee00) for -1 ns
:4:rocmemory.cpp            :1018: 4393667246832 us: [pid:4174004 tid: 0x7fa0f7bf0200] Locking to pool 0x3c6dded0, size 0x2001000, HostPtr = 0x7f9f1acfc000, DevPtr = 0x7f9f1acfc000
:4:rocblit.cpp              :623 : 4393667246843 us: [pid:4174004 tid: 0x7fa0f7bf0200] HSA Copy Using Pinned resource size 33554432
:4:rocblit.cpp              :687 : 4393667246850 us: [pid:4174004 tid: 0x7fa0f7bf0200] HSA Async Copy staged D2H
:4:rocblit.cpp              :503 : 4393667246855 us: [pid:4174004 tid: 0x7fa0f7bf0200] Last copy mask 0x2
:4:rocblit.cpp              :520 : 4393667246860 us: [pid:4174004 tid: 0x7fa0f7bf0200] HSA Async Copy on copy_engine=0x2, dst=0x7f9f1acfc010, src=0x7f9ec2a00000, size=33554432, forceSDMA=0, wait_event=0x0, completion_signal=0x7fa0ee7fee80
:4:rocvirtual.cpp           :622 : 4393667246867 us: [pid:4174004 tid: 0x7fa0f7bf0200] Host wait on completion_signal=0x7fa0ee7fee80
:3:rocvirtual.hpp           :56  : 4393667246875 us: [pid:4174004 tid: 0x7fa0f7bf0200] Host active wait for Signal = (0x7fa0ee7fee80) for -1 ns
:4:rocmemory.cpp            :1018: 4393667248070 us: [pid:4174004 tid: 0x7fa0f7bf0200] Locking to pool 0x3c6dded0, size 0x2001000, HostPtr = 0x7f9f1ccfc000, DevPtr = 0x7f9f1ccfc000
:4:rocblit.cpp              :623 : 4393667248081 us: [pid:4174004 tid: 0x7fa0f7bf0200] HSA Copy Using Pinned resource size 33554432
:4:rocblit.cpp              :687 : 4393667248089 us: [pid:4174004 tid: 0x7fa0f7bf0200] HSA Async Copy staged D2H
:4:rocblit.cpp              :503 : 4393667248094 us: [pid:4174004 tid: 0x7fa0f7bf0200] Last copy mask 0x2
:4:rocblit.cpp              :520 : 4393667248098 us: [pid:4174004 tid: 0x7fa0f7bf0200] HSA Async Copy on copy_engine=0x2, dst=0x7f9f1ccfc010, src=0x7f9ec4a00000, size=33554432, forceSDMA=0, wait_event=0x0, completion_signal=0x7fa0ee7fec00
:4:rocvirtual.cpp           :622 : 4393667248107 us: [pid:4174004 tid: 0x7fa0f7bf0200] Host wait on completion_signal=0x7fa0ee7fec00
:3:rocvirtual.hpp           :56  : 4393667248114 us: [pid:4174004 tid: 0x7fa0f7bf0200] Host active wait for Signal = (0x7fa0ee7fec00) for -1 ns
:4:rocmemory.cpp            :1018: 4393667249308 us: [pid:4174004 tid: 0x7fa0f7bf0200] Locking to pool 0x3c6dded0, size 0x2001000, HostPtr = 0x7f9f1ecfc000, DevPtr = 0x7f9f1ecfc000
:4:rocblit.cpp              :623 : 4393667249318 us: [pid:4174004 tid: 0x7fa0f7bf0200] HSA Copy Using Pinned resource size 33554432
:4:rocblit.cpp              :687 : 4393667249325 us: [pid:4174004 tid: 0x7fa0f7bf0200] HSA Async Copy staged D2H
:4:rocblit.cpp              :503 : 4393667249330 us: [pid:4174004 tid: 0x7fa0f7bf0200] Last copy mask 0x2
:4:rocblit.cpp              :520 : 4393667249335 us: [pid:4174004 tid: 0x7fa0f7bf0200] HSA Async Copy on copy_engine=0x2, dst=0x7f9f1ecfc010, src=0x7f9ec6a00000, size=33554432, forceSDMA=0, wait_event=0x0, completion_signal=0x7fa0ee7feb00
:4:rocvirtual.cpp           :622 : 4393667249899 us: [pid:4174004 tid: 0x7fa0f7bf0200] Host wait on completion_signal=0x7fa0ee7feb00
:3:rocvirtual.hpp           :56  : 4393667249907 us: [pid:4174004 tid: 0x7fa0f7bf0200] Host active wait for Signal = (0x7fa0ee7feb00) for -1 ns
:4:rocmemory.cpp            :1018: 4393667251102 us: [pid:4174004 tid: 0x7fa0f7bf0200] Locking to pool 0x3c6dded0, size 0x2001000, HostPtr = 0x7f9f20cfc000, DevPtr = 0x7f9f20cfc000
:4:rocblit.cpp              :623 : 4393667251125 us: [pid:4174004 tid: 0x7fa0f7bf0200] HSA Copy Using Pinned resource size 33554432
:4:rocblit.cpp              :687 : 4393667251137 us: [pid:4174004 tid: 0x7fa0f7bf0200] HSA Async Copy staged D2H
:4:rocblit.cpp              :503 : 4393667251144 us: [pid:4174004 tid: 0x7fa0f7bf0200] Last copy mask 0x2
:4:rocblit.cpp              :520 : 4393667251150 us: [pid:4174004 tid: 0x7fa0f7bf0200] HSA Async Copy on copy_engine=0x2, dst=0x7f9f20cfc010, src=0x7f9ec8a00000, size=33554432, forceSDMA=0, wait_event=0x0, completion_signal=0x7fa0ee7fe100
:4:rocvirtual.cpp           :622 : 4393667251161 us: [pid:4174004 tid: 0x7fa0f7bf0200] Host wait on completion_signal=0x7fa0ee7fe100
:3:rocvirtual.hpp           :56  : 4393667251169 us: [pid:4174004 tid: 0x7fa0f7bf0200] Host active wait for Signal = (0x7fa0ee7fe100) for -1 ns
:4:rocmemory.cpp            :1018: 4393667252364 us: [pid:4174004 tid: 0x7fa0f7bf0200] Locking to pool 0x3c6dded0, size 0x2001000, HostPtr = 0x7f9f22cfc000, DevPtr = 0x7f9f22cfc000
:4:rocblit.cpp              :623 : 4393667252375 us: [pid:4174004 tid: 0x7fa0f7bf0200] HSA Copy Using Pinned resource size 33554432
:4:rocblit.cpp              :687 : 4393667252382 us: [pid:4174004 tid: 0x7fa0f7bf0200] HSA Async Copy staged D2H
:4:rocblit.cpp              :503 : 4393667252387 us: [pid:4174004 tid: 0x7fa0f7bf0200] Last copy mask 0x2
:4:rocblit.cpp              :520 : 4393667252391 us: [pid:4174004 tid: 0x7fa0f7bf0200] HSA Async Copy on copy_engine=0x2, dst=0x7f9f22cfc010, src=0x7f9ecaa00000, size=33554432, forceSDMA=0, wait_event=0x0, completion_signal=0x7fa0ee7fe200
:4:rocvirtual.cpp           :622 : 4393667252399 us: [pid:4174004 tid: 0x7fa0f7bf0200] Host wait on completion_signal=0x7fa0ee7fe200
:3:rocvirtual.hpp           :56  : 4393667252407 us: [pid:4174004 tid: 0x7fa0f7bf0200] Host active wait for Signal = (0x7fa0ee7fe200) for -1 ns
:4:rocmemory.cpp            :1018: 4393667253601 us: [pid:4174004 tid: 0x7fa0f7bf0200] Locking to pool 0x3c6dded0, size 0x2001000, HostPtr = 0x7f9f24cfc000, DevPtr = 0x7f9f24cfc000
:4:rocblit.cpp              :623 : 4393667253611 us: [pid:4174004 tid: 0x7fa0f7bf0200] HSA Copy Using Pinned resource size 33554432
:4:rocblit.cpp              :687 : 4393667253619 us: [pid:4174004 tid: 0x7fa0f7bf0200] HSA Async Copy staged D2H
:4:rocblit.cpp              :503 : 4393667253624 us: [pid:4174004 tid: 0x7fa0f7bf0200] Last copy mask 0x2
:4:rocblit.cpp              :520 : 4393667253629 us: [pid:4174004 tid: 0x7fa0f7bf0200] HSA Async Copy on copy_engine=0x2, dst=0x7f9f24cfc010, src=0x7f9ecca00000, size=33554432, forceSDMA=0, wait_event=0x0, completion_signal=0x7fa0ee7fdb80
:4:rocvirtual.cpp           :622 : 4393667253636 us: [pid:4174004 tid: 0x7fa0f7bf0200] Host wait on completion_signal=0x7fa0ee7fdb80
:3:rocvirtual.hpp           :56  : 4393667253644 us: [pid:4174004 tid: 0x7fa0f7bf0200] Host active wait for Signal = (0x7fa0ee7fdb80) for -1 ns
:4:rocmemory.cpp            :1018: 4393667254838 us: [pid:4174004 tid: 0x7fa0f7bf0200] Locking to pool 0x3c6dded0, size 0x2001000, HostPtr = 0x7f9f26cfc000, DevPtr = 0x7f9f26cfc000
:4:rocblit.cpp              :623 : 4393667254848 us: [pid:4174004 tid: 0x7fa0f7bf0200] HSA Copy Using Pinned resource size 33554432
:4:rocblit.cpp              :687 : 4393667254855 us: [pid:4174004 tid: 0x7fa0f7bf0200] HSA Async Copy staged D2H
:4:rocblit.cpp              :503 : 4393667254860 us: [pid:4174004 tid: 0x7fa0f7bf0200] Last copy mask 0x2
:4:rocblit.cpp              :520 : 4393667254865 us: [pid:4174004 tid: 0x7fa0f7bf0200] HSA Async Copy on copy_engine=0x2, dst=0x7f9f26cfc010, src=0x7f9ecea00000, size=33554432, forceSDMA=0, wait_event=0x0, completion_signal=0x7fa0ee7fda80
:4:rocvirtual.cpp           :622 : 4393667254875 us: [pid:4174004 tid: 0x7fa0f7bf0200] Host wait on completion_signal=0x7fa0ee7fda80
:3:rocvirtual.hpp           :56  : 4393667255343 us: [pid:4174004 tid: 0x7fa0f7bf0200] Host active wait for Signal = (0x7fa0ee7fda80) for -1 ns
:4:rocmemory.cpp            :1018: 4393667256078 us: [pid:4174004 tid: 0x7fa0f7bf0200] Locking to pool 0x3c6dded0, size 0x2001000, HostPtr = 0x7f9f28cfc000, DevPtr = 0x7f9f28cfc000
:4:rocblit.cpp              :623 : 4393667256088 us: [pid:4174004 tid: 0x7fa0f7bf0200] HSA Copy Using Pinned resource size 33554432
:4:rocblit.cpp              :687 : 4393667256096 us: [pid:4174004 tid: 0x7fa0f7bf0200] HSA Async Copy staged D2H
:4:rocblit.cpp              :503 : 4393667256100 us: [pid:4174004 tid: 0x7fa0f7bf0200] Last copy mask 0x2
:4:rocblit.cpp              :520 : 4393667256108 us: [pid:4174004 tid: 0x7fa0f7bf0200] HSA Async Copy on copy_engine=0x2, dst=0x7f9f28cfc010, src=0x7f9ed0a00000, size=33554432, forceSDMA=0, wait_event=0x0, completion_signal=0x7fa0ee7fd880
:4:rocvirtual.cpp           :622 : 4393667256116 us: [pid:4174004 tid: 0x7fa0f7bf0200] Host wait on completion_signal=0x7fa0ee7fd880
:3:rocvirtual.hpp           :56  : 4393667256124 us: [pid:4174004 tid: 0x7fa0f7bf0200] Host active wait for Signal = (0x7fa0ee7fd880) for -1 ns
:4:rocmemory.cpp            :1018: 4393667257320 us: [pid:4174004 tid: 0x7fa0f7bf0200] Locking to pool 0x3c6dded0, size 0x14c1000, HostPtr = 0x7f9f2acfc000, DevPtr = 0x7f9f2acfc000
:4:rocblit.cpp              :623 : 4393667257331 us: [pid:4174004 tid: 0x7fa0f7bf0200] HSA Copy Using Pinned resource size 21757952
:4:rocblit.cpp              :687 : 4393667257338 us: [pid:4174004 tid: 0x7fa0f7bf0200] HSA Async Copy staged D2H
:4:rocblit.cpp              :503 : 4393667257343 us: [pid:4174004 tid: 0x7fa0f7bf0200] Last copy mask 0x2
:4:rocblit.cpp              :520 : 4393667257347 us: [pid:4174004 tid: 0x7fa0f7bf0200] HSA Async Copy on copy_engine=0x2, dst=0x7f9f2acfc010, src=0x7f9ed2a00000, size=21757952, forceSDMA=0, wait_event=0x0, completion_signal=0x7fa0ee7ff780
:4:rocvirtual.cpp           :622 : 4393667257355 us: [pid:4174004 tid: 0x7fa0f7bf0200] Host wait on completion_signal=0x7fa0ee7ff780
:3:rocvirtual.hpp           :56  : 4393667257363 us: [pid:4174004 tid: 0x7fa0f7bf0200] Host active wait for Signal = (0x7fa0ee7ff780) for -1 ns
:4:commandqueue.cpp         :161 : 4393667258137 us: [pid:4174004 tid: 0x7fa0f7bf0200] Marker queued to ensure finish
:4:command.cpp              :359 : 4393667258144 us: [pid:4174004 tid: 0x7fa0f7bf0200] Command (InternalMarker) enqueued: 0x3cd9b010
:3:rocvirtual.cpp           :533 : 4393667258155 us: [pid:4174004 tid: 0x7fa0f7bf0200] Set Handler: handle(0x7fa0ee7fc080), timestamp(0x3d02f110)
:4:rocvirtual.cpp           :1147: 4393667258163 us: [pid:4174004 tid: 0x7fa0f7bf0200] SWq=0x7fa0ee95c000, HWq=0x7f9face00000, id=1, BarrierAND Header = 0x1503 (type=3, barrier=1, acquire=2, release=2), dep_signal=[0x0, 0x0, 0x0, 0x0, 0x0], completion_signal=0x7fa0ee7fc080
:3:rocvirtual.hpp           :56  : 4393667258174 us: [pid:4174004 tid: 0x7fa0f7bf0200] Host active wait for Signal = (0x7fa0ee7fc080) for -1 ns
:4:commandqueue.cpp         :184 : 4393667258182 us: [pid:4174004 tid: 0x7fa0f7bf0200] All commands finished
:3:hip_memory.cpp           :796 : 4393667258188 us: [pid:4174004 tid: 0x7fa0f7bf0200] hipMemcpy: Returned hipSuccess : : duration: 18850 us
:3:rocvirtual.cpp           :226 : 4393667258178 us: [pid:4174004 tid: 0x7f9fbf3ff6c0] Handler: value(0), timestamp(0x3ce981f0), handle(0x7fa0ee7fc080)
:4:command.cpp              :169 : 4393667258209 us: [pid:4174004 tid: 0x7f9fbf3ff6c0] Command 0x3cd9ae10 complete
:4:command.cpp              :163 : 4393667258214 us: [pid:4174004 tid: 0x7f9fbf3ff6c0] Command 0x3cd9b010 complete (Wall: 4393667258213, CPU: 0, GPU: 62 us)
:3:hip_memory.cpp           :3476: 4393668484987 us: [pid:4174004 tid: 0x7fa0f7bf0200] [32m hipMemset ( 0x7f9eb6a00000, 0, 491520000 ) [0m
:4:command.cpp              :359 : 4393668485023 us: [pid:4174004 tid: 0x7fa0f7bf0200] Command (FillBuffer) enqueued: 0x3cd9ae10
:3:rocvirtual.cpp           :762 : 4393668485041 us: [pid:4174004 tid: 0x7fa0f7bf0200] Arg0: void* buf = ptr:0x7f9eb6a00000
:3:rocvirtual.cpp           :778 : 4393668485046 us: [pid:4174004 tid: 0x7fa0f7bf0200] Arg0: void* buf = ptr:0x7f9eb6a00000 obj:[0x7f9eb6a00000-0x7f9ed3ec0000]
:3:rocvirtual.cpp           :762 : 4393668485054 us: [pid:4174004 tid: 0x7fa0f7bf0200] Arg1: uchar* pattern = ptr:0x7f9facc00000
:3:rocvirtual.cpp           :853 : 4393668485062 us: [pid:4174004 tid: 0x7fa0f7bf0200] Arg2: uint pattern_size = val:1
:3:rocvirtual.cpp           :853 : 4393668485074 us: [pid:4174004 tid: 0x7fa0f7bf0200] Arg3: uint alignment = val:16
:3:rocvirtual.cpp           :853 : 4393668485080 us: [pid:4174004 tid: 0x7fa0f7bf0200] Arg4: ulong end_ptr = val:140320137019392
:3:rocvirtual.cpp           :853 : 4393668485102 us: [pid:4174004 tid: 0x7fa0f7bf0200] Arg5: uint next_chunk = val:26624
:3:rocvirtual.cpp           :3236: 4393668485107 us: [pid:4174004 tid: 0x7fa0f7bf0200] ShaderName : __amd_rocclr_fillBufferAligned
:3:rocvirtual.cpp           :3449: 4393668485118 us: [pid:4174004 tid: 0x7fa0f7bf0200] KernargSegmentByteSize = 296 KernargSegmentAlignment = 128
:4:rocvirtual.cpp           :965 : 4393668485142 us: [pid:4174004 tid: 0x7fa0f7bf0200] SWq=0x7fa0ee95c000, HWq=0x7f9face00000, id=1, Dispatch Header = 0x1502 (type=2, barrier=1, acquire=2, release=2), setup=1, grid=[26624, 1, 1], workgroup=[256, 1, 1], private_seg_size=0, group_seg_size=0, kernel_obj=0x7fa0ee94dd40, kernarg_address=0x7f9facc00100, completion_signal=0x0, correlation_id=0, rptr=164, wptr=164
:3:hip_memory.cpp           :3477: 4393668485163 us: [pid:4174004 tid: 0x7fa0f7bf0200] hipMemset: Returned hipSuccess : 
:3:hip_device_runtime.cpp   :641 : 4393668485169 us: [pid:4174004 tid: 0x7fa0f7bf0200] [32m hipDeviceSynchronize (  ) [0m
:4:commandqueue.cpp         :161 : 4393668485175 us: [pid:4174004 tid: 0x7fa0f7bf0200] Marker queued to ensure finish
:4:command.cpp              :359 : 4393668485180 us: [pid:4174004 tid: 0x7fa0f7bf0200] Command (InternalMarker) enqueued: 0x3cd9b010
:3:rocvirtual.cpp           :533 : 4393668485202 us: [pid:4174004 tid: 0x7fa0f7bf0200] Set Handler: handle(0x7fa0ee7fc000), timestamp(0x3cf6e890)
:4:rocvirtual.cpp           :1147: 4393668485857 us: [pid:4174004 tid: 0x7fa0f7bf0200] SWq=0x7fa0ee95c000, HWq=0x7f9face00000, id=1, BarrierAND Header = 0x1503 (type=3, barrier=1, acquire=2, release=2), dep_signal=[0x0, 0x0, 0x0, 0x0, 0x0], completion_signal=0x7fa0ee7fc000
:4:commandqueue.cpp         :184 : 4393668486241 us: [pid:4174004 tid: 0x7fa0f7bf0200] All commands finished
:3:rocvirtual.cpp           :226 : 4393668485870 us: [pid:4174004 tid: 0x7f9fbf3ff6c0] Handler: value(0), timestamp(0x3ce0b290), handle(0x7fa0ee7fc000)
:4:command.cpp              :169 : 4393668486264 us: [pid:4174004 tid: 0x7f9fbf3ff6c0] Command 0x3cd9ae10 complete
:3:hip_device_runtime.cpp   :645 : 4393668486251 us: [pid:4174004 tid: 0x7fa0f7bf0200] hipDeviceSynchronize: Returned hipSuccess : 
:4:command.cpp              :163 : 4393668486275 us: [pid:4174004 tid: 0x7f9fbf3ff6c0] Command 0x3cd9b010 complete (Wall: 4393668486272, CPU: 0, GPU: 1085 us)
:3:hip_platform.cpp         :237 : 4393668486291 us: [pid:4174004 tid: 0x7fa0f7bf0200] [32m __hipPushCallConfiguration ( {8,1,1}, {512,1,1}, 0, stream:<null> ) [0m
:3:hip_platform.cpp         :241 : 4393668486313 us: [pid:4174004 tid: 0x7fa0f7bf0200] __hipPushCallConfiguration: Returned hipSuccess : 
:3:hip_platform.cpp         :246 : 4393668486325 us: [pid:4174004 tid: 0x7fa0f7bf0200] [32m __hipPopCallConfiguration ( {37054546,32673,512}, {2118224,0,2918783392}, 0x7fffadf916f0, 0x7fffadf916e8 ) [0m
:3:hip_platform.cpp         :255 : 4393668486333 us: [pid:4174004 tid: 0x7fa0f7bf0200] __hipPopCallConfiguration: Returned hipSuccess : 
:3:hip_module.cpp           :744 : 4393668486845 us: [pid:4174004 tid: 0x7fa0f7bf0200] [32m hipLaunchKernel ( 0x200fd8, {8,1,1}, {512,1,1}, 0x7fffadf916a0, 0, stream:<null> ) [0m
:4:command.cpp              :359 : 4393668486862 us: [pid:4174004 tid: 0x7fa0f7bf0200] Command (KernelExecution) enqueued: 0x3cd9ae10
:3:rocvirtual.cpp           :762 : 4393668486873 us: [pid:4174004 tid: 0x7fa0f7bf0200] Arg0:   = ptr:0x7f9ed4200000
:3:rocvirtual.cpp           :778 : 4393668486879 us: [pid:4174004 tid: 0x7fa0f7bf0200] Arg0:   = ptr:0x7f9ed4200000 obj:[0x7f9ed4200000-0x7f9ef16c0000]
:3:rocvirtual.cpp           :762 : 4393668486888 us: [pid:4174004 tid: 0x7fa0f7bf0200] Arg1:   = ptr:0x7f9fa0027000
:3:rocvirtual.cpp           :778 : 4393668486894 us: [pid:4174004 tid: 0x7fa0f7bf0200] Arg1:   = ptr:0x7f9fa0027000 obj:[0x7f9fa0027000-0x7f9fa0087000]
:3:rocvirtual.cpp           :762 : 4393668486902 us: [pid:4174004 tid: 0x7fa0f7bf0200] Arg2:   = ptr:0x7f9eb6a00000
:3:rocvirtual.cpp           :778 : 4393668486906 us: [pid:4174004 tid: 0x7fa0f7bf0200] Arg2:   = ptr:0x7f9eb6a00000 obj:[0x7f9eb6a00000-0x7f9ed3ec0000]
:3:rocvirtual.cpp           :853 : 4393668486917 us: [pid:4174004 tid: 0x7fa0f7bf0200] Arg3:   = val:12288
:3:rocvirtual.cpp           :762 : 4393668486922 us: [pid:4174004 tid: 0x7fa0f7bf0200] Arg4:   = ptr:0x7f9fa0000000
:3:rocvirtual.cpp           :778 : 4393668486927 us: [pid:4174004 tid: 0x7fa0f7bf0200] Arg4:   = ptr:0x7f9fa0000000 obj:[0x7f9fa0000000-0x7f9fa0000024]
:3:rocvirtual.cpp           :3236: 4393668486934 us: [pid:4174004 tid: 0x7fa0f7bf0200] ShaderName : void dense_esuhm<float>(float const*, float const*, float*, int, int const*)
:3:rocvirtual.cpp           :3449: 4393668486944 us: [pid:4174004 tid: 0x7fa0f7bf0200] KernargSegmentByteSize = 296 KernargSegmentAlignment = 128
:4:rocvirtual.cpp           :965 : 4393668487720 us: [pid:4174004 tid: 0x7fa0f7bf0200] SWq=0x7fa0ee95c000, HWq=0x7f9face00000, id=1, Dispatch Header = 0xb02 (type=2, barrier=1, acquire=1, release=1), setup=3, grid=[4096, 1, 1], workgroup=[512, 1, 1], private_seg_size=140, group_seg_size=0, kernel_obj=0x7fa0ee921980, kernarg_address=0x7f9facc00280, completion_signal=0x0, correlation_id=0, rptr=166, wptr=166
:3:hip_module.cpp           :745 : 4393668487734 us: [pid:4174004 tid: 0x7fa0f7bf0200] hipLaunchKernel: Returned hipSuccess : : duration: 889 us
:3:hip_device_runtime.cpp   :641 : 4393668487742 us: [pid:4174004 tid: 0x7fa0f7bf0200] [32m hipDeviceSynchronize (  ) [0m
:4:commandqueue.cpp         :161 : 4393668487747 us: [pid:4174004 tid: 0x7fa0f7bf0200] Marker queued to ensure finish
:4:command.cpp              :359 : 4393668487752 us: [pid:4174004 tid: 0x7fa0f7bf0200] Command (InternalMarker) enqueued: 0x3cd9b010
:3:rocvirtual.cpp           :533 : 4393668487764 us: [pid:4174004 tid: 0x7fa0f7bf0200] Set Handler: handle(0x7fa0ee7fc280), timestamp(0x3d02ebf0)
:4:rocvirtual.cpp           :1147: 4393668487776 us: [pid:4174004 tid: 0x7fa0f7bf0200] SWq=0x7fa0ee95c000, HWq=0x7f9face00000, id=1, BarrierAND Header = 0x1503 (type=3, barrier=1, acquire=2, release=2), dep_signal=[0x0, 0x0, 0x0, 0x0, 0x0], completion_signal=0x7fa0ee7fc280
:3:rocvirtual.hpp           :56  : 4393668487790 us: [pid:4174004 tid: 0x7fa0f7bf0200] Host active wait for Signal = (0x7fa0ee7fc280) for -1 ns
:4:commandqueue.cpp         :184 : 4393668488200 us: [pid:4174004 tid: 0x7fa0f7bf0200] All commands finished
:3:hip_device_runtime.cpp   :645 : 4393668488219 us: [pid:4174004 tid: 0x7fa0f7bf0200] hipDeviceSynchronize: Returned hipSuccess : 
:3:rocvirtual.cpp           :226 : 4393668488201 us: [pid:4174004 tid: 0x7f9fbf3ff6c0] Handler: value(0), timestamp(0x3cf6d070), handle(0x7fa0ee7fc280)
:4:command.cpp              :169 : 4393668488250 us: [pid:4174004 tid: 0x7f9fbf3ff6c0] Command 0x3cd9ae10 complete
:3:hip_memory.cpp           :795 : 4393668488240 us: [pid:4174004 tid: 0x7fa0f7bf0200] [32m hipMemcpy ( 0x7f9f4967e010, 0x7f9eb6a00000, 491520000, hipMemcpyDeviceToHost ) [0m
:4:command.cpp              :163 : 4393668488259 us: [pid:4174004 tid: 0x7f9fbf3ff6c0] Command 0x3cd9b010 complete (Wall: 4393668488257, CPU: 0, GPU: 498 us)
:4:command.cpp              :359 : 4393668488275 us: [pid:4174004 tid: 0x7fa0f7bf0200] Command (CopyDeviceToHost) enqueued: 0x3cd9ae10
:4:rocblit.cpp              :1673: 4393668488305 us: [pid:4174004 tid: 0x7fa0f7bf0200] Unpinned read path, Async = 0
:4:rocmemory.cpp            :1018: 4393668488327 us: [pid:4174004 tid: 0x7fa0f7bf0200] Locking to pool 0x3c6dded0, size 0x2001000, HostPtr = 0x7f9f4967e000, DevPtr = 0x7f9f4967e000
:4:rocblit.cpp              :623 : 4393668488733 us: [pid:4174004 tid: 0x7fa0f7bf0200] HSA Copy Using Pinned resource size 33554432
:4:rocblit.cpp              :687 : 4393668488740 us: [pid:4174004 tid: 0x7fa0f7bf0200] HSA Async Copy staged D2H
:4:rocblit.cpp              :503 : 4393668488746 us: [pid:4174004 tid: 0x7fa0f7bf0200] Last copy mask 0x0
:4:rocblit.cpp              :509 : 4393668488753 us: [pid:4174004 tid: 0x7fa0f7bf0200] Query copy engine status 0, free_engine mask 0x1e
:4:rocblit.cpp              :520 : 4393668488762 us: [pid:4174004 tid: 0x7fa0f7bf0200] HSA Async Copy on copy_engine=0x2, dst=0x7f9f4967e010, src=0x7f9eb6a00000, size=33554432, forceSDMA=0, wait_event=0x0, completion_signal=0x7fa0ee7ff480
:4:rocvirtual.cpp           :622 : 4393668488775 us: [pid:4174004 tid: 0x7fa0f7bf0200] Host wait on completion_signal=0x7fa0ee7ff480
:3:rocvirtual.hpp           :56  : 4393668488783 us: [pid:4174004 tid: 0x7fa0f7bf0200] Host active wait for Signal = (0x7fa0ee7ff480) for -1 ns
:4:rocmemory.cpp            :1018: 4393668489981 us: [pid:4174004 tid: 0x7fa0f7bf0200] Locking to pool 0x3c6dded0, size 0x2001000, HostPtr = 0x7f9f4b67e000, DevPtr = 0x7f9f4b67e000
:4:rocblit.cpp              :623 : 4393668489991 us: [pid:4174004 tid: 0x7fa0f7bf0200] HSA Copy Using Pinned resource size 33554432
:4:rocblit.cpp              :687 : 4393668489998 us: [pid:4174004 tid: 0x7fa0f7bf0200] HSA Async Copy staged D2H
:4:rocblit.cpp              :503 : 4393668490003 us: [pid:4174004 tid: 0x7fa0f7bf0200] Last copy mask 0x2
:4:rocblit.cpp              :520 : 4393668490009 us: [pid:4174004 tid: 0x7fa0f7bf0200] HSA Async Copy on copy_engine=0x2, dst=0x7f9f4b67e010, src=0x7f9eb8a00000, size=33554432, forceSDMA=0, wait_event=0x0, completion_signal=0x7fa0ee7fd900
:4:rocvirtual.cpp           :622 : 4393668490017 us: [pid:4174004 tid: 0x7fa0f7bf0200] Host wait on completion_signal=0x7fa0ee7fd900
:3:rocvirtual.hpp           :56  : 4393668490024 us: [pid:4174004 tid: 0x7fa0f7bf0200] Host active wait for Signal = (0x7fa0ee7fd900) for -1 ns
:4:rocmemory.cpp            :1018: 4393668491219 us: [pid:4174004 tid: 0x7fa0f7bf0200] Locking to pool 0x3c6dded0, size 0x2001000, HostPtr = 0x7f9f4d67e000, DevPtr = 0x7f9f4d67e000
:4:rocblit.cpp              :623 : 4393668491230 us: [pid:4174004 tid: 0x7fa0f7bf0200] HSA Copy Using Pinned resource size 33554432
:4:rocblit.cpp              :687 : 4393668491237 us: [pid:4174004 tid: 0x7fa0f7bf0200] HSA Async Copy staged D2H
:4:rocblit.cpp              :503 : 4393668491243 us: [pid:4174004 tid: 0x7fa0f7bf0200] Last copy mask 0x2
:4:rocblit.cpp              :520 : 4393668491247 us: [pid:4174004 tid: 0x7fa0f7bf0200] HSA Async Copy on copy_engine=0x2, dst=0x7f9f4d67e010, src=0x7f9ebaa00000, size=33554432, forceSDMA=0, wait_event=0x0, completion_signal=0x7fa0ee7fe280
:4:rocvirtual.cpp           :622 : 4393668491256 us: [pid:4174004 tid: 0x7fa0f7bf0200] Host wait on completion_signal=0x7fa0ee7fe280
:3:rocvirtual.hpp           :56  : 4393668491263 us: [pid:4174004 tid: 0x7fa0f7bf0200] Host active wait for Signal = (0x7fa0ee7fe280) for -1 ns
:4:rocmemory.cpp            :1018: 4393668492459 us: [pid:4174004 tid: 0x7fa0f7bf0200] Locking to pool 0x3c6dded0, size 0x2001000, HostPtr = 0x7f9f4f67e000, DevPtr = 0x7f9f4f67e000
:4:rocblit.cpp              :623 : 4393668492469 us: [pid:4174004 tid: 0x7fa0f7bf0200] HSA Copy Using Pinned resource size 33554432
:4:rocblit.cpp              :687 : 4393668492476 us: [pid:4174004 tid: 0x7fa0f7bf0200] HSA Async Copy staged D2H
:4:rocblit.cpp              :503 : 4393668492481 us: [pid:4174004 tid: 0x7fa0f7bf0200] Last copy mask 0x2
:4:rocblit.cpp              :520 : 4393668492485 us: [pid:4174004 tid: 0x7fa0f7bf0200] HSA Async Copy on copy_engine=0x2, dst=0x7f9f4f67e010, src=0x7f9ebca00000, size=33554432, forceSDMA=0, wait_event=0x0, completion_signal=0x7fa0ee7fe300
:4:rocvirtual.cpp           :622 : 4393668492493 us: [pid:4174004 tid: 0x7fa0f7bf0200] Host wait on completion_signal=0x7fa0ee7fe300
:3:rocvirtual.hpp           :56  : 4393668492501 us: [pid:4174004 tid: 0x7fa0f7bf0200] Host active wait for Signal = (0x7fa0ee7fe300) for -1 ns
:4:rocmemory.cpp            :1018: 4393668493696 us: [pid:4174004 tid: 0x7fa0f7bf0200] Locking to pool 0x3c6dded0, size 0x2001000, HostPtr = 0x7f9f5167e000, DevPtr = 0x7f9f5167e000
:4:rocblit.cpp              :623 : 4393668493714 us: [pid:4174004 tid: 0x7fa0f7bf0200] HSA Copy Using Pinned resource size 33554432
:4:rocblit.cpp              :687 : 4393668493723 us: [pid:4174004 tid: 0x7fa0f7bf0200] HSA Async Copy staged D2H
:4:rocblit.cpp              :503 : 4393668493729 us: [pid:4174004 tid: 0x7fa0f7bf0200] Last copy mask 0x2
:4:rocblit.cpp              :520 : 4393668493737 us: [pid:4174004 tid: 0x7fa0f7bf0200] HSA Async Copy on copy_engine=0x2, dst=0x7f9f5167e010, src=0x7f9ebea00000, size=33554432, forceSDMA=0, wait_event=0x0, completion_signal=0x7fa0ee7fe400
:4:rocvirtual.cpp           :622 : 4393668493745 us: [pid:4174004 tid: 0x7fa0f7bf0200] Host wait on completion_signal=0x7fa0ee7fe400
:3:rocvirtual.hpp           :56  : 4393668493753 us: [pid:4174004 tid: 0x7fa0f7bf0200] Host active wait for Signal = (0x7fa0ee7fe400) for -1 ns
:4:rocmemory.cpp            :1018: 4393668494948 us: [pid:4174004 tid: 0x7fa0f7bf0200] Locking to pool 0x3c6dded0, size 0x2001000, HostPtr = 0x7f9f5367e000, DevPtr = 0x7f9f5367e000
:4:rocblit.cpp              :623 : 4393668494958 us: [pid:4174004 tid: 0x7fa0f7bf0200] HSA Copy Using Pinned resource size 33554432
:4:rocblit.cpp              :687 : 4393668494966 us: [pid:4174004 tid: 0x7fa0f7bf0200] HSA Async Copy staged D2H
:4:rocblit.cpp              :503 : 4393668494971 us: [pid:4174004 tid: 0x7fa0f7bf0200] Last copy mask 0x2
:4:rocblit.cpp              :520 : 4393668494975 us: [pid:4174004 tid: 0x7fa0f7bf0200] HSA Async Copy on copy_engine=0x2, dst=0x7f9f5367e010, src=0x7f9ec0a00000, size=33554432, forceSDMA=0, wait_event=0x0, completion_signal=0x7fa0ee7ff380
:4:rocvirtual.cpp           :622 : 4393668494983 us: [pid:4174004 tid: 0x7fa0f7bf0200] Host wait on completion_signal=0x7fa0ee7ff380
:3:rocvirtual.hpp           :56  : 4393668494990 us: [pid:4174004 tid: 0x7fa0f7bf0200] Host active wait for Signal = (0x7fa0ee7ff380) for -1 ns
:4:rocmemory.cpp            :1018: 4393668496185 us: [pid:4174004 tid: 0x7fa0f7bf0200] Locking to pool 0x3c6dded0, size 0x2001000, HostPtr = 0x7f9f5567e000, DevPtr = 0x7f9f5567e000
:4:rocblit.cpp              :623 : 4393668496195 us: [pid:4174004 tid: 0x7fa0f7bf0200] HSA Copy Using Pinned resource size 33554432
:4:rocblit.cpp              :687 : 4393668496202 us: [pid:4174004 tid: 0x7fa0f7bf0200] HSA Async Copy staged D2H
:4:rocblit.cpp              :503 : 4393668496207 us: [pid:4174004 tid: 0x7fa0f7bf0200] Last copy mask 0x2
:4:rocblit.cpp              :520 : 4393668496212 us: [pid:4174004 tid: 0x7fa0f7bf0200] HSA Async Copy on copy_engine=0x2, dst=0x7f9f5567e010, src=0x7f9ec2a00000, size=33554432, forceSDMA=0, wait_event=0x0, completion_signal=0x7fa0ee7ff180
:4:rocvirtual.cpp           :622 : 4393668496220 us: [pid:4174004 tid: 0x7fa0f7bf0200] Host wait on completion_signal=0x7fa0ee7ff180
:3:rocvirtual.hpp           :56  : 4393668496227 us: [pid:4174004 tid: 0x7fa0f7bf0200] Host active wait for Signal = (0x7fa0ee7ff180) for -1 ns
:4:rocmemory.cpp            :1018: 4393668497424 us: [pid:4174004 tid: 0x7fa0f7bf0200] Locking to pool 0x3c6dded0, size 0x2001000, HostPtr = 0x7f9f5767e000, DevPtr = 0x7f9f5767e000
:4:rocblit.cpp              :623 : 4393668497434 us: [pid:4174004 tid: 0x7fa0f7bf0200] HSA Copy Using Pinned resource size 33554432
:4:rocblit.cpp              :687 : 4393668497442 us: [pid:4174004 tid: 0x7fa0f7bf0200] HSA Async Copy staged D2H
:4:rocblit.cpp              :503 : 4393668497447 us: [pid:4174004 tid: 0x7fa0f7bf0200] Last copy mask 0x2
:4:rocblit.cpp              :520 : 4393668497452 us: [pid:4174004 tid: 0x7fa0f7bf0200] HSA Async Copy on copy_engine=0x2, dst=0x7f9f5767e010, src=0x7f9ec4a00000, size=33554432, forceSDMA=0, wait_event=0x0, completion_signal=0x7fa0ee7ff680
:4:rocvirtual.cpp           :622 : 4393668497460 us: [pid:4174004 tid: 0x7fa0f7bf0200] Host wait on completion_signal=0x7fa0ee7ff680
:3:rocvirtual.hpp           :56  : 4393668497467 us: [pid:4174004 tid: 0x7fa0f7bf0200] Host active wait for Signal = (0x7fa0ee7ff680) for -1 ns
:4:rocmemory.cpp            :1018: 4393668498661 us: [pid:4174004 tid: 0x7fa0f7bf0200] Locking to pool 0x3c6dded0, size 0x2001000, HostPtr = 0x7f9f5967e000, DevPtr = 0x7f9f5967e000
:4:rocblit.cpp              :623 : 4393668498670 us: [pid:4174004 tid: 0x7fa0f7bf0200] HSA Copy Using Pinned resource size 33554432
:4:rocblit.cpp              :687 : 4393668498677 us: [pid:4174004 tid: 0x7fa0f7bf0200] HSA Async Copy staged D2H
:4:rocblit.cpp              :503 : 4393668498685 us: [pid:4174004 tid: 0x7fa0f7bf0200] Last copy mask 0x2
:4:rocblit.cpp              :520 : 4393668498690 us: [pid:4174004 tid: 0x7fa0f7bf0200] HSA Async Copy on copy_engine=0x2, dst=0x7f9f5967e010, src=0x7f9ec6a00000, size=33554432, forceSDMA=0, wait_event=0x0, completion_signal=0x7fa0ee7fef00
:4:rocvirtual.cpp           :622 : 4393668498698 us: [pid:4174004 tid: 0x7fa0f7bf0200] Host wait on completion_signal=0x7fa0ee7fef00
:3:rocvirtual.hpp           :56  : 4393668498705 us: [pid:4174004 tid: 0x7fa0f7bf0200] Host active wait for Signal = (0x7fa0ee7fef00) for -1 ns
:4:rocmemory.cpp            :1018: 4393668499908 us: [pid:4174004 tid: 0x7fa0f7bf0200] Locking to pool 0x3c6dded0, size 0x2001000, HostPtr = 0x7f9f5b67e000, DevPtr = 0x7f9f5b67e000
:4:rocblit.cpp              :623 : 4393668499922 us: [pid:4174004 tid: 0x7fa0f7bf0200] HSA Copy Using Pinned resource size 33554432
:4:rocblit.cpp              :687 : 4393668499932 us: [pid:4174004 tid: 0x7fa0f7bf0200] HSA Async Copy staged D2H
:4:rocblit.cpp              :503 : 4393668499946 us: [pid:4174004 tid: 0x7fa0f7bf0200] Last copy mask 0x2
:4:rocblit.cpp              :520 : 4393668499952 us: [pid:4174004 tid: 0x7fa0f7bf0200] HSA Async Copy on copy_engine=0x2, dst=0x7f9f5b67e010, src=0x7f9ec8a00000, size=33554432, forceSDMA=0, wait_event=0x0, completion_signal=0x7fa0ee7ff800
:4:rocvirtual.cpp           :622 : 4393668499971 us: [pid:4174004 tid: 0x7fa0f7bf0200] Host wait on completion_signal=0x7fa0ee7ff800
:3:rocvirtual.hpp           :56  : 4393668499982 us: [pid:4174004 tid: 0x7fa0f7bf0200] Host active wait for Signal = (0x7fa0ee7ff800) for -1 ns
:4:rocmemory.cpp            :1018: 4393668501179 us: [pid:4174004 tid: 0x7fa0f7bf0200] Locking to pool 0x3c6dded0, size 0x2001000, HostPtr = 0x7f9f5d67e000, DevPtr = 0x7f9f5d67e000
:4:rocblit.cpp              :623 : 4393668501190 us: [pid:4174004 tid: 0x7fa0f7bf0200] HSA Copy Using Pinned resource size 33554432
:4:rocblit.cpp              :687 : 4393668501203 us: [pid:4174004 tid: 0x7fa0f7bf0200] HSA Async Copy staged D2H
:4:rocblit.cpp              :503 : 4393668501210 us: [pid:4174004 tid: 0x7fa0f7bf0200] Last copy mask 0x2
:4:rocblit.cpp              :520 : 4393668501224 us: [pid:4174004 tid: 0x7fa0f7bf0200] HSA Async Copy on copy_engine=0x2, dst=0x7f9f5d67e010, src=0x7f9ecaa00000, size=33554432, forceSDMA=0, wait_event=0x0, completion_signal=0x7fa0ee7fe600
:4:rocvirtual.cpp           :622 : 4393668501238 us: [pid:4174004 tid: 0x7fa0f7bf0200] Host wait on completion_signal=0x7fa0ee7fe600
:3:rocvirtual.hpp           :56  : 4393668501248 us: [pid:4174004 tid: 0x7fa0f7bf0200] Host active wait for Signal = (0x7fa0ee7fe600) for -1 ns
:4:rocmemory.cpp            :1018: 4393668502443 us: [pid:4174004 tid: 0x7fa0f7bf0200] Locking to pool 0x3c6dded0, size 0x2001000, HostPtr = 0x7f9f5f67e000, DevPtr = 0x7f9f5f67e000
:4:rocblit.cpp              :623 : 4393668502453 us: [pid:4174004 tid: 0x7fa0f7bf0200] HSA Copy Using Pinned resource size 33554432
:4:rocblit.cpp              :687 : 4393668502461 us: [pid:4174004 tid: 0x7fa0f7bf0200] HSA Async Copy staged D2H
:4:rocblit.cpp              :503 : 4393668502466 us: [pid:4174004 tid: 0x7fa0f7bf0200] Last copy mask 0x2
:4:rocblit.cpp              :520 : 4393668502470 us: [pid:4174004 tid: 0x7fa0f7bf0200] HSA Async Copy on copy_engine=0x2, dst=0x7f9f5f67e010, src=0x7f9ecca00000, size=33554432, forceSDMA=0, wait_event=0x0, completion_signal=0x7fa0ee7fef80
:4:rocvirtual.cpp           :622 : 4393668502478 us: [pid:4174004 tid: 0x7fa0f7bf0200] Host wait on completion_signal=0x7fa0ee7fef80
:3:rocvirtual.hpp           :56  : 4393668502486 us: [pid:4174004 tid: 0x7fa0f7bf0200] Host active wait for Signal = (0x7fa0ee7fef80) for -1 ns
:4:rocmemory.cpp            :1018: 4393668503680 us: [pid:4174004 tid: 0x7fa0f7bf0200] Locking to pool 0x3c6dded0, size 0x2001000, HostPtr = 0x7f9f6167e000, DevPtr = 0x7f9f6167e000
:4:rocblit.cpp              :623 : 4393668503689 us: [pid:4174004 tid: 0x7fa0f7bf0200] HSA Copy Using Pinned resource size 33554432
:4:rocblit.cpp              :687 : 4393668503699 us: [pid:4174004 tid: 0x7fa0f7bf0200] HSA Async Copy staged D2H
:4:rocblit.cpp              :503 : 4393668503704 us: [pid:4174004 tid: 0x7fa0f7bf0200] Last copy mask 0x2
:4:rocblit.cpp              :520 : 4393668503709 us: [pid:4174004 tid: 0x7fa0f7bf0200] HSA Async Copy on copy_engine=0x2, dst=0x7f9f6167e010, src=0x7f9ecea00000, size=33554432, forceSDMA=0, wait_event=0x0, completion_signal=0x7fa0ee7fda00
:4:rocvirtual.cpp           :622 : 4393668503716 us: [pid:4174004 tid: 0x7fa0f7bf0200] Host wait on completion_signal=0x7fa0ee7fda00
:3:rocvirtual.hpp           :56  : 4393668503724 us: [pid:4174004 tid: 0x7fa0f7bf0200] Host active wait for Signal = (0x7fa0ee7fda00) for -1 ns
:4:rocmemory.cpp            :1018: 4393668504918 us: [pid:4174004 tid: 0x7fa0f7bf0200] Locking to pool 0x3c6dded0, size 0x2001000, HostPtr = 0x7f9f6367e000, DevPtr = 0x7f9f6367e000
:4:rocblit.cpp              :623 : 4393668504927 us: [pid:4174004 tid: 0x7fa0f7bf0200] HSA Copy Using Pinned resource size 33554432
:4:rocblit.cpp              :687 : 4393668504935 us: [pid:4174004 tid: 0x7fa0f7bf0200] HSA Async Copy staged D2H
:4:rocblit.cpp              :503 : 4393668504939 us: [pid:4174004 tid: 0x7fa0f7bf0200] Last copy mask 0x2
:4:rocblit.cpp              :520 : 4393668504944 us: [pid:4174004 tid: 0x7fa0f7bf0200] HSA Async Copy on copy_engine=0x2, dst=0x7f9f6367e010, src=0x7f9ed0a00000, size=33554432, forceSDMA=0, wait_event=0x0, completion_signal=0x7fa0ee7fdb00
:4:rocvirtual.cpp           :622 : 4393668504952 us: [pid:4174004 tid: 0x7fa0f7bf0200] Host wait on completion_signal=0x7fa0ee7fdb00
:3:rocvirtual.hpp           :56  : 4393668504959 us: [pid:4174004 tid: 0x7fa0f7bf0200] Host active wait for Signal = (0x7fa0ee7fdb00) for -1 ns
:4:rocmemory.cpp            :1018: 4393668506153 us: [pid:4174004 tid: 0x7fa0f7bf0200] Locking to pool 0x3c6dded0, size 0x14c1000, HostPtr = 0x7f9f6567e000, DevPtr = 0x7f9f6567e000
:4:rocblit.cpp              :623 : 4393668506162 us: [pid:4174004 tid: 0x7fa0f7bf0200] HSA Copy Using Pinned resource size 21757952
:4:rocblit.cpp              :687 : 4393668506169 us: [pid:4174004 tid: 0x7fa0f7bf0200] HSA Async Copy staged D2H
:4:rocblit.cpp              :503 : 4393668506173 us: [pid:4174004 tid: 0x7fa0f7bf0200] Last copy mask 0x2
:4:rocblit.cpp              :520 : 4393668506178 us: [pid:4174004 tid: 0x7fa0f7bf0200] HSA Async Copy on copy_engine=0x2, dst=0x7f9f6567e010, src=0x7f9ed2a00000, size=21757952, forceSDMA=0, wait_event=0x0, completion_signal=0x7fa0ee7fe500
:4:rocvirtual.cpp           :622 : 4393668506186 us: [pid:4174004 tid: 0x7fa0f7bf0200] Host wait on completion_signal=0x7fa0ee7fe500
:3:rocvirtual.hpp           :56  : 4393668506193 us: [pid:4174004 tid: 0x7fa0f7bf0200] Host active wait for Signal = (0x7fa0ee7fe500) for -1 ns
:4:commandqueue.cpp         :161 : 4393668506968 us: [pid:4174004 tid: 0x7fa0f7bf0200] Marker queued to ensure finish
:4:command.cpp              :359 : 4393668506975 us: [pid:4174004 tid: 0x7fa0f7bf0200] Command (InternalMarker) enqueued: 0x3cd9b010
:3:rocvirtual.cpp           :533 : 4393668506991 us: [pid:4174004 tid: 0x7fa0f7bf0200] Set Handler: handle(0x7fa0ee7fbe80), timestamp(0x3ce932e0)
:4:rocvirtual.cpp           :1147: 4393668507003 us: [pid:4174004 tid: 0x7fa0f7bf0200] SWq=0x7fa0ee95c000, HWq=0x7f9face00000, id=1, BarrierAND Header = 0x1503 (type=3, barrier=1, acquire=2, release=2), dep_signal=[0x0, 0x0, 0x0, 0x0, 0x0], completion_signal=0x7fa0ee7fbe80
:4:commandqueue.cpp         :184 : 4393668507018 us: [pid:4174004 tid: 0x7fa0f7bf0200] All commands finished
:3:hip_memory.cpp           :796 : 4393668507028 us: [pid:4174004 tid: 0x7fa0f7bf0200] hipMemcpy: Returned hipSuccess : : duration: 18788 us
:3:hip_memory.cpp           :3476: 4393668507046 us: [pid:4174004 tid: 0x7fa0f7bf0200] [32m hipMemset ( 0x7f9eb6a00000, 0, 491520000 ) [0m
:3:rocvirtual.cpp           :226 : 4393668507018 us: [pid:4174004 tid: 0x7f9fbf3ff6c0] Handler: value(0), timestamp(0x3cf6d070), handle(0x7fa0ee7fbe80)
:4:command.cpp              :169 : 4393668507089 us: [pid:4174004 tid: 0x7f9fbf3ff6c0] Command 0x3cd9ae10 complete
:4:command.cpp              :359 : 4393668507078 us: [pid:4174004 tid: 0x7fa0f7bf0200] Command (FillBuffer) enqueued: 0x3cd9a9d0
:4:command.cpp              :163 : 4393668507535 us: [pid:4174004 tid: 0x7f9fbf3ff6c0] Command 0x3cd9b010 complete (Wall: 4393668507533, CPU: 0, GPU: 550 us)
:3:rocvirtual.cpp           :762 : 4393668507552 us: [pid:4174004 tid: 0x7fa0f7bf0200] Arg0: void* buf = ptr:0x7f9eb6a00000
:3:rocvirtual.cpp           :778 : 4393668507569 us: [pid:4174004 tid: 0x7fa0f7bf0200] Arg0: void* buf = ptr:0x7f9eb6a00000 obj:[0x7f9eb6a00000-0x7f9ed3ec0000]
:3:rocvirtual.cpp           :762 : 4393668507577 us: [pid:4174004 tid: 0x7fa0f7bf0200] Arg1: uchar* pattern = ptr:0x7f9facc00000
:3:rocvirtual.cpp           :853 : 4393668507585 us: [pid:4174004 tid: 0x7fa0f7bf0200] Arg2: uint pattern_size = val:1
:3:rocvirtual.cpp           :853 : 4393668507589 us: [pid:4174004 tid: 0x7fa0f7bf0200] Arg3: uint alignment = val:16
:3:rocvirtual.cpp           :853 : 4393668507594 us: [pid:4174004 tid: 0x7fa0f7bf0200] Arg4: ulong end_ptr = val:140320137019392
:3:rocvirtual.cpp           :853 : 4393668507601 us: [pid:4174004 tid: 0x7fa0f7bf0200] Arg5: uint next_chunk = val:26624
:3:rocvirtual.cpp           :3236: 4393668507606 us: [pid:4174004 tid: 0x7fa0f7bf0200] ShaderName : __amd_rocclr_fillBufferAligned
:3:rocvirtual.cpp           :3449: 4393668507615 us: [pid:4174004 tid: 0x7fa0f7bf0200] KernargSegmentByteSize = 296 KernargSegmentAlignment = 128
:4:rocvirtual.cpp           :965 : 4393668507625 us: [pid:4174004 tid: 0x7fa0f7bf0200] SWq=0x7fa0ee95c000, HWq=0x7f9face00000, id=1, Dispatch Header = 0x1502 (type=2, barrier=1, acquire=2, release=2), setup=1, grid=[26624, 1, 1], workgroup=[256, 1, 1], private_seg_size=0, group_seg_size=0, kernel_obj=0x7fa0ee94dd40, kernarg_address=0x7f9facc00100, completion_signal=0x0, correlation_id=0, rptr=169, wptr=169
:3:hip_memory.cpp           :3477: 4393668507640 us: [pid:4174004 tid: 0x7fa0f7bf0200] hipMemset: Returned hipSuccess : 
:3:hip_device_runtime.cpp   :641 : 4393668507645 us: [pid:4174004 tid: 0x7fa0f7bf0200] [32m hipDeviceSynchronize (  ) [0m
:4:commandqueue.cpp         :161 : 4393668507651 us: [pid:4174004 tid: 0x7fa0f7bf0200] Marker queued to ensure finish
:4:command.cpp              :359 : 4393668507656 us: [pid:4174004 tid: 0x7fa0f7bf0200] Command (InternalMarker) enqueued: 0x3cf38cb0
:3:rocvirtual.cpp           :533 : 4393668508022 us: [pid:4174004 tid: 0x7fa0f7bf0200] Set Handler: handle(0x7fa0ee7fbf00), timestamp(0x3ce935d0)
:4:rocvirtual.cpp           :1147: 4393668508034 us: [pid:4174004 tid: 0x7fa0f7bf0200] SWq=0x7fa0ee95c000, HWq=0x7f9face00000, id=1, BarrierAND Header = 0x1503 (type=3, barrier=1, acquire=2, release=2), dep_signal=[0x0, 0x0, 0x0, 0x0, 0x0], completion_signal=0x7fa0ee7fbf00
:4:commandqueue.cpp         :184 : 4393668508048 us: [pid:4174004 tid: 0x7fa0f7bf0200] All commands finished
:3:rocvirtual.cpp           :226 : 4393668508048 us: [pid:4174004 tid: 0x7f9fbf3ff6c0] Handler: value(0), timestamp(0x3ce93520), handle(0x7fa0ee7fbf00)
:4:command.cpp              :169 : 4393668508070 us: [pid:4174004 tid: 0x7f9fbf3ff6c0] Command 0x3cd9a9d0 complete
:3:hip_device_runtime.cpp   :645 : 4393668508058 us: [pid:4174004 tid: 0x7fa0f7bf0200] hipDeviceSynchronize: Returned hipSuccess : 
:3:hip_platform.cpp         :237 : 4393668508092 us: [pid:4174004 tid: 0x7fa0f7bf0200] [32m __hipPushCallConfiguration ( {8,1,1}, {512,1,1}, 0, stream:<null> ) [0m
:3:hip_platform.cpp         :241 : 4393668508105 us: [pid:4174004 tid: 0x7fa0f7bf0200] __hipPushCallConfiguration: Returned hipSuccess : 
:4:command.cpp              :163 : 4393668508095 us: [pid:4174004 tid: 0x7f9fbf3ff6c0] Command 0x3cf38cb0 complete (Wall: 4393668508093, CPU: 0, GPU: 76 us)
:3:hip_platform.cpp         :246 : 4393668508120 us: [pid:4174004 tid: 0x7fa0f7bf0200] [32m __hipPopCallConfiguration ( {37054546,32673,512}, {2118224,0,2918783392}, 0x7fffadf916f0, 0x7fffadf916e8 ) [0m
:3:hip_platform.cpp         :255 : 4393668508147 us: [pid:4174004 tid: 0x7fa0f7bf0200] __hipPopCallConfiguration: Returned hipSuccess : 
:3:hip_module.cpp           :744 : 4393668508165 us: [pid:4174004 tid: 0x7fa0f7bf0200] [32m hipLaunchKernel ( 0x200fe0, {8,1,1}, {512,1,1}, 0x7fffadf916a0, 0, stream:<null> ) [0m
:4:command.cpp              :359 : 4393668508183 us: [pid:4174004 tid: 0x7fa0f7bf0200] Command (KernelExecution) enqueued: 0x3cd9a9d0
:3:rocvirtual.cpp           :762 : 4393668508682 us: [pid:4174004 tid: 0x7fa0f7bf0200] Arg0:   = ptr:0x7f9ed4200000
:3:rocvirtual.cpp           :778 : 4393668508688 us: [pid:4174004 tid: 0x7fa0f7bf0200] Arg0:   = ptr:0x7f9ed4200000 obj:[0x7f9ed4200000-0x7f9ef16c0000]
:3:rocvirtual.cpp           :762 : 4393668508695 us: [pid:4174004 tid: 0x7fa0f7bf0200] Arg1:   = ptr:0x7f9fa0027000
:3:rocvirtual.cpp           :778 : 4393668508700 us: [pid:4174004 tid: 0x7fa0f7bf0200] Arg1:   = ptr:0x7f9fa0027000 obj:[0x7f9fa0027000-0x7f9fa0087000]
:3:rocvirtual.cpp           :762 : 4393668508707 us: [pid:4174004 tid: 0x7fa0f7bf0200] Arg2:   = ptr:0x7f9eb6a00000
:3:rocvirtual.cpp           :778 : 4393668508712 us: [pid:4174004 tid: 0x7fa0f7bf0200] Arg2:   = ptr:0x7f9eb6a00000 obj:[0x7f9eb6a00000-0x7f9ed3ec0000]
:3:rocvirtual.cpp           :853 : 4393668508719 us: [pid:4174004 tid: 0x7fa0f7bf0200] Arg3:   = val:12288
:3:rocvirtual.cpp           :762 : 4393668508724 us: [pid:4174004 tid: 0x7fa0f7bf0200] Arg4:   = ptr:0x7f9fa0000000
:3:rocvirtual.cpp           :778 : 4393668508728 us: [pid:4174004 tid: 0x7fa0f7bf0200] Arg4:   = ptr:0x7f9fa0000000 obj:[0x7f9fa0000000-0x7f9fa0000024]
:3:rocvirtual.cpp           :3236: 4393668508736 us: [pid:4174004 tid: 0x7fa0f7bf0200] ShaderName : void dense_esuhm2<float>(float const*, float const*, float*, int, int const*)
:3:rocvirtual.cpp           :3449: 4393668508745 us: [pid:4174004 tid: 0x7fa0f7bf0200] KernargSegmentByteSize = 296 KernargSegmentAlignment = 128
:4:rocvirtual.cpp           :965 : 4393668508754 us: [pid:4174004 tid: 0x7fa0f7bf0200] SWq=0x7fa0ee95c000, HWq=0x7f9face00000, id=1, Dispatch Header = 0xb02 (type=2, barrier=1, acquire=1, release=1), setup=3, grid=[4096, 1, 1], workgroup=[512, 1, 1], private_seg_size=140, group_seg_size=0, kernel_obj=0x7fa0ee9219c0, kernarg_address=0x7f9facc00280, completion_signal=0x0, correlation_id=0, rptr=171, wptr=171
:3:hip_module.cpp           :745 : 4393668508768 us: [pid:4174004 tid: 0x7fa0f7bf0200] hipLaunchKernel: Returned hipSuccess : : duration: 603 us
:3:hip_device_runtime.cpp   :641 : 4393668508775 us: [pid:4174004 tid: 0x7fa0f7bf0200] [32m hipDeviceSynchronize (  ) [0m
:4:commandqueue.cpp         :161 : 4393668508780 us: [pid:4174004 tid: 0x7fa0f7bf0200] Marker queued to ensure finish
:4:command.cpp              :359 : 4393668508785 us: [pid:4174004 tid: 0x7fa0f7bf0200] Command (InternalMarker) enqueued: 0x3cf38cb0
:3:rocvirtual.cpp           :533 : 4393668509957 us: [pid:4174004 tid: 0x7fa0f7bf0200] Set Handler: handle(0x7fa0ee7fd700), timestamp(0x3cf06780)
:4:rocvirtual.cpp           :1147: 4393668509968 us: [pid:4174004 tid: 0x7fa0f7bf0200] SWq=0x7fa0ee95c000, HWq=0x7f9face00000, id=1, BarrierAND Header = 0x1503 (type=3, barrier=1, acquire=2, release=2), dep_signal=[0x0, 0x0, 0x0, 0x0, 0x0], completion_signal=0x7fa0ee7fd700
:3:rocvirtual.cpp           :226 : 4393668509981 us: [pid:4174004 tid: 0x7f9fbf3ff6c0] Handler: value(0), timestamp(0x3c7ddb30), handle(0x7fa0ee7fd700)
:4:command.cpp              :169 : 4393668509994 us: [pid:4174004 tid: 0x7f9fbf3ff6c0] Command 0x3cd9a9d0 complete
:4:command.cpp              :163 : 4393668510003 us: [pid:4174004 tid: 0x7f9fbf3ff6c0] Command 0x3cf38cb0 complete (Wall: 4393668510002, CPU: 0, GPU: 50 us)
:4:commandqueue.cpp         :184 : 4393668510018 us: [pid:4174004 tid: 0x7fa0f7bf0200] All commands finished
:3:hip_device_runtime.cpp   :645 : 4393668510024 us: [pid:4174004 tid: 0x7fa0f7bf0200] hipDeviceSynchronize: Returned hipSuccess : 
:3:hip_memory.cpp           :795 : 4393668510038 us: [pid:4174004 tid: 0x7fa0f7bf0200] [32m hipMemcpy ( 0x7f9f2c1bd010, 0x7f9eb6a00000, 491520000, hipMemcpyDeviceToHost ) [0m
:4:command.cpp              :359 : 4393668510053 us: [pid:4174004 tid: 0x7fa0f7bf0200] Command (CopyDeviceToHost) enqueued: 0x3cd9a9d0
:4:rocblit.cpp              :1673: 4393668510062 us: [pid:4174004 tid: 0x7fa0f7bf0200] Unpinned read path, Async = 0
:4:rocmemory.cpp            :1018: 4393668510076 us: [pid:4174004 tid: 0x7fa0f7bf0200] Locking to pool 0x3c6dded0, size 0x2001000, HostPtr = 0x7f9f2c1bd000, DevPtr = 0x7f9f2c1bd000
:4:rocblit.cpp              :623 : 4393668510083 us: [pid:4174004 tid: 0x7fa0f7bf0200] HSA Copy Using Pinned resource size 33554432
:4:rocblit.cpp              :687 : 4393668510090 us: [pid:4174004 tid: 0x7fa0f7bf0200] HSA Async Copy staged D2H
:4:rocblit.cpp              :503 : 4393668510096 us: [pid:4174004 tid: 0x7fa0f7bf0200] Last copy mask 0x0
:4:rocblit.cpp              :509 : 4393668510102 us: [pid:4174004 tid: 0x7fa0f7bf0200] Query copy engine status 0, free_engine mask 0x1e
:4:rocblit.cpp              :520 : 4393668510672 us: [pid:4174004 tid: 0x7fa0f7bf0200] HSA Async Copy on copy_engine=0x2, dst=0x7f9f2c1bd010, src=0x7f9eb6a00000, size=33554432, forceSDMA=0, wait_event=0x0, completion_signal=0x7fa0ee7ff000
:4:rocvirtual.cpp           :622 : 4393668510680 us: [pid:4174004 tid: 0x7fa0f7bf0200] Host wait on completion_signal=0x7fa0ee7ff000
:3:rocvirtual.hpp           :56  : 4393668510688 us: [pid:4174004 tid: 0x7fa0f7bf0200] Host active wait for Signal = (0x7fa0ee7ff000) for -1 ns
:4:rocmemory.cpp            :1018: 4393668511883 us: [pid:4174004 tid: 0x7fa0f7bf0200] Locking to pool 0x3c6dded0, size 0x2001000, HostPtr = 0x7f9f2e1bd000, DevPtr = 0x7f9f2e1bd000
:4:rocblit.cpp              :623 : 4393668511893 us: [pid:4174004 tid: 0x7fa0f7bf0200] HSA Copy Using Pinned resource size 33554432
:4:rocblit.cpp              :687 : 4393668511900 us: [pid:4174004 tid: 0x7fa0f7bf0200] HSA Async Copy staged D2H
:4:rocblit.cpp              :503 : 4393668511905 us: [pid:4174004 tid: 0x7fa0f7bf0200] Last copy mask 0x2
:4:rocblit.cpp              :520 : 4393668511910 us: [pid:4174004 tid: 0x7fa0f7bf0200] HSA Async Copy on copy_engine=0x2, dst=0x7f9f2e1bd010, src=0x7f9eb8a00000, size=33554432, forceSDMA=0, wait_event=0x0, completion_signal=0x7fa0ee7ff080
:4:rocvirtual.cpp           :622 : 4393668511918 us: [pid:4174004 tid: 0x7fa0f7bf0200] Host wait on completion_signal=0x7fa0ee7ff080
:3:rocvirtual.hpp           :56  : 4393668511925 us: [pid:4174004 tid: 0x7fa0f7bf0200] Host active wait for Signal = (0x7fa0ee7ff080) for -1 ns
:4:rocmemory.cpp            :1018: 4393668513122 us: [pid:4174004 tid: 0x7fa0f7bf0200] Locking to pool 0x3c6dded0, size 0x2001000, HostPtr = 0x7f9f301bd000, DevPtr = 0x7f9f301bd000
:4:rocblit.cpp              :623 : 4393668513132 us: [pid:4174004 tid: 0x7fa0f7bf0200] HSA Copy Using Pinned resource size 33554432
:4:rocblit.cpp              :687 : 4393668513140 us: [pid:4174004 tid: 0x7fa0f7bf0200] HSA Async Copy staged D2H
:4:rocblit.cpp              :503 : 4393668513145 us: [pid:4174004 tid: 0x7fa0f7bf0200] Last copy mask 0x2
:4:rocblit.cpp              :520 : 4393668513149 us: [pid:4174004 tid: 0x7fa0f7bf0200] HSA Async Copy on copy_engine=0x2, dst=0x7f9f301bd010, src=0x7f9ebaa00000, size=33554432, forceSDMA=0, wait_event=0x0, completion_signal=0x7fa0ee7fdd00
:4:rocvirtual.cpp           :622 : 4393668513157 us: [pid:4174004 tid: 0x7fa0f7bf0200] Host wait on completion_signal=0x7fa0ee7fdd00
:3:rocvirtual.hpp           :56  : 4393668513165 us: [pid:4174004 tid: 0x7fa0f7bf0200] Host active wait for Signal = (0x7fa0ee7fdd00) for -1 ns
:4:rocmemory.cpp            :1018: 4393668514359 us: [pid:4174004 tid: 0x7fa0f7bf0200] Locking to pool 0x3c6dded0, size 0x2001000, HostPtr = 0x7f9f321bd000, DevPtr = 0x7f9f321bd000
:4:rocblit.cpp              :623 : 4393668514368 us: [pid:4174004 tid: 0x7fa0f7bf0200] HSA Copy Using Pinned resource size 33554432
:4:rocblit.cpp              :687 : 4393668514375 us: [pid:4174004 tid: 0x7fa0f7bf0200] HSA Async Copy staged D2H
:4:rocblit.cpp              :503 : 4393668514380 us: [pid:4174004 tid: 0x7fa0f7bf0200] Last copy mask 0x2
:4:rocblit.cpp              :520 : 4393668514384 us: [pid:4174004 tid: 0x7fa0f7bf0200] HSA Async Copy on copy_engine=0x2, dst=0x7f9f321bd010, src=0x7f9ebca00000, size=33554432, forceSDMA=0, wait_event=0x0, completion_signal=0x7fa0ee7feb80
:4:rocvirtual.cpp           :622 : 4393668514399 us: [pid:4174004 tid: 0x7fa0f7bf0200] Host wait on completion_signal=0x7fa0ee7feb80
:3:rocvirtual.hpp           :56  : 4393668514407 us: [pid:4174004 tid: 0x7fa0f7bf0200] Host active wait for Signal = (0x7fa0ee7feb80) for -1 ns
:4:rocmemory.cpp            :1018: 4393668515602 us: [pid:4174004 tid: 0x7fa0f7bf0200] Locking to pool 0x3c6dded0, size 0x2001000, HostPtr = 0x7f9f341bd000, DevPtr = 0x7f9f341bd000
:4:rocblit.cpp              :623 : 4393668515612 us: [pid:4174004 tid: 0x7fa0f7bf0200] HSA Copy Using Pinned resource size 33554432
:4:rocblit.cpp              :687 : 4393668515619 us: [pid:4174004 tid: 0x7fa0f7bf0200] HSA Async Copy staged D2H
:4:rocblit.cpp              :503 : 4393668515624 us: [pid:4174004 tid: 0x7fa0f7bf0200] Last copy mask 0x2
:4:rocblit.cpp              :520 : 4393668515628 us: [pid:4174004 tid: 0x7fa0f7bf0200] HSA Async Copy on copy_engine=0x2, dst=0x7f9f341bd010, src=0x7f9ebea00000, size=33554432, forceSDMA=0, wait_event=0x0, completion_signal=0x7fa0ee7fed80
:4:rocvirtual.cpp           :622 : 4393668515636 us: [pid:4174004 tid: 0x7fa0f7bf0200] Host wait on completion_signal=0x7fa0ee7fed80
:3:rocvirtual.hpp           :56  : 4393668515644 us: [pid:4174004 tid: 0x7fa0f7bf0200] Host active wait for Signal = (0x7fa0ee7fed80) for -1 ns
:4:rocmemory.cpp            :1018: 4393668516838 us: [pid:4174004 tid: 0x7fa0f7bf0200] Locking to pool 0x3c6dded0, size 0x2001000, HostPtr = 0x7f9f361bd000, DevPtr = 0x7f9f361bd000
:4:rocblit.cpp              :623 : 4393668516847 us: [pid:4174004 tid: 0x7fa0f7bf0200] HSA Copy Using Pinned resource size 33554432
:4:rocblit.cpp              :687 : 4393668516855 us: [pid:4174004 tid: 0x7fa0f7bf0200] HSA Async Copy staged D2H
:4:rocblit.cpp              :503 : 4393668516860 us: [pid:4174004 tid: 0x7fa0f7bf0200] Last copy mask 0x2
:4:rocblit.cpp              :520 : 4393668516864 us: [pid:4174004 tid: 0x7fa0f7bf0200] HSA Async Copy on copy_engine=0x2, dst=0x7f9f361bd010, src=0x7f9ec0a00000, size=33554432, forceSDMA=0, wait_event=0x0, completion_signal=0x7fa0ee7fe980
:4:rocvirtual.cpp           :622 : 4393668516872 us: [pid:4174004 tid: 0x7fa0f7bf0200] Host wait on completion_signal=0x7fa0ee7fe980
:3:rocvirtual.hpp           :56  : 4393668516879 us: [pid:4174004 tid: 0x7fa0f7bf0200] Host active wait for Signal = (0x7fa0ee7fe980) for -1 ns
:4:rocmemory.cpp            :1018: 4393668518074 us: [pid:4174004 tid: 0x7fa0f7bf0200] Locking to pool 0x3c6dded0, size 0x2001000, HostPtr = 0x7f9f381bd000, DevPtr = 0x7f9f381bd000
:4:rocblit.cpp              :623 : 4393668518084 us: [pid:4174004 tid: 0x7fa0f7bf0200] HSA Copy Using Pinned resource size 33554432
:4:rocblit.cpp              :687 : 4393668518091 us: [pid:4174004 tid: 0x7fa0f7bf0200] HSA Async Copy staged D2H
:4:rocblit.cpp              :503 : 4393668518096 us: [pid:4174004 tid: 0x7fa0f7bf0200] Last copy mask 0x2
:4:rocblit.cpp              :520 : 4393668518101 us: [pid:4174004 tid: 0x7fa0f7bf0200] HSA Async Copy on copy_engine=0x2, dst=0x7f9f381bd010, src=0x7f9ec2a00000, size=33554432, forceSDMA=0, wait_event=0x0, completion_signal=0x7fa0ee7fde00
:4:rocvirtual.cpp           :622 : 4393668518588 us: [pid:4174004 tid: 0x7fa0f7bf0200] Host wait on completion_signal=0x7fa0ee7fde00
:3:rocvirtual.hpp           :56  : 4393668518596 us: [pid:4174004 tid: 0x7fa0f7bf0200] Host active wait for Signal = (0x7fa0ee7fde00) for -1 ns
:4:rocmemory.cpp            :1018: 4393668519791 us: [pid:4174004 tid: 0x7fa0f7bf0200] Locking to pool 0x3c6dded0, size 0x2001000, HostPtr = 0x7f9f3a1bd000, DevPtr = 0x7f9f3a1bd000
:4:rocblit.cpp              :623 : 4393668519801 us: [pid:4174004 tid: 0x7fa0f7bf0200] HSA Copy Using Pinned resource size 33554432
:4:rocblit.cpp              :687 : 4393668519808 us: [pid:4174004 tid: 0x7fa0f7bf0200] HSA Async Copy staged D2H
:4:rocblit.cpp              :503 : 4393668519813 us: [pid:4174004 tid: 0x7fa0f7bf0200] Last copy mask 0x2
:4:rocblit.cpp              :520 : 4393668519827 us: [pid:4174004 tid: 0x7fa0f7bf0200] HSA Async Copy on copy_engine=0x2, dst=0x7f9f3a1bd010, src=0x7f9ec4a00000, size=33554432, forceSDMA=0, wait_event=0x0, completion_signal=0x7fa0ee7fd980
:4:rocvirtual.cpp           :622 : 4393668519835 us: [pid:4174004 tid: 0x7fa0f7bf0200] Host wait on completion_signal=0x7fa0ee7fd980
:3:rocvirtual.hpp           :56  : 4393668519842 us: [pid:4174004 tid: 0x7fa0f7bf0200] Host active wait for Signal = (0x7fa0ee7fd980) for -1 ns
:4:rocmemory.cpp            :1018: 4393668537539 us: [pid:4174004 tid: 0x7fa0f7bf0200] Locking to pool 0x3c6dded0, size 0x2001000, HostPtr = 0x7f9f3c1bd000, DevPtr = 0x7f9f3c1bd000
:4:rocblit.cpp              :623 : 4393668537553 us: [pid:4174004 tid: 0x7fa0f7bf0200] HSA Copy Using Pinned resource size 33554432
:4:rocblit.cpp              :687 : 4393668537561 us: [pid:4174004 tid: 0x7fa0f7bf0200] HSA Async Copy staged D2H
:4:rocblit.cpp              :503 : 4393668537566 us: [pid:4174004 tid: 0x7fa0f7bf0200] Last copy mask 0x2
:4:rocblit.cpp              :520 : 4393668537571 us: [pid:4174004 tid: 0x7fa0f7bf0200] HSA Async Copy on copy_engine=0x2, dst=0x7f9f3c1bd010, src=0x7f9ec6a00000, size=33554432, forceSDMA=0, wait_event=0x0, completion_signal=0x7fa0ee7fe480
:4:rocvirtual.cpp           :622 : 4393668537581 us: [pid:4174004 tid: 0x7fa0f7bf0200] Host wait on completion_signal=0x7fa0ee7fe480
:3:rocvirtual.hpp           :56  : 4393668537588 us: [pid:4174004 tid: 0x7fa0f7bf0200] Host active wait for Signal = (0x7fa0ee7fe480) for -1 ns
:4:rocmemory.cpp            :1018: 4393668545816 us: [pid:4174004 tid: 0x7fa0f7bf0200] Locking to pool 0x3c6dded0, size 0x2001000, HostPtr = 0x7f9f3e1bd000, DevPtr = 0x7f9f3e1bd000
:4:rocblit.cpp              :623 : 4393668545829 us: [pid:4174004 tid: 0x7fa0f7bf0200] HSA Copy Using Pinned resource size 33554432
:4:rocblit.cpp              :687 : 4393668545836 us: [pid:4174004 tid: 0x7fa0f7bf0200] HSA Async Copy staged D2H
:4:rocblit.cpp              :503 : 4393668545842 us: [pid:4174004 tid: 0x7fa0f7bf0200] Last copy mask 0x2
:4:rocblit.cpp              :520 : 4393668545847 us: [pid:4174004 tid: 0x7fa0f7bf0200] HSA Async Copy on copy_engine=0x2, dst=0x7f9f3e1bd010, src=0x7f9ec8a00000, size=33554432, forceSDMA=0, wait_event=0x0, completion_signal=0x7fa0ee7fe680
:4:rocvirtual.cpp           :622 : 4393668545855 us: [pid:4174004 tid: 0x7fa0f7bf0200] Host wait on completion_signal=0x7fa0ee7fe680
:3:rocvirtual.hpp           :56  : 4393668545863 us: [pid:4174004 tid: 0x7fa0f7bf0200] Host active wait for Signal = (0x7fa0ee7fe680) for -1 ns
:4:rocmemory.cpp            :1018: 4393668547058 us: [pid:4174004 tid: 0x7fa0f7bf0200] Locking to pool 0x3c6dded0, size 0x2001000, HostPtr = 0x7f9f401bd000, DevPtr = 0x7f9f401bd000
:4:rocblit.cpp              :623 : 4393668547068 us: [pid:4174004 tid: 0x7fa0f7bf0200] HSA Copy Using Pinned resource size 33554432
:4:rocblit.cpp              :687 : 4393668547075 us: [pid:4174004 tid: 0x7fa0f7bf0200] HSA Async Copy staged D2H
:4:rocblit.cpp              :503 : 4393668547080 us: [pid:4174004 tid: 0x7fa0f7bf0200] Last copy mask 0x2
:4:rocblit.cpp              :520 : 4393668547085 us: [pid:4174004 tid: 0x7fa0f7bf0200] HSA Async Copy on copy_engine=0x2, dst=0x7f9f401bd010, src=0x7f9ecaa00000, size=33554432, forceSDMA=0, wait_event=0x0, completion_signal=0x7fa0ee7fe880
:4:rocvirtual.cpp           :622 : 4393668547093 us: [pid:4174004 tid: 0x7fa0f7bf0200] Host wait on completion_signal=0x7fa0ee7fe880
:3:rocvirtual.hpp           :56  : 4393668547100 us: [pid:4174004 tid: 0x7fa0f7bf0200] Host active wait for Signal = (0x7fa0ee7fe880) for -1 ns
:4:rocmemory.cpp            :1018: 4393668689132 us: [pid:4174004 tid: 0x7fa0f7bf0200] Locking to pool 0x3c6dded0, size 0x2001000, HostPtr = 0x7f9f421bd000, DevPtr = 0x7f9f421bd000
:4:rocblit.cpp              :623 : 4393668689156 us: [pid:4174004 tid: 0x7fa0f7bf0200] HSA Copy Using Pinned resource size 33554432
:4:rocblit.cpp              :687 : 4393668689164 us: [pid:4174004 tid: 0x7fa0f7bf0200] HSA Async Copy staged D2H
:4:rocblit.cpp              :503 : 4393668689174 us: [pid:4174004 tid: 0x7fa0f7bf0200] Last copy mask 0x2
:4:rocblit.cpp              :520 : 4393668689180 us: [pid:4174004 tid: 0x7fa0f7bf0200] HSA Async Copy on copy_engine=0x2, dst=0x7f9f421bd010, src=0x7f9ecca00000, size=33554432, forceSDMA=0, wait_event=0x0, completion_signal=0x7fa0ee7fe780
:4:rocvirtual.cpp           :622 : 4393668689192 us: [pid:4174004 tid: 0x7fa0f7bf0200] Host wait on completion_signal=0x7fa0ee7fe780
:3:rocvirtual.hpp           :56  : 4393668689200 us: [pid:4174004 tid: 0x7fa0f7bf0200] Host active wait for Signal = (0x7fa0ee7fe780) for -1 ns
:4:rocmemory.cpp            :1018: 4393668690397 us: [pid:4174004 tid: 0x7fa0f7bf0200] Locking to pool 0x3c6dded0, size 0x2001000, HostPtr = 0x7f9f441bd000, DevPtr = 0x7f9f441bd000
:4:rocblit.cpp              :623 : 4393668690408 us: [pid:4174004 tid: 0x7fa0f7bf0200] HSA Copy Using Pinned resource size 33554432
:4:rocblit.cpp              :687 : 4393668690416 us: [pid:4174004 tid: 0x7fa0f7bf0200] HSA Async Copy staged D2H
:4:rocblit.cpp              :503 : 4393668690421 us: [pid:4174004 tid: 0x7fa0f7bf0200] Last copy mask 0x2
:4:rocblit.cpp              :520 : 4393668690426 us: [pid:4174004 tid: 0x7fa0f7bf0200] HSA Async Copy on copy_engine=0x2, dst=0x7f9f441bd010, src=0x7f9ecea00000, size=33554432, forceSDMA=0, wait_event=0x0, completion_signal=0x7fa0ee7fe580
:4:rocvirtual.cpp           :622 : 4393668690435 us: [pid:4174004 tid: 0x7fa0f7bf0200] Host wait on completion_signal=0x7fa0ee7fe580
:3:rocvirtual.hpp           :56  : 4393668690444 us: [pid:4174004 tid: 0x7fa0f7bf0200] Host active wait for Signal = (0x7fa0ee7fe580) for -1 ns
:4:rocmemory.cpp            :1018: 4393668725267 us: [pid:4174004 tid: 0x7fa0f7bf0200] Locking to pool 0x3c6dded0, size 0x2001000, HostPtr = 0x7f9f461bd000, DevPtr = 0x7f9f461bd000
:4:rocblit.cpp              :623 : 4393668725585 us: [pid:4174004 tid: 0x7fa0f7bf0200] HSA Copy Using Pinned resource size 33554432
:4:rocblit.cpp              :687 : 4393668725593 us: [pid:4174004 tid: 0x7fa0f7bf0200] HSA Async Copy staged D2H
:4:rocblit.cpp              :503 : 4393668725600 us: [pid:4174004 tid: 0x7fa0f7bf0200] Last copy mask 0x2
:4:rocblit.cpp              :520 : 4393668725605 us: [pid:4174004 tid: 0x7fa0f7bf0200] HSA Async Copy on copy_engine=0x2, dst=0x7f9f461bd010, src=0x7f9ed0a00000, size=33554432, forceSDMA=0, wait_event=0x0, completion_signal=0x7fa0ee7fdf00
:4:rocvirtual.cpp           :622 : 4393668725618 us: [pid:4174004 tid: 0x7fa0f7bf0200] Host wait on completion_signal=0x7fa0ee7fdf00
:3:rocvirtual.hpp           :56  : 4393668725626 us: [pid:4174004 tid: 0x7fa0f7bf0200] Host active wait for Signal = (0x7fa0ee7fdf00) for -1 ns
:4:rocmemory.cpp            :1018: 4393668777098 us: [pid:4174004 tid: 0x7fa0f7bf0200] Locking to pool 0x3c6dded0, size 0x14c1000, HostPtr = 0x7f9f481bd000, DevPtr = 0x7f9f481bd000
:4:rocblit.cpp              :623 : 4393668777123 us: [pid:4174004 tid: 0x7fa0f7bf0200] HSA Copy Using Pinned resource size 21757952
:4:rocblit.cpp              :687 : 4393668777134 us: [pid:4174004 tid: 0x7fa0f7bf0200] HSA Async Copy staged D2H
:4:rocblit.cpp              :503 : 4393668777143 us: [pid:4174004 tid: 0x7fa0f7bf0200] Last copy mask 0x2
:4:rocblit.cpp              :520 : 4393668777150 us: [pid:4174004 tid: 0x7fa0f7bf0200] HSA Async Copy on copy_engine=0x2, dst=0x7f9f481bd010, src=0x7f9ed2a00000, size=21757952, forceSDMA=0, wait_event=0x0, completion_signal=0x7fa0ee7fe900
:4:rocvirtual.cpp           :622 : 4393668777164 us: [pid:4174004 tid: 0x7fa0f7bf0200] Host wait on completion_signal=0x7fa0ee7fe900
:3:rocvirtual.hpp           :56  : 4393668777174 us: [pid:4174004 tid: 0x7fa0f7bf0200] Host active wait for Signal = (0x7fa0ee7fe900) for -1 ns
:4:commandqueue.cpp         :161 : 4393668777950 us: [pid:4174004 tid: 0x7fa0f7bf0200] Marker queued to ensure finish
:4:command.cpp              :359 : 4393668777964 us: [pid:4174004 tid: 0x7fa0f7bf0200] Command (InternalMarker) enqueued: 0x3cf38cb0
:3:rocvirtual.cpp           :533 : 4393668777984 us: [pid:4174004 tid: 0x7fa0f7bf0200] Set Handler: handle(0x7fa0ee7fcc80), timestamp(0x3ce97fe0)
:4:rocvirtual.cpp           :1147: 4393668778003 us: [pid:4174004 tid: 0x7fa0f7bf0200] SWq=0x7fa0ee95c000, HWq=0x7f9face00000, id=1, BarrierAND Header = 0x1503 (type=3, barrier=1, acquire=2, release=2), dep_signal=[0x0, 0x0, 0x0, 0x0, 0x0], completion_signal=0x7fa0ee7fcc80
:3:rocvirtual.cpp           :226 : 4393668778015 us: [pid:4174004 tid: 0x7f9fbf3ff6c0] Handler: value(0), timestamp(0x3c7ddb30), handle(0x7fa0ee7fcc80)
:4:command.cpp              :169 : 4393668778031 us: [pid:4174004 tid: 0x7f9fbf3ff6c0] Command 0x3cd9a9d0 complete
:4:command.cpp              :163 : 4393668778039 us: [pid:4174004 tid: 0x7f9fbf3ff6c0] Command 0x3cf38cb0 complete (Wall: 4393668778037, CPU: 0, GPU: 64 us)
:4:commandqueue.cpp         :184 : 4393668778017 us: [pid:4174004 tid: 0x7fa0f7bf0200] All commands finished
:3:hip_memory.cpp           :796 : 4393668778065 us: [pid:4174004 tid: 0x7fa0f7bf0200] hipMemcpy: Returned hipSuccess : : duration: 268027 us
:3:hip_memory.cpp           :3476: 4393668778079 us: [pid:4174004 tid: 0x7fa0f7bf0200] [32m hipMemset ( 0x7f9eb6a00000, 0, 491520000 ) [0m
:4:command.cpp              :359 : 4393668778551 us: [pid:4174004 tid: 0x7fa0f7bf0200] Command (FillBuffer) enqueued: 0x3cd9ae10
:3:rocvirtual.cpp           :762 : 4393668778564 us: [pid:4174004 tid: 0x7fa0f7bf0200] Arg0: void* buf = ptr:0x7f9eb6a00000
:3:rocvirtual.cpp           :778 : 4393668778570 us: [pid:4174004 tid: 0x7fa0f7bf0200] Arg0: void* buf = ptr:0x7f9eb6a00000 obj:[0x7f9eb6a00000-0x7f9ed3ec0000]
:3:rocvirtual.cpp           :762 : 4393668778580 us: [pid:4174004 tid: 0x7fa0f7bf0200] Arg1: uchar* pattern = ptr:0x7f9facc00000
:3:rocvirtual.cpp           :853 : 4393668778588 us: [pid:4174004 tid: 0x7fa0f7bf0200] Arg2: uint pattern_size = val:1
:3:rocvirtual.cpp           :853 : 4393668778593 us: [pid:4174004 tid: 0x7fa0f7bf0200] Arg3: uint alignment = val:16
:3:rocvirtual.cpp           :853 : 4393668778598 us: [pid:4174004 tid: 0x7fa0f7bf0200] Arg4: ulong end_ptr = val:140320137019392
:3:rocvirtual.cpp           :853 : 4393668778605 us: [pid:4174004 tid: 0x7fa0f7bf0200] Arg5: uint next_chunk = val:26624
:3:rocvirtual.cpp           :3236: 4393668778610 us: [pid:4174004 tid: 0x7fa0f7bf0200] ShaderName : __amd_rocclr_fillBufferAligned
:3:rocvirtual.cpp           :3449: 4393668778626 us: [pid:4174004 tid: 0x7fa0f7bf0200] KernargSegmentByteSize = 296 KernargSegmentAlignment = 128
:4:rocvirtual.cpp           :965 : 4393668778638 us: [pid:4174004 tid: 0x7fa0f7bf0200] SWq=0x7fa0ee95c000, HWq=0x7f9face00000, id=1, Dispatch Header = 0x1502 (type=2, barrier=1, acquire=2, release=2), setup=1, grid=[26624, 1, 1], workgroup=[256, 1, 1], private_seg_size=0, group_seg_size=0, kernel_obj=0x7fa0ee94dd40, kernarg_address=0x7f9facc00100, completion_signal=0x0, correlation_id=0, rptr=174, wptr=174
:3:hip_memory.cpp           :3477: 4393668778657 us: [pid:4174004 tid: 0x7fa0f7bf0200] hipMemset: Returned hipSuccess : 
:3:hip_device_runtime.cpp   :641 : 4393668778665 us: [pid:4174004 tid: 0x7fa0f7bf0200] [32m hipDeviceSynchronize (  ) [0m
:4:commandqueue.cpp         :161 : 4393668779048 us: [pid:4174004 tid: 0x7fa0f7bf0200] Marker queued to ensure finish
:4:command.cpp              :359 : 4393668779053 us: [pid:4174004 tid: 0x7fa0f7bf0200] Command (InternalMarker) enqueued: 0x3cf38cb0
:3:rocvirtual.cpp           :533 : 4393668779068 us: [pid:4174004 tid: 0x7fa0f7bf0200] Set Handler: handle(0x7fa0ee7fcf80), timestamp(0x3cebd5a0)
:4:rocvirtual.cpp           :1147: 4393668779080 us: [pid:4174004 tid: 0x7fa0f7bf0200] SWq=0x7fa0ee95c000, HWq=0x7f9face00000, id=1, BarrierAND Header = 0x1503 (type=3, barrier=1, acquire=2, release=2), dep_signal=[0x0, 0x0, 0x0, 0x0, 0x0], completion_signal=0x7fa0ee7fcf80
:3:rocvirtual.hpp           :56  : 4393668779094 us: [pid:4174004 tid: 0x7fa0f7bf0200] Host active wait for Signal = (0x7fa0ee7fcf80) for -1 ns
:4:commandqueue.cpp         :184 : 4393669584619 us: [pid:4174004 tid: 0x7fa0f7bf0200] All commands finished
:3:rocvirtual.cpp           :226 : 4393669584621 us: [pid:4174004 tid: 0x7f9fbf3ff6c0] Handler: value(0), timestamp(0x3cd9a1c0), handle(0x7fa0ee7fcf80)
:3:hip_device_runtime.cpp   :645 : 4393669584656 us: [pid:4174004 tid: 0x7fa0f7bf0200] hipDeviceSynchronize: Returned hipSuccess : 
:4:command.cpp              :169 : 4393669584670 us: [pid:4174004 tid: 0x7f9fbf3ff6c0] Command 0x3cd9ae10 complete
:3:hip_platform.cpp         :237 : 4393669584688 us: [pid:4174004 tid: 0x7fa0f7bf0200] [32m __hipPushCallConfiguration ( {8,1,1}, {512,1,1}, 0, stream:<null> ) [0m
:3:hip_platform.cpp         :241 : 4393669584698 us: [pid:4174004 tid: 0x7fa0f7bf0200] __hipPushCallConfiguration: Returned hipSuccess : 
:4:command.cpp              :163 : 4393669584693 us: [pid:4174004 tid: 0x7f9fbf3ff6c0] Command 0x3cf38cb0 complete (Wall: 4393669584691, CPU: 0, GPU: 805631 us)
:3:hip_platform.cpp         :246 : 4393669584710 us: [pid:4174004 tid: 0x7fa0f7bf0200] [32m __hipPopCallConfiguration ( {37054546,32673,512}, {2118224,0,2918783392}, 0x7fffadf916f0, 0x7fffadf916e8 ) [0m
:3:hip_platform.cpp         :255 : 4393669584729 us: [pid:4174004 tid: 0x7fa0f7bf0200] __hipPopCallConfiguration: Returned hipSuccess : 
:3:hip_module.cpp           :744 : 4393669584742 us: [pid:4174004 tid: 0x7fa0f7bf0200] [32m hipLaunchKernel ( 0x200fe8, {8,1,1}, {512,1,1}, 0x7fffadf916a0, 0, stream:<null> ) [0m
:4:command.cpp              :359 : 4393669584760 us: [pid:4174004 tid: 0x7fa0f7bf0200] Command (KernelExecution) enqueued: 0x3cd9a9d0
:3:rocvirtual.cpp           :762 : 4393669584771 us: [pid:4174004 tid: 0x7fa0f7bf0200] Arg0:   = ptr:0x7f9ed4200000
:3:rocvirtual.cpp           :778 : 4393669584776 us: [pid:4174004 tid: 0x7fa0f7bf0200] Arg0:   = ptr:0x7f9ed4200000 obj:[0x7f9ed4200000-0x7f9ef16c0000]
:3:rocvirtual.cpp           :762 : 4393669584784 us: [pid:4174004 tid: 0x7fa0f7bf0200] Arg1:   = ptr:0x7f9fa0027000
:3:rocvirtual.cpp           :778 : 4393669584788 us: [pid:4174004 tid: 0x7fa0f7bf0200] Arg1:   = ptr:0x7f9fa0027000 obj:[0x7f9fa0027000-0x7f9fa0087000]
:3:rocvirtual.cpp           :762 : 4393669584796 us: [pid:4174004 tid: 0x7fa0f7bf0200] Arg2:   = ptr:0x7f9eb6a00000
:3:rocvirtual.cpp           :778 : 4393669585240 us: [pid:4174004 tid: 0x7fa0f7bf0200] Arg2:   = ptr:0x7f9eb6a00000 obj:[0x7f9eb6a00000-0x7f9ed3ec0000]
:3:rocvirtual.cpp           :853 : 4393669585248 us: [pid:4174004 tid: 0x7fa0f7bf0200] Arg3:   = val:12288
:3:rocvirtual.cpp           :762 : 4393669585253 us: [pid:4174004 tid: 0x7fa0f7bf0200] Arg4:   = ptr:0x7f9fa0000000
:3:rocvirtual.cpp           :778 : 4393669585258 us: [pid:4174004 tid: 0x7fa0f7bf0200] Arg4:   = ptr:0x7f9fa0000000 obj:[0x7f9fa0000000-0x7f9fa0000024]
:3:rocvirtual.cpp           :3236: 4393669585266 us: [pid:4174004 tid: 0x7fa0f7bf0200] ShaderName : void dense_esuhm3<float>(float const*, float const*, float*, int, int const*)
:3:rocvirtual.cpp           :3449: 4393669585276 us: [pid:4174004 tid: 0x7fa0f7bf0200] KernargSegmentByteSize = 296 KernargSegmentAlignment = 128
:4:rocvirtual.cpp           :965 : 4393669585287 us: [pid:4174004 tid: 0x7fa0f7bf0200] SWq=0x7fa0ee95c000, HWq=0x7f9face00000, id=1, Dispatch Header = 0xb02 (type=2, barrier=1, acquire=1, release=1), setup=3, grid=[4096, 1, 1], workgroup=[512, 1, 1], private_seg_size=140, group_seg_size=0, kernel_obj=0x7fa0ee921a00, kernarg_address=0x7f9facc00280, completion_signal=0x0, correlation_id=0, rptr=176, wptr=176
:3:hip_module.cpp           :745 : 4393669585305 us: [pid:4174004 tid: 0x7fa0f7bf0200] hipLaunchKernel: Returned hipSuccess : : duration: 563 us
:3:hip_device_runtime.cpp   :641 : 4393669585316 us: [pid:4174004 tid: 0x7fa0f7bf0200] [32m hipDeviceSynchronize (  ) [0m
:4:commandqueue.cpp         :161 : 4393669585322 us: [pid:4174004 tid: 0x7fa0f7bf0200] Marker queued to ensure finish
:4:command.cpp              :359 : 4393669585327 us: [pid:4174004 tid: 0x7fa0f7bf0200] Command (InternalMarker) enqueued: 0x3cf38cb0
:3:rocvirtual.cpp           :533 : 4393669585343 us: [pid:4174004 tid: 0x7fa0f7bf0200] Set Handler: handle(0x7fa0ee7fce80), timestamp(0x3ce97e80)
:4:rocvirtual.cpp           :1147: 4393669585721 us: [pid:4174004 tid: 0x7fa0f7bf0200] SWq=0x7fa0ee95c000, HWq=0x7f9face00000, id=1, BarrierAND Header = 0x1503 (type=3, barrier=1, acquire=2, release=2), dep_signal=[0x0, 0x0, 0x0, 0x0, 0x0], completion_signal=0x7fa0ee7fce80
:3:rocvirtual.hpp           :56  : 4393669585732 us: [pid:4174004 tid: 0x7fa0f7bf0200] Host active wait for Signal = (0x7fa0ee7fce80) for -1 ns
:4:commandqueue.cpp         :184 : 4393669586234 us: [pid:4174004 tid: 0x7fa0f7bf0200] All commands finished
:3:hip_device_runtime.cpp   :645 : 4393669586783 us: [pid:4174004 tid: 0x7fa0f7bf0200] hipDeviceSynchronize: Returned hipSuccess : 
:3:rocvirtual.cpp           :226 : 4393669586236 us: [pid:4174004 tid: 0x7f9fbf3ff6c0] Handler: value(0), timestamp(0x3cd9acc0), handle(0x7fa0ee7fce80)
:4:command.cpp              :169 : 4393669586808 us: [pid:4174004 tid: 0x7f9fbf3ff6c0] Command 0x3cd9a9d0 complete
:3:hip_memory.cpp           :795 : 4393669586799 us: [pid:4174004 tid: 0x7fa0f7bf0200] [32m hipMemcpy ( 0x7f9f0ecfc010, 0x7f9eb6a00000, 491520000, hipMemcpyDeviceToHost ) [0m
:4:command.cpp              :163 : 4393669586814 us: [pid:4174004 tid: 0x7f9fbf3ff6c0] Command 0x3cf38cb0 complete (Wall: 4393669586812, CPU: 0, GPU: 1477 us)
:4:command.cpp              :359 : 4393669586831 us: [pid:4174004 tid: 0x7fa0f7bf0200] Command (CopyDeviceToHost) enqueued: 0x3cd9a9d0
:4:rocblit.cpp              :1673: 4393669586851 us: [pid:4174004 tid: 0x7fa0f7bf0200] Unpinned read path, Async = 0
:4:rocmemory.cpp            :1018: 4393669586873 us: [pid:4174004 tid: 0x7fa0f7bf0200] Locking to pool 0x3c6dded0, size 0x2001000, HostPtr = 0x7f9f0ecfc000, DevPtr = 0x7f9f0ecfc000
:4:rocblit.cpp              :623 : 4393669586881 us: [pid:4174004 tid: 0x7fa0f7bf0200] HSA Copy Using Pinned resource size 33554432
:4:rocblit.cpp              :687 : 4393669587237 us: [pid:4174004 tid: 0x7fa0f7bf0200] HSA Async Copy staged D2H
:4:rocblit.cpp              :503 : 4393669587243 us: [pid:4174004 tid: 0x7fa0f7bf0200] Last copy mask 0x0
:4:rocblit.cpp              :509 : 4393669587250 us: [pid:4174004 tid: 0x7fa0f7bf0200] Query copy engine status 0, free_engine mask 0x1e
:4:rocblit.cpp              :520 : 4393669587258 us: [pid:4174004 tid: 0x7fa0f7bf0200] HSA Async Copy on copy_engine=0x2, dst=0x7f9f0ecfc010, src=0x7f9eb6a00000, size=33554432, forceSDMA=0, wait_event=0x0, completion_signal=0x7fa0ee7fe700
:4:rocvirtual.cpp           :622 : 4393669587269 us: [pid:4174004 tid: 0x7fa0f7bf0200] Host wait on completion_signal=0x7fa0ee7fe700
:3:rocvirtual.hpp           :56  : 4393669587277 us: [pid:4174004 tid: 0x7fa0f7bf0200] Host active wait for Signal = (0x7fa0ee7fe700) for -1 ns
:4:rocmemory.cpp            :1018: 4393669588475 us: [pid:4174004 tid: 0x7fa0f7bf0200] Locking to pool 0x3c6dded0, size 0x2001000, HostPtr = 0x7f9f10cfc000, DevPtr = 0x7f9f10cfc000
:4:rocblit.cpp              :623 : 4393669588487 us: [pid:4174004 tid: 0x7fa0f7bf0200] HSA Copy Using Pinned resource size 33554432
:4:rocblit.cpp              :687 : 4393669588495 us: [pid:4174004 tid: 0x7fa0f7bf0200] HSA Async Copy staged D2H
:4:rocblit.cpp              :503 : 4393669588502 us: [pid:4174004 tid: 0x7fa0f7bf0200] Last copy mask 0x2
:4:rocblit.cpp              :520 : 4393669588507 us: [pid:4174004 tid: 0x7fa0f7bf0200] HSA Async Copy on copy_engine=0x2, dst=0x7f9f10cfc010, src=0x7f9eb8a00000, size=33554432, forceSDMA=0, wait_event=0x0, completion_signal=0x7fa0ee7fde80
:4:rocvirtual.cpp           :622 : 4393669589103 us: [pid:4174004 tid: 0x7fa0f7bf0200] Host wait on completion_signal=0x7fa0ee7fde80
:3:rocvirtual.hpp           :56  : 4393669589112 us: [pid:4174004 tid: 0x7fa0f7bf0200] Host active wait for Signal = (0x7fa0ee7fde80) for -1 ns
:4:rocmemory.cpp            :1018: 4393669590310 us: [pid:4174004 tid: 0x7fa0f7bf0200] Locking to pool 0x3c6dded0, size 0x2001000, HostPtr = 0x7f9f12cfc000, DevPtr = 0x7f9f12cfc000
:4:rocblit.cpp              :623 : 4393669590333 us: [pid:4174004 tid: 0x7fa0f7bf0200] HSA Copy Using Pinned resource size 33554432
:4:rocblit.cpp              :687 : 4393669590341 us: [pid:4174004 tid: 0x7fa0f7bf0200] HSA Async Copy staged D2H
:4:rocblit.cpp              :503 : 4393669590349 us: [pid:4174004 tid: 0x7fa0f7bf0200] Last copy mask 0x2
:4:rocblit.cpp              :520 : 4393669590354 us: [pid:4174004 tid: 0x7fa0f7bf0200] HSA Async Copy on copy_engine=0x2, dst=0x7f9f12cfc010, src=0x7f9ebaa00000, size=33554432, forceSDMA=0, wait_event=0x0, completion_signal=0x7fa0ee7fe080
:4:rocvirtual.cpp           :622 : 4393669590363 us: [pid:4174004 tid: 0x7fa0f7bf0200] Host wait on completion_signal=0x7fa0ee7fe080
:3:rocvirtual.hpp           :56  : 4393669590370 us: [pid:4174004 tid: 0x7fa0f7bf0200] Host active wait for Signal = (0x7fa0ee7fe080) for -1 ns
:4:rocmemory.cpp            :1018: 4393669591568 us: [pid:4174004 tid: 0x7fa0f7bf0200] Locking to pool 0x3c6dded0, size 0x2001000, HostPtr = 0x7f9f14cfc000, DevPtr = 0x7f9f14cfc000
:4:rocblit.cpp              :623 : 4393669591580 us: [pid:4174004 tid: 0x7fa0f7bf0200] HSA Copy Using Pinned resource size 33554432
:4:rocblit.cpp              :687 : 4393669591587 us: [pid:4174004 tid: 0x7fa0f7bf0200] HSA Async Copy staged D2H
:4:rocblit.cpp              :503 : 4393669591592 us: [pid:4174004 tid: 0x7fa0f7bf0200] Last copy mask 0x2
:4:rocblit.cpp              :520 : 4393669591597 us: [pid:4174004 tid: 0x7fa0f7bf0200] HSA Async Copy on copy_engine=0x2, dst=0x7f9f14cfc010, src=0x7f9ebca00000, size=33554432, forceSDMA=0, wait_event=0x0, completion_signal=0x7fa0ee7fe000
:4:rocvirtual.cpp           :622 : 4393669591605 us: [pid:4174004 tid: 0x7fa0f7bf0200] Host wait on completion_signal=0x7fa0ee7fe000
:3:rocvirtual.hpp           :56  : 4393669591613 us: [pid:4174004 tid: 0x7fa0f7bf0200] Host active wait for Signal = (0x7fa0ee7fe000) for -1 ns
:4:rocmemory.cpp            :1018: 4393669592809 us: [pid:4174004 tid: 0x7fa0f7bf0200] Locking to pool 0x3c6dded0, size 0x2001000, HostPtr = 0x7f9f16cfc000, DevPtr = 0x7f9f16cfc000
:4:rocblit.cpp              :623 : 4393669592822 us: [pid:4174004 tid: 0x7fa0f7bf0200] HSA Copy Using Pinned resource size 33554432
:4:rocblit.cpp              :687 : 4393669592829 us: [pid:4174004 tid: 0x7fa0f7bf0200] HSA Async Copy staged D2H
:4:rocblit.cpp              :503 : 4393669592834 us: [pid:4174004 tid: 0x7fa0f7bf0200] Last copy mask 0x2
:4:rocblit.cpp              :520 : 4393669592838 us: [pid:4174004 tid: 0x7fa0f7bf0200] HSA Async Copy on copy_engine=0x2, dst=0x7f9f16cfc010, src=0x7f9ebea00000, size=33554432, forceSDMA=0, wait_event=0x0, completion_signal=0x7fa0ee7fe380
:4:rocvirtual.cpp           :622 : 4393669592846 us: [pid:4174004 tid: 0x7fa0f7bf0200] Host wait on completion_signal=0x7fa0ee7fe380
:3:rocvirtual.hpp           :56  : 4393669592854 us: [pid:4174004 tid: 0x7fa0f7bf0200] Host active wait for Signal = (0x7fa0ee7fe380) for -1 ns
:4:rocmemory.cpp            :1018: 4393669594049 us: [pid:4174004 tid: 0x7fa0f7bf0200] Locking to pool 0x3c6dded0, size 0x2001000, HostPtr = 0x7f9f18cfc000, DevPtr = 0x7f9f18cfc000
:4:rocblit.cpp              :623 : 4393669594060 us: [pid:4174004 tid: 0x7fa0f7bf0200] HSA Copy Using Pinned resource size 33554432
:4:rocblit.cpp              :687 : 4393669594067 us: [pid:4174004 tid: 0x7fa0f7bf0200] HSA Async Copy staged D2H
:4:rocblit.cpp              :503 : 4393669594072 us: [pid:4174004 tid: 0x7fa0f7bf0200] Last copy mask 0x2
:4:rocblit.cpp              :520 : 4393669594076 us: [pid:4174004 tid: 0x7fa0f7bf0200] HSA Async Copy on copy_engine=0x2, dst=0x7f9f18cfc010, src=0x7f9ec0a00000, size=33554432, forceSDMA=0, wait_event=0x0, completion_signal=0x7fa0ee7fe180
:4:rocvirtual.cpp           :622 : 4393669594084 us: [pid:4174004 tid: 0x7fa0f7bf0200] Host wait on completion_signal=0x7fa0ee7fe180
:3:rocvirtual.hpp           :56  : 4393669594092 us: [pid:4174004 tid: 0x7fa0f7bf0200] Host active wait for Signal = (0x7fa0ee7fe180) for -1 ns
:4:rocmemory.cpp            :1018: 4393669595287 us: [pid:4174004 tid: 0x7fa0f7bf0200] Locking to pool 0x3c6dded0, size 0x2001000, HostPtr = 0x7f9f1acfc000, DevPtr = 0x7f9f1acfc000
:4:rocblit.cpp              :623 : 4393669595298 us: [pid:4174004 tid: 0x7fa0f7bf0200] HSA Copy Using Pinned resource size 33554432
:4:rocblit.cpp              :687 : 4393669595308 us: [pid:4174004 tid: 0x7fa0f7bf0200] HSA Async Copy staged D2H
:4:rocblit.cpp              :503 : 4393669595314 us: [pid:4174004 tid: 0x7fa0f7bf0200] Last copy mask 0x2
:4:rocblit.cpp              :520 : 4393669595755 us: [pid:4174004 tid: 0x7fa0f7bf0200] HSA Async Copy on copy_engine=0x2, dst=0x7f9f1acfc010, src=0x7f9ec2a00000, size=33554432, forceSDMA=0, wait_event=0x0, completion_signal=0x7fa0ee7fdf80
:4:rocvirtual.cpp           :622 : 4393669595764 us: [pid:4174004 tid: 0x7fa0f7bf0200] Host wait on completion_signal=0x7fa0ee7fdf80
:3:rocvirtual.hpp           :56  : 4393669595772 us: [pid:4174004 tid: 0x7fa0f7bf0200] Host active wait for Signal = (0x7fa0ee7fdf80) for -1 ns
:4:rocmemory.cpp            :1018: 4393669596968 us: [pid:4174004 tid: 0x7fa0f7bf0200] Locking to pool 0x3c6dded0, size 0x2001000, HostPtr = 0x7f9f1ccfc000, DevPtr = 0x7f9f1ccfc000
:4:rocblit.cpp              :623 : 4393669596979 us: [pid:4174004 tid: 0x7fa0f7bf0200] HSA Copy Using Pinned resource size 33554432
:4:rocblit.cpp              :687 : 4393669596987 us: [pid:4174004 tid: 0x7fa0f7bf0200] HSA Async Copy staged D2H
:4:rocblit.cpp              :503 : 4393669597684 us: [pid:4174004 tid: 0x7fa0f7bf0200] Last copy mask 0x2
:4:rocblit.cpp              :520 : 4393669597689 us: [pid:4174004 tid: 0x7fa0f7bf0200] HSA Async Copy on copy_engine=0x2, dst=0x7f9f1ccfc010, src=0x7f9ec4a00000, size=33554432, forceSDMA=0, wait_event=0x0, completion_signal=0x7fa0ee7fe800
:4:rocvirtual.cpp           :622 : 4393669597698 us: [pid:4174004 tid: 0x7fa0f7bf0200] Host wait on completion_signal=0x7fa0ee7fe800
:3:rocvirtual.hpp           :56  : 4393669597705 us: [pid:4174004 tid: 0x7fa0f7bf0200] Host active wait for Signal = (0x7fa0ee7fe800) for -1 ns
:4:rocmemory.cpp            :1018: 4393669598900 us: [pid:4174004 tid: 0x7fa0f7bf0200] Locking to pool 0x3c6dded0, size 0x2001000, HostPtr = 0x7f9f1ecfc000, DevPtr = 0x7f9f1ecfc000
:4:rocblit.cpp              :623 : 4393669598911 us: [pid:4174004 tid: 0x7fa0f7bf0200] HSA Copy Using Pinned resource size 33554432
:4:rocblit.cpp              :687 : 4393669598918 us: [pid:4174004 tid: 0x7fa0f7bf0200] HSA Async Copy staged D2H
:4:rocblit.cpp              :503 : 4393669598923 us: [pid:4174004 tid: 0x7fa0f7bf0200] Last copy mask 0x2
:4:rocblit.cpp              :520 : 4393669598928 us: [pid:4174004 tid: 0x7fa0f7bf0200] HSA Async Copy on copy_engine=0x2, dst=0x7f9f1ecfc010, src=0x7f9ec6a00000, size=33554432, forceSDMA=0, wait_event=0x0, completion_signal=0x7fa0ee7fea80
:4:rocvirtual.cpp           :622 : 4393669598936 us: [pid:4174004 tid: 0x7fa0f7bf0200] Host wait on completion_signal=0x7fa0ee7fea80
:3:rocvirtual.hpp           :56  : 4393669598943 us: [pid:4174004 tid: 0x7fa0f7bf0200] Host active wait for Signal = (0x7fa0ee7fea80) for -1 ns
:4:rocmemory.cpp            :1018: 4393669600139 us: [pid:4174004 tid: 0x7fa0f7bf0200] Locking to pool 0x3c6dded0, size 0x2001000, HostPtr = 0x7f9f20cfc000, DevPtr = 0x7f9f20cfc000
:4:rocblit.cpp              :623 : 4393669600151 us: [pid:4174004 tid: 0x7fa0f7bf0200] HSA Copy Using Pinned resource size 33554432
:4:rocblit.cpp              :687 : 4393669600158 us: [pid:4174004 tid: 0x7fa0f7bf0200] HSA Async Copy staged D2H
:4:rocblit.cpp              :503 : 4393669600163 us: [pid:4174004 tid: 0x7fa0f7bf0200] Last copy mask 0x2
:4:rocblit.cpp              :520 : 4393669600168 us: [pid:4174004 tid: 0x7fa0f7bf0200] HSA Async Copy on copy_engine=0x2, dst=0x7f9f20cfc010, src=0x7f9ec8a00000, size=33554432, forceSDMA=0, wait_event=0x0, completion_signal=0x7fa0ee7fea00
:4:rocvirtual.cpp           :622 : 4393669600176 us: [pid:4174004 tid: 0x7fa0f7bf0200] Host wait on completion_signal=0x7fa0ee7fea00
:3:rocvirtual.hpp           :56  : 4393669600184 us: [pid:4174004 tid: 0x7fa0f7bf0200] Host active wait for Signal = (0x7fa0ee7fea00) for -1 ns
:4:rocmemory.cpp            :1018: 4393669601379 us: [pid:4174004 tid: 0x7fa0f7bf0200] Locking to pool 0x3c6dded0, size 0x2001000, HostPtr = 0x7f9f22cfc000, DevPtr = 0x7f9f22cfc000
:4:rocblit.cpp              :623 : 4393669601394 us: [pid:4174004 tid: 0x7fa0f7bf0200] HSA Copy Using Pinned resource size 33554432
:4:rocblit.cpp              :687 : 4393669601401 us: [pid:4174004 tid: 0x7fa0f7bf0200] HSA Async Copy staged D2H
:4:rocblit.cpp              :503 : 4393669601406 us: [pid:4174004 tid: 0x7fa0f7bf0200] Last copy mask 0x2
:4:rocblit.cpp              :520 : 4393669601411 us: [pid:4174004 tid: 0x7fa0f7bf0200] HSA Async Copy on copy_engine=0x2, dst=0x7f9f22cfc010, src=0x7f9ecaa00000, size=33554432, forceSDMA=0, wait_event=0x0, completion_signal=0x7fa0ee7fec80
:4:rocvirtual.cpp           :622 : 4393669601419 us: [pid:4174004 tid: 0x7fa0f7bf0200] Host wait on completion_signal=0x7fa0ee7fec80
:3:rocvirtual.hpp           :56  : 4393669601426 us: [pid:4174004 tid: 0x7fa0f7bf0200] Host active wait for Signal = (0x7fa0ee7fec80) for -1 ns
:4:rocmemory.cpp            :1018: 4393669602624 us: [pid:4174004 tid: 0x7fa0f7bf0200] Locking to pool 0x3c6dded0, size 0x2001000, HostPtr = 0x7f9f24cfc000, DevPtr = 0x7f9f24cfc000
:4:rocblit.cpp              :623 : 4393669602635 us: [pid:4174004 tid: 0x7fa0f7bf0200] HSA Copy Using Pinned resource size 33554432
:4:rocblit.cpp              :687 : 4393669602643 us: [pid:4174004 tid: 0x7fa0f7bf0200] HSA Async Copy staged D2H
:4:rocblit.cpp              :503 : 4393669602648 us: [pid:4174004 tid: 0x7fa0f7bf0200] Last copy mask 0x2
:4:rocblit.cpp              :520 : 4393669602652 us: [pid:4174004 tid: 0x7fa0f7bf0200] HSA Async Copy on copy_engine=0x2, dst=0x7f9f24cfc010, src=0x7f9ecca00000, size=33554432, forceSDMA=0, wait_event=0x0, completion_signal=0x7fa0ee7fdd80
:4:rocvirtual.cpp           :622 : 4393669602660 us: [pid:4174004 tid: 0x7fa0f7bf0200] Host wait on completion_signal=0x7fa0ee7fdd80
:3:rocvirtual.hpp           :56  : 4393669602669 us: [pid:4174004 tid: 0x7fa0f7bf0200] Host active wait for Signal = (0x7fa0ee7fdd80) for -1 ns
:4:rocmemory.cpp            :1018: 4393669603865 us: [pid:4174004 tid: 0x7fa0f7bf0200] Locking to pool 0x3c6dded0, size 0x2001000, HostPtr = 0x7f9f26cfc000, DevPtr = 0x7f9f26cfc000
:4:rocblit.cpp              :623 : 4393669603876 us: [pid:4174004 tid: 0x7fa0f7bf0200] HSA Copy Using Pinned resource size 33554432
:4:rocblit.cpp              :687 : 4393669603883 us: [pid:4174004 tid: 0x7fa0f7bf0200] HSA Async Copy staged D2H
:4:rocblit.cpp              :503 : 4393669603888 us: [pid:4174004 tid: 0x7fa0f7bf0200] Last copy mask 0x2
:4:rocblit.cpp              :520 : 4393669603893 us: [pid:4174004 tid: 0x7fa0f7bf0200] HSA Async Copy on copy_engine=0x2, dst=0x7f9f26cfc010, src=0x7f9ecea00000, size=33554432, forceSDMA=0, wait_event=0x0, completion_signal=0x7fa0ee7fdc80
:4:rocvirtual.cpp           :622 : 4393669603901 us: [pid:4174004 tid: 0x7fa0f7bf0200] Host wait on completion_signal=0x7fa0ee7fdc80
:3:rocvirtual.hpp           :56  : 4393669603908 us: [pid:4174004 tid: 0x7fa0f7bf0200] Host active wait for Signal = (0x7fa0ee7fdc80) for -1 ns
:4:rocmemory.cpp            :1018: 4393669605103 us: [pid:4174004 tid: 0x7fa0f7bf0200] Locking to pool 0x3c6dded0, size 0x2001000, HostPtr = 0x7f9f28cfc000, DevPtr = 0x7f9f28cfc000
:4:rocblit.cpp              :623 : 4393669605115 us: [pid:4174004 tid: 0x7fa0f7bf0200] HSA Copy Using Pinned resource size 33554432
:4:rocblit.cpp              :687 : 4393669605124 us: [pid:4174004 tid: 0x7fa0f7bf0200] HSA Async Copy staged D2H
:4:rocblit.cpp              :503 : 4393669605128 us: [pid:4174004 tid: 0x7fa0f7bf0200] Last copy mask 0x2
:4:rocblit.cpp              :520 : 4393669605133 us: [pid:4174004 tid: 0x7fa0f7bf0200] HSA Async Copy on copy_engine=0x2, dst=0x7f9f28cfc010, src=0x7f9ed0a00000, size=33554432, forceSDMA=0, wait_event=0x0, completion_signal=0x7fa0ee7fdc00
:4:rocvirtual.cpp           :622 : 4393669605141 us: [pid:4174004 tid: 0x7fa0f7bf0200] Host wait on completion_signal=0x7fa0ee7fdc00
:3:rocvirtual.hpp           :56  : 4393669605148 us: [pid:4174004 tid: 0x7fa0f7bf0200] Host active wait for Signal = (0x7fa0ee7fdc00) for -1 ns
:4:rocmemory.cpp            :1018: 4393669606343 us: [pid:4174004 tid: 0x7fa0f7bf0200] Locking to pool 0x3c6dded0, size 0x14c1000, HostPtr = 0x7f9f2acfc000, DevPtr = 0x7f9f2acfc000
:4:rocblit.cpp              :623 : 4393669606357 us: [pid:4174004 tid: 0x7fa0f7bf0200] HSA Copy Using Pinned resource size 21757952
:4:rocblit.cpp              :687 : 4393669606365 us: [pid:4174004 tid: 0x7fa0f7bf0200] HSA Async Copy staged D2H
:4:rocblit.cpp              :503 : 4393669606370 us: [pid:4174004 tid: 0x7fa0f7bf0200] Last copy mask 0x2
:4:rocblit.cpp              :520 : 4393669606375 us: [pid:4174004 tid: 0x7fa0f7bf0200] HSA Async Copy on copy_engine=0x2, dst=0x7f9f2acfc010, src=0x7f9ed2a00000, size=21757952, forceSDMA=0, wait_event=0x0, completion_signal=0x7fa0ee7fed00
:4:rocvirtual.cpp           :622 : 4393669606383 us: [pid:4174004 tid: 0x7fa0f7bf0200] Host wait on completion_signal=0x7fa0ee7fed00
:3:rocvirtual.hpp           :56  : 4393669606390 us: [pid:4174004 tid: 0x7fa0f7bf0200] Host active wait for Signal = (0x7fa0ee7fed00) for -1 ns
:4:commandqueue.cpp         :161 : 4393669607164 us: [pid:4174004 tid: 0x7fa0f7bf0200] Marker queued to ensure finish
:4:command.cpp              :359 : 4393669607170 us: [pid:4174004 tid: 0x7fa0f7bf0200] Command (InternalMarker) enqueued: 0x3cf38cb0
:3:rocvirtual.cpp           :533 : 4393669607187 us: [pid:4174004 tid: 0x7fa0f7bf0200] Set Handler: handle(0x7fa0ee7fc680), timestamp(0x3cf391d0)
:4:rocvirtual.cpp           :1147: 4393669607616 us: [pid:4174004 tid: 0x7fa0f7bf0200] SWq=0x7fa0ee95c000, HWq=0x7f9face00000, id=1, BarrierAND Header = 0x1503 (type=3, barrier=1, acquire=2, release=2), dep_signal=[0x0, 0x0, 0x0, 0x0, 0x0], completion_signal=0x7fa0ee7fc680
:3:rocvirtual.hpp           :56  : 4393669607627 us: [pid:4174004 tid: 0x7fa0f7bf0200] Host active wait for Signal = (0x7fa0ee7fc680) for -1 ns
:3:rocvirtual.cpp           :226 : 4393669607633 us: [pid:4174004 tid: 0x7f9fbf3ff6c0] Handler: value(0), timestamp(0x3cd9acc0), handle(0x7fa0ee7fc680)
:4:command.cpp              :169 : 4393669607650 us: [pid:4174004 tid: 0x7f9fbf3ff6c0] Command 0x3cd9a9d0 complete
:4:command.cpp              :163 : 4393669607671 us: [pid:4174004 tid: 0x7f9fbf3ff6c0] Command 0x3cf38cb0 complete (Wall: 4393669607670, CPU: 0, GPU: 489 us)
:4:commandqueue.cpp         :184 : 4393669607687 us: [pid:4174004 tid: 0x7fa0f7bf0200] All commands finished
:3:hip_memory.cpp           :796 : 4393669607694 us: [pid:4174004 tid: 0x7fa0f7bf0200] hipMemcpy: Returned hipSuccess : : duration: 20895 us
:3:hip_memory.cpp           :3476: 4393670881709 us: [pid:4174004 tid: 0x7fa0f7bf0200] [32m hipMemset ( 0x7f9eb6a00000, 0, 491520000 ) [0m
:4:command.cpp              :359 : 4393670881744 us: [pid:4174004 tid: 0x7fa0f7bf0200] Command (FillBuffer) enqueued: 0x3cd9ae10
:3:rocvirtual.cpp           :762 : 4393670881762 us: [pid:4174004 tid: 0x7fa0f7bf0200] Arg0: void* buf = ptr:0x7f9eb6a00000
:3:rocvirtual.cpp           :778 : 4393670881768 us: [pid:4174004 tid: 0x7fa0f7bf0200] Arg0: void* buf = ptr:0x7f9eb6a00000 obj:[0x7f9eb6a00000-0x7f9ed3ec0000]
:3:rocvirtual.cpp           :762 : 4393670881776 us: [pid:4174004 tid: 0x7fa0f7bf0200] Arg1: uchar* pattern = ptr:0x7f9facc00000
:3:rocvirtual.cpp           :853 : 4393670881784 us: [pid:4174004 tid: 0x7fa0f7bf0200] Arg2: uint pattern_size = val:1
:3:rocvirtual.cpp           :853 : 4393670881788 us: [pid:4174004 tid: 0x7fa0f7bf0200] Arg3: uint alignment = val:16
:3:rocvirtual.cpp           :853 : 4393670881793 us: [pid:4174004 tid: 0x7fa0f7bf0200] Arg4: ulong end_ptr = val:140320137019392
:3:rocvirtual.cpp           :853 : 4393670881801 us: [pid:4174004 tid: 0x7fa0f7bf0200] Arg5: uint next_chunk = val:26624
:3:rocvirtual.cpp           :3236: 4393670881806 us: [pid:4174004 tid: 0x7fa0f7bf0200] ShaderName : __amd_rocclr_fillBufferAligned
:3:rocvirtual.cpp           :3449: 4393670881815 us: [pid:4174004 tid: 0x7fa0f7bf0200] KernargSegmentByteSize = 296 KernargSegmentAlignment = 128
:4:rocvirtual.cpp           :965 : 4393670881827 us: [pid:4174004 tid: 0x7fa0f7bf0200] SWq=0x7fa0ee95c000, HWq=0x7f9face00000, id=1, Dispatch Header = 0x1502 (type=2, barrier=1, acquire=2, release=2), setup=1, grid=[26624, 1, 1], workgroup=[256, 1, 1], private_seg_size=0, group_seg_size=0, kernel_obj=0x7fa0ee94dd40, kernarg_address=0x7f9facc00100, completion_signal=0x0, correlation_id=0, rptr=179, wptr=179
:3:hip_memory.cpp           :3477: 4393670881847 us: [pid:4174004 tid: 0x7fa0f7bf0200] hipMemset: Returned hipSuccess : 
:3:hip_device_runtime.cpp   :641 : 4393670881853 us: [pid:4174004 tid: 0x7fa0f7bf0200] [32m hipDeviceSynchronize (  ) [0m
:4:commandqueue.cpp         :161 : 4393670881859 us: [pid:4174004 tid: 0x7fa0f7bf0200] Marker queued to ensure finish
:4:command.cpp              :359 : 4393670881864 us: [pid:4174004 tid: 0x7fa0f7bf0200] Command (InternalMarker) enqueued: 0x3cf38cb0
:3:rocvirtual.cpp           :533 : 4393670881883 us: [pid:4174004 tid: 0x7fa0f7bf0200] Set Handler: handle(0x7fa0ee7fc580), timestamp(0x3c86be10)
:4:rocvirtual.cpp           :1147: 4393670882370 us: [pid:4174004 tid: 0x7fa0f7bf0200] SWq=0x7fa0ee95c000, HWq=0x7f9face00000, id=1, BarrierAND Header = 0x1503 (type=3, barrier=1, acquire=2, release=2), dep_signal=[0x0, 0x0, 0x0, 0x0, 0x0], completion_signal=0x7fa0ee7fc580
:4:commandqueue.cpp         :184 : 4393670882382 us: [pid:4174004 tid: 0x7fa0f7bf0200] All commands finished
:3:hip_device_runtime.cpp   :645 : 4393670882388 us: [pid:4174004 tid: 0x7fa0f7bf0200] hipDeviceSynchronize: Returned hipSuccess : 
:3:rocvirtual.cpp           :226 : 4393670882388 us: [pid:4174004 tid: 0x7f9fbf3ff6c0] Handler: value(0), timestamp(0x3c825ed0), handle(0x7fa0ee7fc580)
:4:command.cpp              :169 : 4393670882418 us: [pid:4174004 tid: 0x7f9fbf3ff6c0] Command 0x3cd9ae10 complete
:3:hip_platform.cpp         :237 : 4393670882404 us: [pid:4174004 tid: 0x7fa0f7bf0200] [32m __hipPushCallConfiguration ( {8,1,1}, {1024,1,1}, 0, stream:<null> ) [0m
:4:command.cpp              :163 : 4393670882426 us: [pid:4174004 tid: 0x7f9fbf3ff6c0] Command 0x3cf38cb0 complete (Wall: 4393670882425, CPU: 0, GPU: 553 us)
:3:hip_platform.cpp         :241 : 4393670882435 us: [pid:4174004 tid: 0x7fa0f7bf0200] __hipPushCallConfiguration: Returned hipSuccess : 
:3:hip_platform.cpp         :246 : 4393670882458 us: [pid:4174004 tid: 0x7fa0f7bf0200] [32m __hipPopCallConfiguration ( {37054546,32673,1024}, {2118224,0,2918783392}, 0x7fffadf916f0, 0x7fffadf916e8 ) [0m
:3:hip_platform.cpp         :255 : 4393670882466 us: [pid:4174004 tid: 0x7fa0f7bf0200] __hipPopCallConfiguration: Returned hipSuccess : 
:3:hip_module.cpp           :744 : 4393670882478 us: [pid:4174004 tid: 0x7fa0f7bf0200] [32m hipLaunchKernel ( 0x200fd8, {8,1,1}, {1024,1,1}, 0x7fffadf916a0, 0, stream:<null> ) [0m
:4:command.cpp              :359 : 4393670882494 us: [pid:4174004 tid: 0x7fa0f7bf0200] Command (KernelExecution) enqueued: 0x3cd9a9d0
:3:rocvirtual.cpp           :762 : 4393670882978 us: [pid:4174004 tid: 0x7fa0f7bf0200] Arg0:   = ptr:0x7f9ed4200000
:3:rocvirtual.cpp           :778 : 4393670883491 us: [pid:4174004 tid: 0x7fa0f7bf0200] Arg0:   = ptr:0x7f9ed4200000 obj:[0x7f9ed4200000-0x7f9ef16c0000]
:3:rocvirtual.cpp           :762 : 4393670883499 us: [pid:4174004 tid: 0x7fa0f7bf0200] Arg1:   = ptr:0x7f9fa0027000
:3:rocvirtual.cpp           :778 : 4393670883504 us: [pid:4174004 tid: 0x7fa0f7bf0200] Arg1:   = ptr:0x7f9fa0027000 obj:[0x7f9fa0027000-0x7f9fa0087000]
:3:rocvirtual.cpp           :762 : 4393670883511 us: [pid:4174004 tid: 0x7fa0f7bf0200] Arg2:   = ptr:0x7f9eb6a00000
:3:rocvirtual.cpp           :778 : 4393670883516 us: [pid:4174004 tid: 0x7fa0f7bf0200] Arg2:   = ptr:0x7f9eb6a00000 obj:[0x7f9eb6a00000-0x7f9ed3ec0000]
:3:rocvirtual.cpp           :853 : 4393670883524 us: [pid:4174004 tid: 0x7fa0f7bf0200] Arg3:   = val:12288
:3:rocvirtual.cpp           :762 : 4393670883528 us: [pid:4174004 tid: 0x7fa0f7bf0200] Arg4:   = ptr:0x7f9fa0000000
:3:rocvirtual.cpp           :778 : 4393670883533 us: [pid:4174004 tid: 0x7fa0f7bf0200] Arg4:   = ptr:0x7f9fa0000000 obj:[0x7f9fa0000000-0x7f9fa0000024]
:3:rocvirtual.cpp           :3236: 4393670883541 us: [pid:4174004 tid: 0x7fa0f7bf0200] ShaderName : void dense_esuhm<float>(float const*, float const*, float*, int, int const*)
:3:rocvirtual.cpp           :3449: 4393670883553 us: [pid:4174004 tid: 0x7fa0f7bf0200] KernargSegmentByteSize = 296 KernargSegmentAlignment = 128
:4:rocvirtual.cpp           :965 : 4393670883562 us: [pid:4174004 tid: 0x7fa0f7bf0200] SWq=0x7fa0ee95c000, HWq=0x7f9face00000, id=1, Dispatch Header = 0xb02 (type=2, barrier=1, acquire=1, release=1), setup=3, grid=[8192, 1, 1], workgroup=[1024, 1, 1], private_seg_size=140, group_seg_size=0, kernel_obj=0x7fa0ee921980, kernarg_address=0x7f9facc00280, completion_signal=0x0, correlation_id=0, rptr=181, wptr=181
:3:hip_module.cpp           :745 : 4393670883576 us: [pid:4174004 tid: 0x7fa0f7bf0200] hipLaunchKernel: Returned hipSuccess : : duration: 1098 us
:3:hip_device_runtime.cpp   :641 : 4393670883584 us: [pid:4174004 tid: 0x7fa0f7bf0200] [32m hipDeviceSynchronize (  ) [0m
:4:commandqueue.cpp         :161 : 4393670883589 us: [pid:4174004 tid: 0x7fa0f7bf0200] Marker queued to ensure finish
:4:command.cpp              :359 : 4393670883594 us: [pid:4174004 tid: 0x7fa0f7bf0200] Command (InternalMarker) enqueued: 0x3cf38cb0
:3:rocvirtual.cpp           :533 : 4393670884127 us: [pid:4174004 tid: 0x7fa0f7bf0200] Set Handler: handle(0x7fa0ee7fc600), timestamp(0x3c86beb0)
:4:rocvirtual.cpp           :1147: 4393670884135 us: [pid:4174004 tid: 0x7fa0f7bf0200] SWq=0x7fa0ee95c000, HWq=0x7f9face00000, id=1, BarrierAND Header = 0x1503 (type=3, barrier=1, acquire=2, release=2), dep_signal=[0x0, 0x0, 0x0, 0x0, 0x0], completion_signal=0x7fa0ee7fc600
:3:rocvirtual.hpp           :56  : 4393670884146 us: [pid:4174004 tid: 0x7fa0f7bf0200] Host active wait for Signal = (0x7fa0ee7fc600) for -1 ns
:4:commandqueue.cpp         :184 : 4393670884158 us: [pid:4174004 tid: 0x7fa0f7bf0200] All commands finished
:3:rocvirtual.cpp           :226 : 4393670884149 us: [pid:4174004 tid: 0x7f9fbf3ff6c0] Handler: value(0), timestamp(0x3d00acf0), handle(0x7fa0ee7fc600)
:4:command.cpp              :169 : 4393670884178 us: [pid:4174004 tid: 0x7f9fbf3ff6c0] Command 0x3cd9a9d0 complete
:3:hip_device_runtime.cpp   :645 : 4393670884165 us: [pid:4174004 tid: 0x7fa0f7bf0200] hipDeviceSynchronize: Returned hipSuccess : 
:4:command.cpp              :163 : 4393670884186 us: [pid:4174004 tid: 0x7f9fbf3ff6c0] Command 0x3cf38cb0 complete (Wall: 4393670884185, CPU: 0, GPU: 63 us)
:3:hip_memory.cpp           :795 : 4393670884203 us: [pid:4174004 tid: 0x7fa0f7bf0200] [32m hipMemcpy ( 0x7f9f4967e010, 0x7f9eb6a00000, 491520000, hipMemcpyDeviceToHost ) [0m
:4:command.cpp              :359 : 4393670884219 us: [pid:4174004 tid: 0x7fa0f7bf0200] Command (CopyDeviceToHost) enqueued: 0x3cd9a9d0
:4:rocblit.cpp              :1673: 4393670884229 us: [pid:4174004 tid: 0x7fa0f7bf0200] Unpinned read path, Async = 0
:4:rocmemory.cpp            :1018: 4393670884253 us: [pid:4174004 tid: 0x7fa0f7bf0200] Locking to pool 0x3c6dded0, size 0x2001000, HostPtr = 0x7f9f4967e000, DevPtr = 0x7f9f4967e000
:4:rocblit.cpp              :623 : 4393670884579 us: [pid:4174004 tid: 0x7fa0f7bf0200] HSA Copy Using Pinned resource size 33554432
:4:rocblit.cpp              :687 : 4393670884587 us: [pid:4174004 tid: 0x7fa0f7bf0200] HSA Async Copy staged D2H
:4:rocblit.cpp              :503 : 4393670884593 us: [pid:4174004 tid: 0x7fa0f7bf0200] Last copy mask 0x0
:4:rocblit.cpp              :509 : 4393670884600 us: [pid:4174004 tid: 0x7fa0f7bf0200] Query copy engine status 0, free_engine mask 0x1e
:4:rocblit.cpp              :520 : 4393670884608 us: [pid:4174004 tid: 0x7fa0f7bf0200] HSA Async Copy on copy_engine=0x2, dst=0x7f9f4967e010, src=0x7f9eb6a00000, size=33554432, forceSDMA=0, wait_event=0x0, completion_signal=0x7fa0ee7feb00
:4:rocvirtual.cpp           :622 : 4393670884619 us: [pid:4174004 tid: 0x7fa0f7bf0200] Host wait on completion_signal=0x7fa0ee7feb00
:3:rocvirtual.hpp           :56  : 4393670884627 us: [pid:4174004 tid: 0x7fa0f7bf0200] Host active wait for Signal = (0x7fa0ee7feb00) for -1 ns
:4:rocmemory.cpp            :1018: 4393670885826 us: [pid:4174004 tid: 0x7fa0f7bf0200] Locking to pool 0x3c6dded0, size 0x2001000, HostPtr = 0x7f9f4b67e000, DevPtr = 0x7f9f4b67e000
:4:rocblit.cpp              :623 : 4393670885840 us: [pid:4174004 tid: 0x7fa0f7bf0200] HSA Copy Using Pinned resource size 33554432
:4:rocblit.cpp              :687 : 4393670885848 us: [pid:4174004 tid: 0x7fa0f7bf0200] HSA Async Copy staged D2H
:4:rocblit.cpp              :503 : 4393670885854 us: [pid:4174004 tid: 0x7fa0f7bf0200] Last copy mask 0x2
:4:rocblit.cpp              :520 : 4393670885859 us: [pid:4174004 tid: 0x7fa0f7bf0200] HSA Async Copy on copy_engine=0x2, dst=0x7f9f4b67e010, src=0x7f9eb8a00000, size=33554432, forceSDMA=0, wait_event=0x0, completion_signal=0x7fa0ee7fe100
:4:rocvirtual.cpp           :622 : 4393670885867 us: [pid:4174004 tid: 0x7fa0f7bf0200] Host wait on completion_signal=0x7fa0ee7fe100
:3:rocvirtual.hpp           :56  : 4393670885874 us: [pid:4174004 tid: 0x7fa0f7bf0200] Host active wait for Signal = (0x7fa0ee7fe100) for -1 ns
:4:rocmemory.cpp            :1018: 4393670887070 us: [pid:4174004 tid: 0x7fa0f7bf0200] Locking to pool 0x3c6dded0, size 0x2001000, HostPtr = 0x7f9f4d67e000, DevPtr = 0x7f9f4d67e000
:4:rocblit.cpp              :623 : 4393670887081 us: [pid:4174004 tid: 0x7fa0f7bf0200] HSA Copy Using Pinned resource size 33554432
:4:rocblit.cpp              :687 : 4393670887088 us: [pid:4174004 tid: 0x7fa0f7bf0200] HSA Async Copy staged D2H
:4:rocblit.cpp              :503 : 4393670887094 us: [pid:4174004 tid: 0x7fa0f7bf0200] Last copy mask 0x2
:4:rocblit.cpp              :520 : 4393670887100 us: [pid:4174004 tid: 0x7fa0f7bf0200] HSA Async Copy on copy_engine=0x2, dst=0x7f9f4d67e010, src=0x7f9ebaa00000, size=33554432, forceSDMA=0, wait_event=0x0, completion_signal=0x7fa0ee7fe200
:4:rocvirtual.cpp           :622 : 4393670887108 us: [pid:4174004 tid: 0x7fa0f7bf0200] Host wait on completion_signal=0x7fa0ee7fe200
:3:rocvirtual.hpp           :56  : 4393670887115 us: [pid:4174004 tid: 0x7fa0f7bf0200] Host active wait for Signal = (0x7fa0ee7fe200) for -1 ns
:4:rocmemory.cpp            :1018: 4393670888312 us: [pid:4174004 tid: 0x7fa0f7bf0200] Locking to pool 0x3c6dded0, size 0x2001000, HostPtr = 0x7f9f4f67e000, DevPtr = 0x7f9f4f67e000
:4:rocblit.cpp              :623 : 4393670888331 us: [pid:4174004 tid: 0x7fa0f7bf0200] HSA Copy Using Pinned resource size 33554432
:4:rocblit.cpp              :687 : 4393670888339 us: [pid:4174004 tid: 0x7fa0f7bf0200] HSA Async Copy staged D2H
:4:rocblit.cpp              :503 : 4393670888344 us: [pid:4174004 tid: 0x7fa0f7bf0200] Last copy mask 0x2
:4:rocblit.cpp              :520 : 4393670888348 us: [pid:4174004 tid: 0x7fa0f7bf0200] HSA Async Copy on copy_engine=0x2, dst=0x7f9f4f67e010, src=0x7f9ebca00000, size=33554432, forceSDMA=0, wait_event=0x0, completion_signal=0x7fa0ee7fdb80
:4:rocvirtual.cpp           :622 : 4393670888357 us: [pid:4174004 tid: 0x7fa0f7bf0200] Host wait on completion_signal=0x7fa0ee7fdb80
:3:rocvirtual.hpp           :56  : 4393670888364 us: [pid:4174004 tid: 0x7fa0f7bf0200] Host active wait for Signal = (0x7fa0ee7fdb80) for -1 ns
:4:rocmemory.cpp            :1018: 4393670889570 us: [pid:4174004 tid: 0x7fa0f7bf0200] Locking to pool 0x3c6dded0, size 0x2001000, HostPtr = 0x7f9f5167e000, DevPtr = 0x7f9f5167e000
:4:rocblit.cpp              :623 : 4393670889583 us: [pid:4174004 tid: 0x7fa0f7bf0200] HSA Copy Using Pinned resource size 33554432
:4:rocblit.cpp              :687 : 4393670889591 us: [pid:4174004 tid: 0x7fa0f7bf0200] HSA Async Copy staged D2H
:4:rocblit.cpp              :503 : 4393670889596 us: [pid:4174004 tid: 0x7fa0f7bf0200] Last copy mask 0x2
:4:rocblit.cpp              :520 : 4393670889601 us: [pid:4174004 tid: 0x7fa0f7bf0200] HSA Async Copy on copy_engine=0x2, dst=0x7f9f5167e010, src=0x7f9ebea00000, size=33554432, forceSDMA=0, wait_event=0x0, completion_signal=0x7fa0ee7fda80
:4:rocvirtual.cpp           :622 : 4393670889609 us: [pid:4174004 tid: 0x7fa0f7bf0200] Host wait on completion_signal=0x7fa0ee7fda80
:3:rocvirtual.hpp           :56  : 4393670889616 us: [pid:4174004 tid: 0x7fa0f7bf0200] Host active wait for Signal = (0x7fa0ee7fda80) for -1 ns
:4:rocmemory.cpp            :1018: 4393670890812 us: [pid:4174004 tid: 0x7fa0f7bf0200] Locking to pool 0x3c6dded0, size 0x2001000, HostPtr = 0x7f9f5367e000, DevPtr = 0x7f9f5367e000
:4:rocblit.cpp              :623 : 4393670890839 us: [pid:4174004 tid: 0x7fa0f7bf0200] HSA Copy Using Pinned resource size 33554432
:4:rocblit.cpp              :687 : 4393670890846 us: [pid:4174004 tid: 0x7fa0f7bf0200] HSA Async Copy staged D2H
:4:rocblit.cpp              :503 : 4393670890853 us: [pid:4174004 tid: 0x7fa0f7bf0200] Last copy mask 0x2
:4:rocblit.cpp              :520 : 4393670891329 us: [pid:4174004 tid: 0x7fa0f7bf0200] HSA Async Copy on copy_engine=0x2, dst=0x7f9f5367e010, src=0x7f9ec0a00000, size=33554432, forceSDMA=0, wait_event=0x0, completion_signal=0x7fa0ee7fd880
:4:rocvirtual.cpp           :622 : 4393670891338 us: [pid:4174004 tid: 0x7fa0f7bf0200] Host wait on completion_signal=0x7fa0ee7fd880
:3:rocvirtual.hpp           :56  : 4393670891345 us: [pid:4174004 tid: 0x7fa0f7bf0200] Host active wait for Signal = (0x7fa0ee7fd880) for -1 ns
:4:rocmemory.cpp            :1018: 4393670892542 us: [pid:4174004 tid: 0x7fa0f7bf0200] Locking to pool 0x3c6dded0, size 0x2001000, HostPtr = 0x7f9f5567e000, DevPtr = 0x7f9f5567e000
:4:rocblit.cpp              :623 : 4393670892553 us: [pid:4174004 tid: 0x7fa0f7bf0200] HSA Copy Using Pinned resource size 33554432
:4:rocblit.cpp              :687 : 4393670892560 us: [pid:4174004 tid: 0x7fa0f7bf0200] HSA Async Copy staged D2H
:4:rocblit.cpp              :503 : 4393670892566 us: [pid:4174004 tid: 0x7fa0f7bf0200] Last copy mask 0x2
:4:rocblit.cpp              :520 : 4393670892571 us: [pid:4174004 tid: 0x7fa0f7bf0200] HSA Async Copy on copy_engine=0x2, dst=0x7f9f5567e010, src=0x7f9ec2a00000, size=33554432, forceSDMA=0, wait_event=0x0, completion_signal=0x7fa0ee7ff780
:4:rocvirtual.cpp           :622 : 4393670892580 us: [pid:4174004 tid: 0x7fa0f7bf0200] Host wait on completion_signal=0x7fa0ee7ff780
:3:rocvirtual.hpp           :56  : 4393670892587 us: [pid:4174004 tid: 0x7fa0f7bf0200] Host active wait for Signal = (0x7fa0ee7ff780) for -1 ns
:4:rocmemory.cpp            :1018: 4393670893784 us: [pid:4174004 tid: 0x7fa0f7bf0200] Locking to pool 0x3c6dded0, size 0x2001000, HostPtr = 0x7f9f5767e000, DevPtr = 0x7f9f5767e000
:4:rocblit.cpp              :623 : 4393670893794 us: [pid:4174004 tid: 0x7fa0f7bf0200] HSA Copy Using Pinned resource size 33554432
:4:rocblit.cpp              :687 : 4393670893802 us: [pid:4174004 tid: 0x7fa0f7bf0200] HSA Async Copy staged D2H
:4:rocblit.cpp              :503 : 4393670893807 us: [pid:4174004 tid: 0x7fa0f7bf0200] Last copy mask 0x2
:4:rocblit.cpp              :520 : 4393670893812 us: [pid:4174004 tid: 0x7fa0f7bf0200] HSA Async Copy on copy_engine=0x2, dst=0x7f9f5767e010, src=0x7f9ec4a00000, size=33554432, forceSDMA=0, wait_event=0x0, completion_signal=0x7fa0ee7fec00
:4:rocvirtual.cpp           :622 : 4393670893820 us: [pid:4174004 tid: 0x7fa0f7bf0200] Host wait on completion_signal=0x7fa0ee7fec00
:3:rocvirtual.hpp           :56  : 4393670893827 us: [pid:4174004 tid: 0x7fa0f7bf0200] Host active wait for Signal = (0x7fa0ee7fec00) for -1 ns
:4:rocmemory.cpp            :1018: 4393670895026 us: [pid:4174004 tid: 0x7fa0f7bf0200] Locking to pool 0x3c6dded0, size 0x2001000, HostPtr = 0x7f9f5967e000, DevPtr = 0x7f9f5967e000
:4:rocblit.cpp              :623 : 4393670895036 us: [pid:4174004 tid: 0x7fa0f7bf0200] HSA Copy Using Pinned resource size 33554432
:4:rocblit.cpp              :687 : 4393670895043 us: [pid:4174004 tid: 0x7fa0f7bf0200] HSA Async Copy staged D2H
:4:rocblit.cpp              :503 : 4393670895049 us: [pid:4174004 tid: 0x7fa0f7bf0200] Last copy mask 0x2
:4:rocblit.cpp              :520 : 4393670895053 us: [pid:4174004 tid: 0x7fa0f7bf0200] HSA Async Copy on copy_engine=0x2, dst=0x7f9f5967e010, src=0x7f9ec6a00000, size=33554432, forceSDMA=0, wait_event=0x0, completion_signal=0x7fa0ee7fee80
:4:rocvirtual.cpp           :622 : 4393670895061 us: [pid:4174004 tid: 0x7fa0f7bf0200] Host wait on completion_signal=0x7fa0ee7fee80
:3:rocvirtual.hpp           :56  : 4393670895068 us: [pid:4174004 tid: 0x7fa0f7bf0200] Host active wait for Signal = (0x7fa0ee7fee80) for -1 ns
:4:rocmemory.cpp            :1018: 4393670896265 us: [pid:4174004 tid: 0x7fa0f7bf0200] Locking to pool 0x3c6dded0, size 0x2001000, HostPtr = 0x7f9f5b67e000, DevPtr = 0x7f9f5b67e000
:4:rocblit.cpp              :623 : 4393670896276 us: [pid:4174004 tid: 0x7fa0f7bf0200] HSA Copy Using Pinned resource size 33554432
:4:rocblit.cpp              :687 : 4393670896283 us: [pid:4174004 tid: 0x7fa0f7bf0200] HSA Async Copy staged D2H
:4:rocblit.cpp              :503 : 4393670896288 us: [pid:4174004 tid: 0x7fa0f7bf0200] Last copy mask 0x2
:4:rocblit.cpp              :520 : 4393670896293 us: [pid:4174004 tid: 0x7fa0f7bf0200] HSA Async Copy on copy_engine=0x2, dst=0x7f9f5b67e010, src=0x7f9ec8a00000, size=33554432, forceSDMA=0, wait_event=0x0, completion_signal=0x7fa0ee7fee00
:4:rocvirtual.cpp           :622 : 4393670896301 us: [pid:4174004 tid: 0x7fa0f7bf0200] Host wait on completion_signal=0x7fa0ee7fee00
:3:rocvirtual.hpp           :56  : 4393670896309 us: [pid:4174004 tid: 0x7fa0f7bf0200] Host active wait for Signal = (0x7fa0ee7fee00) for -1 ns
:4:rocmemory.cpp            :1018: 4393670897504 us: [pid:4174004 tid: 0x7fa0f7bf0200] Locking to pool 0x3c6dded0, size 0x2001000, HostPtr = 0x7f9f5d67e000, DevPtr = 0x7f9f5d67e000
:4:rocblit.cpp              :623 : 4393670897515 us: [pid:4174004 tid: 0x7fa0f7bf0200] HSA Copy Using Pinned resource size 33554432
:4:rocblit.cpp              :687 : 4393670897522 us: [pid:4174004 tid: 0x7fa0f7bf0200] HSA Async Copy staged D2H
:4:rocblit.cpp              :503 : 4393670897527 us: [pid:4174004 tid: 0x7fa0f7bf0200] Last copy mask 0x2
:4:rocblit.cpp              :520 : 4393670897531 us: [pid:4174004 tid: 0x7fa0f7bf0200] HSA Async Copy on copy_engine=0x2, dst=0x7f9f5d67e010, src=0x7f9ecaa00000, size=33554432, forceSDMA=0, wait_event=0x0, completion_signal=0x7fa0ee7ff480
:4:rocvirtual.cpp           :622 : 4393670897540 us: [pid:4174004 tid: 0x7fa0f7bf0200] Host wait on completion_signal=0x7fa0ee7ff480
:3:rocvirtual.hpp           :56  : 4393670897547 us: [pid:4174004 tid: 0x7fa0f7bf0200] Host active wait for Signal = (0x7fa0ee7ff480) for -1 ns
:4:rocmemory.cpp            :1018: 4393670898742 us: [pid:4174004 tid: 0x7fa0f7bf0200] Locking to pool 0x3c6dded0, size 0x2001000, HostPtr = 0x7f9f5f67e000, DevPtr = 0x7f9f5f67e000
:4:rocblit.cpp              :623 : 4393670898752 us: [pid:4174004 tid: 0x7fa0f7bf0200] HSA Copy Using Pinned resource size 33554432
:4:rocblit.cpp              :687 : 4393670898759 us: [pid:4174004 tid: 0x7fa0f7bf0200] HSA Async Copy staged D2H
:4:rocblit.cpp              :503 : 4393670898764 us: [pid:4174004 tid: 0x7fa0f7bf0200] Last copy mask 0x2
:4:rocblit.cpp              :520 : 4393670898769 us: [pid:4174004 tid: 0x7fa0f7bf0200] HSA Async Copy on copy_engine=0x2, dst=0x7f9f5f67e010, src=0x7f9ecca00000, size=33554432, forceSDMA=0, wait_event=0x0, completion_signal=0x7fa0ee7fd900
:4:rocvirtual.cpp           :622 : 4393670898777 us: [pid:4174004 tid: 0x7fa0f7bf0200] Host wait on completion_signal=0x7fa0ee7fd900
:3:rocvirtual.hpp           :56  : 4393670898784 us: [pid:4174004 tid: 0x7fa0f7bf0200] Host active wait for Signal = (0x7fa0ee7fd900) for -1 ns
:4:rocmemory.cpp            :1018: 4393670899978 us: [pid:4174004 tid: 0x7fa0f7bf0200] Locking to pool 0x3c6dded0, size 0x2001000, HostPtr = 0x7f9f6167e000, DevPtr = 0x7f9f6167e000
:4:rocblit.cpp              :623 : 4393670899988 us: [pid:4174004 tid: 0x7fa0f7bf0200] HSA Copy Using Pinned resource size 33554432
:4:rocblit.cpp              :687 : 4393670899996 us: [pid:4174004 tid: 0x7fa0f7bf0200] HSA Async Copy staged D2H
:4:rocblit.cpp              :503 : 4393670900005 us: [pid:4174004 tid: 0x7fa0f7bf0200] Last copy mask 0x2
:4:rocblit.cpp              :520 : 4393670900010 us: [pid:4174004 tid: 0x7fa0f7bf0200] HSA Async Copy on copy_engine=0x2, dst=0x7f9f6167e010, src=0x7f9ecea00000, size=33554432, forceSDMA=0, wait_event=0x0, completion_signal=0x7fa0ee7fe280
:4:rocvirtual.cpp           :622 : 4393670900018 us: [pid:4174004 tid: 0x7fa0f7bf0200] Host wait on completion_signal=0x7fa0ee7fe280
:3:rocvirtual.hpp           :56  : 4393670900028 us: [pid:4174004 tid: 0x7fa0f7bf0200] Host active wait for Signal = (0x7fa0ee7fe280) for -1 ns
:4:rocmemory.cpp            :1018: 4393670901221 us: [pid:4174004 tid: 0x7fa0f7bf0200] Locking to pool 0x3c6dded0, size 0x2001000, HostPtr = 0x7f9f6367e000, DevPtr = 0x7f9f6367e000
:4:rocblit.cpp              :623 : 4393670901232 us: [pid:4174004 tid: 0x7fa0f7bf0200] HSA Copy Using Pinned resource size 33554432
:4:rocblit.cpp              :687 : 4393670901240 us: [pid:4174004 tid: 0x7fa0f7bf0200] HSA Async Copy staged D2H
:4:rocblit.cpp              :503 : 4393670901245 us: [pid:4174004 tid: 0x7fa0f7bf0200] Last copy mask 0x2
:4:rocblit.cpp              :520 : 4393670901250 us: [pid:4174004 tid: 0x7fa0f7bf0200] HSA Async Copy on copy_engine=0x2, dst=0x7f9f6367e010, src=0x7f9ed0a00000, size=33554432, forceSDMA=0, wait_event=0x0, completion_signal=0x7fa0ee7fe300
:4:rocvirtual.cpp           :622 : 4393670901259 us: [pid:4174004 tid: 0x7fa0f7bf0200] Host wait on completion_signal=0x7fa0ee7fe300
:3:rocvirtual.hpp           :56  : 4393670901267 us: [pid:4174004 tid: 0x7fa0f7bf0200] Host active wait for Signal = (0x7fa0ee7fe300) for -1 ns
:4:rocmemory.cpp            :1018: 4393670902460 us: [pid:4174004 tid: 0x7fa0f7bf0200] Locking to pool 0x3c6dded0, size 0x14c1000, HostPtr = 0x7f9f6567e000, DevPtr = 0x7f9f6567e000
:4:rocblit.cpp              :623 : 4393670902471 us: [pid:4174004 tid: 0x7fa0f7bf0200] HSA Copy Using Pinned resource size 21757952
:4:rocblit.cpp              :687 : 4393670902478 us: [pid:4174004 tid: 0x7fa0f7bf0200] HSA Async Copy staged D2H
:4:rocblit.cpp              :503 : 4393670902484 us: [pid:4174004 tid: 0x7fa0f7bf0200] Last copy mask 0x2
:4:rocblit.cpp              :520 : 4393670902488 us: [pid:4174004 tid: 0x7fa0f7bf0200] HSA Async Copy on copy_engine=0x2, dst=0x7f9f6567e010, src=0x7f9ed2a00000, size=21757952, forceSDMA=0, wait_event=0x0, completion_signal=0x7fa0ee7fe400
:4:rocvirtual.cpp           :622 : 4393670902496 us: [pid:4174004 tid: 0x7fa0f7bf0200] Host wait on completion_signal=0x7fa0ee7fe400
:3:rocvirtual.hpp           :56  : 4393670902504 us: [pid:4174004 tid: 0x7fa0f7bf0200] Host active wait for Signal = (0x7fa0ee7fe400) for -1 ns
:4:commandqueue.cpp         :161 : 4393670903277 us: [pid:4174004 tid: 0x7fa0f7bf0200] Marker queued to ensure finish
:4:command.cpp              :359 : 4393670903284 us: [pid:4174004 tid: 0x7fa0f7bf0200] Command (InternalMarker) enqueued: 0x3cf38cb0
:3:rocvirtual.cpp           :533 : 4393670903297 us: [pid:4174004 tid: 0x7fa0f7bf0200] Set Handler: handle(0x7fa0ee7fc280), timestamp(0x3d02ebf0)
:4:rocvirtual.cpp           :1147: 4393670903305 us: [pid:4174004 tid: 0x7fa0f7bf0200] SWq=0x7fa0ee95c000, HWq=0x7f9face00000, id=1, BarrierAND Header = 0x1503 (type=3, barrier=1, acquire=2, release=2), dep_signal=[0x0, 0x0, 0x0, 0x0, 0x0], completion_signal=0x7fa0ee7fc280
:3:rocvirtual.hpp           :56  : 4393670903316 us: [pid:4174004 tid: 0x7fa0f7bf0200] Host active wait for Signal = (0x7fa0ee7fc280) for -1 ns
:3:rocvirtual.cpp           :226 : 4393670903322 us: [pid:4174004 tid: 0x7f9fbf3ff6c0] Handler: value(0), timestamp(0x3d00acf0), handle(0x7fa0ee7fc280)
:4:command.cpp              :169 : 4393670903337 us: [pid:4174004 tid: 0x7f9fbf3ff6c0] Command 0x3cd9a9d0 complete
:4:commandqueue.cpp         :184 : 4393670903323 us: [pid:4174004 tid: 0x7fa0f7bf0200] All commands finished
:3:hip_memory.cpp           :796 : 4393670903352 us: [pid:4174004 tid: 0x7fa0f7bf0200] hipMemcpy: Returned hipSuccess : : duration: 19149 us
:4:command.cpp              :163 : 4393670903345 us: [pid:4174004 tid: 0x7f9fbf3ff6c0] Command 0x3cf38cb0 complete (Wall: 4393670903343, CPU: 0, GPU: 51 us)
:3:hip_memory.cpp           :3476: 4393670903364 us: [pid:4174004 tid: 0x7fa0f7bf0200] [32m hipMemset ( 0x7f9eb6a00000, 0, 491520000 ) [0m
:4:command.cpp              :359 : 4393670903385 us: [pid:4174004 tid: 0x7fa0f7bf0200] Command (FillBuffer) enqueued: 0x3cd9ae10
:3:rocvirtual.cpp           :762 : 4393670903396 us: [pid:4174004 tid: 0x7fa0f7bf0200] Arg0: void* buf = ptr:0x7f9eb6a00000
:3:rocvirtual.cpp           :778 : 4393670903829 us: [pid:4174004 tid: 0x7fa0f7bf0200] Arg0: void* buf = ptr:0x7f9eb6a00000 obj:[0x7f9eb6a00000-0x7f9ed3ec0000]
:3:rocvirtual.cpp           :762 : 4393670903837 us: [pid:4174004 tid: 0x7fa0f7bf0200] Arg1: uchar* pattern = ptr:0x7f9facc00000
:3:rocvirtual.cpp           :853 : 4393670903844 us: [pid:4174004 tid: 0x7fa0f7bf0200] Arg2: uint pattern_size = val:1
:3:rocvirtual.cpp           :853 : 4393670903849 us: [pid:4174004 tid: 0x7fa0f7bf0200] Arg3: uint alignment = val:16
:3:rocvirtual.cpp           :853 : 4393670903854 us: [pid:4174004 tid: 0x7fa0f7bf0200] Arg4: ulong end_ptr = val:140320137019392
:3:rocvirtual.cpp           :853 : 4393670903861 us: [pid:4174004 tid: 0x7fa0f7bf0200] Arg5: uint next_chunk = val:26624
:3:rocvirtual.cpp           :3236: 4393670903866 us: [pid:4174004 tid: 0x7fa0f7bf0200] ShaderName : __amd_rocclr_fillBufferAligned
:3:rocvirtual.cpp           :3449: 4393670903874 us: [pid:4174004 tid: 0x7fa0f7bf0200] KernargSegmentByteSize = 296 KernargSegmentAlignment = 128
:4:rocvirtual.cpp           :965 : 4393670903883 us: [pid:4174004 tid: 0x7fa0f7bf0200] SWq=0x7fa0ee95c000, HWq=0x7f9face00000, id=1, Dispatch Header = 0x1502 (type=2, barrier=1, acquire=2, release=2), setup=1, grid=[26624, 1, 1], workgroup=[256, 1, 1], private_seg_size=0, group_seg_size=0, kernel_obj=0x7fa0ee94dd40, kernarg_address=0x7f9facc00100, completion_signal=0x0, correlation_id=0, rptr=184, wptr=184
:3:hip_memory.cpp           :3477: 4393670903897 us: [pid:4174004 tid: 0x7fa0f7bf0200] hipMemset: Returned hipSuccess : 
:3:hip_device_runtime.cpp   :641 : 4393670903902 us: [pid:4174004 tid: 0x7fa0f7bf0200] [32m hipDeviceSynchronize (  ) [0m
:4:commandqueue.cpp         :161 : 4393670903907 us: [pid:4174004 tid: 0x7fa0f7bf0200] Marker queued to ensure finish
:4:command.cpp              :359 : 4393670903912 us: [pid:4174004 tid: 0x7fa0f7bf0200] Command (InternalMarker) enqueued: 0x3cf38cb0
:3:rocvirtual.cpp           :533 : 4393670903923 us: [pid:4174004 tid: 0x7fa0f7bf0200] Set Handler: handle(0x7fa0ee7fc000), timestamp(0x3cf6e890)
:4:rocvirtual.cpp           :1147: 4393670903931 us: [pid:4174004 tid: 0x7fa0f7bf0200] SWq=0x7fa0ee95c000, HWq=0x7f9face00000, id=1, BarrierAND Header = 0x1503 (type=3, barrier=1, acquire=2, release=2), dep_signal=[0x0, 0x0, 0x0, 0x0, 0x0], completion_signal=0x7fa0ee7fc000
:4:commandqueue.cpp         :184 : 4393670904525 us: [pid:4174004 tid: 0x7fa0f7bf0200] All commands finished
:3:rocvirtual.cpp           :226 : 4393670904307 us: [pid:4174004 tid: 0x7f9fbf3ff6c0] Handler: value(0), timestamp(0x3ce0b290), handle(0x7fa0ee7fc000)
:4:command.cpp              :169 : 4393670904544 us: [pid:4174004 tid: 0x7f9fbf3ff6c0] Command 0x3cd9ae10 complete
:3:hip_device_runtime.cpp   :645 : 4393670904531 us: [pid:4174004 tid: 0x7fa0f7bf0200] hipDeviceSynchronize: Returned hipSuccess : 
:4:command.cpp              :163 : 4393670904550 us: [pid:4174004 tid: 0x7f9fbf3ff6c0] Command 0x3cf38cb0 complete (Wall: 4393670904549, CPU: 0, GPU: 630 us)
:3:hip_platform.cpp         :237 : 4393670905004 us: [pid:4174004 tid: 0x7fa0f7bf0200] [32m __hipPushCallConfiguration ( {8,1,1}, {1024,1,1}, 0, stream:<null> ) [0m
:3:hip_platform.cpp         :241 : 4393670905027 us: [pid:4174004 tid: 0x7fa0f7bf0200] __hipPushCallConfiguration: Returned hipSuccess : 
:3:hip_platform.cpp         :246 : 4393670905037 us: [pid:4174004 tid: 0x7fa0f7bf0200] [32m __hipPopCallConfiguration ( {37054546,32673,1024}, {2118224,0,2918783392}, 0x7fffadf916f0, 0x7fffadf916e8 ) [0m
:3:hip_platform.cpp         :255 : 4393670905045 us: [pid:4174004 tid: 0x7fa0f7bf0200] __hipPopCallConfiguration: Returned hipSuccess : 
:3:hip_module.cpp           :744 : 4393670905056 us: [pid:4174004 tid: 0x7fa0f7bf0200] [32m hipLaunchKernel ( 0x200fe0, {8,1,1}, {1024,1,1}, 0x7fffadf916a0, 0, stream:<null> ) [0m
:4:command.cpp              :359 : 4393670905069 us: [pid:4174004 tid: 0x7fa0f7bf0200] Command (KernelExecution) enqueued: 0x3cd9a9d0
:3:rocvirtual.cpp           :762 : 4393670905079 us: [pid:4174004 tid: 0x7fa0f7bf0200] Arg0:   = ptr:0x7f9ed4200000
:3:rocvirtual.cpp           :778 : 4393670905086 us: [pid:4174004 tid: 0x7fa0f7bf0200] Arg0:   = ptr:0x7f9ed4200000 obj:[0x7f9ed4200000-0x7f9ef16c0000]
:3:rocvirtual.cpp           :762 : 4393670905094 us: [pid:4174004 tid: 0x7fa0f7bf0200] Arg1:   = ptr:0x7f9fa0027000
:3:rocvirtual.cpp           :778 : 4393670905099 us: [pid:4174004 tid: 0x7fa0f7bf0200] Arg1:   = ptr:0x7f9fa0027000 obj:[0x7f9fa0027000-0x7f9fa0087000]
:3:rocvirtual.cpp           :762 : 4393670905513 us: [pid:4174004 tid: 0x7fa0f7bf0200] Arg2:   = ptr:0x7f9eb6a00000
:3:rocvirtual.cpp           :778 : 4393670905518 us: [pid:4174004 tid: 0x7fa0f7bf0200] Arg2:   = ptr:0x7f9eb6a00000 obj:[0x7f9eb6a00000-0x7f9ed3ec0000]
:3:rocvirtual.cpp           :853 : 4393670905526 us: [pid:4174004 tid: 0x7fa0f7bf0200] Arg3:   = val:12288
:3:rocvirtual.cpp           :762 : 4393670905531 us: [pid:4174004 tid: 0x7fa0f7bf0200] Arg4:   = ptr:0x7f9fa0000000
:3:rocvirtual.cpp           :778 : 4393670905535 us: [pid:4174004 tid: 0x7fa0f7bf0200] Arg4:   = ptr:0x7f9fa0000000 obj:[0x7f9fa0000000-0x7f9fa0000024]
:3:rocvirtual.cpp           :3236: 4393670905543 us: [pid:4174004 tid: 0x7fa0f7bf0200] ShaderName : void dense_esuhm2<float>(float const*, float const*, float*, int, int const*)
:3:rocvirtual.cpp           :3449: 4393670905551 us: [pid:4174004 tid: 0x7fa0f7bf0200] KernargSegmentByteSize = 296 KernargSegmentAlignment = 128
:4:rocvirtual.cpp           :965 : 4393670905560 us: [pid:4174004 tid: 0x7fa0f7bf0200] SWq=0x7fa0ee95c000, HWq=0x7f9face00000, id=1, Dispatch Header = 0xb02 (type=2, barrier=1, acquire=1, release=1), setup=3, grid=[8192, 1, 1], workgroup=[1024, 1, 1], private_seg_size=140, group_seg_size=0, kernel_obj=0x7fa0ee9219c0, kernarg_address=0x7f9facc00280, completion_signal=0x0, correlation_id=0, rptr=186, wptr=186
:3:hip_module.cpp           :745 : 4393670905574 us: [pid:4174004 tid: 0x7fa0f7bf0200] hipLaunchKernel: Returned hipSuccess : : duration: 518 us
:3:hip_device_runtime.cpp   :641 : 4393670905581 us: [pid:4174004 tid: 0x7fa0f7bf0200] [32m hipDeviceSynchronize (  ) [0m
:4:commandqueue.cpp         :161 : 4393670905586 us: [pid:4174004 tid: 0x7fa0f7bf0200] Marker queued to ensure finish
:4:command.cpp              :359 : 4393670905591 us: [pid:4174004 tid: 0x7fa0f7bf0200] Command (InternalMarker) enqueued: 0x3cf38cb0
:3:rocvirtual.cpp           :533 : 4393670905601 us: [pid:4174004 tid: 0x7fa0f7bf0200] Set Handler: handle(0x7fa0ee7fc080), timestamp(0x3d02f110)
:4:rocvirtual.cpp           :1147: 4393670905609 us: [pid:4174004 tid: 0x7fa0f7bf0200] SWq=0x7fa0ee95c000, HWq=0x7f9face00000, id=1, BarrierAND Header = 0x1503 (type=3, barrier=1, acquire=2, release=2), dep_signal=[0x0, 0x0, 0x0, 0x0, 0x0], completion_signal=0x7fa0ee7fc080
:4:commandqueue.cpp         :184 : 4393670906142 us: [pid:4174004 tid: 0x7fa0f7bf0200] All commands finished
:3:hip_device_runtime.cpp   :645 : 4393670906148 us: [pid:4174004 tid: 0x7fa0f7bf0200] hipDeviceSynchronize: Returned hipSuccess : 
:3:rocvirtual.cpp           :226 : 4393670905846 us: [pid:4174004 tid: 0x7f9fbf3ff6c0] Handler: value(0), timestamp(0x3ce981f0), handle(0x7fa0ee7fc080)
:3:hip_memory.cpp           :795 : 4393670906161 us: [pid:4174004 tid: 0x7fa0f7bf0200] [32m hipMemcpy ( 0x7f9f2c1bd010, 0x7f9eb6a00000, 491520000, hipMemcpyDeviceToHost ) [0m
:4:command.cpp              :359 : 4393670906189 us: [pid:4174004 tid: 0x7fa0f7bf0200] Command (CopyDeviceToHost) enqueued: 0x3cd9ae10
:4:rocblit.cpp              :1673: 4393670906199 us: [pid:4174004 tid: 0x7fa0f7bf0200] Unpinned read path, Async = 0
:4:command.cpp              :169 : 4393670906176 us: [pid:4174004 tid: 0x7f9fbf3ff6c0] Command 0x3cd9a9d0 complete
:4:rocmemory.cpp            :1018: 4393670906213 us: [pid:4174004 tid: 0x7fa0f7bf0200] Locking to pool 0x3c6dded0, size 0x2001000, HostPtr = 0x7f9f2c1bd000, DevPtr = 0x7f9f2c1bd000
:4:rocblit.cpp              :623 : 4393670906222 us: [pid:4174004 tid: 0x7fa0f7bf0200] HSA Copy Using Pinned resource size 33554432
:4:rocblit.cpp              :687 : 4393670906231 us: [pid:4174004 tid: 0x7fa0f7bf0200] HSA Async Copy staged D2H
:4:rocblit.cpp              :503 : 4393670906244 us: [pid:4174004 tid: 0x7fa0f7bf0200] Last copy mask 0x0
:4:command.cpp              :163 : 4393670906217 us: [pid:4174004 tid: 0x7f9fbf3ff6c0] Command 0x3cf38cb0 complete (Wall: 4393670906214, CPU: 0, GPU: 617 us)
:4:rocblit.cpp              :509 : 4393670906250 us: [pid:4174004 tid: 0x7fa0f7bf0200] Query copy engine status 0, free_engine mask 0x1e
:4:rocblit.cpp              :520 : 4393670906680 us: [pid:4174004 tid: 0x7fa0f7bf0200] HSA Async Copy on copy_engine=0x2, dst=0x7f9f2c1bd010, src=0x7f9eb6a00000, size=33554432, forceSDMA=0, wait_event=0x0, completion_signal=0x7fa0ee7fef00
:4:rocvirtual.cpp           :622 : 4393670906689 us: [pid:4174004 tid: 0x7fa0f7bf0200] Host wait on completion_signal=0x7fa0ee7fef00
:3:rocvirtual.hpp           :56  : 4393670906697 us: [pid:4174004 tid: 0x7fa0f7bf0200] Host active wait for Signal = (0x7fa0ee7fef00) for -1 ns
:4:rocmemory.cpp            :1018: 4393670907893 us: [pid:4174004 tid: 0x7fa0f7bf0200] Locking to pool 0x3c6dded0, size 0x2001000, HostPtr = 0x7f9f2e1bd000, DevPtr = 0x7f9f2e1bd000
:4:rocblit.cpp              :623 : 4393670907904 us: [pid:4174004 tid: 0x7fa0f7bf0200] HSA Copy Using Pinned resource size 33554432
:4:rocblit.cpp              :687 : 4393670907911 us: [pid:4174004 tid: 0x7fa0f7bf0200] HSA Async Copy staged D2H
:4:rocblit.cpp              :503 : 4393670907916 us: [pid:4174004 tid: 0x7fa0f7bf0200] Last copy mask 0x2
:4:rocblit.cpp              :520 : 4393670907921 us: [pid:4174004 tid: 0x7fa0f7bf0200] HSA Async Copy on copy_engine=0x2, dst=0x7f9f2e1bd010, src=0x7f9eb8a00000, size=33554432, forceSDMA=0, wait_event=0x0, completion_signal=0x7fa0ee7ff800
:4:rocvirtual.cpp           :622 : 4393670907929 us: [pid:4174004 tid: 0x7fa0f7bf0200] Host wait on completion_signal=0x7fa0ee7ff800
:3:rocvirtual.hpp           :56  : 4393670907936 us: [pid:4174004 tid: 0x7fa0f7bf0200] Host active wait for Signal = (0x7fa0ee7ff800) for -1 ns
:4:rocmemory.cpp            :1018: 4393670909130 us: [pid:4174004 tid: 0x7fa0f7bf0200] Locking to pool 0x3c6dded0, size 0x2001000, HostPtr = 0x7f9f301bd000, DevPtr = 0x7f9f301bd000
:4:rocblit.cpp              :623 : 4393670909141 us: [pid:4174004 tid: 0x7fa0f7bf0200] HSA Copy Using Pinned resource size 33554432
:4:rocblit.cpp              :687 : 4393670909593 us: [pid:4174004 tid: 0x7fa0f7bf0200] HSA Async Copy staged D2H
:4:rocblit.cpp              :503 : 4393670909599 us: [pid:4174004 tid: 0x7fa0f7bf0200] Last copy mask 0x2
:4:rocblit.cpp              :520 : 4393670909603 us: [pid:4174004 tid: 0x7fa0f7bf0200] HSA Async Copy on copy_engine=0x2, dst=0x7f9f301bd010, src=0x7f9ebaa00000, size=33554432, forceSDMA=0, wait_event=0x0, completion_signal=0x7fa0ee7fe600
:4:rocvirtual.cpp           :622 : 4393670909611 us: [pid:4174004 tid: 0x7fa0f7bf0200] Host wait on completion_signal=0x7fa0ee7fe600
:3:rocvirtual.hpp           :56  : 4393670909619 us: [pid:4174004 tid: 0x7fa0f7bf0200] Host active wait for Signal = (0x7fa0ee7fe600) for -1 ns
:4:rocmemory.cpp            :1018: 4393670910815 us: [pid:4174004 tid: 0x7fa0f7bf0200] Locking to pool 0x3c6dded0, size 0x2001000, HostPtr = 0x7f9f321bd000, DevPtr = 0x7f9f321bd000
:4:rocblit.cpp              :623 : 4393670910826 us: [pid:4174004 tid: 0x7fa0f7bf0200] HSA Copy Using Pinned resource size 33554432
:4:rocblit.cpp              :687 : 4393670910834 us: [pid:4174004 tid: 0x7fa0f7bf0200] HSA Async Copy staged D2H
:4:rocblit.cpp              :503 : 4393670910839 us: [pid:4174004 tid: 0x7fa0f7bf0200] Last copy mask 0x2
:4:rocblit.cpp              :520 : 4393670910844 us: [pid:4174004 tid: 0x7fa0f7bf0200] HSA Async Copy on copy_engine=0x2, dst=0x7f9f321bd010, src=0x7f9ebca00000, size=33554432, forceSDMA=0, wait_event=0x0, completion_signal=0x7fa0ee7fef80
:4:rocvirtual.cpp           :622 : 4393670910853 us: [pid:4174004 tid: 0x7fa0f7bf0200] Host wait on completion_signal=0x7fa0ee7fef80
:3:rocvirtual.hpp           :56  : 4393670910860 us: [pid:4174004 tid: 0x7fa0f7bf0200] Host active wait for Signal = (0x7fa0ee7fef80) for -1 ns
:4:rocmemory.cpp            :1018: 4393670912055 us: [pid:4174004 tid: 0x7fa0f7bf0200] Locking to pool 0x3c6dded0, size 0x2001000, HostPtr = 0x7f9f341bd000, DevPtr = 0x7f9f341bd000
:4:rocblit.cpp              :623 : 4393670912066 us: [pid:4174004 tid: 0x7fa0f7bf0200] HSA Copy Using Pinned resource size 33554432
:4:rocblit.cpp              :687 : 4393670912073 us: [pid:4174004 tid: 0x7fa0f7bf0200] HSA Async Copy staged D2H
:4:rocblit.cpp              :503 : 4393670912078 us: [pid:4174004 tid: 0x7fa0f7bf0200] Last copy mask 0x2
:4:rocblit.cpp              :520 : 4393670912084 us: [pid:4174004 tid: 0x7fa0f7bf0200] HSA Async Copy on copy_engine=0x2, dst=0x7f9f341bd010, src=0x7f9ebea00000, size=33554432, forceSDMA=0, wait_event=0x0, completion_signal=0x7fa0ee7fda00
:4:rocvirtual.cpp           :622 : 4393670912093 us: [pid:4174004 tid: 0x7fa0f7bf0200] Host wait on completion_signal=0x7fa0ee7fda00
:3:rocvirtual.hpp           :56  : 4393670912101 us: [pid:4174004 tid: 0x7fa0f7bf0200] Host active wait for Signal = (0x7fa0ee7fda00) for -1 ns
:4:rocmemory.cpp            :1018: 4393670913295 us: [pid:4174004 tid: 0x7fa0f7bf0200] Locking to pool 0x3c6dded0, size 0x2001000, HostPtr = 0x7f9f361bd000, DevPtr = 0x7f9f361bd000
:4:rocblit.cpp              :623 : 4393670913304 us: [pid:4174004 tid: 0x7fa0f7bf0200] HSA Copy Using Pinned resource size 33554432
:4:rocblit.cpp              :687 : 4393670913311 us: [pid:4174004 tid: 0x7fa0f7bf0200] HSA Async Copy staged D2H
:4:rocblit.cpp              :503 : 4393670913316 us: [pid:4174004 tid: 0x7fa0f7bf0200] Last copy mask 0x2
:4:rocblit.cpp              :520 : 4393670913321 us: [pid:4174004 tid: 0x7fa0f7bf0200] HSA Async Copy on copy_engine=0x2, dst=0x7f9f361bd010, src=0x7f9ec0a00000, size=33554432, forceSDMA=0, wait_event=0x0, completion_signal=0x7fa0ee7fdb00
:4:rocvirtual.cpp           :622 : 4393670913329 us: [pid:4174004 tid: 0x7fa0f7bf0200] Host wait on completion_signal=0x7fa0ee7fdb00
:3:rocvirtual.hpp           :56  : 4393670913339 us: [pid:4174004 tid: 0x7fa0f7bf0200] Host active wait for Signal = (0x7fa0ee7fdb00) for -1 ns
:4:rocmemory.cpp            :1018: 4393670914531 us: [pid:4174004 tid: 0x7fa0f7bf0200] Locking to pool 0x3c6dded0, size 0x2001000, HostPtr = 0x7f9f381bd000, DevPtr = 0x7f9f381bd000
:4:rocblit.cpp              :623 : 4393670914542 us: [pid:4174004 tid: 0x7fa0f7bf0200] HSA Copy Using Pinned resource size 33554432
:4:rocblit.cpp              :687 : 4393670914549 us: [pid:4174004 tid: 0x7fa0f7bf0200] HSA Async Copy staged D2H
:4:rocblit.cpp              :503 : 4393670914554 us: [pid:4174004 tid: 0x7fa0f7bf0200] Last copy mask 0x2
:4:rocblit.cpp              :520 : 4393670914559 us: [pid:4174004 tid: 0x7fa0f7bf0200] HSA Async Copy on copy_engine=0x2, dst=0x7f9f381bd010, src=0x7f9ec2a00000, size=33554432, forceSDMA=0, wait_event=0x0, completion_signal=0x7fa0ee7fe500
:4:rocvirtual.cpp           :622 : 4393670914567 us: [pid:4174004 tid: 0x7fa0f7bf0200] Host wait on completion_signal=0x7fa0ee7fe500
:3:rocvirtual.hpp           :56  : 4393670914574 us: [pid:4174004 tid: 0x7fa0f7bf0200] Host active wait for Signal = (0x7fa0ee7fe500) for -1 ns
:4:rocmemory.cpp            :1018: 4393670915769 us: [pid:4174004 tid: 0x7fa0f7bf0200] Locking to pool 0x3c6dded0, size 0x2001000, HostPtr = 0x7f9f3a1bd000, DevPtr = 0x7f9f3a1bd000
:4:rocblit.cpp              :623 : 4393670915780 us: [pid:4174004 tid: 0x7fa0f7bf0200] HSA Copy Using Pinned resource size 33554432
:4:rocblit.cpp              :687 : 4393670915788 us: [pid:4174004 tid: 0x7fa0f7bf0200] HSA Async Copy staged D2H
:4:rocblit.cpp              :503 : 4393670915793 us: [pid:4174004 tid: 0x7fa0f7bf0200] Last copy mask 0x2
:4:rocblit.cpp              :520 : 4393670915797 us: [pid:4174004 tid: 0x7fa0f7bf0200] HSA Async Copy on copy_engine=0x2, dst=0x7f9f3a1bd010, src=0x7f9ec4a00000, size=33554432, forceSDMA=0, wait_event=0x0, completion_signal=0x7fa0ee7ff680
:4:rocvirtual.cpp           :622 : 4393670915806 us: [pid:4174004 tid: 0x7fa0f7bf0200] Host wait on completion_signal=0x7fa0ee7ff680
:3:rocvirtual.hpp           :56  : 4393670915816 us: [pid:4174004 tid: 0x7fa0f7bf0200] Host active wait for Signal = (0x7fa0ee7ff680) for -1 ns
:4:rocmemory.cpp            :1018: 4393670917019 us: [pid:4174004 tid: 0x7fa0f7bf0200] Locking to pool 0x3c6dded0, size 0x2001000, HostPtr = 0x7f9f3c1bd000, DevPtr = 0x7f9f3c1bd000
:4:rocblit.cpp              :623 : 4393670917029 us: [pid:4174004 tid: 0x7fa0f7bf0200] HSA Copy Using Pinned resource size 33554432
:4:rocblit.cpp              :687 : 4393670917037 us: [pid:4174004 tid: 0x7fa0f7bf0200] HSA Async Copy staged D2H
:4:rocblit.cpp              :503 : 4393670917042 us: [pid:4174004 tid: 0x7fa0f7bf0200] Last copy mask 0x2
:4:rocblit.cpp              :520 : 4393670917047 us: [pid:4174004 tid: 0x7fa0f7bf0200] HSA Async Copy on copy_engine=0x2, dst=0x7f9f3c1bd010, src=0x7f9ec6a00000, size=33554432, forceSDMA=0, wait_event=0x0, completion_signal=0x7fa0ee7ff180
:4:rocvirtual.cpp           :622 : 4393670917056 us: [pid:4174004 tid: 0x7fa0f7bf0200] Host wait on completion_signal=0x7fa0ee7ff180
:3:rocvirtual.hpp           :56  : 4393670917064 us: [pid:4174004 tid: 0x7fa0f7bf0200] Host active wait for Signal = (0x7fa0ee7ff180) for -1 ns
:4:rocmemory.cpp            :1018: 4393670918258 us: [pid:4174004 tid: 0x7fa0f7bf0200] Locking to pool 0x3c6dded0, size 0x2001000, HostPtr = 0x7f9f3e1bd000, DevPtr = 0x7f9f3e1bd000
:4:rocblit.cpp              :623 : 4393670918283 us: [pid:4174004 tid: 0x7fa0f7bf0200] HSA Copy Using Pinned resource size 33554432
:4:rocblit.cpp              :687 : 4393670918291 us: [pid:4174004 tid: 0x7fa0f7bf0200] HSA Async Copy staged D2H
:4:rocblit.cpp              :503 : 4393670918296 us: [pid:4174004 tid: 0x7fa0f7bf0200] Last copy mask 0x2
:4:rocblit.cpp              :520 : 4393670918300 us: [pid:4174004 tid: 0x7fa0f7bf0200] HSA Async Copy on copy_engine=0x2, dst=0x7f9f3e1bd010, src=0x7f9ec8a00000, size=33554432, forceSDMA=0, wait_event=0x0, completion_signal=0x7fa0ee7ff380
:4:rocvirtual.cpp           :622 : 4393670918309 us: [pid:4174004 tid: 0x7fa0f7bf0200] Host wait on completion_signal=0x7fa0ee7ff380
:3:rocvirtual.hpp           :56  : 4393670918316 us: [pid:4174004 tid: 0x7fa0f7bf0200] Host active wait for Signal = (0x7fa0ee7ff380) for -1 ns
:4:rocmemory.cpp            :1018: 4393670919512 us: [pid:4174004 tid: 0x7fa0f7bf0200] Locking to pool 0x3c6dded0, size 0x2001000, HostPtr = 0x7f9f401bd000, DevPtr = 0x7f9f401bd000
:4:rocblit.cpp              :623 : 4393670919523 us: [pid:4174004 tid: 0x7fa0f7bf0200] HSA Copy Using Pinned resource size 33554432
:4:rocblit.cpp              :687 : 4393670919530 us: [pid:4174004 tid: 0x7fa0f7bf0200] HSA Async Copy staged D2H
:4:rocblit.cpp              :503 : 4393670919535 us: [pid:4174004 tid: 0x7fa0f7bf0200] Last copy mask 0x2
:4:rocblit.cpp              :520 : 4393670919540 us: [pid:4174004 tid: 0x7fa0f7bf0200] HSA Async Copy on copy_engine=0x2, dst=0x7f9f401bd010, src=0x7f9ecaa00000, size=33554432, forceSDMA=0, wait_event=0x0, completion_signal=0x7fa0ee7ff000
:4:rocvirtual.cpp           :622 : 4393670919548 us: [pid:4174004 tid: 0x7fa0f7bf0200] Host wait on completion_signal=0x7fa0ee7ff000
:3:rocvirtual.hpp           :56  : 4393670919555 us: [pid:4174004 tid: 0x7fa0f7bf0200] Host active wait for Signal = (0x7fa0ee7ff000) for -1 ns
:4:rocmemory.cpp            :1018: 4393670920753 us: [pid:4174004 tid: 0x7fa0f7bf0200] Locking to pool 0x3c6dded0, size 0x2001000, HostPtr = 0x7f9f421bd000, DevPtr = 0x7f9f421bd000
:4:rocblit.cpp              :623 : 4393670920765 us: [pid:4174004 tid: 0x7fa0f7bf0200] HSA Copy Using Pinned resource size 33554432
:4:rocblit.cpp              :687 : 4393670920773 us: [pid:4174004 tid: 0x7fa0f7bf0200] HSA Async Copy staged D2H
:4:rocblit.cpp              :503 : 4393670920778 us: [pid:4174004 tid: 0x7fa0f7bf0200] Last copy mask 0x2
:4:rocblit.cpp              :520 : 4393670920782 us: [pid:4174004 tid: 0x7fa0f7bf0200] HSA Async Copy on copy_engine=0x2, dst=0x7f9f421bd010, src=0x7f9ecca00000, size=33554432, forceSDMA=0, wait_event=0x0, completion_signal=0x7fa0ee7ff080
:4:rocvirtual.cpp           :622 : 4393670920790 us: [pid:4174004 tid: 0x7fa0f7bf0200] Host wait on completion_signal=0x7fa0ee7ff080
:3:rocvirtual.hpp           :56  : 4393670920801 us: [pid:4174004 tid: 0x7fa0f7bf0200] Host active wait for Signal = (0x7fa0ee7ff080) for -1 ns
:4:rocmemory.cpp            :1018: 4393670921999 us: [pid:4174004 tid: 0x7fa0f7bf0200] Locking to pool 0x3c6dded0, size 0x2001000, HostPtr = 0x7f9f441bd000, DevPtr = 0x7f9f441bd000
:4:rocblit.cpp              :623 : 4393670922010 us: [pid:4174004 tid: 0x7fa0f7bf0200] HSA Copy Using Pinned resource size 33554432
:4:rocblit.cpp              :687 : 4393670922018 us: [pid:4174004 tid: 0x7fa0f7bf0200] HSA Async Copy staged D2H
:4:rocblit.cpp              :503 : 4393670922023 us: [pid:4174004 tid: 0x7fa0f7bf0200] Last copy mask 0x2
:4:rocblit.cpp              :520 : 4393670922027 us: [pid:4174004 tid: 0x7fa0f7bf0200] HSA Async Copy on copy_engine=0x2, dst=0x7f9f441bd010, src=0x7f9ecea00000, size=33554432, forceSDMA=0, wait_event=0x0, completion_signal=0x7fa0ee7fdd00
:4:rocvirtual.cpp           :622 : 4393670922035 us: [pid:4174004 tid: 0x7fa0f7bf0200] Host wait on completion_signal=0x7fa0ee7fdd00
:3:rocvirtual.hpp           :56  : 4393670922045 us: [pid:4174004 tid: 0x7fa0f7bf0200] Host active wait for Signal = (0x7fa0ee7fdd00) for -1 ns
:4:rocmemory.cpp            :1018: 4393670923239 us: [pid:4174004 tid: 0x7fa0f7bf0200] Locking to pool 0x3c6dded0, size 0x2001000, HostPtr = 0x7f9f461bd000, DevPtr = 0x7f9f461bd000
:4:rocblit.cpp              :623 : 4393670923250 us: [pid:4174004 tid: 0x7fa0f7bf0200] HSA Copy Using Pinned resource size 33554432
:4:rocblit.cpp              :687 : 4393670923258 us: [pid:4174004 tid: 0x7fa0f7bf0200] HSA Async Copy staged D2H
:4:rocblit.cpp              :503 : 4393670923263 us: [pid:4174004 tid: 0x7fa0f7bf0200] Last copy mask 0x2
:4:rocblit.cpp              :520 : 4393670923268 us: [pid:4174004 tid: 0x7fa0f7bf0200] HSA Async Copy on copy_engine=0x2, dst=0x7f9f461bd010, src=0x7f9ed0a00000, size=33554432, forceSDMA=0, wait_event=0x0, completion_signal=0x7fa0ee7feb80
:4:rocvirtual.cpp           :622 : 4393670923280 us: [pid:4174004 tid: 0x7fa0f7bf0200] Host wait on completion_signal=0x7fa0ee7feb80
:3:rocvirtual.hpp           :56  : 4393670923297 us: [pid:4174004 tid: 0x7fa0f7bf0200] Host active wait for Signal = (0x7fa0ee7feb80) for -1 ns
:4:rocmemory.cpp            :1018: 4393670924482 us: [pid:4174004 tid: 0x7fa0f7bf0200] Locking to pool 0x3c6dded0, size 0x14c1000, HostPtr = 0x7f9f481bd000, DevPtr = 0x7f9f481bd000
:4:rocblit.cpp              :623 : 4393670924493 us: [pid:4174004 tid: 0x7fa0f7bf0200] HSA Copy Using Pinned resource size 21757952
:4:rocblit.cpp              :687 : 4393670924501 us: [pid:4174004 tid: 0x7fa0f7bf0200] HSA Async Copy staged D2H
:4:rocblit.cpp              :503 : 4393670924506 us: [pid:4174004 tid: 0x7fa0f7bf0200] Last copy mask 0x2
:4:rocblit.cpp              :520 : 4393670924510 us: [pid:4174004 tid: 0x7fa0f7bf0200] HSA Async Copy on copy_engine=0x2, dst=0x7f9f481bd010, src=0x7f9ed2a00000, size=21757952, forceSDMA=0, wait_event=0x0, completion_signal=0x7fa0ee7fed80
:4:rocvirtual.cpp           :622 : 4393670924519 us: [pid:4174004 tid: 0x7fa0f7bf0200] Host wait on completion_signal=0x7fa0ee7fed80
:3:rocvirtual.hpp           :56  : 4393670924526 us: [pid:4174004 tid: 0x7fa0f7bf0200] Host active wait for Signal = (0x7fa0ee7fed80) for -1 ns
:4:commandqueue.cpp         :161 : 4393670925300 us: [pid:4174004 tid: 0x7fa0f7bf0200] Marker queued to ensure finish
:4:command.cpp              :359 : 4393670925306 us: [pid:4174004 tid: 0x7fa0f7bf0200] Command (InternalMarker) enqueued: 0x3cf38cb0
:3:rocvirtual.cpp           :533 : 4393670925320 us: [pid:4174004 tid: 0x7fa0f7bf0200] Set Handler: handle(0x7fa0ee7fd700), timestamp(0x3cf06780)
:4:rocvirtual.cpp           :1147: 4393670925329 us: [pid:4174004 tid: 0x7fa0f7bf0200] SWq=0x7fa0ee95c000, HWq=0x7f9face00000, id=1, BarrierAND Header = 0x1503 (type=3, barrier=1, acquire=2, release=2), dep_signal=[0x0, 0x0, 0x0, 0x0, 0x0], completion_signal=0x7fa0ee7fd700
:3:rocvirtual.hpp           :56  : 4393670925340 us: [pid:4174004 tid: 0x7fa0f7bf0200] Host active wait for Signal = (0x7fa0ee7fd700) for -1 ns
:3:rocvirtual.cpp           :226 : 4393670925348 us: [pid:4174004 tid: 0x7f9fbf3ff6c0] Handler: value(0), timestamp(0x3cf38fa0), handle(0x7fa0ee7fd700)
:4:command.cpp              :169 : 4393670925371 us: [pid:4174004 tid: 0x7f9fbf3ff6c0] Command 0x3cd9ae10 complete
:4:commandqueue.cpp         :184 : 4393670925373 us: [pid:4174004 tid: 0x7fa0f7bf0200] All commands finished
:3:hip_memory.cpp           :796 : 4393670925388 us: [pid:4174004 tid: 0x7fa0f7bf0200] hipMemcpy: Returned hipSuccess : : duration: 19227 us
:4:command.cpp              :163 : 4393670925382 us: [pid:4174004 tid: 0x7f9fbf3ff6c0] Command 0x3cf38cb0 complete (Wall: 4393670925379, CPU: 0, GPU: 65 us)
:3:hip_memory.cpp           :3476: 4393670925400 us: [pid:4174004 tid: 0x7fa0f7bf0200] [32m hipMemset ( 0x7f9eb6a00000, 0, 491520000 ) [0m
:4:command.cpp              :359 : 4393670925425 us: [pid:4174004 tid: 0x7fa0f7bf0200] Command (FillBuffer) enqueued: 0x3cd9afd0
:3:rocvirtual.cpp           :762 : 4393670925436 us: [pid:4174004 tid: 0x7fa0f7bf0200] Arg0: void* buf = ptr:0x7f9eb6a00000
:3:rocvirtual.cpp           :778 : 4393670925441 us: [pid:4174004 tid: 0x7fa0f7bf0200] Arg0: void* buf = ptr:0x7f9eb6a00000 obj:[0x7f9eb6a00000-0x7f9ed3ec0000]
:3:rocvirtual.cpp           :762 : 4393670925448 us: [pid:4174004 tid: 0x7fa0f7bf0200] Arg1: uchar* pattern = ptr:0x7f9facc00000
:3:rocvirtual.cpp           :853 : 4393670925456 us: [pid:4174004 tid: 0x7fa0f7bf0200] Arg2: uint pattern_size = val:1
:3:rocvirtual.cpp           :853 : 4393670925910 us: [pid:4174004 tid: 0x7fa0f7bf0200] Arg3: uint alignment = val:16
:3:rocvirtual.cpp           :853 : 4393670925915 us: [pid:4174004 tid: 0x7fa0f7bf0200] Arg4: ulong end_ptr = val:140320137019392
:3:rocvirtual.cpp           :853 : 4393670925922 us: [pid:4174004 tid: 0x7fa0f7bf0200] Arg5: uint next_chunk = val:26624
:3:rocvirtual.cpp           :3236: 4393670925927 us: [pid:4174004 tid: 0x7fa0f7bf0200] ShaderName : __amd_rocclr_fillBufferAligned
:3:rocvirtual.cpp           :3449: 4393670925936 us: [pid:4174004 tid: 0x7fa0f7bf0200] KernargSegmentByteSize = 296 KernargSegmentAlignment = 128
:4:rocvirtual.cpp           :965 : 4393670925945 us: [pid:4174004 tid: 0x7fa0f7bf0200] SWq=0x7fa0ee95c000, HWq=0x7f9face00000, id=1, Dispatch Header = 0x1502 (type=2, barrier=1, acquire=2, release=2), setup=1, grid=[26624, 1, 1], workgroup=[256, 1, 1], private_seg_size=0, group_seg_size=0, kernel_obj=0x7fa0ee94dd40, kernarg_address=0x7f9facc00100, completion_signal=0x0, correlation_id=0, rptr=189, wptr=189
:3:hip_memory.cpp           :3477: 4393670925960 us: [pid:4174004 tid: 0x7fa0f7bf0200] hipMemset: Returned hipSuccess : 
:3:hip_device_runtime.cpp   :641 : 4393670925965 us: [pid:4174004 tid: 0x7fa0f7bf0200] [32m hipDeviceSynchronize (  ) [0m
:4:commandqueue.cpp         :161 : 4393670925970 us: [pid:4174004 tid: 0x7fa0f7bf0200] Marker queued to ensure finish
:4:command.cpp              :359 : 4393670925975 us: [pid:4174004 tid: 0x7fa0f7bf0200] Command (InternalMarker) enqueued: 0x3cf38cb0
:3:rocvirtual.cpp           :533 : 4393670925986 us: [pid:4174004 tid: 0x7fa0f7bf0200] Set Handler: handle(0x7fa0ee7fbf00), timestamp(0x3ce935d0)
:4:rocvirtual.cpp           :1147: 4393670925994 us: [pid:4174004 tid: 0x7fa0f7bf0200] SWq=0x7fa0ee95c000, HWq=0x7f9face00000, id=1, BarrierAND Header = 0x1503 (type=3, barrier=1, acquire=2, release=2), dep_signal=[0x0, 0x0, 0x0, 0x0, 0x0], completion_signal=0x7fa0ee7fbf00
:3:rocvirtual.hpp           :56  : 4393670926005 us: [pid:4174004 tid: 0x7fa0f7bf0200] Host active wait for Signal = (0x7fa0ee7fbf00) for -1 ns
:4:commandqueue.cpp         :184 : 4393670926380 us: [pid:4174004 tid: 0x7fa0f7bf0200] All commands finished
:3:hip_device_runtime.cpp   :645 : 4393670926440 us: [pid:4174004 tid: 0x7fa0f7bf0200] hipDeviceSynchronize: Returned hipSuccess : 
:3:rocvirtual.cpp           :226 : 4393670926386 us: [pid:4174004 tid: 0x7f9fbf3ff6c0] Handler: value(0), timestamp(0x3ce93520), handle(0x7fa0ee7fbf00)
:4:command.cpp              :169 : 4393670926465 us: [pid:4174004 tid: 0x7f9fbf3ff6c0] Command 0x3cd9afd0 complete
:3:hip_platform.cpp         :237 : 4393670926452 us: [pid:4174004 tid: 0x7fa0f7bf0200] [32m __hipPushCallConfiguration ( {8,1,1}, {1024,1,1}, 0, stream:<null> ) [0m
:3:hip_platform.cpp         :241 : 4393670926487 us: [pid:4174004 tid: 0x7fa0f7bf0200] __hipPushCallConfiguration: Returned hipSuccess : 
:4:command.cpp              :163 : 4393670926477 us: [pid:4174004 tid: 0x7f9fbf3ff6c0] Command 0x3cf38cb0 complete (Wall: 4393670926476, CPU: 0, GPU: 494 us)
:3:hip_platform.cpp         :246 : 4393670926497 us: [pid:4174004 tid: 0x7fa0f7bf0200] [32m __hipPopCallConfiguration ( {37054546,32673,1024}, {2118224,0,2918783392}, 0x7fffadf916f0, 0x7fffadf916e8 ) [0m
:3:hip_platform.cpp         :255 : 4393670926518 us: [pid:4174004 tid: 0x7fa0f7bf0200] __hipPopCallConfiguration: Returned hipSuccess : 
:3:hip_module.cpp           :744 : 4393670926529 us: [pid:4174004 tid: 0x7fa0f7bf0200] [32m hipLaunchKernel ( 0x200fe8, {8,1,1}, {1024,1,1}, 0x7fffadf916a0, 0, stream:<null> ) [0m
:4:command.cpp              :359 : 4393670926544 us: [pid:4174004 tid: 0x7fa0f7bf0200] Command (KernelExecution) enqueued: 0x3cd9ae10
:3:rocvirtual.cpp           :762 : 4393670926552 us: [pid:4174004 tid: 0x7fa0f7bf0200] Arg0:   = ptr:0x7f9ed4200000
:3:rocvirtual.cpp           :778 : 4393670926557 us: [pid:4174004 tid: 0x7fa0f7bf0200] Arg0:   = ptr:0x7f9ed4200000 obj:[0x7f9ed4200000-0x7f9ef16c0000]
:3:rocvirtual.cpp           :762 : 4393670926565 us: [pid:4174004 tid: 0x7fa0f7bf0200] Arg1:   = ptr:0x7f9fa0027000
:3:rocvirtual.cpp           :778 : 4393670926569 us: [pid:4174004 tid: 0x7fa0f7bf0200] Arg1:   = ptr:0x7f9fa0027000 obj:[0x7f9fa0027000-0x7f9fa0087000]
:3:rocvirtual.cpp           :762 : 4393670926983 us: [pid:4174004 tid: 0x7fa0f7bf0200] Arg2:   = ptr:0x7f9eb6a00000
:3:rocvirtual.cpp           :778 : 4393670926988 us: [pid:4174004 tid: 0x7fa0f7bf0200] Arg2:   = ptr:0x7f9eb6a00000 obj:[0x7f9eb6a00000-0x7f9ed3ec0000]
:3:rocvirtual.cpp           :853 : 4393670926995 us: [pid:4174004 tid: 0x7fa0f7bf0200] Arg3:   = val:12288
:3:rocvirtual.cpp           :762 : 4393670927000 us: [pid:4174004 tid: 0x7fa0f7bf0200] Arg4:   = ptr:0x7f9fa0000000
:3:rocvirtual.cpp           :778 : 4393670927005 us: [pid:4174004 tid: 0x7fa0f7bf0200] Arg4:   = ptr:0x7f9fa0000000 obj:[0x7f9fa0000000-0x7f9fa0000024]
:3:rocvirtual.cpp           :3236: 4393670927012 us: [pid:4174004 tid: 0x7fa0f7bf0200] ShaderName : void dense_esuhm3<float>(float const*, float const*, float*, int, int const*)
:3:rocvirtual.cpp           :3449: 4393670927021 us: [pid:4174004 tid: 0x7fa0f7bf0200] KernargSegmentByteSize = 296 KernargSegmentAlignment = 128
:4:rocvirtual.cpp           :965 : 4393670927030 us: [pid:4174004 tid: 0x7fa0f7bf0200] SWq=0x7fa0ee95c000, HWq=0x7f9face00000, id=1, Dispatch Header = 0xb02 (type=2, barrier=1, acquire=1, release=1), setup=3, grid=[8192, 1, 1], workgroup=[1024, 1, 1], private_seg_size=140, group_seg_size=0, kernel_obj=0x7fa0ee921a00, kernarg_address=0x7f9facc00280, completion_signal=0x0, correlation_id=0, rptr=191, wptr=191
:3:hip_module.cpp           :745 : 4393670927044 us: [pid:4174004 tid: 0x7fa0f7bf0200] hipLaunchKernel: Returned hipSuccess : : duration: 515 us
:3:hip_device_runtime.cpp   :641 : 4393670927052 us: [pid:4174004 tid: 0x7fa0f7bf0200] [32m hipDeviceSynchronize (  ) [0m
:4:commandqueue.cpp         :161 : 4393670927057 us: [pid:4174004 tid: 0x7fa0f7bf0200] Marker queued to ensure finish
:4:command.cpp              :359 : 4393670927061 us: [pid:4174004 tid: 0x7fa0f7bf0200] Command (InternalMarker) enqueued: 0x3cf38cb0
:3:rocvirtual.cpp           :533 : 4393670927072 us: [pid:4174004 tid: 0x7fa0f7bf0200] Set Handler: handle(0x7fa0ee7fbe80), timestamp(0x3ce932e0)
:4:rocvirtual.cpp           :1147: 4393670927081 us: [pid:4174004 tid: 0x7fa0f7bf0200] SWq=0x7fa0ee95c000, HWq=0x7f9face00000, id=1, BarrierAND Header = 0x1503 (type=3, barrier=1, acquire=2, release=2), dep_signal=[0x0, 0x0, 0x0, 0x0, 0x0], completion_signal=0x7fa0ee7fbe80
:3:rocvirtual.hpp           :56  : 4393670927091 us: [pid:4174004 tid: 0x7fa0f7bf0200] Host active wait for Signal = (0x7fa0ee7fbe80) for -1 ns
:4:commandqueue.cpp         :184 : 4393670927631 us: [pid:4174004 tid: 0x7fa0f7bf0200] All commands finished
:3:rocvirtual.cpp           :226 : 4393670927635 us: [pid:4174004 tid: 0x7f9fbf3ff6c0] Handler: value(0), timestamp(0x3cf6d070), handle(0x7fa0ee7fbe80)
:4:command.cpp              :169 : 4393670927648 us: [pid:4174004 tid: 0x7f9fbf3ff6c0] Command 0x3cd9ae10 complete
:3:hip_device_runtime.cpp   :645 : 4393670927637 us: [pid:4174004 tid: 0x7fa0f7bf0200] hipDeviceSynchronize: Returned hipSuccess : 
:4:command.cpp              :163 : 4393670927657 us: [pid:4174004 tid: 0x7f9fbf3ff6c0] Command 0x3cf38cb0 complete (Wall: 4393670927655, CPU: 0, GPU: 587 us)
:3:hip_memory.cpp           :795 : 4393670928036 us: [pid:4174004 tid: 0x7fa0f7bf0200] [32m hipMemcpy ( 0x7f9f0ecfc010, 0x7f9eb6a00000, 491520000, hipMemcpyDeviceToHost ) [0m
:4:command.cpp              :359 : 4393670928061 us: [pid:4174004 tid: 0x7fa0f7bf0200] Command (CopyDeviceToHost) enqueued: 0x3cd9ae10
:4:rocblit.cpp              :1673: 4393670928071 us: [pid:4174004 tid: 0x7fa0f7bf0200] Unpinned read path, Async = 0
:4:rocmemory.cpp            :1018: 4393670928083 us: [pid:4174004 tid: 0x7fa0f7bf0200] Locking to pool 0x3c6dded0, size 0x2001000, HostPtr = 0x7f9f0ecfc000, DevPtr = 0x7f9f0ecfc000
:4:rocblit.cpp              :623 : 4393670928091 us: [pid:4174004 tid: 0x7fa0f7bf0200] HSA Copy Using Pinned resource size 33554432
:4:rocblit.cpp              :687 : 4393670928099 us: [pid:4174004 tid: 0x7fa0f7bf0200] HSA Async Copy staged D2H
:4:rocblit.cpp              :503 : 4393670928104 us: [pid:4174004 tid: 0x7fa0f7bf0200] Last copy mask 0x0
:4:rocblit.cpp              :509 : 4393670928109 us: [pid:4174004 tid: 0x7fa0f7bf0200] Query copy engine status 0, free_engine mask 0x1e
:4:rocblit.cpp              :520 : 4393670928117 us: [pid:4174004 tid: 0x7fa0f7bf0200] HSA Async Copy on copy_engine=0x2, dst=0x7f9f0ecfc010, src=0x7f9eb6a00000, size=33554432, forceSDMA=0, wait_event=0x0, completion_signal=0x7fa0ee7fe480
:4:rocvirtual.cpp           :622 : 4393670928126 us: [pid:4174004 tid: 0x7fa0f7bf0200] Host wait on completion_signal=0x7fa0ee7fe480
:3:rocvirtual.hpp           :56  : 4393670928134 us: [pid:4174004 tid: 0x7fa0f7bf0200] Host active wait for Signal = (0x7fa0ee7fe480) for -1 ns
:4:rocmemory.cpp            :1018: 4393670929330 us: [pid:4174004 tid: 0x7fa0f7bf0200] Locking to pool 0x3c6dded0, size 0x2001000, HostPtr = 0x7f9f10cfc000, DevPtr = 0x7f9f10cfc000
:4:rocblit.cpp              :623 : 4393670929342 us: [pid:4174004 tid: 0x7fa0f7bf0200] HSA Copy Using Pinned resource size 33554432
:4:rocblit.cpp              :687 : 4393670929349 us: [pid:4174004 tid: 0x7fa0f7bf0200] HSA Async Copy staged D2H
:4:rocblit.cpp              :503 : 4393670929354 us: [pid:4174004 tid: 0x7fa0f7bf0200] Last copy mask 0x2
:4:rocblit.cpp              :520 : 4393670929359 us: [pid:4174004 tid: 0x7fa0f7bf0200] HSA Async Copy on copy_engine=0x2, dst=0x7f9f10cfc010, src=0x7f9eb8a00000, size=33554432, forceSDMA=0, wait_event=0x0, completion_signal=0x7fa0ee7fe680
:4:rocvirtual.cpp           :622 : 4393670929367 us: [pid:4174004 tid: 0x7fa0f7bf0200] Host wait on completion_signal=0x7fa0ee7fe680
:3:rocvirtual.hpp           :56  : 4393670929377 us: [pid:4174004 tid: 0x7fa0f7bf0200] Host active wait for Signal = (0x7fa0ee7fe680) for -1 ns
:4:rocmemory.cpp            :1018: 4393670930570 us: [pid:4174004 tid: 0x7fa0f7bf0200] Locking to pool 0x3c6dded0, size 0x2001000, HostPtr = 0x7f9f12cfc000, DevPtr = 0x7f9f12cfc000
:4:rocblit.cpp              :623 : 4393670930580 us: [pid:4174004 tid: 0x7fa0f7bf0200] HSA Copy Using Pinned resource size 33554432
:4:rocblit.cpp              :687 : 4393670930587 us: [pid:4174004 tid: 0x7fa0f7bf0200] HSA Async Copy staged D2H
:4:rocblit.cpp              :503 : 4393670930592 us: [pid:4174004 tid: 0x7fa0f7bf0200] Last copy mask 0x2
:4:rocblit.cpp              :520 : 4393670930597 us: [pid:4174004 tid: 0x7fa0f7bf0200] HSA Async Copy on copy_engine=0x2, dst=0x7f9f12cfc010, src=0x7f9ebaa00000, size=33554432, forceSDMA=0, wait_event=0x0, completion_signal=0x7fa0ee7fe880
:4:rocvirtual.cpp           :622 : 4393670930607 us: [pid:4174004 tid: 0x7fa0f7bf0200] Host wait on completion_signal=0x7fa0ee7fe880
:3:rocvirtual.hpp           :56  : 4393670930615 us: [pid:4174004 tid: 0x7fa0f7bf0200] Host active wait for Signal = (0x7fa0ee7fe880) for -1 ns
:4:rocmemory.cpp            :1018: 4393670931810 us: [pid:4174004 tid: 0x7fa0f7bf0200] Locking to pool 0x3c6dded0, size 0x2001000, HostPtr = 0x7f9f14cfc000, DevPtr = 0x7f9f14cfc000
:4:rocblit.cpp              :623 : 4393670931819 us: [pid:4174004 tid: 0x7fa0f7bf0200] HSA Copy Using Pinned resource size 33554432
:4:rocblit.cpp              :687 : 4393670931827 us: [pid:4174004 tid: 0x7fa0f7bf0200] HSA Async Copy staged D2H
:4:rocblit.cpp              :503 : 4393670931831 us: [pid:4174004 tid: 0x7fa0f7bf0200] Last copy mask 0x2
:4:rocblit.cpp              :520 : 4393670931836 us: [pid:4174004 tid: 0x7fa0f7bf0200] HSA Async Copy on copy_engine=0x2, dst=0x7f9f14cfc010, src=0x7f9ebca00000, size=33554432, forceSDMA=0, wait_event=0x0, completion_signal=0x7fa0ee7fe780
:4:rocvirtual.cpp           :622 : 4393670931844 us: [pid:4174004 tid: 0x7fa0f7bf0200] Host wait on completion_signal=0x7fa0ee7fe780
:3:rocvirtual.hpp           :56  : 4393670931851 us: [pid:4174004 tid: 0x7fa0f7bf0200] Host active wait for Signal = (0x7fa0ee7fe780) for -1 ns
:4:rocmemory.cpp            :1018: 4393670933046 us: [pid:4174004 tid: 0x7fa0f7bf0200] Locking to pool 0x3c6dded0, size 0x2001000, HostPtr = 0x7f9f16cfc000, DevPtr = 0x7f9f16cfc000
:4:rocblit.cpp              :623 : 4393670933058 us: [pid:4174004 tid: 0x7fa0f7bf0200] HSA Copy Using Pinned resource size 33554432
:4:rocblit.cpp              :687 : 4393670933065 us: [pid:4174004 tid: 0x7fa0f7bf0200] HSA Async Copy staged D2H
:4:rocblit.cpp              :503 : 4393670933070 us: [pid:4174004 tid: 0x7fa0f7bf0200] Last copy mask 0x2
:4:rocblit.cpp              :520 : 4393670933074 us: [pid:4174004 tid: 0x7fa0f7bf0200] HSA Async Copy on copy_engine=0x2, dst=0x7f9f16cfc010, src=0x7f9ebea00000, size=33554432, forceSDMA=0, wait_event=0x0, completion_signal=0x7fa0ee7fe580
:4:rocvirtual.cpp           :622 : 4393670933082 us: [pid:4174004 tid: 0x7fa0f7bf0200] Host wait on completion_signal=0x7fa0ee7fe580
:3:rocvirtual.hpp           :56  : 4393670933090 us: [pid:4174004 tid: 0x7fa0f7bf0200] Host active wait for Signal = (0x7fa0ee7fe580) for -1 ns
:4:rocmemory.cpp            :1018: 4393670934285 us: [pid:4174004 tid: 0x7fa0f7bf0200] Locking to pool 0x3c6dded0, size 0x2001000, HostPtr = 0x7f9f18cfc000, DevPtr = 0x7f9f18cfc000
:4:rocblit.cpp              :623 : 4393670934295 us: [pid:4174004 tid: 0x7fa0f7bf0200] HSA Copy Using Pinned resource size 33554432
:4:rocblit.cpp              :687 : 4393670934302 us: [pid:4174004 tid: 0x7fa0f7bf0200] HSA Async Copy staged D2H
:4:rocblit.cpp              :503 : 4393670934307 us: [pid:4174004 tid: 0x7fa0f7bf0200] Last copy mask 0x2
:4:rocblit.cpp              :520 : 4393670934312 us: [pid:4174004 tid: 0x7fa0f7bf0200] HSA Async Copy on copy_engine=0x2, dst=0x7f9f18cfc010, src=0x7f9ec0a00000, size=33554432, forceSDMA=0, wait_event=0x0, completion_signal=0x7fa0ee7fdf00
:4:rocvirtual.cpp           :622 : 4393670934320 us: [pid:4174004 tid: 0x7fa0f7bf0200] Host wait on completion_signal=0x7fa0ee7fdf00
:3:rocvirtual.hpp           :56  : 4393670934327 us: [pid:4174004 tid: 0x7fa0f7bf0200] Host active wait for Signal = (0x7fa0ee7fdf00) for -1 ns
:4:rocmemory.cpp            :1018: 4393670935522 us: [pid:4174004 tid: 0x7fa0f7bf0200] Locking to pool 0x3c6dded0, size 0x2001000, HostPtr = 0x7f9f1acfc000, DevPtr = 0x7f9f1acfc000
:4:rocblit.cpp              :623 : 4393670935532 us: [pid:4174004 tid: 0x7fa0f7bf0200] HSA Copy Using Pinned resource size 33554432
:4:rocblit.cpp              :687 : 4393670935539 us: [pid:4174004 tid: 0x7fa0f7bf0200] HSA Async Copy staged D2H
:4:rocblit.cpp              :503 : 4393670935544 us: [pid:4174004 tid: 0x7fa0f7bf0200] Last copy mask 0x2
:4:rocblit.cpp              :520 : 4393670935549 us: [pid:4174004 tid: 0x7fa0f7bf0200] HSA Async Copy on copy_engine=0x2, dst=0x7f9f1acfc010, src=0x7f9ec2a00000, size=33554432, forceSDMA=0, wait_event=0x0, completion_signal=0x7fa0ee7fe900
:4:rocvirtual.cpp           :622 : 4393670935560 us: [pid:4174004 tid: 0x7fa0f7bf0200] Host wait on completion_signal=0x7fa0ee7fe900
:3:rocvirtual.hpp           :56  : 4393670935568 us: [pid:4174004 tid: 0x7fa0f7bf0200] Host active wait for Signal = (0x7fa0ee7fe900) for -1 ns
:4:rocmemory.cpp            :1018: 4393670936764 us: [pid:4174004 tid: 0x7fa0f7bf0200] Locking to pool 0x3c6dded0, size 0x2001000, HostPtr = 0x7f9f1ccfc000, DevPtr = 0x7f9f1ccfc000
:4:rocblit.cpp              :623 : 4393670936774 us: [pid:4174004 tid: 0x7fa0f7bf0200] HSA Copy Using Pinned resource size 33554432
:4:rocblit.cpp              :687 : 4393670936781 us: [pid:4174004 tid: 0x7fa0f7bf0200] HSA Async Copy staged D2H
:4:rocblit.cpp              :503 : 4393670936786 us: [pid:4174004 tid: 0x7fa0f7bf0200] Last copy mask 0x2
:4:rocblit.cpp              :520 : 4393670936792 us: [pid:4174004 tid: 0x7fa0f7bf0200] HSA Async Copy on copy_engine=0x2, dst=0x7f9f1ccfc010, src=0x7f9ec4a00000, size=33554432, forceSDMA=0, wait_event=0x0, completion_signal=0x7fa0ee7fd980
:4:rocvirtual.cpp           :622 : 4393670936800 us: [pid:4174004 tid: 0x7fa0f7bf0200] Host wait on completion_signal=0x7fa0ee7fd980
:3:rocvirtual.hpp           :56  : 4393670936807 us: [pid:4174004 tid: 0x7fa0f7bf0200] Host active wait for Signal = (0x7fa0ee7fd980) for -1 ns
:4:rocmemory.cpp            :1018: 4393670938002 us: [pid:4174004 tid: 0x7fa0f7bf0200] Locking to pool 0x3c6dded0, size 0x2001000, HostPtr = 0x7f9f1ecfc000, DevPtr = 0x7f9f1ecfc000
:4:rocblit.cpp              :623 : 4393670938012 us: [pid:4174004 tid: 0x7fa0f7bf0200] HSA Copy Using Pinned resource size 33554432
:4:rocblit.cpp              :687 : 4393670938019 us: [pid:4174004 tid: 0x7fa0f7bf0200] HSA Async Copy staged D2H
:4:rocblit.cpp              :503 : 4393670938024 us: [pid:4174004 tid: 0x7fa0f7bf0200] Last copy mask 0x2
:4:rocblit.cpp              :520 : 4393670938029 us: [pid:4174004 tid: 0x7fa0f7bf0200] HSA Async Copy on copy_engine=0x2, dst=0x7f9f1ecfc010, src=0x7f9ec6a00000, size=33554432, forceSDMA=0, wait_event=0x0, completion_signal=0x7fa0ee7fde00
:4:rocvirtual.cpp           :622 : 4393670938037 us: [pid:4174004 tid: 0x7fa0f7bf0200] Host wait on completion_signal=0x7fa0ee7fde00
:3:rocvirtual.hpp           :56  : 4393670938044 us: [pid:4174004 tid: 0x7fa0f7bf0200] Host active wait for Signal = (0x7fa0ee7fde00) for -1 ns
:4:rocmemory.cpp            :1018: 4393670939239 us: [pid:4174004 tid: 0x7fa0f7bf0200] Locking to pool 0x3c6dded0, size 0x2001000, HostPtr = 0x7f9f20cfc000, DevPtr = 0x7f9f20cfc000
:4:rocblit.cpp              :623 : 4393670939250 us: [pid:4174004 tid: 0x7fa0f7bf0200] HSA Copy Using Pinned resource size 33554432
:4:rocblit.cpp              :687 : 4393670939257 us: [pid:4174004 tid: 0x7fa0f7bf0200] HSA Async Copy staged D2H
:4:rocblit.cpp              :503 : 4393670939262 us: [pid:4174004 tid: 0x7fa0f7bf0200] Last copy mask 0x2
:4:rocblit.cpp              :520 : 4393670939267 us: [pid:4174004 tid: 0x7fa0f7bf0200] HSA Async Copy on copy_engine=0x2, dst=0x7f9f20cfc010, src=0x7f9ec8a00000, size=33554432, forceSDMA=0, wait_event=0x0, completion_signal=0x7fa0ee7fe980
:4:rocvirtual.cpp           :622 : 4393670939275 us: [pid:4174004 tid: 0x7fa0f7bf0200] Host wait on completion_signal=0x7fa0ee7fe980
:3:rocvirtual.hpp           :56  : 4393670939282 us: [pid:4174004 tid: 0x7fa0f7bf0200] Host active wait for Signal = (0x7fa0ee7fe980) for -1 ns
:4:rocmemory.cpp            :1018: 4393670940480 us: [pid:4174004 tid: 0x7fa0f7bf0200] Locking to pool 0x3c6dded0, size 0x2001000, HostPtr = 0x7f9f22cfc000, DevPtr = 0x7f9f22cfc000
:4:rocblit.cpp              :623 : 4393670940491 us: [pid:4174004 tid: 0x7fa0f7bf0200] HSA Copy Using Pinned resource size 33554432
:4:rocblit.cpp              :687 : 4393670940499 us: [pid:4174004 tid: 0x7fa0f7bf0200] HSA Async Copy staged D2H
:4:rocblit.cpp              :503 : 4393670940503 us: [pid:4174004 tid: 0x7fa0f7bf0200] Last copy mask 0x2
:4:rocblit.cpp              :520 : 4393670940511 us: [pid:4174004 tid: 0x7fa0f7bf0200] HSA Async Copy on copy_engine=0x2, dst=0x7f9f22cfc010, src=0x7f9ecaa00000, size=33554432, forceSDMA=0, wait_event=0x0, completion_signal=0x7fa0ee7fe700
:4:rocvirtual.cpp           :622 : 4393670940521 us: [pid:4174004 tid: 0x7fa0f7bf0200] Host wait on completion_signal=0x7fa0ee7fe700
:3:rocvirtual.hpp           :56  : 4393670940544 us: [pid:4174004 tid: 0x7fa0f7bf0200] Host active wait for Signal = (0x7fa0ee7fe700) for -1 ns
:4:rocmemory.cpp            :1018: 4393670941725 us: [pid:4174004 tid: 0x7fa0f7bf0200] Locking to pool 0x3c6dded0, size 0x2001000, HostPtr = 0x7f9f24cfc000, DevPtr = 0x7f9f24cfc000
:4:rocblit.cpp              :623 : 4393670941735 us: [pid:4174004 tid: 0x7fa0f7bf0200] HSA Copy Using Pinned resource size 33554432
:4:rocblit.cpp              :687 : 4393670941743 us: [pid:4174004 tid: 0x7fa0f7bf0200] HSA Async Copy staged D2H
:4:rocblit.cpp              :503 : 4393670941747 us: [pid:4174004 tid: 0x7fa0f7bf0200] Last copy mask 0x2
:4:rocblit.cpp              :520 : 4393670941752 us: [pid:4174004 tid: 0x7fa0f7bf0200] HSA Async Copy on copy_engine=0x2, dst=0x7f9f24cfc010, src=0x7f9ecca00000, size=33554432, forceSDMA=0, wait_event=0x0, completion_signal=0x7fa0ee7fde80
:4:rocvirtual.cpp           :622 : 4393670941760 us: [pid:4174004 tid: 0x7fa0f7bf0200] Host wait on completion_signal=0x7fa0ee7fde80
:3:rocvirtual.hpp           :56  : 4393670941768 us: [pid:4174004 tid: 0x7fa0f7bf0200] Host active wait for Signal = (0x7fa0ee7fde80) for -1 ns
:4:rocmemory.cpp            :1018: 4393670942962 us: [pid:4174004 tid: 0x7fa0f7bf0200] Locking to pool 0x3c6dded0, size 0x2001000, HostPtr = 0x7f9f26cfc000, DevPtr = 0x7f9f26cfc000
:4:rocblit.cpp              :623 : 4393670942972 us: [pid:4174004 tid: 0x7fa0f7bf0200] HSA Copy Using Pinned resource size 33554432
:4:rocblit.cpp              :687 : 4393670942979 us: [pid:4174004 tid: 0x7fa0f7bf0200] HSA Async Copy staged D2H
:4:rocblit.cpp              :503 : 4393670942984 us: [pid:4174004 tid: 0x7fa0f7bf0200] Last copy mask 0x2
:4:rocblit.cpp              :520 : 4393670942989 us: [pid:4174004 tid: 0x7fa0f7bf0200] HSA Async Copy on copy_engine=0x2, dst=0x7f9f26cfc010, src=0x7f9ecea00000, size=33554432, forceSDMA=0, wait_event=0x0, completion_signal=0x7fa0ee7fe080
:4:rocvirtual.cpp           :622 : 4393670942996 us: [pid:4174004 tid: 0x7fa0f7bf0200] Host wait on completion_signal=0x7fa0ee7fe080
:3:rocvirtual.hpp           :56  : 4393670943004 us: [pid:4174004 tid: 0x7fa0f7bf0200] Host active wait for Signal = (0x7fa0ee7fe080) for -1 ns
:4:rocmemory.cpp            :1018: 4393670944198 us: [pid:4174004 tid: 0x7fa0f7bf0200] Locking to pool 0x3c6dded0, size 0x2001000, HostPtr = 0x7f9f28cfc000, DevPtr = 0x7f9f28cfc000
:4:rocblit.cpp              :623 : 4393670944206 us: [pid:4174004 tid: 0x7fa0f7bf0200] HSA Copy Using Pinned resource size 33554432
:4:rocblit.cpp              :687 : 4393670944213 us: [pid:4174004 tid: 0x7fa0f7bf0200] HSA Async Copy staged D2H
:4:rocblit.cpp              :503 : 4393670944218 us: [pid:4174004 tid: 0x7fa0f7bf0200] Last copy mask 0x2
:4:rocblit.cpp              :520 : 4393670944223 us: [pid:4174004 tid: 0x7fa0f7bf0200] HSA Async Copy on copy_engine=0x2, dst=0x7f9f28cfc010, src=0x7f9ed0a00000, size=33554432, forceSDMA=0, wait_event=0x0, completion_signal=0x7fa0ee7fe000
:4:rocvirtual.cpp           :622 : 4393670944230 us: [pid:4174004 tid: 0x7fa0f7bf0200] Host wait on completion_signal=0x7fa0ee7fe000
:3:rocvirtual.hpp           :56  : 4393670944238 us: [pid:4174004 tid: 0x7fa0f7bf0200] Host active wait for Signal = (0x7fa0ee7fe000) for -1 ns
:4:rocmemory.cpp            :1018: 4393670945433 us: [pid:4174004 tid: 0x7fa0f7bf0200] Locking to pool 0x3c6dded0, size 0x14c1000, HostPtr = 0x7f9f2acfc000, DevPtr = 0x7f9f2acfc000
:4:rocblit.cpp              :623 : 4393670945444 us: [pid:4174004 tid: 0x7fa0f7bf0200] HSA Copy Using Pinned resource size 21757952
:4:rocblit.cpp              :687 : 4393670945451 us: [pid:4174004 tid: 0x7fa0f7bf0200] HSA Async Copy staged D2H
:4:rocblit.cpp              :503 : 4393670945458 us: [pid:4174004 tid: 0x7fa0f7bf0200] Last copy mask 0x2
:4:rocblit.cpp              :520 : 4393670945854 us: [pid:4174004 tid: 0x7fa0f7bf0200] HSA Async Copy on copy_engine=0x2, dst=0x7f9f2acfc010, src=0x7f9ed2a00000, size=21757952, forceSDMA=0, wait_event=0x0, completion_signal=0x7fa0ee7fe380
:4:rocvirtual.cpp           :622 : 4393670945862 us: [pid:4174004 tid: 0x7fa0f7bf0200] Host wait on completion_signal=0x7fa0ee7fe380
:3:rocvirtual.hpp           :56  : 4393670945870 us: [pid:4174004 tid: 0x7fa0f7bf0200] Host active wait for Signal = (0x7fa0ee7fe380) for -1 ns
:4:commandqueue.cpp         :161 : 4393670946643 us: [pid:4174004 tid: 0x7fa0f7bf0200] Marker queued to ensure finish
:4:command.cpp              :359 : 4393670946649 us: [pid:4174004 tid: 0x7fa0f7bf0200] Command (InternalMarker) enqueued: 0x3cf38cb0
:3:rocvirtual.cpp           :533 : 4393670946663 us: [pid:4174004 tid: 0x7fa0f7bf0200] Set Handler: handle(0x7fa0ee7fce80), timestamp(0x3ce97e80)
:4:rocvirtual.cpp           :1147: 4393670946672 us: [pid:4174004 tid: 0x7fa0f7bf0200] SWq=0x7fa0ee95c000, HWq=0x7f9face00000, id=1, BarrierAND Header = 0x1503 (type=3, barrier=1, acquire=2, release=2), dep_signal=[0x0, 0x0, 0x0, 0x0, 0x0], completion_signal=0x7fa0ee7fce80
:3:rocvirtual.hpp           :56  : 4393670946682 us: [pid:4174004 tid: 0x7fa0f7bf0200] Host active wait for Signal = (0x7fa0ee7fce80) for -1 ns
:4:commandqueue.cpp         :184 : 4393670946689 us: [pid:4174004 tid: 0x7fa0f7bf0200] All commands finished
:3:hip_memory.cpp           :796 : 4393670946696 us: [pid:4174004 tid: 0x7fa0f7bf0200] hipMemcpy: Returned hipSuccess : : duration: 18660 us
:3:rocvirtual.cpp           :226 : 4393670946690 us: [pid:4174004 tid: 0x7f9fbf3ff6c0] Handler: value(0), timestamp(0x3cf6d070), handle(0x7fa0ee7fce80)
:4:command.cpp              :169 : 4393670946721 us: [pid:4174004 tid: 0x7f9fbf3ff6c0] Command 0x3cd9ae10 complete
:4:command.cpp              :163 : 4393670946729 us: [pid:4174004 tid: 0x7f9fbf3ff6c0] Command 0x3cf38cb0 complete (Wall: 4393670946727, CPU: 0, GPU: 71 us)
:3:hip_memory.cpp           :772 : 4393672253231 us: [pid:4174004 tid: 0x7fa0f7bf0200] [32m hipFree ( 0x7f9ed4200000 ) [0m
:4:commandqueue.cpp         :167 : 4393672253259 us: [pid:4174004 tid: 0x7fa0f7bf0200] HW Event not ready, awaiting completion instead
:4:commandqueue.cpp         :184 : 4393672253274 us: [pid:4174004 tid: 0x7fa0f7bf0200] All commands finished
:4:rocdevice.cpp            :2388: 4393672253414 us: [pid:4174004 tid: 0x7fa0f7bf0200] Free hsa memory 0x7f9ed4200000
:3:rocdevice.cpp            :2411: 4393672253424 us: [pid:4174004 tid: 0x7fa0f7bf0200] Device=0x3c7d7500, freeMem_ = 0xfe1adffdc
:3:hip_memory.cpp           :774 : 4393672253442 us: [pid:4174004 tid: 0x7fa0f7bf0200] hipFree: Returned hipSuccess : 
:3:hip_memory.cpp           :772 : 4393672253875 us: [pid:4174004 tid: 0x7fa0f7bf0200] [32m hipFree ( 0x7f9fa0027000 ) [0m
:4:rocdevice.cpp            :2388: 4393672253891 us: [pid:4174004 tid: 0x7fa0f7bf0200] Free hsa memory 0x7f9fa0027000
:3:rocdevice.cpp            :2411: 4393672253896 us: [pid:4174004 tid: 0x7fa0f7bf0200] Device=0x3c7d7500, freeMem_ = 0xfe1b3ffdc
:3:hip_memory.cpp           :774 : 4393672253904 us: [pid:4174004 tid: 0x7fa0f7bf0200] hipFree: Returned hipSuccess : 
:3:hip_memory.cpp           :772 : 4393672253909 us: [pid:4174004 tid: 0x7fa0f7bf0200] [32m hipFree ( 0x7f9eb6a00000 ) [0m
:4:rocdevice.cpp            :2388: 4393672253976 us: [pid:4174004 tid: 0x7fa0f7bf0200] Free hsa memory 0x7f9eb6a00000
:3:rocdevice.cpp            :2411: 4393672253993 us: [pid:4174004 tid: 0x7fa0f7bf0200] Device=0x3c7d7500, freeMem_ = 0xffeffffdc
:3:hip_memory.cpp           :774 : 4393672254006 us: [pid:4174004 tid: 0x7fa0f7bf0200] hipFree: Returned hipSuccess : 
:3:hip_memory.cpp           :772 : 4393672254019 us: [pid:4174004 tid: 0x7fa0f7bf0200] [32m hipFree ( 0x7f9fa0000000 ) [0m
:4:rocdevice.cpp            :2388: 4393672254028 us: [pid:4174004 tid: 0x7fa0f7bf0200] Free hsa memory 0x7f9fa0000000
:3:rocdevice.cpp            :2411: 4393672254053 us: [pid:4174004 tid: 0x7fa0f7bf0200] Device=0x3c7d7500, freeMem_ = 0xfff000000
:3:hip_memory.cpp           :774 : 4393672254071 us: [pid:4174004 tid: 0x7fa0f7bf0200] hipFree: Returned hipSuccess : 
:4:rocdevice.cpp            :2388: 4393672484074 us: [pid:4174004 tid: 0x7fa0f7bf0200] Free hsa memory (nil)
:3:rocdevice.cpp            :3254: 4393672484096 us: [pid:4174004 tid: 0x7fa0f7bf0200] releaseQueue refCount:0x7f9face00000 (0)
:4:rocdevice.cpp            :2388: 4393672484255 us: [pid:4174004 tid: 0x7fa0f7bf0200] Free hsa memory 0x7f9facc00000
:4:rocdevice.cpp            :2388: 4393672485009 us: [pid:4174004 tid: 0x7fa0f7bf0200] Free hsa memory 0x7f9fac600000
:4:rocdevice.cpp            :2388: 4393672485539 us: [pid:4174004 tid: 0x7fa0f7bf0200] Free hsa memory 0x7f9fc5200000
:4:rocdevice.cpp            :2388: 4393672485623 us: [pid:4174004 tid: 0x7fa0f7bf0200] Free hsa memory 0x7fa102034000
:3:rocdevice.cpp            :278 : 4393672485632 us: [pid:4174004 tid: 0x7fa0f7bf0200] Deleting hostcall buffer 0x7f9f9d200000 for hardware queue 0x7f9face00000
:3:devhostcall.cpp          :460 : 4393672486016 us: [pid:4174004 tid: 0x7fa0f7bf0200] Terminated hostcall listener
:4:rocdevice.cpp            :2388: 4393672487471 us: [pid:4174004 tid: 0x7fa0f7bf0200] Free hsa memory 0x7f9f9d200000
:3:rocdevice.cpp            :283 : 4393672487484 us: [pid:4174004 tid: 0x7fa0f7bf0200] Deleting hardware queue 0x7f9face00000 with refCount 0
:4:rocdevice.cpp            :2388: 4393672491855 us: [pid:4174004 tid: 0x7fa0f7bf0200] Free hsa memory 0x7f9fc5800000
:4:rocdevice.cpp            :2388: 4393672492130 us: [pid:4174004 tid: 0x7fa0f7bf0200] Free hsa memory 0x7f9fa0007000
:4:rocdevice.cpp            :2388: 4393672492583 us: [pid:4174004 tid: 0x7fa0f7bf0200] Free hsa memory 0x7f9f9c800000
