index,site_id,bit_index,bitwidth,type_kind,opcode
1,1,0,64,int,store
2,1,1,64,int,store
3,1,2,64,int,store
4,1,3,64,int,store
5,1,4,64,int,store
6,1,5,64,int,store
7,1,6,64,int,store
8,1,7,64,int,store
9,1,8,64,int,store
10,1,9,64,int,store
11,1,10,64,int,store
12,1,11,64,int,store
13,1,12,64,int,store
14,1,13,64,int,store
15,1,14,64,int,store
16,1,15,64,int,store
17,1,16,64,int,store
18,1,17,64,int,store
19,1,18,64,int,store
20,1,19,64,int,store
21,1,20,64,int,store
22,1,21,64,int,store
23,1,22,64,int,store
24,1,23,64,int,store
25,1,24,64,int,store
26,1,25,64,int,store
27,1,26,64,int,store
28,1,27,64,int,store
29,1,28,64,int,store
30,1,29,64,int,store
31,1,30,64,int,store
32,1,31,64,int,store
33,1,32,64,int,store
34,1,33,64,int,store
35,1,34,64,int,store
36,1,35,64,int,store
37,1,36,64,int,store
38,1,37,64,int,store
39,1,38,64,int,store
40,1,39,64,int,store
41,1,40,64,int,store
42,1,41,64,int,store
43,1,42,64,int,store
44,1,43,64,int,store
45,1,44,64,int,store
46,1,45,64,int,store
47,1,46,64,int,store
48,1,47,64,int,store
49,1,48,64,int,store
50,1,49,64,int,store
51,1,50,64,int,store
52,1,51,64,int,store
53,1,52,64,int,store
54,1,53,64,int,store
55,1,54,64,int,store
56,1,55,64,int,store
57,1,56,64,int,store
58,1,57,64,int,store
59,1,58,64,int,store
60,1,59,64,int,store
61,1,60,64,int,store
62,1,61,64,int,store
63,1,62,64,int,store
64,1,63,64,int,store
65,2,0,64,int,icmp
66,2,1,64,int,icmp
67,2,2,64,int,icmp
68,2,3,64,int,icmp
69,2,4,64,int,icmp
70,2,5,64,int,icmp
71,2,6,64,int,icmp
72,2,7,64,int,icmp
73,2,8,64,int,icmp
74,2,9,64,int,icmp
75,2,10,64,int,icmp
76,2,11,64,int,icmp
77,2,12,64,int,icmp
78,2,13,64,int,icmp
79,2,14,64,int,icmp
80,2,15,64,int,icmp
81,2,16,64,int,icmp
82,2,17,64,int,icmp
83,2,18,64,int,icmp
84,2,19,64,int,icmp
85,2,20,64,int,icmp
86,2,21,64,int,icmp
87,2,22,64,int,icmp
88,2,23,64,int,icmp
89,2,24,64,int,icmp
90,2,25,64,int,icmp
91,2,26,64,int,icmp
92,2,27,64,int,icmp
93,2,28,64,int,icmp
94,2,29,64,int,icmp
95,2,30,64,int,icmp
96,2,31,64,int,icmp
97,2,32,64,int,icmp
98,2,33,64,int,icmp
99,2,34,64,int,icmp
100,2,35,64,int,icmp
101,2,36,64,int,icmp
102,2,37,64,int,icmp
103,2,38,64,int,icmp
104,2,39,64,int,icmp
105,2,40,64,int,icmp
106,2,41,64,int,icmp
107,2,42,64,int,icmp
108,2,43,64,int,icmp
109,2,44,64,int,icmp
110,2,45,64,int,icmp
111,2,46,64,int,icmp
112,2,47,64,int,icmp
113,2,48,64,int,icmp
114,2,49,64,int,icmp
115,2,50,64,int,icmp
116,2,51,64,int,icmp
117,2,52,64,int,icmp
118,2,53,64,int,icmp
119,2,54,64,int,icmp
120,2,55,64,int,icmp
121,2,56,64,int,icmp
122,2,57,64,int,icmp
123,2,58,64,int,icmp
124,2,59,64,int,icmp
125,2,60,64,int,icmp
126,2,61,64,int,icmp
127,2,62,64,int,icmp
128,2,63,64,int,icmp
129,3,0,1,int,br
130,4,0,64,int,add
131,4,1,64,int,add
132,4,2,64,int,add
133,4,3,64,int,add
134,4,4,64,int,add
135,4,5,64,int,add
136,4,6,64,int,add
137,4,7,64,int,add
138,4,8,64,int,add
139,4,9,64,int,add
140,4,10,64,int,add
141,4,11,64,int,add
142,4,12,64,int,add
143,4,13,64,int,add
144,4,14,64,int,add
145,4,15,64,int,add
146,4,16,64,int,add
147,4,17,64,int,add
148,4,18,64,int,add
149,4,19,64,int,add
150,4,20,64,int,add
151,4,21,64,int,add
152,4,22,64,int,add
153,4,23,64,int,add
154,4,24,64,int,add
155,4,25,64,int,add
156,4,26,64,int,add
157,4,27,64,int,add
158,4,28,64,int,add
159,4,29,64,int,add
160,4,30,64,int,add
161,4,31,64,int,add
162,4,32,64,int,add
163,4,33,64,int,add
164,4,34,64,int,add
165,4,35,64,int,add
166,4,36,64,int,add
167,4,37,64,int,add
168,4,38,64,int,add
169,4,39,64,int,add
170,4,40,64,int,add
171,4,41,64,int,add
172,4,42,64,int,add
173,4,43,64,int,add
174,4,44,64,int,add
175,4,45,64,int,add
176,4,46,64,int,add
177,4,47,64,int,add
178,4,48,64,int,add
179,4,49,64,int,add
180,4,50,64,int,add
181,4,51,64,int,add
182,4,52,64,int,add
183,4,53,64,int,add
184,4,54,64,int,add
185,4,55,64,int,add
186,4,56,64,int,add
187,4,57,64,int,add
188,4,58,64,int,add
189,4,59,64,int,add
190,4,60,64,int,add
191,4,61,64,int,add
192,4,62,64,int,add
193,4,63,64,int,add
194,5,0,64,int,store
195,5,1,64,int,store
196,5,2,64,int,store
197,5,3,64,int,store
198,5,4,64,int,store
199,5,5,64,int,store
200,5,6,64,int,store
201,5,7,64,int,store
202,5,8,64,int,store
203,5,9,64,int,store
204,5,10,64,int,store
205,5,11,64,int,store
206,5,12,64,int,store
207,5,13,64,int,store
208,5,14,64,int,store
209,5,15,64,int,store
210,5,16,64,int,store
211,5,17,64,int,store
212,5,18,64,int,store
213,5,19,64,int,store
214,5,20,64,int,store
215,5,21,64,int,store
216,5,22,64,int,store
217,5,23,64,int,store
218,5,24,64,int,store
219,5,25,64,int,store
220,5,26,64,int,store
221,5,27,64,int,store
222,5,28,64,int,store
223,5,29,64,int,store
224,5,30,64,int,store
225,5,31,64,int,store
226,5,32,64,int,store
227,5,33,64,int,store
228,5,34,64,int,store
229,5,35,64,int,store
230,5,36,64,int,store
231,5,37,64,int,store
232,5,38,64,int,store
233,5,39,64,int,store
234,5,40,64,int,store
235,5,41,64,int,store
236,5,42,64,int,store
237,5,43,64,int,store
238,5,44,64,int,store
239,5,45,64,int,store
240,5,46,64,int,store
241,5,47,64,int,store
242,5,48,64,int,store
243,5,49,64,int,store
244,5,50,64,int,store
245,5,51,64,int,store
246,5,52,64,int,store
247,5,53,64,int,store
248,5,54,64,int,store
249,5,55,64,int,store
250,5,56,64,int,store
251,5,57,64,int,store
252,5,58,64,int,store
253,5,59,64,int,store
254,5,60,64,int,store
255,5,61,64,int,store
256,5,62,64,int,store
257,5,63,64,int,store
258,6,0,64,int,icmp
259,6,1,64,int,icmp
260,6,2,64,int,icmp
261,6,3,64,int,icmp
262,6,4,64,int,icmp
263,6,5,64,int,icmp
264,6,6,64,int,icmp
265,6,7,64,int,icmp
266,6,8,64,int,icmp
267,6,9,64,int,icmp
268,6,10,64,int,icmp
269,6,11,64,int,icmp
270,6,12,64,int,icmp
271,6,13,64,int,icmp
272,6,14,64,int,icmp
273,6,15,64,int,icmp
274,6,16,64,int,icmp
275,6,17,64,int,icmp
276,6,18,64,int,icmp
277,6,19,64,int,icmp
278,6,20,64,int,icmp
279,6,21,64,int,icmp
280,6,22,64,int,icmp
281,6,23,64,int,icmp
282,6,24,64,int,icmp
283,6,25,64,int,icmp
284,6,26,64,int,icmp
285,6,27,64,int,icmp
286,6,28,64,int,icmp
287,6,29,64,int,icmp
288,6,30,64,int,icmp
289,6,31,64,int,icmp
290,6,32,64,int,icmp
291,6,33,64,int,icmp
292,6,34,64,int,icmp
293,6,35,64,int,icmp
294,6,36,64,int,icmp
295,6,37,64,int,icmp
296,6,38,64,int,icmp
297,6,39,64,int,icmp
298,6,40,64,int,icmp
299,6,41,64,int,icmp
300,6,42,64,int,icmp
301,6,43,64,int,icmp
302,6,44,64,int,icmp
303,6,45,64,int,icmp
304,6,46,64,int,icmp
305,6,47,64,int,icmp
306,6,48,64,int,icmp
307,6,49,64,int,icmp
308,6,50,64,int,icmp
309,6,51,64,int,icmp
310,6,52,64,int,icmp
311,6,53,64,int,icmp
312,6,54,64,int,icmp
313,6,55,64,int,icmp
314,6,56,64,int,icmp
315,6,57,64,int,icmp
316,6,58,64,int,icmp
317,6,59,64,int,icmp
318,6,60,64,int,icmp
319,6,61,64,int,icmp
320,6,62,64,int,icmp
321,6,63,64,int,icmp
322,7,0,1,int,br
323,8,0,64,int,sub
324,8,1,64,int,sub
325,8,2,64,int,sub
326,8,3,64,int,sub
327,8,4,64,int,sub
328,8,5,64,int,sub
329,8,6,64,int,sub
330,8,7,64,int,sub
331,8,8,64,int,sub
332,8,9,64,int,sub
333,8,10,64,int,sub
334,8,11,64,int,sub
335,8,12,64,int,sub
336,8,13,64,int,sub
337,8,14,64,int,sub
338,8,15,64,int,sub
339,8,16,64,int,sub
340,8,17,64,int,sub
341,8,18,64,int,sub
342,8,19,64,int,sub
343,8,20,64,int,sub
344,8,21,64,int,sub
345,8,22,64,int,sub
346,8,23,64,int,sub
347,8,24,64,int,sub
348,8,25,64,int,sub
349,8,26,64,int,sub
350,8,27,64,int,sub
351,8,28,64,int,sub
352,8,29,64,int,sub
353,8,30,64,int,sub
354,8,31,64,int,sub
355,8,32,64,int,sub
356,8,33,64,int,sub
357,8,34,64,int,sub
358,8,35,64,int,sub
359,8,36,64,int,sub
360,8,37,64,int,sub
361,8,38,64,int,sub
362,8,39,64,int,sub
363,8,40,64,int,sub
364,8,41,64,int,sub
365,8,42,64,int,sub
366,8,43,64,int,sub
367,8,44,64,int,sub
368,8,45,64,int,sub
369,8,46,64,int,sub
370,8,47,64,int,sub
371,8,48,64,int,sub
372,8,49,64,int,sub
373,8,50,64,int,sub
374,8,51,64,int,sub
375,8,52,64,int,sub
376,8,53,64,int,sub
377,8,54,64,int,sub
378,8,55,64,int,sub
379,8,56,64,int,sub
380,8,57,64,int,sub
381,8,58,64,int,sub
382,8,59,64,int,sub
383,8,60,64,int,sub
384,8,61,64,int,sub
385,8,62,64,int,sub
386,8,63,64,int,sub
387,9,0,64,int,store
388,9,1,64,int,store
389,9,2,64,int,store
390,9,3,64,int,store
391,9,4,64,int,store
392,9,5,64,int,store
393,9,6,64,int,store
394,9,7,64,int,store
395,9,8,64,int,store
396,9,9,64,int,store
397,9,10,64,int,store
398,9,11,64,int,store
399,9,12,64,int,store
400,9,13,64,int,store
401,9,14,64,int,store
402,9,15,64,int,store
403,9,16,64,int,store
404,9,17,64,int,store
405,9,18,64,int,store
406,9,19,64,int,store
407,9,20,64,int,store
408,9,21,64,int,store
409,9,22,64,int,store
410,9,23,64,int,store
411,9,24,64,int,store
412,9,25,64,int,store
413,9,26,64,int,store
414,9,27,64,int,store
415,9,28,64,int,store
416,9,29,64,int,store
417,9,30,64,int,store
418,9,31,64,int,store
419,9,32,64,int,store
420,9,33,64,int,store
421,9,34,64,int,store
422,9,35,64,int,store
423,9,36,64,int,store
424,9,37,64,int,store
425,9,38,64,int,store
426,9,39,64,int,store
427,9,40,64,int,store
428,9,41,64,int,store
429,9,42,64,int,store
430,9,43,64,int,store
431,9,44,64,int,store
432,9,45,64,int,store
433,9,46,64,int,store
434,9,47,64,int,store
435,9,48,64,int,store
436,9,49,64,int,store
437,9,50,64,int,store
438,9,51,64,int,store
439,9,52,64,int,store
440,9,53,64,int,store
441,9,54,64,int,store
442,9,55,64,int,store
443,9,56,64,int,store
444,9,57,64,int,store
445,9,58,64,int,store
446,9,59,64,int,store
447,9,60,64,int,store
448,9,61,64,int,store
449,9,62,64,int,store
450,9,63,64,int,store
451,10,0,64,int,icmp
452,10,1,64,int,icmp
453,10,2,64,int,icmp
454,10,3,64,int,icmp
455,10,4,64,int,icmp
456,10,5,64,int,icmp
457,10,6,64,int,icmp
458,10,7,64,int,icmp
459,10,8,64,int,icmp
460,10,9,64,int,icmp
461,10,10,64,int,icmp
462,10,11,64,int,icmp
463,10,12,64,int,icmp
464,10,13,64,int,icmp
465,10,14,64,int,icmp
466,10,15,64,int,icmp
467,10,16,64,int,icmp
468,10,17,64,int,icmp
469,10,18,64,int,icmp
470,10,19,64,int,icmp
471,10,20,64,int,icmp
472,10,21,64,int,icmp
473,10,22,64,int,icmp
474,10,23,64,int,icmp
475,10,24,64,int,icmp
476,10,25,64,int,icmp
477,10,26,64,int,icmp
478,10,27,64,int,icmp
479,10,28,64,int,icmp
480,10,29,64,int,icmp
481,10,30,64,int,icmp
482,10,31,64,int,icmp
483,10,32,64,int,icmp
484,10,33,64,int,icmp
485,10,34,64,int,icmp
486,10,35,64,int,icmp
487,10,36,64,int,icmp
488,10,37,64,int,icmp
489,10,38,64,int,icmp
490,10,39,64,int,icmp
491,10,40,64,int,icmp
492,10,41,64,int,icmp
493,10,42,64,int,icmp
494,10,43,64,int,icmp
495,10,44,64,int,icmp
496,10,45,64,int,icmp
497,10,46,64,int,icmp
498,10,47,64,int,icmp
499,10,48,64,int,icmp
500,10,49,64,int,icmp
501,10,50,64,int,icmp
502,10,51,64,int,icmp
503,10,52,64,int,icmp
504,10,53,64,int,icmp
505,10,54,64,int,icmp
506,10,55,64,int,icmp
507,10,56,64,int,icmp
508,10,57,64,int,icmp
509,10,58,64,int,icmp
510,10,59,64,int,icmp
511,10,60,64,int,icmp
512,10,61,64,int,icmp
513,10,62,64,int,icmp
514,10,63,64,int,icmp
515,11,0,1,int,br
516,12,0,32,int,icmp
517,12,1,32,int,icmp
518,12,2,32,int,icmp
519,12,3,32,int,icmp
520,12,4,32,int,icmp
521,12,5,32,int,icmp
522,12,6,32,int,icmp
523,12,7,32,int,icmp
524,12,8,32,int,icmp
525,12,9,32,int,icmp
526,12,10,32,int,icmp
527,12,11,32,int,icmp
528,12,12,32,int,icmp
529,12,13,32,int,icmp
530,12,14,32,int,icmp
531,12,15,32,int,icmp
532,12,16,32,int,icmp
533,12,17,32,int,icmp
534,12,18,32,int,icmp
535,12,19,32,int,icmp
536,12,20,32,int,icmp
537,12,21,32,int,icmp
538,12,22,32,int,icmp
539,12,23,32,int,icmp
540,12,24,32,int,icmp
541,12,25,32,int,icmp
542,12,26,32,int,icmp
543,12,27,32,int,icmp
544,12,28,32,int,icmp
545,12,29,32,int,icmp
546,12,30,32,int,icmp
547,12,31,32,int,icmp
548,13,0,1,int,br
549,14,0,32,int,sext
550,14,1,32,int,sext
551,14,2,32,int,sext
552,14,3,32,int,sext
553,14,4,32,int,sext
554,14,5,32,int,sext
555,14,6,32,int,sext
556,14,7,32,int,sext
557,14,8,32,int,sext
558,14,9,32,int,sext
559,14,10,32,int,sext
560,14,11,32,int,sext
561,14,12,32,int,sext
562,14,13,32,int,sext
563,14,14,32,int,sext
564,14,15,32,int,sext
565,14,16,32,int,sext
566,14,17,32,int,sext
567,14,18,32,int,sext
568,14,19,32,int,sext
569,14,20,32,int,sext
570,14,21,32,int,sext
571,14,22,32,int,sext
572,14,23,32,int,sext
573,14,24,32,int,sext
574,14,25,32,int,sext
575,14,26,32,int,sext
576,14,27,32,int,sext
577,14,28,32,int,sext
578,14,29,32,int,sext
579,14,30,32,int,sext
580,14,31,32,int,sext
581,15,0,64,int,getelementptr
582,15,1,64,int,getelementptr
583,15,2,64,int,getelementptr
584,15,3,64,int,getelementptr
585,15,4,64,int,getelementptr
586,15,5,64,int,getelementptr
587,15,6,64,int,getelementptr
588,15,7,64,int,getelementptr
589,15,8,64,int,getelementptr
590,15,9,64,int,getelementptr
591,15,10,64,int,getelementptr
592,15,11,64,int,getelementptr
593,15,12,64,int,getelementptr
594,15,13,64,int,getelementptr
595,15,14,64,int,getelementptr
596,15,15,64,int,getelementptr
597,15,16,64,int,getelementptr
598,15,17,64,int,getelementptr
599,15,18,64,int,getelementptr
600,15,19,64,int,getelementptr
601,15,20,64,int,getelementptr
602,15,21,64,int,getelementptr
603,15,22,64,int,getelementptr
604,15,23,64,int,getelementptr
605,15,24,64,int,getelementptr
606,15,25,64,int,getelementptr
607,15,26,64,int,getelementptr
608,15,27,64,int,getelementptr
609,15,28,64,int,getelementptr
610,15,29,64,int,getelementptr
611,15,30,64,int,getelementptr
612,15,31,64,int,getelementptr
613,15,32,64,int,getelementptr
614,15,33,64,int,getelementptr
615,15,34,64,int,getelementptr
616,15,35,64,int,getelementptr
617,15,36,64,int,getelementptr
618,15,37,64,int,getelementptr
619,15,38,64,int,getelementptr
620,15,39,64,int,getelementptr
621,15,40,64,int,getelementptr
622,15,41,64,int,getelementptr
623,15,42,64,int,getelementptr
624,15,43,64,int,getelementptr
625,15,44,64,int,getelementptr
626,15,45,64,int,getelementptr
627,15,46,64,int,getelementptr
628,15,47,64,int,getelementptr
629,15,48,64,int,getelementptr
630,15,49,64,int,getelementptr
631,15,50,64,int,getelementptr
632,15,51,64,int,getelementptr
633,15,52,64,int,getelementptr
634,15,53,64,int,getelementptr
635,15,54,64,int,getelementptr
636,15,55,64,int,getelementptr
637,15,56,64,int,getelementptr
638,15,57,64,int,getelementptr
639,15,58,64,int,getelementptr
640,15,59,64,int,getelementptr
641,15,60,64,int,getelementptr
642,15,61,64,int,getelementptr
643,15,62,64,int,getelementptr
644,15,63,64,int,getelementptr
645,16,0,64,int,store
646,16,1,64,int,store
647,16,2,64,int,store
648,16,3,64,int,store
649,16,4,64,int,store
650,16,5,64,int,store
651,16,6,64,int,store
652,16,7,64,int,store
653,16,8,64,int,store
654,16,9,64,int,store
655,16,10,64,int,store
656,16,11,64,int,store
657,16,12,64,int,store
658,16,13,64,int,store
659,16,14,64,int,store
660,16,15,64,int,store
661,16,16,64,int,store
662,16,17,64,int,store
663,16,18,64,int,store
664,16,19,64,int,store
665,16,20,64,int,store
666,16,21,64,int,store
667,16,22,64,int,store
668,16,23,64,int,store
669,16,24,64,int,store
670,16,25,64,int,store
671,16,26,64,int,store
672,16,27,64,int,store
673,16,28,64,int,store
674,16,29,64,int,store
675,16,30,64,int,store
676,16,31,64,int,store
677,16,32,64,int,store
678,16,33,64,int,store
679,16,34,64,int,store
680,16,35,64,int,store
681,16,36,64,int,store
682,16,37,64,int,store
683,16,38,64,int,store
684,16,39,64,int,store
685,16,40,64,int,store
686,16,41,64,int,store
687,16,42,64,int,store
688,16,43,64,int,store
689,16,44,64,int,store
690,16,45,64,int,store
691,16,46,64,int,store
692,16,47,64,int,store
693,16,48,64,int,store
694,16,49,64,int,store
695,16,50,64,int,store
696,16,51,64,int,store
697,16,52,64,int,store
698,16,53,64,int,store
699,16,54,64,int,store
700,16,55,64,int,store
701,16,56,64,int,store
702,16,57,64,int,store
703,16,58,64,int,store
704,16,59,64,int,store
705,16,60,64,int,store
706,16,61,64,int,store
707,16,62,64,int,store
708,16,63,64,int,store
709,17,0,64,int,shl
710,17,1,64,int,shl
711,17,2,64,int,shl
712,17,3,64,int,shl
713,17,4,64,int,shl
714,17,5,64,int,shl
715,17,6,64,int,shl
716,17,7,64,int,shl
717,17,8,64,int,shl
718,17,9,64,int,shl
719,17,10,64,int,shl
720,17,11,64,int,shl
721,17,12,64,int,shl
722,17,13,64,int,shl
723,17,14,64,int,shl
724,17,15,64,int,shl
725,17,16,64,int,shl
726,17,17,64,int,shl
727,17,18,64,int,shl
728,17,19,64,int,shl
729,17,20,64,int,shl
730,17,21,64,int,shl
731,17,22,64,int,shl
732,17,23,64,int,shl
733,17,24,64,int,shl
734,17,25,64,int,shl
735,17,26,64,int,shl
736,17,27,64,int,shl
737,17,28,64,int,shl
738,17,29,64,int,shl
739,17,30,64,int,shl
740,17,31,64,int,shl
741,17,32,64,int,shl
742,17,33,64,int,shl
743,17,34,64,int,shl
744,17,35,64,int,shl
745,17,36,64,int,shl
746,17,37,64,int,shl
747,17,38,64,int,shl
748,17,39,64,int,shl
749,17,40,64,int,shl
750,17,41,64,int,shl
751,17,42,64,int,shl
752,17,43,64,int,shl
753,17,44,64,int,shl
754,17,45,64,int,shl
755,17,46,64,int,shl
756,17,47,64,int,shl
757,17,48,64,int,shl
758,17,49,64,int,shl
759,17,50,64,int,shl
760,17,51,64,int,shl
761,17,52,64,int,shl
762,17,53,64,int,shl
763,17,54,64,int,shl
764,17,55,64,int,shl
765,17,56,64,int,shl
766,17,57,64,int,shl
767,17,58,64,int,shl
768,17,59,64,int,shl
769,17,60,64,int,shl
770,17,61,64,int,shl
771,17,62,64,int,shl
772,17,63,64,int,shl
773,18,0,64,int,icmp
774,18,1,64,int,icmp
775,18,2,64,int,icmp
776,18,3,64,int,icmp
777,18,4,64,int,icmp
778,18,5,64,int,icmp
779,18,6,64,int,icmp
780,18,7,64,int,icmp
781,18,8,64,int,icmp
782,18,9,64,int,icmp
783,18,10,64,int,icmp
784,18,11,64,int,icmp
785,18,12,64,int,icmp
786,18,13,64,int,icmp
787,18,14,64,int,icmp
788,18,15,64,int,icmp
789,18,16,64,int,icmp
790,18,17,64,int,icmp
791,18,18,64,int,icmp
792,18,19,64,int,icmp
793,18,20,64,int,icmp
794,18,21,64,int,icmp
795,18,22,64,int,icmp
796,18,23,64,int,icmp
797,18,24,64,int,icmp
798,18,25,64,int,icmp
799,18,26,64,int,icmp
800,18,27,64,int,icmp
801,18,28,64,int,icmp
802,18,29,64,int,icmp
803,18,30,64,int,icmp
804,18,31,64,int,icmp
805,18,32,64,int,icmp
806,18,33,64,int,icmp
807,18,34,64,int,icmp
808,18,35,64,int,icmp
809,18,36,64,int,icmp
810,18,37,64,int,icmp
811,18,38,64,int,icmp
812,18,39,64,int,icmp
813,18,40,64,int,icmp
814,18,41,64,int,icmp
815,18,42,64,int,icmp
816,18,43,64,int,icmp
817,18,44,64,int,icmp
818,18,45,64,int,icmp
819,18,46,64,int,icmp
820,18,47,64,int,icmp
821,18,48,64,int,icmp
822,18,49,64,int,icmp
823,18,50,64,int,icmp
824,18,51,64,int,icmp
825,18,52,64,int,icmp
826,18,53,64,int,icmp
827,18,54,64,int,icmp
828,18,55,64,int,icmp
829,18,56,64,int,icmp
830,18,57,64,int,icmp
831,18,58,64,int,icmp
832,18,59,64,int,icmp
833,18,60,64,int,icmp
834,18,61,64,int,icmp
835,18,62,64,int,icmp
836,18,63,64,int,icmp
837,19,0,1,int,zext
838,20,0,1,int,select
839,21,0,64,int,xor
840,21,1,64,int,xor
841,21,2,64,int,xor
842,21,3,64,int,xor
843,21,4,64,int,xor
844,21,5,64,int,xor
845,21,6,64,int,xor
846,21,7,64,int,xor
847,21,8,64,int,xor
848,21,9,64,int,xor
849,21,10,64,int,xor
850,21,11,64,int,xor
851,21,12,64,int,xor
852,21,13,64,int,xor
853,21,14,64,int,xor
854,21,15,64,int,xor
855,21,16,64,int,xor
856,21,17,64,int,xor
857,21,18,64,int,xor
858,21,19,64,int,xor
859,21,20,64,int,xor
860,21,21,64,int,xor
861,21,22,64,int,xor
862,21,23,64,int,xor
863,21,24,64,int,xor
864,21,25,64,int,xor
865,21,26,64,int,xor
866,21,27,64,int,xor
867,21,28,64,int,xor
868,21,29,64,int,xor
869,21,30,64,int,xor
870,21,31,64,int,xor
871,21,32,64,int,xor
872,21,33,64,int,xor
873,21,34,64,int,xor
874,21,35,64,int,xor
875,21,36,64,int,xor
876,21,37,64,int,xor
877,21,38,64,int,xor
878,21,39,64,int,xor
879,21,40,64,int,xor
880,21,41,64,int,xor
881,21,42,64,int,xor
882,21,43,64,int,xor
883,21,44,64,int,xor
884,21,45,64,int,xor
885,21,46,64,int,xor
886,21,47,64,int,xor
887,21,48,64,int,xor
888,21,49,64,int,xor
889,21,50,64,int,xor
890,21,51,64,int,xor
891,21,52,64,int,xor
892,21,53,64,int,xor
893,21,54,64,int,xor
894,21,55,64,int,xor
895,21,56,64,int,xor
896,21,57,64,int,xor
897,21,58,64,int,xor
898,21,59,64,int,xor
899,21,60,64,int,xor
900,21,61,64,int,xor
901,21,62,64,int,xor
902,21,63,64,int,xor
903,22,0,64,int,xor
904,22,1,64,int,xor
905,22,2,64,int,xor
906,22,3,64,int,xor
907,22,4,64,int,xor
908,22,5,64,int,xor
909,22,6,64,int,xor
910,22,7,64,int,xor
911,22,8,64,int,xor
912,22,9,64,int,xor
913,22,10,64,int,xor
914,22,11,64,int,xor
915,22,12,64,int,xor
916,22,13,64,int,xor
917,22,14,64,int,xor
918,22,15,64,int,xor
919,22,16,64,int,xor
920,22,17,64,int,xor
921,22,18,64,int,xor
922,22,19,64,int,xor
923,22,20,64,int,xor
924,22,21,64,int,xor
925,22,22,64,int,xor
926,22,23,64,int,xor
927,22,24,64,int,xor
928,22,25,64,int,xor
929,22,26,64,int,xor
930,22,27,64,int,xor
931,22,28,64,int,xor
932,22,29,64,int,xor
933,22,30,64,int,xor
934,22,31,64,int,xor
935,22,32,64,int,xor
936,22,33,64,int,xor
937,22,34,64,int,xor
938,22,35,64,int,xor
939,22,36,64,int,xor
940,22,37,64,int,xor
941,22,38,64,int,xor
942,22,39,64,int,xor
943,22,40,64,int,xor
944,22,41,64,int,xor
945,22,42,64,int,xor
946,22,43,64,int,xor
947,22,44,64,int,xor
948,22,45,64,int,xor
949,22,46,64,int,xor
950,22,47,64,int,xor
951,22,48,64,int,xor
952,22,49,64,int,xor
953,22,50,64,int,xor
954,22,51,64,int,xor
955,22,52,64,int,xor
956,22,53,64,int,xor
957,22,54,64,int,xor
958,22,55,64,int,xor
959,22,56,64,int,xor
960,22,57,64,int,xor
961,22,58,64,int,xor
962,22,59,64,int,xor
963,22,60,64,int,xor
964,22,61,64,int,xor
965,22,62,64,int,xor
966,22,63,64,int,xor
967,23,0,64,int,store
968,23,1,64,int,store
969,23,2,64,int,store
970,23,3,64,int,store
971,23,4,64,int,store
972,23,5,64,int,store
973,23,6,64,int,store
974,23,7,64,int,store
975,23,8,64,int,store
976,23,9,64,int,store
977,23,10,64,int,store
978,23,11,64,int,store
979,23,12,64,int,store
980,23,13,64,int,store
981,23,14,64,int,store
982,23,15,64,int,store
983,23,16,64,int,store
984,23,17,64,int,store
985,23,18,64,int,store
986,23,19,64,int,store
987,23,20,64,int,store
988,23,21,64,int,store
989,23,22,64,int,store
990,23,23,64,int,store
991,23,24,64,int,store
992,23,25,64,int,store
993,23,26,64,int,store
994,23,27,64,int,store
995,23,28,64,int,store
996,23,29,64,int,store
997,23,30,64,int,store
998,23,31,64,int,store
999,23,32,64,int,store
1000,23,33,64,int,store
1001,23,34,64,int,store
1002,23,35,64,int,store
1003,23,36,64,int,store
1004,23,37,64,int,store
1005,23,38,64,int,store
1006,23,39,64,int,store
1007,23,40,64,int,store
1008,23,41,64,int,store
1009,23,42,64,int,store
1010,23,43,64,int,store
1011,23,44,64,int,store
1012,23,45,64,int,store
1013,23,46,64,int,store
1014,23,47,64,int,store
1015,23,48,64,int,store
1016,23,49,64,int,store
1017,23,50,64,int,store
1018,23,51,64,int,store
1019,23,52,64,int,store
1020,23,53,64,int,store
1021,23,54,64,int,store
1022,23,55,64,int,store
1023,23,56,64,int,store
1024,23,57,64,int,store
1025,23,58,64,int,store
1026,23,59,64,int,store
1027,23,60,64,int,store
1028,23,61,64,int,store
1029,23,62,64,int,store
1030,23,63,64,int,store
1031,24,0,64,int,shl
1032,24,1,64,int,shl
1033,24,2,64,int,shl
1034,24,3,64,int,shl
1035,24,4,64,int,shl
1036,24,5,64,int,shl
1037,24,6,64,int,shl
1038,24,7,64,int,shl
1039,24,8,64,int,shl
1040,24,9,64,int,shl
1041,24,10,64,int,shl
1042,24,11,64,int,shl
1043,24,12,64,int,shl
1044,24,13,64,int,shl
1045,24,14,64,int,shl
1046,24,15,64,int,shl
1047,24,16,64,int,shl
1048,24,17,64,int,shl
1049,24,18,64,int,shl
1050,24,19,64,int,shl
1051,24,20,64,int,shl
1052,24,21,64,int,shl
1053,24,22,64,int,shl
1054,24,23,64,int,shl
1055,24,24,64,int,shl
1056,24,25,64,int,shl
1057,24,26,64,int,shl
1058,24,27,64,int,shl
1059,24,28,64,int,shl
1060,24,29,64,int,shl
1061,24,30,64,int,shl
1062,24,31,64,int,shl
1063,24,32,64,int,shl
1064,24,33,64,int,shl
1065,24,34,64,int,shl
1066,24,35,64,int,shl
1067,24,36,64,int,shl
1068,24,37,64,int,shl
1069,24,38,64,int,shl
1070,24,39,64,int,shl
1071,24,40,64,int,shl
1072,24,41,64,int,shl
1073,24,42,64,int,shl
1074,24,43,64,int,shl
1075,24,44,64,int,shl
1076,24,45,64,int,shl
1077,24,46,64,int,shl
1078,24,47,64,int,shl
1079,24,48,64,int,shl
1080,24,49,64,int,shl
1081,24,50,64,int,shl
1082,24,51,64,int,shl
1083,24,52,64,int,shl
1084,24,53,64,int,shl
1085,24,54,64,int,shl
1086,24,55,64,int,shl
1087,24,56,64,int,shl
1088,24,57,64,int,shl
1089,24,58,64,int,shl
1090,24,59,64,int,shl
1091,24,60,64,int,shl
1092,24,61,64,int,shl
1093,24,62,64,int,shl
1094,24,63,64,int,shl
1095,25,0,64,int,icmp
1096,25,1,64,int,icmp
1097,25,2,64,int,icmp
1098,25,3,64,int,icmp
1099,25,4,64,int,icmp
1100,25,5,64,int,icmp
1101,25,6,64,int,icmp
1102,25,7,64,int,icmp
1103,25,8,64,int,icmp
1104,25,9,64,int,icmp
1105,25,10,64,int,icmp
1106,25,11,64,int,icmp
1107,25,12,64,int,icmp
1108,25,13,64,int,icmp
1109,25,14,64,int,icmp
1110,25,15,64,int,icmp
1111,25,16,64,int,icmp
1112,25,17,64,int,icmp
1113,25,18,64,int,icmp
1114,25,19,64,int,icmp
1115,25,20,64,int,icmp
1116,25,21,64,int,icmp
1117,25,22,64,int,icmp
1118,25,23,64,int,icmp
1119,25,24,64,int,icmp
1120,25,25,64,int,icmp
1121,25,26,64,int,icmp
1122,25,27,64,int,icmp
1123,25,28,64,int,icmp
1124,25,29,64,int,icmp
1125,25,30,64,int,icmp
1126,25,31,64,int,icmp
1127,25,32,64,int,icmp
1128,25,33,64,int,icmp
1129,25,34,64,int,icmp
1130,25,35,64,int,icmp
1131,25,36,64,int,icmp
1132,25,37,64,int,icmp
1133,25,38,64,int,icmp
1134,25,39,64,int,icmp
1135,25,40,64,int,icmp
1136,25,41,64,int,icmp
1137,25,42,64,int,icmp
1138,25,43,64,int,icmp
1139,25,44,64,int,icmp
1140,25,45,64,int,icmp
1141,25,46,64,int,icmp
1142,25,47,64,int,icmp
1143,25,48,64,int,icmp
1144,25,49,64,int,icmp
1145,25,50,64,int,icmp
1146,25,51,64,int,icmp
1147,25,52,64,int,icmp
1148,25,53,64,int,icmp
1149,25,54,64,int,icmp
1150,25,55,64,int,icmp
1151,25,56,64,int,icmp
1152,25,57,64,int,icmp
1153,25,58,64,int,icmp
1154,25,59,64,int,icmp
1155,25,60,64,int,icmp
1156,25,61,64,int,icmp
1157,25,62,64,int,icmp
1158,25,63,64,int,icmp
1159,26,0,1,int,zext
1160,27,0,1,int,select
1161,28,0,64,int,xor
1162,28,1,64,int,xor
1163,28,2,64,int,xor
1164,28,3,64,int,xor
1165,28,4,64,int,xor
1166,28,5,64,int,xor
1167,28,6,64,int,xor
1168,28,7,64,int,xor
1169,28,8,64,int,xor
1170,28,9,64,int,xor
1171,28,10,64,int,xor
1172,28,11,64,int,xor
1173,28,12,64,int,xor
1174,28,13,64,int,xor
1175,28,14,64,int,xor
1176,28,15,64,int,xor
1177,28,16,64,int,xor
1178,28,17,64,int,xor
1179,28,18,64,int,xor
1180,28,19,64,int,xor
1181,28,20,64,int,xor
1182,28,21,64,int,xor
1183,28,22,64,int,xor
1184,28,23,64,int,xor
1185,28,24,64,int,xor
1186,28,25,64,int,xor
1187,28,26,64,int,xor
1188,28,27,64,int,xor
1189,28,28,64,int,xor
1190,28,29,64,int,xor
1191,28,30,64,int,xor
1192,28,31,64,int,xor
1193,28,32,64,int,xor
1194,28,33,64,int,xor
1195,28,34,64,int,xor
1196,28,35,64,int,xor
1197,28,36,64,int,xor
1198,28,37,64,int,xor
1199,28,38,64,int,xor
1200,28,39,64,int,xor
1201,28,40,64,int,xor
1202,28,41,64,int,xor
1203,28,42,64,int,xor
1204,28,43,64,int,xor
1205,28,44,64,int,xor
1206,28,45,64,int,xor
1207,28,46,64,int,xor
1208,28,47,64,int,xor
1209,28,48,64,int,xor
1210,28,49,64,int,xor
1211,28,50,64,int,xor
1212,28,51,64,int,xor
1213,28,52,64,int,xor
1214,28,53,64,int,xor
1215,28,54,64,int,xor
1216,28,55,64,int,xor
1217,28,56,64,int,xor
1218,28,57,64,int,xor
1219,28,58,64,int,xor
1220,28,59,64,int,xor
1221,28,60,64,int,xor
1222,28,61,64,int,xor
1223,28,62,64,int,xor
1224,28,63,64,int,xor
1225,29,0,64,int,xor
1226,29,1,64,int,xor
1227,29,2,64,int,xor
1228,29,3,64,int,xor
1229,29,4,64,int,xor
1230,29,5,64,int,xor
1231,29,6,64,int,xor
1232,29,7,64,int,xor
1233,29,8,64,int,xor
1234,29,9,64,int,xor
1235,29,10,64,int,xor
1236,29,11,64,int,xor
1237,29,12,64,int,xor
1238,29,13,64,int,xor
1239,29,14,64,int,xor
1240,29,15,64,int,xor
1241,29,16,64,int,xor
1242,29,17,64,int,xor
1243,29,18,64,int,xor
1244,29,19,64,int,xor
1245,29,20,64,int,xor
1246,29,21,64,int,xor
1247,29,22,64,int,xor
1248,29,23,64,int,xor
1249,29,24,64,int,xor
1250,29,25,64,int,xor
1251,29,26,64,int,xor
1252,29,27,64,int,xor
1253,29,28,64,int,xor
1254,29,29,64,int,xor
1255,29,30,64,int,xor
1256,29,31,64,int,xor
1257,29,32,64,int,xor
1258,29,33,64,int,xor
1259,29,34,64,int,xor
1260,29,35,64,int,xor
1261,29,36,64,int,xor
1262,29,37,64,int,xor
1263,29,38,64,int,xor
1264,29,39,64,int,xor
1265,29,40,64,int,xor
1266,29,41,64,int,xor
1267,29,42,64,int,xor
1268,29,43,64,int,xor
1269,29,44,64,int,xor
1270,29,45,64,int,xor
1271,29,46,64,int,xor
1272,29,47,64,int,xor
1273,29,48,64,int,xor
1274,29,49,64,int,xor
1275,29,50,64,int,xor
1276,29,51,64,int,xor
1277,29,52,64,int,xor
1278,29,53,64,int,xor
1279,29,54,64,int,xor
1280,29,55,64,int,xor
1281,29,56,64,int,xor
1282,29,57,64,int,xor
1283,29,58,64,int,xor
1284,29,59,64,int,xor
1285,29,60,64,int,xor
1286,29,61,64,int,xor
1287,29,62,64,int,xor
1288,29,63,64,int,xor
1289,30,0,64,int,store
1290,30,1,64,int,store
1291,30,2,64,int,store
1292,30,3,64,int,store
1293,30,4,64,int,store
1294,30,5,64,int,store
1295,30,6,64,int,store
1296,30,7,64,int,store
1297,30,8,64,int,store
1298,30,9,64,int,store
1299,30,10,64,int,store
1300,30,11,64,int,store
1301,30,12,64,int,store
1302,30,13,64,int,store
1303,30,14,64,int,store
1304,30,15,64,int,store
1305,30,16,64,int,store
1306,30,17,64,int,store
1307,30,18,64,int,store
1308,30,19,64,int,store
1309,30,20,64,int,store
1310,30,21,64,int,store
1311,30,22,64,int,store
1312,30,23,64,int,store
1313,30,24,64,int,store
1314,30,25,64,int,store
1315,30,26,64,int,store
1316,30,27,64,int,store
1317,30,28,64,int,store
1318,30,29,64,int,store
1319,30,30,64,int,store
1320,30,31,64,int,store
1321,30,32,64,int,store
1322,30,33,64,int,store
1323,30,34,64,int,store
1324,30,35,64,int,store
1325,30,36,64,int,store
1326,30,37,64,int,store
1327,30,38,64,int,store
1328,30,39,64,int,store
1329,30,40,64,int,store
1330,30,41,64,int,store
1331,30,42,64,int,store
1332,30,43,64,int,store
1333,30,44,64,int,store
1334,30,45,64,int,store
1335,30,46,64,int,store
1336,30,47,64,int,store
1337,30,48,64,int,store
1338,30,49,64,int,store
1339,30,50,64,int,store
1340,30,51,64,int,store
1341,30,52,64,int,store
1342,30,53,64,int,store
1343,30,54,64,int,store
1344,30,55,64,int,store
1345,30,56,64,int,store
1346,30,57,64,int,store
1347,30,58,64,int,store
1348,30,59,64,int,store
1349,30,60,64,int,store
1350,30,61,64,int,store
1351,30,62,64,int,store
1352,30,63,64,int,store
1353,31,0,32,int,add
1354,31,1,32,int,add
1355,31,2,32,int,add
1356,31,3,32,int,add
1357,31,4,32,int,add
1358,31,5,32,int,add
1359,31,6,32,int,add
1360,31,7,32,int,add
1361,31,8,32,int,add
1362,31,9,32,int,add
1363,31,10,32,int,add
1364,31,11,32,int,add
1365,31,12,32,int,add
1366,31,13,32,int,add
1367,31,14,32,int,add
1368,31,15,32,int,add
1369,31,16,32,int,add
1370,31,17,32,int,add
1371,31,18,32,int,add
1372,31,19,32,int,add
1373,31,20,32,int,add
1374,31,21,32,int,add
1375,31,22,32,int,add
1376,31,23,32,int,add
1377,31,24,32,int,add
1378,31,25,32,int,add
1379,31,26,32,int,add
1380,31,27,32,int,add
1381,31,28,32,int,add
1382,31,29,32,int,add
1383,31,30,32,int,add
1384,31,31,32,int,add
1385,32,0,32,int,store
1386,32,1,32,int,store
1387,32,2,32,int,store
1388,32,3,32,int,store
1389,32,4,32,int,store
1390,32,5,32,int,store
1391,32,6,32,int,store
1392,32,7,32,int,store
1393,32,8,32,int,store
1394,32,9,32,int,store
1395,32,10,32,int,store
1396,32,11,32,int,store
1397,32,12,32,int,store
1398,32,13,32,int,store
1399,32,14,32,int,store
1400,32,15,32,int,store
1401,32,16,32,int,store
1402,32,17,32,int,store
1403,32,18,32,int,store
1404,32,19,32,int,store
1405,32,20,32,int,store
1406,32,21,32,int,store
1407,32,22,32,int,store
1408,32,23,32,int,store
1409,32,24,32,int,store
1410,32,25,32,int,store
1411,32,26,32,int,store
1412,32,27,32,int,store
1413,32,28,32,int,store
1414,32,29,32,int,store
1415,32,30,32,int,store
1416,32,31,32,int,store
1417,33,0,32,int,icmp
1418,33,1,32,int,icmp
1419,33,2,32,int,icmp
1420,33,3,32,int,icmp
1421,33,4,32,int,icmp
1422,33,5,32,int,icmp
1423,33,6,32,int,icmp
1424,33,7,32,int,icmp
1425,33,8,32,int,icmp
1426,33,9,32,int,icmp
1427,33,10,32,int,icmp
1428,33,11,32,int,icmp
1429,33,12,32,int,icmp
1430,33,13,32,int,icmp
1431,33,14,32,int,icmp
1432,33,15,32,int,icmp
1433,33,16,32,int,icmp
1434,33,17,32,int,icmp
1435,33,18,32,int,icmp
1436,33,19,32,int,icmp
1437,33,20,32,int,icmp
1438,33,21,32,int,icmp
1439,33,22,32,int,icmp
1440,33,23,32,int,icmp
1441,33,24,32,int,icmp
1442,33,25,32,int,icmp
1443,33,26,32,int,icmp
1444,33,27,32,int,icmp
1445,33,28,32,int,icmp
1446,33,29,32,int,icmp
1447,33,30,32,int,icmp
1448,33,31,32,int,icmp
1449,34,0,1,int,br
1450,35,0,32,int,zext
1451,35,1,32,int,zext
1452,35,2,32,int,zext
1453,35,3,32,int,zext
1454,35,4,32,int,zext
1455,35,5,32,int,zext
1456,35,6,32,int,zext
1457,35,7,32,int,zext
1458,35,8,32,int,zext
1459,35,9,32,int,zext
1460,35,10,32,int,zext
1461,35,11,32,int,zext
1462,35,12,32,int,zext
1463,35,13,32,int,zext
1464,35,14,32,int,zext
1465,35,15,32,int,zext
1466,35,16,32,int,zext
1467,35,17,32,int,zext
1468,35,18,32,int,zext
1469,35,19,32,int,zext
1470,35,20,32,int,zext
1471,35,21,32,int,zext
1472,35,22,32,int,zext
1473,35,23,32,int,zext
1474,35,24,32,int,zext
1475,35,25,32,int,zext
1476,35,26,32,int,zext
1477,35,27,32,int,zext
1478,35,28,32,int,zext
1479,35,29,32,int,zext
1480,35,30,32,int,zext
1481,35,31,32,int,zext
1482,36,0,64,int,ashr
1483,36,1,64,int,ashr
1484,36,2,64,int,ashr
1485,36,3,64,int,ashr
1486,36,4,64,int,ashr
1487,36,5,64,int,ashr
1488,36,6,64,int,ashr
1489,36,7,64,int,ashr
1490,36,8,64,int,ashr
1491,36,9,64,int,ashr
1492,36,10,64,int,ashr
1493,36,11,64,int,ashr
1494,36,12,64,int,ashr
1495,36,13,64,int,ashr
1496,36,14,64,int,ashr
1497,36,15,64,int,ashr
1498,36,16,64,int,ashr
1499,36,17,64,int,ashr
1500,36,18,64,int,ashr
1501,36,19,64,int,ashr
1502,36,20,64,int,ashr
1503,36,21,64,int,ashr
1504,36,22,64,int,ashr
1505,36,23,64,int,ashr
1506,36,24,64,int,ashr
1507,36,25,64,int,ashr
1508,36,26,64,int,ashr
1509,36,27,64,int,ashr
1510,36,28,64,int,ashr
1511,36,29,64,int,ashr
1512,36,30,64,int,ashr
1513,36,31,64,int,ashr
1514,36,32,64,int,ashr
1515,36,33,64,int,ashr
1516,36,34,64,int,ashr
1517,36,35,64,int,ashr
1518,36,36,64,int,ashr
1519,36,37,64,int,ashr
1520,36,38,64,int,ashr
1521,36,39,64,int,ashr
1522,36,40,64,int,ashr
1523,36,41,64,int,ashr
1524,36,42,64,int,ashr
1525,36,43,64,int,ashr
1526,36,44,64,int,ashr
1527,36,45,64,int,ashr
1528,36,46,64,int,ashr
1529,36,47,64,int,ashr
1530,36,48,64,int,ashr
1531,36,49,64,int,ashr
1532,36,50,64,int,ashr
1533,36,51,64,int,ashr
1534,36,52,64,int,ashr
1535,36,53,64,int,ashr
1536,36,54,64,int,ashr
1537,36,55,64,int,ashr
1538,36,56,64,int,ashr
1539,36,57,64,int,ashr
1540,36,58,64,int,ashr
1541,36,59,64,int,ashr
1542,36,60,64,int,ashr
1543,36,61,64,int,ashr
1544,36,62,64,int,ashr
1545,36,63,64,int,ashr
1546,37,0,64,int,ashr
1547,37,1,64,int,ashr
1548,37,2,64,int,ashr
1549,37,3,64,int,ashr
1550,37,4,64,int,ashr
1551,37,5,64,int,ashr
1552,37,6,64,int,ashr
1553,37,7,64,int,ashr
1554,37,8,64,int,ashr
1555,37,9,64,int,ashr
1556,37,10,64,int,ashr
1557,37,11,64,int,ashr
1558,37,12,64,int,ashr
1559,37,13,64,int,ashr
1560,37,14,64,int,ashr
1561,37,15,64,int,ashr
1562,37,16,64,int,ashr
1563,37,17,64,int,ashr
1564,37,18,64,int,ashr
1565,37,19,64,int,ashr
1566,37,20,64,int,ashr
1567,37,21,64,int,ashr
1568,37,22,64,int,ashr
1569,37,23,64,int,ashr
1570,37,24,64,int,ashr
1571,37,25,64,int,ashr
1572,37,26,64,int,ashr
1573,37,27,64,int,ashr
1574,37,28,64,int,ashr
1575,37,29,64,int,ashr
1576,37,30,64,int,ashr
1577,37,31,64,int,ashr
1578,37,32,64,int,ashr
1579,37,33,64,int,ashr
1580,37,34,64,int,ashr
1581,37,35,64,int,ashr
1582,37,36,64,int,ashr
1583,37,37,64,int,ashr
1584,37,38,64,int,ashr
1585,37,39,64,int,ashr
1586,37,40,64,int,ashr
1587,37,41,64,int,ashr
1588,37,42,64,int,ashr
1589,37,43,64,int,ashr
1590,37,44,64,int,ashr
1591,37,45,64,int,ashr
1592,37,46,64,int,ashr
1593,37,47,64,int,ashr
1594,37,48,64,int,ashr
1595,37,49,64,int,ashr
1596,37,50,64,int,ashr
1597,37,51,64,int,ashr
1598,37,52,64,int,ashr
1599,37,53,64,int,ashr
1600,37,54,64,int,ashr
1601,37,55,64,int,ashr
1602,37,56,64,int,ashr
1603,37,57,64,int,ashr
1604,37,58,64,int,ashr
1605,37,59,64,int,ashr
1606,37,60,64,int,ashr
1607,37,61,64,int,ashr
1608,37,62,64,int,ashr
1609,37,63,64,int,ashr
1610,38,0,64,int,and
1611,38,1,64,int,and
1612,38,2,64,int,and
1613,38,3,64,int,and
1614,38,4,64,int,and
1615,38,5,64,int,and
1616,38,6,64,int,and
1617,38,7,64,int,and
1618,38,8,64,int,and
1619,38,9,64,int,and
1620,38,10,64,int,and
1621,38,11,64,int,and
1622,38,12,64,int,and
1623,38,13,64,int,and
1624,38,14,64,int,and
1625,38,15,64,int,and
1626,38,16,64,int,and
1627,38,17,64,int,and
1628,38,18,64,int,and
1629,38,19,64,int,and
1630,38,20,64,int,and
1631,38,21,64,int,and
1632,38,22,64,int,and
1633,38,23,64,int,and
1634,38,24,64,int,and
1635,38,25,64,int,and
1636,38,26,64,int,and
1637,38,27,64,int,and
1638,38,28,64,int,and
1639,38,29,64,int,and
1640,38,30,64,int,and
1641,38,31,64,int,and
1642,38,32,64,int,and
1643,38,33,64,int,and
1644,38,34,64,int,and
1645,38,35,64,int,and
1646,38,36,64,int,and
1647,38,37,64,int,and
1648,38,38,64,int,and
1649,38,39,64,int,and
1650,38,40,64,int,and
1651,38,41,64,int,and
1652,38,42,64,int,and
1653,38,43,64,int,and
1654,38,44,64,int,and
1655,38,45,64,int,and
1656,38,46,64,int,and
1657,38,47,64,int,and
1658,38,48,64,int,and
1659,38,49,64,int,and
1660,38,50,64,int,and
1661,38,51,64,int,and
1662,38,52,64,int,and
1663,38,53,64,int,and
1664,38,54,64,int,and
1665,38,55,64,int,and
1666,38,56,64,int,and
1667,38,57,64,int,and
1668,38,58,64,int,and
1669,38,59,64,int,and
1670,38,60,64,int,and
1671,38,61,64,int,and
1672,38,62,64,int,and
1673,38,63,64,int,and
1674,39,0,64,int,icmp
1675,39,1,64,int,icmp
1676,39,2,64,int,icmp
1677,39,3,64,int,icmp
1678,39,4,64,int,icmp
1679,39,5,64,int,icmp
1680,39,6,64,int,icmp
1681,39,7,64,int,icmp
1682,39,8,64,int,icmp
1683,39,9,64,int,icmp
1684,39,10,64,int,icmp
1685,39,11,64,int,icmp
1686,39,12,64,int,icmp
1687,39,13,64,int,icmp
1688,39,14,64,int,icmp
1689,39,15,64,int,icmp
1690,39,16,64,int,icmp
1691,39,17,64,int,icmp
1692,39,18,64,int,icmp
1693,39,19,64,int,icmp
1694,39,20,64,int,icmp
1695,39,21,64,int,icmp
1696,39,22,64,int,icmp
1697,39,23,64,int,icmp
1698,39,24,64,int,icmp
1699,39,25,64,int,icmp
1700,39,26,64,int,icmp
1701,39,27,64,int,icmp
1702,39,28,64,int,icmp
1703,39,29,64,int,icmp
1704,39,30,64,int,icmp
1705,39,31,64,int,icmp
1706,39,32,64,int,icmp
1707,39,33,64,int,icmp
1708,39,34,64,int,icmp
1709,39,35,64,int,icmp
1710,39,36,64,int,icmp
1711,39,37,64,int,icmp
1712,39,38,64,int,icmp
1713,39,39,64,int,icmp
1714,39,40,64,int,icmp
1715,39,41,64,int,icmp
1716,39,42,64,int,icmp
1717,39,43,64,int,icmp
1718,39,44,64,int,icmp
1719,39,45,64,int,icmp
1720,39,46,64,int,icmp
1721,39,47,64,int,icmp
1722,39,48,64,int,icmp
1723,39,49,64,int,icmp
1724,39,50,64,int,icmp
1725,39,51,64,int,icmp
1726,39,52,64,int,icmp
1727,39,53,64,int,icmp
1728,39,54,64,int,icmp
1729,39,55,64,int,icmp
1730,39,56,64,int,icmp
1731,39,57,64,int,icmp
1732,39,58,64,int,icmp
1733,39,59,64,int,icmp
1734,39,60,64,int,icmp
1735,39,61,64,int,icmp
1736,39,62,64,int,icmp
1737,39,63,64,int,icmp
1738,40,0,1,int,br
1739,41,0,32,int,add
1740,41,1,32,int,add
1741,41,2,32,int,add
1742,41,3,32,int,add
1743,41,4,32,int,add
1744,41,5,32,int,add
1745,41,6,32,int,add
1746,41,7,32,int,add
1747,41,8,32,int,add
1748,41,9,32,int,add
1749,41,10,32,int,add
1750,41,11,32,int,add
1751,41,12,32,int,add
1752,41,13,32,int,add
1753,41,14,32,int,add
1754,41,15,32,int,add
1755,41,16,32,int,add
1756,41,17,32,int,add
1757,41,18,32,int,add
1758,41,19,32,int,add
1759,41,20,32,int,add
1760,41,21,32,int,add
1761,41,22,32,int,add
1762,41,23,32,int,add
1763,41,24,32,int,add
1764,41,25,32,int,add
1765,41,26,32,int,add
1766,41,27,32,int,add
1767,41,28,32,int,add
1768,41,29,32,int,add
1769,41,30,32,int,add
1770,41,31,32,int,add
1771,42,0,32,int,store
1772,42,1,32,int,store
1773,42,2,32,int,store
1774,42,3,32,int,store
1775,42,4,32,int,store
1776,42,5,32,int,store
1777,42,6,32,int,store
1778,42,7,32,int,store
1779,42,8,32,int,store
1780,42,9,32,int,store
1781,42,10,32,int,store
1782,42,11,32,int,store
1783,42,12,32,int,store
1784,42,13,32,int,store
1785,42,14,32,int,store
1786,42,15,32,int,store
1787,42,16,32,int,store
1788,42,17,32,int,store
1789,42,18,32,int,store
1790,42,19,32,int,store
1791,42,20,32,int,store
1792,42,21,32,int,store
1793,42,22,32,int,store
1794,42,23,32,int,store
1795,42,24,32,int,store
1796,42,25,32,int,store
1797,42,26,32,int,store
1798,42,27,32,int,store
1799,42,28,32,int,store
1800,42,29,32,int,store
1801,42,30,32,int,store
1802,42,31,32,int,store
1803,43,0,32,int,icmp
1804,43,1,32,int,icmp
1805,43,2,32,int,icmp
1806,43,3,32,int,icmp
1807,43,4,32,int,icmp
1808,43,5,32,int,icmp
1809,43,6,32,int,icmp
1810,43,7,32,int,icmp
1811,43,8,32,int,icmp
1812,43,9,32,int,icmp
1813,43,10,32,int,icmp
1814,43,11,32,int,icmp
1815,43,12,32,int,icmp
1816,43,13,32,int,icmp
1817,43,14,32,int,icmp
1818,43,15,32,int,icmp
1819,43,16,32,int,icmp
1820,43,17,32,int,icmp
1821,43,18,32,int,icmp
1822,43,19,32,int,icmp
1823,43,20,32,int,icmp
1824,43,21,32,int,icmp
1825,43,22,32,int,icmp
1826,43,23,32,int,icmp
1827,43,24,32,int,icmp
1828,43,25,32,int,icmp
1829,43,26,32,int,icmp
1830,43,27,32,int,icmp
1831,43,28,32,int,icmp
1832,43,29,32,int,icmp
1833,43,30,32,int,icmp
1834,43,31,32,int,icmp
1835,44,0,1,int,br
1836,45,0,32,int,icmp
1837,45,1,32,int,icmp
1838,45,2,32,int,icmp
1839,45,3,32,int,icmp
1840,45,4,32,int,icmp
1841,45,5,32,int,icmp
1842,45,6,32,int,icmp
1843,45,7,32,int,icmp
1844,45,8,32,int,icmp
1845,45,9,32,int,icmp
1846,45,10,32,int,icmp
1847,45,11,32,int,icmp
1848,45,12,32,int,icmp
1849,45,13,32,int,icmp
1850,45,14,32,int,icmp
1851,45,15,32,int,icmp
1852,45,16,32,int,icmp
1853,45,17,32,int,icmp
1854,45,18,32,int,icmp
1855,45,19,32,int,icmp
1856,45,20,32,int,icmp
1857,45,21,32,int,icmp
1858,45,22,32,int,icmp
1859,45,23,32,int,icmp
1860,45,24,32,int,icmp
1861,45,25,32,int,icmp
1862,45,26,32,int,icmp
1863,45,27,32,int,icmp
1864,45,28,32,int,icmp
1865,45,29,32,int,icmp
1866,45,30,32,int,icmp
1867,45,31,32,int,icmp
1868,46,0,1,int,br
1869,47,0,32,int,zext
1870,47,1,32,int,zext
1871,47,2,32,int,zext
1872,47,3,32,int,zext
1873,47,4,32,int,zext
1874,47,5,32,int,zext
1875,47,6,32,int,zext
1876,47,7,32,int,zext
1877,47,8,32,int,zext
1878,47,9,32,int,zext
1879,47,10,32,int,zext
1880,47,11,32,int,zext
1881,47,12,32,int,zext
1882,47,13,32,int,zext
1883,47,14,32,int,zext
1884,47,15,32,int,zext
1885,47,16,32,int,zext
1886,47,17,32,int,zext
1887,47,18,32,int,zext
1888,47,19,32,int,zext
1889,47,20,32,int,zext
1890,47,21,32,int,zext
1891,47,22,32,int,zext
1892,47,23,32,int,zext
1893,47,24,32,int,zext
1894,47,25,32,int,zext
1895,47,26,32,int,zext
1896,47,27,32,int,zext
1897,47,28,32,int,zext
1898,47,29,32,int,zext
1899,47,30,32,int,zext
1900,47,31,32,int,zext
1901,48,0,64,int,lshr
1902,48,1,64,int,lshr
1903,48,2,64,int,lshr
1904,48,3,64,int,lshr
1905,48,4,64,int,lshr
1906,48,5,64,int,lshr
1907,48,6,64,int,lshr
1908,48,7,64,int,lshr
1909,48,8,64,int,lshr
1910,48,9,64,int,lshr
1911,48,10,64,int,lshr
1912,48,11,64,int,lshr
1913,48,12,64,int,lshr
1914,48,13,64,int,lshr
1915,48,14,64,int,lshr
1916,48,15,64,int,lshr
1917,48,16,64,int,lshr
1918,48,17,64,int,lshr
1919,48,18,64,int,lshr
1920,48,19,64,int,lshr
1921,48,20,64,int,lshr
1922,48,21,64,int,lshr
1923,48,22,64,int,lshr
1924,48,23,64,int,lshr
1925,48,24,64,int,lshr
1926,48,25,64,int,lshr
1927,48,26,64,int,lshr
1928,48,27,64,int,lshr
1929,48,28,64,int,lshr
1930,48,29,64,int,lshr
1931,48,30,64,int,lshr
1932,48,31,64,int,lshr
1933,48,32,64,int,lshr
1934,48,33,64,int,lshr
1935,48,34,64,int,lshr
1936,48,35,64,int,lshr
1937,48,36,64,int,lshr
1938,48,37,64,int,lshr
1939,48,38,64,int,lshr
1940,48,39,64,int,lshr
1941,48,40,64,int,lshr
1942,48,41,64,int,lshr
1943,48,42,64,int,lshr
1944,48,43,64,int,lshr
1945,48,44,64,int,lshr
1946,48,45,64,int,lshr
1947,48,46,64,int,lshr
1948,48,47,64,int,lshr
1949,48,48,64,int,lshr
1950,48,49,64,int,lshr
1951,48,50,64,int,lshr
1952,48,51,64,int,lshr
1953,48,52,64,int,lshr
1954,48,53,64,int,lshr
1955,48,54,64,int,lshr
1956,48,55,64,int,lshr
1957,48,56,64,int,lshr
1958,48,57,64,int,lshr
1959,48,58,64,int,lshr
1960,48,59,64,int,lshr
1961,48,60,64,int,lshr
1962,48,61,64,int,lshr
1963,48,62,64,int,lshr
1964,48,63,64,int,lshr
1965,49,0,64,int,lshr
1966,49,1,64,int,lshr
1967,49,2,64,int,lshr
1968,49,3,64,int,lshr
1969,49,4,64,int,lshr
1970,49,5,64,int,lshr
1971,49,6,64,int,lshr
1972,49,7,64,int,lshr
1973,49,8,64,int,lshr
1974,49,9,64,int,lshr
1975,49,10,64,int,lshr
1976,49,11,64,int,lshr
1977,49,12,64,int,lshr
1978,49,13,64,int,lshr
1979,49,14,64,int,lshr
1980,49,15,64,int,lshr
1981,49,16,64,int,lshr
1982,49,17,64,int,lshr
1983,49,18,64,int,lshr
1984,49,19,64,int,lshr
1985,49,20,64,int,lshr
1986,49,21,64,int,lshr
1987,49,22,64,int,lshr
1988,49,23,64,int,lshr
1989,49,24,64,int,lshr
1990,49,25,64,int,lshr
1991,49,26,64,int,lshr
1992,49,27,64,int,lshr
1993,49,28,64,int,lshr
1994,49,29,64,int,lshr
1995,49,30,64,int,lshr
1996,49,31,64,int,lshr
1997,49,32,64,int,lshr
1998,49,33,64,int,lshr
1999,49,34,64,int,lshr
2000,49,35,64,int,lshr
2001,49,36,64,int,lshr
2002,49,37,64,int,lshr
2003,49,38,64,int,lshr
2004,49,39,64,int,lshr
2005,49,40,64,int,lshr
2006,49,41,64,int,lshr
2007,49,42,64,int,lshr
2008,49,43,64,int,lshr
2009,49,44,64,int,lshr
2010,49,45,64,int,lshr
2011,49,46,64,int,lshr
2012,49,47,64,int,lshr
2013,49,48,64,int,lshr
2014,49,49,64,int,lshr
2015,49,50,64,int,lshr
2016,49,51,64,int,lshr
2017,49,52,64,int,lshr
2018,49,53,64,int,lshr
2019,49,54,64,int,lshr
2020,49,55,64,int,lshr
2021,49,56,64,int,lshr
2022,49,57,64,int,lshr
2023,49,58,64,int,lshr
2024,49,59,64,int,lshr
2025,49,60,64,int,lshr
2026,49,61,64,int,lshr
2027,49,62,64,int,lshr
2028,49,63,64,int,lshr
2029,50,0,64,int,and
2030,50,1,64,int,and
2031,50,2,64,int,and
2032,50,3,64,int,and
2033,50,4,64,int,and
2034,50,5,64,int,and
2035,50,6,64,int,and
2036,50,7,64,int,and
2037,50,8,64,int,and
2038,50,9,64,int,and
2039,50,10,64,int,and
2040,50,11,64,int,and
2041,50,12,64,int,and
2042,50,13,64,int,and
2043,50,14,64,int,and
2044,50,15,64,int,and
2045,50,16,64,int,and
2046,50,17,64,int,and
2047,50,18,64,int,and
2048,50,19,64,int,and
2049,50,20,64,int,and
2050,50,21,64,int,and
2051,50,22,64,int,and
2052,50,23,64,int,and
2053,50,24,64,int,and
2054,50,25,64,int,and
2055,50,26,64,int,and
2056,50,27,64,int,and
2057,50,28,64,int,and
2058,50,29,64,int,and
2059,50,30,64,int,and
2060,50,31,64,int,and
2061,50,32,64,int,and
2062,50,33,64,int,and
2063,50,34,64,int,and
2064,50,35,64,int,and
2065,50,36,64,int,and
2066,50,37,64,int,and
2067,50,38,64,int,and
2068,50,39,64,int,and
2069,50,40,64,int,and
2070,50,41,64,int,and
2071,50,42,64,int,and
2072,50,43,64,int,and
2073,50,44,64,int,and
2074,50,45,64,int,and
2075,50,46,64,int,and
2076,50,47,64,int,and
2077,50,48,64,int,and
2078,50,49,64,int,and
2079,50,50,64,int,and
2080,50,51,64,int,and
2081,50,52,64,int,and
2082,50,53,64,int,and
2083,50,54,64,int,and
2084,50,55,64,int,and
2085,50,56,64,int,and
2086,50,57,64,int,and
2087,50,58,64,int,and
2088,50,59,64,int,and
2089,50,60,64,int,and
2090,50,61,64,int,and
2091,50,62,64,int,and
2092,50,63,64,int,and
2093,51,0,64,int,icmp
2094,51,1,64,int,icmp
2095,51,2,64,int,icmp
2096,51,3,64,int,icmp
2097,51,4,64,int,icmp
2098,51,5,64,int,icmp
2099,51,6,64,int,icmp
2100,51,7,64,int,icmp
2101,51,8,64,int,icmp
2102,51,9,64,int,icmp
2103,51,10,64,int,icmp
2104,51,11,64,int,icmp
2105,51,12,64,int,icmp
2106,51,13,64,int,icmp
2107,51,14,64,int,icmp
2108,51,15,64,int,icmp
2109,51,16,64,int,icmp
2110,51,17,64,int,icmp
2111,51,18,64,int,icmp
2112,51,19,64,int,icmp
2113,51,20,64,int,icmp
2114,51,21,64,int,icmp
2115,51,22,64,int,icmp
2116,51,23,64,int,icmp
2117,51,24,64,int,icmp
2118,51,25,64,int,icmp
2119,51,26,64,int,icmp
2120,51,27,64,int,icmp
2121,51,28,64,int,icmp
2122,51,29,64,int,icmp
2123,51,30,64,int,icmp
2124,51,31,64,int,icmp
2125,51,32,64,int,icmp
2126,51,33,64,int,icmp
2127,51,34,64,int,icmp
2128,51,35,64,int,icmp
2129,51,36,64,int,icmp
2130,51,37,64,int,icmp
2131,51,38,64,int,icmp
2132,51,39,64,int,icmp
2133,51,40,64,int,icmp
2134,51,41,64,int,icmp
2135,51,42,64,int,icmp
2136,51,43,64,int,icmp
2137,51,44,64,int,icmp
2138,51,45,64,int,icmp
2139,51,46,64,int,icmp
2140,51,47,64,int,icmp
2141,51,48,64,int,icmp
2142,51,49,64,int,icmp
2143,51,50,64,int,icmp
2144,51,51,64,int,icmp
2145,51,52,64,int,icmp
2146,51,53,64,int,icmp
2147,51,54,64,int,icmp
2148,51,55,64,int,icmp
2149,51,56,64,int,icmp
2150,51,57,64,int,icmp
2151,51,58,64,int,icmp
2152,51,59,64,int,icmp
2153,51,60,64,int,icmp
2154,51,61,64,int,icmp
2155,51,62,64,int,icmp
2156,51,63,64,int,icmp
2157,52,0,1,int,br
2158,53,0,32,int,sext
2159,53,1,32,int,sext
2160,53,2,32,int,sext
2161,53,3,32,int,sext
2162,53,4,32,int,sext
2163,53,5,32,int,sext
2164,53,6,32,int,sext
2165,53,7,32,int,sext
2166,53,8,32,int,sext
2167,53,9,32,int,sext
2168,53,10,32,int,sext
2169,53,11,32,int,sext
2170,53,12,32,int,sext
2171,53,13,32,int,sext
2172,53,14,32,int,sext
2173,53,15,32,int,sext
2174,53,16,32,int,sext
2175,53,17,32,int,sext
2176,53,18,32,int,sext
2177,53,19,32,int,sext
2178,53,20,32,int,sext
2179,53,21,32,int,sext
2180,53,22,32,int,sext
2181,53,23,32,int,sext
2182,53,24,32,int,sext
2183,53,25,32,int,sext
2184,53,26,32,int,sext
2185,53,27,32,int,sext
2186,53,28,32,int,sext
2187,53,29,32,int,sext
2188,53,30,32,int,sext
2189,53,31,32,int,sext
2190,54,0,64,int,getelementptr
2191,54,1,64,int,getelementptr
2192,54,2,64,int,getelementptr
2193,54,3,64,int,getelementptr
2194,54,4,64,int,getelementptr
2195,54,5,64,int,getelementptr
2196,54,6,64,int,getelementptr
2197,54,7,64,int,getelementptr
2198,54,8,64,int,getelementptr
2199,54,9,64,int,getelementptr
2200,54,10,64,int,getelementptr
2201,54,11,64,int,getelementptr
2202,54,12,64,int,getelementptr
2203,54,13,64,int,getelementptr
2204,54,14,64,int,getelementptr
2205,54,15,64,int,getelementptr
2206,54,16,64,int,getelementptr
2207,54,17,64,int,getelementptr
2208,54,18,64,int,getelementptr
2209,54,19,64,int,getelementptr
2210,54,20,64,int,getelementptr
2211,54,21,64,int,getelementptr
2212,54,22,64,int,getelementptr
2213,54,23,64,int,getelementptr
2214,54,24,64,int,getelementptr
2215,54,25,64,int,getelementptr
2216,54,26,64,int,getelementptr
2217,54,27,64,int,getelementptr
2218,54,28,64,int,getelementptr
2219,54,29,64,int,getelementptr
2220,54,30,64,int,getelementptr
2221,54,31,64,int,getelementptr
2222,54,32,64,int,getelementptr
2223,54,33,64,int,getelementptr
2224,54,34,64,int,getelementptr
2225,54,35,64,int,getelementptr
2226,54,36,64,int,getelementptr
2227,54,37,64,int,getelementptr
2228,54,38,64,int,getelementptr
2229,54,39,64,int,getelementptr
2230,54,40,64,int,getelementptr
2231,54,41,64,int,getelementptr
2232,54,42,64,int,getelementptr
2233,54,43,64,int,getelementptr
2234,54,44,64,int,getelementptr
2235,54,45,64,int,getelementptr
2236,54,46,64,int,getelementptr
2237,54,47,64,int,getelementptr
2238,54,48,64,int,getelementptr
2239,54,49,64,int,getelementptr
2240,54,50,64,int,getelementptr
2241,54,51,64,int,getelementptr
2242,54,52,64,int,getelementptr
2243,54,53,64,int,getelementptr
2244,54,54,64,int,getelementptr
2245,54,55,64,int,getelementptr
2246,54,56,64,int,getelementptr
2247,54,57,64,int,getelementptr
2248,54,58,64,int,getelementptr
2249,54,59,64,int,getelementptr
2250,54,60,64,int,getelementptr
2251,54,61,64,int,getelementptr
2252,54,62,64,int,getelementptr
2253,54,63,64,int,getelementptr
2254,55,0,64,int,xor
2255,55,1,64,int,xor
2256,55,2,64,int,xor
2257,55,3,64,int,xor
2258,55,4,64,int,xor
2259,55,5,64,int,xor
2260,55,6,64,int,xor
2261,55,7,64,int,xor
2262,55,8,64,int,xor
2263,55,9,64,int,xor
2264,55,10,64,int,xor
2265,55,11,64,int,xor
2266,55,12,64,int,xor
2267,55,13,64,int,xor
2268,55,14,64,int,xor
2269,55,15,64,int,xor
2270,55,16,64,int,xor
2271,55,17,64,int,xor
2272,55,18,64,int,xor
2273,55,19,64,int,xor
2274,55,20,64,int,xor
2275,55,21,64,int,xor
2276,55,22,64,int,xor
2277,55,23,64,int,xor
2278,55,24,64,int,xor
2279,55,25,64,int,xor
2280,55,26,64,int,xor
2281,55,27,64,int,xor
2282,55,28,64,int,xor
2283,55,29,64,int,xor
2284,55,30,64,int,xor
2285,55,31,64,int,xor
2286,55,32,64,int,xor
2287,55,33,64,int,xor
2288,55,34,64,int,xor
2289,55,35,64,int,xor
2290,55,36,64,int,xor
2291,55,37,64,int,xor
2292,55,38,64,int,xor
2293,55,39,64,int,xor
2294,55,40,64,int,xor
2295,55,41,64,int,xor
2296,55,42,64,int,xor
2297,55,43,64,int,xor
2298,55,44,64,int,xor
2299,55,45,64,int,xor
2300,55,46,64,int,xor
2301,55,47,64,int,xor
2302,55,48,64,int,xor
2303,55,49,64,int,xor
2304,55,50,64,int,xor
2305,55,51,64,int,xor
2306,55,52,64,int,xor
2307,55,53,64,int,xor
2308,55,54,64,int,xor
2309,55,55,64,int,xor
2310,55,56,64,int,xor
2311,55,57,64,int,xor
2312,55,58,64,int,xor
2313,55,59,64,int,xor
2314,55,60,64,int,xor
2315,55,61,64,int,xor
2316,55,62,64,int,xor
2317,55,63,64,int,xor
2318,56,0,64,int,xor
2319,56,1,64,int,xor
2320,56,2,64,int,xor
2321,56,3,64,int,xor
2322,56,4,64,int,xor
2323,56,5,64,int,xor
2324,56,6,64,int,xor
2325,56,7,64,int,xor
2326,56,8,64,int,xor
2327,56,9,64,int,xor
2328,56,10,64,int,xor
2329,56,11,64,int,xor
2330,56,12,64,int,xor
2331,56,13,64,int,xor
2332,56,14,64,int,xor
2333,56,15,64,int,xor
2334,56,16,64,int,xor
2335,56,17,64,int,xor
2336,56,18,64,int,xor
2337,56,19,64,int,xor
2338,56,20,64,int,xor
2339,56,21,64,int,xor
2340,56,22,64,int,xor
2341,56,23,64,int,xor
2342,56,24,64,int,xor
2343,56,25,64,int,xor
2344,56,26,64,int,xor
2345,56,27,64,int,xor
2346,56,28,64,int,xor
2347,56,29,64,int,xor
2348,56,30,64,int,xor
2349,56,31,64,int,xor
2350,56,32,64,int,xor
2351,56,33,64,int,xor
2352,56,34,64,int,xor
2353,56,35,64,int,xor
2354,56,36,64,int,xor
2355,56,37,64,int,xor
2356,56,38,64,int,xor
2357,56,39,64,int,xor
2358,56,40,64,int,xor
2359,56,41,64,int,xor
2360,56,42,64,int,xor
2361,56,43,64,int,xor
2362,56,44,64,int,xor
2363,56,45,64,int,xor
2364,56,46,64,int,xor
2365,56,47,64,int,xor
2366,56,48,64,int,xor
2367,56,49,64,int,xor
2368,56,50,64,int,xor
2369,56,51,64,int,xor
2370,56,52,64,int,xor
2371,56,53,64,int,xor
2372,56,54,64,int,xor
2373,56,55,64,int,xor
2374,56,56,64,int,xor
2375,56,57,64,int,xor
2376,56,58,64,int,xor
2377,56,59,64,int,xor
2378,56,60,64,int,xor
2379,56,61,64,int,xor
2380,56,62,64,int,xor
2381,56,63,64,int,xor
2382,57,0,64,int,store
2383,57,1,64,int,store
2384,57,2,64,int,store
2385,57,3,64,int,store
2386,57,4,64,int,store
2387,57,5,64,int,store
2388,57,6,64,int,store
2389,57,7,64,int,store
2390,57,8,64,int,store
2391,57,9,64,int,store
2392,57,10,64,int,store
2393,57,11,64,int,store
2394,57,12,64,int,store
2395,57,13,64,int,store
2396,57,14,64,int,store
2397,57,15,64,int,store
2398,57,16,64,int,store
2399,57,17,64,int,store
2400,57,18,64,int,store
2401,57,19,64,int,store
2402,57,20,64,int,store
2403,57,21,64,int,store
2404,57,22,64,int,store
2405,57,23,64,int,store
2406,57,24,64,int,store
2407,57,25,64,int,store
2408,57,26,64,int,store
2409,57,27,64,int,store
2410,57,28,64,int,store
2411,57,29,64,int,store
2412,57,30,64,int,store
2413,57,31,64,int,store
2414,57,32,64,int,store
2415,57,33,64,int,store
2416,57,34,64,int,store
2417,57,35,64,int,store
2418,57,36,64,int,store
2419,57,37,64,int,store
2420,57,38,64,int,store
2421,57,39,64,int,store
2422,57,40,64,int,store
2423,57,41,64,int,store
2424,57,42,64,int,store
2425,57,43,64,int,store
2426,57,44,64,int,store
2427,57,45,64,int,store
2428,57,46,64,int,store
2429,57,47,64,int,store
2430,57,48,64,int,store
2431,57,49,64,int,store
2432,57,50,64,int,store
2433,57,51,64,int,store
2434,57,52,64,int,store
2435,57,53,64,int,store
2436,57,54,64,int,store
2437,57,55,64,int,store
2438,57,56,64,int,store
2439,57,57,64,int,store
2440,57,58,64,int,store
2441,57,59,64,int,store
2442,57,60,64,int,store
2443,57,61,64,int,store
2444,57,62,64,int,store
2445,57,63,64,int,store
2446,58,0,32,int,add
2447,58,1,32,int,add
2448,58,2,32,int,add
2449,58,3,32,int,add
2450,58,4,32,int,add
2451,58,5,32,int,add
2452,58,6,32,int,add
2453,58,7,32,int,add
2454,58,8,32,int,add
2455,58,9,32,int,add
2456,58,10,32,int,add
2457,58,11,32,int,add
2458,58,12,32,int,add
2459,58,13,32,int,add
2460,58,14,32,int,add
2461,58,15,32,int,add
2462,58,16,32,int,add
2463,58,17,32,int,add
2464,58,18,32,int,add
2465,58,19,32,int,add
2466,58,20,32,int,add
2467,58,21,32,int,add
2468,58,22,32,int,add
2469,58,23,32,int,add
2470,58,24,32,int,add
2471,58,25,32,int,add
2472,58,26,32,int,add
2473,58,27,32,int,add
2474,58,28,32,int,add
2475,58,29,32,int,add
2476,58,30,32,int,add
2477,58,31,32,int,add
2478,59,0,32,int,store
2479,59,1,32,int,store
2480,59,2,32,int,store
2481,59,3,32,int,store
2482,59,4,32,int,store
2483,59,5,32,int,store
2484,59,6,32,int,store
2485,59,7,32,int,store
2486,59,8,32,int,store
2487,59,9,32,int,store
2488,59,10,32,int,store
2489,59,11,32,int,store
2490,59,12,32,int,store
2491,59,13,32,int,store
2492,59,14,32,int,store
2493,59,15,32,int,store
2494,59,16,32,int,store
2495,59,17,32,int,store
2496,59,18,32,int,store
2497,59,19,32,int,store
2498,59,20,32,int,store
2499,59,21,32,int,store
2500,59,22,32,int,store
2501,59,23,32,int,store
2502,59,24,32,int,store
2503,59,25,32,int,store
2504,59,26,32,int,store
2505,59,27,32,int,store
2506,59,28,32,int,store
2507,59,29,32,int,store
2508,59,30,32,int,store
2509,59,31,32,int,store
2510,60,0,64,int,store
2511,60,1,64,int,store
2512,60,2,64,int,store
2513,60,3,64,int,store
2514,60,4,64,int,store
2515,60,5,64,int,store
2516,60,6,64,int,store
2517,60,7,64,int,store
2518,60,8,64,int,store
2519,60,9,64,int,store
2520,60,10,64,int,store
2521,60,11,64,int,store
2522,60,12,64,int,store
2523,60,13,64,int,store
2524,60,14,64,int,store
2525,60,15,64,int,store
2526,60,16,64,int,store
2527,60,17,64,int,store
2528,60,18,64,int,store
2529,60,19,64,int,store
2530,60,20,64,int,store
2531,60,21,64,int,store
2532,60,22,64,int,store
2533,60,23,64,int,store
2534,60,24,64,int,store
2535,60,25,64,int,store
2536,60,26,64,int,store
2537,60,27,64,int,store
2538,60,28,64,int,store
2539,60,29,64,int,store
2540,60,30,64,int,store
2541,60,31,64,int,store
2542,60,32,64,int,store
2543,60,33,64,int,store
2544,60,34,64,int,store
2545,60,35,64,int,store
2546,60,36,64,int,store
2547,60,37,64,int,store
2548,60,38,64,int,store
2549,60,39,64,int,store
2550,60,40,64,int,store
2551,60,41,64,int,store
2552,60,42,64,int,store
2553,60,43,64,int,store
2554,60,44,64,int,store
2555,60,45,64,int,store
2556,60,46,64,int,store
2557,60,47,64,int,store
2558,60,48,64,int,store
2559,60,49,64,int,store
2560,60,50,64,int,store
2561,60,51,64,int,store
2562,60,52,64,int,store
2563,60,53,64,int,store
2564,60,54,64,int,store
2565,60,55,64,int,store
2566,60,56,64,int,store
2567,60,57,64,int,store
2568,60,58,64,int,store
2569,60,59,64,int,store
2570,60,60,64,int,store
2571,60,61,64,int,store
2572,60,62,64,int,store
2573,60,63,64,int,store
2574,61,0,32,int,sub
2575,61,1,32,int,sub
2576,61,2,32,int,sub
2577,61,3,32,int,sub
2578,61,4,32,int,sub
2579,61,5,32,int,sub
2580,61,6,32,int,sub
2581,61,7,32,int,sub
2582,61,8,32,int,sub
2583,61,9,32,int,sub
2584,61,10,32,int,sub
2585,61,11,32,int,sub
2586,61,12,32,int,sub
2587,61,13,32,int,sub
2588,61,14,32,int,sub
2589,61,15,32,int,sub
2590,61,16,32,int,sub
2591,61,17,32,int,sub
2592,61,18,32,int,sub
2593,61,19,32,int,sub
2594,61,20,32,int,sub
2595,61,21,32,int,sub
2596,61,22,32,int,sub
2597,61,23,32,int,sub
2598,61,24,32,int,sub
2599,61,25,32,int,sub
2600,61,26,32,int,sub
2601,61,27,32,int,sub
2602,61,28,32,int,sub
2603,61,29,32,int,sub
2604,61,30,32,int,sub
2605,61,31,32,int,sub
2606,62,0,32,int,store
2607,62,1,32,int,store
2608,62,2,32,int,store
2609,62,3,32,int,store
2610,62,4,32,int,store
2611,62,5,32,int,store
2612,62,6,32,int,store
2613,62,7,32,int,store
2614,62,8,32,int,store
2615,62,9,32,int,store
2616,62,10,32,int,store
2617,62,11,32,int,store
2618,62,12,32,int,store
2619,62,13,32,int,store
2620,62,14,32,int,store
2621,62,15,32,int,store
2622,62,16,32,int,store
2623,62,17,32,int,store
2624,62,18,32,int,store
2625,62,19,32,int,store
2626,62,20,32,int,store
2627,62,21,32,int,store
2628,62,22,32,int,store
2629,62,23,32,int,store
2630,62,24,32,int,store
2631,62,25,32,int,store
2632,62,26,32,int,store
2633,62,27,32,int,store
2634,62,28,32,int,store
2635,62,29,32,int,store
2636,62,30,32,int,store
2637,62,31,32,int,store
2638,63,0,32,int,zext
2639,63,1,32,int,zext
2640,63,2,32,int,zext
2641,63,3,32,int,zext
2642,63,4,32,int,zext
2643,63,5,32,int,zext
2644,63,6,32,int,zext
2645,63,7,32,int,zext
2646,63,8,32,int,zext
2647,63,9,32,int,zext
2648,63,10,32,int,zext
2649,63,11,32,int,zext
2650,63,12,32,int,zext
2651,63,13,32,int,zext
2652,63,14,32,int,zext
2653,63,15,32,int,zext
2654,63,16,32,int,zext
2655,63,17,32,int,zext
2656,63,18,32,int,zext
2657,63,19,32,int,zext
2658,63,20,32,int,zext
2659,63,21,32,int,zext
2660,63,22,32,int,zext
2661,63,23,32,int,zext
2662,63,24,32,int,zext
2663,63,25,32,int,zext
2664,63,26,32,int,zext
2665,63,27,32,int,zext
2666,63,28,32,int,zext
2667,63,29,32,int,zext
2668,63,30,32,int,zext
2669,63,31,32,int,zext
2670,64,0,64,int,ashr
2671,64,1,64,int,ashr
2672,64,2,64,int,ashr
2673,64,3,64,int,ashr
2674,64,4,64,int,ashr
2675,64,5,64,int,ashr
2676,64,6,64,int,ashr
2677,64,7,64,int,ashr
2678,64,8,64,int,ashr
2679,64,9,64,int,ashr
2680,64,10,64,int,ashr
2681,64,11,64,int,ashr
2682,64,12,64,int,ashr
2683,64,13,64,int,ashr
2684,64,14,64,int,ashr
2685,64,15,64,int,ashr
2686,64,16,64,int,ashr
2687,64,17,64,int,ashr
2688,64,18,64,int,ashr
2689,64,19,64,int,ashr
2690,64,20,64,int,ashr
2691,64,21,64,int,ashr
2692,64,22,64,int,ashr
2693,64,23,64,int,ashr
2694,64,24,64,int,ashr
2695,64,25,64,int,ashr
2696,64,26,64,int,ashr
2697,64,27,64,int,ashr
2698,64,28,64,int,ashr
2699,64,29,64,int,ashr
2700,64,30,64,int,ashr
2701,64,31,64,int,ashr
2702,64,32,64,int,ashr
2703,64,33,64,int,ashr
2704,64,34,64,int,ashr
2705,64,35,64,int,ashr
2706,64,36,64,int,ashr
2707,64,37,64,int,ashr
2708,64,38,64,int,ashr
2709,64,39,64,int,ashr
2710,64,40,64,int,ashr
2711,64,41,64,int,ashr
2712,64,42,64,int,ashr
2713,64,43,64,int,ashr
2714,64,44,64,int,ashr
2715,64,45,64,int,ashr
2716,64,46,64,int,ashr
2717,64,47,64,int,ashr
2718,64,48,64,int,ashr
2719,64,49,64,int,ashr
2720,64,50,64,int,ashr
2721,64,51,64,int,ashr
2722,64,52,64,int,ashr
2723,64,53,64,int,ashr
2724,64,54,64,int,ashr
2725,64,55,64,int,ashr
2726,64,56,64,int,ashr
2727,64,57,64,int,ashr
2728,64,58,64,int,ashr
2729,64,59,64,int,ashr
2730,64,60,64,int,ashr
2731,64,61,64,int,ashr
2732,64,62,64,int,ashr
2733,64,63,64,int,ashr
2734,65,0,64,int,ashr
2735,65,1,64,int,ashr
2736,65,2,64,int,ashr
2737,65,3,64,int,ashr
2738,65,4,64,int,ashr
2739,65,5,64,int,ashr
2740,65,6,64,int,ashr
2741,65,7,64,int,ashr
2742,65,8,64,int,ashr
2743,65,9,64,int,ashr
2744,65,10,64,int,ashr
2745,65,11,64,int,ashr
2746,65,12,64,int,ashr
2747,65,13,64,int,ashr
2748,65,14,64,int,ashr
2749,65,15,64,int,ashr
2750,65,16,64,int,ashr
2751,65,17,64,int,ashr
2752,65,18,64,int,ashr
2753,65,19,64,int,ashr
2754,65,20,64,int,ashr
2755,65,21,64,int,ashr
2756,65,22,64,int,ashr
2757,65,23,64,int,ashr
2758,65,24,64,int,ashr
2759,65,25,64,int,ashr
2760,65,26,64,int,ashr
2761,65,27,64,int,ashr
2762,65,28,64,int,ashr
2763,65,29,64,int,ashr
2764,65,30,64,int,ashr
2765,65,31,64,int,ashr
2766,65,32,64,int,ashr
2767,65,33,64,int,ashr
2768,65,34,64,int,ashr
2769,65,35,64,int,ashr
2770,65,36,64,int,ashr
2771,65,37,64,int,ashr
2772,65,38,64,int,ashr
2773,65,39,64,int,ashr
2774,65,40,64,int,ashr
2775,65,41,64,int,ashr
2776,65,42,64,int,ashr
2777,65,43,64,int,ashr
2778,65,44,64,int,ashr
2779,65,45,64,int,ashr
2780,65,46,64,int,ashr
2781,65,47,64,int,ashr
2782,65,48,64,int,ashr
2783,65,49,64,int,ashr
2784,65,50,64,int,ashr
2785,65,51,64,int,ashr
2786,65,52,64,int,ashr
2787,65,53,64,int,ashr
2788,65,54,64,int,ashr
2789,65,55,64,int,ashr
2790,65,56,64,int,ashr
2791,65,57,64,int,ashr
2792,65,58,64,int,ashr
2793,65,59,64,int,ashr
2794,65,60,64,int,ashr
2795,65,61,64,int,ashr
2796,65,62,64,int,ashr
2797,65,63,64,int,ashr
2798,66,0,64,int,and
2799,66,1,64,int,and
2800,66,2,64,int,and
2801,66,3,64,int,and
2802,66,4,64,int,and
2803,66,5,64,int,and
2804,66,6,64,int,and
2805,66,7,64,int,and
2806,66,8,64,int,and
2807,66,9,64,int,and
2808,66,10,64,int,and
2809,66,11,64,int,and
2810,66,12,64,int,and
2811,66,13,64,int,and
2812,66,14,64,int,and
2813,66,15,64,int,and
2814,66,16,64,int,and
2815,66,17,64,int,and
2816,66,18,64,int,and
2817,66,19,64,int,and
2818,66,20,64,int,and
2819,66,21,64,int,and
2820,66,22,64,int,and
2821,66,23,64,int,and
2822,66,24,64,int,and
2823,66,25,64,int,and
2824,66,26,64,int,and
2825,66,27,64,int,and
2826,66,28,64,int,and
2827,66,29,64,int,and
2828,66,30,64,int,and
2829,66,31,64,int,and
2830,66,32,64,int,and
2831,66,33,64,int,and
2832,66,34,64,int,and
2833,66,35,64,int,and
2834,66,36,64,int,and
2835,66,37,64,int,and
2836,66,38,64,int,and
2837,66,39,64,int,and
2838,66,40,64,int,and
2839,66,41,64,int,and
2840,66,42,64,int,and
2841,66,43,64,int,and
2842,66,44,64,int,and
2843,66,45,64,int,and
2844,66,46,64,int,and
2845,66,47,64,int,and
2846,66,48,64,int,and
2847,66,49,64,int,and
2848,66,50,64,int,and
2849,66,51,64,int,and
2850,66,52,64,int,and
2851,66,53,64,int,and
2852,66,54,64,int,and
2853,66,55,64,int,and
2854,66,56,64,int,and
2855,66,57,64,int,and
2856,66,58,64,int,and
2857,66,59,64,int,and
2858,66,60,64,int,and
2859,66,61,64,int,and
2860,66,62,64,int,and
2861,66,63,64,int,and
2862,67,0,64,int,icmp
2863,67,1,64,int,icmp
2864,67,2,64,int,icmp
2865,67,3,64,int,icmp
2866,67,4,64,int,icmp
2867,67,5,64,int,icmp
2868,67,6,64,int,icmp
2869,67,7,64,int,icmp
2870,67,8,64,int,icmp
2871,67,9,64,int,icmp
2872,67,10,64,int,icmp
2873,67,11,64,int,icmp
2874,67,12,64,int,icmp
2875,67,13,64,int,icmp
2876,67,14,64,int,icmp
2877,67,15,64,int,icmp
2878,67,16,64,int,icmp
2879,67,17,64,int,icmp
2880,67,18,64,int,icmp
2881,67,19,64,int,icmp
2882,67,20,64,int,icmp
2883,67,21,64,int,icmp
2884,67,22,64,int,icmp
2885,67,23,64,int,icmp
2886,67,24,64,int,icmp
2887,67,25,64,int,icmp
2888,67,26,64,int,icmp
2889,67,27,64,int,icmp
2890,67,28,64,int,icmp
2891,67,29,64,int,icmp
2892,67,30,64,int,icmp
2893,67,31,64,int,icmp
2894,67,32,64,int,icmp
2895,67,33,64,int,icmp
2896,67,34,64,int,icmp
2897,67,35,64,int,icmp
2898,67,36,64,int,icmp
2899,67,37,64,int,icmp
2900,67,38,64,int,icmp
2901,67,39,64,int,icmp
2902,67,40,64,int,icmp
2903,67,41,64,int,icmp
2904,67,42,64,int,icmp
2905,67,43,64,int,icmp
2906,67,44,64,int,icmp
2907,67,45,64,int,icmp
2908,67,46,64,int,icmp
2909,67,47,64,int,icmp
2910,67,48,64,int,icmp
2911,67,49,64,int,icmp
2912,67,50,64,int,icmp
2913,67,51,64,int,icmp
2914,67,52,64,int,icmp
2915,67,53,64,int,icmp
2916,67,54,64,int,icmp
2917,67,55,64,int,icmp
2918,67,56,64,int,icmp
2919,67,57,64,int,icmp
2920,67,58,64,int,icmp
2921,67,59,64,int,icmp
2922,67,60,64,int,icmp
2923,67,61,64,int,icmp
2924,67,62,64,int,icmp
2925,67,63,64,int,icmp
2926,68,0,1,int,br
2927,69,0,64,int,shl
2928,69,1,64,int,shl
2929,69,2,64,int,shl
2930,69,3,64,int,shl
2931,69,4,64,int,shl
2932,69,5,64,int,shl
2933,69,6,64,int,shl
2934,69,7,64,int,shl
2935,69,8,64,int,shl
2936,69,9,64,int,shl
2937,69,10,64,int,shl
2938,69,11,64,int,shl
2939,69,12,64,int,shl
2940,69,13,64,int,shl
2941,69,14,64,int,shl
2942,69,15,64,int,shl
2943,69,16,64,int,shl
2944,69,17,64,int,shl
2945,69,18,64,int,shl
2946,69,19,64,int,shl
2947,69,20,64,int,shl
2948,69,21,64,int,shl
2949,69,22,64,int,shl
2950,69,23,64,int,shl
2951,69,24,64,int,shl
2952,69,25,64,int,shl
2953,69,26,64,int,shl
2954,69,27,64,int,shl
2955,69,28,64,int,shl
2956,69,29,64,int,shl
2957,69,30,64,int,shl
2958,69,31,64,int,shl
2959,69,32,64,int,shl
2960,69,33,64,int,shl
2961,69,34,64,int,shl
2962,69,35,64,int,shl
2963,69,36,64,int,shl
2964,69,37,64,int,shl
2965,69,38,64,int,shl
2966,69,39,64,int,shl
2967,69,40,64,int,shl
2968,69,41,64,int,shl
2969,69,42,64,int,shl
2970,69,43,64,int,shl
2971,69,44,64,int,shl
2972,69,45,64,int,shl
2973,69,46,64,int,shl
2974,69,47,64,int,shl
2975,69,48,64,int,shl
2976,69,49,64,int,shl
2977,69,50,64,int,shl
2978,69,51,64,int,shl
2979,69,52,64,int,shl
2980,69,53,64,int,shl
2981,69,54,64,int,shl
2982,69,55,64,int,shl
2983,69,56,64,int,shl
2984,69,57,64,int,shl
2985,69,58,64,int,shl
2986,69,59,64,int,shl
2987,69,60,64,int,shl
2988,69,61,64,int,shl
2989,69,62,64,int,shl
2990,69,63,64,int,shl
2991,70,0,64,int,icmp
2992,70,1,64,int,icmp
2993,70,2,64,int,icmp
2994,70,3,64,int,icmp
2995,70,4,64,int,icmp
2996,70,5,64,int,icmp
2997,70,6,64,int,icmp
2998,70,7,64,int,icmp
2999,70,8,64,int,icmp
3000,70,9,64,int,icmp
3001,70,10,64,int,icmp
3002,70,11,64,int,icmp
3003,70,12,64,int,icmp
3004,70,13,64,int,icmp
3005,70,14,64,int,icmp
3006,70,15,64,int,icmp
3007,70,16,64,int,icmp
3008,70,17,64,int,icmp
3009,70,18,64,int,icmp
3010,70,19,64,int,icmp
3011,70,20,64,int,icmp
3012,70,21,64,int,icmp
3013,70,22,64,int,icmp
3014,70,23,64,int,icmp
3015,70,24,64,int,icmp
3016,70,25,64,int,icmp
3017,70,26,64,int,icmp
3018,70,27,64,int,icmp
3019,70,28,64,int,icmp
3020,70,29,64,int,icmp
3021,70,30,64,int,icmp
3022,70,31,64,int,icmp
3023,70,32,64,int,icmp
3024,70,33,64,int,icmp
3025,70,34,64,int,icmp
3026,70,35,64,int,icmp
3027,70,36,64,int,icmp
3028,70,37,64,int,icmp
3029,70,38,64,int,icmp
3030,70,39,64,int,icmp
3031,70,40,64,int,icmp
3032,70,41,64,int,icmp
3033,70,42,64,int,icmp
3034,70,43,64,int,icmp
3035,70,44,64,int,icmp
3036,70,45,64,int,icmp
3037,70,46,64,int,icmp
3038,70,47,64,int,icmp
3039,70,48,64,int,icmp
3040,70,49,64,int,icmp
3041,70,50,64,int,icmp
3042,70,51,64,int,icmp
3043,70,52,64,int,icmp
3044,70,53,64,int,icmp
3045,70,54,64,int,icmp
3046,70,55,64,int,icmp
3047,70,56,64,int,icmp
3048,70,57,64,int,icmp
3049,70,58,64,int,icmp
3050,70,59,64,int,icmp
3051,70,60,64,int,icmp
3052,70,61,64,int,icmp
3053,70,62,64,int,icmp
3054,70,63,64,int,icmp
3055,71,0,1,int,zext
3056,72,0,1,int,select
3057,73,0,64,int,xor
3058,73,1,64,int,xor
3059,73,2,64,int,xor
3060,73,3,64,int,xor
3061,73,4,64,int,xor
3062,73,5,64,int,xor
3063,73,6,64,int,xor
3064,73,7,64,int,xor
3065,73,8,64,int,xor
3066,73,9,64,int,xor
3067,73,10,64,int,xor
3068,73,11,64,int,xor
3069,73,12,64,int,xor
3070,73,13,64,int,xor
3071,73,14,64,int,xor
3072,73,15,64,int,xor
3073,73,16,64,int,xor
3074,73,17,64,int,xor
3075,73,18,64,int,xor
3076,73,19,64,int,xor
3077,73,20,64,int,xor
3078,73,21,64,int,xor
3079,73,22,64,int,xor
3080,73,23,64,int,xor
3081,73,24,64,int,xor
3082,73,25,64,int,xor
3083,73,26,64,int,xor
3084,73,27,64,int,xor
3085,73,28,64,int,xor
3086,73,29,64,int,xor
3087,73,30,64,int,xor
3088,73,31,64,int,xor
3089,73,32,64,int,xor
3090,73,33,64,int,xor
3091,73,34,64,int,xor
3092,73,35,64,int,xor
3093,73,36,64,int,xor
3094,73,37,64,int,xor
3095,73,38,64,int,xor
3096,73,39,64,int,xor
3097,73,40,64,int,xor
3098,73,41,64,int,xor
3099,73,42,64,int,xor
3100,73,43,64,int,xor
3101,73,44,64,int,xor
3102,73,45,64,int,xor
3103,73,46,64,int,xor
3104,73,47,64,int,xor
3105,73,48,64,int,xor
3106,73,49,64,int,xor
3107,73,50,64,int,xor
3108,73,51,64,int,xor
3109,73,52,64,int,xor
3110,73,53,64,int,xor
3111,73,54,64,int,xor
3112,73,55,64,int,xor
3113,73,56,64,int,xor
3114,73,57,64,int,xor
3115,73,58,64,int,xor
3116,73,59,64,int,xor
3117,73,60,64,int,xor
3118,73,61,64,int,xor
3119,73,62,64,int,xor
3120,73,63,64,int,xor
3121,74,0,64,int,xor
3122,74,1,64,int,xor
3123,74,2,64,int,xor
3124,74,3,64,int,xor
3125,74,4,64,int,xor
3126,74,5,64,int,xor
3127,74,6,64,int,xor
3128,74,7,64,int,xor
3129,74,8,64,int,xor
3130,74,9,64,int,xor
3131,74,10,64,int,xor
3132,74,11,64,int,xor
3133,74,12,64,int,xor
3134,74,13,64,int,xor
3135,74,14,64,int,xor
3136,74,15,64,int,xor
3137,74,16,64,int,xor
3138,74,17,64,int,xor
3139,74,18,64,int,xor
3140,74,19,64,int,xor
3141,74,20,64,int,xor
3142,74,21,64,int,xor
3143,74,22,64,int,xor
3144,74,23,64,int,xor
3145,74,24,64,int,xor
3146,74,25,64,int,xor
3147,74,26,64,int,xor
3148,74,27,64,int,xor
3149,74,28,64,int,xor
3150,74,29,64,int,xor
3151,74,30,64,int,xor
3152,74,31,64,int,xor
3153,74,32,64,int,xor
3154,74,33,64,int,xor
3155,74,34,64,int,xor
3156,74,35,64,int,xor
3157,74,36,64,int,xor
3158,74,37,64,int,xor
3159,74,38,64,int,xor
3160,74,39,64,int,xor
3161,74,40,64,int,xor
3162,74,41,64,int,xor
3163,74,42,64,int,xor
3164,74,43,64,int,xor
3165,74,44,64,int,xor
3166,74,45,64,int,xor
3167,74,46,64,int,xor
3168,74,47,64,int,xor
3169,74,48,64,int,xor
3170,74,49,64,int,xor
3171,74,50,64,int,xor
3172,74,51,64,int,xor
3173,74,52,64,int,xor
3174,74,53,64,int,xor
3175,74,54,64,int,xor
3176,74,55,64,int,xor
3177,74,56,64,int,xor
3178,74,57,64,int,xor
3179,74,58,64,int,xor
3180,74,59,64,int,xor
3181,74,60,64,int,xor
3182,74,61,64,int,xor
3183,74,62,64,int,xor
3184,74,63,64,int,xor
3185,75,0,64,int,store
3186,75,1,64,int,store
3187,75,2,64,int,store
3188,75,3,64,int,store
3189,75,4,64,int,store
3190,75,5,64,int,store
3191,75,6,64,int,store
3192,75,7,64,int,store
3193,75,8,64,int,store
3194,75,9,64,int,store
3195,75,10,64,int,store
3196,75,11,64,int,store
3197,75,12,64,int,store
3198,75,13,64,int,store
3199,75,14,64,int,store
3200,75,15,64,int,store
3201,75,16,64,int,store
3202,75,17,64,int,store
3203,75,18,64,int,store
3204,75,19,64,int,store
3205,75,20,64,int,store
3206,75,21,64,int,store
3207,75,22,64,int,store
3208,75,23,64,int,store
3209,75,24,64,int,store
3210,75,25,64,int,store
3211,75,26,64,int,store
3212,75,27,64,int,store
3213,75,28,64,int,store
3214,75,29,64,int,store
3215,75,30,64,int,store
3216,75,31,64,int,store
3217,75,32,64,int,store
3218,75,33,64,int,store
3219,75,34,64,int,store
3220,75,35,64,int,store
3221,75,36,64,int,store
3222,75,37,64,int,store
3223,75,38,64,int,store
3224,75,39,64,int,store
3225,75,40,64,int,store
3226,75,41,64,int,store
3227,75,42,64,int,store
3228,75,43,64,int,store
3229,75,44,64,int,store
3230,75,45,64,int,store
3231,75,46,64,int,store
3232,75,47,64,int,store
3233,75,48,64,int,store
3234,75,49,64,int,store
3235,75,50,64,int,store
3236,75,51,64,int,store
3237,75,52,64,int,store
3238,75,53,64,int,store
3239,75,54,64,int,store
3240,75,55,64,int,store
3241,75,56,64,int,store
3242,75,57,64,int,store
3243,75,58,64,int,store
3244,75,59,64,int,store
3245,75,60,64,int,store
3246,75,61,64,int,store
3247,75,62,64,int,store
3248,75,63,64,int,store
3249,76,0,64,int,store
3250,76,1,64,int,store
3251,76,2,64,int,store
3252,76,3,64,int,store
3253,76,4,64,int,store
3254,76,5,64,int,store
3255,76,6,64,int,store
3256,76,7,64,int,store
3257,76,8,64,int,store
3258,76,9,64,int,store
3259,76,10,64,int,store
3260,76,11,64,int,store
3261,76,12,64,int,store
3262,76,13,64,int,store
3263,76,14,64,int,store
3264,76,15,64,int,store
3265,76,16,64,int,store
3266,76,17,64,int,store
3267,76,18,64,int,store
3268,76,19,64,int,store
3269,76,20,64,int,store
3270,76,21,64,int,store
3271,76,22,64,int,store
3272,76,23,64,int,store
3273,76,24,64,int,store
3274,76,25,64,int,store
3275,76,26,64,int,store
3276,76,27,64,int,store
3277,76,28,64,int,store
3278,76,29,64,int,store
3279,76,30,64,int,store
3280,76,31,64,int,store
3281,76,32,64,int,store
3282,76,33,64,int,store
3283,76,34,64,int,store
3284,76,35,64,int,store
3285,76,36,64,int,store
3286,76,37,64,int,store
3287,76,38,64,int,store
3288,76,39,64,int,store
3289,76,40,64,int,store
3290,76,41,64,int,store
3291,76,42,64,int,store
3292,76,43,64,int,store
3293,76,44,64,int,store
3294,76,45,64,int,store
3295,76,46,64,int,store
3296,76,47,64,int,store
3297,76,48,64,int,store
3298,76,49,64,int,store
3299,76,50,64,int,store
3300,76,51,64,int,store
3301,76,52,64,int,store
3302,76,53,64,int,store
3303,76,54,64,int,store
3304,76,55,64,int,store
3305,76,56,64,int,store
3306,76,57,64,int,store
3307,76,58,64,int,store
3308,76,59,64,int,store
3309,76,60,64,int,store
3310,76,61,64,int,store
3311,76,62,64,int,store
3312,76,63,64,int,store
3313,77,0,64,int,ret
3314,77,1,64,int,ret
3315,77,2,64,int,ret
3316,77,3,64,int,ret
3317,77,4,64,int,ret
3318,77,5,64,int,ret
3319,77,6,64,int,ret
3320,77,7,64,int,ret
3321,77,8,64,int,ret
3322,77,9,64,int,ret
3323,77,10,64,int,ret
3324,77,11,64,int,ret
3325,77,12,64,int,ret
3326,77,13,64,int,ret
3327,77,14,64,int,ret
3328,77,15,64,int,ret
3329,77,16,64,int,ret
3330,77,17,64,int,ret
3331,77,18,64,int,ret
3332,77,19,64,int,ret
3333,77,20,64,int,ret
3334,77,21,64,int,ret
3335,77,22,64,int,ret
3336,77,23,64,int,ret
3337,77,24,64,int,ret
3338,77,25,64,int,ret
3339,77,26,64,int,ret
3340,77,27,64,int,ret
3341,77,28,64,int,ret
3342,77,29,64,int,ret
3343,77,30,64,int,ret
3344,77,31,64,int,ret
3345,77,32,64,int,ret
3346,77,33,64,int,ret
3347,77,34,64,int,ret
3348,77,35,64,int,ret
3349,77,36,64,int,ret
3350,77,37,64,int,ret
3351,77,38,64,int,ret
3352,77,39,64,int,ret
3353,77,40,64,int,ret
3354,77,41,64,int,ret
3355,77,42,64,int,ret
3356,77,43,64,int,ret
3357,77,44,64,int,ret
3358,77,45,64,int,ret
3359,77,46,64,int,ret
3360,77,47,64,int,ret
3361,77,48,64,int,ret
3362,77,49,64,int,ret
3363,77,50,64,int,ret
3364,77,51,64,int,ret
3365,77,52,64,int,ret
3366,77,53,64,int,ret
3367,77,54,64,int,ret
3368,77,55,64,int,ret
3369,77,56,64,int,ret
3370,77,57,64,int,ret
3371,77,58,64,int,ret
3372,77,59,64,int,ret
3373,77,60,64,int,ret
3374,77,61,64,int,ret
3375,77,62,64,int,ret
3376,77,63,64,int,ret
3377,78,0,64,int,store
3378,78,1,64,int,store
3379,78,2,64,int,store
3380,78,3,64,int,store
3381,78,4,64,int,store
3382,78,5,64,int,store
3383,78,6,64,int,store
3384,78,7,64,int,store
3385,78,8,64,int,store
3386,78,9,64,int,store
3387,78,10,64,int,store
3388,78,11,64,int,store
3389,78,12,64,int,store
3390,78,13,64,int,store
3391,78,14,64,int,store
3392,78,15,64,int,store
3393,78,16,64,int,store
3394,78,17,64,int,store
3395,78,18,64,int,store
3396,78,19,64,int,store
3397,78,20,64,int,store
3398,78,21,64,int,store
3399,78,22,64,int,store
3400,78,23,64,int,store
3401,78,24,64,int,store
3402,78,25,64,int,store
3403,78,26,64,int,store
3404,78,27,64,int,store
3405,78,28,64,int,store
3406,78,29,64,int,store
3407,78,30,64,int,store
3408,78,31,64,int,store
3409,78,32,64,int,store
3410,78,33,64,int,store
3411,78,34,64,int,store
3412,78,35,64,int,store
3413,78,36,64,int,store
3414,78,37,64,int,store
3415,78,38,64,int,store
3416,78,39,64,int,store
3417,78,40,64,int,store
3418,78,41,64,int,store
3419,78,42,64,int,store
3420,78,43,64,int,store
3421,78,44,64,int,store
3422,78,45,64,int,store
3423,78,46,64,int,store
3424,78,47,64,int,store
3425,78,48,64,int,store
3426,78,49,64,int,store
3427,78,50,64,int,store
3428,78,51,64,int,store
3429,78,52,64,int,store
3430,78,53,64,int,store
3431,78,54,64,int,store
3432,78,55,64,int,store
3433,78,56,64,int,store
3434,78,57,64,int,store
3435,78,58,64,int,store
3436,78,59,64,int,store
3437,78,60,64,int,store
3438,78,61,64,int,store
3439,78,62,64,int,store
3440,78,63,64,int,store
3441,79,0,32,int,mul
3442,79,1,32,int,mul
3443,79,2,32,int,mul
3444,79,3,32,int,mul
3445,79,4,32,int,mul
3446,79,5,32,int,mul
3447,79,6,32,int,mul
3448,79,7,32,int,mul
3449,79,8,32,int,mul
3450,79,9,32,int,mul
3451,79,10,32,int,mul
3452,79,11,32,int,mul
3453,79,12,32,int,mul
3454,79,13,32,int,mul
3455,79,14,32,int,mul
3456,79,15,32,int,mul
3457,79,16,32,int,mul
3458,79,17,32,int,mul
3459,79,18,32,int,mul
3460,79,19,32,int,mul
3461,79,20,32,int,mul
3462,79,21,32,int,mul
3463,79,22,32,int,mul
3464,79,23,32,int,mul
3465,79,24,32,int,mul
3466,79,25,32,int,mul
3467,79,26,32,int,mul
3468,79,27,32,int,mul
3469,79,28,32,int,mul
3470,79,29,32,int,mul
3471,79,30,32,int,mul
3472,79,31,32,int,mul
3473,80,0,32,int,mul
3474,80,1,32,int,mul
3475,80,2,32,int,mul
3476,80,3,32,int,mul
3477,80,4,32,int,mul
3478,80,5,32,int,mul
3479,80,6,32,int,mul
3480,80,7,32,int,mul
3481,80,8,32,int,mul
3482,80,9,32,int,mul
3483,80,10,32,int,mul
3484,80,11,32,int,mul
3485,80,12,32,int,mul
3486,80,13,32,int,mul
3487,80,14,32,int,mul
3488,80,15,32,int,mul
3489,80,16,32,int,mul
3490,80,17,32,int,mul
3491,80,18,32,int,mul
3492,80,19,32,int,mul
3493,80,20,32,int,mul
3494,80,21,32,int,mul
3495,80,22,32,int,mul
3496,80,23,32,int,mul
3497,80,24,32,int,mul
3498,80,25,32,int,mul
3499,80,26,32,int,mul
3500,80,27,32,int,mul
3501,80,28,32,int,mul
3502,80,29,32,int,mul
3503,80,30,32,int,mul
3504,80,31,32,int,mul
3505,81,0,32,int,add
3506,81,1,32,int,add
3507,81,2,32,int,add
3508,81,3,32,int,add
3509,81,4,32,int,add
3510,81,5,32,int,add
3511,81,6,32,int,add
3512,81,7,32,int,add
3513,81,8,32,int,add
3514,81,9,32,int,add
3515,81,10,32,int,add
3516,81,11,32,int,add
3517,81,12,32,int,add
3518,81,13,32,int,add
3519,81,14,32,int,add
3520,81,15,32,int,add
3521,81,16,32,int,add
3522,81,17,32,int,add
3523,81,18,32,int,add
3524,81,19,32,int,add
3525,81,20,32,int,add
3526,81,21,32,int,add
3527,81,22,32,int,add
3528,81,23,32,int,add
3529,81,24,32,int,add
3530,81,25,32,int,add
3531,81,26,32,int,add
3532,81,27,32,int,add
3533,81,28,32,int,add
3534,81,29,32,int,add
3535,81,30,32,int,add
3536,81,31,32,int,add
3537,82,0,32,int,add
3538,82,1,32,int,add
3539,82,2,32,int,add
3540,82,3,32,int,add
3541,82,4,32,int,add
3542,82,5,32,int,add
3543,82,6,32,int,add
3544,82,7,32,int,add
3545,82,8,32,int,add
3546,82,9,32,int,add
3547,82,10,32,int,add
3548,82,11,32,int,add
3549,82,12,32,int,add
3550,82,13,32,int,add
3551,82,14,32,int,add
3552,82,15,32,int,add
3553,82,16,32,int,add
3554,82,17,32,int,add
3555,82,18,32,int,add
3556,82,19,32,int,add
3557,82,20,32,int,add
3558,82,21,32,int,add
3559,82,22,32,int,add
3560,82,23,32,int,add
3561,82,24,32,int,add
3562,82,25,32,int,add
3563,82,26,32,int,add
3564,82,27,32,int,add
3565,82,28,32,int,add
3566,82,29,32,int,add
3567,82,30,32,int,add
3568,82,31,32,int,add
3569,83,0,32,int,store
3570,83,1,32,int,store
3571,83,2,32,int,store
3572,83,3,32,int,store
3573,83,4,32,int,store
3574,83,5,32,int,store
3575,83,6,32,int,store
3576,83,7,32,int,store
3577,83,8,32,int,store
3578,83,9,32,int,store
3579,83,10,32,int,store
3580,83,11,32,int,store
3581,83,12,32,int,store
3582,83,13,32,int,store
3583,83,14,32,int,store
3584,83,15,32,int,store
3585,83,16,32,int,store
3586,83,17,32,int,store
3587,83,18,32,int,store
3588,83,19,32,int,store
3589,83,20,32,int,store
3590,83,21,32,int,store
3591,83,22,32,int,store
3592,83,23,32,int,store
3593,83,24,32,int,store
3594,83,25,32,int,store
3595,83,26,32,int,store
3596,83,27,32,int,store
3597,83,28,32,int,store
3598,83,29,32,int,store
3599,83,30,32,int,store
3600,83,31,32,int,store
3601,84,0,32,int,sext
3602,84,1,32,int,sext
3603,84,2,32,int,sext
3604,84,3,32,int,sext
3605,84,4,32,int,sext
3606,84,5,32,int,sext
3607,84,6,32,int,sext
3608,84,7,32,int,sext
3609,84,8,32,int,sext
3610,84,9,32,int,sext
3611,84,10,32,int,sext
3612,84,11,32,int,sext
3613,84,12,32,int,sext
3614,84,13,32,int,sext
3615,84,14,32,int,sext
3616,84,15,32,int,sext
3617,84,16,32,int,sext
3618,84,17,32,int,sext
3619,84,18,32,int,sext
3620,84,19,32,int,sext
3621,84,20,32,int,sext
3622,84,21,32,int,sext
3623,84,22,32,int,sext
3624,84,23,32,int,sext
3625,84,24,32,int,sext
3626,84,25,32,int,sext
3627,84,26,32,int,sext
3628,84,27,32,int,sext
3629,84,28,32,int,sext
3630,84,29,32,int,sext
3631,84,30,32,int,sext
3632,84,31,32,int,sext
3633,85,0,64,int,icmp
3634,85,1,64,int,icmp
3635,85,2,64,int,icmp
3636,85,3,64,int,icmp
3637,85,4,64,int,icmp
3638,85,5,64,int,icmp
3639,85,6,64,int,icmp
3640,85,7,64,int,icmp
3641,85,8,64,int,icmp
3642,85,9,64,int,icmp
3643,85,10,64,int,icmp
3644,85,11,64,int,icmp
3645,85,12,64,int,icmp
3646,85,13,64,int,icmp
3647,85,14,64,int,icmp
3648,85,15,64,int,icmp
3649,85,16,64,int,icmp
3650,85,17,64,int,icmp
3651,85,18,64,int,icmp
3652,85,19,64,int,icmp
3653,85,20,64,int,icmp
3654,85,21,64,int,icmp
3655,85,22,64,int,icmp
3656,85,23,64,int,icmp
3657,85,24,64,int,icmp
3658,85,25,64,int,icmp
3659,85,26,64,int,icmp
3660,85,27,64,int,icmp
3661,85,28,64,int,icmp
3662,85,29,64,int,icmp
3663,85,30,64,int,icmp
3664,85,31,64,int,icmp
3665,85,32,64,int,icmp
3666,85,33,64,int,icmp
3667,85,34,64,int,icmp
3668,85,35,64,int,icmp
3669,85,36,64,int,icmp
3670,85,37,64,int,icmp
3671,85,38,64,int,icmp
3672,85,39,64,int,icmp
3673,85,40,64,int,icmp
3674,85,41,64,int,icmp
3675,85,42,64,int,icmp
3676,85,43,64,int,icmp
3677,85,44,64,int,icmp
3678,85,45,64,int,icmp
3679,85,46,64,int,icmp
3680,85,47,64,int,icmp
3681,85,48,64,int,icmp
3682,85,49,64,int,icmp
3683,85,50,64,int,icmp
3684,85,51,64,int,icmp
3685,85,52,64,int,icmp
3686,85,53,64,int,icmp
3687,85,54,64,int,icmp
3688,85,55,64,int,icmp
3689,85,56,64,int,icmp
3690,85,57,64,int,icmp
3691,85,58,64,int,icmp
3692,85,59,64,int,icmp
3693,85,60,64,int,icmp
3694,85,61,64,int,icmp
3695,85,62,64,int,icmp
3696,85,63,64,int,icmp
3697,86,0,64,int,icmp
3698,86,1,64,int,icmp
3699,86,2,64,int,icmp
3700,86,3,64,int,icmp
3701,86,4,64,int,icmp
3702,86,5,64,int,icmp
3703,86,6,64,int,icmp
3704,86,7,64,int,icmp
3705,86,8,64,int,icmp
3706,86,9,64,int,icmp
3707,86,10,64,int,icmp
3708,86,11,64,int,icmp
3709,86,12,64,int,icmp
3710,86,13,64,int,icmp
3711,86,14,64,int,icmp
3712,86,15,64,int,icmp
3713,86,16,64,int,icmp
3714,86,17,64,int,icmp
3715,86,18,64,int,icmp
3716,86,19,64,int,icmp
3717,86,20,64,int,icmp
3718,86,21,64,int,icmp
3719,86,22,64,int,icmp
3720,86,23,64,int,icmp
3721,86,24,64,int,icmp
3722,86,25,64,int,icmp
3723,86,26,64,int,icmp
3724,86,27,64,int,icmp
3725,86,28,64,int,icmp
3726,86,29,64,int,icmp
3727,86,30,64,int,icmp
3728,86,31,64,int,icmp
3729,86,32,64,int,icmp
3730,86,33,64,int,icmp
3731,86,34,64,int,icmp
3732,86,35,64,int,icmp
3733,86,36,64,int,icmp
3734,86,37,64,int,icmp
3735,86,38,64,int,icmp
3736,86,39,64,int,icmp
3737,86,40,64,int,icmp
3738,86,41,64,int,icmp
3739,86,42,64,int,icmp
3740,86,43,64,int,icmp
3741,86,44,64,int,icmp
3742,86,45,64,int,icmp
3743,86,46,64,int,icmp
3744,86,47,64,int,icmp
3745,86,48,64,int,icmp
3746,86,49,64,int,icmp
3747,86,50,64,int,icmp
3748,86,51,64,int,icmp
3749,86,52,64,int,icmp
3750,86,53,64,int,icmp
3751,86,54,64,int,icmp
3752,86,55,64,int,icmp
3753,86,56,64,int,icmp
3754,86,57,64,int,icmp
3755,86,58,64,int,icmp
3756,86,59,64,int,icmp
3757,86,60,64,int,icmp
3758,86,61,64,int,icmp
3759,86,62,64,int,icmp
3760,86,63,64,int,icmp
3761,87,0,1,int,br
3762,88,0,32,int,sext
3763,88,1,32,int,sext
3764,88,2,32,int,sext
3765,88,3,32,int,sext
3766,88,4,32,int,sext
3767,88,5,32,int,sext
3768,88,6,32,int,sext
3769,88,7,32,int,sext
3770,88,8,32,int,sext
3771,88,9,32,int,sext
3772,88,10,32,int,sext
3773,88,11,32,int,sext
3774,88,12,32,int,sext
3775,88,13,32,int,sext
3776,88,14,32,int,sext
3777,88,15,32,int,sext
3778,88,16,32,int,sext
3779,88,17,32,int,sext
3780,88,18,32,int,sext
3781,88,19,32,int,sext
3782,88,20,32,int,sext
3783,88,21,32,int,sext
3784,88,22,32,int,sext
3785,88,23,32,int,sext
3786,88,24,32,int,sext
3787,88,25,32,int,sext
3788,88,26,32,int,sext
3789,88,27,32,int,sext
3790,88,28,32,int,sext
3791,88,29,32,int,sext
3792,88,30,32,int,sext
3793,88,31,32,int,sext
3794,89,0,32,int,sext
3795,89,1,32,int,sext
3796,89,2,32,int,sext
3797,89,3,32,int,sext
3798,89,4,32,int,sext
3799,89,5,32,int,sext
3800,89,6,32,int,sext
3801,89,7,32,int,sext
3802,89,8,32,int,sext
3803,89,9,32,int,sext
3804,89,10,32,int,sext
3805,89,11,32,int,sext
3806,89,12,32,int,sext
3807,89,13,32,int,sext
3808,89,14,32,int,sext
3809,89,15,32,int,sext
3810,89,16,32,int,sext
3811,89,17,32,int,sext
3812,89,18,32,int,sext
3813,89,19,32,int,sext
3814,89,20,32,int,sext
3815,89,21,32,int,sext
3816,89,22,32,int,sext
3817,89,23,32,int,sext
3818,89,24,32,int,sext
3819,89,25,32,int,sext
3820,89,26,32,int,sext
3821,89,27,32,int,sext
3822,89,28,32,int,sext
3823,89,29,32,int,sext
3824,89,30,32,int,sext
3825,89,31,32,int,sext
3826,90,0,64,int,getelementptr
3827,90,1,64,int,getelementptr
3828,90,2,64,int,getelementptr
3829,90,3,64,int,getelementptr
3830,90,4,64,int,getelementptr
3831,90,5,64,int,getelementptr
3832,90,6,64,int,getelementptr
3833,90,7,64,int,getelementptr
3834,90,8,64,int,getelementptr
3835,90,9,64,int,getelementptr
3836,90,10,64,int,getelementptr
3837,90,11,64,int,getelementptr
3838,90,12,64,int,getelementptr
3839,90,13,64,int,getelementptr
3840,90,14,64,int,getelementptr
3841,90,15,64,int,getelementptr
3842,90,16,64,int,getelementptr
3843,90,17,64,int,getelementptr
3844,90,18,64,int,getelementptr
3845,90,19,64,int,getelementptr
3846,90,20,64,int,getelementptr
3847,90,21,64,int,getelementptr
3848,90,22,64,int,getelementptr
3849,90,23,64,int,getelementptr
3850,90,24,64,int,getelementptr
3851,90,25,64,int,getelementptr
3852,90,26,64,int,getelementptr
3853,90,27,64,int,getelementptr
3854,90,28,64,int,getelementptr
3855,90,29,64,int,getelementptr
3856,90,30,64,int,getelementptr
3857,90,31,64,int,getelementptr
3858,90,32,64,int,getelementptr
3859,90,33,64,int,getelementptr
3860,90,34,64,int,getelementptr
3861,90,35,64,int,getelementptr
3862,90,36,64,int,getelementptr
3863,90,37,64,int,getelementptr
3864,90,38,64,int,getelementptr
3865,90,39,64,int,getelementptr
3866,90,40,64,int,getelementptr
3867,90,41,64,int,getelementptr
3868,90,42,64,int,getelementptr
3869,90,43,64,int,getelementptr
3870,90,44,64,int,getelementptr
3871,90,45,64,int,getelementptr
3872,90,46,64,int,getelementptr
3873,90,47,64,int,getelementptr
3874,90,48,64,int,getelementptr
3875,90,49,64,int,getelementptr
3876,90,50,64,int,getelementptr
3877,90,51,64,int,getelementptr
3878,90,52,64,int,getelementptr
3879,90,53,64,int,getelementptr
3880,90,54,64,int,getelementptr
3881,90,55,64,int,getelementptr
3882,90,56,64,int,getelementptr
3883,90,57,64,int,getelementptr
3884,90,58,64,int,getelementptr
3885,90,59,64,int,getelementptr
3886,90,60,64,int,getelementptr
3887,90,61,64,int,getelementptr
3888,90,62,64,int,getelementptr
3889,90,63,64,int,getelementptr
3890,91,0,64,int,store
3891,91,1,64,int,store
3892,91,2,64,int,store
3893,91,3,64,int,store
3894,91,4,64,int,store
3895,91,5,64,int,store
3896,91,6,64,int,store
3897,91,7,64,int,store
3898,91,8,64,int,store
3899,91,9,64,int,store
3900,91,10,64,int,store
3901,91,11,64,int,store
3902,91,12,64,int,store
3903,91,13,64,int,store
3904,91,14,64,int,store
3905,91,15,64,int,store
3906,91,16,64,int,store
3907,91,17,64,int,store
3908,91,18,64,int,store
3909,91,19,64,int,store
3910,91,20,64,int,store
3911,91,21,64,int,store
3912,91,22,64,int,store
3913,91,23,64,int,store
3914,91,24,64,int,store
3915,91,25,64,int,store
3916,91,26,64,int,store
3917,91,27,64,int,store
3918,91,28,64,int,store
3919,91,29,64,int,store
3920,91,30,64,int,store
3921,91,31,64,int,store
3922,91,32,64,int,store
3923,91,33,64,int,store
3924,91,34,64,int,store
3925,91,35,64,int,store
3926,91,36,64,int,store
3927,91,37,64,int,store
3928,91,38,64,int,store
3929,91,39,64,int,store
3930,91,40,64,int,store
3931,91,41,64,int,store
3932,91,42,64,int,store
3933,91,43,64,int,store
3934,91,44,64,int,store
3935,91,45,64,int,store
3936,91,46,64,int,store
3937,91,47,64,int,store
3938,91,48,64,int,store
3939,91,49,64,int,store
3940,91,50,64,int,store
3941,91,51,64,int,store
3942,91,52,64,int,store
3943,91,53,64,int,store
3944,91,54,64,int,store
3945,91,55,64,int,store
3946,91,56,64,int,store
3947,91,57,64,int,store
3948,91,58,64,int,store
3949,91,59,64,int,store
3950,91,60,64,int,store
3951,91,61,64,int,store
3952,91,62,64,int,store
3953,91,63,64,int,store
3954,92,0,64,int,store
3955,92,1,64,int,store
3956,92,2,64,int,store
3957,92,3,64,int,store
3958,92,4,64,int,store
3959,92,5,64,int,store
3960,92,6,64,int,store
3961,92,7,64,int,store
3962,92,8,64,int,store
3963,92,9,64,int,store
3964,92,10,64,int,store
3965,92,11,64,int,store
3966,92,12,64,int,store
3967,92,13,64,int,store
3968,92,14,64,int,store
3969,92,15,64,int,store
3970,92,16,64,int,store
3971,92,17,64,int,store
3972,92,18,64,int,store
3973,92,19,64,int,store
3974,92,20,64,int,store
3975,92,21,64,int,store
3976,92,22,64,int,store
3977,92,23,64,int,store
3978,92,24,64,int,store
3979,92,25,64,int,store
3980,92,26,64,int,store
3981,92,27,64,int,store
3982,92,28,64,int,store
3983,92,29,64,int,store
3984,92,30,64,int,store
3985,92,31,64,int,store
3986,92,32,64,int,store
3987,92,33,64,int,store
3988,92,34,64,int,store
3989,92,35,64,int,store
3990,92,36,64,int,store
3991,92,37,64,int,store
3992,92,38,64,int,store
3993,92,39,64,int,store
3994,92,40,64,int,store
3995,92,41,64,int,store
3996,92,42,64,int,store
3997,92,43,64,int,store
3998,92,44,64,int,store
3999,92,45,64,int,store
4000,92,46,64,int,store
4001,92,47,64,int,store
4002,92,48,64,int,store
4003,92,49,64,int,store
4004,92,50,64,int,store
4005,92,51,64,int,store
4006,92,52,64,int,store
4007,92,53,64,int,store
4008,92,54,64,int,store
4009,92,55,64,int,store
4010,92,56,64,int,store
4011,92,57,64,int,store
4012,92,58,64,int,store
4013,92,59,64,int,store
4014,92,60,64,int,store
4015,92,61,64,int,store
4016,92,62,64,int,store
4017,92,63,64,int,store
4018,93,0,32,int,store
4019,93,1,32,int,store
4020,93,2,32,int,store
4021,93,3,32,int,store
4022,93,4,32,int,store
4023,93,5,32,int,store
4024,93,6,32,int,store
4025,93,7,32,int,store
4026,93,8,32,int,store
4027,93,9,32,int,store
4028,93,10,32,int,store
4029,93,11,32,int,store
4030,93,12,32,int,store
4031,93,13,32,int,store
4032,93,14,32,int,store
4033,93,15,32,int,store
4034,93,16,32,int,store
4035,93,17,32,int,store
4036,93,18,32,int,store
4037,93,19,32,int,store
4038,93,20,32,int,store
4039,93,21,32,int,store
4040,93,22,32,int,store
4041,93,23,32,int,store
4042,93,24,32,int,store
4043,93,25,32,int,store
4044,93,26,32,int,store
4045,93,27,32,int,store
4046,93,28,32,int,store
4047,93,29,32,int,store
4048,93,30,32,int,store
4049,93,31,32,int,store
4050,94,0,64,int,mul
4051,94,1,64,int,mul
4052,94,2,64,int,mul
4053,94,3,64,int,mul
4054,94,4,64,int,mul
4055,94,5,64,int,mul
4056,94,6,64,int,mul
4057,94,7,64,int,mul
4058,94,8,64,int,mul
4059,94,9,64,int,mul
4060,94,10,64,int,mul
4061,94,11,64,int,mul
4062,94,12,64,int,mul
4063,94,13,64,int,mul
4064,94,14,64,int,mul
4065,94,15,64,int,mul
4066,94,16,64,int,mul
4067,94,17,64,int,mul
4068,94,18,64,int,mul
4069,94,19,64,int,mul
4070,94,20,64,int,mul
4071,94,21,64,int,mul
4072,94,22,64,int,mul
4073,94,23,64,int,mul
4074,94,24,64,int,mul
4075,94,25,64,int,mul
4076,94,26,64,int,mul
4077,94,27,64,int,mul
4078,94,28,64,int,mul
4079,94,29,64,int,mul
4080,94,30,64,int,mul
4081,94,31,64,int,mul
4082,94,32,64,int,mul
4083,94,33,64,int,mul
4084,94,34,64,int,mul
4085,94,35,64,int,mul
4086,94,36,64,int,mul
4087,94,37,64,int,mul
4088,94,38,64,int,mul
4089,94,39,64,int,mul
4090,94,40,64,int,mul
4091,94,41,64,int,mul
4092,94,42,64,int,mul
4093,94,43,64,int,mul
4094,94,44,64,int,mul
4095,94,45,64,int,mul
4096,94,46,64,int,mul
4097,94,47,64,int,mul
4098,94,48,64,int,mul
4099,94,49,64,int,mul
4100,94,50,64,int,mul
4101,94,51,64,int,mul
4102,94,52,64,int,mul
4103,94,53,64,int,mul
4104,94,54,64,int,mul
4105,94,55,64,int,mul
4106,94,56,64,int,mul
4107,94,57,64,int,mul
4108,94,58,64,int,mul
4109,94,59,64,int,mul
4110,94,60,64,int,mul
4111,94,61,64,int,mul
4112,94,62,64,int,mul
4113,94,63,64,int,mul
4114,95,0,64,int,udiv
4115,95,1,64,int,udiv
4116,95,2,64,int,udiv
4117,95,3,64,int,udiv
4118,95,4,64,int,udiv
4119,95,5,64,int,udiv
4120,95,6,64,int,udiv
4121,95,7,64,int,udiv
4122,95,8,64,int,udiv
4123,95,9,64,int,udiv
4124,95,10,64,int,udiv
4125,95,11,64,int,udiv
4126,95,12,64,int,udiv
4127,95,13,64,int,udiv
4128,95,14,64,int,udiv
4129,95,15,64,int,udiv
4130,95,16,64,int,udiv
4131,95,17,64,int,udiv
4132,95,18,64,int,udiv
4133,95,19,64,int,udiv
4134,95,20,64,int,udiv
4135,95,21,64,int,udiv
4136,95,22,64,int,udiv
4137,95,23,64,int,udiv
4138,95,24,64,int,udiv
4139,95,25,64,int,udiv
4140,95,26,64,int,udiv
4141,95,27,64,int,udiv
4142,95,28,64,int,udiv
4143,95,29,64,int,udiv
4144,95,30,64,int,udiv
4145,95,31,64,int,udiv
4146,95,32,64,int,udiv
4147,95,33,64,int,udiv
4148,95,34,64,int,udiv
4149,95,35,64,int,udiv
4150,95,36,64,int,udiv
4151,95,37,64,int,udiv
4152,95,38,64,int,udiv
4153,95,39,64,int,udiv
4154,95,40,64,int,udiv
4155,95,41,64,int,udiv
4156,95,42,64,int,udiv
4157,95,43,64,int,udiv
4158,95,44,64,int,udiv
4159,95,45,64,int,udiv
4160,95,46,64,int,udiv
4161,95,47,64,int,udiv
4162,95,48,64,int,udiv
4163,95,49,64,int,udiv
4164,95,50,64,int,udiv
4165,95,51,64,int,udiv
4166,95,52,64,int,udiv
4167,95,53,64,int,udiv
4168,95,54,64,int,udiv
4169,95,55,64,int,udiv
4170,95,56,64,int,udiv
4171,95,57,64,int,udiv
4172,95,58,64,int,udiv
4173,95,59,64,int,udiv
4174,95,60,64,int,udiv
4175,95,61,64,int,udiv
4176,95,62,64,int,udiv
4177,95,63,64,int,udiv
4178,96,0,32,int,sext
4179,96,1,32,int,sext
4180,96,2,32,int,sext
4181,96,3,32,int,sext
4182,96,4,32,int,sext
4183,96,5,32,int,sext
4184,96,6,32,int,sext
4185,96,7,32,int,sext
4186,96,8,32,int,sext
4187,96,9,32,int,sext
4188,96,10,32,int,sext
4189,96,11,32,int,sext
4190,96,12,32,int,sext
4191,96,13,32,int,sext
4192,96,14,32,int,sext
4193,96,15,32,int,sext
4194,96,16,32,int,sext
4195,96,17,32,int,sext
4196,96,18,32,int,sext
4197,96,19,32,int,sext
4198,96,20,32,int,sext
4199,96,21,32,int,sext
4200,96,22,32,int,sext
4201,96,23,32,int,sext
4202,96,24,32,int,sext
4203,96,25,32,int,sext
4204,96,26,32,int,sext
4205,96,27,32,int,sext
4206,96,28,32,int,sext
4207,96,29,32,int,sext
4208,96,30,32,int,sext
4209,96,31,32,int,sext
4210,97,0,64,int,mul
4211,97,1,64,int,mul
4212,97,2,64,int,mul
4213,97,3,64,int,mul
4214,97,4,64,int,mul
4215,97,5,64,int,mul
4216,97,6,64,int,mul
4217,97,7,64,int,mul
4218,97,8,64,int,mul
4219,97,9,64,int,mul
4220,97,10,64,int,mul
4221,97,11,64,int,mul
4222,97,12,64,int,mul
4223,97,13,64,int,mul
4224,97,14,64,int,mul
4225,97,15,64,int,mul
4226,97,16,64,int,mul
4227,97,17,64,int,mul
4228,97,18,64,int,mul
4229,97,19,64,int,mul
4230,97,20,64,int,mul
4231,97,21,64,int,mul
4232,97,22,64,int,mul
4233,97,23,64,int,mul
4234,97,24,64,int,mul
4235,97,25,64,int,mul
4236,97,26,64,int,mul
4237,97,27,64,int,mul
4238,97,28,64,int,mul
4239,97,29,64,int,mul
4240,97,30,64,int,mul
4241,97,31,64,int,mul
4242,97,32,64,int,mul
4243,97,33,64,int,mul
4244,97,34,64,int,mul
4245,97,35,64,int,mul
4246,97,36,64,int,mul
4247,97,37,64,int,mul
4248,97,38,64,int,mul
4249,97,39,64,int,mul
4250,97,40,64,int,mul
4251,97,41,64,int,mul
4252,97,42,64,int,mul
4253,97,43,64,int,mul
4254,97,44,64,int,mul
4255,97,45,64,int,mul
4256,97,46,64,int,mul
4257,97,47,64,int,mul
4258,97,48,64,int,mul
4259,97,49,64,int,mul
4260,97,50,64,int,mul
4261,97,51,64,int,mul
4262,97,52,64,int,mul
4263,97,53,64,int,mul
4264,97,54,64,int,mul
4265,97,55,64,int,mul
4266,97,56,64,int,mul
4267,97,57,64,int,mul
4268,97,58,64,int,mul
4269,97,59,64,int,mul
4270,97,60,64,int,mul
4271,97,61,64,int,mul
4272,97,62,64,int,mul
4273,97,63,64,int,mul
4274,98,0,64,int,mul
4275,98,1,64,int,mul
4276,98,2,64,int,mul
4277,98,3,64,int,mul
4278,98,4,64,int,mul
4279,98,5,64,int,mul
4280,98,6,64,int,mul
4281,98,7,64,int,mul
4282,98,8,64,int,mul
4283,98,9,64,int,mul
4284,98,10,64,int,mul
4285,98,11,64,int,mul
4286,98,12,64,int,mul
4287,98,13,64,int,mul
4288,98,14,64,int,mul
4289,98,15,64,int,mul
4290,98,16,64,int,mul
4291,98,17,64,int,mul
4292,98,18,64,int,mul
4293,98,19,64,int,mul
4294,98,20,64,int,mul
4295,98,21,64,int,mul
4296,98,22,64,int,mul
4297,98,23,64,int,mul
4298,98,24,64,int,mul
4299,98,25,64,int,mul
4300,98,26,64,int,mul
4301,98,27,64,int,mul
4302,98,28,64,int,mul
4303,98,29,64,int,mul
4304,98,30,64,int,mul
4305,98,31,64,int,mul
4306,98,32,64,int,mul
4307,98,33,64,int,mul
4308,98,34,64,int,mul
4309,98,35,64,int,mul
4310,98,36,64,int,mul
4311,98,37,64,int,mul
4312,98,38,64,int,mul
4313,98,39,64,int,mul
4314,98,40,64,int,mul
4315,98,41,64,int,mul
4316,98,42,64,int,mul
4317,98,43,64,int,mul
4318,98,44,64,int,mul
4319,98,45,64,int,mul
4320,98,46,64,int,mul
4321,98,47,64,int,mul
4322,98,48,64,int,mul
4323,98,49,64,int,mul
4324,98,50,64,int,mul
4325,98,51,64,int,mul
4326,98,52,64,int,mul
4327,98,53,64,int,mul
4328,98,54,64,int,mul
4329,98,55,64,int,mul
4330,98,56,64,int,mul
4331,98,57,64,int,mul
4332,98,58,64,int,mul
4333,98,59,64,int,mul
4334,98,60,64,int,mul
4335,98,61,64,int,mul
4336,98,62,64,int,mul
4337,98,63,64,int,mul
4338,99,0,64,int,call
4339,99,1,64,int,call
4340,99,2,64,int,call
4341,99,3,64,int,call
4342,99,4,64,int,call
4343,99,5,64,int,call
4344,99,6,64,int,call
4345,99,7,64,int,call
4346,99,8,64,int,call
4347,99,9,64,int,call
4348,99,10,64,int,call
4349,99,11,64,int,call
4350,99,12,64,int,call
4351,99,13,64,int,call
4352,99,14,64,int,call
4353,99,15,64,int,call
4354,99,16,64,int,call
4355,99,17,64,int,call
4356,99,18,64,int,call
4357,99,19,64,int,call
4358,99,20,64,int,call
4359,99,21,64,int,call
4360,99,22,64,int,call
4361,99,23,64,int,call
4362,99,24,64,int,call
4363,99,25,64,int,call
4364,99,26,64,int,call
4365,99,27,64,int,call
4366,99,28,64,int,call
4367,99,29,64,int,call
4368,99,30,64,int,call
4369,99,31,64,int,call
4370,99,32,64,int,call
4371,99,33,64,int,call
4372,99,34,64,int,call
4373,99,35,64,int,call
4374,99,36,64,int,call
4375,99,37,64,int,call
4376,99,38,64,int,call
4377,99,39,64,int,call
4378,99,40,64,int,call
4379,99,41,64,int,call
4380,99,42,64,int,call
4381,99,43,64,int,call
4382,99,44,64,int,call
4383,99,45,64,int,call
4384,99,46,64,int,call
4385,99,47,64,int,call
4386,99,48,64,int,call
4387,99,49,64,int,call
4388,99,50,64,int,call
4389,99,51,64,int,call
4390,99,52,64,int,call
4391,99,53,64,int,call
4392,99,54,64,int,call
4393,99,55,64,int,call
4394,99,56,64,int,call
4395,99,57,64,int,call
4396,99,58,64,int,call
4397,99,59,64,int,call
4398,99,60,64,int,call
4399,99,61,64,int,call
4400,99,62,64,int,call
4401,99,63,64,int,call
4402,100,0,64,int,store
4403,100,1,64,int,store
4404,100,2,64,int,store
4405,100,3,64,int,store
4406,100,4,64,int,store
4407,100,5,64,int,store
4408,100,6,64,int,store
4409,100,7,64,int,store
4410,100,8,64,int,store
4411,100,9,64,int,store
4412,100,10,64,int,store
4413,100,11,64,int,store
4414,100,12,64,int,store
4415,100,13,64,int,store
4416,100,14,64,int,store
4417,100,15,64,int,store
4418,100,16,64,int,store
4419,100,17,64,int,store
4420,100,18,64,int,store
4421,100,19,64,int,store
4422,100,20,64,int,store
4423,100,21,64,int,store
4424,100,22,64,int,store
4425,100,23,64,int,store
4426,100,24,64,int,store
4427,100,25,64,int,store
4428,100,26,64,int,store
4429,100,27,64,int,store
4430,100,28,64,int,store
4431,100,29,64,int,store
4432,100,30,64,int,store
4433,100,31,64,int,store
4434,100,32,64,int,store
4435,100,33,64,int,store
4436,100,34,64,int,store
4437,100,35,64,int,store
4438,100,36,64,int,store
4439,100,37,64,int,store
4440,100,38,64,int,store
4441,100,39,64,int,store
4442,100,40,64,int,store
4443,100,41,64,int,store
4444,100,42,64,int,store
4445,100,43,64,int,store
4446,100,44,64,int,store
4447,100,45,64,int,store
4448,100,46,64,int,store
4449,100,47,64,int,store
4450,100,48,64,int,store
4451,100,49,64,int,store
4452,100,50,64,int,store
4453,100,51,64,int,store
4454,100,52,64,int,store
4455,100,53,64,int,store
4456,100,54,64,int,store
4457,100,55,64,int,store
4458,100,56,64,int,store
4459,100,57,64,int,store
4460,100,58,64,int,store
4461,100,59,64,int,store
4462,100,60,64,int,store
4463,100,61,64,int,store
4464,100,62,64,int,store
4465,100,63,64,int,store
4466,101,0,64,int,mul
4467,101,1,64,int,mul
4468,101,2,64,int,mul
4469,101,3,64,int,mul
4470,101,4,64,int,mul
4471,101,5,64,int,mul
4472,101,6,64,int,mul
4473,101,7,64,int,mul
4474,101,8,64,int,mul
4475,101,9,64,int,mul
4476,101,10,64,int,mul
4477,101,11,64,int,mul
4478,101,12,64,int,mul
4479,101,13,64,int,mul
4480,101,14,64,int,mul
4481,101,15,64,int,mul
4482,101,16,64,int,mul
4483,101,17,64,int,mul
4484,101,18,64,int,mul
4485,101,19,64,int,mul
4486,101,20,64,int,mul
4487,101,21,64,int,mul
4488,101,22,64,int,mul
4489,101,23,64,int,mul
4490,101,24,64,int,mul
4491,101,25,64,int,mul
4492,101,26,64,int,mul
4493,101,27,64,int,mul
4494,101,28,64,int,mul
4495,101,29,64,int,mul
4496,101,30,64,int,mul
4497,101,31,64,int,mul
4498,101,32,64,int,mul
4499,101,33,64,int,mul
4500,101,34,64,int,mul
4501,101,35,64,int,mul
4502,101,36,64,int,mul
4503,101,37,64,int,mul
4504,101,38,64,int,mul
4505,101,39,64,int,mul
4506,101,40,64,int,mul
4507,101,41,64,int,mul
4508,101,42,64,int,mul
4509,101,43,64,int,mul
4510,101,44,64,int,mul
4511,101,45,64,int,mul
4512,101,46,64,int,mul
4513,101,47,64,int,mul
4514,101,48,64,int,mul
4515,101,49,64,int,mul
4516,101,50,64,int,mul
4517,101,51,64,int,mul
4518,101,52,64,int,mul
4519,101,53,64,int,mul
4520,101,54,64,int,mul
4521,101,55,64,int,mul
4522,101,56,64,int,mul
4523,101,57,64,int,mul
4524,101,58,64,int,mul
4525,101,59,64,int,mul
4526,101,60,64,int,mul
4527,101,61,64,int,mul
4528,101,62,64,int,mul
4529,101,63,64,int,mul
4530,102,0,64,int,udiv
4531,102,1,64,int,udiv
4532,102,2,64,int,udiv
4533,102,3,64,int,udiv
4534,102,4,64,int,udiv
4535,102,5,64,int,udiv
4536,102,6,64,int,udiv
4537,102,7,64,int,udiv
4538,102,8,64,int,udiv
4539,102,9,64,int,udiv
4540,102,10,64,int,udiv
4541,102,11,64,int,udiv
4542,102,12,64,int,udiv
4543,102,13,64,int,udiv
4544,102,14,64,int,udiv
4545,102,15,64,int,udiv
4546,102,16,64,int,udiv
4547,102,17,64,int,udiv
4548,102,18,64,int,udiv
4549,102,19,64,int,udiv
4550,102,20,64,int,udiv
4551,102,21,64,int,udiv
4552,102,22,64,int,udiv
4553,102,23,64,int,udiv
4554,102,24,64,int,udiv
4555,102,25,64,int,udiv
4556,102,26,64,int,udiv
4557,102,27,64,int,udiv
4558,102,28,64,int,udiv
4559,102,29,64,int,udiv
4560,102,30,64,int,udiv
4561,102,31,64,int,udiv
4562,102,32,64,int,udiv
4563,102,33,64,int,udiv
4564,102,34,64,int,udiv
4565,102,35,64,int,udiv
4566,102,36,64,int,udiv
4567,102,37,64,int,udiv
4568,102,38,64,int,udiv
4569,102,39,64,int,udiv
4570,102,40,64,int,udiv
4571,102,41,64,int,udiv
4572,102,42,64,int,udiv
4573,102,43,64,int,udiv
4574,102,44,64,int,udiv
4575,102,45,64,int,udiv
4576,102,46,64,int,udiv
4577,102,47,64,int,udiv
4578,102,48,64,int,udiv
4579,102,49,64,int,udiv
4580,102,50,64,int,udiv
4581,102,51,64,int,udiv
4582,102,52,64,int,udiv
4583,102,53,64,int,udiv
4584,102,54,64,int,udiv
4585,102,55,64,int,udiv
4586,102,56,64,int,udiv
4587,102,57,64,int,udiv
4588,102,58,64,int,udiv
4589,102,59,64,int,udiv
4590,102,60,64,int,udiv
4591,102,61,64,int,udiv
4592,102,62,64,int,udiv
4593,102,63,64,int,udiv
4594,103,0,64,int,icmp
4595,103,1,64,int,icmp
4596,103,2,64,int,icmp
4597,103,3,64,int,icmp
4598,103,4,64,int,icmp
4599,103,5,64,int,icmp
4600,103,6,64,int,icmp
4601,103,7,64,int,icmp
4602,103,8,64,int,icmp
4603,103,9,64,int,icmp
4604,103,10,64,int,icmp
4605,103,11,64,int,icmp
4606,103,12,64,int,icmp
4607,103,13,64,int,icmp
4608,103,14,64,int,icmp
4609,103,15,64,int,icmp
4610,103,16,64,int,icmp
4611,103,17,64,int,icmp
4612,103,18,64,int,icmp
4613,103,19,64,int,icmp
4614,103,20,64,int,icmp
4615,103,21,64,int,icmp
4616,103,22,64,int,icmp
4617,103,23,64,int,icmp
4618,103,24,64,int,icmp
4619,103,25,64,int,icmp
4620,103,26,64,int,icmp
4621,103,27,64,int,icmp
4622,103,28,64,int,icmp
4623,103,29,64,int,icmp
4624,103,30,64,int,icmp
4625,103,31,64,int,icmp
4626,103,32,64,int,icmp
4627,103,33,64,int,icmp
4628,103,34,64,int,icmp
4629,103,35,64,int,icmp
4630,103,36,64,int,icmp
4631,103,37,64,int,icmp
4632,103,38,64,int,icmp
4633,103,39,64,int,icmp
4634,103,40,64,int,icmp
4635,103,41,64,int,icmp
4636,103,42,64,int,icmp
4637,103,43,64,int,icmp
4638,103,44,64,int,icmp
4639,103,45,64,int,icmp
4640,103,46,64,int,icmp
4641,103,47,64,int,icmp
4642,103,48,64,int,icmp
4643,103,49,64,int,icmp
4644,103,50,64,int,icmp
4645,103,51,64,int,icmp
4646,103,52,64,int,icmp
4647,103,53,64,int,icmp
4648,103,54,64,int,icmp
4649,103,55,64,int,icmp
4650,103,56,64,int,icmp
4651,103,57,64,int,icmp
4652,103,58,64,int,icmp
4653,103,59,64,int,icmp
4654,103,60,64,int,icmp
4655,103,61,64,int,icmp
4656,103,62,64,int,icmp
4657,103,63,64,int,icmp
4658,104,0,64,int,icmp
4659,104,1,64,int,icmp
4660,104,2,64,int,icmp
4661,104,3,64,int,icmp
4662,104,4,64,int,icmp
4663,104,5,64,int,icmp
4664,104,6,64,int,icmp
4665,104,7,64,int,icmp
4666,104,8,64,int,icmp
4667,104,9,64,int,icmp
4668,104,10,64,int,icmp
4669,104,11,64,int,icmp
4670,104,12,64,int,icmp
4671,104,13,64,int,icmp
4672,104,14,64,int,icmp
4673,104,15,64,int,icmp
4674,104,16,64,int,icmp
4675,104,17,64,int,icmp
4676,104,18,64,int,icmp
4677,104,19,64,int,icmp
4678,104,20,64,int,icmp
4679,104,21,64,int,icmp
4680,104,22,64,int,icmp
4681,104,23,64,int,icmp
4682,104,24,64,int,icmp
4683,104,25,64,int,icmp
4684,104,26,64,int,icmp
4685,104,27,64,int,icmp
4686,104,28,64,int,icmp
4687,104,29,64,int,icmp
4688,104,30,64,int,icmp
4689,104,31,64,int,icmp
4690,104,32,64,int,icmp
4691,104,33,64,int,icmp
4692,104,34,64,int,icmp
4693,104,35,64,int,icmp
4694,104,36,64,int,icmp
4695,104,37,64,int,icmp
4696,104,38,64,int,icmp
4697,104,39,64,int,icmp
4698,104,40,64,int,icmp
4699,104,41,64,int,icmp
4700,104,42,64,int,icmp
4701,104,43,64,int,icmp
4702,104,44,64,int,icmp
4703,104,45,64,int,icmp
4704,104,46,64,int,icmp
4705,104,47,64,int,icmp
4706,104,48,64,int,icmp
4707,104,49,64,int,icmp
4708,104,50,64,int,icmp
4709,104,51,64,int,icmp
4710,104,52,64,int,icmp
4711,104,53,64,int,icmp
4712,104,54,64,int,icmp
4713,104,55,64,int,icmp
4714,104,56,64,int,icmp
4715,104,57,64,int,icmp
4716,104,58,64,int,icmp
4717,104,59,64,int,icmp
4718,104,60,64,int,icmp
4719,104,61,64,int,icmp
4720,104,62,64,int,icmp
4721,104,63,64,int,icmp
4722,105,0,1,int,br
4723,106,0,64,int,shl
4724,106,1,64,int,shl
4725,106,2,64,int,shl
4726,106,3,64,int,shl
4727,106,4,64,int,shl
4728,106,5,64,int,shl
4729,106,6,64,int,shl
4730,106,7,64,int,shl
4731,106,8,64,int,shl
4732,106,9,64,int,shl
4733,106,10,64,int,shl
4734,106,11,64,int,shl
4735,106,12,64,int,shl
4736,106,13,64,int,shl
4737,106,14,64,int,shl
4738,106,15,64,int,shl
4739,106,16,64,int,shl
4740,106,17,64,int,shl
4741,106,18,64,int,shl
4742,106,19,64,int,shl
4743,106,20,64,int,shl
4744,106,21,64,int,shl
4745,106,22,64,int,shl
4746,106,23,64,int,shl
4747,106,24,64,int,shl
4748,106,25,64,int,shl
4749,106,26,64,int,shl
4750,106,27,64,int,shl
4751,106,28,64,int,shl
4752,106,29,64,int,shl
4753,106,30,64,int,shl
4754,106,31,64,int,shl
4755,106,32,64,int,shl
4756,106,33,64,int,shl
4757,106,34,64,int,shl
4758,106,35,64,int,shl
4759,106,36,64,int,shl
4760,106,37,64,int,shl
4761,106,38,64,int,shl
4762,106,39,64,int,shl
4763,106,40,64,int,shl
4764,106,41,64,int,shl
4765,106,42,64,int,shl
4766,106,43,64,int,shl
4767,106,44,64,int,shl
4768,106,45,64,int,shl
4769,106,46,64,int,shl
4770,106,47,64,int,shl
4771,106,48,64,int,shl
4772,106,49,64,int,shl
4773,106,50,64,int,shl
4774,106,51,64,int,shl
4775,106,52,64,int,shl
4776,106,53,64,int,shl
4777,106,54,64,int,shl
4778,106,55,64,int,shl
4779,106,56,64,int,shl
4780,106,57,64,int,shl
4781,106,58,64,int,shl
4782,106,59,64,int,shl
4783,106,60,64,int,shl
4784,106,61,64,int,shl
4785,106,62,64,int,shl
4786,106,63,64,int,shl
4787,107,0,64,int,icmp
4788,107,1,64,int,icmp
4789,107,2,64,int,icmp
4790,107,3,64,int,icmp
4791,107,4,64,int,icmp
4792,107,5,64,int,icmp
4793,107,6,64,int,icmp
4794,107,7,64,int,icmp
4795,107,8,64,int,icmp
4796,107,9,64,int,icmp
4797,107,10,64,int,icmp
4798,107,11,64,int,icmp
4799,107,12,64,int,icmp
4800,107,13,64,int,icmp
4801,107,14,64,int,icmp
4802,107,15,64,int,icmp
4803,107,16,64,int,icmp
4804,107,17,64,int,icmp
4805,107,18,64,int,icmp
4806,107,19,64,int,icmp
4807,107,20,64,int,icmp
4808,107,21,64,int,icmp
4809,107,22,64,int,icmp
4810,107,23,64,int,icmp
4811,107,24,64,int,icmp
4812,107,25,64,int,icmp
4813,107,26,64,int,icmp
4814,107,27,64,int,icmp
4815,107,28,64,int,icmp
4816,107,29,64,int,icmp
4817,107,30,64,int,icmp
4818,107,31,64,int,icmp
4819,107,32,64,int,icmp
4820,107,33,64,int,icmp
4821,107,34,64,int,icmp
4822,107,35,64,int,icmp
4823,107,36,64,int,icmp
4824,107,37,64,int,icmp
4825,107,38,64,int,icmp
4826,107,39,64,int,icmp
4827,107,40,64,int,icmp
4828,107,41,64,int,icmp
4829,107,42,64,int,icmp
4830,107,43,64,int,icmp
4831,107,44,64,int,icmp
4832,107,45,64,int,icmp
4833,107,46,64,int,icmp
4834,107,47,64,int,icmp
4835,107,48,64,int,icmp
4836,107,49,64,int,icmp
4837,107,50,64,int,icmp
4838,107,51,64,int,icmp
4839,107,52,64,int,icmp
4840,107,53,64,int,icmp
4841,107,54,64,int,icmp
4842,107,55,64,int,icmp
4843,107,56,64,int,icmp
4844,107,57,64,int,icmp
4845,107,58,64,int,icmp
4846,107,59,64,int,icmp
4847,107,60,64,int,icmp
4848,107,61,64,int,icmp
4849,107,62,64,int,icmp
4850,107,63,64,int,icmp
4851,108,0,1,int,zext
4852,109,0,1,int,select
4853,110,0,64,int,xor
4854,110,1,64,int,xor
4855,110,2,64,int,xor
4856,110,3,64,int,xor
4857,110,4,64,int,xor
4858,110,5,64,int,xor
4859,110,6,64,int,xor
4860,110,7,64,int,xor
4861,110,8,64,int,xor
4862,110,9,64,int,xor
4863,110,10,64,int,xor
4864,110,11,64,int,xor
4865,110,12,64,int,xor
4866,110,13,64,int,xor
4867,110,14,64,int,xor
4868,110,15,64,int,xor
4869,110,16,64,int,xor
4870,110,17,64,int,xor
4871,110,18,64,int,xor
4872,110,19,64,int,xor
4873,110,20,64,int,xor
4874,110,21,64,int,xor
4875,110,22,64,int,xor
4876,110,23,64,int,xor
4877,110,24,64,int,xor
4878,110,25,64,int,xor
4879,110,26,64,int,xor
4880,110,27,64,int,xor
4881,110,28,64,int,xor
4882,110,29,64,int,xor
4883,110,30,64,int,xor
4884,110,31,64,int,xor
4885,110,32,64,int,xor
4886,110,33,64,int,xor
4887,110,34,64,int,xor
4888,110,35,64,int,xor
4889,110,36,64,int,xor
4890,110,37,64,int,xor
4891,110,38,64,int,xor
4892,110,39,64,int,xor
4893,110,40,64,int,xor
4894,110,41,64,int,xor
4895,110,42,64,int,xor
4896,110,43,64,int,xor
4897,110,44,64,int,xor
4898,110,45,64,int,xor
4899,110,46,64,int,xor
4900,110,47,64,int,xor
4901,110,48,64,int,xor
4902,110,49,64,int,xor
4903,110,50,64,int,xor
4904,110,51,64,int,xor
4905,110,52,64,int,xor
4906,110,53,64,int,xor
4907,110,54,64,int,xor
4908,110,55,64,int,xor
4909,110,56,64,int,xor
4910,110,57,64,int,xor
4911,110,58,64,int,xor
4912,110,59,64,int,xor
4913,110,60,64,int,xor
4914,110,61,64,int,xor
4915,110,62,64,int,xor
4916,110,63,64,int,xor
4917,111,0,64,int,xor
4918,111,1,64,int,xor
4919,111,2,64,int,xor
4920,111,3,64,int,xor
4921,111,4,64,int,xor
4922,111,5,64,int,xor
4923,111,6,64,int,xor
4924,111,7,64,int,xor
4925,111,8,64,int,xor
4926,111,9,64,int,xor
4927,111,10,64,int,xor
4928,111,11,64,int,xor
4929,111,12,64,int,xor
4930,111,13,64,int,xor
4931,111,14,64,int,xor
4932,111,15,64,int,xor
4933,111,16,64,int,xor
4934,111,17,64,int,xor
4935,111,18,64,int,xor
4936,111,19,64,int,xor
4937,111,20,64,int,xor
4938,111,21,64,int,xor
4939,111,22,64,int,xor
4940,111,23,64,int,xor
4941,111,24,64,int,xor
4942,111,25,64,int,xor
4943,111,26,64,int,xor
4944,111,27,64,int,xor
4945,111,28,64,int,xor
4946,111,29,64,int,xor
4947,111,30,64,int,xor
4948,111,31,64,int,xor
4949,111,32,64,int,xor
4950,111,33,64,int,xor
4951,111,34,64,int,xor
4952,111,35,64,int,xor
4953,111,36,64,int,xor
4954,111,37,64,int,xor
4955,111,38,64,int,xor
4956,111,39,64,int,xor
4957,111,40,64,int,xor
4958,111,41,64,int,xor
4959,111,42,64,int,xor
4960,111,43,64,int,xor
4961,111,44,64,int,xor
4962,111,45,64,int,xor
4963,111,46,64,int,xor
4964,111,47,64,int,xor
4965,111,48,64,int,xor
4966,111,49,64,int,xor
4967,111,50,64,int,xor
4968,111,51,64,int,xor
4969,111,52,64,int,xor
4970,111,53,64,int,xor
4971,111,54,64,int,xor
4972,111,55,64,int,xor
4973,111,56,64,int,xor
4974,111,57,64,int,xor
4975,111,58,64,int,xor
4976,111,59,64,int,xor
4977,111,60,64,int,xor
4978,111,61,64,int,xor
4979,111,62,64,int,xor
4980,111,63,64,int,xor
4981,112,0,64,int,store
4982,112,1,64,int,store
4983,112,2,64,int,store
4984,112,3,64,int,store
4985,112,4,64,int,store
4986,112,5,64,int,store
4987,112,6,64,int,store
4988,112,7,64,int,store
4989,112,8,64,int,store
4990,112,9,64,int,store
4991,112,10,64,int,store
4992,112,11,64,int,store
4993,112,12,64,int,store
4994,112,13,64,int,store
4995,112,14,64,int,store
4996,112,15,64,int,store
4997,112,16,64,int,store
4998,112,17,64,int,store
4999,112,18,64,int,store
5000,112,19,64,int,store
5001,112,20,64,int,store
5002,112,21,64,int,store
5003,112,22,64,int,store
5004,112,23,64,int,store
5005,112,24,64,int,store
5006,112,25,64,int,store
5007,112,26,64,int,store
5008,112,27,64,int,store
5009,112,28,64,int,store
5010,112,29,64,int,store
5011,112,30,64,int,store
5012,112,31,64,int,store
5013,112,32,64,int,store
5014,112,33,64,int,store
5015,112,34,64,int,store
5016,112,35,64,int,store
5017,112,36,64,int,store
5018,112,37,64,int,store
5019,112,38,64,int,store
5020,112,39,64,int,store
5021,112,40,64,int,store
5022,112,41,64,int,store
5023,112,42,64,int,store
5024,112,43,64,int,store
5025,112,44,64,int,store
5026,112,45,64,int,store
5027,112,46,64,int,store
5028,112,47,64,int,store
5029,112,48,64,int,store
5030,112,49,64,int,store
5031,112,50,64,int,store
5032,112,51,64,int,store
5033,112,52,64,int,store
5034,112,53,64,int,store
5035,112,54,64,int,store
5036,112,55,64,int,store
5037,112,56,64,int,store
5038,112,57,64,int,store
5039,112,58,64,int,store
5040,112,59,64,int,store
5041,112,60,64,int,store
5042,112,61,64,int,store
5043,112,62,64,int,store
5044,112,63,64,int,store
5045,113,0,64,int,sub
5046,113,1,64,int,sub
5047,113,2,64,int,sub
5048,113,3,64,int,sub
5049,113,4,64,int,sub
5050,113,5,64,int,sub
5051,113,6,64,int,sub
5052,113,7,64,int,sub
5053,113,8,64,int,sub
5054,113,9,64,int,sub
5055,113,10,64,int,sub
5056,113,11,64,int,sub
5057,113,12,64,int,sub
5058,113,13,64,int,sub
5059,113,14,64,int,sub
5060,113,15,64,int,sub
5061,113,16,64,int,sub
5062,113,17,64,int,sub
5063,113,18,64,int,sub
5064,113,19,64,int,sub
5065,113,20,64,int,sub
5066,113,21,64,int,sub
5067,113,22,64,int,sub
5068,113,23,64,int,sub
5069,113,24,64,int,sub
5070,113,25,64,int,sub
5071,113,26,64,int,sub
5072,113,27,64,int,sub
5073,113,28,64,int,sub
5074,113,29,64,int,sub
5075,113,30,64,int,sub
5076,113,31,64,int,sub
5077,113,32,64,int,sub
5078,113,33,64,int,sub
5079,113,34,64,int,sub
5080,113,35,64,int,sub
5081,113,36,64,int,sub
5082,113,37,64,int,sub
5083,113,38,64,int,sub
5084,113,39,64,int,sub
5085,113,40,64,int,sub
5086,113,41,64,int,sub
5087,113,42,64,int,sub
5088,113,43,64,int,sub
5089,113,44,64,int,sub
5090,113,45,64,int,sub
5091,113,46,64,int,sub
5092,113,47,64,int,sub
5093,113,48,64,int,sub
5094,113,49,64,int,sub
5095,113,50,64,int,sub
5096,113,51,64,int,sub
5097,113,52,64,int,sub
5098,113,53,64,int,sub
5099,113,54,64,int,sub
5100,113,55,64,int,sub
5101,113,56,64,int,sub
5102,113,57,64,int,sub
5103,113,58,64,int,sub
5104,113,59,64,int,sub
5105,113,60,64,int,sub
5106,113,61,64,int,sub
5107,113,62,64,int,sub
5108,113,63,64,int,sub
5109,114,0,64,int,and
5110,114,1,64,int,and
5111,114,2,64,int,and
5112,114,3,64,int,and
5113,114,4,64,int,and
5114,114,5,64,int,and
5115,114,6,64,int,and
5116,114,7,64,int,and
5117,114,8,64,int,and
5118,114,9,64,int,and
5119,114,10,64,int,and
5120,114,11,64,int,and
5121,114,12,64,int,and
5122,114,13,64,int,and
5123,114,14,64,int,and
5124,114,15,64,int,and
5125,114,16,64,int,and
5126,114,17,64,int,and
5127,114,18,64,int,and
5128,114,19,64,int,and
5129,114,20,64,int,and
5130,114,21,64,int,and
5131,114,22,64,int,and
5132,114,23,64,int,and
5133,114,24,64,int,and
5134,114,25,64,int,and
5135,114,26,64,int,and
5136,114,27,64,int,and
5137,114,28,64,int,and
5138,114,29,64,int,and
5139,114,30,64,int,and
5140,114,31,64,int,and
5141,114,32,64,int,and
5142,114,33,64,int,and
5143,114,34,64,int,and
5144,114,35,64,int,and
5145,114,36,64,int,and
5146,114,37,64,int,and
5147,114,38,64,int,and
5148,114,39,64,int,and
5149,114,40,64,int,and
5150,114,41,64,int,and
5151,114,42,64,int,and
5152,114,43,64,int,and
5153,114,44,64,int,and
5154,114,45,64,int,and
5155,114,46,64,int,and
5156,114,47,64,int,and
5157,114,48,64,int,and
5158,114,49,64,int,and
5159,114,50,64,int,and
5160,114,51,64,int,and
5161,114,52,64,int,and
5162,114,53,64,int,and
5163,114,54,64,int,and
5164,114,55,64,int,and
5165,114,56,64,int,and
5166,114,57,64,int,and
5167,114,58,64,int,and
5168,114,59,64,int,and
5169,114,60,64,int,and
5170,114,61,64,int,and
5171,114,62,64,int,and
5172,114,63,64,int,and
5173,115,0,64,int,and
5174,115,1,64,int,and
5175,115,2,64,int,and
5176,115,3,64,int,and
5177,115,4,64,int,and
5178,115,5,64,int,and
5179,115,6,64,int,and
5180,115,7,64,int,and
5181,115,8,64,int,and
5182,115,9,64,int,and
5183,115,10,64,int,and
5184,115,11,64,int,and
5185,115,12,64,int,and
5186,115,13,64,int,and
5187,115,14,64,int,and
5188,115,15,64,int,and
5189,115,16,64,int,and
5190,115,17,64,int,and
5191,115,18,64,int,and
5192,115,19,64,int,and
5193,115,20,64,int,and
5194,115,21,64,int,and
5195,115,22,64,int,and
5196,115,23,64,int,and
5197,115,24,64,int,and
5198,115,25,64,int,and
5199,115,26,64,int,and
5200,115,27,64,int,and
5201,115,28,64,int,and
5202,115,29,64,int,and
5203,115,30,64,int,and
5204,115,31,64,int,and
5205,115,32,64,int,and
5206,115,33,64,int,and
5207,115,34,64,int,and
5208,115,35,64,int,and
5209,115,36,64,int,and
5210,115,37,64,int,and
5211,115,38,64,int,and
5212,115,39,64,int,and
5213,115,40,64,int,and
5214,115,41,64,int,and
5215,115,42,64,int,and
5216,115,43,64,int,and
5217,115,44,64,int,and
5218,115,45,64,int,and
5219,115,46,64,int,and
5220,115,47,64,int,and
5221,115,48,64,int,and
5222,115,49,64,int,and
5223,115,50,64,int,and
5224,115,51,64,int,and
5225,115,52,64,int,and
5226,115,53,64,int,and
5227,115,54,64,int,and
5228,115,55,64,int,and
5229,115,56,64,int,and
5230,115,57,64,int,and
5231,115,58,64,int,and
5232,115,59,64,int,and
5233,115,60,64,int,and
5234,115,61,64,int,and
5235,115,62,64,int,and
5236,115,63,64,int,and
5237,116,0,64,int,getelementptr
5238,116,1,64,int,getelementptr
5239,116,2,64,int,getelementptr
5240,116,3,64,int,getelementptr
5241,116,4,64,int,getelementptr
5242,116,5,64,int,getelementptr
5243,116,6,64,int,getelementptr
5244,116,7,64,int,getelementptr
5245,116,8,64,int,getelementptr
5246,116,9,64,int,getelementptr
5247,116,10,64,int,getelementptr
5248,116,11,64,int,getelementptr
5249,116,12,64,int,getelementptr
5250,116,13,64,int,getelementptr
5251,116,14,64,int,getelementptr
5252,116,15,64,int,getelementptr
5253,116,16,64,int,getelementptr
5254,116,17,64,int,getelementptr
5255,116,18,64,int,getelementptr
5256,116,19,64,int,getelementptr
5257,116,20,64,int,getelementptr
5258,116,21,64,int,getelementptr
5259,116,22,64,int,getelementptr
5260,116,23,64,int,getelementptr
5261,116,24,64,int,getelementptr
5262,116,25,64,int,getelementptr
5263,116,26,64,int,getelementptr
5264,116,27,64,int,getelementptr
5265,116,28,64,int,getelementptr
5266,116,29,64,int,getelementptr
5267,116,30,64,int,getelementptr
5268,116,31,64,int,getelementptr
5269,116,32,64,int,getelementptr
5270,116,33,64,int,getelementptr
5271,116,34,64,int,getelementptr
5272,116,35,64,int,getelementptr
5273,116,36,64,int,getelementptr
5274,116,37,64,int,getelementptr
5275,116,38,64,int,getelementptr
5276,116,39,64,int,getelementptr
5277,116,40,64,int,getelementptr
5278,116,41,64,int,getelementptr
5279,116,42,64,int,getelementptr
5280,116,43,64,int,getelementptr
5281,116,44,64,int,getelementptr
5282,116,45,64,int,getelementptr
5283,116,46,64,int,getelementptr
5284,116,47,64,int,getelementptr
5285,116,48,64,int,getelementptr
5286,116,49,64,int,getelementptr
5287,116,50,64,int,getelementptr
5288,116,51,64,int,getelementptr
5289,116,52,64,int,getelementptr
5290,116,53,64,int,getelementptr
5291,116,54,64,int,getelementptr
5292,116,55,64,int,getelementptr
5293,116,56,64,int,getelementptr
5294,116,57,64,int,getelementptr
5295,116,58,64,int,getelementptr
5296,116,59,64,int,getelementptr
5297,116,60,64,int,getelementptr
5298,116,61,64,int,getelementptr
5299,116,62,64,int,getelementptr
5300,116,63,64,int,getelementptr
5301,117,0,64,int,call
5302,117,1,64,int,call
5303,117,2,64,int,call
5304,117,3,64,int,call
5305,117,4,64,int,call
5306,117,5,64,int,call
5307,117,6,64,int,call
5308,117,7,64,int,call
5309,117,8,64,int,call
5310,117,9,64,int,call
5311,117,10,64,int,call
5312,117,11,64,int,call
5313,117,12,64,int,call
5314,117,13,64,int,call
5315,117,14,64,int,call
5316,117,15,64,int,call
5317,117,16,64,int,call
5318,117,17,64,int,call
5319,117,18,64,int,call
5320,117,19,64,int,call
5321,117,20,64,int,call
5322,117,21,64,int,call
5323,117,22,64,int,call
5324,117,23,64,int,call
5325,117,24,64,int,call
5326,117,25,64,int,call
5327,117,26,64,int,call
5328,117,27,64,int,call
5329,117,28,64,int,call
5330,117,29,64,int,call
5331,117,30,64,int,call
5332,117,31,64,int,call
5333,117,32,64,int,call
5334,117,33,64,int,call
5335,117,34,64,int,call
5336,117,35,64,int,call
5337,117,36,64,int,call
5338,117,37,64,int,call
5339,117,38,64,int,call
5340,117,39,64,int,call
5341,117,40,64,int,call
5342,117,41,64,int,call
5343,117,42,64,int,call
5344,117,43,64,int,call
5345,117,44,64,int,call
5346,117,45,64,int,call
5347,117,46,64,int,call
5348,117,47,64,int,call
5349,117,48,64,int,call
5350,117,49,64,int,call
5351,117,50,64,int,call
5352,117,51,64,int,call
5353,117,52,64,int,call
5354,117,53,64,int,call
5355,117,54,64,int,call
5356,117,55,64,int,call
5357,117,56,64,int,call
5358,117,57,64,int,call
5359,117,58,64,int,call
5360,117,59,64,int,call
5361,117,60,64,int,call
5362,117,61,64,int,call
5363,117,62,64,int,call
5364,117,63,64,int,call
5365,118,0,64,int,add
5366,118,1,64,int,add
5367,118,2,64,int,add
5368,118,3,64,int,add
5369,118,4,64,int,add
5370,118,5,64,int,add
5371,118,6,64,int,add
5372,118,7,64,int,add
5373,118,8,64,int,add
5374,118,9,64,int,add
5375,118,10,64,int,add
5376,118,11,64,int,add
5377,118,12,64,int,add
5378,118,13,64,int,add
5379,118,14,64,int,add
5380,118,15,64,int,add
5381,118,16,64,int,add
5382,118,17,64,int,add
5383,118,18,64,int,add
5384,118,19,64,int,add
5385,118,20,64,int,add
5386,118,21,64,int,add
5387,118,22,64,int,add
5388,118,23,64,int,add
5389,118,24,64,int,add
5390,118,25,64,int,add
5391,118,26,64,int,add
5392,118,27,64,int,add
5393,118,28,64,int,add
5394,118,29,64,int,add
5395,118,30,64,int,add
5396,118,31,64,int,add
5397,118,32,64,int,add
5398,118,33,64,int,add
5399,118,34,64,int,add
5400,118,35,64,int,add
5401,118,36,64,int,add
5402,118,37,64,int,add
5403,118,38,64,int,add
5404,118,39,64,int,add
5405,118,40,64,int,add
5406,118,41,64,int,add
5407,118,42,64,int,add
5408,118,43,64,int,add
5409,118,44,64,int,add
5410,118,45,64,int,add
5411,118,46,64,int,add
5412,118,47,64,int,add
5413,118,48,64,int,add
5414,118,49,64,int,add
5415,118,50,64,int,add
5416,118,51,64,int,add
5417,118,52,64,int,add
5418,118,53,64,int,add
5419,118,54,64,int,add
5420,118,55,64,int,add
5421,118,56,64,int,add
5422,118,57,64,int,add
5423,118,58,64,int,add
5424,118,59,64,int,add
5425,118,60,64,int,add
5426,118,61,64,int,add
5427,118,62,64,int,add
5428,118,63,64,int,add
5429,119,0,64,int,store
5430,119,1,64,int,store
5431,119,2,64,int,store
5432,119,3,64,int,store
5433,119,4,64,int,store
5434,119,5,64,int,store
5435,119,6,64,int,store
5436,119,7,64,int,store
5437,119,8,64,int,store
5438,119,9,64,int,store
5439,119,10,64,int,store
5440,119,11,64,int,store
5441,119,12,64,int,store
5442,119,13,64,int,store
5443,119,14,64,int,store
5444,119,15,64,int,store
5445,119,16,64,int,store
5446,119,17,64,int,store
5447,119,18,64,int,store
5448,119,19,64,int,store
5449,119,20,64,int,store
5450,119,21,64,int,store
5451,119,22,64,int,store
5452,119,23,64,int,store
5453,119,24,64,int,store
5454,119,25,64,int,store
5455,119,26,64,int,store
5456,119,27,64,int,store
5457,119,28,64,int,store
5458,119,29,64,int,store
5459,119,30,64,int,store
5460,119,31,64,int,store
5461,119,32,64,int,store
5462,119,33,64,int,store
5463,119,34,64,int,store
5464,119,35,64,int,store
5465,119,36,64,int,store
5466,119,37,64,int,store
5467,119,38,64,int,store
5468,119,39,64,int,store
5469,119,40,64,int,store
5470,119,41,64,int,store
5471,119,42,64,int,store
5472,119,43,64,int,store
5473,119,44,64,int,store
5474,119,45,64,int,store
5475,119,46,64,int,store
5476,119,47,64,int,store
5477,119,48,64,int,store
5478,119,49,64,int,store
5479,119,50,64,int,store
5480,119,51,64,int,store
5481,119,52,64,int,store
5482,119,53,64,int,store
5483,119,54,64,int,store
5484,119,55,64,int,store
5485,119,56,64,int,store
5486,119,57,64,int,store
5487,119,58,64,int,store
5488,119,59,64,int,store
5489,119,60,64,int,store
5490,119,61,64,int,store
5491,119,62,64,int,store
5492,119,63,64,int,store
5493,120,0,64,int,store
5494,120,1,64,int,store
5495,120,2,64,int,store
5496,120,3,64,int,store
5497,120,4,64,int,store
5498,120,5,64,int,store
5499,120,6,64,int,store
5500,120,7,64,int,store
5501,120,8,64,int,store
5502,120,9,64,int,store
5503,120,10,64,int,store
5504,120,11,64,int,store
5505,120,12,64,int,store
5506,120,13,64,int,store
5507,120,14,64,int,store
5508,120,15,64,int,store
5509,120,16,64,int,store
5510,120,17,64,int,store
5511,120,18,64,int,store
5512,120,19,64,int,store
5513,120,20,64,int,store
5514,120,21,64,int,store
5515,120,22,64,int,store
5516,120,23,64,int,store
5517,120,24,64,int,store
5518,120,25,64,int,store
5519,120,26,64,int,store
5520,120,27,64,int,store
5521,120,28,64,int,store
5522,120,29,64,int,store
5523,120,30,64,int,store
5524,120,31,64,int,store
5525,120,32,64,int,store
5526,120,33,64,int,store
5527,120,34,64,int,store
5528,120,35,64,int,store
5529,120,36,64,int,store
5530,120,37,64,int,store
5531,120,38,64,int,store
5532,120,39,64,int,store
5533,120,40,64,int,store
5534,120,41,64,int,store
5535,120,42,64,int,store
5536,120,43,64,int,store
5537,120,44,64,int,store
5538,120,45,64,int,store
5539,120,46,64,int,store
5540,120,47,64,int,store
5541,120,48,64,int,store
5542,120,49,64,int,store
5543,120,50,64,int,store
5544,120,51,64,int,store
5545,120,52,64,int,store
5546,120,53,64,int,store
5547,120,54,64,int,store
5548,120,55,64,int,store
5549,120,56,64,int,store
5550,120,57,64,int,store
5551,120,58,64,int,store
5552,120,59,64,int,store
5553,120,60,64,int,store
5554,120,61,64,int,store
5555,120,62,64,int,store
5556,120,63,64,int,store
5557,121,0,64,int,store
5558,121,1,64,int,store
5559,121,2,64,int,store
5560,121,3,64,int,store
5561,121,4,64,int,store
5562,121,5,64,int,store
5563,121,6,64,int,store
5564,121,7,64,int,store
5565,121,8,64,int,store
5566,121,9,64,int,store
5567,121,10,64,int,store
5568,121,11,64,int,store
5569,121,12,64,int,store
5570,121,13,64,int,store
5571,121,14,64,int,store
5572,121,15,64,int,store
5573,121,16,64,int,store
5574,121,17,64,int,store
5575,121,18,64,int,store
5576,121,19,64,int,store
5577,121,20,64,int,store
5578,121,21,64,int,store
5579,121,22,64,int,store
5580,121,23,64,int,store
5581,121,24,64,int,store
5582,121,25,64,int,store
5583,121,26,64,int,store
5584,121,27,64,int,store
5585,121,28,64,int,store
5586,121,29,64,int,store
5587,121,30,64,int,store
5588,121,31,64,int,store
5589,121,32,64,int,store
5590,121,33,64,int,store
5591,121,34,64,int,store
5592,121,35,64,int,store
5593,121,36,64,int,store
5594,121,37,64,int,store
5595,121,38,64,int,store
5596,121,39,64,int,store
5597,121,40,64,int,store
5598,121,41,64,int,store
5599,121,42,64,int,store
5600,121,43,64,int,store
5601,121,44,64,int,store
5602,121,45,64,int,store
5603,121,46,64,int,store
5604,121,47,64,int,store
5605,121,48,64,int,store
5606,121,49,64,int,store
5607,121,50,64,int,store
5608,121,51,64,int,store
5609,121,52,64,int,store
5610,121,53,64,int,store
5611,121,54,64,int,store
5612,121,55,64,int,store
5613,121,56,64,int,store
5614,121,57,64,int,store
5615,121,58,64,int,store
5616,121,59,64,int,store
5617,121,60,64,int,store
5618,121,61,64,int,store
5619,121,62,64,int,store
5620,121,63,64,int,store
5621,122,0,64,int,atomicrmw
5622,122,1,64,int,atomicrmw
5623,122,2,64,int,atomicrmw
5624,122,3,64,int,atomicrmw
5625,122,4,64,int,atomicrmw
5626,122,5,64,int,atomicrmw
5627,122,6,64,int,atomicrmw
5628,122,7,64,int,atomicrmw
5629,122,8,64,int,atomicrmw
5630,122,9,64,int,atomicrmw
5631,122,10,64,int,atomicrmw
5632,122,11,64,int,atomicrmw
5633,122,12,64,int,atomicrmw
5634,122,13,64,int,atomicrmw
5635,122,14,64,int,atomicrmw
5636,122,15,64,int,atomicrmw
5637,122,16,64,int,atomicrmw
5638,122,17,64,int,atomicrmw
5639,122,18,64,int,atomicrmw
5640,122,19,64,int,atomicrmw
5641,122,20,64,int,atomicrmw
5642,122,21,64,int,atomicrmw
5643,122,22,64,int,atomicrmw
5644,122,23,64,int,atomicrmw
5645,122,24,64,int,atomicrmw
5646,122,25,64,int,atomicrmw
5647,122,26,64,int,atomicrmw
5648,122,27,64,int,atomicrmw
5649,122,28,64,int,atomicrmw
5650,122,29,64,int,atomicrmw
5651,122,30,64,int,atomicrmw
5652,122,31,64,int,atomicrmw
5653,122,32,64,int,atomicrmw
5654,122,33,64,int,atomicrmw
5655,122,34,64,int,atomicrmw
5656,122,35,64,int,atomicrmw
5657,122,36,64,int,atomicrmw
5658,122,37,64,int,atomicrmw
5659,122,38,64,int,atomicrmw
5660,122,39,64,int,atomicrmw
5661,122,40,64,int,atomicrmw
5662,122,41,64,int,atomicrmw
5663,122,42,64,int,atomicrmw
5664,122,43,64,int,atomicrmw
5665,122,44,64,int,atomicrmw
5666,122,45,64,int,atomicrmw
5667,122,46,64,int,atomicrmw
5668,122,47,64,int,atomicrmw
5669,122,48,64,int,atomicrmw
5670,122,49,64,int,atomicrmw
5671,122,50,64,int,atomicrmw
5672,122,51,64,int,atomicrmw
5673,122,52,64,int,atomicrmw
5674,122,53,64,int,atomicrmw
5675,122,54,64,int,atomicrmw
5676,122,55,64,int,atomicrmw
5677,122,56,64,int,atomicrmw
5678,122,57,64,int,atomicrmw
5679,122,58,64,int,atomicrmw
5680,122,59,64,int,atomicrmw
5681,122,60,64,int,atomicrmw
5682,122,61,64,int,atomicrmw
5683,122,62,64,int,atomicrmw
5684,122,63,64,int,atomicrmw
5685,123,0,64,int,ret
5686,123,1,64,int,ret
5687,123,2,64,int,ret
5688,123,3,64,int,ret
5689,123,4,64,int,ret
5690,123,5,64,int,ret
5691,123,6,64,int,ret
5692,123,7,64,int,ret
5693,123,8,64,int,ret
5694,123,9,64,int,ret
5695,123,10,64,int,ret
5696,123,11,64,int,ret
5697,123,12,64,int,ret
5698,123,13,64,int,ret
5699,123,14,64,int,ret
5700,123,15,64,int,ret
5701,123,16,64,int,ret
5702,123,17,64,int,ret
5703,123,18,64,int,ret
5704,123,19,64,int,ret
5705,123,20,64,int,ret
5706,123,21,64,int,ret
5707,123,22,64,int,ret
5708,123,23,64,int,ret
5709,123,24,64,int,ret
5710,123,25,64,int,ret
5711,123,26,64,int,ret
5712,123,27,64,int,ret
5713,123,28,64,int,ret
5714,123,29,64,int,ret
5715,123,30,64,int,ret
5716,123,31,64,int,ret
5717,123,32,64,int,ret
5718,123,33,64,int,ret
5719,123,34,64,int,ret
5720,123,35,64,int,ret
5721,123,36,64,int,ret
5722,123,37,64,int,ret
5723,123,38,64,int,ret
5724,123,39,64,int,ret
5725,123,40,64,int,ret
5726,123,41,64,int,ret
5727,123,42,64,int,ret
5728,123,43,64,int,ret
5729,123,44,64,int,ret
5730,123,45,64,int,ret
5731,123,46,64,int,ret
5732,123,47,64,int,ret
5733,123,48,64,int,ret
5734,123,49,64,int,ret
5735,123,50,64,int,ret
5736,123,51,64,int,ret
5737,123,52,64,int,ret
5738,123,53,64,int,ret
5739,123,54,64,int,ret
5740,123,55,64,int,ret
5741,123,56,64,int,ret
5742,123,57,64,int,ret
5743,123,58,64,int,ret
5744,123,59,64,int,ret
5745,123,60,64,int,ret
5746,123,61,64,int,ret
5747,123,62,64,int,ret
5748,123,63,64,int,ret
