site_id,site_class,opcode,type_kind,bitwidth,operand_index,function,source_file,source_line,source_column,signature_ordinal,semantic_key
1,pointer,call,ptr,64,0,__cxa_pure_virtual,/opt/rocm-6.4.2/lib/llvm/lib/clang/19/include/__clang_hip_runtime_wrapper.h,38,5,1,__cxa_pure_virtual|pointer|call|ptr|64|0|/opt/rocm-6.4.2/lib/llvm/lib/clang/19/include/__clang_hip_runtime_wrapper.h|38|5|1
2,pointer,call,ptr,64,0,__cxa_deleted_virtual,/opt/rocm-6.4.2/lib/llvm/lib/clang/19/include/__clang_hip_runtime_wrapper.h,44,5,1,__cxa_deleted_virtual|pointer|call|ptr|64|0|/opt/rocm-6.4.2/lib/llvm/lib/clang/19/include/__clang_hip_runtime_wrapper.h|44|5|1
3,pointer,alloca,ptr,32,-1,__assert_fail,/opt/rocm-6.4.2/include/hip/amd_detail/hip_assert.h,0,0,1,__assert_fail|pointer|alloca|ptr|32|-1|/opt/rocm-6.4.2/include/hip/amd_detail/hip_assert.h|0|0|1
4,operand,alloca,int,32,0,__assert_fail,/opt/rocm-6.4.2/include/hip/amd_detail/hip_assert.h,0,0,1,__assert_fail|operand|alloca|int|32|0|/opt/rocm-6.4.2/include/hip/amd_detail/hip_assert.h|0|0|1
5,pointer,alloca,ptr,32,-1,__assert_fail,/opt/rocm-6.4.2/include/hip/amd_detail/hip_assert.h,0,0,2,__assert_fail|pointer|alloca|ptr|32|-1|/opt/rocm-6.4.2/include/hip/amd_detail/hip_assert.h|0|0|2
6,operand,alloca,int,32,0,__assert_fail,/opt/rocm-6.4.2/include/hip/amd_detail/hip_assert.h,0,0,2,__assert_fail|operand|alloca|int|32|0|/opt/rocm-6.4.2/include/hip/amd_detail/hip_assert.h|0|0|2
7,pointer,alloca,ptr,32,-1,__assert_fail,/opt/rocm-6.4.2/include/hip/amd_detail/hip_assert.h,0,0,3,__assert_fail|pointer|alloca|ptr|32|-1|/opt/rocm-6.4.2/include/hip/amd_detail/hip_assert.h|0|0|3
8,operand,alloca,int,32,0,__assert_fail,/opt/rocm-6.4.2/include/hip/amd_detail/hip_assert.h,0,0,3,__assert_fail|operand|alloca|int|32|0|/opt/rocm-6.4.2/include/hip/amd_detail/hip_assert.h|0|0|3
9,pointer,alloca,ptr,32,-1,__assert_fail,/opt/rocm-6.4.2/include/hip/amd_detail/hip_assert.h,0,0,4,__assert_fail|pointer|alloca|ptr|32|-1|/opt/rocm-6.4.2/include/hip/amd_detail/hip_assert.h|0|0|4
10,operand,alloca,int,32,0,__assert_fail,/opt/rocm-6.4.2/include/hip/amd_detail/hip_assert.h,0,0,4,__assert_fail|operand|alloca|int|32|0|/opt/rocm-6.4.2/include/hip/amd_detail/hip_assert.h|0|0|4
11,pointer,alloca,ptr,32,-1,__assert_fail,/opt/rocm-6.4.2/include/hip/amd_detail/hip_assert.h,0,0,5,__assert_fail|pointer|alloca|ptr|32|-1|/opt/rocm-6.4.2/include/hip/amd_detail/hip_assert.h|0|0|5
12,operand,alloca,int,32,0,__assert_fail,/opt/rocm-6.4.2/include/hip/amd_detail/hip_assert.h,0,0,5,__assert_fail|operand|alloca|int|32|0|/opt/rocm-6.4.2/include/hip/amd_detail/hip_assert.h|0|0|5
13,pointer,alloca,ptr,32,-1,__assert_fail,/opt/rocm-6.4.2/include/hip/amd_detail/hip_assert.h,0,0,6,__assert_fail|pointer|alloca|ptr|32|-1|/opt/rocm-6.4.2/include/hip/amd_detail/hip_assert.h|0|0|6
14,operand,alloca,int,32,0,__assert_fail,/opt/rocm-6.4.2/include/hip/amd_detail/hip_assert.h,0,0,6,__assert_fail|operand|alloca|int|32|0|/opt/rocm-6.4.2/include/hip/amd_detail/hip_assert.h|0|0|6
15,pointer,alloca,ptr,32,-1,__assert_fail,/opt/rocm-6.4.2/include/hip/amd_detail/hip_assert.h,0,0,7,__assert_fail|pointer|alloca|ptr|32|-1|/opt/rocm-6.4.2/include/hip/amd_detail/hip_assert.h|0|0|7
16,operand,alloca,int,32,0,__assert_fail,/opt/rocm-6.4.2/include/hip/amd_detail/hip_assert.h,0,0,7,__assert_fail|operand|alloca|int|32|0|/opt/rocm-6.4.2/include/hip/amd_detail/hip_assert.h|0|0|7
17,pointer,alloca,ptr,32,-1,__assert_fail,/opt/rocm-6.4.2/include/hip/amd_detail/hip_assert.h,0,0,8,__assert_fail|pointer|alloca|ptr|32|-1|/opt/rocm-6.4.2/include/hip/amd_detail/hip_assert.h|0|0|8
18,operand,alloca,int,32,0,__assert_fail,/opt/rocm-6.4.2/include/hip/amd_detail/hip_assert.h,0,0,8,__assert_fail|operand|alloca|int|32|0|/opt/rocm-6.4.2/include/hip/amd_detail/hip_assert.h|0|0|8
19,pointer,alloca,ptr,32,-1,__assert_fail,/opt/rocm-6.4.2/include/hip/amd_detail/hip_assert.h,0,0,9,__assert_fail|pointer|alloca|ptr|32|-1|/opt/rocm-6.4.2/include/hip/amd_detail/hip_assert.h|0|0|9
20,operand,alloca,int,32,0,__assert_fail,/opt/rocm-6.4.2/include/hip/amd_detail/hip_assert.h,0,0,9,__assert_fail|operand|alloca|int|32|0|/opt/rocm-6.4.2/include/hip/amd_detail/hip_assert.h|0|0|9
21,pointer,alloca,ptr,32,-1,__assert_fail,/opt/rocm-6.4.2/include/hip/amd_detail/hip_assert.h,0,0,10,__assert_fail|pointer|alloca|ptr|32|-1|/opt/rocm-6.4.2/include/hip/amd_detail/hip_assert.h|0|0|10
22,operand,alloca,int,32,0,__assert_fail,/opt/rocm-6.4.2/include/hip/amd_detail/hip_assert.h,0,0,10,__assert_fail|operand|alloca|int|32|0|/opt/rocm-6.4.2/include/hip/amd_detail/hip_assert.h|0|0|10
23,pointer,alloca,ptr,32,-1,__assert_fail,/opt/rocm-6.4.2/include/hip/amd_detail/hip_assert.h,0,0,11,__assert_fail|pointer|alloca|ptr|32|-1|/opt/rocm-6.4.2/include/hip/amd_detail/hip_assert.h|0|0|11
24,operand,alloca,int,32,0,__assert_fail,/opt/rocm-6.4.2/include/hip/amd_detail/hip_assert.h,0,0,11,__assert_fail|operand|alloca|int|32|0|/opt/rocm-6.4.2/include/hip/amd_detail/hip_assert.h|0|0|11
25,pointer,addrspacecast,ptr,64,-1,__assert_fail,/opt/rocm-6.4.2/include/hip/amd_detail/hip_assert.h,0,0,1,__assert_fail|pointer|addrspacecast|ptr|64|-1|/opt/rocm-6.4.2/include/hip/amd_detail/hip_assert.h|0|0|1
26,pointer,addrspacecast,ptr,32,0,__assert_fail,/opt/rocm-6.4.2/include/hip/amd_detail/hip_assert.h,0,0,1,__assert_fail|pointer|addrspacecast|ptr|32|0|/opt/rocm-6.4.2/include/hip/amd_detail/hip_assert.h|0|0|1
27,pointer,addrspacecast,ptr,64,-1,__assert_fail,/opt/rocm-6.4.2/include/hip/amd_detail/hip_assert.h,0,0,2,__assert_fail|pointer|addrspacecast|ptr|64|-1|/opt/rocm-6.4.2/include/hip/amd_detail/hip_assert.h|0|0|2
28,pointer,addrspacecast,ptr,32,0,__assert_fail,/opt/rocm-6.4.2/include/hip/amd_detail/hip_assert.h,0,0,2,__assert_fail|pointer|addrspacecast|ptr|32|0|/opt/rocm-6.4.2/include/hip/amd_detail/hip_assert.h|0|0|2
29,pointer,addrspacecast,ptr,64,-1,__assert_fail,/opt/rocm-6.4.2/include/hip/amd_detail/hip_assert.h,0,0,3,__assert_fail|pointer|addrspacecast|ptr|64|-1|/opt/rocm-6.4.2/include/hip/amd_detail/hip_assert.h|0|0|3
30,pointer,addrspacecast,ptr,32,0,__assert_fail,/opt/rocm-6.4.2/include/hip/amd_detail/hip_assert.h,0,0,3,__assert_fail|pointer|addrspacecast|ptr|32|0|/opt/rocm-6.4.2/include/hip/amd_detail/hip_assert.h|0|0|3
31,pointer,addrspacecast,ptr,64,-1,__assert_fail,/opt/rocm-6.4.2/include/hip/amd_detail/hip_assert.h,0,0,4,__assert_fail|pointer|addrspacecast|ptr|64|-1|/opt/rocm-6.4.2/include/hip/amd_detail/hip_assert.h|0|0|4
32,pointer,addrspacecast,ptr,32,0,__assert_fail,/opt/rocm-6.4.2/include/hip/amd_detail/hip_assert.h,0,0,4,__assert_fail|pointer|addrspacecast|ptr|32|0|/opt/rocm-6.4.2/include/hip/amd_detail/hip_assert.h|0|0|4
33,pointer,addrspacecast,ptr,64,-1,__assert_fail,/opt/rocm-6.4.2/include/hip/amd_detail/hip_assert.h,0,0,5,__assert_fail|pointer|addrspacecast|ptr|64|-1|/opt/rocm-6.4.2/include/hip/amd_detail/hip_assert.h|0|0|5
34,pointer,addrspacecast,ptr,32,0,__assert_fail,/opt/rocm-6.4.2/include/hip/amd_detail/hip_assert.h,0,0,5,__assert_fail|pointer|addrspacecast|ptr|32|0|/opt/rocm-6.4.2/include/hip/amd_detail/hip_assert.h|0|0|5
35,pointer,addrspacecast,ptr,64,-1,__assert_fail,/opt/rocm-6.4.2/include/hip/amd_detail/hip_assert.h,0,0,6,__assert_fail|pointer|addrspacecast|ptr|64|-1|/opt/rocm-6.4.2/include/hip/amd_detail/hip_assert.h|0|0|6
36,pointer,addrspacecast,ptr,32,0,__assert_fail,/opt/rocm-6.4.2/include/hip/amd_detail/hip_assert.h,0,0,6,__assert_fail|pointer|addrspacecast|ptr|32|0|/opt/rocm-6.4.2/include/hip/amd_detail/hip_assert.h|0|0|6
37,pointer,addrspacecast,ptr,64,-1,__assert_fail,/opt/rocm-6.4.2/include/hip/amd_detail/hip_assert.h,0,0,7,__assert_fail|pointer|addrspacecast|ptr|64|-1|/opt/rocm-6.4.2/include/hip/amd_detail/hip_assert.h|0|0|7
38,pointer,addrspacecast,ptr,32,0,__assert_fail,/opt/rocm-6.4.2/include/hip/amd_detail/hip_assert.h,0,0,7,__assert_fail|pointer|addrspacecast|ptr|32|0|/opt/rocm-6.4.2/include/hip/amd_detail/hip_assert.h|0|0|7
39,pointer,addrspacecast,ptr,64,-1,__assert_fail,/opt/rocm-6.4.2/include/hip/amd_detail/hip_assert.h,0,0,8,__assert_fail|pointer|addrspacecast|ptr|64|-1|/opt/rocm-6.4.2/include/hip/amd_detail/hip_assert.h|0|0|8
40,pointer,addrspacecast,ptr,32,0,__assert_fail,/opt/rocm-6.4.2/include/hip/amd_detail/hip_assert.h,0,0,8,__assert_fail|pointer|addrspacecast|ptr|32|0|/opt/rocm-6.4.2/include/hip/amd_detail/hip_assert.h|0|0|8
41,pointer,addrspacecast,ptr,64,-1,__assert_fail,/opt/rocm-6.4.2/include/hip/amd_detail/hip_assert.h,0,0,9,__assert_fail|pointer|addrspacecast|ptr|64|-1|/opt/rocm-6.4.2/include/hip/amd_detail/hip_assert.h|0|0|9
42,pointer,addrspacecast,ptr,32,0,__assert_fail,/opt/rocm-6.4.2/include/hip/amd_detail/hip_assert.h,0,0,9,__assert_fail|pointer|addrspacecast|ptr|32|0|/opt/rocm-6.4.2/include/hip/amd_detail/hip_assert.h|0|0|9
43,pointer,addrspacecast,ptr,64,-1,__assert_fail,/opt/rocm-6.4.2/include/hip/amd_detail/hip_assert.h,0,0,10,__assert_fail|pointer|addrspacecast|ptr|64|-1|/opt/rocm-6.4.2/include/hip/amd_detail/hip_assert.h|0|0|10
44,pointer,addrspacecast,ptr,32,0,__assert_fail,/opt/rocm-6.4.2/include/hip/amd_detail/hip_assert.h,0,0,10,__assert_fail|pointer|addrspacecast|ptr|32|0|/opt/rocm-6.4.2/include/hip/amd_detail/hip_assert.h|0|0|10
45,pointer,addrspacecast,ptr,64,-1,__assert_fail,/opt/rocm-6.4.2/include/hip/amd_detail/hip_assert.h,0,0,11,__assert_fail|pointer|addrspacecast|ptr|64|-1|/opt/rocm-6.4.2/include/hip/amd_detail/hip_assert.h|0|0|11
46,pointer,addrspacecast,ptr,32,0,__assert_fail,/opt/rocm-6.4.2/include/hip/amd_detail/hip_assert.h,0,0,11,__assert_fail|pointer|addrspacecast|ptr|32|0|/opt/rocm-6.4.2/include/hip/amd_detail/hip_assert.h|0|0|11
47,pointer,store,ptr,64,0,__assert_fail,/opt/rocm-6.4.2/include/hip/amd_detail/hip_assert.h,0,0,1,__assert_fail|pointer|store|ptr|64|0|/opt/rocm-6.4.2/include/hip/amd_detail/hip_assert.h|0|0|1
48,pointer,store,ptr,64,1,__assert_fail,/opt/rocm-6.4.2/include/hip/amd_detail/hip_assert.h,0,0,1,__assert_fail|pointer|store|ptr|64|1|/opt/rocm-6.4.2/include/hip/amd_detail/hip_assert.h|0|0|1
49,pointer,store,ptr,64,0,__assert_fail,/opt/rocm-6.4.2/include/hip/amd_detail/hip_assert.h,0,0,2,__assert_fail|pointer|store|ptr|64|0|/opt/rocm-6.4.2/include/hip/amd_detail/hip_assert.h|0|0|2
50,pointer,store,ptr,64,1,__assert_fail,/opt/rocm-6.4.2/include/hip/amd_detail/hip_assert.h,0,0,2,__assert_fail|pointer|store|ptr|64|1|/opt/rocm-6.4.2/include/hip/amd_detail/hip_assert.h|0|0|2
51,operand,store,int,32,0,__assert_fail,/opt/rocm-6.4.2/include/hip/amd_detail/hip_assert.h,0,0,1,__assert_fail|operand|store|int|32|0|/opt/rocm-6.4.2/include/hip/amd_detail/hip_assert.h|0|0|1
52,pointer,store,ptr,64,1,__assert_fail,/opt/rocm-6.4.2/include/hip/amd_detail/hip_assert.h,0,0,3,__assert_fail|pointer|store|ptr|64|1|/opt/rocm-6.4.2/include/hip/amd_detail/hip_assert.h|0|0|3
53,pointer,store,ptr,64,0,__assert_fail,/opt/rocm-6.4.2/include/hip/amd_detail/hip_assert.h,0,0,3,__assert_fail|pointer|store|ptr|64|0|/opt/rocm-6.4.2/include/hip/amd_detail/hip_assert.h|0|0|3
54,pointer,store,ptr,64,1,__assert_fail,/opt/rocm-6.4.2/include/hip/amd_detail/hip_assert.h,0,0,4,__assert_fail|pointer|store|ptr|64|1|/opt/rocm-6.4.2/include/hip/amd_detail/hip_assert.h|0|0|4
55,pointer,call,ptr,64,0,__assert_fail,/opt/rocm-6.4.2/include/hip/amd_detail/hip_assert.h,49,14,1,__assert_fail|pointer|call|ptr|64|0|/opt/rocm-6.4.2/include/hip/amd_detail/hip_assert.h|49|14|1
56,pointer,call,ptr,64,1,__assert_fail,/opt/rocm-6.4.2/include/hip/amd_detail/hip_assert.h,49,14,1,__assert_fail|pointer|call|ptr|64|1|/opt/rocm-6.4.2/include/hip/amd_detail/hip_assert.h|49|14|1
57,operand,call,int,64,2,__assert_fail,/opt/rocm-6.4.2/include/hip/amd_detail/hip_assert.h,49,14,1,__assert_fail|operand|call|int|64|2|/opt/rocm-6.4.2/include/hip/amd_detail/hip_assert.h|49|14|1
58,operand,call,int,1,3,__assert_fail,/opt/rocm-6.4.2/include/hip/amd_detail/hip_assert.h,49,14,1,__assert_fail|operand|call|int|1|3|/opt/rocm-6.4.2/include/hip/amd_detail/hip_assert.h|49|14|1
59,pointer,call,ptr,64,4,__assert_fail,/opt/rocm-6.4.2/include/hip/amd_detail/hip_assert.h,49,14,1,__assert_fail|pointer|call|ptr|64|4|/opt/rocm-6.4.2/include/hip/amd_detail/hip_assert.h|49|14|1
60,base,call,int,64,-1,__assert_fail,/opt/rocm-6.4.2/include/hip/amd_detail/hip_assert.h,68,14,1,__assert_fail|base|call|int|64|-1|/opt/rocm-6.4.2/include/hip/amd_detail/hip_assert.h|68|14|1
61,pointer,call,ptr,64,0,__assert_fail,/opt/rocm-6.4.2/include/hip/amd_detail/hip_assert.h,68,14,2,__assert_fail|pointer|call|ptr|64|0|/opt/rocm-6.4.2/include/hip/amd_detail/hip_assert.h|68|14|2
62,operand,store,int,64,0,__assert_fail,/opt/rocm-6.4.2/include/hip/amd_detail/hip_assert.h,68,8,1,__assert_fail|operand|store|int|64|0|/opt/rocm-6.4.2/include/hip/amd_detail/hip_assert.h|68|8|1
63,pointer,store,ptr,64,1,__assert_fail,/opt/rocm-6.4.2/include/hip/amd_detail/hip_assert.h,68,8,5,__assert_fail|pointer|store|ptr|64|1|/opt/rocm-6.4.2/include/hip/amd_detail/hip_assert.h|68|8|5
64,operand,store,int,32,0,__assert_fail,/opt/rocm-6.4.2/include/hip/amd_detail/hip_assert.h,69,7,2,__assert_fail|operand|store|int|32|0|/opt/rocm-6.4.2/include/hip/amd_detail/hip_assert.h|69|7|2
65,pointer,store,ptr,64,1,__assert_fail,/opt/rocm-6.4.2/include/hip/amd_detail/hip_assert.h,69,7,6,__assert_fail|pointer|store|ptr|64|1|/opt/rocm-6.4.2/include/hip/amd_detail/hip_assert.h|69|7|6
66,pointer,getelementptr,ptr,64,-1,__assert_fail,/opt/rocm-6.4.2/include/hip/amd_detail/hip_assert.h,70,3,1,__assert_fail|pointer|getelementptr|ptr|64|-1|/opt/rocm-6.4.2/include/hip/amd_detail/hip_assert.h|70|3|1
67,pointer,getelementptr,ptr,64,0,__assert_fail,/opt/rocm-6.4.2/include/hip/amd_detail/hip_assert.h,70,3,1,__assert_fail|pointer|getelementptr|ptr|64|0|/opt/rocm-6.4.2/include/hip/amd_detail/hip_assert.h|70|3|1
68,operand,getelementptr,int,64,1,__assert_fail,/opt/rocm-6.4.2/include/hip/amd_detail/hip_assert.h,70,3,1,__assert_fail|operand|getelementptr|int|64|1|/opt/rocm-6.4.2/include/hip/amd_detail/hip_assert.h|70|3|1
69,operand,getelementptr,int,64,2,__assert_fail,/opt/rocm-6.4.2/include/hip/amd_detail/hip_assert.h,70,3,1,__assert_fail|operand|getelementptr|int|64|2|/opt/rocm-6.4.2/include/hip/amd_detail/hip_assert.h|70|3|1
70,pointer,store,ptr,64,0,__assert_fail,/opt/rocm-6.4.2/include/hip/amd_detail/hip_assert.h,70,3,4,__assert_fail|pointer|store|ptr|64|0|/opt/rocm-6.4.2/include/hip/amd_detail/hip_assert.h|70|3|4
71,pointer,store,ptr,64,1,__assert_fail,/opt/rocm-6.4.2/include/hip/amd_detail/hip_assert.h,70,3,7,__assert_fail|pointer|store|ptr|64|1|/opt/rocm-6.4.2/include/hip/amd_detail/hip_assert.h|70|3|7
72,pointer,load,ptr,64,-1,__assert_fail,/opt/rocm-6.4.2/include/hip/amd_detail/hip_assert.h,70,3,1,__assert_fail|pointer|load|ptr|64|-1|/opt/rocm-6.4.2/include/hip/amd_detail/hip_assert.h|70|3|1
73,pointer,load,ptr,64,0,__assert_fail,/opt/rocm-6.4.2/include/hip/amd_detail/hip_assert.h,70,3,1,__assert_fail|pointer|load|ptr|64|0|/opt/rocm-6.4.2/include/hip/amd_detail/hip_assert.h|70|3|1
74,pointer,getelementptr,ptr,64,-1,__assert_fail,/opt/rocm-6.4.2/include/hip/amd_detail/hip_assert.h,70,3,2,__assert_fail|pointer|getelementptr|ptr|64|-1|/opt/rocm-6.4.2/include/hip/amd_detail/hip_assert.h|70|3|2
75,pointer,getelementptr,ptr,64,0,__assert_fail,/opt/rocm-6.4.2/include/hip/amd_detail/hip_assert.h,70,3,2,__assert_fail|pointer|getelementptr|ptr|64|0|/opt/rocm-6.4.2/include/hip/amd_detail/hip_assert.h|70|3|2
76,operand,getelementptr,int,32,1,__assert_fail,/opt/rocm-6.4.2/include/hip/amd_detail/hip_assert.h,70,3,1,__assert_fail|operand|getelementptr|int|32|1|/opt/rocm-6.4.2/include/hip/amd_detail/hip_assert.h|70|3|1
77,pointer,store,ptr,64,0,__assert_fail,/opt/rocm-6.4.2/include/hip/amd_detail/hip_assert.h,70,3,5,__assert_fail|pointer|store|ptr|64|0|/opt/rocm-6.4.2/include/hip/amd_detail/hip_assert.h|70|3|5
78,pointer,store,ptr,64,1,__assert_fail,/opt/rocm-6.4.2/include/hip/amd_detail/hip_assert.h,70,3,8,__assert_fail|pointer|store|ptr|64|1|/opt/rocm-6.4.2/include/hip/amd_detail/hip_assert.h|70|3|8
79,base,load,int,8,-1,__assert_fail,/opt/rocm-6.4.2/include/hip/amd_detail/hip_assert.h,70,3,1,__assert_fail|base|load|int|8|-1|/opt/rocm-6.4.2/include/hip/amd_detail/hip_assert.h|70|3|1
80,pointer,load,ptr,64,0,__assert_fail,/opt/rocm-6.4.2/include/hip/amd_detail/hip_assert.h,70,3,2,__assert_fail|pointer|load|ptr|64|0|/opt/rocm-6.4.2/include/hip/amd_detail/hip_assert.h|70|3|2
81,base,icmp,int,1,-1,__assert_fail,/opt/rocm-6.4.2/include/hip/amd_detail/hip_assert.h,70,3,1,__assert_fail|base|icmp|int|1|-1|/opt/rocm-6.4.2/include/hip/amd_detail/hip_assert.h|70|3|1
82,operand,icmp,int,8,0,__assert_fail,/opt/rocm-6.4.2/include/hip/amd_detail/hip_assert.h,70,3,1,__assert_fail|operand|icmp|int|8|0|/opt/rocm-6.4.2/include/hip/amd_detail/hip_assert.h|70|3|1
83,operand,icmp,int,8,1,__assert_fail,/opt/rocm-6.4.2/include/hip/amd_detail/hip_assert.h,70,3,1,__assert_fail|operand|icmp|int|8|1|/opt/rocm-6.4.2/include/hip/amd_detail/hip_assert.h|70|3|1
84,operand,br,int,1,0,__assert_fail,/opt/rocm-6.4.2/include/hip/amd_detail/hip_assert.h,70,3,1,__assert_fail|operand|br|int|1|0|/opt/rocm-6.4.2/include/hip/amd_detail/hip_assert.h|70|3|1
85,pointer,load,ptr,64,-1,__assert_fail,/opt/rocm-6.4.2/include/hip/amd_detail/hip_assert.h,70,3,2,__assert_fail|pointer|load|ptr|64|-1|/opt/rocm-6.4.2/include/hip/amd_detail/hip_assert.h|70|3|2
86,pointer,load,ptr,64,0,__assert_fail,/opt/rocm-6.4.2/include/hip/amd_detail/hip_assert.h,70,3,3,__assert_fail|pointer|load|ptr|64|0|/opt/rocm-6.4.2/include/hip/amd_detail/hip_assert.h|70|3|3
87,pointer,getelementptr,ptr,64,-1,__assert_fail,/opt/rocm-6.4.2/include/hip/amd_detail/hip_assert.h,70,3,3,__assert_fail|pointer|getelementptr|ptr|64|-1|/opt/rocm-6.4.2/include/hip/amd_detail/hip_assert.h|70|3|3
88,pointer,getelementptr,ptr,64,0,__assert_fail,/opt/rocm-6.4.2/include/hip/amd_detail/hip_assert.h,70,3,3,__assert_fail|pointer|getelementptr|ptr|64|0|/opt/rocm-6.4.2/include/hip/amd_detail/hip_assert.h|70|3|3
89,operand,getelementptr,int,64,1,__assert_fail,/opt/rocm-6.4.2/include/hip/amd_detail/hip_assert.h,70,3,2,__assert_fail|operand|getelementptr|int|64|1|/opt/rocm-6.4.2/include/hip/amd_detail/hip_assert.h|70|3|2
90,operand,getelementptr,int,64,2,__assert_fail,/opt/rocm-6.4.2/include/hip/amd_detail/hip_assert.h,70,3,2,__assert_fail|operand|getelementptr|int|64|2|/opt/rocm-6.4.2/include/hip/amd_detail/hip_assert.h|70|3|2
91,base,ptrtoint,int,64,-1,__assert_fail,/opt/rocm-6.4.2/include/hip/amd_detail/hip_assert.h,70,3,1,__assert_fail|base|ptrtoint|int|64|-1|/opt/rocm-6.4.2/include/hip/amd_detail/hip_assert.h|70|3|1
92,pointer,ptrtoint,ptr,64,0,__assert_fail,/opt/rocm-6.4.2/include/hip/amd_detail/hip_assert.h,70,3,1,__assert_fail|pointer|ptrtoint|ptr|64|0|/opt/rocm-6.4.2/include/hip/amd_detail/hip_assert.h|70|3|1
93,base,ptrtoint,int,64,-1,__assert_fail,/opt/rocm-6.4.2/include/hip/amd_detail/hip_assert.h,70,3,2,__assert_fail|base|ptrtoint|int|64|-1|/opt/rocm-6.4.2/include/hip/amd_detail/hip_assert.h|70|3|2
94,pointer,ptrtoint,ptr,64,0,__assert_fail,/opt/rocm-6.4.2/include/hip/amd_detail/hip_assert.h,70,3,2,__assert_fail|pointer|ptrtoint|ptr|64|0|/opt/rocm-6.4.2/include/hip/amd_detail/hip_assert.h|70|3|2
95,base,sub,int,64,-1,__assert_fail,/opt/rocm-6.4.2/include/hip/amd_detail/hip_assert.h,70,3,1,__assert_fail|base|sub|int|64|-1|/opt/rocm-6.4.2/include/hip/amd_detail/hip_assert.h|70|3|1
96,operand,sub,int,64,0,__assert_fail,/opt/rocm-6.4.2/include/hip/amd_detail/hip_assert.h,70,3,1,__assert_fail|operand|sub|int|64|0|/opt/rocm-6.4.2/include/hip/amd_detail/hip_assert.h|70|3|1
97,operand,sub,int,64,1,__assert_fail,/opt/rocm-6.4.2/include/hip/amd_detail/hip_assert.h,70,3,1,__assert_fail|operand|sub|int|64|1|/opt/rocm-6.4.2/include/hip/amd_detail/hip_assert.h|70|3|1
98,base,trunc,int,32,-1,__assert_fail,/opt/rocm-6.4.2/include/hip/amd_detail/hip_assert.h,70,3,1,__assert_fail|base|trunc|int|32|-1|/opt/rocm-6.4.2/include/hip/amd_detail/hip_assert.h|70|3|1
99,operand,trunc,int,64,0,__assert_fail,/opt/rocm-6.4.2/include/hip/amd_detail/hip_assert.h,70,3,1,__assert_fail|operand|trunc|int|64|0|/opt/rocm-6.4.2/include/hip/amd_detail/hip_assert.h|70|3|1
100,operand,store,int,32,0,__assert_fail,/opt/rocm-6.4.2/include/hip/amd_detail/hip_assert.h,70,3,3,__assert_fail|operand|store|int|32|0|/opt/rocm-6.4.2/include/hip/amd_detail/hip_assert.h|70|3|3
101,pointer,store,ptr,64,1,__assert_fail,/opt/rocm-6.4.2/include/hip/amd_detail/hip_assert.h,70,3,9,__assert_fail|pointer|store|ptr|64|1|/opt/rocm-6.4.2/include/hip/amd_detail/hip_assert.h|70|3|9
102,base,load,int,64,-1,__assert_fail,/opt/rocm-6.4.2/include/hip/amd_detail/hip_assert.h,71,40,1,__assert_fail|base|load|int|64|-1|/opt/rocm-6.4.2/include/hip/amd_detail/hip_assert.h|71|40|1
103,pointer,load,ptr,64,0,__assert_fail,/opt/rocm-6.4.2/include/hip/amd_detail/hip_assert.h,71,40,4,__assert_fail|pointer|load|ptr|64|0|/opt/rocm-6.4.2/include/hip/amd_detail/hip_assert.h|71|40|4
104,pointer,getelementptr,ptr,64,-1,__assert_fail,/opt/rocm-6.4.2/include/hip/amd_detail/hip_assert.h,71,45,4,__assert_fail|pointer|getelementptr|ptr|64|-1|/opt/rocm-6.4.2/include/hip/amd_detail/hip_assert.h|71|45|4
105,pointer,getelementptr,ptr,64,0,__assert_fail,/opt/rocm-6.4.2/include/hip/amd_detail/hip_assert.h,71,45,4,__assert_fail|pointer|getelementptr|ptr|64|0|/opt/rocm-6.4.2/include/hip/amd_detail/hip_assert.h|71|45|4
106,operand,getelementptr,int,64,1,__assert_fail,/opt/rocm-6.4.2/include/hip/amd_detail/hip_assert.h,71,45,3,__assert_fail|operand|getelementptr|int|64|1|/opt/rocm-6.4.2/include/hip/amd_detail/hip_assert.h|71|45|3
107,operand,getelementptr,int,64,2,__assert_fail,/opt/rocm-6.4.2/include/hip/amd_detail/hip_assert.h,71,45,3,__assert_fail|operand|getelementptr|int|64|2|/opt/rocm-6.4.2/include/hip/amd_detail/hip_assert.h|71|45|3
108,base,load,int,32,-1,__assert_fail,/opt/rocm-6.4.2/include/hip/amd_detail/hip_assert.h,71,50,1,__assert_fail|base|load|int|32|-1|/opt/rocm-6.4.2/include/hip/amd_detail/hip_assert.h|71|50|1
109,pointer,load,ptr,64,0,__assert_fail,/opt/rocm-6.4.2/include/hip/amd_detail/hip_assert.h,71,50,5,__assert_fail|pointer|load|ptr|64|0|/opt/rocm-6.4.2/include/hip/amd_detail/hip_assert.h|71|50|5
110,base,sext,int,64,-1,__assert_fail,/opt/rocm-6.4.2/include/hip/amd_detail/hip_assert.h,71,50,1,__assert_fail|base|sext|int|64|-1|/opt/rocm-6.4.2/include/hip/amd_detail/hip_assert.h|71|50|1
111,operand,sext,int,32,0,__assert_fail,/opt/rocm-6.4.2/include/hip/amd_detail/hip_assert.h,71,50,1,__assert_fail|operand|sext|int|32|0|/opt/rocm-6.4.2/include/hip/amd_detail/hip_assert.h|71|50|1
112,base,call,int,64,-1,__assert_fail,/opt/rocm-6.4.2/include/hip/amd_detail/hip_assert.h,71,9,2,__assert_fail|base|call|int|64|-1|/opt/rocm-6.4.2/include/hip/amd_detail/hip_assert.h|71|9|2
113,operand,call,int,64,0,__assert_fail,/opt/rocm-6.4.2/include/hip/amd_detail/hip_assert.h,71,9,1,__assert_fail|operand|call|int|64|0|/opt/rocm-6.4.2/include/hip/amd_detail/hip_assert.h|71|9|1
114,pointer,call,ptr,64,1,__assert_fail,/opt/rocm-6.4.2/include/hip/amd_detail/hip_assert.h,71,9,2,__assert_fail|pointer|call|ptr|64|1|/opt/rocm-6.4.2/include/hip/amd_detail/hip_assert.h|71|9|2
115,operand,call,int,64,2,__assert_fail,/opt/rocm-6.4.2/include/hip/amd_detail/hip_assert.h,71,9,2,__assert_fail|operand|call|int|64|2|/opt/rocm-6.4.2/include/hip/amd_detail/hip_assert.h|71|9|2
116,operand,call,int,32,3,__assert_fail,/opt/rocm-6.4.2/include/hip/amd_detail/hip_assert.h,71,9,1,__assert_fail|operand|call|int|32|3|/opt/rocm-6.4.2/include/hip/amd_detail/hip_assert.h|71|9|1
117,pointer,call,ptr,64,4,__assert_fail,/opt/rocm-6.4.2/include/hip/amd_detail/hip_assert.h,71,9,2,__assert_fail|pointer|call|ptr|64|4|/opt/rocm-6.4.2/include/hip/amd_detail/hip_assert.h|71|9|2
118,operand,store,int,64,0,__assert_fail,/opt/rocm-6.4.2/include/hip/amd_detail/hip_assert.h,71,7,2,__assert_fail|operand|store|int|64|0|/opt/rocm-6.4.2/include/hip/amd_detail/hip_assert.h|71|7|2
119,pointer,store,ptr,64,1,__assert_fail,/opt/rocm-6.4.2/include/hip/amd_detail/hip_assert.h,71,7,10,__assert_fail|pointer|store|ptr|64|1|/opt/rocm-6.4.2/include/hip/amd_detail/hip_assert.h|71|7|10
120,pointer,load,ptr,64,-1,__assert_fail,/opt/rocm-6.4.2/include/hip/amd_detail/hip_assert.h,72,3,3,__assert_fail|pointer|load|ptr|64|-1|/opt/rocm-6.4.2/include/hip/amd_detail/hip_assert.h|72|3|3
121,pointer,load,ptr,64,0,__assert_fail,/opt/rocm-6.4.2/include/hip/amd_detail/hip_assert.h,72,3,6,__assert_fail|pointer|load|ptr|64|0|/opt/rocm-6.4.2/include/hip/amd_detail/hip_assert.h|72|3|6
122,pointer,store,ptr,64,0,__assert_fail,/opt/rocm-6.4.2/include/hip/amd_detail/hip_assert.h,72,3,6,__assert_fail|pointer|store|ptr|64|0|/opt/rocm-6.4.2/include/hip/amd_detail/hip_assert.h|72|3|6
123,pointer,store,ptr,64,1,__assert_fail,/opt/rocm-6.4.2/include/hip/amd_detail/hip_assert.h,72,3,11,__assert_fail|pointer|store|ptr|64|1|/opt/rocm-6.4.2/include/hip/amd_detail/hip_assert.h|72|3|11
124,pointer,load,ptr,64,-1,__assert_fail,/opt/rocm-6.4.2/include/hip/amd_detail/hip_assert.h,72,3,4,__assert_fail|pointer|load|ptr|64|-1|/opt/rocm-6.4.2/include/hip/amd_detail/hip_assert.h|72|3|4
125,pointer,load,ptr,64,0,__assert_fail,/opt/rocm-6.4.2/include/hip/amd_detail/hip_assert.h,72,3,7,__assert_fail|pointer|load|ptr|64|0|/opt/rocm-6.4.2/include/hip/amd_detail/hip_assert.h|72|3|7
126,pointer,getelementptr,ptr,64,-1,__assert_fail,/opt/rocm-6.4.2/include/hip/amd_detail/hip_assert.h,72,3,5,__assert_fail|pointer|getelementptr|ptr|64|-1|/opt/rocm-6.4.2/include/hip/amd_detail/hip_assert.h|72|3|5
127,pointer,getelementptr,ptr,64,0,__assert_fail,/opt/rocm-6.4.2/include/hip/amd_detail/hip_assert.h,72,3,5,__assert_fail|pointer|getelementptr|ptr|64|0|/opt/rocm-6.4.2/include/hip/amd_detail/hip_assert.h|72|3|5
128,operand,getelementptr,int,32,1,__assert_fail,/opt/rocm-6.4.2/include/hip/amd_detail/hip_assert.h,72,3,2,__assert_fail|operand|getelementptr|int|32|1|/opt/rocm-6.4.2/include/hip/amd_detail/hip_assert.h|72|3|2
129,pointer,store,ptr,64,0,__assert_fail,/opt/rocm-6.4.2/include/hip/amd_detail/hip_assert.h,72,3,7,__assert_fail|pointer|store|ptr|64|0|/opt/rocm-6.4.2/include/hip/amd_detail/hip_assert.h|72|3|7
130,pointer,store,ptr,64,1,__assert_fail,/opt/rocm-6.4.2/include/hip/amd_detail/hip_assert.h,72,3,12,__assert_fail|pointer|store|ptr|64|1|/opt/rocm-6.4.2/include/hip/amd_detail/hip_assert.h|72|3|12
131,base,load,int,8,-1,__assert_fail,/opt/rocm-6.4.2/include/hip/amd_detail/hip_assert.h,72,3,2,__assert_fail|base|load|int|8|-1|/opt/rocm-6.4.2/include/hip/amd_detail/hip_assert.h|72|3|2
132,pointer,load,ptr,64,0,__assert_fail,/opt/rocm-6.4.2/include/hip/amd_detail/hip_assert.h,72,3,8,__assert_fail|pointer|load|ptr|64|0|/opt/rocm-6.4.2/include/hip/amd_detail/hip_assert.h|72|3|8
133,base,icmp,int,1,-1,__assert_fail,/opt/rocm-6.4.2/include/hip/amd_detail/hip_assert.h,72,3,2,__assert_fail|base|icmp|int|1|-1|/opt/rocm-6.4.2/include/hip/amd_detail/hip_assert.h|72|3|2
134,operand,icmp,int,8,0,__assert_fail,/opt/rocm-6.4.2/include/hip/amd_detail/hip_assert.h,72,3,2,__assert_fail|operand|icmp|int|8|0|/opt/rocm-6.4.2/include/hip/amd_detail/hip_assert.h|72|3|2
135,operand,icmp,int,8,1,__assert_fail,/opt/rocm-6.4.2/include/hip/amd_detail/hip_assert.h,72,3,2,__assert_fail|operand|icmp|int|8|1|/opt/rocm-6.4.2/include/hip/amd_detail/hip_assert.h|72|3|2
136,operand,br,int,1,0,__assert_fail,/opt/rocm-6.4.2/include/hip/amd_detail/hip_assert.h,72,3,2,__assert_fail|operand|br|int|1|0|/opt/rocm-6.4.2/include/hip/amd_detail/hip_assert.h|72|3|2
137,pointer,load,ptr,64,-1,__assert_fail,/opt/rocm-6.4.2/include/hip/amd_detail/hip_assert.h,72,3,5,__assert_fail|pointer|load|ptr|64|-1|/opt/rocm-6.4.2/include/hip/amd_detail/hip_assert.h|72|3|5
138,pointer,load,ptr,64,0,__assert_fail,/opt/rocm-6.4.2/include/hip/amd_detail/hip_assert.h,72,3,9,__assert_fail|pointer|load|ptr|64|0|/opt/rocm-6.4.2/include/hip/amd_detail/hip_assert.h|72|3|9
139,pointer,load,ptr,64,-1,__assert_fail,/opt/rocm-6.4.2/include/hip/amd_detail/hip_assert.h,72,3,6,__assert_fail|pointer|load|ptr|64|-1|/opt/rocm-6.4.2/include/hip/amd_detail/hip_assert.h|72|3|6
140,pointer,load,ptr,64,0,__assert_fail,/opt/rocm-6.4.2/include/hip/amd_detail/hip_assert.h,72,3,10,__assert_fail|pointer|load|ptr|64|0|/opt/rocm-6.4.2/include/hip/amd_detail/hip_assert.h|72|3|10
141,base,ptrtoint,int,64,-1,__assert_fail,/opt/rocm-6.4.2/include/hip/amd_detail/hip_assert.h,72,3,3,__assert_fail|base|ptrtoint|int|64|-1|/opt/rocm-6.4.2/include/hip/amd_detail/hip_assert.h|72|3|3
142,pointer,ptrtoint,ptr,64,0,__assert_fail,/opt/rocm-6.4.2/include/hip/amd_detail/hip_assert.h,72,3,3,__assert_fail|pointer|ptrtoint|ptr|64|0|/opt/rocm-6.4.2/include/hip/amd_detail/hip_assert.h|72|3|3
143,base,ptrtoint,int,64,-1,__assert_fail,/opt/rocm-6.4.2/include/hip/amd_detail/hip_assert.h,72,3,4,__assert_fail|base|ptrtoint|int|64|-1|/opt/rocm-6.4.2/include/hip/amd_detail/hip_assert.h|72|3|4
144,pointer,ptrtoint,ptr,64,0,__assert_fail,/opt/rocm-6.4.2/include/hip/amd_detail/hip_assert.h,72,3,4,__assert_fail|pointer|ptrtoint|ptr|64|0|/opt/rocm-6.4.2/include/hip/amd_detail/hip_assert.h|72|3|4
145,base,sub,int,64,-1,__assert_fail,/opt/rocm-6.4.2/include/hip/amd_detail/hip_assert.h,72,3,2,__assert_fail|base|sub|int|64|-1|/opt/rocm-6.4.2/include/hip/amd_detail/hip_assert.h|72|3|2
146,operand,sub,int,64,0,__assert_fail,/opt/rocm-6.4.2/include/hip/amd_detail/hip_assert.h,72,3,2,__assert_fail|operand|sub|int|64|0|/opt/rocm-6.4.2/include/hip/amd_detail/hip_assert.h|72|3|2
147,operand,sub,int,64,1,__assert_fail,/opt/rocm-6.4.2/include/hip/amd_detail/hip_assert.h,72,3,2,__assert_fail|operand|sub|int|64|1|/opt/rocm-6.4.2/include/hip/amd_detail/hip_assert.h|72|3|2
148,base,trunc,int,32,-1,__assert_fail,/opt/rocm-6.4.2/include/hip/amd_detail/hip_assert.h,72,3,2,__assert_fail|base|trunc|int|32|-1|/opt/rocm-6.4.2/include/hip/amd_detail/hip_assert.h|72|3|2
149,operand,trunc,int,64,0,__assert_fail,/opt/rocm-6.4.2/include/hip/amd_detail/hip_assert.h,72,3,2,__assert_fail|operand|trunc|int|64|0|/opt/rocm-6.4.2/include/hip/amd_detail/hip_assert.h|72|3|2
150,operand,store,int,32,0,__assert_fail,/opt/rocm-6.4.2/include/hip/amd_detail/hip_assert.h,72,3,4,__assert_fail|operand|store|int|32|0|/opt/rocm-6.4.2/include/hip/amd_detail/hip_assert.h|72|3|4
151,pointer,store,ptr,64,1,__assert_fail,/opt/rocm-6.4.2/include/hip/amd_detail/hip_assert.h,72,3,13,__assert_fail|pointer|store|ptr|64|1|/opt/rocm-6.4.2/include/hip/amd_detail/hip_assert.h|72|3|13
152,base,load,int,64,-1,__assert_fail,/opt/rocm-6.4.2/include/hip/amd_detail/hip_assert.h,73,40,2,__assert_fail|base|load|int|64|-1|/opt/rocm-6.4.2/include/hip/amd_detail/hip_assert.h|73|40|2
153,pointer,load,ptr,64,0,__assert_fail,/opt/rocm-6.4.2/include/hip/amd_detail/hip_assert.h,73,40,11,__assert_fail|pointer|load|ptr|64|0|/opt/rocm-6.4.2/include/hip/amd_detail/hip_assert.h|73|40|11
154,pointer,load,ptr,64,-1,__assert_fail,/opt/rocm-6.4.2/include/hip/amd_detail/hip_assert.h,73,45,7,__assert_fail|pointer|load|ptr|64|-1|/opt/rocm-6.4.2/include/hip/amd_detail/hip_assert.h|73|45|7
155,pointer,load,ptr,64,0,__assert_fail,/opt/rocm-6.4.2/include/hip/amd_detail/hip_assert.h,73,45,12,__assert_fail|pointer|load|ptr|64|0|/opt/rocm-6.4.2/include/hip/amd_detail/hip_assert.h|73|45|12
156,base,load,int,32,-1,__assert_fail,/opt/rocm-6.4.2/include/hip/amd_detail/hip_assert.h,73,51,2,__assert_fail|base|load|int|32|-1|/opt/rocm-6.4.2/include/hip/amd_detail/hip_assert.h|73|51|2
157,pointer,load,ptr,64,0,__assert_fail,/opt/rocm-6.4.2/include/hip/amd_detail/hip_assert.h,73,51,13,__assert_fail|pointer|load|ptr|64|0|/opt/rocm-6.4.2/include/hip/amd_detail/hip_assert.h|73|51|13
158,base,sext,int,64,-1,__assert_fail,/opt/rocm-6.4.2/include/hip/amd_detail/hip_assert.h,73,51,2,__assert_fail|base|sext|int|64|-1|/opt/rocm-6.4.2/include/hip/amd_detail/hip_assert.h|73|51|2
159,operand,sext,int,32,0,__assert_fail,/opt/rocm-6.4.2/include/hip/amd_detail/hip_assert.h,73,51,2,__assert_fail|operand|sext|int|32|0|/opt/rocm-6.4.2/include/hip/amd_detail/hip_assert.h|73|51|2
160,base,call,int,64,-1,__assert_fail,/opt/rocm-6.4.2/include/hip/amd_detail/hip_assert.h,73,9,3,__assert_fail|base|call|int|64|-1|/opt/rocm-6.4.2/include/hip/amd_detail/hip_assert.h|73|9|3
161,operand,call,int,64,0,__assert_fail,/opt/rocm-6.4.2/include/hip/amd_detail/hip_assert.h,73,9,2,__assert_fail|operand|call|int|64|0|/opt/rocm-6.4.2/include/hip/amd_detail/hip_assert.h|73|9|2
162,pointer,call,ptr,64,1,__assert_fail,/opt/rocm-6.4.2/include/hip/amd_detail/hip_assert.h,73,9,3,__assert_fail|pointer|call|ptr|64|1|/opt/rocm-6.4.2/include/hip/amd_detail/hip_assert.h|73|9|3
163,operand,call,int,64,2,__assert_fail,/opt/rocm-6.4.2/include/hip/amd_detail/hip_assert.h,73,9,3,__assert_fail|operand|call|int|64|2|/opt/rocm-6.4.2/include/hip/amd_detail/hip_assert.h|73|9|3
164,operand,call,int,32,3,__assert_fail,/opt/rocm-6.4.2/include/hip/amd_detail/hip_assert.h,73,9,2,__assert_fail|operand|call|int|32|3|/opt/rocm-6.4.2/include/hip/amd_detail/hip_assert.h|73|9|2
165,pointer,call,ptr,64,4,__assert_fail,/opt/rocm-6.4.2/include/hip/amd_detail/hip_assert.h,73,9,3,__assert_fail|pointer|call|ptr|64|4|/opt/rocm-6.4.2/include/hip/amd_detail/hip_assert.h|73|9|3
166,operand,store,int,64,0,__assert_fail,/opt/rocm-6.4.2/include/hip/amd_detail/hip_assert.h,73,7,3,__assert_fail|operand|store|int|64|0|/opt/rocm-6.4.2/include/hip/amd_detail/hip_assert.h|73|7|3
167,pointer,store,ptr,64,1,__assert_fail,/opt/rocm-6.4.2/include/hip/amd_detail/hip_assert.h,73,7,14,__assert_fail|pointer|store|ptr|64|1|/opt/rocm-6.4.2/include/hip/amd_detail/hip_assert.h|73|7|14
168,base,load,int,64,-1,__assert_fail,/opt/rocm-6.4.2/include/hip/amd_detail/hip_assert.h,74,36,3,__assert_fail|base|load|int|64|-1|/opt/rocm-6.4.2/include/hip/amd_detail/hip_assert.h|74|36|3
169,pointer,load,ptr,64,0,__assert_fail,/opt/rocm-6.4.2/include/hip/amd_detail/hip_assert.h,74,36,14,__assert_fail|pointer|load|ptr|64|0|/opt/rocm-6.4.2/include/hip/amd_detail/hip_assert.h|74|36|14
170,base,load,int,32,-1,__assert_fail,/opt/rocm-6.4.2/include/hip/amd_detail/hip_assert.h,74,44,3,__assert_fail|base|load|int|32|-1|/opt/rocm-6.4.2/include/hip/amd_detail/hip_assert.h|74|44|3
171,pointer,load,ptr,64,0,__assert_fail,/opt/rocm-6.4.2/include/hip/amd_detail/hip_assert.h,74,44,15,__assert_fail|pointer|load|ptr|64|0|/opt/rocm-6.4.2/include/hip/amd_detail/hip_assert.h|74|44|15
172,base,zext,int,64,-1,__assert_fail,/opt/rocm-6.4.2/include/hip/amd_detail/hip_assert.h,74,44,1,__assert_fail|base|zext|int|64|-1|/opt/rocm-6.4.2/include/hip/amd_detail/hip_assert.h|74|44|1
173,operand,zext,int,32,0,__assert_fail,/opt/rocm-6.4.2/include/hip/amd_detail/hip_assert.h,74,44,1,__assert_fail|operand|zext|int|32|0|/opt/rocm-6.4.2/include/hip/amd_detail/hip_assert.h|74|44|1
174,base,call,int,64,-1,__assert_fail,/opt/rocm-6.4.2/include/hip/amd_detail/hip_assert.h,74,9,4,__assert_fail|base|call|int|64|-1|/opt/rocm-6.4.2/include/hip/amd_detail/hip_assert.h|74|9|4
175,operand,call,int,64,0,__assert_fail,/opt/rocm-6.4.2/include/hip/amd_detail/hip_assert.h,74,9,3,__assert_fail|operand|call|int|64|0|/opt/rocm-6.4.2/include/hip/amd_detail/hip_assert.h|74|9|3
176,operand,call,int,32,1,__assert_fail,/opt/rocm-6.4.2/include/hip/amd_detail/hip_assert.h,74,9,1,__assert_fail|operand|call|int|32|1|/opt/rocm-6.4.2/include/hip/amd_detail/hip_assert.h|74|9|1
177,operand,call,int,64,2,__assert_fail,/opt/rocm-6.4.2/include/hip/amd_detail/hip_assert.h,74,9,4,__assert_fail|operand|call|int|64|2|/opt/rocm-6.4.2/include/hip/amd_detail/hip_assert.h|74|9|4
178,operand,call,int,64,3,__assert_fail,/opt/rocm-6.4.2/include/hip/amd_detail/hip_assert.h,74,9,1,__assert_fail|operand|call|int|64|3|/opt/rocm-6.4.2/include/hip/amd_detail/hip_assert.h|74|9|1
179,operand,call,int,64,4,__assert_fail,/opt/rocm-6.4.2/include/hip/amd_detail/hip_assert.h,74,9,1,__assert_fail|operand|call|int|64|4|/opt/rocm-6.4.2/include/hip/amd_detail/hip_assert.h|74|9|1
180,operand,call,int,64,5,__assert_fail,/opt/rocm-6.4.2/include/hip/amd_detail/hip_assert.h,74,9,1,__assert_fail|operand|call|int|64|5|/opt/rocm-6.4.2/include/hip/amd_detail/hip_assert.h|74|9|1
181,operand,call,int,64,6,__assert_fail,/opt/rocm-6.4.2/include/hip/amd_detail/hip_assert.h,74,9,1,__assert_fail|operand|call|int|64|6|/opt/rocm-6.4.2/include/hip/amd_detail/hip_assert.h|74|9|1
182,operand,call,int,64,7,__assert_fail,/opt/rocm-6.4.2/include/hip/amd_detail/hip_assert.h,74,9,1,__assert_fail|operand|call|int|64|7|/opt/rocm-6.4.2/include/hip/amd_detail/hip_assert.h|74|9|1
183,operand,call,int,64,8,__assert_fail,/opt/rocm-6.4.2/include/hip/amd_detail/hip_assert.h,74,9,1,__assert_fail|operand|call|int|64|8|/opt/rocm-6.4.2/include/hip/amd_detail/hip_assert.h|74|9|1
184,operand,call,int,32,9,__assert_fail,/opt/rocm-6.4.2/include/hip/amd_detail/hip_assert.h,74,9,1,__assert_fail|operand|call|int|32|9|/opt/rocm-6.4.2/include/hip/amd_detail/hip_assert.h|74|9|1
185,pointer,call,ptr,64,10,__assert_fail,/opt/rocm-6.4.2/include/hip/amd_detail/hip_assert.h,74,9,1,__assert_fail|pointer|call|ptr|64|10|/opt/rocm-6.4.2/include/hip/amd_detail/hip_assert.h|74|9|1
186,operand,store,int,64,0,__assert_fail,/opt/rocm-6.4.2/include/hip/amd_detail/hip_assert.h,74,7,4,__assert_fail|operand|store|int|64|0|/opt/rocm-6.4.2/include/hip/amd_detail/hip_assert.h|74|7|4
187,pointer,store,ptr,64,1,__assert_fail,/opt/rocm-6.4.2/include/hip/amd_detail/hip_assert.h,74,7,15,__assert_fail|pointer|store|ptr|64|1|/opt/rocm-6.4.2/include/hip/amd_detail/hip_assert.h|74|7|15
188,pointer,load,ptr,64,-1,__assert_fail,/opt/rocm-6.4.2/include/hip/amd_detail/hip_assert.h,75,3,8,__assert_fail|pointer|load|ptr|64|-1|/opt/rocm-6.4.2/include/hip/amd_detail/hip_assert.h|75|3|8
189,pointer,load,ptr,64,0,__assert_fail,/opt/rocm-6.4.2/include/hip/amd_detail/hip_assert.h,75,3,16,__assert_fail|pointer|load|ptr|64|0|/opt/rocm-6.4.2/include/hip/amd_detail/hip_assert.h|75|3|16
190,pointer,store,ptr,64,0,__assert_fail,/opt/rocm-6.4.2/include/hip/amd_detail/hip_assert.h,75,3,8,__assert_fail|pointer|store|ptr|64|0|/opt/rocm-6.4.2/include/hip/amd_detail/hip_assert.h|75|3|8
191,pointer,store,ptr,64,1,__assert_fail,/opt/rocm-6.4.2/include/hip/amd_detail/hip_assert.h,75,3,16,__assert_fail|pointer|store|ptr|64|1|/opt/rocm-6.4.2/include/hip/amd_detail/hip_assert.h|75|3|16
192,pointer,load,ptr,64,-1,__assert_fail,/opt/rocm-6.4.2/include/hip/amd_detail/hip_assert.h,75,3,9,__assert_fail|pointer|load|ptr|64|-1|/opt/rocm-6.4.2/include/hip/amd_detail/hip_assert.h|75|3|9
193,pointer,load,ptr,64,0,__assert_fail,/opt/rocm-6.4.2/include/hip/amd_detail/hip_assert.h,75,3,17,__assert_fail|pointer|load|ptr|64|0|/opt/rocm-6.4.2/include/hip/amd_detail/hip_assert.h|75|3|17
194,pointer,getelementptr,ptr,64,-1,__assert_fail,/opt/rocm-6.4.2/include/hip/amd_detail/hip_assert.h,75,3,6,__assert_fail|pointer|getelementptr|ptr|64|-1|/opt/rocm-6.4.2/include/hip/amd_detail/hip_assert.h|75|3|6
195,pointer,getelementptr,ptr,64,0,__assert_fail,/opt/rocm-6.4.2/include/hip/amd_detail/hip_assert.h,75,3,6,__assert_fail|pointer|getelementptr|ptr|64|0|/opt/rocm-6.4.2/include/hip/amd_detail/hip_assert.h|75|3|6
196,operand,getelementptr,int,32,1,__assert_fail,/opt/rocm-6.4.2/include/hip/amd_detail/hip_assert.h,75,3,3,__assert_fail|operand|getelementptr|int|32|1|/opt/rocm-6.4.2/include/hip/amd_detail/hip_assert.h|75|3|3
197,pointer,store,ptr,64,0,__assert_fail,/opt/rocm-6.4.2/include/hip/amd_detail/hip_assert.h,75,3,9,__assert_fail|pointer|store|ptr|64|0|/opt/rocm-6.4.2/include/hip/amd_detail/hip_assert.h|75|3|9
198,pointer,store,ptr,64,1,__assert_fail,/opt/rocm-6.4.2/include/hip/amd_detail/hip_assert.h,75,3,17,__assert_fail|pointer|store|ptr|64|1|/opt/rocm-6.4.2/include/hip/amd_detail/hip_assert.h|75|3|17
199,base,load,int,8,-1,__assert_fail,/opt/rocm-6.4.2/include/hip/amd_detail/hip_assert.h,75,3,3,__assert_fail|base|load|int|8|-1|/opt/rocm-6.4.2/include/hip/amd_detail/hip_assert.h|75|3|3
200,pointer,load,ptr,64,0,__assert_fail,/opt/rocm-6.4.2/include/hip/amd_detail/hip_assert.h,75,3,18,__assert_fail|pointer|load|ptr|64|0|/opt/rocm-6.4.2/include/hip/amd_detail/hip_assert.h|75|3|18
201,base,icmp,int,1,-1,__assert_fail,/opt/rocm-6.4.2/include/hip/amd_detail/hip_assert.h,75,3,3,__assert_fail|base|icmp|int|1|-1|/opt/rocm-6.4.2/include/hip/amd_detail/hip_assert.h|75|3|3
202,operand,icmp,int,8,0,__assert_fail,/opt/rocm-6.4.2/include/hip/amd_detail/hip_assert.h,75,3,3,__assert_fail|operand|icmp|int|8|0|/opt/rocm-6.4.2/include/hip/amd_detail/hip_assert.h|75|3|3
203,operand,icmp,int,8,1,__assert_fail,/opt/rocm-6.4.2/include/hip/amd_detail/hip_assert.h,75,3,3,__assert_fail|operand|icmp|int|8|1|/opt/rocm-6.4.2/include/hip/amd_detail/hip_assert.h|75|3|3
204,operand,br,int,1,0,__assert_fail,/opt/rocm-6.4.2/include/hip/amd_detail/hip_assert.h,75,3,3,__assert_fail|operand|br|int|1|0|/opt/rocm-6.4.2/include/hip/amd_detail/hip_assert.h|75|3|3
205,pointer,load,ptr,64,-1,__assert_fail,/opt/rocm-6.4.2/include/hip/amd_detail/hip_assert.h,75,3,10,__assert_fail|pointer|load|ptr|64|-1|/opt/rocm-6.4.2/include/hip/amd_detail/hip_assert.h|75|3|10
206,pointer,load,ptr,64,0,__assert_fail,/opt/rocm-6.4.2/include/hip/amd_detail/hip_assert.h,75,3,19,__assert_fail|pointer|load|ptr|64|0|/opt/rocm-6.4.2/include/hip/amd_detail/hip_assert.h|75|3|19
207,pointer,load,ptr,64,-1,__assert_fail,/opt/rocm-6.4.2/include/hip/amd_detail/hip_assert.h,75,3,11,__assert_fail|pointer|load|ptr|64|-1|/opt/rocm-6.4.2/include/hip/amd_detail/hip_assert.h|75|3|11
208,pointer,load,ptr,64,0,__assert_fail,/opt/rocm-6.4.2/include/hip/amd_detail/hip_assert.h,75,3,20,__assert_fail|pointer|load|ptr|64|0|/opt/rocm-6.4.2/include/hip/amd_detail/hip_assert.h|75|3|20
209,base,ptrtoint,int,64,-1,__assert_fail,/opt/rocm-6.4.2/include/hip/amd_detail/hip_assert.h,75,3,5,__assert_fail|base|ptrtoint|int|64|-1|/opt/rocm-6.4.2/include/hip/amd_detail/hip_assert.h|75|3|5
210,pointer,ptrtoint,ptr,64,0,__assert_fail,/opt/rocm-6.4.2/include/hip/amd_detail/hip_assert.h,75,3,5,__assert_fail|pointer|ptrtoint|ptr|64|0|/opt/rocm-6.4.2/include/hip/amd_detail/hip_assert.h|75|3|5
211,base,ptrtoint,int,64,-1,__assert_fail,/opt/rocm-6.4.2/include/hip/amd_detail/hip_assert.h,75,3,6,__assert_fail|base|ptrtoint|int|64|-1|/opt/rocm-6.4.2/include/hip/amd_detail/hip_assert.h|75|3|6
212,pointer,ptrtoint,ptr,64,0,__assert_fail,/opt/rocm-6.4.2/include/hip/amd_detail/hip_assert.h,75,3,6,__assert_fail|pointer|ptrtoint|ptr|64|0|/opt/rocm-6.4.2/include/hip/amd_detail/hip_assert.h|75|3|6
213,base,sub,int,64,-1,__assert_fail,/opt/rocm-6.4.2/include/hip/amd_detail/hip_assert.h,75,3,3,__assert_fail|base|sub|int|64|-1|/opt/rocm-6.4.2/include/hip/amd_detail/hip_assert.h|75|3|3
214,operand,sub,int,64,0,__assert_fail,/opt/rocm-6.4.2/include/hip/amd_detail/hip_assert.h,75,3,3,__assert_fail|operand|sub|int|64|0|/opt/rocm-6.4.2/include/hip/amd_detail/hip_assert.h|75|3|3
215,operand,sub,int,64,1,__assert_fail,/opt/rocm-6.4.2/include/hip/amd_detail/hip_assert.h,75,3,3,__assert_fail|operand|sub|int|64|1|/opt/rocm-6.4.2/include/hip/amd_detail/hip_assert.h|75|3|3
216,base,trunc,int,32,-1,__assert_fail,/opt/rocm-6.4.2/include/hip/amd_detail/hip_assert.h,75,3,3,__assert_fail|base|trunc|int|32|-1|/opt/rocm-6.4.2/include/hip/amd_detail/hip_assert.h|75|3|3
217,operand,trunc,int,64,0,__assert_fail,/opt/rocm-6.4.2/include/hip/amd_detail/hip_assert.h,75,3,3,__assert_fail|operand|trunc|int|64|0|/opt/rocm-6.4.2/include/hip/amd_detail/hip_assert.h|75|3|3
218,operand,store,int,32,0,__assert_fail,/opt/rocm-6.4.2/include/hip/amd_detail/hip_assert.h,75,3,5,__assert_fail|operand|store|int|32|0|/opt/rocm-6.4.2/include/hip/amd_detail/hip_assert.h|75|3|5
219,pointer,store,ptr,64,1,__assert_fail,/opt/rocm-6.4.2/include/hip/amd_detail/hip_assert.h,75,3,18,__assert_fail|pointer|store|ptr|64|1|/opt/rocm-6.4.2/include/hip/amd_detail/hip_assert.h|75|3|18
220,base,load,int,64,-1,__assert_fail,/opt/rocm-6.4.2/include/hip/amd_detail/hip_assert.h,76,40,4,__assert_fail|base|load|int|64|-1|/opt/rocm-6.4.2/include/hip/amd_detail/hip_assert.h|76|40|4
221,pointer,load,ptr,64,0,__assert_fail,/opt/rocm-6.4.2/include/hip/amd_detail/hip_assert.h,76,40,21,__assert_fail|pointer|load|ptr|64|0|/opt/rocm-6.4.2/include/hip/amd_detail/hip_assert.h|76|40|21
222,pointer,load,ptr,64,-1,__assert_fail,/opt/rocm-6.4.2/include/hip/amd_detail/hip_assert.h,76,45,12,__assert_fail|pointer|load|ptr|64|-1|/opt/rocm-6.4.2/include/hip/amd_detail/hip_assert.h|76|45|12
223,pointer,load,ptr,64,0,__assert_fail,/opt/rocm-6.4.2/include/hip/amd_detail/hip_assert.h,76,45,22,__assert_fail|pointer|load|ptr|64|0|/opt/rocm-6.4.2/include/hip/amd_detail/hip_assert.h|76|45|22
224,base,load,int,32,-1,__assert_fail,/opt/rocm-6.4.2/include/hip/amd_detail/hip_assert.h,76,55,4,__assert_fail|base|load|int|32|-1|/opt/rocm-6.4.2/include/hip/amd_detail/hip_assert.h|76|55|4
225,pointer,load,ptr,64,0,__assert_fail,/opt/rocm-6.4.2/include/hip/amd_detail/hip_assert.h,76,55,23,__assert_fail|pointer|load|ptr|64|0|/opt/rocm-6.4.2/include/hip/amd_detail/hip_assert.h|76|55|23
226,base,sext,int,64,-1,__assert_fail,/opt/rocm-6.4.2/include/hip/amd_detail/hip_assert.h,76,55,3,__assert_fail|base|sext|int|64|-1|/opt/rocm-6.4.2/include/hip/amd_detail/hip_assert.h|76|55|3
227,operand,sext,int,32,0,__assert_fail,/opt/rocm-6.4.2/include/hip/amd_detail/hip_assert.h,76,55,3,__assert_fail|operand|sext|int|32|0|/opt/rocm-6.4.2/include/hip/amd_detail/hip_assert.h|76|55|3
228,base,call,int,64,-1,__assert_fail,/opt/rocm-6.4.2/include/hip/amd_detail/hip_assert.h,76,9,5,__assert_fail|base|call|int|64|-1|/opt/rocm-6.4.2/include/hip/amd_detail/hip_assert.h|76|9|5
229,operand,call,int,64,0,__assert_fail,/opt/rocm-6.4.2/include/hip/amd_detail/hip_assert.h,76,9,4,__assert_fail|operand|call|int|64|0|/opt/rocm-6.4.2/include/hip/amd_detail/hip_assert.h|76|9|4
230,pointer,call,ptr,64,1,__assert_fail,/opt/rocm-6.4.2/include/hip/amd_detail/hip_assert.h,76,9,4,__assert_fail|pointer|call|ptr|64|1|/opt/rocm-6.4.2/include/hip/amd_detail/hip_assert.h|76|9|4
231,operand,call,int,64,2,__assert_fail,/opt/rocm-6.4.2/include/hip/amd_detail/hip_assert.h,76,9,5,__assert_fail|operand|call|int|64|2|/opt/rocm-6.4.2/include/hip/amd_detail/hip_assert.h|76|9|5
232,operand,call,int,32,3,__assert_fail,/opt/rocm-6.4.2/include/hip/amd_detail/hip_assert.h,76,9,3,__assert_fail|operand|call|int|32|3|/opt/rocm-6.4.2/include/hip/amd_detail/hip_assert.h|76|9|3
233,pointer,call,ptr,64,4,__assert_fail,/opt/rocm-6.4.2/include/hip/amd_detail/hip_assert.h,76,9,4,__assert_fail|pointer|call|ptr|64|4|/opt/rocm-6.4.2/include/hip/amd_detail/hip_assert.h|76|9|4
234,operand,store,int,64,0,__assert_fail,/opt/rocm-6.4.2/include/hip/amd_detail/hip_assert.h,76,7,5,__assert_fail|operand|store|int|64|0|/opt/rocm-6.4.2/include/hip/amd_detail/hip_assert.h|76|7|5
235,pointer,store,ptr,64,1,__assert_fail,/opt/rocm-6.4.2/include/hip/amd_detail/hip_assert.h,76,7,19,__assert_fail|pointer|store|ptr|64|1|/opt/rocm-6.4.2/include/hip/amd_detail/hip_assert.h|76|7|19
236,pointer,load,ptr,64,-1,__assert_fail,/opt/rocm-6.4.2/include/hip/amd_detail/hip_assert.h,77,3,13,__assert_fail|pointer|load|ptr|64|-1|/opt/rocm-6.4.2/include/hip/amd_detail/hip_assert.h|77|3|13
237,pointer,load,ptr,64,0,__assert_fail,/opt/rocm-6.4.2/include/hip/amd_detail/hip_assert.h,77,3,24,__assert_fail|pointer|load|ptr|64|0|/opt/rocm-6.4.2/include/hip/amd_detail/hip_assert.h|77|3|24
238,pointer,store,ptr,64,0,__assert_fail,/opt/rocm-6.4.2/include/hip/amd_detail/hip_assert.h,77,3,10,__assert_fail|pointer|store|ptr|64|0|/opt/rocm-6.4.2/include/hip/amd_detail/hip_assert.h|77|3|10
239,pointer,store,ptr,64,1,__assert_fail,/opt/rocm-6.4.2/include/hip/amd_detail/hip_assert.h,77,3,20,__assert_fail|pointer|store|ptr|64|1|/opt/rocm-6.4.2/include/hip/amd_detail/hip_assert.h|77|3|20
240,pointer,load,ptr,64,-1,__assert_fail,/opt/rocm-6.4.2/include/hip/amd_detail/hip_assert.h,77,3,14,__assert_fail|pointer|load|ptr|64|-1|/opt/rocm-6.4.2/include/hip/amd_detail/hip_assert.h|77|3|14
241,pointer,load,ptr,64,0,__assert_fail,/opt/rocm-6.4.2/include/hip/amd_detail/hip_assert.h,77,3,25,__assert_fail|pointer|load|ptr|64|0|/opt/rocm-6.4.2/include/hip/amd_detail/hip_assert.h|77|3|25
242,pointer,getelementptr,ptr,64,-1,__assert_fail,/opt/rocm-6.4.2/include/hip/amd_detail/hip_assert.h,77,3,7,__assert_fail|pointer|getelementptr|ptr|64|-1|/opt/rocm-6.4.2/include/hip/amd_detail/hip_assert.h|77|3|7
243,pointer,getelementptr,ptr,64,0,__assert_fail,/opt/rocm-6.4.2/include/hip/amd_detail/hip_assert.h,77,3,7,__assert_fail|pointer|getelementptr|ptr|64|0|/opt/rocm-6.4.2/include/hip/amd_detail/hip_assert.h|77|3|7
244,operand,getelementptr,int,32,1,__assert_fail,/opt/rocm-6.4.2/include/hip/amd_detail/hip_assert.h,77,3,4,__assert_fail|operand|getelementptr|int|32|1|/opt/rocm-6.4.2/include/hip/amd_detail/hip_assert.h|77|3|4
245,pointer,store,ptr,64,0,__assert_fail,/opt/rocm-6.4.2/include/hip/amd_detail/hip_assert.h,77,3,11,__assert_fail|pointer|store|ptr|64|0|/opt/rocm-6.4.2/include/hip/amd_detail/hip_assert.h|77|3|11
246,pointer,store,ptr,64,1,__assert_fail,/opt/rocm-6.4.2/include/hip/amd_detail/hip_assert.h,77,3,21,__assert_fail|pointer|store|ptr|64|1|/opt/rocm-6.4.2/include/hip/amd_detail/hip_assert.h|77|3|21
247,base,load,int,8,-1,__assert_fail,/opt/rocm-6.4.2/include/hip/amd_detail/hip_assert.h,77,3,4,__assert_fail|base|load|int|8|-1|/opt/rocm-6.4.2/include/hip/amd_detail/hip_assert.h|77|3|4
248,pointer,load,ptr,64,0,__assert_fail,/opt/rocm-6.4.2/include/hip/amd_detail/hip_assert.h,77,3,26,__assert_fail|pointer|load|ptr|64|0|/opt/rocm-6.4.2/include/hip/amd_detail/hip_assert.h|77|3|26
249,base,icmp,int,1,-1,__assert_fail,/opt/rocm-6.4.2/include/hip/amd_detail/hip_assert.h,77,3,4,__assert_fail|base|icmp|int|1|-1|/opt/rocm-6.4.2/include/hip/amd_detail/hip_assert.h|77|3|4
250,operand,icmp,int,8,0,__assert_fail,/opt/rocm-6.4.2/include/hip/amd_detail/hip_assert.h,77,3,4,__assert_fail|operand|icmp|int|8|0|/opt/rocm-6.4.2/include/hip/amd_detail/hip_assert.h|77|3|4
251,operand,icmp,int,8,1,__assert_fail,/opt/rocm-6.4.2/include/hip/amd_detail/hip_assert.h,77,3,4,__assert_fail|operand|icmp|int|8|1|/opt/rocm-6.4.2/include/hip/amd_detail/hip_assert.h|77|3|4
252,operand,br,int,1,0,__assert_fail,/opt/rocm-6.4.2/include/hip/amd_detail/hip_assert.h,77,3,4,__assert_fail|operand|br|int|1|0|/opt/rocm-6.4.2/include/hip/amd_detail/hip_assert.h|77|3|4
253,pointer,load,ptr,64,-1,__assert_fail,/opt/rocm-6.4.2/include/hip/amd_detail/hip_assert.h,77,3,15,__assert_fail|pointer|load|ptr|64|-1|/opt/rocm-6.4.2/include/hip/amd_detail/hip_assert.h|77|3|15
254,pointer,load,ptr,64,0,__assert_fail,/opt/rocm-6.4.2/include/hip/amd_detail/hip_assert.h,77,3,27,__assert_fail|pointer|load|ptr|64|0|/opt/rocm-6.4.2/include/hip/amd_detail/hip_assert.h|77|3|27
255,pointer,load,ptr,64,-1,__assert_fail,/opt/rocm-6.4.2/include/hip/amd_detail/hip_assert.h,77,3,16,__assert_fail|pointer|load|ptr|64|-1|/opt/rocm-6.4.2/include/hip/amd_detail/hip_assert.h|77|3|16
256,pointer,load,ptr,64,0,__assert_fail,/opt/rocm-6.4.2/include/hip/amd_detail/hip_assert.h,77,3,28,__assert_fail|pointer|load|ptr|64|0|/opt/rocm-6.4.2/include/hip/amd_detail/hip_assert.h|77|3|28
257,base,ptrtoint,int,64,-1,__assert_fail,/opt/rocm-6.4.2/include/hip/amd_detail/hip_assert.h,77,3,7,__assert_fail|base|ptrtoint|int|64|-1|/opt/rocm-6.4.2/include/hip/amd_detail/hip_assert.h|77|3|7
258,pointer,ptrtoint,ptr,64,0,__assert_fail,/opt/rocm-6.4.2/include/hip/amd_detail/hip_assert.h,77,3,7,__assert_fail|pointer|ptrtoint|ptr|64|0|/opt/rocm-6.4.2/include/hip/amd_detail/hip_assert.h|77|3|7
259,base,ptrtoint,int,64,-1,__assert_fail,/opt/rocm-6.4.2/include/hip/amd_detail/hip_assert.h,77,3,8,__assert_fail|base|ptrtoint|int|64|-1|/opt/rocm-6.4.2/include/hip/amd_detail/hip_assert.h|77|3|8
260,pointer,ptrtoint,ptr,64,0,__assert_fail,/opt/rocm-6.4.2/include/hip/amd_detail/hip_assert.h,77,3,8,__assert_fail|pointer|ptrtoint|ptr|64|0|/opt/rocm-6.4.2/include/hip/amd_detail/hip_assert.h|77|3|8
261,base,sub,int,64,-1,__assert_fail,/opt/rocm-6.4.2/include/hip/amd_detail/hip_assert.h,77,3,4,__assert_fail|base|sub|int|64|-1|/opt/rocm-6.4.2/include/hip/amd_detail/hip_assert.h|77|3|4
262,operand,sub,int,64,0,__assert_fail,/opt/rocm-6.4.2/include/hip/amd_detail/hip_assert.h,77,3,4,__assert_fail|operand|sub|int|64|0|/opt/rocm-6.4.2/include/hip/amd_detail/hip_assert.h|77|3|4
263,operand,sub,int,64,1,__assert_fail,/opt/rocm-6.4.2/include/hip/amd_detail/hip_assert.h,77,3,4,__assert_fail|operand|sub|int|64|1|/opt/rocm-6.4.2/include/hip/amd_detail/hip_assert.h|77|3|4
264,base,trunc,int,32,-1,__assert_fail,/opt/rocm-6.4.2/include/hip/amd_detail/hip_assert.h,77,3,4,__assert_fail|base|trunc|int|32|-1|/opt/rocm-6.4.2/include/hip/amd_detail/hip_assert.h|77|3|4
265,operand,trunc,int,64,0,__assert_fail,/opt/rocm-6.4.2/include/hip/amd_detail/hip_assert.h,77,3,4,__assert_fail|operand|trunc|int|64|0|/opt/rocm-6.4.2/include/hip/amd_detail/hip_assert.h|77|3|4
266,operand,store,int,32,0,__assert_fail,/opt/rocm-6.4.2/include/hip/amd_detail/hip_assert.h,77,3,6,__assert_fail|operand|store|int|32|0|/opt/rocm-6.4.2/include/hip/amd_detail/hip_assert.h|77|3|6
267,pointer,store,ptr,64,1,__assert_fail,/opt/rocm-6.4.2/include/hip/amd_detail/hip_assert.h,77,3,22,__assert_fail|pointer|store|ptr|64|1|/opt/rocm-6.4.2/include/hip/amd_detail/hip_assert.h|77|3|22
268,base,load,int,64,-1,__assert_fail,/opt/rocm-6.4.2/include/hip/amd_detail/hip_assert.h,78,34,5,__assert_fail|base|load|int|64|-1|/opt/rocm-6.4.2/include/hip/amd_detail/hip_assert.h|78|34|5
269,pointer,load,ptr,64,0,__assert_fail,/opt/rocm-6.4.2/include/hip/amd_detail/hip_assert.h,78,34,29,__assert_fail|pointer|load|ptr|64|0|/opt/rocm-6.4.2/include/hip/amd_detail/hip_assert.h|78|34|29
270,pointer,load,ptr,64,-1,__assert_fail,/opt/rocm-6.4.2/include/hip/amd_detail/hip_assert.h,78,39,17,__assert_fail|pointer|load|ptr|64|-1|/opt/rocm-6.4.2/include/hip/amd_detail/hip_assert.h|78|39|17
271,pointer,load,ptr,64,0,__assert_fail,/opt/rocm-6.4.2/include/hip/amd_detail/hip_assert.h,78,39,30,__assert_fail|pointer|load|ptr|64|0|/opt/rocm-6.4.2/include/hip/amd_detail/hip_assert.h|78|39|30
272,base,load,int,32,-1,__assert_fail,/opt/rocm-6.4.2/include/hip/amd_detail/hip_assert.h,78,50,5,__assert_fail|base|load|int|32|-1|/opt/rocm-6.4.2/include/hip/amd_detail/hip_assert.h|78|50|5
273,pointer,load,ptr,64,0,__assert_fail,/opt/rocm-6.4.2/include/hip/amd_detail/hip_assert.h,78,50,31,__assert_fail|pointer|load|ptr|64|0|/opt/rocm-6.4.2/include/hip/amd_detail/hip_assert.h|78|50|31
274,base,sext,int,64,-1,__assert_fail,/opt/rocm-6.4.2/include/hip/amd_detail/hip_assert.h,78,50,4,__assert_fail|base|sext|int|64|-1|/opt/rocm-6.4.2/include/hip/amd_detail/hip_assert.h|78|50|4
275,operand,sext,int,32,0,__assert_fail,/opt/rocm-6.4.2/include/hip/amd_detail/hip_assert.h,78,50,4,__assert_fail|operand|sext|int|32|0|/opt/rocm-6.4.2/include/hip/amd_detail/hip_assert.h|78|50|4
276,base,call,int,64,-1,__assert_fail,/opt/rocm-6.4.2/include/hip/amd_detail/hip_assert.h,78,3,6,__assert_fail|base|call|int|64|-1|/opt/rocm-6.4.2/include/hip/amd_detail/hip_assert.h|78|3|6
277,operand,call,int,64,0,__assert_fail,/opt/rocm-6.4.2/include/hip/amd_detail/hip_assert.h,78,3,5,__assert_fail|operand|call|int|64|0|/opt/rocm-6.4.2/include/hip/amd_detail/hip_assert.h|78|3|5
278,pointer,call,ptr,64,1,__assert_fail,/opt/rocm-6.4.2/include/hip/amd_detail/hip_assert.h,78,3,5,__assert_fail|pointer|call|ptr|64|1|/opt/rocm-6.4.2/include/hip/amd_detail/hip_assert.h|78|3|5
279,operand,call,int,64,2,__assert_fail,/opt/rocm-6.4.2/include/hip/amd_detail/hip_assert.h,78,3,6,__assert_fail|operand|call|int|64|2|/opt/rocm-6.4.2/include/hip/amd_detail/hip_assert.h|78|3|6
280,operand,call,int,32,3,__assert_fail,/opt/rocm-6.4.2/include/hip/amd_detail/hip_assert.h,78,3,4,__assert_fail|operand|call|int|32|3|/opt/rocm-6.4.2/include/hip/amd_detail/hip_assert.h|78|3|4
281,pointer,call,ptr,64,4,__assert_fail,/opt/rocm-6.4.2/include/hip/amd_detail/hip_assert.h,78,3,5,__assert_fail|pointer|call|ptr|64|4|/opt/rocm-6.4.2/include/hip/amd_detail/hip_assert.h|78|3|5
282,pointer,call,ptr,64,0,__assert_fail,/opt/rocm-6.4.2/include/hip/amd_detail/hip_assert.h,82,3,3,__assert_fail|pointer|call|ptr|64|0|/opt/rocm-6.4.2/include/hip/amd_detail/hip_assert.h|82|3|3
283,pointer,call,ptr,64,0,__assertfail,/opt/rocm-6.4.2/include/hip/amd_detail/hip_assert.h,89,5,1,__assertfail|pointer|call|ptr|64|0|/opt/rocm-6.4.2/include/hip/amd_detail/hip_assert.h|89|5|1
284,pointer,alloca,ptr,32,-1,_Z9AoSKernelILi4096EEvPK9AppleTreePi,/autofs/nccs-svm1_home2/mdunlavy/GPU_Fault_Injection/HeCBench/src/layout-hip/main.cu,0,0,1,_Z9AoSKernelILi4096EEvPK9AppleTreePi|pointer|alloca|ptr|32|-1|/autofs/nccs-svm1_home2/mdunlavy/GPU_Fault_Injection/HeCBench/src/layout-hip/main.cu|0|0|1
285,operand,alloca,int,32,0,_Z9AoSKernelILi4096EEvPK9AppleTreePi,/autofs/nccs-svm1_home2/mdunlavy/GPU_Fault_Injection/HeCBench/src/layout-hip/main.cu,0,0,1,_Z9AoSKernelILi4096EEvPK9AppleTreePi|operand|alloca|int|32|0|/autofs/nccs-svm1_home2/mdunlavy/GPU_Fault_Injection/HeCBench/src/layout-hip/main.cu|0|0|1
286,pointer,alloca,ptr,32,-1,_Z9AoSKernelILi4096EEvPK9AppleTreePi,/autofs/nccs-svm1_home2/mdunlavy/GPU_Fault_Injection/HeCBench/src/layout-hip/main.cu,0,0,2,_Z9AoSKernelILi4096EEvPK9AppleTreePi|pointer|alloca|ptr|32|-1|/autofs/nccs-svm1_home2/mdunlavy/GPU_Fault_Injection/HeCBench/src/layout-hip/main.cu|0|0|2
287,operand,alloca,int,32,0,_Z9AoSKernelILi4096EEvPK9AppleTreePi,/autofs/nccs-svm1_home2/mdunlavy/GPU_Fault_Injection/HeCBench/src/layout-hip/main.cu,0,0,2,_Z9AoSKernelILi4096EEvPK9AppleTreePi|operand|alloca|int|32|0|/autofs/nccs-svm1_home2/mdunlavy/GPU_Fault_Injection/HeCBench/src/layout-hip/main.cu|0|0|2
288,pointer,alloca,ptr,32,-1,_Z9AoSKernelILi4096EEvPK9AppleTreePi,/autofs/nccs-svm1_home2/mdunlavy/GPU_Fault_Injection/HeCBench/src/layout-hip/main.cu,0,0,3,_Z9AoSKernelILi4096EEvPK9AppleTreePi|pointer|alloca|ptr|32|-1|/autofs/nccs-svm1_home2/mdunlavy/GPU_Fault_Injection/HeCBench/src/layout-hip/main.cu|0|0|3
289,operand,alloca,int,32,0,_Z9AoSKernelILi4096EEvPK9AppleTreePi,/autofs/nccs-svm1_home2/mdunlavy/GPU_Fault_Injection/HeCBench/src/layout-hip/main.cu,0,0,3,_Z9AoSKernelILi4096EEvPK9AppleTreePi|operand|alloca|int|32|0|/autofs/nccs-svm1_home2/mdunlavy/GPU_Fault_Injection/HeCBench/src/layout-hip/main.cu|0|0|3
290,pointer,alloca,ptr,32,-1,_Z9AoSKernelILi4096EEvPK9AppleTreePi,/autofs/nccs-svm1_home2/mdunlavy/GPU_Fault_Injection/HeCBench/src/layout-hip/main.cu,0,0,4,_Z9AoSKernelILi4096EEvPK9AppleTreePi|pointer|alloca|ptr|32|-1|/autofs/nccs-svm1_home2/mdunlavy/GPU_Fault_Injection/HeCBench/src/layout-hip/main.cu|0|0|4
291,operand,alloca,int,32,0,_Z9AoSKernelILi4096EEvPK9AppleTreePi,/autofs/nccs-svm1_home2/mdunlavy/GPU_Fault_Injection/HeCBench/src/layout-hip/main.cu,0,0,4,_Z9AoSKernelILi4096EEvPK9AppleTreePi|operand|alloca|int|32|0|/autofs/nccs-svm1_home2/mdunlavy/GPU_Fault_Injection/HeCBench/src/layout-hip/main.cu|0|0|4
292,pointer,alloca,ptr,32,-1,_Z9AoSKernelILi4096EEvPK9AppleTreePi,/autofs/nccs-svm1_home2/mdunlavy/GPU_Fault_Injection/HeCBench/src/layout-hip/main.cu,0,0,5,_Z9AoSKernelILi4096EEvPK9AppleTreePi|pointer|alloca|ptr|32|-1|/autofs/nccs-svm1_home2/mdunlavy/GPU_Fault_Injection/HeCBench/src/layout-hip/main.cu|0|0|5
293,operand,alloca,int,32,0,_Z9AoSKernelILi4096EEvPK9AppleTreePi,/autofs/nccs-svm1_home2/mdunlavy/GPU_Fault_Injection/HeCBench/src/layout-hip/main.cu,0,0,5,_Z9AoSKernelILi4096EEvPK9AppleTreePi|operand|alloca|int|32|0|/autofs/nccs-svm1_home2/mdunlavy/GPU_Fault_Injection/HeCBench/src/layout-hip/main.cu|0|0|5
294,pointer,alloca,ptr,32,-1,_Z9AoSKernelILi4096EEvPK9AppleTreePi,/autofs/nccs-svm1_home2/mdunlavy/GPU_Fault_Injection/HeCBench/src/layout-hip/main.cu,0,0,6,_Z9AoSKernelILi4096EEvPK9AppleTreePi|pointer|alloca|ptr|32|-1|/autofs/nccs-svm1_home2/mdunlavy/GPU_Fault_Injection/HeCBench/src/layout-hip/main.cu|0|0|6
295,operand,alloca,int,32,0,_Z9AoSKernelILi4096EEvPK9AppleTreePi,/autofs/nccs-svm1_home2/mdunlavy/GPU_Fault_Injection/HeCBench/src/layout-hip/main.cu,0,0,6,_Z9AoSKernelILi4096EEvPK9AppleTreePi|operand|alloca|int|32|0|/autofs/nccs-svm1_home2/mdunlavy/GPU_Fault_Injection/HeCBench/src/layout-hip/main.cu|0|0|6
296,pointer,alloca,ptr,32,-1,_Z9AoSKernelILi4096EEvPK9AppleTreePi,/autofs/nccs-svm1_home2/mdunlavy/GPU_Fault_Injection/HeCBench/src/layout-hip/main.cu,0,0,7,_Z9AoSKernelILi4096EEvPK9AppleTreePi|pointer|alloca|ptr|32|-1|/autofs/nccs-svm1_home2/mdunlavy/GPU_Fault_Injection/HeCBench/src/layout-hip/main.cu|0|0|7
297,operand,alloca,int,32,0,_Z9AoSKernelILi4096EEvPK9AppleTreePi,/autofs/nccs-svm1_home2/mdunlavy/GPU_Fault_Injection/HeCBench/src/layout-hip/main.cu,0,0,7,_Z9AoSKernelILi4096EEvPK9AppleTreePi|operand|alloca|int|32|0|/autofs/nccs-svm1_home2/mdunlavy/GPU_Fault_Injection/HeCBench/src/layout-hip/main.cu|0|0|7
298,pointer,alloca,ptr,32,-1,_Z9AoSKernelILi4096EEvPK9AppleTreePi,/autofs/nccs-svm1_home2/mdunlavy/GPU_Fault_Injection/HeCBench/src/layout-hip/main.cu,0,0,8,_Z9AoSKernelILi4096EEvPK9AppleTreePi|pointer|alloca|ptr|32|-1|/autofs/nccs-svm1_home2/mdunlavy/GPU_Fault_Injection/HeCBench/src/layout-hip/main.cu|0|0|8
299,operand,alloca,int,32,0,_Z9AoSKernelILi4096EEvPK9AppleTreePi,/autofs/nccs-svm1_home2/mdunlavy/GPU_Fault_Injection/HeCBench/src/layout-hip/main.cu,0,0,8,_Z9AoSKernelILi4096EEvPK9AppleTreePi|operand|alloca|int|32|0|/autofs/nccs-svm1_home2/mdunlavy/GPU_Fault_Injection/HeCBench/src/layout-hip/main.cu|0|0|8
300,pointer,alloca,ptr,32,-1,_Z9AoSKernelILi4096EEvPK9AppleTreePi,/autofs/nccs-svm1_home2/mdunlavy/GPU_Fault_Injection/HeCBench/src/layout-hip/main.cu,0,0,9,_Z9AoSKernelILi4096EEvPK9AppleTreePi|pointer|alloca|ptr|32|-1|/autofs/nccs-svm1_home2/mdunlavy/GPU_Fault_Injection/HeCBench/src/layout-hip/main.cu|0|0|9
301,operand,alloca,int,32,0,_Z9AoSKernelILi4096EEvPK9AppleTreePi,/autofs/nccs-svm1_home2/mdunlavy/GPU_Fault_Injection/HeCBench/src/layout-hip/main.cu,0,0,9,_Z9AoSKernelILi4096EEvPK9AppleTreePi|operand|alloca|int|32|0|/autofs/nccs-svm1_home2/mdunlavy/GPU_Fault_Injection/HeCBench/src/layout-hip/main.cu|0|0|9
302,pointer,alloca,ptr,32,-1,_Z9AoSKernelILi4096EEvPK9AppleTreePi,/autofs/nccs-svm1_home2/mdunlavy/GPU_Fault_Injection/HeCBench/src/layout-hip/main.cu,0,0,10,_Z9AoSKernelILi4096EEvPK9AppleTreePi|pointer|alloca|ptr|32|-1|/autofs/nccs-svm1_home2/mdunlavy/GPU_Fault_Injection/HeCBench/src/layout-hip/main.cu|0|0|10
303,operand,alloca,int,32,0,_Z9AoSKernelILi4096EEvPK9AppleTreePi,/autofs/nccs-svm1_home2/mdunlavy/GPU_Fault_Injection/HeCBench/src/layout-hip/main.cu,0,0,10,_Z9AoSKernelILi4096EEvPK9AppleTreePi|operand|alloca|int|32|0|/autofs/nccs-svm1_home2/mdunlavy/GPU_Fault_Injection/HeCBench/src/layout-hip/main.cu|0|0|10
304,pointer,alloca,ptr,32,-1,_Z9AoSKernelILi4096EEvPK9AppleTreePi,/autofs/nccs-svm1_home2/mdunlavy/GPU_Fault_Injection/HeCBench/src/layout-hip/main.cu,0,0,11,_Z9AoSKernelILi4096EEvPK9AppleTreePi|pointer|alloca|ptr|32|-1|/autofs/nccs-svm1_home2/mdunlavy/GPU_Fault_Injection/HeCBench/src/layout-hip/main.cu|0|0|11
305,operand,alloca,int,32,0,_Z9AoSKernelILi4096EEvPK9AppleTreePi,/autofs/nccs-svm1_home2/mdunlavy/GPU_Fault_Injection/HeCBench/src/layout-hip/main.cu,0,0,11,_Z9AoSKernelILi4096EEvPK9AppleTreePi|operand|alloca|int|32|0|/autofs/nccs-svm1_home2/mdunlavy/GPU_Fault_Injection/HeCBench/src/layout-hip/main.cu|0|0|11
306,pointer,alloca,ptr,32,-1,_Z9AoSKernelILi4096EEvPK9AppleTreePi,/autofs/nccs-svm1_home2/mdunlavy/GPU_Fault_Injection/HeCBench/src/layout-hip/main.cu,0,0,12,_Z9AoSKernelILi4096EEvPK9AppleTreePi|pointer|alloca|ptr|32|-1|/autofs/nccs-svm1_home2/mdunlavy/GPU_Fault_Injection/HeCBench/src/layout-hip/main.cu|0|0|12
307,operand,alloca,int,32,0,_Z9AoSKernelILi4096EEvPK9AppleTreePi,/autofs/nccs-svm1_home2/mdunlavy/GPU_Fault_Injection/HeCBench/src/layout-hip/main.cu,0,0,12,_Z9AoSKernelILi4096EEvPK9AppleTreePi|operand|alloca|int|32|0|/autofs/nccs-svm1_home2/mdunlavy/GPU_Fault_Injection/HeCBench/src/layout-hip/main.cu|0|0|12
308,pointer,alloca,ptr,32,-1,_Z9AoSKernelILi4096EEvPK9AppleTreePi,/autofs/nccs-svm1_home2/mdunlavy/GPU_Fault_Injection/HeCBench/src/layout-hip/main.cu,0,0,13,_Z9AoSKernelILi4096EEvPK9AppleTreePi|pointer|alloca|ptr|32|-1|/autofs/nccs-svm1_home2/mdunlavy/GPU_Fault_Injection/HeCBench/src/layout-hip/main.cu|0|0|13
309,operand,alloca,int,32,0,_Z9AoSKernelILi4096EEvPK9AppleTreePi,/autofs/nccs-svm1_home2/mdunlavy/GPU_Fault_Injection/HeCBench/src/layout-hip/main.cu,0,0,13,_Z9AoSKernelILi4096EEvPK9AppleTreePi|operand|alloca|int|32|0|/autofs/nccs-svm1_home2/mdunlavy/GPU_Fault_Injection/HeCBench/src/layout-hip/main.cu|0|0|13
310,pointer,addrspacecast,ptr,64,-1,_Z9AoSKernelILi4096EEvPK9AppleTreePi,/autofs/nccs-svm1_home2/mdunlavy/GPU_Fault_Injection/HeCBench/src/layout-hip/main.cu,0,0,1,_Z9AoSKernelILi4096EEvPK9AppleTreePi|pointer|addrspacecast|ptr|64|-1|/autofs/nccs-svm1_home2/mdunlavy/GPU_Fault_Injection/HeCBench/src/layout-hip/main.cu|0|0|1
311,pointer,addrspacecast,ptr,32,0,_Z9AoSKernelILi4096EEvPK9AppleTreePi,/autofs/nccs-svm1_home2/mdunlavy/GPU_Fault_Injection/HeCBench/src/layout-hip/main.cu,0,0,1,_Z9AoSKernelILi4096EEvPK9AppleTreePi|pointer|addrspacecast|ptr|32|0|/autofs/nccs-svm1_home2/mdunlavy/GPU_Fault_Injection/HeCBench/src/layout-hip/main.cu|0|0|1
312,pointer,addrspacecast,ptr,64,-1,_Z9AoSKernelILi4096EEvPK9AppleTreePi,/autofs/nccs-svm1_home2/mdunlavy/GPU_Fault_Injection/HeCBench/src/layout-hip/main.cu,0,0,2,_Z9AoSKernelILi4096EEvPK9AppleTreePi|pointer|addrspacecast|ptr|64|-1|/autofs/nccs-svm1_home2/mdunlavy/GPU_Fault_Injection/HeCBench/src/layout-hip/main.cu|0|0|2
313,pointer,addrspacecast,ptr,32,0,_Z9AoSKernelILi4096EEvPK9AppleTreePi,/autofs/nccs-svm1_home2/mdunlavy/GPU_Fault_Injection/HeCBench/src/layout-hip/main.cu,0,0,2,_Z9AoSKernelILi4096EEvPK9AppleTreePi|pointer|addrspacecast|ptr|32|0|/autofs/nccs-svm1_home2/mdunlavy/GPU_Fault_Injection/HeCBench/src/layout-hip/main.cu|0|0|2
314,pointer,addrspacecast,ptr,64,-1,_Z9AoSKernelILi4096EEvPK9AppleTreePi,/autofs/nccs-svm1_home2/mdunlavy/GPU_Fault_Injection/HeCBench/src/layout-hip/main.cu,0,0,3,_Z9AoSKernelILi4096EEvPK9AppleTreePi|pointer|addrspacecast|ptr|64|-1|/autofs/nccs-svm1_home2/mdunlavy/GPU_Fault_Injection/HeCBench/src/layout-hip/main.cu|0|0|3
315,pointer,addrspacecast,ptr,32,0,_Z9AoSKernelILi4096EEvPK9AppleTreePi,/autofs/nccs-svm1_home2/mdunlavy/GPU_Fault_Injection/HeCBench/src/layout-hip/main.cu,0,0,3,_Z9AoSKernelILi4096EEvPK9AppleTreePi|pointer|addrspacecast|ptr|32|0|/autofs/nccs-svm1_home2/mdunlavy/GPU_Fault_Injection/HeCBench/src/layout-hip/main.cu|0|0|3
316,pointer,addrspacecast,ptr,64,-1,_Z9AoSKernelILi4096EEvPK9AppleTreePi,/autofs/nccs-svm1_home2/mdunlavy/GPU_Fault_Injection/HeCBench/src/layout-hip/main.cu,0,0,4,_Z9AoSKernelILi4096EEvPK9AppleTreePi|pointer|addrspacecast|ptr|64|-1|/autofs/nccs-svm1_home2/mdunlavy/GPU_Fault_Injection/HeCBench/src/layout-hip/main.cu|0|0|4
317,pointer,addrspacecast,ptr,32,0,_Z9AoSKernelILi4096EEvPK9AppleTreePi,/autofs/nccs-svm1_home2/mdunlavy/GPU_Fault_Injection/HeCBench/src/layout-hip/main.cu,0,0,4,_Z9AoSKernelILi4096EEvPK9AppleTreePi|pointer|addrspacecast|ptr|32|0|/autofs/nccs-svm1_home2/mdunlavy/GPU_Fault_Injection/HeCBench/src/layout-hip/main.cu|0|0|4
318,pointer,addrspacecast,ptr,64,-1,_Z9AoSKernelILi4096EEvPK9AppleTreePi,/autofs/nccs-svm1_home2/mdunlavy/GPU_Fault_Injection/HeCBench/src/layout-hip/main.cu,0,0,5,_Z9AoSKernelILi4096EEvPK9AppleTreePi|pointer|addrspacecast|ptr|64|-1|/autofs/nccs-svm1_home2/mdunlavy/GPU_Fault_Injection/HeCBench/src/layout-hip/main.cu|0|0|5
319,pointer,addrspacecast,ptr,32,0,_Z9AoSKernelILi4096EEvPK9AppleTreePi,/autofs/nccs-svm1_home2/mdunlavy/GPU_Fault_Injection/HeCBench/src/layout-hip/main.cu,0,0,5,_Z9AoSKernelILi4096EEvPK9AppleTreePi|pointer|addrspacecast|ptr|32|0|/autofs/nccs-svm1_home2/mdunlavy/GPU_Fault_Injection/HeCBench/src/layout-hip/main.cu|0|0|5
320,pointer,addrspacecast,ptr,64,-1,_Z9AoSKernelILi4096EEvPK9AppleTreePi,/autofs/nccs-svm1_home2/mdunlavy/GPU_Fault_Injection/HeCBench/src/layout-hip/main.cu,0,0,6,_Z9AoSKernelILi4096EEvPK9AppleTreePi|pointer|addrspacecast|ptr|64|-1|/autofs/nccs-svm1_home2/mdunlavy/GPU_Fault_Injection/HeCBench/src/layout-hip/main.cu|0|0|6
321,pointer,addrspacecast,ptr,32,0,_Z9AoSKernelILi4096EEvPK9AppleTreePi,/autofs/nccs-svm1_home2/mdunlavy/GPU_Fault_Injection/HeCBench/src/layout-hip/main.cu,0,0,6,_Z9AoSKernelILi4096EEvPK9AppleTreePi|pointer|addrspacecast|ptr|32|0|/autofs/nccs-svm1_home2/mdunlavy/GPU_Fault_Injection/HeCBench/src/layout-hip/main.cu|0|0|6
322,pointer,addrspacecast,ptr,64,-1,_Z9AoSKernelILi4096EEvPK9AppleTreePi,/autofs/nccs-svm1_home2/mdunlavy/GPU_Fault_Injection/HeCBench/src/layout-hip/main.cu,0,0,7,_Z9AoSKernelILi4096EEvPK9AppleTreePi|pointer|addrspacecast|ptr|64|-1|/autofs/nccs-svm1_home2/mdunlavy/GPU_Fault_Injection/HeCBench/src/layout-hip/main.cu|0|0|7
323,pointer,addrspacecast,ptr,32,0,_Z9AoSKernelILi4096EEvPK9AppleTreePi,/autofs/nccs-svm1_home2/mdunlavy/GPU_Fault_Injection/HeCBench/src/layout-hip/main.cu,0,0,7,_Z9AoSKernelILi4096EEvPK9AppleTreePi|pointer|addrspacecast|ptr|32|0|/autofs/nccs-svm1_home2/mdunlavy/GPU_Fault_Injection/HeCBench/src/layout-hip/main.cu|0|0|7
324,pointer,addrspacecast,ptr,64,-1,_Z9AoSKernelILi4096EEvPK9AppleTreePi,/autofs/nccs-svm1_home2/mdunlavy/GPU_Fault_Injection/HeCBench/src/layout-hip/main.cu,0,0,8,_Z9AoSKernelILi4096EEvPK9AppleTreePi|pointer|addrspacecast|ptr|64|-1|/autofs/nccs-svm1_home2/mdunlavy/GPU_Fault_Injection/HeCBench/src/layout-hip/main.cu|0|0|8
325,pointer,addrspacecast,ptr,64,0,_Z9AoSKernelILi4096EEvPK9AppleTreePi,/autofs/nccs-svm1_home2/mdunlavy/GPU_Fault_Injection/HeCBench/src/layout-hip/main.cu,0,0,1,_Z9AoSKernelILi4096EEvPK9AppleTreePi|pointer|addrspacecast|ptr|64|0|/autofs/nccs-svm1_home2/mdunlavy/GPU_Fault_Injection/HeCBench/src/layout-hip/main.cu|0|0|1
326,pointer,store,ptr,64,0,_Z9AoSKernelILi4096EEvPK9AppleTreePi,/autofs/nccs-svm1_home2/mdunlavy/GPU_Fault_Injection/HeCBench/src/layout-hip/main.cu,0,0,1,_Z9AoSKernelILi4096EEvPK9AppleTreePi|pointer|store|ptr|64|0|/autofs/nccs-svm1_home2/mdunlavy/GPU_Fault_Injection/HeCBench/src/layout-hip/main.cu|0|0|1
327,pointer,store,ptr,64,1,_Z9AoSKernelILi4096EEvPK9AppleTreePi,/autofs/nccs-svm1_home2/mdunlavy/GPU_Fault_Injection/HeCBench/src/layout-hip/main.cu,0,0,1,_Z9AoSKernelILi4096EEvPK9AppleTreePi|pointer|store|ptr|64|1|/autofs/nccs-svm1_home2/mdunlavy/GPU_Fault_Injection/HeCBench/src/layout-hip/main.cu|0|0|1
328,pointer,load,ptr,64,-1,_Z9AoSKernelILi4096EEvPK9AppleTreePi,/autofs/nccs-svm1_home2/mdunlavy/GPU_Fault_Injection/HeCBench/src/layout-hip/main.cu,0,0,1,_Z9AoSKernelILi4096EEvPK9AppleTreePi|pointer|load|ptr|64|-1|/autofs/nccs-svm1_home2/mdunlavy/GPU_Fault_Injection/HeCBench/src/layout-hip/main.cu|0|0|1
329,pointer,load,ptr,64,0,_Z9AoSKernelILi4096EEvPK9AppleTreePi,/autofs/nccs-svm1_home2/mdunlavy/GPU_Fault_Injection/HeCBench/src/layout-hip/main.cu,0,0,1,_Z9AoSKernelILi4096EEvPK9AppleTreePi|pointer|load|ptr|64|0|/autofs/nccs-svm1_home2/mdunlavy/GPU_Fault_Injection/HeCBench/src/layout-hip/main.cu|0|0|1
330,pointer,addrspacecast,ptr,64,-1,_Z9AoSKernelILi4096EEvPK9AppleTreePi,/autofs/nccs-svm1_home2/mdunlavy/GPU_Fault_Injection/HeCBench/src/layout-hip/main.cu,0,0,9,_Z9AoSKernelILi4096EEvPK9AppleTreePi|pointer|addrspacecast|ptr|64|-1|/autofs/nccs-svm1_home2/mdunlavy/GPU_Fault_Injection/HeCBench/src/layout-hip/main.cu|0|0|9
331,pointer,addrspacecast,ptr,64,0,_Z9AoSKernelILi4096EEvPK9AppleTreePi,/autofs/nccs-svm1_home2/mdunlavy/GPU_Fault_Injection/HeCBench/src/layout-hip/main.cu,0,0,2,_Z9AoSKernelILi4096EEvPK9AppleTreePi|pointer|addrspacecast|ptr|64|0|/autofs/nccs-svm1_home2/mdunlavy/GPU_Fault_Injection/HeCBench/src/layout-hip/main.cu|0|0|2
332,pointer,store,ptr,64,0,_Z9AoSKernelILi4096EEvPK9AppleTreePi,/autofs/nccs-svm1_home2/mdunlavy/GPU_Fault_Injection/HeCBench/src/layout-hip/main.cu,0,0,2,_Z9AoSKernelILi4096EEvPK9AppleTreePi|pointer|store|ptr|64|0|/autofs/nccs-svm1_home2/mdunlavy/GPU_Fault_Injection/HeCBench/src/layout-hip/main.cu|0|0|2
333,pointer,store,ptr,64,1,_Z9AoSKernelILi4096EEvPK9AppleTreePi,/autofs/nccs-svm1_home2/mdunlavy/GPU_Fault_Injection/HeCBench/src/layout-hip/main.cu,0,0,2,_Z9AoSKernelILi4096EEvPK9AppleTreePi|pointer|store|ptr|64|1|/autofs/nccs-svm1_home2/mdunlavy/GPU_Fault_Injection/HeCBench/src/layout-hip/main.cu|0|0|2
334,pointer,load,ptr,64,-1,_Z9AoSKernelILi4096EEvPK9AppleTreePi,/autofs/nccs-svm1_home2/mdunlavy/GPU_Fault_Injection/HeCBench/src/layout-hip/main.cu,0,0,2,_Z9AoSKernelILi4096EEvPK9AppleTreePi|pointer|load|ptr|64|-1|/autofs/nccs-svm1_home2/mdunlavy/GPU_Fault_Injection/HeCBench/src/layout-hip/main.cu|0|0|2
335,pointer,load,ptr,64,0,_Z9AoSKernelILi4096EEvPK9AppleTreePi,/autofs/nccs-svm1_home2/mdunlavy/GPU_Fault_Injection/HeCBench/src/layout-hip/main.cu,0,0,2,_Z9AoSKernelILi4096EEvPK9AppleTreePi|pointer|load|ptr|64|0|/autofs/nccs-svm1_home2/mdunlavy/GPU_Fault_Injection/HeCBench/src/layout-hip/main.cu|0|0|2
336,pointer,store,ptr,64,0,_Z9AoSKernelILi4096EEvPK9AppleTreePi,/autofs/nccs-svm1_home2/mdunlavy/GPU_Fault_Injection/HeCBench/src/layout-hip/main.cu,0,0,3,_Z9AoSKernelILi4096EEvPK9AppleTreePi|pointer|store|ptr|64|0|/autofs/nccs-svm1_home2/mdunlavy/GPU_Fault_Injection/HeCBench/src/layout-hip/main.cu|0|0|3
337,pointer,store,ptr,64,1,_Z9AoSKernelILi4096EEvPK9AppleTreePi,/autofs/nccs-svm1_home2/mdunlavy/GPU_Fault_Injection/HeCBench/src/layout-hip/main.cu,0,0,3,_Z9AoSKernelILi4096EEvPK9AppleTreePi|pointer|store|ptr|64|1|/autofs/nccs-svm1_home2/mdunlavy/GPU_Fault_Injection/HeCBench/src/layout-hip/main.cu|0|0|3
338,pointer,store,ptr,64,0,_Z9AoSKernelILi4096EEvPK9AppleTreePi,/autofs/nccs-svm1_home2/mdunlavy/GPU_Fault_Injection/HeCBench/src/layout-hip/main.cu,0,0,4,_Z9AoSKernelILi4096EEvPK9AppleTreePi|pointer|store|ptr|64|0|/autofs/nccs-svm1_home2/mdunlavy/GPU_Fault_Injection/HeCBench/src/layout-hip/main.cu|0|0|4
339,pointer,store,ptr,64,1,_Z9AoSKernelILi4096EEvPK9AppleTreePi,/autofs/nccs-svm1_home2/mdunlavy/GPU_Fault_Injection/HeCBench/src/layout-hip/main.cu,0,0,4,_Z9AoSKernelILi4096EEvPK9AppleTreePi|pointer|store|ptr|64|1|/autofs/nccs-svm1_home2/mdunlavy/GPU_Fault_Injection/HeCBench/src/layout-hip/main.cu|0|0|4
340,pointer,addrspacecast,ptr,64,-1,_Z9AoSKernelILi4096EEvPK9AppleTreePi,/autofs/nccs-svm1_home2/mdunlavy/GPU_Fault_Injection/HeCBench/src/layout-hip/main.cu,0,0,10,_Z9AoSKernelILi4096EEvPK9AppleTreePi|pointer|addrspacecast|ptr|64|-1|/autofs/nccs-svm1_home2/mdunlavy/GPU_Fault_Injection/HeCBench/src/layout-hip/main.cu|0|0|10
341,pointer,addrspacecast,ptr,32,0,_Z9AoSKernelILi4096EEvPK9AppleTreePi,/autofs/nccs-svm1_home2/mdunlavy/GPU_Fault_Injection/HeCBench/src/layout-hip/main.cu,0,0,8,_Z9AoSKernelILi4096EEvPK9AppleTreePi|pointer|addrspacecast|ptr|32|0|/autofs/nccs-svm1_home2/mdunlavy/GPU_Fault_Injection/HeCBench/src/layout-hip/main.cu|0|0|8
342,pointer,addrspacecast,ptr,64,-1,_Z9AoSKernelILi4096EEvPK9AppleTreePi,/autofs/nccs-svm1_home2/mdunlavy/GPU_Fault_Injection/HeCBench/src/layout-hip/main.cu,0,0,11,_Z9AoSKernelILi4096EEvPK9AppleTreePi|pointer|addrspacecast|ptr|64|-1|/autofs/nccs-svm1_home2/mdunlavy/GPU_Fault_Injection/HeCBench/src/layout-hip/main.cu|0|0|11
343,pointer,addrspacecast,ptr,32,0,_Z9AoSKernelILi4096EEvPK9AppleTreePi,/autofs/nccs-svm1_home2/mdunlavy/GPU_Fault_Injection/HeCBench/src/layout-hip/main.cu,0,0,9,_Z9AoSKernelILi4096EEvPK9AppleTreePi|pointer|addrspacecast|ptr|32|0|/autofs/nccs-svm1_home2/mdunlavy/GPU_Fault_Injection/HeCBench/src/layout-hip/main.cu|0|0|9
344,base,call,int,64,-1,_Z9AoSKernelILi4096EEvPK9AppleTreePi,/opt/rocm-6.4.2/include/hip/amd_detail/amd_hip_runtime.h,270,58,1,_Z9AoSKernelILi4096EEvPK9AppleTreePi|base|call|int|64|-1|/opt/rocm-6.4.2/include/hip/amd_detail/amd_hip_runtime.h|270|58|1
345,operand,call,int,32,0,_Z9AoSKernelILi4096EEvPK9AppleTreePi,/opt/rocm-6.4.2/include/hip/amd_detail/amd_hip_runtime.h,270,58,1,_Z9AoSKernelILi4096EEvPK9AppleTreePi|operand|call|int|32|0|/opt/rocm-6.4.2/include/hip/amd_detail/amd_hip_runtime.h|270|58|1
346,pointer,call,ptr,64,1,_Z9AoSKernelILi4096EEvPK9AppleTreePi,/opt/rocm-6.4.2/include/hip/amd_detail/amd_hip_runtime.h,270,58,1,_Z9AoSKernelILi4096EEvPK9AppleTreePi|pointer|call|ptr|64|1|/opt/rocm-6.4.2/include/hip/amd_detail/amd_hip_runtime.h|270|58|1
347,base,trunc,int,32,-1,_Z9AoSKernelILi4096EEvPK9AppleTreePi,/opt/rocm-6.4.2/include/hip/amd_detail/amd_hip_runtime.h,270,58,1,_Z9AoSKernelILi4096EEvPK9AppleTreePi|base|trunc|int|32|-1|/opt/rocm-6.4.2/include/hip/amd_detail/amd_hip_runtime.h|270|58|1
348,operand,trunc,int,64,0,_Z9AoSKernelILi4096EEvPK9AppleTreePi,/opt/rocm-6.4.2/include/hip/amd_detail/amd_hip_runtime.h,270,58,1,_Z9AoSKernelILi4096EEvPK9AppleTreePi|operand|trunc|int|64|0|/opt/rocm-6.4.2/include/hip/amd_detail/amd_hip_runtime.h|270|58|1
349,pointer,addrspacecast,ptr,64,-1,_Z9AoSKernelILi4096EEvPK9AppleTreePi,/autofs/nccs-svm1_home2/mdunlavy/GPU_Fault_Injection/HeCBench/src/layout-hip/main.cu,0,0,12,_Z9AoSKernelILi4096EEvPK9AppleTreePi|pointer|addrspacecast|ptr|64|-1|/autofs/nccs-svm1_home2/mdunlavy/GPU_Fault_Injection/HeCBench/src/layout-hip/main.cu|0|0|12
350,pointer,addrspacecast,ptr,32,0,_Z9AoSKernelILi4096EEvPK9AppleTreePi,/autofs/nccs-svm1_home2/mdunlavy/GPU_Fault_Injection/HeCBench/src/layout-hip/main.cu,0,0,10,_Z9AoSKernelILi4096EEvPK9AppleTreePi|pointer|addrspacecast|ptr|32|0|/autofs/nccs-svm1_home2/mdunlavy/GPU_Fault_Injection/HeCBench/src/layout-hip/main.cu|0|0|10
351,pointer,addrspacecast,ptr,64,-1,_Z9AoSKernelILi4096EEvPK9AppleTreePi,/autofs/nccs-svm1_home2/mdunlavy/GPU_Fault_Injection/HeCBench/src/layout-hip/main.cu,0,0,13,_Z9AoSKernelILi4096EEvPK9AppleTreePi|pointer|addrspacecast|ptr|64|-1|/autofs/nccs-svm1_home2/mdunlavy/GPU_Fault_Injection/HeCBench/src/layout-hip/main.cu|0|0|13
352,pointer,addrspacecast,ptr,32,0,_Z9AoSKernelILi4096EEvPK9AppleTreePi,/autofs/nccs-svm1_home2/mdunlavy/GPU_Fault_Injection/HeCBench/src/layout-hip/main.cu,0,0,11,_Z9AoSKernelILi4096EEvPK9AppleTreePi|pointer|addrspacecast|ptr|32|0|/autofs/nccs-svm1_home2/mdunlavy/GPU_Fault_Injection/HeCBench/src/layout-hip/main.cu|0|0|11
353,base,call,int,64,-1,_Z9AoSKernelILi4096EEvPK9AppleTreePi,/opt/rocm-6.4.2/include/hip/amd_detail/amd_hip_runtime.h,275,58,2,_Z9AoSKernelILi4096EEvPK9AppleTreePi|base|call|int|64|-1|/opt/rocm-6.4.2/include/hip/amd_detail/amd_hip_runtime.h|275|58|2
354,operand,call,int,32,0,_Z9AoSKernelILi4096EEvPK9AppleTreePi,/opt/rocm-6.4.2/include/hip/amd_detail/amd_hip_runtime.h,275,58,2,_Z9AoSKernelILi4096EEvPK9AppleTreePi|operand|call|int|32|0|/opt/rocm-6.4.2/include/hip/amd_detail/amd_hip_runtime.h|275|58|2
355,pointer,call,ptr,64,1,_Z9AoSKernelILi4096EEvPK9AppleTreePi,/opt/rocm-6.4.2/include/hip/amd_detail/amd_hip_runtime.h,275,58,2,_Z9AoSKernelILi4096EEvPK9AppleTreePi|pointer|call|ptr|64|1|/opt/rocm-6.4.2/include/hip/amd_detail/amd_hip_runtime.h|275|58|2
356,base,trunc,int,32,-1,_Z9AoSKernelILi4096EEvPK9AppleTreePi,/opt/rocm-6.4.2/include/hip/amd_detail/amd_hip_runtime.h,275,58,2,_Z9AoSKernelILi4096EEvPK9AppleTreePi|base|trunc|int|32|-1|/opt/rocm-6.4.2/include/hip/amd_detail/amd_hip_runtime.h|275|58|2
357,operand,trunc,int,64,0,_Z9AoSKernelILi4096EEvPK9AppleTreePi,/opt/rocm-6.4.2/include/hip/amd_detail/amd_hip_runtime.h,275,58,2,_Z9AoSKernelILi4096EEvPK9AppleTreePi|operand|trunc|int|64|0|/opt/rocm-6.4.2/include/hip/amd_detail/amd_hip_runtime.h|275|58|2
358,base,mul,int,32,-1,_Z9AoSKernelILi4096EEvPK9AppleTreePi,/autofs/nccs-svm1_home2/mdunlavy/GPU_Fault_Injection/HeCBench/src/layout-hip/main.cu,44,25,1,_Z9AoSKernelILi4096EEvPK9AppleTreePi|base|mul|int|32|-1|/autofs/nccs-svm1_home2/mdunlavy/GPU_Fault_Injection/HeCBench/src/layout-hip/main.cu|44|25|1
359,operand,mul,int,32,0,_Z9AoSKernelILi4096EEvPK9AppleTreePi,/autofs/nccs-svm1_home2/mdunlavy/GPU_Fault_Injection/HeCBench/src/layout-hip/main.cu,44,25,1,_Z9AoSKernelILi4096EEvPK9AppleTreePi|operand|mul|int|32|0|/autofs/nccs-svm1_home2/mdunlavy/GPU_Fault_Injection/HeCBench/src/layout-hip/main.cu|44|25|1
360,operand,mul,int,32,1,_Z9AoSKernelILi4096EEvPK9AppleTreePi,/autofs/nccs-svm1_home2/mdunlavy/GPU_Fault_Injection/HeCBench/src/layout-hip/main.cu,44,25,1,_Z9AoSKernelILi4096EEvPK9AppleTreePi|operand|mul|int|32|1|/autofs/nccs-svm1_home2/mdunlavy/GPU_Fault_Injection/HeCBench/src/layout-hip/main.cu|44|25|1
361,pointer,addrspacecast,ptr,64,-1,_Z9AoSKernelILi4096EEvPK9AppleTreePi,/autofs/nccs-svm1_home2/mdunlavy/GPU_Fault_Injection/HeCBench/src/layout-hip/main.cu,0,0,14,_Z9AoSKernelILi4096EEvPK9AppleTreePi|pointer|addrspacecast|ptr|64|-1|/autofs/nccs-svm1_home2/mdunlavy/GPU_Fault_Injection/HeCBench/src/layout-hip/main.cu|0|0|14
362,pointer,addrspacecast,ptr,32,0,_Z9AoSKernelILi4096EEvPK9AppleTreePi,/autofs/nccs-svm1_home2/mdunlavy/GPU_Fault_Injection/HeCBench/src/layout-hip/main.cu,0,0,12,_Z9AoSKernelILi4096EEvPK9AppleTreePi|pointer|addrspacecast|ptr|32|0|/autofs/nccs-svm1_home2/mdunlavy/GPU_Fault_Injection/HeCBench/src/layout-hip/main.cu|0|0|12
363,pointer,addrspacecast,ptr,64,-1,_Z9AoSKernelILi4096EEvPK9AppleTreePi,/autofs/nccs-svm1_home2/mdunlavy/GPU_Fault_Injection/HeCBench/src/layout-hip/main.cu,0,0,15,_Z9AoSKernelILi4096EEvPK9AppleTreePi|pointer|addrspacecast|ptr|64|-1|/autofs/nccs-svm1_home2/mdunlavy/GPU_Fault_Injection/HeCBench/src/layout-hip/main.cu|0|0|15
364,pointer,addrspacecast,ptr,32,0,_Z9AoSKernelILi4096EEvPK9AppleTreePi,/autofs/nccs-svm1_home2/mdunlavy/GPU_Fault_Injection/HeCBench/src/layout-hip/main.cu,0,0,13,_Z9AoSKernelILi4096EEvPK9AppleTreePi|pointer|addrspacecast|ptr|32|0|/autofs/nccs-svm1_home2/mdunlavy/GPU_Fault_Injection/HeCBench/src/layout-hip/main.cu|0|0|13
365,base,call,int,64,-1,_Z9AoSKernelILi4096EEvPK9AppleTreePi,/opt/rocm-6.4.2/include/hip/amd_detail/amd_hip_runtime.h,265,59,3,_Z9AoSKernelILi4096EEvPK9AppleTreePi|base|call|int|64|-1|/opt/rocm-6.4.2/include/hip/amd_detail/amd_hip_runtime.h|265|59|3
366,operand,call,int,32,0,_Z9AoSKernelILi4096EEvPK9AppleTreePi,/opt/rocm-6.4.2/include/hip/amd_detail/amd_hip_runtime.h,265,59,3,_Z9AoSKernelILi4096EEvPK9AppleTreePi|operand|call|int|32|0|/opt/rocm-6.4.2/include/hip/amd_detail/amd_hip_runtime.h|265|59|3
367,pointer,call,ptr,64,1,_Z9AoSKernelILi4096EEvPK9AppleTreePi,/opt/rocm-6.4.2/include/hip/amd_detail/amd_hip_runtime.h,265,59,3,_Z9AoSKernelILi4096EEvPK9AppleTreePi|pointer|call|ptr|64|1|/opt/rocm-6.4.2/include/hip/amd_detail/amd_hip_runtime.h|265|59|3
368,base,trunc,int,32,-1,_Z9AoSKernelILi4096EEvPK9AppleTreePi,/opt/rocm-6.4.2/include/hip/amd_detail/amd_hip_runtime.h,265,59,3,_Z9AoSKernelILi4096EEvPK9AppleTreePi|base|trunc|int|32|-1|/opt/rocm-6.4.2/include/hip/amd_detail/amd_hip_runtime.h|265|59|3
369,operand,trunc,int,64,0,_Z9AoSKernelILi4096EEvPK9AppleTreePi,/opt/rocm-6.4.2/include/hip/amd_detail/amd_hip_runtime.h,265,59,3,_Z9AoSKernelILi4096EEvPK9AppleTreePi|operand|trunc|int|64|0|/opt/rocm-6.4.2/include/hip/amd_detail/amd_hip_runtime.h|265|59|3
370,base,add,int,32,-1,_Z9AoSKernelILi4096EEvPK9AppleTreePi,/autofs/nccs-svm1_home2/mdunlavy/GPU_Fault_Injection/HeCBench/src/layout-hip/main.cu,44,38,1,_Z9AoSKernelILi4096EEvPK9AppleTreePi|base|add|int|32|-1|/autofs/nccs-svm1_home2/mdunlavy/GPU_Fault_Injection/HeCBench/src/layout-hip/main.cu|44|38|1
371,operand,add,int,32,0,_Z9AoSKernelILi4096EEvPK9AppleTreePi,/autofs/nccs-svm1_home2/mdunlavy/GPU_Fault_Injection/HeCBench/src/layout-hip/main.cu,44,38,1,_Z9AoSKernelILi4096EEvPK9AppleTreePi|operand|add|int|32|0|/autofs/nccs-svm1_home2/mdunlavy/GPU_Fault_Injection/HeCBench/src/layout-hip/main.cu|44|38|1
372,operand,add,int,32,1,_Z9AoSKernelILi4096EEvPK9AppleTreePi,/autofs/nccs-svm1_home2/mdunlavy/GPU_Fault_Injection/HeCBench/src/layout-hip/main.cu,44,38,1,_Z9AoSKernelILi4096EEvPK9AppleTreePi|operand|add|int|32|1|/autofs/nccs-svm1_home2/mdunlavy/GPU_Fault_Injection/HeCBench/src/layout-hip/main.cu|44|38|1
373,operand,store,int,32,0,_Z9AoSKernelILi4096EEvPK9AppleTreePi,/autofs/nccs-svm1_home2/mdunlavy/GPU_Fault_Injection/HeCBench/src/layout-hip/main.cu,44,8,1,_Z9AoSKernelILi4096EEvPK9AppleTreePi|operand|store|int|32|0|/autofs/nccs-svm1_home2/mdunlavy/GPU_Fault_Injection/HeCBench/src/layout-hip/main.cu|44|8|1
374,pointer,store,ptr,64,1,_Z9AoSKernelILi4096EEvPK9AppleTreePi,/autofs/nccs-svm1_home2/mdunlavy/GPU_Fault_Injection/HeCBench/src/layout-hip/main.cu,44,8,5,_Z9AoSKernelILi4096EEvPK9AppleTreePi|pointer|store|ptr|64|1|/autofs/nccs-svm1_home2/mdunlavy/GPU_Fault_Injection/HeCBench/src/layout-hip/main.cu|44|8|5
375,operand,store,int,32,0,_Z9AoSKernelILi4096EEvPK9AppleTreePi,/autofs/nccs-svm1_home2/mdunlavy/GPU_Fault_Injection/HeCBench/src/layout-hip/main.cu,45,8,2,_Z9AoSKernelILi4096EEvPK9AppleTreePi|operand|store|int|32|0|/autofs/nccs-svm1_home2/mdunlavy/GPU_Fault_Injection/HeCBench/src/layout-hip/main.cu|45|8|2
376,pointer,store,ptr,64,1,_Z9AoSKernelILi4096EEvPK9AppleTreePi,/autofs/nccs-svm1_home2/mdunlavy/GPU_Fault_Injection/HeCBench/src/layout-hip/main.cu,45,8,6,_Z9AoSKernelILi4096EEvPK9AppleTreePi|pointer|store|ptr|64|1|/autofs/nccs-svm1_home2/mdunlavy/GPU_Fault_Injection/HeCBench/src/layout-hip/main.cu|45|8|6
377,operand,store,int,32,0,_Z9AoSKernelILi4096EEvPK9AppleTreePi,/autofs/nccs-svm1_home2/mdunlavy/GPU_Fault_Injection/HeCBench/src/layout-hip/main.cu,46,11,3,_Z9AoSKernelILi4096EEvPK9AppleTreePi|operand|store|int|32|0|/autofs/nccs-svm1_home2/mdunlavy/GPU_Fault_Injection/HeCBench/src/layout-hip/main.cu|46|11|3
378,pointer,store,ptr,64,1,_Z9AoSKernelILi4096EEvPK9AppleTreePi,/autofs/nccs-svm1_home2/mdunlavy/GPU_Fault_Injection/HeCBench/src/layout-hip/main.cu,46,11,7,_Z9AoSKernelILi4096EEvPK9AppleTreePi|pointer|store|ptr|64|1|/autofs/nccs-svm1_home2/mdunlavy/GPU_Fault_Injection/HeCBench/src/layout-hip/main.cu|46|11|7
379,base,load,int,32,-1,_Z9AoSKernelILi4096EEvPK9AppleTreePi,/autofs/nccs-svm1_home2/mdunlavy/GPU_Fault_Injection/HeCBench/src/layout-hip/main.cu,46,18,1,_Z9AoSKernelILi4096EEvPK9AppleTreePi|base|load|int|32|-1|/autofs/nccs-svm1_home2/mdunlavy/GPU_Fault_Injection/HeCBench/src/layout-hip/main.cu|46|18|1
380,pointer,load,ptr,64,0,_Z9AoSKernelILi4096EEvPK9AppleTreePi,/autofs/nccs-svm1_home2/mdunlavy/GPU_Fault_Injection/HeCBench/src/layout-hip/main.cu,46,18,3,_Z9AoSKernelILi4096EEvPK9AppleTreePi|pointer|load|ptr|64|0|/autofs/nccs-svm1_home2/mdunlavy/GPU_Fault_Injection/HeCBench/src/layout-hip/main.cu|46|18|3
381,base,icmp,int,1,-1,_Z9AoSKernelILi4096EEvPK9AppleTreePi,/autofs/nccs-svm1_home2/mdunlavy/GPU_Fault_Injection/HeCBench/src/layout-hip/main.cu,46,20,1,_Z9AoSKernelILi4096EEvPK9AppleTreePi|base|icmp|int|1|-1|/autofs/nccs-svm1_home2/mdunlavy/GPU_Fault_Injection/HeCBench/src/layout-hip/main.cu|46|20|1
382,operand,icmp,int,32,0,_Z9AoSKernelILi4096EEvPK9AppleTreePi,/autofs/nccs-svm1_home2/mdunlavy/GPU_Fault_Injection/HeCBench/src/layout-hip/main.cu,46,20,1,_Z9AoSKernelILi4096EEvPK9AppleTreePi|operand|icmp|int|32|0|/autofs/nccs-svm1_home2/mdunlavy/GPU_Fault_Injection/HeCBench/src/layout-hip/main.cu|46|20|1
383,operand,icmp,int,32,1,_Z9AoSKernelILi4096EEvPK9AppleTreePi,/autofs/nccs-svm1_home2/mdunlavy/GPU_Fault_Injection/HeCBench/src/layout-hip/main.cu,46,20,1,_Z9AoSKernelILi4096EEvPK9AppleTreePi|operand|icmp|int|32|1|/autofs/nccs-svm1_home2/mdunlavy/GPU_Fault_Injection/HeCBench/src/layout-hip/main.cu|46|20|1
384,operand,br,int,1,0,_Z9AoSKernelILi4096EEvPK9AppleTreePi,/autofs/nccs-svm1_home2/mdunlavy/GPU_Fault_Injection/HeCBench/src/layout-hip/main.cu,46,3,1,_Z9AoSKernelILi4096EEvPK9AppleTreePi|operand|br|int|1|0|/autofs/nccs-svm1_home2/mdunlavy/GPU_Fault_Injection/HeCBench/src/layout-hip/main.cu|46|3|1
385,pointer,load,ptr,64,-1,_Z9AoSKernelILi4096EEvPK9AppleTreePi,/autofs/nccs-svm1_home2/mdunlavy/GPU_Fault_Injection/HeCBench/src/layout-hip/main.cu,48,12,3,_Z9AoSKernelILi4096EEvPK9AppleTreePi|pointer|load|ptr|64|-1|/autofs/nccs-svm1_home2/mdunlavy/GPU_Fault_Injection/HeCBench/src/layout-hip/main.cu|48|12|3
386,pointer,load,ptr,64,0,_Z9AoSKernelILi4096EEvPK9AppleTreePi,/autofs/nccs-svm1_home2/mdunlavy/GPU_Fault_Injection/HeCBench/src/layout-hip/main.cu,48,12,4,_Z9AoSKernelILi4096EEvPK9AppleTreePi|pointer|load|ptr|64|0|/autofs/nccs-svm1_home2/mdunlavy/GPU_Fault_Injection/HeCBench/src/layout-hip/main.cu|48|12|4
387,base,load,int,32,-1,_Z9AoSKernelILi4096EEvPK9AppleTreePi,/autofs/nccs-svm1_home2/mdunlavy/GPU_Fault_Injection/HeCBench/src/layout-hip/main.cu,48,18,2,_Z9AoSKernelILi4096EEvPK9AppleTreePi|base|load|int|32|-1|/autofs/nccs-svm1_home2/mdunlavy/GPU_Fault_Injection/HeCBench/src/layout-hip/main.cu|48|18|2
388,pointer,load,ptr,64,0,_Z9AoSKernelILi4096EEvPK9AppleTreePi,/autofs/nccs-svm1_home2/mdunlavy/GPU_Fault_Injection/HeCBench/src/layout-hip/main.cu,48,18,5,_Z9AoSKernelILi4096EEvPK9AppleTreePi|pointer|load|ptr|64|0|/autofs/nccs-svm1_home2/mdunlavy/GPU_Fault_Injection/HeCBench/src/layout-hip/main.cu|48|18|5
389,base,zext,int,64,-1,_Z9AoSKernelILi4096EEvPK9AppleTreePi,/autofs/nccs-svm1_home2/mdunlavy/GPU_Fault_Injection/HeCBench/src/layout-hip/main.cu,48,12,1,_Z9AoSKernelILi4096EEvPK9AppleTreePi|base|zext|int|64|-1|/autofs/nccs-svm1_home2/mdunlavy/GPU_Fault_Injection/HeCBench/src/layout-hip/main.cu|48|12|1
390,operand,zext,int,32,0,_Z9AoSKernelILi4096EEvPK9AppleTreePi,/autofs/nccs-svm1_home2/mdunlavy/GPU_Fault_Injection/HeCBench/src/layout-hip/main.cu,48,12,1,_Z9AoSKernelILi4096EEvPK9AppleTreePi|operand|zext|int|32|0|/autofs/nccs-svm1_home2/mdunlavy/GPU_Fault_Injection/HeCBench/src/layout-hip/main.cu|48|12|1
391,pointer,getelementptr,ptr,64,-1,_Z9AoSKernelILi4096EEvPK9AppleTreePi,/autofs/nccs-svm1_home2/mdunlavy/GPU_Fault_Injection/HeCBench/src/layout-hip/main.cu,48,12,1,_Z9AoSKernelILi4096EEvPK9AppleTreePi|pointer|getelementptr|ptr|64|-1|/autofs/nccs-svm1_home2/mdunlavy/GPU_Fault_Injection/HeCBench/src/layout-hip/main.cu|48|12|1
392,pointer,getelementptr,ptr,64,0,_Z9AoSKernelILi4096EEvPK9AppleTreePi,/autofs/nccs-svm1_home2/mdunlavy/GPU_Fault_Injection/HeCBench/src/layout-hip/main.cu,48,12,1,_Z9AoSKernelILi4096EEvPK9AppleTreePi|pointer|getelementptr|ptr|64|0|/autofs/nccs-svm1_home2/mdunlavy/GPU_Fault_Injection/HeCBench/src/layout-hip/main.cu|48|12|1
393,operand,getelementptr,int,64,1,_Z9AoSKernelILi4096EEvPK9AppleTreePi,/autofs/nccs-svm1_home2/mdunlavy/GPU_Fault_Injection/HeCBench/src/layout-hip/main.cu,48,12,1,_Z9AoSKernelILi4096EEvPK9AppleTreePi|operand|getelementptr|int|64|1|/autofs/nccs-svm1_home2/mdunlavy/GPU_Fault_Injection/HeCBench/src/layout-hip/main.cu|48|12|1
394,pointer,getelementptr,ptr,64,-1,_Z9AoSKernelILi4096EEvPK9AppleTreePi,/autofs/nccs-svm1_home2/mdunlavy/GPU_Fault_Injection/HeCBench/src/layout-hip/main.cu,48,23,2,_Z9AoSKernelILi4096EEvPK9AppleTreePi|pointer|getelementptr|ptr|64|-1|/autofs/nccs-svm1_home2/mdunlavy/GPU_Fault_Injection/HeCBench/src/layout-hip/main.cu|48|23|2
395,pointer,getelementptr,ptr,64,0,_Z9AoSKernelILi4096EEvPK9AppleTreePi,/autofs/nccs-svm1_home2/mdunlavy/GPU_Fault_Injection/HeCBench/src/layout-hip/main.cu,48,23,2,_Z9AoSKernelILi4096EEvPK9AppleTreePi|pointer|getelementptr|ptr|64|0|/autofs/nccs-svm1_home2/mdunlavy/GPU_Fault_Injection/HeCBench/src/layout-hip/main.cu|48|23|2
396,operand,getelementptr,int,32,1,_Z9AoSKernelILi4096EEvPK9AppleTreePi,/autofs/nccs-svm1_home2/mdunlavy/GPU_Fault_Injection/HeCBench/src/layout-hip/main.cu,48,23,1,_Z9AoSKernelILi4096EEvPK9AppleTreePi|operand|getelementptr|int|32|1|/autofs/nccs-svm1_home2/mdunlavy/GPU_Fault_Injection/HeCBench/src/layout-hip/main.cu|48|23|1
397,operand,getelementptr,int,32,2,_Z9AoSKernelILi4096EEvPK9AppleTreePi,/autofs/nccs-svm1_home2/mdunlavy/GPU_Fault_Injection/HeCBench/src/layout-hip/main.cu,48,23,1,_Z9AoSKernelILi4096EEvPK9AppleTreePi|operand|getelementptr|int|32|2|/autofs/nccs-svm1_home2/mdunlavy/GPU_Fault_Injection/HeCBench/src/layout-hip/main.cu|48|23|1
398,base,load,int,32,-1,_Z9AoSKernelILi4096EEvPK9AppleTreePi,/autofs/nccs-svm1_home2/mdunlavy/GPU_Fault_Injection/HeCBench/src/layout-hip/main.cu,48,30,3,_Z9AoSKernelILi4096EEvPK9AppleTreePi|base|load|int|32|-1|/autofs/nccs-svm1_home2/mdunlavy/GPU_Fault_Injection/HeCBench/src/layout-hip/main.cu|48|30|3
399,pointer,load,ptr,64,0,_Z9AoSKernelILi4096EEvPK9AppleTreePi,/autofs/nccs-svm1_home2/mdunlavy/GPU_Fault_Injection/HeCBench/src/layout-hip/main.cu,48,30,6,_Z9AoSKernelILi4096EEvPK9AppleTreePi|pointer|load|ptr|64|0|/autofs/nccs-svm1_home2/mdunlavy/GPU_Fault_Injection/HeCBench/src/layout-hip/main.cu|48|30|6
400,base,sext,int,64,-1,_Z9AoSKernelILi4096EEvPK9AppleTreePi,/autofs/nccs-svm1_home2/mdunlavy/GPU_Fault_Injection/HeCBench/src/layout-hip/main.cu,48,12,1,_Z9AoSKernelILi4096EEvPK9AppleTreePi|base|sext|int|64|-1|/autofs/nccs-svm1_home2/mdunlavy/GPU_Fault_Injection/HeCBench/src/layout-hip/main.cu|48|12|1
401,operand,sext,int,32,0,_Z9AoSKernelILi4096EEvPK9AppleTreePi,/autofs/nccs-svm1_home2/mdunlavy/GPU_Fault_Injection/HeCBench/src/layout-hip/main.cu,48,12,1,_Z9AoSKernelILi4096EEvPK9AppleTreePi|operand|sext|int|32|0|/autofs/nccs-svm1_home2/mdunlavy/GPU_Fault_Injection/HeCBench/src/layout-hip/main.cu|48|12|1
402,pointer,getelementptr,ptr,64,-1,_Z9AoSKernelILi4096EEvPK9AppleTreePi,/autofs/nccs-svm1_home2/mdunlavy/GPU_Fault_Injection/HeCBench/src/layout-hip/main.cu,48,12,3,_Z9AoSKernelILi4096EEvPK9AppleTreePi|pointer|getelementptr|ptr|64|-1|/autofs/nccs-svm1_home2/mdunlavy/GPU_Fault_Injection/HeCBench/src/layout-hip/main.cu|48|12|3
403,pointer,getelementptr,ptr,64,0,_Z9AoSKernelILi4096EEvPK9AppleTreePi,/autofs/nccs-svm1_home2/mdunlavy/GPU_Fault_Injection/HeCBench/src/layout-hip/main.cu,48,12,3,_Z9AoSKernelILi4096EEvPK9AppleTreePi|pointer|getelementptr|ptr|64|0|/autofs/nccs-svm1_home2/mdunlavy/GPU_Fault_Injection/HeCBench/src/layout-hip/main.cu|48|12|3
404,operand,getelementptr,int,64,1,_Z9AoSKernelILi4096EEvPK9AppleTreePi,/autofs/nccs-svm1_home2/mdunlavy/GPU_Fault_Injection/HeCBench/src/layout-hip/main.cu,48,12,2,_Z9AoSKernelILi4096EEvPK9AppleTreePi|operand|getelementptr|int|64|1|/autofs/nccs-svm1_home2/mdunlavy/GPU_Fault_Injection/HeCBench/src/layout-hip/main.cu|48|12|2
405,operand,getelementptr,int,64,2,_Z9AoSKernelILi4096EEvPK9AppleTreePi,/autofs/nccs-svm1_home2/mdunlavy/GPU_Fault_Injection/HeCBench/src/layout-hip/main.cu,48,12,1,_Z9AoSKernelILi4096EEvPK9AppleTreePi|operand|getelementptr|int|64|2|/autofs/nccs-svm1_home2/mdunlavy/GPU_Fault_Injection/HeCBench/src/layout-hip/main.cu|48|12|1
406,base,load,int,32,-1,_Z9AoSKernelILi4096EEvPK9AppleTreePi,/autofs/nccs-svm1_home2/mdunlavy/GPU_Fault_Injection/HeCBench/src/layout-hip/main.cu,48,12,4,_Z9AoSKernelILi4096EEvPK9AppleTreePi|base|load|int|32|-1|/autofs/nccs-svm1_home2/mdunlavy/GPU_Fault_Injection/HeCBench/src/layout-hip/main.cu|48|12|4
407,pointer,load,ptr,64,0,_Z9AoSKernelILi4096EEvPK9AppleTreePi,/autofs/nccs-svm1_home2/mdunlavy/GPU_Fault_Injection/HeCBench/src/layout-hip/main.cu,48,12,7,_Z9AoSKernelILi4096EEvPK9AppleTreePi|pointer|load|ptr|64|0|/autofs/nccs-svm1_home2/mdunlavy/GPU_Fault_Injection/HeCBench/src/layout-hip/main.cu|48|12|7
408,base,load,int,32,-1,_Z9AoSKernelILi4096EEvPK9AppleTreePi,/autofs/nccs-svm1_home2/mdunlavy/GPU_Fault_Injection/HeCBench/src/layout-hip/main.cu,48,9,5,_Z9AoSKernelILi4096EEvPK9AppleTreePi|base|load|int|32|-1|/autofs/nccs-svm1_home2/mdunlavy/GPU_Fault_Injection/HeCBench/src/layout-hip/main.cu|48|9|5
409,pointer,load,ptr,64,0,_Z9AoSKernelILi4096EEvPK9AppleTreePi,/autofs/nccs-svm1_home2/mdunlavy/GPU_Fault_Injection/HeCBench/src/layout-hip/main.cu,48,9,8,_Z9AoSKernelILi4096EEvPK9AppleTreePi|pointer|load|ptr|64|0|/autofs/nccs-svm1_home2/mdunlavy/GPU_Fault_Injection/HeCBench/src/layout-hip/main.cu|48|9|8
410,base,add,int,32,-1,_Z9AoSKernelILi4096EEvPK9AppleTreePi,/autofs/nccs-svm1_home2/mdunlavy/GPU_Fault_Injection/HeCBench/src/layout-hip/main.cu,48,9,2,_Z9AoSKernelILi4096EEvPK9AppleTreePi|base|add|int|32|-1|/autofs/nccs-svm1_home2/mdunlavy/GPU_Fault_Injection/HeCBench/src/layout-hip/main.cu|48|9|2
411,operand,add,int,32,0,_Z9AoSKernelILi4096EEvPK9AppleTreePi,/autofs/nccs-svm1_home2/mdunlavy/GPU_Fault_Injection/HeCBench/src/layout-hip/main.cu,48,9,2,_Z9AoSKernelILi4096EEvPK9AppleTreePi|operand|add|int|32|0|/autofs/nccs-svm1_home2/mdunlavy/GPU_Fault_Injection/HeCBench/src/layout-hip/main.cu|48|9|2
412,operand,add,int,32,1,_Z9AoSKernelILi4096EEvPK9AppleTreePi,/autofs/nccs-svm1_home2/mdunlavy/GPU_Fault_Injection/HeCBench/src/layout-hip/main.cu,48,9,2,_Z9AoSKernelILi4096EEvPK9AppleTreePi|operand|add|int|32|1|/autofs/nccs-svm1_home2/mdunlavy/GPU_Fault_Injection/HeCBench/src/layout-hip/main.cu|48|9|2
413,operand,store,int,32,0,_Z9AoSKernelILi4096EEvPK9AppleTreePi,/autofs/nccs-svm1_home2/mdunlavy/GPU_Fault_Injection/HeCBench/src/layout-hip/main.cu,48,9,4,_Z9AoSKernelILi4096EEvPK9AppleTreePi|operand|store|int|32|0|/autofs/nccs-svm1_home2/mdunlavy/GPU_Fault_Injection/HeCBench/src/layout-hip/main.cu|48|9|4
414,pointer,store,ptr,64,1,_Z9AoSKernelILi4096EEvPK9AppleTreePi,/autofs/nccs-svm1_home2/mdunlavy/GPU_Fault_Injection/HeCBench/src/layout-hip/main.cu,48,9,8,_Z9AoSKernelILi4096EEvPK9AppleTreePi|pointer|store|ptr|64|1|/autofs/nccs-svm1_home2/mdunlavy/GPU_Fault_Injection/HeCBench/src/layout-hip/main.cu|48|9|8
415,base,load,int,32,-1,_Z9AoSKernelILi4096EEvPK9AppleTreePi,/autofs/nccs-svm1_home2/mdunlavy/GPU_Fault_Injection/HeCBench/src/layout-hip/main.cu,46,33,6,_Z9AoSKernelILi4096EEvPK9AppleTreePi|base|load|int|32|-1|/autofs/nccs-svm1_home2/mdunlavy/GPU_Fault_Injection/HeCBench/src/layout-hip/main.cu|46|33|6
416,pointer,load,ptr,64,0,_Z9AoSKernelILi4096EEvPK9AppleTreePi,/autofs/nccs-svm1_home2/mdunlavy/GPU_Fault_Injection/HeCBench/src/layout-hip/main.cu,46,33,9,_Z9AoSKernelILi4096EEvPK9AppleTreePi|pointer|load|ptr|64|0|/autofs/nccs-svm1_home2/mdunlavy/GPU_Fault_Injection/HeCBench/src/layout-hip/main.cu|46|33|9
417,base,add,int,32,-1,_Z9AoSKernelILi4096EEvPK9AppleTreePi,/autofs/nccs-svm1_home2/mdunlavy/GPU_Fault_Injection/HeCBench/src/layout-hip/main.cu,46,33,3,_Z9AoSKernelILi4096EEvPK9AppleTreePi|base|add|int|32|-1|/autofs/nccs-svm1_home2/mdunlavy/GPU_Fault_Injection/HeCBench/src/layout-hip/main.cu|46|33|3
418,operand,add,int,32,0,_Z9AoSKernelILi4096EEvPK9AppleTreePi,/autofs/nccs-svm1_home2/mdunlavy/GPU_Fault_Injection/HeCBench/src/layout-hip/main.cu,46,33,3,_Z9AoSKernelILi4096EEvPK9AppleTreePi|operand|add|int|32|0|/autofs/nccs-svm1_home2/mdunlavy/GPU_Fault_Injection/HeCBench/src/layout-hip/main.cu|46|33|3
419,operand,add,int,32,1,_Z9AoSKernelILi4096EEvPK9AppleTreePi,/autofs/nccs-svm1_home2/mdunlavy/GPU_Fault_Injection/HeCBench/src/layout-hip/main.cu,46,33,3,_Z9AoSKernelILi4096EEvPK9AppleTreePi|operand|add|int|32|1|/autofs/nccs-svm1_home2/mdunlavy/GPU_Fault_Injection/HeCBench/src/layout-hip/main.cu|46|33|3
420,operand,store,int,32,0,_Z9AoSKernelILi4096EEvPK9AppleTreePi,/autofs/nccs-svm1_home2/mdunlavy/GPU_Fault_Injection/HeCBench/src/layout-hip/main.cu,46,33,5,_Z9AoSKernelILi4096EEvPK9AppleTreePi|operand|store|int|32|0|/autofs/nccs-svm1_home2/mdunlavy/GPU_Fault_Injection/HeCBench/src/layout-hip/main.cu|46|33|5
421,pointer,store,ptr,64,1,_Z9AoSKernelILi4096EEvPK9AppleTreePi,/autofs/nccs-svm1_home2/mdunlavy/GPU_Fault_Injection/HeCBench/src/layout-hip/main.cu,46,33,9,_Z9AoSKernelILi4096EEvPK9AppleTreePi|pointer|store|ptr|64|1|/autofs/nccs-svm1_home2/mdunlavy/GPU_Fault_Injection/HeCBench/src/layout-hip/main.cu|46|33|9
422,base,load,int,32,-1,_Z9AoSKernelILi4096EEvPK9AppleTreePi,/autofs/nccs-svm1_home2/mdunlavy/GPU_Fault_Injection/HeCBench/src/layout-hip/main.cu,50,17,7,_Z9AoSKernelILi4096EEvPK9AppleTreePi|base|load|int|32|-1|/autofs/nccs-svm1_home2/mdunlavy/GPU_Fault_Injection/HeCBench/src/layout-hip/main.cu|50|17|7
423,pointer,load,ptr,64,0,_Z9AoSKernelILi4096EEvPK9AppleTreePi,/autofs/nccs-svm1_home2/mdunlavy/GPU_Fault_Injection/HeCBench/src/layout-hip/main.cu,50,17,10,_Z9AoSKernelILi4096EEvPK9AppleTreePi|pointer|load|ptr|64|0|/autofs/nccs-svm1_home2/mdunlavy/GPU_Fault_Injection/HeCBench/src/layout-hip/main.cu|50|17|10
424,pointer,load,ptr,64,-1,_Z9AoSKernelILi4096EEvPK9AppleTreePi,/autofs/nccs-svm1_home2/mdunlavy/GPU_Fault_Injection/HeCBench/src/layout-hip/main.cu,50,3,4,_Z9AoSKernelILi4096EEvPK9AppleTreePi|pointer|load|ptr|64|-1|/autofs/nccs-svm1_home2/mdunlavy/GPU_Fault_Injection/HeCBench/src/layout-hip/main.cu|50|3|4
425,pointer,load,ptr,64,0,_Z9AoSKernelILi4096EEvPK9AppleTreePi,/autofs/nccs-svm1_home2/mdunlavy/GPU_Fault_Injection/HeCBench/src/layout-hip/main.cu,50,3,11,_Z9AoSKernelILi4096EEvPK9AppleTreePi|pointer|load|ptr|64|0|/autofs/nccs-svm1_home2/mdunlavy/GPU_Fault_Injection/HeCBench/src/layout-hip/main.cu|50|3|11
426,base,load,int,32,-1,_Z9AoSKernelILi4096EEvPK9AppleTreePi,/autofs/nccs-svm1_home2/mdunlavy/GPU_Fault_Injection/HeCBench/src/layout-hip/main.cu,50,10,8,_Z9AoSKernelILi4096EEvPK9AppleTreePi|base|load|int|32|-1|/autofs/nccs-svm1_home2/mdunlavy/GPU_Fault_Injection/HeCBench/src/layout-hip/main.cu|50|10|8
427,pointer,load,ptr,64,0,_Z9AoSKernelILi4096EEvPK9AppleTreePi,/autofs/nccs-svm1_home2/mdunlavy/GPU_Fault_Injection/HeCBench/src/layout-hip/main.cu,50,10,12,_Z9AoSKernelILi4096EEvPK9AppleTreePi|pointer|load|ptr|64|0|/autofs/nccs-svm1_home2/mdunlavy/GPU_Fault_Injection/HeCBench/src/layout-hip/main.cu|50|10|12
428,base,zext,int,64,-1,_Z9AoSKernelILi4096EEvPK9AppleTreePi,/autofs/nccs-svm1_home2/mdunlavy/GPU_Fault_Injection/HeCBench/src/layout-hip/main.cu,50,3,2,_Z9AoSKernelILi4096EEvPK9AppleTreePi|base|zext|int|64|-1|/autofs/nccs-svm1_home2/mdunlavy/GPU_Fault_Injection/HeCBench/src/layout-hip/main.cu|50|3|2
429,operand,zext,int,32,0,_Z9AoSKernelILi4096EEvPK9AppleTreePi,/autofs/nccs-svm1_home2/mdunlavy/GPU_Fault_Injection/HeCBench/src/layout-hip/main.cu,50,3,2,_Z9AoSKernelILi4096EEvPK9AppleTreePi|operand|zext|int|32|0|/autofs/nccs-svm1_home2/mdunlavy/GPU_Fault_Injection/HeCBench/src/layout-hip/main.cu|50|3|2
430,pointer,getelementptr,ptr,64,-1,_Z9AoSKernelILi4096EEvPK9AppleTreePi,/autofs/nccs-svm1_home2/mdunlavy/GPU_Fault_Injection/HeCBench/src/layout-hip/main.cu,50,3,4,_Z9AoSKernelILi4096EEvPK9AppleTreePi|pointer|getelementptr|ptr|64|-1|/autofs/nccs-svm1_home2/mdunlavy/GPU_Fault_Injection/HeCBench/src/layout-hip/main.cu|50|3|4
431,pointer,getelementptr,ptr,64,0,_Z9AoSKernelILi4096EEvPK9AppleTreePi,/autofs/nccs-svm1_home2/mdunlavy/GPU_Fault_Injection/HeCBench/src/layout-hip/main.cu,50,3,4,_Z9AoSKernelILi4096EEvPK9AppleTreePi|pointer|getelementptr|ptr|64|0|/autofs/nccs-svm1_home2/mdunlavy/GPU_Fault_Injection/HeCBench/src/layout-hip/main.cu|50|3|4
432,operand,getelementptr,int,64,1,_Z9AoSKernelILi4096EEvPK9AppleTreePi,/autofs/nccs-svm1_home2/mdunlavy/GPU_Fault_Injection/HeCBench/src/layout-hip/main.cu,50,3,3,_Z9AoSKernelILi4096EEvPK9AppleTreePi|operand|getelementptr|int|64|1|/autofs/nccs-svm1_home2/mdunlavy/GPU_Fault_Injection/HeCBench/src/layout-hip/main.cu|50|3|3
433,operand,store,int,32,0,_Z9AoSKernelILi4096EEvPK9AppleTreePi,/autofs/nccs-svm1_home2/mdunlavy/GPU_Fault_Injection/HeCBench/src/layout-hip/main.cu,50,15,6,_Z9AoSKernelILi4096EEvPK9AppleTreePi|operand|store|int|32|0|/autofs/nccs-svm1_home2/mdunlavy/GPU_Fault_Injection/HeCBench/src/layout-hip/main.cu|50|15|6
434,pointer,store,ptr,64,1,_Z9AoSKernelILi4096EEvPK9AppleTreePi,/autofs/nccs-svm1_home2/mdunlavy/GPU_Fault_Injection/HeCBench/src/layout-hip/main.cu,50,15,10,_Z9AoSKernelILi4096EEvPK9AppleTreePi|pointer|store|ptr|64|1|/autofs/nccs-svm1_home2/mdunlavy/GPU_Fault_Injection/HeCBench/src/layout-hip/main.cu|50|15|10
435,pointer,alloca,ptr,32,-1,_Z9SoAKernelILi4096EEvPK13ApplesOnTreesPi,/autofs/nccs-svm1_home2/mdunlavy/GPU_Fault_Injection/HeCBench/src/layout-hip/main.cu,0,0,1,_Z9SoAKernelILi4096EEvPK13ApplesOnTreesPi|pointer|alloca|ptr|32|-1|/autofs/nccs-svm1_home2/mdunlavy/GPU_Fault_Injection/HeCBench/src/layout-hip/main.cu|0|0|1
436,operand,alloca,int,32,0,_Z9SoAKernelILi4096EEvPK13ApplesOnTreesPi,/autofs/nccs-svm1_home2/mdunlavy/GPU_Fault_Injection/HeCBench/src/layout-hip/main.cu,0,0,1,_Z9SoAKernelILi4096EEvPK13ApplesOnTreesPi|operand|alloca|int|32|0|/autofs/nccs-svm1_home2/mdunlavy/GPU_Fault_Injection/HeCBench/src/layout-hip/main.cu|0|0|1
437,pointer,alloca,ptr,32,-1,_Z9SoAKernelILi4096EEvPK13ApplesOnTreesPi,/autofs/nccs-svm1_home2/mdunlavy/GPU_Fault_Injection/HeCBench/src/layout-hip/main.cu,0,0,2,_Z9SoAKernelILi4096EEvPK13ApplesOnTreesPi|pointer|alloca|ptr|32|-1|/autofs/nccs-svm1_home2/mdunlavy/GPU_Fault_Injection/HeCBench/src/layout-hip/main.cu|0|0|2
438,operand,alloca,int,32,0,_Z9SoAKernelILi4096EEvPK13ApplesOnTreesPi,/autofs/nccs-svm1_home2/mdunlavy/GPU_Fault_Injection/HeCBench/src/layout-hip/main.cu,0,0,2,_Z9SoAKernelILi4096EEvPK13ApplesOnTreesPi|operand|alloca|int|32|0|/autofs/nccs-svm1_home2/mdunlavy/GPU_Fault_Injection/HeCBench/src/layout-hip/main.cu|0|0|2
439,pointer,alloca,ptr,32,-1,_Z9SoAKernelILi4096EEvPK13ApplesOnTreesPi,/autofs/nccs-svm1_home2/mdunlavy/GPU_Fault_Injection/HeCBench/src/layout-hip/main.cu,0,0,3,_Z9SoAKernelILi4096EEvPK13ApplesOnTreesPi|pointer|alloca|ptr|32|-1|/autofs/nccs-svm1_home2/mdunlavy/GPU_Fault_Injection/HeCBench/src/layout-hip/main.cu|0|0|3
440,operand,alloca,int,32,0,_Z9SoAKernelILi4096EEvPK13ApplesOnTreesPi,/autofs/nccs-svm1_home2/mdunlavy/GPU_Fault_Injection/HeCBench/src/layout-hip/main.cu,0,0,3,_Z9SoAKernelILi4096EEvPK13ApplesOnTreesPi|operand|alloca|int|32|0|/autofs/nccs-svm1_home2/mdunlavy/GPU_Fault_Injection/HeCBench/src/layout-hip/main.cu|0|0|3
441,pointer,alloca,ptr,32,-1,_Z9SoAKernelILi4096EEvPK13ApplesOnTreesPi,/autofs/nccs-svm1_home2/mdunlavy/GPU_Fault_Injection/HeCBench/src/layout-hip/main.cu,0,0,4,_Z9SoAKernelILi4096EEvPK13ApplesOnTreesPi|pointer|alloca|ptr|32|-1|/autofs/nccs-svm1_home2/mdunlavy/GPU_Fault_Injection/HeCBench/src/layout-hip/main.cu|0|0|4
442,operand,alloca,int,32,0,_Z9SoAKernelILi4096EEvPK13ApplesOnTreesPi,/autofs/nccs-svm1_home2/mdunlavy/GPU_Fault_Injection/HeCBench/src/layout-hip/main.cu,0,0,4,_Z9SoAKernelILi4096EEvPK13ApplesOnTreesPi|operand|alloca|int|32|0|/autofs/nccs-svm1_home2/mdunlavy/GPU_Fault_Injection/HeCBench/src/layout-hip/main.cu|0|0|4
443,pointer,alloca,ptr,32,-1,_Z9SoAKernelILi4096EEvPK13ApplesOnTreesPi,/autofs/nccs-svm1_home2/mdunlavy/GPU_Fault_Injection/HeCBench/src/layout-hip/main.cu,0,0,5,_Z9SoAKernelILi4096EEvPK13ApplesOnTreesPi|pointer|alloca|ptr|32|-1|/autofs/nccs-svm1_home2/mdunlavy/GPU_Fault_Injection/HeCBench/src/layout-hip/main.cu|0|0|5
444,operand,alloca,int,32,0,_Z9SoAKernelILi4096EEvPK13ApplesOnTreesPi,/autofs/nccs-svm1_home2/mdunlavy/GPU_Fault_Injection/HeCBench/src/layout-hip/main.cu,0,0,5,_Z9SoAKernelILi4096EEvPK13ApplesOnTreesPi|operand|alloca|int|32|0|/autofs/nccs-svm1_home2/mdunlavy/GPU_Fault_Injection/HeCBench/src/layout-hip/main.cu|0|0|5
445,pointer,alloca,ptr,32,-1,_Z9SoAKernelILi4096EEvPK13ApplesOnTreesPi,/autofs/nccs-svm1_home2/mdunlavy/GPU_Fault_Injection/HeCBench/src/layout-hip/main.cu,0,0,6,_Z9SoAKernelILi4096EEvPK13ApplesOnTreesPi|pointer|alloca|ptr|32|-1|/autofs/nccs-svm1_home2/mdunlavy/GPU_Fault_Injection/HeCBench/src/layout-hip/main.cu|0|0|6
446,operand,alloca,int,32,0,_Z9SoAKernelILi4096EEvPK13ApplesOnTreesPi,/autofs/nccs-svm1_home2/mdunlavy/GPU_Fault_Injection/HeCBench/src/layout-hip/main.cu,0,0,6,_Z9SoAKernelILi4096EEvPK13ApplesOnTreesPi|operand|alloca|int|32|0|/autofs/nccs-svm1_home2/mdunlavy/GPU_Fault_Injection/HeCBench/src/layout-hip/main.cu|0|0|6
447,pointer,alloca,ptr,32,-1,_Z9SoAKernelILi4096EEvPK13ApplesOnTreesPi,/autofs/nccs-svm1_home2/mdunlavy/GPU_Fault_Injection/HeCBench/src/layout-hip/main.cu,0,0,7,_Z9SoAKernelILi4096EEvPK13ApplesOnTreesPi|pointer|alloca|ptr|32|-1|/autofs/nccs-svm1_home2/mdunlavy/GPU_Fault_Injection/HeCBench/src/layout-hip/main.cu|0|0|7
448,operand,alloca,int,32,0,_Z9SoAKernelILi4096EEvPK13ApplesOnTreesPi,/autofs/nccs-svm1_home2/mdunlavy/GPU_Fault_Injection/HeCBench/src/layout-hip/main.cu,0,0,7,_Z9SoAKernelILi4096EEvPK13ApplesOnTreesPi|operand|alloca|int|32|0|/autofs/nccs-svm1_home2/mdunlavy/GPU_Fault_Injection/HeCBench/src/layout-hip/main.cu|0|0|7
449,pointer,alloca,ptr,32,-1,_Z9SoAKernelILi4096EEvPK13ApplesOnTreesPi,/autofs/nccs-svm1_home2/mdunlavy/GPU_Fault_Injection/HeCBench/src/layout-hip/main.cu,0,0,8,_Z9SoAKernelILi4096EEvPK13ApplesOnTreesPi|pointer|alloca|ptr|32|-1|/autofs/nccs-svm1_home2/mdunlavy/GPU_Fault_Injection/HeCBench/src/layout-hip/main.cu|0|0|8
450,operand,alloca,int,32,0,_Z9SoAKernelILi4096EEvPK13ApplesOnTreesPi,/autofs/nccs-svm1_home2/mdunlavy/GPU_Fault_Injection/HeCBench/src/layout-hip/main.cu,0,0,8,_Z9SoAKernelILi4096EEvPK13ApplesOnTreesPi|operand|alloca|int|32|0|/autofs/nccs-svm1_home2/mdunlavy/GPU_Fault_Injection/HeCBench/src/layout-hip/main.cu|0|0|8
451,pointer,alloca,ptr,32,-1,_Z9SoAKernelILi4096EEvPK13ApplesOnTreesPi,/autofs/nccs-svm1_home2/mdunlavy/GPU_Fault_Injection/HeCBench/src/layout-hip/main.cu,0,0,9,_Z9SoAKernelILi4096EEvPK13ApplesOnTreesPi|pointer|alloca|ptr|32|-1|/autofs/nccs-svm1_home2/mdunlavy/GPU_Fault_Injection/HeCBench/src/layout-hip/main.cu|0|0|9
452,operand,alloca,int,32,0,_Z9SoAKernelILi4096EEvPK13ApplesOnTreesPi,/autofs/nccs-svm1_home2/mdunlavy/GPU_Fault_Injection/HeCBench/src/layout-hip/main.cu,0,0,9,_Z9SoAKernelILi4096EEvPK13ApplesOnTreesPi|operand|alloca|int|32|0|/autofs/nccs-svm1_home2/mdunlavy/GPU_Fault_Injection/HeCBench/src/layout-hip/main.cu|0|0|9
453,pointer,alloca,ptr,32,-1,_Z9SoAKernelILi4096EEvPK13ApplesOnTreesPi,/autofs/nccs-svm1_home2/mdunlavy/GPU_Fault_Injection/HeCBench/src/layout-hip/main.cu,0,0,10,_Z9SoAKernelILi4096EEvPK13ApplesOnTreesPi|pointer|alloca|ptr|32|-1|/autofs/nccs-svm1_home2/mdunlavy/GPU_Fault_Injection/HeCBench/src/layout-hip/main.cu|0|0|10
454,operand,alloca,int,32,0,_Z9SoAKernelILi4096EEvPK13ApplesOnTreesPi,/autofs/nccs-svm1_home2/mdunlavy/GPU_Fault_Injection/HeCBench/src/layout-hip/main.cu,0,0,10,_Z9SoAKernelILi4096EEvPK13ApplesOnTreesPi|operand|alloca|int|32|0|/autofs/nccs-svm1_home2/mdunlavy/GPU_Fault_Injection/HeCBench/src/layout-hip/main.cu|0|0|10
455,pointer,alloca,ptr,32,-1,_Z9SoAKernelILi4096EEvPK13ApplesOnTreesPi,/autofs/nccs-svm1_home2/mdunlavy/GPU_Fault_Injection/HeCBench/src/layout-hip/main.cu,0,0,11,_Z9SoAKernelILi4096EEvPK13ApplesOnTreesPi|pointer|alloca|ptr|32|-1|/autofs/nccs-svm1_home2/mdunlavy/GPU_Fault_Injection/HeCBench/src/layout-hip/main.cu|0|0|11
456,operand,alloca,int,32,0,_Z9SoAKernelILi4096EEvPK13ApplesOnTreesPi,/autofs/nccs-svm1_home2/mdunlavy/GPU_Fault_Injection/HeCBench/src/layout-hip/main.cu,0,0,11,_Z9SoAKernelILi4096EEvPK13ApplesOnTreesPi|operand|alloca|int|32|0|/autofs/nccs-svm1_home2/mdunlavy/GPU_Fault_Injection/HeCBench/src/layout-hip/main.cu|0|0|11
457,pointer,alloca,ptr,32,-1,_Z9SoAKernelILi4096EEvPK13ApplesOnTreesPi,/autofs/nccs-svm1_home2/mdunlavy/GPU_Fault_Injection/HeCBench/src/layout-hip/main.cu,0,0,12,_Z9SoAKernelILi4096EEvPK13ApplesOnTreesPi|pointer|alloca|ptr|32|-1|/autofs/nccs-svm1_home2/mdunlavy/GPU_Fault_Injection/HeCBench/src/layout-hip/main.cu|0|0|12
458,operand,alloca,int,32,0,_Z9SoAKernelILi4096EEvPK13ApplesOnTreesPi,/autofs/nccs-svm1_home2/mdunlavy/GPU_Fault_Injection/HeCBench/src/layout-hip/main.cu,0,0,12,_Z9SoAKernelILi4096EEvPK13ApplesOnTreesPi|operand|alloca|int|32|0|/autofs/nccs-svm1_home2/mdunlavy/GPU_Fault_Injection/HeCBench/src/layout-hip/main.cu|0|0|12
459,pointer,alloca,ptr,32,-1,_Z9SoAKernelILi4096EEvPK13ApplesOnTreesPi,/autofs/nccs-svm1_home2/mdunlavy/GPU_Fault_Injection/HeCBench/src/layout-hip/main.cu,0,0,13,_Z9SoAKernelILi4096EEvPK13ApplesOnTreesPi|pointer|alloca|ptr|32|-1|/autofs/nccs-svm1_home2/mdunlavy/GPU_Fault_Injection/HeCBench/src/layout-hip/main.cu|0|0|13
460,operand,alloca,int,32,0,_Z9SoAKernelILi4096EEvPK13ApplesOnTreesPi,/autofs/nccs-svm1_home2/mdunlavy/GPU_Fault_Injection/HeCBench/src/layout-hip/main.cu,0,0,13,_Z9SoAKernelILi4096EEvPK13ApplesOnTreesPi|operand|alloca|int|32|0|/autofs/nccs-svm1_home2/mdunlavy/GPU_Fault_Injection/HeCBench/src/layout-hip/main.cu|0|0|13
461,pointer,addrspacecast,ptr,64,-1,_Z9SoAKernelILi4096EEvPK13ApplesOnTreesPi,/autofs/nccs-svm1_home2/mdunlavy/GPU_Fault_Injection/HeCBench/src/layout-hip/main.cu,0,0,1,_Z9SoAKernelILi4096EEvPK13ApplesOnTreesPi|pointer|addrspacecast|ptr|64|-1|/autofs/nccs-svm1_home2/mdunlavy/GPU_Fault_Injection/HeCBench/src/layout-hip/main.cu|0|0|1
462,pointer,addrspacecast,ptr,32,0,_Z9SoAKernelILi4096EEvPK13ApplesOnTreesPi,/autofs/nccs-svm1_home2/mdunlavy/GPU_Fault_Injection/HeCBench/src/layout-hip/main.cu,0,0,1,_Z9SoAKernelILi4096EEvPK13ApplesOnTreesPi|pointer|addrspacecast|ptr|32|0|/autofs/nccs-svm1_home2/mdunlavy/GPU_Fault_Injection/HeCBench/src/layout-hip/main.cu|0|0|1
463,pointer,addrspacecast,ptr,64,-1,_Z9SoAKernelILi4096EEvPK13ApplesOnTreesPi,/autofs/nccs-svm1_home2/mdunlavy/GPU_Fault_Injection/HeCBench/src/layout-hip/main.cu,0,0,2,_Z9SoAKernelILi4096EEvPK13ApplesOnTreesPi|pointer|addrspacecast|ptr|64|-1|/autofs/nccs-svm1_home2/mdunlavy/GPU_Fault_Injection/HeCBench/src/layout-hip/main.cu|0|0|2
464,pointer,addrspacecast,ptr,32,0,_Z9SoAKernelILi4096EEvPK13ApplesOnTreesPi,/autofs/nccs-svm1_home2/mdunlavy/GPU_Fault_Injection/HeCBench/src/layout-hip/main.cu,0,0,2,_Z9SoAKernelILi4096EEvPK13ApplesOnTreesPi|pointer|addrspacecast|ptr|32|0|/autofs/nccs-svm1_home2/mdunlavy/GPU_Fault_Injection/HeCBench/src/layout-hip/main.cu|0|0|2
465,pointer,addrspacecast,ptr,64,-1,_Z9SoAKernelILi4096EEvPK13ApplesOnTreesPi,/autofs/nccs-svm1_home2/mdunlavy/GPU_Fault_Injection/HeCBench/src/layout-hip/main.cu,0,0,3,_Z9SoAKernelILi4096EEvPK13ApplesOnTreesPi|pointer|addrspacecast|ptr|64|-1|/autofs/nccs-svm1_home2/mdunlavy/GPU_Fault_Injection/HeCBench/src/layout-hip/main.cu|0|0|3
466,pointer,addrspacecast,ptr,32,0,_Z9SoAKernelILi4096EEvPK13ApplesOnTreesPi,/autofs/nccs-svm1_home2/mdunlavy/GPU_Fault_Injection/HeCBench/src/layout-hip/main.cu,0,0,3,_Z9SoAKernelILi4096EEvPK13ApplesOnTreesPi|pointer|addrspacecast|ptr|32|0|/autofs/nccs-svm1_home2/mdunlavy/GPU_Fault_Injection/HeCBench/src/layout-hip/main.cu|0|0|3
467,pointer,addrspacecast,ptr,64,-1,_Z9SoAKernelILi4096EEvPK13ApplesOnTreesPi,/autofs/nccs-svm1_home2/mdunlavy/GPU_Fault_Injection/HeCBench/src/layout-hip/main.cu,0,0,4,_Z9SoAKernelILi4096EEvPK13ApplesOnTreesPi|pointer|addrspacecast|ptr|64|-1|/autofs/nccs-svm1_home2/mdunlavy/GPU_Fault_Injection/HeCBench/src/layout-hip/main.cu|0|0|4
468,pointer,addrspacecast,ptr,32,0,_Z9SoAKernelILi4096EEvPK13ApplesOnTreesPi,/autofs/nccs-svm1_home2/mdunlavy/GPU_Fault_Injection/HeCBench/src/layout-hip/main.cu,0,0,4,_Z9SoAKernelILi4096EEvPK13ApplesOnTreesPi|pointer|addrspacecast|ptr|32|0|/autofs/nccs-svm1_home2/mdunlavy/GPU_Fault_Injection/HeCBench/src/layout-hip/main.cu|0|0|4
469,pointer,addrspacecast,ptr,64,-1,_Z9SoAKernelILi4096EEvPK13ApplesOnTreesPi,/autofs/nccs-svm1_home2/mdunlavy/GPU_Fault_Injection/HeCBench/src/layout-hip/main.cu,0,0,5,_Z9SoAKernelILi4096EEvPK13ApplesOnTreesPi|pointer|addrspacecast|ptr|64|-1|/autofs/nccs-svm1_home2/mdunlavy/GPU_Fault_Injection/HeCBench/src/layout-hip/main.cu|0|0|5
470,pointer,addrspacecast,ptr,32,0,_Z9SoAKernelILi4096EEvPK13ApplesOnTreesPi,/autofs/nccs-svm1_home2/mdunlavy/GPU_Fault_Injection/HeCBench/src/layout-hip/main.cu,0,0,5,_Z9SoAKernelILi4096EEvPK13ApplesOnTreesPi|pointer|addrspacecast|ptr|32|0|/autofs/nccs-svm1_home2/mdunlavy/GPU_Fault_Injection/HeCBench/src/layout-hip/main.cu|0|0|5
471,pointer,addrspacecast,ptr,64,-1,_Z9SoAKernelILi4096EEvPK13ApplesOnTreesPi,/autofs/nccs-svm1_home2/mdunlavy/GPU_Fault_Injection/HeCBench/src/layout-hip/main.cu,0,0,6,_Z9SoAKernelILi4096EEvPK13ApplesOnTreesPi|pointer|addrspacecast|ptr|64|-1|/autofs/nccs-svm1_home2/mdunlavy/GPU_Fault_Injection/HeCBench/src/layout-hip/main.cu|0|0|6
472,pointer,addrspacecast,ptr,32,0,_Z9SoAKernelILi4096EEvPK13ApplesOnTreesPi,/autofs/nccs-svm1_home2/mdunlavy/GPU_Fault_Injection/HeCBench/src/layout-hip/main.cu,0,0,6,_Z9SoAKernelILi4096EEvPK13ApplesOnTreesPi|pointer|addrspacecast|ptr|32|0|/autofs/nccs-svm1_home2/mdunlavy/GPU_Fault_Injection/HeCBench/src/layout-hip/main.cu|0|0|6
473,pointer,addrspacecast,ptr,64,-1,_Z9SoAKernelILi4096EEvPK13ApplesOnTreesPi,/autofs/nccs-svm1_home2/mdunlavy/GPU_Fault_Injection/HeCBench/src/layout-hip/main.cu,0,0,7,_Z9SoAKernelILi4096EEvPK13ApplesOnTreesPi|pointer|addrspacecast|ptr|64|-1|/autofs/nccs-svm1_home2/mdunlavy/GPU_Fault_Injection/HeCBench/src/layout-hip/main.cu|0|0|7
474,pointer,addrspacecast,ptr,32,0,_Z9SoAKernelILi4096EEvPK13ApplesOnTreesPi,/autofs/nccs-svm1_home2/mdunlavy/GPU_Fault_Injection/HeCBench/src/layout-hip/main.cu,0,0,7,_Z9SoAKernelILi4096EEvPK13ApplesOnTreesPi|pointer|addrspacecast|ptr|32|0|/autofs/nccs-svm1_home2/mdunlavy/GPU_Fault_Injection/HeCBench/src/layout-hip/main.cu|0|0|7
475,pointer,addrspacecast,ptr,64,-1,_Z9SoAKernelILi4096EEvPK13ApplesOnTreesPi,/autofs/nccs-svm1_home2/mdunlavy/GPU_Fault_Injection/HeCBench/src/layout-hip/main.cu,0,0,8,_Z9SoAKernelILi4096EEvPK13ApplesOnTreesPi|pointer|addrspacecast|ptr|64|-1|/autofs/nccs-svm1_home2/mdunlavy/GPU_Fault_Injection/HeCBench/src/layout-hip/main.cu|0|0|8
476,pointer,addrspacecast,ptr,64,0,_Z9SoAKernelILi4096EEvPK13ApplesOnTreesPi,/autofs/nccs-svm1_home2/mdunlavy/GPU_Fault_Injection/HeCBench/src/layout-hip/main.cu,0,0,1,_Z9SoAKernelILi4096EEvPK13ApplesOnTreesPi|pointer|addrspacecast|ptr|64|0|/autofs/nccs-svm1_home2/mdunlavy/GPU_Fault_Injection/HeCBench/src/layout-hip/main.cu|0|0|1
477,pointer,store,ptr,64,0,_Z9SoAKernelILi4096EEvPK13ApplesOnTreesPi,/autofs/nccs-svm1_home2/mdunlavy/GPU_Fault_Injection/HeCBench/src/layout-hip/main.cu,0,0,1,_Z9SoAKernelILi4096EEvPK13ApplesOnTreesPi|pointer|store|ptr|64|0|/autofs/nccs-svm1_home2/mdunlavy/GPU_Fault_Injection/HeCBench/src/layout-hip/main.cu|0|0|1
478,pointer,store,ptr,64,1,_Z9SoAKernelILi4096EEvPK13ApplesOnTreesPi,/autofs/nccs-svm1_home2/mdunlavy/GPU_Fault_Injection/HeCBench/src/layout-hip/main.cu,0,0,1,_Z9SoAKernelILi4096EEvPK13ApplesOnTreesPi|pointer|store|ptr|64|1|/autofs/nccs-svm1_home2/mdunlavy/GPU_Fault_Injection/HeCBench/src/layout-hip/main.cu|0|0|1
479,pointer,load,ptr,64,-1,_Z9SoAKernelILi4096EEvPK13ApplesOnTreesPi,/autofs/nccs-svm1_home2/mdunlavy/GPU_Fault_Injection/HeCBench/src/layout-hip/main.cu,0,0,1,_Z9SoAKernelILi4096EEvPK13ApplesOnTreesPi|pointer|load|ptr|64|-1|/autofs/nccs-svm1_home2/mdunlavy/GPU_Fault_Injection/HeCBench/src/layout-hip/main.cu|0|0|1
480,pointer,load,ptr,64,0,_Z9SoAKernelILi4096EEvPK13ApplesOnTreesPi,/autofs/nccs-svm1_home2/mdunlavy/GPU_Fault_Injection/HeCBench/src/layout-hip/main.cu,0,0,1,_Z9SoAKernelILi4096EEvPK13ApplesOnTreesPi|pointer|load|ptr|64|0|/autofs/nccs-svm1_home2/mdunlavy/GPU_Fault_Injection/HeCBench/src/layout-hip/main.cu|0|0|1
481,pointer,addrspacecast,ptr,64,-1,_Z9SoAKernelILi4096EEvPK13ApplesOnTreesPi,/autofs/nccs-svm1_home2/mdunlavy/GPU_Fault_Injection/HeCBench/src/layout-hip/main.cu,0,0,9,_Z9SoAKernelILi4096EEvPK13ApplesOnTreesPi|pointer|addrspacecast|ptr|64|-1|/autofs/nccs-svm1_home2/mdunlavy/GPU_Fault_Injection/HeCBench/src/layout-hip/main.cu|0|0|9
482,pointer,addrspacecast,ptr,64,0,_Z9SoAKernelILi4096EEvPK13ApplesOnTreesPi,/autofs/nccs-svm1_home2/mdunlavy/GPU_Fault_Injection/HeCBench/src/layout-hip/main.cu,0,0,2,_Z9SoAKernelILi4096EEvPK13ApplesOnTreesPi|pointer|addrspacecast|ptr|64|0|/autofs/nccs-svm1_home2/mdunlavy/GPU_Fault_Injection/HeCBench/src/layout-hip/main.cu|0|0|2
483,pointer,store,ptr,64,0,_Z9SoAKernelILi4096EEvPK13ApplesOnTreesPi,/autofs/nccs-svm1_home2/mdunlavy/GPU_Fault_Injection/HeCBench/src/layout-hip/main.cu,0,0,2,_Z9SoAKernelILi4096EEvPK13ApplesOnTreesPi|pointer|store|ptr|64|0|/autofs/nccs-svm1_home2/mdunlavy/GPU_Fault_Injection/HeCBench/src/layout-hip/main.cu|0|0|2
484,pointer,store,ptr,64,1,_Z9SoAKernelILi4096EEvPK13ApplesOnTreesPi,/autofs/nccs-svm1_home2/mdunlavy/GPU_Fault_Injection/HeCBench/src/layout-hip/main.cu,0,0,2,_Z9SoAKernelILi4096EEvPK13ApplesOnTreesPi|pointer|store|ptr|64|1|/autofs/nccs-svm1_home2/mdunlavy/GPU_Fault_Injection/HeCBench/src/layout-hip/main.cu|0|0|2
485,pointer,load,ptr,64,-1,_Z9SoAKernelILi4096EEvPK13ApplesOnTreesPi,/autofs/nccs-svm1_home2/mdunlavy/GPU_Fault_Injection/HeCBench/src/layout-hip/main.cu,0,0,2,_Z9SoAKernelILi4096EEvPK13ApplesOnTreesPi|pointer|load|ptr|64|-1|/autofs/nccs-svm1_home2/mdunlavy/GPU_Fault_Injection/HeCBench/src/layout-hip/main.cu|0|0|2
486,pointer,load,ptr,64,0,_Z9SoAKernelILi4096EEvPK13ApplesOnTreesPi,/autofs/nccs-svm1_home2/mdunlavy/GPU_Fault_Injection/HeCBench/src/layout-hip/main.cu,0,0,2,_Z9SoAKernelILi4096EEvPK13ApplesOnTreesPi|pointer|load|ptr|64|0|/autofs/nccs-svm1_home2/mdunlavy/GPU_Fault_Injection/HeCBench/src/layout-hip/main.cu|0|0|2
487,pointer,store,ptr,64,0,_Z9SoAKernelILi4096EEvPK13ApplesOnTreesPi,/autofs/nccs-svm1_home2/mdunlavy/GPU_Fault_Injection/HeCBench/src/layout-hip/main.cu,0,0,3,_Z9SoAKernelILi4096EEvPK13ApplesOnTreesPi|pointer|store|ptr|64|0|/autofs/nccs-svm1_home2/mdunlavy/GPU_Fault_Injection/HeCBench/src/layout-hip/main.cu|0|0|3
488,pointer,store,ptr,64,1,_Z9SoAKernelILi4096EEvPK13ApplesOnTreesPi,/autofs/nccs-svm1_home2/mdunlavy/GPU_Fault_Injection/HeCBench/src/layout-hip/main.cu,0,0,3,_Z9SoAKernelILi4096EEvPK13ApplesOnTreesPi|pointer|store|ptr|64|1|/autofs/nccs-svm1_home2/mdunlavy/GPU_Fault_Injection/HeCBench/src/layout-hip/main.cu|0|0|3
489,pointer,store,ptr,64,0,_Z9SoAKernelILi4096EEvPK13ApplesOnTreesPi,/autofs/nccs-svm1_home2/mdunlavy/GPU_Fault_Injection/HeCBench/src/layout-hip/main.cu,0,0,4,_Z9SoAKernelILi4096EEvPK13ApplesOnTreesPi|pointer|store|ptr|64|0|/autofs/nccs-svm1_home2/mdunlavy/GPU_Fault_Injection/HeCBench/src/layout-hip/main.cu|0|0|4
490,pointer,store,ptr,64,1,_Z9SoAKernelILi4096EEvPK13ApplesOnTreesPi,/autofs/nccs-svm1_home2/mdunlavy/GPU_Fault_Injection/HeCBench/src/layout-hip/main.cu,0,0,4,_Z9SoAKernelILi4096EEvPK13ApplesOnTreesPi|pointer|store|ptr|64|1|/autofs/nccs-svm1_home2/mdunlavy/GPU_Fault_Injection/HeCBench/src/layout-hip/main.cu|0|0|4
491,pointer,addrspacecast,ptr,64,-1,_Z9SoAKernelILi4096EEvPK13ApplesOnTreesPi,/autofs/nccs-svm1_home2/mdunlavy/GPU_Fault_Injection/HeCBench/src/layout-hip/main.cu,0,0,10,_Z9SoAKernelILi4096EEvPK13ApplesOnTreesPi|pointer|addrspacecast|ptr|64|-1|/autofs/nccs-svm1_home2/mdunlavy/GPU_Fault_Injection/HeCBench/src/layout-hip/main.cu|0|0|10
492,pointer,addrspacecast,ptr,32,0,_Z9SoAKernelILi4096EEvPK13ApplesOnTreesPi,/autofs/nccs-svm1_home2/mdunlavy/GPU_Fault_Injection/HeCBench/src/layout-hip/main.cu,0,0,8,_Z9SoAKernelILi4096EEvPK13ApplesOnTreesPi|pointer|addrspacecast|ptr|32|0|/autofs/nccs-svm1_home2/mdunlavy/GPU_Fault_Injection/HeCBench/src/layout-hip/main.cu|0|0|8
493,pointer,addrspacecast,ptr,64,-1,_Z9SoAKernelILi4096EEvPK13ApplesOnTreesPi,/autofs/nccs-svm1_home2/mdunlavy/GPU_Fault_Injection/HeCBench/src/layout-hip/main.cu,0,0,11,_Z9SoAKernelILi4096EEvPK13ApplesOnTreesPi|pointer|addrspacecast|ptr|64|-1|/autofs/nccs-svm1_home2/mdunlavy/GPU_Fault_Injection/HeCBench/src/layout-hip/main.cu|0|0|11
494,pointer,addrspacecast,ptr,32,0,_Z9SoAKernelILi4096EEvPK13ApplesOnTreesPi,/autofs/nccs-svm1_home2/mdunlavy/GPU_Fault_Injection/HeCBench/src/layout-hip/main.cu,0,0,9,_Z9SoAKernelILi4096EEvPK13ApplesOnTreesPi|pointer|addrspacecast|ptr|32|0|/autofs/nccs-svm1_home2/mdunlavy/GPU_Fault_Injection/HeCBench/src/layout-hip/main.cu|0|0|9
495,base,call,int,64,-1,_Z9SoAKernelILi4096EEvPK13ApplesOnTreesPi,/opt/rocm-6.4.2/include/hip/amd_detail/amd_hip_runtime.h,270,58,1,_Z9SoAKernelILi4096EEvPK13ApplesOnTreesPi|base|call|int|64|-1|/opt/rocm-6.4.2/include/hip/amd_detail/amd_hip_runtime.h|270|58|1
496,operand,call,int,32,0,_Z9SoAKernelILi4096EEvPK13ApplesOnTreesPi,/opt/rocm-6.4.2/include/hip/amd_detail/amd_hip_runtime.h,270,58,1,_Z9SoAKernelILi4096EEvPK13ApplesOnTreesPi|operand|call|int|32|0|/opt/rocm-6.4.2/include/hip/amd_detail/amd_hip_runtime.h|270|58|1
497,pointer,call,ptr,64,1,_Z9SoAKernelILi4096EEvPK13ApplesOnTreesPi,/opt/rocm-6.4.2/include/hip/amd_detail/amd_hip_runtime.h,270,58,1,_Z9SoAKernelILi4096EEvPK13ApplesOnTreesPi|pointer|call|ptr|64|1|/opt/rocm-6.4.2/include/hip/amd_detail/amd_hip_runtime.h|270|58|1
498,base,trunc,int,32,-1,_Z9SoAKernelILi4096EEvPK13ApplesOnTreesPi,/opt/rocm-6.4.2/include/hip/amd_detail/amd_hip_runtime.h,270,58,1,_Z9SoAKernelILi4096EEvPK13ApplesOnTreesPi|base|trunc|int|32|-1|/opt/rocm-6.4.2/include/hip/amd_detail/amd_hip_runtime.h|270|58|1
499,operand,trunc,int,64,0,_Z9SoAKernelILi4096EEvPK13ApplesOnTreesPi,/opt/rocm-6.4.2/include/hip/amd_detail/amd_hip_runtime.h,270,58,1,_Z9SoAKernelILi4096EEvPK13ApplesOnTreesPi|operand|trunc|int|64|0|/opt/rocm-6.4.2/include/hip/amd_detail/amd_hip_runtime.h|270|58|1
500,pointer,addrspacecast,ptr,64,-1,_Z9SoAKernelILi4096EEvPK13ApplesOnTreesPi,/autofs/nccs-svm1_home2/mdunlavy/GPU_Fault_Injection/HeCBench/src/layout-hip/main.cu,0,0,12,_Z9SoAKernelILi4096EEvPK13ApplesOnTreesPi|pointer|addrspacecast|ptr|64|-1|/autofs/nccs-svm1_home2/mdunlavy/GPU_Fault_Injection/HeCBench/src/layout-hip/main.cu|0|0|12
501,pointer,addrspacecast,ptr,32,0,_Z9SoAKernelILi4096EEvPK13ApplesOnTreesPi,/autofs/nccs-svm1_home2/mdunlavy/GPU_Fault_Injection/HeCBench/src/layout-hip/main.cu,0,0,10,_Z9SoAKernelILi4096EEvPK13ApplesOnTreesPi|pointer|addrspacecast|ptr|32|0|/autofs/nccs-svm1_home2/mdunlavy/GPU_Fault_Injection/HeCBench/src/layout-hip/main.cu|0|0|10
502,pointer,addrspacecast,ptr,64,-1,_Z9SoAKernelILi4096EEvPK13ApplesOnTreesPi,/autofs/nccs-svm1_home2/mdunlavy/GPU_Fault_Injection/HeCBench/src/layout-hip/main.cu,0,0,13,_Z9SoAKernelILi4096EEvPK13ApplesOnTreesPi|pointer|addrspacecast|ptr|64|-1|/autofs/nccs-svm1_home2/mdunlavy/GPU_Fault_Injection/HeCBench/src/layout-hip/main.cu|0|0|13
503,pointer,addrspacecast,ptr,32,0,_Z9SoAKernelILi4096EEvPK13ApplesOnTreesPi,/autofs/nccs-svm1_home2/mdunlavy/GPU_Fault_Injection/HeCBench/src/layout-hip/main.cu,0,0,11,_Z9SoAKernelILi4096EEvPK13ApplesOnTreesPi|pointer|addrspacecast|ptr|32|0|/autofs/nccs-svm1_home2/mdunlavy/GPU_Fault_Injection/HeCBench/src/layout-hip/main.cu|0|0|11
504,base,call,int,64,-1,_Z9SoAKernelILi4096EEvPK13ApplesOnTreesPi,/opt/rocm-6.4.2/include/hip/amd_detail/amd_hip_runtime.h,275,58,2,_Z9SoAKernelILi4096EEvPK13ApplesOnTreesPi|base|call|int|64|-1|/opt/rocm-6.4.2/include/hip/amd_detail/amd_hip_runtime.h|275|58|2
505,operand,call,int,32,0,_Z9SoAKernelILi4096EEvPK13ApplesOnTreesPi,/opt/rocm-6.4.2/include/hip/amd_detail/amd_hip_runtime.h,275,58,2,_Z9SoAKernelILi4096EEvPK13ApplesOnTreesPi|operand|call|int|32|0|/opt/rocm-6.4.2/include/hip/amd_detail/amd_hip_runtime.h|275|58|2
506,pointer,call,ptr,64,1,_Z9SoAKernelILi4096EEvPK13ApplesOnTreesPi,/opt/rocm-6.4.2/include/hip/amd_detail/amd_hip_runtime.h,275,58,2,_Z9SoAKernelILi4096EEvPK13ApplesOnTreesPi|pointer|call|ptr|64|1|/opt/rocm-6.4.2/include/hip/amd_detail/amd_hip_runtime.h|275|58|2
507,base,trunc,int,32,-1,_Z9SoAKernelILi4096EEvPK13ApplesOnTreesPi,/opt/rocm-6.4.2/include/hip/amd_detail/amd_hip_runtime.h,275,58,2,_Z9SoAKernelILi4096EEvPK13ApplesOnTreesPi|base|trunc|int|32|-1|/opt/rocm-6.4.2/include/hip/amd_detail/amd_hip_runtime.h|275|58|2
508,operand,trunc,int,64,0,_Z9SoAKernelILi4096EEvPK13ApplesOnTreesPi,/opt/rocm-6.4.2/include/hip/amd_detail/amd_hip_runtime.h,275,58,2,_Z9SoAKernelILi4096EEvPK13ApplesOnTreesPi|operand|trunc|int|64|0|/opt/rocm-6.4.2/include/hip/amd_detail/amd_hip_runtime.h|275|58|2
509,base,mul,int,32,-1,_Z9SoAKernelILi4096EEvPK13ApplesOnTreesPi,/autofs/nccs-svm1_home2/mdunlavy/GPU_Fault_Injection/HeCBench/src/layout-hip/main.cu,58,25,1,_Z9SoAKernelILi4096EEvPK13ApplesOnTreesPi|base|mul|int|32|-1|/autofs/nccs-svm1_home2/mdunlavy/GPU_Fault_Injection/HeCBench/src/layout-hip/main.cu|58|25|1
510,operand,mul,int,32,0,_Z9SoAKernelILi4096EEvPK13ApplesOnTreesPi,/autofs/nccs-svm1_home2/mdunlavy/GPU_Fault_Injection/HeCBench/src/layout-hip/main.cu,58,25,1,_Z9SoAKernelILi4096EEvPK13ApplesOnTreesPi|operand|mul|int|32|0|/autofs/nccs-svm1_home2/mdunlavy/GPU_Fault_Injection/HeCBench/src/layout-hip/main.cu|58|25|1
511,operand,mul,int,32,1,_Z9SoAKernelILi4096EEvPK13ApplesOnTreesPi,/autofs/nccs-svm1_home2/mdunlavy/GPU_Fault_Injection/HeCBench/src/layout-hip/main.cu,58,25,1,_Z9SoAKernelILi4096EEvPK13ApplesOnTreesPi|operand|mul|int|32|1|/autofs/nccs-svm1_home2/mdunlavy/GPU_Fault_Injection/HeCBench/src/layout-hip/main.cu|58|25|1
512,pointer,addrspacecast,ptr,64,-1,_Z9SoAKernelILi4096EEvPK13ApplesOnTreesPi,/autofs/nccs-svm1_home2/mdunlavy/GPU_Fault_Injection/HeCBench/src/layout-hip/main.cu,0,0,14,_Z9SoAKernelILi4096EEvPK13ApplesOnTreesPi|pointer|addrspacecast|ptr|64|-1|/autofs/nccs-svm1_home2/mdunlavy/GPU_Fault_Injection/HeCBench/src/layout-hip/main.cu|0|0|14
513,pointer,addrspacecast,ptr,32,0,_Z9SoAKernelILi4096EEvPK13ApplesOnTreesPi,/autofs/nccs-svm1_home2/mdunlavy/GPU_Fault_Injection/HeCBench/src/layout-hip/main.cu,0,0,12,_Z9SoAKernelILi4096EEvPK13ApplesOnTreesPi|pointer|addrspacecast|ptr|32|0|/autofs/nccs-svm1_home2/mdunlavy/GPU_Fault_Injection/HeCBench/src/layout-hip/main.cu|0|0|12
514,pointer,addrspacecast,ptr,64,-1,_Z9SoAKernelILi4096EEvPK13ApplesOnTreesPi,/autofs/nccs-svm1_home2/mdunlavy/GPU_Fault_Injection/HeCBench/src/layout-hip/main.cu,0,0,15,_Z9SoAKernelILi4096EEvPK13ApplesOnTreesPi|pointer|addrspacecast|ptr|64|-1|/autofs/nccs-svm1_home2/mdunlavy/GPU_Fault_Injection/HeCBench/src/layout-hip/main.cu|0|0|15
515,pointer,addrspacecast,ptr,32,0,_Z9SoAKernelILi4096EEvPK13ApplesOnTreesPi,/autofs/nccs-svm1_home2/mdunlavy/GPU_Fault_Injection/HeCBench/src/layout-hip/main.cu,0,0,13,_Z9SoAKernelILi4096EEvPK13ApplesOnTreesPi|pointer|addrspacecast|ptr|32|0|/autofs/nccs-svm1_home2/mdunlavy/GPU_Fault_Injection/HeCBench/src/layout-hip/main.cu|0|0|13
516,base,call,int,64,-1,_Z9SoAKernelILi4096EEvPK13ApplesOnTreesPi,/opt/rocm-6.4.2/include/hip/amd_detail/amd_hip_runtime.h,265,59,3,_Z9SoAKernelILi4096EEvPK13ApplesOnTreesPi|base|call|int|64|-1|/opt/rocm-6.4.2/include/hip/amd_detail/amd_hip_runtime.h|265|59|3
517,operand,call,int,32,0,_Z9SoAKernelILi4096EEvPK13ApplesOnTreesPi,/opt/rocm-6.4.2/include/hip/amd_detail/amd_hip_runtime.h,265,59,3,_Z9SoAKernelILi4096EEvPK13ApplesOnTreesPi|operand|call|int|32|0|/opt/rocm-6.4.2/include/hip/amd_detail/amd_hip_runtime.h|265|59|3
518,pointer,call,ptr,64,1,_Z9SoAKernelILi4096EEvPK13ApplesOnTreesPi,/opt/rocm-6.4.2/include/hip/amd_detail/amd_hip_runtime.h,265,59,3,_Z9SoAKernelILi4096EEvPK13ApplesOnTreesPi|pointer|call|ptr|64|1|/opt/rocm-6.4.2/include/hip/amd_detail/amd_hip_runtime.h|265|59|3
519,base,trunc,int,32,-1,_Z9SoAKernelILi4096EEvPK13ApplesOnTreesPi,/opt/rocm-6.4.2/include/hip/amd_detail/amd_hip_runtime.h,265,59,3,_Z9SoAKernelILi4096EEvPK13ApplesOnTreesPi|base|trunc|int|32|-1|/opt/rocm-6.4.2/include/hip/amd_detail/amd_hip_runtime.h|265|59|3
520,operand,trunc,int,64,0,_Z9SoAKernelILi4096EEvPK13ApplesOnTreesPi,/opt/rocm-6.4.2/include/hip/amd_detail/amd_hip_runtime.h,265,59,3,_Z9SoAKernelILi4096EEvPK13ApplesOnTreesPi|operand|trunc|int|64|0|/opt/rocm-6.4.2/include/hip/amd_detail/amd_hip_runtime.h|265|59|3
521,base,add,int,32,-1,_Z9SoAKernelILi4096EEvPK13ApplesOnTreesPi,/autofs/nccs-svm1_home2/mdunlavy/GPU_Fault_Injection/HeCBench/src/layout-hip/main.cu,58,38,1,_Z9SoAKernelILi4096EEvPK13ApplesOnTreesPi|base|add|int|32|-1|/autofs/nccs-svm1_home2/mdunlavy/GPU_Fault_Injection/HeCBench/src/layout-hip/main.cu|58|38|1
522,operand,add,int,32,0,_Z9SoAKernelILi4096EEvPK13ApplesOnTreesPi,/autofs/nccs-svm1_home2/mdunlavy/GPU_Fault_Injection/HeCBench/src/layout-hip/main.cu,58,38,1,_Z9SoAKernelILi4096EEvPK13ApplesOnTreesPi|operand|add|int|32|0|/autofs/nccs-svm1_home2/mdunlavy/GPU_Fault_Injection/HeCBench/src/layout-hip/main.cu|58|38|1
523,operand,add,int,32,1,_Z9SoAKernelILi4096EEvPK13ApplesOnTreesPi,/autofs/nccs-svm1_home2/mdunlavy/GPU_Fault_Injection/HeCBench/src/layout-hip/main.cu,58,38,1,_Z9SoAKernelILi4096EEvPK13ApplesOnTreesPi|operand|add|int|32|1|/autofs/nccs-svm1_home2/mdunlavy/GPU_Fault_Injection/HeCBench/src/layout-hip/main.cu|58|38|1
524,operand,store,int,32,0,_Z9SoAKernelILi4096EEvPK13ApplesOnTreesPi,/autofs/nccs-svm1_home2/mdunlavy/GPU_Fault_Injection/HeCBench/src/layout-hip/main.cu,58,8,1,_Z9SoAKernelILi4096EEvPK13ApplesOnTreesPi|operand|store|int|32|0|/autofs/nccs-svm1_home2/mdunlavy/GPU_Fault_Injection/HeCBench/src/layout-hip/main.cu|58|8|1
525,pointer,store,ptr,64,1,_Z9SoAKernelILi4096EEvPK13ApplesOnTreesPi,/autofs/nccs-svm1_home2/mdunlavy/GPU_Fault_Injection/HeCBench/src/layout-hip/main.cu,58,8,5,_Z9SoAKernelILi4096EEvPK13ApplesOnTreesPi|pointer|store|ptr|64|1|/autofs/nccs-svm1_home2/mdunlavy/GPU_Fault_Injection/HeCBench/src/layout-hip/main.cu|58|8|5
526,operand,store,int,32,0,_Z9SoAKernelILi4096EEvPK13ApplesOnTreesPi,/autofs/nccs-svm1_home2/mdunlavy/GPU_Fault_Injection/HeCBench/src/layout-hip/main.cu,59,8,2,_Z9SoAKernelILi4096EEvPK13ApplesOnTreesPi|operand|store|int|32|0|/autofs/nccs-svm1_home2/mdunlavy/GPU_Fault_Injection/HeCBench/src/layout-hip/main.cu|59|8|2
527,pointer,store,ptr,64,1,_Z9SoAKernelILi4096EEvPK13ApplesOnTreesPi,/autofs/nccs-svm1_home2/mdunlavy/GPU_Fault_Injection/HeCBench/src/layout-hip/main.cu,59,8,6,_Z9SoAKernelILi4096EEvPK13ApplesOnTreesPi|pointer|store|ptr|64|1|/autofs/nccs-svm1_home2/mdunlavy/GPU_Fault_Injection/HeCBench/src/layout-hip/main.cu|59|8|6
528,operand,store,int,32,0,_Z9SoAKernelILi4096EEvPK13ApplesOnTreesPi,/autofs/nccs-svm1_home2/mdunlavy/GPU_Fault_Injection/HeCBench/src/layout-hip/main.cu,60,11,3,_Z9SoAKernelILi4096EEvPK13ApplesOnTreesPi|operand|store|int|32|0|/autofs/nccs-svm1_home2/mdunlavy/GPU_Fault_Injection/HeCBench/src/layout-hip/main.cu|60|11|3
529,pointer,store,ptr,64,1,_Z9SoAKernelILi4096EEvPK13ApplesOnTreesPi,/autofs/nccs-svm1_home2/mdunlavy/GPU_Fault_Injection/HeCBench/src/layout-hip/main.cu,60,11,7,_Z9SoAKernelILi4096EEvPK13ApplesOnTreesPi|pointer|store|ptr|64|1|/autofs/nccs-svm1_home2/mdunlavy/GPU_Fault_Injection/HeCBench/src/layout-hip/main.cu|60|11|7
530,base,load,int,32,-1,_Z9SoAKernelILi4096EEvPK13ApplesOnTreesPi,/autofs/nccs-svm1_home2/mdunlavy/GPU_Fault_Injection/HeCBench/src/layout-hip/main.cu,60,18,1,_Z9SoAKernelILi4096EEvPK13ApplesOnTreesPi|base|load|int|32|-1|/autofs/nccs-svm1_home2/mdunlavy/GPU_Fault_Injection/HeCBench/src/layout-hip/main.cu|60|18|1
531,pointer,load,ptr,64,0,_Z9SoAKernelILi4096EEvPK13ApplesOnTreesPi,/autofs/nccs-svm1_home2/mdunlavy/GPU_Fault_Injection/HeCBench/src/layout-hip/main.cu,60,18,3,_Z9SoAKernelILi4096EEvPK13ApplesOnTreesPi|pointer|load|ptr|64|0|/autofs/nccs-svm1_home2/mdunlavy/GPU_Fault_Injection/HeCBench/src/layout-hip/main.cu|60|18|3
532,base,icmp,int,1,-1,_Z9SoAKernelILi4096EEvPK13ApplesOnTreesPi,/autofs/nccs-svm1_home2/mdunlavy/GPU_Fault_Injection/HeCBench/src/layout-hip/main.cu,60,20,1,_Z9SoAKernelILi4096EEvPK13ApplesOnTreesPi|base|icmp|int|1|-1|/autofs/nccs-svm1_home2/mdunlavy/GPU_Fault_Injection/HeCBench/src/layout-hip/main.cu|60|20|1
533,operand,icmp,int,32,0,_Z9SoAKernelILi4096EEvPK13ApplesOnTreesPi,/autofs/nccs-svm1_home2/mdunlavy/GPU_Fault_Injection/HeCBench/src/layout-hip/main.cu,60,20,1,_Z9SoAKernelILi4096EEvPK13ApplesOnTreesPi|operand|icmp|int|32|0|/autofs/nccs-svm1_home2/mdunlavy/GPU_Fault_Injection/HeCBench/src/layout-hip/main.cu|60|20|1
534,operand,icmp,int,32,1,_Z9SoAKernelILi4096EEvPK13ApplesOnTreesPi,/autofs/nccs-svm1_home2/mdunlavy/GPU_Fault_Injection/HeCBench/src/layout-hip/main.cu,60,20,1,_Z9SoAKernelILi4096EEvPK13ApplesOnTreesPi|operand|icmp|int|32|1|/autofs/nccs-svm1_home2/mdunlavy/GPU_Fault_Injection/HeCBench/src/layout-hip/main.cu|60|20|1
535,operand,br,int,1,0,_Z9SoAKernelILi4096EEvPK13ApplesOnTreesPi,/autofs/nccs-svm1_home2/mdunlavy/GPU_Fault_Injection/HeCBench/src/layout-hip/main.cu,60,3,1,_Z9SoAKernelILi4096EEvPK13ApplesOnTreesPi|operand|br|int|1|0|/autofs/nccs-svm1_home2/mdunlavy/GPU_Fault_Injection/HeCBench/src/layout-hip/main.cu|60|3|1
536,pointer,load,ptr,64,-1,_Z9SoAKernelILi4096EEvPK13ApplesOnTreesPi,/autofs/nccs-svm1_home2/mdunlavy/GPU_Fault_Injection/HeCBench/src/layout-hip/main.cu,62,12,3,_Z9SoAKernelILi4096EEvPK13ApplesOnTreesPi|pointer|load|ptr|64|-1|/autofs/nccs-svm1_home2/mdunlavy/GPU_Fault_Injection/HeCBench/src/layout-hip/main.cu|62|12|3
537,pointer,load,ptr,64,0,_Z9SoAKernelILi4096EEvPK13ApplesOnTreesPi,/autofs/nccs-svm1_home2/mdunlavy/GPU_Fault_Injection/HeCBench/src/layout-hip/main.cu,62,12,4,_Z9SoAKernelILi4096EEvPK13ApplesOnTreesPi|pointer|load|ptr|64|0|/autofs/nccs-svm1_home2/mdunlavy/GPU_Fault_Injection/HeCBench/src/layout-hip/main.cu|62|12|4
538,base,load,int,32,-1,_Z9SoAKernelILi4096EEvPK13ApplesOnTreesPi,/autofs/nccs-svm1_home2/mdunlavy/GPU_Fault_Injection/HeCBench/src/layout-hip/main.cu,62,26,2,_Z9SoAKernelILi4096EEvPK13ApplesOnTreesPi|base|load|int|32|-1|/autofs/nccs-svm1_home2/mdunlavy/GPU_Fault_Injection/HeCBench/src/layout-hip/main.cu|62|26|2
539,pointer,load,ptr,64,0,_Z9SoAKernelILi4096EEvPK13ApplesOnTreesPi,/autofs/nccs-svm1_home2/mdunlavy/GPU_Fault_Injection/HeCBench/src/layout-hip/main.cu,62,26,5,_Z9SoAKernelILi4096EEvPK13ApplesOnTreesPi|pointer|load|ptr|64|0|/autofs/nccs-svm1_home2/mdunlavy/GPU_Fault_Injection/HeCBench/src/layout-hip/main.cu|62|26|5
540,base,sext,int,64,-1,_Z9SoAKernelILi4096EEvPK13ApplesOnTreesPi,/autofs/nccs-svm1_home2/mdunlavy/GPU_Fault_Injection/HeCBench/src/layout-hip/main.cu,62,12,1,_Z9SoAKernelILi4096EEvPK13ApplesOnTreesPi|base|sext|int|64|-1|/autofs/nccs-svm1_home2/mdunlavy/GPU_Fault_Injection/HeCBench/src/layout-hip/main.cu|62|12|1
541,operand,sext,int,32,0,_Z9SoAKernelILi4096EEvPK13ApplesOnTreesPi,/autofs/nccs-svm1_home2/mdunlavy/GPU_Fault_Injection/HeCBench/src/layout-hip/main.cu,62,12,1,_Z9SoAKernelILi4096EEvPK13ApplesOnTreesPi|operand|sext|int|32|0|/autofs/nccs-svm1_home2/mdunlavy/GPU_Fault_Injection/HeCBench/src/layout-hip/main.cu|62|12|1
542,pointer,getelementptr,ptr,64,-1,_Z9SoAKernelILi4096EEvPK13ApplesOnTreesPi,/autofs/nccs-svm1_home2/mdunlavy/GPU_Fault_Injection/HeCBench/src/layout-hip/main.cu,62,12,1,_Z9SoAKernelILi4096EEvPK13ApplesOnTreesPi|pointer|getelementptr|ptr|64|-1|/autofs/nccs-svm1_home2/mdunlavy/GPU_Fault_Injection/HeCBench/src/layout-hip/main.cu|62|12|1
543,pointer,getelementptr,ptr,64,0,_Z9SoAKernelILi4096EEvPK13ApplesOnTreesPi,/autofs/nccs-svm1_home2/mdunlavy/GPU_Fault_Injection/HeCBench/src/layout-hip/main.cu,62,12,1,_Z9SoAKernelILi4096EEvPK13ApplesOnTreesPi|pointer|getelementptr|ptr|64|0|/autofs/nccs-svm1_home2/mdunlavy/GPU_Fault_Injection/HeCBench/src/layout-hip/main.cu|62|12|1
544,operand,getelementptr,int,64,1,_Z9SoAKernelILi4096EEvPK13ApplesOnTreesPi,/autofs/nccs-svm1_home2/mdunlavy/GPU_Fault_Injection/HeCBench/src/layout-hip/main.cu,62,12,1,_Z9SoAKernelILi4096EEvPK13ApplesOnTreesPi|operand|getelementptr|int|64|1|/autofs/nccs-svm1_home2/mdunlavy/GPU_Fault_Injection/HeCBench/src/layout-hip/main.cu|62|12|1
545,pointer,getelementptr,ptr,64,-1,_Z9SoAKernelILi4096EEvPK13ApplesOnTreesPi,/autofs/nccs-svm1_home2/mdunlavy/GPU_Fault_Injection/HeCBench/src/layout-hip/main.cu,62,29,2,_Z9SoAKernelILi4096EEvPK13ApplesOnTreesPi|pointer|getelementptr|ptr|64|-1|/autofs/nccs-svm1_home2/mdunlavy/GPU_Fault_Injection/HeCBench/src/layout-hip/main.cu|62|29|2
546,pointer,getelementptr,ptr,64,0,_Z9SoAKernelILi4096EEvPK13ApplesOnTreesPi,/autofs/nccs-svm1_home2/mdunlavy/GPU_Fault_Injection/HeCBench/src/layout-hip/main.cu,62,29,2,_Z9SoAKernelILi4096EEvPK13ApplesOnTreesPi|pointer|getelementptr|ptr|64|0|/autofs/nccs-svm1_home2/mdunlavy/GPU_Fault_Injection/HeCBench/src/layout-hip/main.cu|62|29|2
547,operand,getelementptr,int,32,1,_Z9SoAKernelILi4096EEvPK13ApplesOnTreesPi,/autofs/nccs-svm1_home2/mdunlavy/GPU_Fault_Injection/HeCBench/src/layout-hip/main.cu,62,29,1,_Z9SoAKernelILi4096EEvPK13ApplesOnTreesPi|operand|getelementptr|int|32|1|/autofs/nccs-svm1_home2/mdunlavy/GPU_Fault_Injection/HeCBench/src/layout-hip/main.cu|62|29|1
548,operand,getelementptr,int,32,2,_Z9SoAKernelILi4096EEvPK13ApplesOnTreesPi,/autofs/nccs-svm1_home2/mdunlavy/GPU_Fault_Injection/HeCBench/src/layout-hip/main.cu,62,29,1,_Z9SoAKernelILi4096EEvPK13ApplesOnTreesPi|operand|getelementptr|int|32|2|/autofs/nccs-svm1_home2/mdunlavy/GPU_Fault_Injection/HeCBench/src/layout-hip/main.cu|62|29|1
549,base,load,int,32,-1,_Z9SoAKernelILi4096EEvPK13ApplesOnTreesPi,/autofs/nccs-svm1_home2/mdunlavy/GPU_Fault_Injection/HeCBench/src/layout-hip/main.cu,62,35,3,_Z9SoAKernelILi4096EEvPK13ApplesOnTreesPi|base|load|int|32|-1|/autofs/nccs-svm1_home2/mdunlavy/GPU_Fault_Injection/HeCBench/src/layout-hip/main.cu|62|35|3
550,pointer,load,ptr,64,0,_Z9SoAKernelILi4096EEvPK13ApplesOnTreesPi,/autofs/nccs-svm1_home2/mdunlavy/GPU_Fault_Injection/HeCBench/src/layout-hip/main.cu,62,35,6,_Z9SoAKernelILi4096EEvPK13ApplesOnTreesPi|pointer|load|ptr|64|0|/autofs/nccs-svm1_home2/mdunlavy/GPU_Fault_Injection/HeCBench/src/layout-hip/main.cu|62|35|6
551,base,zext,int,64,-1,_Z9SoAKernelILi4096EEvPK13ApplesOnTreesPi,/autofs/nccs-svm1_home2/mdunlavy/GPU_Fault_Injection/HeCBench/src/layout-hip/main.cu,62,12,1,_Z9SoAKernelILi4096EEvPK13ApplesOnTreesPi|base|zext|int|64|-1|/autofs/nccs-svm1_home2/mdunlavy/GPU_Fault_Injection/HeCBench/src/layout-hip/main.cu|62|12|1
552,operand,zext,int,32,0,_Z9SoAKernelILi4096EEvPK13ApplesOnTreesPi,/autofs/nccs-svm1_home2/mdunlavy/GPU_Fault_Injection/HeCBench/src/layout-hip/main.cu,62,12,1,_Z9SoAKernelILi4096EEvPK13ApplesOnTreesPi|operand|zext|int|32|0|/autofs/nccs-svm1_home2/mdunlavy/GPU_Fault_Injection/HeCBench/src/layout-hip/main.cu|62|12|1
553,pointer,getelementptr,ptr,64,-1,_Z9SoAKernelILi4096EEvPK13ApplesOnTreesPi,/autofs/nccs-svm1_home2/mdunlavy/GPU_Fault_Injection/HeCBench/src/layout-hip/main.cu,62,12,3,_Z9SoAKernelILi4096EEvPK13ApplesOnTreesPi|pointer|getelementptr|ptr|64|-1|/autofs/nccs-svm1_home2/mdunlavy/GPU_Fault_Injection/HeCBench/src/layout-hip/main.cu|62|12|3
554,pointer,getelementptr,ptr,64,0,_Z9SoAKernelILi4096EEvPK13ApplesOnTreesPi,/autofs/nccs-svm1_home2/mdunlavy/GPU_Fault_Injection/HeCBench/src/layout-hip/main.cu,62,12,3,_Z9SoAKernelILi4096EEvPK13ApplesOnTreesPi|pointer|getelementptr|ptr|64|0|/autofs/nccs-svm1_home2/mdunlavy/GPU_Fault_Injection/HeCBench/src/layout-hip/main.cu|62|12|3
555,operand,getelementptr,int,64,1,_Z9SoAKernelILi4096EEvPK13ApplesOnTreesPi,/autofs/nccs-svm1_home2/mdunlavy/GPU_Fault_Injection/HeCBench/src/layout-hip/main.cu,62,12,2,_Z9SoAKernelILi4096EEvPK13ApplesOnTreesPi|operand|getelementptr|int|64|1|/autofs/nccs-svm1_home2/mdunlavy/GPU_Fault_Injection/HeCBench/src/layout-hip/main.cu|62|12|2
556,operand,getelementptr,int,64,2,_Z9SoAKernelILi4096EEvPK13ApplesOnTreesPi,/autofs/nccs-svm1_home2/mdunlavy/GPU_Fault_Injection/HeCBench/src/layout-hip/main.cu,62,12,1,_Z9SoAKernelILi4096EEvPK13ApplesOnTreesPi|operand|getelementptr|int|64|2|/autofs/nccs-svm1_home2/mdunlavy/GPU_Fault_Injection/HeCBench/src/layout-hip/main.cu|62|12|1
557,base,load,int,32,-1,_Z9SoAKernelILi4096EEvPK13ApplesOnTreesPi,/autofs/nccs-svm1_home2/mdunlavy/GPU_Fault_Injection/HeCBench/src/layout-hip/main.cu,62,12,4,_Z9SoAKernelILi4096EEvPK13ApplesOnTreesPi|base|load|int|32|-1|/autofs/nccs-svm1_home2/mdunlavy/GPU_Fault_Injection/HeCBench/src/layout-hip/main.cu|62|12|4
558,pointer,load,ptr,64,0,_Z9SoAKernelILi4096EEvPK13ApplesOnTreesPi,/autofs/nccs-svm1_home2/mdunlavy/GPU_Fault_Injection/HeCBench/src/layout-hip/main.cu,62,12,7,_Z9SoAKernelILi4096EEvPK13ApplesOnTreesPi|pointer|load|ptr|64|0|/autofs/nccs-svm1_home2/mdunlavy/GPU_Fault_Injection/HeCBench/src/layout-hip/main.cu|62|12|7
559,base,load,int,32,-1,_Z9SoAKernelILi4096EEvPK13ApplesOnTreesPi,/autofs/nccs-svm1_home2/mdunlavy/GPU_Fault_Injection/HeCBench/src/layout-hip/main.cu,62,9,5,_Z9SoAKernelILi4096EEvPK13ApplesOnTreesPi|base|load|int|32|-1|/autofs/nccs-svm1_home2/mdunlavy/GPU_Fault_Injection/HeCBench/src/layout-hip/main.cu|62|9|5
560,pointer,load,ptr,64,0,_Z9SoAKernelILi4096EEvPK13ApplesOnTreesPi,/autofs/nccs-svm1_home2/mdunlavy/GPU_Fault_Injection/HeCBench/src/layout-hip/main.cu,62,9,8,_Z9SoAKernelILi4096EEvPK13ApplesOnTreesPi|pointer|load|ptr|64|0|/autofs/nccs-svm1_home2/mdunlavy/GPU_Fault_Injection/HeCBench/src/layout-hip/main.cu|62|9|8
561,base,add,int,32,-1,_Z9SoAKernelILi4096EEvPK13ApplesOnTreesPi,/autofs/nccs-svm1_home2/mdunlavy/GPU_Fault_Injection/HeCBench/src/layout-hip/main.cu,62,9,2,_Z9SoAKernelILi4096EEvPK13ApplesOnTreesPi|base|add|int|32|-1|/autofs/nccs-svm1_home2/mdunlavy/GPU_Fault_Injection/HeCBench/src/layout-hip/main.cu|62|9|2
562,operand,add,int,32,0,_Z9SoAKernelILi4096EEvPK13ApplesOnTreesPi,/autofs/nccs-svm1_home2/mdunlavy/GPU_Fault_Injection/HeCBench/src/layout-hip/main.cu,62,9,2,_Z9SoAKernelILi4096EEvPK13ApplesOnTreesPi|operand|add|int|32|0|/autofs/nccs-svm1_home2/mdunlavy/GPU_Fault_Injection/HeCBench/src/layout-hip/main.cu|62|9|2
563,operand,add,int,32,1,_Z9SoAKernelILi4096EEvPK13ApplesOnTreesPi,/autofs/nccs-svm1_home2/mdunlavy/GPU_Fault_Injection/HeCBench/src/layout-hip/main.cu,62,9,2,_Z9SoAKernelILi4096EEvPK13ApplesOnTreesPi|operand|add|int|32|1|/autofs/nccs-svm1_home2/mdunlavy/GPU_Fault_Injection/HeCBench/src/layout-hip/main.cu|62|9|2
564,operand,store,int,32,0,_Z9SoAKernelILi4096EEvPK13ApplesOnTreesPi,/autofs/nccs-svm1_home2/mdunlavy/GPU_Fault_Injection/HeCBench/src/layout-hip/main.cu,62,9,4,_Z9SoAKernelILi4096EEvPK13ApplesOnTreesPi|operand|store|int|32|0|/autofs/nccs-svm1_home2/mdunlavy/GPU_Fault_Injection/HeCBench/src/layout-hip/main.cu|62|9|4
565,pointer,store,ptr,64,1,_Z9SoAKernelILi4096EEvPK13ApplesOnTreesPi,/autofs/nccs-svm1_home2/mdunlavy/GPU_Fault_Injection/HeCBench/src/layout-hip/main.cu,62,9,8,_Z9SoAKernelILi4096EEvPK13ApplesOnTreesPi|pointer|store|ptr|64|1|/autofs/nccs-svm1_home2/mdunlavy/GPU_Fault_Injection/HeCBench/src/layout-hip/main.cu|62|9|8
566,base,load,int,32,-1,_Z9SoAKernelILi4096EEvPK13ApplesOnTreesPi,/autofs/nccs-svm1_home2/mdunlavy/GPU_Fault_Injection/HeCBench/src/layout-hip/main.cu,60,33,6,_Z9SoAKernelILi4096EEvPK13ApplesOnTreesPi|base|load|int|32|-1|/autofs/nccs-svm1_home2/mdunlavy/GPU_Fault_Injection/HeCBench/src/layout-hip/main.cu|60|33|6
567,pointer,load,ptr,64,0,_Z9SoAKernelILi4096EEvPK13ApplesOnTreesPi,/autofs/nccs-svm1_home2/mdunlavy/GPU_Fault_Injection/HeCBench/src/layout-hip/main.cu,60,33,9,_Z9SoAKernelILi4096EEvPK13ApplesOnTreesPi|pointer|load|ptr|64|0|/autofs/nccs-svm1_home2/mdunlavy/GPU_Fault_Injection/HeCBench/src/layout-hip/main.cu|60|33|9
568,base,add,int,32,-1,_Z9SoAKernelILi4096EEvPK13ApplesOnTreesPi,/autofs/nccs-svm1_home2/mdunlavy/GPU_Fault_Injection/HeCBench/src/layout-hip/main.cu,60,33,3,_Z9SoAKernelILi4096EEvPK13ApplesOnTreesPi|base|add|int|32|-1|/autofs/nccs-svm1_home2/mdunlavy/GPU_Fault_Injection/HeCBench/src/layout-hip/main.cu|60|33|3
569,operand,add,int,32,0,_Z9SoAKernelILi4096EEvPK13ApplesOnTreesPi,/autofs/nccs-svm1_home2/mdunlavy/GPU_Fault_Injection/HeCBench/src/layout-hip/main.cu,60,33,3,_Z9SoAKernelILi4096EEvPK13ApplesOnTreesPi|operand|add|int|32|0|/autofs/nccs-svm1_home2/mdunlavy/GPU_Fault_Injection/HeCBench/src/layout-hip/main.cu|60|33|3
570,operand,add,int,32,1,_Z9SoAKernelILi4096EEvPK13ApplesOnTreesPi,/autofs/nccs-svm1_home2/mdunlavy/GPU_Fault_Injection/HeCBench/src/layout-hip/main.cu,60,33,3,_Z9SoAKernelILi4096EEvPK13ApplesOnTreesPi|operand|add|int|32|1|/autofs/nccs-svm1_home2/mdunlavy/GPU_Fault_Injection/HeCBench/src/layout-hip/main.cu|60|33|3
571,operand,store,int,32,0,_Z9SoAKernelILi4096EEvPK13ApplesOnTreesPi,/autofs/nccs-svm1_home2/mdunlavy/GPU_Fault_Injection/HeCBench/src/layout-hip/main.cu,60,33,5,_Z9SoAKernelILi4096EEvPK13ApplesOnTreesPi|operand|store|int|32|0|/autofs/nccs-svm1_home2/mdunlavy/GPU_Fault_Injection/HeCBench/src/layout-hip/main.cu|60|33|5
572,pointer,store,ptr,64,1,_Z9SoAKernelILi4096EEvPK13ApplesOnTreesPi,/autofs/nccs-svm1_home2/mdunlavy/GPU_Fault_Injection/HeCBench/src/layout-hip/main.cu,60,33,9,_Z9SoAKernelILi4096EEvPK13ApplesOnTreesPi|pointer|store|ptr|64|1|/autofs/nccs-svm1_home2/mdunlavy/GPU_Fault_Injection/HeCBench/src/layout-hip/main.cu|60|33|9
573,base,load,int,32,-1,_Z9SoAKernelILi4096EEvPK13ApplesOnTreesPi,/autofs/nccs-svm1_home2/mdunlavy/GPU_Fault_Injection/HeCBench/src/layout-hip/main.cu,64,17,7,_Z9SoAKernelILi4096EEvPK13ApplesOnTreesPi|base|load|int|32|-1|/autofs/nccs-svm1_home2/mdunlavy/GPU_Fault_Injection/HeCBench/src/layout-hip/main.cu|64|17|7
574,pointer,load,ptr,64,0,_Z9SoAKernelILi4096EEvPK13ApplesOnTreesPi,/autofs/nccs-svm1_home2/mdunlavy/GPU_Fault_Injection/HeCBench/src/layout-hip/main.cu,64,17,10,_Z9SoAKernelILi4096EEvPK13ApplesOnTreesPi|pointer|load|ptr|64|0|/autofs/nccs-svm1_home2/mdunlavy/GPU_Fault_Injection/HeCBench/src/layout-hip/main.cu|64|17|10
575,pointer,load,ptr,64,-1,_Z9SoAKernelILi4096EEvPK13ApplesOnTreesPi,/autofs/nccs-svm1_home2/mdunlavy/GPU_Fault_Injection/HeCBench/src/layout-hip/main.cu,64,3,4,_Z9SoAKernelILi4096EEvPK13ApplesOnTreesPi|pointer|load|ptr|64|-1|/autofs/nccs-svm1_home2/mdunlavy/GPU_Fault_Injection/HeCBench/src/layout-hip/main.cu|64|3|4
576,pointer,load,ptr,64,0,_Z9SoAKernelILi4096EEvPK13ApplesOnTreesPi,/autofs/nccs-svm1_home2/mdunlavy/GPU_Fault_Injection/HeCBench/src/layout-hip/main.cu,64,3,11,_Z9SoAKernelILi4096EEvPK13ApplesOnTreesPi|pointer|load|ptr|64|0|/autofs/nccs-svm1_home2/mdunlavy/GPU_Fault_Injection/HeCBench/src/layout-hip/main.cu|64|3|11
577,base,load,int,32,-1,_Z9SoAKernelILi4096EEvPK13ApplesOnTreesPi,/autofs/nccs-svm1_home2/mdunlavy/GPU_Fault_Injection/HeCBench/src/layout-hip/main.cu,64,10,8,_Z9SoAKernelILi4096EEvPK13ApplesOnTreesPi|base|load|int|32|-1|/autofs/nccs-svm1_home2/mdunlavy/GPU_Fault_Injection/HeCBench/src/layout-hip/main.cu|64|10|8
578,pointer,load,ptr,64,0,_Z9SoAKernelILi4096EEvPK13ApplesOnTreesPi,/autofs/nccs-svm1_home2/mdunlavy/GPU_Fault_Injection/HeCBench/src/layout-hip/main.cu,64,10,12,_Z9SoAKernelILi4096EEvPK13ApplesOnTreesPi|pointer|load|ptr|64|0|/autofs/nccs-svm1_home2/mdunlavy/GPU_Fault_Injection/HeCBench/src/layout-hip/main.cu|64|10|12
579,base,zext,int,64,-1,_Z9SoAKernelILi4096EEvPK13ApplesOnTreesPi,/autofs/nccs-svm1_home2/mdunlavy/GPU_Fault_Injection/HeCBench/src/layout-hip/main.cu,64,3,2,_Z9SoAKernelILi4096EEvPK13ApplesOnTreesPi|base|zext|int|64|-1|/autofs/nccs-svm1_home2/mdunlavy/GPU_Fault_Injection/HeCBench/src/layout-hip/main.cu|64|3|2
580,operand,zext,int,32,0,_Z9SoAKernelILi4096EEvPK13ApplesOnTreesPi,/autofs/nccs-svm1_home2/mdunlavy/GPU_Fault_Injection/HeCBench/src/layout-hip/main.cu,64,3,2,_Z9SoAKernelILi4096EEvPK13ApplesOnTreesPi|operand|zext|int|32|0|/autofs/nccs-svm1_home2/mdunlavy/GPU_Fault_Injection/HeCBench/src/layout-hip/main.cu|64|3|2
581,pointer,getelementptr,ptr,64,-1,_Z9SoAKernelILi4096EEvPK13ApplesOnTreesPi,/autofs/nccs-svm1_home2/mdunlavy/GPU_Fault_Injection/HeCBench/src/layout-hip/main.cu,64,3,4,_Z9SoAKernelILi4096EEvPK13ApplesOnTreesPi|pointer|getelementptr|ptr|64|-1|/autofs/nccs-svm1_home2/mdunlavy/GPU_Fault_Injection/HeCBench/src/layout-hip/main.cu|64|3|4
582,pointer,getelementptr,ptr,64,0,_Z9SoAKernelILi4096EEvPK13ApplesOnTreesPi,/autofs/nccs-svm1_home2/mdunlavy/GPU_Fault_Injection/HeCBench/src/layout-hip/main.cu,64,3,4,_Z9SoAKernelILi4096EEvPK13ApplesOnTreesPi|pointer|getelementptr|ptr|64|0|/autofs/nccs-svm1_home2/mdunlavy/GPU_Fault_Injection/HeCBench/src/layout-hip/main.cu|64|3|4
583,operand,getelementptr,int,64,1,_Z9SoAKernelILi4096EEvPK13ApplesOnTreesPi,/autofs/nccs-svm1_home2/mdunlavy/GPU_Fault_Injection/HeCBench/src/layout-hip/main.cu,64,3,3,_Z9SoAKernelILi4096EEvPK13ApplesOnTreesPi|operand|getelementptr|int|64|1|/autofs/nccs-svm1_home2/mdunlavy/GPU_Fault_Injection/HeCBench/src/layout-hip/main.cu|64|3|3
584,operand,store,int,32,0,_Z9SoAKernelILi4096EEvPK13ApplesOnTreesPi,/autofs/nccs-svm1_home2/mdunlavy/GPU_Fault_Injection/HeCBench/src/layout-hip/main.cu,64,15,6,_Z9SoAKernelILi4096EEvPK13ApplesOnTreesPi|operand|store|int|32|0|/autofs/nccs-svm1_home2/mdunlavy/GPU_Fault_Injection/HeCBench/src/layout-hip/main.cu|64|15|6
585,pointer,store,ptr,64,1,_Z9SoAKernelILi4096EEvPK13ApplesOnTreesPi,/autofs/nccs-svm1_home2/mdunlavy/GPU_Fault_Injection/HeCBench/src/layout-hip/main.cu,64,15,10,_Z9SoAKernelILi4096EEvPK13ApplesOnTreesPi|pointer|store|ptr|64|1|/autofs/nccs-svm1_home2/mdunlavy/GPU_Fault_Injection/HeCBench/src/layout-hip/main.cu|64|15|10
586,operand,switch,int,32,0,__ockl_get_local_id,,0,0,1,__ockl_get_local_id|operand|switch|int|32|0||0|0|1
587,operand,switch,int,32,2,__ockl_get_local_id,,0,0,1,__ockl_get_local_id|operand|switch|int|32|2||0|0|1
588,operand,switch,int,32,4,__ockl_get_local_id,,0,0,1,__ockl_get_local_id|operand|switch|int|32|4||0|0|1
589,operand,switch,int,32,6,__ockl_get_local_id,,0,0,1,__ockl_get_local_id|operand|switch|int|32|6||0|0|1
590,base,call,int,32,-1,__ockl_get_local_id,,0,0,1,__ockl_get_local_id|base|call|int|32|-1||0|0|1
591,pointer,call,ptr,64,0,__ockl_get_local_id,,0,0,1,__ockl_get_local_id|pointer|call|ptr|64|0||0|0|1
592,base,call,int,32,-1,__ockl_get_local_id,,0,0,2,__ockl_get_local_id|base|call|int|32|-1||0|0|2
593,pointer,call,ptr,64,0,__ockl_get_local_id,,0,0,2,__ockl_get_local_id|pointer|call|ptr|64|0||0|0|2
594,base,call,int,32,-1,__ockl_get_local_id,,0,0,3,__ockl_get_local_id|base|call|int|32|-1||0|0|3
595,pointer,call,ptr,64,0,__ockl_get_local_id,,0,0,3,__ockl_get_local_id|pointer|call|ptr|64|0||0|0|3
596,base,phi,int,32,-1,__ockl_get_local_id,,0,0,1,__ockl_get_local_id|base|phi|int|32|-1||0|0|1
597,operand,phi,int,32,0,__ockl_get_local_id,,0,0,1,__ockl_get_local_id|operand|phi|int|32|0||0|0|1
598,operand,phi,int,32,1,__ockl_get_local_id,,0,0,1,__ockl_get_local_id|operand|phi|int|32|1||0|0|1
599,operand,phi,int,32,2,__ockl_get_local_id,,0,0,1,__ockl_get_local_id|operand|phi|int|32|2||0|0|1
600,operand,phi,int,32,3,__ockl_get_local_id,,0,0,1,__ockl_get_local_id|operand|phi|int|32|3||0|0|1
601,base,zext,int,64,-1,__ockl_get_local_id,,0,0,1,__ockl_get_local_id|base|zext|int|64|-1||0|0|1
602,operand,zext,int,32,0,__ockl_get_local_id,,0,0,1,__ockl_get_local_id|operand|zext|int|32|0||0|0|1
603,operand,ret,int,64,0,__ockl_get_local_id,,0,0,1,__ockl_get_local_id|operand|ret|int|64|0||0|0|1
604,operand,call,int,32,0,__ockl_fprintf_stderr_begin,,0,0,1,__ockl_fprintf_stderr_begin|operand|call|int|32|0||0|0|1
605,operand,call,int,64,1,__ockl_fprintf_stderr_begin,,0,0,1,__ockl_fprintf_stderr_begin|operand|call|int|64|1||0|0|1
606,operand,call,int,64,2,__ockl_fprintf_stderr_begin,,0,0,1,__ockl_fprintf_stderr_begin|operand|call|int|64|2||0|0|1
607,operand,call,int,64,3,__ockl_fprintf_stderr_begin,,0,0,1,__ockl_fprintf_stderr_begin|operand|call|int|64|3||0|0|1
608,operand,call,int,64,4,__ockl_fprintf_stderr_begin,,0,0,1,__ockl_fprintf_stderr_begin|operand|call|int|64|4||0|0|1
609,operand,call,int,64,5,__ockl_fprintf_stderr_begin,,0,0,1,__ockl_fprintf_stderr_begin|operand|call|int|64|5||0|0|1
610,operand,call,int,64,6,__ockl_fprintf_stderr_begin,,0,0,1,__ockl_fprintf_stderr_begin|operand|call|int|64|6||0|0|1
611,operand,call,int,64,7,__ockl_fprintf_stderr_begin,,0,0,1,__ockl_fprintf_stderr_begin|operand|call|int|64|7||0|0|1
612,operand,call,int,64,8,__ockl_fprintf_stderr_begin,,0,0,1,__ockl_fprintf_stderr_begin|operand|call|int|64|8||0|0|1
613,pointer,call,ptr,64,9,__ockl_fprintf_stderr_begin,,0,0,1,__ockl_fprintf_stderr_begin|pointer|call|ptr|64|9||0|0|1
614,base,extractelement,int,64,-1,__ockl_fprintf_stderr_begin,,0,0,1,__ockl_fprintf_stderr_begin|base|extractelement|int|64|-1||0|0|1
615,operand,extractelement,int,64,1,__ockl_fprintf_stderr_begin,,0,0,1,__ockl_fprintf_stderr_begin|operand|extractelement|int|64|1||0|0|1
616,operand,ret,int,64,0,__ockl_fprintf_stderr_begin,,0,0,1,__ockl_fprintf_stderr_begin|operand|ret|int|64|0||0|0|1
617,base,load,int,32,-1,__ockl_hostcall_preview,,0,0,1,__ockl_hostcall_preview|base|load|int|32|-1||0|0|1
618,pointer,load,ptr,64,0,__ockl_hostcall_preview,,0,0,1,__ockl_hostcall_preview|pointer|load|ptr|64|0||0|0|1
619,base,icmp,int,1,-1,__ockl_hostcall_preview,,0,0,1,__ockl_hostcall_preview|base|icmp|int|1|-1||0|0|1
620,operand,icmp,int,32,0,__ockl_hostcall_preview,,0,0,1,__ockl_hostcall_preview|operand|icmp|int|32|0||0|0|1
621,operand,icmp,int,32,1,__ockl_hostcall_preview,,0,0,1,__ockl_hostcall_preview|operand|icmp|int|32|1||0|0|1
622,pointer,call,ptr,64,-1,__ockl_hostcall_preview,,0,0,1,__ockl_hostcall_preview|pointer|call|ptr|64|-1||0|0|1
623,pointer,call,ptr,64,0,__ockl_hostcall_preview,,0,0,1,__ockl_hostcall_preview|pointer|call|ptr|64|0||0|0|1
624,base,select,int,64,-1,__ockl_hostcall_preview,,0,0,1,__ockl_hostcall_preview|base|select|int|64|-1||0|0|1
625,operand,select,int,1,0,__ockl_hostcall_preview,,0,0,1,__ockl_hostcall_preview|operand|select|int|1|0||0|0|1
626,operand,select,int,64,1,__ockl_hostcall_preview,,0,0,1,__ockl_hostcall_preview|operand|select|int|64|1||0|0|1
627,operand,select,int,64,2,__ockl_hostcall_preview,,0,0,1,__ockl_hostcall_preview|operand|select|int|64|2||0|0|1
628,pointer,getelementptr,ptr,64,-1,__ockl_hostcall_preview,,0,0,1,__ockl_hostcall_preview|pointer|getelementptr|ptr|64|-1||0|0|1
629,pointer,getelementptr,ptr,64,0,__ockl_hostcall_preview,,0,0,1,__ockl_hostcall_preview|pointer|getelementptr|ptr|64|0||0|0|1
630,operand,getelementptr,int,64,1,__ockl_hostcall_preview,,0,0,1,__ockl_hostcall_preview|operand|getelementptr|int|64|1||0|0|1
631,base,load,int,64,-1,__ockl_hostcall_preview,,0,0,1,__ockl_hostcall_preview|base|load|int|64|-1||0|0|1
632,pointer,load,ptr,64,0,__ockl_hostcall_preview,,0,0,2,__ockl_hostcall_preview|pointer|load|ptr|64|0||0|0|2
633,pointer,inttoptr,ptr,64,-1,__ockl_hostcall_preview,,0,0,1,__ockl_hostcall_preview|pointer|inttoptr|ptr|64|-1||0|0|1
634,operand,inttoptr,int,64,0,__ockl_hostcall_preview,,0,0,1,__ockl_hostcall_preview|operand|inttoptr|int|64|0||0|0|1
635,pointer,addrspacecast,ptr,64,-1,__ockl_hostcall_preview,,0,0,1,__ockl_hostcall_preview|pointer|addrspacecast|ptr|64|-1||0|0|1
636,pointer,addrspacecast,ptr,64,0,__ockl_hostcall_preview,,0,0,1,__ockl_hostcall_preview|pointer|addrspacecast|ptr|64|0||0|0|1
637,pointer,call,ptr,64,0,__ockl_hostcall_preview,,0,0,2,__ockl_hostcall_preview|pointer|call|ptr|64|0||0|0|2
638,operand,call,int,32,1,__ockl_hostcall_preview,,0,0,1,__ockl_hostcall_preview|operand|call|int|32|1||0|0|1
639,operand,call,int,64,2,__ockl_hostcall_preview,,0,0,1,__ockl_hostcall_preview|operand|call|int|64|2||0|0|1
640,operand,call,int,64,3,__ockl_hostcall_preview,,0,0,1,__ockl_hostcall_preview|operand|call|int|64|3||0|0|1
641,operand,call,int,64,4,__ockl_hostcall_preview,,0,0,1,__ockl_hostcall_preview|operand|call|int|64|4||0|0|1
642,operand,call,int,64,5,__ockl_hostcall_preview,,0,0,1,__ockl_hostcall_preview|operand|call|int|64|5||0|0|1
643,operand,call,int,64,6,__ockl_hostcall_preview,,0,0,1,__ockl_hostcall_preview|operand|call|int|64|6||0|0|1
644,operand,call,int,64,7,__ockl_hostcall_preview,,0,0,1,__ockl_hostcall_preview|operand|call|int|64|7||0|0|1
645,operand,call,int,64,8,__ockl_hostcall_preview,,0,0,1,__ockl_hostcall_preview|operand|call|int|64|8||0|0|1
646,operand,call,int,64,9,__ockl_hostcall_preview,,0,0,1,__ockl_hostcall_preview|operand|call|int|64|9||0|0|1
647,pointer,call,ptr,64,10,__ockl_hostcall_preview,,0,0,1,__ockl_hostcall_preview|pointer|call|ptr|64|10||0|0|1
648,base,call,int,32,-1,__ockl_hostcall_internal,,0,0,1,__ockl_hostcall_internal|base|call|int|32|-1||0|0|1
649,operand,call,int,32,0,__ockl_hostcall_internal,,0,0,1,__ockl_hostcall_internal|operand|call|int|32|0||0|0|1
650,operand,call,int,32,1,__ockl_hostcall_internal,,0,0,1,__ockl_hostcall_internal|operand|call|int|32|1||0|0|1
651,pointer,call,ptr,64,2,__ockl_hostcall_internal,,0,0,1,__ockl_hostcall_internal|pointer|call|ptr|64|2||0|0|1
652,base,call,int,32,-1,__ockl_hostcall_internal,,0,0,2,__ockl_hostcall_internal|base|call|int|32|-1||0|0|2
653,operand,call,int,32,0,__ockl_hostcall_internal,,0,0,2,__ockl_hostcall_internal|operand|call|int|32|0||0|0|2
654,operand,call,int,32,1,__ockl_hostcall_internal,,0,0,2,__ockl_hostcall_internal|operand|call|int|32|1||0|0|2
655,pointer,call,ptr,64,2,__ockl_hostcall_internal,,0,0,2,__ockl_hostcall_internal|pointer|call|ptr|64|2||0|0|2
656,base,call,int,32,-1,__ockl_hostcall_internal,,0,0,3,__ockl_hostcall_internal|base|call|int|32|-1||0|0|3
657,operand,call,int,32,0,__ockl_hostcall_internal,,0,0,3,__ockl_hostcall_internal|operand|call|int|32|0||0|0|3
658,pointer,call,ptr,64,1,__ockl_hostcall_internal,,0,0,1,__ockl_hostcall_internal|pointer|call|ptr|64|1||0|0|1
659,pointer,addrspacecast,ptr,64,-1,__ockl_hostcall_internal,,0,0,1,__ockl_hostcall_internal|pointer|addrspacecast|ptr|64|-1||0|0|1
660,pointer,addrspacecast,ptr,64,0,__ockl_hostcall_internal,,0,0,1,__ockl_hostcall_internal|pointer|addrspacecast|ptr|64|0||0|0|1
661,base,icmp,int,1,-1,__ockl_hostcall_internal,,0,0,1,__ockl_hostcall_internal|base|icmp|int|1|-1||0|0|1
662,operand,icmp,int,32,0,__ockl_hostcall_internal,,0,0,1,__ockl_hostcall_internal|operand|icmp|int|32|0||0|0|1
663,operand,icmp,int,32,1,__ockl_hostcall_internal,,0,0,1,__ockl_hostcall_internal|operand|icmp|int|32|1||0|0|1
664,operand,br,int,1,0,__ockl_hostcall_internal,,0,0,1,__ockl_hostcall_internal|operand|br|int|1|0||0|0|1
665,pointer,getelementptr,ptr,64,-1,__ockl_hostcall_internal,,0,0,1,__ockl_hostcall_internal|pointer|getelementptr|ptr|64|-1||0|0|1
666,pointer,getelementptr,ptr,64,0,__ockl_hostcall_internal,,0,0,1,__ockl_hostcall_internal|pointer|getelementptr|ptr|64|0||0|0|1
667,operand,getelementptr,int,64,1,__ockl_hostcall_internal,,0,0,1,__ockl_hostcall_internal|operand|getelementptr|int|64|1||0|0|1
668,base,load,int,64,-1,__ockl_hostcall_internal,,0,0,1,__ockl_hostcall_internal|base|load|int|64|-1||0|0|1
669,pointer,load,ptr,64,0,__ockl_hostcall_internal,,0,0,1,__ockl_hostcall_internal|pointer|load|ptr|64|0||0|0|1
670,pointer,getelementptr,ptr,64,-1,__ockl_hostcall_internal,,0,0,2,__ockl_hostcall_internal|pointer|getelementptr|ptr|64|-1||0|0|2
671,pointer,getelementptr,ptr,64,0,__ockl_hostcall_internal,,0,0,2,__ockl_hostcall_internal|pointer|getelementptr|ptr|64|0||0|0|2
672,operand,getelementptr,int,64,1,__ockl_hostcall_internal,,0,0,2,__ockl_hostcall_internal|operand|getelementptr|int|64|1||0|0|2
673,pointer,load,ptr,64,-1,__ockl_hostcall_internal,,0,0,1,__ockl_hostcall_internal|pointer|load|ptr|64|-1||0|0|1
674,pointer,load,ptr,64,0,__ockl_hostcall_internal,,0,0,2,__ockl_hostcall_internal|pointer|load|ptr|64|0||0|0|2
675,base,load,int,64,-1,__ockl_hostcall_internal,,0,0,2,__ockl_hostcall_internal|base|load|int|64|-1||0|0|2
676,pointer,load,ptr,64,0,__ockl_hostcall_internal,,0,0,3,__ockl_hostcall_internal|pointer|load|ptr|64|0||0|0|3
677,base,and,int,64,-1,__ockl_hostcall_internal,,0,0,1,__ockl_hostcall_internal|base|and|int|64|-1||0|0|1
678,operand,and,int,64,0,__ockl_hostcall_internal,,0,0,1,__ockl_hostcall_internal|operand|and|int|64|0||0|0|1
679,operand,and,int,64,1,__ockl_hostcall_internal,,0,0,1,__ockl_hostcall_internal|operand|and|int|64|1||0|0|1
680,pointer,getelementptr,ptr,64,-1,__ockl_hostcall_internal,,0,0,3,__ockl_hostcall_internal|pointer|getelementptr|ptr|64|-1||0|0|3
681,pointer,getelementptr,ptr,64,0,__ockl_hostcall_internal,,0,0,3,__ockl_hostcall_internal|pointer|getelementptr|ptr|64|0||0|0|3
682,operand,getelementptr,int,64,1,__ockl_hostcall_internal,,0,0,3,__ockl_hostcall_internal|operand|getelementptr|int|64|1||0|0|3
683,base,load,int,64,-1,__ockl_hostcall_internal,,0,0,3,__ockl_hostcall_internal|base|load|int|64|-1||0|0|3
684,pointer,load,ptr,64,0,__ockl_hostcall_internal,,0,0,4,__ockl_hostcall_internal|pointer|load|ptr|64|0||0|0|4
685,pointer,cmpxchg,ptr,64,0,__ockl_hostcall_internal,,0,0,1,__ockl_hostcall_internal|pointer|cmpxchg|ptr|64|0||0|0|1
686,operand,cmpxchg,int,64,1,__ockl_hostcall_internal,,0,0,1,__ockl_hostcall_internal|operand|cmpxchg|int|64|1||0|0|1
687,operand,cmpxchg,int,64,2,__ockl_hostcall_internal,,0,0,1,__ockl_hostcall_internal|operand|cmpxchg|int|64|2||0|0|1
688,base,extractvalue,int,1,-1,__ockl_hostcall_internal,,0,0,1,__ockl_hostcall_internal|base|extractvalue|int|1|-1||0|0|1
689,base,extractvalue,int,64,-1,__ockl_hostcall_internal,,0,0,1,__ockl_hostcall_internal|base|extractvalue|int|64|-1||0|0|1
690,operand,br,int,1,0,__ockl_hostcall_internal,,0,0,2,__ockl_hostcall_internal|operand|br|int|1|0||0|0|2
691,base,phi,int,64,-1,__ockl_hostcall_internal,,0,0,1,__ockl_hostcall_internal|base|phi|int|64|-1||0|0|1
692,operand,phi,int,64,0,__ockl_hostcall_internal,,0,0,1,__ockl_hostcall_internal|operand|phi|int|64|0||0|0|1
693,operand,phi,int,64,1,__ockl_hostcall_internal,,0,0,1,__ockl_hostcall_internal|operand|phi|int|64|1||0|0|1
694,operand,call,int,32,0,__ockl_hostcall_internal,,0,0,4,__ockl_hostcall_internal|operand|call|int|32|0||0|0|4
695,pointer,call,ptr,64,1,__ockl_hostcall_internal,,0,0,2,__ockl_hostcall_internal|pointer|call|ptr|64|1||0|0|2
696,pointer,load,ptr,64,-1,__ockl_hostcall_internal,,0,0,2,__ockl_hostcall_internal|pointer|load|ptr|64|-1||0|0|2
697,pointer,load,ptr,64,0,__ockl_hostcall_internal,,0,0,5,__ockl_hostcall_internal|pointer|load|ptr|64|0||0|0|5
698,base,load,int,64,-1,__ockl_hostcall_internal,,0,0,4,__ockl_hostcall_internal|base|load|int|64|-1||0|0|4
699,pointer,load,ptr,64,0,__ockl_hostcall_internal,,0,0,6,__ockl_hostcall_internal|pointer|load|ptr|64|0||0|0|6
700,base,and,int,64,-1,__ockl_hostcall_internal,,0,0,2,__ockl_hostcall_internal|base|and|int|64|-1||0|0|2
701,operand,and,int,64,0,__ockl_hostcall_internal,,0,0,2,__ockl_hostcall_internal|operand|and|int|64|0||0|0|2
702,operand,and,int,64,1,__ockl_hostcall_internal,,0,0,2,__ockl_hostcall_internal|operand|and|int|64|1||0|0|2
703,pointer,getelementptr,ptr,64,-1,__ockl_hostcall_internal,,0,0,4,__ockl_hostcall_internal|pointer|getelementptr|ptr|64|-1||0|0|4
704,pointer,getelementptr,ptr,64,0,__ockl_hostcall_internal,,0,0,4,__ockl_hostcall_internal|pointer|getelementptr|ptr|64|0||0|0|4
705,operand,getelementptr,int,64,1,__ockl_hostcall_internal,,0,0,4,__ockl_hostcall_internal|operand|getelementptr|int|64|1||0|0|4
706,base,load,int,64,-1,__ockl_hostcall_internal,,0,0,5,__ockl_hostcall_internal|base|load|int|64|-1||0|0|5
707,pointer,load,ptr,64,0,__ockl_hostcall_internal,,0,0,7,__ockl_hostcall_internal|pointer|load|ptr|64|0||0|0|7
708,pointer,cmpxchg,ptr,64,0,__ockl_hostcall_internal,,0,0,2,__ockl_hostcall_internal|pointer|cmpxchg|ptr|64|0||0|0|2
709,operand,cmpxchg,int,64,1,__ockl_hostcall_internal,,0,0,2,__ockl_hostcall_internal|operand|cmpxchg|int|64|1||0|0|2
710,operand,cmpxchg,int,64,2,__ockl_hostcall_internal,,0,0,2,__ockl_hostcall_internal|operand|cmpxchg|int|64|2||0|0|2
711,base,extractvalue,int,1,-1,__ockl_hostcall_internal,,0,0,2,__ockl_hostcall_internal|base|extractvalue|int|1|-1||0|0|2
712,base,extractvalue,int,64,-1,__ockl_hostcall_internal,,0,0,2,__ockl_hostcall_internal|base|extractvalue|int|64|-1||0|0|2
713,operand,br,int,1,0,__ockl_hostcall_internal,,0,0,3,__ockl_hostcall_internal|operand|br|int|1|0||0|0|3
714,base,phi,int,64,-1,__ockl_hostcall_internal,,0,0,2,__ockl_hostcall_internal|base|phi|int|64|-1||0|0|2
715,operand,phi,int,64,0,__ockl_hostcall_internal,,0,0,2,__ockl_hostcall_internal|operand|phi|int|64|0||0|0|2
716,operand,phi,int,64,1,__ockl_hostcall_internal,,0,0,2,__ockl_hostcall_internal|operand|phi|int|64|1||0|0|2
717,operand,phi,int,64,2,__ockl_hostcall_internal,,0,0,1,__ockl_hostcall_internal|operand|phi|int|64|2||0|0|1
718,base,trunc,int,32,-1,__ockl_hostcall_internal,,0,0,1,__ockl_hostcall_internal|base|trunc|int|32|-1||0|0|1
719,operand,trunc,int,64,0,__ockl_hostcall_internal,,0,0,1,__ockl_hostcall_internal|operand|trunc|int|64|0||0|0|1
720,base,lshr,int,64,-1,__ockl_hostcall_internal,,0,0,1,__ockl_hostcall_internal|base|lshr|int|64|-1||0|0|1
721,operand,lshr,int,64,0,__ockl_hostcall_internal,,0,0,1,__ockl_hostcall_internal|operand|lshr|int|64|0||0|0|1
722,operand,lshr,int,64,1,__ockl_hostcall_internal,,0,0,1,__ockl_hostcall_internal|operand|lshr|int|64|1||0|0|1
723,base,trunc,int,32,-1,__ockl_hostcall_internal,,0,0,2,__ockl_hostcall_internal|base|trunc|int|32|-1||0|0|2
724,operand,trunc,int,64,0,__ockl_hostcall_internal,,0,0,2,__ockl_hostcall_internal|operand|trunc|int|64|0||0|0|2
725,base,call,int,32,-1,__ockl_hostcall_internal,,0,0,4,__ockl_hostcall_internal|base|call|int|32|-1||0|0|4
726,operand,call,int,32,0,__ockl_hostcall_internal,,0,0,5,__ockl_hostcall_internal|operand|call|int|32|0||0|0|5
727,pointer,call,ptr,64,1,__ockl_hostcall_internal,,0,0,3,__ockl_hostcall_internal|pointer|call|ptr|64|1||0|0|3
728,base,call,int,32,-1,__ockl_hostcall_internal,,0,0,5,__ockl_hostcall_internal|base|call|int|32|-1||0|0|5
729,operand,call,int,32,0,__ockl_hostcall_internal,,0,0,6,__ockl_hostcall_internal|operand|call|int|32|0||0|0|6
730,pointer,call,ptr,64,1,__ockl_hostcall_internal,,0,0,4,__ockl_hostcall_internal|pointer|call|ptr|64|1||0|0|4
731,base,zext,int,64,-1,__ockl_hostcall_internal,,0,0,1,__ockl_hostcall_internal|base|zext|int|64|-1||0|0|1
732,operand,zext,int,32,0,__ockl_hostcall_internal,,0,0,1,__ockl_hostcall_internal|operand|zext|int|32|0||0|0|1
733,base,shl,int,64,-1,__ockl_hostcall_internal,,0,0,1,__ockl_hostcall_internal|base|shl|int|64|-1||0|0|1
734,operand,shl,int,64,0,__ockl_hostcall_internal,,0,0,1,__ockl_hostcall_internal|operand|shl|int|64|0||0|0|1
735,operand,shl,int,64,1,__ockl_hostcall_internal,,0,0,1,__ockl_hostcall_internal|operand|shl|int|64|1||0|0|1
736,base,zext,int,64,-1,__ockl_hostcall_internal,,0,0,2,__ockl_hostcall_internal|base|zext|int|64|-1||0|0|2
737,operand,zext,int,32,0,__ockl_hostcall_internal,,0,0,2,__ockl_hostcall_internal|operand|zext|int|32|0||0|0|2
738,base,or,int,64,-1,__ockl_hostcall_internal,,0,0,1,__ockl_hostcall_internal|base|or|int|64|-1||0|0|1
739,operand,or,int,64,0,__ockl_hostcall_internal,,0,0,1,__ockl_hostcall_internal|operand|or|int|64|0||0|0|1
740,operand,or,int,64,1,__ockl_hostcall_internal,,0,0,1,__ockl_hostcall_internal|operand|or|int|64|1||0|0|1
741,pointer,load,ptr,64,-1,__ockl_hostcall_internal,,0,0,3,__ockl_hostcall_internal|pointer|load|ptr|64|-1||0|0|3
742,pointer,load,ptr,64,0,__ockl_hostcall_internal,,0,0,8,__ockl_hostcall_internal|pointer|load|ptr|64|0||0|0|8
743,pointer,getelementptr,ptr,64,-1,__ockl_hostcall_internal,,0,0,5,__ockl_hostcall_internal|pointer|getelementptr|ptr|64|-1||0|0|5
744,pointer,getelementptr,ptr,64,0,__ockl_hostcall_internal,,0,0,5,__ockl_hostcall_internal|pointer|getelementptr|ptr|64|0||0|0|5
745,operand,getelementptr,int,64,1,__ockl_hostcall_internal,,0,0,5,__ockl_hostcall_internal|operand|getelementptr|int|64|1||0|0|5
746,base,load,int,64,-1,__ockl_hostcall_internal,,0,0,6,__ockl_hostcall_internal|base|load|int|64|-1||0|0|6
747,pointer,load,ptr,64,0,__ockl_hostcall_internal,,0,0,9,__ockl_hostcall_internal|pointer|load|ptr|64|0||0|0|9
748,base,and,int,64,-1,__ockl_hostcall_internal,,0,0,3,__ockl_hostcall_internal|base|and|int|64|-1||0|0|3
749,operand,and,int,64,0,__ockl_hostcall_internal,,0,0,3,__ockl_hostcall_internal|operand|and|int|64|0||0|0|3
750,operand,and,int,64,1,__ockl_hostcall_internal,,0,0,3,__ockl_hostcall_internal|operand|and|int|64|1||0|0|3
751,pointer,getelementptr,ptr,64,-1,__ockl_hostcall_internal,,0,0,6,__ockl_hostcall_internal|pointer|getelementptr|ptr|64|-1||0|0|6
752,pointer,getelementptr,ptr,64,0,__ockl_hostcall_internal,,0,0,6,__ockl_hostcall_internal|pointer|getelementptr|ptr|64|0||0|0|6
753,operand,getelementptr,int,64,1,__ockl_hostcall_internal,,0,0,6,__ockl_hostcall_internal|operand|getelementptr|int|64|1||0|0|6
754,pointer,getelementptr,ptr,64,-1,__ockl_hostcall_internal,,0,0,7,__ockl_hostcall_internal|pointer|getelementptr|ptr|64|-1||0|0|7
755,pointer,getelementptr,ptr,64,0,__ockl_hostcall_internal,,0,0,7,__ockl_hostcall_internal|pointer|getelementptr|ptr|64|0||0|0|7
756,operand,getelementptr,int,64,1,__ockl_hostcall_internal,,0,0,7,__ockl_hostcall_internal|operand|getelementptr|int|64|1||0|0|7
757,pointer,load,ptr,64,-1,__ockl_hostcall_internal,,0,0,4,__ockl_hostcall_internal|pointer|load|ptr|64|-1||0|0|4
758,pointer,load,ptr,64,0,__ockl_hostcall_internal,,0,0,10,__ockl_hostcall_internal|pointer|load|ptr|64|0||0|0|10
759,pointer,getelementptr,ptr,64,-1,__ockl_hostcall_internal,,0,0,8,__ockl_hostcall_internal|pointer|getelementptr|ptr|64|-1||0|0|8
760,pointer,getelementptr,ptr,64,0,__ockl_hostcall_internal,,0,0,8,__ockl_hostcall_internal|pointer|getelementptr|ptr|64|0||0|0|8
761,operand,getelementptr,int,64,1,__ockl_hostcall_internal,,0,0,8,__ockl_hostcall_internal|operand|getelementptr|int|64|1||0|0|8
762,base,call,int,64,-1,__ockl_hostcall_internal,,0,0,1,__ockl_hostcall_internal|base|call|int|64|-1||0|0|1
763,operand,call,int,1,0,__ockl_hostcall_internal,,0,0,1,__ockl_hostcall_internal|operand|call|int|1|0||0|0|1
764,pointer,call,ptr,64,1,__ockl_hostcall_internal,,0,0,5,__ockl_hostcall_internal|pointer|call|ptr|64|1||0|0|5
765,operand,br,int,1,0,__ockl_hostcall_internal,,0,0,4,__ockl_hostcall_internal|operand|br|int|1|0||0|0|4
766,pointer,getelementptr,ptr,64,-1,__ockl_hostcall_internal,,0,0,9,__ockl_hostcall_internal|pointer|getelementptr|ptr|64|-1||0|0|9
767,pointer,getelementptr,ptr,64,0,__ockl_hostcall_internal,,0,0,9,__ockl_hostcall_internal|pointer|getelementptr|ptr|64|0||0|0|9
768,operand,getelementptr,int,64,1,__ockl_hostcall_internal,,0,0,9,__ockl_hostcall_internal|operand|getelementptr|int|64|1||0|0|9
769,pointer,getelementptr,ptr,64,-1,__ockl_hostcall_internal,,0,0,10,__ockl_hostcall_internal|pointer|getelementptr|ptr|64|-1||0|0|10
770,pointer,getelementptr,ptr,64,0,__ockl_hostcall_internal,,0,0,10,__ockl_hostcall_internal|pointer|getelementptr|ptr|64|0||0|0|10
771,operand,getelementptr,int,64,1,__ockl_hostcall_internal,,0,0,10,__ockl_hostcall_internal|operand|getelementptr|int|64|1||0|0|10
772,pointer,getelementptr,ptr,64,-1,__ockl_hostcall_internal,,0,0,11,__ockl_hostcall_internal|pointer|getelementptr|ptr|64|-1||0|0|11
773,pointer,getelementptr,ptr,64,0,__ockl_hostcall_internal,,0,0,11,__ockl_hostcall_internal|pointer|getelementptr|ptr|64|0||0|0|11
774,operand,getelementptr,int,64,1,__ockl_hostcall_internal,,0,0,11,__ockl_hostcall_internal|operand|getelementptr|int|64|1||0|0|11
775,operand,store,int,32,0,__ockl_hostcall_internal,,0,0,1,__ockl_hostcall_internal|operand|store|int|32|0||0|0|1
776,pointer,store,ptr,64,1,__ockl_hostcall_internal,,0,0,1,__ockl_hostcall_internal|pointer|store|ptr|64|1||0|0|1
777,operand,store,int,64,0,__ockl_hostcall_internal,,0,0,1,__ockl_hostcall_internal|operand|store|int|64|0||0|0|1
778,pointer,store,ptr,64,1,__ockl_hostcall_internal,,0,0,2,__ockl_hostcall_internal|pointer|store|ptr|64|1||0|0|2
779,operand,store,int,32,0,__ockl_hostcall_internal,,0,0,2,__ockl_hostcall_internal|operand|store|int|32|0||0|0|2
780,pointer,store,ptr,64,1,__ockl_hostcall_internal,,0,0,3,__ockl_hostcall_internal|pointer|store|ptr|64|1||0|0|3
781,base,zext,int,64,-1,__ockl_hostcall_internal,,0,0,3,__ockl_hostcall_internal|base|zext|int|64|-1||0|0|3
782,operand,zext,int,32,0,__ockl_hostcall_internal,,0,0,3,__ockl_hostcall_internal|operand|zext|int|32|0||0|0|3
783,pointer,getelementptr,ptr,64,-1,__ockl_hostcall_internal,,0,0,12,__ockl_hostcall_internal|pointer|getelementptr|ptr|64|-1||0|0|12
784,pointer,getelementptr,ptr,64,0,__ockl_hostcall_internal,,0,0,12,__ockl_hostcall_internal|pointer|getelementptr|ptr|64|0||0|0|12
785,operand,getelementptr,int,64,1,__ockl_hostcall_internal,,0,0,12,__ockl_hostcall_internal|operand|getelementptr|int|64|1||0|0|12
786,operand,getelementptr,int,64,2,__ockl_hostcall_internal,,0,0,1,__ockl_hostcall_internal|operand|getelementptr|int|64|2||0|0|1
787,operand,store,int,64,0,__ockl_hostcall_internal,,0,0,2,__ockl_hostcall_internal|operand|store|int|64|0||0|0|2
788,pointer,store,ptr,64,1,__ockl_hostcall_internal,,0,0,4,__ockl_hostcall_internal|pointer|store|ptr|64|1||0|0|4
789,pointer,getelementptr,ptr,64,-1,__ockl_hostcall_internal,,0,0,13,__ockl_hostcall_internal|pointer|getelementptr|ptr|64|-1||0|0|13
790,pointer,getelementptr,ptr,64,0,__ockl_hostcall_internal,,0,0,13,__ockl_hostcall_internal|pointer|getelementptr|ptr|64|0||0|0|13
791,operand,getelementptr,int,64,1,__ockl_hostcall_internal,,0,0,13,__ockl_hostcall_internal|operand|getelementptr|int|64|1||0|0|13
792,operand,store,int,64,0,__ockl_hostcall_internal,,0,0,3,__ockl_hostcall_internal|operand|store|int|64|0||0|0|3
793,pointer,store,ptr,64,1,__ockl_hostcall_internal,,0,0,5,__ockl_hostcall_internal|pointer|store|ptr|64|1||0|0|5
794,pointer,getelementptr,ptr,64,-1,__ockl_hostcall_internal,,0,0,14,__ockl_hostcall_internal|pointer|getelementptr|ptr|64|-1||0|0|14
795,pointer,getelementptr,ptr,64,0,__ockl_hostcall_internal,,0,0,14,__ockl_hostcall_internal|pointer|getelementptr|ptr|64|0||0|0|14
796,operand,getelementptr,int,64,1,__ockl_hostcall_internal,,0,0,14,__ockl_hostcall_internal|operand|getelementptr|int|64|1||0|0|14
797,operand,store,int,64,0,__ockl_hostcall_internal,,0,0,4,__ockl_hostcall_internal|operand|store|int|64|0||0|0|4
798,pointer,store,ptr,64,1,__ockl_hostcall_internal,,0,0,6,__ockl_hostcall_internal|pointer|store|ptr|64|1||0|0|6
799,pointer,getelementptr,ptr,64,-1,__ockl_hostcall_internal,,0,0,15,__ockl_hostcall_internal|pointer|getelementptr|ptr|64|-1||0|0|15
800,pointer,getelementptr,ptr,64,0,__ockl_hostcall_internal,,0,0,15,__ockl_hostcall_internal|pointer|getelementptr|ptr|64|0||0|0|15
801,operand,getelementptr,int,64,1,__ockl_hostcall_internal,,0,0,15,__ockl_hostcall_internal|operand|getelementptr|int|64|1||0|0|15
802,operand,store,int,64,0,__ockl_hostcall_internal,,0,0,5,__ockl_hostcall_internal|operand|store|int|64|0||0|0|5
803,pointer,store,ptr,64,1,__ockl_hostcall_internal,,0,0,7,__ockl_hostcall_internal|pointer|store|ptr|64|1||0|0|7
804,pointer,getelementptr,ptr,64,-1,__ockl_hostcall_internal,,0,0,16,__ockl_hostcall_internal|pointer|getelementptr|ptr|64|-1||0|0|16
805,pointer,getelementptr,ptr,64,0,__ockl_hostcall_internal,,0,0,16,__ockl_hostcall_internal|pointer|getelementptr|ptr|64|0||0|0|16
806,operand,getelementptr,int,64,1,__ockl_hostcall_internal,,0,0,16,__ockl_hostcall_internal|operand|getelementptr|int|64|1||0|0|16
807,operand,store,int,64,0,__ockl_hostcall_internal,,0,0,6,__ockl_hostcall_internal|operand|store|int|64|0||0|0|6
808,pointer,store,ptr,64,1,__ockl_hostcall_internal,,0,0,8,__ockl_hostcall_internal|pointer|store|ptr|64|1||0|0|8
809,pointer,getelementptr,ptr,64,-1,__ockl_hostcall_internal,,0,0,17,__ockl_hostcall_internal|pointer|getelementptr|ptr|64|-1||0|0|17
810,pointer,getelementptr,ptr,64,0,__ockl_hostcall_internal,,0,0,17,__ockl_hostcall_internal|pointer|getelementptr|ptr|64|0||0|0|17
811,operand,getelementptr,int,64,1,__ockl_hostcall_internal,,0,0,17,__ockl_hostcall_internal|operand|getelementptr|int|64|1||0|0|17
812,operand,store,int,64,0,__ockl_hostcall_internal,,0,0,7,__ockl_hostcall_internal|operand|store|int|64|0||0|0|7
813,pointer,store,ptr,64,1,__ockl_hostcall_internal,,0,0,9,__ockl_hostcall_internal|pointer|store|ptr|64|1||0|0|9
814,pointer,getelementptr,ptr,64,-1,__ockl_hostcall_internal,,0,0,18,__ockl_hostcall_internal|pointer|getelementptr|ptr|64|-1||0|0|18
815,pointer,getelementptr,ptr,64,0,__ockl_hostcall_internal,,0,0,18,__ockl_hostcall_internal|pointer|getelementptr|ptr|64|0||0|0|18
816,operand,getelementptr,int,64,1,__ockl_hostcall_internal,,0,0,18,__ockl_hostcall_internal|operand|getelementptr|int|64|1||0|0|18
817,operand,store,int,64,0,__ockl_hostcall_internal,,0,0,8,__ockl_hostcall_internal|operand|store|int|64|0||0|0|8
818,pointer,store,ptr,64,1,__ockl_hostcall_internal,,0,0,10,__ockl_hostcall_internal|pointer|store|ptr|64|1||0|0|10
819,pointer,getelementptr,ptr,64,-1,__ockl_hostcall_internal,,0,0,19,__ockl_hostcall_internal|pointer|getelementptr|ptr|64|-1||0|0|19
820,pointer,getelementptr,ptr,64,0,__ockl_hostcall_internal,,0,0,19,__ockl_hostcall_internal|pointer|getelementptr|ptr|64|0||0|0|19
821,operand,getelementptr,int,64,1,__ockl_hostcall_internal,,0,0,19,__ockl_hostcall_internal|operand|getelementptr|int|64|1||0|0|19
822,operand,store,int,64,0,__ockl_hostcall_internal,,0,0,9,__ockl_hostcall_internal|operand|store|int|64|0||0|0|9
823,pointer,store,ptr,64,1,__ockl_hostcall_internal,,0,0,11,__ockl_hostcall_internal|pointer|store|ptr|64|1||0|0|11
824,operand,br,int,1,0,__ockl_hostcall_internal,,0,0,5,__ockl_hostcall_internal|operand|br|int|1|0||0|0|5
825,pointer,getelementptr,ptr,64,-1,__ockl_hostcall_internal,,0,0,20,__ockl_hostcall_internal|pointer|getelementptr|ptr|64|-1||0|0|20
826,pointer,getelementptr,ptr,64,0,__ockl_hostcall_internal,,0,0,20,__ockl_hostcall_internal|pointer|getelementptr|ptr|64|0||0|0|20
827,operand,getelementptr,int,64,1,__ockl_hostcall_internal,,0,0,20,__ockl_hostcall_internal|operand|getelementptr|int|64|1||0|0|20
828,base,load,int,64,-1,__ockl_hostcall_internal,,0,0,7,__ockl_hostcall_internal|base|load|int|64|-1||0|0|7
829,pointer,load,ptr,64,0,__ockl_hostcall_internal,,0,0,11,__ockl_hostcall_internal|pointer|load|ptr|64|0||0|0|11
830,base,load,int,64,-1,__ockl_hostcall_internal,,0,0,8,__ockl_hostcall_internal|base|load|int|64|-1||0|0|8
831,pointer,load,ptr,64,0,__ockl_hostcall_internal,,0,0,12,__ockl_hostcall_internal|pointer|load|ptr|64|0||0|0|12
832,base,and,int,64,-1,__ockl_hostcall_internal,,0,0,4,__ockl_hostcall_internal|base|and|int|64|-1||0|0|4
833,operand,and,int,64,0,__ockl_hostcall_internal,,0,0,4,__ockl_hostcall_internal|operand|and|int|64|0||0|0|4
834,operand,and,int,64,1,__ockl_hostcall_internal,,0,0,4,__ockl_hostcall_internal|operand|and|int|64|1||0|0|4
835,pointer,getelementptr,ptr,64,-1,__ockl_hostcall_internal,,0,0,21,__ockl_hostcall_internal|pointer|getelementptr|ptr|64|-1||0|0|21
836,pointer,getelementptr,ptr,64,0,__ockl_hostcall_internal,,0,0,21,__ockl_hostcall_internal|pointer|getelementptr|ptr|64|0||0|0|21
837,operand,getelementptr,int,64,1,__ockl_hostcall_internal,,0,0,21,__ockl_hostcall_internal|operand|getelementptr|int|64|1||0|0|21
838,operand,store,int,64,0,__ockl_hostcall_internal,,0,0,10,__ockl_hostcall_internal|operand|store|int|64|0||0|0|10
839,pointer,store,ptr,64,1,__ockl_hostcall_internal,,0,0,12,__ockl_hostcall_internal|pointer|store|ptr|64|1||0|0|12
840,pointer,cmpxchg,ptr,64,0,__ockl_hostcall_internal,,0,0,3,__ockl_hostcall_internal|pointer|cmpxchg|ptr|64|0||0|0|3
841,operand,cmpxchg,int,64,1,__ockl_hostcall_internal,,0,0,3,__ockl_hostcall_internal|operand|cmpxchg|int|64|1||0|0|3
842,operand,cmpxchg,int,64,2,__ockl_hostcall_internal,,0,0,3,__ockl_hostcall_internal|operand|cmpxchg|int|64|2||0|0|3
843,base,extractvalue,int,1,-1,__ockl_hostcall_internal,,0,0,3,__ockl_hostcall_internal|base|extractvalue|int|1|-1||0|0|3
844,operand,br,int,1,0,__ockl_hostcall_internal,,0,0,6,__ockl_hostcall_internal|operand|br|int|1|0||0|0|6
845,base,extractvalue,int,64,-1,__ockl_hostcall_internal,,0,0,3,__ockl_hostcall_internal|base|extractvalue|int|64|-1||0|0|3
846,operand,call,int,32,0,__ockl_hostcall_internal,,0,0,7,__ockl_hostcall_internal|operand|call|int|32|0||0|0|7
847,pointer,call,ptr,64,1,__ockl_hostcall_internal,,0,0,6,__ockl_hostcall_internal|pointer|call|ptr|64|1||0|0|6
848,operand,store,int,64,0,__ockl_hostcall_internal,,0,0,11,__ockl_hostcall_internal|operand|store|int|64|0||0|0|11
849,pointer,store,ptr,64,1,__ockl_hostcall_internal,,0,0,13,__ockl_hostcall_internal|pointer|store|ptr|64|1||0|0|13
850,pointer,cmpxchg,ptr,64,0,__ockl_hostcall_internal,,0,0,4,__ockl_hostcall_internal|pointer|cmpxchg|ptr|64|0||0|0|4
851,operand,cmpxchg,int,64,1,__ockl_hostcall_internal,,0,0,4,__ockl_hostcall_internal|operand|cmpxchg|int|64|1||0|0|4
852,operand,cmpxchg,int,64,2,__ockl_hostcall_internal,,0,0,4,__ockl_hostcall_internal|operand|cmpxchg|int|64|2||0|0|4
853,base,extractvalue,int,1,-1,__ockl_hostcall_internal,,0,0,4,__ockl_hostcall_internal|base|extractvalue|int|1|-1||0|0|4
854,operand,br,int,1,0,__ockl_hostcall_internal,,0,0,7,__ockl_hostcall_internal|operand|br|int|1|0||0|0|7
855,pointer,getelementptr,ptr,64,-1,__ockl_hostcall_internal,,0,0,22,__ockl_hostcall_internal|pointer|getelementptr|ptr|64|-1||0|0|22
856,pointer,getelementptr,ptr,64,0,__ockl_hostcall_internal,,0,0,22,__ockl_hostcall_internal|pointer|getelementptr|ptr|64|0||0|0|22
857,operand,getelementptr,int,64,1,__ockl_hostcall_internal,,0,0,22,__ockl_hostcall_internal|operand|getelementptr|int|64|1||0|0|22
858,base,load,int,64,-1,__ockl_hostcall_internal,,0,0,9,__ockl_hostcall_internal|base|load|int|64|-1||0|0|9
859,pointer,load,ptr,64,0,__ockl_hostcall_internal,,0,0,13,__ockl_hostcall_internal|pointer|load|ptr|64|0||0|0|13
860,operand,call,int,64,0,__ockl_hostcall_internal,,0,0,1,__ockl_hostcall_internal|operand|call|int|64|0||0|0|1
861,operand,call,int,64,1,__ockl_hostcall_internal,,0,0,1,__ockl_hostcall_internal|operand|call|int|64|1||0|0|1
862,operand,call,int,32,2,__ockl_hostcall_internal,,0,0,1,__ockl_hostcall_internal|operand|call|int|32|2||0|0|1
863,pointer,call,ptr,64,3,__ockl_hostcall_internal,,0,0,1,__ockl_hostcall_internal|pointer|call|ptr|64|3||0|0|1
864,pointer,getelementptr,ptr,64,-1,__ockl_hostcall_internal,,0,0,23,__ockl_hostcall_internal|pointer|getelementptr|ptr|64|-1||0|0|23
865,pointer,getelementptr,ptr,64,0,__ockl_hostcall_internal,,0,0,23,__ockl_hostcall_internal|pointer|getelementptr|ptr|64|0||0|0|23
866,operand,getelementptr,int,64,1,__ockl_hostcall_internal,,0,0,23,__ockl_hostcall_internal|operand|getelementptr|int|64|1||0|0|23
867,operand,br,int,1,0,__ockl_hostcall_internal,,0,0,8,__ockl_hostcall_internal|operand|br|int|1|0||0|0|8
868,base,load,int,32,-1,__ockl_hostcall_internal,,0,0,1,__ockl_hostcall_internal|base|load|int|32|-1||0|0|1
869,pointer,load,ptr,64,0,__ockl_hostcall_internal,,0,0,14,__ockl_hostcall_internal|pointer|load|ptr|64|0||0|0|14
870,base,and,int,32,-1,__ockl_hostcall_internal,,0,0,1,__ockl_hostcall_internal|base|and|int|32|-1||0|0|1
871,operand,and,int,32,0,__ockl_hostcall_internal,,0,0,1,__ockl_hostcall_internal|operand|and|int|32|0||0|0|1
872,operand,and,int,32,1,__ockl_hostcall_internal,,0,0,1,__ockl_hostcall_internal|operand|and|int|32|1||0|0|1
873,base,phi,int,32,-1,__ockl_hostcall_internal,,0,0,1,__ockl_hostcall_internal|base|phi|int|32|-1||0|0|1
874,operand,phi,int,32,0,__ockl_hostcall_internal,,0,0,1,__ockl_hostcall_internal|operand|phi|int|32|0||0|0|1
875,operand,phi,int,32,1,__ockl_hostcall_internal,,0,0,1,__ockl_hostcall_internal|operand|phi|int|32|1||0|0|1
876,base,call,int,32,-1,__ockl_hostcall_internal,,0,0,6,__ockl_hostcall_internal|base|call|int|32|-1||0|0|6
877,operand,call,int,32,0,__ockl_hostcall_internal,,0,0,8,__ockl_hostcall_internal|operand|call|int|32|0||0|0|8
878,pointer,call,ptr,64,1,__ockl_hostcall_internal,,0,0,7,__ockl_hostcall_internal|pointer|call|ptr|64|1||0|0|7
879,base,icmp,int,1,-1,__ockl_hostcall_internal,,0,0,2,__ockl_hostcall_internal|base|icmp|int|1|-1||0|0|2
880,operand,icmp,int,32,0,__ockl_hostcall_internal,,0,0,2,__ockl_hostcall_internal|operand|icmp|int|32|0||0|0|2
881,operand,icmp,int,32,1,__ockl_hostcall_internal,,0,0,2,__ockl_hostcall_internal|operand|icmp|int|32|1||0|0|2
882,operand,br,int,1,0,__ockl_hostcall_internal,,0,0,9,__ockl_hostcall_internal|operand|br|int|1|0||0|0|9
883,operand,call,int,32,0,__ockl_hostcall_internal,,0,0,9,__ockl_hostcall_internal|operand|call|int|32|0||0|0|9
884,pointer,call,ptr,64,1,__ockl_hostcall_internal,,0,0,8,__ockl_hostcall_internal|pointer|call|ptr|64|1||0|0|8
885,base,load,int,64,-1,__ockl_hostcall_internal,,0,0,10,__ockl_hostcall_internal|base|load|int|64|-1||0|0|10
886,pointer,load,ptr,64,0,__ockl_hostcall_internal,,0,0,15,__ockl_hostcall_internal|pointer|load|ptr|64|0||0|0|15
887,base,load,int,64,-1,__ockl_hostcall_internal,,0,0,11,__ockl_hostcall_internal|base|load|int|64|-1||0|0|11
888,pointer,load,ptr,64,0,__ockl_hostcall_internal,,0,0,16,__ockl_hostcall_internal|pointer|load|ptr|64|0||0|0|16
889,operand,br,int,1,0,__ockl_hostcall_internal,,0,0,10,__ockl_hostcall_internal|operand|br|int|1|0||0|0|10
890,base,load,int,64,-1,__ockl_hostcall_internal,,0,0,12,__ockl_hostcall_internal|base|load|int|64|-1||0|0|12
891,pointer,load,ptr,64,0,__ockl_hostcall_internal,,0,0,17,__ockl_hostcall_internal|pointer|load|ptr|64|0||0|0|17
892,base,add,int,64,-1,__ockl_hostcall_internal,,0,0,1,__ockl_hostcall_internal|base|add|int|64|-1||0|0|1
893,operand,add,int,64,0,__ockl_hostcall_internal,,0,0,1,__ockl_hostcall_internal|operand|add|int|64|0||0|0|1
894,operand,add,int,64,1,__ockl_hostcall_internal,,0,0,1,__ockl_hostcall_internal|operand|add|int|64|1||0|0|1
895,base,add,int,64,-1,__ockl_hostcall_internal,,0,0,2,__ockl_hostcall_internal|base|add|int|64|-1||0|0|2
896,operand,add,int,64,0,__ockl_hostcall_internal,,0,0,2,__ockl_hostcall_internal|operand|add|int|64|0||0|0|2
897,operand,add,int,64,1,__ockl_hostcall_internal,,0,0,2,__ockl_hostcall_internal|operand|add|int|64|1||0|0|2
898,base,icmp,int,1,-1,__ockl_hostcall_internal,,0,0,3,__ockl_hostcall_internal|base|icmp|int|1|-1||0|0|3
899,operand,icmp,int,64,0,__ockl_hostcall_internal,,0,0,1,__ockl_hostcall_internal|operand|icmp|int|64|0||0|0|1
900,operand,icmp,int,64,1,__ockl_hostcall_internal,,0,0,1,__ockl_hostcall_internal|operand|icmp|int|64|1||0|0|1
901,base,select,int,64,-1,__ockl_hostcall_internal,,0,0,1,__ockl_hostcall_internal|base|select|int|64|-1||0|0|1
902,operand,select,int,1,0,__ockl_hostcall_internal,,0,0,1,__ockl_hostcall_internal|operand|select|int|1|0||0|0|1
903,operand,select,int,64,1,__ockl_hostcall_internal,,0,0,1,__ockl_hostcall_internal|operand|select|int|64|1||0|0|1
904,operand,select,int,64,2,__ockl_hostcall_internal,,0,0,1,__ockl_hostcall_internal|operand|select|int|64|2||0|0|1
905,pointer,getelementptr,ptr,64,-1,__ockl_hostcall_internal,,0,0,24,__ockl_hostcall_internal|pointer|getelementptr|ptr|64|-1||0|0|24
906,pointer,getelementptr,ptr,64,0,__ockl_hostcall_internal,,0,0,24,__ockl_hostcall_internal|pointer|getelementptr|ptr|64|0||0|0|24
907,operand,getelementptr,int,64,1,__ockl_hostcall_internal,,0,0,24,__ockl_hostcall_internal|operand|getelementptr|int|64|1||0|0|24
908,base,load,int,64,-1,__ockl_hostcall_internal,,0,0,13,__ockl_hostcall_internal|base|load|int|64|-1||0|0|13
909,pointer,load,ptr,64,0,__ockl_hostcall_internal,,0,0,18,__ockl_hostcall_internal|pointer|load|ptr|64|0||0|0|18
910,pointer,load,ptr,64,-1,__ockl_hostcall_internal,,0,0,5,__ockl_hostcall_internal|pointer|load|ptr|64|-1||0|0|5
911,pointer,load,ptr,64,0,__ockl_hostcall_internal,,0,0,19,__ockl_hostcall_internal|pointer|load|ptr|64|0||0|0|19
912,base,and,int,64,-1,__ockl_hostcall_internal,,0,0,5,__ockl_hostcall_internal|base|and|int|64|-1||0|0|5
913,operand,and,int,64,0,__ockl_hostcall_internal,,0,0,5,__ockl_hostcall_internal|operand|and|int|64|0||0|0|5
914,operand,and,int,64,1,__ockl_hostcall_internal,,0,0,5,__ockl_hostcall_internal|operand|and|int|64|1||0|0|5
915,pointer,getelementptr,ptr,64,-1,__ockl_hostcall_internal,,0,0,25,__ockl_hostcall_internal|pointer|getelementptr|ptr|64|-1||0|0|25
916,pointer,getelementptr,ptr,64,0,__ockl_hostcall_internal,,0,0,25,__ockl_hostcall_internal|pointer|getelementptr|ptr|64|0||0|0|25
917,operand,getelementptr,int,64,1,__ockl_hostcall_internal,,0,0,25,__ockl_hostcall_internal|operand|getelementptr|int|64|1||0|0|25
918,operand,store,int,64,0,__ockl_hostcall_internal,,0,0,12,__ockl_hostcall_internal|operand|store|int|64|0||0|0|12
919,pointer,store,ptr,64,1,__ockl_hostcall_internal,,0,0,14,__ockl_hostcall_internal|pointer|store|ptr|64|1||0|0|14
920,pointer,cmpxchg,ptr,64,0,__ockl_hostcall_internal,,0,0,5,__ockl_hostcall_internal|pointer|cmpxchg|ptr|64|0||0|0|5
921,operand,cmpxchg,int,64,1,__ockl_hostcall_internal,,0,0,5,__ockl_hostcall_internal|operand|cmpxchg|int|64|1||0|0|5
922,operand,cmpxchg,int,64,2,__ockl_hostcall_internal,,0,0,5,__ockl_hostcall_internal|operand|cmpxchg|int|64|2||0|0|5
923,base,extractvalue,int,1,-1,__ockl_hostcall_internal,,0,0,5,__ockl_hostcall_internal|base|extractvalue|int|1|-1||0|0|5
924,operand,br,int,1,0,__ockl_hostcall_internal,,0,0,11,__ockl_hostcall_internal|operand|br|int|1|0||0|0|11
925,base,extractvalue,int,64,-1,__ockl_hostcall_internal,,0,0,4,__ockl_hostcall_internal|base|extractvalue|int|64|-1||0|0|4
926,operand,call,int,32,0,__ockl_hostcall_internal,,0,0,10,__ockl_hostcall_internal|operand|call|int|32|0||0|0|10
927,pointer,call,ptr,64,1,__ockl_hostcall_internal,,0,0,9,__ockl_hostcall_internal|pointer|call|ptr|64|1||0|0|9
928,operand,store,int,64,0,__ockl_hostcall_internal,,0,0,13,__ockl_hostcall_internal|operand|store|int|64|0||0|0|13
929,pointer,store,ptr,64,1,__ockl_hostcall_internal,,0,0,15,__ockl_hostcall_internal|pointer|store|ptr|64|1||0|0|15
930,pointer,cmpxchg,ptr,64,0,__ockl_hostcall_internal,,0,0,6,__ockl_hostcall_internal|pointer|cmpxchg|ptr|64|0||0|0|6
931,operand,cmpxchg,int,64,1,__ockl_hostcall_internal,,0,0,6,__ockl_hostcall_internal|operand|cmpxchg|int|64|1||0|0|6
932,operand,cmpxchg,int,64,2,__ockl_hostcall_internal,,0,0,6,__ockl_hostcall_internal|operand|cmpxchg|int|64|2||0|0|6
933,base,extractvalue,int,1,-1,__ockl_hostcall_internal,,0,0,6,__ockl_hostcall_internal|base|extractvalue|int|1|-1||0|0|6
934,operand,br,int,1,0,__ockl_hostcall_internal,,0,0,12,__ockl_hostcall_internal|operand|br|int|1|0||0|0|12
935,operand,insertelement,int,64,1,__ockl_hostcall_internal,,0,0,1,__ockl_hostcall_internal|operand|insertelement|int|64|1||0|0|1
936,operand,insertelement,int,64,2,__ockl_hostcall_internal,,0,0,1,__ockl_hostcall_internal|operand|insertelement|int|64|2||0|0|1
937,operand,insertelement,int,64,1,__ockl_hostcall_internal,,0,0,2,__ockl_hostcall_internal|operand|insertelement|int|64|1||0|0|2
938,operand,insertelement,int,64,2,__ockl_hostcall_internal,,0,0,2,__ockl_hostcall_internal|operand|insertelement|int|64|2||0|0|2
939,pointer,inttoptr,ptr,64,-1,__ockl_hsa_signal_add,,0,0,1,__ockl_hsa_signal_add|pointer|inttoptr|ptr|64|-1||0|0|1
940,operand,inttoptr,int,64,0,__ockl_hsa_signal_add,,0,0,1,__ockl_hsa_signal_add|operand|inttoptr|int|64|0||0|0|1
941,pointer,getelementptr,ptr,64,-1,__ockl_hsa_signal_add,,0,0,1,__ockl_hsa_signal_add|pointer|getelementptr|ptr|64|-1||0|0|1
942,pointer,getelementptr,ptr,64,0,__ockl_hsa_signal_add,,0,0,1,__ockl_hsa_signal_add|pointer|getelementptr|ptr|64|0||0|0|1
943,operand,getelementptr,int,64,1,__ockl_hsa_signal_add,,0,0,1,__ockl_hsa_signal_add|operand|getelementptr|int|64|1||0|0|1
944,operand,switch,int,32,0,__ockl_hsa_signal_add,,0,0,1,__ockl_hsa_signal_add|operand|switch|int|32|0||0|0|1
945,operand,switch,int,32,2,__ockl_hsa_signal_add,,0,0,1,__ockl_hsa_signal_add|operand|switch|int|32|2||0|0|1
946,operand,switch,int,32,4,__ockl_hsa_signal_add,,0,0,1,__ockl_hsa_signal_add|operand|switch|int|32|4||0|0|1
947,operand,switch,int,32,6,__ockl_hsa_signal_add,,0,0,1,__ockl_hsa_signal_add|operand|switch|int|32|6||0|0|1
948,operand,switch,int,32,8,__ockl_hsa_signal_add,,0,0,1,__ockl_hsa_signal_add|operand|switch|int|32|8||0|0|1
949,operand,switch,int,32,10,__ockl_hsa_signal_add,,0,0,1,__ockl_hsa_signal_add|operand|switch|int|32|10||0|0|1
950,base,atomicrmw,int,64,-1,__ockl_hsa_signal_add,,0,0,1,__ockl_hsa_signal_add|base|atomicrmw|int|64|-1||0|0|1
951,pointer,atomicrmw,ptr,64,0,__ockl_hsa_signal_add,,0,0,1,__ockl_hsa_signal_add|pointer|atomicrmw|ptr|64|0||0|0|1
952,operand,atomicrmw,int,64,1,__ockl_hsa_signal_add,,0,0,1,__ockl_hsa_signal_add|operand|atomicrmw|int|64|1||0|0|1
953,base,atomicrmw,int,64,-1,__ockl_hsa_signal_add,,0,0,2,__ockl_hsa_signal_add|base|atomicrmw|int|64|-1||0|0|2
954,pointer,atomicrmw,ptr,64,0,__ockl_hsa_signal_add,,0,0,2,__ockl_hsa_signal_add|pointer|atomicrmw|ptr|64|0||0|0|2
955,operand,atomicrmw,int,64,1,__ockl_hsa_signal_add,,0,0,2,__ockl_hsa_signal_add|operand|atomicrmw|int|64|1||0|0|2
956,base,atomicrmw,int,64,-1,__ockl_hsa_signal_add,,0,0,3,__ockl_hsa_signal_add|base|atomicrmw|int|64|-1||0|0|3
957,pointer,atomicrmw,ptr,64,0,__ockl_hsa_signal_add,,0,0,3,__ockl_hsa_signal_add|pointer|atomicrmw|ptr|64|0||0|0|3
958,operand,atomicrmw,int,64,1,__ockl_hsa_signal_add,,0,0,3,__ockl_hsa_signal_add|operand|atomicrmw|int|64|1||0|0|3
959,base,atomicrmw,int,64,-1,__ockl_hsa_signal_add,,0,0,4,__ockl_hsa_signal_add|base|atomicrmw|int|64|-1||0|0|4
960,pointer,atomicrmw,ptr,64,0,__ockl_hsa_signal_add,,0,0,4,__ockl_hsa_signal_add|pointer|atomicrmw|ptr|64|0||0|0|4
961,operand,atomicrmw,int,64,1,__ockl_hsa_signal_add,,0,0,4,__ockl_hsa_signal_add|operand|atomicrmw|int|64|1||0|0|4
962,base,atomicrmw,int,64,-1,__ockl_hsa_signal_add,,0,0,5,__ockl_hsa_signal_add|base|atomicrmw|int|64|-1||0|0|5
963,pointer,atomicrmw,ptr,64,0,__ockl_hsa_signal_add,,0,0,5,__ockl_hsa_signal_add|pointer|atomicrmw|ptr|64|0||0|0|5
964,operand,atomicrmw,int,64,1,__ockl_hsa_signal_add,,0,0,5,__ockl_hsa_signal_add|operand|atomicrmw|int|64|1||0|0|5
965,pointer,getelementptr,ptr,64,-1,__ockl_hsa_signal_add,,0,0,2,__ockl_hsa_signal_add|pointer|getelementptr|ptr|64|-1||0|0|2
966,pointer,getelementptr,ptr,64,0,__ockl_hsa_signal_add,,0,0,2,__ockl_hsa_signal_add|pointer|getelementptr|ptr|64|0||0|0|2
967,operand,getelementptr,int,64,1,__ockl_hsa_signal_add,,0,0,2,__ockl_hsa_signal_add|operand|getelementptr|int|64|1||0|0|2
968,base,load,int,64,-1,__ockl_hsa_signal_add,,0,0,1,__ockl_hsa_signal_add|base|load|int|64|-1||0|0|1
969,pointer,load,ptr,64,0,__ockl_hsa_signal_add,,0,0,1,__ockl_hsa_signal_add|pointer|load|ptr|64|0||0|0|1
970,base,icmp,int,1,-1,__ockl_hsa_signal_add,,0,0,1,__ockl_hsa_signal_add|base|icmp|int|1|-1||0|0|1
971,operand,icmp,int,64,0,__ockl_hsa_signal_add,,0,0,1,__ockl_hsa_signal_add|operand|icmp|int|64|0||0|0|1
972,operand,icmp,int,64,1,__ockl_hsa_signal_add,,0,0,1,__ockl_hsa_signal_add|operand|icmp|int|64|1||0|0|1
973,operand,br,int,1,0,__ockl_hsa_signal_add,,0,0,1,__ockl_hsa_signal_add|operand|br|int|1|0||0|0|1
974,pointer,inttoptr,ptr,64,-1,__ockl_hsa_signal_add,,0,0,2,__ockl_hsa_signal_add|pointer|inttoptr|ptr|64|-1||0|0|2
975,operand,inttoptr,int,64,0,__ockl_hsa_signal_add,,0,0,2,__ockl_hsa_signal_add|operand|inttoptr|int|64|0||0|0|2
976,pointer,getelementptr,ptr,64,-1,__ockl_hsa_signal_add,,0,0,3,__ockl_hsa_signal_add|pointer|getelementptr|ptr|64|-1||0|0|3
977,pointer,getelementptr,ptr,64,0,__ockl_hsa_signal_add,,0,0,3,__ockl_hsa_signal_add|pointer|getelementptr|ptr|64|0||0|0|3
978,operand,getelementptr,int,64,1,__ockl_hsa_signal_add,,0,0,3,__ockl_hsa_signal_add|operand|getelementptr|int|64|1||0|0|3
979,base,load,int,32,-1,__ockl_hsa_signal_add,,0,0,1,__ockl_hsa_signal_add|base|load|int|32|-1||0|0|1
980,pointer,load,ptr,64,0,__ockl_hsa_signal_add,,0,0,2,__ockl_hsa_signal_add|pointer|load|ptr|64|0||0|0|2
981,base,zext,int,64,-1,__ockl_hsa_signal_add,,0,0,1,__ockl_hsa_signal_add|base|zext|int|64|-1||0|0|1
982,operand,zext,int,32,0,__ockl_hsa_signal_add,,0,0,1,__ockl_hsa_signal_add|operand|zext|int|32|0||0|0|1
983,operand,store,int,64,0,__ockl_hsa_signal_add,,0,0,1,__ockl_hsa_signal_add|operand|store|int|64|0||0|0|1
984,pointer,store,ptr,64,1,__ockl_hsa_signal_add,,0,0,1,__ockl_hsa_signal_add|pointer|store|ptr|64|1||0|0|1
985,base,load,int,32,-1,__ockl_hsa_signal_add,,0,0,2,__ockl_hsa_signal_add|base|load|int|32|-1||0|0|2
986,pointer,load,ptr,64,0,__ockl_hsa_signal_add,,0,0,3,__ockl_hsa_signal_add|pointer|load|ptr|64|0||0|0|3
987,base,icmp,int,1,-1,__ockl_hsa_signal_add,,0,0,2,__ockl_hsa_signal_add|base|icmp|int|1|-1||0|0|2
988,operand,icmp,int,32,0,__ockl_hsa_signal_add,,0,0,1,__ockl_hsa_signal_add|operand|icmp|int|32|0||0|0|1
989,operand,icmp,int,32,1,__ockl_hsa_signal_add,,0,0,1,__ockl_hsa_signal_add|operand|icmp|int|32|1||0|0|1
990,base,icmp,int,1,-1,__ockl_hsa_signal_add,,0,0,3,__ockl_hsa_signal_add|base|icmp|int|1|-1||0|0|3
991,operand,icmp,int,32,0,__ockl_hsa_signal_add,,0,0,2,__ockl_hsa_signal_add|operand|icmp|int|32|0||0|0|2
992,operand,icmp,int,32,1,__ockl_hsa_signal_add,,0,0,2,__ockl_hsa_signal_add|operand|icmp|int|32|1||0|0|2
993,base,icmp,int,1,-1,__ockl_hsa_signal_add,,0,0,4,__ockl_hsa_signal_add|base|icmp|int|1|-1||0|0|4
994,operand,icmp,int,32,0,__ockl_hsa_signal_add,,0,0,3,__ockl_hsa_signal_add|operand|icmp|int|32|0||0|0|3
995,operand,icmp,int,32,1,__ockl_hsa_signal_add,,0,0,3,__ockl_hsa_signal_add|operand|icmp|int|32|1||0|0|3
996,base,select,int,32,-1,__ockl_hsa_signal_add,,0,0,1,__ockl_hsa_signal_add|base|select|int|32|-1||0|0|1
997,operand,select,int,1,0,__ockl_hsa_signal_add,,0,0,1,__ockl_hsa_signal_add|operand|select|int|1|0||0|0|1
998,operand,select,int,32,1,__ockl_hsa_signal_add,,0,0,1,__ockl_hsa_signal_add|operand|select|int|32|1||0|0|1
999,operand,select,int,32,2,__ockl_hsa_signal_add,,0,0,1,__ockl_hsa_signal_add|operand|select|int|32|2||0|0|1
1000,base,select,int,32,-1,__ockl_hsa_signal_add,,0,0,2,__ockl_hsa_signal_add|base|select|int|32|-1||0|0|2
1001,operand,select,int,1,0,__ockl_hsa_signal_add,,0,0,2,__ockl_hsa_signal_add|operand|select|int|1|0||0|0|2
1002,operand,select,int,32,1,__ockl_hsa_signal_add,,0,0,2,__ockl_hsa_signal_add|operand|select|int|32|1||0|0|2
1003,operand,select,int,32,2,__ockl_hsa_signal_add,,0,0,2,__ockl_hsa_signal_add|operand|select|int|32|2||0|0|2
1004,base,select,int,32,-1,__ockl_hsa_signal_add,,0,0,3,__ockl_hsa_signal_add|base|select|int|32|-1||0|0|3
1005,operand,select,int,1,0,__ockl_hsa_signal_add,,0,0,3,__ockl_hsa_signal_add|operand|select|int|1|0||0|0|3
1006,operand,select,int,32,1,__ockl_hsa_signal_add,,0,0,3,__ockl_hsa_signal_add|operand|select|int|32|1||0|0|3
1007,operand,select,int,32,2,__ockl_hsa_signal_add,,0,0,3,__ockl_hsa_signal_add|operand|select|int|32|2||0|0|3
1008,base,and,int,32,-1,__ockl_hsa_signal_add,,0,0,1,__ockl_hsa_signal_add|base|and|int|32|-1||0|0|1
1009,operand,and,int,32,0,__ockl_hsa_signal_add,,0,0,1,__ockl_hsa_signal_add|operand|and|int|32|0||0|0|1
1010,operand,and,int,32,1,__ockl_hsa_signal_add,,0,0,1,__ockl_hsa_signal_add|operand|and|int|32|1||0|0|1
1011,base,call,int,32,-1,__ockl_hsa_signal_add,,0,0,1,__ockl_hsa_signal_add|base|call|int|32|-1||0|0|1
1012,operand,call,int,32,0,__ockl_hsa_signal_add,,0,0,1,__ockl_hsa_signal_add|operand|call|int|32|0||0|0|1
1013,pointer,call,ptr,64,1,__ockl_hsa_signal_add,,0,0,1,__ockl_hsa_signal_add|pointer|call|ptr|64|1||0|0|1
1014,operand,call,int,32,0,__ockl_hsa_signal_add,,0,0,2,__ockl_hsa_signal_add|operand|call|int|32|0||0|0|2
1015,operand,call,int,32,1,__ockl_hsa_signal_add,,0,0,1,__ockl_hsa_signal_add|operand|call|int|32|1||0|0|1
1016,pointer,call,ptr,64,2,__ockl_hsa_signal_add,,0,0,1,__ockl_hsa_signal_add|pointer|call|ptr|64|2||0|0|1
1017,base,icmp,int,1,-1,__ockl_fprintf_append_args,,0,0,1,__ockl_fprintf_append_args|base|icmp|int|1|-1||0|0|1
1018,operand,icmp,int,32,0,__ockl_fprintf_append_args,,0,0,1,__ockl_fprintf_append_args|operand|icmp|int|32|0||0|0|1
1019,operand,icmp,int,32,1,__ockl_fprintf_append_args,,0,0,1,__ockl_fprintf_append_args|operand|icmp|int|32|1||0|0|1
1020,base,or,int,64,-1,__ockl_fprintf_append_args,,0,0,1,__ockl_fprintf_append_args|base|or|int|64|-1||0|0|1
1021,operand,or,int,64,0,__ockl_fprintf_append_args,,0,0,1,__ockl_fprintf_append_args|operand|or|int|64|0||0|0|1
1022,operand,or,int,64,1,__ockl_fprintf_append_args,,0,0,1,__ockl_fprintf_append_args|operand|or|int|64|1||0|0|1
1023,base,select,int,64,-1,__ockl_fprintf_append_args,,0,0,1,__ockl_fprintf_append_args|base|select|int|64|-1||0|0|1
1024,operand,select,int,1,0,__ockl_fprintf_append_args,,0,0,1,__ockl_fprintf_append_args|operand|select|int|1|0||0|0|1
1025,operand,select,int,64,1,__ockl_fprintf_append_args,,0,0,1,__ockl_fprintf_append_args|operand|select|int|64|1||0|0|1
1026,operand,select,int,64,2,__ockl_fprintf_append_args,,0,0,1,__ockl_fprintf_append_args|operand|select|int|64|2||0|0|1
1027,base,and,int,64,-1,__ockl_fprintf_append_args,,0,0,1,__ockl_fprintf_append_args|base|and|int|64|-1||0|0|1
1028,operand,and,int,64,0,__ockl_fprintf_append_args,,0,0,1,__ockl_fprintf_append_args|operand|and|int|64|0||0|0|1
1029,operand,and,int,64,1,__ockl_fprintf_append_args,,0,0,1,__ockl_fprintf_append_args|operand|and|int|64|1||0|0|1
1030,base,zext,int,64,-1,__ockl_fprintf_append_args,,0,0,1,__ockl_fprintf_append_args|base|zext|int|64|-1||0|0|1
1031,operand,zext,int,32,0,__ockl_fprintf_append_args,,0,0,1,__ockl_fprintf_append_args|operand|zext|int|32|0||0|0|1
1032,base,shl,int,64,-1,__ockl_fprintf_append_args,,0,0,1,__ockl_fprintf_append_args|base|shl|int|64|-1||0|0|1
1033,operand,shl,int,64,0,__ockl_fprintf_append_args,,0,0,1,__ockl_fprintf_append_args|operand|shl|int|64|0||0|0|1
1034,operand,shl,int,64,1,__ockl_fprintf_append_args,,0,0,1,__ockl_fprintf_append_args|operand|shl|int|64|1||0|0|1
1035,base,or,int,64,-1,__ockl_fprintf_append_args,,0,0,2,__ockl_fprintf_append_args|base|or|int|64|-1||0|0|2
1036,operand,or,int,64,0,__ockl_fprintf_append_args,,0,0,2,__ockl_fprintf_append_args|operand|or|int|64|0||0|0|2
1037,operand,or,int,64,1,__ockl_fprintf_append_args,,0,0,2,__ockl_fprintf_append_args|operand|or|int|64|1||0|0|2
1038,operand,call,int,32,0,__ockl_fprintf_append_args,,0,0,1,__ockl_fprintf_append_args|operand|call|int|32|0||0|0|1
1039,operand,call,int,64,1,__ockl_fprintf_append_args,,0,0,1,__ockl_fprintf_append_args|operand|call|int|64|1||0|0|1
1040,operand,call,int,64,2,__ockl_fprintf_append_args,,0,0,1,__ockl_fprintf_append_args|operand|call|int|64|2||0|0|1
1041,operand,call,int,64,3,__ockl_fprintf_append_args,,0,0,1,__ockl_fprintf_append_args|operand|call|int|64|3||0|0|1
1042,operand,call,int,64,4,__ockl_fprintf_append_args,,0,0,1,__ockl_fprintf_append_args|operand|call|int|64|4||0|0|1
1043,operand,call,int,64,5,__ockl_fprintf_append_args,,0,0,1,__ockl_fprintf_append_args|operand|call|int|64|5||0|0|1
1044,operand,call,int,64,6,__ockl_fprintf_append_args,,0,0,1,__ockl_fprintf_append_args|operand|call|int|64|6||0|0|1
1045,operand,call,int,64,7,__ockl_fprintf_append_args,,0,0,1,__ockl_fprintf_append_args|operand|call|int|64|7||0|0|1
1046,operand,call,int,64,8,__ockl_fprintf_append_args,,0,0,1,__ockl_fprintf_append_args|operand|call|int|64|8||0|0|1
1047,pointer,call,ptr,64,9,__ockl_fprintf_append_args,,0,0,1,__ockl_fprintf_append_args|pointer|call|ptr|64|9||0|0|1
1048,base,extractelement,int,64,-1,__ockl_fprintf_append_args,,0,0,1,__ockl_fprintf_append_args|base|extractelement|int|64|-1||0|0|1
1049,operand,extractelement,int,64,1,__ockl_fprintf_append_args,,0,0,1,__ockl_fprintf_append_args|operand|extractelement|int|64|1||0|0|1
1050,operand,ret,int,64,0,__ockl_fprintf_append_args,,0,0,1,__ockl_fprintf_append_args|operand|ret|int|64|0||0|0|1
1051,base,icmp,int,1,-1,__ockl_fprintf_append_string_n,,0,0,1,__ockl_fprintf_append_string_n|base|icmp|int|1|-1||0|0|1
1052,operand,icmp,int,32,0,__ockl_fprintf_append_string_n,,0,0,1,__ockl_fprintf_append_string_n|operand|icmp|int|32|0||0|0|1
1053,operand,icmp,int,32,1,__ockl_fprintf_append_string_n,,0,0,1,__ockl_fprintf_append_string_n|operand|icmp|int|32|1||0|0|1
1054,base,or,int,64,-1,__ockl_fprintf_append_string_n,,0,0,1,__ockl_fprintf_append_string_n|base|or|int|64|-1||0|0|1
1055,operand,or,int,64,0,__ockl_fprintf_append_string_n,,0,0,1,__ockl_fprintf_append_string_n|operand|or|int|64|0||0|0|1
1056,operand,or,int,64,1,__ockl_fprintf_append_string_n,,0,0,1,__ockl_fprintf_append_string_n|operand|or|int|64|1||0|0|1
1057,base,select,int,64,-1,__ockl_fprintf_append_string_n,,0,0,1,__ockl_fprintf_append_string_n|base|select|int|64|-1||0|0|1
1058,operand,select,int,1,0,__ockl_fprintf_append_string_n,,0,0,1,__ockl_fprintf_append_string_n|operand|select|int|1|0||0|0|1
1059,operand,select,int,64,1,__ockl_fprintf_append_string_n,,0,0,1,__ockl_fprintf_append_string_n|operand|select|int|64|1||0|0|1
1060,operand,select,int,64,2,__ockl_fprintf_append_string_n,,0,0,1,__ockl_fprintf_append_string_n|operand|select|int|64|2||0|0|1
1061,base,icmp,int,1,-1,__ockl_fprintf_append_string_n,,0,0,2,__ockl_fprintf_append_string_n|base|icmp|int|1|-1||0|0|2
1062,pointer,icmp,ptr,64,0,__ockl_fprintf_append_string_n,,0,0,1,__ockl_fprintf_append_string_n|pointer|icmp|ptr|64|0||0|0|1
1063,pointer,icmp,ptr,64,1,__ockl_fprintf_append_string_n,,0,0,1,__ockl_fprintf_append_string_n|pointer|icmp|ptr|64|1||0|0|1
1064,operand,br,int,1,0,__ockl_fprintf_append_string_n,,0,0,1,__ockl_fprintf_append_string_n|operand|br|int|1|0||0|0|1
1065,base,and,int,64,-1,__ockl_fprintf_append_string_n,,0,0,1,__ockl_fprintf_append_string_n|base|and|int|64|-1||0|0|1
1066,operand,and,int,64,0,__ockl_fprintf_append_string_n,,0,0,1,__ockl_fprintf_append_string_n|operand|and|int|64|0||0|0|1
1067,operand,and,int,64,1,__ockl_fprintf_append_string_n,,0,0,1,__ockl_fprintf_append_string_n|operand|and|int|64|1||0|0|1
1068,base,or,int,64,-1,__ockl_fprintf_append_string_n,,0,0,2,__ockl_fprintf_append_string_n|base|or|int|64|-1||0|0|2
1069,operand,or,int,64,0,__ockl_fprintf_append_string_n,,0,0,2,__ockl_fprintf_append_string_n|operand|or|int|64|0||0|0|2
1070,operand,or,int,64,1,__ockl_fprintf_append_string_n,,0,0,2,__ockl_fprintf_append_string_n|operand|or|int|64|1||0|0|2
1071,operand,call,int,32,0,__ockl_fprintf_append_string_n,,0,0,1,__ockl_fprintf_append_string_n|operand|call|int|32|0||0|0|1
1072,operand,call,int,64,1,__ockl_fprintf_append_string_n,,0,0,1,__ockl_fprintf_append_string_n|operand|call|int|64|1||0|0|1
1073,operand,call,int,64,2,__ockl_fprintf_append_string_n,,0,0,1,__ockl_fprintf_append_string_n|operand|call|int|64|2||0|0|1
1074,operand,call,int,64,3,__ockl_fprintf_append_string_n,,0,0,1,__ockl_fprintf_append_string_n|operand|call|int|64|3||0|0|1
1075,operand,call,int,64,4,__ockl_fprintf_append_string_n,,0,0,1,__ockl_fprintf_append_string_n|operand|call|int|64|4||0|0|1
1076,operand,call,int,64,5,__ockl_fprintf_append_string_n,,0,0,1,__ockl_fprintf_append_string_n|operand|call|int|64|5||0|0|1
1077,operand,call,int,64,6,__ockl_fprintf_append_string_n,,0,0,1,__ockl_fprintf_append_string_n|operand|call|int|64|6||0|0|1
1078,operand,call,int,64,7,__ockl_fprintf_append_string_n,,0,0,1,__ockl_fprintf_append_string_n|operand|call|int|64|7||0|0|1
1079,operand,call,int,64,8,__ockl_fprintf_append_string_n,,0,0,1,__ockl_fprintf_append_string_n|operand|call|int|64|8||0|0|1
1080,pointer,call,ptr,64,9,__ockl_fprintf_append_string_n,,0,0,1,__ockl_fprintf_append_string_n|pointer|call|ptr|64|9||0|0|1
1081,base,and,int,64,-1,__ockl_fprintf_append_string_n,,0,0,2,__ockl_fprintf_append_string_n|base|and|int|64|-1||0|0|2
1082,operand,and,int,64,0,__ockl_fprintf_append_string_n,,0,0,2,__ockl_fprintf_append_string_n|operand|and|int|64|0||0|0|2
1083,operand,and,int,64,1,__ockl_fprintf_append_string_n,,0,0,2,__ockl_fprintf_append_string_n|operand|and|int|64|1||0|0|2
1084,base,and,int,64,-1,__ockl_fprintf_append_string_n,,0,0,3,__ockl_fprintf_append_string_n|base|and|int|64|-1||0|0|3
1085,operand,and,int,64,0,__ockl_fprintf_append_string_n,,0,0,3,__ockl_fprintf_append_string_n|operand|and|int|64|0||0|0|3
1086,operand,and,int,64,1,__ockl_fprintf_append_string_n,,0,0,3,__ockl_fprintf_append_string_n|operand|and|int|64|1||0|0|3
1087,operand,insertelement,int,64,1,__ockl_fprintf_append_string_n,,0,0,1,__ockl_fprintf_append_string_n|operand|insertelement|int|64|1||0|0|1
1088,operand,insertelement,int,64,2,__ockl_fprintf_append_string_n,,0,0,1,__ockl_fprintf_append_string_n|operand|insertelement|int|64|2||0|0|1
1089,base,phi,int,64,-1,__ockl_fprintf_append_string_n,,0,0,1,__ockl_fprintf_append_string_n|base|phi|int|64|-1||0|0|1
1090,operand,phi,int,64,0,__ockl_fprintf_append_string_n,,0,0,1,__ockl_fprintf_append_string_n|operand|phi|int|64|0||0|0|1
1091,operand,phi,int,64,1,__ockl_fprintf_append_string_n,,0,0,1,__ockl_fprintf_append_string_n|operand|phi|int|64|1||0|0|1
1092,pointer,phi,ptr,64,-1,__ockl_fprintf_append_string_n,,0,0,1,__ockl_fprintf_append_string_n|pointer|phi|ptr|64|-1||0|0|1
1093,pointer,phi,ptr,64,0,__ockl_fprintf_append_string_n,,0,0,1,__ockl_fprintf_append_string_n|pointer|phi|ptr|64|0||0|0|1
1094,pointer,phi,ptr,64,1,__ockl_fprintf_append_string_n,,0,0,1,__ockl_fprintf_append_string_n|pointer|phi|ptr|64|1||0|0|1
1095,base,icmp,int,1,-1,__ockl_fprintf_append_string_n,,0,0,3,__ockl_fprintf_append_string_n|base|icmp|int|1|-1||0|0|3
1096,operand,icmp,int,64,0,__ockl_fprintf_append_string_n,,0,0,1,__ockl_fprintf_append_string_n|operand|icmp|int|64|0||0|0|1
1097,operand,icmp,int,64,1,__ockl_fprintf_append_string_n,,0,0,1,__ockl_fprintf_append_string_n|operand|icmp|int|64|1||0|0|1
1098,base,extractelement,int,64,-1,__ockl_fprintf_append_string_n,,0,0,1,__ockl_fprintf_append_string_n|base|extractelement|int|64|-1||0|0|1
1099,operand,extractelement,int,64,1,__ockl_fprintf_append_string_n,,0,0,1,__ockl_fprintf_append_string_n|operand|extractelement|int|64|1||0|0|1
1100,base,or,int,64,-1,__ockl_fprintf_append_string_n,,0,0,3,__ockl_fprintf_append_string_n|base|or|int|64|-1||0|0|3
1101,operand,or,int,64,0,__ockl_fprintf_append_string_n,,0,0,3,__ockl_fprintf_append_string_n|operand|or|int|64|0||0|0|3
1102,operand,or,int,64,1,__ockl_fprintf_append_string_n,,0,0,3,__ockl_fprintf_append_string_n|operand|or|int|64|1||0|0|3
1103,operand,insertelement,int,64,1,__ockl_fprintf_append_string_n,,0,0,2,__ockl_fprintf_append_string_n|operand|insertelement|int|64|1||0|0|2
1104,operand,insertelement,int,64,2,__ockl_fprintf_append_string_n,,0,0,2,__ockl_fprintf_append_string_n|operand|insertelement|int|64|2||0|0|2
1105,operand,select,int,1,0,__ockl_fprintf_append_string_n,,0,0,2,__ockl_fprintf_append_string_n|operand|select|int|1|0||0|0|2
1106,base,call,int,64,-1,__ockl_fprintf_append_string_n,,0,0,1,__ockl_fprintf_append_string_n|base|call|int|64|-1||0|0|1
1107,operand,call,int,64,0,__ockl_fprintf_append_string_n,,0,0,1,__ockl_fprintf_append_string_n|operand|call|int|64|0||0|0|1
1108,operand,call,int,64,1,__ockl_fprintf_append_string_n,,0,0,2,__ockl_fprintf_append_string_n|operand|call|int|64|1||0|0|2
1109,pointer,call,ptr,64,2,__ockl_fprintf_append_string_n,,0,0,1,__ockl_fprintf_append_string_n|pointer|call|ptr|64|2||0|0|1
1110,base,trunc,int,32,-1,__ockl_fprintf_append_string_n,,0,0,1,__ockl_fprintf_append_string_n|base|trunc|int|32|-1||0|0|1
1111,operand,trunc,int,64,0,__ockl_fprintf_append_string_n,,0,0,1,__ockl_fprintf_append_string_n|operand|trunc|int|64|0||0|0|1
1112,base,extractelement,int,64,-1,__ockl_fprintf_append_string_n,,0,0,2,__ockl_fprintf_append_string_n|base|extractelement|int|64|-1||0|0|2
1113,operand,extractelement,int,64,1,__ockl_fprintf_append_string_n,,0,0,2,__ockl_fprintf_append_string_n|operand|extractelement|int|64|1||0|0|2
1114,base,icmp,int,1,-1,__ockl_fprintf_append_string_n,,0,0,4,__ockl_fprintf_append_string_n|base|icmp|int|1|-1||0|0|4
1115,operand,icmp,int,64,0,__ockl_fprintf_append_string_n,,0,0,2,__ockl_fprintf_append_string_n|operand|icmp|int|64|0||0|0|2
1116,operand,icmp,int,64,1,__ockl_fprintf_append_string_n,,0,0,2,__ockl_fprintf_append_string_n|operand|icmp|int|64|1||0|0|2
1117,operand,br,int,1,0,__ockl_fprintf_append_string_n,,0,0,2,__ockl_fprintf_append_string_n|operand|br|int|1|0||0|0|2
1118,base,icmp,int,1,-1,__ockl_fprintf_append_string_n,,0,0,5,__ockl_fprintf_append_string_n|base|icmp|int|1|-1||0|0|5
1119,operand,icmp,int,64,0,__ockl_fprintf_append_string_n,,0,0,3,__ockl_fprintf_append_string_n|operand|icmp|int|64|0||0|0|3
1120,operand,icmp,int,64,1,__ockl_fprintf_append_string_n,,0,0,3,__ockl_fprintf_append_string_n|operand|icmp|int|64|1||0|0|3
1121,operand,br,int,1,0,__ockl_fprintf_append_string_n,,0,0,3,__ockl_fprintf_append_string_n|operand|br|int|1|0||0|0|3
1122,base,load,int,8,-1,__ockl_fprintf_append_string_n,,0,0,1,__ockl_fprintf_append_string_n|base|load|int|8|-1||0|0|1
1123,pointer,load,ptr,64,0,__ockl_fprintf_append_string_n,,0,0,1,__ockl_fprintf_append_string_n|pointer|load|ptr|64|0||0|0|1
1124,base,zext,int,64,-1,__ockl_fprintf_append_string_n,,0,0,1,__ockl_fprintf_append_string_n|base|zext|int|64|-1||0|0|1
1125,operand,zext,int,8,0,__ockl_fprintf_append_string_n,,0,0,1,__ockl_fprintf_append_string_n|operand|zext|int|8|0||0|0|1
1126,pointer,getelementptr,ptr,64,-1,__ockl_fprintf_append_string_n,,0,0,1,__ockl_fprintf_append_string_n|pointer|getelementptr|ptr|64|-1||0|0|1
1127,pointer,getelementptr,ptr,64,0,__ockl_fprintf_append_string_n,,0,0,1,__ockl_fprintf_append_string_n|pointer|getelementptr|ptr|64|0||0|0|1
1128,operand,getelementptr,int,64,1,__ockl_fprintf_append_string_n,,0,0,1,__ockl_fprintf_append_string_n|operand|getelementptr|int|64|1||0|0|1
1129,base,load,int,8,-1,__ockl_fprintf_append_string_n,,0,0,2,__ockl_fprintf_append_string_n|base|load|int|8|-1||0|0|2
1130,pointer,load,ptr,64,0,__ockl_fprintf_append_string_n,,0,0,2,__ockl_fprintf_append_string_n|pointer|load|ptr|64|0||0|0|2
1131,base,zext,int,64,-1,__ockl_fprintf_append_string_n,,0,0,2,__ockl_fprintf_append_string_n|base|zext|int|64|-1||0|0|2
1132,operand,zext,int,8,0,__ockl_fprintf_append_string_n,,0,0,2,__ockl_fprintf_append_string_n|operand|zext|int|8|0||0|0|2
1133,base,shl,int,64,-1,__ockl_fprintf_append_string_n,,0,0,1,__ockl_fprintf_append_string_n|base|shl|int|64|-1||0|0|1
1134,operand,shl,int,64,0,__ockl_fprintf_append_string_n,,0,0,1,__ockl_fprintf_append_string_n|operand|shl|int|64|0||0|0|1
1135,operand,shl,int,64,1,__ockl_fprintf_append_string_n,,0,0,1,__ockl_fprintf_append_string_n|operand|shl|int|64|1||0|0|1
1136,base,or,int,64,-1,__ockl_fprintf_append_string_n,,0,0,4,__ockl_fprintf_append_string_n|base|or|int|64|-1||0|0|4
1137,operand,or,int,64,0,__ockl_fprintf_append_string_n,,0,0,4,__ockl_fprintf_append_string_n|operand|or|int|64|0||0|0|4
1138,operand,or,int,64,1,__ockl_fprintf_append_string_n,,0,0,4,__ockl_fprintf_append_string_n|operand|or|int|64|1||0|0|4
1139,pointer,getelementptr,ptr,64,-1,__ockl_fprintf_append_string_n,,0,0,2,__ockl_fprintf_append_string_n|pointer|getelementptr|ptr|64|-1||0|0|2
1140,pointer,getelementptr,ptr,64,0,__ockl_fprintf_append_string_n,,0,0,2,__ockl_fprintf_append_string_n|pointer|getelementptr|ptr|64|0||0|0|2
1141,operand,getelementptr,int,64,1,__ockl_fprintf_append_string_n,,0,0,2,__ockl_fprintf_append_string_n|operand|getelementptr|int|64|1||0|0|2
1142,base,load,int,8,-1,__ockl_fprintf_append_string_n,,0,0,3,__ockl_fprintf_append_string_n|base|load|int|8|-1||0|0|3
1143,pointer,load,ptr,64,0,__ockl_fprintf_append_string_n,,0,0,3,__ockl_fprintf_append_string_n|pointer|load|ptr|64|0||0|0|3
1144,base,zext,int,64,-1,__ockl_fprintf_append_string_n,,0,0,3,__ockl_fprintf_append_string_n|base|zext|int|64|-1||0|0|3
1145,operand,zext,int,8,0,__ockl_fprintf_append_string_n,,0,0,3,__ockl_fprintf_append_string_n|operand|zext|int|8|0||0|0|3
1146,base,shl,int,64,-1,__ockl_fprintf_append_string_n,,0,0,2,__ockl_fprintf_append_string_n|base|shl|int|64|-1||0|0|2
1147,operand,shl,int,64,0,__ockl_fprintf_append_string_n,,0,0,2,__ockl_fprintf_append_string_n|operand|shl|int|64|0||0|0|2
1148,operand,shl,int,64,1,__ockl_fprintf_append_string_n,,0,0,2,__ockl_fprintf_append_string_n|operand|shl|int|64|1||0|0|2
1149,base,or,int,64,-1,__ockl_fprintf_append_string_n,,0,0,5,__ockl_fprintf_append_string_n|base|or|int|64|-1||0|0|5
1150,operand,or,int,64,0,__ockl_fprintf_append_string_n,,0,0,5,__ockl_fprintf_append_string_n|operand|or|int|64|0||0|0|5
1151,operand,or,int,64,1,__ockl_fprintf_append_string_n,,0,0,5,__ockl_fprintf_append_string_n|operand|or|int|64|1||0|0|5
1152,pointer,getelementptr,ptr,64,-1,__ockl_fprintf_append_string_n,,0,0,3,__ockl_fprintf_append_string_n|pointer|getelementptr|ptr|64|-1||0|0|3
1153,pointer,getelementptr,ptr,64,0,__ockl_fprintf_append_string_n,,0,0,3,__ockl_fprintf_append_string_n|pointer|getelementptr|ptr|64|0||0|0|3
1154,operand,getelementptr,int,64,1,__ockl_fprintf_append_string_n,,0,0,3,__ockl_fprintf_append_string_n|operand|getelementptr|int|64|1||0|0|3
1155,base,load,int,8,-1,__ockl_fprintf_append_string_n,,0,0,4,__ockl_fprintf_append_string_n|base|load|int|8|-1||0|0|4
1156,pointer,load,ptr,64,0,__ockl_fprintf_append_string_n,,0,0,4,__ockl_fprintf_append_string_n|pointer|load|ptr|64|0||0|0|4
1157,base,zext,int,64,-1,__ockl_fprintf_append_string_n,,0,0,4,__ockl_fprintf_append_string_n|base|zext|int|64|-1||0|0|4
1158,operand,zext,int,8,0,__ockl_fprintf_append_string_n,,0,0,4,__ockl_fprintf_append_string_n|operand|zext|int|8|0||0|0|4
1159,base,shl,int,64,-1,__ockl_fprintf_append_string_n,,0,0,3,__ockl_fprintf_append_string_n|base|shl|int|64|-1||0|0|3
1160,operand,shl,int,64,0,__ockl_fprintf_append_string_n,,0,0,3,__ockl_fprintf_append_string_n|operand|shl|int|64|0||0|0|3
1161,operand,shl,int,64,1,__ockl_fprintf_append_string_n,,0,0,3,__ockl_fprintf_append_string_n|operand|shl|int|64|1||0|0|3
1162,base,or,int,64,-1,__ockl_fprintf_append_string_n,,0,0,6,__ockl_fprintf_append_string_n|base|or|int|64|-1||0|0|6
1163,operand,or,int,64,0,__ockl_fprintf_append_string_n,,0,0,6,__ockl_fprintf_append_string_n|operand|or|int|64|0||0|0|6
1164,operand,or,int,64,1,__ockl_fprintf_append_string_n,,0,0,6,__ockl_fprintf_append_string_n|operand|or|int|64|1||0|0|6
1165,pointer,getelementptr,ptr,64,-1,__ockl_fprintf_append_string_n,,0,0,4,__ockl_fprintf_append_string_n|pointer|getelementptr|ptr|64|-1||0|0|4
1166,pointer,getelementptr,ptr,64,0,__ockl_fprintf_append_string_n,,0,0,4,__ockl_fprintf_append_string_n|pointer|getelementptr|ptr|64|0||0|0|4
1167,operand,getelementptr,int,64,1,__ockl_fprintf_append_string_n,,0,0,4,__ockl_fprintf_append_string_n|operand|getelementptr|int|64|1||0|0|4
1168,base,load,int,8,-1,__ockl_fprintf_append_string_n,,0,0,5,__ockl_fprintf_append_string_n|base|load|int|8|-1||0|0|5
1169,pointer,load,ptr,64,0,__ockl_fprintf_append_string_n,,0,0,5,__ockl_fprintf_append_string_n|pointer|load|ptr|64|0||0|0|5
1170,base,zext,int,64,-1,__ockl_fprintf_append_string_n,,0,0,5,__ockl_fprintf_append_string_n|base|zext|int|64|-1||0|0|5
1171,operand,zext,int,8,0,__ockl_fprintf_append_string_n,,0,0,5,__ockl_fprintf_append_string_n|operand|zext|int|8|0||0|0|5
1172,base,shl,int,64,-1,__ockl_fprintf_append_string_n,,0,0,4,__ockl_fprintf_append_string_n|base|shl|int|64|-1||0|0|4
1173,operand,shl,int,64,0,__ockl_fprintf_append_string_n,,0,0,4,__ockl_fprintf_append_string_n|operand|shl|int|64|0||0|0|4
1174,operand,shl,int,64,1,__ockl_fprintf_append_string_n,,0,0,4,__ockl_fprintf_append_string_n|operand|shl|int|64|1||0|0|4
1175,base,or,int,64,-1,__ockl_fprintf_append_string_n,,0,0,7,__ockl_fprintf_append_string_n|base|or|int|64|-1||0|0|7
1176,operand,or,int,64,0,__ockl_fprintf_append_string_n,,0,0,7,__ockl_fprintf_append_string_n|operand|or|int|64|0||0|0|7
1177,operand,or,int,64,1,__ockl_fprintf_append_string_n,,0,0,7,__ockl_fprintf_append_string_n|operand|or|int|64|1||0|0|7
1178,pointer,getelementptr,ptr,64,-1,__ockl_fprintf_append_string_n,,0,0,5,__ockl_fprintf_append_string_n|pointer|getelementptr|ptr|64|-1||0|0|5
1179,pointer,getelementptr,ptr,64,0,__ockl_fprintf_append_string_n,,0,0,5,__ockl_fprintf_append_string_n|pointer|getelementptr|ptr|64|0||0|0|5
1180,operand,getelementptr,int,64,1,__ockl_fprintf_append_string_n,,0,0,5,__ockl_fprintf_append_string_n|operand|getelementptr|int|64|1||0|0|5
1181,base,load,int,8,-1,__ockl_fprintf_append_string_n,,0,0,6,__ockl_fprintf_append_string_n|base|load|int|8|-1||0|0|6
1182,pointer,load,ptr,64,0,__ockl_fprintf_append_string_n,,0,0,6,__ockl_fprintf_append_string_n|pointer|load|ptr|64|0||0|0|6
1183,base,zext,int,64,-1,__ockl_fprintf_append_string_n,,0,0,6,__ockl_fprintf_append_string_n|base|zext|int|64|-1||0|0|6
1184,operand,zext,int,8,0,__ockl_fprintf_append_string_n,,0,0,6,__ockl_fprintf_append_string_n|operand|zext|int|8|0||0|0|6
1185,base,shl,int,64,-1,__ockl_fprintf_append_string_n,,0,0,5,__ockl_fprintf_append_string_n|base|shl|int|64|-1||0|0|5
1186,operand,shl,int,64,0,__ockl_fprintf_append_string_n,,0,0,5,__ockl_fprintf_append_string_n|operand|shl|int|64|0||0|0|5
1187,operand,shl,int,64,1,__ockl_fprintf_append_string_n,,0,0,5,__ockl_fprintf_append_string_n|operand|shl|int|64|1||0|0|5
1188,base,or,int,64,-1,__ockl_fprintf_append_string_n,,0,0,8,__ockl_fprintf_append_string_n|base|or|int|64|-1||0|0|8
1189,operand,or,int,64,0,__ockl_fprintf_append_string_n,,0,0,8,__ockl_fprintf_append_string_n|operand|or|int|64|0||0|0|8
1190,operand,or,int,64,1,__ockl_fprintf_append_string_n,,0,0,8,__ockl_fprintf_append_string_n|operand|or|int|64|1||0|0|8
1191,pointer,getelementptr,ptr,64,-1,__ockl_fprintf_append_string_n,,0,0,6,__ockl_fprintf_append_string_n|pointer|getelementptr|ptr|64|-1||0|0|6
1192,pointer,getelementptr,ptr,64,0,__ockl_fprintf_append_string_n,,0,0,6,__ockl_fprintf_append_string_n|pointer|getelementptr|ptr|64|0||0|0|6
1193,operand,getelementptr,int,64,1,__ockl_fprintf_append_string_n,,0,0,6,__ockl_fprintf_append_string_n|operand|getelementptr|int|64|1||0|0|6
1194,base,load,int,8,-1,__ockl_fprintf_append_string_n,,0,0,7,__ockl_fprintf_append_string_n|base|load|int|8|-1||0|0|7
1195,pointer,load,ptr,64,0,__ockl_fprintf_append_string_n,,0,0,7,__ockl_fprintf_append_string_n|pointer|load|ptr|64|0||0|0|7
1196,base,zext,int,64,-1,__ockl_fprintf_append_string_n,,0,0,7,__ockl_fprintf_append_string_n|base|zext|int|64|-1||0|0|7
1197,operand,zext,int,8,0,__ockl_fprintf_append_string_n,,0,0,7,__ockl_fprintf_append_string_n|operand|zext|int|8|0||0|0|7
1198,base,shl,int,64,-1,__ockl_fprintf_append_string_n,,0,0,6,__ockl_fprintf_append_string_n|base|shl|int|64|-1||0|0|6
1199,operand,shl,int,64,0,__ockl_fprintf_append_string_n,,0,0,6,__ockl_fprintf_append_string_n|operand|shl|int|64|0||0|0|6
1200,operand,shl,int,64,1,__ockl_fprintf_append_string_n,,0,0,6,__ockl_fprintf_append_string_n|operand|shl|int|64|1||0|0|6
1201,base,or,int,64,-1,__ockl_fprintf_append_string_n,,0,0,9,__ockl_fprintf_append_string_n|base|or|int|64|-1||0|0|9
1202,operand,or,int,64,0,__ockl_fprintf_append_string_n,,0,0,9,__ockl_fprintf_append_string_n|operand|or|int|64|0||0|0|9
1203,operand,or,int,64,1,__ockl_fprintf_append_string_n,,0,0,9,__ockl_fprintf_append_string_n|operand|or|int|64|1||0|0|9
1204,pointer,getelementptr,ptr,64,-1,__ockl_fprintf_append_string_n,,0,0,7,__ockl_fprintf_append_string_n|pointer|getelementptr|ptr|64|-1||0|0|7
1205,pointer,getelementptr,ptr,64,0,__ockl_fprintf_append_string_n,,0,0,7,__ockl_fprintf_append_string_n|pointer|getelementptr|ptr|64|0||0|0|7
1206,operand,getelementptr,int,64,1,__ockl_fprintf_append_string_n,,0,0,7,__ockl_fprintf_append_string_n|operand|getelementptr|int|64|1||0|0|7
1207,base,load,int,8,-1,__ockl_fprintf_append_string_n,,0,0,8,__ockl_fprintf_append_string_n|base|load|int|8|-1||0|0|8
1208,pointer,load,ptr,64,0,__ockl_fprintf_append_string_n,,0,0,8,__ockl_fprintf_append_string_n|pointer|load|ptr|64|0||0|0|8
1209,base,zext,int,64,-1,__ockl_fprintf_append_string_n,,0,0,8,__ockl_fprintf_append_string_n|base|zext|int|64|-1||0|0|8
1210,operand,zext,int,8,0,__ockl_fprintf_append_string_n,,0,0,8,__ockl_fprintf_append_string_n|operand|zext|int|8|0||0|0|8
1211,base,shl,int,64,-1,__ockl_fprintf_append_string_n,,0,0,7,__ockl_fprintf_append_string_n|base|shl|int|64|-1||0|0|7
1212,operand,shl,int,64,0,__ockl_fprintf_append_string_n,,0,0,7,__ockl_fprintf_append_string_n|operand|shl|int|64|0||0|0|7
1213,operand,shl,int,64,1,__ockl_fprintf_append_string_n,,0,0,7,__ockl_fprintf_append_string_n|operand|shl|int|64|1||0|0|7
1214,base,or,int,64,-1,__ockl_fprintf_append_string_n,,0,0,10,__ockl_fprintf_append_string_n|base|or|int|64|-1||0|0|10
1215,operand,or,int,64,0,__ockl_fprintf_append_string_n,,0,0,10,__ockl_fprintf_append_string_n|operand|or|int|64|0||0|0|10
1216,operand,or,int,64,1,__ockl_fprintf_append_string_n,,0,0,10,__ockl_fprintf_append_string_n|operand|or|int|64|1||0|0|10
1217,base,add,int,32,-1,__ockl_fprintf_append_string_n,,0,0,1,__ockl_fprintf_append_string_n|base|add|int|32|-1||0|0|1
1218,operand,add,int,32,0,__ockl_fprintf_append_string_n,,0,0,1,__ockl_fprintf_append_string_n|operand|add|int|32|0||0|0|1
1219,operand,add,int,32,1,__ockl_fprintf_append_string_n,,0,0,1,__ockl_fprintf_append_string_n|operand|add|int|32|1||0|0|1
1220,pointer,getelementptr,ptr,64,-1,__ockl_fprintf_append_string_n,,0,0,8,__ockl_fprintf_append_string_n|pointer|getelementptr|ptr|64|-1||0|0|8
1221,pointer,getelementptr,ptr,64,0,__ockl_fprintf_append_string_n,,0,0,8,__ockl_fprintf_append_string_n|pointer|getelementptr|ptr|64|0||0|0|8
1222,operand,getelementptr,int,64,1,__ockl_fprintf_append_string_n,,0,0,8,__ockl_fprintf_append_string_n|operand|getelementptr|int|64|1||0|0|8
1223,base,phi,int,32,-1,__ockl_fprintf_append_string_n,,0,0,1,__ockl_fprintf_append_string_n|base|phi|int|32|-1||0|0|1
1224,operand,phi,int,32,0,__ockl_fprintf_append_string_n,,0,0,1,__ockl_fprintf_append_string_n|operand|phi|int|32|0||0|0|1
1225,operand,phi,int,32,1,__ockl_fprintf_append_string_n,,0,0,1,__ockl_fprintf_append_string_n|operand|phi|int|32|1||0|0|1
1226,base,phi,int,64,-1,__ockl_fprintf_append_string_n,,0,0,2,__ockl_fprintf_append_string_n|base|phi|int|64|-1||0|0|2
1227,operand,phi,int,64,0,__ockl_fprintf_append_string_n,,0,0,2,__ockl_fprintf_append_string_n|operand|phi|int|64|0||0|0|2
1228,operand,phi,int,64,1,__ockl_fprintf_append_string_n,,0,0,2,__ockl_fprintf_append_string_n|operand|phi|int|64|1||0|0|2
1229,base,zext,int,64,-1,__ockl_fprintf_append_string_n,,0,0,9,__ockl_fprintf_append_string_n|base|zext|int|64|-1||0|0|9
1230,operand,zext,int,32,0,__ockl_fprintf_append_string_n,,0,0,1,__ockl_fprintf_append_string_n|operand|zext|int|32|0||0|0|1
1231,pointer,getelementptr,ptr,64,-1,__ockl_fprintf_append_string_n,,0,0,9,__ockl_fprintf_append_string_n|pointer|getelementptr|ptr|64|-1||0|0|9
1232,pointer,getelementptr,ptr,64,0,__ockl_fprintf_append_string_n,,0,0,9,__ockl_fprintf_append_string_n|pointer|getelementptr|ptr|64|0||0|0|9
1233,operand,getelementptr,int,64,1,__ockl_fprintf_append_string_n,,0,0,9,__ockl_fprintf_append_string_n|operand|getelementptr|int|64|1||0|0|9
1234,base,load,int,8,-1,__ockl_fprintf_append_string_n,,0,0,9,__ockl_fprintf_append_string_n|base|load|int|8|-1||0|0|9
1235,pointer,load,ptr,64,0,__ockl_fprintf_append_string_n,,0,0,9,__ockl_fprintf_append_string_n|pointer|load|ptr|64|0||0|0|9
1236,base,zext,int,64,-1,__ockl_fprintf_append_string_n,,0,0,10,__ockl_fprintf_append_string_n|base|zext|int|64|-1||0|0|10
1237,operand,zext,int,8,0,__ockl_fprintf_append_string_n,,0,0,9,__ockl_fprintf_append_string_n|operand|zext|int|8|0||0|0|9
1238,base,shl,int,32,-1,__ockl_fprintf_append_string_n,,0,0,1,__ockl_fprintf_append_string_n|base|shl|int|32|-1||0|0|1
1239,operand,shl,int,32,0,__ockl_fprintf_append_string_n,,0,0,1,__ockl_fprintf_append_string_n|operand|shl|int|32|0||0|0|1
1240,operand,shl,int,32,1,__ockl_fprintf_append_string_n,,0,0,1,__ockl_fprintf_append_string_n|operand|shl|int|32|1||0|0|1
1241,base,zext,int,64,-1,__ockl_fprintf_append_string_n,,0,0,11,__ockl_fprintf_append_string_n|base|zext|int|64|-1||0|0|11
1242,operand,zext,int,32,0,__ockl_fprintf_append_string_n,,0,0,2,__ockl_fprintf_append_string_n|operand|zext|int|32|0||0|0|2
1243,base,shl,int,64,-1,__ockl_fprintf_append_string_n,,0,0,8,__ockl_fprintf_append_string_n|base|shl|int|64|-1||0|0|8
1244,operand,shl,int,64,0,__ockl_fprintf_append_string_n,,0,0,8,__ockl_fprintf_append_string_n|operand|shl|int|64|0||0|0|8
1245,operand,shl,int,64,1,__ockl_fprintf_append_string_n,,0,0,8,__ockl_fprintf_append_string_n|operand|shl|int|64|1||0|0|8
1246,base,or,int,64,-1,__ockl_fprintf_append_string_n,,0,0,11,__ockl_fprintf_append_string_n|base|or|int|64|-1||0|0|11
1247,operand,or,int,64,0,__ockl_fprintf_append_string_n,,0,0,11,__ockl_fprintf_append_string_n|operand|or|int|64|0||0|0|11
1248,operand,or,int,64,1,__ockl_fprintf_append_string_n,,0,0,11,__ockl_fprintf_append_string_n|operand|or|int|64|1||0|0|11
1249,base,add,int,32,-1,__ockl_fprintf_append_string_n,,0,0,2,__ockl_fprintf_append_string_n|base|add|int|32|-1||0|0|2
1250,operand,add,int,32,0,__ockl_fprintf_append_string_n,,0,0,2,__ockl_fprintf_append_string_n|operand|add|int|32|0||0|0|2
1251,operand,add,int,32,1,__ockl_fprintf_append_string_n,,0,0,2,__ockl_fprintf_append_string_n|operand|add|int|32|1||0|0|2
1252,base,icmp,int,1,-1,__ockl_fprintf_append_string_n,,0,0,6,__ockl_fprintf_append_string_n|base|icmp|int|1|-1||0|0|6
1253,operand,icmp,int,32,0,__ockl_fprintf_append_string_n,,0,0,2,__ockl_fprintf_append_string_n|operand|icmp|int|32|0||0|0|2
1254,operand,icmp,int,32,1,__ockl_fprintf_append_string_n,,0,0,2,__ockl_fprintf_append_string_n|operand|icmp|int|32|1||0|0|2
1255,operand,br,int,1,0,__ockl_fprintf_append_string_n,,0,0,4,__ockl_fprintf_append_string_n|operand|br|int|1|0||0|0|4
1256,pointer,phi,ptr,64,-1,__ockl_fprintf_append_string_n,,0,0,2,__ockl_fprintf_append_string_n|pointer|phi|ptr|64|-1||0|0|2
1257,pointer,phi,ptr,64,0,__ockl_fprintf_append_string_n,,0,0,2,__ockl_fprintf_append_string_n|pointer|phi|ptr|64|0||0|0|2
1258,pointer,phi,ptr,64,1,__ockl_fprintf_append_string_n,,0,0,2,__ockl_fprintf_append_string_n|pointer|phi|ptr|64|1||0|0|2
1259,pointer,phi,ptr,64,2,__ockl_fprintf_append_string_n,,0,0,1,__ockl_fprintf_append_string_n|pointer|phi|ptr|64|2||0|0|1
1260,base,phi,int,32,-1,__ockl_fprintf_append_string_n,,0,0,2,__ockl_fprintf_append_string_n|base|phi|int|32|-1||0|0|2
1261,operand,phi,int,32,0,__ockl_fprintf_append_string_n,,0,0,2,__ockl_fprintf_append_string_n|operand|phi|int|32|0||0|0|2
1262,operand,phi,int,32,1,__ockl_fprintf_append_string_n,,0,0,2,__ockl_fprintf_append_string_n|operand|phi|int|32|1||0|0|2
1263,operand,phi,int,32,2,__ockl_fprintf_append_string_n,,0,0,1,__ockl_fprintf_append_string_n|operand|phi|int|32|2||0|0|1
1264,base,phi,int,64,-1,__ockl_fprintf_append_string_n,,0,0,3,__ockl_fprintf_append_string_n|base|phi|int|64|-1||0|0|3
1265,operand,phi,int,64,0,__ockl_fprintf_append_string_n,,0,0,3,__ockl_fprintf_append_string_n|operand|phi|int|64|0||0|0|3
1266,operand,phi,int,64,1,__ockl_fprintf_append_string_n,,0,0,3,__ockl_fprintf_append_string_n|operand|phi|int|64|1||0|0|3
1267,operand,phi,int,64,2,__ockl_fprintf_append_string_n,,0,0,1,__ockl_fprintf_append_string_n|operand|phi|int|64|2||0|0|1
1268,base,icmp,int,1,-1,__ockl_fprintf_append_string_n,,0,0,7,__ockl_fprintf_append_string_n|base|icmp|int|1|-1||0|0|7
1269,operand,icmp,int,32,0,__ockl_fprintf_append_string_n,,0,0,3,__ockl_fprintf_append_string_n|operand|icmp|int|32|0||0|0|3
1270,operand,icmp,int,32,1,__ockl_fprintf_append_string_n,,0,0,3,__ockl_fprintf_append_string_n|operand|icmp|int|32|1||0|0|3
1271,operand,br,int,1,0,__ockl_fprintf_append_string_n,,0,0,5,__ockl_fprintf_append_string_n|operand|br|int|1|0||0|0|5
1272,base,icmp,int,1,-1,__ockl_fprintf_append_string_n,,0,0,8,__ockl_fprintf_append_string_n|base|icmp|int|1|-1||0|0|8
1273,operand,icmp,int,32,0,__ockl_fprintf_append_string_n,,0,0,4,__ockl_fprintf_append_string_n|operand|icmp|int|32|0||0|0|4
1274,operand,icmp,int,32,1,__ockl_fprintf_append_string_n,,0,0,4,__ockl_fprintf_append_string_n|operand|icmp|int|32|1||0|0|4
1275,operand,br,int,1,0,__ockl_fprintf_append_string_n,,0,0,6,__ockl_fprintf_append_string_n|operand|br|int|1|0||0|0|6
1276,base,load,int,8,-1,__ockl_fprintf_append_string_n,,0,0,10,__ockl_fprintf_append_string_n|base|load|int|8|-1||0|0|10
1277,pointer,load,ptr,64,0,__ockl_fprintf_append_string_n,,0,0,10,__ockl_fprintf_append_string_n|pointer|load|ptr|64|0||0|0|10
1278,base,zext,int,64,-1,__ockl_fprintf_append_string_n,,0,0,12,__ockl_fprintf_append_string_n|base|zext|int|64|-1||0|0|12
1279,operand,zext,int,8,0,__ockl_fprintf_append_string_n,,0,0,10,__ockl_fprintf_append_string_n|operand|zext|int|8|0||0|0|10
1280,pointer,getelementptr,ptr,64,-1,__ockl_fprintf_append_string_n,,0,0,10,__ockl_fprintf_append_string_n|pointer|getelementptr|ptr|64|-1||0|0|10
1281,pointer,getelementptr,ptr,64,0,__ockl_fprintf_append_string_n,,0,0,10,__ockl_fprintf_append_string_n|pointer|getelementptr|ptr|64|0||0|0|10
1282,operand,getelementptr,int,64,1,__ockl_fprintf_append_string_n,,0,0,10,__ockl_fprintf_append_string_n|operand|getelementptr|int|64|1||0|0|10
1283,base,load,int,8,-1,__ockl_fprintf_append_string_n,,0,0,11,__ockl_fprintf_append_string_n|base|load|int|8|-1||0|0|11
1284,pointer,load,ptr,64,0,__ockl_fprintf_append_string_n,,0,0,11,__ockl_fprintf_append_string_n|pointer|load|ptr|64|0||0|0|11
1285,base,zext,int,64,-1,__ockl_fprintf_append_string_n,,0,0,13,__ockl_fprintf_append_string_n|base|zext|int|64|-1||0|0|13
1286,operand,zext,int,8,0,__ockl_fprintf_append_string_n,,0,0,11,__ockl_fprintf_append_string_n|operand|zext|int|8|0||0|0|11
1287,base,shl,int,64,-1,__ockl_fprintf_append_string_n,,0,0,9,__ockl_fprintf_append_string_n|base|shl|int|64|-1||0|0|9
1288,operand,shl,int,64,0,__ockl_fprintf_append_string_n,,0,0,9,__ockl_fprintf_append_string_n|operand|shl|int|64|0||0|0|9
1289,operand,shl,int,64,1,__ockl_fprintf_append_string_n,,0,0,9,__ockl_fprintf_append_string_n|operand|shl|int|64|1||0|0|9
1290,base,or,int,64,-1,__ockl_fprintf_append_string_n,,0,0,12,__ockl_fprintf_append_string_n|base|or|int|64|-1||0|0|12
1291,operand,or,int,64,0,__ockl_fprintf_append_string_n,,0,0,12,__ockl_fprintf_append_string_n|operand|or|int|64|0||0|0|12
1292,operand,or,int,64,1,__ockl_fprintf_append_string_n,,0,0,12,__ockl_fprintf_append_string_n|operand|or|int|64|1||0|0|12
1293,pointer,getelementptr,ptr,64,-1,__ockl_fprintf_append_string_n,,0,0,11,__ockl_fprintf_append_string_n|pointer|getelementptr|ptr|64|-1||0|0|11
1294,pointer,getelementptr,ptr,64,0,__ockl_fprintf_append_string_n,,0,0,11,__ockl_fprintf_append_string_n|pointer|getelementptr|ptr|64|0||0|0|11
1295,operand,getelementptr,int,64,1,__ockl_fprintf_append_string_n,,0,0,11,__ockl_fprintf_append_string_n|operand|getelementptr|int|64|1||0|0|11
1296,base,load,int,8,-1,__ockl_fprintf_append_string_n,,0,0,12,__ockl_fprintf_append_string_n|base|load|int|8|-1||0|0|12
1297,pointer,load,ptr,64,0,__ockl_fprintf_append_string_n,,0,0,12,__ockl_fprintf_append_string_n|pointer|load|ptr|64|0||0|0|12
1298,base,zext,int,64,-1,__ockl_fprintf_append_string_n,,0,0,14,__ockl_fprintf_append_string_n|base|zext|int|64|-1||0|0|14
1299,operand,zext,int,8,0,__ockl_fprintf_append_string_n,,0,0,12,__ockl_fprintf_append_string_n|operand|zext|int|8|0||0|0|12
1300,base,shl,int,64,-1,__ockl_fprintf_append_string_n,,0,0,10,__ockl_fprintf_append_string_n|base|shl|int|64|-1||0|0|10
1301,operand,shl,int,64,0,__ockl_fprintf_append_string_n,,0,0,10,__ockl_fprintf_append_string_n|operand|shl|int|64|0||0|0|10
1302,operand,shl,int,64,1,__ockl_fprintf_append_string_n,,0,0,10,__ockl_fprintf_append_string_n|operand|shl|int|64|1||0|0|10
1303,base,or,int,64,-1,__ockl_fprintf_append_string_n,,0,0,13,__ockl_fprintf_append_string_n|base|or|int|64|-1||0|0|13
1304,operand,or,int,64,0,__ockl_fprintf_append_string_n,,0,0,13,__ockl_fprintf_append_string_n|operand|or|int|64|0||0|0|13
1305,operand,or,int,64,1,__ockl_fprintf_append_string_n,,0,0,13,__ockl_fprintf_append_string_n|operand|or|int|64|1||0|0|13
1306,pointer,getelementptr,ptr,64,-1,__ockl_fprintf_append_string_n,,0,0,12,__ockl_fprintf_append_string_n|pointer|getelementptr|ptr|64|-1||0|0|12
1307,pointer,getelementptr,ptr,64,0,__ockl_fprintf_append_string_n,,0,0,12,__ockl_fprintf_append_string_n|pointer|getelementptr|ptr|64|0||0|0|12
1308,operand,getelementptr,int,64,1,__ockl_fprintf_append_string_n,,0,0,12,__ockl_fprintf_append_string_n|operand|getelementptr|int|64|1||0|0|12
1309,base,load,int,8,-1,__ockl_fprintf_append_string_n,,0,0,13,__ockl_fprintf_append_string_n|base|load|int|8|-1||0|0|13
1310,pointer,load,ptr,64,0,__ockl_fprintf_append_string_n,,0,0,13,__ockl_fprintf_append_string_n|pointer|load|ptr|64|0||0|0|13
1311,base,zext,int,64,-1,__ockl_fprintf_append_string_n,,0,0,15,__ockl_fprintf_append_string_n|base|zext|int|64|-1||0|0|15
1312,operand,zext,int,8,0,__ockl_fprintf_append_string_n,,0,0,13,__ockl_fprintf_append_string_n|operand|zext|int|8|0||0|0|13
1313,base,shl,int,64,-1,__ockl_fprintf_append_string_n,,0,0,11,__ockl_fprintf_append_string_n|base|shl|int|64|-1||0|0|11
1314,operand,shl,int,64,0,__ockl_fprintf_append_string_n,,0,0,11,__ockl_fprintf_append_string_n|operand|shl|int|64|0||0|0|11
1315,operand,shl,int,64,1,__ockl_fprintf_append_string_n,,0,0,11,__ockl_fprintf_append_string_n|operand|shl|int|64|1||0|0|11
1316,base,or,int,64,-1,__ockl_fprintf_append_string_n,,0,0,14,__ockl_fprintf_append_string_n|base|or|int|64|-1||0|0|14
1317,operand,or,int,64,0,__ockl_fprintf_append_string_n,,0,0,14,__ockl_fprintf_append_string_n|operand|or|int|64|0||0|0|14
1318,operand,or,int,64,1,__ockl_fprintf_append_string_n,,0,0,14,__ockl_fprintf_append_string_n|operand|or|int|64|1||0|0|14
1319,pointer,getelementptr,ptr,64,-1,__ockl_fprintf_append_string_n,,0,0,13,__ockl_fprintf_append_string_n|pointer|getelementptr|ptr|64|-1||0|0|13
1320,pointer,getelementptr,ptr,64,0,__ockl_fprintf_append_string_n,,0,0,13,__ockl_fprintf_append_string_n|pointer|getelementptr|ptr|64|0||0|0|13
1321,operand,getelementptr,int,64,1,__ockl_fprintf_append_string_n,,0,0,13,__ockl_fprintf_append_string_n|operand|getelementptr|int|64|1||0|0|13
1322,base,load,int,8,-1,__ockl_fprintf_append_string_n,,0,0,14,__ockl_fprintf_append_string_n|base|load|int|8|-1||0|0|14
1323,pointer,load,ptr,64,0,__ockl_fprintf_append_string_n,,0,0,14,__ockl_fprintf_append_string_n|pointer|load|ptr|64|0||0|0|14
1324,base,zext,int,64,-1,__ockl_fprintf_append_string_n,,0,0,16,__ockl_fprintf_append_string_n|base|zext|int|64|-1||0|0|16
1325,operand,zext,int,8,0,__ockl_fprintf_append_string_n,,0,0,14,__ockl_fprintf_append_string_n|operand|zext|int|8|0||0|0|14
1326,base,shl,int,64,-1,__ockl_fprintf_append_string_n,,0,0,12,__ockl_fprintf_append_string_n|base|shl|int|64|-1||0|0|12
1327,operand,shl,int,64,0,__ockl_fprintf_append_string_n,,0,0,12,__ockl_fprintf_append_string_n|operand|shl|int|64|0||0|0|12
1328,operand,shl,int,64,1,__ockl_fprintf_append_string_n,,0,0,12,__ockl_fprintf_append_string_n|operand|shl|int|64|1||0|0|12
1329,base,or,int,64,-1,__ockl_fprintf_append_string_n,,0,0,15,__ockl_fprintf_append_string_n|base|or|int|64|-1||0|0|15
1330,operand,or,int,64,0,__ockl_fprintf_append_string_n,,0,0,15,__ockl_fprintf_append_string_n|operand|or|int|64|0||0|0|15
1331,operand,or,int,64,1,__ockl_fprintf_append_string_n,,0,0,15,__ockl_fprintf_append_string_n|operand|or|int|64|1||0|0|15
1332,pointer,getelementptr,ptr,64,-1,__ockl_fprintf_append_string_n,,0,0,14,__ockl_fprintf_append_string_n|pointer|getelementptr|ptr|64|-1||0|0|14
1333,pointer,getelementptr,ptr,64,0,__ockl_fprintf_append_string_n,,0,0,14,__ockl_fprintf_append_string_n|pointer|getelementptr|ptr|64|0||0|0|14
1334,operand,getelementptr,int,64,1,__ockl_fprintf_append_string_n,,0,0,14,__ockl_fprintf_append_string_n|operand|getelementptr|int|64|1||0|0|14
1335,base,load,int,8,-1,__ockl_fprintf_append_string_n,,0,0,15,__ockl_fprintf_append_string_n|base|load|int|8|-1||0|0|15
1336,pointer,load,ptr,64,0,__ockl_fprintf_append_string_n,,0,0,15,__ockl_fprintf_append_string_n|pointer|load|ptr|64|0||0|0|15
1337,base,zext,int,64,-1,__ockl_fprintf_append_string_n,,0,0,17,__ockl_fprintf_append_string_n|base|zext|int|64|-1||0|0|17
1338,operand,zext,int,8,0,__ockl_fprintf_append_string_n,,0,0,15,__ockl_fprintf_append_string_n|operand|zext|int|8|0||0|0|15
1339,base,shl,int,64,-1,__ockl_fprintf_append_string_n,,0,0,13,__ockl_fprintf_append_string_n|base|shl|int|64|-1||0|0|13
1340,operand,shl,int,64,0,__ockl_fprintf_append_string_n,,0,0,13,__ockl_fprintf_append_string_n|operand|shl|int|64|0||0|0|13
1341,operand,shl,int,64,1,__ockl_fprintf_append_string_n,,0,0,13,__ockl_fprintf_append_string_n|operand|shl|int|64|1||0|0|13
1342,base,or,int,64,-1,__ockl_fprintf_append_string_n,,0,0,16,__ockl_fprintf_append_string_n|base|or|int|64|-1||0|0|16
1343,operand,or,int,64,0,__ockl_fprintf_append_string_n,,0,0,16,__ockl_fprintf_append_string_n|operand|or|int|64|0||0|0|16
1344,operand,or,int,64,1,__ockl_fprintf_append_string_n,,0,0,16,__ockl_fprintf_append_string_n|operand|or|int|64|1||0|0|16
1345,pointer,getelementptr,ptr,64,-1,__ockl_fprintf_append_string_n,,0,0,15,__ockl_fprintf_append_string_n|pointer|getelementptr|ptr|64|-1||0|0|15
1346,pointer,getelementptr,ptr,64,0,__ockl_fprintf_append_string_n,,0,0,15,__ockl_fprintf_append_string_n|pointer|getelementptr|ptr|64|0||0|0|15
1347,operand,getelementptr,int,64,1,__ockl_fprintf_append_string_n,,0,0,15,__ockl_fprintf_append_string_n|operand|getelementptr|int|64|1||0|0|15
1348,base,load,int,8,-1,__ockl_fprintf_append_string_n,,0,0,16,__ockl_fprintf_append_string_n|base|load|int|8|-1||0|0|16
1349,pointer,load,ptr,64,0,__ockl_fprintf_append_string_n,,0,0,16,__ockl_fprintf_append_string_n|pointer|load|ptr|64|0||0|0|16
1350,base,zext,int,64,-1,__ockl_fprintf_append_string_n,,0,0,18,__ockl_fprintf_append_string_n|base|zext|int|64|-1||0|0|18
1351,operand,zext,int,8,0,__ockl_fprintf_append_string_n,,0,0,16,__ockl_fprintf_append_string_n|operand|zext|int|8|0||0|0|16
1352,base,shl,int,64,-1,__ockl_fprintf_append_string_n,,0,0,14,__ockl_fprintf_append_string_n|base|shl|int|64|-1||0|0|14
1353,operand,shl,int,64,0,__ockl_fprintf_append_string_n,,0,0,14,__ockl_fprintf_append_string_n|operand|shl|int|64|0||0|0|14
1354,operand,shl,int,64,1,__ockl_fprintf_append_string_n,,0,0,14,__ockl_fprintf_append_string_n|operand|shl|int|64|1||0|0|14
1355,base,or,int,64,-1,__ockl_fprintf_append_string_n,,0,0,17,__ockl_fprintf_append_string_n|base|or|int|64|-1||0|0|17
1356,operand,or,int,64,0,__ockl_fprintf_append_string_n,,0,0,17,__ockl_fprintf_append_string_n|operand|or|int|64|0||0|0|17
1357,operand,or,int,64,1,__ockl_fprintf_append_string_n,,0,0,17,__ockl_fprintf_append_string_n|operand|or|int|64|1||0|0|17
1358,pointer,getelementptr,ptr,64,-1,__ockl_fprintf_append_string_n,,0,0,16,__ockl_fprintf_append_string_n|pointer|getelementptr|ptr|64|-1||0|0|16
1359,pointer,getelementptr,ptr,64,0,__ockl_fprintf_append_string_n,,0,0,16,__ockl_fprintf_append_string_n|pointer|getelementptr|ptr|64|0||0|0|16
1360,operand,getelementptr,int,64,1,__ockl_fprintf_append_string_n,,0,0,16,__ockl_fprintf_append_string_n|operand|getelementptr|int|64|1||0|0|16
1361,base,load,int,8,-1,__ockl_fprintf_append_string_n,,0,0,17,__ockl_fprintf_append_string_n|base|load|int|8|-1||0|0|17
1362,pointer,load,ptr,64,0,__ockl_fprintf_append_string_n,,0,0,17,__ockl_fprintf_append_string_n|pointer|load|ptr|64|0||0|0|17
1363,base,zext,int,64,-1,__ockl_fprintf_append_string_n,,0,0,19,__ockl_fprintf_append_string_n|base|zext|int|64|-1||0|0|19
1364,operand,zext,int,8,0,__ockl_fprintf_append_string_n,,0,0,17,__ockl_fprintf_append_string_n|operand|zext|int|8|0||0|0|17
1365,base,shl,int,64,-1,__ockl_fprintf_append_string_n,,0,0,15,__ockl_fprintf_append_string_n|base|shl|int|64|-1||0|0|15
1366,operand,shl,int,64,0,__ockl_fprintf_append_string_n,,0,0,15,__ockl_fprintf_append_string_n|operand|shl|int|64|0||0|0|15
1367,operand,shl,int,64,1,__ockl_fprintf_append_string_n,,0,0,15,__ockl_fprintf_append_string_n|operand|shl|int|64|1||0|0|15
1368,base,or,int,64,-1,__ockl_fprintf_append_string_n,,0,0,18,__ockl_fprintf_append_string_n|base|or|int|64|-1||0|0|18
1369,operand,or,int,64,0,__ockl_fprintf_append_string_n,,0,0,18,__ockl_fprintf_append_string_n|operand|or|int|64|0||0|0|18
1370,operand,or,int,64,1,__ockl_fprintf_append_string_n,,0,0,18,__ockl_fprintf_append_string_n|operand|or|int|64|1||0|0|18
1371,base,add,int,32,-1,__ockl_fprintf_append_string_n,,0,0,3,__ockl_fprintf_append_string_n|base|add|int|32|-1||0|0|3
1372,operand,add,int,32,0,__ockl_fprintf_append_string_n,,0,0,3,__ockl_fprintf_append_string_n|operand|add|int|32|0||0|0|3
1373,operand,add,int,32,1,__ockl_fprintf_append_string_n,,0,0,3,__ockl_fprintf_append_string_n|operand|add|int|32|1||0|0|3
1374,pointer,getelementptr,ptr,64,-1,__ockl_fprintf_append_string_n,,0,0,17,__ockl_fprintf_append_string_n|pointer|getelementptr|ptr|64|-1||0|0|17
1375,pointer,getelementptr,ptr,64,0,__ockl_fprintf_append_string_n,,0,0,17,__ockl_fprintf_append_string_n|pointer|getelementptr|ptr|64|0||0|0|17
1376,operand,getelementptr,int,64,1,__ockl_fprintf_append_string_n,,0,0,17,__ockl_fprintf_append_string_n|operand|getelementptr|int|64|1||0|0|17
1377,base,phi,int,32,-1,__ockl_fprintf_append_string_n,,0,0,3,__ockl_fprintf_append_string_n|base|phi|int|32|-1||0|0|3
1378,operand,phi,int,32,0,__ockl_fprintf_append_string_n,,0,0,3,__ockl_fprintf_append_string_n|operand|phi|int|32|0||0|0|3
1379,operand,phi,int,32,1,__ockl_fprintf_append_string_n,,0,0,3,__ockl_fprintf_append_string_n|operand|phi|int|32|1||0|0|3
1380,base,phi,int,64,-1,__ockl_fprintf_append_string_n,,0,0,4,__ockl_fprintf_append_string_n|base|phi|int|64|-1||0|0|4
1381,operand,phi,int,64,0,__ockl_fprintf_append_string_n,,0,0,4,__ockl_fprintf_append_string_n|operand|phi|int|64|0||0|0|4
1382,operand,phi,int,64,1,__ockl_fprintf_append_string_n,,0,0,4,__ockl_fprintf_append_string_n|operand|phi|int|64|1||0|0|4
1383,base,zext,int,64,-1,__ockl_fprintf_append_string_n,,0,0,20,__ockl_fprintf_append_string_n|base|zext|int|64|-1||0|0|20
1384,operand,zext,int,32,0,__ockl_fprintf_append_string_n,,0,0,3,__ockl_fprintf_append_string_n|operand|zext|int|32|0||0|0|3
1385,pointer,getelementptr,ptr,64,-1,__ockl_fprintf_append_string_n,,0,0,18,__ockl_fprintf_append_string_n|pointer|getelementptr|ptr|64|-1||0|0|18
1386,pointer,getelementptr,ptr,64,0,__ockl_fprintf_append_string_n,,0,0,18,__ockl_fprintf_append_string_n|pointer|getelementptr|ptr|64|0||0|0|18
1387,operand,getelementptr,int,64,1,__ockl_fprintf_append_string_n,,0,0,18,__ockl_fprintf_append_string_n|operand|getelementptr|int|64|1||0|0|18
1388,base,load,int,8,-1,__ockl_fprintf_append_string_n,,0,0,18,__ockl_fprintf_append_string_n|base|load|int|8|-1||0|0|18
1389,pointer,load,ptr,64,0,__ockl_fprintf_append_string_n,,0,0,18,__ockl_fprintf_append_string_n|pointer|load|ptr|64|0||0|0|18
1390,base,zext,int,64,-1,__ockl_fprintf_append_string_n,,0,0,21,__ockl_fprintf_append_string_n|base|zext|int|64|-1||0|0|21
1391,operand,zext,int,8,0,__ockl_fprintf_append_string_n,,0,0,18,__ockl_fprintf_append_string_n|operand|zext|int|8|0||0|0|18
1392,base,shl,int,32,-1,__ockl_fprintf_append_string_n,,0,0,2,__ockl_fprintf_append_string_n|base|shl|int|32|-1||0|0|2
1393,operand,shl,int,32,0,__ockl_fprintf_append_string_n,,0,0,2,__ockl_fprintf_append_string_n|operand|shl|int|32|0||0|0|2
1394,operand,shl,int,32,1,__ockl_fprintf_append_string_n,,0,0,2,__ockl_fprintf_append_string_n|operand|shl|int|32|1||0|0|2
1395,base,zext,int,64,-1,__ockl_fprintf_append_string_n,,0,0,22,__ockl_fprintf_append_string_n|base|zext|int|64|-1||0|0|22
1396,operand,zext,int,32,0,__ockl_fprintf_append_string_n,,0,0,4,__ockl_fprintf_append_string_n|operand|zext|int|32|0||0|0|4
1397,base,shl,int,64,-1,__ockl_fprintf_append_string_n,,0,0,16,__ockl_fprintf_append_string_n|base|shl|int|64|-1||0|0|16
1398,operand,shl,int,64,0,__ockl_fprintf_append_string_n,,0,0,16,__ockl_fprintf_append_string_n|operand|shl|int|64|0||0|0|16
1399,operand,shl,int,64,1,__ockl_fprintf_append_string_n,,0,0,16,__ockl_fprintf_append_string_n|operand|shl|int|64|1||0|0|16
1400,base,or,int,64,-1,__ockl_fprintf_append_string_n,,0,0,19,__ockl_fprintf_append_string_n|base|or|int|64|-1||0|0|19
1401,operand,or,int,64,0,__ockl_fprintf_append_string_n,,0,0,19,__ockl_fprintf_append_string_n|operand|or|int|64|0||0|0|19
1402,operand,or,int,64,1,__ockl_fprintf_append_string_n,,0,0,19,__ockl_fprintf_append_string_n|operand|or|int|64|1||0|0|19
1403,base,add,int,32,-1,__ockl_fprintf_append_string_n,,0,0,4,__ockl_fprintf_append_string_n|base|add|int|32|-1||0|0|4
1404,operand,add,int,32,0,__ockl_fprintf_append_string_n,,0,0,4,__ockl_fprintf_append_string_n|operand|add|int|32|0||0|0|4
1405,operand,add,int,32,1,__ockl_fprintf_append_string_n,,0,0,4,__ockl_fprintf_append_string_n|operand|add|int|32|1||0|0|4
1406,base,icmp,int,1,-1,__ockl_fprintf_append_string_n,,0,0,9,__ockl_fprintf_append_string_n|base|icmp|int|1|-1||0|0|9
1407,operand,icmp,int,32,0,__ockl_fprintf_append_string_n,,0,0,5,__ockl_fprintf_append_string_n|operand|icmp|int|32|0||0|0|5
1408,operand,icmp,int,32,1,__ockl_fprintf_append_string_n,,0,0,5,__ockl_fprintf_append_string_n|operand|icmp|int|32|1||0|0|5
1409,operand,br,int,1,0,__ockl_fprintf_append_string_n,,0,0,7,__ockl_fprintf_append_string_n|operand|br|int|1|0||0|0|7
1410,pointer,phi,ptr,64,-1,__ockl_fprintf_append_string_n,,0,0,3,__ockl_fprintf_append_string_n|pointer|phi|ptr|64|-1||0|0|3
1411,pointer,phi,ptr,64,0,__ockl_fprintf_append_string_n,,0,0,3,__ockl_fprintf_append_string_n|pointer|phi|ptr|64|0||0|0|3
1412,pointer,phi,ptr,64,1,__ockl_fprintf_append_string_n,,0,0,3,__ockl_fprintf_append_string_n|pointer|phi|ptr|64|1||0|0|3
1413,pointer,phi,ptr,64,2,__ockl_fprintf_append_string_n,,0,0,2,__ockl_fprintf_append_string_n|pointer|phi|ptr|64|2||0|0|2
1414,base,phi,int,32,-1,__ockl_fprintf_append_string_n,,0,0,4,__ockl_fprintf_append_string_n|base|phi|int|32|-1||0|0|4
1415,operand,phi,int,32,0,__ockl_fprintf_append_string_n,,0,0,4,__ockl_fprintf_append_string_n|operand|phi|int|32|0||0|0|4
1416,operand,phi,int,32,1,__ockl_fprintf_append_string_n,,0,0,4,__ockl_fprintf_append_string_n|operand|phi|int|32|1||0|0|4
1417,operand,phi,int,32,2,__ockl_fprintf_append_string_n,,0,0,2,__ockl_fprintf_append_string_n|operand|phi|int|32|2||0|0|2
1418,base,phi,int,64,-1,__ockl_fprintf_append_string_n,,0,0,5,__ockl_fprintf_append_string_n|base|phi|int|64|-1||0|0|5
1419,operand,phi,int,64,0,__ockl_fprintf_append_string_n,,0,0,5,__ockl_fprintf_append_string_n|operand|phi|int|64|0||0|0|5
1420,operand,phi,int,64,1,__ockl_fprintf_append_string_n,,0,0,5,__ockl_fprintf_append_string_n|operand|phi|int|64|1||0|0|5
1421,operand,phi,int,64,2,__ockl_fprintf_append_string_n,,0,0,2,__ockl_fprintf_append_string_n|operand|phi|int|64|2||0|0|2
1422,base,icmp,int,1,-1,__ockl_fprintf_append_string_n,,0,0,10,__ockl_fprintf_append_string_n|base|icmp|int|1|-1||0|0|10
1423,operand,icmp,int,32,0,__ockl_fprintf_append_string_n,,0,0,6,__ockl_fprintf_append_string_n|operand|icmp|int|32|0||0|0|6
1424,operand,icmp,int,32,1,__ockl_fprintf_append_string_n,,0,0,6,__ockl_fprintf_append_string_n|operand|icmp|int|32|1||0|0|6
1425,operand,br,int,1,0,__ockl_fprintf_append_string_n,,0,0,8,__ockl_fprintf_append_string_n|operand|br|int|1|0||0|0|8
1426,base,icmp,int,1,-1,__ockl_fprintf_append_string_n,,0,0,11,__ockl_fprintf_append_string_n|base|icmp|int|1|-1||0|0|11
1427,operand,icmp,int,32,0,__ockl_fprintf_append_string_n,,0,0,7,__ockl_fprintf_append_string_n|operand|icmp|int|32|0||0|0|7
1428,operand,icmp,int,32,1,__ockl_fprintf_append_string_n,,0,0,7,__ockl_fprintf_append_string_n|operand|icmp|int|32|1||0|0|7
1429,operand,br,int,1,0,__ockl_fprintf_append_string_n,,0,0,9,__ockl_fprintf_append_string_n|operand|br|int|1|0||0|0|9
1430,base,load,int,8,-1,__ockl_fprintf_append_string_n,,0,0,19,__ockl_fprintf_append_string_n|base|load|int|8|-1||0|0|19
1431,pointer,load,ptr,64,0,__ockl_fprintf_append_string_n,,0,0,19,__ockl_fprintf_append_string_n|pointer|load|ptr|64|0||0|0|19
1432,base,zext,int,64,-1,__ockl_fprintf_append_string_n,,0,0,23,__ockl_fprintf_append_string_n|base|zext|int|64|-1||0|0|23
1433,operand,zext,int,8,0,__ockl_fprintf_append_string_n,,0,0,19,__ockl_fprintf_append_string_n|operand|zext|int|8|0||0|0|19
1434,pointer,getelementptr,ptr,64,-1,__ockl_fprintf_append_string_n,,0,0,19,__ockl_fprintf_append_string_n|pointer|getelementptr|ptr|64|-1||0|0|19
1435,pointer,getelementptr,ptr,64,0,__ockl_fprintf_append_string_n,,0,0,19,__ockl_fprintf_append_string_n|pointer|getelementptr|ptr|64|0||0|0|19
1436,operand,getelementptr,int,64,1,__ockl_fprintf_append_string_n,,0,0,19,__ockl_fprintf_append_string_n|operand|getelementptr|int|64|1||0|0|19
1437,base,load,int,8,-1,__ockl_fprintf_append_string_n,,0,0,20,__ockl_fprintf_append_string_n|base|load|int|8|-1||0|0|20
1438,pointer,load,ptr,64,0,__ockl_fprintf_append_string_n,,0,0,20,__ockl_fprintf_append_string_n|pointer|load|ptr|64|0||0|0|20
1439,base,zext,int,64,-1,__ockl_fprintf_append_string_n,,0,0,24,__ockl_fprintf_append_string_n|base|zext|int|64|-1||0|0|24
1440,operand,zext,int,8,0,__ockl_fprintf_append_string_n,,0,0,20,__ockl_fprintf_append_string_n|operand|zext|int|8|0||0|0|20
1441,base,shl,int,64,-1,__ockl_fprintf_append_string_n,,0,0,17,__ockl_fprintf_append_string_n|base|shl|int|64|-1||0|0|17
1442,operand,shl,int,64,0,__ockl_fprintf_append_string_n,,0,0,17,__ockl_fprintf_append_string_n|operand|shl|int|64|0||0|0|17
1443,operand,shl,int,64,1,__ockl_fprintf_append_string_n,,0,0,17,__ockl_fprintf_append_string_n|operand|shl|int|64|1||0|0|17
1444,base,or,int,64,-1,__ockl_fprintf_append_string_n,,0,0,20,__ockl_fprintf_append_string_n|base|or|int|64|-1||0|0|20
1445,operand,or,int,64,0,__ockl_fprintf_append_string_n,,0,0,20,__ockl_fprintf_append_string_n|operand|or|int|64|0||0|0|20
1446,operand,or,int,64,1,__ockl_fprintf_append_string_n,,0,0,20,__ockl_fprintf_append_string_n|operand|or|int|64|1||0|0|20
1447,pointer,getelementptr,ptr,64,-1,__ockl_fprintf_append_string_n,,0,0,20,__ockl_fprintf_append_string_n|pointer|getelementptr|ptr|64|-1||0|0|20
1448,pointer,getelementptr,ptr,64,0,__ockl_fprintf_append_string_n,,0,0,20,__ockl_fprintf_append_string_n|pointer|getelementptr|ptr|64|0||0|0|20
1449,operand,getelementptr,int,64,1,__ockl_fprintf_append_string_n,,0,0,20,__ockl_fprintf_append_string_n|operand|getelementptr|int|64|1||0|0|20
1450,base,load,int,8,-1,__ockl_fprintf_append_string_n,,0,0,21,__ockl_fprintf_append_string_n|base|load|int|8|-1||0|0|21
1451,pointer,load,ptr,64,0,__ockl_fprintf_append_string_n,,0,0,21,__ockl_fprintf_append_string_n|pointer|load|ptr|64|0||0|0|21
1452,base,zext,int,64,-1,__ockl_fprintf_append_string_n,,0,0,25,__ockl_fprintf_append_string_n|base|zext|int|64|-1||0|0|25
1453,operand,zext,int,8,0,__ockl_fprintf_append_string_n,,0,0,21,__ockl_fprintf_append_string_n|operand|zext|int|8|0||0|0|21
1454,base,shl,int,64,-1,__ockl_fprintf_append_string_n,,0,0,18,__ockl_fprintf_append_string_n|base|shl|int|64|-1||0|0|18
1455,operand,shl,int,64,0,__ockl_fprintf_append_string_n,,0,0,18,__ockl_fprintf_append_string_n|operand|shl|int|64|0||0|0|18
1456,operand,shl,int,64,1,__ockl_fprintf_append_string_n,,0,0,18,__ockl_fprintf_append_string_n|operand|shl|int|64|1||0|0|18
1457,base,or,int,64,-1,__ockl_fprintf_append_string_n,,0,0,21,__ockl_fprintf_append_string_n|base|or|int|64|-1||0|0|21
1458,operand,or,int,64,0,__ockl_fprintf_append_string_n,,0,0,21,__ockl_fprintf_append_string_n|operand|or|int|64|0||0|0|21
1459,operand,or,int,64,1,__ockl_fprintf_append_string_n,,0,0,21,__ockl_fprintf_append_string_n|operand|or|int|64|1||0|0|21
1460,pointer,getelementptr,ptr,64,-1,__ockl_fprintf_append_string_n,,0,0,21,__ockl_fprintf_append_string_n|pointer|getelementptr|ptr|64|-1||0|0|21
1461,pointer,getelementptr,ptr,64,0,__ockl_fprintf_append_string_n,,0,0,21,__ockl_fprintf_append_string_n|pointer|getelementptr|ptr|64|0||0|0|21
1462,operand,getelementptr,int,64,1,__ockl_fprintf_append_string_n,,0,0,21,__ockl_fprintf_append_string_n|operand|getelementptr|int|64|1||0|0|21
1463,base,load,int,8,-1,__ockl_fprintf_append_string_n,,0,0,22,__ockl_fprintf_append_string_n|base|load|int|8|-1||0|0|22
1464,pointer,load,ptr,64,0,__ockl_fprintf_append_string_n,,0,0,22,__ockl_fprintf_append_string_n|pointer|load|ptr|64|0||0|0|22
1465,base,zext,int,64,-1,__ockl_fprintf_append_string_n,,0,0,26,__ockl_fprintf_append_string_n|base|zext|int|64|-1||0|0|26
1466,operand,zext,int,8,0,__ockl_fprintf_append_string_n,,0,0,22,__ockl_fprintf_append_string_n|operand|zext|int|8|0||0|0|22
1467,base,shl,int,64,-1,__ockl_fprintf_append_string_n,,0,0,19,__ockl_fprintf_append_string_n|base|shl|int|64|-1||0|0|19
1468,operand,shl,int,64,0,__ockl_fprintf_append_string_n,,0,0,19,__ockl_fprintf_append_string_n|operand|shl|int|64|0||0|0|19
1469,operand,shl,int,64,1,__ockl_fprintf_append_string_n,,0,0,19,__ockl_fprintf_append_string_n|operand|shl|int|64|1||0|0|19
1470,base,or,int,64,-1,__ockl_fprintf_append_string_n,,0,0,22,__ockl_fprintf_append_string_n|base|or|int|64|-1||0|0|22
1471,operand,or,int,64,0,__ockl_fprintf_append_string_n,,0,0,22,__ockl_fprintf_append_string_n|operand|or|int|64|0||0|0|22
1472,operand,or,int,64,1,__ockl_fprintf_append_string_n,,0,0,22,__ockl_fprintf_append_string_n|operand|or|int|64|1||0|0|22
1473,pointer,getelementptr,ptr,64,-1,__ockl_fprintf_append_string_n,,0,0,22,__ockl_fprintf_append_string_n|pointer|getelementptr|ptr|64|-1||0|0|22
1474,pointer,getelementptr,ptr,64,0,__ockl_fprintf_append_string_n,,0,0,22,__ockl_fprintf_append_string_n|pointer|getelementptr|ptr|64|0||0|0|22
1475,operand,getelementptr,int,64,1,__ockl_fprintf_append_string_n,,0,0,22,__ockl_fprintf_append_string_n|operand|getelementptr|int|64|1||0|0|22
1476,base,load,int,8,-1,__ockl_fprintf_append_string_n,,0,0,23,__ockl_fprintf_append_string_n|base|load|int|8|-1||0|0|23
1477,pointer,load,ptr,64,0,__ockl_fprintf_append_string_n,,0,0,23,__ockl_fprintf_append_string_n|pointer|load|ptr|64|0||0|0|23
1478,base,zext,int,64,-1,__ockl_fprintf_append_string_n,,0,0,27,__ockl_fprintf_append_string_n|base|zext|int|64|-1||0|0|27
1479,operand,zext,int,8,0,__ockl_fprintf_append_string_n,,0,0,23,__ockl_fprintf_append_string_n|operand|zext|int|8|0||0|0|23
1480,base,shl,int,64,-1,__ockl_fprintf_append_string_n,,0,0,20,__ockl_fprintf_append_string_n|base|shl|int|64|-1||0|0|20
1481,operand,shl,int,64,0,__ockl_fprintf_append_string_n,,0,0,20,__ockl_fprintf_append_string_n|operand|shl|int|64|0||0|0|20
1482,operand,shl,int,64,1,__ockl_fprintf_append_string_n,,0,0,20,__ockl_fprintf_append_string_n|operand|shl|int|64|1||0|0|20
1483,base,or,int,64,-1,__ockl_fprintf_append_string_n,,0,0,23,__ockl_fprintf_append_string_n|base|or|int|64|-1||0|0|23
1484,operand,or,int,64,0,__ockl_fprintf_append_string_n,,0,0,23,__ockl_fprintf_append_string_n|operand|or|int|64|0||0|0|23
1485,operand,or,int,64,1,__ockl_fprintf_append_string_n,,0,0,23,__ockl_fprintf_append_string_n|operand|or|int|64|1||0|0|23
1486,pointer,getelementptr,ptr,64,-1,__ockl_fprintf_append_string_n,,0,0,23,__ockl_fprintf_append_string_n|pointer|getelementptr|ptr|64|-1||0|0|23
1487,pointer,getelementptr,ptr,64,0,__ockl_fprintf_append_string_n,,0,0,23,__ockl_fprintf_append_string_n|pointer|getelementptr|ptr|64|0||0|0|23
1488,operand,getelementptr,int,64,1,__ockl_fprintf_append_string_n,,0,0,23,__ockl_fprintf_append_string_n|operand|getelementptr|int|64|1||0|0|23
1489,base,load,int,8,-1,__ockl_fprintf_append_string_n,,0,0,24,__ockl_fprintf_append_string_n|base|load|int|8|-1||0|0|24
1490,pointer,load,ptr,64,0,__ockl_fprintf_append_string_n,,0,0,24,__ockl_fprintf_append_string_n|pointer|load|ptr|64|0||0|0|24
1491,base,zext,int,64,-1,__ockl_fprintf_append_string_n,,0,0,28,__ockl_fprintf_append_string_n|base|zext|int|64|-1||0|0|28
1492,operand,zext,int,8,0,__ockl_fprintf_append_string_n,,0,0,24,__ockl_fprintf_append_string_n|operand|zext|int|8|0||0|0|24
1493,base,shl,int,64,-1,__ockl_fprintf_append_string_n,,0,0,21,__ockl_fprintf_append_string_n|base|shl|int|64|-1||0|0|21
1494,operand,shl,int,64,0,__ockl_fprintf_append_string_n,,0,0,21,__ockl_fprintf_append_string_n|operand|shl|int|64|0||0|0|21
1495,operand,shl,int,64,1,__ockl_fprintf_append_string_n,,0,0,21,__ockl_fprintf_append_string_n|operand|shl|int|64|1||0|0|21
1496,base,or,int,64,-1,__ockl_fprintf_append_string_n,,0,0,24,__ockl_fprintf_append_string_n|base|or|int|64|-1||0|0|24
1497,operand,or,int,64,0,__ockl_fprintf_append_string_n,,0,0,24,__ockl_fprintf_append_string_n|operand|or|int|64|0||0|0|24
1498,operand,or,int,64,1,__ockl_fprintf_append_string_n,,0,0,24,__ockl_fprintf_append_string_n|operand|or|int|64|1||0|0|24
1499,pointer,getelementptr,ptr,64,-1,__ockl_fprintf_append_string_n,,0,0,24,__ockl_fprintf_append_string_n|pointer|getelementptr|ptr|64|-1||0|0|24
1500,pointer,getelementptr,ptr,64,0,__ockl_fprintf_append_string_n,,0,0,24,__ockl_fprintf_append_string_n|pointer|getelementptr|ptr|64|0||0|0|24
1501,operand,getelementptr,int,64,1,__ockl_fprintf_append_string_n,,0,0,24,__ockl_fprintf_append_string_n|operand|getelementptr|int|64|1||0|0|24
1502,base,load,int,8,-1,__ockl_fprintf_append_string_n,,0,0,25,__ockl_fprintf_append_string_n|base|load|int|8|-1||0|0|25
1503,pointer,load,ptr,64,0,__ockl_fprintf_append_string_n,,0,0,25,__ockl_fprintf_append_string_n|pointer|load|ptr|64|0||0|0|25
1504,base,zext,int,64,-1,__ockl_fprintf_append_string_n,,0,0,29,__ockl_fprintf_append_string_n|base|zext|int|64|-1||0|0|29
1505,operand,zext,int,8,0,__ockl_fprintf_append_string_n,,0,0,25,__ockl_fprintf_append_string_n|operand|zext|int|8|0||0|0|25
1506,base,shl,int,64,-1,__ockl_fprintf_append_string_n,,0,0,22,__ockl_fprintf_append_string_n|base|shl|int|64|-1||0|0|22
1507,operand,shl,int,64,0,__ockl_fprintf_append_string_n,,0,0,22,__ockl_fprintf_append_string_n|operand|shl|int|64|0||0|0|22
1508,operand,shl,int,64,1,__ockl_fprintf_append_string_n,,0,0,22,__ockl_fprintf_append_string_n|operand|shl|int|64|1||0|0|22
1509,base,or,int,64,-1,__ockl_fprintf_append_string_n,,0,0,25,__ockl_fprintf_append_string_n|base|or|int|64|-1||0|0|25
1510,operand,or,int,64,0,__ockl_fprintf_append_string_n,,0,0,25,__ockl_fprintf_append_string_n|operand|or|int|64|0||0|0|25
1511,operand,or,int,64,1,__ockl_fprintf_append_string_n,,0,0,25,__ockl_fprintf_append_string_n|operand|or|int|64|1||0|0|25
1512,pointer,getelementptr,ptr,64,-1,__ockl_fprintf_append_string_n,,0,0,25,__ockl_fprintf_append_string_n|pointer|getelementptr|ptr|64|-1||0|0|25
1513,pointer,getelementptr,ptr,64,0,__ockl_fprintf_append_string_n,,0,0,25,__ockl_fprintf_append_string_n|pointer|getelementptr|ptr|64|0||0|0|25
1514,operand,getelementptr,int,64,1,__ockl_fprintf_append_string_n,,0,0,25,__ockl_fprintf_append_string_n|operand|getelementptr|int|64|1||0|0|25
1515,base,load,int,8,-1,__ockl_fprintf_append_string_n,,0,0,26,__ockl_fprintf_append_string_n|base|load|int|8|-1||0|0|26
1516,pointer,load,ptr,64,0,__ockl_fprintf_append_string_n,,0,0,26,__ockl_fprintf_append_string_n|pointer|load|ptr|64|0||0|0|26
1517,base,zext,int,64,-1,__ockl_fprintf_append_string_n,,0,0,30,__ockl_fprintf_append_string_n|base|zext|int|64|-1||0|0|30
1518,operand,zext,int,8,0,__ockl_fprintf_append_string_n,,0,0,26,__ockl_fprintf_append_string_n|operand|zext|int|8|0||0|0|26
1519,base,shl,int,64,-1,__ockl_fprintf_append_string_n,,0,0,23,__ockl_fprintf_append_string_n|base|shl|int|64|-1||0|0|23
1520,operand,shl,int,64,0,__ockl_fprintf_append_string_n,,0,0,23,__ockl_fprintf_append_string_n|operand|shl|int|64|0||0|0|23
1521,operand,shl,int,64,1,__ockl_fprintf_append_string_n,,0,0,23,__ockl_fprintf_append_string_n|operand|shl|int|64|1||0|0|23
1522,base,or,int,64,-1,__ockl_fprintf_append_string_n,,0,0,26,__ockl_fprintf_append_string_n|base|or|int|64|-1||0|0|26
1523,operand,or,int,64,0,__ockl_fprintf_append_string_n,,0,0,26,__ockl_fprintf_append_string_n|operand|or|int|64|0||0|0|26
1524,operand,or,int,64,1,__ockl_fprintf_append_string_n,,0,0,26,__ockl_fprintf_append_string_n|operand|or|int|64|1||0|0|26
1525,base,add,int,32,-1,__ockl_fprintf_append_string_n,,0,0,5,__ockl_fprintf_append_string_n|base|add|int|32|-1||0|0|5
1526,operand,add,int,32,0,__ockl_fprintf_append_string_n,,0,0,5,__ockl_fprintf_append_string_n|operand|add|int|32|0||0|0|5
1527,operand,add,int,32,1,__ockl_fprintf_append_string_n,,0,0,5,__ockl_fprintf_append_string_n|operand|add|int|32|1||0|0|5
1528,pointer,getelementptr,ptr,64,-1,__ockl_fprintf_append_string_n,,0,0,26,__ockl_fprintf_append_string_n|pointer|getelementptr|ptr|64|-1||0|0|26
1529,pointer,getelementptr,ptr,64,0,__ockl_fprintf_append_string_n,,0,0,26,__ockl_fprintf_append_string_n|pointer|getelementptr|ptr|64|0||0|0|26
1530,operand,getelementptr,int,64,1,__ockl_fprintf_append_string_n,,0,0,26,__ockl_fprintf_append_string_n|operand|getelementptr|int|64|1||0|0|26
1531,base,phi,int,32,-1,__ockl_fprintf_append_string_n,,0,0,5,__ockl_fprintf_append_string_n|base|phi|int|32|-1||0|0|5
1532,operand,phi,int,32,0,__ockl_fprintf_append_string_n,,0,0,5,__ockl_fprintf_append_string_n|operand|phi|int|32|0||0|0|5
1533,operand,phi,int,32,1,__ockl_fprintf_append_string_n,,0,0,5,__ockl_fprintf_append_string_n|operand|phi|int|32|1||0|0|5
1534,base,phi,int,64,-1,__ockl_fprintf_append_string_n,,0,0,6,__ockl_fprintf_append_string_n|base|phi|int|64|-1||0|0|6
1535,operand,phi,int,64,0,__ockl_fprintf_append_string_n,,0,0,6,__ockl_fprintf_append_string_n|operand|phi|int|64|0||0|0|6
1536,operand,phi,int,64,1,__ockl_fprintf_append_string_n,,0,0,6,__ockl_fprintf_append_string_n|operand|phi|int|64|1||0|0|6
1537,base,zext,int,64,-1,__ockl_fprintf_append_string_n,,0,0,31,__ockl_fprintf_append_string_n|base|zext|int|64|-1||0|0|31
1538,operand,zext,int,32,0,__ockl_fprintf_append_string_n,,0,0,5,__ockl_fprintf_append_string_n|operand|zext|int|32|0||0|0|5
1539,pointer,getelementptr,ptr,64,-1,__ockl_fprintf_append_string_n,,0,0,27,__ockl_fprintf_append_string_n|pointer|getelementptr|ptr|64|-1||0|0|27
1540,pointer,getelementptr,ptr,64,0,__ockl_fprintf_append_string_n,,0,0,27,__ockl_fprintf_append_string_n|pointer|getelementptr|ptr|64|0||0|0|27
1541,operand,getelementptr,int,64,1,__ockl_fprintf_append_string_n,,0,0,27,__ockl_fprintf_append_string_n|operand|getelementptr|int|64|1||0|0|27
1542,base,load,int,8,-1,__ockl_fprintf_append_string_n,,0,0,27,__ockl_fprintf_append_string_n|base|load|int|8|-1||0|0|27
1543,pointer,load,ptr,64,0,__ockl_fprintf_append_string_n,,0,0,27,__ockl_fprintf_append_string_n|pointer|load|ptr|64|0||0|0|27
1544,base,zext,int,64,-1,__ockl_fprintf_append_string_n,,0,0,32,__ockl_fprintf_append_string_n|base|zext|int|64|-1||0|0|32
1545,operand,zext,int,8,0,__ockl_fprintf_append_string_n,,0,0,27,__ockl_fprintf_append_string_n|operand|zext|int|8|0||0|0|27
1546,base,shl,int,32,-1,__ockl_fprintf_append_string_n,,0,0,3,__ockl_fprintf_append_string_n|base|shl|int|32|-1||0|0|3
1547,operand,shl,int,32,0,__ockl_fprintf_append_string_n,,0,0,3,__ockl_fprintf_append_string_n|operand|shl|int|32|0||0|0|3
1548,operand,shl,int,32,1,__ockl_fprintf_append_string_n,,0,0,3,__ockl_fprintf_append_string_n|operand|shl|int|32|1||0|0|3
1549,base,zext,int,64,-1,__ockl_fprintf_append_string_n,,0,0,33,__ockl_fprintf_append_string_n|base|zext|int|64|-1||0|0|33
1550,operand,zext,int,32,0,__ockl_fprintf_append_string_n,,0,0,6,__ockl_fprintf_append_string_n|operand|zext|int|32|0||0|0|6
1551,base,shl,int,64,-1,__ockl_fprintf_append_string_n,,0,0,24,__ockl_fprintf_append_string_n|base|shl|int|64|-1||0|0|24
1552,operand,shl,int,64,0,__ockl_fprintf_append_string_n,,0,0,24,__ockl_fprintf_append_string_n|operand|shl|int|64|0||0|0|24
1553,operand,shl,int,64,1,__ockl_fprintf_append_string_n,,0,0,24,__ockl_fprintf_append_string_n|operand|shl|int|64|1||0|0|24
1554,base,or,int,64,-1,__ockl_fprintf_append_string_n,,0,0,27,__ockl_fprintf_append_string_n|base|or|int|64|-1||0|0|27
1555,operand,or,int,64,0,__ockl_fprintf_append_string_n,,0,0,27,__ockl_fprintf_append_string_n|operand|or|int|64|0||0|0|27
1556,operand,or,int,64,1,__ockl_fprintf_append_string_n,,0,0,27,__ockl_fprintf_append_string_n|operand|or|int|64|1||0|0|27
1557,base,add,int,32,-1,__ockl_fprintf_append_string_n,,0,0,6,__ockl_fprintf_append_string_n|base|add|int|32|-1||0|0|6
1558,operand,add,int,32,0,__ockl_fprintf_append_string_n,,0,0,6,__ockl_fprintf_append_string_n|operand|add|int|32|0||0|0|6
1559,operand,add,int,32,1,__ockl_fprintf_append_string_n,,0,0,6,__ockl_fprintf_append_string_n|operand|add|int|32|1||0|0|6
1560,base,icmp,int,1,-1,__ockl_fprintf_append_string_n,,0,0,12,__ockl_fprintf_append_string_n|base|icmp|int|1|-1||0|0|12
1561,operand,icmp,int,32,0,__ockl_fprintf_append_string_n,,0,0,8,__ockl_fprintf_append_string_n|operand|icmp|int|32|0||0|0|8
1562,operand,icmp,int,32,1,__ockl_fprintf_append_string_n,,0,0,8,__ockl_fprintf_append_string_n|operand|icmp|int|32|1||0|0|8
1563,operand,br,int,1,0,__ockl_fprintf_append_string_n,,0,0,10,__ockl_fprintf_append_string_n|operand|br|int|1|0||0|0|10
1564,pointer,phi,ptr,64,-1,__ockl_fprintf_append_string_n,,0,0,4,__ockl_fprintf_append_string_n|pointer|phi|ptr|64|-1||0|0|4
1565,pointer,phi,ptr,64,0,__ockl_fprintf_append_string_n,,0,0,4,__ockl_fprintf_append_string_n|pointer|phi|ptr|64|0||0|0|4
1566,pointer,phi,ptr,64,1,__ockl_fprintf_append_string_n,,0,0,4,__ockl_fprintf_append_string_n|pointer|phi|ptr|64|1||0|0|4
1567,pointer,phi,ptr,64,2,__ockl_fprintf_append_string_n,,0,0,3,__ockl_fprintf_append_string_n|pointer|phi|ptr|64|2||0|0|3
1568,base,phi,int,32,-1,__ockl_fprintf_append_string_n,,0,0,6,__ockl_fprintf_append_string_n|base|phi|int|32|-1||0|0|6
1569,operand,phi,int,32,0,__ockl_fprintf_append_string_n,,0,0,6,__ockl_fprintf_append_string_n|operand|phi|int|32|0||0|0|6
1570,operand,phi,int,32,1,__ockl_fprintf_append_string_n,,0,0,6,__ockl_fprintf_append_string_n|operand|phi|int|32|1||0|0|6
1571,operand,phi,int,32,2,__ockl_fprintf_append_string_n,,0,0,3,__ockl_fprintf_append_string_n|operand|phi|int|32|2||0|0|3
1572,base,phi,int,64,-1,__ockl_fprintf_append_string_n,,0,0,7,__ockl_fprintf_append_string_n|base|phi|int|64|-1||0|0|7
1573,operand,phi,int,64,0,__ockl_fprintf_append_string_n,,0,0,7,__ockl_fprintf_append_string_n|operand|phi|int|64|0||0|0|7
1574,operand,phi,int,64,1,__ockl_fprintf_append_string_n,,0,0,7,__ockl_fprintf_append_string_n|operand|phi|int|64|1||0|0|7
1575,operand,phi,int,64,2,__ockl_fprintf_append_string_n,,0,0,3,__ockl_fprintf_append_string_n|operand|phi|int|64|2||0|0|3
1576,base,icmp,int,1,-1,__ockl_fprintf_append_string_n,,0,0,13,__ockl_fprintf_append_string_n|base|icmp|int|1|-1||0|0|13
1577,operand,icmp,int,32,0,__ockl_fprintf_append_string_n,,0,0,9,__ockl_fprintf_append_string_n|operand|icmp|int|32|0||0|0|9
1578,operand,icmp,int,32,1,__ockl_fprintf_append_string_n,,0,0,9,__ockl_fprintf_append_string_n|operand|icmp|int|32|1||0|0|9
1579,operand,br,int,1,0,__ockl_fprintf_append_string_n,,0,0,11,__ockl_fprintf_append_string_n|operand|br|int|1|0||0|0|11
1580,base,icmp,int,1,-1,__ockl_fprintf_append_string_n,,0,0,14,__ockl_fprintf_append_string_n|base|icmp|int|1|-1||0|0|14
1581,operand,icmp,int,32,0,__ockl_fprintf_append_string_n,,0,0,10,__ockl_fprintf_append_string_n|operand|icmp|int|32|0||0|0|10
1582,operand,icmp,int,32,1,__ockl_fprintf_append_string_n,,0,0,10,__ockl_fprintf_append_string_n|operand|icmp|int|32|1||0|0|10
1583,operand,br,int,1,0,__ockl_fprintf_append_string_n,,0,0,12,__ockl_fprintf_append_string_n|operand|br|int|1|0||0|0|12
1584,base,load,int,8,-1,__ockl_fprintf_append_string_n,,0,0,28,__ockl_fprintf_append_string_n|base|load|int|8|-1||0|0|28
1585,pointer,load,ptr,64,0,__ockl_fprintf_append_string_n,,0,0,28,__ockl_fprintf_append_string_n|pointer|load|ptr|64|0||0|0|28
1586,base,zext,int,64,-1,__ockl_fprintf_append_string_n,,0,0,34,__ockl_fprintf_append_string_n|base|zext|int|64|-1||0|0|34
1587,operand,zext,int,8,0,__ockl_fprintf_append_string_n,,0,0,28,__ockl_fprintf_append_string_n|operand|zext|int|8|0||0|0|28
1588,pointer,getelementptr,ptr,64,-1,__ockl_fprintf_append_string_n,,0,0,28,__ockl_fprintf_append_string_n|pointer|getelementptr|ptr|64|-1||0|0|28
1589,pointer,getelementptr,ptr,64,0,__ockl_fprintf_append_string_n,,0,0,28,__ockl_fprintf_append_string_n|pointer|getelementptr|ptr|64|0||0|0|28
1590,operand,getelementptr,int,64,1,__ockl_fprintf_append_string_n,,0,0,28,__ockl_fprintf_append_string_n|operand|getelementptr|int|64|1||0|0|28
1591,base,load,int,8,-1,__ockl_fprintf_append_string_n,,0,0,29,__ockl_fprintf_append_string_n|base|load|int|8|-1||0|0|29
1592,pointer,load,ptr,64,0,__ockl_fprintf_append_string_n,,0,0,29,__ockl_fprintf_append_string_n|pointer|load|ptr|64|0||0|0|29
1593,base,zext,int,64,-1,__ockl_fprintf_append_string_n,,0,0,35,__ockl_fprintf_append_string_n|base|zext|int|64|-1||0|0|35
1594,operand,zext,int,8,0,__ockl_fprintf_append_string_n,,0,0,29,__ockl_fprintf_append_string_n|operand|zext|int|8|0||0|0|29
1595,base,shl,int,64,-1,__ockl_fprintf_append_string_n,,0,0,25,__ockl_fprintf_append_string_n|base|shl|int|64|-1||0|0|25
1596,operand,shl,int,64,0,__ockl_fprintf_append_string_n,,0,0,25,__ockl_fprintf_append_string_n|operand|shl|int|64|0||0|0|25
1597,operand,shl,int,64,1,__ockl_fprintf_append_string_n,,0,0,25,__ockl_fprintf_append_string_n|operand|shl|int|64|1||0|0|25
1598,base,or,int,64,-1,__ockl_fprintf_append_string_n,,0,0,28,__ockl_fprintf_append_string_n|base|or|int|64|-1||0|0|28
1599,operand,or,int,64,0,__ockl_fprintf_append_string_n,,0,0,28,__ockl_fprintf_append_string_n|operand|or|int|64|0||0|0|28
1600,operand,or,int,64,1,__ockl_fprintf_append_string_n,,0,0,28,__ockl_fprintf_append_string_n|operand|or|int|64|1||0|0|28
1601,pointer,getelementptr,ptr,64,-1,__ockl_fprintf_append_string_n,,0,0,29,__ockl_fprintf_append_string_n|pointer|getelementptr|ptr|64|-1||0|0|29
1602,pointer,getelementptr,ptr,64,0,__ockl_fprintf_append_string_n,,0,0,29,__ockl_fprintf_append_string_n|pointer|getelementptr|ptr|64|0||0|0|29
1603,operand,getelementptr,int,64,1,__ockl_fprintf_append_string_n,,0,0,29,__ockl_fprintf_append_string_n|operand|getelementptr|int|64|1||0|0|29
1604,base,load,int,8,-1,__ockl_fprintf_append_string_n,,0,0,30,__ockl_fprintf_append_string_n|base|load|int|8|-1||0|0|30
1605,pointer,load,ptr,64,0,__ockl_fprintf_append_string_n,,0,0,30,__ockl_fprintf_append_string_n|pointer|load|ptr|64|0||0|0|30
1606,base,zext,int,64,-1,__ockl_fprintf_append_string_n,,0,0,36,__ockl_fprintf_append_string_n|base|zext|int|64|-1||0|0|36
1607,operand,zext,int,8,0,__ockl_fprintf_append_string_n,,0,0,30,__ockl_fprintf_append_string_n|operand|zext|int|8|0||0|0|30
1608,base,shl,int,64,-1,__ockl_fprintf_append_string_n,,0,0,26,__ockl_fprintf_append_string_n|base|shl|int|64|-1||0|0|26
1609,operand,shl,int,64,0,__ockl_fprintf_append_string_n,,0,0,26,__ockl_fprintf_append_string_n|operand|shl|int|64|0||0|0|26
1610,operand,shl,int,64,1,__ockl_fprintf_append_string_n,,0,0,26,__ockl_fprintf_append_string_n|operand|shl|int|64|1||0|0|26
1611,base,or,int,64,-1,__ockl_fprintf_append_string_n,,0,0,29,__ockl_fprintf_append_string_n|base|or|int|64|-1||0|0|29
1612,operand,or,int,64,0,__ockl_fprintf_append_string_n,,0,0,29,__ockl_fprintf_append_string_n|operand|or|int|64|0||0|0|29
1613,operand,or,int,64,1,__ockl_fprintf_append_string_n,,0,0,29,__ockl_fprintf_append_string_n|operand|or|int|64|1||0|0|29
1614,pointer,getelementptr,ptr,64,-1,__ockl_fprintf_append_string_n,,0,0,30,__ockl_fprintf_append_string_n|pointer|getelementptr|ptr|64|-1||0|0|30
1615,pointer,getelementptr,ptr,64,0,__ockl_fprintf_append_string_n,,0,0,30,__ockl_fprintf_append_string_n|pointer|getelementptr|ptr|64|0||0|0|30
1616,operand,getelementptr,int,64,1,__ockl_fprintf_append_string_n,,0,0,30,__ockl_fprintf_append_string_n|operand|getelementptr|int|64|1||0|0|30
1617,base,load,int,8,-1,__ockl_fprintf_append_string_n,,0,0,31,__ockl_fprintf_append_string_n|base|load|int|8|-1||0|0|31
1618,pointer,load,ptr,64,0,__ockl_fprintf_append_string_n,,0,0,31,__ockl_fprintf_append_string_n|pointer|load|ptr|64|0||0|0|31
1619,base,zext,int,64,-1,__ockl_fprintf_append_string_n,,0,0,37,__ockl_fprintf_append_string_n|base|zext|int|64|-1||0|0|37
1620,operand,zext,int,8,0,__ockl_fprintf_append_string_n,,0,0,31,__ockl_fprintf_append_string_n|operand|zext|int|8|0||0|0|31
1621,base,shl,int,64,-1,__ockl_fprintf_append_string_n,,0,0,27,__ockl_fprintf_append_string_n|base|shl|int|64|-1||0|0|27
1622,operand,shl,int,64,0,__ockl_fprintf_append_string_n,,0,0,27,__ockl_fprintf_append_string_n|operand|shl|int|64|0||0|0|27
1623,operand,shl,int,64,1,__ockl_fprintf_append_string_n,,0,0,27,__ockl_fprintf_append_string_n|operand|shl|int|64|1||0|0|27
1624,base,or,int,64,-1,__ockl_fprintf_append_string_n,,0,0,30,__ockl_fprintf_append_string_n|base|or|int|64|-1||0|0|30
1625,operand,or,int,64,0,__ockl_fprintf_append_string_n,,0,0,30,__ockl_fprintf_append_string_n|operand|or|int|64|0||0|0|30
1626,operand,or,int,64,1,__ockl_fprintf_append_string_n,,0,0,30,__ockl_fprintf_append_string_n|operand|or|int|64|1||0|0|30
1627,pointer,getelementptr,ptr,64,-1,__ockl_fprintf_append_string_n,,0,0,31,__ockl_fprintf_append_string_n|pointer|getelementptr|ptr|64|-1||0|0|31
1628,pointer,getelementptr,ptr,64,0,__ockl_fprintf_append_string_n,,0,0,31,__ockl_fprintf_append_string_n|pointer|getelementptr|ptr|64|0||0|0|31
1629,operand,getelementptr,int,64,1,__ockl_fprintf_append_string_n,,0,0,31,__ockl_fprintf_append_string_n|operand|getelementptr|int|64|1||0|0|31
1630,base,load,int,8,-1,__ockl_fprintf_append_string_n,,0,0,32,__ockl_fprintf_append_string_n|base|load|int|8|-1||0|0|32
1631,pointer,load,ptr,64,0,__ockl_fprintf_append_string_n,,0,0,32,__ockl_fprintf_append_string_n|pointer|load|ptr|64|0||0|0|32
1632,base,zext,int,64,-1,__ockl_fprintf_append_string_n,,0,0,38,__ockl_fprintf_append_string_n|base|zext|int|64|-1||0|0|38
1633,operand,zext,int,8,0,__ockl_fprintf_append_string_n,,0,0,32,__ockl_fprintf_append_string_n|operand|zext|int|8|0||0|0|32
1634,base,shl,int,64,-1,__ockl_fprintf_append_string_n,,0,0,28,__ockl_fprintf_append_string_n|base|shl|int|64|-1||0|0|28
1635,operand,shl,int,64,0,__ockl_fprintf_append_string_n,,0,0,28,__ockl_fprintf_append_string_n|operand|shl|int|64|0||0|0|28
1636,operand,shl,int,64,1,__ockl_fprintf_append_string_n,,0,0,28,__ockl_fprintf_append_string_n|operand|shl|int|64|1||0|0|28
1637,base,or,int,64,-1,__ockl_fprintf_append_string_n,,0,0,31,__ockl_fprintf_append_string_n|base|or|int|64|-1||0|0|31
1638,operand,or,int,64,0,__ockl_fprintf_append_string_n,,0,0,31,__ockl_fprintf_append_string_n|operand|or|int|64|0||0|0|31
1639,operand,or,int,64,1,__ockl_fprintf_append_string_n,,0,0,31,__ockl_fprintf_append_string_n|operand|or|int|64|1||0|0|31
1640,pointer,getelementptr,ptr,64,-1,__ockl_fprintf_append_string_n,,0,0,32,__ockl_fprintf_append_string_n|pointer|getelementptr|ptr|64|-1||0|0|32
1641,pointer,getelementptr,ptr,64,0,__ockl_fprintf_append_string_n,,0,0,32,__ockl_fprintf_append_string_n|pointer|getelementptr|ptr|64|0||0|0|32
1642,operand,getelementptr,int,64,1,__ockl_fprintf_append_string_n,,0,0,32,__ockl_fprintf_append_string_n|operand|getelementptr|int|64|1||0|0|32
1643,base,load,int,8,-1,__ockl_fprintf_append_string_n,,0,0,33,__ockl_fprintf_append_string_n|base|load|int|8|-1||0|0|33
1644,pointer,load,ptr,64,0,__ockl_fprintf_append_string_n,,0,0,33,__ockl_fprintf_append_string_n|pointer|load|ptr|64|0||0|0|33
1645,base,zext,int,64,-1,__ockl_fprintf_append_string_n,,0,0,39,__ockl_fprintf_append_string_n|base|zext|int|64|-1||0|0|39
1646,operand,zext,int,8,0,__ockl_fprintf_append_string_n,,0,0,33,__ockl_fprintf_append_string_n|operand|zext|int|8|0||0|0|33
1647,base,shl,int,64,-1,__ockl_fprintf_append_string_n,,0,0,29,__ockl_fprintf_append_string_n|base|shl|int|64|-1||0|0|29
1648,operand,shl,int,64,0,__ockl_fprintf_append_string_n,,0,0,29,__ockl_fprintf_append_string_n|operand|shl|int|64|0||0|0|29
1649,operand,shl,int,64,1,__ockl_fprintf_append_string_n,,0,0,29,__ockl_fprintf_append_string_n|operand|shl|int|64|1||0|0|29
1650,base,or,int,64,-1,__ockl_fprintf_append_string_n,,0,0,32,__ockl_fprintf_append_string_n|base|or|int|64|-1||0|0|32
1651,operand,or,int,64,0,__ockl_fprintf_append_string_n,,0,0,32,__ockl_fprintf_append_string_n|operand|or|int|64|0||0|0|32
1652,operand,or,int,64,1,__ockl_fprintf_append_string_n,,0,0,32,__ockl_fprintf_append_string_n|operand|or|int|64|1||0|0|32
1653,pointer,getelementptr,ptr,64,-1,__ockl_fprintf_append_string_n,,0,0,33,__ockl_fprintf_append_string_n|pointer|getelementptr|ptr|64|-1||0|0|33
1654,pointer,getelementptr,ptr,64,0,__ockl_fprintf_append_string_n,,0,0,33,__ockl_fprintf_append_string_n|pointer|getelementptr|ptr|64|0||0|0|33
1655,operand,getelementptr,int,64,1,__ockl_fprintf_append_string_n,,0,0,33,__ockl_fprintf_append_string_n|operand|getelementptr|int|64|1||0|0|33
1656,base,load,int,8,-1,__ockl_fprintf_append_string_n,,0,0,34,__ockl_fprintf_append_string_n|base|load|int|8|-1||0|0|34
1657,pointer,load,ptr,64,0,__ockl_fprintf_append_string_n,,0,0,34,__ockl_fprintf_append_string_n|pointer|load|ptr|64|0||0|0|34
1658,base,zext,int,64,-1,__ockl_fprintf_append_string_n,,0,0,40,__ockl_fprintf_append_string_n|base|zext|int|64|-1||0|0|40
1659,operand,zext,int,8,0,__ockl_fprintf_append_string_n,,0,0,34,__ockl_fprintf_append_string_n|operand|zext|int|8|0||0|0|34
1660,base,shl,int,64,-1,__ockl_fprintf_append_string_n,,0,0,30,__ockl_fprintf_append_string_n|base|shl|int|64|-1||0|0|30
1661,operand,shl,int,64,0,__ockl_fprintf_append_string_n,,0,0,30,__ockl_fprintf_append_string_n|operand|shl|int|64|0||0|0|30
1662,operand,shl,int,64,1,__ockl_fprintf_append_string_n,,0,0,30,__ockl_fprintf_append_string_n|operand|shl|int|64|1||0|0|30
1663,base,or,int,64,-1,__ockl_fprintf_append_string_n,,0,0,33,__ockl_fprintf_append_string_n|base|or|int|64|-1||0|0|33
1664,operand,or,int,64,0,__ockl_fprintf_append_string_n,,0,0,33,__ockl_fprintf_append_string_n|operand|or|int|64|0||0|0|33
1665,operand,or,int,64,1,__ockl_fprintf_append_string_n,,0,0,33,__ockl_fprintf_append_string_n|operand|or|int|64|1||0|0|33
1666,pointer,getelementptr,ptr,64,-1,__ockl_fprintf_append_string_n,,0,0,34,__ockl_fprintf_append_string_n|pointer|getelementptr|ptr|64|-1||0|0|34
1667,pointer,getelementptr,ptr,64,0,__ockl_fprintf_append_string_n,,0,0,34,__ockl_fprintf_append_string_n|pointer|getelementptr|ptr|64|0||0|0|34
1668,operand,getelementptr,int,64,1,__ockl_fprintf_append_string_n,,0,0,34,__ockl_fprintf_append_string_n|operand|getelementptr|int|64|1||0|0|34
1669,base,load,int,8,-1,__ockl_fprintf_append_string_n,,0,0,35,__ockl_fprintf_append_string_n|base|load|int|8|-1||0|0|35
1670,pointer,load,ptr,64,0,__ockl_fprintf_append_string_n,,0,0,35,__ockl_fprintf_append_string_n|pointer|load|ptr|64|0||0|0|35
1671,base,zext,int,64,-1,__ockl_fprintf_append_string_n,,0,0,41,__ockl_fprintf_append_string_n|base|zext|int|64|-1||0|0|41
1672,operand,zext,int,8,0,__ockl_fprintf_append_string_n,,0,0,35,__ockl_fprintf_append_string_n|operand|zext|int|8|0||0|0|35
1673,base,shl,int,64,-1,__ockl_fprintf_append_string_n,,0,0,31,__ockl_fprintf_append_string_n|base|shl|int|64|-1||0|0|31
1674,operand,shl,int,64,0,__ockl_fprintf_append_string_n,,0,0,31,__ockl_fprintf_append_string_n|operand|shl|int|64|0||0|0|31
1675,operand,shl,int,64,1,__ockl_fprintf_append_string_n,,0,0,31,__ockl_fprintf_append_string_n|operand|shl|int|64|1||0|0|31
1676,base,or,int,64,-1,__ockl_fprintf_append_string_n,,0,0,34,__ockl_fprintf_append_string_n|base|or|int|64|-1||0|0|34
1677,operand,or,int,64,0,__ockl_fprintf_append_string_n,,0,0,34,__ockl_fprintf_append_string_n|operand|or|int|64|0||0|0|34
1678,operand,or,int,64,1,__ockl_fprintf_append_string_n,,0,0,34,__ockl_fprintf_append_string_n|operand|or|int|64|1||0|0|34
1679,base,add,int,32,-1,__ockl_fprintf_append_string_n,,0,0,7,__ockl_fprintf_append_string_n|base|add|int|32|-1||0|0|7
1680,operand,add,int,32,0,__ockl_fprintf_append_string_n,,0,0,7,__ockl_fprintf_append_string_n|operand|add|int|32|0||0|0|7
1681,operand,add,int,32,1,__ockl_fprintf_append_string_n,,0,0,7,__ockl_fprintf_append_string_n|operand|add|int|32|1||0|0|7
1682,pointer,getelementptr,ptr,64,-1,__ockl_fprintf_append_string_n,,0,0,35,__ockl_fprintf_append_string_n|pointer|getelementptr|ptr|64|-1||0|0|35
1683,pointer,getelementptr,ptr,64,0,__ockl_fprintf_append_string_n,,0,0,35,__ockl_fprintf_append_string_n|pointer|getelementptr|ptr|64|0||0|0|35
1684,operand,getelementptr,int,64,1,__ockl_fprintf_append_string_n,,0,0,35,__ockl_fprintf_append_string_n|operand|getelementptr|int|64|1||0|0|35
1685,base,phi,int,32,-1,__ockl_fprintf_append_string_n,,0,0,7,__ockl_fprintf_append_string_n|base|phi|int|32|-1||0|0|7
1686,operand,phi,int,32,0,__ockl_fprintf_append_string_n,,0,0,7,__ockl_fprintf_append_string_n|operand|phi|int|32|0||0|0|7
1687,operand,phi,int,32,1,__ockl_fprintf_append_string_n,,0,0,7,__ockl_fprintf_append_string_n|operand|phi|int|32|1||0|0|7
1688,base,phi,int,64,-1,__ockl_fprintf_append_string_n,,0,0,8,__ockl_fprintf_append_string_n|base|phi|int|64|-1||0|0|8
1689,operand,phi,int,64,0,__ockl_fprintf_append_string_n,,0,0,8,__ockl_fprintf_append_string_n|operand|phi|int|64|0||0|0|8
1690,operand,phi,int,64,1,__ockl_fprintf_append_string_n,,0,0,8,__ockl_fprintf_append_string_n|operand|phi|int|64|1||0|0|8
1691,base,zext,int,64,-1,__ockl_fprintf_append_string_n,,0,0,42,__ockl_fprintf_append_string_n|base|zext|int|64|-1||0|0|42
1692,operand,zext,int,32,0,__ockl_fprintf_append_string_n,,0,0,7,__ockl_fprintf_append_string_n|operand|zext|int|32|0||0|0|7
1693,pointer,getelementptr,ptr,64,-1,__ockl_fprintf_append_string_n,,0,0,36,__ockl_fprintf_append_string_n|pointer|getelementptr|ptr|64|-1||0|0|36
1694,pointer,getelementptr,ptr,64,0,__ockl_fprintf_append_string_n,,0,0,36,__ockl_fprintf_append_string_n|pointer|getelementptr|ptr|64|0||0|0|36
1695,operand,getelementptr,int,64,1,__ockl_fprintf_append_string_n,,0,0,36,__ockl_fprintf_append_string_n|operand|getelementptr|int|64|1||0|0|36
1696,base,load,int,8,-1,__ockl_fprintf_append_string_n,,0,0,36,__ockl_fprintf_append_string_n|base|load|int|8|-1||0|0|36
1697,pointer,load,ptr,64,0,__ockl_fprintf_append_string_n,,0,0,36,__ockl_fprintf_append_string_n|pointer|load|ptr|64|0||0|0|36
1698,base,zext,int,64,-1,__ockl_fprintf_append_string_n,,0,0,43,__ockl_fprintf_append_string_n|base|zext|int|64|-1||0|0|43
1699,operand,zext,int,8,0,__ockl_fprintf_append_string_n,,0,0,36,__ockl_fprintf_append_string_n|operand|zext|int|8|0||0|0|36
1700,base,shl,int,32,-1,__ockl_fprintf_append_string_n,,0,0,4,__ockl_fprintf_append_string_n|base|shl|int|32|-1||0|0|4
1701,operand,shl,int,32,0,__ockl_fprintf_append_string_n,,0,0,4,__ockl_fprintf_append_string_n|operand|shl|int|32|0||0|0|4
1702,operand,shl,int,32,1,__ockl_fprintf_append_string_n,,0,0,4,__ockl_fprintf_append_string_n|operand|shl|int|32|1||0|0|4
1703,base,zext,int,64,-1,__ockl_fprintf_append_string_n,,0,0,44,__ockl_fprintf_append_string_n|base|zext|int|64|-1||0|0|44
1704,operand,zext,int,32,0,__ockl_fprintf_append_string_n,,0,0,8,__ockl_fprintf_append_string_n|operand|zext|int|32|0||0|0|8
1705,base,shl,int,64,-1,__ockl_fprintf_append_string_n,,0,0,32,__ockl_fprintf_append_string_n|base|shl|int|64|-1||0|0|32
1706,operand,shl,int,64,0,__ockl_fprintf_append_string_n,,0,0,32,__ockl_fprintf_append_string_n|operand|shl|int|64|0||0|0|32
1707,operand,shl,int,64,1,__ockl_fprintf_append_string_n,,0,0,32,__ockl_fprintf_append_string_n|operand|shl|int|64|1||0|0|32
1708,base,or,int,64,-1,__ockl_fprintf_append_string_n,,0,0,35,__ockl_fprintf_append_string_n|base|or|int|64|-1||0|0|35
1709,operand,or,int,64,0,__ockl_fprintf_append_string_n,,0,0,35,__ockl_fprintf_append_string_n|operand|or|int|64|0||0|0|35
1710,operand,or,int,64,1,__ockl_fprintf_append_string_n,,0,0,35,__ockl_fprintf_append_string_n|operand|or|int|64|1||0|0|35
1711,base,add,int,32,-1,__ockl_fprintf_append_string_n,,0,0,8,__ockl_fprintf_append_string_n|base|add|int|32|-1||0|0|8
1712,operand,add,int,32,0,__ockl_fprintf_append_string_n,,0,0,8,__ockl_fprintf_append_string_n|operand|add|int|32|0||0|0|8
1713,operand,add,int,32,1,__ockl_fprintf_append_string_n,,0,0,8,__ockl_fprintf_append_string_n|operand|add|int|32|1||0|0|8
1714,base,icmp,int,1,-1,__ockl_fprintf_append_string_n,,0,0,15,__ockl_fprintf_append_string_n|base|icmp|int|1|-1||0|0|15
1715,operand,icmp,int,32,0,__ockl_fprintf_append_string_n,,0,0,11,__ockl_fprintf_append_string_n|operand|icmp|int|32|0||0|0|11
1716,operand,icmp,int,32,1,__ockl_fprintf_append_string_n,,0,0,11,__ockl_fprintf_append_string_n|operand|icmp|int|32|1||0|0|11
1717,operand,br,int,1,0,__ockl_fprintf_append_string_n,,0,0,13,__ockl_fprintf_append_string_n|operand|br|int|1|0||0|0|13
1718,pointer,phi,ptr,64,-1,__ockl_fprintf_append_string_n,,0,0,5,__ockl_fprintf_append_string_n|pointer|phi|ptr|64|-1||0|0|5
1719,pointer,phi,ptr,64,0,__ockl_fprintf_append_string_n,,0,0,5,__ockl_fprintf_append_string_n|pointer|phi|ptr|64|0||0|0|5
1720,pointer,phi,ptr,64,1,__ockl_fprintf_append_string_n,,0,0,5,__ockl_fprintf_append_string_n|pointer|phi|ptr|64|1||0|0|5
1721,pointer,phi,ptr,64,2,__ockl_fprintf_append_string_n,,0,0,4,__ockl_fprintf_append_string_n|pointer|phi|ptr|64|2||0|0|4
1722,base,phi,int,32,-1,__ockl_fprintf_append_string_n,,0,0,8,__ockl_fprintf_append_string_n|base|phi|int|32|-1||0|0|8
1723,operand,phi,int,32,0,__ockl_fprintf_append_string_n,,0,0,8,__ockl_fprintf_append_string_n|operand|phi|int|32|0||0|0|8
1724,operand,phi,int,32,1,__ockl_fprintf_append_string_n,,0,0,8,__ockl_fprintf_append_string_n|operand|phi|int|32|1||0|0|8
1725,operand,phi,int,32,2,__ockl_fprintf_append_string_n,,0,0,4,__ockl_fprintf_append_string_n|operand|phi|int|32|2||0|0|4
1726,base,phi,int,64,-1,__ockl_fprintf_append_string_n,,0,0,9,__ockl_fprintf_append_string_n|base|phi|int|64|-1||0|0|9
1727,operand,phi,int,64,0,__ockl_fprintf_append_string_n,,0,0,9,__ockl_fprintf_append_string_n|operand|phi|int|64|0||0|0|9
1728,operand,phi,int,64,1,__ockl_fprintf_append_string_n,,0,0,9,__ockl_fprintf_append_string_n|operand|phi|int|64|1||0|0|9
1729,operand,phi,int,64,2,__ockl_fprintf_append_string_n,,0,0,4,__ockl_fprintf_append_string_n|operand|phi|int|64|2||0|0|4
1730,base,icmp,int,1,-1,__ockl_fprintf_append_string_n,,0,0,16,__ockl_fprintf_append_string_n|base|icmp|int|1|-1||0|0|16
1731,operand,icmp,int,32,0,__ockl_fprintf_append_string_n,,0,0,12,__ockl_fprintf_append_string_n|operand|icmp|int|32|0||0|0|12
1732,operand,icmp,int,32,1,__ockl_fprintf_append_string_n,,0,0,12,__ockl_fprintf_append_string_n|operand|icmp|int|32|1||0|0|12
1733,operand,br,int,1,0,__ockl_fprintf_append_string_n,,0,0,14,__ockl_fprintf_append_string_n|operand|br|int|1|0||0|0|14
1734,base,icmp,int,1,-1,__ockl_fprintf_append_string_n,,0,0,17,__ockl_fprintf_append_string_n|base|icmp|int|1|-1||0|0|17
1735,operand,icmp,int,32,0,__ockl_fprintf_append_string_n,,0,0,13,__ockl_fprintf_append_string_n|operand|icmp|int|32|0||0|0|13
1736,operand,icmp,int,32,1,__ockl_fprintf_append_string_n,,0,0,13,__ockl_fprintf_append_string_n|operand|icmp|int|32|1||0|0|13
1737,operand,br,int,1,0,__ockl_fprintf_append_string_n,,0,0,15,__ockl_fprintf_append_string_n|operand|br|int|1|0||0|0|15
1738,base,load,int,8,-1,__ockl_fprintf_append_string_n,,0,0,37,__ockl_fprintf_append_string_n|base|load|int|8|-1||0|0|37
1739,pointer,load,ptr,64,0,__ockl_fprintf_append_string_n,,0,0,37,__ockl_fprintf_append_string_n|pointer|load|ptr|64|0||0|0|37
1740,base,zext,int,64,-1,__ockl_fprintf_append_string_n,,0,0,45,__ockl_fprintf_append_string_n|base|zext|int|64|-1||0|0|45
1741,operand,zext,int,8,0,__ockl_fprintf_append_string_n,,0,0,37,__ockl_fprintf_append_string_n|operand|zext|int|8|0||0|0|37
1742,pointer,getelementptr,ptr,64,-1,__ockl_fprintf_append_string_n,,0,0,37,__ockl_fprintf_append_string_n|pointer|getelementptr|ptr|64|-1||0|0|37
1743,pointer,getelementptr,ptr,64,0,__ockl_fprintf_append_string_n,,0,0,37,__ockl_fprintf_append_string_n|pointer|getelementptr|ptr|64|0||0|0|37
1744,operand,getelementptr,int,64,1,__ockl_fprintf_append_string_n,,0,0,37,__ockl_fprintf_append_string_n|operand|getelementptr|int|64|1||0|0|37
1745,base,load,int,8,-1,__ockl_fprintf_append_string_n,,0,0,38,__ockl_fprintf_append_string_n|base|load|int|8|-1||0|0|38
1746,pointer,load,ptr,64,0,__ockl_fprintf_append_string_n,,0,0,38,__ockl_fprintf_append_string_n|pointer|load|ptr|64|0||0|0|38
1747,base,zext,int,64,-1,__ockl_fprintf_append_string_n,,0,0,46,__ockl_fprintf_append_string_n|base|zext|int|64|-1||0|0|46
1748,operand,zext,int,8,0,__ockl_fprintf_append_string_n,,0,0,38,__ockl_fprintf_append_string_n|operand|zext|int|8|0||0|0|38
1749,base,shl,int,64,-1,__ockl_fprintf_append_string_n,,0,0,33,__ockl_fprintf_append_string_n|base|shl|int|64|-1||0|0|33
1750,operand,shl,int,64,0,__ockl_fprintf_append_string_n,,0,0,33,__ockl_fprintf_append_string_n|operand|shl|int|64|0||0|0|33
1751,operand,shl,int,64,1,__ockl_fprintf_append_string_n,,0,0,33,__ockl_fprintf_append_string_n|operand|shl|int|64|1||0|0|33
1752,base,or,int,64,-1,__ockl_fprintf_append_string_n,,0,0,36,__ockl_fprintf_append_string_n|base|or|int|64|-1||0|0|36
1753,operand,or,int,64,0,__ockl_fprintf_append_string_n,,0,0,36,__ockl_fprintf_append_string_n|operand|or|int|64|0||0|0|36
1754,operand,or,int,64,1,__ockl_fprintf_append_string_n,,0,0,36,__ockl_fprintf_append_string_n|operand|or|int|64|1||0|0|36
1755,pointer,getelementptr,ptr,64,-1,__ockl_fprintf_append_string_n,,0,0,38,__ockl_fprintf_append_string_n|pointer|getelementptr|ptr|64|-1||0|0|38
1756,pointer,getelementptr,ptr,64,0,__ockl_fprintf_append_string_n,,0,0,38,__ockl_fprintf_append_string_n|pointer|getelementptr|ptr|64|0||0|0|38
1757,operand,getelementptr,int,64,1,__ockl_fprintf_append_string_n,,0,0,38,__ockl_fprintf_append_string_n|operand|getelementptr|int|64|1||0|0|38
1758,base,load,int,8,-1,__ockl_fprintf_append_string_n,,0,0,39,__ockl_fprintf_append_string_n|base|load|int|8|-1||0|0|39
1759,pointer,load,ptr,64,0,__ockl_fprintf_append_string_n,,0,0,39,__ockl_fprintf_append_string_n|pointer|load|ptr|64|0||0|0|39
1760,base,zext,int,64,-1,__ockl_fprintf_append_string_n,,0,0,47,__ockl_fprintf_append_string_n|base|zext|int|64|-1||0|0|47
1761,operand,zext,int,8,0,__ockl_fprintf_append_string_n,,0,0,39,__ockl_fprintf_append_string_n|operand|zext|int|8|0||0|0|39
1762,base,shl,int,64,-1,__ockl_fprintf_append_string_n,,0,0,34,__ockl_fprintf_append_string_n|base|shl|int|64|-1||0|0|34
1763,operand,shl,int,64,0,__ockl_fprintf_append_string_n,,0,0,34,__ockl_fprintf_append_string_n|operand|shl|int|64|0||0|0|34
1764,operand,shl,int,64,1,__ockl_fprintf_append_string_n,,0,0,34,__ockl_fprintf_append_string_n|operand|shl|int|64|1||0|0|34
1765,base,or,int,64,-1,__ockl_fprintf_append_string_n,,0,0,37,__ockl_fprintf_append_string_n|base|or|int|64|-1||0|0|37
1766,operand,or,int,64,0,__ockl_fprintf_append_string_n,,0,0,37,__ockl_fprintf_append_string_n|operand|or|int|64|0||0|0|37
1767,operand,or,int,64,1,__ockl_fprintf_append_string_n,,0,0,37,__ockl_fprintf_append_string_n|operand|or|int|64|1||0|0|37
1768,pointer,getelementptr,ptr,64,-1,__ockl_fprintf_append_string_n,,0,0,39,__ockl_fprintf_append_string_n|pointer|getelementptr|ptr|64|-1||0|0|39
1769,pointer,getelementptr,ptr,64,0,__ockl_fprintf_append_string_n,,0,0,39,__ockl_fprintf_append_string_n|pointer|getelementptr|ptr|64|0||0|0|39
1770,operand,getelementptr,int,64,1,__ockl_fprintf_append_string_n,,0,0,39,__ockl_fprintf_append_string_n|operand|getelementptr|int|64|1||0|0|39
1771,base,load,int,8,-1,__ockl_fprintf_append_string_n,,0,0,40,__ockl_fprintf_append_string_n|base|load|int|8|-1||0|0|40
1772,pointer,load,ptr,64,0,__ockl_fprintf_append_string_n,,0,0,40,__ockl_fprintf_append_string_n|pointer|load|ptr|64|0||0|0|40
1773,base,zext,int,64,-1,__ockl_fprintf_append_string_n,,0,0,48,__ockl_fprintf_append_string_n|base|zext|int|64|-1||0|0|48
1774,operand,zext,int,8,0,__ockl_fprintf_append_string_n,,0,0,40,__ockl_fprintf_append_string_n|operand|zext|int|8|0||0|0|40
1775,base,shl,int,64,-1,__ockl_fprintf_append_string_n,,0,0,35,__ockl_fprintf_append_string_n|base|shl|int|64|-1||0|0|35
1776,operand,shl,int,64,0,__ockl_fprintf_append_string_n,,0,0,35,__ockl_fprintf_append_string_n|operand|shl|int|64|0||0|0|35
1777,operand,shl,int,64,1,__ockl_fprintf_append_string_n,,0,0,35,__ockl_fprintf_append_string_n|operand|shl|int|64|1||0|0|35
1778,base,or,int,64,-1,__ockl_fprintf_append_string_n,,0,0,38,__ockl_fprintf_append_string_n|base|or|int|64|-1||0|0|38
1779,operand,or,int,64,0,__ockl_fprintf_append_string_n,,0,0,38,__ockl_fprintf_append_string_n|operand|or|int|64|0||0|0|38
1780,operand,or,int,64,1,__ockl_fprintf_append_string_n,,0,0,38,__ockl_fprintf_append_string_n|operand|or|int|64|1||0|0|38
1781,pointer,getelementptr,ptr,64,-1,__ockl_fprintf_append_string_n,,0,0,40,__ockl_fprintf_append_string_n|pointer|getelementptr|ptr|64|-1||0|0|40
1782,pointer,getelementptr,ptr,64,0,__ockl_fprintf_append_string_n,,0,0,40,__ockl_fprintf_append_string_n|pointer|getelementptr|ptr|64|0||0|0|40
1783,operand,getelementptr,int,64,1,__ockl_fprintf_append_string_n,,0,0,40,__ockl_fprintf_append_string_n|operand|getelementptr|int|64|1||0|0|40
1784,base,load,int,8,-1,__ockl_fprintf_append_string_n,,0,0,41,__ockl_fprintf_append_string_n|base|load|int|8|-1||0|0|41
1785,pointer,load,ptr,64,0,__ockl_fprintf_append_string_n,,0,0,41,__ockl_fprintf_append_string_n|pointer|load|ptr|64|0||0|0|41
1786,base,zext,int,64,-1,__ockl_fprintf_append_string_n,,0,0,49,__ockl_fprintf_append_string_n|base|zext|int|64|-1||0|0|49
1787,operand,zext,int,8,0,__ockl_fprintf_append_string_n,,0,0,41,__ockl_fprintf_append_string_n|operand|zext|int|8|0||0|0|41
1788,base,shl,int,64,-1,__ockl_fprintf_append_string_n,,0,0,36,__ockl_fprintf_append_string_n|base|shl|int|64|-1||0|0|36
1789,operand,shl,int,64,0,__ockl_fprintf_append_string_n,,0,0,36,__ockl_fprintf_append_string_n|operand|shl|int|64|0||0|0|36
1790,operand,shl,int,64,1,__ockl_fprintf_append_string_n,,0,0,36,__ockl_fprintf_append_string_n|operand|shl|int|64|1||0|0|36
1791,base,or,int,64,-1,__ockl_fprintf_append_string_n,,0,0,39,__ockl_fprintf_append_string_n|base|or|int|64|-1||0|0|39
1792,operand,or,int,64,0,__ockl_fprintf_append_string_n,,0,0,39,__ockl_fprintf_append_string_n|operand|or|int|64|0||0|0|39
1793,operand,or,int,64,1,__ockl_fprintf_append_string_n,,0,0,39,__ockl_fprintf_append_string_n|operand|or|int|64|1||0|0|39
1794,pointer,getelementptr,ptr,64,-1,__ockl_fprintf_append_string_n,,0,0,41,__ockl_fprintf_append_string_n|pointer|getelementptr|ptr|64|-1||0|0|41
1795,pointer,getelementptr,ptr,64,0,__ockl_fprintf_append_string_n,,0,0,41,__ockl_fprintf_append_string_n|pointer|getelementptr|ptr|64|0||0|0|41
1796,operand,getelementptr,int,64,1,__ockl_fprintf_append_string_n,,0,0,41,__ockl_fprintf_append_string_n|operand|getelementptr|int|64|1||0|0|41
1797,base,load,int,8,-1,__ockl_fprintf_append_string_n,,0,0,42,__ockl_fprintf_append_string_n|base|load|int|8|-1||0|0|42
1798,pointer,load,ptr,64,0,__ockl_fprintf_append_string_n,,0,0,42,__ockl_fprintf_append_string_n|pointer|load|ptr|64|0||0|0|42
1799,base,zext,int,64,-1,__ockl_fprintf_append_string_n,,0,0,50,__ockl_fprintf_append_string_n|base|zext|int|64|-1||0|0|50
1800,operand,zext,int,8,0,__ockl_fprintf_append_string_n,,0,0,42,__ockl_fprintf_append_string_n|operand|zext|int|8|0||0|0|42
1801,base,shl,int,64,-1,__ockl_fprintf_append_string_n,,0,0,37,__ockl_fprintf_append_string_n|base|shl|int|64|-1||0|0|37
1802,operand,shl,int,64,0,__ockl_fprintf_append_string_n,,0,0,37,__ockl_fprintf_append_string_n|operand|shl|int|64|0||0|0|37
1803,operand,shl,int,64,1,__ockl_fprintf_append_string_n,,0,0,37,__ockl_fprintf_append_string_n|operand|shl|int|64|1||0|0|37
1804,base,or,int,64,-1,__ockl_fprintf_append_string_n,,0,0,40,__ockl_fprintf_append_string_n|base|or|int|64|-1||0|0|40
1805,operand,or,int,64,0,__ockl_fprintf_append_string_n,,0,0,40,__ockl_fprintf_append_string_n|operand|or|int|64|0||0|0|40
1806,operand,or,int,64,1,__ockl_fprintf_append_string_n,,0,0,40,__ockl_fprintf_append_string_n|operand|or|int|64|1||0|0|40
1807,pointer,getelementptr,ptr,64,-1,__ockl_fprintf_append_string_n,,0,0,42,__ockl_fprintf_append_string_n|pointer|getelementptr|ptr|64|-1||0|0|42
1808,pointer,getelementptr,ptr,64,0,__ockl_fprintf_append_string_n,,0,0,42,__ockl_fprintf_append_string_n|pointer|getelementptr|ptr|64|0||0|0|42
1809,operand,getelementptr,int,64,1,__ockl_fprintf_append_string_n,,0,0,42,__ockl_fprintf_append_string_n|operand|getelementptr|int|64|1||0|0|42
1810,base,load,int,8,-1,__ockl_fprintf_append_string_n,,0,0,43,__ockl_fprintf_append_string_n|base|load|int|8|-1||0|0|43
1811,pointer,load,ptr,64,0,__ockl_fprintf_append_string_n,,0,0,43,__ockl_fprintf_append_string_n|pointer|load|ptr|64|0||0|0|43
1812,base,zext,int,64,-1,__ockl_fprintf_append_string_n,,0,0,51,__ockl_fprintf_append_string_n|base|zext|int|64|-1||0|0|51
1813,operand,zext,int,8,0,__ockl_fprintf_append_string_n,,0,0,43,__ockl_fprintf_append_string_n|operand|zext|int|8|0||0|0|43
1814,base,shl,int,64,-1,__ockl_fprintf_append_string_n,,0,0,38,__ockl_fprintf_append_string_n|base|shl|int|64|-1||0|0|38
1815,operand,shl,int,64,0,__ockl_fprintf_append_string_n,,0,0,38,__ockl_fprintf_append_string_n|operand|shl|int|64|0||0|0|38
1816,operand,shl,int,64,1,__ockl_fprintf_append_string_n,,0,0,38,__ockl_fprintf_append_string_n|operand|shl|int|64|1||0|0|38
1817,base,or,int,64,-1,__ockl_fprintf_append_string_n,,0,0,41,__ockl_fprintf_append_string_n|base|or|int|64|-1||0|0|41
1818,operand,or,int,64,0,__ockl_fprintf_append_string_n,,0,0,41,__ockl_fprintf_append_string_n|operand|or|int|64|0||0|0|41
1819,operand,or,int,64,1,__ockl_fprintf_append_string_n,,0,0,41,__ockl_fprintf_append_string_n|operand|or|int|64|1||0|0|41
1820,pointer,getelementptr,ptr,64,-1,__ockl_fprintf_append_string_n,,0,0,43,__ockl_fprintf_append_string_n|pointer|getelementptr|ptr|64|-1||0|0|43
1821,pointer,getelementptr,ptr,64,0,__ockl_fprintf_append_string_n,,0,0,43,__ockl_fprintf_append_string_n|pointer|getelementptr|ptr|64|0||0|0|43
1822,operand,getelementptr,int,64,1,__ockl_fprintf_append_string_n,,0,0,43,__ockl_fprintf_append_string_n|operand|getelementptr|int|64|1||0|0|43
1823,base,load,int,8,-1,__ockl_fprintf_append_string_n,,0,0,44,__ockl_fprintf_append_string_n|base|load|int|8|-1||0|0|44
1824,pointer,load,ptr,64,0,__ockl_fprintf_append_string_n,,0,0,44,__ockl_fprintf_append_string_n|pointer|load|ptr|64|0||0|0|44
1825,base,zext,int,64,-1,__ockl_fprintf_append_string_n,,0,0,52,__ockl_fprintf_append_string_n|base|zext|int|64|-1||0|0|52
1826,operand,zext,int,8,0,__ockl_fprintf_append_string_n,,0,0,44,__ockl_fprintf_append_string_n|operand|zext|int|8|0||0|0|44
1827,base,shl,int,64,-1,__ockl_fprintf_append_string_n,,0,0,39,__ockl_fprintf_append_string_n|base|shl|int|64|-1||0|0|39
1828,operand,shl,int,64,0,__ockl_fprintf_append_string_n,,0,0,39,__ockl_fprintf_append_string_n|operand|shl|int|64|0||0|0|39
1829,operand,shl,int,64,1,__ockl_fprintf_append_string_n,,0,0,39,__ockl_fprintf_append_string_n|operand|shl|int|64|1||0|0|39
1830,base,or,int,64,-1,__ockl_fprintf_append_string_n,,0,0,42,__ockl_fprintf_append_string_n|base|or|int|64|-1||0|0|42
1831,operand,or,int,64,0,__ockl_fprintf_append_string_n,,0,0,42,__ockl_fprintf_append_string_n|operand|or|int|64|0||0|0|42
1832,operand,or,int,64,1,__ockl_fprintf_append_string_n,,0,0,42,__ockl_fprintf_append_string_n|operand|or|int|64|1||0|0|42
1833,base,add,int,32,-1,__ockl_fprintf_append_string_n,,0,0,9,__ockl_fprintf_append_string_n|base|add|int|32|-1||0|0|9
1834,operand,add,int,32,0,__ockl_fprintf_append_string_n,,0,0,9,__ockl_fprintf_append_string_n|operand|add|int|32|0||0|0|9
1835,operand,add,int,32,1,__ockl_fprintf_append_string_n,,0,0,9,__ockl_fprintf_append_string_n|operand|add|int|32|1||0|0|9
1836,pointer,getelementptr,ptr,64,-1,__ockl_fprintf_append_string_n,,0,0,44,__ockl_fprintf_append_string_n|pointer|getelementptr|ptr|64|-1||0|0|44
1837,pointer,getelementptr,ptr,64,0,__ockl_fprintf_append_string_n,,0,0,44,__ockl_fprintf_append_string_n|pointer|getelementptr|ptr|64|0||0|0|44
1838,operand,getelementptr,int,64,1,__ockl_fprintf_append_string_n,,0,0,44,__ockl_fprintf_append_string_n|operand|getelementptr|int|64|1||0|0|44
1839,base,phi,int,32,-1,__ockl_fprintf_append_string_n,,0,0,9,__ockl_fprintf_append_string_n|base|phi|int|32|-1||0|0|9
1840,operand,phi,int,32,0,__ockl_fprintf_append_string_n,,0,0,9,__ockl_fprintf_append_string_n|operand|phi|int|32|0||0|0|9
1841,operand,phi,int,32,1,__ockl_fprintf_append_string_n,,0,0,9,__ockl_fprintf_append_string_n|operand|phi|int|32|1||0|0|9
1842,base,phi,int,64,-1,__ockl_fprintf_append_string_n,,0,0,10,__ockl_fprintf_append_string_n|base|phi|int|64|-1||0|0|10
1843,operand,phi,int,64,0,__ockl_fprintf_append_string_n,,0,0,10,__ockl_fprintf_append_string_n|operand|phi|int|64|0||0|0|10
1844,operand,phi,int,64,1,__ockl_fprintf_append_string_n,,0,0,10,__ockl_fprintf_append_string_n|operand|phi|int|64|1||0|0|10
1845,base,zext,int,64,-1,__ockl_fprintf_append_string_n,,0,0,53,__ockl_fprintf_append_string_n|base|zext|int|64|-1||0|0|53
1846,operand,zext,int,32,0,__ockl_fprintf_append_string_n,,0,0,9,__ockl_fprintf_append_string_n|operand|zext|int|32|0||0|0|9
1847,pointer,getelementptr,ptr,64,-1,__ockl_fprintf_append_string_n,,0,0,45,__ockl_fprintf_append_string_n|pointer|getelementptr|ptr|64|-1||0|0|45
1848,pointer,getelementptr,ptr,64,0,__ockl_fprintf_append_string_n,,0,0,45,__ockl_fprintf_append_string_n|pointer|getelementptr|ptr|64|0||0|0|45
1849,operand,getelementptr,int,64,1,__ockl_fprintf_append_string_n,,0,0,45,__ockl_fprintf_append_string_n|operand|getelementptr|int|64|1||0|0|45
1850,base,load,int,8,-1,__ockl_fprintf_append_string_n,,0,0,45,__ockl_fprintf_append_string_n|base|load|int|8|-1||0|0|45
1851,pointer,load,ptr,64,0,__ockl_fprintf_append_string_n,,0,0,45,__ockl_fprintf_append_string_n|pointer|load|ptr|64|0||0|0|45
1852,base,zext,int,64,-1,__ockl_fprintf_append_string_n,,0,0,54,__ockl_fprintf_append_string_n|base|zext|int|64|-1||0|0|54
1853,operand,zext,int,8,0,__ockl_fprintf_append_string_n,,0,0,45,__ockl_fprintf_append_string_n|operand|zext|int|8|0||0|0|45
1854,base,shl,int,32,-1,__ockl_fprintf_append_string_n,,0,0,5,__ockl_fprintf_append_string_n|base|shl|int|32|-1||0|0|5
1855,operand,shl,int,32,0,__ockl_fprintf_append_string_n,,0,0,5,__ockl_fprintf_append_string_n|operand|shl|int|32|0||0|0|5
1856,operand,shl,int,32,1,__ockl_fprintf_append_string_n,,0,0,5,__ockl_fprintf_append_string_n|operand|shl|int|32|1||0|0|5
1857,base,zext,int,64,-1,__ockl_fprintf_append_string_n,,0,0,55,__ockl_fprintf_append_string_n|base|zext|int|64|-1||0|0|55
1858,operand,zext,int,32,0,__ockl_fprintf_append_string_n,,0,0,10,__ockl_fprintf_append_string_n|operand|zext|int|32|0||0|0|10
1859,base,shl,int,64,-1,__ockl_fprintf_append_string_n,,0,0,40,__ockl_fprintf_append_string_n|base|shl|int|64|-1||0|0|40
1860,operand,shl,int,64,0,__ockl_fprintf_append_string_n,,0,0,40,__ockl_fprintf_append_string_n|operand|shl|int|64|0||0|0|40
1861,operand,shl,int,64,1,__ockl_fprintf_append_string_n,,0,0,40,__ockl_fprintf_append_string_n|operand|shl|int|64|1||0|0|40
1862,base,or,int,64,-1,__ockl_fprintf_append_string_n,,0,0,43,__ockl_fprintf_append_string_n|base|or|int|64|-1||0|0|43
1863,operand,or,int,64,0,__ockl_fprintf_append_string_n,,0,0,43,__ockl_fprintf_append_string_n|operand|or|int|64|0||0|0|43
1864,operand,or,int,64,1,__ockl_fprintf_append_string_n,,0,0,43,__ockl_fprintf_append_string_n|operand|or|int|64|1||0|0|43
1865,base,add,int,32,-1,__ockl_fprintf_append_string_n,,0,0,10,__ockl_fprintf_append_string_n|base|add|int|32|-1||0|0|10
1866,operand,add,int,32,0,__ockl_fprintf_append_string_n,,0,0,10,__ockl_fprintf_append_string_n|operand|add|int|32|0||0|0|10
1867,operand,add,int,32,1,__ockl_fprintf_append_string_n,,0,0,10,__ockl_fprintf_append_string_n|operand|add|int|32|1||0|0|10
1868,base,icmp,int,1,-1,__ockl_fprintf_append_string_n,,0,0,18,__ockl_fprintf_append_string_n|base|icmp|int|1|-1||0|0|18
1869,operand,icmp,int,32,0,__ockl_fprintf_append_string_n,,0,0,14,__ockl_fprintf_append_string_n|operand|icmp|int|32|0||0|0|14
1870,operand,icmp,int,32,1,__ockl_fprintf_append_string_n,,0,0,14,__ockl_fprintf_append_string_n|operand|icmp|int|32|1||0|0|14
1871,operand,br,int,1,0,__ockl_fprintf_append_string_n,,0,0,16,__ockl_fprintf_append_string_n|operand|br|int|1|0||0|0|16
1872,pointer,phi,ptr,64,-1,__ockl_fprintf_append_string_n,,0,0,6,__ockl_fprintf_append_string_n|pointer|phi|ptr|64|-1||0|0|6
1873,pointer,phi,ptr,64,0,__ockl_fprintf_append_string_n,,0,0,6,__ockl_fprintf_append_string_n|pointer|phi|ptr|64|0||0|0|6
1874,pointer,phi,ptr,64,1,__ockl_fprintf_append_string_n,,0,0,6,__ockl_fprintf_append_string_n|pointer|phi|ptr|64|1||0|0|6
1875,pointer,phi,ptr,64,2,__ockl_fprintf_append_string_n,,0,0,5,__ockl_fprintf_append_string_n|pointer|phi|ptr|64|2||0|0|5
1876,base,phi,int,32,-1,__ockl_fprintf_append_string_n,,0,0,10,__ockl_fprintf_append_string_n|base|phi|int|32|-1||0|0|10
1877,operand,phi,int,32,0,__ockl_fprintf_append_string_n,,0,0,10,__ockl_fprintf_append_string_n|operand|phi|int|32|0||0|0|10
1878,operand,phi,int,32,1,__ockl_fprintf_append_string_n,,0,0,10,__ockl_fprintf_append_string_n|operand|phi|int|32|1||0|0|10
1879,operand,phi,int,32,2,__ockl_fprintf_append_string_n,,0,0,5,__ockl_fprintf_append_string_n|operand|phi|int|32|2||0|0|5
1880,base,phi,int,64,-1,__ockl_fprintf_append_string_n,,0,0,11,__ockl_fprintf_append_string_n|base|phi|int|64|-1||0|0|11
1881,operand,phi,int,64,0,__ockl_fprintf_append_string_n,,0,0,11,__ockl_fprintf_append_string_n|operand|phi|int|64|0||0|0|11
1882,operand,phi,int,64,1,__ockl_fprintf_append_string_n,,0,0,11,__ockl_fprintf_append_string_n|operand|phi|int|64|1||0|0|11
1883,operand,phi,int,64,2,__ockl_fprintf_append_string_n,,0,0,5,__ockl_fprintf_append_string_n|operand|phi|int|64|2||0|0|5
1884,base,icmp,int,1,-1,__ockl_fprintf_append_string_n,,0,0,19,__ockl_fprintf_append_string_n|base|icmp|int|1|-1||0|0|19
1885,operand,icmp,int,32,0,__ockl_fprintf_append_string_n,,0,0,15,__ockl_fprintf_append_string_n|operand|icmp|int|32|0||0|0|15
1886,operand,icmp,int,32,1,__ockl_fprintf_append_string_n,,0,0,15,__ockl_fprintf_append_string_n|operand|icmp|int|32|1||0|0|15
1887,operand,br,int,1,0,__ockl_fprintf_append_string_n,,0,0,17,__ockl_fprintf_append_string_n|operand|br|int|1|0||0|0|17
1888,base,icmp,int,1,-1,__ockl_fprintf_append_string_n,,0,0,20,__ockl_fprintf_append_string_n|base|icmp|int|1|-1||0|0|20
1889,operand,icmp,int,32,0,__ockl_fprintf_append_string_n,,0,0,16,__ockl_fprintf_append_string_n|operand|icmp|int|32|0||0|0|16
1890,operand,icmp,int,32,1,__ockl_fprintf_append_string_n,,0,0,16,__ockl_fprintf_append_string_n|operand|icmp|int|32|1||0|0|16
1891,operand,br,int,1,0,__ockl_fprintf_append_string_n,,0,0,18,__ockl_fprintf_append_string_n|operand|br|int|1|0||0|0|18
1892,base,load,int,8,-1,__ockl_fprintf_append_string_n,,0,0,46,__ockl_fprintf_append_string_n|base|load|int|8|-1||0|0|46
1893,pointer,load,ptr,64,0,__ockl_fprintf_append_string_n,,0,0,46,__ockl_fprintf_append_string_n|pointer|load|ptr|64|0||0|0|46
1894,base,zext,int,64,-1,__ockl_fprintf_append_string_n,,0,0,56,__ockl_fprintf_append_string_n|base|zext|int|64|-1||0|0|56
1895,operand,zext,int,8,0,__ockl_fprintf_append_string_n,,0,0,46,__ockl_fprintf_append_string_n|operand|zext|int|8|0||0|0|46
1896,pointer,getelementptr,ptr,64,-1,__ockl_fprintf_append_string_n,,0,0,46,__ockl_fprintf_append_string_n|pointer|getelementptr|ptr|64|-1||0|0|46
1897,pointer,getelementptr,ptr,64,0,__ockl_fprintf_append_string_n,,0,0,46,__ockl_fprintf_append_string_n|pointer|getelementptr|ptr|64|0||0|0|46
1898,operand,getelementptr,int,64,1,__ockl_fprintf_append_string_n,,0,0,46,__ockl_fprintf_append_string_n|operand|getelementptr|int|64|1||0|0|46
1899,base,load,int,8,-1,__ockl_fprintf_append_string_n,,0,0,47,__ockl_fprintf_append_string_n|base|load|int|8|-1||0|0|47
1900,pointer,load,ptr,64,0,__ockl_fprintf_append_string_n,,0,0,47,__ockl_fprintf_append_string_n|pointer|load|ptr|64|0||0|0|47
1901,base,zext,int,64,-1,__ockl_fprintf_append_string_n,,0,0,57,__ockl_fprintf_append_string_n|base|zext|int|64|-1||0|0|57
1902,operand,zext,int,8,0,__ockl_fprintf_append_string_n,,0,0,47,__ockl_fprintf_append_string_n|operand|zext|int|8|0||0|0|47
1903,base,shl,int,64,-1,__ockl_fprintf_append_string_n,,0,0,41,__ockl_fprintf_append_string_n|base|shl|int|64|-1||0|0|41
1904,operand,shl,int,64,0,__ockl_fprintf_append_string_n,,0,0,41,__ockl_fprintf_append_string_n|operand|shl|int|64|0||0|0|41
1905,operand,shl,int,64,1,__ockl_fprintf_append_string_n,,0,0,41,__ockl_fprintf_append_string_n|operand|shl|int|64|1||0|0|41
1906,base,or,int,64,-1,__ockl_fprintf_append_string_n,,0,0,44,__ockl_fprintf_append_string_n|base|or|int|64|-1||0|0|44
1907,operand,or,int,64,0,__ockl_fprintf_append_string_n,,0,0,44,__ockl_fprintf_append_string_n|operand|or|int|64|0||0|0|44
1908,operand,or,int,64,1,__ockl_fprintf_append_string_n,,0,0,44,__ockl_fprintf_append_string_n|operand|or|int|64|1||0|0|44
1909,pointer,getelementptr,ptr,64,-1,__ockl_fprintf_append_string_n,,0,0,47,__ockl_fprintf_append_string_n|pointer|getelementptr|ptr|64|-1||0|0|47
1910,pointer,getelementptr,ptr,64,0,__ockl_fprintf_append_string_n,,0,0,47,__ockl_fprintf_append_string_n|pointer|getelementptr|ptr|64|0||0|0|47
1911,operand,getelementptr,int,64,1,__ockl_fprintf_append_string_n,,0,0,47,__ockl_fprintf_append_string_n|operand|getelementptr|int|64|1||0|0|47
1912,base,load,int,8,-1,__ockl_fprintf_append_string_n,,0,0,48,__ockl_fprintf_append_string_n|base|load|int|8|-1||0|0|48
1913,pointer,load,ptr,64,0,__ockl_fprintf_append_string_n,,0,0,48,__ockl_fprintf_append_string_n|pointer|load|ptr|64|0||0|0|48
1914,base,zext,int,64,-1,__ockl_fprintf_append_string_n,,0,0,58,__ockl_fprintf_append_string_n|base|zext|int|64|-1||0|0|58
1915,operand,zext,int,8,0,__ockl_fprintf_append_string_n,,0,0,48,__ockl_fprintf_append_string_n|operand|zext|int|8|0||0|0|48
1916,base,shl,int,64,-1,__ockl_fprintf_append_string_n,,0,0,42,__ockl_fprintf_append_string_n|base|shl|int|64|-1||0|0|42
1917,operand,shl,int,64,0,__ockl_fprintf_append_string_n,,0,0,42,__ockl_fprintf_append_string_n|operand|shl|int|64|0||0|0|42
1918,operand,shl,int,64,1,__ockl_fprintf_append_string_n,,0,0,42,__ockl_fprintf_append_string_n|operand|shl|int|64|1||0|0|42
1919,base,or,int,64,-1,__ockl_fprintf_append_string_n,,0,0,45,__ockl_fprintf_append_string_n|base|or|int|64|-1||0|0|45
1920,operand,or,int,64,0,__ockl_fprintf_append_string_n,,0,0,45,__ockl_fprintf_append_string_n|operand|or|int|64|0||0|0|45
1921,operand,or,int,64,1,__ockl_fprintf_append_string_n,,0,0,45,__ockl_fprintf_append_string_n|operand|or|int|64|1||0|0|45
1922,pointer,getelementptr,ptr,64,-1,__ockl_fprintf_append_string_n,,0,0,48,__ockl_fprintf_append_string_n|pointer|getelementptr|ptr|64|-1||0|0|48
1923,pointer,getelementptr,ptr,64,0,__ockl_fprintf_append_string_n,,0,0,48,__ockl_fprintf_append_string_n|pointer|getelementptr|ptr|64|0||0|0|48
1924,operand,getelementptr,int,64,1,__ockl_fprintf_append_string_n,,0,0,48,__ockl_fprintf_append_string_n|operand|getelementptr|int|64|1||0|0|48
1925,base,load,int,8,-1,__ockl_fprintf_append_string_n,,0,0,49,__ockl_fprintf_append_string_n|base|load|int|8|-1||0|0|49
1926,pointer,load,ptr,64,0,__ockl_fprintf_append_string_n,,0,0,49,__ockl_fprintf_append_string_n|pointer|load|ptr|64|0||0|0|49
1927,base,zext,int,64,-1,__ockl_fprintf_append_string_n,,0,0,59,__ockl_fprintf_append_string_n|base|zext|int|64|-1||0|0|59
1928,operand,zext,int,8,0,__ockl_fprintf_append_string_n,,0,0,49,__ockl_fprintf_append_string_n|operand|zext|int|8|0||0|0|49
1929,base,shl,int,64,-1,__ockl_fprintf_append_string_n,,0,0,43,__ockl_fprintf_append_string_n|base|shl|int|64|-1||0|0|43
1930,operand,shl,int,64,0,__ockl_fprintf_append_string_n,,0,0,43,__ockl_fprintf_append_string_n|operand|shl|int|64|0||0|0|43
1931,operand,shl,int,64,1,__ockl_fprintf_append_string_n,,0,0,43,__ockl_fprintf_append_string_n|operand|shl|int|64|1||0|0|43
1932,base,or,int,64,-1,__ockl_fprintf_append_string_n,,0,0,46,__ockl_fprintf_append_string_n|base|or|int|64|-1||0|0|46
1933,operand,or,int,64,0,__ockl_fprintf_append_string_n,,0,0,46,__ockl_fprintf_append_string_n|operand|or|int|64|0||0|0|46
1934,operand,or,int,64,1,__ockl_fprintf_append_string_n,,0,0,46,__ockl_fprintf_append_string_n|operand|or|int|64|1||0|0|46
1935,pointer,getelementptr,ptr,64,-1,__ockl_fprintf_append_string_n,,0,0,49,__ockl_fprintf_append_string_n|pointer|getelementptr|ptr|64|-1||0|0|49
1936,pointer,getelementptr,ptr,64,0,__ockl_fprintf_append_string_n,,0,0,49,__ockl_fprintf_append_string_n|pointer|getelementptr|ptr|64|0||0|0|49
1937,operand,getelementptr,int,64,1,__ockl_fprintf_append_string_n,,0,0,49,__ockl_fprintf_append_string_n|operand|getelementptr|int|64|1||0|0|49
1938,base,load,int,8,-1,__ockl_fprintf_append_string_n,,0,0,50,__ockl_fprintf_append_string_n|base|load|int|8|-1||0|0|50
1939,pointer,load,ptr,64,0,__ockl_fprintf_append_string_n,,0,0,50,__ockl_fprintf_append_string_n|pointer|load|ptr|64|0||0|0|50
1940,base,zext,int,64,-1,__ockl_fprintf_append_string_n,,0,0,60,__ockl_fprintf_append_string_n|base|zext|int|64|-1||0|0|60
1941,operand,zext,int,8,0,__ockl_fprintf_append_string_n,,0,0,50,__ockl_fprintf_append_string_n|operand|zext|int|8|0||0|0|50
1942,base,shl,int,64,-1,__ockl_fprintf_append_string_n,,0,0,44,__ockl_fprintf_append_string_n|base|shl|int|64|-1||0|0|44
1943,operand,shl,int,64,0,__ockl_fprintf_append_string_n,,0,0,44,__ockl_fprintf_append_string_n|operand|shl|int|64|0||0|0|44
1944,operand,shl,int,64,1,__ockl_fprintf_append_string_n,,0,0,44,__ockl_fprintf_append_string_n|operand|shl|int|64|1||0|0|44
1945,base,or,int,64,-1,__ockl_fprintf_append_string_n,,0,0,47,__ockl_fprintf_append_string_n|base|or|int|64|-1||0|0|47
1946,operand,or,int,64,0,__ockl_fprintf_append_string_n,,0,0,47,__ockl_fprintf_append_string_n|operand|or|int|64|0||0|0|47
1947,operand,or,int,64,1,__ockl_fprintf_append_string_n,,0,0,47,__ockl_fprintf_append_string_n|operand|or|int|64|1||0|0|47
1948,pointer,getelementptr,ptr,64,-1,__ockl_fprintf_append_string_n,,0,0,50,__ockl_fprintf_append_string_n|pointer|getelementptr|ptr|64|-1||0|0|50
1949,pointer,getelementptr,ptr,64,0,__ockl_fprintf_append_string_n,,0,0,50,__ockl_fprintf_append_string_n|pointer|getelementptr|ptr|64|0||0|0|50
1950,operand,getelementptr,int,64,1,__ockl_fprintf_append_string_n,,0,0,50,__ockl_fprintf_append_string_n|operand|getelementptr|int|64|1||0|0|50
1951,base,load,int,8,-1,__ockl_fprintf_append_string_n,,0,0,51,__ockl_fprintf_append_string_n|base|load|int|8|-1||0|0|51
1952,pointer,load,ptr,64,0,__ockl_fprintf_append_string_n,,0,0,51,__ockl_fprintf_append_string_n|pointer|load|ptr|64|0||0|0|51
1953,base,zext,int,64,-1,__ockl_fprintf_append_string_n,,0,0,61,__ockl_fprintf_append_string_n|base|zext|int|64|-1||0|0|61
1954,operand,zext,int,8,0,__ockl_fprintf_append_string_n,,0,0,51,__ockl_fprintf_append_string_n|operand|zext|int|8|0||0|0|51
1955,base,shl,int,64,-1,__ockl_fprintf_append_string_n,,0,0,45,__ockl_fprintf_append_string_n|base|shl|int|64|-1||0|0|45
1956,operand,shl,int,64,0,__ockl_fprintf_append_string_n,,0,0,45,__ockl_fprintf_append_string_n|operand|shl|int|64|0||0|0|45
1957,operand,shl,int,64,1,__ockl_fprintf_append_string_n,,0,0,45,__ockl_fprintf_append_string_n|operand|shl|int|64|1||0|0|45
1958,base,or,int,64,-1,__ockl_fprintf_append_string_n,,0,0,48,__ockl_fprintf_append_string_n|base|or|int|64|-1||0|0|48
1959,operand,or,int,64,0,__ockl_fprintf_append_string_n,,0,0,48,__ockl_fprintf_append_string_n|operand|or|int|64|0||0|0|48
1960,operand,or,int,64,1,__ockl_fprintf_append_string_n,,0,0,48,__ockl_fprintf_append_string_n|operand|or|int|64|1||0|0|48
1961,pointer,getelementptr,ptr,64,-1,__ockl_fprintf_append_string_n,,0,0,51,__ockl_fprintf_append_string_n|pointer|getelementptr|ptr|64|-1||0|0|51
1962,pointer,getelementptr,ptr,64,0,__ockl_fprintf_append_string_n,,0,0,51,__ockl_fprintf_append_string_n|pointer|getelementptr|ptr|64|0||0|0|51
1963,operand,getelementptr,int,64,1,__ockl_fprintf_append_string_n,,0,0,51,__ockl_fprintf_append_string_n|operand|getelementptr|int|64|1||0|0|51
1964,base,load,int,8,-1,__ockl_fprintf_append_string_n,,0,0,52,__ockl_fprintf_append_string_n|base|load|int|8|-1||0|0|52
1965,pointer,load,ptr,64,0,__ockl_fprintf_append_string_n,,0,0,52,__ockl_fprintf_append_string_n|pointer|load|ptr|64|0||0|0|52
1966,base,zext,int,64,-1,__ockl_fprintf_append_string_n,,0,0,62,__ockl_fprintf_append_string_n|base|zext|int|64|-1||0|0|62
1967,operand,zext,int,8,0,__ockl_fprintf_append_string_n,,0,0,52,__ockl_fprintf_append_string_n|operand|zext|int|8|0||0|0|52
1968,base,shl,int,64,-1,__ockl_fprintf_append_string_n,,0,0,46,__ockl_fprintf_append_string_n|base|shl|int|64|-1||0|0|46
1969,operand,shl,int,64,0,__ockl_fprintf_append_string_n,,0,0,46,__ockl_fprintf_append_string_n|operand|shl|int|64|0||0|0|46
1970,operand,shl,int,64,1,__ockl_fprintf_append_string_n,,0,0,46,__ockl_fprintf_append_string_n|operand|shl|int|64|1||0|0|46
1971,base,or,int,64,-1,__ockl_fprintf_append_string_n,,0,0,49,__ockl_fprintf_append_string_n|base|or|int|64|-1||0|0|49
1972,operand,or,int,64,0,__ockl_fprintf_append_string_n,,0,0,49,__ockl_fprintf_append_string_n|operand|or|int|64|0||0|0|49
1973,operand,or,int,64,1,__ockl_fprintf_append_string_n,,0,0,49,__ockl_fprintf_append_string_n|operand|or|int|64|1||0|0|49
1974,pointer,getelementptr,ptr,64,-1,__ockl_fprintf_append_string_n,,0,0,52,__ockl_fprintf_append_string_n|pointer|getelementptr|ptr|64|-1||0|0|52
1975,pointer,getelementptr,ptr,64,0,__ockl_fprintf_append_string_n,,0,0,52,__ockl_fprintf_append_string_n|pointer|getelementptr|ptr|64|0||0|0|52
1976,operand,getelementptr,int,64,1,__ockl_fprintf_append_string_n,,0,0,52,__ockl_fprintf_append_string_n|operand|getelementptr|int|64|1||0|0|52
1977,base,load,int,8,-1,__ockl_fprintf_append_string_n,,0,0,53,__ockl_fprintf_append_string_n|base|load|int|8|-1||0|0|53
1978,pointer,load,ptr,64,0,__ockl_fprintf_append_string_n,,0,0,53,__ockl_fprintf_append_string_n|pointer|load|ptr|64|0||0|0|53
1979,base,zext,int,64,-1,__ockl_fprintf_append_string_n,,0,0,63,__ockl_fprintf_append_string_n|base|zext|int|64|-1||0|0|63
1980,operand,zext,int,8,0,__ockl_fprintf_append_string_n,,0,0,53,__ockl_fprintf_append_string_n|operand|zext|int|8|0||0|0|53
1981,base,shl,int,64,-1,__ockl_fprintf_append_string_n,,0,0,47,__ockl_fprintf_append_string_n|base|shl|int|64|-1||0|0|47
1982,operand,shl,int,64,0,__ockl_fprintf_append_string_n,,0,0,47,__ockl_fprintf_append_string_n|operand|shl|int|64|0||0|0|47
1983,operand,shl,int,64,1,__ockl_fprintf_append_string_n,,0,0,47,__ockl_fprintf_append_string_n|operand|shl|int|64|1||0|0|47
1984,base,or,int,64,-1,__ockl_fprintf_append_string_n,,0,0,50,__ockl_fprintf_append_string_n|base|or|int|64|-1||0|0|50
1985,operand,or,int,64,0,__ockl_fprintf_append_string_n,,0,0,50,__ockl_fprintf_append_string_n|operand|or|int|64|0||0|0|50
1986,operand,or,int,64,1,__ockl_fprintf_append_string_n,,0,0,50,__ockl_fprintf_append_string_n|operand|or|int|64|1||0|0|50
1987,base,add,int,32,-1,__ockl_fprintf_append_string_n,,0,0,11,__ockl_fprintf_append_string_n|base|add|int|32|-1||0|0|11
1988,operand,add,int,32,0,__ockl_fprintf_append_string_n,,0,0,11,__ockl_fprintf_append_string_n|operand|add|int|32|0||0|0|11
1989,operand,add,int,32,1,__ockl_fprintf_append_string_n,,0,0,11,__ockl_fprintf_append_string_n|operand|add|int|32|1||0|0|11
1990,pointer,getelementptr,ptr,64,-1,__ockl_fprintf_append_string_n,,0,0,53,__ockl_fprintf_append_string_n|pointer|getelementptr|ptr|64|-1||0|0|53
1991,pointer,getelementptr,ptr,64,0,__ockl_fprintf_append_string_n,,0,0,53,__ockl_fprintf_append_string_n|pointer|getelementptr|ptr|64|0||0|0|53
1992,operand,getelementptr,int,64,1,__ockl_fprintf_append_string_n,,0,0,53,__ockl_fprintf_append_string_n|operand|getelementptr|int|64|1||0|0|53
1993,base,phi,int,32,-1,__ockl_fprintf_append_string_n,,0,0,11,__ockl_fprintf_append_string_n|base|phi|int|32|-1||0|0|11
1994,operand,phi,int,32,0,__ockl_fprintf_append_string_n,,0,0,11,__ockl_fprintf_append_string_n|operand|phi|int|32|0||0|0|11
1995,operand,phi,int,32,1,__ockl_fprintf_append_string_n,,0,0,11,__ockl_fprintf_append_string_n|operand|phi|int|32|1||0|0|11
1996,base,phi,int,64,-1,__ockl_fprintf_append_string_n,,0,0,12,__ockl_fprintf_append_string_n|base|phi|int|64|-1||0|0|12
1997,operand,phi,int,64,0,__ockl_fprintf_append_string_n,,0,0,12,__ockl_fprintf_append_string_n|operand|phi|int|64|0||0|0|12
1998,operand,phi,int,64,1,__ockl_fprintf_append_string_n,,0,0,12,__ockl_fprintf_append_string_n|operand|phi|int|64|1||0|0|12
1999,base,zext,int,64,-1,__ockl_fprintf_append_string_n,,0,0,64,__ockl_fprintf_append_string_n|base|zext|int|64|-1||0|0|64
2000,operand,zext,int,32,0,__ockl_fprintf_append_string_n,,0,0,11,__ockl_fprintf_append_string_n|operand|zext|int|32|0||0|0|11
2001,pointer,getelementptr,ptr,64,-1,__ockl_fprintf_append_string_n,,0,0,54,__ockl_fprintf_append_string_n|pointer|getelementptr|ptr|64|-1||0|0|54
2002,pointer,getelementptr,ptr,64,0,__ockl_fprintf_append_string_n,,0,0,54,__ockl_fprintf_append_string_n|pointer|getelementptr|ptr|64|0||0|0|54
2003,operand,getelementptr,int,64,1,__ockl_fprintf_append_string_n,,0,0,54,__ockl_fprintf_append_string_n|operand|getelementptr|int|64|1||0|0|54
2004,base,load,int,8,-1,__ockl_fprintf_append_string_n,,0,0,54,__ockl_fprintf_append_string_n|base|load|int|8|-1||0|0|54
2005,pointer,load,ptr,64,0,__ockl_fprintf_append_string_n,,0,0,54,__ockl_fprintf_append_string_n|pointer|load|ptr|64|0||0|0|54
2006,base,zext,int,64,-1,__ockl_fprintf_append_string_n,,0,0,65,__ockl_fprintf_append_string_n|base|zext|int|64|-1||0|0|65
2007,operand,zext,int,8,0,__ockl_fprintf_append_string_n,,0,0,54,__ockl_fprintf_append_string_n|operand|zext|int|8|0||0|0|54
2008,base,shl,int,32,-1,__ockl_fprintf_append_string_n,,0,0,6,__ockl_fprintf_append_string_n|base|shl|int|32|-1||0|0|6
2009,operand,shl,int,32,0,__ockl_fprintf_append_string_n,,0,0,6,__ockl_fprintf_append_string_n|operand|shl|int|32|0||0|0|6
2010,operand,shl,int,32,1,__ockl_fprintf_append_string_n,,0,0,6,__ockl_fprintf_append_string_n|operand|shl|int|32|1||0|0|6
2011,base,zext,int,64,-1,__ockl_fprintf_append_string_n,,0,0,66,__ockl_fprintf_append_string_n|base|zext|int|64|-1||0|0|66
2012,operand,zext,int,32,0,__ockl_fprintf_append_string_n,,0,0,12,__ockl_fprintf_append_string_n|operand|zext|int|32|0||0|0|12
2013,base,shl,int,64,-1,__ockl_fprintf_append_string_n,,0,0,48,__ockl_fprintf_append_string_n|base|shl|int|64|-1||0|0|48
2014,operand,shl,int,64,0,__ockl_fprintf_append_string_n,,0,0,48,__ockl_fprintf_append_string_n|operand|shl|int|64|0||0|0|48
2015,operand,shl,int,64,1,__ockl_fprintf_append_string_n,,0,0,48,__ockl_fprintf_append_string_n|operand|shl|int|64|1||0|0|48
2016,base,or,int,64,-1,__ockl_fprintf_append_string_n,,0,0,51,__ockl_fprintf_append_string_n|base|or|int|64|-1||0|0|51
2017,operand,or,int,64,0,__ockl_fprintf_append_string_n,,0,0,51,__ockl_fprintf_append_string_n|operand|or|int|64|0||0|0|51
2018,operand,or,int,64,1,__ockl_fprintf_append_string_n,,0,0,51,__ockl_fprintf_append_string_n|operand|or|int|64|1||0|0|51
2019,base,add,int,32,-1,__ockl_fprintf_append_string_n,,0,0,12,__ockl_fprintf_append_string_n|base|add|int|32|-1||0|0|12
2020,operand,add,int,32,0,__ockl_fprintf_append_string_n,,0,0,12,__ockl_fprintf_append_string_n|operand|add|int|32|0||0|0|12
2021,operand,add,int,32,1,__ockl_fprintf_append_string_n,,0,0,12,__ockl_fprintf_append_string_n|operand|add|int|32|1||0|0|12
2022,base,icmp,int,1,-1,__ockl_fprintf_append_string_n,,0,0,21,__ockl_fprintf_append_string_n|base|icmp|int|1|-1||0|0|21
2023,operand,icmp,int,32,0,__ockl_fprintf_append_string_n,,0,0,17,__ockl_fprintf_append_string_n|operand|icmp|int|32|0||0|0|17
2024,operand,icmp,int,32,1,__ockl_fprintf_append_string_n,,0,0,17,__ockl_fprintf_append_string_n|operand|icmp|int|32|1||0|0|17
2025,operand,br,int,1,0,__ockl_fprintf_append_string_n,,0,0,19,__ockl_fprintf_append_string_n|operand|br|int|1|0||0|0|19
2026,pointer,phi,ptr,64,-1,__ockl_fprintf_append_string_n,,0,0,7,__ockl_fprintf_append_string_n|pointer|phi|ptr|64|-1||0|0|7
2027,pointer,phi,ptr,64,0,__ockl_fprintf_append_string_n,,0,0,7,__ockl_fprintf_append_string_n|pointer|phi|ptr|64|0||0|0|7
2028,pointer,phi,ptr,64,1,__ockl_fprintf_append_string_n,,0,0,7,__ockl_fprintf_append_string_n|pointer|phi|ptr|64|1||0|0|7
2029,pointer,phi,ptr,64,2,__ockl_fprintf_append_string_n,,0,0,6,__ockl_fprintf_append_string_n|pointer|phi|ptr|64|2||0|0|6
2030,base,phi,int,32,-1,__ockl_fprintf_append_string_n,,0,0,12,__ockl_fprintf_append_string_n|base|phi|int|32|-1||0|0|12
2031,operand,phi,int,32,0,__ockl_fprintf_append_string_n,,0,0,12,__ockl_fprintf_append_string_n|operand|phi|int|32|0||0|0|12
2032,operand,phi,int,32,1,__ockl_fprintf_append_string_n,,0,0,12,__ockl_fprintf_append_string_n|operand|phi|int|32|1||0|0|12
2033,operand,phi,int,32,2,__ockl_fprintf_append_string_n,,0,0,6,__ockl_fprintf_append_string_n|operand|phi|int|32|2||0|0|6
2034,base,phi,int,64,-1,__ockl_fprintf_append_string_n,,0,0,13,__ockl_fprintf_append_string_n|base|phi|int|64|-1||0|0|13
2035,operand,phi,int,64,0,__ockl_fprintf_append_string_n,,0,0,13,__ockl_fprintf_append_string_n|operand|phi|int|64|0||0|0|13
2036,operand,phi,int,64,1,__ockl_fprintf_append_string_n,,0,0,13,__ockl_fprintf_append_string_n|operand|phi|int|64|1||0|0|13
2037,operand,phi,int,64,2,__ockl_fprintf_append_string_n,,0,0,6,__ockl_fprintf_append_string_n|operand|phi|int|64|2||0|0|6
2038,base,icmp,int,1,-1,__ockl_fprintf_append_string_n,,0,0,22,__ockl_fprintf_append_string_n|base|icmp|int|1|-1||0|0|22
2039,operand,icmp,int,32,0,__ockl_fprintf_append_string_n,,0,0,18,__ockl_fprintf_append_string_n|operand|icmp|int|32|0||0|0|18
2040,operand,icmp,int,32,1,__ockl_fprintf_append_string_n,,0,0,18,__ockl_fprintf_append_string_n|operand|icmp|int|32|1||0|0|18
2041,operand,br,int,1,0,__ockl_fprintf_append_string_n,,0,0,20,__ockl_fprintf_append_string_n|operand|br|int|1|0||0|0|20
2042,base,icmp,int,1,-1,__ockl_fprintf_append_string_n,,0,0,23,__ockl_fprintf_append_string_n|base|icmp|int|1|-1||0|0|23
2043,operand,icmp,int,32,0,__ockl_fprintf_append_string_n,,0,0,19,__ockl_fprintf_append_string_n|operand|icmp|int|32|0||0|0|19
2044,operand,icmp,int,32,1,__ockl_fprintf_append_string_n,,0,0,19,__ockl_fprintf_append_string_n|operand|icmp|int|32|1||0|0|19
2045,operand,br,int,1,0,__ockl_fprintf_append_string_n,,0,0,21,__ockl_fprintf_append_string_n|operand|br|int|1|0||0|0|21
2046,base,load,int,8,-1,__ockl_fprintf_append_string_n,,0,0,55,__ockl_fprintf_append_string_n|base|load|int|8|-1||0|0|55
2047,pointer,load,ptr,64,0,__ockl_fprintf_append_string_n,,0,0,55,__ockl_fprintf_append_string_n|pointer|load|ptr|64|0||0|0|55
2048,base,zext,int,64,-1,__ockl_fprintf_append_string_n,,0,0,67,__ockl_fprintf_append_string_n|base|zext|int|64|-1||0|0|67
2049,operand,zext,int,8,0,__ockl_fprintf_append_string_n,,0,0,55,__ockl_fprintf_append_string_n|operand|zext|int|8|0||0|0|55
2050,pointer,getelementptr,ptr,64,-1,__ockl_fprintf_append_string_n,,0,0,55,__ockl_fprintf_append_string_n|pointer|getelementptr|ptr|64|-1||0|0|55
2051,pointer,getelementptr,ptr,64,0,__ockl_fprintf_append_string_n,,0,0,55,__ockl_fprintf_append_string_n|pointer|getelementptr|ptr|64|0||0|0|55
2052,operand,getelementptr,int,64,1,__ockl_fprintf_append_string_n,,0,0,55,__ockl_fprintf_append_string_n|operand|getelementptr|int|64|1||0|0|55
2053,base,load,int,8,-1,__ockl_fprintf_append_string_n,,0,0,56,__ockl_fprintf_append_string_n|base|load|int|8|-1||0|0|56
2054,pointer,load,ptr,64,0,__ockl_fprintf_append_string_n,,0,0,56,__ockl_fprintf_append_string_n|pointer|load|ptr|64|0||0|0|56
2055,base,zext,int,64,-1,__ockl_fprintf_append_string_n,,0,0,68,__ockl_fprintf_append_string_n|base|zext|int|64|-1||0|0|68
2056,operand,zext,int,8,0,__ockl_fprintf_append_string_n,,0,0,56,__ockl_fprintf_append_string_n|operand|zext|int|8|0||0|0|56
2057,base,shl,int,64,-1,__ockl_fprintf_append_string_n,,0,0,49,__ockl_fprintf_append_string_n|base|shl|int|64|-1||0|0|49
2058,operand,shl,int,64,0,__ockl_fprintf_append_string_n,,0,0,49,__ockl_fprintf_append_string_n|operand|shl|int|64|0||0|0|49
2059,operand,shl,int,64,1,__ockl_fprintf_append_string_n,,0,0,49,__ockl_fprintf_append_string_n|operand|shl|int|64|1||0|0|49
2060,base,or,int,64,-1,__ockl_fprintf_append_string_n,,0,0,52,__ockl_fprintf_append_string_n|base|or|int|64|-1||0|0|52
2061,operand,or,int,64,0,__ockl_fprintf_append_string_n,,0,0,52,__ockl_fprintf_append_string_n|operand|or|int|64|0||0|0|52
2062,operand,or,int,64,1,__ockl_fprintf_append_string_n,,0,0,52,__ockl_fprintf_append_string_n|operand|or|int|64|1||0|0|52
2063,pointer,getelementptr,ptr,64,-1,__ockl_fprintf_append_string_n,,0,0,56,__ockl_fprintf_append_string_n|pointer|getelementptr|ptr|64|-1||0|0|56
2064,pointer,getelementptr,ptr,64,0,__ockl_fprintf_append_string_n,,0,0,56,__ockl_fprintf_append_string_n|pointer|getelementptr|ptr|64|0||0|0|56
2065,operand,getelementptr,int,64,1,__ockl_fprintf_append_string_n,,0,0,56,__ockl_fprintf_append_string_n|operand|getelementptr|int|64|1||0|0|56
2066,base,load,int,8,-1,__ockl_fprintf_append_string_n,,0,0,57,__ockl_fprintf_append_string_n|base|load|int|8|-1||0|0|57
2067,pointer,load,ptr,64,0,__ockl_fprintf_append_string_n,,0,0,57,__ockl_fprintf_append_string_n|pointer|load|ptr|64|0||0|0|57
2068,base,zext,int,64,-1,__ockl_fprintf_append_string_n,,0,0,69,__ockl_fprintf_append_string_n|base|zext|int|64|-1||0|0|69
2069,operand,zext,int,8,0,__ockl_fprintf_append_string_n,,0,0,57,__ockl_fprintf_append_string_n|operand|zext|int|8|0||0|0|57
2070,base,shl,int,64,-1,__ockl_fprintf_append_string_n,,0,0,50,__ockl_fprintf_append_string_n|base|shl|int|64|-1||0|0|50
2071,operand,shl,int,64,0,__ockl_fprintf_append_string_n,,0,0,50,__ockl_fprintf_append_string_n|operand|shl|int|64|0||0|0|50
2072,operand,shl,int,64,1,__ockl_fprintf_append_string_n,,0,0,50,__ockl_fprintf_append_string_n|operand|shl|int|64|1||0|0|50
2073,base,or,int,64,-1,__ockl_fprintf_append_string_n,,0,0,53,__ockl_fprintf_append_string_n|base|or|int|64|-1||0|0|53
2074,operand,or,int,64,0,__ockl_fprintf_append_string_n,,0,0,53,__ockl_fprintf_append_string_n|operand|or|int|64|0||0|0|53
2075,operand,or,int,64,1,__ockl_fprintf_append_string_n,,0,0,53,__ockl_fprintf_append_string_n|operand|or|int|64|1||0|0|53
2076,pointer,getelementptr,ptr,64,-1,__ockl_fprintf_append_string_n,,0,0,57,__ockl_fprintf_append_string_n|pointer|getelementptr|ptr|64|-1||0|0|57
2077,pointer,getelementptr,ptr,64,0,__ockl_fprintf_append_string_n,,0,0,57,__ockl_fprintf_append_string_n|pointer|getelementptr|ptr|64|0||0|0|57
2078,operand,getelementptr,int,64,1,__ockl_fprintf_append_string_n,,0,0,57,__ockl_fprintf_append_string_n|operand|getelementptr|int|64|1||0|0|57
2079,base,load,int,8,-1,__ockl_fprintf_append_string_n,,0,0,58,__ockl_fprintf_append_string_n|base|load|int|8|-1||0|0|58
2080,pointer,load,ptr,64,0,__ockl_fprintf_append_string_n,,0,0,58,__ockl_fprintf_append_string_n|pointer|load|ptr|64|0||0|0|58
2081,base,zext,int,64,-1,__ockl_fprintf_append_string_n,,0,0,70,__ockl_fprintf_append_string_n|base|zext|int|64|-1||0|0|70
2082,operand,zext,int,8,0,__ockl_fprintf_append_string_n,,0,0,58,__ockl_fprintf_append_string_n|operand|zext|int|8|0||0|0|58
2083,base,shl,int,64,-1,__ockl_fprintf_append_string_n,,0,0,51,__ockl_fprintf_append_string_n|base|shl|int|64|-1||0|0|51
2084,operand,shl,int,64,0,__ockl_fprintf_append_string_n,,0,0,51,__ockl_fprintf_append_string_n|operand|shl|int|64|0||0|0|51
2085,operand,shl,int,64,1,__ockl_fprintf_append_string_n,,0,0,51,__ockl_fprintf_append_string_n|operand|shl|int|64|1||0|0|51
2086,base,or,int,64,-1,__ockl_fprintf_append_string_n,,0,0,54,__ockl_fprintf_append_string_n|base|or|int|64|-1||0|0|54
2087,operand,or,int,64,0,__ockl_fprintf_append_string_n,,0,0,54,__ockl_fprintf_append_string_n|operand|or|int|64|0||0|0|54
2088,operand,or,int,64,1,__ockl_fprintf_append_string_n,,0,0,54,__ockl_fprintf_append_string_n|operand|or|int|64|1||0|0|54
2089,pointer,getelementptr,ptr,64,-1,__ockl_fprintf_append_string_n,,0,0,58,__ockl_fprintf_append_string_n|pointer|getelementptr|ptr|64|-1||0|0|58
2090,pointer,getelementptr,ptr,64,0,__ockl_fprintf_append_string_n,,0,0,58,__ockl_fprintf_append_string_n|pointer|getelementptr|ptr|64|0||0|0|58
2091,operand,getelementptr,int,64,1,__ockl_fprintf_append_string_n,,0,0,58,__ockl_fprintf_append_string_n|operand|getelementptr|int|64|1||0|0|58
2092,base,load,int,8,-1,__ockl_fprintf_append_string_n,,0,0,59,__ockl_fprintf_append_string_n|base|load|int|8|-1||0|0|59
2093,pointer,load,ptr,64,0,__ockl_fprintf_append_string_n,,0,0,59,__ockl_fprintf_append_string_n|pointer|load|ptr|64|0||0|0|59
2094,base,zext,int,64,-1,__ockl_fprintf_append_string_n,,0,0,71,__ockl_fprintf_append_string_n|base|zext|int|64|-1||0|0|71
2095,operand,zext,int,8,0,__ockl_fprintf_append_string_n,,0,0,59,__ockl_fprintf_append_string_n|operand|zext|int|8|0||0|0|59
2096,base,shl,int,64,-1,__ockl_fprintf_append_string_n,,0,0,52,__ockl_fprintf_append_string_n|base|shl|int|64|-1||0|0|52
2097,operand,shl,int,64,0,__ockl_fprintf_append_string_n,,0,0,52,__ockl_fprintf_append_string_n|operand|shl|int|64|0||0|0|52
2098,operand,shl,int,64,1,__ockl_fprintf_append_string_n,,0,0,52,__ockl_fprintf_append_string_n|operand|shl|int|64|1||0|0|52
2099,base,or,int,64,-1,__ockl_fprintf_append_string_n,,0,0,55,__ockl_fprintf_append_string_n|base|or|int|64|-1||0|0|55
2100,operand,or,int,64,0,__ockl_fprintf_append_string_n,,0,0,55,__ockl_fprintf_append_string_n|operand|or|int|64|0||0|0|55
2101,operand,or,int,64,1,__ockl_fprintf_append_string_n,,0,0,55,__ockl_fprintf_append_string_n|operand|or|int|64|1||0|0|55
2102,pointer,getelementptr,ptr,64,-1,__ockl_fprintf_append_string_n,,0,0,59,__ockl_fprintf_append_string_n|pointer|getelementptr|ptr|64|-1||0|0|59
2103,pointer,getelementptr,ptr,64,0,__ockl_fprintf_append_string_n,,0,0,59,__ockl_fprintf_append_string_n|pointer|getelementptr|ptr|64|0||0|0|59
2104,operand,getelementptr,int,64,1,__ockl_fprintf_append_string_n,,0,0,59,__ockl_fprintf_append_string_n|operand|getelementptr|int|64|1||0|0|59
2105,base,load,int,8,-1,__ockl_fprintf_append_string_n,,0,0,60,__ockl_fprintf_append_string_n|base|load|int|8|-1||0|0|60
2106,pointer,load,ptr,64,0,__ockl_fprintf_append_string_n,,0,0,60,__ockl_fprintf_append_string_n|pointer|load|ptr|64|0||0|0|60
2107,base,zext,int,64,-1,__ockl_fprintf_append_string_n,,0,0,72,__ockl_fprintf_append_string_n|base|zext|int|64|-1||0|0|72
2108,operand,zext,int,8,0,__ockl_fprintf_append_string_n,,0,0,60,__ockl_fprintf_append_string_n|operand|zext|int|8|0||0|0|60
2109,base,shl,int,64,-1,__ockl_fprintf_append_string_n,,0,0,53,__ockl_fprintf_append_string_n|base|shl|int|64|-1||0|0|53
2110,operand,shl,int,64,0,__ockl_fprintf_append_string_n,,0,0,53,__ockl_fprintf_append_string_n|operand|shl|int|64|0||0|0|53
2111,operand,shl,int,64,1,__ockl_fprintf_append_string_n,,0,0,53,__ockl_fprintf_append_string_n|operand|shl|int|64|1||0|0|53
2112,base,or,int,64,-1,__ockl_fprintf_append_string_n,,0,0,56,__ockl_fprintf_append_string_n|base|or|int|64|-1||0|0|56
2113,operand,or,int,64,0,__ockl_fprintf_append_string_n,,0,0,56,__ockl_fprintf_append_string_n|operand|or|int|64|0||0|0|56
2114,operand,or,int,64,1,__ockl_fprintf_append_string_n,,0,0,56,__ockl_fprintf_append_string_n|operand|or|int|64|1||0|0|56
2115,pointer,getelementptr,ptr,64,-1,__ockl_fprintf_append_string_n,,0,0,60,__ockl_fprintf_append_string_n|pointer|getelementptr|ptr|64|-1||0|0|60
2116,pointer,getelementptr,ptr,64,0,__ockl_fprintf_append_string_n,,0,0,60,__ockl_fprintf_append_string_n|pointer|getelementptr|ptr|64|0||0|0|60
2117,operand,getelementptr,int,64,1,__ockl_fprintf_append_string_n,,0,0,60,__ockl_fprintf_append_string_n|operand|getelementptr|int|64|1||0|0|60
2118,base,load,int,8,-1,__ockl_fprintf_append_string_n,,0,0,61,__ockl_fprintf_append_string_n|base|load|int|8|-1||0|0|61
2119,pointer,load,ptr,64,0,__ockl_fprintf_append_string_n,,0,0,61,__ockl_fprintf_append_string_n|pointer|load|ptr|64|0||0|0|61
2120,base,zext,int,64,-1,__ockl_fprintf_append_string_n,,0,0,73,__ockl_fprintf_append_string_n|base|zext|int|64|-1||0|0|73
2121,operand,zext,int,8,0,__ockl_fprintf_append_string_n,,0,0,61,__ockl_fprintf_append_string_n|operand|zext|int|8|0||0|0|61
2122,base,shl,int,64,-1,__ockl_fprintf_append_string_n,,0,0,54,__ockl_fprintf_append_string_n|base|shl|int|64|-1||0|0|54
2123,operand,shl,int,64,0,__ockl_fprintf_append_string_n,,0,0,54,__ockl_fprintf_append_string_n|operand|shl|int|64|0||0|0|54
2124,operand,shl,int,64,1,__ockl_fprintf_append_string_n,,0,0,54,__ockl_fprintf_append_string_n|operand|shl|int|64|1||0|0|54
2125,base,or,int,64,-1,__ockl_fprintf_append_string_n,,0,0,57,__ockl_fprintf_append_string_n|base|or|int|64|-1||0|0|57
2126,operand,or,int,64,0,__ockl_fprintf_append_string_n,,0,0,57,__ockl_fprintf_append_string_n|operand|or|int|64|0||0|0|57
2127,operand,or,int,64,1,__ockl_fprintf_append_string_n,,0,0,57,__ockl_fprintf_append_string_n|operand|or|int|64|1||0|0|57
2128,pointer,getelementptr,ptr,64,-1,__ockl_fprintf_append_string_n,,0,0,61,__ockl_fprintf_append_string_n|pointer|getelementptr|ptr|64|-1||0|0|61
2129,pointer,getelementptr,ptr,64,0,__ockl_fprintf_append_string_n,,0,0,61,__ockl_fprintf_append_string_n|pointer|getelementptr|ptr|64|0||0|0|61
2130,operand,getelementptr,int,64,1,__ockl_fprintf_append_string_n,,0,0,61,__ockl_fprintf_append_string_n|operand|getelementptr|int|64|1||0|0|61
2131,base,load,int,8,-1,__ockl_fprintf_append_string_n,,0,0,62,__ockl_fprintf_append_string_n|base|load|int|8|-1||0|0|62
2132,pointer,load,ptr,64,0,__ockl_fprintf_append_string_n,,0,0,62,__ockl_fprintf_append_string_n|pointer|load|ptr|64|0||0|0|62
2133,base,zext,int,64,-1,__ockl_fprintf_append_string_n,,0,0,74,__ockl_fprintf_append_string_n|base|zext|int|64|-1||0|0|74
2134,operand,zext,int,8,0,__ockl_fprintf_append_string_n,,0,0,62,__ockl_fprintf_append_string_n|operand|zext|int|8|0||0|0|62
2135,base,shl,int,64,-1,__ockl_fprintf_append_string_n,,0,0,55,__ockl_fprintf_append_string_n|base|shl|int|64|-1||0|0|55
2136,operand,shl,int,64,0,__ockl_fprintf_append_string_n,,0,0,55,__ockl_fprintf_append_string_n|operand|shl|int|64|0||0|0|55
2137,operand,shl,int,64,1,__ockl_fprintf_append_string_n,,0,0,55,__ockl_fprintf_append_string_n|operand|shl|int|64|1||0|0|55
2138,base,or,int,64,-1,__ockl_fprintf_append_string_n,,0,0,58,__ockl_fprintf_append_string_n|base|or|int|64|-1||0|0|58
2139,operand,or,int,64,0,__ockl_fprintf_append_string_n,,0,0,58,__ockl_fprintf_append_string_n|operand|or|int|64|0||0|0|58
2140,operand,or,int,64,1,__ockl_fprintf_append_string_n,,0,0,58,__ockl_fprintf_append_string_n|operand|or|int|64|1||0|0|58
2141,base,phi,int,32,-1,__ockl_fprintf_append_string_n,,0,0,13,__ockl_fprintf_append_string_n|base|phi|int|32|-1||0|0|13
2142,operand,phi,int,32,0,__ockl_fprintf_append_string_n,,0,0,13,__ockl_fprintf_append_string_n|operand|phi|int|32|0||0|0|13
2143,operand,phi,int,32,1,__ockl_fprintf_append_string_n,,0,0,13,__ockl_fprintf_append_string_n|operand|phi|int|32|1||0|0|13
2144,base,phi,int,64,-1,__ockl_fprintf_append_string_n,,0,0,14,__ockl_fprintf_append_string_n|base|phi|int|64|-1||0|0|14
2145,operand,phi,int,64,0,__ockl_fprintf_append_string_n,,0,0,14,__ockl_fprintf_append_string_n|operand|phi|int|64|0||0|0|14
2146,operand,phi,int,64,1,__ockl_fprintf_append_string_n,,0,0,14,__ockl_fprintf_append_string_n|operand|phi|int|64|1||0|0|14
2147,base,zext,int,64,-1,__ockl_fprintf_append_string_n,,0,0,75,__ockl_fprintf_append_string_n|base|zext|int|64|-1||0|0|75
2148,operand,zext,int,32,0,__ockl_fprintf_append_string_n,,0,0,13,__ockl_fprintf_append_string_n|operand|zext|int|32|0||0|0|13
2149,pointer,getelementptr,ptr,64,-1,__ockl_fprintf_append_string_n,,0,0,62,__ockl_fprintf_append_string_n|pointer|getelementptr|ptr|64|-1||0|0|62
2150,pointer,getelementptr,ptr,64,0,__ockl_fprintf_append_string_n,,0,0,62,__ockl_fprintf_append_string_n|pointer|getelementptr|ptr|64|0||0|0|62
2151,operand,getelementptr,int,64,1,__ockl_fprintf_append_string_n,,0,0,62,__ockl_fprintf_append_string_n|operand|getelementptr|int|64|1||0|0|62
2152,base,load,int,8,-1,__ockl_fprintf_append_string_n,,0,0,63,__ockl_fprintf_append_string_n|base|load|int|8|-1||0|0|63
2153,pointer,load,ptr,64,0,__ockl_fprintf_append_string_n,,0,0,63,__ockl_fprintf_append_string_n|pointer|load|ptr|64|0||0|0|63
2154,base,zext,int,64,-1,__ockl_fprintf_append_string_n,,0,0,76,__ockl_fprintf_append_string_n|base|zext|int|64|-1||0|0|76
2155,operand,zext,int,8,0,__ockl_fprintf_append_string_n,,0,0,63,__ockl_fprintf_append_string_n|operand|zext|int|8|0||0|0|63
2156,base,shl,int,32,-1,__ockl_fprintf_append_string_n,,0,0,7,__ockl_fprintf_append_string_n|base|shl|int|32|-1||0|0|7
2157,operand,shl,int,32,0,__ockl_fprintf_append_string_n,,0,0,7,__ockl_fprintf_append_string_n|operand|shl|int|32|0||0|0|7
2158,operand,shl,int,32,1,__ockl_fprintf_append_string_n,,0,0,7,__ockl_fprintf_append_string_n|operand|shl|int|32|1||0|0|7
2159,base,zext,int,64,-1,__ockl_fprintf_append_string_n,,0,0,77,__ockl_fprintf_append_string_n|base|zext|int|64|-1||0|0|77
2160,operand,zext,int,32,0,__ockl_fprintf_append_string_n,,0,0,14,__ockl_fprintf_append_string_n|operand|zext|int|32|0||0|0|14
2161,base,shl,int,64,-1,__ockl_fprintf_append_string_n,,0,0,56,__ockl_fprintf_append_string_n|base|shl|int|64|-1||0|0|56
2162,operand,shl,int,64,0,__ockl_fprintf_append_string_n,,0,0,56,__ockl_fprintf_append_string_n|operand|shl|int|64|0||0|0|56
2163,operand,shl,int,64,1,__ockl_fprintf_append_string_n,,0,0,56,__ockl_fprintf_append_string_n|operand|shl|int|64|1||0|0|56
2164,base,or,int,64,-1,__ockl_fprintf_append_string_n,,0,0,59,__ockl_fprintf_append_string_n|base|or|int|64|-1||0|0|59
2165,operand,or,int,64,0,__ockl_fprintf_append_string_n,,0,0,59,__ockl_fprintf_append_string_n|operand|or|int|64|0||0|0|59
2166,operand,or,int,64,1,__ockl_fprintf_append_string_n,,0,0,59,__ockl_fprintf_append_string_n|operand|or|int|64|1||0|0|59
2167,base,add,int,32,-1,__ockl_fprintf_append_string_n,,0,0,13,__ockl_fprintf_append_string_n|base|add|int|32|-1||0|0|13
2168,operand,add,int,32,0,__ockl_fprintf_append_string_n,,0,0,13,__ockl_fprintf_append_string_n|operand|add|int|32|0||0|0|13
2169,operand,add,int,32,1,__ockl_fprintf_append_string_n,,0,0,13,__ockl_fprintf_append_string_n|operand|add|int|32|1||0|0|13
2170,base,icmp,int,1,-1,__ockl_fprintf_append_string_n,,0,0,24,__ockl_fprintf_append_string_n|base|icmp|int|1|-1||0|0|24
2171,operand,icmp,int,32,0,__ockl_fprintf_append_string_n,,0,0,20,__ockl_fprintf_append_string_n|operand|icmp|int|32|0||0|0|20
2172,operand,icmp,int,32,1,__ockl_fprintf_append_string_n,,0,0,20,__ockl_fprintf_append_string_n|operand|icmp|int|32|1||0|0|20
2173,operand,br,int,1,0,__ockl_fprintf_append_string_n,,0,0,22,__ockl_fprintf_append_string_n|operand|br|int|1|0||0|0|22
2174,base,phi,int,64,-1,__ockl_fprintf_append_string_n,,0,0,15,__ockl_fprintf_append_string_n|base|phi|int|64|-1||0|0|15
2175,operand,phi,int,64,0,__ockl_fprintf_append_string_n,,0,0,15,__ockl_fprintf_append_string_n|operand|phi|int|64|0||0|0|15
2176,operand,phi,int,64,1,__ockl_fprintf_append_string_n,,0,0,15,__ockl_fprintf_append_string_n|operand|phi|int|64|1||0|0|15
2177,operand,phi,int,64,2,__ockl_fprintf_append_string_n,,0,0,7,__ockl_fprintf_append_string_n|operand|phi|int|64|2||0|0|7
2178,base,shl,int,64,-1,__ockl_fprintf_append_string_n,,0,0,57,__ockl_fprintf_append_string_n|base|shl|int|64|-1||0|0|57
2179,operand,shl,int,64,0,__ockl_fprintf_append_string_n,,0,0,57,__ockl_fprintf_append_string_n|operand|shl|int|64|0||0|0|57
2180,operand,shl,int,64,1,__ockl_fprintf_append_string_n,,0,0,57,__ockl_fprintf_append_string_n|operand|shl|int|64|1||0|0|57
2181,base,add,int,64,-1,__ockl_fprintf_append_string_n,,0,0,1,__ockl_fprintf_append_string_n|base|add|int|64|-1||0|0|1
2182,operand,add,int,64,0,__ockl_fprintf_append_string_n,,0,0,1,__ockl_fprintf_append_string_n|operand|add|int|64|0||0|0|1
2183,operand,add,int,64,1,__ockl_fprintf_append_string_n,,0,0,1,__ockl_fprintf_append_string_n|operand|add|int|64|1||0|0|1
2184,base,and,int,64,-1,__ockl_fprintf_append_string_n,,0,0,4,__ockl_fprintf_append_string_n|base|and|int|64|-1||0|0|4
2185,operand,and,int,64,0,__ockl_fprintf_append_string_n,,0,0,4,__ockl_fprintf_append_string_n|operand|and|int|64|0||0|0|4
2186,operand,and,int,64,1,__ockl_fprintf_append_string_n,,0,0,4,__ockl_fprintf_append_string_n|operand|and|int|64|1||0|0|4
2187,base,and,int,64,-1,__ockl_fprintf_append_string_n,,0,0,5,__ockl_fprintf_append_string_n|base|and|int|64|-1||0|0|5
2188,operand,and,int,64,0,__ockl_fprintf_append_string_n,,0,0,5,__ockl_fprintf_append_string_n|operand|and|int|64|0||0|0|5
2189,operand,and,int,64,1,__ockl_fprintf_append_string_n,,0,0,5,__ockl_fprintf_append_string_n|operand|and|int|64|1||0|0|5
2190,base,or,int,64,-1,__ockl_fprintf_append_string_n,,0,0,60,__ockl_fprintf_append_string_n|base|or|int|64|-1||0|0|60
2191,operand,or,int,64,0,__ockl_fprintf_append_string_n,,0,0,60,__ockl_fprintf_append_string_n|operand|or|int|64|0||0|0|60
2192,operand,or,int,64,1,__ockl_fprintf_append_string_n,,0,0,60,__ockl_fprintf_append_string_n|operand|or|int|64|1||0|0|60
2193,operand,call,int,32,0,__ockl_fprintf_append_string_n,,0,0,2,__ockl_fprintf_append_string_n|operand|call|int|32|0||0|0|2
2194,operand,call,int,64,1,__ockl_fprintf_append_string_n,,0,0,3,__ockl_fprintf_append_string_n|operand|call|int|64|1||0|0|3
2195,operand,call,int,64,2,__ockl_fprintf_append_string_n,,0,0,2,__ockl_fprintf_append_string_n|operand|call|int|64|2||0|0|2
2196,operand,call,int,64,3,__ockl_fprintf_append_string_n,,0,0,2,__ockl_fprintf_append_string_n|operand|call|int|64|3||0|0|2
2197,operand,call,int,64,4,__ockl_fprintf_append_string_n,,0,0,2,__ockl_fprintf_append_string_n|operand|call|int|64|4||0|0|2
2198,operand,call,int,64,5,__ockl_fprintf_append_string_n,,0,0,2,__ockl_fprintf_append_string_n|operand|call|int|64|5||0|0|2
2199,operand,call,int,64,6,__ockl_fprintf_append_string_n,,0,0,2,__ockl_fprintf_append_string_n|operand|call|int|64|6||0|0|2
2200,operand,call,int,64,7,__ockl_fprintf_append_string_n,,0,0,2,__ockl_fprintf_append_string_n|operand|call|int|64|7||0|0|2
2201,operand,call,int,64,8,__ockl_fprintf_append_string_n,,0,0,2,__ockl_fprintf_append_string_n|operand|call|int|64|8||0|0|2
2202,pointer,call,ptr,64,9,__ockl_fprintf_append_string_n,,0,0,2,__ockl_fprintf_append_string_n|pointer|call|ptr|64|9||0|0|2
2203,base,sub,int,64,-1,__ockl_fprintf_append_string_n,,0,0,1,__ockl_fprintf_append_string_n|base|sub|int|64|-1||0|0|1
2204,operand,sub,int,64,0,__ockl_fprintf_append_string_n,,0,0,1,__ockl_fprintf_append_string_n|operand|sub|int|64|0||0|0|1
2205,operand,sub,int,64,1,__ockl_fprintf_append_string_n,,0,0,1,__ockl_fprintf_append_string_n|operand|sub|int|64|1||0|0|1
2206,pointer,getelementptr,ptr,64,-1,__ockl_fprintf_append_string_n,,0,0,63,__ockl_fprintf_append_string_n|pointer|getelementptr|ptr|64|-1||0|0|63
2207,pointer,getelementptr,ptr,64,0,__ockl_fprintf_append_string_n,,0,0,63,__ockl_fprintf_append_string_n|pointer|getelementptr|ptr|64|0||0|0|63
2208,operand,getelementptr,int,64,1,__ockl_fprintf_append_string_n,,0,0,63,__ockl_fprintf_append_string_n|operand|getelementptr|int|64|1||0|0|63
2209,base,icmp,int,1,-1,__ockl_fprintf_append_string_n,,0,0,25,__ockl_fprintf_append_string_n|base|icmp|int|1|-1||0|0|25
2210,operand,icmp,int,64,0,__ockl_fprintf_append_string_n,,0,0,4,__ockl_fprintf_append_string_n|operand|icmp|int|64|0||0|0|4
2211,operand,icmp,int,64,1,__ockl_fprintf_append_string_n,,0,0,4,__ockl_fprintf_append_string_n|operand|icmp|int|64|1||0|0|4
2212,operand,br,int,1,0,__ockl_fprintf_append_string_n,,0,0,23,__ockl_fprintf_append_string_n|operand|br|int|1|0||0|0|23
2213,base,extractelement,int,64,-1,__ockl_fprintf_append_string_n,,0,0,3,__ockl_fprintf_append_string_n|base|extractelement|int|64|-1||0|0|3
2214,operand,extractelement,int,64,1,__ockl_fprintf_append_string_n,,0,0,3,__ockl_fprintf_append_string_n|operand|extractelement|int|64|1||0|0|3
2215,operand,ret,int,64,0,__ockl_fprintf_append_string_n,,0,0,1,__ockl_fprintf_append_string_n|operand|ret|int|64|0||0|0|1
2216,operand,switch,int,32,0,__ockl_get_local_size,,0,0,1,__ockl_get_local_size|operand|switch|int|32|0||0|0|1
2217,operand,switch,int,32,2,__ockl_get_local_size,,0,0,1,__ockl_get_local_size|operand|switch|int|32|2||0|0|1
2218,operand,switch,int,32,4,__ockl_get_local_size,,0,0,1,__ockl_get_local_size|operand|switch|int|32|4||0|0|1
2219,operand,switch,int,32,6,__ockl_get_local_size,,0,0,1,__ockl_get_local_size|operand|switch|int|32|6||0|0|1
2220,base,load,int,32,-1,__ockl_get_local_size,,0,0,1,__ockl_get_local_size|base|load|int|32|-1||0|0|1
2221,pointer,load,ptr,64,0,__ockl_get_local_size,,0,0,1,__ockl_get_local_size|pointer|load|ptr|64|0||0|0|1
2222,base,icmp,int,1,-1,__ockl_get_local_size,,0,0,1,__ockl_get_local_size|base|icmp|int|1|-1||0|0|1
2223,operand,icmp,int,32,0,__ockl_get_local_size,,0,0,1,__ockl_get_local_size|operand|icmp|int|32|0||0|0|1
2224,operand,icmp,int,32,1,__ockl_get_local_size,,0,0,1,__ockl_get_local_size|operand|icmp|int|32|1||0|0|1
2225,operand,br,int,1,0,__ockl_get_local_size,,0,0,1,__ockl_get_local_size|operand|br|int|1|0||0|0|1
2226,pointer,call,ptr,64,-1,__ockl_get_local_size,,0,0,1,__ockl_get_local_size|pointer|call|ptr|64|-1||0|0|1
2227,pointer,call,ptr,64,0,__ockl_get_local_size,,0,0,1,__ockl_get_local_size|pointer|call|ptr|64|0||0|0|1
2228,base,call,int,32,-1,__ockl_get_local_size,,0,0,1,__ockl_get_local_size|base|call|int|32|-1||0|0|1
2229,pointer,call,ptr,64,0,__ockl_get_local_size,,0,0,2,__ockl_get_local_size|pointer|call|ptr|64|0||0|0|2
2230,pointer,getelementptr,ptr,64,-1,__ockl_get_local_size,,0,0,1,__ockl_get_local_size|pointer|getelementptr|ptr|64|-1||0|0|1
2231,pointer,getelementptr,ptr,64,0,__ockl_get_local_size,,0,0,1,__ockl_get_local_size|pointer|getelementptr|ptr|64|0||0|0|1
2232,operand,getelementptr,int,64,1,__ockl_get_local_size,,0,0,1,__ockl_get_local_size|operand|getelementptr|int|64|1||0|0|1
2233,base,load,int,16,-1,__ockl_get_local_size,,0,0,1,__ockl_get_local_size|base|load|int|16|-1||0|0|1
2234,pointer,load,ptr,64,0,__ockl_get_local_size,,0,0,2,__ockl_get_local_size|pointer|load|ptr|64|0||0|0|2
2235,base,zext,int,32,-1,__ockl_get_local_size,,0,0,1,__ockl_get_local_size|base|zext|int|32|-1||0|0|1
2236,operand,zext,int,16,0,__ockl_get_local_size,,0,0,1,__ockl_get_local_size|operand|zext|int|16|0||0|0|1
2237,pointer,getelementptr,ptr,64,-1,__ockl_get_local_size,,0,0,2,__ockl_get_local_size|pointer|getelementptr|ptr|64|-1||0|0|2
2238,pointer,getelementptr,ptr,64,0,__ockl_get_local_size,,0,0,2,__ockl_get_local_size|pointer|getelementptr|ptr|64|0||0|0|2
2239,operand,getelementptr,int,64,1,__ockl_get_local_size,,0,0,2,__ockl_get_local_size|operand|getelementptr|int|64|1||0|0|2
2240,base,load,int,32,-1,__ockl_get_local_size,,0,0,2,__ockl_get_local_size|base|load|int|32|-1||0|0|2
2241,pointer,load,ptr,64,0,__ockl_get_local_size,,0,0,3,__ockl_get_local_size|pointer|load|ptr|64|0||0|0|3
2242,base,mul,int,32,-1,__ockl_get_local_size,,0,0,1,__ockl_get_local_size|base|mul|int|32|-1||0|0|1
2243,operand,mul,int,32,0,__ockl_get_local_size,,0,0,1,__ockl_get_local_size|operand|mul|int|32|0||0|0|1
2244,operand,mul,int,32,1,__ockl_get_local_size,,0,0,1,__ockl_get_local_size|operand|mul|int|32|1||0|0|1
2245,base,sub,int,32,-1,__ockl_get_local_size,,0,0,1,__ockl_get_local_size|base|sub|int|32|-1||0|0|1
2246,operand,sub,int,32,0,__ockl_get_local_size,,0,0,1,__ockl_get_local_size|operand|sub|int|32|0||0|0|1
2247,operand,sub,int,32,1,__ockl_get_local_size,,0,0,1,__ockl_get_local_size|operand|sub|int|32|1||0|0|1
2248,base,call,int,32,-1,__ockl_get_local_size,,0,0,2,__ockl_get_local_size|base|call|int|32|-1||0|0|2
2249,operand,call,int,32,0,__ockl_get_local_size,,0,0,1,__ockl_get_local_size|operand|call|int|32|0||0|0|1
2250,operand,call,int,32,1,__ockl_get_local_size,,0,0,1,__ockl_get_local_size|operand|call|int|32|1||0|0|1
2251,pointer,call,ptr,64,2,__ockl_get_local_size,,0,0,1,__ockl_get_local_size|pointer|call|ptr|64|2||0|0|1
2252,base,zext,int,64,-1,__ockl_get_local_size,,0,0,1,__ockl_get_local_size|base|zext|int|64|-1||0|0|1
2253,operand,zext,int,32,0,__ockl_get_local_size,,0,0,1,__ockl_get_local_size|operand|zext|int|32|0||0|0|1
2254,base,call,int,32,-1,__ockl_get_local_size,,0,0,3,__ockl_get_local_size|base|call|int|32|-1||0|0|3
2255,pointer,call,ptr,64,0,__ockl_get_local_size,,0,0,3,__ockl_get_local_size|pointer|call|ptr|64|0||0|0|3
2256,pointer,call,ptr,64,-1,__ockl_get_local_size,,0,0,2,__ockl_get_local_size|pointer|call|ptr|64|-1||0|0|2
2257,pointer,call,ptr,64,0,__ockl_get_local_size,,0,0,4,__ockl_get_local_size|pointer|call|ptr|64|0||0|0|4
2258,base,load,int,32,-1,__ockl_get_local_size,,0,0,3,__ockl_get_local_size|base|load|int|32|-1||0|0|3
2259,pointer,load,ptr,64,0,__ockl_get_local_size,,0,0,4,__ockl_get_local_size|pointer|load|ptr|64|0||0|0|4
2260,base,icmp,int,1,-1,__ockl_get_local_size,,0,0,2,__ockl_get_local_size|base|icmp|int|1|-1||0|0|2
2261,operand,icmp,int,32,0,__ockl_get_local_size,,0,0,2,__ockl_get_local_size|operand|icmp|int|32|0||0|0|2
2262,operand,icmp,int,32,1,__ockl_get_local_size,,0,0,2,__ockl_get_local_size|operand|icmp|int|32|1||0|0|2
2263,base,select,int,64,-1,__ockl_get_local_size,,0,0,1,__ockl_get_local_size|base|select|int|64|-1||0|0|1
2264,operand,select,int,1,0,__ockl_get_local_size,,0,0,1,__ockl_get_local_size|operand|select|int|1|0||0|0|1
2265,operand,select,int,64,1,__ockl_get_local_size,,0,0,1,__ockl_get_local_size|operand|select|int|64|1||0|0|1
2266,operand,select,int,64,2,__ockl_get_local_size,,0,0,1,__ockl_get_local_size|operand|select|int|64|2||0|0|1
2267,pointer,getelementptr,ptr,64,-1,__ockl_get_local_size,,0,0,3,__ockl_get_local_size|pointer|getelementptr|ptr|64|-1||0|0|3
2268,pointer,getelementptr,ptr,64,0,__ockl_get_local_size,,0,0,3,__ockl_get_local_size|pointer|getelementptr|ptr|64|0||0|0|3
2269,operand,getelementptr,int,64,1,__ockl_get_local_size,,0,0,3,__ockl_get_local_size|operand|getelementptr|int|64|1||0|0|3
2270,base,load,int,16,-1,__ockl_get_local_size,,0,0,2,__ockl_get_local_size|base|load|int|16|-1||0|0|2
2271,pointer,load,ptr,64,0,__ockl_get_local_size,,0,0,5,__ockl_get_local_size|pointer|load|ptr|64|0||0|0|5
2272,base,zext,int,64,-1,__ockl_get_local_size,,0,0,2,__ockl_get_local_size|base|zext|int|64|-1||0|0|2
2273,operand,zext,int,16,0,__ockl_get_local_size,,0,0,2,__ockl_get_local_size|operand|zext|int|16|0||0|0|2
2274,base,load,int,32,-1,__ockl_get_local_size,,0,0,4,__ockl_get_local_size|base|load|int|32|-1||0|0|4
2275,pointer,load,ptr,64,0,__ockl_get_local_size,,0,0,6,__ockl_get_local_size|pointer|load|ptr|64|0||0|0|6
2276,base,icmp,int,1,-1,__ockl_get_local_size,,0,0,3,__ockl_get_local_size|base|icmp|int|1|-1||0|0|3
2277,operand,icmp,int,32,0,__ockl_get_local_size,,0,0,3,__ockl_get_local_size|operand|icmp|int|32|0||0|0|3
2278,operand,icmp,int,32,1,__ockl_get_local_size,,0,0,3,__ockl_get_local_size|operand|icmp|int|32|1||0|0|3
2279,operand,br,int,1,0,__ockl_get_local_size,,0,0,2,__ockl_get_local_size|operand|br|int|1|0||0|0|2
2280,pointer,call,ptr,64,-1,__ockl_get_local_size,,0,0,3,__ockl_get_local_size|pointer|call|ptr|64|-1||0|0|3
2281,pointer,call,ptr,64,0,__ockl_get_local_size,,0,0,5,__ockl_get_local_size|pointer|call|ptr|64|0||0|0|5
2282,base,call,int,32,-1,__ockl_get_local_size,,0,0,4,__ockl_get_local_size|base|call|int|32|-1||0|0|4
2283,pointer,call,ptr,64,0,__ockl_get_local_size,,0,0,6,__ockl_get_local_size|pointer|call|ptr|64|0||0|0|6
2284,pointer,getelementptr,ptr,64,-1,__ockl_get_local_size,,0,0,4,__ockl_get_local_size|pointer|getelementptr|ptr|64|-1||0|0|4
2285,pointer,getelementptr,ptr,64,0,__ockl_get_local_size,,0,0,4,__ockl_get_local_size|pointer|getelementptr|ptr|64|0||0|0|4
2286,operand,getelementptr,int,64,1,__ockl_get_local_size,,0,0,4,__ockl_get_local_size|operand|getelementptr|int|64|1||0|0|4
2287,base,load,int,16,-1,__ockl_get_local_size,,0,0,3,__ockl_get_local_size|base|load|int|16|-1||0|0|3
2288,pointer,load,ptr,64,0,__ockl_get_local_size,,0,0,7,__ockl_get_local_size|pointer|load|ptr|64|0||0|0|7
2289,base,zext,int,32,-1,__ockl_get_local_size,,0,0,2,__ockl_get_local_size|base|zext|int|32|-1||0|0|2
2290,operand,zext,int,16,0,__ockl_get_local_size,,0,0,3,__ockl_get_local_size|operand|zext|int|16|0||0|0|3
2291,pointer,getelementptr,ptr,64,-1,__ockl_get_local_size,,0,0,5,__ockl_get_local_size|pointer|getelementptr|ptr|64|-1||0|0|5
2292,pointer,getelementptr,ptr,64,0,__ockl_get_local_size,,0,0,5,__ockl_get_local_size|pointer|getelementptr|ptr|64|0||0|0|5
2293,operand,getelementptr,int,64,1,__ockl_get_local_size,,0,0,5,__ockl_get_local_size|operand|getelementptr|int|64|1||0|0|5
2294,base,load,int,32,-1,__ockl_get_local_size,,0,0,5,__ockl_get_local_size|base|load|int|32|-1||0|0|5
2295,pointer,load,ptr,64,0,__ockl_get_local_size,,0,0,8,__ockl_get_local_size|pointer|load|ptr|64|0||0|0|8
2296,base,mul,int,32,-1,__ockl_get_local_size,,0,0,2,__ockl_get_local_size|base|mul|int|32|-1||0|0|2
2297,operand,mul,int,32,0,__ockl_get_local_size,,0,0,2,__ockl_get_local_size|operand|mul|int|32|0||0|0|2
2298,operand,mul,int,32,1,__ockl_get_local_size,,0,0,2,__ockl_get_local_size|operand|mul|int|32|1||0|0|2
2299,base,sub,int,32,-1,__ockl_get_local_size,,0,0,2,__ockl_get_local_size|base|sub|int|32|-1||0|0|2
2300,operand,sub,int,32,0,__ockl_get_local_size,,0,0,2,__ockl_get_local_size|operand|sub|int|32|0||0|0|2
2301,operand,sub,int,32,1,__ockl_get_local_size,,0,0,2,__ockl_get_local_size|operand|sub|int|32|1||0|0|2
2302,base,call,int,32,-1,__ockl_get_local_size,,0,0,5,__ockl_get_local_size|base|call|int|32|-1||0|0|5
2303,operand,call,int,32,0,__ockl_get_local_size,,0,0,2,__ockl_get_local_size|operand|call|int|32|0||0|0|2
2304,operand,call,int,32,1,__ockl_get_local_size,,0,0,2,__ockl_get_local_size|operand|call|int|32|1||0|0|2
2305,pointer,call,ptr,64,2,__ockl_get_local_size,,0,0,2,__ockl_get_local_size|pointer|call|ptr|64|2||0|0|2
2306,base,zext,int,64,-1,__ockl_get_local_size,,0,0,3,__ockl_get_local_size|base|zext|int|64|-1||0|0|3
2307,operand,zext,int,32,0,__ockl_get_local_size,,0,0,2,__ockl_get_local_size|operand|zext|int|32|0||0|0|2
2308,base,call,int,32,-1,__ockl_get_local_size,,0,0,6,__ockl_get_local_size|base|call|int|32|-1||0|0|6
2309,pointer,call,ptr,64,0,__ockl_get_local_size,,0,0,7,__ockl_get_local_size|pointer|call|ptr|64|0||0|0|7
2310,pointer,call,ptr,64,-1,__ockl_get_local_size,,0,0,4,__ockl_get_local_size|pointer|call|ptr|64|-1||0|0|4
2311,pointer,call,ptr,64,0,__ockl_get_local_size,,0,0,8,__ockl_get_local_size|pointer|call|ptr|64|0||0|0|8
2312,pointer,getelementptr,ptr,64,-1,__ockl_get_local_size,,0,0,6,__ockl_get_local_size|pointer|getelementptr|ptr|64|-1||0|0|6
2313,pointer,getelementptr,ptr,64,0,__ockl_get_local_size,,0,0,6,__ockl_get_local_size|pointer|getelementptr|ptr|64|0||0|0|6
2314,operand,getelementptr,int,64,1,__ockl_get_local_size,,0,0,6,__ockl_get_local_size|operand|getelementptr|int|64|1||0|0|6
2315,base,load,int,32,-1,__ockl_get_local_size,,0,0,6,__ockl_get_local_size|base|load|int|32|-1||0|0|6
2316,pointer,load,ptr,64,0,__ockl_get_local_size,,0,0,9,__ockl_get_local_size|pointer|load|ptr|64|0||0|0|9
2317,base,icmp,int,1,-1,__ockl_get_local_size,,0,0,4,__ockl_get_local_size|base|icmp|int|1|-1||0|0|4
2318,operand,icmp,int,32,0,__ockl_get_local_size,,0,0,4,__ockl_get_local_size|operand|icmp|int|32|0||0|0|4
2319,operand,icmp,int,32,1,__ockl_get_local_size,,0,0,4,__ockl_get_local_size|operand|icmp|int|32|1||0|0|4
2320,base,select,int,64,-1,__ockl_get_local_size,,0,0,2,__ockl_get_local_size|base|select|int|64|-1||0|0|2
2321,operand,select,int,1,0,__ockl_get_local_size,,0,0,2,__ockl_get_local_size|operand|select|int|1|0||0|0|2
2322,operand,select,int,64,1,__ockl_get_local_size,,0,0,2,__ockl_get_local_size|operand|select|int|64|1||0|0|2
2323,operand,select,int,64,2,__ockl_get_local_size,,0,0,2,__ockl_get_local_size|operand|select|int|64|2||0|0|2
2324,pointer,getelementptr,ptr,64,-1,__ockl_get_local_size,,0,0,7,__ockl_get_local_size|pointer|getelementptr|ptr|64|-1||0|0|7
2325,pointer,getelementptr,ptr,64,0,__ockl_get_local_size,,0,0,7,__ockl_get_local_size|pointer|getelementptr|ptr|64|0||0|0|7
2326,operand,getelementptr,int,64,1,__ockl_get_local_size,,0,0,7,__ockl_get_local_size|operand|getelementptr|int|64|1||0|0|7
2327,base,load,int,16,-1,__ockl_get_local_size,,0,0,4,__ockl_get_local_size|base|load|int|16|-1||0|0|4
2328,pointer,load,ptr,64,0,__ockl_get_local_size,,0,0,10,__ockl_get_local_size|pointer|load|ptr|64|0||0|0|10
2329,base,zext,int,64,-1,__ockl_get_local_size,,0,0,4,__ockl_get_local_size|base|zext|int|64|-1||0|0|4
2330,operand,zext,int,16,0,__ockl_get_local_size,,0,0,4,__ockl_get_local_size|operand|zext|int|16|0||0|0|4
2331,base,load,int,32,-1,__ockl_get_local_size,,0,0,7,__ockl_get_local_size|base|load|int|32|-1||0|0|7
2332,pointer,load,ptr,64,0,__ockl_get_local_size,,0,0,11,__ockl_get_local_size|pointer|load|ptr|64|0||0|0|11
2333,base,icmp,int,1,-1,__ockl_get_local_size,,0,0,5,__ockl_get_local_size|base|icmp|int|1|-1||0|0|5
2334,operand,icmp,int,32,0,__ockl_get_local_size,,0,0,5,__ockl_get_local_size|operand|icmp|int|32|0||0|0|5
2335,operand,icmp,int,32,1,__ockl_get_local_size,,0,0,5,__ockl_get_local_size|operand|icmp|int|32|1||0|0|5
2336,operand,br,int,1,0,__ockl_get_local_size,,0,0,3,__ockl_get_local_size|operand|br|int|1|0||0|0|3
2337,pointer,call,ptr,64,-1,__ockl_get_local_size,,0,0,5,__ockl_get_local_size|pointer|call|ptr|64|-1||0|0|5
2338,pointer,call,ptr,64,0,__ockl_get_local_size,,0,0,9,__ockl_get_local_size|pointer|call|ptr|64|0||0|0|9
2339,base,call,int,32,-1,__ockl_get_local_size,,0,0,7,__ockl_get_local_size|base|call|int|32|-1||0|0|7
2340,pointer,call,ptr,64,0,__ockl_get_local_size,,0,0,10,__ockl_get_local_size|pointer|call|ptr|64|0||0|0|10
2341,pointer,getelementptr,ptr,64,-1,__ockl_get_local_size,,0,0,8,__ockl_get_local_size|pointer|getelementptr|ptr|64|-1||0|0|8
2342,pointer,getelementptr,ptr,64,0,__ockl_get_local_size,,0,0,8,__ockl_get_local_size|pointer|getelementptr|ptr|64|0||0|0|8
2343,operand,getelementptr,int,64,1,__ockl_get_local_size,,0,0,8,__ockl_get_local_size|operand|getelementptr|int|64|1||0|0|8
2344,base,load,int,16,-1,__ockl_get_local_size,,0,0,5,__ockl_get_local_size|base|load|int|16|-1||0|0|5
2345,pointer,load,ptr,64,0,__ockl_get_local_size,,0,0,12,__ockl_get_local_size|pointer|load|ptr|64|0||0|0|12
2346,base,zext,int,32,-1,__ockl_get_local_size,,0,0,3,__ockl_get_local_size|base|zext|int|32|-1||0|0|3
2347,operand,zext,int,16,0,__ockl_get_local_size,,0,0,5,__ockl_get_local_size|operand|zext|int|16|0||0|0|5
2348,pointer,getelementptr,ptr,64,-1,__ockl_get_local_size,,0,0,9,__ockl_get_local_size|pointer|getelementptr|ptr|64|-1||0|0|9
2349,pointer,getelementptr,ptr,64,0,__ockl_get_local_size,,0,0,9,__ockl_get_local_size|pointer|getelementptr|ptr|64|0||0|0|9
2350,operand,getelementptr,int,64,1,__ockl_get_local_size,,0,0,9,__ockl_get_local_size|operand|getelementptr|int|64|1||0|0|9
2351,base,load,int,32,-1,__ockl_get_local_size,,0,0,8,__ockl_get_local_size|base|load|int|32|-1||0|0|8
2352,pointer,load,ptr,64,0,__ockl_get_local_size,,0,0,13,__ockl_get_local_size|pointer|load|ptr|64|0||0|0|13
2353,base,mul,int,32,-1,__ockl_get_local_size,,0,0,3,__ockl_get_local_size|base|mul|int|32|-1||0|0|3
2354,operand,mul,int,32,0,__ockl_get_local_size,,0,0,3,__ockl_get_local_size|operand|mul|int|32|0||0|0|3
2355,operand,mul,int,32,1,__ockl_get_local_size,,0,0,3,__ockl_get_local_size|operand|mul|int|32|1||0|0|3
2356,base,sub,int,32,-1,__ockl_get_local_size,,0,0,3,__ockl_get_local_size|base|sub|int|32|-1||0|0|3
2357,operand,sub,int,32,0,__ockl_get_local_size,,0,0,3,__ockl_get_local_size|operand|sub|int|32|0||0|0|3
2358,operand,sub,int,32,1,__ockl_get_local_size,,0,0,3,__ockl_get_local_size|operand|sub|int|32|1||0|0|3
2359,base,call,int,32,-1,__ockl_get_local_size,,0,0,8,__ockl_get_local_size|base|call|int|32|-1||0|0|8
2360,operand,call,int,32,0,__ockl_get_local_size,,0,0,3,__ockl_get_local_size|operand|call|int|32|0||0|0|3
2361,operand,call,int,32,1,__ockl_get_local_size,,0,0,3,__ockl_get_local_size|operand|call|int|32|1||0|0|3
2362,pointer,call,ptr,64,2,__ockl_get_local_size,,0,0,3,__ockl_get_local_size|pointer|call|ptr|64|2||0|0|3
2363,base,zext,int,64,-1,__ockl_get_local_size,,0,0,5,__ockl_get_local_size|base|zext|int|64|-1||0|0|5
2364,operand,zext,int,32,0,__ockl_get_local_size,,0,0,3,__ockl_get_local_size|operand|zext|int|32|0||0|0|3
2365,base,call,int,32,-1,__ockl_get_local_size,,0,0,9,__ockl_get_local_size|base|call|int|32|-1||0|0|9
2366,pointer,call,ptr,64,0,__ockl_get_local_size,,0,0,11,__ockl_get_local_size|pointer|call|ptr|64|0||0|0|11
2367,pointer,call,ptr,64,-1,__ockl_get_local_size,,0,0,6,__ockl_get_local_size|pointer|call|ptr|64|-1||0|0|6
2368,pointer,call,ptr,64,0,__ockl_get_local_size,,0,0,12,__ockl_get_local_size|pointer|call|ptr|64|0||0|0|12
2369,pointer,getelementptr,ptr,64,-1,__ockl_get_local_size,,0,0,10,__ockl_get_local_size|pointer|getelementptr|ptr|64|-1||0|0|10
2370,pointer,getelementptr,ptr,64,0,__ockl_get_local_size,,0,0,10,__ockl_get_local_size|pointer|getelementptr|ptr|64|0||0|0|10
2371,operand,getelementptr,int,64,1,__ockl_get_local_size,,0,0,10,__ockl_get_local_size|operand|getelementptr|int|64|1||0|0|10
2372,base,load,int,32,-1,__ockl_get_local_size,,0,0,9,__ockl_get_local_size|base|load|int|32|-1||0|0|9
2373,pointer,load,ptr,64,0,__ockl_get_local_size,,0,0,14,__ockl_get_local_size|pointer|load|ptr|64|0||0|0|14
2374,base,icmp,int,1,-1,__ockl_get_local_size,,0,0,6,__ockl_get_local_size|base|icmp|int|1|-1||0|0|6
2375,operand,icmp,int,32,0,__ockl_get_local_size,,0,0,6,__ockl_get_local_size|operand|icmp|int|32|0||0|0|6
2376,operand,icmp,int,32,1,__ockl_get_local_size,,0,0,6,__ockl_get_local_size|operand|icmp|int|32|1||0|0|6
2377,base,select,int,64,-1,__ockl_get_local_size,,0,0,3,__ockl_get_local_size|base|select|int|64|-1||0|0|3
2378,operand,select,int,1,0,__ockl_get_local_size,,0,0,3,__ockl_get_local_size|operand|select|int|1|0||0|0|3
2379,operand,select,int,64,1,__ockl_get_local_size,,0,0,3,__ockl_get_local_size|operand|select|int|64|1||0|0|3
2380,operand,select,int,64,2,__ockl_get_local_size,,0,0,3,__ockl_get_local_size|operand|select|int|64|2||0|0|3
2381,pointer,getelementptr,ptr,64,-1,__ockl_get_local_size,,0,0,11,__ockl_get_local_size|pointer|getelementptr|ptr|64|-1||0|0|11
2382,pointer,getelementptr,ptr,64,0,__ockl_get_local_size,,0,0,11,__ockl_get_local_size|pointer|getelementptr|ptr|64|0||0|0|11
2383,operand,getelementptr,int,64,1,__ockl_get_local_size,,0,0,11,__ockl_get_local_size|operand|getelementptr|int|64|1||0|0|11
2384,base,load,int,16,-1,__ockl_get_local_size,,0,0,6,__ockl_get_local_size|base|load|int|16|-1||0|0|6
2385,pointer,load,ptr,64,0,__ockl_get_local_size,,0,0,15,__ockl_get_local_size|pointer|load|ptr|64|0||0|0|15
2386,base,zext,int,64,-1,__ockl_get_local_size,,0,0,6,__ockl_get_local_size|base|zext|int|64|-1||0|0|6
2387,operand,zext,int,16,0,__ockl_get_local_size,,0,0,6,__ockl_get_local_size|operand|zext|int|16|0||0|0|6
2388,base,phi,int,64,-1,__ockl_get_local_size,,0,0,1,__ockl_get_local_size|base|phi|int|64|-1||0|0|1
2389,operand,phi,int,64,0,__ockl_get_local_size,,0,0,1,__ockl_get_local_size|operand|phi|int|64|0||0|0|1
2390,operand,phi,int,64,1,__ockl_get_local_size,,0,0,1,__ockl_get_local_size|operand|phi|int|64|1||0|0|1
2391,operand,phi,int,64,2,__ockl_get_local_size,,0,0,1,__ockl_get_local_size|operand|phi|int|64|2||0|0|1
2392,operand,phi,int,64,3,__ockl_get_local_size,,0,0,1,__ockl_get_local_size|operand|phi|int|64|3||0|0|1
2393,operand,phi,int,64,4,__ockl_get_local_size,,0,0,1,__ockl_get_local_size|operand|phi|int|64|4||0|0|1
2394,operand,phi,int,64,5,__ockl_get_local_size,,0,0,1,__ockl_get_local_size|operand|phi|int|64|5||0|0|1
2395,operand,phi,int,64,6,__ockl_get_local_size,,0,0,1,__ockl_get_local_size|operand|phi|int|64|6||0|0|1
2396,operand,ret,int,64,0,__ockl_get_local_size,,0,0,1,__ockl_get_local_size|operand|ret|int|64|0||0|0|1
2397,operand,switch,int,32,0,__ockl_get_group_id,,0,0,1,__ockl_get_group_id|operand|switch|int|32|0||0|0|1
2398,operand,switch,int,32,2,__ockl_get_group_id,,0,0,1,__ockl_get_group_id|operand|switch|int|32|2||0|0|1
2399,operand,switch,int,32,4,__ockl_get_group_id,,0,0,1,__ockl_get_group_id|operand|switch|int|32|4||0|0|1
2400,operand,switch,int,32,6,__ockl_get_group_id,,0,0,1,__ockl_get_group_id|operand|switch|int|32|6||0|0|1
2401,base,call,int,32,-1,__ockl_get_group_id,,0,0,1,__ockl_get_group_id|base|call|int|32|-1||0|0|1
2402,pointer,call,ptr,64,0,__ockl_get_group_id,,0,0,1,__ockl_get_group_id|pointer|call|ptr|64|0||0|0|1
2403,base,call,int,32,-1,__ockl_get_group_id,,0,0,2,__ockl_get_group_id|base|call|int|32|-1||0|0|2
2404,pointer,call,ptr,64,0,__ockl_get_group_id,,0,0,2,__ockl_get_group_id|pointer|call|ptr|64|0||0|0|2
2405,base,call,int,32,-1,__ockl_get_group_id,,0,0,3,__ockl_get_group_id|base|call|int|32|-1||0|0|3
2406,pointer,call,ptr,64,0,__ockl_get_group_id,,0,0,3,__ockl_get_group_id|pointer|call|ptr|64|0||0|0|3
2407,base,phi,int,32,-1,__ockl_get_group_id,,0,0,1,__ockl_get_group_id|base|phi|int|32|-1||0|0|1
2408,operand,phi,int,32,0,__ockl_get_group_id,,0,0,1,__ockl_get_group_id|operand|phi|int|32|0||0|0|1
2409,operand,phi,int,32,1,__ockl_get_group_id,,0,0,1,__ockl_get_group_id|operand|phi|int|32|1||0|0|1
2410,operand,phi,int,32,2,__ockl_get_group_id,,0,0,1,__ockl_get_group_id|operand|phi|int|32|2||0|0|1
2411,operand,phi,int,32,3,__ockl_get_group_id,,0,0,1,__ockl_get_group_id|operand|phi|int|32|3||0|0|1
2412,base,zext,int,64,-1,__ockl_get_group_id,,0,0,1,__ockl_get_group_id|base|zext|int|64|-1||0|0|1
2413,operand,zext,int,32,0,__ockl_get_group_id,,0,0,1,__ockl_get_group_id|operand|zext|int|32|0||0|0|1
2414,operand,ret,int,64,0,__ockl_get_group_id,,0,0,1,__ockl_get_group_id|operand|ret|int|64|0||0|0|1
